#ifndef _BackgroundTotoroHome_H_
#define _BackgroundTotoroHome_H_

// Generated by tools/png_to_header.py

#define BackgroundTotoroHome_WIDTH 240
#define BackgroundTotoroHome_HEIGHT 320
const uint16_t BackgroundTotoroHomeBitmap[] PROGMEM={
0x3A45, 0x3A45, 0x3A45, 0x3A45, 0x3A45, 0x3A45, 0x3A45, 0x3A45, 0x3A45, 0x3A45, 0x3A45, 0x3A45, 0x3A45, 0x3A45, 0x3A45, 0x3A45,
0x3A45, 0x3A45, 0x3A45, 0x3A45, 0x3A45, 0x3A45, 0x3A45, 0x3A45, 0x3A45, 0x3A45, 0x3A45, 0x3A45, 0x3A45, 0x3A45, 0x3A45, 0x3A45,
0x3A45, 0x3A45, 0x3A45, 0x3A45, 0x3A45, 0x3A45, 0x3A45, 0x3A45, 0x3A45, 0x3A45, 0x3A45, 0x3A45, 0x3A45, 0x3A45, 0x3A45, 0x3A45,
0x3A45, 0x3A45, 0x3A45, 0x3A45, 0x3A45, 0x3A45, 0x3A45, 0x3A45, 0x3A45, 0x3A45, 0x3A45, 0x3A45, 0x3A45, 0x3A45, 0x3A45, 0x3A45,
0x3A45, 0x3A45, 0x3A45, 0x3A45, 0x3A45, 0x3A45, 0x3A45, 0x3A45, 0x3A45, 0x3A45, 0x3A45, 0x3A45, 0x3A45, 0x3A45, 0x3A45, 0x3A45,
0x3A45, 0x3A45, 0x3A45, 0x3A45, 0x3A45, 0x3A45, 0x3A45, 0x3A45, 0x3A45, 0x3A45, 0x3A45, 0x3A45, 0x3A45, 0x3A45, 0x3A45, 0x3A45,
0x3A45, 0x3A45, 0x3A45, 0x3A45, 0x3A45, 0x3A45, 0x3A45, 0x3A45, 0x3A45, 0x3A45, 0x3A45, 0x3A45, 0x3A45, 0x3A45, 0x3A45, 0x3A45,
0x3A45, 0x3A45, 0x3A45, 0x3A45, 0x3A45, 0x3A45, 0x3A45, 0x3A45, 0x3A45, 0x3A45, 0x3A45, 0x3A45, 0x3A45, 0x3A45, 0x3A45, 0x3A45,
0x3A45, 0x3A45, 0x3A45, 0x3A45, 0x3A45, 0x3A45, 0x3A45, 0x3A45, 0x3A45, 0x3A45, 0x3A45, 0x3A45, 0x3A45, 0x3A45, 0x3A45, 0x3A45,
0x3A45, 0x3A45, 0x3A45, 0x3A45, 0x3A45, 0x3A45, 0x3A45, 0x3A45, 0x3A45, 0x3A45, 0x3A45, 0x3A45, 0x3A45, 0x3A45, 0x3A45, 0x3A45,
0x3A45, 0x3A45, 0x3A45, 0x3A45, 0x3A45, 0x3A45, 0x3A45, 0x3A45, 0x3A45, 0x3A45, 0x3A45, 0x3A45, 0x3A45, 0x3A45, 0x3A45, 0x3A45,
0x3A45, 0x3A45, 0x3A45, 0x3A45, 0x3A45, 0x3A45, 0x3A45, 0x3A45, 0x3A45, 0x3A45, 0x3A45, 0x3A45, 0x3A45, 0x3A45, 0x3A45, 0x3A45,
0x3A45, 0x3A45, 0x3A45, 0x3A45, 0x3A45, 0x3A45, 0x3A45, 0x3A45, 0x3A45, 0x3A45, 0x3A45, 0x3A45, 0x3A45, 0x3A45, 0x3A45, 0x3A45,
0x3A45, 0x3A45, 0x3A45, 0x3A45, 0x3A45, 0x3A45, 0x3A45, 0x3A45, 0x3A45, 0x3A45, 0x3A45, 0x3A45, 0x3A45, 0x3A45, 0x3A45, 0x3A45,
0x3A45, 0x3A45, 0x3A45, 0x3A45, 0x3A45, 0x3A45, 0x3A45, 0x3A45, 0x3A45, 0x3A45, 0x3A45, 0x3A45, 0x3A45, 0x3A45, 0x3A45, 0x3A45,
0x3A45, 0x3A45, 0x3A45, 0x3A45, 0x3A45, 0x3A45, 0x3A45, 0x3A45, 0x3A45, 0x3A45, 0x3A45, 0x3A45, 0x3A45, 0x3A45, 0x3A45, 0x3A45,
0x3A45, 0x3A45, 0x3A45, 0x3A45, 0x3A45, 0x3A45, 0x3A45, 0x3A45, 0x3A45, 0x3A45, 0x3A45, 0x3A45, 0x3A45, 0x3A45, 0x3A45, 0x3A45,
0x3A45, 0x3A45, 0x3A45, 0x3A45, 0x3A45, 0x3A45, 0x3A45, 0x3A45, 0x3A45, 0x3A45, 0x3A45, 0x3A45, 0x3A45, 0x3A45, 0x3A45, 0x3A45,
0x3A45, 0x3A45, 0x3A45, 0x3A45, 0x3A45, 0x3A45, 0x3A45, 0x3A45, 0x3A45, 0x3A45, 0x3A45, 0x3A45, 0x3A45, 0x3A45, 0x3A45, 0x3A45,
0x3A45, 0x3A45, 0x3A45, 0x3A45, 0x3A45, 0x3A45, 0x3A45, 0x3A45, 0x3A45, 0x3A45, 0x3A45, 0x3A45, 0x3A45, 0x3A45, 0x3A45, 0x3A45,
0x3A45, 0x3A45, 0x3A45, 0x3A45, 0x3A45, 0x3A45, 0x3A45, 0x3A45, 0x3A45, 0x3A45, 0x3A45, 0x3A45, 0x3A45, 0x3A45, 0x3A45, 0x3A45,
0x3A45, 0x3A45, 0x3A45, 0x3A45, 0x3A45, 0x3A45, 0x3A45, 0x3A45, 0x3A45, 0x3A45, 0x3A45, 0x3A45, 0x3A45, 0x3A45, 0x3A45, 0x3A45,
0x3A45, 0x3A45, 0x3A45, 0x3A45, 0x3A45, 0x3A45, 0x3A45, 0x3A45, 0x3A45, 0x3A45, 0x3A45, 0x3A45, 0x3A45, 0x3A45, 0x3A45, 0x3A45,
0x3A45, 0x3A45, 0x3A45, 0x3A45, 0x3A45, 0x3A45, 0x3A45, 0x3A45, 0x3A45, 0x3A45, 0x3A45, 0x3A45, 0x3A45, 0x3A45, 0x3A45, 0x3A45,
0x3A45, 0x3A45, 0x3A45, 0x3A45, 0x3A45, 0x3A45, 0x3A45, 0x3A45, 0x3A45, 0x3A45, 0x3A45, 0x3A45, 0x3A45, 0x3A45, 0x3A45, 0x3A45,
0x3A45, 0x3A45, 0x3A45, 0x3A45, 0x3A45, 0x3A45, 0x3A45, 0x3A45, 0x3A45, 0x3A45, 0x3A45, 0x3A45, 0x3A45, 0x3A45, 0x3A45, 0x3A45,
0x3A45, 0x3A45, 0x3A45, 0x3A45, 0x3A45, 0x3A45, 0x3A45, 0x3A45, 0x3A45, 0x3A45, 0x3A45, 0x3A45, 0x3A45, 0x3A45, 0x3A45, 0x3A45,
0x3A45, 0x3A45, 0x3A45, 0x3A45, 0x3A45, 0x3A45, 0x3A45, 0x3A45, 0x3A45, 0x3A45, 0x3A45, 0x3A45, 0x3A45, 0x3A45, 0x3A45, 0x3A45,
0x3A45, 0x3A45, 0x3A45, 0x3A45, 0x3A45, 0x3A45, 0x3A45, 0x3A45, 0x3A45, 0x3A45, 0x3A45, 0x3A45, 0x3A45, 0x3A45, 0x3A45, 0x3A45,
0x3A45, 0x3A45, 0x3A45, 0x3A45, 0x3A45, 0x3A45, 0x3A45, 0x3A45, 0x3A45, 0x3A45, 0x3A45, 0x3A45, 0x3A45, 0x3A45, 0x3A45, 0x3A45,
0x3A45, 0x3A45, 0x3A45, 0x3A45, 0x3A45, 0x3A45, 0x3A45, 0x3A45, 0x3A45, 0x3A45, 0x3A45, 0x3A45, 0x3A45, 0x3A45, 0x3A45, 0x3A45,
0x3A45, 0x3A45, 0x3A45, 0x3A45, 0x3A45, 0x3A45, 0x3A45, 0x3A45, 0x3A45, 0x3A45, 0x3A45, 0x3A45, 0x3A45, 0x3A45, 0x3A45, 0x3A45,
0x3A45, 0x3A45, 0x3A45, 0x3A45, 0x3A45, 0x3A45, 0x3A45, 0x3A45, 0x3A45, 0x3A45, 0x3A45, 0x3A45, 0x3A45, 0x3A45, 0x3A45, 0x3A45,
0x3A45, 0x3A45, 0x3A45, 0x3A45, 0x3A45, 0x3A45, 0x3A45, 0x3A45, 0x3A45, 0x3A45, 0x3A45, 0x3A45, 0x3A45, 0x3A45, 0x3A45, 0x3A45,
0x3A45, 0x3A45, 0x3A45, 0x3A45, 0x3A45, 0x3A45, 0x3A45, 0x3A45, 0x3A45, 0x3A45, 0x3A45, 0x3A45, 0x3A45, 0x3A45, 0x3A45, 0x3A45,
0x3A45, 0x3A45, 0x3A45, 0x3A45, 0x3A45, 0x3A45, 0x3A45, 0x3A45, 0x3A45, 0x3A45, 0x3A45, 0x3A45, 0x3A45, 0x3A45, 0x3A45, 0x3A45,
0x3A45, 0x3A45, 0x3A45, 0x3A45, 0x3A45, 0x3A45, 0x3A45, 0x3A45, 0x3A45, 0x3A45, 0x3A45, 0x3A45, 0x3A45, 0x3A45, 0x3A45, 0x3A45,
0x3A45, 0x3A45, 0x3A45, 0x3A45, 0x3A45, 0x3A45, 0x3A45, 0x3A45, 0x3A45, 0x3A45, 0x3A45, 0x3A45, 0x3A45, 0x3A45, 0x3A45, 0x3A45,
0x3A45, 0x3A45, 0x3A45, 0x3A45, 0x3A45, 0x3A45, 0x3A45, 0x3A45, 0x3A45, 0x3A45, 0x3A45, 0x3A45, 0x3A45, 0x3A45, 0x3A45, 0x3A45,
0x3A45, 0x3A45, 0x3A45, 0x3A45, 0x3A45, 0x3A45, 0x3A45, 0x3A45, 0x3A45, 0x3A45, 0x3A45, 0x3A45, 0x3A45, 0x3A45, 0x3A45, 0x3A45,
0x3A45, 0x3A45, 0x3A45, 0x3A45, 0x3A45, 0x3A45, 0x3A45, 0x3A45, 0x3A45, 0x3A45, 0x3A45, 0x3A45, 0x3A45, 0x3A45, 0x3A45, 0x3A45,
0x3A45, 0x3A45, 0x3A45, 0x3A45, 0x3A45, 0x3A45, 0x3A45, 0x3A45, 0x3A45, 0x3A45, 0x3A45, 0x3A45, 0x3A45, 0x3A45, 0x3A45, 0x3A45,
0x3A45, 0x3A45, 0x3A45, 0x3A45, 0x3A45, 0x3A45, 0x3A45, 0x3A45, 0x3A45, 0x3A45, 0x3A45, 0x3A45, 0x3A45, 0x3A45, 0x3A45, 0x3A45,
0x3A45, 0x3A45, 0x3A45, 0x3A45, 0x3A45, 0x3A45, 0x3A45, 0x3A45, 0x3A45, 0x3A45, 0x3A45, 0x3A45, 0x3A45, 0x3A45, 0x3A45, 0x3A45,
0x3A45, 0x3A45, 0x3A45, 0x3A45, 0x3A45, 0x3A45, 0x3A45, 0x3A45, 0x3A45, 0x3A45, 0x3A45, 0x3A45, 0x3A45, 0x3A45, 0x3A45, 0x3A45,
0x3A45, 0x3A45, 0x3A45, 0x3A45, 0x3A45, 0x3A45, 0x3A45, 0x3A45, 0x3A45, 0x3A45, 0x3A45, 0x3A45, 0x3A45, 0x3A45, 0x3A45, 0x3A45,
0x3A45, 0x3A45, 0x3A45, 0x3A45, 0x3A45, 0x3A45, 0x3A45, 0x3A45, 0x3A45, 0x3A45, 0x3A45, 0x3A45, 0x3A45, 0x3A45, 0x3A45, 0x3A45,
0x3A45, 0x3A45, 0x3A45, 0x3A45, 0x3A45, 0x3A45, 0x3A45, 0x3A45, 0x3A45, 0x3A45, 0x3A45, 0x3A45, 0x3A45, 0x3A45, 0x3A45, 0x3A45,
0x3A45, 0x3A45, 0x3A45, 0x3A45, 0x3A45, 0x3A45, 0x3A45, 0x3A45, 0x3A45, 0x3A45, 0x3A45, 0x3A45, 0x3A45, 0x3A45, 0x3A45, 0x3A45,
0x3A45, 0x3A45, 0x3A45, 0x3A45, 0x3A45, 0x3A45, 0x3A45, 0x3A45, 0x3A45, 0x3A45, 0x3A45, 0x3A45, 0x3A45, 0x3A45, 0x3A45, 0x3A45,
0x3A45, 0x3A45, 0x3A45, 0x3A45, 0x3A45, 0x3A45, 0x3A45, 0x3A45, 0x3A45, 0x3A45, 0x3A45, 0x3A45, 0x3A45, 0x3A45, 0x3A45, 0x3A45,
0x3A45, 0x3A45, 0x3A45, 0x3A45, 0x3A45, 0x3A45, 0x3A45, 0x3A45, 0x3A45, 0x3A45, 0x3A45, 0x3A45, 0x3A45, 0x3A45, 0x3A45, 0x3A45,
0x3A45, 0x3A45, 0x3A45, 0x3A45, 0x3A45, 0x3A45, 0x3A45, 0x3A45, 0x3A45, 0x3A45, 0x3A45, 0x3A45, 0x3A45, 0x3A45, 0x3A45, 0x3A45,
0x3A45, 0x3A45, 0x3A45, 0x3A45, 0x3A45, 0x3A45, 0x3A45, 0x3A45, 0x3A45, 0x3A45, 0x3A45, 0x3A45, 0x3A45, 0x3A45, 0x3A45, 0x3A45,
0x3A45, 0x3A45, 0x3A45, 0x3A45, 0x3A45, 0x3A45, 0x3A45, 0x3A45, 0x3A45, 0x3A45, 0x3A45, 0x3A45, 0x3A45, 0x3A45, 0x3A45, 0x3A45,
0x3A45, 0x3A45, 0x3A45, 0x3A45, 0x3A45, 0x3A45, 0x3A45, 0x3A45, 0x3A45, 0x3A45, 0x3A45, 0x3A45, 0x3A45, 0x3A45, 0x3A45, 0x3A45,
0x3A45, 0x3A45, 0x3A45, 0x3A45, 0x3A45, 0x3A45, 0x3A45, 0x3A45, 0x3A45, 0x3A45, 0x3A45, 0x3A45, 0x3A45, 0x3A45, 0x3A45, 0x3A45,
0x3A45, 0x3A45, 0x3A45, 0x3A45, 0x3A45, 0x3A45, 0x3A45, 0x3A45, 0x3A45, 0x3A45, 0x3A45, 0x3A45, 0x3A45, 0x3A45, 0x3A45, 0x3A45,
0x3A45, 0x3A45, 0x3A45, 0x3A45, 0x3A45, 0x3A45, 0x3A45, 0x3A45, 0x3A45, 0x3A45, 0x3A45, 0x3A45, 0x3A45, 0x3A45, 0x3A45, 0x3A45,
0x3A45, 0x3A45, 0x3A45, 0x3A45, 0x3A45, 0x3A45, 0x3A45, 0x3A45, 0x3A45, 0x3A45, 0x3A45, 0x3A45, 0x3A45, 0x3A45, 0x3A45, 0x3A45,
0x3A45, 0x3A45, 0x3A45, 0x3A45, 0x3A45, 0x3A45, 0x3A45, 0x3A45, 0x3A45, 0x3A45, 0x3A45, 0x3A45, 0x3A45, 0x3A45, 0x3A45, 0x3A45,
0x3A45, 0x3A45, 0x3A45, 0x3A45, 0x3A45, 0x3A45, 0x3A45, 0x3A45, 0x3A45, 0x3A45, 0x3A45, 0x3A45, 0x3A45, 0x3A45, 0x3A45, 0x3A45,
0x3A45, 0x3A45, 0x3A45, 0x3A45, 0x3A45, 0x3A45, 0x3A45, 0x3A45, 0x3A45, 0x3A45, 0x3A45, 0x3A45, 0x3A45, 0x3A45, 0x3A45, 0x3A45,
0x3A45, 0x3A45, 0x3A45, 0x3A45, 0x3A45, 0x3A45, 0x3A45, 0x3A45, 0x3A45, 0x3A45, 0x3A45, 0x3A45, 0x3A45, 0x3A45, 0x3A45, 0x3A45,
0x3A45, 0x3A45, 0x3A45, 0x3A45, 0x3A45, 0x3A45, 0x3A45, 0x3A45, 0x3A45, 0x3A45, 0x3A45, 0x3A45, 0x3A45, 0x3A45, 0x3A45, 0x3A45,
0x3A45, 0x3A45, 0x3A45, 0x3A45, 0x3A45, 0x3A45, 0x3A45, 0x3A45, 0x3A45, 0x3A45, 0x3A45, 0x3A45, 0x3A45, 0x3A45, 0x3A45, 0x3A45,
0x3A45, 0x3A45, 0x3A45, 0x3A45, 0x3A45, 0x3A45, 0x3A45, 0x3A45, 0x3A45, 0x3A45, 0x3A45, 0x3A45, 0x3A45, 0x3A45, 0x3A45, 0x3A45,
0x3A45, 0x3A45, 0x3A45, 0x3A45, 0x3A45, 0x3A45, 0x3A45, 0x3A45, 0x3A45, 0x3A45, 0x3A45, 0x3A45, 0x3A45, 0x3A45, 0x3A45, 0x3A45,
0x3A45, 0x3A45, 0x3A45, 0x3A45, 0x3A45, 0x3A45, 0x3A45, 0x3A45, 0x3A45, 0x3A45, 0x3A45, 0x3A45, 0x3A45, 0x3A45, 0x3A45, 0x3A45,
0x3A45, 0x3A45, 0x3A45, 0x3A45, 0x3A45, 0x3A45, 0x3A45, 0x3A45, 0x3A45, 0x3A45, 0x3A45, 0x3A45, 0x3A45, 0x3A45, 0x3A45, 0x3A45,
0x3A45, 0x3A45, 0x3A45, 0x3A45, 0x3A45, 0x3A45, 0x3A45, 0x3A45, 0x3A45, 0x3A45, 0x3A45, 0x3A45, 0x3A45, 0x3A45, 0x3A45, 0x3A45,
0x3A45, 0x3A45, 0x3A45, 0x3A45, 0x3A45, 0x3A45, 0x3A45, 0x3A45, 0x3A45, 0x3A45, 0x3A45, 0x3A45, 0x3A45, 0x3A45, 0x3A45, 0x3A45,
0x3A45, 0x3A45, 0x3A45, 0x3A45, 0x3A45, 0x3A45, 0x3A45, 0x3A45, 0x3A45, 0x3A45, 0x3A45, 0x3A45, 0x3A45, 0x3A45, 0x3A45, 0x3A45,
0x3A45, 0x3A45, 0x3A45, 0x3A45, 0x3A45, 0x3A45, 0x3A45, 0x3A45, 0x3A45, 0x3A45, 0x3A45, 0x3A45, 0x3A45, 0x3A45, 0x3A45, 0x3A45,
0x3A45, 0x3A45, 0x3A45, 0x3A45, 0x3A45, 0x3A45, 0x3A45, 0x3A45, 0x3A45, 0x3A45, 0x3A45, 0x3A45, 0x3A45, 0x3A45, 0x3A45, 0x3A45,
0x3A45, 0x3A45, 0x3A45, 0x3A45, 0x3A45, 0x3A45, 0x3A45, 0x3A45, 0x3A45, 0x3A45, 0x3A45, 0x3A45, 0x3A45, 0x3A45, 0x3A45, 0x3A45,
0x3A45, 0x3A45, 0x3A45, 0x3A45, 0x3A45, 0x3A45, 0x3A45, 0x3A45, 0x3A45, 0x3A45, 0x3A45, 0x3A45, 0x3A45, 0x3A45, 0x3A45, 0x3A45,
0x3A45, 0x3A45, 0x3A45, 0x3A45, 0x3A45, 0x3A45, 0x3A45, 0x3A45, 0x3A45, 0x3A45, 0x3A45, 0x3A45, 0x3A45, 0x3A45, 0x3A45, 0x3A45,
0x3A45, 0x3A45, 0x3A45, 0x3A45, 0x3A45, 0x3A45, 0x3A45, 0x3A45, 0x3A45, 0x3A45, 0x3A45, 0x3A45, 0x3A45, 0x3A45, 0x3A45, 0x3A45,
0x3A45, 0x3A45, 0x3A45, 0x3A45, 0x3A45, 0x3A45, 0x3A45, 0x3A45, 0x3A45, 0x3A45, 0x3A45, 0x3A45, 0x3A45, 0x3A45, 0x3A45, 0x3A45,
0x3A45, 0x3A45, 0x3A45, 0x3A45, 0x3A45, 0x3A45, 0x3A45, 0x3A45, 0x3A45, 0x3A45, 0x3A45, 0x3A45, 0x3A45, 0x3A45, 0x3A45, 0x3A45,
0x3A45, 0x3A45, 0x3A45, 0x3A45, 0x3A45, 0x3A45, 0x3A45, 0x3A45, 0x3A45, 0x3A45, 0x3A45, 0x3A45, 0x3A45, 0x3A45, 0x3A45, 0x3A45,
0x3A45, 0x3A45, 0x3A45, 0x3A45, 0x3A45, 0x3A45, 0x3A45, 0x3A45, 0x3A45, 0x3A45, 0x3A45, 0x3A45, 0x3A45, 0x3A45, 0x3A45, 0x3A45,
0x3A45, 0x3A45, 0x3A45, 0x3A45, 0x3A45, 0x3A45, 0x3A45, 0x3A45, 0x3A45, 0x3A45, 0x3A45, 0x3A45, 0x3A45, 0x3A45, 0x3A45, 0x3A45,
0x3A45, 0x3A45, 0x3A45, 0x3A45, 0x3A45, 0x3A45, 0x3A45, 0x3A45, 0x3A45, 0x3A45, 0x3A45, 0x3A45, 0x3A45, 0x3A45, 0x3A45, 0x3A45,
0x3A45, 0x3A45, 0x3A45, 0x3A45, 0x3A45, 0x3A45, 0x3A45, 0x3A45, 0x3A45, 0x3A45, 0x3A45, 0x3A45, 0x3A45, 0x3A45, 0x3A45, 0x3A45,
0x3A45, 0x3A45, 0x3A45, 0x3A45, 0x3A45, 0x3A45, 0x3A45, 0x3A45, 0x3A45, 0x3A45, 0x3A45, 0x3A45, 0x3A45, 0x3A45, 0x3A45, 0x3A45,
0x3A45, 0x3A45, 0x3A45, 0x3A45, 0x3A45, 0x3A45, 0x3A45, 0x3A45, 0x3A45, 0x3A45, 0x3A45, 0x3A45, 0x3A45, 0x3A45, 0x3A45, 0x3A45,
0x3A45, 0x3A45, 0x3A45, 0x3A45, 0x3A45, 0x3A45, 0x3A45, 0x3A45, 0x3A45, 0x3A45, 0x3A45, 0x3A45, 0x3A45, 0x3A45, 0x3A45, 0x3A45,
0x3A45, 0x3A45, 0x3A45, 0x3A45, 0x3A45, 0x3A45, 0x3A45, 0x3A45, 0x3A45, 0x3A45, 0x3A45, 0x3A45, 0x3A45, 0x3A45, 0x3A45, 0x3A45,
0x3A45, 0x3A45, 0x3A45, 0x3A45, 0x3A45, 0x3A45, 0x3A45, 0x3A45, 0x3A45, 0x3A45, 0x3A45, 0x3A45, 0x3A45, 0x3A45, 0x3A45, 0x3A45,
0x3A45, 0x3A45, 0x3A45, 0x3A45, 0x3A45, 0x3A45, 0x3A45, 0x3A45, 0x3A45, 0x3A45, 0x3A45, 0x3A45, 0x3A45, 0x3A45, 0x3A45, 0x3A45,
0x3A45, 0x3A45, 0x3A45, 0x3A45, 0x3A45, 0x3A45, 0x3A45, 0x3A45, 0x3A45, 0x3A45, 0x3A45, 0x3A45, 0x3A45, 0x3A45, 0x3A45, 0x3A45,
0x3A45, 0x3A45, 0x3A45, 0x3A45, 0x3A45, 0x3A45, 0x3A45, 0x3A45, 0x3A45, 0x3A45, 0x3A45, 0x3A45, 0x3A45, 0x3A45, 0x3A45, 0x3A45,
0x3A45, 0x3A45, 0x3A45, 0x3A45, 0x3A45, 0x3A45, 0x3A45, 0x3A45, 0x3A45, 0x3A45, 0x3A45, 0x3A45, 0x3A45, 0x3A45, 0x3A45, 0x3A45,
0x3A45, 0x3A45, 0x3A45, 0x3A45, 0x3A45, 0x3A45, 0x3A45, 0x3A45, 0x3A45, 0x3A45, 0x3A45, 0x3A45, 0x3A45, 0x3A45, 0x3A45, 0x3A45,
0x3A45, 0x3A45, 0x3A45, 0x3A45, 0x3A45, 0x3A45, 0x3A45, 0x3A45, 0x3A45, 0x3A45, 0x3A45, 0x3A45, 0x3A45, 0x3A45, 0x3A45, 0x3A45,
0x3A45, 0x3A45, 0x3A45, 0x3A45, 0x3A45, 0x3A45, 0x3A45, 0x3A45, 0x3A45, 0x3A45, 0x3A45, 0x3A45, 0x3A45, 0x3A45, 0x3A45, 0x3A45,
0x3A45, 0x3A45, 0x3A45, 0x3A45, 0x3A45, 0x3A45, 0x3A45, 0x3A45, 0x3A45, 0x3A45, 0x3A45, 0x3A45, 0x3A45, 0x3A45, 0x3A45, 0x3A45,
0x3A45, 0x3A45, 0x3A45, 0x3A45, 0x3A45, 0x3A45, 0x3A45, 0x3A45, 0x3A45, 0x3A45, 0x3A45, 0x3A45, 0x3A45, 0x3A45, 0x3A45, 0x3A45,
0x3A45, 0x3A45, 0x3A45, 0x3A45, 0x3A45, 0x3A45, 0x3A45, 0x3A45, 0x3A45, 0x3A45, 0x3A45, 0x3A45, 0x3A45, 0x3A45, 0x3A45, 0x3A45,
0x3A45, 0x3A45, 0x3A45, 0x3A45, 0x3A45, 0x3A45, 0x3A45, 0x3A45, 0x3A45, 0x3A45, 0x3A45, 0x3A45, 0x3A45, 0x3A45, 0x3A45, 0x3A45,
0x3A45, 0x3A45, 0x3A45, 0x3A45, 0x3A45, 0x3A45, 0x3A45, 0x3A45, 0x3A45, 0x3A45, 0x3A45, 0x3A45, 0x3A45, 0x3A45, 0x3A45, 0x3A45,
0x3A45, 0x3A45, 0x3A45, 0x3A45, 0x3A45, 0x3A45, 0x3A45, 0x3A45, 0x3A45, 0x3A45, 0x3A45, 0x3A45, 0x3A45, 0x3A45, 0x3A45, 0x3A45,
0x3A45, 0x3A45, 0x3A45, 0x3A45, 0x3A45, 0x3A45, 0x3A45, 0x3A45, 0x3A45, 0x3A45, 0x3A45, 0x3A45, 0x3A45, 0x3A45, 0x3A45, 0x3A45,
0x3A45, 0x3A45, 0x3A45, 0x3A45, 0x3A45, 0x3A45, 0x3A45, 0x3A45, 0x3A45, 0x3A45, 0x3A45, 0x3A45, 0x3A45, 0x3A45, 0x3A45, 0x3A45,
0x3A45, 0x3A45, 0x3A45, 0x3A45, 0x3A45, 0x3A45, 0x3A45, 0x3A45, 0x3A45, 0x3A45, 0x3A45, 0x3A45, 0x3A45, 0x3A45, 0x3A45, 0x3A45,
0x3A45, 0x3A45, 0x3A45, 0x3A45, 0x3A45, 0x3A45, 0x3A45, 0x3A45, 0x3A45, 0x3A45, 0x3A45, 0x3A45, 0x3A45, 0x3A45, 0x3A45, 0x3A45,
0x3A45, 0x3A45, 0x3A45, 0x3A45, 0x3A45, 0x3A45, 0x3A45, 0x3A45, 0x3A45, 0x3A45, 0x3A45, 0x3A45, 0x3A45, 0x3A45, 0x3A45, 0x3A45,
0x3A45, 0x3A45, 0x3A45, 0x3A45, 0x3A45, 0x3A45, 0x3A45, 0x3A45, 0x3A45, 0x3A45, 0x3A45, 0x3A45, 0x3A45, 0x3A45, 0x3A45, 0x3A45,
0x3A45, 0x3A45, 0x3A45, 0x3A45, 0x3A45, 0x3A45, 0x3A45, 0x3A45, 0x3A45, 0x3A45, 0x3A45, 0x3A45, 0x3A45, 0x3A45, 0x3A45, 0x3A45,
0x3A45, 0x3A45, 0x3A45, 0x3A45, 0x3A45, 0x3A45, 0x3A45, 0x3A45, 0x3A45, 0x3A45, 0x3A45, 0x3A45, 0x3A45, 0x3A45, 0x3A45, 0x3A45,
0x3A45, 0x3A45, 0x3A45, 0x3A45, 0x3A45, 0x3A45, 0x3A45, 0x3A45, 0x3A45, 0x3A45, 0x3A45, 0x3A45, 0x3A45, 0x3A45, 0x3A45, 0x3A45,
0x3A45, 0x3A45, 0x3A45, 0x3A45, 0x3A45, 0x3A45, 0x3A45, 0x3A45, 0x3A45, 0x3A45, 0x3A45, 0x3A45, 0x3A45, 0x3A45, 0x3A45, 0x3A45,
0x3A45, 0x3A45, 0x3A45, 0x3A45, 0x3A45, 0x3A45, 0x3A45, 0x3A45, 0x3A45, 0x3A45, 0x3A45, 0x3A45, 0x3A45, 0x3A45, 0x3A45, 0x3A45,
0x3A45, 0x3A45, 0x3A45, 0x3A45, 0x3A45, 0x3A45, 0x3A45, 0x3A45, 0x3A45, 0x3A45, 0x3A45, 0x3A45, 0x3A45, 0x3A45, 0x3A45, 0x3A45,
0x3A45, 0x3A45, 0x3A45, 0x3A45, 0x3A45, 0x3A45, 0x3A45, 0x3A45, 0x3A45, 0x3A45, 0x3A45, 0x3A45, 0x3A45, 0x3A45, 0x3A45, 0x3A45,
0x3A45, 0x3A45, 0x3A45, 0x3A45, 0x3A45, 0x3A45, 0x3A45, 0x3A45, 0x3A45, 0x3A45, 0x3A45, 0x3A45, 0x3A45, 0x3A45, 0x3A45, 0x3A45,
0x3A45, 0x3A45, 0x3A45, 0x3A45, 0x3A45, 0x3A45, 0x3A45, 0x3A45, 0x3A45, 0x3A45, 0x3A45, 0x3A45, 0x3A45, 0x3A45, 0x3A45, 0x3A45,
0x3A45, 0x3A45, 0x3A45, 0x3A45, 0x3A45, 0x3A45, 0x3A45, 0x3A45, 0x3A45, 0x3A45, 0x3A45, 0x3A45, 0x3A45, 0x3A45, 0x3A45, 0x3A45,
0x3A46, 0x3A46, 0x3A46, 0x3A46, 0x3A46, 0x3A46, 0x3A46, 0x3A46, 0x3A46, 0x3A46, 0x3A46, 0x3A46, 0x3A46, 0x3A46, 0x3A46, 0x3A46,
0x3A46, 0x3A46, 0x3A46, 0x3A46, 0x3A46, 0x3A46, 0x3A46, 0x3A46, 0x3A46, 0x3A46, 0x3A46, 0x3A46, 0x3A46, 0x3A46, 0x3A46, 0x3A46,
0x3A46, 0x3A46, 0x3A46, 0x3A46, 0x3A46, 0x3A46, 0x3A46, 0x3A46, 0x3A46, 0x3A46, 0x3A46, 0x3A46, 0x3A46, 0x3A46, 0x3A46, 0x3A46,
0x3A46, 0x3A46, 0x3A46, 0x3A46, 0x3A46, 0x3A46, 0x3A46, 0x3A46, 0x3A46, 0x3A46, 0x3A46, 0x3A46, 0x3A46, 0x3A46, 0x3A46, 0x3A46,
0x3A46, 0x3A46, 0x3A46, 0x3A46, 0x3A46, 0x3A46, 0x3A46, 0x3A46, 0x3A46, 0x3A46, 0x3A46, 0x3A46, 0x3A46, 0x3A46, 0x3A46, 0x3A46,
0x3A46, 0x3A46, 0x3A46, 0x3A46, 0x3A46, 0x3A46, 0x3A46, 0x3A46, 0x3A46, 0x3A46, 0x3A46, 0x3A46, 0x3A46, 0x3A46, 0x3A46, 0x3A46,
0x3A46, 0x3A46, 0x3A46, 0x3A46, 0x3A46, 0x3A46, 0x3A46, 0x3A46, 0x3A46, 0x3A46, 0x3A46, 0x3A46, 0x3A46, 0x3A46, 0x3A46, 0x3A46,
0x3A46, 0x3A46, 0x3A46, 0x3A46, 0x3A46, 0x3A46, 0x3A46, 0x3A46, 0x3A46, 0x3A46, 0x3A46, 0x3A46, 0x3A46, 0x3A46, 0x3A46, 0x3A46,
0x3A46, 0x3A46, 0x3A46, 0x3A46, 0x3A46, 0x3A46, 0x3A46, 0x3A46, 0x3A46, 0x3A46, 0x3A46, 0x3A46, 0x3A46, 0x3A46, 0x3A46, 0x3A46,
0x3A46, 0x3A46, 0x3A46, 0x3A46, 0x3A46, 0x3A46, 0x3A46, 0x3A46, 0x3A46, 0x3A46, 0x3A46, 0x3A46, 0x3A46, 0x3A46, 0x3A46, 0x3A46,
0x3A46, 0x3A46, 0x3A46, 0x3A46, 0x3A46, 0x3A46, 0x3A46, 0x3A46, 0x3A46, 0x3A46, 0x3A46, 0x3A46, 0x3A46, 0x3A46, 0x3A46, 0x3A46,
0x3A46, 0x3A46, 0x3A46, 0x3A46, 0x3A46, 0x3A46, 0x3A46, 0x3A46, 0x3A46, 0x3A46, 0x3A46, 0x3A46, 0x3A46, 0x3A46, 0x3A46, 0x3A46,
0x3A46, 0x3A46, 0x3A46, 0x3A46, 0x3A46, 0x3A46, 0x3A46, 0x3A46, 0x3A46, 0x3A46, 0x3A46, 0x3A46, 0x3A46, 0x3A46, 0x3A46, 0x3A46,
0x3A46, 0x3A46, 0x3A46, 0x3A46, 0x3A46, 0x3A46, 0x3A46, 0x3A46, 0x3A46, 0x3A46, 0x3A46, 0x3A46, 0x3A46, 0x3A46, 0x3A46, 0x3A46,
0x3A46, 0x3A46, 0x3A46, 0x3A46, 0x3A46, 0x3A46, 0x3A46, 0x3A46, 0x3A46, 0x3A46, 0x3A46, 0x3A46, 0x3A46, 0x3A46, 0x3A46, 0x3A46,
0x3A46, 0x3A46, 0x3A46, 0x3A46, 0x3A46, 0x3A46, 0x3A46, 0x3A46, 0x3A46, 0x3A46, 0x3A46, 0x3A46, 0x3A46, 0x3A46, 0x3A46, 0x3A46,
0x3A46, 0x3A46, 0x3A46, 0x3A46, 0x3A46, 0x3A46, 0x3A46, 0x3A46, 0x3A46, 0x3A46, 0x3A46, 0x3A46, 0x3A46, 0x3A46, 0x3A46, 0x3A46,
0x3A46, 0x3A46, 0x3A46, 0x3A46, 0x3A46, 0x3A46, 0x3A46, 0x3A46, 0x3A46, 0x3A46, 0x3A46, 0x3A46, 0x3A46, 0x3A46, 0x3A46, 0x3A46,
0x3A46, 0x3A46, 0x3A46, 0x3A46, 0x3A46, 0x3A46, 0x3A46, 0x3A46, 0x3A46, 0x3A46, 0x3A46, 0x3A46, 0x3A46, 0x3A46, 0x3A46, 0x3A46,
0x3A46, 0x3A46, 0x3A46, 0x3A46, 0x3A46, 0x3A46, 0x3A46, 0x3A46, 0x3A46, 0x3A46, 0x3A46, 0x3A46, 0x3A46, 0x3A46, 0x3A46, 0x3A46,
0x3A46, 0x3A46, 0x3A46, 0x3A46, 0x3A46, 0x3A46, 0x3A46, 0x3A46, 0x3A46, 0x3A46, 0x3A46, 0x3A46, 0x3A46, 0x3A46, 0x3A46, 0x3A46,
0x3A46, 0x3A46, 0x3A46, 0x3A46, 0x3A46, 0x3A46, 0x3A46, 0x3A46, 0x3A46, 0x3A46, 0x3A46, 0x3A46, 0x3A46, 0x3A46, 0x3A46, 0x3A46,
0x3A46, 0x3A46, 0x3A46, 0x3A46, 0x3A46, 0x3A46, 0x3A46, 0x3A46, 0x3A46, 0x3A46, 0x3A46, 0x3A46, 0x3A46, 0x3A46, 0x3A46, 0x3A46,
0x3A46, 0x3A46, 0x3A46, 0x3A46, 0x3A46, 0x3A46, 0x3A46, 0x3A46, 0x3A46, 0x3A46, 0x3A46, 0x3A46, 0x3A46, 0x3A46, 0x3A46, 0x3A46,
0x3A46, 0x3A46, 0x3A46, 0x3A46, 0x3A46, 0x3A46, 0x3A46, 0x3A46, 0x3A46, 0x3A46, 0x3A46, 0x3A46, 0x3A46, 0x3A46, 0x3A46, 0x3A46,
0x3A46, 0x3A46, 0x3A46, 0x3A46, 0x3A46, 0x3A46, 0x3A46, 0x3A46, 0x3A46, 0x3A46, 0x3A46, 0x3A46, 0x3A46, 0x3A46, 0x3A46, 0x3A46,
0x3A46, 0x3A46, 0x3A46, 0x3A46, 0x3A46, 0x3A46, 0x3A46, 0x3A46, 0x3A46, 0x3A46, 0x3A46, 0x3A46, 0x3A46, 0x3A46, 0x3A46, 0x3A46,
0x3A46, 0x3A46, 0x3A46, 0x3A46, 0x3A46, 0x3A46, 0x3A46, 0x3A46, 0x3A46, 0x3A46, 0x3A46, 0x3A46, 0x3A46, 0x3A46, 0x3A46, 0x3A46,
0x3A46, 0x3A46, 0x3A46, 0x3A46, 0x3A46, 0x3A46, 0x3A46, 0x3A46, 0x3A46, 0x3A46, 0x3A46, 0x3A46, 0x3A46, 0x3A46, 0x3A46, 0x3A46,
0x3A46, 0x3A46, 0x3A46, 0x3A46, 0x3A46, 0x3A46, 0x3A46, 0x3A46, 0x3A46, 0x3A46, 0x3A46, 0x3A46, 0x3A46, 0x3A46, 0x3A46, 0x3A46,
0x3A46, 0x3A46, 0x3A46, 0x3A46, 0x3A46, 0x3A46, 0x3A46, 0x3A46, 0x3A46, 0x3A46, 0x3A46, 0x3A46, 0x3A46, 0x3A46, 0x3A46, 0x3A46,
0x3A46, 0x3A46, 0x3A46, 0x3A46, 0x3A46, 0x3A46, 0x3A46, 0x3A46, 0x3A46, 0x3A46, 0x3A46, 0x3A46, 0x3A46, 0x3A46, 0x3A46, 0x3A46,
0x3A46, 0x3A46, 0x3A46, 0x3A46, 0x3A46, 0x3A46, 0x3A46, 0x3A46, 0x3A46, 0x3A46, 0x3A46, 0x3A46, 0x3A46, 0x3A46, 0x3A46, 0x3A46,
0x3A46, 0x3A46, 0x3A46, 0x3A46, 0x3A46, 0x3A46, 0x3A46, 0x3A46, 0x3A46, 0x3A46, 0x3A46, 0x3A46, 0x3A46, 0x3A46, 0x3A46, 0x3A46,
0x3A46, 0x3A46, 0x3A46, 0x3A46, 0x3A46, 0x3A46, 0x3A46, 0x3A46, 0x3A46, 0x3A46, 0x3A46, 0x3A46, 0x3A46, 0x3A46, 0x3A46, 0x3A46,
0x3A46, 0x3A46, 0x3A46, 0x3A46, 0x3A46, 0x3A46, 0x3A46, 0x3A46, 0x3A46, 0x3A46, 0x3A46, 0x3A46, 0x3A46, 0x3A46, 0x3A46, 0x3A46,
0x3A46, 0x3A46, 0x3A46, 0x3A46, 0x3A46, 0x3A46, 0x3A46, 0x3A46, 0x3A46, 0x3A46, 0x3A46, 0x3A46, 0x3A46, 0x3A46, 0x3A46, 0x3A46,
0x3A46, 0x3A46, 0x3A46, 0x3A46, 0x3A46, 0x3A46, 0x3A46, 0x3A46, 0x3A46, 0x3A46, 0x3A46, 0x3A46, 0x3A46, 0x3A46, 0x3A46, 0x3A46,
0x3A46, 0x3A46, 0x3A46, 0x3A46, 0x3A46, 0x3A46, 0x3A46, 0x3A46, 0x3A46, 0x3A46, 0x3A46, 0x3A46, 0x3A46, 0x3A46, 0x3A46, 0x3A46,
0x3A46, 0x3A46, 0x3A46, 0x3A46, 0x3A46, 0x3A46, 0x3A46, 0x3A46, 0x3A46, 0x3A46, 0x3A46, 0x3A46, 0x3A46, 0x3A46, 0x3A46, 0x3A46,
0x3A46, 0x3A46, 0x3A46, 0x3A46, 0x3A46, 0x3A46, 0x3A46, 0x3A46, 0x3A46, 0x3A46, 0x3A46, 0x3A46, 0x3A46, 0x3A46, 0x3A46, 0x3A46,
0x3A46, 0x3A46, 0x3A46, 0x3A46, 0x3A46, 0x3A46, 0x3A46, 0x3A46, 0x3A46, 0x3A46, 0x3A46, 0x3A46, 0x3A46, 0x3A46, 0x3A46, 0x3A46,
0x3A46, 0x3A46, 0x3A46, 0x3A46, 0x3A46, 0x3A46, 0x3A46, 0x3A46, 0x3A46, 0x3A46, 0x3A46, 0x3A46, 0x3A46, 0x3A46, 0x3A46, 0x3A46,
0x3A46, 0x3A46, 0x3A46, 0x3A46, 0x3A46, 0x3A46, 0x3A46, 0x3A46, 0x3A46, 0x3A46, 0x3A46, 0x3A46, 0x3A46, 0x3A46, 0x3A46, 0x3A46,
0x3A46, 0x3A46, 0x3A46, 0x3A46, 0x3A46, 0x3A46, 0x3A46, 0x3A46, 0x3A46, 0x3A46, 0x3A46, 0x3A46, 0x3A46, 0x3A46, 0x3A46, 0x3A46,
0x3A46, 0x3A46, 0x3A46, 0x3A46, 0x3A46, 0x3A46, 0x3A46, 0x3A46, 0x3A46, 0x3A46, 0x3A46, 0x3A46, 0x3A46, 0x3A46, 0x3A46, 0x3A46,
0x3A46, 0x3A46, 0x3A46, 0x3A46, 0x3A46, 0x3A46, 0x3A46, 0x3A46, 0x3A46, 0x3A46, 0x3A46, 0x3A46, 0x3A46, 0x3A46, 0x3A46, 0x3A46,
0x3A46, 0x3A46, 0x3A46, 0x3A46, 0x3A46, 0x3A46, 0x3A46, 0x3A46, 0x3A46, 0x3A46, 0x3A46, 0x3A46, 0x3A46, 0x3A46, 0x3A46, 0x3A46,
0x3A46, 0x3A46, 0x3A46, 0x3A46, 0x3A46, 0x3A46, 0x3A46, 0x3A46, 0x3A46, 0x3A46, 0x3A46, 0x3A46, 0x3A46, 0x3A46, 0x3A46, 0x3A46,
0x3A46, 0x3A46, 0x3A46, 0x3A46, 0x3A46, 0x3A46, 0x3A46, 0x3A46, 0x3A46, 0x3A46, 0x3A46, 0x3A46, 0x3A46, 0x3A46, 0x3A46, 0x3A46,
0x3A46, 0x3A46, 0x3A46, 0x3A46, 0x3A46, 0x3A46, 0x3A46, 0x3A46, 0x3A46, 0x3A46, 0x3A46, 0x3A46, 0x3A46, 0x3A46, 0x3A46, 0x3A46,
0x3A46, 0x3A46, 0x3A46, 0x3A46, 0x3A46, 0x3A46, 0x3A46, 0x3A46, 0x3A46, 0x3A46, 0x3A46, 0x3A46, 0x3A46, 0x3A46, 0x3A46, 0x3A46,
0x3A46, 0x3A46, 0x3A46, 0x3A46, 0x3A46, 0x3A46, 0x3A46, 0x3A46, 0x3A46, 0x3A46, 0x3A46, 0x3A46, 0x3A46, 0x3A46, 0x3A46, 0x3A46,
0x3A46, 0x3A46, 0x3A46, 0x3A46, 0x3A46, 0x3A46, 0x3A46, 0x3A46, 0x3A46, 0x3A46, 0x3A46, 0x3A46, 0x3A46, 0x3A46, 0x3A46, 0x3A46,
0x3A46, 0x3A46, 0x3A46, 0x3A46, 0x3A46, 0x3A46, 0x3A46, 0x3A46, 0x3A46, 0x3A46, 0x3A46, 0x3A46, 0x3A46, 0x3A46, 0x3A46, 0x3A46,
0x3A46, 0x3A46, 0x3A46, 0x3A46, 0x3A46, 0x3A46, 0x3A46, 0x3A46, 0x3A46, 0x3A46, 0x3A46, 0x3A46, 0x3A46, 0x3A46, 0x3A46, 0x3A46,
0x3A46, 0x3A46, 0x3A46, 0x3A46, 0x3A46, 0x3A46, 0x3A46, 0x3A46, 0x3A46, 0x3A46, 0x3A46, 0x3A46, 0x3A46, 0x3A46, 0x3A46, 0x3A46,
0x3A46, 0x3A46, 0x3A46, 0x3A46, 0x3A46, 0x3A46, 0x3A46, 0x3A46, 0x3A46, 0x3A46, 0x3A46, 0x3A46, 0x3A46, 0x3A46, 0x3A46, 0x3A46,
0x3A46, 0x3A46, 0x3A46, 0x3A46, 0x3A46, 0x3A46, 0x3A46, 0x3A46, 0x3A46, 0x3A46, 0x3A46, 0x3A46, 0x3A46, 0x3A46, 0x3A46, 0x3A46,
0x3A46, 0x3A46, 0x3A46, 0x3A46, 0x3A46, 0x3A46, 0x3A46, 0x3A46, 0x3A46, 0x3A46, 0x3A46, 0x3A46, 0x3A46, 0x3A46, 0x3A46, 0x3A46,
0x3A46, 0x3A46, 0x3A46, 0x3A46, 0x3A46, 0x3A46, 0x3A46, 0x3A46, 0x3A46, 0x3A46, 0x3A46, 0x3A46, 0x3A46, 0x3A46, 0x3A46, 0x3A46,
0x3A46, 0x3A46, 0x3A46, 0x3A46, 0x3A46, 0x3A46, 0x3A46, 0x3A46, 0x3A46, 0x3A46, 0x3A46, 0x3A46, 0x3A46, 0x3A46, 0x3A46, 0x3A46,
0x3A46, 0x3A46, 0x3A46, 0x3A46, 0x3A46, 0x3A46, 0x3A46, 0x3A46, 0x3A46, 0x3A46, 0x3A46, 0x3A46, 0x3A46, 0x3A46, 0x3A46, 0x3A46,
0x3A46, 0x3A46, 0x3A46, 0x3A46, 0x3A46, 0x3A46, 0x3A46, 0x3A46, 0x3A46, 0x3A46, 0x3A46, 0x3A46, 0x3A46, 0x3A46, 0x3A46, 0x3A46,
0x3A46, 0x3A46, 0x3A46, 0x3A46, 0x3A46, 0x3A46, 0x3A46, 0x3A46, 0x3A46, 0x3A46, 0x3A46, 0x3A46, 0x3A46, 0x3A46, 0x3A46, 0x3A46,
0x3A46, 0x3A46, 0x3A46, 0x3A46, 0x3A46, 0x3A46, 0x3A46, 0x3A46, 0x3A46, 0x3A46, 0x3A46, 0x3A46, 0x3A46, 0x3A46, 0x3A46, 0x3A46,
0x3A46, 0x3A46, 0x3A46, 0x3A46, 0x3A46, 0x3A46, 0x3A46, 0x3A46, 0x3A46, 0x3A46, 0x3A46, 0x3A46, 0x3A46, 0x3A46, 0x3A46, 0x3A46,
0x3A46, 0x3A46, 0x3A46, 0x3A46, 0x3A46, 0x3A46, 0x3A46, 0x3A46, 0x3A46, 0x3A46, 0x3A46, 0x3A46, 0x3A46, 0x3A46, 0x3A46, 0x3A46,
0x3A46, 0x3A46, 0x3A46, 0x3A46, 0x3A46, 0x3A46, 0x3A46, 0x3A46, 0x3A46, 0x3A46, 0x3A46, 0x3A46, 0x3A46, 0x3A46, 0x3A46, 0x3A46,
0x3A46, 0x3A46, 0x3A46, 0x3A46, 0x3A46, 0x3A46, 0x3A46, 0x3A46, 0x3A46, 0x3A46, 0x3A46, 0x3A46, 0x3A46, 0x3A46, 0x3A46, 0x3A46,
0x3A46, 0x3A46, 0x3A46, 0x3A46, 0x3A46, 0x3A46, 0x3A46, 0x3A46, 0x3A46, 0x3A46, 0x3A46, 0x3A46, 0x3A46, 0x3A46, 0x3A46, 0x3A46,
0x3A46, 0x3A46, 0x3A46, 0x3A46, 0x3A46, 0x3A46, 0x3A46, 0x3A46, 0x3A46, 0x3A46, 0x3A46, 0x3A46, 0x3A46, 0x3A46, 0x3A46, 0x3A46,
0x3A46, 0x3A46, 0x3A46, 0x3A46, 0x3A46, 0x3A46, 0x3A46, 0x3A46, 0x3A46, 0x3A46, 0x3A46, 0x3A46, 0x3A46, 0x3A46, 0x3A46, 0x3A46,
0x3A46, 0x3A46, 0x3A46, 0x3A46, 0x3A46, 0x3A46, 0x3A46, 0x3A46, 0x3A46, 0x3A46, 0x3A46, 0x3A46, 0x3A46, 0x3A46, 0x3A46, 0x3A46,
0x3A46, 0x3A46, 0x3A46, 0x3A46, 0x3A46, 0x3A46, 0x3A46, 0x3A46, 0x3A46, 0x3A46, 0x3A46, 0x3A46, 0x3A46, 0x3A46, 0x3A46, 0x3A46,
0x3A66, 0x3A66, 0x3A66, 0x3A66, 0x3A66, 0x3A66, 0x3A66, 0x3A66, 0x3A66, 0x3A66, 0x3A66, 0x3A66, 0x3A66, 0x3A66, 0x3A66, 0x3A66,
0x3A66, 0x3A66, 0x3A66, 0x3A66, 0x3A66, 0x3A66, 0x3A66, 0x3A66, 0x3A66, 0x3A66, 0x3A66, 0x3A66, 0x3A66, 0x3A66, 0x3A66, 0x3A66,
0x3A66, 0x3A66, 0x3A66, 0x3A66, 0x3A66, 0x3A66, 0x3A66, 0x3A66, 0x3A66, 0x3A66, 0x3A66, 0x3A66, 0x3A66, 0x3A66, 0x3A66, 0x3A66,
0x3A66, 0x3A66, 0x3A66, 0x3A66, 0x3A66, 0x3A66, 0x3A66, 0x3A66, 0x3A66, 0x3A66, 0x3A66, 0x3A66, 0x3A66, 0x3A66, 0x3A66, 0x3A66,
0x3A66, 0x3A66, 0x3A66, 0x3A66, 0x3A66, 0x3A66, 0x3A66, 0x3A66, 0x3A66, 0x3A66, 0x3A66, 0x3A66, 0x3A66, 0x3A66, 0x3A66, 0x3A66,
0x3A66, 0x3A66, 0x3A66, 0x3A66, 0x3A66, 0x3A66, 0x3A66, 0x3A66, 0x3A66, 0x3A66, 0x3A66, 0x3A66, 0x3A66, 0x3A66, 0x3A66, 0x3A66,
0x3A66, 0x3A66, 0x3A66, 0x3A66, 0x3A66, 0x3A66, 0x3A66, 0x3A66, 0x3A66, 0x3A66, 0x3A66, 0x3A66, 0x3A66, 0x3A66, 0x3A66, 0x3A66,
0x3A66, 0x3A66, 0x3A66, 0x3A66, 0x3A66, 0x3A66, 0x3A66, 0x3A66, 0x3A66, 0x3A66, 0x3A66, 0x3A66, 0x3A66, 0x3A66, 0x3A66, 0x3A66,
0x3A66, 0x3A66, 0x3A66, 0x3A66, 0x3A66, 0x3A66, 0x3A66, 0x3A66, 0x3A66, 0x3A66, 0x3A66, 0x3A66, 0x3A66, 0x3A66, 0x3A66, 0x3A66,
0x3A66, 0x3A66, 0x3A66, 0x3A66, 0x3A66, 0x3A66, 0x3A66, 0x3A66, 0x3A66, 0x3A66, 0x3A66, 0x3A66, 0x3A66, 0x3A66, 0x3A66, 0x3A66,
0x3A66, 0x3A66, 0x3A66, 0x3A66, 0x3A66, 0x3A66, 0x3A66, 0x3A66, 0x3A66, 0x3A66, 0x3A66, 0x3A66, 0x3A66, 0x3A66, 0x3A66, 0x3A66,
0x3A66, 0x3A66, 0x3A66, 0x3A66, 0x3A66, 0x3A66, 0x3A66, 0x3A66, 0x3A66, 0x3A66, 0x3A66, 0x3A66, 0x3A66, 0x3A66, 0x3A66, 0x3A66,
0x3A66, 0x3A66, 0x3A66, 0x3A66, 0x3A66, 0x3A66, 0x3A66, 0x3A66, 0x3A66, 0x3A66, 0x3A66, 0x3A66, 0x3A66, 0x3A66, 0x3A66, 0x3A66,
0x3A66, 0x3A66, 0x3A66, 0x3A66, 0x3A66, 0x3A66, 0x3A66, 0x3A66, 0x3A66, 0x3A66, 0x3A66, 0x3A66, 0x3A66, 0x3A66, 0x3A66, 0x3A66,
0x3A66, 0x3A66, 0x3A66, 0x3A66, 0x3A66, 0x3A66, 0x3A66, 0x3A66, 0x3A66, 0x3A66, 0x3A66, 0x3A66, 0x3A66, 0x3A66, 0x3A66, 0x3A66,
0x3A66, 0x3A66, 0x3A66, 0x3A66, 0x3A66, 0x3A66, 0x3A66, 0x3A66, 0x3A66, 0x3A66, 0x3A66, 0x3A66, 0x3A66, 0x3A66, 0x3A66, 0x3A66,
0x3A66, 0x3A66, 0x3A66, 0x3A66, 0x3A66, 0x3A66, 0x3A66, 0x3A66, 0x3A66, 0x3A66, 0x3A66, 0x3A66, 0x3A66, 0x3A66, 0x3A66, 0x3A66,
0x3A66, 0x3A66, 0x3A66, 0x3A66, 0x3A66, 0x3A66, 0x3A66, 0x3A66, 0x3A66, 0x3A66, 0x3A66, 0x3A66, 0x3A66, 0x3A66, 0x3A66, 0x3A66,
0x3A66, 0x3A66, 0x3A66, 0x3A66, 0x3A66, 0x3A66, 0x3A66, 0x3A66, 0x3A66, 0x3A66, 0x3A66, 0x3A66, 0x3A66, 0x3A66, 0x3A66, 0x3A66,
0x3A66, 0x3A66, 0x3A66, 0x3A66, 0x3A66, 0x3A66, 0x3A66, 0x3A66, 0x3A66, 0x3A66, 0x3A66, 0x3A66, 0x3A66, 0x3A66, 0x3A66, 0x3A66,
0x3A66, 0x3A66, 0x3A66, 0x3A66, 0x3A66, 0x3A66, 0x3A66, 0x3A66, 0x3A66, 0x3A66, 0x3A66, 0x3A66, 0x3A66, 0x3A66, 0x3A66, 0x3A66,
0x3A66, 0x3A66, 0x3A66, 0x3A66, 0x3A66, 0x3A66, 0x3A66, 0x3A66, 0x3A66, 0x3A66, 0x3A66, 0x3A66, 0x3A66, 0x3A66, 0x3A66, 0x3A66,
0x3A66, 0x3A66, 0x3A66, 0x3A66, 0x3A66, 0x3A66, 0x3A66, 0x3A66, 0x3A66, 0x3A66, 0x3A66, 0x3A66, 0x3A66, 0x3A66, 0x3A66, 0x3A66,
0x3A66, 0x3A66, 0x3A66, 0x3A66, 0x3A66, 0x3A66, 0x3A66, 0x3A66, 0x3A66, 0x3A66, 0x3A66, 0x3A66, 0x3A66, 0x3A66, 0x3A66, 0x3A66,
0x3A66, 0x3A66, 0x3A66, 0x3A66, 0x3A66, 0x3A66, 0x3A66, 0x3A66, 0x3A66, 0x3A66, 0x3A66, 0x3A66, 0x3A66, 0x3A66, 0x3A66, 0x3A66,
0x3A66, 0x3A66, 0x3A66, 0x3A66, 0x3A66, 0x3A66, 0x3A66, 0x3A66, 0x3A66, 0x3A66, 0x3A66, 0x3A66, 0x3A66, 0x3A66, 0x3A66, 0x3A66,
0x3A66, 0x3A66, 0x3A66, 0x3A66, 0x3A66, 0x3A66, 0x3A66, 0x3A66, 0x3A66, 0x3A66, 0x3A66, 0x3A66, 0x3A66, 0x3A66, 0x3A66, 0x3A66,
0x3A66, 0x3A66, 0x3A66, 0x3A66, 0x3A66, 0x3A66, 0x3A66, 0x3A66, 0x3A66, 0x3A66, 0x3A66, 0x3A66, 0x3A66, 0x3A66, 0x3A66, 0x3A66,
0x3A66, 0x3A66, 0x3A66, 0x3A66, 0x3A66, 0x3A66, 0x3A66, 0x3A66, 0x3A66, 0x3A66, 0x3A66, 0x3A66, 0x3A66, 0x3A66, 0x3A66, 0x3A66,
0x3A66, 0x3A66, 0x3A66, 0x3A66, 0x3A66, 0x3A66, 0x3A66, 0x3A66, 0x3A66, 0x3A66, 0x3A66, 0x3A66, 0x3A66, 0x3A66, 0x3A66, 0x3A66,
0x3A66, 0x3A66, 0x3A66, 0x3A66, 0x3A66, 0x3A66, 0x3A66, 0x3A66, 0x3A66, 0x3A66, 0x3A66, 0x3A66, 0x3A66, 0x3A66, 0x3A66, 0x3A66,
0x3A66, 0x3A66, 0x3A66, 0x3A66, 0x3A66, 0x3A66, 0x3A66, 0x3A66, 0x3A66, 0x3A66, 0x3A66, 0x3A66, 0x3A66, 0x3A66, 0x3A66, 0x3A66,
0x3A66, 0x3A66, 0x3A66, 0x3A66, 0x3A66, 0x3A66, 0x3A66, 0x3A66, 0x3A66, 0x3A66, 0x3A66, 0x3A66, 0x3A66, 0x3A66, 0x3A66, 0x3A66,
0x3A66, 0x3A66, 0x3A66, 0x3A66, 0x3A66, 0x3A66, 0x3A66, 0x3A66, 0x3A66, 0x3A66, 0x3A66, 0x3A66, 0x3A66, 0x3A66, 0x3A66, 0x3A66,
0x3A66, 0x3A66, 0x3A66, 0x3A66, 0x3A66, 0x3A66, 0x3A66, 0x3A66, 0x3A66, 0x3A66, 0x3A66, 0x3A66, 0x3A66, 0x3A66, 0x3A66, 0x3A66,
0x3A66, 0x3A66, 0x3A66, 0x3A66, 0x3A66, 0x3A66, 0x3A66, 0x3A66, 0x3A66, 0x3A66, 0x3A66, 0x3A66, 0x3A66, 0x3A66, 0x3A66, 0x3A66,
0x3A66, 0x3A66, 0x3A66, 0x3A66, 0x3A66, 0x3A66, 0x3A66, 0x3A66, 0x3A66, 0x3A66, 0x3A66, 0x3A66, 0x3A66, 0x3A66, 0x3A66, 0x3A66,
0x3A66, 0x3A66, 0x3A66, 0x3A66, 0x3A66, 0x3A66, 0x3A66, 0x3A66, 0x3A66, 0x3A66, 0x3A66, 0x3A66, 0x3A66, 0x3A66, 0x3A66, 0x3A66,
0x3A66, 0x3A66, 0x3A66, 0x3A66, 0x3A66, 0x3A66, 0x3A66, 0x3A66, 0x3A66, 0x3A66, 0x3A66, 0x3A66, 0x3A66, 0x3A66, 0x3A66, 0x3A66,
0x3A66, 0x3A66, 0x3A66, 0x3A66, 0x3A66, 0x3A66, 0x3A66, 0x3A66, 0x3A66, 0x3A66, 0x3A66, 0x3A66, 0x3A66, 0x3A66, 0x3A66, 0x3A66,
0x3A66, 0x3A66, 0x3A66, 0x3A66, 0x3A66, 0x3A66, 0x3A66, 0x3A66, 0x3A66, 0x3A66, 0x3A66, 0x3A66, 0x3A66, 0x3A66, 0x3A66, 0x3A66,
0x3A66, 0x3A66, 0x3A66, 0x3A66, 0x3A66, 0x3A66, 0x3A66, 0x3A66, 0x3A66, 0x3A66, 0x3A66, 0x3A66, 0x3A66, 0x3A66, 0x3A66, 0x3A66,
0x3A66, 0x3A66, 0x3A66, 0x3A66, 0x3A66, 0x3A66, 0x3A66, 0x3A66, 0x3A66, 0x3A66, 0x3A66, 0x3A66, 0x3A66, 0x3A66, 0x3A66, 0x3A66,
0x3A66, 0x3A66, 0x3A66, 0x3A66, 0x3A66, 0x3A66, 0x3A66, 0x3A66, 0x3A66, 0x3A66, 0x3A66, 0x3A66, 0x3A66, 0x3A66, 0x3A66, 0x3A66,
0x3A66, 0x3A66, 0x3A66, 0x3A66, 0x3A66, 0x3A66, 0x3A66, 0x3A66, 0x3A66, 0x3A66, 0x3A66, 0x3A66, 0x3A66, 0x3A66, 0x3A66, 0x3A66,
0x3A66, 0x3A66, 0x3A66, 0x3A66, 0x3A66, 0x3A66, 0x3A66, 0x3A66, 0x3A66, 0x3A66, 0x3A66, 0x3A66, 0x3A66, 0x3A66, 0x3A66, 0x3A66,
0x3A66, 0x3A66, 0x3A66, 0x3A66, 0x3A66, 0x3A66, 0x3A66, 0x3A66, 0x3A66, 0x3A66, 0x3A66, 0x3A66, 0x3A66, 0x3A66, 0x3A66, 0x3A66,
0x3A66, 0x3A66, 0x3A66, 0x3A66, 0x3A66, 0x3A66, 0x3A66, 0x3A66, 0x3A66, 0x3A66, 0x3A66, 0x3A66, 0x3A66, 0x3A66, 0x3A66, 0x3A66,
0x3A66, 0x3A66, 0x3A66, 0x3A66, 0x3A66, 0x3A66, 0x3A66, 0x3A66, 0x3A66, 0x3A66, 0x3A66, 0x3A66, 0x3A66, 0x3A66, 0x3A66, 0x3A66,
0x3A66, 0x3A66, 0x3A66, 0x3A66, 0x3A66, 0x3A66, 0x3A66, 0x3A66, 0x3A66, 0x3A66, 0x3A66, 0x3A66, 0x3A66, 0x3A66, 0x3A66, 0x3A66,
0x3A66, 0x3A66, 0x3A66, 0x3A66, 0x3A66, 0x3A66, 0x3A66, 0x3A66, 0x3A66, 0x3A66, 0x3A66, 0x3A66, 0x3A66, 0x3A66, 0x3A66, 0x3A66,
0x3A66, 0x3A66, 0x3A66, 0x3A66, 0x3A66, 0x3A66, 0x3A66, 0x3A66, 0x3A66, 0x3A66, 0x3A66, 0x3A66, 0x3A66, 0x3A66, 0x3A66, 0x3A66,
0x3A66, 0x3A66, 0x3A66, 0x3A66, 0x3A66, 0x3A66, 0x3A66, 0x3A66, 0x3A66, 0x3A66, 0x3A66, 0x3A66, 0x3A66, 0x3A66, 0x3A66, 0x3A66,
0x3A66, 0x3A66, 0x3A66, 0x3A66, 0x3A66, 0x3A66, 0x3A66, 0x3A66, 0x3A66, 0x3A66, 0x3A66, 0x3A66, 0x3A66, 0x3A66, 0x3A66, 0x3A66,
0x3A66, 0x3A66, 0x3A66, 0x3A66, 0x3A66, 0x3A66, 0x3A66, 0x3A66, 0x3A66, 0x3A66, 0x3A66, 0x3A66, 0x3A66, 0x3A66, 0x3A66, 0x3A66,
0x3A66, 0x3A66, 0x3A66, 0x3A66, 0x3A66, 0x3A66, 0x3A66, 0x3A66, 0x3A66, 0x3A66, 0x3A66, 0x3A66, 0x3A66, 0x3A66, 0x3A66, 0x3A66,
0x3A66, 0x3A66, 0x3A66, 0x3A66, 0x3A66, 0x3A66, 0x3A66, 0x3A66, 0x3A66, 0x3A66, 0x3A66, 0x3A66, 0x3A66, 0x3A66, 0x3A66, 0x3A66,
0x3A66, 0x3A66, 0x3A66, 0x3A66, 0x3A66, 0x3A66, 0x3A66, 0x3A66, 0x3A66, 0x3A66, 0x3A66, 0x3A66, 0x3A66, 0x3A66, 0x3A66, 0x3A66,
0x3A66, 0x3A66, 0x3A66, 0x3A66, 0x3A66, 0x3A66, 0x3A66, 0x3A66, 0x3A66, 0x3A66, 0x3A66, 0x3A66, 0x3A66, 0x3A66, 0x3A66, 0x3A66,
0x3A66, 0x3A66, 0x3A66, 0x3A66, 0x3A66, 0x3A66, 0x3A66, 0x3A66, 0x3A66, 0x3A66, 0x3A66, 0x3A66, 0x3A66, 0x3A66, 0x3A66, 0x3A66,
0x4266, 0x4266, 0x4266, 0x4266, 0x4266, 0x4266, 0x4266, 0x4266, 0x4266, 0x4266, 0x4266, 0x4266, 0x4266, 0x4266, 0x4266, 0x4266,
0x4266, 0x4266, 0x4266, 0x4266, 0x4266, 0x4266, 0x4266, 0x4266, 0x4266, 0x4266, 0x4266, 0x4266, 0x4266, 0x4266, 0x4266, 0x4266,
0x4266, 0x4266, 0x4266, 0x4266, 0x4266, 0x4266, 0x4266, 0x4266, 0x4266, 0x4266, 0x4266, 0x4266, 0x4266, 0x4266, 0x4266, 0x4266,
0x4266, 0x4266, 0x4266, 0x4266, 0x4266, 0x4266, 0x4266, 0x4266, 0x4266, 0x4266, 0x4266, 0x4266, 0x4266, 0x4266, 0x4266, 0x4266,
0x4266, 0x4266, 0x4266, 0x4266, 0x4266, 0x4266, 0x4266, 0x4266, 0x4266, 0x4266, 0x4266, 0x4266, 0x4266, 0x4266, 0x4266, 0x4266,
0x4266, 0x4266, 0x4266, 0x4266, 0x4266, 0x4266, 0x4266, 0x4266, 0x4266, 0x4266, 0x4266, 0x4266, 0x4266, 0x4266, 0x4266, 0x4266,
0x4266, 0x4266, 0x4266, 0x4266, 0x4266, 0x4266, 0x4266, 0x4266, 0x4266, 0x4266, 0x4266, 0x4266, 0x4266, 0x4266, 0x4266, 0x4266,
0x4266, 0x4266, 0x4266, 0x4266, 0x4266, 0x4266, 0x4266, 0x4266, 0x4266, 0x4266, 0x4266, 0x4266, 0x4266, 0x4266, 0x4266, 0x4266,
0x4266, 0x4266, 0x4266, 0x4266, 0x4266, 0x4266, 0x4266, 0x4266, 0x4266, 0x4266, 0x4266, 0x4266, 0x4266, 0x4266, 0x4266, 0x4266,
0x4266, 0x4266, 0x4266, 0x4266, 0x4266, 0x4266, 0x4266, 0x4266, 0x4266, 0x4266, 0x4266, 0x4266, 0x4266, 0x4266, 0x4266, 0x4266,
0x4266, 0x4266, 0x4266, 0x4266, 0x4266, 0x4266, 0x4266, 0x4266, 0x4266, 0x4266, 0x4266, 0x4266, 0x4266, 0x4266, 0x4266, 0x4266,
0x4266, 0x4266, 0x4266, 0x4266, 0x4266, 0x4266, 0x4266, 0x4266, 0x4266, 0x4266, 0x4266, 0x4266, 0x4266, 0x4266, 0x4266, 0x4266,
0x4266, 0x4266, 0x4266, 0x4266, 0x4266, 0x4266, 0x4266, 0x4266, 0x4266, 0x4266, 0x4266, 0x4266, 0x4266, 0x4266, 0x4266, 0x4266,
0x4266, 0x4266, 0x4266, 0x4266, 0x4266, 0x4266, 0x4266, 0x4266, 0x4266, 0x4266, 0x4266, 0x4266, 0x4266, 0x4266, 0x4266, 0x4266,
0x4266, 0x4266, 0x4266, 0x4266, 0x4266, 0x4266, 0x4266, 0x4266, 0x4266, 0x4266, 0x4266, 0x4266, 0x4266, 0x4266, 0x4266, 0x4266,
0x4266, 0x4266, 0x4266, 0x4266, 0x4266, 0x4266, 0x4266, 0x4266, 0x4266, 0x4266, 0x4266, 0x4266, 0x4266, 0x4266, 0x4266, 0x4266,
0x4266, 0x4266, 0x4266, 0x4266, 0x4266, 0x4266, 0x4266, 0x4266, 0x4266, 0x4266, 0x4266, 0x4266, 0x4266, 0x4266, 0x4266, 0x4266,
0x4266, 0x4266, 0x4266, 0x4266, 0x4266, 0x4266, 0x4266, 0x4266, 0x4266, 0x4266, 0x4266, 0x4266, 0x4266, 0x4266, 0x4266, 0x4266,
0x4266, 0x4266, 0x4266, 0x4266, 0x4266, 0x4266, 0x4266, 0x4266, 0x4266, 0x4266, 0x4266, 0x4266, 0x4266, 0x4266, 0x4266, 0x4266,
0x4266, 0x4266, 0x4266, 0x4266, 0x4266, 0x4266, 0x4266, 0x4266, 0x4266, 0x4266, 0x4266, 0x4266, 0x4266, 0x4266, 0x4266, 0x4266,
0x4266, 0x4266, 0x4266, 0x4266, 0x4266, 0x4266, 0x4266, 0x4266, 0x4266, 0x4266, 0x4266, 0x4266, 0x4266, 0x4266, 0x4266, 0x4266,
0x4266, 0x4266, 0x4266, 0x4266, 0x4266, 0x4266, 0x4266, 0x4266, 0x4266, 0x4266, 0x4266, 0x4266, 0x4266, 0x4266, 0x4266, 0x4266,
0x4266, 0x4266, 0x4266, 0x4266, 0x4266, 0x4266, 0x4266, 0x4266, 0x4266, 0x4266, 0x4266, 0x4266, 0x4266, 0x4266, 0x4266, 0x4266,
0x4266, 0x4266, 0x4266, 0x4266, 0x4266, 0x4266, 0x4266, 0x4266, 0x4266, 0x4266, 0x4266, 0x4266, 0x4266, 0x4266, 0x4266, 0x4266,
0x4266, 0x4266, 0x4266, 0x4266, 0x4266, 0x4266, 0x4266, 0x4266, 0x4266, 0x4266, 0x4266, 0x4266, 0x4266, 0x4266, 0x4266, 0x4266,
0x4266, 0x4266, 0x4266, 0x4266, 0x4266, 0x4266, 0x4266, 0x4266, 0x4266, 0x4266, 0x4266, 0x4266, 0x4266, 0x4266, 0x4266, 0x4266,
0x4266, 0x4266, 0x4266, 0x4266, 0x4266, 0x4266, 0x4266, 0x4266, 0x4266, 0x4266, 0x4266, 0x4266, 0x4266, 0x4266, 0x4266, 0x4266,
0x4266, 0x4266, 0x4266, 0x4266, 0x4266, 0x4266, 0x4266, 0x4266, 0x4266, 0x4266, 0x4266, 0x4266, 0x4266, 0x4266, 0x4266, 0x4266,
0x4266, 0x4266, 0x4266, 0x4266, 0x4266, 0x4266, 0x4266, 0x4266, 0x4266, 0x4266, 0x4266, 0x4266, 0x4266, 0x4266, 0x4266, 0x4266,
0x4266, 0x4266, 0x4266, 0x4266, 0x4266, 0x4266, 0x4266, 0x4266, 0x4266, 0x4266, 0x4266, 0x4266, 0x4266, 0x4266, 0x4266, 0x4266,
0x4266, 0x4266, 0x4266, 0x4266, 0x4266, 0x4266, 0x4266, 0x4266, 0x4266, 0x4266, 0x4266, 0x4266, 0x4266, 0x4266, 0x4266, 0x4266,
0x4266, 0x4266, 0x4266, 0x4266, 0x4266, 0x4266, 0x4266, 0x4266, 0x4266, 0x4266, 0x4266, 0x4266, 0x4266, 0x4266, 0x4266, 0x4266,
0x4266, 0x4266, 0x4266, 0x4266, 0x4266, 0x4266, 0x4266, 0x4266, 0x4266, 0x4266, 0x4266, 0x4266, 0x4266, 0x4266, 0x4266, 0x4266,
0x4266, 0x4266, 0x4266, 0x4266, 0x4266, 0x4266, 0x4266, 0x4266, 0x4266, 0x4266, 0x4266, 0x4266, 0x4266, 0x4266, 0x4266, 0x4266,
0x4266, 0x4266, 0x4266, 0x4266, 0x4266, 0x4266, 0x4266, 0x4266, 0x4266, 0x4266, 0x4266, 0x4266, 0x4266, 0x4266, 0x4266, 0x4266,
0x4266, 0x4266, 0x4266, 0x4266, 0x4266, 0x4266, 0x4266, 0x4266, 0x4266, 0x4266, 0x4266, 0x4266, 0x4266, 0x4266, 0x4266, 0x4266,
0x4266, 0x4266, 0x4266, 0x4266, 0x4266, 0x4266, 0x4266, 0x4266, 0x4266, 0x4266, 0x4266, 0x4266, 0x4266, 0x4266, 0x4266, 0x4266,
0x4266, 0x4266, 0x4266, 0x4266, 0x4266, 0x4266, 0x4266, 0x4266, 0x4266, 0x4266, 0x4266, 0x4266, 0x4266, 0x4266, 0x4266, 0x4266,
0x4266, 0x4266, 0x4266, 0x4266, 0x4266, 0x4266, 0x4266, 0x4266, 0x4266, 0x4266, 0x4266, 0x4266, 0x4266, 0x4266, 0x4266, 0x4266,
0x4266, 0x4266, 0x4266, 0x4266, 0x4266, 0x4266, 0x4266, 0x4266, 0x4266, 0x4266, 0x4266, 0x4266, 0x4266, 0x4266, 0x4266, 0x4266,
0x4266, 0x4266, 0x4266, 0x4266, 0x4266, 0x4266, 0x4266, 0x4266, 0x4266, 0x4266, 0x4266, 0x4266, 0x4266, 0x4266, 0x4266, 0x4266,
0x4266, 0x4266, 0x4266, 0x4266, 0x4266, 0x4266, 0x4266, 0x4266, 0x4266, 0x4266, 0x4266, 0x4266, 0x4266, 0x4266, 0x4266, 0x4266,
0x4266, 0x4266, 0x4266, 0x4266, 0x4266, 0x4266, 0x4266, 0x4266, 0x4266, 0x4266, 0x4266, 0x4266, 0x4266, 0x4266, 0x4266, 0x4266,
0x4266, 0x4266, 0x4266, 0x4266, 0x4266, 0x4266, 0x4266, 0x4266, 0x4266, 0x4266, 0x4266, 0x4266, 0x4266, 0x4266, 0x4266, 0x4266,
0x4266, 0x4266, 0x4266, 0x4266, 0x4266, 0x4266, 0x4266, 0x4266, 0x4266, 0x4266, 0x4266, 0x4266, 0x4266, 0x4266, 0x4266, 0x4266,
0x4266, 0x4266, 0x4266, 0x4266, 0x4266, 0x4266, 0x4266, 0x4266, 0x4266, 0x4266, 0x4266, 0x4266, 0x4266, 0x4266, 0x4266, 0x4266,
0x4266, 0x4266, 0x4266, 0x4266, 0x4266, 0x4266, 0x4266, 0x4266, 0x4266, 0x4266, 0x4266, 0x4266, 0x4266, 0x4266, 0x4266, 0x4266,
0x4266, 0x4266, 0x4266, 0x4266, 0x4266, 0x4266, 0x4266, 0x4266, 0x4266, 0x4266, 0x4266, 0x4266, 0x4266, 0x4266, 0x4266, 0x4266,
0x4266, 0x4266, 0x4266, 0x4266, 0x4266, 0x4266, 0x4266, 0x4266, 0x4266, 0x4266, 0x4266, 0x4266, 0x4266, 0x4266, 0x4266, 0x4266,
0x4266, 0x4266, 0x4266, 0x4266, 0x4266, 0x4266, 0x4266, 0x4266, 0x4266, 0x4266, 0x4266, 0x4266, 0x4266, 0x4266, 0x4266, 0x4266,
0x4266, 0x4266, 0x4266, 0x4266, 0x4266, 0x4266, 0x4266, 0x4266, 0x4266, 0x4266, 0x4266, 0x4266, 0x4266, 0x4266, 0x4266, 0x4266,
0x4266, 0x4266, 0x4266, 0x4266, 0x4266, 0x4266, 0x4266, 0x4266, 0x4266, 0x4266, 0x4266, 0x4266, 0x4266, 0x4266, 0x4266, 0x4266,
0x4266, 0x4266, 0x4266, 0x4266, 0x4266, 0x4266, 0x4266, 0x4266, 0x4266, 0x4266, 0x4266, 0x4266, 0x4266, 0x4266, 0x4266, 0x4266,
0x4266, 0x4266, 0x4266, 0x4266, 0x4266, 0x4266, 0x4266, 0x4266, 0x4266, 0x4266, 0x4266, 0x4266, 0x4266, 0x4266, 0x4266, 0x4266,
0x4266, 0x4266, 0x4266, 0x4266, 0x4266, 0x4266, 0x4266, 0x4266, 0x4266, 0x4266, 0x4266, 0x4266, 0x4266, 0x4266, 0x4266, 0x4266,
0x4266, 0x4266, 0x4266, 0x4266, 0x4266, 0x4266, 0x4266, 0x4266, 0x4266, 0x4266, 0x4266, 0x4266, 0x4266, 0x4266, 0x4266, 0x4266,
0x4266, 0x4266, 0x4266, 0x4266, 0x4266, 0x4266, 0x4266, 0x4266, 0x4266, 0x4266, 0x4266, 0x4266, 0x4266, 0x4266, 0x4266, 0x4266,
0x4266, 0x4266, 0x4266, 0x4266, 0x4266, 0x4266, 0x4266, 0x4266, 0x4266, 0x4266, 0x4266, 0x4266, 0x4266, 0x4266, 0x4266, 0x4266,
0x4266, 0x4266, 0x4266, 0x4266, 0x4266, 0x4266, 0x4266, 0x4266, 0x4266, 0x4266, 0x4266, 0x4266, 0x4266, 0x4266, 0x4266, 0x4266,
0x4266, 0x4266, 0x4266, 0x4266, 0x4266, 0x4266, 0x4266, 0x4266, 0x4266, 0x4266, 0x4266, 0x4266, 0x4266, 0x4266, 0x4266, 0x4266,
0x4266, 0x4266, 0x4266, 0x4266, 0x4266, 0x4266, 0x4266, 0x4266, 0x4266, 0x4266, 0x4266, 0x4266, 0x4266, 0x4266, 0x4266, 0x4266,
0x4266, 0x4266, 0x4266, 0x4266, 0x4266, 0x4266, 0x4266, 0x4266, 0x4266, 0x4266, 0x4266, 0x4266, 0x4266, 0x4266, 0x4266, 0x4266,
0x4266, 0x4266, 0x4266, 0x4266, 0x4266, 0x4266, 0x4266, 0x4266, 0x4266, 0x4266, 0x4266, 0x4266, 0x4266, 0x4266, 0x4266, 0x4266,
0x4266, 0x4266, 0x4266, 0x4266, 0x4266, 0x4266, 0x4266, 0x4266, 0x4266, 0x4266, 0x4266, 0x4266, 0x4266, 0x4266, 0x4266, 0x4266,
0x4266, 0x4266, 0x4266, 0x4266, 0x4266, 0x4266, 0x4266, 0x4266, 0x4266, 0x4266, 0x4266, 0x4266, 0x4266, 0x4266, 0x4266, 0x4266,
0x4266, 0x4266, 0x4266, 0x4266, 0x4266, 0x4266, 0x4266, 0x4266, 0x4266, 0x4266, 0x4266, 0x4266, 0x4266, 0x4266, 0x4266, 0x4266,
0x4266, 0x4266, 0x4266, 0x4266, 0x4266, 0x4266, 0x4266, 0x4266, 0x4266, 0x4266, 0x4266, 0x4266, 0x4266, 0x4266, 0x4266, 0x4266,
0x4266, 0x4266, 0x4266, 0x4266, 0x4266, 0x4266, 0x4266, 0x4266, 0x4266, 0x4266, 0x4266, 0x4266, 0x4266, 0x4266, 0x4266, 0x4266,
0x4266, 0x4266, 0x4266, 0x4266, 0x4266, 0x4266, 0x4266, 0x4266, 0x4266, 0x4266, 0x4266, 0x4266, 0x4266, 0x4266, 0x4266, 0x4266,
0x4266, 0x4266, 0x4266, 0x4266, 0x4266, 0x4266, 0x4266, 0x4266, 0x4266, 0x4266, 0x4266, 0x4266, 0x4266, 0x4266, 0x4266, 0x4266,
0x4266, 0x4266, 0x4266, 0x4266, 0x4266, 0x4266, 0x4266, 0x4266, 0x4266, 0x4266, 0x4266, 0x4266, 0x4266, 0x4266, 0x4266, 0x4266,
0x4266, 0x4266, 0x4266, 0x4266, 0x4266, 0x4266, 0x4266, 0x4266, 0x4266, 0x4266, 0x4266, 0x4266, 0x4266, 0x4266, 0x4266, 0x4266,
0x4266, 0x4266, 0x4266, 0x4266, 0x4266, 0x4266, 0x4266, 0x4266, 0x4266, 0x4266, 0x4266, 0x4266, 0x4266, 0x4266, 0x4266, 0x4266,
0x4266, 0x4266, 0x4266, 0x4266, 0x4266, 0x4266, 0x4266, 0x4266, 0x4266, 0x4266, 0x4266, 0x4266, 0x4266, 0x4266, 0x4266, 0x4266,
0x4266, 0x4266, 0x4266, 0x4266, 0x4266, 0x4266, 0x4266, 0x4266, 0x4266, 0x4266, 0x4266, 0x4266, 0x4266, 0x4266, 0x4266, 0x4266,
0x4266, 0x4266, 0x4266, 0x4266, 0x4266, 0x4266, 0x4266, 0x4266, 0x4266, 0x4266, 0x4266, 0x4266, 0x4266, 0x4266, 0x4266, 0x4266,
0x4266, 0x4266, 0x4266, 0x4266, 0x4266, 0x4266, 0x4266, 0x4266, 0x4266, 0x4266, 0x4266, 0x4266, 0x4266, 0x4266, 0x4266, 0x4266,
0x4266, 0x4266, 0x4266, 0x4266, 0x4266, 0x4266, 0x4266, 0x4266, 0x4266, 0x4266, 0x4266, 0x4266, 0x4266, 0x4266, 0x4266, 0x4266,
0x4266, 0x4266, 0x4266, 0x4266, 0x4266, 0x4266, 0x4266, 0x4266, 0x4266, 0x4266, 0x4266, 0x4266, 0x4266, 0x4266, 0x4266, 0x4266,
0x4266, 0x4266, 0x4266, 0x4266, 0x4266, 0x4266, 0x4266, 0x4266, 0x4266, 0x4266, 0x4266, 0x4266, 0x4266, 0x4266, 0x4266, 0x4266,
0x4266, 0x4266, 0x4266, 0x4266, 0x4266, 0x4266, 0x4266, 0x4266, 0x4266, 0x4266, 0x4266, 0x4266, 0x4266, 0x4266, 0x4266, 0x4266,
0x4266, 0x4266, 0x4266, 0x4266, 0x4266, 0x4266, 0x4266, 0x4266, 0x4266, 0x4266, 0x4266, 0x4266, 0x4266, 0x4266, 0x4266, 0x4266,
0x4266, 0x4266, 0x4266, 0x4266, 0x4266, 0x4266, 0x4266, 0x4266, 0x4266, 0x4266, 0x4266, 0x4266, 0x4266, 0x4266, 0x4266, 0x4266,
0x4266, 0x4266, 0x4266, 0x4266, 0x4266, 0x4266, 0x4266, 0x4266, 0x4266, 0x4266, 0x4266, 0x4266, 0x4266, 0x4266, 0x4266, 0x4266,
0x4266, 0x4266, 0x4266, 0x4266, 0x4266, 0x4266, 0x4266, 0x4266, 0x4266, 0x4266, 0x4266, 0x4266, 0x4266, 0x4266, 0x4266, 0x4266,
0x4266, 0x4266, 0x4266, 0x4266, 0x4266, 0x4266, 0x4266, 0x4266, 0x4266, 0x4266, 0x4266, 0x4266, 0x4266, 0x4266, 0x4266, 0x4266,
0x4266, 0x4266, 0x4266, 0x4266, 0x4266, 0x4266, 0x4266, 0x4266, 0x4266, 0x4266, 0x4266, 0x4266, 0x4266, 0x4266, 0x4266, 0x4266,
0x4266, 0x4266, 0x4266, 0x4266, 0x4266, 0x4266, 0x4266, 0x4266, 0x4266, 0x4266, 0x4266, 0x4266, 0x4266, 0x4266, 0x4266, 0x4266,
0x4266, 0x4266, 0x4266, 0x4266, 0x4266, 0x4266, 0x4266, 0x4266, 0x4266, 0x4266, 0x4266, 0x4266, 0x4266, 0x4266, 0x4266, 0x4266,
0x4266, 0x4266, 0x4266, 0x4266, 0x4266, 0x4266, 0x4266, 0x4266, 0x4266, 0x4266, 0x4266, 0x4266, 0x4266, 0x4266, 0x4266, 0x4266,
0x4266, 0x4266, 0x4266, 0x4266, 0x4266, 0x4266, 0x4266, 0x4266, 0x4266, 0x4266, 0x4266, 0x4266, 0x4266, 0x4266, 0x4266, 0x4266,
0x4266, 0x4266, 0x4266, 0x4266, 0x4266, 0x4266, 0x4266, 0x4266, 0x4266, 0x4266, 0x4266, 0x4266, 0x4266, 0x4266, 0x4266, 0x4266,
0x4266, 0x4266, 0x4266, 0x4266, 0x4266, 0x4266, 0x4266, 0x4266, 0x4266, 0x4266, 0x4266, 0x4266, 0x4266, 0x4266, 0x4266, 0x4266,
0x4266, 0x4266, 0x4266, 0x4266, 0x4266, 0x4266, 0x4266, 0x4266, 0x4266, 0x4266, 0x4266, 0x4266, 0x4266, 0x4266, 0x4266, 0x4266,
0x4266, 0x4266, 0x4266, 0x4266, 0x4266, 0x4266, 0x4266, 0x4266, 0x4266, 0x4266, 0x4266, 0x4266, 0x4266, 0x4266, 0x4266, 0x4266,
0x4266, 0x4266, 0x4266, 0x4266, 0x4266, 0x4266, 0x4266, 0x4266, 0x4266, 0x4266, 0x4266, 0x4266, 0x4266, 0x4266, 0x4266, 0x4266,
0x4266, 0x4266, 0x4266, 0x4266, 0x4266, 0x4266, 0x4266, 0x4266, 0x4266, 0x4266, 0x4266, 0x4266, 0x4266, 0x4266, 0x4266, 0x4266,
0x4266, 0x4266, 0x4266, 0x4266, 0x4266, 0x4266, 0x4266, 0x4266, 0x4266, 0x4266, 0x4266, 0x4266, 0x4266, 0x4266, 0x4266, 0x4266,
0x4266, 0x4266, 0x4266, 0x4266, 0x4266, 0x4266, 0x4266, 0x4266, 0x4266, 0x4266, 0x4266, 0x4266, 0x4266, 0x4266, 0x4266, 0x4266,
0x4266, 0x4266, 0x4266, 0x4266, 0x4266, 0x4266, 0x4266, 0x4266, 0x4266, 0x4266, 0x4266, 0x4266, 0x4266, 0x4266, 0x4266, 0x4266,
0x4266, 0x4266, 0x4266, 0x4266, 0x4266, 0x4266, 0x4266, 0x4266, 0x4266, 0x4266, 0x4266, 0x4266, 0x4266, 0x4266, 0x4266, 0x4266,
0x4266, 0x4266, 0x4266, 0x4266, 0x4266, 0x4266, 0x4266, 0x4266, 0x4266, 0x4266, 0x4266, 0x4266, 0x4266, 0x4266, 0x4266, 0x4266,
0x4266, 0x4266, 0x4266, 0x4266, 0x4266, 0x4266, 0x4266, 0x4266, 0x4266, 0x4266, 0x4266, 0x4266, 0x4266, 0x4266, 0x4266, 0x4266,
0x4266, 0x4266, 0x4266, 0x4266, 0x4266, 0x4266, 0x4266, 0x4266, 0x4266, 0x4266, 0x4266, 0x4266, 0x4266, 0x4266, 0x4266, 0x4266,
0x4266, 0x4266, 0x4266, 0x4266, 0x4266, 0x4266, 0x4266, 0x4266, 0x4266, 0x4266, 0x4266, 0x4266, 0x4266, 0x4266, 0x4266, 0x4266,
0x4266, 0x4266, 0x4266, 0x4266, 0x4266, 0x4266, 0x4266, 0x4266, 0x4266, 0x4266, 0x4266, 0x4266, 0x4266, 0x4266, 0x4266, 0x4266,
0x4266, 0x4266, 0x4266, 0x4266, 0x4266, 0x4266, 0x4266, 0x4266, 0x4266, 0x4266, 0x4266, 0x4266, 0x4266, 0x4266, 0x4266, 0x4266,
0x4266, 0x4266, 0x4266, 0x4266, 0x4266, 0x4266, 0x4266, 0x4266, 0x4266, 0x4266, 0x4266, 0x4266, 0x4266, 0x4266, 0x4266, 0x4266,
0x4266, 0x4266, 0x4266, 0x4266, 0x4266, 0x4266, 0x4266, 0x4266, 0x4266, 0x4266, 0x4266, 0x4266, 0x4266, 0x4266, 0x4266, 0x4266,
0x4266, 0x4266, 0x4266, 0x4266, 0x4266, 0x4266, 0x4266, 0x4266, 0x4266, 0x4266, 0x4266, 0x4266, 0x4266, 0x4266, 0x4266, 0x4266,
0x4266, 0x4266, 0x4266, 0x4266, 0x4266, 0x4266, 0x4266, 0x4266, 0x4266, 0x4266, 0x4266, 0x4266, 0x4266, 0x4266, 0x4266, 0x4266,
0x4266, 0x4266, 0x4266, 0x4266, 0x4266, 0x4266, 0x4266, 0x4266, 0x4266, 0x4266, 0x4266, 0x4266, 0x4266, 0x4266, 0x4266, 0x4266,
0x4266, 0x4266, 0x4266, 0x4266, 0x4266, 0x4266, 0x4266, 0x4266, 0x4266, 0x4266, 0x4266, 0x4266, 0x4266, 0x4266, 0x4266, 0x4266,
0x4266, 0x4266, 0x4266, 0x4266, 0x4266, 0x4266, 0x4266, 0x4266, 0x4266, 0x4266, 0x4266, 0x4266, 0x4266, 0x4266, 0x4266, 0x4266,
0x4266, 0x4266, 0x4266, 0x4266, 0x4266, 0x4266, 0x4266, 0x4266, 0x4266, 0x4266, 0x4266, 0x4266, 0x4266, 0x4266, 0x4266, 0x4266,
0x4266, 0x4266, 0x4266, 0x4266, 0x4266, 0x4266, 0x4266, 0x4266, 0x4266, 0x4266, 0x4266, 0x4266, 0x4266, 0x4266, 0x4266, 0x4266,
0x4266, 0x4266, 0x4266, 0x4266, 0x4266, 0x4266, 0x4266, 0x4266, 0x4266, 0x4266, 0x4266, 0x4266, 0x4266, 0x4266, 0x4266, 0x4266,
0x4266, 0x4266, 0x4266, 0x4266, 0x4266, 0x4266, 0x4266, 0x4266, 0x4266, 0x4266, 0x4266, 0x4266, 0x4266, 0x4266, 0x4266, 0x4266,
0x4266, 0x4266, 0x4266, 0x4266, 0x4266, 0x4266, 0x4266, 0x4266, 0x4266, 0x4266, 0x4266, 0x4266, 0x4266, 0x4266, 0x4266, 0x4266,
0x4266, 0x4266, 0x4266, 0x4266, 0x4266, 0x4266, 0x4266, 0x4266, 0x4266, 0x4266, 0x4266, 0x4266, 0x4266, 0x4266, 0x4266, 0x4266,
0x4286, 0x4286, 0x4286, 0x4286, 0x4286, 0x4286, 0x4286, 0x4286, 0x4286, 0x4286, 0x4286, 0x4286, 0x4286, 0x4286, 0x4286, 0x4286,
0x4286, 0x4286, 0x4286, 0x4286, 0x4286, 0x4286, 0x4286, 0x4286, 0x4286, 0x4286, 0x4286, 0x4286, 0x4286, 0x4286, 0x4286, 0x4286,
0x4286, 0x4286, 0x4286, 0x4286, 0x4286, 0x4286, 0x4286, 0x4286, 0x4286, 0x4286, 0x4286, 0x4286, 0x4286, 0x4286, 0x4286, 0x4286,
0x4286, 0x4286, 0x4286, 0x4286, 0x4286, 0x4286, 0x4286, 0x4286, 0x4286, 0x4286, 0x4286, 0x4286, 0x4286, 0x4286, 0x4286, 0x4286,
0x4286, 0x4286, 0x4286, 0x4286, 0x4286, 0x4286, 0x4286, 0x4286, 0x4286, 0x4286, 0x4286, 0x4286, 0x4286, 0x4286, 0x4286, 0x4286,
0x4286, 0x4286, 0x4286, 0x4286, 0x4286, 0x4286, 0x4286, 0x4286, 0x4286, 0x4286, 0x4286, 0x4286, 0x4286, 0x4286, 0x4286, 0x4286,
0x4286, 0x4286, 0x4286, 0x4286, 0x4286, 0x4286, 0x4286, 0x4286, 0x4286, 0x4286, 0x4286, 0x4286, 0x4286, 0x4286, 0x4286, 0x4286,
0x4286, 0x4286, 0x4286, 0x4286, 0x4286, 0x4286, 0x4286, 0x4286, 0x4286, 0x4286, 0x4286, 0x4286, 0x4286, 0x4286, 0x4286, 0x4286,
0x4286, 0x4286, 0x4286, 0x4286, 0x4286, 0x4286, 0x4286, 0x4286, 0x4286, 0x4286, 0x4286, 0x4286, 0x4286, 0x4286, 0x4286, 0x4286,
0x4286, 0x4286, 0x4286, 0x4286, 0x4286, 0x4286, 0x4286, 0x4286, 0x4286, 0x4286, 0x4286, 0x4286, 0x4286, 0x4286, 0x4286, 0x4286,
0x4286, 0x4286, 0x4286, 0x4286, 0x4286, 0x4286, 0x4286, 0x4286, 0x4286, 0x4286, 0x4286, 0x4286, 0x4286, 0x4286, 0x4286, 0x4286,
0x4286, 0x4286, 0x4286, 0x4286, 0x4286, 0x4286, 0x4286, 0x4286, 0x4286, 0x4286, 0x4286, 0x4286, 0x4286, 0x4286, 0x4286, 0x4286,
0x4286, 0x4286, 0x4286, 0x4286, 0x4286, 0x4286, 0x4286, 0x4286, 0x4286, 0x4286, 0x4286, 0x4286, 0x4286, 0x4286, 0x4286, 0x4286,
0x4286, 0x4286, 0x4286, 0x4286, 0x4286, 0x4286, 0x4286, 0x4286, 0x4286, 0x4286, 0x4286, 0x4286, 0x4286, 0x4286, 0x4286, 0x4286,
0x4286, 0x4286, 0x4286, 0x4286, 0x4286, 0x4286, 0x4286, 0x4286, 0x4286, 0x4286, 0x4286, 0x4286, 0x4286, 0x4286, 0x4286, 0x4286,
0x4286, 0x4286, 0x4286, 0x4286, 0x4286, 0x4286, 0x4286, 0x4286, 0x4286, 0x4286, 0x4286, 0x4286, 0x4286, 0x4286, 0x4286, 0x4286,
0x4286, 0x4286, 0x4286, 0x4286, 0x4286, 0x4286, 0x4286, 0x4286, 0x4286, 0x4286, 0x4286, 0x4286, 0x4286, 0x4286, 0x4286, 0x4286,
0x4286, 0x4286, 0x4286, 0x4286, 0x4286, 0x4286, 0x4286, 0x4286, 0x4286, 0x4286, 0x4286, 0x4286, 0x4286, 0x4286, 0x4286, 0x4286,
0x4286, 0x4286, 0x4286, 0x4286, 0x4286, 0x4286, 0x4286, 0x4286, 0x4286, 0x4286, 0x4286, 0x4286, 0x4286, 0x4286, 0x4286, 0x4286,
0x4286, 0x4286, 0x4286, 0x4286, 0x4286, 0x4286, 0x4286, 0x4286, 0x4286, 0x4286, 0x4286, 0x4286, 0x4286, 0x4286, 0x4286, 0x4286,
0x4286, 0x4286, 0x4286, 0x4286, 0x4286, 0x4286, 0x4286, 0x4286, 0x4286, 0x4286, 0x4286, 0x4286, 0x4286, 0x4286, 0x4286, 0x4286,
0x4286, 0x4286, 0x4286, 0x4286, 0x4286, 0x4286, 0x4286, 0x4286, 0x4286, 0x4286, 0x4286, 0x4286, 0x4286, 0x4286, 0x4286, 0x4286,
0x4286, 0x4286, 0x4286, 0x4286, 0x4286, 0x4286, 0x4286, 0x4286, 0x4286, 0x4286, 0x4286, 0x4286, 0x4286, 0x4286, 0x4286, 0x4286,
0x4286, 0x4286, 0x4286, 0x4286, 0x4286, 0x4286, 0x4286, 0x4286, 0x4286, 0x4286, 0x4286, 0x4286, 0x4286, 0x4286, 0x4286, 0x4286,
0x4286, 0x4286, 0x4286, 0x4286, 0x4286, 0x4286, 0x4286, 0x4286, 0x4286, 0x4286, 0x4286, 0x4286, 0x4286, 0x4286, 0x4286, 0x4286,
0x4286, 0x4286, 0x4286, 0x4286, 0x4286, 0x4286, 0x4286, 0x4286, 0x4286, 0x4286, 0x4286, 0x4286, 0x4286, 0x4286, 0x4286, 0x4286,
0x4286, 0x4286, 0x4286, 0x4286, 0x4286, 0x4286, 0x4286, 0x4286, 0x4286, 0x4286, 0x4286, 0x4286, 0x4286, 0x4286, 0x4286, 0x4286,
0x4286, 0x4286, 0x4286, 0x4286, 0x4286, 0x4286, 0x4286, 0x4286, 0x4286, 0x4286, 0x4286, 0x4286, 0x4286, 0x4286, 0x4286, 0x4286,
0x4286, 0x4286, 0x4286, 0x4286, 0x4286, 0x4286, 0x4286, 0x4286, 0x4286, 0x4286, 0x4286, 0x4286, 0x4286, 0x4286, 0x4286, 0x4286,
0x4286, 0x4286, 0x4286, 0x4286, 0x4286, 0x4286, 0x4286, 0x4286, 0x4286, 0x4286, 0x4286, 0x4286, 0x4286, 0x4286, 0x4286, 0x4286,
0x4286, 0x4286, 0x4286, 0x4286, 0x4286, 0x4286, 0x4286, 0x4286, 0x4286, 0x4286, 0x4286, 0x4286, 0x4286, 0x4286, 0x4286, 0x4286,
0x4286, 0x4286, 0x4286, 0x4286, 0x4286, 0x4286, 0x4286, 0x4286, 0x4286, 0x4286, 0x4286, 0x4286, 0x4286, 0x4286, 0x4286, 0x4286,
0x4286, 0x4286, 0x4286, 0x4286, 0x4286, 0x4286, 0x4286, 0x4286, 0x4286, 0x4286, 0x4286, 0x4286, 0x4286, 0x4286, 0x4286, 0x4286,
0x4286, 0x4286, 0x4286, 0x4286, 0x4286, 0x4286, 0x4286, 0x4286, 0x4286, 0x4286, 0x4286, 0x4286, 0x4286, 0x4286, 0x4286, 0x4286,
0x4286, 0x4286, 0x4286, 0x4286, 0x4286, 0x4286, 0x4286, 0x4286, 0x4286, 0x4286, 0x4286, 0x4286, 0x4286, 0x4286, 0x4286, 0x4286,
0x4286, 0x4286, 0x4286, 0x4286, 0x4286, 0x4286, 0x4286, 0x4286, 0x4286, 0x4286, 0x4286, 0x4286, 0x4286, 0x4286, 0x4286, 0x4286,
0x4286, 0x4286, 0x4286, 0x4286, 0x4286, 0x4286, 0x4286, 0x4286, 0x4286, 0x4286, 0x4286, 0x4286, 0x4286, 0x4286, 0x4286, 0x4286,
0x4286, 0x4286, 0x4286, 0x4286, 0x4286, 0x4286, 0x4286, 0x4286, 0x4286, 0x4286, 0x4286, 0x4286, 0x4286, 0x4286, 0x4286, 0x4286,
0x4286, 0x4286, 0x4286, 0x4286, 0x4286, 0x4286, 0x4286, 0x4286, 0x4286, 0x4286, 0x4286, 0x4286, 0x4286, 0x4286, 0x4286, 0x4286,
0x4286, 0x4286, 0x4286, 0x4286, 0x4286, 0x4286, 0x4286, 0x4286, 0x4286, 0x4286, 0x4286, 0x4286, 0x4286, 0x4286, 0x4286, 0x4286,
0x4286, 0x4286, 0x4286, 0x4286, 0x4286, 0x4286, 0x4286, 0x4286, 0x4286, 0x4286, 0x4286, 0x4286, 0x4286, 0x4286, 0x4286, 0x4286,
0x4286, 0x4286, 0x4286, 0x4286, 0x4286, 0x4286, 0x4286, 0x4286, 0x4286, 0x4286, 0x4286, 0x4286, 0x4286, 0x4286, 0x4286, 0x4286,
0x4286, 0x4286, 0x4286, 0x4286, 0x4286, 0x4286, 0x4286, 0x4286, 0x4286, 0x4286, 0x4286, 0x4286, 0x4286, 0x4286, 0x4286, 0x4286,
0x4286, 0x4286, 0x4286, 0x4286, 0x4286, 0x4286, 0x4286, 0x4286, 0x4286, 0x4286, 0x4286, 0x4286, 0x4286, 0x4286, 0x4286, 0x4286,
0x4286, 0x4286, 0x4286, 0x4286, 0x4286, 0x4286, 0x4286, 0x4286, 0x4286, 0x4286, 0x4286, 0x4286, 0x4286, 0x4286, 0x4286, 0x4286,
0x4286, 0x4286, 0x4286, 0x4286, 0x4286, 0x4286, 0x4286, 0x4286, 0x4286, 0x4286, 0x4286, 0x4286, 0x4286, 0x4286, 0x4286, 0x4286,
0x4286, 0x4286, 0x4286, 0x4286, 0x4286, 0x4286, 0x4286, 0x4286, 0x4286, 0x4286, 0x4286, 0x4286, 0x4286, 0x4286, 0x4286, 0x4286,
0x4286, 0x4286, 0x4286, 0x4286, 0x4286, 0x4286, 0x4286, 0x4286, 0x4286, 0x4286, 0x4286, 0x4286, 0x4286, 0x4286, 0x4286, 0x4286,
0x4286, 0x4286, 0x4286, 0x4286, 0x4286, 0x4286, 0x4286, 0x4286, 0x4286, 0x4286, 0x4286, 0x4286, 0x4286, 0x4286, 0x4286, 0x4286,
0x4286, 0x4286, 0x4286, 0x4286, 0x4286, 0x4286, 0x4286, 0x4286, 0x4286, 0x4286, 0x4286, 0x4286, 0x4286, 0x4286, 0x4286, 0x4286,
0x4286, 0x4286, 0x4286, 0x4286, 0x4286, 0x4286, 0x4286, 0x4286, 0x4286, 0x4286, 0x4286, 0x4286, 0x4286, 0x4286, 0x4286, 0x4286,
0x4286, 0x4286, 0x4286, 0x4286, 0x4286, 0x4286, 0x4286, 0x4286, 0x4286, 0x4286, 0x4286, 0x4286, 0x4286, 0x4286, 0x4286, 0x4286,
0x4286, 0x4286, 0x4286, 0x4286, 0x4286, 0x4286, 0x4286, 0x4286, 0x4286, 0x4286, 0x4286, 0x4286, 0x4286, 0x4286, 0x4286, 0x4286,
0x4286, 0x4286, 0x4286, 0x4286, 0x4286, 0x4286, 0x4286, 0x4286, 0x4286, 0x4286, 0x4286, 0x4286, 0x4286, 0x4286, 0x4286, 0x4286,
0x4286, 0x4286, 0x4286, 0x4286, 0x4286, 0x4286, 0x4286, 0x4286, 0x4286, 0x4286, 0x4286, 0x4286, 0x4286, 0x4286, 0x4286, 0x4286,
0x4286, 0x4286, 0x4286, 0x4286, 0x4286, 0x4286, 0x4286, 0x4286, 0x4286, 0x4286, 0x4286, 0x4286, 0x4286, 0x4286, 0x4286, 0x4286,
0x4286, 0x4286, 0x4286, 0x4286, 0x4286, 0x4286, 0x4286, 0x4286, 0x4286, 0x4286, 0x4286, 0x4286, 0x4286, 0x4286, 0x4286, 0x4286,
0x4286, 0x4286, 0x4286, 0x4286, 0x4286, 0x4286, 0x4286, 0x4286, 0x4286, 0x4286, 0x4286, 0x4286, 0x4286, 0x4286, 0x4286, 0x4286,
0x4286, 0x4286, 0x4286, 0x4286, 0x4286, 0x4286, 0x4286, 0x4286, 0x4286, 0x4286, 0x4286, 0x4286, 0x4286, 0x4286, 0x4286, 0x4286,
0x4286, 0x4286, 0x4286, 0x4286, 0x4286, 0x4286, 0x4286, 0x4286, 0x4286, 0x4286, 0x4286, 0x4286, 0x4286, 0x4286, 0x4286, 0x4286,
0x4286, 0x4286, 0x4286, 0x4286, 0x4286, 0x4286, 0x4286, 0x4286, 0x4286, 0x4286, 0x4286, 0x4286, 0x4286, 0x4286, 0x4286, 0x4286,
0x4286, 0x4286, 0x4286, 0x4286, 0x4286, 0x4286, 0x4286, 0x4286, 0x4286, 0x4286, 0x4286, 0x4286, 0x4286, 0x4286, 0x4286, 0x4286,
0x4286, 0x4286, 0x4286, 0x4286, 0x4286, 0x4286, 0x4286, 0x4286, 0x4286, 0x4286, 0x4286, 0x4286, 0x4286, 0x4286, 0x4286, 0x4286,
0x4286, 0x4286, 0x4286, 0x4286, 0x4286, 0x4286, 0x4286, 0x4286, 0x4286, 0x4286, 0x4286, 0x4286, 0x4286, 0x4286, 0x4286, 0x4286,
0x4286, 0x4286, 0x4286, 0x4286, 0x4286, 0x4286, 0x4286, 0x4286, 0x4286, 0x4286, 0x4286, 0x4286, 0x4286, 0x4286, 0x4286, 0x4286,
0x4286, 0x4286, 0x4286, 0x4286, 0x4286, 0x4286, 0x4286, 0x4286, 0x4286, 0x4286, 0x4286, 0x4286, 0x4286, 0x4286, 0x4286, 0x4286,
0x4286, 0x4286, 0x4286, 0x4286, 0x4286, 0x4286, 0x4286, 0x4286, 0x4286, 0x4286, 0x4286, 0x4286, 0x4286, 0x4286, 0x4286, 0x4286,
0x4286, 0x4286, 0x4286, 0x4286, 0x4286, 0x4286, 0x4286, 0x4286, 0x4286, 0x4286, 0x4286, 0x4286, 0x4286, 0x4286, 0x4286, 0x4286,
0x4286, 0x4286, 0x4286, 0x4286, 0x4286, 0x4286, 0x4286, 0x4286, 0x4286, 0x4286, 0x4286, 0x4286, 0x4286, 0x4286, 0x4286, 0x4286,
0x4286, 0x4286, 0x4286, 0x4286, 0x4286, 0x4286, 0x4286, 0x4286, 0x4286, 0x4286, 0x4286, 0x4286, 0x4286, 0x4286, 0x4286, 0x4286,
0x4286, 0x4286, 0x4286, 0x4286, 0x4286, 0x4286, 0x4286, 0x4286, 0x4286, 0x4286, 0x4286, 0x4286, 0x4286, 0x4286, 0x4286, 0x4286,
0x4286, 0x4286, 0x4286, 0x4286, 0x4286, 0x4286, 0x4286, 0x4286, 0x4286, 0x4286, 0x4286, 0x4286, 0x4286, 0x4286, 0x4286, 0x4286,
0x4286, 0x4286, 0x4286, 0x4286, 0x4286, 0x4286, 0x4286, 0x4286, 0x4286, 0x4286, 0x4286, 0x4286, 0x4286, 0x4286, 0x4286, 0x4286,
0x4286, 0x4286, 0x4286, 0x4286, 0x4286, 0x4286, 0x4286, 0x4286, 0x4286, 0x4286, 0x4286, 0x4286, 0x4286, 0x4286, 0x4286, 0x4286,
0x4286, 0x4286, 0x4286, 0x4286, 0x4286, 0x4286, 0x4286, 0x4286, 0x4286, 0x4286, 0x4286, 0x4286, 0x4286, 0x4286, 0x4286, 0x4286,
0x4286, 0x4286, 0x4286, 0x4286, 0x4286, 0x4286, 0x4286, 0x4286, 0x4286, 0x4286, 0x4286, 0x4286, 0x4286, 0x4286, 0x4286, 0x4286,
0x4286, 0x4286, 0x4286, 0x4286, 0x4286, 0x4286, 0x4286, 0x4286, 0x4286, 0x4286, 0x4286, 0x4286, 0x4286, 0x4286, 0x4286, 0x4286,
0x4286, 0x4286, 0x4286, 0x4286, 0x4286, 0x4286, 0x4286, 0x4286, 0x4286, 0x4286, 0x4286, 0x4286, 0x4286, 0x4286, 0x4286, 0x4286,
0x4286, 0x4286, 0x4286, 0x4286, 0x4286, 0x4286, 0x4286, 0x4286, 0x4286, 0x4286, 0x4286, 0x4286, 0x4286, 0x4286, 0x4286, 0x4286,
0x4286, 0x4286, 0x4286, 0x4286, 0x4286, 0x4286, 0x4286, 0x4286, 0x4286, 0x4286, 0x4286, 0x4286, 0x4286, 0x4286, 0x4286, 0x4286,
0x4286, 0x4286, 0x4286, 0x4286, 0x4286, 0x4286, 0x4286, 0x4286, 0x4286, 0x4286, 0x4286, 0x4286, 0x4286, 0x4286, 0x4286, 0x4286,
0x4286, 0x4286, 0x4286, 0x4286, 0x4286, 0x4286, 0x4286, 0x4286, 0x4286, 0x4286, 0x4286, 0x4286, 0x4286, 0x4286, 0x4286, 0x4286,
0x4286, 0x4286, 0x4286, 0x4286, 0x4286, 0x4286, 0x4286, 0x4286, 0x4286, 0x4286, 0x4286, 0x4286, 0x4286, 0x4286, 0x4286, 0x4286,
0x4286, 0x4286, 0x4286, 0x4286, 0x4286, 0x4286, 0x4286, 0x4286, 0x4286, 0x4286, 0x4286, 0x4286, 0x4286, 0x4286, 0x4286, 0x4286,
0x4286, 0x4286, 0x4286, 0x4286, 0x4286, 0x4286, 0x4286, 0x4286, 0x4286, 0x4286, 0x4286, 0x4286, 0x4286, 0x4286, 0x4286, 0x4286,
0x4286, 0x4286, 0x4286, 0x4286, 0x4286, 0x4286, 0x4286, 0x4286, 0x4286, 0x4286, 0x4286, 0x4286, 0x4286, 0x4286, 0x4286, 0x4286,
0x4286, 0x4286, 0x4286, 0x4286, 0x4286, 0x4286, 0x4286, 0x4286, 0x4286, 0x4286, 0x4286, 0x4286, 0x4286, 0x4286, 0x4286, 0x4286,
0x4286, 0x4286, 0x4286, 0x4286, 0x4286, 0x4286, 0x4286, 0x4286, 0x4286, 0x4286, 0x4286, 0x4286, 0x4286, 0x4286, 0x4286, 0x4286,
0x4286, 0x4286, 0x4286, 0x4286, 0x4286, 0x4286, 0x4286, 0x4286, 0x4286, 0x4286, 0x4286, 0x4286, 0x4286, 0x4286, 0x4286, 0x4286,
0x4286, 0x4286, 0x4286, 0x4286, 0x4286, 0x4286, 0x4286, 0x4286, 0x4286, 0x4286, 0x4286, 0x4286, 0x4286, 0x4286, 0x4286, 0x4286,
0x4286, 0x4286, 0x4286, 0x4286, 0x4286, 0x4286, 0x4286, 0x4286, 0x4286, 0x4286, 0x4286, 0x4286, 0x4286, 0x4286, 0x4286, 0x4286,
0x4286, 0x4286, 0x4286, 0x4286, 0x4286, 0x4286, 0x4286, 0x4286, 0x4286, 0x4286, 0x4286, 0x4286, 0x4286, 0x4286, 0x4286, 0x4286,
0x4286, 0x4286, 0x4286, 0x4286, 0x4286, 0x4286, 0x4286, 0x4286, 0x4286, 0x4286, 0x4286, 0x4286, 0x4286, 0x4286, 0x4286, 0x4286,
0x4286, 0x4286, 0x4286, 0x4286, 0x4286, 0x4286, 0x4286, 0x4286, 0x4286, 0x4286, 0x4286, 0x4286, 0x4286, 0x4286, 0x4286, 0x4286,
0x4286, 0x4286, 0x4286, 0x4286, 0x4286, 0x4286, 0x4286, 0x4286, 0x4286, 0x4286, 0x4286, 0x4286, 0x4286, 0x4286, 0x4286, 0x4286,
0x4286, 0x4286, 0x4286, 0x4286, 0x4286, 0x4286, 0x4286, 0x4286, 0x4286, 0x4286, 0x4286, 0x4286, 0x4286, 0x4286, 0x4286, 0x4286,
0x4286, 0x4286, 0x4286, 0x4286, 0x4286, 0x4286, 0x4286, 0x4286, 0x4286, 0x4286, 0x4286, 0x4286, 0x4286, 0x4286, 0x4286, 0x4286,
0x4286, 0x4286, 0x4286, 0x4286, 0x4286, 0x4286, 0x4286, 0x4286, 0x4286, 0x4286, 0x4286, 0x4286, 0x4286, 0x4286, 0x4286, 0x4286,
0x4286, 0x4286, 0x4286, 0x4286, 0x4286, 0x4286, 0x4286, 0x4286, 0x4286, 0x4286, 0x4286, 0x4286, 0x4286, 0x4286, 0x4286, 0x4286,
0x4286, 0x4286, 0x4286, 0x4286, 0x4286, 0x4286, 0x4286, 0x4286, 0x4286, 0x4286, 0x4286, 0x4286, 0x4286, 0x4286, 0x4286, 0x4286,
0x4286, 0x4286, 0x4286, 0x4286, 0x4286, 0x4286, 0x4286, 0x4286, 0x4286, 0x4286, 0x4286, 0x4286, 0x4286, 0x4286, 0x4286, 0x4286,
0x4286, 0x4286, 0x4286, 0x4286, 0x4286, 0x4286, 0x4286, 0x4286, 0x4286, 0x4286, 0x4286, 0x4286, 0x4286, 0x4286, 0x4286, 0x4286,
0x4286, 0x4286, 0x4286, 0x4286, 0x4286, 0x4286, 0x4286, 0x4286, 0x4286, 0x4286, 0x4286, 0x4286, 0x4286, 0x4286, 0x4286, 0x4286,
0x4286, 0x4286, 0x4286, 0x4286, 0x4286, 0x4286, 0x4286, 0x4286, 0x4286, 0x4286, 0x4286, 0x4286, 0x4286, 0x4286, 0x4286, 0x4286,
0x4286, 0x4286, 0x4286, 0x4286, 0x4286, 0x4286, 0x4286, 0x4286, 0x4286, 0x4286, 0x4286, 0x4286, 0x4286, 0x4286, 0x4286, 0x4286,
0x4286, 0x4286, 0x4286, 0x4286, 0x4286, 0x4286, 0x4286, 0x4286, 0x4286, 0x4286, 0x4286, 0x4286, 0x4286, 0x4286, 0x4286, 0x4286,
0x4286, 0x4286, 0x4286, 0x4286, 0x4286, 0x4286, 0x4286, 0x4286, 0x4286, 0x4286, 0x4286, 0x4286, 0x4286, 0x4286, 0x4286, 0x4286,
0x4286, 0x4286, 0x4286, 0x4286, 0x4286, 0x4286, 0x4286, 0x4286, 0x4286, 0x4286, 0x4286, 0x4286, 0x4286, 0x4286, 0x4286, 0x4286,
0x4286, 0x4286, 0x4286, 0x4286, 0x4286, 0x4286, 0x4286, 0x4286, 0x4286, 0x4286, 0x4286, 0x4286, 0x4286, 0x4286, 0x4286, 0x4286,
0x4286, 0x4286, 0x4286, 0x4286, 0x4286, 0x4286, 0x4286, 0x4286, 0x4286, 0x4286, 0x4286, 0x4286, 0x4286, 0x4286, 0x4286, 0x4286,
0x4286, 0x4286, 0x4286, 0x4286, 0x4286, 0x4286, 0x4286, 0x4286, 0x4286, 0x4286, 0x4286, 0x4286, 0x4286, 0x4286, 0x4286, 0x4286,
0x4286, 0x4286, 0x4286, 0x4286, 0x4286, 0x4286, 0x4286, 0x4286, 0x4286, 0x4286, 0x4286, 0x4286, 0x4286, 0x4286, 0x4286, 0x4286,
0x4286, 0x4286, 0x4286, 0x4286, 0x4286, 0x4286, 0x4286, 0x4286, 0x4286, 0x4286, 0x4286, 0x4286, 0x4286, 0x4286, 0x4286, 0x4286,
0x4286, 0x4286, 0x4286, 0x4286, 0x4286, 0x4286, 0x4286, 0x4286, 0x4286, 0x4286, 0x4286, 0x4286, 0x4286, 0x4286, 0x4286, 0x4286,
0x4286, 0x4286, 0x4286, 0x4286, 0x4286, 0x4286, 0x4286, 0x4286, 0x4286, 0x4286, 0x4286, 0x4286, 0x4286, 0x4286, 0x4286, 0x4286,
0x4286, 0x4286, 0x4286, 0x4286, 0x4286, 0x4286, 0x4286, 0x4286, 0x4286, 0x4286, 0x4286, 0x4286, 0x4286, 0x4286, 0x4286, 0x4286,
0x4286, 0x4286, 0x4286, 0x4286, 0x4286, 0x4286, 0x4286, 0x4286, 0x4286, 0x4286, 0x4286, 0x4286, 0x4286, 0x4286, 0x4286, 0x4286,
0x4286, 0x4286, 0x4286, 0x4286, 0x4286, 0x4286, 0x4286, 0x4286, 0x4286, 0x4286, 0x4286, 0x4286, 0x4286, 0x4286, 0x4286, 0x4286,
0x4286, 0x4286, 0x4286, 0x4286, 0x4286, 0x4286, 0x4286, 0x4286, 0x4286, 0x4286, 0x4286, 0x4286, 0x4286, 0x4286, 0x4286, 0x4286,
0x4286, 0x4286, 0x4286, 0x4286, 0x4286, 0x4286, 0x4286, 0x4286, 0x4286, 0x4286, 0x4286, 0x4286, 0x4286, 0x4286, 0x4286, 0x4286,
0x4286, 0x4286, 0x4286, 0x4286, 0x4286, 0x4286, 0x4286, 0x4286, 0x4286, 0x4286, 0x4286, 0x4286, 0x4286, 0x4286, 0x4286, 0x4286,
0x4286, 0x4286, 0x4286, 0x4286, 0x4286, 0x4286, 0x4286, 0x4286, 0x4286, 0x4286, 0x4286, 0x4286, 0x4286, 0x4286, 0x4286, 0x4286,
0x4286, 0x4286, 0x4286, 0x4286, 0x4286, 0x4286, 0x4286, 0x4286, 0x4286, 0x4286, 0x4286, 0x4286, 0x4286, 0x4286, 0x4286, 0x4286,
0x4286, 0x4286, 0x4286, 0x4286, 0x4286, 0x4286, 0x4286, 0x4286, 0x4286, 0x4286, 0x4286, 0x4286, 0x4286, 0x4286, 0x4286, 0x4286,
0x4286, 0x4286, 0x4286, 0x4286, 0x4286, 0x4286, 0x4286, 0x4286, 0x4286, 0x4286, 0x4286, 0x4286, 0x4286, 0x4286, 0x4286, 0x4286,
0x4286, 0x4286, 0x4286, 0x4286, 0x4286, 0x4286, 0x4286, 0x4286, 0x4286, 0x4286, 0x4286, 0x4286, 0x4286, 0x4286, 0x4286, 0x4286,
0x4286, 0x4286, 0x4286, 0x4286, 0x4286, 0x4286, 0x4286, 0x4286, 0x4286, 0x4286, 0x4286, 0x4286, 0x4286, 0x4286, 0x4286, 0x4286,
0x4286, 0x4286, 0x4286, 0x4286, 0x4286, 0x4286, 0x4286, 0x4286, 0x4286, 0x4286, 0x4286, 0x4286, 0x4286, 0x4286, 0x4286, 0x4286,
0x4286, 0x4286, 0x4286, 0x4286, 0x4286, 0x4286, 0x4286, 0x4286, 0x4286, 0x4286, 0x4286, 0x4286, 0x4286, 0x4286, 0x4286, 0x4286,
0x4286, 0x4286, 0x4286, 0x4286, 0x4286, 0x4286, 0x4286, 0x4286, 0x4286, 0x4286, 0x4286, 0x4286, 0x4286, 0x4286, 0x4286, 0x4286,
0x4286, 0x4286, 0x4286, 0x4286, 0x4286, 0x4286, 0x4286, 0x4286, 0x4286, 0x4286, 0x4286, 0x4286, 0x4286, 0x4286, 0x4286, 0x4286,
0x4286, 0x4286, 0x4286, 0x4286, 0x4286, 0x4286, 0x4286, 0x4286, 0x4286, 0x4286, 0x4286, 0x4286, 0x4286, 0x4286, 0x4286, 0x4286,
0x4286, 0x4286, 0x4286, 0x4286, 0x4286, 0x4286, 0x4286, 0x4286, 0x4286, 0x4286, 0x4286, 0x4286, 0x4286, 0x4286, 0x4286, 0x4286,
0x4286, 0x4286, 0x4286, 0x4286, 0x4286, 0x4286, 0x4286, 0x4286, 0x4286, 0x4286, 0x4286, 0x4286, 0x4286, 0x4286, 0x4286, 0x4286,
0x4286, 0x4286, 0x4286, 0x4286, 0x4286, 0x4286, 0x4286, 0x4286, 0x4286, 0x4286, 0x4286, 0x4286, 0x4286, 0x4286, 0x4286, 0x4286,
0x4286, 0x4286, 0x4286, 0x4286, 0x4286, 0x4286, 0x4286, 0x4286, 0x4286, 0x4286, 0x4286, 0x4286, 0x4286, 0x4286, 0x4286, 0x4286,
0x4286, 0x4286, 0x4286, 0x4286, 0x4286, 0x4286, 0x4286, 0x4286, 0x4286, 0x4286, 0x4286, 0x4286, 0x4286, 0x4286, 0x4286, 0x4286,
0x4286, 0x4286, 0x4286, 0x4286, 0x4286, 0x4286, 0x4286, 0x4286, 0x4286, 0x4286, 0x4286, 0x4286, 0x4286, 0x4286, 0x4286, 0x4286,
0x4286, 0x4286, 0x4286, 0x4286, 0x4286, 0x4286, 0x4286, 0x4286, 0x4286, 0x4286, 0x4286, 0x4286, 0x4286, 0x4286, 0x4286, 0x4286,
0x4286, 0x4286, 0x4286, 0x4286, 0x4286, 0x4286, 0x4286, 0x4286, 0x4286, 0x4286, 0x4286, 0x4286, 0x4286, 0x4286, 0x4286, 0x4286,
0x4286, 0x4286, 0x4286, 0x4286, 0x4286, 0x4286, 0x4286, 0x4286, 0x4286, 0x4286, 0x4286, 0x4286, 0x4286, 0x4286, 0x4286, 0x4286,
0x4286, 0x4286, 0x4286, 0x4286, 0x4286, 0x4286, 0x4286, 0x4286, 0x4286, 0x4286, 0x4286, 0x4286, 0x4286, 0x4286, 0x4286, 0x4286,
0x4286, 0x4286, 0x4286, 0x4286, 0x4286, 0x4286, 0x4286, 0x4286, 0x4286, 0x4286, 0x4286, 0x4286, 0x4286, 0x4286, 0x4286, 0x4286,
0x4286, 0x4286, 0x4286, 0x4286, 0x4286, 0x4286, 0x4286, 0x4286, 0x4286, 0x4286, 0x4286, 0x4286, 0x4286, 0x4286, 0x4286, 0x4286,
0x4286, 0x4286, 0x4286, 0x4286, 0x4286, 0x4286, 0x4286, 0x4286, 0x4286, 0x4286, 0x4286, 0x4286, 0x4286, 0x4286, 0x4286, 0x4286,
0x4286, 0x4286, 0x4286, 0x4286, 0x4286, 0x4286, 0x4286, 0x4286, 0x4286, 0x4286, 0x4286, 0x4286, 0x4286, 0x4286, 0x4286, 0x4286,
0x4286, 0x4286, 0x4286, 0x4286, 0x4286, 0x4286, 0x4286, 0x4286, 0x4286, 0x4286, 0x4286, 0x4286, 0x4286, 0x4286, 0x4286, 0x4286,
0x4286, 0x4286, 0x4286, 0x4286, 0x4286, 0x4286, 0x4286, 0x4286, 0x4286, 0x4286, 0x4286, 0x4286, 0x4286, 0x4286, 0x4286, 0x4286,
0x4286, 0x4286, 0x4286, 0x4286, 0x4286, 0x4286, 0x4286, 0x4286, 0x4286, 0x4286, 0x4286, 0x4286, 0x4286, 0x4286, 0x4286, 0x4286,
0x4286, 0x4286, 0x4286, 0x4286, 0x4286, 0x4286, 0x4286, 0x4286, 0x4286, 0x4286, 0x4286, 0x4286, 0x4286, 0x4286, 0x4286, 0x4286,
0x4286, 0x4286, 0x4286, 0x4286, 0x4286, 0x4286, 0x4286, 0x4286, 0x4286, 0x4286, 0x4286, 0x4286, 0x4286, 0x4286, 0x4286, 0x4286,
0x4286, 0x4286, 0x4286, 0x4286, 0x4286, 0x4286, 0x4286, 0x4286, 0x4286, 0x4286, 0x4286, 0x4286, 0x4286, 0x4286, 0x4286, 0x4286,
0x4286, 0x4286, 0x4286, 0x4286, 0x4286, 0x4286, 0x4286, 0x4286, 0x4286, 0x4286, 0x4286, 0x4286, 0x4286, 0x4286, 0x4286, 0x4286,
0x4286, 0x4286, 0x4286, 0x4286, 0x4286, 0x4286, 0x4286, 0x4286, 0x4286, 0x4286, 0x4286, 0x4286, 0x4286, 0x4286, 0x4286, 0x4286,
0x4286, 0x4286, 0x4286, 0x4286, 0x4286, 0x4286, 0x4286, 0x4286, 0x4286, 0x4286, 0x4286, 0x4286, 0x4286, 0x4286, 0x4286, 0x4286,
0x4286, 0x4286, 0x4286, 0x4286, 0x4286, 0x4286, 0x4286, 0x4286, 0x4286, 0x4286, 0x4286, 0x4286, 0x4286, 0x4286, 0x4286, 0x4286,
0x4286, 0x4286, 0x4286, 0x4286, 0x4286, 0x4286, 0x4286, 0x4286, 0x4286, 0x4286, 0x4286, 0x4286, 0x4286, 0x4286, 0x4286, 0x4286,
0x4286, 0x4286, 0x4286, 0x4286, 0x4286, 0x4286, 0x4286, 0x4286, 0x4286, 0x4286, 0x4286, 0x4286, 0x4286, 0x4286, 0x4286, 0x4286,
0x4286, 0x4286, 0x4286, 0x4286, 0x4286, 0x4286, 0x4286, 0x4286, 0x4286, 0x4286, 0x4286, 0x4286, 0x4286, 0x4286, 0x4286, 0x4286,
0x4286, 0x4286, 0x4286, 0x4286, 0x4286, 0x4286, 0x4286, 0x4286, 0x4286, 0x4286, 0x4286, 0x4286, 0x4286, 0x4286, 0x4286, 0x4286,
0x4286, 0x4286, 0x4286, 0x4286, 0x4286, 0x4286, 0x4286, 0x4286, 0x4286, 0x4286, 0x4286, 0x4286, 0x4286, 0x4286, 0x4286, 0x4286,
0x4286, 0x4286, 0x4286, 0x4286, 0x4286, 0x4286, 0x4286, 0x4286, 0x4286, 0x4286, 0x4286, 0x4286, 0x4286, 0x4286, 0x4286, 0x4286,
0x4286, 0x4286, 0x4286, 0x4286, 0x4286, 0x4286, 0x4286, 0x4286, 0x4286, 0x4286, 0x4286, 0x4286, 0x4286, 0x4286, 0x4286, 0x4286,
0x4286, 0x4286, 0x4286, 0x4286, 0x4286, 0x4286, 0x4286, 0x4286, 0x4286, 0x4286, 0x4286, 0x4286, 0x4286, 0x4286, 0x4286, 0x4286,
0x4286, 0x4286, 0x4286, 0x4286, 0x4286, 0x4286, 0x4286, 0x4286, 0x4286, 0x4286, 0x4286, 0x4286, 0x4286, 0x4286, 0x4286, 0x4286,
0x4286, 0x4286, 0x4286, 0x4286, 0x4286, 0x4286, 0x4286, 0x4286, 0x4286, 0x4286, 0x4286, 0x4286, 0x4286, 0x4286, 0x4286, 0x4286,
0x4286, 0x4286, 0x4286, 0x4286, 0x4286, 0x4286, 0x4286, 0x4286, 0x4286, 0x4286, 0x4286, 0x4286, 0x4286, 0x4286, 0x4286, 0x4286,
0x4286, 0x4286, 0x4286, 0x4286, 0x4286, 0x4286, 0x4286, 0x4286, 0x4286, 0x4286, 0x4286, 0x4286, 0x4286, 0x4286, 0x4286, 0x4286,
0x4286, 0x4286, 0x4286, 0x4286, 0x4286, 0x4286, 0x4286, 0x4286, 0x4286, 0x4286, 0x4286, 0x4286, 0x4286, 0x4286, 0x4286, 0x4286,
0x4286, 0x4286, 0x4286, 0x4286, 0x4286, 0x4286, 0x4286, 0x4286, 0x4286, 0x4286, 0x4286, 0x4286, 0x4286, 0x4286, 0x4286, 0x4286,
0x4286, 0x4286, 0x4286, 0x4286, 0x4286, 0x4286, 0x4286, 0x4286, 0x4286, 0x4286, 0x4286, 0x4286, 0x4286, 0x4286, 0x4286, 0x4286,
0x4286, 0x4286, 0x4286, 0x4286, 0x4286, 0x4286, 0x4286, 0x4286, 0x4286, 0x4286, 0x4286, 0x4286, 0x4286, 0x4286, 0x4286, 0x4286,
0x4286, 0x4286, 0x4286, 0x4286, 0x4286, 0x4286, 0x4286, 0x4286, 0x4286, 0x4286, 0x4286, 0x4286, 0x4286, 0x4286, 0x4286, 0x4286,
0x4286, 0x4286, 0x4286, 0x4286, 0x4286, 0x4286, 0x4286, 0x4286, 0x4286, 0x4286, 0x4286, 0x4286, 0x4286, 0x4286, 0x4286, 0x4286,
0x4286, 0x4286, 0x4286, 0x4286, 0x4286, 0x4286, 0x4286, 0x4286, 0x4286, 0x4286, 0x4286, 0x4286, 0x4286, 0x4286, 0x4286, 0x4286,
0x4286, 0x4286, 0x4286, 0x4286, 0x4286, 0x4286, 0x4286, 0x4286, 0x4286, 0x4286, 0x4286, 0x4286, 0x4286, 0x4286, 0x4286, 0x4286,
0x4286, 0x4286, 0x4286, 0x4286, 0x4286, 0x4286, 0x4286, 0x4286, 0x4286, 0x4286, 0x4286, 0x4286, 0x4286, 0x4286, 0x4286, 0x4286,
0x4286, 0x4286, 0x4286, 0x4286, 0x4286, 0x4286, 0x4286, 0x4286, 0x4286, 0x4286, 0x4286, 0x4286, 0x4286, 0x4286, 0x4286, 0x4286,
0x4286, 0x4286, 0x4286, 0x4286, 0x4286, 0x4286, 0x4286, 0x4286, 0x4286, 0x4286, 0x4286, 0x4286, 0x4286, 0x4286, 0x4286, 0x4286,
0x4286, 0x4286, 0x4286, 0x4286, 0x4286, 0x4286, 0x4286, 0x4286, 0x4286, 0x4286, 0x4286, 0x4286, 0x4286, 0x4286, 0x4286, 0x4286,
0x42A6, 0x42A6, 0x42A6, 0x42A6, 0x42A6, 0x42A6, 0x42A6, 0x42A6, 0x42A6, 0x42A6, 0x42A6, 0x42A6, 0x42A6, 0x42A6, 0x42A6, 0x42A6,
0x42A6, 0x42A6, 0x42A6, 0x42A6, 0x42A6, 0x42A6, 0x42A6, 0x42A6, 0x42A6, 0x42A6, 0x42A6, 0x42A6, 0x42A6, 0x42A6, 0x42A6, 0x42A6,
0x42A6, 0x42A6, 0x42A6, 0x42A6, 0x42A6, 0x42A6, 0x42A6, 0x42A6, 0x42A6, 0x42A6, 0x42A6, 0x42A6, 0x42A6, 0x42A6, 0x42A6, 0x42A6,
0x42A6, 0x42A6, 0x42A6, 0x42A6, 0x42A6, 0x42A6, 0x42A6, 0x42A6, 0x42A6, 0x42A6, 0x42A6, 0x42A6, 0x42A6, 0x42A6, 0x42A6, 0x42A6,
0x42A6, 0x42A6, 0x42A6, 0x42A6, 0x42A6, 0x42A6, 0x42A6, 0x42A6, 0x42A6, 0x42A6, 0x42A6, 0x42A6, 0x42A6, 0x42A6, 0x42A6, 0x42A6,
0x42A6, 0x42A6, 0x42A6, 0x42A6, 0x42A6, 0x42A6, 0x42A6, 0x42A6, 0x42A6, 0x42A6, 0x42A6, 0x42A6, 0x42A6, 0x42A6, 0x42A6, 0x42A6,
0x42A6, 0x42A6, 0x42A6, 0x42A6, 0x42A6, 0x42A6, 0x42A6, 0x42A6, 0x42A6, 0x42A6, 0x42A6, 0x42A6, 0x42A6, 0x42A6, 0x42A6, 0x42A6,
0x42A6, 0x42A6, 0x42A6, 0x42A6, 0x42A6, 0x42A6, 0x42A6, 0x42A6, 0x42A6, 0x42A6, 0x42A6, 0x42A6, 0x42A6, 0x42A6, 0x42A6, 0x42A6,
0x42A6, 0x42A6, 0x42A6, 0x42A6, 0x42A6, 0x42A6, 0x42A6, 0x42A6, 0x42A6, 0x42A6, 0x42A6, 0x42A6, 0x42A6, 0x42A6, 0x42A6, 0x42A6,
0x42A6, 0x42A6, 0x42A6, 0x42A6, 0x42A6, 0x42A6, 0x42A6, 0x42A6, 0x42A6, 0x42A6, 0x42A6, 0x42A6, 0x42A6, 0x42A6, 0x42A6, 0x42A6,
0x42A6, 0x42A6, 0x42A6, 0x42A6, 0x42A6, 0x42A6, 0x42A6, 0x42A6, 0x42A6, 0x42A6, 0x42A6, 0x42A6, 0x42A6, 0x42A6, 0x42A6, 0x42A6,
0x42A6, 0x42A6, 0x42A6, 0x42A6, 0x42A6, 0x42A6, 0x42A6, 0x42A6, 0x42A6, 0x42A6, 0x42A6, 0x42A6, 0x42A6, 0x42A6, 0x42A6, 0x42A6,
0x42A6, 0x42A6, 0x42A6, 0x42A6, 0x42A6, 0x42A6, 0x42A6, 0x42A6, 0x42A6, 0x42A6, 0x42A6, 0x42A6, 0x42A6, 0x42A6, 0x42A6, 0x42A6,
0x42A6, 0x42A6, 0x42A6, 0x42A6, 0x42A6, 0x42A6, 0x42A6, 0x42A6, 0x42A6, 0x42A6, 0x42A6, 0x42A6, 0x42A6, 0x42A6, 0x42A6, 0x42A6,
0x42A6, 0x42A6, 0x42A6, 0x42A6, 0x42A6, 0x42A6, 0x42A6, 0x42A6, 0x42A6, 0x42A6, 0x42A6, 0x42A6, 0x42A6, 0x42A6, 0x42A6, 0x42A6,
0x3943, 0x3943, 0x3943, 0x3943, 0x3943, 0x3943, 0x3943, 0x3943, 0x3943, 0x3943, 0x3943, 0x3943, 0x3943, 0x3943, 0x3943, 0x3943,
0x3943, 0x3943, 0x3943, 0x3943, 0x3943, 0x3943, 0x3943, 0x3943, 0x3943, 0x3943, 0x3943, 0x3943, 0x3943, 0x3943, 0x3943, 0x3943,
0x3943, 0x3943, 0x3943, 0x3943, 0x3943, 0x3943, 0x3943, 0x3943, 0x3943, 0x3943, 0x3943, 0x3943, 0x3943, 0x3943, 0x3943, 0x3943,
0x3943, 0x3943, 0x3943, 0x3943, 0x3943, 0x3943, 0x3943, 0x3943, 0x3943, 0x3943, 0x3943, 0x3943, 0x3943, 0x3943, 0x3943, 0x3943,
0x3943, 0x3943, 0x3943, 0x3943, 0x3943, 0x3943, 0x3943, 0x3943, 0x3943, 0x3943, 0x3943, 0x3943, 0x3943, 0x3943, 0x3943, 0x3943,
0x3943, 0x3943, 0x3943, 0x3943, 0x3943, 0x3943, 0x3943, 0x3943, 0x3943, 0x3943, 0x3943, 0x3943, 0x3943, 0x3943, 0x3943, 0x3943,
0x3943, 0x3943, 0x3943, 0x3943, 0x3943, 0x3943, 0x3943, 0x3943, 0x3943, 0x3943, 0x3943, 0x3943, 0x3943, 0x3943, 0x3943, 0x3943,
0x3943, 0x3943, 0x3943, 0x3943, 0x3943, 0x3943, 0x3943, 0x3943, 0x3943, 0x3943, 0x3943, 0x3943, 0x3943, 0x3943, 0x3943, 0x3943,
0x3943, 0x3943, 0x3943, 0x3943, 0x3943, 0x3943, 0x3943, 0x3943, 0x3943, 0x3943, 0x3943, 0x3943, 0x3943, 0x3943, 0x3943, 0x3943,
0x3943, 0x3943, 0x3943, 0x3943, 0x3943, 0x3943, 0x3943, 0x3943, 0x3943, 0x3943, 0x3943, 0x3943, 0x3943, 0x3943, 0x3943, 0x3943,
0x3943, 0x3943, 0x3943, 0x3943, 0x3943, 0x3943, 0x3943, 0x3943, 0x3943, 0x3943, 0x3943, 0x3943, 0x3943, 0x3943, 0x3943, 0x3943,
0x3943, 0x3943, 0x3943, 0x3943, 0x3943, 0x3943, 0x3943, 0x3943, 0x3943, 0x3943, 0x3943, 0x3943, 0x3943, 0x3943, 0x3943, 0x3943,
0x3943, 0x3943, 0x3943, 0x3943, 0x3943, 0x3943, 0x3943, 0x3943, 0x3943, 0x3943, 0x3943, 0x3943, 0x3943, 0x3943, 0x3943, 0x3943,
0x3943, 0x3943, 0x3943, 0x3943, 0x3943, 0x3943, 0x3943, 0x3943, 0x3943, 0x3943, 0x3943, 0x3943, 0x3943, 0x3943, 0x3943, 0x3943,
0x3943, 0x3943, 0x3943, 0x3943, 0x3943, 0x3943, 0x3943, 0x3943, 0x3943, 0x3943, 0x3943, 0x3943, 0x3943, 0x3943, 0x3943, 0x3943,
0x3943, 0x3943, 0x3943, 0x3943, 0x3943, 0x3943, 0x3943, 0x3943, 0x3943, 0x3943, 0x3943, 0x3943, 0x3943, 0x3943, 0x3943, 0x3943,
0x3943, 0x3943, 0x3943, 0x3943, 0x3943, 0x3943, 0x3943, 0x3943, 0x3943, 0x3943, 0x3943, 0x3943, 0x3943, 0x3943, 0x3943, 0x3943,
0x3943, 0x3943, 0x3943, 0x3943, 0x3943, 0x3943, 0x3943, 0x3943, 0x3943, 0x3943, 0x3943, 0x3943, 0x3943, 0x3943, 0x3943, 0x3943,
0x3943, 0x3943, 0x3943, 0x3943, 0x3943, 0x3943, 0x3943, 0x3943, 0x3943, 0x3943, 0x3943, 0x3943, 0x3943, 0x3943, 0x3943, 0x3943,
0x3943, 0x3943, 0x3943, 0x3943, 0x3943, 0x3943, 0x3943, 0x3943, 0x3943, 0x3943, 0x3943, 0x3943, 0x3943, 0x3943, 0x3943, 0x3943,
0x3943, 0x3943, 0x3943, 0x3943, 0x3943, 0x3943, 0x3943, 0x3943, 0x3943, 0x3943, 0x3943, 0x3943, 0x3943, 0x3943, 0x3943, 0x3943,
0x3943, 0x3943, 0x3943, 0x3943, 0x3943, 0x3943, 0x3943, 0x3943, 0x3943, 0x3943, 0x3943, 0x3943, 0x3943, 0x3943, 0x3943, 0x3943,
0x3943, 0x3943, 0x3943, 0x3943, 0x3943, 0x3943, 0x3943, 0x3943, 0x3943, 0x3943, 0x3943, 0x3943, 0x3943, 0x3943, 0x3943, 0x3943,
0x3943, 0x3943, 0x3943, 0x3943, 0x3943, 0x3943, 0x3943, 0x3943, 0x3943, 0x3943, 0x3943, 0x3943, 0x3943, 0x3943, 0x3943, 0x3943,
0x3943, 0x3943, 0x3943, 0x3943, 0x3943, 0x3943, 0x3943, 0x3943, 0x3943, 0x3943, 0x3943, 0x3943, 0x3943, 0x3943, 0x3943, 0x3943,
0x3943, 0x3943, 0x3943, 0x3943, 0x3943, 0x3943, 0x3943, 0x3943, 0x3943, 0x3943, 0x3943, 0x3943, 0x3943, 0x3943, 0x3943, 0x3943,
0x3943, 0x3943, 0x3943, 0x3943, 0x3943, 0x3943, 0x3943, 0x3943, 0x3943, 0x3943, 0x3943, 0x3943, 0x3943, 0x3943, 0x3943, 0x3943,
0x3943, 0x3943, 0x3943, 0x3943, 0x3943, 0x3943, 0x3943, 0x3943, 0x3943, 0x3943, 0x3943, 0x3943, 0x3943, 0x3943, 0x3943, 0x3943,
0x3943, 0x3943, 0x3943, 0x3943, 0x3943, 0x3943, 0x3943, 0x3943, 0x3943, 0x3943, 0x3943, 0x3943, 0x3943, 0x3943, 0x3943, 0x3943,
0x3943, 0x3943, 0x3943, 0x3943, 0x3943, 0x3943, 0x3943, 0x3943, 0x3943, 0x3943, 0x3943, 0x3943, 0x3943, 0x3943, 0x3943, 0x3943,
0x3943, 0x3943, 0x3943, 0x3943, 0x3943, 0x3943, 0x3943, 0x3943, 0x3943, 0x3943, 0x3943, 0x3943, 0x3943, 0x3943, 0x3943, 0x3943,
0x3943, 0x3943, 0x3943, 0x3943, 0x3943, 0x3943, 0x3943, 0x3943, 0x3943, 0x3943, 0x3943, 0x3943, 0x3943, 0x3943, 0x3943, 0x3943,
0x3943, 0x3943, 0x3943, 0x3943, 0x3943, 0x3943, 0x3943, 0x3943, 0x3943, 0x3943, 0x3943, 0x3943, 0x3943, 0x3943, 0x3943, 0x3943,
0x3943, 0x3943, 0x3943, 0x3943, 0x3943, 0x3943, 0x3943, 0x3943, 0x3943, 0x3943, 0x3943, 0x3943, 0x3943, 0x3943, 0x3943, 0x3943,
0x3943, 0x3943, 0x3943, 0x3943, 0x3943, 0x3943, 0x3943, 0x3943, 0x3943, 0x3943, 0x3943, 0x3943, 0x3943, 0x3943, 0x3943, 0x3943,
0x3943, 0x3943, 0x3943, 0x3943, 0x3943, 0x3943, 0x3943, 0x3943, 0x3943, 0x3943, 0x3943, 0x3943, 0x3943, 0x3943, 0x3943, 0x3943,
0x3943, 0x3943, 0x3943, 0x3943, 0x3943, 0x3943, 0x3943, 0x3943, 0x3943, 0x3943, 0x3943, 0x3943, 0x3943, 0x3943, 0x3943, 0x3943,
0x3943, 0x3943, 0x3943, 0x3943, 0x3943, 0x3943, 0x3943, 0x3943, 0x3943, 0x3943, 0x3943, 0x3943, 0x3943, 0x3943, 0x3943, 0x3943,
0x3943, 0x3943, 0x3943, 0x3943, 0x3943, 0x3943, 0x3943, 0x3943, 0x3943, 0x3943, 0x3943, 0x3943, 0x3943, 0x3943, 0x3943, 0x3943,
0x3943, 0x3943, 0x3943, 0x3943, 0x3943, 0x3943, 0x3943, 0x3943, 0x3943, 0x3943, 0x3943, 0x3943, 0x3943, 0x3943, 0x3943, 0x3943,
0x3943, 0x3943, 0x3943, 0x3943, 0x3943, 0x3943, 0x3943, 0x3943, 0x3943, 0x3943, 0x3943, 0x3943, 0x3943, 0x3943, 0x3943, 0x3943,
0x3943, 0x3943, 0x3943, 0x3943, 0x3943, 0x3943, 0x3943, 0x3943, 0x3943, 0x3943, 0x3943, 0x3943, 0x3943, 0x3943, 0x3943, 0x3943,
0x3943, 0x3943, 0x3943, 0x3943, 0x3943, 0x3943, 0x3943, 0x3943, 0x3943, 0x3943, 0x3943, 0x3943, 0x3943, 0x3943, 0x3943, 0x3943,
0x3943, 0x3943, 0x3943, 0x3943, 0x3943, 0x3943, 0x3943, 0x3943, 0x3943, 0x3943, 0x3943, 0x3943, 0x3943, 0x3943, 0x3943, 0x3943,
0x3943, 0x3943, 0x3943, 0x3943, 0x3943, 0x3943, 0x3943, 0x3943, 0x3943, 0x3943, 0x3943, 0x3943, 0x3943, 0x3943, 0x3943, 0x3943,
0x3943, 0x3943, 0x3943, 0x3943, 0x3943, 0x3943, 0x3943, 0x3943, 0x3943, 0x3943, 0x3943, 0x3943, 0x3943, 0x3943, 0x3943, 0x3943,
0x3943, 0x3943, 0x3943, 0x3943, 0x3943, 0x3943, 0x3943, 0x3943, 0x3943, 0x3943, 0x3943, 0x3943, 0x3943, 0x3943, 0x3943, 0x3943,
0x3943, 0x3943, 0x3943, 0x3943, 0x3943, 0x3943, 0x3943, 0x3943, 0x3943, 0x3943, 0x3943, 0x3943, 0x3943, 0x3943, 0x3943, 0x3943,
0x3943, 0x3943, 0x3943, 0x3943, 0x3943, 0x3943, 0x3943, 0x3943, 0x3943, 0x3943, 0x3943, 0x3943, 0x3943, 0x3943, 0x3943, 0x3943,
0x3943, 0x3943, 0x3943, 0x3943, 0x3943, 0x3943, 0x3943, 0x3943, 0x3943, 0x3943, 0x3943, 0x3943, 0x3943, 0x3943, 0x3943, 0x3943,
0x3943, 0x3943, 0x3943, 0x3943, 0x3943, 0x3943, 0x3943, 0x3943, 0x3943, 0x3943, 0x3943, 0x3943, 0x3943, 0x3943, 0x3943, 0x3943,
0x3943, 0x3943, 0x3943, 0x3943, 0x3943, 0x3943, 0x3943, 0x3943, 0x3943, 0x3943, 0x3943, 0x3943, 0x3943, 0x3943, 0x3943, 0x3943,
0x3943, 0x3943, 0x3943, 0x3943, 0x3943, 0x3943, 0x3943, 0x3943, 0x3943, 0x3943, 0x3943, 0x3943, 0x3943, 0x3943, 0x3943, 0x3943,
0x3943, 0x3943, 0x3943, 0x3943, 0x3943, 0x3943, 0x3943, 0x3943, 0x3943, 0x3943, 0x3943, 0x3943, 0x3943, 0x3943, 0x3943, 0x3943,
0x3943, 0x3943, 0x3943, 0x3943, 0x3943, 0x3943, 0x3943, 0x3943, 0x3943, 0x3943, 0x3943, 0x3943, 0x3943, 0x3943, 0x3943, 0x3943,
0x3943, 0x3943, 0x3943, 0x3943, 0x3943, 0x3943, 0x3943, 0x3943, 0x3943, 0x3943, 0x3943, 0x3943, 0x3943, 0x3943, 0x3943, 0x3943,
0x3943, 0x3943, 0x3943, 0x3943, 0x3943, 0x3943, 0x3943, 0x3943, 0x3943, 0x3943, 0x3943, 0x3943, 0x3943, 0x3943, 0x3943, 0x3943,
0x3943, 0x3943, 0x3943, 0x3943, 0x3943, 0x3943, 0x3943, 0x3943, 0x3943, 0x3943, 0x3943, 0x3943, 0x3943, 0x3943, 0x3943, 0x3943,
0x3943, 0x3943, 0x3943, 0x3943, 0x3943, 0x3943, 0x3943, 0x3943, 0x3943, 0x3943, 0x3943, 0x3943, 0x3943, 0x3943, 0x3943, 0x3943,
0x3943, 0x3943, 0x3943, 0x3943, 0x3943, 0x3943, 0x3943, 0x3943, 0x3943, 0x3943, 0x3943, 0x3943, 0x3943, 0x3943, 0x3943, 0x3943,
0x59E4, 0x59E4, 0x59E4, 0x59E4, 0x59E4, 0x59E4, 0x59E4, 0x59E4, 0x59E4, 0x59E4, 0x59E4, 0x59E4, 0x59E4, 0x59E4, 0x59E4, 0x59E4,
0x59E4, 0x59E4, 0x59E4, 0x59E4, 0x59E4, 0x59E4, 0x59E4, 0x59E4, 0x59E4, 0x59E4, 0x59E4, 0x59E4, 0x59E4, 0x59E4, 0x59E4, 0x59E4,
0x59E4, 0x59E4, 0x59E4, 0x59E4, 0x59E4, 0x59E4, 0x59E4, 0x59E4, 0x59E4, 0x59E4, 0x59E4, 0x59E4, 0x59E4, 0x59E4, 0x59E4, 0x59E4,
0x59E4, 0x59E4, 0x59E4, 0x59E4, 0x59E4, 0x59E4, 0x59E4, 0x59E4, 0x59E4, 0x59E4, 0x59E4, 0x59E4, 0x59E4, 0x59E4, 0x59E4, 0x59E4,
0x59E4, 0x59E4, 0x59E4, 0x59E4, 0x59E4, 0x59E4, 0x59E4, 0x59E4, 0x59E4, 0x59E4, 0x59E4, 0x59E4, 0x59E4, 0x59E4, 0x59E4, 0x59E4,
0x59E4, 0x59E4, 0x59E4, 0x59E4, 0x59E4, 0x59E4, 0x59E4, 0x59E4, 0x59E4, 0x59E4, 0x59E4, 0x59E4, 0x59E4, 0x59E4, 0x59E4, 0x59E4,
0x59E4, 0x59E4, 0x59E4, 0x59E4, 0x59E4, 0x59E4, 0x59E4, 0x59E4, 0x59E4, 0x59E4, 0x59E4, 0x59E4, 0x59E4, 0x59E4, 0x59E4, 0x59E4,
0x59E4, 0x59E4, 0x59E4, 0x59E4, 0x59E4, 0x59E4, 0x59E4, 0x59E4, 0x59E4, 0x59E4, 0x59E4, 0x59E4, 0x59E4, 0x59E4, 0x59E4, 0x59E4,
0x59E4, 0x59E4, 0x59E4, 0x59E4, 0x59E4, 0x59E4, 0x59E4, 0x59E4, 0x59E4, 0x59E4, 0x59E4, 0x59E4, 0x59E4, 0x59E4, 0x59E4, 0x59E4,
0x59E4, 0x59E4, 0x59E4, 0x59E4, 0x59E4, 0x59E4, 0x59E4, 0x59E4, 0x59E4, 0x59E4, 0x59E4, 0x59E4, 0x59E4, 0x59E4, 0x59E4, 0x59E4,
0x59E4, 0x59E4, 0x59E4, 0x59E4, 0x59E4, 0x59E4, 0x59E4, 0x59E4, 0x59E4, 0x59E4, 0x59E4, 0x59E4, 0x59E4, 0x59E4, 0x59E4, 0x59E4,
0x59E4, 0x59E4, 0x59E4, 0x59E4, 0x59E4, 0x59E4, 0x59E4, 0x59E4, 0x59E4, 0x59E4, 0x59E4, 0x59E4, 0x59E4, 0x59E4, 0x59E4, 0x59E4,
0x59E4, 0x59E4, 0x59E4, 0x59E4, 0x59E4, 0x59E4, 0x59E4, 0x59E4, 0x59E4, 0x59E4, 0x59E4, 0x59E4, 0x59E4, 0x59E4, 0x59E4, 0x59E4,
0x59E4, 0x59E4, 0x59E4, 0x59E4, 0x59E4, 0x59E4, 0x59E4, 0x59E4, 0x59E4, 0x59E4, 0x59E4, 0x59E4, 0x59E4, 0x59E4, 0x59E4, 0x59E4,
0x59E4, 0x59E4, 0x59E4, 0x59E4, 0x59E4, 0x59E4, 0x59E4, 0x59E4, 0x59E4, 0x59E4, 0x59E4, 0x59E4, 0x59E4, 0x59E4, 0x59E4, 0x59E4,
0x59E4, 0x59E4, 0x59E4, 0x59E4, 0x59E4, 0x59E4, 0x59E4, 0x59E4, 0x59E4, 0x59E4, 0x59E4, 0x59E4, 0x59E4, 0x59E4, 0x59E4, 0x59E4,
0x59E4, 0x59E4, 0x59E4, 0x59E4, 0x59E4, 0x59E4, 0x59E4, 0x59E4, 0x59E4, 0x59E4, 0x59E4, 0x59E4, 0x59E4, 0x59E4, 0x59E4, 0x59E4,
0x59E4, 0x59E4, 0x59E4, 0x59E4, 0x59E4, 0x59E4, 0x59E4, 0x59E4, 0x59E4, 0x59E4, 0x59E4, 0x59E4, 0x59E4, 0x59E4, 0x59E4, 0x59E4,
0x59E4, 0x59E4, 0x59E4, 0x59E4, 0x59E4, 0x59E4, 0x59E4, 0x59E4, 0x59E4, 0x59E4, 0x59E4, 0x59E4, 0x59E4, 0x59E4, 0x59E4, 0x59E4,
0x59E4, 0x59E4, 0x59E4, 0x59E4, 0x59E4, 0x59E4, 0x59E4, 0x59E4, 0x59E4, 0x59E4, 0x59E4, 0x59E4, 0x59E4, 0x59E4, 0x59E4, 0x59E4,
0x59E4, 0x59E4, 0x59E4, 0x59E4, 0x59E4, 0x59E4, 0x59E4, 0x59E4, 0x59E4, 0x59E4, 0x59E4, 0x59E4, 0x59E4, 0x59E4, 0x59E4, 0x59E4,
0x59E4, 0x59E4, 0x59E4, 0x59E4, 0x59E4, 0x59E4, 0x59E4, 0x59E4, 0x59E4, 0x59E4, 0x59E4, 0x59E4, 0x59E4, 0x59E4, 0x59E4, 0x59E4,
0x59E4, 0x59E4, 0x59E4, 0x59E4, 0x59E4, 0x59E4, 0x59E4, 0x59E4, 0x59E4, 0x59E4, 0x59E4, 0x59E4, 0x59E4, 0x59E4, 0x59E4, 0x59E4,
0x59E4, 0x59E4, 0x59E4, 0x59E4, 0x59E4, 0x59E4, 0x59E4, 0x59E4, 0x59E4, 0x59E4, 0x59E4, 0x59E4, 0x59E4, 0x59E4, 0x59E4, 0x59E4,
0x59E4, 0x59E4, 0x59E4, 0x59E4, 0x59E4, 0x59E4, 0x59E4, 0x59E4, 0x59E4, 0x59E4, 0x59E4, 0x59E4, 0x59E4, 0x59E4, 0x59E4, 0x59E4,
0x59E4, 0x59E4, 0x59E4, 0x59E4, 0x59E4, 0x59E4, 0x59E4, 0x59E4, 0x59E4, 0x59E4, 0x59E4, 0x59E4, 0x59E4, 0x59E4, 0x59E4, 0x59E4,
0x59E4, 0x59E4, 0x59E4, 0x59E4, 0x59E4, 0x59E4, 0x59E4, 0x59E4, 0x59E4, 0x59E4, 0x59E4, 0x59E4, 0x59E4, 0x59E4, 0x59E4, 0x59E4,
0x59E4, 0x59E4, 0x59E4, 0x59E4, 0x59E4, 0x59E4, 0x59E4, 0x59E4, 0x59E4, 0x59E4, 0x59E4, 0x59E4, 0x59E4, 0x59E4, 0x59E4, 0x59E4,
0x59E4, 0x59E4, 0x59E4, 0x59E4, 0x59E4, 0x59E4, 0x59E4, 0x59E4, 0x59E4, 0x59E4, 0x59E4, 0x59E4, 0x59E4, 0x59E4, 0x59E4, 0x59E4,
0x59E4, 0x59E4, 0x59E4, 0x59E4, 0x59E4, 0x59E4, 0x59E4, 0x59E4, 0x59E4, 0x59E4, 0x59E4, 0x59E4, 0x59E4, 0x59E4, 0x59E4, 0x59E4,
0x59E4, 0x59E4, 0x59E4, 0x59E4, 0x59E4, 0x59E4, 0x59E4, 0x59E4, 0x59E4, 0x59E4, 0x59E4, 0x59E4, 0x59E4, 0x59E4, 0x59E4, 0x59E4,
0x59E4, 0x59E4, 0x59E4, 0x59E4, 0x59E4, 0x59E4, 0x59E4, 0x59E4, 0x59E4, 0x59E4, 0x59E4, 0x59E4, 0x59E4, 0x59E4, 0x59E4, 0x59E4,
0x59E4, 0x59E4, 0x59E4, 0x59E4, 0x59E4, 0x59E4, 0x59E4, 0x59E4, 0x59E4, 0x59E4, 0x59E4, 0x59E4, 0x59E4, 0x59E4, 0x59E4, 0x59E4,
0x59E4, 0x59E4, 0x59E4, 0x59E4, 0x59E4, 0x59E4, 0x59E4, 0x59E4, 0x59E4, 0x59E4, 0x59E4, 0x59E4, 0x59E4, 0x59E4, 0x59E4, 0x59E4,
0x59E4, 0x59E4, 0x59E4, 0x59E4, 0x59E4, 0x59E4, 0x59E4, 0x59E4, 0x59E4, 0x59E4, 0x59E4, 0x59E4, 0x59E4, 0x59E4, 0x59E4, 0x59E4,
0x59E4, 0x59E4, 0x59E4, 0x59E4, 0x59E4, 0x59E4, 0x59E4, 0x59E4, 0x59E4, 0x59E4, 0x59E4, 0x59E4, 0x59E4, 0x59E4, 0x59E4, 0x59E4,
0x59E4, 0x59E4, 0x59E4, 0x59E4, 0x59E4, 0x59E4, 0x59E4, 0x59E4, 0x59E4, 0x59E4, 0x59E4, 0x59E4, 0x59E4, 0x59E4, 0x59E4, 0x59E4,
0x59E4, 0x59E4, 0x59E4, 0x59E4, 0x59E4, 0x59E4, 0x59E4, 0x59E4, 0x59E4, 0x59E4, 0x59E4, 0x59E4, 0x59E4, 0x59E4, 0x59E4, 0x59E4,
0x59E4, 0x59E4, 0x59E4, 0x59E4, 0x59E4, 0x59E4, 0x59E4, 0x59E4, 0x59E4, 0x59E4, 0x59E4, 0x59E4, 0x59E4, 0x59E4, 0x59E4, 0x59E4,
0x59E4, 0x59E4, 0x59E4, 0x59E4, 0x59E4, 0x59E4, 0x59E4, 0x59E4, 0x59E4, 0x59E4, 0x59E4, 0x59E4, 0x59E4, 0x59E4, 0x59E4, 0x59E4,
0x59E4, 0x59E4, 0x59E4, 0x59E4, 0x59E4, 0x59E4, 0x59E4, 0x59E4, 0x59E4, 0x59E4, 0x59E4, 0x59E4, 0x59E4, 0x59E4, 0x59E4, 0x59E4,
0x59E4, 0x59E4, 0x59E4, 0x59E4, 0x59E4, 0x59E4, 0x59E4, 0x59E4, 0x59E4, 0x59E4, 0x59E4, 0x59E4, 0x59E4, 0x59E4, 0x59E4, 0x59E4,
0x59E4, 0x59E4, 0x59E4, 0x59E4, 0x59E4, 0x59E4, 0x59E4, 0x59E4, 0x59E4, 0x59E4, 0x59E4, 0x59E4, 0x59E4, 0x59E4, 0x59E4, 0x59E4,
0x59E4, 0x59E4, 0x59E4, 0x59E4, 0x59E4, 0x59E4, 0x59E4, 0x59E4, 0x59E4, 0x59E4, 0x59E4, 0x59E4, 0x59E4, 0x59E4, 0x59E4, 0x59E4,
0x59E4, 0x59E4, 0x59E4, 0x59E4, 0x59E4, 0x59E4, 0x59E4, 0x59E4, 0x59E4, 0x59E4, 0x59E4, 0x59E4, 0x59E4, 0x59E4, 0x59E4, 0x59E4,
0x59E4, 0x59E4, 0x59E4, 0x59E4, 0x59E4, 0x59E4, 0x59E4, 0x59E4, 0x59E4, 0x59E4, 0x59E4, 0x59E4, 0x59E4, 0x59E4, 0x59E4, 0x59E4,
0x59E4, 0x59E4, 0x59E4, 0x59E4, 0x59E4, 0x59E4, 0x59E4, 0x59E4, 0x59E4, 0x59E4, 0x59E4, 0x59E4, 0x59E4, 0x59E4, 0x59E4, 0x59E4,
0x59E4, 0x59E4, 0x59E4, 0x59E4, 0x59E4, 0x59E4, 0x59E4, 0x59E4, 0x59E4, 0x59E4, 0x59E4, 0x59E4, 0x59E4, 0x59E4, 0x59E4, 0x59E4,
0x59E4, 0x59E4, 0x59E4, 0x59E4, 0x59E4, 0x59E4, 0x59E4, 0x59E4, 0x59E4, 0x59E4, 0x59E4, 0x59E4, 0x59E4, 0x59E4, 0x59E4, 0x59E4,
0x59E4, 0x59E4, 0x59E4, 0x59E4, 0x59E4, 0x59E4, 0x59E4, 0x59E4, 0x59E4, 0x59E4, 0x59E4, 0x59E4, 0x59E4, 0x59E4, 0x59E4, 0x59E4,
0x59E4, 0x59E4, 0x59E4, 0x59E4, 0x59E4, 0x59E4, 0x59E4, 0x59E4, 0x59E4, 0x59E4, 0x59E4, 0x59E4, 0x59E4, 0x59E4, 0x59E4, 0x59E4,
0x59E4, 0x59E4, 0x59E4, 0x59E4, 0x59E4, 0x59E4, 0x59E4, 0x59E4, 0x59E4, 0x59E4, 0x59E4, 0x59E4, 0x59E4, 0x59E4, 0x59E4, 0x59E4,
0x59E4, 0x59E4, 0x59E4, 0x59E4, 0x59E4, 0x59E4, 0x59E4, 0x59E4, 0x59E4, 0x59E4, 0x59E4, 0x59E4, 0x59E4, 0x59E4, 0x59E4, 0x59E4,
0x59E4, 0x59E4, 0x59E4, 0x59E4, 0x59E4, 0x59E4, 0x59E4, 0x59E4, 0x59E4, 0x59E4, 0x59E4, 0x59E4, 0x59E4, 0x59E4, 0x59E4, 0x59E4,
0x59E4, 0x59E4, 0x59E4, 0x59E4, 0x59E4, 0x59E4, 0x59E4, 0x59E4, 0x59E4, 0x59E4, 0x59E4, 0x59E4, 0x59E4, 0x59E4, 0x59E4, 0x59E4,
0x59E4, 0x59E4, 0x59E4, 0x59E4, 0x59E4, 0x59E4, 0x59E4, 0x59E4, 0x59E4, 0x59E4, 0x59E4, 0x59E4, 0x59E4, 0x59E4, 0x59E4, 0x59E4,
0x59E4, 0x59E4, 0x59E4, 0x59E4, 0x59E4, 0x59E4, 0x59E4, 0x59E4, 0x59E4, 0x59E4, 0x59E4, 0x59E4, 0x59E4, 0x59E4, 0x59E4, 0x59E4,
0x59E4, 0x59E4, 0x59E4, 0x59E4, 0x59E4, 0x59E4, 0x59E4, 0x59E4, 0x59E4, 0x59E4, 0x59E4, 0x59E4, 0x59E4, 0x59E4, 0x59E4, 0x59E4,
0x59E4, 0x59E4, 0x59E4, 0x59E4, 0x59E4, 0x59E4, 0x59E4, 0x59E4, 0x59E4, 0x59E4, 0x59E4, 0x59E4, 0x59E4, 0x59E4, 0x59E4, 0x59E4,
0x59E4, 0x59E4, 0x59E4, 0x59E4, 0x59E4, 0x59E4, 0x59E4, 0x59E4, 0x59E4, 0x59E4, 0x59E4, 0x59E4, 0x59E4, 0x59E4, 0x59E4, 0x59E4,
0x4AA7, 0x4AA7, 0x4AA7, 0x4AA7, 0x4AA7, 0x4AA7, 0x4AA7, 0x4AA7, 0x4AA7, 0x4AA7, 0x4AA7, 0x4AA7, 0x4AA7, 0x4AA7, 0x4AA7, 0x4AA7,
0x4AA7, 0x4AA7, 0x4AA7, 0x4AA7, 0x4AA7, 0x4AA7, 0x4AA7, 0x4AA7, 0x4AA7, 0x4AA7, 0x4AA7, 0x4AA7, 0x4AA7, 0x4AA7, 0x4AA7, 0x4AA7,
0x4AA7, 0x4AA7, 0x4AA7, 0x4AA7, 0x4AA7, 0x4AA7, 0x4AA7, 0x4AA7, 0x4AA7, 0x4AA7, 0x4AA7, 0x4AA7, 0x4AA7, 0x4AA7, 0x4AA7, 0x4AA7,
0x4AA7, 0x4AA7, 0x4AA7, 0x4AA7, 0x4AA7, 0x4AA7, 0x4AA7, 0x4AA7, 0x4AA7, 0x4AA7, 0x4AA7, 0x4AA7, 0x4AA7, 0x4AA7, 0x4AA7, 0x4AA7,
0x4AA7, 0x4AA7, 0x4AA7, 0x4AA7, 0x4AA7, 0x4AA7, 0x4AA7, 0x4AA7, 0x4AA7, 0x4AA7, 0x4AA7, 0x4AA7, 0x4AA7, 0x4AA7, 0x4AA7, 0x4AA7,
0x4AA7, 0x4AA7, 0x4AA7, 0x4AA7, 0x4AA7, 0x4AA7, 0x4AA7, 0x4AA7, 0x4AA7, 0x4AA7, 0x4AA7, 0x4AA7, 0x4AA7, 0x4AA7, 0x4AA7, 0x4AA7,
0x4AA7, 0x4AA7, 0x4AA7, 0x4AA7, 0x4AA7, 0x4AA7, 0x4AA7, 0x4AA7, 0x4AA7, 0x4AA7, 0x4AA7, 0x4AA7, 0x4AA7, 0x4AA7, 0x4AA7, 0x4AA7,
0x4AA7, 0x4AA7, 0x4AA7, 0x4AA7, 0x4AA7, 0x4AA7, 0xCE16, 0xCE16, 0xCE16, 0xCE16, 0xCE16, 0x4AA7, 0x4AA7, 0x4AA7, 0x4AA7, 0x4AA7,
0x4AA7, 0x4AA7, 0x4AA7, 0x4AA7, 0x4AA7, 0x4AA7, 0x4AA7, 0x4AA7, 0x4AA7, 0x4AA7, 0x4AA7, 0x4AA7, 0x4AA7, 0x4AA7, 0x4AA7, 0x4AA7,
0x4AA7, 0x4AA7, 0x4AA7, 0x4AA7, 0x4AA7, 0x4AA7, 0x4AA7, 0x4AA7, 0x4AA7, 0x4AA7, 0x4AA7, 0x4AA7, 0x4AA7, 0x4AA7, 0x4AA7, 0x4AA7,
0x4AA7, 0x4AA7, 0x4AA7, 0x4AA7, 0x4AA7, 0x4AA7, 0x4AA7, 0x4AA7, 0x4AA7, 0x4AA7, 0x4AA7, 0x4AA7, 0x4AA7, 0x4AA7, 0x4AA7, 0x4AA7,
0x4AA7, 0x4AA7, 0x4AA7, 0x4AA7, 0x4AA7, 0x4AA7, 0x4AA7, 0x4AA7, 0x4AA7, 0x4AA7, 0x4AA7, 0x4AA7, 0x4AA7, 0x4AA7, 0x4AA7, 0x4AA7,
0x4AA7, 0x4AA7, 0x4AA7, 0x4AA7, 0x4AA7, 0x4AA7, 0x4AA7, 0x4AA7, 0x4AA7, 0x4AA7, 0x4AA7, 0x4AA7, 0x4AA7, 0x4AA7, 0x4AA7, 0x4AA7,
0x4AA7, 0x4AA7, 0x4AA7, 0x4AA7, 0x4AA7, 0x4AA7, 0x4AA7, 0x4AA7, 0x4AA7, 0x4AA7, 0x4AA7, 0x4AA7, 0x4AA7, 0x4AA7, 0x4AA7, 0x4AA7,
0x4AA7, 0x4AA7, 0x4AA7, 0x4AA7, 0x4AA7, 0x4AA7, 0x4AA7, 0x4AA7, 0x4AA7, 0x4AA7, 0x4AA7, 0x4AA7, 0x4AA7, 0x4AA7, 0x4AA7, 0x4AA7,
0x4AA7, 0x4AA7, 0x4AA7, 0x4AA7, 0x4AA7, 0x4AA7, 0x4AA7, 0x4AA7, 0x4AA7, 0x4AA7, 0x4AA7, 0x4AA7, 0x4AA7, 0x4AA7, 0x4AA7, 0x4AA7,
0x4AA7, 0x4AA7, 0x4AA7, 0x4AA7, 0x4AA7, 0x4AA7, 0x4AA7, 0x4AA7, 0x4AA7, 0x4AA7, 0x4AA7, 0x4AA7, 0x4AA7, 0x4AA7, 0x4AA7, 0x4AA7,
0x4AA7, 0x4AA7, 0x4AA7, 0x4AA7, 0x4AA7, 0x4AA7, 0x4AA7, 0x4AA7, 0x4AA7, 0x4AA7, 0x4AA7, 0x4AA7, 0x4AA7, 0x4AA7, 0x4AA7, 0x4AA7,
0x4AA7, 0x4AA7, 0x4AA7, 0x4AA7, 0x4AA7, 0x4AA7, 0x4AA7, 0x4AA7, 0x4AA7, 0x4AA7, 0x4AA7, 0x4AA7, 0x4AA7, 0x4AA7, 0x4AA7, 0x4AA7,
0x4AA7, 0x4AA7, 0x4AA7, 0x4AA7, 0x4AA7, 0x4AA7, 0x4AA7, 0x4AA7, 0x4AA7, 0x4AA7, 0x4AA7, 0x4AA7, 0x4AA7, 0x4AA7, 0x4AA7, 0x4AA7,
0x4AA7, 0x4AA7, 0x4AA7, 0x4AA7, 0x4AA7, 0x4AA7, 0x4AA7, 0x4AA7, 0x4AA7, 0x4AA7, 0x4AA7, 0x4AA7, 0x4AA7, 0x4AA7, 0x4AA7, 0x4AA7,
0x4AA7, 0x4AA7, 0x4AA7, 0x4AA7, 0x4AA7, 0x4AA7, 0x4AA7, 0x4AA7, 0x4AA7, 0x4AA7, 0x4AA7, 0x4AA7, 0x4AA7, 0x4AA7, 0x4AA7, 0x4AA7,
0x4AA7, 0x4AA7, 0x4AA7, 0x4AA7, 0x4AA7, 0x4AA7, 0xCE16, 0xCE16, 0xCE16, 0xCE16, 0xCE16, 0x4AA7, 0x4AA7, 0x4AA7, 0x4AA7, 0x4AA7,
0x4AA7, 0x4AA7, 0x4AA7, 0x4AA7, 0x4AA7, 0x4AA7, 0x4AA7, 0x4AA7, 0x4AA7, 0x4AA7, 0x4AA7, 0x4AA7, 0x4AA7, 0x4AA7, 0x4AA7, 0x4AA7,
0x4AA7, 0x4AA7, 0x4AA7, 0x4AA7, 0x4AA7, 0x4AA7, 0x4AA7, 0x4AA7, 0x4AA7, 0x4AA7, 0x4AA7, 0x4AA7, 0x4AA7, 0x4AA7, 0x4AA7, 0x4AA7,
0x4AA7, 0x4AA7, 0x4AA7, 0x4AA7, 0x4AA7, 0x4AA7, 0x4AA7, 0x4AA7, 0x4AA7, 0x4AA7, 0x4AA7, 0x4AA7, 0x4AA7, 0x4AA7, 0x4AA7, 0x4AA7,
0x4AA7, 0x4AA7, 0x4AA7, 0x4AA7, 0x4AA7, 0x4AA7, 0x4AA7, 0x4AA7, 0x4AA7, 0x4AA7, 0x4AA7, 0x4AA7, 0x4AA7, 0x4AA7, 0x4AA7, 0x4AA7,
0x4AA7, 0x4AA7, 0x4AA7, 0x4AA7, 0x4AA7, 0x4AA7, 0x4AA7, 0x4AA7, 0x4AA7, 0x4AA7, 0x4AA7, 0x4AA7, 0x4AA7, 0x4AA7, 0x4AA7, 0x4AA7,
0x4AA7, 0x4AA7, 0x4AA7, 0x4AA7, 0x4AA7, 0x4AA7, 0x4AA7, 0x4AA7, 0x4AA7, 0x4AA7, 0x4AA7, 0x4AA7, 0x4AA7, 0x4AA7, 0x4AA7, 0x4AA7,
0x4AA7, 0x4AA7, 0x4AA7, 0x4AA7, 0x4AA7, 0x4AA7, 0x4AA7, 0x4AA7, 0x4AA7, 0x4AA7, 0x4AA7, 0x4AA7, 0x4AA7, 0x4AA7, 0x4AA7, 0x4AA7,
0x4AA7, 0x4AA7, 0x4AA7, 0x4AA7, 0x4AA7, 0x4AA7, 0x4AA7, 0x4AA7, 0x4AA7, 0x4AA7, 0x4AA7, 0x4AA7, 0x4AA7, 0x4AA7, 0x4AA7, 0x4AA7,
0x4AA7, 0x4AA7, 0x4AA7, 0x4AA7, 0x4AA7, 0x4AA7, 0x4AA7, 0x4AA7, 0x4AA7, 0x4AA7, 0x4AA7, 0x4AA7, 0x4AA7, 0x4AA7, 0x4AA7, 0x4AA7,
0x4AA7, 0x4AA7, 0x4AA7, 0x4AA7, 0x4AA7, 0x4AA7, 0x4AA7, 0x4AA7, 0x4AA7, 0x4AA7, 0x4AA7, 0x4AA7, 0x4AA7, 0x4AA7, 0x4AA7, 0x4AA7,
0x4AA7, 0x4AA7, 0x4AA7, 0x4AA7, 0x4AA7, 0x4AA7, 0x4AA7, 0x4AA7, 0x4AA7, 0x4AA7, 0x4AA7, 0x4AA7, 0x4AA7, 0x4AA7, 0x4AA7, 0x4AA7,
0x4AA7, 0x4AA7, 0x4AA7, 0x4AA7, 0x4AA7, 0x4AA7, 0x4AA7, 0x4AA7, 0x4AA7, 0x4AA7, 0x4AA7, 0x4AA7, 0x4AA7, 0x4AA7, 0x4AA7, 0x4AA7,
0x4AA7, 0x4AA7, 0x4AA7, 0x4AA7, 0x4AA7, 0x4AA7, 0x4AA7, 0x4AA7, 0x4AA7, 0x4AA7, 0x4AA7, 0x4AA7, 0x4AA7, 0x4AA7, 0x4AA7, 0x4AA7,
0x4AA7, 0x4AA7, 0x4AA7, 0x4AA7, 0x4AA7, 0x4AA7, 0x4AA7, 0x4AA7, 0x4AA7, 0x4AA7, 0x4AA7, 0x4AA7, 0x4AA7, 0x4AA7, 0x4AA7, 0x4AA7,
0x4AA7, 0x4AA7, 0x4AA7, 0x4AA7, 0x4AA7, 0x4AA7, 0xCE16, 0xCE16, 0xCE16, 0xCE16, 0xCE16, 0x4AA7, 0x4AA7, 0x4AA7, 0x4AA7, 0x4AA7,
0x4AA7, 0x4AA7, 0x4AA7, 0x4AA7, 0x4AA7, 0x4AA7, 0x4AA7, 0x4AA7, 0x4AA7, 0x4AA7, 0x4AA7, 0x4AA7, 0x4AA7, 0x4AA7, 0x4AA7, 0x4AA7,
0x4AA7, 0x4AA7, 0x4AA7, 0x4AA7, 0x4AA7, 0x4AA7, 0x4AA7, 0x4AA7, 0x4AA7, 0x4AA7, 0x4AA7, 0x4AA7, 0x4AA7, 0x4AA7, 0x4AA7, 0x4AA7,
0x4AA7, 0x4AA7, 0x4AA7, 0x4AA7, 0x4AA7, 0x4AA7, 0x4AA7, 0x4AA7, 0x4AA7, 0x4AA7, 0x4AA7, 0x4AA7, 0x4AA7, 0x4AA7, 0x4AA7, 0x4AA7,
0x4AA7, 0x4AA7, 0x4AA7, 0x4AA7, 0x4AA7, 0x4AA7, 0x4AA7, 0x4AA7, 0x4AA7, 0x4AA7, 0x4AA7, 0x4AA7, 0x4AA7, 0x4AA7, 0x4AA7, 0x4AA7,
0x4AA7, 0x4AA7, 0x4AA7, 0x4AA7, 0x4AA7, 0x4AA7, 0x4AA7, 0x4AA7, 0x4AA7, 0x4AA7, 0x4AA7, 0x4AA7, 0x4AA7, 0x4AA7, 0x4AA7, 0x4AA7,
0x4AA7, 0x4AA7, 0x4AA7, 0x4AA7, 0x4AA7, 0x4AA7, 0x4AA7, 0x4AA7, 0x4AA7, 0x4AA7, 0x4AA7, 0x4AA7, 0x4AA7, 0x4AA7, 0x4AA7, 0x4AA7,
0x4AA7, 0x4AA7, 0x4AA7, 0x4AA7, 0x4AA7, 0x4AA7, 0x4AA7, 0x4AA7, 0x4AA7, 0x4AA7, 0x4AA7, 0x4AA7, 0x4AA7, 0x4AA7, 0x4AA7, 0x4AA7,
0x4AC7, 0x4AC7, 0x4AC7, 0x4AC7, 0x4AC7, 0x4AC7, 0x4AC7, 0x4AC7, 0x4AC7, 0x4AC7, 0x4AC7, 0x4AC7, 0x4AC7, 0x4AC7, 0x4AC7, 0x4AC7,
0x4AC7, 0x4AC7, 0x4AC7, 0x4AC7, 0x4AC7, 0x4AC7, 0x4AC7, 0x4AC7, 0x4AC7, 0x4AC7, 0x4AC7, 0x4AC7, 0x4AC7, 0x4AC7, 0x4AC7, 0x4AC7,
0x4AC7, 0x4AC7, 0x4AC7, 0x4AC7, 0x4AC7, 0x4AC7, 0x4AC7, 0x4AC7, 0x4AC7, 0x4AC7, 0x4AC7, 0x4AC7, 0x4AC7, 0x4AC7, 0x4AC7, 0x4AC7,
0x4AC7, 0x4AC7, 0x4AC7, 0x4AC7, 0x4AC7, 0x4AC7, 0x4AC7, 0x4AC7, 0x4AC7, 0x4AC7, 0x4AC7, 0x4AC7, 0x4AC7, 0x4AC7, 0x4AC7, 0x4AC7,
0x4AC7, 0x4AC7, 0x4AC7, 0x4AC7, 0x4AC7, 0x4AC7, 0x4AC7, 0x4AC7, 0x4AC7, 0x4AC7, 0x4AC7, 0x4AC7, 0x4AC7, 0x4AC7, 0x4AC7, 0x4AC7,
0x4AC7, 0x4AC7, 0x4AC7, 0x4AC7, 0x4AC7, 0x4AC7, 0x4AC7, 0x4AC7, 0x4AC7, 0x4AC7, 0x4AC7, 0x4AC7, 0x4AC7, 0x4AC7, 0x4AC7, 0x4AC7,
0x4AC7, 0x4AC7, 0x4AC7, 0x4AC7, 0x4AC7, 0x4AC7, 0x4AC7, 0x4AC7, 0x4AC7, 0x4AC7, 0x4AC7, 0x4AC7, 0x4AC7, 0x4AC7, 0x4AC7, 0x4AC7,
0x4AC7, 0x4AC7, 0x4AC7, 0x4AC7, 0x4AC7, 0x4AC7, 0xCE16, 0xCE16, 0xCE16, 0xCE16, 0xCE16, 0x4AC7, 0x4AC7, 0x4AC7, 0x4AC7, 0x4AC7,
0x4AC7, 0x4AC7, 0x4AC7, 0x4AC7, 0x4AC7, 0x4AC7, 0x4AC7, 0x4AC7, 0x4AC7, 0x4AC7, 0x4AC7, 0x4AC7, 0x4AC7, 0x4AC7, 0x4AC7, 0x4AC7,
0x4AC7, 0x4AC7, 0x4AC7, 0x4AC7, 0x4AC7, 0x4AC7, 0x4AC7, 0x4AC7, 0x4AC7, 0x4AC7, 0x4AC7, 0x4AC7, 0x4AC7, 0x4AC7, 0x4AC7, 0x4AC7,
0x4AC7, 0x4AC7, 0x4AC7, 0x4AC7, 0x4AC7, 0x4AC7, 0x4AC7, 0x4AC7, 0x4AC7, 0x4AC7, 0x4AC7, 0x4AC7, 0x4AC7, 0x4AC7, 0x4AC7, 0x4AC7,
0x4AC7, 0x4AC7, 0x4AC7, 0x4AC7, 0x4AC7, 0x4AC7, 0x4AC7, 0x4AC7, 0x4AC7, 0x4AC7, 0x4AC7, 0x4AC7, 0x4AC7, 0x4AC7, 0x4AC7, 0x4AC7,
0x4AC7, 0x4AC7, 0x4AC7, 0x4AC7, 0x4AC7, 0x4AC7, 0x4AC7, 0x4AC7, 0x4AC7, 0x4AC7, 0x4AC7, 0x4AC7, 0x4AC7, 0x4AC7, 0x4AC7, 0x4AC7,
0x4AC7, 0x4AC7, 0x4AC7, 0x4AC7, 0x4AC7, 0x4AC7, 0x4AC7, 0x4AC7, 0x4AC7, 0x4AC7, 0x4AC7, 0x4AC7, 0x4AC7, 0x4AC7, 0x4AC7, 0x4AC7,
0x4AC7, 0x4AC7, 0x4AC7, 0x4AC7, 0x4AC7, 0x4AC7, 0x4AC7, 0x4AC7, 0x4AC7, 0x4AC7, 0x4AC7, 0x4AC7, 0x4AC7, 0x4AC7, 0x4AC7, 0x4AC7,
0x4AC7, 0x4AC7, 0x4AC7, 0x4AC7, 0x4AC7, 0x4AC7, 0x4AC7, 0x4AC7, 0x4AC7, 0x4AC7, 0x4AC7, 0x4AC7, 0x4AC7, 0x4AC7, 0x4AC7, 0x4AC7,
0x4AC7, 0x4AC7, 0x4AC7, 0x4AC7, 0x4AC7, 0x4AC7, 0x4AC7, 0x4AC7, 0x4AC7, 0x4AC7, 0x4AC7, 0x4AC7, 0x4AC7, 0x4AC7, 0x4AC7, 0x4AC7,
0x4AC7, 0x4AC7, 0x4AC7, 0x4AC7, 0x4AC7, 0x4AC7, 0x4AC7, 0x4AC7, 0x4AC7, 0x4AC7, 0x4AC7, 0x4AC7, 0x4AC7, 0x4AC7, 0x4AC7, 0x4AC7,
0x4AC7, 0x4AC7, 0x4AC7, 0x4AC7, 0x4AC7, 0x4AC7, 0x4AC7, 0x4AC7, 0x4AC7, 0x4AC7, 0x4AC7, 0x4AC7, 0x4AC7, 0x4AC7, 0x4AC7, 0x4AC7,
0x4AC7, 0x4AC7, 0x4AC7, 0x4AC7, 0x4AC7, 0x4AC7, 0x4AC7, 0x4AC7, 0x4AC7, 0x4AC7, 0x4AC7, 0x4AC7, 0x4AC7, 0x4AC7, 0x4AC7, 0x4AC7,
0x4AC7, 0x4AC7, 0x4AC7, 0x4AC7, 0x4AC7, 0x4AC7, 0x4AC7, 0x4AC7, 0x4AC7, 0x4AC7, 0x4AC7, 0x4AC7, 0x4AC7, 0x4AC7, 0x4AC7, 0x4AC7,
0x4AC7, 0x4AC7, 0x4AC7, 0x4AC7, 0x4AC7, 0x4AC7, 0x4AC7, 0x4AC7, 0x4AC7, 0x4AC7, 0x4AC7, 0x4AC7, 0x4AC7, 0x4AC7, 0x4AC7, 0x4AC7,
0x4AC7, 0x4AC7, 0x4AC7, 0x4AC7, 0x4AC7, 0x4AC7, 0xCE16, 0xCE16, 0xCE16, 0xCE16, 0xCE16, 0x4AC7, 0x4AC7, 0x4AC7, 0x4AC7, 0x4AC7,
0x4AC7, 0x4AC7, 0x4AC7, 0x4AC7, 0x4AC7, 0x4AC7, 0x4AC7, 0x4AC7, 0x4AC7, 0x4AC7, 0x4AC7, 0x4AC7, 0x4AC7, 0x4AC7, 0x4AC7, 0x4AC7,
0x4AC7, 0x4AC7, 0x4AC7, 0x4AC7, 0x4AC7, 0x4AC7, 0x4AC7, 0x4AC7, 0x4AC7, 0x4AC7, 0x4AC7, 0x4AC7, 0x4AC7, 0x4AC7, 0x4AC7, 0x4AC7,
0x4AC7, 0x4AC7, 0x4AC7, 0x4AC7, 0x4AC7, 0x4AC7, 0x4AC7, 0x4AC7, 0x4AC7, 0x4AC7, 0x4AC7, 0x4AC7, 0x4AC7, 0x4AC7, 0x4AC7, 0x4AC7,
0x4AC7, 0x4AC7, 0x4AC7, 0x4AC7, 0x4AC7, 0x4AC7, 0x4AC7, 0x4AC7, 0x4AC7, 0x4AC7, 0x4AC7, 0x4AC7, 0x4AC7, 0x4AC7, 0x4AC7, 0x4AC7,
0x4AC7, 0x4AC7, 0x4AC7, 0x4AC7, 0x4AC7, 0x4AC7, 0x4AC7, 0x4AC7, 0x4AC7, 0x4AC7, 0x4AC7, 0x4AC7, 0x4AC7, 0x4AC7, 0x4AC7, 0x4AC7,
0x4AC7, 0x4AC7, 0x4AC7, 0x4AC7, 0x4AC7, 0x4AC7, 0x4AC7, 0x4AC7, 0x4AC7, 0x4AC7, 0x4AC7, 0x4AC7, 0x4AC7, 0x4AC7, 0x4AC7, 0x4AC7,
0x4AC7, 0x4AC7, 0x4AC7, 0x4AC7, 0x4AC7, 0x4AC7, 0x4AC7, 0x4AC7, 0x4AC7, 0x4AC7, 0x4AC7, 0x4AC7, 0x4AC7, 0x4AC7, 0x4AC7, 0x4AC7,
0x4AC7, 0x4AC7, 0x4AC7, 0x4AC7, 0x4AC7, 0x4AC7, 0x4AC7, 0x4AC7, 0x4AC7, 0x4AC7, 0x4AC7, 0x4AC7, 0x4AC7, 0x4AC7, 0x4AC7, 0x4AC7,
0x4AC7, 0x4AC7, 0x4AC7, 0x4AC7, 0x4AC7, 0x4AC7, 0x4AC7, 0x4AC7, 0x4AC7, 0x4AC7, 0x4AC7, 0x4AC7, 0x4AC7, 0x4AC7, 0x4AC7, 0x4AC7,
0x4AC7, 0x4AC7, 0x4AC7, 0x4AC7, 0x4AC7, 0x4AC7, 0x4AC7, 0x4AC7, 0x4AC7, 0x4AC7, 0x4AC7, 0x4AC7, 0x4AC7, 0x4AC7, 0x4AC7, 0x4AC7,
0x4AC7, 0x4AC7, 0x4AC7, 0x4AC7, 0x4AC7, 0x4AC7, 0x4AC7, 0x4AC7, 0x4AC7, 0x4AC7, 0x4AC7, 0x4AC7, 0x4AC7, 0x4AC7, 0x4AC7, 0x4AC7,
0x4AC7, 0x4AC7, 0x4AC7, 0x4AC7, 0x4AC7, 0x4AC7, 0x4AC7, 0x4AC7, 0x4AC7, 0x4AC7, 0x4AC7, 0x4AC7, 0x4AC7, 0x4AC7, 0x4AC7, 0x4AC7,
0x4AC7, 0x4AC7, 0x4AC7, 0x4AC7, 0x4AC7, 0x4AC7, 0x4AC7, 0x4AC7, 0x4AC7, 0x4AC7, 0x4AC7, 0x4AC7, 0x4AC7, 0x4AC7, 0x4AC7, 0x4AC7,
0x4AC7, 0x4AC7, 0x4AC7, 0x4AC7, 0x4AC7, 0x4AC7, 0x4AC7, 0x4AC7, 0x4AC7, 0x4AC7, 0x4AC7, 0x4AC7, 0x4AC7, 0x4AC7, 0x4AC7, 0x4AC7,
0x4AC7, 0x4AC7, 0x4AC7, 0x4AC7, 0x4AC7, 0x4AC7, 0xCE16, 0xCE16, 0xCE16, 0xCE16, 0xCE16, 0x4AC7, 0x4AC7, 0x4AC7, 0x4AC7, 0x4AC7,
0x4AC7, 0x4AC7, 0x4AC7, 0x4AC7, 0x4AC7, 0x4AC7, 0x4AC7, 0x4AC7, 0x4AC7, 0x4AC7, 0x4AC7, 0x4AC7, 0x4AC7, 0x4AC7, 0x4AC7, 0x4AC7,
0x4AC7, 0x4AC7, 0x4AC7, 0x4AC7, 0x4AC7, 0x4AC7, 0x4AC7, 0x4AC7, 0x4AC7, 0x4AC7, 0x4AC7, 0x4AC7, 0x4AC7, 0x4AC7, 0x4AC7, 0x4AC7,
0x4AC7, 0x4AC7, 0x4AC7, 0x4AC7, 0x4AC7, 0x4AC7, 0x4AC7, 0x4AC7, 0x4AC7, 0x4AC7, 0x4AC7, 0x4AC7, 0x4AC7, 0x4AC7, 0x4AC7, 0x4AC7,
0x4AC7, 0x4AC7, 0x4AC7, 0x4AC7, 0x4AC7, 0x4AC7, 0x4AC7, 0x4AC7, 0x4AC7, 0x4AC7, 0x4AC7, 0x4AC7, 0x4AC7, 0x4AC7, 0x4AC7, 0x4AC7,
0x4AC7, 0x4AC7, 0x4AC7, 0x4AC7, 0x4AC7, 0x4AC7, 0x4AC7, 0x4AC7, 0x4AC7, 0x4AC7, 0x4AC7, 0x4AC7, 0x4AC7, 0x4AC7, 0x4AC7, 0x4AC7,
0x4AC7, 0x4AC7, 0x4AC7, 0x4AC7, 0x4AC7, 0x4AC7, 0x4AC7, 0x4AC7, 0x4AC7, 0x4AC7, 0x4AC7, 0x4AC7, 0x4AC7, 0x4AC7, 0x4AC7, 0x4AC7,
0x4AC7, 0x4AC7, 0x4AC7, 0x4AC7, 0x4AC7, 0x4AC7, 0x4AC7, 0x4AC7, 0x4AC7, 0x4AC7, 0x4AC7, 0x4AC7, 0x4AC7, 0x4AC7, 0x4AC7, 0x4AC7,
0x4AC7, 0x4AC7, 0x4AC7, 0x4AC7, 0x4AC7, 0x4AC7, 0x4AC7, 0x4AC7, 0x4AC7, 0x4AC7, 0x4AC7, 0x4AC7, 0x4AC7, 0x4AC7, 0x4AC7, 0x4AC7,
0x4AC7, 0x4AC7, 0x4AC7, 0x4AC7, 0x4AC7, 0x4AC7, 0x4AC7, 0x4AC7, 0x4AC7, 0x4AC7, 0x4AC7, 0x4AC7, 0x4AC7, 0x4AC7, 0x4AC7, 0x4AC7,
0x4AC7, 0x4AC7, 0x4AC7, 0x4AC7, 0x4AC7, 0x4AC7, 0x4AC7, 0x4AC7, 0x4AC7, 0x4AC7, 0x4AC7, 0x4AC7, 0x4AC7, 0x4AC7, 0x4AC7, 0x4AC7,
0x4AC7, 0x4AC7, 0x4AC7, 0x4AC7, 0x4AC7, 0x4AC7, 0x4AC7, 0x4AC7, 0x4AC7, 0x4AC7, 0x4AC7, 0x4AC7, 0x4AC7, 0x4AC7, 0x4AC7, 0x4AC7,
0x4AC7, 0x4AC7, 0x4AC7, 0x4AC7, 0x4AC7, 0x4AC7, 0x4AC7, 0x4AC7, 0x4AC7, 0x4AC7, 0x4AC7, 0x4AC7, 0x4AC7, 0x4AC7, 0x4AC7, 0x4AC7,
0x4AC7, 0x4AC7, 0x4AC7, 0x4AC7, 0x4AC7, 0x4AC7, 0x4AC7, 0x4AC7, 0x4AC7, 0x4AC7, 0x4AC7, 0x4AC7, 0x4AC7, 0x4AC7, 0x4AC7, 0x4AC7,
0x4AC7, 0x4AC7, 0x4AC7, 0x4AC7, 0x4AC7, 0x4AC7, 0x4AC7, 0x4AC7, 0x4AC7, 0x4AC7, 0x4AC7, 0x4AC7, 0x4AC7, 0x4AC7, 0x4AC7, 0x4AC7,
0x4AC7, 0x4AC7, 0x4AC7, 0x4AC7, 0x4AC7, 0x4AC7, 0xCE16, 0xCE16, 0xCE16, 0xCE16, 0xCE16, 0x4AC7, 0x4AC7, 0x4AC7, 0x4AC7, 0x4AC7,
0x4AC7, 0x4AC7, 0x4AC7, 0x4AC7, 0x4AC7, 0x4AC7, 0x4AC7, 0x4AC7, 0x4AC7, 0x4AC7, 0x4AC7, 0x4AC7, 0x4AC7, 0x4AC7, 0x4AC7, 0x4AC7,
0x4AC7, 0x4AC7, 0x4AC7, 0x4AC7, 0x4AC7, 0x4AC7, 0x4AC7, 0x4AC7, 0x4AC7, 0x4AC7, 0x4AC7, 0x4AC7, 0x4AC7, 0x4AC7, 0x4AC7, 0x4AC7,
0x4AC7, 0x4AC7, 0x4AC7, 0x4AC7, 0x4AC7, 0x4AC7, 0x4AC7, 0x4AC7, 0x4AC7, 0x4AC7, 0x4AC7, 0x4AC7, 0x4AC7, 0x4AC7, 0x4AC7, 0x4AC7,
0x4AC7, 0x4AC7, 0x4AC7, 0x4AC7, 0x4AC7, 0x4AC7, 0x4AC7, 0x4AC7, 0x4AC7, 0x4AC7, 0x4AC7, 0x4AC7, 0x4AC7, 0x4AC7, 0x4AC7, 0x4AC7,
0x4AC7, 0x4AC7, 0x4AC7, 0x4AC7, 0x4AC7, 0x4AC7, 0x4AC7, 0x4AC7, 0x4AC7, 0x4AC7, 0x4AC7, 0x4AC7, 0x4AC7, 0x4AC7, 0x4AC7, 0x4AC7,
0x4AC7, 0x4AC7, 0x4AC7, 0x4AC7, 0x4AC7, 0x4AC7, 0x4AC7, 0x4AC7, 0x4AC7, 0x4AC7, 0x4AC7, 0x4AC7, 0x4AC7, 0x4AC7, 0x4AC7, 0x4AC7,
0x4AC7, 0x4AC7, 0x4AC7, 0x4AC7, 0x4AC7, 0x4AC7, 0x4AC7, 0x4AC7, 0x4AC7, 0x4AC7, 0x4AC7, 0x4AC7, 0x4AC7, 0x4AC7, 0x4AC7, 0x4AC7,
0x4AC7, 0x4AC7, 0x4AC7, 0x4AC7, 0x4AC7, 0x4AC7, 0x4AC7, 0x4AC7, 0x4AC7, 0x4AC7, 0x4AC7, 0x4AC7, 0x4AC7, 0x4AC7, 0x4AC7, 0x4AC7,
0x4AC7, 0x4AC7, 0x4AC7, 0x4AC7, 0x4AC7, 0x4AC7, 0x4AC7, 0x4AC7, 0x4AC7, 0x4AC7, 0x4AC7, 0x4AC7, 0x4AC7, 0x4AC7, 0x4AC7, 0x4AC7,
0x4AC7, 0x4AC7, 0x4AC7, 0x4AC7, 0x4AC7, 0x4AC7, 0x4AC7, 0x4AC7, 0x4AC7, 0x4AC7, 0x4AC7, 0x4AC7, 0x4AC7, 0x4AC7, 0x4AC7, 0x4AC7,
0x4AC7, 0x4AC7, 0x4AC7, 0x4AC7, 0x4AC7, 0x4AC7, 0x4AC7, 0x4AC7, 0x4AC7, 0x4AC7, 0x4AC7, 0x4AC7, 0x4AC7, 0x4AC7, 0x4AC7, 0x4AC7,
0x4AC7, 0x4AC7, 0x4AC7, 0x4AC7, 0x4AC7, 0x4AC7, 0x4AC7, 0x4AC7, 0x4AC7, 0x4AC7, 0x4AC7, 0x4AC7, 0x4AC7, 0x4AC7, 0x4AC7, 0x4AC7,
0x4AC7, 0x4AC7, 0x4AC7, 0x4AC7, 0x4AC7, 0x4AC7, 0x4AC7, 0x4AC7, 0x4AC7, 0x4AC7, 0x4AC7, 0x4AC7, 0x4AC7, 0x4AC7, 0x4AC7, 0x4AC7,
0x4AC7, 0x4AC7, 0x4AC7, 0x4AC7, 0x4AC7, 0x4AC7, 0x4AC7, 0x4AC7, 0x4AC7, 0x4AC7, 0x4AC7, 0x4AC7, 0x4AC7, 0x4AC7, 0x4AC7, 0x4AC7,
0x4AC7, 0x4AC7, 0x4AC7, 0x4AC7, 0x4AC7, 0x4AC7, 0xCE16, 0xCE16, 0xCE16, 0xCE16, 0xCE16, 0x4AC7, 0x4AC7, 0x4AC7, 0x4AC7, 0x4AC7,
0x4AC7, 0x4AC7, 0x4AC7, 0x4AC7, 0x4AC7, 0x4AC7, 0x4AC7, 0x4AC7, 0x4AC7, 0x4AC7, 0x4AC7, 0x4AC7, 0x4AC7, 0x4AC7, 0x4AC7, 0x4AC7,
0x4AC7, 0x4AC7, 0x4AC7, 0x4AC7, 0x4AC7, 0x4AC7, 0x4AC7, 0x4AC7, 0x4AC7, 0x4AC7, 0x4AC7, 0x4AC7, 0x4AC7, 0x4AC7, 0x4AC7, 0x4AC7,
0x4AC7, 0x4AC7, 0x4AC7, 0x4AC7, 0x4AC7, 0x4AC7, 0x4AC7, 0x4AC7, 0x4AC7, 0x4AC7, 0x4AC7, 0x4AC7, 0x4AC7, 0x4AC7, 0x4AC7, 0x4AC7,
0x4AC7, 0x4AC7, 0x4AC7, 0x4AC7, 0x4AC7, 0x4AC7, 0x4AC7, 0x4AC7, 0x4AC7, 0x4AC7, 0x4AC7, 0x4AC7, 0x4AC7, 0x4AC7, 0x4AC7, 0x4AC7,
0x4AC7, 0x4AC7, 0x4AC7, 0x4AC7, 0x4AC7, 0x4AC7, 0x4AC7, 0x4AC7, 0x4AC7, 0x4AC7, 0x4AC7, 0x4AC7, 0x4AC7, 0x4AC7, 0x4AC7, 0x4AC7,
0x4AC7, 0x4AC7, 0x4AC7, 0x4AC7, 0x4AC7, 0x4AC7, 0x4AC7, 0x4AC7, 0x4AC7, 0x4AC7, 0x4AC7, 0x4AC7, 0x4AC7, 0x4AC7, 0x4AC7, 0x4AC7,
0x4AC7, 0x4AC7, 0x4AC7, 0x4AC7, 0x4AC7, 0x4AC7, 0x4AC7, 0x4AC7, 0x4AC7, 0x4AC7, 0x4AC7, 0x4AC7, 0x4AC7, 0x4AC7, 0x4AC7, 0x4AC7,
0x4AC7, 0x4AC7, 0x4AC7, 0x4AC7, 0x4AC7, 0x4AC7, 0x4AC7, 0x4AC7, 0x4AC7, 0x4AC7, 0x4AC7, 0x4AC7, 0x4AC7, 0x4AC7, 0x4AC7, 0x4AC7,
0x4AC7, 0x4AC7, 0x4AC7, 0x4AC7, 0x4AC7, 0x4AC7, 0x4AC7, 0x4AC7, 0x4AC7, 0x4AC7, 0x4AC7, 0x4AC7, 0x4AC7, 0x4AC7, 0x4AC7, 0x4AC7,
0x4AC7, 0x4AC7, 0x4AC7, 0x4AC7, 0x4AC7, 0x4AC7, 0x4AC7, 0x4AC7, 0x4AC7, 0x4AC7, 0x4AC7, 0x4AC7, 0x4AC7, 0x4AC7, 0x4AC7, 0x4AC7,
0x4AC7, 0x4AC7, 0x4AC7, 0x4AC7, 0x4AC7, 0x4AC7, 0x4AC7, 0x4AC7, 0x4AC7, 0x4AC7, 0x4AC7, 0x4AC7, 0x4AC7, 0x4AC7, 0x4AC7, 0x4AC7,
0x4AC7, 0x4AC7, 0x4AC7, 0x4AC7, 0x4AC7, 0x4AC7, 0x4AC7, 0x4AC7, 0x4AC7, 0x4AC7, 0x4AC7, 0x4AC7, 0x4AC7, 0x4AC7, 0x4AC7, 0x4AC7,
0x4AC7, 0x4AC7, 0x4AC7, 0x4AC7, 0x4AC7, 0x4AC7, 0x4AC7, 0x4AC7, 0x4AC7, 0x4AC7, 0x4AC7, 0x4AC7, 0x4AC7, 0x4AC7, 0x4AC7, 0x4AC7,
0x4AC7, 0x4AC7, 0x4AC7, 0x4AC7, 0x4AC7, 0x4AC7, 0x4AC7, 0x4AC7, 0x4AC7, 0x4AC7, 0x4AC7, 0x4AC7, 0x4AC7, 0x4AC7, 0x4AC7, 0x4AC7,
0x4AC7, 0x4AC7, 0x4AC7, 0x4AC7, 0x4AC7, 0x4AC7, 0xCE16, 0xCE16, 0xCE16, 0xCE16, 0xCE16, 0x4AC7, 0x4AC7, 0x4AC7, 0x4AC7, 0x4AC7,
0x4AC7, 0x4AC7, 0x4AC7, 0x4AC7, 0x4AC7, 0x4AC7, 0x4AC7, 0x4AC7, 0x4AC7, 0x4AC7, 0x4AC7, 0x4AC7, 0x4AC7, 0x4AC7, 0x4AC7, 0x4AC7,
0x4AC7, 0x4AC7, 0x4AC7, 0x4AC7, 0x4AC7, 0x4AC7, 0x4AC7, 0x4AC7, 0x4AC7, 0x4AC7, 0x4AC7, 0x4AC7, 0x4AC7, 0x4AC7, 0x4AC7, 0x4AC7,
0x4AC7, 0x4AC7, 0x4AC7, 0x4AC7, 0x4AC7, 0x4AC7, 0x4AC7, 0x4AC7, 0x4AC7, 0x4AC7, 0x4AC7, 0x4AC7, 0x4AC7, 0x4AC7, 0x4AC7, 0x4AC7,
0x4AC7, 0x4AC7, 0x4AC7, 0x4AC7, 0x4AC7, 0x4AC7, 0x4AC7, 0x4AC7, 0x4AC7, 0x4AC7, 0x4AC7, 0x4AC7, 0x4AC7, 0x4AC7, 0x4AC7, 0x4AC7,
0x4AC7, 0x4AC7, 0x4AC7, 0x4AC7, 0x4AC7, 0x4AC7, 0x4AC7, 0x4AC7, 0x4AC7, 0x4AC7, 0x4AC7, 0x4AC7, 0x4AC7, 0x4AC7, 0x4AC7, 0x4AC7,
0x4AC7, 0x4AC7, 0x4AC7, 0x4AC7, 0x4AC7, 0x4AC7, 0x4AC7, 0x4AC7, 0x4AC7, 0x4AC7, 0x4AC7, 0x4AC7, 0x4AC7, 0x4AC7, 0x4AC7, 0x4AC7,
0x4AC7, 0x4AC7, 0x4AC7, 0x4AC7, 0x4AC7, 0x4AC7, 0x4AC7, 0x4AC7, 0x4AC7, 0x4AC7, 0x4AC7, 0x4AC7, 0x4AC7, 0x4AC7, 0x4AC7, 0x4AC7,
0x5B48, 0x5B48, 0x5B48, 0x5B48, 0x5B48, 0x5B48, 0x5B48, 0x5B48, 0x5B48, 0x5B48, 0x5B48, 0x5B48, 0x5B48, 0x5B48, 0x5B48, 0x5B48,
0x5B48, 0x5B48, 0x5B48, 0x5B48, 0x5B48, 0x5B48, 0x5B48, 0x5B48, 0x5B48, 0x5B48, 0x5B48, 0x5B48, 0x5B48, 0x5B48, 0x5B48, 0x5B48,
0x5B48, 0x5B48, 0x5B48, 0x5B48, 0x5B48, 0x5B48, 0x5B48, 0x5B48, 0x5B48, 0x5B48, 0x5B48, 0x5B48, 0x5B48, 0x5B48, 0x5B48, 0x5B48,
0x5B48, 0x5B48, 0x5B48, 0x5B48, 0x5B48, 0x5B48, 0x5B48, 0x5B48, 0x5B48, 0x5B48, 0x5B48, 0x5B48, 0x5B48, 0x5B48, 0x5B48, 0x5B48,
0x5B48, 0x5B48, 0x5B48, 0x5B48, 0x5B48, 0x5B48, 0x5B48, 0x5B48, 0x5B48, 0x5B48, 0x5B48, 0x5B48, 0x5B48, 0x5B48, 0x5B48, 0x5B48,
0x5B48, 0x5B48, 0x5B48, 0x5B48, 0x5B48, 0x5B48, 0x5B48, 0x5B48, 0x5B48, 0x5B48, 0x5B48, 0x5B48, 0x5B48, 0x5B48, 0x5B48, 0x5B48,
0x5B48, 0x5B48, 0x5B48, 0x5B48, 0x5B48, 0x5B48, 0x5B48, 0x5B48, 0x5B48, 0x5B48, 0x5B48, 0x5B48, 0x5B48, 0x5B48, 0x5B48, 0x5B48,
0x5B48, 0x5B48, 0x5B48, 0x5B48, 0x5B48, 0x5B48, 0xCE16, 0xCE16, 0xCE16, 0xCE16, 0xCE16, 0x5B48, 0x5B48, 0x5B48, 0x5B48, 0x5B48,
0x5B48, 0x5B48, 0x5B48, 0x5B48, 0x5B48, 0x5B48, 0x5B48, 0x5B48, 0x5B48, 0x5B48, 0x5B48, 0x5B48, 0x5B48, 0x5B48, 0x5B48, 0x5B48,
0x5B48, 0x5B48, 0x5B48, 0x5B48, 0x5B48, 0x5B48, 0x5B48, 0x5B48, 0x5B48, 0x5B48, 0x5B48, 0x5B48, 0x5B48, 0x5B48, 0x5B48, 0x5B48,
0x5B48, 0x5B48, 0x5B48, 0x5B48, 0x5B48, 0x5B48, 0x5B48, 0x5B48, 0x5B48, 0x5B48, 0x5B48, 0x5B48, 0x5B48, 0x5B48, 0x5B48, 0x5B48,
0x5B48, 0x5B48, 0x5B48, 0x5B48, 0x5B48, 0x5B48, 0x5B48, 0x5B48, 0x5B48, 0x5B48, 0x5B48, 0x5B48, 0x5B48, 0x5B48, 0x5B48, 0x5B48,
0x5B48, 0x5B48, 0x5B48, 0x5B48, 0x5B48, 0x5B48, 0x5B48, 0x5B48, 0x5B48, 0x5B48, 0x5B48, 0x5B48, 0x5B48, 0x5B48, 0x5B48, 0x5B48,
0x5B48, 0x5B48, 0x5B48, 0x5B48, 0x5B48, 0x5B48, 0x5B48, 0x5B48, 0x5B48, 0x5B48, 0x5B48, 0x5B48, 0x5B48, 0x5B48, 0x5B48, 0x5B48,
0x5B48, 0x5B48, 0x5B48, 0x5B48, 0x5B48, 0x5B48, 0x5B48, 0x5B48, 0x5B48, 0x5B48, 0x5B48, 0x5B48, 0x5B48, 0x5B48, 0x5B48, 0x5B48,
0x5B48, 0x5B48, 0x5B48, 0x5B48, 0x5B48, 0x5B48, 0x5B48, 0x5B48, 0x5B48, 0x5B48, 0x5B48, 0x5B48, 0x5B48, 0x5B48, 0x5B48, 0x5B48,
0x5B48, 0x5B48, 0x5B48, 0x5B48, 0x5B48, 0x5B48, 0x5B48, 0x5B48, 0x5B48, 0x5B48, 0x5B48, 0x5B48, 0x5B48, 0x5B48, 0x5B48, 0x5B48,
0x5B48, 0x5B48, 0x5B48, 0x5B48, 0x5B48, 0x5B48, 0x5B48, 0x5B48, 0x5B48, 0x5B48, 0x5B48, 0x5B48, 0x5B48, 0x5B48, 0x5B48, 0x5B48,
0x5B48, 0x5B48, 0x5B48, 0x5B48, 0x5B48, 0x5B48, 0x5B48, 0x5B48, 0x5B48, 0x5B48, 0x5B48, 0x5B48, 0x5B48, 0x5B48, 0x5B48, 0x5B48,
0x5B48, 0x5B48, 0x5B48, 0x5B48, 0x5B48, 0x5B48, 0x5B48, 0x5B48, 0x5B48, 0x5B48, 0x5B48, 0x5B48, 0x5B48, 0x5B48, 0x5B48, 0x5B48,
0x5B48, 0x5B48, 0x5B48, 0x5B48, 0x5B48, 0x5B48, 0x5B48, 0x5B48, 0x5B48, 0x5B48, 0x5B48, 0x5B48, 0x5B48, 0x5B48, 0x5B48, 0x5B48,
0x5B48, 0x5B48, 0x5B48, 0x5B48, 0x5B48, 0x5B48, 0x5B48, 0x5B48, 0x5B48, 0x5B48, 0x5B48, 0x5B48, 0x5B48, 0x5B48, 0x5B48, 0x5B48,
0x5B48, 0x5B48, 0x5B48, 0x5B48, 0x5B48, 0x5B48, 0xCE16, 0xCE16, 0xCE16, 0xCE16, 0xCE16, 0x5B48, 0x5B48, 0x5B48, 0x5B48, 0x5B48,
0x5B48, 0x5B48, 0x5B48, 0x5B48, 0x5B48, 0x5B48, 0x5B48, 0x5B48, 0x5B48, 0x5B48, 0x5B48, 0x5B48, 0x5B48, 0x5B48, 0x5B48, 0x5B48,
0x5B48, 0x5B48, 0x5B48, 0x5B48, 0x5B48, 0x5B48, 0x5B48, 0x5B48, 0x5B48, 0x5B48, 0x5B48, 0x5B48, 0x5B48, 0x5B48, 0x5B48, 0x5B48,
0x5B48, 0x5B48, 0x5B48, 0x5B48, 0x5B48, 0x5B48, 0x5B48, 0x5B48, 0x5B48, 0x5B48, 0x5B48, 0x5B48, 0x5B48, 0x5B48, 0x5B48, 0x5B48,
0x5B48, 0x5B48, 0x5B48, 0x5B48, 0x5B48, 0x5B48, 0x5B48, 0x5B48, 0x5B48, 0x5B48, 0x5B48, 0x5B48, 0x5B48, 0x5B48, 0x5B48, 0x5B48,
0x5B48, 0x5B48, 0x5B48, 0x5B48, 0x5B48, 0x5B48, 0x5B48, 0x5B48, 0x5B48, 0x5B48, 0x5B48, 0x5B48, 0x5B48, 0x5B48, 0x5B48, 0x5B48,
0x5B48, 0x5B48, 0x5B48, 0x5B48, 0x5B48, 0x5B48, 0x5B48, 0x5B48, 0x5B48, 0x5B48, 0x5B48, 0x5B48, 0x5B48, 0x5B48, 0x5B48, 0x5B48,
0x5B48, 0x5B48, 0x5B48, 0x5B48, 0x5B48, 0x5B48, 0x5B48, 0x5B48, 0x5B48, 0x5B48, 0x5B48, 0x5B48, 0x5B48, 0x5B48, 0x5B48, 0x5B48,
0x5B48, 0x5B48, 0x5B48, 0x5B48, 0x5B48, 0x5B48, 0x5B48, 0x5B48, 0x5B48, 0x5B48, 0x5B48, 0x5B48, 0x5B48, 0x5B48, 0x5B48, 0x5B48,
0x5B48, 0x5B48, 0x5B48, 0x5B48, 0x5B48, 0x5B48, 0x5B48, 0x5B48, 0x5B48, 0x5B48, 0x5B48, 0x5B48, 0x5B48, 0x5B48, 0x5B48, 0x5B48,
0x5B48, 0x5B48, 0x5B48, 0x5B48, 0x5B48, 0x5B48, 0x5B48, 0x5B48, 0x5B48, 0x5B48, 0x5B48, 0x5B48, 0x5B48, 0x5B48, 0x5B48, 0x5B48,
0x5B48, 0x5B48, 0x5B48, 0x5B48, 0x5B48, 0x5B48, 0x5B48, 0x5B48, 0x5B48, 0x5B48, 0x5B48, 0x5B48, 0x5B48, 0x5B48, 0x5B48, 0x5B48,
0x5B48, 0x5B48, 0x5B48, 0x5B48, 0x5B48, 0x5B48, 0x5B48, 0x5B48, 0x5B48, 0x5B48, 0x5B48, 0x5B48, 0x5B48, 0x5B48, 0x5B48, 0x5B48,
0x5B48, 0x5B48, 0x5B48, 0x5B48, 0x5B48, 0x5B48, 0x5B48, 0x5B48, 0x5B48, 0x5B48, 0x5B48, 0x5B48, 0x5B48, 0x5B48, 0x5B48, 0x5B48,
0x5B48, 0x5B48, 0x5B48, 0x5B48, 0x5B48, 0x5B48, 0x5B48, 0x5B48, 0x5B48, 0x5B48, 0x5B48, 0x5B48, 0x5B48, 0x5B48, 0x5B48, 0x5B48,
0x5B48, 0x5B48, 0x5B48, 0x5B48, 0x5B48, 0x5B48, 0xCE16, 0xCE16, 0xCE16, 0xCE16, 0xCE16, 0x5B48, 0x5B48, 0x5B48, 0x5B48, 0x5B48,
0x5B48, 0x5B48, 0x5B48, 0x5B48, 0x5B48, 0x5B48, 0x5B48, 0x5B48, 0x5B48, 0x5B48, 0x5B48, 0x5B48, 0x5B48, 0x5B48, 0x5B48, 0x5B48,
0x5B48, 0x5B48, 0x5B48, 0x5B48, 0x5B48, 0x5B48, 0x5B48, 0x5B48, 0x5B48, 0x5B48, 0x5B48, 0x5B48, 0x5B48, 0x5B48, 0x5B48, 0x5B48,
0x5B48, 0x5B48, 0x5B48, 0x5B48, 0x5B48, 0x5B48, 0x5B48, 0x5B48, 0x5B48, 0x5B48, 0x5B48, 0x5B48, 0x5B48, 0x5B48, 0x5B48, 0x5B48,
0x5B48, 0x5B48, 0x5B48, 0x5B48, 0x5B48, 0x5B48, 0x5B48, 0x5B48, 0x5B48, 0x5B48, 0x5B48, 0x5B48, 0x5B48, 0x5B48, 0x5B48, 0x5B48,
0x5B48, 0x5B48, 0x5B48, 0x5B48, 0x5B48, 0x5B48, 0x5B48, 0x5B48, 0x5B48, 0x5B48, 0x5B48, 0x5B48, 0x5B48, 0x5B48, 0x5B48, 0x5B48,
0x5B48, 0x5B48, 0x5B48, 0x5B48, 0x5B48, 0x5B48, 0x5B48, 0x5B48, 0x5B48, 0x5B48, 0x5B48, 0x5B48, 0x5B48, 0x5B48, 0x5B48, 0x5B48,
0x5B48, 0x5B48, 0x5B48, 0x5B48, 0x5B48, 0x5B48, 0x5B48, 0x5B48, 0x5B48, 0x5B48, 0x5B48, 0x5B48, 0x5B48, 0x5B48, 0x5B48, 0x5B48,
0x5B48, 0x5B48, 0x5B48, 0x5B48, 0x5B48, 0x5B48, 0x5B48, 0x5B48, 0x5B48, 0x5B48, 0x5B48, 0x5B48, 0x5B48, 0x5B48, 0x5B48, 0x5B48,
0x5B48, 0x5B48, 0x5B48, 0x5B48, 0x5B48, 0x5B48, 0x5B48, 0x5B48, 0x5B48, 0x5B48, 0x5B48, 0x5B48, 0x5B48, 0x5B48, 0x5B48, 0x5B48,
0x5B48, 0x5B48, 0x5B48, 0x5B48, 0x5B48, 0x5B48, 0x5B48, 0x5B48, 0x5B48, 0x5B48, 0x5B48, 0x5B48, 0x5B48, 0x5B48, 0x5B48, 0x5B48,
0x5B48, 0x5B48, 0x5B48, 0x5B48, 0x5B48, 0x5B48, 0x5B48, 0x5B48, 0x5B48, 0x5B48, 0x5B48, 0x5B48, 0x5B48, 0x5B48, 0x5B48, 0x5B48,
0x5B48, 0x5B48, 0x5B48, 0x5B48, 0x5B48, 0x5B48, 0x5B48, 0x5B48, 0x5B48, 0x5B48, 0x5B48, 0x5B48, 0x5B48, 0x5B48, 0x5B48, 0x5B48,
0x5B48, 0x5B48, 0x5B48, 0x5B48, 0x5B48, 0x5B48, 0x5B48, 0x5B48, 0x5B48, 0x5B48, 0x5B48, 0x5B48, 0x5B48, 0x5B48, 0x5B48, 0x5B48,
0x5B48, 0x5B48, 0x5B48, 0x5B48, 0x5B48, 0x5B48, 0x5B48, 0x5B48, 0x5B48, 0x5B48, 0x5B48, 0x5B48, 0x5B48, 0x5B48, 0x5B48, 0x5B48,
0x5B48, 0x5B48, 0x5B48, 0x5B48, 0x5B48, 0x5B48, 0xCE16, 0xCE16, 0xCE16, 0xCE16, 0xCE16, 0x5B48, 0x5B48, 0x5B48, 0x5B48, 0x5B48,
0x5B48, 0x5B48, 0x5B48, 0x5B48, 0x5B48, 0x5B48, 0x5B48, 0x5B48, 0x5B48, 0x5B48, 0x5B48, 0x5B48, 0x5B48, 0x5B48, 0x5B48, 0x5B48,
0x5B48, 0x5B48, 0x5B48, 0x5B48, 0x5B48, 0x5B48, 0x5B48, 0x5B48, 0x5B48, 0x5B48, 0x5B48, 0x5B48, 0x5B48, 0x5B48, 0x5B48, 0x5B48,
0x5B48, 0x5B48, 0x5B48, 0x5B48, 0x5B48, 0x5B48, 0x5B48, 0x5B48, 0x5B48, 0x5B48, 0x5B48, 0x5B48, 0x5B48, 0x5B48, 0x5B48, 0x5B48,
0x5B48, 0x5B48, 0x5B48, 0x5B48, 0x5B48, 0x5B48, 0x5B48, 0x5B48, 0x5B48, 0x5B48, 0x5B48, 0x5B48, 0x5B48, 0x5B48, 0x5B48, 0x5B48,
0x5B48, 0x5B48, 0x5B48, 0x5B48, 0x5B48, 0x5B48, 0x5B48, 0x5B48, 0x5B48, 0x5B48, 0x5B48, 0x5B48, 0x5B48, 0x5B48, 0x5B48, 0x5B48,
0x5B48, 0x5B48, 0x5B48, 0x5B48, 0x5B48, 0x5B48, 0x5B48, 0x5B48, 0x5B48, 0x5B48, 0x5B48, 0x5B48, 0x5B48, 0x5B48, 0x5B48, 0x5B48,
0x5B48, 0x5B48, 0x5B48, 0x5B48, 0x5B48, 0x5B48, 0x5B48, 0x5B48, 0x5B48, 0x5B48, 0x5B48, 0x5B48, 0x5B48, 0x5B48, 0x5B48, 0x5B48,
0x5B48, 0x5B48, 0x5B48, 0x5B48, 0x5B48, 0x5B48, 0x5B48, 0x5B48, 0x5B48, 0x5B48, 0x5B48, 0x5B48, 0x5B48, 0x5B48, 0x5B48, 0x5B48,
0x5B48, 0x5B48, 0x5B48, 0x5B48, 0x5B48, 0x5B48, 0x5B48, 0x5B48, 0x5B48, 0x5B48, 0x5B48, 0x5B48, 0x5B48, 0x5B48, 0x5B48, 0x5B48,
0x4983, 0x4983, 0x4983, 0x4983, 0x4983, 0x4983, 0x4983, 0x5B48, 0x5B48, 0x5B48, 0x5B48, 0x5B48, 0x5B48, 0x5B48, 0x5B48, 0x5B48,
0x5B48, 0x5B48, 0x5B48, 0x5B48, 0x5B48, 0x5B48, 0x5B48, 0x5B48, 0x5B48, 0x5B48, 0x5B48, 0x5B48, 0x5B48, 0x5B48, 0x5B48, 0x5B48,
0x5B48, 0x5B48, 0x5B48, 0x5B48, 0x5B48, 0x5B48, 0x5B48, 0x5B48, 0x5B48, 0x5B48, 0x5B48, 0x5B48, 0x5B48, 0x5B48, 0x5B48, 0x5B48,
0x5B48, 0x5B48, 0x5B48, 0x5B48, 0x5B48, 0x5B48, 0x5B48, 0x5B48, 0x5B48, 0x5B48, 0x5B48, 0x5B48, 0x5B48, 0x5B48, 0x5B48, 0x5B48,
0x5B48, 0x5B48, 0x5B48, 0x5B48, 0x5B48, 0x5B48, 0x5B48, 0x5B48, 0x5B48, 0x5B48, 0x5B48, 0x5B48, 0x5B48, 0x5B48, 0x5B48, 0x5B48,
0x5B48, 0x5B48, 0x5B48, 0x5B48, 0x5B48, 0x5B48, 0xCE16, 0xCE16, 0xCE16, 0xCE16, 0xCE16, 0x5B48, 0x5B48, 0x5B48, 0x5B48, 0x5B48,
0x5B48, 0x5B48, 0x5B48, 0x5B48, 0x5B48, 0x5B48, 0x5B48, 0x5B48, 0x5B48, 0x5B48, 0x5B48, 0x5B48, 0x5B48, 0x5B48, 0x5B48, 0x5B48,
0x5B48, 0x5B48, 0x5B48, 0x5B48, 0x5B48, 0x5B48, 0x5B48, 0x5B48, 0x5B48, 0x5B48, 0x5B48, 0x5B48, 0x5B48, 0x5B48, 0x5B48, 0x5B48,
0x5B48, 0x5B48, 0x5B48, 0x5B48, 0x5B48, 0x5B48, 0x5B48, 0x5B48, 0x5B48, 0x5B48, 0x5B48, 0x5B48, 0x5B48, 0x5B48, 0x5B48, 0x5B48,
0x5B48, 0x5B48, 0x5B48, 0x5B48, 0x5B48, 0x5B48, 0x5B48, 0x5B48, 0x5B48, 0x5B48, 0x5B48, 0x5B48, 0x5B48, 0x5B48, 0x5B48, 0x5B48,
0x5B48, 0x5B48, 0x5B48, 0x5B48, 0x5B48, 0x5B48, 0x5B48, 0x5B48, 0x5B48, 0x5B48, 0x5B48, 0x5B48, 0x5B48, 0x5B48, 0x5B48, 0x5B48,
0x5B48, 0x5B48, 0x5B48, 0x5B48, 0x5B48, 0x5B48, 0x5B48, 0x5B48, 0x5B48, 0x5B48, 0x5B48, 0x5B48, 0x5B48, 0x5B48, 0x5B48, 0x5B48,
0x5B48, 0x5B48, 0x5B48, 0x5B48, 0x5B48, 0x5B48, 0x5B48, 0x5B48, 0x5B48, 0x5B48, 0x5B48, 0x5B48, 0x5B48, 0x5B48, 0x5B48, 0x5B48,
0x5B48, 0x5B48, 0x5B48, 0x5B48, 0x5B48, 0x5B48, 0x5B48, 0x5B48, 0x5B48, 0x5B48, 0x5B48, 0x5B48, 0x5B48, 0x5B48, 0x5B48, 0x5B48,
0x5B48, 0x5B48, 0x5B48, 0x5B48, 0x5B48, 0x5B48, 0x5B48, 0x5B48, 0x5B48, 0x5B48, 0x5B48, 0x5B48, 0x5B48, 0x5B48, 0x5B48, 0x4983,
0x4983, 0x4983, 0x4983, 0x4983, 0x4983, 0x4983, 0x4983, 0x4983, 0x5B48, 0x5B48, 0x5B48, 0x5B48, 0x5B48, 0x5B48, 0x5B48, 0x5B48,
0x5B48, 0x5B48, 0x5B48, 0x5B48, 0x5B48, 0x5B48, 0x5B48, 0x5B48, 0x5B48, 0x5B48, 0x5B48, 0x5B48, 0x5B48, 0x5B48, 0x5B48, 0x5B48,
0x5B48, 0x5B48, 0x5B48, 0x5B48, 0x5B48, 0x5B48, 0x5B48, 0x5B48, 0x5B48, 0x5B48, 0x5B48, 0x5B48, 0x5B48, 0x5B48, 0x5B48, 0x5B48,
0x5B48, 0x5B48, 0x5B48, 0x5B48, 0x5B48, 0x5B48, 0x5B48, 0x5B48, 0x5B48, 0x5B48, 0x5B48, 0x5B48, 0x5B48, 0x5B48, 0x5B48, 0x5B48,
0x5B48, 0x5B48, 0x5B48, 0x5B48, 0x5B48, 0x5B48, 0x5B48, 0x5B48, 0x5B48, 0x5B48, 0x5B48, 0x5B48, 0x5B48, 0x5B48, 0x5B48, 0x5B48,
0x5B48, 0x5B48, 0x5B48, 0x5B48, 0x5B48, 0x5B48, 0xCE16, 0xCE16, 0xCE16, 0xCE16, 0xCE16, 0x5B48, 0x5B48, 0x5B48, 0x5B48, 0x5B48,
0x5B48, 0x5B48, 0x5B48, 0x5B48, 0x5B48, 0x5B48, 0x5B48, 0x5B48, 0x5B48, 0x5B48, 0x5B48, 0x5B48, 0x5B48, 0x5B48, 0x5B48, 0x5B48,
0x5B48, 0x5B48, 0x5B48, 0x5B48, 0x5B48, 0x5B48, 0x5B48, 0x5B48, 0x5B48, 0x5B48, 0x5B48, 0x5B48, 0x5B48, 0x5B48, 0x5B48, 0x5B48,
0x5B48, 0x5B48, 0x5B48, 0x5B48, 0x5B48, 0x5B48, 0x5B48, 0x5B48, 0x5B48, 0x5B48, 0x5B48, 0x5B48, 0x5B48, 0x5B48, 0x5B48, 0x5B48,
0x5B48, 0x5B48, 0x5B48, 0x5B48, 0x5B48, 0x5B48, 0x5B48, 0x5B48, 0x5B48, 0x5B48, 0x5B48, 0x5B48, 0x5B48, 0x5B48, 0x5B48, 0x5B48,
0x5B48, 0x5B48, 0x5B48, 0x5B48, 0x5B48, 0x5B48, 0x5B48, 0x5B48, 0x5B48, 0x5B48, 0x5B48, 0x5B48, 0x5B48, 0x5B48, 0x5B48, 0x5B48,
0x5B48, 0x5B48, 0x5B48, 0x5B48, 0x5B48, 0x5B48, 0x5B48, 0x5B48, 0x5B48, 0x5B48, 0x5B48, 0x5B48, 0x5B48, 0x5B48, 0x5B48, 0x5B48,
0x5B48, 0x5B48, 0x5B48, 0x5B48, 0x5B48, 0x5B48, 0x5B48, 0x5B48, 0x5B48, 0x5B48, 0x5B48, 0x5B48, 0x5B48, 0x5B48, 0x5B48, 0x5B48,
0x5B48, 0x5B48, 0x5B48, 0x5B48, 0x5B48, 0x5B48, 0x5B48, 0x5B48, 0x5B48, 0x5B48, 0x5B48, 0x5B48, 0x5B48, 0x5B48, 0x5B48, 0x5B48,
0x5B48, 0x5B48, 0x5B48, 0x5B48, 0x5B48, 0x5B48, 0x5B48, 0x5B48, 0x5B48, 0x5B48, 0x5B48, 0x5B48, 0x5B48, 0x5B48, 0x4983, 0x4983,
0x4983, 0x4983, 0x4983, 0x4983, 0x4983, 0x4983, 0x4983, 0x4983, 0x4983, 0x5B48, 0x5B48, 0x5B48, 0x5B48, 0x5B48, 0x5B48, 0x5B48,
0x5B48, 0x5B48, 0x5B48, 0x5B48, 0x5B48, 0x5B48, 0x5B48, 0x5B48, 0x5B48, 0x5B48, 0x5B48, 0x5B48, 0x5B48, 0x5B48, 0x5B48, 0x5B48,
0x5B48, 0x5B48, 0x5B48, 0x5B48, 0x5B48, 0x5B48, 0x5B48, 0x5B48, 0x5B48, 0x5B48, 0x5B48, 0x5B48, 0x5B48, 0x5B48, 0x5B48, 0x5B48,
0x5B48, 0x5B48, 0x5B48, 0x5B48, 0x5B48, 0x5B48, 0x5B48, 0x5B48, 0x5B48, 0x5B48, 0x5B48, 0x5B48, 0x5B48, 0x5B48, 0x5B48, 0x5B48,
0x5B48, 0x5B48, 0x5B48, 0x5B48, 0x5B48, 0x5B48, 0x5B48, 0x5B48, 0x5B48, 0x5B48, 0x5B48, 0x5B48, 0x5B48, 0x5B48, 0x5B48, 0x5B48,
0x5B48, 0x5B48, 0x5B48, 0x5B48, 0x5B48, 0x5B48, 0xCE16, 0xCE16, 0xCE16, 0xCE16, 0xCE16, 0x5B48, 0x5B48, 0x5B48, 0x5B48, 0x5B48,
0x5B48, 0x5B48, 0x5B48, 0x5B48, 0x5B48, 0x5B48, 0x5B48, 0x5B48, 0x5B48, 0x5B48, 0x5B48, 0x5B48, 0x5B48, 0x5B48, 0x5B48, 0x5B48,
0x5B48, 0x5B48, 0x5B48, 0x5B48, 0x5B48, 0x5B48, 0x5B48, 0x5B48, 0x5B48, 0x5B48, 0x5B48, 0x5B48, 0x5B48, 0x5B48, 0x5B48, 0x5B48,
0x5B48, 0x5B48, 0x5B48, 0x5B48, 0x5B48, 0x5B48, 0x5B48, 0x5B48, 0x5B48, 0x5B48, 0x5B48, 0x5B48, 0x5B48, 0x5B48, 0x5B48, 0x5B48,
0x5B48, 0x5B48, 0x5B48, 0x5B48, 0x5B48, 0x5B48, 0x5B48, 0x5B48, 0x5B48, 0x5B48, 0x5B48, 0x5B48, 0x5B48, 0x5B48, 0x5B48, 0x5B48,
0x5B48, 0x5B48, 0x5B48, 0x5B48, 0x5B48, 0x5B48, 0x5B48, 0x5B48, 0x5B48, 0x5B48, 0x5B48, 0x5B48, 0x5B48, 0x5B48, 0x5B48, 0x5B48,
0x5B48, 0x5B48, 0x5B48, 0x5B48, 0x5B48, 0x5B48, 0x5B48, 0x5B48, 0x5B48, 0x5B48, 0x5B48, 0x5B48, 0x5B48, 0x5B48, 0x5B48, 0x5B48,
0x5B48, 0x5B48, 0x5B48, 0x5B48, 0x5B48, 0x5B48, 0x5B48, 0x5B48, 0x5B48, 0x5B48, 0x5B48, 0x5B48, 0x5B48, 0x5B48, 0x5B48, 0x5B48,
0x5B48, 0x5B48, 0x5B48, 0x5B48, 0x5B48, 0x5B48, 0x5B48, 0x5B48, 0x5B48, 0x5B48, 0x5B48, 0x5B48, 0x5B48, 0x5B48, 0x5B48, 0x5B48,
0x5B48, 0x5B48, 0x5B48, 0x5B48, 0x5B48, 0x5B48, 0x5B48, 0x5B48, 0x5B48, 0x5B48, 0x5B48, 0x5B48, 0x5B48, 0x4983, 0x4983, 0x4983,
0x4983, 0x4983, 0x4983, 0x4983, 0x4983, 0x4983, 0x4983, 0x4983, 0x4983, 0x4983, 0x5B48, 0x5B48, 0x5B48, 0x5B48, 0x5B48, 0x5B48,
0x5B48, 0x5B48, 0x5B48, 0x5B48, 0x5B48, 0x5B48, 0x5B48, 0x5B48, 0x5B48, 0x5B48, 0x5B48, 0x5B48, 0x5B48, 0x5B48, 0x5B48, 0x5B48,
0x5B48, 0x5B48, 0x5B48, 0x5B48, 0x5B48, 0x5B48, 0x5B48, 0x5B48, 0x5B48, 0x5B48, 0x5B48, 0x5B48, 0x5B48, 0x5B48, 0x5B48, 0x5B48,
0x5B48, 0x5B48, 0x5B48, 0x5B48, 0x5B48, 0x5B48, 0x5B48, 0x5B48, 0x5B48, 0x5B48, 0x5B48, 0x5B48, 0x5B48, 0x5B48, 0x5B48, 0x5B48,
0x5B48, 0x5B48, 0x5B48, 0x5B48, 0x5B48, 0x5B48, 0x5B48, 0x5B48, 0x5B48, 0x5B48, 0x5B48, 0x5B48, 0x5B48, 0x5B48, 0x5B48, 0x5B48,
0x5B48, 0x5B48, 0x5B48, 0x5B48, 0x5B48, 0x5B48, 0xCE16, 0xCE16, 0xCE16, 0xCE16, 0xCE16, 0x5B48, 0x5B48, 0x5B48, 0x5B48, 0x5B48,
0x5B48, 0x5B48, 0x5B48, 0x5B48, 0x5B48, 0x5B48, 0x5B48, 0x5B48, 0x5B48, 0x5B48, 0x5B48, 0x5B48, 0x5B48, 0x5B48, 0x5B48, 0x5B48,
0x5B48, 0x5B48, 0x5B48, 0x5B48, 0x5B48, 0x5B48, 0x5B48, 0x5B48, 0x5B48, 0x5B48, 0x5B48, 0x5B48, 0x5B48, 0x5B48, 0x5B48, 0x5B48,
0x5B48, 0x5B48, 0x5B48, 0x5B48, 0x5B48, 0x5B48, 0x5B48, 0x5B48, 0x5B48, 0x5B48, 0x5B48, 0x5B48, 0x5B48, 0x5B48, 0x5B48, 0x5B48,
0x5B48, 0x5B48, 0x5B48, 0x5B48, 0x5B48, 0x5B48, 0x5B48, 0x5B48, 0x5B48, 0x5B48, 0x5B48, 0x5B48, 0x5B48, 0x5B48, 0x5B48, 0x5B48,
0x5B48, 0x5B48, 0x5B48, 0x5B48, 0x5B48, 0x5B48, 0x5B48, 0x5B48, 0x5B48, 0x5B48, 0x5B48, 0x5B48, 0x5B48, 0x5B48, 0x5B48, 0x5B48,
0x5B48, 0x5B48, 0x5B48, 0x5B48, 0x5B48, 0x5B48, 0x5B48, 0x5B48, 0x5B48, 0x5B48, 0x5B48, 0x5B48, 0x5B48, 0x5B48, 0x5B48, 0x5B48,
0x5B48, 0x5B48, 0x5B48, 0x5B48, 0x5B48, 0x5B48, 0x5B48, 0x5B48, 0x5B48, 0x5B48, 0x5B48, 0x5B48, 0x5B48, 0x5B48, 0x5B48, 0x5B48,
0x5B48, 0x5B48, 0x5B48, 0x5B48, 0x5B48, 0x5B48, 0x5B48, 0x5B48, 0x5B48, 0x5B48, 0x5B48, 0x5B48, 0x5B48, 0x5B48, 0x5B48, 0x5B48,
0x5B48, 0x5B48, 0x5B48, 0x5B48, 0x5B48, 0x5B48, 0x5B48, 0x5B48, 0x5B48, 0x5B48, 0x5B48, 0x5B48, 0x5B48, 0x4983, 0x4983, 0x4983,
0x4983, 0x4983, 0x4983, 0x4983, 0x4983, 0x4983, 0x4983, 0x4983, 0x4983, 0x4983, 0x5B48, 0x5B48, 0x5B48, 0x5B48, 0x5B48, 0x5B48,
0x5B48, 0x5B48, 0x5B48, 0x5B48, 0x5B48, 0x5B48, 0x5B48, 0x5B48, 0x5B48, 0x5B48, 0x5B48, 0x5B48, 0x5B48, 0x5B48, 0x5B48, 0x5B48,
0x5B48, 0x5B48, 0x5B48, 0x5B48, 0x5B48, 0x5B48, 0x5B48, 0x5B48, 0x5B48, 0x5B48, 0x5B48, 0x5B48, 0x5B48, 0x5B48, 0x5B48, 0x5B48,
0x5B48, 0x5B48, 0x5B48, 0x5B48, 0x5B48, 0x5B48, 0x5B48, 0x5B48, 0x5B48, 0x5B48, 0x5B48, 0x5B48, 0x5B48, 0x5B48, 0x5B48, 0x5B48,
0x5B48, 0x5B48, 0x5B48, 0x5B48, 0x5B48, 0x5B48, 0x5B48, 0x5B48, 0x5B48, 0x5B48, 0x5B48, 0x5B48, 0x5B48, 0x5B48, 0x5B48, 0x5B48,
0x5B48, 0x5B48, 0x5B48, 0x5B48, 0x5B48, 0x5B48, 0xCE16, 0xCE16, 0xCE16, 0xCE16, 0xCE16, 0x5B48, 0x5B48, 0x5B48, 0x5B48, 0x5B48,
0x5B48, 0x5B48, 0x5B48, 0x5B48, 0x5B48, 0x5B48, 0x5B48, 0x5B48, 0x5B48, 0x5B48, 0x5B48, 0x5B48, 0x5B48, 0x5B48, 0x5B48, 0x5B48,
0x5B48, 0x5B48, 0x5B48, 0x5B48, 0x5B48, 0x5B48, 0x5B48, 0x5B48, 0x5B48, 0x5B48, 0x5B48, 0x5B48, 0x5B48, 0x5B48, 0x5B48, 0x5B48,
0x5B48, 0x5B48, 0x5B48, 0x5B48, 0x5B48, 0x5B48, 0x5B48, 0x5B48, 0x5B48, 0x5B48, 0x5B48, 0x5B48, 0x5B48, 0x5B48, 0x5B48, 0x5B48,
0x5B48, 0x5B48, 0x5B48, 0x5B48, 0x5B48, 0x5B48, 0x5B48, 0x5B48, 0x5B48, 0x5B48, 0x5B48, 0x5B48, 0x5B48, 0x5B48, 0x5B48, 0x5B48,
0x5B48, 0x5B48, 0x5B48, 0x5B48, 0x5B48, 0x5B48, 0x5B48, 0x5B48, 0x5B48, 0x5B48, 0x5B48, 0x5B48, 0x5B48, 0x5B48, 0x5B48, 0x5B48,
0x5B48, 0x5B48, 0x5B48, 0x5B48, 0x5B48, 0x5B48, 0x5B48, 0x5B48, 0x5B48, 0x5B48, 0x5B48, 0x5B48, 0x5B48, 0x5B48, 0x5B48, 0x5B48,
0x5B48, 0x5B48, 0x5B48, 0x5B48, 0x5B48, 0x5B48, 0x5B48, 0x5B48, 0x5B48, 0x5B48, 0x5B48, 0x5B48, 0x5B48, 0x5B48, 0x5B48, 0x5B48,
0x5B48, 0x5B48, 0x5B48, 0x5B48, 0x5B48, 0x5B48, 0x5B48, 0x5B48, 0x5B48, 0x5B48, 0x5B48, 0x5B48, 0x5B48, 0x5B48, 0x5B48, 0x5B48,
0x5B48, 0x5B48, 0x5B48, 0x5B48, 0x5B48, 0x5B48, 0x5B48, 0x5B48, 0x5B48, 0x5B48, 0x5B48, 0x5B48, 0x5B48, 0x4983, 0x4983, 0x4983,
0x4983, 0x4983, 0x4983, 0x4983, 0x4983, 0x4983, 0x4983, 0x4983, 0x4983, 0x4983, 0x5B48, 0x5B48, 0x5B48, 0x5B48, 0x5B48, 0x5B48,
0x5B48, 0x5B48, 0x5B48, 0x5B48, 0x5B48, 0x5B48, 0x5B48, 0x5B48, 0x5B48, 0x5B48, 0x5B48, 0x5B48, 0x5B48, 0x5B48, 0x5B48, 0x5B48,
0x5B48, 0x5B48, 0x5B48, 0x5B48, 0x5B48, 0x5B48, 0x5B48, 0x5B48, 0x5B48, 0x5B48, 0x5B48, 0x5B48, 0x5B48, 0x5B48, 0x5B48, 0x5B48,
0x5B48, 0x5B48, 0x5B48, 0x5B48, 0x5B48, 0x5B48, 0x5B48, 0x5B48, 0x5B48, 0x5B48, 0x5B48, 0x5B48, 0x5B48, 0x5B48, 0x5B48, 0x5B48,
0x5B48, 0x5B48, 0x5B48, 0x5B48, 0x5B48, 0x5B48, 0x5B48, 0x5B48, 0x5B48, 0x5B48, 0x5B48, 0x5B48, 0x5B48, 0x5B48, 0x5B48, 0x5B48,
0x5B48, 0x5B48, 0x5B48, 0x5B48, 0x5B48, 0x5B48, 0xCE16, 0xCE16, 0xCE16, 0xCE16, 0xCE16, 0x5B48, 0x5B48, 0x5B48, 0x5B48, 0x5B48,
0x5B48, 0x5B48, 0x5B48, 0x5B48, 0x5B48, 0x5B48, 0x5B48, 0x5B48, 0x5B48, 0x5B48, 0x5B48, 0x5B48, 0x5B48, 0x5B48, 0x5B48, 0x5B48,
0x5B48, 0x5B48, 0x5B48, 0x5B48, 0x5B48, 0x5B48, 0x5B48, 0x5B48, 0x5B48, 0x5B48, 0x5B48, 0x5B48, 0x5B48, 0x5B48, 0x5B48, 0x5B48,
0x5B48, 0x5B48, 0x5B48, 0x5B48, 0x5B48, 0x5B48, 0x5B48, 0x5B48, 0x5B48, 0x5B48, 0x5B48, 0x5B48, 0x5B48, 0x5B48, 0x5B48, 0x5B48,
0x5B48, 0x5B48, 0x5B48, 0x5B48, 0x5B48, 0x5B48, 0x5B48, 0x5B48, 0x5B48, 0x5B48, 0x5B48, 0x5B48, 0x5B48, 0x5B48, 0x5B48, 0x5B48,
0x5B48, 0x5B48, 0x5B48, 0x5B48, 0x5B48, 0x5B48, 0x5B48, 0x5B48, 0x5B48, 0x5B48, 0x5B48, 0x5B48, 0x5B48, 0x5B48, 0x5B48, 0x5B48,
0x5B48, 0x5B48, 0x5B48, 0x5B48, 0x5B48, 0x5B48, 0x5B48, 0x5B48, 0x5B48, 0x5B48, 0x5B48, 0x5B48, 0x5B48, 0x5B48, 0x5B48, 0x5B48,
0x5B48, 0x5B48, 0x5B48, 0x5B48, 0x5B48, 0x5B48, 0x5B48, 0x5B48, 0x5B48, 0x5B48, 0x5B48, 0x5B48, 0x5B48, 0x5B48, 0x5B48, 0x5B48,
0x5B48, 0x5B48, 0x5B48, 0x5B48, 0x5B48, 0x5B48, 0x5B48, 0x5B48, 0x5B48, 0x5B48, 0x5B48, 0x5B48, 0x5B48, 0x5B48, 0x5B48, 0x5B48,
0x5B48, 0x5B48, 0x5B48, 0x5B48, 0x5B48, 0x5B48, 0x5B48, 0x5B48, 0x5B48, 0x5B48, 0x5B48, 0x5B48, 0x5B48, 0x4983, 0x4983, 0x4983,
0x4983, 0x4983, 0x4983, 0x4983, 0x4983, 0x4983, 0x4983, 0x4983, 0x4983, 0x4983, 0x5B48, 0x5B48, 0x5B48, 0x5B48, 0x5B48, 0x5B48,
0x5B48, 0x5B48, 0x5B48, 0x5B48, 0x5B48, 0x5B48, 0x5B48, 0x5B48, 0x5B48, 0x5B48, 0x5B48, 0x5B48, 0x5B48, 0x5B48, 0x5B48, 0x5B48,
0x5B48, 0x5B48, 0x5B48, 0x5B48, 0x5B48, 0x5B48, 0x5B48, 0x5B48, 0x5B48, 0x5B48, 0x5B48, 0x5B48, 0x5B48, 0x5B48, 0x5B48, 0x5B48,
0x5B48, 0x5B48, 0x5B48, 0x5B48, 0x5B48, 0x5B48, 0x5B48, 0x5B48, 0x5B48, 0x5B48, 0x5B48, 0x5B48, 0x5B48, 0x5B48, 0x5B48, 0x5B48,
0x5B48, 0x5B48, 0x5B48, 0x5B48, 0x5B48, 0x5B48, 0x5B48, 0x5B48, 0x5B48, 0x5B48, 0x5B48, 0x5B48, 0x5B48, 0x5B48, 0x5B48, 0x5B48,
0x5B48, 0x5B48, 0x5B48, 0x5B48, 0x5B48, 0x5B48, 0xCE16, 0xCE16, 0xCE16, 0xCE16, 0xCE16, 0x5B48, 0x5B48, 0x5B48, 0x5B48, 0x5B48,
0x5B48, 0x5B48, 0x5B48, 0x5B48, 0x5B48, 0x5B48, 0x5B48, 0x5B48, 0x5B48, 0x5B48, 0x5B48, 0x5B48, 0x5B48, 0x5B48, 0x5B48, 0x5B48,
0x5B48, 0x5B48, 0x5B48, 0x5B48, 0x5B48, 0x5B48, 0x5B48, 0x5B48, 0x5B48, 0x5B48, 0x5B48, 0x5B48, 0x5B48, 0x5B48, 0x5B48, 0x5B48,
0x5B48, 0x5B48, 0x5B48, 0x5B48, 0x5B48, 0x5B48, 0x5B48, 0x5B48, 0x5B48, 0x5B48, 0x5B48, 0x5B48, 0x5B48, 0x5B48, 0x5B48, 0x5B48,
0x5B48, 0x5B48, 0x5B48, 0x5B48, 0x5B48, 0x5B48, 0x5B48, 0x5B48, 0x5B48, 0x5B48, 0x5B48, 0x5B48, 0x5B48, 0x5B48, 0x5B48, 0x5B48,
0x5B48, 0x5B48, 0x5B48, 0x5B48, 0x5B48, 0x5B48, 0x5B48, 0x5B48, 0x5B48, 0x5B48, 0x5B48, 0x5B48, 0x5B48, 0x5B48, 0x5B48, 0x5B48,
0x5B48, 0x5B48, 0x5B48, 0x5B48, 0x5B48, 0x5B48, 0x5B48, 0x5B48, 0x5B48, 0x5B48, 0x5B48, 0x5B48, 0x5B48, 0x5B48, 0x5B48, 0x5B48,
0x5B48, 0x5B48, 0x5B48, 0x5B48, 0x5B48, 0x5B48, 0x5B48, 0x5B48, 0x5B48, 0x5B48, 0x5B48, 0x5B48, 0x5B48, 0x5B48, 0x5B48, 0x5B48,
0x5B48, 0x5B48, 0x5B48, 0x5B48, 0x5B48, 0x5B48, 0x5B48, 0x5B48, 0x5B48, 0x5B48, 0x5B48, 0x5B48, 0x5B48, 0x5B48, 0x5B48, 0x5B48,
0x5B48, 0x5B48, 0x5B48, 0x5B48, 0x5B48, 0x5B48, 0x5B48, 0x5B48, 0x5B48, 0x5B48, 0x5B48, 0x5B48, 0x5B48, 0x4983, 0x4983, 0x4983,
0x4983, 0x4983, 0x4983, 0x4983, 0x4983, 0x4983, 0x4983, 0x4983, 0x4983, 0x4983, 0x5B48, 0x5B48, 0x5B48, 0x5B48, 0x5B48, 0x5B48,
0x5B48, 0x5B48, 0x5B48, 0x5B48, 0x5B48, 0x5B48, 0x5B48, 0x5B48, 0x5B48, 0x5B48, 0x5B48, 0x5B48, 0x5B48, 0x5B48, 0x5B48, 0x5B48,
0x5B48, 0x5B48, 0x5B48, 0x5B48, 0x5B48, 0x5B48, 0x5B48, 0x5B48, 0x5B48, 0x5B48, 0x5B48, 0x5B48, 0x5B48, 0x5B48, 0x5B48, 0x5B48,
0x5B48, 0x5B48, 0x5B48, 0x5B48, 0x5B48, 0x5B48, 0x5B48, 0x5B48, 0x5B48, 0x5B48, 0x5B48, 0x5B48, 0x5B48, 0x5B48, 0x5B48, 0x5B48,
0x5B48, 0x5B48, 0x5B48, 0x5B48, 0x5B48, 0x5B48, 0x5B48, 0x5B48, 0x5B48, 0x5B48, 0x5B48, 0x5B48, 0x5B48, 0x5B48, 0x5B48, 0x5B48,
0x5B48, 0x5B48, 0x5B48, 0x5B48, 0x5B48, 0x5B48, 0xCE16, 0xCE16, 0xCE16, 0xCE16, 0xCE16, 0x5B48, 0x5B48, 0x5B48, 0x5B48, 0x5B48,
0x5B48, 0x5B48, 0x5B48, 0x5B48, 0x5B48, 0x5B48, 0x5B48, 0x5B48, 0x5B48, 0x5B48, 0x5B48, 0x5B48, 0x5B48, 0x5B48, 0x5B48, 0x5B48,
0x5B48, 0x5B48, 0x5B48, 0x5B48, 0x5B48, 0x5B48, 0x5B48, 0x5B48, 0x5B48, 0x5B48, 0x5B48, 0x5B48, 0x5B48, 0x5B48, 0x5B48, 0x5B48,
0x5B48, 0x5B48, 0x5B48, 0x5B48, 0x5B48, 0x5B48, 0x5B48, 0x5B48, 0x5B48, 0x5B48, 0x5B48, 0x5B48, 0x5B48, 0x5B48, 0x5B48, 0x5B48,
0x5B48, 0x5B48, 0x5B48, 0x5B48, 0x5B48, 0x5B48, 0x5B48, 0x5B48, 0x5B48, 0x5B48, 0x5B48, 0x5B48, 0x5B48, 0x5B48, 0x5B48, 0x5B48,
0x5B48, 0x5B48, 0x5B48, 0x5B48, 0x5B48, 0x5B48, 0x5B48, 0x5B48, 0x5B48, 0x5B48, 0x5B48, 0x5B48, 0x5B48, 0x5B48, 0x5B48, 0x5B48,
0x5B48, 0x5B48, 0x5B48, 0x5B48, 0x5B48, 0x5B48, 0x5B48, 0x5B48, 0x5B48, 0x5B48, 0x5B48, 0x5B48, 0x5B48, 0x5B48, 0x5B48, 0x5B48,
0x5B48, 0x5B48, 0x5B48, 0x5B48, 0x5B48, 0x5B48, 0x5B48, 0x5B48, 0x5B48, 0x5B48, 0x5B48, 0x5B48, 0x5B48, 0x5B48, 0x5B48, 0x5B48,
0x5B48, 0x5B48, 0x5B48, 0x5B48, 0x5B48, 0x5B48, 0x5B48, 0x5B48, 0x5B48, 0x5B48, 0x5B48, 0x5B48, 0x5B48, 0x5B48, 0x5B48, 0x5B48,
0x5B48, 0x5B48, 0x5B48, 0x5B48, 0x5B48, 0x5B48, 0x5B48, 0x5B48, 0x5B48, 0x5B48, 0x5B48, 0x5B48, 0x5B48, 0x4983, 0x4983, 0x4983,
0x4983, 0x4983, 0x4983, 0x4983, 0x4983, 0x4983, 0x4983, 0x4983, 0x4983, 0x4983, 0x5B48, 0x5B48, 0x5B48, 0x5B48, 0x5B48, 0x5B48,
0x5B48, 0x5B48, 0x5B48, 0x5B48, 0x5B48, 0x5B48, 0x5B48, 0x5B48, 0x5B48, 0x5B48, 0x5B48, 0x5B48, 0x5B48, 0x5B48, 0x5B48, 0x5B48,
0x5B48, 0x5B48, 0x5B48, 0x5B48, 0x5B48, 0x5B48, 0x5B48, 0x5B48, 0x5B48, 0x5B48, 0x5B48, 0x5B48, 0x5B48, 0x5B48, 0x5B48, 0x5B48,
0x5B48, 0x5B48, 0x5B48, 0x5B48, 0x5B48, 0x5B48, 0x5B48, 0x5B48, 0x5B48, 0x5B48, 0x5B48, 0x5B48, 0x5B48, 0x5B48, 0x5B48, 0x5B48,
0x5B48, 0x5B48, 0x5B48, 0x5B48, 0x5B48, 0x5B48, 0x5B48, 0x5B48, 0x5B48, 0x5B48, 0x5B48, 0x5B48, 0x5B48, 0x5B48, 0x5B48, 0x5B48,
0x5B48, 0x5B48, 0x5B48, 0x5B48, 0x5B48, 0x5B48, 0xCE16, 0xCE16, 0xCE16, 0xCE16, 0xCE16, 0x5B48, 0x5B48, 0x5B48, 0x5B48, 0x5B48,
0x5B48, 0x5B48, 0x5B48, 0x5B48, 0x5B48, 0x5B48, 0x5B48, 0x5B48, 0x5B48, 0x5B48, 0x5B48, 0x5B48, 0x5B48, 0x5B48, 0x5B48, 0x5B48,
0x5B48, 0x5B48, 0x5B48, 0x5B48, 0x5B48, 0x5B48, 0x5B48, 0x5B48, 0x5B48, 0x5B48, 0x5B48, 0x5B48, 0x5B48, 0x5B48, 0x5B48, 0x5B48,
0x5B48, 0x5B48, 0x5B48, 0x5B48, 0x5B48, 0x5B48, 0x5B48, 0x5B48, 0x5B48, 0x5B48, 0x5B48, 0x5B48, 0x5B48, 0x5B48, 0x5B48, 0x5B48,
0x5B48, 0x5B48, 0x5B48, 0x5B48, 0x5B48, 0x5B48, 0x5B48, 0x5B48, 0x5B48, 0x5B48, 0x5B48, 0x5B48, 0x5B48, 0x5B48, 0x5B48, 0x5B48,
0x5B48, 0x5B48, 0x5B48, 0x5B48, 0x5B48, 0x5B48, 0x5B48, 0x5B48, 0x5B48, 0x5B48, 0x5B48, 0x5B48, 0x5B48, 0x5B48, 0x5B48, 0x5B48,
0x5B48, 0x5B48, 0x5B48, 0x5B48, 0x5B48, 0x5B48, 0x5B48, 0x5B48, 0x5B48, 0x5B48, 0x5B48, 0x5B48, 0x5B48, 0x5B48, 0x5B48, 0x5B48,
0x5B48, 0x5B48, 0x5B48, 0x5B48, 0x5B48, 0x5B48, 0x5B48, 0x5B48, 0x5B48, 0x5B48, 0x5B48, 0x5B48, 0x5B48, 0x5B48, 0x5B48, 0x5B48,
0x5B28, 0x5B28, 0x5B28, 0x5B28, 0x5B28, 0x5B28, 0x5B28, 0x5B28, 0x5B28, 0x5B28, 0x5B28, 0x5B28, 0x5B28, 0x5B28, 0x5B28, 0x5B28,
0x5B28, 0x5B28, 0x5B28, 0x5B28, 0x5B28, 0x5B28, 0x5B28, 0x5B28, 0x5B28, 0x5B28, 0x5B28, 0x5B28, 0x5B28, 0x4983, 0x4983, 0x4983,
0x4983, 0x4983, 0x4983, 0x4983, 0x4983, 0x4983, 0x4983, 0x4983, 0x4983, 0x4983, 0x5B28, 0x5B28, 0x5B28, 0x5B28, 0x5B28, 0x5B28,
0x5B28, 0x5B28, 0x5B28, 0x5B28, 0x5B28, 0x5B28, 0x5B28, 0x5B28, 0x5B28, 0x5B28, 0x5B28, 0x5B28, 0x5B28, 0x5B28, 0x5B28, 0x5B28,
0x5B28, 0x5B28, 0x5B28, 0x5B28, 0x5B28, 0x5B28, 0x5B28, 0x5B28, 0x5B28, 0x5B28, 0x5B28, 0x5B28, 0x5B28, 0x5B28, 0x5B28, 0x5B28,
0x5B28, 0x5B28, 0x5B28, 0x5B28, 0x5B28, 0x5B28, 0x5B28, 0x5B28, 0x5B28, 0x5B28, 0x5B28, 0x5B28, 0x5B28, 0x5B28, 0x5B28, 0x5B28,
0x5B28, 0x5B28, 0x5B28, 0x5B28, 0x5B28, 0x5B28, 0x5B28, 0x5B28, 0x5B28, 0x5B28, 0x5B28, 0x5B28, 0xF77C, 0xF77C, 0xF77C, 0xF77C,
0xF77C, 0xF77C, 0xF77C, 0xF77C, 0xF77C, 0xF77C, 0xF77C, 0xF77C, 0xF77C, 0xF77C, 0xF77C, 0xF77C, 0xF77C, 0xF77C, 0xF77C, 0xF77C,
0xF77C, 0xF77C, 0xF77C, 0xF77C, 0xF77C, 0x5B28, 0x5B28, 0x5B28, 0x5B28, 0x5B28, 0x5B28, 0x5B28, 0x5B28, 0x5B28, 0x5B28, 0x5B28,
0x5B28, 0x5B28, 0x5B28, 0x5B28, 0x5B28, 0x5B28, 0x5B28, 0x5B28, 0x5B28, 0x5B28, 0x5B28, 0x5B28, 0x5B28, 0x5B28, 0x5B28, 0x5B28,
0x5B28, 0x5B28, 0x5B28, 0x5B28, 0x5B28, 0x5B28, 0x5B28, 0x5B28, 0x5B28, 0x5B28, 0x5B28, 0x5B28, 0x5B28, 0x5B28, 0x5B28, 0x5B28,
0x5B28, 0x5B28, 0x5B28, 0x5B28, 0x5B28, 0x5B28, 0x5B28, 0x5B28, 0x5B28, 0x5B28, 0x5B28, 0x5B28, 0x5B28, 0x5B28, 0x5B28, 0x5B28,
0x5B28, 0x5B28, 0x5B28, 0x5B28, 0x5B28, 0x5B28, 0x5B28, 0x5B28, 0x5B28, 0x5B28, 0x5B28, 0x5B28, 0x5B28, 0x5B28, 0x5B28, 0x5B28,
0x5B28, 0x5B28, 0x5B28, 0x5B28, 0x5B28, 0x5B28, 0x5B28, 0x5B28, 0x5B28, 0x5B28, 0x5B28, 0x5B28, 0x5B28, 0x5B28, 0x5B28, 0x5B28,
0x5B28, 0x5B28, 0x5B28, 0x5B28, 0x5B28, 0x5B28, 0x5B28, 0x5B28, 0x5B28, 0x5B28, 0x5B28, 0x5B28, 0x5B28, 0x5B28, 0x5B28, 0x5B28,
0x5B28, 0x5B28, 0x5B28, 0x5B28, 0x5B28, 0x5B28, 0x5B28, 0x5B28, 0x5B28, 0x5B28, 0x5B28, 0x5B28, 0x5B28, 0x5B28, 0x5B28, 0x5B28,
0x5B28, 0x5B28, 0x5B28, 0x5B28, 0x5B28, 0x5B28, 0x5B28, 0x5B28, 0x5B28, 0x5B28, 0x5B28, 0x5B28, 0x5B28, 0x5B28, 0x4983, 0x4983,
0x4983, 0x4983, 0x4983, 0x4983, 0x4983, 0x4983, 0x4983, 0x4983, 0x4983, 0x5B28, 0x5B28, 0x5B28, 0x5B28, 0x5B28, 0x5B28, 0x5B28,
0x5B28, 0x5B28, 0x5B28, 0x5B28, 0x5B28, 0x5B28, 0x5B28, 0x5B28, 0x5B28, 0x5B28, 0x5B28, 0x5B28, 0x5B28, 0x5B28, 0x5B28, 0x5B28,
0x5B28, 0x5B28, 0x5B28, 0x5B28, 0x5B28, 0x5B28, 0x5B28, 0x5B28, 0x5B28, 0x5B28, 0x5B28, 0x5B28, 0x5B28, 0x5B28, 0x5B28, 0x5B28,
0x5B28, 0x5B28, 0x5B28, 0x5B28, 0x5B28, 0x5B28, 0x5B28, 0x5B28, 0x5B28, 0x5B28, 0x5B28, 0x5B28, 0x5B28, 0x5B28, 0x5B28, 0x5B28,
0x5B28, 0x5B28, 0x5B28, 0x5B28, 0x5B28, 0x5B28, 0x5B28, 0x5B28, 0x5B28, 0x5B28, 0x5B28, 0xF77C, 0xF77C, 0xF77C, 0xF77C, 0xF77C,
0xF77C, 0xF77C, 0xF77C, 0xF77C, 0xF77C, 0xF77C, 0xF77C, 0xF77C, 0xF77C, 0xF77C, 0xF77C, 0xF77C, 0xF77C, 0xF77C, 0xF77C, 0xF77C,
0xF77C, 0xF77C, 0xF77C, 0xF77C, 0xF77C, 0xF77C, 0x5B28, 0x5B28, 0x5B28, 0x5B28, 0x5B28, 0x5B28, 0x5B28, 0x5B28, 0x5B28, 0x5B28,
0x5B28, 0x5B28, 0x5B28, 0x5B28, 0x5B28, 0x5B28, 0x5B28, 0x5B28, 0x5B28, 0x5B28, 0x5B28, 0x5B28, 0x5B28, 0x5B28, 0x5B28, 0x5B28,
0x5B28, 0x5B28, 0x5B28, 0x5B28, 0x5B28, 0x5B28, 0x5B28, 0x5B28, 0x5B28, 0x5B28, 0x5B28, 0x5B28, 0x5B28, 0x5B28, 0x5B28, 0x5B28,
0x5B28, 0x5B28, 0x5B28, 0x5B28, 0x5B28, 0x5B28, 0x5B28, 0x5B28, 0x5B28, 0x5B28, 0x5B28, 0x5B28, 0x5B28, 0x5B28, 0x5B28, 0x5B28,
0x5B28, 0x5B28, 0x5B28, 0x5B28, 0x5B28, 0x5B28, 0x5B28, 0x5B28, 0x5B28, 0x5B28, 0x5B28, 0x5B28, 0x5B28, 0x5B28, 0x5B28, 0x5B28,
0x5B28, 0x5B28, 0x5B28, 0x5B28, 0x5B28, 0x5B28, 0x5B28, 0x5B28, 0x5B28, 0x5B28, 0x5B28, 0x5B28, 0x5B28, 0x5B28, 0x5B28, 0x5B28,
0x5B28, 0x5B28, 0x5B28, 0x5B28, 0x5B28, 0x5B28, 0x5B28, 0x5B28, 0x5B28, 0x5B28, 0x5B28, 0x5B28, 0x5B28, 0x5B28, 0x5B28, 0x5B28,
0x5B28, 0x5B28, 0x5B28, 0x5B28, 0x5B28, 0x5B28, 0x5B28, 0x5B28, 0x5B28, 0x5B28, 0x5B28, 0x5B28, 0x5B28, 0x5B28, 0x5B28, 0x5B28,
0x5B28, 0x5B28, 0x5B28, 0x5B28, 0x5B28, 0x5B28, 0x5B28, 0x5B28, 0x5B28, 0x5B28, 0x5B28, 0x5B28, 0x5B28, 0x5B28, 0x5B28, 0x4983,
0x4983, 0x4983, 0x4983, 0x4983, 0x4983, 0x4983, 0x4983, 0x4983, 0x5B28, 0x5B28, 0x5B28, 0x5B28, 0x5B28, 0x5B28, 0x5B28, 0x5B28,
0x5B28, 0x5B28, 0x5A46, 0x5A46, 0x5A46, 0x5A46, 0x5A46, 0x5A46, 0x5A46, 0x5A46, 0x5A46, 0x5A46, 0x5A46, 0x5A46, 0x5A46, 0x5A46,
0x5A46, 0x5A46, 0x5A46, 0x5A46, 0x5A46, 0x5A46, 0x5A46, 0x5A46, 0x5A46, 0x5A46, 0x5A46, 0x5A46, 0x5A46, 0x5A46, 0x5A46, 0x5A46,
0x5A46, 0x5A46, 0x5A46, 0x5A46, 0x5A46, 0x5A46, 0x5A46, 0x5A46, 0x5A46, 0x5A46, 0x5A46, 0x5A46, 0x5A46, 0x5A46, 0x5A46, 0x5A46,
0x5A46, 0x5A46, 0x5A46, 0x5A46, 0x5A46, 0x5A46, 0x5A46, 0x5A46, 0x5A46, 0x5A46, 0x5A46, 0xF77C, 0xF77C, 0xF77C, 0xF77C, 0xF77C,
0xF77C, 0xF77C, 0xF77C, 0xF77C, 0xF77C, 0xF77C, 0xF77C, 0xF77C, 0xF77C, 0xF77C, 0xF77C, 0xF77C, 0xF77C, 0xF77C, 0xF77C, 0xF77C,
0xF77C, 0xF77C, 0xF77C, 0xF77C, 0xF77C, 0xF77C, 0x5A46, 0x5A46, 0x5A46, 0x5A46, 0x5A46, 0x5A46, 0x5A46, 0x5A46, 0x5A46, 0x5A46,
0x5A46, 0x5A46, 0x5A46, 0x5A46, 0x5A46, 0x5A46, 0x5A46, 0x5A46, 0x5A46, 0x5A46, 0x5A46, 0x5A46, 0x5A46, 0x5A46, 0x5A46, 0x5A46,
0x5A46, 0x5A46, 0x5A46, 0x5A46, 0x5A46, 0x5A46, 0x5A46, 0x5A46, 0x5A46, 0x5A46, 0x5A46, 0x5A46, 0x5A46, 0x5A46, 0x5A46, 0x5A46,
0x5A46, 0x5A46, 0x5A46, 0x5A46, 0x5A46, 0x5A46, 0x5A46, 0x5A46, 0x5A46, 0x5A46, 0x5A46, 0x5A46, 0x5A46, 0x5A46, 0x5B28, 0x5B28,
0x5B28, 0x5B28, 0x5B28, 0x5B28, 0x5B28, 0x5B28, 0x5B28, 0x5B28, 0x5B28, 0x5B28, 0x5B28, 0x5B28, 0x5B28, 0x5B28, 0x5B28, 0x5B28,
0x5B28, 0x5B28, 0x5B28, 0x5B28, 0x5B28, 0x5B28, 0x5B28, 0x5B28, 0x5B28, 0x5B28, 0x5B28, 0x5B28, 0x5B28, 0x5B28, 0x5B28, 0x5B28,
0x5B28, 0x5B28, 0x5B28, 0x5B28, 0x5B28, 0x5B28, 0x5B28, 0x5B28, 0x5B28, 0x5B28, 0x5B28, 0x5B28, 0x5B28, 0x5B28, 0x5B28, 0x5B28,
0x5B28, 0x5B28, 0x5B28, 0x5B28, 0x5B28, 0x5B28, 0x5B28, 0x5B28, 0x5B28, 0x5B28, 0x5B28, 0x5B28, 0x5B28, 0x5B28, 0x5B28, 0x5B28,
0x5B28, 0x5B28, 0x5B28, 0x5B28, 0x5B28, 0x5B28, 0x5B28, 0x5B28, 0x5B28, 0x5B28, 0x5B28, 0x5B28, 0x5B28, 0x5B28, 0x5B28, 0x5B28,
0x4983, 0x4983, 0x4983, 0x4983, 0x4983, 0x4983, 0x4983, 0x5B28, 0x5B28, 0x5B28, 0x5B28, 0x5B28, 0x5B28, 0x5B28, 0x5B28, 0x5B28,
0x5B28, 0x5B28, 0x5A46, 0x5A46, 0x5A46, 0x5A46, 0x5A46, 0x5A46, 0x5A46, 0x5A46, 0x5A46, 0x5A46, 0x5A46, 0x5A46, 0x5A46, 0x5A46,
0x5A46, 0x5A46, 0x5A46, 0x5A46, 0x5A46, 0x5A46, 0x5A46, 0x5A46, 0x5A46, 0x5A46, 0x5A46, 0x5A46, 0x5A46, 0x5A46, 0x5A46, 0x5A46,
0x5A46, 0x5A46, 0x5A46, 0x5A46, 0x5A46, 0x5A46, 0x5A46, 0x5A46, 0x5A46, 0x5A46, 0x5A46, 0x5A46, 0x5A46, 0x5A46, 0x5A46, 0x5A46,
0x5A46, 0x5A46, 0x5A46, 0x5A46, 0x5A46, 0x5A46, 0x5A46, 0x5A46, 0x5A46, 0x5A46, 0x5A46, 0xF77C, 0xF77C, 0xF77C, 0xF77C, 0xF77C,
0xF77C, 0xF77C, 0xF77C, 0xF77C, 0xF77C, 0xF77C, 0xF77C, 0xF77C, 0xF77C, 0xF77C, 0xF77C, 0xF77C, 0xF77C, 0xF77C, 0xF77C, 0xF77C,
0xF77C, 0xF77C, 0xF77C, 0xF77C, 0xF77C, 0xF77C, 0x5A46, 0x5A46, 0x5A46, 0x5A46, 0x5A46, 0x5A46, 0x5A46, 0x5A46, 0x5A46, 0x5A46,
0x5A46, 0x5A46, 0x5A46, 0x5A46, 0x5A46, 0x5A46, 0x5A46, 0x5A46, 0x5A46, 0x5A46, 0x5A46, 0x5A46, 0x5A46, 0x5A46, 0x5A46, 0x5A46,
0x5A46, 0x5A46, 0x5A46, 0x5A46, 0x5A46, 0x5A46, 0x5A46, 0x5A46, 0x5A46, 0x5A46, 0x5A46, 0x5A46, 0x5A46, 0x5A46, 0x5A46, 0x5A46,
0x5A46, 0x5A46, 0x5A46, 0x5A46, 0x5A46, 0x5A46, 0x5A46, 0x5A46, 0x5A46, 0x5A46, 0x5A46, 0x5A46, 0x5A46, 0x5A46, 0x5B28, 0x5B28,
0x5B28, 0x5B28, 0x5B28, 0x5B28, 0x5B28, 0x5B28, 0x5B28, 0x5B28, 0x5B28, 0x5B28, 0x5B28, 0x5B28, 0x5B28, 0x5B28, 0x5B28, 0x5B28,
0x5B28, 0x5B28, 0x5B28, 0x5B28, 0x5B28, 0x5B28, 0x5B28, 0x5B28, 0x5B28, 0x5B28, 0x5B28, 0x5B28, 0x5B28, 0x5B28, 0x5B28, 0x5B28,
0x5B28, 0x5B28, 0x5B28, 0x5B28, 0x5B28, 0x5B28, 0x5B28, 0x5B28, 0x5B28, 0x5B28, 0x5B28, 0x5B28, 0x5B28, 0x5B28, 0x5B28, 0x5B28,
0x5B28, 0x5B28, 0x5B28, 0x5B28, 0x5B28, 0x5B28, 0x5B28, 0x5B28, 0x5B28, 0x5B28, 0x5B28, 0x5B28, 0x5B28, 0x5B28, 0x5B28, 0x5B28,
0x5B28, 0x5B28, 0x5B28, 0x5B28, 0x5B28, 0x5B28, 0x5B28, 0x5B28, 0x5B28, 0x5B28, 0x5B28, 0x5B28, 0x5B28, 0x5B28, 0x5B28, 0x5B28,
0x5B28, 0x5B28, 0x5B28, 0x5B28, 0x5B28, 0x5B28, 0x5B28, 0x5B28, 0x5B28, 0x5B28, 0x5B28, 0x5B28, 0x5B28, 0x5B28, 0x5B28, 0x5B28,
0x5B28, 0x5B28, 0x5A46, 0x5A46, 0x5A46, 0x5A46, 0x5A46, 0x5A46, 0x5A46, 0x5A46, 0x5A46, 0x5A46, 0x5A46, 0x5A46, 0x5A46, 0x5A46,
0x5A46, 0x5A46, 0x5A46, 0x5A46, 0x5A46, 0x5A46, 0x5A46, 0x5A46, 0x5A46, 0x5A46, 0x5A46, 0x5A46, 0x5A46, 0x5A46, 0x5A46, 0x5A46,
0x5A46, 0x5A46, 0x5A46, 0x5A46, 0x5A46, 0x5A46, 0x5A46, 0x5A46, 0x5A46, 0x5A46, 0x5A46, 0x5A46, 0x5A46, 0x5A46, 0x5A46, 0x5A46,
0x5A46, 0x5A46, 0x5A46, 0x5A46, 0x5A46, 0x5A46, 0x5A46, 0x5A46, 0x5A46, 0x5A46, 0x5A46, 0xF77C, 0xF77C, 0xF77C, 0xF77C, 0xF77C,
0xF77C, 0xF77C, 0xF77C, 0xF77C, 0xF77C, 0xF77C, 0xF77C, 0xF77C, 0xF77C, 0xF77C, 0xF77C, 0xF77C, 0xF77C, 0xF77C, 0xF77C, 0xF77C,
0xF77C, 0xF77C, 0xF77C, 0xF77C, 0xF77C, 0xF77C, 0x5A46, 0x5A46, 0x5A46, 0x5A46, 0x5A46, 0x5A46, 0x5A46, 0x5A46, 0x5A46, 0x5A46,
0x5A46, 0x5A46, 0x5A46, 0x5A46, 0x5A46, 0x5A46, 0x5A46, 0x5A46, 0x5A46, 0x5A46, 0x5A46, 0x5A46, 0x5A46, 0x5A46, 0x5A46, 0x5A46,
0x5A46, 0x5A46, 0x5A46, 0x5A46, 0x5A46, 0x5A46, 0x5A46, 0x5A46, 0x5A46, 0x5A46, 0x5A46, 0x5A46, 0x5A46, 0x5A46, 0x5A46, 0x5A46,
0x5A46, 0x5A46, 0x5A46, 0x5A46, 0x5A46, 0x5A46, 0x5A46, 0x5A46, 0x5A46, 0x5A46, 0x5A46, 0x5A46, 0x5A46, 0x5A46, 0x5B28, 0x5B28,
0x5B28, 0x5B28, 0x5B28, 0x5B28, 0x5B28, 0x5B28, 0x5B28, 0x5B28, 0x5B28, 0x5B28, 0x5B28, 0x5B28, 0x5B28, 0x5B28, 0x5B28, 0x5B28,
0x5B28, 0x5B28, 0x5B28, 0x5B28, 0x5B28, 0x5B28, 0x5B28, 0x5B28, 0x5B28, 0x5B28, 0x5B28, 0x5B28, 0x5B28, 0x5B28, 0x5B28, 0x5B28,
0x5B28, 0x5B28, 0x5B28, 0x5B28, 0x5B28, 0x5B28, 0x5B28, 0x5B28, 0x5B28, 0x5B28, 0x5B28, 0x5B28, 0x5B28, 0x5B28, 0x5B28, 0x5B28,
0x5B28, 0x5B28, 0x5B28, 0x5B28, 0x5B28, 0x5B28, 0x5B28, 0x5B28, 0x5B28, 0x5B28, 0x5B28, 0x5B28, 0x5B28, 0x5B28, 0x5B28, 0x5B28,
0x5B28, 0x5B28, 0x5B28, 0x5B28, 0x5B28, 0x5B28, 0x5B28, 0x5B28, 0x5B28, 0x5B28, 0x5B28, 0x5B28, 0x5B28, 0x5B28, 0x5B28, 0x5B28,
0x5B28, 0x5B28, 0x5B28, 0x5B28, 0x5B28, 0x5B28, 0x5B28, 0x5B28, 0x5B28, 0x5B28, 0x5B28, 0x5B28, 0x5B28, 0x5B28, 0x5B28, 0x5B28,
0x5B28, 0x5B28, 0x5A46, 0x5A46, 0x5A46, 0x5A46, 0x5A46, 0x5A46, 0x5A46, 0x5A46, 0x5A46, 0x5A46, 0x5A46, 0x5A46, 0x5A46, 0x5A46,
0x5A46, 0x5A46, 0x5A46, 0x5A46, 0x5A46, 0x5A46, 0x5A46, 0x5A46, 0x5A46, 0x5A46, 0x5A46, 0x5A46, 0x5A46, 0x5A46, 0x5A46, 0x5A46,
0x5A46, 0x5A46, 0x5A46, 0x5A46, 0x5A46, 0x5A46, 0x5A46, 0x5A46, 0x5A46, 0x5A46, 0x5A46, 0x5A46, 0x5A46, 0x5A46, 0x5A46, 0x5A46,
0x5A46, 0x5A46, 0x5A46, 0x5A46, 0x5A46, 0x5A46, 0x5A46, 0x5A46, 0x5A46, 0x5A46, 0x5A46, 0xF77C, 0xF77C, 0xF77C, 0xF77C, 0xF77C,
0xF77C, 0xF77C, 0xF77C, 0xF77C, 0xF77C, 0xF77C, 0xF77C, 0xF77C, 0xF77C, 0xF77C, 0xF77C, 0xF77C, 0xF77C, 0xF77C, 0xF77C, 0xF77C,
0xF77C, 0xF77C, 0xF77C, 0xF77C, 0xF77C, 0xF77C, 0x5A46, 0x5A46, 0x5A46, 0x5A46, 0x5A46, 0x5A46, 0x5A46, 0x5A46, 0x5A46, 0x5A46,
0x5A46, 0x5A46, 0x5A46, 0x5A46, 0x5A46, 0x5A46, 0x5A46, 0x5A46, 0x5A46, 0x5A46, 0x5A46, 0x5A46, 0x5A46, 0x5A46, 0x5A46, 0x5A46,
0x5A46, 0x5A46, 0x5A46, 0x5A46, 0x5A46, 0x5A46, 0x5A46, 0x5A46, 0x5A46, 0x5A46, 0x5A46, 0x5A46, 0x5A46, 0x5A46, 0x5A46, 0x5A46,
0x5A46, 0x5A46, 0x5A46, 0x5A46, 0x5A46, 0x5A46, 0x5A46, 0x5A46, 0x5A46, 0x5A46, 0x5A46, 0x5A46, 0x5A46, 0x5A46, 0x5B28, 0x5B28,
0x5B28, 0x5B28, 0x5B28, 0x5B28, 0x5B28, 0x5B28, 0x5B28, 0x5B28, 0x5B28, 0x5B28, 0x5B28, 0x5B28, 0x5B28, 0x5B28, 0x5B28, 0x5B28,
0x5B28, 0x5B28, 0x5B28, 0x5B28, 0x5B28, 0x5B28, 0x5B28, 0x5B28, 0x5B28, 0x5B28, 0x5B28, 0x5B28, 0x5B28, 0x5B28, 0x5B28, 0x5B28,
0x5B28, 0x5B28, 0x5B28, 0x5B28, 0x5B28, 0x5B28, 0x5B28, 0x5B28, 0x5B28, 0x5B28, 0x5B28, 0x5B28, 0x5B28, 0x5B28, 0x5B28, 0x5B28,
0x5B28, 0x5B28, 0x5B28, 0x5B28, 0x5B28, 0x5B28, 0x5B28, 0x5B28, 0x5B28, 0x5B28, 0x5B28, 0x5B28, 0x5B28, 0x5B28, 0x5B28, 0x5B28,
0x5B28, 0x5B28, 0x5B28, 0x5B28, 0x5B28, 0x5B28, 0x5B28, 0x5B28, 0x5B28, 0x5B28, 0x5B28, 0x5B28, 0x5B28, 0x5B28, 0x5B28, 0x5B28,
0x5B28, 0x5B28, 0x5B28, 0x5B28, 0x5B28, 0x5B28, 0x5B28, 0x5B28, 0x5B28, 0x5B28, 0x5B28, 0x5B28, 0x5B28, 0x5B28, 0x5B28, 0x5B28,
0x5B28, 0x5B28, 0x5A46, 0x5A46, 0x5A46, 0x5A46, 0x5A46, 0x5A46, 0xDE52, 0xDE52, 0xDE52, 0xDE52, 0xDE52, 0xDE53, 0xDE53, 0xDE53,
0xDE53, 0xDE53, 0xDE53, 0xDE53, 0xDE53, 0xDE53, 0xDE73, 0xDE73, 0xE673, 0xE673, 0x5A46, 0x5A46, 0x5A46, 0xE673, 0xE673, 0xE673,
0xE673, 0xE673, 0xE673, 0xE673, 0xE673, 0xE673, 0xE673, 0xE673, 0xE673, 0xE673, 0xE673, 0xE673, 0xE673, 0xE693, 0xE693, 0xE693,
0xE693, 0xE693, 0x5A46, 0x5A46, 0x5A46, 0xE693, 0xE693, 0xE693, 0xE693, 0xE693, 0xE693, 0xF77C, 0xF77C, 0xF77C, 0xF77C, 0xF77C,
0xF77C, 0xF77C, 0xF77C, 0xF77C, 0xF77C, 0xF77C, 0xF77C, 0xF77C, 0xF77C, 0xF77C, 0xF77C, 0xF77C, 0xF77C, 0xF77C, 0xF77C, 0xF77C,
0xF77C, 0xF77C, 0xF77C, 0xF77C, 0xF77C, 0xF77C, 0xE693, 0xE693, 0xE693, 0xE693, 0xE693, 0xE693, 0xE693, 0xE693, 0xE693, 0xE693,
0xE693, 0xE693, 0x5A46, 0x5A46, 0x5A46, 0xE673, 0xE673, 0xE673, 0xE673, 0xE673, 0xE673, 0xE673, 0xE673, 0xE673, 0xE673, 0xE673,
0xE673, 0xE673, 0xE673, 0xE673, 0xE673, 0xE673, 0xE673, 0xE673, 0xE673, 0xDE73, 0x5A46, 0x5A46, 0x5A46, 0xDE53, 0xDE53, 0xDE53,
0xDE53, 0xDE53, 0xDE53, 0xDE53, 0xDE52, 0xDE52, 0xDE52, 0xDE52, 0x5A46, 0x5A46, 0x5A46, 0x5A46, 0x5A46, 0x5A46, 0x5B28, 0x5B28,
0x5B28, 0x5B28, 0x5B28, 0x5B28, 0x5B28, 0x5B28, 0x5B28, 0x5B28, 0x5B28, 0x5B28, 0x5B28, 0x5B28, 0x5B28, 0x5B28, 0x5B28, 0x5B28,
0x5B28, 0x5B28, 0x5B28, 0x5B28, 0x5B28, 0x5B28, 0x5B28, 0x5B28, 0x5B28, 0x5B28, 0x5B28, 0x5B28, 0x5B28, 0x5B28, 0x5B28, 0x5B28,
0x5B28, 0x5B28, 0x5B28, 0x5B28, 0x5B28, 0x5B28, 0x5B28, 0x5B28, 0x5B28, 0x5B28, 0x5B28, 0x5B28, 0x5B28, 0x5B28, 0x5B28, 0x5B28,
0x5328, 0x5328, 0x5328, 0x5328, 0x5328, 0x5328, 0x5328, 0x5328, 0x5328, 0x5328, 0x5328, 0x5328, 0x5328, 0x5328, 0x5328, 0x5328,
0x5328, 0x5328, 0x5328, 0x5328, 0x5328, 0x5328, 0x5328, 0x5328, 0x5328, 0x5328, 0x5328, 0x5328, 0x5328, 0x5328, 0x5328, 0x5328,
0x5328, 0x5328, 0x5328, 0x5328, 0x5328, 0x5328, 0x5328, 0x5328, 0x5328, 0x5328, 0x5328, 0x5328, 0x5328, 0x5328, 0x5328, 0x5328,
0x5328, 0x5328, 0x5A46, 0x5A46, 0x5A46, 0x5A46, 0x5A46, 0x5A46, 0xDE52, 0xDE52, 0xDE52, 0xDE52, 0xDE53, 0xDE53, 0xDE53, 0xDE53,
0xDE53, 0xDE53, 0xDE53, 0xDE53, 0xDE53, 0xDE73, 0xDE73, 0xE673, 0xE673, 0xE673, 0x5A46, 0x5A46, 0x5A46, 0xE673, 0xE673, 0xE673,
0xE673, 0xE673, 0xE673, 0xE673, 0xE673, 0xE673, 0xE673, 0xE673, 0xE673, 0xE673, 0xE673, 0xE693, 0xE693, 0xE693, 0xE693, 0xE693,
0xE693, 0xE693, 0x5A46, 0x5A46, 0x5A46, 0xE693, 0xE693, 0xE693, 0xE693, 0xE693, 0xE693, 0xF77C, 0xF77C, 0xF77C, 0xF77C, 0xF77C,
0xF77C, 0xF77C, 0xF77C, 0xF77C, 0xF77C, 0xF77C, 0xF77C, 0xF77C, 0xF77C, 0xF77C, 0xF77C, 0xF77C, 0xF77C, 0xF77C, 0xF77C, 0xF77C,
0xF77C, 0xF77C, 0xF77C, 0xF77C, 0xF77C, 0xF77C, 0xE693, 0xE693, 0xE693, 0xE693, 0xE693, 0xE693, 0xE693, 0xE693, 0xE693, 0xE693,
0xE693, 0xE693, 0x5A46, 0x5A46, 0x5A46, 0xE693, 0xE673, 0xE673, 0xE673, 0xE673, 0xE673, 0xE673, 0xE673, 0xE673, 0xE673, 0xE673,
0xE673, 0xE673, 0xE673, 0xE673, 0xE673, 0xE673, 0xE673, 0xE673, 0xE673, 0xE673, 0x5A46, 0x5A46, 0x5A46, 0xDE53, 0xDE53, 0xDE53,
0xDE53, 0xDE53, 0xDE53, 0xDE53, 0xDE53, 0xDE52, 0xDE52, 0xDE52, 0x5A46, 0x5A46, 0x5A46, 0x5A46, 0x5A46, 0x5A46, 0x5328, 0x5328,
0x5328, 0x5328, 0x5328, 0x5328, 0x5328, 0x5328, 0x5328, 0x5328, 0x5328, 0x5328, 0x5328, 0x5328, 0x5328, 0x5328, 0x5328, 0x5328,
0x5328, 0x5328, 0x5328, 0x5328, 0x5328, 0x5328, 0x5328, 0x5328, 0x5328, 0x5328, 0x5328, 0x5328, 0x5328, 0x5328, 0x5328, 0x5328,
0x5328, 0x5328, 0x5328, 0x5328, 0x5328, 0x5328, 0x5328, 0x5328, 0x5328, 0x5328, 0x5328, 0x5328, 0x5328, 0x5328, 0x5328, 0x5328,
0x5328, 0x5328, 0x5328, 0x5328, 0x5328, 0x5328, 0x5328, 0x5328, 0x5328, 0x5328, 0x5328, 0x5328, 0x5328, 0x5328, 0x5328, 0x5328,
0x5328, 0x5328, 0x5328, 0x5328, 0x5328, 0x5328, 0x5328, 0x5328, 0x5328, 0x5328, 0x5328, 0x5328, 0x5328, 0x5328, 0x5328, 0x5328,
0x5328, 0x5328, 0x5328, 0x5328, 0x5328, 0x5328, 0x5328, 0x5328, 0x5328, 0x5328, 0x5328, 0x5328, 0x5328, 0x5328, 0x5328, 0x5328,
0x5328, 0x5328, 0x5A46, 0x5A46, 0x5A46, 0x5A46, 0x5A46, 0x5A46, 0xDE52, 0xDE52, 0xDE52, 0xDE53, 0xDE53, 0xDE53, 0xDE53, 0xDE53,
0xDE53, 0xDE53, 0xDE53, 0xDE73, 0xDE73, 0xDE73, 0xE673, 0xE673, 0xE673, 0xE673, 0x5A46, 0x5A46, 0x5A46, 0xE673, 0xE673, 0xE673,
0xE673, 0xE673, 0xE673, 0xE673, 0xE673, 0xE673, 0xE673, 0xE673, 0xE673, 0xE693, 0xE693, 0xE693, 0xE693, 0xE693, 0xE693, 0xE693,
0xE693, 0xE693, 0x5A46, 0x5A46, 0x5A46, 0xE693, 0xE693, 0xE693, 0xE693, 0xE693, 0xE693, 0xF77C, 0xF77C, 0xF77C, 0xF77C, 0xF77C,
0xF77C, 0xF77C, 0xF77C, 0xF77C, 0xF77C, 0xF77C, 0xF77C, 0xF77C, 0xF77C, 0xF77C, 0xF77C, 0xF77C, 0xF77C, 0xF77C, 0xF77C, 0xF77C,
0xF77C, 0xF77C, 0xF77C, 0xF77C, 0xF77C, 0xF77C, 0xE693, 0xE693, 0xE693, 0xE693, 0xE693, 0xE693, 0xE693, 0xE693, 0xE693, 0xE693,
0xE693, 0xE693, 0x5A46, 0x5A46, 0x5A46, 0xE693, 0xE693, 0xE693, 0xE673, 0xE673, 0xE673, 0xE673, 0xE673, 0xE673, 0xE673, 0xE673,
0xE673, 0xE673, 0xE673, 0xE673, 0xE673, 0xE673, 0xE673, 0xE673, 0xE673, 0xE673, 0x5A46, 0x5A46, 0x5A46, 0xDE73, 0xDE53, 0xDE53,
0xDE53, 0xDE53, 0xDE53, 0xDE53, 0xDE53, 0xDE53, 0xDE52, 0xDE52, 0x5A46, 0x5A46, 0x5A46, 0x5A46, 0x5A46, 0x5A46, 0x5328, 0x5328,
0x5328, 0x5328, 0x5328, 0x5328, 0x5328, 0x5328, 0x5328, 0x5328, 0x5328, 0x5328, 0x5328, 0x5328, 0x5328, 0x5328, 0x5328, 0x5328,
0x5328, 0x5328, 0x5328, 0x5328, 0x5328, 0x5328, 0x5328, 0x5328, 0x5328, 0x5328, 0x5328, 0x5328, 0x5328, 0x5328, 0x5328, 0x5328,
0x5328, 0x5328, 0x5328, 0x5328, 0x5328, 0x5328, 0x5328, 0x5328, 0x5328, 0x5328, 0x5328, 0x5328, 0x5328, 0x5328, 0x5328, 0x5328,
0x5328, 0x5328, 0x5328, 0x5328, 0x5328, 0x5328, 0x5328, 0x5328, 0x5328, 0x5328, 0x5328, 0x5328, 0x5328, 0x5328, 0x5328, 0x5328,
0x5328, 0x5328, 0x5328, 0x5328, 0x5328, 0x5328, 0x5328, 0x5328, 0x5328, 0x5328, 0x5328, 0x5328, 0x5328, 0x5328, 0x5328, 0x5328,
0x5328, 0x5328, 0x5328, 0x5328, 0x5328, 0x5328, 0x5328, 0x5328, 0x5328, 0x5328, 0x5328, 0x5328, 0x5328, 0x5328, 0x5328, 0x5328,
0x5328, 0x5328, 0x5A46, 0x5A46, 0x5A46, 0x5A46, 0x5A46, 0x5A46, 0xDE52, 0xDE52, 0xDE53, 0xDE53, 0xDE53, 0xDE53, 0xDE53, 0xDE53,
0xDE53, 0xDE53, 0xDE73, 0xDE73, 0xDE73, 0xE673, 0xE673, 0xE673, 0xE673, 0xE673, 0x5A46, 0x5A46, 0x5A46, 0xE673, 0xE673, 0xE673,
0xE673, 0xE673, 0xE673, 0xE673, 0xE673, 0xE673, 0xE673, 0xE693, 0xE693, 0xE693, 0xE693, 0xE693, 0xE693, 0xE693, 0xE693, 0xE693,
0xE693, 0xE693, 0x5A46, 0x5A46, 0x5A46, 0xE693, 0xE693, 0xE693, 0xE693, 0xE693, 0xE693, 0xF77C, 0xF77C, 0xF77C, 0xF77C, 0xF77C,
0xF77C, 0xF77C, 0xF77C, 0xF77C, 0xF77C, 0xF77C, 0xF77C, 0xF77C, 0xF77C, 0xF77C, 0xF77C, 0xF77C, 0xF77C, 0xF77C, 0xF77C, 0xF77C,
0xF77C, 0xF77C, 0xF77C, 0xF77C, 0xF77C, 0xF77C, 0xE693, 0xE693, 0xE693, 0xE693, 0xE693, 0xE693, 0xE693, 0xE693, 0xE693, 0xE693,
0xE693, 0xE693, 0x5A46, 0x5A46, 0x5A46, 0xE693, 0xE693, 0xE693, 0xE693, 0xE693, 0xE673, 0xE673, 0xE673, 0xE673, 0xE673, 0xE673,
0xE673, 0xE673, 0xE673, 0xE673, 0xE673, 0xE673, 0xE673, 0xE673, 0xE673, 0xE673, 0x5A46, 0x5A46, 0x5A46, 0xDE73, 0xDE73, 0xDE53,
0xDE53, 0xDE53, 0xDE53, 0xDE53, 0xDE53, 0xDE53, 0xDE53, 0xDE52, 0x5A46, 0x5A46, 0x5A46, 0x5A46, 0x5A46, 0x5A46, 0x5328, 0x5328,
0x5328, 0x5328, 0x5328, 0x5328, 0x5328, 0x5328, 0x5328, 0x5328, 0x5328, 0x5328, 0x5328, 0x5328, 0x5328, 0x5328, 0x5328, 0x5328,
0x5328, 0x5328, 0x5328, 0x5328, 0x5328, 0x5328, 0x5328, 0x5328, 0x5328, 0x5328, 0x5328, 0x5328, 0x5328, 0x5328, 0x5328, 0x5328,
0x5328, 0x5328, 0x5328, 0x5328, 0x5328, 0x5328, 0x5328, 0x5328, 0x5328, 0x5328, 0x5328, 0x5328, 0x5328, 0x5328, 0x5328, 0x5328,
0x5328, 0x5328, 0x5328, 0x5328, 0x5328, 0x5328, 0x5328, 0x5328, 0x5328, 0x5328, 0x5328, 0x5328, 0x5328, 0x5328, 0x5328, 0x5328,
0x5328, 0x5328, 0x5328, 0x5328, 0x5328, 0x5328, 0x5328, 0x5328, 0x5328, 0x5328, 0x5328, 0x5328, 0x5328, 0x5328, 0x5328, 0x5328,
0x5328, 0x5328, 0x5328, 0x5328, 0x5328, 0x5328, 0x5328, 0x5328, 0x5328, 0x5328, 0x5328, 0x5328, 0x5328, 0x5328, 0x5328, 0x5328,
0x5328, 0x5328, 0x5A46, 0x5A46, 0x5A46, 0x5A46, 0x5A46, 0x5A46, 0xDE52, 0xDE53, 0xDE53, 0xDE53, 0xDE53, 0xDE53, 0xDE53, 0xDE53,
0xDE53, 0xDE73, 0xDE73, 0xDE73, 0xE673, 0xE673, 0xE673, 0xE673, 0xE673, 0xE673, 0x5A46, 0x5A46, 0x5A46, 0xE673, 0xE673, 0xE673,
0xE673, 0xE673, 0xE673, 0xE673, 0xE673, 0xE673, 0xE693, 0xE693, 0xE693, 0xE693, 0xE693, 0xE693, 0xE693, 0xE693, 0xE693, 0xE693,
0xE693, 0xE693, 0x5A46, 0x5A46, 0x5A46, 0xE693, 0xE693, 0xE693, 0xE693, 0xE693, 0xE693, 0xF77C, 0xF77C, 0xF77C, 0xF77C, 0xF77C,
0xF77C, 0xF77C, 0xF77C, 0xF77C, 0xF77C, 0xF77C, 0xF77C, 0xF77C, 0xF77C, 0xF77C, 0xF77C, 0xF77C, 0xF77C, 0xF77C, 0xF77C, 0xF77C,
0xF77C, 0xF77C, 0xF77C, 0xF77C, 0xF77C, 0xF77C, 0xE693, 0xE693, 0xE693, 0xE693, 0xE693, 0xE693, 0xE693, 0xE693, 0xE693, 0xE693,
0xE693, 0xE693, 0x5A46, 0x5A46, 0x5A46, 0xE693, 0xE693, 0xE693, 0xE693, 0xE693, 0xE693, 0xE673, 0xE673, 0xE673, 0xE673, 0xE673,
0xE673, 0xE673, 0xE673, 0xE673, 0xE673, 0xE673, 0xE673, 0xE673, 0xE673, 0xE673, 0x5A46, 0x5A46, 0x5A46, 0xDE73, 0xDE73, 0xDE73,
0xDE53, 0xDE53, 0xDE53, 0xDE53, 0xDE53, 0xDE53, 0xDE53, 0xDE53, 0x5A46, 0x5A46, 0x5A46, 0x5A46, 0x5A46, 0x5A46, 0x5328, 0x5328,
0x5328, 0x5328, 0x5328, 0x5328, 0x5328, 0x5328, 0x5328, 0x5328, 0x5328, 0x5328, 0x5328, 0x5328, 0x5328, 0x5328, 0x5328, 0x5328,
0x5328, 0x5328, 0x5328, 0x5328, 0x5328, 0x5328, 0x5328, 0x5328, 0x5328, 0x5328, 0x5328, 0x5328, 0x5328, 0x5328, 0x5328, 0x5328,
0x5328, 0x5328, 0x5328, 0x5328, 0x5328, 0x5328, 0x5328, 0x5328, 0x5328, 0x5328, 0x5328, 0x5328, 0x5328, 0x5328, 0x5328, 0x5328,
0x5328, 0x5328, 0x5328, 0x5328, 0x5328, 0x5328, 0x5328, 0x5328, 0x5328, 0x5328, 0x5328, 0x5328, 0x5328, 0x5328, 0x5328, 0x5328,
0x5328, 0x5328, 0x5328, 0x5328, 0x5328, 0x5328, 0x5328, 0x5328, 0x5328, 0x5328, 0x5328, 0x5328, 0x5328, 0x5328, 0x5328, 0x5328,
0x5328, 0x5328, 0x5328, 0x5328, 0x5328, 0x5328, 0x5328, 0x5328, 0x5328, 0x5328, 0x5328, 0x5328, 0x5328, 0x5328, 0x5328, 0x5328,
0x5328, 0x5328, 0x5A46, 0x5A46, 0x5A46, 0x5A46, 0x5A46, 0x5A46, 0xDE52, 0xDE53, 0xDE53, 0xDE53, 0xDE53, 0xDE53, 0xDE53, 0xDE53,
0xDE73, 0xDE73, 0xDE73, 0xE673, 0xE673, 0xE673, 0xE673, 0xE673, 0xE673, 0xE673, 0x5A46, 0x5A46, 0x5A46, 0xE673, 0xE673, 0xE673,
0xE673, 0xE673, 0xE673, 0xE673, 0xE693, 0xE693, 0xE693, 0xE693, 0xE693, 0xE693, 0xE693, 0xE693, 0xE693, 0xE693, 0xE693, 0xE693,
0xE693, 0xE693, 0x5A46, 0x5A46, 0x5A46, 0xE693, 0xE693, 0xE693, 0xE694, 0xE694, 0xE694, 0xF77C, 0xF77C, 0xF77C, 0xF77C, 0xF77C,
0xF77C, 0xF77C, 0xF77C, 0xF77C, 0xF77C, 0xF77C, 0xF77C, 0xF77C, 0xF77C, 0xF77C, 0xF77C, 0xF77C, 0xF77C, 0xF77C, 0xF77C, 0xF77C,
0xF77C, 0xF77C, 0xF77C, 0xF77C, 0xF77C, 0xF77C, 0xE694, 0xE694, 0xE694, 0xE693, 0xE693, 0xE693, 0xE693, 0xE693, 0xE693, 0xE693,
0xE693, 0xE693, 0x5A46, 0x5A46, 0x5A46, 0xE693, 0xE693, 0xE693, 0xE693, 0xE693, 0xE693, 0xE693, 0xE693, 0xE673, 0xE673, 0xE673,
0xE673, 0xE673, 0xE673, 0xE673, 0xE673, 0xE673, 0xE673, 0xE673, 0xE673, 0xE673, 0x5A46, 0x5A46, 0x5A46, 0xE673, 0xDE73, 0xDE73,
0xDE73, 0xDE53, 0xDE53, 0xDE53, 0xDE53, 0xDE53, 0xDE53, 0xDE53, 0x5A46, 0x5A46, 0x5A46, 0x5A46, 0x5A46, 0x5A46, 0x5328, 0x5328,
0x5328, 0x5328, 0x5328, 0x5328, 0x5328, 0x5328, 0x5328, 0x5328, 0x5328, 0x5328, 0x5328, 0x5328, 0x5328, 0x5328, 0x5328, 0x5328,
0x5328, 0x5328, 0x5328, 0x5328, 0x5328, 0x5328, 0x5328, 0x5328, 0x5328, 0x5328, 0x5328, 0x5328, 0x5328, 0x5328, 0x5328, 0x5328,
0x5328, 0x5328, 0x5328, 0x5328, 0x5328, 0x5328, 0x5328, 0x5328, 0x5328, 0x5328, 0x5328, 0x5328, 0x5328, 0x5328, 0x5328, 0x5328,
0x5328, 0x5328, 0x5328, 0x5328, 0x5328, 0x5328, 0x5328, 0x5328, 0x5328, 0x5328, 0x5328, 0x5328, 0x5328, 0x5328, 0x5328, 0x5328,
0x5328, 0x5328, 0x5328, 0x5328, 0x5328, 0x5328, 0x5328, 0x5328, 0x5328, 0x5328, 0x5328, 0x5328, 0x5328, 0x5328, 0x5328, 0x5328,
0x5328, 0x5328, 0x5328, 0x5328, 0x5328, 0x5328, 0x5328, 0x5328, 0x5328, 0x5328, 0x5328, 0x5328, 0x5328, 0x5328, 0x5328, 0x5328,
0x5328, 0x5328, 0x5A46, 0x5A46, 0x5A46, 0x5A46, 0x5A46, 0x5A46, 0xDE53, 0xDE53, 0xDE53, 0xDE53, 0xDE53, 0xDE53, 0xDE53, 0xDE53,
0xDE73, 0xDE73, 0xE673, 0xE673, 0xE673, 0xE673, 0xE673, 0xE673, 0xE673, 0xE673, 0x5A46, 0x5A46, 0x5A46, 0xE673, 0xE673, 0xE673,
0xE673, 0xE673, 0xE673, 0xE693, 0xE693, 0xE693, 0xE693, 0xE693, 0xE693, 0xE693, 0xE693, 0xE693, 0xE693, 0xE693, 0xE693, 0xE693,
0xE693, 0xE693, 0x5A46, 0x5A46, 0x5A46, 0xE694, 0xE694, 0xE694, 0xE694, 0xE694, 0xE694, 0xE694, 0xF77C, 0xF77C, 0xF77C, 0xF77C,
0xF77C, 0xF77C, 0xF77C, 0xF77C, 0xF77C, 0xF77C, 0xF77C, 0xF77C, 0xF77C, 0xF77C, 0xF77C, 0xF77C, 0xF77C, 0xF77C, 0xF77C, 0xF77C,
0xF77C, 0xF77C, 0xF77C, 0xF77C, 0xF77C, 0xE694, 0xE694, 0xE694, 0xE694, 0xE694, 0xE694, 0xE694, 0xE693, 0xE693, 0xE693, 0xE693,
0xE693, 0xE693, 0x5A46, 0x5A46, 0x5A46, 0xE693, 0xE693, 0xE693, 0xE693, 0xE693, 0xE693, 0xE693, 0xE693, 0xE693, 0xE673, 0xE673,
0xE673, 0xE673, 0xE673, 0xE673, 0xE673, 0xE673, 0xE673, 0xE673, 0xE673, 0xE673, 0x5A46, 0x5A46, 0x5A46, 0xE673, 0xE673, 0xDE73,
0xDE73, 0xDE53, 0xDE53, 0xDE53, 0xDE53, 0xDE53, 0xDE53, 0xDE53, 0x5A46, 0x5A46, 0x5A46, 0x5A46, 0x5A46, 0x5A46, 0x5328, 0x5328,
0x5328, 0x5328, 0x5328, 0x5328, 0x5328, 0x5328, 0x5328, 0x5328, 0x5328, 0x5328, 0x5328, 0x5328, 0x5328, 0x5328, 0x5328, 0x5328,
0x5328, 0x5328, 0x5328, 0x5328, 0x5328, 0x5328, 0x5328, 0x5328, 0x5328, 0x5328, 0x5328, 0x5328, 0x5328, 0x5328, 0x5328, 0x5328,
0x5328, 0x5328, 0x5328, 0x5328, 0x5328, 0x5328, 0x5328, 0x5328, 0x5328, 0x5328, 0x5328, 0x5328, 0x5328, 0x5328, 0x5328, 0x5328,
0x5328, 0x5328, 0x5328, 0x5328, 0x5328, 0x5328, 0x5328, 0x5328, 0x5328, 0x5328, 0x5328, 0x5328, 0x5328, 0x5328, 0x5328, 0x5328,
0x5328, 0x5328, 0x5328, 0x5328, 0x5328, 0x5328, 0x5328, 0x5328, 0x5328, 0x5328, 0x5328, 0x5328, 0x5328, 0x5328, 0x5328, 0x5328,
0x5328, 0x5328, 0x5328, 0x5328, 0x5328, 0x5328, 0x5328, 0x5328, 0x5328, 0x5328, 0x5328, 0x5328, 0x5328, 0x5328, 0x5328, 0x5328,
0x5328, 0x5328, 0x5A46, 0x5A46, 0x5A46, 0x5A46, 0x5A46, 0x5A46, 0xDE53, 0xDE53, 0xDE53, 0xDE53, 0xDE53, 0xDE53, 0xDE53, 0xDE73,
0xDE73, 0xE673, 0xE673, 0xE673, 0xE673, 0xE673, 0xE673, 0xE673, 0xE673, 0xE673, 0x5A46, 0x5A46, 0x5A46, 0xE673, 0xE673, 0xE673,
0xE673, 0xE693, 0xE693, 0xE693, 0xE693, 0xE693, 0xE693, 0xE693, 0xE693, 0xE693, 0xE693, 0xE693, 0xE693, 0xE693, 0xE693, 0xE693,
0xE693, 0xE693, 0x5A46, 0x5A46, 0x5A46, 0xE694, 0xE694, 0xE694, 0xE694, 0xE694, 0xE694, 0xE694, 0xF77C, 0xF77C, 0xF77C, 0xF77C,
0xF77C, 0xF77C, 0xF77C, 0xF77C, 0xF77C, 0xF77C, 0xF77C, 0xF77C, 0xF77C, 0xF77C, 0xF77C, 0xF77C, 0xF77C, 0xF77C, 0xF77C, 0xF77C,
0xF77C, 0xF77C, 0xF77C, 0xF77C, 0xF77C, 0xE694, 0xE694, 0xE694, 0xE694, 0xE694, 0xE694, 0xE694, 0xE694, 0xE694, 0xE693, 0xE693,
0xE693, 0xE693, 0x5A46, 0x5A46, 0x5A46, 0xE693, 0xE693, 0xE693, 0xE693, 0xE693, 0xE693, 0xE693, 0xE693, 0xE693, 0xE693, 0xE693,
0xE673, 0xE673, 0xE673, 0xE673, 0xE673, 0xE673, 0xE673, 0xE673, 0xE673, 0xE673, 0x5A46, 0x5A46, 0x5A46, 0xE673, 0xE673, 0xE673,
0xDE73, 0xDE73, 0xDE53, 0xDE53, 0xDE53, 0xDE53, 0xDE53, 0xDE53, 0x5A46, 0x5A46, 0x5A46, 0x5A46, 0x5A46, 0x5A46, 0x5328, 0x5328,
0x5328, 0x5328, 0x5328, 0x5328, 0x5328, 0x5328, 0x5328, 0x5328, 0x5328, 0x5328, 0x5328, 0x5328, 0x5328, 0x5328, 0x5328, 0x5328,
0x5328, 0x5328, 0x5328, 0x5328, 0x5328, 0x5328, 0x5328, 0x5328, 0x5328, 0x5328, 0x5328, 0x5328, 0x5328, 0x5328, 0x5328, 0x5328,
0x5328, 0x5328, 0x5328, 0x5328, 0x5328, 0x5328, 0x5328, 0x5328, 0x5328, 0x5328, 0x5328, 0x5328, 0x5328, 0x5328, 0x5328, 0x5328,
0x5328, 0x5328, 0x5328, 0x5328, 0x5328, 0x5328, 0x5328, 0x5328, 0x5328, 0x5328, 0x5328, 0x5328, 0x5328, 0x5328, 0x5328, 0x5328,
0x5328, 0x5328, 0x5328, 0x5328, 0x5328, 0x5328, 0x5328, 0x5328, 0x5328, 0x5328, 0x5328, 0x5328, 0x5328, 0x5328, 0x5328, 0x5328,
0x5328, 0x5328, 0x5328, 0x5328, 0x5328, 0x5328, 0x5328, 0x5328, 0x5328, 0x5328, 0x5328, 0x5328, 0x5328, 0x5328, 0x5328, 0x5328,
0x5328, 0x5328, 0x5A46, 0x5A46, 0x5A46, 0x5A46, 0x5A46, 0x5A46, 0xDE53, 0xDE53, 0xDE53, 0xDE53, 0xEE93, 0xEE93, 0xEEB3, 0xEEB4,
0xEEB4, 0xEEB4, 0xEEB4, 0xEED4, 0xEED4, 0xEED4, 0xEED4, 0xEED4, 0xF6D4, 0xF6D4, 0x6AC7, 0x6AC7, 0x6AC7, 0xF6F4, 0xF6F4, 0xF6F4,
0xF714, 0xF714, 0xF715, 0xF715, 0xFF15, 0xFF15, 0xFF15, 0xFF35, 0xFF35, 0xFF35, 0xFF35, 0xFF35, 0xFF35, 0xFF35, 0xFF55, 0xFF55,
0xFF55, 0xFF55, 0x7307, 0x7307, 0x7307, 0xFF76, 0xFF76, 0xFF76, 0xFF76, 0xFF76, 0xFF76, 0xFF76, 0xFF96, 0xFF96, 0xFF96, 0xFF96,
0xFF96, 0xFF96, 0xFF96, 0xFF96, 0xFF96, 0xFF96, 0xFFB6, 0xFFB6, 0xFFB6, 0xFFB6, 0x7B48, 0x7B48, 0x7B48, 0xFF96, 0xFF96, 0xFF96,
0xFF96, 0xFF96, 0xFF96, 0xFF96, 0xFF96, 0xFF76, 0xFF76, 0xFF76, 0xFF76, 0xFF76, 0xFF76, 0xFF76, 0xFF55, 0xFF55, 0xFF55, 0xFF55,
0xFF55, 0xFF55, 0x7307, 0x72E7, 0x72E7, 0xFF35, 0xFF35, 0xFF35, 0xFF35, 0xFF35, 0xFF15, 0xFF15, 0xFF15, 0xF715, 0xF715, 0xF714,
0xF714, 0xF6F4, 0xF6F4, 0xF6F4, 0xF6F4, 0xF6F4, 0xF6F4, 0xF6D4, 0xF6D4, 0xEED4, 0x6AA6, 0x62A6, 0x62A6, 0xEED4, 0xEEB4, 0xEEB4,
0xEEB4, 0xEEB4, 0xEEB3, 0xEE93, 0xDE53, 0xDE53, 0xDE53, 0xDE53, 0x5A46, 0x5A46, 0x5A46, 0x5A46, 0x5A46, 0x5A46, 0x5328, 0x5328,
0x5328, 0x5328, 0x5328, 0x5328, 0x5328, 0x5328, 0x5328, 0x5328, 0x5328, 0x5328, 0x5328, 0x5328, 0x5328, 0x5328, 0x5328, 0x5328,
0x5328, 0x5328, 0x5328, 0x5328, 0x5328, 0x5328, 0x5328, 0x5328, 0x5328, 0x5328, 0x5328, 0x5328, 0x5328, 0x5328, 0x5328, 0x5328,
0x5328, 0x5328, 0x5328, 0x5328, 0x5328, 0x5328, 0x5328, 0x5328, 0x5328, 0x5328, 0x5328, 0x5328, 0x5328, 0x5328, 0x5328, 0x5328,
0x5328, 0x5328, 0x5328, 0x5328, 0x5328, 0x5328, 0x5328, 0x5328, 0x5328, 0x5328, 0x5328, 0x5328, 0x5328, 0x5328, 0x5328, 0x5328,
0x5328, 0x5328, 0x5328, 0x5328, 0x5328, 0x5328, 0x5328, 0x5328, 0x5328, 0x5328, 0x5328, 0x5328, 0x5328, 0x5328, 0x5328, 0x5328,
0x5328, 0x5328, 0x5328, 0x5328, 0x5328, 0x5328, 0x5328, 0x5328, 0x5328, 0x5328, 0x5328, 0x5328, 0x5328, 0x5328, 0x5328, 0x5328,
0x5328, 0x5328, 0x5A46, 0x5A46, 0x5A46, 0x5A46, 0x5A46, 0x5A46, 0xDE53, 0xDE53, 0xDE53, 0xDE53, 0xEE93, 0xEEB3, 0xEEB3, 0xEEB3,
0xEEB4, 0xEEB4, 0xEEB4, 0xEED4, 0xEED4, 0xEED4, 0xEED4, 0xEED4, 0xF6D4, 0xF6D4, 0x6AA7, 0x6AC7, 0x6AC7, 0xF6F4, 0xF6F4, 0xF6F4,
0xF714, 0xF714, 0xF715, 0xF715, 0xFF15, 0xFF15, 0xFF15, 0xFF35, 0xFF35, 0xFF35, 0xFF35, 0xFF35, 0xFF35, 0xFF35, 0xFF55, 0xFF55,
0xFF55, 0xFF55, 0x7307, 0x7307, 0x7307, 0xFF75, 0xFF76, 0xFF76, 0xFF76, 0xFF76, 0xFF76, 0xFF76, 0xFF76, 0xFF96, 0xFF96, 0xFF96,
0xFF96, 0xFF96, 0xFF96, 0xFF96, 0xFF96, 0xFF96, 0xFFB6, 0xFFB6, 0xFFB6, 0xFFB6, 0x7B48, 0x7B48, 0x7B48, 0xFF96, 0xFF96, 0xFF96,
0xFF96, 0xFF96, 0xFF96, 0xFF96, 0xFF76, 0xFF76, 0xFF76, 0xFF76, 0xFF76, 0xFF76, 0xFF76, 0xFF75, 0xFF55, 0xFF55, 0xFF55, 0xFF55,
0xFF55, 0xFF55, 0x7307, 0x72E7, 0x72E7, 0xFF35, 0xFF35, 0xFF35, 0xFF35, 0xFF35, 0xFF15, 0xFF15, 0xFF15, 0xF715, 0xF715, 0xF714,
0xF714, 0xF6F4, 0xF6F4, 0xF6F4, 0xF6F4, 0xF6F4, 0xF6F4, 0xF6D4, 0xF6D4, 0xEED4, 0x6AA6, 0x62A6, 0x62A6, 0xEED4, 0xEEB4, 0xEEB4,
0xEEB4, 0xEEB3, 0xEEB3, 0xEEB3, 0xDE53, 0xDE53, 0xDE53, 0xDE53, 0x5A46, 0x5A46, 0x5A46, 0x5A46, 0x5A46, 0x5A46, 0x5328, 0x5328,
0x5328, 0x5328, 0x5328, 0x5328, 0x5328, 0x5328, 0x5328, 0x5328, 0x5328, 0x5328, 0x5328, 0x5328, 0x5328, 0x5328, 0x5328, 0x5328,
0x5328, 0x5328, 0x5328, 0x5328, 0x5328, 0x5328, 0x5328, 0x5328, 0x5328, 0x5328, 0x5328, 0x5328, 0x5328, 0x5328, 0x5328, 0x5328,
0x5328, 0x5328, 0x5328, 0x5328, 0x5328, 0x5328, 0x5328, 0x5328, 0x5328, 0x5328, 0x5328, 0x5328, 0x5328, 0x5328, 0x5328, 0x5328,
0x5328, 0x5328, 0x5328, 0x5328, 0x5328, 0x5328, 0x5328, 0x5328, 0x5328, 0x5328, 0x5328, 0x5328, 0x5328, 0x5328, 0x5328, 0x5328,
0x5328, 0x5328, 0x5328, 0x5328, 0x5328, 0x5328, 0x5328, 0x5328, 0x5328, 0x5328, 0x5328, 0x5328, 0x5328, 0x5328, 0x5328, 0x5328,
0x5328, 0x5328, 0x5328, 0x5328, 0x5328, 0x5328, 0x5328, 0x5328, 0x5328, 0x5328, 0x5328, 0x5328, 0x5328, 0x5328, 0x5328, 0x5328,
0x5328, 0x5328, 0x5A46, 0x5A46, 0x5A46, 0x5A46, 0x5A46, 0x5A46, 0xDE53, 0xDE53, 0xDE53, 0xDE53, 0xEEB3, 0xEEB3, 0xEEB3, 0xEEB3,
0xEEB4, 0xEEB4, 0xEEB4, 0xEEB4, 0xEED4, 0xEED4, 0xEED4, 0xEED4, 0xF6D4, 0xF6F4, 0x6AA7, 0x6AC7, 0x6AC7, 0xF6F4, 0xF6F4, 0xF6F4,
0xF714, 0xF715, 0xF715, 0xFF15, 0xFF15, 0xFF15, 0xFF15, 0xFF35, 0xFF35, 0xFF35, 0xFF35, 0xFF35, 0xFF35, 0xFF35, 0xFF55, 0xFF55,
0xFF55, 0xFF55, 0x7307, 0x7307, 0x7307, 0xFF56, 0xFF76, 0xFF76, 0xFF76, 0xFF76, 0xFF76, 0xFF76, 0xFF76, 0xFF96, 0xFF96, 0xFF96,
0xFF96, 0xFF96, 0xFF96, 0xFF96, 0xFFB6, 0xFFB6, 0xFFB6, 0xFFB6, 0xFFB6, 0xFFB6, 0x7B48, 0x7B48, 0x7B48, 0xFF96, 0xFF96, 0xFF96,
0xFF96, 0xFF96, 0xFF96, 0xFF96, 0xFF76, 0xFF76, 0xFF76, 0xFF76, 0xFF76, 0xFF76, 0xFF76, 0xFF56, 0xFF55, 0xFF55, 0xFF55, 0xFF55,
0xFF55, 0xFF55, 0x7307, 0x72E7, 0x72E7, 0xFF35, 0xFF35, 0xFF35, 0xFF35, 0xFF35, 0xFF15, 0xFF15, 0xFF15, 0xFF15, 0xF715, 0xF715,
0xF714, 0xF6F4, 0xF6F4, 0xF6F4, 0xF6F4, 0xF6F4, 0xF6F4, 0xF6F4, 0xF6D4, 0xEED4, 0x6AA6, 0x62A6, 0x62A6, 0xEEB4, 0xEEB4, 0xEEB4,
0xEEB4, 0xEEB3, 0xEEB3, 0xEEB3, 0xDE73, 0xDE53, 0xDE53, 0xDE53, 0x5A46, 0x5A46, 0x5A46, 0x5A46, 0x5A46, 0x5A46, 0x5328, 0x5328,
0x5328, 0x5328, 0x5328, 0x5328, 0x5328, 0x5328, 0x5328, 0x5328, 0x5328, 0x5328, 0x5328, 0x5328, 0x5328, 0x5328, 0x5328, 0x5328,
0x5328, 0x5328, 0x5328, 0x5328, 0x5328, 0x5328, 0x5328, 0x5328, 0x5328, 0x5328, 0x5328, 0x5328, 0x5328, 0x5328, 0x5328, 0x5328,
0x5328, 0x5328, 0x5328, 0x5328, 0x5328, 0x5328, 0x5328, 0x5328, 0x5328, 0x5328, 0x5328, 0x5328, 0x5328, 0x5328, 0x5328, 0x5328,
0x5328, 0x5328, 0x5328, 0x5328, 0x5328, 0x5328, 0x5328, 0x5328, 0x5328, 0x5328, 0x5328, 0x5328, 0x5328, 0x5328, 0x5328, 0x5328,
0x5328, 0x5328, 0x5328, 0x5328, 0x5328, 0x5328, 0x5328, 0x5328, 0x5328, 0x5328, 0x5328, 0x5328, 0x5328, 0x5328, 0x5328, 0x5328,
0x5328, 0x5328, 0x5328, 0x5328, 0x5328, 0x5328, 0x5328, 0x5328, 0x5328, 0x5328, 0x5328, 0x5328, 0x5328, 0x5328, 0x5328, 0x5328,
0x5328, 0x5328, 0x5A46, 0x5A46, 0x5A46, 0x5A46, 0x5A46, 0x5A46, 0xDE53, 0xDE53, 0xDE53, 0xDE73, 0xEE93, 0xEEB3, 0xEEB3, 0xEEB3,
0xEEB4, 0xEEB4, 0xEEB4, 0xEEB4, 0xEED4, 0xEED4, 0xEED4, 0xF6D4, 0xF6D4, 0xF6F4, 0x6AA7, 0x6AC7, 0x6AC7, 0xF6F4, 0xF6F4, 0xF6F4,
0xF715, 0xF715, 0xF715, 0xFF15, 0xFF15, 0xFF15, 0xFF15, 0xFF35, 0xFF35, 0xFF35, 0xFF35, 0xFF35, 0xFF35, 0xFF55, 0xFF55, 0xFF55,
0xFF55, 0xFF55, 0x7307, 0x7307, 0x7307, 0xFF76, 0xFF76, 0xFF76, 0xFF76, 0xFF76, 0xFF76, 0xFF76, 0xFF76, 0xFF96, 0xFF96, 0xFF96,
0xFF96, 0xFF96, 0xFF96, 0xFF96, 0xFF96, 0xFFB6, 0xFFB6, 0xFFB6, 0xFFB6, 0xFFB6, 0x7B48, 0x7B48, 0x7B48, 0xFF96, 0xFF96, 0xFF96,
0xFF96, 0xFF96, 0xFF96, 0xFF96, 0xFF76, 0xFF76, 0xFF76, 0xFF76, 0xFF76, 0xFF76, 0xFF76, 0xFF76, 0xFF76, 0xFF56, 0xFF55, 0xFF55,
0xFF55, 0xFF55, 0x72E7, 0x72E7, 0x72E7, 0xFF35, 0xFF35, 0xFF35, 0xFF35, 0xFF35, 0xFF15, 0xFF15, 0xFF15, 0xFF15, 0xF715, 0xF715,
0xF715, 0xF6F4, 0xF6F4, 0xF6F4, 0xF6F4, 0xF6F4, 0xF6F4, 0xF6F4, 0xF6D4, 0xF6D4, 0x62A6, 0x62A6, 0x62A6, 0xEEB4, 0xEEB4, 0xEEB4,
0xEEB4, 0xEEB3, 0xEEB3, 0xEEB3, 0xDE73, 0xDE73, 0xDE53, 0xDE53, 0x5A46, 0x5A46, 0x5A46, 0x5A46, 0x5A46, 0x5A46, 0x5328, 0x5328,
0x5328, 0x5328, 0x5328, 0x5328, 0x5328, 0x5328, 0x5328, 0x5328, 0x5328, 0x5328, 0x5328, 0x5328, 0x5328, 0x5328, 0x5328, 0x5328,
0x5328, 0x5328, 0x5328, 0x5328, 0x5328, 0x5328, 0x5328, 0x5328, 0x5328, 0x5328, 0x5328, 0x5328, 0x5328, 0x5328, 0x5328, 0x5328,
0x5328, 0x5328, 0x5328, 0x5328, 0x5328, 0x5328, 0x5328, 0x5328, 0x5328, 0x5328, 0x5328, 0x5328, 0x5328, 0x5328, 0x5328, 0x5328,
0x5328, 0x5328, 0x5328, 0x5328, 0x5328, 0x5328, 0x5328, 0x5328, 0x5328, 0x5328, 0x5328, 0x5328, 0x5328, 0x5328, 0x5328, 0x5328,
0x5328, 0x5328, 0x5328, 0x5328, 0x5328, 0x5328, 0x5328, 0x5328, 0x5328, 0x5328, 0x5328, 0x5328, 0x5328, 0x5328, 0x5328, 0x5328,
0x5328, 0x5328, 0x5328, 0x5328, 0x5328, 0x5328, 0x5328, 0x5328, 0x5328, 0x5328, 0x5328, 0x5328, 0x5328, 0x5328, 0x5328, 0x5328,
0x5328, 0x5328, 0x5A46, 0x5A46, 0x5A46, 0x5A46, 0x5A46, 0x5A46, 0xDE53, 0xDE53, 0xDE53, 0xDE73, 0xE693, 0xEEB3, 0xEEB3, 0xEEB3,
0xEEB4, 0xEEB4, 0xEEB4, 0xEED4, 0xEED4, 0xEED4, 0xEED4, 0xF6D4, 0xF6D4, 0xF6F4, 0x6AA7, 0x6AA7, 0x6AC7, 0xF6F4, 0xF6F4, 0xF6F4,
0xF715, 0xF715, 0xF715, 0xF715, 0xFF15, 0xFF35, 0xFF35, 0xFF35, 0xFF35, 0xFF35, 0xFF35, 0xFF35, 0xFF35, 0xFF55, 0xFF55, 0xFF55,
0xFF55, 0xFF55, 0x7307, 0x7307, 0x7307, 0xFF76, 0xFF76, 0xFF76, 0xFF76, 0xFF76, 0xFF76, 0xFF96, 0xFF96, 0xFF96, 0xFF96, 0xFF96,
0xFF96, 0xFF96, 0xFF96, 0xFF96, 0xFF96, 0xFFB6, 0xFFB6, 0xFFB6, 0xFFB6, 0xFFB6, 0x7B48, 0x7B48, 0x7B48, 0xFF96, 0xFF96, 0xFF96,
0xFF96, 0xFF96, 0xFF96, 0xFF96, 0xFF96, 0xFF96, 0xFF76, 0xFF76, 0xFF76, 0xFF76, 0xFF76, 0xFF76, 0xFF76, 0xFF56, 0xFF55, 0xFF55,
0xFF55, 0xFF55, 0x72E7, 0x72E7, 0x72E7, 0xFF35, 0xFF35, 0xFF35, 0xFF35, 0xFF35, 0xFF35, 0xFF35, 0xFF15, 0xF715, 0xF715, 0xF715,
0xF715, 0xF6F4, 0xF6F4, 0xF6F4, 0xF6F4, 0xF6F4, 0xF6F4, 0xF6F4, 0xF6D4, 0xF6D4, 0x62A6, 0x62A6, 0x62A6, 0xEED4, 0xEEB4, 0xEEB4,
0xEEB4, 0xEEB3, 0xEEB3, 0xEEB3, 0xDE73, 0xDE73, 0xDE53, 0xDE53, 0x5A46, 0x5A46, 0x5A46, 0x5A46, 0x5A46, 0x5A46, 0x5328, 0x5328,
0x5328, 0x5328, 0x5328, 0x5328, 0x5328, 0x5328, 0x5328, 0x5328, 0x5328, 0x5328, 0x5328, 0x5328, 0x5328, 0x5328, 0x5328, 0x5328,
0x5328, 0x5328, 0x5328, 0x5328, 0x5328, 0x5328, 0x5328, 0x5328, 0x5328, 0x5328, 0x5328, 0x5328, 0x5328, 0x5328, 0x5328, 0x5328,
0x5328, 0x5328, 0x5328, 0x5328, 0x5328, 0x5328, 0x5328, 0x5328, 0x5328, 0x5328, 0x5328, 0x5328, 0x5328, 0x5328, 0x5328, 0x5328,
0x5328, 0x5328, 0x5328, 0x5328, 0x5328, 0x5328, 0x5328, 0x5328, 0x5328, 0x5328, 0x5328, 0x5328, 0x5328, 0x5328, 0x5328, 0x5328,
0x5328, 0x5328, 0x5328, 0x5328, 0x5328, 0x5328, 0x5328, 0x5328, 0x5328, 0x5328, 0x5328, 0x5328, 0x5328, 0x5328, 0x5328, 0x5328,
0x5328, 0x5328, 0x5328, 0x5328, 0x5328, 0x5328, 0x5328, 0x5328, 0x5328, 0x5328, 0x5328, 0x5328, 0x5328, 0x5328, 0x5328, 0x5328,
0x5328, 0x5328, 0x5A46, 0x5A46, 0x5A46, 0x5A46, 0x5A46, 0x5A46, 0xDE53, 0xDE53, 0xDE73, 0xDE73, 0xEE93, 0xEEB3, 0xEEB3, 0xEEB4,
0xEEB4, 0xEEB4, 0xEED4, 0xEED4, 0xEED4, 0xEED4, 0xEED4, 0xF6D4, 0xF6D4, 0xF6D4, 0x6AA7, 0x6AA7, 0x6AC7, 0xF6F4, 0xF6F4, 0xF714,
0xF715, 0xF715, 0xF715, 0xF715, 0xFF15, 0xFF15, 0xFF35, 0xFF35, 0xFF35, 0xFF35, 0xFF35, 0xFF35, 0xFF35, 0xFF55, 0xFF55, 0xFF55,
0xFF55, 0xFF55, 0x7307, 0x7307, 0x7307, 0xFF76, 0xFF76, 0xFF76, 0xFF76, 0xFF76, 0xFF76, 0xFF96, 0xFF96, 0xFF96, 0xFF96, 0xFF96,
0xFF96, 0xFF96, 0xFF96, 0xFF96, 0xFF96, 0xFFB6, 0xFFB6, 0xFFB6, 0xFFB6, 0xFFB6, 0x7B48, 0x7B48, 0x7B48, 0xFF96, 0xFF96, 0xFF96,
0xFF96, 0xFF96, 0xFF96, 0xFF96, 0xFF96, 0xFF96, 0xFF76, 0xFF76, 0xFF76, 0xFF76, 0xFF76, 0xFF76, 0xFF76, 0xFF56, 0xFF55, 0xFF55,
0xFF55, 0xFF55, 0x72E7, 0x72E7, 0x72E7, 0xFF35, 0xFF35, 0xFF35, 0xFF35, 0xFF35, 0xFF35, 0xFF15, 0xFF15, 0xF715, 0xF715, 0xF715,
0xF715, 0xF714, 0xF6F4, 0xF6F4, 0xF6F4, 0xF6F4, 0xF6F4, 0xF6D4, 0xF6D4, 0xF6D4, 0x62A6, 0x62A6, 0x62A6, 0xEED4, 0xEED4, 0xEEB4,
0xEEB4, 0xEEB4, 0xEEB3, 0xEEB3, 0xE673, 0xDE73, 0xDE73, 0xDE53, 0x5A46, 0x5A46, 0x5A46, 0x5A46, 0x5A46, 0x5A46, 0x5328, 0x5328,
0x5328, 0x5328, 0x5328, 0x5328, 0x5328, 0x5328, 0x5328, 0x5328, 0x5328, 0x5328, 0x5328, 0x5328, 0x5328, 0x5328, 0x5328, 0x5328,
0x5328, 0x5328, 0x5328, 0x5328, 0x5328, 0x5328, 0x5328, 0x5328, 0x5328, 0x5328, 0x5328, 0x5328, 0x5328, 0x5328, 0x5328, 0x5328,
0x5328, 0x5328, 0x5328, 0x5328, 0x5328, 0x5328, 0x5328, 0x5328, 0x5328, 0x5328, 0x5328, 0x5328, 0x5328, 0x5328, 0x5328, 0x5328,
0x5328, 0x5328, 0x5328, 0x5328, 0x5328, 0x5328, 0x5328, 0x5328, 0x5328, 0x5328, 0x5328, 0x5328, 0x5328, 0x5328, 0x5328, 0x5328,
0x5328, 0x5328, 0x5328, 0x5328, 0x5328, 0x5328, 0x5328, 0x5328, 0x5328, 0x5328, 0x5328, 0x5328, 0x5328, 0x5328, 0x5328, 0x5328,
0x5328, 0x5328, 0x5328, 0x5328, 0x5328, 0x5328, 0x5328, 0x5328, 0x5328, 0x5328, 0x5328, 0x5328, 0x5328, 0x5328, 0x5328, 0x5328,
0x5328, 0x5328, 0x5A46, 0x5A46, 0x5A46, 0x5A46, 0x5A46, 0x5A46, 0xDE53, 0xDE73, 0xDE73, 0xE673, 0xEE93, 0xEEB3, 0xEEB3, 0xEEB4,
0xEEB4, 0xEEB4, 0xEEB4, 0xEED4, 0xEED4, 0xEED4, 0xEED4, 0xEED4, 0xF6D4, 0xF6D4, 0x6AA7, 0x6AA7, 0x6AC7, 0xF6F4, 0xF6F4, 0xF714,
0xF715, 0xF715, 0xF715, 0xFF15, 0xFF15, 0xFF15, 0xFF35, 0xFF35, 0xFF35, 0xFF35, 0xFF35, 0xFF35, 0xFF35, 0xFF55, 0xFF55, 0xFF55,
0xFF55, 0xFF55, 0x7307, 0x7307, 0x7307, 0xFF76, 0xFF76, 0xFF76, 0xFF76, 0xFF76, 0xFF76, 0xFF76, 0xFF96, 0xFF96, 0xFF96, 0xFF96,
0xFF96, 0xFF96, 0xFF96, 0xFFB6, 0xFFB6, 0xFFB6, 0xFFB6, 0xFFB6, 0xFFB6, 0xFFB6, 0x7B48, 0x7B48, 0x7B48, 0xFFB6, 0xFF96, 0xFF96,
0xFF96, 0xFF96, 0xFF96, 0xFF96, 0xFF96, 0xFF76, 0xFF76, 0xFF76, 0xFF76, 0xFF76, 0xFF76, 0xFF76, 0xFF76, 0xFF56, 0xFF55, 0xFF55,
0xFF55, 0xFF55, 0x72E7, 0x72E7, 0x72E7, 0xFF35, 0xFF35, 0xFF35, 0xFF35, 0xFF35, 0xFF35, 0xFF15, 0xFF15, 0xFF15, 0xF715, 0xF715,
0xF715, 0xF714, 0xF6F4, 0xF6F4, 0xF6F4, 0xF6F4, 0xF6F4, 0xF6D4, 0xF6D4, 0xEED4, 0x62A6, 0x62A6, 0x62A6, 0xEED4, 0xEEB4, 0xEEB4,
0xEEB4, 0xEEB4, 0xEEB3, 0xEEB3, 0xE673, 0xE673, 0xDE73, 0xDE73, 0x5A46, 0x5A46, 0x5A46, 0x5A46, 0x5A46, 0x5A46, 0x5328, 0x5328,
0x5328, 0x5328, 0x5328, 0x5328, 0x5328, 0x5328, 0x5328, 0x5328, 0x5328, 0x5328, 0x5328, 0x5328, 0x5328, 0x5328, 0x5328, 0x5328,
0x5328, 0x5328, 0x5328, 0x5328, 0x5328, 0x5328, 0x5328, 0x5328, 0x5328, 0x5328, 0x5328, 0x5328, 0x5328, 0x5328, 0x5328, 0x5328,
0x5328, 0x5328, 0x5328, 0x5328, 0x5328, 0x5328, 0x5328, 0x5328, 0x5328, 0x5328, 0x5328, 0x5328, 0x5328, 0x5328, 0x5328, 0x5328,
0x5328, 0x5328, 0x5328, 0x5328, 0x5328, 0x5328, 0x5328, 0x5328, 0x5328, 0x5328, 0x5328, 0x5328, 0x5328, 0x5328, 0x5328, 0x5328,
0x5328, 0x5328, 0x5328, 0x5328, 0x5328, 0x5328, 0x5328, 0x5328, 0x5328, 0x5328, 0x5328, 0x5328, 0x5328, 0x5328, 0x5328, 0x5328,
0x5328, 0x5328, 0x5328, 0x5328, 0x5328, 0x5328, 0x5328, 0x5328, 0x5328, 0x5328, 0x5328, 0x5328, 0x5328, 0x5328, 0x5328, 0x5328,
0x5328, 0x5328, 0x5A46, 0x5A46, 0x5A46, 0x5A46, 0x5A46, 0x5A46, 0xDE73, 0xDE73, 0xE673, 0xE673, 0xEEB3, 0xEEB3, 0xEEB4, 0xEEB4,
0xEEB4, 0xEEB4, 0xEEB4, 0xEED4, 0xEED4, 0xEED4, 0xEED4, 0xEED4, 0xF6D4, 0xF6F4, 0x6AA7, 0x6AA7, 0x6AA7, 0xF6F4, 0xF6F4, 0xF714,
0xF715, 0xF715, 0xFF15, 0xFF15, 0xFF15, 0xFF15, 0xFF35, 0xFF35, 0xFF35, 0xFF35, 0xFF35, 0xFF35, 0xFF55, 0xFF55, 0xFF55, 0xFF55,
0xFF55, 0xFF55, 0x7307, 0x7307, 0x7307, 0xFF76, 0xFF76, 0xFF76, 0xFF76, 0xFF76, 0xFF76, 0xFF96, 0xFF96, 0xFF96, 0xFF96, 0xFF96,
0xFF96, 0xFF96, 0xFF96, 0xFFB6, 0xFFB6, 0xFFB6, 0xFFB6, 0xFFB6, 0xFFB6, 0xFFB6, 0x7B48, 0x7B48, 0x7B48, 0xFFB6, 0xFF96, 0xFF96,
0xFF96, 0xFF96, 0xFF96, 0xFF96, 0xFF96, 0xFF96, 0xFF76, 0xFF76, 0xFF76, 0xFF76, 0xFF76, 0xFF76, 0xFF76, 0xFF76, 0xFF56, 0xFF55,
0xFF55, 0xFF55, 0x72E7, 0x72E7, 0x72E7, 0xFF35, 0xFF35, 0xFF35, 0xFF35, 0xFF35, 0xFF35, 0xFF15, 0xFF15, 0xFF15, 0xFF15, 0xF715,
0xF715, 0xF714, 0xF6F4, 0xF6F4, 0xF6F4, 0xF6F4, 0xF6F4, 0xF6F4, 0xF6D4, 0xEED4, 0x62A6, 0x62A6, 0x62A6, 0xEED4, 0xEEB4, 0xEEB4,
0xEEB4, 0xEEB4, 0xEEB4, 0xEEB3, 0xE673, 0xE673, 0xE673, 0xDE73, 0x5A46, 0x5A46, 0x5A46, 0x5A46, 0x5A46, 0x5A46, 0x5328, 0x5328,
0x5328, 0x5328, 0x5328, 0x5328, 0x5328, 0x5328, 0x5328, 0x5328, 0x5328, 0x5328, 0x5328, 0x5328, 0x5328, 0x5328, 0x5328, 0x5328,
0x5328, 0x5328, 0x5328, 0x5328, 0x5328, 0x5328, 0x5328, 0x5328, 0x5328, 0x5328, 0x5328, 0x5328, 0x5328, 0x5328, 0x5328, 0x5328,
0x5328, 0x5328, 0x5328, 0x5328, 0x5328, 0x5328, 0x5328, 0x5328, 0x5328, 0x5328, 0x5328, 0x5328, 0x5328, 0x5328, 0x5328, 0x5328,
0x5328, 0x5328, 0x5328, 0x5328, 0x5328, 0x5328, 0x5328, 0x5328, 0x5328, 0x5328, 0x5328, 0x5328, 0x5328, 0x5328, 0x5328, 0x5328,
0x5328, 0x5328, 0x5328, 0x5328, 0x5328, 0x5328, 0x5328, 0x5328, 0x5328, 0x5328, 0x5328, 0x5328, 0x5328, 0x5328, 0x5328, 0x5328,
0x5328, 0x5328, 0x5328, 0x5328, 0x5328, 0x5328, 0x5328, 0x5328, 0x5328, 0x5328, 0x5328, 0x5328, 0x5328, 0x5328, 0x5328, 0x5328,
0x5328, 0x5328, 0x5A46, 0x5A46, 0x5A46, 0x5A46, 0x5A46, 0x5A46, 0xDE73, 0xDE73, 0xE673, 0xE673, 0xEEB3, 0xEEB3, 0xEEB4, 0xEEB4,
0xEEB4, 0xEEB4, 0xEEB4, 0xEED4, 0xEED4, 0xEED4, 0xEED4, 0xF6D4, 0xF6F4, 0xF6F4, 0x6AA7, 0x6AA7, 0x6AA7, 0xF6F4, 0xF6F4, 0xF715,
0xF715, 0xF715, 0xF715, 0xFF15, 0xFF15, 0xFF15, 0xFF35, 0xFF35, 0xFF35, 0xFF35, 0xFF35, 0xFF55, 0xFF55, 0xFF55, 0xFF55, 0xFF55,
0xFF56, 0xFF56, 0x7307, 0x7307, 0x7307, 0xFF76, 0xFF76, 0xFF76, 0xFF76, 0xFF76, 0xFF96, 0xFF96, 0xFF96, 0xFF96, 0xFF96, 0xFF96,
0xFF96, 0xFF96, 0xFF96, 0xFF96, 0xFFB6, 0xFFB6, 0xFFB6, 0xFFB6, 0xFFB6, 0xFFB6, 0x7B48, 0x7B48, 0x7B48, 0xFF96, 0xFF96, 0xFF96,
0xFF96, 0xFF96, 0xFF96, 0xFF96, 0xFF96, 0xFF96, 0xFF96, 0xFF76, 0xFF76, 0xFF76, 0xFF76, 0xFF76, 0xFF76, 0xFF76, 0xFF56, 0xFF56,
0xFF56, 0xFF55, 0x72E7, 0x72E7, 0x72E7, 0xFF55, 0xFF35, 0xFF35, 0xFF35, 0xFF35, 0xFF35, 0xFF15, 0xFF15, 0xFF15, 0xF715, 0xF715,
0xF715, 0xF715, 0xF6F4, 0xF6F4, 0xF6F4, 0xF6F4, 0xF6F4, 0xF6F4, 0xF6F4, 0xF6D4, 0x62A6, 0x62A6, 0x62A6, 0xEED4, 0xEEB4, 0xEEB4,
0xEEB4, 0xEEB4, 0xEEB4, 0xEEB3, 0xE673, 0xE673, 0xE673, 0xDE73, 0x5A46, 0x5A46, 0x5A46, 0x5A46, 0x5A46, 0x5A46, 0x5328, 0x5328,
0x5328, 0x5328, 0x5328, 0x5328, 0x5328, 0x5328, 0x5328, 0x5328, 0x5328, 0x5328, 0x5328, 0x5328, 0x5328, 0x5328, 0x5328, 0x5328,
0x5328, 0x5328, 0x5328, 0x5328, 0x5328, 0x5328, 0x5328, 0x5328, 0x5328, 0x5328, 0x5328, 0x5328, 0x5328, 0x5328, 0x5328, 0x5328,
0x5328, 0x5328, 0x5328, 0x5328, 0x5328, 0x5328, 0x5328, 0x5328, 0x5328, 0x5328, 0x5328, 0x5328, 0x5328, 0x5328, 0x5328, 0x5328,
0x5328, 0x5328, 0x5328, 0x5328, 0x5328, 0x5328, 0x5328, 0x5328, 0x5328, 0x5328, 0x5328, 0x5328, 0x5328, 0x5328, 0x5328, 0x5328,
0x5328, 0x5328, 0x5328, 0x5328, 0x5328, 0x5328, 0x5328, 0x5328, 0x5328, 0x5328, 0x5328, 0x5328, 0x5328, 0x5328, 0x5328, 0x5328,
0x5328, 0x5328, 0x5328, 0x5328, 0x5328, 0x5328, 0x5328, 0x5328, 0x5328, 0x5328, 0x5328, 0x5328, 0x5328, 0x5328, 0x5328, 0x5328,
0x5328, 0x5328, 0x5A46, 0x5A46, 0x5A46, 0x5A46, 0x5A46, 0x5A46, 0xDE73, 0xE673, 0xE673, 0xE673, 0xEEB3, 0xEEB3, 0xEEB4, 0xEEB4,
0xEEB4, 0xEEB4, 0xEEB4, 0xEED4, 0xEED4, 0xEED4, 0xF6D4, 0xF6D4, 0xF6F4, 0xF6F4, 0x6AA7, 0x6AA7, 0x6AA7, 0xF6F4, 0xF6F5, 0xF6F5,
0xF715, 0xF715, 0xF715, 0xFF15, 0xFF35, 0xFF35, 0xFF35, 0xFF35, 0xFF35, 0xFF35, 0xFF35, 0xFF35, 0xFF55, 0xFF55, 0xFF55, 0xFF55,
0xFF55, 0xFF56, 0x7307, 0x7307, 0x7307, 0xFF76, 0xFF76, 0xFF76, 0xFF76, 0xFF76, 0xFF96, 0xFF96, 0xFF96, 0xFF96, 0xFF96, 0xFF96,
0xFF96, 0xFF96, 0xFFB6, 0xFFB6, 0xFFB6, 0xFFB6, 0xFFB6, 0xFFB7, 0xFFB7, 0xFFB7, 0x7B48, 0x7B48, 0x7B48, 0xFFB6, 0xFFB6, 0xFF96,
0xFF96, 0xFF96, 0xFF96, 0xFF96, 0xFF96, 0xFF96, 0xFF96, 0xFF76, 0xFF76, 0xFF76, 0xFF76, 0xFF76, 0xFF76, 0xFF76, 0xFF56, 0xFF56,
0xFF55, 0xFF55, 0x72E7, 0x72E7, 0x72E7, 0xFF35, 0xFF35, 0xFF35, 0xFF35, 0xFF35, 0xFF35, 0xFF35, 0xFF35, 0xFF15, 0xF715, 0xF715,
0xF715, 0xF6F5, 0xF6F5, 0xF6F4, 0xF6F4, 0xF6F4, 0xF6F4, 0xF6F4, 0xF6F4, 0xF6D4, 0x62A6, 0x62A6, 0x62A6, 0xEED4, 0xEEB4, 0xEEB4,
0xEEB4, 0xEEB4, 0xEEB4, 0xEEB3, 0xE673, 0xE673, 0xE673, 0xE673, 0x5A46, 0x5A46, 0x5A46, 0x5A46, 0x5A46, 0x5A46, 0x5328, 0x5328,
0x5328, 0x5328, 0x5328, 0x5328, 0x5328, 0x5328, 0x5328, 0x5328, 0x5328, 0x5328, 0x5328, 0x5328, 0x5328, 0x5328, 0x5328, 0x5328,
0x5328, 0x5328, 0x5328, 0x5328, 0x5328, 0x5328, 0x5328, 0x5328, 0x5328, 0x5328, 0x5328, 0x5328, 0x5328, 0x5328, 0x5328, 0x5328,
0x5328, 0x5328, 0x5328, 0x5328, 0x5328, 0x5328, 0x5328, 0x5328, 0x5328, 0x5328, 0x5328, 0x5328, 0x5328, 0x5328, 0x5328, 0x5328,
0x5328, 0x5328, 0x5328, 0x5328, 0x5328, 0x5328, 0x5328, 0x5328, 0x5328, 0x5328, 0x5328, 0x5328, 0x5328, 0x5328, 0x5328, 0x5328,
0x5328, 0x5328, 0x5328, 0x5328, 0x5328, 0x5328, 0x5328, 0x5328, 0x5328, 0x5328, 0x5328, 0x5328, 0x5328, 0x5328, 0x5328, 0x5328,
0x5328, 0x5328, 0x5328, 0x5328, 0x5328, 0x5328, 0x5328, 0x5328, 0x5328, 0x5328, 0x5328, 0x5328, 0x5328, 0x5328, 0x5328, 0x5328,
0x5328, 0x5328, 0x5A46, 0x5A46, 0x5A46, 0x5A46, 0x5A46, 0x5A46, 0xE673, 0xE673, 0xE673, 0xE673, 0xEEB3, 0xEEB3, 0xEEB3, 0xEEB4,
0xEEB4, 0xEEB4, 0xEED4, 0xEED4, 0xEED4, 0xEED4, 0xEED4, 0xF6D4, 0xF6D4, 0xF6F4, 0x6AA7, 0x6AA7, 0x6AA7, 0xF6F4, 0xF6F5, 0xF715,
0xF715, 0xF715, 0xF715, 0xFF15, 0xFF15, 0xFF35, 0xFF35, 0xFF35, 0xFF35, 0xFF35, 0xFF35, 0xFF35, 0xFF55, 0xFF55, 0xFF55, 0xFF55,
0xFF55, 0xFF56, 0x7307, 0x7307, 0x7307, 0xFF76, 0xFF76, 0xFF76, 0xFF76, 0xFF76, 0xFF76, 0xFF96, 0xFF96, 0xFF96, 0xFF96, 0xFF96,
0xFF96, 0xFF96, 0xFFB6, 0xFFB6, 0xFFB6, 0xFFB6, 0xFFB6, 0xFFB6, 0xFFB7, 0xFFB6, 0x7B48, 0x7B48, 0x7B48, 0xFFB6, 0xFFB6, 0xFF96,
0xFF96, 0xFF96, 0xFF96, 0xFF96, 0xFF96, 0xFF96, 0xFF76, 0xFF76, 0xFF76, 0xFF76, 0xFF76, 0xFF76, 0xFF76, 0xFF76, 0xFF56, 0xFF56,
0xFF55, 0xFF55, 0x72E7, 0x72E7, 0x72E7, 0xFF35, 0xFF35, 0xFF35, 0xFF35, 0xFF35, 0xFF35, 0xFF35, 0xFF15, 0xFF15, 0xF715, 0xF715,
0xF715, 0xF715, 0xF6F5, 0xF6F4, 0xF6F4, 0xF6F4, 0xF6F4, 0xF6F4, 0xF6D4, 0xF6D4, 0x62A6, 0x62A6, 0x62A6, 0xEED4, 0xEED4, 0xEEB4,
0xEEB4, 0xEEB4, 0xEEB3, 0xEEB3, 0xE673, 0xE673, 0xE673, 0xE673, 0x5A46, 0x5A46, 0x5A46, 0x5A46, 0x5A46, 0x5A46, 0x5328, 0x5328,
0x5328, 0x5328, 0x5328, 0x5328, 0x5328, 0x5328, 0x5328, 0x5328, 0x5328, 0x5328, 0x5328, 0x5328, 0x5328, 0x5328, 0x5328, 0x5328,
0x5328, 0x5328, 0x5328, 0x5328, 0x5328, 0x5328, 0x5328, 0x5328, 0x5328, 0x5328, 0x5328, 0x5328, 0x5328, 0x5328, 0x5328, 0x5328,
0x5328, 0x5328, 0x5328, 0x5328, 0x5328, 0x5328, 0x5328, 0x5328, 0x5328, 0x5328, 0x5328, 0x5328, 0x5328, 0x5328, 0x5328, 0x5328,
0x5328, 0x5328, 0x5328, 0x5328, 0x5328, 0x5328, 0x5328, 0x5328, 0x5328, 0x5328, 0x5328, 0x5328, 0x5328, 0x5328, 0x5328, 0x5328,
0x5328, 0x5328, 0x5328, 0x5328, 0x5328, 0x5328, 0x5328, 0x5328, 0x5328, 0x5328, 0x5328, 0x5328, 0x5328, 0x5328, 0x5328, 0x5328,
0x5328, 0x5328, 0x5328, 0x5328, 0x5328, 0x5328, 0x5328, 0x5328, 0x5328, 0x5328, 0x5328, 0x5328, 0x5328, 0x5328, 0x5328, 0x5328,
0x5328, 0x5328, 0x5A46, 0x5A46, 0x5A46, 0x5A46, 0x5A46, 0x5A46, 0xE673, 0xE673, 0xE673, 0xE673, 0xEE93, 0xEEB3, 0xEEB3, 0xEEB4,
0xEEB4, 0xEEB4, 0xEED4, 0xEED4, 0xEED4, 0xEED4, 0xEED4, 0xF6D4, 0xF6D4, 0xF6F4, 0x6AA7, 0x6AA7, 0x6AA7, 0xF6F4, 0xF715, 0xF715,
0xF715, 0xF715, 0xF715, 0xFF15, 0xFF15, 0xFF35, 0xFF35, 0xFF35, 0xFF35, 0xFF35, 0xFF35, 0xFF35, 0xFF55, 0xFF55, 0xFF55, 0xFF55,
0xFF55, 0xFF56, 0x7307, 0x7307, 0x7307, 0xFF76, 0xFF76, 0xFF76, 0xFF76, 0xFF96, 0xFF96, 0xFF96, 0xFF96, 0xFF96, 0xFF96, 0xFF96,
0xFF96, 0xFF96, 0xFFB6, 0xFFB6, 0xFFB6, 0xFFB6, 0xFFB6, 0xFFB6, 0xFFB7, 0xFFB6, 0x7B48, 0x7B48, 0x7B28, 0xFFB6, 0xFFB6, 0xFF96,
0xFF96, 0xFF96, 0xFF96, 0xFF96, 0xFF96, 0xFF96, 0xFF96, 0xFF96, 0xFF76, 0xFF76, 0xFF76, 0xFF76, 0xFF76, 0xFF76, 0xFF76, 0xFF56,
0xFF55, 0xFF55, 0x72E7, 0x72E7, 0x72E7, 0xFF35, 0xFF35, 0xFF35, 0xFF35, 0xFF35, 0xFF35, 0xFF35, 0xFF15, 0xFF15, 0xF715, 0xF715,
0xF715, 0xF715, 0xF715, 0xF6F4, 0xF6F4, 0xF6F4, 0xF6F4, 0xF6F4, 0xF6D4, 0xF6D4, 0x62A6, 0x62A6, 0x62A6, 0xEED4, 0xEED4, 0xEEB4,
0xEEB4, 0xEEB4, 0xEEB3, 0xEEB3, 0xE673, 0xE673, 0xE673, 0xE673, 0x5A46, 0x5A46, 0x5A46, 0x5A46, 0x5A46, 0x5A46, 0x5328, 0x5328,
0x5328, 0x5328, 0x5328, 0x5328, 0x5328, 0x5328, 0x5328, 0x5328, 0x5328, 0x5328, 0x5328, 0x5328, 0x5328, 0x5328, 0x5328, 0x5328,
0x5328, 0x5328, 0x5328, 0x5328, 0x5328, 0x5328, 0x5328, 0x5328, 0x5328, 0x5328, 0x5328, 0x5328, 0x5328, 0x5328, 0x5328, 0x5328,
0x5328, 0x5328, 0x5328, 0x5328, 0x5328, 0x5328, 0x5328, 0x5328, 0x5328, 0x5328, 0x5328, 0x5328, 0x5328, 0x5328, 0x5328, 0x5328,
0x5328, 0x5328, 0x5328, 0x5328, 0x5328, 0x5328, 0x5328, 0x5328, 0x5328, 0x5328, 0x5328, 0x5328, 0x5328, 0x5328, 0x5328, 0x5328,
0x5328, 0x5328, 0x5328, 0x5328, 0x5328, 0x5328, 0x5328, 0x5328, 0x5328, 0x5328, 0x5328, 0x5328, 0x5328, 0x5328, 0x5328, 0x5328,
0x5328, 0x5328, 0x5328, 0x5328, 0x5328, 0x5328, 0x5328, 0x5328, 0x5328, 0x5328, 0x5328, 0x5328, 0x5328, 0x5328, 0x5328, 0x5328,
0x5328, 0x5328, 0x5A46, 0x5A46, 0x5A46, 0x5A46, 0x5A46, 0x5A46, 0xE673, 0xE673, 0xE673, 0xE673, 0xEE93, 0xEEB3, 0xEEB3, 0xEEB4,
0xEEB4, 0xEEB4, 0xEED4, 0xEED4, 0xEED4, 0xEED4, 0xEED4, 0xF6D4, 0xF6D4, 0xF6F4, 0x6AA6, 0x6AA7, 0x6AA7, 0xF6F4, 0xF715, 0xF715,
0xF715, 0xF715, 0xFF15, 0xFF15, 0xFF15, 0xFF35, 0xFF35, 0xFF35, 0xFF35, 0xFF35, 0xFF35, 0xFF55, 0xFF55, 0xFF55, 0xFF55, 0xFF55,
0xFF56, 0xFF76, 0x7307, 0x7307, 0x7307, 0xFF76, 0xFF76, 0xFF76, 0xFF76, 0xFF96, 0xFF96, 0xFF96, 0xFF96, 0xFF96, 0xFF96, 0xFF96,
0xFF96, 0xFF96, 0xFFB6, 0xFFB6, 0xFFB6, 0xFFB6, 0xFFB7, 0xFFB7, 0xFFB7, 0xFFB7, 0x7B48, 0x7B48, 0x7B28, 0xFFB6, 0xFFB6, 0xFF96,
0xFF96, 0xFF96, 0xFF96, 0xFF96, 0xFF96, 0xFF96, 0xFF96, 0xFF96, 0xFF76, 0xFF76, 0xFF76, 0xFF76, 0xFF76, 0xFF76, 0xFF76, 0xFF76,
0xFF56, 0xFF55, 0x72E7, 0x72E7, 0x72E7, 0xFF55, 0xFF35, 0xFF35, 0xFF35, 0xFF35, 0xFF35, 0xFF35, 0xFF15, 0xFF15, 0xFF15, 0xF715,
0xF715, 0xF715, 0xF715, 0xF6F4, 0xF6F4, 0xF6F4, 0xF6F4, 0xF6F4, 0xF6D4, 0xF6D4, 0x62A6, 0x62A6, 0x62A6, 0xEED4, 0xEED4, 0xEEB4,
0xEEB4, 0xEEB4, 0xEEB3, 0xEEB3, 0xE673, 0xE673, 0xE673, 0xE673, 0x5A46, 0x5A46, 0x5A46, 0x5A46, 0x5A46, 0x5A46, 0x5328, 0x5328,
0x5328, 0x5328, 0x5328, 0x5328, 0x5328, 0x5328, 0x5328, 0x5328, 0x5328, 0x5328, 0x5328, 0x5328, 0x5328, 0x5328, 0x5328, 0x5328,
0x5328, 0x5328, 0x5328, 0x5328, 0x5328, 0x5328, 0x5328, 0x5328, 0x5328, 0x5328, 0x5328, 0x5328, 0x5328, 0x5328, 0x5328, 0x5328,
0x5328, 0x5328, 0x5328, 0x5328, 0x5328, 0x5328, 0x5328, 0x5328, 0x5328, 0x5328, 0x5328, 0x5328, 0x5328, 0x5328, 0x5328, 0x5328,
0x5328, 0x5328, 0x5328, 0x5328, 0x5328, 0x5328, 0x5328, 0x5328, 0x5328, 0x5328, 0x5328, 0x5328, 0xF736, 0xF736, 0xF736, 0xF736,
0xF736, 0xF736, 0xF736, 0xF736, 0xF736, 0xF736, 0x5328, 0x5328, 0x5328, 0x5328, 0x5328, 0x5328, 0x5328, 0x5328, 0x5328, 0x5328,
0x5328, 0x5328, 0x5328, 0x5328, 0x5328, 0x5328, 0x5328, 0x5328, 0x5328, 0x5328, 0x5328, 0x5328, 0x5328, 0x5328, 0x5328, 0x5328,
0x5328, 0x5328, 0x5A46, 0x5A46, 0x5A46, 0x5A46, 0x5A46, 0x5A46, 0xE673, 0xE673, 0xE673, 0xE673, 0xEEB3, 0xEEB3, 0xEEB4, 0xEEB4,
0xEEB4, 0xEEB4, 0xEED4, 0xEED4, 0xEED4, 0xEED4, 0xEED4, 0xEED4, 0xF6F4, 0xF6F4, 0x6AA6, 0x6AA7, 0x6AA7, 0xF6F4, 0xF714, 0xF715,
0xF715, 0xF715, 0xFF15, 0xFF15, 0xFF15, 0xFF35, 0xFF35, 0xFF35, 0xFF35, 0xFF35, 0xFF55, 0xFF55, 0xFF55, 0xFF55, 0xFF55, 0xFF56,
0xFF56, 0xFF56, 0x7307, 0x7307, 0x7307, 0xFF76, 0xFF76, 0xFF76, 0xFF76, 0xFF96, 0xFF96, 0xFF96, 0xFF96, 0xFF96, 0xFF96, 0xFF96,
0xFFB6, 0xFFB6, 0xFFB6, 0xFFB6, 0xFFB6, 0xFFB7, 0xFFB7, 0xFFB7, 0xFFB7, 0xFFB7, 0x7B48, 0x7B48, 0x7B28, 0xFFB6, 0xFFB6, 0xFFB6,
0xFFB6, 0xFF96, 0xFF96, 0xFF96, 0xFF96, 0xFF96, 0xFF96, 0xFF96, 0xFF76, 0xFF76, 0xFF76, 0xFF76, 0xFF76, 0xFF76, 0xFF76, 0xFF56,
0xFF56, 0xFF56, 0x72E7, 0x72E7, 0x72E7, 0xFF55, 0xFF55, 0xFF35, 0xFF35, 0xFF35, 0xFF35, 0xFF35, 0xFF15, 0xFF15, 0xFF15, 0xF715,
0xF715, 0xF715, 0xF714, 0xF6F4, 0xF6F4, 0xF6F4, 0xF6F4, 0xF6F4, 0xF6F4, 0xEED4, 0x62A6, 0x62A6, 0x6286, 0xEED4, 0xEED4, 0xEEB4,
0xEEB4, 0xEEB4, 0xEEB4, 0xEEB3, 0xE673, 0xE673, 0xE673, 0xE673, 0x5A46, 0x5A46, 0x5A46, 0x5A46, 0x5A46, 0x5A46, 0x5328, 0x5328,
0x5328, 0x5328, 0x5328, 0x5328, 0x5328, 0x5328, 0x5328, 0x5328, 0x5328, 0x5328, 0x5328, 0x5328, 0x5328, 0x5328, 0x5328, 0x5328,
0x5328, 0x5328, 0x5328, 0x5328, 0x5328, 0x5328, 0x5328, 0x5328, 0x5328, 0x5328, 0x5328, 0x5328, 0x5328, 0x5328, 0x5328, 0x5328,
0x5328, 0x5328, 0x5328, 0x5328, 0x5328, 0x5328, 0x5328, 0x5328, 0x5328, 0x5328, 0x5328, 0x5328, 0x5328, 0x5328, 0x5328, 0x5328,
0x5328, 0x5328, 0x5328, 0x5328, 0x5328, 0x5328, 0x5328, 0x5328, 0x5328, 0x5328, 0x5328, 0x5328, 0xF736, 0xF736, 0xF736, 0xF736,
0xF736, 0xF736, 0xF736, 0xF736, 0xF736, 0xF736, 0x5328, 0x5328, 0x5328, 0x5328, 0x5328, 0x5328, 0x5328, 0x5328, 0x5328, 0x5328,
0x5328, 0x5328, 0x5328, 0x5328, 0x5328, 0x5328, 0x5328, 0x5328, 0x5328, 0x5328, 0x5328, 0x5328, 0x5328, 0x5328, 0x5328, 0x5328,
0x5328, 0x5328, 0x5A46, 0x5A46, 0x5A46, 0x5A46, 0x5A46, 0x5A46, 0xE673, 0xE673, 0xE673, 0xE673, 0xEEB3, 0xEEB4, 0xEEB4, 0xEEB4,
0xEEB4, 0xEEB4, 0xEEB4, 0xEED4, 0xEED4, 0xEED4, 0xEED4, 0xF6F4, 0xF6F4, 0xF6F4, 0x6AA6, 0x6AA7, 0x6AA7, 0xF6F4, 0xF6F5, 0xF715,
0xF715, 0xF715, 0xFF15, 0xFF15, 0xFF35, 0xFF35, 0xFF35, 0xFF35, 0xFF35, 0xFF35, 0xFF35, 0xFF55, 0xFF55, 0xFF55, 0xFF56, 0xFF56,
0xFF56, 0xFF56, 0x7307, 0x7307, 0x7307, 0xFF76, 0xFF76, 0xFF76, 0xFF76, 0xFF96, 0xFF96, 0xFF96, 0xFF96, 0xFF96, 0xFF96, 0xFF96,
0xFF96, 0xFFB6, 0xFFB6, 0xFFB6, 0xFFB6, 0xFFB7, 0xFFB7, 0xFFB7, 0xFFB7, 0xFFB7, 0x7B48, 0x7B48, 0x7B28, 0xFFB6, 0xFFB6, 0xFFB6,
0xFF96, 0xFF96, 0xFF96, 0xFF96, 0xFF96, 0xFF96, 0xFF96, 0xFF96, 0xFF76, 0xFF76, 0xFF76, 0xFF76, 0xFF76, 0xFF76, 0xFF76, 0xFF56,
0xFF56, 0xFF56, 0x72E7, 0x72E7, 0x72E7, 0xFF55, 0xFF35, 0xFF35, 0xFF35, 0xFF35, 0xFF35, 0xFF35, 0xFF35, 0xFF15, 0xFF15, 0xF715,
0xF715, 0xF715, 0xF6F5, 0xF6F4, 0xF6F4, 0xF6F4, 0xF6F4, 0xF6F4, 0xF6F4, 0xF6F4, 0x62A6, 0x62A6, 0x6286, 0xEED4, 0xEEB4, 0xEEB4,
0xEEB4, 0xEEB4, 0xEEB4, 0xEEB4, 0xE673, 0xE673, 0xE673, 0xE673, 0x5A46, 0x5A46, 0x5A46, 0x5A46, 0x5A46, 0x5A46, 0x5328, 0x5328,
0x5328, 0x5328, 0x5328, 0x5328, 0x5328, 0x5328, 0x5328, 0x5328, 0x5328, 0x5328, 0x5328, 0x5328, 0x5328, 0x5328, 0x5328, 0x5328,
0x5328, 0x5328, 0x5328, 0x5328, 0x5328, 0x5328, 0x5328, 0x5328, 0x5328, 0x5328, 0x5328, 0x5328, 0x5328, 0x5328, 0x5328, 0x5328,
0x5328, 0x5328, 0x5328, 0x5328, 0x5328, 0x5328, 0x5328, 0x5328, 0x5328, 0x5328, 0x5328, 0x5328, 0x5328, 0x5328, 0x5328, 0x5328,
0x5328, 0x5328, 0x5328, 0x5328, 0x5328, 0x5328, 0x5328, 0x5328, 0x5328, 0x5328, 0x5328, 0x5328, 0xF736, 0xF736, 0xF736, 0xF736,
0xF736, 0xF736, 0xF736, 0xF736, 0xF736, 0xF736, 0x5328, 0x5328, 0x5328, 0x5328, 0x5328, 0x5328, 0x5328, 0x5328, 0x5328, 0x5328,
0x5328, 0x5328, 0x5328, 0x5328, 0x5328, 0x5328, 0x5328, 0x5328, 0x5328, 0x5328, 0x5328, 0x5328, 0x5328, 0x5328, 0x5328, 0x5328,
0x5328, 0x5328, 0x5A46, 0x5A46, 0x5A46, 0x5A46, 0x5A46, 0x5A46, 0xE673, 0xE673, 0xE673, 0xE673, 0xEEB3, 0xEEB4, 0xEEB4, 0xEEB4,
0xEEB4, 0xEEB4, 0xEEB4, 0xEED4, 0xEED4, 0xEED4, 0xF6D4, 0xF6D4, 0xF6F4, 0xF6F4, 0x6AA6, 0x6AA7, 0x6AA7, 0xF6F4, 0xF6F5, 0xF715,
0xF715, 0xF715, 0xF715, 0xFF15, 0xFF35, 0xFF35, 0xFF35, 0xFF35, 0xFF35, 0xFF35, 0xFF35, 0xFF55, 0xFF55, 0xFF55, 0xFF55, 0xFF56,
0xFF56, 0xFF56, 0x7307, 0x7307, 0x7307, 0xFF76, 0xFF76, 0xFF76, 0xFF96, 0xFF96, 0xFF96, 0xFF96, 0xFF96, 0xFF96, 0xFF96, 0xFF96,
0xFF96, 0xFFB6, 0xFFB6, 0xFFB6, 0xFFB6, 0xFFB7, 0xFFB7, 0xFFB7, 0xFFD7, 0xFFB7, 0x7B48, 0x7B28, 0x7B28, 0xFFB6, 0xFFB6, 0xFFB6,
0xFF96, 0xFF96, 0xFF96, 0xFF96, 0xFF96, 0xFF96, 0xFF96, 0xFF96, 0xFF96, 0xFF76, 0xFF76, 0xFF76, 0xFF76, 0xFF76, 0xFF76, 0xFF56,
0xFF56, 0xFF56, 0x72E7, 0x72E7, 0x72E7, 0xFF55, 0xFF35, 0xFF35, 0xFF35, 0xFF35, 0xFF35, 0xFF35, 0xFF35, 0xFF15, 0xF715, 0xF715,
0xF715, 0xF715, 0xF6F5, 0xF6F4, 0xF6F4, 0xF6F4, 0xF6F4, 0xF6F4, 0xF6F4, 0xF6D4, 0x62A6, 0x62A6, 0x6286, 0xEED4, 0xEEB4, 0xEEB4,
0xEEB4, 0xEEB4, 0xEEB4, 0xEEB4, 0xE673, 0xE673, 0xE673, 0xE673, 0x5A46, 0x5A46, 0x5A46, 0x5A46, 0x5A46, 0x5A46, 0x5328, 0x5328,
0x5328, 0x5328, 0x5328, 0x5328, 0x5328, 0x5328, 0x5328, 0x5328, 0x5328, 0x5328, 0x5328, 0x5328, 0x5328, 0x5328, 0x5328, 0x5328,
0x5328, 0x5328, 0x5328, 0x5328, 0x5328, 0x5328, 0x5328, 0x5328, 0x5328, 0x5328, 0x5328, 0x5328, 0x5328, 0x5328, 0x5328, 0x5328,
0x5328, 0x5328, 0x5328, 0x5328, 0x5328, 0x5328, 0x5328, 0x5328, 0x5328, 0x5328, 0x5328, 0x5328, 0x5328, 0x5328, 0x5328, 0x5328,
0x5328, 0x5328, 0x5328, 0x5328, 0x5328, 0x5328, 0x5328, 0x5328, 0x5328, 0x5328, 0x5328, 0x5328, 0xF736, 0xF736, 0xF736, 0xF736,
0xF736, 0xF736, 0xF736, 0xF736, 0xF736, 0xF736, 0x5328, 0x5328, 0x5328, 0x5328, 0x5328, 0x5328, 0x5328, 0x5328, 0x5328, 0x5328,
0x5328, 0x5328, 0x5328, 0x5328, 0x5328, 0x5328, 0x5328, 0x5328, 0x5328, 0x5328, 0x5328, 0x5328, 0x5328, 0x5328, 0x5328, 0x5328,
0x5328, 0x5328, 0x5A46, 0x5A46, 0x5A46, 0x5A46, 0x5A46, 0x5A46, 0x5A46, 0x5A46, 0x5A46, 0x5A46, 0x6286, 0x6286, 0x6286, 0x6286,
0x6286, 0x6286, 0x6286, 0x6286, 0x6286, 0x6286, 0x62A6, 0x62A6, 0x62A6, 0x62A6, 0x62A6, 0x6AA6, 0x6AA7, 0x6AA7, 0x6AA7, 0x6AC7,
0x6AC7, 0x6AC7, 0x6AC7, 0x6AC7, 0x6AC7, 0x6AC7, 0x6AC7, 0x6AC7, 0x6AC7, 0x6AE7, 0x6AE7, 0x72E7, 0x72E7, 0x72E7, 0x72E7, 0x72E7,
0x72E7, 0x72E7, 0x72E7, 0x7307, 0x7307, 0x7307, 0x7307, 0x7307, 0x7307, 0x7307, 0x7308, 0x7308, 0x7B28, 0x7B28, 0x7B28, 0x7B28,
0x7B28, 0x7B28, 0x7B28, 0x7B28, 0x7B28, 0x7B28, 0x7B48, 0x7B48, 0x7B48, 0x7B48, 0x7B48, 0x7B28, 0x7B28, 0x7B28, 0x7B28, 0x7B28,
0x7B28, 0x7B28, 0x7B28, 0x7B28, 0x7B28, 0x7308, 0x7308, 0x7307, 0x7307, 0x7307, 0x7307, 0x7307, 0x7307, 0x7307, 0x72E7, 0x72E7,
0x72E7, 0x72E7, 0x72E7, 0x72E7, 0x72E7, 0x72E7, 0x6AE7, 0x6AE7, 0x6AC7, 0x6AC7, 0x6AC7, 0x6AC7, 0x6AC7, 0x6AC7, 0x6AC7, 0x6AC7,
0x6AC7, 0x6AC7, 0x6AA7, 0x6AA7, 0x6AA7, 0x6AA6, 0x62A6, 0x62A6, 0x62A6, 0x62A6, 0x62A6, 0x6286, 0x6286, 0x6286, 0x6286, 0x6286,
0x6286, 0x6286, 0x6286, 0x6286, 0x5A46, 0x5A46, 0x5A46, 0x5A46, 0x5A46, 0x5A46, 0x5A46, 0x5A46, 0x5A46, 0x5A46, 0x5328, 0x5328,
0x5328, 0x5328, 0x5328, 0x5328, 0x5328, 0x5328, 0x5328, 0x5328, 0x5328, 0x5328, 0x5328, 0x5328, 0x5328, 0x5328, 0x5328, 0x5328,
0x5328, 0x5328, 0x5328, 0x5328, 0x5328, 0x5328, 0x5328, 0x5328, 0x5328, 0x5328, 0x5328, 0x5328, 0x5328, 0x5328, 0x5328, 0x5328,
0x5328, 0x5328, 0x5328, 0x5328, 0x5328, 0x5328, 0x5328, 0x5328, 0x5328, 0x5328, 0x5328, 0x5328, 0x5328, 0x5328, 0x5328, 0x5328,
0x5328, 0x5328, 0x5328, 0x5328, 0x5328, 0x5328, 0x5328, 0x5328, 0x5328, 0x5328, 0x5328, 0x5328, 0xF736, 0xF736, 0xF736, 0xF736,
0xF736, 0xF736, 0xF736, 0xF736, 0xF736, 0xF736, 0x5328, 0x5328, 0x5328, 0x5328, 0x5328, 0x5328, 0x5328, 0x5328, 0x5328, 0x5328,
0x5328, 0x5328, 0x5328, 0x5328, 0x5328, 0x5328, 0x5328, 0x5328, 0x5328, 0x5328, 0x5328, 0x5328, 0x5328, 0x5328, 0x5328, 0x5328,
0x5328, 0x5328, 0x5A46, 0x5A46, 0x5A46, 0x5A46, 0x5A46, 0x5A46, 0x5A46, 0x5A46, 0x5A46, 0x5A46, 0x6286, 0x6286, 0x6286, 0x6286,
0x6286, 0x6286, 0x6286, 0x6286, 0x6286, 0x6286, 0x62A6, 0x62A6, 0x62A6, 0x62A6, 0x62A6, 0x6AA6, 0x6AA7, 0x6AA7, 0x6AA7, 0x6AA7,
0x6AC7, 0x6AC7, 0x6AC7, 0x6AC7, 0x6AC7, 0x6AC7, 0x6AC7, 0x6AC7, 0x6AC7, 0x6AE7, 0x6AE7, 0x6AE7, 0x72E7, 0x72E7, 0x72E7, 0x72E7,
0x72E7, 0x72E7, 0x72E7, 0x7307, 0x7307, 0x7307, 0x7307, 0x7307, 0x7307, 0x7307, 0x7307, 0x7308, 0x7B08, 0x7B28, 0x7B28, 0x7B28,
0x7B28, 0x7B28, 0x7B28, 0x7B28, 0x7B28, 0x7B28, 0x7B48, 0x7B48, 0x7B48, 0x7B48, 0x7B48, 0x7B28, 0x7B28, 0x7B28, 0x7B28, 0x7B28,
0x7B28, 0x7B28, 0x7B28, 0x7B28, 0x7B08, 0x7308, 0x7307, 0x7307, 0x7307, 0x7307, 0x7307, 0x7307, 0x7307, 0x7307, 0x72E7, 0x72E7,
0x72E7, 0x72E7, 0x72E7, 0x72E7, 0x72E7, 0x6AE7, 0x6AE7, 0x6AE7, 0x6AC7, 0x6AC7, 0x6AC7, 0x6AC7, 0x6AC7, 0x6AC7, 0x6AC7, 0x6AC7,
0x6AC7, 0x6AA7, 0x6AA7, 0x6AA7, 0x6AA7, 0x6AA6, 0x62A6, 0x62A6, 0x62A6, 0x62A6, 0x62A6, 0x6286, 0x6286, 0x6286, 0x6286, 0x6286,
0x6286, 0x6286, 0x6286, 0x6286, 0x5A46, 0x5A46, 0x5A46, 0x5A46, 0x5A46, 0x5A46, 0x5A46, 0x5A46, 0x5A46, 0x5A46, 0x5328, 0x5328,
0x5328, 0x5328, 0x5328, 0x5328, 0x5328, 0x5328, 0x5328, 0x5328, 0x5328, 0x5328, 0x5328, 0x5328, 0x5328, 0x5328, 0x5328, 0x5328,
0x5328, 0x5328, 0x5328, 0x5328, 0x5328, 0x5328, 0x5328, 0x5328, 0x5328, 0x5328, 0x5328, 0x5328, 0x5328, 0x5328, 0x5328, 0x5328,
0x5328, 0x5328, 0x5328, 0x5328, 0x5328, 0x5328, 0x5328, 0x5328, 0x5328, 0x5328, 0x5328, 0x5328, 0x5328, 0x5328, 0x5328, 0x5328,
0x5328, 0x5328, 0x5328, 0x5328, 0x5328, 0x5328, 0x5328, 0x5328, 0x5328, 0x5328, 0x5328, 0x5328, 0xF736, 0xF736, 0xF736, 0xF736,
0xF736, 0xF736, 0xF736, 0xF736, 0xF736, 0xF736, 0x5328, 0x5328, 0x5328, 0x5328, 0x5328, 0x5328, 0x5328, 0x5328, 0x5328, 0x5328,
0x5328, 0x5328, 0x5328, 0x5328, 0x5328, 0x5328, 0x5328, 0x5328, 0x5328, 0x5328, 0x5328, 0x5328, 0x5328, 0x5328, 0x5328, 0x5328,
0x5328, 0x5328, 0x5A46, 0x5A46, 0x5A46, 0x5A46, 0x5A46, 0x5A46, 0x5A46, 0x5A46, 0x5A46, 0x5A46, 0x6286, 0x6286, 0x6286, 0x6286,
0x6286, 0x6286, 0x6286, 0x6286, 0x6286, 0x6286, 0x62A6, 0x62A6, 0x62A6, 0x62A6, 0x62A6, 0x6AA6, 0x6AA7, 0x6AA7, 0x6AA7, 0x6AA7,
0x6AC7, 0x6AC7, 0x6AC7, 0x6AC7, 0x6AC7, 0x6AC7, 0x6AC7, 0x6AC7, 0x6AC7, 0x6AC7, 0x6AE7, 0x6AE7, 0x72E7, 0x72E7, 0x72E7, 0x72E7,
0x72E7, 0x72E7, 0x72E7, 0x7307, 0x7307, 0x7307, 0x7307, 0x7307, 0x7307, 0x7307, 0x7307, 0x7308, 0x7308, 0x7B28, 0x7B28, 0x7B28,
0x7B28, 0x7B28, 0x7B28, 0x7B28, 0x7B28, 0x7B28, 0x7B28, 0x7B48, 0x7B48, 0x7B48, 0x7B28, 0x7B28, 0x7B28, 0x7B28, 0x7B28, 0x7B28,
0x7B28, 0x7B28, 0x7B28, 0x7B28, 0x7308, 0x7308, 0x7307, 0x7307, 0x7307, 0x7307, 0x7307, 0x7307, 0x7307, 0x7307, 0x72E7, 0x72E7,
0x72E7, 0x72E7, 0x72E7, 0x72E7, 0x72E7, 0x6AE7, 0x6AE7, 0x6AC7, 0x6AC7, 0x6AC7, 0x6AC7, 0x6AC7, 0x6AC7, 0x6AC7, 0x6AC7, 0x6AC7,
0x6AC7, 0x6AA7, 0x6AA7, 0x6AA7, 0x6AA7, 0x6AA6, 0x62A6, 0x62A6, 0x62A6, 0x62A6, 0x62A6, 0x6286, 0x6286, 0x6286, 0x6286, 0x6286,
0x6286, 0x6286, 0x6286, 0x6286, 0x5A46, 0x5A46, 0x5A46, 0x5A46, 0x5A46, 0x5A46, 0x5A46, 0x5A46, 0x5A46, 0x5A46, 0x5328, 0x5328,
0x5328, 0x5328, 0x5328, 0x5328, 0x5328, 0x5328, 0x5328, 0x5328, 0x5328, 0x5328, 0x5328, 0x5328, 0x5328, 0x5328, 0x5328, 0x5328,
0x5328, 0x5328, 0x5328, 0x5328, 0x5328, 0x5328, 0x5328, 0x5328, 0x5328, 0x5328, 0x5328, 0x5328, 0x5328, 0x5328, 0x5328, 0x5328,
0x5328, 0x5328, 0x5328, 0x5328, 0x5328, 0x5328, 0x5328, 0x5328, 0x5328, 0x5328, 0x5328, 0x5328, 0x5328, 0x5328, 0x5328, 0x5328,
0x5328, 0x5328, 0x5328, 0x5328, 0x5328, 0x5328, 0x5328, 0x5328, 0x5328, 0x5328, 0x5328, 0x5328, 0xF736, 0xF736, 0xF736, 0xF736,
0xF736, 0xF736, 0xF736, 0xF736, 0xF736, 0xF736, 0x5328, 0x5328, 0x5328, 0x5328, 0x5328, 0x5328, 0x5328, 0x5328, 0x5328, 0x5328,
0x5328, 0x5328, 0x5328, 0x5328, 0x5328, 0x5328, 0x5328, 0x5328, 0x5328, 0x5328, 0x5328, 0x5328, 0x5328, 0x5328, 0x5328, 0x5328,
0x5328, 0x5328, 0x5A46, 0x5A46, 0x5A46, 0x5A46, 0x5A46, 0x5A46, 0xE673, 0xE673, 0xE673, 0xE673, 0xEE93, 0xEEB4, 0xEEB4, 0xEEB4,
0xEEB4, 0xEEB4, 0xEED4, 0xEED4, 0xEED4, 0xEED4, 0xEED4, 0xF6D4, 0xF6F4, 0xF6F4, 0x62A6, 0x6AA6, 0x6AA6, 0xF6F5, 0xF715, 0xF715,
0xF715, 0xF715, 0xFF15, 0xFF15, 0xFF35, 0xFF35, 0xFF35, 0xFF35, 0xFF35, 0xFF35, 0xFF55, 0xFF55, 0xFF55, 0xFF56, 0xFF56, 0xFF56,
0xFF56, 0xFF76, 0x72E7, 0x72E7, 0x7307, 0xFF76, 0xFF76, 0xFF96, 0xFF96, 0xFF96, 0xFF96, 0xFF96, 0xFF96, 0xFF96, 0xFF96, 0xFF96,
0xFFB6, 0xFFB6, 0xFFB6, 0xFFB7, 0xFFB7, 0xFFB7, 0xFFB7, 0xFFD7, 0xFFD7, 0xFFD7, 0x7B28, 0x7B28, 0x7B28, 0xFFB7, 0xFFB6, 0xFFB6,
0xFFB6, 0xFF96, 0xFF96, 0xFF96, 0xFF96, 0xFF96, 0xFF96, 0xFF96, 0xFF96, 0xFF96, 0xFF76, 0xFF76, 0xFF76, 0xFF76, 0xFF76, 0xFF76,
0xFF56, 0xFF56, 0x72E7, 0x72E7, 0x72E7, 0xFF55, 0xFF55, 0xFF35, 0xFF35, 0xFF35, 0xFF35, 0xFF35, 0xFF35, 0xFF15, 0xFF15, 0xF715,
0xF715, 0xF715, 0xF715, 0xF6F5, 0xF6F4, 0xF6F4, 0xF6F4, 0xF6F4, 0xF6F4, 0xF6D4, 0x62A6, 0x6286, 0x6286, 0xEED4, 0xEED4, 0xEEB4,
0xEEB4, 0xEEB4, 0xEEB4, 0xEEB4, 0xE673, 0xE673, 0xE673, 0xE673, 0x5A46, 0x5A46, 0x5A46, 0x5A46, 0x5A46, 0x5A46, 0x5328, 0x5328,
0x5328, 0x5328, 0x5328, 0x5328, 0x5328, 0x5328, 0x5328, 0x5328, 0x5328, 0x5328, 0x5328, 0x5328, 0x5328, 0x5328, 0x5328, 0x5328,
0x5328, 0x5328, 0x5328, 0x5328, 0x5328, 0x5328, 0x5328, 0x5328, 0x5328, 0x5328, 0x5328, 0x5328, 0x5328, 0x5328, 0x5328, 0x5328,
0x5328, 0x5328, 0x5328, 0x5328, 0x5328, 0x5328, 0x5328, 0x5328, 0x5328, 0x5328, 0x5328, 0x5328, 0x5328, 0x5328, 0x5328, 0x5328,
0x5328, 0x5328, 0x5328, 0x5328, 0x5328, 0x5328, 0x5328, 0x5328, 0x5328, 0x5328, 0x5328, 0x5328, 0xF736, 0xF736, 0xF736, 0xF736,
0xF736, 0xF736, 0xF736, 0xF736, 0xF736, 0xF736, 0x5328, 0x5328, 0x5328, 0x5328, 0x5328, 0x5328, 0x5328, 0x5328, 0x5328, 0x5328,
0x5328, 0x5328, 0x5328, 0x5328, 0x5328, 0x5328, 0x5328, 0x5328, 0x5328, 0x5328, 0x5328, 0x5328, 0x5328, 0x5328, 0x5328, 0x5328,
0x5328, 0x5328, 0x5A46, 0x5A46, 0x5A46, 0x5A46, 0x5A46, 0x5A46, 0xE673, 0xE673, 0xE673, 0xE673, 0xEEB3, 0xEEB3, 0xEEB4, 0xEEB4,
0xEEB4, 0xEEB4, 0xEED4, 0xEED4, 0xEED4, 0xEED4, 0xEED4, 0xF6F4, 0xF6F4, 0xF6F4, 0x62A6, 0x62A6, 0x6AA6, 0xF6F5, 0xF715, 0xF715,
0xF715, 0xF715, 0xFF15, 0xFF35, 0xFF35, 0xFF35, 0xFF35, 0xFF35, 0xFF35, 0xFF35, 0xFF55, 0xFF55, 0xFF56, 0xFF56, 0xFF56, 0xFF56,
0xFF76, 0xFF76, 0x72E7, 0x72E7, 0x7307, 0xFF76, 0xFF96, 0xFF96, 0xFF96, 0xFF96, 0xFF96, 0xFF96, 0xFF96, 0xFF96, 0xFFB6, 0xFFB6,
0xFFB7, 0xFFB7, 0xFFB7, 0xFFB7, 0xFFB7, 0xFFB7, 0xFFB7, 0xFFD7, 0xFFD7, 0xFFD7, 0x7B28, 0x7B28, 0x7B28, 0xFFB7, 0xFFB7, 0xFFB7,
0xFFB7, 0xFFB6, 0xFFB6, 0xFF96, 0xFF96, 0xFF96, 0xFF96, 0xFF96, 0xFF96, 0xFF96, 0xFF96, 0xFF76, 0xFF76, 0xFF76, 0xFF76, 0xFF76,
0xFF76, 0xFF56, 0x72E7, 0x72E7, 0x6AE7, 0xFF55, 0xFF55, 0xFF35, 0xFF35, 0xFF35, 0xFF35, 0xFF35, 0xFF35, 0xFF35, 0xFF15, 0xF715,
0xF715, 0xF715, 0xF715, 0xF6F5, 0xF6F4, 0xF6F4, 0xF6F4, 0xF6F4, 0xF6F4, 0xF6F4, 0x6286, 0x6286, 0x6286, 0xEED4, 0xEED4, 0xEEB4,
0xEEB4, 0xEEB4, 0xEEB4, 0xEEB3, 0xE673, 0xE673, 0xE673, 0xE673, 0x5A46, 0x5A46, 0x5A46, 0x5A46, 0x5A46, 0x5A46, 0x5328, 0x5328,
0x5328, 0x5328, 0x5328, 0x5328, 0x5328, 0x5328, 0x5328, 0x5328, 0x5328, 0x5328, 0x5328, 0x5328, 0x5328, 0x5328, 0x5328, 0x5328,
0x5328, 0x5328, 0x5328, 0x5328, 0x5328, 0x5328, 0x5328, 0x5328, 0x5328, 0x5328, 0x5328, 0x5328, 0x5328, 0x5328, 0x5328, 0x5328,
0x5328, 0x5328, 0x5328, 0x5328, 0x5328, 0x5328, 0x5328, 0x5328, 0x5328, 0x5328, 0x5328, 0x5328, 0x5328, 0x5328, 0x5328, 0x5328,
0x5328, 0x5328, 0x5328, 0x5328, 0x5328, 0x5328, 0x5328, 0x5328, 0x5328, 0x5328, 0x5328, 0x5328, 0xF736, 0xF736, 0xF736, 0xF736,
0xF736, 0xF736, 0xF736, 0xF736, 0xF736, 0xF736, 0x5328, 0x5328, 0x5328, 0x5328, 0x5328, 0x5328, 0x5328, 0x5328, 0x5328, 0x5328,
0x5328, 0x5328, 0x5328, 0x5328, 0x5328, 0x5328, 0x5328, 0x5328, 0x5328, 0x5328, 0x5328, 0x5328, 0x5328, 0x5328, 0x5328, 0x5328,
0x5328, 0x5328, 0x5A46, 0x5A46, 0x5A46, 0x5A46, 0x5A46, 0x5A46, 0xE673, 0xE673, 0xE673, 0xE673, 0xEEB3, 0xEEB4, 0xEEB4, 0xEEB4,
0xEEB4, 0xEEB4, 0xEED4, 0xEED4, 0xEED4, 0xEED4, 0xEED4, 0xF6F4, 0xF6F4, 0xF6F4, 0x62A6, 0x62A6, 0x6AA6, 0xF6F5, 0xF715, 0xF715,
0xF715, 0xF715, 0xFF15, 0xFF35, 0xFF35, 0xFF35, 0xFF35, 0xFF35, 0xFF35, 0xFF35, 0xFF55, 0xFF55, 0xFF55, 0xFF56, 0xFF56, 0xFF76,
0xFF76, 0xFF76, 0x72E7, 0x72E7, 0x7307, 0xFF76, 0xFF76, 0xFF96, 0xFF96, 0xFF96, 0xFF96, 0xFF96, 0xFF96, 0xFF96, 0xFFB6, 0xFFB6,
0xFFB7, 0xFFB7, 0xFFB7, 0xFFB7, 0xFFB7, 0xFFB7, 0xFFB7, 0xFFB7, 0xFFD7, 0xFFB7, 0x7B28, 0x7B28, 0x7B28, 0xFFB7, 0xFFB7, 0xFFB7,
0xFFB7, 0xFFB6, 0xFFB6, 0xFF96, 0xFF96, 0xFF96, 0xFF96, 0xFF96, 0xFF96, 0xFF96, 0xFF76, 0xFF76, 0xFF76, 0xFF76, 0xFF76, 0xFF76,
0xFF76, 0xFF76, 0x72E7, 0x72E7, 0x6AE7, 0xFF55, 0xFF55, 0xFF35, 0xFF35, 0xFF35, 0xFF35, 0xFF35, 0xFF35, 0xFF35, 0xFF15, 0xF715,
0xF715, 0xF715, 0xF715, 0xF6F5, 0xF6F4, 0xF6F4, 0xF6F4, 0xF6F4, 0xF6F4, 0xF6F4, 0x6286, 0x6286, 0x6286, 0xEED4, 0xEED4, 0xEEB4,
0xEEB4, 0xEEB4, 0xEEB4, 0xEEB4, 0xE673, 0xE673, 0xE673, 0xE673, 0x5A46, 0x5A46, 0x5A46, 0x5A46, 0x5A46, 0x5A46, 0x5328, 0x5328,
0x5328, 0x5328, 0x5328, 0x5328, 0x5328, 0x5328, 0x5328, 0x5328, 0x5328, 0x5328, 0x5328, 0x5328, 0x5328, 0x5328, 0x5328, 0x5328,
0x5328, 0x5328, 0x5328, 0x5328, 0x5328, 0x5328, 0x5328, 0x5328, 0x5328, 0x5328, 0x5328, 0x5328, 0x5328, 0x5328, 0x5328, 0x5328,
0x5328, 0x5328, 0x5328, 0x5328, 0x5328, 0x5328, 0x5328, 0x5328, 0x5328, 0x5328, 0x5328, 0x5328, 0x5328, 0x5328, 0x5328, 0x5328,
0x5328, 0x5328, 0x5328, 0x5328, 0x5328, 0x5328, 0x5328, 0x5328, 0x5328, 0x5328, 0x5328, 0x5328, 0xF736, 0xF736, 0xF736, 0xF736,
0xF736, 0xF736, 0xF736, 0xF736, 0xF736, 0xF736, 0x5328, 0x5328, 0x5328, 0x5328, 0x5328, 0x5328, 0x5328, 0x5328, 0x5328, 0x5328,
0x5328, 0x5328, 0x5328, 0x5328, 0x5328, 0x5328, 0x5328, 0x5328, 0x5328, 0x5328, 0x5328, 0x5328, 0x5328, 0x5328, 0x5328, 0x5328,
0x5328, 0x5328, 0x5A46, 0x5A46, 0x5A46, 0x5A46, 0x5A46, 0x5A46, 0xE673, 0xE673, 0xE673, 0xE673, 0xEEB3, 0xEEB4, 0xEEB4, 0xEEB4,
0xEEB4, 0xEEB4, 0xEED4, 0xEED4, 0xEED4, 0xEED4, 0xF6D4, 0xF6F4, 0xF6F4, 0xF6F4, 0x62A6, 0x62A6, 0x6AA6, 0xF715, 0xF715, 0xF715,
0xF715, 0xF715, 0xF715, 0xFF35, 0xFF35, 0xFF35, 0xFF35, 0xFF35, 0xFF35, 0xFF55, 0xFF55, 0xFF55, 0xFF55, 0xFF56, 0xFF56, 0xFF56,
0xFF76, 0xFF76, 0x72E7, 0x72E7, 0x7307, 0xFF76, 0xFF76, 0xFF96, 0xFF96, 0xFF96, 0xFF96, 0xFF96, 0xFF96, 0xFF96, 0xFFB6, 0xFFB6,
0xFFB7, 0xFFB7, 0xFFB7, 0xFFB7, 0xFFB7, 0xFFD7, 0xFFD7, 0xFFD7, 0xFFD7, 0xFFD7, 0x7B28, 0x7B28, 0x7B28, 0xFFB7, 0xFFB7, 0xFFB7,
0xFFB7, 0xFFB6, 0xFFB6, 0xFF96, 0xFF96, 0xFF96, 0xFF96, 0xFF96, 0xFF96, 0xFF96, 0xFF76, 0xFF76, 0xFF76, 0xFF76, 0xFF76, 0xFF76,
0xFF76, 0xFF56, 0x72E7, 0x72E7, 0x6AE7, 0xFF55, 0xFF55, 0xFF55, 0xFF35, 0xFF35, 0xFF35, 0xFF35, 0xFF35, 0xFF35, 0xF715, 0xF715,
0xF715, 0xF715, 0xF715, 0xF715, 0xF6F4, 0xF6F4, 0xF6F4, 0xF6F4, 0xF6F4, 0xF6F4, 0x6286, 0x6286, 0x6286, 0xEED4, 0xEED4, 0xEEB4,
0xEEB4, 0xEEB4, 0xEEB4, 0xEEB4, 0xE673, 0xE673, 0xE673, 0xE673, 0x5A46, 0x5A46, 0x5A46, 0x5A46, 0x5A46, 0x5A46, 0x5328, 0x5328,
0x5328, 0x5328, 0x5328, 0x5328, 0x5328, 0x5328, 0x5328, 0x5328, 0x5328, 0x5328, 0x5328, 0x5328, 0x5328, 0x5328, 0x5328, 0x5328,
0x5328, 0x5328, 0x5328, 0x5328, 0x5328, 0x5328, 0x5328, 0x5328, 0x5328, 0x5328, 0x5328, 0x5328, 0x5328, 0x5328, 0x5328, 0x5328,
0x5328, 0x5328, 0x5328, 0x5328, 0x5328, 0x5328, 0x5328, 0x5328, 0x5328, 0x5328, 0x5328, 0x5328, 0x5328, 0x5328, 0x5328, 0x5328,
0x5328, 0x5328, 0x5328, 0x5328, 0x5328, 0x5328, 0x5328, 0x5328, 0x5328, 0x5328, 0x5328, 0x5328, 0xF736, 0xF736, 0xF736, 0xF736,
0xF736, 0xF736, 0xF736, 0xF736, 0xF736, 0xF736, 0x5328, 0x5328, 0x5328, 0x5328, 0x5328, 0x5328, 0x5328, 0x5328, 0x5328, 0x5328,
0x5328, 0x5328, 0x5328, 0x5328, 0x5328, 0x5328, 0x5328, 0x5328, 0x5328, 0x5328, 0x5328, 0x5328, 0x5328, 0x5328, 0x5328, 0x5328,
0x5328, 0x5328, 0x5A46, 0x5A46, 0x5A46, 0x5A46, 0x5A46, 0x5A46, 0xE673, 0xE673, 0xE673, 0xE673, 0xEEB3, 0xEEB4, 0xEEB4, 0xEEB4,
0xEEB4, 0xEEB4, 0xEED4, 0xEED4, 0xEED4, 0xEED4, 0xF6D4, 0xF6D4, 0xF6F4, 0xF6F4, 0x62A6, 0x62A6, 0x62A6, 0xF715, 0xF715, 0xF715,
0xF715, 0xF715, 0xFF15, 0xFF15, 0xFF35, 0xFF35, 0xFF35, 0xFF35, 0xFF35, 0xFF55, 0xFF55, 0xFF55, 0xFF55, 0xFF56, 0xFF56, 0xFF56,
0xFF76, 0xFF76, 0x72E7, 0x72E7, 0x72E7, 0xFF76, 0xFF76, 0xFF96, 0xFF96, 0xFF96, 0xFF96, 0xFF96, 0xFF96, 0xFF96, 0xFFB6, 0xFFB6,
0xFFB7, 0xFFB7, 0xFFB7, 0xFFB7, 0xFFB7, 0xFFB7, 0xFFD7, 0xFFD7, 0xFFD7, 0xFFD7, 0x7B28, 0x7B28, 0x7B28, 0xFFB7, 0xFFB7, 0xFFB7,
0xFFB7, 0xFFB6, 0xFFB6, 0xFF96, 0xFF96, 0xFF96, 0xFF96, 0xFF96, 0xFF96, 0xFF96, 0xFF76, 0xFF76, 0xFF76, 0xFF76, 0xFF76, 0xFF76,
0xFF76, 0xFF56, 0x72E7, 0x72E7, 0x6AE7, 0xFF55, 0xFF55, 0xFF55, 0xFF35, 0xFF35, 0xFF35, 0xFF35, 0xFF35, 0xFF15, 0xFF15, 0xF715,
0xF715, 0xF715, 0xF715, 0xF715, 0xF6F5, 0xF6F4, 0xF6F4, 0xF6F4, 0xF6F4, 0xF6D4, 0x6286, 0x6286, 0x6286, 0xEED4, 0xEED4, 0xEEB4,
0xEEB4, 0xEEB4, 0xEEB4, 0xEEB4, 0xE673, 0xE673, 0xE673, 0xE673, 0x5A46, 0x5A46, 0x5A46, 0x5A46, 0x5A46, 0x5A46, 0x5328, 0x5328,
0x5328, 0x5328, 0x5328, 0x5328, 0x5328, 0x5328, 0x5328, 0x5328, 0x5328, 0x5328, 0x5328, 0x5328, 0x5328, 0x5328, 0x5328, 0x5328,
0x5328, 0x5328, 0x5328, 0x5328, 0x5328, 0x5328, 0x5328, 0x5328, 0x5328, 0x5328, 0x5328, 0x5328, 0x5328, 0x5328, 0x5328, 0x5328,
0x5328, 0x5328, 0x5328, 0x5328, 0x5328, 0x5328, 0x5328, 0x5328, 0x5328, 0x5328, 0x5328, 0x5328, 0x5328, 0x5328, 0x5328, 0x5328,
0x5328, 0x5328, 0x5328, 0x5328, 0x5328, 0x5328, 0x5328, 0x5328, 0x5328, 0x5328, 0x5328, 0x5328, 0xF736, 0xF736, 0xF736, 0xF736,
0xF736, 0xF736, 0xF736, 0xF736, 0xF736, 0xF736, 0x5328, 0x5328, 0x5328, 0x5328, 0x5328, 0x5328, 0x5328, 0x5328, 0x5328, 0x5328,
0x5328, 0x5328, 0x5328, 0x5328, 0x5328, 0x5328, 0x5328, 0x5328, 0x5328, 0x5328, 0x5328, 0x5328, 0x5328, 0x5328, 0x5328, 0x5328,
0x5328, 0x5328, 0x5A46, 0x5A46, 0x5A46, 0x5A46, 0x5A46, 0x5A46, 0xE673, 0xE673, 0xE673, 0xE673, 0xEEB4, 0xEEB4, 0xEEB4, 0xEEB4,
0xEEB4, 0xEED4, 0xEED4, 0xEED4, 0xEED4, 0xEED4, 0xEED4, 0xF6D4, 0xF6F4, 0xF6F4, 0x62A6, 0x62A6, 0x62A6, 0xF715, 0xF715, 0xF715,
0xF715, 0xF715, 0xFF15, 0xFF15, 0xFF35, 0xFF35, 0xFF35, 0xFF35, 0xFF35, 0xFF55, 0xFF55, 0xFF55, 0xFF55, 0xFF56, 0xFF56, 0xFF56,
0xFF76, 0xFF76, 0x72E7, 0x72E7, 0x72E7, 0xFF76, 0xFF96, 0xFF96, 0xFF96, 0xFF96, 0xFF96, 0xFF96, 0xFFB6, 0xFFB6, 0xFFB6, 0xFFB7,
0xFFB7, 0xFFB7, 0xFFB7, 0xFFB7, 0xFFB7, 0xFFB7, 0xFFD7, 0xFFD7, 0xFFD7, 0xFFD7, 0x7B28, 0x7B28, 0x7B28, 0xFFB7, 0xFFB7, 0xFFB7,
0xFFB7, 0xFFB7, 0xFFB6, 0xFFB6, 0xFFB6, 0xFF96, 0xFF96, 0xFF96, 0xFF96, 0xFF96, 0xFF96, 0xFF76, 0xFF76, 0xFF76, 0xFF76, 0xFF76,
0xFF76, 0xFF56, 0x72E7, 0x6AE7, 0x6AE7, 0xFF55, 0xFF55, 0xFF55, 0xFF35, 0xFF35, 0xFF35, 0xFF35, 0xFF35, 0xFF15, 0xFF15, 0xF715,
0xF715, 0xF715, 0xF715, 0xF715, 0xF6F5, 0xF6F4, 0xF6F4, 0xF6F4, 0xF6F4, 0xF6D4, 0x6286, 0x6286, 0x6286, 0xEED4, 0xEED4, 0xEED4,
0xEEB4, 0xEEB4, 0xEEB4, 0xEEB4, 0xE673, 0xE673, 0xE673, 0xE673, 0x5A46, 0x5A46, 0x5A46, 0x5A46, 0x5A46, 0x5A46, 0x5328, 0x5328,
0x5328, 0x5328, 0x5328, 0x5328, 0x5328, 0x5328, 0x5328, 0x5328, 0x5328, 0x5328, 0x5328, 0x5328, 0x5328, 0x5328, 0x5328, 0x5328,
0x5328, 0x5328, 0x5328, 0x5328, 0x5328, 0x5328, 0x5328, 0x5328, 0x5328, 0x5328, 0x5328, 0x5328, 0x5328, 0x5328, 0x5328, 0x5328,
0x5328, 0x5328, 0x5328, 0x5328, 0x5328, 0x5328, 0x5328, 0x5328, 0x5328, 0x5328, 0x5328, 0x5328, 0x5328, 0x5328, 0x5328, 0x5328,
0x5328, 0x5328, 0x5328, 0x5328, 0x5328, 0x5328, 0x5328, 0x5328, 0x5328, 0x5328, 0x5328, 0x5328, 0xF736, 0xF736, 0xF736, 0xF736,
0xF736, 0xF736, 0xF736, 0xF736, 0xF736, 0xF736, 0x5328, 0x5328, 0x5328, 0x5328, 0x5328, 0x5328, 0x5328, 0x5328, 0x5328, 0x5328,
0x5328, 0x5328, 0x5328, 0x5328, 0x5328, 0x5328, 0x5328, 0x5328, 0x5328, 0x5328, 0x5328, 0x5328, 0x5328, 0x5328, 0x5328, 0x5328,
0x5328, 0x5328, 0x5A46, 0x5A46, 0x5A46, 0x5A46, 0x5A46, 0x5A46, 0xE673, 0xE673, 0xE673, 0xE673, 0xE6B4, 0xEEB4, 0xEEB4, 0xEEB4,
0xEEB4, 0xEED4, 0xEED4, 0xEED4, 0xEED4, 0xEED4, 0xEED4, 0xF6D4, 0xF6F4, 0xF6F4, 0x62A6, 0x62A6, 0x62A6, 0xF715, 0xF715, 0xF715,
0xF715, 0xFF15, 0xFF15, 0xFF35, 0xFF35, 0xFF35, 0xFF35, 0xFF35, 0xFF35, 0xFF55, 0xFF55, 0xFF55, 0xFF56, 0xFF56, 0xFF56, 0xFF76,
0xFF76, 0xFF76, 0x72E7, 0x72E7, 0x72E7, 0xFF96, 0xFF96, 0xFF96, 0xFF96, 0xFF96, 0xFF96, 0xFF96, 0xFF96, 0xFFB7, 0xFFB7, 0xFFB7,
0xFFB7, 0xFFB7, 0xFFB7, 0xFFB7, 0xFFD7, 0xFFD7, 0xFFD7, 0xFFD7, 0xFFD7, 0xFFD7, 0x7B28, 0x7B28, 0x7B28, 0xFFB7, 0xFFB7, 0xFFB7,
0xFFB7, 0xFFB7, 0xFFB7, 0xFFB7, 0xFF96, 0xFF96, 0xFF96, 0xFF96, 0xFF96, 0xFF96, 0xFF96, 0xFF96, 0xFF76, 0xFF76, 0xFF76, 0xFF76,
0xFF76, 0xFF76, 0x72E7, 0x6AE7, 0x6AE7, 0xFF55, 0xFF55, 0xFF55, 0xFF35, 0xFF35, 0xFF35, 0xFF35, 0xFF35, 0xFF35, 0xFF15, 0xFF15,
0xF715, 0xF715, 0xF715, 0xF715, 0xF6F5, 0xF6F5, 0xF6F4, 0xF6F4, 0xF6F4, 0xF6D4, 0x6286, 0x6286, 0x6286, 0xEED4, 0xEED4, 0xEED4,
0xEEB4, 0xEEB4, 0xEEB4, 0xEEB4, 0xE673, 0xE673, 0xE673, 0xE673, 0x5A46, 0x5A46, 0x5A46, 0x5A46, 0x5A46, 0x5A46, 0x5328, 0x5328,
0x5328, 0x5328, 0x5328, 0x5328, 0x5328, 0x5328, 0x5328, 0x5328, 0x5328, 0x5328, 0x5328, 0x5328, 0x5328, 0x5328, 0x5328, 0x5328,
0x5328, 0x5328, 0x5328, 0x5328, 0x5328, 0x5328, 0x5328, 0x5328, 0x5328, 0x5328, 0x5328, 0x5328, 0x5328, 0x5328, 0x5328, 0x5328,
0x5328, 0x5328, 0x5328, 0x5328, 0x5328, 0x5328, 0x5328, 0x5328, 0x5328, 0x5328, 0x5328, 0x5328, 0x5328, 0x5328, 0x5328, 0x5328,
0x5328, 0x5328, 0x5328, 0x5328, 0x5328, 0x5328, 0x5328, 0x5328, 0x5328, 0x5328, 0x5328, 0x5328, 0xF736, 0xF736, 0xF736, 0xF736,
0xF736, 0xF736, 0xF736, 0xF736, 0xF736, 0xF736, 0x5328, 0x5328, 0x5328, 0x5328, 0x5328, 0x5328, 0x5328, 0x5328, 0x5328, 0x5328,
0x5328, 0x5328, 0x5328, 0x5328, 0x5328, 0x5328, 0x5328, 0x5328, 0x5328, 0x5328, 0x5328, 0x5328, 0x5328, 0x5328, 0x5328, 0x5328,
0x5328, 0x5328, 0x5A46, 0x5A46, 0x5A46, 0x5A46, 0x5A46, 0x5A46, 0xE673, 0xE673, 0xE673, 0xE673, 0xEEB4, 0xEEB4, 0xEEB4, 0xEEB4,
0xEEB4, 0xEED4, 0xEED4, 0xEED4, 0xEED4, 0xEED4, 0xEED4, 0xF6F4, 0xF6F4, 0xF6F4, 0x62A6, 0x62A6, 0x62A6, 0xF715, 0xF715, 0xF715,
0xF715, 0xF715, 0xFF35, 0xFF35, 0xFF35, 0xFF35, 0xFF35, 0xFF35, 0xFF35, 0xFF35, 0xFF55, 0xFF56, 0xFF56, 0xFF56, 0xFF56, 0xFF76,
0xFF76, 0xFF76, 0x72E7, 0x72E7, 0x72E7, 0xFF76, 0xFF96, 0xFF96, 0xFF96, 0xFF96, 0xFF96, 0xFF96, 0xFF96, 0xFFB7, 0xFFB7, 0xFFB7,
0xFFB7, 0xFFB7, 0xFFB7, 0xFFB7, 0xFFD7, 0xFFD7, 0xFFD7, 0xFFD7, 0xFFD7, 0xFFD7, 0x7B28, 0x7B28, 0x7B28, 0xFFB7, 0xFFB7, 0xFFB7,
0xFFB7, 0xFFB7, 0xFFB7, 0xFFB7, 0xFF96, 0xFF96, 0xFF96, 0xFF96, 0xFF96, 0xFF96, 0xFF96, 0xFF76, 0xFF76, 0xFF76, 0xFF76, 0xFF76,
0xFF76, 0xFF76, 0x72E7, 0x6AE7, 0x6AE7, 0xFF56, 0xFF55, 0xFF35, 0xFF35, 0xFF35, 0xFF35, 0xFF35, 0xFF35, 0xFF35, 0xFF35, 0xF715,
0xF715, 0xF715, 0xF715, 0xF715, 0xF6F5, 0xF6F5, 0xF6F4, 0xF6F4, 0xF6F4, 0xF6F4, 0x6286, 0x6286, 0x6286, 0xEED4, 0xEED4, 0xEED4,
0xEEB4, 0xEEB4, 0xEEB4, 0xEEB4, 0xE673, 0xE673, 0xE673, 0xE673, 0x5A46, 0x5A46, 0x5A46, 0x5A46, 0x5A46, 0x5A46, 0x5328, 0x5328,
0x5328, 0x5328, 0x5328, 0x5328, 0x5328, 0x5328, 0x5328, 0x5328, 0x5328, 0x5328, 0x5328, 0x5328, 0x5328, 0x5328, 0x5328, 0x5328,
0x5328, 0x5328, 0x5328, 0x5328, 0x5328, 0x5328, 0x5328, 0x5328, 0x5328, 0x5328, 0x5328, 0x5328, 0x5328, 0x5328, 0x5328, 0x5328,
0x5328, 0x5328, 0x5328, 0x5328, 0x5328, 0x5328, 0x5328, 0x5328, 0x5328, 0x5328, 0x5328, 0x5328, 0x5328, 0x5328, 0x5328, 0x5328,
0x5328, 0x5328, 0x5328, 0x5328, 0x5328, 0x5328, 0x5328, 0x5328, 0x5328, 0x5328, 0x5328, 0x5328, 0xF736, 0xF736, 0xF736, 0xF736,
0xF736, 0xF736, 0xF736, 0xF736, 0xF736, 0xF736, 0x5328, 0x5328, 0x5328, 0x5328, 0x5328, 0x5328, 0x5328, 0x5328, 0x5328, 0x5328,
0x5328, 0x5328, 0x5328, 0x5328, 0x5328, 0x5328, 0x5328, 0x5328, 0x5328, 0x5328, 0x5328, 0x5328, 0x5328, 0x5328, 0x5328, 0x5328,
0x5328, 0x5328, 0x5A46, 0x5A46, 0x5A46, 0x5A46, 0x5A46, 0x5A46, 0xE673, 0xE673, 0xE673, 0xE673, 0xEEB4, 0xEEB4, 0xEEB4, 0xEEB4,
0xEEB4, 0xEEB4, 0xEED4, 0xEED4, 0xEED4, 0xEED4, 0xEED4, 0xEEF4, 0xF6F4, 0xF6F4, 0x62A6, 0x62A6, 0x62A6, 0xF6F5, 0xF715, 0xF715,
0xF715, 0xF715, 0xFF15, 0xFF35, 0xFF35, 0xFF35, 0xFF35, 0xFF35, 0xFF35, 0xFF35, 0xFF55, 0xFF56, 0xFF56, 0xFF56, 0xFF56, 0xFF76,
0xFF76, 0xFF76, 0x72E7, 0x72E7, 0x72E7, 0xFF76, 0xFF96, 0xFF96, 0xFF96, 0xFF96, 0xFF96, 0xFF96, 0xFF96, 0xFFB6, 0xFFB7, 0xFFB7,
0xFFB7, 0xFFB7, 0xFFB7, 0xFFB7, 0xFFD7, 0xFFD7, 0xFFD7, 0xFFD7, 0xFFD7, 0xFFD7, 0x7B28, 0x7B28, 0x7B28, 0xFFB7, 0xFFB7, 0xFFB7,
0xFFB7, 0xFFB7, 0xFFB7, 0xFFB6, 0xFF96, 0xFF96, 0xFF96, 0xFF96, 0xFF96, 0xFF96, 0xFF96, 0xFF76, 0xFF76, 0xFF76, 0xFF76, 0xFF76,
0xFF76, 0xFF76, 0x6AE7, 0x6AE7, 0x6AE7, 0xFF56, 0xFF55, 0xFF35, 0xFF35, 0xFF35, 0xFF35, 0xFF35, 0xFF35, 0xFF35, 0xFF15, 0xF715,
0xF715, 0xF715, 0xF715, 0xF6F5, 0xF6F5, 0xF6F5, 0xF6F4, 0xF6F4, 0xF6F4, 0xEEF4, 0x6286, 0x6286, 0x6286, 0xEED4, 0xEED4, 0xEEB4,
0xEEB4, 0xEEB4, 0xEEB4, 0xEEB4, 0xE693, 0xE673, 0xE673, 0xE673, 0x5A46, 0x5A46, 0x5A46, 0x5A46, 0x5A46, 0x5A46, 0x5328, 0x5328,
0x5328, 0x5328, 0x5328, 0x5328, 0x5328, 0x5328, 0x5328, 0x5328, 0x5328, 0x5328, 0x5328, 0x5328, 0x5328, 0x5328, 0x5328, 0x5328,
0x5328, 0x5328, 0x5328, 0x5328, 0x5328, 0x5328, 0x5328, 0x5328, 0x5328, 0x5328, 0x5328, 0x5328, 0x5328, 0x5328, 0x5328, 0x5328,
0x5328, 0x5328, 0x5328, 0x5328, 0x5328, 0x5328, 0x5328, 0x5328, 0x5328, 0x5328, 0x5328, 0x5328, 0x5328, 0x5328, 0x5328, 0x5328,
0x5328, 0x5328, 0x5328, 0x5328, 0x5328, 0x5328, 0x5328, 0x5328, 0x5328, 0x5328, 0x5328, 0x5328, 0xF736, 0xF736, 0xF736, 0xF736,
0xF736, 0xF736, 0xF736, 0xF736, 0xF736, 0xF736, 0x5328, 0x5328, 0x5328, 0x5328, 0x5328, 0x5328, 0x5328, 0x5328, 0x5328, 0x5328,
0x5328, 0x5328, 0x5328, 0x5328, 0x5328, 0x5328, 0x5328, 0x5328, 0x5328, 0x5328, 0x5328, 0x5328, 0x5328, 0x5328, 0x5328, 0x5328,
0x5328, 0x5328, 0x5A46, 0x5A46, 0x5A46, 0x5A46, 0x5A46, 0x5A46, 0xE673, 0xE673, 0xE673, 0xE673, 0xEEB4, 0xEEB4, 0xEEB4, 0xEEB4,
0xEEB4, 0xEEB4, 0xEED4, 0xEED4, 0xEED4, 0xEED4, 0xEED4, 0xF6F4, 0xF6F4, 0xF6F4, 0x62A6, 0x62A6, 0x62A6, 0xF6F5, 0xF715, 0xF715,
0xACCD, 0xACCD, 0xB4CD, 0xB4CD, 0xB4CD, 0xB4CD, 0xB4CD, 0xB4CD, 0xB4ED, 0xB4ED, 0xB4ED, 0xB4ED, 0xB4ED, 0xB4ED, 0xB4ED, 0xB4EE,
0xFF76, 0xFF76, 0x72E7, 0x72E7, 0x72E7, 0xFF76, 0xFF96, 0xFF96, 0xFF96, 0xFF96, 0xFF96, 0xFFB6, 0xFFB6, 0xFFB6, 0xFFB7, 0xFFB7,
0xFFB7, 0xFFB7, 0xFFB7, 0xFFB7, 0xFFD7, 0xFFD7, 0xFFD7, 0xFFD7, 0xFFD7, 0xFFD7, 0x7B28, 0x7B28, 0x7B28, 0xFFB7, 0xFFB7, 0xFFB7,
0xFFB7, 0xFFB7, 0xFFB7, 0xFFB6, 0xFFB6, 0xFFB6, 0xFF96, 0xFF96, 0xFF96, 0xFF96, 0xFF96, 0xFF76, 0xBD0E, 0xBD0E, 0xB50E, 0xB50E,
0xB4EE, 0xB4EE, 0xB4ED, 0xB4ED, 0xB4ED, 0xB4ED, 0xB4ED, 0xB4ED, 0xB4ED, 0xB4CD, 0xB4CD, 0xB4CD, 0xFF35, 0xFF35, 0xFF15, 0xF715,
0xF715, 0xF715, 0xF715, 0xF6F5, 0xF6F5, 0xF6F4, 0xF6F4, 0xF6F4, 0xF6F4, 0xF6F4, 0x6286, 0x6286, 0x6286, 0xEED4, 0xEED4, 0xEEB4,
0xEEB4, 0xEEB4, 0xEEB4, 0xEEB4, 0xE693, 0xE673, 0xE673, 0xE673, 0x5A46, 0x5A46, 0x5A46, 0x5A46, 0x5A46, 0x5A46, 0x5328, 0x5328,
0x5328, 0x5328, 0x5328, 0x5328, 0x5328, 0x5328, 0x5328, 0x5328, 0x5328, 0x5328, 0x5328, 0x5328, 0x5328, 0x5328, 0x5328, 0x5328,
0x5328, 0x5328, 0x5328, 0x5328, 0x5328, 0x5328, 0x5328, 0x5328, 0x5328, 0x5328, 0x5328, 0x5328, 0x5328, 0x5328, 0x5328, 0x5328,
0x5328, 0x5328, 0x5328, 0x5328, 0x5328, 0x5328, 0x5328, 0x5328, 0x5328, 0x5328, 0x5328, 0x5328, 0x5328, 0x5328, 0x5328, 0x5328,
0x5328, 0x5328, 0x5328, 0x5328, 0x5328, 0x5328, 0x5328, 0x5328, 0x5328, 0x5328, 0x5328, 0x5328, 0xF736, 0xF736, 0xF736, 0xF736,
0xF736, 0xF736, 0xF736, 0xF736, 0xF736, 0xF736, 0x5328, 0x5328, 0x5328, 0x5328, 0x5328, 0x5328, 0x5328, 0x5328, 0x5328, 0x5328,
0x5328, 0x5328, 0x5328, 0x5328, 0x5328, 0x5328, 0x5328, 0x5328, 0x5328, 0x5328, 0x5328, 0x5328, 0x5328, 0x5328, 0x5328, 0x5328,
0x5328, 0x5328, 0x5A46, 0x5A46, 0x5A46, 0x5A46, 0x5A46, 0x5A46, 0xE673, 0xE673, 0xE673, 0xE673, 0xEEB3, 0xEEB4, 0xEEB4, 0xEEB4,
0xEEB4, 0xEEB4, 0xEED4, 0xEED4, 0xEED4, 0xEED4, 0xEED4, 0xF6F4, 0xF6F4, 0xF6F4, 0x62A6, 0x62A6, 0x62A6, 0xF715, 0xF715, 0xF715,
0xACCD, 0xACCD, 0xACCD, 0xB4CD, 0xB4CD, 0xB4CD, 0xB4CD, 0xB4CD, 0xB4ED, 0xB4ED, 0xB4ED, 0xB4ED, 0xB4ED, 0xB4ED, 0xB4ED, 0xB4EE,
0xFF76, 0xFF76, 0x72E7, 0x72E7, 0x72E7, 0xFF96, 0xFF96, 0xFF96, 0xFF96, 0xFF96, 0xFF96, 0xFFB6, 0xFFB7, 0xFFB7, 0xFFB7, 0xFFB7,
0xFFB7, 0xFFB7, 0xFFB7, 0xFFD7, 0xFFD7, 0xFFD7, 0xFFD7, 0xFFD7, 0xFFD7, 0xFFD7, 0x7B28, 0x7B28, 0x7B28, 0xFFD7, 0xFFB7, 0xFFB7,
0xFFB7, 0xFFB7, 0xFFB7, 0xFFB7, 0xFFB7, 0xFFB6, 0xFF96, 0xFF96, 0xFF96, 0xFF96, 0xFF96, 0xFF96, 0xBD0E, 0xBD0E, 0xB50E, 0xB4EE,
0xB4EE, 0xB4EE, 0xB4ED, 0xB4ED, 0xB4ED, 0xB4ED, 0xB4ED, 0xB4ED, 0xB4ED, 0xB4CD, 0xB4CD, 0xB4CD, 0xFF35, 0xFF35, 0xF715, 0xF715,
0xF715, 0xF715, 0xF715, 0xF715, 0xF6F5, 0xF6F4, 0xF6F4, 0xF6F4, 0xF6F4, 0xF6F4, 0x6286, 0x6286, 0x6286, 0xEED4, 0xEED4, 0xEEB4,
0xEEB4, 0xEEB4, 0xEEB4, 0xEEB4, 0xE693, 0xE673, 0xE673, 0xE673, 0x5A46, 0x5A46, 0x5A46, 0x5A46, 0x5A46, 0x5A46, 0x5328, 0x5328,
0x5328, 0x5328, 0x5328, 0x5328, 0x5328, 0x5328, 0x5328, 0x5328, 0x5328, 0x5328, 0x5328, 0x5328, 0x5328, 0x5328, 0x5328, 0x5328,
0x5328, 0x5328, 0x5328, 0x5328, 0x5328, 0x5328, 0x5328, 0x5328, 0x5328, 0x5328, 0x5328, 0x5328, 0x5328, 0x5328, 0x5328, 0x5328,
0x5328, 0x5328, 0x5328, 0x5328, 0x5328, 0x5328, 0x5328, 0x5328, 0x5328, 0x5328, 0x5328, 0x5328, 0x5328, 0x5328, 0x5328, 0x5328,
0x5328, 0x5328, 0x5328, 0x5328, 0x5328, 0x5328, 0x5328, 0x5328, 0x5328, 0x5328, 0x5328, 0x5328, 0xF736, 0xF736, 0xF736, 0xF736,
0xF736, 0xF736, 0xF736, 0xF736, 0xF736, 0xF736, 0x5328, 0x5328, 0x5328, 0x5328, 0x5328, 0x5328, 0x5328, 0x5328, 0x5328, 0x5328,
0x5328, 0x5328, 0x5328, 0x5328, 0x5328, 0x5328, 0x5328, 0x5328, 0x5328, 0x5328, 0x5328, 0x5328, 0x5328, 0x5328, 0x5328, 0x5328,
0x5328, 0x5328, 0x5A46, 0x5A46, 0x5A46, 0x5A46, 0x5A46, 0x5A46, 0xE673, 0xE673, 0xE673, 0xE693, 0xEEB3, 0xEEB4, 0xEEB4, 0xEEB4,
0xEEB4, 0xEEB4, 0xEED4, 0xEED4, 0xEED4, 0xEED4, 0xF6D4, 0xF6F4, 0xF6F4, 0xF6F4, 0x62A6, 0x62A6, 0x62A6, 0xF715, 0xF715, 0xF715,
0xACCD, 0xACCD, 0xACCD, 0xB4CD, 0xB4CD, 0xB4CD, 0xB4CD, 0xB4CD, 0xB4ED, 0xB4ED, 0xB4ED, 0xB4ED, 0xB4ED, 0xB4ED, 0xB4ED, 0xB4EE,
0xFF76, 0xFF76, 0x72E7, 0x72E7, 0x72E7, 0xFF96, 0xFF96, 0xFF96, 0xFF96, 0xFF96, 0xFF96, 0xFF97, 0xFFB7, 0xFFB7, 0xFFB7, 0xFFB7,
0xFFB7, 0xFFB7, 0xFFB7, 0xFFD7, 0xFFD7, 0xFFD7, 0xFFD7, 0xFFD7, 0xFFD7, 0xFFD7, 0x7B28, 0x7B28, 0x7B28, 0xFFD7, 0xFFB7, 0xFFB7,
0xFFB7, 0xFFB7, 0xFFB7, 0xFFB7, 0xFFB7, 0xFF97, 0xFF96, 0xFF96, 0xFF96, 0xFF96, 0xFF96, 0xFF96, 0xBD0E, 0xB50E, 0xB50E, 0xB4EE,
0xB4EE, 0xB4EE, 0xB4ED, 0xB4ED, 0xB4ED, 0xB4ED, 0xB4ED, 0xB4ED, 0xB4ED, 0xB4CD, 0xB4CD, 0xB4CD, 0xFF35, 0xFF35, 0xFF15, 0xF715,
0xF715, 0xF715, 0xF715, 0xF715, 0xF6F5, 0xF6F4, 0xF6F4, 0xF6F4, 0xF6F4, 0xF6F4, 0x6286, 0x6286, 0x6286, 0xEED4, 0xEED4, 0xEEB4,
0xEEB4, 0xEEB4, 0xEEB4, 0xEEB4, 0xE693, 0xE693, 0xE673, 0xE673, 0x5A46, 0x5A46, 0x5A46, 0x5A46, 0x5A46, 0x5A46, 0x5328, 0x5328,
0x5328, 0x5328, 0x5328, 0x5328, 0x5328, 0x5328, 0x5328, 0x5328, 0x5328, 0x5328, 0x5328, 0x5328, 0x5328, 0x5328, 0x5328, 0x5328,
0x5328, 0x5328, 0x5328, 0x5328, 0x5328, 0x5328, 0x5328, 0x5328, 0x5328, 0x5328, 0x5328, 0x5328, 0x5328, 0x5328, 0x5328, 0x5328,
0x5328, 0x5328, 0x5328, 0x5328, 0x5328, 0x5328, 0x5328, 0x5328, 0x5328, 0x5328, 0x5328, 0x5328, 0x5328, 0x5328, 0x5328, 0x5328,
0x5328, 0x5328, 0x5328, 0x5328, 0x5328, 0x5328, 0x5328, 0x5328, 0x5328, 0x5328, 0x5328, 0x5328, 0xF736, 0xF736, 0xF736, 0xF736,
0xF736, 0xF736, 0xF736, 0xF736, 0xF736, 0xF736, 0x5328, 0x5328, 0x5328, 0x5328, 0x5328, 0x5328, 0x5328, 0x5328, 0x5328, 0x5328,
0x5328, 0x5328, 0x5328, 0x5328, 0x5328, 0x5328, 0x5328, 0x5328, 0x5328, 0x5328, 0x5328, 0x5328, 0x5328, 0x5328, 0x5328, 0x5328,
0x5328, 0x5328, 0x5A46, 0x5A46, 0x5A46, 0x5A46, 0x5A46, 0x5A46, 0xE673, 0xE673, 0xE673, 0xE693, 0xEEB3, 0xEEB4, 0xEEB4, 0xEEB4,
0xEEB4, 0xEEB4, 0xEED4, 0xEED4, 0xEED4, 0xEED4, 0xEED4, 0xF6D4, 0xF6F4, 0xF6F4, 0x62A6, 0x62A6, 0x62A6, 0xF715, 0xF715, 0xF715,
0xACCD, 0xACCD, 0xACCD, 0xB4CD, 0xB4CD, 0xB4CD, 0xB4CD, 0xB4CD, 0xB4CD, 0xB4ED, 0xB4ED, 0xB4ED, 0xB4ED, 0xB4ED, 0xB4ED, 0xB4ED,
0xFF76, 0xFF76, 0x72E7, 0x72E7, 0x72E7, 0xFF96, 0xFF96, 0xFF96, 0xFF96, 0xFF96, 0xFF96, 0xFF97, 0xFFB7, 0xFFB7, 0xFFB7, 0xFFB7,
0xFFB7, 0xFFB7, 0xFFB7, 0xFFD7, 0xFFD7, 0xFFD7, 0xFFD7, 0xFFD7, 0xFFD7, 0xFFD7, 0x7B28, 0x7B28, 0x7B28, 0xFFD7, 0xFFB7, 0xFFB7,
0xFFB7, 0xFFB7, 0xFFB7, 0xFFB7, 0xFFB7, 0xFF97, 0xFF96, 0xFF96, 0xFF96, 0xFF96, 0xFF96, 0xFF96, 0xBD0E, 0xB50E, 0xB50E, 0xB4EE,
0xB4EE, 0xB4ED, 0xB4ED, 0xB4ED, 0xB4ED, 0xB4ED, 0xB4ED, 0xB4ED, 0xB4CD, 0xB4CD, 0xB4CD, 0xB4CD, 0xFF35, 0xFF35, 0xFF15, 0xF715,
0xF715, 0xF715, 0xF715, 0xF715, 0xF715, 0xF6F4, 0xF6F4, 0xF6F4, 0xF6F4, 0xF6D4, 0x6286, 0x6286, 0x6286, 0xEED4, 0xEED4, 0xEEB4,
0xEEB4, 0xEEB4, 0xEEB4, 0xEEB4, 0xE693, 0xE693, 0xE673, 0xE673, 0x5A46, 0x5A46, 0x5A46, 0x5A46, 0x5A46, 0x5A46, 0x5328, 0x5328,
0x5328, 0x5328, 0x5328, 0x5328, 0x5328, 0x5328, 0x5328, 0x5328, 0x5328, 0x5328, 0x5328, 0x5328, 0x5328, 0x5328, 0x5328, 0x5328,
0x5328, 0x5328, 0x5328, 0x5328, 0x5328, 0x5328, 0x5328, 0x5328, 0x5328, 0x5328, 0x5328, 0x5328, 0x5328, 0x5328, 0x5328, 0x5328,
0x5328, 0x5328, 0x5328, 0x5328, 0x5328, 0x5328, 0x5328, 0x5328, 0x5328, 0x5328, 0x5328, 0x5328, 0x5328, 0x5328, 0x5328, 0x5328,
0x5327, 0x5327, 0x5327, 0x5327, 0x5327, 0x5327, 0x5327, 0x5327, 0x5327, 0x5327, 0x5327, 0x5327, 0xF736, 0xF736, 0xF736, 0xF736,
0xF736, 0xF736, 0xF736, 0xF736, 0xF736, 0xF736, 0x5327, 0x5327, 0x5327, 0x5327, 0x5327, 0x5327, 0x5327, 0x5327, 0x5327, 0x5327,
0x5327, 0x5327, 0x5327, 0x5327, 0x5327, 0x5327, 0x5327, 0x5327, 0x5327, 0x5327, 0x5327, 0x5327, 0x5327, 0x5327, 0x5327, 0x5327,
0x5327, 0x5327, 0x5A46, 0x5A46, 0x5A46, 0x5A46, 0x5A46, 0x5A46, 0xE673, 0xE673, 0xE673, 0xE693, 0xE6B3, 0xEEB4, 0xEEB4, 0xEEB4,
0xEEB4, 0xEEB4, 0xEED4, 0xEED4, 0xEED4, 0xEED4, 0xEED4, 0xF6D4, 0xF6F4, 0xF6F4, 0x62A6, 0x62A6, 0x62A6, 0xF715, 0xF715, 0xF715,
0xACCD, 0xACCD, 0xACCD, 0xACCD, 0xB4CD, 0xB4CD, 0xB4CD, 0xB4CD, 0xB4CD, 0xB4ED, 0xB4ED, 0xB4ED, 0xB4ED, 0xB4ED, 0xB4ED, 0xB4ED,
0xFF76, 0xFF76, 0x72E7, 0x72E7, 0x72E7, 0xFF96, 0xFF96, 0xFF96, 0xFF96, 0xFF96, 0xFF96, 0xFFB7, 0xFFB7, 0xFFB7, 0xFFB7, 0xFFB7,
0xFFB7, 0xFFB7, 0xFFD7, 0xFFD7, 0xFFD7, 0xFFD7, 0xFFD7, 0xFFD7, 0xFFD7, 0xFFD7, 0x7B28, 0x7B28, 0x7B28, 0xFFD7, 0xFFD7, 0xFFB7,
0xFFB7, 0xFFB7, 0xFFB7, 0xFFB7, 0xFFB7, 0xFFB7, 0xFF96, 0xFF96, 0xFF96, 0xFF96, 0xFF96, 0xFF96, 0xBD0E, 0xB50E, 0xB4EE, 0xB4EE,
0xB4EE, 0xB4ED, 0xB4ED, 0xB4ED, 0xB4ED, 0xB4ED, 0xB4ED, 0xB4ED, 0xB4CD, 0xB4CD, 0xB4CD, 0xB4CD, 0xFF35, 0xFF35, 0xFF15, 0xFF15,
0xF715, 0xF715, 0xF715, 0xF715, 0xF6F5, 0xF6F4, 0xF6F4, 0xF6F4, 0xF6F4, 0xF6D4, 0x6286, 0x6286, 0x6286, 0xEED4, 0xEED4, 0xEEB4,
0xEEB4, 0xEEB4, 0xEEB4, 0xEEB4, 0xE693, 0xE693, 0xE673, 0xE673, 0x5A46, 0x5A46, 0x5A46, 0x5A46, 0x5A46, 0x5A46, 0x5327, 0x5327,
0x5327, 0x5327, 0x5327, 0x5327, 0x5327, 0x5327, 0x5327, 0x5327, 0x5327, 0x5327, 0x5327, 0x5327, 0x5327, 0x5327, 0x5327, 0x5327,
0x5327, 0x5327, 0x5327, 0x5327, 0x5327, 0x5327, 0x5327, 0x5327, 0x5327, 0x5327, 0x5327, 0x5327, 0x5327, 0x5327, 0x5327, 0x5327,
0x5327, 0x5327, 0x5327, 0x5327, 0x5327, 0x5327, 0x5327, 0x5327, 0x5327, 0x5327, 0x5327, 0x5327, 0x5327, 0x5327, 0x5327, 0x5327,
0x5327, 0x5327, 0x5327, 0x5327, 0x5327, 0x5327, 0x5327, 0x5327, 0x5327, 0x5327, 0x5327, 0x5327, 0xF736, 0xF736, 0xF736, 0xF736,
0xF736, 0xF736, 0xF736, 0xF736, 0xF736, 0xF736, 0x5327, 0x5327, 0x5327, 0x5327, 0x5327, 0x5327, 0x5327, 0x5327, 0x5327, 0x5327,
0x5327, 0x5327, 0x5327, 0x5327, 0x5327, 0x5327, 0x5327, 0x5327, 0x5327, 0x5327, 0x5327, 0x5327, 0x5327, 0x5327, 0x5327, 0x5327,
0x5327, 0x5327, 0x5A46, 0x5A46, 0x5A46, 0x5A46, 0x5A46, 0x5A46, 0xE673, 0xE673, 0xE673, 0xE693, 0xE6B3, 0xEEB4, 0xEEB4, 0xEEB4,
0xEEB4, 0xEED4, 0xEED4, 0xEED4, 0xEED4, 0xEED4, 0xEED4, 0xF6D4, 0xF6F4, 0xF6F4, 0x6286, 0x62A6, 0x62A6, 0xF715, 0xF715, 0xF715,
0xACCD, 0xACCD, 0xACCD, 0xACCD, 0xB4CD, 0xB4CD, 0xB4CD, 0xB4CD, 0xB4CD, 0xB4ED, 0xB4ED, 0xB4ED, 0xB4ED, 0xB4ED, 0xB4ED, 0xB4ED,
0xFF76, 0xFF76, 0x72E7, 0x72E7, 0x72E7, 0xFF96, 0xFF96, 0xFF96, 0xFF96, 0xFF96, 0xFFB6, 0xFFB6, 0xFFB7, 0xFFB7, 0xFFB7, 0xFFB7,
0xFFB7, 0xFFD7, 0xFFD7, 0xFFD7, 0xFFD7, 0xFFD7, 0xFFD7, 0xFFD7, 0xFFD7, 0xFFD7, 0x7B28, 0x7B28, 0x7B28, 0xFFD7, 0xFFD7, 0xFFD7,
0xFFB7, 0xFFB7, 0xFFB7, 0xFFB7, 0xFFB7, 0xFFB6, 0xFFB6, 0xFF96, 0xFF96, 0xFF96, 0xFF96, 0xFF96, 0xB50E, 0xB50E, 0xB4EE, 0xB4EE,
0xB4EE, 0xB4ED, 0xB4ED, 0xB4ED, 0xB4ED, 0xB4ED, 0xB4ED, 0xB4ED, 0xB4CD, 0xB4CD, 0xB4CD, 0xB4CD, 0xFF35, 0xFF35, 0xFF35, 0xF715,
0xF715, 0xF715, 0xF715, 0xF715, 0xF6F5, 0xF6F5, 0xF6F4, 0xF6F4, 0xF6F4, 0xF6D4, 0x6286, 0x6286, 0x6286, 0xEED4, 0xEED4, 0xEED4,
0xEEB4, 0xEEB4, 0xEEB4, 0xEEB4, 0xE693, 0xE693, 0xE673, 0xE673, 0x5A46, 0x5A46, 0x5A46, 0x5A46, 0x5A46, 0x5A46, 0x5327, 0x5327,
0x5327, 0x5327, 0x5327, 0x5327, 0x5327, 0x5327, 0x5327, 0x5327, 0x5327, 0x5327, 0x5327, 0x5327, 0x5327, 0x5327, 0x5327, 0x5327,
0x5327, 0x5327, 0x5327, 0x5327, 0x5327, 0x5327, 0x5327, 0x5327, 0x5327, 0x5327, 0x5327, 0x5327, 0x5327, 0x5327, 0x5327, 0x5327,
0x5327, 0x5327, 0x5327, 0x5327, 0x5327, 0x5327, 0x5327, 0x5327, 0x5327, 0x5327, 0x5327, 0x5327, 0x5327, 0x5327, 0x5327, 0x5327,
0x5307, 0x5307, 0x5307, 0x5307, 0x5307, 0x5307, 0x5307, 0x5307, 0x5307, 0x5307, 0x5307, 0x5307, 0xF736, 0xF736, 0xF736, 0xF736,
0xF736, 0xF736, 0xF736, 0xF736, 0xF736, 0xF736, 0x5307, 0x5307, 0x5307, 0x5307, 0x5307, 0x5307, 0x5307, 0x5307, 0x5307, 0x5307,
0x5307, 0x5307, 0x5307, 0x5307, 0x5307, 0x5307, 0x5307, 0x5307, 0x5307, 0x5307, 0x5307, 0x5307, 0x5307, 0x5307, 0x5307, 0x5307,
0x5307, 0x5307, 0x5A46, 0x5A46, 0x5A46, 0x5A46, 0x5A46, 0x5A46, 0xE673, 0xE673, 0xE693, 0xE693, 0xE6B4, 0xEEB4, 0xEEB4, 0xEEB4,
0xEEB4, 0xEED4, 0xEED4, 0xEED4, 0xEED4, 0xEED4, 0xEED4, 0xEED4, 0xF6F4, 0xF6F4, 0x6286, 0x62A6, 0x62A6, 0xF715, 0xF715, 0xF715,
0xACCD, 0xACCD, 0xACCD, 0xACCD, 0xB4CD, 0xB4CD, 0xB4CD, 0xB4CD, 0xB4CD, 0xB4ED, 0xB4ED, 0xB4ED, 0xB4ED, 0xB4ED, 0xB4ED, 0xB4ED,
0xFF76, 0xFF76, 0x72E7, 0x72E7, 0x72E7, 0xFF96, 0xFF96, 0xFF96, 0xFF96, 0xFF96, 0xFFB6, 0xFFB7, 0xFFB7, 0xFFB7, 0xFFB7, 0xFFB7,
0xFFB7, 0xFFB7, 0xFFD7, 0xFFD7, 0xFFD7, 0xFFD7, 0xFFD7, 0xFFD7, 0xFFD7, 0xFFD7, 0x7B28, 0x7B28, 0x7B28, 0xFFD7, 0xFFD7, 0xFFB7,
0xFFB7, 0xFFB7, 0xFFB7, 0xFFB7, 0xFFB7, 0xFFB7, 0xFFB6, 0xFF96, 0xFF96, 0xFF96, 0xFF96, 0xFF96, 0xB50E, 0xB50E, 0xB4EE, 0xB4EE,
0xB4EE, 0xB4ED, 0xB4ED, 0xB4ED, 0xB4ED, 0xB4ED, 0xB4ED, 0xB4ED, 0xB4CD, 0xB4CD, 0xB4CD, 0xB4CD, 0xFF35, 0xFF35, 0xFF35, 0xF715,
0xF715, 0xF715, 0xF715, 0xF715, 0xF6F5, 0xF6F5, 0xF6F4, 0xF6F4, 0xF6F4, 0xEED4, 0x6286, 0x6286, 0x6286, 0xEED4, 0xEED4, 0xEED4,
0xEEB4, 0xEEB4, 0xEEB4, 0xEEB4, 0xE693, 0xE693, 0xE693, 0xE673, 0x5A46, 0x5A46, 0x5A46, 0x5A46, 0x5A46, 0x5A46, 0x5307, 0x5307,
0x5307, 0x5307, 0x5307, 0x5307, 0x5307, 0x5307, 0x5307, 0x5307, 0x5307, 0x5307, 0x5307, 0x5307, 0x5307, 0x5307, 0x5307, 0x5307,
0x5307, 0x5307, 0x5307, 0x5307, 0x5307, 0x5307, 0x5307, 0x5307, 0x5307, 0x5307, 0x5307, 0x5307, 0x5307, 0x5307, 0x5307, 0x5307,
0x5307, 0x5307, 0x5307, 0x5307, 0x5307, 0x5307, 0x5307, 0x5307, 0x5307, 0x5307, 0x5307, 0x5307, 0x5307, 0x5307, 0x5307, 0x5307,
0x5307, 0x5307, 0x5307, 0x5307, 0x5307, 0x5307, 0x5307, 0x5307, 0x5307, 0x5307, 0x5307, 0x5307, 0xF736, 0xF736, 0xF736, 0xF736,
0xF736, 0xF736, 0xF736, 0xF736, 0xF736, 0xF736, 0x5307, 0x5307, 0x5307, 0x5307, 0x5307, 0x5307, 0x5307, 0x5307, 0x5307, 0x5307,
0x5307, 0x5307, 0x5307, 0x5307, 0x5307, 0x5307, 0x5307, 0x5307, 0x5307, 0x5307, 0x5307, 0x5307, 0x5307, 0x5307, 0x5307, 0x5307,
0x5307, 0x5307, 0x5A46, 0x5A46, 0x5A46, 0x5A46, 0x5A46, 0x5A46, 0xE673, 0xE673, 0xE693, 0xE693, 0xE694, 0xEEB4, 0xEEB4, 0xEEB4,
0xEEB4, 0xEEB4, 0xEED4, 0xEED4, 0xEED4, 0xEED4, 0xEED4, 0xEEF4, 0xF6F4, 0xF6F4, 0x6286, 0x62A6, 0x62A6, 0xF6F5, 0xF715, 0xF715,
0xACCD, 0xACCD, 0xACCD, 0xACCD, 0xB4CD, 0xB4CD, 0xB4CD, 0xB4CD, 0xB4CD, 0xB4CD, 0xB4ED, 0xB4ED, 0xB4ED, 0xB4ED, 0xB4ED, 0xB4ED,
0xFF76, 0xFF76, 0x72E7, 0x72E7, 0x72E7, 0xFF96, 0xFF96, 0xFF96, 0xFF96, 0xFF96, 0xFF97, 0xFFB7, 0xFFB7, 0xFFB7, 0xFFB7, 0xFFB7,
0xFFB7, 0xFFB7, 0xFFD7, 0xFFD7, 0xFFD7, 0xFFD7, 0xFFD7, 0xFFD7, 0xFFD7, 0xFFD7, 0x7B28, 0x7B28, 0x7B28, 0xFFD7, 0xFFD7, 0xFFB7,
0xFFB7, 0xFFB7, 0xFFB7, 0xFFB7, 0xFFB7, 0xFFB7, 0xFF97, 0xFF96, 0xFF96, 0xFF96, 0xFF96, 0xFF96, 0xB50E, 0xB50E, 0xB4EE, 0xB4EE,
0xB4ED, 0xB4ED, 0xB4ED, 0xB4ED, 0xB4ED, 0xB4ED, 0xB4ED, 0xB4CD, 0xB4CD, 0xB4CD, 0xB4CD, 0xB4CD, 0xFF35, 0xFF35, 0xFF15, 0xF715,
0xF715, 0xF715, 0xF715, 0xF6F5, 0xF6F5, 0xF6F5, 0xF6F5, 0xF6F4, 0xF6F4, 0xEEF4, 0x6286, 0x6286, 0x6286, 0xEED4, 0xEED4, 0xEEB4,
0xEEB4, 0xEEB4, 0xEEB4, 0xEEB4, 0xE693, 0xE693, 0xE693, 0xE673, 0x5A46, 0x5A46, 0x5A46, 0x5A46, 0x5A46, 0x5A46, 0x5307, 0x5307,
0x5307, 0x5307, 0x5307, 0x5307, 0x5307, 0x5307, 0x5307, 0x5307, 0x5307, 0x5307, 0x5307, 0x5307, 0x5307, 0x5307, 0x5307, 0x5307,
0x5307, 0x5307, 0x5307, 0x5307, 0x5307, 0x5307, 0x5307, 0x5307, 0x5307, 0x5307, 0x5307, 0x5307, 0x5307, 0x5307, 0x5307, 0x5307,
0x5307, 0x5307, 0x5307, 0x5307, 0x5307, 0x5307, 0x5307, 0x5307, 0x5307, 0x5307, 0x5307, 0x5307, 0x5307, 0x5307, 0x5307, 0x5307,
0x5307, 0x5307, 0x5307, 0x5307, 0x5307, 0x5307, 0x5307, 0x5307, 0x5307, 0x5307, 0x5307, 0x5307, 0xF736, 0xF736, 0xF736, 0xF736,
0xF736, 0xF736, 0xF736, 0xF736, 0xF736, 0xF736, 0x5307, 0x5307, 0x5307, 0x5307, 0x5307, 0x5307, 0x5307, 0x5307, 0x5307, 0x5307,
0x5307, 0x5307, 0x5307, 0x5307, 0x5307, 0x5307, 0x5307, 0x5307, 0x5307, 0x5307, 0x5307, 0x5307, 0x5307, 0x5307, 0x5307, 0x5307,
0x5307, 0x5307, 0x5A46, 0x5A46, 0x5A46, 0x5A46, 0x5A46, 0x5A46, 0xE673, 0xE673, 0xE693, 0xE693, 0xE694, 0xEEB4, 0xEEB4, 0xEEB4,
0xEEB4, 0xEEB4, 0xEED4, 0xEED4, 0xEED4, 0xEED4, 0xEED4, 0xEEF4, 0xF6F4, 0xF6F4, 0x6286, 0x6286, 0x62A6, 0xF6F5, 0xF715, 0xF715,
0xACCD, 0xACCD, 0xACCD, 0xACCD, 0xACCD, 0xB4CD, 0xB4CD, 0xB4CD, 0xB4CD, 0xB4CD, 0xB4ED, 0xB4ED, 0xB4ED, 0xB4ED, 0xB4ED, 0xB4ED,
0xFF76, 0xFF76, 0x72E7, 0x72E7, 0x72E7, 0xFF96, 0xFF96, 0xFF96, 0xFF96, 0xFF97, 0xFF97, 0xFFB7, 0xFFB7, 0xFFB7, 0xFFB7, 0xFFB7,
0xFFB7, 0xFFD7, 0xFFD7, 0xFFD7, 0xFFD7, 0xFFD7, 0xFFD7, 0xFFD7, 0xFFD7, 0xFFD7, 0x7B28, 0x7B28, 0x7B28, 0xFFD7, 0xFFD7, 0xFFD7,
0xFFB7, 0xFFB7, 0xFFB7, 0xFFB7, 0xFFB7, 0xFFB7, 0xFF97, 0xFF97, 0xFF96, 0xFF96, 0xFF96, 0xFF96, 0xB50E, 0xB4EE, 0xB4EE, 0xB4EE,
0xB4ED, 0xB4ED, 0xB4ED, 0xB4ED, 0xB4ED, 0xB4ED, 0xB4ED, 0xB4CD, 0xB4CD, 0xB4CD, 0xB4CD, 0xB4CD, 0xFF35, 0xFF35, 0xF715, 0xF715,
0xF715, 0xF715, 0xF715, 0xF6F5, 0xF6F5, 0xF6F5, 0xF6F5, 0xF6F4, 0xF6F4, 0xEEF4, 0x6286, 0x6286, 0x6286, 0xEED4, 0xEED4, 0xEEB4,
0xEEB4, 0xEEB4, 0xEEB4, 0xEEB4, 0xE693, 0xE693, 0xE693, 0xE673, 0x5A46, 0x5A46, 0x5A46, 0x5A46, 0x5A46, 0x5A46, 0x5307, 0x5307,
0x5307, 0x5307, 0x5307, 0x5307, 0x5307, 0x5307, 0x5307, 0x5307, 0x5307, 0x5307, 0x5307, 0x5307, 0x5307, 0x5307, 0x5307, 0x5307,
0x5307, 0x5307, 0x5307, 0x5307, 0x5307, 0x5307, 0x5307, 0x5307, 0x5307, 0x5307, 0x5307, 0x5307, 0x5307, 0x5307, 0x5307, 0x5307,
0x5307, 0x5307, 0x5307, 0x5307, 0x5307, 0x5307, 0x5307, 0x5307, 0x5307, 0x5307, 0x5307, 0x5307, 0x5307, 0x5307, 0x5307, 0x5307,
0x5307, 0x5307, 0x5307, 0x5307, 0x5307, 0x5307, 0x5307, 0x5307, 0x5307, 0x5307, 0x5307, 0x5307, 0xF736, 0xF736, 0xF736, 0xF736,
0xF736, 0xF736, 0xF736, 0xF736, 0xF736, 0xF736, 0x5307, 0x5307, 0x5307, 0x5307, 0x5307, 0x5307, 0x5307, 0x5307, 0x5307, 0x5307,
0x5307, 0x5307, 0x5307, 0x5307, 0x5307, 0x5307, 0x5307, 0x5307, 0x5307, 0x5307, 0x5307, 0x5307, 0x5307, 0x5307, 0x5307, 0x5307,
0x5307, 0x5307, 0x5A46, 0x5A46, 0x5A46, 0x5A46, 0x5A46, 0x5A46, 0xE673, 0xE673, 0xE693, 0xE693, 0xE694, 0xEEB4, 0xEEB4, 0xEEB4,
0xEEB4, 0xEEB4, 0xEED4, 0xEED4, 0xEED4, 0xEED4, 0xEED4, 0xEEF4, 0xF6F4, 0xF6F4, 0x6286, 0x6286, 0x62A6, 0xF715, 0xF715, 0xF715,
0xACAD, 0xACCD, 0xACCD, 0xACCD, 0xACCD, 0xB4CD, 0xB4CD, 0xB4CD, 0xB4CD, 0xB4CD, 0xB4ED, 0xB4ED, 0xB4ED, 0xB4ED, 0xB4ED, 0xB4ED,
0xFF76, 0xFF76, 0x72E7, 0x72E7, 0x72E7, 0xFF96, 0xFF96, 0xFF96, 0xFF96, 0xFF97, 0xFFB7, 0xFFB7, 0xFFB7, 0xFFB7, 0xFFB7, 0xFFB7,
0xFFD7, 0xFFD7, 0xFFD7, 0xFFD7, 0xFFD7, 0xFFD7, 0xFFD7, 0xFFD7, 0xFFD7, 0xFFD7, 0x7B28, 0x7B28, 0x7B28, 0xFFD7, 0xFFD7, 0xFFD7,
0xFFD7, 0xFFB7, 0xFFB7, 0xFFB7, 0xFFB7, 0xFFB7, 0xFFB7, 0xFF97, 0xFF96, 0xFF96, 0xFF96, 0xFF96, 0xB50E, 0xB4EE, 0xB4EE, 0xB4EE,
0xB4ED, 0xB4ED, 0xB4ED, 0xB4ED, 0xB4ED, 0xB4ED, 0xB4ED, 0xB4CD, 0xB4CD, 0xB4CD, 0xB4CD, 0xB4CD, 0xFF35, 0xFF35, 0xF715, 0xF715,
0xF715, 0xF715, 0xF715, 0xF715, 0xF6F5, 0xF6F5, 0xF6F5, 0xF6F4, 0xF6F4, 0xEEF4, 0x6286, 0x6286, 0x6286, 0xEED4, 0xEED4, 0xEEB4,
0xEEB4, 0xEEB4, 0xEEB4, 0xEEB4, 0xE693, 0xE693, 0xE693, 0xE673, 0x5A46, 0x5A46, 0x5A46, 0x5A46, 0x5A46, 0x5A46, 0x5307, 0x5307,
0x5307, 0x5307, 0x5307, 0x5307, 0x5307, 0x5307, 0x5307, 0x5307, 0x5307, 0x5307, 0x5307, 0x5307, 0x5307, 0x5307, 0x5307, 0x5307,
0x5307, 0x5307, 0x5307, 0x5307, 0x5307, 0x5307, 0x5307, 0x5307, 0x5307, 0x5307, 0x5307, 0x5307, 0x5307, 0x5307, 0x5307, 0x5307,
0x5307, 0x5307, 0x5307, 0x5307, 0x5307, 0x5307, 0x5307, 0x5307, 0x5307, 0x5307, 0x5307, 0x5307, 0x5307, 0x5307, 0x5307, 0x5307,
0x5307, 0x5307, 0x5307, 0x5307, 0x5307, 0x5307, 0x5307, 0x5307, 0x5307, 0x5307, 0x5307, 0x5307, 0xF736, 0xF736, 0xF736, 0xF736,
0xF736, 0xF736, 0xF736, 0xF736, 0xF736, 0xF736, 0x5307, 0x5307, 0x5307, 0x5307, 0x5307, 0x5307, 0x5307, 0x5307, 0x5307, 0x5307,
0x5307, 0x5307, 0x5307, 0x5307, 0x5307, 0x5307, 0x5307, 0x5307, 0x5307, 0x5307, 0x5307, 0x5307, 0x5307, 0x5307, 0x5307, 0x5307,
0x5307, 0x5307, 0x5A46, 0x5A46, 0x5A46, 0x5A46, 0x5A46, 0x5A46, 0xE673, 0xE693, 0xE693, 0xE693, 0xEE94, 0xEEB4, 0xEEB4, 0xEEB4,
0xEEB4, 0xEEB4, 0xEED4, 0xEED4, 0xEED4, 0xEED4, 0xEED4, 0xEEF4, 0xF6F4, 0xF6F4, 0x6286, 0x6286, 0x62A6, 0xF715, 0xF715, 0xF715,
0xACAD, 0xACCD, 0xACCD, 0xACCD, 0xACCD, 0xB4CD, 0xB4CD, 0xB4CD, 0xB4CD, 0xB4CD, 0xB4CD, 0xB4ED, 0xB4ED, 0xB4ED, 0xB4ED, 0xB4ED,
0xFF76, 0xFF76, 0x72E7, 0x72E7, 0x72E7, 0xFF96, 0xFF96, 0xFF96, 0xFF96, 0xFFB7, 0xFFB7, 0xFFB7, 0xFFB7, 0xFFB7, 0xFFB7, 0xFFB7,
0xFFB7, 0xFFD7, 0xFFD7, 0xFFD7, 0xFFD7, 0xFFD7, 0xFFD7, 0xFFD7, 0xFFF7, 0xFFD7, 0x7B28, 0x7B28, 0x7B28, 0xFFD7, 0xFFD7, 0xFFD7,
0xFFB7, 0xFFB7, 0xFFB7, 0xFFB7, 0xFFB7, 0xFFB7, 0xFFB7, 0xFFB7, 0xFF96, 0xFF96, 0xFF96, 0xFF96, 0xB50E, 0xB4EE, 0xB4EE, 0xB4ED,
0xB4ED, 0xB4ED, 0xB4ED, 0xB4ED, 0xB4ED, 0xB4ED, 0xB4CD, 0xB4CD, 0xB4CD, 0xB4CD, 0xB4CD, 0xB4CD, 0xFF35, 0xFF35, 0xF715, 0xF715,
0xF715, 0xF715, 0xF715, 0xF715, 0xF6F5, 0xF6F5, 0xF6F4, 0xF6F4, 0xF6F4, 0xEEF4, 0x6286, 0x6286, 0x6286, 0xEED4, 0xEED4, 0xEEB4,
0xEEB4, 0xEEB4, 0xEEB4, 0xEEB4, 0xE693, 0xE693, 0xE693, 0xE693, 0x5A46, 0x5A46, 0x5A46, 0x5A46, 0x5A46, 0x5A46, 0x5307, 0x5307,
0x5307, 0x5307, 0x5307, 0x28E2, 0x28E2, 0x28E2, 0x28E2, 0x28E2, 0x4983, 0x4983, 0x4983, 0x4983, 0x4983, 0x4983, 0x4983, 0x4983,
0x4983, 0x4983, 0x4983, 0x4983, 0x4983, 0x4983, 0x4983, 0x4983, 0x4983, 0x4983, 0x4983, 0x4983, 0x4983, 0x4983, 0x4983, 0x4983,
0x4983, 0x4983, 0x4983, 0x4983, 0x4983, 0x4983, 0x4983, 0x4983, 0x4983, 0x4983, 0x4983, 0x5307, 0x5307, 0x5307, 0x5307, 0x5307,
0x5307, 0x5307, 0x5307, 0x5307, 0x5307, 0x5307, 0x5307, 0x5307, 0x5307, 0x5307, 0x5307, 0x5307, 0xF736, 0xF736, 0xF736, 0xF736,
0xF736, 0xF736, 0xF736, 0xF736, 0xF736, 0xF736, 0x5307, 0x5307, 0x5307, 0x5307, 0x5307, 0x5307, 0x5307, 0x5307, 0x5307, 0x5307,
0x5307, 0x5307, 0x5307, 0x5307, 0x5307, 0x5307, 0x5307, 0x5307, 0x5307, 0x5307, 0x5307, 0x5307, 0x5307, 0x5307, 0x5307, 0x5307,
0x5307, 0x5307, 0x5A46, 0x5A46, 0x5A46, 0x5A46, 0x5A46, 0x5A46, 0xE673, 0xE693, 0xE693, 0xE693, 0xE6B4, 0xEEB4, 0xEEB4, 0xEEB4,
0xEEB4, 0xEEB4, 0xEEB4, 0xEED4, 0xEED4, 0xEED4, 0xEED4, 0xF6D4, 0xF6F4, 0xF6F4, 0x6286, 0x6286, 0x62A6, 0xF715, 0xF715, 0xF715,
0xACAD, 0xACCD, 0xACCD, 0xACCD, 0xACCD, 0xACCD, 0xB4CD, 0xB4CD, 0xB4CD, 0xB4CD, 0xB4CD, 0xB4ED, 0xB4ED, 0xB4ED, 0xB4ED, 0xB4ED,
0xFF76, 0xFF76, 0x72E7, 0x72E7, 0x72E7, 0xFF96, 0xFF96, 0xFF96, 0xFF96, 0xFF96, 0xFFB7, 0xFFB7, 0xFFB7, 0xFFB7, 0xFFB7, 0xFFB7,
0xFFB7, 0xFFD7, 0xFFD7, 0xFFD7, 0xFFD7, 0xFFD7, 0xFFD7, 0xFFD7, 0xFFF7, 0xFFD7, 0x7B28, 0x7B28, 0x7B28, 0xFFD7, 0xFFD7, 0xFFD7,
0xFFB7, 0xFFB7, 0xFFB7, 0xFFB7, 0xFFB7, 0xFFB7, 0xFFB7, 0xFF96, 0xFF96, 0xFF96, 0xFF96, 0xFF96, 0xB4EE, 0xB4EE, 0xB4EE, 0xB4ED,
0xB4ED, 0xB4ED, 0xB4ED, 0xB4ED, 0xB4ED, 0xB4ED, 0xB4CD, 0xB4CD, 0xB4CD, 0xB4CD, 0xB4CD, 0xACCD, 0xFF35, 0xFF15, 0xFF15, 0xF715,
0xF715, 0xF715, 0xF715, 0xF715, 0xF6F5, 0xF6F5, 0xF6F4, 0xF6F4, 0xF6F4, 0xF6D4, 0x6286, 0x6286, 0x6286, 0xEED4, 0xEEB4, 0xEEB4,
0xEEB4, 0xEEB4, 0xEEB4, 0xEEB4, 0xE693, 0xE693, 0xE693, 0xE693, 0x5A46, 0x5A46, 0x5A46, 0x5A46, 0x5A46, 0x5A46, 0x5307, 0x5307,
0x5307, 0x5307, 0x5307, 0x28E2, 0x28E2, 0x28E2, 0x28E2, 0x28E2, 0x4983, 0x4983, 0x4983, 0x4983, 0x4983, 0x4983, 0x4983, 0x4983,
0x4983, 0x4983, 0x4983, 0x4983, 0x4983, 0x4983, 0x4983, 0x4983, 0x4983, 0x4983, 0x4983, 0x4983, 0x4983, 0x4983, 0x4983, 0x4983,
0x4983, 0x4983, 0x4983, 0x4983, 0x4983, 0x4983, 0x4983, 0x4983, 0x4983, 0x4983, 0x4983, 0x5307, 0x5307, 0x5307, 0x5307, 0x5307,
0x5307, 0x5307, 0x5307, 0x5307, 0x5307, 0x5307, 0x5307, 0x5307, 0x5307, 0x5307, 0x5307, 0x5307, 0xF736, 0xF736, 0xF736, 0xF736,
0xF736, 0xF736, 0xF736, 0xF736, 0xF736, 0xF736, 0x5307, 0x5307, 0x5307, 0x5307, 0x5307, 0x5307, 0x5307, 0x5307, 0x5307, 0x5307,
0x5307, 0x5307, 0x5307, 0x5307, 0x5307, 0x5307, 0x5307, 0x5307, 0x5307, 0x5307, 0x5307, 0x5307, 0x5307, 0x5307, 0x5307, 0x5307,
0x5307, 0x5307, 0x5A46, 0x5A46, 0x5A46, 0x5A46, 0x5A46, 0x5A46, 0xE673, 0xE693, 0xE693, 0xE693, 0xE6B4, 0xEEB4, 0xEEB4, 0xEEB4,
0xEEB4, 0xEEB4, 0xEEB4, 0xEED4, 0xEED4, 0xEED4, 0xEED4, 0xF6D4, 0xF6F4, 0xF6F4, 0x6286, 0x6286, 0x6286, 0xF715, 0xF715, 0xF715,
0xF715, 0xF715, 0xFF15, 0xFF35, 0xFF35, 0xFF35, 0xFF35, 0xFF35, 0xFF35, 0xFF55, 0xFF55, 0xFF56, 0xFF56, 0xFF56, 0xFF76, 0xFF76,
0xFF76, 0xFF76, 0x6AE7, 0x72E7, 0x72E7, 0xFF96, 0xFF96, 0xFF96, 0xFF96, 0xFF96, 0xFFB7, 0xFFB7, 0xFFB7, 0xFFB7, 0xFFB7, 0xFFB7,
0xFFD7, 0xFFD7, 0xFFD7, 0xFFD7, 0xFFD7, 0xFFD7, 0xFFD7, 0xFFD7, 0xFFF7, 0xFFD7, 0x7B28, 0x7B28, 0x7B28, 0xFFD7, 0xFFD7, 0xFFD7,
0xFFD7, 0xFFB7, 0xFFB7, 0xFFB7, 0xFFB7, 0xFFB7, 0xFFB7, 0xFF96, 0xFF96, 0xFF96, 0xFF96, 0xFF96, 0xFF96, 0xFF76, 0xFF76, 0xFF76,
0xFF76, 0xFF76, 0x6AC7, 0x6AC7, 0x6AC7, 0xFF56, 0xFF55, 0xFF55, 0xFF35, 0xFF35, 0xFF35, 0xFF35, 0xFF35, 0xFF35, 0xFF15, 0xF715,
0xF715, 0xF715, 0xF715, 0xF715, 0xF6F5, 0xF6F5, 0xF6F4, 0xF6F4, 0xF6F4, 0xF6D4, 0x6286, 0x6286, 0x6286, 0xEED4, 0xEEB4, 0xEEB4,
0xEEB4, 0xEEB4, 0xEEB4, 0xEEB4, 0xE693, 0xE693, 0xE693, 0xE693, 0x5A46, 0x5A46, 0x5A46, 0x5A46, 0x5A46, 0x5A46, 0x5307, 0x5307,
0x5307, 0x5307, 0x5307, 0x28E2, 0x28E2, 0x28E2, 0x28E2, 0x28E2, 0x4983, 0x4983, 0x4983, 0x4983, 0x4983, 0x4983, 0x4983, 0x4983,
0x4983, 0x4983, 0x4983, 0x4983, 0x4983, 0x4983, 0x4983, 0x4983, 0x4983, 0x4983, 0x4983, 0x4983, 0x4983, 0x4983, 0x4983, 0x4983,
0x4983, 0x4983, 0x4983, 0x4983, 0x4983, 0x4983, 0x4983, 0x4983, 0x4983, 0x4983, 0x4983, 0x5307, 0x5307, 0x5307, 0x5307, 0x5307,
0x5307, 0x5307, 0x5307, 0x5307, 0x5307, 0x5307, 0x5307, 0x5307, 0x5307, 0x5307, 0x5307, 0x5307, 0xF736, 0xF736, 0xF736, 0xF736,
0xF736, 0xF736, 0xF736, 0xF736, 0xF736, 0xF736, 0x5307, 0x5307, 0x5307, 0x5307, 0x5307, 0x5307, 0x5307, 0x5307, 0x5307, 0x5307,
0x5307, 0x5307, 0x5307, 0x5307, 0x5307, 0x5307, 0x5307, 0x5307, 0x5307, 0x5307, 0x5307, 0x5307, 0x5307, 0x5307, 0x5307, 0x5307,
0x5307, 0x5307, 0x5A46, 0x5A46, 0x5A46, 0x5A46, 0x5A46, 0x5A46, 0xE673, 0xE693, 0xE693, 0xE693, 0xE6B4, 0xEEB4, 0xEEB4, 0xEEB4,
0xEEB4, 0xEEB4, 0xEEB4, 0xEED4, 0xEED4, 0xEED4, 0xEED4, 0xEED4, 0xF6F4, 0xF6F4, 0x6286, 0x6286, 0x6286, 0xF715, 0xF715, 0xF715,
0xF715, 0xF715, 0xFF15, 0xFF35, 0xFF35, 0xFF35, 0xFF35, 0xFF35, 0xFF35, 0xFF55, 0xFF55, 0xFF56, 0xFF56, 0xFF56, 0xFF76, 0xFF76,
0xFF76, 0xFF76, 0x6AE7, 0x72E7, 0x72E7, 0xFF96, 0xFF96, 0xFF96, 0xFF96, 0xFF96, 0xFFB7, 0xFFB7, 0xFFB7, 0xFFB7, 0xFFB7, 0xFFD7,
0xFFD7, 0xFFD7, 0xFFD7, 0xFFD7, 0xFFD7, 0xFFD7, 0xFFF7, 0xFFF7, 0xFFF7, 0xFFF7, 0x7B28, 0x7B28, 0x7B28, 0xFFD7, 0xFFD7, 0xFFD7,
0xFFD7, 0xFFD7, 0xFFB7, 0xFFB7, 0xFFB7, 0xFFB7, 0xFFB7, 0xFF96, 0xFF96, 0xFF96, 0xFF96, 0xFF96, 0xFF96, 0xFF76, 0xFF76, 0xFF76,
0xFF76, 0xFF76, 0x6AC7, 0x6AC7, 0x6AC7, 0xFF56, 0xFF55, 0xFF55, 0xFF35, 0xFF35, 0xFF35, 0xFF35, 0xFF35, 0xFF35, 0xFF15, 0xF715,
0xF715, 0xF715, 0xF715, 0xF715, 0xF6F5, 0xF6F4, 0xF6F4, 0xF6F4, 0xF6F4, 0xEED4, 0x6286, 0x6286, 0x6286, 0xEED4, 0xEEB4, 0xEEB4,
0xEEB4, 0xEEB4, 0xEEB4, 0xEEB4, 0xE693, 0xE693, 0xE693, 0xE693, 0x5A46, 0x5A46, 0x5A46, 0x5A46, 0x5A46, 0x5A46, 0x5307, 0x5307,
0x5307, 0x5307, 0x5307, 0x28E2, 0x28E2, 0x28E2, 0x28E2, 0x28E2, 0x4983, 0x4983, 0x4983, 0x4983, 0x4983, 0x4983, 0x4983, 0x4983,
0x4983, 0x4983, 0x4983, 0x4983, 0x4983, 0x4983, 0x4983, 0x4983, 0x4983, 0x4983, 0x4983, 0x4983, 0x4983, 0x4983, 0x4983, 0x4983,
0x4983, 0x4983, 0x4983, 0x4983, 0x4983, 0x4983, 0x4983, 0x4983, 0x4983, 0x4983, 0x4983, 0x5307, 0x5307, 0x5307, 0x5307, 0x5307,
0x5307, 0x5307, 0x5307, 0x5307, 0x5307, 0x5307, 0x5307, 0x5307, 0x5307, 0x5307, 0x5307, 0x5307, 0xF736, 0xF736, 0xF736, 0xF736,
0xF736, 0xF736, 0xF736, 0xF736, 0xF736, 0xF736, 0x5307, 0x5307, 0x5307, 0x5307, 0x5307, 0x5307, 0x5307, 0x5307, 0x5307, 0x5307,
0x5307, 0x5307, 0x5307, 0x5307, 0x5307, 0x5307, 0x5307, 0x5307, 0x5307, 0x5307, 0x5307, 0x5307, 0x5307, 0x5307, 0x5307, 0x5307,
0x5307, 0x5307, 0x5A46, 0x5A46, 0x5A46, 0x5A46, 0x5A46, 0x5A46, 0xE673, 0xE693, 0xE693, 0xE693, 0xE6B3, 0xEEB4, 0xEEB4, 0xEEB4,
0xEEB4, 0xEEB4, 0xEED4, 0xEED4, 0xEED4, 0xEED4, 0xEED4, 0xEED4, 0xF6F4, 0xF6F4, 0x6286, 0x6286, 0x6286, 0xF715, 0xF715, 0xF715,
0xF715, 0xF715, 0xFF15, 0xFF35, 0xFF35, 0xFF35, 0xFF35, 0xFF35, 0xFF35, 0xFF55, 0xFF56, 0xFF56, 0xFF56, 0xFF56, 0xFF76, 0xFF76,
0xFF76, 0xFF76, 0x6AE7, 0x72E7, 0x72E7, 0xFF96, 0xFF96, 0xFF96, 0xFF96, 0xFF97, 0xFFB7, 0xFFB7, 0xFFB7, 0xFFB7, 0xFFB7, 0xFFD7,
0xFFD7, 0xFFD7, 0xFFD7, 0xFFD7, 0xFFD7, 0xFFD7, 0xFFD7, 0xFFF7, 0xFFF7, 0xFFF7, 0x7B28, 0x7B28, 0x7B28, 0xFFD7, 0xFFD7, 0xFFD7,
0xFFD7, 0xFFD7, 0xFFB7, 0xFFB7, 0xFFB7, 0xFFB7, 0xFFB7, 0xFF97, 0xFF96, 0xFF96, 0xFF96, 0xFF96, 0xFF96, 0xFF96, 0xFF76, 0xFF76,
0xFF76, 0xFF76, 0x6AC7, 0x6AC7, 0x6AC7, 0xFF56, 0xFF56, 0xFF55, 0xFF35, 0xFF35, 0xFF35, 0xFF35, 0xFF35, 0xFF35, 0xFF15, 0xF715,
0xF715, 0xF715, 0xF715, 0xF715, 0xF6F5, 0xF6F4, 0xF6F4, 0xF6F4, 0xF6F4, 0xEED4, 0x6286, 0x6286, 0x6286, 0xEED4, 0xEED4, 0xEEB4,
0xEEB4, 0xEEB4, 0xEEB4, 0xEEB4, 0xE693, 0xE693, 0xE693, 0xE693, 0x5A46, 0x5A46, 0x5A46, 0x5A46, 0x5A46, 0x5A46, 0x5307, 0x5307,
0x5307, 0x5307, 0x5307, 0x28E2, 0x28E2, 0x28E2, 0x28E2, 0x28E2, 0x4983, 0x4983, 0x4983, 0x4983, 0x4983, 0x4983, 0x4983, 0x4983,
0x4983, 0x4983, 0x4983, 0x4983, 0x4983, 0x4983, 0x4983, 0x4983, 0x4983, 0x4983, 0x4983, 0x4983, 0x4983, 0x4983, 0x4983, 0x4983,
0x4983, 0x4983, 0x4983, 0x4983, 0x4983, 0x4983, 0x4983, 0x4983, 0x4983, 0x4983, 0x4983, 0x5307, 0x5307, 0x5307, 0x5307, 0x5307,
0x5307, 0x5307, 0x5307, 0x5307, 0x5307, 0x5307, 0x5307, 0x5307, 0x5307, 0x5307, 0x5307, 0x5307, 0xF736, 0xF736, 0xF736, 0xF736,
0xF736, 0xF736, 0xF736, 0xF736, 0xF736, 0xF736, 0x5307, 0x5307, 0x5307, 0x5307, 0x5307, 0x5307, 0x5307, 0x5307, 0x5307, 0x5307,
0x5307, 0x5307, 0x5307, 0x5307, 0x5307, 0x5307, 0x5307, 0x5307, 0x5307, 0x5307, 0x5307, 0x5307, 0x5307, 0x5307, 0x5307, 0x5307,
0x5307, 0x5307, 0x5A46, 0x5A46, 0x5A46, 0x5A46, 0x5A46, 0x5A46, 0xE673, 0xE693, 0xE693, 0xE693, 0xE693, 0xE6B4, 0xEEB4, 0xEEB4,
0xEEB4, 0xEEB4, 0xEED4, 0xEED4, 0xEED4, 0xEED4, 0xEED4, 0xEED4, 0xF6D4, 0xF6F4, 0x6286, 0x6286, 0x6286, 0xF6F5, 0xF715, 0xF715,
0xF715, 0xF715, 0xF715, 0xFF35, 0xFF35, 0xFF35, 0xFF35, 0xFF35, 0xFF35, 0xFF55, 0xFF56, 0xFF56, 0xFF56, 0xFF56, 0xFF56, 0xFF76,
0xFF76, 0xFF76, 0x6AE7, 0x72E7, 0x72E7, 0xFF96, 0xFF96, 0xFF96, 0xFF96, 0xFF97, 0xFFB7, 0xFFB7, 0xFFB7, 0xFFB7, 0xFFB7, 0xFFB7,
0xFFD7, 0xFFD7, 0xFFD7, 0xFFD7, 0xFFD7, 0xFFD7, 0xFFD7, 0xFFF7, 0xFFF7, 0xFFF7, 0x7B28, 0x7B28, 0x7B28, 0xFFD7, 0xFFD7, 0xFFD7,
0xFFD7, 0xFFB7, 0xFFB7, 0xFFB7, 0xFFB7, 0xFFB7, 0xFFB7, 0xFF97, 0xFF96, 0xFF96, 0xFF96, 0xFF96, 0xFF96, 0xFF96, 0xFF76, 0xFF76,
0xFF76, 0xFF76, 0x6AC7, 0x6AC7, 0x6AC7, 0xFF56, 0xFF56, 0xFF55, 0xFF35, 0xFF35, 0xFF35, 0xFF35, 0xFF35, 0xFF35, 0xF715, 0xF715,
0xF715, 0xF715, 0xF715, 0xF6F5, 0xF6F5, 0xF6F4, 0xF6F4, 0xF6F4, 0xF6D4, 0xEED4, 0x6286, 0x6286, 0x6286, 0xEED4, 0xEED4, 0xEEB4,
0xEEB4, 0xEEB4, 0xEEB4, 0xE6B4, 0xE693, 0xE693, 0xE693, 0xE693, 0x5A46, 0x5A46, 0x5A46, 0x5A46, 0x5A46, 0x5A46, 0x5307, 0x5307,
0x5307, 0x5307, 0x5307, 0x28E2, 0x28E2, 0x28E2, 0x28E2, 0x28E2, 0x4983, 0x4983, 0x4983, 0x4983, 0x4983, 0x4983, 0x4983, 0x4983,
0x4983, 0x4983, 0x4983, 0x4983, 0x4983, 0x4983, 0x4983, 0x4983, 0x4983, 0x4983, 0x4983, 0x4983, 0x4983, 0x4983, 0x4983, 0x4983,
0x4983, 0x4983, 0x4983, 0x4983, 0x4983, 0x4983, 0x4983, 0x4983, 0x4983, 0x4983, 0x4983, 0x5307, 0x5307, 0x5307, 0x5307, 0x5307,
0x5307, 0x5307, 0x5307, 0x5307, 0x5307, 0x5307, 0x5307, 0x5307, 0x5307, 0x5307, 0x5307, 0x5307, 0xF736, 0xF736, 0xF736, 0xF736,
0xF736, 0xF736, 0xF736, 0xF736, 0xF736, 0xF736, 0x5307, 0x5307, 0x5307, 0x5307, 0x5307, 0x5307, 0x5307, 0x5307, 0x5307, 0x5307,
0x5307, 0x5307, 0x5307, 0x5307, 0x5307, 0x5307, 0x5307, 0x5307, 0x5307, 0x5307, 0x5307, 0x5307, 0x5307, 0x5307, 0x5307, 0x5307,
0x5307, 0x5307, 0x5A46, 0x5A46, 0x5A46, 0x5A46, 0x5A46, 0x5A46, 0x5A46, 0x5A46, 0x5A46, 0x5A46, 0x5A66, 0x5A66, 0x5A66, 0x5A66,
0x5A66, 0x5A66, 0x6266, 0x6266, 0x6286, 0x6286, 0x6286, 0x6286, 0x6286, 0x6286, 0x6286, 0x6286, 0x6286, 0x6286, 0x62A6, 0x62A6,
0x62A6, 0x62A6, 0x62A6, 0x6AA6, 0x6AA7, 0x6AA7, 0x6AA7, 0x6AA7, 0x6AC7, 0x6AC7, 0x6AC7, 0x6AC7, 0x6AC7, 0x6AC7, 0x6AC7, 0x6AC7,
0x6AC7, 0x6AE7, 0x6AE7, 0x6AE7, 0x72E7, 0x72E7, 0x72E7, 0x72E7, 0x72E7, 0x72E7, 0x72E7, 0x7307, 0x7307, 0x7307, 0x7307, 0x7307,
0x7307, 0x7307, 0x7307, 0x7308, 0x7B08, 0x7B28, 0x7B28, 0x7B28, 0x7B28, 0x7B28, 0x7B28, 0x7B28, 0x7B08, 0x7308, 0x7307, 0x7307,
0x7307, 0x7307, 0x7307, 0x7307, 0x7307, 0x7307, 0x72E7, 0x72E7, 0x72E7, 0x72E7, 0x72E7, 0x72E7, 0x72E7, 0x6AE7, 0x6AE7, 0x6AE7,
0x6AC7, 0x6AC7, 0x6AC7, 0x6AC7, 0x6AC7, 0x6AC7, 0x6AC7, 0x6AC7, 0x6AC7, 0x6AA7, 0x6AA7, 0x6AA7, 0x6AA7, 0x6AA6, 0x62A6, 0x62A6,
0x62A6, 0x62A6, 0x62A6, 0x6286, 0x6286, 0x6286, 0x6286, 0x6286, 0x6286, 0x6286, 0x6286, 0x6286, 0x6286, 0x6266, 0x6266, 0x5A66,
0x5A66, 0x5A66, 0x5A66, 0x5A66, 0x5A46, 0x5A46, 0x5A46, 0x5A46, 0x5A46, 0x5A46, 0x5A46, 0x5A46, 0x5A46, 0x5A46, 0x5307, 0x5307,
0x5307, 0x5307, 0x5307, 0x28E2, 0x28E2, 0x28E2, 0x28E2, 0x28E2, 0x4983, 0x4983, 0x4983, 0x4983, 0x4983, 0x4983, 0x4983, 0x4983,
0x4983, 0x4983, 0x4983, 0x4983, 0x4983, 0x4983, 0x4983, 0x4983, 0x4983, 0x4983, 0x4983, 0x4983, 0x4983, 0x4983, 0x4983, 0x4983,
0x4983, 0x4983, 0x4983, 0x4983, 0x4983, 0x4983, 0x4983, 0x4983, 0x4983, 0x4983, 0x4983, 0x5307, 0x5307, 0x5307, 0x5307, 0x5307,
0x5307, 0x5307, 0x5307, 0x5307, 0x5307, 0x5307, 0x5307, 0x5307, 0x5307, 0x5307, 0x5307, 0x5307, 0xF736, 0xF736, 0xF736, 0xF736,
0xF736, 0xF736, 0xF736, 0xF736, 0xF736, 0xF736, 0x5307, 0x5307, 0x5307, 0x5307, 0x5307, 0x5307, 0x5307, 0x5307, 0x5307, 0x5307,
0x5307, 0x5307, 0x5307, 0x5307, 0x5307, 0x5307, 0x5307, 0x5307, 0x5307, 0x5307, 0x5307, 0x5307, 0x5307, 0x5307, 0x5307, 0x5307,
0x5307, 0x5307, 0x5A46, 0x5A46, 0x5A46, 0x5A46, 0x5A46, 0x5A46, 0x5A46, 0x5A46, 0x5A46, 0x5A46, 0x5A66, 0x5A66, 0x5A66, 0x5A66,
0x5A66, 0x5A66, 0x5A66, 0x6266, 0x6266, 0x6286, 0x6286, 0x6286, 0x6286, 0x6286, 0x6286, 0x6286, 0x6286, 0x6286, 0x62A6, 0x62A6,
0x62A6, 0x62A6, 0x62A6, 0x6AA6, 0x6AA7, 0x6AA7, 0x6AA7, 0x6AA7, 0x6AC7, 0x6AC7, 0x6AC7, 0x6AC7, 0x6AC7, 0x6AC7, 0x6AC7, 0x6AC7,
0x6AC7, 0x6AC7, 0x6AE7, 0x6AE7, 0x72E7, 0x72E7, 0x72E7, 0x72E7, 0x72E7, 0x72E7, 0x72E7, 0x7307, 0x7307, 0x7307, 0x7307, 0x7307,
0x7307, 0x7307, 0x7307, 0x7308, 0x7308, 0x7B28, 0x7B28, 0x7B28, 0x7B28, 0x7B28, 0x7B28, 0x7B28, 0x7308, 0x7308, 0x7307, 0x7307,
0x7307, 0x7307, 0x7307, 0x7307, 0x7307, 0x7307, 0x72E7, 0x72E7, 0x72E7, 0x72E7, 0x72E7, 0x72E7, 0x72E7, 0x6AE7, 0x6AE7, 0x6AC7,
0x6AC7, 0x6AC7, 0x6AC7, 0x6AC7, 0x6AC7, 0x6AC7, 0x6AC7, 0x6AC7, 0x6AC7, 0x6AA7, 0x6AA7, 0x6AA7, 0x6AA7, 0x6AA6, 0x62A6, 0x62A6,
0x62A6, 0x62A6, 0x62A6, 0x6286, 0x6286, 0x6286, 0x6286, 0x6286, 0x6286, 0x6286, 0x6286, 0x6286, 0x6266, 0x6266, 0x5A66, 0x5A66,
0x5A66, 0x5A66, 0x5A66, 0x5A66, 0x5A46, 0x5A46, 0x5A46, 0x5A46, 0x5A46, 0x5A46, 0x5A46, 0x5A46, 0x5A46, 0x5A46, 0x5307, 0x5307,
0x5307, 0x5307, 0x5307, 0x28E2, 0x28E2, 0x28E2, 0x28E2, 0x28E2, 0x4983, 0x4983, 0x4983, 0x4983, 0x4983, 0x4983, 0x4983, 0x4983,
0x4983, 0x4983, 0x4983, 0x4983, 0x4983, 0x4983, 0x4983, 0x4983, 0x4983, 0x4983, 0x4983, 0x4983, 0x4983, 0x4983, 0x4983, 0x4983,
0x4983, 0x4983, 0x4983, 0x4983, 0x4983, 0x4983, 0x4983, 0x4983, 0x4983, 0x4983, 0x4983, 0x5307, 0x5307, 0x5307, 0x5307, 0x5307,
0x5307, 0x5307, 0x5307, 0x5307, 0x5307, 0x5307, 0x5307, 0x5307, 0x5307, 0x5307, 0x5307, 0x5307, 0xF736, 0xF736, 0xF736, 0xF736,
0xF736, 0xF736, 0xF736, 0xF736, 0xF736, 0xF736, 0x5307, 0x5307, 0x5307, 0x5307, 0x5307, 0x5307, 0x5307, 0x5307, 0x5307, 0x5307,
0x5307, 0x5307, 0x5307, 0x5307, 0x5307, 0x5307, 0x5307, 0x5307, 0x5307, 0x5307, 0x5307, 0x5307, 0x5307, 0x5307, 0x5307, 0x5307,
0x5307, 0x5307, 0x5A46, 0x5A46, 0x5A46, 0x5A46, 0x5A46, 0x5A46, 0x5A46, 0x5A46, 0x5A46, 0x5A46, 0x5A66, 0x5A66, 0x5A66, 0x5A66,
0x5A66, 0x5A66, 0x5A66, 0x6266, 0x6266, 0x6286, 0x6286, 0x6286, 0x6286, 0x6286, 0x6286, 0x6286, 0x6286, 0x6286, 0x6286, 0x62A6,
0x62A6, 0x62A6, 0x62A6, 0x62A6, 0x6AA6, 0x6AA7, 0x6AA7, 0x6AA7, 0x6AC7, 0x6AC7, 0x6AC7, 0x6AC7, 0x6AC7, 0x6AC7, 0x6AC7, 0x6AC7,
0x6AC7, 0x6AC7, 0x6AE7, 0x6AE7, 0x72E7, 0x72E7, 0x72E7, 0x72E7, 0x72E7, 0x72E7, 0x72E7, 0x72E7, 0x7307, 0x7307, 0x7307, 0x7307,
0x7307, 0x7307, 0x7307, 0x7308, 0x7308, 0x7B28, 0x7B28, 0x7B28, 0x7B28, 0x7B28, 0x7B28, 0x7B28, 0x7308, 0x7308, 0x7307, 0x7307,
0x7307, 0x7307, 0x7307, 0x7307, 0x7307, 0x72E7, 0x72E7, 0x72E7, 0x72E7, 0x72E7, 0x72E7, 0x72E7, 0x72E7, 0x6AE7, 0x6AE7, 0x6AC7,
0x6AC7, 0x6AC7, 0x6AC7, 0x6AC7, 0x6AC7, 0x6AC7, 0x6AC7, 0x6AC7, 0x6AC7, 0x6AA7, 0x6AA7, 0x6AA7, 0x6AA6, 0x62A6, 0x62A6, 0x62A6,
0x62A6, 0x62A6, 0x6286, 0x6286, 0x6286, 0x6286, 0x6286, 0x6286, 0x6286, 0x6286, 0x6286, 0x6286, 0x6266, 0x6266, 0x5A66, 0x5A66,
0x5A66, 0x5A66, 0x5A66, 0x5A66, 0x5A46, 0x5A46, 0x5A46, 0x5A46, 0x5A46, 0x5A46, 0x5A46, 0x5A46, 0x5A46, 0x5A46, 0x5307, 0x5307,
0x5307, 0x5307, 0x5307, 0x28E2, 0x28E2, 0x28E2, 0x28E2, 0x28E2, 0x4983, 0x4983, 0x4983, 0x4983, 0x4983, 0x4983, 0x4983, 0x4983,
0x4983, 0x4983, 0x4983, 0x4983, 0x4983, 0x4983, 0x4983, 0x4983, 0x4983, 0x4983, 0x4983, 0x4983, 0x4983, 0x4983, 0x4983, 0x4983,
0x4983, 0x4983, 0x4983, 0x4983, 0x4983, 0x4983, 0x4983, 0x4983, 0x4983, 0x4983, 0x4983, 0x5307, 0x5307, 0x5307, 0x5307, 0x5307,
0x5307, 0x5307, 0x5307, 0x5307, 0x5307, 0x5307, 0x5307, 0x5307, 0x5307, 0x5307, 0x5307, 0x5307, 0xF736, 0xF736, 0xF736, 0xF736,
0xF736, 0xF736, 0xF736, 0xF736, 0xF736, 0xF736, 0x5307, 0x5307, 0x5307, 0x5307, 0x5307, 0x5307, 0x5307, 0x5307, 0x5307, 0x5307,
0x5307, 0x5307, 0x5307, 0x5307, 0x5307, 0x5307, 0x5307, 0x5307, 0x5307, 0x5307, 0x5307, 0x5307, 0x5307, 0x5307, 0x5307, 0x5307,
0x5307, 0x5307, 0x5A46, 0x5A46, 0x5A46, 0x5A46, 0x5A46, 0x5A46, 0xE693, 0xE693, 0xE693, 0xE693, 0xE693, 0xE693, 0xE6B4, 0xEEB4,
0xEEB4, 0xEEB4, 0xEEB4, 0xEED4, 0xEED4, 0xEED4, 0xEED4, 0xEED4, 0xEEF4, 0xF6F4, 0x6286, 0x6286, 0x6286, 0xF6F5, 0xF6F5, 0xF715,
0xF715, 0xF715, 0xF715, 0xF715, 0xFF35, 0xFF35, 0xFF35, 0xFF35, 0xFF35, 0xFF56, 0xFF56, 0xFF56, 0xFF56, 0xFF56, 0xFF56, 0xFF76,
0xFF76, 0xFF76, 0x6AE7, 0x6AE7, 0x6AE7, 0xFF96, 0xFF96, 0xFF96, 0xFF97, 0xFF97, 0xFFB7, 0xFFB7, 0xFFB7, 0xFFB7, 0xFFB7, 0xFFD7,
0xFFD7, 0xFFD7, 0xFFD7, 0xFFD7, 0xFFD7, 0xFFD7, 0xFFF7, 0xFFF8, 0xFFF8, 0xFFF8, 0x7B28, 0x7B08, 0x7308, 0xFFD7, 0xFFD7, 0xFFD7,
0xFFD7, 0xFFD7, 0xFFB7, 0xFFB7, 0xFFB7, 0xFFB7, 0xFFB7, 0xFF97, 0xFF97, 0xFF96, 0xFF96, 0xFF96, 0xFF76, 0xFF76, 0xFF76, 0xFF76,
0xFF76, 0xFF76, 0x6AC7, 0x6AC7, 0x6AC7, 0xFF56, 0xFF56, 0xFF56, 0xFF35, 0xFF35, 0xFF35, 0xFF35, 0xFF35, 0xF715, 0xF715, 0xF715,
0xF715, 0xF715, 0xF6F5, 0xF6F5, 0xF6F5, 0xF6F4, 0xF6F4, 0xF6F4, 0xEEF4, 0xEED4, 0x6286, 0x6286, 0x6266, 0xEED4, 0xEEB4, 0xEEB4,
0xEEB4, 0xEEB4, 0xE6B4, 0xE693, 0xE693, 0xE693, 0xE693, 0xE693, 0x5A46, 0x5A46, 0x5A46, 0x5A46, 0x5A46, 0x5A46, 0x5307, 0x5307,
0x5307, 0x5307, 0x5307, 0x28E2, 0x28E2, 0x28E2, 0x28E2, 0x28E2, 0x4983, 0x4983, 0x4983, 0x4983, 0x4983, 0x4983, 0x4983, 0x4983,
0x4983, 0x4983, 0x4983, 0x4983, 0x4983, 0x4983, 0x4983, 0x4983, 0x4983, 0x4983, 0x4983, 0x4983, 0x4983, 0x4983, 0x4983, 0x4983,
0x4983, 0x4983, 0x4983, 0x4983, 0x4983, 0x4983, 0x4983, 0x4983, 0x4983, 0x4983, 0x4983, 0x5307, 0x5307, 0x5307, 0x5307, 0x5307,
0x5307, 0x5307, 0x5307, 0x5307, 0x5307, 0x28E2, 0x28E2, 0x28E2, 0x28E2, 0x28E2, 0x28E2, 0x28E2, 0x28E2, 0x28E2, 0x28E2, 0x28E2,
0x28E2, 0x28E2, 0x28E2, 0x28E2, 0x28E2, 0x28E2, 0x28E2, 0x28E2, 0x28E2, 0x28E2, 0x28E2, 0x28E2, 0x28E2, 0x28E2, 0x28E2, 0x28E2,
0x28E2, 0x28E2, 0x28E2, 0x28E2, 0x28E2, 0x28E2, 0x28E2, 0x28E2, 0x28E2, 0x28E2, 0x28E2, 0x28E2, 0x28E2, 0x5307, 0x5307, 0x5307,
0x5307, 0x5307, 0x5A46, 0x5A46, 0x5A46, 0x5A46, 0x5A46, 0x5A46, 0xE693, 0xE693, 0xE693, 0xE693, 0xE693, 0xE693, 0xE6B4, 0xEEB4,
0xEEB4, 0xEEB4, 0xEEB4, 0xEED4, 0xEED4, 0xEED4, 0xEED4, 0xEED4, 0xEEF4, 0xEEF4, 0x6286, 0x6286, 0x6286, 0xF6F5, 0xF6F5, 0xF715,
0xF715, 0xF715, 0xF715, 0xF715, 0xFF35, 0xFF35, 0xFF35, 0xFF35, 0xFF35, 0xFF56, 0xFF56, 0xFF56, 0xFF56, 0xFF56, 0xFF56, 0xFF76,
0xFF76, 0xFF76, 0x6AC7, 0x6AE7, 0x6AE7, 0xFF96, 0xFF96, 0xFF96, 0xFF97, 0xFF97, 0xFFB7, 0xFFB7, 0xFFB7, 0xFFB7, 0xFFB7, 0xFFD7,
0xFFD7, 0xFFD7, 0xFFD7, 0xFFD7, 0xFFD7, 0xFFD7, 0xFFF7, 0xFFF7, 0xFFF8, 0xFFF7, 0x7B28, 0x7308, 0x7308, 0xFFD7, 0xFFD7, 0xFFD7,
0xFFD7, 0xFFD7, 0xFFB7, 0xFFB7, 0xFFB7, 0xFFB7, 0xFFB7, 0xFF97, 0xFF97, 0xFF96, 0xFF96, 0xFF96, 0xFF76, 0xFF76, 0xFF76, 0xFF76,
0xFF76, 0xFF76, 0x6AC7, 0x6AC7, 0x6AC7, 0xFF56, 0xFF56, 0xFF56, 0xFF35, 0xFF35, 0xFF35, 0xFF35, 0xFF35, 0xF715, 0xF715, 0xF715,
0xF715, 0xF715, 0xF6F5, 0xF6F5, 0xF6F5, 0xF6F4, 0xF6F4, 0xEEF4, 0xEEF4, 0xEED4, 0x6286, 0x6286, 0x6266, 0xEED4, 0xEEB4, 0xEEB4,
0xEEB4, 0xEEB4, 0xE6B4, 0xE693, 0xE693, 0xE693, 0xE693, 0xE693, 0x5A46, 0x5A46, 0x5A46, 0x5A46, 0x5A46, 0x5A46, 0x5307, 0x5307,
0x5307, 0x5307, 0x5307, 0x28E2, 0x28E2, 0x28E2, 0x28E2, 0x28E2, 0x4983, 0x4983, 0x4983, 0x4983, 0x4983, 0x4983, 0x4983, 0x4983,
0x4983, 0x4983, 0x4983, 0x4983, 0x4983, 0x4983, 0x4983, 0x4983, 0x4983, 0x4983, 0x4983, 0x4983, 0x4983, 0x4983, 0x4983, 0x4983,
0x4983, 0x4983, 0x4983, 0x4983, 0x4983, 0x4983, 0x4983, 0x4983, 0x4983, 0x4983, 0x4983, 0x5307, 0x5307, 0x5307, 0x5307, 0x5307,
0x5307, 0x5307, 0x5307, 0x5307, 0x5307, 0x28E2, 0x28E2, 0x28E2, 0x28E2, 0x28E2, 0x28E2, 0x28E2, 0x28E2, 0x28E2, 0x28E2, 0x28E2,
0x28E2, 0x28E2, 0x28E2, 0x28E2, 0x28E2, 0x28E2, 0x28E2, 0x28E2, 0x28E2, 0x28E2, 0x28E2, 0x28E2, 0x28E2, 0x28E2, 0x28E2, 0x28E2,
0x28E2, 0x28E2, 0x28E2, 0x28E2, 0x28E2, 0x28E2, 0x28E2, 0x28E2, 0x28E2, 0x28E2, 0x28E2, 0x28E2, 0x28E2, 0x5307, 0x5307, 0x5307,
0x5307, 0x5307, 0x5A46, 0x5A46, 0x5A46, 0x5A46, 0x5A46, 0x5A46, 0xE693, 0xE693, 0xE693, 0xE693, 0xE693, 0xE693, 0xE6B4, 0xEEB4,
0xEEB4, 0xEEB4, 0xEEB4, 0xEED4, 0xEED4, 0xEED4, 0xEED4, 0xEED4, 0xEEF4, 0xEEF4, 0x6286, 0x6286, 0x6286, 0xF6F5, 0xF6F5, 0xF715,
0xF715, 0xF715, 0xF715, 0xF715, 0xFF35, 0xFF35, 0xFF35, 0xFF35, 0xFF35, 0xFF56, 0xFF56, 0xFF56, 0xFF56, 0xFF56, 0xFF56, 0xFF76,
0xFF76, 0xFF76, 0x6AC7, 0x6AE7, 0x6AE7, 0xFF96, 0xFF96, 0xFF96, 0xFF96, 0xFF97, 0xFFB7, 0xFFB7, 0xFFB7, 0xFFB7, 0xFFB7, 0xFFD7,
0xFFD7, 0xFFD7, 0xFFD7, 0xFFD7, 0xFFD7, 0xFFF7, 0xFFF7, 0xFFF7, 0xFFF8, 0xFFF7, 0x7B28, 0x7308, 0x7308, 0xFFD7, 0xFFD7, 0xFFD7,
0xFFD7, 0xFFD7, 0xFFB7, 0xFFB7, 0xFFB7, 0xFFB7, 0xFFB7, 0xFF97, 0xFF96, 0xFF96, 0xFF96, 0xFF96, 0xFF76, 0xFF76, 0xFF76, 0xFF76,
0xFF76, 0xFF76, 0x6AC7, 0x6AC7, 0x6AC7, 0xFF56, 0xFF56, 0xFF56, 0xFF35, 0xFF35, 0xFF35, 0xFF35, 0xFF35, 0xF715, 0xF715, 0xF715,
0xF715, 0xF715, 0xF6F5, 0xF6F5, 0xF6F5, 0xF6F4, 0xF6F4, 0xEEF4, 0xEEF4, 0xEED4, 0x6286, 0x6266, 0x6266, 0xEED4, 0xEEB4, 0xEEB4,
0xEEB4, 0xEEB4, 0xE6B4, 0xE693, 0xE693, 0xE693, 0xE693, 0xE693, 0x5A46, 0x5A46, 0x5A46, 0x5A46, 0x5A46, 0x5A46, 0x5307, 0x5307,
0x5307, 0x5307, 0x5307, 0x28E2, 0x28E2, 0x28E2, 0x28E2, 0x28E2, 0x4983, 0x4983, 0x4983, 0x4983, 0x4983, 0x4983, 0x4983, 0x4983,
0x4983, 0x4983, 0x4983, 0x4983, 0x4983, 0x4983, 0x4983, 0x4983, 0x4983, 0x4983, 0x4983, 0x4983, 0x4983, 0x4983, 0x4983, 0x4983,
0x4983, 0x4983, 0x4983, 0x4983, 0x4983, 0x4983, 0x4983, 0x4983, 0x4983, 0x4983, 0x4983, 0x5307, 0x5307, 0x5307, 0x5307, 0x5307,
0x5307, 0x5307, 0x5307, 0x5307, 0x5307, 0x28E2, 0x28E2, 0x28E2, 0x28E2, 0x28E2, 0x28E2, 0x28E2, 0x28E2, 0x28E2, 0x28E2, 0x28E2,
0x28E2, 0x28E2, 0x28E2, 0x28E2, 0x28E2, 0x28E2, 0x28E2, 0x28E2, 0x28E2, 0x28E2, 0x28E2, 0x28E2, 0x28E2, 0x28E2, 0x28E2, 0x28E2,
0x28E2, 0x28E2, 0x28E2, 0x28E2, 0x28E2, 0x28E2, 0x28E2, 0x28E2, 0x28E2, 0x28E2, 0x28E2, 0x28E2, 0x28E2, 0x5307, 0x5307, 0x5307,
0x5307, 0x5307, 0x5A46, 0x5A46, 0x5A46, 0x5A46, 0x5A46, 0x5A46, 0xE693, 0xE693, 0xE693, 0xE693, 0xE693, 0xE693, 0xE694, 0xEEB4,
0xEEB4, 0xEEB4, 0xEEB4, 0xEEB4, 0xEED4, 0xEED4, 0xEED4, 0xEED4, 0xEEF4, 0xEEF4, 0x6286, 0x6286, 0x6286, 0xF6F5, 0xF6F5, 0xF715,
0xF715, 0xF715, 0xF715, 0xF715, 0xFF15, 0xFF35, 0xFF35, 0xFF35, 0xFF35, 0xFF55, 0xFF56, 0xFF56, 0xFF56, 0xFF56, 0xFF56, 0xFF76,
0xFF76, 0xFF76, 0x6AC7, 0x6AE7, 0x6AE7, 0xFF96, 0xFF96, 0xFF96, 0xFF96, 0xFF97, 0xFFB7, 0xFFB7, 0xFFB7, 0xFFB7, 0xFFB7, 0xFFD7,
0xFFD7, 0xFFD7, 0xFFD7, 0xFFD7, 0xFFD7, 0xFFF7, 0xFFF7, 0xFFF7, 0xFFF8, 0xFFF7, 0x7B08, 0x7308, 0x7308, 0xFFD7, 0xFFD7, 0xFFD7,
0xFFD7, 0xFFD7, 0xFFB7, 0xFFB7, 0xFFB7, 0xFFB7, 0xFFB7, 0xFF97, 0xFF96, 0xFF96, 0xFF96, 0xFF96, 0xFF76, 0xFF76, 0xFF76, 0xFF76,
0xFF76, 0xFF76, 0x6AC7, 0x6AC7, 0x6AC7, 0xFF56, 0xFF56, 0xFF55, 0xFF35, 0xFF35, 0xFF35, 0xFF35, 0xFF15, 0xF715, 0xF715, 0xF715,
0xF715, 0xF715, 0xF6F5, 0xF6F5, 0xF6F5, 0xF6F5, 0xF6F4, 0xEEF4, 0xEEF4, 0xEED4, 0x6286, 0x6266, 0x6266, 0xEEB4, 0xEEB4, 0xEEB4,
0xEEB4, 0xEEB4, 0xE694, 0xE693, 0xE693, 0xE693, 0xE693, 0xE693, 0x5A46, 0x5A46, 0x5A46, 0x5A46, 0x5A46, 0x5A46, 0x5307, 0x5307,
0x5307, 0x5307, 0x5307, 0x28E2, 0x28E2, 0x28E2, 0x28E2, 0x28E2, 0x4983, 0x4983, 0x4983, 0x4983, 0x4983, 0x4983, 0x4983, 0x4983,
0x4983, 0x4983, 0x4983, 0x4983, 0x4983, 0x4983, 0x4983, 0x4983, 0x4983, 0x4983, 0x4983, 0x4983, 0x4983, 0x4983, 0x4983, 0x4983,
0x4983, 0x4983, 0x4983, 0x4983, 0x4983, 0x4983, 0x4983, 0x4983, 0x4983, 0x4983, 0x4983, 0x5307, 0x5307, 0x5307, 0x5307, 0x5307,
0x5307, 0x5307, 0x5307, 0x5307, 0x5307, 0x4983, 0x4983, 0x4983, 0x4983, 0x4983, 0x4983, 0x4983, 0x4983, 0x4983, 0x4983, 0x4983,
0x4983, 0x4983, 0x4983, 0x4983, 0x4983, 0x4983, 0x4983, 0x4983, 0x4983, 0x4983, 0x4983, 0x4983, 0x4983, 0x4983, 0x4983, 0x4983,
0x4983, 0x4983, 0x4983, 0x4983, 0x4983, 0x4983, 0x4983, 0x4983, 0x4983, 0x4983, 0x4983, 0x4983, 0x4983, 0x5307, 0x5307, 0x5307,
0x5307, 0x5307, 0x5A46, 0x5A46, 0x5A46, 0x5A46, 0x5A46, 0x5A46, 0xE693, 0xE693, 0xE693, 0xE693, 0xE693, 0xE693, 0xE694, 0xEEB4,
0xEEB4, 0xEEB4, 0xEEB4, 0xEEB4, 0xEED4, 0xEED4, 0xEED4, 0xEED4, 0xEED4, 0xEEF4, 0x6286, 0x6286, 0x6286, 0xF6F5, 0xF6F5, 0xF715,
0xF715, 0xF715, 0xF715, 0xF715, 0xF715, 0xFF35, 0xFF35, 0xFF35, 0xFF35, 0xFF35, 0xFF56, 0xFF56, 0xFF56, 0xFF56, 0xFF56, 0xFF76,
0xFF76, 0xFF76, 0x6AC7, 0x6AE7, 0x6AE7, 0xFF96, 0xFF96, 0xFF96, 0xFF96, 0xFF97, 0xFF97, 0xFFB7, 0xFFB7, 0xFFB7, 0xFFB7, 0xFFB7,
0xFFD7, 0xFFD7, 0xFFD7, 0xFFD7, 0xFFD7, 0xFFF7, 0xFFF7, 0xFFF7, 0xFFF7, 0xFFF7, 0x7308, 0x7308, 0x7307, 0xFFD7, 0xFFD7, 0xFFD7,
0xFFD7, 0xFFB7, 0xFFB7, 0xFFB7, 0xFFB7, 0xFFB7, 0xFF97, 0xFF97, 0xFF96, 0xFF96, 0xFF96, 0xFF96, 0xFF76, 0xFF76, 0xFF76, 0xFF76,
0xFF76, 0xFF76, 0x6AC7, 0x6AC7, 0x6AC7, 0xFF56, 0xFF56, 0xFF35, 0xFF35, 0xFF35, 0xFF35, 0xFF35, 0xF715, 0xF715, 0xF715, 0xF715,
0xF715, 0xF715, 0xF6F5, 0xF6F5, 0xF6F5, 0xF6F4, 0xF6F4, 0xEEF4, 0xEED4, 0xEED4, 0x6286, 0x6266, 0x6266, 0xEEB4, 0xEEB4, 0xEEB4,
0xEEB4, 0xEEB4, 0xE694, 0xE693, 0xE693, 0xE693, 0xE693, 0xE693, 0x5A46, 0x5A46, 0x5A46, 0x5A46, 0x5A46, 0x5A46, 0x5307, 0x5307,
0x5307, 0x5307, 0x5307, 0x28E2, 0x28E2, 0x28E2, 0x28E2, 0x28E2, 0x4983, 0x4983, 0x4983, 0x4983, 0x4983, 0x4983, 0x4983, 0x4983,
0x4983, 0x4983, 0x4983, 0x4983, 0x4983, 0x4983, 0x4983, 0x4983, 0x4983, 0x4983, 0x4983, 0x4983, 0x4983, 0x4983, 0x4983, 0x4983,
0x4983, 0x4983, 0x4983, 0x4983, 0x4983, 0x4983, 0x4983, 0x4983, 0x4983, 0x4983, 0x4983, 0x5307, 0x5307, 0x5307, 0x5307, 0x5307,
0x5307, 0x5307, 0x5307, 0x5307, 0x5307, 0x4983, 0x4983, 0x4983, 0x4983, 0x4983, 0x4983, 0x4983, 0x4983, 0x4983, 0x4983, 0x4983,
0x4983, 0x4983, 0x4983, 0x4983, 0x4983, 0x4983, 0x4983, 0x4983, 0x4983, 0x4983, 0x4983, 0x4983, 0x4983, 0x4983, 0x4983, 0x4983,
0x4983, 0x4983, 0x4983, 0x4983, 0x4983, 0x4983, 0x4983, 0x4983, 0x4983, 0x4983, 0x4983, 0x4983, 0x4983, 0x5307, 0x5307, 0x5307,
0x5307, 0x5307, 0x5A46, 0x5A46, 0x5A46, 0x5A46, 0x5A46, 0x5A46, 0xE693, 0xE693, 0xE693, 0xE693, 0xE693, 0xE693, 0xE694, 0xEEB4,
0xEEB4, 0xEEB4, 0xEEB4, 0xEEB4, 0xEED4, 0xEED4, 0xEED4, 0xEED4, 0xEED4, 0xEEF4, 0x6286, 0x6286, 0x6286, 0xF6F5, 0xF6F5, 0xF715,
0xF715, 0xF715, 0xF715, 0xF715, 0xF715, 0xFF35, 0xFF35, 0xFF35, 0xFF35, 0xFF35, 0xFF56, 0xFF56, 0xFF56, 0xFF56, 0xFF56, 0xFF76,
0xFF76, 0xFF76, 0x6AC7, 0x6AC7, 0x6AE7, 0xFF96, 0xFF96, 0xFF96, 0xFF96, 0xFF96, 0xFF97, 0xFFB7, 0xFFB7, 0xFFB7, 0xFFB7, 0xFFB7,
0xFFD7, 0xFFD7, 0xFFD7, 0xFFD7, 0xFFD7, 0xFFD7, 0xFFF7, 0xFFF7, 0xFFF7, 0xFFF7, 0x7308, 0x7308, 0x7307, 0xFFD7, 0xFFD7, 0xFFD7,
0xFFD7, 0xFFB7, 0xFFB7, 0xFFB7, 0xFFB7, 0xFFB7, 0xFF97, 0xFF96, 0xFF96, 0xFF96, 0xFF96, 0xFF96, 0xFF76, 0xFF76, 0xFF76, 0xFF76,
0xFF76, 0xFF76, 0x6AC7, 0x6AC7, 0x6AC7, 0xFF56, 0xFF56, 0xFF35, 0xFF35, 0xFF35, 0xFF35, 0xFF35, 0xF715, 0xF715, 0xF715, 0xF715,
0xF715, 0xF715, 0xF6F5, 0xF6F5, 0xF6F5, 0xF6F4, 0xF6F4, 0xEEF4, 0xEED4, 0xEED4, 0x6266, 0x6266, 0x5A66, 0xEEB4, 0xEEB4, 0xEEB4,
0xEEB4, 0xEEB4, 0xE694, 0xE693, 0xE693, 0xE693, 0xE693, 0xE693, 0x5A46, 0x5A46, 0x5A46, 0x5A46, 0x5A46, 0x5A46, 0x5307, 0x5307,
0x5307, 0x5307, 0x5307, 0x28E2, 0x28E2, 0x28E2, 0x28E2, 0x28E2, 0x4983, 0x4983, 0x4983, 0x4983, 0x4983, 0x4983, 0x4983, 0x4983,
0x4983, 0x4983, 0x4983, 0x4983, 0x4983, 0x4983, 0x4983, 0x4983, 0x4983, 0x4983, 0x4983, 0x4983, 0x4983, 0x4983, 0x4983, 0x4983,
0x4983, 0x4983, 0x4983, 0x4983, 0x4983, 0x4983, 0x4983, 0x4983, 0x4983, 0x4983, 0x4983, 0x5307, 0x5307, 0x5307, 0x5307, 0x5307,
0x5307, 0x5307, 0x5307, 0x5307, 0x5307, 0x4983, 0x4983, 0x4983, 0x4983, 0x4983, 0x4983, 0x4983, 0x4983, 0x4983, 0x4983, 0x4983,
0x4983, 0x4983, 0x4983, 0x4983, 0x4983, 0x4983, 0x4983, 0x4983, 0x4983, 0x4983, 0x4983, 0x4983, 0x4983, 0x4983, 0x4983, 0x4983,
0x4983, 0x4983, 0x4983, 0x4983, 0x4983, 0x4983, 0x4983, 0x4983, 0x4983, 0x4983, 0x4983, 0x4983, 0x4983, 0x5307, 0x5307, 0x5307,
0x5307, 0x5307, 0x5A46, 0x5A46, 0x5A46, 0x5A46, 0x5A46, 0x5A46, 0xE693, 0xE693, 0xE693, 0xE693, 0xE693, 0xE693, 0xE694, 0xEEB4,
0xEEB4, 0xEEB4, 0xEEB4, 0xEEB4, 0xEEB4, 0xEED4, 0xEED4, 0xEED4, 0xEED4, 0xEEF4, 0x6286, 0x6286, 0x6286, 0xF6F5, 0xF6F5, 0xF715,
0xF715, 0xF715, 0xF715, 0xF715, 0xF715, 0xFF35, 0xFF35, 0xFF35, 0xFF35, 0xFF35, 0xFF55, 0xFF56, 0xFF56, 0xFF56, 0xFF56, 0xFF76,
0xFF76, 0xFF76, 0x6AC7, 0x6AC7, 0x6AE7, 0xFF96, 0xFF96, 0xFF96, 0xFF96, 0xFF96, 0xFF97, 0xFFB7, 0xFFB7, 0xFFB7, 0xFFB7, 0xFFB7,
0xFFD7, 0xFFD7, 0xFFD7, 0xFFD7, 0xFFD7, 0xFFD7, 0xFFD7, 0xFFF7, 0xFFF7, 0xFFF7, 0x7308, 0x7308, 0x7307, 0xFFD7, 0xFFD7, 0xFFD7,
0xFFD7, 0xFFB7, 0xFFB7, 0xFFB7, 0xFFB7, 0xFFB7, 0xFF97, 0xFF96, 0xFF96, 0xFF96, 0xFF96, 0xFF96, 0xFF76, 0xFF76, 0xFF76, 0xFF76,
0xFF76, 0xFF76, 0x6AC7, 0x6AC7, 0x6AC7, 0xFF56, 0xFF55, 0xFF35, 0xFF35, 0xFF35, 0xFF35, 0xFF35, 0xF715, 0xF715, 0xF715, 0xF715,
0xF715, 0xF715, 0xF6F5, 0xF6F5, 0xF6F5, 0xF6F4, 0xF6F4, 0xEEF4, 0xEED4, 0xEED4, 0x6266, 0x6266, 0x5A66, 0xEEB4, 0xEEB4, 0xEEB4,
0xEEB4, 0xEEB4, 0xE694, 0xE693, 0xE693, 0xE693, 0xE693, 0xE693, 0x5A46, 0x5A46, 0x5A46, 0x5A46, 0x5A46, 0x5A46, 0x5307, 0x5307,
0x5307, 0x5307, 0x5307, 0x28E2, 0x28E2, 0x28E2, 0x28E2, 0x28E2, 0x4983, 0x4983, 0x4983, 0x4983, 0x4983, 0x4983, 0x4983, 0x4983,
0x4983, 0x4983, 0x4983, 0x4983, 0x4983, 0x4983, 0x4983, 0x4983, 0x4983, 0x4983, 0x4983, 0x4983, 0x4983, 0x4983, 0x4983, 0x4983,
0x4983, 0x4983, 0x4983, 0x4983, 0x4983, 0x4983, 0x4983, 0x4983, 0x4983, 0x4983, 0x4983, 0x5307, 0x5307, 0x5307, 0x5307, 0x5307,
0x5307, 0x5307, 0x5307, 0x5307, 0x5307, 0x4983, 0x4983, 0x4983, 0x4983, 0x4983, 0x4983, 0x4983, 0x4983, 0x4983, 0x4983, 0x4983,
0x4983, 0x4983, 0x4983, 0x4983, 0x4983, 0x4983, 0x4983, 0x4983, 0x4983, 0x4983, 0x4983, 0x4983, 0x4983, 0x4983, 0x4983, 0x4983,
0x4983, 0x4983, 0x4983, 0x4983, 0x4983, 0x4983, 0x4983, 0x4983, 0x4983, 0x4983, 0x4983, 0x4983, 0x4983, 0x5307, 0x5307, 0x5307,
0x5307, 0x5307, 0x5A46, 0x5A46, 0x5A46, 0x5A46, 0x5A46, 0x5A46, 0xE693, 0xE693, 0xE693, 0xE693, 0xE693, 0xE693, 0xE694, 0xEEB4,
0xEEB4, 0xEEB4, 0xEEB4, 0xEEB4, 0xEEB4, 0xEED4, 0xEED4, 0xEED4, 0xEED4, 0xEED4, 0x6286, 0x6286, 0x6286, 0xF6F5, 0xF6F5, 0xF715,
0xF715, 0xF715, 0xF715, 0xF715, 0xF715, 0xFF35, 0xFF35, 0xFF35, 0xFF35, 0xFF35, 0xFF35, 0xFF56, 0xFF56, 0xFF56, 0xFF56, 0xFF76,
0xFF76, 0xFF76, 0x6AC7, 0x6AC7, 0x6AE7, 0xFF76, 0xFF96, 0xFF96, 0xFF96, 0xFF96, 0xFF97, 0xFF97, 0xFFB7, 0xFFB7, 0xFFB7, 0xFFB7,
0xFFD7, 0xFFD7, 0xFFD7, 0xFFD7, 0xFFD7, 0xFFD7, 0xFFD7, 0xFFD7, 0xFFF7, 0xFFD7, 0x7308, 0x7307, 0x7307, 0xFFD7, 0xFFD7, 0xFFD7,
0xFFD7, 0xFFB7, 0xFFB7, 0xFFB7, 0xFFB7, 0xFF97, 0xFF97, 0xFF96, 0xFF96, 0xFF96, 0xFF96, 0xFF76, 0xFF76, 0xFF76, 0xFF76, 0xFF76,
0xFF76, 0xFF76, 0x6AC7, 0x6AC7, 0x6AC7, 0xFF56, 0xFF35, 0xFF35, 0xFF35, 0xFF35, 0xFF35, 0xFF35, 0xF715, 0xF715, 0xF715, 0xF715,
0xF715, 0xF715, 0xF6F5, 0xF6F5, 0xF6F5, 0xF6F4, 0xF6F4, 0xEED4, 0xEED4, 0xEED4, 0x6266, 0x6266, 0x5A66, 0xEEB4, 0xEEB4, 0xEEB4,
0xEEB4, 0xEEB4, 0xE694, 0xE693, 0xE693, 0xE693, 0xE693, 0xE693, 0x5A46, 0x5A46, 0x5A46, 0x5A46, 0x5A46, 0x5A46, 0x5307, 0x5307,
0x5307, 0x5307, 0x5307, 0x28E2, 0x28E2, 0x28E2, 0x28E2, 0x28E2, 0x4983, 0x4983, 0x4983, 0x4983, 0x4983, 0x4983, 0x4983, 0x4983,
0x4983, 0x4983, 0x4983, 0x4983, 0x4983, 0x4983, 0x4983, 0x4983, 0x4983, 0x4983, 0x4983, 0x4983, 0x4983, 0x4983, 0x4983, 0x4983,
0x4983, 0x4983, 0x4983, 0x4983, 0x4983, 0x4983, 0x4983, 0x4983, 0x4983, 0x4983, 0x4983, 0x5307, 0x5307, 0x5307, 0x5307, 0x5307,
0x5307, 0x5307, 0x5307, 0x5307, 0x5307, 0x4983, 0x4983, 0x4983, 0x4983, 0x4983, 0x4983, 0x4983, 0x4983, 0x4983, 0x4983, 0x4983,
0x4983, 0x4983, 0x4983, 0x4983, 0x4983, 0x4983, 0x4983, 0x4983, 0x4983, 0x4983, 0x4983, 0x4983, 0x4983, 0x4983, 0x4983, 0x4983,
0x4983, 0x4983, 0x4983, 0x4983, 0x4983, 0x4983, 0x4983, 0x4983, 0x4983, 0x4983, 0x4983, 0x4983, 0x4983, 0x5307, 0x5307, 0x5307,
0x5307, 0x5307, 0x5A46, 0x5A46, 0x5A46, 0x5A46, 0x5A46, 0x5A46, 0xE693, 0xE693, 0xE693, 0xE693, 0xE693, 0xE693, 0xE694, 0xEEB4,
0xEEB4, 0xEEB4, 0xEEB4, 0xEEB4, 0xEEB4, 0xEED4, 0xEED4, 0xEED4, 0xEED4, 0xEED4, 0x6286, 0x6286, 0x6286, 0xF6F5, 0xF6F5, 0xF715,
0xF715, 0xF715, 0xF715, 0xF715, 0xF715, 0xFF35, 0xFF35, 0xFF35, 0xFF35, 0xFF35, 0xFF35, 0xFF56, 0xFF56, 0xFF56, 0xFF56, 0xFF56,
0xFF76, 0xFF76, 0x6AC7, 0x6AC7, 0x6AC7, 0xFF76, 0xFF96, 0xFF96, 0xFF96, 0xFF96, 0xFF96, 0xFF97, 0xFFB7, 0xFFB7, 0xFFB7, 0xFFB7,
0xFFB7, 0xFFD7, 0xFFD7, 0xFFD7, 0xFFD7, 0xFFD7, 0xFFD7, 0xFFD7, 0xFFF7, 0xFFD7, 0x7308, 0x7307, 0x7307, 0xFFD7, 0xFFD7, 0xFFD7,
0xFFB7, 0xFFB7, 0xFFB7, 0xFFB7, 0xFFB7, 0xFF97, 0xFF96, 0xFF96, 0xFF96, 0xFF96, 0xFF96, 0xFF76, 0xFF76, 0xFF76, 0xFF76, 0xFF76,
0xFF76, 0xFF56, 0x6AC7, 0x6AC7, 0x6AC7, 0xFF56, 0xFF35, 0xFF35, 0xFF35, 0xFF35, 0xFF35, 0xFF35, 0xF715, 0xF715, 0xF715, 0xF715,
0xF715, 0xF715, 0xF6F5, 0xF6F5, 0xF6F5, 0xF6F4, 0xF6F4, 0xEED4, 0xEED4, 0xEED4, 0x6266, 0x5A66, 0x5A66, 0xEEB4, 0xEEB4, 0xEEB4,
0xEEB4, 0xEEB4, 0xE694, 0xE693, 0xE693, 0xE693, 0xE693, 0xE693, 0x5A46, 0x5A46, 0x5A46, 0x5A46, 0x5A46, 0x5A46, 0x5307, 0x5307,
0x5307, 0x5307, 0x5307, 0x28E2, 0x28E2, 0x28E2, 0x28E2, 0x28E2, 0x4983, 0x4983, 0x4983, 0x4983, 0x4983, 0x4983, 0x4983, 0x4983,
0x4983, 0x4983, 0x4983, 0x4983, 0x4983, 0x4983, 0x4983, 0x4983, 0x4983, 0x4983, 0x4983, 0x4983, 0x4983, 0x4983, 0x4983, 0x4983,
0x4983, 0x4983, 0x4983, 0x4983, 0x4983, 0x4983, 0x4983, 0x4983, 0x4983, 0x4983, 0x4983, 0x5307, 0x5307, 0x5307, 0x5307, 0x5307,
0x5307, 0x5307, 0x5307, 0x5307, 0x5307, 0x4983, 0x4983, 0x4983, 0x4983, 0x4983, 0x4983, 0x4983, 0x4983, 0x4983, 0x4983, 0x4983,
0x4983, 0x4983, 0x4983, 0x4983, 0x6A45, 0x6A45, 0x6A45, 0x6A45, 0x6A45, 0x6A45, 0x6A45, 0x6A45, 0x6A45, 0x6A45, 0x4983, 0x4983,
0x4983, 0x4983, 0x4983, 0x4983, 0x4983, 0x4983, 0x4983, 0x4983, 0x4983, 0x4983, 0x4983, 0x4983, 0x4983, 0x5307, 0x5307, 0x5307,
0x5307, 0x5307, 0x5A46, 0x5A46, 0x5A46, 0x5A46, 0x5A46, 0x5A46, 0xE693, 0xE693, 0xE693, 0xE693, 0xE693, 0xE693, 0xE694, 0xE6B4,
0xEEB4, 0xEEB4, 0xEEB4, 0xEEB4, 0xEEB4, 0xEED4, 0xEED4, 0xEED4, 0xEED4, 0xEED4, 0x6286, 0x6286, 0x6286, 0xF6F5, 0xF6F5, 0xF715,
0xF715, 0xF715, 0xF715, 0xF715, 0xF715, 0xFF15, 0xFF35, 0xFF35, 0xFF35, 0xFF35, 0xFF35, 0xFF55, 0xFF56, 0xFF56, 0xFF56, 0xFF56,
0xFF76, 0xFF76, 0x6AC7, 0x6AC7, 0x6AC7, 0xFF76, 0xFF96, 0xFF96, 0xFF96, 0xFF96, 0xFF96, 0xFF97, 0xFFB7, 0xFFB7, 0xFFB7, 0xFFB7,
0xFFB7, 0xFFD7, 0xFFD7, 0xFFD7, 0xFFD7, 0xFFD7, 0xFFD7, 0xFFD7, 0xFFF7, 0xFFD7, 0x7308, 0x7307, 0x7307, 0xFFD7, 0xFFD7, 0xFFD7,
0xFFB7, 0xFFB7, 0xFFB7, 0xFFB7, 0xFFB7, 0xFF97, 0xFF96, 0xFF96, 0xFF96, 0xFF96, 0xFF96, 0xFF76, 0xFF76, 0xFF76, 0xFF76, 0xFF76,
0xFF76, 0xFF56, 0x6AC7, 0x6AC7, 0x6AC7, 0xFF55, 0xFF35, 0xFF35, 0xFF35, 0xFF35, 0xFF35, 0xFF15, 0xF715, 0xF715, 0xF715, 0xF715,
0xF715, 0xF715, 0xF6F5, 0xF6F5, 0xF6F5, 0xF6F4, 0xF6F4, 0xEED4, 0xEED4, 0xEED4, 0x6266, 0x5A66, 0x5A66, 0xEEB4, 0xEEB4, 0xEEB4,
0xEEB4, 0xE6B4, 0xE694, 0xE693, 0xE693, 0xE693, 0xE693, 0xE693, 0x5A46, 0x5A46, 0x5A46, 0x5A46, 0x5A46, 0x5A46, 0x5307, 0x5307,
0x5307, 0x5307, 0x5307, 0x28E2, 0x28E2, 0x28E2, 0x28E2, 0x28E2, 0x4983, 0x4983, 0x4983, 0x4983, 0x4983, 0x4983, 0x4983, 0x4983,
0x4983, 0x4983, 0x4983, 0x4983, 0x4983, 0x4983, 0x4983, 0x4983, 0x4983, 0x4983, 0x4983, 0x4983, 0x4983, 0x4983, 0x4983, 0x4983,
0x4983, 0x4983, 0x4983, 0x4983, 0x4983, 0x4983, 0x4983, 0x4983, 0x4983, 0x4983, 0x4983, 0x5307, 0x5307, 0x5307, 0x5307, 0x5307,
0x5307, 0x5307, 0x5307, 0x5307, 0x5307, 0x4983, 0x4983, 0x4983, 0x4983, 0x4983, 0x4983, 0x4983, 0x4983, 0x4983, 0x4983, 0x4983,
0x4983, 0x4983, 0x4983, 0x4983, 0x4983, 0x4983, 0x4983, 0x4983, 0x4983, 0x4983, 0x4983, 0x4983, 0x4983, 0x4983, 0x4983, 0x4983,
0x4983, 0x4983, 0x4983, 0x4983, 0x4983, 0x4983, 0x4983, 0x4983, 0x4983, 0x4983, 0x4983, 0x4983, 0x4983, 0x5307, 0x5307, 0x5307,
0x5307, 0x5307, 0x5A46, 0x5A46, 0x5A46, 0x5A46, 0x5A46, 0x5A46, 0xE673, 0xE693, 0xE693, 0xE693, 0xE693, 0xE693, 0xE694, 0xE6B4,
0xEEB4, 0xEEB4, 0xEEB4, 0xEEB4, 0xEEB4, 0xEEB4, 0xEED4, 0xEED4, 0xEED4, 0xEED4, 0x6286, 0x6286, 0x6286, 0xF6F5, 0xF6F5, 0xF715,
0xF715, 0xF715, 0xF715, 0xF715, 0xF715, 0xFF15, 0xFF35, 0xFF35, 0xFF35, 0xFF35, 0xFF35, 0xFF35, 0xFF56, 0xFF56, 0xFF56, 0xFF56,
0xFF76, 0xFF76, 0x6AC7, 0x6AC7, 0x6AC7, 0xFF76, 0xFF76, 0xFF96, 0xFF96, 0xFF96, 0xFF96, 0xFF97, 0xFF97, 0xFFB7, 0xFFB7, 0xFFB7,
0xFFB7, 0xFFB7, 0xFFD7, 0xFFD7, 0xFFD7, 0xFFD7, 0xFFD7, 0xFFD7, 0xFFD7, 0xFFD7, 0x7307, 0x7307, 0x7307, 0xFFD7, 0xFFD7, 0xFFB7,
0xFFB7, 0xFFB7, 0xFFB7, 0xFFB7, 0xFF97, 0xFF97, 0xFF96, 0xFF96, 0xFF96, 0xFF96, 0xFF76, 0xFF76, 0xFF76, 0xFF76, 0xFF76, 0xFF76,
0xFF76, 0xFF56, 0x6AC7, 0x6AC7, 0x6AC7, 0xFF35, 0xFF35, 0xFF35, 0xFF35, 0xFF35, 0xFF35, 0xFF15, 0xF715, 0xF715, 0xF715, 0xF715,
0xF715, 0xF715, 0xF6F5, 0xF6F5, 0xF6F4, 0xF6F4, 0xF6D4, 0xEED4, 0xEED4, 0xEED4, 0x6266, 0x5A66, 0x5A66, 0xEEB4, 0xEEB4, 0xEEB4,
0xEEB4, 0xE6B4, 0xE694, 0xE693, 0xE693, 0xE693, 0xE693, 0xE693, 0x5A46, 0x5A46, 0x5A46, 0x5A46, 0x5A46, 0x5A46, 0x5307, 0x5307,
0x5307, 0x5307, 0x5307, 0x28E2, 0x28E2, 0x28E2, 0x28E2, 0x28E2, 0x4983, 0x4983, 0x4983, 0x4983, 0x4983, 0x4983, 0x4983, 0x4983,
0x4983, 0x4983, 0x4983, 0x4983, 0x4983, 0x4983, 0x4983, 0x4983, 0x4983, 0x4983, 0x4983, 0x4983, 0x4983, 0x4983, 0x4983, 0x4983,
0x4983, 0x4983, 0x4983, 0x4983, 0x4983, 0x4983, 0x4983, 0x4983, 0x4983, 0x4983, 0x4983, 0x5307, 0x5307, 0x5307, 0x5307, 0x5307,
0x5307, 0x5307, 0x5307, 0x5307, 0x5307, 0x4983, 0x4983, 0x4983, 0x4983, 0x4983, 0x4983, 0x4983, 0x4983, 0x4983, 0x4983, 0x4983,
0x4983, 0x4983, 0x4983, 0x4983, 0x4983, 0x4983, 0x4983, 0x4983, 0x4983, 0x4983, 0x4983, 0x4983, 0x4983, 0x4983, 0x4983, 0x4983,
0x4983, 0x4983, 0x4983, 0x4983, 0x4983, 0x4983, 0x4983, 0x4983, 0x4983, 0x4983, 0x4983, 0x4983, 0x4983, 0x5307, 0x5307, 0x5307,
0x5307, 0x5307, 0x5A46, 0x5A46, 0x5A46, 0x5A46, 0x5A46, 0x5A46, 0xE673, 0xE693, 0xE693, 0xE693, 0xE693, 0xE693, 0xE694, 0xE6B4,
0xEEB4, 0xEEB4, 0xEEB4, 0xEEB4, 0xEEB4, 0xEEB4, 0xEED4, 0xEED4, 0xEED4, 0xEED4, 0x6286, 0x6286, 0x6286, 0xF6F5, 0xF6F5, 0xF6F5,
0xF715, 0xF715, 0xF715, 0xF715, 0xF715, 0xFF15, 0xFF35, 0xFF35, 0xFF35, 0xFF35, 0xFF35, 0xFF35, 0xFF56, 0xFF56, 0xFF56, 0xFF56,
0xFF56, 0xFF76, 0x6AC7, 0x6AC7, 0x6AC7, 0xFF76, 0xFF76, 0xFF96, 0xFF96, 0xFF96, 0xFF96, 0xFF97, 0xFF97, 0xFFB7, 0xFFB7, 0xFFB7,
0xFFB7, 0xFFB7, 0xFFB7, 0xFFD7, 0xFFD7, 0xFFD7, 0xFFD7, 0xFFD7, 0xFFD7, 0xFFD7, 0x7307, 0x7307, 0x7307, 0xFFD7, 0xFFB7, 0xFFB7,
0xFFB7, 0xFFB7, 0xFFB7, 0xFFB7, 0xFF97, 0xFF97, 0xFF96, 0xFF96, 0xFF96, 0xFF96, 0xFF76, 0xFF76, 0xFF76, 0xFF76, 0xFF76, 0xFF76,
0xFF56, 0xFF56, 0x6AC7, 0x6AC7, 0x6AC7, 0xFF35, 0xFF35, 0xFF35, 0xFF35, 0xFF35, 0xFF35, 0xFF15, 0xF715, 0xF715, 0xF715, 0xF715,
0xF715, 0xF6F5, 0xF6F5, 0xF6F5, 0xF6F4, 0xF6F4, 0xEED4, 0xEED4, 0xEED4, 0xEED4, 0x6266, 0x5A66, 0x5A66, 0xEEB4, 0xEEB4, 0xEEB4,
0xEEB4, 0xE6B4, 0xE694, 0xE693, 0xE693, 0xE693, 0xE693, 0xE693, 0x5A46, 0x5A46, 0x5A46, 0x5A46, 0x5A46, 0x5A46, 0x5307, 0x5307,
0x5307, 0x5307, 0x5307, 0x28E2, 0x28E2, 0x28E2, 0x28E2, 0x28E2, 0x4983, 0x4983, 0x4983, 0x4983, 0x4983, 0x4983, 0x4983, 0x4983,
0x4983, 0x4983, 0x4983, 0x4983, 0x4983, 0x4983, 0x4983, 0x4983, 0x4983, 0x4983, 0x4983, 0x4983, 0x4983, 0x4983, 0x4983, 0x4983,
0x4983, 0x4983, 0x4983, 0x4983, 0x4983, 0x4983, 0x4983, 0x4983, 0x4983, 0x4983, 0x4983, 0x5307, 0x5307, 0x5307, 0x5307, 0x5307,
0x5307, 0x5307, 0x5307, 0x5307, 0x5307, 0x4983, 0x4983, 0x4983, 0x4983, 0x4983, 0x4983, 0x4983, 0x4983, 0x4983, 0x4983, 0x4983,
0x4983, 0x4983, 0x4983, 0x4983, 0x4983, 0x4983, 0x4983, 0x4983, 0x4983, 0x4983, 0x4983, 0x4983, 0x4983, 0x4983, 0x4983, 0x4983,
0x4983, 0x4983, 0x4983, 0x4983, 0x4983, 0x4983, 0x4983, 0x4983, 0x4983, 0x4983, 0x4983, 0x4983, 0x4983, 0x5307, 0x5307, 0x5307,
0x5307, 0x5307, 0x5A46, 0x5A46, 0x5A46, 0x5A46, 0x5A46, 0x5A46, 0xE673, 0xE693, 0xE693, 0xE693, 0xE693, 0xE693, 0xE694, 0xE6B4,
0xEEB4, 0xEEB4, 0xEEB4, 0xEEB4, 0xEEB4, 0xEEB4, 0xEED4, 0xEED4, 0xEED4, 0xEED4, 0x6286, 0x6286, 0x6286, 0xF6F5, 0xF6F5, 0xF6F5,
0xF715, 0xF715, 0xF715, 0xF715, 0xF715, 0xF715, 0xFF35, 0xFF35, 0xFF35, 0xFF35, 0xFF35, 0xFF35, 0xFF56, 0xFF56, 0xFF56, 0xFF56,
0xFF56, 0xFF76, 0x6AC7, 0x6AC7, 0x6AC7, 0xFF76, 0xFF76, 0xFF96, 0xFF96, 0xFF96, 0xFF96, 0xFF96, 0xFF97, 0xFFB7, 0xFFB7, 0xFFB7,
0xFFB7, 0xFFB7, 0xFFB7, 0xFFB7, 0xFFD7, 0xFFD7, 0xFFD7, 0xFFD7, 0xFFD7, 0xFFD7, 0x7307, 0x7307, 0x7307, 0xFFB7, 0xFFB7, 0xFFB7,
0xFFB7, 0xFFB7, 0xFFB7, 0xFFB7, 0xFF97, 0xFF96, 0xFF96, 0xFF96, 0xFF96, 0xFF96, 0xFF76, 0xFF76, 0xFF76, 0xFF76, 0xFF76, 0xFF76,
0xFF56, 0xFF56, 0x6AC7, 0x6AC7, 0x6AC7, 0xFF35, 0xFF35, 0xFF35, 0xFF35, 0xFF35, 0xFF35, 0xF715, 0xF715, 0xF715, 0xF715, 0xF715,
0xF715, 0xF6F5, 0xF6F5, 0xF6F5, 0xF6F4, 0xF6F4, 0xEED4, 0xEED4, 0xEED4, 0xEED4, 0x5A66, 0x5A66, 0x5A66, 0xEEB4, 0xEEB4, 0xEEB4,
0xEEB4, 0xE6B4, 0xE694, 0xE693, 0xE693, 0xE693, 0xE693, 0xE693, 0x5A46, 0x5A46, 0x5A46, 0x5A46, 0x5A46, 0x5A46, 0x5307, 0x5307,
0x5307, 0x5307, 0x5307, 0x28E2, 0x28E2, 0x28E2, 0x28E2, 0x28E2, 0x4983, 0x4983, 0x4983, 0x4983, 0x4983, 0x4983, 0x4983, 0x4983,
0x4983, 0x4983, 0x4983, 0x4983, 0x4983, 0x4983, 0x4983, 0x4983, 0x4983, 0x4983, 0x4983, 0x4983, 0x4983, 0x4983, 0x4983, 0x4983,
0x4983, 0x4983, 0x4983, 0x4983, 0x4983, 0x4983, 0x4983, 0x4983, 0x4983, 0x4983, 0x4983, 0x5307, 0x5307, 0x5307, 0x5307, 0x5307,
0x5307, 0x5307, 0x5307, 0x5307, 0x5307, 0x4983, 0x4983, 0x4983, 0x4983, 0x4983, 0x4983, 0x4983, 0x4983, 0x4983, 0x4983, 0x4983,
0x4983, 0x4983, 0x4983, 0x4983, 0x4983, 0x4983, 0x4983, 0x4983, 0x4983, 0x4983, 0x4983, 0x4983, 0x4983, 0x4983, 0x4983, 0x4983,
0x4983, 0x4983, 0x4983, 0x4983, 0x4983, 0x4983, 0x4983, 0x4983, 0x4983, 0x4983, 0x4983, 0x4983, 0x4983, 0x5307, 0x5307, 0x5307,
0x5307, 0x5307, 0x5A46, 0x5A46, 0x5A46, 0x5A46, 0x5A46, 0x5A46, 0xE673, 0xE693, 0xE693, 0xE693, 0xE693, 0xE693, 0xE693, 0xE694,
0xE6B4, 0xEEB4, 0xEEB4, 0xEEB4, 0xEEB4, 0xEEB4, 0xEED4, 0xEED4, 0xEED4, 0xEED4, 0x6286, 0x6286, 0x6286, 0xF6F4, 0xF6F5, 0xF6F5,
0xF715, 0xF715, 0xF715, 0xF715, 0xF715, 0xF715, 0xFF15, 0xFF35, 0xFF35, 0xFF35, 0xFF35, 0xFF35, 0xFF55, 0xFF56, 0xFF56, 0xFF56,
0xFF56, 0xFF76, 0x6AC7, 0x6AC7, 0x6AC7, 0xFF76, 0xFF76, 0xFF76, 0xFF96, 0xFF96, 0xFF96, 0xFF96, 0xFF97, 0xFFB7, 0xFFB7, 0xFFB7,
0xFFB7, 0xFFB7, 0xFFB7, 0xFFB7, 0xFFB7, 0xFFD7, 0xFFD7, 0xFFD7, 0xFFD7, 0xFFD7, 0x7307, 0x7307, 0x7307, 0xFFB7, 0xFFB7, 0xFFB7,
0xFFB7, 0xFFB7, 0xFFB7, 0xFFB7, 0xFF97, 0xFF96, 0xFF96, 0xFF96, 0xFF96, 0xFF76, 0xFF76, 0xFF76, 0xFF76, 0xFF76, 0xFF76, 0xFF76,
0xFF56, 0xFF56, 0x6AC7, 0x6AC7, 0x6AC7, 0xFF35, 0xFF35, 0xFF35, 0xFF35, 0xFF35, 0xFF15, 0xF715, 0xF715, 0xF715, 0xF715, 0xF715,
0xF715, 0xF6F5, 0xF6F5, 0xF6F4, 0xF6F4, 0xF6F4, 0xEED4, 0xEED4, 0xEED4, 0xEED4, 0x5A66, 0x5A66, 0x5A66, 0xEEB4, 0xEEB4, 0xEEB4,
0xE6B4, 0xE694, 0xE693, 0xE693, 0xE693, 0xE693, 0xE693, 0xE693, 0x5A46, 0x5A46, 0x5A46, 0x5A46, 0x5A46, 0x5A46, 0x5307, 0x5307,
0x5307, 0x5307, 0x5307, 0x28E2, 0x28E2, 0x28E2, 0x28E2, 0x28E2, 0x4983, 0x4983, 0x4983, 0x4983, 0x4983, 0x4983, 0x4983, 0x4983,
0x4983, 0x4983, 0x4983, 0x4983, 0x4983, 0x4983, 0x4983, 0x4983, 0x4983, 0x4983, 0x4983, 0x4983, 0x4983, 0x4983, 0x4983, 0x4983,
0x4983, 0x4983, 0x4983, 0x4983, 0x4983, 0x4983, 0x4983, 0x4983, 0x4983, 0x4983, 0x4983, 0x5307, 0x5307, 0x5307, 0x5307, 0x5307,
0x5307, 0x5307, 0x5307, 0x5307, 0x5307, 0x4983, 0x4983, 0x4983, 0x4983, 0x4983, 0x4983, 0x4983, 0x4983, 0x4983, 0x4983, 0x4983,
0x4983, 0x4983, 0x4983, 0x4983, 0x4983, 0x4983, 0x4983, 0x4983, 0x4983, 0x4983, 0x4983, 0x4983, 0x4983, 0x4983, 0x4983, 0x4983,
0x4983, 0x4983, 0x4983, 0x4983, 0x4983, 0x4983, 0x4983, 0x4983, 0x4983, 0x4983, 0x4983, 0x4983, 0x4983, 0x5307, 0x5307, 0x5307,
0x5307, 0x5307, 0x5A46, 0x5A46, 0x5A46, 0x5A46, 0x5A46, 0x5A46, 0xE673, 0xE693, 0xE693, 0xE693, 0xE693, 0xE693, 0xE693, 0xE694,
0xE6B4, 0xEEB4, 0xEEB4, 0xEEB4, 0xEEB4, 0xEEB4, 0xEED4, 0xEED4, 0xEED4, 0xEED4, 0x6286, 0x6286, 0x6286, 0xF6F4, 0xF6F5, 0xF6F5,
0xF6F5, 0xF715, 0xF715, 0xF715, 0xF715, 0xF715, 0xFF15, 0xFF35, 0xFF35, 0xFF35, 0xFF35, 0xFF35, 0xFF35, 0xFF56, 0xFF56, 0xFF56,
0xFF56, 0xFF56, 0x6AC7, 0x6AC7, 0x6AC7, 0xFF76, 0xFF76, 0xFF76, 0xFF76, 0xFF96, 0xFF96, 0xFF96, 0xFF97, 0xFF97, 0xFFB7, 0xFFB7,
0xFFB7, 0xFFB7, 0xFFB7, 0xFFB7, 0xFFB7, 0xFFD7, 0xFFD7, 0xFFD7, 0xFFD7, 0xFFD7, 0x7307, 0x7307, 0x7307, 0xFFB7, 0xFFB7, 0xFFB7,
0xFFB7, 0xFFB7, 0xFFB7, 0xFF97, 0xFF97, 0xFF96, 0xFF96, 0xFF96, 0xFF76, 0xFF76, 0xFF76, 0xFF76, 0xFF76, 0xFF76, 0xFF76, 0xFF56,
0xFF56, 0xFF56, 0x6AC7, 0x6AC7, 0x6AA7, 0xFF35, 0xFF35, 0xFF35, 0xFF35, 0xFF35, 0xFF15, 0xF715, 0xF715, 0xF715, 0xF715, 0xF715,
0xF6F5, 0xF6F5, 0xF6F5, 0xF6F4, 0xF6F4, 0xEED4, 0xEED4, 0xEED4, 0xEED4, 0xEED4, 0x5A66, 0x5A66, 0x5A66, 0xEEB4, 0xEEB4, 0xEEB4,
0xE6B4, 0xE694, 0xE693, 0xE693, 0xE693, 0xE693, 0xE693, 0xE693, 0x5A46, 0x5A46, 0x5A46, 0x5A46, 0x5A46, 0x5A46, 0x5307, 0x5307,
0x5307, 0x5307, 0x5307, 0x28E2, 0x28E2, 0x28E2, 0x28E2, 0x28E2, 0x4983, 0x4983, 0x4983, 0x4983, 0x4983, 0x4983, 0x4983, 0x4983,
0x4983, 0x4983, 0x4983, 0x4983, 0x4983, 0x4983, 0x4983, 0x4983, 0x4983, 0x4983, 0x4983, 0x4983, 0x4983, 0x4983, 0x4983, 0x4983,
0x4983, 0x4983, 0x4983, 0x4983, 0x4983, 0x4983, 0x4983, 0x4983, 0x4983, 0x4983, 0x4983, 0x5307, 0x5307, 0x5307, 0x5307, 0x5307,
0x5307, 0x5307, 0x5307, 0x5307, 0x5307, 0x4983, 0x4983, 0x4983, 0x4983, 0x4983, 0x4983, 0x4983, 0x4983, 0x4983, 0x4983, 0x4983,
0x4983, 0x4983, 0x4983, 0x4983, 0x4983, 0x4983, 0x4983, 0x4983, 0x4983, 0x4983, 0x4983, 0x4983, 0x4983, 0x4983, 0x4983, 0x4983,
0x4983, 0x4983, 0x4983, 0x4983, 0x4983, 0x4983, 0x4983, 0x4983, 0x4983, 0x4983, 0x4983, 0x4983, 0x4983, 0x5307, 0x5307, 0x5307,
0x5307, 0x5307, 0x5A46, 0x5A46, 0x5A46, 0x5A46, 0x5A46, 0x5A46, 0xE673, 0xE693, 0xE693, 0xE693, 0xE693, 0xE693, 0xE693, 0xE694,
0xE6B4, 0xEEB4, 0xEEB4, 0xEEB4, 0xEEB4, 0xEEB4, 0xEED4, 0xEED4, 0xEED4, 0xEED4, 0x6286, 0x6286, 0x6286, 0xF6F4, 0xF6F5, 0xF6F5,
0xF6F5, 0xF715, 0xF715, 0xF715, 0xF715, 0xF715, 0xF715, 0xFF35, 0xFF35, 0xFF35, 0xFF35, 0xFF35, 0xFF35, 0xFF56, 0xFF56, 0xFF56,
0xFF56, 0xFF56, 0x6AC7, 0x6AC7, 0x6AC7, 0xFF76, 0xFF76, 0xFF76, 0xFF76, 0xFF96, 0xFF96, 0xFF96, 0xFF96, 0xFF97, 0xFFB7, 0xFFB7,
0xFFB7, 0xFFB7, 0xFFB7, 0xFFB7, 0xFFB7, 0xFFD7, 0xFFD7, 0xFFD7, 0xFFD7, 0xFFD7, 0x7307, 0x7307, 0x7307, 0xFFB7, 0xFFB7, 0xFFB7,
0xFFB7, 0xFFB7, 0xFFB7, 0xFF97, 0xFF96, 0xFF96, 0xFF96, 0xFF96, 0xFF76, 0xFF76, 0xFF76, 0xFF76, 0xFF76, 0xFF76, 0xFF76, 0xFF56,
0xFF56, 0xFF56, 0x6AC7, 0x6AC7, 0x6AA7, 0xFF35, 0xFF35, 0xFF35, 0xFF35, 0xFF35, 0xF715, 0xF715, 0xF715, 0xF715, 0xF715, 0xF715,
0xF6F5, 0xF6F5, 0xF6F5, 0xF6F4, 0xF6F4, 0xEED4, 0xEED4, 0xEED4, 0xEED4, 0xEED4, 0x5A66, 0x5A66, 0x5A66, 0xEEB4, 0xEEB4, 0xEEB4,
0xE6B4, 0xE694, 0xE693, 0xE693, 0xE693, 0xE693, 0xE693, 0xE693, 0x5A46, 0x5A46, 0x5A46, 0x5A46, 0x5A46, 0x5A46, 0x5307, 0x5307,
0x5307, 0x5307, 0x5307, 0x28E2, 0x28E2, 0x28E2, 0x28E2, 0x28E2, 0x4983, 0x4983, 0x4983, 0x4983, 0x4983, 0x4983, 0x4983, 0x4983,
0x4983, 0x4983, 0x4983, 0x4983, 0x4983, 0x4983, 0x4983, 0x4983, 0x4983, 0x4983, 0x4983, 0x4983, 0x4983, 0x4983, 0x4983, 0x4983,
0x4983, 0x4983, 0x4983, 0x4983, 0x4983, 0x4983, 0x4983, 0x4983, 0x4983, 0x4983, 0x4983, 0x5307, 0x5307, 0x5307, 0x5307, 0x5307,
0x5307, 0x5307, 0x5307, 0x5307, 0x5307, 0x4983, 0x4983, 0x4983, 0x4983, 0x4983, 0x4983, 0x4983, 0x4983, 0x4983, 0x4983, 0x4983,
0x4983, 0x4983, 0x4983, 0x4983, 0x4983, 0x4983, 0x4983, 0x4983, 0x4983, 0x4983, 0x4983, 0x4983, 0x4983, 0x4983, 0x4983, 0x4983,
0x4983, 0x4983, 0x4983, 0x4983, 0x4983, 0x4983, 0x4983, 0x4983, 0x4983, 0x4983, 0x4983, 0x4983, 0x4983, 0x5307, 0x5307, 0x5307,
0x5307, 0x5307, 0x5A46, 0x5A46, 0x5A46, 0x5A46, 0x5A46, 0x5A46, 0xE673, 0xE673, 0xE693, 0xE693, 0xE693, 0xE693, 0xE693, 0xE694,
0xE6B4, 0xE6B4, 0xEEB4, 0xEEB4, 0xEEB4, 0xEEB4, 0xEEB4, 0xEED4, 0xEED4, 0xEED4, 0x6286, 0x6286, 0x6286, 0xF6F4, 0xF6F5, 0xF6F5,
0xF6F5, 0xF715, 0xF715, 0xF715, 0xF715, 0xF715, 0xF715, 0xFF15, 0xFF35, 0xFF35, 0xFF35, 0xFF35, 0xFF35, 0xFF55, 0xFF56, 0xFF56,
0xFF56, 0xFF56, 0x6AC7, 0x6AC7, 0x6AC7, 0xFF76, 0xFF76, 0xFF76, 0xFF76, 0xFF96, 0xFF96, 0xFF96, 0xFF96, 0xFF97, 0xFF97, 0xFFB7,
0xFFB7, 0xFFB7, 0xFFB7, 0xFFB7, 0xFFB7, 0xFFB7, 0xFFB7, 0xFFB7, 0xFFD7, 0xFFB7, 0x7307, 0x7307, 0x7307, 0xFFB7, 0xFFB7, 0xFFB7,
0xFFB7, 0xFFB7, 0xFF97, 0xFF97, 0xFF96, 0xFF96, 0xFF96, 0xFF96, 0xFF76, 0xFF76, 0xFF76, 0xFF76, 0xFF76, 0xFF76, 0xFF76, 0xFF56,
0xFF56, 0xFF56, 0x6AC7, 0x6AC7, 0x6AA7, 0xFF35, 0xFF35, 0xFF35, 0xFF35, 0xFF15, 0xF715, 0xF715, 0xF715, 0xF715, 0xF715, 0xF715,
0xF6F5, 0xF6F5, 0xF6F5, 0xF6F4, 0xF6F4, 0xEED4, 0xEED4, 0xEED4, 0xEED4, 0xEED4, 0x5A66, 0x5A66, 0x5A66, 0xEEB4, 0xEEB4, 0xE6B4,
0xE6B4, 0xE694, 0xE693, 0xE693, 0xE693, 0xE693, 0xE693, 0xE673, 0x5A46, 0x5A46, 0x5A46, 0x5A46, 0x5A46, 0x5A46, 0x5307, 0x5307,
0x5307, 0x5307, 0x5307, 0x28E2, 0x28E2, 0x28E2, 0x28E2, 0x28E2, 0x4983, 0x4983, 0x4983, 0x4983, 0x4983, 0x4983, 0x4983, 0x4983,
0x4983, 0x4983, 0x4983, 0x4983, 0x4983, 0x4983, 0x4983, 0x4983, 0x4983, 0x4983, 0x4983, 0x4983, 0x4983, 0x4983, 0x4983, 0x4983,
0x4983, 0x4983, 0x4983, 0x4983, 0x4983, 0x4983, 0x4983, 0x4983, 0x4983, 0x4983, 0x4983, 0x5307, 0x5307, 0x5307, 0x5307, 0x5307,
0x5307, 0x5307, 0x5307, 0x5307, 0x5307, 0x4983, 0x4983, 0x4983, 0x4983, 0x4983, 0x4983, 0x4983, 0x4983, 0x4983, 0x4983, 0x4983,
0x4983, 0x4983, 0x4983, 0x4983, 0x4983, 0x4983, 0x4983, 0x4983, 0x4983, 0x4983, 0x4983, 0x4983, 0x4983, 0x4983, 0x4983, 0x4983,
0x4983, 0x4983, 0x4983, 0x4983, 0x4983, 0x4983, 0x4983, 0x4983, 0x4983, 0x4983, 0x4983, 0x4983, 0x4983, 0x5307, 0x5307, 0x5307,
0x5307, 0x5307, 0x5A46, 0x5A46, 0x5A46, 0x5A46, 0x5A46, 0x5A46, 0xE673, 0xE673, 0xE693, 0xE693, 0xE693, 0xE693, 0xE693, 0xE693,
0xE694, 0xE6B4, 0xEEB4, 0xEEB4, 0xEEB4, 0xEEB4, 0xEEB4, 0xEED4, 0xEED4, 0xEED4, 0x6286, 0x6286, 0x6286, 0xF6F4, 0xF6F4, 0xF6F5,
0xF6F5, 0xF6F5, 0xF715, 0xF715, 0xF715, 0xF715, 0xF715, 0xFF15, 0xFF35, 0xFF35, 0xFF35, 0xFF35, 0xFF35, 0xFF35, 0xFF56, 0xFF56,
0xFF56, 0xFF56, 0x6AC7, 0x6AC7, 0x6AC7, 0xFF76, 0xFF76, 0xFF76, 0xFF76, 0xFF76, 0xFF96, 0xFF96, 0xFF96, 0xFF96, 0xFF97, 0xFF97,
0xFF97, 0xFFB7, 0xFFB7, 0xFFB7, 0xFFB7, 0xFFB7, 0xFFB7, 0xFFB7, 0xFFD7, 0xFFB7, 0x7307, 0x7307, 0x7307, 0xFFB7, 0xFFB7, 0xFFB7,
0xFF97, 0xFF97, 0xFF97, 0xFF96, 0xFF96, 0xFF96, 0xFF96, 0xFF76, 0xFF76, 0xFF76, 0xFF76, 0xFF76, 0xFF76, 0xFF76, 0xFF56, 0xFF56,
0xFF56, 0xFF56, 0x6AC7, 0x6AA7, 0x6AA7, 0xFF35, 0xFF35, 0xFF35, 0xFF35, 0xFF15, 0xF715, 0xF715, 0xF715, 0xF715, 0xF715, 0xF6F5,
0xF6F5, 0xF6F5, 0xF6F4, 0xF6F4, 0xF6D4, 0xEED4, 0xEED4, 0xEED4, 0xEED4, 0xEED4, 0x5A66, 0x5A66, 0x5A66, 0xEEB4, 0xEEB4, 0xE6B4,
0xE694, 0xE693, 0xE693, 0xE693, 0xE693, 0xE693, 0xE693, 0xE673, 0x5A46, 0x5A46, 0x5A46, 0x5A46, 0x5A46, 0x5A46, 0x5307, 0x5307,
0x5307, 0x5307, 0x5307, 0x28E2, 0x28E2, 0x28E2, 0x28E2, 0x28E2, 0x4983, 0x4983, 0x4983, 0x4983, 0x4983, 0x4983, 0x4983, 0x4983,
0x4983, 0x4983, 0x4983, 0x4983, 0x4983, 0x4983, 0x4983, 0x4983, 0x4983, 0x4983, 0x4983, 0x4983, 0x4983, 0x4983, 0x4983, 0x4983,
0x4983, 0x4983, 0x4983, 0x4983, 0x4983, 0x4983, 0x4983, 0x4983, 0x4983, 0x4983, 0x4983, 0x5307, 0x5307, 0x5307, 0x5307, 0x5307,
0x5307, 0x5307, 0x5307, 0x5307, 0x5307, 0x4983, 0x4983, 0x4983, 0x4983, 0x4983, 0x4983, 0x4983, 0x4983, 0x4983, 0x4983, 0x4983,
0x4983, 0x4983, 0x4983, 0x4983, 0x4983, 0x4983, 0x4983, 0x4983, 0x4983, 0x4983, 0x4983, 0x4983, 0x4983, 0x4983, 0x4983, 0x4983,
0x4983, 0x4983, 0x4983, 0x4983, 0x4983, 0x4983, 0x4983, 0x4983, 0x4983, 0x4983, 0x4983, 0x4983, 0x4983, 0x5307, 0x5307, 0x5307,
0x5307, 0x5307, 0x5A46, 0x5A46, 0x5A46, 0x5A46, 0x5A46, 0x5A46, 0xE673, 0xE673, 0xE693, 0xE693, 0xE693, 0xE693, 0xE693, 0xE693,
0xE694, 0xE6B4, 0xEEB4, 0xEEB4, 0xEEB4, 0xEEB4, 0xEEB4, 0xEED4, 0xEED4, 0xEED4, 0x6266, 0x6286, 0x6286, 0xF6F4, 0xF6F4, 0xF6F5,
0xF6F5, 0xF6F5, 0xF715, 0xF715, 0xF715, 0xF715, 0xF715, 0xF715, 0xFF35, 0xFF35, 0xFF35, 0xFF35, 0xFF35, 0xFF35, 0xFF56, 0xFF56,
0xFF56, 0xFF56, 0x6AC7, 0x6AC7, 0x6AC7, 0xFF76, 0xFF76, 0xFF76, 0xFF76, 0xFF76, 0xFF96, 0xFF96, 0xFF96, 0xFF96, 0xFF96, 0xFF96,
0xFF97, 0xFFB7, 0xFFB7, 0xFFB7, 0xFFB7, 0xFFB7, 0xFFB7, 0xFFB7, 0xFFB7, 0xFFB7, 0x7307, 0x7307, 0x7307, 0xFFB7, 0xFFB7, 0xFFB7,
0xFF97, 0xFF96, 0xFF96, 0xFF96, 0xFF96, 0xFF96, 0xFF96, 0xFF76, 0xFF76, 0xFF76, 0xFF76, 0xFF76, 0xFF76, 0xFF56, 0xFF56, 0xFF56,
0xFF56, 0xFF56, 0x6AC7, 0x6AA7, 0x6AA7, 0xFF35, 0xFF35, 0xFF35, 0xFF35, 0xF715, 0xF715, 0xF715, 0xF715, 0xF715, 0xF715, 0xF6F5,
0xF6F5, 0xF6F5, 0xF6F4, 0xF6F4, 0xEED4, 0xEED4, 0xEED4, 0xEED4, 0xEED4, 0xEED4, 0x5A66, 0x5A66, 0x5A66, 0xEEB4, 0xEEB4, 0xE6B4,
0xE694, 0xE693, 0xE693, 0xE693, 0xE693, 0xE693, 0xE693, 0xE673, 0x5A46, 0x5A46, 0x5A46, 0x5A46, 0x5A46, 0x5A46, 0x5307, 0x5307,
0x5307, 0x5307, 0x5307, 0x28E2, 0x28E2, 0x28E2, 0x28E2, 0x28E2, 0x4983, 0x4983, 0x4983, 0x4983, 0x4983, 0x4983, 0x4983, 0x4983,
0x4983, 0x4983, 0x4983, 0x4983, 0x4983, 0x4983, 0x4983, 0x4983, 0x4983, 0x4983, 0x4983, 0x4983, 0x4983, 0x4983, 0x4983, 0x4983,
0x4983, 0x4983, 0x4983, 0x4983, 0x4983, 0x4983, 0x4983, 0x4983, 0x4983, 0x4983, 0x4983, 0x5307, 0x5307, 0x5307, 0x5307, 0x5307,
0x5307, 0x5307, 0x5307, 0x5307, 0x5307, 0x4983, 0x4983, 0x4983, 0x4983, 0x4983, 0x4983, 0x4983, 0x4983, 0x4983, 0x4983, 0x4983,
0x4983, 0x4983, 0x4983, 0x4983, 0x4983, 0x4983, 0x4983, 0x4983, 0x4983, 0x4983, 0x4983, 0x4983, 0x4983, 0x4983, 0x4983, 0x4983,
0x4983, 0x4983, 0x4983, 0x4983, 0x4983, 0x4983, 0x4983, 0x4983, 0x4983, 0x4983, 0x4983, 0x4983, 0x4983, 0x5307, 0x5307, 0x5307,
0x5307, 0x5307, 0x5A46, 0x5A46, 0x5A46, 0x5A46, 0x5A46, 0x5A46, 0xE673, 0xE673, 0xE693, 0xE693, 0xE693, 0xE693, 0xE693, 0xE693,
0xE694, 0xE6B4, 0xE6B4, 0xEEB4, 0xEEB4, 0xEEB4, 0xEEB4, 0xEEB4, 0xEED4, 0xEED4, 0x6266, 0x6286, 0x6286, 0xF6F4, 0xF6F4, 0xF6F5,
0xF6F5, 0xF6F5, 0xF715, 0xF715, 0xF715, 0xF715, 0xF715, 0xF715, 0xFF15, 0xFF35, 0xFF35, 0xFF35, 0xFF35, 0xFF35, 0xFF55, 0xFF56,
0xFF56, 0xFF56, 0x6AC7, 0x6AC7, 0x6AC7, 0xFF76, 0xFF76, 0xFF76, 0xFF76, 0xFF76, 0xFF96, 0xFF96, 0xFF96, 0xFF96, 0xFF96, 0xFF96,
0xFF96, 0xFF96, 0xFFB7, 0xFFB7, 0xFFB7, 0xFFB7, 0xFFB7, 0xFFB7, 0xFFB7, 0xFFB7, 0x7307, 0x7307, 0x7307, 0xFFB7, 0xFFB7, 0xFF96,
0xFF96, 0xFF96, 0xFF96, 0xFF96, 0xFF96, 0xFF96, 0xFF96, 0xFF76, 0xFF76, 0xFF76, 0xFF76, 0xFF76, 0xFF76, 0xFF56, 0xFF56, 0xFF56,
0xFF56, 0xFF56, 0x6AC7, 0x6AA7, 0x6AA7, 0xFF35, 0xFF35, 0xFF35, 0xFF15, 0xF715, 0xF715, 0xF715, 0xF715, 0xF715, 0xF715, 0xF6F5,
0xF6F5, 0xF6F5, 0xF6F4, 0xF6F4, 0xEED4, 0xEED4, 0xEED4, 0xEED4, 0xEED4, 0xEEB4, 0x5A66, 0x5A66, 0x5A66, 0xEEB4, 0xE6B4, 0xE6B4,
0xE694, 0xE693, 0xE693, 0xE693, 0xE693, 0xE693, 0xE693, 0xE673, 0x5A46, 0x5A46, 0x5A46, 0x5A46, 0x5A46, 0x5A46, 0x5307, 0x5307,
0x5307, 0x5307, 0x5307, 0x28E2, 0x28E2, 0x28E2, 0x28E2, 0x28E2, 0x4983, 0x4983, 0x4983, 0x4983, 0x4983, 0x4983, 0x4983, 0x4983,
0x4983, 0x4983, 0x4983, 0x4983, 0x4983, 0x4983, 0x4983, 0x4983, 0x4983, 0x4983, 0x4983, 0x4983, 0x4983, 0x4983, 0x4983, 0x4983,
0x4983, 0x4983, 0x4983, 0x4983, 0x4983, 0x4983, 0x4983, 0x4983, 0x4983, 0x4983, 0x4983, 0x5307, 0x5307, 0x5307, 0x5307, 0x5307,
0x5307, 0x5307, 0x5307, 0x5307, 0x5307, 0x4983, 0x4983, 0x4983, 0x4983, 0x4983, 0x4983, 0x4983, 0x4983, 0x4983, 0x4983, 0x4983,
0x4983, 0x4983, 0x4983, 0x4983, 0x4983, 0x4983, 0x4983, 0x4983, 0x4983, 0x4983, 0x4983, 0x4983, 0x4983, 0x4983, 0x4983, 0x4983,
0x4983, 0x4983, 0x4983, 0x4983, 0x4983, 0x4983, 0x4983, 0x4983, 0x4983, 0x4983, 0x4983, 0x4983, 0x4983, 0x5307, 0x5307, 0x5307,
0x5307, 0x5307, 0x5A46, 0x5A46, 0x5A46, 0x5A46, 0x5A46, 0x5A46, 0xE673, 0xE673, 0xE673, 0xE693, 0xE693, 0xE693, 0xE693, 0xE693,
0xE694, 0xE6B4, 0xE6B4, 0xEEB4, 0xEEB4, 0xEEB4, 0xEEB4, 0xEEB4, 0xEED4, 0xEED4, 0x6266, 0x6286, 0x6286, 0xF6D4, 0xF6F4, 0xF6F4,
0xF6F5, 0xF6F5, 0xF715, 0xF715, 0xF715, 0xF715, 0xF715, 0xF715, 0xF715, 0xFF35, 0xFF35, 0xFF35, 0xFF35, 0xFF35, 0xFF35, 0xFF56,
0xFF56, 0xFF56, 0x6AC7, 0x6AC7, 0x6AC7, 0xFF76, 0xFF76, 0xFF76, 0xFF76, 0xFF76, 0xFF76, 0xFF96, 0xFF96, 0xFF96, 0xFF96, 0xFF96,
0xFF96, 0xFF96, 0xFFB7, 0xFFB7, 0xFFB7, 0xFFB7, 0xFFB7, 0xFFB7, 0xFFB7, 0xFFB7, 0x7307, 0x7307, 0x7307, 0xFFB7, 0xFFB7, 0xFF96,
0xFF96, 0xFF96, 0xFF96, 0xFF96, 0xFF96, 0xFF96, 0xFF76, 0xFF76, 0xFF76, 0xFF76, 0xFF76, 0xFF76, 0xFF56, 0xFF56, 0xFF56, 0xFF56,
0xFF56, 0xFF56, 0x6AA7, 0x6AA7, 0x6AA7, 0xFF35, 0xFF35, 0xFF35, 0xF715, 0xF715, 0xF715, 0xF715, 0xF715, 0xF715, 0xF715, 0xF6F5,
0xF6F5, 0xF6F4, 0xF6F4, 0xF6D4, 0xEED4, 0xEED4, 0xEED4, 0xEED4, 0xEED4, 0xEEB4, 0x5A66, 0x5A66, 0x5A66, 0xEEB4, 0xE6B4, 0xE6B4,
0xE694, 0xE693, 0xE693, 0xE693, 0xE693, 0xE693, 0xE673, 0xE673, 0x5A46, 0x5A46, 0x5A46, 0x5A46, 0x5A46, 0x5A46, 0x5307, 0x5307,
0x5307, 0x5307, 0x5307, 0x28E2, 0x28E2, 0x28E2, 0x28E2, 0x28E2, 0x4983, 0x4983, 0x4983, 0x4983, 0x4983, 0x4983, 0x4983, 0x4983,
0x4983, 0x4983, 0x4983, 0x4983, 0x4983, 0x4983, 0x4983, 0x4983, 0x4983, 0x4983, 0x4983, 0x4983, 0x4983, 0x4983, 0x4983, 0x4983,
0x4983, 0x4983, 0x4983, 0x4983, 0x4983, 0x4983, 0x4983, 0x4983, 0x4983, 0x4983, 0x4983, 0x5307, 0x5307, 0x5307, 0x5307, 0x5307,
0x5307, 0x5307, 0x5307, 0x5307, 0x5307, 0x4983, 0x4983, 0x4983, 0x4983, 0x4983, 0x4983, 0x4983, 0x4983, 0x4983, 0x4983, 0x4983,
0x4983, 0x4983, 0x4983, 0x4983, 0x4983, 0x4983, 0x4983, 0x4983, 0x4983, 0x4983, 0x4983, 0x4983, 0x4983, 0x4983, 0x4983, 0x4983,
0x4983, 0x4983, 0x4983, 0x4983, 0x4983, 0x4983, 0x4983, 0x4983, 0x4983, 0x4983, 0x4983, 0x4983, 0x4983, 0x5307, 0x5307, 0x5307,
0x5307, 0x5307, 0x5A46, 0x5A46, 0x5A46, 0x5A46, 0x5A46, 0x5A46, 0xE673, 0xE673, 0xE673, 0xE693, 0xE693, 0xE693, 0xE693, 0xE693,
0xE693, 0xE694, 0xE6B4, 0xEEB4, 0xEEB4, 0xEEB4, 0xEEB4, 0xEEB4, 0xEED4, 0xEED4, 0x6266, 0x6286, 0x6286, 0xEED4, 0xF6F4, 0xF6F4,
0xF6F5, 0xF6F5, 0xF6F5, 0xF715, 0xF715, 0xF715, 0xF715, 0xF715, 0xF715, 0xFF15, 0xFF35, 0xFF35, 0xFF35, 0xFF35, 0xFF35, 0xFF56,
0xFF56, 0xFF56, 0x6AC7, 0x6AC7, 0x6AC7, 0xFF56, 0xFF76, 0xFF76, 0xFF76, 0xFF76, 0xFF76, 0xFF96, 0xFF96, 0xFF96, 0xB50E, 0xBD0E,
0xBD0E, 0xBD0E, 0xBD0E, 0xBD0E, 0xBD0E, 0xBD0E, 0xBD0E, 0xBD2E, 0xBD2E, 0xBD2E, 0xBD0E, 0xBD0E, 0xBD0E, 0xBD0E, 0xFFB7, 0xFF96,
0xFF96, 0xFF96, 0xFF96, 0xFF96, 0xFF96, 0xFF96, 0xFF76, 0xFF76, 0xFF76, 0xFF76, 0xFF76, 0xFF56, 0xFF56, 0xFF56, 0xFF56, 0xFF56,
0xFF56, 0xFF56, 0x6AA7, 0x6AA7, 0x6AA7, 0xFF35, 0xFF35, 0xFF15, 0xF715, 0xF715, 0xF715, 0xF715, 0xF715, 0xF715, 0xF6F5, 0xF6F5,
0xF6F5, 0xF6F4, 0xF6F4, 0xEED4, 0xEED4, 0xEED4, 0xEED4, 0xEED4, 0xEED4, 0xEEB4, 0x5A66, 0x5A66, 0x5A66, 0xEEB4, 0xE6B4, 0xE694,
0xE693, 0xE693, 0xE693, 0xE693, 0xE693, 0xE693, 0xE673, 0xE673, 0x5A46, 0x5A46, 0x5A46, 0x5A46, 0x5A46, 0x5A46, 0x5307, 0x5307,
0x5307, 0x5307, 0x5307, 0x28E2, 0x28E2, 0x28E2, 0x28E2, 0x28E2, 0x4983, 0x4983, 0x4983, 0x4983, 0x4983, 0x4983, 0x4983, 0x4983,
0x4983, 0x4983, 0x4983, 0x4983, 0x4983, 0x4983, 0x4983, 0x4983, 0x4983, 0x4983, 0x4983, 0x4983, 0x4983, 0x4983, 0x4983, 0x4983,
0x4983, 0x4983, 0x4983, 0x4983, 0x4983, 0x4983, 0x4983, 0x4983, 0x4983, 0x4983, 0x4983, 0x5307, 0x5307, 0x5307, 0x5307, 0x5307,
0x5307, 0x5307, 0x5307, 0x5307, 0x5307, 0x4983, 0x4983, 0x4983, 0x4983, 0x4983, 0x4983, 0x4983, 0x4983, 0x4983, 0x4983, 0x4983,
0x4983, 0x4983, 0x4983, 0x4983, 0x4983, 0x4983, 0x4983, 0x4983, 0x4983, 0x4983, 0x4983, 0x4983, 0x4983, 0x4983, 0x4983, 0x4983,
0x4983, 0x4983, 0x4983, 0x4983, 0x4983, 0x4983, 0x4983, 0x4983, 0x4983, 0x4983, 0x4983, 0x4983, 0x4983, 0x5307, 0x5307, 0x5307,
0x5307, 0x5307, 0x5A46, 0x5A46, 0x5A46, 0x5A46, 0x5A46, 0x5A46, 0xE673, 0xE673, 0xE673, 0xE693, 0xE693, 0xE693, 0xE693, 0xE693,
0xE693, 0xE694, 0xE6B4, 0xEEB4, 0xEEB4, 0xEEB4, 0xEEB4, 0xEEB4, 0xEEB4, 0xEED4, 0x6266, 0x6266, 0x6286, 0xEED4, 0xF6F4, 0xF6F4,
0xF6F5, 0xF6F5, 0xF6F5, 0xF715, 0xF715, 0xF715, 0xF715, 0xF715, 0xF715, 0xF715, 0xFF35, 0xFF35, 0xFF35, 0xFF35, 0xFF35, 0xFF55,
0xFF56, 0xFF56, 0x6AC7, 0x6AC7, 0x6AC7, 0xFF56, 0xFF76, 0xFF76, 0xFF76, 0xFF76, 0xFF76, 0xFF76, 0xFF96, 0xFF96, 0xB50E, 0xBD0E,
0xBD0E, 0xBD0E, 0xBD0E, 0xBD0E, 0xBD0E, 0xBD0E, 0xBD0E, 0xBD2E, 0xBD2E, 0xBD2E, 0xBD0E, 0xBD0E, 0xBD0E, 0xBD0E, 0xFF96, 0xFF96,
0xFF96, 0xFF96, 0xFF96, 0xFF96, 0xFF96, 0xFF76, 0xFF76, 0xFF76, 0xFF76, 0xFF76, 0xFF76, 0xFF56, 0xFF56, 0xFF56, 0xFF56, 0xFF56,
0xFF56, 0xFF55, 0x6AA7, 0x6AA7, 0x6AA7, 0xFF35, 0xFF35, 0xF715, 0xF715, 0xF715, 0xF715, 0xF715, 0xF715, 0xF715, 0xF6F5, 0xF6F5,
0xF6F5, 0xF6F4, 0xF6F4, 0xEED4, 0xEED4, 0xEED4, 0xEED4, 0xEED4, 0xEEB4, 0xEEB4, 0x5A66, 0x5A66, 0x5A66, 0xEEB4, 0xE6B4, 0xE694,
0xE693, 0xE693, 0xE693, 0xE693, 0xE693, 0xE693, 0xE673, 0xE673, 0x5A46, 0x5A46, 0x5A46, 0x5A46, 0x5A46, 0x5A46, 0x5307, 0x5307,
0x5307, 0x5307, 0x5307, 0x28E2, 0x28E2, 0x28E2, 0x28E2, 0x28E2, 0x4983, 0x4983, 0x4983, 0x4983, 0x4983, 0x4983, 0x4983, 0x4983,
0x4983, 0x4983, 0x4983, 0x4983, 0x4983, 0x4983, 0x4983, 0x4983, 0x4983, 0x4983, 0x4983, 0x4983, 0x4983, 0x4983, 0x4983, 0x4983,
0x4983, 0x4983, 0x4983, 0x4983, 0x4983, 0x4983, 0x4983, 0x4983, 0x4983, 0x4983, 0x4983, 0x5307, 0x5307, 0x5307, 0x5307, 0x5307,
0x4B07, 0x4B07, 0x4B07, 0x4B07, 0x4B07, 0x28E2, 0x28E2, 0x28E2, 0x28E2, 0x28E2, 0x28E2, 0x28E2, 0x28E2, 0x28E2, 0x28E2, 0x28E2,
0x28E2, 0x28E2, 0x28E2, 0x28E2, 0x28E2, 0x28E2, 0x28E2, 0x28E2, 0x28E2, 0x28E2, 0x28E2, 0x28E2, 0x28E2, 0x28E2, 0x28E2, 0x28E2,
0x28E2, 0x28E2, 0x28E2, 0x28E2, 0x28E2, 0x28E2, 0x28E2, 0x28E2, 0x28E2, 0x28E2, 0x28E2, 0x28E2, 0x28E2, 0x4B07, 0x4B07, 0x4B07,
0x4B07, 0x4B07, 0x5A46, 0x5A46, 0x5A46, 0x5A46, 0x5A46, 0x5A46, 0xE673, 0xE673, 0xE673, 0xE693, 0xE693, 0xE693, 0xE693, 0xE693,
0xE693, 0xE694, 0xE6B4, 0xE6B4, 0xEEB4, 0xEEB4, 0xEEB4, 0xEEB4, 0xEEB4, 0xEED4, 0x6266, 0x6266, 0x6286, 0xEED4, 0xF6F4, 0xF6F4,
0xF6F4, 0xF6F5, 0xF6F5, 0xF6F5, 0xF715, 0xF715, 0xF715, 0xF715, 0xF715, 0xF715, 0xF715, 0xFF35, 0xFF35, 0xFF35, 0xFF35, 0xFF55,
0xFF55, 0xFF56, 0x6AC7, 0x6AC7, 0x6AC7, 0xFF56, 0xFF56, 0xFF76, 0xFF76, 0xFF76, 0xFF76, 0xFF76, 0xFF76, 0xFF76, 0xB50E, 0xB50E,
0xBD0E, 0xBD0E, 0xBD0E, 0xBD0E, 0xBD0E, 0xBD0E, 0xBD0E, 0xBD0E, 0xBD2E, 0xBD0E, 0xBD0E, 0xBD0E, 0xBD0E, 0xBD0E, 0xFF96, 0xFF96,
0xFF96, 0xFF96, 0xFF96, 0xFF76, 0xFF76, 0xFF76, 0xFF76, 0xFF76, 0xFF76, 0xFF76, 0xFF56, 0xFF56, 0xFF56, 0xFF56, 0xFF56, 0xFF56,
0xFF55, 0xFF55, 0x6AA7, 0x6AA7, 0x6AA7, 0xFF35, 0xF715, 0xF715, 0xF715, 0xF715, 0xF715, 0xF715, 0xF715, 0xF6F5, 0xF6F5, 0xF6F5,
0xF6F4, 0xF6F4, 0xF6F4, 0xEED4, 0xEED4, 0xEED4, 0xEED4, 0xEED4, 0xEEB4, 0xEEB4, 0x5A66, 0x5A66, 0x5A66, 0xE6B4, 0xE6B4, 0xE694,
0xE693, 0xE693, 0xE693, 0xE693, 0xE693, 0xE693, 0xE673, 0xE673, 0x5A46, 0x5A46, 0x5A46, 0x5A46, 0x5A46, 0x5A46, 0x4B07, 0x4B07,
0x4B07, 0x4B07, 0x4B07, 0x28E2, 0x28E2, 0x28E2, 0x28E2, 0x28E2, 0x4983, 0x4983, 0x4983, 0x4983, 0x4983, 0x4983, 0x4983, 0x4983,
0x4983, 0x4983, 0x4983, 0x4983, 0x4983, 0x4983, 0x4983, 0x4983, 0x4983, 0x4983, 0x4983, 0x4983, 0x4983, 0x4983, 0x4983, 0x4983,
0x4983, 0x4983, 0x4983, 0x4983, 0x4983, 0x4983, 0x4983, 0x4983, 0x4983, 0x4983, 0x4983, 0x4B07, 0x4B07, 0x4B07, 0x4B07, 0x4B07,
0x4B07, 0x4B07, 0x4B07, 0x4B07, 0x4B07, 0x28E2, 0x28E2, 0x28E2, 0x28E2, 0x28E2, 0x28E2, 0x28E2, 0x28E2, 0x28E2, 0x28E2, 0x28E2,
0x28E2, 0x28E2, 0x28E2, 0x28E2, 0x28E2, 0x28E2, 0x28E2, 0x28E2, 0x28E2, 0x28E2, 0x28E2, 0x28E2, 0x28E2, 0x28E2, 0x28E2, 0x28E2,
0x28E2, 0x28E2, 0x28E2, 0x28E2, 0x28E2, 0x28E2, 0x28E2, 0x28E2, 0x28E2, 0x28E2, 0x28E2, 0x28E2, 0x28E2, 0x4B07, 0x4B07, 0x4B07,
0x4B07, 0x4B07, 0x5A46, 0x5A46, 0x5A46, 0x5A46, 0x5A46, 0x5A46, 0xE673, 0xE673, 0xE673, 0xE673, 0xE693, 0xE693, 0xE693, 0xE693,
0xE693, 0xE693, 0xE694, 0xE6B4, 0xEEB4, 0xEEB4, 0xEEB4, 0xEEB4, 0xEEB4, 0xEEB4, 0x6266, 0x6266, 0x6286, 0xEED4, 0xEED4, 0xF6F4,
0xF6F4, 0xF6F5, 0xF6F5, 0xF6F5, 0xF715, 0xF715, 0xF715, 0xF715, 0xF715, 0xF715, 0xF715, 0xFF35, 0xFF35, 0xFF35, 0xFF35, 0xFF35,
0xFF55, 0xFF56, 0x6AC7, 0x6AC7, 0x6AC7, 0xFF56, 0xFF56, 0xFF76, 0xFF76, 0xFF76, 0xFF76, 0xFF76, 0xFF76, 0xFF76, 0xB50E, 0xB50E,
0xBD0E, 0xBD0E, 0xBD0E, 0xBD0E, 0xBD0E, 0xBD0E, 0xBD0E, 0xBD0E, 0xBD2E, 0xBD0E, 0xBD0E, 0xBD0E, 0xBD0E, 0xBD0E, 0xFF96, 0xFF96,
0xFF96, 0xFF96, 0xFF96, 0xFF76, 0xFF76, 0xFF76, 0xFF76, 0xFF76, 0xFF76, 0xFF76, 0xFF56, 0xFF56, 0xFF56, 0xFF56, 0xFF56, 0xFF56,
0xFF55, 0xFF35, 0x6AA7, 0x6AA7, 0x6AA7, 0xFF35, 0xF715, 0xF715, 0xF715, 0xF715, 0xF715, 0xF715, 0xF715, 0xF6F5, 0xF6F5, 0xF6F5,
0xF6F4, 0xF6F4, 0xEED4, 0xEED4, 0xEED4, 0xEED4, 0xEED4, 0xEEB4, 0xEEB4, 0xEEB4, 0x5A66, 0x5A66, 0x5A66, 0xE6B4, 0xE694, 0xE693,
0xE693, 0xE693, 0xE693, 0xE693, 0xE693, 0xE673, 0xE673, 0xE673, 0x5A46, 0x5A46, 0x5A46, 0x5A46, 0x5A46, 0x5A46, 0x4B07, 0x4B07,
0x4B07, 0x4B07, 0x4B07, 0x28E2, 0x28E2, 0x28E2, 0x28E2, 0x28E2, 0x4983, 0x4983, 0x4983, 0x4983, 0x4983, 0x4983, 0x4983, 0x4983,
0x4983, 0x4983, 0x4983, 0x4983, 0x4983, 0x4983, 0x4983, 0x4983, 0x4983, 0x4983, 0x4983, 0x4983, 0x4983, 0x4983, 0x4983, 0x4983,
0x4983, 0x4983, 0x4983, 0x4983, 0x4983, 0x4983, 0x4983, 0x4983, 0x4983, 0x4983, 0x4983, 0x4B07, 0x4B07, 0x4B07, 0x4B07, 0x4B07,
0x4B07, 0x4B07, 0x4B07, 0x4B07, 0x4B07, 0x28E2, 0x28E2, 0x28E2, 0x28E2, 0x28E2, 0x28E2, 0x28E2, 0x28E2, 0x28E2, 0x28E2, 0x28E2,
0x28E2, 0x28E2, 0x28E2, 0x28E2, 0x28E2, 0x28E2, 0x28E2, 0x28E2, 0x28E2, 0x28E2, 0x28E2, 0x28E2, 0x28E2, 0x28E2, 0x28E2, 0x28E2,
0x28E2, 0x28E2, 0x28E2, 0x28E2, 0x28E2, 0x28E2, 0x28E2, 0x28E2, 0x28E2, 0x28E2, 0x28E2, 0x28E2, 0x28E2, 0x4B07, 0x4B07, 0x4B07,
0x4B07, 0x4B07, 0x5A46, 0x5A46, 0x5A46, 0x5A46, 0x5A46, 0x5A46, 0x5A46, 0x5A46, 0x5A46, 0x5A46, 0x5A46, 0x5A46, 0x5A46, 0x5A46,
0x5A46, 0x5A46, 0x5A46, 0x5A66, 0x5A66, 0x5A66, 0x5A66, 0x5A66, 0x5A66, 0x5A66, 0x5A66, 0x6266, 0x6266, 0x6286, 0x6286, 0x6286,
0x6286, 0x6286, 0x6286, 0x6286, 0x6286, 0x6286, 0x62A6, 0x62A6, 0x62A6, 0x62A6, 0x62A6, 0x6AA6, 0x6AA6, 0x6AA7, 0x6AA7, 0x6AA7,
0x6AC7, 0x6AC7, 0x6AC7, 0x6AC7, 0x6AC7, 0x6AC7, 0x6AC7, 0x6AC7, 0x6AC7, 0x6AC7, 0x6AE7, 0x6AE7, 0x72E7, 0x72E7, 0xB4EE, 0xB50E,
0xBD0E, 0xBD0E, 0xBD0E, 0xBD0E, 0xBD0E, 0xBD0E, 0xBD0E, 0xBD0E, 0xBD2E, 0xBD0E, 0xBD0E, 0xBD0E, 0xBD0E, 0xBD0E, 0x72E7, 0x72E7,
0x72E7, 0x72E7, 0x72E7, 0x72E7, 0x72E7, 0x6AE7, 0x6AE7, 0x6AC7, 0x6AC7, 0x6AC7, 0x6AC7, 0x6AC7, 0x6AC7, 0x6AC7, 0x6AC7, 0x6AC7,
0x6AC7, 0x6AA7, 0x6AA7, 0x6AA7, 0x6AA6, 0x6AA6, 0x62A6, 0x62A6, 0x62A6, 0x62A6, 0x62A6, 0x6286, 0x6286, 0x6286, 0x6286, 0x6286,
0x6286, 0x6286, 0x6286, 0x6286, 0x6266, 0x6266, 0x5A66, 0x5A66, 0x5A66, 0x5A66, 0x5A66, 0x5A66, 0x5A66, 0x5A66, 0x5A46, 0x5A46,
0x5A46, 0x5A46, 0x5A46, 0x5A46, 0x5A46, 0x5A46, 0x5A46, 0x5A46, 0x5A46, 0x5A46, 0x5A46, 0x5A46, 0x5A46, 0x5A46, 0x4B07, 0x4B07,
0x4B07, 0x4B07, 0x4B07, 0x28E2, 0x28E2, 0x28E2, 0x28E2, 0x28E2, 0x4983, 0x4983, 0x4983, 0x4983, 0x4983, 0x4983, 0x4983, 0x4983,
0x4983, 0x4983, 0x4983, 0x4983, 0x4983, 0x4983, 0x4983, 0x4983, 0x4983, 0x4983, 0x4983, 0x4983, 0x4983, 0x4983, 0x4983, 0x4983,
0x4983, 0x4983, 0x4983, 0x4983, 0x4983, 0x4983, 0x4983, 0x4983, 0x4983, 0x4983, 0x4983, 0x4B07, 0x4B07, 0x4B07, 0x4B07, 0x4B07,
0x4B07, 0x4B07, 0x4B07, 0x4B07, 0x4B07, 0x4983, 0x4983, 0x4983, 0x4983, 0x4983, 0x4983, 0x4983, 0x4983, 0x4983, 0x4983, 0x4983,
0x4983, 0x4983, 0x4983, 0x4983, 0x4983, 0x4983, 0x4983, 0x4983, 0x4983, 0x4983, 0x4983, 0x4983, 0x4983, 0x4983, 0x4983, 0x4983,
0x4983, 0x4983, 0x4983, 0x4983, 0x4983, 0x4983, 0x4983, 0x4983, 0x4983, 0x4983, 0x4983, 0x4983, 0x4983, 0x4B07, 0x4B07, 0x4B07,
0x4B07, 0x4B07, 0x5A46, 0x5A46, 0x5A46, 0x5A46, 0x5A46, 0x5A46, 0x5A46, 0x5A46, 0x5A46, 0x5A46, 0x5A46, 0x5A46, 0x5A46, 0x5A46,
0x5A46, 0x5A46, 0x5A46, 0x5A66, 0x5A66, 0x5A66, 0x5A66, 0x5A66, 0x5A66, 0x5A66, 0x5A66, 0x6266, 0x6266, 0x6286, 0x6286, 0x6286,
0x6286, 0x6286, 0x6286, 0x6286, 0x6286, 0x6286, 0x6286, 0x62A6, 0x62A6, 0x62A6, 0x62A6, 0x62A6, 0x6AA6, 0x6AA7, 0x6AA7, 0x6AA7,
0x6AC7, 0x6AC7, 0x6AC7, 0x6AC7, 0x6AC7, 0x6AC7, 0x6AC7, 0x6AC7, 0x6AC7, 0x6AC7, 0x6AE7, 0x6AE7, 0x72E7, 0x72E7, 0xB4EE, 0xB50E,
0xB50E, 0xBD0E, 0xBD0E, 0xBD0E, 0xBD0E, 0xBD0E, 0xBD0E, 0xBD0E, 0xBD0E, 0xBD0E, 0xBD0E, 0xBD0E, 0xBD0E, 0xBD0E, 0x72E7, 0x72E7,
0x72E7, 0x72E7, 0x72E7, 0x72E7, 0x72E7, 0x6AE7, 0x6AE7, 0x6AC7, 0x6AC7, 0x6AC7, 0x6AC7, 0x6AC7, 0x6AC7, 0x6AC7, 0x6AC7, 0x6AC7,
0x6AC7, 0x6AA7, 0x6AA7, 0x6AA7, 0x6AA6, 0x62A6, 0x62A6, 0x62A6, 0x62A6, 0x62A6, 0x6286, 0x6286, 0x6286, 0x6286, 0x6286, 0x6286,
0x6286, 0x6286, 0x6286, 0x6286, 0x6266, 0x6266, 0x5A66, 0x5A66, 0x5A66, 0x5A66, 0x5A66, 0x5A66, 0x5A66, 0x5A66, 0x5A46, 0x5A46,
0x5A46, 0x5A46, 0x5A46, 0x5A46, 0x5A46, 0x5A46, 0x5A46, 0x5A46, 0x5A46, 0x5A46, 0x5A46, 0x5A46, 0x5A46, 0x5A46, 0x4B07, 0x4B07,
0x4B07, 0x4B07, 0x4B07, 0x28E2, 0x28E2, 0x28E2, 0x28E2, 0x28E2, 0x4983, 0x4983, 0x4983, 0x4983, 0x4983, 0x4983, 0x4983, 0x4983,
0x4983, 0x4983, 0x4983, 0x4983, 0x4983, 0x4983, 0x4983, 0x4983, 0x4983, 0x4983, 0x4983, 0x4983, 0x4983, 0x4983, 0x4983, 0x4983,
0x4983, 0x4983, 0x4983, 0x4983, 0x4983, 0x4983, 0x4983, 0x4983, 0x4983, 0x4983, 0x4983, 0x4B07, 0x4B07, 0x4B07, 0x4B07, 0x4B07,
0x4B07, 0x4B07, 0x4B07, 0x4B07, 0x4B07, 0x4983, 0x4983, 0x4983, 0x4983, 0x4983, 0x4983, 0x4983, 0x4983, 0x4983, 0x4983, 0x4983,
0x4983, 0x4983, 0x4983, 0x4983, 0x4983, 0x4983, 0x4983, 0x4983, 0x4983, 0x4983, 0x4983, 0x4983, 0x4983, 0x4983, 0x4983, 0x4983,
0x4983, 0x4983, 0x4983, 0x4983, 0x4983, 0x4983, 0x4983, 0x4983, 0x4983, 0x4983, 0x4983, 0x4983, 0x4983, 0x4B07, 0x4B07, 0x4B07,
0x4B07, 0x4B07, 0x5A46, 0x5A46, 0x5A46, 0x5A46, 0x5A46, 0x5A46, 0x5A46, 0x5A46, 0x5A46, 0x5A46, 0x5A46, 0x5A46, 0x5A46, 0x5A46,
0x5A46, 0x5A46, 0x5A46, 0x5A46, 0x5A66, 0x5A66, 0x5A66, 0x5A66, 0x5A66, 0x5A66, 0x5A66, 0x6266, 0x6266, 0x6286, 0x6286, 0x6286,
0x6286, 0x6286, 0x6286, 0x6286, 0x6286, 0x6286, 0x6286, 0x62A6, 0x62A6, 0x62A6, 0x62A6, 0x62A6, 0x6AA6, 0x6AA7, 0x6AA7, 0x6AA7,
0x6AA7, 0x6AC7, 0x6AC7, 0x6AC7, 0x6AC7, 0x6AC7, 0x6AC7, 0x6AC7, 0x6AC7, 0x6AC7, 0x6AE7, 0x6AE7, 0x6AE7, 0x72E7, 0xB4EE, 0xB50E,
0xB50E, 0xBD0E, 0xBD0E, 0xBD0E, 0xBD0E, 0xBD0E, 0xBD0E, 0xBD0E, 0xBD0E, 0xBD0E, 0xBD0E, 0xBD0E, 0xBD0E, 0xBD0E, 0x72E7, 0x72E7,
0x72E7, 0x72E7, 0x72E7, 0x72E7, 0x6AE7, 0x6AE7, 0x6AE7, 0x6AC7, 0x6AC7, 0x6AC7, 0x6AC7, 0x6AC7, 0x6AC7, 0x6AC7, 0x6AC7, 0x6AC7,
0x6AA7, 0x6AA7, 0x6AA7, 0x6AA7, 0x6AA6, 0x62A6, 0x62A6, 0x62A6, 0x62A6, 0x62A6, 0x6286, 0x6286, 0x6286, 0x6286, 0x6286, 0x6286,
0x6286, 0x6286, 0x6286, 0x6286, 0x6266, 0x6266, 0x5A66, 0x5A66, 0x5A66, 0x5A66, 0x5A66, 0x5A66, 0x5A66, 0x5A46, 0x5A46, 0x5A46,
0x5A46, 0x5A46, 0x5A46, 0x5A46, 0x5A46, 0x5A46, 0x5A46, 0x5A46, 0x5A46, 0x5A46, 0x5A46, 0x5A46, 0x5A46, 0x5A46, 0x4B07, 0x4B07,
0x4B07, 0x4B07, 0x4B07, 0x28E2, 0x28E2, 0x28E2, 0x28E2, 0x28E2, 0x4983, 0x4983, 0x4983, 0x4983, 0x4983, 0x4983, 0x4983, 0x4983,
0x4983, 0x4983, 0x4983, 0x4983, 0x4983, 0x4983, 0x4983, 0x4983, 0x4983, 0x4983, 0x4983, 0x4983, 0x4983, 0x4983, 0x4983, 0x4983,
0x4983, 0x4983, 0x4983, 0x4983, 0x4983, 0x4983, 0x4983, 0x4983, 0x4983, 0x4983, 0x4983, 0x4B07, 0x4B07, 0x4B07, 0x4B07, 0x4B07,
0x4B07, 0x4B07, 0x4B07, 0x4B07, 0x4B07, 0x4983, 0x4983, 0x4983, 0x4983, 0x4983, 0x4983, 0x4983, 0x4983, 0x4983, 0x4983, 0x4983,
0x4983, 0x4983, 0x4983, 0x4983, 0x4983, 0x4983, 0x4983, 0x4983, 0x4983, 0x4983, 0x4983, 0x4983, 0x4983, 0x4983, 0x4983, 0x4983,
0x4983, 0x4983, 0x4983, 0x4983, 0x4983, 0x4983, 0x4983, 0x4983, 0x4983, 0x4983, 0x4983, 0x4983, 0x4983, 0x4B07, 0x4B07, 0x4B07,
0x4B07, 0x4B07, 0x5A46, 0x5A46, 0x5A46, 0x5A46, 0x5A46, 0x5A46, 0xE673, 0xE673, 0xE673, 0xE673, 0xE673, 0xE693, 0xE693, 0xE693,
0xE693, 0xE693, 0xE693, 0xE694, 0xE6B4, 0xEEB4, 0xEEB4, 0xEEB4, 0xEEB4, 0xEEB4, 0x5A66, 0x5A66, 0x6266, 0xEED4, 0xEED4, 0xEED4,
0xEEF4, 0xF6F4, 0xF6F4, 0xF6F5, 0xF6F5, 0xF6F5, 0xF6F5, 0xF715, 0xF715, 0xF715, 0xF715, 0xF715, 0xFF35, 0xFF35, 0xFF35, 0xFF35,
0xFF35, 0xFF35, 0x6AC7, 0x6AC7, 0x6AC7, 0xFF56, 0xFF56, 0xFF56, 0xFF56, 0xFF56, 0xFF76, 0xFF76, 0xFF76, 0xFF76, 0xB4EE, 0xB50E,
0xB50E, 0xBD0E, 0xBD0E, 0xBD0E, 0xBD0E, 0xBD0E, 0xBD0E, 0xBD0E, 0xBD0E, 0xBD0E, 0xBD0E, 0xBD0E, 0xBD0E, 0xBD0E, 0xFF96, 0xFF76,
0xFF76, 0xFF76, 0xFF76, 0xFF76, 0xFF76, 0xFF76, 0xFF76, 0xFF56, 0xFF56, 0xFF56, 0xFF56, 0xFF56, 0xFF55, 0xFF55, 0xFF35, 0xFF35,
0xFF35, 0xFF35, 0x6AA7, 0x6AA7, 0x6AA6, 0xF715, 0xF715, 0xF715, 0xF715, 0xF715, 0xF6F5, 0xF6F5, 0xF6F5, 0xF6F5, 0xF6F4, 0xF6F4,
0xEEF4, 0xEED4, 0xEED4, 0xEED4, 0xEED4, 0xEED4, 0xEEB4, 0xEEB4, 0xEEB4, 0xEEB4, 0x5A66, 0x5A66, 0x5A66, 0xE694, 0xE693, 0xE693,
0xE693, 0xE693, 0xE693, 0xE693, 0xE673, 0xE673, 0xE673, 0xE673, 0x5A46, 0x5A46, 0x5A46, 0x5A46, 0x5A46, 0x5A46, 0x4B07, 0x4B07,
0x4B07, 0x4B07, 0x4B07, 0x28E2, 0x28E2, 0x28E2, 0x28E2, 0x28E2, 0x4983, 0x4983, 0x4983, 0x4983, 0x4983, 0x4983, 0x4983, 0x4983,
0x4983, 0x4983, 0x4983, 0x4983, 0x4983, 0x4983, 0x4983, 0x4983, 0x4983, 0x4983, 0x4983, 0x4983, 0x4983, 0x4983, 0x4983, 0x4983,
0x4983, 0x4983, 0x4983, 0x4983, 0x4983, 0x4983, 0x4983, 0x4983, 0x4983, 0x4983, 0x4983, 0x4B07, 0x4B07, 0x4B07, 0x4B07, 0x4B07,
0x4B07, 0x4B07, 0x4B07, 0x4B07, 0x4B07, 0x4983, 0x4983, 0x4983, 0x4983, 0x4983, 0x4983, 0x4983, 0x4983, 0x4983, 0x4983, 0x4983,
0x4983, 0x4983, 0x4983, 0x4983, 0x4983, 0x4983, 0x4983, 0x4983, 0x4983, 0x4983, 0x4983, 0x4983, 0x4983, 0x4983, 0x4983, 0x4983,
0x4983, 0x4983, 0x4983, 0x4983, 0x4983, 0x4983, 0x4983, 0x4983, 0x4983, 0x4983, 0x4983, 0x4983, 0x4983, 0x4B07, 0x4B07, 0x4B07,
0x4B07, 0x4B07, 0x5A46, 0x5A46, 0x5A46, 0x5A46, 0x5A46, 0x5A46, 0xE673, 0xE673, 0xE673, 0xE673, 0xE673, 0xE673, 0xE693, 0xE693,
0xE693, 0xE693, 0xE693, 0xE693, 0xE694, 0xE6B4, 0xEEB4, 0xEEB4, 0xEEB4, 0xEEB4, 0x5A66, 0x5A66, 0x6266, 0xEED4, 0xEED4, 0xEED4,
0xEEF4, 0xEEF4, 0xF6F4, 0xF6F4, 0xF6F5, 0xF6F5, 0xF6F5, 0xF6F5, 0xF715, 0xF715, 0xF715, 0xF715, 0xF735, 0xFF35, 0xFF35, 0xFF35,
0xFF35, 0xFF35, 0x6AC7, 0x6AC7, 0x6AC7, 0xFF56, 0xFF56, 0xFF56, 0xFF56, 0xFF56, 0xFF56, 0xFF76, 0xFF76, 0xFF76, 0xB4EE, 0xB4EE,
0xB50E, 0xBD0E, 0xBD0E, 0xBD0E, 0xBD0E, 0xBD0E, 0xBD0E, 0xBD0E, 0xBD0E, 0xBD0E, 0xBD0E, 0xBD0E, 0xBD0E, 0xBD0E, 0xFF96, 0xFF76,
0xFF76, 0xFF76, 0xFF76, 0xFF76, 0xFF76, 0xFF76, 0xFF56, 0xFF56, 0xFF56, 0xFF56, 0xFF56, 0xFF56, 0xFF55, 0xFF35, 0xFF35, 0xFF35,
0xFF35, 0xFF35, 0x6AA7, 0x6AA6, 0x62A6, 0xF715, 0xF715, 0xF715, 0xF715, 0xF6F5, 0xF6F5, 0xF6F5, 0xF6F5, 0xF6F4, 0xF6F4, 0xEEF4,
0xEEF4, 0xEED4, 0xEED4, 0xEED4, 0xEED4, 0xEED4, 0xEEB4, 0xEEB4, 0xEEB4, 0xEEB4, 0x5A66, 0x5A66, 0x5A66, 0xE693, 0xE693, 0xE693,
0xE693, 0xE693, 0xE693, 0xE673, 0xE673, 0xE673, 0xE673, 0xE673, 0x5A46, 0x5A46, 0x5A46, 0x5A46, 0x5A46, 0x5A46, 0x4B07, 0x4B07,
0x4B07, 0x4B07, 0x4B07, 0x28E2, 0x28E2, 0x28E2, 0x28E2, 0x28E2, 0x4983, 0x4983, 0x4983, 0x4983, 0x4983, 0x4983, 0x4983, 0x4983,
0x4983, 0x4983, 0x4983, 0x4983, 0x4983, 0x4983, 0x4983, 0x4983, 0x4983, 0x4983, 0x4983, 0x4983, 0x4983, 0x4983, 0x4983, 0x4983,
0x4983, 0x4983, 0x4983, 0x4983, 0x4983, 0x4983, 0x4983, 0x4983, 0x4983, 0x4983, 0x4983, 0x4B07, 0x4B07, 0x4B07, 0x4B07, 0x4B07,
0x4B07, 0x4B07, 0x4B07, 0x4B07, 0x4B07, 0x4983, 0x4983, 0x4983, 0x4983, 0x4983, 0x4983, 0x4983, 0x4983, 0x4983, 0x4983, 0x4983,
0x4983, 0x4983, 0x4983, 0x4983, 0x4983, 0x4983, 0x4983, 0x4983, 0x4983, 0x4983, 0x4983, 0x4983, 0x4983, 0x4983, 0x4983, 0x4983,
0x4983, 0x4983, 0x4983, 0x4983, 0x4983, 0x4983, 0x4983, 0x4983, 0x4983, 0x4983, 0x4983, 0x4983, 0x4983, 0x4B07, 0x4B07, 0x4B07,
0x4B07, 0x4B07, 0x5A46, 0x5A46, 0x5A46, 0x5A46, 0x5A46, 0x5A46, 0xE673, 0xE673, 0xE673, 0xE673, 0xE673, 0xE673, 0xE693, 0xE693,
0xE693, 0xE693, 0xE693, 0xE693, 0xE694, 0xE6B4, 0xEEB4, 0xEEB4, 0xEEB4, 0xEEB4, 0x5A66, 0x5A66, 0x6266, 0xEED4, 0xEED4, 0xEED4,
0xEED4, 0xEEF4, 0xF6F4, 0xF6F4, 0xF6F5, 0xF6F5, 0xF6F5, 0xF6F5, 0xF715, 0xF715, 0xF715, 0xF715, 0xF715, 0xFF35, 0xFF35, 0xFF35,
0xFF35, 0xFF35, 0x6AC7, 0x6AC7, 0x6AC7, 0xFF55, 0xFF56, 0xFF56, 0xFF56, 0xFF56, 0xFF56, 0xFF76, 0xFF76, 0xFF76, 0xB4EE, 0xB4EE,
0xB50E, 0xB50E, 0xBD0E, 0xBD0E, 0xBD0E, 0xBD0E, 0xBD0E, 0xBD0E, 0xBD0E, 0xBD0E, 0xBD0E, 0xBD0E, 0xBD0E, 0xBD0E, 0xFF76, 0xFF76,
0xFF76, 0xFF76, 0xFF76, 0xFF76, 0xFF76, 0xFF76, 0xFF56, 0xFF56, 0xFF56, 0xFF56, 0xFF56, 0xFF55, 0xFF55, 0xFF35, 0xFF35, 0xFF35,
0xFF35, 0xFF35, 0x6AA7, 0x6AA6, 0x62A6, 0xF715, 0xF715, 0xF715, 0xF715, 0xF6F5, 0xF6F5, 0xF6F5, 0xF6F5, 0xF6F4, 0xF6F4, 0xEEF4,
0xEED4, 0xEED4, 0xEED4, 0xEED4, 0xEED4, 0xEEB4, 0xEEB4, 0xEEB4, 0xEEB4, 0xEEB4, 0x5A66, 0x5A66, 0x5A66, 0xE693, 0xE693, 0xE693,
0xE693, 0xE693, 0xE693, 0xE673, 0xE673, 0xE673, 0xE673, 0xE673, 0x5A46, 0x5A46, 0x5A46, 0x5A46, 0x5A46, 0x5A46, 0x4B07, 0x4B07,
0x4B07, 0x4B07, 0x4B07, 0x28E2, 0x28E2, 0x28E2, 0x28E2, 0x28E2, 0x4983, 0x4983, 0x4983, 0x4983, 0x4983, 0x4983, 0x4983, 0x4983,
0x4983, 0x4983, 0x4983, 0x4983, 0x4983, 0x4983, 0x4983, 0x4983, 0x4983, 0x4983, 0x4983, 0x4983, 0x4983, 0x4983, 0x4983, 0x4983,
0x4983, 0x4983, 0x4983, 0x4983, 0x4983, 0x4983, 0x4983, 0x4983, 0x4983, 0x4983, 0x4983, 0x4B07, 0x4B07, 0x4B07, 0x4B07, 0x4B07,
0x4B07, 0x4B07, 0x4B07, 0x4B07, 0x4B07, 0x4983, 0x4983, 0x4983, 0x4983, 0x4983, 0x4983, 0x4983, 0x4983, 0x4983, 0x4983, 0x4983,
0x4983, 0x4983, 0x4983, 0x4983, 0x6A45, 0x6A45, 0x6A45, 0x6A45, 0x6A45, 0x6A45, 0x6A45, 0x6A45, 0x6A45, 0x6A45, 0x4983, 0x4983,
0x4983, 0x4983, 0x4983, 0x4983, 0x4983, 0x4983, 0x4983, 0x4983, 0x4983, 0x4983, 0x4983, 0x4983, 0x4983, 0x4B07, 0x4B07, 0x4B07,
0x4B07, 0x4B07, 0x5A46, 0x5A46, 0x5A46, 0x5A46, 0x5A46, 0x5A46, 0xE673, 0xE673, 0xE673, 0xE673, 0xE673, 0xE673, 0xE673, 0xE693,
0xE693, 0xE693, 0xE693, 0xE693, 0xE693, 0xE694, 0xEEB4, 0xEEB4, 0xEEB4, 0xEEB4, 0x5A66, 0x5A66, 0x6266, 0xEED4, 0xEED4, 0xEED4,
0xEED4, 0xEEF4, 0xEEF4, 0xF6F4, 0xF6F4, 0xF6F5, 0xF6F5, 0xF6F5, 0xF715, 0xF715, 0xF715, 0xF715, 0xF715, 0xFF15, 0xFF35, 0xFF35,
0xFF35, 0xFF35, 0x6AC7, 0x6AC7, 0x6AC7, 0xFF55, 0xFF56, 0xFF56, 0xFF56, 0xFF56, 0xFF56, 0xFF56, 0xFF76, 0xFF76, 0xB4EE, 0xB4EE,
0xB50E, 0xB50E, 0xBD0E, 0xBD0E, 0xBD0E, 0xBD0E, 0xBD0E, 0xBD0E, 0xBD0E, 0xBD0E, 0xBD0E, 0xBD0E, 0xBD0E, 0xBD0E, 0xFF76, 0xFF76,
0xFF76, 0xFF76, 0xFF76, 0xFF76, 0xFF76, 0xFF56, 0xFF56, 0xFF56, 0xFF56, 0xFF56, 0xFF56, 0xFF55, 0xFF55, 0xFF35, 0xFF35, 0xFF35,
0xFF35, 0xFF35, 0x6AA7, 0x6AA6, 0x62A6, 0xF715, 0xF715, 0xF715, 0xF715, 0xF6F5, 0xF6F5, 0xF6F5, 0xF6F4, 0xF6F4, 0xEEF4, 0xEEF4,
0xEED4, 0xEED4, 0xEED4, 0xEED4, 0xEED4, 0xEEB4, 0xEEB4, 0xEEB4, 0xEEB4, 0xEEB4, 0x5A66, 0x5A66, 0x5A46, 0xE693, 0xE693, 0xE693,
0xE693, 0xE693, 0xE673, 0xE673, 0xE673, 0xE673, 0xE673, 0xE673, 0x5A46, 0x5A46, 0x5A46, 0x5A46, 0x5A46, 0x5A46, 0x4B07, 0x4B07,
0x4B07, 0x4B07, 0x4B07, 0x28E2, 0x28E2, 0x28E2, 0x28E2, 0x28E2, 0x4983, 0x4983, 0x4983, 0x4983, 0x4983, 0x4983, 0x4983, 0x4983,
0x4983, 0x4983, 0x4983, 0x4983, 0x4983, 0x4983, 0x4983, 0x4983, 0x4983, 0x4983, 0x4983, 0x4983, 0x4983, 0x4983, 0x4983, 0x4983,
0x4983, 0x4983, 0x4983, 0x4983, 0x4983, 0x4983, 0x4983, 0x4983, 0x4983, 0x4983, 0x4983, 0x4B07, 0x4B07, 0x4B07, 0x4B07, 0x4B07,
0x4B07, 0x4B07, 0x4B07, 0x4B07, 0x4B07, 0x4983, 0x4983, 0x4983, 0x4983, 0x4983, 0x4983, 0x4983, 0x4983, 0x4983, 0x4983, 0x4983,
0x4983, 0x4983, 0x4983, 0x4983, 0x4983, 0x4983, 0x4983, 0x4983, 0x4983, 0x4983, 0x4983, 0x4983, 0x4983, 0x4983, 0x4983, 0x4983,
0x4983, 0x4983, 0x4983, 0x4983, 0x4983, 0x4983, 0x4983, 0x4983, 0x4983, 0x4983, 0x4983, 0x4983, 0x4983, 0x4B07, 0x4B07, 0x4B07,
0x4B07, 0x4B07, 0x5A46, 0x5A46, 0x5A46, 0x5A46, 0x5A46, 0x5A46, 0xE673, 0xE673, 0xE673, 0xE673, 0xE673, 0xE673, 0xE673, 0xE693,
0xE693, 0xE693, 0xE693, 0xE693, 0xE693, 0xE694, 0xE6B4, 0xEEB4, 0xEEB4, 0xEEB4, 0x5A66, 0x5A66, 0x5A66, 0xEED4, 0xEED4, 0xEED4,
0xEED4, 0xEED4, 0xEEF4, 0xF6F4, 0xF6F4, 0xF6F4, 0xF6F5, 0xF6F5, 0xF715, 0xF715, 0xF715, 0xF715, 0xF715, 0xF715, 0xFF15, 0xFF35,
0xFF35, 0xFF35, 0x6AC7, 0x6AC7, 0x6AC7, 0xFF55, 0xFF56, 0xFF56, 0xFF56, 0xFF56, 0xFF56, 0xFF56, 0xFF76, 0xFF76, 0xB4EE, 0xB4EE,
0xB4EE, 0xB50E, 0xBD0E, 0xBD0E, 0xBD0E, 0xBD0E, 0xBD0E, 0xBD0E, 0xBD0E, 0xBD0E, 0xBD0E, 0xBD0E, 0xBD0E, 0xBD0E, 0xFF76, 0xFF76,
0xFF76, 0xFF76, 0xFF76, 0xFF76, 0xFF76, 0xFF56, 0xFF56, 0xFF56, 0xFF56, 0xFF56, 0xFF56, 0xFF55, 0xFF35, 0xFF35, 0xFF35, 0xFF35,
0xFF35, 0xFF35, 0x6AA6, 0x6AA6, 0x62A6, 0xF715, 0xF715, 0xF715, 0xF715, 0xF6F5, 0xF6F5, 0xF6F4, 0xF6F4, 0xF6F4, 0xEEF4, 0xEED4,
0xEED4, 0xEED4, 0xEED4, 0xEED4, 0xEED4, 0xEEB4, 0xEEB4, 0xEEB4, 0xEEB4, 0xEEB4, 0x5A66, 0x5A66, 0x5A46, 0xE693, 0xE693, 0xE693,
0xE693, 0xE693, 0xE673, 0xE673, 0xE673, 0xE673, 0xE673, 0xE673, 0x5A46, 0x5A46, 0x5A46, 0x5A46, 0x5A46, 0x5A46, 0x4B07, 0x4B07,
0x4B07, 0x4B07, 0x4B07, 0x28E2, 0x28E2, 0x28E2, 0x28E2, 0x28E2, 0x4983, 0x4983, 0x4983, 0x4983, 0x4983, 0x4983, 0x4983, 0x4983,
0x4983, 0x4983, 0x4983, 0x4983, 0x4983, 0x4983, 0x4983, 0x4983, 0x4983, 0x4983, 0x4983, 0x4983, 0x4983, 0x4983, 0x4983, 0x4983,
0x4983, 0x4983, 0x4983, 0x4983, 0x4983, 0x4983, 0x4983, 0x4983, 0x4983, 0x4983, 0x4983, 0x4B07, 0x4B07, 0x4B07, 0x4B07, 0x4B07,
0x4B07, 0x4B07, 0x4B07, 0x4B07, 0x4B07, 0x4983, 0x4983, 0x4983, 0x4983, 0x4983, 0x4983, 0x4983, 0x4983, 0x4983, 0x4983, 0x4983,
0x4983, 0x4983, 0x4983, 0x4983, 0x4983, 0x4983, 0x4983, 0x4983, 0x4983, 0x4983, 0x4983, 0x4983, 0x4983, 0x4983, 0x4983, 0x4983,
0x4983, 0x4983, 0x4983, 0x4983, 0x4983, 0x4983, 0x4983, 0x4983, 0x4983, 0x4983, 0x4983, 0x4983, 0x4983, 0x4B07, 0x4B07, 0x4B07,
0x4B07, 0x4B07, 0x5A46, 0x5A46, 0x5A46, 0x5A46, 0x5A46, 0x5A46, 0xE673, 0xE673, 0xE673, 0xE673, 0xE673, 0xE673, 0xE673, 0xE673,
0xE693, 0xE693, 0xE693, 0xE693, 0xE693, 0xE693, 0xE694, 0xEEB4, 0xEEB4, 0xEEB4, 0x5A66, 0x5A66, 0x5A66, 0xEED4, 0xEED4, 0xEED4,
0xEED4, 0xEED4, 0xEED4, 0xF6F4, 0xF6F4, 0xF6F4, 0xF6F4, 0xF6F5, 0xF6F5, 0xF715, 0xF715, 0xF715, 0xF715, 0xF715, 0xF715, 0xFF15,
0xFF35, 0xFF35, 0x6AC7, 0x6AC7, 0x6AC7, 0xFF35, 0xFF55, 0xFF56, 0xFF56, 0xFF56, 0xFF56, 0xFF56, 0xFF56, 0xFF76, 0xFF76, 0xFF76,
0xFF76, 0xFF76, 0xFF76, 0xFF76, 0xFF76, 0xFF76, 0xFF96, 0xFF96, 0xFF96, 0xFF96, 0x7307, 0x72E7, 0x72E7, 0xFF76, 0xFF76, 0xFF76,
0xFF76, 0xFF76, 0xFF76, 0xFF76, 0xFF56, 0xFF56, 0xFF56, 0xFF56, 0xFF56, 0xFF56, 0xFF55, 0xFF35, 0xFF35, 0xFF35, 0xFF35, 0xFF35,
0xFF35, 0xFF15, 0x6AA6, 0x62A6, 0x62A6, 0xF715, 0xF715, 0xF715, 0xF6F5, 0xF6F5, 0xF6F4, 0xF6F4, 0xF6F4, 0xF6F4, 0xEED4, 0xEED4,
0xEED4, 0xEED4, 0xEED4, 0xEED4, 0xEEB4, 0xEEB4, 0xEEB4, 0xEEB4, 0xEEB4, 0xEEB4, 0x5A66, 0x5A66, 0x5A46, 0xE693, 0xE693, 0xE693,
0xE693, 0xE673, 0xE673, 0xE673, 0xE673, 0xE673, 0xE673, 0xE673, 0x5A46, 0x5A46, 0x5A46, 0x5A46, 0x5A46, 0x5A46, 0x4B07, 0x4B07,
0x4B07, 0x4B07, 0x4B07, 0x28E2, 0x28E2, 0x28E2, 0x28E2, 0x28E2, 0x4983, 0x4983, 0x4983, 0x4983, 0x4983, 0x4983, 0x4983, 0x4983,
0x4983, 0x4983, 0x4983, 0x4983, 0x4983, 0x4983, 0x4983, 0x4983, 0x4983, 0x4983, 0x4983, 0x4983, 0x4983, 0x4983, 0x4983, 0x4983,
0x4983, 0x4983, 0x4983, 0x4983, 0x4983, 0x4983, 0x4983, 0x4983, 0x4983, 0x4983, 0x4983, 0x4B07, 0x4B07, 0x4B07, 0x4B07, 0x4B07,
0x4B07, 0x4B07, 0x4B07, 0x4B07, 0x4B07, 0x4983, 0x4983, 0x4983, 0x4983, 0x4983, 0x4983, 0x4983, 0x4983, 0x4983, 0x4983, 0x4983,
0x4983, 0x4983, 0x4983, 0x4983, 0x4983, 0x4983, 0x4983, 0x4983, 0x4983, 0x4983, 0x4983, 0x4983, 0x4983, 0x4983, 0x4983, 0x4983,
0x4983, 0x4983, 0x4983, 0x4983, 0x4983, 0x4983, 0x4983, 0x4983, 0x4983, 0x4983, 0x4983, 0x4983, 0x4983, 0x4B07, 0x4B07, 0x4B07,
0x4B07, 0x4B07, 0x5A46, 0x5A46, 0x5A46, 0x5A46, 0x5A46, 0x5A46, 0xE673, 0xE673, 0xE673, 0xE673, 0xE673, 0xE673, 0xE673, 0xE673,
0xE693, 0xE693, 0xE693, 0xE693, 0xE693, 0xE693, 0xE694, 0xE694, 0xEEB4, 0xEEB4, 0x5A66, 0x5A66, 0x5A66, 0xEED4, 0xEED4, 0xEED4,
0xEED4, 0xEED4, 0xEED4, 0xEED4, 0xF6F4, 0xF6F4, 0xF6F4, 0xF6F4, 0xF6F5, 0xF715, 0xF715, 0xF715, 0xF715, 0xF715, 0xF715, 0xF715,
0xFF35, 0xFF35, 0x6AA7, 0x6AC7, 0x6AC7, 0xFF35, 0xFF35, 0xFF55, 0xFF55, 0xFF56, 0xFF56, 0xFF56, 0xFF56, 0xFF56, 0xFF56, 0xFF76,
0xFF76, 0xFF76, 0xFF76, 0xFF76, 0xFF76, 0xFF76, 0xFF96, 0xFF96, 0xFF96, 0xFF96, 0x7307, 0x72E7, 0x72E7, 0xFF76, 0xFF76, 0xFF76,
0xFF76, 0xFF76, 0xFF56, 0xFF56, 0xFF56, 0xFF56, 0xFF56, 0xFF56, 0xFF55, 0xFF55, 0xFF35, 0xFF35, 0xFF35, 0xFF35, 0xFF35, 0xFF35,
0xFF35, 0xF715, 0x6AA6, 0x62A6, 0x62A6, 0xF715, 0xF715, 0xF715, 0xF6F5, 0xF6F4, 0xF6F4, 0xF6F4, 0xF6F4, 0xEED4, 0xEED4, 0xEED4,
0xEED4, 0xEED4, 0xEED4, 0xEED4, 0xEEB4, 0xEEB4, 0xEEB4, 0xEEB4, 0xEEB4, 0xE694, 0x5A66, 0x5A46, 0x5A46, 0xE693, 0xE693, 0xE693,
0xE693, 0xE673, 0xE673, 0xE673, 0xE673, 0xE673, 0xE673, 0xE673, 0x5A46, 0x5A46, 0x5A46, 0x5A46, 0x5A46, 0x5A46, 0x4B07, 0x4B07,
0x4B07, 0x4B07, 0x4B07, 0x28E2, 0x28E2, 0x28E2, 0x28E2, 0x28E2, 0x4983, 0x4983, 0x4983, 0x4983, 0x4983, 0x4983, 0x4983, 0x4983,
0x4983, 0x4983, 0x4983, 0x4983, 0x4983, 0x4983, 0x4983, 0x4983, 0x4983, 0x4983, 0x4983, 0x4983, 0x4983, 0x4983, 0x4983, 0x4983,
0x4983, 0x4983, 0x4983, 0x4983, 0x4983, 0x4983, 0x4983, 0x4983, 0x4983, 0x4983, 0x4983, 0x4B07, 0x4B07, 0x4B07, 0x4B07, 0x4B07,
0x4AE7, 0x4AE7, 0x4AE7, 0x4AE7, 0x4AE7, 0x4983, 0x4983, 0x4983, 0x4983, 0x4983, 0x4983, 0x4983, 0x4983, 0x4983, 0x4983, 0x4983,
0x4983, 0x4983, 0x4983, 0x4983, 0x4983, 0x4983, 0x4983, 0x4983, 0x4983, 0x4983, 0x4983, 0x4983, 0x4983, 0x4983, 0x4983, 0x4983,
0x4983, 0x4983, 0x4983, 0x4983, 0x4983, 0x4983, 0x4983, 0x4983, 0x4983, 0x4983, 0x4983, 0x4983, 0x4983, 0x4AE7, 0x4AE7, 0x4AE7,
0x4AE7, 0x4AE7, 0x5A46, 0x5A46, 0x5A46, 0x5A46, 0x5A46, 0x5A46, 0xE673, 0xE673, 0xE673, 0xE673, 0xE673, 0xE673, 0xE673, 0xE673,
0xE673, 0xE693, 0xE693, 0xE693, 0xE693, 0xE693, 0xE693, 0xE694, 0xE6B4, 0xEEB4, 0x5A66, 0x5A66, 0x5A66, 0xEED4, 0xEED4, 0xEED4,
0xEED4, 0xEED4, 0xEED4, 0xEED4, 0xF6F4, 0xF6F4, 0xF6F4, 0xF6F4, 0xF6F5, 0xF715, 0xF715, 0xF715, 0xF715, 0xF715, 0xF715, 0xF715,
0xFF15, 0xFF35, 0x6AA7, 0x6AC7, 0x6AC7, 0xFF35, 0xFF35, 0xFF35, 0xFF55, 0xFF55, 0xFF55, 0xFF56, 0xFF56, 0xFF56, 0xFF56, 0xFF76,
0xFF76, 0xFF76, 0xFF76, 0xFF76, 0xFF76, 0xFF76, 0xFF96, 0xFF96, 0xFF96, 0xFF96, 0x7307, 0x72E7, 0x72E7, 0xFF76, 0xFF76, 0xFF76,
0xFF76, 0xFF76, 0xFF56, 0xFF56, 0xFF56, 0xFF56, 0xFF55, 0xFF55, 0xFF55, 0xFF35, 0xFF35, 0xFF35, 0xFF35, 0xFF35, 0xFF35, 0xFF35,
0xFF15, 0xF715, 0x6AA6, 0x62A6, 0x62A6, 0xF715, 0xF715, 0xF715, 0xF6F5, 0xF6F4, 0xF6F4, 0xF6F4, 0xF6F4, 0xEED4, 0xEED4, 0xEED4,
0xEED4, 0xEED4, 0xEED4, 0xEED4, 0xEEB4, 0xEEB4, 0xEEB4, 0xEEB4, 0xE6B4, 0xE694, 0x5A66, 0x5A46, 0x5A46, 0xE693, 0xE693, 0xE693,
0xE673, 0xE673, 0xE673, 0xE673, 0xE673, 0xE673, 0xE673, 0xE673, 0x5A46, 0x5A46, 0x5A46, 0x5A46, 0x5A46, 0x5A46, 0x4AE7, 0x4AE7,
0x4AE7, 0x4AE7, 0x4AE7, 0x28E2, 0x28E2, 0x28E2, 0x28E2, 0x28E2, 0x4983, 0x4983, 0x4983, 0x4983, 0x4983, 0x4983, 0x4983, 0x4983,
0x4983, 0x4983, 0x4983, 0x4983, 0x4983, 0x4983, 0x4983, 0x4983, 0x4983, 0x4983, 0x4983, 0x4983, 0x4983, 0x4983, 0x4983, 0x4983,
0x4983, 0x4983, 0x4983, 0x4983, 0x4983, 0x4983, 0x4983, 0x4983, 0x4983, 0x4983, 0x4983, 0x4AE7, 0x4AE7, 0x4AE7, 0x4AE7, 0x4AE7,
0x4AE7, 0x4AE7, 0x4AE7, 0x4AE7, 0x4AE7, 0x4983, 0x4983, 0x4983, 0x4983, 0x4983, 0x4983, 0x4983, 0x4983, 0x4983, 0x4983, 0x4983,
0x4983, 0x4983, 0x4983, 0x4983, 0x4983, 0x4983, 0x4983, 0x4983, 0x4983, 0x4983, 0x4983, 0x4983, 0x4983, 0x4983, 0x4983, 0x4983,
0x4983, 0x4983, 0x4983, 0x4983, 0x4983, 0x4983, 0x4983, 0x4983, 0x4983, 0x4983, 0x4983, 0x4983, 0x4983, 0x4AE7, 0x4AE7, 0x4AE7,
0x4AE7, 0x4AE7, 0x5A46, 0x5A46, 0x5A46, 0x5A46, 0x5A46, 0x5A46, 0xE673, 0xE673, 0xE673, 0xE673, 0xE673, 0xE673, 0xE673, 0xE673,
0xE673, 0xE693, 0xE693, 0xE693, 0xE693, 0xE693, 0xE693, 0xE693, 0xE694, 0xEEB4, 0x5A66, 0x5A66, 0x5A66, 0xEEB4, 0xEED4, 0xEED4,
0xEED4, 0xEED4, 0xEED4, 0xEED4, 0xF6D4, 0xF6F4, 0xF6F4, 0xF6F4, 0xF6F5, 0xF6F5, 0xF715, 0xF715, 0xF715, 0xF715, 0xF715, 0xF715,
0xF715, 0xFF35, 0x6AA7, 0x6AC7, 0x6AC7, 0xFF35, 0xFF35, 0xFF35, 0xFF55, 0xFF55, 0xFF55, 0xFF56, 0xFF56, 0xFF56, 0xFF56, 0xFF76,
0xFF76, 0xFF76, 0xFF76, 0xFF76, 0xFF76, 0xFF76, 0xFF76, 0xFF76, 0xFF76, 0xFF76, 0x72E7, 0x72E7, 0x72E7, 0xFF76, 0xFF76, 0xFF76,
0xFF76, 0xFF76, 0xFF56, 0xFF56, 0xFF56, 0xFF56, 0xFF55, 0xFF55, 0xFF55, 0xFF35, 0xFF35, 0xFF35, 0xFF35, 0xFF35, 0xFF35, 0xFF35,
0xF715, 0xF715, 0x62A6, 0x62A6, 0x62A6, 0xF715, 0xF715, 0xF6F5, 0xF6F5, 0xF6F4, 0xF6F4, 0xF6F4, 0xF6D4, 0xEED4, 0xEED4, 0xEED4,
0xEED4, 0xEED4, 0xEED4, 0xEEB4, 0xEEB4, 0xEEB4, 0xEEB4, 0xEEB4, 0xE694, 0xE693, 0x5A66, 0x5A46, 0x5A46, 0xE693, 0xE693, 0xE693,
0xE673, 0xE673, 0xE673, 0xE673, 0xE673, 0xE673, 0xE673, 0xE673, 0x5A46, 0x5A46, 0x5A46, 0x5A46, 0x5A46, 0x5A46, 0x4AE7, 0x4AE7,
0x4AE7, 0x4AE7, 0x4AE7, 0x28E2, 0x28E2, 0x28E2, 0x28E2, 0x28E2, 0x4983, 0x4983, 0x4983, 0x4983, 0x4983, 0x4983, 0x4983, 0x4983,
0x4983, 0x4983, 0x4983, 0x4983, 0x4983, 0x4983, 0x4983, 0x4983, 0x4983, 0x4983, 0x4983, 0x4983, 0x4983, 0x4983, 0x4983, 0x4983,
0x4983, 0x4983, 0x4983, 0x4983, 0x4983, 0x4983, 0x4983, 0x4983, 0x4983, 0x4983, 0x4983, 0x4AE7, 0x4AE7, 0x4AE7, 0x4AE7, 0x4AE7,
0x4AE7, 0x4AE7, 0x4AE7, 0x4AE7, 0x4AE7, 0x4983, 0x4983, 0x4983, 0x4983, 0x4983, 0x4983, 0x4983, 0x4983, 0x4983, 0x4983, 0x4983,
0x4983, 0x4983, 0x4983, 0x4983, 0x4983, 0x4983, 0x4983, 0x4983, 0x4983, 0x4983, 0x4983, 0x4983, 0x4983, 0x4983, 0x4983, 0x4983,
0x4983, 0x4983, 0x4983, 0x4983, 0x4983, 0x4983, 0x4983, 0x4983, 0x4983, 0x4983, 0x4983, 0x4983, 0x4983, 0x4AE7, 0x4AE7, 0x4AE7,
0x4AE7, 0x4AE7, 0x5A46, 0x5A46, 0x5A46, 0x5A46, 0x5A46, 0x5A46, 0xE673, 0xE673, 0xE673, 0xE673, 0xE673, 0xE673, 0xE673, 0xE673,
0xE673, 0xE673, 0xE693, 0xE693, 0xE693, 0xE693, 0xE693, 0xE693, 0xE694, 0xE6B4, 0x5A66, 0x5A66, 0x5A66, 0xEEB4, 0xEED4, 0xEED4,
0xEED4, 0xEED4, 0xEED4, 0xEED4, 0xEED4, 0xF6F4, 0xF6F4, 0xF6F4, 0xF6F4, 0xF6F5, 0xF6F5, 0xF715, 0xF715, 0xF715, 0xF715, 0xF715,
0xF715, 0xFF35, 0x6AA7, 0x6AA7, 0x6AC7, 0xFF35, 0xFF35, 0xFF35, 0xFF55, 0xFF55, 0xFF55, 0xFF55, 0xFF56, 0xFF56, 0xFF56, 0xFF56,
0xFF76, 0xFF76, 0xFF76, 0xFF76, 0xFF76, 0xFF76, 0xFF76, 0xFF76, 0xFF76, 0xFF76, 0x72E7, 0x72E7, 0x72E7, 0xFF76, 0xFF76, 0xFF76,
0xFF76, 0xFF56, 0xFF56, 0xFF56, 0xFF56, 0xFF55, 0xFF55, 0xFF55, 0xFF55, 0xFF35, 0xFF35, 0xFF35, 0xFF35, 0xFF35, 0xFF35, 0xFF35,
0xF715, 0xF715, 0x62A6, 0x62A6, 0x62A6, 0xF715, 0xF6F5, 0xF6F5, 0xF6F4, 0xF6F4, 0xF6F4, 0xF6F4, 0xEED4, 0xEED4, 0xEED4, 0xEED4,
0xEED4, 0xEED4, 0xEED4, 0xEEB4, 0xEEB4, 0xEEB4, 0xEEB4, 0xE6B4, 0xE694, 0xE693, 0x5A46, 0x5A46, 0x5A46, 0xE693, 0xE693, 0xE673,
0xE673, 0xE673, 0xE673, 0xE673, 0xE673, 0xE673, 0xE673, 0xE673, 0x5A46, 0x5A46, 0x5A46, 0x5A46, 0x5A46, 0x5A46, 0x4AE7, 0x4AE7,
0x4AE7, 0x4AE7, 0x4AE7, 0x28E2, 0x28E2, 0x28E2, 0x28E2, 0x28E2, 0x4983, 0x4983, 0x4983, 0x4983, 0x4983, 0x4983, 0x4983, 0x4983,
0x4983, 0x4983, 0x4983, 0x4983, 0x4983, 0x4983, 0x4983, 0x4983, 0x4983, 0x4983, 0x4983, 0x4983, 0x4983, 0x4983, 0x4983, 0x4983,
0x4983, 0x4983, 0x4983, 0x4983, 0x4983, 0x4983, 0x4983, 0x4983, 0x4983, 0x4983, 0x4983, 0x4AE7, 0x4AE7, 0x4AE7, 0x4AE7, 0x4AE7,
0x4AE7, 0x4AE7, 0x4AE7, 0x4AE7, 0x4AE7, 0x4983, 0x4983, 0x4983, 0x4983, 0x4983, 0x4983, 0x4983, 0x4983, 0x4983, 0x4983, 0x4983,
0x4983, 0x4983, 0x4983, 0x4983, 0x4983, 0x4983, 0x4983, 0x4983, 0x4983, 0x4983, 0x4983, 0x4983, 0x4983, 0x4983, 0x4983, 0x4983,
0x4983, 0x4983, 0x4983, 0x4983, 0x4983, 0x4983, 0x4983, 0x4983, 0x4983, 0x4983, 0x4983, 0x4983, 0x4983, 0x4AE7, 0x4AE7, 0x4AE7,
0x4AE7, 0x4AE7, 0x5A46, 0x5A46, 0x5A46, 0x5A46, 0x5A46, 0x5A46, 0xE673, 0xE673, 0xE673, 0xE673, 0xE673, 0xE673, 0xE673, 0xE673,
0xE673, 0xE673, 0xE673, 0xE693, 0xE693, 0xE693, 0xE693, 0xE693, 0xE693, 0xE6B4, 0x5A66, 0x5A66, 0x5A66, 0xEEB4, 0xEEB4, 0xEED4,
0xEED4, 0xEED4, 0xEED4, 0xEED4, 0xEED4, 0xF6F4, 0xF6F4, 0xF6F4, 0xF6F4, 0xF6F5, 0xF6F5, 0xF6F5, 0xF715, 0xF715, 0xF715, 0xF715,
0xF715, 0xFF15, 0x6AA7, 0x6AA7, 0x6AC7, 0xFF35, 0xFF35, 0xFF35, 0xFF35, 0xFF55, 0xFF55, 0xFF55, 0xFF56, 0xFF56, 0xFF56, 0xFF56,
0xFF56, 0xFF56, 0xFF76, 0xFF76, 0xFF76, 0xFF76, 0xFF76, 0xFF76, 0xFF76, 0xFF76, 0x72E7, 0x72E7, 0x72E7, 0xFF76, 0xFF76, 0xFF56,
0xFF56, 0xFF56, 0xFF56, 0xFF56, 0xFF56, 0xFF55, 0xFF55, 0xFF55, 0xFF35, 0xFF35, 0xFF35, 0xFF35, 0xFF35, 0xFF35, 0xFF35, 0xFF15,
0xF715, 0xF715, 0x62A6, 0x62A6, 0x62A6, 0xF6F5, 0xF6F5, 0xF6F5, 0xF6F4, 0xF6F4, 0xF6F4, 0xF6F4, 0xEED4, 0xEED4, 0xEED4, 0xEED4,
0xEED4, 0xEED4, 0xEEB4, 0xEEB4, 0xEEB4, 0xEEB4, 0xEEB4, 0xE6B4, 0xE693, 0xE693, 0x5A46, 0x5A46, 0x5A46, 0xE693, 0xE673, 0xE673,
0xE673, 0xE673, 0xE673, 0xE673, 0xE673, 0xE673, 0xE673, 0xE673, 0x5A46, 0x5A46, 0x5A46, 0x5A46, 0x5A46, 0x5A46, 0x4AE7, 0x4AE7,
0x4AE7, 0x4AE7, 0x4AE7, 0x28E2, 0x28E2, 0x28E2, 0x28E2, 0x28E2, 0x4983, 0x4983, 0x4983, 0x4983, 0x4983, 0x4983, 0x4983, 0x4983,
0x4983, 0x4983, 0x4983, 0x4983, 0x4983, 0x4983, 0x4983, 0x4983, 0x4983, 0x4983, 0x4983, 0x4983, 0x4983, 0x4983, 0x4983, 0x4983,
0x4983, 0x4983, 0x4983, 0x4983, 0x4983, 0x4983, 0x4983, 0x4983, 0x4983, 0x4983, 0x4983, 0x4AE7, 0x4AE7, 0x4AE7, 0x4AE7, 0x4AE7,
0x4AE7, 0x4AE7, 0x4AE7, 0x4AE7, 0x4AE7, 0x4983, 0x4983, 0x4983, 0x4983, 0x4983, 0x4983, 0x4983, 0x4983, 0x4983, 0x4983, 0x4983,
0x4983, 0x4983, 0x4983, 0x4983, 0x4983, 0x4983, 0x4983, 0x4983, 0x4983, 0x4983, 0x4983, 0x4983, 0x4983, 0x4983, 0x4983, 0x4983,
0x4983, 0x4983, 0x4983, 0x4983, 0x4983, 0x4983, 0x4983, 0x4983, 0x4983, 0x4983, 0x4983, 0x4983, 0x4983, 0x4AE7, 0x4AE7, 0x4AE7,
0x4AE7, 0x4AE7, 0x5A46, 0x5A46, 0x5A46, 0x5A46, 0x5A46, 0x5A46, 0xE673, 0xE673, 0xE673, 0xE673, 0xE673, 0xE673, 0xE673, 0xE673,
0xE673, 0xE673, 0xE673, 0xE693, 0xE693, 0xE693, 0xE693, 0xE693, 0xE693, 0xE693, 0x5A66, 0x5A66, 0x5A66, 0xEEB4, 0xEEB4, 0xEED4,
0xEED4, 0xEED4, 0xEED4, 0xEED4, 0xEED4, 0xF6D4, 0xF6F4, 0xF6F4, 0xF6F4, 0xF6F5, 0xF6F5, 0xF6F5, 0xF6F5, 0xF715, 0xF715, 0xF715,
0xF715, 0xF715, 0x6AA7, 0x6AA7, 0x6AC7, 0xFF35, 0xFF35, 0xFF35, 0xFF35, 0xFF35, 0xFF35, 0xFF55, 0xFF56, 0xFF56, 0xFF56, 0xFF56,
0xFF56, 0xFF56, 0xFF56, 0xFF76, 0xFF76, 0xFF76, 0xFF76, 0xFF76, 0xFF76, 0xFF76, 0x72E7, 0x72E7, 0x72E7, 0xFF76, 0xFF56, 0xFF56,
0xFF56, 0xFF56, 0xFF56, 0xFF56, 0xFF56, 0xFF55, 0xFF35, 0xFF35, 0xFF35, 0xFF35, 0xFF35, 0xFF35, 0xFF35, 0xFF35, 0xFF15, 0xF715,
0xF715, 0xF715, 0x62A6, 0x62A6, 0x62A6, 0xF6F5, 0xF6F5, 0xF6F5, 0xF6F4, 0xF6F4, 0xF6F4, 0xF6D4, 0xEED4, 0xEED4, 0xEED4, 0xEED4,
0xEED4, 0xEED4, 0xEEB4, 0xEEB4, 0xEEB4, 0xEEB4, 0xE6B4, 0xE693, 0xE693, 0xE693, 0x5A46, 0x5A46, 0x5A46, 0xE693, 0xE673, 0xE673,
0xE673, 0xE673, 0xE673, 0xE673, 0xE673, 0xE673, 0xE673, 0xE673, 0x5A46, 0x5A46, 0x5A46, 0x5A46, 0x5A46, 0x5A46, 0x4AE7, 0x4AE7,
0x4AE7, 0x4AE7, 0x4AE7, 0x28E2, 0x28E2, 0x28E2, 0x28E2, 0x28E2, 0x4983, 0x4983, 0x4983, 0x4983, 0x4983, 0x4983, 0x4983, 0x4983,
0x4983, 0x4983, 0x4983, 0x4983, 0x4983, 0x4983, 0x4983, 0x4983, 0x4983, 0x4983, 0x4983, 0x4983, 0x4983, 0x4983, 0x4983, 0x4983,
0x4983, 0x4983, 0x4983, 0x4983, 0x4983, 0x4983, 0x4983, 0x4983, 0x4983, 0x4983, 0x4983, 0x4AE7, 0x4AE7, 0x4AE7, 0x4AE7, 0x4AE7,
0x4AE7, 0x4AE7, 0x4AE7, 0x4AE7, 0x4AE7, 0x4983, 0x4983, 0x4983, 0x4983, 0x4983, 0x4983, 0x4983, 0x4983, 0x4983, 0x4983, 0x4983,
0x4983, 0x4983, 0x4983, 0x4983, 0x4983, 0x4983, 0x4983, 0x4983, 0x4983, 0x4983, 0x4983, 0x4983, 0x4983, 0x4983, 0x4983, 0x4983,
0x4983, 0x4983, 0x4983, 0x4983, 0x4983, 0x4983, 0x4983, 0x4983, 0x4983, 0x4983, 0x4983, 0x4983, 0x4983, 0x4AE7, 0x4AE7, 0x4AE7,
0x4AE7, 0x4AE7, 0x5A46, 0x5A46, 0x5A46, 0x5A46, 0x5A46, 0x5A46, 0xE673, 0xE673, 0xE673, 0xE673, 0xE673, 0xE673, 0xE673, 0xE673,
0xE673, 0xE673, 0xE673, 0xE673, 0xE693, 0xE693, 0xE693, 0xE693, 0xE693, 0xE693, 0x5A66, 0x5A66, 0x5A66, 0xEEB4, 0xEEB4, 0xEEB4,
0xEED4, 0xEED4, 0xEED4, 0xEED4, 0xEED4, 0xEED4, 0xF6F4, 0xF6F4, 0xF6F4, 0xF6F5, 0xF6F5, 0xF6F5, 0xF6F5, 0xF715, 0xF715, 0xF715,
0xF715, 0xF715, 0x6AA7, 0x6AA7, 0x6AA7, 0xFF35, 0xFF35, 0xFF35, 0xFF35, 0xFF35, 0xFF35, 0xFF35, 0xFF55, 0xFF55, 0xFF55, 0xFF55,
0xFF56, 0xFF56, 0xFF56, 0xFF76, 0xFF76, 0xFF76, 0xFF76, 0xFF76, 0xFF76, 0xFF76, 0x72E7, 0x72E7, 0x72E7, 0xFF76, 0xFF56, 0xFF56,
0xFF56, 0xFF55, 0xFF55, 0xFF55, 0xFF55, 0xFF35, 0xFF35, 0xFF35, 0xFF35, 0xFF35, 0xFF35, 0xFF35, 0xFF15, 0xFF15, 0xFF15, 0xF715,
0xF715, 0xF715, 0x62A6, 0x62A6, 0x62A6, 0xF6F5, 0xF6F5, 0xF6F5, 0xF6F4, 0xF6F4, 0xF6F4, 0xEED4, 0xEED4, 0xEED4, 0xEED4, 0xEED4,
0xEED4, 0xEEB4, 0xEEB4, 0xEEB4, 0xEEB4, 0xEEB4, 0xE6B4, 0xE693, 0xE693, 0xE693, 0x5A46, 0x5A46, 0x5A46, 0xE673, 0xE673, 0xE673,
0xE673, 0xE673, 0xE673, 0xE673, 0xE673, 0xE673, 0xE673, 0xE673, 0x5A46, 0x5A46, 0x5A46, 0x5A46, 0x5A46, 0x5A46, 0x4AE7, 0x4AE7,
0x4AE7, 0x4AE7, 0x4AE7, 0x28E2, 0x28E2, 0x28E2, 0x28E2, 0x28E2, 0x4983, 0x4983, 0x4983, 0x4983, 0x4983, 0x4983, 0x4983, 0x4983,
0x4983, 0x4983, 0x4983, 0x4983, 0x4983, 0x4983, 0x4983, 0x4983, 0x4983, 0x4983, 0x4983, 0x4983, 0x4983, 0x4983, 0x4983, 0x4983,
0x4983, 0x4983, 0x4983, 0x4983, 0x4983, 0x4983, 0x4983, 0x4983, 0x4983, 0x4983, 0x4983, 0x4AE7, 0x4AE7, 0x4AE7, 0x4AE7, 0x4AE7,
0x4AE7, 0x4AE7, 0x4AE7, 0x4AE7, 0x4AE7, 0x4983, 0x4983, 0x4983, 0x4983, 0x4983, 0x4983, 0x4983, 0x4983, 0x4983, 0x4983, 0x4983,
0x4983, 0x4983, 0x4983, 0x4983, 0x4983, 0x4983, 0x4983, 0x4983, 0x4983, 0x4983, 0x4983, 0x4983, 0x4983, 0x4983, 0x4983, 0x4983,
0x4983, 0x4983, 0x4983, 0x4983, 0x4983, 0x4983, 0x4983, 0x4983, 0x4983, 0x4983, 0x4983, 0x4983, 0x4983, 0x4AE7, 0x4AE7, 0x4AE7,
0x4AE7, 0x4AE7, 0x5A46, 0x5A46, 0x5A46, 0x5A46, 0x5A46, 0x5A46, 0xE673, 0xE673, 0xE673, 0xE673, 0xE673, 0xE673, 0xE673, 0xE673,
0xE673, 0xE673, 0xE673, 0xE673, 0xE673, 0xE693, 0xE693, 0xE693, 0xE693, 0xE693, 0x5A66, 0x5A66, 0x5A66, 0xEEB4, 0xEEB4, 0xEEB4,
0xEEB4, 0xEED4, 0xEED4, 0xEED4, 0xEED4, 0xEED4, 0xEEF4, 0xF6F4, 0xF6F4, 0xF6F4, 0xF6F5, 0xF6F5, 0xF6F5, 0xF6F5, 0xF715, 0xF715,
0xF715, 0xF715, 0x6AA7, 0x6AA7, 0x6AA7, 0xFF35, 0xFF35, 0xFF35, 0xFF35, 0xFF35, 0xFF35, 0xFF35, 0xFF55, 0xFF55, 0xFF55, 0xFF55,
0xFF55, 0xFF56, 0xFF56, 0xFF76, 0xFF76, 0xFF76, 0xFF76, 0xFF76, 0xFF76, 0xFF76, 0x72E7, 0x72E7, 0x72E7, 0xFF76, 0xFF56, 0xFF56,
0xFF55, 0xFF55, 0xFF55, 0xFF55, 0xFF55, 0xFF35, 0xFF35, 0xFF35, 0xFF35, 0xFF35, 0xFF35, 0xFF35, 0xFF15, 0xF715, 0xF715, 0xF715,
0xF715, 0xF715, 0x62A6, 0x62A6, 0x62A6, 0xF6F5, 0xF6F5, 0xF6F4, 0xF6F4, 0xF6F4, 0xEEF4, 0xEED4, 0xEED4, 0xEED4, 0xEED4, 0xEED4,
0xEEB4, 0xEEB4, 0xEEB4, 0xEEB4, 0xEEB4, 0xEEB4, 0xE6B3, 0xE693, 0xE693, 0xE693, 0x5A46, 0x5A46, 0x5A46, 0xE673, 0xE673, 0xE673,
0xE673, 0xE673, 0xE673, 0xE673, 0xE673, 0xE673, 0xE673, 0xE673, 0x5A46, 0x5A46, 0x5A46, 0x5A46, 0x5A46, 0x5A46, 0x4AE7, 0x4AE7,
0x4AE7, 0x4AE7, 0x4AE7, 0x28E2, 0x28E2, 0x28E2, 0x28E2, 0x28E2, 0x4983, 0x4983, 0x4983, 0x4983, 0x4983, 0x4983, 0x4983, 0x4983,
0x4983, 0x4983, 0x4983, 0x4983, 0x4983, 0x4983, 0x4983, 0x4983, 0x4983, 0x4983, 0x4983, 0x4983, 0x4983, 0x4983, 0x4983, 0x4983,
0x4983, 0x4983, 0x4983, 0x4983, 0x4983, 0x4983, 0x4983, 0x4983, 0x4983, 0x4983, 0x4983, 0x4AE7, 0x4AE7, 0x4AE7, 0x4AE7, 0x4AE7,
0x4AE7, 0x4AE7, 0x4AE7, 0x4AE7, 0x4AE7, 0x4983, 0x4983, 0x4983, 0x4983, 0x4983, 0x4983, 0x4983, 0x4983, 0x4983, 0x4983, 0x4983,
0x4983, 0x4983, 0x4983, 0x4983, 0x4983, 0x4983, 0x4983, 0x4983, 0x4983, 0x4983, 0x4983, 0x4983, 0x4983, 0x4983, 0x4983, 0x4983,
0x4983, 0x4983, 0x4983, 0x4983, 0x4983, 0x4983, 0x4983, 0x4983, 0x4983, 0x4983, 0x4983, 0x4983, 0x4983, 0x4AE7, 0x4AE7, 0x4AE7,
0x4AE7, 0x4AE7, 0x5A46, 0x5A46, 0x5A46, 0x5A46, 0x5A46, 0x5A46, 0xE673, 0xE673, 0xE673, 0xE673, 0xE673, 0xE673, 0xE673, 0xE673,
0xE673, 0xE673, 0xE673, 0xE673, 0xE673, 0xE693, 0xE693, 0xE693, 0xE693, 0xE693, 0x5A66, 0x5A66, 0x5A66, 0xEEB4, 0xEEB4, 0xEEB4,
0xEEB4, 0xEEB4, 0xEED4, 0xEED4, 0xEED4, 0xEED4, 0xEED4, 0xEEF4, 0xF6F4, 0xF6F4, 0xF6F4, 0xF6F4, 0xF6F5, 0xF6F5, 0xF715, 0xF715,
0xF715, 0xF715, 0x6AA7, 0x6AA7, 0x6AA7, 0xFF35, 0xFF35, 0xFF35, 0xFF35, 0xFF35, 0xFF35, 0xFF35, 0xFF55, 0xFF55, 0xFF55, 0xFF55,
0xFF55, 0xFF56, 0xFF56, 0xFF56, 0xFF56, 0xFF56, 0xFF76, 0xFF76, 0xFF76, 0xFF76, 0x72E7, 0x72E7, 0x72E7, 0xFF56, 0xFF56, 0xFF56,
0xFF55, 0xFF55, 0xFF55, 0xFF55, 0xFF55, 0xFF35, 0xFF35, 0xFF35, 0xFF35, 0xFF35, 0xFF35, 0xFF35, 0xF715, 0xF715, 0xF715, 0xF715,
0xF715, 0xF715, 0x62A6, 0x62A6, 0x62A6, 0xF6F4, 0xF6F4, 0xF6F4, 0xF6F4, 0xEEF4, 0xEED4, 0xEED4, 0xEED4, 0xEED4, 0xEED4, 0xEEB4,
0xEEB4, 0xEEB4, 0xEEB4, 0xEEB4, 0xEEB4, 0xE6B4, 0xE6B3, 0xE693, 0xE693, 0xE693, 0x5A46, 0x5A46, 0x5A46, 0xE673, 0xE673, 0xE673,
0xE673, 0xE673, 0xE673, 0xE673, 0xE673, 0xE673, 0xE673, 0xE673, 0x5A46, 0x5A46, 0x5A46, 0x5A46, 0x5A46, 0x5A46, 0x4AE7, 0x4AE7,
0x4AE7, 0x4AE7, 0x4AE7, 0x28E2, 0x28E2, 0x28E2, 0x28E2, 0x28E2, 0x4983, 0x4983, 0x4983, 0x4983, 0x4983, 0x4983, 0x4983, 0x4983,
0x4983, 0x4983, 0x4983, 0x4983, 0x4983, 0x4983, 0x4983, 0x4983, 0x4983, 0x4983, 0x4983, 0x4983, 0x4983, 0x4983, 0x4983, 0x4983,
0x4983, 0x4983, 0x4983, 0x4983, 0x4983, 0x4983, 0x4983, 0x4983, 0x4983, 0x4983, 0x4983, 0x4AE7, 0x4AE7, 0x4AE7, 0x4AE7, 0x4AE7,
0x4AE7, 0x4AE7, 0x4AE7, 0x4AE7, 0x4AE7, 0x4983, 0x4983, 0x4983, 0x4983, 0x4983, 0x4983, 0x4983, 0x4983, 0x4983, 0x4983, 0x4983,
0x4983, 0x4983, 0x4983, 0x4983, 0x4983, 0x4983, 0x4983, 0x4983, 0x4983, 0x4983, 0x4983, 0x4983, 0x4983, 0x4983, 0x4983, 0x4983,
0x4983, 0x4983, 0x4983, 0x4983, 0x4983, 0x4983, 0x4983, 0x4983, 0x4983, 0x4983, 0x4983, 0x4983, 0x4983, 0x4AE7, 0x4AE7, 0x4AE7,
0x4AE7, 0x4AE7, 0x5A46, 0x5A46, 0x5A46, 0x5A46, 0x5A46, 0x5A46, 0xE673, 0xE673, 0xE673, 0xE673, 0xE673, 0xE673, 0xE673, 0xE673,
0xE673, 0xE673, 0xE673, 0xE673, 0xE673, 0xE673, 0xE693, 0xE693, 0xE693, 0xE693, 0x5A66, 0x5A66, 0x5A66, 0xEEB4, 0xEEB4, 0xEEB4,
0xEEB4, 0xEEB4, 0xEED4, 0xEED4, 0xEED4, 0xEED4, 0xEED4, 0xEED4, 0xF6F4, 0xF6F4, 0xF6F4, 0xF6F4, 0xF6F4, 0xF6F5, 0xF715, 0xF715,
0xF715, 0xF715, 0x6AA7, 0x6AA7, 0x6AA7, 0xFF35, 0xFF35, 0xFF35, 0xFF35, 0xFF35, 0xFF35, 0xFF35, 0xFF35, 0xFF55, 0xFF55, 0xFF55,
0xFF55, 0xFF56, 0xFF56, 0xFF56, 0xFF56, 0xFF56, 0xFF76, 0xFF76, 0xFF76, 0xFF76, 0x72E7, 0x72E7, 0x72E7, 0xFF56, 0xFF56, 0xFF56,
0xFF55, 0xFF55, 0xFF55, 0xFF55, 0xFF35, 0xFF35, 0xFF35, 0xFF35, 0xFF35, 0xFF35, 0xFF35, 0xFF35, 0xF715, 0xF715, 0xF715, 0xF715,
0xF715, 0xF715, 0x62A6, 0x62A6, 0x62A6, 0xF6F4, 0xF6F4, 0xF6F4, 0xF6F4, 0xEED4, 0xEED4, 0xEED4, 0xEED4, 0xEED4, 0xEED4, 0xEEB4,
0xEEB4, 0xEEB4, 0xEEB4, 0xEEB4, 0xEEB4, 0xE6B4, 0xE693, 0xE693, 0xE693, 0xE693, 0x5A46, 0x5A46, 0x5A46, 0xE673, 0xE673, 0xE673,
0xE673, 0xE673, 0xE673, 0xE673, 0xE673, 0xE673, 0xE673, 0xE673, 0x5A46, 0x5A46, 0x5A46, 0x5A46, 0x5A46, 0x5A46, 0x4AE7, 0x4AE7,
0x4AE7, 0x4AE7, 0x4AE7, 0x28E2, 0x28E2, 0x28E2, 0x28E2, 0x28E2, 0x4983, 0x4983, 0x4983, 0x4983, 0x4983, 0x4983, 0x4983, 0x4983,
0x4983, 0x4983, 0x4983, 0x4983, 0x4983, 0x4983, 0x4983, 0x4983, 0x4983, 0x4983, 0x4983, 0x4983, 0x4983, 0x4983, 0x4983, 0x4983,
0x4983, 0x4983, 0x4983, 0x4983, 0x4983, 0x4983, 0x4983, 0x4983, 0x4983, 0x4983, 0x4983, 0x4AE7, 0x4AE7, 0x4AE7, 0x4AE7, 0x4AE7,
0x4AE7, 0x4AE7, 0x4AE7, 0x4AE7, 0x4AE7, 0x4983, 0x4983, 0x4983, 0x4983, 0x4983, 0x4983, 0x4983, 0x4983, 0x4983, 0x4983, 0x4983,
0x4983, 0x4983, 0x4983, 0x4983, 0x4983, 0x4983, 0x4983, 0x4983, 0x4983, 0x4983, 0x4983, 0x4983, 0x4983, 0x4983, 0x4983, 0x4983,
0x4983, 0x4983, 0x4983, 0x4983, 0x4983, 0x4983, 0x4983, 0x4983, 0x4983, 0x4983, 0x4983, 0x4983, 0x4983, 0x4AE7, 0x4AE7, 0x4AE7,
0x4AE7, 0x4AE7, 0x5A46, 0x5A46, 0x5A46, 0x5A46, 0x5A46, 0x5A46, 0xDE73, 0xE673, 0xE673, 0xE673, 0xE673, 0xE673, 0xE673, 0xE673,
0xE673, 0xE673, 0xE673, 0xE673, 0xE673, 0xE673, 0xE693, 0xE693, 0xE693, 0xE693, 0x5A66, 0x5A66, 0x5A66, 0xEEB4, 0xEEB4, 0xEEB4,
0xEEB4, 0xEEB4, 0xEED4, 0xEED4, 0xEED4, 0xEED4, 0xEED4, 0xEED4, 0xEED4, 0xF6F4, 0xF6F4, 0xF6F4, 0xF6F4, 0xF6F4, 0xF6F5, 0xF715,
0xF715, 0xF715, 0x6AA7, 0x6AA7, 0x6AA7, 0xFF15, 0xFF35, 0xFF35, 0xFF35, 0xFF35, 0xFF35, 0xFF35, 0xFF35, 0xFF35, 0xFF35, 0xFF55,
0xFF55, 0xFF55, 0xFF56, 0xFF56, 0xFF56, 0xFF56, 0xFF56, 0xFF76, 0xFF76, 0xFF76, 0x72E7, 0x72E7, 0x72E7, 0xFF56, 0xFF56, 0xFF55,
0xFF55, 0xFF55, 0xFF35, 0xFF35, 0xFF35, 0xFF35, 0xFF35, 0xFF35, 0xFF35, 0xFF35, 0xFF35, 0xFF15, 0xF715, 0xF715, 0xF715, 0xF715,
0xF715, 0xF715, 0x62A6, 0x62A6, 0x62A6, 0xF6F4, 0xF6F4, 0xF6F4, 0xEED4, 0xEED4, 0xEED4, 0xEED4, 0xEED4, 0xEED4, 0xEED4, 0xEEB4,
0xEEB4, 0xEEB4, 0xEEB4, 0xEEB4, 0xEEB4, 0xE6B4, 0xE693, 0xE693, 0xE693, 0xE693, 0x5A46, 0x5A46, 0x5A46, 0xE673, 0xE673, 0xE673,
0xE673, 0xE673, 0xE673, 0xE673, 0xE673, 0xE673, 0xE673, 0xE673, 0x5A46, 0x5A46, 0x5A46, 0x5A46, 0x5A46, 0x5A46, 0x4AE7, 0x4AE7,
0x4AE7, 0x4AE7, 0x4AE7, 0x28E2, 0x28E2, 0x28E2, 0x28E2, 0x28E2, 0x4983, 0x4983, 0x4983, 0x4983, 0x4983, 0x4983, 0x4983, 0x4983,
0x4983, 0x4983, 0x4983, 0x4983, 0x4983, 0x4983, 0x4983, 0x4983, 0x4983, 0x4983, 0x4983, 0x4983, 0x4983, 0x4983, 0x4983, 0x4983,
0x4983, 0x4983, 0x4983, 0x4983, 0x4983, 0x4983, 0x4983, 0x4983, 0x4983, 0x4983, 0x4983, 0x4AE7, 0x4AE7, 0x4AE7, 0x4AE7, 0x4AE7,
0x4AE7, 0x4AE7, 0x4AE7, 0x4AE7, 0x4AE7, 0x28E2, 0x28E2, 0x28E2, 0x28E2, 0x28E2, 0x28E2, 0x28E2, 0x28E2, 0x28E2, 0x28E2, 0x28E2,
0x28E2, 0x28E2, 0x28E2, 0x28E2, 0x28E2, 0x28E2, 0x28E2, 0x28E2, 0x28E2, 0x28E2, 0x28E2, 0x28E2, 0x28E2, 0x28E2, 0x28E2, 0x28E2,
0x28E2, 0x28E2, 0x28E2, 0x28E2, 0x28E2, 0x28E2, 0x28E2, 0x28E2, 0x28E2, 0x28E2, 0x28E2, 0x28E2, 0x28E2, 0x4AE7, 0x4AE7, 0x4AE7,
0x4AE7, 0x4AE7, 0x5A46, 0x5A46, 0x5A46, 0x5A46, 0x5A46, 0x5A46, 0xDE73, 0xDE73, 0xE673, 0xE673, 0xE673, 0xE673, 0xE673, 0xE673,
0xE673, 0xE673, 0xE673, 0xE673, 0xE673, 0xE673, 0xE673, 0xE693, 0xE693, 0xE693, 0x5A66, 0x5A66, 0x5A66, 0xEEB4, 0xEEB4, 0xEEB4,
0xEEB4, 0xEEB4, 0xEEB4, 0xEED4, 0xEED4, 0xEED4, 0xEED4, 0xEED4, 0xEED4, 0xF6D4, 0xF6F4, 0xF6F4, 0xF6F4, 0xF6F4, 0xF6F4, 0xF6F5,
0xF6F5, 0xF715, 0x6AA6, 0x6AA7, 0x6AA7, 0xF715, 0xFF15, 0xFF15, 0xFF35, 0xFF35, 0xFF35, 0xFF35, 0xFF35, 0xFF35, 0xFF35, 0xFF35,
0xFF55, 0xFF55, 0xFF55, 0xFF55, 0xFF55, 0xFF55, 0xFF56, 0xFF56, 0xFF56, 0xFF56, 0x72E7, 0x72E7, 0x72E7, 0xFF55, 0xFF55, 0xFF55,
0xFF55, 0xFF35, 0xFF35, 0xFF35, 0xFF35, 0xFF35, 0xFF35, 0xFF35, 0xFF35, 0xFF15, 0xFF15, 0xF715, 0xF715, 0xF715, 0xF715, 0xF715,
0xF6F5, 0xF6F5, 0x62A6, 0x62A6, 0x62A6, 0xF6F4, 0xF6F4, 0xF6D4, 0xEED4, 0xEED4, 0xEED4, 0xEED4, 0xEED4, 0xEED4, 0xEEB4, 0xEEB4,
0xEEB4, 0xEEB4, 0xEEB4, 0xEEB4, 0xEEB4, 0xE693, 0xE693, 0xE693, 0xE693, 0xE693, 0x5A46, 0x5A46, 0x5A46, 0xE673, 0xE673, 0xE673,
0xE673, 0xE673, 0xE673, 0xE673, 0xE673, 0xE673, 0xE673, 0xDE73, 0x5A46, 0x5A46, 0x5A46, 0x5A46, 0x5A46, 0x5A46, 0x4AE7, 0x4AE7,
0x4AE7, 0x4AE7, 0x4AE7, 0x28E2, 0x28E2, 0x28E2, 0x28E2, 0x28E2, 0x4983, 0x4983, 0x4983, 0x4983, 0x4983, 0x4983, 0x4983, 0x4983,
0x4983, 0x4983, 0x4983, 0x4983, 0x4983, 0x4983, 0x4983, 0x4983, 0x4983, 0x4983, 0x4983, 0x4983, 0x4983, 0x4983, 0x4983, 0x4983,
0x4983, 0x4983, 0x4983, 0x4983, 0x4983, 0x4983, 0x4983, 0x4983, 0x4983, 0x4983, 0x4983, 0x4AE7, 0x4AE7, 0x4AE7, 0x4AE7, 0x4AE7,
0x4AE7, 0x4AE7, 0x4AE7, 0x4AE7, 0x4AE7, 0x28E2, 0x28E2, 0x28E2, 0x28E2, 0x28E2, 0x28E2, 0x28E2, 0x28E2, 0x28E2, 0x28E2, 0x28E2,
0x28E2, 0x28E2, 0x28E2, 0x28E2, 0x28E2, 0x28E2, 0x28E2, 0x28E2, 0x28E2, 0x28E2, 0x28E2, 0x28E2, 0x28E2, 0x28E2, 0x28E2, 0x28E2,
0x28E2, 0x28E2, 0x28E2, 0x28E2, 0x28E2, 0x28E2, 0x28E2, 0x28E2, 0x28E2, 0x28E2, 0x28E2, 0x28E2, 0x28E2, 0x4AE7, 0x4AE7, 0x4AE7,
0x4AE7, 0x4AE7, 0x5A46, 0x5A46, 0x5A46, 0x5A46, 0x5A46, 0x5A46, 0xDE73, 0xDE73, 0xE673, 0xE673, 0xE673, 0xE673, 0xE673, 0xE673,
0xE673, 0xE673, 0xE673, 0xE673, 0xE673, 0xE673, 0xE673, 0xE693, 0xE693, 0xE693, 0x5A66, 0x5A66, 0x5A66, 0xEEB4, 0xEEB4, 0xEEB4,
0xEEB4, 0xEEB4, 0xEEB4, 0xEED4, 0xEED4, 0xEED4, 0xEED4, 0xEED4, 0xEED4, 0xF6D4, 0xF6F4, 0xF6F4, 0xF6F4, 0xF6F4, 0xF6F4, 0xF6F5,
0xF6F5, 0xF715, 0x6AA6, 0x6AA7, 0x6AA7, 0xF715, 0xFF15, 0xFF15, 0xFF15, 0xFF35, 0xFF35, 0xFF35, 0xFF35, 0xFF35, 0xFF35, 0xFF35,
0xFF55, 0xFF55, 0xFF55, 0xFF55, 0xFF55, 0xFF55, 0xFF56, 0xFF56, 0xFF56, 0xFF56, 0x72E7, 0x72E7, 0x72E7, 0xFF55, 0xFF55, 0xFF55,
0xFF55, 0xFF35, 0xFF35, 0xFF35, 0xFF35, 0xFF35, 0xFF35, 0xFF35, 0xFF15, 0xFF15, 0xFF15, 0xF715, 0xF715, 0xF715, 0xF715, 0xF715,
0xF6F5, 0xF6F5, 0x62A6, 0x62A6, 0x6286, 0xF6F4, 0xF6F4, 0xF6D4, 0xEED4, 0xEED4, 0xEED4, 0xEED4, 0xEED4, 0xEED4, 0xEEB4, 0xEEB4,
0xEEB4, 0xEEB4, 0xEEB4, 0xEEB4, 0xE694, 0xE693, 0xE693, 0xE693, 0xE693, 0xE693, 0x5A46, 0x5A46, 0x5A46, 0xE673, 0xE673, 0xE673,
0xE673, 0xE673, 0xE673, 0xE673, 0xE673, 0xE673, 0xE673, 0xDE73, 0x5A46, 0x5A46, 0x5A46, 0x5A46, 0x5A46, 0x5A46, 0x4AE7, 0x4AE7,
0x4AE7, 0x4AE7, 0x4AE7, 0x28E2, 0x28E2, 0x28E2, 0x28E2, 0x28E2, 0x4983, 0x4983, 0x4983, 0x4983, 0x4983, 0x4983, 0x4983, 0x4983,
0x4983, 0x4983, 0x4983, 0x4983, 0x4983, 0x4983, 0x4983, 0x4983, 0x4983, 0x4983, 0x4983, 0x4983, 0x4983, 0x4983, 0x4983, 0x4983,
0x4983, 0x4983, 0x4983, 0x4983, 0x4983, 0x4983, 0x4983, 0x4983, 0x4983, 0x4983, 0x4983, 0x4AE7, 0x4AE7, 0x4AE7, 0x4AE7, 0x4AE7,
0x4AE7, 0x4AE7, 0x4AE7, 0x4AE7, 0x4AE7, 0x28E2, 0x28E2, 0x28E2, 0x28E2, 0x28E2, 0x28E2, 0x28E2, 0x28E2, 0x28E2, 0x28E2, 0x28E2,
0x28E2, 0x28E2, 0x28E2, 0x28E2, 0x28E2, 0x28E2, 0x28E2, 0x28E2, 0x28E2, 0x28E2, 0x28E2, 0x28E2, 0x28E2, 0x28E2, 0x28E2, 0x28E2,
0x28E2, 0x28E2, 0x28E2, 0x28E2, 0x28E2, 0x28E2, 0x28E2, 0x28E2, 0x28E2, 0x28E2, 0x28E2, 0x28E2, 0x28E2, 0x4AE7, 0x4AE7, 0x4AE7,
0x4AE7, 0x4AE7, 0x5A46, 0x5A46, 0x5A46, 0x5A46, 0x5A46, 0x5A46, 0xDE53, 0xDE73, 0xDE73, 0xE673, 0xE673, 0xE673, 0xE673, 0xE673,
0xE673, 0xE673, 0xE673, 0xE673, 0xE673, 0xE673, 0xE673, 0xE693, 0xE693, 0xE693, 0x5A66, 0x5A66, 0x5A66, 0xE694, 0xEEB4, 0xEEB4,
0xEEB4, 0xEEB4, 0xEEB4, 0xEED4, 0xEED4, 0xEED4, 0xEED4, 0xEED4, 0xEED4, 0xEED4, 0xF6D4, 0xF6F4, 0xF6F4, 0xF6F4, 0xF6F4, 0xF6F5,
0xF6F5, 0xF6F5, 0x6AA6, 0x6AA7, 0x6AA7, 0xF715, 0xF715, 0xF715, 0xFF15, 0xFF35, 0xFF35, 0xFF35, 0xFF35, 0xFF35, 0xFF35, 0xFF35,
0xFF55, 0xFF55, 0xFF55, 0xFF55, 0xFF55, 0xFF55, 0xFF56, 0xFF56, 0xFF56, 0xFF56, 0x72E7, 0x72E7, 0x72E7, 0xFF55, 0xFF55, 0xFF55,
0xFF55, 0xFF35, 0xFF35, 0xFF35, 0xFF35, 0xFF35, 0xFF35, 0xFF35, 0xFF15, 0xF715, 0xF715, 0xF715, 0xF715, 0xF715, 0xF715, 0xF6F5,
0xF6F5, 0xF6F5, 0x62A6, 0x62A6, 0x6286, 0xF6F4, 0xF6D4, 0xEED4, 0xEED4, 0xEED4, 0xEED4, 0xEED4, 0xEED4, 0xEED4, 0xEEB4, 0xEEB4,
0xEEB4, 0xEEB4, 0xEEB4, 0xE694, 0xE694, 0xE693, 0xE693, 0xE693, 0xE693, 0xE693, 0x5A46, 0x5A46, 0x5A46, 0xE673, 0xE673, 0xE673,
0xE673, 0xE673, 0xE673, 0xE673, 0xE673, 0xE673, 0xDE73, 0xDE73, 0x5A46, 0x5A46, 0x5A46, 0x5A46, 0x5A46, 0x5A46, 0x4AE7, 0x4AE7,
0x4AE7, 0x4AE7, 0x4AE7, 0x28E2, 0x28E2, 0x28E2, 0x28E2, 0x28E2, 0x4983, 0x4983, 0x4983, 0x4983, 0x4983, 0x4983, 0x4983, 0x4983,
0x4983, 0x4983, 0x4983, 0x4983, 0x4983, 0x4983, 0x4983, 0x4983, 0x4983, 0x4983, 0x4983, 0x4983, 0x4983, 0x4983, 0x4983, 0x4983,
0x4983, 0x4983, 0x4983, 0x4983, 0x4983, 0x4983, 0x4983, 0x4983, 0x4983, 0x4983, 0x4983, 0x4AE7, 0x4AE7, 0x4AE7, 0x4AE7, 0x4AE7,
0x4AE7, 0x4AE7, 0x4AE7, 0x4AE7, 0x4AE7, 0x4983, 0x4983, 0x4983, 0x4983, 0x4983, 0x4983, 0x4983, 0x4983, 0x4983, 0x4983, 0x4983,
0x4983, 0x4983, 0x4983, 0x4983, 0x4983, 0x4983, 0x4983, 0x4983, 0x4983, 0x4983, 0x4983, 0x4983, 0x4983, 0x4983, 0x4983, 0x4983,
0x4983, 0x4983, 0x4983, 0x4983, 0x4983, 0x4983, 0x4983, 0x4983, 0x4983, 0x4983, 0x4983, 0x4983, 0x4983, 0x4AE7, 0x4AE7, 0x4AE7,
0x4AE7, 0x4AE7, 0x5A46, 0x5A46, 0x5A46, 0x5A46, 0x5A46, 0x5A46, 0xDE53, 0xDE53, 0xDE73, 0xDE73, 0xE673, 0xE673, 0xE673, 0xE673,
0xE673, 0xE673, 0xE673, 0xE673, 0xE673, 0xE673, 0xE673, 0xE693, 0xE693, 0xE693, 0x5A66, 0x5A66, 0x5A66, 0xE694, 0xE694, 0xEEB4,
0xEEB4, 0xEEB4, 0xEEB4, 0xEEB4, 0xEED4, 0xEED4, 0xEED4, 0xEED4, 0xEED4, 0xEED4, 0xEED4, 0xF6F4, 0xF6F4, 0xF6F4, 0xF6F4, 0xF6F4,
0xF6F5, 0xF6F5, 0x6AA6, 0x6AA7, 0x6AA7, 0xF715, 0xF715, 0xF715, 0xF715, 0xFF35, 0xFF35, 0xFF35, 0xFF35, 0xFF35, 0xFF35, 0xFF35,
0xFF35, 0xFF35, 0xFF35, 0xFF55, 0xFF55, 0xFF55, 0xFF55, 0xFF55, 0xFF56, 0xFF55, 0x72E7, 0x72E7, 0x72E7, 0xFF55, 0xFF35, 0xFF35,
0xFF35, 0xFF35, 0xFF35, 0xFF35, 0xFF35, 0xFF35, 0xFF35, 0xFF35, 0xF715, 0xF715, 0xF715, 0xF715, 0xF715, 0xF715, 0xF715, 0xF6F5,
0xF6F5, 0xF6F4, 0x62A6, 0x62A6, 0x6286, 0xF6F4, 0xEED4, 0xEED4, 0xEED4, 0xEED4, 0xEED4, 0xEED4, 0xEED4, 0xEEB4, 0xEEB4, 0xEEB4,
0xEEB4, 0xEEB4, 0xE694, 0xE694, 0xE693, 0xE693, 0xE693, 0xE693, 0xE693, 0xE693, 0x5A46, 0x5A46, 0x5A46, 0xE673, 0xE673, 0xE673,
0xE673, 0xE673, 0xE673, 0xE673, 0xE673, 0xDE73, 0xDE73, 0xDE53, 0x5A46, 0x5A46, 0x5A46, 0x5A46, 0x5A46, 0x5A46, 0x4AE7, 0x4AE7,
0x4AE7, 0x4AE7, 0x4AE7, 0x28E2, 0x28E2, 0x28E2, 0x28E2, 0x28E2, 0x4983, 0x4983, 0x4983, 0x4983, 0x4983, 0x4983, 0x4983, 0x4983,
0x4983, 0x4983, 0x4983, 0x4983, 0x4983, 0x4983, 0x4983, 0x4983, 0x4983, 0x4983, 0x4983, 0x4983, 0x4983, 0x4983, 0x4983, 0x4983,
0x4983, 0x4983, 0x4983, 0x4983, 0x4983, 0x4983, 0x4983, 0x4983, 0x4983, 0x4983, 0x4983, 0x4AE7, 0x4AE7, 0x4AE7, 0x4AE7, 0x4AE7,
0x4AE7, 0x4AE7, 0x4AE7, 0x4AE7, 0x4AE7, 0x4983, 0x4983, 0x4983, 0x4983, 0x4983, 0x4983, 0x4983, 0x4983, 0x4983, 0x4983, 0x4983,
0x4983, 0x4983, 0x4983, 0x4983, 0x4983, 0x4983, 0x4983, 0x4983, 0x4983, 0x4983, 0x4983, 0x4983, 0x4983, 0x4983, 0x4983, 0x4983,
0x4983, 0x4983, 0x4983, 0x4983, 0x4983, 0x4983, 0x4983, 0x4983, 0x4983, 0x4983, 0x4983, 0x4983, 0x4983, 0x4AE7, 0x4AE7, 0x4AE7,
0x4AE7, 0x4AE7, 0x5A46, 0x5A46, 0x5A46, 0x5A46, 0x5A46, 0x5A46, 0xDE53, 0xDE53, 0xDE53, 0xDE73, 0xDE73, 0xE673, 0xE673, 0xE673,
0xE673, 0xE673, 0xE673, 0xE673, 0xE673, 0xE673, 0xE673, 0xE673, 0xE693, 0xE693, 0x5A66, 0x5A66, 0x5A66, 0xE693, 0xE694, 0xE6B4,
0xEEB4, 0xEEB4, 0xEEB4, 0xEEB4, 0xEEB4, 0xEED4, 0xEED4, 0xEED4, 0xEED4, 0xEED4, 0xEED4, 0xEEF4, 0xF6F4, 0xF6F4, 0xF6F4, 0xF6F4,
0xF6F5, 0xF6F5, 0x62A6, 0x6AA6, 0x6AA7, 0xF715, 0xF715, 0xF715, 0xF715, 0xFF15, 0xFF35, 0xFF35, 0xFF35, 0xFF35, 0xFF35, 0xFF35,
0xFF35, 0xFF35, 0xFF35, 0xFF55, 0xFF55, 0xFF55, 0xFF55, 0xFF55, 0xFF55, 0xFF55, 0x72E7, 0x72E7, 0x72E7, 0xFF55, 0xFF35, 0xFF35,
0xFF35, 0xFF35, 0xFF35, 0xFF35, 0xFF35, 0xFF35, 0xFF35, 0xFF15, 0xF715, 0xF715, 0xF715, 0xF715, 0xF715, 0xF715, 0xF715, 0xF6F5,
0xF6F5, 0xF6F4, 0x62A6, 0x6286, 0x6286, 0xEEF4, 0xEED4, 0xEED4, 0xEED4, 0xEED4, 0xEED4, 0xEED4, 0xEEB4, 0xEEB4, 0xEEB4, 0xEEB4,
0xEEB4, 0xE6B4, 0xE694, 0xE693, 0xE693, 0xE693, 0xE693, 0xE693, 0xE693, 0xE673, 0x5A46, 0x5A46, 0x5A46, 0xE673, 0xE673, 0xE673,
0xE673, 0xE673, 0xE673, 0xE673, 0xDE73, 0xDE73, 0xDE53, 0xDE53, 0x5A46, 0x5A46, 0x5A46, 0x5A46, 0x5A46, 0x5A46, 0x4AE7, 0x4AE7,
0x4AE7, 0x4AE7, 0x4AE7, 0x28E2, 0x28E2, 0x28E2, 0x28E2, 0x28E2, 0x4983, 0x4983, 0x4983, 0x4983, 0x4983, 0x4983, 0x4983, 0x4983,
0x4983, 0x4983, 0x4983, 0x4983, 0x4983, 0x4983, 0x4983, 0x4983, 0x4983, 0x4983, 0x4983, 0x4983, 0x4983, 0x4983, 0x4983, 0x4983,
0x4983, 0x4983, 0x4983, 0x4983, 0x4983, 0x4983, 0x4983, 0x4983, 0x4983, 0x4983, 0x4983, 0x4AE7, 0x4AE7, 0x4AE7, 0x4AE7, 0x4AE7,
0x4AE7, 0x4AE7, 0x4AE7, 0x4AE7, 0x4AE7, 0x4983, 0x4983, 0x4983, 0x4983, 0x4983, 0x4983, 0x4983, 0x4983, 0x4983, 0x4983, 0x4983,
0x4983, 0x4983, 0x4983, 0x4983, 0x4983, 0x4983, 0x4983, 0x4983, 0x4983, 0x4983, 0x4983, 0x4983, 0x4983, 0x4983, 0x4983, 0x4983,
0x4983, 0x4983, 0x4983, 0x4983, 0x4983, 0x4983, 0x4983, 0x4983, 0x4983, 0x4983, 0x4983, 0x4983, 0x4983, 0x4AE7, 0x4AE7, 0x4AE7,
0x4AE7, 0x4AE7, 0x5A46, 0x5A46, 0x5A46, 0x5A46, 0x5A46, 0x5A46, 0xDE53, 0xDE53, 0xDE53, 0xDE73, 0xDE73, 0xE673, 0xE673, 0xE673,
0xE673, 0xE673, 0xE673, 0xE673, 0xE673, 0xE673, 0xE673, 0xE673, 0xE693, 0xE693, 0x5A66, 0x5A66, 0x5A66, 0xE693, 0xE693, 0xE6B3,
0xEEB4, 0xEEB4, 0xEEB4, 0xEEB4, 0xEEB4, 0xEEB4, 0xEEB4, 0xEED4, 0xEED4, 0xEED4, 0xEED4, 0xEED4, 0xEED4, 0xF6F4, 0xF6F4, 0xF6F4,
0xF6F4, 0xF6F4, 0x62A6, 0x6AA6, 0x6AA7, 0xF715, 0xF715, 0xF715, 0xF715, 0xFF15, 0xFF15, 0xFF15, 0xFF35, 0xFF35, 0xFF35, 0xFF35,
0xFF35, 0xFF35, 0xFF35, 0xFF35, 0xFF55, 0xFF55, 0xFF55, 0xFF55, 0xFF55, 0xFF55, 0x72E7, 0x72E7, 0x72E7, 0xFF35, 0xFF35, 0xFF35,
0xFF35, 0xFF35, 0xFF35, 0xFF35, 0xFF35, 0xFF15, 0xFF15, 0xFF15, 0xF715, 0xF715, 0xF715, 0xF715, 0xF715, 0xF6F5, 0xF6F5, 0xF6F4,
0xF6F4, 0xF6F4, 0x62A6, 0x6286, 0x6286, 0xEED4, 0xEED4, 0xEED4, 0xEED4, 0xEED4, 0xEEB4, 0xEEB4, 0xEEB4, 0xEEB4, 0xEEB4, 0xEEB4,
0xEEB4, 0xE6B3, 0xE693, 0xE693, 0xE693, 0xE693, 0xE693, 0xE693, 0xE693, 0xE673, 0x5A46, 0x5A46, 0x5A46, 0xE673, 0xE673, 0xE673,
0xE673, 0xE673, 0xE673, 0xE673, 0xDE73, 0xDE73, 0xDE53, 0xDE53, 0x5A46, 0x5A46, 0x5A46, 0x5A46, 0x5A46, 0x5A46, 0x4AE7, 0x4AE7,
0x4AE7, 0x4AE7, 0x4AE7, 0x28E2, 0x28E2, 0x28E2, 0x28E2, 0x28E2, 0x4983, 0x4983, 0x4983, 0x4983, 0x4983, 0x4983, 0x4983, 0x4983,
0x4983, 0x4983, 0x4983, 0x4983, 0x4983, 0x4983, 0x4983, 0x4983, 0x4983, 0x4983, 0x4983, 0x4983, 0x4983, 0x4983, 0x4983, 0x4983,
0x4983, 0x4983, 0x4983, 0x4983, 0x4983, 0x4983, 0x4983, 0x4983, 0x4983, 0x4983, 0x4983, 0x4AE7, 0x4AE7, 0x4AE7, 0x4AE7, 0x4AE7,
0x4AE7, 0x4AE7, 0x4AE7, 0x4AE7, 0x4AE7, 0x4983, 0x4983, 0x4983, 0x4983, 0x4983, 0x4983, 0x4983, 0x4983, 0x4983, 0x4983, 0x4983,
0x4983, 0x4983, 0x4983, 0x4983, 0x4983, 0x4983, 0x4983, 0x4983, 0x4983, 0x4983, 0x4983, 0x4983, 0x4983, 0x4983, 0x4983, 0x4983,
0x4983, 0x4983, 0x4983, 0x4983, 0x4983, 0x4983, 0x4983, 0x4983, 0x4983, 0x4983, 0x4983, 0x4983, 0x4983, 0x4AE7, 0x4AE7, 0x4AE7,
0x4AE7, 0x4AE7, 0x5A46, 0x5A46, 0x5A46, 0x5A46, 0x5A46, 0x5A46, 0xDE53, 0xDE53, 0xDE53, 0xDE53, 0xDE73, 0xDE73, 0xE673, 0xE673,
0xE673, 0xE673, 0xE673, 0xE673, 0xE673, 0xE673, 0xE673, 0xE673, 0xE673, 0xE693, 0x5A46, 0x5A66, 0x5A66, 0xE693, 0xE693, 0xE693,
0xEEB3, 0xEEB4, 0xEEB4, 0xEEB4, 0xEEB4, 0xEEB4, 0xEEB4, 0xEED4, 0xEED4, 0xEED4, 0xEED4, 0xEED4, 0xEED4, 0xF6D4, 0xF6F4, 0xF6F4,
0xF6F4, 0xF6F4, 0x62A6, 0x6AA6, 0x6AA7, 0xF715, 0xF715, 0xF715, 0xF715, 0xFF15, 0xFF15, 0xFF15, 0xFF15, 0xFF35, 0xFF35, 0xFF35,
0xFF35, 0xFF35, 0xFF35, 0xFF35, 0xFF55, 0xFF55, 0xFF55, 0xFF55, 0xFF55, 0xFF55, 0x72E7, 0x72E7, 0x72E7, 0xFF35, 0xFF35, 0xFF35,
0xFF35, 0xFF35, 0xFF35, 0xFF35, 0xFF15, 0xFF15, 0xFF15, 0xFF15, 0xF715, 0xF715, 0xF715, 0xF715, 0xF6F5, 0xF6F4, 0xF6F4, 0xF6F4,
0xF6F4, 0xF6F4, 0x62A6, 0x6286, 0x6286, 0xEED4, 0xEED4, 0xEED4, 0xEED4, 0xEED4, 0xEEB4, 0xEEB4, 0xEEB4, 0xEEB4, 0xEEB4, 0xEEB4,
0xEEB3, 0xE693, 0xE693, 0xE693, 0xE693, 0xE693, 0xE693, 0xE693, 0xE673, 0xE673, 0x5A46, 0x5A46, 0x5A46, 0xE673, 0xE673, 0xE673,
0xE673, 0xE673, 0xE673, 0xDE73, 0xDE73, 0xDE53, 0xDE53, 0xDE53, 0x5A46, 0x5A46, 0x5A46, 0x5A46, 0x5A46, 0x5A46, 0x4AE7, 0x4AE7,
0x4AE7, 0x4AE7, 0x4AE7, 0x28E2, 0x28E2, 0x28E2, 0x28E2, 0x28E2, 0x4983, 0x4983, 0x4983, 0x4983, 0x4983, 0x4983, 0x4983, 0x4983,
0x4983, 0x4983, 0x4983, 0x4983, 0x4983, 0x4983, 0x4983, 0x4983, 0x4983, 0x4983, 0x4983, 0x4983, 0x4983, 0x4983, 0x4983, 0x4983,
0x4983, 0x4983, 0x4983, 0x4983, 0x4983, 0x4983, 0x4983, 0x4983, 0x4983, 0x4983, 0x4983, 0x4AE7, 0x4AE7, 0x4AE7, 0x4AE7, 0x4AE7,
0x4AE7, 0x4AE7, 0x4AE7, 0x4AE7, 0x4AE7, 0x4983, 0x4983, 0x4983, 0x4983, 0x4983, 0x4983, 0x4983, 0x4983, 0x4983, 0x4983, 0x4983,
0x4983, 0x4983, 0x4983, 0x4983, 0x4983, 0x4983, 0x4983, 0x4983, 0x4983, 0x4983, 0x4983, 0x4983, 0x4983, 0x4983, 0x4983, 0x4983,
0x4983, 0x4983, 0x4983, 0x4983, 0x4983, 0x4983, 0x4983, 0x4983, 0x4983, 0x4983, 0x4983, 0x4983, 0x4983, 0x4AE7, 0x4AE7, 0x4AE7,
0x4AE7, 0x4AE7, 0x5A46, 0x5A46, 0x5A46, 0x5A46, 0x5A46, 0x5A46, 0xDE53, 0xDE53, 0xDE53, 0xDE53, 0xDE53, 0xDE73, 0xDE73, 0xE673,
0xE673, 0xE673, 0xE673, 0xE673, 0xE673, 0xE673, 0xE673, 0xE673, 0xE673, 0xE673, 0x5A46, 0x5A66, 0x5A66, 0xE693, 0xE693, 0xE693,
0xE6B3, 0xEEB3, 0xEEB4, 0xEEB4, 0xEEB4, 0xEEB4, 0xEEB4, 0xEED4, 0xEED4, 0xEED4, 0xEED4, 0xEED4, 0xEED4, 0xF6D4, 0xF6F4, 0xF6F4,
0xF6F4, 0xF6F4, 0x62A6, 0x6AA6, 0x6AA6, 0xF6F5, 0xF715, 0xF715, 0xF715, 0xF715, 0xF715, 0xF715, 0xFF15, 0xFF35, 0xFF35, 0xFF35,
0xFF35, 0xFF35, 0xFF35, 0xFF35, 0xFF35, 0xFF35, 0xFF35, 0xFF55, 0xFF55, 0xFF55, 0x72E7, 0x72E7, 0x72E7, 0xFF35, 0xFF35, 0xFF35,
0xFF35, 0xFF35, 0xFF35, 0xFF35, 0xFF15, 0xF715, 0xF715, 0xF715, 0xF715, 0xF715, 0xF715, 0xF6F5, 0xF6F4, 0xF6F4, 0xF6F4, 0xF6F4,
0xF6F4, 0xF6F4, 0x62A6, 0x6286, 0x6286, 0xEED4, 0xEED4, 0xEED4, 0xEED4, 0xEED4, 0xEEB4, 0xEEB4, 0xEEB4, 0xEEB4, 0xEEB4, 0xEEB3,
0xE6B3, 0xE693, 0xE693, 0xE693, 0xE693, 0xE693, 0xE693, 0xE673, 0xE673, 0xE673, 0x5A46, 0x5A46, 0x5A46, 0xE673, 0xE673, 0xE673,
0xE673, 0xE673, 0xDE73, 0xDE73, 0xDE53, 0xDE53, 0xDE53, 0xDE53, 0x5A46, 0x5A46, 0x5A46, 0x5A46, 0x5A46, 0x5A46, 0x4AE7, 0x4AE7,
0x4AE7, 0x4AE7, 0x4AE7, 0x28E2, 0x28E2, 0x28E2, 0x28E2, 0x28E2, 0x4983, 0x4983, 0x4983, 0x4983, 0x4983, 0x4983, 0x4983, 0x4983,
0x4983, 0x4983, 0x4983, 0x4983, 0x4983, 0x4983, 0x4983, 0x4983, 0x4983, 0x4983, 0x4983, 0x4983, 0x4983, 0x4983, 0x4983, 0x4983,
0x4983, 0x4983, 0x4983, 0x4983, 0x4983, 0x4983, 0x4983, 0x4983, 0x4983, 0x4983, 0x4983, 0x4AE7, 0x4AE7, 0x4AE7, 0x4AE7, 0x4AE7,
0x4AE7, 0x4AE7, 0x4AE7, 0x4AE7, 0x4AE7, 0x4983, 0x4983, 0x4983, 0x4983, 0x4983, 0x4983, 0x4983, 0x4983, 0x4983, 0x4983, 0x4983,
0x4983, 0x4983, 0x4983, 0x4983, 0x6A45, 0x6A45, 0x6A45, 0x6A45, 0x6A45, 0x6A45, 0x6A45, 0x6A45, 0x6A45, 0x6A45, 0x4983, 0x4983,
0x4983, 0x4983, 0x4983, 0x4983, 0x4983, 0x4983, 0x4983, 0x4983, 0x4983, 0x4983, 0x4983, 0x4983, 0x4983, 0x4AE7, 0x4AE7, 0x4AE7,
0x4AE7, 0x4AE7, 0x5A46, 0x5A46, 0x5A46, 0x5A46, 0x5A46, 0x5A46, 0x5A46, 0x5A46, 0x5A46, 0x5A46, 0x5A46, 0x5A46, 0x5A46, 0x5A46,
0x5A46, 0x5A46, 0x5A46, 0x5A46, 0x5A46, 0x5A46, 0x5A46, 0x5A46, 0x5A46, 0x5A46, 0x5A46, 0x5A66, 0x5A66, 0x5A66, 0x5A66, 0x5A66,
0x5A66, 0x5A66, 0x5A66, 0x6266, 0x6266, 0x6286, 0x6286, 0x6286, 0x6286, 0x6286, 0x6286, 0x6286, 0x6286, 0x6286, 0x6286, 0x62A6,
0x62A6, 0x62A6, 0x62A6, 0x62A6, 0x6AA6, 0x6AA7, 0x6AA7, 0x6AA7, 0x6AC7, 0x6AC7, 0x6AC7, 0x6AC7, 0x6AC7, 0x6AC7, 0x6AC7, 0x6AC7,
0x6AC7, 0x6AC7, 0x6AE7, 0x6AE7, 0x6AE7, 0x72E7, 0x72E7, 0x72E7, 0x72E7, 0x72E7, 0x72E7, 0x72E7, 0x6AE7, 0x6AE7, 0x6AE7, 0x6AC7,
0x6AC7, 0x6AC7, 0x6AC7, 0x6AC7, 0x6AC7, 0x6AC7, 0x6AC7, 0x6AC7, 0x6AC7, 0x6AA7, 0x6AA7, 0x6AA7, 0x6AA6, 0x62A6, 0x62A6, 0x62A6,
0x62A6, 0x62A6, 0x6286, 0x6286, 0x6286, 0x6286, 0x6286, 0x6286, 0x6286, 0x6286, 0x6286, 0x6286, 0x6266, 0x6266, 0x5A66, 0x5A66,
0x5A66, 0x5A66, 0x5A66, 0x5A66, 0x5A66, 0x5A66, 0x5A46, 0x5A46, 0x5A46, 0x5A46, 0x5A46, 0x5A46, 0x5A46, 0x5A46, 0x5A46, 0x5A46,
0x5A46, 0x5A46, 0x5A46, 0x5A46, 0x5A46, 0x5A46, 0x5A46, 0x5A46, 0x5A46, 0x5A46, 0x5A46, 0x5A46, 0x5A46, 0x5A46, 0x4AE7, 0x4AE7,
0x4AE7, 0x4AE7, 0x4AE7, 0x28E2, 0x28E2, 0x28E2, 0x28E2, 0x28E2, 0x4983, 0x4983, 0x4983, 0x4983, 0x4983, 0x4983, 0x4983, 0x4983,
0x4983, 0x4983, 0x4983, 0x4983, 0x4983, 0x4983, 0x4983, 0x4983, 0x4983, 0x4983, 0x4983, 0x4983, 0x4983, 0x4983, 0x4983, 0x4983,
0x4983, 0x4983, 0x4983, 0x4983, 0x4983, 0x4983, 0x4983, 0x4983, 0x4983, 0x4983, 0x4983, 0x4AE7, 0x4AE7, 0x4AE7, 0x4AE7, 0x4AE7,
0x4AE7, 0x4AE7, 0x4AE7, 0x4AE7, 0x4AE7, 0x4983, 0x4983, 0x4983, 0x4983, 0x4983, 0x4983, 0x4983, 0x4983, 0x4983, 0x4983, 0x4983,
0x4983, 0x4983, 0x4983, 0x4983, 0x4983, 0x4983, 0x4983, 0x4983, 0x4983, 0x4983, 0x4983, 0x4983, 0x4983, 0x4983, 0x4983, 0x4983,
0x4983, 0x4983, 0x4983, 0x4983, 0x4983, 0x4983, 0x4983, 0x4983, 0x4983, 0x4983, 0x4983, 0x4983, 0x4983, 0x4AE7, 0x4AE7, 0x4AE7,
0x4AE7, 0x4AE7, 0x5A46, 0x5A46, 0x5A46, 0x5A46, 0x5A46, 0x5A46, 0x5A46, 0x5A46, 0x5A46, 0x5A46, 0x5A46, 0x5A46, 0x5A46, 0x5A46,
0x5A46, 0x5A46, 0x5A46, 0x5A46, 0x5A46, 0x5A46, 0x5A46, 0x5A46, 0x5A46, 0x5A46, 0x5A46, 0x5A46, 0x5A66, 0x5A66, 0x5A66, 0x5A66,
0x5A66, 0x5A66, 0x5A66, 0x6266, 0x6266, 0x6286, 0x6286, 0x6286, 0x6286, 0x6286, 0x6286, 0x6286, 0x6286, 0x6286, 0x6286, 0x62A6,
0x62A6, 0x62A6, 0x62A6, 0x62A6, 0x6AA6, 0x6AA7, 0x6AA7, 0x6AA7, 0x6AA7, 0x6AC7, 0x6AC7, 0x6AC7, 0x6AC7, 0x6AC7, 0x6AC7, 0x6AC7,
0x6AC7, 0x6AC7, 0x6AE7, 0x6AE7, 0x6AE7, 0x72E7, 0x72E7, 0x72E7, 0x72E7, 0x72E7, 0x72E7, 0x72E7, 0x6AE7, 0x6AE7, 0x6AE7, 0x6AC7,
0x6AC7, 0x6AC7, 0x6AC7, 0x6AC7, 0x6AC7, 0x6AC7, 0x6AC7, 0x6AC7, 0x6AA7, 0x6AA7, 0x6AA7, 0x6AA7, 0x6AA6, 0x62A6, 0x62A6, 0x62A6,
0x62A6, 0x62A6, 0x6286, 0x6286, 0x6286, 0x6286, 0x6286, 0x6286, 0x6286, 0x6286, 0x6286, 0x6286, 0x6266, 0x6266, 0x5A66, 0x5A66,
0x5A66, 0x5A66, 0x5A66, 0x5A66, 0x5A66, 0x5A46, 0x5A46, 0x5A46, 0x5A46, 0x5A46, 0x5A46, 0x5A46, 0x5A46, 0x5A46, 0x5A46, 0x5A46,
0x5A46, 0x5A46, 0x5A46, 0x5A46, 0x5A46, 0x5A46, 0x5A46, 0x5A46, 0x5A46, 0x5A46, 0x5A46, 0x5A46, 0x5A46, 0x5A46, 0x4AE7, 0x4AE7,
0x4AE7, 0x4AE7, 0x4AE7, 0x28E2, 0x28E2, 0x28E2, 0x28E2, 0x28E2, 0x4983, 0x4983, 0x4983, 0x4983, 0x4983, 0x4983, 0x4983, 0x4983,
0x4983, 0x4983, 0x4983, 0x4983, 0x4983, 0x4983, 0x4983, 0x4983, 0x4983, 0x4983, 0x4983, 0x4983, 0x4983, 0x4983, 0x4983, 0x4983,
0x4983, 0x4983, 0x4983, 0x4983, 0x4983, 0x4983, 0x4983, 0x4983, 0x4983, 0x4983, 0x4983, 0x4AE7, 0x4AE7, 0x4AE7, 0x4AE7, 0x4AE7,
0x4AE7, 0x4AE7, 0x4AE7, 0x4AE7, 0x4AE7, 0x4983, 0x4983, 0x4983, 0x4983, 0x4983, 0x4983, 0x4983, 0x4983, 0x4983, 0x4983, 0x4983,
0x4983, 0x4983, 0x4983, 0x4983, 0x4983, 0x4983, 0x4983, 0x4983, 0x4983, 0x4983, 0x4983, 0x4983, 0x4983, 0x4983, 0x4983, 0x4983,
0x4983, 0x4983, 0x4983, 0x4983, 0x4983, 0x4983, 0x4983, 0x4983, 0x4983, 0x4983, 0x4983, 0x4983, 0x4983, 0x4AE7, 0x4AE7, 0x4AE7,
0x4AE7, 0x4AE7, 0x5A46, 0x5A46, 0x5A46, 0x5A46, 0x5A46, 0x5A46, 0x5A46, 0x5A46, 0x5A46, 0x5A46, 0x5A46, 0x5A46, 0x5A46, 0x5A46,
0x5A46, 0x5A46, 0x5A46, 0x5A46, 0x5A46, 0x5A46, 0x5A46, 0x5A46, 0x5A46, 0x5A46, 0x5A46, 0x5A46, 0x5A66, 0x5A66, 0x5A66, 0x5A66,
0x5A66, 0x5A66, 0x5A66, 0x5A66, 0x6266, 0x6266, 0x6286, 0x6286, 0x6286, 0x6286, 0x6286, 0x6286, 0x6286, 0x6286, 0x6286, 0x62A6,
0x62A6, 0x62A6, 0x62A6, 0x62A6, 0x6AA6, 0x6AA6, 0x6AA7, 0x6AA7, 0x6AA7, 0x6AC7, 0x6AC7, 0x6AC7, 0x6AC7, 0x6AC7, 0x6AC7, 0x6AC7,
0x6AC7, 0x6AC7, 0x6AC7, 0x6AE7, 0x6AE7, 0x72E7, 0x72E7, 0x72E7, 0x72E7, 0x72E7, 0x72E7, 0x72E7, 0x6AE7, 0x6AE7, 0x6AC7, 0x6AC7,
0x6AC7, 0x6AC7, 0x6AC7, 0x6AC7, 0x6AC7, 0x6AC7, 0x6AC7, 0x6AC7, 0x6AA7, 0x6AA7, 0x6AA7, 0x6AA6, 0x6AA6, 0x62A6, 0x62A6, 0x62A6,
0x62A6, 0x62A6, 0x6286, 0x6286, 0x6286, 0x6286, 0x6286, 0x6286, 0x6286, 0x6286, 0x6286, 0x6266, 0x6266, 0x5A66, 0x5A66, 0x5A66,
0x5A66, 0x5A66, 0x5A66, 0x5A66, 0x5A66, 0x5A46, 0x5A46, 0x5A46, 0x5A46, 0x5A46, 0x5A46, 0x5A46, 0x5A46, 0x5A46, 0x5A46, 0x5A46,
0x5A46, 0x5A46, 0x5A46, 0x5A46, 0x5A46, 0x5A46, 0x5A46, 0x5A46, 0x5A46, 0x5A46, 0x5A46, 0x5A46, 0x5A46, 0x5A46, 0x4AE7, 0x4AE7,
0x4AE7, 0x4AE7, 0x4AE7, 0x28E2, 0x28E2, 0x28E2, 0x28E2, 0x28E2, 0x4983, 0x4983, 0x4983, 0x4983, 0x4983, 0x4983, 0x4983, 0x4983,
0x4983, 0x4983, 0x4983, 0x4983, 0x4983, 0x4983, 0x4983, 0x4983, 0x4983, 0x4983, 0x4983, 0x4983, 0x4983, 0x4983, 0x4983, 0x4983,
0x4983, 0x4983, 0x4983, 0x4983, 0x4983, 0x4983, 0x4983, 0x4983, 0x4983, 0x4983, 0x4983, 0x4AE7, 0x4AE7, 0x4AE7, 0x4AE7, 0x4AE7,
0x4AE7, 0x4AE7, 0x4AE7, 0x4AE7, 0x4AE7, 0x4983, 0x4983, 0x4983, 0x4983, 0x4983, 0x4983, 0x4983, 0x4983, 0x4983, 0x4983, 0x4983,
0x4983, 0x4983, 0x4983, 0x4983, 0x4983, 0x4983, 0x4983, 0x4983, 0x4983, 0x4983, 0x4983, 0x4983, 0x4983, 0x4983, 0x4983, 0x4983,
0x4983, 0x4983, 0x4983, 0x4983, 0x4983, 0x4983, 0x4983, 0x4983, 0x4983, 0x4983, 0x4983, 0x4983, 0x4983, 0x4AE7, 0x4AE7, 0x4AE7,
0x4AE7, 0x4AE7, 0x5A46, 0x5A46, 0x5A46, 0x5A46, 0x5A46, 0x5A46, 0xDE52, 0xDE53, 0xDE53, 0xDE53, 0xDE53, 0xDE53, 0xDE53, 0xDE53,
0xDE73, 0xDE73, 0xDE73, 0xE673, 0xE673, 0xE673, 0xE673, 0xE673, 0xE673, 0xE673, 0x5A46, 0x5A46, 0x5A66, 0xE693, 0xE693, 0xE693,
0xE693, 0xE693, 0xE693, 0xEE94, 0xEEB4, 0xEEB4, 0xEEB4, 0xEEB4, 0xEEB4, 0xEEB4, 0xEED4, 0xEED4, 0xEED4, 0xEED4, 0xEED4, 0xEED4,
0xF6D4, 0xF6F4, 0x62A6, 0x62A6, 0x62A6, 0xF6F4, 0xF6F4, 0xF6F4, 0xF6F5, 0xF715, 0xF715, 0xF715, 0xF715, 0xF715, 0xFF15, 0xFF15,
0xFF15, 0xFF35, 0xFF35, 0xFF35, 0xFF35, 0xFF35, 0xFF35, 0xFF35, 0xFF35, 0xFF35, 0x72E7, 0x72E7, 0x6AE7, 0xFF35, 0xFF35, 0xFF35,
0xFF15, 0xFF15, 0xFF15, 0xF715, 0xF715, 0xF715, 0xF715, 0xF715, 0xF6F5, 0xF6F4, 0xF6F4, 0xF6F4, 0xF6F4, 0xF6F4, 0xF6F4, 0xF6F4,
0xF6D4, 0xEED4, 0x6286, 0x6286, 0x6286, 0xEED4, 0xEED4, 0xEEB4, 0xEEB4, 0xEEB4, 0xEEB4, 0xEEB4, 0xEEB4, 0xEE94, 0xE693, 0xE693,
0xE693, 0xE693, 0xE693, 0xE693, 0xE693, 0xE673, 0xE673, 0xE673, 0xE673, 0xE673, 0x5A46, 0x5A46, 0x5A46, 0xE673, 0xDE73, 0xDE73,
0xDE73, 0xDE53, 0xDE53, 0xDE53, 0xDE53, 0xDE53, 0xDE53, 0xDE53, 0x5A46, 0x5A46, 0x5A46, 0x5A46, 0x5A46, 0x5A46, 0x4AE7, 0x4AE7,
0x4AE7, 0x4AE7, 0x4AE7, 0x28E2, 0x28E2, 0x28E2, 0x28E2, 0x28E2, 0x4983, 0x4983, 0x4983, 0x4983, 0x4983, 0x4983, 0x4983, 0x4983,
0x4983, 0x4983, 0x4983, 0x4983, 0x4983, 0x4983, 0x4983, 0x4983, 0x4983, 0x4983, 0x4983, 0x4983, 0x4983, 0x4983, 0x4983, 0x4983,
0x4983, 0x4983, 0x4983, 0x4983, 0x4983, 0x4983, 0x4983, 0x4983, 0x4983, 0x4983, 0x4983, 0x4AE7, 0x4AE7, 0x4AE7, 0x4AE7, 0x4AE7,
0x4AE7, 0x4AE7, 0x4AE7, 0x4AE7, 0x4AE7, 0x4983, 0x4983, 0x4983, 0x4983, 0x4983, 0x4983, 0x4983, 0x4983, 0x4983, 0x4983, 0x4983,
0x4983, 0x4983, 0x4983, 0x4983, 0x4983, 0x4983, 0x4983, 0x4983, 0x4983, 0x4983, 0x4983, 0x4983, 0x4983, 0x4983, 0x4983, 0x4983,
0x4983, 0x4983, 0x4983, 0x4983, 0x4983, 0x4983, 0x4983, 0x4983, 0x4983, 0x4983, 0x4983, 0x4983, 0x4983, 0x4AE7, 0x4AE7, 0x4AE7,
0x4AE7, 0x4AE7, 0x5A46, 0x5A46, 0x5A46, 0x5A46, 0x5A46, 0x5A46, 0xDE52, 0xDE53, 0xDE53, 0xDE53, 0xDE53, 0xDE53, 0xDE53, 0xDE53,
0xDE53, 0xDE73, 0xDE73, 0xDE73, 0xE673, 0xE673, 0xE673, 0xE673, 0xE673, 0xE673, 0x5A46, 0x5A46, 0x5A46, 0xE693, 0xE693, 0xE693,
0xE693, 0xE693, 0xE693, 0xE694, 0xEEB4, 0xEEB4, 0xEEB4, 0xEEB4, 0xEEB4, 0xEEB4, 0xEEB4, 0xEED4, 0xEED4, 0xEED4, 0xEED4, 0xEED4,
0xEED4, 0xF6D4, 0x62A6, 0x62A6, 0x62A6, 0xF6F4, 0xF6F4, 0xF6F4, 0xF6F4, 0xF6F4, 0xF715, 0xF715, 0xF715, 0xF715, 0xF715, 0xFF15,
0xFF15, 0xFF35, 0xFF35, 0xFF35, 0xFF35, 0xFF35, 0xFF35, 0xFF35, 0xFF35, 0xFF35, 0x72E7, 0x6AE7, 0x6AE7, 0xFF35, 0xFF35, 0xFF35,
0xFF15, 0xFF15, 0xF715, 0xF715, 0xF715, 0xF715, 0xF715, 0xF6F4, 0xF6F4, 0xF6F4, 0xF6F4, 0xF6F4, 0xF6F4, 0xF6F4, 0xF6F4, 0xF6D4,
0xEED4, 0xEED4, 0x6286, 0x6286, 0x6286, 0xEED4, 0xEEB4, 0xEEB4, 0xEEB4, 0xEEB4, 0xEEB4, 0xEEB4, 0xEEB4, 0xE694, 0xE693, 0xE693,
0xE693, 0xE693, 0xE693, 0xE693, 0xE673, 0xE673, 0xE673, 0xE673, 0xE673, 0xE673, 0x5A46, 0x5A46, 0x5A46, 0xDE73, 0xDE73, 0xDE73,
0xDE53, 0xDE53, 0xDE53, 0xDE53, 0xDE53, 0xDE53, 0xDE53, 0xDE53, 0x5A46, 0x5A46, 0x5A46, 0x5A46, 0x5A46, 0x5A46, 0x4AE7, 0x4AE7,
0x4AE7, 0x4AE7, 0x4AE7, 0x28E2, 0x28E2, 0x28E2, 0x28E2, 0x28E2, 0x4983, 0x4983, 0x4983, 0x4983, 0x4983, 0x4983, 0x4983, 0x4983,
0x4983, 0x4983, 0x4983, 0x4983, 0x4983, 0x4983, 0x4983, 0x4983, 0x4983, 0x4983, 0x4983, 0x4983, 0x4983, 0x4983, 0x4983, 0x4983,
0x4983, 0x4983, 0x4983, 0x4983, 0x4983, 0x4983, 0x4983, 0x4983, 0x4983, 0x4983, 0x4983, 0x4AE7, 0x4AE7, 0x4AE7, 0x4AE7, 0x4AE7,
0x4AE7, 0x4AE7, 0x4AE7, 0x4AE7, 0x4AE7, 0x4983, 0x4983, 0x4983, 0x4983, 0x4983, 0x4983, 0x4983, 0x4983, 0x4983, 0x4983, 0x4983,
0x4983, 0x4983, 0x4983, 0x4983, 0x4983, 0x4983, 0x4983, 0x4983, 0x4983, 0x4983, 0x4983, 0x4983, 0x4983, 0x4983, 0x4983, 0x4983,
0x4983, 0x4983, 0x4983, 0x4983, 0x4983, 0x4983, 0x4983, 0x4983, 0x4983, 0x4983, 0x4983, 0x4983, 0x4983, 0x4AE7, 0x4AE7, 0x4AE7,
0x4AE7, 0x4AE7, 0x5A46, 0x5A46, 0x5A46, 0x5A46, 0x5A46, 0x5A46, 0xDE52, 0xDE52, 0xDE53, 0xDE53, 0xDE53, 0xDE53, 0xDE53, 0xDE53,
0xDE53, 0xDE53, 0xDE73, 0xDE73, 0xDE73, 0xE673, 0xE673, 0xE673, 0xE673, 0xE673, 0x5A46, 0x5A46, 0x5A46, 0xE693, 0xE693, 0xE693,
0xE693, 0xE693, 0xE693, 0xE693, 0xE6B4, 0xEEB4, 0xEEB4, 0xEEB4, 0xEEB4, 0xEEB4, 0xEEB4, 0xEED4, 0xEED4, 0xEED4, 0xEED4, 0xEED4,
0xEED4, 0xF6D4, 0x62A6, 0x62A6, 0x62A6, 0xF6F4, 0xF6F4, 0xF6F4, 0xF6F4, 0xF6F4, 0xF715, 0xF715, 0xF715, 0xF715, 0xF715, 0xF715,
0xFF15, 0xFF15, 0xFF15, 0xFF15, 0xFF35, 0xFF35, 0xFF35, 0xFF35, 0xFF35, 0xFF35, 0x72E7, 0x6AE7, 0x6AE7, 0xFF15, 0xFF15, 0xFF15,
0xFF15, 0xF715, 0xF715, 0xF715, 0xF715, 0xF715, 0xF715, 0xF6F4, 0xF6F4, 0xF6F4, 0xF6F4, 0xF6F4, 0xF6F4, 0xF6F4, 0xF6D4, 0xF6D4,
0xEED4, 0xEED4, 0x6286, 0x6286, 0x6286, 0xEED4, 0xEEB4, 0xEEB4, 0xEEB4, 0xEEB4, 0xEEB4, 0xEEB4, 0xE6B4, 0xE693, 0xE693, 0xE693,
0xE693, 0xE693, 0xE693, 0xE693, 0xE673, 0xE673, 0xE673, 0xE673, 0xE673, 0xE673, 0x5A46, 0x5A46, 0x5A46, 0xDE73, 0xDE73, 0xDE53,
0xDE53, 0xDE53, 0xDE53, 0xDE53, 0xDE53, 0xDE53, 0xDE53, 0xDE52, 0x5A46, 0x5A46, 0x5A46, 0x5A46, 0x5A46, 0x5A46, 0x4AE7, 0x4AE7,
0x4AE7, 0x4AE7, 0x4AE7, 0x28E2, 0x28E2, 0x28E2, 0x28E2, 0x28E2, 0x4983, 0x4983, 0x4983, 0x4983, 0x4983, 0x4983, 0x4983, 0x4983,
0x4983, 0x4983, 0x4983, 0x4983, 0x4983, 0x4983, 0x4983, 0x4983, 0x4983, 0x4983, 0x4983, 0x4983, 0x4983, 0x4983, 0x4983, 0x4983,
0x4983, 0x4983, 0x4983, 0x4983, 0x4983, 0x4983, 0x4983, 0x4983, 0x4983, 0x4983, 0x4983, 0x4AE7, 0x4AE7, 0x4AE7, 0x4AE7, 0x4AE7,
0x4AE7, 0x4AE7, 0x4AE7, 0x4AE7, 0x4AE7, 0x4983, 0x4983, 0x4983, 0x4983, 0x4983, 0x4983, 0x4983, 0x4983, 0x4983, 0x4983, 0x4983,
0x4983, 0x4983, 0x4983, 0x4983, 0x4983, 0x4983, 0x4983, 0x4983, 0x4983, 0x4983, 0x4983, 0x4983, 0x4983, 0x4983, 0x4983, 0x4983,
0x4983, 0x4983, 0x4983, 0x4983, 0x4983, 0x4983, 0x4983, 0x4983, 0x4983, 0x4983, 0x4983, 0x4983, 0x4983, 0x4AE7, 0x4AE7, 0x4AE7,
0x4AE7, 0x4AE7, 0x5A46, 0x5A46, 0x5A46, 0x5A46, 0x5A46, 0x5A46, 0xDE52, 0xDE52, 0xDE52, 0xDE53, 0xDE53, 0xDE53, 0xDE53, 0xDE53,
0xDE53, 0xDE53, 0xDE53, 0xDE73, 0xDE73, 0xDE73, 0xE673, 0xE673, 0xE673, 0xE673, 0x5A46, 0x5A46, 0x5A46, 0xE693, 0xE693, 0xE693,
0xE693, 0xE693, 0xE693, 0xE693, 0xE6B3, 0xEEB3, 0xEEB4, 0xEEB4, 0xEEB4, 0xEEB4, 0xEEB4, 0xEEB4, 0xEED4, 0xEED4, 0xEED4, 0xEED4,
0xEED4, 0xF6D4, 0x62A6, 0x62A6, 0x62A6, 0xF6F4, 0xF6F4, 0xF6F4, 0xF6F4, 0xF6F4, 0xF714, 0xF715, 0xF715, 0xF715, 0xF715, 0xF715,
0xFF15, 0xFF15, 0xFF15, 0xFF15, 0xFF35, 0xFF35, 0xFF35, 0xFF35, 0xFF35, 0xFF35, 0x72E7, 0x6AE7, 0x6AE7, 0xFF15, 0xFF15, 0xFF15,
0xFF15, 0xF715, 0xF715, 0xF715, 0xF715, 0xF715, 0xF714, 0xF6F4, 0xF6F4, 0xF6F4, 0xF6F4, 0xF6F4, 0xF6F4, 0xF6F4, 0xF6D4, 0xF6D4,
0xEED4, 0xEED4, 0x6286, 0x6286, 0x6286, 0xEEB4, 0xEEB4, 0xEEB4, 0xEEB4, 0xEEB4, 0xEEB4, 0xEEB3, 0xE6B3, 0xE693, 0xE693, 0xE693,
0xE693, 0xE693, 0xE693, 0xE693, 0xE673, 0xE673, 0xE673, 0xE673, 0xE673, 0xE673, 0x5A46, 0x5A46, 0x5A46, 0xDE73, 0xDE53, 0xDE53,
0xDE53, 0xDE53, 0xDE53, 0xDE53, 0xDE53, 0xDE53, 0xDE52, 0xDE52, 0x5A46, 0x5A46, 0x5A46, 0x5A46, 0x5A46, 0x5A46, 0x4AE7, 0x4AE7,
0x4AE7, 0x4AE7, 0x4AE7, 0x28E2, 0x28E2, 0x28E2, 0x28E2, 0x28E2, 0x4983, 0x4983, 0x4983, 0x4983, 0x4983, 0x4983, 0x4983, 0x4983,
0x4983, 0x4983, 0x4983, 0x4983, 0x4983, 0x4983, 0x4983, 0x4983, 0x4983, 0x4983, 0x4983, 0x4983, 0x4983, 0x4983, 0x4983, 0x4983,
0x4983, 0x4983, 0x4983, 0x4983, 0x4983, 0x4983, 0x4983, 0x4983, 0x4983, 0x4983, 0x4983, 0x4AE7, 0x4AE7, 0x4AE7, 0x4AE7, 0x4AE7,
0x4AE7, 0x4AE7, 0x4AE7, 0x4AE7, 0x4AE7, 0x4983, 0x4983, 0x4983, 0x4983, 0x4983, 0x4983, 0x4983, 0x4983, 0x4983, 0x4983, 0x4983,
0x4983, 0x4983, 0x4983, 0x4983, 0x4983, 0x4983, 0x4983, 0x4983, 0x4983, 0x4983, 0x4983, 0x4983, 0x4983, 0x4983, 0x4983, 0x4983,
0x4983, 0x4983, 0x4983, 0x4983, 0x4983, 0x4983, 0x4983, 0x4983, 0x4983, 0x4983, 0x4983, 0x4983, 0x4983, 0x4AE7, 0x4AE7, 0x4AE7,
0x4AE7, 0x4AE7, 0x5A46, 0x5A46, 0x5A46, 0x5A46, 0x5A46, 0x5A46, 0xDE52, 0xDE52, 0xDE52, 0xDE52, 0xDE53, 0xDE53, 0xDE53, 0xDE53,
0xDE53, 0xDE53, 0xDE53, 0xDE53, 0xDE53, 0xDE73, 0xDE73, 0xE673, 0xE673, 0xE673, 0x5A46, 0x5A46, 0x5A46, 0xE673, 0xE673, 0xE693,
0xE693, 0xE693, 0xE693, 0xE693, 0xE693, 0xEEB3, 0xEEB3, 0xEEB3, 0xEEB4, 0xEEB4, 0xEEB4, 0xEEB4, 0xEED4, 0xEED4, 0xEED4, 0xEED4,
0xEED4, 0xEED4, 0x62A6, 0x62A6, 0x62A6, 0xF6F4, 0xF6F4, 0xF6F4, 0xF6F4, 0xF6F4, 0xF6F4, 0xF6F5, 0xF6F5, 0xF715, 0xF715, 0xF715,
0xFF15, 0xFF15, 0xFF15, 0xFF15, 0xFF35, 0xFF35, 0xFF35, 0xFF35, 0xFF35, 0xFF35, 0x6AE7, 0x6AE7, 0x6AE7, 0xFF15, 0xFF15, 0xFF15,
0xFF15, 0xF715, 0xF715, 0xF715, 0xF6F5, 0xF6F5, 0xF6F4, 0xF6F4, 0xF6F4, 0xF6F4, 0xF6F4, 0xF6F4, 0xF6F4, 0xF6F4, 0xF6D4, 0xEED4,
0xEED4, 0xEED4, 0x6286, 0x6286, 0x6286, 0xEEB4, 0xEEB4, 0xEEB4, 0xEEB4, 0xEEB3, 0xEEB3, 0xEEB3, 0xE693, 0xE693, 0xE693, 0xE693,
0xE693, 0xE693, 0xE673, 0xE673, 0xE673, 0xE673, 0xE673, 0xE673, 0xE673, 0xE673, 0x5A46, 0x5A46, 0x5A46, 0xDE53, 0xDE53, 0xDE53,
0xDE53, 0xDE53, 0xDE53, 0xDE53, 0xDE53, 0xDE52, 0xDE52, 0xDE52, 0x5A46, 0x5A46, 0x5A46, 0x5A46, 0x5A46, 0x5A46, 0x4AE7, 0x4AE7,
0x4AE7, 0x4AE7, 0x4AE7, 0x28E2, 0x28E2, 0x28E2, 0x28E2, 0x28E2, 0x4983, 0x4983, 0x4983, 0x4983, 0x4983, 0x4983, 0x4983, 0x4983,
0x4983, 0x4983, 0x4983, 0x4983, 0x4983, 0x4983, 0x4983, 0x4983, 0x4983, 0x4983, 0x4983, 0x4983, 0x4983, 0x4983, 0x4983, 0x4983,
0x4983, 0x4983, 0x4983, 0x4983, 0x4983, 0x4983, 0x4983, 0x4983, 0x4983, 0x4983, 0x4983, 0x4AE7, 0x4AE7, 0x4AE7, 0x4AE7, 0x4AE7,
0x4AE7, 0x4AE7, 0x4AE7, 0x4AE7, 0x4AE7, 0x4983, 0x4983, 0x4983, 0x4983, 0x4983, 0x4983, 0x4983, 0x4983, 0x4983, 0x4983, 0x4983,
0x4983, 0x4983, 0x4983, 0x4983, 0x4983, 0x4983, 0x4983, 0x4983, 0x4983, 0x4983, 0x4983, 0x4983, 0x4983, 0x4983, 0x4983, 0x4983,
0x4983, 0x4983, 0x4983, 0x4983, 0x4983, 0x4983, 0x4983, 0x4983, 0x4983, 0x4983, 0x4983, 0x4983, 0x4983, 0x4AE7, 0x4AE7, 0x4AE7,
0x4AE7, 0x4AE7, 0x5A46, 0x5A46, 0x5A46, 0x5A46, 0x5A46, 0x5A46, 0xDE52, 0xDE52, 0xDE52, 0xDE52, 0xDE52, 0xDE53, 0xDE53, 0xDE53,
0xDE53, 0xDE53, 0xDE53, 0xDE53, 0xDE53, 0xDE53, 0xDE73, 0xDE73, 0xE673, 0xE673, 0x5A46, 0x5A46, 0x5A46, 0xE673, 0xE673, 0xE673,
0xE693, 0xE693, 0xE693, 0xE693, 0xE693, 0xEE93, 0xEEB3, 0xEEB3, 0xEEB4, 0xEEB4, 0xEEB4, 0xEEB4, 0xEEB4, 0xEED4, 0xEED4, 0xEED4,
0xEED4, 0xEED4, 0x62A6, 0x62A6, 0x62A6, 0xF6F4, 0xF6F4, 0xF6F4, 0xF6F4, 0xF6F4, 0xF6F4, 0xF6F4, 0xF6F4, 0xF714, 0xF714, 0xF715,
0xF715, 0xF715, 0xF715, 0xFF15, 0xFF15, 0xFF15, 0xFF15, 0xFF35, 0xFF35, 0xFF35, 0x6AE7, 0x6AE7, 0x6AC7, 0xFF15, 0xF715, 0xF715,
0xF715, 0xF715, 0xF714, 0xF714, 0xF6F4, 0xF6F4, 0xF6F4, 0xF6F4, 0xF6F4, 0xF6F4, 0xF6F4, 0xF6F4, 0xF6D4, 0xEED4, 0xEED4, 0xEED4,
0xEED4, 0xEED4, 0x6286, 0x6286, 0x6286, 0xEEB4, 0xEEB4, 0xEEB4, 0xEEB4, 0xEEB3, 0xEEB3, 0xEE93, 0xE693, 0xE693, 0xE693, 0xE693,
0xE693, 0xE673, 0xE673, 0xE673, 0xE673, 0xE673, 0xE673, 0xE673, 0xE673, 0xDE73, 0x5A46, 0x5A46, 0x5A46, 0xDE53, 0xDE53, 0xDE53,
0xDE53, 0xDE53, 0xDE53, 0xDE53, 0xDE52, 0xDE52, 0xDE52, 0xDE52, 0x5A46, 0x5A46, 0x5A46, 0x5A46, 0x5A46, 0x5A46, 0x4AE7, 0x4AE7,
0x4AE7, 0x4AE7, 0x4AE7, 0x28E2, 0x28E2, 0x28E2, 0x28E2, 0x28E2, 0x4983, 0x4983, 0x4983, 0x4983, 0x4983, 0x4983, 0x4983, 0x4983,
0x4983, 0x4983, 0x4983, 0x4983, 0x4983, 0x4983, 0x4983, 0x4983, 0x4983, 0x4983, 0x4983, 0x4983, 0x4983, 0x4983, 0x4983, 0x4983,
0x4983, 0x4983, 0x4983, 0x4983, 0x4983, 0x4983, 0x4983, 0x4983, 0x4983, 0x4983, 0x4983, 0x4AE7, 0x4AE7, 0x4AE7, 0x4AE7, 0x4AE7,
0x4AE7, 0x4AE7, 0x4AE7, 0x4AE7, 0x4AE7, 0x4983, 0x4983, 0x4983, 0x4983, 0x4983, 0x4983, 0x4983, 0x4983, 0x4983, 0x4983, 0x4983,
0x4983, 0x4983, 0x4983, 0x4983, 0x4983, 0x4983, 0x4983, 0x4983, 0x4983, 0x4983, 0x4983, 0x4983, 0x4983, 0x4983, 0x4983, 0x4983,
0x4983, 0x4983, 0x4983, 0x4983, 0x4983, 0x4983, 0x4983, 0x4983, 0x4983, 0x4983, 0x4983, 0x4983, 0x4983, 0x4AE7, 0x4AE7, 0x4AE7,
0x4AE7, 0x4AE7, 0x5A46, 0x5A46, 0x5A46, 0x5A46, 0x5A46, 0x5A46, 0x5A46, 0x5A46, 0x5A46, 0x5A46, 0x5A46, 0x5A46, 0x5A46, 0x5A46,
0x5A46, 0x5A46, 0x5A46, 0x5A46, 0x5A46, 0x5A46, 0x5A46, 0x5A46, 0x5A46, 0x5A46, 0x5A46, 0x5A46, 0x5A46, 0x5A46, 0x5A66, 0x5A66,
0x5A66, 0x5A66, 0x5A66, 0x5A66, 0x5A66, 0x5A66, 0x6266, 0x6266, 0x6286, 0x6286, 0x6286, 0x6286, 0x6286, 0x6286, 0x6286, 0x6286,
0x6286, 0x62A6, 0x62A6, 0x62A6, 0x62A6, 0x62A6, 0x6AA6, 0x6AA6, 0x6AA7, 0x6AA7, 0x6AA7, 0x6AC7, 0x6AC7, 0x6AC7, 0x6AC7, 0x6AC7,
0x6AC7, 0x6AC7, 0x6AC7, 0x6AC7, 0x6AC7, 0x6AE7, 0x6AE7, 0x72E7, 0x72E7, 0x72E7, 0x6AE7, 0x6AE7, 0x6AC7, 0x6AC7, 0x6AC7, 0x6AC7,
0x6AC7, 0x6AC7, 0x6AC7, 0x6AC7, 0x6AC7, 0x6AC7, 0x6AA7, 0x6AA7, 0x6AA7, 0x6AA6, 0x6AA6, 0x62A6, 0x62A6, 0x62A6, 0x62A6, 0x62A6,
0x6286, 0x6286, 0x6286, 0x6286, 0x6286, 0x6286, 0x6286, 0x6286, 0x6286, 0x6266, 0x6266, 0x5A66, 0x5A66, 0x5A66, 0x5A66, 0x5A66,
0x5A66, 0x5A66, 0x5A66, 0x5A46, 0x5A46, 0x5A46, 0x5A46, 0x5A46, 0x5A46, 0x5A46, 0x5A46, 0x5A46, 0x5A46, 0x5A46, 0x5A46, 0x5A46,
0x5A46, 0x5A46, 0x5A46, 0x5A46, 0x5A46, 0x5A46, 0x5A46, 0x5A46, 0x5A46, 0x5A46, 0x5A46, 0x5A46, 0x5A46, 0x5A46, 0x4AE7, 0x4AE7,
0x4AE7, 0x4AE7, 0x4AE7, 0x28E2, 0x28E2, 0x28E2, 0x28E2, 0x28E2, 0x4983, 0x4983, 0x4983, 0x4983, 0x4983, 0x4983, 0x4983, 0x4983,
0x4983, 0x4983, 0x4983, 0x4983, 0x4983, 0x4983, 0x4983, 0x4983, 0x4983, 0x4983, 0x4983, 0x4983, 0x4983, 0x4983, 0x4983, 0x4983,
0x4983, 0x4983, 0x4983, 0x4983, 0x4983, 0x4983, 0x4983, 0x4983, 0x4983, 0x4983, 0x4983, 0x4AE7, 0x4AE7, 0x4AE7, 0x4AE7, 0x4AE7,
0x4AE7, 0x4AE7, 0x4AE7, 0x4AE7, 0x4AE7, 0x4983, 0x4983, 0x4983, 0x4983, 0x4983, 0x4983, 0x4983, 0x4983, 0x4983, 0x4983, 0x4983,
0x4983, 0x4983, 0x4983, 0x4983, 0x4983, 0x4983, 0x4983, 0x4983, 0x4983, 0x4983, 0x4983, 0x4983, 0x4983, 0x4983, 0x4983, 0x4983,
0x4983, 0x4983, 0x4983, 0x4983, 0x4983, 0x4983, 0x4983, 0x4983, 0x4983, 0x4983, 0x4983, 0x4983, 0x4983, 0x4AE7, 0x4AE7, 0x4AE7,
0x4AE7, 0x4AE7, 0x5A46, 0x5A46, 0x5A46, 0x5A46, 0x5A46, 0x5A46, 0x5A46, 0x5A46, 0x5A46, 0x5A46, 0x5A46, 0x5A46, 0x5A46, 0x5A46,
0x5A46, 0x5A46, 0x5A46, 0x5A46, 0x5A46, 0x5A46, 0x5A46, 0x5A46, 0x5A46, 0x5A46, 0x5A46, 0x5A46, 0x5A46, 0x5A46, 0x5A66, 0x5A66,
0x5A66, 0x5A66, 0x5A66, 0x5A66, 0x5A66, 0x5A66, 0x6266, 0x6266, 0x6286, 0x6286, 0x6286, 0x6286, 0x6286, 0x6286, 0x6286, 0x6286,
0x6286, 0x6286, 0x62A6, 0x62A6, 0x62A6, 0x62A6, 0x62A6, 0x6AA6, 0x6AA7, 0x6AA7, 0x6AA7, 0x6AC7, 0x6AC7, 0x6AC7, 0x6AC7, 0x6AC7,
0x6AC7, 0x6AC7, 0x6AC7, 0x6AC7, 0x6AC7, 0x6AE7, 0x6AE7, 0x6AE7, 0x72E7, 0x6AE7, 0x6AE7, 0x6AE7, 0x6AC7, 0x6AC7, 0x6AC7, 0x6AC7,
0x6AC7, 0x6AC7, 0x6AC7, 0x6AC7, 0x6AC7, 0x6AC7, 0x6AA7, 0x6AA7, 0x6AA7, 0x6AA6, 0x62A6, 0x62A6, 0x62A6, 0x62A6, 0x62A6, 0x6286,
0x6286, 0x6286, 0x6286, 0x6286, 0x6286, 0x6286, 0x6286, 0x6286, 0x6286, 0x6266, 0x6266, 0x5A66, 0x5A66, 0x5A66, 0x5A66, 0x5A66,
0x5A66, 0x5A66, 0x5A66, 0x5A46, 0x5A46, 0x5A46, 0x5A46, 0x5A46, 0x5A46, 0x5A46, 0x5A46, 0x5A46, 0x5A46, 0x5A46, 0x5A46, 0x5A46,
0x5A46, 0x5A46, 0x5A46, 0x5A46, 0x5A46, 0x5A46, 0x5A46, 0x5A46, 0x5A46, 0x5A46, 0x5A46, 0x5A46, 0x5A46, 0x5A46, 0x4AE7, 0x4AE7,
0x4AE7, 0x4AE7, 0x4AE7, 0x28E2, 0x28E2, 0x28E2, 0x28E2, 0x28E2, 0x4983, 0x4983, 0x4983, 0x4983, 0x4983, 0x4983, 0x4983, 0x4983,
0x4983, 0x4983, 0x4983, 0x4983, 0x4983, 0x4983, 0x4983, 0x4983, 0x4983, 0x4983, 0x4983, 0x4983, 0x4983, 0x4983, 0x4983, 0x4983,
0x4983, 0x4983, 0x4983, 0x4983, 0x4983, 0x4983, 0x4983, 0x4983, 0x4983, 0x4983, 0x4983, 0x4AE7, 0x4AE7, 0x4AE7, 0x4AE7, 0x4AE7,
0x4AE7, 0x4AE7, 0x4AE7, 0x4AE7, 0x4AE7, 0x4983, 0x4983, 0x4983, 0x4983, 0x4983, 0x4983, 0x4983, 0x4983, 0x4983, 0x4983, 0x4983,
0x4983, 0x4983, 0x4983, 0x4983, 0x4983, 0x4983, 0x4983, 0x4983, 0x4983, 0x4983, 0x4983, 0x4983, 0x4983, 0x4983, 0x4983, 0x4983,
0x4983, 0x4983, 0x4983, 0x4983, 0x4983, 0x4983, 0x4983, 0x4983, 0x4983, 0x4983, 0x4983, 0x4983, 0x4983, 0x4AE7, 0x4AE7, 0x4AE7,
0x4AE7, 0x4AE7, 0x5A46, 0x5A46, 0x5A46, 0x5A46, 0x5A46, 0x5A46, 0x5A46, 0x5A46, 0x5A46, 0x5A46, 0x5A46, 0x5A46, 0x5A46, 0x5A46,
0x5A46, 0x5A46, 0x5A46, 0x5A46, 0x5A46, 0x5A46, 0x5A46, 0x5A46, 0x5A46, 0x5A46, 0x5A46, 0x5A46, 0x5A46, 0x5A46, 0x5A46, 0x5A66,
0x5A66, 0x5A66, 0x5A66, 0x5A66, 0x5A66, 0x5A66, 0x6266, 0x6266, 0x6286, 0x6286, 0x6286, 0x6286, 0x6286, 0x6286, 0x6286, 0x6286,
0x6286, 0x6286, 0x62A6, 0x62A6, 0x62A6, 0x62A6, 0x62A6, 0x6AA6, 0x6AA7, 0x6AA7, 0x6AA7, 0x6AA7, 0x6AC7, 0x6AC7, 0x6AC7, 0x6AC7,
0x6AC7, 0x6AC7, 0x6AC7, 0x6AC7, 0x6AC7, 0x6AE7, 0x6AE7, 0x6AE7, 0x72E7, 0x6AE7, 0x6AE7, 0x6AE7, 0x6AC7, 0x6AC7, 0x6AC7, 0x6AC7,
0x6AC7, 0x6AC7, 0x6AC7, 0x6AC7, 0x6AC7, 0x6AA7, 0x6AA7, 0x6AA7, 0x6AA7, 0x6AA6, 0x62A6, 0x62A6, 0x62A6, 0x62A6, 0x62A6, 0x6286,
0x6286, 0x6286, 0x6286, 0x6286, 0x6286, 0x6286, 0x6286, 0x6286, 0x6286, 0x6266, 0x6266, 0x5A66, 0x5A66, 0x5A66, 0x5A66, 0x5A66,
0x5A66, 0x5A66, 0x5A46, 0x5A46, 0x5A46, 0x5A46, 0x5A46, 0x5A46, 0x5A46, 0x5A46, 0x5A46, 0x5A46, 0x5A46, 0x5A46, 0x5A46, 0x5A46,
0x5A46, 0x5A46, 0x5A46, 0x5A46, 0x5A46, 0x5A46, 0x5A46, 0x5A46, 0x5A46, 0x5A46, 0x5A46, 0x5A46, 0x5A46, 0x5A46, 0x4AE7, 0x4AE7,
0x4AE7, 0x4AE7, 0x4AE7, 0x28E2, 0x28E2, 0x28E2, 0x28E2, 0x28E2, 0x4983, 0x4983, 0x4983, 0x4983, 0x4983, 0x4983, 0x4983, 0x4983,
0x4983, 0x4983, 0x4983, 0x4983, 0x4983, 0x4983, 0x4983, 0x4983, 0x4983, 0x4983, 0x4983, 0x4983, 0x4983, 0x4983, 0x4983, 0x4983,
0x4983, 0x4983, 0x4983, 0x4983, 0x4983, 0x4983, 0x4983, 0x4983, 0x4983, 0x4983, 0x4983, 0x4AE7, 0x4AE7, 0x4AE7, 0x4AE7, 0x4AE7,
0x4AE7, 0x4AE7, 0x4AE7, 0x4AE7, 0x4AE7, 0x4983, 0x4983, 0x4983, 0x4983, 0x4983, 0x4983, 0x4983, 0x4983, 0x4983, 0x4983, 0x4983,
0x4983, 0x4983, 0x4983, 0x4983, 0x4983, 0x4983, 0x4983, 0x4983, 0x4983, 0x4983, 0x4983, 0x4983, 0x4983, 0x4983, 0x4983, 0x4983,
0x4983, 0x4983, 0x4983, 0x4983, 0x4983, 0x4983, 0x4983, 0x4983, 0x4983, 0x4983, 0x4983, 0x4983, 0x4983, 0x4AE7, 0x4AE7, 0x4AE7,
0x4AE7, 0x4AE7, 0x5A46, 0x5A46, 0x5A46, 0x5A46, 0x5A46, 0x5A46, 0x5A46, 0x5A46, 0x5A46, 0x5A46, 0x5A46, 0x5A46, 0x5A46, 0x5A46,
0x5A46, 0x5A46, 0x5A46, 0x5A46, 0x5A46, 0x5A46, 0x5A46, 0x5A46, 0x5A46, 0x5A46, 0x5A46, 0x5A46, 0x5A46, 0x5A46, 0x5A46, 0x5A66,
0x5A66, 0x5A66, 0x5A66, 0x5A66, 0x5A66, 0x5A66, 0x5A66, 0x6266, 0x6266, 0x6286, 0x6286, 0x6286, 0x6286, 0x6286, 0x6286, 0x6286,
0x6286, 0x6286, 0x62A6, 0x62A6, 0x62A6, 0x62A6, 0x62A6, 0x6AA6, 0x6AA6, 0x6AA7, 0x6AA7, 0x6AA7, 0x6AC7, 0x6AC7, 0x6AC7, 0x6AC7,
0x6AC7, 0x6AC7, 0x6AC7, 0x6AC7, 0x6AC7, 0x6AC7, 0x6AE7, 0x6AE7, 0x72E7, 0x6AE7, 0x6AE7, 0x6AC7, 0x6AC7, 0x6AC7, 0x6AC7, 0x6AC7,
0x6AC7, 0x6AC7, 0x6AC7, 0x6AC7, 0x6AC7, 0x6AA7, 0x6AA7, 0x6AA7, 0x6AA6, 0x6AA6, 0x62A6, 0x62A6, 0x62A6, 0x62A6, 0x62A6, 0x6286,
0x6286, 0x6286, 0x6286, 0x6286, 0x6286, 0x6286, 0x6286, 0x6286, 0x6266, 0x6266, 0x5A66, 0x5A66, 0x5A66, 0x5A66, 0x5A66, 0x5A66,
0x5A66, 0x5A66, 0x5A46, 0x5A46, 0x5A46, 0x5A46, 0x5A46, 0x5A46, 0x5A46, 0x5A46, 0x5A46, 0x5A46, 0x5A46, 0x5A46, 0x5A46, 0x5A46,
0x5A46, 0x5A46, 0x5A46, 0x5A46, 0x5A46, 0x5A46, 0x5A46, 0x5A46, 0x5A46, 0x5A46, 0x5A46, 0x5A46, 0x5A46, 0x5A46, 0x4AE7, 0x4AE7,
0x4AE7, 0x4AE7, 0x4AE7, 0x28E2, 0x28E2, 0x28E2, 0x28E2, 0x28E2, 0x4983, 0x4983, 0x4983, 0x4983, 0x4983, 0x4983, 0x4983, 0x4983,
0x4983, 0x4983, 0x4983, 0x4983, 0x4983, 0x4983, 0x4983, 0x4983, 0x4983, 0x4983, 0x4983, 0x4983, 0x4983, 0x4983, 0x4983, 0x4983,
0x4983, 0x4983, 0x4983, 0x4983, 0x4983, 0x4983, 0x4983, 0x4983, 0x4983, 0x4983, 0x4983, 0x4AE7, 0x4AE7, 0x4AE7, 0x4AE7, 0x4AE7,
0x4AE7, 0x4AE7, 0x4AE7, 0x4AE7, 0x4AE7, 0x4983, 0x4983, 0x4983, 0x4983, 0x4983, 0x4983, 0x4983, 0x4983, 0x4983, 0x4983, 0x4983,
0x4983, 0x4983, 0x4983, 0x4983, 0x4983, 0x4983, 0x4983, 0x4983, 0x4983, 0x4983, 0x4983, 0x4983, 0x4983, 0x4983, 0x4983, 0x4983,
0x4983, 0x4983, 0x4983, 0x4983, 0x4983, 0x4983, 0x4983, 0x4983, 0x4983, 0x4983, 0x4983, 0x4983, 0x4983, 0x4AE7, 0x4AE7, 0x4AE7,
0x4AE7, 0x4AE7, 0x4AE7, 0x4AE7, 0x4AE7, 0x4AE7, 0x4AE7, 0x4AE7, 0x4AE7, 0x4AE7, 0x4AE7, 0x4AE7, 0x4AE7, 0x4AE7, 0x4AE7, 0x4AE7,
0x4AE7, 0x4AE7, 0x4AE7, 0x4AE7, 0x4AE7, 0x4AE7, 0x4AE7, 0x4AE7, 0x4AE7, 0x4AE7, 0x4AE7, 0x4AE7, 0x4AE7, 0x4AE7, 0x4AE7, 0x4AE7,
0x4AE7, 0x4AE7, 0x4B07, 0x4B07, 0x4B07, 0x5307, 0x5307, 0x5307, 0x5307, 0x5307, 0x5307, 0x5327, 0x5327, 0x5327, 0x5327, 0x5327,
0x5327, 0x5328, 0x5328, 0x5328, 0x5328, 0x5348, 0x5B48, 0x5B48, 0x5B48, 0x5B48, 0x5B48, 0x5B48, 0x5B48, 0x5B48, 0x5B48, 0x5B68,
0x5B68, 0x5B68, 0x5B68, 0x5B68, 0x5B68, 0x5B68, 0x6368, 0x6368, 0x6388, 0x6368, 0x6368, 0x5B68, 0x5B68, 0x5B68, 0x5B68, 0x5B68,
0x5B68, 0x5B68, 0x5B48, 0x5B48, 0x5B48, 0x5B48, 0x5B48, 0x5B48, 0x5B48, 0x5B48, 0x5B48, 0x5348, 0x5328, 0x5328, 0x5328, 0x5328,
0x5327, 0x5327, 0x5327, 0x5327, 0x5327, 0x5327, 0x5307, 0x5307, 0x5307, 0x5307, 0x5307, 0x5307, 0x4B07, 0x4B07, 0x4B07, 0x4AE7,
0x4AE7, 0x4AE7, 0x4AE7, 0x4AE7, 0x4AE7, 0x4AE7, 0x4AE7, 0x4AE7, 0x4AE7, 0x4AE7, 0x4AE7, 0x4AE7, 0x4AE7, 0x4AE7, 0x4AE7, 0x4AE7,
0x4AE7, 0x4AE7, 0x4AE7, 0x4AE7, 0x4AE7, 0x4AE7, 0x4AE7, 0x4AE7, 0x4AE7, 0x4AE7, 0x4AE7, 0x4AE7, 0x4AE7, 0x4AE7, 0x4AE7, 0x4AE7,
0x4AE7, 0x4AE7, 0x4AE7, 0x28E2, 0x28E2, 0x28E2, 0x28E2, 0x28E2, 0x4983, 0x4983, 0x4983, 0x4983, 0x4983, 0x4983, 0x4983, 0x4983,
0x4983, 0x4983, 0x4983, 0x4983, 0x4983, 0x4983, 0x4983, 0x4983, 0x4983, 0x4983, 0x4983, 0x4983, 0x4983, 0x4983, 0x4983, 0x4983,
0x4983, 0x4983, 0x4983, 0x4983, 0x4983, 0x4983, 0x4983, 0x4983, 0x4983, 0x4983, 0x4983, 0x4AE7, 0x4AE7, 0x4AE7, 0x4AE7, 0x4AE7,
0x4AE7, 0x4AE7, 0x4AE7, 0x4AE7, 0x4AE7, 0x28E2, 0x28E2, 0x28E2, 0x28E2, 0x28E2, 0x28E2, 0x28E2, 0x28E2, 0x28E2, 0x28E2, 0x28E2,
0x28E2, 0x28E2, 0x28E2, 0x28E2, 0x28E2, 0x28E2, 0x28E2, 0x28E2, 0x28E2, 0x28E2, 0x28E2, 0x28E2, 0x28E2, 0x28E2, 0x28E2, 0x28E2,
0x28E2, 0x28E2, 0x28E2, 0x28E2, 0x28E2, 0x28E2, 0x28E2, 0x28E2, 0x28E2, 0x28E2, 0x28E2, 0x28E2, 0x28E2, 0x4AE7, 0x4AE7, 0x4AE7,
0x4AE7, 0x4AE7, 0x4AE7, 0x4AE7, 0x4AE7, 0x4AE7, 0x4AE7, 0x4AE7, 0x4AE7, 0x4AE7, 0x4AE7, 0x4AE7, 0x4AE7, 0x4AE7, 0x4AE7, 0x4AE7,
0x4AE7, 0x4AE7, 0x4AE7, 0x4AE7, 0x4AE7, 0x4AE7, 0x4AE7, 0x4AE7, 0x4AE7, 0x4AE7, 0x4AE7, 0x4AE7, 0x4AE7, 0x4AE7, 0x4AE7, 0x4AE7,
0x4AE7, 0x4AE7, 0x4B07, 0x4B07, 0x4B07, 0x5307, 0x5307, 0x5307, 0x5307, 0x5307, 0x5307, 0x5307, 0x5327, 0x5327, 0x5327, 0x5327,
0x5327, 0x5327, 0x5328, 0x5328, 0x5328, 0x5348, 0x5B48, 0x5B48, 0x5B48, 0x5B48, 0x5B48, 0x5B48, 0x5B48, 0x5B48, 0x5B48, 0x5B68,
0x5B68, 0x5B68, 0x5B68, 0x5B68, 0x5B68, 0x5B68, 0x5B68, 0x6368, 0x6368, 0x6368, 0x5B68, 0x5B68, 0x5B68, 0x5B68, 0x5B68, 0x5B68,
0x5B68, 0x5B68, 0x5B48, 0x5B48, 0x5B48, 0x5B48, 0x5B48, 0x5B48, 0x5B48, 0x5B48, 0x5B48, 0x5348, 0x5328, 0x5328, 0x5328, 0x5327,
0x5327, 0x5327, 0x5327, 0x5327, 0x5327, 0x5307, 0x5307, 0x5307, 0x5307, 0x5307, 0x5307, 0x5307, 0x4B07, 0x4B07, 0x4B07, 0x4AE7,
0x4AE7, 0x4AE7, 0x4AE7, 0x4AE7, 0x4AE7, 0x4AE7, 0x4AE7, 0x4AE7, 0x4AE7, 0x4AE7, 0x4AE7, 0x4AE7, 0x4AE7, 0x4AE7, 0x4AE7, 0x4AE7,
0x4AE7, 0x4AE7, 0x4AE7, 0x4AE7, 0x4AE7, 0x4AE7, 0x4AE7, 0x4AE7, 0x4AE7, 0x4AE7, 0x4AE7, 0x4AE7, 0x4AE7, 0x4AE7, 0x4AE7, 0x4AE7,
0x4AE7, 0x4AE7, 0x4AE7, 0x28E2, 0x28E2, 0x28E2, 0x28E2, 0x28E2, 0x28E2, 0x28E2, 0x28E2, 0x28E2, 0x28E2, 0x28E2, 0x28E2, 0x28E2,
0x28E2, 0x28E2, 0x28E2, 0x28E2, 0x28E2, 0x28E2, 0x28E2, 0x28E2, 0x28E2, 0x28E2, 0x28E2, 0x28E2, 0x28E2, 0x28E2, 0x28E2, 0x28E2,
0x28E2, 0x28E2, 0x28E2, 0x28E2, 0x28E2, 0x28E2, 0x28E2, 0x28E2, 0x28E2, 0x28E2, 0x28E2, 0x4AE7, 0x4AE7, 0x4AE7, 0x4AE7, 0x4AE7,
0x4AE7, 0x4AE7, 0x4AE7, 0x4AE7, 0x4AE7, 0x28E2, 0x28E2, 0x28E2, 0x28E2, 0x28E2, 0x28E2, 0x28E2, 0x28E2, 0x28E2, 0x28E2, 0x28E2,
0x28E2, 0x28E2, 0x28E2, 0x28E2, 0x28E2, 0x28E2, 0x28E2, 0x28E2, 0x28E2, 0x28E2, 0x28E2, 0x28E2, 0x28E2, 0x28E2, 0x28E2, 0x28E2,
0x28E2, 0x28E2, 0x28E2, 0x28E2, 0x28E2, 0x28E2, 0x28E2, 0x28E2, 0x28E2, 0x28E2, 0x28E2, 0x28E2, 0x28E2, 0x4AE7, 0x4AE7, 0x4AE7,
0x4AE7, 0x4AE7, 0x4AE7, 0x4AE7, 0x4AE7, 0x4AE7, 0x4AE7, 0x4AE7, 0x4AE7, 0x4AE7, 0x4AE7, 0x4AE7, 0x4AE7, 0x4AE7, 0x4AE7, 0x4AE7,
0x4AE7, 0x4AE7, 0x4AE7, 0x4AE7, 0x4AE7, 0x4AE7, 0x4AE7, 0x4AE7, 0x4AE7, 0x4AE7, 0x4AE7, 0x4AE7, 0x4AE7, 0x4AE7, 0x4AE7, 0x4AE7,
0x4AE7, 0x4AE7, 0x4B07, 0x4B07, 0x4B07, 0x5307, 0x5307, 0x5307, 0x5307, 0x5307, 0x5307, 0x5307, 0x5327, 0x5327, 0x5327, 0x5327,
0x5327, 0x5327, 0x5328, 0x5328, 0x5328, 0x5328, 0x5B48, 0x5B48, 0x5B48, 0x5B48, 0x5B48, 0x5B48, 0x5B48, 0x5B48, 0x5B48, 0x5B68,
0x5B68, 0x5B68, 0x5B68, 0x5B68, 0x5B68, 0x5B68, 0x5B68, 0x6368, 0x6368, 0x6368, 0x5B68, 0x5B68, 0x5B68, 0x5B68, 0x5B68, 0x5B68,
0x5B68, 0x5B68, 0x5B48, 0x5B48, 0x5B48, 0x5B48, 0x5B48, 0x5B48, 0x5B48, 0x5B48, 0x5B48, 0x5328, 0x5328, 0x5328, 0x5328, 0x5327,
0x5327, 0x5327, 0x5327, 0x5327, 0x5327, 0x5307, 0x5307, 0x5307, 0x5307, 0x5307, 0x5307, 0x5307, 0x4B07, 0x4B07, 0x4B07, 0x4AE7,
0x4AE7, 0x4AE7, 0x4AE7, 0x4AE7, 0x4AE7, 0x4AE7, 0x4AE7, 0x4AE7, 0x4AE7, 0x4AE7, 0x4AE7, 0x4AE7, 0x4AE7, 0x4AE7, 0x4AE7, 0x4AE7,
0x4AE7, 0x4AE7, 0x4AE7, 0x4AE7, 0x4AE7, 0x4AE7, 0x4AE7, 0x4AE7, 0x4AE7, 0x4AE7, 0x4AE7, 0x4AE7, 0x4AE7, 0x4AE7, 0x4AE7, 0x4AE7,
0x4AE7, 0x4AE7, 0x4AE7, 0x28E2, 0x28E2, 0x28E2, 0x28E2, 0x28E2, 0x28E2, 0x28E2, 0x28E2, 0x28E2, 0x28E2, 0x28E2, 0x28E2, 0x28E2,
0x28E2, 0x28E2, 0x28E2, 0x28E2, 0x28E2, 0x28E2, 0x28E2, 0x28E2, 0x28E2, 0x28E2, 0x28E2, 0x28E2, 0x28E2, 0x28E2, 0x28E2, 0x28E2,
0x28E2, 0x28E2, 0x28E2, 0x28E2, 0x28E2, 0x28E2, 0x28E2, 0x28E2, 0x28E2, 0x28E2, 0x28E2, 0x4AE7, 0x4AE7, 0x4AE7, 0x4AE7, 0x4AE7,
0x4AE7, 0x4AE7, 0x4AE7, 0x4AE7, 0x4AE7, 0x28E2, 0x28E2, 0x28E2, 0x28E2, 0x28E2, 0x28E2, 0x28E2, 0x28E2, 0x28E2, 0x28E2, 0x28E2,
0x28E2, 0x28E2, 0x28E2, 0x28E2, 0x28E2, 0x28E2, 0x28E2, 0x28E2, 0x28E2, 0x28E2, 0x28E2, 0x28E2, 0x28E2, 0x28E2, 0x28E2, 0x28E2,
0x28E2, 0x28E2, 0x28E2, 0x28E2, 0x28E2, 0x28E2, 0x28E2, 0x28E2, 0x28E2, 0x28E2, 0x28E2, 0x28E2, 0x28E2, 0x4AE7, 0x4AE7, 0x4AE7,
0x4AE7, 0x4AE7, 0x4AE7, 0x4AE7, 0x4AE7, 0x4AE7, 0x4AE7, 0x4AE7, 0x4AE7, 0x4AE7, 0x4AE7, 0x4AE7, 0x4AE7, 0x4AE7, 0x4AE7, 0x4AE7,
0x4AE7, 0x4AE7, 0x4AE7, 0x4AE7, 0x4AE7, 0x4AE7, 0x4AE7, 0x4AE7, 0x4AE7, 0x4AE7, 0x4AE7, 0x4AE7, 0x4AE7, 0x4AE7, 0x4AE7, 0x4AE7,
0x4AE7, 0x4AE7, 0x4AE7, 0x4B07, 0x4B07, 0x4B07, 0x5307, 0x5307, 0x5307, 0x5307, 0x5307, 0x5307, 0x5327, 0x5327, 0x5327, 0x5327,
0x5327, 0x5327, 0x5328, 0x5328, 0x5328, 0x5328, 0x5B48, 0x5B48, 0x5B48, 0x5B48, 0x5B48, 0x5B48, 0x5B48, 0x5B48, 0x5B48, 0x5B48,
0x5B68, 0x5B68, 0x5B68, 0x5B68, 0x5B68, 0x5B68, 0x5B68, 0x6368, 0x6368, 0x6368, 0x5B68, 0x5B68, 0x5B68, 0x5B68, 0x5B68, 0x5B68,
0x5B68, 0x5B48, 0x5B48, 0x5B48, 0x5B48, 0x5B48, 0x5B48, 0x5B48, 0x5B48, 0x5B48, 0x5B48, 0x5328, 0x5328, 0x5328, 0x5328, 0x5327,
0x5327, 0x5327, 0x5327, 0x5327, 0x5327, 0x5307, 0x5307, 0x5307, 0x5307, 0x5307, 0x5307, 0x4B07, 0x4B07, 0x4B07, 0x4AE7, 0x4AE7,
0x4AE7, 0x4AE7, 0x4AE7, 0x4AE7, 0x4AE7, 0x4AE7, 0x4AE7, 0x4AE7, 0x4AE7, 0x4AE7, 0x4AE7, 0x4AE7, 0x4AE7, 0x4AE7, 0x4AE7, 0x4AE7,
0x4AE7, 0x4AE7, 0x4AE7, 0x4AE7, 0x4AE7, 0x4AE7, 0x4AE7, 0x4AE7, 0x4AE7, 0x4AE7, 0x4AE7, 0x4AE7, 0x4AE7, 0x4AE7, 0x4AE7, 0x4AE7,
0x4AE7, 0x4AE7, 0x4AE7, 0x28E2, 0x28E2, 0x28E2, 0x28E2, 0x28E2, 0x28E2, 0x28E2, 0x28E2, 0x28E2, 0x28E2, 0x28E2, 0x28E2, 0x28E2,
0x28E2, 0x28E2, 0x28E2, 0x28E2, 0x28E2, 0x28E2, 0x28E2, 0x28E2, 0x28E2, 0x28E2, 0x28E2, 0x28E2, 0x28E2, 0x28E2, 0x28E2, 0x28E2,
0x28E2, 0x28E2, 0x28E2, 0x28E2, 0x28E2, 0x28E2, 0x28E2, 0x28E2, 0x28E2, 0x28E2, 0x28E2, 0x4AE7, 0x4AE7, 0x4AE7, 0x4AE7, 0x4AE7,
0x4AE7, 0x4AE7, 0x4AE7, 0x4AE7, 0x4AE7, 0x4983, 0x4983, 0x4983, 0x4983, 0x4983, 0x4983, 0x4983, 0x4983, 0x4983, 0x4983, 0x4983,
0x4983, 0x4983, 0x4983, 0x4983, 0x4983, 0x4983, 0x4983, 0x4983, 0x4983, 0x4983, 0x4983, 0x4983, 0x4983, 0x4983, 0x4983, 0x4983,
0x4983, 0x4983, 0x4983, 0x4983, 0x4983, 0x4983, 0x4983, 0x4983, 0x4983, 0x4983, 0x4983, 0x4983, 0x4983, 0x4AE7, 0x4AE7, 0x4AE7,
0x4AE7, 0x4AE7, 0x4AE7, 0x4AE7, 0x4AE7, 0x4AE7, 0x4AE7, 0x4AE7, 0x4AE7, 0x4AE7, 0x4AE7, 0x4AE7, 0x4AE7, 0x4AE7, 0x4AE7, 0x4AE7,
0x4AE7, 0x4AE7, 0x4AE7, 0x4AE7, 0x4AE7, 0x4AE7, 0x4AE7, 0x4AE7, 0x4AE7, 0x4AE7, 0x4AE7, 0x4AE7, 0x4AE7, 0x4AE7, 0x4AE7, 0x4AE7,
0x4AE7, 0x4AE7, 0x4AE7, 0x4B07, 0x4B07, 0x4B07, 0x5307, 0x5307, 0x5307, 0x5307, 0x5307, 0x5307, 0x5307, 0x5327, 0x5327, 0x5327,
0x5327, 0x5327, 0x5328, 0x5328, 0x5328, 0x5328, 0x5348, 0x5B48, 0x5B48, 0x5B48, 0x5B48, 0x5B48, 0x5B48, 0x5B48, 0x5B48, 0x5B48,
0x5B68, 0x5B68, 0x5B68, 0x5B68, 0x5B68, 0x5B68, 0x5B68, 0x5B68, 0x6368, 0x5B68, 0x5B68, 0x5B68, 0x5B68, 0x5B68, 0x5B68, 0x5B68,
0x5B68, 0x5B48, 0x5B48, 0x5B48, 0x5B48, 0x5B48, 0x5B48, 0x5B48, 0x5B48, 0x5B48, 0x5348, 0x5328, 0x5328, 0x5328, 0x5328, 0x5327,
0x5327, 0x5327, 0x5327, 0x5327, 0x5307, 0x5307, 0x5307, 0x5307, 0x5307, 0x5307, 0x5307, 0x4B07, 0x4B07, 0x4B07, 0x4AE7, 0x4AE7,
0x4AE7, 0x4AE7, 0x4AE7, 0x4AE7, 0x4AE7, 0x4AE7, 0x4AE7, 0x4AE7, 0x4AE7, 0x4AE7, 0x4AE7, 0x4AE7, 0x4AE7, 0x4AE7, 0x4AE7, 0x4AE7,
0x4AE7, 0x4AE7, 0x4AE7, 0x4AE7, 0x4AE7, 0x4AE7, 0x4AE7, 0x4AE7, 0x4AE7, 0x4AE7, 0x4AE7, 0x4AE7, 0x4AE7, 0x4AE7, 0x4AE7, 0x4AE7,
0x4AE7, 0x4AE7, 0x4AE7, 0x28E2, 0x28E2, 0x28E2, 0x28E2, 0x28E2, 0x28E2, 0x28E2, 0x28E2, 0x28E2, 0x28E2, 0x28E2, 0x28E2, 0x28E2,
0x28E2, 0x28E2, 0x28E2, 0x28E2, 0x28E2, 0x28E2, 0x28E2, 0x28E2, 0x28E2, 0x28E2, 0x28E2, 0x28E2, 0x28E2, 0x28E2, 0x28E2, 0x28E2,
0x28E2, 0x28E2, 0x28E2, 0x28E2, 0x28E2, 0x28E2, 0x28E2, 0x28E2, 0x28E2, 0x28E2, 0x28E2, 0x4AE7, 0x4AE7, 0x4AE7, 0x4AE7, 0x4AE7,
0x41E4, 0x41E4, 0x41E4, 0x41E4, 0x41E4, 0x41E4, 0x41E4, 0x41E4, 0x41E4, 0x41E4, 0x41E4, 0x41E4, 0x41E4, 0x41E4, 0x41E4, 0x41E4,
0x41E4, 0x41E4, 0x41E4, 0x41E4, 0x41E4, 0x41E4, 0x41E4, 0x41E4, 0x41E4, 0x41E4, 0x41E4, 0x41E4, 0x41E4, 0x41E4, 0x41E4, 0x41E4,
0x41E4, 0x41E4, 0x41E4, 0x41E4, 0x41E4, 0x41E4, 0x41E4, 0x41E4, 0x41E4, 0x41E4, 0x41E4, 0x41E4, 0x41E4, 0x41E4, 0x41E4, 0x41E4,
0x41E4, 0x41E4, 0x41E4, 0x41E4, 0x41E4, 0x41E4, 0x41E4, 0x41E4, 0x41E4, 0x41E4, 0x41E4, 0x41E4, 0x41E4, 0x41E4, 0x41E4, 0x41E4,
0x41E4, 0x41E4, 0x41E4, 0x41E4, 0x41E4, 0x41E4, 0x41E4, 0x41E4, 0x41E4, 0x41E4, 0x41E4, 0x41E4, 0x41E4, 0x41E4, 0x41E4, 0x41E4,
0x41E4, 0x41E4, 0x41E4, 0x41E4, 0x41E4, 0x41E4, 0x41E4, 0x41E4, 0x41E4, 0x41E4, 0x41E4, 0x41E4, 0x41E4, 0x41E4, 0x41E4, 0x41E4,
0x41E4, 0x41E4, 0x41E4, 0x41E4, 0x41E4, 0x41E4, 0x41E4, 0x41E4, 0x41E4, 0x41E4, 0x41E4, 0x41E4, 0x41E4, 0x41E4, 0x41E4, 0x41E4,
0x41E4, 0x41E4, 0x41E4, 0x41E4, 0x41E4, 0x41E4, 0x41E4, 0x41E4, 0x41E4, 0x41E4, 0x41E4, 0x41E4, 0x41E4, 0x41E4, 0x41E4, 0x41E4,
0x41E4, 0x41E4, 0x41E4, 0x41E4, 0x41E4, 0x41E4, 0x41E4, 0x41E4, 0x41E4, 0x41E4, 0x41E4, 0x41E4, 0x41E4, 0x41E4, 0x41E4, 0x41E4,
0x41E4, 0x41E4, 0x41E4, 0x41E4, 0x41E4, 0x41E4, 0x41E4, 0x41E4, 0x41E4, 0x41E4, 0x41E4, 0x41E4, 0x41E4, 0x41E4, 0x41E4, 0x41E4,
0x41E4, 0x41E4, 0x41E4, 0x41E4, 0x41E4, 0x41E4, 0x41E4, 0x41E4, 0x41E4, 0x41E4, 0x41E4, 0x41E4, 0x41E4, 0x41E4, 0x41E4, 0x41E4,
0x41E4, 0x41E4, 0x41E4, 0x41E4, 0x41E4, 0x41E4, 0x41E4, 0x41E4, 0x41E4, 0x41E4, 0x41E4, 0x41E4, 0x41E4, 0x41E4, 0x41E4, 0x41E4,
0x41E4, 0x41E4, 0x41E4, 0x41E4, 0x41E4, 0x41E4, 0x41E4, 0x41E4, 0x41E4, 0x41E4, 0x41E4, 0x41E4, 0x41E4, 0x41E4, 0x41E4, 0x41E4,
0x41E4, 0x41E4, 0x41E4, 0x41E4, 0x41E4, 0x41E4, 0x41E4, 0x41E4, 0x41E4, 0x41E4, 0x41E4, 0x41E4, 0x41E4, 0x41E4, 0x41E4, 0x41E4,
0x41E4, 0x41E4, 0x41E4, 0x41E4, 0x41E4, 0x41E4, 0x41E4, 0x41E4, 0x41E4, 0x41E4, 0x41E4, 0x41E4, 0x41E4, 0x41E4, 0x41E4, 0x41E4,
0x41E4, 0x41E4, 0x41E4, 0x41E4, 0x41E4, 0x41E4, 0x41E4, 0x41E4, 0x41E4, 0x41E4, 0x41E4, 0x41E4, 0x41E4, 0x41E4, 0x41E4, 0x41E4,
0x41E4, 0x41E4, 0x41E4, 0x41E4, 0x41E4, 0x41E4, 0x41E4, 0x41E4, 0x41E4, 0x41E4, 0x41E4, 0x41E4, 0x41E4, 0x41E4, 0x41E4, 0x41E4,
0x41E4, 0x41E4, 0x41E4, 0x41E4, 0x41E4, 0x41E4, 0x41E4, 0x41E4, 0x41E4, 0x41E4, 0x41E4, 0x41E4, 0x41E4, 0x41E4, 0x41E4, 0x41E4,
0x41E4, 0x41E4, 0x41E4, 0x41E4, 0x41E4, 0x41E4, 0x41E4, 0x41E4, 0x41E4, 0x41E4, 0x41E4, 0x41E4, 0x41E4, 0x41E4, 0x41E4, 0x41E4,
0x41E4, 0x41E4, 0x41E4, 0x41E4, 0x41E4, 0x41E4, 0x41E4, 0x41E4, 0x41E4, 0x41E4, 0x41E4, 0x41E4, 0x41E4, 0x41E4, 0x41E4, 0x41E4,
0x41E4, 0x41E4, 0x41E4, 0x41E4, 0x41E4, 0x41E4, 0x41E4, 0x41E4, 0x41E4, 0x41E4, 0x41E4, 0x41E4, 0x41E4, 0x41E4, 0x41E4, 0x41E4,
0x41E4, 0x41E4, 0x41E4, 0x41E4, 0x41E4, 0x41E4, 0x41E4, 0x41E4, 0x41E4, 0x41E4, 0x41E4, 0x41E4, 0x41E4, 0x41E4, 0x41E4, 0x41E4,
0x41E4, 0x41E4, 0x41E4, 0x41E4, 0x41E4, 0x41E4, 0x41E4, 0x41E4, 0x41E4, 0x41E4, 0x41E4, 0x41E4, 0x41E4, 0x41E4, 0x41E4, 0x41E4,
0x41E4, 0x41E4, 0x41E4, 0x41E4, 0x41E4, 0x41E4, 0x41E4, 0x41E4, 0x41E4, 0x41E4, 0x41E4, 0x41E4, 0x41E4, 0x41E4, 0x41E4, 0x41E4,
0x41E4, 0x41E4, 0x41E4, 0x41E4, 0x41E4, 0x41E4, 0x41E4, 0x41E4, 0x41E4, 0x41E4, 0x41E4, 0x41E4, 0x41E4, 0x41E4, 0x41E4, 0x41E4,
0x41E4, 0x41E4, 0x41E4, 0x41E4, 0x41E4, 0x41E4, 0x41E4, 0x41E4, 0x41E4, 0x41E4, 0x41E4, 0x41E4, 0x41E4, 0x41E4, 0x41E4, 0x41E4,
0x41E4, 0x41E4, 0x41E4, 0x41E4, 0x41E4, 0x41E4, 0x41E4, 0x41E4, 0x41E4, 0x41E4, 0x41E4, 0x41E4, 0x41E4, 0x41E4, 0x41E4, 0x41E4,
0x41E4, 0x41E4, 0x41E4, 0x41E4, 0x41E4, 0x41E4, 0x41E4, 0x41E4, 0x41E4, 0x41E4, 0x41E4, 0x41E4, 0x41E4, 0x41E4, 0x41E4, 0x41E4,
0x41E4, 0x41E4, 0x41E4, 0x41E4, 0x41E4, 0x41E4, 0x41E4, 0x41E4, 0x41E4, 0x41E4, 0x41E4, 0x41E4, 0x41E4, 0x41E4, 0x41E4, 0x41E4,
0x41E4, 0x41E4, 0x41E4, 0x41E4, 0x41E4, 0x41E4, 0x41E4, 0x41E4, 0x41E4, 0x41E4, 0x41E4, 0x41E4, 0x41E4, 0x41E4, 0x41E4, 0x41E4,
0x41E4, 0x41E4, 0x7328, 0x7328, 0x7328, 0x7328, 0x7328, 0x7328, 0x7328, 0x7328, 0x7328, 0x7328, 0x7328, 0x7328, 0x7328, 0x7328,
0x7328, 0x7328, 0x7328, 0x7328, 0x7328, 0x7328, 0x7328, 0x7328, 0x7328, 0x7328, 0x7328, 0x7328, 0x7328, 0x7328, 0x7328, 0x7328,
0x7328, 0x7328, 0x7328, 0x7328, 0x7328, 0x7328, 0x7328, 0x7328, 0x41E4, 0x41E4, 0x8BE9, 0x8BE9, 0x8BE9, 0x8BE9, 0x8BE9, 0x8BE9,
0x8BE9, 0x8BE9, 0x8BE9, 0x8BE9, 0x8BE9, 0x8BE9, 0x8BE9, 0x8BE9, 0x8BE9, 0x8BE9, 0x8BE9, 0x8BE9, 0x8BE9, 0x8BE9, 0x8BE9, 0x8BE9,
0x8BE9, 0x8BE9, 0x8BE9, 0x8BE9, 0x8BE9, 0x8BE9, 0x8BE9, 0x8BE9, 0x8BE9, 0x8BE9, 0x8BE9, 0x8BE9, 0x8BE9, 0x8BE9, 0x8BE9, 0x8BE9,
0x41E4, 0x41E4, 0x7328, 0x7328, 0x7328, 0x7328, 0x7328, 0x7328, 0x7328, 0x7328, 0x7328, 0x7328, 0x7328, 0x7328, 0x7328, 0x7328,
0x7328, 0x7328, 0x7328, 0x7328, 0x7328, 0x7328, 0x7328, 0x7328, 0x7328, 0x7328, 0x7328, 0x7328, 0x7328, 0x7328, 0x7328, 0x7328,
0x7328, 0x7328, 0x7328, 0x7328, 0x7328, 0x7328, 0x7328, 0x7328, 0x41E4, 0x41E4, 0x8BE9, 0x8BE9, 0x8BE9, 0x8BE9, 0x8BE9, 0x8BE9,
0x8BE9, 0x8BE9, 0x8BE9, 0x8BE9, 0x8BE9, 0x8BE9, 0x8BE9, 0x8BE9, 0x8BE9, 0x8BE9, 0x8BE9, 0x8BE9, 0x8BE9, 0x8BE9, 0x8BE9, 0x8BE9,
0x8BE9, 0x8BE9, 0x8BE9, 0x8BE9, 0x8BE9, 0x8BE9, 0x8BE9, 0x8BE9, 0x8BE9, 0x8BE9, 0x8BE9, 0x8BE9, 0x8BE9, 0x8BE9, 0x8BE9, 0x8BE9,
0x41E4, 0x41E4, 0x7328, 0x7328, 0x7328, 0x7328, 0x7328, 0x7328, 0x7328, 0x7328, 0x7328, 0x7328, 0x7328, 0x7328, 0x7328, 0x7328,
0x7328, 0x7328, 0x7328, 0x7328, 0x7328, 0x7328, 0x7328, 0x7328, 0x7328, 0x7328, 0x7328, 0x7328, 0x7328, 0x7328, 0x7328, 0x7328,
0x7328, 0x7328, 0x7328, 0x7328, 0x7328, 0x7328, 0x7328, 0x7328, 0x41E4, 0x41E4, 0x8BE9, 0x8BE9, 0x8BE9, 0x8BE9, 0x8BE9, 0x8BE9,
0x8BE9, 0x8BE9, 0x8BE9, 0x8BE9, 0x8BE9, 0x8BE9, 0x8BE9, 0x8BE9, 0x8BE9, 0x8BE9, 0x8BE9, 0x8BE9, 0x8BE9, 0x8BE9, 0x8BE9, 0x8BE9,
0x8BE9, 0x8BE9, 0x8BE9, 0x8BE9, 0x8BE9, 0x8BE9, 0x8BE9, 0x8BE9, 0x8BE9, 0x8BE9, 0x8BE9, 0x8BE9, 0x8BE9, 0x8BE9, 0x8BE9, 0x8BE9,
0x41E4, 0x41E4, 0x7328, 0x7328, 0x7328, 0x7328, 0x7328, 0x7328, 0x7328, 0x7328, 0x7328, 0x7328, 0x7328, 0x7328, 0x7328, 0x7328,
0x7328, 0x7328, 0x7328, 0x7328, 0x7328, 0x7328, 0x7328, 0x7328, 0x7328, 0x7328, 0x7328, 0x7328, 0x7328, 0x7328, 0x7328, 0x7328,
0x7328, 0x7328, 0x7328, 0x7328, 0x7328, 0x7328, 0x7328, 0x7328, 0x41E4, 0x41E4, 0x8BE9, 0x8BE9, 0x8BE9, 0x8BE9, 0x8BE9, 0x8BE9,
0x8BE9, 0x8BE9, 0x8BE9, 0x8BE9, 0x8BE9, 0x8BE9, 0x8BE9, 0x8BE9, 0x8BE9, 0x8BE9, 0x8BE9, 0x8BE9, 0x8BE9, 0x8BE9, 0x8BE9, 0x8BE9,
0x8BE9, 0x8BE9, 0x8BE9, 0x8BE9, 0x8BE9, 0x8BE9, 0x8BE9, 0x8BE9, 0x8BE9, 0x8BE9, 0x8BE9, 0x8BE9, 0x8BE9, 0x8BE9, 0x8BE9, 0x8BE9,
0x41E4, 0x41E4, 0x7328, 0x7328, 0x7328, 0x7328, 0x7328, 0x7328, 0x7328, 0x7328, 0x7328, 0x7328, 0x7328, 0x7328, 0x7328, 0x7328,
0x7328, 0x7328, 0x7328, 0x7328, 0x7328, 0x7328, 0x7328, 0x7328, 0x7328, 0x7328, 0x7328, 0x7328, 0x7328, 0x7328, 0x7328, 0x7328,
0x7328, 0x7328, 0x7328, 0x7328, 0x7328, 0x7328, 0x7328, 0x7328, 0x41E4, 0x41E4, 0x8BE9, 0x8BE9, 0x8BE9, 0x8BE9, 0x8BE9, 0x8BE9,
0x8BE9, 0x8BE9, 0x8BE9, 0x8BE9, 0x8BE9, 0x8BE9, 0x8BE9, 0x8BE9, 0x8BE9, 0x8BE9, 0x8BE9, 0x8BE9, 0x8BE9, 0x8BE9, 0x8BE9, 0x8BE9,
0x8BE9, 0x8BE9, 0x8BE9, 0x8BE9, 0x8BE9, 0x8BE9, 0x8BE9, 0x8BE9, 0x8BE9, 0x8BE9, 0x8BE9, 0x8BE9, 0x8BE9, 0x8BE9, 0x8BE9, 0x8BE9,
0x41E4, 0x41E4, 0x7328, 0x7328, 0x7328, 0x7328, 0x7328, 0x7328, 0x7328, 0x7328, 0x7328, 0x7328, 0x7328, 0x7328, 0x7328, 0x7328,
0x7328, 0x7328, 0x7328, 0x7328, 0x7328, 0x7328, 0x7328, 0x7328, 0x7328, 0x7328, 0x7328, 0x7328, 0x7328, 0x7328, 0x7328, 0x7328,
0x7328, 0x7328, 0x7328, 0x7328, 0x7328, 0x7328, 0x7328, 0x7328, 0x41E4, 0x41E4, 0x8BE9, 0x8BE9, 0x8BE9, 0x8BE9, 0x8BE9, 0x8BE9,
0x8BE9, 0x8BE9, 0x8BE9, 0x8BE9, 0x8BE9, 0x8BE9, 0x8BE9, 0x8BE9, 0x8BE9, 0x8BE9, 0x8BE9, 0x8BE9, 0x8BE9, 0x8BE9, 0x8BE9, 0x8BE9,
0x8BE9, 0x8BE9, 0x8BE9, 0x8BE9, 0x8BE9, 0x8BE9, 0x8BE9, 0x8BE9, 0x8BE9, 0x8BE9, 0x8BE9, 0x8BE9, 0x8BE9, 0x8BE9, 0x8BE9, 0x8BE9,
0x41E4, 0x41E4, 0x7328, 0x7328, 0x7328, 0x7328, 0x7328, 0x7328, 0x7328, 0x7328, 0x7328, 0x7328, 0x7328, 0x7328, 0x7328, 0x7328,
0x7328, 0x7328, 0x7328, 0x7328, 0x7328, 0x7328, 0x7328, 0x7328, 0x7328, 0x7328, 0x7328, 0x7328, 0x7328, 0x7328, 0x7328, 0x7328,
0x7328, 0x7328, 0x7328, 0x7328, 0x7328, 0x7328, 0x7328, 0x7328, 0x41E4, 0x41E4, 0x8BE9, 0x8BE9, 0x8BE9, 0x8BE9, 0x8BE9, 0x8BE9,
0x8BE9, 0x8BE9, 0x8BE9, 0x8BE9, 0x8BE9, 0x8BE9, 0x8BE9, 0x8BE9, 0x8BE9, 0x8BE9, 0x8BE9, 0x8BE9, 0x8BE9, 0x8BE9, 0x8BE9, 0x8BE9,
0x8BE9, 0x8BE9, 0x8BE9, 0x8BE9, 0x8BE9, 0x8BE9, 0x8BE9, 0x8BE9, 0x8BE9, 0x8BE9, 0x8BE9, 0x8BE9, 0x8BE9, 0x8BE9, 0x8BE9, 0x8BE9,
0x41E4, 0x41E4, 0x7328, 0x7328, 0x7328, 0x7328, 0x7328, 0x7328, 0x7328, 0x7328, 0x7328, 0x7328, 0x7328, 0x7328, 0x7328, 0x7328,
0x7328, 0x7328, 0x7328, 0x7328, 0x7328, 0x7328, 0x7328, 0x7328, 0x7328, 0x7328, 0x7328, 0x7328, 0x7328, 0x7328, 0x7328, 0x7328,
0x7328, 0x7328, 0x7328, 0x7328, 0x7328, 0x7328, 0x7328, 0x7328, 0x41E4, 0x41E4, 0x8BE9, 0x8BE9, 0x8BE9, 0x8BE9, 0x8BE9, 0x8BE9,
0x8BE9, 0x8BE9, 0x8BE9, 0x8BE9, 0x8BE9, 0x8BE9, 0x8BE9, 0x8BE9, 0x8BE9, 0x8BE9, 0x8BE9, 0x8BE9, 0x8BE9, 0x8BE9, 0x8BE9, 0x8BE9,
0x8BE9, 0x8BE9, 0x8BE9, 0x8BE9, 0x8BE9, 0x8BE9, 0x8BE9, 0x8BE9, 0x8BE9, 0x8BE9, 0x8BE9, 0x8BE9, 0x8BE9, 0x8BE9, 0x8BE9, 0x8BE9,
0x41E4, 0x41E4, 0x7328, 0x7328, 0x7328, 0x7328, 0x7328, 0x7328, 0x7328, 0x7328, 0x7328, 0x7328, 0x7328, 0x7328, 0x7328, 0x7328,
0x7328, 0x7328, 0x7328, 0x7328, 0x7328, 0x7328, 0x7328, 0x7328, 0x7328, 0x7328, 0x7328, 0x7328, 0x7328, 0x7328, 0x7328, 0x7328,
0x7328, 0x7328, 0x7328, 0x7328, 0x7328, 0x7328, 0x7328, 0x7328, 0x41E4, 0x41E4, 0x8BE9, 0x8BE9, 0x8BE9, 0x8BE9, 0x8BE9, 0x8BE9,
0x8BE9, 0x8BE9, 0x8BE9, 0x8BE9, 0x8BE9, 0x8BE9, 0x8BE9, 0x8BE9, 0x8BE9, 0x8BE9, 0x8BE9, 0x8BE9, 0x8BE9, 0x8BE9, 0x8BE9, 0x8BE9,
0x8BE9, 0x8BE9, 0x8BE9, 0x8BE9, 0x8BE9, 0x8BE9, 0x8BE9, 0x8BE9, 0x8BE9, 0x8BE9, 0x8BE9, 0x8BE9, 0x8BE9, 0x8BE9, 0x8BE9, 0x8BE9,
0x41E4, 0x41E4, 0x7328, 0x7328, 0x7328, 0x7328, 0x7328, 0x7328, 0x7328, 0x7328, 0x7328, 0x7328, 0x7328, 0x7328, 0x7328, 0x7328,
0x7328, 0x7328, 0x7328, 0x7328, 0x7328, 0x7328, 0x7328, 0x7328, 0x7328, 0x7328, 0x7328, 0x7328, 0x7328, 0x7328, 0x7328, 0x7328,
0x7328, 0x7328, 0x7328, 0x7328, 0x7328, 0x7328, 0x7328, 0x7328, 0x41E4, 0x41E4, 0x8BE9, 0x8BE9, 0x8BE9, 0x8BE9, 0x8BE9, 0x8BE9,
0x8BE9, 0x8BE9, 0x8BE9, 0x8BE9, 0x8BE9, 0x8BE9, 0x8BE9, 0x8BE9, 0x8BE9, 0x8BE9, 0x8BE9, 0x8BE9, 0x8BE9, 0x8BE9, 0x8BE9, 0x8BE9,
0x8BE9, 0x8BE9, 0x8BE9, 0x8BE9, 0x8BE9, 0x8BE9, 0x8BE9, 0x8BE9, 0x8BE9, 0x8BE9, 0x8BE9, 0x8BE9, 0x8BE9, 0x8BE9, 0x8BE9, 0x8BE9,
0x41E4, 0x41E4, 0x7328, 0x7328, 0x7328, 0x7328, 0x7328, 0x7328, 0x7328, 0x7328, 0x7328, 0x7328, 0x7328, 0x7328, 0x7328, 0x7328,
0x7328, 0x7328, 0x7328, 0x7328, 0x7328, 0x7328, 0x7328, 0x7328, 0x7328, 0x7328, 0x7328, 0x7328, 0x7328, 0x7328, 0x7328, 0x7328,
0x7328, 0x7328, 0x7328, 0x7328, 0x7328, 0x7328, 0x7328, 0x7328, 0x41E4, 0x41E4, 0x8BE9, 0x8BE9, 0x8BE9, 0x8BE9, 0x8BE9, 0x8BE9,
0x8BE9, 0x8BE9, 0x8BE9, 0x8BE9, 0x8BE9, 0x8BE9, 0x8BE9, 0x8BE9, 0x8BE9, 0x8BE9, 0x8BE9, 0x8BE9, 0x8BE9, 0x8BE9, 0x8BE9, 0x8BE9,
0x8BE9, 0x8BE9, 0x8BE9, 0x8BE9, 0x8BE9, 0x8BE9, 0x8BE9, 0x8BE9, 0x8BE9, 0x8BE9, 0x8BE9, 0x8BE9, 0x8BE9, 0x8BE9, 0x8BE9, 0x8BE9,
0x41E4, 0x41E4, 0x7328, 0x7328, 0x7328, 0x7328, 0x7328, 0x7328, 0x7328, 0x7328, 0x7328, 0x7328, 0x7328, 0x7328, 0x7328, 0x7328,
0x7328, 0x7328, 0x7328, 0x7328, 0x7328, 0x7328, 0x7328, 0x7328, 0x7328, 0x7328, 0x7328, 0x7328, 0x7328, 0x7328, 0x7328, 0x7328,
0x7328, 0x7328, 0x7328, 0x7328, 0x7328, 0x7328, 0x7328, 0x7328, 0x41E4, 0x41E4, 0x8BE9, 0x8BE9, 0x8BE9, 0x8BE9, 0x8BE9, 0x8BE9,
0x8BE9, 0x8BE9, 0x8BE9, 0x8BE9, 0x8BE9, 0x8BE9, 0x8BE9, 0x8BE9, 0x8BE9, 0x8BE9, 0x8BE9, 0x8BE9, 0x8BE9, 0x8BE9, 0x8BE9, 0x8BE9,
0x8BE9, 0x8BE9, 0x8BE9, 0x8BE9, 0x8BE9, 0x8BE9, 0x8BE9, 0x8BE9, 0x8BE9, 0x8BE9, 0x8BE9, 0x8BE9, 0x8BE9, 0x8BE9, 0x8BE9, 0x8BE9,
0x41E4, 0x41E4, 0x7328, 0x7328, 0x7328, 0x7328, 0x7328, 0x7328, 0x7328, 0x7328, 0x7328, 0x7328, 0x7328, 0x7328, 0x7328, 0x7328,
0x7328, 0x7328, 0x7328, 0x7328, 0x7328, 0x7328, 0x7328, 0x7328, 0x7328, 0x7328, 0x7328, 0x7328, 0x7328, 0x7328, 0x7328, 0x7328,
0x7328, 0x7328, 0x7328, 0x7328, 0x7328, 0x7328, 0x7328, 0x7328, 0x41E4, 0x41E4, 0x8BE9, 0x8BE9, 0x8BE9, 0x8BE9, 0x8BE9, 0x8BE9,
0x8BE9, 0x8BE9, 0x8BE9, 0x8BE9, 0x8BE9, 0x8BE9, 0x8BE9, 0x8BE9, 0x8BE9, 0x8BE9, 0x8BE9, 0x8BE9, 0x8BE9, 0x8BE9, 0x8BE9, 0x8BE9,
0x8BE9, 0x8BE9, 0x8BE9, 0x8BE9, 0x8BE9, 0x8BE9, 0x8BE9, 0x8BE9, 0x8BE9, 0x8BE9, 0x8BE9, 0x8BE9, 0x8BE9, 0x8BE9, 0x8BE9, 0x8BE9,
0x41E4, 0x41E4, 0x7328, 0x7328, 0x7328, 0x7328, 0x7328, 0x7328, 0x7328, 0x7328, 0x7328, 0x7328, 0x7328, 0x7328, 0x7328, 0x7328,
0x7328, 0x7328, 0x7328, 0x7328, 0x7328, 0x7328, 0x7328, 0x7328, 0x7328, 0x7328, 0x7328, 0x7328, 0x7328, 0x7328, 0x7328, 0x7328,
0x7328, 0x7328, 0x7328, 0x7328, 0x7328, 0x7328, 0x7328, 0x7328, 0x41E4, 0x41E4, 0x8BE9, 0x8BE9, 0x8BE9, 0x8BE9, 0x8BE9, 0x8BE9,
0x8BE9, 0x8BE9, 0x8BE9, 0x8BE9, 0x8BE9, 0x8BE9, 0x8BE9, 0x8BE9, 0x8BE9, 0x8BE9, 0x8BE9, 0x8BE9, 0x8BE9, 0x8BE9, 0x8BE9, 0x8BE9,
0x8BE9, 0x8BE9, 0x8BE9, 0x8BE9, 0x8BE9, 0x8BE9, 0x8BE9, 0x8BE9, 0x8BE9, 0x8BE9, 0x8BE9, 0x8BE9, 0x8BE9, 0x8BE9, 0x8BE9, 0x8BE9,
0x41E4, 0x41E4, 0x7328, 0x7328, 0x7328, 0x7328, 0x7328, 0x7328, 0x7328, 0x7328, 0x7328, 0x7328, 0x7328, 0x7328, 0x7328, 0x7328,
0x7328, 0x7328, 0x7328, 0x7328, 0x7328, 0x7328, 0x7328, 0x7328, 0x7328, 0x7328, 0x7328, 0x7328, 0x7328, 0x7328, 0x7328, 0x7328,
0x7328, 0x7328, 0x7328, 0x7328, 0x7328, 0x7328, 0x7328, 0x7328, 0x41E4, 0x41E4, 0x8BE9, 0x8BE9, 0x8BE9, 0x8BE9, 0x8BE9, 0x8BE9,
0x8BE9, 0x8BE9, 0x8BE9, 0x8BE9, 0x8BE9, 0x8BE9, 0x8BE9, 0x8BE9, 0x8BE9, 0x8BE9, 0x8BE9, 0x8BE9, 0x8BE9, 0x8BE9, 0x8BE9, 0x8BE9,
0x8BE9, 0x8BE9, 0x8BE9, 0x8BE9, 0x8BE9, 0x8BE9, 0x8BE9, 0x8BE9, 0x8BE9, 0x8BE9, 0x8BE9, 0x8BE9, 0x8BE9, 0x8BE9, 0x8BE9, 0x8BE9,
0x41E4, 0x41E4, 0x7328, 0x7328, 0x7328, 0x7328, 0x7328, 0x7328, 0x7328, 0x7328, 0x7328, 0x7328, 0x7328, 0x7328, 0x7328, 0x7328,
0x7328, 0x7328, 0x7328, 0x7328, 0x7328, 0x7328, 0x7328, 0x7328, 0x7328, 0x7328, 0x7328, 0x7328, 0x7328, 0x7328, 0x7328, 0x7328,
0x7328, 0x7328, 0x7328, 0x7328, 0x7328, 0x7328, 0x7328, 0x7328, 0x41E4, 0x41E4, 0x8BE9, 0x8BE9, 0x8BE9, 0x8BE9, 0x8BE9, 0x8BE9,
0x8BE9, 0x8BE9, 0x8BE9, 0x8BE9, 0x8BE9, 0x8BE9, 0x8BE9, 0x8BE9, 0x8BE9, 0x8BE9, 0x8BE9, 0x8BE9, 0x8BE9, 0x8BE9, 0x8BE9, 0x8BE9,
0x8BE9, 0x8BE9, 0x8BE9, 0x8BE9, 0x8BE9, 0x8BE9, 0x8BE9, 0x8BE9, 0x8BE9, 0x8BE9, 0x8BE9, 0x8BE9, 0x8BE9, 0x8BE9, 0x8BE9, 0x8BE9,
0x41E4, 0x41E4, 0x7328, 0x7328, 0x7328, 0x7328, 0x7328, 0x7328, 0x7328, 0x7328, 0x7328, 0x7328, 0x7328, 0x7328, 0x7328, 0x7328,
0x7328, 0x7328, 0x7328, 0x7328, 0x7328, 0x7328, 0x7328, 0x7328, 0x7328, 0x7328, 0x7328, 0x7328, 0x7328, 0x7328, 0x7328, 0x7328,
0x7328, 0x7328, 0x7328, 0x7328, 0x7328, 0x7328, 0x7328, 0x7328, 0x41E4, 0x41E4, 0x8BE9, 0x8BE9, 0x8BE9, 0x8BE9, 0x8BE9, 0x8BE9,
0x8BE9, 0x8BE9, 0x8BE9, 0x8BE9, 0x8BE9, 0x8BE9, 0x8BE9, 0x8BE9, 0x8BE9, 0x8BE9, 0x8BE9, 0x8BE9, 0x8BE9, 0x8BE9, 0x8BE9, 0x8BE9,
0x8BE9, 0x8BE9, 0x8BE9, 0x8BE9, 0x8BE9, 0x8BE9, 0x8BE9, 0x8BE9, 0x8BE9, 0x8BE9, 0x8BE9, 0x8BE9, 0x8BE9, 0x8BE9, 0x8BE9, 0x8BE9,
0x41E4, 0x41E4, 0x7328, 0x7328, 0x7328, 0x7328, 0x7328, 0x7328, 0x7328, 0x7328, 0x7328, 0x7328, 0x7328, 0x7328, 0x7328, 0x7328,
0x7328, 0x7328, 0x7328, 0x7328, 0x7328, 0x7328, 0x7328, 0x7328, 0x7328, 0x7328, 0x7328, 0x7328, 0x7328, 0x7328, 0x7328, 0x7328,
0x7328, 0x7328, 0x7328, 0x7328, 0x7328, 0x7328, 0x7328, 0x7328, 0x41E4, 0x41E4, 0x8BE9, 0x8BE9, 0x8BE9, 0x8BE9, 0x8BE9, 0x8BE9,
0x8BE9, 0x8BE9, 0x8BE9, 0x8BE9, 0x8BE9, 0x8BE9, 0x8BE9, 0x8BE9, 0x8BE9, 0x8BE9, 0x8BE9, 0x8BE9, 0x8BE9, 0x8BE9, 0x8BE9, 0x8BE9,
0x8BE9, 0x8BE9, 0x8BE9, 0x8BE9, 0x8BE9, 0x8BE9, 0x8BE9, 0x8BE9, 0x8BE9, 0x8BE9, 0x8BE9, 0x8BE9, 0x8BE9, 0x8BE9, 0x8BE9, 0x8BE9,
0x5245, 0x5245, 0x8BC9, 0x8BC9, 0x8BC9, 0x8BC9, 0x8BC9, 0x8BC9, 0x8BC9, 0x8BC9, 0x8BC9, 0x8BC9, 0x8BC9, 0x8BC9, 0x8BC9, 0x8BC9,
0x8BC9, 0x8BC9, 0x8BC9, 0x8BC9, 0x8BC9, 0x8BC9, 0x8BC9, 0x8BC9, 0x8BC9, 0x8BC9, 0x8BC9, 0x8BC9, 0x8BC9, 0x8BC9, 0x8BC9, 0x8BC9,
0x8BC9, 0x8BC9, 0x8BC9, 0x8BC9, 0x8BC9, 0x8BC9, 0x8BC9, 0x8BC9, 0x5245, 0x5245, 0xACAB, 0xACAB, 0xACAB, 0xACAB, 0xACAB, 0xACAB,
0xACAB, 0xACAB, 0xACAB, 0xACAB, 0xACAB, 0xACAB, 0xACAB, 0xACAB, 0xACAB, 0xACAB, 0xACAB, 0xACAB, 0xACAB, 0xACAB, 0xACAB, 0xACAB,
0xACAB, 0xACAB, 0xACAB, 0xACAB, 0xACAB, 0xACAB, 0xACAB, 0xACAB, 0xACAB, 0xACAB, 0xACAB, 0xACAB, 0xACAB, 0xACAB, 0xACAB, 0xACAB,
0x5245, 0x5245, 0x8BC9, 0x8BC9, 0x8BC9, 0x8BC9, 0x8BC9, 0x8BC9, 0x8BC9, 0x8BC9, 0x8BC9, 0x8BC9, 0x8BC9, 0x8BC9, 0x8BC9, 0x8BC9,
0x8BC9, 0x8BC9, 0x8BC9, 0x8BC9, 0x8BC9, 0x8BC9, 0x8BC9, 0x8BC9, 0x8BC9, 0x8BC9, 0x8BC9, 0x8BC9, 0x8BC9, 0x8BC9, 0x8BC9, 0x8BC9,
0x8BC9, 0x8BC9, 0x8BC9, 0x8BC9, 0x8BC9, 0x8BC9, 0x8BC9, 0x8BC9, 0x5245, 0x5245, 0xACAB, 0xACAB, 0xACAB, 0xACAB, 0xACAB, 0xACAB,
0xACAB, 0xACAB, 0xACAB, 0xACAB, 0xACAB, 0xACAB, 0xACAB, 0xACAB, 0xACAB, 0xACAB, 0xACAB, 0xACAB, 0xACAB, 0xACAB, 0xACAB, 0xACAB,
0xACAB, 0xACAB, 0xACAB, 0xACAB, 0xACAB, 0xACAB, 0xACAB, 0xACAB, 0xACAB, 0xACAB, 0xACAB, 0xACAB, 0xACAB, 0xACAB, 0xACAB, 0xACAB,
0x5245, 0x5245, 0x8BC9, 0x8BC9, 0x8BC9, 0x8BC9, 0x8BC9, 0x8BC9, 0x8BC9, 0x8BC9, 0x8BC9, 0x8BC9, 0x8BC9, 0x8BC9, 0x8BC9, 0x8BC9,
0x8BC9, 0x8BC9, 0x8BC9, 0x8BC9, 0x8BC9, 0x8BC9, 0x8BC9, 0x8BC9, 0x8BC9, 0x8BC9, 0x8BC9, 0x8BC9, 0x8BC9, 0x8BC9, 0x8BC9, 0x8BC9,
0x8BC9, 0x8BC9, 0x8BC9, 0x8BC9, 0x8BC9, 0x8BC9, 0x8BC9, 0x8BC9, 0x5245, 0x5245, 0xACAB, 0xACAB, 0xACAB, 0xACAB, 0xACAB, 0xACAB,
0xACAB, 0xACAB, 0xACAB, 0xACAB, 0xACAB, 0xACAB, 0xACAB, 0xACAB, 0xACAB, 0xACAB, 0xACAB, 0xACAB, 0xACAB, 0xACAB, 0xACAB, 0xACAB,
0xACAB, 0xACAB, 0xACAB, 0xACAB, 0xACAB, 0xACAB, 0xACAB, 0xACAB, 0xACAB, 0xACAB, 0xACAB, 0xACAB, 0xACAB, 0xACAB, 0xACAB, 0xACAB,
0x5245, 0x5245, 0x8BC9, 0x8BC9, 0x8BC9, 0x8BC9, 0x8BC9, 0x8BC9, 0x8BC9, 0x8BC9, 0x8BC9, 0x8BC9, 0x8BC9, 0x8BC9, 0x8BC9, 0x8BC9,
0x8BC9, 0x8BC9, 0x8BC9, 0x8BC9, 0x8BC9, 0x8BC9, 0x8BC9, 0x8BC9, 0x8BC9, 0x8BC9, 0x8BC9, 0x8BC9, 0x8BC9, 0x8BC9, 0x8BC9, 0x8BC9,
0x8BC9, 0x8BC9, 0x8BC9, 0x8BC9, 0x8BC9, 0x8BC9, 0x8BC9, 0x8BC9, 0x5245, 0x5245, 0xACAB, 0xACAB, 0xACAB, 0xACAB, 0xACAB, 0xACAB,
0xACAB, 0xACAB, 0xACAB, 0xACAB, 0xACAB, 0xACAB, 0xACAB, 0xACAB, 0xACAB, 0xACAB, 0xACAB, 0xACAB, 0xACAB, 0xACAB, 0xACAB, 0xACAB,
0xACAB, 0xACAB, 0xACAB, 0xACAB, 0xACAB, 0xACAB, 0xACAB, 0xACAB, 0xACAB, 0xACAB, 0xACAB, 0xACAB, 0xACAB, 0xACAB, 0xACAB, 0xACAB,
0x5245, 0x5245, 0x8BC9, 0x8BC9, 0x8BC9, 0x8BC9, 0x8BC9, 0x8BC9, 0x8BC9, 0x8BC9, 0x8BC9, 0x8BC9, 0x8BC9, 0x8BC9, 0x8BC9, 0x8BC9,
0x8BC9, 0x8BC9, 0x8BC9, 0x8BC9, 0x8BC9, 0x8BC9, 0x8BC9, 0x8BC9, 0x8BC9, 0x8BC9, 0x8BC9, 0x8BC9, 0x8BC9, 0x8BC9, 0x8BC9, 0x8BC9,
0x8BC9, 0x8BC9, 0x8BC9, 0x8BC9, 0x8BC9, 0x8BC9, 0x8BC9, 0x8BC9, 0x5245, 0x5245, 0xACAB, 0xACAB, 0xACAB, 0xACAB, 0xACAB, 0xACAB,
0xACAB, 0xACAB, 0xACAB, 0xACAB, 0xACAB, 0xACAB, 0xACAB, 0xACAB, 0xACAB, 0xACAB, 0xACAB, 0xACAB, 0xACAB, 0xACAB, 0xACAB, 0xACAB,
0xACAB, 0xACAB, 0xACAB, 0xACAB, 0xACAB, 0xACAB, 0xACAB, 0xACAB, 0xACAB, 0xACAB, 0xACAB, 0xACAB, 0xACAB, 0xACAB, 0xACAB, 0xACAB,
0x5245, 0x5245, 0x8BC9, 0x8BC9, 0x8BC9, 0x8BC9, 0x8BC9, 0x8BC9, 0x8BC9, 0x8BC9, 0x8BC9, 0x8BC9, 0x8BC9, 0x8BC9, 0x8BC9, 0x8BC9,
0x8BC9, 0x8BC9, 0x8BC9, 0x8BC9, 0x8BC9, 0x8BC9, 0x8BC9, 0x8BC9, 0x8BC9, 0x8BC9, 0x8BC9, 0x8BC9, 0x8BC9, 0x8BC9, 0x8BC9, 0x8BC9,
0x8BC9, 0x8BC9, 0x8BC9, 0x8BC9, 0x8BC9, 0x8BC9, 0x8BC9, 0x8BC9, 0x5245, 0x5245, 0xACAB, 0xACAB, 0xACAB, 0xACAB, 0xACAB, 0xACAB,
0xACAB, 0xACAB, 0xACAB, 0xACAB, 0xACAB, 0xACAB, 0xACAB, 0xACAB, 0xACAB, 0xACAB, 0xACAB, 0xACAB, 0xACAB, 0xACAB, 0xACAB, 0xACAB,
0xACAB, 0xACAB, 0xACAB, 0xACAB, 0xACAB, 0xACAB, 0xACAB, 0xACAB, 0xACAB, 0xACAB, 0xACAB, 0xACAB, 0xACAB, 0xACAB, 0xACAB, 0xACAB,
0x5245, 0x5245, 0x8BC9, 0x8BC9, 0x8BC9, 0x8BC9, 0x8BC9, 0x8BC9, 0x8BC9, 0x8BC9, 0x8BC9, 0x8BC9, 0x8BC9, 0x8BC9, 0x8BC9, 0x8BC9,
0x8BC9, 0x8BC9, 0x8BC9, 0x8BC9, 0x8BC9, 0x8BC9, 0x8BC9, 0x8BC9, 0x8BC9, 0x8BC9, 0x8BC9, 0x8BC9, 0x8BC9, 0x8BC9, 0x8BC9, 0x8BC9,
0x8BC9, 0x8BC9, 0x8BC9, 0x8BC9, 0x8BC9, 0x8BC9, 0x8BC9, 0x8BC9, 0x5245, 0x5245, 0xACAB, 0xACAB, 0xACAB, 0xACAB, 0xACAB, 0xACAB,
0xACAB, 0xACAB, 0xACAB, 0xACAB, 0xACAB, 0xACAB, 0xACAB, 0xACAB, 0xACAB, 0xACAB, 0xACAB, 0xACAB, 0xACAB, 0xACAB, 0xACAB, 0xACAB,
0xACAB, 0xACAB, 0xACAB, 0xACAB, 0xACAB, 0xACAB, 0xACAB, 0xACAB, 0xACAB, 0xACAB, 0xACAB, 0xACAB, 0xACAB, 0xACAB, 0xACAB, 0xACAB,
0x5245, 0x5245, 0x8BC9, 0x8BC9, 0x8BC9, 0x8BC9, 0x8BC9, 0x8BC9, 0x8BC9, 0x8BC9, 0x8BC9, 0x8BC9, 0x8BC9, 0x8BC9, 0x8BC9, 0x8BC9,
0x8BC9, 0x8BC9, 0x8BC9, 0x8BC9, 0x8BC9, 0x8BC9, 0x8BC9, 0x8BC9, 0x8BC9, 0x8BC9, 0x8BC9, 0x8BC9, 0x8BC9, 0x8BC9, 0x8BC9, 0x8BC9,
0x8BC9, 0x8BC9, 0x8BC9, 0x8BC9, 0x8BC9, 0x8BC9, 0x8BC9, 0x8BC9, 0x5245, 0x5245, 0xACAB, 0xACAB, 0xACAB, 0xACAB, 0xACAB, 0xACAB,
0xACAB, 0xACAB, 0xACAB, 0xACAB, 0xACAB, 0xACAB, 0xACAB, 0xACAB, 0xACAB, 0xACAB, 0xACAB, 0xACAB, 0xACAB, 0xACAB, 0xACAB, 0xACAB,
0xACAB, 0xACAB, 0xACAB, 0xACAB, 0xACAB, 0xACAB, 0xACAB, 0xACAB, 0xACAB, 0xACAB, 0xACAB, 0xACAB, 0xACAB, 0xACAB, 0xACAB, 0xACAB,
0x5245, 0x5245, 0x8BC9, 0x8BC9, 0x8BC9, 0x8BC9, 0x8BC9, 0x8BC9, 0x8BC9, 0x8BC9, 0x8BC9, 0x8BC9, 0x8BC9, 0x8BC9, 0x8BC9, 0x8BC9,
0x8BC9, 0x8BC9, 0x8BC9, 0x8BC9, 0x8BC9, 0x8BC9, 0x8BC9, 0x8BC9, 0x8BC9, 0x8BC9, 0x8BC9, 0x8BC9, 0x8BC9, 0x8BC9, 0x8BC9, 0x8BC9,
0x8BC9, 0x8BC9, 0x8BC9, 0x8BC9, 0x8BC9, 0x8BC9, 0x8BC9, 0x8BC9, 0x5245, 0x5245, 0xACAB, 0xACAB, 0xACAB, 0xACAB, 0xACAB, 0xACAB,
0xACAB, 0xACAB, 0xACAB, 0xACAB, 0xACAB, 0xACAB, 0xACAB, 0xACAB, 0xACAB, 0xACAB, 0xACAB, 0xACAB, 0xACAB, 0xACAB, 0xACAB, 0xACAB,
0xACAB, 0xACAB, 0xACAB, 0xACAB, 0xACAB, 0xACAB, 0xACAB, 0xACAB, 0xACAB, 0xACAB, 0xACAB, 0xACAB, 0xACAB, 0xACAB, 0xACAB, 0xACAB,
0x5245, 0x5245, 0x8BC9, 0x8BC9, 0x8BC9, 0x8BC9, 0x8BC9, 0x8BC9, 0x8BC9, 0x8BC9, 0x8BC9, 0x8BC9, 0x8BC9, 0x8BC9, 0x8BC9, 0x8BC9,
0x8BC9, 0x8BC9, 0x8BC9, 0x8BC9, 0x8BC9, 0x8BC9, 0x8BC9, 0x8BC9, 0x8BC9, 0x8BC9, 0x8BC9, 0x8BC9, 0x8BC9, 0x8BC9, 0x8BC9, 0x8BC9,
0x8BC9, 0x8BC9, 0x8BC9, 0x8BC9, 0x8BC9, 0x8BC9, 0x8BC9, 0x8BC9, 0x5245, 0x5245, 0xACAB, 0xACAB, 0xACAB, 0xACAB, 0xACAB, 0xACAB,
0xACAB, 0xACAB, 0xACAB, 0xACAB, 0xACAB, 0xACAB, 0xACAB, 0xACAB, 0xACAB, 0xACAB, 0xACAB, 0xACAB, 0xACAB, 0xACAB, 0xACAB, 0xACAB,
0xACAB, 0xACAB, 0xACAB, 0xACAB, 0xACAB, 0xACAB, 0xACAB, 0xACAB, 0xACAB, 0xACAB, 0xACAB, 0xACAB, 0xACAB, 0xACAB, 0xACAB, 0xACAB,
0x5245, 0x5245, 0x8BC9, 0x8BC9, 0x8BC9, 0x8BC9, 0x8BC9, 0x8BC9, 0x8BC9, 0x8BC9, 0x8BC9, 0x8BC9, 0x8BC9, 0x8BC9, 0x8BC9, 0x8BC9,
0x8BC9, 0x8BC9, 0x8BC9, 0x8BC9, 0x8BC9, 0x8BC9, 0x8BC9, 0x8BC9, 0x8BC9, 0x8BC9, 0x8BC9, 0x8BC9, 0x8BC9, 0x8BC9, 0x8BC9, 0x8BC9,
0x8BC9, 0x8BC9, 0x8BC9, 0x8BC9, 0x8BC9, 0x8BC9, 0x8BC9, 0x8BC9, 0x5245, 0x5245, 0xACAB, 0xACAB, 0xACAB, 0xACAB, 0xACAB, 0xACAB,
0xACAB, 0xACAB, 0xACAB, 0xACAB, 0xACAB, 0xACAB, 0xACAB, 0xACAB, 0xACAB, 0xACAB, 0xACAB, 0xACAB, 0xACAB, 0xACAB, 0xACAB, 0xACAB,
0xACAB, 0xACAB, 0xACAB, 0xACAB, 0xACAB, 0xACAB, 0xACAB, 0xACAB, 0xACAB, 0xACAB, 0xACAB, 0xACAB, 0xACAB, 0xACAB, 0xACAB, 0xACAB,
0x5245, 0x5245, 0x8BC9, 0x8BC9, 0x8BC9, 0x8BC9, 0x8BC9, 0x8BC9, 0x8BC9, 0x8BC9, 0x8BC9, 0x8BC9, 0x8BC9, 0x8BC9, 0x8BC9, 0x8BC9,
0x8BC9, 0x8BC9, 0x8BC9, 0x8BC9, 0x8BC9, 0x8BC9, 0x8BC9, 0x8BC9, 0x8BC9, 0x8BC9, 0x8BC9, 0x8BC9, 0x8BC9, 0x8BC9, 0x8BC9, 0x8BC9,
0x8BC9, 0x8BC9, 0x8BC9, 0x8BC9, 0x8BC9, 0x8BC9, 0x8BC9, 0x8BC9, 0x5245, 0x5245, 0xACAB, 0xACAB, 0xACAB, 0xACAB, 0xACAB, 0xACAB,
0xACAB, 0xACAB, 0xACAB, 0xACAB, 0xACAB, 0xACAB, 0xACAB, 0xACAB, 0xACAB, 0xACAB, 0xACAB, 0xACAB, 0xACAB, 0xACAB, 0xACAB, 0xACAB,
0xACAB, 0xACAB, 0xACAB, 0xACAB, 0xACAB, 0xACAB, 0xACAB, 0xACAB, 0xACAB, 0xACAB, 0xACAB, 0xACAB, 0xACAB, 0xACAB, 0xACAB, 0xACAB,
0x5245, 0x5245, 0x8BC9, 0x8BC9, 0x8BC9, 0x8BC9, 0x8BC9, 0x8BC9, 0x8BC9, 0x8BC9, 0x8BC9, 0x8BC9, 0x8BC9, 0x8BC9, 0x8BC9, 0x8BC9,
0x8BC9, 0x8BC9, 0x8BC9, 0x8BC9, 0x8BC9, 0x8BC9, 0x8BC9, 0x8BC9, 0x8BC9, 0x8BC9, 0x8BC9, 0x8BC9, 0x8BC9, 0x8BC9, 0x8BC9, 0x8BC9,
0x8BC9, 0x8BC9, 0x8BC9, 0x8BC9, 0x8BC9, 0x8BC9, 0x8BC9, 0x8BC9, 0x5245, 0x5245, 0xACAB, 0xACAB, 0xACAB, 0xACAB, 0xACAB, 0xACAB,
0xACAB, 0xACAB, 0xACAB, 0xACAB, 0xACAB, 0xACAB, 0xACAB, 0xACAB, 0xACAB, 0xACAB, 0xACAB, 0xACAB, 0xACAB, 0xACAB, 0xACAB, 0xACAB,
0xACAB, 0xACAB, 0xACAB, 0xACAB, 0xACAB, 0xACAB, 0xACAB, 0xACAB, 0xACAB, 0xACAB, 0xACAB, 0xACAB, 0xACAB, 0xACAB, 0xACAB, 0xACAB,
0x5245, 0x5245, 0x8BC9, 0x8BC9, 0x8BC9, 0x8BC9, 0x8BC9, 0x8BC9, 0x8BC9, 0x8BC9, 0x8BC9, 0x8BC9, 0x8BC9, 0x8BC9, 0x8BC9, 0x8BC9,
0x8BC9, 0x8BC9, 0x8BC9, 0x8BC9, 0x8BC9, 0x8BC9, 0x8BC9, 0x8BC9, 0x8BC9, 0x8BC9, 0x8BC9, 0x8BC9, 0x8BC9, 0x8BC9, 0x8BC9, 0x8BC9,
0x8BC9, 0x8BC9, 0x8BC9, 0x8BC9, 0x8BC9, 0x8BC9, 0x8BC9, 0x8BC9, 0x5245, 0x5245, 0xACAB, 0xACAB, 0xACAB, 0xACAB, 0xACAB, 0xACAB,
0xACAB, 0xACAB, 0xACAB, 0xACAB, 0xACAB, 0xACAB, 0xACAB, 0xACAB, 0xACAB, 0xACAB, 0xACAB, 0xACAB, 0xACAB, 0xACAB, 0xACAB, 0xACAB,
0xACAB, 0xACAB, 0xACAB, 0xACAB, 0xACAB, 0xACAB, 0xACAB, 0xACAB, 0xACAB, 0xACAB, 0xACAB, 0xACAB, 0xACAB, 0xACAB, 0xACAB, 0xACAB,
0x5245, 0x5245, 0x8BC9, 0x8BC9, 0x8BC9, 0x8BC9, 0x8BC9, 0x8BC9, 0x8BC9, 0x8BC9, 0x8BC9, 0x8BC9, 0x8BC9, 0x8BC9, 0x8BC9, 0x8BC9,
0x8BC9, 0x8BC9, 0x8BC9, 0x8BC9, 0x8BC9, 0x8BC9, 0x8BC9, 0x8BC9, 0x8BC9, 0x8BC9, 0x8BC9, 0x8BC9, 0x8BC9, 0x8BC9, 0x8BC9, 0x8BC9,
0x8BC9, 0x8BC9, 0x8BC9, 0x8BC9, 0x8BC9, 0x8BC9, 0x8BC9, 0x8BC9, 0x5245, 0x5245, 0xACAB, 0xACAB, 0xACAB, 0xACAB, 0xACAB, 0xACAB,
0xACAB, 0xACAB, 0xACAB, 0xACAB, 0xACAB, 0xACAB, 0xACAB, 0xACAB, 0xACAB, 0xACAB, 0xACAB, 0xACAB, 0xACAB, 0xACAB, 0xACAB, 0xACAB,
0xACAB, 0xACAB, 0xACAB, 0xACAB, 0xACAB, 0xACAB, 0xACAB, 0xACAB, 0xACAB, 0xACAB, 0xACAB, 0xACAB, 0xACAB, 0xACAB, 0xACAB, 0xACAB,
0x5245, 0x5245, 0x8BC9, 0x8BC9, 0x8BC9, 0x8BC9, 0x8BC9, 0x8BC9, 0x8BC9, 0x8BC9, 0x8BC9, 0x8BC9, 0x8BC9, 0x8BC9, 0x8BC9, 0x8BC9,
0x8BC9, 0x8BC9, 0x8BC9, 0x8BC9, 0x8BC9, 0x8BC9, 0x8BC9, 0x8BC9, 0x8BC9, 0x8BC9, 0x8BC9, 0x8BC9, 0x8BC9, 0x8BC9, 0x8BC9, 0x8BC9,
0x8BC9, 0x8BC9, 0x8BC9, 0x8BC9, 0x8BC9, 0x8BC9, 0x8BC9, 0x8BC9, 0x5245, 0x5245, 0xACAB, 0xACAB, 0xACAB, 0xACAB, 0xACAB, 0xACAB,
0xACAB, 0xACAB, 0xACAB, 0xACAB, 0xACAB, 0xACAB, 0xACAB, 0xACAB, 0xACAB, 0xACAB, 0xACAB, 0xACAB, 0xACAB, 0xACAB, 0xACAB, 0xACAB,
0xACAB, 0xACAB, 0xACAB, 0xACAB, 0xACAB, 0xACAB, 0xACAB, 0xACAB, 0xACAB, 0xACAB, 0xACAB, 0xACAB, 0xACAB, 0xACAB, 0xACAB, 0xACAB,
0x5245, 0x5245, 0x8BC9, 0x8BC9, 0x8BC9, 0x8BC9, 0x8BC9, 0x8BC9, 0x8BC9, 0x8BC9, 0x8BC9, 0x8BC9, 0x8BC9, 0x8BC9, 0x8BC9, 0x8BC9,
0x8BC9, 0x8BC9, 0x8BC9, 0x8BC9, 0x8BC9, 0x8BC9, 0x8BC9, 0x8BC9, 0x8BC9, 0x8BC9, 0x8BC9, 0x8BC9, 0x8BC9, 0x8BC9, 0x8BC9, 0x8BC9,
0x8BC9, 0x8BC9, 0x8BC9, 0x8BC9, 0x8BC9, 0x8BC9, 0x8BC9, 0x8BC9, 0x5245, 0x5245, 0xACAB, 0xACAB, 0xACAB, 0xACAB, 0xACAB, 0xACAB,
0xACAB, 0xACAB, 0xACAB, 0xACAB, 0xACAB, 0xACAB, 0xACAB, 0xACAB, 0xACAB, 0xACAB, 0xACAB, 0xACAB, 0xACAB, 0xACAB, 0xACAB, 0xACAB,
0xACAB, 0xACAB, 0xACAB, 0xACAB, 0xACAB, 0xACAB, 0xACAB, 0xACAB, 0xACAB, 0xACAB, 0xACAB, 0xACAB, 0xACAB, 0xACAB, 0xACAB, 0xACAB,
0x5245, 0x5245, 0x8BC9, 0x8BC9, 0x8BC9, 0x8BC9, 0x8BC9, 0x8BC9, 0x8BC9, 0x8BC9, 0x8BC9, 0x8BC9, 0x8BC9, 0x8BC9, 0x8BC9, 0x8BC9,
0x8BC9, 0x8BC9, 0x8BC9, 0x8BC9, 0x8BC9, 0x8BC9, 0x8BC9, 0x8BC9, 0x8BC9, 0x8BC9, 0x8BC9, 0x8BC9, 0x8BC9, 0x8BC9, 0x8BC9, 0x8BC9,
0x8BC9, 0x8BC9, 0x8BC9, 0x8BC9, 0x8BC9, 0x8BC9, 0x8BC9, 0x8BC9, 0x5245, 0x5245, 0xACAB, 0xACAB, 0xACAB, 0xACAB, 0xACAB, 0xACAB,
0xACAB, 0xACAB, 0xACAB, 0xACAB, 0xACAB, 0xACAB, 0xACAB, 0xACAB, 0xACAB, 0xACAB, 0xACAB, 0xACAB, 0xACAB, 0xACAB, 0xACAB, 0xACAB,
0xACAB, 0xACAB, 0xACAB, 0xACAB, 0xACAB, 0xACAB, 0xACAB, 0xACAB, 0xACAB, 0xACAB, 0xACAB, 0xACAB, 0xACAB, 0xACAB, 0xACAB, 0xACAB,
0x5245, 0x5245, 0x8BC9, 0x8BC9, 0x8BC9, 0x8BC9, 0x8BC9, 0x8BC9, 0x8BC9, 0x8BC9, 0x8BC9, 0x8BC9, 0x8BC9, 0x8BC9, 0x8BC9, 0x8BC9,
0x8BC9, 0x8BC9, 0x8BC9, 0x8BC9, 0x8BC9, 0x8BC9, 0x8BC9, 0x8BC9, 0x8BC9, 0x8BC9, 0x8BC9, 0x8BC9, 0x8BC9, 0x8BC9, 0x8BC9, 0x8BC9,
0x8BC9, 0x8BC9, 0x8BC9, 0x8BC9, 0x8BC9, 0x8BC9, 0x8BC9, 0x8BC9, 0x5245, 0x5245, 0xACAB, 0xACAB, 0xACAB, 0xACAB, 0xACAB, 0xACAB,
0xACAB, 0xACAB, 0xACAB, 0xACAB, 0xACAB, 0xACAB, 0xACAB, 0xACAB, 0xACAB, 0xACAB, 0xACAB, 0xACAB, 0xACAB, 0xACAB, 0xACAB, 0xACAB,
0xACAB, 0xACAB, 0xACAB, 0xACAB, 0xACAB, 0xACAB, 0xACAB, 0xACAB, 0xACAB, 0xACAB, 0xACAB, 0xACAB, 0xACAB, 0xACAB, 0xACAB, 0xACAB,
0x5245, 0x5245, 0x8BC9, 0x8BC9, 0x8BC9, 0x8BC9, 0x8BC9, 0x8BC9, 0x8BC9, 0x8BC9, 0x8BC9, 0x8BC9, 0x8BC9, 0x8BC9, 0x8BC9, 0x8BC9,
0x8BC9, 0x8BC9, 0x8BC9, 0x8BC9, 0x8BC9, 0x8BC9, 0x8BC9, 0x8BC9, 0x8BC9, 0x8BC9, 0x8BC9, 0x8BC9, 0x8BC9, 0x8BC9, 0x8BC9, 0x8BC9,
0x8BC9, 0x8BC9, 0x8BC9, 0x8BC9, 0x8BC9, 0x8BC9, 0x8BC9, 0x8BC9, 0x5245, 0x5245, 0xACAB, 0xACAB, 0xACAB, 0xACAB, 0xACAB, 0xACAB,
0xACAB, 0xACAB, 0xACAB, 0xACAB, 0xACAB, 0xACAB, 0xACAB, 0xACAB, 0xACAB, 0xACAB, 0xACAB, 0xACAB, 0xACAB, 0xACAB, 0xACAB, 0xACAB,
0xACAB, 0xACAB, 0xACAB, 0xACAB, 0xACAB, 0xACAB, 0xACAB, 0xACAB, 0xACAB, 0xACAB, 0xACAB, 0xACAB, 0xACAB, 0xACAB, 0xACAB, 0xACAB,
0x5245, 0x5245, 0x8BC9, 0x8BC9, 0x8BC9, 0x8BC9, 0x8BC9, 0x8BC9, 0x8BC9, 0x8BC9, 0x8BC9, 0x8BC9, 0x8BC9, 0x8BC9, 0x8BC9, 0x8BC9,
0x8BC9, 0x8BC9, 0x8BC9, 0x8BC9, 0x8BC9, 0x8BC9, 0x8BC9, 0x8BC9, 0x8BC9, 0x8BC9, 0x8BC9, 0x8BC9, 0x8BC9, 0x8BC9, 0x8BC9, 0x8BC9,
0x8BC9, 0x8BC9, 0x8BC9, 0x8BC9, 0x8BC9, 0x8BC9, 0x8BC9, 0x8BC9, 0x5245, 0x5245, 0xACAB, 0xACAB, 0xACAB, 0xACAB, 0xACAB, 0xACAB,
0xACAB, 0xACAB, 0xACAB, 0xACAB, 0xACAB, 0xACAB, 0xACAB, 0xACAB, 0xACAB, 0xACAB, 0xACAB, 0xACAB, 0xACAB, 0xACAB, 0xACAB, 0xACAB,
0xACAB, 0xACAB, 0xACAB, 0xACAB, 0xACAB, 0xACAB, 0xACAB, 0xACAB, 0xACAB, 0xACAB, 0xACAB, 0xACAB, 0xACAB, 0xACAB, 0xACAB, 0xACAB,
0x5245, 0x5245, 0x8BC9, 0x8BC9, 0x8BC9, 0x8BC9, 0x8BC9, 0x8BC9, 0x8BC9, 0x8BC9, 0x8BC9, 0x8BC9, 0x8BC9, 0x8BC9, 0x8BC9, 0x8BC9,
0x8BC9, 0x8BC9, 0x8BC9, 0x8BC9, 0x8BC9, 0x8BC9, 0x8BC9, 0x8BC9, 0x8BC9, 0x8BC9, 0x8BC9, 0x8BC9, 0x8BC9, 0x8BC9, 0x8BC9, 0x8BC9,
0x8BC9, 0x8BC9, 0x8BC9, 0x8BC9, 0x8BC9, 0x8BC9, 0x8BC9, 0x8BC9, 0x5245, 0x5245, 0xACAB, 0xACAB, 0xACAB, 0xACAB, 0xACAB, 0xACAB,
0xACAB, 0xACAB, 0xACAB, 0xACAB, 0xACAB, 0xACAB, 0xACAB, 0xACAB, 0xACAB, 0xACAB, 0xACAB, 0xACAB, 0xACAB, 0xACAB, 0xACAB, 0xACAB,
0xACAB, 0xACAB, 0xACAB, 0xACAB, 0xACAB, 0xACAB, 0xACAB, 0xACAB, 0xACAB, 0xACAB, 0xACAB, 0xACAB, 0xACAB, 0xACAB, 0xACAB, 0xACAB,
0x5245, 0x5245, 0x8BC9, 0x8BC9, 0x8BC9, 0x8BC9, 0x8BC9, 0x8BC9, 0x8BC9, 0x8BC9, 0x8BC9, 0x8BC9, 0x8BC9, 0x8BC9, 0x8BC9, 0x8BC9,
0x8BC9, 0x8BC9, 0x8BC9, 0x8BC9, 0x8BC9, 0x8BC9, 0x8BC9, 0x8BC9, 0x8BC9, 0x8BC9, 0x8BC9, 0x8BC9, 0x8BC9, 0x8BC9, 0x8BC9, 0x8BC9,
0x8BC9, 0x8BC9, 0x8BC9, 0x8BC9, 0x8BC9, 0x8BC9, 0x8BC9, 0x8BC9, 0x5245, 0x5245, 0xACAB, 0xACAB, 0xACAB, 0xACAB, 0xACAB, 0xACAB,
0xACAB, 0xACAB, 0xACAB, 0xACAB, 0xACAB, 0xACAB, 0xACAB, 0xACAB, 0xACAB, 0xACAB, 0xACAB, 0xACAB, 0xACAB, 0xACAB, 0xACAB, 0xACAB,
0xACAB, 0xACAB, 0xACAB, 0xACAB, 0xACAB, 0xACAB, 0xACAB, 0xACAB, 0xACAB, 0xACAB, 0xACAB, 0xACAB, 0xACAB, 0xACAB, 0xACAB, 0xACAB,
0x5245, 0x5245, 0x8BC9, 0x8BC9, 0x8BC9, 0x8BC9, 0x8BC9, 0x8BC9, 0x8BC9, 0x8BC9, 0x8BC9, 0x8BC9, 0x8BC9, 0x8BC9, 0x8BC9, 0x8BC9,
0x8BC9, 0x8BC9, 0x8BC9, 0x8BC9, 0x8BC9, 0x8BC9, 0x8BC9, 0x8BC9, 0x8BC9, 0x8BC9, 0x8BC9, 0x8BC9, 0x8BC9, 0x8BC9, 0x8BC9, 0x8BC9,
0x8BC9, 0x8BC9, 0x8BC9, 0x8BC9, 0x8BC9, 0x8BC9, 0x8BC9, 0x8BC9, 0x5245, 0x5245, 0xACAB, 0xACAB, 0xACAB, 0xACAB, 0xACAB, 0xACAB,
0xACAB, 0xACAB, 0xACAB, 0xACAB, 0xACAB, 0xACAB, 0xACAB, 0xACAB, 0xACAB, 0xACAB, 0xACAB, 0xACAB, 0xACAB, 0xACAB, 0xACAB, 0xACAB,
0xACAB, 0xACAB, 0xACAB, 0xACAB, 0xACAB, 0xACAB, 0xACAB, 0xACAB, 0xACAB, 0xACAB, 0xACAB, 0xACAB, 0xACAB, 0xACAB, 0xACAB, 0xACAB,
0x5245, 0x5245, 0x8BC9, 0x8BC9, 0x8BC9, 0x8BC9, 0x8BC9, 0x8BC9, 0x8BC9, 0x8BC9, 0x8BC9, 0x8BC9, 0x8BC9, 0x8BC9, 0x8BC9, 0x8BC9,
0x8BC9, 0x8BC9, 0x8BC9, 0x8BC9, 0x8BC9, 0x8BC9, 0x8BC9, 0x8BC9, 0x8BC9, 0x8BC9, 0x8BC9, 0x8BC9, 0x8BC9, 0x8BC9, 0x8BC9, 0x8BC9,
0x8BC9, 0x8BC9, 0x8BC9, 0x8BC9, 0x8BC9, 0x8BC9, 0x8BC9, 0x8BC9, 0x5245, 0x5245, 0xACAB, 0xACAB, 0xACAB, 0xACAB, 0xACAB, 0xACAB,
0xACAB, 0xACAB, 0xACAB, 0xACAB, 0xACAB, 0xACAB, 0xACAB, 0xACAB, 0xACAB, 0xACAB, 0xACAB, 0xACAB, 0xACAB, 0xACAB, 0xACAB, 0xACAB,
0xACAB, 0xACAB, 0xACAB, 0xACAB, 0xACAB, 0xACAB, 0xACAB, 0xACAB, 0xACAB, 0xACAB, 0xACAB, 0xACAB, 0xACAB, 0xACAB, 0xACAB, 0xACAB,
0x5245, 0x5245, 0x8BC9, 0x8BC9, 0x8BC9, 0x8BC9, 0x8BC9, 0x8BC9, 0x8BC9, 0x8BC9, 0x8BC9, 0x8BC9, 0x8BC9, 0x8BC9, 0x8BC9, 0x8BC9,
0x8BC9, 0x8BC9, 0x8BC9, 0x8BC9, 0x8BC9, 0x8BC9, 0x8BC9, 0x8BC9, 0x8BC9, 0x8BC9, 0x8BC9, 0x8BC9, 0x8BC9, 0x8BC9, 0x8BC9, 0x8BC9,
0x8BC9, 0x8BC9, 0x8BC9, 0x8BC9, 0x8BC9, 0x8BC9, 0x8BC9, 0x8BC9, 0x5245, 0x5245, 0xACAB, 0xACAB, 0xACAB, 0xACAB, 0xACAB, 0xACAB,
0xACAB, 0xACAB, 0xACAB, 0xACAB, 0xACAB, 0xACAB, 0xACAB, 0xACAB, 0xACAB, 0xACAB, 0xACAB, 0xACAB, 0xACAB, 0xACAB, 0xACAB, 0xACAB,
0xACAB, 0xACAB, 0xACAB, 0xACAB, 0xACAB, 0xACAB, 0xACAB, 0xACAB, 0xACAB, 0xACAB, 0xACAB, 0xACAB, 0xACAB, 0xACAB, 0xACAB, 0xACAB,
0x5245, 0x5245, 0x8BC9, 0x8BC9, 0x8BC9, 0x8BC9, 0x8BC9, 0x8BC9, 0x8BC9, 0x8BC9, 0x8BC9, 0x8BC9, 0x8BC9, 0x8BC9, 0x8BC9, 0x8BC9,
0x8BC9, 0x8BC9, 0x8BC9, 0x8BC9, 0x8BC9, 0x8BC9, 0x8BC9, 0x8BC9, 0x8BC9, 0x8BC9, 0x8BC9, 0x8BC9, 0x8BC9, 0x8BC9, 0x8BC9, 0x8BC9,
0x8BC9, 0x8BC9, 0x8BC9, 0x8BC9, 0x8BC9, 0x8BC9, 0x8BC9, 0x8BC9, 0x5245, 0x5245, 0xACAB, 0xACAB, 0xACAB, 0xACAB, 0xACAB, 0xACAB,
0xACAB, 0xACAB, 0xACAB, 0xACAB, 0xACAB, 0xACAB, 0xACAB, 0xACAB, 0xACAB, 0xACAB, 0xACAB, 0xACAB, 0xACAB, 0xACAB, 0xACAB, 0xACAB,
0xACAB, 0xACAB, 0xACAB, 0xACAB, 0xACAB, 0xACAB, 0xACAB, 0xACAB, 0xACAB, 0xACAB, 0xACAB, 0xACAB, 0xACAB, 0xACAB, 0xACAB, 0xACAB,
0x5245, 0x5245, 0x8BC9, 0x8BC9, 0x8BC9, 0x8BC9, 0x8BC9, 0x8BC9, 0x8BC9, 0x8BC9, 0x8BC9, 0x8BC9, 0x8BC9, 0x8BC9, 0x8BC9, 0x8BC9,
0x8BC9, 0x8BC9, 0x8BC9, 0x8BC9, 0x8BC9, 0x8BC9, 0x8BC9, 0x8BC9, 0x8BC9, 0x8BC9, 0x8BC9, 0x8BC9, 0x8BC9, 0x8BC9, 0x8BC9, 0x8BC9,
0x8BC9, 0x8BC9, 0x8BC9, 0x8BC9, 0x8BC9, 0x8BC9, 0x8BC9, 0x8BC9, 0x5245, 0x5245, 0xACAB, 0xACAB, 0xACAB, 0xACAB, 0xACAB, 0xACAB,
0xACAB, 0xACAB, 0xACAB, 0xACAB, 0xACAB, 0xACAB, 0xACAB, 0xACAB, 0xACAB, 0xACAB, 0xACAB, 0xACAB, 0xACAB, 0xACAB, 0xACAB, 0xACAB,
0xACAB, 0xACAB, 0xACAB, 0xACAB, 0xACAB, 0xACAB, 0xACAB, 0xACAB, 0xACAB, 0xACAB, 0xACAB, 0xACAB, 0xACAB, 0xACAB, 0xACAB, 0xACAB,
0x5245, 0x5245, 0x8BC9, 0x8BC9, 0x8BC9, 0x8BC9, 0x8BC9, 0x8BC9, 0x8BC9, 0x8BC9, 0x8BC9, 0x8BC9, 0x8BC9, 0x8BC9, 0x8BC9, 0x8BC9,
0x8BC9, 0x8BC9, 0x8BC9, 0x8BC9, 0x8BC9, 0x8BC9, 0x8BC9, 0x8BC9, 0x8BC9, 0x8BC9, 0x8BC9, 0x8BC9, 0x8BC9, 0x8BC9, 0x8BC9, 0x8BC9,
0x8BC9, 0x8BC9, 0x8BC9, 0x8BC9, 0x8BC9, 0x8BC9, 0x8BC9, 0x8BC9, 0x5245, 0x5245, 0xACAB, 0xACAB, 0xACAB, 0xACAB, 0xACAB, 0xACAB,
0xACAB, 0xACAB, 0xACAB, 0xACAB, 0xACAB, 0xACAB, 0xACAB, 0xACAB, 0xACAB, 0xACAB, 0xACAB, 0xACAB, 0xACAB, 0xACAB, 0xACAB, 0xACAB,
0xACAB, 0xACAB, 0xACAB, 0xACAB, 0xACAB, 0xACAB, 0xACAB, 0xACAB, 0xACAB, 0xACAB, 0xACAB, 0xACAB, 0xACAB, 0xACAB, 0xACAB, 0xACAB,
0x5245, 0x5245, 0x8BC9, 0x8BC9, 0x8BC9, 0x8BC9, 0x8BC9, 0x8BC9, 0x8BC9, 0x8BC9, 0x8BC9, 0x8BC9, 0x8BC9, 0x8BC9, 0x8BC9, 0x8BC9,
0x8BC9, 0x8BC9, 0x8BC9, 0x8BC9, 0x8BC9, 0x8BC9, 0x8BC9, 0x8BC9, 0x8BC9, 0x8BC9, 0x8BC9, 0x8BC9, 0x8BC9, 0x8BC9, 0x8BC9, 0x8BC9,
0x8BC9, 0x8BC9, 0x8BC9, 0x8BC9, 0x8BC9, 0x8BC9, 0x8BC9, 0x8BC9, 0x5245, 0x5245, 0xACAB, 0xACAB, 0xACAB, 0xACAB, 0xACAB, 0xACAB,
0xACAB, 0xACAB, 0xACAB, 0xACAB, 0xACAB, 0xACAB, 0xACAB, 0xACAB, 0xACAB, 0xACAB, 0xACAB, 0xACAB, 0xACAB, 0xACAB, 0xACAB, 0xACAB,
0xACAB, 0xACAB, 0xACAB, 0xACAB, 0xACAB, 0xACAB, 0xACAB, 0xACAB, 0xACAB, 0xACAB, 0xACAB, 0xACAB, 0xACAB, 0xACAB, 0xACAB, 0xACAB,
0x5245, 0x5245, 0x8BC9, 0x8BC9, 0x8BC9, 0x8BC9, 0x8BC9, 0x8BC9, 0x8BC9, 0x8BC9, 0x8BC9, 0x8BC9, 0x8BC9, 0x8BC9, 0x8BC9, 0x8BC9,
0x8BC9, 0x8BC9, 0x8BC9, 0x8BC9, 0x8BC9, 0x8BC9, 0x8BC9, 0x8BC9, 0x8BC9, 0x8BC9, 0x8BC9, 0x8BC9, 0x8BC9, 0x8BC9, 0x8BC9, 0x8BC9,
0x8BC9, 0x8BC9, 0x8BC9, 0x8BC9, 0x8BC9, 0x8BC9, 0x8BC9, 0x8BC9, 0x5245, 0x5245, 0xACAB, 0xACAB, 0xACAB, 0xACAB, 0xACAB, 0xACAB,
0xACAB, 0xACAB, 0xACAB, 0xACAB, 0xACAB, 0xACAB, 0xACAB, 0xACAB, 0xACAB, 0xACAB, 0xACAB, 0xACAB, 0xACAB, 0xACAB, 0xACAB, 0xACAB,
0xACAB, 0xACAB, 0xACAB, 0xACAB, 0xACAB, 0xACAB, 0xACAB, 0xACAB, 0xACAB, 0xACAB, 0xACAB, 0xACAB, 0xACAB, 0xACAB, 0xACAB, 0xACAB,
0x5245, 0x5245, 0x8BC9, 0x8BC9, 0x8BC9, 0x8BC9, 0x8BC9, 0x8BC9, 0x8BC9, 0x8BC9, 0x8BC9, 0x8BC9, 0x8BC9, 0x8BC9, 0x8BC9, 0x8BC9,
0x8BC9, 0x8BC9, 0x8BC9, 0x8BC9, 0x8BC9, 0x8BC9, 0x8BC9, 0x8BC9, 0x8BC9, 0x8BC9, 0x8BC9, 0x8BC9, 0x8BC9, 0x8BC9, 0x8BC9, 0x8BC9,
0x8BC9, 0x8BC9, 0x8BC9, 0x8BC9, 0x8BC9, 0x8BC9, 0x8BC9, 0x8BC9, 0x5245, 0x5245, 0xACAB, 0xACAB, 0xACAB, 0xACAB, 0xACAB, 0xACAB,
0xACAB, 0xACAB, 0xACAB, 0xACAB, 0xACAB, 0xACAB, 0xACAB, 0xACAB, 0xACAB, 0xACAB, 0xACAB, 0xACAB, 0xACAB, 0xACAB, 0xACAB, 0xACAB,
0xACAB, 0xACAB, 0xACAB, 0xACAB, 0xACAB, 0xACAB, 0xACAB, 0xACAB, 0xACAB, 0xACAB, 0xACAB, 0xACAB, 0xACAB, 0xACAB, 0xACAB, 0xACAB,
0x5245, 0x5245, 0x8BC9, 0x8BC9, 0x8BC9, 0x8BC9, 0x8BC9, 0x8BC9, 0x8BC9, 0x8BC9, 0x8BC9, 0x8BC9, 0x8BC9, 0x8BC9, 0x8BC9, 0x8BC9,
0x8BC9, 0x8BC9, 0x8BC9, 0x8BC9, 0x8BC9, 0x8BC9, 0x8BC9, 0x8BC9, 0x8BC9, 0x8BC9, 0x8BC9, 0x8BC9, 0x8BC9, 0x8BC9, 0x8BC9, 0x8BC9,
0x8BC9, 0x8BC9, 0x8BC9, 0x8BC9, 0x8BC9, 0x8BC9, 0x8BC9, 0x8BC9, 0x5245, 0x5245, 0xACAB, 0xACAB, 0xACAB, 0xACAB, 0xACAB, 0xACAB,
0xACAB, 0xACAB, 0xACAB, 0xACAB, 0xACAB, 0xACAB, 0xACAB, 0xACAB, 0xACAB, 0xACAB, 0xACAB, 0xACAB, 0xACAB, 0xACAB, 0xACAB, 0xACAB,
0xACAB, 0xACAB, 0xACAB, 0xACAB, 0xACAB, 0xACAB, 0xACAB, 0xACAB, 0xACAB, 0xACAB, 0xACAB, 0xACAB, 0xACAB, 0xACAB, 0xACAB, 0xACAB,
0x5245, 0x5245, 0x8BC9, 0x8BC9, 0x8BC9, 0x8BC9, 0x8BC9, 0x8BC9, 0x8BC9, 0x8BC9, 0x8BC9, 0x8BC9, 0x8BC9, 0x8BC9, 0x8BC9, 0x8BC9,
0x8BC9, 0x8BC9, 0x8BC9, 0x8BC9, 0x8BC9, 0x8BC9, 0x8BC9, 0x8BC9, 0x8BC9, 0x8BC9, 0x8BC9, 0x8BC9, 0x8BC9, 0x8BC9, 0x8BC9, 0x8BC9,
0x8BC9, 0x8BC9, 0x8BC9, 0x8BC9, 0x8BC9, 0x8BC9, 0x8BC9, 0x8BC9, 0x5245, 0x5245, 0xACAB, 0xACAB, 0xACAB, 0xACAB, 0xACAB, 0xACAB,
0xACAB, 0xACAB, 0xACAB, 0xACAB, 0xACAB, 0xACAB, 0xACAB, 0xACAB, 0xACAB, 0xACAB, 0xACAB, 0xACAB, 0xACAB, 0xACAB, 0xACAB, 0xACAB,
0xACAB, 0xACAB, 0xACAB, 0xACAB, 0xACAB, 0xACAB, 0xACAB, 0xACAB, 0xACAB, 0xACAB, 0xACAB, 0xACAB, 0xACAB, 0xACAB, 0xACAB, 0xACAB,
0x5245, 0x5245, 0x8BC9, 0x8BC9, 0x8BC9, 0x8BC9, 0x8BC9, 0x8BC9, 0x8BC9, 0x8BC9, 0x8BC9, 0x8BC9, 0x8BC9, 0x8BC9, 0x8BC9, 0x8BC9,
0x8BC9, 0x8BC9, 0x8BC9, 0x8BC9, 0x8BC9, 0x8BC9, 0x8BC9, 0x8BC9, 0x8BC9, 0x8BC9, 0x8BC9, 0x8BC9, 0x8BC9, 0x8BC9, 0x8BC9, 0x8BC9,
0x8BC9, 0x8BC9, 0x8BC9, 0x8BC9, 0x8BC9, 0x8BC9, 0x8BC9, 0x8BC9, 0x5245, 0x5245, 0xACAB, 0xACAB, 0xACAB, 0xACAB, 0xACAB, 0xACAB,
0xACAB, 0xACAB, 0xACAB, 0xACAB, 0xACAB, 0xACAB, 0xACAB, 0xACAB, 0xACAB, 0xACAB, 0xACAB, 0xACAB, 0xACAB, 0xACAB, 0xACAB, 0xACAB,
0xACAB, 0xACAB, 0xACAB, 0xACAB, 0xACAB, 0xACAB, 0xACAB, 0xACAB, 0xACAB, 0xACAB, 0xACAB, 0xACAB, 0xACAB, 0xACAB, 0xACAB, 0xACAB,
0x5245, 0x5245, 0x8BC9, 0x8BC9, 0x8BC9, 0x8BC9, 0x8BC9, 0x8BC9, 0x8BC9, 0x8BC9, 0x8BC9, 0x8BC9, 0x8BC9, 0x8BC9, 0x8BC9, 0x8BC9,
0x8BC9, 0x8BC9, 0x8BC9, 0x8BC9, 0x8BC9, 0x8BC9, 0x8BC9, 0x8BC9, 0x8BC9, 0x8BC9, 0x8BC9, 0x8BC9, 0x8BC9, 0x8BC9, 0x8BC9, 0x8BC9,
0x8BC9, 0x8BC9, 0x8BC9, 0x8BC9, 0x8BC9, 0x8BC9, 0x8BC9, 0x8BC9, 0x5245, 0x5245, 0xACAB, 0xACAB, 0xACAB, 0xACAB, 0xACAB, 0xACAB,
0xACAB, 0xACAB, 0xACAB, 0xACAB, 0xACAB, 0xACAB, 0xACAB, 0xACAB, 0xACAB, 0xACAB, 0xACAB, 0xACAB, 0xACAB, 0xACAB, 0xACAB, 0xACAB,
0xACAB, 0xACAB, 0xACAB, 0xACAB, 0xACAB, 0xACAB, 0xACAB, 0xACAB, 0xACAB, 0xACAB, 0xACAB, 0xACAB, 0xACAB, 0xACAB, 0xACAB, 0xACAB,
0x5245, 0x5245, 0x5245, 0x5245, 0x5245, 0x5245, 0x5245, 0x5245, 0x5245, 0x5245, 0x5245, 0x5245, 0x5245, 0x5245, 0x5245, 0x5245,
0x5245, 0x5245, 0x5245, 0x5245, 0x5245, 0x5245, 0x5245, 0x5245, 0x5245, 0x5245, 0x5245, 0x5245, 0x5245, 0x5245, 0x5245, 0x5245,
0x5245, 0x5245, 0x5245, 0x5245, 0x5245, 0x5245, 0x5245, 0x5245, 0x5245, 0x5245, 0x5245, 0x5245, 0x5245, 0x5245, 0x5245, 0x5245,
0x5245, 0x5245, 0x5245, 0x5245, 0x5245, 0x5245, 0x5245, 0x5245, 0x5245, 0x5245, 0x5245, 0x5245, 0x5245, 0x5245, 0x5245, 0x5245,
0x5245, 0x5245, 0x5245, 0x5245, 0x5245, 0x5245, 0x5245, 0x5245, 0x5245, 0x5245, 0x5245, 0x5245, 0x5245, 0x5245, 0x5245, 0x5245,
0x5245, 0x5245, 0x5245, 0x5245, 0x5245, 0x5245, 0x5245, 0x5245, 0x5245, 0x5245, 0x5245, 0x5245, 0x5245, 0x5245, 0x5245, 0x5245,
0x5245, 0x5245, 0x5245, 0x5245, 0x5245, 0x5245, 0x5245, 0x5245, 0x5245, 0x5245, 0x5245, 0x5245, 0x5245, 0x5245, 0x5245, 0x5245,
0x5245, 0x5245, 0x5245, 0x5245, 0x5245, 0x5245, 0x5245, 0x5245, 0x5245, 0x5245, 0x5245, 0x5245, 0x5245, 0x5245, 0x5245, 0x5245,
0x5245, 0x5245, 0x5245, 0x5245, 0x5245, 0x5245, 0x5245, 0x5245, 0x5245, 0x5245, 0x5245, 0x5245, 0x5245, 0x5245, 0x5245, 0x5245,
0x5245, 0x5245, 0x5245, 0x5245, 0x5245, 0x5245, 0x5245, 0x5245, 0x5245, 0x5245, 0x5245, 0x5245, 0x5245, 0x5245, 0x5245, 0x5245,
0x5245, 0x5245, 0x5245, 0x5245, 0x5245, 0x5245, 0x5245, 0x5245, 0x5245, 0x5245, 0x5245, 0x5245, 0x5245, 0x5245, 0x5245, 0x5245,
0x5245, 0x5245, 0x5245, 0x5245, 0x5245, 0x5245, 0x5245, 0x5245, 0x5245, 0x5245, 0x5245, 0x5245, 0x5245, 0x5245, 0x5245, 0x5245,
0x5245, 0x5245, 0x5245, 0x5245, 0x5245, 0x5245, 0x5245, 0x5245, 0x5245, 0x5245, 0x5245, 0x5245, 0x5245, 0x5245, 0x5245, 0x5245,
0x5245, 0x5245, 0x5245, 0x5245, 0x5245, 0x5245, 0x5245, 0x5245, 0x5245, 0x5245, 0x5245, 0x5245, 0x5245, 0x5245, 0x5245, 0x5245,
0x5245, 0x5245, 0x5245, 0x5245, 0x5245, 0x5245, 0x5245, 0x5245, 0x5245, 0x5245, 0x5245, 0x5245, 0x5245, 0x5245, 0x5245, 0x5245,
0x5245, 0x5245, 0x5245, 0x5245, 0x5245, 0x5245, 0x5245, 0x5245, 0x5245, 0x5245, 0x5245, 0x5245, 0x5245, 0x5245, 0x5245, 0x5245,
0x5245, 0x5245, 0x5245, 0x5245, 0x5245, 0x5245, 0x5245, 0x5245, 0x5245, 0x5245, 0x5245, 0x5245, 0x5245, 0x5245, 0x5245, 0x5245,
0x5245, 0x5245, 0x5245, 0x5245, 0x5245, 0x5245, 0x5245, 0x5245, 0x5245, 0x5245, 0x5245, 0x5245, 0x5245, 0x5245, 0x5245, 0x5245,
0x5245, 0x5245, 0x5245, 0x5245, 0x5245, 0x5245, 0x5245, 0x5245, 0x5245, 0x5245, 0x5245, 0x5245, 0x5245, 0x5245, 0x5245, 0x5245,
0x5245, 0x5245, 0x5245, 0x5245, 0x5245, 0x5245, 0x5245, 0x5245, 0x5245, 0x5245, 0x5245, 0x5245, 0x5245, 0x5245, 0x5245, 0x5245,
0x5245, 0x5245, 0x5245, 0x5245, 0x5245, 0x5245, 0x5245, 0x5245, 0x5245, 0x5245, 0x5245, 0x5245, 0x5245, 0x5245, 0x5245, 0x5245,
0x5245, 0x5245, 0x5245, 0x5245, 0x5245, 0x5245, 0x5245, 0x5245, 0x5245, 0x5245, 0x5245, 0x5245, 0x5245, 0x5245, 0x5245, 0x5245,
0x5245, 0x5245, 0x5245, 0x5245, 0x5245, 0x5245, 0x5245, 0x5245, 0x5245, 0x5245, 0x5245, 0x5245, 0x5245, 0x5245, 0x5245, 0x5245,
0x5245, 0x5245, 0x5245, 0x5245, 0x5245, 0x5245, 0x5245, 0x5245, 0x5245, 0x5245, 0x5245, 0x5245, 0x5245, 0x5245, 0x5245, 0x5245,
0x5245, 0x5245, 0x5245, 0x5245, 0x5245, 0x5245, 0x5245, 0x5245, 0x5245, 0x5245, 0x5245, 0x5245, 0x5245, 0x5245, 0x5245, 0x5245,
0x5245, 0x5245, 0x5245, 0x5245, 0x5245, 0x5245, 0x5245, 0x5245, 0x5245, 0x5245, 0x5245, 0x5245, 0x5245, 0x5245, 0x5245, 0x5245,
0x5245, 0x5245, 0x5245, 0x5245, 0x5245, 0x5245, 0x5245, 0x5245, 0x5245, 0x5245, 0x5245, 0x5245, 0x5245, 0x5245, 0x5245, 0x5245,
0x5245, 0x5245, 0x5245, 0x5245, 0x5245, 0x5245, 0x5245, 0x5245, 0x5245, 0x5245, 0x5245, 0x5245, 0x5245, 0x5245, 0x5245, 0x5245,
0x5245, 0x5245, 0x5245, 0x5245, 0x5245, 0x5245, 0x5245, 0x5245, 0x5245, 0x5245, 0x5245, 0x5245, 0x5245, 0x5245, 0x5245, 0x5245,
0x5245, 0x5245, 0x5245, 0x5245, 0x5245, 0x5245, 0x5245, 0x5245, 0x5245, 0x5245, 0x5245, 0x5245, 0x5245, 0x5245, 0x5245, 0x5245,
0x5245, 0x5245, 0xACAB, 0xACAB, 0xACAB, 0xACAB, 0xACAB, 0xACAB, 0xACAB, 0xACAB, 0xACAB, 0xACAB, 0xACAB, 0xACAB, 0xACAB, 0xACAB,
0xACAB, 0xACAB, 0xACAB, 0xACAB, 0xACAB, 0xACAB, 0xACAB, 0xACAB, 0xACAB, 0xACAB, 0xACAB, 0xACAB, 0xACAB, 0xACAB, 0xACAB, 0xACAB,
0xACAB, 0xACAB, 0xACAB, 0xACAB, 0xACAB, 0xACAB, 0xACAB, 0xACAB, 0x5245, 0x5245, 0x8BC9, 0x8BC9, 0x8BC9, 0x8BC9, 0x8BC9, 0x8BC9,
0x8BC9, 0x8BC9, 0x8BC9, 0x8BC9, 0x8BC9, 0x8BC9, 0x8BC9, 0x8BC9, 0x8BC9, 0x8BC9, 0x8BC9, 0x8BC9, 0x8BC9, 0x8BC9, 0x8BC9, 0x8BC9,
0x8BC9, 0x8BC9, 0x8BC9, 0x8BC9, 0x8BC9, 0x8BC9, 0x8BC9, 0x8BC9, 0x8BC9, 0x8BC9, 0x8BC9, 0x8BC9, 0x8BC9, 0x8BC9, 0x8BC9, 0x8BC9,
0x5245, 0x5245, 0xACAB, 0xACAB, 0xACAB, 0xACAB, 0xACAB, 0xACAB, 0xACAB, 0xACAB, 0xACAB, 0xACAB, 0xACAB, 0xACAB, 0xACAB, 0xACAB,
0xACAB, 0xACAB, 0xACAB, 0xACAB, 0xACAB, 0xACAB, 0xACAB, 0xACAB, 0xACAB, 0xACAB, 0xACAB, 0xACAB, 0xACAB, 0xACAB, 0xACAB, 0xACAB,
0xACAB, 0xACAB, 0xACAB, 0xACAB, 0xACAB, 0xACAB, 0xACAB, 0xACAB, 0x5245, 0x5245, 0x8BC9, 0x8BC9, 0x8BC9, 0x8BC9, 0x8BC9, 0x8BC9,
0x8BC9, 0x8BC9, 0x8BC9, 0x8BC9, 0x8BC9, 0x8BC9, 0x8BC9, 0x8BC9, 0x8BC9, 0x8BC9, 0x8BC9, 0x8BC9, 0x8BC9, 0x8BC9, 0x8BC9, 0x8BC9,
0x8BC9, 0x8BC9, 0x8BC9, 0x8BC9, 0x8BC9, 0x8BC9, 0x8BC9, 0x8BC9, 0x8BC9, 0x8BC9, 0x8BC9, 0x8BC9, 0x8BC9, 0x8BC9, 0x8BC9, 0x8BC9,
0x5245, 0x5245, 0xACAB, 0xACAB, 0xACAB, 0xACAB, 0xACAB, 0xACAB, 0xACAB, 0xACAB, 0xACAB, 0xACAB, 0xACAB, 0xACAB, 0xACAB, 0xACAB,
0xACAB, 0xACAB, 0xACAB, 0xACAB, 0xACAB, 0xACAB, 0xACAB, 0xACAB, 0xACAB, 0xACAB, 0xACAB, 0xACAB, 0xACAB, 0xACAB, 0xACAB, 0xACAB,
0xACAB, 0xACAB, 0xACAB, 0xACAB, 0xACAB, 0xACAB, 0xACAB, 0xACAB, 0x5245, 0x5245, 0x8BC9, 0x8BC9, 0x8BC9, 0x8BC9, 0x8BC9, 0x8BC9,
0x8BC9, 0x8BC9, 0x8BC9, 0x8BC9, 0x8BC9, 0x8BC9, 0x8BC9, 0x8BC9, 0x8BC9, 0x8BC9, 0x8BC9, 0x8BC9, 0x8BC9, 0x8BC9, 0x8BC9, 0x8BC9,
0x8BC9, 0x8BC9, 0x8BC9, 0x8BC9, 0x8BC9, 0x8BC9, 0x8BC9, 0x8BC9, 0x8BC9, 0x8BC9, 0x8BC9, 0x8BC9, 0x8BC9, 0x8BC9, 0x8BC9, 0x8BC9,
0x5245, 0x5245, 0xACAB, 0xACAB, 0xACAB, 0xACAB, 0xACAB, 0xACAB, 0xACAB, 0xACAB, 0xACAB, 0xACAB, 0xACAB, 0xACAB, 0xACAB, 0xACAB,
0xACAB, 0xACAB, 0xACAB, 0xACAB, 0xACAB, 0xACAB, 0xACAB, 0xACAB, 0xACAB, 0xACAB, 0xACAB, 0xACAB, 0xACAB, 0xACAB, 0xACAB, 0xACAB,
0xACAB, 0xACAB, 0xACAB, 0xACAB, 0xACAB, 0xACAB, 0xACAB, 0xACAB, 0x5245, 0x5245, 0x8BC9, 0x8BC9, 0x8BC9, 0x8BC9, 0x8BC9, 0x8BC9,
0x8BC9, 0x8BC9, 0x8BC9, 0x8BC9, 0x8BC9, 0x8BC9, 0x8BC9, 0x8BC9, 0x8BC9, 0x8BC9, 0x8BC9, 0x8BC9, 0x8BC9, 0x8BC9, 0x8BC9, 0x8BC9,
0x8BC9, 0x8BC9, 0x8BC9, 0x8BC9, 0x8BC9, 0x8BC9, 0x8BC9, 0x8BC9, 0x8BC9, 0x8BC9, 0x8BC9, 0x8BC9, 0x8BC9, 0x8BC9, 0x8BC9, 0x8BC9,
0x5245, 0x5245, 0xACAB, 0xACAB, 0xACAB, 0xACAB, 0xACAB, 0xACAB, 0xACAB, 0xACAB, 0xACAB, 0xACAB, 0xACAB, 0xACAB, 0xACAB, 0xACAB,
0xACAB, 0xACAB, 0xACAB, 0xACAB, 0xACAB, 0xACAB, 0xACAB, 0xACAB, 0xACAB, 0xACAB, 0xACAB, 0xACAB, 0xACAB, 0xACAB, 0xACAB, 0xACAB,
0xACAB, 0xACAB, 0xACAB, 0xACAB, 0xACAB, 0xACAB, 0xACAB, 0xACAB, 0x5245, 0x5245, 0x8BC9, 0x8BC9, 0x8BC9, 0x8BC9, 0x8BC9, 0x8BC9,
0x8BC9, 0x8BC9, 0x8BC9, 0x8BC9, 0x8BC9, 0x8BC9, 0x8BC9, 0x8BC9, 0x8BC9, 0x8BC9, 0x8BC9, 0x8BC9, 0x8BC9, 0x8BC9, 0x8BC9, 0x8BC9,
0x8BC9, 0x8BC9, 0x8BC9, 0x8BC9, 0x8BC9, 0x8BC9, 0x8BC9, 0x8BC9, 0x8BC9, 0x8BC9, 0x8BC9, 0x8BC9, 0x8BC9, 0x8BC9, 0x8BC9, 0x8BC9,
0x5245, 0x5245, 0xACAB, 0xACAB, 0xACAB, 0xACAB, 0xACAB, 0xACAB, 0xACAB, 0xACAB, 0xACAB, 0xACAB, 0xACAB, 0xACAB, 0xACAB, 0xACAB,
0xACAB, 0xACAB, 0xACAB, 0xACAB, 0xACAB, 0xACAB, 0xACAB, 0xACAB, 0xACAB, 0xACAB, 0xACAB, 0xACAB, 0xACAB, 0xACAB, 0xACAB, 0xACAB,
0xACAB, 0xACAB, 0xACAB, 0xACAB, 0xACAB, 0xACAB, 0xACAB, 0xACAB, 0x5245, 0x5245, 0x8BC9, 0x8BC9, 0x8BC9, 0x8BC9, 0x8BC9, 0x8BC9,
0x8BC9, 0x8BC9, 0x8BC9, 0x8BC9, 0x8BC9, 0x8BC9, 0x8BC9, 0x8BC9, 0x8BC9, 0x8BC9, 0x8BC9, 0x8BC9, 0x8BC9, 0x8BC9, 0x8BC9, 0x8BC9,
0x8BC9, 0x8BC9, 0x8BC9, 0x8BC9, 0x8BC9, 0x8BC9, 0x8BC9, 0x8BC9, 0x8BC9, 0x8BC9, 0x8BC9, 0x8BC9, 0x8BC9, 0x8BC9, 0x8BC9, 0x8BC9,
0x5245, 0x5245, 0xACAB, 0xACAB, 0xACAB, 0xACAB, 0xACAB, 0xACAB, 0xACAB, 0xACAB, 0xACAB, 0xACAB, 0xACAB, 0xACAB, 0xACAB, 0xACAB,
0xACAB, 0xACAB, 0xACAB, 0xACAB, 0xACAB, 0xACAB, 0xACAB, 0xACAB, 0xACAB, 0xACAB, 0xACAB, 0xACAB, 0xACAB, 0xACAB, 0xACAB, 0xACAB,
0xACAB, 0xACAB, 0xACAB, 0xACAB, 0xACAB, 0xACAB, 0xACAB, 0xACAB, 0x5245, 0x5245, 0x8BC9, 0x8BC9, 0x8BC9, 0x8BC9, 0x8BC9, 0x8BC9,
0x8BC9, 0x8BC9, 0x8BC9, 0x8BC9, 0x8BC9, 0x8BC9, 0x8BC9, 0x8BC9, 0x8BC9, 0x8BC9, 0x8BC9, 0x8BC9, 0x8BC9, 0x8BC9, 0x8BC9, 0x8BC9,
0x8BC9, 0x8BC9, 0x8BC9, 0x8BC9, 0x8BC9, 0x8BC9, 0x8BC9, 0x8BC9, 0x8BC9, 0x8BC9, 0x8BC9, 0x8BC9, 0x8BC9, 0x8BC9, 0x8BC9, 0x8BC9,
0x5245, 0x5245, 0xACAB, 0xACAB, 0xACAB, 0xACAB, 0xACAB, 0xACAB, 0xACAB, 0xACAB, 0xACAB, 0xACAB, 0xACAB, 0xACAB, 0xACAB, 0xACAB,
0xACAB, 0xACAB, 0xACAB, 0xACAB, 0xACAB, 0xACAB, 0xACAB, 0xACAB, 0xACAB, 0xACAB, 0xACAB, 0xACAB, 0xACAB, 0xACAB, 0xACAB, 0xACAB,
0xACAB, 0xACAB, 0xACAB, 0xACAB, 0xACAB, 0xACAB, 0xACAB, 0xACAB, 0x5245, 0x5245, 0x8BC9, 0x8BC9, 0x8BC9, 0x8BC9, 0x8BC9, 0x8BC9,
0x8BC9, 0x8BC9, 0x8BC9, 0x8BC9, 0x8BC9, 0x8BC9, 0x8BC9, 0x8BC9, 0x8BC9, 0x8BC9, 0x8BC9, 0x8BC9, 0x8BC9, 0x8BC9, 0x8BC9, 0x8BC9,
0x8BC9, 0x8BC9, 0x8BC9, 0x8BC9, 0x8BC9, 0x8BC9, 0x8BC9, 0x8BC9, 0x8BC9, 0x8BC9, 0x8BC9, 0x8BC9, 0x8BC9, 0x8BC9, 0x8BC9, 0x8BC9,
0x5245, 0x5245, 0xACAB, 0xACAB, 0xACAB, 0xACAB, 0xACAB, 0xACAB, 0xACAB, 0xACAB, 0xACAB, 0xACAB, 0xACAB, 0xACAB, 0xACAB, 0xACAB,
0xACAB, 0xACAB, 0xACAB, 0xACAB, 0xACAB, 0xACAB, 0xACAB, 0xACAB, 0xACAB, 0xACAB, 0xACAB, 0xACAB, 0xACAB, 0xACAB, 0xACAB, 0xACAB,
0xACAB, 0xACAB, 0xACAB, 0xACAB, 0xACAB, 0xACAB, 0xACAB, 0xACAB, 0x5245, 0x5245, 0x8BC9, 0x8BC9, 0x8BC9, 0x8BC9, 0x8BC9, 0x8BC9,
0x8BC9, 0x8BC9, 0x8BC9, 0x8BC9, 0x8BC9, 0x8BC9, 0x8BC9, 0x8BC9, 0x8BC9, 0x8BC9, 0x8BC9, 0x8BC9, 0x8BC9, 0x8BC9, 0x8BC9, 0x8BC9,
0x8BC9, 0x8BC9, 0x8BC9, 0x8BC9, 0x8BC9, 0x8BC9, 0x8BC9, 0x8BC9, 0x8BC9, 0x8BC9, 0x8BC9, 0x8BC9, 0x8BC9, 0x8BC9, 0x8BC9, 0x8BC9,
0x5245, 0x5245, 0xACAB, 0xACAB, 0xACAB, 0xACAB, 0xACAB, 0xACAB, 0xACAB, 0xACAB, 0xACAB, 0xACAB, 0xACAB, 0xACAB, 0xACAB, 0xACAB,
0xACAB, 0xACAB, 0xACAB, 0xACAB, 0xACAB, 0xACAB, 0xACAB, 0xACAB, 0xACAB, 0xACAB, 0xACAB, 0xACAB, 0xACAB, 0xACAB, 0xACAB, 0xACAB,
0xACAB, 0xACAB, 0xACAB, 0xACAB, 0xACAB, 0xACAB, 0xACAB, 0xACAB, 0x5245, 0x5245, 0x8BC9, 0x8BC9, 0x8BC9, 0x8BC9, 0x8BC9, 0x8BC9,
0x8BC9, 0x8BC9, 0x8BC9, 0x8BC9, 0x8BC9, 0x8BC9, 0x8BC9, 0x8BC9, 0x8BC9, 0x8BC9, 0x8BC9, 0x8BC9, 0x8BC9, 0x8BC9, 0x8BC9, 0x8BC9,
0x8BC9, 0x8BC9, 0x8BC9, 0x8BC9, 0x8BC9, 0x8BC9, 0x8BC9, 0x8BC9, 0x8BC9, 0x8BC9, 0x8BC9, 0x8BC9, 0x8BC9, 0x8BC9, 0x8BC9, 0x8BC9,
0x5245, 0x5245, 0xACAB, 0xACAB, 0xACAB, 0xACAB, 0xACAB, 0xACAB, 0xACAB, 0xACAB, 0xACAB, 0xACAB, 0xACAB, 0xACAB, 0xACAB, 0xACAB,
0xACAB, 0xACAB, 0xACAB, 0xACAB, 0xACAB, 0xACAB, 0xACAB, 0xACAB, 0xACAB, 0xACAB, 0xACAB, 0xACAB, 0xACAB, 0xACAB, 0xACAB, 0xACAB,
0xACAB, 0xACAB, 0xACAB, 0xACAB, 0xACAB, 0xACAB, 0xACAB, 0xACAB, 0x5245, 0x5245, 0x8BC9, 0x8BC9, 0x8BC9, 0x8BC9, 0x8BC9, 0x8BC9,
0x8BC9, 0x8BC9, 0x8BC9, 0x8BC9, 0x8BC9, 0x8BC9, 0x8BC9, 0x8BC9, 0x8BC9, 0x8BC9, 0x8BC9, 0x8BC9, 0x8BC9, 0x8BC9, 0x8BC9, 0x8BC9,
0x8BC9, 0x8BC9, 0x8BC9, 0x8BC9, 0x8BC9, 0x8BC9, 0x8BC9, 0x8BC9, 0x8BC9, 0x8BC9, 0x8BC9, 0x8BC9, 0x8BC9, 0x8BC9, 0x8BC9, 0x8BC9,
0x5245, 0x5245, 0xACAB, 0xACAB, 0xACAB, 0xACAB, 0xACAB, 0xACAB, 0xACAB, 0xACAB, 0xACAB, 0xACAB, 0xACAB, 0xACAB, 0xACAB, 0xACAB,
0xACAB, 0xACAB, 0xACAB, 0xACAB, 0xACAB, 0xACAB, 0xACAB, 0xACAB, 0xACAB, 0xACAB, 0xACAB, 0xACAB, 0xACAB, 0xACAB, 0xACAB, 0xACAB,
0xACAB, 0xACAB, 0xACAB, 0xACAB, 0xACAB, 0xACAB, 0xACAB, 0xACAB, 0x5245, 0x5245, 0x8BC9, 0x8BC9, 0x8BC9, 0x8BC9, 0x8BC9, 0x8BC9,
0x8BC9, 0x8BC9, 0x8BC9, 0x8BC9, 0x8BC9, 0x8BC9, 0x8BC9, 0x8BC9, 0x8BC9, 0x8BC9, 0x8BC9, 0x8BC9, 0x8BC9, 0x8BC9, 0x8BC9, 0x8BC9,
0x8BC9, 0x8BC9, 0x8BC9, 0x8BC9, 0x8BC9, 0x8BC9, 0x8BC9, 0x8BC9, 0x8BC9, 0x8BC9, 0x8BC9, 0x8BC9, 0x8BC9, 0x8BC9, 0x8BC9, 0x8BC9,
0x5245, 0x5245, 0xACAB, 0xACAB, 0xACAB, 0xACAB, 0xACAB, 0xACAB, 0xACAB, 0xACAB, 0xACAB, 0xACAB, 0xACAB, 0xACAB, 0xACAB, 0xACAB,
0xACAB, 0xACAB, 0xACAB, 0xACAB, 0xACAB, 0xACAB, 0xACAB, 0xACAB, 0xACAB, 0xACAB, 0xACAB, 0xACAB, 0xACAB, 0xACAB, 0xACAB, 0xACAB,
0xACAB, 0xACAB, 0xACAB, 0xACAB, 0xACAB, 0xACAB, 0xACAB, 0xACAB, 0x5245, 0x5245, 0x8BC9, 0x8BC9, 0x8BC9, 0x8BC9, 0x8BC9, 0x8BC9,
0x8BC9, 0x8BC9, 0x8BC9, 0x8BC9, 0x8BC9, 0x8BC9, 0x8BC9, 0x8BC9, 0x8BC9, 0x8BC9, 0x8BC9, 0x8BC9, 0x8BC9, 0x8BC9, 0x8BC9, 0x8BC9,
0x8BC9, 0x8BC9, 0x8BC9, 0x8BC9, 0x8BC9, 0x8BC9, 0x8BC9, 0x8BC9, 0x8BC9, 0x8BC9, 0x8BC9, 0x8BC9, 0x8BC9, 0x8BC9, 0x8BC9, 0x8BC9,
0x5245, 0x5245, 0xACAB, 0xACAB, 0xACAB, 0xACAB, 0xACAB, 0xACAB, 0xACAB, 0xACAB, 0xACAB, 0xACAB, 0xACAB, 0xACAB, 0xACAB, 0xACAB,
0xACAB, 0xACAB, 0xACAB, 0xACAB, 0xACAB, 0xACAB, 0xACAB, 0xACAB, 0xACAB, 0xACAB, 0xACAB, 0xACAB, 0xACAB, 0xACAB, 0xACAB, 0xACAB,
0xACAB, 0xACAB, 0xACAB, 0xACAB, 0xACAB, 0xACAB, 0xACAB, 0xACAB, 0x5245, 0x5245, 0x8BC9, 0x8BC9, 0x8BC9, 0x8BC9, 0x8BC9, 0x8BC9,
0x8BC9, 0x8BC9, 0x8BC9, 0x8BC9, 0x8BC9, 0x8BC9, 0x8BC9, 0x8BC9, 0x8BC9, 0x8BC9, 0x8BC9, 0x8BC9, 0x8BC9, 0x8BC9, 0x8BC9, 0x8BC9,
0x8BC9, 0x8BC9, 0x8BC9, 0x8BC9, 0x8BC9, 0x8BC9, 0x8BC9, 0x8BC9, 0x8BC9, 0x8BC9, 0x8BC9, 0x8BC9, 0x8BC9, 0x8BC9, 0x8BC9, 0x8BC9,
0x5245, 0x5245, 0xACAB, 0xACAB, 0xACAB, 0xACAB, 0xACAB, 0xACAB, 0xACAB, 0xACAB, 0xACAB, 0xACAB, 0xACAB, 0xACAB, 0xACAB, 0xACAB,
0xACAB, 0xACAB, 0xACAB, 0xACAB, 0xACAB, 0xACAB, 0xACAB, 0xACAB, 0xACAB, 0xACAB, 0xACAB, 0xACAB, 0xACAB, 0xACAB, 0xACAB, 0xACAB,
0xACAB, 0xACAB, 0xACAB, 0xACAB, 0xACAB, 0xACAB, 0xACAB, 0xACAB, 0x5245, 0x5245, 0x8BC9, 0x8BC9, 0x8BC9, 0x8BC9, 0x8BC9, 0x8BC9,
0x8BC9, 0x8BC9, 0x8BC9, 0x8BC9, 0x8BC9, 0x8BC9, 0x8BC9, 0x8BC9, 0x8BC9, 0x8BC9, 0x8BC9, 0x8BC9, 0x8BC9, 0x8BC9, 0x8BC9, 0x8BC9,
0x8BC9, 0x8BC9, 0x8BC9, 0x8BC9, 0x8BC9, 0x8BC9, 0x8BC9, 0x8BC9, 0x8BC9, 0x8BC9, 0x8BC9, 0x8BC9, 0x8BC9, 0x8BC9, 0x8BC9, 0x8BC9,
0x5245, 0x5245, 0xACAB, 0xACAB, 0xACAB, 0xACAB, 0xACAB, 0xACAB, 0xACAB, 0xACAB, 0xACAB, 0xACAB, 0xACAB, 0xACAB, 0xACAB, 0xACAB,
0xACAB, 0xACAB, 0xACAB, 0xACAB, 0xACAB, 0xACAB, 0xACAB, 0xACAB, 0xACAB, 0xACAB, 0xACAB, 0xACAB, 0xACAB, 0xACAB, 0xACAB, 0xACAB,
0xACAB, 0xACAB, 0xACAB, 0xACAB, 0xACAB, 0xACAB, 0xACAB, 0xACAB, 0x5245, 0x5245, 0x8BC9, 0x8BC9, 0x8BC9, 0x8BC9, 0x8BC9, 0x8BC9,
0x8BC9, 0x8BC9, 0x8BC9, 0x8BC9, 0x8BC9, 0x8BC9, 0x8BC9, 0x8BC9, 0x8BC9, 0x8BC9, 0x8BC9, 0x8BC9, 0x8BC9, 0x8BC9, 0x8BC9, 0x8BC9,
0x8BC9, 0x8BC9, 0x8BC9, 0x8BC9, 0x8BC9, 0x8BC9, 0x8BC9, 0x8BC9, 0x8BC9, 0x8BC9, 0x8BC9, 0x8BC9, 0x8BC9, 0x8BC9, 0x8BC9, 0x8BC9,
0x5245, 0x5245, 0xACAB, 0xACAB, 0xACAB, 0xACAB, 0xACAB, 0xACAB, 0xACAB, 0xACAB, 0xACAB, 0xACAB, 0xACAB, 0xACAB, 0xACAB, 0xACAB,
0xACAB, 0xACAB, 0xACAB, 0xACAB, 0xACAB, 0xACAB, 0xACAB, 0xACAB, 0xACAB, 0xACAB, 0xACAB, 0xACAB, 0xACAB, 0xACAB, 0xACAB, 0xACAB,
0xACAB, 0xACAB, 0xACAB, 0xACAB, 0xACAB, 0xACAB, 0xACAB, 0xACAB, 0x5245, 0x5245, 0x8BC9, 0x8BC9, 0x8BC9, 0x8BC9, 0x8BC9, 0x8BC9,
0x8BC9, 0x8BC9, 0x8BC9, 0x8BC9, 0x8BC9, 0x8BC9, 0x8BC9, 0x8BC9, 0x8BC9, 0x8BC9, 0x8BC9, 0x8BC9, 0x8BC9, 0x8BC9, 0x8BC9, 0x8BC9,
0x8BC9, 0x8BC9, 0x8BC9, 0x8BC9, 0x8BC9, 0x8BC9, 0x8BC9, 0x8BC9, 0x8BC9, 0x8BC9, 0x8BC9, 0x8BC9, 0x8BC9, 0x8BC9, 0x8BC9, 0x8BC9,
0x5245, 0x5245, 0xACAB, 0xACAB, 0xACAB, 0xACAB, 0xACAB, 0xACAB, 0xACAB, 0xACAB, 0xACAB, 0xACAB, 0xACAB, 0xACAB, 0xACAB, 0xACAB,
0xACAB, 0xACAB, 0xACAB, 0xACAB, 0xACAB, 0xACAB, 0xACAB, 0xACAB, 0xACAB, 0xACAB, 0xACAB, 0xACAB, 0xACAB, 0xACAB, 0xACAB, 0xACAB,
0xACAB, 0xACAB, 0xACAB, 0xACAB, 0xACAB, 0xACAB, 0xACAB, 0xACAB, 0x5245, 0x5245, 0x8BC9, 0x8BC9, 0x8BC9, 0x8BC9, 0x8BC9, 0x8BC9,
0x8BC9, 0x8BC9, 0x8BC9, 0x8BC9, 0x8BC9, 0x8BC9, 0x8BC9, 0x8BC9, 0x8BC9, 0x8BC9, 0x8BC9, 0x8BC9, 0x8BC9, 0x8BC9, 0x8BC9, 0x8BC9,
0x8BC9, 0x8BC9, 0x8BC9, 0x8BC9, 0x8BC9, 0x8BC9, 0x8BC9, 0x8BC9, 0x8BC9, 0x8BC9, 0x8BC9, 0x8BC9, 0x8BC9, 0x8BC9, 0x8BC9, 0x8BC9,
0x5245, 0x5245, 0xACAB, 0xACAB, 0xACAB, 0xACAB, 0xACAB, 0xACAB, 0xACAB, 0xACAB, 0xACAB, 0xACAB, 0xACAB, 0xACAB, 0xACAB, 0xACAB,
0xACAB, 0xACAB, 0xACAB, 0xACAB, 0xACAB, 0xACAB, 0xACAB, 0xACAB, 0xACAB, 0xACAB, 0xACAB, 0xACAB, 0xACAB, 0xACAB, 0xACAB, 0xACAB,
0xACAB, 0xACAB, 0xACAB, 0xACAB, 0xACAB, 0xACAB, 0xACAB, 0xACAB, 0x5245, 0x5245, 0x8BC9, 0x8BC9, 0x8BC9, 0x8BC9, 0x8BC9, 0x8BC9,
0x8BC9, 0x8BC9, 0x8BC9, 0x8BC9, 0x8BC9, 0x8BC9, 0x8BC9, 0x8BC9, 0x8BC9, 0x8BC9, 0x8BC9, 0x8BC9, 0x8BC9, 0x8BC9, 0x8BC9, 0x8BC9,
0x8BC9, 0x8BC9, 0x8BC9, 0x8BC9, 0x8BC9, 0x8BC9, 0x8BC9, 0x8BC9, 0x8BC9, 0x8BC9, 0x8BC9, 0x8BC9, 0x8BC9, 0x8BC9, 0x8BC9, 0x8BC9,
0x5245, 0x5245, 0xACAB, 0xACAB, 0xACAB, 0xACAB, 0xACAB, 0xACAB, 0xACAB, 0xACAB, 0xACAB, 0xACAB, 0xACAB, 0xACAB, 0xACAB, 0xACAB,
0xACAB, 0xACAB, 0xACAB, 0xACAB, 0xACAB, 0xACAB, 0xACAB, 0xACAB, 0xACAB, 0xACAB, 0xACAB, 0xACAB, 0xACAB, 0xACAB, 0xACAB, 0xACAB,
0xACAB, 0xACAB, 0xACAB, 0xACAB, 0xACAB, 0xACAB, 0xACAB, 0xACAB, 0x5245, 0x5245, 0x8BC9, 0x8BC9, 0x8BC9, 0x8BC9, 0x8BC9, 0x8BC9,
0x8BC9, 0x8BC9, 0x8BC9, 0x8BC9, 0x8BC9, 0x8BC9, 0x8BC9, 0x8BC9, 0x8BC9, 0x8BC9, 0x8BC9, 0x8BC9, 0x8BC9, 0x8BC9, 0x8BC9, 0x8BC9,
0x8BC9, 0x8BC9, 0x8BC9, 0x8BC9, 0x8BC9, 0x8BC9, 0x8BC9, 0x8BC9, 0x8BC9, 0x8BC9, 0x8BC9, 0x8BC9, 0x8BC9, 0x8BC9, 0x8BC9, 0x8BC9,
0x5245, 0x5245, 0xACAB, 0xACAB, 0xACAB, 0xACAB, 0xACAB, 0xACAB, 0xACAB, 0xACAB, 0xACAB, 0xACAB, 0xACAB, 0xACAB, 0xACAB, 0xACAB,
0xACAB, 0xACAB, 0xACAB, 0xACAB, 0xACAB, 0xACAB, 0xACAB, 0xACAB, 0xACAB, 0xACAB, 0xACAB, 0xACAB, 0xACAB, 0xACAB, 0xACAB, 0xACAB,
0xACAB, 0xACAB, 0xACAB, 0xACAB, 0xACAB, 0xACAB, 0xACAB, 0xACAB, 0x5245, 0x5245, 0x8BC9, 0x8BC9, 0x8BC9, 0x8BC9, 0x8BC9, 0x8BC9,
0x8BC9, 0x8BC9, 0x8BC9, 0x8BC9, 0x8BC9, 0x8BC9, 0x8BC9, 0x8BC9, 0x8BC9, 0x8BC9, 0x8BC9, 0x8BC9, 0x8BC9, 0x8BC9, 0x8BC9, 0x8BC9,
0x8BC9, 0x8BC9, 0x8BC9, 0x8BC9, 0x8BC9, 0x8BC9, 0x8BC9, 0x8BC9, 0x8BC9, 0x8BC9, 0x8BC9, 0x8BC9, 0x8BC9, 0x8BC9, 0x8BC9, 0x8BC9,
0x5245, 0x5245, 0xACAB, 0xACAB, 0xACAB, 0xACAB, 0xACAB, 0xACAB, 0xACAB, 0xACAB, 0xACAB, 0xACAB, 0xACAB, 0xACAB, 0xACAB, 0xACAB,
0xACAB, 0xACAB, 0xACAB, 0xACAB, 0xACAB, 0xACAB, 0xACAB, 0xACAB, 0xACAB, 0xACAB, 0xACAB, 0xACAB, 0xACAB, 0xACAB, 0xACAB, 0xACAB,
0xACAB, 0xACAB, 0xACAB, 0xACAB, 0xACAB, 0xACAB, 0xACAB, 0xACAB, 0x5245, 0x5245, 0x8BC9, 0x8BC9, 0x8BC9, 0x8BC9, 0x8BC9, 0x8BC9,
0x8BC9, 0x8BC9, 0x8BC9, 0x8BC9, 0x8BC9, 0x8BC9, 0x8BC9, 0x8BC9, 0x8BC9, 0x8BC9, 0x8BC9, 0x8BC9, 0x8BC9, 0x8BC9, 0x8BC9, 0x8BC9,
0x8BC9, 0x8BC9, 0x8BC9, 0x8BC9, 0x8BC9, 0x8BC9, 0x8BC9, 0x8BC9, 0x8BC9, 0x8BC9, 0x8BC9, 0x8BC9, 0x8BC9, 0x8BC9, 0x8BC9, 0x8BC9,
0x5245, 0x5245, 0xACAB, 0xACAB, 0xACAB, 0xACAB, 0xACAB, 0xACAB, 0xACAB, 0xACAB, 0xACAB, 0xACAB, 0xACAB, 0xACAB, 0xACAB, 0xACAB,
0xACAB, 0xACAB, 0xACAB, 0xACAB, 0xACAB, 0xACAB, 0xACAB, 0xACAB, 0xACAB, 0xACAB, 0xACAB, 0xACAB, 0xACAB, 0xACAB, 0xACAB, 0xACAB,
0xACAB, 0xACAB, 0xACAB, 0xACAB, 0xACAB, 0xACAB, 0xACAB, 0xACAB, 0x5245, 0x5245, 0x8BC9, 0x8BC9, 0x8BC9, 0x8BC9, 0x8BC9, 0x8BC9,
0x8BC9, 0x8BC9, 0x8BC9, 0x8BC9, 0x8BC9, 0x8BC9, 0x8BC9, 0x8BC9, 0x8BC9, 0x8BC9, 0x8BC9, 0x8BC9, 0x8BC9, 0x8BC9, 0x8BC9, 0x8BC9,
0x8BC9, 0x8BC9, 0x8BC9, 0x8BC9, 0x8BC9, 0x8BC9, 0x8BC9, 0x8BC9, 0x8BC9, 0x8BC9, 0x8BC9, 0x8BC9, 0x8BC9, 0x8BC9, 0x8BC9, 0x8BC9,
0x5245, 0x5245, 0xACAB, 0xACAB, 0xACAB, 0xACAB, 0xACAB, 0xACAB, 0xACAB, 0xACAB, 0xACAB, 0xACAB, 0xACAB, 0xACAB, 0xACAB, 0xACAB,
0xACAB, 0xACAB, 0xACAB, 0xACAB, 0xACAB, 0xACAB, 0xACAB, 0xACAB, 0xACAB, 0xACAB, 0xACAB, 0xACAB, 0xACAB, 0xACAB, 0xACAB, 0xACAB,
0xACAB, 0xACAB, 0xACAB, 0xACAB, 0xACAB, 0xACAB, 0xACAB, 0xACAB, 0x5245, 0x5245, 0x8BC9, 0x8BC9, 0x8BC9, 0x8BC9, 0x8BC9, 0x8BC9,
0x8BC9, 0x8BC9, 0x8BC9, 0x8BC9, 0x8BC9, 0x8BC9, 0x8BC9, 0x8BC9, 0x8BC9, 0x8BC9, 0x8BC9, 0x8BC9, 0x8BC9, 0x8BC9, 0x8BC9, 0x8BC9,
0x8BC9, 0x8BC9, 0x8BC9, 0x8BC9, 0x8BC9, 0x8BC9, 0x8BC9, 0x8BC9, 0x8BC9, 0x8BC9, 0x8BC9, 0x8BC9, 0x8BC9, 0x8BC9, 0x8BC9, 0x8BC9,
0x5245, 0x5245, 0xACAB, 0xACAB, 0xACAB, 0xACAB, 0xACAB, 0xACAB, 0xACAB, 0xACAB, 0xACAB, 0xACAB, 0xACAB, 0xACAB, 0xACAB, 0xACAB,
0xACAB, 0xACAB, 0xACAB, 0xACAB, 0xACAB, 0xACAB, 0xACAB, 0xACAB, 0xACAB, 0xACAB, 0xACAB, 0xACAB, 0xACAB, 0xACAB, 0xACAB, 0xACAB,
0xACAB, 0xACAB, 0xACAB, 0xACAB, 0xACAB, 0xACAB, 0xACAB, 0xACAB, 0x5245, 0x5245, 0x8BC9, 0x8BC9, 0x8BC9, 0x8BC9, 0x8BC9, 0x8BC9,
0x8BC9, 0x8BC9, 0x8BC9, 0x8BC9, 0x8BC9, 0x8BC9, 0x8BC9, 0x8BC9, 0x8BC9, 0x8BC9, 0x8BC9, 0x8BC9, 0x8BC9, 0x8BC9, 0x8BC9, 0x8BC9,
0x8BC9, 0x8BC9, 0x8BC9, 0x8BC9, 0x8BC9, 0x8BC9, 0x8BC9, 0x8BC9, 0x8BC9, 0x8BC9, 0x8BC9, 0x8BC9, 0x8BC9, 0x8BC9, 0x8BC9, 0x8BC9,
0x5245, 0x5245, 0xACAB, 0xACAB, 0xACAB, 0xACAB, 0xACAB, 0xACAB, 0xACAB, 0xACAB, 0xACAB, 0xACAB, 0xACAB, 0xACAB, 0xACAB, 0xACAB,
0xACAB, 0xACAB, 0xACAB, 0xACAB, 0xACAB, 0xACAB, 0xACAB, 0xACAB, 0xACAB, 0xACAB, 0xACAB, 0xACAB, 0xACAB, 0xACAB, 0xACAB, 0xACAB,
0xACAB, 0xACAB, 0xACAB, 0xACAB, 0xACAB, 0xACAB, 0xACAB, 0xACAB, 0x5245, 0x5245, 0x8BC9, 0x8BC9, 0x8BC9, 0x8BC9, 0x8BC9, 0x8BC9,
0x8BC9, 0x8BC9, 0x8BC9, 0x8BC9, 0x8BC9, 0x8BC9, 0x8BC9, 0x8BC9, 0x8BC9, 0x8BC9, 0x8BC9, 0x8BC9, 0x8BC9, 0x8BC9, 0x8BC9, 0x8BC9,
0x8BC9, 0x8BC9, 0x8BC9, 0x8BC9, 0x8BC9, 0x8BC9, 0x8BC9, 0x8BC9, 0x8BC9, 0x8BC9, 0x8BC9, 0x8BC9, 0x8BC9, 0x8BC9, 0x8BC9, 0x8BC9,
0x5245, 0x5245, 0xACAB, 0xACAB, 0xACAB, 0xACAB, 0xACAB, 0xACAB, 0xACAB, 0xACAB, 0xACAB, 0xACAB, 0xACAB, 0xACAB, 0xACAB, 0xACAB,
0xACAB, 0xACAB, 0xACAB, 0xACAB, 0xACAB, 0xACAB, 0xACAB, 0xACAB, 0xACAB, 0xACAB, 0xACAB, 0xACAB, 0xACAB, 0xACAB, 0xACAB, 0xACAB,
0xACAB, 0xACAB, 0xACAB, 0xACAB, 0xACAB, 0xACAB, 0xACAB, 0xACAB, 0x5245, 0x5245, 0x8BC9, 0x8BC9, 0x8BC9, 0x8BC9, 0x8BC9, 0x8BC9,
0x8BC9, 0x8BC9, 0x8BC9, 0x8BC9, 0x8BC9, 0x8BC9, 0x8BC9, 0x8BC9, 0x8BC9, 0x8BC9, 0x8BC9, 0x8BC9, 0x8BC9, 0x8BC9, 0x8BC9, 0x8BC9,
0x8BC9, 0x8BC9, 0x8BC9, 0x8BC9, 0x8BC9, 0x8BC9, 0x8BC9, 0x8BC9, 0x8BC9, 0x8BC9, 0x8BC9, 0x8BC9, 0x8BC9, 0x8BC9, 0x8BC9, 0x8BC9,
0x5245, 0x5245, 0xACAB, 0xACAB, 0xACAB, 0xACAB, 0xACAB, 0xACAB, 0xACAB, 0xACAB, 0xACAB, 0xACAB, 0xACAB, 0xACAB, 0xACAB, 0xACAB,
0xACAB, 0xACAB, 0xACAB, 0xACAB, 0xACAB, 0xACAB, 0xACAB, 0xACAB, 0xACAB, 0xACAB, 0xACAB, 0xACAB, 0xACAB, 0xACAB, 0xACAB, 0xACAB,
0xACAB, 0xACAB, 0xACAB, 0xACAB, 0xACAB, 0xACAB, 0xACAB, 0xACAB, 0x5245, 0x5245, 0x8BC9, 0x8BC9, 0x8BC9, 0x8BC9, 0x8BC9, 0x8BC9,
0x8BC9, 0x8BC9, 0x8BC9, 0x8BC9, 0x8BC9, 0x8BC9, 0x8BC9, 0x8BC9, 0x8BC9, 0x8BC9, 0x8BC9, 0x8BC9, 0x8BC9, 0x8BC9, 0x8BC9, 0x8BC9,
0x8BC9, 0x8BC9, 0x8BC9, 0x8BC9, 0x8BC9, 0x8BC9, 0x8BC9, 0x8BC9, 0x8BC9, 0x8BC9, 0x8BC9, 0x8BC9, 0x8BC9, 0x8BC9, 0x8BC9, 0x8BC9,
0x5245, 0x5245, 0xACAB, 0xACAB, 0xACAB, 0xACAB, 0xACAB, 0xACAB, 0xACAB, 0xACAB, 0xACAB, 0xACAB, 0xACAB, 0xACAB, 0xACAB, 0xACAB,
0xACAB, 0xACAB, 0xACAB, 0xACAB, 0xACAB, 0xACAB, 0xACAB, 0xACAB, 0xACAB, 0xACAB, 0xACAB, 0xACAB, 0xACAB, 0xACAB, 0xACAB, 0xACAB,
0xACAB, 0xACAB, 0xACAB, 0xACAB, 0xACAB, 0xACAB, 0xACAB, 0xACAB, 0x5245, 0x5245, 0x8BC9, 0x8BC9, 0x8BC9, 0x8BC9, 0x8BC9, 0x8BC9,
0x8BC9, 0x8BC9, 0x8BC9, 0x8BC9, 0x8BC9, 0x8BC9, 0x8BC9, 0x8BC9, 0x8BC9, 0x8BC9, 0x8BC9, 0x8BC9, 0x8BC9, 0x8BC9, 0x8BC9, 0x8BC9,
0x8BC9, 0x8BC9, 0x8BC9, 0x8BC9, 0x8BC9, 0x8BC9, 0x8BC9, 0x8BC9, 0x8BC9, 0x8BC9, 0x8BC9, 0x8BC9, 0x8BC9, 0x8BC9, 0x8BC9, 0x8BC9,
0x5245, 0x5245, 0xACAB, 0xACAB, 0xACAB, 0xACAB, 0xACAB, 0xACAB, 0xACAB, 0xACAB, 0xACAB, 0xACAB, 0xACAB, 0xACAB, 0xACAB, 0xACAB,
0xACAB, 0xACAB, 0xACAB, 0xACAB, 0xACAB, 0xACAB, 0xACAB, 0xACAB, 0xACAB, 0xACAB, 0xACAB, 0xACAB, 0xACAB, 0xACAB, 0xACAB, 0xACAB,
0xACAB, 0xACAB, 0xACAB, 0xACAB, 0xACAB, 0xACAB, 0xACAB, 0xACAB, 0x5245, 0x5245, 0x8BC9, 0x8BC9, 0x8BC9, 0x8BC9, 0x8BC9, 0x8BC9,
0x8BC9, 0x8BC9, 0x8BC9, 0x8BC9, 0x8BC9, 0x8BC9, 0x8BC9, 0x8BC9, 0x8BC9, 0x8BC9, 0x8BC9, 0x8BC9, 0x8BC9, 0x8BC9, 0x8BC9, 0x8BC9,
0x8BC9, 0x8BC9, 0x8BC9, 0x8BC9, 0x8BC9, 0x8BC9, 0x8BC9, 0x8BC9, 0x8BC9, 0x8BC9, 0x8BC9, 0x8BC9, 0x8BC9, 0x8BC9, 0x8BC9, 0x8BC9,
0x5245, 0x5245, 0xACAB, 0xACAB, 0xACAB, 0xACAB, 0xACAB, 0xACAB, 0xACAB, 0xACAB, 0xACAB, 0xACAB, 0xACAB, 0xACAB, 0xACAB, 0xACAB,
0xACAB, 0xACAB, 0xACAB, 0xACAB, 0xACAB, 0xACAB, 0xACAB, 0xACAB, 0xACAB, 0xACAB, 0xACAB, 0xACAB, 0xACAB, 0xACAB, 0xACAB, 0xACAB,
0xACAB, 0xACAB, 0xACAB, 0xACAB, 0xACAB, 0xACAB, 0xACAB, 0xACAB, 0x5245, 0x5245, 0x8BC9, 0x8BC9, 0x8BC9, 0x8BC9, 0x8BC9, 0x8BC9,
0x8BC9, 0x8BC9, 0x8BC9, 0x8BC9, 0x8BC9, 0x8BC9, 0x8BC9, 0x8BC9, 0x8BC9, 0x8BC9, 0x8BC9, 0x8BC9, 0x8BC9, 0x8BC9, 0x8BC9, 0x8BC9,
0x8BC9, 0x8BC9, 0x8BC9, 0x8BC9, 0x8BC9, 0x8BC9, 0x8BC9, 0x8BC9, 0x8BC9, 0x8BC9, 0x8BC9, 0x8BC9, 0x8BC9, 0x8BC9, 0x8BC9, 0x8BC9,
0x5245, 0x5245, 0xACAB, 0xACAB, 0xACAB, 0xACAB, 0xACAB, 0xACAB, 0xACAB, 0xACAB, 0xACAB, 0xACAB, 0xACAB, 0xACAB, 0xACAB, 0xACAB,
0xACAB, 0xACAB, 0xACAB, 0xACAB, 0xACAB, 0xACAB, 0xACAB, 0xACAB, 0xACAB, 0xACAB, 0xACAB, 0xACAB, 0xACAB, 0xACAB, 0xACAB, 0xACAB,
0xACAB, 0xACAB, 0xACAB, 0xACAB, 0xACAB, 0xACAB, 0xACAB, 0xACAB, 0x5245, 0x5245, 0x8BC9, 0x8BC9, 0x8BC9, 0x8BC9, 0x8BC9, 0x8BC9,
0x8BC9, 0x8BC9, 0x8BC9, 0x8BC9, 0x8BC9, 0x8BC9, 0x8BC9, 0x8BC9, 0x8BC9, 0x8BC9, 0x8BC9, 0x8BC9, 0x8BC9, 0x8BC9, 0x8BC9, 0x8BC9,
0x8BC9, 0x8BC9, 0x8BC9, 0x8BC9, 0x8BC9, 0x8BC9, 0x8BC9, 0x8BC9, 0x8BC9, 0x8BC9, 0x8BC9, 0x8BC9, 0x8BC9, 0x8BC9, 0x8BC9, 0x8BC9,
0x5245, 0x5245, 0xACAB, 0xACAB, 0xACAB, 0xACAB, 0xACAB, 0xACAB, 0xACAB, 0xACAB, 0xACAB, 0xACAB, 0xACAB, 0xACAB, 0xACAB, 0xACAB,
0xACAB, 0xACAB, 0xACAB, 0xACAB, 0xACAB, 0xACAB, 0xACAB, 0xACAB, 0xACAB, 0xACAB, 0xACAB, 0xACAB, 0xACAB, 0xACAB, 0xACAB, 0xACAB,
0xACAB, 0xACAB, 0xACAB, 0xACAB, 0xACAB, 0xACAB, 0xACAB, 0xACAB, 0x5245, 0x5245, 0x8BC9, 0x8BC9, 0x8BC9, 0x8BC9, 0x8BC9, 0x8BC9,
0x8BC9, 0x8BC9, 0x8BC9, 0x8BC9, 0x8BC9, 0x8BC9, 0x8BC9, 0x8BC9, 0x8BC9, 0x8BC9, 0x8BC9, 0x8BC9, 0x8BC9, 0x8BC9, 0x8BC9, 0x8BC9,
0x8BC9, 0x8BC9, 0x8BC9, 0x8BC9, 0x8BC9, 0x8BC9, 0x8BC9, 0x8BC9, 0x8BC9, 0x8BC9, 0x8BC9, 0x8BC9, 0x8BC9, 0x8BC9, 0x8BC9, 0x8BC9,
0x5245, 0x5245, 0xACAB, 0xACAB, 0xACAB, 0xACAB, 0xACAB, 0xACAB, 0xACAB, 0xACAB, 0xACAB, 0xACAB, 0xACAB, 0xACAB, 0xACAB, 0xACAB,
0xACAB, 0xACAB, 0xACAB, 0xACAB, 0xACAB, 0xACAB, 0xACAB, 0xACAB, 0xACAB, 0xACAB, 0xACAB, 0xACAB, 0xACAB, 0xACAB, 0xACAB, 0xACAB,
0xACAB, 0xACAB, 0xACAB, 0xACAB, 0xACAB, 0xACAB, 0xACAB, 0xACAB, 0x5245, 0x5245, 0x8BC9, 0x8BC9, 0x8BC9, 0x8BC9, 0x8BC9, 0x8BC9,
0x8BC9, 0x8BC9, 0x8BC9, 0x8BC9, 0x8BC9, 0x8BC9, 0x8BC9, 0x8BC9, 0x8BC9, 0x8BC9, 0x8BC9, 0x8BC9, 0x8BC9, 0x8BC9, 0x8BC9, 0x8BC9,
0x8BC9, 0x8BC9, 0x8BC9, 0x8BC9, 0x8BC9, 0x8BC9, 0x8BC9, 0x8BC9, 0x8BC9, 0x8BC9, 0x8BC9, 0x8BC9, 0x8BC9, 0x8BC9, 0x8BC9, 0x8BC9,
0x5245, 0x5245, 0xACAB, 0xACAB, 0xACAB, 0xACAB, 0xACAB, 0xACAB, 0xACAB, 0xACAB, 0xACAB, 0xACAB, 0xACAB, 0xACAB, 0xACAB, 0xACAB,
0xACAB, 0xACAB, 0xACAB, 0xACAB, 0xACAB, 0xACAB, 0xACAB, 0xACAB, 0xACAB, 0xACAB, 0xACAB, 0xACAB, 0xACAB, 0xACAB, 0xACAB, 0xACAB,
0xACAB, 0xACAB, 0xACAB, 0xACAB, 0xACAB, 0xACAB, 0xACAB, 0xACAB, 0x5245, 0x5245, 0x8BC9, 0x8BC9, 0x8BC9, 0x8BC9, 0x8BC9, 0x8BC9,
0x8BC9, 0x8BC9, 0x8BC9, 0x8BC9, 0x8BC9, 0x8BC9, 0x8BC9, 0x8BC9, 0x8BC9, 0x8BC9, 0x8BC9, 0x8BC9, 0x8BC9, 0x8BC9, 0x8BC9, 0x8BC9,
0x8BC9, 0x8BC9, 0x8BC9, 0x8BC9, 0x8BC9, 0x8BC9, 0x8BC9, 0x8BC9, 0x8BC9, 0x8BC9, 0x8BC9, 0x8BC9, 0x8BC9, 0x8BC9, 0x8BC9, 0x8BC9,
0x5245, 0x5245, 0xACAB, 0xACAB, 0xACAB, 0xACAB, 0xACAB, 0xACAB, 0xACAB, 0xACAB, 0xACAB, 0xACAB, 0xACAB, 0xACAB, 0xACAB, 0xACAB,
0xACAB, 0xACAB, 0xACAB, 0xACAB, 0xACAB, 0xACAB, 0xACAB, 0xACAB, 0xACAB, 0xACAB, 0xACAB, 0xACAB, 0xACAB, 0xACAB, 0xACAB, 0xACAB,
0xACAB, 0xACAB, 0xACAB, 0xACAB, 0xACAB, 0xACAB, 0xACAB, 0xACAB, 0x5245, 0x5245, 0x8BC9, 0x8BC9, 0x8BC9, 0x8BC9, 0x8BC9, 0x8BC9,
0x8BC9, 0x8BC9, 0x8BC9, 0x8BC9, 0x8BC9, 0x8BC9, 0x8BC9, 0x8BC9, 0x8BC9, 0x8BC9, 0x8BC9, 0x8BC9, 0x8BC9, 0x8BC9, 0x8BC9, 0x8BC9,
0x8BC9, 0x8BC9, 0x8BC9, 0x8BC9, 0x8BC9, 0x8BC9, 0x8BC9, 0x8BC9, 0x8BC9, 0x8BC9, 0x8BC9, 0x8BC9, 0x8BC9, 0x8BC9, 0x8BC9, 0x8BC9,
0x5245, 0x5245, 0xACAB, 0xACAB, 0xACAB, 0xACAB, 0xACAB, 0xACAB, 0xACAB, 0xACAB, 0xACAB, 0xACAB, 0xACAB, 0xACAB, 0xACAB, 0xACAB,
0xACAB, 0xACAB, 0xACAB, 0xACAB, 0xACAB, 0xACAB, 0xACAB, 0xACAB, 0xACAB, 0xACAB, 0xACAB, 0xACAB, 0xACAB, 0xACAB, 0xACAB, 0xACAB,
0xACAB, 0xACAB, 0xACAB, 0xACAB, 0xACAB, 0xACAB, 0xACAB, 0xACAB, 0x5245, 0x5245, 0x8BC9, 0x8BC9, 0x8BC9, 0x8BC9, 0x8BC9, 0x8BC9,
0x8BC9, 0x8BC9, 0x8BC9, 0x8BC9, 0x8BC9, 0x8BC9, 0x8BC9, 0x8BC9, 0x8BC9, 0x8BC9, 0x8BC9, 0x8BC9, 0x8BC9, 0x8BC9, 0x8BC9, 0x8BC9,
0x8BC9, 0x8BC9, 0x8BC9, 0x8BC9, 0x8BC9, 0x8BC9, 0x8BC9, 0x8BC9, 0x8BC9, 0x8BC9, 0x8BC9, 0x8BC9, 0x8BC9, 0x8BC9, 0x8BC9, 0x8BC9,
0x5245, 0x5245, 0xACAB, 0xACAB, 0xACAB, 0xACAB, 0xACAB, 0xACAB, 0xACAB, 0xACAB, 0xACAB, 0xACAB, 0xACAB, 0xACAB, 0xACAB, 0xACAB,
0xACAB, 0xACAB, 0xACAB, 0xACAB, 0xACAB, 0xACAB, 0xACAB, 0xACAB, 0xACAB, 0xACAB, 0xACAB, 0xACAB, 0xACAB, 0xACAB, 0xACAB, 0xACAB,
0xACAB, 0xACAB, 0xACAB, 0xACAB, 0xACAB, 0xACAB, 0xACAB, 0xACAB, 0x5245, 0x5245, 0x8BC9, 0x8BC9, 0x8BC9, 0x8BC9, 0x8BC9, 0x8BC9,
0x8BC9, 0x8BC9, 0x8BC9, 0x8BC9, 0x8BC9, 0x8BC9, 0x8BC9, 0x8BC9, 0x8BC9, 0x8BC9, 0x8BC9, 0x8BC9, 0x8BC9, 0x8BC9, 0x8BC9, 0x8BC9,
0x8BC9, 0x8BC9, 0x8BC9, 0x8BC9, 0x8BC9, 0x8BC9, 0x8BC9, 0x8BC9, 0x8BC9, 0x8BC9, 0x8BC9, 0x8BC9, 0x8BC9, 0x8BC9, 0x8BC9, 0x8BC9,
0x5245, 0x5245, 0xACAB, 0xACAB, 0xACAB, 0xACAB, 0xACAB, 0xACAB, 0xACAB, 0xACAB, 0xACAB, 0xACAB, 0xACAB, 0xACAB, 0xACAB, 0xACAB,
0xACAB, 0xACAB, 0xACAB, 0xACAB, 0xACAB, 0xACAB, 0xACAB, 0xACAB, 0xACAB, 0xACAB, 0xACAB, 0xACAB, 0xACAB, 0xACAB, 0xACAB, 0xACAB,
0xACAB, 0xACAB, 0xACAB, 0xACAB, 0xACAB, 0xACAB, 0xACAB, 0xACAB, 0x5245, 0x5245, 0x8BC9, 0x8BC9, 0x8BC9, 0x8BC9, 0x8BC9, 0x8BC9,
0x8BC9, 0x8BC9, 0x8BC9, 0x8BC9, 0x8BC9, 0x8BC9, 0x8BC9, 0x8BC9, 0x8BC9, 0x8BC9, 0x8BC9, 0x8BC9, 0x8BC9, 0x8BC9, 0x8BC9, 0x8BC9,
0x8BC9, 0x8BC9, 0x8BC9, 0x8BC9, 0x8BC9, 0x8BC9, 0x8BC9, 0x8BC9, 0x8BC9, 0x8BC9, 0x8BC9, 0x8BC9, 0x8BC9, 0x8BC9, 0x8BC9, 0x8BC9,
0x5245, 0x5245, 0xACAB, 0xACAB, 0xACAB, 0xACAB, 0xACAB, 0xACAB, 0xACAB, 0xACAB, 0xACAB, 0xACAB, 0xACAB, 0xACAB, 0xACAB, 0xACAB,
0xACAB, 0xACAB, 0xACAB, 0xACAB, 0xACAB, 0xACAB, 0xACAB, 0xACAB, 0xACAB, 0xACAB, 0xACAB, 0xACAB, 0xACAB, 0xACAB, 0xACAB, 0xACAB,
0xACAB, 0xACAB, 0xACAB, 0xACAB, 0xACAB, 0xACAB, 0xACAB, 0xACAB, 0x5245, 0x5245, 0x8BC9, 0x8BC9, 0x8BC9, 0x8BC9, 0x8BC9, 0x8BC9,
0x8BC9, 0x8BC9, 0x8BC9, 0x8BC9, 0x8BC9, 0x8BC9, 0x8BC9, 0x8BC9, 0x8BC9, 0x8BC9, 0x8BC9, 0x8BC9, 0x8BC9, 0x8BC9, 0x8BC9, 0x8BC9,
0x8BC9, 0x8BC9, 0x8BC9, 0x8BC9, 0x8BC9, 0x8BC9, 0x8BC9, 0x8BC9, 0x8BC9, 0x8BC9, 0x8BC9, 0x8BC9, 0x8BC9, 0x8BC9, 0x8BC9, 0x8BC9,
0x5245, 0x5245, 0xACAB, 0xACAB, 0xACAB, 0xACAB, 0xACAB, 0xACAB, 0xACAB, 0xACAB, 0xACAB, 0xACAB, 0xACAB, 0xACAB, 0xACAB, 0xACAB,
0xACAB, 0xACAB, 0xACAB, 0xACAB, 0xACAB, 0xACAB, 0xACAB, 0xACAB, 0xACAB, 0xACAB, 0xACAB, 0xACAB, 0xACAB, 0xACAB, 0xACAB, 0xACAB,
0xACAB, 0xACAB, 0xACAB, 0xACAB, 0xACAB, 0xACAB, 0xACAB, 0xACAB, 0x5245, 0x5245, 0x8BC9, 0x8BC9, 0x8BC9, 0x8BC9, 0x8BC9, 0x8BC9,
0x8BC9, 0x8BC9, 0x8BC9, 0x8BC9, 0x8BC9, 0x8BC9, 0x8BC9, 0x8BC9, 0x8BC9, 0x8BC9, 0x8BC9, 0x8BC9, 0x8BC9, 0x8BC9, 0x8BC9, 0x8BC9,
0x8BC9, 0x8BC9, 0x8BC9, 0x8BC9, 0x8BC9, 0x8BC9, 0x8BC9, 0x8BC9, 0x8BC9, 0x8BC9, 0x8BC9, 0x8BC9, 0x8BC9, 0x8BC9, 0x8BC9, 0x8BC9,
0x5245, 0x5245, 0xACAB, 0xACAB, 0xACAB, 0xACAB, 0xACAB, 0xACAB, 0xACAB, 0xACAB, 0xACAB, 0xACAB, 0xACAB, 0xACAB, 0xACAB, 0xACAB,
0xACAB, 0xACAB, 0xACAB, 0xACAB, 0xACAB, 0xACAB, 0xACAB, 0xACAB, 0xACAB, 0xACAB, 0xACAB, 0xACAB, 0xACAB, 0xACAB, 0xACAB, 0xACAB,
0xACAB, 0xACAB, 0xACAB, 0xACAB, 0xACAB, 0xACAB, 0xACAB, 0xACAB, 0x5245, 0x5245, 0x8BC9, 0x8BC9, 0x8BC9, 0x8BC9, 0x8BC9, 0x8BC9,
0x8BC9, 0x8BC9, 0x8BC9, 0x8BC9, 0x8BC9, 0x8BC9, 0x8BC9, 0x8BC9, 0x8BC9, 0x8BC9, 0x8BC9, 0x8BC9, 0x8BC9, 0x8BC9, 0x8BC9, 0x8BC9,
0x8BC9, 0x8BC9, 0x8BC9, 0x8BC9, 0x8BC9, 0x8BC9, 0x8BC9, 0x8BC9, 0x8BC9, 0x8BC9, 0x8BC9, 0x8BC9, 0x8BC9, 0x8BC9, 0x8BC9, 0x8BC9,
0x5245, 0x5245, 0xACAB, 0xACAB, 0xACAB, 0xACAB, 0xACAB, 0xACAB, 0xACAB, 0xACAB, 0xACAB, 0xACAB, 0xACAB, 0xACAB, 0xACAB, 0xACAB,
0xACAB, 0xACAB, 0xACAB, 0xACAB, 0xACAB, 0xACAB, 0xACAB, 0xACAB, 0xACAB, 0xACAB, 0xACAB, 0xACAB, 0xACAB, 0xACAB, 0xACAB, 0xACAB,
0xACAB, 0xACAB, 0xACAB, 0xACAB, 0xACAB, 0xACAB, 0xACAB, 0xACAB, 0x5245, 0x5245, 0x8BC9, 0x8BC9, 0x8BC9, 0x8BC9, 0x8BC9, 0x8BC9,
0x8BC9, 0x8BC9, 0x8BC9, 0x8BC9, 0x8BC9, 0x8BC9, 0x8BC9, 0x8BC9, 0x8BC9, 0x8BC9, 0x8BC9, 0x8BC9, 0x8BC9, 0x8BC9, 0x8BC9, 0x8BC9,
0x8BC9, 0x8BC9, 0x8BC9, 0x8BC9, 0x8BC9, 0x8BC9, 0x8BC9, 0x8BC9, 0x8BC9, 0x8BC9, 0x8BC9, 0x8BC9, 0x8BC9, 0x8BC9, 0x8BC9, 0x8BC9,
0x5245, 0x5245, 0xACAB, 0xACAB, 0xACAB, 0xACAB, 0xACAB, 0xACAB, 0xACAB, 0xACAB, 0xACAB, 0xACAB, 0xACAB, 0xACAB, 0xACAB, 0xACAB,
0xACAB, 0xACAB, 0xACAB, 0xACAB, 0xACAB, 0xACAB, 0xACAB, 0xACAB, 0xACAB, 0xACAB, 0xACAB, 0xACAB, 0xACAB, 0xACAB, 0xACAB, 0xACAB,
0xACAB, 0xACAB, 0xACAB, 0xACAB, 0xACAB, 0xACAB, 0xACAB, 0xACAB, 0x5245, 0x5245, 0x8BC9, 0x8BC9, 0x8BC9, 0x8BC9, 0x8BC9, 0x8BC9,
0x8BC9, 0x8BC9, 0x8BC9, 0x8BC9, 0x8BC9, 0x8BC9, 0x8BC9, 0x8BC9, 0x8BC9, 0x8BC9, 0x8BC9, 0x8BC9, 0x8BC9, 0x8BC9, 0x8BC9, 0x8BC9,
0x8BC9, 0x8BC9, 0x8BC9, 0x8BC9, 0x8BC9, 0x8BC9, 0x8BC9, 0x8BC9, 0x8BC9, 0x8BC9, 0x8BC9, 0x8BC9, 0x8BC9, 0x8BC9, 0x8BC9, 0x8BC9,
0x5245, 0x5245, 0xACAB, 0xACAB, 0xACAB, 0xACAB, 0xACAB, 0xACAB, 0xACAB, 0xACAB, 0xACAB, 0xACAB, 0xACAB, 0xACAB, 0xACAB, 0xACAB,
0xACAB, 0xACAB, 0xACAB, 0xACAB, 0xACAB, 0xACAB, 0xACAB, 0xACAB, 0xACAB, 0xACAB, 0xACAB, 0xACAB, 0xACAB, 0xACAB, 0xACAB, 0xACAB,
0xACAB, 0xACAB, 0xACAB, 0xACAB, 0xACAB, 0xACAB, 0xACAB, 0xACAB, 0x5245, 0x5245, 0x8BC9, 0x8BC9, 0x8BC9, 0x8BC9, 0x8BC9, 0x8BC9,
0x8BC9, 0x8BC9, 0x8BC9, 0x8BC9, 0x8BC9, 0x8BC9, 0x8BC9, 0x8BC9, 0x8BC9, 0x8BC9, 0x8BC9, 0x8BC9, 0x8BC9, 0x8BC9, 0x8BC9, 0x8BC9,
0x8BC9, 0x8BC9, 0x8BC9, 0x8BC9, 0x8BC9, 0x8BC9, 0x8BC9, 0x8BC9, 0x8BC9, 0x8BC9, 0x8BC9, 0x8BC9, 0x8BC9, 0x8BC9, 0x8BC9, 0x8BC9,
0x5245, 0x5245, 0xACAB, 0xACAB, 0xACAB, 0xACAB, 0xACAB, 0xACAB, 0xACAB, 0xACAB, 0xACAB, 0xACAB, 0xACAB, 0xACAB, 0xACAB, 0xACAB,
0xACAB, 0xACAB, 0xACAB, 0xACAB, 0xACAB, 0xACAB, 0xACAB, 0xACAB, 0xACAB, 0xACAB, 0xACAB, 0xACAB, 0xACAB, 0xACAB, 0xACAB, 0xACAB,
0xACAB, 0xACAB, 0xACAB, 0xACAB, 0xACAB, 0xACAB, 0xACAB, 0xACAB, 0x5245, 0x5245, 0x8BC9, 0x8BC9, 0x8BC9, 0x8BC9, 0x8BC9, 0x8BC9,
0x8BC9, 0x8BC9, 0x8BC9, 0x8BC9, 0x8BC9, 0x8BC9, 0x8BC9, 0x8BC9, 0x8BC9, 0x8BC9, 0x8BC9, 0x8BC9, 0x8BC9, 0x8BC9, 0x8BC9, 0x8BC9,
0x8BC9, 0x8BC9, 0x8BC9, 0x8BC9, 0x8BC9, 0x8BC9, 0x8BC9, 0x8BC9, 0x8BC9, 0x8BC9, 0x8BC9, 0x8BC9, 0x8BC9, 0x8BC9, 0x8BC9, 0x8BC9,
0x5245, 0x5245, 0xACAB, 0xACAB, 0xACAB, 0xACAB, 0xACAB, 0xACAB, 0xACAB, 0xACAB, 0xACAB, 0xACAB, 0xACAB, 0xACAB, 0xACAB, 0xACAB,
0xACAB, 0xACAB, 0xACAB, 0xACAB, 0xACAB, 0xACAB, 0xACAB, 0xACAB, 0xACAB, 0xACAB, 0xACAB, 0xACAB, 0xACAB, 0xACAB, 0xACAB, 0xACAB,
0xACAB, 0xACAB, 0xACAB, 0xACAB, 0xACAB, 0xACAB, 0xACAB, 0xACAB, 0x5245, 0x5245, 0x8BC9, 0x8BC9, 0x8BC9, 0x8BC9, 0x8BC9, 0x8BC9,
0x8BC9, 0x8BC9, 0x8BC9, 0x8BC9, 0x8BC9, 0x8BC9, 0x8BC9, 0x8BC9, 0x8BC9, 0x8BC9, 0x8BC9, 0x8BC9, 0x8BC9, 0x8BC9, 0x8BC9, 0x8BC9,
0x8BC9, 0x8BC9, 0x8BC9, 0x8BC9, 0x8BC9, 0x8BC9, 0x8BC9, 0x8BC9, 0x8BC9, 0x8BC9, 0x8BC9, 0x8BC9, 0x8BC9, 0x8BC9, 0x8BC9, 0x8BC9,
0x5245, 0x5245, 0xACAB, 0xACAB, 0xACAB, 0xACAB, 0xACAB, 0xACAB, 0xACAB, 0xACAB, 0xACAB, 0xACAB, 0xACAB, 0xACAB, 0xACAB, 0xACAB,
0xACAB, 0xACAB, 0xACAB, 0xACAB, 0xACAB, 0xACAB, 0xACAB, 0xACAB, 0xACAB, 0xACAB, 0xACAB, 0xACAB, 0xACAB, 0xACAB, 0xACAB, 0xACAB,
0xACAB, 0xACAB, 0xACAB, 0xACAB, 0xACAB, 0xACAB, 0xACAB, 0xACAB, 0x5245, 0x5245, 0x8BC9, 0x8BC9, 0x8BC9, 0x8BC9, 0x8BC9, 0x8BC9,
0x8BC9, 0x8BC9, 0x8BC9, 0x8BC9, 0x8BC9, 0x8BC9, 0x8BC9, 0x8BC9, 0x8BC9, 0x8BC9, 0x8BC9, 0x8BC9, 0x8BC9, 0x8BC9, 0x8BC9, 0x8BC9,
0x8BC9, 0x8BC9, 0x8BC9, 0x8BC9, 0x8BC9, 0x8BC9, 0x8BC9, 0x8BC9, 0x8BC9, 0x8BC9, 0x8BC9, 0x8BC9, 0x8BC9, 0x8BC9, 0x8BC9, 0x8BC9,
0x5245, 0x5245, 0xACAB, 0xACAB, 0xACAB, 0xACAB, 0xACAB, 0xACAB, 0xACAB, 0xACAB, 0xACAB, 0xACAB, 0xACAB, 0xACAB, 0xACAB, 0xACAB,
0xACAB, 0xACAB, 0xACAB, 0xACAB, 0xACAB, 0xACAB, 0xACAB, 0xACAB, 0xACAB, 0xACAB, 0xACAB, 0xACAB, 0xACAB, 0xACAB, 0xACAB, 0xACAB,
0xACAB, 0xACAB, 0xACAB, 0xACAB, 0xACAB, 0xACAB, 0xACAB, 0xACAB, 0x5245, 0x5245, 0x8BC9, 0x8BC9, 0x8BC9, 0x8BC9, 0x8BC9, 0x8BC9,
0x8BC9, 0x8BC9, 0x8BC9, 0x8BC9, 0x8BC9, 0x8BC9, 0x8BC9, 0x8BC9, 0x8BC9, 0x8BC9, 0x8BC9, 0x8BC9, 0x8BC9, 0x8BC9, 0x8BC9, 0x8BC9,
0x8BC9, 0x8BC9, 0x8BC9, 0x8BC9, 0x8BC9, 0x8BC9, 0x8BC9, 0x8BC9, 0x8BC9, 0x8BC9, 0x8BC9, 0x8BC9, 0x8BC9, 0x8BC9, 0x8BC9, 0x8BC9,
0x5245, 0x5245, 0xACAB, 0xACAB, 0xACAB, 0xACAB, 0xACAB, 0xACAB, 0xACAB, 0xACAB, 0xACAB, 0xACAB, 0xACAB, 0xACAB, 0xACAB, 0xACAB,
0xACAB, 0xACAB, 0xACAB, 0xACAB, 0xACAB, 0xACAB, 0xACAB, 0xACAB, 0xACAB, 0xACAB, 0xACAB, 0xACAB, 0xACAB, 0xACAB, 0xACAB, 0xACAB,
0xACAB, 0xACAB, 0xACAB, 0xACAB, 0xACAB, 0xACAB, 0xACAB, 0xACAB, 0x5245, 0x5245, 0x8BC9, 0x8BC9, 0x8BC9, 0x8BC9, 0x8BC9, 0x8BC9,
0x8BC9, 0x8BC9, 0x8BC9, 0x8BC9, 0x8BC9, 0x8BC9, 0x8BC9, 0x8BC9, 0x8BC9, 0x8BC9, 0x8BC9, 0x8BC9, 0x8BC9, 0x8BC9, 0x8BC9, 0x8BC9,
0x8BC9, 0x8BC9, 0x8BC9, 0x8BC9, 0x8BC9, 0x8BC9, 0x8BC9, 0x8BC9, 0x8BC9, 0x8BC9, 0x8BC9, 0x8BC9, 0x8BC9, 0x8BC9, 0x8BC9, 0x8BC9,
0x5245, 0x5245, 0xACAB, 0xACAB, 0xACAB, 0xACAB, 0xACAB, 0xACAB, 0xACAB, 0xACAB, 0xACAB, 0xACAB, 0xACAB, 0xACAB, 0xACAB, 0xACAB,
0xACAB, 0xACAB, 0xACAB, 0xACAB, 0xACAB, 0xACAB, 0xACAB, 0xACAB, 0xACAB, 0xACAB, 0xACAB, 0xACAB, 0xACAB, 0xACAB, 0xACAB, 0xACAB,
0xACAB, 0xACAB, 0xACAB, 0xACAB, 0xACAB, 0xACAB, 0xACAB, 0xACAB, 0x5245, 0x5245, 0x8BC9, 0x8BC9, 0x8BC9, 0x8BC9, 0x8BC9, 0x8BC9,
0x8BC9, 0x8BC9, 0x8BC9, 0x8BC9, 0x8BC9, 0x8BC9, 0x8BC9, 0x8BC9, 0x8BC9, 0x8BC9, 0x8BC9, 0x8BC9, 0x8BC9, 0x8BC9, 0x8BC9, 0x8BC9,
0x8BC9, 0x8BC9, 0x8BC9, 0x8BC9, 0x8BC9, 0x8BC9, 0x8BC9, 0x8BC9, 0x8BC9, 0x8BC9, 0x8BC9, 0x8BC9, 0x8BC9, 0x8BC9, 0x8BC9, 0x8BC9,
0x5245, 0x5245, 0xACAB, 0xACAB, 0xACAB, 0xACAB, 0xACAB, 0xACAB, 0xACAB, 0xACAB, 0xACAB, 0xACAB, 0xACAB, 0xACAB, 0xACAB, 0xACAB,
0xACAB, 0xACAB, 0xACAB, 0xACAB, 0xACAB, 0xACAB, 0xACAB, 0xACAB, 0xACAB, 0xACAB, 0xACAB, 0xACAB, 0xACAB, 0xACAB, 0xACAB, 0xACAB,
0xACAB, 0xACAB, 0xACAB, 0xACAB, 0xACAB, 0xACAB, 0xACAB, 0xACAB, 0x5245, 0x5245, 0x8BC9, 0x8BC9, 0x8BC9, 0x8BC9, 0x8BC9, 0x8BC9,
0x8BC9, 0x8BC9, 0x8BC9, 0x8BC9, 0x8BC9, 0x8BC9, 0x8BC9, 0x8BC9, 0x8BC9, 0x8BC9, 0x8BC9, 0x8BC9, 0x8BC9, 0x8BC9, 0x8BC9, 0x8BC9,
0x8BC9, 0x8BC9, 0x8BC9, 0x8BC9, 0x8BC9, 0x8BC9, 0x8BC9, 0x8BC9, 0x8BC9, 0x8BC9, 0x8BC9, 0x8BC9, 0x8BC9, 0x8BC9, 0x8BC9, 0x8BC9,
0x5245, 0x5245, 0xACAB, 0xACAB, 0xACAB, 0xACAB, 0xACAB, 0xACAB, 0xACAB, 0xACAB, 0xACAB, 0xACAB, 0xACAB, 0xACAB, 0xACAB, 0xACAB,
0xACAB, 0xACAB, 0xACAB, 0xACAB, 0xACAB, 0xACAB, 0xACAB, 0xACAB, 0xACAB, 0xACAB, 0xACAB, 0xACAB, 0xACAB, 0xACAB, 0xACAB, 0xACAB,
0xACAB, 0xACAB, 0xACAB, 0xACAB, 0xACAB, 0xACAB, 0xACAB, 0xACAB, 0x5245, 0x5245, 0x8BC9, 0x8BC9, 0x8BC9, 0x8BC9, 0x8BC9, 0x8BC9,
0x8BC9, 0x8BC9, 0x8BC9, 0x8BC9, 0x8BC9, 0x8BC9, 0x8BC9, 0x8BC9, 0x8BC9, 0x8BC9, 0x8BC9, 0x8BC9, 0x8BC9, 0x8BC9, 0x8BC9, 0x8BC9,
0x8BC9, 0x8BC9, 0x8BC9, 0x8BC9, 0x8BC9, 0x8BC9, 0x8BC9, 0x8BC9, 0x8BC9, 0x8BC9, 0x8BC9, 0x8BC9, 0x8BC9, 0x8BC9, 0x8BC9, 0x8BC9,
0x5245, 0x5245, 0xACAB, 0xACAB, 0xACAB, 0xACAB, 0xACAB, 0xACAB, 0xACAB, 0xACAB, 0xACAB, 0xACAB, 0xACAB, 0xACAB, 0xACAB, 0xACAB,
0xACAB, 0xACAB, 0xACAB, 0xACAB, 0xACAB, 0xACAB, 0xACAB, 0xACAB, 0xACAB, 0xACAB, 0xACAB, 0xACAB, 0xACAB, 0xACAB, 0xACAB, 0xACAB,
0xACAB, 0xACAB, 0xACAB, 0xACAB, 0xACAB, 0xACAB, 0xACAB, 0xACAB, 0x5245, 0x5245, 0x8BC9, 0x8BC9, 0x8BC9, 0x8BC9, 0x8BC9, 0x8BC9,
0x8BC9, 0x8BC9, 0x8BC9, 0x8BC9, 0x8BC9, 0x8BC9, 0x8BC9, 0x8BC9, 0x8BC9, 0x8BC9, 0x8BC9, 0x8BC9, 0x8BC9, 0x8BC9, 0x8BC9, 0x8BC9,
0x8BC9, 0x8BC9, 0x8BC9, 0x8BC9, 0x8BC9, 0x8BC9, 0x8BC9, 0x8BC9, 0x8BC9, 0x8BC9, 0x8BC9, 0x8BC9, 0x8BC9, 0x8BC9, 0x8BC9, 0x8BC9,
0x5245, 0x5245, 0x5245, 0x5245, 0x5245, 0x5245, 0x5245, 0x5245, 0x5245, 0x5245, 0x5245, 0x5245, 0x5245, 0x5245, 0x5245, 0x5245,
0x5245, 0x5245, 0x5245, 0x5245, 0x5245, 0x5245, 0x5245, 0x5245, 0x5245, 0x5245, 0x5245, 0x5245, 0x5245, 0x5245, 0x5245, 0x5245,
0x5245, 0x5245, 0x5245, 0x5245, 0x5245, 0x5245, 0x5245, 0x5245, 0x5245, 0x5245, 0x5245, 0x5245, 0x5245, 0x5245, 0x5245, 0x5245,
0x5245, 0x5245, 0x5245, 0x5245, 0x5245, 0x5245, 0x5245, 0x5245, 0x5245, 0x5245, 0x5245, 0x5245, 0x5245, 0x5245, 0x5245, 0x5245,
0x5245, 0x5245, 0x5245, 0x5245, 0x5245, 0x5245, 0x5245, 0x5245, 0x5245, 0x5245, 0x5245, 0x5245, 0x5245, 0x5245, 0x5245, 0x5245,
0x5245, 0x5245, 0x5245, 0x5245, 0x5245, 0x5245, 0x5245, 0x5245, 0x5245, 0x5245, 0x5245, 0x5245, 0x5245, 0x5245, 0x5245, 0x5245,
0x5245, 0x5245, 0x5245, 0x5245, 0x5245, 0x5245, 0x5245, 0x5245, 0x5245, 0x5245, 0x5245, 0x5245, 0x5245, 0x5245, 0x5245, 0x5245,
0x5245, 0x5245, 0x5245, 0x5245, 0x5245, 0x5245, 0x5245, 0x5245, 0x5245, 0x5245, 0x5245, 0x5245, 0x5245, 0x5245, 0x5245, 0x5245,
0x5245, 0x5245, 0x5245, 0x5245, 0x5245, 0x5245, 0x5245, 0x5245, 0x5245, 0x5245, 0x5245, 0x5245, 0x5245, 0x5245, 0x5245, 0x5245,
0x5245, 0x5245, 0x5245, 0x5245, 0x5245, 0x5245, 0x5245, 0x5245, 0x5245, 0x5245, 0x5245, 0x5245, 0x5245, 0x5245, 0x5245, 0x5245,
0x5245, 0x5245, 0x5245, 0x5245, 0x5245, 0x5245, 0x5245, 0x5245, 0x5245, 0x5245, 0x5245, 0x5245, 0x5245, 0x5245, 0x5245, 0x5245,
0x5245, 0x5245, 0x5245, 0x5245, 0x5245, 0x5245, 0x5245, 0x5245, 0x5245, 0x5245, 0x5245, 0x5245, 0x5245, 0x5245, 0x5245, 0x5245,
0x5245, 0x5245, 0x5245, 0x5245, 0x5245, 0x5245, 0x5245, 0x5245, 0x5245, 0x5245, 0x5245, 0x5245, 0x5245, 0x5245, 0x5245, 0x5245,
0x5245, 0x5245, 0x5245, 0x5245, 0x5245, 0x5245, 0x5245, 0x5245, 0x5245, 0x5245, 0x5245, 0x5245, 0x5245, 0x5245, 0x5245, 0x5245,
0x5245, 0x5245, 0x5245, 0x5245, 0x5245, 0x5245, 0x5245, 0x5245, 0x5245, 0x5245, 0x5245, 0x5245, 0x5245, 0x5245, 0x5245, 0x5245,
0x5245, 0x5245, 0x5245, 0x5245, 0x5245, 0x5245, 0x5245, 0x5245, 0x5245, 0x5245, 0x5245, 0x5245, 0x5245, 0x5245, 0x5245, 0x5245,
0x5245, 0x5245, 0x5245, 0x5245, 0x5245, 0x5245, 0x5245, 0x5245, 0x5245, 0x5245, 0x5245, 0x5245, 0x5245, 0x5245, 0x5245, 0x5245,
0x5245, 0x5245, 0x5245, 0x5245, 0x5245, 0x5245, 0x5245, 0x5245, 0x5245, 0x5245, 0x5245, 0x5245, 0x5245, 0x5245, 0x5245, 0x5245,
0x5245, 0x5245, 0x5245, 0x5245, 0x5245, 0x5245, 0x5245, 0x5245, 0x5245, 0x5245, 0x5245, 0x5245, 0x5245, 0x5245, 0x5245, 0x5245,
0x5245, 0x5245, 0x5245, 0x5245, 0x5245, 0x5245, 0x5245, 0x5245, 0x5245, 0x5245, 0x5245, 0x5245, 0x5245, 0x5245, 0x5245, 0x5245,
0x5245, 0x5245, 0x5245, 0x5245, 0x5245, 0x5245, 0x5245, 0x5245, 0x5245, 0x5245, 0x5245, 0x5245, 0x5245, 0x5245, 0x5245, 0x5245,
0x5245, 0x5245, 0x5245, 0x5245, 0x5245, 0x5245, 0x5245, 0x5245, 0x5245, 0x5245, 0x5245, 0x5245, 0x5245, 0x5245, 0x5245, 0x5245,
0x5245, 0x5245, 0x5245, 0x5245, 0x5245, 0x5245, 0x5245, 0x5245, 0x5245, 0x5245, 0x5245, 0x5245, 0x5245, 0x5245, 0x5245, 0x5245,
0x5245, 0x5245, 0x5245, 0x5245, 0x5245, 0x5245, 0x5245, 0x5245, 0x5245, 0x5245, 0x5245, 0x5245, 0x5245, 0x5245, 0x5245, 0x5245,
0x5245, 0x5245, 0x5245, 0x5245, 0x5245, 0x5245, 0x5245, 0x5245, 0x5245, 0x5245, 0x5245, 0x5245, 0x5245, 0x5245, 0x5245, 0x5245,
0x5245, 0x5245, 0x5245, 0x5245, 0x5245, 0x5245, 0x5245, 0x5245, 0x5245, 0x5245, 0x5245, 0x5245, 0x5245, 0x5245, 0x5245, 0x5245,
0x5245, 0x5245, 0x5245, 0x5245, 0x5245, 0x5245, 0x5245, 0x5245, 0x5245, 0x5245, 0x5245, 0x5245, 0x5245, 0x5245, 0x5245, 0x5245,
0x5245, 0x5245, 0x5245, 0x5245, 0x5245, 0x5245, 0x5245, 0x5245, 0x5245, 0x5245, 0x5245, 0x5245, 0x5245, 0x5245, 0x5245, 0x5245,
0x5245, 0x5245, 0x5245, 0x5245, 0x5245, 0x5245, 0x5245, 0x5245, 0x5245, 0x5245, 0x5245, 0x5245, 0x5245, 0x5245, 0x5245, 0x5245,
0x5245, 0x5245, 0x5245, 0x5245, 0x5245, 0x5245, 0x5245, 0x5245, 0x5245, 0x5245, 0x5245, 0x5245, 0x5245, 0x5245, 0x5245, 0x5245,
0x5245, 0x5245, 0x8BC9, 0x8BC9, 0x8BC9, 0x8BC9, 0x8BC9, 0x8BC9, 0x8BC9, 0x8BC9, 0x8BC9, 0x8BC9, 0x8BC9, 0x8BC9, 0x8BC9, 0x8BC9,
0x8BC9, 0x8BC9, 0x8BC9, 0x8BC9, 0x8BC9, 0x8BC9, 0x8BC9, 0x8BC9, 0x8BC9, 0x8BC9, 0x8BC9, 0x8BC9, 0x8BC9, 0x8BC9, 0x8BC9, 0x8BC9,
0x8BC9, 0x8BC9, 0x8BC9, 0x8BC9, 0x8BC9, 0x8BC9, 0x8BC9, 0x8BC9, 0x5245, 0x5245, 0xACAB, 0xACAB, 0xACAB, 0xACAB, 0xACAB, 0xACAB,
0xACAB, 0xACAB, 0xACAB, 0xACAB, 0xACAB, 0xACAB, 0xACAB, 0xACAB, 0xACAB, 0xACAB, 0xACAB, 0xACAB, 0xACAB, 0xACAB, 0xACAB, 0xACAB,
0xACAB, 0xACAB, 0xACAB, 0xACAB, 0xACAB, 0xACAB, 0xACAB, 0xACAB, 0xACAB, 0xACAB, 0xACAB, 0xACAB, 0xACAB, 0xACAB, 0xACAB, 0xACAB,
0x5245, 0x5245, 0x8BC9, 0x8BC9, 0x8BC9, 0x8BC9, 0x8BC9, 0x8BC9, 0x8BC9, 0x8BC9, 0x8BC9, 0x8BC9, 0x8BC9, 0x8BC9, 0x8BC9, 0x8BC9,
0x8BC9, 0x8BC9, 0x8BC9, 0x8BC9, 0x8BC9, 0x8BC9, 0x8BC9, 0x8BC9, 0x8BC9, 0x8BC9, 0x8BC9, 0x8BC9, 0x8BC9, 0x8BC9, 0x8BC9, 0x8BC9,
0x8BC9, 0x8BC9, 0x8BC9, 0x8BC9, 0x8BC9, 0x8BC9, 0x8BC9, 0x8BC9, 0x5245, 0x5245, 0xACAB, 0xACAB, 0xACAB, 0xACAB, 0xACAB, 0xACAB,
0xACAB, 0xACAB, 0xACAB, 0xACAB, 0xACAB, 0xACAB, 0xACAB, 0xACAB, 0xACAB, 0xACAB, 0xACAB, 0xACAB, 0xACAB, 0xACAB, 0xACAB, 0xACAB,
0xACAB, 0xACAB, 0xACAB, 0xACAB, 0xACAB, 0xACAB, 0xACAB, 0xACAB, 0xACAB, 0xACAB, 0xACAB, 0xACAB, 0xACAB, 0xACAB, 0xACAB, 0xACAB,
0x5245, 0x5245, 0x8BC9, 0x8BC9, 0x8BC9, 0x8BC9, 0x8BC9, 0x8BC9, 0x8BC9, 0x8BC9, 0x8BC9, 0x8BC9, 0x8BC9, 0x8BC9, 0x8BC9, 0x8BC9,
0x8BC9, 0x8BC9, 0x8BC9, 0x8BC9, 0x8BC9, 0x8BC9, 0x8BC9, 0x8BC9, 0x8BC9, 0x8BC9, 0x8BC9, 0x8BC9, 0x8BC9, 0x8BC9, 0x8BC9, 0x8BC9,
0x8BC9, 0x8BC9, 0x8BC9, 0x8BC9, 0x8BC9, 0x8BC9, 0x8BC9, 0x8BC9, 0x5245, 0x5245, 0xACAB, 0xACAB, 0xACAB, 0xACAB, 0xACAB, 0xACAB,
0xACAB, 0xACAB, 0xACAB, 0xACAB, 0xACAB, 0xACAB, 0xACAB, 0xACAB, 0xACAB, 0xACAB, 0xACAB, 0xACAB, 0xACAB, 0xACAB, 0xACAB, 0xACAB,
0xACAB, 0xACAB, 0xACAB, 0xACAB, 0xACAB, 0xACAB, 0xACAB, 0xACAB, 0xACAB, 0xACAB, 0xACAB, 0xACAB, 0xACAB, 0xACAB, 0xACAB, 0xACAB,
0x5245, 0x5245, 0x8BC9, 0x8BC9, 0x8BC9, 0x8BC9, 0x8BC9, 0x8BC9, 0x8BC9, 0x8BC9, 0x8BC9, 0x8BC9, 0x8BC9, 0x8BC9, 0x8BC9, 0x8BC9,
0x8BC9, 0x8BC9, 0x8BC9, 0x8BC9, 0x8BC9, 0x8BC9, 0x8BC9, 0x8BC9, 0x8BC9, 0x8BC9, 0x8BC9, 0x8BC9, 0x8BC9, 0x8BC9, 0x8BC9, 0x8BC9,
0x8BC9, 0x8BC9, 0x8BC9, 0x8BC9, 0x8BC9, 0x8BC9, 0x8BC9, 0x8BC9, 0x5245, 0x5245, 0xACAB, 0xACAB, 0xACAB, 0xACAB, 0xACAB, 0xACAB,
0xACAB, 0xACAB, 0xACAB, 0xACAB, 0xACAB, 0xACAB, 0xACAB, 0xACAB, 0xACAB, 0xACAB, 0xACAB, 0xACAB, 0xACAB, 0xACAB, 0xACAB, 0xACAB,
0xACAB, 0xACAB, 0xACAB, 0xACAB, 0xACAB, 0xACAB, 0xACAB, 0xACAB, 0xACAB, 0xACAB, 0xACAB, 0xACAB, 0xACAB, 0xACAB, 0xACAB, 0xACAB,
0x5245, 0x5245, 0x8BC9, 0x8BC9, 0x8BC9, 0x8BC9, 0x8BC9, 0x8BC9, 0x8BC9, 0x8BC9, 0x8BC9, 0x8BC9, 0x8BC9, 0x8BC9, 0x8BC9, 0x8BC9,
0x8BC9, 0x8BC9, 0x8BC9, 0x8BC9, 0x8BC9, 0x8BC9, 0x8BC9, 0x8BC9, 0x8BC9, 0x8BC9, 0x8BC9, 0x8BC9, 0x8BC9, 0x8BC9, 0x8BC9, 0x8BC9,
0x8BC9, 0x8BC9, 0x8BC9, 0x8BC9, 0x8BC9, 0x8BC9, 0x8BC9, 0x8BC9, 0x5245, 0x5245, 0xACAB, 0xACAB, 0xACAB, 0xACAB, 0xACAB, 0xACAB,
0xACAB, 0xACAB, 0xACAB, 0xACAB, 0xACAB, 0xACAB, 0xACAB, 0xACAB, 0xACAB, 0xACAB, 0xACAB, 0xACAB, 0xACAB, 0xACAB, 0xACAB, 0xACAB,
0xACAB, 0xACAB, 0xACAB, 0xACAB, 0xACAB, 0xACAB, 0xACAB, 0xACAB, 0xACAB, 0xACAB, 0xACAB, 0xACAB, 0xACAB, 0xACAB, 0xACAB, 0xACAB,
0x5245, 0x5245, 0x8BC9, 0x8BC9, 0x8BC9, 0x8BC9, 0x8BC9, 0x8BC9, 0x8BC9, 0x8BC9, 0x8BC9, 0x8BC9, 0x8BC9, 0x8BC9, 0x8BC9, 0x8BC9,
0x8BC9, 0x8BC9, 0x8BC9, 0x8BC9, 0x8BC9, 0x8BC9, 0x8BC9, 0x8BC9, 0x8BC9, 0x8BC9, 0x8BC9, 0x8BC9, 0x8BC9, 0x8BC9, 0x8BC9, 0x8BC9,
0x8BC9, 0x8BC9, 0x8BC9, 0x8BC9, 0x8BC9, 0x8BC9, 0x8BC9, 0x8BC9, 0x5245, 0x5245, 0xACAB, 0xACAB, 0xACAB, 0xACAB, 0xACAB, 0xACAB,
0xACAB, 0xACAB, 0xACAB, 0xACAB, 0xACAB, 0xACAB, 0xACAB, 0xACAB, 0xACAB, 0xACAB, 0xACAB, 0xACAB, 0xACAB, 0xACAB, 0xACAB, 0xACAB,
0xACAB, 0xACAB, 0xACAB, 0xACAB, 0xACAB, 0xACAB, 0xACAB, 0xACAB, 0xACAB, 0xACAB, 0xACAB, 0xACAB, 0xACAB, 0xACAB, 0xACAB, 0xACAB,
0x5245, 0x5245, 0x8BC9, 0x8BC9, 0x8BC9, 0x8BC9, 0x8BC9, 0x8BC9, 0x8BC9, 0x8BC9, 0x8BC9, 0x8BC9, 0x8BC9, 0x8BC9, 0x8BC9, 0x8BC9,
0x8BC9, 0x8BC9, 0x8BC9, 0x8BC9, 0x8BC9, 0x8BC9, 0x8BC9, 0x8BC9, 0x8BC9, 0x8BC9, 0x8BC9, 0x8BC9, 0x8BC9, 0x8BC9, 0x8BC9, 0x8BC9,
0x8BC9, 0x8BC9, 0x8BC9, 0x8BC9, 0x8BC9, 0x8BC9, 0x8BC9, 0x8BC9, 0x5245, 0x5245, 0xACAB, 0xACAB, 0xACAB, 0xACAB, 0xACAB, 0xACAB,
0xACAB, 0xACAB, 0xACAB, 0xACAB, 0xACAB, 0xACAB, 0xACAB, 0xACAB, 0xACAB, 0xACAB, 0xACAB, 0xACAB, 0xACAB, 0xACAB, 0xACAB, 0xACAB,
0xACAB, 0xACAB, 0xACAB, 0xACAB, 0xACAB, 0xACAB, 0xACAB, 0xACAB, 0xACAB, 0xACAB, 0xACAB, 0xACAB, 0xACAB, 0xACAB, 0xACAB, 0xACAB,
0x5245, 0x5245, 0x8BC9, 0x8BC9, 0x8BC9, 0x8BC9, 0x8BC9, 0x8BC9, 0x8BC9, 0x8BC9, 0x8BC9, 0x8BC9, 0x8BC9, 0x8BC9, 0x8BC9, 0x8BC9,
0x8BC9, 0x8BC9, 0x8BC9, 0x8BC9, 0x8BC9, 0x8BC9, 0x8BC9, 0x8BC9, 0x8BC9, 0x8BC9, 0x8BC9, 0x8BC9, 0x8BC9, 0x8BC9, 0x8BC9, 0x8BC9,
0x8BC9, 0x8BC9, 0x8BC9, 0x8BC9, 0x8BC9, 0x8BC9, 0x8BC9, 0x8BC9, 0x5245, 0x5245, 0xACAB, 0xACAB, 0xACAB, 0xACAB, 0xACAB, 0xACAB,
0xACAB, 0xACAB, 0xACAB, 0xACAB, 0xACAB, 0xACAB, 0xACAB, 0xACAB, 0xACAB, 0xACAB, 0xACAB, 0xACAB, 0xACAB, 0xACAB, 0xACAB, 0xACAB,
0xACAB, 0xACAB, 0xACAB, 0xACAB, 0xACAB, 0xACAB, 0xACAB, 0xACAB, 0xACAB, 0xACAB, 0xACAB, 0xACAB, 0xACAB, 0xACAB, 0xACAB, 0xACAB,
0x5245, 0x5245, 0x8BC9, 0x8BC9, 0x8BC9, 0x8BC9, 0x8BC9, 0x8BC9, 0x8BC9, 0x8BC9, 0x8BC9, 0x8BC9, 0x8BC9, 0x8BC9, 0x8BC9, 0x8BC9,
0x8BC9, 0x8BC9, 0x8BC9, 0x8BC9, 0x8BC9, 0x8BC9, 0x8BC9, 0x8BC9, 0x8BC9, 0x8BC9, 0x8BC9, 0x8BC9, 0x8BC9, 0x8BC9, 0x8BC9, 0x8BC9,
0x8BC9, 0x8BC9, 0x8BC9, 0x8BC9, 0x8BC9, 0x8BC9, 0x8BC9, 0x8BC9, 0x5245, 0x5245, 0xACAB, 0xACAB, 0xACAB, 0xACAB, 0xACAB, 0xACAB,
0xACAB, 0xACAB, 0xACAB, 0xACAB, 0xACAB, 0xACAB, 0xACAB, 0xACAB, 0xACAB, 0xACAB, 0xACAB, 0xACAB, 0xACAB, 0xACAB, 0xACAB, 0xACAB,
0xACAB, 0xACAB, 0xACAB, 0xACAB, 0xACAB, 0xACAB, 0xACAB, 0xACAB, 0xACAB, 0xACAB, 0xACAB, 0xACAB, 0xACAB, 0xACAB, 0xACAB, 0xACAB,
0x5245, 0x5245, 0x8BC9, 0x8BC9, 0x8BC9, 0x8BC9, 0x8BC9, 0x8BC9, 0x8BC9, 0x8BC9, 0x8BC9, 0x8BC9, 0x8BC9, 0x8BC9, 0x8BC9, 0x8BC9,
0x8BC9, 0x8BC9, 0x8BC9, 0x8BC9, 0x8BC9, 0x8BC9, 0x8BC9, 0x8BC9, 0x8BC9, 0x8BC9, 0x8BC9, 0x8BC9, 0x8BC9, 0x8BC9, 0x8BC9, 0x8BC9,
0x8BC9, 0x8BC9, 0x8BC9, 0x8BC9, 0x8BC9, 0x8BC9, 0x8BC9, 0x8BC9, 0x5245, 0x5245, 0xACAB, 0xACAB, 0xACAB, 0xACAB, 0xACAB, 0xACAB,
0xACAB, 0xACAB, 0xACAB, 0xACAB, 0xACAB, 0xACAB, 0xACAB, 0xACAB, 0xACAB, 0xACAB, 0xACAB, 0xACAB, 0xACAB, 0xACAB, 0xACAB, 0xACAB,
0xACAB, 0xACAB, 0xACAB, 0xACAB, 0xACAB, 0xACAB, 0xACAB, 0xACAB, 0xACAB, 0xACAB, 0xACAB, 0xACAB, 0xACAB, 0xACAB, 0xACAB, 0xACAB,
0x5245, 0x5245, 0x8BC9, 0x8BC9, 0x8BC9, 0x8BC9, 0x8BC9, 0x8BC9, 0x8BC9, 0x8BC9, 0x8BC9, 0x8BC9, 0x8BC9, 0x8BC9, 0x8BC9, 0x8BC9,
0x8BC9, 0x8BC9, 0x8BC9, 0x8BC9, 0x8BC9, 0x8BC9, 0x8BC9, 0x8BC9, 0x8BC9, 0x8BC9, 0x8BC9, 0x8BC9, 0x8BC9, 0x8BC9, 0x8BC9, 0x8BC9,
0x8BC9, 0x8BC9, 0x8BC9, 0x8BC9, 0x8BC9, 0x8BC9, 0x8BC9, 0x8BC9, 0x5245, 0x5245, 0xACAB, 0xACAB, 0xACAB, 0xACAB, 0xACAB, 0xACAB,
0xACAB, 0xACAB, 0xACAB, 0xACAB, 0xACAB, 0xACAB, 0xACAB, 0xACAB, 0xACAB, 0xACAB, 0xACAB, 0xACAB, 0xACAB, 0xACAB, 0xACAB, 0xACAB,
0xACAB, 0xACAB, 0xACAB, 0xACAB, 0xACAB, 0xACAB, 0xACAB, 0xACAB, 0xACAB, 0xACAB, 0xACAB, 0xACAB, 0xACAB, 0xACAB, 0xACAB, 0xACAB,
0x5245, 0x5245, 0x8BC9, 0x8BC9, 0x8BC9, 0x8BC9, 0x8BC9, 0x8BC9, 0x8BC9, 0x8BC9, 0x8BC9, 0x8BC9, 0x8BC9, 0x8BC9, 0x8BC9, 0x8BC9,
0x8BC9, 0x8BC9, 0x8BC9, 0x8BC9, 0x8BC9, 0x8BC9, 0x8BC9, 0x8BC9, 0x8BC9, 0x8BC9, 0x8BC9, 0x8BC9, 0x8BC9, 0x8BC9, 0x8BC9, 0x8BC9,
0x8BC9, 0x8BC9, 0x8BC9, 0x8BC9, 0x8BC9, 0x8BC9, 0x8BC9, 0x8BC9, 0x5245, 0x5245, 0xACAB, 0xACAB, 0xACAB, 0xACAB, 0xACAB, 0xACAB,
0xACAB, 0xACAB, 0xACAB, 0xACAB, 0xACAB, 0xACAB, 0xACAB, 0xACAB, 0xACAB, 0xACAB, 0xACAB, 0xACAB, 0xACAB, 0xACAB, 0xACAB, 0xACAB,
0xACAB, 0xACAB, 0xACAB, 0xACAB, 0xACAB, 0xACAB, 0xACAB, 0xACAB, 0xACAB, 0xACAB, 0xACAB, 0xACAB, 0xACAB, 0xACAB, 0xACAB, 0xACAB,
0x5245, 0x5245, 0x8BC9, 0x8BC9, 0x8BC9, 0x8BC9, 0x8BC9, 0x8BC9, 0x8BC9, 0x8BC9, 0x8BC9, 0x8BC9, 0x8BC9, 0x8BC9, 0x8BC9, 0x8BC9,
0x8BC9, 0x8BC9, 0x8BC9, 0x8BC9, 0x8BC9, 0x8BC9, 0x8BC9, 0x8BC9, 0x8BC9, 0x8BC9, 0x8BC9, 0x8BC9, 0x8BC9, 0x8BC9, 0x8BC9, 0x8BC9,
0x8BC9, 0x8BC9, 0x8BC9, 0x8BC9, 0x8BC9, 0x8BC9, 0x8BC9, 0x8BC9, 0x5245, 0x5245, 0xACAB, 0xACAB, 0xACAB, 0xACAB, 0xACAB, 0xACAB,
0xACAB, 0xACAB, 0xACAB, 0xACAB, 0xACAB, 0xACAB, 0xACAB, 0xACAB, 0xACAB, 0xACAB, 0xACAB, 0xACAB, 0xACAB, 0xACAB, 0xACAB, 0xACAB,
0xACAB, 0xACAB, 0xACAB, 0xACAB, 0xACAB, 0xACAB, 0xACAB, 0xACAB, 0xACAB, 0xACAB, 0xACAB, 0xACAB, 0xACAB, 0xACAB, 0xACAB, 0xACAB,
0x5245, 0x5245, 0x8BC9, 0x8BC9, 0x8BC9, 0x8BC9, 0x8BC9, 0x8BC9, 0x8BC9, 0x8BC9, 0x8BC9, 0x8BC9, 0x8BC9, 0x8BC9, 0x8BC9, 0x8BC9,
0x8BC9, 0x8BC9, 0x8BC9, 0x8BC9, 0x8BC9, 0x8BC9, 0x8BC9, 0x8BC9, 0x8BC9, 0x8BC9, 0x8BC9, 0x8BC9, 0x8BC9, 0x8BC9, 0x8BC9, 0x8BC9,
0x8BC9, 0x8BC9, 0x8BC9, 0x8BC9, 0x8BC9, 0x8BC9, 0x8BC9, 0x8BC9, 0x5245, 0x5245, 0xACAB, 0xACAB, 0xACAB, 0xACAB, 0xACAB, 0xACAB,
0xACAB, 0xACAB, 0xACAB, 0xACAB, 0xACAB, 0xACAB, 0xACAB, 0xACAB, 0xACAB, 0xACAB, 0xACAB, 0xACAB, 0xACAB, 0xACAB, 0xACAB, 0xACAB,
0xACAB, 0xACAB, 0xACAB, 0xACAB, 0xACAB, 0xACAB, 0xACAB, 0xACAB, 0xACAB, 0xACAB, 0xACAB, 0xACAB, 0xACAB, 0xACAB, 0xACAB, 0xACAB,
0x5245, 0x5245, 0x8BC9, 0x8BC9, 0x8BC9, 0x8BC9, 0x8BC9, 0x8BC9, 0x8BC9, 0x8BC9, 0x8BC9, 0x8BC9, 0x8BC9, 0x8BC9, 0x8BC9, 0x8BC9,
0x8BC9, 0x8BC9, 0x8BC9, 0x8BC9, 0x8BC9, 0x8BC9, 0x8BC9, 0x8BC9, 0x8BC9, 0x8BC9, 0x8BC9, 0x8BC9, 0x8BC9, 0x8BC9, 0x8BC9, 0x8BC9,
0x8BC9, 0x8BC9, 0x8BC9, 0x8BC9, 0x8BC9, 0x8BC9, 0x8BC9, 0x8BC9, 0x5245, 0x5245, 0xACAB, 0xACAB, 0xACAB, 0xACAB, 0xACAB, 0xACAB,
0xACAB, 0xACAB, 0xACAB, 0xACAB, 0xACAB, 0xACAB, 0xACAB, 0xACAB, 0xACAB, 0xACAB, 0xACAB, 0xACAB, 0xACAB, 0xACAB, 0xACAB, 0xACAB,
0xACAB, 0xACAB, 0xACAB, 0xACAB, 0xACAB, 0xACAB, 0xACAB, 0xACAB, 0xACAB, 0xACAB, 0xACAB, 0xACAB, 0xACAB, 0xACAB, 0xACAB, 0xACAB,
0x5245, 0x5245, 0x8BC9, 0x8BC9, 0x8BC9, 0x8BC9, 0x8BC9, 0x8BC9, 0x8BC9, 0x8BC9, 0x8BC9, 0x8BC9, 0x8BC9, 0x8BC9, 0x8BC9, 0x8BC9,
0x8BC9, 0x8BC9, 0x8BC9, 0x8BC9, 0x8BC9, 0x8BC9, 0x8BC9, 0x8BC9, 0x8BC9, 0x8BC9, 0x8BC9, 0x8BC9, 0x8BC9, 0x8BC9, 0x8BC9, 0x8BC9,
0x8BC9, 0x8BC9, 0x8BC9, 0x8BC9, 0x8BC9, 0x8BC9, 0x8BC9, 0x8BC9, 0x5245, 0x5245, 0xACAB, 0xACAB, 0xACAB, 0xACAB, 0xACAB, 0xACAB,
0xACAB, 0xACAB, 0xACAB, 0xACAB, 0xACAB, 0xACAB, 0xACAB, 0xACAB, 0xACAB, 0xACAB, 0xACAB, 0xACAB, 0xACAB, 0xACAB, 0xACAB, 0xACAB,
0xACAB, 0xACAB, 0xACAB, 0xACAB, 0xACAB, 0xACAB, 0xACAB, 0xACAB, 0xACAB, 0xACAB, 0xACAB, 0xACAB, 0xACAB, 0xACAB, 0xACAB, 0xACAB,
0x5245, 0x5245, 0x8BC9, 0x8BC9, 0x8BC9, 0x8BC9, 0x8BC9, 0x8BC9, 0x8BC9, 0x8BC9, 0x8BC9, 0x8BC9, 0x8BC9, 0x8BC9, 0x8BC9, 0x8BC9,
0x8BC9, 0x8BC9, 0x8BC9, 0x8BC9, 0x8BC9, 0x8BC9, 0x8BC9, 0x8BC9, 0x8BC9, 0x8BC9, 0x8BC9, 0x8BC9, 0x8BC9, 0x8BC9, 0x8BC9, 0x8BC9,
0x8BC9, 0x8BC9, 0x8BC9, 0x8BC9, 0x8BC9, 0x8BC9, 0x8BC9, 0x8BC9, 0x5245, 0x5245, 0xACAB, 0xACAB, 0xACAB, 0xACAB, 0xACAB, 0xACAB,
0xACAB, 0xACAB, 0xACAB, 0xACAB, 0xACAB, 0xACAB, 0xACAB, 0xACAB, 0xACAB, 0xACAB, 0xACAB, 0xACAB, 0xACAB, 0xACAB, 0xACAB, 0xACAB,
0xACAB, 0xACAB, 0xACAB, 0xACAB, 0xACAB, 0xACAB, 0xACAB, 0xACAB, 0xACAB, 0xACAB, 0xACAB, 0xACAB, 0xACAB, 0xACAB, 0xACAB, 0xACAB,
0x5245, 0x5245, 0x8BC9, 0x8BC9, 0x8BC9, 0x8BC9, 0x8BC9, 0x8BC9, 0x8BC9, 0x8BC9, 0x8BC9, 0x8BC9, 0x8BC9, 0x8BC9, 0x8BC9, 0x8BC9,
0x8BC9, 0x8BC9, 0x8BC9, 0x8BC9, 0x8BC9, 0x8BC9, 0x8BC9, 0x8BC9, 0x8BC9, 0x8BC9, 0x8BC9, 0x8BC9, 0x8BC9, 0x8BC9, 0x8BC9, 0x8BC9,
0x8BC9, 0x8BC9, 0x8BC9, 0x8BC9, 0x8BC9, 0x8BC9, 0x8BC9, 0x8BC9, 0x5245, 0x5245, 0xACAB, 0xACAB, 0xACAB, 0xACAB, 0xACAB, 0xACAB,
0xACAB, 0xACAB, 0xACAB, 0xACAB, 0xACAB, 0xACAB, 0xACAB, 0xACAB, 0xACAB, 0xACAB, 0xACAB, 0xACAB, 0xACAB, 0xACAB, 0xACAB, 0xACAB,
0xACAB, 0xACAB, 0xACAB, 0xACAB, 0xACAB, 0xACAB, 0xACAB, 0xACAB, 0xACAB, 0xACAB, 0xACAB, 0xACAB, 0xACAB, 0xACAB, 0xACAB, 0xACAB,
0x5245, 0x5245, 0x8BC9, 0x8BC9, 0x8BC9, 0x8BC9, 0x8BC9, 0x8BC9, 0x8BC9, 0x8BC9, 0x8BC9, 0x8BC9, 0x8BC9, 0x8BC9, 0x8BC9, 0x8BC9,
0x8BC9, 0x8BC9, 0x8BC9, 0x8BC9, 0x8BC9, 0x8BC9, 0x8BC9, 0x8BC9, 0x8BC9, 0x8BC9, 0x8BC9, 0x8BC9, 0x8BC9, 0x8BC9, 0x8BC9, 0x8BC9,
0x8BC9, 0x8BC9, 0x8BC9, 0x8BC9, 0x8BC9, 0x8BC9, 0x8BC9, 0x8BC9, 0x5245, 0x5245, 0xACAB, 0xACAB, 0xACAB, 0xACAB, 0xACAB, 0xACAB,
0xACAB, 0xACAB, 0xACAB, 0xACAB, 0xACAB, 0xACAB, 0xACAB, 0xACAB, 0xACAB, 0xACAB, 0xACAB, 0xACAB, 0xACAB, 0xACAB, 0xACAB, 0xACAB,
0xACAB, 0xACAB, 0xACAB, 0xACAB, 0xACAB, 0xACAB, 0xACAB, 0xACAB, 0xACAB, 0xACAB, 0xACAB, 0xACAB, 0xACAB, 0xACAB, 0xACAB, 0xACAB,
0x5245, 0x5245, 0x8BC9, 0x8BC9, 0x8BC9, 0x8BC9, 0x8BC9, 0x8BC9, 0x8BC9, 0x8BC9, 0x8BC9, 0x8BC9, 0x8BC9, 0x8BC9, 0x8BC9, 0x8BC9,
0x8BC9, 0x8BC9, 0x8BC9, 0x8BC9, 0x8BC9, 0x8BC9, 0x8BC9, 0x8BC9, 0x8BC9, 0x8BC9, 0x8BC9, 0x8BC9, 0x8BC9, 0x8BC9, 0x8BC9, 0x8BC9,
0x8BC9, 0x8BC9, 0x8BC9, 0x8BC9, 0x8BC9, 0x8BC9, 0x8BC9, 0x8BC9, 0x5245, 0x5245, 0xACAB, 0xACAB, 0xACAB, 0xACAB, 0xACAB, 0xACAB,
0xACAB, 0xACAB, 0xACAB, 0xACAB, 0xACAB, 0xACAB, 0xACAB, 0xACAB, 0xACAB, 0xACAB, 0xACAB, 0xACAB, 0xACAB, 0xACAB, 0xACAB, 0xACAB,
0xACAB, 0xACAB, 0xACAB, 0xACAB, 0xACAB, 0xACAB, 0xACAB, 0xACAB, 0xACAB, 0xACAB, 0xACAB, 0xACAB, 0xACAB, 0xACAB, 0xACAB, 0xACAB,
0x5245, 0x5245, 0x8BC9, 0x8BC9, 0x8BC9, 0x8BC9, 0x8BC9, 0x8BC9, 0x8BC9, 0x8BC9, 0x8BC9, 0x8BC9, 0x8BC9, 0x8BC9, 0x8BC9, 0x8BC9,
0x8BC9, 0x8BC9, 0x8BC9, 0x8BC9, 0x8BC9, 0x8BC9, 0x8BC9, 0x8BC9, 0x8BC9, 0x8BC9, 0x8BC9, 0x8BC9, 0x8BC9, 0x8BC9, 0x8BC9, 0x8BC9,
0x8BC9, 0x8BC9, 0x8BC9, 0x8BC9, 0x8BC9, 0x8BC9, 0x8BC9, 0x8BC9, 0x5245, 0x5245, 0xACAB, 0xACAB, 0xACAB, 0xACAB, 0xACAB, 0xACAB,
0xACAB, 0xACAB, 0xACAB, 0xACAB, 0xACAB, 0xACAB, 0xACAB, 0xACAB, 0xACAB, 0xACAB, 0xACAB, 0xACAB, 0xACAB, 0xACAB, 0xACAB, 0xACAB,
0xACAB, 0xACAB, 0xACAB, 0xACAB, 0xACAB, 0xACAB, 0xACAB, 0xACAB, 0xACAB, 0xACAB, 0xACAB, 0xACAB, 0xACAB, 0xACAB, 0xACAB, 0xACAB,
0x5245, 0x5245, 0x8BC9, 0x8BC9, 0x8BC9, 0x8BC9, 0x8BC9, 0x8BC9, 0x8BC9, 0x8BC9, 0x8BC9, 0x8BC9, 0x8BC9, 0x8BC9, 0x8BC9, 0x8BC9,
0x8BC9, 0x8BC9, 0x8BC9, 0x8BC9, 0x8BC9, 0x8BC9, 0x8BC9, 0x8BC9, 0x8BC9, 0x8BC9, 0x8BC9, 0x8BC9, 0x8BC9, 0x8BC9, 0x8BC9, 0x8BC9,
0x8BC9, 0x8BC9, 0x8BC9, 0x8BC9, 0x8BC9, 0x8BC9, 0x8BC9, 0x8BC9, 0x5245, 0x5245, 0xACAB, 0xACAB, 0xACAB, 0xACAB, 0xACAB, 0xACAB,
0xACAB, 0xACAB, 0xACAB, 0xACAB, 0xACAB, 0xACAB, 0xACAB, 0xACAB, 0xACAB, 0xACAB, 0xACAB, 0xACAB, 0xACAB, 0xACAB, 0xACAB, 0xACAB,
0xACAB, 0xACAB, 0xACAB, 0xACAB, 0xACAB, 0xACAB, 0xACAB, 0xACAB, 0xACAB, 0xACAB, 0xACAB, 0xACAB, 0xACAB, 0xACAB, 0xACAB, 0xACAB,
0x5245, 0x5245, 0x8BC9, 0x8BC9, 0x8BC9, 0x8BC9, 0x8BC9, 0x8BC9, 0x8BC9, 0x8BC9, 0x8BC9, 0x8BC9, 0x8BC9, 0x8BC9, 0x8BC9, 0x8BC9,
0x8BC9, 0x8BC9, 0x8BC9, 0x8BC9, 0x8BC9, 0x8BC9, 0x8BC9, 0x8BC9, 0x8BC9, 0x8BC9, 0x8BC9, 0x8BC9, 0x8BC9, 0x8BC9, 0x8BC9, 0x8BC9,
0x8BC9, 0x8BC9, 0x8BC9, 0x8BC9, 0x8BC9, 0x8BC9, 0x8BC9, 0x8BC9, 0x5245, 0x5245, 0xACAB, 0xACAB, 0xACAB, 0xACAB, 0xACAB, 0xACAB,
0xACAB, 0xACAB, 0xACAB, 0xACAB, 0xACAB, 0xACAB, 0xACAB, 0xACAB, 0xACAB, 0xACAB, 0xACAB, 0xACAB, 0xACAB, 0xACAB, 0xACAB, 0xACAB,
0xACAB, 0xACAB, 0xACAB, 0xACAB, 0xACAB, 0xACAB, 0xACAB, 0xACAB, 0xACAB, 0xACAB, 0xACAB, 0xACAB, 0xACAB, 0xACAB, 0xACAB, 0xACAB,
0x5245, 0x5245, 0x8BC9, 0x8BC9, 0x8BC9, 0x8BC9, 0x8BC9, 0x8BC9, 0x8BC9, 0x8BC9, 0x8BC9, 0x8BC9, 0x8BC9, 0x8BC9, 0x8BC9, 0x8BC9,
0x8BC9, 0x8BC9, 0x8BC9, 0x8BC9, 0x8BC9, 0x8BC9, 0x8BC9, 0x8BC9, 0x8BC9, 0x8BC9, 0x8BC9, 0x8BC9, 0x8BC9, 0x8BC9, 0x8BC9, 0x8BC9,
0x8BC9, 0x8BC9, 0x8BC9, 0x8BC9, 0x8BC9, 0x8BC9, 0x8BC9, 0x8BC9, 0x5245, 0x5245, 0xACAB, 0xACAB, 0xACAB, 0xACAB, 0xACAB, 0xACAB,
0xACAB, 0xACAB, 0xACAB, 0xACAB, 0xACAB, 0xACAB, 0xACAB, 0xACAB, 0xACAB, 0xACAB, 0xACAB, 0xACAB, 0xACAB, 0xACAB, 0xACAB, 0xACAB,
0xACAB, 0xACAB, 0xACAB, 0xACAB, 0xACAB, 0xACAB, 0xACAB, 0xACAB, 0xACAB, 0xACAB, 0xACAB, 0xACAB, 0xACAB, 0xACAB, 0xACAB, 0xACAB,
0x5245, 0x5245, 0x8BC9, 0x8BC9, 0x8BC9, 0x8BC9, 0x8BC9, 0x8BC9, 0x8BC9, 0x8BC9, 0x8BC9, 0x8BC9, 0x8BC9, 0x8BC9, 0x8BC9, 0x8BC9,
0x8BC9, 0x8BC9, 0x8BC9, 0x8BC9, 0x8BC9, 0x8BC9, 0x8BC9, 0x8BC9, 0x8BC9, 0x8BC9, 0x8BC9, 0x8BC9, 0x8BC9, 0x8BC9, 0x8BC9, 0x8BC9,
0x8BC9, 0x8BC9, 0x8BC9, 0x8BC9, 0x8BC9, 0x8BC9, 0x8BC9, 0x8BC9, 0x5245, 0x5245, 0xACAB, 0xACAB, 0xACAB, 0xACAB, 0xACAB, 0xACAB,
0xACAB, 0xACAB, 0xACAB, 0xACAB, 0xACAB, 0xACAB, 0xACAB, 0xACAB, 0xACAB, 0xACAB, 0xACAB, 0xACAB, 0xACAB, 0xACAB, 0xACAB, 0xACAB,
0xACAB, 0xACAB, 0xACAB, 0xACAB, 0xACAB, 0xACAB, 0xACAB, 0xACAB, 0xACAB, 0xACAB, 0xACAB, 0xACAB, 0xACAB, 0xACAB, 0xACAB, 0xACAB,
0x5245, 0x5245, 0x8BC9, 0x8BC9, 0x8BC9, 0x8BC9, 0x8BC9, 0x8BC9, 0x8BC9, 0x8BC9, 0x8BC9, 0x8BC9, 0x8BC9, 0x8BC9, 0x8BC9, 0x8BC9,
0x8BC9, 0x8BC9, 0x8BC9, 0x8BC9, 0x8BC9, 0x8BC9, 0x8BC9, 0x8BC9, 0x8BC9, 0x8BC9, 0x8BC9, 0x8BC9, 0x8BC9, 0x8BC9, 0x8BC9, 0x8BC9,
0x8BC9, 0x8BC9, 0x8BC9, 0x8BC9, 0x8BC9, 0x8BC9, 0x8BC9, 0x8BC9, 0x5245, 0x5245, 0xACAB, 0xACAB, 0xACAB, 0xACAB, 0xACAB, 0xACAB,
0xACAB, 0xACAB, 0xACAB, 0xACAB, 0xACAB, 0xACAB, 0xACAB, 0xACAB, 0xACAB, 0xACAB, 0xACAB, 0xACAB, 0xACAB, 0xACAB, 0xACAB, 0xACAB,
0xACAB, 0xACAB, 0xACAB, 0xACAB, 0xACAB, 0xACAB, 0xACAB, 0xACAB, 0xACAB, 0xACAB, 0xACAB, 0xACAB, 0xACAB, 0xACAB, 0xACAB, 0xACAB,
0x5245, 0x5245, 0x8BC9, 0x8BC9, 0x8BC9, 0x8BC9, 0x8BC9, 0x8BC9, 0x8BC9, 0x8BC9, 0x8BC9, 0x8BC9, 0x8BC9, 0x8BC9, 0x8BC9, 0x8BC9,
0x8BC9, 0x8BC9, 0x8BC9, 0x8BC9, 0x8BC9, 0x8BC9, 0x8BC9, 0x8BC9, 0x8BC9, 0x8BC9, 0x8BC9, 0x8BC9, 0x8BC9, 0x8BC9, 0x8BC9, 0x8BC9,
0x8BC9, 0x8BC9, 0x8BC9, 0x8BC9, 0x8BC9, 0x8BC9, 0x8BC9, 0x8BC9, 0x5245, 0x5245, 0xACAB, 0xACAB, 0xACAB, 0xACAB, 0xACAB, 0xACAB,
0xACAB, 0xACAB, 0xACAB, 0xACAB, 0xACAB, 0xACAB, 0xACAB, 0xACAB, 0xACAB, 0xACAB, 0xACAB, 0xACAB, 0xACAB, 0xACAB, 0xACAB, 0xACAB,
0xACAB, 0xACAB, 0xACAB, 0xACAB, 0xACAB, 0xACAB, 0xACAB, 0xACAB, 0xACAB, 0xACAB, 0xACAB, 0xACAB, 0xACAB, 0xACAB, 0xACAB, 0xACAB,
0x5245, 0x5245, 0x8BC9, 0x8BC9, 0x8BC9, 0x8BC9, 0x8BC9, 0x8BC9, 0x8BC9, 0x8BC9, 0x8BC9, 0x8BC9, 0x8BC9, 0x8BC9, 0x8BC9, 0x8BC9,
0x8BC9, 0x8BC9, 0x8BC9, 0x8BC9, 0x8BC9, 0x8BC9, 0x8BC9, 0x8BC9, 0x8BC9, 0x8BC9, 0x8BC9, 0x8BC9, 0x8BC9, 0x8BC9, 0x8BC9, 0x8BC9,
0x8BC9, 0x8BC9, 0x8BC9, 0x8BC9, 0x8BC9, 0x8BC9, 0x8BC9, 0x8BC9, 0x5245, 0x5245, 0xACAB, 0xACAB, 0xACAB, 0xACAB, 0xACAB, 0xACAB,
0xACAB, 0xACAB, 0xACAB, 0xACAB, 0xACAB, 0xACAB, 0xACAB, 0xACAB, 0xACAB, 0xACAB, 0xACAB, 0xACAB, 0xACAB, 0xACAB, 0xACAB, 0xACAB,
0xACAB, 0xACAB, 0xACAB, 0xACAB, 0xACAB, 0xACAB, 0xACAB, 0xACAB, 0xACAB, 0xACAB, 0xACAB, 0xACAB, 0xACAB, 0xACAB, 0xACAB, 0xACAB,
0x5245, 0x5245, 0x8BC9, 0x8BC9, 0x8BC9, 0x8BC9, 0x8BC9, 0x8BC9, 0x8BC9, 0x8BC9, 0x8BC9, 0x8BC9, 0x8BC9, 0x8BC9, 0x8BC9, 0x8BC9,
0x8BC9, 0x8BC9, 0x8BC9, 0x8BC9, 0x8BC9, 0x8BC9, 0x8BC9, 0x8BC9, 0x8BC9, 0x8BC9, 0x8BC9, 0x8BC9, 0x8BC9, 0x8BC9, 0x8BC9, 0x8BC9,
0x8BC9, 0x8BC9, 0x8BC9, 0x8BC9, 0x8BC9, 0x8BC9, 0x8BC9, 0x8BC9, 0x5245, 0x5245, 0xACAB, 0xACAB, 0xACAB, 0xACAB, 0xACAB, 0xACAB,
0xACAB, 0xACAB, 0xACAB, 0xACAB, 0xACAB, 0xACAB, 0xACAB, 0xACAB, 0xACAB, 0xACAB, 0xACAB, 0xACAB, 0xACAB, 0xACAB, 0xACAB, 0xACAB,
0xACAB, 0xACAB, 0xACAB, 0xACAB, 0xACAB, 0xACAB, 0xACAB, 0xACAB, 0xACAB, 0xACAB, 0xACAB, 0xACAB, 0xACAB, 0xACAB, 0xACAB, 0xACAB,
0x5245, 0x5245, 0x8BC9, 0x8BC9, 0x8BC9, 0x8BC9, 0x8BC9, 0x8BC9, 0x8BC9, 0x8BC9, 0x8BC9, 0x8BC9, 0x8BC9, 0x8BC9, 0x8BC9, 0x8BC9,
0x8BC9, 0x8BC9, 0x8BC9, 0x8BC9, 0x8BC9, 0x8BC9, 0x8BC9, 0x8BC9, 0x8BC9, 0x8BC9, 0x8BC9, 0x8BC9, 0x8BC9, 0x8BC9, 0x8BC9, 0x8BC9,
0x8BC9, 0x8BC9, 0x8BC9, 0x8BC9, 0x8BC9, 0x8BC9, 0x8BC9, 0x8BC9, 0x5245, 0x5245, 0xACAB, 0xACAB, 0xACAB, 0xACAB, 0xACAB, 0xACAB,
0xACAB, 0xACAB, 0xACAB, 0xACAB, 0xACAB, 0xACAB, 0xACAB, 0xACAB, 0xACAB, 0xACAB, 0xACAB, 0xACAB, 0xACAB, 0xACAB, 0xACAB, 0xACAB,
0xACAB, 0xACAB, 0xACAB, 0xACAB, 0xACAB, 0xACAB, 0xACAB, 0xACAB, 0xACAB, 0xACAB, 0xACAB, 0xACAB, 0xACAB, 0xACAB, 0xACAB, 0xACAB,
0x5245, 0x5245, 0x8BC9, 0x8BC9, 0x8BC9, 0x8BC9, 0x8BC9, 0x8BC9, 0x8BC9, 0x8BC9, 0x8BC9, 0x8BC9, 0x8BC9, 0x8BC9, 0x8BC9, 0x8BC9,
0x8BC9, 0x8BC9, 0x8BC9, 0x8BC9, 0x8BC9, 0x8BC9, 0x8BC9, 0x8BC9, 0x8BC9, 0x8BC9, 0x8BC9, 0x8BC9, 0x8BC9, 0x8BC9, 0x8BC9, 0x8BC9,
0x8BC9, 0x8BC9, 0x8BC9, 0x8BC9, 0x8BC9, 0x8BC9, 0x8BC9, 0x8BC9, 0x5245, 0x5245, 0xACAB, 0xACAB, 0xACAB, 0xACAB, 0xACAB, 0xACAB,
0xACAB, 0xACAB, 0xACAB, 0xACAB, 0xACAB, 0xACAB, 0xACAB, 0xACAB, 0xACAB, 0xACAB, 0xACAB, 0xACAB, 0xACAB, 0xACAB, 0xACAB, 0xACAB,
0xACAB, 0xACAB, 0xACAB, 0xACAB, 0xACAB, 0xACAB, 0xACAB, 0xACAB, 0xACAB, 0xACAB, 0xACAB, 0xACAB, 0xACAB, 0xACAB, 0xACAB, 0xACAB,
0x5245, 0x5245, 0x8BC9, 0x8BC9, 0x8BC9, 0x8BC9, 0x8BC9, 0x8BC9, 0x8BC9, 0x8BC9, 0x8BC9, 0x8BC9, 0x8BC9, 0x8BC9, 0x8BC9, 0x8BC9,
0x8BC9, 0x8BC9, 0x8BC9, 0x8BC9, 0x8BC9, 0x8BC9, 0x8BC9, 0x8BC9, 0x8BC9, 0x8BC9, 0x8BC9, 0x8BC9, 0x8BC9, 0x8BC9, 0x8BC9, 0x8BC9,
0x8BC9, 0x8BC9, 0x8BC9, 0x8BC9, 0x8BC9, 0x8BC9, 0x8BC9, 0x8BC9, 0x5245, 0x5245, 0xACAB, 0xACAB, 0xACAB, 0xACAB, 0xACAB, 0xACAB,
0xACAB, 0xACAB, 0xACAB, 0xACAB, 0xACAB, 0xACAB, 0xACAB, 0xACAB, 0xACAB, 0xACAB, 0xACAB, 0xACAB, 0xACAB, 0xACAB, 0xACAB, 0xACAB,
0xACAB, 0xACAB, 0xACAB, 0xACAB, 0xACAB, 0xACAB, 0xACAB, 0xACAB, 0xACAB, 0xACAB, 0xACAB, 0xACAB, 0xACAB, 0xACAB, 0xACAB, 0xACAB,
0x5245, 0x5245, 0x8BC9, 0x8BC9, 0x8BC9, 0x8BC9, 0x8BC9, 0x8BC9, 0x8BC9, 0x8BC9, 0x8BC9, 0x8BC9, 0x8BC9, 0x8BC9, 0x8BC9, 0x8BC9,
0x8BC9, 0x8BC9, 0x8BC9, 0x8BC9, 0x8BC9, 0x8BC9, 0x8BC9, 0x8BC9, 0x8BC9, 0x8BC9, 0x8BC9, 0x8BC9, 0x8BC9, 0x8BC9, 0x8BC9, 0x8BC9,
0x8BC9, 0x8BC9, 0x8BC9, 0x8BC9, 0x8BC9, 0x8BC9, 0x8BC9, 0x8BC9, 0x5245, 0x5245, 0xACAB, 0xACAB, 0xACAB, 0xACAB, 0xACAB, 0xACAB,
0xACAB, 0xACAB, 0xACAB, 0xACAB, 0xACAB, 0xACAB, 0xACAB, 0xACAB, 0xACAB, 0xACAB, 0xACAB, 0xACAB, 0xACAB, 0xACAB, 0xACAB, 0xACAB,
0xACAB, 0xACAB, 0xACAB, 0xACAB, 0xACAB, 0xACAB, 0xACAB, 0xACAB, 0xACAB, 0xACAB, 0xACAB, 0xACAB, 0xACAB, 0xACAB, 0xACAB, 0xACAB,
0x5245, 0x5245, 0x8BC9, 0x8BC9, 0x8BC9, 0x8BC9, 0x8BC9, 0x8BC9, 0x8BC9, 0x8BC9, 0x8BC9, 0x8BC9, 0x8BC9, 0x8BC9, 0x8BC9, 0x8BC9,
0x8BC9, 0x8BC9, 0x8BC9, 0x8BC9, 0x8BC9, 0x8BC9, 0x8BC9, 0x8BC9, 0x8BC9, 0x8BC9, 0x8BC9, 0x8BC9, 0x8BC9, 0x8BC9, 0x8BC9, 0x8BC9,
0x8BC9, 0x8BC9, 0x8BC9, 0x8BC9, 0x8BC9, 0x8BC9, 0x8BC9, 0x8BC9, 0x5245, 0x5245, 0xACAB, 0xACAB, 0xACAB, 0xACAB, 0xACAB, 0xACAB,
0xACAB, 0xACAB, 0xACAB, 0xACAB, 0xACAB, 0xACAB, 0xACAB, 0xACAB, 0xACAB, 0xACAB, 0xACAB, 0xACAB, 0xACAB, 0xACAB, 0xACAB, 0xACAB,
0xACAB, 0xACAB, 0xACAB, 0xACAB, 0xACAB, 0xACAB, 0xACAB, 0xACAB, 0xACAB, 0xACAB, 0xACAB, 0xACAB, 0xACAB, 0xACAB, 0xACAB, 0xACAB,
0x5245, 0x5245, 0x8BC9, 0x8BC9, 0x8BC9, 0x8BC9, 0x8BC9, 0x8BC9, 0x8BC9, 0x8BC9, 0x8BC9, 0x8BC9, 0x8BC9, 0x8BC9, 0x8BC9, 0x8BC9,
0x8BC9, 0x8BC9, 0x8BC9, 0x8BC9, 0x8BC9, 0x8BC9, 0x8BC9, 0x8BC9, 0x8BC9, 0x8BC9, 0x8BC9, 0x8BC9, 0x8BC9, 0x8BC9, 0x8BC9, 0x8BC9,
0x8BC9, 0x8BC9, 0x8BC9, 0x8BC9, 0x8BC9, 0x8BC9, 0x8BC9, 0x8BC9, 0x5245, 0x5245, 0xACAB, 0xACAB, 0xACAB, 0xACAB, 0xACAB, 0xACAB,
0xACAB, 0xACAB, 0xACAB, 0xACAB, 0xACAB, 0xACAB, 0xACAB, 0xACAB, 0xACAB, 0xACAB, 0xACAB, 0xACAB, 0xACAB, 0xACAB, 0xACAB, 0xACAB,
0xACAB, 0xACAB, 0xACAB, 0xACAB, 0xACAB, 0xACAB, 0xACAB, 0xACAB, 0xACAB, 0xACAB, 0xACAB, 0xACAB, 0xACAB, 0xACAB, 0xACAB, 0xACAB,
0x5245, 0x5245, 0x8BC9, 0x8BC9, 0x8BC9, 0x8BC9, 0x8BC9, 0x8BC9, 0x8BC9, 0x8BC9, 0x8BC9, 0x8BC9, 0x8BC9, 0x8BC9, 0x8BC9, 0x8BC9,
0x8BC9, 0x8BC9, 0x8BC9, 0x8BC9, 0x8BC9, 0x8BC9, 0x8BC9, 0x8BC9, 0x8BC9, 0x8BC9, 0x8BC9, 0x8BC9, 0x8BC9, 0x8BC9, 0x8BC9, 0x8BC9,
0x8BC9, 0x8BC9, 0x8BC9, 0x8BC9, 0x8BC9, 0x8BC9, 0x8BC9, 0x8BC9, 0x5245, 0x5245, 0xACAB, 0xACAB, 0xACAB, 0xACAB, 0xACAB, 0xACAB,
0xACAB, 0xACAB, 0xACAB, 0xACAB, 0xACAB, 0xACAB, 0xACAB, 0xACAB, 0xACAB, 0xACAB, 0xACAB, 0xACAB, 0xACAB, 0xACAB, 0xACAB, 0xACAB,
0xACAB, 0xACAB, 0xACAB, 0xACAB, 0xACAB, 0xACAB, 0xACAB, 0xACAB, 0xACAB, 0xACAB, 0xACAB, 0xACAB, 0xACAB, 0xACAB, 0xACAB, 0xACAB,
0x5245, 0x5245, 0x8BC9, 0x8BC9, 0x8BC9, 0x8BC9, 0x8BC9, 0x8BC9, 0x8BC9, 0x8BC9, 0x8BC9, 0x8BC9, 0x8BC9, 0x8BC9, 0x8BC9, 0x8BC9,
0x8BC9, 0x8BC9, 0x8BC9, 0x8BC9, 0x8BC9, 0x8BC9, 0x8BC9, 0x8BC9, 0x8BC9, 0x8BC9, 0x8BC9, 0x8BC9, 0x8BC9, 0x8BC9, 0x8BC9, 0x8BC9,
0x8BC9, 0x8BC9, 0x8BC9, 0x8BC9, 0x8BC9, 0x8BC9, 0x8BC9, 0x8BC9, 0x5245, 0x5245, 0xACAB, 0xACAB, 0xACAB, 0xACAB, 0xACAB, 0xACAB,
0xACAB, 0xACAB, 0xACAB, 0xACAB, 0xACAB, 0xACAB, 0xACAB, 0xACAB, 0xACAB, 0xACAB, 0xACAB, 0xACAB, 0xACAB, 0xACAB, 0xACAB, 0xACAB,
0xACAB, 0xACAB, 0xACAB, 0xACAB, 0xACAB, 0xACAB, 0xACAB, 0xACAB, 0xACAB, 0xACAB, 0xACAB, 0xACAB, 0xACAB, 0xACAB, 0xACAB, 0xACAB,
0x5245, 0x5245, 0x8BC9, 0x8BC9, 0x8BC9, 0x8BC9, 0x8BC9, 0x8BC9, 0x8BC9, 0x8BC9, 0x8BC9, 0x8BC9, 0x8BC9, 0x8BC9, 0x8BC9, 0x8BC9,
0x8BC9, 0x8BC9, 0x8BC9, 0x8BC9, 0x8BC9, 0x8BC9, 0x8BC9, 0x8BC9, 0x8BC9, 0x8BC9, 0x8BC9, 0x8BC9, 0x8BC9, 0x8BC9, 0x8BC9, 0x8BC9,
0x8BC9, 0x8BC9, 0x8BC9, 0x8BC9, 0x8BC9, 0x8BC9, 0x8BC9, 0x8BC9, 0x5245, 0x5245, 0xACAB, 0xACAB, 0xACAB, 0xACAB, 0xACAB, 0xACAB,
0xACAB, 0xACAB, 0xACAB, 0xACAB, 0xACAB, 0xACAB, 0xACAB, 0xACAB, 0xACAB, 0xACAB, 0xACAB, 0xACAB, 0xACAB, 0xACAB, 0xACAB, 0xACAB,
0xACAB, 0xACAB, 0xACAB, 0xACAB, 0xACAB, 0xACAB, 0xACAB, 0xACAB, 0xACAB, 0xACAB, 0xACAB, 0xACAB, 0xACAB, 0xACAB, 0xACAB, 0xACAB,
0x5245, 0x5245, 0x8BC9, 0x8BC9, 0x8BC9, 0x8BC9, 0x8BC9, 0x8BC9, 0x8BC9, 0x8BC9, 0x8BC9, 0x8BC9, 0x8BC9, 0x8BC9, 0x8BC9, 0x8BC9,
0x8BC9, 0x8BC9, 0x8BC9, 0x8BC9, 0x8BC9, 0x8BC9, 0x8BC9, 0x8BC9, 0x8BC9, 0x8BC9, 0x8BC9, 0x8BC9, 0x8BC9, 0x8BC9, 0x8BC9, 0x8BC9,
0x8BC9, 0x8BC9, 0x8BC9, 0x8BC9, 0x8BC9, 0x8BC9, 0x8BC9, 0x8BC9, 0x5245, 0x5245, 0xACAB, 0xACAB, 0xACAB, 0xACAB, 0xACAB, 0xACAB,
0xACAB, 0xACAB, 0xACAB, 0xACAB, 0xACAB, 0xACAB, 0xACAB, 0xACAB, 0xACAB, 0xACAB, 0xACAB, 0xACAB, 0xACAB, 0xACAB, 0xACAB, 0xACAB,
0xACAB, 0xACAB, 0xACAB, 0xACAB, 0xACAB, 0xACAB, 0xACAB, 0xACAB, 0xACAB, 0xACAB, 0xACAB, 0xACAB, 0xACAB, 0xACAB, 0xACAB, 0xACAB,
0x5245, 0x5245, 0x8BC9, 0x8BC9, 0x8BC9, 0x8BC9, 0x8BC9, 0x8BC9, 0x8BC9, 0x8BC9, 0x8BC9, 0x8BC9, 0x8BC9, 0x8BC9, 0x8BC9, 0x8BC9,
0x8BC9, 0x8BC9, 0x8BC9, 0x8BC9, 0x8BC9, 0x8BC9, 0x8BC9, 0x8BC9, 0x8BC9, 0x8BC9, 0x8BC9, 0x8BC9, 0x8BC9, 0x8BC9, 0x8BC9, 0x8BC9,
0x8BC9, 0x8BC9, 0x8BC9, 0x8BC9, 0x8BC9, 0x8BC9, 0x8BC9, 0x8BC9, 0x5245, 0x5245, 0xACAB, 0xACAB, 0xACAB, 0xACAB, 0xACAB, 0xACAB,
0xACAB, 0xACAB, 0xACAB, 0xACAB, 0xACAB, 0xACAB, 0xACAB, 0xACAB, 0xACAB, 0xACAB, 0xACAB, 0xACAB, 0xACAB, 0xACAB, 0xACAB, 0xACAB,
0xACAB, 0xACAB, 0xACAB, 0xACAB, 0xACAB, 0xACAB, 0xACAB, 0xACAB, 0xACAB, 0xACAB, 0xACAB, 0xACAB, 0xACAB, 0xACAB, 0xACAB, 0xACAB,
0x5245, 0x5245, 0x8BC9, 0x8BC9, 0x8BC9, 0x8BC9, 0x8BC9, 0x8BC9, 0x8BC9, 0x8BC9, 0x8BC9, 0x8BC9, 0x8BC9, 0x8BC9, 0x8BC9, 0x8BC9,
0x8BC9, 0x8BC9, 0x8BC9, 0x8BC9, 0x8BC9, 0x8BC9, 0x8BC9, 0x8BC9, 0x8BC9, 0x8BC9, 0x8BC9, 0x8BC9, 0x8BC9, 0x8BC9, 0x8BC9, 0x8BC9,
0x8BC9, 0x8BC9, 0x8BC9, 0x8BC9, 0x8BC9, 0x8BC9, 0x8BC9, 0x8BC9, 0x5245, 0x5245, 0xACAB, 0xACAB, 0xACAB, 0xACAB, 0xACAB, 0xACAB,
0xACAB, 0xACAB, 0xACAB, 0xACAB, 0xACAB, 0xACAB, 0xACAB, 0xACAB, 0xACAB, 0xACAB, 0xACAB, 0xACAB, 0xACAB, 0xACAB, 0xACAB, 0xACAB,
0xACAB, 0xACAB, 0xACAB, 0xACAB, 0xACAB, 0xACAB, 0xACAB, 0xACAB, 0xACAB, 0xACAB, 0xACAB, 0xACAB, 0xACAB, 0xACAB, 0xACAB, 0xACAB,
0x5245, 0x5245, 0x8BC9, 0x8BC9, 0x8BC9, 0x8BC9, 0x8BC9, 0x8BC9, 0x8BC9, 0x8BC9, 0x8BC9, 0x8BC9, 0x8BC9, 0x8BC9, 0x8BC9, 0x8BC9,
0x8BC9, 0x8BC9, 0x8BC9, 0x8BC9, 0x8BC9, 0x8BC9, 0x8BC9, 0x8BC9, 0x8BC9, 0x8BC9, 0x8BC9, 0x8BC9, 0x8BC9, 0x8BC9, 0x8BC9, 0x8BC9,
0x8BC9, 0x8BC9, 0x8BC9, 0x8BC9, 0x8BC9, 0x8BC9, 0x8BC9, 0x8BC9, 0x5245, 0x5245, 0xACAB, 0xACAB, 0xACAB, 0xACAB, 0xACAB, 0xACAB,
0xACAB, 0xACAB, 0xACAB, 0xACAB, 0xACAB, 0xACAB, 0xACAB, 0xACAB, 0xACAB, 0xACAB, 0xACAB, 0xACAB, 0xACAB, 0xACAB, 0xACAB, 0xACAB,
0xACAB, 0xACAB, 0xACAB, 0xACAB, 0xACAB, 0xACAB, 0xACAB, 0xACAB, 0xACAB, 0xACAB, 0xACAB, 0xACAB, 0xACAB, 0xACAB, 0xACAB, 0xACAB,
0x5245, 0x5245, 0x8BC9, 0x8BC9, 0x8BC9, 0x8BC9, 0x8BC9, 0x8BC9, 0x8BC9, 0x8BC9, 0x8BC9, 0x8BC9, 0x8BC9, 0x8BC9, 0x8BC9, 0x8BC9,
0x8BC9, 0x8BC9, 0x8BC9, 0x8BC9, 0x8BC9, 0x8BC9, 0x8BC9, 0x8BC9, 0x8BC9, 0x8BC9, 0x8BC9, 0x8BC9, 0x8BC9, 0x8BC9, 0x8BC9, 0x8BC9,
0x8BC9, 0x8BC9, 0x8BC9, 0x8BC9, 0x8BC9, 0x8BC9, 0x8BC9, 0x8BC9, 0x5245, 0x5245, 0xACAB, 0xACAB, 0xACAB, 0xACAB, 0xACAB, 0xACAB,
0xACAB, 0xACAB, 0xACAB, 0xACAB, 0xACAB, 0xACAB, 0xACAB, 0xACAB, 0xACAB, 0xACAB, 0xACAB, 0xACAB, 0xACAB, 0xACAB, 0xACAB, 0xACAB,
0xACAB, 0xACAB, 0xACAB, 0xACAB, 0xACAB, 0xACAB, 0xACAB, 0xACAB, 0xACAB, 0xACAB, 0xACAB, 0xACAB, 0xACAB, 0xACAB, 0xACAB, 0xACAB,
0x5245, 0x5245, 0x8BC9, 0x8BC9, 0x8BC9, 0x8BC9, 0x8BC9, 0x8BC9, 0x8BC9, 0x8BC9, 0x8BC9, 0x8BC9, 0x8BC9, 0x8BC9, 0x8BC9, 0x8BC9,
0x8BC9, 0x8BC9, 0x8BC9, 0x8BC9, 0x8BC9, 0x8BC9, 0x8BC9, 0x8BC9, 0x8BC9, 0x8BC9, 0x8BC9, 0x8BC9, 0x8BC9, 0x8BC9, 0x8BC9, 0x8BC9,
0x8BC9, 0x8BC9, 0x8BC9, 0x8BC9, 0x8BC9, 0x8BC9, 0x8BC9, 0x8BC9, 0x5245, 0x5245, 0xACAB, 0xACAB, 0xACAB, 0xACAB, 0xACAB, 0xACAB,
0xACAB, 0xACAB, 0xACAB, 0xACAB, 0xACAB, 0xACAB, 0xACAB, 0xACAB, 0xACAB, 0xACAB, 0xACAB, 0xACAB, 0xACAB, 0xACAB, 0xACAB, 0xACAB,
0xACAB, 0xACAB, 0xACAB, 0xACAB, 0xACAB, 0xACAB, 0xACAB, 0xACAB, 0xACAB, 0xACAB, 0xACAB, 0xACAB, 0xACAB, 0xACAB, 0xACAB, 0xACAB,
0x5245, 0x5245, 0x8BC9, 0x8BC9, 0x8BC9, 0x8BC9, 0x8BC9, 0x8BC9, 0x8BC9, 0x8BC9, 0x8BC9, 0x8BC9, 0x8BC9, 0x8BC9, 0x8BC9, 0x8BC9,
0x8BC9, 0x8BC9, 0x8BC9, 0x8BC9, 0x8BC9, 0x8BC9, 0x8BC9, 0x8BC9, 0x8BC9, 0x8BC9, 0x8BC9, 0x8BC9, 0x8BC9, 0x8BC9, 0x8BC9, 0x8BC9,
0x8BC9, 0x8BC9, 0x8BC9, 0x8BC9, 0x8BC9, 0x8BC9, 0x8BC9, 0x8BC9, 0x5245, 0x5245, 0xACAB, 0xACAB, 0xACAB, 0xACAB, 0xACAB, 0xACAB,
0xACAB, 0xACAB, 0xACAB, 0xACAB, 0xACAB, 0xACAB, 0xACAB, 0xACAB, 0xACAB, 0xACAB, 0xACAB, 0xACAB, 0xACAB, 0xACAB, 0xACAB, 0xACAB,
0xACAB, 0xACAB, 0xACAB, 0xACAB, 0xACAB, 0xACAB, 0xACAB, 0xACAB, 0xACAB, 0xACAB, 0xACAB, 0xACAB, 0xACAB, 0xACAB, 0xACAB, 0xACAB,
0x5245, 0x5245, 0x8BC9, 0x8BC9, 0x8BC9, 0x8BC9, 0x8BC9, 0x8BC9, 0x8BC9, 0x8BC9, 0x8BC9, 0x8BC9, 0x8BC9, 0x8BC9, 0x8BC9, 0x8BC9,
0x8BC9, 0x8BC9, 0x8BC9, 0x8BC9, 0x8BC9, 0x8BC9, 0x8BC9, 0x8BC9, 0x8BC9, 0x8BC9, 0x8BC9, 0x8BC9, 0x8BC9, 0x8BC9, 0x8BC9, 0x8BC9,
0x8BC9, 0x8BC9, 0x8BC9, 0x8BC9, 0x8BC9, 0x8BC9, 0x8BC9, 0x8BC9, 0x5245, 0x5245, 0xACAB, 0xACAB, 0xACAB, 0xACAB, 0xACAB, 0xACAB,
0xACAB, 0xACAB, 0xACAB, 0xACAB, 0xACAB, 0xACAB, 0xACAB, 0xACAB, 0xACAB, 0xACAB, 0xACAB, 0xACAB, 0xACAB, 0xACAB, 0xACAB, 0xACAB,
0xACAB, 0xACAB, 0xACAB, 0xACAB, 0xACAB, 0xACAB, 0xACAB, 0xACAB, 0xACAB, 0xACAB, 0xACAB, 0xACAB, 0xACAB, 0xACAB, 0xACAB, 0xACAB,
0x5245, 0x5245, 0x8BC9, 0x8BC9, 0x8BC9, 0x8BC9, 0x8BC9, 0x8BC9, 0x8BC9, 0x8BC9, 0x8BC9, 0x8BC9, 0x8BC9, 0x8BC9, 0x8BC9, 0x8BC9,
0x8BC9, 0x8BC9, 0x8BC9, 0x8BC9, 0x8BC9, 0x8BC9, 0x8BC9, 0x8BC9, 0x8BC9, 0x8BC9, 0x8BC9, 0x8BC9, 0x8BC9, 0x8BC9, 0x8BC9, 0x8BC9,
0x8BC9, 0x8BC9, 0x8BC9, 0x8BC9, 0x8BC9, 0x8BC9, 0x8BC9, 0x8BC9, 0x5245, 0x5245, 0xACAB, 0xACAB, 0xACAB, 0xACAB, 0xACAB, 0xACAB,
0xACAB, 0xACAB, 0xACAB, 0xACAB, 0xACAB, 0xACAB, 0xACAB, 0xACAB, 0xACAB, 0xACAB, 0xACAB, 0xACAB, 0xACAB, 0xACAB, 0xACAB, 0xACAB,
0xACAB, 0xACAB, 0xACAB, 0xACAB, 0xACAB, 0xACAB, 0xACAB, 0xACAB, 0xACAB, 0xACAB, 0xACAB, 0xACAB, 0xACAB, 0xACAB, 0xACAB, 0xACAB,
0x5245, 0x5245, 0x8BC9, 0x8BC9, 0x8BC9, 0x8BC9, 0x8BC9, 0x8BC9, 0x8BC9, 0x8BC9, 0x8BC9, 0x8BC9, 0x8BC9, 0x8BC9, 0x8BC9, 0x8BC9,
0x8BC9, 0x8BC9, 0x8BC9, 0x8BC9, 0x8BC9, 0x8BC9, 0x8BC9, 0x8BC9, 0x8BC9, 0x8BC9, 0x8BC9, 0x8BC9, 0x8BC9, 0x8BC9, 0x8BC9, 0x8BC9,
0x8BC9, 0x8BC9, 0x8BC9, 0x8BC9, 0x8BC9, 0x8BC9, 0x8BC9, 0x8BC9, 0x5245, 0x5245, 0xACAB, 0xACAB, 0xACAB, 0xACAB, 0xACAB, 0xACAB,
0xACAB, 0xACAB, 0xACAB, 0xACAB, 0xACAB, 0xACAB, 0xACAB, 0xACAB, 0xACAB, 0xACAB, 0xACAB, 0xACAB, 0xACAB, 0xACAB, 0xACAB, 0xACAB,
0xACAB, 0xACAB, 0xACAB, 0xACAB, 0xACAB, 0xACAB, 0xACAB, 0xACAB, 0xACAB, 0xACAB, 0xACAB, 0xACAB, 0xACAB, 0xACAB, 0xACAB, 0xACAB,
0x5245, 0x5245, 0x8BC9, 0x8BC9, 0x8BC9, 0x8BC9, 0x8BC9, 0x8BC9, 0x8BC9, 0x8BC9, 0x8BC9, 0x8BC9, 0x8BC9, 0x8BC9, 0x8BC9, 0x8BC9,
0x8BC9, 0x8BC9, 0x8BC9, 0x8BC9, 0x8BC9, 0x8BC9, 0x8BC9, 0x8BC9, 0x8BC9, 0x8BC9, 0x8BC9, 0x8BC9, 0x8BC9, 0x8BC9, 0x8BC9, 0x8BC9,
0x8BC9, 0x8BC9, 0x8BC9, 0x8BC9, 0x8BC9, 0x8BC9, 0x8BC9, 0x8BC9, 0x5245, 0x5245, 0xACAB, 0xACAB, 0xACAB, 0xACAB, 0xACAB, 0xACAB,
0xACAB, 0xACAB, 0xACAB, 0xACAB, 0xACAB, 0xACAB, 0xACAB, 0xACAB, 0xACAB, 0xACAB, 0xACAB, 0xACAB, 0xACAB, 0xACAB, 0xACAB, 0xACAB,
0xACAB, 0xACAB, 0xACAB, 0xACAB, 0xACAB, 0xACAB, 0xACAB, 0xACAB, 0xACAB, 0xACAB, 0xACAB, 0xACAB, 0xACAB, 0xACAB, 0xACAB, 0xACAB,
0x5245, 0x5245, 0x8BC9, 0x8BC9, 0x8BC9, 0x8BC9, 0x8BC9, 0x8BC9, 0x8BC9, 0x8BC9, 0x8BC9, 0x8BC9, 0x8BC9, 0x8BC9, 0x8BC9, 0x8BC9,
0x8BC9, 0x8BC9, 0x8BC9, 0x8BC9, 0x8BC9, 0x8BC9, 0x8BC9, 0x8BC9, 0x8BC9, 0x8BC9, 0x8BC9, 0x8BC9, 0x8BC9, 0x8BC9, 0x8BC9, 0x8BC9,
0x8BC9, 0x8BC9, 0x8BC9, 0x8BC9, 0x8BC9, 0x8BC9, 0x8BC9, 0x8BC9, 0x5245, 0x5245, 0xACAB, 0xACAB, 0xACAB, 0xACAB, 0xACAB, 0xACAB,
0xACAB, 0xACAB, 0xACAB, 0xACAB, 0xACAB, 0xACAB, 0xACAB, 0xACAB, 0xACAB, 0xACAB, 0xACAB, 0xACAB, 0xACAB, 0xACAB, 0xACAB, 0xACAB,
0xACAB, 0xACAB, 0xACAB, 0xACAB, 0xACAB, 0xACAB, 0xACAB, 0xACAB, 0xACAB, 0xACAB, 0xACAB, 0xACAB, 0xACAB, 0xACAB, 0xACAB, 0xACAB,
0x5245, 0x5245, 0x8BC9, 0x8BC9, 0x8BC9, 0x8BC9, 0x8BC9, 0x8BC9, 0x8BC9, 0x8BC9, 0x8BC9, 0x8BC9, 0x8BC9, 0x8BC9, 0x8BC9, 0x8BC9,
0x8BC9, 0x8BC9, 0x8BC9, 0x8BC9, 0x8BC9, 0x8BC9, 0x8BC9, 0x8BC9, 0x8BC9, 0x8BC9, 0x8BC9, 0x8BC9, 0x8BC9, 0x8BC9, 0x8BC9, 0x8BC9,
0x8BC9, 0x8BC9, 0x8BC9, 0x8BC9, 0x8BC9, 0x8BC9, 0x8BC9, 0x8BC9, 0x5245, 0x5245, 0xACAB, 0xACAB, 0xACAB, 0xACAB, 0xACAB, 0xACAB,
0xACAB, 0xACAB, 0xACAB, 0xACAB, 0xACAB, 0xACAB, 0xACAB, 0xACAB, 0xACAB, 0xACAB, 0xACAB, 0xACAB, 0xACAB, 0xACAB, 0xACAB, 0xACAB,
0xACAB, 0xACAB, 0xACAB, 0xACAB, 0xACAB, 0xACAB, 0xACAB, 0xACAB, 0xACAB, 0xACAB, 0xACAB, 0xACAB, 0xACAB, 0xACAB, 0xACAB, 0xACAB,
0x5245, 0x5245, 0x8BC9, 0x8BC9, 0x8BC9, 0x8BC9, 0x8BC9, 0x8BC9, 0x8BC9, 0x8BC9, 0x8BC9, 0x8BC9, 0x8BC9, 0x8BC9, 0x8BC9, 0x8BC9,
0x8BC9, 0x8BC9, 0x8BC9, 0x8BC9, 0x8BC9, 0x8BC9, 0x8BC9, 0x8BC9, 0x8BC9, 0x8BC9, 0x8BC9, 0x8BC9, 0x8BC9, 0x8BC9, 0x8BC9, 0x8BC9,
0x8BC9, 0x8BC9, 0x8BC9, 0x8BC9, 0x8BC9, 0x8BC9, 0x8BC9, 0x8BC9, 0x5245, 0x5245, 0xACAB, 0xACAB, 0xACAB, 0xACAB, 0xACAB, 0xACAB,
0xACAB, 0xACAB, 0xACAB, 0xACAB, 0xACAB, 0xACAB, 0xACAB, 0xACAB, 0xACAB, 0xACAB, 0xACAB, 0xACAB, 0xACAB, 0xACAB, 0xACAB, 0xACAB,
0xACAB, 0xACAB, 0xACAB, 0xACAB, 0xACAB, 0xACAB, 0xACAB, 0xACAB, 0xACAB, 0xACAB, 0xACAB, 0xACAB, 0xACAB, 0xACAB, 0xACAB, 0xACAB,
0x5245, 0x5245, 0x8BC9, 0x8BC9, 0x8BC9, 0x8BC9, 0x8BC9, 0x8BC9, 0x8BC9, 0x8BC9, 0x8BC9, 0x8BC9, 0x8BC9, 0x8BC9, 0x8BC9, 0x8BC9,
0x8BC9, 0x8BC9, 0x8BC9, 0x8BC9, 0x8BC9, 0x8BC9, 0x8BC9, 0x8BC9, 0x8BC9, 0x8BC9, 0x8BC9, 0x8BC9, 0x8BC9, 0x8BC9, 0x8BC9, 0x8BC9,
0x8BC9, 0x8BC9, 0x8BC9, 0x8BC9, 0x8BC9, 0x8BC9, 0x8BC9, 0x8BC9, 0x5245, 0x5245, 0xACAB, 0xACAB, 0xACAB, 0xACAB, 0xACAB, 0xACAB,
0xACAB, 0xACAB, 0xACAB, 0xACAB, 0xACAB, 0xACAB, 0xACAB, 0xACAB, 0xACAB, 0xACAB, 0xACAB, 0xACAB, 0xACAB, 0xACAB, 0xACAB, 0xACAB,
0xACAB, 0xACAB, 0xACAB, 0xACAB, 0xACAB, 0xACAB, 0xACAB, 0xACAB, 0xACAB, 0xACAB, 0xACAB, 0xACAB, 0xACAB, 0xACAB, 0xACAB, 0xACAB,
0x5245, 0x5245, 0x8BC9, 0x8BC9, 0x8BC9, 0x8BC9, 0x8BC9, 0x8BC9, 0x8BC9, 0x8BC9, 0x8BC9, 0x8BC9, 0x8BC9, 0x8BC9, 0x8BC9, 0x8BC9,
0x8BC9, 0x8BC9, 0x8BC9, 0x8BC9, 0x8BC9, 0x8BC9, 0x8BC9, 0x8BC9, 0x8BC9, 0x8BC9, 0x8BC9, 0x8BC9, 0x8BC9, 0x8BC9, 0x8BC9, 0x8BC9,
0x8BC9, 0x8BC9, 0x8BC9, 0x8BC9, 0x8BC9, 0x8BC9, 0x8BC9, 0x8BC9, 0x5245, 0x5245, 0xACAB, 0xACAB, 0xACAB, 0xACAB, 0xACAB, 0xACAB,
0xACAB, 0xACAB, 0xACAB, 0xACAB, 0xACAB, 0xACAB, 0xACAB, 0xACAB, 0xACAB, 0xACAB, 0xACAB, 0xACAB, 0xACAB, 0xACAB, 0xACAB, 0xACAB,
0xACAB, 0xACAB, 0xACAB, 0xACAB, 0xACAB, 0xACAB, 0xACAB, 0xACAB, 0xACAB, 0xACAB, 0xACAB, 0xACAB, 0xACAB, 0xACAB, 0xACAB, 0xACAB,
0x5245, 0x5245, 0x5245, 0x5245, 0x5245, 0x5245, 0x5245, 0x5245, 0x5245, 0x5245, 0x5245, 0x5245, 0x5245, 0x5245, 0x5245, 0x5245,
0x5245, 0x5245, 0x5245, 0x5245, 0x5245, 0x5245, 0x5245, 0x5245, 0x5245, 0x5245, 0x5245, 0x5245, 0x5245, 0x5245, 0x5245, 0x5245,
0x5245, 0x5245, 0x5245, 0x5245, 0x5245, 0x5245, 0x5245, 0x5245, 0x5245, 0x5245, 0x5245, 0x5245, 0x5245, 0x5245, 0x5245, 0x5245,
0x5245, 0x5245, 0x5245, 0x5245, 0x5245, 0x5245, 0x5245, 0x5245, 0x5245, 0x5245, 0x5245, 0x5245, 0x5245, 0x5245, 0x5245, 0x5245,
0x5245, 0x5245, 0x5245, 0x5245, 0x5245, 0x5245, 0x5245, 0x5245, 0x5245, 0x5245, 0x5245, 0x5245, 0x5245, 0x5245, 0x5245, 0x5245,
0x5245, 0x5245, 0x5245, 0x5245, 0x5245, 0x5245, 0x5245, 0x5245, 0x5245, 0x5245, 0x5245, 0x5245, 0x5245, 0x5245, 0x5245, 0x5245,
0x5245, 0x5245, 0x5245, 0x5245, 0x5245, 0x5245, 0x5245, 0x5245, 0x5245, 0x5245, 0x5245, 0x5245, 0x5245, 0x5245, 0x5245, 0x5245,
0x5245, 0x5245, 0x5245, 0x5245, 0x5245, 0x5245, 0x5245, 0x5245, 0x5245, 0x5245, 0x5245, 0x5245, 0x5245, 0x5245, 0x5245, 0x5245,
0x5245, 0x5245, 0x5245, 0x5245, 0x5245, 0x5245, 0x5245, 0x5245, 0x5245, 0x5245, 0x5245, 0x5245, 0x5245, 0x5245, 0x5245, 0x5245,
0x5245, 0x5245, 0x5245, 0x5245, 0x5245, 0x5245, 0x5245, 0x5245, 0x5245, 0x5245, 0x5245, 0x5245, 0x5245, 0x5245, 0x5245, 0x5245,
0x5245, 0x5245, 0x5245, 0x5245, 0x5245, 0x5245, 0x5245, 0x5245, 0x5245, 0x5245, 0x5245, 0x5245, 0x5245, 0x5245, 0x5245, 0x5245,
0x5245, 0x5245, 0x5245, 0x5245, 0x5245, 0x5245, 0x5245, 0x5245, 0x5245, 0x5245, 0x5245, 0x5245, 0x5245, 0x5245, 0x5245, 0x5245,
0x5245, 0x5245, 0x5245, 0x5245, 0x5245, 0x5245, 0x5245, 0x5245, 0x5245, 0x5245, 0x5245, 0x5245, 0x5245, 0x5245, 0x5245, 0x5245,
0x5245, 0x5245, 0x5245, 0x5245, 0x5245, 0x5245, 0x5245, 0x5245, 0x5245, 0x5245, 0x5245, 0x5245, 0x5245, 0x5245, 0x5245, 0x5245,
0x5245, 0x5245, 0x5245, 0x5245, 0x5245, 0x5245, 0x5245, 0x5245, 0x5245, 0x5245, 0x5245, 0x5245, 0x5245, 0x5245, 0x5245, 0x5245,
0x5245, 0x5245, 0x5245, 0x5245, 0x5245, 0x5245, 0x5245, 0x5245, 0x5245, 0x5245, 0x5245, 0x5245, 0x5245, 0x5245, 0x5245, 0x5245,
0x5245, 0x5245, 0x5245, 0x5245, 0x5245, 0x5245, 0x5245, 0x5245, 0x5245, 0x5245, 0x5245, 0x5245, 0x5245, 0x5245, 0x5245, 0x5245,
0x5245, 0x5245, 0x5245, 0x5245, 0x5245, 0x5245, 0x5245, 0x5245, 0x5245, 0x5245, 0x5245, 0x5245, 0x5245, 0x5245, 0x5245, 0x5245,
0x5245, 0x5245, 0x5245, 0x5245, 0x5245, 0x5245, 0x5245, 0x5245, 0x5245, 0x5245, 0x5245, 0x5245, 0x5245, 0x5245, 0x5245, 0x5245,
0x5245, 0x5245, 0x5245, 0x5245, 0x5245, 0x5245, 0x5245, 0x5245, 0x5245, 0x5245, 0x5245, 0x5245, 0x5245, 0x5245, 0x5245, 0x5245,
0x5245, 0x5245, 0x5245, 0x5245, 0x5245, 0x5245, 0x5245, 0x5245, 0x5245, 0x5245, 0x5245, 0x5245, 0x5245, 0x5245, 0x5245, 0x5245,
0x5245, 0x5245, 0x5245, 0x5245, 0x5245, 0x5245, 0x5245, 0x5245, 0x5245, 0x5245, 0x5245, 0x5245, 0x5245, 0x5245, 0x5245, 0x5245,
0x5245, 0x5245, 0x5245, 0x5245, 0x5245, 0x5245, 0x5245, 0x5245, 0x5245, 0x5245, 0x5245, 0x5245, 0x5245, 0x5245, 0x5245, 0x5245,
0x5245, 0x5245, 0x5245, 0x5245, 0x5245, 0x5245, 0x5245, 0x5245, 0x5245, 0x5245, 0x5245, 0x5245, 0x5245, 0x5245, 0x5245, 0x5245,
0x5245, 0x5245, 0x5245, 0x5245, 0x5245, 0x5245, 0x5245, 0x5245, 0x5245, 0x5245, 0x5245, 0x5245, 0x5245, 0x5245, 0x5245, 0x5245,
0x5245, 0x5245, 0x5245, 0x5245, 0x5245, 0x5245, 0x5245, 0x5245, 0x5245, 0x5245, 0x5245, 0x5245, 0x5245, 0x5245, 0x5245, 0x5245,
0x5245, 0x5245, 0x5245, 0x5245, 0x5245, 0x5245, 0x5245, 0x5245, 0x5245, 0x5245, 0x5245, 0x5245, 0x5245, 0x5245, 0x5245, 0x5245,
0x5245, 0x5245, 0x5245, 0x5245, 0x5245, 0x5245, 0x5245, 0x5245, 0x5245, 0x5245, 0x5245, 0x5245, 0x5245, 0x5245, 0x5245, 0x5245,
0x5245, 0x5245, 0x5245, 0x5245, 0x5245, 0x5245, 0x5245, 0x5245, 0x5245, 0x5245, 0x5245, 0x5245, 0x5245, 0x5245, 0x5245, 0x5245,
0x5245, 0x5245, 0x5245, 0x5245, 0x5245, 0x5245, 0x5245, 0x5245, 0x5245, 0x5245, 0x5245, 0x5245, 0x5245, 0x5245, 0x5245, 0x5245,
0x5245, 0x5245, 0xACAB, 0xACAB, 0xACAB, 0xACAB, 0xACAB, 0xACAB, 0xACAB, 0xACAB, 0xACAB, 0xACAB, 0xACAB, 0xACAB, 0xACAB, 0xACAB,
0xACAB, 0xACAB, 0xACAB, 0xACAB, 0xACAB, 0xACAB, 0xACAB, 0xACAB, 0xACAB, 0xACAB, 0xACAB, 0xACAB, 0xACAB, 0xACAB, 0xACAB, 0xACAB,
0xACAB, 0xACAB, 0xACAB, 0xACAB, 0xACAB, 0xACAB, 0xACAB, 0xACAB, 0x5245, 0x5245, 0x8BC9, 0x8BC9, 0x8BC9, 0x8BC9, 0x8BC9, 0x8BC9,
0x8BC9, 0x8BC9, 0x8BC9, 0x8BC9, 0x8BC9, 0x8BC9, 0x8BC9, 0x8BC9, 0x8BC9, 0x8BC9, 0x8BC9, 0x8BC9, 0x8BC9, 0x8BC9, 0x8BC9, 0x8BC9,
0x8BC9, 0x8BC9, 0x8BC9, 0x8BC9, 0x8BC9, 0x8BC9, 0x8BC9, 0x8BC9, 0x8BC9, 0x8BC9, 0x8BC9, 0x8BC9, 0x8BC9, 0x8BC9, 0x8BC9, 0x8BC9,
0x5245, 0x5245, 0xACAB, 0xACAB, 0xACAB, 0xACAB, 0xACAB, 0xACAB, 0xACAB, 0xACAB, 0xACAB, 0xACAB, 0xACAB, 0xACAB, 0xACAB, 0xACAB,
0xACAB, 0xACAB, 0xACAB, 0xACAB, 0xACAB, 0xACAB, 0xACAB, 0xACAB, 0xACAB, 0xACAB, 0xACAB, 0xACAB, 0xACAB, 0xACAB, 0xACAB, 0xACAB,
0xACAB, 0xACAB, 0xACAB, 0xACAB, 0xACAB, 0xACAB, 0xACAB, 0xACAB, 0x5245, 0x5245, 0x8BC9, 0x8BC9, 0x8BC9, 0x8BC9, 0x8BC9, 0x8BC9,
0x8BC9, 0x8BC9, 0x8BC9, 0x8BC9, 0x8BC9, 0x8BC9, 0x8BC9, 0x8BC9, 0x8BC9, 0x8BC9, 0x8BC9, 0x8BC9, 0x8BC9, 0x8BC9, 0x8BC9, 0x8BC9,
0x8BC9, 0x8BC9, 0x8BC9, 0x8BC9, 0x8BC9, 0x8BC9, 0x8BC9, 0x8BC9, 0x8BC9, 0x8BC9, 0x8BC9, 0x8BC9, 0x8BC9, 0x8BC9, 0x8BC9, 0x8BC9,
0x5245, 0x5245, 0xACAB, 0xACAB, 0xACAB, 0xACAB, 0xACAB, 0xACAB, 0xACAB, 0xACAB, 0xACAB, 0xACAB, 0xACAB, 0xACAB, 0xACAB, 0xACAB,
0xACAB, 0xACAB, 0xACAB, 0xACAB, 0xACAB, 0xACAB, 0xACAB, 0xACAB, 0xACAB, 0xACAB, 0xACAB, 0xACAB, 0xACAB, 0xACAB, 0xACAB, 0xACAB,
0xACAB, 0xACAB, 0xACAB, 0xACAB, 0xACAB, 0xACAB, 0xACAB, 0xACAB, 0x5245, 0x5245, 0x8BC9, 0x8BC9, 0x8BC9, 0x8BC9, 0x8BC9, 0x8BC9,
0x8BC9, 0x8BC9, 0x8BC9, 0x8BC9, 0x8BC9, 0x8BC9, 0x8BC9, 0x8BC9, 0x8BC9, 0x8BC9, 0x8BC9, 0x8BC9, 0x8BC9, 0x8BC9, 0x8BC9, 0x8BC9,
0x8BC9, 0x8BC9, 0x8BC9, 0x8BC9, 0x8BC9, 0x8BC9, 0x8BC9, 0x8BC9, 0x8BC9, 0x8BC9, 0x8BC9, 0x8BC9, 0x8BC9, 0x8BC9, 0x8BC9, 0x8BC9,
0x5245, 0x5245, 0xACAB, 0xACAB, 0xACAB, 0xACAB, 0xACAB, 0xACAB, 0xACAB, 0xACAB, 0xACAB, 0xACAB, 0xACAB, 0xACAB, 0xACAB, 0xACAB,
0xACAB, 0xACAB, 0xACAB, 0xACAB, 0xACAB, 0xACAB, 0xACAB, 0xACAB, 0xACAB, 0xACAB, 0xACAB, 0xACAB, 0xACAB, 0xACAB, 0xACAB, 0xACAB,
0xACAB, 0xACAB, 0xACAB, 0xACAB, 0xACAB, 0xACAB, 0xACAB, 0xACAB, 0x5245, 0x5245, 0x8BC9, 0x8BC9, 0x8BC9, 0x8BC9, 0x8BC9, 0x8BC9,
0x8BC9, 0x8BC9, 0x8BC9, 0x8BC9, 0x8BC9, 0x8BC9, 0x8BC9, 0x8BC9, 0x8BC9, 0x8BC9, 0x8BC9, 0x8BC9, 0x8BC9, 0x8BC9, 0x8BC9, 0x8BC9,
0x8BC9, 0x8BC9, 0x8BC9, 0x8BC9, 0x8BC9, 0x8BC9, 0x8BC9, 0x8BC9, 0x8BC9, 0x8BC9, 0x8BC9, 0x8BC9, 0x8BC9, 0x8BC9, 0x8BC9, 0x8BC9,
0x5245, 0x5245, 0xACAB, 0xACAB, 0xACAB, 0xACAB, 0xACAB, 0xACAB, 0xACAB, 0xACAB, 0xACAB, 0xACAB, 0xACAB, 0xACAB, 0xACAB, 0xACAB,
0xACAB, 0xACAB, 0xACAB, 0xACAB, 0xACAB, 0xACAB, 0xACAB, 0xACAB, 0xACAB, 0xACAB, 0xACAB, 0xACAB, 0xACAB, 0xACAB, 0xACAB, 0xACAB,
0xACAB, 0xACAB, 0xACAB, 0xACAB, 0xACAB, 0xACAB, 0xACAB, 0xACAB, 0x5245, 0x5245, 0x8BC9, 0x8BC9, 0x8BC9, 0x8BC9, 0x8BC9, 0x8BC9,
0x8BC9, 0x8BC9, 0x8BC9, 0x8BC9, 0x8BC9, 0x8BC9, 0x8BC9, 0x8BC9, 0x8BC9, 0x8BC9, 0x8BC9, 0x8BC9, 0x8BC9, 0x8BC9, 0x8BC9, 0x8BC9,
0x8BC9, 0x8BC9, 0x8BC9, 0x8BC9, 0x8BC9, 0x8BC9, 0x8BC9, 0x8BC9, 0x8BC9, 0x8BC9, 0x8BC9, 0x8BC9, 0x8BC9, 0x8BC9, 0x8BC9, 0x8BC9,
0x5245, 0x5245, 0xACAB, 0xACAB, 0xACAB, 0xACAB, 0xACAB, 0xACAB, 0xACAB, 0xACAB, 0xACAB, 0xACAB, 0xACAB, 0xACAB, 0xACAB, 0xACAB,
0xACAB, 0xACAB, 0xACAB, 0xACAB, 0xACAB, 0xACAB, 0xACAB, 0xACAB, 0xACAB, 0xACAB, 0xACAB, 0xACAB, 0xACAB, 0xACAB, 0xACAB, 0xACAB,
0xACAB, 0xACAB, 0xACAB, 0xACAB, 0xACAB, 0xACAB, 0xACAB, 0xACAB, 0x5245, 0x5245, 0x8BC9, 0x8BC9, 0x8BC9, 0x8BC9, 0x8BC9, 0x8BC9,
0x8BC9, 0x8BC9, 0x8BC9, 0x8BC9, 0x8BC9, 0x8BC9, 0x8BC9, 0x8BC9, 0x8BC9, 0x8BC9, 0x8BC9, 0x8BC9, 0x8BC9, 0x8BC9, 0x8BC9, 0x8BC9,
0x8BC9, 0x8BC9, 0x8BC9, 0x8BC9, 0x8BC9, 0x8BC9, 0x8BC9, 0x8BC9, 0x8BC9, 0x8BC9, 0x8BC9, 0x8BC9, 0x8BC9, 0x8BC9, 0x8BC9, 0x8BC9,
0x5245, 0x5245, 0xACAB, 0xACAB, 0xACAB, 0xACAB, 0xACAB, 0xACAB, 0xACAB, 0xACAB, 0xACAB, 0xACAB, 0xACAB, 0xACAB, 0xACAB, 0xACAB,
0xACAB, 0xACAB, 0xACAB, 0xACAB, 0xACAB, 0xACAB, 0xACAB, 0xACAB, 0xACAB, 0xACAB, 0xACAB, 0xACAB, 0xACAB, 0xACAB, 0xACAB, 0xACAB,
0xACAB, 0xACAB, 0xACAB, 0xACAB, 0xACAB, 0xACAB, 0xACAB, 0xACAB, 0x5245, 0x5245, 0x8BC9, 0x8BC9, 0x8BC9, 0x8BC9, 0x8BC9, 0x8BC9,
0x8BC9, 0x8BC9, 0x8BC9, 0x8BC9, 0x8BC9, 0x8BC9, 0x8BC9, 0x8BC9, 0x8BC9, 0x8BC9, 0x8BC9, 0x8BC9, 0x8BC9, 0x8BC9, 0x8BC9, 0x8BC9,
0x8BC9, 0x8BC9, 0x8BC9, 0x8BC9, 0x8BC9, 0x8BC9, 0x8BC9, 0x8BC9, 0x8BC9, 0x8BC9, 0x8BC9, 0x8BC9, 0x8BC9, 0x8BC9, 0x8BC9, 0x8BC9,
0x5245, 0x5245, 0xACAB, 0xACAB, 0xACAB, 0xACAB, 0xACAB, 0xACAB, 0xACAB, 0xACAB, 0xACAB, 0xACAB, 0xACAB, 0xACAB, 0xACAB, 0xACAB,
0xACAB, 0xACAB, 0xACAB, 0xACAB, 0xACAB, 0xACAB, 0xACAB, 0xACAB, 0xACAB, 0xACAB, 0xACAB, 0xACAB, 0xACAB, 0xACAB, 0xACAB, 0xACAB,
0xACAB, 0xACAB, 0xACAB, 0xACAB, 0xACAB, 0xACAB, 0xACAB, 0xACAB, 0x5245, 0x5245, 0x8BC9, 0x8BC9, 0x8BC9, 0x8BC9, 0x8BC9, 0x8BC9,
0x8BC9, 0x8BC9, 0x8BC9, 0x8BC9, 0x8BC9, 0x8BC9, 0x8BC9, 0x8BC9, 0x8BC9, 0x8BC9, 0x8BC9, 0x8BC9, 0x8BC9, 0x8BC9, 0x8BC9, 0x8BC9,
0x8BC9, 0x8BC9, 0x8BC9, 0x8BC9, 0x8BC9, 0x8BC9, 0x8BC9, 0x8BC9, 0x8BC9, 0x8BC9, 0x8BC9, 0x8BC9, 0x8BC9, 0x8BC9, 0x8BC9, 0x8BC9,
0x5245, 0x5245, 0xACAB, 0xACAB, 0xACAB, 0xACAB, 0xACAB, 0xACAB, 0xACAB, 0xACAB, 0xACAB, 0xACAB, 0xACAB, 0xACAB, 0xACAB, 0xACAB,
0xACAB, 0xACAB, 0xACAB, 0xACAB, 0xACAB, 0xACAB, 0xACAB, 0xACAB, 0xACAB, 0xACAB, 0xACAB, 0xACAB, 0xACAB, 0xACAB, 0xACAB, 0xACAB,
0xACAB, 0xACAB, 0xACAB, 0xACAB, 0xACAB, 0xACAB, 0xACAB, 0xACAB, 0x5245, 0x5245, 0x8BC9, 0x8BC9, 0x8BC9, 0x8BC9, 0x8BC9, 0x8BC9,
0x8BC9, 0x8BC9, 0x8BC9, 0x8BC9, 0x8BC9, 0x8BC9, 0x8BC9, 0x8BC9, 0x8BC9, 0x8BC9, 0x8BC9, 0x8BC9, 0x8BC9, 0x8BC9, 0x8BC9, 0x8BC9,
0x8BC9, 0x8BC9, 0x8BC9, 0x8BC9, 0x8BC9, 0x8BC9, 0x8BC9, 0x8BC9, 0x8BC9, 0x8BC9, 0x8BC9, 0x8BC9, 0x8BC9, 0x8BC9, 0x8BC9, 0x8BC9,
0x5245, 0x5245, 0xACAB, 0xACAB, 0xACAB, 0xACAB, 0xACAB, 0xACAB, 0xACAB, 0xACAB, 0xACAB, 0xACAB, 0xACAB, 0xACAB, 0xACAB, 0xACAB,
0xACAB, 0xACAB, 0xACAB, 0xACAB, 0xACAB, 0xACAB, 0xACAB, 0xACAB, 0xACAB, 0xACAB, 0xACAB, 0xACAB, 0xACAB, 0xACAB, 0xACAB, 0xACAB,
0xACAB, 0xACAB, 0xACAB, 0xACAB, 0xACAB, 0xACAB, 0xACAB, 0xACAB, 0x5245, 0x5245, 0x8BC9, 0x8BC9, 0x8BC9, 0x8BC9, 0x8BC9, 0x8BC9,
0x8BC9, 0x8BC9, 0x8BC9, 0x8BC9, 0x8BC9, 0x8BC9, 0x8BC9, 0x8BC9, 0x8BC9, 0x8BC9, 0x8BC9, 0x8BC9, 0x8BC9, 0x8BC9, 0x8BC9, 0x8BC9,
0x8BC9, 0x8BC9, 0x8BC9, 0x8BC9, 0x8BC9, 0x8BC9, 0x8BC9, 0x8BC9, 0x8BC9, 0x8BC9, 0x8BC9, 0x8BC9, 0x8BC9, 0x8BC9, 0x8BC9, 0x8BC9,
0x5245, 0x5245, 0xACAB, 0xACAB, 0xACAB, 0xACAB, 0xACAB, 0xACAB, 0xACAB, 0xACAB, 0xACAB, 0xACAB, 0xACAB, 0xACAB, 0xACAB, 0xACAB,
0xACAB, 0xACAB, 0xACAB, 0xACAB, 0xACAB, 0xACAB, 0xACAB, 0xACAB, 0xACAB, 0xACAB, 0xACAB, 0xACAB, 0xACAB, 0xACAB, 0xACAB, 0xACAB,
0xACAB, 0xACAB, 0xACAB, 0xACAB, 0xACAB, 0xACAB, 0xACAB, 0xACAB, 0x5245, 0x5245, 0x8BC9, 0x8BC9, 0x8BC9, 0x8BC9, 0x8BC9, 0x8BC9,
0x8BC9, 0x8BC9, 0x8BC9, 0x8BC9, 0x8BC9, 0x8BC9, 0x8BC9, 0x8BC9, 0x8BC9, 0x8BC9, 0x8BC9, 0x8BC9, 0x8BC9, 0x8BC9, 0x8BC9, 0x8BC9,
0x8BC9, 0x8BC9, 0x8BC9, 0x8BC9, 0x8BC9, 0x8BC9, 0x8BC9, 0x8BC9, 0x8BC9, 0x8BC9, 0x8BC9, 0x8BC9, 0x8BC9, 0x8BC9, 0x8BC9, 0x8BC9,
0x5245, 0x5245, 0xACAB, 0xACAB, 0xACAB, 0xACAB, 0xACAB, 0xACAB, 0xACAB, 0xACAB, 0xACAB, 0xACAB, 0xACAB, 0xACAB, 0xACAB, 0xACAB,
0xACAB, 0xACAB, 0xACAB, 0xACAB, 0xACAB, 0xACAB, 0xACAB, 0xACAB, 0xACAB, 0xACAB, 0xACAB, 0xACAB, 0xACAB, 0xACAB, 0xACAB, 0xACAB,
0xACAB, 0xACAB, 0xACAB, 0xACAB, 0xACAB, 0xACAB, 0xACAB, 0xACAB, 0x5245, 0x5245, 0x8BC9, 0x8BC9, 0x8BC9, 0x8BC9, 0x8BC9, 0x8BC9,
0x8BC9, 0x8BC9, 0x8BC9, 0x8BC9, 0x8BC9, 0x8BC9, 0x8BC9, 0x8BC9, 0x8BC9, 0x8BC9, 0x8BC9, 0x8BC9, 0x8BC9, 0x8BC9, 0x8BC9, 0x8BC9,
0x8BC9, 0x8BC9, 0x8BC9, 0x8BC9, 0x8BC9, 0x8BC9, 0x8BC9, 0x8BC9, 0x8BC9, 0x8BC9, 0x8BC9, 0x8BC9, 0x8BC9, 0x8BC9, 0x8BC9, 0x8BC9,
0x5245, 0x5245, 0xACAB, 0xACAB, 0xACAB, 0xACAB, 0xACAB, 0xACAB, 0xACAB, 0xACAB, 0xACAB, 0xACAB, 0xACAB, 0xACAB, 0xACAB, 0xACAB,
0xACAB, 0xACAB, 0xACAB, 0xACAB, 0xACAB, 0xACAB, 0xACAB, 0xACAB, 0xACAB, 0xACAB, 0xACAB, 0xACAB, 0xACAB, 0xACAB, 0xACAB, 0xACAB,
0xACAB, 0xACAB, 0xACAB, 0xACAB, 0xACAB, 0xACAB, 0xACAB, 0xACAB, 0x5245, 0x5245, 0x8BC9, 0x8BC9, 0x8BC9, 0x8BC9, 0x8BC9, 0x8BC9,
0x8BC9, 0x8BC9, 0x8BC9, 0x8BC9, 0x8BC9, 0x8BC9, 0x8BC9, 0x8BC9, 0x8BC9, 0x8BC9, 0x8BC9, 0x8BC9, 0x8BC9, 0x8BC9, 0x8BC9, 0x8BC9,
0x8BC9, 0x8BC9, 0x8BC9, 0x8BC9, 0x8BC9, 0x8BC9, 0x8BC9, 0x8BC9, 0x8BC9, 0x8BC9, 0x8BC9, 0x8BC9, 0x8BC9, 0x8BC9, 0x8BC9, 0x8BC9,
0x5245, 0x5245, 0xACAB, 0xACAB, 0xACAB, 0xACAB, 0xACAB, 0xACAB, 0xACAB, 0xACAB, 0xACAB, 0xACAB, 0xACAB, 0xACAB, 0xACAB, 0xACAB,
0xACAB, 0xACAB, 0xACAB, 0xACAB, 0xACAB, 0xACAB, 0xACAB, 0xACAB, 0xACAB, 0xACAB, 0xACAB, 0xACAB, 0xACAB, 0xACAB, 0xACAB, 0xACAB,
0xACAB, 0xACAB, 0xACAB, 0xACAB, 0xACAB, 0xACAB, 0xACAB, 0xACAB, 0x5245, 0x5245, 0x8BC9, 0x8BC9, 0x8BC9, 0x8BC9, 0x8BC9, 0x8BC9,
0x8BC9, 0x8BC9, 0x8BC9, 0x8BC9, 0x8BC9, 0x8BC9, 0x8BC9, 0x8BC9, 0x8BC9, 0x8BC9, 0x8BC9, 0x8BC9, 0x8BC9, 0x8BC9, 0x8BC9, 0x8BC9,
0x8BC9, 0x8BC9, 0x8BC9, 0x8BC9, 0x8BC9, 0x8BC9, 0x8BC9, 0x8BC9, 0x8BC9, 0x8BC9, 0x8BC9, 0x8BC9, 0x8BC9, 0x8BC9, 0x8BC9, 0x8BC9,
0x5245, 0x5245, 0xACAB, 0xACAB, 0xACAB, 0xACAB, 0xACAB, 0xACAB, 0xACAB, 0xACAB, 0xACAB, 0xACAB, 0xACAB, 0xACAB, 0xACAB, 0xACAB,
0xACAB, 0xACAB, 0xACAB, 0xACAB, 0xACAB, 0xACAB, 0xACAB, 0xACAB, 0xACAB, 0xACAB, 0xACAB, 0xACAB, 0xACAB, 0xACAB, 0xACAB, 0xACAB,
0xACAB, 0xACAB, 0xACAB, 0xACAB, 0xACAB, 0xACAB, 0xACAB, 0xACAB, 0x5245, 0x5245, 0x8BC9, 0x8BC9, 0x8BC9, 0x8BC9, 0x8BC9, 0x8BC9,
0x8BC9, 0x8BC9, 0x8BC9, 0x8BC9, 0x8BC9, 0x8BC9, 0x8BC9, 0x8BC9, 0x8BC9, 0x8BC9, 0x8BC9, 0x8BC9, 0x8BC9, 0x8BC9, 0x8BC9, 0x8BC9,
0x8BC9, 0x8BC9, 0x8BC9, 0x8BC9, 0x8BC9, 0x8BC9, 0x8BC9, 0x8BC9, 0x8BC9, 0x8BC9, 0x8BC9, 0x8BC9, 0x8BC9, 0x8BC9, 0x8BC9, 0x8BC9,
0x5245, 0x5245, 0xACAB, 0xACAB, 0xACAB, 0xACAB, 0xACAB, 0xACAB, 0xACAB, 0xACAB, 0xACAB, 0xACAB, 0xACAB, 0xACAB, 0xACAB, 0xACAB,
0xACAB, 0xACAB, 0xACAB, 0xACAB, 0xACAB, 0xACAB, 0xACAB, 0xACAB, 0xACAB, 0xACAB, 0xACAB, 0xACAB, 0xACAB, 0xACAB, 0xACAB, 0xACAB,
0xACAB, 0xACAB, 0xACAB, 0xACAB, 0xACAB, 0xACAB, 0xACAB, 0xACAB, 0x5245, 0x5245, 0x8BC9, 0x8BC9, 0x8BC9, 0x8BC9, 0x8BC9, 0x8BC9,
0x8BC9, 0x8BC9, 0x8BC9, 0x8BC9, 0x8BC9, 0x8BC9, 0x8BC9, 0x8BC9, 0x8BC9, 0x8BC9, 0x8BC9, 0x8BC9, 0x8BC9, 0x8BC9, 0x8BC9, 0x8BC9,
0x8BC9, 0x8BC9, 0x8BC9, 0x8BC9, 0x8BC9, 0x8BC9, 0x8BC9, 0x8BC9, 0x8BC9, 0x8BC9, 0x8BC9, 0x8BC9, 0x8BC9, 0x8BC9, 0x8BC9, 0x8BC9,
0x5245, 0x5245, 0xACAB, 0xACAB, 0xACAB, 0xACAB, 0xACAB, 0xACAB, 0xACAB, 0xACAB, 0xACAB, 0xACAB, 0xACAB, 0xACAB, 0xACAB, 0xACAB,
0xACAB, 0xACAB, 0xACAB, 0xACAB, 0xACAB, 0xACAB, 0xACAB, 0xACAB, 0xACAB, 0xACAB, 0xACAB, 0xACAB, 0xACAB, 0xACAB, 0xACAB, 0xACAB,
0xACAB, 0xACAB, 0xACAB, 0xACAB, 0xACAB, 0xACAB, 0xACAB, 0xACAB, 0x5245, 0x5245, 0x8BC9, 0x8BC9, 0x8BC9, 0x8BC9, 0x8BC9, 0x8BC9,
0x8BC9, 0x8BC9, 0x8BC9, 0x8BC9, 0x8BC9, 0x8BC9, 0x8BC9, 0x8BC9, 0x8BC9, 0x8BC9, 0x8BC9, 0x8BC9, 0x8BC9, 0x8BC9, 0x8BC9, 0x8BC9,
0x8BC9, 0x8BC9, 0x8BC9, 0x8BC9, 0x8BC9, 0x8BC9, 0x8BC9, 0x8BC9, 0x8BC9, 0x8BC9, 0x8BC9, 0x8BC9, 0x8BC9, 0x8BC9, 0x8BC9, 0x8BC9,
0x5245, 0x5245, 0xACAB, 0xACAB, 0xACAB, 0xACAB, 0xACAB, 0xACAB, 0xACAB, 0xACAB, 0xACAB, 0xACAB, 0xACAB, 0xACAB, 0xACAB, 0xACAB,
0xACAB, 0xACAB, 0xACAB, 0xACAB, 0xACAB, 0xACAB, 0xACAB, 0xACAB, 0xACAB, 0xACAB, 0xACAB, 0xACAB, 0xACAB, 0xACAB, 0xACAB, 0xACAB,
0xACAB, 0xACAB, 0xACAB, 0xACAB, 0xACAB, 0xACAB, 0xACAB, 0xACAB, 0x5245, 0x5245, 0x8BC9, 0x8BC9, 0x8BC9, 0x8BC9, 0x8BC9, 0x8BC9,
0x8BC9, 0x8BC9, 0x8BC9, 0x8BC9, 0x8BC9, 0x8BC9, 0x8BC9, 0x8BC9, 0x8BC9, 0x8BC9, 0x8BC9, 0x8BC9, 0x8BC9, 0x8BC9, 0x8BC9, 0x8BC9,
0x8BC9, 0x8BC9, 0x8BC9, 0x8BC9, 0x8BC9, 0x8BC9, 0x8BC9, 0x8BC9, 0x8BC9, 0x8BC9, 0x8BC9, 0x8BC9, 0x8BC9, 0x8BC9, 0x8BC9, 0x8BC9,
0x5245, 0x5245, 0xACAB, 0xACAB, 0xACAB, 0xACAB, 0xACAB, 0xACAB, 0xACAB, 0xACAB, 0xACAB, 0xACAB, 0xACAB, 0xACAB, 0xACAB, 0xACAB,
0xACAB, 0xACAB, 0xACAB, 0xACAB, 0xACAB, 0xACAB, 0xACAB, 0xACAB, 0xACAB, 0xACAB, 0xACAB, 0xACAB, 0xACAB, 0xACAB, 0xACAB, 0xACAB,
0xACAB, 0xACAB, 0xACAB, 0xACAB, 0xACAB, 0xACAB, 0xACAB, 0xACAB, 0x5245, 0x5245, 0x8BC9, 0x8BC9, 0x8BC9, 0x8BC9, 0x8BC9, 0x8BC9,
0x8BC9, 0x8BC9, 0x8BC9, 0x8BC9, 0x8BC9, 0x8BC9, 0x8BC9, 0x8BC9, 0x8BC9, 0x8BC9, 0x8BC9, 0x8BC9, 0x8BC9, 0x8BC9, 0x8BC9, 0x8BC9,
0x8BC9, 0x8BC9, 0x8BC9, 0x8BC9, 0x8BC9, 0x8BC9, 0x8BC9, 0x8BC9, 0x8BC9, 0x8BC9, 0x8BC9, 0x8BC9, 0x8BC9, 0x8BC9, 0x8BC9, 0x8BC9,
0x5245, 0x5245, 0xACAB, 0xACAB, 0xACAB, 0xACAB, 0xACAB, 0xACAB, 0xACAB, 0xACAB, 0xACAB, 0xACAB, 0xACAB, 0xACAB, 0xACAB, 0xACAB,
0xACAB, 0xACAB, 0xACAB, 0xACAB, 0xACAB, 0xACAB, 0xACAB, 0xACAB, 0xACAB, 0xACAB, 0xACAB, 0xACAB, 0xACAB, 0xACAB, 0xACAB, 0xACAB,
0xACAB, 0xACAB, 0xACAB, 0xACAB, 0xACAB, 0xACAB, 0xACAB, 0xACAB, 0x5245, 0x5245, 0x8BC9, 0x8BC9, 0x8BC9, 0x8BC9, 0x8BC9, 0x8BC9,
0x8BC9, 0x8BC9, 0x8BC9, 0x8BC9, 0x8BC9, 0x8BC9, 0x8BC9, 0x8BC9, 0x8BC9, 0x8BC9, 0x8BC9, 0x8BC9, 0x8BC9, 0x8BC9, 0x8BC9, 0x8BC9,
0x8BC9, 0x8BC9, 0x8BC9, 0x8BC9, 0x8BC9, 0x8BC9, 0x8BC9, 0x8BC9, 0x8BC9, 0x8BC9, 0x8BC9, 0x8BC9, 0x8BC9, 0x8BC9, 0x8BC9, 0x8BC9,
0x5245, 0x5245, 0xACAB, 0xACAB, 0xACAB, 0xACAB, 0xACAB, 0xACAB, 0xACAB, 0xACAB, 0xACAB, 0xACAB, 0xACAB, 0xACAB, 0xACAB, 0xACAB,
0xACAB, 0xACAB, 0xACAB, 0xACAB, 0xACAB, 0xACAB, 0xACAB, 0xACAB, 0xACAB, 0xACAB, 0xACAB, 0xACAB, 0xACAB, 0xACAB, 0xACAB, 0xACAB,
0xACAB, 0xACAB, 0xACAB, 0xACAB, 0xACAB, 0xACAB, 0xACAB, 0xACAB, 0x5245, 0x5245, 0x8BC9, 0x8BC9, 0x8BC9, 0x8BC9, 0x8BC9, 0x8BC9,
0x8BC9, 0x8BC9, 0x8BC9, 0x8BC9, 0x8BC9, 0x8BC9, 0x8BC9, 0x8BC9, 0x8BC9, 0x8BC9, 0x8BC9, 0x8BC9, 0x8BC9, 0x8BC9, 0x8BC9, 0x8BC9,
0x8BC9, 0x8BC9, 0x8BC9, 0x8BC9, 0x8BC9, 0x8BC9, 0x8BC9, 0x8BC9, 0x8BC9, 0x8BC9, 0x8BC9, 0x8BC9, 0x8BC9, 0x8BC9, 0x8BC9, 0x8BC9,
0x5245, 0x5245, 0xACAB, 0xACAB, 0xACAB, 0xACAB, 0xACAB, 0xACAB, 0xACAB, 0xACAB, 0xACAB, 0xACAB, 0xACAB, 0xACAB, 0xACAB, 0xACAB,
0xACAB, 0xACAB, 0xACAB, 0xACAB, 0xACAB, 0xACAB, 0xACAB, 0xACAB, 0xACAB, 0xACAB, 0xACAB, 0xACAB, 0xACAB, 0xACAB, 0xACAB, 0xACAB,
0xACAB, 0xACAB, 0xACAB, 0xACAB, 0xACAB, 0xACAB, 0xACAB, 0xACAB, 0x5245, 0x5245, 0x8BC9, 0x8BC9, 0x8BC9, 0x8BC9, 0x8BC9, 0x8BC9,
0x8BC9, 0x8BC9, 0x8BC9, 0x8BC9, 0x8BC9, 0x8BC9, 0x8BC9, 0x8BC9, 0x8BC9, 0x8BC9, 0x8BC9, 0x8BC9, 0x8BC9, 0x8BC9, 0x8BC9, 0x8BC9,
0x8BC9, 0x8BC9, 0x8BC9, 0x8BC9, 0x8BC9, 0x8BC9, 0x8BC9, 0x8BC9, 0x8BC9, 0x8BC9, 0x8BC9, 0x8BC9, 0x8BC9, 0x8BC9, 0x8BC9, 0x8BC9,
0x5245, 0x5245, 0xACAB, 0xACAB, 0xACAB, 0xACAB, 0xACAB, 0xACAB, 0xACAB, 0xACAB, 0xACAB, 0xACAB, 0xACAB, 0xACAB, 0xACAB, 0xACAB,
0xACAB, 0xACAB, 0xACAB, 0xACAB, 0xACAB, 0xACAB, 0xACAB, 0xACAB, 0xACAB, 0xACAB, 0xACAB, 0xACAB, 0xACAB, 0xACAB, 0xACAB, 0xACAB,
0xACAB, 0xACAB, 0xACAB, 0xACAB, 0xACAB, 0xACAB, 0xACAB, 0xACAB, 0x5245, 0x5245, 0x8BC9, 0x8BC9, 0x8BC9, 0x8BC9, 0x8BC9, 0x8BC9,
0x8BC9, 0x8BC9, 0x8BC9, 0x8BC9, 0x8BC9, 0x8BC9, 0x8BC9, 0x8BC9, 0x8BC9, 0x8BC9, 0x8BC9, 0x8BC9, 0x8BC9, 0x8BC9, 0x8BC9, 0x8BC9,
0x8BC9, 0x8BC9, 0x8BC9, 0x8BC9, 0x8BC9, 0x8BC9, 0x8BC9, 0x8BC9, 0x8BC9, 0x8BC9, 0x8BC9, 0x8BC9, 0x8BC9, 0x8BC9, 0x8BC9, 0x8BC9,
0x5245, 0x5245, 0xACAB, 0xACAB, 0xACAB, 0xACAB, 0xACAB, 0xACAB, 0xACAB, 0xACAB, 0xACAB, 0xACAB, 0xACAB, 0xACAB, 0xACAB, 0xACAB,
0xACAB, 0xACAB, 0xACAB, 0xACAB, 0xACAB, 0xACAB, 0xACAB, 0xACAB, 0xACAB, 0xACAB, 0xACAB, 0xACAB, 0xACAB, 0xACAB, 0xACAB, 0xACAB,
0xACAB, 0xACAB, 0xACAB, 0xACAB, 0xACAB, 0xACAB, 0xACAB, 0xACAB, 0x5245, 0x5245, 0x8BC9, 0x8BC9, 0x8BC9, 0x8BC9, 0x8BC9, 0x8BC9,
0x8BC9, 0x8BC9, 0x8BC9, 0x8BC9, 0x8BC9, 0x8BC9, 0x8BC9, 0x8BC9, 0x8BC9, 0x8BC9, 0x8BC9, 0x8BC9, 0x8BC9, 0x8BC9, 0x8BC9, 0x8BC9,
0x8BC9, 0x8BC9, 0x8BC9, 0x8BC9, 0x8BC9, 0x8BC9, 0x8BC9, 0x8BC9, 0x8BC9, 0x8BC9, 0x8BC9, 0x8BC9, 0x8BC9, 0x8BC9, 0x8BC9, 0x8BC9,
0x5245, 0x5245, 0xACAB, 0xACAB, 0xACAB, 0xACAB, 0xACAB, 0xACAB, 0xACAB, 0xACAB, 0xACAB, 0xACAB, 0xACAB, 0xACAB, 0xACAB, 0xACAB,
0xACAB, 0xACAB, 0xACAB, 0xACAB, 0xACAB, 0xACAB, 0xACAB, 0xACAB, 0xACAB, 0xACAB, 0xACAB, 0xACAB, 0xACAB, 0xACAB, 0xACAB, 0xACAB,
0xACAB, 0xACAB, 0xACAB, 0xACAB, 0xACAB, 0xACAB, 0xACAB, 0xACAB, 0x5245, 0x5245, 0x8BC9, 0x8BC9, 0x8BC9, 0x8BC9, 0x8BC9, 0x8BC9,
0x8BC9, 0x8BC9, 0x8BC9, 0x8BC9, 0x8BC9, 0x8BC9, 0x8BC9, 0x8BC9, 0x8BC9, 0x8BC9, 0x8BC9, 0x8BC9, 0x8BC9, 0x8BC9, 0x8BC9, 0x8BC9,
0x8BC9, 0x8BC9, 0x8BC9, 0x8BC9, 0x8BC9, 0x8BC9, 0x8BC9, 0x8BC9, 0x8BC9, 0x8BC9, 0x8BC9, 0x8BC9, 0x8BC9, 0x8BC9, 0x8BC9, 0x8BC9,
0x5245, 0x5245, 0xACAB, 0xACAB, 0xACAB, 0xACAB, 0xACAB, 0xACAB, 0xACAB, 0xACAB, 0xACAB, 0xACAB, 0xACAB, 0xACAB, 0xACAB, 0xACAB,
0xACAB, 0xACAB, 0xACAB, 0xACAB, 0xACAB, 0xACAB, 0xACAB, 0xACAB, 0xACAB, 0xACAB, 0xACAB, 0xACAB, 0xACAB, 0xACAB, 0xACAB, 0xACAB,
0xACAB, 0xACAB, 0xACAB, 0xACAB, 0xACAB, 0xACAB, 0xACAB, 0xACAB, 0x5245, 0x5245, 0x8BC9, 0x8BC9, 0x8BC9, 0x8BC9, 0x8BC9, 0x8BC9,
0x8BC9, 0x8BC9, 0x8BC9, 0x8BC9, 0x8BC9, 0x8BC9, 0x8BC9, 0x8BC9, 0x8BC9, 0x8BC9, 0x8BC9, 0x8BC9, 0x8BC9, 0x8BC9, 0x8BC9, 0x8BC9,
0x8BC9, 0x8BC9, 0x8BC9, 0x8BC9, 0x8BC9, 0x8BC9, 0x8BC9, 0x8BC9, 0x8BC9, 0x8BC9, 0x8BC9, 0x8BC9, 0x8BC9, 0x8BC9, 0x8BC9, 0x8BC9,
0x5245, 0x5245, 0xACAB, 0xACAB, 0xACAB, 0xACAB, 0xACAB, 0xACAB, 0xACAB, 0xACAB, 0xACAB, 0xACAB, 0xACAB, 0xACAB, 0xACAB, 0xACAB,
0xACAB, 0xACAB, 0xACAB, 0xACAB, 0xACAB, 0xACAB, 0xACAB, 0xACAB, 0xACAB, 0xACAB, 0xACAB, 0xACAB, 0xACAB, 0xACAB, 0xACAB, 0xACAB,
0xACAB, 0xACAB, 0xACAB, 0xACAB, 0xACAB, 0xACAB, 0xACAB, 0xACAB, 0x5245, 0x5245, 0x8BC9, 0x8BC9, 0x8BC9, 0x8BC9, 0x8BC9, 0x8BC9,
0x8BC9, 0x8BC9, 0x8BC9, 0x8BC9, 0x8BC9, 0x8BC9, 0x8BC9, 0x8BC9, 0x8BC9, 0x8BC9, 0x8BC9, 0x8BC9, 0x8BC9, 0x8BC9, 0x8BC9, 0x8BC9,
0x8BC9, 0x8BC9, 0x8BC9, 0x8BC9, 0x8BC9, 0x8BC9, 0x8BC9, 0x8BC9, 0x8BC9, 0x8BC9, 0x8BC9, 0x8BC9, 0x8BC9, 0x8BC9, 0x8BC9, 0x8BC9,
0x5245, 0x5245, 0xACAB, 0xACAB, 0xACAB, 0xACAB, 0xACAB, 0xACAB, 0xACAB, 0xACAB, 0xACAB, 0xACAB, 0xACAB, 0xACAB, 0xACAB, 0xACAB,
0xACAB, 0xACAB, 0xACAB, 0xACAB, 0xACAB, 0xACAB, 0xACAB, 0xACAB, 0xACAB, 0xACAB, 0xACAB, 0xACAB, 0xACAB, 0xACAB, 0xACAB, 0xACAB,
0xACAB, 0xACAB, 0xACAB, 0xACAB, 0xACAB, 0xACAB, 0xACAB, 0xACAB, 0x5245, 0x5245, 0x8BC9, 0x8BC9, 0x8BC9, 0x8BC9, 0x8BC9, 0x8BC9,
0x8BC9, 0x8BC9, 0x8BC9, 0x8BC9, 0x8BC9, 0x8BC9, 0x8BC9, 0x8BC9, 0x8BC9, 0x8BC9, 0x8BC9, 0x8BC9, 0x8BC9, 0x8BC9, 0x8BC9, 0x8BC9,
0x8BC9, 0x8BC9, 0x8BC9, 0x8BC9, 0x8BC9, 0x8BC9, 0x8BC9, 0x8BC9, 0x8BC9, 0x8BC9, 0x8BC9, 0x8BC9, 0x8BC9, 0x8BC9, 0x8BC9, 0x8BC9,
0x5245, 0x5245, 0xACAB, 0xACAB, 0xACAB, 0xACAB, 0xACAB, 0xACAB, 0xACAB, 0xACAB, 0xACAB, 0xACAB, 0xACAB, 0xACAB, 0xACAB, 0xACAB,
0xACAB, 0xACAB, 0xACAB, 0xACAB, 0xACAB, 0xACAB, 0xACAB, 0xACAB, 0xACAB, 0xACAB, 0xACAB, 0xACAB, 0xACAB, 0xACAB, 0xACAB, 0xACAB,
0xACAB, 0xACAB, 0xACAB, 0xACAB, 0xACAB, 0xACAB, 0xACAB, 0xACAB, 0x5245, 0x5245, 0x8BC9, 0x8BC9, 0x8BC9, 0x8BC9, 0x8BC9, 0x8BC9,
0x8BC9, 0x8BC9, 0x8BC9, 0x8BC9, 0x8BC9, 0x8BC9, 0x8BC9, 0x8BC9, 0x8BC9, 0x8BC9, 0x8BC9, 0x8BC9, 0x8BC9, 0x8BC9, 0x8BC9, 0x8BC9,
0x8BC9, 0x8BC9, 0x8BC9, 0x8BC9, 0x8BC9, 0x8BC9, 0x8BC9, 0x8BC9, 0x8BC9, 0x8BC9, 0x8BC9, 0x8BC9, 0x8BC9, 0x8BC9, 0x8BC9, 0x8BC9,
0x5245, 0x5245, 0xACAB, 0xACAB, 0xACAB, 0xACAB, 0xACAB, 0xACAB, 0xACAB, 0xACAB, 0xACAB, 0xACAB, 0xACAB, 0xACAB, 0xACAB, 0xACAB,
0xACAB, 0xACAB, 0xACAB, 0xACAB, 0xACAB, 0xACAB, 0xACAB, 0xACAB, 0xACAB, 0xACAB, 0xACAB, 0xACAB, 0xACAB, 0xACAB, 0xACAB, 0xACAB,
0xACAB, 0xACAB, 0xACAB, 0xACAB, 0xACAB, 0xACAB, 0xACAB, 0xACAB, 0x5245, 0x5245, 0x8BC9, 0x8BC9, 0x8BC9, 0x8BC9, 0x8BC9, 0x8BC9,
0x8BC9, 0x8BC9, 0x8BC9, 0x8BC9, 0x8BC9, 0x8BC9, 0x8BC9, 0x8BC9, 0x8BC9, 0x8BC9, 0x8BC9, 0x8BC9, 0x8BC9, 0x8BC9, 0x8BC9, 0x8BC9,
0x8BC9, 0x8BC9, 0x8BC9, 0x8BC9, 0x8BC9, 0x8BC9, 0x8BC9, 0x8BC9, 0x8BC9, 0x8BC9, 0x8BC9, 0x8BC9, 0x8BC9, 0x8BC9, 0x8BC9, 0x8BC9,
0x5245, 0x5245, 0xACAB, 0xACAB, 0xACAB, 0xACAB, 0xACAB, 0xACAB, 0xACAB, 0xACAB, 0xACAB, 0xACAB, 0xACAB, 0xACAB, 0xACAB, 0xACAB,
0xACAB, 0xACAB, 0xACAB, 0xACAB, 0xACAB, 0xACAB, 0xACAB, 0xACAB, 0xACAB, 0xACAB, 0xACAB, 0xACAB, 0xACAB, 0xACAB, 0xACAB, 0xACAB,
0xACAB, 0xACAB, 0xACAB, 0xACAB, 0xACAB, 0xACAB, 0xACAB, 0xACAB, 0x5245, 0x5245, 0x8BC9, 0x8BC9, 0x8BC9, 0x8BC9, 0x8BC9, 0x8BC9,
0x8BC9, 0x8BC9, 0x8BC9, 0x8BC9, 0x8BC9, 0x8BC9, 0x8BC9, 0x8BC9, 0x8BC9, 0x8BC9, 0x8BC9, 0x8BC9, 0x8BC9, 0x8BC9, 0x8BC9, 0x8BC9,
0x8BC9, 0x8BC9, 0x8BC9, 0x8BC9, 0x8BC9, 0x8BC9, 0x8BC9, 0x8BC9, 0x8BC9, 0x8BC9, 0x8BC9, 0x8BC9, 0x8BC9, 0x8BC9, 0x8BC9, 0x8BC9,
0x5245, 0x5245, 0xACAB, 0xACAB, 0xACAB, 0xACAB, 0xACAB, 0xACAB, 0xACAB, 0xACAB, 0xACAB, 0xACAB, 0xACAB, 0xACAB, 0xACAB, 0xACAB,
0xACAB, 0xACAB, 0xACAB, 0xACAB, 0xACAB, 0xACAB, 0xACAB, 0xACAB, 0xACAB, 0xACAB, 0xACAB, 0xACAB, 0xACAB, 0xACAB, 0xACAB, 0xACAB,
0xACAB, 0xACAB, 0xACAB, 0xACAB, 0xACAB, 0xACAB, 0xACAB, 0xACAB, 0x5245, 0x5245, 0x8BC9, 0x8BC9, 0x8BC9, 0x8BC9, 0x8BC9, 0x8BC9,
0x8BC9, 0x8BC9, 0x8BC9, 0x8BC9, 0x8BC9, 0x8BC9, 0x8BC9, 0x8BC9, 0x8BC9, 0x8BC9, 0x8BC9, 0x8BC9, 0x8BC9, 0x8BC9, 0x8BC9, 0x8BC9,
0x8BC9, 0x8BC9, 0x8BC9, 0x8BC9, 0x8BC9, 0x8BC9, 0x8BC9, 0x8BC9, 0x8BC9, 0x8BC9, 0x8BC9, 0x8BC9, 0x8BC9, 0x8BC9, 0x8BC9, 0x8BC9,
0x5245, 0x5245, 0xACAB, 0xACAB, 0xACAB, 0xACAB, 0xACAB, 0xACAB, 0xACAB, 0xACAB, 0xACAB, 0xACAB, 0xACAB, 0xACAB, 0xACAB, 0xACAB,
0xACAB, 0xACAB, 0xACAB, 0xACAB, 0xACAB, 0xACAB, 0xACAB, 0xACAB, 0xACAB, 0xACAB, 0xACAB, 0xACAB, 0xACAB, 0xACAB, 0xACAB, 0xACAB,
0xACAB, 0xACAB, 0xACAB, 0xACAB, 0xACAB, 0xACAB, 0xACAB, 0xACAB, 0x5245, 0x5245, 0x8BC9, 0x8BC9, 0x8BC9, 0x8BC9, 0x8BC9, 0x8BC9,
0x8BC9, 0x8BC9, 0x8BC9, 0x8BC9, 0x8BC9, 0x8BC9, 0x8BC9, 0x8BC9, 0x8BC9, 0x8BC9, 0x8BC9, 0x8BC9, 0x8BC9, 0x8BC9, 0x8BC9, 0x8BC9,
0x8BC9, 0x8BC9, 0x8BC9, 0x8BC9, 0x8BC9, 0x8BC9, 0x8BC9, 0x8BC9, 0x8BC9, 0x8BC9, 0x8BC9, 0x8BC9, 0x8BC9, 0x8BC9, 0x8BC9, 0x8BC9,
0x5245, 0x5245, 0xACAB, 0xACAB, 0xACAB, 0xACAB, 0xACAB, 0xACAB, 0xACAB, 0xACAB, 0xACAB, 0xACAB, 0xACAB, 0xACAB, 0xACAB, 0xACAB,
0xACAB, 0xACAB, 0xACAB, 0xACAB, 0xACAB, 0xACAB, 0xACAB, 0xACAB, 0xACAB, 0xACAB, 0xACAB, 0xACAB, 0xACAB, 0xACAB, 0xACAB, 0xACAB,
0xACAB, 0xACAB, 0xACAB, 0xACAB, 0xACAB, 0xACAB, 0xACAB, 0xACAB, 0x5245, 0x5245, 0x8BC9, 0x8BC9, 0x8BC9, 0x8BC9, 0x8BC9, 0x8BC9,
0x8BC9, 0x8BC9, 0x8BC9, 0x8BC9, 0x8BC9, 0x8BC9, 0x8BC9, 0x8BC9, 0x8BC9, 0x8BC9, 0x8BC9, 0x8BC9, 0x8BC9, 0x8BC9, 0x8BC9, 0x8BC9,
0x8BC9, 0x8BC9, 0x8BC9, 0x8BC9, 0x8BC9, 0x8BC9, 0x8BC9, 0x8BC9, 0x8BC9, 0x8BC9, 0x8BC9, 0x8BC9, 0x8BC9, 0x8BC9, 0x8BC9, 0x8BC9,
0x5245, 0x5245, 0xACAB, 0xACAB, 0xACAB, 0xACAB, 0xACAB, 0xACAB, 0xACAB, 0xACAB, 0xACAB, 0xACAB, 0xACAB, 0xACAB, 0xACAB, 0xACAB,
0xACAB, 0xACAB, 0xACAB, 0xACAB, 0xACAB, 0xACAB, 0xACAB, 0xACAB, 0xACAB, 0xACAB, 0xACAB, 0xACAB, 0xACAB, 0xACAB, 0xACAB, 0xACAB,
0xACAB, 0xACAB, 0xACAB, 0xACAB, 0xACAB, 0xACAB, 0xACAB, 0xACAB, 0x5245, 0x5245, 0x8BC9, 0x8BC9, 0x8BC9, 0x8BC9, 0x8BC9, 0x8BC9,
0x8BC9, 0x8BC9, 0x8BC9, 0x8BC9, 0x8BC9, 0x8BC9, 0x8BC9, 0x8BC9, 0x8BC9, 0x8BC9, 0x8BC9, 0x8BC9, 0x8BC9, 0x8BC9, 0x8BC9, 0x8BC9,
0x8BC9, 0x8BC9, 0x8BC9, 0x8BC9, 0x8BC9, 0x8BC9, 0x8BC9, 0x8BC9, 0x8BC9, 0x8BC9, 0x8BC9, 0x8BC9, 0x8BC9, 0x8BC9, 0x8BC9, 0x8BC9,
0x5245, 0x5245, 0xACAB, 0xACAB, 0xACAB, 0xACAB, 0xACAB, 0xACAB, 0xACAB, 0xACAB, 0xACAB, 0xACAB, 0xACAB, 0xACAB, 0xACAB, 0xACAB,
0xACAB, 0xACAB, 0xACAB, 0xACAB, 0xACAB, 0xACAB, 0xACAB, 0xACAB, 0xACAB, 0xACAB, 0xACAB, 0xACAB, 0xACAB, 0xACAB, 0xACAB, 0xACAB,
0xACAB, 0xACAB, 0xACAB, 0xACAB, 0xACAB, 0xACAB, 0xACAB, 0xACAB, 0x5245, 0x5245, 0x8BC9, 0x8BC9, 0x8BC9, 0x8BC9, 0x8BC9, 0x8BC9,
0x8BC9, 0x8BC9, 0x8BC9, 0x8BC9, 0x8BC9, 0x8BC9, 0x8BC9, 0x8BC9, 0x8BC9, 0x8BC9, 0x8BC9, 0x8BC9, 0x8BC9, 0x8BC9, 0x8BC9, 0x8BC9,
0x8BC9, 0x8BC9, 0x8BC9, 0x8BC9, 0x8BC9, 0x8BC9, 0x8BC9, 0x8BC9, 0x8BC9, 0x8BC9, 0x8BC9, 0x8BC9, 0x8BC9, 0x8BC9, 0x8BC9, 0x8BC9,
0x5245, 0x5245, 0xACAB, 0xACAB, 0xACAB, 0xACAB, 0xACAB, 0xACAB, 0xACAB, 0xACAB, 0xACAB, 0xACAB, 0xACAB, 0xACAB, 0xACAB, 0xACAB,
0xACAB, 0xACAB, 0xACAB, 0xACAB, 0xACAB, 0xACAB, 0xACAB, 0xACAB, 0xACAB, 0xACAB, 0xACAB, 0xACAB, 0xACAB, 0xACAB, 0xACAB, 0xACAB,
0xACAB, 0xACAB, 0xACAB, 0xACAB, 0xACAB, 0xACAB, 0xACAB, 0xACAB, 0x5245, 0x5245, 0x8BC9, 0x8BC9, 0x8BC9, 0x8BC9, 0x8BC9, 0x8BC9,
0x8BC9, 0x8BC9, 0x8BC9, 0x8BC9, 0x8BC9, 0x8BC9, 0x8BC9, 0x8BC9, 0x8BC9, 0x8BC9, 0x8BC9, 0x8BC9, 0x8BC9, 0x8BC9, 0x8BC9, 0x8BC9,
0x8BC9, 0x8BC9, 0x8BC9, 0x8BC9, 0x8BC9, 0x8BC9, 0x8BC9, 0x8BC9, 0x8BC9, 0x8BC9, 0x8BC9, 0x8BC9, 0x8BC9, 0x8BC9, 0x8BC9, 0x8BC9,
0x5245, 0x5245, 0xACAB, 0xACAB, 0xACAB, 0xACAB, 0xACAB, 0xACAB, 0xACAB, 0xACAB, 0xACAB, 0xACAB, 0xACAB, 0xACAB, 0xACAB, 0xACAB,
0xACAB, 0xACAB, 0xACAB, 0xACAB, 0xACAB, 0xACAB, 0xACAB, 0xACAB, 0xACAB, 0xACAB, 0xACAB, 0xACAB, 0xACAB, 0xACAB, 0xACAB, 0xACAB,
0xACAB, 0xACAB, 0xACAB, 0xACAB, 0xACAB, 0xACAB, 0xACAB, 0xACAB, 0x5245, 0x5245, 0x8BC9, 0x8BC9, 0x8BC9, 0x8BC9, 0x8BC9, 0x8BC9,
0x8BC9, 0x8BC9, 0x8BC9, 0x8BC9, 0x8BC9, 0x8BC9, 0x8BC9, 0x8BC9, 0x8BC9, 0x8BC9, 0x8BC9, 0x8BC9, 0x8BC9, 0x8BC9, 0x8BC9, 0x8BC9,
0x8BC9, 0x8BC9, 0x8BC9, 0x8BC9, 0x8BC9, 0x8BC9, 0x8BC9, 0x8BC9, 0x8BC9, 0x8BC9, 0x8BC9, 0x8BC9, 0x8BC9, 0x8BC9, 0x8BC9, 0x8BC9,
0x5245, 0x5245, 0xACAB, 0xACAB, 0xACAB, 0xACAB, 0xACAB, 0xACAB, 0xACAB, 0xACAB, 0xACAB, 0xACAB, 0xACAB, 0xACAB, 0xACAB, 0xACAB,
0xACAB, 0xACAB, 0xACAB, 0xACAB, 0xACAB, 0xACAB, 0xACAB, 0xACAB, 0xACAB, 0xACAB, 0xACAB, 0xACAB, 0xACAB, 0xACAB, 0xACAB, 0xACAB,
0xACAB, 0xACAB, 0xACAB, 0xACAB, 0xACAB, 0xACAB, 0xACAB, 0xACAB, 0x5245, 0x5245, 0x8BC9, 0x8BC9, 0x8BC9, 0x8BC9, 0x8BC9, 0x8BC9,
0x8BC9, 0x8BC9, 0x8BC9, 0x8BC9, 0x8BC9, 0x8BC9, 0x8BC9, 0x8BC9, 0x8BC9, 0x8BC9, 0x8BC9, 0x8BC9, 0x8BC9, 0x8BC9, 0x8BC9, 0x8BC9,
0x8BC9, 0x8BC9, 0x8BC9, 0x8BC9, 0x8BC9, 0x8BC9, 0x8BC9, 0x8BC9, 0x8BC9, 0x8BC9, 0x8BC9, 0x8BC9, 0x8BC9, 0x8BC9, 0x8BC9, 0x8BC9,
0x5245, 0x5245, 0xACAB, 0xACAB, 0xACAB, 0xACAB, 0xACAB, 0xACAB, 0xACAB, 0xACAB, 0xACAB, 0xACAB, 0xACAB, 0xACAB, 0xACAB, 0xACAB,
0xACAB, 0xACAB, 0xACAB, 0xACAB, 0xACAB, 0xACAB, 0xACAB, 0xACAB, 0xACAB, 0xACAB, 0xACAB, 0xACAB, 0xACAB, 0xACAB, 0xACAB, 0xACAB,
0xACAB, 0xACAB, 0xACAB, 0xACAB, 0xACAB, 0xACAB, 0xACAB, 0xACAB, 0x5245, 0x5245, 0x8BC9, 0x8BC9, 0x8BC9, 0x8BC9, 0x8BC9, 0x8BC9,
0x8BC9, 0x8BC9, 0x8BC9, 0x8BC9, 0x8BC9, 0x8BC9, 0x8BC9, 0x8BC9, 0x8BC9, 0x8BC9, 0x8BC9, 0x8BC9, 0x8BC9, 0x8BC9, 0x8BC9, 0x8BC9,
0x8BC9, 0x8BC9, 0x8BC9, 0x8BC9, 0x8BC9, 0x8BC9, 0x8BC9, 0x8BC9, 0x8BC9, 0x8BC9, 0x8BC9, 0x8BC9, 0x8BC9, 0x8BC9, 0x8BC9, 0x8BC9,
0x5245, 0x5245, 0xACAB, 0xACAB, 0xACAB, 0xACAB, 0xACAB, 0xACAB, 0xACAB, 0xACAB, 0xACAB, 0xACAB, 0xACAB, 0xACAB, 0xACAB, 0xACAB,
0xACAB, 0xACAB, 0xACAB, 0xACAB, 0xACAB, 0xACAB, 0xACAB, 0xACAB, 0xACAB, 0xACAB, 0xACAB, 0xACAB, 0xACAB, 0xACAB, 0xACAB, 0xACAB,
0xACAB, 0xACAB, 0xACAB, 0xACAB, 0xACAB, 0xACAB, 0xACAB, 0xACAB, 0x5245, 0x5245, 0x8BC9, 0x8BC9, 0x8BC9, 0x8BC9, 0x8BC9, 0x8BC9,
0x8BC9, 0x8BC9, 0x8BC9, 0x8BC9, 0x8BC9, 0x8BC9, 0x8BC9, 0x8BC9, 0x8BC9, 0x8BC9, 0x8BC9, 0x8BC9, 0x8BC9, 0x8BC9, 0x8BC9, 0x8BC9,
0x8BC9, 0x8BC9, 0x8BC9, 0x8BC9, 0x8BC9, 0x8BC9, 0x8BC9, 0x8BC9, 0x8BC9, 0x8BC9, 0x8BC9, 0x8BC9, 0x8BC9, 0x8BC9, 0x8BC9, 0x8BC9,
0x5245, 0x5245, 0xACAB, 0xACAB, 0xACAB, 0xACAB, 0xACAB, 0xACAB, 0xACAB, 0xACAB, 0xACAB, 0xACAB, 0xACAB, 0xACAB, 0xACAB, 0xACAB,
0xACAB, 0xACAB, 0xACAB, 0xACAB, 0xACAB, 0xACAB, 0xACAB, 0xACAB, 0xACAB, 0xACAB, 0xACAB, 0xACAB, 0xACAB, 0xACAB, 0xACAB, 0xACAB,
0xACAB, 0xACAB, 0xACAB, 0xACAB, 0xACAB, 0xACAB, 0xACAB, 0xACAB, 0x5245, 0x5245, 0x8BC9, 0x8BC9, 0x8BC9, 0x8BC9, 0x8BC9, 0x8BC9,
0x8BC9, 0x8BC9, 0x8BC9, 0x8BC9, 0x8BC9, 0x8BC9, 0x8BC9, 0x8BC9, 0x8BC9, 0x8BC9, 0x8BC9, 0x8BC9, 0x8BC9, 0x8BC9, 0x8BC9, 0x8BC9,
0x8BC9, 0x8BC9, 0x8BC9, 0x8BC9, 0x8BC9, 0x8BC9, 0x8BC9, 0x8BC9, 0x8BC9, 0x8BC9, 0x8BC9, 0x8BC9, 0x8BC9, 0x8BC9, 0x8BC9, 0x8BC9,
0x5245, 0x5245, 0xACAB, 0xACAB, 0xACAB, 0xACAB, 0xACAB, 0xACAB, 0xACAB, 0xACAB, 0xACAB, 0xACAB, 0xACAB, 0xACAB, 0xACAB, 0xACAB,
0xACAB, 0xACAB, 0xACAB, 0xACAB, 0xACAB, 0xACAB, 0xACAB, 0xACAB, 0xACAB, 0xACAB, 0xACAB, 0xACAB, 0xACAB, 0xACAB, 0xACAB, 0xACAB,
0xACAB, 0xACAB, 0xACAB, 0xACAB, 0xACAB, 0xACAB, 0xACAB, 0xACAB, 0x5245, 0x5245, 0x8BC9, 0x8BC9, 0x8BC9, 0x8BC9, 0x8BC9, 0x8BC9,
0x8BC9, 0x8BC9, 0x8BC9, 0x8BC9, 0x8BC9, 0x8BC9, 0x8BC9, 0x8BC9, 0x8BC9, 0x8BC9, 0x8BC9, 0x8BC9, 0x8BC9, 0x8BC9, 0x8BC9, 0x8BC9,
0x8BC9, 0x8BC9, 0x8BC9, 0x8BC9, 0x8BC9, 0x8BC9, 0x8BC9, 0x8BC9, 0x8BC9, 0x8BC9, 0x8BC9, 0x8BC9, 0x8BC9, 0x8BC9, 0x8BC9, 0x8BC9,
0x5245, 0x5245, 0xACAB, 0xACAB, 0xACAB, 0xACAB, 0xACAB, 0xACAB, 0xACAB, 0xACAB, 0xACAB, 0xACAB, 0xACAB, 0xACAB, 0xACAB, 0xACAB,
0xACAB, 0xACAB, 0xACAB, 0xACAB, 0xACAB, 0xACAB, 0xACAB, 0xACAB, 0xACAB, 0xACAB, 0xACAB, 0xACAB, 0xACAB, 0xACAB, 0xACAB, 0xACAB,
0xACAB, 0xACAB, 0xACAB, 0xACAB, 0xACAB, 0xACAB, 0xACAB, 0xACAB, 0x5245, 0x5245, 0x8BC9, 0x8BC9, 0x8BC9, 0x8BC9, 0x8BC9, 0x8BC9,
0x8BC9, 0x8BC9, 0x8BC9, 0x8BC9, 0x8BC9, 0x8BC9, 0x8BC9, 0x8BC9, 0x8BC9, 0x8BC9, 0x8BC9, 0x8BC9, 0x8BC9, 0x8BC9, 0x8BC9, 0x8BC9,
0x8BC9, 0x8BC9, 0x8BC9, 0x8BC9, 0x8BC9, 0x8BC9, 0x8BC9, 0x8BC9, 0x8BC9, 0x8BC9, 0x8BC9, 0x8BC9, 0x8BC9, 0x8BC9, 0x8BC9, 0x8BC9,
0x5245, 0x5245, 0xACAB, 0xACAB, 0xACAB, 0xACAB, 0xACAB, 0xACAB, 0xACAB, 0xACAB, 0xACAB, 0xACAB, 0xACAB, 0xACAB, 0xACAB, 0xACAB,
0xACAB, 0xACAB, 0xACAB, 0xACAB, 0xACAB, 0xACAB, 0xACAB, 0xACAB, 0xACAB, 0xACAB, 0xACAB, 0xACAB, 0xACAB, 0xACAB, 0xACAB, 0xACAB,
0xACAB, 0xACAB, 0xACAB, 0xACAB, 0xACAB, 0xACAB, 0xACAB, 0xACAB, 0x5245, 0x5245, 0x8BC9, 0x8BC9, 0x8BC9, 0x8BC9, 0x8BC9, 0x8BC9,
0x8BC9, 0x8BC9, 0x8BC9, 0x8BC9, 0x8BC9, 0x8BC9, 0x8BC9, 0x8BC9, 0x8BC9, 0x8BC9, 0x8BC9, 0x8BC9, 0x8BC9, 0x8BC9, 0x8BC9, 0x8BC9,
0x8BC9, 0x8BC9, 0x8BC9, 0x8BC9, 0x8BC9, 0x8BC9, 0x8BC9, 0x8BC9, 0x8BC9, 0x8BC9, 0x8BC9, 0x8BC9, 0x8BC9, 0x8BC9, 0x8BC9, 0x8BC9,
0x5245, 0x5245, 0xACAB, 0xACAB, 0xACAB, 0xACAB, 0xACAB, 0xACAB, 0xACAB, 0xACAB, 0xACAB, 0xACAB, 0xACAB, 0xACAB, 0xACAB, 0xACAB,
0xACAB, 0xACAB, 0xACAB, 0xACAB, 0xACAB, 0xACAB, 0xACAB, 0xACAB, 0xACAB, 0xACAB, 0xACAB, 0xACAB, 0xACAB, 0xACAB, 0xACAB, 0xACAB,
0xACAB, 0xACAB, 0xACAB, 0xACAB, 0xACAB, 0xACAB, 0xACAB, 0xACAB, 0x5245, 0x5245, 0x8BC9, 0x8BC9, 0x8BC9, 0x8BC9, 0x8BC9, 0x8BC9,
0x8BC9, 0x8BC9, 0x8BC9, 0x8BC9, 0x8BC9, 0x8BC9, 0x8BC9, 0x8BC9, 0x8BC9, 0x8BC9, 0x8BC9, 0x8BC9, 0x8BC9, 0x8BC9, 0x8BC9, 0x8BC9,
0x8BC9, 0x8BC9, 0x8BC9, 0x8BC9, 0x8BC9, 0x8BC9, 0x8BC9, 0x8BC9, 0x8BC9, 0x8BC9, 0x8BC9, 0x8BC9, 0x8BC9, 0x8BC9, 0x8BC9, 0x8BC9,
0x5245, 0x5245, 0xACAB, 0xACAB, 0xACAB, 0xACAB, 0xACAB, 0xACAB, 0xACAB, 0xACAB, 0xACAB, 0xACAB, 0xACAB, 0xACAB, 0xACAB, 0xACAB,
0xACAB, 0xACAB, 0xACAB, 0xACAB, 0xACAB, 0xACAB, 0xACAB, 0xACAB, 0xACAB, 0xACAB, 0xACAB, 0xACAB, 0xACAB, 0xACAB, 0xACAB, 0xACAB,
0xACAB, 0xACAB, 0xACAB, 0xACAB, 0xACAB, 0xACAB, 0xACAB, 0xACAB, 0x5245, 0x5245, 0x8BC9, 0x8BC9, 0x8BC9, 0x8BC9, 0x8BC9, 0x8BC9,
0x8BC9, 0x8BC9, 0x8BC9, 0x8BC9, 0x8BC9, 0x8BC9, 0x8BC9, 0x8BC9, 0x8BC9, 0x8BC9, 0x8BC9, 0x8BC9, 0x8BC9, 0x8BC9, 0x8BC9, 0x8BC9,
0x8BC9, 0x8BC9, 0x8BC9, 0x8BC9, 0x8BC9, 0x8BC9, 0x8BC9, 0x8BC9, 0x8BC9, 0x8BC9, 0x8BC9, 0x8BC9, 0x8BC9, 0x8BC9, 0x8BC9, 0x8BC9,
0x5245, 0x5245, 0xACAB, 0xACAB, 0xACAB, 0xACAB, 0xACAB, 0xACAB, 0xACAB, 0xACAB, 0xACAB, 0xACAB, 0xACAB, 0xACAB, 0xACAB, 0xACAB,
0xACAB, 0xACAB, 0xACAB, 0xACAB, 0xACAB, 0xACAB, 0xACAB, 0xACAB, 0xACAB, 0xACAB, 0xACAB, 0xACAB, 0xACAB, 0xACAB, 0xACAB, 0xACAB,
0xACAB, 0xACAB, 0xACAB, 0xACAB, 0xACAB, 0xACAB, 0xACAB, 0xACAB, 0x5245, 0x5245, 0x8BC9, 0x8BC9, 0x8BC9, 0x8BC9, 0x8BC9, 0x8BC9,
0x8BC9, 0x8BC9, 0x8BC9, 0x8BC9, 0x8BC9, 0x8BC9, 0x8BC9, 0x8BC9, 0x8BC9, 0x8BC9, 0x8BC9, 0x8BC9, 0x8BC9, 0x8BC9, 0x8BC9, 0x8BC9,
0x8BC9, 0x8BC9, 0x8BC9, 0x8BC9, 0x8BC9, 0x8BC9, 0x8BC9, 0x8BC9, 0x8BC9, 0x8BC9, 0x8BC9, 0x8BC9, 0x8BC9, 0x8BC9, 0x8BC9, 0x8BC9,
0x5245, 0x5245, 0xACAB, 0xACAB, 0xACAB, 0xACAB, 0xACAB, 0xACAB, 0xACAB, 0xACAB, 0xACAB, 0xACAB, 0xACAB, 0xACAB, 0xACAB, 0xACAB,
0xACAB, 0xACAB, 0xACAB, 0xACAB, 0xACAB, 0xACAB, 0xACAB, 0xACAB, 0xACAB, 0xACAB, 0xACAB, 0xACAB, 0xACAB, 0xACAB, 0xACAB, 0xACAB,
0xACAB, 0xACAB, 0xACAB, 0xACAB, 0xACAB, 0xACAB, 0xACAB, 0xACAB, 0x5245, 0x5245, 0x8BC9, 0x8BC9, 0x8BC9, 0x8BC9, 0x8BC9, 0x8BC9,
0x8BC9, 0x8BC9, 0x8BC9, 0x8BC9, 0x8BC9, 0x8BC9, 0x8BC9, 0x8BC9, 0x8BC9, 0x8BC9, 0x8BC9, 0x8BC9, 0x8BC9, 0x8BC9, 0x8BC9, 0x8BC9,
0x8BC9, 0x8BC9, 0x8BC9, 0x8BC9, 0x8BC9, 0x8BC9, 0x8BC9, 0x8BC9, 0x8BC9, 0x8BC9, 0x8BC9, 0x8BC9, 0x8BC9, 0x8BC9, 0x8BC9, 0x8BC9,
0x5245, 0x5245, 0xACAB, 0xACAB, 0xACAB, 0xACAB, 0xACAB, 0xACAB, 0xACAB, 0xACAB, 0xACAB, 0xACAB, 0xACAB, 0xACAB, 0xACAB, 0xACAB,
0xACAB, 0xACAB, 0xACAB, 0xACAB, 0xACAB, 0xACAB, 0xACAB, 0xACAB, 0xACAB, 0xACAB, 0xACAB, 0xACAB, 0xACAB, 0xACAB, 0xACAB, 0xACAB,
0xACAB, 0xACAB, 0xACAB, 0xACAB, 0xACAB, 0xACAB, 0xACAB, 0xACAB, 0x5245, 0x5245, 0x8BC9, 0x8BC9, 0x8BC9, 0x8BC9, 0x8BC9, 0x8BC9,
0x8BC9, 0x8BC9, 0x8BC9, 0x8BC9, 0x8BC9, 0x8BC9, 0x8BC9, 0x8BC9, 0x8BC9, 0x8BC9, 0x8BC9, 0x8BC9, 0x8BC9, 0x8BC9, 0x8BC9, 0x8BC9,
0x8BC9, 0x8BC9, 0x8BC9, 0x8BC9, 0x8BC9, 0x8BC9, 0x8BC9, 0x8BC9, 0x8BC9, 0x8BC9, 0x8BC9, 0x8BC9, 0x8BC9, 0x8BC9, 0x8BC9, 0x8BC9,
0x5245, 0x5245, 0xACAB, 0xACAB, 0xACAB, 0xACAB, 0xACAB, 0xACAB, 0xACAB, 0xACAB, 0xACAB, 0xACAB, 0xACAB, 0xACAB, 0xACAB, 0xACAB,
0xACAB, 0xACAB, 0xACAB, 0xACAB, 0xACAB, 0xACAB, 0xACAB, 0xACAB, 0xACAB, 0xACAB, 0xACAB, 0xACAB, 0xACAB, 0xACAB, 0xACAB, 0xACAB,
0xACAB, 0xACAB, 0xACAB, 0xACAB, 0xACAB, 0xACAB, 0xACAB, 0xACAB, 0x5245, 0x5245, 0x8BC9, 0x8BC9, 0x8BC9, 0x8BC9, 0x8BC9, 0x8BC9,
0x8BC9, 0x8BC9, 0x8BC9, 0x8BC9, 0x8BC9, 0x8BC9, 0x8BC9, 0x8BC9, 0x8BC9, 0x8BC9, 0x8BC9, 0x8BC9, 0x8BC9, 0x8BC9, 0x8BC9, 0x8BC9,
0x8BC9, 0x8BC9, 0x8BC9, 0x8BC9, 0x8BC9, 0x8BC9, 0x8BC9, 0x8BC9, 0x8BC9, 0x8BC9, 0x8BC9, 0x8BC9, 0x8BC9, 0x8BC9, 0x8BC9, 0x8BC9,
0x5245, 0x5245, 0xACAB, 0xACAB, 0xACAB, 0xACAB, 0xACAB, 0xACAB, 0xACAB, 0xACAB, 0xACAB, 0xACAB, 0xACAB, 0xACAB, 0xACAB, 0xACAB,
0xACAB, 0xACAB, 0xACAB, 0xACAB, 0xACAB, 0xACAB, 0xACAB, 0xACAB, 0xACAB, 0xACAB, 0xACAB, 0xACAB, 0xACAB, 0xACAB, 0xACAB, 0xACAB,
0xACAB, 0xACAB, 0xACAB, 0xACAB, 0xACAB, 0xACAB, 0xACAB, 0xACAB, 0x5245, 0x5245, 0x8BC9, 0x8BC9, 0x8BC9, 0x8BC9, 0x8BC9, 0x8BC9,
0x8BC9, 0x8BC9, 0x8BC9, 0x8BC9, 0x8BC9, 0x8BC9, 0x8BC9, 0x8BC9, 0x8BC9, 0x8BC9, 0x8BC9, 0x8BC9, 0x8BC9, 0x8BC9, 0x8BC9, 0x8BC9,
0x8BC9, 0x8BC9, 0x8BC9, 0x8BC9, 0x8BC9, 0x8BC9, 0x8BC9, 0x8BC9, 0x8BC9, 0x8BC9, 0x8BC9, 0x8BC9, 0x8BC9, 0x8BC9, 0x8BC9, 0x8BC9,
0x5245, 0x5245, 0xACAB, 0xACAB, 0xACAB, 0xACAB, 0xACAB, 0xACAB, 0xACAB, 0xACAB, 0xACAB, 0xACAB, 0xACAB, 0xACAB, 0xACAB, 0xACAB,
0xACAB, 0xACAB, 0xACAB, 0xACAB, 0xACAB, 0xACAB, 0xACAB, 0xACAB, 0xACAB, 0xACAB, 0xACAB, 0xACAB, 0xACAB, 0xACAB, 0xACAB, 0xACAB,
0xACAB, 0xACAB, 0xACAB, 0xACAB, 0xACAB, 0xACAB, 0xACAB, 0xACAB, 0x5245, 0x5245, 0x8BC9, 0x8BC9, 0x8BC9, 0x8BC9, 0x8BC9, 0x8BC9,
0x8BC9, 0x8BC9, 0x8BC9, 0x8BC9, 0x8BC9, 0x8BC9, 0x8BC9, 0x8BC9, 0x8BC9, 0x8BC9, 0x8BC9, 0x8BC9, 0x8BC9, 0x8BC9, 0x8BC9, 0x8BC9,
0x8BC9, 0x8BC9, 0x8BC9, 0x8BC9, 0x8BC9, 0x8BC9, 0x8BC9, 0x8BC9, 0x8BC9, 0x8BC9, 0x8BC9, 0x8BC9, 0x8BC9, 0x8BC9, 0x8BC9, 0x8BC9,
0x5245, 0x5245, 0xACAB, 0xACAB, 0xACAB, 0xACAB, 0xACAB, 0xACAB, 0xACAB, 0xACAB, 0xACAB, 0xACAB, 0xACAB, 0xACAB, 0xACAB, 0xACAB,
0xACAB, 0xACAB, 0xACAB, 0xACAB, 0xACAB, 0xACAB, 0xACAB, 0xACAB, 0xACAB, 0xACAB, 0xACAB, 0xACAB, 0xACAB, 0xACAB, 0xACAB, 0xACAB,
0xACAB, 0xACAB, 0xACAB, 0xACAB, 0xACAB, 0xACAB, 0xACAB, 0xACAB, 0x5245, 0x5245, 0x8BC9, 0x8BC9, 0x8BC9, 0x8BC9, 0x8BC9, 0x8BC9,
0x8BC9, 0x8BC9, 0x8BC9, 0x8BC9, 0x8BC9, 0x8BC9, 0x8BC9, 0x8BC9, 0x8BC9, 0x8BC9, 0x8BC9, 0x8BC9, 0x8BC9, 0x8BC9, 0x8BC9, 0x8BC9,
0x8BC9, 0x8BC9, 0x8BC9, 0x8BC9, 0x8BC9, 0x8BC9, 0x8BC9, 0x8BC9, 0x8BC9, 0x8BC9, 0x8BC9, 0x8BC9, 0x8BC9, 0x8BC9, 0x8BC9, 0x8BC9,
0x5245, 0x5245, 0x5245, 0x5245, 0x5245, 0x5245, 0x5245, 0x5245, 0x5245, 0x5245, 0x5245, 0x5245, 0x5245, 0x5245, 0x5245, 0x5245,
0x5245, 0x5245, 0x5245, 0x5245, 0x5245, 0x5245, 0x5245, 0x5245, 0x5245, 0x5245, 0x5245, 0x5245, 0x5245, 0x5245, 0x5245, 0x5245,
0x5245, 0x5245, 0x5245, 0x5245, 0x5245, 0x5245, 0x5245, 0x5245, 0x5245, 0x5245, 0x5245, 0x5245, 0x5245, 0x5245, 0x5245, 0x5245,
0x5245, 0x5245, 0x5245, 0x5245, 0x5245, 0x5245, 0x5245, 0x5245, 0x5245, 0x5245, 0x5245, 0x5245, 0x5245, 0x5245, 0x5245, 0x5245,
0x5245, 0x5245, 0x5245, 0x5245, 0x5245, 0x5245, 0x5245, 0x5245, 0x5245, 0x5245, 0x5245, 0x5245, 0x5245, 0x5245, 0x5245, 0x5245,
0x5245, 0x5245, 0x5245, 0x5245, 0x5245, 0x5245, 0x5245, 0x5245, 0x5245, 0x5245, 0x5245, 0x5245, 0x5245, 0x5245, 0x5245, 0x5245,
0x5245, 0x5245, 0x5245, 0x5245, 0x5245, 0x5245, 0x5245, 0x5245, 0x5245, 0x5245, 0x5245, 0x5245, 0x5245, 0x5245, 0x5245, 0x5245,
0x5245, 0x5245, 0x5245, 0x5245, 0x5245, 0x5245, 0x5245, 0x5245, 0x5245, 0x5245, 0x5245, 0x5245, 0x5245, 0x5245, 0x5245, 0x5245,
0x5245, 0x5245, 0x5245, 0x5245, 0x5245, 0x5245, 0x5245, 0x5245, 0x5245, 0x5245, 0x5245, 0x5245, 0x5245, 0x5245, 0x5245, 0x5245,
0x5245, 0x5245, 0x5245, 0x5245, 0x5245, 0x5245, 0x5245, 0x5245, 0x5245, 0x5245, 0x5245, 0x5245, 0x5245, 0x5245, 0x5245, 0x5245,
0x5245, 0x5245, 0x5245, 0x5245, 0x5245, 0x5245, 0x5245, 0x5245, 0x5245, 0x5245, 0x5245, 0x5245, 0x5245, 0x5245, 0x5245, 0x5245,
0x5245, 0x5245, 0x5245, 0x5245, 0x5245, 0x5245, 0x5245, 0x5245, 0x5245, 0x5245, 0x5245, 0x5245, 0x5245, 0x5245, 0x5245, 0x5245,
0x5245, 0x5245, 0x5245, 0x5245, 0x5245, 0x5245, 0x5245, 0x5245, 0x5245, 0x5245, 0x5245, 0x5245, 0x5245, 0x5245, 0x5245, 0x5245,
0x5245, 0x5245, 0x5245, 0x5245, 0x5245, 0x5245, 0x5245, 0x5245, 0x5245, 0x5245, 0x5245, 0x5245, 0x5245, 0x5245, 0x5245, 0x5245,
0x5245, 0x5245, 0x5245, 0x5245, 0x5245, 0x5245, 0x5245, 0x5245, 0x5245, 0x5245, 0x5245, 0x5245, 0x5245, 0x5245, 0x5245, 0x5245,
0x5245, 0x5245, 0x5245, 0x5245, 0x5245, 0x5245, 0x5245, 0x5245, 0x5245, 0x5245, 0x5245, 0x5245, 0x5245, 0x5245, 0x5245, 0x5245,
0x5245, 0x5245, 0x5245, 0x5245, 0x5245, 0x5245, 0x5245, 0x5245, 0x5245, 0x5245, 0x5245, 0x5245, 0x5245, 0x5245, 0x5245, 0x5245,
0x5245, 0x5245, 0x5245, 0x5245, 0x5245, 0x5245, 0x5245, 0x5245, 0x5245, 0x5245, 0x5245, 0x5245, 0x5245, 0x5245, 0x5245, 0x5245,
0x5245, 0x5245, 0x5245, 0x5245, 0x5245, 0x5245, 0x5245, 0x5245, 0x5245, 0x5245, 0x5245, 0x5245, 0x5245, 0x5245, 0x5245, 0x5245,
0x5245, 0x5245, 0x5245, 0x5245, 0x5245, 0x5245, 0x5245, 0x5245, 0x5245, 0x5245, 0x5245, 0x5245, 0x5245, 0x5245, 0x5245, 0x5245,
0x5245, 0x5245, 0x5245, 0x5245, 0x5245, 0x5245, 0x5245, 0x5245, 0x5245, 0x5245, 0x5245, 0x5245, 0x5245, 0x5245, 0x5245, 0x5245,
0x5245, 0x5245, 0x5245, 0x5245, 0x5245, 0x5245, 0x5245, 0x5245, 0x5245, 0x5245, 0x5245, 0x5245, 0x5245, 0x5245, 0x5245, 0x5245,
0x5245, 0x5245, 0x5245, 0x5245, 0x5245, 0x5245, 0x5245, 0x5245, 0x5245, 0x5245, 0x5245, 0x5245, 0x5245, 0x5245, 0x5245, 0x5245,
0x5245, 0x5245, 0x5245, 0x5245, 0x5245, 0x5245, 0x5245, 0x5245, 0x5245, 0x5245, 0x5245, 0x5245, 0x5245, 0x5245, 0x5245, 0x5245,
0x5245, 0x5245, 0x5245, 0x5245, 0x5245, 0x5245, 0x5245, 0x5245, 0x5245, 0x5245, 0x5245, 0x5245, 0x5245, 0x5245, 0x5245, 0x5245,
0x5245, 0x5245, 0x5245, 0x5245, 0x5245, 0x5245, 0x5245, 0x5245, 0x5245, 0x5245, 0x5245, 0x5245, 0x5245, 0x5245, 0x5245, 0x5245,
0x5245, 0x5245, 0x5245, 0x5245, 0x5245, 0x5245, 0x5245, 0x5245, 0x5245, 0x5245, 0x5245, 0x5245, 0x5245, 0x5245, 0x5245, 0x5245,
0x5245, 0x5245, 0x5245, 0x5245, 0x5245, 0x5245, 0x5245, 0x5245, 0x5245, 0x5245, 0x5245, 0x5245, 0x5245, 0x5245, 0x5245, 0x5245,
0x5245, 0x5245, 0x5245, 0x5245, 0x5245, 0x5245, 0x5245, 0x5245, 0x5245, 0x5245, 0x5245, 0x5245, 0x5245, 0x5245, 0x5245, 0x5245,
0x5245, 0x5245, 0x5245, 0x5245, 0x5245, 0x5245, 0x5245, 0x5245, 0x5245, 0x5245, 0x5245, 0x5245, 0x5245, 0x5245, 0x5245, 0x5245,
0x5245, 0x5245, 0x8BC9, 0x8BC9, 0x8BC9, 0x8BC9, 0x8BC9, 0x8BC9, 0x8BC9, 0x8BC9, 0x8BC9, 0x8BC9, 0x8BC9, 0x8BC9, 0x8BC9, 0x8BC9,
0x8BC9, 0x8BC9, 0x8BC9, 0x8BC9, 0x8BC9, 0x8BC9, 0x8BC9, 0x8BC9, 0x8BC9, 0x8BC9, 0x8BC9, 0x8BC9, 0x8BC9, 0x8BC9, 0x8BC9, 0x8BC9,
0x8BC9, 0x8BC9, 0x8BC9, 0x8BC9, 0x8BC9, 0x8BC9, 0x8BC9, 0x8BC9, 0x5245, 0x5245, 0xACAB, 0xACAB, 0xACAB, 0xACAB, 0xACAB, 0xACAB,
0xACAB, 0xACAB, 0xACAB, 0xACAB, 0xACAB, 0xACAB, 0xACAB, 0xACAB, 0xACAB, 0xACAB, 0xACAB, 0xACAB, 0xACAB, 0xACAB, 0xACAB, 0xACAB,
0xACAB, 0xACAB, 0xACAB, 0xACAB, 0xACAB, 0xACAB, 0xACAB, 0xACAB, 0xACAB, 0xACAB, 0xACAB, 0xACAB, 0xACAB, 0xACAB, 0xACAB, 0xACAB,
0x5245, 0x5245, 0x8BC9, 0x8BC9, 0x8BC9, 0x8BC9, 0x8BC9, 0x8BC9, 0x8BC9, 0x8BC9, 0x8BC9, 0x8BC9, 0x8BC9, 0x8BC9, 0x8BC9, 0x8BC9,
0x8BC9, 0x8BC9, 0x8BC9, 0x8BC9, 0x8BC9, 0x8BC9, 0x8BC9, 0x8BC9, 0x8BC9, 0x8BC9, 0x8BC9, 0x8BC9, 0x8BC9, 0x8BC9, 0x8BC9, 0x8BC9,
0x8BC9, 0x8BC9, 0x8BC9, 0x8BC9, 0x8BC9, 0x8BC9, 0x8BC9, 0x8BC9, 0x5245, 0x5245, 0xACAB, 0xACAB, 0xACAB, 0xACAB, 0xACAB, 0xACAB,
0xACAB, 0xACAB, 0xACAB, 0xACAB, 0xACAB, 0xACAB, 0xACAB, 0xACAB, 0xACAB, 0xACAB, 0xACAB, 0xACAB, 0xACAB, 0xACAB, 0xACAB, 0xACAB,
0xACAB, 0xACAB, 0xACAB, 0xACAB, 0xACAB, 0xACAB, 0xACAB, 0xACAB, 0xACAB, 0xACAB, 0xACAB, 0xACAB, 0xACAB, 0xACAB, 0xACAB, 0xACAB,
0x5245, 0x5245, 0x8BC9, 0x8BC9, 0x8BC9, 0x8BC9, 0x8BC9, 0x8BC9, 0x8BC9, 0x8BC9, 0x8BC9, 0x8BC9, 0x8BC9, 0x8BC9, 0x8BC9, 0x8BC9,
0x8BC9, 0x8BC9, 0x8BC9, 0x8BC9, 0x8BC9, 0x8BC9, 0x8BC9, 0x8BC9, 0x8BC9, 0x8BC9, 0x8BC9, 0x8BC9, 0x8BC9, 0x8BC9, 0x8BC9, 0x8BC9,
0x8BC9, 0x8BC9, 0x8BC9, 0x8BC9, 0x8BC9, 0x8BC9, 0x8BC9, 0x8BC9, 0x5245, 0x5245, 0xACAB, 0xACAB, 0xACAB, 0xACAB, 0xACAB, 0xACAB,
0xACAB, 0xACAB, 0xACAB, 0xACAB, 0xACAB, 0xACAB, 0xACAB, 0xACAB, 0xACAB, 0xACAB, 0xACAB, 0xACAB, 0xACAB, 0xACAB, 0xACAB, 0xACAB,
0xACAB, 0xACAB, 0xACAB, 0xACAB, 0xACAB, 0xACAB, 0xACAB, 0xACAB, 0xACAB, 0xACAB, 0xACAB, 0xACAB, 0xACAB, 0xACAB, 0xACAB, 0xACAB,
0x5245, 0x5245, 0x8BC9, 0x8BC9, 0x8BC9, 0x8BC9, 0x8BC9, 0x8BC9, 0x8BC9, 0x8BC9, 0x8BC9, 0x8BC9, 0x8BC9, 0x8BC9, 0x8BC9, 0x8BC9,
0x8BC9, 0x8BC9, 0x8BC9, 0x8BC9, 0x8BC9, 0x8BC9, 0x8BC9, 0x8BC9, 0x8BC9, 0x8BC9, 0x8BC9, 0x8BC9, 0x8BC9, 0x8BC9, 0x8BC9, 0x8BC9,
0x8BC9, 0x8BC9, 0x8BC9, 0x8BC9, 0x8BC9, 0x8BC9, 0x8BC9, 0x8BC9, 0x5245, 0x5245, 0xACAB, 0xACAB, 0xACAB, 0xACAB, 0xACAB, 0xACAB,
0xACAB, 0xACAB, 0xACAB, 0xACAB, 0xACAB, 0xACAB, 0xACAB, 0xACAB, 0xACAB, 0xACAB, 0xACAB, 0xACAB, 0xACAB, 0xACAB, 0xACAB, 0xACAB,
0xACAB, 0xACAB, 0xACAB, 0xACAB, 0xACAB, 0xACAB, 0xACAB, 0xACAB, 0xACAB, 0xACAB, 0xACAB, 0xACAB, 0xACAB, 0xACAB, 0xACAB, 0xACAB,
0x5245, 0x5245, 0x8BC9, 0x8BC9, 0x8BC9, 0x8BC9, 0x8BC9, 0x8BC9, 0x8BC9, 0x8BC9, 0x8BC9, 0x8BC9, 0x8BC9, 0x8BC9, 0x8BC9, 0x8BC9,
0x8BC9, 0x8BC9, 0x8BC9, 0x8BC9, 0x8BC9, 0x8BC9, 0x8BC9, 0x8BC9, 0x8BC9, 0x8BC9, 0x8BC9, 0x8BC9, 0x8BC9, 0x8BC9, 0x8BC9, 0x8BC9,
0x8BC9, 0x8BC9, 0x8BC9, 0x8BC9, 0x8BC9, 0x8BC9, 0x8BC9, 0x8BC9, 0x5245, 0x5245, 0xACAB, 0xACAB, 0xACAB, 0xACAB, 0xACAB, 0xACAB,
0xACAB, 0xACAB, 0xACAB, 0xACAB, 0xACAB, 0xACAB, 0xACAB, 0xACAB, 0xACAB, 0xACAB, 0xACAB, 0xACAB, 0xACAB, 0xACAB, 0xACAB, 0xACAB,
0xACAB, 0xACAB, 0xACAB, 0xACAB, 0xACAB, 0xACAB, 0xACAB, 0xACAB, 0xACAB, 0xACAB, 0xACAB, 0xACAB, 0xACAB, 0xACAB, 0xACAB, 0xACAB,
0x5245, 0x5245, 0x8BC9, 0x8BC9, 0x8BC9, 0x8BC9, 0x8BC9, 0x8BC9, 0x8BC9, 0x8BC9, 0x8BC9, 0x8BC9, 0x8BC9, 0x8BC9, 0x8BC9, 0x8BC9,
0x8BC9, 0x8BC9, 0x8BC9, 0x8BC9, 0x8BC9, 0x8BC9, 0x8BC9, 0x8BC9, 0x8BC9, 0x8BC9, 0x8BC9, 0x8BC9, 0x8BC9, 0x8BC9, 0x8BC9, 0x8BC9,
0x8BC9, 0x8BC9, 0x8BC9, 0x8BC9, 0x8BC9, 0x8BC9, 0x8BC9, 0x8BC9, 0x5245, 0x5245, 0xACAB, 0xACAB, 0xACAB, 0xACAB, 0xACAB, 0xACAB,
0xACAB, 0xACAB, 0xACAB, 0xACAB, 0xACAB, 0xACAB, 0xACAB, 0xACAB, 0xACAB, 0xACAB, 0xACAB, 0xACAB, 0xACAB, 0xACAB, 0xACAB, 0xACAB,
0xACAB, 0xACAB, 0xACAB, 0xACAB, 0xACAB, 0xACAB, 0xACAB, 0xACAB, 0xACAB, 0xACAB, 0xACAB, 0xACAB, 0xACAB, 0xACAB, 0xACAB, 0xACAB,
0x5245, 0x5245, 0x8BC9, 0x8BC9, 0x8BC9, 0x8BC9, 0x8BC9, 0x8BC9, 0x8BC9, 0x8BC9, 0x8BC9, 0x8BC9, 0x8BC9, 0x8BC9, 0x8BC9, 0x8BC9,
0x8BC9, 0x8BC9, 0x8BC9, 0x8BC9, 0x8BC9, 0x8BC9, 0x8BC9, 0x8BC9, 0x8BC9, 0x8BC9, 0x8BC9, 0x8BC9, 0x8BC9, 0x8BC9, 0x8BC9, 0x8BC9,
0x8BC9, 0x8BC9, 0x8BC9, 0x8BC9, 0x8BC9, 0x8BC9, 0x8BC9, 0x8BC9, 0x5245, 0x5245, 0xACAB, 0xACAB, 0xACAB, 0xACAB, 0xACAB, 0xACAB,
0xACAB, 0xACAB, 0xACAB, 0xACAB, 0xACAB, 0xACAB, 0xACAB, 0xACAB, 0xACAB, 0xACAB, 0xACAB, 0xACAB, 0xACAB, 0xACAB, 0xACAB, 0xACAB,
0xACAB, 0xACAB, 0xACAB, 0xACAB, 0xACAB, 0xACAB, 0xACAB, 0xACAB, 0xACAB, 0xACAB, 0xACAB, 0xACAB, 0xACAB, 0xACAB, 0xACAB, 0xACAB,
0x5245, 0x5245, 0x8BC9, 0x8BC9, 0x8BC9, 0x8BC9, 0x8BC9, 0x8BC9, 0x8BC9, 0x8BC9, 0x8BC9, 0x8BC9, 0x8BC9, 0x8BC9, 0x8BC9, 0x8BC9,
0x8BC9, 0x8BC9, 0x8BC9, 0x8BC9, 0x8BC9, 0x8BC9, 0x8BC9, 0x8BC9, 0x8BC9, 0x8BC9, 0x8BC9, 0x8BC9, 0x8BC9, 0x8BC9, 0x8BC9, 0x8BC9,
0x8BC9, 0x8BC9, 0x8BC9, 0x8BC9, 0x8BC9, 0x8BC9, 0x8BC9, 0x8BC9, 0x5245, 0x5245, 0xACAB, 0xACAB, 0xACAB, 0xACAB, 0xACAB, 0xACAB,
0xACAB, 0xACAB, 0xACAB, 0xACAB, 0xACAB, 0xACAB, 0xACAB, 0xACAB, 0xACAB, 0xACAB, 0xACAB, 0xACAB, 0xACAB, 0xACAB, 0xACAB, 0xACAB,
0xACAB, 0xACAB, 0xACAB, 0xACAB, 0xACAB, 0xACAB, 0xACAB, 0xACAB, 0xACAB, 0xACAB, 0xACAB, 0xACAB, 0xACAB, 0xACAB, 0xACAB, 0xACAB,
0x5245, 0x5245, 0x8BC9, 0x8BC9, 0x8BC9, 0x8BC9, 0x8BC9, 0x8BC9, 0x8BC9, 0x8BC9, 0x8BC9, 0x8BC9, 0x8BC9, 0x8BC9, 0x8BC9, 0x8BC9,
0x8BC9, 0x8BC9, 0x8BC9, 0x8BC9, 0x8BC9, 0x8BC9, 0x8BC9, 0x8BC9, 0x8BC9, 0x8BC9, 0x8BC9, 0x8BC9, 0x8BC9, 0x8BC9, 0x8BC9, 0x8BC9,
0x8BC9, 0x8BC9, 0x8BC9, 0x8BC9, 0x8BC9, 0x8BC9, 0x8BC9, 0x8BC9, 0x5245, 0x5245, 0xACAB, 0xACAB, 0xACAB, 0xACAB, 0xACAB, 0xACAB,
0xACAB, 0xACAB, 0xACAB, 0xACAB, 0xACAB, 0xACAB, 0xACAB, 0xACAB, 0xACAB, 0xACAB, 0xACAB, 0xACAB, 0xACAB, 0xACAB, 0xACAB, 0xACAB,
0xACAB, 0xACAB, 0xACAB, 0xACAB, 0xACAB, 0xACAB, 0xACAB, 0xACAB, 0xACAB, 0xACAB, 0xACAB, 0xACAB, 0xACAB, 0xACAB, 0xACAB, 0xACAB,
0x5245, 0x5245, 0x8BC9, 0x8BC9, 0x8BC9, 0x8BC9, 0x8BC9, 0x8BC9, 0x8BC9, 0x8BC9, 0x8BC9, 0x8BC9, 0x8BC9, 0x8BC9, 0x8BC9, 0x8BC9,
0x8BC9, 0x8BC9, 0x8BC9, 0x8BC9, 0x8BC9, 0x8BC9, 0x8BC9, 0x8BC9, 0x8BC9, 0x8BC9, 0x8BC9, 0x8BC9, 0x8BC9, 0x8BC9, 0x8BC9, 0x8BC9,
0x8BC9, 0x8BC9, 0x8BC9, 0x8BC9, 0x8BC9, 0x8BC9, 0x8BC9, 0x8BC9, 0x5245, 0x5245, 0xACAB, 0xACAB, 0xACAB, 0xACAB, 0xACAB, 0xACAB,
0xACAB, 0xACAB, 0xACAB, 0xACAB, 0xACAB, 0xACAB, 0xACAB, 0xACAB, 0xACAB, 0xACAB, 0xACAB, 0xACAB, 0xACAB, 0xACAB, 0xACAB, 0xACAB,
0xACAB, 0xACAB, 0xACAB, 0xACAB, 0xACAB, 0xACAB, 0xACAB, 0xACAB, 0xACAB, 0xACAB, 0xACAB, 0xACAB, 0xACAB, 0xACAB, 0xACAB, 0xACAB,
0x5245, 0x5245, 0x8BC9, 0x8BC9, 0x8BC9, 0x8BC9, 0x8BC9, 0x8BC9, 0x8BC9, 0x8BC9, 0x8BC9, 0x8BC9, 0x8BC9, 0x8BC9, 0x8BC9, 0x8BC9,
0x8BC9, 0x8BC9, 0x8BC9, 0x8BC9, 0x8BC9, 0x8BC9, 0x8BC9, 0x8BC9, 0x8BC9, 0x8BC9, 0x8BC9, 0x8BC9, 0x8BC9, 0x8BC9, 0x8BC9, 0x8BC9,
0x8BC9, 0x8BC9, 0x8BC9, 0x8BC9, 0x8BC9, 0x8BC9, 0x8BC9, 0x8BC9, 0x5245, 0x5245, 0xACAB, 0xACAB, 0xACAB, 0xACAB, 0xACAB, 0xACAB,
0xACAB, 0xACAB, 0xACAB, 0xACAB, 0xACAB, 0xACAB, 0xACAB, 0xACAB, 0xACAB, 0xACAB, 0xACAB, 0xACAB, 0xACAB, 0xACAB, 0xACAB, 0xACAB,
0xACAB, 0xACAB, 0xACAB, 0xACAB, 0xACAB, 0xACAB, 0xACAB, 0xACAB, 0xACAB, 0xACAB, 0xACAB, 0xACAB, 0xACAB, 0xACAB, 0xACAB, 0xACAB,
0x5245, 0x5245, 0x8BC9, 0x8BC9, 0x8BC9, 0x8BC9, 0x8BC9, 0x8BC9, 0x8BC9, 0x8BC9, 0x8BC9, 0x8BC9, 0x8BC9, 0x8BC9, 0x8BC9, 0x8BC9,
0x8BC9, 0x8BC9, 0x8BC9, 0x8BC9, 0x8BC9, 0x8BC9, 0x8BC9, 0x8BC9, 0x8BC9, 0x8BC9, 0x8BC9, 0x8BC9, 0x8BC9, 0x8BC9, 0x8BC9, 0x8BC9,
0x8BC9, 0x8BC9, 0x8BC9, 0x8BC9, 0x8BC9, 0x8BC9, 0x8BC9, 0x8BC9, 0x5245, 0x5245, 0xACAB, 0xACAB, 0xACAB, 0xACAB, 0xACAB, 0xACAB,
0xACAB, 0xACAB, 0xACAB, 0xACAB, 0xACAB, 0xACAB, 0xACAB, 0xACAB, 0xACAB, 0xACAB, 0xACAB, 0xACAB, 0xACAB, 0xACAB, 0xACAB, 0xACAB,
0xACAB, 0xACAB, 0xACAB, 0xACAB, 0xACAB, 0xACAB, 0xACAB, 0xACAB, 0xACAB, 0xACAB, 0xACAB, 0xACAB, 0xACAB, 0xACAB, 0xACAB, 0xACAB,
0x5245, 0x5245, 0x8BC9, 0x8BC9, 0x8BC9, 0x8BC9, 0x8BC9, 0x8BC9, 0x8BC9, 0x8BC9, 0x8BC9, 0x8BC9, 0x8BC9, 0x8BC9, 0x8BC9, 0x8BC9,
0x8BC9, 0x8BC9, 0x8BC9, 0x8BC9, 0x8BC9, 0x8BC9, 0x8BC9, 0x8BC9, 0x8BC9, 0x8BC9, 0x8BC9, 0x8BC9, 0x8BC9, 0x8BC9, 0x8BC9, 0x8BC9,
0x8BC9, 0x8BC9, 0x8BC9, 0x8BC9, 0x8BC9, 0x8BC9, 0x8BC9, 0x8BC9, 0x5245, 0x5245, 0xACAB, 0xACAB, 0xACAB, 0xACAB, 0xACAB, 0xACAB,
0xACAB, 0xACAB, 0xACAB, 0xACAB, 0xACAB, 0xACAB, 0xACAB, 0xACAB, 0xACAB, 0xACAB, 0xACAB, 0xACAB, 0xACAB, 0xACAB, 0xACAB, 0xACAB,
0xACAB, 0xACAB, 0xACAB, 0xACAB, 0xACAB, 0xACAB, 0xACAB, 0xACAB, 0xACAB, 0xACAB, 0xACAB, 0xACAB, 0xACAB, 0xACAB, 0xACAB, 0xACAB,
0x5245, 0x5245, 0x8BC9, 0x8BC9, 0x8BC9, 0x8BC9, 0x8BC9, 0x8BC9, 0x8BC9, 0x8BC9, 0x8BC9, 0x8BC9, 0x8BC9, 0x8BC9, 0x8BC9, 0x8BC9,
0x8BC9, 0x8BC9, 0x8BC9, 0x8BC9, 0x8BC9, 0x8BC9, 0x8BC9, 0x8BC9, 0x8BC9, 0x8BC9, 0x8BC9, 0x8BC9, 0x8BC9, 0x8BC9, 0x8BC9, 0x8BC9,
0x8BC9, 0x8BC9, 0x8BC9, 0x8BC9, 0x8BC9, 0x8BC9, 0x8BC9, 0x8BC9, 0x5245, 0x5245, 0xACAB, 0xACAB, 0xACAB, 0xACAB, 0xACAB, 0xACAB,
0xACAB, 0xACAB, 0xACAB, 0xACAB, 0xACAB, 0xACAB, 0xACAB, 0xACAB, 0xACAB, 0xACAB, 0xACAB, 0xACAB, 0xACAB, 0xACAB, 0xACAB, 0xACAB,
0xACAB, 0xACAB, 0xACAB, 0xACAB, 0xACAB, 0xACAB, 0xACAB, 0xACAB, 0xACAB, 0xACAB, 0xACAB, 0xACAB, 0xACAB, 0xACAB, 0xACAB, 0xACAB,
0x5245, 0x5245, 0x8BC9, 0x8BC9, 0x8BC9, 0x8BC9, 0x8BC9, 0x8BC9, 0x8BC9, 0x8BC9, 0x8BC9, 0x8BC9, 0x8BC9, 0x8BC9, 0x8BC9, 0x8BC9,
0x8BC9, 0x8BC9, 0x8BC9, 0x8BC9, 0x8BC9, 0x8BC9, 0x8BC9, 0x8BC9, 0x8BC9, 0x8BC9, 0x8BC9, 0x8BC9, 0x8BC9, 0x8BC9, 0x8BC9, 0x8BC9,
0x8BC9, 0x8BC9, 0x8BC9, 0x8BC9, 0x8BC9, 0x8BC9, 0x8BC9, 0x8BC9, 0x5245, 0x5245, 0xACAB, 0xACAB, 0xACAB, 0xACAB, 0xACAB, 0xACAB,
0xACAB, 0xACAB, 0xACAB, 0xACAB, 0xACAB, 0xACAB, 0xACAB, 0xACAB, 0xACAB, 0xACAB, 0xACAB, 0xACAB, 0xACAB, 0xACAB, 0xACAB, 0xACAB,
0xACAB, 0xACAB, 0xACAB, 0xACAB, 0xACAB, 0xACAB, 0xACAB, 0xACAB, 0xACAB, 0xACAB, 0xACAB, 0xACAB, 0xACAB, 0xACAB, 0xACAB, 0xACAB,
0x5245, 0x5245, 0x8BC9, 0x8BC9, 0x8BC9, 0x8BC9, 0x8BC9, 0x8BC9, 0x8BC9, 0x8BC9, 0x8BC9, 0x8BC9, 0x8BC9, 0x8BC9, 0x8BC9, 0x8BC9,
0x8BC9, 0x8BC9, 0x8BC9, 0x8BC9, 0x8BC9, 0x8BC9, 0x8BC9, 0x8BC9, 0x8BC9, 0x8BC9, 0x8BC9, 0x8BC9, 0x8BC9, 0x8BC9, 0x8BC9, 0x8BC9,
0x8BC9, 0x8BC9, 0x8BC9, 0x8BC9, 0x8BC9, 0x8BC9, 0x8BC9, 0x8BC9, 0x5245, 0x5245, 0xACAB, 0xACAB, 0xACAB, 0xACAB, 0xACAB, 0xACAB,
0xACAB, 0xACAB, 0xACAB, 0xACAB, 0xACAB, 0xACAB, 0xACAB, 0xACAB, 0xACAB, 0xACAB, 0xACAB, 0xACAB, 0xACAB, 0xACAB, 0xACAB, 0xACAB,
0xACAB, 0xACAB, 0xACAB, 0xACAB, 0xACAB, 0xACAB, 0xACAB, 0xACAB, 0xACAB, 0xACAB, 0xACAB, 0xACAB, 0xACAB, 0xACAB, 0xACAB, 0xACAB,
0x5245, 0x5245, 0x8BC9, 0x8BC9, 0x8BC9, 0x8BC9, 0x8BC9, 0x8BC9, 0x8BC9, 0x8BC9, 0x8BC9, 0x8BC9, 0x8BC9, 0x8BC9, 0x8BC9, 0x8BC9,
0x8BC9, 0x8BC9, 0x8BC9, 0x8BC9, 0x8BC9, 0x8BC9, 0x8BC9, 0x8BC9, 0x8BC9, 0x8BC9, 0x8BC9, 0x8BC9, 0x8BC9, 0x8BC9, 0x8BC9, 0x8BC9,
0x8BC9, 0x8BC9, 0x8BC9, 0x8BC9, 0x8BC9, 0x8BC9, 0x8BC9, 0x8BC9, 0x5245, 0x5245, 0xACAB, 0xACAB, 0xACAB, 0xACAB, 0xACAB, 0xACAB,
0xACAB, 0xACAB, 0xACAB, 0xACAB, 0xACAB, 0xACAB, 0xACAB, 0xACAB, 0xACAB, 0xACAB, 0xACAB, 0xACAB, 0xACAB, 0xACAB, 0xACAB, 0xACAB,
0xACAB, 0xACAB, 0xACAB, 0xACAB, 0xACAB, 0xACAB, 0xACAB, 0xACAB, 0xACAB, 0xACAB, 0xACAB, 0xACAB, 0xACAB, 0xACAB, 0xACAB, 0xACAB,
0x5245, 0x5245, 0x8BC9, 0x8BC9, 0x8BC9, 0x8BC9, 0x8BC9, 0x8BC9, 0x8BC9, 0x8BC9, 0x8BC9, 0x8BC9, 0x8BC9, 0x8BC9, 0x8BC9, 0x8BC9,
0x8BC9, 0x8BC9, 0x8BC9, 0x8BC9, 0x8BC9, 0x8BC9, 0x8BC9, 0x8BC9, 0x8BC9, 0x8BC9, 0x8BC9, 0x8BC9, 0x8BC9, 0x8BC9, 0x8BC9, 0x8BC9,
0x8BC9, 0x8BC9, 0x8BC9, 0x8BC9, 0x8BC9, 0x8BC9, 0x8BC9, 0x8BC9, 0x5245, 0x5245, 0xACAB, 0xACAB, 0xACAB, 0xACAB, 0xACAB, 0xACAB,
0xACAB, 0xACAB, 0xACAB, 0xACAB, 0xACAB, 0xACAB, 0xACAB, 0xACAB, 0xACAB, 0xACAB, 0xACAB, 0xACAB, 0xACAB, 0xACAB, 0xACAB, 0xACAB,
0xACAB, 0xACAB, 0xACAB, 0xACAB, 0xACAB, 0xACAB, 0xACAB, 0xACAB, 0xACAB, 0xACAB, 0xACAB, 0xACAB, 0xACAB, 0xACAB, 0xACAB, 0xACAB,
0x5245, 0x5245, 0x8BC9, 0x8BC9, 0x8BC9, 0x8BC9, 0x8BC9, 0x8BC9, 0x8BC9, 0x8BC9, 0x8BC9, 0x8BC9, 0x8BC9, 0x8BC9, 0x8BC9, 0x8BC9,
0x8BC9, 0x8BC9, 0x8BC9, 0x8BC9, 0x8BC9, 0x8BC9, 0x8BC9, 0x8BC9, 0x8BC9, 0x8BC9, 0x8BC9, 0x8BC9, 0x8BC9, 0x8BC9, 0x8BC9, 0x8BC9,
0x8BC9, 0x8BC9, 0x8BC9, 0x8BC9, 0x8BC9, 0x8BC9, 0x8BC9, 0x8BC9, 0x5245, 0x5245, 0xACAB, 0xACAB, 0xACAB, 0xACAB, 0xACAB, 0xACAB,
0xACAB, 0xACAB, 0xACAB, 0xACAB, 0xACAB, 0xACAB, 0xACAB, 0xACAB, 0xACAB, 0xACAB, 0xACAB, 0xACAB, 0xACAB, 0xACAB, 0xACAB, 0xACAB,
0xACAB, 0xACAB, 0xACAB, 0xACAB, 0xACAB, 0xACAB, 0xACAB, 0xACAB, 0xACAB, 0xACAB, 0xACAB, 0xACAB, 0xACAB, 0xACAB, 0xACAB, 0xACAB,
0x5245, 0x5245, 0x8BC9, 0x8BC9, 0x8BC9, 0x8BC9, 0x8BC9, 0x8BC9, 0x8BC9, 0x8BC9, 0x8BC9, 0x8BC9, 0x8BC9, 0x8BC9, 0x8BC9, 0x8BC9,
0x8BC9, 0x8BC9, 0x8BC9, 0x8BC9, 0x8BC9, 0x8BC9, 0x8BC9, 0x8BC9, 0x8BC9, 0x8BC9, 0x8BC9, 0x8BC9, 0x8BC9, 0x8BC9, 0x8BC9, 0x8BC9,
0x8BC9, 0x8BC9, 0x8BC9, 0x8BC9, 0x8BC9, 0x8BC9, 0x8BC9, 0x8BC9, 0x5245, 0x5245, 0xACAB, 0xACAB, 0xACAB, 0xACAB, 0xACAB, 0xACAB,
0xACAB, 0xACAB, 0xACAB, 0xACAB, 0xACAB, 0xACAB, 0xACAB, 0xACAB, 0xACAB, 0xACAB, 0xACAB, 0xACAB, 0xACAB, 0xACAB, 0xACAB, 0xACAB,
0xACAB, 0xACAB, 0xACAB, 0xACAB, 0xACAB, 0xACAB, 0xACAB, 0xACAB, 0xACAB, 0xACAB, 0xACAB, 0xACAB, 0xACAB, 0xACAB, 0xACAB, 0xACAB,
0x5245, 0x5245, 0x8BC9, 0x8BC9, 0x8BC9, 0x8BC9, 0x8BC9, 0x8BC9, 0x8BC9, 0x8BC9, 0x8BC9, 0x8BC9, 0x8BC9, 0x8BC9, 0x8BC9, 0x8BC9,
0x8BC9, 0x8BC9, 0x8BC9, 0x8BC9, 0x8BC9, 0x8BC9, 0x8BC9, 0x8BC9, 0x8BC9, 0x8BC9, 0x8BC9, 0x8BC9, 0x8BC9, 0x8BC9, 0x8BC9, 0x8BC9,
0x8BC9, 0x8BC9, 0x8BC9, 0x8BC9, 0x8BC9, 0x8BC9, 0x8BC9, 0x8BC9, 0x5245, 0x5245, 0xACAB, 0xACAB, 0xACAB, 0xACAB, 0xACAB, 0xACAB,
0xACAB, 0xACAB, 0xACAB, 0xACAB, 0xACAB, 0xACAB, 0xACAB, 0xACAB, 0xACAB, 0xACAB, 0xACAB, 0xACAB, 0xACAB, 0xACAB, 0xACAB, 0xACAB,
0xACAB, 0xACAB, 0xACAB, 0xACAB, 0xACAB, 0xACAB, 0xACAB, 0xACAB, 0xACAB, 0xACAB, 0xACAB, 0xACAB, 0xACAB, 0xACAB, 0xACAB, 0xACAB,
0x5245, 0x5245, 0x8BC9, 0x8BC9, 0x8BC9, 0x8BC9, 0x8BC9, 0x8BC9, 0x8BC9, 0x8BC9, 0x8BC9, 0x8BC9, 0x8BC9, 0x8BC9, 0x8BC9, 0x8BC9,
0x8BC9, 0x8BC9, 0x8BC9, 0x8BC9, 0x8BC9, 0x8BC9, 0x8BC9, 0x8BC9, 0x8BC9, 0x8BC9, 0x8BC9, 0x8BC9, 0x8BC9, 0x8BC9, 0x8BC9, 0x8BC9,
0x8BC9, 0x8BC9, 0x8BC9, 0x8BC9, 0x8BC9, 0x8BC9, 0x8BC9, 0x8BC9, 0x5245, 0x5245, 0xACAB, 0xACAB, 0xACAB, 0xACAB, 0xACAB, 0xACAB,
0xACAB, 0xACAB, 0xACAB, 0xACAB, 0xACAB, 0xACAB, 0xACAB, 0xACAB, 0xACAB, 0xACAB, 0xACAB, 0xACAB, 0xACAB, 0xACAB, 0xACAB, 0xACAB,
0xACAB, 0xACAB, 0xACAB, 0xACAB, 0xACAB, 0xACAB, 0xACAB, 0xACAB, 0xACAB, 0xACAB, 0xACAB, 0xACAB, 0xACAB, 0xACAB, 0xACAB, 0xACAB,
0x5245, 0x5245, 0x8BC9, 0x8BC9, 0x8BC9, 0x8BC9, 0x8BC9, 0x8BC9, 0x8BC9, 0x8BC9, 0x8BC9, 0x8BC9, 0x8BC9, 0x8BC9, 0x8BC9, 0x8BC9,
0x8BC9, 0x8BC9, 0x8BC9, 0x8BC9, 0x8BC9, 0x8BC9, 0x8BC9, 0x8BC9, 0x8BC9, 0x8BC9, 0x8BC9, 0x8BC9, 0x8BC9, 0x8BC9, 0x8BC9, 0x8BC9,
0x8BC9, 0x8BC9, 0x8BC9, 0x8BC9, 0x8BC9, 0x8BC9, 0x8BC9, 0x8BC9, 0x5245, 0x5245, 0xACAB, 0xACAB, 0xACAB, 0xACAB, 0xACAB, 0xACAB,
0xACAB, 0xACAB, 0xACAB, 0xACAB, 0xACAB, 0xACAB, 0xACAB, 0xACAB, 0xACAB, 0xACAB, 0xACAB, 0xACAB, 0xACAB, 0xACAB, 0xACAB, 0xACAB,
0xACAB, 0xACAB, 0xACAB, 0xACAB, 0xACAB, 0xACAB, 0xACAB, 0xACAB, 0xACAB, 0xACAB, 0xACAB, 0xACAB, 0xACAB, 0xACAB, 0xACAB, 0xACAB,
0x5245, 0x5245, 0x8BC9, 0x8BC9, 0x8BC9, 0x8BC9, 0x8BC9, 0x8BC9, 0x8BC9, 0x8BC9, 0x8BC9, 0x8BC9, 0x8BC9, 0x8BC9, 0x8BC9, 0x8BC9,
0x8BC9, 0x8BC9, 0x8BC9, 0x8BC9, 0x8BC9, 0x8BC9, 0x8BC9, 0x8BC9, 0x8BC9, 0x8BC9, 0x8BC9, 0x8BC9, 0x8BC9, 0x8BC9, 0x8BC9, 0x8BC9,
0x8BC9, 0x8BC9, 0x8BC9, 0x8BC9, 0x8BC9, 0x8BC9, 0x8BC9, 0x8BC9, 0x5245, 0x5245, 0xACAB, 0xACAB, 0xACAB, 0xACAB, 0xACAB, 0xACAB,
0xACAB, 0xACAB, 0xACAB, 0xACAB, 0xACAB, 0xACAB, 0xACAB, 0xACAB, 0xACAB, 0xACAB, 0xACAB, 0xACAB, 0xACAB, 0xACAB, 0xACAB, 0xACAB,
0xACAB, 0xACAB, 0xACAB, 0xACAB, 0xACAB, 0xACAB, 0xACAB, 0xACAB, 0xACAB, 0xACAB, 0xACAB, 0xACAB, 0xACAB, 0xACAB, 0xACAB, 0xACAB,
0x5245, 0x5245, 0x8BC9, 0x8BC9, 0x8BC9, 0x8BC9, 0x8BC9, 0x8BC9, 0x8BC9, 0x8BC9, 0x8BC9, 0x8BC9, 0x8BC9, 0x8BC9, 0x8BC9, 0x8BC9,
0x8BC9, 0x8BC9, 0x8BC9, 0x8BC9, 0x8BC9, 0x8BC9, 0x8BC9, 0x8BC9, 0x8BC9, 0x8BC9, 0x8BC9, 0x8BC9, 0x8BC9, 0x8BC9, 0x8BC9, 0x8BC9,
0x8BC9, 0x8BC9, 0x8BC9, 0x8BC9, 0x8BC9, 0x8BC9, 0x8BC9, 0x8BC9, 0x5245, 0x5245, 0xACAB, 0xACAB, 0xACAB, 0xACAB, 0xACAB, 0xACAB,
0xACAB, 0xACAB, 0xACAB, 0xACAB, 0xACAB, 0xACAB, 0xACAB, 0xACAB, 0xACAB, 0xACAB, 0xACAB, 0xACAB, 0xACAB, 0xACAB, 0xACAB, 0xACAB,
0xACAB, 0xACAB, 0xACAB, 0xACAB, 0xACAB, 0xACAB, 0xACAB, 0xACAB, 0xACAB, 0xACAB, 0xACAB, 0xACAB, 0xACAB, 0xACAB, 0xACAB, 0xACAB,
0x5245, 0x5245, 0x8BC9, 0x8BC9, 0x8BC9, 0x8BC9, 0x8BC9, 0x8BC9, 0x8BC9, 0x8BC9, 0x8BC9, 0x8BC9, 0x8BC9, 0x8BC9, 0x8BC9, 0x8BC9,
0x8BC9, 0x8BC9, 0x8BC9, 0x8BC9, 0x8BC9, 0x8BC9, 0x8BC9, 0x8BC9, 0x8BC9, 0x8BC9, 0x8BC9, 0x8BC9, 0x8BC9, 0x8BC9, 0x8BC9, 0x8BC9,
0x8BC9, 0x8BC9, 0x8BC9, 0x8BC9, 0x8BC9, 0x8BC9, 0x8BC9, 0x8BC9, 0x5245, 0x5245, 0xACAB, 0xACAB, 0xACAB, 0xACAB, 0xACAB, 0xACAB,
0xACAB, 0xACAB, 0xACAB, 0xACAB, 0xACAB, 0xACAB, 0xACAB, 0xACAB, 0xACAB, 0xACAB, 0xACAB, 0xACAB, 0xACAB, 0xACAB, 0xACAB, 0xACAB,
0xACAB, 0xACAB, 0xACAB, 0xACAB, 0xACAB, 0xACAB, 0xACAB, 0xACAB, 0xACAB, 0xACAB, 0xACAB, 0xACAB, 0xACAB, 0xACAB, 0xACAB, 0xACAB,
0x5245, 0x5245, 0x8BC9, 0x8BC9, 0x8BC9, 0x8BC9, 0x8BC9, 0x8BC9, 0x8BC9, 0x8BC9, 0x8BC9, 0x8BC9, 0x8BC9, 0x8BC9, 0x8BC9, 0x8BC9,
0x8BC9, 0x8BC9, 0x8BC9, 0x8BC9, 0x8BC9, 0x8BC9, 0x8BC9, 0x8BC9, 0x8BC9, 0x8BC9, 0x8BC9, 0x8BC9, 0x8BC9, 0x8BC9, 0x8BC9, 0x8BC9,
0x8BC9, 0x8BC9, 0x8BC9, 0x8BC9, 0x8BC9, 0x8BC9, 0x8BC9, 0x8BC9, 0x5245, 0x5245, 0xACAB, 0xACAB, 0xACAB, 0xACAB, 0xACAB, 0xACAB,
0xACAB, 0xACAB, 0xACAB, 0xACAB, 0xACAB, 0xACAB, 0xACAB, 0xACAB, 0xACAB, 0xACAB, 0xACAB, 0xACAB, 0xACAB, 0xACAB, 0xACAB, 0xACAB,
0xACAB, 0xACAB, 0xACAB, 0xACAB, 0xACAB, 0xACAB, 0xACAB, 0xACAB, 0xACAB, 0xACAB, 0xACAB, 0xACAB, 0xACAB, 0xACAB, 0xACAB, 0xACAB,
0x5245, 0x5245, 0x8BC9, 0x8BC9, 0x8BC9, 0x8BC9, 0x8BC9, 0x8BC9, 0x8BC9, 0x8BC9, 0x8BC9, 0x8BC9, 0x8BC9, 0x8BC9, 0x8BC9, 0x8BC9,
0x8BC9, 0x8BC9, 0x8BC9, 0x8BC9, 0x8BC9, 0x8BC9, 0x8BC9, 0x8BC9, 0x8BC9, 0x8BC9, 0x8BC9, 0x8BC9, 0x8BC9, 0x8BC9, 0x8BC9, 0x8BC9,
0x8BC9, 0x8BC9, 0x8BC9, 0x8BC9, 0x8BC9, 0x8BC9, 0x8BC9, 0x8BC9, 0x5245, 0x5245, 0xACAB, 0xACAB, 0xACAB, 0xACAB, 0xACAB, 0xACAB,
0xACAB, 0xACAB, 0xACAB, 0xACAB, 0xACAB, 0xACAB, 0xACAB, 0xACAB, 0xACAB, 0xACAB, 0xACAB, 0xACAB, 0xACAB, 0xACAB, 0xACAB, 0xACAB,
0xACAB, 0xACAB, 0xACAB, 0xACAB, 0xACAB, 0xACAB, 0xACAB, 0xACAB, 0xACAB, 0xACAB, 0xACAB, 0xACAB, 0xACAB, 0xACAB, 0xACAB, 0xACAB,
0x5245, 0x5245, 0x8BC9, 0x8BC9, 0x8BC9, 0x8BC9, 0x8BC9, 0x8BC9, 0x8BC9, 0x8BC9, 0x8BC9, 0x8BC9, 0x8BC9, 0x8BC9, 0x8BC9, 0x8BC9,
0x8BC9, 0x8BC9, 0x8BC9, 0x8BC9, 0x8BC9, 0x8BC9, 0x8BC9, 0x8BC9, 0x8BC9, 0x8BC9, 0x8BC9, 0x8BC9, 0x8BC9, 0x8BC9, 0x8BC9, 0x8BC9,
0x8BC9, 0x8BC9, 0x8BC9, 0x8BC9, 0x8BC9, 0x8BC9, 0x8BC9, 0x8BC9, 0x5245, 0x5245, 0xACAB, 0xACAB, 0xACAB, 0xACAB, 0xACAB, 0xACAB,
0xACAB, 0xACAB, 0xACAB, 0xACAB, 0xACAB, 0xACAB, 0xACAB, 0xACAB, 0xACAB, 0xACAB, 0xACAB, 0xACAB, 0xACAB, 0xACAB, 0xACAB, 0xACAB,
0xACAB, 0xACAB, 0xACAB, 0xACAB, 0xACAB, 0xACAB, 0xACAB, 0xACAB, 0xACAB, 0xACAB, 0xACAB, 0xACAB, 0xACAB, 0xACAB, 0xACAB, 0xACAB,
0x5245, 0x5245, 0x8BC9, 0x8BC9, 0x8BC9, 0x8BC9, 0x8BC9, 0x8BC9, 0x8BC9, 0x8BC9, 0x8BC9, 0x8BC9, 0x8BC9, 0x8BC9, 0x8BC9, 0x8BC9,
0x8BC9, 0x8BC9, 0x8BC9, 0x8BC9, 0x8BC9, 0x8BC9, 0x8BC9, 0x8BC9, 0x8BC9, 0x8BC9, 0x8BC9, 0x8BC9, 0x8BC9, 0x8BC9, 0x8BC9, 0x8BC9,
0x8BC9, 0x8BC9, 0x8BC9, 0x8BC9, 0x8BC9, 0x8BC9, 0x8BC9, 0x8BC9, 0x5245, 0x5245, 0xACAB, 0xACAB, 0xACAB, 0xACAB, 0xACAB, 0xACAB,
0xACAB, 0xACAB, 0xACAB, 0xACAB, 0xACAB, 0xACAB, 0xACAB, 0xACAB, 0xACAB, 0xACAB, 0xACAB, 0xACAB, 0xACAB, 0xACAB, 0xACAB, 0xACAB,
0xACAB, 0xACAB, 0xACAB, 0xACAB, 0xACAB, 0xACAB, 0xACAB, 0xACAB, 0xACAB, 0xACAB, 0xACAB, 0xACAB, 0xACAB, 0xACAB, 0xACAB, 0xACAB,
0x5245, 0x5245, 0x8BC9, 0x8BC9, 0x8BC9, 0x8BC9, 0x8BC9, 0x8BC9, 0x8BC9, 0x8BC9, 0x8BC9, 0x8BC9, 0x8BC9, 0x8BC9, 0x8BC9, 0x8BC9,
0x8BC9, 0x8BC9, 0x8BC9, 0x8BC9, 0x8BC9, 0x8BC9, 0x8BC9, 0x8BC9, 0x8BC9, 0x8BC9, 0x8BC9, 0x8BC9, 0x8BC9, 0x8BC9, 0x8BC9, 0x8BC9,
0x8BC9, 0x8BC9, 0x8BC9, 0x8BC9, 0x8BC9, 0x8BC9, 0x8BC9, 0x8BC9, 0x5245, 0x5245, 0xACAB, 0xACAB, 0xACAB, 0xACAB, 0xACAB, 0xACAB,
0xACAB, 0xACAB, 0xACAB, 0xACAB, 0xACAB, 0xACAB, 0xACAB, 0xACAB, 0xACAB, 0xACAB, 0xACAB, 0xACAB, 0xACAB, 0xACAB, 0xACAB, 0xACAB,
0xACAB, 0xACAB, 0xACAB, 0xACAB, 0xACAB, 0xACAB, 0xACAB, 0xACAB, 0xACAB, 0xACAB, 0xACAB, 0xACAB, 0xACAB, 0xACAB, 0xACAB, 0xACAB,
0x5245, 0x5245, 0x8BC9, 0x8BC9, 0x8BC9, 0x8BC9, 0x8BC9, 0x8BC9, 0x8BC9, 0x8BC9, 0x8BC9, 0x8BC9, 0x8BC9, 0x8BC9, 0x8BC9, 0x8BC9,
0x8BC9, 0x8BC9, 0x8BC9, 0x8BC9, 0x8BC9, 0x8BC9, 0x8BC9, 0x8BC9, 0x8BC9, 0x8BC9, 0x8BC9, 0x8BC9, 0x8BC9, 0x8BC9, 0x8BC9, 0x8BC9,
0x8BC9, 0x8BC9, 0x8BC9, 0x8BC9, 0x8BC9, 0x8BC9, 0x8BC9, 0x8BC9, 0x5245, 0x5245, 0xACAB, 0xACAB, 0xACAB, 0xACAB, 0xACAB, 0xACAB,
0xACAB, 0xACAB, 0xACAB, 0xACAB, 0xACAB, 0xACAB, 0xACAB, 0xACAB, 0xACAB, 0xACAB, 0xACAB, 0xACAB, 0xACAB, 0xACAB, 0xACAB, 0xACAB,
0xACAB, 0xACAB, 0xACAB, 0xACAB, 0xACAB, 0xACAB, 0xACAB, 0xACAB, 0xACAB, 0xACAB, 0xACAB, 0xACAB, 0xACAB, 0xACAB, 0xACAB, 0xACAB,
0x5245, 0x5245, 0x8BC9, 0x8BC9, 0x8BC9, 0x8BC9, 0x8BC9, 0x8BC9, 0x8BC9, 0x8BC9, 0x8BC9, 0x8BC9, 0x8BC9, 0x8BC9, 0x8BC9, 0x8BC9,
0x8BC9, 0x8BC9, 0x8BC9, 0x8BC9, 0x8BC9, 0x8BC9, 0x8BC9, 0x8BC9, 0x8BC9, 0x8BC9, 0x8BC9, 0x8BC9, 0x8BC9, 0x8BC9, 0x8BC9, 0x8BC9,
0x8BC9, 0x8BC9, 0x8BC9, 0x8BC9, 0x8BC9, 0x8BC9, 0x8BC9, 0x8BC9, 0x5245, 0x5245, 0xACAB, 0xACAB, 0xACAB, 0xACAB, 0xACAB, 0xACAB,
0xACAB, 0xACAB, 0xACAB, 0xACAB, 0xACAB, 0xACAB, 0xACAB, 0xACAB, 0xACAB, 0xACAB, 0xACAB, 0xACAB, 0xACAB, 0xACAB, 0xACAB, 0xACAB,
0xACAB, 0xACAB, 0xACAB, 0xACAB, 0xACAB, 0xACAB, 0xACAB, 0xACAB, 0xACAB, 0xACAB, 0xACAB, 0xACAB, 0xACAB, 0xACAB, 0xACAB, 0xACAB,
0x5245, 0x5245, 0x8BC9, 0x8BC9, 0x8BC9, 0x8BC9, 0x8BC9, 0x8BC9, 0x8BC9, 0x8BC9, 0x8BC9, 0x8BC9, 0x8BC9, 0x8BC9, 0x8BC9, 0x8BC9,
0x8BC9, 0x8BC9, 0x8BC9, 0x8BC9, 0x8BC9, 0x8BC9, 0x8BC9, 0x8BC9, 0x8BC9, 0x8BC9, 0x8BC9, 0x8BC9, 0x8BC9, 0x8BC9, 0x8BC9, 0x8BC9,
0x8BC9, 0x8BC9, 0x8BC9, 0x8BC9, 0x8BC9, 0x8BC9, 0x8BC9, 0x8BC9, 0x5245, 0x5245, 0xACAB, 0xACAB, 0xACAB, 0xACAB, 0xACAB, 0xACAB,
0xACAB, 0xACAB, 0xACAB, 0xACAB, 0xACAB, 0xACAB, 0xACAB, 0xACAB, 0xACAB, 0xACAB, 0xACAB, 0xACAB, 0xACAB, 0xACAB, 0xACAB, 0xACAB,
0xACAB, 0xACAB, 0xACAB, 0xACAB, 0xACAB, 0xACAB, 0xACAB, 0xACAB, 0xACAB, 0xACAB, 0xACAB, 0xACAB, 0xACAB, 0xACAB, 0xACAB, 0xACAB,
0x5245, 0x5245, 0x8BC9, 0x8BC9, 0x8BC9, 0x8BC9, 0x8BC9, 0x8BC9, 0x8BC9, 0x8BC9, 0x8BC9, 0x8BC9, 0x8BC9, 0x8BC9, 0x8BC9, 0x8BC9,
0x8BC9, 0x8BC9, 0x8BC9, 0x8BC9, 0x8BC9, 0x8BC9, 0x8BC9, 0x8BC9, 0x8BC9, 0x8BC9, 0x8BC9, 0x8BC9, 0x8BC9, 0x8BC9, 0x8BC9, 0x8BC9,
0x8BC9, 0x8BC9, 0x8BC9, 0x8BC9, 0x8BC9, 0x8BC9, 0x8BC9, 0x8BC9, 0x5245, 0x5245, 0xACAB, 0xACAB, 0xACAB, 0xACAB, 0xACAB, 0xACAB,
0xACAB, 0xACAB, 0xACAB, 0xACAB, 0xACAB, 0xACAB, 0xACAB, 0xACAB, 0xACAB, 0xACAB, 0xACAB, 0xACAB, 0xACAB, 0xACAB, 0xACAB, 0xACAB,
0xACAB, 0xACAB, 0xACAB, 0xACAB, 0xACAB, 0xACAB, 0xACAB, 0xACAB, 0xACAB, 0xACAB, 0xACAB, 0xACAB, 0xACAB, 0xACAB, 0xACAB, 0xACAB,
0x5245, 0x5245, 0x8BC9, 0x8BC9, 0x8BC9, 0x8BC9, 0x8BC9, 0x8BC9, 0x8BC9, 0x8BC9, 0x8BC9, 0x8BC9, 0x8BC9, 0x8BC9, 0x8BC9, 0x8BC9,
0x8BC9, 0x8BC9, 0x8BC9, 0x8BC9, 0x8BC9, 0x8BC9, 0x8BC9, 0x8BC9, 0x8BC9, 0x8BC9, 0x8BC9, 0x8BC9, 0x8BC9, 0x8BC9, 0x8BC9, 0x8BC9,
0x8BC9, 0x8BC9, 0x8BC9, 0x8BC9, 0x8BC9, 0x8BC9, 0x8BC9, 0x8BC9, 0x5245, 0x5245, 0xACAB, 0xACAB, 0xACAB, 0xACAB, 0xACAB, 0xACAB,
0xACAB, 0xACAB, 0xACAB, 0xACAB, 0xACAB, 0xACAB, 0xACAB, 0xACAB, 0xACAB, 0xACAB, 0xACAB, 0xACAB, 0xACAB, 0xACAB, 0xACAB, 0xACAB,
0xACAB, 0xACAB, 0xACAB, 0xACAB, 0xACAB, 0xACAB, 0xACAB, 0xACAB, 0xACAB, 0xACAB, 0xACAB, 0xACAB, 0xACAB, 0xACAB, 0xACAB, 0xACAB,
0x5245, 0x5245, 0x8BC9, 0x8BC9, 0x8BC9, 0x8BC9, 0x8BC9, 0x8BC9, 0x8BC9, 0x8BC9, 0x8BC9, 0x8BC9, 0x8BC9, 0x8BC9, 0x8BC9, 0x8BC9,
0x8BC9, 0x8BC9, 0x8BC9, 0x8BC9, 0x8BC9, 0x8BC9, 0x8BC9, 0x8BC9, 0x8BC9, 0x8BC9, 0x8BC9, 0x8BC9, 0x8BC9, 0x8BC9, 0x8BC9, 0x8BC9,
0x8BC9, 0x8BC9, 0x8BC9, 0x8BC9, 0x8BC9, 0x8BC9, 0x8BC9, 0x8BC9, 0x5245, 0x5245, 0xACAB, 0xACAB, 0xACAB, 0xACAB, 0xACAB, 0xACAB,
0xACAB, 0xACAB, 0xACAB, 0xACAB, 0xACAB, 0xACAB, 0xACAB, 0xACAB, 0xACAB, 0xACAB, 0xACAB, 0xACAB, 0xACAB, 0xACAB, 0xACAB, 0xACAB,
0xACAB, 0xACAB, 0xACAB, 0xACAB, 0xACAB, 0xACAB, 0xACAB, 0xACAB, 0xACAB, 0xACAB, 0xACAB, 0xACAB, 0xACAB, 0xACAB, 0xACAB, 0xACAB,
0x5245, 0x5245, 0x8BC9, 0x8BC9, 0x8BC9, 0x8BC9, 0x8BC9, 0x8BC9, 0x8BC9, 0x8BC9, 0x8BC9, 0x8BC9, 0x8BC9, 0x8BC9, 0x8BC9, 0x8BC9,
0x8BC9, 0x8BC9, 0x8BC9, 0x8BC9, 0x8BC9, 0x8BC9, 0x8BC9, 0x8BC9, 0x8BC9, 0x8BC9, 0x8BC9, 0x8BC9, 0x8BC9, 0x8BC9, 0x8BC9, 0x8BC9,
0x8BC9, 0x8BC9, 0x8BC9, 0x8BC9, 0x8BC9, 0x8BC9, 0x8BC9, 0x8BC9, 0x5245, 0x5245, 0xACAB, 0xACAB, 0xACAB, 0xACAB, 0xACAB, 0xACAB,
0xACAB, 0xACAB, 0xACAB, 0xACAB, 0xACAB, 0xACAB, 0xACAB, 0xACAB, 0xACAB, 0xACAB, 0xACAB, 0xACAB, 0xACAB, 0xACAB, 0xACAB, 0xACAB,
0xACAB, 0xACAB, 0xACAB, 0xACAB, 0xACAB, 0xACAB, 0xACAB, 0xACAB, 0xACAB, 0xACAB, 0xACAB, 0xACAB, 0xACAB, 0xACAB, 0xACAB, 0xACAB,
0x5245, 0x5245, 0x8BC9, 0x8BC9, 0x8BC9, 0x8BC9, 0x8BC9, 0x8BC9, 0x8BC9, 0x8BC9, 0x8BC9, 0x8BC9, 0x8BC9, 0x8BC9, 0x8BC9, 0x8BC9,
0x8BC9, 0x8BC9, 0x8BC9, 0x8BC9, 0x8BC9, 0x8BC9, 0x8BC9, 0x8BC9, 0x8BC9, 0x8BC9, 0x8BC9, 0x8BC9, 0x8BC9, 0x8BC9, 0x8BC9, 0x8BC9,
0x8BC9, 0x8BC9, 0x8BC9, 0x8BC9, 0x8BC9, 0x8BC9, 0x8BC9, 0x8BC9, 0x5245, 0x5245, 0xACAB, 0xACAB, 0xACAB, 0xACAB, 0xACAB, 0xACAB,
0xACAB, 0xACAB, 0xACAB, 0xACAB, 0xACAB, 0xACAB, 0xACAB, 0xACAB, 0xACAB, 0xACAB, 0xACAB, 0xACAB, 0xACAB, 0xACAB, 0xACAB, 0xACAB,
0xACAB, 0xACAB, 0xACAB, 0xACAB, 0xACAB, 0xACAB, 0xACAB, 0xACAB, 0xACAB, 0xACAB, 0xACAB, 0xACAB, 0xACAB, 0xACAB, 0xACAB, 0xACAB,
0x5245, 0x5245, 0x8BC9, 0x8BC9, 0x8BC9, 0x8BC9, 0x8BC9, 0x8BC9, 0x8BC9, 0x8BC9, 0x8BC9, 0x8BC9, 0x8BC9, 0x8BC9, 0x8BC9, 0x8BC9,
0x8BC9, 0x8BC9, 0x8BC9, 0x8BC9, 0x8BC9, 0x8BC9, 0x8BC9, 0x8BC9, 0x8BC9, 0x8BC9, 0x8BC9, 0x8BC9, 0x8BC9, 0x8BC9, 0x8BC9, 0x8BC9,
0x8BC9, 0x8BC9, 0x8BC9, 0x8BC9, 0x8BC9, 0x8BC9, 0x8BC9, 0x8BC9, 0x5245, 0x5245, 0xACAB, 0xACAB, 0xACAB, 0xACAB, 0xACAB, 0xACAB,
0xACAB, 0xACAB, 0xACAB, 0xACAB, 0xACAB, 0xACAB, 0xACAB, 0xACAB, 0xACAB, 0xACAB, 0xACAB, 0xACAB, 0xACAB, 0xACAB, 0xACAB, 0xACAB,
0xACAB, 0xACAB, 0xACAB, 0xACAB, 0xACAB, 0xACAB, 0xACAB, 0xACAB, 0xACAB, 0xACAB, 0xACAB, 0xACAB, 0xACAB, 0xACAB, 0xACAB, 0xACAB,
0x5245, 0x5245, 0x8BC9, 0x8BC9, 0x8BC9, 0x8BC9, 0x8BC9, 0x8BC9, 0x8BC9, 0x8BC9, 0x8BC9, 0x8BC9, 0x8BC9, 0x8BC9, 0x8BC9, 0x8BC9,
0x8BC9, 0x8BC9, 0x8BC9, 0x8BC9, 0x8BC9, 0x8BC9, 0x8BC9, 0x8BC9, 0x8BC9, 0x8BC9, 0x8BC9, 0x8BC9, 0x8BC9, 0x8BC9, 0x8BC9, 0x8BC9,
0x8BC9, 0x8BC9, 0x8BC9, 0x8BC9, 0x8BC9, 0x8BC9, 0x8BC9, 0x8BC9, 0x5245, 0x5245, 0xACAB, 0xACAB, 0xACAB, 0xACAB, 0xACAB, 0xACAB,
0xACAB, 0xACAB, 0xACAB, 0xACAB, 0xACAB, 0xACAB, 0xACAB, 0xACAB, 0xACAB, 0xACAB, 0xACAB, 0xACAB, 0xACAB, 0xACAB, 0xACAB, 0xACAB,
0xACAB, 0xACAB, 0xACAB, 0xACAB, 0xACAB, 0xACAB, 0xACAB, 0xACAB, 0xACAB, 0xACAB, 0xACAB, 0xACAB, 0xACAB, 0xACAB, 0xACAB, 0xACAB,
0x5245, 0x5245, 0x8BC9, 0x8BC9, 0x8BC9, 0x8BC9, 0x8BC9, 0x8BC9, 0x8BC9, 0x8BC9, 0x8BC9, 0x8BC9, 0x8BC9, 0x8BC9, 0x8BC9, 0x8BC9,
0x8BC9, 0x8BC9, 0x8BC9, 0x8BC9, 0x8BC9, 0x8BC9, 0x8BC9, 0x8BC9, 0x8BC9, 0x8BC9, 0x8BC9, 0x8BC9, 0x8BC9, 0x8BC9, 0x8BC9, 0x8BC9,
0x8BC9, 0x8BC9, 0x8BC9, 0x8BC9, 0x8BC9, 0x8BC9, 0x8BC9, 0x8BC9, 0x5245, 0x5245, 0xACAB, 0xACAB, 0xACAB, 0xACAB, 0xACAB, 0xACAB,
0xACAB, 0xACAB, 0xACAB, 0xACAB, 0xACAB, 0xACAB, 0xACAB, 0xACAB, 0xACAB, 0xACAB, 0xACAB, 0xACAB, 0xACAB, 0xACAB, 0xACAB, 0xACAB,
0xACAB, 0xACAB, 0xACAB, 0xACAB, 0xACAB, 0xACAB, 0xACAB, 0xACAB, 0xACAB, 0xACAB, 0xACAB, 0xACAB, 0xACAB, 0xACAB, 0xACAB, 0xACAB,
0x5245, 0x5245, 0x8BC9, 0x8BC9, 0x8BC9, 0x8BC9, 0x8BC9, 0x8BC9, 0x8BC9, 0x8BC9, 0x8BC9, 0x8BC9, 0x8BC9, 0x8BC9, 0x8BC9, 0x8BC9,
0x8BC9, 0x8BC9, 0x8BC9, 0x8BC9, 0x8BC9, 0x8BC9, 0x8BC9, 0x8BC9, 0x8BC9, 0x8BC9, 0x8BC9, 0x8BC9, 0x8BC9, 0x8BC9, 0x8BC9, 0x8BC9,
0x8BC9, 0x8BC9, 0x8BC9, 0x8BC9, 0x8BC9, 0x8BC9, 0x8BC9, 0x8BC9, 0x5245, 0x5245, 0xACAB, 0xACAB, 0xACAB, 0xACAB, 0xACAB, 0xACAB,
0xACAB, 0xACAB, 0xACAB, 0xACAB, 0xACAB, 0xACAB, 0xACAB, 0xACAB, 0xACAB, 0xACAB, 0xACAB, 0xACAB, 0xACAB, 0xACAB, 0xACAB, 0xACAB,
0xACAB, 0xACAB, 0xACAB, 0xACAB, 0xACAB, 0xACAB, 0xACAB, 0xACAB, 0xACAB, 0xACAB, 0xACAB, 0xACAB, 0xACAB, 0xACAB, 0xACAB, 0xACAB,
0x5245, 0x5245, 0x8BC9, 0x8BC9, 0x8BC9, 0x8BC9, 0x8BC9, 0x8BC9, 0x8BC9, 0x8BC9, 0x8BC9, 0x8BC9, 0x8BC9, 0x8BC9, 0x8BC9, 0x8BC9,
0x8BC9, 0x8BC9, 0x8BC9, 0x8BC9, 0x8BC9, 0x8BC9, 0x8BC9, 0x8BC9, 0x8BC9, 0x8BC9, 0x8BC9, 0x8BC9, 0x8BC9, 0x8BC9, 0x8BC9, 0x8BC9,
0x8BC9, 0x8BC9, 0x8BC9, 0x8BC9, 0x8BC9, 0x8BC9, 0x8BC9, 0x8BC9, 0x5245, 0x5245, 0xACAB, 0xACAB, 0xACAB, 0xACAB, 0xACAB, 0xACAB,
0xACAB, 0xACAB, 0xACAB, 0xACAB, 0xACAB, 0xACAB, 0xACAB, 0xACAB, 0xACAB, 0xACAB, 0xACAB, 0xACAB, 0xACAB, 0xACAB, 0xACAB, 0xACAB,
0xACAB, 0xACAB, 0xACAB, 0xACAB, 0xACAB, 0xACAB, 0xACAB, 0xACAB, 0xACAB, 0xACAB, 0xACAB, 0xACAB, 0xACAB, 0xACAB, 0xACAB, 0xACAB,
0x5245, 0x5245, 0x8BC9, 0x8BC9, 0x8BC9, 0x8BC9, 0x8BC9, 0x8BC9, 0x8BC9, 0x8BC9, 0x8BC9, 0x8BC9, 0x8BC9, 0x8BC9, 0x8BC9, 0x8BC9,
0x8BC9, 0x8BC9, 0x8BC9, 0x8BC9, 0x8BC9, 0x8BC9, 0x8BC9, 0x8BC9, 0x8BC9, 0x8BC9, 0x8BC9, 0x8BC9, 0x8BC9, 0x8BC9, 0x8BC9, 0x8BC9,
0x8BC9, 0x8BC9, 0x8BC9, 0x8BC9, 0x8BC9, 0x8BC9, 0x8BC9, 0x8BC9, 0x5245, 0x5245, 0xACAB, 0xACAB, 0xACAB, 0xACAB, 0xACAB, 0xACAB,
0xACAB, 0xACAB, 0xACAB, 0xACAB, 0xACAB, 0xACAB, 0xACAB, 0xACAB, 0xACAB, 0xACAB, 0xACAB, 0xACAB, 0xACAB, 0xACAB, 0xACAB, 0xACAB,
0xACAB, 0xACAB, 0xACAB, 0xACAB, 0xACAB, 0xACAB, 0xACAB, 0xACAB, 0xACAB, 0xACAB, 0xACAB, 0xACAB, 0xACAB, 0xACAB, 0xACAB, 0xACAB,
0x5245, 0x5245, 0x8BC9, 0x8BC9, 0x8BC9, 0x8BC9, 0x8BC9, 0x8BC9, 0x8BC9, 0x8BC9, 0x8BC9, 0x8BC9, 0x8BC9, 0x8BC9, 0x8BC9, 0x8BC9,
0x8BC9, 0x8BC9, 0x8BC9, 0x8BC9, 0x8BC9, 0x8BC9, 0x8BC9, 0x8BC9, 0x8BC9, 0x8BC9, 0x8BC9, 0x8BC9, 0x8BC9, 0x8BC9, 0x8BC9, 0x8BC9,
0x8BC9, 0x8BC9, 0x8BC9, 0x8BC9, 0x8BC9, 0x8BC9, 0x8BC9, 0x8BC9, 0x5245, 0x5245, 0xACAB, 0xACAB, 0xACAB, 0xACAB, 0xACAB, 0xACAB,
0xACAB, 0xACAB, 0xACAB, 0xACAB, 0xACAB, 0xACAB, 0xACAB, 0xACAB, 0xACAB, 0xACAB, 0xACAB, 0xACAB, 0xACAB, 0xACAB, 0xACAB, 0xACAB,
0xACAB, 0xACAB, 0xACAB, 0xACAB, 0xACAB, 0xACAB, 0xACAB, 0xACAB, 0xACAB, 0xACAB, 0xACAB, 0xACAB, 0xACAB, 0xACAB, 0xACAB, 0xACAB,
0x5245, 0x5245, 0x8BC9, 0x8BC9, 0x8BC9, 0x8BC9, 0x8BC9, 0x8BC9, 0x8BC9, 0x8BC9, 0x8BC9, 0x8BC9, 0x8BC9, 0x8BC9, 0x8BC9, 0x8BC9,
0x8BC9, 0x8BC9, 0x8BC9, 0x8BC9, 0x8BC9, 0x8BC9, 0x8BC9, 0x8BC9, 0x8BC9, 0x8BC9, 0x8BC9, 0x8BC9, 0x8BC9, 0x8BC9, 0x8BC9, 0x8BC9,
0x8BC9, 0x8BC9, 0x8BC9, 0x8BC9, 0x8BC9, 0x8BC9, 0x8BC9, 0x8BC9, 0x5245, 0x5245, 0xACAB, 0xACAB, 0xACAB, 0xACAB, 0xACAB, 0xACAB,
0xACAB, 0xACAB, 0xACAB, 0xACAB, 0xACAB, 0xACAB, 0xACAB, 0xACAB, 0xACAB, 0xACAB, 0xACAB, 0xACAB, 0xACAB, 0xACAB, 0xACAB, 0xACAB,
0xACAB, 0xACAB, 0xACAB, 0xACAB, 0xACAB, 0xACAB, 0xACAB, 0xACAB, 0xACAB, 0xACAB, 0xACAB, 0xACAB, 0xACAB, 0xACAB, 0xACAB, 0xACAB,
0x5245, 0x5245, 0x8BC9, 0x8BC9, 0x8BC9, 0x8BC9, 0x8BC9, 0x8BC9, 0x8BC9, 0x8BC9, 0x8BC9, 0x8BC9, 0x8BC9, 0x8BC9, 0x8BC9, 0x8BC9,
0x8BC9, 0x8BC9, 0x8BC9, 0x8BC9, 0x8BC9, 0x8BC9, 0x8BC9, 0x8BC9, 0x8BC9, 0x8BC9, 0x8BC9, 0x8BC9, 0x8BC9, 0x8BC9, 0x8BC9, 0x8BC9,
0x8BC9, 0x8BC9, 0x8BC9, 0x8BC9, 0x8BC9, 0x8BC9, 0x8BC9, 0x8BC9, 0x5245, 0x5245, 0xACAB, 0xACAB, 0xACAB, 0xACAB, 0xACAB, 0xACAB,
0xACAB, 0xACAB, 0xACAB, 0xACAB, 0xACAB, 0xACAB, 0xACAB, 0xACAB, 0xACAB, 0xACAB, 0xACAB, 0xACAB, 0xACAB, 0xACAB, 0xACAB, 0xACAB,
0xACAB, 0xACAB, 0xACAB, 0xACAB, 0xACAB, 0xACAB, 0xACAB, 0xACAB, 0xACAB, 0xACAB, 0xACAB, 0xACAB, 0xACAB, 0xACAB, 0xACAB, 0xACAB,
0x5245, 0x5245, 0x8BC9, 0x8BC9, 0x8BC9, 0x8BC9, 0x8BC9, 0x8BC9, 0x8BC9, 0x8BC9, 0x8BC9, 0x8BC9, 0x8BC9, 0x8BC9, 0x8BC9, 0x8BC9,
0x8BC9, 0x8BC9, 0x8BC9, 0x8BC9, 0x8BC9, 0x8BC9, 0x8BC9, 0x8BC9, 0x8BC9, 0x8BC9, 0x8BC9, 0x8BC9, 0x8BC9, 0x8BC9, 0x8BC9, 0x8BC9,
0x8BC9, 0x8BC9, 0x8BC9, 0x8BC9, 0x8BC9, 0x8BC9, 0x8BC9, 0x8BC9, 0x5245, 0x5245, 0xACAB, 0xACAB, 0xACAB, 0xACAB, 0xACAB, 0xACAB,
0xACAB, 0xACAB, 0xACAB, 0xACAB, 0xACAB, 0xACAB, 0xACAB, 0xACAB, 0xACAB, 0xACAB, 0xACAB, 0xACAB, 0xACAB, 0xACAB, 0xACAB, 0xACAB,
0xACAB, 0xACAB, 0xACAB, 0xACAB, 0xACAB, 0xACAB, 0xACAB, 0xACAB, 0xACAB, 0xACAB, 0xACAB, 0xACAB, 0xACAB, 0xACAB, 0xACAB, 0xACAB,
0x5245, 0x5245, 0x8BC9, 0x8BC9, 0x8BC9, 0x8BC9, 0x8BC9, 0x8BC9, 0x8BC9, 0x8BC9, 0x8BC9, 0x8BC9, 0x8BC9, 0x8BC9, 0x8BC9, 0x8BC9,
0x8BC9, 0x8BC9, 0x8BC9, 0x8BC9, 0x8BC9, 0x8BC9, 0x8BC9, 0x8BC9, 0x8BC9, 0x8BC9, 0x8BC9, 0x8BC9, 0x8BC9, 0x8BC9, 0x8BC9, 0x8BC9,
0x8BC9, 0x8BC9, 0x8BC9, 0x8BC9, 0x8BC9, 0x8BC9, 0x8BC9, 0x8BC9, 0x5245, 0x5245, 0xACAB, 0xACAB, 0xACAB, 0xACAB, 0xACAB, 0xACAB,
0xACAB, 0xACAB, 0xACAB, 0xACAB, 0xACAB, 0xACAB, 0xACAB, 0xACAB, 0xACAB, 0xACAB, 0xACAB, 0xACAB, 0xACAB, 0xACAB, 0xACAB, 0xACAB,
0xACAB, 0xACAB, 0xACAB, 0xACAB, 0xACAB, 0xACAB, 0xACAB, 0xACAB, 0xACAB, 0xACAB, 0xACAB, 0xACAB, 0xACAB, 0xACAB, 0xACAB, 0xACAB,
0x5245, 0x5245, 0x8BC9, 0x8BC9, 0x8BC9, 0x8BC9, 0x8BC9, 0x8BC9, 0x8BC9, 0x8BC9, 0x8BC9, 0x8BC9, 0x8BC9, 0x8BC9, 0x8BC9, 0x8BC9,
0x8BC9, 0x8BC9, 0x8BC9, 0x8BC9, 0x8BC9, 0x8BC9, 0x8BC9, 0x8BC9, 0x8BC9, 0x8BC9, 0x8BC9, 0x8BC9, 0x8BC9, 0x8BC9, 0x8BC9, 0x8BC9,
0x8BC9, 0x8BC9, 0x8BC9, 0x8BC9, 0x8BC9, 0x8BC9, 0x8BC9, 0x8BC9, 0x5245, 0x5245, 0xACAB, 0xACAB, 0xACAB, 0xACAB, 0xACAB, 0xACAB,
0xACAB, 0xACAB, 0xACAB, 0xACAB, 0xACAB, 0xACAB, 0xACAB, 0xACAB, 0xACAB, 0xACAB, 0xACAB, 0xACAB, 0xACAB, 0xACAB, 0xACAB, 0xACAB,
0xACAB, 0xACAB, 0xACAB, 0xACAB, 0xACAB, 0xACAB, 0xACAB, 0xACAB, 0xACAB, 0xACAB, 0xACAB, 0xACAB, 0xACAB, 0xACAB, 0xACAB, 0xACAB,
0x5245, 0x5245, 0x8BC9, 0x8BC9, 0x8BC9, 0x8BC9, 0x8BC9, 0x8BC9, 0x8BC9, 0x8BC9, 0x8BC9, 0x8BC9, 0x8BC9, 0x8BC9, 0x8BC9, 0x8BC9,
0x8BC9, 0x8BC9, 0x8BC9, 0x8BC9, 0x8BC9, 0x8BC9, 0x8BC9, 0x8BC9, 0x8BC9, 0x8BC9, 0x8BC9, 0x8BC9, 0x8BC9, 0x8BC9, 0x8BC9, 0x8BC9,
0x8BC9, 0x8BC9, 0x8BC9, 0x8BC9, 0x8BC9, 0x8BC9, 0x8BC9, 0x8BC9, 0x5245, 0x5245, 0xACAB, 0xACAB, 0xACAB, 0xACAB, 0xACAB, 0xACAB,
0xACAB, 0xACAB, 0xACAB, 0xACAB, 0xACAB, 0xACAB, 0xACAB, 0xACAB, 0xACAB, 0xACAB, 0xACAB, 0xACAB, 0xACAB, 0xACAB, 0xACAB, 0xACAB,
0xACAB, 0xACAB, 0xACAB, 0xACAB, 0xACAB, 0xACAB, 0xACAB, 0xACAB, 0xACAB, 0xACAB, 0xACAB, 0xACAB, 0xACAB, 0xACAB, 0xACAB, 0xACAB,
0x5245, 0x5245, 0x8BC9, 0x8BC9, 0x8BC9, 0x8BC9, 0x8BC9, 0x8BC9, 0x8BC9, 0x8BC9, 0x8BC9, 0x8BC9, 0x8BC9, 0x8BC9, 0x8BC9, 0x8BC9,
0x8BC9, 0x8BC9, 0x8BC9, 0x8BC9, 0x8BC9, 0x8BC9, 0x8BC9, 0x8BC9, 0x8BC9, 0x8BC9, 0x8BC9, 0x8BC9, 0x8BC9, 0x8BC9, 0x8BC9, 0x8BC9,
0x8BC9, 0x8BC9, 0x8BC9, 0x8BC9, 0x8BC9, 0x8BC9, 0x8BC9, 0x8BC9, 0x5245, 0x5245, 0xACAB, 0xACAB, 0xACAB, 0xACAB, 0xACAB, 0xACAB,
0xACAB, 0xACAB, 0xACAB, 0xACAB, 0xACAB, 0xACAB, 0xACAB, 0xACAB, 0xACAB, 0xACAB, 0xACAB, 0xACAB, 0xACAB, 0xACAB, 0xACAB, 0xACAB,
0xACAB, 0xACAB, 0xACAB, 0xACAB, 0xACAB, 0xACAB, 0xACAB, 0xACAB, 0xACAB, 0xACAB, 0xACAB, 0xACAB, 0xACAB, 0xACAB, 0xACAB, 0xACAB,
0x5245, 0x5245, 0x8BC9, 0x8BC9, 0x8BC9, 0x8BC9, 0x8BC9, 0x8BC9, 0x8BC9, 0x8BC9, 0x8BC9, 0x8BC9, 0x8BC9, 0x8BC9, 0x8BC9, 0x8BC9,
0x8BC9, 0x8BC9, 0x8BC9, 0x8BC9, 0x8BC9, 0x8BC9, 0x8BC9, 0x8BC9, 0x8BC9, 0x8BC9, 0x8BC9, 0x8BC9, 0x8BC9, 0x8BC9, 0x8BC9, 0x8BC9,
0x8BC9, 0x8BC9, 0x8BC9, 0x8BC9, 0x8BC9, 0x8BC9, 0x8BC9, 0x8BC9, 0x5245, 0x5245, 0xACAB, 0xACAB, 0xACAB, 0xACAB, 0xACAB, 0xACAB,
0xACAB, 0xACAB, 0xACAB, 0xACAB, 0xACAB, 0xACAB, 0xACAB, 0xACAB, 0xACAB, 0xACAB, 0xACAB, 0xACAB, 0xACAB, 0xACAB, 0xACAB, 0xACAB,
0xACAB, 0xACAB, 0xACAB, 0xACAB, 0xACAB, 0xACAB, 0xACAB, 0xACAB, 0xACAB, 0xACAB, 0xACAB, 0xACAB, 0xACAB, 0xACAB, 0xACAB, 0xACAB,
0x5245, 0x5245, 0x5245, 0x5245, 0x5245, 0x5245, 0x5245, 0x5245, 0x5245, 0x5245, 0x5245, 0x5245, 0x5245, 0x5245, 0x5245, 0x5245,
0x5245, 0x5245, 0x5245, 0x5245, 0x5245, 0x5245, 0x5245, 0x5245, 0x5245, 0x5245, 0x5245, 0x5245, 0x5245, 0x5245, 0x5245, 0x5245,
0x5245, 0x5245, 0x5245, 0x5245, 0x5245, 0x5245, 0x5245, 0x5245, 0x5245, 0x5245, 0x5245, 0x5245, 0x5245, 0x5245, 0x5245, 0x5245,
0x5245, 0x5245, 0x5245, 0x5245, 0x5245, 0x5245, 0x5245, 0x5245, 0x5245, 0x5245, 0x5245, 0x5245, 0x5245, 0x5245, 0x5245, 0x5245,
0x5245, 0x5245, 0x5245, 0x5245, 0x5245, 0x5245, 0x5245, 0x5245, 0x5245, 0x5245, 0x5245, 0x5245, 0x5245, 0x5245, 0x5245, 0x5245,
0x5245, 0x5245, 0x5245, 0x5245, 0x5245, 0x5245, 0x5245, 0x5245, 0x5245, 0x5245, 0x5245, 0x5245, 0x5245, 0x5245, 0x5245, 0x5245,
0x5245, 0x5245, 0x5245, 0x5245, 0x5245, 0x5245, 0x5245, 0x5245, 0x5245, 0x5245, 0x5245, 0x5245, 0x5245, 0x5245, 0x5245, 0x5245,
0x5245, 0x5245, 0x5245, 0x5245, 0x5245, 0x5245, 0x5245, 0x5245, 0x5245, 0x5245, 0x5245, 0x5245, 0x5245, 0x5245, 0x5245, 0x5245,
0x5245, 0x5245, 0x5245, 0x5245, 0x5245, 0x5245, 0x5245, 0x5245, 0x5245, 0x5245, 0x5245, 0x5245, 0x5245, 0x5245, 0x5245, 0x5245,
0x5245, 0x5245, 0x5245, 0x5245, 0x5245, 0x5245, 0x5245, 0x5245, 0x5245, 0x5245, 0x5245, 0x5245, 0x5245, 0x5245, 0x5245, 0x5245,
0x5245, 0x5245, 0x5245, 0x5245, 0x5245, 0x5245, 0x5245, 0x5245, 0x5245, 0x5245, 0x5245, 0x5245, 0x5245, 0x5245, 0x5245, 0x5245,
0x5245, 0x5245, 0x5245, 0x5245, 0x5245, 0x5245, 0x5245, 0x5245, 0x5245, 0x5245, 0x5245, 0x5245, 0x5245, 0x5245, 0x5245, 0x5245,
0x5245, 0x5245, 0x5245, 0x5245, 0x5245, 0x5245, 0x5245, 0x5245, 0x5245, 0x5245, 0x5245, 0x5245, 0x5245, 0x5245, 0x5245, 0x5245,
0x5245, 0x5245, 0x5245, 0x5245, 0x5245, 0x5245, 0x5245, 0x5245, 0x5245, 0x5245, 0x5245, 0x5245, 0x5245, 0x5245, 0x5245, 0x5245,
0x5245, 0x5245, 0x5245, 0x5245, 0x5245, 0x5245, 0x5245, 0x5245, 0x5245, 0x5245, 0x5245, 0x5245, 0x5245, 0x5245, 0x5245, 0x5245,
0x5245, 0x5245, 0x5245, 0x5245, 0x5245, 0x5245, 0x5245, 0x5245, 0x5245, 0x5245, 0x5245, 0x5245, 0x5245, 0x5245, 0x5245, 0x5245,
0x5245, 0x5245, 0x5245, 0x5245, 0x5245, 0x5245, 0x5245, 0x5245, 0x5245, 0x5245, 0x5245, 0x5245, 0x5245, 0x5245, 0x5245, 0x5245,
0x5245, 0x5245, 0x5245, 0x5245, 0x5245, 0x5245, 0x5245, 0x5245, 0x5245, 0x5245, 0x5245, 0x5245, 0x5245, 0x5245, 0x5245, 0x5245,
0x5245, 0x5245, 0x5245, 0x5245, 0x5245, 0x5245, 0x5245, 0x5245, 0x5245, 0x5245, 0x5245, 0x5245, 0x5245, 0x5245, 0x5245, 0x5245,
0x5245, 0x5245, 0x5245, 0x5245, 0x5245, 0x5245, 0x5245, 0x5245, 0x5245, 0x5245, 0x5245, 0x5245, 0x5245, 0x5245, 0x5245, 0x5245,
0x5245, 0x5245, 0x5245, 0x5245, 0x5245, 0x5245, 0x5245, 0x5245, 0x5245, 0x5245, 0x5245, 0x5245, 0x5245, 0x5245, 0x5245, 0x5245,
0x5245, 0x5245, 0x5245, 0x5245, 0x5245, 0x5245, 0x5245, 0x5245, 0x5245, 0x5245, 0x5245, 0x5245, 0x5245, 0x5245, 0x5245, 0x5245,
0x5245, 0x5245, 0x5245, 0x5245, 0x5245, 0x5245, 0x5245, 0x5245, 0x5245, 0x5245, 0x5245, 0x5245, 0x5245, 0x5245, 0x5245, 0x5245,
0x5245, 0x5245, 0x5245, 0x5245, 0x5245, 0x5245, 0x5245, 0x5245, 0x5245, 0x5245, 0x5245, 0x5245, 0x5245, 0x5245, 0x5245, 0x5245,
0x5245, 0x5245, 0x5245, 0x5245, 0x5245, 0x5245, 0x5245, 0x5245, 0x5245, 0x5245, 0x5245, 0x5245, 0x5245, 0x5245, 0x5245, 0x5245,
0x5245, 0x5245, 0x5245, 0x5245, 0x5245, 0x5245, 0x5245, 0x5245, 0x5245, 0x5245, 0x5245, 0x5245, 0x5245, 0x5245, 0x5245, 0x5245,
0x5245, 0x5245, 0x5245, 0x5245, 0x5245, 0x5245, 0x5245, 0x5245, 0x5245, 0x5245, 0x5245, 0x5245, 0x5245, 0x5245, 0x5245, 0x5245,
0x5245, 0x5245, 0x5245, 0x5245, 0x5245, 0x5245, 0x5245, 0x5245, 0x5245, 0x5245, 0x5245, 0x5245, 0x5245, 0x5245, 0x5245, 0x5245,
0x5245, 0x5245, 0x5245, 0x5245, 0x5245, 0x5245, 0x5245, 0x5245, 0x5245, 0x5245, 0x5245, 0x5245, 0x5245, 0x5245, 0x5245, 0x5245,
0x5245, 0x5245, 0x5245, 0x5245, 0x5245, 0x5245, 0x5245, 0x5245, 0x5245, 0x5245, 0x5245, 0x5245, 0x5245, 0x5245, 0x5245, 0x5245,
0x5245, 0x5245, 0xACAB, 0xACAB, 0xACAB, 0xACAB, 0xACAB, 0xACAB, 0xACAB, 0xACAB, 0xACAB, 0xACAB, 0xACAB, 0xACAB, 0xACAB, 0xACAB,
0xACAB, 0xACAB, 0xACAB, 0xACAB, 0xACAB, 0xACAB, 0xACAB, 0xACAB, 0xACAB, 0xACAB, 0xACAB, 0xACAB, 0xACAB, 0xACAB, 0xACAB, 0xACAB,
0xACAB, 0xACAB, 0xACAB, 0xACAB, 0xACAB, 0xACAB, 0xACAB, 0xACAB, 0x5245, 0x5245, 0x8BC9, 0x8BC9, 0x8BC9, 0x8BC9, 0x8BC9, 0x8BC9,
0x8BC9, 0x8BC9, 0x8BC9, 0x8BC9, 0x8BC9, 0x8BC9, 0x8BC9, 0x8BC9, 0x8BC9, 0x8BC9, 0x8BC9, 0x8BC9, 0x8BC9, 0x8BC9, 0x8BC9, 0x8BC9,
0x8BC9, 0x8BC9, 0x8BC9, 0x8BC9, 0x8BC9, 0x8BC9, 0x8BC9, 0x8BC9, 0x8BC9, 0x8BC9, 0x8BC9, 0x8BC9, 0x8BC9, 0x8BC9, 0x8BC9, 0x8BC9,
0x5245, 0x5245, 0xACAB, 0xACAB, 0xACAB, 0xACAB, 0xACAB, 0xACAB, 0xACAB, 0xACAB, 0xACAB, 0xACAB, 0xACAB, 0xACAB, 0xACAB, 0xACAB,
0xACAB, 0xACAB, 0xACAB, 0xACAB, 0xACAB, 0xACAB, 0xACAB, 0xACAB, 0xACAB, 0xACAB, 0xACAB, 0xACAB, 0xACAB, 0xACAB, 0xACAB, 0xACAB,
0xACAB, 0xACAB, 0xACAB, 0xACAB, 0xACAB, 0xACAB, 0xACAB, 0xACAB, 0x5245, 0x5245, 0x8BC9, 0x8BC9, 0x8BC9, 0x8BC9, 0x8BC9, 0x8BC9,
0x8BC9, 0x8BC9, 0x8BC9, 0x8BC9, 0x8BC9, 0x8BC9, 0x8BC9, 0x8BC9, 0x8BC9, 0x8BC9, 0x8BC9, 0x8BC9, 0x8BC9, 0x8BC9, 0x8BC9, 0x8BC9,
0x8BC9, 0x8BC9, 0x8BC9, 0x8BC9, 0x8BC9, 0x8BC9, 0x8BC9, 0x8BC9, 0x8BC9, 0x8BC9, 0x8BC9, 0x8BC9, 0x8BC9, 0x8BC9, 0x8BC9, 0x8BC9,
0x5245, 0x5245, 0xACAB, 0xACAB, 0xACAB, 0xACAB, 0xACAB, 0xACAB, 0xACAB, 0xACAB, 0xACAB, 0xACAB, 0xACAB, 0xACAB, 0xACAB, 0xACAB,
0xACAB, 0xACAB, 0xACAB, 0xACAB, 0xACAB, 0xACAB, 0xACAB, 0xACAB, 0xACAB, 0xACAB, 0xACAB, 0xACAB, 0xACAB, 0xACAB, 0xACAB, 0xACAB,
0xACAB, 0xACAB, 0xACAB, 0xACAB, 0xACAB, 0xACAB, 0xACAB, 0xACAB, 0x5245, 0x5245, 0x8BC9, 0x8BC9, 0x8BC9, 0x8BC9, 0x8BC9, 0x8BC9,
0x8BC9, 0x8BC9, 0x8BC9, 0x8BC9, 0x8BC9, 0x8BC9, 0x8BC9, 0x8BC9, 0x8BC9, 0x8BC9, 0x8BC9, 0x8BC9, 0x8BC9, 0x8BC9, 0x8BC9, 0x8BC9,
0x8BC9, 0x8BC9, 0x8BC9, 0x8BC9, 0x8BC9, 0x8BC9, 0x8BC9, 0x8BC9, 0x8BC9, 0x8BC9, 0x8BC9, 0x8BC9, 0x8BC9, 0x8BC9, 0x8BC9, 0x8BC9,
0x5245, 0x5245, 0xACAB, 0xACAB, 0xACAB, 0xACAB, 0xACAB, 0xACAB, 0xACAB, 0xACAB, 0xACAB, 0xACAB, 0xACAB, 0xACAB, 0xACAB, 0xACAB,
0xACAB, 0xACAB, 0xACAB, 0xACAB, 0xACAB, 0xACAB, 0xACAB, 0xACAB, 0xACAB, 0xACAB, 0xACAB, 0xACAB, 0xACAB, 0xACAB, 0xACAB, 0xACAB,
0xACAB, 0xACAB, 0xACAB, 0xACAB, 0xACAB, 0xACAB, 0xACAB, 0xACAB, 0x5245, 0x5245, 0x8BC9, 0x8BC9, 0x8BC9, 0x8BC9, 0x8BC9, 0x8BC9,
0x8BC9, 0x8BC9, 0x8BC9, 0x8BC9, 0x8BC9, 0x8BC9, 0x8BC9, 0x8BC9, 0x8BC9, 0x8BC9, 0x8BC9, 0x8BC9, 0x8BC9, 0x8BC9, 0x8BC9, 0x8BC9,
0x8BC9, 0x8BC9, 0x8BC9, 0x8BC9, 0x8BC9, 0x8BC9, 0x8BC9, 0x8BC9, 0x8BC9, 0x8BC9, 0x8BC9, 0x8BC9, 0x8BC9, 0x8BC9, 0x8BC9, 0x8BC9,
0x5245, 0x5245, 0xACAB, 0xACAB, 0xACAB, 0xACAB, 0xACAB, 0xACAB, 0xACAB, 0xACAB, 0xACAB, 0xACAB, 0xACAB, 0xACAB, 0xACAB, 0xACAB,
0xACAB, 0xACAB, 0xACAB, 0xACAB, 0xACAB, 0xACAB, 0xACAB, 0xACAB, 0xACAB, 0xACAB, 0xACAB, 0xACAB, 0xACAB, 0xACAB, 0xACAB, 0xACAB,
0xACAB, 0xACAB, 0xACAB, 0xACAB, 0xACAB, 0xACAB, 0xACAB, 0xACAB, 0x5245, 0x5245, 0x8BC9, 0x8BC9, 0x8BC9, 0x8BC9, 0x8BC9, 0x8BC9,
0x8BC9, 0x8BC9, 0x8BC9, 0x8BC9, 0x8BC9, 0x8BC9, 0x8BC9, 0x8BC9, 0x8BC9, 0x8BC9, 0x8BC9, 0x8BC9, 0x8BC9, 0x8BC9, 0x8BC9, 0x8BC9,
0x8BC9, 0x8BC9, 0x8BC9, 0x8BC9, 0x8BC9, 0x8BC9, 0x8BC9, 0x8BC9, 0x8BC9, 0x8BC9, 0x8BC9, 0x8BC9, 0x8BC9, 0x8BC9, 0x8BC9, 0x8BC9,
0x5245, 0x5245, 0xACAB, 0xACAB, 0xACAB, 0xACAB, 0xACAB, 0xACAB, 0xACAB, 0xACAB, 0xACAB, 0xACAB, 0xACAB, 0xACAB, 0xACAB, 0xACAB,
0xACAB, 0xACAB, 0xACAB, 0xACAB, 0xACAB, 0xACAB, 0xACAB, 0xACAB, 0xACAB, 0xACAB, 0xACAB, 0xACAB, 0xACAB, 0xACAB, 0xACAB, 0xACAB,
0xACAB, 0xACAB, 0xACAB, 0xACAB, 0xACAB, 0xACAB, 0xACAB, 0xACAB, 0x5245, 0x5245, 0x8BC9, 0x8BC9, 0x8BC9, 0x8BC9, 0x8BC9, 0x8BC9,
0x8BC9, 0x8BC9, 0x8BC9, 0x8BC9, 0x8BC9, 0x8BC9, 0x8BC9, 0x8BC9, 0x8BC9, 0x8BC9, 0x8BC9, 0x8BC9, 0x8BC9, 0x8BC9, 0x8BC9, 0x8BC9,
0x8BC9, 0x8BC9, 0x8BC9, 0x8BC9, 0x8BC9, 0x8BC9, 0x8BC9, 0x8BC9, 0x8BC9, 0x8BC9, 0x8BC9, 0x8BC9, 0x8BC9, 0x8BC9, 0x8BC9, 0x8BC9,
0x5245, 0x5245, 0xACAB, 0xACAB, 0xACAB, 0xACAB, 0xACAB, 0xACAB, 0xACAB, 0xACAB, 0xACAB, 0xACAB, 0xACAB, 0xACAB, 0xACAB, 0xACAB,
0xACAB, 0xACAB, 0xACAB, 0xACAB, 0xACAB, 0xACAB, 0xACAB, 0xACAB, 0xACAB, 0xACAB, 0xACAB, 0xACAB, 0xACAB, 0xACAB, 0xACAB, 0xACAB,
0xACAB, 0xACAB, 0xACAB, 0xACAB, 0xACAB, 0xACAB, 0xACAB, 0xACAB, 0x5245, 0x5245, 0x8BC9, 0x8BC9, 0x8BC9, 0x8BC9, 0x8BC9, 0x8BC9,
0x8BC9, 0x8BC9, 0x8BC9, 0x8BC9, 0x8BC9, 0x8BC9, 0x8BC9, 0x8BC9, 0x8BC9, 0x8BC9, 0x8BC9, 0x8BC9, 0x8BC9, 0x8BC9, 0x8BC9, 0x8BC9,
0x8BC9, 0x8BC9, 0x8BC9, 0x8BC9, 0x8BC9, 0x8BC9, 0x8BC9, 0x8BC9, 0x8BC9, 0x8BC9, 0x8BC9, 0x8BC9, 0x8BC9, 0x8BC9, 0x8BC9, 0x8BC9,
0x5245, 0x5245, 0xACAB, 0xACAB, 0xACAB, 0xACAB, 0xACAB, 0xACAB, 0xACAB, 0xACAB, 0xACAB, 0xACAB, 0xACAB, 0xACAB, 0xACAB, 0xACAB,
0xACAB, 0xACAB, 0xACAB, 0xACAB, 0xACAB, 0xACAB, 0xACAB, 0xACAB, 0xACAB, 0xACAB, 0xACAB, 0xACAB, 0xACAB, 0xACAB, 0xACAB, 0xACAB,
0xACAB, 0xACAB, 0xACAB, 0xACAB, 0xACAB, 0xACAB, 0xACAB, 0xACAB, 0x5245, 0x5245, 0x8BC9, 0x8BC9, 0x8BC9, 0x8BC9, 0x8BC9, 0x8BC9,
0x8BC9, 0x8BC9, 0x8BC9, 0x8BC9, 0x8BC9, 0x8BC9, 0x8BC9, 0x8BC9, 0x8BC9, 0x8BC9, 0x8BC9, 0x8BC9, 0x8BC9, 0x8BC9, 0x8BC9, 0x8BC9,
0x8BC9, 0x8BC9, 0x8BC9, 0x8BC9, 0x8BC9, 0x8BC9, 0x8BC9, 0x8BC9, 0x8BC9, 0x8BC9, 0x8BC9, 0x8BC9, 0x8BC9, 0x8BC9, 0x8BC9, 0x8BC9,
0x5245, 0x5245, 0xACAB, 0xACAB, 0xACAB, 0xACAB, 0xACAB, 0xACAB, 0xACAB, 0xACAB, 0xACAB, 0xACAB, 0xACAB, 0xACAB, 0xACAB, 0xACAB,
0xACAB, 0xACAB, 0xACAB, 0xACAB, 0xACAB, 0xACAB, 0xACAB, 0xACAB, 0xACAB, 0xACAB, 0xACAB, 0xACAB, 0xACAB, 0xACAB, 0xACAB, 0xACAB,
0xACAB, 0xACAB, 0xACAB, 0xACAB, 0xACAB, 0xACAB, 0xACAB, 0xACAB, 0x5245, 0x5245, 0x8BC9, 0x8BC9, 0x8BC9, 0x8BC9, 0x8BC9, 0x8BC9,
0x8BC9, 0x8BC9, 0x8BC9, 0x8BC9, 0x8BC9, 0x8BC9, 0x8BC9, 0x8BC9, 0x8BC9, 0x8BC9, 0x8BC9, 0x8BC9, 0x8BC9, 0x8BC9, 0x8BC9, 0x8BC9,
0x8BC9, 0x8BC9, 0x8BC9, 0x8BC9, 0x8BC9, 0x8BC9, 0x8BC9, 0x8BC9, 0x8BC9, 0x8BC9, 0x8BC9, 0x8BC9, 0x8BC9, 0x8BC9, 0x8BC9, 0x8BC9,
0x5245, 0x5245, 0xACAB, 0xACAB, 0xACAB, 0xACAB, 0xACAB, 0xACAB, 0xACAB, 0xACAB, 0xACAB, 0xACAB, 0xACAB, 0xACAB, 0xACAB, 0xACAB,
0xACAB, 0xACAB, 0xACAB, 0xACAB, 0xACAB, 0xACAB, 0xACAB, 0xACAB, 0xACAB, 0xACAB, 0xACAB, 0xACAB, 0xACAB, 0xACAB, 0xACAB, 0xACAB,
0xACAB, 0xACAB, 0xACAB, 0xACAB, 0xACAB, 0xACAB, 0xACAB, 0xACAB, 0x5245, 0x5245, 0x8BC9, 0x8BC9, 0x8BC9, 0x8BC9, 0x8BC9, 0x8BC9,
0x8BC9, 0x8BC9, 0x8BC9, 0x8BC9, 0x8BC9, 0x8BC9, 0x8BC9, 0x8BC9, 0x8BC9, 0x8BC9, 0x8BC9, 0x8BC9, 0x8BC9, 0x8BC9, 0x8BC9, 0x8BC9,
0x8BC9, 0x8BC9, 0x8BC9, 0x8BC9, 0x8BC9, 0x8BC9, 0x8BC9, 0x8BC9, 0x8BC9, 0x8BC9, 0x8BC9, 0x8BC9, 0x8BC9, 0x8BC9, 0x8BC9, 0x8BC9,
0x5245, 0x5245, 0xACAB, 0xACAB, 0xACAB, 0xACAB, 0xACAB, 0xACAB, 0xACAB, 0xACAB, 0xACAB, 0xACAB, 0xACAB, 0xACAB, 0xACAB, 0xACAB,
0xACAB, 0xACAB, 0xACAB, 0xACAB, 0xACAB, 0xACAB, 0xACAB, 0xACAB, 0xACAB, 0xACAB, 0xACAB, 0xACAB, 0xACAB, 0xACAB, 0xACAB, 0xACAB,
0xACAB, 0xACAB, 0xACAB, 0xACAB, 0xACAB, 0xACAB, 0xACAB, 0xACAB, 0x5245, 0x5245, 0x8BC9, 0x8BC9, 0x8BC9, 0x8BC9, 0x8BC9, 0x8BC9,
0x8BC9, 0x8BC9, 0x8BC9, 0x8BC9, 0x8BC9, 0x8BC9, 0x8BC9, 0x8BC9, 0x8BC9, 0x8BC9, 0x8BC9, 0x8BC9, 0x8BC9, 0x8BC9, 0x8BC9, 0x8BC9,
0x8BC9, 0x8BC9, 0x8BC9, 0x8BC9, 0x8BC9, 0x8BC9, 0x8BC9, 0x8BC9, 0x8BC9, 0x8BC9, 0x8BC9, 0x8BC9, 0x8BC9, 0x8BC9, 0x8BC9, 0x8BC9,
0x5245, 0x5245, 0xACAB, 0xACAB, 0xACAB, 0xACAB, 0xACAB, 0xACAB, 0xACAB, 0xACAB, 0xACAB, 0xACAB, 0xACAB, 0xACAB, 0xACAB, 0xACAB,
0xACAB, 0xACAB, 0xACAB, 0xACAB, 0xACAB, 0xACAB, 0xACAB, 0xACAB, 0xACAB, 0xACAB, 0xACAB, 0xACAB, 0xACAB, 0xACAB, 0xACAB, 0xACAB,
0xACAB, 0xACAB, 0xACAB, 0xACAB, 0xACAB, 0xACAB, 0xACAB, 0xACAB, 0x5245, 0x5245, 0x8BC9, 0x8BC9, 0x8BC9, 0x8BC9, 0x8BC9, 0x8BC9,
0x8BC9, 0x8BC9, 0x8BC9, 0x8BC9, 0x8BC9, 0x8BC9, 0x8BC9, 0x8BC9, 0x8BC9, 0x8BC9, 0x8BC9, 0x8BC9, 0x8BC9, 0x8BC9, 0x8BC9, 0x8BC9,
0x8BC9, 0x8BC9, 0x8BC9, 0x8BC9, 0x8BC9, 0x8BC9, 0x8BC9, 0x8BC9, 0x8BC9, 0x8BC9, 0x8BC9, 0x8BC9, 0x8BC9, 0x8BC9, 0x8BC9, 0x8BC9,
0x5245, 0x5245, 0xACAB, 0xACAB, 0xACAB, 0xACAB, 0xACAB, 0xACAB, 0xACAB, 0xACAB, 0xACAB, 0xACAB, 0xACAB, 0xACAB, 0xACAB, 0xACAB,
0xACAB, 0xACAB, 0xACAB, 0xACAB, 0xACAB, 0xACAB, 0xACAB, 0xACAB, 0xACAB, 0xACAB, 0xACAB, 0xACAB, 0xACAB, 0xACAB, 0xACAB, 0xACAB,
0xACAB, 0xACAB, 0xACAB, 0xACAB, 0xACAB, 0xACAB, 0xACAB, 0xACAB, 0x5245, 0x5245, 0x8BC9, 0x8BC9, 0x8BC9, 0x8BC9, 0x8BC9, 0x8BC9,
0x8BC9, 0x8BC9, 0x8BC9, 0x8BC9, 0x8BC9, 0x8BC9, 0x8BC9, 0x8BC9, 0x8BC9, 0x8BC9, 0x8BC9, 0x8BC9, 0x8BC9, 0x8BC9, 0x8BC9, 0x8BC9,
0x8BC9, 0x8BC9, 0x8BC9, 0x8BC9, 0x8BC9, 0x8BC9, 0x8BC9, 0x8BC9, 0x8BC9, 0x8BC9, 0x8BC9, 0x8BC9, 0x8BC9, 0x8BC9, 0x8BC9, 0x8BC9,
0x5245, 0x5245, 0xACAB, 0xACAB, 0xACAB, 0xACAB, 0xACAB, 0xACAB, 0xACAB, 0xACAB, 0xACAB, 0xACAB, 0xACAB, 0xACAB, 0xACAB, 0xACAB,
0xACAB, 0xACAB, 0xACAB, 0xACAB, 0xACAB, 0xACAB, 0xACAB, 0xACAB, 0xACAB, 0xACAB, 0xACAB, 0xACAB, 0xACAB, 0xACAB, 0xACAB, 0xACAB,
0xACAB, 0xACAB, 0xACAB, 0xACAB, 0xACAB, 0xACAB, 0xACAB, 0xACAB, 0x5245, 0x5245, 0x8BC9, 0x8BC9, 0x8BC9, 0x8BC9, 0x8BC9, 0x8BC9,
0x8BC9, 0x8BC9, 0x8BC9, 0x8BC9, 0x8BC9, 0x8BC9, 0x8BC9, 0x8BC9, 0x8BC9, 0x8BC9, 0x8BC9, 0x8BC9, 0x8BC9, 0x8BC9, 0x8BC9, 0x8BC9,
0x8BC9, 0x8BC9, 0x8BC9, 0x8BC9, 0x8BC9, 0x8BC9, 0x8BC9, 0x8BC9, 0x8BC9, 0x8BC9, 0x8BC9, 0x8BC9, 0x8BC9, 0x8BC9, 0x8BC9, 0x8BC9,
0x5245, 0x5245, 0xACAB, 0xACAB, 0xACAB, 0xACAB, 0xACAB, 0xACAB, 0xACAB, 0xACAB, 0xACAB, 0xACAB, 0xACAB, 0xACAB, 0xACAB, 0xACAB,
0xACAB, 0xACAB, 0xACAB, 0xACAB, 0xACAB, 0xACAB, 0xACAB, 0xACAB, 0xACAB, 0xACAB, 0xACAB, 0xACAB, 0xACAB, 0xACAB, 0xACAB, 0xACAB,
0xACAB, 0xACAB, 0xACAB, 0xACAB, 0xACAB, 0xACAB, 0xACAB, 0xACAB, 0x5245, 0x5245, 0x8BC9, 0x8BC9, 0x8BC9, 0x8BC9, 0x8BC9, 0x8BC9,
0x8BC9, 0x8BC9, 0x8BC9, 0x8BC9, 0x8BC9, 0x8BC9, 0x8BC9, 0x8BC9, 0x8BC9, 0x8BC9, 0x8BC9, 0x8BC9, 0x8BC9, 0x8BC9, 0x8BC9, 0x8BC9,
0x8BC9, 0x8BC9, 0x8BC9, 0x8BC9, 0x8BC9, 0x8BC9, 0x8BC9, 0x8BC9, 0x8BC9, 0x8BC9, 0x8BC9, 0x8BC9, 0x8BC9, 0x8BC9, 0x8BC9, 0x8BC9,
0x5245, 0x5245, 0xACAB, 0xACAB, 0xACAB, 0xACAB, 0xACAB, 0xACAB, 0xACAB, 0xACAB, 0xACAB, 0xACAB, 0xACAB, 0xACAB, 0xACAB, 0xACAB,
0xACAB, 0xACAB, 0xACAB, 0xACAB, 0xACAB, 0xACAB, 0xACAB, 0xACAB, 0xACAB, 0xACAB, 0xACAB, 0xACAB, 0xACAB, 0xACAB, 0xACAB, 0xACAB,
0xACAB, 0xACAB, 0xACAB, 0xACAB, 0xACAB, 0xACAB, 0xACAB, 0xACAB, 0x5245, 0x5245, 0x8BC9, 0x8BC9, 0x8BC9, 0x8BC9, 0x8BC9, 0x8BC9,
0x8BC9, 0x8BC9, 0x8BC9, 0x8BC9, 0x8BC9, 0x8BC9, 0x8BC9, 0x8BC9, 0x8BC9, 0x8BC9, 0x8BC9, 0x8BC9, 0x8BC9, 0x8BC9, 0x8BC9, 0x8BC9,
0x8BC9, 0x8BC9, 0x8BC9, 0x8BC9, 0x8BC9, 0x8BC9, 0x8BC9, 0x8BC9, 0x8BC9, 0x8BC9, 0x8BC9, 0x8BC9, 0x8BC9, 0x8BC9, 0x8BC9, 0x8BC9,
0x5245, 0x5245, 0xACAB, 0xACAB, 0xACAB, 0xACAB, 0xACAB, 0xACAB, 0xACAB, 0xACAB, 0xACAB, 0xACAB, 0xACAB, 0xACAB, 0xACAB, 0xACAB,
0xACAB, 0xACAB, 0xACAB, 0xACAB, 0xACAB, 0xACAB, 0xACAB, 0xACAB, 0xACAB, 0xACAB, 0xACAB, 0xACAB, 0xACAB, 0xACAB, 0xACAB, 0xACAB,
0xACAB, 0xACAB, 0xACAB, 0xACAB, 0xACAB, 0xACAB, 0xACAB, 0xACAB, 0x5245, 0x5245, 0x8BC9, 0x8BC9, 0x8BC9, 0x8BC9, 0x8BC9, 0x8BC9,
0x8BC9, 0x8BC9, 0x8BC9, 0x8BC9, 0x8BC9, 0x8BC9, 0x8BC9, 0x8BC9, 0x8BC9, 0x8BC9, 0x8BC9, 0x8BC9, 0x8BC9, 0x8BC9, 0x8BC9, 0x8BC9,
0x8BC9, 0x8BC9, 0x8BC9, 0x8BC9, 0x8BC9, 0x8BC9, 0x8BC9, 0x8BC9, 0x8BC9, 0x8BC9, 0x8BC9, 0x8BC9, 0x8BC9, 0x8BC9, 0x8BC9, 0x8BC9,
0x5245, 0x5245, 0xACAB, 0xACAB, 0xACAB, 0xACAB, 0xACAB, 0xACAB, 0xACAB, 0xACAB, 0xACAB, 0xACAB, 0xACAB, 0xACAB, 0xACAB, 0xACAB,
0xACAB, 0xACAB, 0xACAB, 0xACAB, 0xACAB, 0xACAB, 0xACAB, 0xACAB, 0xACAB, 0xACAB, 0xACAB, 0xACAB, 0xACAB, 0xACAB, 0xACAB, 0xACAB,
0xACAB, 0xACAB, 0xACAB, 0xACAB, 0xACAB, 0xACAB, 0xACAB, 0xACAB, 0x5245, 0x5245, 0x8BC9, 0x8BC9, 0x8BC9, 0x8BC9, 0x8BC9, 0x8BC9,
0x8BC9, 0x8BC9, 0x8BC9, 0x8BC9, 0x8BC9, 0x8BC9, 0x8BC9, 0x8BC9, 0x8BC9, 0x8BC9, 0x8BC9, 0x8BC9, 0x8BC9, 0x8BC9, 0x8BC9, 0x8BC9,
0x8BC9, 0x8BC9, 0x8BC9, 0x8BC9, 0x8BC9, 0x8BC9, 0x8BC9, 0x8BC9, 0x8BC9, 0x8BC9, 0x8BC9, 0x8BC9, 0x8BC9, 0x8BC9, 0x8BC9, 0x8BC9,
0x5245, 0x5245, 0xACAB, 0xACAB, 0xACAB, 0xACAB, 0xACAB, 0xACAB, 0xACAB, 0xACAB, 0xACAB, 0xACAB, 0xACAB, 0xACAB, 0xACAB, 0xACAB,
0xACAB, 0xACAB, 0xACAB, 0xACAB, 0xACAB, 0xACAB, 0xACAB, 0xACAB, 0xACAB, 0xACAB, 0xACAB, 0xACAB, 0xACAB, 0xACAB, 0xACAB, 0xACAB,
0xACAB, 0xACAB, 0xACAB, 0xACAB, 0xACAB, 0xACAB, 0xACAB, 0xACAB, 0x5245, 0x5245, 0x8BC9, 0x8BC9, 0x8BC9, 0x8BC9, 0x8BC9, 0x8BC9,
0x8BC9, 0x8BC9, 0x8BC9, 0x8BC9, 0x8BC9, 0x8BC9, 0x8BC9, 0x8BC9, 0x8BC9, 0x8BC9, 0x8BC9, 0x8BC9, 0x8BC9, 0x8BC9, 0x8BC9, 0x8BC9,
0x8BC9, 0x8BC9, 0x8BC9, 0x8BC9, 0x8BC9, 0x8BC9, 0x8BC9, 0x8BC9, 0x8BC9, 0x8BC9, 0x8BC9, 0x8BC9, 0x8BC9, 0x8BC9, 0x8BC9, 0x8BC9,
0x5245, 0x5245, 0xACAB, 0xACAB, 0xACAB, 0xACAB, 0xACAB, 0xACAB, 0xACAB, 0xACAB, 0xACAB, 0xACAB, 0xACAB, 0xACAB, 0xACAB, 0xACAB,
0xACAB, 0xACAB, 0xACAB, 0xACAB, 0xACAB, 0xACAB, 0xACAB, 0xACAB, 0xACAB, 0xACAB, 0xACAB, 0xACAB, 0xACAB, 0xACAB, 0xACAB, 0xACAB,
0xACAB, 0xACAB, 0xACAB, 0xACAB, 0xACAB, 0xACAB, 0xACAB, 0xACAB, 0x5245, 0x5245, 0x8BC9, 0x8BC9, 0x8BC9, 0x8BC9, 0x8BC9, 0x8BC9,
0x8BC9, 0x8BC9, 0x8BC9, 0x8BC9, 0x8BC9, 0x8BC9, 0x8BC9, 0x8BC9, 0x8BC9, 0x8BC9, 0x8BC9, 0x8BC9, 0x8BC9, 0x8BC9, 0x8BC9, 0x8BC9,
0x8BC9, 0x8BC9, 0x8BC9, 0x8BC9, 0x8BC9, 0x8BC9, 0x8BC9, 0x8BC9, 0x8BC9, 0x8BC9, 0x8BC9, 0x8BC9, 0x8BC9, 0x8BC9, 0x8BC9, 0x8BC9,
0x5245, 0x5245, 0xACAB, 0xACAB, 0xACAB, 0xACAB, 0xACAB, 0xACAB, 0xACAB, 0xACAB, 0xACAB, 0xACAB, 0xACAB, 0xACAB, 0xACAB, 0xACAB,
0xACAB, 0xACAB, 0xACAB, 0xACAB, 0xACAB, 0xACAB, 0xACAB, 0xACAB, 0xACAB, 0xACAB, 0xACAB, 0xACAB, 0xACAB, 0xACAB, 0xACAB, 0xACAB,
0xACAB, 0xACAB, 0xACAB, 0xACAB, 0xACAB, 0xACAB, 0xACAB, 0xACAB, 0x5245, 0x5245, 0x8BC9, 0x8BC9, 0x8BC9, 0x8BC9, 0x8BC9, 0x8BC9,
0x8BC9, 0x8BC9, 0x8BC9, 0x8BC9, 0x8BC9, 0x8BC9, 0x8BC9, 0x8BC9, 0x8BC9, 0x8BC9, 0x8BC9, 0x8BC9, 0x8BC9, 0x8BC9, 0x8BC9, 0x8BC9,
0x8BC9, 0x8BC9, 0x8BC9, 0x8BC9, 0x8BC9, 0x8BC9, 0x8BC9, 0x8BC9, 0x8BC9, 0x8BC9, 0x8BC9, 0x8BC9, 0x8BC9, 0x8BC9, 0x8BC9, 0x8BC9,
0x5245, 0x5245, 0xACAB, 0xACAB, 0xACAB, 0xACAB, 0xACAB, 0xACAB, 0xACAB, 0xACAB, 0xACAB, 0xACAB, 0xACAB, 0xACAB, 0xACAB, 0xACAB,
0xACAB, 0xACAB, 0xACAB, 0xACAB, 0xACAB, 0xACAB, 0xACAB, 0xACAB, 0xACAB, 0xACAB, 0xACAB, 0xACAB, 0xACAB, 0xACAB, 0xACAB, 0xACAB,
0xACAB, 0xACAB, 0xACAB, 0xACAB, 0xACAB, 0xACAB, 0xACAB, 0xACAB, 0x5245, 0x5245, 0x8BC9, 0x8BC9, 0x8BC9, 0x8BC9, 0x8BC9, 0x8BC9,
0x8BC9, 0x8BC9, 0x8BC9, 0x8BC9, 0x8BC9, 0x8BC9, 0x8BC9, 0x8BC9, 0x8BC9, 0x8BC9, 0x8BC9, 0x8BC9, 0x8BC9, 0x8BC9, 0x8BC9, 0x8BC9,
0x8BC9, 0x8BC9, 0x8BC9, 0x8BC9, 0x8BC9, 0x8BC9, 0x8BC9, 0x8BC9, 0x8BC9, 0x8BC9, 0x8BC9, 0x8BC9, 0x8BC9, 0x8BC9, 0x8BC9, 0x8BC9,
0x5245, 0x5245, 0xACAB, 0xACAB, 0xACAB, 0xACAB, 0xACAB, 0xACAB, 0xACAB, 0xACAB, 0xACAB, 0xACAB, 0xACAB, 0xACAB, 0xACAB, 0xACAB,
0xACAB, 0xACAB, 0xACAB, 0xACAB, 0xACAB, 0xACAB, 0xACAB, 0xACAB, 0xACAB, 0xACAB, 0xACAB, 0xACAB, 0xACAB, 0xACAB, 0xACAB, 0xACAB,
0xACAB, 0xACAB, 0xACAB, 0xACAB, 0xACAB, 0xACAB, 0xACAB, 0xACAB, 0x5245, 0x5245, 0x8BC9, 0x8BC9, 0x8BC9, 0x8BC9, 0x8BC9, 0x8BC9,
0x8BC9, 0x8BC9, 0x8BC9, 0x8BC9, 0x8BC9, 0x8BC9, 0x8BC9, 0x8BC9, 0x8BC9, 0x8BC9, 0x8BC9, 0x8BC9, 0x8BC9, 0x8BC9, 0x8BC9, 0x8BC9,
0x8BC9, 0x8BC9, 0x8BC9, 0x8BC9, 0x8BC9, 0x8BC9, 0x8BC9, 0x8BC9, 0x8BC9, 0x8BC9, 0x8BC9, 0x8BC9, 0x8BC9, 0x8BC9, 0x8BC9, 0x8BC9,
0x5245, 0x5245, 0xACAB, 0xACAB, 0xACAB, 0xACAB, 0xACAB, 0xACAB, 0xACAB, 0xACAB, 0xACAB, 0xACAB, 0xACAB, 0xACAB, 0xACAB, 0xACAB,
0xACAB, 0xACAB, 0xACAB, 0xACAB, 0xACAB, 0xACAB, 0xACAB, 0xACAB, 0xACAB, 0xACAB, 0xACAB, 0xACAB, 0xACAB, 0xACAB, 0xACAB, 0xACAB,
0xACAB, 0xACAB, 0xACAB, 0xACAB, 0xACAB, 0xACAB, 0xACAB, 0xACAB, 0x5245, 0x5245, 0x8BC9, 0x8BC9, 0x8BC9, 0x8BC9, 0x8BC9, 0x8BC9,
0x8BC9, 0x8BC9, 0x8BC9, 0x8BC9, 0x8BC9, 0x8BC9, 0x8BC9, 0x8BC9, 0x8BC9, 0x8BC9, 0x8BC9, 0x8BC9, 0x8BC9, 0x8BC9, 0x8BC9, 0x8BC9,
0x8BC9, 0x8BC9, 0x8BC9, 0x8BC9, 0x8BC9, 0x8BC9, 0x8BC9, 0x8BC9, 0x8BC9, 0x8BC9, 0x8BC9, 0x8BC9, 0x8BC9, 0x8BC9, 0x8BC9, 0x8BC9,
0x5245, 0x5245, 0xACAB, 0xACAB, 0xACAB, 0xACAB, 0xACAB, 0xACAB, 0xACAB, 0xACAB, 0xACAB, 0xACAB, 0xACAB, 0xACAB, 0xACAB, 0xACAB,
0xACAB, 0xACAB, 0xACAB, 0xACAB, 0xACAB, 0xACAB, 0xACAB, 0xACAB, 0xACAB, 0xACAB, 0xACAB, 0xACAB, 0xACAB, 0xACAB, 0xACAB, 0xACAB,
0xACAB, 0xACAB, 0xACAB, 0xACAB, 0xACAB, 0xACAB, 0xACAB, 0xACAB, 0x5245, 0x5245, 0x8BC9, 0x8BC9, 0x8BC9, 0x8BC9, 0x8BC9, 0x8BC9,
0x8BC9, 0x8BC9, 0x8BC9, 0x8BC9, 0x8BC9, 0x8BC9, 0x8BC9, 0x8BC9, 0x8BC9, 0x8BC9, 0x8BC9, 0x8BC9, 0x8BC9, 0x8BC9, 0x8BC9, 0x8BC9,
0x8BC9, 0x8BC9, 0x8BC9, 0x8BC9, 0x8BC9, 0x8BC9, 0x8BC9, 0x8BC9, 0x8BC9, 0x8BC9, 0x8BC9, 0x8BC9, 0x8BC9, 0x8BC9, 0x8BC9, 0x8BC9,
0x5245, 0x5245, 0xACAB, 0xACAB, 0xACAB, 0xACAB, 0xACAB, 0xACAB, 0xACAB, 0xACAB, 0xACAB, 0xACAB, 0xACAB, 0xACAB, 0xACAB, 0xACAB,
0xACAB, 0xACAB, 0xACAB, 0xACAB, 0xACAB, 0xACAB, 0xACAB, 0xACAB, 0xACAB, 0xACAB, 0xACAB, 0xACAB, 0xACAB, 0xACAB, 0xACAB, 0xACAB,
0xACAB, 0xACAB, 0xACAB, 0xACAB, 0xACAB, 0xACAB, 0xACAB, 0xACAB, 0x5245, 0x5245, 0x8BC9, 0x8BC9, 0x8BC9, 0x8BC9, 0x8BC9, 0x8BC9,
0x8BC9, 0x8BC9, 0x8BC9, 0x8BC9, 0x8BC9, 0x8BC9, 0x8BC9, 0x8BC9, 0x8BC9, 0x8BC9, 0x8BC9, 0x8BC9, 0x8BC9, 0x8BC9, 0x8BC9, 0x8BC9,
0x8BC9, 0x8BC9, 0x8BC9, 0x8BC9, 0x8BC9, 0x8BC9, 0x8BC9, 0x8BC9, 0x8BC9, 0x8BC9, 0x8BC9, 0x8BC9, 0x8BC9, 0x8BC9, 0x8BC9, 0x8BC9,
0x5245, 0x5245, 0xACAB, 0xACAB, 0xACAB, 0xACAB, 0xACAB, 0xACAB, 0xACAB, 0xACAB, 0xACAB, 0xACAB, 0xACAB, 0xACAB, 0xACAB, 0xACAB,
0xACAB, 0xACAB, 0xACAB, 0xACAB, 0xACAB, 0xACAB, 0xACAB, 0xACAB, 0xACAB, 0xACAB, 0xACAB, 0xACAB, 0xACAB, 0xACAB, 0xACAB, 0xACAB,
0xACAB, 0xACAB, 0xACAB, 0xACAB, 0xACAB, 0xACAB, 0xACAB, 0xACAB, 0x5245, 0x5245, 0x8BC9, 0x8BC9, 0x8BC9, 0x8BC9, 0x8BC9, 0x8BC9,
0x8BC9, 0x8BC9, 0x8BC9, 0x8BC9, 0x8BC9, 0x8BC9, 0x8BC9, 0x8BC9, 0x8BC9, 0x8BC9, 0x8BC9, 0x8BC9, 0x8BC9, 0x8BC9, 0x8BC9, 0x8BC9,
0x8BC9, 0x8BC9, 0x8BC9, 0x8BC9, 0x8BC9, 0x8BC9, 0x8BC9, 0x8BC9, 0x8BC9, 0x8BC9, 0x8BC9, 0x8BC9, 0x8BC9, 0x8BC9, 0x8BC9, 0x8BC9,
0x5245, 0x5245, 0xACAB, 0xACAB, 0xACAB, 0xACAB, 0xACAB, 0xACAB, 0xACAB, 0xACAB, 0xACAB, 0xACAB, 0xACAB, 0xACAB, 0xACAB, 0xACAB,
0xACAB, 0xACAB, 0xACAB, 0xACAB, 0xACAB, 0xACAB, 0xACAB, 0xACAB, 0xACAB, 0xACAB, 0xACAB, 0xACAB, 0xACAB, 0xACAB, 0xACAB, 0xACAB,
0xACAB, 0xACAB, 0xACAB, 0xACAB, 0xACAB, 0xACAB, 0xACAB, 0xACAB, 0x5245, 0x5245, 0x8BC9, 0x8BC9, 0x8BC9, 0x8BC9, 0x8BC9, 0x8BC9,
0x8BC9, 0x8BC9, 0x8BC9, 0x8BC9, 0x8BC9, 0x8BC9, 0x8BC9, 0x8BC9, 0x8BC9, 0x8BC9, 0x8BC9, 0x8BC9, 0x8BC9, 0x8BC9, 0x8BC9, 0x8BC9,
0x8BC9, 0x8BC9, 0x8BC9, 0x8BC9, 0x8BC9, 0x8BC9, 0x8BC9, 0x8BC9, 0x8BC9, 0x8BC9, 0x8BC9, 0x8BC9, 0x8BC9, 0x8BC9, 0x8BC9, 0x8BC9,
0x5245, 0x5245, 0xACAB, 0xACAB, 0xACAB, 0xACAB, 0xACAB, 0xACAB, 0xACAB, 0xACAB, 0xACAB, 0xACAB, 0xACAB, 0xACAB, 0xACAB, 0xACAB,
0xACAB, 0xACAB, 0xACAB, 0xACAB, 0xACAB, 0xACAB, 0xACAB, 0xACAB, 0xACAB, 0xACAB, 0xACAB, 0xACAB, 0xACAB, 0xACAB, 0xACAB, 0xACAB,
0xACAB, 0xACAB, 0xACAB, 0xACAB, 0xACAB, 0xACAB, 0xACAB, 0xACAB, 0x5245, 0x5245, 0x8BC9, 0x8BC9, 0x8BC9, 0x8BC9, 0x8BC9, 0x8BC9,
0x8BC9, 0x8BC9, 0x8BC9, 0x8BC9, 0x8BC9, 0x8BC9, 0x8BC9, 0x8BC9, 0x8BC9, 0x8BC9, 0x8BC9, 0x8BC9, 0x8BC9, 0x8BC9, 0x8BC9, 0x8BC9,
0x8BC9, 0x8BC9, 0x8BC9, 0x8BC9, 0x8BC9, 0x8BC9, 0x8BC9, 0x8BC9, 0x8BC9, 0x8BC9, 0x8BC9, 0x8BC9, 0x8BC9, 0x8BC9, 0x8BC9, 0x8BC9,
0x5245, 0x5245, 0xACAB, 0xACAB, 0xACAB, 0xACAB, 0xACAB, 0xACAB, 0xACAB, 0xACAB, 0xACAB, 0xACAB, 0xACAB, 0xACAB, 0xACAB, 0xACAB,
0xACAB, 0xACAB, 0xACAB, 0xACAB, 0xACAB, 0xACAB, 0xACAB, 0xACAB, 0xACAB, 0xACAB, 0xACAB, 0xACAB, 0xACAB, 0xACAB, 0xACAB, 0xACAB,
0xACAB, 0xACAB, 0xACAB, 0xACAB, 0xACAB, 0xACAB, 0xACAB, 0xACAB, 0x5245, 0x5245, 0x8BC9, 0x8BC9, 0x8BC9, 0x8BC9, 0x8BC9, 0x8BC9,
0x8BC9, 0x8BC9, 0x8BC9, 0x8BC9, 0x8BC9, 0x8BC9, 0x8BC9, 0x8BC9, 0x8BC9, 0x8BC9, 0x8BC9, 0x8BC9, 0x8BC9, 0x8BC9, 0x8BC9, 0x8BC9,
0x8BC9, 0x8BC9, 0x8BC9, 0x8BC9, 0x8BC9, 0x8BC9, 0x8BC9, 0x8BC9, 0x8BC9, 0x8BC9, 0x8BC9, 0x8BC9, 0x8BC9, 0x8BC9, 0x8BC9, 0x8BC9,
0x5245, 0x5245, 0xACAB, 0xACAB, 0xACAB, 0xACAB, 0xACAB, 0xACAB, 0xACAB, 0xACAB, 0xACAB, 0xACAB, 0xACAB, 0xACAB, 0xACAB, 0xACAB,
0xACAB, 0xACAB, 0xACAB, 0xACAB, 0xACAB, 0xACAB, 0xACAB, 0xACAB, 0xACAB, 0xACAB, 0xACAB, 0xACAB, 0xACAB, 0xACAB, 0xACAB, 0xACAB,
0xACAB, 0xACAB, 0xACAB, 0xACAB, 0xACAB, 0xACAB, 0xACAB, 0xACAB, 0x5245, 0x5245, 0x8BC9, 0x8BC9, 0x8BC9, 0x8BC9, 0x8BC9, 0x8BC9,
0x8BC9, 0x8BC9, 0x8BC9, 0x8BC9, 0x8BC9, 0x8BC9, 0x8BC9, 0x8BC9, 0x8BC9, 0x8BC9, 0x8BC9, 0x8BC9, 0x8BC9, 0x8BC9, 0x8BC9, 0x8BC9,
0x8BC9, 0x8BC9, 0x8BC9, 0x8BC9, 0x8BC9, 0x8BC9, 0x8BC9, 0x8BC9, 0x8BC9, 0x8BC9, 0x8BC9, 0x8BC9, 0x8BC9, 0x8BC9, 0x8BC9, 0x8BC9,
0x5245, 0x5245, 0xACAB, 0xACAB, 0xACAB, 0xACAB, 0xACAB, 0xACAB, 0xACAB, 0xACAB, 0xACAB, 0xACAB, 0xACAB, 0xACAB, 0xACAB, 0xACAB,
0xACAB, 0xACAB, 0xACAB, 0xACAB, 0xACAB, 0xACAB, 0xACAB, 0xACAB, 0xACAB, 0xACAB, 0xACAB, 0xACAB, 0xACAB, 0xACAB, 0xACAB, 0xACAB,
0xACAB, 0xACAB, 0xACAB, 0xACAB, 0xACAB, 0xACAB, 0xACAB, 0xACAB, 0x5245, 0x5245, 0x8BC9, 0x8BC9, 0x8BC9, 0x8BC9, 0x8BC9, 0x8BC9,
0x8BC9, 0x8BC9, 0x8BC9, 0x8BC9, 0x8BC9, 0x8BC9, 0x8BC9, 0x8BC9, 0x8BC9, 0x8BC9, 0x8BC9, 0x8BC9, 0x8BC9, 0x8BC9, 0x8BC9, 0x8BC9,
0x8BC9, 0x8BC9, 0x8BC9, 0x8BC9, 0x8BC9, 0x8BC9, 0x8BC9, 0x8BC9, 0x8BC9, 0x8BC9, 0x8BC9, 0x8BC9, 0x8BC9, 0x8BC9, 0x8BC9, 0x8BC9,
0x5245, 0x5245, 0xACAB, 0xACAB, 0xACAB, 0xACAB, 0xACAB, 0xACAB, 0xACAB, 0xACAB, 0xACAB, 0xACAB, 0xACAB, 0xACAB, 0xACAB, 0xACAB,
0xACAB, 0xACAB, 0xACAB, 0xACAB, 0xACAB, 0xACAB, 0xACAB, 0xACAB, 0xACAB, 0xACAB, 0xACAB, 0xACAB, 0xACAB, 0xACAB, 0xACAB, 0xACAB,
0xACAB, 0xACAB, 0xACAB, 0xACAB, 0xACAB, 0xACAB, 0xACAB, 0xACAB, 0x5245, 0x5245, 0x8BC9, 0x8BC9, 0x8BC9, 0x8BC9, 0x8BC9, 0x8BC9,
0x8BC9, 0x8BC9, 0x8BC9, 0x8BC9, 0x8BC9, 0x8BC9, 0x8BC9, 0x8BC9, 0x8BC9, 0x8BC9, 0x8BC9, 0x8BC9, 0x8BC9, 0x8BC9, 0x8BC9, 0x8BC9,
0x8BC9, 0x8BC9, 0x8BC9, 0x8BC9, 0x8BC9, 0x8BC9, 0x8BC9, 0x8BC9, 0x8BC9, 0x8BC9, 0x8BC9, 0x8BC9, 0x8BC9, 0x8BC9, 0x8BC9, 0x8BC9,
0x5245, 0x5245, 0xACAB, 0xACAB, 0xACAB, 0xACAB, 0xACAB, 0xACAB, 0xACAB, 0xACAB, 0xACAB, 0xACAB, 0xACAB, 0xACAB, 0xACAB, 0xACAB,
0xACAB, 0xACAB, 0xACAB, 0xACAB, 0xACAB, 0xACAB, 0xACAB, 0xACAB, 0xACAB, 0xACAB, 0xACAB, 0xACAB, 0xACAB, 0xACAB, 0xACAB, 0xACAB,
0xACAB, 0xACAB, 0xACAB, 0xACAB, 0xACAB, 0xACAB, 0xACAB, 0xACAB, 0x5245, 0x5245, 0x8BC9, 0x8BC9, 0x8BC9, 0x8BC9, 0x8BC9, 0x8BC9,
0x8BC9, 0x8BC9, 0x8BC9, 0x8BC9, 0x8BC9, 0x8BC9, 0x8BC9, 0x8BC9, 0x8BC9, 0x8BC9, 0x8BC9, 0x8BC9, 0x8BC9, 0x8BC9, 0x8BC9, 0x8BC9,
0x8BC9, 0x8BC9, 0x8BC9, 0x8BC9, 0x8BC9, 0x8BC9, 0x8BC9, 0x8BC9, 0x8BC9, 0x8BC9, 0x8BC9, 0x8BC9, 0x8BC9, 0x8BC9, 0x8BC9, 0x8BC9,
0x5245, 0x5245, 0xACAB, 0xACAB, 0xACAB, 0xACAB, 0xACAB, 0xACAB, 0xACAB, 0xACAB, 0xACAB, 0xACAB, 0xACAB, 0xACAB, 0xACAB, 0xACAB,
0xACAB, 0xACAB, 0xACAB, 0xACAB, 0xACAB, 0xACAB, 0xACAB, 0xACAB, 0xACAB, 0xACAB, 0xACAB, 0xACAB, 0xACAB, 0xACAB, 0xACAB, 0xACAB,
0xACAB, 0xACAB, 0xACAB, 0xACAB, 0xACAB, 0xACAB, 0xACAB, 0xACAB, 0x5245, 0x5245, 0x8BC9, 0x8BC9, 0x8BC9, 0x8BC9, 0x8BC9, 0x8BC9,
0x8BC9, 0x8BC9, 0x8BC9, 0x8BC9, 0x8BC9, 0x8BC9, 0x8BC9, 0x8BC9, 0x8BC9, 0x8BC9, 0x8BC9, 0x8BC9, 0x8BC9, 0x8BC9, 0x8BC9, 0x8BC9,
0x8BC9, 0x8BC9, 0x8BC9, 0x8BC9, 0x8BC9, 0x8BC9, 0x8BC9, 0x8BC9, 0x8BC9, 0x8BC9, 0x8BC9, 0x8BC9, 0x8BC9, 0x8BC9, 0x8BC9, 0x8BC9,
0x5245, 0x5245, 0xACAB, 0xACAB, 0xACAB, 0xACAB, 0xACAB, 0xACAB, 0xACAB, 0xACAB, 0xACAB, 0xACAB, 0xACAB, 0xACAB, 0xACAB, 0xACAB,
0xACAB, 0xACAB, 0xACAB, 0xACAB, 0xACAB, 0xACAB, 0xACAB, 0xACAB, 0xACAB, 0xACAB, 0xACAB, 0xACAB, 0xACAB, 0xACAB, 0xACAB, 0xACAB,
0xACAB, 0xACAB, 0xACAB, 0xACAB, 0xACAB, 0xACAB, 0xACAB, 0xACAB, 0x5245, 0x5245, 0x8BC9, 0x8BC9, 0x8BC9, 0x8BC9, 0x8BC9, 0x8BC9,
0x8BC9, 0x8BC9, 0x8BC9, 0x8BC9, 0x8BC9, 0x8BC9, 0x8BC9, 0x8BC9, 0x8BC9, 0x8BC9, 0x8BC9, 0x8BC9, 0x8BC9, 0x8BC9, 0x8BC9, 0x8BC9,
0x8BC9, 0x8BC9, 0x8BC9, 0x8BC9, 0x8BC9, 0x8BC9, 0x8BC9, 0x8BC9, 0x8BC9, 0x8BC9, 0x8BC9, 0x8BC9, 0x8BC9, 0x8BC9, 0x8BC9, 0x8BC9,
0x5245, 0x5245, 0xACAB, 0xACAB, 0xACAB, 0xACAB, 0xACAB, 0xACAB, 0xACAB, 0xACAB, 0xACAB, 0xACAB, 0xACAB, 0xACAB, 0xACAB, 0xACAB,
0xACAB, 0xACAB, 0xACAB, 0xACAB, 0xACAB, 0xACAB, 0xACAB, 0xACAB, 0xACAB, 0xACAB, 0xACAB, 0xACAB, 0xACAB, 0xACAB, 0xACAB, 0xACAB,
0xACAB, 0xACAB, 0xACAB, 0xACAB, 0xACAB, 0xACAB, 0xACAB, 0xACAB, 0x5245, 0x5245, 0x8BC9, 0x8BC9, 0x8BC9, 0x8BC9, 0x8BC9, 0x8BC9,
0x8BC9, 0x8BC9, 0x8BC9, 0x8BC9, 0x8BC9, 0x8BC9, 0x8BC9, 0x8BC9, 0x8BC9, 0x8BC9, 0x8BC9, 0x8BC9, 0x8BC9, 0x8BC9, 0x8BC9, 0x8BC9,
0x8BC9, 0x8BC9, 0x8BC9, 0x8BC9, 0x8BC9, 0x8BC9, 0x8BC9, 0x8BC9, 0x8BC9, 0x8BC9, 0x8BC9, 0x8BC9, 0x8BC9, 0x8BC9, 0x8BC9, 0x8BC9,
0x5245, 0x5245, 0xACAB, 0xACAB, 0xACAB, 0xACAB, 0xACAB, 0xACAB, 0xACAB, 0xACAB, 0xACAB, 0xACAB, 0xACAB, 0xACAB, 0xACAB, 0xACAB,
0xACAB, 0xACAB, 0xACAB, 0xACAB, 0xACAB, 0xACAB, 0xACAB, 0xACAB, 0xACAB, 0xACAB, 0xACAB, 0xACAB, 0xACAB, 0xACAB, 0xACAB, 0xACAB,
0xACAB, 0xACAB, 0xACAB, 0xACAB, 0xACAB, 0xACAB, 0xACAB, 0xACAB, 0x5245, 0x5245, 0x8BC9, 0x8BC9, 0x8BC9, 0x8BC9, 0x8BC9, 0x8BC9,
0x8BC9, 0x8BC9, 0x8BC9, 0x8BC9, 0x8BC9, 0x8BC9, 0x8BC9, 0x8BC9, 0x8BC9, 0x8BC9, 0x8BC9, 0x8BC9, 0x8BC9, 0x8BC9, 0x8BC9, 0x8BC9,
0x8BC9, 0x8BC9, 0x8BC9, 0x8BC9, 0x8BC9, 0x8BC9, 0x8BC9, 0x8BC9, 0x8BC9, 0x8BC9, 0x8BC9, 0x8BC9, 0x8BC9, 0x8BC9, 0x8BC9, 0x8BC9,
0x5245, 0x5245, 0xACAB, 0xACAB, 0xACAB, 0xACAB, 0xACAB, 0xACAB, 0xACAB, 0xACAB, 0xACAB, 0xACAB, 0xACAB, 0xACAB, 0xACAB, 0xACAB,
0xACAB, 0xACAB, 0xACAB, 0xACAB, 0xACAB, 0xACAB, 0xACAB, 0xACAB, 0xACAB, 0xACAB, 0xACAB, 0xACAB, 0xACAB, 0xACAB, 0xACAB, 0xACAB,
0xACAB, 0xACAB, 0xACAB, 0xACAB, 0xACAB, 0xACAB, 0xACAB, 0xACAB, 0x5245, 0x5245, 0x8BC9, 0x8BC9, 0x8BC9, 0x8BC9, 0x8BC9, 0x8BC9,
0x8BC9, 0x8BC9, 0x8BC9, 0x8BC9, 0x8BC9, 0x8BC9, 0x8BC9, 0x8BC9, 0x8BC9, 0x8BC9, 0x8BC9, 0x8BC9, 0x8BC9, 0x8BC9, 0x8BC9, 0x8BC9,
0x8BC9, 0x8BC9, 0x8BC9, 0x8BC9, 0x8BC9, 0x8BC9, 0x8BC9, 0x8BC9, 0x8BC9, 0x8BC9, 0x8BC9, 0x8BC9, 0x8BC9, 0x8BC9, 0x8BC9, 0x8BC9,
0x5245, 0x5245, 0xACAB, 0xACAB, 0xACAB, 0xACAB, 0xACAB, 0xACAB, 0xACAB, 0xACAB, 0xACAB, 0xACAB, 0xACAB, 0xACAB, 0xACAB, 0xACAB,
0xACAB, 0xACAB, 0xACAB, 0xACAB, 0xACAB, 0xACAB, 0xACAB, 0xACAB, 0xACAB, 0xACAB, 0xACAB, 0xACAB, 0xACAB, 0xACAB, 0xACAB, 0xACAB,
0xACAB, 0xACAB, 0xACAB, 0xACAB, 0xACAB, 0xACAB, 0xACAB, 0xACAB, 0x5245, 0x5245, 0x8BC9, 0x8BC9, 0x8BC9, 0x8BC9, 0x8BC9, 0x8BC9,
0x8BC9, 0x8BC9, 0x8BC9, 0x8BC9, 0x8BC9, 0x8BC9, 0x8BC9, 0x8BC9, 0x8BC9, 0x8BC9, 0x8BC9, 0x8BC9, 0x8BC9, 0x8BC9, 0x8BC9, 0x8BC9,
0x8BC9, 0x8BC9, 0x8BC9, 0x8BC9, 0x8BC9, 0x8BC9, 0x8BC9, 0x8BC9, 0x8BC9, 0x8BC9, 0x8BC9, 0x8BC9, 0x8BC9, 0x8BC9, 0x8BC9, 0x8BC9,
0x5245, 0x5245, 0xACAB, 0xACAB, 0xACAB, 0xACAB, 0xACAB, 0xACAB, 0xACAB, 0xACAB, 0xACAB, 0xACAB, 0xACAB, 0xACAB, 0xACAB, 0xACAB,
0xACAB, 0xACAB, 0xACAB, 0xACAB, 0xACAB, 0xACAB, 0xACAB, 0xACAB, 0xACAB, 0xACAB, 0xACAB, 0xACAB, 0xACAB, 0xACAB, 0xACAB, 0xACAB,
0xACAB, 0xACAB, 0xACAB, 0xACAB, 0xACAB, 0xACAB, 0xACAB, 0xACAB, 0x5245, 0x5245, 0x8BC9, 0x8BC9, 0x8BC9, 0x8BC9, 0x8BC9, 0x8BC9,
0x8BC9, 0x8BC9, 0x8BC9, 0x8BC9, 0x8BC9, 0x8BC9, 0x8BC9, 0x8BC9, 0x8BC9, 0x8BC9, 0x8BC9, 0x8BC9, 0x8BC9, 0x8BC9, 0x8BC9, 0x8BC9,
0x8BC9, 0x8BC9, 0x8BC9, 0x8BC9, 0x8BC9, 0x8BC9, 0x8BC9, 0x8BC9, 0x8BC9, 0x8BC9, 0x8BC9, 0x8BC9, 0x8BC9, 0x8BC9, 0x8BC9, 0x8BC9,
0x5245, 0x5245, 0xACAB, 0xACAB, 0xACAB, 0xACAB, 0xACAB, 0xACAB, 0xACAB, 0xACAB, 0xACAB, 0xACAB, 0xACAB, 0xACAB, 0xACAB, 0xACAB,
0xACAB, 0xACAB, 0xACAB, 0xACAB, 0xACAB, 0xACAB, 0xACAB, 0xACAB, 0xACAB, 0xACAB, 0xACAB, 0xACAB, 0xACAB, 0xACAB, 0xACAB, 0xACAB,
0xACAB, 0xACAB, 0xACAB, 0xACAB, 0xACAB, 0xACAB, 0xACAB, 0xACAB, 0x5245, 0x5245, 0x8BC9, 0x8BC9, 0x8BC9, 0x8BC9, 0x8BC9, 0x8BC9,
0x8BC9, 0x8BC9, 0x8BC9, 0x8BC9, 0x8BC9, 0x8BC9, 0x8BC9, 0x8BC9, 0x8BC9, 0x8BC9, 0x8BC9, 0x8BC9, 0x8BC9, 0x8BC9, 0x8BC9, 0x8BC9,
0x8BC9, 0x8BC9, 0x8BC9, 0x8BC9, 0x8BC9, 0x8BC9, 0x8BC9, 0x8BC9, 0x8BC9, 0x8BC9, 0x8BC9, 0x8BC9, 0x8BC9, 0x8BC9, 0x8BC9, 0x8BC9,
0x5245, 0x5245, 0xACAB, 0xACAB, 0xACAB, 0xACAB, 0xACAB, 0xACAB, 0xACAB, 0xACAB, 0xACAB, 0xACAB, 0xACAB, 0xACAB, 0xACAB, 0xACAB,
0xACAB, 0xACAB, 0xACAB, 0xACAB, 0xACAB, 0xACAB, 0xACAB, 0xACAB, 0xACAB, 0xACAB, 0xACAB, 0xACAB, 0xACAB, 0xACAB, 0xACAB, 0xACAB,
0xACAB, 0xACAB, 0xACAB, 0xACAB, 0xACAB, 0xACAB, 0xACAB, 0xACAB, 0x5245, 0x5245, 0x8BC9, 0x8BC9, 0x8BC9, 0x8BC9, 0x8BC9, 0x8BC9,
0x8BC9, 0x8BC9, 0x8BC9, 0x8BC9, 0x8BC9, 0x8BC9, 0x8BC9, 0x8BC9, 0x8BC9, 0x8BC9, 0x8BC9, 0x8BC9, 0x8BC9, 0x8BC9, 0x8BC9, 0x8BC9,
0x8BC9, 0x8BC9, 0x8BC9, 0x8BC9, 0x8BC9, 0x8BC9, 0x8BC9, 0x8BC9, 0x8BC9, 0x8BC9, 0x8BC9, 0x8BC9, 0x8BC9, 0x8BC9, 0x8BC9, 0x8BC9,
0x5245, 0x5245, 0xACAB, 0xACAB, 0xACAB, 0xACAB, 0xACAB, 0xACAB, 0xACAB, 0xACAB, 0xACAB, 0xACAB, 0xACAB, 0xACAB, 0xACAB, 0xACAB,
0xACAB, 0xACAB, 0xACAB, 0xACAB, 0xACAB, 0xACAB, 0xACAB, 0xACAB, 0xACAB, 0xACAB, 0xACAB, 0xACAB, 0xACAB, 0xACAB, 0xACAB, 0xACAB,
0xACAB, 0xACAB, 0xACAB, 0xACAB, 0xACAB, 0xACAB, 0xACAB, 0xACAB, 0x5245, 0x5245, 0x8BC9, 0x8BC9, 0x8BC9, 0x8BC9, 0x8BC9, 0x8BC9,
0x8BC9, 0x8BC9, 0x8BC9, 0x8BC9, 0x8BC9, 0x8BC9, 0x8BC9, 0x8BC9, 0x8BC9, 0x8BC9, 0x8BC9, 0x8BC9, 0x8BC9, 0x8BC9, 0x8BC9, 0x8BC9,
0x8BC9, 0x8BC9, 0x8BC9, 0x8BC9, 0x8BC9, 0x8BC9, 0x8BC9, 0x8BC9, 0x8BC9, 0x8BC9, 0x8BC9, 0x8BC9, 0x8BC9, 0x8BC9, 0x8BC9, 0x8BC9,
0x5245, 0x5245, 0xACAB, 0xACAB, 0xACAB, 0xACAB, 0xACAB, 0xACAB, 0xACAB, 0xACAB, 0xACAB, 0xACAB, 0xACAB, 0xACAB, 0xACAB, 0xACAB,
0xACAB, 0xACAB, 0xACAB, 0xACAB, 0xACAB, 0xACAB, 0xACAB, 0xACAB, 0xACAB, 0xACAB, 0xACAB, 0xACAB, 0xACAB, 0xACAB, 0xACAB, 0xACAB,
0xACAB, 0xACAB, 0xACAB, 0xACAB, 0xACAB, 0xACAB, 0xACAB, 0xACAB, 0x5245, 0x5245, 0x8BC9, 0x8BC9, 0x8BC9, 0x8BC9, 0x8BC9, 0x8BC9,
0x8BC9, 0x8BC9, 0x8BC9, 0x8BC9, 0x8BC9, 0x8BC9, 0x8BC9, 0x8BC9, 0x8BC9, 0x8BC9, 0x8BC9, 0x8BC9, 0x8BC9, 0x8BC9, 0x8BC9, 0x8BC9,
0x8BC9, 0x8BC9, 0x8BC9, 0x8BC9, 0x8BC9, 0x8BC9, 0x8BC9, 0x8BC9, 0x8BC9, 0x8BC9, 0x8BC9, 0x8BC9, 0x8BC9, 0x8BC9, 0x8BC9, 0x8BC9,
0x5245, 0x5245, 0xACAB, 0xACAB, 0xACAB, 0xACAB, 0xACAB, 0xACAB, 0xACAB, 0xACAB, 0xACAB, 0xACAB, 0xACAB, 0xACAB, 0xACAB, 0xACAB,
0xACAB, 0xACAB, 0xACAB, 0xACAB, 0xACAB, 0xACAB, 0xACAB, 0xACAB, 0xACAB, 0xACAB, 0xACAB, 0xACAB, 0xACAB, 0xACAB, 0xACAB, 0xACAB,
0xACAB, 0xACAB, 0xACAB, 0xACAB, 0xACAB, 0xACAB, 0xACAB, 0xACAB, 0x5245, 0x5245, 0x8BC9, 0x8BC9, 0x8BC9, 0x8BC9, 0x8BC9, 0x8BC9,
0x8BC9, 0x8BC9, 0x8BC9, 0x8BC9, 0x8BC9, 0x8BC9, 0x8BC9, 0x8BC9, 0x8BC9, 0x8BC9, 0x8BC9, 0x8BC9, 0x8BC9, 0x8BC9, 0x8BC9, 0x8BC9,
0x8BC9, 0x8BC9, 0x8BC9, 0x8BC9, 0x8BC9, 0x8BC9, 0x8BC9, 0x8BC9, 0x8BC9, 0x8BC9, 0x8BC9, 0x8BC9, 0x8BC9, 0x8BC9, 0x8BC9, 0x8BC9,
0x5245, 0x5245, 0xACAB, 0xACAB, 0xACAB, 0xACAB, 0xACAB, 0xACAB, 0xACAB, 0xACAB, 0xACAB, 0xACAB, 0xACAB, 0xACAB, 0xACAB, 0xACAB,
0xACAB, 0xACAB, 0xACAB, 0xACAB, 0xACAB, 0xACAB, 0xACAB, 0xACAB, 0xACAB, 0xACAB, 0xACAB, 0xACAB, 0xACAB, 0xACAB, 0xACAB, 0xACAB,
0xACAB, 0xACAB, 0xACAB, 0xACAB, 0xACAB, 0xACAB, 0xACAB, 0xACAB, 0x5245, 0x5245, 0x8BC9, 0x8BC9, 0x8BC9, 0x8BC9, 0x8BC9, 0x8BC9,
0x8BC9, 0x8BC9, 0x8BC9, 0x8BC9, 0x8BC9, 0x8BC9, 0x8BC9, 0x8BC9, 0x8BC9, 0x8BC9, 0x8BC9, 0x8BC9, 0x8BC9, 0x8BC9, 0x8BC9, 0x8BC9,
0x8BC9, 0x8BC9, 0x8BC9, 0x8BC9, 0x8BC9, 0x8BC9, 0x8BC9, 0x8BC9, 0x8BC9, 0x8BC9, 0x8BC9, 0x8BC9, 0x8BC9, 0x8BC9, 0x8BC9, 0x8BC9,
0x5245, 0x5245, 0xACAB, 0xACAB, 0xACAB, 0xACAB, 0xACAB, 0xACAB, 0xACAB, 0xACAB, 0xACAB, 0xACAB, 0xACAB, 0xACAB, 0xACAB, 0xACAB,
0xACAB, 0xACAB, 0xACAB, 0xACAB, 0xACAB, 0xACAB, 0xACAB, 0xACAB, 0xACAB, 0xACAB, 0xACAB, 0xACAB, 0xACAB, 0xACAB, 0xACAB, 0xACAB,
0xACAB, 0xACAB, 0xACAB, 0xACAB, 0xACAB, 0xACAB, 0xACAB, 0xACAB, 0x5245, 0x5245, 0x8BC9, 0x8BC9, 0x8BC9, 0x8BC9, 0x8BC9, 0x8BC9,
0x8BC9, 0x8BC9, 0x8BC9, 0x8BC9, 0x8BC9, 0x8BC9, 0x8BC9, 0x8BC9, 0x8BC9, 0x8BC9, 0x8BC9, 0x8BC9, 0x8BC9, 0x8BC9, 0x8BC9, 0x8BC9,
0x8BC9, 0x8BC9, 0x8BC9, 0x8BC9, 0x8BC9, 0x8BC9, 0x8BC9, 0x8BC9, 0x8BC9, 0x8BC9, 0x8BC9, 0x8BC9, 0x8BC9, 0x8BC9, 0x8BC9, 0x8BC9,
0x5245, 0x5245, 0xACAB, 0xACAB, 0xACAB, 0xACAB, 0xACAB, 0xACAB, 0xACAB, 0xACAB, 0xACAB, 0xACAB, 0xACAB, 0xACAB, 0xACAB, 0xACAB,
0xACAB, 0xACAB, 0xACAB, 0xACAB, 0xACAB, 0xACAB, 0xACAB, 0xACAB, 0xACAB, 0xACAB, 0xACAB, 0xACAB, 0xACAB, 0xACAB, 0xACAB, 0xACAB,
0xACAB, 0xACAB, 0xACAB, 0xACAB, 0xACAB, 0xACAB, 0xACAB, 0xACAB, 0x5245, 0x5245, 0x8BC9, 0x8BC9, 0x8BC9, 0x8BC9, 0x8BC9, 0x8BC9,
0x8BC9, 0x8BC9, 0x8BC9, 0x8BC9, 0x8BC9, 0x8BC9, 0x8BC9, 0x8BC9, 0x8BC9, 0x8BC9, 0x8BC9, 0x8BC9, 0x8BC9, 0x8BC9, 0x8BC9, 0x8BC9,
0x8BC9, 0x8BC9, 0x8BC9, 0x8BC9, 0x8BC9, 0x8BC9, 0x8BC9, 0x8BC9, 0x8BC9, 0x8BC9, 0x8BC9, 0x8BC9, 0x8BC9, 0x8BC9, 0x8BC9, 0x8BC9,
0x5245, 0x5245, 0xACAB, 0xACAB, 0xACAB, 0xACAB, 0xACAB, 0xACAB, 0xACAB, 0xACAB, 0xACAB, 0xACAB, 0xACAB, 0xACAB, 0xACAB, 0xACAB,
0xACAB, 0xACAB, 0xACAB, 0xACAB, 0xACAB, 0xACAB, 0xACAB, 0xACAB, 0xACAB, 0xACAB, 0xACAB, 0xACAB, 0xACAB, 0xACAB, 0xACAB, 0xACAB,
0xACAB, 0xACAB, 0xACAB, 0xACAB, 0xACAB, 0xACAB, 0xACAB, 0xACAB, 0x5245, 0x5245, 0x8BC9, 0x8BC9, 0x8BC9, 0x8BC9, 0x8BC9, 0x8BC9,
0x8BC9, 0x8BC9, 0x8BC9, 0x8BC9, 0x8BC9, 0x8BC9, 0x8BC9, 0x8BC9, 0x8BC9, 0x8BC9, 0x8BC9, 0x8BC9, 0x8BC9, 0x8BC9, 0x8BC9, 0x8BC9,
0x8BC9, 0x8BC9, 0x8BC9, 0x8BC9, 0x8BC9, 0x8BC9, 0x8BC9, 0x8BC9, 0x8BC9, 0x8BC9, 0x8BC9, 0x8BC9, 0x8BC9, 0x8BC9, 0x8BC9, 0x8BC9,
0x5245, 0x5245, 0xACAB, 0xACAB, 0xACAB, 0xACAB, 0xACAB, 0xACAB, 0xACAB, 0xACAB, 0xACAB, 0xACAB, 0xACAB, 0xACAB, 0xACAB, 0xACAB,
0xACAB, 0xACAB, 0xACAB, 0xACAB, 0xACAB, 0xACAB, 0xACAB, 0xACAB, 0xACAB, 0xACAB, 0xACAB, 0xACAB, 0xACAB, 0xACAB, 0xACAB, 0xACAB,
0xACAB, 0xACAB, 0xACAB, 0xACAB, 0xACAB, 0xACAB, 0xACAB, 0xACAB, 0x5245, 0x5245, 0x8BC9, 0x8BC9, 0x8BC9, 0x8BC9, 0x8BC9, 0x8BC9,
0x8BC9, 0x8BC9, 0x8BC9, 0x8BC9, 0x8BC9, 0x8BC9, 0x8BC9, 0x8BC9, 0x8BC9, 0x8BC9, 0x8BC9, 0x8BC9, 0x8BC9, 0x8BC9, 0x8BC9, 0x8BC9,
0x8BC9, 0x8BC9, 0x8BC9, 0x8BC9, 0x8BC9, 0x8BC9, 0x8BC9, 0x8BC9, 0x8BC9, 0x8BC9, 0x8BC9, 0x8BC9, 0x8BC9, 0x8BC9, 0x8BC9, 0x8BC9,
0x5245, 0x5245, 0xACAB, 0xACAB, 0xACAB, 0xACAB, 0xACAB, 0xACAB, 0xACAB, 0xACAB, 0xACAB, 0xACAB, 0xACAB, 0xACAB, 0xACAB, 0xACAB,
0xACAB, 0xACAB, 0xACAB, 0xACAB, 0xACAB, 0xACAB, 0xACAB, 0xACAB, 0xACAB, 0xACAB, 0xACAB, 0xACAB, 0xACAB, 0xACAB, 0xACAB, 0xACAB,
0xACAB, 0xACAB, 0xACAB, 0xACAB, 0xACAB, 0xACAB, 0xACAB, 0xACAB, 0x5245, 0x5245, 0x8BC9, 0x8BC9, 0x8BC9, 0x8BC9, 0x8BC9, 0x8BC9,
0x8BC9, 0x8BC9, 0x8BC9, 0x8BC9, 0x8BC9, 0x8BC9, 0x8BC9, 0x8BC9, 0x8BC9, 0x8BC9, 0x8BC9, 0x8BC9, 0x8BC9, 0x8BC9, 0x8BC9, 0x8BC9,
0x8BC9, 0x8BC9, 0x8BC9, 0x8BC9, 0x8BC9, 0x8BC9, 0x8BC9, 0x8BC9, 0x8BC9, 0x8BC9, 0x8BC9, 0x8BC9, 0x8BC9, 0x8BC9, 0x8BC9, 0x8BC9,
0x5245, 0x5245, 0xACAB, 0xACAB, 0xACAB, 0xACAB, 0xACAB, 0xACAB, 0xACAB, 0xACAB, 0xACAB, 0xACAB, 0xACAB, 0xACAB, 0xACAB, 0xACAB,
0xACAB, 0xACAB, 0xACAB, 0xACAB, 0xACAB, 0xACAB, 0xACAB, 0xACAB, 0xACAB, 0xACAB, 0xACAB, 0xACAB, 0xACAB, 0xACAB, 0xACAB, 0xACAB,
0xACAB, 0xACAB, 0xACAB, 0xACAB, 0xACAB, 0xACAB, 0xACAB, 0xACAB, 0x5245, 0x5245, 0x8BC9, 0x8BC9, 0x8BC9, 0x8BC9, 0x8BC9, 0x8BC9,
0x8BC9, 0x8BC9, 0x8BC9, 0x8BC9, 0x8BC9, 0x8BC9, 0x8BC9, 0x8BC9, 0x8BC9, 0x8BC9, 0x8BC9, 0x8BC9, 0x8BC9, 0x8BC9, 0x8BC9, 0x8BC9,
0x8BC9, 0x8BC9, 0x8BC9, 0x8BC9, 0x8BC9, 0x8BC9, 0x8BC9, 0x8BC9, 0x8BC9, 0x8BC9, 0x8BC9, 0x8BC9, 0x8BC9, 0x8BC9, 0x8BC9, 0x8BC9,
0x5245, 0x5245, 0xACAB, 0xACAB, 0xACAB, 0xACAB, 0xACAB, 0xACAB, 0xACAB, 0xACAB, 0xACAB, 0xACAB, 0xACAB, 0xACAB, 0xACAB, 0xACAB,
0xACAB, 0xACAB, 0xACAB, 0xACAB, 0xACAB, 0xACAB, 0xACAB, 0xACAB, 0xACAB, 0xACAB, 0xACAB, 0xACAB, 0xACAB, 0xACAB, 0xACAB, 0xACAB,
0xACAB, 0xACAB, 0xACAB, 0xACAB, 0xACAB, 0xACAB, 0xACAB, 0xACAB, 0x5245, 0x5245, 0x8BC9, 0x8BC9, 0x8BC9, 0x8BC9, 0x8BC9, 0x8BC9,
0x8BC9, 0x8BC9, 0x8BC9, 0x8BC9, 0x8BC9, 0x8BC9, 0x8BC9, 0x8BC9, 0x8BC9, 0x8BC9, 0x8BC9, 0x8BC9, 0x8BC9, 0x8BC9, 0x8BC9, 0x8BC9,
0x8BC9, 0x8BC9, 0x8BC9, 0x8BC9, 0x8BC9, 0x8BC9, 0x8BC9, 0x8BC9, 0x8BC9, 0x8BC9, 0x8BC9, 0x8BC9, 0x8BC9, 0x8BC9, 0x8BC9, 0x8BC9,
};


#endif // _BackgroundTotoroHome_H_
