#ifndef _PET_TOTORO_BG_H_
#define _PET_TOTORO_BG_H_
#include <Arduino.h>

#define PET_TOTORO_BG_WIDTH 240
#define PET_TOTORO_BG_HEIGHT 320

const unsigned short pet_totoro_bg[76800] PROGMEM={
  0xD5F3, 0xD5F3, 0xD5F3, 0xD5F3, 0xD5F3, 0xD5F3, 0xD5F3, 0xD5F3, 0xD5F3, 0xD5F3, 0xD5F3, 0xD5F3,
  0xD5F3, 0xD5F3, 0xD5F3, 0xD5F3, 0xD5F3, 0xD5F3, 0xD5F3, 0xD5F3, 0xD5F3, 0xD5F3, 0xD5F3, 0xD5F3,
  0xD5F3, 0xD5F3, 0xD5F3, 0xD5F3, 0xD5F3, 0xD5F3, 0xD5F3, 0xD5F3, 0xD5F3, 0xD5F3, 0xD5F3, 0xD5F3,
  0xD5F3, 0xD5F3, 0xD5F3, 0xD5F3, 0xD5F3, 0xD5F3, 0xD5F3, 0xD5F3, 0xD5F3, 0xD5F3, 0xD5F3, 0xD5F3,
  0xD5F3, 0xD5F3, 0xD5F3, 0xD5F3, 0xD5F3, 0xD5F3, 0xD5F3, 0xD5F3, 0xD5F3, 0xD5F3, 0xD5F3, 0xD5F3,
  0xD5F3, 0xD5F3, 0xD5F3, 0xD5F3, 0xC570, 0xC570, 0xA3A9, 0xA3A9, 0xA326, 0xA326, 0xCC28, 0xCC28,
  0xCC28, 0xCC28, 0xCC28, 0xCC28, 0xCC28, 0xCC28, 0xCC28, 0xCC28, 0xCC28, 0xCC28, 0xCC28, 0xCC28,
  0xCC28, 0xCC28, 0xCC28, 0xCC28, 0xCC28, 0xCC28, 0xCC28, 0xCC28, 0xCC28, 0xCC28, 0xCC28, 0xCC28,
  0xCC28, 0xCC28, 0xCC28, 0xCC28, 0xCC28, 0xCC28, 0xCC28, 0xCC28, 0xCC28, 0xCC28, 0xCC28, 0xCC28,
  0xCC28, 0xCC28, 0xCC28, 0xCC28, 0xA326, 0xA326, 0xA326, 0xA326, 0xA326, 0xA326, 0xCC28, 0xCC28,
  0xCC28, 0xCC28, 0xCC28, 0xCC28, 0xA326, 0xA326, 0xA326, 0xA326, 0xA326, 0xA326, 0xCC28, 0xCC28,
  0xCC28, 0xCC28, 0xCC28, 0xCC28, 0xCC28, 0xCC28, 0xCC28, 0xCC28, 0xA326, 0xA326, 0xA326, 0xA326,
  0xA326, 0xA326, 0xA326, 0xA326, 0x7225, 0x7225, 0x7225, 0x7225, 0x3AE7, 0x3AE7, 0x7225, 0x7225,
  0x72E8, 0x72E8, 0xC570, 0xC570, 0xE696, 0xE696, 0xD5F3, 0xD5F3, 0xD5F3, 0xD5F3, 0xD5F3, 0xD5F3,
  0xD5F3, 0xD5F3, 0xC570, 0xC570, 0xC570, 0xC570, 0xA3A9, 0xA3A9, 0x9389, 0x9389, 0xC570, 0xC570,
  0xC570, 0xC570, 0xD5F3, 0xD5F3, 0xD5F3, 0xD5F3, 0xC570, 0xC570, 0xD5F3, 0xD5F3, 0xD5F3, 0xD5F3,
  0xD5F3, 0xD5F3, 0xD5F3, 0xD5F3, 0xD5F3, 0xD5F3, 0xD5F3, 0xD5F3, 0xD5F3, 0xD5F3, 0xD5F3, 0xD5F3,
  0xD5F3, 0xD5F3, 0xD5F3, 0xD5F3, 0xD5F3, 0xD5F3, 0xD5F3, 0xD5F3, 0xD5F3, 0xD5F3, 0xD5F3, 0xD5F3,
  0xD5F3, 0xD5F3, 0xD5F3, 0xD5F3, 0xD5F3, 0xD5F3, 0xD5F3, 0xD5F3, 0xD5F3, 0xD5F3, 0xD5F3, 0xD5F3,
  0xD5F3, 0xD5F3, 0xD5F3, 0xD5F3, 0xD5F3, 0xD5F3, 0xD5F3, 0xD5F3, 0xD5F3, 0xD5F3, 0xD5F3, 0xD5F3,
  0xD5F3, 0xD5F3, 0xD5F3, 0xD5F3, 0xD5F3, 0xD5F3, 0xD5F3, 0xD5F3, 0xD5F3, 0xD5F3, 0xD5F3, 0xD5F3,
  0xD5F3, 0xD5F3, 0xD5F3, 0xD5F3, 0xD5F3, 0xD5F3, 0xD5F3, 0xD5F3, 0xD5F3, 0xD5F3, 0xD5F3, 0xD5F3,
  0xD5F3, 0xD5F3, 0xD5F3, 0xD5F3, 0xD5F3, 0xD5F3, 0xD5F3, 0xD5F3, 0xD5F3, 0xD5F3, 0xD5F3, 0xD5F3,
  0xD5F3, 0xD5F3, 0xD5F3, 0xD5F3, 0xD5F3, 0xD5F3, 0xD5F3, 0xD5F3, 0xD5F3, 0xD5F3, 0xD5F3, 0xD5F3,
  0xD5F3, 0xD5F3, 0xD5F3, 0xD5F3, 0xD5F3, 0xD5F3, 0xD5F3, 0xD5F3, 0xD5F3, 0xD5F3, 0xD5F3, 0xD5F3,
  0xD5F3, 0xD5F3, 0xD5F3, 0xD5F3, 0xC570, 0xC570, 0xA3A9, 0xA3A9, 0xA326, 0xA326, 0xCC28, 0xCC28,
  0xCC28, 0xCC28, 0xCC28, 0xCC28, 0xCC28, 0xCC28, 0xCC28, 0xCC28, 0xCC28, 0xCC28, 0xCC28, 0xCC28,
  0xCC28, 0xCC28, 0xCC28, 0xCC28, 0xCC28, 0xCC28, 0xCC28, 0xCC28, 0xCC28, 0xCC28, 0xCC28, 0xCC28,
  0xCC28, 0xCC28, 0xCC28, 0xCC28, 0xCC28, 0xCC28, 0xCC28, 0xCC28, 0xCC28, 0xCC28, 0xCC28, 0xCC28,
  0xCC28, 0xCC28, 0xCC28, 0xCC28, 0xA326, 0xA326, 0xA326, 0xA326, 0xA326, 0xA326, 0xCC28, 0xCC28,
  0xCC28, 0xCC28, 0xCC28, 0xCC28, 0xA326, 0xA326, 0xA326, 0xA326, 0xA326, 0xA326, 0xCC28, 0xCC28,
  0xCC28, 0xCC28, 0xCC28, 0xCC28, 0xCC28, 0xCC28, 0xCC28, 0xCC28, 0xA326, 0xA326, 0xA326, 0xA326,
  0xA326, 0xA326, 0xA326, 0xA326, 0x7225, 0x7225, 0x7225, 0x7225, 0x3AE7, 0x3AE7, 0x7225, 0x7225,
  0x72E8, 0x72E8, 0xC570, 0xC570, 0xE696, 0xE696, 0xD5F3, 0xD5F3, 0xD5F3, 0xD5F3, 0xD5F3, 0xD5F3,
  0xD5F3, 0xD5F3, 0xC570, 0xC570, 0xC570, 0xC570, 0xA3A9, 0xA3A9, 0x9389, 0x9389, 0xC570, 0xC570,
  0xC570, 0xC570, 0xD5F3, 0xD5F3, 0xD5F3, 0xD5F3, 0xC570, 0xC570, 0xD5F3, 0xD5F3, 0xD5F3, 0xD5F3,
  0xD5F3, 0xD5F3, 0xD5F3, 0xD5F3, 0xD5F3, 0xD5F3, 0xD5F3, 0xD5F3, 0xD5F3, 0xD5F3, 0xD5F3, 0xD5F3,
  0xD5F3, 0xD5F3, 0xD5F3, 0xD5F3, 0xD5F3, 0xD5F3, 0xD5F3, 0xD5F3, 0xD5F3, 0xD5F3, 0xD5F3, 0xD5F3,
  0xD5F3, 0xD5F3, 0xD5F3, 0xD5F3, 0xD5F3, 0xD5F3, 0xD5F3, 0xD5F3, 0xD5F3, 0xD5F3, 0xD5F3, 0xD5F3,
  0xD5F3, 0xD5F3, 0xD5F3, 0xD5F3, 0xD5F3, 0xD5F3, 0xD5F3, 0xD5F3, 0xD5F3, 0xD5F3, 0xD5F3, 0xD5F3,
  0xD5F3, 0xD5F3, 0xD5F3, 0xD5F3, 0xD5F3, 0xD5F3, 0xD5F3, 0xD5F3, 0xD5F3, 0xD5F3, 0xD5F3, 0xD5F3,
  0xD5F3, 0xD5F3, 0xD5F3, 0xD5F3, 0xD5F3, 0xD5F3, 0xD5F3, 0xD5F3, 0xD5F3, 0xD5F3, 0xD5F3, 0xD5F3,
  0xD5F3, 0xD5F3, 0xD5F3, 0xD5F3, 0xD5F3, 0xD5F3, 0xD5F3, 0xD5F3, 0xD5F3, 0xD5F3, 0xD5F3, 0xD5F3,
  0xD5F3, 0xD5F3, 0xD5F3, 0xD5F3, 0xD5F3, 0xD5F3, 0xD5F3, 0xD5F3, 0xD5F3, 0xD5F3, 0xD5F3, 0xD5F3,
  0xD5F3, 0xD5F3, 0xD5F3, 0xD5F3, 0xD5F3, 0xD5F3, 0xD5F3, 0xD5F3, 0xD5F3, 0xD5F3, 0xD5F3, 0xD5F3,
  0xC570, 0xC570, 0xA3A9, 0xA3A9, 0xA326, 0xA326, 0xA326, 0xA326, 0xCC28, 0xCC28, 0xCC28, 0xCC28,
  0xCC28, 0xCC28, 0xCC28, 0xCC28, 0xCC28, 0xCC28, 0xCC28, 0xCC28, 0xCC28, 0xCC28, 0xCC28, 0xCC28,
  0xCC28, 0xCC28, 0xCC28, 0xCC28, 0xCC28, 0xCC28, 0xCC28, 0xCC28, 0xCC28, 0xCC28, 0xCC28, 0xCC28,
  0xCC28, 0xCC28, 0xCC28, 0xCC28, 0xCC28, 0xCC28, 0xCC28, 0xCC28, 0xCC28, 0xCC28, 0xCC28, 0xCC28,
  0xCC28, 0xCC28, 0xA326, 0xA326, 0xA326, 0xA326, 0xCC28, 0xCC28, 0xCC28, 0xCC28, 0xCC28, 0xCC28,
  0xCC28, 0xCC28, 0xA326, 0xA326, 0xCC28, 0xCC28, 0xCC28, 0xCC28, 0xA326, 0xA326, 0xCC28, 0xCC28,
  0xCC28, 0xCC28, 0xCC28, 0xCC28, 0xA326, 0xA326, 0xA326, 0xA326, 0xA326, 0xA326, 0xA326, 0xA326,
  0x7225, 0x7225, 0x7225, 0x7225, 0x51A3, 0x51A3, 0x7225, 0x7225, 0x5A88, 0x5A88, 0x5BEA, 0x5BEA,
  0x72E8, 0x72E8, 0x7225, 0x7225, 0xBCCD, 0xBCCD, 0xD5F3, 0xD5F3, 0xD5F3, 0xD5F3, 0xE696, 0xE696,
  0xD5F3, 0xD5F3, 0xC570, 0xC570, 0xAC4C, 0xAC4C, 0x7225, 0x7225, 0x9389, 0x9389, 0xC570, 0xC570,
  0xC570, 0xC570, 0xD5F3, 0xD5F3, 0xD5F3, 0xD5F3, 0xD5F3, 0xD5F3, 0xD5F3, 0xD5F3, 0xD5F3, 0xD5F3,
  0xD5F3, 0xD5F3, 0xD5F3, 0xD5F3, 0xD5F3, 0xD5F3, 0xD5F3, 0xD5F3, 0xD5F3, 0xD5F3, 0xD5F3, 0xD5F3,
  0xD5F3, 0xD5F3, 0xD5F3, 0xD5F3, 0xD5F3, 0xD5F3, 0xD5F3, 0xD5F3, 0xD5F3, 0xD5F3, 0xD5F3, 0xD5F3,
  0xD5F3, 0xD5F3, 0xD5F3, 0xD5F3, 0xD5F3, 0xD5F3, 0xD5F3, 0xD5F3, 0xD5F3, 0xD5F3, 0xD5F3, 0xD5F3,
  0xD5F3, 0xD5F3, 0xD5F3, 0xD5F3, 0xD5F3, 0xD5F3, 0xD5F3, 0xD5F3, 0xD5F3, 0xD5F3, 0xD5F3, 0xD5F3,
  0xD5F3, 0xD5F3, 0xD5F3, 0xD5F3, 0xD5F3, 0xD5F3, 0xD5F3, 0xD5F3, 0xD5F3, 0xD5F3, 0xD5F3, 0xD5F3,
  0xD5F3, 0xD5F3, 0xD5F3, 0xD5F3, 0xD5F3, 0xD5F3, 0xD5F3, 0xD5F3, 0xD5F3, 0xD5F3, 0xD5F3, 0xD5F3,
  0xD5F3, 0xD5F3, 0xD5F3, 0xD5F3, 0xD5F3, 0xD5F3, 0xD5F3, 0xD5F3, 0xD5F3, 0xD5F3, 0xD5F3, 0xD5F3,
  0xD5F3, 0xD5F3, 0xD5F3, 0xD5F3, 0xD5F3, 0xD5F3, 0xD5F3, 0xD5F3, 0xD5F3, 0xD5F3, 0xD5F3, 0xD5F3,
  0xD5F3, 0xD5F3, 0xD5F3, 0xD5F3, 0xD5F3, 0xD5F3, 0xD5F3, 0xD5F3, 0xD5F3, 0xD5F3, 0xD5F3, 0xD5F3,
  0xC570, 0xC570, 0xA3A9, 0xA3A9, 0xA326, 0xA326, 0xA326, 0xA326, 0xCC28, 0xCC28, 0xCC28, 0xCC28,
  0xCC28, 0xCC28, 0xCC28, 0xCC28, 0xCC28, 0xCC28, 0xCC28, 0xCC28, 0xCC28, 0xCC28, 0xCC28, 0xCC28,
  0xCC28, 0xCC28, 0xCC28, 0xCC28, 0xCC28, 0xCC28, 0xCC28, 0xCC28, 0xCC28, 0xCC28, 0xCC28, 0xCC28,
  0xCC28, 0xCC28, 0xCC28, 0xCC28, 0xCC28, 0xCC28, 0xCC28, 0xCC28, 0xCC28, 0xCC28, 0xCC28, 0xCC28,
  0xCC28, 0xCC28, 0xA326, 0xA326, 0xA326, 0xA326, 0xCC28, 0xCC28, 0xCC28, 0xCC28, 0xCC28, 0xCC28,
  0xCC28, 0xCC28, 0xA326, 0xA326, 0xCC28, 0xCC28, 0xCC28, 0xCC28, 0xA326, 0xA326, 0xCC28, 0xCC28,
  0xCC28, 0xCC28, 0xCC28, 0xCC28, 0xA326, 0xA326, 0xA326, 0xA326, 0xA326, 0xA326, 0xA326, 0xA326,
  0x7225, 0x7225, 0x7225, 0x7225, 0x51A3, 0x51A3, 0x7225, 0x7225, 0x5A88, 0x5A88, 0x5BEA, 0x5BEA,
  0x72E8, 0x72E8, 0x7225, 0x7225, 0xBCCD, 0xBCCD, 0xD5F3, 0xD5F3, 0xD5F3, 0xD5F3, 0xE696, 0xE696,
  0xD5F3, 0xD5F3, 0xC570, 0xC570, 0xAC4C, 0xAC4C, 0x7225, 0x7225, 0x9389, 0x9389, 0xC570, 0xC570,
  0xC570, 0xC570, 0xD5F3, 0xD5F3, 0xD5F3, 0xD5F3, 0xD5F3, 0xD5F3, 0xD5F3, 0xD5F3, 0xD5F3, 0xD5F3,
  0xD5F3, 0xD5F3, 0xD5F3, 0xD5F3, 0xD5F3, 0xD5F3, 0xD5F3, 0xD5F3, 0xD5F3, 0xD5F3, 0xD5F3, 0xD5F3,
  0xD5F3, 0xD5F3, 0xD5F3, 0xD5F3, 0xD5F3, 0xD5F3, 0xD5F3, 0xD5F3, 0xD5F3, 0xD5F3, 0xD5F3, 0xD5F3,
  0xD5F3, 0xD5F3, 0xD5F3, 0xD5F3, 0xD5F3, 0xD5F3, 0xD5F3, 0xD5F3, 0xD5F3, 0xD5F3, 0xD5F3, 0xD5F3,
  0xD5F3, 0xD5F3, 0xD5F3, 0xD5F3, 0xD5F3, 0xD5F3, 0xD5F3, 0xD5F3, 0xD5F3, 0xD5F3, 0xD5F3, 0xD5F3,
  0xD5F3, 0xD5F3, 0xD5F3, 0xD5F3, 0xD5F3, 0xD5F3, 0xC570, 0xC570, 0xC570, 0xC570, 0xD5F3, 0xD5F3,
  0xD5F3, 0xD5F3, 0xD5F3, 0xD5F3, 0xD5F3, 0xD5F3, 0xD5F3, 0xD5F3, 0xD5F3, 0xD5F3, 0xD5F3, 0xD5F3,
  0xD5F3, 0xD5F3, 0xD5F3, 0xD5F3, 0xD5F3, 0xD5F3, 0xD5F3, 0xD5F3, 0xD5F3, 0xD5F3, 0xD5F3, 0xD5F3,
  0xD5F3, 0xD5F3, 0xD5F3, 0xD5F3, 0xD5F3, 0xD5F3, 0xD5F3, 0xD5F3, 0xD5F3, 0xD5F3, 0xD5F3, 0xD5F3,
  0xD5F3, 0xD5F3, 0xD5F3, 0xD5F3, 0xD5F3, 0xD5F3, 0xD5F3, 0xD5F3, 0xC570, 0xC570, 0xCC28, 0xCC28,
  0xA326, 0xA326, 0xA326, 0xA326, 0xCC28, 0xCC28, 0xCC28, 0xCC28, 0xCC28, 0xCC28, 0xCC28, 0xCC28,
  0xCC28, 0xCC28, 0xCC28, 0xCC28, 0xCC28, 0xCC28, 0xCC28, 0xCC28, 0xCC28, 0xCC28, 0xCC28, 0xCC28,
  0xCC28, 0xCC28, 0xCC28, 0xCC28, 0xCC28, 0xCC28, 0xCC28, 0xCC28, 0xCC28, 0xCC28, 0xCC28, 0xCC28,
  0xCC28, 0xCC28, 0xCC28, 0xCC28, 0xCC28, 0xCC28, 0xCC28, 0xCC28, 0xCC28, 0xCC28, 0xCC28, 0xCC28,
  0xA326, 0xA326, 0xCC28, 0xCC28, 0xCC28, 0xCC28, 0xCC28, 0xCC28, 0xA326, 0xA326, 0xA326, 0xA326,
  0xA326, 0xA326, 0xCC28, 0xCC28, 0xCC28, 0xCC28, 0xCC28, 0xCC28, 0xCC28, 0xCC28, 0xCC28, 0xCC28,
  0xA326, 0xA326, 0xA326, 0xA326, 0xA326, 0xA326, 0xA326, 0xA326, 0xA326, 0xA326, 0x7225, 0x7225,
  0x7225, 0x7225, 0x7225, 0x7225, 0x7225, 0x7225, 0x5A88, 0x5A88, 0x5A88, 0x5A88, 0x72E8, 0x72E8,
  0x5BEA, 0x5BEA, 0x7225, 0x7225, 0x7225, 0x7225, 0xA326, 0xA326, 0xA3A9, 0xA3A9, 0xAC4C, 0xAC4C,
  0xA3A9, 0xA3A9, 0x7225, 0x7225, 0x7225, 0x7225, 0x7225, 0x7225, 0xAC4C, 0xAC4C, 0xC570, 0xC570,
  0xC570, 0xC570, 0xD5F3, 0xD5F3, 0xD5F3, 0xD5F3, 0xD5F3, 0xD5F3, 0xD5F3, 0xD5F3, 0xD5F3, 0xD5F3,
  0xD5F3, 0xD5F3, 0xD5F3, 0xD5F3, 0xD5F3, 0xD5F3, 0xD5F3, 0xD5F3, 0xD5F3, 0xD5F3, 0xD5F3, 0xD5F3,
  0xD5F3, 0xD5F3, 0xD5F3, 0xD5F3, 0xD5F3, 0xD5F3, 0xD5F3, 0xD5F3, 0xD5F3, 0xD5F3, 0xD5F3, 0xD5F3,
  0xD5F3, 0xD5F3, 0xD5F3, 0xD5F3, 0xD5F3, 0xD5F3, 0xD5F3, 0xD5F3, 0xD5F3, 0xD5F3, 0xD5F3, 0xD5F3,
  0xD5F3, 0xD5F3, 0xD5F3, 0xD5F3, 0xD5F3, 0xD5F3, 0xD5F3, 0xD5F3, 0xD5F3, 0xD5F3, 0xD5F3, 0xD5F3,
  0xD5F3, 0xD5F3, 0xD5F3, 0xD5F3, 0xD5F3, 0xD5F3, 0xC570, 0xC570, 0xC570, 0xC570, 0xD5F3, 0xD5F3,
  0xD5F3, 0xD5F3, 0xD5F3, 0xD5F3, 0xD5F3, 0xD5F3, 0xD5F3, 0xD5F3, 0xD5F3, 0xD5F3, 0xD5F3, 0xD5F3,
  0xD5F3, 0xD5F3, 0xD5F3, 0xD5F3, 0xD5F3, 0xD5F3, 0xD5F3, 0xD5F3, 0xD5F3, 0xD5F3, 0xD5F3, 0xD5F3,
  0xD5F3, 0xD5F3, 0xD5F3, 0xD5F3, 0xD5F3, 0xD5F3, 0xD5F3, 0xD5F3, 0xD5F3, 0xD5F3, 0xD5F3, 0xD5F3,
  0xD5F3, 0xD5F3, 0xD5F3, 0xD5F3, 0xD5F3, 0xD5F3, 0xD5F3, 0xD5F3, 0xC570, 0xC570, 0xCC28, 0xCC28,
  0xA326, 0xA326, 0xA326, 0xA326, 0xCC28, 0xCC28, 0xCC28, 0xCC28, 0xCC28, 0xCC28, 0xCC28, 0xCC28,
  0xCC28, 0xCC28, 0xCC28, 0xCC28, 0xCC28, 0xCC28, 0xCC28, 0xCC28, 0xCC28, 0xCC28, 0xCC28, 0xCC28,
  0xCC28, 0xCC28, 0xCC28, 0xCC28, 0xCC28, 0xCC28, 0xCC28, 0xCC28, 0xCC28, 0xCC28, 0xCC28, 0xCC28,
  0xCC28, 0xCC28, 0xCC28, 0xCC28, 0xCC28, 0xCC28, 0xCC28, 0xCC28, 0xCC28, 0xCC28, 0xCC28, 0xCC28,
  0xA326, 0xA326, 0xCC28, 0xCC28, 0xCC28, 0xCC28, 0xCC28, 0xCC28, 0xA326, 0xA326, 0xA326, 0xA326,
  0xA326, 0xA326, 0xCC28, 0xCC28, 0xCC28, 0xCC28, 0xCC28, 0xCC28, 0xCC28, 0xCC28, 0xCC28, 0xCC28,
  0xA326, 0xA326, 0xA326, 0xA326, 0xA326, 0xA326, 0xA326, 0xA326, 0xA326, 0xA326, 0x7225, 0x7225,
  0x7225, 0x7225, 0x7225, 0x7225, 0x7225, 0x7225, 0x5A88, 0x5A88, 0x5A88, 0x5A88, 0x72E8, 0x72E8,
  0x5BEA, 0x5BEA, 0x7225, 0x7225, 0x7225, 0x7225, 0xA326, 0xA326, 0xA3A9, 0xA3A9, 0xAC4C, 0xAC4C,
  0xA3A9, 0xA3A9, 0x7225, 0x7225, 0x7225, 0x7225, 0x7225, 0x7225, 0xAC4C, 0xAC4C, 0xC570, 0xC570,
  0xC570, 0xC570, 0xD5F3, 0xD5F3, 0xD5F3, 0xD5F3, 0xD5F3, 0xD5F3, 0xD5F3, 0xD5F3, 0xD5F3, 0xD5F3,
  0xD5F3, 0xD5F3, 0xD5F3, 0xD5F3, 0xD5F3, 0xD5F3, 0xD5F3, 0xD5F3, 0xD5F3, 0xD5F3, 0xD5F3, 0xD5F3,
  0xD5F3, 0xD5F3, 0xD5F3, 0xD5F3, 0xD5F3, 0xD5F3, 0xD5F3, 0xD5F3, 0xD5F3, 0xD5F3, 0xD5F3, 0xD5F3,
  0xD5F3, 0xD5F3, 0xD5F3, 0xD5F3, 0xD5F3, 0xD5F3, 0xD5F3, 0xD5F3, 0xD5F3, 0xD5F3, 0xD5F3, 0xD5F3,
  0xD5F3, 0xD5F3, 0xD5F3, 0xD5F3, 0xD5F3, 0xD5F3, 0xD5F3, 0xD5F3, 0xD5F3, 0xD5F3, 0xD5F3, 0xD5F3,
  0xD5F3, 0xD5F3, 0xD5F3, 0xD5F3, 0xD5F3, 0xD5F3, 0xC570, 0xC570, 0xC570, 0xC570, 0xD5F3, 0xD5F3,
  0xD5F3, 0xD5F3, 0xD5F3, 0xD5F3, 0xD5F3, 0xD5F3, 0xD5F3, 0xD5F3, 0xD5F3, 0xD5F3, 0xD5F3, 0xD5F3,
  0xD5F3, 0xD5F3, 0xD5F3, 0xD5F3, 0xD5F3, 0xD5F3, 0xD5F3, 0xD5F3, 0xD5F3, 0xD5F3, 0xD5F3, 0xD5F3,
  0xD5F3, 0xD5F3, 0xD5F3, 0xD5F3, 0xD5F3, 0xD5F3, 0xD5F3, 0xD5F3, 0xD5F3, 0xD5F3, 0xD5F3, 0xD5F3,
  0xD5F3, 0xD5F3, 0xD5F3, 0xD5F3, 0xD5F3, 0xD5F3, 0xC570, 0xC570, 0xA326, 0xA326, 0xA326, 0xA326,
  0xCC28, 0xCC28, 0xCC28, 0xCC28, 0xCC28, 0xCC28, 0xCC28, 0xCC28, 0xCC28, 0xCC28, 0xCC28, 0xCC28,
  0xCC28, 0xCC28, 0xCC28, 0xCC28, 0xCC28, 0xCC28, 0xCC28, 0xCC28, 0xCC28, 0xCC28, 0xCC28, 0xCC28,
  0xCC28, 0xCC28, 0xCC28, 0xCC28, 0xCC28, 0xCC28, 0xCC28, 0xCC28, 0xCC28, 0xCC28, 0xCC28, 0xCC28,
  0xCC28, 0xCC28, 0xCC28, 0xCC28, 0xCC28, 0xCC28, 0xCC28, 0xCC28, 0xCC28, 0xCC28, 0xCC28, 0xCC28,
  0xCC28, 0xCC28, 0xCC28, 0xCC28, 0xCC28, 0xCC28, 0xA326, 0xA326, 0xA326, 0xA326, 0xCC28, 0xCC28,
  0xCC28, 0xCC28, 0xCC28, 0xCC28, 0xCC28, 0xCC28, 0xCC28, 0xCC28, 0xA326, 0xA326, 0xA326, 0xA326,
  0xA326, 0xA326, 0xA326, 0xA326, 0xA326, 0xA326, 0x7225, 0x7225, 0x51A3, 0x51A3, 0x7225, 0x7225,
  0x7225, 0x7225, 0x7225, 0x7225, 0x72E8, 0x72E8, 0x5BEA, 0x5BEA, 0x72E8, 0x72E8, 0x7225, 0x7225,
  0x7225, 0x7225, 0xA326, 0xA326, 0x7225, 0x7225, 0x7225, 0x7225, 0x7225, 0x7225, 0x7225, 0x7225,
  0x7225, 0x7225, 0x51A3, 0x51A3, 0x7225, 0x7225, 0x7225, 0x7225, 0xA3A9, 0xA3A9, 0xC570, 0xC570,
  0xC570, 0xC570, 0xD5F3, 0xD5F3, 0xD5F3, 0xD5F3, 0xD5F3, 0xD5F3, 0xD5F3, 0xD5F3, 0xD5F3, 0xD5F3,
  0xD5F3, 0xD5F3, 0xD5F3, 0xD5F3, 0xD5F3, 0xD5F3, 0xC570, 0xC570, 0xC570, 0xC570, 0xD5F3, 0xD5F3,
  0xD5F3, 0xD5F3, 0xD5F3, 0xD5F3, 0xD5F3, 0xD5F3, 0xD5F3, 0xD5F3, 0xD5F3, 0xD5F3, 0xD5F3, 0xD5F3,
  0xD5F3, 0xD5F3, 0xD5F3, 0xD5F3, 0xD5F3, 0xD5F3, 0xD5F3, 0xD5F3, 0xD5F3, 0xD5F3, 0xD5F3, 0xD5F3,
  0xD5F3, 0xD5F3, 0xD5F3, 0xD5F3, 0xD5F3, 0xD5F3, 0xD5F3, 0xD5F3, 0xD5F3, 0xD5F3, 0xD5F3, 0xD5F3,
  0xD5F3, 0xD5F3, 0xD5F3, 0xD5F3, 0xD5F3, 0xD5F3, 0xC570, 0xC570, 0xC570, 0xC570, 0xD5F3, 0xD5F3,
  0xD5F3, 0xD5F3, 0xD5F3, 0xD5F3, 0xD5F3, 0xD5F3, 0xD5F3, 0xD5F3, 0xD5F3, 0xD5F3, 0xD5F3, 0xD5F3,
  0xD5F3, 0xD5F3, 0xD5F3, 0xD5F3, 0xD5F3, 0xD5F3, 0xD5F3, 0xD5F3, 0xD5F3, 0xD5F3, 0xD5F3, 0xD5F3,
  0xD5F3, 0xD5F3, 0xD5F3, 0xD5F3, 0xD5F3, 0xD5F3, 0xD5F3, 0xD5F3, 0xD5F3, 0xD5F3, 0xD5F3, 0xD5F3,
  0xD5F3, 0xD5F3, 0xD5F3, 0xD5F3, 0xD5F3, 0xD5F3, 0xC570, 0xC570, 0xA326, 0xA326, 0xA326, 0xA326,
  0xCC28, 0xCC28, 0xCC28, 0xCC28, 0xCC28, 0xCC28, 0xCC28, 0xCC28, 0xCC28, 0xCC28, 0xCC28, 0xCC28,
  0xCC28, 0xCC28, 0xCC28, 0xCC28, 0xCC28, 0xCC28, 0xCC28, 0xCC28, 0xCC28, 0xCC28, 0xCC28, 0xCC28,
  0xCC28, 0xCC28, 0xCC28, 0xCC28, 0xCC28, 0xCC28, 0xCC28, 0xCC28, 0xCC28, 0xCC28, 0xCC28, 0xCC28,
  0xCC28, 0xCC28, 0xCC28, 0xCC28, 0xCC28, 0xCC28, 0xCC28, 0xCC28, 0xCC28, 0xCC28, 0xCC28, 0xCC28,
  0xCC28, 0xCC28, 0xCC28, 0xCC28, 0xCC28, 0xCC28, 0xA326, 0xA326, 0xA326, 0xA326, 0xCC28, 0xCC28,
  0xCC28, 0xCC28, 0xCC28, 0xCC28, 0xCC28, 0xCC28, 0xCC28, 0xCC28, 0xA326, 0xA326, 0xA326, 0xA326,
  0xA326, 0xA326, 0xA326, 0xA326, 0xA326, 0xA326, 0x7225, 0x7225, 0x51A3, 0x51A3, 0x7225, 0x7225,
  0x7225, 0x7225, 0x7225, 0x7225, 0x72E8, 0x72E8, 0x5BEA, 0x5BEA, 0x72E8, 0x72E8, 0x7225, 0x7225,
  0x7225, 0x7225, 0xA326, 0xA326, 0x7225, 0x7225, 0x7225, 0x7225, 0x7225, 0x7225, 0x7225, 0x7225,
  0x7225, 0x7225, 0x51A3, 0x51A3, 0x7225, 0x7225, 0x7225, 0x7225, 0xA3A9, 0xA3A9, 0xC570, 0xC570,
  0xC570, 0xC570, 0xD5F3, 0xD5F3, 0xD5F3, 0xD5F3, 0xD5F3, 0xD5F3, 0xD5F3, 0xD5F3, 0xD5F3, 0xD5F3,
  0xD5F3, 0xD5F3, 0xD5F3, 0xD5F3, 0xD5F3, 0xD5F3, 0xC570, 0xC570, 0xC570, 0xC570, 0xD5F3, 0xD5F3,
  0xD5F3, 0xD5F3, 0xD5F3, 0xD5F3, 0xD5F3, 0xD5F3, 0xD5F3, 0xD5F3, 0xD5F3, 0xD5F3, 0xD5F3, 0xD5F3,
  0xD5F3, 0xD5F3, 0xD5F3, 0xD5F3, 0xD5F3, 0xD5F3, 0xD5F3, 0xD5F3, 0xD5F3, 0xD5F3, 0xD5F3, 0xD5F3,
  0xD5F3, 0xD5F3, 0xD5F3, 0xD5F3, 0xD5F3, 0xD5F3, 0xD5F3, 0xD5F3, 0xD5F3, 0xD5F3, 0xD5F3, 0xD5F3,
  0xD5F3, 0xD5F3, 0xD5F3, 0xD5F3, 0xD5F3, 0xD5F3, 0xC570, 0xC570, 0xD5F3, 0xD5F3, 0xD5F3, 0xD5F3,
  0xD5F3, 0xD5F3, 0xD5F3, 0xD5F3, 0xD5F3, 0xD5F3, 0xD5F3, 0xD5F3, 0xD5F3, 0xD5F3, 0xD5F3, 0xD5F3,
  0xD5F3, 0xD5F3, 0xD5F3, 0xD5F3, 0xD5F3, 0xD5F3, 0xD5F3, 0xD5F3, 0xD5F3, 0xD5F3, 0xD5F3, 0xD5F3,
  0xD5F3, 0xD5F3, 0xD5F3, 0xD5F3, 0xD5F3, 0xD5F3, 0xD5F3, 0xD5F3, 0xD5F3, 0xD5F3, 0xD5F3, 0xD5F3,
  0xD5F3, 0xD5F3, 0xD5F3, 0xD5F3, 0xD5F3, 0xD5F3, 0xC570, 0xC570, 0xA326, 0xA326, 0xCC28, 0xCC28,
  0xA326, 0xA326, 0xA326, 0xA326, 0xCC28, 0xCC28, 0xCC28, 0xCC28, 0xCC28, 0xCC28, 0xCC28, 0xCC28,
  0xCC28, 0xCC28, 0xCC28, 0xCC28, 0xCC28, 0xCC28, 0xCC28, 0xCC28, 0xCC28, 0xCC28, 0xCC28, 0xCC28,
  0xCC28, 0xCC28, 0xCC28, 0xCC28, 0xCC28, 0xCC28, 0xCC28, 0xCC28, 0xCC28, 0xCC28, 0xCC28, 0xCC28,
  0xCC28, 0xCC28, 0xCC28, 0xCC28, 0xCC28, 0xCC28, 0xCC28, 0xCC28, 0xCC28, 0xCC28, 0xCC28, 0xCC28,
  0xCC28, 0xCC28, 0xCC28, 0xCC28, 0xCC28, 0xCC28, 0xCC28, 0xCC28, 0xCC28, 0xCC28, 0xCC28, 0xCC28,
  0xCC28, 0xCC28, 0xCC28, 0xCC28, 0xA326, 0xA326, 0xA326, 0xA326, 0xA326, 0xA326, 0xA326, 0xA326,
  0xA326, 0xA326, 0x7225, 0x7225, 0x7225, 0x7225, 0x7225, 0x7225, 0x7225, 0x7225, 0x7225, 0x7225,
  0xA326, 0xA326, 0xA326, 0xA326, 0x72E8, 0x72E8, 0x72E8, 0x72E8, 0x7225, 0x7225, 0x7225, 0x7225,
  0xA326, 0xA326, 0xA326, 0xA326, 0xA326, 0xA326, 0x7225, 0x7225, 0x7225, 0x7225, 0x7225, 0x7225,
  0x7225, 0x7225, 0x51A3, 0x51A3, 0x7225, 0x7225, 0xA326, 0xA326, 0xA3A9, 0xA3A9, 0xC570, 0xC570,
  0xC570, 0xC570, 0xD5F3, 0xD5F3, 0xD5F3, 0xD5F3, 0xD5F3, 0xD5F3, 0xD5F3, 0xD5F3, 0xD5F3, 0xD5F3,
  0xD5F3, 0xD5F3, 0xD5F3, 0xD5F3, 0xD5F3, 0xD5F3, 0xC570, 0xC570, 0xC570, 0xC570, 0xD5F3, 0xD5F3,
  0xD5F3, 0xD5F3, 0xD5F3, 0xD5F3, 0xD5F3, 0xD5F3, 0xD5F3, 0xD5F3, 0xD5F3, 0xD5F3, 0xD5F3, 0xD5F3,
  0xD5F3, 0xD5F3, 0xD5F3, 0xD5F3, 0xD5F3, 0xD5F3, 0xD5F3, 0xD5F3, 0xD5F3, 0xD5F3, 0xD5F3, 0xD5F3,
  0xD5F3, 0xD5F3, 0xD5F3, 0xD5F3, 0xD5F3, 0xD5F3, 0xD5F3, 0xD5F3, 0xD5F3, 0xD5F3, 0xD5F3, 0xD5F3,
  0xD5F3, 0xD5F3, 0xD5F3, 0xD5F3, 0xD5F3, 0xD5F3, 0xC570, 0xC570, 0xD5F3, 0xD5F3, 0xD5F3, 0xD5F3,
  0xD5F3, 0xD5F3, 0xD5F3, 0xD5F3, 0xD5F3, 0xD5F3, 0xD5F3, 0xD5F3, 0xD5F3, 0xD5F3, 0xD5F3, 0xD5F3,
  0xD5F3, 0xD5F3, 0xD5F3, 0xD5F3, 0xD5F3, 0xD5F3, 0xD5F3, 0xD5F3, 0xD5F3, 0xD5F3, 0xD5F3, 0xD5F3,
  0xD5F3, 0xD5F3, 0xD5F3, 0xD5F3, 0xD5F3, 0xD5F3, 0xD5F3, 0xD5F3, 0xD5F3, 0xD5F3, 0xD5F3, 0xD5F3,
  0xD5F3, 0xD5F3, 0xD5F3, 0xD5F3, 0xD5F3, 0xD5F3, 0xC570, 0xC570, 0xA326, 0xA326, 0xCC28, 0xCC28,
  0xA326, 0xA326, 0xA326, 0xA326, 0xCC28, 0xCC28, 0xCC28, 0xCC28, 0xCC28, 0xCC28, 0xCC28, 0xCC28,
  0xCC28, 0xCC28, 0xCC28, 0xCC28, 0xCC28, 0xCC28, 0xCC28, 0xCC28, 0xCC28, 0xCC28, 0xCC28, 0xCC28,
  0xCC28, 0xCC28, 0xCC28, 0xCC28, 0xCC28, 0xCC28, 0xCC28, 0xCC28, 0xCC28, 0xCC28, 0xCC28, 0xCC28,
  0xCC28, 0xCC28, 0xCC28, 0xCC28, 0xCC28, 0xCC28, 0xCC28, 0xCC28, 0xCC28, 0xCC28, 0xCC28, 0xCC28,
  0xCC28, 0xCC28, 0xCC28, 0xCC28, 0xCC28, 0xCC28, 0xCC28, 0xCC28, 0xCC28, 0xCC28, 0xCC28, 0xCC28,
  0xCC28, 0xCC28, 0xCC28, 0xCC28, 0xA326, 0xA326, 0xA326, 0xA326, 0xA326, 0xA326, 0xA326, 0xA326,
  0xA326, 0xA326, 0x7225, 0x7225, 0x7225, 0x7225, 0x7225, 0x7225, 0x7225, 0x7225, 0x7225, 0x7225,
  0xA326, 0xA326, 0xA326, 0xA326, 0x72E8, 0x72E8, 0x72E8, 0x72E8, 0x7225, 0x7225, 0x7225, 0x7225,
  0xA326, 0xA326, 0xA326, 0xA326, 0xA326, 0xA326, 0x7225, 0x7225, 0x7225, 0x7225, 0x7225, 0x7225,
  0x7225, 0x7225, 0x51A3, 0x51A3, 0x7225, 0x7225, 0xA326, 0xA326, 0xA3A9, 0xA3A9, 0xC570, 0xC570,
  0xC570, 0xC570, 0xD5F3, 0xD5F3, 0xD5F3, 0xD5F3, 0xD5F3, 0xD5F3, 0xD5F3, 0xD5F3, 0xD5F3, 0xD5F3,
  0xD5F3, 0xD5F3, 0xD5F3, 0xD5F3, 0xD5F3, 0xD5F3, 0xC570, 0xC570, 0xC570, 0xC570, 0xD5F3, 0xD5F3,
  0xD5F3, 0xD5F3, 0xD5F3, 0xD5F3, 0xD5F3, 0xD5F3, 0xD5F3, 0xD5F3, 0xD5F3, 0xD5F3, 0xD5F3, 0xD5F3,
  0xD5F3, 0xD5F3, 0xD5F3, 0xD5F3, 0xD5F3, 0xD5F3, 0xD5F3, 0xD5F3, 0xD5F3, 0xD5F3, 0xD5F3, 0xD5F3,
  0xD5F3, 0xD5F3, 0xD5F3, 0xD5F3, 0xD5F3, 0xD5F3, 0xD5F3, 0xD5F3, 0xD5F3, 0xD5F3, 0xD5F3, 0xD5F3,
  0xD5F3, 0xD5F3, 0xD5F3, 0xD5F3, 0xD5F3, 0xD5F3, 0xD5F3, 0xD5F3, 0xD5F3, 0xD5F3, 0xD5F3, 0xD5F3,
  0xD5F3, 0xD5F3, 0xD5F3, 0xD5F3, 0xD5F3, 0xD5F3, 0xD5F3, 0xD5F3, 0xD5F3, 0xD5F3, 0xD5F3, 0xD5F3,
  0xD5F3, 0xD5F3, 0xD5F3, 0xD5F3, 0xD5F3, 0xD5F3, 0xD5F3, 0xD5F3, 0xD5F3, 0xD5F3, 0xD5F3, 0xD5F3,
  0xD5F3, 0xD5F3, 0xD5F3, 0xD5F3, 0xD5F3, 0xD5F3, 0xD5F3, 0xD5F3, 0xD5F3, 0xD5F3, 0xD5F3, 0xD5F3,
  0xD5F3, 0xD5F3, 0xD5F3, 0xD5F3, 0xD5F3, 0xD5F3, 0xC570, 0xC570, 0xA326, 0xA326, 0xA326, 0xA326,
  0xCC28, 0xCC28, 0xCC28, 0xCC28, 0xA326, 0xA326, 0xA326, 0xA326, 0xCC28, 0xCC28, 0xCC28, 0xCC28,
  0xCC28, 0xCC28, 0xCC28, 0xCC28, 0xCC28, 0xCC28, 0xCC28, 0xCC28, 0xCC28, 0xCC28, 0xCC28, 0xCC28,
  0xCC28, 0xCC28, 0xCC28, 0xCC28, 0xCC28, 0xCC28, 0xCC28, 0xCC28, 0xCC28, 0xCC28, 0xCC28, 0xCC28,
  0xCC28, 0xCC28, 0xCC28, 0xCC28, 0xCC28, 0xCC28, 0xCC28, 0xCC28, 0xCC28, 0xCC28, 0xCC28, 0xCC28,
  0xCC28, 0xCC28, 0xCC28, 0xCC28, 0xCC28, 0xCC28, 0xCC28, 0xCC28, 0xCC28, 0xCC28, 0xCC28, 0xCC28,
  0xA326, 0xA326, 0xA326, 0xA326, 0xA326, 0xA326, 0xA326, 0xA326, 0xA326, 0xA326, 0x7225, 0x7225,
  0x7225, 0x7225, 0x7225, 0x7225, 0x7225, 0x7225, 0x7225, 0x7225, 0xA326, 0xA326, 0xA326, 0xA326,
  0xA326, 0xA326, 0xA326, 0xA326, 0xA326, 0xA326, 0xA326, 0xA326, 0x72E8, 0x72E8, 0x72E8, 0x72E8,
  0xA326, 0xA326, 0xA326, 0xA326, 0xA326, 0xA326, 0xA326, 0xA326, 0x7225, 0x7225, 0x7225, 0x7225,
  0x7225, 0x7225, 0x51A3, 0x51A3, 0xA326, 0xA326, 0x7225, 0x7225, 0xA3A9, 0xA3A9, 0xC570, 0xC570,
  0xC570, 0xC570, 0xD5F3, 0xD5F3, 0xD5F3, 0xD5F3, 0xD5F3, 0xD5F3, 0xD5F3, 0xD5F3, 0xD5F3, 0xD5F3,
  0xD5F3, 0xD5F3, 0xD5F3, 0xD5F3, 0xD5F3, 0xD5F3, 0xD5F3, 0xD5F3, 0xC570, 0xC570, 0xD5F3, 0xD5F3,
  0xD5F3, 0xD5F3, 0xD5F3, 0xD5F3, 0xD5F3, 0xD5F3, 0xD5F3, 0xD5F3, 0xD5F3, 0xD5F3, 0xD5F3, 0xD5F3,
  0xD5F3, 0xD5F3, 0xD5F3, 0xD5F3, 0xD5F3, 0xD5F3, 0xD5F3, 0xD5F3, 0xD5F3, 0xD5F3, 0xD5F3, 0xD5F3,
  0xD5F3, 0xD5F3, 0xD5F3, 0xD5F3, 0xD5F3, 0xD5F3, 0xD5F3, 0xD5F3, 0xD5F3, 0xD5F3, 0xD5F3, 0xD5F3,
  0xD5F3, 0xD5F3, 0xD5F3, 0xD5F3, 0xD5F3, 0xD5F3, 0xD5F3, 0xD5F3, 0xD5F3, 0xD5F3, 0xD5F3, 0xD5F3,
  0xD5F3, 0xD5F3, 0xD5F3, 0xD5F3, 0xD5F3, 0xD5F3, 0xD5F3, 0xD5F3, 0xD5F3, 0xD5F3, 0xD5F3, 0xD5F3,
  0xD5F3, 0xD5F3, 0xD5F3, 0xD5F3, 0xD5F3, 0xD5F3, 0xD5F3, 0xD5F3, 0xD5F3, 0xD5F3, 0xD5F3, 0xD5F3,
  0xD5F3, 0xD5F3, 0xD5F3, 0xD5F3, 0xD5F3, 0xD5F3, 0xD5F3, 0xD5F3, 0xD5F3, 0xD5F3, 0xD5F3, 0xD5F3,
  0xD5F3, 0xD5F3, 0xD5F3, 0xD5F3, 0xD5F3, 0xD5F3, 0xC570, 0xC570, 0xA326, 0xA326, 0xA326, 0xA326,
  0xCC28, 0xCC28, 0xCC28, 0xCC28, 0xA326, 0xA326, 0xA326, 0xA326, 0xCC28, 0xCC28, 0xCC28, 0xCC28,
  0xCC28, 0xCC28, 0xCC28, 0xCC28, 0xCC28, 0xCC28, 0xCC28, 0xCC28, 0xCC28, 0xCC28, 0xCC28, 0xCC28,
  0xCC28, 0xCC28, 0xCC28, 0xCC28, 0xCC28, 0xCC28, 0xCC28, 0xCC28, 0xCC28, 0xCC28, 0xCC28, 0xCC28,
  0xCC28, 0xCC28, 0xCC28, 0xCC28, 0xCC28, 0xCC28, 0xCC28, 0xCC28, 0xCC28, 0xCC28, 0xCC28, 0xCC28,
  0xCC28, 0xCC28, 0xCC28, 0xCC28, 0xCC28, 0xCC28, 0xCC28, 0xCC28, 0xCC28, 0xCC28, 0xCC28, 0xCC28,
  0xA326, 0xA326, 0xA326, 0xA326, 0xA326, 0xA326, 0xA326, 0xA326, 0xA326, 0xA326, 0x7225, 0x7225,
  0x7225, 0x7225, 0x7225, 0x7225, 0x7225, 0x7225, 0x7225, 0x7225, 0xA326, 0xA326, 0xA326, 0xA326,
  0xA326, 0xA326, 0xA326, 0xA326, 0xA326, 0xA326, 0xA326, 0xA326, 0x72E8, 0x72E8, 0x72E8, 0x72E8,
  0xA326, 0xA326, 0xA326, 0xA326, 0xA326, 0xA326, 0xA326, 0xA326, 0x7225, 0x7225, 0x7225, 0x7225,
  0x7225, 0x7225, 0x51A3, 0x51A3, 0xA326, 0xA326, 0x7225, 0x7225, 0xA3A9, 0xA3A9, 0xC570, 0xC570,
  0xC570, 0xC570, 0xD5F3, 0xD5F3, 0xD5F3, 0xD5F3, 0xD5F3, 0xD5F3, 0xD5F3, 0xD5F3, 0xD5F3, 0xD5F3,
  0xD5F3, 0xD5F3, 0xD5F3, 0xD5F3, 0xD5F3, 0xD5F3, 0xD5F3, 0xD5F3, 0xC570, 0xC570, 0xD5F3, 0xD5F3,
  0xD5F3, 0xD5F3, 0xD5F3, 0xD5F3, 0xD5F3, 0xD5F3, 0xD5F3, 0xD5F3, 0xD5F3, 0xD5F3, 0xD5F3, 0xD5F3,
  0xD5F3, 0xD5F3, 0xD5F3, 0xD5F3, 0xD5F3, 0xD5F3, 0xD5F3, 0xD5F3, 0xD5F3, 0xD5F3, 0xD5F3, 0xD5F3,
  0xD5F3, 0xD5F3, 0xD5F3, 0xD5F3, 0xD5F3, 0xD5F3, 0xD5F3, 0xD5F3, 0xD5F3, 0xD5F3, 0xD5F3, 0xD5F3,
  0xD5F3, 0xD5F3, 0xD5F3, 0xD5F3, 0xD5F3, 0xD5F3, 0xD5F3, 0xD5F3, 0xD5F3, 0xD5F3, 0xD5F3, 0xD5F3,
  0xD5F3, 0xD5F3, 0xD5F3, 0xD5F3, 0xD5F3, 0xD5F3, 0xD5F3, 0xD5F3, 0xD5F3, 0xD5F3, 0xD5F3, 0xD5F3,
  0xD5F3, 0xD5F3, 0xD5F3, 0xD5F3, 0xD5F3, 0xD5F3, 0xD5F3, 0xD5F3, 0xD5F3, 0xD5F3, 0xD5F3, 0xD5F3,
  0xD5F3, 0xD5F3, 0xD5F3, 0xD5F3, 0xD5F3, 0xD5F3, 0xD5F3, 0xD5F3, 0xD5F3, 0xD5F3, 0xD5F3, 0xD5F3,
  0xD5F3, 0xD5F3, 0xD5F3, 0xD5F3, 0xD5F3, 0xD5F3, 0xC570, 0xC570, 0xA326, 0xA326, 0xA326, 0xA326,
  0xA326, 0xA326, 0xA326, 0xA326, 0xCC28, 0xCC28, 0xCC28, 0xCC28, 0xA326, 0xA326, 0xA326, 0xA326,
  0xCC28, 0xCC28, 0xCC28, 0xCC28, 0xCC28, 0xCC28, 0xCC28, 0xCC28, 0xCC28, 0xCC28, 0xCC28, 0xCC28,
  0xCC28, 0xCC28, 0xCC28, 0xCC28, 0xCC28, 0xCC28, 0xCC28, 0xCC28, 0xCC28, 0xCC28, 0xCC28, 0xCC28,
  0xCC28, 0xCC28, 0xCC28, 0xCC28, 0xCC28, 0xCC28, 0xCC28, 0xCC28, 0xCC28, 0xCC28, 0xCC28, 0xCC28,
  0xCC28, 0xCC28, 0xCC28, 0xCC28, 0xCC28, 0xCC28, 0xCC28, 0xCC28, 0xA326, 0xA326, 0xA326, 0xA326,
  0xA326, 0xA326, 0xA326, 0xA326, 0xA326, 0xA326, 0x7225, 0x7225, 0x7225, 0x7225, 0x7225, 0x7225,
  0x7225, 0x7225, 0x7225, 0x7225, 0xA326, 0xA326, 0xA326, 0xA326, 0xA326, 0xA326, 0xA326, 0xA326,
  0xA326, 0xA326, 0xA326, 0xA326, 0xA326, 0xA326, 0x72E8, 0x72E8, 0x5BEA, 0x5BEA, 0x72E8, 0x72E8,
  0xA326, 0xA326, 0xA326, 0xA326, 0xA326, 0xA326, 0xA326, 0xA326, 0xA326, 0xA326, 0xA326, 0xA326,
  0xA326, 0xA326, 0x51A3, 0x51A3, 0xA326, 0xA326, 0x7225, 0x7225, 0xA3A9, 0xA3A9, 0xC570, 0xC570,
  0xC570, 0xC570, 0xD5F3, 0xD5F3, 0xD5F3, 0xD5F3, 0xD5F3, 0xD5F3, 0xD5F3, 0xD5F3, 0xD5F3, 0xD5F3,
  0xD5F3, 0xD5F3, 0xD5F3, 0xD5F3, 0xD5F3, 0xD5F3, 0xD5F3, 0xD5F3, 0xD5F3, 0xD5F3, 0xD5F3, 0xD5F3,
  0xD5F3, 0xD5F3, 0xD5F3, 0xD5F3, 0xD5F3, 0xD5F3, 0xD5F3, 0xD5F3, 0xD5F3, 0xD5F3, 0xD5F3, 0xD5F3,
  0xD5F3, 0xD5F3, 0xD5F3, 0xD5F3, 0xD5F3, 0xD5F3, 0xD5F3, 0xD5F3, 0xD5F3, 0xD5F3, 0xD5F3, 0xD5F3,
  0xD5F3, 0xD5F3, 0xD5F3, 0xD5F3, 0xC570, 0xC570, 0xC570, 0xC570, 0xD5F3, 0xD5F3, 0xD5F3, 0xD5F3,
  0xD5F3, 0xD5F3, 0xD5F3, 0xD5F3, 0xD5F3, 0xD5F3, 0xD5F3, 0xD5F3, 0xD5F3, 0xD5F3, 0xD5F3, 0xD5F3,
  0xD5F3, 0xD5F3, 0xD5F3, 0xD5F3, 0xD5F3, 0xD5F3, 0xD5F3, 0xD5F3, 0xD5F3, 0xD5F3, 0xD5F3, 0xD5F3,
  0xD5F3, 0xD5F3, 0xD5F3, 0xD5F3, 0xD5F3, 0xD5F3, 0xD5F3, 0xD5F3, 0xD5F3, 0xD5F3, 0xD5F3, 0xD5F3,
  0xD5F3, 0xD5F3, 0xD5F3, 0xD5F3, 0xD5F3, 0xD5F3, 0xD5F3, 0xD5F3, 0xD5F3, 0xD5F3, 0xD5F3, 0xD5F3,
  0xD5F3, 0xD5F3, 0xD5F3, 0xD5F3, 0xD5F3, 0xD5F3, 0xC570, 0xC570, 0xA326, 0xA326, 0xA326, 0xA326,
  0xA326, 0xA326, 0xA326, 0xA326, 0xCC28, 0xCC28, 0xCC28, 0xCC28, 0xA326, 0xA326, 0xA326, 0xA326,
  0xCC28, 0xCC28, 0xCC28, 0xCC28, 0xCC28, 0xCC28, 0xCC28, 0xCC28, 0xCC28, 0xCC28, 0xCC28, 0xCC28,
  0xCC28, 0xCC28, 0xCC28, 0xCC28, 0xCC28, 0xCC28, 0xCC28, 0xCC28, 0xCC28, 0xCC28, 0xCC28, 0xCC28,
  0xCC28, 0xCC28, 0xCC28, 0xCC28, 0xCC28, 0xCC28, 0xCC28, 0xCC28, 0xCC28, 0xCC28, 0xCC28, 0xCC28,
  0xCC28, 0xCC28, 0xCC28, 0xCC28, 0xCC28, 0xCC28, 0xCC28, 0xCC28, 0xA326, 0xA326, 0xA326, 0xA326,
  0xA326, 0xA326, 0xA326, 0xA326, 0xA326, 0xA326, 0x7225, 0x7225, 0x7225, 0x7225, 0x7225, 0x7225,
  0x7225, 0x7225, 0x7225, 0x7225, 0xA326, 0xA326, 0xA326, 0xA326, 0xA326, 0xA326, 0xA326, 0xA326,
  0xA326, 0xA326, 0xA326, 0xA326, 0xA326, 0xA326, 0x72E8, 0x72E8, 0x5BEA, 0x5BEA, 0x72E8, 0x72E8,
  0xA326, 0xA326, 0xA326, 0xA326, 0xA326, 0xA326, 0xA326, 0xA326, 0xA326, 0xA326, 0xA326, 0xA326,
  0xA326, 0xA326, 0x51A3, 0x51A3, 0xA326, 0xA326, 0x7225, 0x7225, 0xA3A9, 0xA3A9, 0xC570, 0xC570,
  0xC570, 0xC570, 0xD5F3, 0xD5F3, 0xD5F3, 0xD5F3, 0xD5F3, 0xD5F3, 0xD5F3, 0xD5F3, 0xD5F3, 0xD5F3,
  0xD5F3, 0xD5F3, 0xD5F3, 0xD5F3, 0xD5F3, 0xD5F3, 0xD5F3, 0xD5F3, 0xD5F3, 0xD5F3, 0xD5F3, 0xD5F3,
  0xD5F3, 0xD5F3, 0xD5F3, 0xD5F3, 0xD5F3, 0xD5F3, 0xD5F3, 0xD5F3, 0xD5F3, 0xD5F3, 0xD5F3, 0xD5F3,
  0xD5F3, 0xD5F3, 0xD5F3, 0xD5F3, 0xD5F3, 0xD5F3, 0xD5F3, 0xD5F3, 0xD5F3, 0xD5F3, 0xD5F3, 0xD5F3,
  0xD5F3, 0xD5F3, 0xD5F3, 0xD5F3, 0xC570, 0xC570, 0xC570, 0xC570, 0xD5F3, 0xD5F3, 0xD5F3, 0xD5F3,
  0xD5F3, 0xD5F3, 0xD5F3, 0xD5F3, 0xD5F3, 0xD5F3, 0xD5F3, 0xD5F3, 0xD5F3, 0xD5F3, 0xD5F3, 0xD5F3,
  0xD5F3, 0xD5F3, 0xD5F3, 0xD5F3, 0xD5F3, 0xD5F3, 0xD5F3, 0xD5F3, 0xD5F3, 0xD5F3, 0xD5F3, 0xD5F3,
  0xD5F3, 0xD5F3, 0xD5F3, 0xD5F3, 0xC570, 0xC570, 0xD5F3, 0xD5F3, 0xD5F3, 0xD5F3, 0xD5F3, 0xD5F3,
  0xD5F3, 0xD5F3, 0xD5F3, 0xD5F3, 0xD5F3, 0xD5F3, 0xD5F3, 0xD5F3, 0xD5F3, 0xD5F3, 0xD5F3, 0xD5F3,
  0xD5F3, 0xD5F3, 0xD5F3, 0xD5F3, 0xD5F3, 0xD5F3, 0xC570, 0xC570, 0xA326, 0xA326, 0xCC28, 0xCC28,
  0xA326, 0xA326, 0xA326, 0xA326, 0xA326, 0xA326, 0xA326, 0xA326, 0xA326, 0xA326, 0xCC28, 0xCC28,
  0xA326, 0xA326, 0xA326, 0xA326, 0xCC28, 0xCC28, 0xCC28, 0xCC28, 0xCC28, 0xCC28, 0xCC28, 0xCC28,
  0xCC28, 0xCC28, 0xCC28, 0xCC28, 0xCC28, 0xCC28, 0xCC28, 0xCC28, 0xCC28, 0xCC28, 0xCC28, 0xCC28,
  0xCC28, 0xCC28, 0xCC28, 0xCC28, 0xCC28, 0xCC28, 0xCC28, 0xCC28, 0xCC28, 0xCC28, 0xCC28, 0xCC28,
  0xCC28, 0xCC28, 0xCC28, 0xCC28, 0xA326, 0xA326, 0xA326, 0xA326, 0xA326, 0xA326, 0xA326, 0xA326,
  0xA326, 0xA326, 0x7225, 0x7225, 0x7225, 0x7225, 0x7225, 0x7225, 0x7225, 0x7225, 0x7225, 0x7225,
  0xA326, 0xA326, 0xA326, 0xA326, 0xA326, 0xA326, 0xA326, 0xA326, 0xA326, 0xA326, 0xA326, 0xA326,
  0xA326, 0xA326, 0xA326, 0xA326, 0xA326, 0xA326, 0x72E8, 0x72E8, 0x72E8, 0x72E8, 0xA326, 0xA326,
  0xA326, 0xA326, 0xA326, 0xA326, 0xA326, 0xA326, 0xA326, 0xA326, 0xA326, 0xA326, 0xA326, 0xA326,
  0xA326, 0xA326, 0x51A3, 0x51A3, 0xA326, 0xA326, 0x7225, 0x7225, 0xA3A9, 0xA3A9, 0xC570, 0xC570,
  0xC570, 0xC570, 0xD5F3, 0xD5F3, 0xD5F3, 0xD5F3, 0xD5F3, 0xD5F3, 0xD5F3, 0xD5F3, 0xD5F3, 0xD5F3,
  0xD5F3, 0xD5F3, 0xD5F3, 0xD5F3, 0xD5F3, 0xD5F3, 0xD5F3, 0xD5F3, 0xD5F3, 0xD5F3, 0xD5F3, 0xD5F3,
  0xD5F3, 0xD5F3, 0xD5F3, 0xD5F3, 0xD5F3, 0xD5F3, 0xD5F3, 0xD5F3, 0xD5F3, 0xD5F3, 0xD5F3, 0xD5F3,
  0xD5F3, 0xD5F3, 0xD5F3, 0xD5F3, 0xD5F3, 0xD5F3, 0xD5F3, 0xD5F3, 0xD5F3, 0xD5F3, 0xD5F3, 0xD5F3,
  0xD5F3, 0xD5F3, 0xD5F3, 0xD5F3, 0xC570, 0xC570, 0xC570, 0xC570, 0xD5F3, 0xD5F3, 0xD5F3, 0xD5F3,
  0xD5F3, 0xD5F3, 0xD5F3, 0xD5F3, 0xD5F3, 0xD5F3, 0xD5F3, 0xD5F3, 0xD5F3, 0xD5F3, 0xD5F3, 0xD5F3,
  0xD5F3, 0xD5F3, 0xD5F3, 0xD5F3, 0xD5F3, 0xD5F3, 0xD5F3, 0xD5F3, 0xD5F3, 0xD5F3, 0xD5F3, 0xD5F3,
  0xD5F3, 0xD5F3, 0xD5F3, 0xD5F3, 0xC570, 0xC570, 0xD5F3, 0xD5F3, 0xD5F3, 0xD5F3, 0xD5F3, 0xD5F3,
  0xD5F3, 0xD5F3, 0xD5F3, 0xD5F3, 0xD5F3, 0xD5F3, 0xD5F3, 0xD5F3, 0xD5F3, 0xD5F3, 0xD5F3, 0xD5F3,
  0xD5F3, 0xD5F3, 0xD5F3, 0xD5F3, 0xD5F3, 0xD5F3, 0xC570, 0xC570, 0xA326, 0xA326, 0xCC28, 0xCC28,
  0xA326, 0xA326, 0xA326, 0xA326, 0xA326, 0xA326, 0xA326, 0xA326, 0xA326, 0xA326, 0xCC28, 0xCC28,
  0xA326, 0xA326, 0xA326, 0xA326, 0xCC28, 0xCC28, 0xCC28, 0xCC28, 0xCC28, 0xCC28, 0xCC28, 0xCC28,
  0xCC28, 0xCC28, 0xCC28, 0xCC28, 0xCC28, 0xCC28, 0xCC28, 0xCC28, 0xCC28, 0xCC28, 0xCC28, 0xCC28,
  0xCC28, 0xCC28, 0xCC28, 0xCC28, 0xCC28, 0xCC28, 0xCC28, 0xCC28, 0xCC28, 0xCC28, 0xCC28, 0xCC28,
  0xCC28, 0xCC28, 0xCC28, 0xCC28, 0xA326, 0xA326, 0xA326, 0xA326, 0xA326, 0xA326, 0xA326, 0xA326,
  0xA326, 0xA326, 0x7225, 0x7225, 0x7225, 0x7225, 0x7225, 0x7225, 0x7225, 0x7225, 0x7225, 0x7225,
  0xA326, 0xA326, 0xA326, 0xA326, 0xA326, 0xA326, 0xA326, 0xA326, 0xA326, 0xA326, 0xA326, 0xA326,
  0xA326, 0xA326, 0xA326, 0xA326, 0xA326, 0xA326, 0x72E8, 0x72E8, 0x72E8, 0x72E8, 0xA326, 0xA326,
  0xA326, 0xA326, 0xA326, 0xA326, 0xA326, 0xA326, 0xA326, 0xA326, 0xA326, 0xA326, 0xA326, 0xA326,
  0xA326, 0xA326, 0x51A3, 0x51A3, 0xA326, 0xA326, 0x7225, 0x7225, 0xA3A9, 0xA3A9, 0xC570, 0xC570,
  0xC570, 0xC570, 0xD5F3, 0xD5F3, 0xD5F3, 0xD5F3, 0xD5F3, 0xD5F3, 0xD5F3, 0xD5F3, 0xD5F3, 0xD5F3,
  0xD5F3, 0xD5F3, 0xD5F3, 0xD5F3, 0xD5F3, 0xD5F3, 0xD5F3, 0xD5F3, 0xD5F3, 0xD5F3, 0xD5F3, 0xD5F3,
  0xD5F3, 0xD5F3, 0xD5F3, 0xD5F3, 0xD5F3, 0xD5F3, 0xD5F3, 0xD5F3, 0xD5F3, 0xD5F3, 0xD5F3, 0xD5F3,
  0xD5F3, 0xD5F3, 0xD5F3, 0xD5F3, 0xD5F3, 0xD5F3, 0xD5F3, 0xD5F3, 0xD5F3, 0xD5F3, 0xD5F3, 0xD5F3,
  0xD5F3, 0xD5F3, 0xD5F3, 0xD5F3, 0xC570, 0xC570, 0xC570, 0xC570, 0xD5F3, 0xD5F3, 0xD5F3, 0xD5F3,
  0xD5F3, 0xD5F3, 0xD5F3, 0xD5F3, 0xD5F3, 0xD5F3, 0xD5F3, 0xD5F3, 0xD5F3, 0xD5F3, 0xD5F3, 0xD5F3,
  0xD5F3, 0xD5F3, 0xD5F3, 0xD5F3, 0xD5F3, 0xD5F3, 0xD5F3, 0xD5F3, 0xD5F3, 0xD5F3, 0xD5F3, 0xD5F3,
  0xD5F3, 0xD5F3, 0xC570, 0xC570, 0xC570, 0xC570, 0xC570, 0xC570, 0xD5F3, 0xD5F3, 0xD5F3, 0xD5F3,
  0xD5F3, 0xD5F3, 0xD5F3, 0xD5F3, 0xD5F3, 0xD5F3, 0xD5F3, 0xD5F3, 0xD5F3, 0xD5F3, 0xD5F3, 0xD5F3,
  0xD5F3, 0xD5F3, 0xD5F3, 0xD5F3, 0xD5F3, 0xD5F3, 0xC570, 0xC570, 0xA326, 0xA326, 0xCC28, 0xCC28,
  0xCC28, 0xCC28, 0xCC28, 0xCC28, 0xCC28, 0xCC28, 0xA326, 0xA326, 0xA326, 0xA326, 0xA326, 0xA326,
  0xA326, 0xA326, 0xCC28, 0xCC28, 0xA326, 0xA326, 0xA326, 0xA326, 0xA326, 0xA326, 0xCC28, 0xCC28,
  0xCC28, 0xCC28, 0xCC28, 0xCC28, 0xCC28, 0xCC28, 0xCC28, 0xCC28, 0xCC28, 0xCC28, 0xCC28, 0xCC28,
  0xCC28, 0xCC28, 0xCC28, 0xCC28, 0xCC28, 0xCC28, 0xCC28, 0xCC28, 0xCC28, 0xCC28, 0xCC28, 0xCC28,
  0xCC28, 0xCC28, 0xA326, 0xA326, 0xA326, 0xA326, 0xA326, 0xA326, 0xA326, 0xA326, 0x7225, 0x7225,
  0x7225, 0x7225, 0x7225, 0x7225, 0x7225, 0x7225, 0x7225, 0x7225, 0xA326, 0xA326, 0xA326, 0xA326,
  0xA326, 0xA326, 0xA326, 0xA326, 0xA326, 0xA326, 0xA326, 0xA326, 0xA326, 0xA326, 0xA326, 0xA326,
  0xA326, 0xA326, 0xA326, 0xA326, 0xA326, 0xA326, 0xA326, 0xA326, 0xA326, 0xA326, 0xA326, 0xA326,
  0xA326, 0xA326, 0xA326, 0xA326, 0xA326, 0xA326, 0xA326, 0xA326, 0xA326, 0xA326, 0xA326, 0xA326,
  0xA326, 0xA326, 0x51A3, 0x51A3, 0xA326, 0xA326, 0x7225, 0x7225, 0xA3A9, 0xA3A9, 0xC570, 0xC570,
  0xC570, 0xC570, 0xD5F3, 0xD5F3, 0xD5F3, 0xD5F3, 0xD5F3, 0xD5F3, 0xD5F3, 0xD5F3, 0xD5F3, 0xD5F3,
  0xD5F3, 0xD5F3, 0xD5F3, 0xD5F3, 0xD5F3, 0xD5F3, 0xD5F3, 0xD5F3, 0xD5F3, 0xD5F3, 0xD5F3, 0xD5F3,
  0xD5F3, 0xD5F3, 0xD5F3, 0xD5F3, 0xD5F3, 0xD5F3, 0xD5F3, 0xD5F3, 0xD5F3, 0xD5F3, 0xD5F3, 0xD5F3,
  0xD5F3, 0xD5F3, 0xD5F3, 0xD5F3, 0xD5F3, 0xD5F3, 0xD5F3, 0xD5F3, 0xD5F3, 0xD5F3, 0xD5F3, 0xD5F3,
  0xD5F3, 0xD5F3, 0xD5F3, 0xD5F3, 0xC570, 0xC570, 0xC570, 0xC570, 0xD5F3, 0xD5F3, 0xD5F3, 0xD5F3,
  0xD5F3, 0xD5F3, 0xD5F3, 0xD5F3, 0xD5F3, 0xD5F3, 0xD5F3, 0xD5F3, 0xD5F3, 0xD5F3, 0xD5F3, 0xD5F3,
  0xD5F3, 0xD5F3, 0xD5F3, 0xD5F3, 0xD5F3, 0xD5F3, 0xD5F3, 0xD5F3, 0xD5F3, 0xD5F3, 0xD5F3, 0xD5F3,
  0xD5F3, 0xD5F3, 0xC570, 0xC570, 0xC570, 0xC570, 0xC570, 0xC570, 0xD5F3, 0xD5F3, 0xD5F3, 0xD5F3,
  0xD5F3, 0xD5F3, 0xD5F3, 0xD5F3, 0xD5F3, 0xD5F3, 0xD5F3, 0xD5F3, 0xD5F3, 0xD5F3, 0xD5F3, 0xD5F3,
  0xD5F3, 0xD5F3, 0xD5F3, 0xD5F3, 0xD5F3, 0xD5F3, 0xC570, 0xC570, 0xA326, 0xA326, 0xCC28, 0xCC28,
  0xCC28, 0xCC28, 0xCC28, 0xCC28, 0xCC28, 0xCC28, 0xA326, 0xA326, 0xA326, 0xA326, 0xA326, 0xA326,
  0xA326, 0xA326, 0xCC28, 0xCC28, 0xA326, 0xA326, 0xA326, 0xA326, 0xA326, 0xA326, 0xCC28, 0xCC28,
  0xCC28, 0xCC28, 0xCC28, 0xCC28, 0xCC28, 0xCC28, 0xCC28, 0xCC28, 0xCC28, 0xCC28, 0xCC28, 0xCC28,
  0xCC28, 0xCC28, 0xCC28, 0xCC28, 0xCC28, 0xCC28, 0xCC28, 0xCC28, 0xCC28, 0xCC28, 0xCC28, 0xCC28,
  0xCC28, 0xCC28, 0xA326, 0xA326, 0xA326, 0xA326, 0xA326, 0xA326, 0xA326, 0xA326, 0x7225, 0x7225,
  0x7225, 0x7225, 0x7225, 0x7225, 0x7225, 0x7225, 0x7225, 0x7225, 0xA326, 0xA326, 0xA326, 0xA326,
  0xA326, 0xA326, 0xA326, 0xA326, 0xA326, 0xA326, 0xA326, 0xA326, 0xA326, 0xA326, 0xA326, 0xA326,
  0xA326, 0xA326, 0xA326, 0xA326, 0xA326, 0xA326, 0xA326, 0xA326, 0xA326, 0xA326, 0xA326, 0xA326,
  0xA326, 0xA326, 0xA326, 0xA326, 0xA326, 0xA326, 0xA326, 0xA326, 0xA326, 0xA326, 0xA326, 0xA326,
  0xA326, 0xA326, 0x51A3, 0x51A3, 0xA326, 0xA326, 0x7225, 0x7225, 0xA3A9, 0xA3A9, 0xC570, 0xC570,
  0xC570, 0xC570, 0xD5F3, 0xD5F3, 0xD5F3, 0xD5F3, 0xD5F3, 0xD5F3, 0xD5F3, 0xD5F3, 0xD5F3, 0xD5F3,
  0xD5F3, 0xD5F3, 0xD5F3, 0xD5F3, 0xD5F3, 0xD5F3, 0xD5F3, 0xD5F3, 0xD5F3, 0xD5F3, 0xD5F3, 0xD5F3,
  0xD5F3, 0xD5F3, 0xD5F3, 0xD5F3, 0xD5F3, 0xD5F3, 0xD5F3, 0xD5F3, 0xD5F3, 0xD5F3, 0xD5F3, 0xD5F3,
  0xD5F3, 0xD5F3, 0xD5F3, 0xD5F3, 0xD5F3, 0xD5F3, 0xD5F3, 0xD5F3, 0xD5F3, 0xD5F3, 0xD5F3, 0xD5F3,
  0xD5F3, 0xD5F3, 0xD5F3, 0xD5F3, 0xC570, 0xC570, 0xC570, 0xC570, 0xD5F3, 0xD5F3, 0xD5F3, 0xD5F3,
  0xD5F3, 0xD5F3, 0xD5F3, 0xD5F3, 0xD5F3, 0xD5F3, 0xD5F3, 0xD5F3, 0xD5F3, 0xD5F3, 0xD5F3, 0xD5F3,
  0xD5F3, 0xD5F3, 0xD5F3, 0xD5F3, 0xD5F3, 0xD5F3, 0xD5F3, 0xD5F3, 0xD5F3, 0xD5F3, 0xD5F3, 0xD5F3,
  0xD5F3, 0xD5F3, 0xC570, 0xC570, 0xC570, 0xC570, 0xD5F3, 0xD5F3, 0xD5F3, 0xD5F3, 0xD5F3, 0xD5F3,
  0xD5F3, 0xD5F3, 0xD5F3, 0xD5F3, 0xD5F3, 0xD5F3, 0xD5F3, 0xD5F3, 0xD5F3, 0xD5F3, 0xD5F3, 0xD5F3,
  0xD5F3, 0xD5F3, 0xD5F3, 0xD5F3, 0xD5F3, 0xD5F3, 0xC570, 0xC570, 0xA326, 0xA326, 0xCC28, 0xCC28,
  0xCC28, 0xCC28, 0xCC28, 0xCC28, 0xCC28, 0xCC28, 0xCC28, 0xCC28, 0xCC28, 0xCC28, 0xA326, 0xA326,
  0xA326, 0xA326, 0xA326, 0xA326, 0xA326, 0xA326, 0xCC28, 0xCC28, 0xA326, 0xA326, 0xA326, 0xA326,
  0xA326, 0xA326, 0xCC28, 0xCC28, 0xCC28, 0xCC28, 0xCC28, 0xCC28, 0xCC28, 0xCC28, 0xCC28, 0xCC28,
  0xCC28, 0xCC28, 0xCC28, 0xCC28, 0xCC28, 0xCC28, 0xCC28, 0xCC28, 0xCC28, 0xCC28, 0xA326, 0xA326,
  0xA326, 0xA326, 0xA326, 0xA326, 0xA326, 0xA326, 0x7225, 0x7225, 0x7225, 0x7225, 0x7225, 0x7225,
  0x7225, 0x7225, 0x7225, 0x7225, 0xA326, 0xA326, 0xA326, 0xA326, 0xA326, 0xA326, 0xA326, 0xA326,
  0xA326, 0xA326, 0xA326, 0xA326, 0xA326, 0xA326, 0xA326, 0xA326, 0xA326, 0xA326, 0xA326, 0xA326,
  0xA326, 0xA326, 0xA326, 0xA326, 0xA326, 0xA326, 0xA326, 0xA326, 0xA326, 0xA326, 0xA326, 0xA326,
  0xA326, 0xA326, 0xA326, 0xA326, 0xA326, 0xA326, 0xA326, 0xA326, 0xA326, 0xA326, 0xA326, 0xA326,
  0xA326, 0xA326, 0x51A3, 0x51A3, 0x7225, 0x7225, 0x7225, 0x7225, 0xAC4C, 0xAC4C, 0xC570, 0xC570,
  0xBCCD, 0xBCCD, 0xC570, 0xC570, 0xD5F3, 0xD5F3, 0xD5F3, 0xD5F3, 0xD5F3, 0xD5F3, 0xD5F3, 0xD5F3,
  0xD5F3, 0xD5F3, 0xD5F3, 0xD5F3, 0xD5F3, 0xD5F3, 0xD5F3, 0xD5F3, 0xD5F3, 0xD5F3, 0xD5F3, 0xD5F3,
  0xD5F3, 0xD5F3, 0xD5F3, 0xD5F3, 0xD5F3, 0xD5F3, 0xD5F3, 0xD5F3, 0xD5F3, 0xD5F3, 0xD5F3, 0xD5F3,
  0xD5F3, 0xD5F3, 0xD5F3, 0xD5F3, 0xD5F3, 0xD5F3, 0xD5F3, 0xD5F3, 0xD5F3, 0xD5F3, 0xD5F3, 0xD5F3,
  0xD5F3, 0xD5F3, 0xD5F3, 0xD5F3, 0xD5F3, 0xD5F3, 0xD5F3, 0xD5F3, 0xD5F3, 0xD5F3, 0xD5F3, 0xD5F3,
  0xD5F3, 0xD5F3, 0xD5F3, 0xD5F3, 0xD5F3, 0xD5F3, 0xD5F3, 0xD5F3, 0xD5F3, 0xD5F3, 0xD5F3, 0xD5F3,
  0xD5F3, 0xD5F3, 0xD5F3, 0xD5F3, 0xD5F3, 0xD5F3, 0xD5F3, 0xD5F3, 0xD5F3, 0xD5F3, 0xD5F3, 0xD5F3,
  0xD5F3, 0xD5F3, 0xC570, 0xC570, 0xC570, 0xC570, 0xD5F3, 0xD5F3, 0xD5F3, 0xD5F3, 0xD5F3, 0xD5F3,
  0xD5F3, 0xD5F3, 0xD5F3, 0xD5F3, 0xD5F3, 0xD5F3, 0xD5F3, 0xD5F3, 0xD5F3, 0xD5F3, 0xD5F3, 0xD5F3,
  0xD5F3, 0xD5F3, 0xD5F3, 0xD5F3, 0xD5F3, 0xD5F3, 0xC570, 0xC570, 0xA326, 0xA326, 0xCC28, 0xCC28,
  0xCC28, 0xCC28, 0xCC28, 0xCC28, 0xCC28, 0xCC28, 0xCC28, 0xCC28, 0xCC28, 0xCC28, 0xA326, 0xA326,
  0xA326, 0xA326, 0xA326, 0xA326, 0xA326, 0xA326, 0xCC28, 0xCC28, 0xA326, 0xA326, 0xA326, 0xA326,
  0xA326, 0xA326, 0xCC28, 0xCC28, 0xCC28, 0xCC28, 0xCC28, 0xCC28, 0xCC28, 0xCC28, 0xCC28, 0xCC28,
  0xCC28, 0xCC28, 0xCC28, 0xCC28, 0xCC28, 0xCC28, 0xCC28, 0xCC28, 0xCC28, 0xCC28, 0xA326, 0xA326,
  0xA326, 0xA326, 0xA326, 0xA326, 0xA326, 0xA326, 0x7225, 0x7225, 0x7225, 0x7225, 0x7225, 0x7225,
  0x7225, 0x7225, 0x7225, 0x7225, 0xA326, 0xA326, 0xA326, 0xA326, 0xA326, 0xA326, 0xA326, 0xA326,
  0xA326, 0xA326, 0xA326, 0xA326, 0xA326, 0xA326, 0xA326, 0xA326, 0xA326, 0xA326, 0xA326, 0xA326,
  0xA326, 0xA326, 0xA326, 0xA326, 0xA326, 0xA326, 0xA326, 0xA326, 0xA326, 0xA326, 0xA326, 0xA326,
  0xA326, 0xA326, 0xA326, 0xA326, 0xA326, 0xA326, 0xA326, 0xA326, 0xA326, 0xA326, 0xA326, 0xA326,
  0xA326, 0xA326, 0x51A3, 0x51A3, 0x7225, 0x7225, 0x7225, 0x7225, 0xAC4C, 0xAC4C, 0xC570, 0xC570,
  0xBCCD, 0xBCCD, 0xC570, 0xC570, 0xD5F3, 0xD5F3, 0xD5F3, 0xD5F3, 0xD5F3, 0xD5F3, 0xD5F3, 0xD5F3,
  0xD5F3, 0xD5F3, 0xD5F3, 0xD5F3, 0xD5F3, 0xD5F3, 0xD5F3, 0xD5F3, 0xD5F3, 0xD5F3, 0xD5F3, 0xD5F3,
  0xD5F3, 0xD5F3, 0xD5F3, 0xD5F3, 0xD5F3, 0xD5F3, 0xD5F3, 0xD5F3, 0xD5F3, 0xD5F3, 0xD5F3, 0xD5F3,
  0xD5F3, 0xD5F3, 0xD5F3, 0xD5F3, 0xD5F3, 0xD5F3, 0xD5F3, 0xD5F3, 0xD5F3, 0xD5F3, 0xD5F3, 0xD5F3,
  0xD5F3, 0xD5F3, 0xD5F3, 0xD5F3, 0xD5F3, 0xD5F3, 0xD5F3, 0xD5F3, 0xD5F3, 0xD5F3, 0xD5F3, 0xD5F3,
  0xD5F3, 0xD5F3, 0xD5F3, 0xD5F3, 0xD5F3, 0xD5F3, 0xD5F3, 0xD5F3, 0xD5F3, 0xD5F3, 0xD5F3, 0xD5F3,
  0xD5F3, 0xD5F3, 0xD5F3, 0xD5F3, 0xD5F3, 0xD5F3, 0xD5F3, 0xD5F3, 0xD5F3, 0xD5F3, 0xD5F3, 0xD5F3,
  0xD5F3, 0xD5F3, 0xD5F3, 0xD5F3, 0xD5F3, 0xD5F3, 0xD5F3, 0xD5F3, 0xD5F3, 0xD5F3, 0xD5F3, 0xD5F3,
  0xD5F3, 0xD5F3, 0xD5F3, 0xD5F3, 0xD5F3, 0xD5F3, 0xD5F3, 0xD5F3, 0xD5F3, 0xD5F3, 0xD5F3, 0xD5F3,
  0xD5F3, 0xD5F3, 0xD5F3, 0xD5F3, 0xD5F3, 0xD5F3, 0xC570, 0xC570, 0xA326, 0xA326, 0xCC28, 0xCC28,
  0xCC28, 0xCC28, 0xCC28, 0xCC28, 0xCC28, 0xCC28, 0xCC28, 0xCC28, 0xCC28, 0xCC28, 0xCC28, 0xCC28,
  0xCC28, 0xCC28, 0xA326, 0xA326, 0xA326, 0xA326, 0xA326, 0xA326, 0xA326, 0xA326, 0xCC28, 0xCC28,
  0xCC28, 0xCC28, 0xA326, 0xA326, 0xA326, 0xA326, 0xCC28, 0xCC28, 0xCC28, 0xCC28, 0xCC28, 0xCC28,
  0xCC28, 0xCC28, 0xCC28, 0xCC28, 0xCC28, 0xCC28, 0xA326, 0xA326, 0xA326, 0xA326, 0xA326, 0xA326,
  0xA326, 0xA326, 0x7225, 0x7225, 0x7225, 0x7225, 0x7225, 0x7225, 0x7225, 0x7225, 0x7225, 0x7225,
  0xA326, 0xA326, 0xA326, 0xA326, 0xA326, 0xA326, 0xA326, 0xA326, 0xA326, 0xA326, 0xA326, 0xA326,
  0xA326, 0xA326, 0xA326, 0xA326, 0xA326, 0xA326, 0xA326, 0xA326, 0xA326, 0xA326, 0xA326, 0xA326,
  0xA326, 0xA326, 0xA326, 0xA326, 0xA326, 0xA326, 0xA326, 0xA326, 0xA326, 0xA326, 0xA326, 0xA326,
  0xA326, 0xA326, 0xA326, 0xA326, 0xA326, 0xA326, 0xA326, 0xA326, 0xA326, 0xA326, 0xA326, 0xA326,
  0xA326, 0xA326, 0x51A3, 0x51A3, 0x7225, 0x7225, 0x7225, 0x7225, 0xAC4C, 0xAC4C, 0xC570, 0xC570,
  0xBCCD, 0xBCCD, 0xC570, 0xC570, 0xD5F3, 0xD5F3, 0xD5F3, 0xD5F3, 0xD5F3, 0xD5F3, 0xD5F3, 0xD5F3,
  0xD5F3, 0xD5F3, 0xD5F3, 0xD5F3, 0xD5F3, 0xD5F3, 0xD5F3, 0xD5F3, 0xD5F3, 0xD5F3, 0xD5F3, 0xD5F3,
  0xD5F3, 0xD5F3, 0xD5F3, 0xD5F3, 0xD5F3, 0xD5F3, 0xD5F3, 0xD5F3, 0xD5F3, 0xD5F3, 0xD5F3, 0xD5F3,
  0xD5F3, 0xD5F3, 0xD5F3, 0xD5F3, 0xD5F3, 0xD5F3, 0xD5F3, 0xD5F3, 0xD5F3, 0xD5F3, 0xD5F3, 0xD5F3,
  0xD5F3, 0xD5F3, 0xD5F3, 0xD5F3, 0xD5F3, 0xD5F3, 0xD5F3, 0xD5F3, 0xD5F3, 0xD5F3, 0xD5F3, 0xD5F3,
  0xD5F3, 0xD5F3, 0xD5F3, 0xD5F3, 0xD5F3, 0xD5F3, 0xD5F3, 0xD5F3, 0xD5F3, 0xD5F3, 0xD5F3, 0xD5F3,
  0xD5F3, 0xD5F3, 0xD5F3, 0xD5F3, 0xD5F3, 0xD5F3, 0xD5F3, 0xD5F3, 0xD5F3, 0xD5F3, 0xD5F3, 0xD5F3,
  0xD5F3, 0xD5F3, 0xD5F3, 0xD5F3, 0xD5F3, 0xD5F3, 0xD5F3, 0xD5F3, 0xD5F3, 0xD5F3, 0xD5F3, 0xD5F3,
  0xD5F3, 0xD5F3, 0xD5F3, 0xD5F3, 0xD5F3, 0xD5F3, 0xD5F3, 0xD5F3, 0xD5F3, 0xD5F3, 0xD5F3, 0xD5F3,
  0xD5F3, 0xD5F3, 0xD5F3, 0xD5F3, 0xD5F3, 0xD5F3, 0xC570, 0xC570, 0xA326, 0xA326, 0xCC28, 0xCC28,
  0xCC28, 0xCC28, 0xCC28, 0xCC28, 0xCC28, 0xCC28, 0xCC28, 0xCC28, 0xCC28, 0xCC28, 0xCC28, 0xCC28,
  0xCC28, 0xCC28, 0xA326, 0xA326, 0xA326, 0xA326, 0xA326, 0xA326, 0xA326, 0xA326, 0xCC28, 0xCC28,
  0xCC28, 0xCC28, 0xA326, 0xA326, 0xA326, 0xA326, 0xCC28, 0xCC28, 0xCC28, 0xCC28, 0xCC28, 0xCC28,
  0xCC28, 0xCC28, 0xCC28, 0xCC28, 0xCC28, 0xCC28, 0xA326, 0xA326, 0xA326, 0xA326, 0xA326, 0xA326,
  0xA326, 0xA326, 0x7225, 0x7225, 0x7225, 0x7225, 0x7225, 0x7225, 0x7225, 0x7225, 0x7225, 0x7225,
  0xA326, 0xA326, 0xA326, 0xA326, 0xA326, 0xA326, 0xA326, 0xA326, 0xA326, 0xA326, 0xA326, 0xA326,
  0xA326, 0xA326, 0xA326, 0xA326, 0xA326, 0xA326, 0xA326, 0xA326, 0xA326, 0xA326, 0xA326, 0xA326,
  0xA326, 0xA326, 0xA326, 0xA326, 0xA326, 0xA326, 0xA326, 0xA326, 0xA326, 0xA326, 0xA326, 0xA326,
  0xA326, 0xA326, 0xA326, 0xA326, 0xA326, 0xA326, 0xA326, 0xA326, 0xA326, 0xA326, 0xA326, 0xA326,
  0xA326, 0xA326, 0x51A3, 0x51A3, 0x7225, 0x7225, 0x7225, 0x7225, 0xAC4C, 0xAC4C, 0xC570, 0xC570,
  0xBCCD, 0xBCCD, 0xC570, 0xC570, 0xD5F3, 0xD5F3, 0xD5F3, 0xD5F3, 0xD5F3, 0xD5F3, 0xD5F3, 0xD5F3,
  0xD5F3, 0xD5F3, 0xD5F3, 0xD5F3, 0xD5F3, 0xD5F3, 0xD5F3, 0xD5F3, 0xD5F3, 0xD5F3, 0xD5F3, 0xD5F3,
  0xD5F3, 0xD5F3, 0xD5F3, 0xD5F3, 0xD5F3, 0xD5F3, 0xD5F3, 0xD5F3, 0xD5F3, 0xD5F3, 0xD5F3, 0xD5F3,
  0xD5F3, 0xD5F3, 0xD5F3, 0xD5F3, 0xD5F3, 0xD5F3, 0xD5F3, 0xD5F3, 0xD5F3, 0xD5F3, 0xD5F3, 0xD5F3,
  0xD5F3, 0xD5F3, 0xD5F3, 0xD5F3, 0xD5F3, 0xD5F3, 0xD5F3, 0xD5F3, 0xD5F3, 0xD5F3, 0xD5F3, 0xD5F3,
  0xD5F3, 0xD5F3, 0xD5F3, 0xD5F3, 0xD5F3, 0xD5F3, 0xD5F3, 0xD5F3, 0xD5F3, 0xD5F3, 0xD5F3, 0xD5F3,
  0xD5F3, 0xD5F3, 0xD5F3, 0xD5F3, 0xD5F3, 0xD5F3, 0xD5F3, 0xD5F3, 0xD5F3, 0xD5F3, 0xD5F3, 0xD5F3,
  0xD5F3, 0xD5F3, 0xD5F3, 0xD5F3, 0xD5F3, 0xD5F3, 0xD5F3, 0xD5F3, 0xD5F3, 0xD5F3, 0xD5F3, 0xD5F3,
  0xD5F3, 0xD5F3, 0xD5F3, 0xD5F3, 0xD5F3, 0xD5F3, 0xD5F3, 0xD5F3, 0xD5F3, 0xD5F3, 0xC570, 0xC570,
  0xC570, 0xC570, 0xD5F3, 0xD5F3, 0xD5F3, 0xD5F3, 0xC570, 0xC570, 0xA326, 0xA326, 0xCC28, 0xCC28,
  0xCC28, 0xCC28, 0xCC28, 0xCC28, 0xCC28, 0xCC28, 0xCC28, 0xCC28, 0xCC28, 0xCC28, 0xCC28, 0xCC28,
  0xCC28, 0xCC28, 0xCC28, 0xCC28, 0xCC28, 0xCC28, 0xA326, 0xA326, 0xA326, 0xA326, 0xA326, 0xA326,
  0xA326, 0xA326, 0xCC28, 0xCC28, 0xCC28, 0xCC28, 0xA326, 0xA326, 0xA326, 0xA326, 0xCC28, 0xCC28,
  0xCC28, 0xCC28, 0xA326, 0xA326, 0xA326, 0xA326, 0xA326, 0xA326, 0xA326, 0xA326, 0x7225, 0x7225,
  0x7225, 0x7225, 0x7225, 0x7225, 0x7225, 0x7225, 0x7225, 0x7225, 0xA326, 0xA326, 0xA326, 0xA326,
  0xA326, 0xA326, 0xA326, 0xA326, 0xA326, 0xA326, 0xA326, 0xA326, 0xA326, 0xA326, 0xA326, 0xA326,
  0xA326, 0xA326, 0xA326, 0xA326, 0xA326, 0xA326, 0xA326, 0xA326, 0xA326, 0xA326, 0xA326, 0xA326,
  0xA326, 0xA326, 0xA326, 0xA326, 0xA326, 0xA326, 0xA326, 0xA326, 0xA326, 0xA326, 0xA326, 0xA326,
  0xA326, 0xA326, 0xA326, 0xA326, 0xA326, 0xA326, 0xA326, 0xA326, 0xA326, 0xA326, 0xA326, 0xA326,
  0xA326, 0xA326, 0x51A3, 0x51A3, 0x7225, 0x7225, 0x7225, 0x7225, 0xAC4C, 0xAC4C, 0xC570, 0xC570,
  0xC570, 0xC570, 0xC570, 0xC570, 0xD5F3, 0xD5F3, 0xD5F3, 0xD5F3, 0xD5F3, 0xD5F3, 0xD5F3, 0xD5F3,
  0xD5F3, 0xD5F3, 0xD5F3, 0xD5F3, 0xD5F3, 0xD5F3, 0xD5F3, 0xD5F3, 0xD5F3, 0xD5F3, 0xD5F3, 0xD5F3,
  0xD5F3, 0xD5F3, 0xD5F3, 0xD5F3, 0xD5F3, 0xD5F3, 0xD5F3, 0xD5F3, 0xD5F3, 0xD5F3, 0xD5F3, 0xD5F3,
  0xD5F3, 0xD5F3, 0xD5F3, 0xD5F3, 0xD5F3, 0xD5F3, 0xD5F3, 0xD5F3, 0xD5F3, 0xD5F3, 0xD5F3, 0xD5F3,
  0xD5F3, 0xD5F3, 0xD5F3, 0xD5F3, 0xD5F3, 0xD5F3, 0xD5F3, 0xD5F3, 0xD5F3, 0xD5F3, 0xD5F3, 0xD5F3,
  0xD5F3, 0xD5F3, 0xD5F3, 0xD5F3, 0xD5F3, 0xD5F3, 0xD5F3, 0xD5F3, 0xD5F3, 0xD5F3, 0xD5F3, 0xD5F3,
  0xD5F3, 0xD5F3, 0xD5F3, 0xD5F3, 0xD5F3, 0xD5F3, 0xD5F3, 0xD5F3, 0xD5F3, 0xD5F3, 0xD5F3, 0xD5F3,
  0xD5F3, 0xD5F3, 0xD5F3, 0xD5F3, 0xD5F3, 0xD5F3, 0xD5F3, 0xD5F3, 0xD5F3, 0xD5F3, 0xD5F3, 0xD5F3,
  0xD5F3, 0xD5F3, 0xD5F3, 0xD5F3, 0xD5F3, 0xD5F3, 0xD5F3, 0xD5F3, 0xD5F3, 0xD5F3, 0xC570, 0xC570,
  0xC570, 0xC570, 0xD5F3, 0xD5F3, 0xD5F3, 0xD5F3, 0xC570, 0xC570, 0xA326, 0xA326, 0xCC28, 0xCC28,
  0xCC28, 0xCC28, 0xCC28, 0xCC28, 0xCC28, 0xCC28, 0xCC28, 0xCC28, 0xCC28, 0xCC28, 0xCC28, 0xCC28,
  0xCC28, 0xCC28, 0xCC28, 0xCC28, 0xCC28, 0xCC28, 0xA326, 0xA326, 0xA326, 0xA326, 0xA326, 0xA326,
  0xA326, 0xA326, 0xCC28, 0xCC28, 0xCC28, 0xCC28, 0xA326, 0xA326, 0xA326, 0xA326, 0xCC28, 0xCC28,
  0xCC28, 0xCC28, 0xA326, 0xA326, 0xA326, 0xA326, 0xA326, 0xA326, 0xA326, 0xA326, 0x7225, 0x7225,
  0x7225, 0x7225, 0x7225, 0x7225, 0x7225, 0x7225, 0x7225, 0x7225, 0xA326, 0xA326, 0xA326, 0xA326,
  0xA326, 0xA326, 0xA326, 0xA326, 0xA326, 0xA326, 0xA326, 0xA326, 0xA326, 0xA326, 0xA326, 0xA326,
  0xA326, 0xA326, 0xA326, 0xA326, 0xA326, 0xA326, 0xA326, 0xA326, 0xA326, 0xA326, 0xA326, 0xA326,
  0xA326, 0xA326, 0xA326, 0xA326, 0xA326, 0xA326, 0xA326, 0xA326, 0xA326, 0xA326, 0xA326, 0xA326,
  0xA326, 0xA326, 0xA326, 0xA326, 0xA326, 0xA326, 0xA326, 0xA326, 0xA326, 0xA326, 0xA326, 0xA326,
  0xA326, 0xA326, 0x51A3, 0x51A3, 0x7225, 0x7225, 0x7225, 0x7225, 0xAC4C, 0xAC4C, 0xC570, 0xC570,
  0xC570, 0xC570, 0xC570, 0xC570, 0xD5F3, 0xD5F3, 0xD5F3, 0xD5F3, 0xD5F3, 0xD5F3, 0xD5F3, 0xD5F3,
  0xD5F3, 0xD5F3, 0xD5F3, 0xD5F3, 0xD5F3, 0xD5F3, 0xD5F3, 0xD5F3, 0xD5F3, 0xD5F3, 0xD5F3, 0xD5F3,
  0xD5F3, 0xD5F3, 0xD5F3, 0xD5F3, 0xD5F3, 0xD5F3, 0xD5F3, 0xD5F3, 0xD5F3, 0xD5F3, 0xD5F3, 0xD5F3,
  0xD5F3, 0xD5F3, 0xD5F3, 0xD5F3, 0xD5F3, 0xD5F3, 0xD5F3, 0xD5F3, 0xD5F3, 0xD5F3, 0xD5F3, 0xD5F3,
  0xD5F3, 0xD5F3, 0xD5F3, 0xD5F3, 0xD5F3, 0xD5F3, 0xD5F3, 0xD5F3, 0xD5F3, 0xD5F3, 0xD5F3, 0xD5F3,
  0xD5F3, 0xD5F3, 0xD5F3, 0xD5F3, 0xD5F3, 0xD5F3, 0xD5F3, 0xD5F3, 0xD5F3, 0xD5F3, 0xD5F3, 0xD5F3,
  0xD5F3, 0xD5F3, 0xD5F3, 0xD5F3, 0xD5F3, 0xD5F3, 0xD5F3, 0xD5F3, 0xD5F3, 0xD5F3, 0xD5F3, 0xD5F3,
  0xD5F3, 0xD5F3, 0xD5F3, 0xD5F3, 0xD5F3, 0xD5F3, 0xD5F3, 0xD5F3, 0xD5F3, 0xD5F3, 0xD5F3, 0xD5F3,
  0xD5F3, 0xD5F3, 0xD5F3, 0xD5F3, 0xD5F3, 0xD5F3, 0xD5F3, 0xD5F3, 0xD5F3, 0xD5F3, 0xC570, 0xC570,
  0xC570, 0xC570, 0xD5F3, 0xD5F3, 0xD5F3, 0xD5F3, 0xC570, 0xC570, 0xA326, 0xA326, 0xCC28, 0xCC28,
  0xCC28, 0xCC28, 0xCC28, 0xCC28, 0xCC28, 0xCC28, 0xCC28, 0xCC28, 0xCC28, 0xCC28, 0xCC28, 0xCC28,
  0xCC28, 0xCC28, 0xCC28, 0xCC28, 0xCC28, 0xCC28, 0xCC28, 0xCC28, 0xCC28, 0xCC28, 0xCC28, 0xCC28,
  0xA326, 0xA326, 0xA326, 0xA326, 0xA326, 0xA326, 0xCC28, 0xCC28, 0xCC28, 0xCC28, 0xCC28, 0xCC28,
  0xA326, 0xA326, 0xA326, 0xA326, 0xA326, 0xA326, 0x7225, 0x7225, 0x7225, 0x7225, 0x7225, 0x7225,
  0x7225, 0x7225, 0x7225, 0x7225, 0x7225, 0x7225, 0xA326, 0xA326, 0xA326, 0xA326, 0xA326, 0xA326,
  0xA326, 0xA326, 0xA326, 0xA326, 0xA326, 0xA326, 0xA326, 0xA326, 0xA326, 0xA326, 0xA326, 0xA326,
  0xA326, 0xA326, 0xA326, 0xA326, 0xA326, 0xA326, 0xA326, 0xA326, 0xA326, 0xA326, 0xA326, 0xA326,
  0xA326, 0xA326, 0xA326, 0xA326, 0xA326, 0xA326, 0xA326, 0xA326, 0xA326, 0xA326, 0xA326, 0xA326,
  0xA326, 0xA326, 0xA326, 0xA326, 0xA326, 0xA326, 0xA326, 0xA326, 0xA326, 0xA326, 0x7225, 0x7225,
  0xA326, 0xA326, 0x51A3, 0x51A3, 0x7225, 0x7225, 0x7225, 0x7225, 0xA3A9, 0xA3A9, 0xC570, 0xC570,
  0xC570, 0xC570, 0xD5F3, 0xD5F3, 0xD5F3, 0xD5F3, 0xD5F3, 0xD5F3, 0xD5F3, 0xD5F3, 0xD5F3, 0xD5F3,
  0xD5F3, 0xD5F3, 0xD5F3, 0xD5F3, 0xD5F3, 0xD5F3, 0xD5F3, 0xD5F3, 0xD5F3, 0xD5F3, 0xD5F3, 0xD5F3,
  0xD5F3, 0xD5F3, 0xD5F3, 0xD5F3, 0xD5F3, 0xD5F3, 0xD5F3, 0xD5F3, 0xD5F3, 0xD5F3, 0xD5F3, 0xD5F3,
  0xD5F3, 0xD5F3, 0xD5F3, 0xD5F3, 0xD5F3, 0xD5F3, 0xD5F3, 0xD5F3, 0xD5F3, 0xD5F3, 0xD5F3, 0xD5F3,
  0xD5F3, 0xD5F3, 0xD5F3, 0xD5F3, 0xD5F3, 0xD5F3, 0xD5F3, 0xD5F3, 0xD5F3, 0xD5F3, 0xD5F3, 0xD5F3,
  0xD5F3, 0xD5F3, 0xD5F3, 0xD5F3, 0xD5F3, 0xD5F3, 0xD5F3, 0xD5F3, 0xD5F3, 0xD5F3, 0xD5F3, 0xD5F3,
  0xD5F3, 0xD5F3, 0xD5F3, 0xD5F3, 0xD5F3, 0xD5F3, 0xD5F3, 0xD5F3, 0xD5F3, 0xD5F3, 0xD5F3, 0xD5F3,
  0xD5F3, 0xD5F3, 0xD5F3, 0xD5F3, 0xD5F3, 0xD5F3, 0xD5F3, 0xD5F3, 0xD5F3, 0xD5F3, 0xD5F3, 0xD5F3,
  0xD5F3, 0xD5F3, 0xD5F3, 0xD5F3, 0xD5F3, 0xD5F3, 0xD5F3, 0xD5F3, 0xD5F3, 0xD5F3, 0xC570, 0xC570,
  0xC570, 0xC570, 0xD5F3, 0xD5F3, 0xD5F3, 0xD5F3, 0xC570, 0xC570, 0xA326, 0xA326, 0xCC28, 0xCC28,
  0xCC28, 0xCC28, 0xCC28, 0xCC28, 0xCC28, 0xCC28, 0xCC28, 0xCC28, 0xCC28, 0xCC28, 0xCC28, 0xCC28,
  0xCC28, 0xCC28, 0xCC28, 0xCC28, 0xCC28, 0xCC28, 0xCC28, 0xCC28, 0xCC28, 0xCC28, 0xCC28, 0xCC28,
  0xA326, 0xA326, 0xA326, 0xA326, 0xA326, 0xA326, 0xCC28, 0xCC28, 0xCC28, 0xCC28, 0xCC28, 0xCC28,
  0xA326, 0xA326, 0xA326, 0xA326, 0xA326, 0xA326, 0x7225, 0x7225, 0x7225, 0x7225, 0x7225, 0x7225,
  0x7225, 0x7225, 0x7225, 0x7225, 0x7225, 0x7225, 0xA326, 0xA326, 0xA326, 0xA326, 0xA326, 0xA326,
  0xA326, 0xA326, 0xA326, 0xA326, 0xA326, 0xA326, 0xA326, 0xA326, 0xA326, 0xA326, 0xA326, 0xA326,
  0xA326, 0xA326, 0xA326, 0xA326, 0xA326, 0xA326, 0xA326, 0xA326, 0xA326, 0xA326, 0xA326, 0xA326,
  0xA326, 0xA326, 0xA326, 0xA326, 0xA326, 0xA326, 0xA326, 0xA326, 0xA326, 0xA326, 0xA326, 0xA326,
  0xA326, 0xA326, 0xA326, 0xA326, 0xA326, 0xA326, 0xA326, 0xA326, 0xA326, 0xA326, 0x7225, 0x7225,
  0xA326, 0xA326, 0x51A3, 0x51A3, 0x7225, 0x7225, 0x7225, 0x7225, 0xA3A9, 0xA3A9, 0xC570, 0xC570,
  0xC570, 0xC570, 0xD5F3, 0xD5F3, 0xD5F3, 0xD5F3, 0xD5F3, 0xD5F3, 0xD5F3, 0xD5F3, 0xD5F3, 0xD5F3,
  0xD5F3, 0xD5F3, 0xD5F3, 0xD5F3, 0xD5F3, 0xD5F3, 0xD5F3, 0xD5F3, 0xD5F3, 0xD5F3, 0xD5F3, 0xD5F3,
  0xD5F3, 0xD5F3, 0xD5F3, 0xD5F3, 0xD5F3, 0xD5F3, 0xD5F3, 0xD5F3, 0xD5F3, 0xD5F3, 0xD5F3, 0xD5F3,
  0xD5F3, 0xD5F3, 0xD5F3, 0xD5F3, 0xD5F3, 0xD5F3, 0xD5F3, 0xD5F3, 0xD5F3, 0xD5F3, 0xD5F3, 0xD5F3,
  0xD5F3, 0xD5F3, 0xD5F3, 0xD5F3, 0xD5F3, 0xD5F3, 0xD5F3, 0xD5F3, 0xD5F3, 0xD5F3, 0xD5F3, 0xD5F3,
  0xD5F3, 0xD5F3, 0xD5F3, 0xD5F3, 0xD5F3, 0xD5F3, 0xD5F3, 0xD5F3, 0xD5F3, 0xD5F3, 0xD5F3, 0xD5F3,
  0xD5F3, 0xD5F3, 0xD5F3, 0xD5F3, 0xD5F3, 0xD5F3, 0xD5F3, 0xD5F3, 0xD5F3, 0xD5F3, 0xD5F3, 0xD5F3,
  0xD5F3, 0xD5F3, 0xD5F3, 0xD5F3, 0xD5F3, 0xD5F3, 0xD5F3, 0xD5F3, 0xD5F3, 0xD5F3, 0xD5F3, 0xD5F3,
  0xD5F3, 0xD5F3, 0xD5F3, 0xD5F3, 0xD5F3, 0xD5F3, 0xD5F3, 0xD5F3, 0xD5F3, 0xD5F3, 0xD5F3, 0xD5F3,
  0xD5F3, 0xD5F3, 0xD5F3, 0xD5F3, 0xD5F3, 0xD5F3, 0xC570, 0xC570, 0xA326, 0xA326, 0xCC28, 0xCC28,
  0xCC28, 0xCC28, 0xCC28, 0xCC28, 0xCC28, 0xCC28, 0xCC28, 0xCC28, 0xCC28, 0xCC28, 0xCC28, 0xCC28,
  0xCC28, 0xCC28, 0xCC28, 0xCC28, 0xCC28, 0xCC28, 0xCC28, 0xCC28, 0xCC28, 0xCC28, 0xCC28, 0xCC28,
  0xCC28, 0xCC28, 0xA326, 0xA326, 0xA326, 0xA326, 0xA326, 0xA326, 0xA326, 0xA326, 0xCC28, 0xCC28,
  0xA326, 0xA326, 0x7225, 0x7225, 0x7225, 0x7225, 0x51A3, 0x51A3, 0x7225, 0x7225, 0x7225, 0x7225,
  0x7225, 0x7225, 0xA326, 0xA326, 0xA326, 0xA326, 0xA326, 0xA326, 0xA326, 0xA326, 0xA326, 0xA326,
  0xA326, 0xA326, 0xA326, 0xA326, 0xA326, 0xA326, 0xA326, 0xA326, 0xA326, 0xA326, 0xA326, 0xA326,
  0xA326, 0xA326, 0xA326, 0xA326, 0xA326, 0xA326, 0xA326, 0xA326, 0xA326, 0xA326, 0xA326, 0xA326,
  0xA326, 0xA326, 0xA326, 0xA326, 0xA326, 0xA326, 0xA326, 0xA326, 0xA326, 0xA326, 0xA326, 0xA326,
  0xA326, 0xA326, 0xA326, 0xA326, 0xA326, 0xA326, 0xA326, 0xA326, 0x7225, 0x7225, 0x51A3, 0x51A3,
  0x7225, 0x7225, 0x51A3, 0x51A3, 0x7225, 0x7225, 0x7225, 0x7225, 0xAC4C, 0xAC4C, 0xC570, 0xC570,
  0xC570, 0xC570, 0xD5F3, 0xD5F3, 0xD5F3, 0xD5F3, 0xD5F3, 0xD5F3, 0xD5F3, 0xD5F3, 0xD5F3, 0xD5F3,
  0xD5F3, 0xD5F3, 0xD5F3, 0xD5F3, 0xD5F3, 0xD5F3, 0xD5F3, 0xD5F3, 0xD5F3, 0xD5F3, 0xD5F3, 0xD5F3,
  0xD5F3, 0xD5F3, 0xD5F3, 0xD5F3, 0xD5F3, 0xD5F3, 0xD5F3, 0xD5F3, 0xD5F3, 0xD5F3, 0xC570, 0xC570,
  0xC570, 0xC570, 0xD5F3, 0xD5F3, 0xD5F3, 0xD5F3, 0xD5F3, 0xD5F3, 0xD5F3, 0xD5F3, 0xD5F3, 0xD5F3,
  0xD5F3, 0xD5F3, 0xD5F3, 0xD5F3, 0xD5F3, 0xD5F3, 0xD5F3, 0xD5F3, 0xD5F3, 0xD5F3, 0xD5F3, 0xD5F3,
  0xD5F3, 0xD5F3, 0xD5F3, 0xD5F3, 0xD5F3, 0xD5F3, 0xD5F3, 0xD5F3, 0xD5F3, 0xD5F3, 0xD5F3, 0xD5F3,
  0xD5F3, 0xD5F3, 0xD5F3, 0xD5F3, 0xD5F3, 0xD5F3, 0xD5F3, 0xD5F3, 0xD5F3, 0xD5F3, 0xD5F3, 0xD5F3,
  0xD5F3, 0xD5F3, 0xD5F3, 0xD5F3, 0xD5F3, 0xD5F3, 0xD5F3, 0xD5F3, 0xD5F3, 0xD5F3, 0xD5F3, 0xD5F3,
  0xD5F3, 0xD5F3, 0xD5F3, 0xD5F3, 0xD5F3, 0xD5F3, 0xD5F3, 0xD5F3, 0xD5F3, 0xD5F3, 0xD5F3, 0xD5F3,
  0xD5F3, 0xD5F3, 0xD5F3, 0xD5F3, 0xD5F3, 0xD5F3, 0xC570, 0xC570, 0xA326, 0xA326, 0xCC28, 0xCC28,
  0xCC28, 0xCC28, 0xCC28, 0xCC28, 0xCC28, 0xCC28, 0xCC28, 0xCC28, 0xCC28, 0xCC28, 0xCC28, 0xCC28,
  0xCC28, 0xCC28, 0xCC28, 0xCC28, 0xCC28, 0xCC28, 0xCC28, 0xCC28, 0xCC28, 0xCC28, 0xCC28, 0xCC28,
  0xCC28, 0xCC28, 0xA326, 0xA326, 0xA326, 0xA326, 0xA326, 0xA326, 0xA326, 0xA326, 0xCC28, 0xCC28,
  0xA326, 0xA326, 0x7225, 0x7225, 0x7225, 0x7225, 0x51A3, 0x51A3, 0x7225, 0x7225, 0x7225, 0x7225,
  0x7225, 0x7225, 0xA326, 0xA326, 0xA326, 0xA326, 0xA326, 0xA326, 0xA326, 0xA326, 0xA326, 0xA326,
  0xA326, 0xA326, 0xA326, 0xA326, 0xA326, 0xA326, 0xA326, 0xA326, 0xA326, 0xA326, 0xA326, 0xA326,
  0xA326, 0xA326, 0xA326, 0xA326, 0xA326, 0xA326, 0xA326, 0xA326, 0xA326, 0xA326, 0xA326, 0xA326,
  0xA326, 0xA326, 0xA326, 0xA326, 0xA326, 0xA326, 0xA326, 0xA326, 0xA326, 0xA326, 0xA326, 0xA326,
  0xA326, 0xA326, 0xA326, 0xA326, 0xA326, 0xA326, 0xA326, 0xA326, 0x7225, 0x7225, 0x51A3, 0x51A3,
  0x7225, 0x7225, 0x51A3, 0x51A3, 0x7225, 0x7225, 0x7225, 0x7225, 0xAC4C, 0xAC4C, 0xC570, 0xC570,
  0xC570, 0xC570, 0xD5F3, 0xD5F3, 0xD5F3, 0xD5F3, 0xD5F3, 0xD5F3, 0xD5F3, 0xD5F3, 0xD5F3, 0xD5F3,
  0xD5F3, 0xD5F3, 0xD5F3, 0xD5F3, 0xD5F3, 0xD5F3, 0xD5F3, 0xD5F3, 0xD5F3, 0xD5F3, 0xD5F3, 0xD5F3,
  0xD5F3, 0xD5F3, 0xD5F3, 0xD5F3, 0xD5F3, 0xD5F3, 0xD5F3, 0xD5F3, 0xD5F3, 0xD5F3, 0xC570, 0xC570,
  0xC570, 0xC570, 0xD5F3, 0xD5F3, 0xD5F3, 0xD5F3, 0xD5F3, 0xD5F3, 0xD5F3, 0xD5F3, 0xD5F3, 0xD5F3,
  0xD5F3, 0xD5F3, 0xD5F3, 0xD5F3, 0xD5F3, 0xD5F3, 0xD5F3, 0xD5F3, 0xD5F3, 0xD5F3, 0xD5F3, 0xD5F3,
  0xD5F3, 0xD5F3, 0xD5F3, 0xD5F3, 0xD5F3, 0xD5F3, 0xD5F3, 0xD5F3, 0xD5F3, 0xD5F3, 0xD5F3, 0xD5F3,
  0xD5F3, 0xD5F3, 0xD5F3, 0xD5F3, 0xD5F3, 0xD5F3, 0xD5F3, 0xD5F3, 0xD5F3, 0xD5F3, 0xD5F3, 0xD5F3,
  0xD5F3, 0xD5F3, 0xD5F3, 0xD5F3, 0xD5F3, 0xD5F3, 0xD5F3, 0xD5F3, 0xD5F3, 0xD5F3, 0xD5F3, 0xD5F3,
  0xD5F3, 0xD5F3, 0xD5F3, 0xD5F3, 0xD5F3, 0xD5F3, 0xD5F3, 0xD5F3, 0xD5F3, 0xD5F3, 0xD5F3, 0xD5F3,
  0xD5F3, 0xD5F3, 0xD5F3, 0xD5F3, 0xD5F3, 0xD5F3, 0xC570, 0xC570, 0xA326, 0xA326, 0xCC28, 0xCC28,
  0xCC28, 0xCC28, 0xCC28, 0xCC28, 0xCC28, 0xCC28, 0xCC28, 0xCC28, 0xCC28, 0xCC28, 0xCC28, 0xCC28,
  0xCC28, 0xCC28, 0xCC28, 0xCC28, 0xCC28, 0xCC28, 0xCC28, 0xCC28, 0xCC28, 0xCC28, 0xCC28, 0xCC28,
  0xCC28, 0xCC28, 0xCC28, 0xCC28, 0xCC28, 0xCC28, 0xA326, 0xA326, 0xA326, 0xA326, 0xA326, 0xA326,
  0x7225, 0x7225, 0x51A3, 0x51A3, 0x7225, 0x7225, 0x7225, 0x7225, 0x7225, 0x7225, 0xA326, 0xA326,
  0xA326, 0xA326, 0xA326, 0xA326, 0xA326, 0xA326, 0xA326, 0xA326, 0xA326, 0xA326, 0xA326, 0xA326,
  0xA326, 0xA326, 0xA326, 0xA326, 0xA326, 0xA326, 0xA326, 0xA326, 0xA326, 0xA326, 0xA326, 0xA326,
  0xA326, 0xA326, 0xA326, 0xA326, 0xA326, 0xA326, 0xA326, 0xA326, 0xA326, 0xA326, 0xA326, 0xA326,
  0xA326, 0xA326, 0xA326, 0xA326, 0xA326, 0xA326, 0xA326, 0xA326, 0xA326, 0xA326, 0xA326, 0xA326,
  0xA326, 0xA326, 0xA326, 0xA326, 0xA326, 0xA326, 0xA326, 0xA326, 0x7225, 0x7225, 0x51A3, 0x51A3,
  0x7225, 0x7225, 0x51A3, 0x51A3, 0xA326, 0xA326, 0x7225, 0x7225, 0xA3A9, 0xA3A9, 0xC570, 0xC570,
  0xC570, 0xC570, 0xD5F3, 0xD5F3, 0xD5F3, 0xD5F3, 0xD5F3, 0xD5F3, 0xD5F3, 0xD5F3, 0xD5F3, 0xD5F3,
  0xD5F3, 0xD5F3, 0xD5F3, 0xD5F3, 0xD5F3, 0xD5F3, 0xD5F3, 0xD5F3, 0xD5F3, 0xD5F3, 0xD5F3, 0xD5F3,
  0xD5F3, 0xD5F3, 0xD5F3, 0xD5F3, 0xD5F3, 0xD5F3, 0xD5F3, 0xD5F3, 0xD5F3, 0xD5F3, 0xC570, 0xC570,
  0xC570, 0xC570, 0xD5F3, 0xD5F3, 0xD5F3, 0xD5F3, 0xD5F3, 0xD5F3, 0xD5F3, 0xD5F3, 0xD5F3, 0xD5F3,
  0xD5F3, 0xD5F3, 0xD5F3, 0xD5F3, 0xD5F3, 0xD5F3, 0xD5F3, 0xD5F3, 0xD5F3, 0xD5F3, 0xD5F3, 0xD5F3,
  0xD5F3, 0xD5F3, 0xD5F3, 0xD5F3, 0xD5F3, 0xD5F3, 0xD5F3, 0xD5F3, 0xD5F3, 0xD5F3, 0xD5F3, 0xD5F3,
  0xD5F3, 0xD5F3, 0xD5F3, 0xD5F3, 0xD5F3, 0xD5F3, 0xD5F3, 0xD5F3, 0xD5F3, 0xD5F3, 0xD5F3, 0xD5F3,
  0xD5F3, 0xD5F3, 0xD5F3, 0xD5F3, 0xD5F3, 0xD5F3, 0xD5F3, 0xD5F3, 0xD5F3, 0xD5F3, 0xD5F3, 0xD5F3,
  0xD5F3, 0xD5F3, 0xD5F3, 0xD5F3, 0xD5F3, 0xD5F3, 0xD5F3, 0xD5F3, 0xD5F3, 0xD5F3, 0xD5F3, 0xD5F3,
  0xD5F3, 0xD5F3, 0xD5F3, 0xD5F3, 0xD5F3, 0xD5F3, 0xC570, 0xC570, 0xA326, 0xA326, 0xCC28, 0xCC28,
  0xCC28, 0xCC28, 0xCC28, 0xCC28, 0xCC28, 0xCC28, 0xCC28, 0xCC28, 0xCC28, 0xCC28, 0xCC28, 0xCC28,
  0xCC28, 0xCC28, 0xCC28, 0xCC28, 0xCC28, 0xCC28, 0xCC28, 0xCC28, 0xCC28, 0xCC28, 0xCC28, 0xCC28,
  0xCC28, 0xCC28, 0xCC28, 0xCC28, 0xCC28, 0xCC28, 0xA326, 0xA326, 0xA326, 0xA326, 0xA326, 0xA326,
  0x7225, 0x7225, 0x51A3, 0x51A3, 0x7225, 0x7225, 0x7225, 0x7225, 0x7225, 0x7225, 0xA326, 0xA326,
  0xA326, 0xA326, 0xA326, 0xA326, 0xA326, 0xA326, 0xA326, 0xA326, 0xA326, 0xA326, 0xA326, 0xA326,
  0xA326, 0xA326, 0xA326, 0xA326, 0xA326, 0xA326, 0xA326, 0xA326, 0xA326, 0xA326, 0xA326, 0xA326,
  0xA326, 0xA326, 0xA326, 0xA326, 0xA326, 0xA326, 0xA326, 0xA326, 0xA326, 0xA326, 0xA326, 0xA326,
  0xA326, 0xA326, 0xA326, 0xA326, 0xA326, 0xA326, 0xA326, 0xA326, 0xA326, 0xA326, 0xA326, 0xA326,
  0xA326, 0xA326, 0xA326, 0xA326, 0xA326, 0xA326, 0xA326, 0xA326, 0x7225, 0x7225, 0x51A3, 0x51A3,
  0x7225, 0x7225, 0x51A3, 0x51A3, 0xA326, 0xA326, 0x7225, 0x7225, 0xA3A9, 0xA3A9, 0xC570, 0xC570,
  0xC570, 0xC570, 0xD5F3, 0xD5F3, 0xD5F3, 0xD5F3, 0xD5F3, 0xD5F3, 0xD5F3, 0xD5F3, 0xD5F3, 0xD5F3,
  0xD5F3, 0xD5F3, 0xD5F3, 0xD5F3, 0xD5F3, 0xD5F3, 0xD5F3, 0xD5F3, 0xD5F3, 0xD5F3, 0xD5F3, 0xD5F3,
  0xD5F3, 0xD5F3, 0xD5F3, 0xD5F3, 0xD5F3, 0xD5F3, 0xD5F3, 0xD5F3, 0xD5F3, 0xD5F3, 0xC570, 0xC570,
  0xC570, 0xC570, 0xD5F3, 0xD5F3, 0xD5F3, 0xD5F3, 0xD5F3, 0xD5F3, 0xD5F3, 0xD5F3, 0xD5F3, 0xD5F3,
  0xD5F3, 0xD5F3, 0xD5F3, 0xD5F3, 0xD5F3, 0xD5F3, 0xD5F3, 0xD5F3, 0xD5F3, 0xD5F3, 0xD5F3, 0xD5F3,
  0xD5F3, 0xD5F3, 0xD5F3, 0xD5F3, 0xD5F3, 0xD5F3, 0xD5F3, 0xD5F3, 0xD5F3, 0xD5F3, 0xD5F3, 0xD5F3,
  0xD5F3, 0xD5F3, 0xD5F3, 0xD5F3, 0xD5F3, 0xD5F3, 0xD5F3, 0xD5F3, 0xD5F3, 0xD5F3, 0xD5F3, 0xD5F3,
  0xD5F3, 0xD5F3, 0xD5F3, 0xD5F3, 0xD5F3, 0xD5F3, 0xD5F3, 0xD5F3, 0xD5F3, 0xD5F3, 0xD5F3, 0xD5F3,
  0xD5F3, 0xD5F3, 0xD5F3, 0xD5F3, 0xD5F3, 0xD5F3, 0xD5F3, 0xD5F3, 0xD5F3, 0xD5F3, 0xD5F3, 0xD5F3,
  0xD5F3, 0xD5F3, 0xD5F3, 0xD5F3, 0xD5F3, 0xD5F3, 0xC570, 0xC570, 0xA326, 0xA326, 0xCC28, 0xCC28,
  0xCC28, 0xCC28, 0xCC28, 0xCC28, 0xCC28, 0xCC28, 0xCC28, 0xCC28, 0xCC28, 0xCC28, 0xCC28, 0xCC28,
  0xCC28, 0xCC28, 0xCC28, 0xCC28, 0xCC28, 0xCC28, 0xCC28, 0xCC28, 0xCC28, 0xCC28, 0xCC28, 0xCC28,
  0xCC28, 0xCC28, 0xCC28, 0xCC28, 0xCC28, 0xCC28, 0xCC28, 0xCC28, 0xCC28, 0xCC28, 0xCC28, 0xCC28,
  0xA326, 0xA326, 0x7225, 0x7225, 0x7225, 0x7225, 0xA326, 0xA326, 0xA326, 0xA326, 0xA326, 0xA326,
  0xA326, 0xA326, 0xA326, 0xA326, 0xA326, 0xA326, 0xA326, 0xA326, 0xA326, 0xA326, 0xA326, 0xA326,
  0xA326, 0xA326, 0xA326, 0xA326, 0xA326, 0xA326, 0xA326, 0xA326, 0xA326, 0xA326, 0xA326, 0xA326,
  0xA326, 0xA326, 0xA326, 0xA326, 0xA326, 0xA326, 0xA326, 0xA326, 0xA326, 0xA326, 0xA326, 0xA326,
  0xA326, 0xA326, 0xA326, 0xA326, 0xA326, 0xA326, 0xA326, 0xA326, 0xA326, 0xA326, 0xA326, 0xA326,
  0xA326, 0xA326, 0xA326, 0xA326, 0xA326, 0xA326, 0xA326, 0xA326, 0x7225, 0x7225, 0x51A3, 0x51A3,
  0x7225, 0x7225, 0x51A3, 0x51A3, 0xA326, 0xA326, 0x7225, 0x7225, 0xAC4C, 0xAC4C, 0xC570, 0xC570,
  0xC570, 0xC570, 0xD5F3, 0xD5F3, 0xD5F3, 0xD5F3, 0xD5F3, 0xD5F3, 0xD5F3, 0xD5F3, 0xD5F3, 0xD5F3,
  0xD5F3, 0xD5F3, 0xD5F3, 0xD5F3, 0xD5F3, 0xD5F3, 0xD5F3, 0xD5F3, 0xD5F3, 0xD5F3, 0xD5F3, 0xD5F3,
  0xD5F3, 0xD5F3, 0xD5F3, 0xD5F3, 0xD5F3, 0xD5F3, 0xD5F3, 0xD5F3, 0xD5F3, 0xD5F3, 0xD5F3, 0xD5F3,
  0xD5F3, 0xD5F3, 0xD5F3, 0xD5F3, 0xD5F3, 0xD5F3, 0xD5F3, 0xD5F3, 0xD5F3, 0xD5F3, 0xD5F3, 0xD5F3,
  0xD5F3, 0xD5F3, 0xD5F3, 0xD5F3, 0xD5F3, 0xD5F3, 0xD5F3, 0xD5F3, 0xD5F3, 0xD5F3, 0xD5F3, 0xD5F3,
  0xD5F3, 0xD5F3, 0xD5F3, 0xD5F3, 0xD5F3, 0xD5F3, 0xD5F3, 0xD5F3, 0xD5F3, 0xD5F3, 0xD5F3, 0xD5F3,
  0xD5F3, 0xD5F3, 0xD5F3, 0xD5F3, 0xD5F3, 0xD5F3, 0xD5F3, 0xD5F3, 0xD5F3, 0xD5F3, 0xD5F3, 0xD5F3,
  0xD5F3, 0xD5F3, 0xD5F3, 0xD5F3, 0xD5F3, 0xD5F3, 0xD5F3, 0xD5F3, 0xD5F3, 0xD5F3, 0xD5F3, 0xD5F3,
  0xD5F3, 0xD5F3, 0xD5F3, 0xD5F3, 0xD5F3, 0xD5F3, 0xD5F3, 0xD5F3, 0xD5F3, 0xD5F3, 0xD5F3, 0xD5F3,
  0xD5F3, 0xD5F3, 0xD5F3, 0xD5F3, 0xD5F3, 0xD5F3, 0xC570, 0xC570, 0xA326, 0xA326, 0xCC28, 0xCC28,
  0xCC28, 0xCC28, 0xCC28, 0xCC28, 0xCC28, 0xCC28, 0xCC28, 0xCC28, 0xCC28, 0xCC28, 0xCC28, 0xCC28,
  0xCC28, 0xCC28, 0xCC28, 0xCC28, 0xCC28, 0xCC28, 0xCC28, 0xCC28, 0xCC28, 0xCC28, 0xCC28, 0xCC28,
  0xCC28, 0xCC28, 0xCC28, 0xCC28, 0xCC28, 0xCC28, 0xCC28, 0xCC28, 0xCC28, 0xCC28, 0xCC28, 0xCC28,
  0xA326, 0xA326, 0x7225, 0x7225, 0x7225, 0x7225, 0xA326, 0xA326, 0xA326, 0xA326, 0xA326, 0xA326,
  0xA326, 0xA326, 0xA326, 0xA326, 0xA326, 0xA326, 0xA326, 0xA326, 0xA326, 0xA326, 0xA326, 0xA326,
  0xA326, 0xA326, 0xA326, 0xA326, 0xA326, 0xA326, 0xA326, 0xA326, 0xA326, 0xA326, 0xA326, 0xA326,
  0xA326, 0xA326, 0xA326, 0xA326, 0xA326, 0xA326, 0xA326, 0xA326, 0xA326, 0xA326, 0xA326, 0xA326,
  0xA326, 0xA326, 0xA326, 0xA326, 0xA326, 0xA326, 0xA326, 0xA326, 0xA326, 0xA326, 0xA326, 0xA326,
  0xA326, 0xA326, 0xA326, 0xA326, 0xA326, 0xA326, 0xA326, 0xA326, 0x7225, 0x7225, 0x51A3, 0x51A3,
  0x7225, 0x7225, 0x51A3, 0x51A3, 0xA326, 0xA326, 0x7225, 0x7225, 0xAC4C, 0xAC4C, 0xC570, 0xC570,
  0xC570, 0xC570, 0xD5F3, 0xD5F3, 0xD5F3, 0xD5F3, 0xD5F3, 0xD5F3, 0xD5F3, 0xD5F3, 0xD5F3, 0xD5F3,
  0xD5F3, 0xD5F3, 0xD5F3, 0xD5F3, 0xD5F3, 0xD5F3, 0xD5F3, 0xD5F3, 0xD5F3, 0xD5F3, 0xD5F3, 0xD5F3,
  0xD5F3, 0xD5F3, 0xD5F3, 0xD5F3, 0xD5F3, 0xD5F3, 0xD5F3, 0xD5F3, 0xD5F3, 0xD5F3, 0xD5F3, 0xD5F3,
  0xD5F3, 0xD5F3, 0xD5F3, 0xD5F3, 0xD5F3, 0xD5F3, 0xD5F3, 0xD5F3, 0xD5F3, 0xD5F3, 0xD5F3, 0xD5F3,
  0xD5F3, 0xD5F3, 0xD5F3, 0xD5F3, 0xD5F3, 0xD5F3, 0xD5F3, 0xD5F3, 0xD5F3, 0xD5F3, 0xD5F3, 0xD5F3,
  0xD5F3, 0xD5F3, 0xD5F3, 0xD5F3, 0xD5F3, 0xD5F3, 0xD5F3, 0xD5F3, 0xD5F3, 0xD5F3, 0xD5F3, 0xD5F3,
  0xD5F3, 0xD5F3, 0xC570, 0xC570, 0xD5F3, 0xD5F3, 0xD5F3, 0xD5F3, 0xD5F3, 0xD5F3, 0xD5F3, 0xD5F3,
  0xD5F3, 0xD5F3, 0xD5F3, 0xD5F3, 0xD5F3, 0xD5F3, 0xD5F3, 0xD5F3, 0xD5F3, 0xD5F3, 0xD5F3, 0xD5F3,
  0xD5F3, 0xD5F3, 0xD5F3, 0xD5F3, 0xD5F3, 0xD5F3, 0xD5F3, 0xD5F3, 0xD5F3, 0xD5F3, 0xD5F3, 0xD5F3,
  0xD5F3, 0xD5F3, 0xD5F3, 0xD5F3, 0xD5F3, 0xD5F3, 0xC570, 0xC570, 0xA326, 0xA326, 0xCC28, 0xCC28,
  0xCC28, 0xCC28, 0xCC28, 0xCC28, 0xCC28, 0xCC28, 0xCC28, 0xCC28, 0xCC28, 0xCC28, 0xCC28, 0xCC28,
  0xCC28, 0xCC28, 0xCC28, 0xCC28, 0xCC28, 0xCC28, 0xCC28, 0xCC28, 0xCC28, 0xCC28, 0xCC28, 0xCC28,
  0xCC28, 0xCC28, 0xCC28, 0xCC28, 0xCC28, 0xCC28, 0xCC28, 0xCC28, 0xCC28, 0xCC28, 0xCC28, 0xCC28,
  0xA326, 0xA326, 0x7225, 0x7225, 0x7225, 0x7225, 0xA326, 0xA326, 0xA326, 0xA326, 0xA326, 0xA326,
  0xA326, 0xA326, 0xA326, 0xA326, 0xA326, 0xA326, 0xA326, 0xA326, 0xA326, 0xA326, 0xA326, 0xA326,
  0xA326, 0xA326, 0xA326, 0xA326, 0xA326, 0xA326, 0xA326, 0xA326, 0xA326, 0xA326, 0xA326, 0xA326,
  0xA326, 0xA326, 0xA326, 0xA326, 0xA326, 0xA326, 0xA326, 0xA326, 0xA326, 0xA326, 0xA326, 0xA326,
  0xA326, 0xA326, 0xA326, 0xA326, 0xA326, 0xA326, 0xA326, 0xA326, 0xA326, 0xA326, 0xA326, 0xA326,
  0xA326, 0xA326, 0xA326, 0xA326, 0xA326, 0xA326, 0xA326, 0xA326, 0x7225, 0x7225, 0x51A3, 0x51A3,
  0x7225, 0x7225, 0x51A3, 0x51A3, 0x7225, 0x7225, 0x7225, 0x7225, 0x9389, 0x9389, 0xC570, 0xC570,
  0xC570, 0xC570, 0xD5F3, 0xD5F3, 0xD5F3, 0xD5F3, 0xD5F3, 0xD5F3, 0xD5F3, 0xD5F3, 0xD5F3, 0xD5F3,
  0xD5F3, 0xD5F3, 0xD5F3, 0xD5F3, 0xD5F3, 0xD5F3, 0xD5F3, 0xD5F3, 0xD5F3, 0xD5F3, 0xD5F3, 0xD5F3,
  0xD5F3, 0xD5F3, 0xD5F3, 0xD5F3, 0xD5F3, 0xD5F3, 0xD5F3, 0xD5F3, 0xD5F3, 0xD5F3, 0xD5F3, 0xD5F3,
  0xD5F3, 0xD5F3, 0xD5F3, 0xD5F3, 0xD5F3, 0xD5F3, 0xD5F3, 0xD5F3, 0xD5F3, 0xD5F3, 0xD5F3, 0xD5F3,
  0xD5F3, 0xD5F3, 0xD5F3, 0xD5F3, 0xD5F3, 0xD5F3, 0xD5F3, 0xD5F3, 0xD5F3, 0xD5F3, 0xD5F3, 0xD5F3,
  0xD5F3, 0xD5F3, 0xD5F3, 0xD5F3, 0xD5F3, 0xD5F3, 0xD5F3, 0xD5F3, 0xD5F3, 0xD5F3, 0xD5F3, 0xD5F3,
  0xD5F3, 0xD5F3, 0xC570, 0xC570, 0xD5F3, 0xD5F3, 0xD5F3, 0xD5F3, 0xD5F3, 0xD5F3, 0xD5F3, 0xD5F3,
  0xD5F3, 0xD5F3, 0xD5F3, 0xD5F3, 0xD5F3, 0xD5F3, 0xD5F3, 0xD5F3, 0xD5F3, 0xD5F3, 0xD5F3, 0xD5F3,
  0xD5F3, 0xD5F3, 0xD5F3, 0xD5F3, 0xD5F3, 0xD5F3, 0xD5F3, 0xD5F3, 0xD5F3, 0xD5F3, 0xD5F3, 0xD5F3,
  0xD5F3, 0xD5F3, 0xD5F3, 0xD5F3, 0xD5F3, 0xD5F3, 0xC570, 0xC570, 0xA326, 0xA326, 0xCC28, 0xCC28,
  0xCC28, 0xCC28, 0xCC28, 0xCC28, 0xCC28, 0xCC28, 0xCC28, 0xCC28, 0xCC28, 0xCC28, 0xCC28, 0xCC28,
  0xCC28, 0xCC28, 0xCC28, 0xCC28, 0xCC28, 0xCC28, 0xCC28, 0xCC28, 0xCC28, 0xCC28, 0xCC28, 0xCC28,
  0xCC28, 0xCC28, 0xCC28, 0xCC28, 0xCC28, 0xCC28, 0xCC28, 0xCC28, 0xCC28, 0xCC28, 0xCC28, 0xCC28,
  0xA326, 0xA326, 0x7225, 0x7225, 0x7225, 0x7225, 0xA326, 0xA326, 0xA326, 0xA326, 0xA326, 0xA326,
  0xA326, 0xA326, 0xA326, 0xA326, 0xA326, 0xA326, 0xA326, 0xA326, 0xA326, 0xA326, 0xA326, 0xA326,
  0xA326, 0xA326, 0xA326, 0xA326, 0xA326, 0xA326, 0xA326, 0xA326, 0xA326, 0xA326, 0xA326, 0xA326,
  0xA326, 0xA326, 0xA326, 0xA326, 0xA326, 0xA326, 0xA326, 0xA326, 0xA326, 0xA326, 0xA326, 0xA326,
  0xA326, 0xA326, 0xA326, 0xA326, 0xA326, 0xA326, 0xA326, 0xA326, 0xA326, 0xA326, 0xA326, 0xA326,
  0xA326, 0xA326, 0xA326, 0xA326, 0xA326, 0xA326, 0xA326, 0xA326, 0x7225, 0x7225, 0x51A3, 0x51A3,
  0x7225, 0x7225, 0x51A3, 0x51A3, 0x7225, 0x7225, 0x7225, 0x7225, 0x9389, 0x9389, 0xC570, 0xC570,
  0xC570, 0xC570, 0xD5F3, 0xD5F3, 0xD5F3, 0xD5F3, 0xD5F3, 0xD5F3, 0xD5F3, 0xD5F3, 0xD5F3, 0xD5F3,
  0xD5F3, 0xD5F3, 0xD5F3, 0xD5F3, 0xD5F3, 0xD5F3, 0xD5F3, 0xD5F3, 0xD5F3, 0xD5F3, 0xD5F3, 0xD5F3,
  0xD5F3, 0xD5F3, 0xD5F3, 0xD5F3, 0xD5F3, 0xD5F3, 0xD5F3, 0xD5F3, 0xD5F3, 0xD5F3, 0xD5F3, 0xD5F3,
  0xD5F3, 0xD5F3, 0xD5F3, 0xD5F3, 0xD5F3, 0xD5F3, 0xD5F3, 0xD5F3, 0xD5F3, 0xD5F3, 0xD5F3, 0xD5F3,
  0xD5F3, 0xD5F3, 0xD5F3, 0xD5F3, 0xD5F3, 0xD5F3, 0xD5F3, 0xD5F3, 0xD5F3, 0xD5F3, 0xD5F3, 0xD5F3,
  0xD5F3, 0xD5F3, 0xD5F3, 0xD5F3, 0xD5F3, 0xD5F3, 0xD5F3, 0xD5F3, 0xD5F3, 0xD5F3, 0xD5F3, 0xD5F3,
  0xC570, 0xC570, 0xC570, 0xC570, 0xD5F3, 0xD5F3, 0xD5F3, 0xD5F3, 0xD5F3, 0xD5F3, 0xD5F3, 0xD5F3,
  0xD5F3, 0xD5F3, 0xD5F3, 0xD5F3, 0xD5F3, 0xD5F3, 0xD5F3, 0xD5F3, 0xD5F3, 0xD5F3, 0xD5F3, 0xD5F3,
  0xD5F3, 0xD5F3, 0xD5F3, 0xD5F3, 0xD5F3, 0xD5F3, 0xD5F3, 0xD5F3, 0xD5F3, 0xD5F3, 0xD5F3, 0xD5F3,
  0xD5F3, 0xD5F3, 0xD5F3, 0xD5F3, 0xD5F3, 0xD5F3, 0xC570, 0xC570, 0xA326, 0xA326, 0xCC28, 0xCC28,
  0xCC28, 0xCC28, 0xCC28, 0xCC28, 0xCC28, 0xCC28, 0xCC28, 0xCC28, 0xCC28, 0xCC28, 0xCC28, 0xCC28,
  0xCC28, 0xCC28, 0xCC28, 0xCC28, 0xCC28, 0xCC28, 0xCC28, 0xCC28, 0xCC28, 0xCC28, 0xCC28, 0xCC28,
  0xCC28, 0xCC28, 0xCC28, 0xCC28, 0xCC28, 0xCC28, 0xCC28, 0xCC28, 0xCC28, 0xCC28, 0xCC28, 0xCC28,
  0xA326, 0xA326, 0x7225, 0x7225, 0x7225, 0x7225, 0xA326, 0xA326, 0xA326, 0xA326, 0xA326, 0xA326,
  0xA326, 0xA326, 0xA326, 0xA326, 0xA326, 0xA326, 0xA326, 0xA326, 0xA326, 0xA326, 0xA326, 0xA326,
  0xA326, 0xA326, 0xA326, 0xA326, 0xA326, 0xA326, 0xA326, 0xA326, 0xA326, 0xA326, 0xA326, 0xA326,
  0xA326, 0xA326, 0xA326, 0xA326, 0xA326, 0xA326, 0xA326, 0xA326, 0xA326, 0xA326, 0xA326, 0xA326,
  0xA326, 0xA326, 0xA326, 0xA326, 0xA326, 0xA326, 0xA326, 0xA326, 0xA326, 0xA326, 0xA326, 0xA326,
  0xA326, 0xA326, 0xA326, 0xA326, 0xA326, 0xA326, 0xA326, 0xA326, 0x7225, 0x7225, 0x7225, 0x7225,
  0xA326, 0xA326, 0x51A3, 0x51A3, 0x7225, 0x7225, 0xA326, 0xA326, 0x39C6, 0x39C6, 0x5A88, 0x5A88,
  0xAC4C, 0xAC4C, 0xC570, 0xC570, 0xD5F3, 0xD5F3, 0xD5F3, 0xD5F3, 0xD5F3, 0xD5F3, 0xD5F3, 0xD5F3,
  0xD5F3, 0xD5F3, 0xD5F3, 0xD5F3, 0xD5F3, 0xD5F3, 0xD5F3, 0xD5F3, 0xD5F3, 0xD5F3, 0xD5F3, 0xD5F3,
  0xD5F3, 0xD5F3, 0xD5F3, 0xD5F3, 0xD5F3, 0xD5F3, 0xD5F3, 0xD5F3, 0xD5F3, 0xD5F3, 0xD5F3, 0xD5F3,
  0xD5F3, 0xD5F3, 0xD5F3, 0xD5F3, 0xD5F3, 0xD5F3, 0xD5F3, 0xD5F3, 0xD5F3, 0xD5F3, 0xD5F3, 0xD5F3,
  0xD5F3, 0xD5F3, 0xD5F3, 0xD5F3, 0xD5F3, 0xD5F3, 0xD5F3, 0xD5F3, 0xD5F3, 0xD5F3, 0xD5F3, 0xD5F3,
  0xD5F3, 0xD5F3, 0xD5F3, 0xD5F3, 0xD5F3, 0xD5F3, 0xD5F3, 0xD5F3, 0xD5F3, 0xD5F3, 0xD5F3, 0xD5F3,
  0xC570, 0xC570, 0xC570, 0xC570, 0xD5F3, 0xD5F3, 0xD5F3, 0xD5F3, 0xD5F3, 0xD5F3, 0xD5F3, 0xD5F3,
  0xD5F3, 0xD5F3, 0xD5F3, 0xD5F3, 0xD5F3, 0xD5F3, 0xD5F3, 0xD5F3, 0xD5F3, 0xD5F3, 0xD5F3, 0xD5F3,
  0xD5F3, 0xD5F3, 0xD5F3, 0xD5F3, 0xD5F3, 0xD5F3, 0xD5F3, 0xD5F3, 0xD5F3, 0xD5F3, 0xD5F3, 0xD5F3,
  0xD5F3, 0xD5F3, 0xD5F3, 0xD5F3, 0xD5F3, 0xD5F3, 0xC570, 0xC570, 0xA326, 0xA326, 0xCC28, 0xCC28,
  0xCC28, 0xCC28, 0xCC28, 0xCC28, 0xCC28, 0xCC28, 0xCC28, 0xCC28, 0xCC28, 0xCC28, 0xCC28, 0xCC28,
  0xCC28, 0xCC28, 0xCC28, 0xCC28, 0xCC28, 0xCC28, 0xCC28, 0xCC28, 0xCC28, 0xCC28, 0xCC28, 0xCC28,
  0xCC28, 0xCC28, 0xCC28, 0xCC28, 0xCC28, 0xCC28, 0xCC28, 0xCC28, 0xCC28, 0xCC28, 0xCC28, 0xCC28,
  0xA326, 0xA326, 0x7225, 0x7225, 0x7225, 0x7225, 0xA326, 0xA326, 0xA326, 0xA326, 0xA326, 0xA326,
  0xA326, 0xA326, 0xA326, 0xA326, 0xA326, 0xA326, 0xA326, 0xA326, 0xA326, 0xA326, 0xA326, 0xA326,
  0xA326, 0xA326, 0xA326, 0xA326, 0xA326, 0xA326, 0xA326, 0xA326, 0xA326, 0xA326, 0xA326, 0xA326,
  0xA326, 0xA326, 0xA326, 0xA326, 0xA326, 0xA326, 0xA326, 0xA326, 0xA326, 0xA326, 0xA326, 0xA326,
  0xA326, 0xA326, 0xA326, 0xA326, 0xA326, 0xA326, 0xA326, 0xA326, 0xA326, 0xA326, 0xA326, 0xA326,
  0xA326, 0xA326, 0xA326, 0xA326, 0xA326, 0xA326, 0xA326, 0xA326, 0x7225, 0x7225, 0x7225, 0x7225,
  0xA326, 0xA326, 0x51A3, 0x51A3, 0x7225, 0x7225, 0xA326, 0xA326, 0x39C6, 0x39C6, 0x5A88, 0x5A88,
  0xAC4C, 0xAC4C, 0xC570, 0xC570, 0xD5F3, 0xD5F3, 0xD5F3, 0xD5F3, 0xD5F3, 0xD5F3, 0xD5F3, 0xD5F3,
  0xD5F3, 0xD5F3, 0xD5F3, 0xD5F3, 0xD5F3, 0xD5F3, 0xD5F3, 0xD5F3, 0xD5F3, 0xD5F3, 0xD5F3, 0xD5F3,
  0xD5F3, 0xD5F3, 0xD5F3, 0xD5F3, 0xD5F3, 0xD5F3, 0xD5F3, 0xD5F3, 0xD5F3, 0xD5F3, 0xD5F3, 0xD5F3,
  0xD5F3, 0xD5F3, 0xD5F3, 0xD5F3, 0xD5F3, 0xD5F3, 0xD5F3, 0xD5F3, 0xD5F3, 0xD5F3, 0xD5F3, 0xD5F3,
  0xD5F3, 0xD5F3, 0xD5F3, 0xD5F3, 0xD5F3, 0xD5F3, 0xD5F3, 0xD5F3, 0xD5F3, 0xD5F3, 0xD5F3, 0xD5F3,
  0xD5F3, 0xD5F3, 0xD5F3, 0xD5F3, 0xD5F3, 0xD5F3, 0xD5F3, 0xD5F3, 0xD5F3, 0xD5F3, 0xD5F3, 0xD5F3,
  0xC570, 0xC570, 0xC570, 0xC570, 0xD5F3, 0xD5F3, 0xD5F3, 0xD5F3, 0xD5F3, 0xD5F3, 0xD5F3, 0xD5F3,
  0xD5F3, 0xD5F3, 0xD5F3, 0xD5F3, 0xD5F3, 0xD5F3, 0xD5F3, 0xD5F3, 0xD5F3, 0xD5F3, 0xD5F3, 0xD5F3,
  0xD5F3, 0xD5F3, 0xD5F3, 0xD5F3, 0xD5F3, 0xD5F3, 0xD5F3, 0xD5F3, 0xD5F3, 0xD5F3, 0xD5F3, 0xD5F3,
  0xD5F3, 0xD5F3, 0xD5F3, 0xD5F3, 0xD5F3, 0xD5F3, 0xC570, 0xC570, 0xA326, 0xA326, 0xCC28, 0xCC28,
  0xCC28, 0xCC28, 0xCC28, 0xCC28, 0xCC28, 0xCC28, 0xCC28, 0xCC28, 0xCC28, 0xCC28, 0xCC28, 0xCC28,
  0xCC28, 0xCC28, 0xCC28, 0xCC28, 0xCC28, 0xCC28, 0xCC28, 0xCC28, 0xCC28, 0xCC28, 0xCC28, 0xCC28,
  0xCC28, 0xCC28, 0xCC28, 0xCC28, 0xCC28, 0xCC28, 0xCC28, 0xCC28, 0xCC28, 0xCC28, 0xCC28, 0xCC28,
  0xA326, 0xA326, 0x7225, 0x7225, 0x7225, 0x7225, 0xA326, 0xA326, 0xA326, 0xA326, 0xA326, 0xA326,
  0xA326, 0xA326, 0xA326, 0xA326, 0xA326, 0xA326, 0xA326, 0xA326, 0xA326, 0xA326, 0xA326, 0xA326,
  0xA326, 0xA326, 0xA326, 0xA326, 0xA326, 0xA326, 0xA326, 0xA326, 0xA326, 0xA326, 0xA326, 0xA326,
  0xA326, 0xA326, 0xA326, 0xA326, 0xA326, 0xA326, 0xA326, 0xA326, 0xA326, 0xA326, 0xA326, 0xA326,
  0xA326, 0xA326, 0xA326, 0xA326, 0xA326, 0xA326, 0xA326, 0xA326, 0xA326, 0xA326, 0xA326, 0xA326,
  0xA326, 0xA326, 0xA326, 0xA326, 0xA326, 0xA326, 0xA326, 0xA326, 0xA326, 0xA326, 0xA326, 0xA326,
  0xA326, 0xA326, 0x51A3, 0x51A3, 0x7225, 0x7225, 0xA326, 0xA326, 0x39C6, 0x39C6, 0x2A07, 0x2A07,
  0x3AE7, 0x3AE7, 0x4388, 0x4388, 0xAC4C, 0xAC4C, 0xC570, 0xC570, 0xD5F3, 0xD5F3, 0xD5F3, 0xD5F3,
  0xD5F3, 0xD5F3, 0xD5F3, 0xD5F3, 0xD5F3, 0xD5F3, 0xD5F3, 0xD5F3, 0xC570, 0xC570, 0xD5F3, 0xD5F3,
  0xD5F3, 0xD5F3, 0xD5F3, 0xD5F3, 0xD5F3, 0xD5F3, 0xD5F3, 0xD5F3, 0xD5F3, 0xD5F3, 0xD5F3, 0xD5F3,
  0xD5F3, 0xD5F3, 0xD5F3, 0xD5F3, 0xD5F3, 0xD5F3, 0xD5F3, 0xD5F3, 0xD5F3, 0xD5F3, 0xD5F3, 0xD5F3,
  0xD5F3, 0xD5F3, 0xD5F3, 0xD5F3, 0xD5F3, 0xD5F3, 0xD5F3, 0xD5F3, 0xD5F3, 0xD5F3, 0xD5F3, 0xD5F3,
  0xD5F3, 0xD5F3, 0xD5F3, 0xD5F3, 0xD5F3, 0xD5F3, 0xD5F3, 0xD5F3, 0xD5F3, 0xD5F3, 0xD5F3, 0xD5F3,
  0xC570, 0xC570, 0xC570, 0xC570, 0xD5F3, 0xD5F3, 0xD5F3, 0xD5F3, 0xD5F3, 0xD5F3, 0xD5F3, 0xD5F3,
  0xD5F3, 0xD5F3, 0xD5F3, 0xD5F3, 0xD5F3, 0xD5F3, 0xD5F3, 0xD5F3, 0xD5F3, 0xD5F3, 0xD5F3, 0xD5F3,
  0xD5F3, 0xD5F3, 0xD5F3, 0xD5F3, 0xD5F3, 0xD5F3, 0xD5F3, 0xD5F3, 0xD5F3, 0xD5F3, 0xD5F3, 0xD5F3,
  0xD5F3, 0xD5F3, 0xD5F3, 0xD5F3, 0xD5F3, 0xD5F3, 0xC570, 0xC570, 0xA326, 0xA326, 0xCC28, 0xCC28,
  0xCC28, 0xCC28, 0xCC28, 0xCC28, 0xCC28, 0xCC28, 0xCC28, 0xCC28, 0xCC28, 0xCC28, 0xCC28, 0xCC28,
  0xCC28, 0xCC28, 0xCC28, 0xCC28, 0xCC28, 0xCC28, 0xCC28, 0xCC28, 0xCC28, 0xCC28, 0xCC28, 0xCC28,
  0xCC28, 0xCC28, 0xCC28, 0xCC28, 0xCC28, 0xCC28, 0xCC28, 0xCC28, 0xCC28, 0xCC28, 0xCC28, 0xCC28,
  0xA326, 0xA326, 0x7225, 0x7225, 0x7225, 0x7225, 0xA326, 0xA326, 0xA326, 0xA326, 0xA326, 0xA326,
  0xA326, 0xA326, 0xA326, 0xA326, 0xA326, 0xA326, 0xA326, 0xA326, 0xA326, 0xA326, 0xA326, 0xA326,
  0xA326, 0xA326, 0xA326, 0xA326, 0xA326, 0xA326, 0xA326, 0xA326, 0xA326, 0xA326, 0xA326, 0xA326,
  0xA326, 0xA326, 0xA326, 0xA326, 0xA326, 0xA326, 0xA326, 0xA326, 0xA326, 0xA326, 0xA326, 0xA326,
  0xA326, 0xA326, 0xA326, 0xA326, 0xA326, 0xA326, 0xA326, 0xA326, 0xA326, 0xA326, 0xA326, 0xA326,
  0xA326, 0xA326, 0xA326, 0xA326, 0xA326, 0xA326, 0xA326, 0xA326, 0xA326, 0xA326, 0xA326, 0xA326,
  0xA326, 0xA326, 0x51A3, 0x51A3, 0x7225, 0x7225, 0xA326, 0xA326, 0x39C6, 0x39C6, 0x2A07, 0x2A07,
  0x3AE7, 0x3AE7, 0x4388, 0x4388, 0xAC4C, 0xAC4C, 0xC570, 0xC570, 0xD5F3, 0xD5F3, 0xD5F3, 0xD5F3,
  0xD5F3, 0xD5F3, 0xD5F3, 0xD5F3, 0xD5F3, 0xD5F3, 0xD5F3, 0xD5F3, 0xC570, 0xC570, 0xD5F3, 0xD5F3,
  0xD5F3, 0xD5F3, 0xD5F3, 0xD5F3, 0xD5F3, 0xD5F3, 0xD5F3, 0xD5F3, 0xD5F3, 0xD5F3, 0xD5F3, 0xD5F3,
  0xD5F3, 0xD5F3, 0xD5F3, 0xD5F3, 0xD5F3, 0xD5F3, 0xD5F3, 0xD5F3, 0xD5F3, 0xD5F3, 0xD5F3, 0xD5F3,
  0xD5F3, 0xD5F3, 0xD5F3, 0xD5F3, 0xD5F3, 0xD5F3, 0xD5F3, 0xD5F3, 0xD5F3, 0xD5F3, 0xD5F3, 0xD5F3,
  0xD5F3, 0xD5F3, 0xD5F3, 0xD5F3, 0xD5F3, 0xD5F3, 0xD5F3, 0xD5F3, 0xD5F3, 0xD5F3, 0xD5F3, 0xD5F3,
  0xD5F3, 0xD5F3, 0xD5F3, 0xD5F3, 0xD5F3, 0xD5F3, 0xD5F3, 0xD5F3, 0xD5F3, 0xD5F3, 0xD5F3, 0xD5F3,
  0xD5F3, 0xD5F3, 0xD5F3, 0xD5F3, 0xD5F3, 0xD5F3, 0xD5F3, 0xD5F3, 0xD5F3, 0xD5F3, 0xD5F3, 0xD5F3,
  0xD5F3, 0xD5F3, 0xD5F3, 0xD5F3, 0xD5F3, 0xD5F3, 0xD5F3, 0xD5F3, 0xD5F3, 0xD5F3, 0xD5F3, 0xD5F3,
  0xD5F3, 0xD5F3, 0xD5F3, 0xD5F3, 0xD5F3, 0xD5F3, 0xC570, 0xC570, 0xA326, 0xA326, 0xCC28, 0xCC28,
  0xCC28, 0xCC28, 0xCC28, 0xCC28, 0xCC28, 0xCC28, 0xCC28, 0xCC28, 0xCC28, 0xCC28, 0xCC28, 0xCC28,
  0xCC28, 0xCC28, 0xCC28, 0xCC28, 0xCC28, 0xCC28, 0xCC28, 0xCC28, 0xCC28, 0xCC28, 0xCC28, 0xCC28,
  0xCC28, 0xCC28, 0xCC28, 0xCC28, 0xCC28, 0xCC28, 0xCC28, 0xCC28, 0xCC28, 0xCC28, 0xCC28, 0xCC28,
  0xA326, 0xA326, 0x7225, 0x7225, 0x7225, 0x7225, 0xA326, 0xA326, 0xA326, 0xA326, 0xA326, 0xA326,
  0xA326, 0xA326, 0xA326, 0xA326, 0xA326, 0xA326, 0xA326, 0xA326, 0xA326, 0xA326, 0xA326, 0xA326,
  0xA326, 0xA326, 0xA326, 0xA326, 0xA326, 0xA326, 0xA326, 0xA326, 0xA326, 0xA326, 0xA326, 0xA326,
  0xA326, 0xA326, 0xA326, 0xA326, 0xA326, 0xA326, 0xA326, 0xA326, 0xA326, 0xA326, 0xA326, 0xA326,
  0xA326, 0xA326, 0xA326, 0xA326, 0xA326, 0xA326, 0xA326, 0xA326, 0xA326, 0xA326, 0xA326, 0xA326,
  0xA326, 0xA326, 0xA326, 0xA326, 0xA326, 0xA326, 0xA326, 0xA326, 0xA326, 0xA326, 0xA326, 0xA326,
  0xA326, 0xA326, 0x51A3, 0x51A3, 0x7225, 0x7225, 0xA326, 0xA326, 0x39C6, 0x39C6, 0x2A07, 0x2A07,
  0x3AE7, 0x3AE7, 0x3AE7, 0x3AE7, 0x3AE7, 0x3AE7, 0x4388, 0x4388, 0x9389, 0x9389, 0xC570, 0xC570,
  0xD5F3, 0xD5F3, 0xD5F3, 0xD5F3, 0xD5F3, 0xD5F3, 0xC570, 0xC570, 0xC570, 0xC570, 0xD5F3, 0xD5F3,
  0xD5F3, 0xD5F3, 0xD5F3, 0xD5F3, 0xD5F3, 0xD5F3, 0xD5F3, 0xD5F3, 0xC570, 0xC570, 0xD5F3, 0xD5F3,
  0xD5F3, 0xD5F3, 0xD5F3, 0xD5F3, 0xD5F3, 0xD5F3, 0xD5F3, 0xD5F3, 0xD5F3, 0xD5F3, 0xD5F3, 0xD5F3,
  0xD5F3, 0xD5F3, 0xD5F3, 0xD5F3, 0xD5F3, 0xD5F3, 0xD5F3, 0xD5F3, 0xD5F3, 0xD5F3, 0xD5F3, 0xD5F3,
  0xD5F3, 0xD5F3, 0xD5F3, 0xD5F3, 0xD5F3, 0xD5F3, 0xD5F3, 0xD5F3, 0xD5F3, 0xD5F3, 0xD5F3, 0xD5F3,
  0xD5F3, 0xD5F3, 0xD5F3, 0xD5F3, 0xD5F3, 0xD5F3, 0xD5F3, 0xD5F3, 0xD5F3, 0xD5F3, 0xD5F3, 0xD5F3,
  0xD5F3, 0xD5F3, 0xD5F3, 0xD5F3, 0xD5F3, 0xD5F3, 0xD5F3, 0xD5F3, 0xD5F3, 0xD5F3, 0xD5F3, 0xD5F3,
  0xD5F3, 0xD5F3, 0xD5F3, 0xD5F3, 0xD5F3, 0xD5F3, 0xD5F3, 0xD5F3, 0xD5F3, 0xD5F3, 0xD5F3, 0xD5F3,
  0xD5F3, 0xD5F3, 0xD5F3, 0xD5F3, 0xD5F3, 0xD5F3, 0xC570, 0xC570, 0xA326, 0xA326, 0xCC28, 0xCC28,
  0xCC28, 0xCC28, 0xCC28, 0xCC28, 0xCC28, 0xCC28, 0xCC28, 0xCC28, 0xCC28, 0xCC28, 0xCC28, 0xCC28,
  0xCC28, 0xCC28, 0xCC28, 0xCC28, 0xCC28, 0xCC28, 0xCC28, 0xCC28, 0xCC28, 0xCC28, 0xCC28, 0xCC28,
  0xCC28, 0xCC28, 0xCC28, 0xCC28, 0xCC28, 0xCC28, 0xCC28, 0xCC28, 0xCC28, 0xCC28, 0xCC28, 0xCC28,
  0xA326, 0xA326, 0x7225, 0x7225, 0x7225, 0x7225, 0xA326, 0xA326, 0xA326, 0xA326, 0xA326, 0xA326,
  0xA326, 0xA326, 0xA326, 0xA326, 0xA326, 0xA326, 0xA326, 0xA326, 0xA326, 0xA326, 0xA326, 0xA326,
  0xA326, 0xA326, 0xA326, 0xA326, 0xA326, 0xA326, 0xA326, 0xA326, 0xA326, 0xA326, 0xA326, 0xA326,
  0xA326, 0xA326, 0xA326, 0xA326, 0xA326, 0xA326, 0xA326, 0xA326, 0xA326, 0xA326, 0xA326, 0xA326,
  0xA326, 0xA326, 0xA326, 0xA326, 0xA326, 0xA326, 0xA326, 0xA326, 0xA326, 0xA326, 0xA326, 0xA326,
  0xA326, 0xA326, 0xA326, 0xA326, 0xA326, 0xA326, 0xA326, 0xA326, 0xA326, 0xA326, 0xA326, 0xA326,
  0xA326, 0xA326, 0x51A3, 0x51A3, 0x7225, 0x7225, 0xA326, 0xA326, 0x39C6, 0x39C6, 0x2A07, 0x2A07,
  0x3AE7, 0x3AE7, 0x3AE7, 0x3AE7, 0x3AE7, 0x3AE7, 0x4388, 0x4388, 0x9389, 0x9389, 0xC570, 0xC570,
  0xD5F3, 0xD5F3, 0xD5F3, 0xD5F3, 0xD5F3, 0xD5F3, 0xC570, 0xC570, 0xC570, 0xC570, 0xD5F3, 0xD5F3,
  0xD5F3, 0xD5F3, 0xD5F3, 0xD5F3, 0xD5F3, 0xD5F3, 0xD5F3, 0xD5F3, 0xC570, 0xC570, 0xD5F3, 0xD5F3,
  0xD5F3, 0xD5F3, 0xD5F3, 0xD5F3, 0xD5F3, 0xD5F3, 0xD5F3, 0xD5F3, 0xD5F3, 0xD5F3, 0xD5F3, 0xD5F3,
  0xD5F3, 0xD5F3, 0xD5F3, 0xD5F3, 0xD5F3, 0xD5F3, 0xD5F3, 0xD5F3, 0xD5F3, 0xD5F3, 0xD5F3, 0xD5F3,
  0xD5F3, 0xD5F3, 0xD5F3, 0xD5F3, 0xD5F3, 0xD5F3, 0xD5F3, 0xD5F3, 0xD5F3, 0xD5F3, 0xD5F3, 0xD5F3,
  0xD5F3, 0xD5F3, 0xD5F3, 0xD5F3, 0xD5F3, 0xD5F3, 0xD5F3, 0xD5F3, 0xD5F3, 0xD5F3, 0xD5F3, 0xD5F3,
  0xD5F3, 0xD5F3, 0xD5F3, 0xD5F3, 0xD5F3, 0xD5F3, 0xD5F3, 0xD5F3, 0xD5F3, 0xD5F3, 0xD5F3, 0xD5F3,
  0xD5F3, 0xD5F3, 0xD5F3, 0xD5F3, 0xD5F3, 0xD5F3, 0xD5F3, 0xD5F3, 0xD5F3, 0xD5F3, 0xD5F3, 0xD5F3,
  0xD5F3, 0xD5F3, 0xD5F3, 0xD5F3, 0xD5F3, 0xD5F3, 0xC570, 0xC570, 0xA326, 0xA326, 0xCC28, 0xCC28,
  0xA326, 0xA326, 0xCC28, 0xCC28, 0xCC28, 0xCC28, 0xCC28, 0xCC28, 0xCC28, 0xCC28, 0xCC28, 0xCC28,
  0xCC28, 0xCC28, 0xCC28, 0xCC28, 0xCC28, 0xCC28, 0xCC28, 0xCC28, 0xCC28, 0xCC28, 0xCC28, 0xCC28,
  0xCC28, 0xCC28, 0xCC28, 0xCC28, 0xCC28, 0xCC28, 0xCC28, 0xCC28, 0xCC28, 0xCC28, 0xCC28, 0xCC28,
  0xA326, 0xA326, 0x7225, 0x7225, 0x7225, 0x7225, 0xA326, 0xA326, 0xA326, 0xA326, 0xA326, 0xA326,
  0xA326, 0xA326, 0xA326, 0xA326, 0xA326, 0xA326, 0xA326, 0xA326, 0xA326, 0xA326, 0xA326, 0xA326,
  0xA326, 0xA326, 0xA326, 0xA326, 0xA326, 0xA326, 0xA326, 0xA326, 0xA326, 0xA326, 0xA326, 0xA326,
  0xA326, 0xA326, 0xA326, 0xA326, 0xA326, 0xA326, 0xA326, 0xA326, 0xA326, 0xA326, 0xA326, 0xA326,
  0xA326, 0xA326, 0xA326, 0xA326, 0xA326, 0xA326, 0xA326, 0xA326, 0xA326, 0xA326, 0xA326, 0xA326,
  0xA326, 0xA326, 0xA326, 0xA326, 0xA326, 0xA326, 0xA326, 0xA326, 0xA326, 0xA326, 0xA326, 0xA326,
  0xA326, 0xA326, 0x51A3, 0x51A3, 0x7225, 0x7225, 0xA326, 0xA326, 0x39C6, 0x39C6, 0x2A07, 0x2A07,
  0x3AE7, 0x3AE7, 0x3AE7, 0x3AE7, 0x3AE7, 0x3AE7, 0x3AE7, 0x3AE7, 0x3AE7, 0x3AE7, 0x4388, 0x4388,
  0x5BEA, 0x5BEA, 0xC570, 0xC570, 0xD5F3, 0xD5F3, 0xD5F3, 0xD5F3, 0xC570, 0xC570, 0xC570, 0xC570,
  0xD5F3, 0xD5F3, 0xD5F3, 0xD5F3, 0xD5F3, 0xD5F3, 0xBCCD, 0xBCCD, 0xAC4C, 0xAC4C, 0xAC4C, 0xAC4C,
  0xC570, 0xC570, 0xD5F3, 0xD5F3, 0xD5F3, 0xD5F3, 0xD5F3, 0xD5F3, 0xD5F3, 0xD5F3, 0xD5F3, 0xD5F3,
  0xD5F3, 0xD5F3, 0xD5F3, 0xD5F3, 0xD5F3, 0xD5F3, 0xD5F3, 0xD5F3, 0xD5F3, 0xD5F3, 0xD5F3, 0xD5F3,
  0xD5F3, 0xD5F3, 0xD5F3, 0xD5F3, 0xD5F3, 0xD5F3, 0xD5F3, 0xD5F3, 0xD5F3, 0xD5F3, 0xD5F3, 0xD5F3,
  0xD5F3, 0xD5F3, 0xD5F3, 0xD5F3, 0xD5F3, 0xD5F3, 0xD5F3, 0xD5F3, 0xD5F3, 0xD5F3, 0xD5F3, 0xD5F3,
  0xD5F3, 0xD5F3, 0xD5F3, 0xD5F3, 0xD5F3, 0xD5F3, 0xD5F3, 0xD5F3, 0xD5F3, 0xD5F3, 0xD5F3, 0xD5F3,
  0xD5F3, 0xD5F3, 0xD5F3, 0xD5F3, 0xD5F3, 0xD5F3, 0xD5F3, 0xD5F3, 0xD5F3, 0xD5F3, 0xD5F3, 0xD5F3,
  0xD5F3, 0xD5F3, 0xD5F3, 0xD5F3, 0xD5F3, 0xD5F3, 0xC570, 0xC570, 0xA326, 0xA326, 0xCC28, 0xCC28,
  0xA326, 0xA326, 0xCC28, 0xCC28, 0xCC28, 0xCC28, 0xCC28, 0xCC28, 0xCC28, 0xCC28, 0xCC28, 0xCC28,
  0xCC28, 0xCC28, 0xCC28, 0xCC28, 0xCC28, 0xCC28, 0xCC28, 0xCC28, 0xCC28, 0xCC28, 0xCC28, 0xCC28,
  0xCC28, 0xCC28, 0xCC28, 0xCC28, 0xCC28, 0xCC28, 0xCC28, 0xCC28, 0xCC28, 0xCC28, 0xCC28, 0xCC28,
  0xA326, 0xA326, 0x7225, 0x7225, 0x7225, 0x7225, 0xA326, 0xA326, 0xA326, 0xA326, 0xA326, 0xA326,
  0xA326, 0xA326, 0xA326, 0xA326, 0xA326, 0xA326, 0xA326, 0xA326, 0xA326, 0xA326, 0xA326, 0xA326,
  0xA326, 0xA326, 0xA326, 0xA326, 0xA326, 0xA326, 0xA326, 0xA326, 0xA326, 0xA326, 0xA326, 0xA326,
  0xA326, 0xA326, 0xA326, 0xA326, 0xA326, 0xA326, 0xA326, 0xA326, 0xA326, 0xA326, 0xA326, 0xA326,
  0xA326, 0xA326, 0xA326, 0xA326, 0xA326, 0xA326, 0xA326, 0xA326, 0xA326, 0xA326, 0xA326, 0xA326,
  0xA326, 0xA326, 0xA326, 0xA326, 0xA326, 0xA326, 0xA326, 0xA326, 0xA326, 0xA326, 0xA326, 0xA326,
  0xA326, 0xA326, 0x51A3, 0x51A3, 0x7225, 0x7225, 0xA326, 0xA326, 0x39C6, 0x39C6, 0x2A07, 0x2A07,
  0x3AE7, 0x3AE7, 0x3AE7, 0x3AE7, 0x3AE7, 0x3AE7, 0x3AE7, 0x3AE7, 0x3AE7, 0x3AE7, 0x4388, 0x4388,
  0x5BEA, 0x5BEA, 0xC570, 0xC570, 0xD5F3, 0xD5F3, 0xD5F3, 0xD5F3, 0xC570, 0xC570, 0xC570, 0xC570,
  0xD5F3, 0xD5F3, 0xD5F3, 0xD5F3, 0xD5F3, 0xD5F3, 0xBCCD, 0xBCCD, 0xAC4C, 0xAC4C, 0xAC4C, 0xAC4C,
  0xC570, 0xC570, 0xD5F3, 0xD5F3, 0xD5F3, 0xD5F3, 0xD5F3, 0xD5F3, 0xD5F3, 0xD5F3, 0xD5F3, 0xD5F3,
  0xD5F3, 0xD5F3, 0xD5F3, 0xD5F3, 0xD5F3, 0xD5F3, 0xD5F3, 0xD5F3, 0xD5F3, 0xD5F3, 0xD5F3, 0xD5F3,
  0xD5F3, 0xD5F3, 0xD5F3, 0xD5F3, 0xD5F3, 0xD5F3, 0xD5F3, 0xD5F3, 0xD5F3, 0xD5F3, 0xD5F3, 0xD5F3,
  0xD5F3, 0xD5F3, 0xD5F3, 0xD5F3, 0xD5F3, 0xD5F3, 0xD5F3, 0xD5F3, 0xD5F3, 0xD5F3, 0xD5F3, 0xD5F3,
  0xD5F3, 0xD5F3, 0xD5F3, 0xD5F3, 0xD5F3, 0xD5F3, 0xD5F3, 0xD5F3, 0xC570, 0xC570, 0xC570, 0xC570,
  0xD5F3, 0xD5F3, 0xD5F3, 0xD5F3, 0xD5F3, 0xD5F3, 0xD5F3, 0xD5F3, 0xD5F3, 0xD5F3, 0xD5F3, 0xD5F3,
  0xD5F3, 0xD5F3, 0xD5F3, 0xD5F3, 0xD5F3, 0xD5F3, 0xC570, 0xC570, 0xA326, 0xA326, 0xCC28, 0xCC28,
  0xCC28, 0xCC28, 0xCC28, 0xCC28, 0xCC28, 0xCC28, 0xCC28, 0xCC28, 0xCC28, 0xCC28, 0xCC28, 0xCC28,
  0xCC28, 0xCC28, 0xCC28, 0xCC28, 0xCC28, 0xCC28, 0xCC28, 0xCC28, 0xCC28, 0xCC28, 0xCC28, 0xCC28,
  0xCC28, 0xCC28, 0xCC28, 0xCC28, 0xCC28, 0xCC28, 0xCC28, 0xCC28, 0xCC28, 0xCC28, 0xCC28, 0xCC28,
  0xA326, 0xA326, 0x7225, 0x7225, 0x7225, 0x7225, 0xA326, 0xA326, 0xA326, 0xA326, 0xA326, 0xA326,
  0xA326, 0xA326, 0xA326, 0xA326, 0xA326, 0xA326, 0xA326, 0xA326, 0xA326, 0xA326, 0xA326, 0xA326,
  0xA326, 0xA326, 0xA326, 0xA326, 0xA326, 0xA326, 0xA326, 0xA326, 0xA326, 0xA326, 0xA326, 0xA326,
  0xA326, 0xA326, 0xA326, 0xA326, 0xA326, 0xA326, 0xA326, 0xA326, 0xA326, 0xA326, 0xA326, 0xA326,
  0xA326, 0xA326, 0xA326, 0xA326, 0xA326, 0xA326, 0xA326, 0xA326, 0xA326, 0xA326, 0xA326, 0xA326,
  0xA326, 0xA326, 0xA326, 0xA326, 0xA326, 0xA326, 0xA326, 0xA326, 0xA326, 0xA326, 0xA326, 0xA326,
  0xA326, 0xA326, 0x51A3, 0x51A3, 0x7225, 0x7225, 0xA326, 0xA326, 0x39C6, 0x39C6, 0x2A07, 0x2A07,
  0x3AE7, 0x3AE7, 0x3AE7, 0x3AE7, 0x3AE7, 0x3AE7, 0x3AE7, 0x3AE7, 0x3AE7, 0x3AE7, 0x3AE7, 0x3AE7,
  0x3AE7, 0x3AE7, 0x4388, 0x4388, 0x5BEA, 0x5BEA, 0xBCCD, 0xBCCD, 0xD5F3, 0xD5F3, 0xD5F3, 0xD5F3,
  0xD5F3, 0xD5F3, 0xD5F3, 0xD5F3, 0xC570, 0xC570, 0xAC4C, 0xAC4C, 0xBCCD, 0xBCCD, 0xBCCD, 0xBCCD,
  0xAC4C, 0xAC4C, 0xAC4C, 0xAC4C, 0xBCCD, 0xBCCD, 0xC570, 0xC570, 0xD5F3, 0xD5F3, 0xD5F3, 0xD5F3,
  0xD5F3, 0xD5F3, 0xD5F3, 0xD5F3, 0xD5F3, 0xD5F3, 0xD5F3, 0xD5F3, 0xD5F3, 0xD5F3, 0xD5F3, 0xD5F3,
  0xD5F3, 0xD5F3, 0xD5F3, 0xD5F3, 0xD5F3, 0xD5F3, 0xD5F3, 0xD5F3, 0xD5F3, 0xD5F3, 0xD5F3, 0xD5F3,
  0xD5F3, 0xD5F3, 0xD5F3, 0xD5F3, 0xD5F3, 0xD5F3, 0xD5F3, 0xD5F3, 0xD5F3, 0xD5F3, 0xD5F3, 0xD5F3,
  0xD5F3, 0xD5F3, 0xD5F3, 0xD5F3, 0xD5F3, 0xD5F3, 0xD5F3, 0xD5F3, 0xC570, 0xC570, 0xC570, 0xC570,
  0xD5F3, 0xD5F3, 0xD5F3, 0xD5F3, 0xD5F3, 0xD5F3, 0xD5F3, 0xD5F3, 0xD5F3, 0xD5F3, 0xD5F3, 0xD5F3,
  0xD5F3, 0xD5F3, 0xD5F3, 0xD5F3, 0xD5F3, 0xD5F3, 0xC570, 0xC570, 0xA326, 0xA326, 0xCC28, 0xCC28,
  0xCC28, 0xCC28, 0xCC28, 0xCC28, 0xCC28, 0xCC28, 0xCC28, 0xCC28, 0xCC28, 0xCC28, 0xCC28, 0xCC28,
  0xCC28, 0xCC28, 0xCC28, 0xCC28, 0xCC28, 0xCC28, 0xCC28, 0xCC28, 0xCC28, 0xCC28, 0xCC28, 0xCC28,
  0xCC28, 0xCC28, 0xCC28, 0xCC28, 0xCC28, 0xCC28, 0xCC28, 0xCC28, 0xCC28, 0xCC28, 0xCC28, 0xCC28,
  0xA326, 0xA326, 0x7225, 0x7225, 0x7225, 0x7225, 0xA326, 0xA326, 0xA326, 0xA326, 0xA326, 0xA326,
  0xA326, 0xA326, 0xA326, 0xA326, 0xA326, 0xA326, 0xA326, 0xA326, 0xA326, 0xA326, 0xA326, 0xA326,
  0xA326, 0xA326, 0xA326, 0xA326, 0xA326, 0xA326, 0xA326, 0xA326, 0xA326, 0xA326, 0xA326, 0xA326,
  0xA326, 0xA326, 0xA326, 0xA326, 0xA326, 0xA326, 0xA326, 0xA326, 0xA326, 0xA326, 0xA326, 0xA326,
  0xA326, 0xA326, 0xA326, 0xA326, 0xA326, 0xA326, 0xA326, 0xA326, 0xA326, 0xA326, 0xA326, 0xA326,
  0xA326, 0xA326, 0xA326, 0xA326, 0xA326, 0xA326, 0xA326, 0xA326, 0xA326, 0xA326, 0xA326, 0xA326,
  0xA326, 0xA326, 0x51A3, 0x51A3, 0x7225, 0x7225, 0xA326, 0xA326, 0x39C6, 0x39C6, 0x2A07, 0x2A07,
  0x3AE7, 0x3AE7, 0x3AE7, 0x3AE7, 0x3AE7, 0x3AE7, 0x3AE7, 0x3AE7, 0x3AE7, 0x3AE7, 0x3AE7, 0x3AE7,
  0x3AE7, 0x3AE7, 0x4388, 0x4388, 0x5BEA, 0x5BEA, 0xBCCD, 0xBCCD, 0xD5F3, 0xD5F3, 0xD5F3, 0xD5F3,
  0xD5F3, 0xD5F3, 0xD5F3, 0xD5F3, 0xC570, 0xC570, 0xAC4C, 0xAC4C, 0xBCCD, 0xBCCD, 0xBCCD, 0xBCCD,
  0xAC4C, 0xAC4C, 0xAC4C, 0xAC4C, 0xBCCD, 0xBCCD, 0xC570, 0xC570, 0xD5F3, 0xD5F3, 0xD5F3, 0xD5F3,
  0xD5F3, 0xD5F3, 0xD5F3, 0xD5F3, 0xD5F3, 0xD5F3, 0xD5F3, 0xD5F3, 0xD5F3, 0xD5F3, 0xD5F3, 0xD5F3,
  0xD5F3, 0xD5F3, 0xD5F3, 0xD5F3, 0xD5F3, 0xD5F3, 0xD5F3, 0xD5F3, 0xD5F3, 0xD5F3, 0xD5F3, 0xD5F3,
  0xD5F3, 0xD5F3, 0xD5F3, 0xD5F3, 0xD5F3, 0xD5F3, 0xD5F3, 0xD5F3, 0xD5F3, 0xD5F3, 0xD5F3, 0xD5F3,
  0xD5F3, 0xD5F3, 0xD5F3, 0xD5F3, 0xD5F3, 0xD5F3, 0xD5F3, 0xD5F3, 0xC570, 0xC570, 0xC570, 0xC570,
  0xD5F3, 0xD5F3, 0xD5F3, 0xD5F3, 0xD5F3, 0xD5F3, 0xD5F3, 0xD5F3, 0xD5F3, 0xD5F3, 0xD5F3, 0xD5F3,
  0xD5F3, 0xD5F3, 0xD5F3, 0xD5F3, 0xD5F3, 0xD5F3, 0xC570, 0xC570, 0xA326, 0xA326, 0xCC28, 0xCC28,
  0xCC28, 0xCC28, 0xCC28, 0xCC28, 0xCC28, 0xCC28, 0xCC28, 0xCC28, 0xCC28, 0xCC28, 0xCC28, 0xCC28,
  0xCC28, 0xCC28, 0xCC28, 0xCC28, 0xCC28, 0xCC28, 0xCC28, 0xCC28, 0xCC28, 0xCC28, 0xCC28, 0xCC28,
  0xCC28, 0xCC28, 0xCC28, 0xCC28, 0xCC28, 0xCC28, 0xCC28, 0xCC28, 0xCC28, 0xCC28, 0xCC28, 0xCC28,
  0xA326, 0xA326, 0x7225, 0x7225, 0x7225, 0x7225, 0xA326, 0xA326, 0xA326, 0xA326, 0xA326, 0xA326,
  0xA326, 0xA326, 0xA326, 0xA326, 0xA326, 0xA326, 0xA326, 0xA326, 0xA326, 0xA326, 0xA326, 0xA326,
  0xA326, 0xA326, 0xA326, 0xA326, 0xA326, 0xA326, 0xA326, 0xA326, 0xA326, 0xA326, 0xA326, 0xA326,
  0xA326, 0xA326, 0xA326, 0xA326, 0xA326, 0xA326, 0xA326, 0xA326, 0xA326, 0xA326, 0xA326, 0xA326,
  0xA326, 0xA326, 0xA326, 0xA326, 0xA326, 0xA326, 0xA326, 0xA326, 0xA326, 0xA326, 0xA326, 0xA326,
  0xA326, 0xA326, 0xA326, 0xA326, 0xA326, 0xA326, 0xA326, 0xA326, 0xA326, 0xA326, 0xA326, 0xA326,
  0xA326, 0xA326, 0x51A3, 0x51A3, 0x7225, 0x7225, 0xA326, 0xA326, 0x39C6, 0x39C6, 0x2A46, 0x2A46,
  0x3AE7, 0x3AE7, 0x3AE7, 0x3AE7, 0x4388, 0x4388, 0x4388, 0x4388, 0x3AE7, 0x3AE7, 0x3AE7, 0x3AE7,
  0x3AE7, 0x3AE7, 0x3AE7, 0x3AE7, 0x3AE7, 0x3AE7, 0x3AE7, 0x3AE7, 0x5BEA, 0x5BEA, 0xAC4C, 0xAC4C,
  0xD5F3, 0xD5F3, 0xE696, 0xE696, 0xBCCD, 0xBCCD, 0xAC4C, 0xAC4C, 0xBCCD, 0xBCCD, 0xBCCD, 0xBCCD,
  0xBCCD, 0xBCCD, 0xAC4C, 0xAC4C, 0xAC4C, 0xAC4C, 0xAC4C, 0xAC4C, 0xAC4C, 0xAC4C, 0xAC4C, 0xAC4C,
  0xBCCD, 0xBCCD, 0xC570, 0xC570, 0xD5F3, 0xD5F3, 0xD5F3, 0xD5F3, 0xD5F3, 0xD5F3, 0xD5F3, 0xD5F3,
  0xD5F3, 0xD5F3, 0xD5F3, 0xD5F3, 0xD5F3, 0xD5F3, 0xD5F3, 0xD5F3, 0xD5F3, 0xD5F3, 0xD5F3, 0xD5F3,
  0xD5F3, 0xD5F3, 0xD5F3, 0xD5F3, 0xD5F3, 0xD5F3, 0xD5F3, 0xD5F3, 0xD5F3, 0xD5F3, 0xD5F3, 0xD5F3,
  0xD5F3, 0xD5F3, 0xD5F3, 0xD5F3, 0xD5F3, 0xD5F3, 0xD5F3, 0xD5F3, 0xC570, 0xC570, 0xC570, 0xC570,
  0xD5F3, 0xD5F3, 0xD5F3, 0xD5F3, 0xD5F3, 0xD5F3, 0xD5F3, 0xD5F3, 0xD5F3, 0xD5F3, 0xD5F3, 0xD5F3,
  0xD5F3, 0xD5F3, 0xD5F3, 0xD5F3, 0xD5F3, 0xD5F3, 0xC570, 0xC570, 0xA326, 0xA326, 0xCC28, 0xCC28,
  0xCC28, 0xCC28, 0xCC28, 0xCC28, 0xCC28, 0xCC28, 0xCC28, 0xCC28, 0xCC28, 0xCC28, 0xCC28, 0xCC28,
  0xCC28, 0xCC28, 0xCC28, 0xCC28, 0xCC28, 0xCC28, 0xCC28, 0xCC28, 0xCC28, 0xCC28, 0xCC28, 0xCC28,
  0xCC28, 0xCC28, 0xCC28, 0xCC28, 0xCC28, 0xCC28, 0xCC28, 0xCC28, 0xCC28, 0xCC28, 0xCC28, 0xCC28,
  0xA326, 0xA326, 0x7225, 0x7225, 0x7225, 0x7225, 0xA326, 0xA326, 0xA326, 0xA326, 0xA326, 0xA326,
  0xA326, 0xA326, 0xA326, 0xA326, 0xA326, 0xA326, 0xA326, 0xA326, 0xA326, 0xA326, 0xA326, 0xA326,
  0xA326, 0xA326, 0xA326, 0xA326, 0xA326, 0xA326, 0xA326, 0xA326, 0xA326, 0xA326, 0xA326, 0xA326,
  0xA326, 0xA326, 0xA326, 0xA326, 0xA326, 0xA326, 0xA326, 0xA326, 0xA326, 0xA326, 0xA326, 0xA326,
  0xA326, 0xA326, 0xA326, 0xA326, 0xA326, 0xA326, 0xA326, 0xA326, 0xA326, 0xA326, 0xA326, 0xA326,
  0xA326, 0xA326, 0xA326, 0xA326, 0xA326, 0xA326, 0xA326, 0xA326, 0xA326, 0xA326, 0xA326, 0xA326,
  0xA326, 0xA326, 0x51A3, 0x51A3, 0x7225, 0x7225, 0xA326, 0xA326, 0x39C6, 0x39C6, 0x2A46, 0x2A46,
  0x3AE7, 0x3AE7, 0x3AE7, 0x3AE7, 0x4388, 0x4388, 0x4388, 0x4388, 0x3AE7, 0x3AE7, 0x3AE7, 0x3AE7,
  0x3AE7, 0x3AE7, 0x3AE7, 0x3AE7, 0x3AE7, 0x3AE7, 0x3AE7, 0x3AE7, 0x5BEA, 0x5BEA, 0xAC4C, 0xAC4C,
  0xD5F3, 0xD5F3, 0xE696, 0xE696, 0xBCCD, 0xBCCD, 0xAC4C, 0xAC4C, 0xBCCD, 0xBCCD, 0xBCCD, 0xBCCD,
  0xBCCD, 0xBCCD, 0xAC4C, 0xAC4C, 0xAC4C, 0xAC4C, 0xAC4C, 0xAC4C, 0xAC4C, 0xAC4C, 0xAC4C, 0xAC4C,
  0xBCCD, 0xBCCD, 0xC570, 0xC570, 0xD5F3, 0xD5F3, 0xD5F3, 0xD5F3, 0xD5F3, 0xD5F3, 0xD5F3, 0xD5F3,
  0xD5F3, 0xD5F3, 0xD5F3, 0xD5F3, 0xD5F3, 0xD5F3, 0xD5F3, 0xD5F3, 0xD5F3, 0xD5F3, 0xD5F3, 0xD5F3,
  0xD5F3, 0xD5F3, 0xD5F3, 0xD5F3, 0xD5F3, 0xD5F3, 0xD5F3, 0xD5F3, 0xD5F3, 0xD5F3, 0xD5F3, 0xD5F3,
  0xD5F3, 0xD5F3, 0xD5F3, 0xD5F3, 0xD5F3, 0xD5F3, 0xD5F3, 0xD5F3, 0xC570, 0xC570, 0xC570, 0xC570,
  0xD5F3, 0xD5F3, 0xD5F3, 0xD5F3, 0xD5F3, 0xD5F3, 0xD5F3, 0xD5F3, 0xD5F3, 0xD5F3, 0xD5F3, 0xD5F3,
  0xD5F3, 0xD5F3, 0xD5F3, 0xD5F3, 0xD5F3, 0xD5F3, 0xC570, 0xC570, 0xA326, 0xA326, 0xCC28, 0xCC28,
  0xCC28, 0xCC28, 0xCC28, 0xCC28, 0xCC28, 0xCC28, 0xCC28, 0xCC28, 0xCC28, 0xCC28, 0xCC28, 0xCC28,
  0xCC28, 0xCC28, 0xCC28, 0xCC28, 0xCC28, 0xCC28, 0xCC28, 0xCC28, 0xCC28, 0xCC28, 0xCC28, 0xCC28,
  0xCC28, 0xCC28, 0xCC28, 0xCC28, 0xCC28, 0xCC28, 0xCC28, 0xCC28, 0xCC28, 0xCC28, 0xCC28, 0xCC28,
  0xA326, 0xA326, 0x7225, 0x7225, 0x7225, 0x7225, 0xA326, 0xA326, 0xA326, 0xA326, 0xA326, 0xA326,
  0xA326, 0xA326, 0xA326, 0xA326, 0xA326, 0xA326, 0xA326, 0xA326, 0xA326, 0xA326, 0xA326, 0xA326,
  0xA326, 0xA326, 0xA326, 0xA326, 0xA326, 0xA326, 0xA326, 0xA326, 0xA326, 0xA326, 0xA326, 0xA326,
  0xA326, 0xA326, 0xA326, 0xA326, 0xA326, 0xA326, 0xA326, 0xA326, 0xA326, 0xA326, 0xA326, 0xA326,
  0xA326, 0xA326, 0xA326, 0xA326, 0xA326, 0xA326, 0xA326, 0xA326, 0xA326, 0xA326, 0xA326, 0xA326,
  0xA326, 0xA326, 0xA326, 0xA326, 0xA326, 0xA326, 0xA326, 0xA326, 0xA326, 0xA326, 0xA326, 0xA326,
  0xA326, 0xA326, 0x51A3, 0x51A3, 0x7225, 0x7225, 0xA326, 0xA326, 0x39C6, 0x39C6, 0x2A07, 0x2A07,
  0x3AE7, 0x3AE7, 0x3AE7, 0x3AE7, 0x3AE7, 0x3AE7, 0x3AE7, 0x3AE7, 0x4388, 0x4388, 0x3AE7, 0x3AE7,
  0x3AE7, 0x3AE7, 0x3AE7, 0x3AE7, 0x3AE7, 0x3AE7, 0x3AE7, 0x3AE7, 0x3AE7, 0x3AE7, 0x3AE7, 0x3AE7,
  0x4388, 0x4388, 0xAC4C, 0xAC4C, 0xAC4C, 0xAC4C, 0xAC4C, 0xAC4C, 0xBCCD, 0xBCCD, 0xBCCD, 0xBCCD,
  0xBCCD, 0xBCCD, 0xBCCD, 0xBCCD, 0xBCCD, 0xBCCD, 0xBCCD, 0xBCCD, 0xBCCD, 0xBCCD, 0xBCCD, 0xBCCD,
  0xAC4C, 0xAC4C, 0xAC4C, 0xAC4C, 0xAC4C, 0xAC4C, 0xAC4C, 0xAC4C, 0xC570, 0xC570, 0xD5F3, 0xD5F3,
  0xD5F3, 0xD5F3, 0xD5F3, 0xD5F3, 0xD5F3, 0xD5F3, 0xD5F3, 0xD5F3, 0xD5F3, 0xD5F3, 0xD5F3, 0xD5F3,
  0xD5F3, 0xD5F3, 0xD5F3, 0xD5F3, 0xD5F3, 0xD5F3, 0xD5F3, 0xD5F3, 0xD5F3, 0xD5F3, 0xD5F3, 0xD5F3,
  0xD5F3, 0xD5F3, 0xD5F3, 0xD5F3, 0xD5F3, 0xD5F3, 0xD5F3, 0xD5F3, 0xC570, 0xC570, 0xC570, 0xC570,
  0xD5F3, 0xD5F3, 0xD5F3, 0xD5F3, 0xD5F3, 0xD5F3, 0xD5F3, 0xD5F3, 0xD5F3, 0xD5F3, 0xD5F3, 0xD5F3,
  0xD5F3, 0xD5F3, 0xD5F3, 0xD5F3, 0xD5F3, 0xD5F3, 0xC570, 0xC570, 0xA326, 0xA326, 0xCC28, 0xCC28,
  0xCC28, 0xCC28, 0xCC28, 0xCC28, 0xCC28, 0xCC28, 0xCC28, 0xCC28, 0xCC28, 0xCC28, 0xCC28, 0xCC28,
  0xCC28, 0xCC28, 0xCC28, 0xCC28, 0xCC28, 0xCC28, 0xCC28, 0xCC28, 0xCC28, 0xCC28, 0xCC28, 0xCC28,
  0xCC28, 0xCC28, 0xCC28, 0xCC28, 0xCC28, 0xCC28, 0xCC28, 0xCC28, 0xCC28, 0xCC28, 0xCC28, 0xCC28,
  0xA326, 0xA326, 0x7225, 0x7225, 0x7225, 0x7225, 0xA326, 0xA326, 0xA326, 0xA326, 0xA326, 0xA326,
  0xA326, 0xA326, 0xA326, 0xA326, 0xA326, 0xA326, 0xA326, 0xA326, 0xA326, 0xA326, 0xA326, 0xA326,
  0xA326, 0xA326, 0xA326, 0xA326, 0xA326, 0xA326, 0xA326, 0xA326, 0xA326, 0xA326, 0xA326, 0xA326,
  0xA326, 0xA326, 0xA326, 0xA326, 0xA326, 0xA326, 0xA326, 0xA326, 0xA326, 0xA326, 0xA326, 0xA326,
  0xA326, 0xA326, 0xA326, 0xA326, 0xA326, 0xA326, 0xA326, 0xA326, 0xA326, 0xA326, 0xA326, 0xA326,
  0xA326, 0xA326, 0xA326, 0xA326, 0xA326, 0xA326, 0xA326, 0xA326, 0xA326, 0xA326, 0xA326, 0xA326,
  0xA326, 0xA326, 0x51A3, 0x51A3, 0x7225, 0x7225, 0xA326, 0xA326, 0x39C6, 0x39C6, 0x2A07, 0x2A07,
  0x3AE7, 0x3AE7, 0x3AE7, 0x3AE7, 0x3AE7, 0x3AE7, 0x3AE7, 0x3AE7, 0x4388, 0x4388, 0x3AE7, 0x3AE7,
  0x3AE7, 0x3AE7, 0x3AE7, 0x3AE7, 0x3AE7, 0x3AE7, 0x3AE7, 0x3AE7, 0x3AE7, 0x3AE7, 0x3AE7, 0x3AE7,
  0x4388, 0x4388, 0xAC4C, 0xAC4C, 0xAC4C, 0xAC4C, 0xAC4C, 0xAC4C, 0xBCCD, 0xBCCD, 0xBCCD, 0xBCCD,
  0xBCCD, 0xBCCD, 0xBCCD, 0xBCCD, 0xBCCD, 0xBCCD, 0xBCCD, 0xBCCD, 0xBCCD, 0xBCCD, 0xBCCD, 0xBCCD,
  0xAC4C, 0xAC4C, 0xAC4C, 0xAC4C, 0xAC4C, 0xAC4C, 0xAC4C, 0xAC4C, 0xC570, 0xC570, 0xD5F3, 0xD5F3,
  0xD5F3, 0xD5F3, 0xD5F3, 0xD5F3, 0xD5F3, 0xD5F3, 0xD5F3, 0xD5F3, 0xD5F3, 0xD5F3, 0xD5F3, 0xD5F3,
  0xD5F3, 0xD5F3, 0xD5F3, 0xD5F3, 0xD5F3, 0xD5F3, 0xD5F3, 0xD5F3, 0xD5F3, 0xD5F3, 0xD5F3, 0xD5F3,
  0xD5F3, 0xD5F3, 0xD5F3, 0xD5F3, 0xD5F3, 0xD5F3, 0xD5F3, 0xD5F3, 0xD5F3, 0xD5F3, 0xD5F3, 0xD5F3,
  0xD5F3, 0xD5F3, 0xD5F3, 0xD5F3, 0xD5F3, 0xD5F3, 0xD5F3, 0xD5F3, 0xD5F3, 0xD5F3, 0xD5F3, 0xD5F3,
  0xD5F3, 0xD5F3, 0xC570, 0xC570, 0xC570, 0xC570, 0xC570, 0xC570, 0xA326, 0xA326, 0xCC28, 0xCC28,
  0xCC28, 0xCC28, 0xCC28, 0xCC28, 0xCC28, 0xCC28, 0xCC28, 0xCC28, 0xCC28, 0xCC28, 0xCC28, 0xCC28,
  0xCC28, 0xCC28, 0xCC28, 0xCC28, 0xCC28, 0xCC28, 0xCC28, 0xCC28, 0xCC28, 0xCC28, 0xCC28, 0xCC28,
  0xCC28, 0xCC28, 0xCC28, 0xCC28, 0xCC28, 0xCC28, 0xCC28, 0xCC28, 0xCC28, 0xCC28, 0xCC28, 0xCC28,
  0xA326, 0xA326, 0x7225, 0x7225, 0x7225, 0x7225, 0xA326, 0xA326, 0xA326, 0xA326, 0xA326, 0xA326,
  0xA326, 0xA326, 0xA326, 0xA326, 0xA326, 0xA326, 0xA326, 0xA326, 0xA326, 0xA326, 0xA326, 0xA326,
  0xA326, 0xA326, 0xA326, 0xA326, 0xA326, 0xA326, 0xA326, 0xA326, 0xA326, 0xA326, 0xA326, 0xA326,
  0xA326, 0xA326, 0xA326, 0xA326, 0xA326, 0xA326, 0xA326, 0xA326, 0xA326, 0xA326, 0xA326, 0xA326,
  0xA326, 0xA326, 0xA326, 0xA326, 0xA326, 0xA326, 0xA326, 0xA326, 0xA326, 0xA326, 0xA326, 0xA326,
  0xA326, 0xA326, 0xA326, 0xA326, 0xA326, 0xA326, 0xA326, 0xA326, 0xA326, 0xA326, 0xA326, 0xA326,
  0xA326, 0xA326, 0x51A3, 0x51A3, 0x7225, 0x7225, 0xA326, 0xA326, 0x39C6, 0x39C6, 0x2A07, 0x2A07,
  0x3AE7, 0x3AE7, 0x3AE7, 0x3AE7, 0x3AE7, 0x3AE7, 0x3AE7, 0x3AE7, 0x3AE7, 0x3AE7, 0x3AE7, 0x3AE7,
  0x4388, 0x4388, 0x3AE7, 0x3AE7, 0x3AE7, 0x3AE7, 0x3AE7, 0x3AE7, 0x3AE7, 0x3AE7, 0x3AE7, 0x3AE7,
  0x3AE7, 0x3AE7, 0x3AE7, 0x3AE7, 0x9389, 0x9389, 0xAC4C, 0xAC4C, 0xBCCD, 0xBCCD, 0xBCCD, 0xBCCD,
  0xBCCD, 0xBCCD, 0xBCCD, 0xBCCD, 0xBCCD, 0xBCCD, 0xBCCD, 0xBCCD, 0xBCCD, 0xBCCD, 0xBCCD, 0xBCCD,
  0xBCCD, 0xBCCD, 0xBCCD, 0xBCCD, 0xBCCD, 0xBCCD, 0xAC4C, 0xAC4C, 0xAC4C, 0xAC4C, 0xAC4C, 0xAC4C,
  0xD5F3, 0xD5F3, 0xD5F3, 0xD5F3, 0xD5F3, 0xD5F3, 0xD5F3, 0xD5F3, 0xD5F3, 0xD5F3, 0xD5F3, 0xD5F3,
  0xD5F3, 0xD5F3, 0xD5F3, 0xD5F3, 0xD5F3, 0xD5F3, 0xD5F3, 0xD5F3, 0xD5F3, 0xD5F3, 0xD5F3, 0xD5F3,
  0xD5F3, 0xD5F3, 0xD5F3, 0xD5F3, 0xD5F3, 0xD5F3, 0xD5F3, 0xD5F3, 0xD5F3, 0xD5F3, 0xD5F3, 0xD5F3,
  0xD5F3, 0xD5F3, 0xD5F3, 0xD5F3, 0xD5F3, 0xD5F3, 0xD5F3, 0xD5F3, 0xD5F3, 0xD5F3, 0xD5F3, 0xD5F3,
  0xD5F3, 0xD5F3, 0xC570, 0xC570, 0xC570, 0xC570, 0xC570, 0xC570, 0xA326, 0xA326, 0xCC28, 0xCC28,
  0xCC28, 0xCC28, 0xCC28, 0xCC28, 0xCC28, 0xCC28, 0xCC28, 0xCC28, 0xCC28, 0xCC28, 0xCC28, 0xCC28,
  0xCC28, 0xCC28, 0xCC28, 0xCC28, 0xCC28, 0xCC28, 0xCC28, 0xCC28, 0xCC28, 0xCC28, 0xCC28, 0xCC28,
  0xCC28, 0xCC28, 0xCC28, 0xCC28, 0xCC28, 0xCC28, 0xCC28, 0xCC28, 0xCC28, 0xCC28, 0xCC28, 0xCC28,
  0xA326, 0xA326, 0x7225, 0x7225, 0x7225, 0x7225, 0xA326, 0xA326, 0xA326, 0xA326, 0xA326, 0xA326,
  0xA326, 0xA326, 0xA326, 0xA326, 0xA326, 0xA326, 0xA326, 0xA326, 0xA326, 0xA326, 0xA326, 0xA326,
  0xA326, 0xA326, 0xA326, 0xA326, 0xA326, 0xA326, 0xA326, 0xA326, 0xA326, 0xA326, 0xA326, 0xA326,
  0xA326, 0xA326, 0xA326, 0xA326, 0xA326, 0xA326, 0xA326, 0xA326, 0xA326, 0xA326, 0xA326, 0xA326,
  0xA326, 0xA326, 0xA326, 0xA326, 0xA326, 0xA326, 0xA326, 0xA326, 0xA326, 0xA326, 0xA326, 0xA326,
  0xA326, 0xA326, 0xA326, 0xA326, 0xA326, 0xA326, 0xA326, 0xA326, 0xA326, 0xA326, 0xA326, 0xA326,
  0xA326, 0xA326, 0x51A3, 0x51A3, 0x7225, 0x7225, 0xA326, 0xA326, 0x39C6, 0x39C6, 0x2A07, 0x2A07,
  0x3AE7, 0x3AE7, 0x3AE7, 0x3AE7, 0x3AE7, 0x3AE7, 0x3AE7, 0x3AE7, 0x3AE7, 0x3AE7, 0x3AE7, 0x3AE7,
  0x4388, 0x4388, 0x3AE7, 0x3AE7, 0x3AE7, 0x3AE7, 0x3AE7, 0x3AE7, 0x3AE7, 0x3AE7, 0x3AE7, 0x3AE7,
  0x3AE7, 0x3AE7, 0x3AE7, 0x3AE7, 0x9389, 0x9389, 0xAC4C, 0xAC4C, 0xBCCD, 0xBCCD, 0xBCCD, 0xBCCD,
  0xBCCD, 0xBCCD, 0xBCCD, 0xBCCD, 0xBCCD, 0xBCCD, 0xBCCD, 0xBCCD, 0xBCCD, 0xBCCD, 0xBCCD, 0xBCCD,
  0xBCCD, 0xBCCD, 0xBCCD, 0xBCCD, 0xBCCD, 0xBCCD, 0xAC4C, 0xAC4C, 0xAC4C, 0xAC4C, 0xAC4C, 0xAC4C,
  0xD5F3, 0xD5F3, 0xD5F3, 0xD5F3, 0xD5F3, 0xD5F3, 0xD5F3, 0xD5F3, 0xD5F3, 0xD5F3, 0xD5F3, 0xD5F3,
  0xD5F3, 0xD5F3, 0xD5F3, 0xD5F3, 0xD5F3, 0xD5F3, 0xD5F3, 0xD5F3, 0xD5F3, 0xD5F3, 0xD5F3, 0xD5F3,
  0xD5F3, 0xD5F3, 0xD5F3, 0xD5F3, 0xD5F3, 0xD5F3, 0xD5F3, 0xD5F3, 0xD5F3, 0xD5F3, 0xD5F3, 0xD5F3,
  0xD5F3, 0xD5F3, 0xD5F3, 0xD5F3, 0xD5F3, 0xD5F3, 0xD5F3, 0xD5F3, 0xD5F3, 0xD5F3, 0xD5F3, 0xD5F3,
  0xD5F3, 0xD5F3, 0xC570, 0xC570, 0xC570, 0xC570, 0xC570, 0xC570, 0xA326, 0xA326, 0xCC28, 0xCC28,
  0xCC28, 0xCC28, 0xCC28, 0xCC28, 0xCC28, 0xCC28, 0xCC28, 0xCC28, 0xCC28, 0xCC28, 0xCC28, 0xCC28,
  0xCC28, 0xCC28, 0xCC28, 0xCC28, 0xCC28, 0xCC28, 0xCC28, 0xCC28, 0xCC28, 0xCC28, 0xCC28, 0xCC28,
  0xCC28, 0xCC28, 0xCC28, 0xCC28, 0xCC28, 0xCC28, 0xCC28, 0xCC28, 0xCC28, 0xCC28, 0xCC28, 0xCC28,
  0xA326, 0xA326, 0x7225, 0x7225, 0x7225, 0x7225, 0xA326, 0xA326, 0xA326, 0xA326, 0xA326, 0xA326,
  0xA326, 0xA326, 0xA326, 0xA326, 0xA326, 0xA326, 0xA326, 0xA326, 0xA326, 0xA326, 0xA326, 0xA326,
  0xA326, 0xA326, 0xA326, 0xA326, 0xA326, 0xA326, 0xA326, 0xA326, 0xA326, 0xA326, 0xA326, 0xA326,
  0xA326, 0xA326, 0xA326, 0xA326, 0xA326, 0xA326, 0xA326, 0xA326, 0xA326, 0xA326, 0xA326, 0xA326,
  0xA326, 0xA326, 0xA326, 0xA326, 0xA326, 0xA326, 0xA326, 0xA326, 0xA326, 0xA326, 0xA326, 0xA326,
  0xA326, 0xA326, 0xA326, 0xA326, 0xA326, 0xA326, 0xA326, 0xA326, 0xA326, 0xA326, 0x7225, 0x7225,
  0x51A3, 0x51A3, 0x7225, 0x7225, 0x7225, 0x7225, 0xA326, 0xA326, 0x39C6, 0x39C6, 0x2A46, 0x2A46,
  0x3AE7, 0x3AE7, 0x3AE7, 0x3AE7, 0x3AE7, 0x3AE7, 0x3AE7, 0x3AE7, 0x3AE7, 0x3AE7, 0x3AE7, 0x3AE7,
  0x3AE7, 0x3AE7, 0x3AE7, 0x3AE7, 0x4388, 0x4388, 0x3AE7, 0x3AE7, 0x3AE7, 0x3AE7, 0x4388, 0x4388,
  0x3AE7, 0x3AE7, 0x5A88, 0x5A88, 0xAC4C, 0xAC4C, 0xBCCD, 0xBCCD, 0xBCCD, 0xBCCD, 0xBCCD, 0xBCCD,
  0xBCCD, 0xBCCD, 0xBCCD, 0xBCCD, 0xBCCD, 0xBCCD, 0xBCCD, 0xBCCD, 0xBCCD, 0xBCCD, 0xBCCD, 0xBCCD,
  0xBCCD, 0xBCCD, 0xBCCD, 0xBCCD, 0xBCCD, 0xBCCD, 0xBCCD, 0xBCCD, 0xBCCD, 0xBCCD, 0xAC4C, 0xAC4C,
  0xD5F3, 0xD5F3, 0xD5F3, 0xD5F3, 0xD5F3, 0xD5F3, 0xD5F3, 0xD5F3, 0xD5F3, 0xD5F3, 0xD5F3, 0xD5F3,
  0xD5F3, 0xD5F3, 0xD5F3, 0xD5F3, 0xD5F3, 0xD5F3, 0xD5F3, 0xD5F3, 0xD5F3, 0xD5F3, 0xD5F3, 0xD5F3,
  0xD5F3, 0xD5F3, 0xD5F3, 0xD5F3, 0xD5F3, 0xD5F3, 0xD5F3, 0xD5F3, 0xD5F3, 0xD5F3, 0xD5F3, 0xD5F3,
  0xD5F3, 0xD5F3, 0xD5F3, 0xD5F3, 0xD5F3, 0xD5F3, 0xD5F3, 0xD5F3, 0xD5F3, 0xD5F3, 0xD5F3, 0xD5F3,
  0xD5F3, 0xD5F3, 0xC570, 0xC570, 0xC570, 0xC570, 0xC570, 0xC570, 0xA326, 0xA326, 0xCC28, 0xCC28,
  0xCC28, 0xCC28, 0xCC28, 0xCC28, 0xCC28, 0xCC28, 0xCC28, 0xCC28, 0xCC28, 0xCC28, 0xCC28, 0xCC28,
  0xCC28, 0xCC28, 0xCC28, 0xCC28, 0xCC28, 0xCC28, 0xCC28, 0xCC28, 0xCC28, 0xCC28, 0xCC28, 0xCC28,
  0xCC28, 0xCC28, 0xCC28, 0xCC28, 0xCC28, 0xCC28, 0xCC28, 0xCC28, 0xCC28, 0xCC28, 0xCC28, 0xCC28,
  0xA326, 0xA326, 0x7225, 0x7225, 0x7225, 0x7225, 0xA326, 0xA326, 0xA326, 0xA326, 0xA326, 0xA326,
  0xA326, 0xA326, 0xA326, 0xA326, 0xA326, 0xA326, 0xA326, 0xA326, 0xA326, 0xA326, 0xA326, 0xA326,
  0xA326, 0xA326, 0xA326, 0xA326, 0xA326, 0xA326, 0xA326, 0xA326, 0xA326, 0xA326, 0xA326, 0xA326,
  0xA326, 0xA326, 0xA326, 0xA326, 0xA326, 0xA326, 0xA326, 0xA326, 0xA326, 0xA326, 0xA326, 0xA326,
  0xA326, 0xA326, 0xA326, 0xA326, 0xA326, 0xA326, 0xA326, 0xA326, 0xA326, 0xA326, 0xA326, 0xA326,
  0xA326, 0xA326, 0xA326, 0xA326, 0xA326, 0xA326, 0xA326, 0xA326, 0xA326, 0xA326, 0x7225, 0x7225,
  0x51A3, 0x51A3, 0x7225, 0x7225, 0x7225, 0x7225, 0xA326, 0xA326, 0x39C6, 0x39C6, 0x2A46, 0x2A46,
  0x3AE7, 0x3AE7, 0x3AE7, 0x3AE7, 0x3AE7, 0x3AE7, 0x3AE7, 0x3AE7, 0x3AE7, 0x3AE7, 0x3AE7, 0x3AE7,
  0x3AE7, 0x3AE7, 0x3AE7, 0x3AE7, 0x4388, 0x4388, 0x3AE7, 0x3AE7, 0x3AE7, 0x3AE7, 0x4388, 0x4388,
  0x3AE7, 0x3AE7, 0x5A88, 0x5A88, 0xAC4C, 0xAC4C, 0xBCCD, 0xBCCD, 0xBCCD, 0xBCCD, 0xBCCD, 0xBCCD,
  0xBCCD, 0xBCCD, 0xBCCD, 0xBCCD, 0xBCCD, 0xBCCD, 0xBCCD, 0xBCCD, 0xBCCD, 0xBCCD, 0xBCCD, 0xBCCD,
  0xBCCD, 0xBCCD, 0xBCCD, 0xBCCD, 0xBCCD, 0xBCCD, 0xBCCD, 0xBCCD, 0xBCCD, 0xBCCD, 0xAC4C, 0xAC4C,
  0xD5F3, 0xD5F3, 0xD5F3, 0xD5F3, 0xD5F3, 0xD5F3, 0xD5F3, 0xD5F3, 0xD5F3, 0xD5F3, 0xD5F3, 0xD5F3,
  0xD5F3, 0xD5F3, 0xD5F3, 0xD5F3, 0xD5F3, 0xD5F3, 0xD5F3, 0xD5F3, 0xD5F3, 0xD5F3, 0xD5F3, 0xD5F3,
  0xD5F3, 0xD5F3, 0xD5F3, 0xD5F3, 0xD5F3, 0xD5F3, 0xD5F3, 0xD5F3, 0xD5F3, 0xD5F3, 0xD5F3, 0xD5F3,
  0xD5F3, 0xD5F3, 0xD5F3, 0xD5F3, 0xD5F3, 0xD5F3, 0xD5F3, 0xD5F3, 0xD5F3, 0xD5F3, 0xD5F3, 0xD5F3,
  0xD5F3, 0xD5F3, 0xD5F3, 0xD5F3, 0xD5F3, 0xD5F3, 0xC570, 0xC570, 0xA326, 0xA326, 0xCC28, 0xCC28,
  0xA326, 0xA326, 0xCC28, 0xCC28, 0xCC28, 0xCC28, 0xCC28, 0xCC28, 0xCC28, 0xCC28, 0xCC28, 0xCC28,
  0xCC28, 0xCC28, 0xCC28, 0xCC28, 0xCC28, 0xCC28, 0xCC28, 0xCC28, 0xCC28, 0xCC28, 0xCC28, 0xCC28,
  0xCC28, 0xCC28, 0xCC28, 0xCC28, 0xCC28, 0xCC28, 0xCC28, 0xCC28, 0xCC28, 0xCC28, 0xCC28, 0xCC28,
  0xA326, 0xA326, 0x7225, 0x7225, 0x7225, 0x7225, 0x7225, 0x7225, 0xA326, 0xA326, 0xA326, 0xA326,
  0xA326, 0xA326, 0xA326, 0xA326, 0xA326, 0xA326, 0xA326, 0xA326, 0xA326, 0xA326, 0xA326, 0xA326,
  0xA326, 0xA326, 0xA326, 0xA326, 0xA326, 0xA326, 0xA326, 0xA326, 0xA326, 0xA326, 0xA326, 0xA326,
  0xA326, 0xA326, 0xA326, 0xA326, 0xA326, 0xA326, 0xA326, 0xA326, 0xA326, 0xA326, 0xA326, 0xA326,
  0xA326, 0xA326, 0xA326, 0xA326, 0xA326, 0xA326, 0xA326, 0xA326, 0xA326, 0xA326, 0xA326, 0xA326,
  0xA326, 0xA326, 0xA326, 0xA326, 0xA326, 0xA326, 0x7225, 0x7225, 0x7225, 0x7225, 0x7225, 0x7225,
  0xA326, 0xA326, 0x7225, 0x7225, 0x7225, 0x7225, 0x7225, 0x7225, 0x39C6, 0x39C6, 0x2A07, 0x2A07,
  0x3AE7, 0x3AE7, 0x3AE7, 0x3AE7, 0x3AE7, 0x3AE7, 0x3AE7, 0x3AE7, 0x4388, 0x4388, 0x4388, 0x4388,
  0x3AE7, 0x3AE7, 0x3AE7, 0x3AE7, 0x3AE7, 0x3AE7, 0x3AE7, 0x3AE7, 0x3AE7, 0x3AE7, 0x4388, 0x4388,
  0x3AE7, 0x3AE7, 0x72E8, 0x72E8, 0xBCCD, 0xBCCD, 0xBCCD, 0xBCCD, 0xBCCD, 0xBCCD, 0xBCCD, 0xBCCD,
  0xBCCD, 0xBCCD, 0xBCCD, 0xBCCD, 0xBCCD, 0xBCCD, 0xBCCD, 0xBCCD, 0xBCCD, 0xBCCD, 0xBCCD, 0xBCCD,
  0xBCCD, 0xBCCD, 0xBCCD, 0xBCCD, 0xBCCD, 0xBCCD, 0xBCCD, 0xBCCD, 0xBCCD, 0xBCCD, 0xBCCD, 0xBCCD,
  0xD5F3, 0xD5F3, 0xD5F3, 0xD5F3, 0xD5F3, 0xD5F3, 0xD5F3, 0xD5F3, 0xD5F3, 0xD5F3, 0xD5F3, 0xD5F3,
  0xD5F3, 0xD5F3, 0xD5F3, 0xD5F3, 0xD5F3, 0xD5F3, 0xD5F3, 0xD5F3, 0xD5F3, 0xD5F3, 0xD5F3, 0xD5F3,
  0xD5F3, 0xD5F3, 0xD5F3, 0xD5F3, 0xD5F3, 0xD5F3, 0xD5F3, 0xD5F3, 0xD5F3, 0xD5F3, 0xD5F3, 0xD5F3,
  0xD5F3, 0xD5F3, 0xD5F3, 0xD5F3, 0xD5F3, 0xD5F3, 0xD5F3, 0xD5F3, 0xD5F3, 0xD5F3, 0xD5F3, 0xD5F3,
  0xD5F3, 0xD5F3, 0xD5F3, 0xD5F3, 0xD5F3, 0xD5F3, 0xC570, 0xC570, 0xA326, 0xA326, 0xCC28, 0xCC28,
  0xA326, 0xA326, 0xCC28, 0xCC28, 0xCC28, 0xCC28, 0xCC28, 0xCC28, 0xCC28, 0xCC28, 0xCC28, 0xCC28,
  0xCC28, 0xCC28, 0xCC28, 0xCC28, 0xCC28, 0xCC28, 0xCC28, 0xCC28, 0xCC28, 0xCC28, 0xCC28, 0xCC28,
  0xCC28, 0xCC28, 0xCC28, 0xCC28, 0xCC28, 0xCC28, 0xCC28, 0xCC28, 0xCC28, 0xCC28, 0xCC28, 0xCC28,
  0xA326, 0xA326, 0x7225, 0x7225, 0x7225, 0x7225, 0x7225, 0x7225, 0xA326, 0xA326, 0xA326, 0xA326,
  0xA326, 0xA326, 0xA326, 0xA326, 0xA326, 0xA326, 0xA326, 0xA326, 0xA326, 0xA326, 0xA326, 0xA326,
  0xA326, 0xA326, 0xA326, 0xA326, 0xA326, 0xA326, 0xA326, 0xA326, 0xA326, 0xA326, 0xA326, 0xA326,
  0xA326, 0xA326, 0xA326, 0xA326, 0xA326, 0xA326, 0xA326, 0xA326, 0xA326, 0xA326, 0xA326, 0xA326,
  0xA326, 0xA326, 0xA326, 0xA326, 0xA326, 0xA326, 0xA326, 0xA326, 0xA326, 0xA326, 0xA326, 0xA326,
  0xA326, 0xA326, 0xA326, 0xA326, 0xA326, 0xA326, 0x7225, 0x7225, 0x7225, 0x7225, 0x7225, 0x7225,
  0xA326, 0xA326, 0x7225, 0x7225, 0x7225, 0x7225, 0x7225, 0x7225, 0x39C6, 0x39C6, 0x2A07, 0x2A07,
  0x3AE7, 0x3AE7, 0x3AE7, 0x3AE7, 0x3AE7, 0x3AE7, 0x3AE7, 0x3AE7, 0x4388, 0x4388, 0x4388, 0x4388,
  0x3AE7, 0x3AE7, 0x3AE7, 0x3AE7, 0x3AE7, 0x3AE7, 0x3AE7, 0x3AE7, 0x3AE7, 0x3AE7, 0x4388, 0x4388,
  0x3AE7, 0x3AE7, 0x72E8, 0x72E8, 0xBCCD, 0xBCCD, 0xBCCD, 0xBCCD, 0xBCCD, 0xBCCD, 0xBCCD, 0xBCCD,
  0xBCCD, 0xBCCD, 0xBCCD, 0xBCCD, 0xBCCD, 0xBCCD, 0xBCCD, 0xBCCD, 0xBCCD, 0xBCCD, 0xBCCD, 0xBCCD,
  0xBCCD, 0xBCCD, 0xBCCD, 0xBCCD, 0xBCCD, 0xBCCD, 0xBCCD, 0xBCCD, 0xBCCD, 0xBCCD, 0xBCCD, 0xBCCD,
  0xD5F3, 0xD5F3, 0xD5F3, 0xD5F3, 0xD5F3, 0xD5F3, 0xD5F3, 0xD5F3, 0xD5F3, 0xD5F3, 0xD5F3, 0xD5F3,
  0xD5F3, 0xD5F3, 0xD5F3, 0xD5F3, 0xD5F3, 0xD5F3, 0xD5F3, 0xD5F3, 0xD5F3, 0xD5F3, 0xD5F3, 0xD5F3,
  0xD5F3, 0xD5F3, 0xD5F3, 0xD5F3, 0xD5F3, 0xD5F3, 0xD5F3, 0xD5F3, 0xD5F3, 0xD5F3, 0xD5F3, 0xD5F3,
  0xD5F3, 0xD5F3, 0xD5F3, 0xD5F3, 0xD5F3, 0xD5F3, 0xD5F3, 0xD5F3, 0xD5F3, 0xD5F3, 0xD5F3, 0xD5F3,
  0xD5F3, 0xD5F3, 0xD5F3, 0xD5F3, 0xD5F3, 0xD5F3, 0xC570, 0xC570, 0xA326, 0xA326, 0xCC28, 0xCC28,
  0xA326, 0xA326, 0xCC28, 0xCC28, 0xCC28, 0xCC28, 0xCC28, 0xCC28, 0xCC28, 0xCC28, 0xCC28, 0xCC28,
  0xCC28, 0xCC28, 0xCC28, 0xCC28, 0xCC28, 0xCC28, 0xCC28, 0xCC28, 0xCC28, 0xCC28, 0xCC28, 0xCC28,
  0xCC28, 0xCC28, 0xCC28, 0xCC28, 0xCC28, 0xCC28, 0xCC28, 0xCC28, 0xCC28, 0xCC28, 0xCC28, 0xCC28,
  0xA326, 0xA326, 0x7225, 0x7225, 0x7225, 0x7225, 0x51A3, 0x51A3, 0x7225, 0x7225, 0xA326, 0xA326,
  0xA326, 0xA326, 0xA326, 0xA326, 0xA326, 0xA326, 0xA326, 0xA326, 0xA326, 0xA326, 0xA326, 0xA326,
  0xA326, 0xA326, 0xA326, 0xA326, 0xA326, 0xA326, 0xA326, 0xA326, 0xA326, 0xA326, 0xA326, 0xA326,
  0xA326, 0xA326, 0xA326, 0xA326, 0xA326, 0xA326, 0xA326, 0xA326, 0xA326, 0xA326, 0xA326, 0xA326,
  0xA326, 0xA326, 0xA326, 0xA326, 0xA326, 0xA326, 0xA326, 0xA326, 0xA326, 0xA326, 0xA326, 0xA326,
  0xA326, 0xA326, 0x7225, 0x7225, 0x7225, 0x7225, 0x7225, 0x7225, 0xA326, 0xA326, 0xA326, 0xA326,
  0x7225, 0x7225, 0x7225, 0x7225, 0x7225, 0x7225, 0x7225, 0x7225, 0x39C6, 0x39C6, 0x2A07, 0x2A07,
  0x3AE7, 0x3AE7, 0x3AE7, 0x3AE7, 0x3AE7, 0x3AE7, 0x4388, 0x4388, 0x4388, 0x4388, 0x3AE7, 0x3AE7,
  0x4388, 0x4388, 0x4388, 0x4388, 0x3AE7, 0x3AE7, 0x3AE7, 0x3AE7, 0x3AE7, 0x3AE7, 0x3AE7, 0x3AE7,
  0x3AE7, 0x3AE7, 0x9389, 0x9389, 0xBCCD, 0xBCCD, 0xBCCD, 0xBCCD, 0xBCCD, 0xBCCD, 0xBCCD, 0xBCCD,
  0xBCCD, 0xBCCD, 0xBCCD, 0xBCCD, 0xBCCD, 0xBCCD, 0xBCCD, 0xBCCD, 0xBCCD, 0xBCCD, 0xBCCD, 0xBCCD,
  0xBCCD, 0xBCCD, 0xBCCD, 0xBCCD, 0xBCCD, 0xBCCD, 0xBCCD, 0xBCCD, 0xBCCD, 0xBCCD, 0xBCCD, 0xBCCD,
  0xD5F3, 0xD5F3, 0xD5F3, 0xD5F3, 0xD5F3, 0xD5F3, 0xD5F3, 0xD5F3, 0xD5F3, 0xD5F3, 0xD5F3, 0xD5F3,
  0xD5F3, 0xD5F3, 0xD5F3, 0xD5F3, 0xD5F3, 0xD5F3, 0xD5F3, 0xD5F3, 0xD5F3, 0xD5F3, 0xD5F3, 0xD5F3,
  0xD5F3, 0xD5F3, 0xD5F3, 0xD5F3, 0xD5F3, 0xD5F3, 0xD5F3, 0xD5F3, 0xD5F3, 0xD5F3, 0xD5F3, 0xD5F3,
  0xD5F3, 0xD5F3, 0xD5F3, 0xD5F3, 0xD5F3, 0xD5F3, 0xD5F3, 0xD5F3, 0xD5F3, 0xD5F3, 0xD5F3, 0xD5F3,
  0xD5F3, 0xD5F3, 0xD5F3, 0xD5F3, 0xD5F3, 0xD5F3, 0xC570, 0xC570, 0xA326, 0xA326, 0xCC28, 0xCC28,
  0xA326, 0xA326, 0xCC28, 0xCC28, 0xCC28, 0xCC28, 0xCC28, 0xCC28, 0xCC28, 0xCC28, 0xCC28, 0xCC28,
  0xCC28, 0xCC28, 0xCC28, 0xCC28, 0xCC28, 0xCC28, 0xCC28, 0xCC28, 0xCC28, 0xCC28, 0xCC28, 0xCC28,
  0xCC28, 0xCC28, 0xCC28, 0xCC28, 0xCC28, 0xCC28, 0xCC28, 0xCC28, 0xCC28, 0xCC28, 0xCC28, 0xCC28,
  0xA326, 0xA326, 0x7225, 0x7225, 0x7225, 0x7225, 0x51A3, 0x51A3, 0x7225, 0x7225, 0xA326, 0xA326,
  0xA326, 0xA326, 0xA326, 0xA326, 0xA326, 0xA326, 0xA326, 0xA326, 0xA326, 0xA326, 0xA326, 0xA326,
  0xA326, 0xA326, 0xA326, 0xA326, 0xA326, 0xA326, 0xA326, 0xA326, 0xA326, 0xA326, 0xA326, 0xA326,
  0xA326, 0xA326, 0xA326, 0xA326, 0xA326, 0xA326, 0xA326, 0xA326, 0xA326, 0xA326, 0xA326, 0xA326,
  0xA326, 0xA326, 0xA326, 0xA326, 0xA326, 0xA326, 0xA326, 0xA326, 0xA326, 0xA326, 0xA326, 0xA326,
  0xA326, 0xA326, 0x7225, 0x7225, 0x7225, 0x7225, 0x7225, 0x7225, 0xA326, 0xA326, 0xA326, 0xA326,
  0x7225, 0x7225, 0x7225, 0x7225, 0x7225, 0x7225, 0x7225, 0x7225, 0x39C6, 0x39C6, 0x2A07, 0x2A07,
  0x3AE7, 0x3AE7, 0x3AE7, 0x3AE7, 0x3AE7, 0x3AE7, 0x4388, 0x4388, 0x4388, 0x4388, 0x3AE7, 0x3AE7,
  0x4388, 0x4388, 0x4388, 0x4388, 0x3AE7, 0x3AE7, 0x3AE7, 0x3AE7, 0x3AE7, 0x3AE7, 0x3AE7, 0x3AE7,
  0x3AE7, 0x3AE7, 0x9389, 0x9389, 0xBCCD, 0xBCCD, 0xBCCD, 0xBCCD, 0xBCCD, 0xBCCD, 0xBCCD, 0xBCCD,
  0xBCCD, 0xBCCD, 0xBCCD, 0xBCCD, 0xBCCD, 0xBCCD, 0xBCCD, 0xBCCD, 0xBCCD, 0xBCCD, 0xBCCD, 0xBCCD,
  0xBCCD, 0xBCCD, 0xBCCD, 0xBCCD, 0xBCCD, 0xBCCD, 0xBCCD, 0xBCCD, 0xBCCD, 0xBCCD, 0xBCCD, 0xBCCD,
  0xD5F3, 0xD5F3, 0xC570, 0xC570, 0xC570, 0xC570, 0xD5F3, 0xD5F3, 0xD5F3, 0xD5F3, 0xD5F3, 0xD5F3,
  0xD5F3, 0xD5F3, 0xD5F3, 0xD5F3, 0xD5F3, 0xD5F3, 0xD5F3, 0xD5F3, 0xD5F3, 0xD5F3, 0xD5F3, 0xD5F3,
  0xD5F3, 0xD5F3, 0xD5F3, 0xD5F3, 0xD5F3, 0xD5F3, 0xD5F3, 0xD5F3, 0xD5F3, 0xD5F3, 0xD5F3, 0xD5F3,
  0xD5F3, 0xD5F3, 0xD5F3, 0xD5F3, 0xD5F3, 0xD5F3, 0xD5F3, 0xD5F3, 0xD5F3, 0xD5F3, 0xD5F3, 0xD5F3,
  0xD5F3, 0xD5F3, 0xD5F3, 0xD5F3, 0xD5F3, 0xD5F3, 0xC570, 0xC570, 0xA326, 0xA326, 0xCC28, 0xCC28,
  0xA326, 0xA326, 0xCC28, 0xCC28, 0xCC28, 0xCC28, 0xCC28, 0xCC28, 0xCC28, 0xCC28, 0xCC28, 0xCC28,
  0xCC28, 0xCC28, 0xCC28, 0xCC28, 0xCC28, 0xCC28, 0xCC28, 0xCC28, 0xCC28, 0xCC28, 0xCC28, 0xCC28,
  0xCC28, 0xCC28, 0xCC28, 0xCC28, 0xCC28, 0xCC28, 0xCC28, 0xCC28, 0xCC28, 0xCC28, 0xCC28, 0xCC28,
  0xA326, 0xA326, 0x7225, 0x7225, 0x7225, 0x7225, 0x51A3, 0x51A3, 0xA326, 0xA326, 0xA326, 0xA326,
  0xA326, 0xA326, 0xA326, 0xA326, 0xA326, 0xA326, 0xA326, 0xA326, 0xA326, 0xA326, 0xA326, 0xA326,
  0xA326, 0xA326, 0xA326, 0xA326, 0xA326, 0xA326, 0xA326, 0xA326, 0xA326, 0xA326, 0xA326, 0xA326,
  0xA326, 0xA326, 0xA326, 0xA326, 0xA326, 0xA326, 0xA326, 0xA326, 0xA326, 0xA326, 0xA326, 0xA326,
  0xA326, 0xA326, 0xA326, 0xA326, 0xA326, 0xA326, 0xA326, 0xA326, 0xA326, 0xA326, 0x7225, 0x7225,
  0x7225, 0x7225, 0x7225, 0x7225, 0xA326, 0xA326, 0xA326, 0xA326, 0x7225, 0x7225, 0x7225, 0x7225,
  0xA326, 0xA326, 0x7225, 0x7225, 0x7225, 0x7225, 0xA326, 0xA326, 0x39C6, 0x39C6, 0x2A07, 0x2A07,
  0x3AE7, 0x3AE7, 0x3AE7, 0x3AE7, 0x3AE7, 0x3AE7, 0x4388, 0x4388, 0x4388, 0x4388, 0x4388, 0x4388,
  0x4388, 0x4388, 0x4388, 0x4388, 0x3AE7, 0x3AE7, 0x4388, 0x4388, 0x3AE7, 0x3AE7, 0x3AE7, 0x3AE7,
  0x3AE7, 0x3AE7, 0xAC4C, 0xAC4C, 0xBCCD, 0xBCCD, 0xBCCD, 0xBCCD, 0xBCCD, 0xBCCD, 0xBCCD, 0xBCCD,
  0xBCCD, 0xBCCD, 0xBCCD, 0xBCCD, 0xBCCD, 0xBCCD, 0xBCCD, 0xBCCD, 0xBCCD, 0xBCCD, 0xBCCD, 0xBCCD,
  0xBCCD, 0xBCCD, 0xBCCD, 0xBCCD, 0xBCCD, 0xBCCD, 0xBCCD, 0xBCCD, 0xBCCD, 0xBCCD, 0xBCCD, 0xBCCD,
  0xD5F3, 0xD5F3, 0xC570, 0xC570, 0xC570, 0xC570, 0xD5F3, 0xD5F3, 0xD5F3, 0xD5F3, 0xD5F3, 0xD5F3,
  0xD5F3, 0xD5F3, 0xD5F3, 0xD5F3, 0xD5F3, 0xD5F3, 0xD5F3, 0xD5F3, 0xD5F3, 0xD5F3, 0xD5F3, 0xD5F3,
  0xD5F3, 0xD5F3, 0xD5F3, 0xD5F3, 0xD5F3, 0xD5F3, 0xD5F3, 0xD5F3, 0xD5F3, 0xD5F3, 0xD5F3, 0xD5F3,
  0xD5F3, 0xD5F3, 0xD5F3, 0xD5F3, 0xD5F3, 0xD5F3, 0xD5F3, 0xD5F3, 0xD5F3, 0xD5F3, 0xD5F3, 0xD5F3,
  0xD5F3, 0xD5F3, 0xD5F3, 0xD5F3, 0xD5F3, 0xD5F3, 0xC570, 0xC570, 0xA326, 0xA326, 0xCC28, 0xCC28,
  0xA326, 0xA326, 0xCC28, 0xCC28, 0xCC28, 0xCC28, 0xCC28, 0xCC28, 0xCC28, 0xCC28, 0xCC28, 0xCC28,
  0xCC28, 0xCC28, 0xCC28, 0xCC28, 0xCC28, 0xCC28, 0xCC28, 0xCC28, 0xCC28, 0xCC28, 0xCC28, 0xCC28,
  0xCC28, 0xCC28, 0xCC28, 0xCC28, 0xCC28, 0xCC28, 0xCC28, 0xCC28, 0xCC28, 0xCC28, 0xCC28, 0xCC28,
  0xA326, 0xA326, 0x7225, 0x7225, 0x7225, 0x7225, 0x51A3, 0x51A3, 0xA326, 0xA326, 0xA326, 0xA326,
  0xA326, 0xA326, 0xA326, 0xA326, 0xA326, 0xA326, 0xA326, 0xA326, 0xA326, 0xA326, 0xA326, 0xA326,
  0xA326, 0xA326, 0xA326, 0xA326, 0xA326, 0xA326, 0xA326, 0xA326, 0xA326, 0xA326, 0xA326, 0xA326,
  0xA326, 0xA326, 0xA326, 0xA326, 0xA326, 0xA326, 0xA326, 0xA326, 0xA326, 0xA326, 0xA326, 0xA326,
  0xA326, 0xA326, 0xA326, 0xA326, 0xA326, 0xA326, 0xA326, 0xA326, 0xA326, 0xA326, 0x7225, 0x7225,
  0x7225, 0x7225, 0x7225, 0x7225, 0xA326, 0xA326, 0xA326, 0xA326, 0x7225, 0x7225, 0x7225, 0x7225,
  0xA326, 0xA326, 0x7225, 0x7225, 0x7225, 0x7225, 0xA326, 0xA326, 0x39C6, 0x39C6, 0x2A07, 0x2A07,
  0x3AE7, 0x3AE7, 0x3AE7, 0x3AE7, 0x3AE7, 0x3AE7, 0x4388, 0x4388, 0x4388, 0x4388, 0x4388, 0x4388,
  0x4388, 0x4388, 0x4388, 0x4388, 0x3AE7, 0x3AE7, 0x4388, 0x4388, 0x3AE7, 0x3AE7, 0x3AE7, 0x3AE7,
  0x3AE7, 0x3AE7, 0xAC4C, 0xAC4C, 0xBCCD, 0xBCCD, 0xBCCD, 0xBCCD, 0xBCCD, 0xBCCD, 0xBCCD, 0xBCCD,
  0xBCCD, 0xBCCD, 0xBCCD, 0xBCCD, 0xBCCD, 0xBCCD, 0xBCCD, 0xBCCD, 0xBCCD, 0xBCCD, 0xBCCD, 0xBCCD,
  0xBCCD, 0xBCCD, 0xBCCD, 0xBCCD, 0xBCCD, 0xBCCD, 0xBCCD, 0xBCCD, 0xBCCD, 0xBCCD, 0xBCCD, 0xBCCD,
  0xC570, 0xC570, 0xC570, 0xC570, 0xC570, 0xC570, 0xD5F3, 0xD5F3, 0xD5F3, 0xD5F3, 0xD5F3, 0xD5F3,
  0xD5F3, 0xD5F3, 0xD5F3, 0xD5F3, 0xD5F3, 0xD5F3, 0xD5F3, 0xD5F3, 0xD5F3, 0xD5F3, 0xD5F3, 0xD5F3,
  0xD5F3, 0xD5F3, 0xD5F3, 0xD5F3, 0xD5F3, 0xD5F3, 0xD5F3, 0xD5F3, 0xD5F3, 0xD5F3, 0xD5F3, 0xD5F3,
  0xD5F3, 0xD5F3, 0xD5F3, 0xD5F3, 0xD5F3, 0xD5F3, 0xD5F3, 0xD5F3, 0xD5F3, 0xD5F3, 0xD5F3, 0xD5F3,
  0xD5F3, 0xD5F3, 0xD5F3, 0xD5F3, 0xC570, 0xC570, 0x72E8, 0x72E8, 0xA326, 0xA326, 0xCC28, 0xCC28,
  0xA326, 0xA326, 0xCC28, 0xCC28, 0xCC28, 0xCC28, 0xCC28, 0xCC28, 0xCC28, 0xCC28, 0xCC28, 0xCC28,
  0xCC28, 0xCC28, 0xCC28, 0xCC28, 0xCC28, 0xCC28, 0xCC28, 0xCC28, 0xCC28, 0xCC28, 0xCC28, 0xCC28,
  0xCC28, 0xCC28, 0xCC28, 0xCC28, 0xCC28, 0xCC28, 0xCC28, 0xCC28, 0xCC28, 0xCC28, 0xCC28, 0xCC28,
  0xA326, 0xA326, 0x7225, 0x7225, 0x7225, 0x7225, 0x51A3, 0x51A3, 0x7225, 0x7225, 0xA326, 0xA326,
  0xA326, 0xA326, 0xA326, 0xA326, 0xA326, 0xA326, 0xA326, 0xA326, 0xA326, 0xA326, 0xA326, 0xA326,
  0xA326, 0xA326, 0xA326, 0xA326, 0xA326, 0xA326, 0xA326, 0xA326, 0xA326, 0xA326, 0xA326, 0xA326,
  0xA326, 0xA326, 0xA326, 0xA326, 0xA326, 0xA326, 0xA326, 0xA326, 0xA326, 0xA326, 0xA326, 0xA326,
  0xA326, 0xA326, 0xA326, 0xA326, 0xA326, 0xA326, 0x7225, 0x7225, 0x7225, 0x7225, 0x7225, 0x7225,
  0xA326, 0xA326, 0xA326, 0xA326, 0x7225, 0x7225, 0x7225, 0x7225, 0xA326, 0xA326, 0xA326, 0xA326,
  0xA326, 0xA326, 0x7225, 0x7225, 0x7225, 0x7225, 0xA326, 0xA326, 0x39C6, 0x39C6, 0x2A07, 0x2A07,
  0x3AE7, 0x3AE7, 0x3AE7, 0x3AE7, 0x3AE7, 0x3AE7, 0x4388, 0x4388, 0x4388, 0x4388, 0x4388, 0x4388,
  0x4388, 0x4388, 0x4388, 0x4388, 0x3AE7, 0x3AE7, 0x3AE7, 0x3AE7, 0x4388, 0x4388, 0x3AE7, 0x3AE7,
  0x5BEA, 0x5BEA, 0xBCCD, 0xBCCD, 0xBCCD, 0xBCCD, 0xBCCD, 0xBCCD, 0xBCCD, 0xBCCD, 0xBCCD, 0xBCCD,
  0xBCCD, 0xBCCD, 0xBCCD, 0xBCCD, 0xBCCD, 0xBCCD, 0xBCCD, 0xBCCD, 0xBCCD, 0xBCCD, 0xBCCD, 0xBCCD,
  0xBCCD, 0xBCCD, 0xBCCD, 0xBCCD, 0xBCCD, 0xBCCD, 0xBCCD, 0xBCCD, 0xBCCD, 0xBCCD, 0xBCCD, 0xBCCD,
  0xC570, 0xC570, 0xC570, 0xC570, 0xC570, 0xC570, 0xD5F3, 0xD5F3, 0xD5F3, 0xD5F3, 0xD5F3, 0xD5F3,
  0xD5F3, 0xD5F3, 0xD5F3, 0xD5F3, 0xD5F3, 0xD5F3, 0xD5F3, 0xD5F3, 0xD5F3, 0xD5F3, 0xD5F3, 0xD5F3,
  0xD5F3, 0xD5F3, 0xD5F3, 0xD5F3, 0xD5F3, 0xD5F3, 0xD5F3, 0xD5F3, 0xD5F3, 0xD5F3, 0xD5F3, 0xD5F3,
  0xD5F3, 0xD5F3, 0xD5F3, 0xD5F3, 0xD5F3, 0xD5F3, 0xD5F3, 0xD5F3, 0xD5F3, 0xD5F3, 0xD5F3, 0xD5F3,
  0xD5F3, 0xD5F3, 0xD5F3, 0xD5F3, 0xC570, 0xC570, 0x72E8, 0x72E8, 0xA326, 0xA326, 0xCC28, 0xCC28,
  0xA326, 0xA326, 0xCC28, 0xCC28, 0xCC28, 0xCC28, 0xCC28, 0xCC28, 0xCC28, 0xCC28, 0xCC28, 0xCC28,
  0xCC28, 0xCC28, 0xCC28, 0xCC28, 0xCC28, 0xCC28, 0xCC28, 0xCC28, 0xCC28, 0xCC28, 0xCC28, 0xCC28,
  0xCC28, 0xCC28, 0xCC28, 0xCC28, 0xCC28, 0xCC28, 0xCC28, 0xCC28, 0xCC28, 0xCC28, 0xCC28, 0xCC28,
  0xA326, 0xA326, 0x7225, 0x7225, 0x7225, 0x7225, 0x51A3, 0x51A3, 0x7225, 0x7225, 0xA326, 0xA326,
  0xA326, 0xA326, 0xA326, 0xA326, 0xA326, 0xA326, 0xA326, 0xA326, 0xA326, 0xA326, 0xA326, 0xA326,
  0xA326, 0xA326, 0xA326, 0xA326, 0xA326, 0xA326, 0xA326, 0xA326, 0xA326, 0xA326, 0xA326, 0xA326,
  0xA326, 0xA326, 0xA326, 0xA326, 0xA326, 0xA326, 0xA326, 0xA326, 0xA326, 0xA326, 0xA326, 0xA326,
  0xA326, 0xA326, 0xA326, 0xA326, 0xA326, 0xA326, 0x7225, 0x7225, 0x7225, 0x7225, 0x7225, 0x7225,
  0xA326, 0xA326, 0xA326, 0xA326, 0x7225, 0x7225, 0x7225, 0x7225, 0xA326, 0xA326, 0xA326, 0xA326,
  0xA326, 0xA326, 0x7225, 0x7225, 0x7225, 0x7225, 0xA326, 0xA326, 0x39C6, 0x39C6, 0x2A07, 0x2A07,
  0x3AE7, 0x3AE7, 0x3AE7, 0x3AE7, 0x3AE7, 0x3AE7, 0x4388, 0x4388, 0x4388, 0x4388, 0x4388, 0x4388,
  0x4388, 0x4388, 0x4388, 0x4388, 0x3AE7, 0x3AE7, 0x3AE7, 0x3AE7, 0x4388, 0x4388, 0x3AE7, 0x3AE7,
  0x5BEA, 0x5BEA, 0xBCCD, 0xBCCD, 0xBCCD, 0xBCCD, 0xBCCD, 0xBCCD, 0xBCCD, 0xBCCD, 0xBCCD, 0xBCCD,
  0xBCCD, 0xBCCD, 0xBCCD, 0xBCCD, 0xBCCD, 0xBCCD, 0xBCCD, 0xBCCD, 0xBCCD, 0xBCCD, 0xBCCD, 0xBCCD,
  0xBCCD, 0xBCCD, 0xBCCD, 0xBCCD, 0xBCCD, 0xBCCD, 0xBCCD, 0xBCCD, 0xBCCD, 0xBCCD, 0xBCCD, 0xBCCD,
  0xD5F3, 0xD5F3, 0xC570, 0xC570, 0xD5F3, 0xD5F3, 0xD5F3, 0xD5F3, 0xD5F3, 0xD5F3, 0xD5F3, 0xD5F3,
  0xD5F3, 0xD5F3, 0xD5F3, 0xD5F3, 0xD5F3, 0xD5F3, 0xD5F3, 0xD5F3, 0xD5F3, 0xD5F3, 0xD5F3, 0xD5F3,
  0xD5F3, 0xD5F3, 0xD5F3, 0xD5F3, 0xD5F3, 0xD5F3, 0xD5F3, 0xD5F3, 0xD5F3, 0xD5F3, 0xD5F3, 0xD5F3,
  0xD5F3, 0xD5F3, 0xD5F3, 0xD5F3, 0xD5F3, 0xD5F3, 0xD5F3, 0xD5F3, 0xD5F3, 0xD5F3, 0xD5F3, 0xD5F3,
  0xC570, 0xC570, 0x5BEA, 0x5BEA, 0x3AE7, 0x3AE7, 0x2A07, 0x2A07, 0xA326, 0xA326, 0xCC28, 0xCC28,
  0xA326, 0xA326, 0xCC28, 0xCC28, 0xCC28, 0xCC28, 0xCC28, 0xCC28, 0xCC28, 0xCC28, 0xCC28, 0xCC28,
  0xCC28, 0xCC28, 0xCC28, 0xCC28, 0xCC28, 0xCC28, 0xCC28, 0xCC28, 0xCC28, 0xCC28, 0xCC28, 0xCC28,
  0xCC28, 0xCC28, 0xCC28, 0xCC28, 0xCC28, 0xCC28, 0xCC28, 0xCC28, 0xCC28, 0xCC28, 0xCC28, 0xCC28,
  0xA326, 0xA326, 0x7225, 0x7225, 0x7225, 0x7225, 0x51A3, 0x51A3, 0x7225, 0x7225, 0xA326, 0xA326,
  0xA326, 0xA326, 0xA326, 0xA326, 0xA326, 0xA326, 0xA326, 0xA326, 0xA326, 0xA326, 0xA326, 0xA326,
  0xA326, 0xA326, 0xA326, 0xA326, 0xA326, 0xA326, 0xA326, 0xA326, 0xA326, 0xA326, 0xA326, 0xA326,
  0xA326, 0xA326, 0xA326, 0xA326, 0xA326, 0xA326, 0xA326, 0xA326, 0xA326, 0xA326, 0xA326, 0xA326,
  0xA326, 0xA326, 0x7225, 0x7225, 0x7225, 0x7225, 0x7225, 0x7225, 0xA326, 0xA326, 0xA326, 0xA326,
  0x7225, 0x7225, 0x7225, 0x7225, 0xA326, 0xA326, 0xA326, 0xA326, 0xA326, 0xA326, 0xA326, 0xA326,
  0xA326, 0xA326, 0x7225, 0x7225, 0x7225, 0x7225, 0xA326, 0xA326, 0x39C6, 0x39C6, 0x2A07, 0x2A07,
  0x3AE7, 0x3AE7, 0x3AE7, 0x3AE7, 0x3AE7, 0x3AE7, 0x4388, 0x4388, 0x4388, 0x4388, 0x4388, 0x4388,
  0x4388, 0x4388, 0x4388, 0x4388, 0x3AE7, 0x3AE7, 0x3AE7, 0x3AE7, 0x4388, 0x4388, 0x3AE7, 0x3AE7,
  0x5BEA, 0x5BEA, 0xBCCD, 0xBCCD, 0xBCCD, 0xBCCD, 0xBCCD, 0xBCCD, 0xBCCD, 0xBCCD, 0xBCCD, 0xBCCD,
  0xBCCD, 0xBCCD, 0xBCCD, 0xBCCD, 0xBCCD, 0xBCCD, 0xBCCD, 0xBCCD, 0xBCCD, 0xBCCD, 0xBCCD, 0xBCCD,
  0xBCCD, 0xBCCD, 0xBCCD, 0xBCCD, 0xBCCD, 0xBCCD, 0xBCCD, 0xBCCD, 0xBCCD, 0xBCCD, 0xBCCD, 0xBCCD,
  0xD5F3, 0xD5F3, 0xC570, 0xC570, 0xD5F3, 0xD5F3, 0xD5F3, 0xD5F3, 0xD5F3, 0xD5F3, 0xD5F3, 0xD5F3,
  0xD5F3, 0xD5F3, 0xD5F3, 0xD5F3, 0xD5F3, 0xD5F3, 0xD5F3, 0xD5F3, 0xD5F3, 0xD5F3, 0xD5F3, 0xD5F3,
  0xD5F3, 0xD5F3, 0xD5F3, 0xD5F3, 0xD5F3, 0xD5F3, 0xD5F3, 0xD5F3, 0xD5F3, 0xD5F3, 0xD5F3, 0xD5F3,
  0xD5F3, 0xD5F3, 0xD5F3, 0xD5F3, 0xD5F3, 0xD5F3, 0xD5F3, 0xD5F3, 0xD5F3, 0xD5F3, 0xD5F3, 0xD5F3,
  0xC570, 0xC570, 0x5BEA, 0x5BEA, 0x3AE7, 0x3AE7, 0x2A07, 0x2A07, 0xA326, 0xA326, 0xCC28, 0xCC28,
  0xA326, 0xA326, 0xCC28, 0xCC28, 0xCC28, 0xCC28, 0xCC28, 0xCC28, 0xCC28, 0xCC28, 0xCC28, 0xCC28,
  0xCC28, 0xCC28, 0xCC28, 0xCC28, 0xCC28, 0xCC28, 0xCC28, 0xCC28, 0xCC28, 0xCC28, 0xCC28, 0xCC28,
  0xCC28, 0xCC28, 0xCC28, 0xCC28, 0xCC28, 0xCC28, 0xCC28, 0xCC28, 0xCC28, 0xCC28, 0xCC28, 0xCC28,
  0xA326, 0xA326, 0x7225, 0x7225, 0x7225, 0x7225, 0x51A3, 0x51A3, 0x7225, 0x7225, 0xA326, 0xA326,
  0xA326, 0xA326, 0xA326, 0xA326, 0xA326, 0xA326, 0xA326, 0xA326, 0xA326, 0xA326, 0xA326, 0xA326,
  0xA326, 0xA326, 0xA326, 0xA326, 0xA326, 0xA326, 0xA326, 0xA326, 0xA326, 0xA326, 0xA326, 0xA326,
  0xA326, 0xA326, 0xA326, 0xA326, 0xA326, 0xA326, 0xA326, 0xA326, 0xA326, 0xA326, 0xA326, 0xA326,
  0xA326, 0xA326, 0x7225, 0x7225, 0x7225, 0x7225, 0x7225, 0x7225, 0xA326, 0xA326, 0xA326, 0xA326,
  0x7225, 0x7225, 0x7225, 0x7225, 0xA326, 0xA326, 0xA326, 0xA326, 0xA326, 0xA326, 0xA326, 0xA326,
  0xA326, 0xA326, 0x7225, 0x7225, 0x7225, 0x7225, 0xA326, 0xA326, 0x39C6, 0x39C6, 0x2A07, 0x2A07,
  0x3AE7, 0x3AE7, 0x3AE7, 0x3AE7, 0x3AE7, 0x3AE7, 0x4388, 0x4388, 0x4388, 0x4388, 0x4388, 0x4388,
  0x4388, 0x4388, 0x4388, 0x4388, 0x3AE7, 0x3AE7, 0x3AE7, 0x3AE7, 0x4388, 0x4388, 0x3AE7, 0x3AE7,
  0x5BEA, 0x5BEA, 0xBCCD, 0xBCCD, 0xBCCD, 0xBCCD, 0xBCCD, 0xBCCD, 0xBCCD, 0xBCCD, 0xBCCD, 0xBCCD,
  0xBCCD, 0xBCCD, 0xBCCD, 0xBCCD, 0xBCCD, 0xBCCD, 0xBCCD, 0xBCCD, 0xBCCD, 0xBCCD, 0xBCCD, 0xBCCD,
  0xBCCD, 0xBCCD, 0xBCCD, 0xBCCD, 0xBCCD, 0xBCCD, 0xBCCD, 0xBCCD, 0xBCCD, 0xBCCD, 0xBCCD, 0xBCCD,
  0xD5F3, 0xD5F3, 0xD5F3, 0xD5F3, 0xD5F3, 0xD5F3, 0xD5F3, 0xD5F3, 0xD5F3, 0xD5F3, 0xD5F3, 0xD5F3,
  0xD5F3, 0xD5F3, 0xD5F3, 0xD5F3, 0xD5F3, 0xD5F3, 0xD5F3, 0xD5F3, 0xD5F3, 0xD5F3, 0xD5F3, 0xD5F3,
  0xD5F3, 0xD5F3, 0xD5F3, 0xD5F3, 0xD5F3, 0xD5F3, 0xD5F3, 0xD5F3, 0xD5F3, 0xD5F3, 0xD5F3, 0xD5F3,
  0xD5F3, 0xD5F3, 0xD5F3, 0xD5F3, 0xD5F3, 0xD5F3, 0xD5F3, 0xD5F3, 0xC570, 0xC570, 0x5BEA, 0x5BEA,
  0x3AE7, 0x3AE7, 0x3AE7, 0x3AE7, 0x3AE7, 0x3AE7, 0x3AE7, 0x3AE7, 0xA326, 0xA326, 0xCC28, 0xCC28,
  0xA326, 0xA326, 0xCC28, 0xCC28, 0xCC28, 0xCC28, 0xCC28, 0xCC28, 0xCC28, 0xCC28, 0xCC28, 0xCC28,
  0xCC28, 0xCC28, 0xCC28, 0xCC28, 0xCC28, 0xCC28, 0xCC28, 0xCC28, 0xCC28, 0xCC28, 0xCC28, 0xCC28,
  0xCC28, 0xCC28, 0xCC28, 0xCC28, 0xCC28, 0xCC28, 0xCC28, 0xCC28, 0xCC28, 0xCC28, 0xCC28, 0xCC28,
  0xA326, 0xA326, 0x7225, 0x7225, 0x7225, 0x7225, 0x51A3, 0x51A3, 0x7225, 0x7225, 0xA326, 0xA326,
  0xA326, 0xA326, 0xA326, 0xA326, 0xA326, 0xA326, 0xA326, 0xA326, 0xA326, 0xA326, 0xA326, 0xA326,
  0xA326, 0xA326, 0xA326, 0xA326, 0xA326, 0xA326, 0xA326, 0xA326, 0xA326, 0xA326, 0xA326, 0xA326,
  0xA326, 0xA326, 0xA326, 0xA326, 0xA326, 0xA326, 0xA326, 0xA326, 0xA326, 0xA326, 0x7225, 0x7225,
  0x7225, 0x7225, 0x7225, 0x7225, 0xA326, 0xA326, 0xA326, 0xA326, 0x7225, 0x7225, 0x7225, 0x7225,
  0xA326, 0xA326, 0xA326, 0xA326, 0xA326, 0xA326, 0xA326, 0xA326, 0xA326, 0xA326, 0xA326, 0xA326,
  0xA326, 0xA326, 0x7225, 0x7225, 0x7225, 0x7225, 0xA326, 0xA326, 0x39C6, 0x39C6, 0x2A07, 0x2A07,
  0x3AE7, 0x3AE7, 0x3AE7, 0x3AE7, 0x3AE7, 0x3AE7, 0x4388, 0x4388, 0x3AE7, 0x3AE7, 0x4388, 0x4388,
  0x4388, 0x4388, 0x4388, 0x4388, 0x3AE7, 0x3AE7, 0x3AE7, 0x3AE7, 0x4388, 0x4388, 0x3AE7, 0x3AE7,
  0x9389, 0x9389, 0xBCCD, 0xBCCD, 0xBCCD, 0xBCCD, 0xBCCD, 0xBCCD, 0xBCCD, 0xBCCD, 0xBCCD, 0xBCCD,
  0xBCCD, 0xBCCD, 0xBCCD, 0xBCCD, 0xBCCD, 0xBCCD, 0xBCCD, 0xBCCD, 0xBCCD, 0xBCCD, 0xBCCD, 0xBCCD,
  0xBCCD, 0xBCCD, 0xBCCD, 0xBCCD, 0xBCCD, 0xBCCD, 0xBCCD, 0xBCCD, 0xBCCD, 0xBCCD, 0xBCCD, 0xBCCD,
  0xD5F3, 0xD5F3, 0xD5F3, 0xD5F3, 0xD5F3, 0xD5F3, 0xD5F3, 0xD5F3, 0xD5F3, 0xD5F3, 0xD5F3, 0xD5F3,
  0xD5F3, 0xD5F3, 0xD5F3, 0xD5F3, 0xD5F3, 0xD5F3, 0xD5F3, 0xD5F3, 0xD5F3, 0xD5F3, 0xD5F3, 0xD5F3,
  0xD5F3, 0xD5F3, 0xD5F3, 0xD5F3, 0xD5F3, 0xD5F3, 0xD5F3, 0xD5F3, 0xD5F3, 0xD5F3, 0xD5F3, 0xD5F3,
  0xD5F3, 0xD5F3, 0xD5F3, 0xD5F3, 0xD5F3, 0xD5F3, 0xD5F3, 0xD5F3, 0xC570, 0xC570, 0x5BEA, 0x5BEA,
  0x3AE7, 0x3AE7, 0x3AE7, 0x3AE7, 0x3AE7, 0x3AE7, 0x3AE7, 0x3AE7, 0xA326, 0xA326, 0xCC28, 0xCC28,
  0xA326, 0xA326, 0xCC28, 0xCC28, 0xCC28, 0xCC28, 0xCC28, 0xCC28, 0xCC28, 0xCC28, 0xCC28, 0xCC28,
  0xCC28, 0xCC28, 0xCC28, 0xCC28, 0xCC28, 0xCC28, 0xCC28, 0xCC28, 0xCC28, 0xCC28, 0xCC28, 0xCC28,
  0xCC28, 0xCC28, 0xCC28, 0xCC28, 0xCC28, 0xCC28, 0xCC28, 0xCC28, 0xCC28, 0xCC28, 0xCC28, 0xCC28,
  0xA326, 0xA326, 0x7225, 0x7225, 0x7225, 0x7225, 0x51A3, 0x51A3, 0x7225, 0x7225, 0xA326, 0xA326,
  0xA326, 0xA326, 0xA326, 0xA326, 0xA326, 0xA326, 0xA326, 0xA326, 0xA326, 0xA326, 0xA326, 0xA326,
  0xA326, 0xA326, 0xA326, 0xA326, 0xA326, 0xA326, 0xA326, 0xA326, 0xA326, 0xA326, 0xA326, 0xA326,
  0xA326, 0xA326, 0xA326, 0xA326, 0xA326, 0xA326, 0xA326, 0xA326, 0xA326, 0xA326, 0x7225, 0x7225,
  0x7225, 0x7225, 0x7225, 0x7225, 0xA326, 0xA326, 0xA326, 0xA326, 0x7225, 0x7225, 0x7225, 0x7225,
  0xA326, 0xA326, 0xA326, 0xA326, 0xA326, 0xA326, 0xA326, 0xA326, 0xA326, 0xA326, 0xA326, 0xA326,
  0xA326, 0xA326, 0x7225, 0x7225, 0x7225, 0x7225, 0xA326, 0xA326, 0x39C6, 0x39C6, 0x2A07, 0x2A07,
  0x3AE7, 0x3AE7, 0x3AE7, 0x3AE7, 0x3AE7, 0x3AE7, 0x4388, 0x4388, 0x3AE7, 0x3AE7, 0x4388, 0x4388,
  0x4388, 0x4388, 0x4388, 0x4388, 0x3AE7, 0x3AE7, 0x3AE7, 0x3AE7, 0x4388, 0x4388, 0x3AE7, 0x3AE7,
  0x9389, 0x9389, 0xBCCD, 0xBCCD, 0xBCCD, 0xBCCD, 0xBCCD, 0xBCCD, 0xBCCD, 0xBCCD, 0xBCCD, 0xBCCD,
  0xBCCD, 0xBCCD, 0xBCCD, 0xBCCD, 0xBCCD, 0xBCCD, 0xBCCD, 0xBCCD, 0xBCCD, 0xBCCD, 0xBCCD, 0xBCCD,
  0xBCCD, 0xBCCD, 0xBCCD, 0xBCCD, 0xBCCD, 0xBCCD, 0xBCCD, 0xBCCD, 0xBCCD, 0xBCCD, 0xBCCD, 0xBCCD,
  0xD5F3, 0xD5F3, 0xD5F3, 0xD5F3, 0xD5F3, 0xD5F3, 0xD5F3, 0xD5F3, 0xD5F3, 0xD5F3, 0xD5F3, 0xD5F3,
  0xD5F3, 0xD5F3, 0xD5F3, 0xD5F3, 0xD5F3, 0xD5F3, 0xD5F3, 0xD5F3, 0xC570, 0xC570, 0xC570, 0xC570,
  0xD5F3, 0xD5F3, 0xD5F3, 0xD5F3, 0xD5F3, 0xD5F3, 0xD5F3, 0xD5F3, 0xD5F3, 0xD5F3, 0xD5F3, 0xD5F3,
  0xD5F3, 0xD5F3, 0xD5F3, 0xD5F3, 0xC570, 0xC570, 0x5BEA, 0x5BEA, 0x3AE7, 0x3AE7, 0x3AE7, 0x3AE7,
  0x3AE7, 0x3AE7, 0x3AE7, 0x3AE7, 0x3AE7, 0x3AE7, 0x3AE7, 0x3AE7, 0xA326, 0xA326, 0xCC28, 0xCC28,
  0xA326, 0xA326, 0xCC28, 0xCC28, 0xCC28, 0xCC28, 0xCC28, 0xCC28, 0xCC28, 0xCC28, 0xCC28, 0xCC28,
  0xCC28, 0xCC28, 0xCC28, 0xCC28, 0xCC28, 0xCC28, 0xCC28, 0xCC28, 0xCC28, 0xCC28, 0xCC28, 0xCC28,
  0xCC28, 0xCC28, 0xCC28, 0xCC28, 0xCC28, 0xCC28, 0xCC28, 0xCC28, 0xCC28, 0xCC28, 0xCC28, 0xCC28,
  0xA326, 0xA326, 0x7225, 0x7225, 0x7225, 0x7225, 0x7225, 0x7225, 0xA326, 0xA326, 0xA326, 0xA326,
  0xA326, 0xA326, 0xA326, 0xA326, 0xA326, 0xA326, 0xA326, 0xA326, 0xA326, 0xA326, 0xA326, 0xA326,
  0xA326, 0xA326, 0xA326, 0xA326, 0xA326, 0xA326, 0xA326, 0xA326, 0xA326, 0xA326, 0xA326, 0xA326,
  0xA326, 0xA326, 0xA326, 0xA326, 0xA326, 0xA326, 0x7225, 0x7225, 0x7225, 0x7225, 0x7225, 0x7225,
  0xA326, 0xA326, 0xA326, 0xA326, 0x7225, 0x7225, 0x7225, 0x7225, 0xA326, 0xA326, 0xA326, 0xA326,
  0xA326, 0xA326, 0xA326, 0xA326, 0xA326, 0xA326, 0x7225, 0x7225, 0x7225, 0x7225, 0x7225, 0x7225,
  0xA326, 0xA326, 0x7225, 0x7225, 0x7225, 0x7225, 0xA326, 0xA326, 0x39C6, 0x39C6, 0x2A07, 0x2A07,
  0x3AE7, 0x3AE7, 0x3AE7, 0x3AE7, 0x3AE7, 0x3AE7, 0x4388, 0x4388, 0x3AE7, 0x3AE7, 0x4388, 0x4388,
  0x4388, 0x4388, 0x4388, 0x4388, 0x3AE7, 0x3AE7, 0x3AE7, 0x3AE7, 0x3AE7, 0x3AE7, 0x3AE7, 0x3AE7,
  0xAC4C, 0xAC4C, 0xBCCD, 0xBCCD, 0xBCCD, 0xBCCD, 0xBCCD, 0xBCCD, 0xBCCD, 0xBCCD, 0xBCCD, 0xBCCD,
  0xBCCD, 0xBCCD, 0xBCCD, 0xBCCD, 0xBCCD, 0xBCCD, 0xBCCD, 0xBCCD, 0xBCCD, 0xBCCD, 0xBCCD, 0xBCCD,
  0xBCCD, 0xBCCD, 0xBCCD, 0xBCCD, 0xBCCD, 0xBCCD, 0xBCCD, 0xBCCD, 0xBCCD, 0xBCCD, 0xBCCD, 0xBCCD,
  0xD5F3, 0xD5F3, 0xD5F3, 0xD5F3, 0xD5F3, 0xD5F3, 0xD5F3, 0xD5F3, 0xD5F3, 0xD5F3, 0xD5F3, 0xD5F3,
  0xD5F3, 0xD5F3, 0xD5F3, 0xD5F3, 0xD5F3, 0xD5F3, 0xD5F3, 0xD5F3, 0xC570, 0xC570, 0xC570, 0xC570,
  0xD5F3, 0xD5F3, 0xD5F3, 0xD5F3, 0xD5F3, 0xD5F3, 0xD5F3, 0xD5F3, 0xD5F3, 0xD5F3, 0xD5F3, 0xD5F3,
  0xD5F3, 0xD5F3, 0xD5F3, 0xD5F3, 0xC570, 0xC570, 0x5BEA, 0x5BEA, 0x3AE7, 0x3AE7, 0x3AE7, 0x3AE7,
  0x3AE7, 0x3AE7, 0x3AE7, 0x3AE7, 0x3AE7, 0x3AE7, 0x3AE7, 0x3AE7, 0xA326, 0xA326, 0xCC28, 0xCC28,
  0xA326, 0xA326, 0xCC28, 0xCC28, 0xCC28, 0xCC28, 0xCC28, 0xCC28, 0xCC28, 0xCC28, 0xCC28, 0xCC28,
  0xCC28, 0xCC28, 0xCC28, 0xCC28, 0xCC28, 0xCC28, 0xCC28, 0xCC28, 0xCC28, 0xCC28, 0xCC28, 0xCC28,
  0xCC28, 0xCC28, 0xCC28, 0xCC28, 0xCC28, 0xCC28, 0xCC28, 0xCC28, 0xCC28, 0xCC28, 0xCC28, 0xCC28,
  0xA326, 0xA326, 0x7225, 0x7225, 0x7225, 0x7225, 0x7225, 0x7225, 0xA326, 0xA326, 0xA326, 0xA326,
  0xA326, 0xA326, 0xA326, 0xA326, 0xA326, 0xA326, 0xA326, 0xA326, 0xA326, 0xA326, 0xA326, 0xA326,
  0xA326, 0xA326, 0xA326, 0xA326, 0xA326, 0xA326, 0xA326, 0xA326, 0xA326, 0xA326, 0xA326, 0xA326,
  0xA326, 0xA326, 0xA326, 0xA326, 0xA326, 0xA326, 0x7225, 0x7225, 0x7225, 0x7225, 0x7225, 0x7225,
  0xA326, 0xA326, 0xA326, 0xA326, 0x7225, 0x7225, 0x7225, 0x7225, 0xA326, 0xA326, 0xA326, 0xA326,
  0xA326, 0xA326, 0xA326, 0xA326, 0xA326, 0xA326, 0x7225, 0x7225, 0x7225, 0x7225, 0x7225, 0x7225,
  0xA326, 0xA326, 0x7225, 0x7225, 0x7225, 0x7225, 0xA326, 0xA326, 0x39C6, 0x39C6, 0x2A07, 0x2A07,
  0x3AE7, 0x3AE7, 0x3AE7, 0x3AE7, 0x3AE7, 0x3AE7, 0x4388, 0x4388, 0x3AE7, 0x3AE7, 0x4388, 0x4388,
  0x4388, 0x4388, 0x4388, 0x4388, 0x3AE7, 0x3AE7, 0x3AE7, 0x3AE7, 0x3AE7, 0x3AE7, 0x3AE7, 0x3AE7,
  0xAC4C, 0xAC4C, 0xBCCD, 0xBCCD, 0xBCCD, 0xBCCD, 0xBCCD, 0xBCCD, 0xBCCD, 0xBCCD, 0xBCCD, 0xBCCD,
  0xBCCD, 0xBCCD, 0xBCCD, 0xBCCD, 0xBCCD, 0xBCCD, 0xBCCD, 0xBCCD, 0xBCCD, 0xBCCD, 0xBCCD, 0xBCCD,
  0xBCCD, 0xBCCD, 0xBCCD, 0xBCCD, 0xBCCD, 0xBCCD, 0xBCCD, 0xBCCD, 0xBCCD, 0xBCCD, 0xBCCD, 0xBCCD,
  0xD5F3, 0xD5F3, 0xD5F3, 0xD5F3, 0xD5F3, 0xD5F3, 0xD5F3, 0xD5F3, 0xD5F3, 0xD5F3, 0xD5F3, 0xD5F3,
  0xD5F3, 0xD5F3, 0xD5F3, 0xD5F3, 0xD5F3, 0xD5F3, 0xD5F3, 0xD5F3, 0xC570, 0xC570, 0xC570, 0xC570,
  0xD5F3, 0xD5F3, 0xD5F3, 0xD5F3, 0xD5F3, 0xD5F3, 0xD5F3, 0xD5F3, 0xD5F3, 0xD5F3, 0xD5F3, 0xD5F3,
  0xC570, 0xC570, 0x5BEA, 0x5BEA, 0x3AE7, 0x3AE7, 0x3AE7, 0x3AE7, 0x3AE7, 0x3AE7, 0x3AE7, 0x3AE7,
  0x3AE7, 0x3AE7, 0x3AE7, 0x3AE7, 0x3AE7, 0x3AE7, 0x3AE7, 0x3AE7, 0xA326, 0xA326, 0xCC28, 0xCC28,
  0xCC28, 0xCC28, 0xCC28, 0xCC28, 0xCC28, 0xCC28, 0xCC28, 0xCC28, 0xCC28, 0xCC28, 0xCC28, 0xCC28,
  0xCC28, 0xCC28, 0xCC28, 0xCC28, 0xCC28, 0xCC28, 0xCC28, 0xCC28, 0xCC28, 0xCC28, 0xCC28, 0xCC28,
  0xCC28, 0xCC28, 0xCC28, 0xCC28, 0xCC28, 0xCC28, 0xCC28, 0xCC28, 0xCC28, 0xCC28, 0xCC28, 0xCC28,
  0xA326, 0xA326, 0x7225, 0x7225, 0x7225, 0x7225, 0xA326, 0xA326, 0xA326, 0xA326, 0xA326, 0xA326,
  0xA326, 0xA326, 0xA326, 0xA326, 0xA326, 0xA326, 0xA326, 0xA326, 0xA326, 0xA326, 0xA326, 0xA326,
  0xA326, 0xA326, 0xA326, 0xA326, 0xA326, 0xA326, 0xA326, 0xA326, 0xA326, 0xA326, 0xA326, 0xA326,
  0xA326, 0xA326, 0xA326, 0xA326, 0x7225, 0x7225, 0x7225, 0x7225, 0xA326, 0xA326, 0xA326, 0xA326,
  0x7225, 0x7225, 0x7225, 0x7225, 0xA326, 0xA326, 0xA326, 0xA326, 0xA326, 0xA326, 0xA326, 0xA326,
  0xA326, 0xA326, 0xA326, 0xA326, 0xA326, 0xA326, 0x51A3, 0x51A3, 0x3922, 0x3922, 0x7225, 0x7225,
  0xA326, 0xA326, 0x7225, 0x7225, 0x7225, 0x7225, 0xA326, 0xA326, 0x39C6, 0x39C6, 0x2A07, 0x2A07,
  0x3AE7, 0x3AE7, 0x3AE7, 0x3AE7, 0x3AE7, 0x3AE7, 0x4388, 0x4388, 0x3AE7, 0x3AE7, 0x4388, 0x4388,
  0x4388, 0x4388, 0x4388, 0x4388, 0x3AE7, 0x3AE7, 0x3AE7, 0x3AE7, 0x3AE7, 0x3AE7, 0x5A88, 0x5A88,
  0xAC4C, 0xAC4C, 0xBCCD, 0xBCCD, 0xBCCD, 0xBCCD, 0xBCCD, 0xBCCD, 0xBCCD, 0xBCCD, 0xBCCD, 0xBCCD,
  0xBCCD, 0xBCCD, 0xBCCD, 0xBCCD, 0xBCCD, 0xBCCD, 0xBCCD, 0xBCCD, 0xBCCD, 0xBCCD, 0xBCCD, 0xBCCD,
  0xBCCD, 0xBCCD, 0xBCCD, 0xBCCD, 0xBCCD, 0xBCCD, 0xBCCD, 0xBCCD, 0xBCCD, 0xBCCD, 0xBCCD, 0xBCCD,
  0xD5F3, 0xD5F3, 0xD5F3, 0xD5F3, 0xD5F3, 0xD5F3, 0xD5F3, 0xD5F3, 0xD5F3, 0xD5F3, 0xD5F3, 0xD5F3,
  0xD5F3, 0xD5F3, 0xD5F3, 0xD5F3, 0xD5F3, 0xD5F3, 0xD5F3, 0xD5F3, 0xC570, 0xC570, 0xC570, 0xC570,
  0xD5F3, 0xD5F3, 0xD5F3, 0xD5F3, 0xD5F3, 0xD5F3, 0xD5F3, 0xD5F3, 0xD5F3, 0xD5F3, 0xD5F3, 0xD5F3,
  0xC570, 0xC570, 0x5BEA, 0x5BEA, 0x3AE7, 0x3AE7, 0x3AE7, 0x3AE7, 0x3AE7, 0x3AE7, 0x3AE7, 0x3AE7,
  0x3AE7, 0x3AE7, 0x3AE7, 0x3AE7, 0x3AE7, 0x3AE7, 0x3AE7, 0x3AE7, 0xA326, 0xA326, 0xCC28, 0xCC28,
  0xCC28, 0xCC28, 0xCC28, 0xCC28, 0xCC28, 0xCC28, 0xCC28, 0xCC28, 0xCC28, 0xCC28, 0xCC28, 0xCC28,
  0xCC28, 0xCC28, 0xCC28, 0xCC28, 0xCC28, 0xCC28, 0xCC28, 0xCC28, 0xCC28, 0xCC28, 0xCC28, 0xCC28,
  0xCC28, 0xCC28, 0xCC28, 0xCC28, 0xCC28, 0xCC28, 0xCC28, 0xCC28, 0xCC28, 0xCC28, 0xCC28, 0xCC28,
  0xA326, 0xA326, 0x7225, 0x7225, 0x7225, 0x7225, 0xA326, 0xA326, 0xA326, 0xA326, 0xA326, 0xA326,
  0xA326, 0xA326, 0xA326, 0xA326, 0xA326, 0xA326, 0xA326, 0xA326, 0xA326, 0xA326, 0xA326, 0xA326,
  0xA326, 0xA326, 0xA326, 0xA326, 0xA326, 0xA326, 0xA326, 0xA326, 0xA326, 0xA326, 0xA326, 0xA326,
  0xA326, 0xA326, 0xA326, 0xA326, 0x7225, 0x7225, 0x7225, 0x7225, 0xA326, 0xA326, 0xA326, 0xA326,
  0x7225, 0x7225, 0x7225, 0x7225, 0xA326, 0xA326, 0xA326, 0xA326, 0xA326, 0xA326, 0xA326, 0xA326,
  0xA326, 0xA326, 0xA326, 0xA326, 0xA326, 0xA326, 0x51A3, 0x51A3, 0x3922, 0x3922, 0x7225, 0x7225,
  0xA326, 0xA326, 0x7225, 0x7225, 0x7225, 0x7225, 0xA326, 0xA326, 0x39C6, 0x39C6, 0x2A07, 0x2A07,
  0x3AE7, 0x3AE7, 0x3AE7, 0x3AE7, 0x3AE7, 0x3AE7, 0x4388, 0x4388, 0x3AE7, 0x3AE7, 0x4388, 0x4388,
  0x4388, 0x4388, 0x4388, 0x4388, 0x3AE7, 0x3AE7, 0x3AE7, 0x3AE7, 0x3AE7, 0x3AE7, 0x5A88, 0x5A88,
  0xAC4C, 0xAC4C, 0xBCCD, 0xBCCD, 0xBCCD, 0xBCCD, 0xBCCD, 0xBCCD, 0xBCCD, 0xBCCD, 0xBCCD, 0xBCCD,
  0xBCCD, 0xBCCD, 0xBCCD, 0xBCCD, 0xBCCD, 0xBCCD, 0xBCCD, 0xBCCD, 0xBCCD, 0xBCCD, 0xBCCD, 0xBCCD,
  0xBCCD, 0xBCCD, 0xBCCD, 0xBCCD, 0xBCCD, 0xBCCD, 0xBCCD, 0xBCCD, 0xBCCD, 0xBCCD, 0xBCCD, 0xBCCD,
  0xD5F3, 0xD5F3, 0xD5F3, 0xD5F3, 0xD5F3, 0xD5F3, 0xD5F3, 0xD5F3, 0xD5F3, 0xD5F3, 0xD5F3, 0xD5F3,
  0xD5F3, 0xD5F3, 0xD5F3, 0xD5F3, 0xD5F3, 0xD5F3, 0xD5F3, 0xD5F3, 0xD5F3, 0xD5F3, 0xD5F3, 0xD5F3,
  0xD5F3, 0xD5F3, 0xD5F3, 0xD5F3, 0xD5F3, 0xD5F3, 0xD5F3, 0xD5F3, 0xC570, 0xC570, 0x5BEA, 0x5BEA,
  0x3AE7, 0x3AE7, 0x3AE7, 0x3AE7, 0x3AE7, 0x3AE7, 0x3AE7, 0x3AE7, 0x3AE7, 0x3AE7, 0x3AE7, 0x3AE7,
  0x3AE7, 0x3AE7, 0x3AE7, 0x3AE7, 0x3AE7, 0x3AE7, 0x39C6, 0x39C6, 0xA326, 0xA326, 0xCC28, 0xCC28,
  0xCC28, 0xCC28, 0xCC28, 0xCC28, 0xCC28, 0xCC28, 0xCC28, 0xCC28, 0xCC28, 0xCC28, 0xCC28, 0xCC28,
  0xCC28, 0xCC28, 0xCC28, 0xCC28, 0xCC28, 0xCC28, 0xCC28, 0xCC28, 0xCC28, 0xCC28, 0xCC28, 0xCC28,
  0xCC28, 0xCC28, 0xCC28, 0xCC28, 0xCC28, 0xCC28, 0xCC28, 0xCC28, 0xCC28, 0xCC28, 0xCC28, 0xCC28,
  0xA326, 0xA326, 0x7225, 0x7225, 0x7225, 0x7225, 0xA326, 0xA326, 0xA326, 0xA326, 0xA326, 0xA326,
  0xA326, 0xA326, 0xA326, 0xA326, 0xA326, 0xA326, 0xA326, 0xA326, 0xA326, 0xA326, 0xA326, 0xA326,
  0xA326, 0xA326, 0xA326, 0xA326, 0xA326, 0xA326, 0xA326, 0xA326, 0xA326, 0xA326, 0xA326, 0xA326,
  0x7225, 0x7225, 0x7225, 0x7225, 0xA326, 0xA326, 0xA326, 0xA326, 0x7225, 0x7225, 0x7225, 0x7225,
  0xA326, 0xA326, 0xA326, 0xA326, 0xA326, 0xA326, 0xA326, 0xA326, 0xA326, 0xA326, 0xA326, 0xA326,
  0xA326, 0xA326, 0xA326, 0xA326, 0x7225, 0x7225, 0x51A3, 0x51A3, 0x7225, 0x7225, 0xA326, 0xA326,
  0xA326, 0xA326, 0xA326, 0xA326, 0x7225, 0x7225, 0x7225, 0x7225, 0x39C6, 0x39C6, 0x2A07, 0x2A07,
  0x3AE7, 0x3AE7, 0x3AE7, 0x3AE7, 0x3AE7, 0x3AE7, 0x4388, 0x4388, 0x4388, 0x4388, 0x4388, 0x4388,
  0x4388, 0x4388, 0x4388, 0x4388, 0x3AE7, 0x3AE7, 0x3AE7, 0x3AE7, 0x3AE7, 0x3AE7, 0x72E8, 0x72E8,
  0xBCCD, 0xBCCD, 0xBCCD, 0xBCCD, 0xBCCD, 0xBCCD, 0xBCCD, 0xBCCD, 0xBCCD, 0xBCCD, 0xBCCD, 0xBCCD,
  0xBCCD, 0xBCCD, 0xBCCD, 0xBCCD, 0xBCCD, 0xBCCD, 0xBCCD, 0xBCCD, 0xBCCD, 0xBCCD, 0xBCCD, 0xBCCD,
  0xBCCD, 0xBCCD, 0xBCCD, 0xBCCD, 0xBCCD, 0xBCCD, 0xBCCD, 0xBCCD, 0xBCCD, 0xBCCD, 0xBCCD, 0xBCCD,
  0xD5F3, 0xD5F3, 0xD5F3, 0xD5F3, 0xD5F3, 0xD5F3, 0xD5F3, 0xD5F3, 0xD5F3, 0xD5F3, 0xD5F3, 0xD5F3,
  0xD5F3, 0xD5F3, 0xD5F3, 0xD5F3, 0xD5F3, 0xD5F3, 0xD5F3, 0xD5F3, 0xD5F3, 0xD5F3, 0xD5F3, 0xD5F3,
  0xD5F3, 0xD5F3, 0xD5F3, 0xD5F3, 0xD5F3, 0xD5F3, 0xD5F3, 0xD5F3, 0xC570, 0xC570, 0x5BEA, 0x5BEA,
  0x3AE7, 0x3AE7, 0x3AE7, 0x3AE7, 0x3AE7, 0x3AE7, 0x3AE7, 0x3AE7, 0x3AE7, 0x3AE7, 0x3AE7, 0x3AE7,
  0x3AE7, 0x3AE7, 0x3AE7, 0x3AE7, 0x3AE7, 0x3AE7, 0x39C6, 0x39C6, 0xA326, 0xA326, 0xCC28, 0xCC28,
  0xCC28, 0xCC28, 0xCC28, 0xCC28, 0xCC28, 0xCC28, 0xCC28, 0xCC28, 0xCC28, 0xCC28, 0xCC28, 0xCC28,
  0xCC28, 0xCC28, 0xCC28, 0xCC28, 0xCC28, 0xCC28, 0xCC28, 0xCC28, 0xCC28, 0xCC28, 0xCC28, 0xCC28,
  0xCC28, 0xCC28, 0xCC28, 0xCC28, 0xCC28, 0xCC28, 0xCC28, 0xCC28, 0xCC28, 0xCC28, 0xCC28, 0xCC28,
  0xA326, 0xA326, 0x7225, 0x7225, 0x7225, 0x7225, 0xA326, 0xA326, 0xA326, 0xA326, 0xA326, 0xA326,
  0xA326, 0xA326, 0xA326, 0xA326, 0xA326, 0xA326, 0xA326, 0xA326, 0xA326, 0xA326, 0xA326, 0xA326,
  0xA326, 0xA326, 0xA326, 0xA326, 0xA326, 0xA326, 0xA326, 0xA326, 0xA326, 0xA326, 0xA326, 0xA326,
  0x7225, 0x7225, 0x7225, 0x7225, 0xA326, 0xA326, 0xA326, 0xA326, 0x7225, 0x7225, 0x7225, 0x7225,
  0xA326, 0xA326, 0xA326, 0xA326, 0xA326, 0xA326, 0xA326, 0xA326, 0xA326, 0xA326, 0xA326, 0xA326,
  0xA326, 0xA326, 0xA326, 0xA326, 0x7225, 0x7225, 0x51A3, 0x51A3, 0x7225, 0x7225, 0xA326, 0xA326,
  0xA326, 0xA326, 0xA326, 0xA326, 0x7225, 0x7225, 0x7225, 0x7225, 0x39C6, 0x39C6, 0x2A07, 0x2A07,
  0x3AE7, 0x3AE7, 0x3AE7, 0x3AE7, 0x3AE7, 0x3AE7, 0x4388, 0x4388, 0x4388, 0x4388, 0x4388, 0x4388,
  0x4388, 0x4388, 0x4388, 0x4388, 0x3AE7, 0x3AE7, 0x3AE7, 0x3AE7, 0x3AE7, 0x3AE7, 0x72E8, 0x72E8,
  0xBCCD, 0xBCCD, 0xBCCD, 0xBCCD, 0xBCCD, 0xBCCD, 0xBCCD, 0xBCCD, 0xBCCD, 0xBCCD, 0xBCCD, 0xBCCD,
  0xBCCD, 0xBCCD, 0xBCCD, 0xBCCD, 0xBCCD, 0xBCCD, 0xBCCD, 0xBCCD, 0xBCCD, 0xBCCD, 0xBCCD, 0xBCCD,
  0xBCCD, 0xBCCD, 0xBCCD, 0xBCCD, 0xBCCD, 0xBCCD, 0xBCCD, 0xBCCD, 0xBCCD, 0xBCCD, 0xBCCD, 0xBCCD,
  0xD5F3, 0xD5F3, 0xD5F3, 0xD5F3, 0xD5F3, 0xD5F3, 0xD5F3, 0xD5F3, 0xD5F3, 0xD5F3, 0xD5F3, 0xD5F3,
  0xD5F3, 0xD5F3, 0xD5F3, 0xD5F3, 0xD5F3, 0xD5F3, 0xD5F3, 0xD5F3, 0xD5F3, 0xD5F3, 0xD5F3, 0xD5F3,
  0xD5F3, 0xD5F3, 0xD5F3, 0xD5F3, 0xC570, 0xC570, 0x5BEA, 0x5BEA, 0x3AE7, 0x3AE7, 0x3AE7, 0x3AE7,
  0x3AE7, 0x3AE7, 0x3AE7, 0x3AE7, 0x3AE7, 0x3AE7, 0x3AE7, 0x3AE7, 0x3AE7, 0x3AE7, 0x3AE7, 0x3AE7,
  0x3AE7, 0x3AE7, 0x2A07, 0x2A07, 0x2A07, 0x2A07, 0x2A07, 0x2A07, 0xA326, 0xA326, 0xCC28, 0xCC28,
  0xCC28, 0xCC28, 0xCC28, 0xCC28, 0xCC28, 0xCC28, 0xCC28, 0xCC28, 0xCC28, 0xCC28, 0xCC28, 0xCC28,
  0xCC28, 0xCC28, 0xCC28, 0xCC28, 0xCC28, 0xCC28, 0xCC28, 0xCC28, 0xCC28, 0xCC28, 0xCC28, 0xCC28,
  0xCC28, 0xCC28, 0xCC28, 0xCC28, 0xCC28, 0xCC28, 0xCC28, 0xCC28, 0xCC28, 0xCC28, 0xCC28, 0xCC28,
  0xA326, 0xA326, 0x7225, 0x7225, 0x7225, 0x7225, 0xA326, 0xA326, 0xA326, 0xA326, 0xA326, 0xA326,
  0xA326, 0xA326, 0xA326, 0xA326, 0xA326, 0xA326, 0xA326, 0xA326, 0xA326, 0xA326, 0xA326, 0xA326,
  0xA326, 0xA326, 0xA326, 0xA326, 0xA326, 0xA326, 0xA326, 0xA326, 0x7225, 0x7225, 0x7225, 0x7225,
  0xA326, 0xA326, 0xA326, 0xA326, 0x7225, 0x7225, 0x51A3, 0x51A3, 0x51A3, 0x51A3, 0x7225, 0x7225,
  0xA326, 0xA326, 0xA326, 0xA326, 0xA326, 0xA326, 0x7225, 0x7225, 0x7225, 0x7225, 0x7225, 0x7225,
  0xA326, 0xA326, 0xA326, 0xA326, 0xA326, 0xA326, 0xA326, 0xA326, 0xA326, 0xA326, 0xA326, 0xA326,
  0xA326, 0xA326, 0x7225, 0x7225, 0x7225, 0x7225, 0x7225, 0x7225, 0x39C6, 0x39C6, 0x2A07, 0x2A07,
  0x3AE7, 0x3AE7, 0x4388, 0x4388, 0x4388, 0x4388, 0x3AE7, 0x3AE7, 0x3AE7, 0x3AE7, 0x4388, 0x4388,
  0x4388, 0x4388, 0x4388, 0x4388, 0x3AE7, 0x3AE7, 0x3AE7, 0x3AE7, 0x3AE7, 0x3AE7, 0x9389, 0x9389,
  0xBCCD, 0xBCCD, 0xBCCD, 0xBCCD, 0xBCCD, 0xBCCD, 0xBCCD, 0xBCCD, 0xBCCD, 0xBCCD, 0xBCCD, 0xBCCD,
  0xBCCD, 0xBCCD, 0xBCCD, 0xBCCD, 0xBCCD, 0xBCCD, 0xBCCD, 0xBCCD, 0xBCCD, 0xBCCD, 0xBCCD, 0xBCCD,
  0xBCCD, 0xBCCD, 0xBCCD, 0xBCCD, 0xBCCD, 0xBCCD, 0xBCCD, 0xBCCD, 0xBCCD, 0xBCCD, 0xBCCD, 0xBCCD,
  0xD5F3, 0xD5F3, 0xD5F3, 0xD5F3, 0xD5F3, 0xD5F3, 0xD5F3, 0xD5F3, 0xD5F3, 0xD5F3, 0xD5F3, 0xD5F3,
  0xD5F3, 0xD5F3, 0xD5F3, 0xD5F3, 0xD5F3, 0xD5F3, 0xD5F3, 0xD5F3, 0xD5F3, 0xD5F3, 0xD5F3, 0xD5F3,
  0xD5F3, 0xD5F3, 0xD5F3, 0xD5F3, 0xC570, 0xC570, 0x5BEA, 0x5BEA, 0x3AE7, 0x3AE7, 0x3AE7, 0x3AE7,
  0x3AE7, 0x3AE7, 0x3AE7, 0x3AE7, 0x3AE7, 0x3AE7, 0x3AE7, 0x3AE7, 0x3AE7, 0x3AE7, 0x3AE7, 0x3AE7,
  0x3AE7, 0x3AE7, 0x2A07, 0x2A07, 0x2A07, 0x2A07, 0x2A07, 0x2A07, 0xA326, 0xA326, 0xCC28, 0xCC28,
  0xCC28, 0xCC28, 0xCC28, 0xCC28, 0xCC28, 0xCC28, 0xCC28, 0xCC28, 0xCC28, 0xCC28, 0xCC28, 0xCC28,
  0xCC28, 0xCC28, 0xCC28, 0xCC28, 0xCC28, 0xCC28, 0xCC28, 0xCC28, 0xCC28, 0xCC28, 0xCC28, 0xCC28,
  0xCC28, 0xCC28, 0xCC28, 0xCC28, 0xCC28, 0xCC28, 0xCC28, 0xCC28, 0xCC28, 0xCC28, 0xCC28, 0xCC28,
  0xA326, 0xA326, 0x7225, 0x7225, 0x7225, 0x7225, 0xA326, 0xA326, 0xA326, 0xA326, 0xA326, 0xA326,
  0xA326, 0xA326, 0xA326, 0xA326, 0xA326, 0xA326, 0xA326, 0xA326, 0xA326, 0xA326, 0xA326, 0xA326,
  0xA326, 0xA326, 0xA326, 0xA326, 0xA326, 0xA326, 0xA326, 0xA326, 0x7225, 0x7225, 0x7225, 0x7225,
  0xA326, 0xA326, 0xA326, 0xA326, 0x7225, 0x7225, 0x51A3, 0x51A3, 0x51A3, 0x51A3, 0x7225, 0x7225,
  0xA326, 0xA326, 0xA326, 0xA326, 0xA326, 0xA326, 0x7225, 0x7225, 0x7225, 0x7225, 0x7225, 0x7225,
  0xA326, 0xA326, 0xA326, 0xA326, 0xA326, 0xA326, 0xA326, 0xA326, 0xA326, 0xA326, 0xA326, 0xA326,
  0xA326, 0xA326, 0x7225, 0x7225, 0x7225, 0x7225, 0x7225, 0x7225, 0x39C6, 0x39C6, 0x2A07, 0x2A07,
  0x3AE7, 0x3AE7, 0x4388, 0x4388, 0x4388, 0x4388, 0x3AE7, 0x3AE7, 0x3AE7, 0x3AE7, 0x4388, 0x4388,
  0x4388, 0x4388, 0x4388, 0x4388, 0x3AE7, 0x3AE7, 0x3AE7, 0x3AE7, 0x3AE7, 0x3AE7, 0x9389, 0x9389,
  0xBCCD, 0xBCCD, 0xBCCD, 0xBCCD, 0xBCCD, 0xBCCD, 0xBCCD, 0xBCCD, 0xBCCD, 0xBCCD, 0xBCCD, 0xBCCD,
  0xBCCD, 0xBCCD, 0xBCCD, 0xBCCD, 0xBCCD, 0xBCCD, 0xBCCD, 0xBCCD, 0xBCCD, 0xBCCD, 0xBCCD, 0xBCCD,
  0xBCCD, 0xBCCD, 0xBCCD, 0xBCCD, 0xBCCD, 0xBCCD, 0xBCCD, 0xBCCD, 0xBCCD, 0xBCCD, 0xBCCD, 0xBCCD,
  0xD5F3, 0xD5F3, 0xD5F3, 0xD5F3, 0xD5F3, 0xD5F3, 0xD5F3, 0xD5F3, 0xD5F3, 0xD5F3, 0xD5F3, 0xD5F3,
  0xD5F3, 0xD5F3, 0xD5F3, 0xD5F3, 0xD5F3, 0xD5F3, 0xD5F3, 0xD5F3, 0xD5F3, 0xD5F3, 0xD5F3, 0xD5F3,
  0xC570, 0xC570, 0x5BEA, 0x5BEA, 0x3AE7, 0x3AE7, 0x3AE7, 0x3AE7, 0x3AE7, 0x3AE7, 0x3AE7, 0x3AE7,
  0x3AE7, 0x3AE7, 0x3AE7, 0x3AE7, 0x3AE7, 0x3AE7, 0x3AE7, 0x3AE7, 0x3AE7, 0x3AE7, 0x2A07, 0x2A07,
  0x2A07, 0x2A07, 0x2A07, 0x2A07, 0x3AE7, 0x3AE7, 0x3AE7, 0x3AE7, 0xA326, 0xA326, 0xCC28, 0xCC28,
  0xCC28, 0xCC28, 0xCC28, 0xCC28, 0xCC28, 0xCC28, 0xCC28, 0xCC28, 0xCC28, 0xCC28, 0xCC28, 0xCC28,
  0xCC28, 0xCC28, 0xCC28, 0xCC28, 0xCC28, 0xCC28, 0xCC28, 0xCC28, 0xCC28, 0xCC28, 0xCC28, 0xCC28,
  0xCC28, 0xCC28, 0xCC28, 0xCC28, 0xCC28, 0xCC28, 0xCC28, 0xCC28, 0xCC28, 0xCC28, 0xCC28, 0xCC28,
  0xA326, 0xA326, 0x7225, 0x7225, 0x7225, 0x7225, 0xA326, 0xA326, 0xA326, 0xA326, 0xA326, 0xA326,
  0xA326, 0xA326, 0xA326, 0xA326, 0xA326, 0xA326, 0xA326, 0xA326, 0xA326, 0xA326, 0xA326, 0xA326,
  0xA326, 0xA326, 0xA326, 0xA326, 0x7225, 0x7225, 0x7225, 0x7225, 0x7225, 0x7225, 0xA326, 0xA326,
  0x7225, 0x7225, 0x51A3, 0x51A3, 0x51A3, 0x51A3, 0x7225, 0x7225, 0xA326, 0xA326, 0xA326, 0xA326,
  0xA326, 0xA326, 0xA326, 0xA326, 0xA326, 0xA326, 0x7225, 0x7225, 0x51A3, 0x51A3, 0x7225, 0x7225,
  0xA326, 0xA326, 0xA326, 0xA326, 0xA326, 0xA326, 0xA326, 0xA326, 0xA326, 0xA326, 0x7225, 0x7225,
  0x7225, 0x7225, 0x7225, 0x7225, 0xA326, 0xA326, 0x7225, 0x7225, 0x39C6, 0x39C6, 0x2A46, 0x2A46,
  0x2A07, 0x2A07, 0x3AE7, 0x3AE7, 0x3AE7, 0x3AE7, 0x4388, 0x4388, 0x4388, 0x4388, 0x3AE7, 0x3AE7,
  0x3AE7, 0x3AE7, 0x4388, 0x4388, 0x3AE7, 0x3AE7, 0x3AE7, 0x3AE7, 0x5A88, 0x5A88, 0xAC4C, 0xAC4C,
  0xAC4C, 0xAC4C, 0xAC4C, 0xAC4C, 0xBCCD, 0xBCCD, 0xBCCD, 0xBCCD, 0xBCCD, 0xBCCD, 0xBCCD, 0xBCCD,
  0xBCCD, 0xBCCD, 0xBCCD, 0xBCCD, 0xBCCD, 0xBCCD, 0xBCCD, 0xBCCD, 0xBCCD, 0xBCCD, 0xBCCD, 0xBCCD,
  0xBCCD, 0xBCCD, 0xBCCD, 0xBCCD, 0xBCCD, 0xBCCD, 0xBCCD, 0xBCCD, 0xBCCD, 0xBCCD, 0xBCCD, 0xBCCD,
  0xD5F3, 0xD5F3, 0xD5F3, 0xD5F3, 0xD5F3, 0xD5F3, 0xD5F3, 0xD5F3, 0xD5F3, 0xD5F3, 0xD5F3, 0xD5F3,
  0xD5F3, 0xD5F3, 0xD5F3, 0xD5F3, 0xD5F3, 0xD5F3, 0xD5F3, 0xD5F3, 0xD5F3, 0xD5F3, 0xD5F3, 0xD5F3,
  0xC570, 0xC570, 0x5BEA, 0x5BEA, 0x3AE7, 0x3AE7, 0x3AE7, 0x3AE7, 0x3AE7, 0x3AE7, 0x3AE7, 0x3AE7,
  0x3AE7, 0x3AE7, 0x3AE7, 0x3AE7, 0x3AE7, 0x3AE7, 0x3AE7, 0x3AE7, 0x3AE7, 0x3AE7, 0x2A07, 0x2A07,
  0x2A07, 0x2A07, 0x2A07, 0x2A07, 0x3AE7, 0x3AE7, 0x3AE7, 0x3AE7, 0xA326, 0xA326, 0xCC28, 0xCC28,
  0xCC28, 0xCC28, 0xCC28, 0xCC28, 0xCC28, 0xCC28, 0xCC28, 0xCC28, 0xCC28, 0xCC28, 0xCC28, 0xCC28,
  0xCC28, 0xCC28, 0xCC28, 0xCC28, 0xCC28, 0xCC28, 0xCC28, 0xCC28, 0xCC28, 0xCC28, 0xCC28, 0xCC28,
  0xCC28, 0xCC28, 0xCC28, 0xCC28, 0xCC28, 0xCC28, 0xCC28, 0xCC28, 0xCC28, 0xCC28, 0xCC28, 0xCC28,
  0xA326, 0xA326, 0x7225, 0x7225, 0x7225, 0x7225, 0xA326, 0xA326, 0xA326, 0xA326, 0xA326, 0xA326,
  0xA326, 0xA326, 0xA326, 0xA326, 0xA326, 0xA326, 0xA326, 0xA326, 0xA326, 0xA326, 0xA326, 0xA326,
  0xA326, 0xA326, 0xA326, 0xA326, 0x7225, 0x7225, 0x7225, 0x7225, 0x7225, 0x7225, 0xA326, 0xA326,
  0x7225, 0x7225, 0x51A3, 0x51A3, 0x51A3, 0x51A3, 0x7225, 0x7225, 0xA326, 0xA326, 0xA326, 0xA326,
  0xA326, 0xA326, 0xA326, 0xA326, 0xA326, 0xA326, 0x7225, 0x7225, 0x51A3, 0x51A3, 0x7225, 0x7225,
  0xA326, 0xA326, 0xA326, 0xA326, 0xA326, 0xA326, 0xA326, 0xA326, 0xA326, 0xA326, 0x7225, 0x7225,
  0x7225, 0x7225, 0x7225, 0x7225, 0xA326, 0xA326, 0x7225, 0x7225, 0x39C6, 0x39C6, 0x2A46, 0x2A46,
  0x2A07, 0x2A07, 0x3AE7, 0x3AE7, 0x3AE7, 0x3AE7, 0x4388, 0x4388, 0x4388, 0x4388, 0x3AE7, 0x3AE7,
  0x3AE7, 0x3AE7, 0x4388, 0x4388, 0x3AE7, 0x3AE7, 0x3AE7, 0x3AE7, 0x5A88, 0x5A88, 0xAC4C, 0xAC4C,
  0xAC4C, 0xAC4C, 0xAC4C, 0xAC4C, 0xBCCD, 0xBCCD, 0xBCCD, 0xBCCD, 0xBCCD, 0xBCCD, 0xBCCD, 0xBCCD,
  0xBCCD, 0xBCCD, 0xBCCD, 0xBCCD, 0xBCCD, 0xBCCD, 0xBCCD, 0xBCCD, 0xBCCD, 0xBCCD, 0xBCCD, 0xBCCD,
  0xBCCD, 0xBCCD, 0xBCCD, 0xBCCD, 0xBCCD, 0xBCCD, 0xBCCD, 0xBCCD, 0xBCCD, 0xBCCD, 0xBCCD, 0xBCCD,
  0xD5F3, 0xD5F3, 0xD5F3, 0xD5F3, 0xD5F3, 0xD5F3, 0xD5F3, 0xD5F3, 0xD5F3, 0xD5F3, 0xD5F3, 0xD5F3,
  0xD5F3, 0xD5F3, 0xD5F3, 0xD5F3, 0xD5F3, 0xD5F3, 0xD5F3, 0xD5F3, 0xC570, 0xC570, 0x5BEA, 0x5BEA,
  0x4388, 0x4388, 0x3AE7, 0x3AE7, 0x3AE7, 0x3AE7, 0x3AE7, 0x3AE7, 0x3AE7, 0x3AE7, 0x3AE7, 0x3AE7,
  0x3AE7, 0x3AE7, 0x3AE7, 0x3AE7, 0x3AE7, 0x3AE7, 0x2A07, 0x2A07, 0x2A07, 0x2A07, 0x2A07, 0x2A07,
  0x3AE7, 0x3AE7, 0x3AE7, 0x3AE7, 0x3AE7, 0x3AE7, 0x2A07, 0x2A07, 0xA326, 0xA326, 0xCC28, 0xCC28,
  0xCC28, 0xCC28, 0xCC28, 0xCC28, 0xCC28, 0xCC28, 0xCC28, 0xCC28, 0xCC28, 0xCC28, 0xCC28, 0xCC28,
  0xCC28, 0xCC28, 0xCC28, 0xCC28, 0xCC28, 0xCC28, 0xCC28, 0xCC28, 0xCC28, 0xCC28, 0xCC28, 0xCC28,
  0xCC28, 0xCC28, 0xCC28, 0xCC28, 0xCC28, 0xCC28, 0xCC28, 0xCC28, 0xCC28, 0xCC28, 0xCC28, 0xCC28,
  0xA326, 0xA326, 0x7225, 0x7225, 0x7225, 0x7225, 0xA326, 0xA326, 0xA326, 0xA326, 0xA326, 0xA326,
  0xA326, 0xA326, 0xA326, 0xA326, 0xA326, 0xA326, 0xA326, 0xA326, 0xA326, 0xA326, 0xA326, 0xA326,
  0x7225, 0x7225, 0x7225, 0x7225, 0xA326, 0xA326, 0xA326, 0xA326, 0x7225, 0x7225, 0x7225, 0x7225,
  0x51A3, 0x51A3, 0x7225, 0x7225, 0xA326, 0xA326, 0xA326, 0xA326, 0xA326, 0xA326, 0x7225, 0x7225,
  0x7225, 0x7225, 0xA326, 0xA326, 0x7225, 0x7225, 0x51A3, 0x51A3, 0x51A3, 0x51A3, 0x7225, 0x7225,
  0xA326, 0xA326, 0xA326, 0xA326, 0xA326, 0xA326, 0xA326, 0xA326, 0x7225, 0x7225, 0x7225, 0x7225,
  0xA326, 0xA326, 0xA326, 0xA326, 0x7225, 0x7225, 0x7225, 0x7225, 0x39C6, 0x39C6, 0x2A46, 0x2A46,
  0x3AE7, 0x3AE7, 0x3AE7, 0x3AE7, 0x3AE7, 0x3AE7, 0x3AE7, 0x3AE7, 0x3AE7, 0x3AE7, 0x4388, 0x4388,
  0x4388, 0x4388, 0x3AE7, 0x3AE7, 0x3AE7, 0x3AE7, 0x9389, 0x9389, 0xAC4C, 0xAC4C, 0xAC4C, 0xAC4C,
  0xBCCD, 0xBCCD, 0xBCCD, 0xBCCD, 0xBCCD, 0xBCCD, 0xBCCD, 0xBCCD, 0xBCCD, 0xBCCD, 0xBCCD, 0xBCCD,
  0xBCCD, 0xBCCD, 0xBCCD, 0xBCCD, 0xBCCD, 0xBCCD, 0xBCCD, 0xBCCD, 0xBCCD, 0xBCCD, 0xBCCD, 0xBCCD,
  0xBCCD, 0xBCCD, 0xBCCD, 0xBCCD, 0xBCCD, 0xBCCD, 0xBCCD, 0xBCCD, 0xBCCD, 0xBCCD, 0xBCCD, 0xBCCD,
  0xD5F3, 0xD5F3, 0xD5F3, 0xD5F3, 0xD5F3, 0xD5F3, 0xD5F3, 0xD5F3, 0xD5F3, 0xD5F3, 0xD5F3, 0xD5F3,
  0xD5F3, 0xD5F3, 0xD5F3, 0xD5F3, 0xD5F3, 0xD5F3, 0xD5F3, 0xD5F3, 0xC570, 0xC570, 0x5BEA, 0x5BEA,
  0x4388, 0x4388, 0x3AE7, 0x3AE7, 0x3AE7, 0x3AE7, 0x3AE7, 0x3AE7, 0x3AE7, 0x3AE7, 0x3AE7, 0x3AE7,
  0x3AE7, 0x3AE7, 0x3AE7, 0x3AE7, 0x3AE7, 0x3AE7, 0x2A07, 0x2A07, 0x2A07, 0x2A07, 0x2A07, 0x2A07,
  0x3AE7, 0x3AE7, 0x3AE7, 0x3AE7, 0x3AE7, 0x3AE7, 0x2A07, 0x2A07, 0xA326, 0xA326, 0xCC28, 0xCC28,
  0xCC28, 0xCC28, 0xCC28, 0xCC28, 0xCC28, 0xCC28, 0xCC28, 0xCC28, 0xCC28, 0xCC28, 0xCC28, 0xCC28,
  0xCC28, 0xCC28, 0xCC28, 0xCC28, 0xCC28, 0xCC28, 0xCC28, 0xCC28, 0xCC28, 0xCC28, 0xCC28, 0xCC28,
  0xCC28, 0xCC28, 0xCC28, 0xCC28, 0xCC28, 0xCC28, 0xCC28, 0xCC28, 0xCC28, 0xCC28, 0xCC28, 0xCC28,
  0xA326, 0xA326, 0x7225, 0x7225, 0x7225, 0x7225, 0xA326, 0xA326, 0xA326, 0xA326, 0xA326, 0xA326,
  0xA326, 0xA326, 0xA326, 0xA326, 0xA326, 0xA326, 0xA326, 0xA326, 0xA326, 0xA326, 0xA326, 0xA326,
  0x7225, 0x7225, 0x7225, 0x7225, 0xA326, 0xA326, 0xA326, 0xA326, 0x7225, 0x7225, 0x7225, 0x7225,
  0x51A3, 0x51A3, 0x7225, 0x7225, 0xA326, 0xA326, 0xA326, 0xA326, 0xA326, 0xA326, 0x7225, 0x7225,
  0x7225, 0x7225, 0xA326, 0xA326, 0x7225, 0x7225, 0x51A3, 0x51A3, 0x51A3, 0x51A3, 0x7225, 0x7225,
  0xA326, 0xA326, 0xA326, 0xA326, 0xA326, 0xA326, 0xA326, 0xA326, 0x7225, 0x7225, 0x7225, 0x7225,
  0xA326, 0xA326, 0xA326, 0xA326, 0x7225, 0x7225, 0x7225, 0x7225, 0x39C6, 0x39C6, 0x2A46, 0x2A46,
  0x3AE7, 0x3AE7, 0x3AE7, 0x3AE7, 0x3AE7, 0x3AE7, 0x3AE7, 0x3AE7, 0x3AE7, 0x3AE7, 0x4388, 0x4388,
  0x4388, 0x4388, 0x3AE7, 0x3AE7, 0x3AE7, 0x3AE7, 0x9389, 0x9389, 0xAC4C, 0xAC4C, 0xAC4C, 0xAC4C,
  0xBCCD, 0xBCCD, 0xBCCD, 0xBCCD, 0xBCCD, 0xBCCD, 0xBCCD, 0xBCCD, 0xBCCD, 0xBCCD, 0xBCCD, 0xBCCD,
  0xBCCD, 0xBCCD, 0xBCCD, 0xBCCD, 0xBCCD, 0xBCCD, 0xBCCD, 0xBCCD, 0xBCCD, 0xBCCD, 0xBCCD, 0xBCCD,
  0xBCCD, 0xBCCD, 0xBCCD, 0xBCCD, 0xBCCD, 0xBCCD, 0xBCCD, 0xBCCD, 0xBCCD, 0xBCCD, 0xBCCD, 0xBCCD,
  0xD5F3, 0xD5F3, 0xD5F3, 0xD5F3, 0xD5F3, 0xD5F3, 0xD5F3, 0xD5F3, 0xD5F3, 0xD5F3, 0xD5F3, 0xD5F3,
  0xD5F3, 0xD5F3, 0xD5F3, 0xD5F3, 0xC570, 0xC570, 0x9389, 0x9389, 0x4388, 0x4388, 0x3AE7, 0x3AE7,
  0x3AE7, 0x3AE7, 0x3AE7, 0x3AE7, 0x3AE7, 0x3AE7, 0x3AE7, 0x3AE7, 0x3AE7, 0x3AE7, 0x3AE7, 0x3AE7,
  0x3AE7, 0x3AE7, 0x2A07, 0x2A07, 0x2A07, 0x2A07, 0x2A07, 0x2A07, 0x3AE7, 0x3AE7, 0x3AE7, 0x3AE7,
  0x3AE7, 0x3AE7, 0x2A07, 0x2A07, 0x3AE7, 0x3AE7, 0x3AE7, 0x3AE7, 0xA326, 0xA326, 0xCC28, 0xCC28,
  0xCC28, 0xCC28, 0xCC28, 0xCC28, 0xCC28, 0xCC28, 0xCC28, 0xCC28, 0xCC28, 0xCC28, 0xCC28, 0xCC28,
  0xCC28, 0xCC28, 0xCC28, 0xCC28, 0xCC28, 0xCC28, 0xCC28, 0xCC28, 0xCC28, 0xCC28, 0xCC28, 0xCC28,
  0xCC28, 0xCC28, 0xCC28, 0xCC28, 0xCC28, 0xCC28, 0xCC28, 0xCC28, 0xCC28, 0xCC28, 0xCC28, 0xCC28,
  0xA326, 0xA326, 0x7225, 0x7225, 0x7225, 0x7225, 0xA326, 0xA326, 0xA326, 0xA326, 0xA326, 0xA326,
  0xA326, 0xA326, 0xA326, 0xA326, 0xA326, 0xA326, 0xA326, 0xA326, 0x7225, 0x7225, 0x7225, 0x7225,
  0xA326, 0xA326, 0xA326, 0xA326, 0x7225, 0x7225, 0x7225, 0x7225, 0xA326, 0xA326, 0xA326, 0xA326,
  0xA326, 0xA326, 0xA326, 0xA326, 0xA326, 0xA326, 0xA326, 0xA326, 0x7225, 0x7225, 0x51A3, 0x51A3,
  0x7225, 0x7225, 0xA326, 0xA326, 0xA326, 0xA326, 0x7225, 0x7225, 0x7225, 0x7225, 0xA326, 0xA326,
  0xA326, 0xA326, 0x7225, 0x7225, 0x7225, 0x7225, 0x7225, 0x7225, 0xA326, 0xA326, 0xA326, 0xA326,
  0xA326, 0xA326, 0x7225, 0x7225, 0x7225, 0x7225, 0x7225, 0x7225, 0x3922, 0x3922, 0x2A07, 0x2A07,
  0x3AE7, 0x3AE7, 0x3AE7, 0x3AE7, 0x3AE7, 0x3AE7, 0x3AE7, 0x3AE7, 0x3AE7, 0x3AE7, 0x2A46, 0x2A46,
  0x3AE7, 0x3AE7, 0x5BEA, 0x5BEA, 0x6CB0, 0x6CB0, 0xC570, 0xC570, 0x9389, 0x9389, 0xAC4C, 0xAC4C,
  0xAC4C, 0xAC4C, 0xAC4C, 0xAC4C, 0xAC4C, 0xAC4C, 0xAC4C, 0xAC4C, 0xAC4C, 0xAC4C, 0xAC4C, 0xAC4C,
  0xBCCD, 0xBCCD, 0xBCCD, 0xBCCD, 0xBCCD, 0xBCCD, 0xBCCD, 0xBCCD, 0xBCCD, 0xBCCD, 0xBCCD, 0xBCCD,
  0xBCCD, 0xBCCD, 0xBCCD, 0xBCCD, 0xBCCD, 0xBCCD, 0xBCCD, 0xBCCD, 0xBCCD, 0xBCCD, 0xBCCD, 0xBCCD,
  0xD5F3, 0xD5F3, 0xD5F3, 0xD5F3, 0xD5F3, 0xD5F3, 0xD5F3, 0xD5F3, 0xD5F3, 0xD5F3, 0xD5F3, 0xD5F3,
  0xD5F3, 0xD5F3, 0xD5F3, 0xD5F3, 0xC570, 0xC570, 0x9389, 0x9389, 0x4388, 0x4388, 0x3AE7, 0x3AE7,
  0x3AE7, 0x3AE7, 0x3AE7, 0x3AE7, 0x3AE7, 0x3AE7, 0x3AE7, 0x3AE7, 0x3AE7, 0x3AE7, 0x3AE7, 0x3AE7,
  0x3AE7, 0x3AE7, 0x2A07, 0x2A07, 0x2A07, 0x2A07, 0x2A07, 0x2A07, 0x3AE7, 0x3AE7, 0x3AE7, 0x3AE7,
  0x3AE7, 0x3AE7, 0x2A07, 0x2A07, 0x3AE7, 0x3AE7, 0x3AE7, 0x3AE7, 0xA326, 0xA326, 0xCC28, 0xCC28,
  0xCC28, 0xCC28, 0xCC28, 0xCC28, 0xCC28, 0xCC28, 0xCC28, 0xCC28, 0xCC28, 0xCC28, 0xCC28, 0xCC28,
  0xCC28, 0xCC28, 0xCC28, 0xCC28, 0xCC28, 0xCC28, 0xCC28, 0xCC28, 0xCC28, 0xCC28, 0xCC28, 0xCC28,
  0xCC28, 0xCC28, 0xCC28, 0xCC28, 0xCC28, 0xCC28, 0xCC28, 0xCC28, 0xCC28, 0xCC28, 0xCC28, 0xCC28,
  0xA326, 0xA326, 0x7225, 0x7225, 0x7225, 0x7225, 0xA326, 0xA326, 0xA326, 0xA326, 0xA326, 0xA326,
  0xA326, 0xA326, 0xA326, 0xA326, 0xA326, 0xA326, 0xA326, 0xA326, 0x7225, 0x7225, 0x7225, 0x7225,
  0xA326, 0xA326, 0xA326, 0xA326, 0x7225, 0x7225, 0x7225, 0x7225, 0xA326, 0xA326, 0xA326, 0xA326,
  0xA326, 0xA326, 0xA326, 0xA326, 0xA326, 0xA326, 0xA326, 0xA326, 0x7225, 0x7225, 0x51A3, 0x51A3,
  0x7225, 0x7225, 0xA326, 0xA326, 0xA326, 0xA326, 0x7225, 0x7225, 0x7225, 0x7225, 0xA326, 0xA326,
  0xA326, 0xA326, 0x7225, 0x7225, 0x7225, 0x7225, 0x7225, 0x7225, 0xA326, 0xA326, 0xA326, 0xA326,
  0xA326, 0xA326, 0x7225, 0x7225, 0x7225, 0x7225, 0x7225, 0x7225, 0x3922, 0x3922, 0x2A07, 0x2A07,
  0x3AE7, 0x3AE7, 0x3AE7, 0x3AE7, 0x3AE7, 0x3AE7, 0x3AE7, 0x3AE7, 0x3AE7, 0x3AE7, 0x2A46, 0x2A46,
  0x3AE7, 0x3AE7, 0x5BEA, 0x5BEA, 0x6CB0, 0x6CB0, 0xC570, 0xC570, 0x9389, 0x9389, 0xAC4C, 0xAC4C,
  0xAC4C, 0xAC4C, 0xAC4C, 0xAC4C, 0xAC4C, 0xAC4C, 0xAC4C, 0xAC4C, 0xAC4C, 0xAC4C, 0xAC4C, 0xAC4C,
  0xBCCD, 0xBCCD, 0xBCCD, 0xBCCD, 0xBCCD, 0xBCCD, 0xBCCD, 0xBCCD, 0xBCCD, 0xBCCD, 0xBCCD, 0xBCCD,
  0xBCCD, 0xBCCD, 0xBCCD, 0xBCCD, 0xBCCD, 0xBCCD, 0xBCCD, 0xBCCD, 0xBCCD, 0xBCCD, 0xBCCD, 0xBCCD,
  0xD5F3, 0xD5F3, 0xD5F3, 0xD5F3, 0xD5F3, 0xD5F3, 0xD5F3, 0xD5F3, 0xD5F3, 0xD5F3, 0xD5F3, 0xD5F3,
  0xC570, 0xC570, 0x5BEA, 0x5BEA, 0x4388, 0x4388, 0x3AE7, 0x3AE7, 0x3AE7, 0x3AE7, 0x3AE7, 0x3AE7,
  0x3AE7, 0x3AE7, 0x3AE7, 0x3AE7, 0x3AE7, 0x3AE7, 0x3AE7, 0x3AE7, 0x3AE7, 0x3AE7, 0x2A07, 0x2A07,
  0x2A07, 0x2A07, 0x2A07, 0x2A07, 0x3AE7, 0x3AE7, 0x3AE7, 0x3AE7, 0x3AE7, 0x3AE7, 0x3AE7, 0x3AE7,
  0x3AE7, 0x3AE7, 0x2A07, 0x2A07, 0x3AE7, 0x3AE7, 0x3AE7, 0x3AE7, 0xA326, 0xA326, 0xCC28, 0xCC28,
  0xCC28, 0xCC28, 0xCC28, 0xCC28, 0xCC28, 0xCC28, 0xCC28, 0xCC28, 0xCC28, 0xCC28, 0xCC28, 0xCC28,
  0xCC28, 0xCC28, 0xCC28, 0xCC28, 0xCC28, 0xCC28, 0xCC28, 0xCC28, 0xCC28, 0xCC28, 0xCC28, 0xCC28,
  0xCC28, 0xCC28, 0xCC28, 0xCC28, 0xCC28, 0xCC28, 0xCC28, 0xCC28, 0xCC28, 0xCC28, 0xCC28, 0xCC28,
  0xA326, 0xA326, 0x7225, 0x7225, 0x7225, 0x7225, 0xA326, 0xA326, 0xA326, 0xA326, 0xA326, 0xA326,
  0xA326, 0xA326, 0xA326, 0xA326, 0x7225, 0x7225, 0x7225, 0x7225, 0xA326, 0xA326, 0xA326, 0xA326,
  0x7225, 0x7225, 0x7225, 0x7225, 0xA326, 0xA326, 0xA326, 0xA326, 0xA326, 0xA326, 0xA326, 0xA326,
  0xA326, 0xA326, 0xA326, 0xA326, 0xA326, 0xA326, 0xA326, 0xA326, 0x51A3, 0x51A3, 0x51A3, 0x51A3,
  0xA326, 0xA326, 0xA326, 0xA326, 0xA326, 0xA326, 0xA326, 0xA326, 0xA326, 0xA326, 0xA326, 0xA326,
  0x7225, 0x7225, 0x7225, 0x7225, 0xA326, 0xA326, 0xA326, 0xA326, 0xA326, 0xA326, 0x7225, 0x7225,
  0x7225, 0x7225, 0x7225, 0x7225, 0x7225, 0x7225, 0x7225, 0x7225, 0x51A3, 0x51A3, 0x51A3, 0x51A3,
  0x39C6, 0x39C6, 0x2A07, 0x2A07, 0x3AE7, 0x3AE7, 0x3AE7, 0x3AE7, 0x3AE7, 0x3AE7, 0x5BEA, 0x5BEA,
  0x8593, 0x8593, 0x8593, 0x8593, 0x8593, 0x8593, 0x8593, 0x8593, 0x8593, 0x8593, 0x6CB0, 0x6CB0,
  0x5BEA, 0x5BEA, 0x9389, 0x9389, 0xAC4C, 0xAC4C, 0xAC4C, 0xAC4C, 0xAC4C, 0xAC4C, 0xAC4C, 0xAC4C,
  0xAC4C, 0xAC4C, 0xAC4C, 0xAC4C, 0xBCCD, 0xBCCD, 0xBCCD, 0xBCCD, 0xBCCD, 0xBCCD, 0xBCCD, 0xBCCD,
  0xBCCD, 0xBCCD, 0xBCCD, 0xBCCD, 0xBCCD, 0xBCCD, 0xBCCD, 0xBCCD, 0xBCCD, 0xBCCD, 0xBCCD, 0xBCCD,
  0xD5F3, 0xD5F3, 0xD5F3, 0xD5F3, 0xD5F3, 0xD5F3, 0xD5F3, 0xD5F3, 0xD5F3, 0xD5F3, 0xD5F3, 0xD5F3,
  0xC570, 0xC570, 0x5BEA, 0x5BEA, 0x4388, 0x4388, 0x3AE7, 0x3AE7, 0x3AE7, 0x3AE7, 0x3AE7, 0x3AE7,
  0x3AE7, 0x3AE7, 0x3AE7, 0x3AE7, 0x3AE7, 0x3AE7, 0x3AE7, 0x3AE7, 0x3AE7, 0x3AE7, 0x2A07, 0x2A07,
  0x2A07, 0x2A07, 0x2A07, 0x2A07, 0x3AE7, 0x3AE7, 0x3AE7, 0x3AE7, 0x3AE7, 0x3AE7, 0x3AE7, 0x3AE7,
  0x3AE7, 0x3AE7, 0x2A07, 0x2A07, 0x3AE7, 0x3AE7, 0x3AE7, 0x3AE7, 0xA326, 0xA326, 0xCC28, 0xCC28,
  0xCC28, 0xCC28, 0xCC28, 0xCC28, 0xCC28, 0xCC28, 0xCC28, 0xCC28, 0xCC28, 0xCC28, 0xCC28, 0xCC28,
  0xCC28, 0xCC28, 0xCC28, 0xCC28, 0xCC28, 0xCC28, 0xCC28, 0xCC28, 0xCC28, 0xCC28, 0xCC28, 0xCC28,
  0xCC28, 0xCC28, 0xCC28, 0xCC28, 0xCC28, 0xCC28, 0xCC28, 0xCC28, 0xCC28, 0xCC28, 0xCC28, 0xCC28,
  0xA326, 0xA326, 0x7225, 0x7225, 0x7225, 0x7225, 0xA326, 0xA326, 0xA326, 0xA326, 0xA326, 0xA326,
  0xA326, 0xA326, 0xA326, 0xA326, 0x7225, 0x7225, 0x7225, 0x7225, 0xA326, 0xA326, 0xA326, 0xA326,
  0x7225, 0x7225, 0x7225, 0x7225, 0xA326, 0xA326, 0xA326, 0xA326, 0xA326, 0xA326, 0xA326, 0xA326,
  0xA326, 0xA326, 0xA326, 0xA326, 0xA326, 0xA326, 0xA326, 0xA326, 0x51A3, 0x51A3, 0x51A3, 0x51A3,
  0xA326, 0xA326, 0xA326, 0xA326, 0xA326, 0xA326, 0xA326, 0xA326, 0xA326, 0xA326, 0xA326, 0xA326,
  0x7225, 0x7225, 0x7225, 0x7225, 0xA326, 0xA326, 0xA326, 0xA326, 0xA326, 0xA326, 0x7225, 0x7225,
  0x7225, 0x7225, 0x7225, 0x7225, 0x7225, 0x7225, 0x7225, 0x7225, 0x51A3, 0x51A3, 0x51A3, 0x51A3,
  0x39C6, 0x39C6, 0x2A07, 0x2A07, 0x3AE7, 0x3AE7, 0x3AE7, 0x3AE7, 0x3AE7, 0x3AE7, 0x5BEA, 0x5BEA,
  0x8593, 0x8593, 0x8593, 0x8593, 0x8593, 0x8593, 0x8593, 0x8593, 0x8593, 0x8593, 0x6CB0, 0x6CB0,
  0x5BEA, 0x5BEA, 0x9389, 0x9389, 0xAC4C, 0xAC4C, 0xAC4C, 0xAC4C, 0xAC4C, 0xAC4C, 0xAC4C, 0xAC4C,
  0xAC4C, 0xAC4C, 0xAC4C, 0xAC4C, 0xBCCD, 0xBCCD, 0xBCCD, 0xBCCD, 0xBCCD, 0xBCCD, 0xBCCD, 0xBCCD,
  0xBCCD, 0xBCCD, 0xBCCD, 0xBCCD, 0xBCCD, 0xBCCD, 0xBCCD, 0xBCCD, 0xBCCD, 0xBCCD, 0xBCCD, 0xBCCD,
  0xBCCD, 0xBCCD, 0xBCCD, 0xBCCD, 0xC570, 0xC570, 0xD5F3, 0xD5F3, 0xC570, 0xC570, 0x5BEA, 0x5BEA,
  0x4388, 0x4388, 0x3AE7, 0x3AE7, 0x3AE7, 0x3AE7, 0x3AE7, 0x3AE7, 0x3AE7, 0x3AE7, 0x3AE7, 0x3AE7,
  0x3AE7, 0x3AE7, 0x3AE7, 0x3AE7, 0x3AE7, 0x3AE7, 0x2A07, 0x2A07, 0x2A07, 0x2A07, 0x3AE7, 0x3AE7,
  0x3AE7, 0x3AE7, 0x3AE7, 0x3AE7, 0x3AE7, 0x3AE7, 0x3AE7, 0x3AE7, 0x3AE7, 0x3AE7, 0x3AE7, 0x3AE7,
  0x3AE7, 0x3AE7, 0x2A07, 0x2A07, 0x3AE7, 0x3AE7, 0x3AE7, 0x3AE7, 0xA326, 0xA326, 0xCC28, 0xCC28,
  0xCC28, 0xCC28, 0xCC28, 0xCC28, 0xCC28, 0xCC28, 0xCC28, 0xCC28, 0xCC28, 0xCC28, 0xCC28, 0xCC28,
  0xCC28, 0xCC28, 0xCC28, 0xCC28, 0xCC28, 0xCC28, 0xCC28, 0xCC28, 0xCC28, 0xCC28, 0xCC28, 0xCC28,
  0xCC28, 0xCC28, 0xCC28, 0xCC28, 0xCC28, 0xCC28, 0xCC28, 0xCC28, 0xCC28, 0xCC28, 0xCC28, 0xCC28,
  0xA326, 0xA326, 0x7225, 0x7225, 0x7225, 0x7225, 0xA326, 0xA326, 0xA326, 0xA326, 0xA326, 0xA326,
  0x7225, 0x7225, 0x7225, 0x7225, 0xA326, 0xA326, 0xA326, 0xA326, 0x7225, 0x7225, 0x7225, 0x7225,
  0xA326, 0xA326, 0xA326, 0xA326, 0xA326, 0xA326, 0xA326, 0xA326, 0x7225, 0x7225, 0x7225, 0x7225,
  0x7225, 0x7225, 0xA326, 0xA326, 0xA326, 0xA326, 0x7225, 0x7225, 0x51A3, 0x51A3, 0xA326, 0xA326,
  0xA326, 0xA326, 0xA326, 0xA326, 0xA326, 0xA326, 0x7225, 0x7225, 0x7225, 0x7225, 0x7225, 0x7225,
  0xA326, 0xA326, 0xA326, 0xA326, 0xA326, 0xA326, 0xA326, 0xA326, 0x7225, 0x7225, 0x7225, 0x7225,
  0x51A3, 0x51A3, 0x51A3, 0x51A3, 0x7225, 0x7225, 0x7225, 0x7225, 0x51A3, 0x51A3, 0x51A3, 0x51A3,
  0x7225, 0x7225, 0x51A3, 0x51A3, 0x39C6, 0x39C6, 0x3AE7, 0x3AE7, 0x6CB0, 0x6CB0, 0xAE56, 0xAE56,
  0xAE56, 0xAE56, 0x8593, 0x8593, 0x8593, 0x8593, 0x8593, 0x8593, 0xAE56, 0xAE56, 0xAE56, 0xAE56,
  0x8593, 0x8593, 0x6CB0, 0x6CB0, 0x5BEA, 0x5BEA, 0x5BEA, 0x5BEA, 0x9389, 0x9389, 0x9389, 0x9389,
  0xAC4C, 0xAC4C, 0xAC4C, 0xAC4C, 0xAC4C, 0xAC4C, 0xAC4C, 0xAC4C, 0xBCCD, 0xBCCD, 0xBCCD, 0xBCCD,
  0xBCCD, 0xBCCD, 0xBCCD, 0xBCCD, 0xBCCD, 0xBCCD, 0xBCCD, 0xBCCD, 0xBCCD, 0xBCCD, 0xBCCD, 0xBCCD,
  0xBCCD, 0xBCCD, 0xBCCD, 0xBCCD, 0xC570, 0xC570, 0xD5F3, 0xD5F3, 0xC570, 0xC570, 0x5BEA, 0x5BEA,
  0x4388, 0x4388, 0x3AE7, 0x3AE7, 0x3AE7, 0x3AE7, 0x3AE7, 0x3AE7, 0x3AE7, 0x3AE7, 0x3AE7, 0x3AE7,
  0x3AE7, 0x3AE7, 0x3AE7, 0x3AE7, 0x3AE7, 0x3AE7, 0x2A07, 0x2A07, 0x2A07, 0x2A07, 0x3AE7, 0x3AE7,
  0x3AE7, 0x3AE7, 0x3AE7, 0x3AE7, 0x3AE7, 0x3AE7, 0x3AE7, 0x3AE7, 0x3AE7, 0x3AE7, 0x3AE7, 0x3AE7,
  0x3AE7, 0x3AE7, 0x2A07, 0x2A07, 0x3AE7, 0x3AE7, 0x3AE7, 0x3AE7, 0xA326, 0xA326, 0xCC28, 0xCC28,
  0xCC28, 0xCC28, 0xCC28, 0xCC28, 0xCC28, 0xCC28, 0xCC28, 0xCC28, 0xCC28, 0xCC28, 0xCC28, 0xCC28,
  0xCC28, 0xCC28, 0xCC28, 0xCC28, 0xCC28, 0xCC28, 0xCC28, 0xCC28, 0xCC28, 0xCC28, 0xCC28, 0xCC28,
  0xCC28, 0xCC28, 0xCC28, 0xCC28, 0xCC28, 0xCC28, 0xCC28, 0xCC28, 0xCC28, 0xCC28, 0xCC28, 0xCC28,
  0xA326, 0xA326, 0x7225, 0x7225, 0x7225, 0x7225, 0xA326, 0xA326, 0xA326, 0xA326, 0xA326, 0xA326,
  0x7225, 0x7225, 0x7225, 0x7225, 0xA326, 0xA326, 0xA326, 0xA326, 0x7225, 0x7225, 0x7225, 0x7225,
  0xA326, 0xA326, 0xA326, 0xA326, 0xA326, 0xA326, 0xA326, 0xA326, 0x7225, 0x7225, 0x7225, 0x7225,
  0x7225, 0x7225, 0xA326, 0xA326, 0xA326, 0xA326, 0x7225, 0x7225, 0x51A3, 0x51A3, 0xA326, 0xA326,
  0xA326, 0xA326, 0xA326, 0xA326, 0xA326, 0xA326, 0x7225, 0x7225, 0x7225, 0x7225, 0x7225, 0x7225,
  0xA326, 0xA326, 0xA326, 0xA326, 0xA326, 0xA326, 0xA326, 0xA326, 0x7225, 0x7225, 0x7225, 0x7225,
  0x51A3, 0x51A3, 0x51A3, 0x51A3, 0x7225, 0x7225, 0x7225, 0x7225, 0x51A3, 0x51A3, 0x51A3, 0x51A3,
  0x7225, 0x7225, 0x51A3, 0x51A3, 0x39C6, 0x39C6, 0x3AE7, 0x3AE7, 0x6CB0, 0x6CB0, 0xAE56, 0xAE56,
  0xAE56, 0xAE56, 0x8593, 0x8593, 0x8593, 0x8593, 0x8593, 0x8593, 0xAE56, 0xAE56, 0xAE56, 0xAE56,
  0x8593, 0x8593, 0x6CB0, 0x6CB0, 0x5BEA, 0x5BEA, 0x5BEA, 0x5BEA, 0x9389, 0x9389, 0x9389, 0x9389,
  0xAC4C, 0xAC4C, 0xAC4C, 0xAC4C, 0xAC4C, 0xAC4C, 0xAC4C, 0xAC4C, 0xBCCD, 0xBCCD, 0xBCCD, 0xBCCD,
  0xBCCD, 0xBCCD, 0xBCCD, 0xBCCD, 0xBCCD, 0xBCCD, 0xBCCD, 0xBCCD, 0xBCCD, 0xBCCD, 0xBCCD, 0xBCCD,
  0xE696, 0xE696, 0xD5F3, 0xD5F3, 0xC570, 0xC570, 0xBCCD, 0xBCCD, 0x5A88, 0x5A88, 0x3AE7, 0x3AE7,
  0x3AE7, 0x3AE7, 0x3AE7, 0x3AE7, 0x3AE7, 0x3AE7, 0x3AE7, 0x3AE7, 0x3AE7, 0x3AE7, 0x3AE7, 0x3AE7,
  0x3AE7, 0x3AE7, 0x2A07, 0x2A07, 0x2A07, 0x2A07, 0x2A07, 0x2A07, 0x3AE7, 0x3AE7, 0x3AE7, 0x3AE7,
  0x3AE7, 0x3AE7, 0x3AE7, 0x3AE7, 0x3AE7, 0x3AE7, 0x3AE7, 0x3AE7, 0x3AE7, 0x3AE7, 0x3AE7, 0x3AE7,
  0x3AE7, 0x3AE7, 0x2A07, 0x2A07, 0x3AE7, 0x3AE7, 0x3AE7, 0x3AE7, 0xA326, 0xA326, 0xCC28, 0xCC28,
  0xCC28, 0xCC28, 0xCC28, 0xCC28, 0xCC28, 0xCC28, 0xCC28, 0xCC28, 0xA326, 0xA326, 0xCC28, 0xCC28,
  0xCC28, 0xCC28, 0xCC28, 0xCC28, 0xCC28, 0xCC28, 0xCC28, 0xCC28, 0xCC28, 0xCC28, 0xCC28, 0xCC28,
  0xCC28, 0xCC28, 0xCC28, 0xCC28, 0xCC28, 0xCC28, 0xCC28, 0xCC28, 0xCC28, 0xCC28, 0xCC28, 0xCC28,
  0xA326, 0xA326, 0x7225, 0x7225, 0x7225, 0x7225, 0xA326, 0xA326, 0x7225, 0x7225, 0x7225, 0x7225,
  0xA326, 0xA326, 0xA326, 0xA326, 0x7225, 0x7225, 0x7225, 0x7225, 0xA326, 0xA326, 0xA326, 0xA326,
  0xA326, 0xA326, 0xA326, 0xA326, 0xA326, 0xA326, 0xA326, 0xA326, 0x7225, 0x7225, 0x51A3, 0x51A3,
  0x51A3, 0x51A3, 0xA326, 0xA326, 0xA326, 0xA326, 0xA326, 0xA326, 0xA326, 0xA326, 0xA326, 0xA326,
  0xA326, 0xA326, 0xA326, 0xA326, 0x7225, 0x7225, 0x7225, 0x7225, 0xA326, 0xA326, 0xA326, 0xA326,
  0xA326, 0xA326, 0xA326, 0xA326, 0x7225, 0x7225, 0x7225, 0x7225, 0x51A3, 0x51A3, 0x51A3, 0x51A3,
  0x51A3, 0x51A3, 0x7225, 0x7225, 0xA326, 0xA326, 0x7225, 0x7225, 0x51A3, 0x51A3, 0x7225, 0x7225,
  0x7225, 0x7225, 0x7225, 0x7225, 0x5A88, 0x5A88, 0x6CB0, 0x6CB0, 0x6CB0, 0x6CB0, 0x6CB0, 0x6CB0,
  0x8593, 0x8593, 0x8593, 0x8593, 0xAE56, 0xAE56, 0xAE56, 0xAE56, 0x8593, 0x8593, 0x8593, 0x8593,
  0xAE56, 0xAE56, 0xAE56, 0xAE56, 0x8593, 0x8593, 0x8593, 0x8593, 0x6CB0, 0x6CB0, 0x5BEA, 0x5BEA,
  0x5BEA, 0x5BEA, 0x9389, 0x9389, 0xAC4C, 0xAC4C, 0xAC4C, 0xAC4C, 0xAC4C, 0xAC4C, 0xAC4C, 0xAC4C,
  0xBCCD, 0xBCCD, 0xBCCD, 0xBCCD, 0xBCCD, 0xBCCD, 0xBCCD, 0xBCCD, 0xBCCD, 0xBCCD, 0xBCCD, 0xBCCD,
  0xE696, 0xE696, 0xD5F3, 0xD5F3, 0xC570, 0xC570, 0xBCCD, 0xBCCD, 0x5A88, 0x5A88, 0x3AE7, 0x3AE7,
  0x3AE7, 0x3AE7, 0x3AE7, 0x3AE7, 0x3AE7, 0x3AE7, 0x3AE7, 0x3AE7, 0x3AE7, 0x3AE7, 0x3AE7, 0x3AE7,
  0x3AE7, 0x3AE7, 0x2A07, 0x2A07, 0x2A07, 0x2A07, 0x2A07, 0x2A07, 0x3AE7, 0x3AE7, 0x3AE7, 0x3AE7,
  0x3AE7, 0x3AE7, 0x3AE7, 0x3AE7, 0x3AE7, 0x3AE7, 0x3AE7, 0x3AE7, 0x3AE7, 0x3AE7, 0x3AE7, 0x3AE7,
  0x3AE7, 0x3AE7, 0x2A07, 0x2A07, 0x3AE7, 0x3AE7, 0x3AE7, 0x3AE7, 0xA326, 0xA326, 0xCC28, 0xCC28,
  0xCC28, 0xCC28, 0xCC28, 0xCC28, 0xCC28, 0xCC28, 0xCC28, 0xCC28, 0xA326, 0xA326, 0xCC28, 0xCC28,
  0xCC28, 0xCC28, 0xCC28, 0xCC28, 0xCC28, 0xCC28, 0xCC28, 0xCC28, 0xCC28, 0xCC28, 0xCC28, 0xCC28,
  0xCC28, 0xCC28, 0xCC28, 0xCC28, 0xCC28, 0xCC28, 0xCC28, 0xCC28, 0xCC28, 0xCC28, 0xCC28, 0xCC28,
  0xA326, 0xA326, 0x7225, 0x7225, 0x7225, 0x7225, 0xA326, 0xA326, 0x7225, 0x7225, 0x7225, 0x7225,
  0xA326, 0xA326, 0xA326, 0xA326, 0x7225, 0x7225, 0x7225, 0x7225, 0xA326, 0xA326, 0xA326, 0xA326,
  0xA326, 0xA326, 0xA326, 0xA326, 0xA326, 0xA326, 0xA326, 0xA326, 0x7225, 0x7225, 0x51A3, 0x51A3,
  0x51A3, 0x51A3, 0xA326, 0xA326, 0xA326, 0xA326, 0xA326, 0xA326, 0xA326, 0xA326, 0xA326, 0xA326,
  0xA326, 0xA326, 0xA326, 0xA326, 0x7225, 0x7225, 0x7225, 0x7225, 0xA326, 0xA326, 0xA326, 0xA326,
  0xA326, 0xA326, 0xA326, 0xA326, 0x7225, 0x7225, 0x7225, 0x7225, 0x51A3, 0x51A3, 0x51A3, 0x51A3,
  0x51A3, 0x51A3, 0x7225, 0x7225, 0xA326, 0xA326, 0x7225, 0x7225, 0x51A3, 0x51A3, 0x7225, 0x7225,
  0x7225, 0x7225, 0x7225, 0x7225, 0x5A88, 0x5A88, 0x6CB0, 0x6CB0, 0x6CB0, 0x6CB0, 0x6CB0, 0x6CB0,
  0x8593, 0x8593, 0x8593, 0x8593, 0xAE56, 0xAE56, 0xAE56, 0xAE56, 0x8593, 0x8593, 0x8593, 0x8593,
  0xAE56, 0xAE56, 0xAE56, 0xAE56, 0x8593, 0x8593, 0x8593, 0x8593, 0x6CB0, 0x6CB0, 0x5BEA, 0x5BEA,
  0x5BEA, 0x5BEA, 0x9389, 0x9389, 0xAC4C, 0xAC4C, 0xAC4C, 0xAC4C, 0xAC4C, 0xAC4C, 0xAC4C, 0xAC4C,
  0xBCCD, 0xBCCD, 0xBCCD, 0xBCCD, 0xBCCD, 0xBCCD, 0xBCCD, 0xBCCD, 0xBCCD, 0xBCCD, 0xBCCD, 0xBCCD,
  0xC570, 0xC570, 0xE696, 0xE696, 0xE696, 0xE696, 0xE696, 0xE696, 0xBCCD, 0xBCCD, 0x3AE7, 0x3AE7,
  0x3AE7, 0x3AE7, 0x3AE7, 0x3AE7, 0x3AE7, 0x3AE7, 0x3AE7, 0x3AE7, 0x3AE7, 0x3AE7, 0x2A07, 0x2A07,
  0x2A07, 0x2A07, 0x2A07, 0x2A07, 0x3AE7, 0x3AE7, 0x3AE7, 0x3AE7, 0x3AE7, 0x3AE7, 0x3AE7, 0x3AE7,
  0x3AE7, 0x3AE7, 0x3AE7, 0x3AE7, 0x3AE7, 0x3AE7, 0x3AE7, 0x3AE7, 0x3AE7, 0x3AE7, 0x3AE7, 0x3AE7,
  0x3AE7, 0x3AE7, 0x2A07, 0x2A07, 0x3AE7, 0x3AE7, 0x2A07, 0x2A07, 0xA326, 0xA326, 0xCC28, 0xCC28,
  0xCC28, 0xCC28, 0xCC28, 0xCC28, 0xCC28, 0xCC28, 0xCC28, 0xCC28, 0xA326, 0xA326, 0xCC28, 0xCC28,
  0xCC28, 0xCC28, 0xCC28, 0xCC28, 0xCC28, 0xCC28, 0xCC28, 0xCC28, 0xCC28, 0xCC28, 0xCC28, 0xCC28,
  0xCC28, 0xCC28, 0xCC28, 0xCC28, 0xCC28, 0xCC28, 0xCC28, 0xCC28, 0xCC28, 0xCC28, 0xCC28, 0xCC28,
  0xA326, 0xA326, 0x7225, 0x7225, 0x7225, 0x7225, 0x7225, 0x7225, 0xA326, 0xA326, 0xA326, 0xA326,
  0x7225, 0x7225, 0x7225, 0x7225, 0xA326, 0xA326, 0xA326, 0xA326, 0xA326, 0xA326, 0xA326, 0xA326,
  0xA326, 0xA326, 0xA326, 0xA326, 0xA326, 0xA326, 0xA326, 0xA326, 0x7225, 0x7225, 0x51A3, 0x51A3,
  0x51A3, 0x51A3, 0xA326, 0xA326, 0xA326, 0xA326, 0xA326, 0xA326, 0xA326, 0xA326, 0xA326, 0xA326,
  0x7225, 0x7225, 0x7225, 0x7225, 0xA326, 0xA326, 0xA326, 0xA326, 0xA326, 0xA326, 0x7225, 0x7225,
  0x7225, 0x7225, 0x7225, 0x7225, 0x51A3, 0x51A3, 0x51A3, 0x51A3, 0x3922, 0x3922, 0x51A3, 0x51A3,
  0x51A3, 0x51A3, 0x51A3, 0x51A3, 0x7225, 0x7225, 0x7225, 0x7225, 0x7225, 0x7225, 0x7225, 0x7225,
  0x72E8, 0x72E8, 0x5BEA, 0x5BEA, 0xC570, 0xC570, 0xC570, 0xC570, 0xC570, 0xC570, 0x8593, 0x8593,
  0x8593, 0x8593, 0x6CB0, 0x6CB0, 0x8593, 0x8593, 0x8593, 0x8593, 0x8593, 0x8593, 0xAE56, 0xAE56,
  0x8593, 0x8593, 0x8593, 0x8593, 0x8593, 0x8593, 0xAE56, 0xAE56, 0x8593, 0x8593, 0x8593, 0x8593,
  0x6CB0, 0x6CB0, 0x6CB0, 0x6CB0, 0x5BEA, 0x5BEA, 0x9389, 0x9389, 0xAC4C, 0xAC4C, 0xAC4C, 0xAC4C,
  0xAC4C, 0xAC4C, 0xAC4C, 0xAC4C, 0xAC4C, 0xAC4C, 0xBCCD, 0xBCCD, 0xBCCD, 0xBCCD, 0xBCCD, 0xBCCD,
  0xC570, 0xC570, 0xE696, 0xE696, 0xE696, 0xE696, 0xE696, 0xE696, 0xBCCD, 0xBCCD, 0x3AE7, 0x3AE7,
  0x3AE7, 0x3AE7, 0x3AE7, 0x3AE7, 0x3AE7, 0x3AE7, 0x3AE7, 0x3AE7, 0x3AE7, 0x3AE7, 0x2A07, 0x2A07,
  0x2A07, 0x2A07, 0x2A07, 0x2A07, 0x3AE7, 0x3AE7, 0x3AE7, 0x3AE7, 0x3AE7, 0x3AE7, 0x3AE7, 0x3AE7,
  0x3AE7, 0x3AE7, 0x3AE7, 0x3AE7, 0x3AE7, 0x3AE7, 0x3AE7, 0x3AE7, 0x3AE7, 0x3AE7, 0x3AE7, 0x3AE7,
  0x3AE7, 0x3AE7, 0x2A07, 0x2A07, 0x3AE7, 0x3AE7, 0x2A07, 0x2A07, 0xA326, 0xA326, 0xCC28, 0xCC28,
  0xCC28, 0xCC28, 0xCC28, 0xCC28, 0xCC28, 0xCC28, 0xCC28, 0xCC28, 0xA326, 0xA326, 0xCC28, 0xCC28,
  0xCC28, 0xCC28, 0xCC28, 0xCC28, 0xCC28, 0xCC28, 0xCC28, 0xCC28, 0xCC28, 0xCC28, 0xCC28, 0xCC28,
  0xCC28, 0xCC28, 0xCC28, 0xCC28, 0xCC28, 0xCC28, 0xCC28, 0xCC28, 0xCC28, 0xCC28, 0xCC28, 0xCC28,
  0xA326, 0xA326, 0x7225, 0x7225, 0x7225, 0x7225, 0x7225, 0x7225, 0xA326, 0xA326, 0xA326, 0xA326,
  0x7225, 0x7225, 0x7225, 0x7225, 0xA326, 0xA326, 0xA326, 0xA326, 0xA326, 0xA326, 0xA326, 0xA326,
  0xA326, 0xA326, 0xA326, 0xA326, 0xA326, 0xA326, 0xA326, 0xA326, 0x7225, 0x7225, 0x51A3, 0x51A3,
  0x51A3, 0x51A3, 0xA326, 0xA326, 0xA326, 0xA326, 0xA326, 0xA326, 0xA326, 0xA326, 0xA326, 0xA326,
  0x7225, 0x7225, 0x7225, 0x7225, 0xA326, 0xA326, 0xA326, 0xA326, 0xA326, 0xA326, 0x7225, 0x7225,
  0x7225, 0x7225, 0x7225, 0x7225, 0x51A3, 0x51A3, 0x51A3, 0x51A3, 0x3922, 0x3922, 0x51A3, 0x51A3,
  0x51A3, 0x51A3, 0x51A3, 0x51A3, 0x7225, 0x7225, 0x7225, 0x7225, 0x7225, 0x7225, 0x7225, 0x7225,
  0x72E8, 0x72E8, 0x5BEA, 0x5BEA, 0xC570, 0xC570, 0xC570, 0xC570, 0xC570, 0xC570, 0x8593, 0x8593,
  0x8593, 0x8593, 0x6CB0, 0x6CB0, 0x8593, 0x8593, 0x8593, 0x8593, 0x8593, 0x8593, 0xAE56, 0xAE56,
  0x8593, 0x8593, 0x8593, 0x8593, 0x8593, 0x8593, 0xAE56, 0xAE56, 0x8593, 0x8593, 0x8593, 0x8593,
  0x6CB0, 0x6CB0, 0x6CB0, 0x6CB0, 0x5BEA, 0x5BEA, 0x9389, 0x9389, 0xAC4C, 0xAC4C, 0xAC4C, 0xAC4C,
  0xAC4C, 0xAC4C, 0xAC4C, 0xAC4C, 0xAC4C, 0xAC4C, 0xBCCD, 0xBCCD, 0xBCCD, 0xBCCD, 0xBCCD, 0xBCCD,
  0xCC28, 0xCC28, 0xE50A, 0xE50A, 0xE696, 0xE696, 0xD5F3, 0xD5F3, 0xD5F3, 0xD5F3, 0x9389, 0x9389,
  0x3AE7, 0x3AE7, 0x3AE7, 0x3AE7, 0x3AE7, 0x3AE7, 0x2A07, 0x2A07, 0x2A07, 0x2A07, 0x2A07, 0x2A07,
  0x3AE7, 0x3AE7, 0x3AE7, 0x3AE7, 0x3AE7, 0x3AE7, 0x3AE7, 0x3AE7, 0x3AE7, 0x3AE7, 0x3AE7, 0x3AE7,
  0x3AE7, 0x3AE7, 0x3AE7, 0x3AE7, 0x3AE7, 0x3AE7, 0x3AE7, 0x3AE7, 0x3AE7, 0x3AE7, 0x3AE7, 0x3AE7,
  0x3AE7, 0x3AE7, 0x3AE7, 0x3AE7, 0x3AE7, 0x3AE7, 0x2A07, 0x2A07, 0xA326, 0xA326, 0xCC28, 0xCC28,
  0xA326, 0xA326, 0xA326, 0xA326, 0xCC28, 0xCC28, 0xCC28, 0xCC28, 0xA326, 0xA326, 0xCC28, 0xCC28,
  0xCC28, 0xCC28, 0xCC28, 0xCC28, 0xCC28, 0xCC28, 0xCC28, 0xCC28, 0xCC28, 0xCC28, 0xCC28, 0xCC28,
  0xCC28, 0xCC28, 0xCC28, 0xCC28, 0xCC28, 0xCC28, 0xCC28, 0xCC28, 0xCC28, 0xCC28, 0xCC28, 0xCC28,
  0xA326, 0xA326, 0x7225, 0x7225, 0xA326, 0xA326, 0xA326, 0xA326, 0x7225, 0x7225, 0x7225, 0x7225,
  0xA326, 0xA326, 0xA326, 0xA326, 0xA326, 0xA326, 0xA326, 0xA326, 0xA326, 0xA326, 0x7225, 0x7225,
  0x7225, 0x7225, 0x7225, 0x7225, 0xA326, 0xA326, 0xA326, 0xA326, 0x7225, 0x7225, 0x51A3, 0x51A3,
  0x7225, 0x7225, 0xA326, 0xA326, 0xA326, 0xA326, 0xA326, 0xA326, 0x7225, 0x7225, 0x7225, 0x7225,
  0xA326, 0xA326, 0xA326, 0xA326, 0xA326, 0xA326, 0xA326, 0xA326, 0x7225, 0x7225, 0x7225, 0x7225,
  0x51A3, 0x51A3, 0x51A3, 0x51A3, 0x51A3, 0x51A3, 0x51A3, 0x51A3, 0x51A3, 0x51A3, 0x51A3, 0x51A3,
  0x51A3, 0x51A3, 0x51A3, 0x51A3, 0x7225, 0x7225, 0x7225, 0x7225, 0x72E8, 0x72E8, 0x5BEA, 0x5BEA,
  0xC570, 0xC570, 0xE696, 0xE696, 0xE696, 0xE696, 0xE696, 0xE696, 0xE696, 0xE696, 0xE696, 0xE696,
  0xE696, 0xE696, 0xD5F3, 0xD5F3, 0xC570, 0xC570, 0x8593, 0x8593, 0x6CB0, 0x6CB0, 0x8593, 0x8593,
  0x8593, 0x8593, 0xAE56, 0xAE56, 0xAE56, 0xAE56, 0x8593, 0x8593, 0x8593, 0x8593, 0x8593, 0x8593,
  0x8593, 0x8593, 0x8593, 0x8593, 0x8593, 0x8593, 0x6CB0, 0x6CB0, 0x5BEA, 0x5BEA, 0x9389, 0x9389,
  0x9389, 0x9389, 0xAC4C, 0xAC4C, 0xAC4C, 0xAC4C, 0xAC4C, 0xAC4C, 0xAC4C, 0xAC4C, 0xAC4C, 0xAC4C,
  0xCC28, 0xCC28, 0xE50A, 0xE50A, 0xE696, 0xE696, 0xD5F3, 0xD5F3, 0xD5F3, 0xD5F3, 0x9389, 0x9389,
  0x3AE7, 0x3AE7, 0x3AE7, 0x3AE7, 0x3AE7, 0x3AE7, 0x2A07, 0x2A07, 0x2A07, 0x2A07, 0x2A07, 0x2A07,
  0x3AE7, 0x3AE7, 0x3AE7, 0x3AE7, 0x3AE7, 0x3AE7, 0x3AE7, 0x3AE7, 0x3AE7, 0x3AE7, 0x3AE7, 0x3AE7,
  0x3AE7, 0x3AE7, 0x3AE7, 0x3AE7, 0x3AE7, 0x3AE7, 0x3AE7, 0x3AE7, 0x3AE7, 0x3AE7, 0x3AE7, 0x3AE7,
  0x3AE7, 0x3AE7, 0x3AE7, 0x3AE7, 0x3AE7, 0x3AE7, 0x2A07, 0x2A07, 0xA326, 0xA326, 0xCC28, 0xCC28,
  0xA326, 0xA326, 0xA326, 0xA326, 0xCC28, 0xCC28, 0xCC28, 0xCC28, 0xA326, 0xA326, 0xCC28, 0xCC28,
  0xCC28, 0xCC28, 0xCC28, 0xCC28, 0xCC28, 0xCC28, 0xCC28, 0xCC28, 0xCC28, 0xCC28, 0xCC28, 0xCC28,
  0xCC28, 0xCC28, 0xCC28, 0xCC28, 0xCC28, 0xCC28, 0xCC28, 0xCC28, 0xCC28, 0xCC28, 0xCC28, 0xCC28,
  0xA326, 0xA326, 0x7225, 0x7225, 0xA326, 0xA326, 0xA326, 0xA326, 0x7225, 0x7225, 0x7225, 0x7225,
  0xA326, 0xA326, 0xA326, 0xA326, 0xA326, 0xA326, 0xA326, 0xA326, 0xA326, 0xA326, 0x7225, 0x7225,
  0x7225, 0x7225, 0x7225, 0x7225, 0xA326, 0xA326, 0xA326, 0xA326, 0x7225, 0x7225, 0x51A3, 0x51A3,
  0x7225, 0x7225, 0xA326, 0xA326, 0xA326, 0xA326, 0xA326, 0xA326, 0x7225, 0x7225, 0x7225, 0x7225,
  0xA326, 0xA326, 0xA326, 0xA326, 0xA326, 0xA326, 0xA326, 0xA326, 0x7225, 0x7225, 0x7225, 0x7225,
  0x51A3, 0x51A3, 0x51A3, 0x51A3, 0x51A3, 0x51A3, 0x51A3, 0x51A3, 0x51A3, 0x51A3, 0x51A3, 0x51A3,
  0x51A3, 0x51A3, 0x51A3, 0x51A3, 0x7225, 0x7225, 0x7225, 0x7225, 0x72E8, 0x72E8, 0x5BEA, 0x5BEA,
  0xC570, 0xC570, 0xE696, 0xE696, 0xE696, 0xE696, 0xE696, 0xE696, 0xE696, 0xE696, 0xE696, 0xE696,
  0xE696, 0xE696, 0xD5F3, 0xD5F3, 0xC570, 0xC570, 0x8593, 0x8593, 0x6CB0, 0x6CB0, 0x8593, 0x8593,
  0x8593, 0x8593, 0xAE56, 0xAE56, 0xAE56, 0xAE56, 0x8593, 0x8593, 0x8593, 0x8593, 0x8593, 0x8593,
  0x8593, 0x8593, 0x8593, 0x8593, 0x8593, 0x8593, 0x6CB0, 0x6CB0, 0x5BEA, 0x5BEA, 0x9389, 0x9389,
  0x9389, 0x9389, 0xAC4C, 0xAC4C, 0xAC4C, 0xAC4C, 0xAC4C, 0xAC4C, 0xAC4C, 0xAC4C, 0xAC4C, 0xAC4C,
  0xCC28, 0xCC28, 0xCC28, 0xCC28, 0xE50A, 0xE50A, 0xD5F3, 0xD5F3, 0xC570, 0xC570, 0xBCCD, 0xBCCD,
  0x5A88, 0x5A88, 0x2A07, 0x2A07, 0x2A07, 0x2A07, 0x2A07, 0x2A07, 0x3AE7, 0x3AE7, 0x3AE7, 0x3AE7,
  0x3AE7, 0x3AE7, 0x3AE7, 0x3AE7, 0x3AE7, 0x3AE7, 0x3AE7, 0x3AE7, 0x3AE7, 0x3AE7, 0x3AE7, 0x3AE7,
  0x3AE7, 0x3AE7, 0x3AE7, 0x3AE7, 0x3AE7, 0x3AE7, 0x3AE7, 0x3AE7, 0x3AE7, 0x3AE7, 0x3AE7, 0x3AE7,
  0x3AE7, 0x3AE7, 0x3AE7, 0x3AE7, 0x3AE7, 0x3AE7, 0x2A07, 0x2A07, 0xA326, 0xA326, 0xCC28, 0xCC28,
  0xA326, 0xA326, 0xA326, 0xA326, 0xCC28, 0xCC28, 0xCC28, 0xCC28, 0xA326, 0xA326, 0xCC28, 0xCC28,
  0xCC28, 0xCC28, 0xCC28, 0xCC28, 0xCC28, 0xCC28, 0xCC28, 0xCC28, 0xCC28, 0xCC28, 0xCC28, 0xCC28,
  0xCC28, 0xCC28, 0xCC28, 0xCC28, 0xCC28, 0xCC28, 0xCC28, 0xCC28, 0xCC28, 0xCC28, 0xCC28, 0xCC28,
  0xA326, 0xA326, 0x7225, 0x7225, 0x7225, 0x7225, 0x7225, 0x7225, 0xA326, 0xA326, 0xA326, 0xA326,
  0xA326, 0xA326, 0xA326, 0xA326, 0xA326, 0xA326, 0xA326, 0xA326, 0xA326, 0xA326, 0x51A3, 0x51A3,
  0x7225, 0x7225, 0x7225, 0x7225, 0xA326, 0xA326, 0xA326, 0xA326, 0xA326, 0xA326, 0xA326, 0xA326,
  0xA326, 0xA326, 0xA326, 0xA326, 0x7225, 0x7225, 0x7225, 0x7225, 0xA326, 0xA326, 0xA326, 0xA326,
  0xA326, 0xA326, 0xA326, 0xA326, 0x7225, 0x7225, 0x7225, 0x7225, 0x51A3, 0x51A3, 0x51A3, 0x51A3,
  0x51A3, 0x51A3, 0x51A3, 0x51A3, 0x51A3, 0x51A3, 0x51A3, 0x51A3, 0x51A3, 0x51A3, 0x7225, 0x7225,
  0x7225, 0x7225, 0x7225, 0x7225, 0x72E8, 0x72E8, 0x6CB0, 0x6CB0, 0x8593, 0x8593, 0x8593, 0x8593,
  0xAE56, 0xAE56, 0xD5F3, 0xD5F3, 0xD5F3, 0xD5F3, 0xD5F3, 0xD5F3, 0xC570, 0xC570, 0xC570, 0xC570,
  0xD5F3, 0xD5F3, 0xE696, 0xE696, 0xE696, 0xE696, 0xE696, 0xE696, 0xD5F3, 0xD5F3, 0x8593, 0x8593,
  0x6CB0, 0x6CB0, 0x6CB0, 0x6CB0, 0x8593, 0x8593, 0xAE56, 0xAE56, 0xAE56, 0xAE56, 0x8593, 0x8593,
  0x8593, 0x8593, 0x8593, 0x8593, 0x8593, 0x8593, 0x8593, 0x8593, 0x8593, 0x8593, 0x6CB0, 0x6CB0,
  0x5BEA, 0x5BEA, 0x5BEA, 0x5BEA, 0x9389, 0x9389, 0xAC4C, 0xAC4C, 0xAC4C, 0xAC4C, 0xAC4C, 0xAC4C,
  0xCC28, 0xCC28, 0xCC28, 0xCC28, 0xE50A, 0xE50A, 0xD5F3, 0xD5F3, 0xC570, 0xC570, 0xBCCD, 0xBCCD,
  0x5A88, 0x5A88, 0x2A07, 0x2A07, 0x2A07, 0x2A07, 0x2A07, 0x2A07, 0x3AE7, 0x3AE7, 0x3AE7, 0x3AE7,
  0x3AE7, 0x3AE7, 0x3AE7, 0x3AE7, 0x3AE7, 0x3AE7, 0x3AE7, 0x3AE7, 0x3AE7, 0x3AE7, 0x3AE7, 0x3AE7,
  0x3AE7, 0x3AE7, 0x3AE7, 0x3AE7, 0x3AE7, 0x3AE7, 0x3AE7, 0x3AE7, 0x3AE7, 0x3AE7, 0x3AE7, 0x3AE7,
  0x3AE7, 0x3AE7, 0x3AE7, 0x3AE7, 0x3AE7, 0x3AE7, 0x2A07, 0x2A07, 0xA326, 0xA326, 0xCC28, 0xCC28,
  0xA326, 0xA326, 0xA326, 0xA326, 0xCC28, 0xCC28, 0xCC28, 0xCC28, 0xA326, 0xA326, 0xCC28, 0xCC28,
  0xCC28, 0xCC28, 0xCC28, 0xCC28, 0xCC28, 0xCC28, 0xCC28, 0xCC28, 0xCC28, 0xCC28, 0xCC28, 0xCC28,
  0xCC28, 0xCC28, 0xCC28, 0xCC28, 0xCC28, 0xCC28, 0xCC28, 0xCC28, 0xCC28, 0xCC28, 0xCC28, 0xCC28,
  0xA326, 0xA326, 0x7225, 0x7225, 0x7225, 0x7225, 0x7225, 0x7225, 0xA326, 0xA326, 0xA326, 0xA326,
  0xA326, 0xA326, 0xA326, 0xA326, 0xA326, 0xA326, 0xA326, 0xA326, 0xA326, 0xA326, 0x51A3, 0x51A3,
  0x7225, 0x7225, 0x7225, 0x7225, 0xA326, 0xA326, 0xA326, 0xA326, 0xA326, 0xA326, 0xA326, 0xA326,
  0xA326, 0xA326, 0xA326, 0xA326, 0x7225, 0x7225, 0x7225, 0x7225, 0xA326, 0xA326, 0xA326, 0xA326,
  0xA326, 0xA326, 0xA326, 0xA326, 0x7225, 0x7225, 0x7225, 0x7225, 0x51A3, 0x51A3, 0x51A3, 0x51A3,
  0x51A3, 0x51A3, 0x51A3, 0x51A3, 0x51A3, 0x51A3, 0x51A3, 0x51A3, 0x51A3, 0x51A3, 0x7225, 0x7225,
  0x7225, 0x7225, 0x7225, 0x7225, 0x72E8, 0x72E8, 0x6CB0, 0x6CB0, 0x8593, 0x8593, 0x8593, 0x8593,
  0xAE56, 0xAE56, 0xD5F3, 0xD5F3, 0xD5F3, 0xD5F3, 0xD5F3, 0xD5F3, 0xC570, 0xC570, 0xC570, 0xC570,
  0xD5F3, 0xD5F3, 0xE696, 0xE696, 0xE696, 0xE696, 0xE696, 0xE696, 0xD5F3, 0xD5F3, 0x8593, 0x8593,
  0x6CB0, 0x6CB0, 0x6CB0, 0x6CB0, 0x8593, 0x8593, 0xAE56, 0xAE56, 0xAE56, 0xAE56, 0x8593, 0x8593,
  0x8593, 0x8593, 0x8593, 0x8593, 0x8593, 0x8593, 0x8593, 0x8593, 0x8593, 0x8593, 0x6CB0, 0x6CB0,
  0x5BEA, 0x5BEA, 0x5BEA, 0x5BEA, 0x9389, 0x9389, 0xAC4C, 0xAC4C, 0xAC4C, 0xAC4C, 0xAC4C, 0xAC4C,
  0xCC28, 0xCC28, 0xCC28, 0xCC28, 0xCC28, 0xCC28, 0xC570, 0xC570, 0xC570, 0xC570, 0xC570, 0xC570,
  0x5A88, 0x5A88, 0x2A46, 0x2A46, 0x3AE7, 0x3AE7, 0x3AE7, 0x3AE7, 0x3AE7, 0x3AE7, 0x3AE7, 0x3AE7,
  0x3AE7, 0x3AE7, 0x3AE7, 0x3AE7, 0x3AE7, 0x3AE7, 0x3AE7, 0x3AE7, 0x3AE7, 0x3AE7, 0x3AE7, 0x3AE7,
  0x3AE7, 0x3AE7, 0x3AE7, 0x3AE7, 0x3AE7, 0x3AE7, 0x3AE7, 0x3AE7, 0x3AE7, 0x3AE7, 0x3AE7, 0x3AE7,
  0x3AE7, 0x3AE7, 0x2A07, 0x2A07, 0x3AE7, 0x3AE7, 0x3AE7, 0x3AE7, 0xA326, 0xA326, 0xCC28, 0xCC28,
  0xA326, 0xA326, 0xA326, 0xA326, 0xCC28, 0xCC28, 0xA326, 0xA326, 0xA326, 0xA326, 0xCC28, 0xCC28,
  0xCC28, 0xCC28, 0xCC28, 0xCC28, 0xCC28, 0xCC28, 0xCC28, 0xCC28, 0xCC28, 0xCC28, 0xCC28, 0xCC28,
  0xCC28, 0xCC28, 0xCC28, 0xCC28, 0xCC28, 0xCC28, 0xCC28, 0xCC28, 0xCC28, 0xCC28, 0xCC28, 0xCC28,
  0xA326, 0xA326, 0x7225, 0x7225, 0x7225, 0x7225, 0xA326, 0xA326, 0xA326, 0xA326, 0xA326, 0xA326,
  0xA326, 0xA326, 0xA326, 0xA326, 0xA326, 0xA326, 0xA326, 0xA326, 0x7225, 0x7225, 0x51A3, 0x51A3,
  0x51A3, 0x51A3, 0x7225, 0x7225, 0xA326, 0xA326, 0xA326, 0xA326, 0xA326, 0xA326, 0xA326, 0xA326,
  0x7225, 0x7225, 0x7225, 0x7225, 0xA326, 0xA326, 0xA326, 0xA326, 0xA326, 0xA326, 0xA326, 0xA326,
  0x7225, 0x7225, 0x7225, 0x7225, 0x51A3, 0x51A3, 0x51A3, 0x51A3, 0x51A3, 0x51A3, 0x51A3, 0x51A3,
  0x51A3, 0x51A3, 0x51A3, 0x51A3, 0x7225, 0x7225, 0x7225, 0x7225, 0x7225, 0x7225, 0x7225, 0x7225,
  0x7225, 0x7225, 0x5BEA, 0x5BEA, 0x8593, 0x8593, 0x8593, 0x8593, 0x8593, 0x8593, 0x8593, 0x8593,
  0x8593, 0x8593, 0xD5F3, 0xD5F3, 0xE696, 0xE696, 0xC570, 0xC570, 0x6CB0, 0x6CB0, 0x8593, 0x8593,
  0x6CB0, 0x6CB0, 0xD5F3, 0xD5F3, 0xE696, 0xE696, 0xD5F3, 0xD5F3, 0xE696, 0xE696, 0xE696, 0xE696,
  0xD5F3, 0xD5F3, 0xC570, 0xC570, 0x8593, 0x8593, 0x8593, 0x8593, 0x8593, 0x8593, 0x8593, 0x8593,
  0xAE56, 0xAE56, 0x8593, 0x8593, 0x8593, 0x8593, 0x8593, 0x8593, 0x8593, 0x8593, 0x8593, 0x8593,
  0x8593, 0x8593, 0x6CB0, 0x6CB0, 0x6CB0, 0x6CB0, 0x5BEA, 0x5BEA, 0x9389, 0x9389, 0xAC4C, 0xAC4C,
  0xCC28, 0xCC28, 0xCC28, 0xCC28, 0xCC28, 0xCC28, 0xC570, 0xC570, 0xC570, 0xC570, 0xC570, 0xC570,
  0x5A88, 0x5A88, 0x2A46, 0x2A46, 0x3AE7, 0x3AE7, 0x3AE7, 0x3AE7, 0x3AE7, 0x3AE7, 0x3AE7, 0x3AE7,
  0x3AE7, 0x3AE7, 0x3AE7, 0x3AE7, 0x3AE7, 0x3AE7, 0x3AE7, 0x3AE7, 0x3AE7, 0x3AE7, 0x3AE7, 0x3AE7,
  0x3AE7, 0x3AE7, 0x3AE7, 0x3AE7, 0x3AE7, 0x3AE7, 0x3AE7, 0x3AE7, 0x3AE7, 0x3AE7, 0x3AE7, 0x3AE7,
  0x3AE7, 0x3AE7, 0x2A07, 0x2A07, 0x3AE7, 0x3AE7, 0x3AE7, 0x3AE7, 0xA326, 0xA326, 0xCC28, 0xCC28,
  0xA326, 0xA326, 0xA326, 0xA326, 0xCC28, 0xCC28, 0xA326, 0xA326, 0xA326, 0xA326, 0xCC28, 0xCC28,
  0xCC28, 0xCC28, 0xCC28, 0xCC28, 0xCC28, 0xCC28, 0xCC28, 0xCC28, 0xCC28, 0xCC28, 0xCC28, 0xCC28,
  0xCC28, 0xCC28, 0xCC28, 0xCC28, 0xCC28, 0xCC28, 0xCC28, 0xCC28, 0xCC28, 0xCC28, 0xCC28, 0xCC28,
  0xA326, 0xA326, 0x7225, 0x7225, 0x7225, 0x7225, 0xA326, 0xA326, 0xA326, 0xA326, 0xA326, 0xA326,
  0xA326, 0xA326, 0xA326, 0xA326, 0xA326, 0xA326, 0xA326, 0xA326, 0x7225, 0x7225, 0x51A3, 0x51A3,
  0x51A3, 0x51A3, 0x7225, 0x7225, 0xA326, 0xA326, 0xA326, 0xA326, 0xA326, 0xA326, 0xA326, 0xA326,
  0x7225, 0x7225, 0x7225, 0x7225, 0xA326, 0xA326, 0xA326, 0xA326, 0xA326, 0xA326, 0xA326, 0xA326,
  0x7225, 0x7225, 0x7225, 0x7225, 0x51A3, 0x51A3, 0x51A3, 0x51A3, 0x51A3, 0x51A3, 0x51A3, 0x51A3,
  0x51A3, 0x51A3, 0x51A3, 0x51A3, 0x7225, 0x7225, 0x7225, 0x7225, 0x7225, 0x7225, 0x7225, 0x7225,
  0x7225, 0x7225, 0x5BEA, 0x5BEA, 0x8593, 0x8593, 0x8593, 0x8593, 0x8593, 0x8593, 0x8593, 0x8593,
  0x8593, 0x8593, 0xD5F3, 0xD5F3, 0xE696, 0xE696, 0xC570, 0xC570, 0x6CB0, 0x6CB0, 0x8593, 0x8593,
  0x6CB0, 0x6CB0, 0xD5F3, 0xD5F3, 0xE696, 0xE696, 0xD5F3, 0xD5F3, 0xE696, 0xE696, 0xE696, 0xE696,
  0xD5F3, 0xD5F3, 0xC570, 0xC570, 0x8593, 0x8593, 0x8593, 0x8593, 0x8593, 0x8593, 0x8593, 0x8593,
  0xAE56, 0xAE56, 0x8593, 0x8593, 0x8593, 0x8593, 0x8593, 0x8593, 0x8593, 0x8593, 0x8593, 0x8593,
  0x8593, 0x8593, 0x6CB0, 0x6CB0, 0x6CB0, 0x6CB0, 0x5BEA, 0x5BEA, 0x9389, 0x9389, 0xAC4C, 0xAC4C,
  0xA326, 0xA326, 0xA326, 0xA326, 0xA326, 0xA326, 0xBCCD, 0xBCCD, 0xC570, 0xC570, 0xC570, 0xC570,
  0xA3A9, 0xA3A9, 0x9389, 0x9389, 0x9389, 0x9389, 0x5A88, 0x5A88, 0x3AE7, 0x3AE7, 0x3AE7, 0x3AE7,
  0x3AE7, 0x3AE7, 0x3AE7, 0x3AE7, 0x3AE7, 0x3AE7, 0x3AE7, 0x3AE7, 0x3AE7, 0x3AE7, 0x3AE7, 0x3AE7,
  0x3AE7, 0x3AE7, 0x3AE7, 0x3AE7, 0x3AE7, 0x3AE7, 0x3AE7, 0x3AE7, 0x3AE7, 0x3AE7, 0x3AE7, 0x3AE7,
  0x3AE7, 0x3AE7, 0x3AE7, 0x3AE7, 0x2A07, 0x2A07, 0x2A07, 0x2A07, 0xA326, 0xA326, 0xCC28, 0xCC28,
  0xA326, 0xA326, 0xA326, 0xA326, 0xCC28, 0xCC28, 0xCC28, 0xCC28, 0xA326, 0xA326, 0xCC28, 0xCC28,
  0xCC28, 0xCC28, 0xCC28, 0xCC28, 0xCC28, 0xCC28, 0xCC28, 0xCC28, 0xCC28, 0xCC28, 0xCC28, 0xCC28,
  0xCC28, 0xCC28, 0xCC28, 0xCC28, 0xCC28, 0xCC28, 0xCC28, 0xCC28, 0xCC28, 0xCC28, 0xCC28, 0xCC28,
  0xA326, 0xA326, 0x7225, 0x7225, 0x7225, 0x7225, 0xA326, 0xA326, 0xA326, 0xA326, 0xA326, 0xA326,
  0x7225, 0x7225, 0x7225, 0x7225, 0xA326, 0xA326, 0xA326, 0xA326, 0xA326, 0xA326, 0x7225, 0x7225,
  0x7225, 0x7225, 0xA326, 0xA326, 0xA326, 0xA326, 0xA326, 0xA326, 0x7225, 0x7225, 0x7225, 0x7225,
  0xA326, 0xA326, 0xA326, 0xA326, 0xA326, 0xA326, 0xA326, 0xA326, 0x7225, 0x7225, 0x7225, 0x7225,
  0x51A3, 0x51A3, 0x51A3, 0x51A3, 0x51A3, 0x51A3, 0x51A3, 0x51A3, 0x51A3, 0x51A3, 0x51A3, 0x51A3,
  0x7225, 0x7225, 0x7225, 0x7225, 0x7225, 0x7225, 0x7225, 0x7225, 0x7225, 0x7225, 0x5BEA, 0x5BEA,
  0x8593, 0x8593, 0x8593, 0x8593, 0x8593, 0x8593, 0x8593, 0x8593, 0x8593, 0x8593, 0x8593, 0x8593,
  0x8593, 0x8593, 0xD5F3, 0xD5F3, 0xD5F3, 0xD5F3, 0xE696, 0xE696, 0xD5F3, 0xD5F3, 0xD5F3, 0xD5F3,
  0xD5F3, 0xD5F3, 0xD5F3, 0xD5F3, 0xD5F3, 0xD5F3, 0xD5F3, 0xD5F3, 0xD5F3, 0xD5F3, 0xD5F3, 0xD5F3,
  0xD5F3, 0xD5F3, 0xE696, 0xE696, 0xE696, 0xE696, 0xD5F3, 0xD5F3, 0x8593, 0x8593, 0x6CB0, 0x6CB0,
  0x8593, 0x8593, 0x8593, 0x8593, 0xAE56, 0xAE56, 0xAE56, 0xAE56, 0x8593, 0x8593, 0x8593, 0x8593,
  0x8593, 0x8593, 0x8593, 0x8593, 0x8593, 0x8593, 0x8593, 0x8593, 0x6CB0, 0x6CB0, 0x5BEA, 0x5BEA,
  0xA326, 0xA326, 0xA326, 0xA326, 0xA326, 0xA326, 0xBCCD, 0xBCCD, 0xC570, 0xC570, 0xC570, 0xC570,
  0xA3A9, 0xA3A9, 0x9389, 0x9389, 0x9389, 0x9389, 0x5A88, 0x5A88, 0x3AE7, 0x3AE7, 0x3AE7, 0x3AE7,
  0x3AE7, 0x3AE7, 0x3AE7, 0x3AE7, 0x3AE7, 0x3AE7, 0x3AE7, 0x3AE7, 0x3AE7, 0x3AE7, 0x3AE7, 0x3AE7,
  0x3AE7, 0x3AE7, 0x3AE7, 0x3AE7, 0x3AE7, 0x3AE7, 0x3AE7, 0x3AE7, 0x3AE7, 0x3AE7, 0x3AE7, 0x3AE7,
  0x3AE7, 0x3AE7, 0x3AE7, 0x3AE7, 0x2A07, 0x2A07, 0x2A07, 0x2A07, 0xA326, 0xA326, 0xCC28, 0xCC28,
  0xA326, 0xA326, 0xA326, 0xA326, 0xCC28, 0xCC28, 0xCC28, 0xCC28, 0xA326, 0xA326, 0xCC28, 0xCC28,
  0xCC28, 0xCC28, 0xCC28, 0xCC28, 0xCC28, 0xCC28, 0xCC28, 0xCC28, 0xCC28, 0xCC28, 0xCC28, 0xCC28,
  0xCC28, 0xCC28, 0xCC28, 0xCC28, 0xCC28, 0xCC28, 0xCC28, 0xCC28, 0xCC28, 0xCC28, 0xCC28, 0xCC28,
  0xA326, 0xA326, 0x7225, 0x7225, 0x7225, 0x7225, 0xA326, 0xA326, 0xA326, 0xA326, 0xA326, 0xA326,
  0x7225, 0x7225, 0x7225, 0x7225, 0xA326, 0xA326, 0xA326, 0xA326, 0xA326, 0xA326, 0x7225, 0x7225,
  0x7225, 0x7225, 0xA326, 0xA326, 0xA326, 0xA326, 0xA326, 0xA326, 0x7225, 0x7225, 0x7225, 0x7225,
  0xA326, 0xA326, 0xA326, 0xA326, 0xA326, 0xA326, 0xA326, 0xA326, 0x7225, 0x7225, 0x7225, 0x7225,
  0x51A3, 0x51A3, 0x51A3, 0x51A3, 0x51A3, 0x51A3, 0x51A3, 0x51A3, 0x51A3, 0x51A3, 0x51A3, 0x51A3,
  0x7225, 0x7225, 0x7225, 0x7225, 0x7225, 0x7225, 0x7225, 0x7225, 0x7225, 0x7225, 0x5BEA, 0x5BEA,
  0x8593, 0x8593, 0x8593, 0x8593, 0x8593, 0x8593, 0x8593, 0x8593, 0x8593, 0x8593, 0x8593, 0x8593,
  0x8593, 0x8593, 0xD5F3, 0xD5F3, 0xD5F3, 0xD5F3, 0xE696, 0xE696, 0xD5F3, 0xD5F3, 0xD5F3, 0xD5F3,
  0xD5F3, 0xD5F3, 0xD5F3, 0xD5F3, 0xD5F3, 0xD5F3, 0xD5F3, 0xD5F3, 0xD5F3, 0xD5F3, 0xD5F3, 0xD5F3,
  0xD5F3, 0xD5F3, 0xE696, 0xE696, 0xE696, 0xE696, 0xD5F3, 0xD5F3, 0x8593, 0x8593, 0x6CB0, 0x6CB0,
  0x8593, 0x8593, 0x8593, 0x8593, 0xAE56, 0xAE56, 0xAE56, 0xAE56, 0x8593, 0x8593, 0x8593, 0x8593,
  0x8593, 0x8593, 0x8593, 0x8593, 0x8593, 0x8593, 0x8593, 0x8593, 0x6CB0, 0x6CB0, 0x5BEA, 0x5BEA,
  0xCC28, 0xCC28, 0xA326, 0xA326, 0xA326, 0xA326, 0xCC28, 0xCC28, 0xC570, 0xC570, 0xC570, 0xC570,
  0xAC4C, 0xAC4C, 0xC570, 0xC570, 0xC570, 0xC570, 0xBCCD, 0xBCCD, 0xAC4C, 0xAC4C, 0x432A, 0x432A,
  0x6CB0, 0x6CB0, 0x5BEA, 0x5BEA, 0x3AE7, 0x3AE7, 0x3AE7, 0x3AE7, 0x3AE7, 0x3AE7, 0x3AE7, 0x3AE7,
  0x3AE7, 0x3AE7, 0x2A07, 0x2A07, 0x3AE7, 0x3AE7, 0x3AE7, 0x3AE7, 0x3AE7, 0x3AE7, 0x3AE7, 0x3AE7,
  0x3AE7, 0x3AE7, 0x2A07, 0x2A07, 0x2A07, 0x2A07, 0x3AE7, 0x3AE7, 0xA326, 0xA326, 0xCC28, 0xCC28,
  0xA326, 0xA326, 0xA326, 0xA326, 0xCC28, 0xCC28, 0xCC28, 0xCC28, 0xCC28, 0xCC28, 0xCC28, 0xCC28,
  0xCC28, 0xCC28, 0xCC28, 0xCC28, 0xCC28, 0xCC28, 0xCC28, 0xCC28, 0xCC28, 0xCC28, 0xCC28, 0xCC28,
  0xCC28, 0xCC28, 0xCC28, 0xCC28, 0xCC28, 0xCC28, 0xCC28, 0xCC28, 0xCC28, 0xCC28, 0xCC28, 0xCC28,
  0xA326, 0xA326, 0x7225, 0x7225, 0x7225, 0x7225, 0xA326, 0xA326, 0xA326, 0xA326, 0x7225, 0x7225,
  0x51A3, 0x51A3, 0x51A3, 0x51A3, 0xA326, 0xA326, 0xA326, 0xA326, 0xA326, 0xA326, 0xA326, 0xA326,
  0xA326, 0xA326, 0xA326, 0xA326, 0x7225, 0x7225, 0x7225, 0x7225, 0xA326, 0xA326, 0xA326, 0xA326,
  0xA326, 0xA326, 0x7225, 0x7225, 0x7225, 0x7225, 0x7225, 0x7225, 0x7225, 0x7225, 0x51A3, 0x51A3,
  0x51A3, 0x51A3, 0x51A3, 0x51A3, 0x51A3, 0x51A3, 0x51A3, 0x51A3, 0x7225, 0x7225, 0x7225, 0x7225,
  0x7225, 0x7225, 0x7225, 0x7225, 0x7225, 0x7225, 0x72E8, 0x72E8, 0x8593, 0x8593, 0xAE56, 0xAE56,
  0x8593, 0x8593, 0x8593, 0x8593, 0x8593, 0x8593, 0x8593, 0x8593, 0x8593, 0x8593, 0x8593, 0x8593,
  0x8593, 0x8593, 0xAE56, 0xAE56, 0xD5F3, 0xD5F3, 0xD5F3, 0xD5F3, 0xD5F3, 0xD5F3, 0xD5F3, 0xD5F3,
  0xD5F3, 0xD5F3, 0xD5F3, 0xD5F3, 0xD5F3, 0xD5F3, 0xD5F3, 0xD5F3, 0xD5F3, 0xD5F3, 0xD5F3, 0xD5F3,
  0xD5F3, 0xD5F3, 0xE696, 0xE696, 0xE696, 0xE696, 0xE696, 0xE696, 0xE696, 0xE696, 0xD5F3, 0xD5F3,
  0xC570, 0xC570, 0x8593, 0x8593, 0x8593, 0x8593, 0x8593, 0x8593, 0x8593, 0x8593, 0xAE56, 0xAE56,
  0x8593, 0x8593, 0x8593, 0x8593, 0x8593, 0x8593, 0x8593, 0x8593, 0x8593, 0x8593, 0x8593, 0x8593,
  0xCC28, 0xCC28, 0xA326, 0xA326, 0xA326, 0xA326, 0xCC28, 0xCC28, 0xC570, 0xC570, 0xC570, 0xC570,
  0xAC4C, 0xAC4C, 0xC570, 0xC570, 0xC570, 0xC570, 0xBCCD, 0xBCCD, 0xAC4C, 0xAC4C, 0x432A, 0x432A,
  0x6CB0, 0x6CB0, 0x5BEA, 0x5BEA, 0x3AE7, 0x3AE7, 0x3AE7, 0x3AE7, 0x3AE7, 0x3AE7, 0x3AE7, 0x3AE7,
  0x3AE7, 0x3AE7, 0x2A07, 0x2A07, 0x3AE7, 0x3AE7, 0x3AE7, 0x3AE7, 0x3AE7, 0x3AE7, 0x3AE7, 0x3AE7,
  0x3AE7, 0x3AE7, 0x2A07, 0x2A07, 0x2A07, 0x2A07, 0x3AE7, 0x3AE7, 0xA326, 0xA326, 0xCC28, 0xCC28,
  0xA326, 0xA326, 0xA326, 0xA326, 0xCC28, 0xCC28, 0xCC28, 0xCC28, 0xCC28, 0xCC28, 0xCC28, 0xCC28,
  0xCC28, 0xCC28, 0xCC28, 0xCC28, 0xCC28, 0xCC28, 0xCC28, 0xCC28, 0xCC28, 0xCC28, 0xCC28, 0xCC28,
  0xCC28, 0xCC28, 0xCC28, 0xCC28, 0xCC28, 0xCC28, 0xCC28, 0xCC28, 0xCC28, 0xCC28, 0xCC28, 0xCC28,
  0xA326, 0xA326, 0x7225, 0x7225, 0x7225, 0x7225, 0xA326, 0xA326, 0xA326, 0xA326, 0x7225, 0x7225,
  0x51A3, 0x51A3, 0x51A3, 0x51A3, 0xA326, 0xA326, 0xA326, 0xA326, 0xA326, 0xA326, 0xA326, 0xA326,
  0xA326, 0xA326, 0xA326, 0xA326, 0x7225, 0x7225, 0x7225, 0x7225, 0xA326, 0xA326, 0xA326, 0xA326,
  0xA326, 0xA326, 0x7225, 0x7225, 0x7225, 0x7225, 0x7225, 0x7225, 0x7225, 0x7225, 0x51A3, 0x51A3,
  0x51A3, 0x51A3, 0x51A3, 0x51A3, 0x51A3, 0x51A3, 0x51A3, 0x51A3, 0x7225, 0x7225, 0x7225, 0x7225,
  0x7225, 0x7225, 0x7225, 0x7225, 0x7225, 0x7225, 0x72E8, 0x72E8, 0x8593, 0x8593, 0xAE56, 0xAE56,
  0x8593, 0x8593, 0x8593, 0x8593, 0x8593, 0x8593, 0x8593, 0x8593, 0x8593, 0x8593, 0x8593, 0x8593,
  0x8593, 0x8593, 0xAE56, 0xAE56, 0xD5F3, 0xD5F3, 0xD5F3, 0xD5F3, 0xD5F3, 0xD5F3, 0xD5F3, 0xD5F3,
  0xD5F3, 0xD5F3, 0xD5F3, 0xD5F3, 0xD5F3, 0xD5F3, 0xD5F3, 0xD5F3, 0xD5F3, 0xD5F3, 0xD5F3, 0xD5F3,
  0xD5F3, 0xD5F3, 0xE696, 0xE696, 0xE696, 0xE696, 0xE696, 0xE696, 0xE696, 0xE696, 0xD5F3, 0xD5F3,
  0xC570, 0xC570, 0x8593, 0x8593, 0x8593, 0x8593, 0x8593, 0x8593, 0x8593, 0x8593, 0xAE56, 0xAE56,
  0x8593, 0x8593, 0x8593, 0x8593, 0x8593, 0x8593, 0x8593, 0x8593, 0x8593, 0x8593, 0x8593, 0x8593,
  0xCC28, 0xCC28, 0xA326, 0xA326, 0xA326, 0xA326, 0xCC28, 0xCC28, 0xC570, 0xC570, 0xC570, 0xC570,
  0xAC4C, 0xAC4C, 0xA326, 0xA326, 0xBCCD, 0xBCCD, 0xC570, 0xC570, 0xAC4C, 0xAC4C, 0x6CB0, 0x6CB0,
  0x6CB0, 0x6CB0, 0x6CB0, 0x6CB0, 0x3AE7, 0x3AE7, 0x2A07, 0x2A07, 0x3AE7, 0x3AE7, 0x3AE7, 0x3AE7,
  0x3AE7, 0x3AE7, 0x2A07, 0x2A07, 0x3AE7, 0x3AE7, 0x3AE7, 0x3AE7, 0x3AE7, 0x3AE7, 0x2A07, 0x2A07,
  0x2A07, 0x2A07, 0x3AE7, 0x3AE7, 0x3AE7, 0x3AE7, 0x39C6, 0x39C6, 0xA326, 0xA326, 0xCC28, 0xCC28,
  0xA326, 0xA326, 0xA326, 0xA326, 0xCC28, 0xCC28, 0xA326, 0xA326, 0xA326, 0xA326, 0xCC28, 0xCC28,
  0xCC28, 0xCC28, 0xCC28, 0xCC28, 0xCC28, 0xCC28, 0xCC28, 0xCC28, 0xCC28, 0xCC28, 0xA326, 0xA326,
  0xCC28, 0xCC28, 0xCC28, 0xCC28, 0xCC28, 0xCC28, 0xCC28, 0xCC28, 0xCC28, 0xCC28, 0xCC28, 0xCC28,
  0xA326, 0xA326, 0x7225, 0x7225, 0x7225, 0x7225, 0xA326, 0xA326, 0xA326, 0xA326, 0x7225, 0x7225,
  0x7225, 0x7225, 0xA326, 0xA326, 0xA326, 0xA326, 0xA326, 0xA326, 0xA326, 0xA326, 0xA326, 0xA326,
  0x7225, 0x7225, 0x7225, 0x7225, 0xA326, 0xA326, 0xA326, 0xA326, 0xA326, 0xA326, 0xA326, 0xA326,
  0x7225, 0x7225, 0x7225, 0x7225, 0x51A3, 0x51A3, 0x51A3, 0x51A3, 0x51A3, 0x51A3, 0x51A3, 0x51A3,
  0x51A3, 0x51A3, 0x51A3, 0x51A3, 0x7225, 0x7225, 0x7225, 0x7225, 0x7225, 0x7225, 0x7225, 0x7225,
  0x7225, 0x7225, 0x72E8, 0x72E8, 0x8593, 0x8593, 0x8593, 0x8593, 0xAE56, 0xAE56, 0x8593, 0x8593,
  0x8593, 0x8593, 0x8593, 0x8593, 0x8593, 0x8593, 0x8593, 0x8593, 0x8593, 0x8593, 0x8593, 0x8593,
  0x8593, 0x8593, 0x8593, 0x8593, 0x8593, 0x8593, 0x8593, 0x8593, 0x8593, 0x8593, 0x8593, 0x8593,
  0x8593, 0x8593, 0x8593, 0x8593, 0x8593, 0x8593, 0xD5F3, 0xD5F3, 0xD5F3, 0xD5F3, 0xD5F3, 0xD5F3,
  0xD5F3, 0xD5F3, 0xAC4C, 0xAC4C, 0xC570, 0xC570, 0xC570, 0xC570, 0xC570, 0xC570, 0xD5F3, 0xD5F3,
  0xE696, 0xE696, 0xE696, 0xE696, 0xC570, 0xC570, 0x8593, 0x8593, 0x6CB0, 0x6CB0, 0x8593, 0x8593,
  0x8593, 0x8593, 0xAE56, 0xAE56, 0x8593, 0x8593, 0x8593, 0x8593, 0x8593, 0x8593, 0x8593, 0x8593,
  0xCC28, 0xCC28, 0xA326, 0xA326, 0xA326, 0xA326, 0xCC28, 0xCC28, 0xC570, 0xC570, 0xC570, 0xC570,
  0xAC4C, 0xAC4C, 0xA326, 0xA326, 0xBCCD, 0xBCCD, 0xC570, 0xC570, 0xAC4C, 0xAC4C, 0x6CB0, 0x6CB0,
  0x6CB0, 0x6CB0, 0x6CB0, 0x6CB0, 0x3AE7, 0x3AE7, 0x2A07, 0x2A07, 0x3AE7, 0x3AE7, 0x3AE7, 0x3AE7,
  0x3AE7, 0x3AE7, 0x2A07, 0x2A07, 0x3AE7, 0x3AE7, 0x3AE7, 0x3AE7, 0x3AE7, 0x3AE7, 0x2A07, 0x2A07,
  0x2A07, 0x2A07, 0x3AE7, 0x3AE7, 0x3AE7, 0x3AE7, 0x39C6, 0x39C6, 0xA326, 0xA326, 0xCC28, 0xCC28,
  0xA326, 0xA326, 0xA326, 0xA326, 0xCC28, 0xCC28, 0xA326, 0xA326, 0xA326, 0xA326, 0xCC28, 0xCC28,
  0xCC28, 0xCC28, 0xCC28, 0xCC28, 0xCC28, 0xCC28, 0xCC28, 0xCC28, 0xCC28, 0xCC28, 0xA326, 0xA326,
  0xCC28, 0xCC28, 0xCC28, 0xCC28, 0xCC28, 0xCC28, 0xCC28, 0xCC28, 0xCC28, 0xCC28, 0xCC28, 0xCC28,
  0xA326, 0xA326, 0x7225, 0x7225, 0x7225, 0x7225, 0xA326, 0xA326, 0xA326, 0xA326, 0x7225, 0x7225,
  0x7225, 0x7225, 0xA326, 0xA326, 0xA326, 0xA326, 0xA326, 0xA326, 0xA326, 0xA326, 0xA326, 0xA326,
  0x7225, 0x7225, 0x7225, 0x7225, 0xA326, 0xA326, 0xA326, 0xA326, 0xA326, 0xA326, 0xA326, 0xA326,
  0x7225, 0x7225, 0x7225, 0x7225, 0x51A3, 0x51A3, 0x51A3, 0x51A3, 0x51A3, 0x51A3, 0x51A3, 0x51A3,
  0x51A3, 0x51A3, 0x51A3, 0x51A3, 0x7225, 0x7225, 0x7225, 0x7225, 0x7225, 0x7225, 0x7225, 0x7225,
  0x7225, 0x7225, 0x72E8, 0x72E8, 0x8593, 0x8593, 0x8593, 0x8593, 0xAE56, 0xAE56, 0x8593, 0x8593,
  0x8593, 0x8593, 0x8593, 0x8593, 0x8593, 0x8593, 0x8593, 0x8593, 0x8593, 0x8593, 0x8593, 0x8593,
  0x8593, 0x8593, 0x8593, 0x8593, 0x8593, 0x8593, 0x8593, 0x8593, 0x8593, 0x8593, 0x8593, 0x8593,
  0x8593, 0x8593, 0x8593, 0x8593, 0x8593, 0x8593, 0xD5F3, 0xD5F3, 0xD5F3, 0xD5F3, 0xD5F3, 0xD5F3,
  0xD5F3, 0xD5F3, 0xAC4C, 0xAC4C, 0xC570, 0xC570, 0xC570, 0xC570, 0xC570, 0xC570, 0xD5F3, 0xD5F3,
  0xE696, 0xE696, 0xE696, 0xE696, 0xC570, 0xC570, 0x8593, 0x8593, 0x6CB0, 0x6CB0, 0x8593, 0x8593,
  0x8593, 0x8593, 0xAE56, 0xAE56, 0x8593, 0x8593, 0x8593, 0x8593, 0x8593, 0x8593, 0x8593, 0x8593,
  0xCC28, 0xCC28, 0xA326, 0xA326, 0xA326, 0xA326, 0xCC28, 0xCC28, 0xC570, 0xC570, 0xC570, 0xC570,
  0xA3A9, 0xA3A9, 0xA326, 0xA326, 0xCC28, 0xCC28, 0xA3A9, 0xA3A9, 0x6CB0, 0x6CB0, 0x6CB0, 0x6CB0,
  0x6CB0, 0x6CB0, 0x5BEA, 0x5BEA, 0x9389, 0x9389, 0x5BEA, 0x5BEA, 0x3AE7, 0x3AE7, 0x2A07, 0x2A07,
  0x3AE7, 0x3AE7, 0x2A07, 0x2A07, 0x3AE7, 0x3AE7, 0x2A07, 0x2A07, 0x2A07, 0x2A07, 0x3AE7, 0x3AE7,
  0x3AE7, 0x3AE7, 0x2A07, 0x2A07, 0x39C6, 0x39C6, 0x39C6, 0x39C6, 0xA326, 0xA326, 0xCC28, 0xCC28,
  0xA326, 0xA326, 0xA326, 0xA326, 0xCC28, 0xCC28, 0xA326, 0xA326, 0xA326, 0xA326, 0xA326, 0xA326,
  0xCC28, 0xCC28, 0xCC28, 0xCC28, 0xA326, 0xA326, 0xCC28, 0xCC28, 0xA326, 0xA326, 0xA326, 0xA326,
  0xCC28, 0xCC28, 0xCC28, 0xCC28, 0xCC28, 0xCC28, 0xCC28, 0xCC28, 0xCC28, 0xCC28, 0xCC28, 0xCC28,
  0xA326, 0xA326, 0x7225, 0x7225, 0x7225, 0x7225, 0xA326, 0xA326, 0xA326, 0xA326, 0xA326, 0xA326,
  0xA326, 0xA326, 0xA326, 0xA326, 0xA326, 0xA326, 0xA326, 0xA326, 0x7225, 0x7225, 0x7225, 0x7225,
  0xA326, 0xA326, 0xA326, 0xA326, 0xA326, 0xA326, 0xA326, 0xA326, 0x7225, 0x7225, 0x7225, 0x7225,
  0x7225, 0x7225, 0x51A3, 0x51A3, 0x51A3, 0x51A3, 0x51A3, 0x51A3, 0x51A3, 0x51A3, 0x7225, 0x7225,
  0x7225, 0x7225, 0x7225, 0x7225, 0x7225, 0x7225, 0x7225, 0x7225, 0x7225, 0x7225, 0x72E8, 0x72E8,
  0x6CB0, 0x6CB0, 0x8593, 0x8593, 0xAE56, 0xAE56, 0x8593, 0x8593, 0x8593, 0x8593, 0x8593, 0x8593,
  0x8593, 0x8593, 0x8593, 0x8593, 0x8593, 0x8593, 0x8593, 0x8593, 0x8593, 0x8593, 0x8593, 0x8593,
  0x8593, 0x8593, 0x8593, 0x8593, 0x8593, 0x8593, 0x8593, 0x8593, 0x8593, 0x8593, 0x8593, 0x8593,
  0x8593, 0x8593, 0x8593, 0x8593, 0x8593, 0x8593, 0x8593, 0x8593, 0xD5F3, 0xD5F3, 0xD5F3, 0xD5F3,
  0xD5F3, 0xD5F3, 0xAC4C, 0xAC4C, 0xAC4C, 0xAC4C, 0xC570, 0xC570, 0x9389, 0x9389, 0xC570, 0xC570,
  0xE696, 0xE696, 0xD5F3, 0xD5F3, 0xE696, 0xE696, 0xE696, 0xE696, 0xD5F3, 0xD5F3, 0x8593, 0x8593,
  0x6CB0, 0x6CB0, 0x6CB0, 0x6CB0, 0x8593, 0x8593, 0xAE56, 0xAE56, 0x8593, 0x8593, 0x8593, 0x8593,
  0xCC28, 0xCC28, 0xA326, 0xA326, 0xA326, 0xA326, 0xCC28, 0xCC28, 0xC570, 0xC570, 0xC570, 0xC570,
  0xA3A9, 0xA3A9, 0xA326, 0xA326, 0xCC28, 0xCC28, 0xA3A9, 0xA3A9, 0x6CB0, 0x6CB0, 0x6CB0, 0x6CB0,
  0x6CB0, 0x6CB0, 0x5BEA, 0x5BEA, 0x9389, 0x9389, 0x5BEA, 0x5BEA, 0x3AE7, 0x3AE7, 0x2A07, 0x2A07,
  0x3AE7, 0x3AE7, 0x2A07, 0x2A07, 0x3AE7, 0x3AE7, 0x2A07, 0x2A07, 0x2A07, 0x2A07, 0x3AE7, 0x3AE7,
  0x3AE7, 0x3AE7, 0x2A07, 0x2A07, 0x39C6, 0x39C6, 0x39C6, 0x39C6, 0xA326, 0xA326, 0xCC28, 0xCC28,
  0xA326, 0xA326, 0xA326, 0xA326, 0xCC28, 0xCC28, 0xA326, 0xA326, 0xA326, 0xA326, 0xA326, 0xA326,
  0xCC28, 0xCC28, 0xCC28, 0xCC28, 0xA326, 0xA326, 0xCC28, 0xCC28, 0xA326, 0xA326, 0xA326, 0xA326,
  0xCC28, 0xCC28, 0xCC28, 0xCC28, 0xCC28, 0xCC28, 0xCC28, 0xCC28, 0xCC28, 0xCC28, 0xCC28, 0xCC28,
  0xA326, 0xA326, 0x7225, 0x7225, 0x7225, 0x7225, 0xA326, 0xA326, 0xA326, 0xA326, 0xA326, 0xA326,
  0xA326, 0xA326, 0xA326, 0xA326, 0xA326, 0xA326, 0xA326, 0xA326, 0x7225, 0x7225, 0x7225, 0x7225,
  0xA326, 0xA326, 0xA326, 0xA326, 0xA326, 0xA326, 0xA326, 0xA326, 0x7225, 0x7225, 0x7225, 0x7225,
  0x7225, 0x7225, 0x51A3, 0x51A3, 0x51A3, 0x51A3, 0x51A3, 0x51A3, 0x51A3, 0x51A3, 0x7225, 0x7225,
  0x7225, 0x7225, 0x7225, 0x7225, 0x7225, 0x7225, 0x7225, 0x7225, 0x7225, 0x7225, 0x72E8, 0x72E8,
  0x6CB0, 0x6CB0, 0x8593, 0x8593, 0xAE56, 0xAE56, 0x8593, 0x8593, 0x8593, 0x8593, 0x8593, 0x8593,
  0x8593, 0x8593, 0x8593, 0x8593, 0x8593, 0x8593, 0x8593, 0x8593, 0x8593, 0x8593, 0x8593, 0x8593,
  0x8593, 0x8593, 0x8593, 0x8593, 0x8593, 0x8593, 0x8593, 0x8593, 0x8593, 0x8593, 0x8593, 0x8593,
  0x8593, 0x8593, 0x8593, 0x8593, 0x8593, 0x8593, 0x8593, 0x8593, 0xD5F3, 0xD5F3, 0xD5F3, 0xD5F3,
  0xD5F3, 0xD5F3, 0xAC4C, 0xAC4C, 0xAC4C, 0xAC4C, 0xC570, 0xC570, 0x9389, 0x9389, 0xC570, 0xC570,
  0xE696, 0xE696, 0xD5F3, 0xD5F3, 0xE696, 0xE696, 0xE696, 0xE696, 0xD5F3, 0xD5F3, 0x8593, 0x8593,
  0x6CB0, 0x6CB0, 0x6CB0, 0x6CB0, 0x8593, 0x8593, 0xAE56, 0xAE56, 0x8593, 0x8593, 0x8593, 0x8593,
  0xCC28, 0xCC28, 0xA326, 0xA326, 0x6CB0, 0x6CB0, 0x5BEA, 0x5BEA, 0xBCCD, 0xBCCD, 0xD5F3, 0xD5F3,
  0xA3A9, 0xA3A9, 0xA326, 0xA326, 0x9389, 0x9389, 0x72E8, 0x72E8, 0x6CB0, 0x6CB0, 0x6CB0, 0x6CB0,
  0x6CB0, 0x6CB0, 0x5BEA, 0x5BEA, 0xBCCD, 0xBCCD, 0xE696, 0xE696, 0xC570, 0xC570, 0x5BEA, 0x5BEA,
  0x3AE7, 0x3AE7, 0x2A46, 0x2A46, 0x2A07, 0x2A07, 0x3AE7, 0x3AE7, 0x3AE7, 0x3AE7, 0x39C6, 0x39C6,
  0x39C6, 0x39C6, 0x39C6, 0x39C6, 0x2A07, 0x2A07, 0x39C6, 0x39C6, 0xA326, 0xA326, 0xCC28, 0xCC28,
  0xA326, 0xA326, 0xA326, 0xA326, 0xCC28, 0xCC28, 0xCC28, 0xCC28, 0xA326, 0xA326, 0xA326, 0xA326,
  0xCC28, 0xCC28, 0xCC28, 0xCC28, 0xA326, 0xA326, 0xCC28, 0xCC28, 0xA326, 0xA326, 0xCC28, 0xCC28,
  0xCC28, 0xCC28, 0xCC28, 0xCC28, 0xCC28, 0xCC28, 0xCC28, 0xCC28, 0xCC28, 0xCC28, 0xCC28, 0xCC28,
  0xA326, 0xA326, 0x7225, 0x7225, 0x7225, 0x7225, 0xA326, 0xA326, 0xA326, 0xA326, 0xA326, 0xA326,
  0xA326, 0xA326, 0xA326, 0xA326, 0x7225, 0x7225, 0xA326, 0xA326, 0xA326, 0xA326, 0xA326, 0xA326,
  0xA326, 0xA326, 0xA326, 0xA326, 0x7225, 0x7225, 0x7225, 0x7225, 0x7225, 0x7225, 0x51A3, 0x51A3,
  0x51A3, 0x51A3, 0x51A3, 0x51A3, 0x51A3, 0x51A3, 0x51A3, 0x51A3, 0x7225, 0x7225, 0x7225, 0x7225,
  0x7225, 0x7225, 0x7225, 0x7225, 0x7225, 0x7225, 0x72E8, 0x72E8, 0x6CB0, 0x6CB0, 0x8593, 0x8593,
  0xAE56, 0xAE56, 0x8593, 0x8593, 0x8593, 0x8593, 0x8593, 0x8593, 0x8593, 0x8593, 0x8593, 0x8593,
  0x8593, 0x8593, 0x8593, 0x8593, 0x8593, 0x8593, 0x8593, 0x8593, 0x8593, 0x8593, 0x8593, 0x8593,
  0x8593, 0x8593, 0x8593, 0x8593, 0x8593, 0x8593, 0x8593, 0x8593, 0x8593, 0x8593, 0x8593, 0x8593,
  0x8593, 0x8593, 0x8593, 0x8593, 0x8593, 0x8593, 0x8593, 0x8593, 0xAE56, 0xAE56, 0xD5F3, 0xD5F3,
  0xD5F3, 0xD5F3, 0xE696, 0xE696, 0xD5F3, 0xD5F3, 0xC570, 0xC570, 0xC570, 0xC570, 0xD5F3, 0xD5F3,
  0xD5F3, 0xD5F3, 0xD5F3, 0xD5F3, 0xD5F3, 0xD5F3, 0xD5F3, 0xD5F3, 0xE696, 0xE696, 0xE696, 0xE696,
  0xD5F3, 0xD5F3, 0x8593, 0x8593, 0x6CB0, 0x6CB0, 0x6CB0, 0x6CB0, 0x8593, 0x8593, 0xAE56, 0xAE56,
  0xCC28, 0xCC28, 0xA326, 0xA326, 0x6CB0, 0x6CB0, 0x5BEA, 0x5BEA, 0xBCCD, 0xBCCD, 0xD5F3, 0xD5F3,
  0xA3A9, 0xA3A9, 0xA326, 0xA326, 0x9389, 0x9389, 0x72E8, 0x72E8, 0x6CB0, 0x6CB0, 0x6CB0, 0x6CB0,
  0x6CB0, 0x6CB0, 0x5BEA, 0x5BEA, 0xBCCD, 0xBCCD, 0xE696, 0xE696, 0xC570, 0xC570, 0x5BEA, 0x5BEA,
  0x3AE7, 0x3AE7, 0x2A46, 0x2A46, 0x2A07, 0x2A07, 0x3AE7, 0x3AE7, 0x3AE7, 0x3AE7, 0x39C6, 0x39C6,
  0x39C6, 0x39C6, 0x39C6, 0x39C6, 0x2A07, 0x2A07, 0x39C6, 0x39C6, 0xA326, 0xA326, 0xCC28, 0xCC28,
  0xA326, 0xA326, 0xA326, 0xA326, 0xCC28, 0xCC28, 0xCC28, 0xCC28, 0xA326, 0xA326, 0xA326, 0xA326,
  0xCC28, 0xCC28, 0xCC28, 0xCC28, 0xA326, 0xA326, 0xCC28, 0xCC28, 0xA326, 0xA326, 0xCC28, 0xCC28,
  0xCC28, 0xCC28, 0xCC28, 0xCC28, 0xCC28, 0xCC28, 0xCC28, 0xCC28, 0xCC28, 0xCC28, 0xCC28, 0xCC28,
  0xA326, 0xA326, 0x7225, 0x7225, 0x7225, 0x7225, 0xA326, 0xA326, 0xA326, 0xA326, 0xA326, 0xA326,
  0xA326, 0xA326, 0xA326, 0xA326, 0x7225, 0x7225, 0xA326, 0xA326, 0xA326, 0xA326, 0xA326, 0xA326,
  0xA326, 0xA326, 0xA326, 0xA326, 0x7225, 0x7225, 0x7225, 0x7225, 0x7225, 0x7225, 0x51A3, 0x51A3,
  0x51A3, 0x51A3, 0x51A3, 0x51A3, 0x51A3, 0x51A3, 0x51A3, 0x51A3, 0x7225, 0x7225, 0x7225, 0x7225,
  0x7225, 0x7225, 0x7225, 0x7225, 0x7225, 0x7225, 0x72E8, 0x72E8, 0x6CB0, 0x6CB0, 0x8593, 0x8593,
  0xAE56, 0xAE56, 0x8593, 0x8593, 0x8593, 0x8593, 0x8593, 0x8593, 0x8593, 0x8593, 0x8593, 0x8593,
  0x8593, 0x8593, 0x8593, 0x8593, 0x8593, 0x8593, 0x8593, 0x8593, 0x8593, 0x8593, 0x8593, 0x8593,
  0x8593, 0x8593, 0x8593, 0x8593, 0x8593, 0x8593, 0x8593, 0x8593, 0x8593, 0x8593, 0x8593, 0x8593,
  0x8593, 0x8593, 0x8593, 0x8593, 0x8593, 0x8593, 0x8593, 0x8593, 0xAE56, 0xAE56, 0xD5F3, 0xD5F3,
  0xD5F3, 0xD5F3, 0xE696, 0xE696, 0xD5F3, 0xD5F3, 0xC570, 0xC570, 0xC570, 0xC570, 0xD5F3, 0xD5F3,
  0xD5F3, 0xD5F3, 0xD5F3, 0xD5F3, 0xD5F3, 0xD5F3, 0xD5F3, 0xD5F3, 0xE696, 0xE696, 0xE696, 0xE696,
  0xD5F3, 0xD5F3, 0x8593, 0x8593, 0x6CB0, 0x6CB0, 0x6CB0, 0x6CB0, 0x8593, 0x8593, 0xAE56, 0xAE56,
  0xCC28, 0xCC28, 0x5BEA, 0x5BEA, 0x6CB0, 0x6CB0, 0x6CB0, 0x6CB0, 0x6CB0, 0x6CB0, 0xAC4C, 0xAC4C,
  0x5BEA, 0x5BEA, 0x6CB0, 0x6CB0, 0x6CB0, 0x6CB0, 0x6CB0, 0x6CB0, 0x6CB0, 0x6CB0, 0x6CB0, 0x6CB0,
  0x6CB0, 0x6CB0, 0x5BEA, 0x5BEA, 0xC570, 0xC570, 0xD5F3, 0xD5F3, 0x8593, 0x8593, 0x6CB0, 0x6CB0,
  0x6CB0, 0x6CB0, 0x5BEA, 0x5BEA, 0x5A88, 0x5A88, 0x39C6, 0x39C6, 0x19A4, 0x19A4, 0x39C6, 0x39C6,
  0x39C6, 0x39C6, 0x39C6, 0x39C6, 0x2A07, 0x2A07, 0x39C6, 0x39C6, 0x7225, 0x7225, 0xA326, 0xA326,
  0xA326, 0xA326, 0xCC28, 0xCC28, 0xCC28, 0xCC28, 0xA326, 0xA326, 0xCC28, 0xCC28, 0xCC28, 0xCC28,
  0xCC28, 0xCC28, 0xCC28, 0xCC28, 0xA326, 0xA326, 0xCC28, 0xCC28, 0xA326, 0xA326, 0xCC28, 0xCC28,
  0xCC28, 0xCC28, 0xCC28, 0xCC28, 0xCC28, 0xCC28, 0xCC28, 0xCC28, 0xCC28, 0xCC28, 0xCC28, 0xCC28,
  0xA326, 0xA326, 0x7225, 0x7225, 0x7225, 0x7225, 0xA326, 0xA326, 0xA326, 0xA326, 0xA326, 0xA326,
  0x7225, 0x7225, 0xA326, 0xA326, 0xA326, 0xA326, 0xA326, 0xA326, 0xA326, 0xA326, 0x7225, 0x7225,
  0x7225, 0x7225, 0x7225, 0x7225, 0x7225, 0x7225, 0x51A3, 0x51A3, 0x51A3, 0x51A3, 0x51A3, 0x51A3,
  0x51A3, 0x51A3, 0x7225, 0x7225, 0x7225, 0x7225, 0x7225, 0x7225, 0x7225, 0x7225, 0x7225, 0x7225,
  0x7225, 0x7225, 0x72E8, 0x72E8, 0x6CB0, 0x6CB0, 0x8593, 0x8593, 0xAE56, 0xAE56, 0x8593, 0x8593,
  0x8593, 0x8593, 0x8593, 0x8593, 0x8593, 0x8593, 0x8593, 0x8593, 0x8593, 0x8593, 0x8593, 0x8593,
  0x8593, 0x8593, 0x8593, 0x8593, 0x8593, 0x8593, 0x8593, 0x8593, 0x8593, 0x8593, 0x8593, 0x8593,
  0x8593, 0x8593, 0x8593, 0x8593, 0x8593, 0x8593, 0x8593, 0x8593, 0x8593, 0x8593, 0x8593, 0x8593,
  0x8593, 0x8593, 0x8593, 0x8593, 0x8593, 0x8593, 0x8593, 0x8593, 0x8593, 0x8593, 0xD5F3, 0xD5F3,
  0xD5F3, 0xD5F3, 0xD5F3, 0xD5F3, 0xE696, 0xE696, 0xE696, 0xE696, 0xE696, 0xE696, 0xE696, 0xE696,
  0xD5F3, 0xD5F3, 0xD5F3, 0xD5F3, 0xD5F3, 0xD5F3, 0xD5F3, 0xD5F3, 0xD5F3, 0xD5F3, 0xD5F3, 0xD5F3,
  0xD5F3, 0xD5F3, 0xE696, 0xE696, 0xD5F3, 0xD5F3, 0xC570, 0xC570, 0x6CB0, 0x6CB0, 0x6CB0, 0x6CB0,
  0xCC28, 0xCC28, 0x5BEA, 0x5BEA, 0x6CB0, 0x6CB0, 0x6CB0, 0x6CB0, 0x6CB0, 0x6CB0, 0xAC4C, 0xAC4C,
  0x5BEA, 0x5BEA, 0x6CB0, 0x6CB0, 0x6CB0, 0x6CB0, 0x6CB0, 0x6CB0, 0x6CB0, 0x6CB0, 0x6CB0, 0x6CB0,
  0x6CB0, 0x6CB0, 0x5BEA, 0x5BEA, 0xC570, 0xC570, 0xD5F3, 0xD5F3, 0x8593, 0x8593, 0x6CB0, 0x6CB0,
  0x6CB0, 0x6CB0, 0x5BEA, 0x5BEA, 0x5A88, 0x5A88, 0x39C6, 0x39C6, 0x19A4, 0x19A4, 0x39C6, 0x39C6,
  0x39C6, 0x39C6, 0x39C6, 0x39C6, 0x2A07, 0x2A07, 0x39C6, 0x39C6, 0x7225, 0x7225, 0xA326, 0xA326,
  0xA326, 0xA326, 0xCC28, 0xCC28, 0xCC28, 0xCC28, 0xA326, 0xA326, 0xCC28, 0xCC28, 0xCC28, 0xCC28,
  0xCC28, 0xCC28, 0xCC28, 0xCC28, 0xA326, 0xA326, 0xCC28, 0xCC28, 0xA326, 0xA326, 0xCC28, 0xCC28,
  0xCC28, 0xCC28, 0xCC28, 0xCC28, 0xCC28, 0xCC28, 0xCC28, 0xCC28, 0xCC28, 0xCC28, 0xCC28, 0xCC28,
  0xA326, 0xA326, 0x7225, 0x7225, 0x7225, 0x7225, 0xA326, 0xA326, 0xA326, 0xA326, 0xA326, 0xA326,
  0x7225, 0x7225, 0xA326, 0xA326, 0xA326, 0xA326, 0xA326, 0xA326, 0xA326, 0xA326, 0x7225, 0x7225,
  0x7225, 0x7225, 0x7225, 0x7225, 0x7225, 0x7225, 0x51A3, 0x51A3, 0x51A3, 0x51A3, 0x51A3, 0x51A3,
  0x51A3, 0x51A3, 0x7225, 0x7225, 0x7225, 0x7225, 0x7225, 0x7225, 0x7225, 0x7225, 0x7225, 0x7225,
  0x7225, 0x7225, 0x72E8, 0x72E8, 0x6CB0, 0x6CB0, 0x8593, 0x8593, 0xAE56, 0xAE56, 0x8593, 0x8593,
  0x8593, 0x8593, 0x8593, 0x8593, 0x8593, 0x8593, 0x8593, 0x8593, 0x8593, 0x8593, 0x8593, 0x8593,
  0x8593, 0x8593, 0x8593, 0x8593, 0x8593, 0x8593, 0x8593, 0x8593, 0x8593, 0x8593, 0x8593, 0x8593,
  0x8593, 0x8593, 0x8593, 0x8593, 0x8593, 0x8593, 0x8593, 0x8593, 0x8593, 0x8593, 0x8593, 0x8593,
  0x8593, 0x8593, 0x8593, 0x8593, 0x8593, 0x8593, 0x8593, 0x8593, 0x8593, 0x8593, 0xD5F3, 0xD5F3,
  0xD5F3, 0xD5F3, 0xD5F3, 0xD5F3, 0xE696, 0xE696, 0xE696, 0xE696, 0xE696, 0xE696, 0xE696, 0xE696,
  0xD5F3, 0xD5F3, 0xD5F3, 0xD5F3, 0xD5F3, 0xD5F3, 0xD5F3, 0xD5F3, 0xD5F3, 0xD5F3, 0xD5F3, 0xD5F3,
  0xD5F3, 0xD5F3, 0xE696, 0xE696, 0xD5F3, 0xD5F3, 0xC570, 0xC570, 0x6CB0, 0x6CB0, 0x6CB0, 0x6CB0,
  0xCC28, 0xCC28, 0x5BEA, 0x5BEA, 0x6CB0, 0x6CB0, 0x6CB0, 0x6CB0, 0x6CB0, 0x6CB0, 0x5BEA, 0x5BEA,
  0x6CB0, 0x6CB0, 0x6CB0, 0x6CB0, 0x6CB0, 0x6CB0, 0x6CB0, 0x6CB0, 0x6CB0, 0x6CB0, 0x6CB0, 0x6CB0,
  0x6CB0, 0x6CB0, 0x5BEA, 0x5BEA, 0x6CB0, 0x6CB0, 0x6CB0, 0x6CB0, 0x6CB0, 0x6CB0, 0x6CB0, 0x6CB0,
  0x6CB0, 0x6CB0, 0xC570, 0xC570, 0xD5F3, 0xD5F3, 0xAC4C, 0xAC4C, 0x5A88, 0x5A88, 0x39C6, 0x39C6,
  0x2A07, 0x2A07, 0x2A07, 0x2A07, 0x2A07, 0x2A07, 0x39C6, 0x39C6, 0x7225, 0x7225, 0xA326, 0xA326,
  0x7225, 0x7225, 0xA326, 0xA326, 0xA326, 0xA326, 0xCC28, 0xCC28, 0xCC28, 0xCC28, 0xCC28, 0xCC28,
  0xA326, 0xA326, 0xCC28, 0xCC28, 0xA326, 0xA326, 0xCC28, 0xCC28, 0xCC28, 0xCC28, 0xCC28, 0xCC28,
  0xCC28, 0xCC28, 0xCC28, 0xCC28, 0xCC28, 0xCC28, 0xCC28, 0xCC28, 0xCC28, 0xCC28, 0xCC28, 0xCC28,
  0xA326, 0xA326, 0x7225, 0x7225, 0xA326, 0xA326, 0xA326, 0xA326, 0x7225, 0x7225, 0x7225, 0x7225,
  0xA326, 0xA326, 0xA326, 0xA326, 0xA326, 0xA326, 0x7225, 0x7225, 0x7225, 0x7225, 0x7225, 0x7225,
  0x7225, 0x7225, 0x51A3, 0x51A3, 0x51A3, 0x51A3, 0x51A3, 0x51A3, 0x51A3, 0x51A3, 0x7225, 0x7225,
  0x7225, 0x7225, 0x7225, 0x7225, 0x7225, 0x7225, 0x7225, 0x7225, 0x7225, 0x7225, 0x72E8, 0x72E8,
  0x6CB0, 0x6CB0, 0x8593, 0x8593, 0xAE56, 0xAE56, 0x8593, 0x8593, 0x8593, 0x8593, 0x8593, 0x8593,
  0x8593, 0x8593, 0x8593, 0x8593, 0x8593, 0x8593, 0x8593, 0x8593, 0x8593, 0x8593, 0x8593, 0x8593,
  0x8593, 0x8593, 0x8593, 0x8593, 0x8593, 0x8593, 0x8593, 0x8593, 0x8593, 0x8593, 0x8593, 0x8593,
  0x8593, 0x8593, 0x8593, 0x8593, 0x8593, 0x8593, 0x8593, 0x8593, 0x8593, 0x8593, 0x8593, 0x8593,
  0x8593, 0x8593, 0x8593, 0x8593, 0x8593, 0x8593, 0x8593, 0x8593, 0x8593, 0x8593, 0x8593, 0x8593,
  0xD5F3, 0xD5F3, 0xD5F3, 0xD5F3, 0xD5F3, 0xD5F3, 0xD5F3, 0xD5F3, 0xD5F3, 0xD5F3, 0xD5F3, 0xD5F3,
  0xD5F3, 0xD5F3, 0xD5F3, 0xD5F3, 0xD5F3, 0xD5F3, 0xE696, 0xE696, 0xAC4C, 0xAC4C, 0xAC4C, 0xAC4C,
  0xBCCD, 0xBCCD, 0xD5F3, 0xD5F3, 0xE696, 0xE696, 0xD5F3, 0xD5F3, 0xD5F3, 0xD5F3, 0xC570, 0xC570,
  0xCC28, 0xCC28, 0x5BEA, 0x5BEA, 0x6CB0, 0x6CB0, 0x6CB0, 0x6CB0, 0x6CB0, 0x6CB0, 0x5BEA, 0x5BEA,
  0x6CB0, 0x6CB0, 0x6CB0, 0x6CB0, 0x6CB0, 0x6CB0, 0x6CB0, 0x6CB0, 0x6CB0, 0x6CB0, 0x6CB0, 0x6CB0,
  0x6CB0, 0x6CB0, 0x5BEA, 0x5BEA, 0x6CB0, 0x6CB0, 0x6CB0, 0x6CB0, 0x6CB0, 0x6CB0, 0x6CB0, 0x6CB0,
  0x6CB0, 0x6CB0, 0xC570, 0xC570, 0xD5F3, 0xD5F3, 0xAC4C, 0xAC4C, 0x5A88, 0x5A88, 0x39C6, 0x39C6,
  0x2A07, 0x2A07, 0x2A07, 0x2A07, 0x2A07, 0x2A07, 0x39C6, 0x39C6, 0x7225, 0x7225, 0xA326, 0xA326,
  0x7225, 0x7225, 0xA326, 0xA326, 0xA326, 0xA326, 0xCC28, 0xCC28, 0xCC28, 0xCC28, 0xCC28, 0xCC28,
  0xA326, 0xA326, 0xCC28, 0xCC28, 0xA326, 0xA326, 0xCC28, 0xCC28, 0xCC28, 0xCC28, 0xCC28, 0xCC28,
  0xCC28, 0xCC28, 0xCC28, 0xCC28, 0xCC28, 0xCC28, 0xCC28, 0xCC28, 0xCC28, 0xCC28, 0xCC28, 0xCC28,
  0xA326, 0xA326, 0x7225, 0x7225, 0xA326, 0xA326, 0xA326, 0xA326, 0x7225, 0x7225, 0x7225, 0x7225,
  0xA326, 0xA326, 0xA326, 0xA326, 0xA326, 0xA326, 0x7225, 0x7225, 0x7225, 0x7225, 0x7225, 0x7225,
  0x7225, 0x7225, 0x51A3, 0x51A3, 0x51A3, 0x51A3, 0x51A3, 0x51A3, 0x51A3, 0x51A3, 0x7225, 0x7225,
  0x7225, 0x7225, 0x7225, 0x7225, 0x7225, 0x7225, 0x7225, 0x7225, 0x7225, 0x7225, 0x72E8, 0x72E8,
  0x6CB0, 0x6CB0, 0x8593, 0x8593, 0xAE56, 0xAE56, 0x8593, 0x8593, 0x8593, 0x8593, 0x8593, 0x8593,
  0x8593, 0x8593, 0x8593, 0x8593, 0x8593, 0x8593, 0x8593, 0x8593, 0x8593, 0x8593, 0x8593, 0x8593,
  0x8593, 0x8593, 0x8593, 0x8593, 0x8593, 0x8593, 0x8593, 0x8593, 0x8593, 0x8593, 0x8593, 0x8593,
  0x8593, 0x8593, 0x8593, 0x8593, 0x8593, 0x8593, 0x8593, 0x8593, 0x8593, 0x8593, 0x8593, 0x8593,
  0x8593, 0x8593, 0x8593, 0x8593, 0x8593, 0x8593, 0x8593, 0x8593, 0x8593, 0x8593, 0x8593, 0x8593,
  0xD5F3, 0xD5F3, 0xD5F3, 0xD5F3, 0xD5F3, 0xD5F3, 0xD5F3, 0xD5F3, 0xD5F3, 0xD5F3, 0xD5F3, 0xD5F3,
  0xD5F3, 0xD5F3, 0xD5F3, 0xD5F3, 0xD5F3, 0xD5F3, 0xE696, 0xE696, 0xAC4C, 0xAC4C, 0xAC4C, 0xAC4C,
  0xBCCD, 0xBCCD, 0xD5F3, 0xD5F3, 0xE696, 0xE696, 0xD5F3, 0xD5F3, 0xD5F3, 0xD5F3, 0xC570, 0xC570,
  0xCC28, 0xCC28, 0x72E8, 0x72E8, 0x6CB0, 0x6CB0, 0x6CB0, 0x6CB0, 0x6CB0, 0x6CB0, 0x6CB0, 0x6CB0,
  0x6CB0, 0x6CB0, 0x6CB0, 0x6CB0, 0x6CB0, 0x6CB0, 0x6CB0, 0x6CB0, 0x6CB0, 0x6CB0, 0x6CB0, 0x6CB0,
  0x6CB0, 0x6CB0, 0x6CB0, 0x6CB0, 0x5BEA, 0x5BEA, 0x5BEA, 0x5BEA, 0x6CB0, 0x6CB0, 0x6CB0, 0x6CB0,
  0xC570, 0xC570, 0xE696, 0xE696, 0xE696, 0xE696, 0xE696, 0xE696, 0xC570, 0xC570, 0xA3A9, 0xA3A9,
  0x7225, 0x7225, 0x39C6, 0x39C6, 0x19A4, 0x19A4, 0x39C6, 0x39C6, 0x7225, 0x7225, 0xCC28, 0xCC28,
  0xCC28, 0xCC28, 0x7225, 0x7225, 0x51A3, 0x51A3, 0x7225, 0x7225, 0xA326, 0xA326, 0xCC28, 0xCC28,
  0xCC28, 0xCC28, 0xA326, 0xA326, 0xA326, 0xA326, 0xCC28, 0xCC28, 0xA326, 0xA326, 0xA326, 0xA326,
  0xCC28, 0xCC28, 0xCC28, 0xCC28, 0xCC28, 0xCC28, 0xA326, 0xA326, 0xA326, 0xA326, 0xCC28, 0xCC28,
  0xA326, 0xA326, 0x7225, 0x7225, 0x7225, 0x7225, 0x7225, 0x7225, 0xA326, 0xA326, 0xA326, 0xA326,
  0xA326, 0xA326, 0x7225, 0x7225, 0x7225, 0x7225, 0x7225, 0x7225, 0x7225, 0x7225, 0x51A3, 0x51A3,
  0x51A3, 0x51A3, 0x51A3, 0x51A3, 0x51A3, 0x51A3, 0x51A3, 0x51A3, 0x7225, 0x7225, 0x7225, 0x7225,
  0x7225, 0x7225, 0x7225, 0x7225, 0x7225, 0x7225, 0x72E8, 0x72E8, 0x6CB0, 0x6CB0, 0x8593, 0x8593,
  0xAE56, 0xAE56, 0x8593, 0x8593, 0x8593, 0x8593, 0x8593, 0x8593, 0x8593, 0x8593, 0x8593, 0x8593,
  0x8593, 0x8593, 0x8593, 0x8593, 0x8593, 0x8593, 0x8593, 0x8593, 0x8593, 0x8593, 0x8593, 0x8593,
  0x8593, 0x8593, 0x8593, 0x8593, 0x8593, 0x8593, 0x8593, 0x8593, 0x8593, 0x8593, 0x8593, 0x8593,
  0x8593, 0x8593, 0x8593, 0x8593, 0x8593, 0x8593, 0x8593, 0x8593, 0x8593, 0x8593, 0x8593, 0x8593,
  0x8593, 0x8593, 0x8593, 0x8593, 0x8593, 0x8593, 0x8593, 0x8593, 0x8593, 0x8593, 0x8593, 0x8593,
  0x8593, 0x8593, 0x8593, 0x8593, 0x8593, 0x8593, 0x8593, 0x8593, 0x8593, 0x8593, 0x8593, 0x8593,
  0xAE56, 0xAE56, 0xD5F3, 0xD5F3, 0xD5F3, 0xD5F3, 0xD5F3, 0xD5F3, 0xC570, 0xC570, 0xAC4C, 0xAC4C,
  0xC570, 0xC570, 0x9389, 0x9389, 0xC570, 0xC570, 0xD5F3, 0xD5F3, 0xD5F3, 0xD5F3, 0xE696, 0xE696,
  0xCC28, 0xCC28, 0x72E8, 0x72E8, 0x6CB0, 0x6CB0, 0x6CB0, 0x6CB0, 0x6CB0, 0x6CB0, 0x6CB0, 0x6CB0,
  0x6CB0, 0x6CB0, 0x6CB0, 0x6CB0, 0x6CB0, 0x6CB0, 0x6CB0, 0x6CB0, 0x6CB0, 0x6CB0, 0x6CB0, 0x6CB0,
  0x6CB0, 0x6CB0, 0x6CB0, 0x6CB0, 0x5BEA, 0x5BEA, 0x5BEA, 0x5BEA, 0x6CB0, 0x6CB0, 0x6CB0, 0x6CB0,
  0xC570, 0xC570, 0xE696, 0xE696, 0xE696, 0xE696, 0xE696, 0xE696, 0xC570, 0xC570, 0xA3A9, 0xA3A9,
  0x7225, 0x7225, 0x39C6, 0x39C6, 0x19A4, 0x19A4, 0x39C6, 0x39C6, 0x7225, 0x7225, 0xCC28, 0xCC28,
  0xCC28, 0xCC28, 0x7225, 0x7225, 0x51A3, 0x51A3, 0x7225, 0x7225, 0xA326, 0xA326, 0xCC28, 0xCC28,
  0xCC28, 0xCC28, 0xA326, 0xA326, 0xA326, 0xA326, 0xCC28, 0xCC28, 0xA326, 0xA326, 0xA326, 0xA326,
  0xCC28, 0xCC28, 0xCC28, 0xCC28, 0xCC28, 0xCC28, 0xA326, 0xA326, 0xA326, 0xA326, 0xCC28, 0xCC28,
  0xA326, 0xA326, 0x7225, 0x7225, 0x7225, 0x7225, 0x7225, 0x7225, 0xA326, 0xA326, 0xA326, 0xA326,
  0xA326, 0xA326, 0x7225, 0x7225, 0x7225, 0x7225, 0x7225, 0x7225, 0x7225, 0x7225, 0x51A3, 0x51A3,
  0x51A3, 0x51A3, 0x51A3, 0x51A3, 0x51A3, 0x51A3, 0x51A3, 0x51A3, 0x7225, 0x7225, 0x7225, 0x7225,
  0x7225, 0x7225, 0x7225, 0x7225, 0x7225, 0x7225, 0x72E8, 0x72E8, 0x6CB0, 0x6CB0, 0x8593, 0x8593,
  0xAE56, 0xAE56, 0x8593, 0x8593, 0x8593, 0x8593, 0x8593, 0x8593, 0x8593, 0x8593, 0x8593, 0x8593,
  0x8593, 0x8593, 0x8593, 0x8593, 0x8593, 0x8593, 0x8593, 0x8593, 0x8593, 0x8593, 0x8593, 0x8593,
  0x8593, 0x8593, 0x8593, 0x8593, 0x8593, 0x8593, 0x8593, 0x8593, 0x8593, 0x8593, 0x8593, 0x8593,
  0x8593, 0x8593, 0x8593, 0x8593, 0x8593, 0x8593, 0x8593, 0x8593, 0x8593, 0x8593, 0x8593, 0x8593,
  0x8593, 0x8593, 0x8593, 0x8593, 0x8593, 0x8593, 0x8593, 0x8593, 0x8593, 0x8593, 0x8593, 0x8593,
  0x8593, 0x8593, 0x8593, 0x8593, 0x8593, 0x8593, 0x8593, 0x8593, 0x8593, 0x8593, 0x8593, 0x8593,
  0xAE56, 0xAE56, 0xD5F3, 0xD5F3, 0xD5F3, 0xD5F3, 0xD5F3, 0xD5F3, 0xC570, 0xC570, 0xAC4C, 0xAC4C,
  0xC570, 0xC570, 0x9389, 0x9389, 0xC570, 0xC570, 0xD5F3, 0xD5F3, 0xD5F3, 0xD5F3, 0xE696, 0xE696,
  0xCC28, 0xCC28, 0x72E8, 0x72E8, 0x5BEA, 0x5BEA, 0x6CB0, 0x6CB0, 0x6CB0, 0x6CB0, 0x6CB0, 0x6CB0,
  0x6CB0, 0x6CB0, 0x6CB0, 0x6CB0, 0x6CB0, 0x6CB0, 0x6CB0, 0x6CB0, 0x6CB0, 0x6CB0, 0x6CB0, 0x6CB0,
  0x6CB0, 0x6CB0, 0x6CB0, 0x6CB0, 0x6CB0, 0x6CB0, 0x5BEA, 0x5BEA, 0x5BEA, 0x5BEA, 0x6CB0, 0x6CB0,
  0xD5F3, 0xD5F3, 0xE696, 0xE696, 0xE696, 0xE696, 0xC570, 0xC570, 0xCC28, 0xCC28, 0xCC28, 0xCC28,
  0xCC28, 0xCC28, 0xCC28, 0xCC28, 0xA3A9, 0xA3A9, 0x7225, 0x7225, 0x7225, 0x7225, 0xCC28, 0xCC28,
  0xCC28, 0xCC28, 0xA326, 0xA326, 0x51A3, 0x51A3, 0x51A3, 0x51A3, 0x51A3, 0x51A3, 0x7225, 0x7225,
  0xA326, 0xA326, 0xCC28, 0xCC28, 0xCC28, 0xCC28, 0xCC28, 0xCC28, 0xA326, 0xA326, 0xA326, 0xA326,
  0xCC28, 0xCC28, 0xCC28, 0xCC28, 0xCC28, 0xCC28, 0xA326, 0xA326, 0xA326, 0xA326, 0xCC28, 0xCC28,
  0xA326, 0xA326, 0x7225, 0x7225, 0x7225, 0x7225, 0xA326, 0xA326, 0xA326, 0xA326, 0xA326, 0xA326,
  0x7225, 0x7225, 0x7225, 0x7225, 0x7225, 0x7225, 0x51A3, 0x51A3, 0x51A3, 0x51A3, 0x51A3, 0x51A3,
  0x51A3, 0x51A3, 0x51A3, 0x51A3, 0x7225, 0x7225, 0x7225, 0x7225, 0x7225, 0x7225, 0x7225, 0x7225,
  0x7225, 0x7225, 0x72E8, 0x72E8, 0x5BEA, 0x5BEA, 0x8593, 0x8593, 0xAE56, 0xAE56, 0x8593, 0x8593,
  0x8593, 0x8593, 0x8593, 0x8593, 0x8593, 0x8593, 0x8593, 0x8593, 0x8593, 0x8593, 0x8593, 0x8593,
  0x8593, 0x8593, 0x8593, 0x8593, 0x8593, 0x8593, 0x8593, 0x8593, 0x8593, 0x8593, 0x8593, 0x8593,
  0x8593, 0x8593, 0x8593, 0x8593, 0x8593, 0x8593, 0x8593, 0x8593, 0x8593, 0x8593, 0x8593, 0x8593,
  0x8593, 0x8593, 0x8593, 0x8593, 0x8593, 0x8593, 0x8593, 0x8593, 0x8593, 0x8593, 0x8593, 0x8593,
  0x8593, 0x8593, 0x8593, 0x8593, 0x8593, 0x8593, 0x8593, 0x8593, 0x8593, 0x8593, 0x8593, 0x8593,
  0xAE56, 0xAE56, 0xAE56, 0xAE56, 0x8593, 0x8593, 0x8593, 0x8593, 0x8593, 0x8593, 0x8593, 0x8593,
  0x8593, 0x8593, 0xAE56, 0xAE56, 0xD5F3, 0xD5F3, 0xD5F3, 0xD5F3, 0xE696, 0xE696, 0xD5F3, 0xD5F3,
  0xC570, 0xC570, 0xC570, 0xC570, 0xD5F3, 0xD5F3, 0xD5F3, 0xD5F3, 0xD5F3, 0xD5F3, 0xD5F3, 0xD5F3,
  0xCC28, 0xCC28, 0x72E8, 0x72E8, 0x5BEA, 0x5BEA, 0x6CB0, 0x6CB0, 0x6CB0, 0x6CB0, 0x6CB0, 0x6CB0,
  0x6CB0, 0x6CB0, 0x6CB0, 0x6CB0, 0x6CB0, 0x6CB0, 0x6CB0, 0x6CB0, 0x6CB0, 0x6CB0, 0x6CB0, 0x6CB0,
  0x6CB0, 0x6CB0, 0x6CB0, 0x6CB0, 0x6CB0, 0x6CB0, 0x5BEA, 0x5BEA, 0x5BEA, 0x5BEA, 0x6CB0, 0x6CB0,
  0xD5F3, 0xD5F3, 0xE696, 0xE696, 0xE696, 0xE696, 0xC570, 0xC570, 0xCC28, 0xCC28, 0xCC28, 0xCC28,
  0xCC28, 0xCC28, 0xCC28, 0xCC28, 0xA3A9, 0xA3A9, 0x7225, 0x7225, 0x7225, 0x7225, 0xCC28, 0xCC28,
  0xCC28, 0xCC28, 0xA326, 0xA326, 0x51A3, 0x51A3, 0x51A3, 0x51A3, 0x51A3, 0x51A3, 0x7225, 0x7225,
  0xA326, 0xA326, 0xCC28, 0xCC28, 0xCC28, 0xCC28, 0xCC28, 0xCC28, 0xA326, 0xA326, 0xA326, 0xA326,
  0xCC28, 0xCC28, 0xCC28, 0xCC28, 0xCC28, 0xCC28, 0xA326, 0xA326, 0xA326, 0xA326, 0xCC28, 0xCC28,
  0xA326, 0xA326, 0x7225, 0x7225, 0x7225, 0x7225, 0xA326, 0xA326, 0xA326, 0xA326, 0xA326, 0xA326,
  0x7225, 0x7225, 0x7225, 0x7225, 0x7225, 0x7225, 0x51A3, 0x51A3, 0x51A3, 0x51A3, 0x51A3, 0x51A3,
  0x51A3, 0x51A3, 0x51A3, 0x51A3, 0x7225, 0x7225, 0x7225, 0x7225, 0x7225, 0x7225, 0x7225, 0x7225,
  0x7225, 0x7225, 0x72E8, 0x72E8, 0x5BEA, 0x5BEA, 0x8593, 0x8593, 0xAE56, 0xAE56, 0x8593, 0x8593,
  0x8593, 0x8593, 0x8593, 0x8593, 0x8593, 0x8593, 0x8593, 0x8593, 0x8593, 0x8593, 0x8593, 0x8593,
  0x8593, 0x8593, 0x8593, 0x8593, 0x8593, 0x8593, 0x8593, 0x8593, 0x8593, 0x8593, 0x8593, 0x8593,
  0x8593, 0x8593, 0x8593, 0x8593, 0x8593, 0x8593, 0x8593, 0x8593, 0x8593, 0x8593, 0x8593, 0x8593,
  0x8593, 0x8593, 0x8593, 0x8593, 0x8593, 0x8593, 0x8593, 0x8593, 0x8593, 0x8593, 0x8593, 0x8593,
  0x8593, 0x8593, 0x8593, 0x8593, 0x8593, 0x8593, 0x8593, 0x8593, 0x8593, 0x8593, 0x8593, 0x8593,
  0xAE56, 0xAE56, 0xAE56, 0xAE56, 0x8593, 0x8593, 0x8593, 0x8593, 0x8593, 0x8593, 0x8593, 0x8593,
  0x8593, 0x8593, 0xAE56, 0xAE56, 0xD5F3, 0xD5F3, 0xD5F3, 0xD5F3, 0xE696, 0xE696, 0xD5F3, 0xD5F3,
  0xC570, 0xC570, 0xC570, 0xC570, 0xD5F3, 0xD5F3, 0xD5F3, 0xD5F3, 0xD5F3, 0xD5F3, 0xD5F3, 0xD5F3,
  0xA326, 0xA326, 0x72E8, 0x72E8, 0x6CB0, 0x6CB0, 0x6CB0, 0x6CB0, 0x6CB0, 0x6CB0, 0x6CB0, 0x6CB0,
  0x6CB0, 0x6CB0, 0x6CB0, 0x6CB0, 0x6CB0, 0x6CB0, 0x6CB0, 0x6CB0, 0x6CB0, 0x6CB0, 0x6CB0, 0x6CB0,
  0x6CB0, 0x6CB0, 0x6CB0, 0x6CB0, 0x6CB0, 0x6CB0, 0x6CB0, 0x6CB0, 0x5BEA, 0x5BEA, 0xAC4C, 0xAC4C,
  0xD5F3, 0xD5F3, 0xD5F3, 0xD5F3, 0xD5F3, 0xD5F3, 0xCC28, 0xCC28, 0xCC28, 0xCC28, 0xCC28, 0xCC28,
  0xE50A, 0xE50A, 0xD5F3, 0xD5F3, 0xE696, 0xE696, 0xD5F3, 0xD5F3, 0xBCCD, 0xBCCD, 0xA326, 0xA326,
  0xA326, 0xA326, 0x7225, 0x7225, 0x7225, 0x7225, 0x51A3, 0x51A3, 0x51A3, 0x51A3, 0x51A3, 0x51A3,
  0x51A3, 0x51A3, 0x7225, 0x7225, 0xA326, 0xA326, 0xCC28, 0xCC28, 0xCC28, 0xCC28, 0xA326, 0xA326,
  0xCC28, 0xCC28, 0xCC28, 0xCC28, 0xCC28, 0xCC28, 0xA326, 0xA326, 0xA326, 0xA326, 0xCC28, 0xCC28,
  0xA326, 0xA326, 0x7225, 0x7225, 0xA326, 0xA326, 0xA326, 0xA326, 0x7225, 0x7225, 0x7225, 0x7225,
  0x7225, 0x7225, 0x51A3, 0x51A3, 0x51A3, 0x51A3, 0x51A3, 0x51A3, 0x51A3, 0x51A3, 0x51A3, 0x51A3,
  0x7225, 0x7225, 0x7225, 0x7225, 0x7225, 0x7225, 0x7225, 0x7225, 0x7225, 0x7225, 0x72E8, 0x72E8,
  0x5BEA, 0x5BEA, 0x8593, 0x8593, 0xAE56, 0xAE56, 0x8593, 0x8593, 0x8593, 0x8593, 0x8593, 0x8593,
  0x8593, 0x8593, 0x8593, 0x8593, 0x8593, 0x8593, 0x8593, 0x8593, 0x8593, 0x8593, 0x8593, 0x8593,
  0x8593, 0x8593, 0x8593, 0x8593, 0x8593, 0x8593, 0x8593, 0x8593, 0x8593, 0x8593, 0x8593, 0x8593,
  0x8593, 0x8593, 0x8593, 0x8593, 0x8593, 0x8593, 0x8593, 0x8593, 0x8593, 0x8593, 0x8593, 0x8593,
  0x8593, 0x8593, 0x8593, 0x8593, 0x8593, 0x8593, 0x8593, 0x8593, 0x8593, 0x8593, 0x8593, 0x8593,
  0x8593, 0x8593, 0x8593, 0x8593, 0x8593, 0x8593, 0x8593, 0x8593, 0x8593, 0x8593, 0x8593, 0x8593,
  0x8593, 0x8593, 0x8593, 0x8593, 0x8593, 0x8593, 0x8593, 0x8593, 0x8593, 0x8593, 0x8593, 0x8593,
  0x8593, 0x8593, 0x8593, 0x8593, 0xD5F3, 0xD5F3, 0xE696, 0xE696, 0xD5F3, 0xD5F3, 0xD5F3, 0xD5F3,
  0xE696, 0xE696, 0xE696, 0xE696, 0xE696, 0xE696, 0xD5F3, 0xD5F3, 0xD5F3, 0xD5F3, 0xD5F3, 0xD5F3,
  0xA326, 0xA326, 0x72E8, 0x72E8, 0x6CB0, 0x6CB0, 0x6CB0, 0x6CB0, 0x6CB0, 0x6CB0, 0x6CB0, 0x6CB0,
  0x6CB0, 0x6CB0, 0x6CB0, 0x6CB0, 0x6CB0, 0x6CB0, 0x6CB0, 0x6CB0, 0x6CB0, 0x6CB0, 0x6CB0, 0x6CB0,
  0x6CB0, 0x6CB0, 0x6CB0, 0x6CB0, 0x6CB0, 0x6CB0, 0x6CB0, 0x6CB0, 0x5BEA, 0x5BEA, 0xAC4C, 0xAC4C,
  0xD5F3, 0xD5F3, 0xD5F3, 0xD5F3, 0xD5F3, 0xD5F3, 0xCC28, 0xCC28, 0xCC28, 0xCC28, 0xCC28, 0xCC28,
  0xE50A, 0xE50A, 0xD5F3, 0xD5F3, 0xE696, 0xE696, 0xD5F3, 0xD5F3, 0xBCCD, 0xBCCD, 0xA326, 0xA326,
  0xA326, 0xA326, 0x7225, 0x7225, 0x7225, 0x7225, 0x51A3, 0x51A3, 0x51A3, 0x51A3, 0x51A3, 0x51A3,
  0x51A3, 0x51A3, 0x7225, 0x7225, 0xA326, 0xA326, 0xCC28, 0xCC28, 0xCC28, 0xCC28, 0xA326, 0xA326,
  0xCC28, 0xCC28, 0xCC28, 0xCC28, 0xCC28, 0xCC28, 0xA326, 0xA326, 0xA326, 0xA326, 0xCC28, 0xCC28,
  0xA326, 0xA326, 0x7225, 0x7225, 0xA326, 0xA326, 0xA326, 0xA326, 0x7225, 0x7225, 0x7225, 0x7225,
  0x7225, 0x7225, 0x51A3, 0x51A3, 0x51A3, 0x51A3, 0x51A3, 0x51A3, 0x51A3, 0x51A3, 0x51A3, 0x51A3,
  0x7225, 0x7225, 0x7225, 0x7225, 0x7225, 0x7225, 0x7225, 0x7225, 0x7225, 0x7225, 0x72E8, 0x72E8,
  0x5BEA, 0x5BEA, 0x8593, 0x8593, 0xAE56, 0xAE56, 0x8593, 0x8593, 0x8593, 0x8593, 0x8593, 0x8593,
  0x8593, 0x8593, 0x8593, 0x8593, 0x8593, 0x8593, 0x8593, 0x8593, 0x8593, 0x8593, 0x8593, 0x8593,
  0x8593, 0x8593, 0x8593, 0x8593, 0x8593, 0x8593, 0x8593, 0x8593, 0x8593, 0x8593, 0x8593, 0x8593,
  0x8593, 0x8593, 0x8593, 0x8593, 0x8593, 0x8593, 0x8593, 0x8593, 0x8593, 0x8593, 0x8593, 0x8593,
  0x8593, 0x8593, 0x8593, 0x8593, 0x8593, 0x8593, 0x8593, 0x8593, 0x8593, 0x8593, 0x8593, 0x8593,
  0x8593, 0x8593, 0x8593, 0x8593, 0x8593, 0x8593, 0x8593, 0x8593, 0x8593, 0x8593, 0x8593, 0x8593,
  0x8593, 0x8593, 0x8593, 0x8593, 0x8593, 0x8593, 0x8593, 0x8593, 0x8593, 0x8593, 0x8593, 0x8593,
  0x8593, 0x8593, 0x8593, 0x8593, 0xD5F3, 0xD5F3, 0xE696, 0xE696, 0xD5F3, 0xD5F3, 0xD5F3, 0xD5F3,
  0xE696, 0xE696, 0xE696, 0xE696, 0xE696, 0xE696, 0xD5F3, 0xD5F3, 0xD5F3, 0xD5F3, 0xD5F3, 0xD5F3,
  0x9389, 0x9389, 0x5BEA, 0x5BEA, 0x6CB0, 0x6CB0, 0x6CB0, 0x6CB0, 0x6CB0, 0x6CB0, 0x6CB0, 0x6CB0,
  0x6CB0, 0x6CB0, 0x6CB0, 0x6CB0, 0x6CB0, 0x6CB0, 0x6CB0, 0x6CB0, 0x6CB0, 0x6CB0, 0x6CB0, 0x6CB0,
  0xC570, 0xC570, 0xD5F3, 0xD5F3, 0xC570, 0xC570, 0x6CB0, 0x6CB0, 0x432A, 0x432A, 0x6CB0, 0x6CB0,
  0xD5F3, 0xD5F3, 0xD5F3, 0xD5F3, 0xE50A, 0xE50A, 0xCC28, 0xCC28, 0xCC28, 0xCC28, 0xE50A, 0xE50A,
  0xE696, 0xE696, 0xE696, 0xE696, 0xE696, 0xE696, 0xE696, 0xE696, 0xE696, 0xE696, 0xD5F3, 0xD5F3,
  0xC570, 0xC570, 0xA3A9, 0xA3A9, 0x51A3, 0x51A3, 0x51A3, 0x51A3, 0x51A3, 0x51A3, 0x51A3, 0x51A3,
  0x51A3, 0x51A3, 0x51A3, 0x51A3, 0x51A3, 0x51A3, 0x7225, 0x7225, 0xA326, 0xA326, 0xA326, 0xA326,
  0xCC28, 0xCC28, 0xCC28, 0xCC28, 0xCC28, 0xCC28, 0xA326, 0xA326, 0xA326, 0xA326, 0xCC28, 0xCC28,
  0xA326, 0xA326, 0x7225, 0x7225, 0x7225, 0x7225, 0x7225, 0x7225, 0x7225, 0x7225, 0x51A3, 0x51A3,
  0x51A3, 0x51A3, 0x51A3, 0x51A3, 0x51A3, 0x51A3, 0x51A3, 0x51A3, 0x7225, 0x7225, 0x7225, 0x7225,
  0x7225, 0x7225, 0x7225, 0x7225, 0x7225, 0x7225, 0x7225, 0x7225, 0x5BEA, 0x5BEA, 0x8593, 0x8593,
  0xAE56, 0xAE56, 0x8593, 0x8593, 0x8593, 0x8593, 0x8593, 0x8593, 0x8593, 0x8593, 0x8593, 0x8593,
  0x8593, 0x8593, 0x8593, 0x8593, 0x8593, 0x8593, 0x8593, 0x8593, 0x8593, 0x8593, 0x8593, 0x8593,
  0x8593, 0x8593, 0x8593, 0x8593, 0x8593, 0x8593, 0x8593, 0x8593, 0x8593, 0x8593, 0x8593, 0x8593,
  0x8593, 0x8593, 0x8593, 0x8593, 0x8593, 0x8593, 0x8593, 0x8593, 0x8593, 0x8593, 0x8593, 0x8593,
  0x8593, 0x8593, 0x8593, 0x8593, 0x8593, 0x8593, 0x8593, 0x8593, 0x8593, 0x8593, 0x8593, 0x8593,
  0x8593, 0x8593, 0x8593, 0x8593, 0x8593, 0x8593, 0x8593, 0x8593, 0x8593, 0x8593, 0x6CB0, 0x6CB0,
  0x6CB0, 0x6CB0, 0x6CB0, 0x6CB0, 0x8593, 0x8593, 0x8593, 0x8593, 0x8593, 0x8593, 0x8593, 0x8593,
  0x8593, 0x8593, 0x8593, 0x8593, 0x8593, 0x8593, 0xAE56, 0xAE56, 0xD5F3, 0xD5F3, 0xD5F3, 0xD5F3,
  0xD5F3, 0xD5F3, 0xD5F3, 0xD5F3, 0xD5F3, 0xD5F3, 0xAE56, 0xAE56, 0xD5F3, 0xD5F3, 0xD5F3, 0xD5F3,
  0x9389, 0x9389, 0x5BEA, 0x5BEA, 0x6CB0, 0x6CB0, 0x6CB0, 0x6CB0, 0x6CB0, 0x6CB0, 0x6CB0, 0x6CB0,
  0x6CB0, 0x6CB0, 0x6CB0, 0x6CB0, 0x6CB0, 0x6CB0, 0x6CB0, 0x6CB0, 0x6CB0, 0x6CB0, 0x6CB0, 0x6CB0,
  0xC570, 0xC570, 0xD5F3, 0xD5F3, 0xC570, 0xC570, 0x6CB0, 0x6CB0, 0x432A, 0x432A, 0x6CB0, 0x6CB0,
  0xD5F3, 0xD5F3, 0xD5F3, 0xD5F3, 0xE50A, 0xE50A, 0xCC28, 0xCC28, 0xCC28, 0xCC28, 0xE50A, 0xE50A,
  0xE696, 0xE696, 0xE696, 0xE696, 0xE696, 0xE696, 0xE696, 0xE696, 0xE696, 0xE696, 0xD5F3, 0xD5F3,
  0xC570, 0xC570, 0xA3A9, 0xA3A9, 0x51A3, 0x51A3, 0x51A3, 0x51A3, 0x51A3, 0x51A3, 0x51A3, 0x51A3,
  0x51A3, 0x51A3, 0x51A3, 0x51A3, 0x51A3, 0x51A3, 0x7225, 0x7225, 0xA326, 0xA326, 0xA326, 0xA326,
  0xCC28, 0xCC28, 0xCC28, 0xCC28, 0xCC28, 0xCC28, 0xA326, 0xA326, 0xA326, 0xA326, 0xCC28, 0xCC28,
  0xA326, 0xA326, 0x7225, 0x7225, 0x7225, 0x7225, 0x7225, 0x7225, 0x7225, 0x7225, 0x51A3, 0x51A3,
  0x51A3, 0x51A3, 0x51A3, 0x51A3, 0x51A3, 0x51A3, 0x51A3, 0x51A3, 0x7225, 0x7225, 0x7225, 0x7225,
  0x7225, 0x7225, 0x7225, 0x7225, 0x7225, 0x7225, 0x7225, 0x7225, 0x5BEA, 0x5BEA, 0x8593, 0x8593,
  0xAE56, 0xAE56, 0x8593, 0x8593, 0x8593, 0x8593, 0x8593, 0x8593, 0x8593, 0x8593, 0x8593, 0x8593,
  0x8593, 0x8593, 0x8593, 0x8593, 0x8593, 0x8593, 0x8593, 0x8593, 0x8593, 0x8593, 0x8593, 0x8593,
  0x8593, 0x8593, 0x8593, 0x8593, 0x8593, 0x8593, 0x8593, 0x8593, 0x8593, 0x8593, 0x8593, 0x8593,
  0x8593, 0x8593, 0x8593, 0x8593, 0x8593, 0x8593, 0x8593, 0x8593, 0x8593, 0x8593, 0x8593, 0x8593,
  0x8593, 0x8593, 0x8593, 0x8593, 0x8593, 0x8593, 0x8593, 0x8593, 0x8593, 0x8593, 0x8593, 0x8593,
  0x8593, 0x8593, 0x8593, 0x8593, 0x8593, 0x8593, 0x8593, 0x8593, 0x8593, 0x8593, 0x6CB0, 0x6CB0,
  0x6CB0, 0x6CB0, 0x6CB0, 0x6CB0, 0x8593, 0x8593, 0x8593, 0x8593, 0x8593, 0x8593, 0x8593, 0x8593,
  0x8593, 0x8593, 0x8593, 0x8593, 0x8593, 0x8593, 0xAE56, 0xAE56, 0xD5F3, 0xD5F3, 0xD5F3, 0xD5F3,
  0xD5F3, 0xD5F3, 0xD5F3, 0xD5F3, 0xD5F3, 0xD5F3, 0xAE56, 0xAE56, 0xD5F3, 0xD5F3, 0xD5F3, 0xD5F3,
  0x9389, 0x9389, 0x6CB0, 0x6CB0, 0x6CB0, 0x6CB0, 0x6CB0, 0x6CB0, 0x6CB0, 0x6CB0, 0x6CB0, 0x6CB0,
  0x8593, 0x8593, 0x6CB0, 0x6CB0, 0x6CB0, 0x6CB0, 0x6CB0, 0x6CB0, 0x6CB0, 0x6CB0, 0x6CB0, 0x6CB0,
  0xD5F3, 0xD5F3, 0x5BEA, 0x5BEA, 0xC570, 0xC570, 0x8593, 0x8593, 0x5BEA, 0x5BEA, 0x6CB0, 0x6CB0,
  0xD5F3, 0xD5F3, 0xD5F3, 0xD5F3, 0xE50A, 0xE50A, 0xCC28, 0xCC28, 0xCC28, 0xCC28, 0xD5F3, 0xD5F3,
  0xE696, 0xE696, 0xE696, 0xE696, 0xE696, 0xE696, 0xE696, 0xE696, 0xE696, 0xE696, 0xE696, 0xE696,
  0xC570, 0xC570, 0xD5F3, 0xD5F3, 0xC570, 0xC570, 0x7225, 0x7225, 0x51A3, 0x51A3, 0x51A3, 0x51A3,
  0x51A3, 0x51A3, 0x51A3, 0x51A3, 0x51A3, 0x51A3, 0x51A3, 0x51A3, 0x51A3, 0x51A3, 0x7225, 0x7225,
  0xA326, 0xA326, 0xCC28, 0xCC28, 0xCC28, 0xCC28, 0xA326, 0xA326, 0xA326, 0xA326, 0xCC28, 0xCC28,
  0xA326, 0xA326, 0x7225, 0x7225, 0x7225, 0x7225, 0x51A3, 0x51A3, 0x51A3, 0x51A3, 0x51A3, 0x51A3,
  0x51A3, 0x51A3, 0x51A3, 0x51A3, 0x7225, 0x7225, 0x7225, 0x7225, 0x7225, 0x7225, 0x7225, 0x7225,
  0x7225, 0x7225, 0x7225, 0x7225, 0x5BEA, 0x5BEA, 0x8593, 0x8593, 0x8593, 0x8593, 0x8593, 0x8593,
  0x8593, 0x8593, 0x8593, 0x8593, 0x8593, 0x8593, 0x8593, 0x8593, 0x8593, 0x8593, 0x8593, 0x8593,
  0x8593, 0x8593, 0x8593, 0x8593, 0x8593, 0x8593, 0x8593, 0x8593, 0x8593, 0x8593, 0x8593, 0x8593,
  0x8593, 0x8593, 0x8593, 0x8593, 0x8593, 0x8593, 0x8593, 0x8593, 0x8593, 0x8593, 0x8593, 0x8593,
  0x8593, 0x8593, 0x8593, 0x8593, 0x8593, 0x8593, 0x8593, 0x8593, 0x8593, 0x8593, 0x8593, 0x8593,
  0x8593, 0x8593, 0x8593, 0x8593, 0x8593, 0x8593, 0x8593, 0x8593, 0x8593, 0x8593, 0x8593, 0x8593,
  0x8593, 0x8593, 0x8593, 0x8593, 0x8593, 0x8593, 0x8593, 0x8593, 0x6CB0, 0x6CB0, 0x6CB0, 0x6CB0,
  0x6CB0, 0x6CB0, 0x6CB0, 0x6CB0, 0x8593, 0x8593, 0x8593, 0x8593, 0x8593, 0x8593, 0x8593, 0x8593,
  0x8593, 0x8593, 0x8593, 0x8593, 0x8593, 0x8593, 0x8593, 0x8593, 0x8593, 0x8593, 0x8593, 0x8593,
  0x8593, 0x8593, 0x8593, 0x8593, 0x8593, 0x8593, 0x8593, 0x8593, 0x8593, 0x8593, 0x8593, 0x8593,
  0x9389, 0x9389, 0x6CB0, 0x6CB0, 0x6CB0, 0x6CB0, 0x6CB0, 0x6CB0, 0x6CB0, 0x6CB0, 0x6CB0, 0x6CB0,
  0x8593, 0x8593, 0x6CB0, 0x6CB0, 0x6CB0, 0x6CB0, 0x6CB0, 0x6CB0, 0x6CB0, 0x6CB0, 0x6CB0, 0x6CB0,
  0xD5F3, 0xD5F3, 0x5BEA, 0x5BEA, 0xC570, 0xC570, 0x8593, 0x8593, 0x5BEA, 0x5BEA, 0x6CB0, 0x6CB0,
  0xD5F3, 0xD5F3, 0xD5F3, 0xD5F3, 0xE50A, 0xE50A, 0xCC28, 0xCC28, 0xCC28, 0xCC28, 0xD5F3, 0xD5F3,
  0xE696, 0xE696, 0xE696, 0xE696, 0xE696, 0xE696, 0xE696, 0xE696, 0xE696, 0xE696, 0xE696, 0xE696,
  0xC570, 0xC570, 0xD5F3, 0xD5F3, 0xC570, 0xC570, 0x7225, 0x7225, 0x51A3, 0x51A3, 0x51A3, 0x51A3,
  0x51A3, 0x51A3, 0x51A3, 0x51A3, 0x51A3, 0x51A3, 0x51A3, 0x51A3, 0x51A3, 0x51A3, 0x7225, 0x7225,
  0xA326, 0xA326, 0xCC28, 0xCC28, 0xCC28, 0xCC28, 0xA326, 0xA326, 0xA326, 0xA326, 0xCC28, 0xCC28,
  0xA326, 0xA326, 0x7225, 0x7225, 0x7225, 0x7225, 0x51A3, 0x51A3, 0x51A3, 0x51A3, 0x51A3, 0x51A3,
  0x51A3, 0x51A3, 0x51A3, 0x51A3, 0x7225, 0x7225, 0x7225, 0x7225, 0x7225, 0x7225, 0x7225, 0x7225,
  0x7225, 0x7225, 0x7225, 0x7225, 0x5BEA, 0x5BEA, 0x8593, 0x8593, 0x8593, 0x8593, 0x8593, 0x8593,
  0x8593, 0x8593, 0x8593, 0x8593, 0x8593, 0x8593, 0x8593, 0x8593, 0x8593, 0x8593, 0x8593, 0x8593,
  0x8593, 0x8593, 0x8593, 0x8593, 0x8593, 0x8593, 0x8593, 0x8593, 0x8593, 0x8593, 0x8593, 0x8593,
  0x8593, 0x8593, 0x8593, 0x8593, 0x8593, 0x8593, 0x8593, 0x8593, 0x8593, 0x8593, 0x8593, 0x8593,
  0x8593, 0x8593, 0x8593, 0x8593, 0x8593, 0x8593, 0x8593, 0x8593, 0x8593, 0x8593, 0x8593, 0x8593,
  0x8593, 0x8593, 0x8593, 0x8593, 0x8593, 0x8593, 0x8593, 0x8593, 0x8593, 0x8593, 0x8593, 0x8593,
  0x8593, 0x8593, 0x8593, 0x8593, 0x8593, 0x8593, 0x8593, 0x8593, 0x6CB0, 0x6CB0, 0x6CB0, 0x6CB0,
  0x6CB0, 0x6CB0, 0x6CB0, 0x6CB0, 0x8593, 0x8593, 0x8593, 0x8593, 0x8593, 0x8593, 0x8593, 0x8593,
  0x8593, 0x8593, 0x8593, 0x8593, 0x8593, 0x8593, 0x8593, 0x8593, 0x8593, 0x8593, 0x8593, 0x8593,
  0x8593, 0x8593, 0x8593, 0x8593, 0x8593, 0x8593, 0x8593, 0x8593, 0x8593, 0x8593, 0x8593, 0x8593,
  0x5BEA, 0x5BEA, 0x6CB0, 0x6CB0, 0x6CB0, 0x6CB0, 0x6CB0, 0x6CB0, 0x6CB0, 0x6CB0, 0xC570, 0xC570,
  0xD5F3, 0xD5F3, 0xC570, 0xC570, 0x6CB0, 0x6CB0, 0x6CB0, 0x6CB0, 0x5BEA, 0x5BEA, 0x6CB0, 0x6CB0,
  0x8593, 0x8593, 0xC570, 0xC570, 0xC570, 0xC570, 0x6CB0, 0x6CB0, 0x6CB0, 0x6CB0, 0x5BEA, 0x5BEA,
  0xD5F3, 0xD5F3, 0xD5F3, 0xD5F3, 0xE50A, 0xE50A, 0xCC28, 0xCC28, 0xCC28, 0xCC28, 0xD5F3, 0xD5F3,
  0xD5F3, 0xD5F3, 0xE696, 0xE696, 0xE696, 0xE696, 0xE696, 0xE696, 0xD5F3, 0xD5F3, 0xCC28, 0xCC28,
  0xCC28, 0xCC28, 0xCC28, 0xCC28, 0xE696, 0xE696, 0xBCCD, 0xBCCD, 0x7225, 0x7225, 0x7225, 0x7225,
  0x7225, 0x7225, 0x51A3, 0x51A3, 0x51A3, 0x51A3, 0x51A3, 0x51A3, 0x51A3, 0x51A3, 0x51A3, 0x51A3,
  0x51A3, 0x51A3, 0x7225, 0x7225, 0xA326, 0xA326, 0xA326, 0xA326, 0xA326, 0xA326, 0xA326, 0xA326,
  0x7225, 0x7225, 0x7225, 0x7225, 0x51A3, 0x51A3, 0x51A3, 0x51A3, 0x51A3, 0x51A3, 0x51A3, 0x51A3,
  0x7225, 0x7225, 0x7225, 0x7225, 0x7225, 0x7225, 0x7225, 0x7225, 0x7225, 0x7225, 0x7225, 0x7225,
  0x72E8, 0x72E8, 0x8593, 0x8593, 0x8593, 0x8593, 0x8593, 0x8593, 0x8593, 0x8593, 0x8593, 0x8593,
  0x8593, 0x8593, 0x8593, 0x8593, 0x8593, 0x8593, 0x8593, 0x8593, 0x8593, 0x8593, 0x8593, 0x8593,
  0x8593, 0x8593, 0x8593, 0x8593, 0x8593, 0x8593, 0x8593, 0x8593, 0x8593, 0x8593, 0x8593, 0x8593,
  0x8593, 0x8593, 0x8593, 0x8593, 0x8593, 0x8593, 0x8593, 0x8593, 0x8593, 0x8593, 0x8593, 0x8593,
  0x8593, 0x8593, 0x8593, 0x8593, 0x8593, 0x8593, 0x8593, 0x8593, 0x8593, 0x8593, 0x8593, 0x8593,
  0x8593, 0x8593, 0x8593, 0x8593, 0x8593, 0x8593, 0x8593, 0x8593, 0x8593, 0x8593, 0x8593, 0x8593,
  0x8593, 0x8593, 0x8593, 0x8593, 0x8593, 0x8593, 0x6CB0, 0x6CB0, 0x6CB0, 0x6CB0, 0x6CB0, 0x6CB0,
  0x6CB0, 0x6CB0, 0x6CB0, 0x6CB0, 0x8593, 0x8593, 0x8593, 0x8593, 0x8593, 0x8593, 0x8593, 0x8593,
  0x8593, 0x8593, 0x8593, 0x8593, 0x8593, 0x8593, 0x8593, 0x8593, 0x8593, 0x8593, 0x8593, 0x8593,
  0x8593, 0x8593, 0x8593, 0x8593, 0x8593, 0x8593, 0x8593, 0x8593, 0x8593, 0x8593, 0x8593, 0x8593,
  0x5BEA, 0x5BEA, 0x6CB0, 0x6CB0, 0x6CB0, 0x6CB0, 0x6CB0, 0x6CB0, 0x6CB0, 0x6CB0, 0xC570, 0xC570,
  0xD5F3, 0xD5F3, 0xC570, 0xC570, 0x6CB0, 0x6CB0, 0x6CB0, 0x6CB0, 0x5BEA, 0x5BEA, 0x6CB0, 0x6CB0,
  0x8593, 0x8593, 0xC570, 0xC570, 0xC570, 0xC570, 0x6CB0, 0x6CB0, 0x6CB0, 0x6CB0, 0x5BEA, 0x5BEA,
  0xD5F3, 0xD5F3, 0xD5F3, 0xD5F3, 0xE50A, 0xE50A, 0xCC28, 0xCC28, 0xCC28, 0xCC28, 0xD5F3, 0xD5F3,
  0xD5F3, 0xD5F3, 0xE696, 0xE696, 0xE696, 0xE696, 0xE696, 0xE696, 0xD5F3, 0xD5F3, 0xCC28, 0xCC28,
  0xCC28, 0xCC28, 0xCC28, 0xCC28, 0xE696, 0xE696, 0xBCCD, 0xBCCD, 0x7225, 0x7225, 0x7225, 0x7225,
  0x7225, 0x7225, 0x51A3, 0x51A3, 0x51A3, 0x51A3, 0x51A3, 0x51A3, 0x51A3, 0x51A3, 0x51A3, 0x51A3,
  0x51A3, 0x51A3, 0x7225, 0x7225, 0xA326, 0xA326, 0xA326, 0xA326, 0xA326, 0xA326, 0xA326, 0xA326,
  0x7225, 0x7225, 0x7225, 0x7225, 0x51A3, 0x51A3, 0x51A3, 0x51A3, 0x51A3, 0x51A3, 0x51A3, 0x51A3,
  0x7225, 0x7225, 0x7225, 0x7225, 0x7225, 0x7225, 0x7225, 0x7225, 0x7225, 0x7225, 0x7225, 0x7225,
  0x72E8, 0x72E8, 0x8593, 0x8593, 0x8593, 0x8593, 0x8593, 0x8593, 0x8593, 0x8593, 0x8593, 0x8593,
  0x8593, 0x8593, 0x8593, 0x8593, 0x8593, 0x8593, 0x8593, 0x8593, 0x8593, 0x8593, 0x8593, 0x8593,
  0x8593, 0x8593, 0x8593, 0x8593, 0x8593, 0x8593, 0x8593, 0x8593, 0x8593, 0x8593, 0x8593, 0x8593,
  0x8593, 0x8593, 0x8593, 0x8593, 0x8593, 0x8593, 0x8593, 0x8593, 0x8593, 0x8593, 0x8593, 0x8593,
  0x8593, 0x8593, 0x8593, 0x8593, 0x8593, 0x8593, 0x8593, 0x8593, 0x8593, 0x8593, 0x8593, 0x8593,
  0x8593, 0x8593, 0x8593, 0x8593, 0x8593, 0x8593, 0x8593, 0x8593, 0x8593, 0x8593, 0x8593, 0x8593,
  0x8593, 0x8593, 0x8593, 0x8593, 0x8593, 0x8593, 0x6CB0, 0x6CB0, 0x6CB0, 0x6CB0, 0x6CB0, 0x6CB0,
  0x6CB0, 0x6CB0, 0x6CB0, 0x6CB0, 0x8593, 0x8593, 0x8593, 0x8593, 0x8593, 0x8593, 0x8593, 0x8593,
  0x8593, 0x8593, 0x8593, 0x8593, 0x8593, 0x8593, 0x8593, 0x8593, 0x8593, 0x8593, 0x8593, 0x8593,
  0x8593, 0x8593, 0x8593, 0x8593, 0x8593, 0x8593, 0x8593, 0x8593, 0x8593, 0x8593, 0x8593, 0x8593,
  0x5BEA, 0x5BEA, 0x6CB0, 0x6CB0, 0x6CB0, 0x6CB0, 0x6CB0, 0x6CB0, 0x6CB0, 0x6CB0, 0xE696, 0xE696,
  0x5BEA, 0x5BEA, 0x9389, 0x9389, 0x8593, 0x8593, 0x6CB0, 0x6CB0, 0x5BEA, 0x5BEA, 0x6CB0, 0x6CB0,
  0x6CB0, 0x6CB0, 0x6CB0, 0x6CB0, 0x6CB0, 0x6CB0, 0x6CB0, 0x6CB0, 0x6CB0, 0x6CB0, 0x5BEA, 0x5BEA,
  0xC570, 0xC570, 0xE696, 0xE696, 0xE50A, 0xE50A, 0xCC28, 0xCC28, 0xE50A, 0xE50A, 0xE696, 0xE696,
  0xD5F3, 0xD5F3, 0xD5F3, 0xD5F3, 0xD5F3, 0xD5F3, 0xE696, 0xE696, 0xE50A, 0xE50A, 0xCC28, 0xCC28,
  0xCC28, 0xCC28, 0xCC28, 0xCC28, 0xD5F3, 0xD5F3, 0xD5F3, 0xD5F3, 0x9389, 0x9389, 0x7225, 0x7225,
  0x7225, 0x7225, 0x7225, 0x7225, 0x7225, 0x7225, 0x51A3, 0x51A3, 0x51A3, 0x51A3, 0x51A3, 0x51A3,
  0x51A3, 0x51A3, 0x51A3, 0x51A3, 0x51A3, 0x51A3, 0x7225, 0x7225, 0xA326, 0xA326, 0xA326, 0xA326,
  0x7225, 0x7225, 0x7225, 0x7225, 0x51A3, 0x51A3, 0x51A3, 0x51A3, 0x7225, 0x7225, 0x7225, 0x7225,
  0x7225, 0x7225, 0x7225, 0x7225, 0x7225, 0x7225, 0x7225, 0x7225, 0x72E8, 0x72E8, 0x6CB0, 0x6CB0,
  0x8593, 0x8593, 0xAE56, 0xAE56, 0x8593, 0x8593, 0x8593, 0x8593, 0x8593, 0x8593, 0x8593, 0x8593,
  0x8593, 0x8593, 0x8593, 0x8593, 0xAE56, 0xAE56, 0x8593, 0x8593, 0xA3A9, 0xA3A9, 0xCC28, 0xCC28,
  0x8593, 0x8593, 0x8593, 0x8593, 0x8593, 0x8593, 0x8593, 0x8593, 0x8593, 0x8593, 0x8593, 0x8593,
  0x8593, 0x8593, 0x8593, 0x8593, 0x8593, 0x8593, 0x8593, 0x8593, 0x8593, 0x8593, 0x8593, 0x8593,
  0x8593, 0x8593, 0x8593, 0x8593, 0x8593, 0x8593, 0x8593, 0x8593, 0x8593, 0x8593, 0x8593, 0x8593,
  0x8593, 0x8593, 0x8593, 0x8593, 0x8593, 0x8593, 0x8593, 0x8593, 0x8593, 0x8593, 0x8593, 0x8593,
  0x8593, 0x8593, 0x8593, 0x8593, 0x6CB0, 0x6CB0, 0x6CB0, 0x6CB0, 0x6CB0, 0x6CB0, 0x6CB0, 0x6CB0,
  0x6CB0, 0x6CB0, 0x6CB0, 0x6CB0, 0x8593, 0x8593, 0x8593, 0x8593, 0x8593, 0x8593, 0x8593, 0x8593,
  0x8593, 0x8593, 0x8593, 0x8593, 0x8593, 0x8593, 0x8593, 0x8593, 0x8593, 0x8593, 0x8593, 0x8593,
  0x8593, 0x8593, 0x8593, 0x8593, 0x8593, 0x8593, 0x8593, 0x8593, 0x8593, 0x8593, 0x8593, 0x8593,
  0x5BEA, 0x5BEA, 0x6CB0, 0x6CB0, 0x6CB0, 0x6CB0, 0x6CB0, 0x6CB0, 0x6CB0, 0x6CB0, 0xE696, 0xE696,
  0x5BEA, 0x5BEA, 0x9389, 0x9389, 0x8593, 0x8593, 0x6CB0, 0x6CB0, 0x5BEA, 0x5BEA, 0x6CB0, 0x6CB0,
  0x6CB0, 0x6CB0, 0x6CB0, 0x6CB0, 0x6CB0, 0x6CB0, 0x6CB0, 0x6CB0, 0x6CB0, 0x6CB0, 0x5BEA, 0x5BEA,
  0xC570, 0xC570, 0xE696, 0xE696, 0xE50A, 0xE50A, 0xCC28, 0xCC28, 0xE50A, 0xE50A, 0xE696, 0xE696,
  0xD5F3, 0xD5F3, 0xD5F3, 0xD5F3, 0xD5F3, 0xD5F3, 0xE696, 0xE696, 0xE50A, 0xE50A, 0xCC28, 0xCC28,
  0xCC28, 0xCC28, 0xCC28, 0xCC28, 0xD5F3, 0xD5F3, 0xD5F3, 0xD5F3, 0x9389, 0x9389, 0x7225, 0x7225,
  0x7225, 0x7225, 0x7225, 0x7225, 0x7225, 0x7225, 0x51A3, 0x51A3, 0x51A3, 0x51A3, 0x51A3, 0x51A3,
  0x51A3, 0x51A3, 0x51A3, 0x51A3, 0x51A3, 0x51A3, 0x7225, 0x7225, 0xA326, 0xA326, 0xA326, 0xA326,
  0x7225, 0x7225, 0x7225, 0x7225, 0x51A3, 0x51A3, 0x51A3, 0x51A3, 0x7225, 0x7225, 0x7225, 0x7225,
  0x7225, 0x7225, 0x7225, 0x7225, 0x7225, 0x7225, 0x7225, 0x7225, 0x72E8, 0x72E8, 0x6CB0, 0x6CB0,
  0x8593, 0x8593, 0xAE56, 0xAE56, 0x8593, 0x8593, 0x8593, 0x8593, 0x8593, 0x8593, 0x8593, 0x8593,
  0x8593, 0x8593, 0x8593, 0x8593, 0xAE56, 0xAE56, 0x8593, 0x8593, 0xA3A9, 0xA3A9, 0xCC28, 0xCC28,
  0x8593, 0x8593, 0x8593, 0x8593, 0x8593, 0x8593, 0x8593, 0x8593, 0x8593, 0x8593, 0x8593, 0x8593,
  0x8593, 0x8593, 0x8593, 0x8593, 0x8593, 0x8593, 0x8593, 0x8593, 0x8593, 0x8593, 0x8593, 0x8593,
  0x8593, 0x8593, 0x8593, 0x8593, 0x8593, 0x8593, 0x8593, 0x8593, 0x8593, 0x8593, 0x8593, 0x8593,
  0x8593, 0x8593, 0x8593, 0x8593, 0x8593, 0x8593, 0x8593, 0x8593, 0x8593, 0x8593, 0x8593, 0x8593,
  0x8593, 0x8593, 0x8593, 0x8593, 0x6CB0, 0x6CB0, 0x6CB0, 0x6CB0, 0x6CB0, 0x6CB0, 0x6CB0, 0x6CB0,
  0x6CB0, 0x6CB0, 0x6CB0, 0x6CB0, 0x8593, 0x8593, 0x8593, 0x8593, 0x8593, 0x8593, 0x8593, 0x8593,
  0x8593, 0x8593, 0x8593, 0x8593, 0x8593, 0x8593, 0x8593, 0x8593, 0x8593, 0x8593, 0x8593, 0x8593,
  0x8593, 0x8593, 0x8593, 0x8593, 0x8593, 0x8593, 0x8593, 0x8593, 0x8593, 0x8593, 0x8593, 0x8593,
  0x5BEA, 0x5BEA, 0x6CB0, 0x6CB0, 0x6CB0, 0x6CB0, 0x6CB0, 0x6CB0, 0x6CB0, 0x6CB0, 0xC570, 0xC570,
  0xD5F3, 0xD5F3, 0xC570, 0xC570, 0x6CB0, 0x6CB0, 0x6CB0, 0x6CB0, 0x6CB0, 0x6CB0, 0x6CB0, 0x6CB0,
  0x8593, 0x8593, 0x8593, 0x8593, 0x6CB0, 0x6CB0, 0x6CB0, 0x6CB0, 0x6CB0, 0x6CB0, 0x5BEA, 0x5BEA,
  0xAC4C, 0xAC4C, 0xE696, 0xE696, 0xE50A, 0xE50A, 0xCC28, 0xCC28, 0xCC28, 0xCC28, 0xE696, 0xE696,
  0xD5F3, 0xD5F3, 0xD5F3, 0xD5F3, 0xD5F3, 0xD5F3, 0xD5F3, 0xD5F3, 0xCC28, 0xCC28, 0xCC28, 0xCC28,
  0xCC28, 0xCC28, 0xCC28, 0xCC28, 0xD5F3, 0xD5F3, 0xD5F3, 0xD5F3, 0x9389, 0x9389, 0x7225, 0x7225,
  0x7225, 0x7225, 0x7225, 0x7225, 0x7225, 0x7225, 0x7225, 0x7225, 0x7225, 0x7225, 0x51A3, 0x51A3,
  0x51A3, 0x51A3, 0x51A3, 0x51A3, 0x51A3, 0x51A3, 0x51A3, 0x51A3, 0xA326, 0xA326, 0xCC28, 0xCC28,
  0x7225, 0x7225, 0xA326, 0xA326, 0x51A3, 0x51A3, 0x51A3, 0x51A3, 0x7225, 0x7225, 0x7225, 0x7225,
  0x7225, 0x7225, 0x7225, 0x7225, 0x72E8, 0x72E8, 0x6CB0, 0x6CB0, 0x8593, 0x8593, 0xAE56, 0xAE56,
  0x8593, 0x8593, 0x8593, 0x8593, 0x8593, 0x8593, 0x8593, 0x8593, 0x8593, 0x8593, 0x8593, 0x8593,
  0x8593, 0x8593, 0x8593, 0x8593, 0xC570, 0xC570, 0xCC28, 0xCC28, 0xCC28, 0xCC28, 0xCC28, 0xCC28,
  0x8593, 0x8593, 0x8593, 0x8593, 0x8593, 0x8593, 0x8593, 0x8593, 0xC570, 0xC570, 0xAC4C, 0xAC4C,
  0xBCCD, 0xBCCD, 0x8593, 0x8593, 0x8593, 0x8593, 0x8593, 0x8593, 0x8593, 0x8593, 0x8593, 0x8593,
  0x8593, 0x8593, 0x8593, 0x8593, 0x8593, 0x8593, 0x8593, 0x8593, 0x8593, 0x8593, 0x8593, 0x8593,
  0x8593, 0x8593, 0x8593, 0x8593, 0x8593, 0x8593, 0x8593, 0x8593, 0x8593, 0x8593, 0x8593, 0x8593,
  0x8593, 0x8593, 0x6CB0, 0x6CB0, 0x6CB0, 0x6CB0, 0x6CB0, 0x6CB0, 0x6CB0, 0x6CB0, 0x6CB0, 0x6CB0,
  0x6CB0, 0x6CB0, 0x8593, 0x8593, 0x8593, 0x8593, 0x8593, 0x8593, 0x8593, 0x8593, 0x8593, 0x8593,
  0x8593, 0x8593, 0x8593, 0x8593, 0x8593, 0x8593, 0x8593, 0x8593, 0x8593, 0x8593, 0x8593, 0x8593,
  0x8593, 0x8593, 0x8593, 0x8593, 0x8593, 0x8593, 0x8593, 0x8593, 0x8593, 0x8593, 0x8593, 0x8593,
  0x5BEA, 0x5BEA, 0x6CB0, 0x6CB0, 0x6CB0, 0x6CB0, 0x6CB0, 0x6CB0, 0x6CB0, 0x6CB0, 0xC570, 0xC570,
  0xD5F3, 0xD5F3, 0xC570, 0xC570, 0x6CB0, 0x6CB0, 0x6CB0, 0x6CB0, 0x6CB0, 0x6CB0, 0x6CB0, 0x6CB0,
  0x8593, 0x8593, 0x8593, 0x8593, 0x6CB0, 0x6CB0, 0x6CB0, 0x6CB0, 0x6CB0, 0x6CB0, 0x5BEA, 0x5BEA,
  0xAC4C, 0xAC4C, 0xE696, 0xE696, 0xE50A, 0xE50A, 0xCC28, 0xCC28, 0xCC28, 0xCC28, 0xE696, 0xE696,
  0xD5F3, 0xD5F3, 0xD5F3, 0xD5F3, 0xD5F3, 0xD5F3, 0xD5F3, 0xD5F3, 0xCC28, 0xCC28, 0xCC28, 0xCC28,
  0xCC28, 0xCC28, 0xCC28, 0xCC28, 0xD5F3, 0xD5F3, 0xD5F3, 0xD5F3, 0x9389, 0x9389, 0x7225, 0x7225,
  0x7225, 0x7225, 0x7225, 0x7225, 0x7225, 0x7225, 0x7225, 0x7225, 0x7225, 0x7225, 0x51A3, 0x51A3,
  0x51A3, 0x51A3, 0x51A3, 0x51A3, 0x51A3, 0x51A3, 0x51A3, 0x51A3, 0xA326, 0xA326, 0xCC28, 0xCC28,
  0x7225, 0x7225, 0xA326, 0xA326, 0x51A3, 0x51A3, 0x51A3, 0x51A3, 0x7225, 0x7225, 0x7225, 0x7225,
  0x7225, 0x7225, 0x7225, 0x7225, 0x72E8, 0x72E8, 0x6CB0, 0x6CB0, 0x8593, 0x8593, 0xAE56, 0xAE56,
  0x8593, 0x8593, 0x8593, 0x8593, 0x8593, 0x8593, 0x8593, 0x8593, 0x8593, 0x8593, 0x8593, 0x8593,
  0x8593, 0x8593, 0x8593, 0x8593, 0xC570, 0xC570, 0xCC28, 0xCC28, 0xCC28, 0xCC28, 0xCC28, 0xCC28,
  0x8593, 0x8593, 0x8593, 0x8593, 0x8593, 0x8593, 0x8593, 0x8593, 0xC570, 0xC570, 0xAC4C, 0xAC4C,
  0xBCCD, 0xBCCD, 0x8593, 0x8593, 0x8593, 0x8593, 0x8593, 0x8593, 0x8593, 0x8593, 0x8593, 0x8593,
  0x8593, 0x8593, 0x8593, 0x8593, 0x8593, 0x8593, 0x8593, 0x8593, 0x8593, 0x8593, 0x8593, 0x8593,
  0x8593, 0x8593, 0x8593, 0x8593, 0x8593, 0x8593, 0x8593, 0x8593, 0x8593, 0x8593, 0x8593, 0x8593,
  0x8593, 0x8593, 0x6CB0, 0x6CB0, 0x6CB0, 0x6CB0, 0x6CB0, 0x6CB0, 0x6CB0, 0x6CB0, 0x6CB0, 0x6CB0,
  0x6CB0, 0x6CB0, 0x8593, 0x8593, 0x8593, 0x8593, 0x8593, 0x8593, 0x8593, 0x8593, 0x8593, 0x8593,
  0x8593, 0x8593, 0x8593, 0x8593, 0x8593, 0x8593, 0x8593, 0x8593, 0x8593, 0x8593, 0x8593, 0x8593,
  0x8593, 0x8593, 0x8593, 0x8593, 0x8593, 0x8593, 0x8593, 0x8593, 0x8593, 0x8593, 0x8593, 0x8593,
  0x5BEA, 0x5BEA, 0x6CB0, 0x6CB0, 0x6CB0, 0x6CB0, 0x6CB0, 0x6CB0, 0x6CB0, 0x6CB0, 0x6CB0, 0x6CB0,
  0x6CB0, 0x6CB0, 0x6CB0, 0x6CB0, 0x6CB0, 0x6CB0, 0xC570, 0xC570, 0xD5F3, 0xD5F3, 0xE696, 0xE696,
  0xE696, 0xE696, 0xE696, 0xE696, 0xD5F3, 0xD5F3, 0x8593, 0x8593, 0x6CB0, 0x6CB0, 0x5BEA, 0x5BEA,
  0x9389, 0x9389, 0xD5F3, 0xD5F3, 0xE50A, 0xE50A, 0xCC28, 0xCC28, 0xCC28, 0xCC28, 0xD5F3, 0xD5F3,
  0xD5F3, 0xD5F3, 0xD5F3, 0xD5F3, 0xE696, 0xE696, 0xD5F3, 0xD5F3, 0xCC28, 0xCC28, 0xCC28, 0xCC28,
  0xCC28, 0xCC28, 0xCC28, 0xCC28, 0xD5F3, 0xD5F3, 0xD5F3, 0xD5F3, 0x9389, 0x9389, 0x7225, 0x7225,
  0x7225, 0x7225, 0x7225, 0x7225, 0x7225, 0x7225, 0x72E8, 0x72E8, 0x7225, 0x7225, 0x7225, 0x7225,
  0x7225, 0x7225, 0x51A3, 0x51A3, 0x51A3, 0x51A3, 0x51A3, 0x51A3, 0xA326, 0xA326, 0xCC28, 0xCC28,
  0xA326, 0xA326, 0xA326, 0xA326, 0x51A3, 0x51A3, 0x51A3, 0x51A3, 0x7225, 0x7225, 0x7225, 0x7225,
  0x72E8, 0x72E8, 0x6CB0, 0x6CB0, 0x8593, 0x8593, 0xAE56, 0xAE56, 0x8593, 0x8593, 0x8593, 0x8593,
  0x8593, 0x8593, 0x8593, 0x8593, 0x8593, 0x8593, 0x8593, 0x8593, 0x8593, 0x8593, 0x8593, 0x8593,
  0x8593, 0x8593, 0x8593, 0x8593, 0xCC28, 0xCC28, 0xCC28, 0xCC28, 0xCC28, 0xCC28, 0xCC28, 0xCC28,
  0x8593, 0x8593, 0xAE56, 0xAE56, 0x8593, 0x8593, 0xAC4C, 0xAC4C, 0xCC28, 0xCC28, 0xCC28, 0xCC28,
  0xAC4C, 0xAC4C, 0x8593, 0x8593, 0x8593, 0x8593, 0x8593, 0x8593, 0x8593, 0x8593, 0x8593, 0x8593,
  0x8593, 0x8593, 0x8593, 0x8593, 0x8593, 0x8593, 0x8593, 0x8593, 0x8593, 0x8593, 0x8593, 0x8593,
  0x8593, 0x8593, 0xAE56, 0xAE56, 0x8593, 0x8593, 0x8593, 0x8593, 0x8593, 0x8593, 0x6CB0, 0x6CB0,
  0x6CB0, 0x6CB0, 0x6CB0, 0x6CB0, 0x6CB0, 0x6CB0, 0x6CB0, 0x6CB0, 0x6CB0, 0x6CB0, 0x6CB0, 0x6CB0,
  0x8593, 0x8593, 0x8593, 0x8593, 0x8593, 0x8593, 0xAE56, 0xAE56, 0x8593, 0x8593, 0x8593, 0x8593,
  0x8593, 0x8593, 0x8593, 0x8593, 0x8593, 0x8593, 0x8593, 0x8593, 0x8593, 0x8593, 0x8593, 0x8593,
  0x8593, 0x8593, 0x8593, 0x8593, 0x6CB0, 0x6CB0, 0x6CB0, 0x6CB0, 0x8593, 0x8593, 0x8593, 0x8593,
  0x5BEA, 0x5BEA, 0x6CB0, 0x6CB0, 0x6CB0, 0x6CB0, 0x6CB0, 0x6CB0, 0x6CB0, 0x6CB0, 0x6CB0, 0x6CB0,
  0x6CB0, 0x6CB0, 0x6CB0, 0x6CB0, 0x6CB0, 0x6CB0, 0xC570, 0xC570, 0xD5F3, 0xD5F3, 0xE696, 0xE696,
  0xE696, 0xE696, 0xE696, 0xE696, 0xD5F3, 0xD5F3, 0x8593, 0x8593, 0x6CB0, 0x6CB0, 0x5BEA, 0x5BEA,
  0x9389, 0x9389, 0xD5F3, 0xD5F3, 0xE50A, 0xE50A, 0xCC28, 0xCC28, 0xCC28, 0xCC28, 0xD5F3, 0xD5F3,
  0xD5F3, 0xD5F3, 0xD5F3, 0xD5F3, 0xE696, 0xE696, 0xD5F3, 0xD5F3, 0xCC28, 0xCC28, 0xCC28, 0xCC28,
  0xCC28, 0xCC28, 0xCC28, 0xCC28, 0xD5F3, 0xD5F3, 0xD5F3, 0xD5F3, 0x9389, 0x9389, 0x7225, 0x7225,
  0x7225, 0x7225, 0x7225, 0x7225, 0x7225, 0x7225, 0x72E8, 0x72E8, 0x7225, 0x7225, 0x7225, 0x7225,
  0x7225, 0x7225, 0x51A3, 0x51A3, 0x51A3, 0x51A3, 0x51A3, 0x51A3, 0xA326, 0xA326, 0xCC28, 0xCC28,
  0xA326, 0xA326, 0xA326, 0xA326, 0x51A3, 0x51A3, 0x51A3, 0x51A3, 0x7225, 0x7225, 0x7225, 0x7225,
  0x72E8, 0x72E8, 0x6CB0, 0x6CB0, 0x8593, 0x8593, 0xAE56, 0xAE56, 0x8593, 0x8593, 0x8593, 0x8593,
  0x8593, 0x8593, 0x8593, 0x8593, 0x8593, 0x8593, 0x8593, 0x8593, 0x8593, 0x8593, 0x8593, 0x8593,
  0x8593, 0x8593, 0x8593, 0x8593, 0xCC28, 0xCC28, 0xCC28, 0xCC28, 0xCC28, 0xCC28, 0xCC28, 0xCC28,
  0x8593, 0x8593, 0xAE56, 0xAE56, 0x8593, 0x8593, 0xAC4C, 0xAC4C, 0xCC28, 0xCC28, 0xCC28, 0xCC28,
  0xAC4C, 0xAC4C, 0x8593, 0x8593, 0x8593, 0x8593, 0x8593, 0x8593, 0x8593, 0x8593, 0x8593, 0x8593,
  0x8593, 0x8593, 0x8593, 0x8593, 0x8593, 0x8593, 0x8593, 0x8593, 0x8593, 0x8593, 0x8593, 0x8593,
  0x8593, 0x8593, 0xAE56, 0xAE56, 0x8593, 0x8593, 0x8593, 0x8593, 0x8593, 0x8593, 0x6CB0, 0x6CB0,
  0x6CB0, 0x6CB0, 0x6CB0, 0x6CB0, 0x6CB0, 0x6CB0, 0x6CB0, 0x6CB0, 0x6CB0, 0x6CB0, 0x6CB0, 0x6CB0,
  0x8593, 0x8593, 0x8593, 0x8593, 0x8593, 0x8593, 0xAE56, 0xAE56, 0x8593, 0x8593, 0x8593, 0x8593,
  0x8593, 0x8593, 0x8593, 0x8593, 0x8593, 0x8593, 0x8593, 0x8593, 0x8593, 0x8593, 0x8593, 0x8593,
  0x8593, 0x8593, 0x8593, 0x8593, 0x6CB0, 0x6CB0, 0x6CB0, 0x6CB0, 0x8593, 0x8593, 0x8593, 0x8593,
  0x5BEA, 0x5BEA, 0x5BEA, 0x5BEA, 0x6CB0, 0x6CB0, 0x6CB0, 0x6CB0, 0x6CB0, 0x6CB0, 0x6CB0, 0x6CB0,
  0x6CB0, 0x6CB0, 0x6CB0, 0x6CB0, 0xD5F3, 0xD5F3, 0xE696, 0xE696, 0xE696, 0xE696, 0xC570, 0xC570,
  0xD5F3, 0xD5F3, 0xD5F3, 0xD5F3, 0xAC4C, 0xAC4C, 0xD5F3, 0xD5F3, 0x6CB0, 0x6CB0, 0x5BEA, 0x5BEA,
  0x9389, 0x9389, 0xD5F3, 0xD5F3, 0xE50A, 0xE50A, 0xCC28, 0xCC28, 0xCC28, 0xCC28, 0xE696, 0xE696,
  0xD5F3, 0xD5F3, 0xD5F3, 0xD5F3, 0xD5F3, 0xD5F3, 0xD5F3, 0xD5F3, 0xCC28, 0xCC28, 0xCC28, 0xCC28,
  0xCC28, 0xCC28, 0xCC28, 0xCC28, 0xD5F3, 0xD5F3, 0xE696, 0xE696, 0x9389, 0x9389, 0x7225, 0x7225,
  0xA326, 0xA326, 0xA326, 0xA326, 0x7225, 0x7225, 0x7225, 0x7225, 0x7225, 0x7225, 0x7225, 0x7225,
  0xA326, 0xA326, 0x7225, 0x7225, 0x7225, 0x7225, 0x51A3, 0x51A3, 0xA326, 0xA326, 0xCC28, 0xCC28,
  0xA326, 0xA326, 0x7225, 0x7225, 0x51A3, 0x51A3, 0x7225, 0x7225, 0x72E8, 0x72E8, 0x6CB0, 0x6CB0,
  0x8593, 0x8593, 0xAE56, 0xAE56, 0x8593, 0x8593, 0x8593, 0x8593, 0x8593, 0x8593, 0x8593, 0x8593,
  0x8593, 0x8593, 0x8593, 0x8593, 0x8593, 0x8593, 0x8593, 0x8593, 0x8593, 0x8593, 0x8593, 0x8593,
  0xAE56, 0xAE56, 0xAC4C, 0xAC4C, 0xCC28, 0xCC28, 0xCC28, 0xCC28, 0xCC28, 0xCC28, 0xCC28, 0xCC28,
  0xC570, 0xC570, 0x8593, 0x8593, 0xAC4C, 0xAC4C, 0xCC28, 0xCC28, 0xCC28, 0xCC28, 0xCC28, 0xCC28,
  0xAC4C, 0xAC4C, 0x8593, 0x8593, 0x8593, 0x8593, 0x8593, 0x8593, 0x8593, 0x8593, 0x8593, 0x8593,
  0x8593, 0x8593, 0x8593, 0x8593, 0x8593, 0x8593, 0x8593, 0x8593, 0x8593, 0x8593, 0x8593, 0x8593,
  0x8593, 0x8593, 0x8593, 0x8593, 0x6CB0, 0x6CB0, 0x6CB0, 0x6CB0, 0x6CB0, 0x6CB0, 0x8593, 0x8593,
  0xC570, 0xC570, 0x8593, 0x8593, 0x6CB0, 0x6CB0, 0x6CB0, 0x6CB0, 0x6CB0, 0x6CB0, 0x6CB0, 0x6CB0,
  0x6CB0, 0x6CB0, 0x6CB0, 0x6CB0, 0x6CB0, 0x6CB0, 0x8593, 0x8593, 0x8593, 0x8593, 0xAE56, 0xAE56,
  0x8593, 0x8593, 0x8593, 0x8593, 0x8593, 0x8593, 0x8593, 0x8593, 0x8593, 0x8593, 0x6CB0, 0x6CB0,
  0x6CB0, 0x6CB0, 0x6CB0, 0x6CB0, 0x6CB0, 0x6CB0, 0x6CB0, 0x6CB0, 0x8593, 0x8593, 0x8593, 0x8593,
  0x5BEA, 0x5BEA, 0x5BEA, 0x5BEA, 0x6CB0, 0x6CB0, 0x6CB0, 0x6CB0, 0x6CB0, 0x6CB0, 0x6CB0, 0x6CB0,
  0x6CB0, 0x6CB0, 0x6CB0, 0x6CB0, 0xD5F3, 0xD5F3, 0xE696, 0xE696, 0xE696, 0xE696, 0xC570, 0xC570,
  0xD5F3, 0xD5F3, 0xD5F3, 0xD5F3, 0xAC4C, 0xAC4C, 0xD5F3, 0xD5F3, 0x6CB0, 0x6CB0, 0x5BEA, 0x5BEA,
  0x9389, 0x9389, 0xD5F3, 0xD5F3, 0xE50A, 0xE50A, 0xCC28, 0xCC28, 0xCC28, 0xCC28, 0xE696, 0xE696,
  0xD5F3, 0xD5F3, 0xD5F3, 0xD5F3, 0xD5F3, 0xD5F3, 0xD5F3, 0xD5F3, 0xCC28, 0xCC28, 0xCC28, 0xCC28,
  0xCC28, 0xCC28, 0xCC28, 0xCC28, 0xD5F3, 0xD5F3, 0xE696, 0xE696, 0x9389, 0x9389, 0x7225, 0x7225,
  0xA326, 0xA326, 0xA326, 0xA326, 0x7225, 0x7225, 0x7225, 0x7225, 0x7225, 0x7225, 0x7225, 0x7225,
  0xA326, 0xA326, 0x7225, 0x7225, 0x7225, 0x7225, 0x51A3, 0x51A3, 0xA326, 0xA326, 0xCC28, 0xCC28,
  0xA326, 0xA326, 0x7225, 0x7225, 0x51A3, 0x51A3, 0x7225, 0x7225, 0x72E8, 0x72E8, 0x6CB0, 0x6CB0,
  0x8593, 0x8593, 0xAE56, 0xAE56, 0x8593, 0x8593, 0x8593, 0x8593, 0x8593, 0x8593, 0x8593, 0x8593,
  0x8593, 0x8593, 0x8593, 0x8593, 0x8593, 0x8593, 0x8593, 0x8593, 0x8593, 0x8593, 0x8593, 0x8593,
  0xAE56, 0xAE56, 0xAC4C, 0xAC4C, 0xCC28, 0xCC28, 0xCC28, 0xCC28, 0xCC28, 0xCC28, 0xCC28, 0xCC28,
  0xC570, 0xC570, 0x8593, 0x8593, 0xAC4C, 0xAC4C, 0xCC28, 0xCC28, 0xCC28, 0xCC28, 0xCC28, 0xCC28,
  0xAC4C, 0xAC4C, 0x8593, 0x8593, 0x8593, 0x8593, 0x8593, 0x8593, 0x8593, 0x8593, 0x8593, 0x8593,
  0x8593, 0x8593, 0x8593, 0x8593, 0x8593, 0x8593, 0x8593, 0x8593, 0x8593, 0x8593, 0x8593, 0x8593,
  0x8593, 0x8593, 0x8593, 0x8593, 0x6CB0, 0x6CB0, 0x6CB0, 0x6CB0, 0x6CB0, 0x6CB0, 0x8593, 0x8593,
  0xC570, 0xC570, 0x8593, 0x8593, 0x6CB0, 0x6CB0, 0x6CB0, 0x6CB0, 0x6CB0, 0x6CB0, 0x6CB0, 0x6CB0,
  0x6CB0, 0x6CB0, 0x6CB0, 0x6CB0, 0x6CB0, 0x6CB0, 0x8593, 0x8593, 0x8593, 0x8593, 0xAE56, 0xAE56,
  0x8593, 0x8593, 0x8593, 0x8593, 0x8593, 0x8593, 0x8593, 0x8593, 0x8593, 0x8593, 0x6CB0, 0x6CB0,
  0x6CB0, 0x6CB0, 0x6CB0, 0x6CB0, 0x6CB0, 0x6CB0, 0x6CB0, 0x6CB0, 0x8593, 0x8593, 0x8593, 0x8593,
  0x5BEA, 0x5BEA, 0x5BEA, 0x5BEA, 0x6CB0, 0x6CB0, 0x6CB0, 0x6CB0, 0x6CB0, 0x6CB0, 0x6CB0, 0x6CB0,
  0x6CB0, 0x6CB0, 0xE696, 0xE696, 0xD5F3, 0xD5F3, 0xD5F3, 0xD5F3, 0xC570, 0xC570, 0x8593, 0x8593,
  0xC570, 0xC570, 0xC570, 0xC570, 0xC570, 0xC570, 0xC570, 0xC570, 0x8593, 0x8593, 0x432A, 0x432A,
  0x9389, 0x9389, 0xD5F3, 0xD5F3, 0xE50A, 0xE50A, 0xCC28, 0xCC28, 0xCC28, 0xCC28, 0xD5F3, 0xD5F3,
  0xD5F3, 0xD5F3, 0xD5F3, 0xD5F3, 0xD5F3, 0xD5F3, 0xD5F3, 0xD5F3, 0xCC28, 0xCC28, 0xCC28, 0xCC28,
  0xCC28, 0xCC28, 0xCC28, 0xCC28, 0xD5F3, 0xD5F3, 0xD5F3, 0xD5F3, 0x9389, 0x9389, 0x7225, 0x7225,
  0x7225, 0x7225, 0x7225, 0x7225, 0x7225, 0x7225, 0x7225, 0x7225, 0x7225, 0x7225, 0x7225, 0x7225,
  0x7225, 0x7225, 0x7225, 0x7225, 0x7225, 0x7225, 0x7225, 0x7225, 0x7225, 0x7225, 0x7225, 0x7225,
  0x7225, 0x7225, 0x51A3, 0x51A3, 0x72E8, 0x72E8, 0x6CB0, 0x6CB0, 0x8593, 0x8593, 0xAE56, 0xAE56,
  0x8593, 0x8593, 0x8593, 0x8593, 0x8593, 0x8593, 0x8593, 0x8593, 0x8593, 0x8593, 0x8593, 0x8593,
  0x8593, 0x8593, 0x8593, 0x8593, 0x8593, 0x8593, 0x8593, 0x8593, 0x8593, 0x8593, 0xAE56, 0xAE56,
  0x8593, 0x8593, 0xCC28, 0xCC28, 0xCC28, 0xCC28, 0xCC28, 0xCC28, 0xCC28, 0xCC28, 0xCC28, 0xCC28,
  0xCC28, 0xCC28, 0xCC28, 0xCC28, 0xCC28, 0xCC28, 0xCC28, 0xCC28, 0xCC28, 0xCC28, 0xCC28, 0xCC28,
  0xAC4C, 0xAC4C, 0x8593, 0x8593, 0x8593, 0x8593, 0x8593, 0x8593, 0x8593, 0x8593, 0x8593, 0x8593,
  0x8593, 0x8593, 0x8593, 0x8593, 0x8593, 0x8593, 0x8593, 0x8593, 0x8593, 0x8593, 0x6CB0, 0x6CB0,
  0x8593, 0x8593, 0x6CB0, 0x6CB0, 0x6CB0, 0x6CB0, 0x6CB0, 0x6CB0, 0xC570, 0xC570, 0xD5F3, 0xD5F3,
  0xAC4C, 0xAC4C, 0xD5F3, 0xD5F3, 0x8593, 0x8593, 0x6CB0, 0x6CB0, 0x6CB0, 0x6CB0, 0x6CB0, 0x6CB0,
  0x6CB0, 0x6CB0, 0x6CB0, 0x6CB0, 0x6CB0, 0x6CB0, 0x6CB0, 0x6CB0, 0x6CB0, 0x6CB0, 0x8593, 0x8593,
  0x8593, 0x8593, 0x8593, 0x8593, 0x8593, 0x8593, 0x6CB0, 0x6CB0, 0x6CB0, 0x6CB0, 0x6CB0, 0x6CB0,
  0x6CB0, 0x6CB0, 0x6CB0, 0x6CB0, 0x6CB0, 0x6CB0, 0x6CB0, 0x6CB0, 0x8593, 0x8593, 0x8593, 0x8593,
  0x5BEA, 0x5BEA, 0x5BEA, 0x5BEA, 0x6CB0, 0x6CB0, 0x6CB0, 0x6CB0, 0x6CB0, 0x6CB0, 0x6CB0, 0x6CB0,
  0x6CB0, 0x6CB0, 0xE696, 0xE696, 0xD5F3, 0xD5F3, 0xD5F3, 0xD5F3, 0xC570, 0xC570, 0x8593, 0x8593,
  0xC570, 0xC570, 0xC570, 0xC570, 0xC570, 0xC570, 0xC570, 0xC570, 0x8593, 0x8593, 0x432A, 0x432A,
  0x9389, 0x9389, 0xD5F3, 0xD5F3, 0xE50A, 0xE50A, 0xCC28, 0xCC28, 0xCC28, 0xCC28, 0xD5F3, 0xD5F3,
  0xD5F3, 0xD5F3, 0xD5F3, 0xD5F3, 0xD5F3, 0xD5F3, 0xD5F3, 0xD5F3, 0xCC28, 0xCC28, 0xCC28, 0xCC28,
  0xCC28, 0xCC28, 0xCC28, 0xCC28, 0xD5F3, 0xD5F3, 0xD5F3, 0xD5F3, 0x9389, 0x9389, 0x7225, 0x7225,
  0x7225, 0x7225, 0x7225, 0x7225, 0x7225, 0x7225, 0x7225, 0x7225, 0x7225, 0x7225, 0x7225, 0x7225,
  0x7225, 0x7225, 0x7225, 0x7225, 0x7225, 0x7225, 0x7225, 0x7225, 0x7225, 0x7225, 0x7225, 0x7225,
  0x7225, 0x7225, 0x51A3, 0x51A3, 0x72E8, 0x72E8, 0x6CB0, 0x6CB0, 0x8593, 0x8593, 0xAE56, 0xAE56,
  0x8593, 0x8593, 0x8593, 0x8593, 0x8593, 0x8593, 0x8593, 0x8593, 0x8593, 0x8593, 0x8593, 0x8593,
  0x8593, 0x8593, 0x8593, 0x8593, 0x8593, 0x8593, 0x8593, 0x8593, 0x8593, 0x8593, 0xAE56, 0xAE56,
  0x8593, 0x8593, 0xCC28, 0xCC28, 0xCC28, 0xCC28, 0xCC28, 0xCC28, 0xCC28, 0xCC28, 0xCC28, 0xCC28,
  0xCC28, 0xCC28, 0xCC28, 0xCC28, 0xCC28, 0xCC28, 0xCC28, 0xCC28, 0xCC28, 0xCC28, 0xCC28, 0xCC28,
  0xAC4C, 0xAC4C, 0x8593, 0x8593, 0x8593, 0x8593, 0x8593, 0x8593, 0x8593, 0x8593, 0x8593, 0x8593,
  0x8593, 0x8593, 0x8593, 0x8593, 0x8593, 0x8593, 0x8593, 0x8593, 0x8593, 0x8593, 0x6CB0, 0x6CB0,
  0x8593, 0x8593, 0x6CB0, 0x6CB0, 0x6CB0, 0x6CB0, 0x6CB0, 0x6CB0, 0xC570, 0xC570, 0xD5F3, 0xD5F3,
  0xAC4C, 0xAC4C, 0xD5F3, 0xD5F3, 0x8593, 0x8593, 0x6CB0, 0x6CB0, 0x6CB0, 0x6CB0, 0x6CB0, 0x6CB0,
  0x6CB0, 0x6CB0, 0x6CB0, 0x6CB0, 0x6CB0, 0x6CB0, 0x6CB0, 0x6CB0, 0x6CB0, 0x6CB0, 0x8593, 0x8593,
  0x8593, 0x8593, 0x8593, 0x8593, 0x8593, 0x8593, 0x6CB0, 0x6CB0, 0x6CB0, 0x6CB0, 0x6CB0, 0x6CB0,
  0x6CB0, 0x6CB0, 0x6CB0, 0x6CB0, 0x6CB0, 0x6CB0, 0x6CB0, 0x6CB0, 0x8593, 0x8593, 0x8593, 0x8593,
  0x5BEA, 0x5BEA, 0x5BEA, 0x5BEA, 0x5BEA, 0x5BEA, 0x6CB0, 0x6CB0, 0x6CB0, 0x6CB0, 0x6CB0, 0x6CB0,
  0xC570, 0xC570, 0xC570, 0xC570, 0x6CB0, 0x6CB0, 0xC570, 0xC570, 0xD5F3, 0xD5F3, 0xD5F3, 0xD5F3,
  0xD5F3, 0xD5F3, 0xD5F3, 0xD5F3, 0xE696, 0xE696, 0xD5F3, 0xD5F3, 0x6CB0, 0x6CB0, 0x432A, 0x432A,
  0x9389, 0x9389, 0xBCCD, 0xBCCD, 0xCC28, 0xCC28, 0xCC28, 0xCC28, 0xCC28, 0xCC28, 0xD5F3, 0xD5F3,
  0xD5F3, 0xD5F3, 0xD5F3, 0xD5F3, 0xD5F3, 0xD5F3, 0xD5F3, 0xD5F3, 0xCC28, 0xCC28, 0xCC28, 0xCC28,
  0xCC28, 0xCC28, 0xCC28, 0xCC28, 0xD5F3, 0xD5F3, 0xD5F3, 0xD5F3, 0x9389, 0x9389, 0x7225, 0x7225,
  0x7225, 0x7225, 0x7225, 0x7225, 0x7225, 0x7225, 0x7225, 0x7225, 0x7225, 0x7225, 0x7225, 0x7225,
  0x7225, 0x7225, 0x7225, 0x7225, 0x7225, 0x7225, 0x7225, 0x7225, 0x7225, 0x7225, 0x7225, 0x7225,
  0x72E8, 0x72E8, 0x6CB0, 0x6CB0, 0x8593, 0x8593, 0xAE56, 0xAE56, 0x8593, 0x8593, 0x8593, 0x8593,
  0x8593, 0x8593, 0x8593, 0x8593, 0x8593, 0x8593, 0x8593, 0x8593, 0x8593, 0x8593, 0x8593, 0x8593,
  0x8593, 0x8593, 0x8593, 0x8593, 0x8593, 0x8593, 0x8593, 0x8593, 0x8593, 0x8593, 0xC570, 0xC570,
  0xCC28, 0xCC28, 0xCC28, 0xCC28, 0xC570, 0xC570, 0xC570, 0xC570, 0xCC28, 0xCC28, 0xCC28, 0xCC28,
  0xCC28, 0xCC28, 0xCC28, 0xCC28, 0xCC28, 0xCC28, 0xCC28, 0xCC28, 0xCC28, 0xCC28, 0xCC28, 0xCC28,
  0x8593, 0x8593, 0x8593, 0x8593, 0x8593, 0x8593, 0x8593, 0x8593, 0x8593, 0x8593, 0x8593, 0x8593,
  0x8593, 0x8593, 0xAE56, 0xAE56, 0x8593, 0x8593, 0x8593, 0x8593, 0x8593, 0x8593, 0x6CB0, 0x6CB0,
  0x6CB0, 0x6CB0, 0x6CB0, 0x6CB0, 0x6CB0, 0x6CB0, 0x6CB0, 0x6CB0, 0xD5F3, 0xD5F3, 0xC570, 0xC570,
  0x3AE7, 0x3AE7, 0xD5F3, 0xD5F3, 0xD5F3, 0xD5F3, 0x6CB0, 0x6CB0, 0x6CB0, 0x6CB0, 0x6CB0, 0x6CB0,
  0x6CB0, 0x6CB0, 0x6CB0, 0x6CB0, 0x6CB0, 0x6CB0, 0x6CB0, 0x6CB0, 0x6CB0, 0x6CB0, 0x6CB0, 0x6CB0,
  0x6CB0, 0x6CB0, 0x8593, 0x8593, 0x8593, 0x8593, 0x6CB0, 0x6CB0, 0x6CB0, 0x6CB0, 0x6CB0, 0x6CB0,
  0x6CB0, 0x6CB0, 0x6CB0, 0x6CB0, 0x6CB0, 0x6CB0, 0x8593, 0x8593, 0x8593, 0x8593, 0x8593, 0x8593,
  0x5BEA, 0x5BEA, 0x5BEA, 0x5BEA, 0x5BEA, 0x5BEA, 0x6CB0, 0x6CB0, 0x6CB0, 0x6CB0, 0x6CB0, 0x6CB0,
  0xC570, 0xC570, 0xC570, 0xC570, 0x6CB0, 0x6CB0, 0xC570, 0xC570, 0xD5F3, 0xD5F3, 0xD5F3, 0xD5F3,
  0xD5F3, 0xD5F3, 0xD5F3, 0xD5F3, 0xE696, 0xE696, 0xD5F3, 0xD5F3, 0x6CB0, 0x6CB0, 0x432A, 0x432A,
  0x9389, 0x9389, 0xBCCD, 0xBCCD, 0xCC28, 0xCC28, 0xCC28, 0xCC28, 0xCC28, 0xCC28, 0xD5F3, 0xD5F3,
  0xD5F3, 0xD5F3, 0xD5F3, 0xD5F3, 0xD5F3, 0xD5F3, 0xD5F3, 0xD5F3, 0xCC28, 0xCC28, 0xCC28, 0xCC28,
  0xCC28, 0xCC28, 0xCC28, 0xCC28, 0xD5F3, 0xD5F3, 0xD5F3, 0xD5F3, 0x9389, 0x9389, 0x7225, 0x7225,
  0x7225, 0x7225, 0x7225, 0x7225, 0x7225, 0x7225, 0x7225, 0x7225, 0x7225, 0x7225, 0x7225, 0x7225,
  0x7225, 0x7225, 0x7225, 0x7225, 0x7225, 0x7225, 0x7225, 0x7225, 0x7225, 0x7225, 0x7225, 0x7225,
  0x72E8, 0x72E8, 0x6CB0, 0x6CB0, 0x8593, 0x8593, 0xAE56, 0xAE56, 0x8593, 0x8593, 0x8593, 0x8593,
  0x8593, 0x8593, 0x8593, 0x8593, 0x8593, 0x8593, 0x8593, 0x8593, 0x8593, 0x8593, 0x8593, 0x8593,
  0x8593, 0x8593, 0x8593, 0x8593, 0x8593, 0x8593, 0x8593, 0x8593, 0x8593, 0x8593, 0xC570, 0xC570,
  0xCC28, 0xCC28, 0xCC28, 0xCC28, 0xC570, 0xC570, 0xC570, 0xC570, 0xCC28, 0xCC28, 0xCC28, 0xCC28,
  0xCC28, 0xCC28, 0xCC28, 0xCC28, 0xCC28, 0xCC28, 0xCC28, 0xCC28, 0xCC28, 0xCC28, 0xCC28, 0xCC28,
  0x8593, 0x8593, 0x8593, 0x8593, 0x8593, 0x8593, 0x8593, 0x8593, 0x8593, 0x8593, 0x8593, 0x8593,
  0x8593, 0x8593, 0xAE56, 0xAE56, 0x8593, 0x8593, 0x8593, 0x8593, 0x8593, 0x8593, 0x6CB0, 0x6CB0,
  0x6CB0, 0x6CB0, 0x6CB0, 0x6CB0, 0x6CB0, 0x6CB0, 0x6CB0, 0x6CB0, 0xD5F3, 0xD5F3, 0xC570, 0xC570,
  0x3AE7, 0x3AE7, 0xD5F3, 0xD5F3, 0xD5F3, 0xD5F3, 0x6CB0, 0x6CB0, 0x6CB0, 0x6CB0, 0x6CB0, 0x6CB0,
  0x6CB0, 0x6CB0, 0x6CB0, 0x6CB0, 0x6CB0, 0x6CB0, 0x6CB0, 0x6CB0, 0x6CB0, 0x6CB0, 0x6CB0, 0x6CB0,
  0x6CB0, 0x6CB0, 0x8593, 0x8593, 0x8593, 0x8593, 0x6CB0, 0x6CB0, 0x6CB0, 0x6CB0, 0x6CB0, 0x6CB0,
  0x6CB0, 0x6CB0, 0x6CB0, 0x6CB0, 0x6CB0, 0x6CB0, 0x8593, 0x8593, 0x8593, 0x8593, 0x8593, 0x8593,
  0x9389, 0x9389, 0x5BEA, 0x5BEA, 0x5BEA, 0x5BEA, 0x5BEA, 0x5BEA, 0x5BEA, 0x5BEA, 0x6CB0, 0x6CB0,
  0xD5F3, 0xD5F3, 0xAC4C, 0xAC4C, 0xD5F3, 0xD5F3, 0xD5F3, 0xD5F3, 0xD5F3, 0xD5F3, 0xD5F3, 0xD5F3,
  0xD5F3, 0xD5F3, 0xD5F3, 0xD5F3, 0xD5F3, 0xD5F3, 0xC570, 0xC570, 0x432A, 0x432A, 0x72E8, 0x72E8,
  0xBCCD, 0xBCCD, 0xC570, 0xC570, 0xBCCD, 0xBCCD, 0xCC28, 0xCC28, 0xCC28, 0xCC28, 0xD5F3, 0xD5F3,
  0xD5F3, 0xD5F3, 0xD5F3, 0xD5F3, 0xD5F3, 0xD5F3, 0xD5F3, 0xD5F3, 0xCC28, 0xCC28, 0xCC28, 0xCC28,
  0xCC28, 0xCC28, 0xCC28, 0xCC28, 0xD5F3, 0xD5F3, 0xD5F3, 0xD5F3, 0x9389, 0x9389, 0x7225, 0x7225,
  0x7225, 0x7225, 0x7225, 0x7225, 0x7225, 0x7225, 0x7225, 0x7225, 0x7225, 0x7225, 0x7225, 0x7225,
  0x7225, 0x7225, 0x7225, 0x7225, 0x7225, 0x7225, 0x7225, 0x7225, 0x7225, 0x7225, 0x9389, 0x9389,
  0x8593, 0x8593, 0xAE56, 0xAE56, 0x8593, 0x8593, 0x8593, 0x8593, 0x8593, 0x8593, 0x8593, 0x8593,
  0x8593, 0x8593, 0x8593, 0x8593, 0x8593, 0x8593, 0x8593, 0x8593, 0x8593, 0x8593, 0x8593, 0x8593,
  0x8593, 0x8593, 0x8593, 0x8593, 0x8593, 0x8593, 0x8593, 0x8593, 0xC570, 0xC570, 0xCC28, 0xCC28,
  0xCC28, 0xCC28, 0xCC28, 0xCC28, 0xC570, 0xC570, 0xBCCD, 0xBCCD, 0xCC28, 0xCC28, 0xA326, 0xA326,
  0xCC28, 0xCC28, 0xCC28, 0xCC28, 0xBCCD, 0xBCCD, 0xCC28, 0xCC28, 0xCC28, 0xCC28, 0xC570, 0xC570,
  0x8593, 0x8593, 0x8593, 0x8593, 0x8593, 0x8593, 0x8593, 0x8593, 0x8593, 0x8593, 0x8593, 0x8593,
  0x8593, 0x8593, 0x8593, 0x8593, 0x6CB0, 0x6CB0, 0x6CB0, 0x6CB0, 0x6CB0, 0x6CB0, 0x6CB0, 0x6CB0,
  0x6CB0, 0x6CB0, 0x6CB0, 0x6CB0, 0x6CB0, 0x6CB0, 0x6CB0, 0x6CB0, 0x8593, 0x8593, 0xD5F3, 0xD5F3,
  0xD5F3, 0xD5F3, 0xD5F3, 0xD5F3, 0x8593, 0x8593, 0x6CB0, 0x6CB0, 0x6CB0, 0x6CB0, 0x6CB0, 0x6CB0,
  0x6CB0, 0x6CB0, 0x6CB0, 0x6CB0, 0x6CB0, 0x6CB0, 0x6CB0, 0x6CB0, 0x6CB0, 0x6CB0, 0x6CB0, 0x6CB0,
  0x6CB0, 0x6CB0, 0x6CB0, 0x6CB0, 0x6CB0, 0x6CB0, 0x6CB0, 0x6CB0, 0x6CB0, 0x6CB0, 0x6CB0, 0x6CB0,
  0x6CB0, 0x6CB0, 0x6CB0, 0x6CB0, 0x8593, 0x8593, 0x8593, 0x8593, 0x8593, 0x8593, 0x8593, 0x8593,
  0x9389, 0x9389, 0x5BEA, 0x5BEA, 0x5BEA, 0x5BEA, 0x5BEA, 0x5BEA, 0x5BEA, 0x5BEA, 0x6CB0, 0x6CB0,
  0xD5F3, 0xD5F3, 0xAC4C, 0xAC4C, 0xD5F3, 0xD5F3, 0xD5F3, 0xD5F3, 0xD5F3, 0xD5F3, 0xD5F3, 0xD5F3,
  0xD5F3, 0xD5F3, 0xD5F3, 0xD5F3, 0xD5F3, 0xD5F3, 0xC570, 0xC570, 0x432A, 0x432A, 0x72E8, 0x72E8,
  0xBCCD, 0xBCCD, 0xC570, 0xC570, 0xBCCD, 0xBCCD, 0xCC28, 0xCC28, 0xCC28, 0xCC28, 0xD5F3, 0xD5F3,
  0xD5F3, 0xD5F3, 0xD5F3, 0xD5F3, 0xD5F3, 0xD5F3, 0xD5F3, 0xD5F3, 0xCC28, 0xCC28, 0xCC28, 0xCC28,
  0xCC28, 0xCC28, 0xCC28, 0xCC28, 0xD5F3, 0xD5F3, 0xD5F3, 0xD5F3, 0x9389, 0x9389, 0x7225, 0x7225,
  0x7225, 0x7225, 0x7225, 0x7225, 0x7225, 0x7225, 0x7225, 0x7225, 0x7225, 0x7225, 0x7225, 0x7225,
  0x7225, 0x7225, 0x7225, 0x7225, 0x7225, 0x7225, 0x7225, 0x7225, 0x7225, 0x7225, 0x9389, 0x9389,
  0x8593, 0x8593, 0xAE56, 0xAE56, 0x8593, 0x8593, 0x8593, 0x8593, 0x8593, 0x8593, 0x8593, 0x8593,
  0x8593, 0x8593, 0x8593, 0x8593, 0x8593, 0x8593, 0x8593, 0x8593, 0x8593, 0x8593, 0x8593, 0x8593,
  0x8593, 0x8593, 0x8593, 0x8593, 0x8593, 0x8593, 0x8593, 0x8593, 0xC570, 0xC570, 0xCC28, 0xCC28,
  0xCC28, 0xCC28, 0xCC28, 0xCC28, 0xC570, 0xC570, 0xBCCD, 0xBCCD, 0xCC28, 0xCC28, 0xA326, 0xA326,
  0xCC28, 0xCC28, 0xCC28, 0xCC28, 0xBCCD, 0xBCCD, 0xCC28, 0xCC28, 0xCC28, 0xCC28, 0xC570, 0xC570,
  0x8593, 0x8593, 0x8593, 0x8593, 0x8593, 0x8593, 0x8593, 0x8593, 0x8593, 0x8593, 0x8593, 0x8593,
  0x8593, 0x8593, 0x8593, 0x8593, 0x6CB0, 0x6CB0, 0x6CB0, 0x6CB0, 0x6CB0, 0x6CB0, 0x6CB0, 0x6CB0,
  0x6CB0, 0x6CB0, 0x6CB0, 0x6CB0, 0x6CB0, 0x6CB0, 0x6CB0, 0x6CB0, 0x8593, 0x8593, 0xD5F3, 0xD5F3,
  0xD5F3, 0xD5F3, 0xD5F3, 0xD5F3, 0x8593, 0x8593, 0x6CB0, 0x6CB0, 0x6CB0, 0x6CB0, 0x6CB0, 0x6CB0,
  0x6CB0, 0x6CB0, 0x6CB0, 0x6CB0, 0x6CB0, 0x6CB0, 0x6CB0, 0x6CB0, 0x6CB0, 0x6CB0, 0x6CB0, 0x6CB0,
  0x6CB0, 0x6CB0, 0x6CB0, 0x6CB0, 0x6CB0, 0x6CB0, 0x6CB0, 0x6CB0, 0x6CB0, 0x6CB0, 0x6CB0, 0x6CB0,
  0x6CB0, 0x6CB0, 0x6CB0, 0x6CB0, 0x8593, 0x8593, 0x8593, 0x8593, 0x8593, 0x8593, 0x8593, 0x8593,
  0xA3A9, 0xA3A9, 0x4388, 0x4388, 0x432A, 0x432A, 0x5BEA, 0x5BEA, 0x5BEA, 0x5BEA, 0x6CB0, 0x6CB0,
  0xD5F3, 0xD5F3, 0xD5F3, 0xD5F3, 0xD5F3, 0xD5F3, 0xD5F3, 0xD5F3, 0xD5F3, 0xD5F3, 0xD5F3, 0xD5F3,
  0xD5F3, 0xD5F3, 0xD5F3, 0xD5F3, 0xBCCD, 0xBCCD, 0x9389, 0x9389, 0x7225, 0x7225, 0xA326, 0xA326,
  0xCC28, 0xCC28, 0xE50A, 0xE50A, 0xD5F3, 0xD5F3, 0xE696, 0xE696, 0xD5F3, 0xD5F3, 0xC570, 0xC570,
  0xD5F3, 0xD5F3, 0xD5F3, 0xD5F3, 0xD5F3, 0xD5F3, 0xD5F3, 0xD5F3, 0xCC28, 0xCC28, 0xCC28, 0xCC28,
  0xCC28, 0xCC28, 0xCC28, 0xCC28, 0xD5F3, 0xD5F3, 0xD5F3, 0xD5F3, 0x9389, 0x9389, 0x7225, 0x7225,
  0x7225, 0x7225, 0x7225, 0x7225, 0x7225, 0x7225, 0x7225, 0x7225, 0x7225, 0x7225, 0x7225, 0x7225,
  0x7225, 0x7225, 0x7225, 0x7225, 0x7225, 0x7225, 0x72E8, 0x72E8, 0x6CB0, 0x6CB0, 0xAE56, 0xAE56,
  0x8593, 0x8593, 0x8593, 0x8593, 0x8593, 0x8593, 0x8593, 0x8593, 0x8593, 0x8593, 0x8593, 0x8593,
  0x8593, 0x8593, 0x8593, 0x8593, 0x8593, 0x8593, 0x8593, 0x8593, 0x8593, 0x8593, 0x8593, 0x8593,
  0x8593, 0x8593, 0x8593, 0x8593, 0x8593, 0x8593, 0x8593, 0x8593, 0xCC28, 0xCC28, 0xCC28, 0xCC28,
  0xCC28, 0xCC28, 0xCC28, 0xCC28, 0xCC28, 0xCC28, 0xCC28, 0xCC28, 0xCC28, 0xCC28, 0xA326, 0xA326,
  0xCC28, 0xCC28, 0xBCCD, 0xBCCD, 0xC570, 0xC570, 0xC570, 0xC570, 0xCC28, 0xCC28, 0xAC4C, 0xAC4C,
  0x8593, 0x8593, 0x8593, 0x8593, 0x8593, 0x8593, 0x8593, 0x8593, 0x8593, 0x8593, 0x8593, 0x8593,
  0x6CB0, 0x6CB0, 0x6CB0, 0x6CB0, 0x6CB0, 0x6CB0, 0x6CB0, 0x6CB0, 0x6CB0, 0x6CB0, 0x6CB0, 0x6CB0,
  0x6CB0, 0x6CB0, 0x6CB0, 0x6CB0, 0x6CB0, 0x6CB0, 0x6CB0, 0x6CB0, 0x6CB0, 0x6CB0, 0x6CB0, 0x6CB0,
  0x8593, 0x8593, 0x6CB0, 0x6CB0, 0x6CB0, 0x6CB0, 0x6CB0, 0x6CB0, 0x5BEA, 0x5BEA, 0x5BEA, 0x5BEA,
  0x6CB0, 0x6CB0, 0x6CB0, 0x6CB0, 0x6CB0, 0x6CB0, 0x6CB0, 0x6CB0, 0x6CB0, 0x6CB0, 0x6CB0, 0x6CB0,
  0x6CB0, 0x6CB0, 0x6CB0, 0x6CB0, 0x6CB0, 0x6CB0, 0x6CB0, 0x6CB0, 0x6CB0, 0x6CB0, 0x6CB0, 0x6CB0,
  0x6CB0, 0x6CB0, 0x8593, 0x8593, 0x8593, 0x8593, 0x8593, 0x8593, 0x8593, 0x8593, 0x8593, 0x8593,
  0xA3A9, 0xA3A9, 0x4388, 0x4388, 0x432A, 0x432A, 0x5BEA, 0x5BEA, 0x5BEA, 0x5BEA, 0x6CB0, 0x6CB0,
  0xD5F3, 0xD5F3, 0xD5F3, 0xD5F3, 0xD5F3, 0xD5F3, 0xD5F3, 0xD5F3, 0xD5F3, 0xD5F3, 0xD5F3, 0xD5F3,
  0xD5F3, 0xD5F3, 0xD5F3, 0xD5F3, 0xBCCD, 0xBCCD, 0x9389, 0x9389, 0x7225, 0x7225, 0xA326, 0xA326,
  0xCC28, 0xCC28, 0xE50A, 0xE50A, 0xD5F3, 0xD5F3, 0xE696, 0xE696, 0xD5F3, 0xD5F3, 0xC570, 0xC570,
  0xD5F3, 0xD5F3, 0xD5F3, 0xD5F3, 0xD5F3, 0xD5F3, 0xD5F3, 0xD5F3, 0xCC28, 0xCC28, 0xCC28, 0xCC28,
  0xCC28, 0xCC28, 0xCC28, 0xCC28, 0xD5F3, 0xD5F3, 0xD5F3, 0xD5F3, 0x9389, 0x9389, 0x7225, 0x7225,
  0x7225, 0x7225, 0x7225, 0x7225, 0x7225, 0x7225, 0x7225, 0x7225, 0x7225, 0x7225, 0x7225, 0x7225,
  0x7225, 0x7225, 0x7225, 0x7225, 0x7225, 0x7225, 0x72E8, 0x72E8, 0x6CB0, 0x6CB0, 0xAE56, 0xAE56,
  0x8593, 0x8593, 0x8593, 0x8593, 0x8593, 0x8593, 0x8593, 0x8593, 0x8593, 0x8593, 0x8593, 0x8593,
  0x8593, 0x8593, 0x8593, 0x8593, 0x8593, 0x8593, 0x8593, 0x8593, 0x8593, 0x8593, 0x8593, 0x8593,
  0x8593, 0x8593, 0x8593, 0x8593, 0x8593, 0x8593, 0x8593, 0x8593, 0xCC28, 0xCC28, 0xCC28, 0xCC28,
  0xCC28, 0xCC28, 0xCC28, 0xCC28, 0xCC28, 0xCC28, 0xCC28, 0xCC28, 0xCC28, 0xCC28, 0xA326, 0xA326,
  0xCC28, 0xCC28, 0xBCCD, 0xBCCD, 0xC570, 0xC570, 0xC570, 0xC570, 0xCC28, 0xCC28, 0xAC4C, 0xAC4C,
  0x8593, 0x8593, 0x8593, 0x8593, 0x8593, 0x8593, 0x8593, 0x8593, 0x8593, 0x8593, 0x8593, 0x8593,
  0x6CB0, 0x6CB0, 0x6CB0, 0x6CB0, 0x6CB0, 0x6CB0, 0x6CB0, 0x6CB0, 0x6CB0, 0x6CB0, 0x6CB0, 0x6CB0,
  0x6CB0, 0x6CB0, 0x6CB0, 0x6CB0, 0x6CB0, 0x6CB0, 0x6CB0, 0x6CB0, 0x6CB0, 0x6CB0, 0x6CB0, 0x6CB0,
  0x8593, 0x8593, 0x6CB0, 0x6CB0, 0x6CB0, 0x6CB0, 0x6CB0, 0x6CB0, 0x5BEA, 0x5BEA, 0x5BEA, 0x5BEA,
  0x6CB0, 0x6CB0, 0x6CB0, 0x6CB0, 0x6CB0, 0x6CB0, 0x6CB0, 0x6CB0, 0x6CB0, 0x6CB0, 0x6CB0, 0x6CB0,
  0x6CB0, 0x6CB0, 0x6CB0, 0x6CB0, 0x6CB0, 0x6CB0, 0x6CB0, 0x6CB0, 0x6CB0, 0x6CB0, 0x6CB0, 0x6CB0,
  0x6CB0, 0x6CB0, 0x8593, 0x8593, 0x8593, 0x8593, 0x8593, 0x8593, 0x8593, 0x8593, 0x8593, 0x8593,
  0xA326, 0xA326, 0xA326, 0xA326, 0x5A88, 0x5A88, 0x432A, 0x432A, 0x432A, 0x432A, 0x5BEA, 0x5BEA,
  0xC570, 0xC570, 0xC570, 0xC570, 0xD5F3, 0xD5F3, 0xD5F3, 0xD5F3, 0xC570, 0xC570, 0xC570, 0xC570,
  0xAC4C, 0xAC4C, 0x9389, 0x9389, 0x5BEA, 0x5BEA, 0xAC4C, 0xAC4C, 0xE50A, 0xE50A, 0xE50A, 0xE50A,
  0xCC28, 0xCC28, 0xCC28, 0xCC28, 0xCC28, 0xCC28, 0xE50A, 0xE50A, 0xD5F3, 0xD5F3, 0xD5F3, 0xD5F3,
  0xD5F3, 0xD5F3, 0xC570, 0xC570, 0xD5F3, 0xD5F3, 0xD5F3, 0xD5F3, 0xCC28, 0xCC28, 0xCC28, 0xCC28,
  0xCC28, 0xCC28, 0xCC28, 0xCC28, 0xD5F3, 0xD5F3, 0xD5F3, 0xD5F3, 0x9389, 0x9389, 0x7225, 0x7225,
  0x7225, 0x7225, 0x7225, 0x7225, 0x7225, 0x7225, 0x7225, 0x7225, 0x7225, 0x7225, 0x7225, 0x7225,
  0x7225, 0x7225, 0x7225, 0x7225, 0x72E8, 0x72E8, 0x6CB0, 0x6CB0, 0xAE56, 0xAE56, 0x8593, 0x8593,
  0x8593, 0x8593, 0x8593, 0x8593, 0x8593, 0x8593, 0x8593, 0x8593, 0x8593, 0x8593, 0x8593, 0x8593,
  0x8593, 0x8593, 0x8593, 0x8593, 0x8593, 0x8593, 0x8593, 0x8593, 0x8593, 0x8593, 0x8593, 0x8593,
  0x8593, 0x8593, 0x8593, 0x8593, 0x8593, 0x8593, 0xAC4C, 0xAC4C, 0xCC28, 0xCC28, 0xCC28, 0xCC28,
  0xCC28, 0xCC28, 0xCC28, 0xCC28, 0xCC28, 0xCC28, 0xCC28, 0xCC28, 0xCC28, 0xCC28, 0xCC28, 0xCC28,
  0xCC28, 0xCC28, 0xCC28, 0xCC28, 0xBCCD, 0xBCCD, 0xCC28, 0xCC28, 0xCC28, 0xCC28, 0xAC4C, 0xAC4C,
  0x8593, 0x8593, 0x8593, 0x8593, 0x8593, 0x8593, 0x8593, 0x8593, 0x6CB0, 0x6CB0, 0x6CB0, 0x6CB0,
  0x6CB0, 0x6CB0, 0x6CB0, 0x6CB0, 0x6CB0, 0x6CB0, 0x6CB0, 0x6CB0, 0x6CB0, 0x6CB0, 0x6CB0, 0x6CB0,
  0x6CB0, 0x6CB0, 0x6CB0, 0x6CB0, 0x6CB0, 0x6CB0, 0x6CB0, 0x6CB0, 0x6CB0, 0x6CB0, 0x6CB0, 0x6CB0,
  0x6CB0, 0x6CB0, 0x6CB0, 0x6CB0, 0x6CB0, 0x6CB0, 0x6CB0, 0x6CB0, 0x6CB0, 0x6CB0, 0x6CB0, 0x6CB0,
  0x5BEA, 0x5BEA, 0x6CB0, 0x6CB0, 0x6CB0, 0x6CB0, 0x6CB0, 0x6CB0, 0x6CB0, 0x6CB0, 0x8593, 0x8593,
  0x8593, 0x8593, 0x6CB0, 0x6CB0, 0x6CB0, 0x6CB0, 0x6CB0, 0x6CB0, 0x6CB0, 0x6CB0, 0x6CB0, 0x6CB0,
  0x8593, 0x8593, 0x8593, 0x8593, 0x8593, 0x8593, 0x8593, 0x8593, 0x8593, 0x8593, 0x8593, 0x8593,
  0xA326, 0xA326, 0xA326, 0xA326, 0x5A88, 0x5A88, 0x432A, 0x432A, 0x432A, 0x432A, 0x5BEA, 0x5BEA,
  0xC570, 0xC570, 0xC570, 0xC570, 0xD5F3, 0xD5F3, 0xD5F3, 0xD5F3, 0xC570, 0xC570, 0xC570, 0xC570,
  0xAC4C, 0xAC4C, 0x9389, 0x9389, 0x5BEA, 0x5BEA, 0xAC4C, 0xAC4C, 0xE50A, 0xE50A, 0xE50A, 0xE50A,
  0xCC28, 0xCC28, 0xCC28, 0xCC28, 0xCC28, 0xCC28, 0xE50A, 0xE50A, 0xD5F3, 0xD5F3, 0xD5F3, 0xD5F3,
  0xD5F3, 0xD5F3, 0xC570, 0xC570, 0xD5F3, 0xD5F3, 0xD5F3, 0xD5F3, 0xCC28, 0xCC28, 0xCC28, 0xCC28,
  0xCC28, 0xCC28, 0xCC28, 0xCC28, 0xD5F3, 0xD5F3, 0xD5F3, 0xD5F3, 0x9389, 0x9389, 0x7225, 0x7225,
  0x7225, 0x7225, 0x7225, 0x7225, 0x7225, 0x7225, 0x7225, 0x7225, 0x7225, 0x7225, 0x7225, 0x7225,
  0x7225, 0x7225, 0x7225, 0x7225, 0x72E8, 0x72E8, 0x6CB0, 0x6CB0, 0xAE56, 0xAE56, 0x8593, 0x8593,
  0x8593, 0x8593, 0x8593, 0x8593, 0x8593, 0x8593, 0x8593, 0x8593, 0x8593, 0x8593, 0x8593, 0x8593,
  0x8593, 0x8593, 0x8593, 0x8593, 0x8593, 0x8593, 0x8593, 0x8593, 0x8593, 0x8593, 0x8593, 0x8593,
  0x8593, 0x8593, 0x8593, 0x8593, 0x8593, 0x8593, 0xAC4C, 0xAC4C, 0xCC28, 0xCC28, 0xCC28, 0xCC28,
  0xCC28, 0xCC28, 0xCC28, 0xCC28, 0xCC28, 0xCC28, 0xCC28, 0xCC28, 0xCC28, 0xCC28, 0xCC28, 0xCC28,
  0xCC28, 0xCC28, 0xCC28, 0xCC28, 0xBCCD, 0xBCCD, 0xCC28, 0xCC28, 0xCC28, 0xCC28, 0xAC4C, 0xAC4C,
  0x8593, 0x8593, 0x8593, 0x8593, 0x8593, 0x8593, 0x8593, 0x8593, 0x6CB0, 0x6CB0, 0x6CB0, 0x6CB0,
  0x6CB0, 0x6CB0, 0x6CB0, 0x6CB0, 0x6CB0, 0x6CB0, 0x6CB0, 0x6CB0, 0x6CB0, 0x6CB0, 0x6CB0, 0x6CB0,
  0x6CB0, 0x6CB0, 0x6CB0, 0x6CB0, 0x6CB0, 0x6CB0, 0x6CB0, 0x6CB0, 0x6CB0, 0x6CB0, 0x6CB0, 0x6CB0,
  0x6CB0, 0x6CB0, 0x6CB0, 0x6CB0, 0x6CB0, 0x6CB0, 0x6CB0, 0x6CB0, 0x6CB0, 0x6CB0, 0x6CB0, 0x6CB0,
  0x5BEA, 0x5BEA, 0x6CB0, 0x6CB0, 0x6CB0, 0x6CB0, 0x6CB0, 0x6CB0, 0x6CB0, 0x6CB0, 0x8593, 0x8593,
  0x8593, 0x8593, 0x6CB0, 0x6CB0, 0x6CB0, 0x6CB0, 0x6CB0, 0x6CB0, 0x6CB0, 0x6CB0, 0x6CB0, 0x6CB0,
  0x8593, 0x8593, 0x8593, 0x8593, 0x8593, 0x8593, 0x8593, 0x8593, 0x8593, 0x8593, 0x8593, 0x8593,
  0xBCCD, 0xBCCD, 0xCC28, 0xCC28, 0xA326, 0xA326, 0x7225, 0x7225, 0x7225, 0x7225, 0x5A88, 0x5A88,
  0x72E8, 0x72E8, 0xAC4C, 0xAC4C, 0xAC4C, 0xAC4C, 0xAC4C, 0xAC4C, 0xAC4C, 0xAC4C, 0x6CB0, 0x6CB0,
  0x6CB0, 0x6CB0, 0x6CB0, 0x6CB0, 0x8593, 0x8593, 0x8593, 0x8593, 0x8593, 0x8593, 0xC570, 0xC570,
  0xC570, 0xC570, 0xE50A, 0xE50A, 0xCC28, 0xCC28, 0xCC28, 0xCC28, 0xCC28, 0xCC28, 0xE50A, 0xE50A,
  0xD5F3, 0xD5F3, 0xD5F3, 0xD5F3, 0xC570, 0xC570, 0xC570, 0xC570, 0xCC28, 0xCC28, 0xCC28, 0xCC28,
  0xCC28, 0xCC28, 0xCC28, 0xCC28, 0xD5F3, 0xD5F3, 0xD5F3, 0xD5F3, 0x9389, 0x9389, 0x7225, 0x7225,
  0x72E8, 0x72E8, 0x7225, 0x7225, 0x7225, 0x7225, 0x7225, 0x7225, 0x7225, 0x7225, 0x7225, 0x7225,
  0x7225, 0x7225, 0x7225, 0x7225, 0x5BEA, 0x5BEA, 0xAE56, 0xAE56, 0x8593, 0x8593, 0x8593, 0x8593,
  0x8593, 0x8593, 0x8593, 0x8593, 0x8593, 0x8593, 0x8593, 0x8593, 0x8593, 0x8593, 0x8593, 0x8593,
  0x8593, 0x8593, 0x8593, 0x8593, 0x8593, 0x8593, 0x8593, 0x8593, 0x8593, 0x8593, 0x8593, 0x8593,
  0x8593, 0x8593, 0x8593, 0x8593, 0x8593, 0x8593, 0xCC28, 0xCC28, 0xCC28, 0xCC28, 0xCC28, 0xCC28,
  0xCC28, 0xCC28, 0xCC28, 0xCC28, 0xCC28, 0xCC28, 0xCC28, 0xCC28, 0xCC28, 0xCC28, 0xCC28, 0xCC28,
  0xCC28, 0xCC28, 0xCC28, 0xCC28, 0xCC28, 0xCC28, 0xCC28, 0xCC28, 0xCC28, 0xCC28, 0xAC4C, 0xAC4C,
  0x8593, 0x8593, 0x8593, 0x8593, 0x8593, 0x8593, 0x6CB0, 0x6CB0, 0x6CB0, 0x6CB0, 0x6CB0, 0x6CB0,
  0x6CB0, 0x6CB0, 0x8593, 0x8593, 0x8593, 0x8593, 0xC570, 0xC570, 0xC570, 0xC570, 0xC570, 0xC570,
  0xC570, 0xC570, 0xC570, 0xC570, 0xC570, 0xC570, 0x8593, 0x8593, 0x8593, 0x8593, 0x6CB0, 0x6CB0,
  0x6CB0, 0x6CB0, 0x6CB0, 0x6CB0, 0x6CB0, 0x6CB0, 0x6CB0, 0x6CB0, 0x6CB0, 0x6CB0, 0x6CB0, 0x6CB0,
  0x6CB0, 0x6CB0, 0x6CB0, 0x6CB0, 0x6CB0, 0x6CB0, 0x6CB0, 0x6CB0, 0xD5F3, 0xD5F3, 0xD5F3, 0xD5F3,
  0xC570, 0xC570, 0xD5F3, 0xD5F3, 0x6CB0, 0x6CB0, 0x6CB0, 0x6CB0, 0x6CB0, 0x6CB0, 0x8593, 0x8593,
  0x8593, 0x8593, 0x8593, 0x8593, 0x8593, 0x8593, 0x8593, 0x8593, 0x8593, 0x8593, 0x8593, 0x8593,
  0xBCCD, 0xBCCD, 0xCC28, 0xCC28, 0xA326, 0xA326, 0x7225, 0x7225, 0x7225, 0x7225, 0x5A88, 0x5A88,
  0x72E8, 0x72E8, 0xAC4C, 0xAC4C, 0xAC4C, 0xAC4C, 0xAC4C, 0xAC4C, 0xAC4C, 0xAC4C, 0x6CB0, 0x6CB0,
  0x6CB0, 0x6CB0, 0x6CB0, 0x6CB0, 0x8593, 0x8593, 0x8593, 0x8593, 0x8593, 0x8593, 0xC570, 0xC570,
  0xC570, 0xC570, 0xE50A, 0xE50A, 0xCC28, 0xCC28, 0xCC28, 0xCC28, 0xCC28, 0xCC28, 0xE50A, 0xE50A,
  0xD5F3, 0xD5F3, 0xD5F3, 0xD5F3, 0xC570, 0xC570, 0xC570, 0xC570, 0xCC28, 0xCC28, 0xCC28, 0xCC28,
  0xCC28, 0xCC28, 0xCC28, 0xCC28, 0xD5F3, 0xD5F3, 0xD5F3, 0xD5F3, 0x9389, 0x9389, 0x7225, 0x7225,
  0x72E8, 0x72E8, 0x7225, 0x7225, 0x7225, 0x7225, 0x7225, 0x7225, 0x7225, 0x7225, 0x7225, 0x7225,
  0x7225, 0x7225, 0x7225, 0x7225, 0x5BEA, 0x5BEA, 0xAE56, 0xAE56, 0x8593, 0x8593, 0x8593, 0x8593,
  0x8593, 0x8593, 0x8593, 0x8593, 0x8593, 0x8593, 0x8593, 0x8593, 0x8593, 0x8593, 0x8593, 0x8593,
  0x8593, 0x8593, 0x8593, 0x8593, 0x8593, 0x8593, 0x8593, 0x8593, 0x8593, 0x8593, 0x8593, 0x8593,
  0x8593, 0x8593, 0x8593, 0x8593, 0x8593, 0x8593, 0xCC28, 0xCC28, 0xCC28, 0xCC28, 0xCC28, 0xCC28,
  0xCC28, 0xCC28, 0xCC28, 0xCC28, 0xCC28, 0xCC28, 0xCC28, 0xCC28, 0xCC28, 0xCC28, 0xCC28, 0xCC28,
  0xCC28, 0xCC28, 0xCC28, 0xCC28, 0xCC28, 0xCC28, 0xCC28, 0xCC28, 0xCC28, 0xCC28, 0xAC4C, 0xAC4C,
  0x8593, 0x8593, 0x8593, 0x8593, 0x8593, 0x8593, 0x6CB0, 0x6CB0, 0x6CB0, 0x6CB0, 0x6CB0, 0x6CB0,
  0x6CB0, 0x6CB0, 0x8593, 0x8593, 0x8593, 0x8593, 0xC570, 0xC570, 0xC570, 0xC570, 0xC570, 0xC570,
  0xC570, 0xC570, 0xC570, 0xC570, 0xC570, 0xC570, 0x8593, 0x8593, 0x8593, 0x8593, 0x6CB0, 0x6CB0,
  0x6CB0, 0x6CB0, 0x6CB0, 0x6CB0, 0x6CB0, 0x6CB0, 0x6CB0, 0x6CB0, 0x6CB0, 0x6CB0, 0x6CB0, 0x6CB0,
  0x6CB0, 0x6CB0, 0x6CB0, 0x6CB0, 0x6CB0, 0x6CB0, 0x6CB0, 0x6CB0, 0xD5F3, 0xD5F3, 0xD5F3, 0xD5F3,
  0xC570, 0xC570, 0xD5F3, 0xD5F3, 0x6CB0, 0x6CB0, 0x6CB0, 0x6CB0, 0x6CB0, 0x6CB0, 0x8593, 0x8593,
  0x8593, 0x8593, 0x8593, 0x8593, 0x8593, 0x8593, 0x8593, 0x8593, 0x8593, 0x8593, 0x8593, 0x8593,
  0xC570, 0xC570, 0xC570, 0xC570, 0xC570, 0xC570, 0xBCCD, 0xBCCD, 0xCC28, 0xCC28, 0xCC28, 0xCC28,
  0xCC28, 0xCC28, 0xCC28, 0xCC28, 0xCC28, 0xCC28, 0xCC28, 0xCC28, 0xCC28, 0xCC28, 0xAC4C, 0xAC4C,
  0x8593, 0x8593, 0x8593, 0x8593, 0x8593, 0x8593, 0x8593, 0x8593, 0x6CB0, 0x6CB0, 0x6CB0, 0x6CB0,
  0x8593, 0x8593, 0xC570, 0xC570, 0xC570, 0xC570, 0xE50A, 0xE50A, 0xCC28, 0xCC28, 0xCC28, 0xCC28,
  0xCC28, 0xCC28, 0xC570, 0xC570, 0xD5F3, 0xD5F3, 0xC570, 0xC570, 0xCC28, 0xCC28, 0xCC28, 0xCC28,
  0xCC28, 0xCC28, 0xCC28, 0xCC28, 0xD5F3, 0xD5F3, 0xD5F3, 0xD5F3, 0x9389, 0x9389, 0x7225, 0x7225,
  0x7225, 0x7225, 0x7225, 0x7225, 0x7225, 0x7225, 0x7225, 0x7225, 0x72E8, 0x72E8, 0x7225, 0x7225,
  0x7225, 0x7225, 0x7225, 0x7225, 0x6CB0, 0x6CB0, 0x8593, 0x8593, 0x8593, 0x8593, 0x8593, 0x8593,
  0xAE56, 0xAE56, 0x8593, 0x8593, 0x8593, 0x8593, 0x8593, 0x8593, 0x8593, 0x8593, 0x8593, 0x8593,
  0x8593, 0x8593, 0x8593, 0x8593, 0x8593, 0x8593, 0x8593, 0x8593, 0x8593, 0x8593, 0x8593, 0x8593,
  0x8593, 0x8593, 0x8593, 0x8593, 0x8593, 0x8593, 0xCC28, 0xCC28, 0xCC28, 0xCC28, 0xCC28, 0xCC28,
  0xCC28, 0xCC28, 0xCC28, 0xCC28, 0xCC28, 0xCC28, 0xCC28, 0xCC28, 0xCC28, 0xCC28, 0xCC28, 0xCC28,
  0xCC28, 0xCC28, 0xCC28, 0xCC28, 0xCC28, 0xCC28, 0xCC28, 0xCC28, 0xCC28, 0xCC28, 0x8593, 0x8593,
  0x8593, 0x8593, 0x8593, 0x8593, 0x6CB0, 0x6CB0, 0x6CB0, 0x6CB0, 0x6CB0, 0x6CB0, 0x8593, 0x8593,
  0xD5F3, 0xD5F3, 0xD5F3, 0xD5F3, 0xD5F3, 0xD5F3, 0xD5F3, 0xD5F3, 0xE696, 0xE696, 0xE696, 0xE696,
  0xE696, 0xE696, 0xE696, 0xE696, 0xD5F3, 0xD5F3, 0xD5F3, 0xD5F3, 0xD5F3, 0xD5F3, 0xD5F3, 0xD5F3,
  0xC570, 0xC570, 0x8593, 0x8593, 0x6CB0, 0x6CB0, 0x6CB0, 0x6CB0, 0x6CB0, 0x6CB0, 0x6CB0, 0x6CB0,
  0x6CB0, 0x6CB0, 0x6CB0, 0x6CB0, 0x6CB0, 0x6CB0, 0x6CB0, 0x6CB0, 0xE696, 0xE696, 0x6CB0, 0x6CB0,
  0x432A, 0x432A, 0xD5F3, 0xD5F3, 0x8593, 0x8593, 0x6CB0, 0x6CB0, 0x6CB0, 0x6CB0, 0x8593, 0x8593,
  0x8593, 0x8593, 0x8593, 0x8593, 0x8593, 0x8593, 0x8593, 0x8593, 0x8593, 0x8593, 0x8593, 0x8593,
  0xC570, 0xC570, 0xC570, 0xC570, 0xC570, 0xC570, 0xBCCD, 0xBCCD, 0xCC28, 0xCC28, 0xCC28, 0xCC28,
  0xCC28, 0xCC28, 0xCC28, 0xCC28, 0xCC28, 0xCC28, 0xCC28, 0xCC28, 0xCC28, 0xCC28, 0xAC4C, 0xAC4C,
  0x8593, 0x8593, 0x8593, 0x8593, 0x8593, 0x8593, 0x8593, 0x8593, 0x6CB0, 0x6CB0, 0x6CB0, 0x6CB0,
  0x8593, 0x8593, 0xC570, 0xC570, 0xC570, 0xC570, 0xE50A, 0xE50A, 0xCC28, 0xCC28, 0xCC28, 0xCC28,
  0xCC28, 0xCC28, 0xC570, 0xC570, 0xD5F3, 0xD5F3, 0xC570, 0xC570, 0xCC28, 0xCC28, 0xCC28, 0xCC28,
  0xCC28, 0xCC28, 0xCC28, 0xCC28, 0xD5F3, 0xD5F3, 0xD5F3, 0xD5F3, 0x9389, 0x9389, 0x7225, 0x7225,
  0x7225, 0x7225, 0x7225, 0x7225, 0x7225, 0x7225, 0x7225, 0x7225, 0x72E8, 0x72E8, 0x7225, 0x7225,
  0x7225, 0x7225, 0x7225, 0x7225, 0x6CB0, 0x6CB0, 0x8593, 0x8593, 0x8593, 0x8593, 0x8593, 0x8593,
  0xAE56, 0xAE56, 0x8593, 0x8593, 0x8593, 0x8593, 0x8593, 0x8593, 0x8593, 0x8593, 0x8593, 0x8593,
  0x8593, 0x8593, 0x8593, 0x8593, 0x8593, 0x8593, 0x8593, 0x8593, 0x8593, 0x8593, 0x8593, 0x8593,
  0x8593, 0x8593, 0x8593, 0x8593, 0x8593, 0x8593, 0xCC28, 0xCC28, 0xCC28, 0xCC28, 0xCC28, 0xCC28,
  0xCC28, 0xCC28, 0xCC28, 0xCC28, 0xCC28, 0xCC28, 0xCC28, 0xCC28, 0xCC28, 0xCC28, 0xCC28, 0xCC28,
  0xCC28, 0xCC28, 0xCC28, 0xCC28, 0xCC28, 0xCC28, 0xCC28, 0xCC28, 0xCC28, 0xCC28, 0x8593, 0x8593,
  0x8593, 0x8593, 0x8593, 0x8593, 0x6CB0, 0x6CB0, 0x6CB0, 0x6CB0, 0x6CB0, 0x6CB0, 0x8593, 0x8593,
  0xD5F3, 0xD5F3, 0xD5F3, 0xD5F3, 0xD5F3, 0xD5F3, 0xD5F3, 0xD5F3, 0xE696, 0xE696, 0xE696, 0xE696,
  0xE696, 0xE696, 0xE696, 0xE696, 0xD5F3, 0xD5F3, 0xD5F3, 0xD5F3, 0xD5F3, 0xD5F3, 0xD5F3, 0xD5F3,
  0xC570, 0xC570, 0x8593, 0x8593, 0x6CB0, 0x6CB0, 0x6CB0, 0x6CB0, 0x6CB0, 0x6CB0, 0x6CB0, 0x6CB0,
  0x6CB0, 0x6CB0, 0x6CB0, 0x6CB0, 0x6CB0, 0x6CB0, 0x6CB0, 0x6CB0, 0xE696, 0xE696, 0x6CB0, 0x6CB0,
  0x432A, 0x432A, 0xD5F3, 0xD5F3, 0x8593, 0x8593, 0x6CB0, 0x6CB0, 0x6CB0, 0x6CB0, 0x8593, 0x8593,
  0x8593, 0x8593, 0x8593, 0x8593, 0x8593, 0x8593, 0x8593, 0x8593, 0x8593, 0x8593, 0x8593, 0x8593,
  0xD5F3, 0xD5F3, 0xD5F3, 0xD5F3, 0xE696, 0xE696, 0xE696, 0xE696, 0xE696, 0xE696, 0xD5F3, 0xD5F3,
  0xE50A, 0xE50A, 0xCC28, 0xCC28, 0xCC28, 0xCC28, 0xCC28, 0xCC28, 0xCC28, 0xCC28, 0xCC28, 0xCC28,
  0xCC28, 0xCC28, 0xAC4C, 0xAC4C, 0x8593, 0x8593, 0x8593, 0x8593, 0x8593, 0x8593, 0x8593, 0x8593,
  0x8593, 0x8593, 0x6CB0, 0x6CB0, 0x8593, 0x8593, 0xD5F3, 0xD5F3, 0xE50A, 0xE50A, 0xCC28, 0xCC28,
  0xCC28, 0xCC28, 0xCC28, 0xCC28, 0xD5F3, 0xD5F3, 0xC570, 0xC570, 0xCC28, 0xCC28, 0xCC28, 0xCC28,
  0xCC28, 0xCC28, 0xCC28, 0xCC28, 0xD5F3, 0xD5F3, 0xD5F3, 0xD5F3, 0x9389, 0x9389, 0x7225, 0x7225,
  0x72E8, 0x72E8, 0x7225, 0x7225, 0x7225, 0x7225, 0x7225, 0x7225, 0x7225, 0x7225, 0x7225, 0x7225,
  0x7225, 0x7225, 0x7225, 0x7225, 0x6CB0, 0x6CB0, 0x8593, 0x8593, 0x6CB0, 0x6CB0, 0x8593, 0x8593,
  0x8593, 0x8593, 0x8593, 0x8593, 0x8593, 0x8593, 0x8593, 0x8593, 0x8593, 0x8593, 0x8593, 0x8593,
  0x8593, 0x8593, 0x8593, 0x8593, 0x8593, 0x8593, 0x8593, 0x8593, 0x8593, 0x8593, 0x8593, 0x8593,
  0x8593, 0x8593, 0x8593, 0x8593, 0x8593, 0x8593, 0xAC4C, 0xAC4C, 0xCC28, 0xCC28, 0xCC28, 0xCC28,
  0xCC28, 0xCC28, 0xCC28, 0xCC28, 0xCC28, 0xCC28, 0xCC28, 0xCC28, 0xCC28, 0xCC28, 0xCC28, 0xCC28,
  0xCC28, 0xCC28, 0xCC28, 0xCC28, 0xCC28, 0xCC28, 0xCC28, 0xCC28, 0xAC4C, 0xAC4C, 0x8593, 0x8593,
  0x8593, 0x8593, 0x8593, 0x8593, 0x6CB0, 0x6CB0, 0x8593, 0x8593, 0xD5F3, 0xD5F3, 0xD5F3, 0xD5F3,
  0xD5F3, 0xD5F3, 0x8593, 0x8593, 0x8593, 0x8593, 0x6CB0, 0x6CB0, 0xC570, 0xC570, 0xD5F3, 0xD5F3,
  0xD5F3, 0xD5F3, 0xD5F3, 0xD5F3, 0xD5F3, 0xD5F3, 0xD5F3, 0xD5F3, 0xD5F3, 0xD5F3, 0xE696, 0xE696,
  0xE696, 0xE696, 0xE696, 0xE696, 0xD5F3, 0xD5F3, 0x8593, 0x8593, 0x6CB0, 0x6CB0, 0x6CB0, 0x6CB0,
  0x6CB0, 0x6CB0, 0x6CB0, 0x6CB0, 0x6CB0, 0x6CB0, 0x6CB0, 0x6CB0, 0x8593, 0x8593, 0xD5F3, 0xD5F3,
  0xD5F3, 0xD5F3, 0xD5F3, 0xD5F3, 0x6CB0, 0x6CB0, 0x6CB0, 0x6CB0, 0x6CB0, 0x6CB0, 0x8593, 0x8593,
  0x8593, 0x8593, 0x8593, 0x8593, 0x8593, 0x8593, 0x8593, 0x8593, 0x8593, 0x8593, 0x8593, 0x8593,
  0xD5F3, 0xD5F3, 0xD5F3, 0xD5F3, 0xE696, 0xE696, 0xE696, 0xE696, 0xE696, 0xE696, 0xD5F3, 0xD5F3,
  0xE50A, 0xE50A, 0xCC28, 0xCC28, 0xCC28, 0xCC28, 0xCC28, 0xCC28, 0xCC28, 0xCC28, 0xCC28, 0xCC28,
  0xCC28, 0xCC28, 0xAC4C, 0xAC4C, 0x8593, 0x8593, 0x8593, 0x8593, 0x8593, 0x8593, 0x8593, 0x8593,
  0x8593, 0x8593, 0x6CB0, 0x6CB0, 0x8593, 0x8593, 0xD5F3, 0xD5F3, 0xE50A, 0xE50A, 0xCC28, 0xCC28,
  0xCC28, 0xCC28, 0xCC28, 0xCC28, 0xD5F3, 0xD5F3, 0xC570, 0xC570, 0xCC28, 0xCC28, 0xCC28, 0xCC28,
  0xCC28, 0xCC28, 0xCC28, 0xCC28, 0xD5F3, 0xD5F3, 0xD5F3, 0xD5F3, 0x9389, 0x9389, 0x7225, 0x7225,
  0x72E8, 0x72E8, 0x7225, 0x7225, 0x7225, 0x7225, 0x7225, 0x7225, 0x7225, 0x7225, 0x7225, 0x7225,
  0x7225, 0x7225, 0x7225, 0x7225, 0x6CB0, 0x6CB0, 0x8593, 0x8593, 0x6CB0, 0x6CB0, 0x8593, 0x8593,
  0x8593, 0x8593, 0x8593, 0x8593, 0x8593, 0x8593, 0x8593, 0x8593, 0x8593, 0x8593, 0x8593, 0x8593,
  0x8593, 0x8593, 0x8593, 0x8593, 0x8593, 0x8593, 0x8593, 0x8593, 0x8593, 0x8593, 0x8593, 0x8593,
  0x8593, 0x8593, 0x8593, 0x8593, 0x8593, 0x8593, 0xAC4C, 0xAC4C, 0xCC28, 0xCC28, 0xCC28, 0xCC28,
  0xCC28, 0xCC28, 0xCC28, 0xCC28, 0xCC28, 0xCC28, 0xCC28, 0xCC28, 0xCC28, 0xCC28, 0xCC28, 0xCC28,
  0xCC28, 0xCC28, 0xCC28, 0xCC28, 0xCC28, 0xCC28, 0xCC28, 0xCC28, 0xAC4C, 0xAC4C, 0x8593, 0x8593,
  0x8593, 0x8593, 0x8593, 0x8593, 0x6CB0, 0x6CB0, 0x8593, 0x8593, 0xD5F3, 0xD5F3, 0xD5F3, 0xD5F3,
  0xD5F3, 0xD5F3, 0x8593, 0x8593, 0x8593, 0x8593, 0x6CB0, 0x6CB0, 0xC570, 0xC570, 0xD5F3, 0xD5F3,
  0xD5F3, 0xD5F3, 0xD5F3, 0xD5F3, 0xD5F3, 0xD5F3, 0xD5F3, 0xD5F3, 0xD5F3, 0xD5F3, 0xE696, 0xE696,
  0xE696, 0xE696, 0xE696, 0xE696, 0xD5F3, 0xD5F3, 0x8593, 0x8593, 0x6CB0, 0x6CB0, 0x6CB0, 0x6CB0,
  0x6CB0, 0x6CB0, 0x6CB0, 0x6CB0, 0x6CB0, 0x6CB0, 0x6CB0, 0x6CB0, 0x8593, 0x8593, 0xD5F3, 0xD5F3,
  0xD5F3, 0xD5F3, 0xD5F3, 0xD5F3, 0x6CB0, 0x6CB0, 0x6CB0, 0x6CB0, 0x6CB0, 0x6CB0, 0x8593, 0x8593,
  0x8593, 0x8593, 0x8593, 0x8593, 0x8593, 0x8593, 0x8593, 0x8593, 0x8593, 0x8593, 0x8593, 0x8593,
  0xE696, 0xE696, 0xD5F3, 0xD5F3, 0xD5F3, 0xD5F3, 0xD5F3, 0xD5F3, 0xD5F3, 0xD5F3, 0xE696, 0xE696,
  0xE696, 0xE696, 0xD5F3, 0xD5F3, 0xE50A, 0xE50A, 0xCC28, 0xCC28, 0xCC28, 0xCC28, 0xCC28, 0xCC28,
  0xCC28, 0xCC28, 0xCC28, 0xCC28, 0xCC28, 0xCC28, 0xAC4C, 0xAC4C, 0x8593, 0x8593, 0x8593, 0x8593,
  0x8593, 0x8593, 0x8593, 0x8593, 0x6CB0, 0x6CB0, 0x6CB0, 0x6CB0, 0xD5F3, 0xD5F3, 0xE50A, 0xE50A,
  0xCC28, 0xCC28, 0xA326, 0xA326, 0xBCCD, 0xBCCD, 0xC570, 0xC570, 0xCC28, 0xCC28, 0xCC28, 0xCC28,
  0xCC28, 0xCC28, 0xCC28, 0xCC28, 0xD5F3, 0xD5F3, 0xD5F3, 0xD5F3, 0x9389, 0x9389, 0x7225, 0x7225,
  0x72E8, 0x72E8, 0x7225, 0x7225, 0x7225, 0x7225, 0x7225, 0x7225, 0x7225, 0x7225, 0x7225, 0x7225,
  0x7225, 0x7225, 0xAC4C, 0xAC4C, 0xD5F3, 0xD5F3, 0xE696, 0xE696, 0xD5F3, 0xD5F3, 0xC570, 0xC570,
  0x8593, 0x8593, 0x8593, 0x8593, 0x8593, 0x8593, 0x8593, 0x8593, 0x8593, 0x8593, 0x8593, 0x8593,
  0x8593, 0x8593, 0x8593, 0x8593, 0x8593, 0x8593, 0x8593, 0x8593, 0x8593, 0x8593, 0x8593, 0x8593,
  0x8593, 0x8593, 0x8593, 0x8593, 0x8593, 0x8593, 0x8593, 0x8593, 0xAC4C, 0xAC4C, 0xCC28, 0xCC28,
  0xCC28, 0xCC28, 0xCC28, 0xCC28, 0xCC28, 0xCC28, 0xCC28, 0xCC28, 0xCC28, 0xCC28, 0xCC28, 0xCC28,
  0xCC28, 0xCC28, 0xCC28, 0xCC28, 0xCC28, 0xCC28, 0xCC28, 0xCC28, 0x8593, 0x8593, 0x8593, 0x8593,
  0xAE56, 0xAE56, 0x8593, 0x8593, 0x8593, 0x8593, 0xD5F3, 0xD5F3, 0xD5F3, 0xD5F3, 0xD5F3, 0xD5F3,
  0xC570, 0xC570, 0xC570, 0xC570, 0xD5F3, 0xD5F3, 0x8593, 0x8593, 0x6CB0, 0x6CB0, 0xD5F3, 0xD5F3,
  0xD5F3, 0xD5F3, 0x8593, 0x8593, 0x8593, 0x8593, 0xD5F3, 0xD5F3, 0xD5F3, 0xD5F3, 0xD5F3, 0xD5F3,
  0xD5F3, 0xD5F3, 0xD5F3, 0xD5F3, 0xE696, 0xE696, 0xD5F3, 0xD5F3, 0xC570, 0xC570, 0x6CB0, 0x6CB0,
  0x6CB0, 0x6CB0, 0x6CB0, 0x6CB0, 0x6CB0, 0x6CB0, 0x6CB0, 0x6CB0, 0x6CB0, 0x6CB0, 0x8593, 0x8593,
  0x8593, 0x8593, 0x6CB0, 0x6CB0, 0x6CB0, 0x6CB0, 0x6CB0, 0x6CB0, 0x6CB0, 0x6CB0, 0x8593, 0x8593,
  0x8593, 0x8593, 0x8593, 0x8593, 0x8593, 0x8593, 0x8593, 0x8593, 0x8593, 0x8593, 0x8593, 0x8593,
  0xE696, 0xE696, 0xD5F3, 0xD5F3, 0xD5F3, 0xD5F3, 0xD5F3, 0xD5F3, 0xD5F3, 0xD5F3, 0xE696, 0xE696,
  0xE696, 0xE696, 0xD5F3, 0xD5F3, 0xE50A, 0xE50A, 0xCC28, 0xCC28, 0xCC28, 0xCC28, 0xCC28, 0xCC28,
  0xCC28, 0xCC28, 0xCC28, 0xCC28, 0xCC28, 0xCC28, 0xAC4C, 0xAC4C, 0x8593, 0x8593, 0x8593, 0x8593,
  0x8593, 0x8593, 0x8593, 0x8593, 0x6CB0, 0x6CB0, 0x6CB0, 0x6CB0, 0xD5F3, 0xD5F3, 0xE50A, 0xE50A,
  0xCC28, 0xCC28, 0xA326, 0xA326, 0xBCCD, 0xBCCD, 0xC570, 0xC570, 0xCC28, 0xCC28, 0xCC28, 0xCC28,
  0xCC28, 0xCC28, 0xCC28, 0xCC28, 0xD5F3, 0xD5F3, 0xD5F3, 0xD5F3, 0x9389, 0x9389, 0x7225, 0x7225,
  0x72E8, 0x72E8, 0x7225, 0x7225, 0x7225, 0x7225, 0x7225, 0x7225, 0x7225, 0x7225, 0x7225, 0x7225,
  0x7225, 0x7225, 0xAC4C, 0xAC4C, 0xD5F3, 0xD5F3, 0xE696, 0xE696, 0xD5F3, 0xD5F3, 0xC570, 0xC570,
  0x8593, 0x8593, 0x8593, 0x8593, 0x8593, 0x8593, 0x8593, 0x8593, 0x8593, 0x8593, 0x8593, 0x8593,
  0x8593, 0x8593, 0x8593, 0x8593, 0x8593, 0x8593, 0x8593, 0x8593, 0x8593, 0x8593, 0x8593, 0x8593,
  0x8593, 0x8593, 0x8593, 0x8593, 0x8593, 0x8593, 0x8593, 0x8593, 0xAC4C, 0xAC4C, 0xCC28, 0xCC28,
  0xCC28, 0xCC28, 0xCC28, 0xCC28, 0xCC28, 0xCC28, 0xCC28, 0xCC28, 0xCC28, 0xCC28, 0xCC28, 0xCC28,
  0xCC28, 0xCC28, 0xCC28, 0xCC28, 0xCC28, 0xCC28, 0xCC28, 0xCC28, 0x8593, 0x8593, 0x8593, 0x8593,
  0xAE56, 0xAE56, 0x8593, 0x8593, 0x8593, 0x8593, 0xD5F3, 0xD5F3, 0xD5F3, 0xD5F3, 0xD5F3, 0xD5F3,
  0xC570, 0xC570, 0xC570, 0xC570, 0xD5F3, 0xD5F3, 0x8593, 0x8593, 0x6CB0, 0x6CB0, 0xD5F3, 0xD5F3,
  0xD5F3, 0xD5F3, 0x8593, 0x8593, 0x8593, 0x8593, 0xD5F3, 0xD5F3, 0xD5F3, 0xD5F3, 0xD5F3, 0xD5F3,
  0xD5F3, 0xD5F3, 0xD5F3, 0xD5F3, 0xE696, 0xE696, 0xD5F3, 0xD5F3, 0xC570, 0xC570, 0x6CB0, 0x6CB0,
  0x6CB0, 0x6CB0, 0x6CB0, 0x6CB0, 0x6CB0, 0x6CB0, 0x6CB0, 0x6CB0, 0x6CB0, 0x6CB0, 0x8593, 0x8593,
  0x8593, 0x8593, 0x6CB0, 0x6CB0, 0x6CB0, 0x6CB0, 0x6CB0, 0x6CB0, 0x6CB0, 0x6CB0, 0x8593, 0x8593,
  0x8593, 0x8593, 0x8593, 0x8593, 0x8593, 0x8593, 0x8593, 0x8593, 0x8593, 0x8593, 0x8593, 0x8593,
  0xE696, 0xE696, 0xD5F3, 0xD5F3, 0xD5F3, 0xD5F3, 0xD5F3, 0xD5F3, 0xD5F3, 0xD5F3, 0xD5F3, 0xD5F3,
  0xD5F3, 0xD5F3, 0xE696, 0xE696, 0xE696, 0xE696, 0xD5F3, 0xD5F3, 0xE50A, 0xE50A, 0xCC28, 0xCC28,
  0xCC28, 0xCC28, 0xCC28, 0xCC28, 0xCC28, 0xCC28, 0xCC28, 0xCC28, 0xCC28, 0xCC28, 0xAC4C, 0xAC4C,
  0x8593, 0x8593, 0x6CB0, 0x6CB0, 0x6CB0, 0x6CB0, 0x6CB0, 0x6CB0, 0x8593, 0x8593, 0xBCCD, 0xBCCD,
  0xA326, 0xA326, 0xA326, 0xA326, 0xC570, 0xC570, 0xC570, 0xC570, 0xCC28, 0xCC28, 0xCC28, 0xCC28,
  0xCC28, 0xCC28, 0xCC28, 0xCC28, 0xD5F3, 0xD5F3, 0xD5F3, 0xD5F3, 0x9389, 0x9389, 0x7225, 0x7225,
  0x7225, 0x7225, 0x7225, 0x7225, 0x7225, 0x7225, 0x7225, 0x7225, 0x7225, 0x7225, 0x7225, 0x7225,
  0xAC4C, 0xAC4C, 0xE696, 0xE696, 0xE696, 0xE696, 0xD5F3, 0xD5F3, 0xE696, 0xE696, 0xE696, 0xE696,
  0xE696, 0xE696, 0xD5F3, 0xD5F3, 0x8593, 0x8593, 0x8593, 0x8593, 0x8593, 0x8593, 0xAE56, 0xAE56,
  0xAE56, 0xAE56, 0x8593, 0x8593, 0x8593, 0x8593, 0x8593, 0x8593, 0x8593, 0x8593, 0x8593, 0x8593,
  0x8593, 0x8593, 0x8593, 0x8593, 0x8593, 0x8593, 0x8593, 0x8593, 0x8593, 0x8593, 0xAC4C, 0xAC4C,
  0xCC28, 0xCC28, 0xCC28, 0xCC28, 0xCC28, 0xCC28, 0xCC28, 0xCC28, 0xCC28, 0xCC28, 0xCC28, 0xCC28,
  0xCC28, 0xCC28, 0xCC28, 0xCC28, 0xAC4C, 0xAC4C, 0x8593, 0x8593, 0x8593, 0x8593, 0x8593, 0x8593,
  0x8593, 0x8593, 0x8593, 0x8593, 0xD5F3, 0xD5F3, 0xD5F3, 0xD5F3, 0xD5F3, 0xD5F3, 0xD5F3, 0xD5F3,
  0xD5F3, 0xD5F3, 0xE696, 0xE696, 0xE696, 0xE696, 0xD5F3, 0xD5F3, 0xC570, 0xC570, 0xD5F3, 0xD5F3,
  0xC570, 0xC570, 0x8593, 0x8593, 0x6CB0, 0x6CB0, 0x8593, 0x8593, 0xD5F3, 0xD5F3, 0xD5F3, 0xD5F3,
  0xE696, 0xE696, 0xE696, 0xE696, 0xD5F3, 0xD5F3, 0xD5F3, 0xD5F3, 0xE696, 0xE696, 0xC570, 0xC570,
  0x6CB0, 0x6CB0, 0x6CB0, 0x6CB0, 0x6CB0, 0x6CB0, 0x6CB0, 0x6CB0, 0x6CB0, 0x6CB0, 0x6CB0, 0x6CB0,
  0x6CB0, 0x6CB0, 0x6CB0, 0x6CB0, 0x6CB0, 0x6CB0, 0x6CB0, 0x6CB0, 0x6CB0, 0x6CB0, 0x8593, 0x8593,
  0x8593, 0x8593, 0x8593, 0x8593, 0x8593, 0x8593, 0x8593, 0x8593, 0x8593, 0x8593, 0x8593, 0x8593,
  0xE696, 0xE696, 0xD5F3, 0xD5F3, 0xD5F3, 0xD5F3, 0xD5F3, 0xD5F3, 0xD5F3, 0xD5F3, 0xD5F3, 0xD5F3,
  0xD5F3, 0xD5F3, 0xE696, 0xE696, 0xE696, 0xE696, 0xD5F3, 0xD5F3, 0xE50A, 0xE50A, 0xCC28, 0xCC28,
  0xCC28, 0xCC28, 0xCC28, 0xCC28, 0xCC28, 0xCC28, 0xCC28, 0xCC28, 0xCC28, 0xCC28, 0xAC4C, 0xAC4C,
  0x8593, 0x8593, 0x6CB0, 0x6CB0, 0x6CB0, 0x6CB0, 0x6CB0, 0x6CB0, 0x8593, 0x8593, 0xBCCD, 0xBCCD,
  0xA326, 0xA326, 0xA326, 0xA326, 0xC570, 0xC570, 0xC570, 0xC570, 0xCC28, 0xCC28, 0xCC28, 0xCC28,
  0xCC28, 0xCC28, 0xCC28, 0xCC28, 0xD5F3, 0xD5F3, 0xD5F3, 0xD5F3, 0x9389, 0x9389, 0x7225, 0x7225,
  0x7225, 0x7225, 0x7225, 0x7225, 0x7225, 0x7225, 0x7225, 0x7225, 0x7225, 0x7225, 0x7225, 0x7225,
  0xAC4C, 0xAC4C, 0xE696, 0xE696, 0xE696, 0xE696, 0xD5F3, 0xD5F3, 0xE696, 0xE696, 0xE696, 0xE696,
  0xE696, 0xE696, 0xD5F3, 0xD5F3, 0x8593, 0x8593, 0x8593, 0x8593, 0x8593, 0x8593, 0xAE56, 0xAE56,
  0xAE56, 0xAE56, 0x8593, 0x8593, 0x8593, 0x8593, 0x8593, 0x8593, 0x8593, 0x8593, 0x8593, 0x8593,
  0x8593, 0x8593, 0x8593, 0x8593, 0x8593, 0x8593, 0x8593, 0x8593, 0x8593, 0x8593, 0xAC4C, 0xAC4C,
  0xCC28, 0xCC28, 0xCC28, 0xCC28, 0xCC28, 0xCC28, 0xCC28, 0xCC28, 0xCC28, 0xCC28, 0xCC28, 0xCC28,
  0xCC28, 0xCC28, 0xCC28, 0xCC28, 0xAC4C, 0xAC4C, 0x8593, 0x8593, 0x8593, 0x8593, 0x8593, 0x8593,
  0x8593, 0x8593, 0x8593, 0x8593, 0xD5F3, 0xD5F3, 0xD5F3, 0xD5F3, 0xD5F3, 0xD5F3, 0xD5F3, 0xD5F3,
  0xD5F3, 0xD5F3, 0xE696, 0xE696, 0xE696, 0xE696, 0xD5F3, 0xD5F3, 0xC570, 0xC570, 0xD5F3, 0xD5F3,
  0xC570, 0xC570, 0x8593, 0x8593, 0x6CB0, 0x6CB0, 0x8593, 0x8593, 0xD5F3, 0xD5F3, 0xD5F3, 0xD5F3,
  0xE696, 0xE696, 0xE696, 0xE696, 0xD5F3, 0xD5F3, 0xD5F3, 0xD5F3, 0xE696, 0xE696, 0xC570, 0xC570,
  0x6CB0, 0x6CB0, 0x6CB0, 0x6CB0, 0x6CB0, 0x6CB0, 0x6CB0, 0x6CB0, 0x6CB0, 0x6CB0, 0x6CB0, 0x6CB0,
  0x6CB0, 0x6CB0, 0x6CB0, 0x6CB0, 0x6CB0, 0x6CB0, 0x6CB0, 0x6CB0, 0x6CB0, 0x6CB0, 0x8593, 0x8593,
  0x8593, 0x8593, 0x8593, 0x8593, 0x8593, 0x8593, 0x8593, 0x8593, 0x8593, 0x8593, 0x8593, 0x8593,
  0xE696, 0xE696, 0xE696, 0xE696, 0xD5F3, 0xD5F3, 0xD5F3, 0xD5F3, 0xD5F3, 0xD5F3, 0xD5F3, 0xD5F3,
  0xD5F3, 0xD5F3, 0xD5F3, 0xD5F3, 0xD5F3, 0xD5F3, 0xE696, 0xE696, 0xE696, 0xE696, 0xD5F3, 0xD5F3,
  0xE50A, 0xE50A, 0xCC28, 0xCC28, 0xCC28, 0xCC28, 0xCC28, 0xCC28, 0xCC28, 0xCC28, 0xCC28, 0xCC28,
  0xAC4C, 0xAC4C, 0x6CB0, 0x6CB0, 0x6CB0, 0x6CB0, 0x6CB0, 0x6CB0, 0x6CB0, 0x6CB0, 0xBCCD, 0xBCCD,
  0xA326, 0xA326, 0xA326, 0xA326, 0xC570, 0xC570, 0xC570, 0xC570, 0xCC28, 0xCC28, 0xCC28, 0xCC28,
  0xCC28, 0xCC28, 0xCC28, 0xCC28, 0xD5F3, 0xD5F3, 0xD5F3, 0xD5F3, 0x9389, 0x9389, 0x7225, 0x7225,
  0x7225, 0x7225, 0x7225, 0x7225, 0x7225, 0x7225, 0x7225, 0x7225, 0x7225, 0x7225, 0x7225, 0x7225,
  0xD5F3, 0xD5F3, 0xE696, 0xE696, 0xD5F3, 0xD5F3, 0xD5F3, 0xD5F3, 0xD5F3, 0xD5F3, 0xD5F3, 0xD5F3,
  0xD5F3, 0xD5F3, 0xE696, 0xE696, 0xE696, 0xE696, 0xD5F3, 0xD5F3, 0x8593, 0x8593, 0x8593, 0x8593,
  0x8593, 0x8593, 0x8593, 0x8593, 0xAE56, 0xAE56, 0x8593, 0x8593, 0x8593, 0x8593, 0x8593, 0x8593,
  0x8593, 0x8593, 0x8593, 0x8593, 0x8593, 0x8593, 0x8593, 0x8593, 0x8593, 0x8593, 0x8593, 0x8593,
  0x8593, 0x8593, 0xC570, 0xC570, 0xAC4C, 0xAC4C, 0xAC4C, 0xAC4C, 0xCC28, 0xCC28, 0xAC4C, 0xAC4C,
  0xAC4C, 0xAC4C, 0x8593, 0x8593, 0x8593, 0x8593, 0x8593, 0x8593, 0x8593, 0x8593, 0x8593, 0x8593,
  0x8593, 0x8593, 0xD5F3, 0xD5F3, 0xE696, 0xE696, 0xD5F3, 0xD5F3, 0xD5F3, 0xD5F3, 0xD5F3, 0xD5F3,
  0xD5F3, 0xD5F3, 0xD5F3, 0xD5F3, 0xD5F3, 0xD5F3, 0xD5F3, 0xD5F3, 0xE696, 0xE696, 0xD5F3, 0xD5F3,
  0xE696, 0xE696, 0xE696, 0xE696, 0xD5F3, 0xD5F3, 0x8593, 0x8593, 0xD5F3, 0xD5F3, 0xD5F3, 0xD5F3,
  0xD5F3, 0xD5F3, 0xD5F3, 0xD5F3, 0xE696, 0xE696, 0xD5F3, 0xD5F3, 0xD5F3, 0xD5F3, 0xE696, 0xE696,
  0xC570, 0xC570, 0x6CB0, 0x6CB0, 0x6CB0, 0x6CB0, 0x6CB0, 0x6CB0, 0x6CB0, 0x6CB0, 0x6CB0, 0x6CB0,
  0x6CB0, 0x6CB0, 0x6CB0, 0x6CB0, 0x6CB0, 0x6CB0, 0x6CB0, 0x6CB0, 0x6CB0, 0x6CB0, 0x8593, 0x8593,
  0x8593, 0x8593, 0x8593, 0x8593, 0x8593, 0x8593, 0x8593, 0x8593, 0x8593, 0x8593, 0x8593, 0x8593,
  0xE696, 0xE696, 0xE696, 0xE696, 0xD5F3, 0xD5F3, 0xD5F3, 0xD5F3, 0xD5F3, 0xD5F3, 0xD5F3, 0xD5F3,
  0xD5F3, 0xD5F3, 0xD5F3, 0xD5F3, 0xD5F3, 0xD5F3, 0xE696, 0xE696, 0xE696, 0xE696, 0xD5F3, 0xD5F3,
  0xE50A, 0xE50A, 0xCC28, 0xCC28, 0xCC28, 0xCC28, 0xCC28, 0xCC28, 0xCC28, 0xCC28, 0xCC28, 0xCC28,
  0xAC4C, 0xAC4C, 0x6CB0, 0x6CB0, 0x6CB0, 0x6CB0, 0x6CB0, 0x6CB0, 0x6CB0, 0x6CB0, 0xBCCD, 0xBCCD,
  0xA326, 0xA326, 0xA326, 0xA326, 0xC570, 0xC570, 0xC570, 0xC570, 0xCC28, 0xCC28, 0xCC28, 0xCC28,
  0xCC28, 0xCC28, 0xCC28, 0xCC28, 0xD5F3, 0xD5F3, 0xD5F3, 0xD5F3, 0x9389, 0x9389, 0x7225, 0x7225,
  0x7225, 0x7225, 0x7225, 0x7225, 0x7225, 0x7225, 0x7225, 0x7225, 0x7225, 0x7225, 0x7225, 0x7225,
  0xD5F3, 0xD5F3, 0xE696, 0xE696, 0xD5F3, 0xD5F3, 0xD5F3, 0xD5F3, 0xD5F3, 0xD5F3, 0xD5F3, 0xD5F3,
  0xD5F3, 0xD5F3, 0xE696, 0xE696, 0xE696, 0xE696, 0xD5F3, 0xD5F3, 0x8593, 0x8593, 0x8593, 0x8593,
  0x8593, 0x8593, 0x8593, 0x8593, 0xAE56, 0xAE56, 0x8593, 0x8593, 0x8593, 0x8593, 0x8593, 0x8593,
  0x8593, 0x8593, 0x8593, 0x8593, 0x8593, 0x8593, 0x8593, 0x8593, 0x8593, 0x8593, 0x8593, 0x8593,
  0x8593, 0x8593, 0xC570, 0xC570, 0xAC4C, 0xAC4C, 0xAC4C, 0xAC4C, 0xCC28, 0xCC28, 0xAC4C, 0xAC4C,
  0xAC4C, 0xAC4C, 0x8593, 0x8593, 0x8593, 0x8593, 0x8593, 0x8593, 0x8593, 0x8593, 0x8593, 0x8593,
  0x8593, 0x8593, 0xD5F3, 0xD5F3, 0xE696, 0xE696, 0xD5F3, 0xD5F3, 0xD5F3, 0xD5F3, 0xD5F3, 0xD5F3,
  0xD5F3, 0xD5F3, 0xD5F3, 0xD5F3, 0xD5F3, 0xD5F3, 0xD5F3, 0xD5F3, 0xE696, 0xE696, 0xD5F3, 0xD5F3,
  0xE696, 0xE696, 0xE696, 0xE696, 0xD5F3, 0xD5F3, 0x8593, 0x8593, 0xD5F3, 0xD5F3, 0xD5F3, 0xD5F3,
  0xD5F3, 0xD5F3, 0xD5F3, 0xD5F3, 0xE696, 0xE696, 0xD5F3, 0xD5F3, 0xD5F3, 0xD5F3, 0xE696, 0xE696,
  0xC570, 0xC570, 0x6CB0, 0x6CB0, 0x6CB0, 0x6CB0, 0x6CB0, 0x6CB0, 0x6CB0, 0x6CB0, 0x6CB0, 0x6CB0,
  0x6CB0, 0x6CB0, 0x6CB0, 0x6CB0, 0x6CB0, 0x6CB0, 0x6CB0, 0x6CB0, 0x6CB0, 0x6CB0, 0x8593, 0x8593,
  0x8593, 0x8593, 0x8593, 0x8593, 0x8593, 0x8593, 0x8593, 0x8593, 0x8593, 0x8593, 0x8593, 0x8593,
  0xE696, 0xE696, 0xE696, 0xE696, 0xE696, 0xE696, 0xE696, 0xE696, 0xE696, 0xE696, 0xE696, 0xE696,
  0xE696, 0xE696, 0xE696, 0xE696, 0xE696, 0xE696, 0xD5F3, 0xD5F3, 0xE696, 0xE696, 0xE696, 0xE696,
  0xE696, 0xE696, 0xD5F3, 0xD5F3, 0xE50A, 0xE50A, 0xCC28, 0xCC28, 0xCC28, 0xCC28, 0xCC28, 0xCC28,
  0xCC28, 0xCC28, 0x6CB0, 0x6CB0, 0x6CB0, 0x6CB0, 0x5BEA, 0x5BEA, 0x6CB0, 0x6CB0, 0xBCCD, 0xBCCD,
  0xA326, 0xA326, 0xA326, 0xA326, 0xC570, 0xC570, 0xD5F3, 0xD5F3, 0xCC28, 0xCC28, 0xCC28, 0xCC28,
  0xCC28, 0xCC28, 0xCC28, 0xCC28, 0xD5F3, 0xD5F3, 0xD5F3, 0xD5F3, 0x9389, 0x9389, 0x7225, 0x7225,
  0x7225, 0x7225, 0x7225, 0x7225, 0x72E8, 0x72E8, 0x72E8, 0x72E8, 0x7225, 0x7225, 0xA3A9, 0xA3A9,
  0xE696, 0xE696, 0xD5F3, 0xD5F3, 0xD5F3, 0xD5F3, 0xD5F3, 0xD5F3, 0xD5F3, 0xD5F3, 0xD5F3, 0xD5F3,
  0xD5F3, 0xD5F3, 0xD5F3, 0xD5F3, 0xD5F3, 0xD5F3, 0xE696, 0xE696, 0xE696, 0xE696, 0xD5F3, 0xD5F3,
  0x8593, 0x8593, 0x8593, 0x8593, 0x8593, 0x8593, 0x8593, 0x8593, 0x8593, 0x8593, 0xAE56, 0xAE56,
  0x8593, 0x8593, 0x8593, 0x8593, 0x8593, 0x8593, 0xAE56, 0xAE56, 0x8593, 0x8593, 0x8593, 0x8593,
  0x8593, 0x8593, 0x8593, 0x8593, 0x8593, 0x8593, 0x8593, 0x8593, 0x8593, 0x8593, 0x8593, 0x8593,
  0xAE56, 0xAE56, 0x8593, 0x8593, 0x8593, 0x8593, 0x8593, 0x8593, 0x8593, 0x8593, 0x8593, 0x8593,
  0x8593, 0x8593, 0xD5F3, 0xD5F3, 0xE696, 0xE696, 0xD5F3, 0xD5F3, 0xD5F3, 0xD5F3, 0xD5F3, 0xD5F3,
  0xD5F3, 0xD5F3, 0xD5F3, 0xD5F3, 0xD5F3, 0xD5F3, 0xD5F3, 0xD5F3, 0xD5F3, 0xD5F3, 0xD5F3, 0xD5F3,
  0xD5F3, 0xD5F3, 0xD5F3, 0xD5F3, 0xD5F3, 0xD5F3, 0xD5F3, 0xD5F3, 0xD5F3, 0xD5F3, 0xC570, 0xC570,
  0x6CB0, 0x6CB0, 0x6CB0, 0x6CB0, 0x8593, 0x8593, 0xD5F3, 0xD5F3, 0xD5F3, 0xD5F3, 0xD5F3, 0xD5F3,
  0xD5F3, 0xD5F3, 0x6CB0, 0x6CB0, 0x6CB0, 0x6CB0, 0x6CB0, 0x6CB0, 0x6CB0, 0x6CB0, 0x6CB0, 0x6CB0,
  0x6CB0, 0x6CB0, 0x6CB0, 0x6CB0, 0x6CB0, 0x6CB0, 0x6CB0, 0x6CB0, 0x6CB0, 0x6CB0, 0x8593, 0x8593,
  0x8593, 0x8593, 0x8593, 0x8593, 0x8593, 0x8593, 0x8593, 0x8593, 0x8593, 0x8593, 0x8593, 0x8593,
  0xE696, 0xE696, 0xE696, 0xE696, 0xE696, 0xE696, 0xE696, 0xE696, 0xE696, 0xE696, 0xE696, 0xE696,
  0xE696, 0xE696, 0xE696, 0xE696, 0xE696, 0xE696, 0xD5F3, 0xD5F3, 0xE696, 0xE696, 0xE696, 0xE696,
  0xE696, 0xE696, 0xD5F3, 0xD5F3, 0xE50A, 0xE50A, 0xCC28, 0xCC28, 0xCC28, 0xCC28, 0xCC28, 0xCC28,
  0xCC28, 0xCC28, 0x6CB0, 0x6CB0, 0x6CB0, 0x6CB0, 0x5BEA, 0x5BEA, 0x6CB0, 0x6CB0, 0xBCCD, 0xBCCD,
  0xA326, 0xA326, 0xA326, 0xA326, 0xC570, 0xC570, 0xD5F3, 0xD5F3, 0xCC28, 0xCC28, 0xCC28, 0xCC28,
  0xCC28, 0xCC28, 0xCC28, 0xCC28, 0xD5F3, 0xD5F3, 0xD5F3, 0xD5F3, 0x9389, 0x9389, 0x7225, 0x7225,
  0x7225, 0x7225, 0x7225, 0x7225, 0x72E8, 0x72E8, 0x72E8, 0x72E8, 0x7225, 0x7225, 0xA3A9, 0xA3A9,
  0xE696, 0xE696, 0xD5F3, 0xD5F3, 0xD5F3, 0xD5F3, 0xD5F3, 0xD5F3, 0xD5F3, 0xD5F3, 0xD5F3, 0xD5F3,
  0xD5F3, 0xD5F3, 0xD5F3, 0xD5F3, 0xD5F3, 0xD5F3, 0xE696, 0xE696, 0xE696, 0xE696, 0xD5F3, 0xD5F3,
  0x8593, 0x8593, 0x8593, 0x8593, 0x8593, 0x8593, 0x8593, 0x8593, 0x8593, 0x8593, 0xAE56, 0xAE56,
  0x8593, 0x8593, 0x8593, 0x8593, 0x8593, 0x8593, 0xAE56, 0xAE56, 0x8593, 0x8593, 0x8593, 0x8593,
  0x8593, 0x8593, 0x8593, 0x8593, 0x8593, 0x8593, 0x8593, 0x8593, 0x8593, 0x8593, 0x8593, 0x8593,
  0xAE56, 0xAE56, 0x8593, 0x8593, 0x8593, 0x8593, 0x8593, 0x8593, 0x8593, 0x8593, 0x8593, 0x8593,
  0x8593, 0x8593, 0xD5F3, 0xD5F3, 0xE696, 0xE696, 0xD5F3, 0xD5F3, 0xD5F3, 0xD5F3, 0xD5F3, 0xD5F3,
  0xD5F3, 0xD5F3, 0xD5F3, 0xD5F3, 0xD5F3, 0xD5F3, 0xD5F3, 0xD5F3, 0xD5F3, 0xD5F3, 0xD5F3, 0xD5F3,
  0xD5F3, 0xD5F3, 0xD5F3, 0xD5F3, 0xD5F3, 0xD5F3, 0xD5F3, 0xD5F3, 0xD5F3, 0xD5F3, 0xC570, 0xC570,
  0x6CB0, 0x6CB0, 0x6CB0, 0x6CB0, 0x8593, 0x8593, 0xD5F3, 0xD5F3, 0xD5F3, 0xD5F3, 0xD5F3, 0xD5F3,
  0xD5F3, 0xD5F3, 0x6CB0, 0x6CB0, 0x6CB0, 0x6CB0, 0x6CB0, 0x6CB0, 0x6CB0, 0x6CB0, 0x6CB0, 0x6CB0,
  0x6CB0, 0x6CB0, 0x6CB0, 0x6CB0, 0x6CB0, 0x6CB0, 0x6CB0, 0x6CB0, 0x6CB0, 0x6CB0, 0x8593, 0x8593,
  0x8593, 0x8593, 0x8593, 0x8593, 0x8593, 0x8593, 0x8593, 0x8593, 0x8593, 0x8593, 0x8593, 0x8593,
  0xE696, 0xE696, 0xE696, 0xE696, 0xD5F3, 0xD5F3, 0xE696, 0xE696, 0xE696, 0xE696, 0xE696, 0xE696,
  0xE696, 0xE696, 0xE696, 0xE696, 0xE696, 0xE696, 0xE696, 0xE696, 0xE696, 0xE696, 0xD5F3, 0xD5F3,
  0xE696, 0xE696, 0xE696, 0xE696, 0xD5F3, 0xD5F3, 0xCC28, 0xCC28, 0xCC28, 0xCC28, 0xCC28, 0xCC28,
  0xA326, 0xA326, 0x5BEA, 0x5BEA, 0x6CB0, 0x6CB0, 0x5BEA, 0x5BEA, 0x6CB0, 0x6CB0, 0xBCCD, 0xBCCD,
  0xA326, 0xA326, 0xA326, 0xA326, 0xC570, 0xC570, 0xC570, 0xC570, 0xCC28, 0xCC28, 0xCC28, 0xCC28,
  0xCC28, 0xCC28, 0xCC28, 0xCC28, 0xD5F3, 0xD5F3, 0xD5F3, 0xD5F3, 0x9389, 0x9389, 0x7225, 0x7225,
  0x7225, 0x7225, 0xA326, 0xA326, 0x7225, 0x7225, 0x72E8, 0x72E8, 0x7225, 0x7225, 0xAC4C, 0xAC4C,
  0xE696, 0xE696, 0xD5F3, 0xD5F3, 0xD5F3, 0xD5F3, 0xD5F3, 0xD5F3, 0xD5F3, 0xD5F3, 0xD5F3, 0xD5F3,
  0xD5F3, 0xD5F3, 0xD5F3, 0xD5F3, 0xD5F3, 0xD5F3, 0xD5F3, 0xD5F3, 0xD5F3, 0xD5F3, 0xE696, 0xE696,
  0xE696, 0xE696, 0xD5F3, 0xD5F3, 0xC570, 0xC570, 0x8593, 0x8593, 0x8593, 0x8593, 0x8593, 0x8593,
  0x8593, 0x8593, 0x8593, 0x8593, 0x8593, 0x8593, 0x8593, 0x8593, 0x8593, 0x8593, 0x8593, 0x8593,
  0x8593, 0x8593, 0x8593, 0x8593, 0x8593, 0x8593, 0x8593, 0x8593, 0x8593, 0x8593, 0x8593, 0x8593,
  0x8593, 0x8593, 0x8593, 0x8593, 0x8593, 0x8593, 0x8593, 0x8593, 0x8593, 0x8593, 0x8593, 0x8593,
  0x8593, 0x8593, 0xD5F3, 0xD5F3, 0xE696, 0xE696, 0xD5F3, 0xD5F3, 0xD5F3, 0xD5F3, 0xD5F3, 0xD5F3,
  0xD5F3, 0xD5F3, 0xD5F3, 0xD5F3, 0xD5F3, 0xD5F3, 0xD5F3, 0xD5F3, 0xD5F3, 0xD5F3, 0xD5F3, 0xD5F3,
  0xD5F3, 0xD5F3, 0xD5F3, 0xD5F3, 0xD5F3, 0xD5F3, 0xD5F3, 0xD5F3, 0xD5F3, 0xD5F3, 0xD5F3, 0xD5F3,
  0xD5F3, 0xD5F3, 0xC570, 0xC570, 0x6CB0, 0x6CB0, 0xD5F3, 0xD5F3, 0xE696, 0xE696, 0xD5F3, 0xD5F3,
  0xE696, 0xE696, 0x8593, 0x8593, 0x6CB0, 0x6CB0, 0x6CB0, 0x6CB0, 0x6CB0, 0x6CB0, 0x6CB0, 0x6CB0,
  0x6CB0, 0x6CB0, 0x6CB0, 0x6CB0, 0x6CB0, 0x6CB0, 0x6CB0, 0x6CB0, 0x8593, 0x8593, 0x8593, 0x8593,
  0x8593, 0x8593, 0x8593, 0x8593, 0x8593, 0x8593, 0x8593, 0x8593, 0x8593, 0x8593, 0x8593, 0x8593,
  0xE696, 0xE696, 0xE696, 0xE696, 0xD5F3, 0xD5F3, 0xE696, 0xE696, 0xE696, 0xE696, 0xE696, 0xE696,
  0xE696, 0xE696, 0xE696, 0xE696, 0xE696, 0xE696, 0xE696, 0xE696, 0xE696, 0xE696, 0xD5F3, 0xD5F3,
  0xE696, 0xE696, 0xE696, 0xE696, 0xD5F3, 0xD5F3, 0xCC28, 0xCC28, 0xCC28, 0xCC28, 0xCC28, 0xCC28,
  0xA326, 0xA326, 0x5BEA, 0x5BEA, 0x6CB0, 0x6CB0, 0x5BEA, 0x5BEA, 0x6CB0, 0x6CB0, 0xBCCD, 0xBCCD,
  0xA326, 0xA326, 0xA326, 0xA326, 0xC570, 0xC570, 0xC570, 0xC570, 0xCC28, 0xCC28, 0xCC28, 0xCC28,
  0xCC28, 0xCC28, 0xCC28, 0xCC28, 0xD5F3, 0xD5F3, 0xD5F3, 0xD5F3, 0x9389, 0x9389, 0x7225, 0x7225,
  0x7225, 0x7225, 0xA326, 0xA326, 0x7225, 0x7225, 0x72E8, 0x72E8, 0x7225, 0x7225, 0xAC4C, 0xAC4C,
  0xE696, 0xE696, 0xD5F3, 0xD5F3, 0xD5F3, 0xD5F3, 0xD5F3, 0xD5F3, 0xD5F3, 0xD5F3, 0xD5F3, 0xD5F3,
  0xD5F3, 0xD5F3, 0xD5F3, 0xD5F3, 0xD5F3, 0xD5F3, 0xD5F3, 0xD5F3, 0xD5F3, 0xD5F3, 0xE696, 0xE696,
  0xE696, 0xE696, 0xD5F3, 0xD5F3, 0xC570, 0xC570, 0x8593, 0x8593, 0x8593, 0x8593, 0x8593, 0x8593,
  0x8593, 0x8593, 0x8593, 0x8593, 0x8593, 0x8593, 0x8593, 0x8593, 0x8593, 0x8593, 0x8593, 0x8593,
  0x8593, 0x8593, 0x8593, 0x8593, 0x8593, 0x8593, 0x8593, 0x8593, 0x8593, 0x8593, 0x8593, 0x8593,
  0x8593, 0x8593, 0x8593, 0x8593, 0x8593, 0x8593, 0x8593, 0x8593, 0x8593, 0x8593, 0x8593, 0x8593,
  0x8593, 0x8593, 0xD5F3, 0xD5F3, 0xE696, 0xE696, 0xD5F3, 0xD5F3, 0xD5F3, 0xD5F3, 0xD5F3, 0xD5F3,
  0xD5F3, 0xD5F3, 0xD5F3, 0xD5F3, 0xD5F3, 0xD5F3, 0xD5F3, 0xD5F3, 0xD5F3, 0xD5F3, 0xD5F3, 0xD5F3,
  0xD5F3, 0xD5F3, 0xD5F3, 0xD5F3, 0xD5F3, 0xD5F3, 0xD5F3, 0xD5F3, 0xD5F3, 0xD5F3, 0xD5F3, 0xD5F3,
  0xD5F3, 0xD5F3, 0xC570, 0xC570, 0x6CB0, 0x6CB0, 0xD5F3, 0xD5F3, 0xE696, 0xE696, 0xD5F3, 0xD5F3,
  0xE696, 0xE696, 0x8593, 0x8593, 0x6CB0, 0x6CB0, 0x6CB0, 0x6CB0, 0x6CB0, 0x6CB0, 0x6CB0, 0x6CB0,
  0x6CB0, 0x6CB0, 0x6CB0, 0x6CB0, 0x6CB0, 0x6CB0, 0x6CB0, 0x6CB0, 0x8593, 0x8593, 0x8593, 0x8593,
  0x8593, 0x8593, 0x8593, 0x8593, 0x8593, 0x8593, 0x8593, 0x8593, 0x8593, 0x8593, 0x8593, 0x8593,
  0xE50A, 0xE50A, 0xD5F3, 0xD5F3, 0xE696, 0xE696, 0xE696, 0xE696, 0xE696, 0xE696, 0xE696, 0xE696,
  0xE696, 0xE696, 0xE696, 0xE696, 0xE696, 0xE696, 0xE696, 0xE696, 0xE696, 0xE696, 0xE696, 0xE696,
  0xD5F3, 0xD5F3, 0xD5F3, 0xD5F3, 0xD5F3, 0xD5F3, 0xBCCD, 0xBCCD, 0xA326, 0xA326, 0xA326, 0xA326,
  0xCC28, 0xCC28, 0x5BEA, 0x5BEA, 0x6CB0, 0x6CB0, 0x5BEA, 0x5BEA, 0x6CB0, 0x6CB0, 0xBCCD, 0xBCCD,
  0xA326, 0xA326, 0xA326, 0xA326, 0xC570, 0xC570, 0xC570, 0xC570, 0xCC28, 0xCC28, 0xCC28, 0xCC28,
  0xCC28, 0xCC28, 0xCC28, 0xCC28, 0xD5F3, 0xD5F3, 0xD5F3, 0xD5F3, 0x72E8, 0x72E8, 0x7225, 0x7225,
  0x72E8, 0x72E8, 0x7225, 0x7225, 0x72E8, 0x72E8, 0x72E8, 0x72E8, 0x7225, 0x7225, 0xAC4C, 0xAC4C,
  0xE696, 0xE696, 0xD5F3, 0xD5F3, 0xD5F3, 0xD5F3, 0xD5F3, 0xD5F3, 0xD5F3, 0xD5F3, 0xD5F3, 0xD5F3,
  0xD5F3, 0xD5F3, 0xD5F3, 0xD5F3, 0xD5F3, 0xD5F3, 0xD5F3, 0xD5F3, 0xD5F3, 0xD5F3, 0xD5F3, 0xD5F3,
  0xD5F3, 0xD5F3, 0xE696, 0xE696, 0xE696, 0xE696, 0xE696, 0xE696, 0xC570, 0xC570, 0x8593, 0x8593,
  0x8593, 0x8593, 0x8593, 0x8593, 0xAE56, 0xAE56, 0x8593, 0x8593, 0x8593, 0x8593, 0x8593, 0x8593,
  0x8593, 0x8593, 0x8593, 0x8593, 0x8593, 0x8593, 0x8593, 0x8593, 0x8593, 0x8593, 0x8593, 0x8593,
  0x8593, 0x8593, 0x8593, 0x8593, 0x8593, 0x8593, 0x8593, 0x8593, 0x8593, 0x8593, 0x8593, 0x8593,
  0x8593, 0x8593, 0xC570, 0xC570, 0xD5F3, 0xD5F3, 0xD5F3, 0xD5F3, 0xD5F3, 0xD5F3, 0xD5F3, 0xD5F3,
  0xD5F3, 0xD5F3, 0xD5F3, 0xD5F3, 0xD5F3, 0xD5F3, 0xD5F3, 0xD5F3, 0xD5F3, 0xD5F3, 0xD5F3, 0xD5F3,
  0xD5F3, 0xD5F3, 0xD5F3, 0xD5F3, 0xD5F3, 0xD5F3, 0xD5F3, 0xD5F3, 0xD5F3, 0xD5F3, 0xE696, 0xE696,
  0xE696, 0xE696, 0xD5F3, 0xD5F3, 0x8593, 0x8593, 0xD5F3, 0xD5F3, 0xD5F3, 0xD5F3, 0xD5F3, 0xD5F3,
  0xE696, 0xE696, 0xD5F3, 0xD5F3, 0x6CB0, 0x6CB0, 0x6CB0, 0x6CB0, 0x6CB0, 0x6CB0, 0x6CB0, 0x6CB0,
  0x6CB0, 0x6CB0, 0x6CB0, 0x6CB0, 0x6CB0, 0x6CB0, 0x6CB0, 0x6CB0, 0x8593, 0x8593, 0x8593, 0x8593,
  0x8593, 0x8593, 0x8593, 0x8593, 0x8593, 0x8593, 0x8593, 0x8593, 0x8593, 0x8593, 0x8593, 0x8593,
  0xE50A, 0xE50A, 0xD5F3, 0xD5F3, 0xE696, 0xE696, 0xE696, 0xE696, 0xE696, 0xE696, 0xE696, 0xE696,
  0xE696, 0xE696, 0xE696, 0xE696, 0xE696, 0xE696, 0xE696, 0xE696, 0xE696, 0xE696, 0xE696, 0xE696,
  0xD5F3, 0xD5F3, 0xD5F3, 0xD5F3, 0xD5F3, 0xD5F3, 0xBCCD, 0xBCCD, 0xA326, 0xA326, 0xA326, 0xA326,
  0xCC28, 0xCC28, 0x5BEA, 0x5BEA, 0x6CB0, 0x6CB0, 0x5BEA, 0x5BEA, 0x6CB0, 0x6CB0, 0xBCCD, 0xBCCD,
  0xA326, 0xA326, 0xA326, 0xA326, 0xC570, 0xC570, 0xC570, 0xC570, 0xCC28, 0xCC28, 0xCC28, 0xCC28,
  0xCC28, 0xCC28, 0xCC28, 0xCC28, 0xD5F3, 0xD5F3, 0xD5F3, 0xD5F3, 0x72E8, 0x72E8, 0x7225, 0x7225,
  0x72E8, 0x72E8, 0x7225, 0x7225, 0x72E8, 0x72E8, 0x72E8, 0x72E8, 0x7225, 0x7225, 0xAC4C, 0xAC4C,
  0xE696, 0xE696, 0xD5F3, 0xD5F3, 0xD5F3, 0xD5F3, 0xD5F3, 0xD5F3, 0xD5F3, 0xD5F3, 0xD5F3, 0xD5F3,
  0xD5F3, 0xD5F3, 0xD5F3, 0xD5F3, 0xD5F3, 0xD5F3, 0xD5F3, 0xD5F3, 0xD5F3, 0xD5F3, 0xD5F3, 0xD5F3,
  0xD5F3, 0xD5F3, 0xE696, 0xE696, 0xE696, 0xE696, 0xE696, 0xE696, 0xC570, 0xC570, 0x8593, 0x8593,
  0x8593, 0x8593, 0x8593, 0x8593, 0xAE56, 0xAE56, 0x8593, 0x8593, 0x8593, 0x8593, 0x8593, 0x8593,
  0x8593, 0x8593, 0x8593, 0x8593, 0x8593, 0x8593, 0x8593, 0x8593, 0x8593, 0x8593, 0x8593, 0x8593,
  0x8593, 0x8593, 0x8593, 0x8593, 0x8593, 0x8593, 0x8593, 0x8593, 0x8593, 0x8593, 0x8593, 0x8593,
  0x8593, 0x8593, 0xC570, 0xC570, 0xD5F3, 0xD5F3, 0xD5F3, 0xD5F3, 0xD5F3, 0xD5F3, 0xD5F3, 0xD5F3,
  0xD5F3, 0xD5F3, 0xD5F3, 0xD5F3, 0xD5F3, 0xD5F3, 0xD5F3, 0xD5F3, 0xD5F3, 0xD5F3, 0xD5F3, 0xD5F3,
  0xD5F3, 0xD5F3, 0xD5F3, 0xD5F3, 0xD5F3, 0xD5F3, 0xD5F3, 0xD5F3, 0xD5F3, 0xD5F3, 0xE696, 0xE696,
  0xE696, 0xE696, 0xD5F3, 0xD5F3, 0x8593, 0x8593, 0xD5F3, 0xD5F3, 0xD5F3, 0xD5F3, 0xD5F3, 0xD5F3,
  0xE696, 0xE696, 0xD5F3, 0xD5F3, 0x6CB0, 0x6CB0, 0x6CB0, 0x6CB0, 0x6CB0, 0x6CB0, 0x6CB0, 0x6CB0,
  0x6CB0, 0x6CB0, 0x6CB0, 0x6CB0, 0x6CB0, 0x6CB0, 0x6CB0, 0x6CB0, 0x8593, 0x8593, 0x8593, 0x8593,
  0x8593, 0x8593, 0x8593, 0x8593, 0x8593, 0x8593, 0x8593, 0x8593, 0x8593, 0x8593, 0x8593, 0x8593,
  0xCC28, 0xCC28, 0xCC28, 0xCC28, 0xE50A, 0xE50A, 0xD5F3, 0xD5F3, 0xE696, 0xE696, 0xE696, 0xE696,
  0xD5F3, 0xD5F3, 0xE696, 0xE696, 0xE696, 0xE696, 0xE696, 0xE696, 0xD5F3, 0xD5F3, 0xD5F3, 0xD5F3,
  0xD5F3, 0xD5F3, 0xD5F3, 0xD5F3, 0xD5F3, 0xD5F3, 0xBCCD, 0xBCCD, 0xA326, 0xA326, 0xCC28, 0xCC28,
  0xCC28, 0xCC28, 0x5BEA, 0x5BEA, 0x6CB0, 0x6CB0, 0x5BEA, 0x5BEA, 0x6CB0, 0x6CB0, 0xBCCD, 0xBCCD,
  0xA326, 0xA326, 0xA326, 0xA326, 0xBCCD, 0xBCCD, 0xC570, 0xC570, 0xCC28, 0xCC28, 0xCC28, 0xCC28,
  0xCC28, 0xCC28, 0xCC28, 0xCC28, 0xD5F3, 0xD5F3, 0xAC4C, 0xAC4C, 0x7225, 0x7225, 0x72E8, 0x72E8,
  0x72E8, 0x72E8, 0x7225, 0x7225, 0x7225, 0x7225, 0x72E8, 0x72E8, 0x7225, 0x7225, 0xAC4C, 0xAC4C,
  0xE696, 0xE696, 0xD5F3, 0xD5F3, 0xD5F3, 0xD5F3, 0xD5F3, 0xD5F3, 0xD5F3, 0xD5F3, 0xD5F3, 0xD5F3,
  0xD5F3, 0xD5F3, 0xD5F3, 0xD5F3, 0xD5F3, 0xD5F3, 0xD5F3, 0xD5F3, 0xD5F3, 0xD5F3, 0xD5F3, 0xD5F3,
  0xD5F3, 0xD5F3, 0xD5F3, 0xD5F3, 0xD5F3, 0xD5F3, 0xD5F3, 0xD5F3, 0xE696, 0xE696, 0xE696, 0xE696,
  0xD5F3, 0xD5F3, 0x8593, 0x8593, 0x8593, 0x8593, 0x8593, 0x8593, 0x8593, 0x8593, 0xAE56, 0xAE56,
  0xAE56, 0xAE56, 0xAE56, 0xAE56, 0x8593, 0x8593, 0x8593, 0x8593, 0x8593, 0x8593, 0x8593, 0x8593,
  0x8593, 0x8593, 0x8593, 0x8593, 0x8593, 0x8593, 0x8593, 0x8593, 0x8593, 0x8593, 0x8593, 0x8593,
  0x8593, 0x8593, 0x8593, 0x8593, 0xD5F3, 0xD5F3, 0xE696, 0xE696, 0xD5F3, 0xD5F3, 0xD5F3, 0xD5F3,
  0xD5F3, 0xD5F3, 0xD5F3, 0xD5F3, 0xD5F3, 0xD5F3, 0xD5F3, 0xD5F3, 0xD5F3, 0xD5F3, 0xD5F3, 0xD5F3,
  0xD5F3, 0xD5F3, 0xD5F3, 0xD5F3, 0xD5F3, 0xD5F3, 0xD5F3, 0xD5F3, 0xD5F3, 0xD5F3, 0xD5F3, 0xD5F3,
  0xD5F3, 0xD5F3, 0xD5F3, 0xD5F3, 0xE696, 0xE696, 0xD5F3, 0xD5F3, 0x8593, 0x8593, 0x8593, 0x8593,
  0xD5F3, 0xD5F3, 0xD5F3, 0xD5F3, 0x6CB0, 0x6CB0, 0x6CB0, 0x6CB0, 0x6CB0, 0x6CB0, 0x6CB0, 0x6CB0,
  0x6CB0, 0x6CB0, 0x6CB0, 0x6CB0, 0x6CB0, 0x6CB0, 0x8593, 0x8593, 0xAE56, 0xAE56, 0x8593, 0x8593,
  0x8593, 0x8593, 0x8593, 0x8593, 0x8593, 0x8593, 0x8593, 0x8593, 0x8593, 0x8593, 0x8593, 0x8593,
  0xCC28, 0xCC28, 0xCC28, 0xCC28, 0xE50A, 0xE50A, 0xD5F3, 0xD5F3, 0xE696, 0xE696, 0xE696, 0xE696,
  0xD5F3, 0xD5F3, 0xE696, 0xE696, 0xE696, 0xE696, 0xE696, 0xE696, 0xD5F3, 0xD5F3, 0xD5F3, 0xD5F3,
  0xD5F3, 0xD5F3, 0xD5F3, 0xD5F3, 0xD5F3, 0xD5F3, 0xBCCD, 0xBCCD, 0xA326, 0xA326, 0xCC28, 0xCC28,
  0xCC28, 0xCC28, 0x5BEA, 0x5BEA, 0x6CB0, 0x6CB0, 0x5BEA, 0x5BEA, 0x6CB0, 0x6CB0, 0xBCCD, 0xBCCD,
  0xA326, 0xA326, 0xA326, 0xA326, 0xBCCD, 0xBCCD, 0xC570, 0xC570, 0xCC28, 0xCC28, 0xCC28, 0xCC28,
  0xCC28, 0xCC28, 0xCC28, 0xCC28, 0xD5F3, 0xD5F3, 0xAC4C, 0xAC4C, 0x7225, 0x7225, 0x72E8, 0x72E8,
  0x72E8, 0x72E8, 0x7225, 0x7225, 0x7225, 0x7225, 0x72E8, 0x72E8, 0x7225, 0x7225, 0xAC4C, 0xAC4C,
  0xE696, 0xE696, 0xD5F3, 0xD5F3, 0xD5F3, 0xD5F3, 0xD5F3, 0xD5F3, 0xD5F3, 0xD5F3, 0xD5F3, 0xD5F3,
  0xD5F3, 0xD5F3, 0xD5F3, 0xD5F3, 0xD5F3, 0xD5F3, 0xD5F3, 0xD5F3, 0xD5F3, 0xD5F3, 0xD5F3, 0xD5F3,
  0xD5F3, 0xD5F3, 0xD5F3, 0xD5F3, 0xD5F3, 0xD5F3, 0xD5F3, 0xD5F3, 0xE696, 0xE696, 0xE696, 0xE696,
  0xD5F3, 0xD5F3, 0x8593, 0x8593, 0x8593, 0x8593, 0x8593, 0x8593, 0x8593, 0x8593, 0xAE56, 0xAE56,
  0xAE56, 0xAE56, 0xAE56, 0xAE56, 0x8593, 0x8593, 0x8593, 0x8593, 0x8593, 0x8593, 0x8593, 0x8593,
  0x8593, 0x8593, 0x8593, 0x8593, 0x8593, 0x8593, 0x8593, 0x8593, 0x8593, 0x8593, 0x8593, 0x8593,
  0x8593, 0x8593, 0x8593, 0x8593, 0xD5F3, 0xD5F3, 0xE696, 0xE696, 0xD5F3, 0xD5F3, 0xD5F3, 0xD5F3,
  0xD5F3, 0xD5F3, 0xD5F3, 0xD5F3, 0xD5F3, 0xD5F3, 0xD5F3, 0xD5F3, 0xD5F3, 0xD5F3, 0xD5F3, 0xD5F3,
  0xD5F3, 0xD5F3, 0xD5F3, 0xD5F3, 0xD5F3, 0xD5F3, 0xD5F3, 0xD5F3, 0xD5F3, 0xD5F3, 0xD5F3, 0xD5F3,
  0xD5F3, 0xD5F3, 0xD5F3, 0xD5F3, 0xE696, 0xE696, 0xD5F3, 0xD5F3, 0x8593, 0x8593, 0x8593, 0x8593,
  0xD5F3, 0xD5F3, 0xD5F3, 0xD5F3, 0x6CB0, 0x6CB0, 0x6CB0, 0x6CB0, 0x6CB0, 0x6CB0, 0x6CB0, 0x6CB0,
  0x6CB0, 0x6CB0, 0x6CB0, 0x6CB0, 0x6CB0, 0x6CB0, 0x8593, 0x8593, 0xAE56, 0xAE56, 0x8593, 0x8593,
  0x8593, 0x8593, 0x8593, 0x8593, 0x8593, 0x8593, 0x8593, 0x8593, 0x8593, 0x8593, 0x8593, 0x8593,
  0xCC28, 0xCC28, 0xCC28, 0xCC28, 0xCC28, 0xCC28, 0xCC28, 0xCC28, 0xE50A, 0xE50A, 0xD5F3, 0xD5F3,
  0xE696, 0xE696, 0xE696, 0xE696, 0xD5F3, 0xD5F3, 0xD5F3, 0xD5F3, 0xD5F3, 0xD5F3, 0xD5F3, 0xD5F3,
  0xC570, 0xC570, 0xC570, 0xC570, 0xC570, 0xC570, 0xBCCD, 0xBCCD, 0xA326, 0xA326, 0xCC28, 0xCC28,
  0xCC28, 0xCC28, 0x5BEA, 0x5BEA, 0x6CB0, 0x6CB0, 0x5BEA, 0x5BEA, 0x6CB0, 0x6CB0, 0xBCCD, 0xBCCD,
  0xA326, 0xA326, 0xA326, 0xA326, 0xBCCD, 0xBCCD, 0xC570, 0xC570, 0xCC28, 0xCC28, 0xCC28, 0xCC28,
  0xCC28, 0xCC28, 0xCC28, 0xCC28, 0x9389, 0x9389, 0x7225, 0x7225, 0xA326, 0xA326, 0x7225, 0x7225,
  0x7225, 0x7225, 0x7225, 0x7225, 0x7225, 0x7225, 0x72E8, 0x72E8, 0x7225, 0x7225, 0xAC4C, 0xAC4C,
  0xE696, 0xE696, 0xD5F3, 0xD5F3, 0xD5F3, 0xD5F3, 0xD5F3, 0xD5F3, 0xD5F3, 0xD5F3, 0xD5F3, 0xD5F3,
  0xD5F3, 0xD5F3, 0xD5F3, 0xD5F3, 0xD5F3, 0xD5F3, 0xD5F3, 0xD5F3, 0xD5F3, 0xD5F3, 0xD5F3, 0xD5F3,
  0xD5F3, 0xD5F3, 0xD5F3, 0xD5F3, 0xD5F3, 0xD5F3, 0xD5F3, 0xD5F3, 0xD5F3, 0xD5F3, 0xD5F3, 0xD5F3,
  0xE696, 0xE696, 0xE696, 0xE696, 0xD5F3, 0xD5F3, 0x8593, 0x8593, 0x8593, 0x8593, 0x8593, 0x8593,
  0x8593, 0x8593, 0x8593, 0x8593, 0xAE56, 0xAE56, 0x8593, 0x8593, 0x8593, 0x8593, 0x8593, 0x8593,
  0x8593, 0x8593, 0x8593, 0x8593, 0x8593, 0x8593, 0x8593, 0x8593, 0x8593, 0x8593, 0x8593, 0x8593,
  0x8593, 0x8593, 0x8593, 0x8593, 0x8593, 0x8593, 0xD5F3, 0xD5F3, 0xE696, 0xE696, 0xD5F3, 0xD5F3,
  0xD5F3, 0xD5F3, 0xD5F3, 0xD5F3, 0xD5F3, 0xD5F3, 0xD5F3, 0xD5F3, 0xE696, 0xE696, 0xD5F3, 0xD5F3,
  0xD5F3, 0xD5F3, 0xD5F3, 0xD5F3, 0xD5F3, 0xD5F3, 0xD5F3, 0xD5F3, 0xD5F3, 0xD5F3, 0xD5F3, 0xD5F3,
  0xE696, 0xE696, 0xD5F3, 0xD5F3, 0xD5F3, 0xD5F3, 0xD5F3, 0xD5F3, 0xC570, 0xC570, 0x6CB0, 0x6CB0,
  0xD5F3, 0xD5F3, 0xD5F3, 0xD5F3, 0x6CB0, 0x6CB0, 0x6CB0, 0x6CB0, 0x6CB0, 0x6CB0, 0x6CB0, 0x6CB0,
  0x6CB0, 0x6CB0, 0x6CB0, 0x6CB0, 0x6CB0, 0x6CB0, 0x6CB0, 0x6CB0, 0x8593, 0x8593, 0x8593, 0x8593,
  0x8593, 0x8593, 0x8593, 0x8593, 0x8593, 0x8593, 0x8593, 0x8593, 0x8593, 0x8593, 0x8593, 0x8593,
  0xCC28, 0xCC28, 0xCC28, 0xCC28, 0xCC28, 0xCC28, 0xCC28, 0xCC28, 0xE50A, 0xE50A, 0xD5F3, 0xD5F3,
  0xE696, 0xE696, 0xE696, 0xE696, 0xD5F3, 0xD5F3, 0xD5F3, 0xD5F3, 0xD5F3, 0xD5F3, 0xD5F3, 0xD5F3,
  0xC570, 0xC570, 0xC570, 0xC570, 0xC570, 0xC570, 0xBCCD, 0xBCCD, 0xA326, 0xA326, 0xCC28, 0xCC28,
  0xCC28, 0xCC28, 0x5BEA, 0x5BEA, 0x6CB0, 0x6CB0, 0x5BEA, 0x5BEA, 0x6CB0, 0x6CB0, 0xBCCD, 0xBCCD,
  0xA326, 0xA326, 0xA326, 0xA326, 0xBCCD, 0xBCCD, 0xC570, 0xC570, 0xCC28, 0xCC28, 0xCC28, 0xCC28,
  0xCC28, 0xCC28, 0xCC28, 0xCC28, 0x9389, 0x9389, 0x7225, 0x7225, 0xA326, 0xA326, 0x7225, 0x7225,
  0x7225, 0x7225, 0x7225, 0x7225, 0x7225, 0x7225, 0x72E8, 0x72E8, 0x7225, 0x7225, 0xAC4C, 0xAC4C,
  0xE696, 0xE696, 0xD5F3, 0xD5F3, 0xD5F3, 0xD5F3, 0xD5F3, 0xD5F3, 0xD5F3, 0xD5F3, 0xD5F3, 0xD5F3,
  0xD5F3, 0xD5F3, 0xD5F3, 0xD5F3, 0xD5F3, 0xD5F3, 0xD5F3, 0xD5F3, 0xD5F3, 0xD5F3, 0xD5F3, 0xD5F3,
  0xD5F3, 0xD5F3, 0xD5F3, 0xD5F3, 0xD5F3, 0xD5F3, 0xD5F3, 0xD5F3, 0xD5F3, 0xD5F3, 0xD5F3, 0xD5F3,
  0xE696, 0xE696, 0xE696, 0xE696, 0xD5F3, 0xD5F3, 0x8593, 0x8593, 0x8593, 0x8593, 0x8593, 0x8593,
  0x8593, 0x8593, 0x8593, 0x8593, 0xAE56, 0xAE56, 0x8593, 0x8593, 0x8593, 0x8593, 0x8593, 0x8593,
  0x8593, 0x8593, 0x8593, 0x8593, 0x8593, 0x8593, 0x8593, 0x8593, 0x8593, 0x8593, 0x8593, 0x8593,
  0x8593, 0x8593, 0x8593, 0x8593, 0x8593, 0x8593, 0xD5F3, 0xD5F3, 0xE696, 0xE696, 0xD5F3, 0xD5F3,
  0xD5F3, 0xD5F3, 0xD5F3, 0xD5F3, 0xD5F3, 0xD5F3, 0xD5F3, 0xD5F3, 0xE696, 0xE696, 0xD5F3, 0xD5F3,
  0xD5F3, 0xD5F3, 0xD5F3, 0xD5F3, 0xD5F3, 0xD5F3, 0xD5F3, 0xD5F3, 0xD5F3, 0xD5F3, 0xD5F3, 0xD5F3,
  0xE696, 0xE696, 0xD5F3, 0xD5F3, 0xD5F3, 0xD5F3, 0xD5F3, 0xD5F3, 0xC570, 0xC570, 0x6CB0, 0x6CB0,
  0xD5F3, 0xD5F3, 0xD5F3, 0xD5F3, 0x6CB0, 0x6CB0, 0x6CB0, 0x6CB0, 0x6CB0, 0x6CB0, 0x6CB0, 0x6CB0,
  0x6CB0, 0x6CB0, 0x6CB0, 0x6CB0, 0x6CB0, 0x6CB0, 0x6CB0, 0x6CB0, 0x8593, 0x8593, 0x8593, 0x8593,
  0x8593, 0x8593, 0x8593, 0x8593, 0x8593, 0x8593, 0x8593, 0x8593, 0x8593, 0x8593, 0x8593, 0x8593,
  0xCC28, 0xCC28, 0xCC28, 0xCC28, 0xCC28, 0xCC28, 0xCC28, 0xCC28, 0xCC28, 0xCC28, 0xE50A, 0xE50A,
  0xD5F3, 0xD5F3, 0xD5F3, 0xD5F3, 0xD5F3, 0xD5F3, 0xD5F3, 0xD5F3, 0xD5F3, 0xD5F3, 0xC570, 0xC570,
  0xC570, 0xC570, 0xC570, 0xC570, 0xC570, 0xC570, 0xBCCD, 0xBCCD, 0xA326, 0xA326, 0xCC28, 0xCC28,
  0xA326, 0xA326, 0x5BEA, 0x5BEA, 0x6CB0, 0x6CB0, 0x5BEA, 0x5BEA, 0x6CB0, 0x6CB0, 0xBCCD, 0xBCCD,
  0xA326, 0xA326, 0xA326, 0xA326, 0xC570, 0xC570, 0xC570, 0xC570, 0xCC28, 0xCC28, 0xCC28, 0xCC28,
  0x7225, 0x7225, 0x51A3, 0x51A3, 0x7225, 0x7225, 0x72E8, 0x72E8, 0x7225, 0x7225, 0x7225, 0x7225,
  0x7225, 0x7225, 0x7225, 0x7225, 0x7225, 0x7225, 0x72E8, 0x72E8, 0x7225, 0x7225, 0xAC4C, 0xAC4C,
  0xE696, 0xE696, 0xD5F3, 0xD5F3, 0xD5F3, 0xD5F3, 0xD5F3, 0xD5F3, 0xD5F3, 0xD5F3, 0xD5F3, 0xD5F3,
  0xD5F3, 0xD5F3, 0xD5F3, 0xD5F3, 0xD5F3, 0xD5F3, 0xE696, 0xE696, 0xD5F3, 0xD5F3, 0xD5F3, 0xD5F3,
  0xD5F3, 0xD5F3, 0xD5F3, 0xD5F3, 0xD5F3, 0xD5F3, 0xD5F3, 0xD5F3, 0xD5F3, 0xD5F3, 0xD5F3, 0xD5F3,
  0xD5F3, 0xD5F3, 0xD5F3, 0xD5F3, 0xE696, 0xE696, 0xE696, 0xE696, 0xD5F3, 0xD5F3, 0x8593, 0x8593,
  0x8593, 0x8593, 0x8593, 0x8593, 0xAE56, 0xAE56, 0xAE56, 0xAE56, 0x8593, 0x8593, 0x8593, 0x8593,
  0x8593, 0x8593, 0x8593, 0x8593, 0x8593, 0x8593, 0x8593, 0x8593, 0x8593, 0x8593, 0x8593, 0x8593,
  0x8593, 0x8593, 0xAE56, 0xAE56, 0x8593, 0x8593, 0x6CB0, 0x6CB0, 0xC570, 0xC570, 0xD5F3, 0xD5F3,
  0xE696, 0xE696, 0xD5F3, 0xD5F3, 0xD5F3, 0xD5F3, 0xE696, 0xE696, 0xD5F3, 0xD5F3, 0xD5F3, 0xD5F3,
  0xD5F3, 0xD5F3, 0xD5F3, 0xD5F3, 0xD5F3, 0xD5F3, 0xD5F3, 0xD5F3, 0xD5F3, 0xD5F3, 0xD5F3, 0xD5F3,
  0xD5F3, 0xD5F3, 0xD5F3, 0xD5F3, 0xD5F3, 0xD5F3, 0xE696, 0xE696, 0xE696, 0xE696, 0x8593, 0x8593,
  0xC570, 0xC570, 0xD5F3, 0xD5F3, 0x6CB0, 0x6CB0, 0x6CB0, 0x6CB0, 0x6CB0, 0x6CB0, 0x6CB0, 0x6CB0,
  0x6CB0, 0x6CB0, 0x6CB0, 0x6CB0, 0x6CB0, 0x6CB0, 0x6CB0, 0x6CB0, 0x8593, 0x8593, 0x8593, 0x8593,
  0x8593, 0x8593, 0x8593, 0x8593, 0x8593, 0x8593, 0x8593, 0x8593, 0x8593, 0x8593, 0x8593, 0x8593,
  0xCC28, 0xCC28, 0xCC28, 0xCC28, 0xCC28, 0xCC28, 0xCC28, 0xCC28, 0xCC28, 0xCC28, 0xE50A, 0xE50A,
  0xD5F3, 0xD5F3, 0xD5F3, 0xD5F3, 0xD5F3, 0xD5F3, 0xD5F3, 0xD5F3, 0xD5F3, 0xD5F3, 0xC570, 0xC570,
  0xC570, 0xC570, 0xC570, 0xC570, 0xC570, 0xC570, 0xBCCD, 0xBCCD, 0xA326, 0xA326, 0xCC28, 0xCC28,
  0xA326, 0xA326, 0x5BEA, 0x5BEA, 0x6CB0, 0x6CB0, 0x5BEA, 0x5BEA, 0x6CB0, 0x6CB0, 0xBCCD, 0xBCCD,
  0xA326, 0xA326, 0xA326, 0xA326, 0xC570, 0xC570, 0xC570, 0xC570, 0xCC28, 0xCC28, 0xCC28, 0xCC28,
  0x7225, 0x7225, 0x51A3, 0x51A3, 0x7225, 0x7225, 0x72E8, 0x72E8, 0x7225, 0x7225, 0x7225, 0x7225,
  0x7225, 0x7225, 0x7225, 0x7225, 0x7225, 0x7225, 0x72E8, 0x72E8, 0x7225, 0x7225, 0xAC4C, 0xAC4C,
  0xE696, 0xE696, 0xD5F3, 0xD5F3, 0xD5F3, 0xD5F3, 0xD5F3, 0xD5F3, 0xD5F3, 0xD5F3, 0xD5F3, 0xD5F3,
  0xD5F3, 0xD5F3, 0xD5F3, 0xD5F3, 0xD5F3, 0xD5F3, 0xE696, 0xE696, 0xD5F3, 0xD5F3, 0xD5F3, 0xD5F3,
  0xD5F3, 0xD5F3, 0xD5F3, 0xD5F3, 0xD5F3, 0xD5F3, 0xD5F3, 0xD5F3, 0xD5F3, 0xD5F3, 0xD5F3, 0xD5F3,
  0xD5F3, 0xD5F3, 0xD5F3, 0xD5F3, 0xE696, 0xE696, 0xE696, 0xE696, 0xD5F3, 0xD5F3, 0x8593, 0x8593,
  0x8593, 0x8593, 0x8593, 0x8593, 0xAE56, 0xAE56, 0xAE56, 0xAE56, 0x8593, 0x8593, 0x8593, 0x8593,
  0x8593, 0x8593, 0x8593, 0x8593, 0x8593, 0x8593, 0x8593, 0x8593, 0x8593, 0x8593, 0x8593, 0x8593,
  0x8593, 0x8593, 0xAE56, 0xAE56, 0x8593, 0x8593, 0x6CB0, 0x6CB0, 0xC570, 0xC570, 0xD5F3, 0xD5F3,
  0xE696, 0xE696, 0xD5F3, 0xD5F3, 0xD5F3, 0xD5F3, 0xE696, 0xE696, 0xD5F3, 0xD5F3, 0xD5F3, 0xD5F3,
  0xD5F3, 0xD5F3, 0xD5F3, 0xD5F3, 0xD5F3, 0xD5F3, 0xD5F3, 0xD5F3, 0xD5F3, 0xD5F3, 0xD5F3, 0xD5F3,
  0xD5F3, 0xD5F3, 0xD5F3, 0xD5F3, 0xD5F3, 0xD5F3, 0xE696, 0xE696, 0xE696, 0xE696, 0x8593, 0x8593,
  0xC570, 0xC570, 0xD5F3, 0xD5F3, 0x6CB0, 0x6CB0, 0x6CB0, 0x6CB0, 0x6CB0, 0x6CB0, 0x6CB0, 0x6CB0,
  0x6CB0, 0x6CB0, 0x6CB0, 0x6CB0, 0x6CB0, 0x6CB0, 0x6CB0, 0x6CB0, 0x8593, 0x8593, 0x8593, 0x8593,
  0x8593, 0x8593, 0x8593, 0x8593, 0x8593, 0x8593, 0x8593, 0x8593, 0x8593, 0x8593, 0x8593, 0x8593,
  0xE50A, 0xE50A, 0xCC28, 0xCC28, 0xCC28, 0xCC28, 0xCC28, 0xCC28, 0xCC28, 0xCC28, 0xCC28, 0xCC28,
  0xCC28, 0xCC28, 0xC570, 0xC570, 0xD5F3, 0xD5F3, 0xC570, 0xC570, 0xC570, 0xC570, 0xC570, 0xC570,
  0xC570, 0xC570, 0xC570, 0xC570, 0xC570, 0xC570, 0xBCCD, 0xBCCD, 0xA326, 0xA326, 0xA326, 0xA326,
  0xCC28, 0xCC28, 0x5BEA, 0x5BEA, 0x6CB0, 0x6CB0, 0x5BEA, 0x5BEA, 0x6CB0, 0x6CB0, 0xBCCD, 0xBCCD,
  0xA326, 0xA326, 0xA326, 0xA326, 0xC570, 0xC570, 0xD5F3, 0xD5F3, 0x9389, 0x9389, 0x51A3, 0x51A3,
  0x51A3, 0x51A3, 0x51A3, 0x51A3, 0x7225, 0x7225, 0x7225, 0x7225, 0x7225, 0x7225, 0x7225, 0x7225,
  0x7225, 0x7225, 0x7225, 0x7225, 0x7225, 0x7225, 0x7225, 0x7225, 0x6CB0, 0x6CB0, 0x8593, 0x8593,
  0xC570, 0xC570, 0xD5F3, 0xD5F3, 0xD5F3, 0xD5F3, 0xD5F3, 0xD5F3, 0xD5F3, 0xD5F3, 0xD5F3, 0xD5F3,
  0xD5F3, 0xD5F3, 0xC570, 0xC570, 0x8593, 0x8593, 0xC570, 0xC570, 0xD5F3, 0xD5F3, 0xD5F3, 0xD5F3,
  0xD5F3, 0xD5F3, 0xD5F3, 0xD5F3, 0xD5F3, 0xD5F3, 0xD5F3, 0xD5F3, 0xD5F3, 0xD5F3, 0xD5F3, 0xD5F3,
  0xD5F3, 0xD5F3, 0xD5F3, 0xD5F3, 0xD5F3, 0xD5F3, 0xD5F3, 0xD5F3, 0xE696, 0xE696, 0xE696, 0xE696,
  0xD5F3, 0xD5F3, 0x8593, 0x8593, 0x8593, 0x8593, 0x8593, 0x8593, 0x8593, 0x8593, 0x8593, 0x8593,
  0x8593, 0x8593, 0x8593, 0x8593, 0x8593, 0x8593, 0x8593, 0x8593, 0x8593, 0x8593, 0x8593, 0x8593,
  0x8593, 0x8593, 0x8593, 0x8593, 0xAE56, 0xAE56, 0x8593, 0x8593, 0x8593, 0x8593, 0x8593, 0x8593,
  0xD5F3, 0xD5F3, 0xD5F3, 0xD5F3, 0xE696, 0xE696, 0xE696, 0xE696, 0xD5F3, 0xD5F3, 0xE696, 0xE696,
  0xD5F3, 0xD5F3, 0xD5F3, 0xD5F3, 0xE696, 0xE696, 0xE696, 0xE696, 0xD5F3, 0xD5F3, 0xD5F3, 0xD5F3,
  0xD5F3, 0xD5F3, 0xD5F3, 0xD5F3, 0xD5F3, 0xD5F3, 0xD5F3, 0xD5F3, 0xD5F3, 0xD5F3, 0xD5F3, 0xD5F3,
  0xD5F3, 0xD5F3, 0xC570, 0xC570, 0x6CB0, 0x6CB0, 0x6CB0, 0x6CB0, 0x6CB0, 0x6CB0, 0x6CB0, 0x6CB0,
  0x6CB0, 0x6CB0, 0x6CB0, 0x6CB0, 0x6CB0, 0x6CB0, 0x6CB0, 0x6CB0, 0x8593, 0x8593, 0x8593, 0x8593,
  0x8593, 0x8593, 0x8593, 0x8593, 0x8593, 0x8593, 0x8593, 0x8593, 0x8593, 0x8593, 0x8593, 0x8593,
  0xE50A, 0xE50A, 0xCC28, 0xCC28, 0xCC28, 0xCC28, 0xCC28, 0xCC28, 0xCC28, 0xCC28, 0xCC28, 0xCC28,
  0xCC28, 0xCC28, 0xC570, 0xC570, 0xD5F3, 0xD5F3, 0xC570, 0xC570, 0xC570, 0xC570, 0xC570, 0xC570,
  0xC570, 0xC570, 0xC570, 0xC570, 0xC570, 0xC570, 0xBCCD, 0xBCCD, 0xA326, 0xA326, 0xA326, 0xA326,
  0xCC28, 0xCC28, 0x5BEA, 0x5BEA, 0x6CB0, 0x6CB0, 0x5BEA, 0x5BEA, 0x6CB0, 0x6CB0, 0xBCCD, 0xBCCD,
  0xA326, 0xA326, 0xA326, 0xA326, 0xC570, 0xC570, 0xD5F3, 0xD5F3, 0x9389, 0x9389, 0x51A3, 0x51A3,
  0x51A3, 0x51A3, 0x51A3, 0x51A3, 0x7225, 0x7225, 0x7225, 0x7225, 0x7225, 0x7225, 0x7225, 0x7225,
  0x7225, 0x7225, 0x7225, 0x7225, 0x7225, 0x7225, 0x7225, 0x7225, 0x6CB0, 0x6CB0, 0x8593, 0x8593,
  0xC570, 0xC570, 0xD5F3, 0xD5F3, 0xD5F3, 0xD5F3, 0xD5F3, 0xD5F3, 0xD5F3, 0xD5F3, 0xD5F3, 0xD5F3,
  0xD5F3, 0xD5F3, 0xC570, 0xC570, 0x8593, 0x8593, 0xC570, 0xC570, 0xD5F3, 0xD5F3, 0xD5F3, 0xD5F3,
  0xD5F3, 0xD5F3, 0xD5F3, 0xD5F3, 0xD5F3, 0xD5F3, 0xD5F3, 0xD5F3, 0xD5F3, 0xD5F3, 0xD5F3, 0xD5F3,
  0xD5F3, 0xD5F3, 0xD5F3, 0xD5F3, 0xD5F3, 0xD5F3, 0xD5F3, 0xD5F3, 0xE696, 0xE696, 0xE696, 0xE696,
  0xD5F3, 0xD5F3, 0x8593, 0x8593, 0x8593, 0x8593, 0x8593, 0x8593, 0x8593, 0x8593, 0x8593, 0x8593,
  0x8593, 0x8593, 0x8593, 0x8593, 0x8593, 0x8593, 0x8593, 0x8593, 0x8593, 0x8593, 0x8593, 0x8593,
  0x8593, 0x8593, 0x8593, 0x8593, 0xAE56, 0xAE56, 0x8593, 0x8593, 0x8593, 0x8593, 0x8593, 0x8593,
  0xD5F3, 0xD5F3, 0xD5F3, 0xD5F3, 0xE696, 0xE696, 0xE696, 0xE696, 0xD5F3, 0xD5F3, 0xE696, 0xE696,
  0xD5F3, 0xD5F3, 0xD5F3, 0xD5F3, 0xE696, 0xE696, 0xE696, 0xE696, 0xD5F3, 0xD5F3, 0xD5F3, 0xD5F3,
  0xD5F3, 0xD5F3, 0xD5F3, 0xD5F3, 0xD5F3, 0xD5F3, 0xD5F3, 0xD5F3, 0xD5F3, 0xD5F3, 0xD5F3, 0xD5F3,
  0xD5F3, 0xD5F3, 0xC570, 0xC570, 0x6CB0, 0x6CB0, 0x6CB0, 0x6CB0, 0x6CB0, 0x6CB0, 0x6CB0, 0x6CB0,
  0x6CB0, 0x6CB0, 0x6CB0, 0x6CB0, 0x6CB0, 0x6CB0, 0x6CB0, 0x6CB0, 0x8593, 0x8593, 0x8593, 0x8593,
  0x8593, 0x8593, 0x8593, 0x8593, 0x8593, 0x8593, 0x8593, 0x8593, 0x8593, 0x8593, 0x8593, 0x8593,
  0xC570, 0xC570, 0xD5F3, 0xD5F3, 0xE50A, 0xE50A, 0xCC28, 0xCC28, 0xCC28, 0xCC28, 0xE50A, 0xE50A,
  0xCC28, 0xCC28, 0xCC28, 0xCC28, 0xC570, 0xC570, 0xC570, 0xC570, 0xC570, 0xC570, 0xC570, 0xC570,
  0xC570, 0xC570, 0xC570, 0xC570, 0xC570, 0xC570, 0xBCCD, 0xBCCD, 0xA326, 0xA326, 0xA326, 0xA326,
  0xCC28, 0xCC28, 0x5BEA, 0x5BEA, 0x6CB0, 0x6CB0, 0x5BEA, 0x5BEA, 0x6CB0, 0x6CB0, 0xBCCD, 0xBCCD,
  0xA326, 0xA326, 0xA326, 0xA326, 0xAC4C, 0xAC4C, 0x72E8, 0x72E8, 0x51A3, 0x51A3, 0x51A3, 0x51A3,
  0x51A3, 0x51A3, 0x51A3, 0x51A3, 0x7225, 0x7225, 0x72E8, 0x72E8, 0x72E8, 0x72E8, 0x7225, 0x7225,
  0x7225, 0x7225, 0x7225, 0x7225, 0xA326, 0xA326, 0x7225, 0x7225, 0x6CB0, 0x6CB0, 0x8593, 0x8593,
  0x8593, 0x8593, 0x8593, 0x8593, 0xC570, 0xC570, 0xD5F3, 0xD5F3, 0xD5F3, 0xD5F3, 0xC570, 0xC570,
  0x6CB0, 0x6CB0, 0x6CB0, 0x6CB0, 0x8593, 0x8593, 0x6CB0, 0x6CB0, 0x8593, 0x8593, 0xC570, 0xC570,
  0xD5F3, 0xD5F3, 0xD5F3, 0xD5F3, 0xD5F3, 0xD5F3, 0xD5F3, 0xD5F3, 0xD5F3, 0xD5F3, 0xD5F3, 0xD5F3,
  0xD5F3, 0xD5F3, 0xD5F3, 0xD5F3, 0xD5F3, 0xD5F3, 0xD5F3, 0xD5F3, 0xD5F3, 0xD5F3, 0xD5F3, 0xD5F3,
  0xE696, 0xE696, 0xE696, 0xE696, 0xD5F3, 0xD5F3, 0x8593, 0x8593, 0x8593, 0x8593, 0x8593, 0x8593,
  0x8593, 0x8593, 0x8593, 0x8593, 0x8593, 0x8593, 0x8593, 0x8593, 0x8593, 0x8593, 0x8593, 0x8593,
  0x8593, 0x8593, 0x8593, 0x8593, 0x8593, 0x8593, 0xAE56, 0xAE56, 0x8593, 0x8593, 0x8593, 0x8593,
  0x8593, 0x8593, 0x8593, 0x8593, 0xD5F3, 0xD5F3, 0xD5F3, 0xD5F3, 0xE696, 0xE696, 0xE696, 0xE696,
  0xE696, 0xE696, 0xD5F3, 0xD5F3, 0xD5F3, 0xD5F3, 0xD5F3, 0xD5F3, 0xD5F3, 0xD5F3, 0xE696, 0xE696,
  0xD5F3, 0xD5F3, 0xD5F3, 0xD5F3, 0xD5F3, 0xD5F3, 0xD5F3, 0xD5F3, 0xD5F3, 0xD5F3, 0xE696, 0xE696,
  0xD5F3, 0xD5F3, 0x6CB0, 0x6CB0, 0x6CB0, 0x6CB0, 0x6CB0, 0x6CB0, 0x6CB0, 0x6CB0, 0x6CB0, 0x6CB0,
  0x6CB0, 0x6CB0, 0x6CB0, 0x6CB0, 0x6CB0, 0x6CB0, 0x6CB0, 0x6CB0, 0x8593, 0x8593, 0x8593, 0x8593,
  0x8593, 0x8593, 0x8593, 0x8593, 0x8593, 0x8593, 0x8593, 0x8593, 0x8593, 0x8593, 0x8593, 0x8593,
  0xC570, 0xC570, 0xD5F3, 0xD5F3, 0xE50A, 0xE50A, 0xCC28, 0xCC28, 0xCC28, 0xCC28, 0xE50A, 0xE50A,
  0xCC28, 0xCC28, 0xCC28, 0xCC28, 0xC570, 0xC570, 0xC570, 0xC570, 0xC570, 0xC570, 0xC570, 0xC570,
  0xC570, 0xC570, 0xC570, 0xC570, 0xC570, 0xC570, 0xBCCD, 0xBCCD, 0xA326, 0xA326, 0xA326, 0xA326,
  0xCC28, 0xCC28, 0x5BEA, 0x5BEA, 0x6CB0, 0x6CB0, 0x5BEA, 0x5BEA, 0x6CB0, 0x6CB0, 0xBCCD, 0xBCCD,
  0xA326, 0xA326, 0xA326, 0xA326, 0xAC4C, 0xAC4C, 0x72E8, 0x72E8, 0x51A3, 0x51A3, 0x51A3, 0x51A3,
  0x51A3, 0x51A3, 0x51A3, 0x51A3, 0x7225, 0x7225, 0x72E8, 0x72E8, 0x72E8, 0x72E8, 0x7225, 0x7225,
  0x7225, 0x7225, 0x7225, 0x7225, 0xA326, 0xA326, 0x7225, 0x7225, 0x6CB0, 0x6CB0, 0x8593, 0x8593,
  0x8593, 0x8593, 0x8593, 0x8593, 0xC570, 0xC570, 0xD5F3, 0xD5F3, 0xD5F3, 0xD5F3, 0xC570, 0xC570,
  0x6CB0, 0x6CB0, 0x6CB0, 0x6CB0, 0x8593, 0x8593, 0x6CB0, 0x6CB0, 0x8593, 0x8593, 0xC570, 0xC570,
  0xD5F3, 0xD5F3, 0xD5F3, 0xD5F3, 0xD5F3, 0xD5F3, 0xD5F3, 0xD5F3, 0xD5F3, 0xD5F3, 0xD5F3, 0xD5F3,
  0xD5F3, 0xD5F3, 0xD5F3, 0xD5F3, 0xD5F3, 0xD5F3, 0xD5F3, 0xD5F3, 0xD5F3, 0xD5F3, 0xD5F3, 0xD5F3,
  0xE696, 0xE696, 0xE696, 0xE696, 0xD5F3, 0xD5F3, 0x8593, 0x8593, 0x8593, 0x8593, 0x8593, 0x8593,
  0x8593, 0x8593, 0x8593, 0x8593, 0x8593, 0x8593, 0x8593, 0x8593, 0x8593, 0x8593, 0x8593, 0x8593,
  0x8593, 0x8593, 0x8593, 0x8593, 0x8593, 0x8593, 0xAE56, 0xAE56, 0x8593, 0x8593, 0x8593, 0x8593,
  0x8593, 0x8593, 0x8593, 0x8593, 0xD5F3, 0xD5F3, 0xD5F3, 0xD5F3, 0xE696, 0xE696, 0xE696, 0xE696,
  0xE696, 0xE696, 0xD5F3, 0xD5F3, 0xD5F3, 0xD5F3, 0xD5F3, 0xD5F3, 0xD5F3, 0xD5F3, 0xE696, 0xE696,
  0xD5F3, 0xD5F3, 0xD5F3, 0xD5F3, 0xD5F3, 0xD5F3, 0xD5F3, 0xD5F3, 0xD5F3, 0xD5F3, 0xE696, 0xE696,
  0xD5F3, 0xD5F3, 0x6CB0, 0x6CB0, 0x6CB0, 0x6CB0, 0x6CB0, 0x6CB0, 0x6CB0, 0x6CB0, 0x6CB0, 0x6CB0,
  0x6CB0, 0x6CB0, 0x6CB0, 0x6CB0, 0x6CB0, 0x6CB0, 0x6CB0, 0x6CB0, 0x8593, 0x8593, 0x8593, 0x8593,
  0x8593, 0x8593, 0x8593, 0x8593, 0x8593, 0x8593, 0x8593, 0x8593, 0x8593, 0x8593, 0x8593, 0x8593,
  0x6CB0, 0x6CB0, 0x8593, 0x8593, 0xD5F3, 0xD5F3, 0xBCCD, 0xBCCD, 0xCC28, 0xCC28, 0xCC28, 0xCC28,
  0xA326, 0xA326, 0xCC28, 0xCC28, 0xC570, 0xC570, 0xC570, 0xC570, 0xC570, 0xC570, 0xC570, 0xC570,
  0xC570, 0xC570, 0xC570, 0xC570, 0xC570, 0xC570, 0xBCCD, 0xBCCD, 0xA326, 0xA326, 0xA326, 0xA326,
  0xA326, 0xA326, 0x5BEA, 0x5BEA, 0x6CB0, 0x6CB0, 0x5BEA, 0x5BEA, 0x6CB0, 0x6CB0, 0xBCCD, 0xBCCD,
  0xA326, 0xA326, 0x7225, 0x7225, 0x51A3, 0x51A3, 0x51A3, 0x51A3, 0x7225, 0x7225, 0x7225, 0x7225,
  0x7225, 0x7225, 0x7225, 0x7225, 0xA326, 0xA326, 0x72E8, 0x72E8, 0x7225, 0x7225, 0x7225, 0x7225,
  0x7225, 0x7225, 0x7225, 0x7225, 0xA326, 0xA326, 0x7225, 0x7225, 0x5BEA, 0x5BEA, 0x6CB0, 0x6CB0,
  0x8593, 0x8593, 0x8593, 0x8593, 0x8593, 0x8593, 0x8593, 0x8593, 0xC570, 0xC570, 0x5BEA, 0x5BEA,
  0x6CB0, 0x6CB0, 0x8593, 0x8593, 0x8593, 0x8593, 0x8593, 0x8593, 0x8593, 0x8593, 0x6CB0, 0x6CB0,
  0xAC4C, 0xAC4C, 0xD5F3, 0xD5F3, 0xD5F3, 0xD5F3, 0xD5F3, 0xD5F3, 0xD5F3, 0xD5F3, 0xD5F3, 0xD5F3,
  0xD5F3, 0xD5F3, 0xD5F3, 0xD5F3, 0xD5F3, 0xD5F3, 0xD5F3, 0xD5F3, 0xD5F3, 0xD5F3, 0xD5F3, 0xD5F3,
  0xD5F3, 0xD5F3, 0xD5F3, 0xD5F3, 0xE696, 0xE696, 0xE696, 0xE696, 0xD5F3, 0xD5F3, 0x8593, 0x8593,
  0x8593, 0x8593, 0x8593, 0x8593, 0x8593, 0x8593, 0xAE56, 0xAE56, 0x8593, 0x8593, 0x8593, 0x8593,
  0x8593, 0x8593, 0x8593, 0x8593, 0x8593, 0x8593, 0x8593, 0x8593, 0x8593, 0x8593, 0x8593, 0x8593,
  0x8593, 0x8593, 0x8593, 0x8593, 0x8593, 0x8593, 0x8593, 0x8593, 0xC570, 0xC570, 0xD5F3, 0xD5F3,
  0xE696, 0xE696, 0xE696, 0xE696, 0xD5F3, 0xD5F3, 0xD5F3, 0xD5F3, 0xD5F3, 0xD5F3, 0xD5F3, 0xD5F3,
  0xD5F3, 0xD5F3, 0xD5F3, 0xD5F3, 0xD5F3, 0xD5F3, 0xE696, 0xE696, 0xE696, 0xE696, 0xD5F3, 0xD5F3,
  0x8593, 0x8593, 0x6CB0, 0x6CB0, 0x6CB0, 0x6CB0, 0x6CB0, 0x6CB0, 0x6CB0, 0x6CB0, 0x6CB0, 0x6CB0,
  0x6CB0, 0x6CB0, 0x8593, 0x8593, 0x6CB0, 0x6CB0, 0x6CB0, 0x6CB0, 0x8593, 0x8593, 0x8593, 0x8593,
  0x8593, 0x8593, 0x8593, 0x8593, 0x8593, 0x8593, 0x8593, 0x8593, 0x8593, 0x8593, 0x8593, 0x8593,
  0x6CB0, 0x6CB0, 0x8593, 0x8593, 0xD5F3, 0xD5F3, 0xBCCD, 0xBCCD, 0xCC28, 0xCC28, 0xCC28, 0xCC28,
  0xA326, 0xA326, 0xCC28, 0xCC28, 0xC570, 0xC570, 0xC570, 0xC570, 0xC570, 0xC570, 0xC570, 0xC570,
  0xC570, 0xC570, 0xC570, 0xC570, 0xC570, 0xC570, 0xBCCD, 0xBCCD, 0xA326, 0xA326, 0xA326, 0xA326,
  0xA326, 0xA326, 0x5BEA, 0x5BEA, 0x6CB0, 0x6CB0, 0x5BEA, 0x5BEA, 0x6CB0, 0x6CB0, 0xBCCD, 0xBCCD,
  0xA326, 0xA326, 0x7225, 0x7225, 0x51A3, 0x51A3, 0x51A3, 0x51A3, 0x7225, 0x7225, 0x7225, 0x7225,
  0x7225, 0x7225, 0x7225, 0x7225, 0xA326, 0xA326, 0x72E8, 0x72E8, 0x7225, 0x7225, 0x7225, 0x7225,
  0x7225, 0x7225, 0x7225, 0x7225, 0xA326, 0xA326, 0x7225, 0x7225, 0x5BEA, 0x5BEA, 0x6CB0, 0x6CB0,
  0x8593, 0x8593, 0x8593, 0x8593, 0x8593, 0x8593, 0x8593, 0x8593, 0xC570, 0xC570, 0x5BEA, 0x5BEA,
  0x6CB0, 0x6CB0, 0x8593, 0x8593, 0x8593, 0x8593, 0x8593, 0x8593, 0x8593, 0x8593, 0x6CB0, 0x6CB0,
  0xAC4C, 0xAC4C, 0xD5F3, 0xD5F3, 0xD5F3, 0xD5F3, 0xD5F3, 0xD5F3, 0xD5F3, 0xD5F3, 0xD5F3, 0xD5F3,
  0xD5F3, 0xD5F3, 0xD5F3, 0xD5F3, 0xD5F3, 0xD5F3, 0xD5F3, 0xD5F3, 0xD5F3, 0xD5F3, 0xD5F3, 0xD5F3,
  0xD5F3, 0xD5F3, 0xD5F3, 0xD5F3, 0xE696, 0xE696, 0xE696, 0xE696, 0xD5F3, 0xD5F3, 0x8593, 0x8593,
  0x8593, 0x8593, 0x8593, 0x8593, 0x8593, 0x8593, 0xAE56, 0xAE56, 0x8593, 0x8593, 0x8593, 0x8593,
  0x8593, 0x8593, 0x8593, 0x8593, 0x8593, 0x8593, 0x8593, 0x8593, 0x8593, 0x8593, 0x8593, 0x8593,
  0x8593, 0x8593, 0x8593, 0x8593, 0x8593, 0x8593, 0x8593, 0x8593, 0xC570, 0xC570, 0xD5F3, 0xD5F3,
  0xE696, 0xE696, 0xE696, 0xE696, 0xD5F3, 0xD5F3, 0xD5F3, 0xD5F3, 0xD5F3, 0xD5F3, 0xD5F3, 0xD5F3,
  0xD5F3, 0xD5F3, 0xD5F3, 0xD5F3, 0xD5F3, 0xD5F3, 0xE696, 0xE696, 0xE696, 0xE696, 0xD5F3, 0xD5F3,
  0x8593, 0x8593, 0x6CB0, 0x6CB0, 0x6CB0, 0x6CB0, 0x6CB0, 0x6CB0, 0x6CB0, 0x6CB0, 0x6CB0, 0x6CB0,
  0x6CB0, 0x6CB0, 0x8593, 0x8593, 0x6CB0, 0x6CB0, 0x6CB0, 0x6CB0, 0x8593, 0x8593, 0x8593, 0x8593,
  0x8593, 0x8593, 0x8593, 0x8593, 0x8593, 0x8593, 0x8593, 0x8593, 0x8593, 0x8593, 0x8593, 0x8593,
  0x6CB0, 0x6CB0, 0x6CB0, 0x6CB0, 0x6CB0, 0x6CB0, 0xC570, 0xC570, 0xCC28, 0xCC28, 0xA326, 0xA326,
  0xA326, 0xA326, 0xCC28, 0xCC28, 0xC570, 0xC570, 0xC570, 0xC570, 0xC570, 0xC570, 0xC570, 0xC570,
  0xC570, 0xC570, 0xC570, 0xC570, 0xC570, 0xC570, 0xBCCD, 0xBCCD, 0xA326, 0xA326, 0xA326, 0xA326,
  0xA326, 0xA326, 0x5BEA, 0x5BEA, 0x6CB0, 0x6CB0, 0x6CB0, 0x6CB0, 0x5BEA, 0x5BEA, 0x72E8, 0x72E8,
  0x51A3, 0x51A3, 0x51A3, 0x51A3, 0x7225, 0x7225, 0x7225, 0x7225, 0x7225, 0x7225, 0xA326, 0xA326,
  0xA326, 0xA326, 0x72E8, 0x72E8, 0x7225, 0x7225, 0x7225, 0x7225, 0x72E8, 0x72E8, 0x72E8, 0x72E8,
  0x72E8, 0x72E8, 0x72E8, 0x72E8, 0x7225, 0x7225, 0x5A88, 0x5A88, 0x5BEA, 0x5BEA, 0x5BEA, 0x5BEA,
  0x5BEA, 0x5BEA, 0x6CB0, 0x6CB0, 0x8593, 0x8593, 0x8593, 0x8593, 0x8593, 0x8593, 0x5BEA, 0x5BEA,
  0x5BEA, 0x5BEA, 0x5BEA, 0x5BEA, 0x6CB0, 0x6CB0, 0x8593, 0x8593, 0x6CB0, 0x6CB0, 0x432A, 0x432A,
  0x39C6, 0x39C6, 0xC570, 0xC570, 0xD5F3, 0xD5F3, 0xD5F3, 0xD5F3, 0xD5F3, 0xD5F3, 0xD5F3, 0xD5F3,
  0xD5F3, 0xD5F3, 0xD5F3, 0xD5F3, 0xD5F3, 0xD5F3, 0xD5F3, 0xD5F3, 0xD5F3, 0xD5F3, 0xD5F3, 0xD5F3,
  0xD5F3, 0xD5F3, 0xD5F3, 0xD5F3, 0xD5F3, 0xD5F3, 0xD5F3, 0xD5F3, 0xE696, 0xE696, 0xE696, 0xE696,
  0xD5F3, 0xD5F3, 0x8593, 0x8593, 0x8593, 0x8593, 0x8593, 0x8593, 0x8593, 0x8593, 0x8593, 0x8593,
  0xAE56, 0xAE56, 0x8593, 0x8593, 0x8593, 0x8593, 0x8593, 0x8593, 0x8593, 0x8593, 0x8593, 0x8593,
  0x8593, 0x8593, 0x8593, 0x8593, 0x8593, 0x8593, 0x8593, 0x8593, 0x8593, 0x8593, 0x8593, 0x8593,
  0xC570, 0xC570, 0xD5F3, 0xD5F3, 0xD5F3, 0xD5F3, 0xD5F3, 0xD5F3, 0xE696, 0xE696, 0xE696, 0xE696,
  0xE696, 0xE696, 0xE696, 0xE696, 0xE696, 0xE696, 0xD5F3, 0xD5F3, 0xC570, 0xC570, 0x6CB0, 0x6CB0,
  0x6CB0, 0x6CB0, 0x6CB0, 0x6CB0, 0x6CB0, 0x6CB0, 0x6CB0, 0x6CB0, 0x6CB0, 0x6CB0, 0x6CB0, 0x6CB0,
  0x6CB0, 0x6CB0, 0x8593, 0x8593, 0x8593, 0x8593, 0x8593, 0x8593, 0x8593, 0x8593, 0x8593, 0x8593,
  0x8593, 0x8593, 0x8593, 0x8593, 0x8593, 0x8593, 0x8593, 0x8593, 0x8593, 0x8593, 0x8593, 0x8593,
  0x6CB0, 0x6CB0, 0x6CB0, 0x6CB0, 0x6CB0, 0x6CB0, 0xC570, 0xC570, 0xCC28, 0xCC28, 0xA326, 0xA326,
  0xA326, 0xA326, 0xCC28, 0xCC28, 0xC570, 0xC570, 0xC570, 0xC570, 0xC570, 0xC570, 0xC570, 0xC570,
  0xC570, 0xC570, 0xC570, 0xC570, 0xC570, 0xC570, 0xBCCD, 0xBCCD, 0xA326, 0xA326, 0xA326, 0xA326,
  0xA326, 0xA326, 0x5BEA, 0x5BEA, 0x6CB0, 0x6CB0, 0x6CB0, 0x6CB0, 0x5BEA, 0x5BEA, 0x72E8, 0x72E8,
  0x51A3, 0x51A3, 0x51A3, 0x51A3, 0x7225, 0x7225, 0x7225, 0x7225, 0x7225, 0x7225, 0xA326, 0xA326,
  0xA326, 0xA326, 0x72E8, 0x72E8, 0x7225, 0x7225, 0x7225, 0x7225, 0x72E8, 0x72E8, 0x72E8, 0x72E8,
  0x72E8, 0x72E8, 0x72E8, 0x72E8, 0x7225, 0x7225, 0x5A88, 0x5A88, 0x5BEA, 0x5BEA, 0x5BEA, 0x5BEA,
  0x5BEA, 0x5BEA, 0x6CB0, 0x6CB0, 0x8593, 0x8593, 0x8593, 0x8593, 0x8593, 0x8593, 0x5BEA, 0x5BEA,
  0x5BEA, 0x5BEA, 0x5BEA, 0x5BEA, 0x6CB0, 0x6CB0, 0x8593, 0x8593, 0x6CB0, 0x6CB0, 0x432A, 0x432A,
  0x39C6, 0x39C6, 0xC570, 0xC570, 0xD5F3, 0xD5F3, 0xD5F3, 0xD5F3, 0xD5F3, 0xD5F3, 0xD5F3, 0xD5F3,
  0xD5F3, 0xD5F3, 0xD5F3, 0xD5F3, 0xD5F3, 0xD5F3, 0xD5F3, 0xD5F3, 0xD5F3, 0xD5F3, 0xD5F3, 0xD5F3,
  0xD5F3, 0xD5F3, 0xD5F3, 0xD5F3, 0xD5F3, 0xD5F3, 0xD5F3, 0xD5F3, 0xE696, 0xE696, 0xE696, 0xE696,
  0xD5F3, 0xD5F3, 0x8593, 0x8593, 0x8593, 0x8593, 0x8593, 0x8593, 0x8593, 0x8593, 0x8593, 0x8593,
  0xAE56, 0xAE56, 0x8593, 0x8593, 0x8593, 0x8593, 0x8593, 0x8593, 0x8593, 0x8593, 0x8593, 0x8593,
  0x8593, 0x8593, 0x8593, 0x8593, 0x8593, 0x8593, 0x8593, 0x8593, 0x8593, 0x8593, 0x8593, 0x8593,
  0xC570, 0xC570, 0xD5F3, 0xD5F3, 0xD5F3, 0xD5F3, 0xD5F3, 0xD5F3, 0xE696, 0xE696, 0xE696, 0xE696,
  0xE696, 0xE696, 0xE696, 0xE696, 0xE696, 0xE696, 0xD5F3, 0xD5F3, 0xC570, 0xC570, 0x6CB0, 0x6CB0,
  0x6CB0, 0x6CB0, 0x6CB0, 0x6CB0, 0x6CB0, 0x6CB0, 0x6CB0, 0x6CB0, 0x6CB0, 0x6CB0, 0x6CB0, 0x6CB0,
  0x6CB0, 0x6CB0, 0x8593, 0x8593, 0x8593, 0x8593, 0x8593, 0x8593, 0x8593, 0x8593, 0x8593, 0x8593,
  0x8593, 0x8593, 0x8593, 0x8593, 0x8593, 0x8593, 0x8593, 0x8593, 0x8593, 0x8593, 0x8593, 0x8593,
  0x6CB0, 0x6CB0, 0x6CB0, 0x6CB0, 0x5BEA, 0x5BEA, 0xBCCD, 0xBCCD, 0xCC28, 0xCC28, 0xA326, 0xA326,
  0xA326, 0xA326, 0xCC28, 0xCC28, 0xC570, 0xC570, 0xC570, 0xC570, 0xC570, 0xC570, 0xC570, 0xC570,
  0xC570, 0xC570, 0xC570, 0xC570, 0xC570, 0xC570, 0xBCCD, 0xBCCD, 0xA326, 0xA326, 0xA326, 0xA326,
  0xCC28, 0xCC28, 0x6CB0, 0x6CB0, 0x5BEA, 0x5BEA, 0x5A88, 0x5A88, 0x51A3, 0x51A3, 0x51A3, 0x51A3,
  0x7225, 0x7225, 0x7225, 0x7225, 0x7225, 0x7225, 0x72E8, 0x72E8, 0xA326, 0xA326, 0x72E8, 0x72E8,
  0x72E8, 0x72E8, 0x72E8, 0x72E8, 0x72E8, 0x72E8, 0x72E8, 0x72E8, 0x72E8, 0x72E8, 0x7225, 0x7225,
  0x7225, 0x7225, 0x7225, 0x7225, 0x72E8, 0x72E8, 0x7225, 0x7225, 0x5BEA, 0x5BEA, 0x5BEA, 0x5BEA,
  0x5BEA, 0x5BEA, 0x5BEA, 0x5BEA, 0x5BEA, 0x5BEA, 0x6CB0, 0x6CB0, 0x6CB0, 0x6CB0, 0x5BEA, 0x5BEA,
  0x8593, 0x8593, 0x6CB0, 0x6CB0, 0x5BEA, 0x5BEA, 0x5BEA, 0x5BEA, 0x432A, 0x432A, 0x5A88, 0x5A88,
  0x72E8, 0x72E8, 0xBCCD, 0xBCCD, 0xD5F3, 0xD5F3, 0xD5F3, 0xD5F3, 0xD5F3, 0xD5F3, 0xD5F3, 0xD5F3,
  0xD5F3, 0xD5F3, 0xD5F3, 0xD5F3, 0xD5F3, 0xD5F3, 0xD5F3, 0xD5F3, 0xD5F3, 0xD5F3, 0xD5F3, 0xD5F3,
  0xD5F3, 0xD5F3, 0xD5F3, 0xD5F3, 0xD5F3, 0xD5F3, 0xD5F3, 0xD5F3, 0xD5F3, 0xD5F3, 0xD5F3, 0xD5F3,
  0xD5F3, 0xD5F3, 0xE696, 0xE696, 0xD5F3, 0xD5F3, 0xC570, 0xC570, 0x8593, 0x8593, 0x8593, 0x8593,
  0x8593, 0x8593, 0x8593, 0x8593, 0x8593, 0x8593, 0x8593, 0x8593, 0x8593, 0x8593, 0x8593, 0x8593,
  0x8593, 0x8593, 0x8593, 0x8593, 0x8593, 0x8593, 0x8593, 0x8593, 0x8593, 0x8593, 0x8593, 0x8593,
  0x8593, 0x8593, 0x8593, 0x8593, 0x8593, 0x8593, 0xC570, 0xC570, 0xC570, 0xC570, 0xC570, 0xC570,
  0xC570, 0xC570, 0xC570, 0xC570, 0x8593, 0x8593, 0x8593, 0x8593, 0x6CB0, 0x6CB0, 0x6CB0, 0x6CB0,
  0x6CB0, 0x6CB0, 0x6CB0, 0x6CB0, 0x6CB0, 0x6CB0, 0x6CB0, 0x6CB0, 0x6CB0, 0x6CB0, 0x6CB0, 0x6CB0,
  0x8593, 0x8593, 0x8593, 0x8593, 0x8593, 0x8593, 0x8593, 0x8593, 0x8593, 0x8593, 0x8593, 0x8593,
  0x8593, 0x8593, 0x8593, 0x8593, 0x8593, 0x8593, 0x8593, 0x8593, 0x8593, 0x8593, 0x8593, 0x8593,
  0x6CB0, 0x6CB0, 0x6CB0, 0x6CB0, 0x5BEA, 0x5BEA, 0xBCCD, 0xBCCD, 0xCC28, 0xCC28, 0xA326, 0xA326,
  0xA326, 0xA326, 0xCC28, 0xCC28, 0xC570, 0xC570, 0xC570, 0xC570, 0xC570, 0xC570, 0xC570, 0xC570,
  0xC570, 0xC570, 0xC570, 0xC570, 0xC570, 0xC570, 0xBCCD, 0xBCCD, 0xA326, 0xA326, 0xA326, 0xA326,
  0xCC28, 0xCC28, 0x6CB0, 0x6CB0, 0x5BEA, 0x5BEA, 0x5A88, 0x5A88, 0x51A3, 0x51A3, 0x51A3, 0x51A3,
  0x7225, 0x7225, 0x7225, 0x7225, 0x7225, 0x7225, 0x72E8, 0x72E8, 0xA326, 0xA326, 0x72E8, 0x72E8,
  0x72E8, 0x72E8, 0x72E8, 0x72E8, 0x72E8, 0x72E8, 0x72E8, 0x72E8, 0x72E8, 0x72E8, 0x7225, 0x7225,
  0x7225, 0x7225, 0x7225, 0x7225, 0x72E8, 0x72E8, 0x7225, 0x7225, 0x5BEA, 0x5BEA, 0x5BEA, 0x5BEA,
  0x5BEA, 0x5BEA, 0x5BEA, 0x5BEA, 0x5BEA, 0x5BEA, 0x6CB0, 0x6CB0, 0x6CB0, 0x6CB0, 0x5BEA, 0x5BEA,
  0x8593, 0x8593, 0x6CB0, 0x6CB0, 0x5BEA, 0x5BEA, 0x5BEA, 0x5BEA, 0x432A, 0x432A, 0x5A88, 0x5A88,
  0x72E8, 0x72E8, 0xBCCD, 0xBCCD, 0xD5F3, 0xD5F3, 0xD5F3, 0xD5F3, 0xD5F3, 0xD5F3, 0xD5F3, 0xD5F3,
  0xD5F3, 0xD5F3, 0xD5F3, 0xD5F3, 0xD5F3, 0xD5F3, 0xD5F3, 0xD5F3, 0xD5F3, 0xD5F3, 0xD5F3, 0xD5F3,
  0xD5F3, 0xD5F3, 0xD5F3, 0xD5F3, 0xD5F3, 0xD5F3, 0xD5F3, 0xD5F3, 0xD5F3, 0xD5F3, 0xD5F3, 0xD5F3,
  0xD5F3, 0xD5F3, 0xE696, 0xE696, 0xD5F3, 0xD5F3, 0xC570, 0xC570, 0x8593, 0x8593, 0x8593, 0x8593,
  0x8593, 0x8593, 0x8593, 0x8593, 0x8593, 0x8593, 0x8593, 0x8593, 0x8593, 0x8593, 0x8593, 0x8593,
  0x8593, 0x8593, 0x8593, 0x8593, 0x8593, 0x8593, 0x8593, 0x8593, 0x8593, 0x8593, 0x8593, 0x8593,
  0x8593, 0x8593, 0x8593, 0x8593, 0x8593, 0x8593, 0xC570, 0xC570, 0xC570, 0xC570, 0xC570, 0xC570,
  0xC570, 0xC570, 0xC570, 0xC570, 0x8593, 0x8593, 0x8593, 0x8593, 0x6CB0, 0x6CB0, 0x6CB0, 0x6CB0,
  0x6CB0, 0x6CB0, 0x6CB0, 0x6CB0, 0x6CB0, 0x6CB0, 0x6CB0, 0x6CB0, 0x6CB0, 0x6CB0, 0x6CB0, 0x6CB0,
  0x8593, 0x8593, 0x8593, 0x8593, 0x8593, 0x8593, 0x8593, 0x8593, 0x8593, 0x8593, 0x8593, 0x8593,
  0x8593, 0x8593, 0x8593, 0x8593, 0x8593, 0x8593, 0x8593, 0x8593, 0x8593, 0x8593, 0x8593, 0x8593,
  0x6CB0, 0x6CB0, 0x5BEA, 0x5BEA, 0x5BEA, 0x5BEA, 0xC570, 0xC570, 0xCC28, 0xCC28, 0xA326, 0xA326,
  0xA326, 0xA326, 0xCC28, 0xCC28, 0xC570, 0xC570, 0xC570, 0xC570, 0xC570, 0xC570, 0xC570, 0xC570,
  0xC570, 0xC570, 0xC570, 0xC570, 0xC570, 0xC570, 0xBCCD, 0xBCCD, 0xA326, 0xA326, 0xCC28, 0xCC28,
  0xA326, 0xA326, 0x5A88, 0x5A88, 0x39C6, 0x39C6, 0x51A3, 0x51A3, 0x7225, 0x7225, 0x7225, 0x7225,
  0x7225, 0x7225, 0x7225, 0x7225, 0xA326, 0xA326, 0x72E8, 0x72E8, 0x72E8, 0x72E8, 0x7225, 0x7225,
  0x72E8, 0x72E8, 0x72E8, 0x72E8, 0x72E8, 0x72E8, 0x72E8, 0x72E8, 0x7225, 0x7225, 0x7225, 0x7225,
  0x7225, 0x7225, 0x72E8, 0x72E8, 0xA326, 0xA326, 0x7225, 0x7225, 0x5BEA, 0x5BEA, 0x5BEA, 0x5BEA,
  0x5BEA, 0x5BEA, 0x5BEA, 0x5BEA, 0x5BEA, 0x5BEA, 0x5BEA, 0x5BEA, 0x5BEA, 0x5BEA, 0x5BEA, 0x5BEA,
  0xBCCD, 0xBCCD, 0x8593, 0x8593, 0x8593, 0x8593, 0x6CB0, 0x6CB0, 0x432A, 0x432A, 0x7225, 0x7225,
  0x5A88, 0x5A88, 0xAC4C, 0xAC4C, 0xD5F3, 0xD5F3, 0xD5F3, 0xD5F3, 0xD5F3, 0xD5F3, 0xD5F3, 0xD5F3,
  0xD5F3, 0xD5F3, 0xD5F3, 0xD5F3, 0xD5F3, 0xD5F3, 0xD5F3, 0xD5F3, 0xD5F3, 0xD5F3, 0xD5F3, 0xD5F3,
  0xD5F3, 0xD5F3, 0xD5F3, 0xD5F3, 0xD5F3, 0xD5F3, 0xD5F3, 0xD5F3, 0xD5F3, 0xD5F3, 0xD5F3, 0xD5F3,
  0xD5F3, 0xD5F3, 0xD5F3, 0xD5F3, 0xD5F3, 0xD5F3, 0xE696, 0xE696, 0xE696, 0xE696, 0xD5F3, 0xD5F3,
  0x8593, 0x8593, 0x8593, 0x8593, 0x8593, 0x8593, 0xAE56, 0xAE56, 0x8593, 0x8593, 0x8593, 0x8593,
  0x8593, 0x8593, 0x8593, 0x8593, 0x8593, 0x8593, 0x8593, 0x8593, 0x8593, 0x8593, 0x8593, 0x8593,
  0x8593, 0x8593, 0x8593, 0x8593, 0x8593, 0x8593, 0x8593, 0x8593, 0x8593, 0x8593, 0x6CB0, 0x6CB0,
  0x6CB0, 0x6CB0, 0x6CB0, 0x6CB0, 0x6CB0, 0x6CB0, 0x6CB0, 0x6CB0, 0x6CB0, 0x6CB0, 0x6CB0, 0x6CB0,
  0x6CB0, 0x6CB0, 0x6CB0, 0x6CB0, 0x6CB0, 0x6CB0, 0x6CB0, 0x6CB0, 0x8593, 0x8593, 0x8593, 0x8593,
  0x8593, 0x8593, 0x8593, 0x8593, 0x8593, 0x8593, 0x8593, 0x8593, 0x8593, 0x8593, 0x8593, 0x8593,
  0x8593, 0x8593, 0x8593, 0x8593, 0x8593, 0x8593, 0x8593, 0x8593, 0x8593, 0x8593, 0x8593, 0x8593,
  0x6CB0, 0x6CB0, 0x5BEA, 0x5BEA, 0x5BEA, 0x5BEA, 0xC570, 0xC570, 0xCC28, 0xCC28, 0xA326, 0xA326,
  0xA326, 0xA326, 0xCC28, 0xCC28, 0xC570, 0xC570, 0xC570, 0xC570, 0xC570, 0xC570, 0xC570, 0xC570,
  0xC570, 0xC570, 0xC570, 0xC570, 0xC570, 0xC570, 0xBCCD, 0xBCCD, 0xA326, 0xA326, 0xCC28, 0xCC28,
  0xA326, 0xA326, 0x5A88, 0x5A88, 0x39C6, 0x39C6, 0x51A3, 0x51A3, 0x7225, 0x7225, 0x7225, 0x7225,
  0x7225, 0x7225, 0x7225, 0x7225, 0xA326, 0xA326, 0x72E8, 0x72E8, 0x72E8, 0x72E8, 0x7225, 0x7225,
  0x72E8, 0x72E8, 0x72E8, 0x72E8, 0x72E8, 0x72E8, 0x72E8, 0x72E8, 0x7225, 0x7225, 0x7225, 0x7225,
  0x7225, 0x7225, 0x72E8, 0x72E8, 0xA326, 0xA326, 0x7225, 0x7225, 0x5BEA, 0x5BEA, 0x5BEA, 0x5BEA,
  0x5BEA, 0x5BEA, 0x5BEA, 0x5BEA, 0x5BEA, 0x5BEA, 0x5BEA, 0x5BEA, 0x5BEA, 0x5BEA, 0x5BEA, 0x5BEA,
  0xBCCD, 0xBCCD, 0x8593, 0x8593, 0x8593, 0x8593, 0x6CB0, 0x6CB0, 0x432A, 0x432A, 0x7225, 0x7225,
  0x5A88, 0x5A88, 0xAC4C, 0xAC4C, 0xD5F3, 0xD5F3, 0xD5F3, 0xD5F3, 0xD5F3, 0xD5F3, 0xD5F3, 0xD5F3,
  0xD5F3, 0xD5F3, 0xD5F3, 0xD5F3, 0xD5F3, 0xD5F3, 0xD5F3, 0xD5F3, 0xD5F3, 0xD5F3, 0xD5F3, 0xD5F3,
  0xD5F3, 0xD5F3, 0xD5F3, 0xD5F3, 0xD5F3, 0xD5F3, 0xD5F3, 0xD5F3, 0xD5F3, 0xD5F3, 0xD5F3, 0xD5F3,
  0xD5F3, 0xD5F3, 0xD5F3, 0xD5F3, 0xD5F3, 0xD5F3, 0xE696, 0xE696, 0xE696, 0xE696, 0xD5F3, 0xD5F3,
  0x8593, 0x8593, 0x8593, 0x8593, 0x8593, 0x8593, 0xAE56, 0xAE56, 0x8593, 0x8593, 0x8593, 0x8593,
  0x8593, 0x8593, 0x8593, 0x8593, 0x8593, 0x8593, 0x8593, 0x8593, 0x8593, 0x8593, 0x8593, 0x8593,
  0x8593, 0x8593, 0x8593, 0x8593, 0x8593, 0x8593, 0x8593, 0x8593, 0x8593, 0x8593, 0x6CB0, 0x6CB0,
  0x6CB0, 0x6CB0, 0x6CB0, 0x6CB0, 0x6CB0, 0x6CB0, 0x6CB0, 0x6CB0, 0x6CB0, 0x6CB0, 0x6CB0, 0x6CB0,
  0x6CB0, 0x6CB0, 0x6CB0, 0x6CB0, 0x6CB0, 0x6CB0, 0x6CB0, 0x6CB0, 0x8593, 0x8593, 0x8593, 0x8593,
  0x8593, 0x8593, 0x8593, 0x8593, 0x8593, 0x8593, 0x8593, 0x8593, 0x8593, 0x8593, 0x8593, 0x8593,
  0x8593, 0x8593, 0x8593, 0x8593, 0x8593, 0x8593, 0x8593, 0x8593, 0x8593, 0x8593, 0x8593, 0x8593,
  0x5BEA, 0x5BEA, 0x6CB0, 0x6CB0, 0x5BEA, 0x5BEA, 0xC570, 0xC570, 0xCC28, 0xCC28, 0xA326, 0xA326,
  0xA326, 0xA326, 0xCC28, 0xCC28, 0xC570, 0xC570, 0xC570, 0xC570, 0xC570, 0xC570, 0xC570, 0xC570,
  0xC570, 0xC570, 0xC570, 0xC570, 0xC570, 0xC570, 0xBCCD, 0xBCCD, 0xA326, 0xA326, 0xA326, 0xA326,
  0x7225, 0x7225, 0x51A3, 0x51A3, 0x7225, 0x7225, 0x7225, 0x7225, 0x7225, 0x7225, 0x7225, 0x7225,
  0x72E8, 0x72E8, 0x72E8, 0x72E8, 0x72E8, 0x72E8, 0x7225, 0x7225, 0x72E8, 0x72E8, 0x72E8, 0x72E8,
  0x72E8, 0x72E8, 0x72E8, 0x72E8, 0x72E8, 0x72E8, 0x7225, 0x7225, 0x7225, 0x7225, 0x72E8, 0x72E8,
  0x72E8, 0x72E8, 0x72E8, 0x72E8, 0xA326, 0xA326, 0x7225, 0x7225, 0x5BEA, 0x5BEA, 0x5BEA, 0x5BEA,
  0x5BEA, 0x5BEA, 0x5BEA, 0x5BEA, 0x5BEA, 0x5BEA, 0x5BEA, 0x5BEA, 0x5BEA, 0x5BEA, 0x5BEA, 0x5BEA,
  0x6CB0, 0x6CB0, 0x8593, 0x8593, 0xAC4C, 0xAC4C, 0xAC4C, 0xAC4C, 0x432A, 0x432A, 0x7225, 0x7225,
  0x5A88, 0x5A88, 0x5BEA, 0x5BEA, 0xBCCD, 0xBCCD, 0xD5F3, 0xD5F3, 0xD5F3, 0xD5F3, 0xD5F3, 0xD5F3,
  0xD5F3, 0xD5F3, 0xD5F3, 0xD5F3, 0xD5F3, 0xD5F3, 0xD5F3, 0xD5F3, 0xD5F3, 0xD5F3, 0xD5F3, 0xD5F3,
  0xD5F3, 0xD5F3, 0xD5F3, 0xD5F3, 0xD5F3, 0xD5F3, 0xD5F3, 0xD5F3, 0xD5F3, 0xD5F3, 0xD5F3, 0xD5F3,
  0xD5F3, 0xD5F3, 0xD5F3, 0xD5F3, 0xD5F3, 0xD5F3, 0xD5F3, 0xD5F3, 0xD5F3, 0xD5F3, 0xE696, 0xE696,
  0xE696, 0xE696, 0xD5F3, 0xD5F3, 0x8593, 0x8593, 0x8593, 0x8593, 0x8593, 0x8593, 0x8593, 0x8593,
  0x8593, 0x8593, 0x8593, 0x8593, 0x8593, 0x8593, 0x8593, 0x8593, 0x8593, 0x8593, 0x8593, 0x8593,
  0x8593, 0x8593, 0x8593, 0x8593, 0x8593, 0x8593, 0x8593, 0x8593, 0x8593, 0x8593, 0x8593, 0x8593,
  0x6CB0, 0x6CB0, 0x8593, 0x8593, 0x8593, 0x8593, 0x8593, 0x8593, 0x6CB0, 0x6CB0, 0x8593, 0x8593,
  0x6CB0, 0x6CB0, 0x8593, 0x8593, 0x8593, 0x8593, 0x8593, 0x8593, 0x8593, 0x8593, 0x8593, 0x8593,
  0x8593, 0x8593, 0x8593, 0x8593, 0x8593, 0x8593, 0x8593, 0x8593, 0x8593, 0x8593, 0x8593, 0x8593,
  0x8593, 0x8593, 0x8593, 0x8593, 0x8593, 0x8593, 0x8593, 0x8593, 0x8593, 0x8593, 0x8593, 0x8593,
  0x5BEA, 0x5BEA, 0x6CB0, 0x6CB0, 0x5BEA, 0x5BEA, 0xC570, 0xC570, 0xCC28, 0xCC28, 0xA326, 0xA326,
  0xA326, 0xA326, 0xCC28, 0xCC28, 0xC570, 0xC570, 0xC570, 0xC570, 0xC570, 0xC570, 0xC570, 0xC570,
  0xC570, 0xC570, 0xC570, 0xC570, 0xC570, 0xC570, 0xBCCD, 0xBCCD, 0xA326, 0xA326, 0xA326, 0xA326,
  0x7225, 0x7225, 0x51A3, 0x51A3, 0x7225, 0x7225, 0x7225, 0x7225, 0x7225, 0x7225, 0x7225, 0x7225,
  0x72E8, 0x72E8, 0x72E8, 0x72E8, 0x72E8, 0x72E8, 0x7225, 0x7225, 0x72E8, 0x72E8, 0x72E8, 0x72E8,
  0x72E8, 0x72E8, 0x72E8, 0x72E8, 0x72E8, 0x72E8, 0x7225, 0x7225, 0x7225, 0x7225, 0x72E8, 0x72E8,
  0x72E8, 0x72E8, 0x72E8, 0x72E8, 0xA326, 0xA326, 0x7225, 0x7225, 0x5BEA, 0x5BEA, 0x5BEA, 0x5BEA,
  0x5BEA, 0x5BEA, 0x5BEA, 0x5BEA, 0x5BEA, 0x5BEA, 0x5BEA, 0x5BEA, 0x5BEA, 0x5BEA, 0x5BEA, 0x5BEA,
  0x6CB0, 0x6CB0, 0x8593, 0x8593, 0xAC4C, 0xAC4C, 0xAC4C, 0xAC4C, 0x432A, 0x432A, 0x7225, 0x7225,
  0x5A88, 0x5A88, 0x5BEA, 0x5BEA, 0xBCCD, 0xBCCD, 0xD5F3, 0xD5F3, 0xD5F3, 0xD5F3, 0xD5F3, 0xD5F3,
  0xD5F3, 0xD5F3, 0xD5F3, 0xD5F3, 0xD5F3, 0xD5F3, 0xD5F3, 0xD5F3, 0xD5F3, 0xD5F3, 0xD5F3, 0xD5F3,
  0xD5F3, 0xD5F3, 0xD5F3, 0xD5F3, 0xD5F3, 0xD5F3, 0xD5F3, 0xD5F3, 0xD5F3, 0xD5F3, 0xD5F3, 0xD5F3,
  0xD5F3, 0xD5F3, 0xD5F3, 0xD5F3, 0xD5F3, 0xD5F3, 0xD5F3, 0xD5F3, 0xD5F3, 0xD5F3, 0xE696, 0xE696,
  0xE696, 0xE696, 0xD5F3, 0xD5F3, 0x8593, 0x8593, 0x8593, 0x8593, 0x8593, 0x8593, 0x8593, 0x8593,
  0x8593, 0x8593, 0x8593, 0x8593, 0x8593, 0x8593, 0x8593, 0x8593, 0x8593, 0x8593, 0x8593, 0x8593,
  0x8593, 0x8593, 0x8593, 0x8593, 0x8593, 0x8593, 0x8593, 0x8593, 0x8593, 0x8593, 0x8593, 0x8593,
  0x6CB0, 0x6CB0, 0x8593, 0x8593, 0x8593, 0x8593, 0x8593, 0x8593, 0x6CB0, 0x6CB0, 0x8593, 0x8593,
  0x6CB0, 0x6CB0, 0x8593, 0x8593, 0x8593, 0x8593, 0x8593, 0x8593, 0x8593, 0x8593, 0x8593, 0x8593,
  0x8593, 0x8593, 0x8593, 0x8593, 0x8593, 0x8593, 0x8593, 0x8593, 0x8593, 0x8593, 0x8593, 0x8593,
  0x8593, 0x8593, 0x8593, 0x8593, 0x8593, 0x8593, 0x8593, 0x8593, 0x8593, 0x8593, 0x8593, 0x8593,
  0x5BEA, 0x5BEA, 0x6CB0, 0x6CB0, 0x5BEA, 0x5BEA, 0xC570, 0xC570, 0xCC28, 0xCC28, 0xA326, 0xA326,
  0xA326, 0xA326, 0xCC28, 0xCC28, 0xC570, 0xC570, 0xC570, 0xC570, 0xC570, 0xC570, 0xC570, 0xC570,
  0xC570, 0xC570, 0xC570, 0xC570, 0xD5F3, 0xD5F3, 0xAC4C, 0xAC4C, 0x7225, 0x7225, 0x51A3, 0x51A3,
  0x7225, 0x7225, 0x7225, 0x7225, 0x7225, 0x7225, 0x7225, 0x7225, 0x72E8, 0x72E8, 0x72E8, 0x72E8,
  0x72E8, 0x72E8, 0x72E8, 0x72E8, 0x72E8, 0x72E8, 0x72E8, 0x72E8, 0x72E8, 0x72E8, 0xA326, 0xA326,
  0x72E8, 0x72E8, 0x7225, 0x7225, 0x7225, 0x7225, 0x72E8, 0x72E8, 0x72E8, 0x72E8, 0x72E8, 0x72E8,
  0x72E8, 0x72E8, 0x72E8, 0x72E8, 0xA326, 0xA326, 0x7225, 0x7225, 0x5BEA, 0x5BEA, 0x5BEA, 0x5BEA,
  0x5BEA, 0x5BEA, 0x5BEA, 0x5BEA, 0x5BEA, 0x5BEA, 0x5BEA, 0x5BEA, 0x5BEA, 0x5BEA, 0x5BEA, 0x5BEA,
  0x8593, 0x8593, 0x6CB0, 0x6CB0, 0x8593, 0x8593, 0x6CB0, 0x6CB0, 0x432A, 0x432A, 0x72E8, 0x72E8,
  0x5A88, 0x5A88, 0x6CB0, 0x6CB0, 0x8593, 0x8593, 0x8593, 0x8593, 0xC570, 0xC570, 0xD5F3, 0xD5F3,
  0xD5F3, 0xD5F3, 0xD5F3, 0xD5F3, 0xD5F3, 0xD5F3, 0xD5F3, 0xD5F3, 0xD5F3, 0xD5F3, 0xD5F3, 0xD5F3,
  0xD5F3, 0xD5F3, 0xD5F3, 0xD5F3, 0xD5F3, 0xD5F3, 0xD5F3, 0xD5F3, 0xD5F3, 0xD5F3, 0xD5F3, 0xD5F3,
  0xD5F3, 0xD5F3, 0xD5F3, 0xD5F3, 0xD5F3, 0xD5F3, 0xD5F3, 0xD5F3, 0xD5F3, 0xD5F3, 0xD5F3, 0xD5F3,
  0xD5F3, 0xD5F3, 0xE696, 0xE696, 0xE696, 0xE696, 0xD5F3, 0xD5F3, 0x8593, 0x8593, 0x8593, 0x8593,
  0x8593, 0x8593, 0x8593, 0x8593, 0x8593, 0x8593, 0x8593, 0x8593, 0x8593, 0x8593, 0x8593, 0x8593,
  0x8593, 0x8593, 0x8593, 0x8593, 0x8593, 0x8593, 0x8593, 0x8593, 0x8593, 0x8593, 0x8593, 0x8593,
  0x8593, 0x8593, 0x8593, 0x8593, 0x8593, 0x8593, 0x8593, 0x8593, 0x8593, 0x8593, 0x8593, 0x8593,
  0x8593, 0x8593, 0x8593, 0x8593, 0x8593, 0x8593, 0x8593, 0x8593, 0x8593, 0x8593, 0x8593, 0x8593,
  0x8593, 0x8593, 0x8593, 0x8593, 0x8593, 0x8593, 0x8593, 0x8593, 0x8593, 0x8593, 0x8593, 0x8593,
  0x8593, 0x8593, 0x8593, 0x8593, 0x8593, 0x8593, 0x8593, 0x8593, 0x8593, 0x8593, 0x8593, 0x8593,
  0x5BEA, 0x5BEA, 0x6CB0, 0x6CB0, 0x5BEA, 0x5BEA, 0xC570, 0xC570, 0xCC28, 0xCC28, 0xA326, 0xA326,
  0xA326, 0xA326, 0xCC28, 0xCC28, 0xC570, 0xC570, 0xC570, 0xC570, 0xC570, 0xC570, 0xC570, 0xC570,
  0xC570, 0xC570, 0xC570, 0xC570, 0xD5F3, 0xD5F3, 0xAC4C, 0xAC4C, 0x7225, 0x7225, 0x51A3, 0x51A3,
  0x7225, 0x7225, 0x7225, 0x7225, 0x7225, 0x7225, 0x7225, 0x7225, 0x72E8, 0x72E8, 0x72E8, 0x72E8,
  0x72E8, 0x72E8, 0x72E8, 0x72E8, 0x72E8, 0x72E8, 0x72E8, 0x72E8, 0x72E8, 0x72E8, 0xA326, 0xA326,
  0x72E8, 0x72E8, 0x7225, 0x7225, 0x7225, 0x7225, 0x72E8, 0x72E8, 0x72E8, 0x72E8, 0x72E8, 0x72E8,
  0x72E8, 0x72E8, 0x72E8, 0x72E8, 0xA326, 0xA326, 0x7225, 0x7225, 0x5BEA, 0x5BEA, 0x5BEA, 0x5BEA,
  0x5BEA, 0x5BEA, 0x5BEA, 0x5BEA, 0x5BEA, 0x5BEA, 0x5BEA, 0x5BEA, 0x5BEA, 0x5BEA, 0x5BEA, 0x5BEA,
  0x8593, 0x8593, 0x6CB0, 0x6CB0, 0x8593, 0x8593, 0x6CB0, 0x6CB0, 0x432A, 0x432A, 0x72E8, 0x72E8,
  0x5A88, 0x5A88, 0x6CB0, 0x6CB0, 0x8593, 0x8593, 0x8593, 0x8593, 0xC570, 0xC570, 0xD5F3, 0xD5F3,
  0xD5F3, 0xD5F3, 0xD5F3, 0xD5F3, 0xD5F3, 0xD5F3, 0xD5F3, 0xD5F3, 0xD5F3, 0xD5F3, 0xD5F3, 0xD5F3,
  0xD5F3, 0xD5F3, 0xD5F3, 0xD5F3, 0xD5F3, 0xD5F3, 0xD5F3, 0xD5F3, 0xD5F3, 0xD5F3, 0xD5F3, 0xD5F3,
  0xD5F3, 0xD5F3, 0xD5F3, 0xD5F3, 0xD5F3, 0xD5F3, 0xD5F3, 0xD5F3, 0xD5F3, 0xD5F3, 0xD5F3, 0xD5F3,
  0xD5F3, 0xD5F3, 0xE696, 0xE696, 0xE696, 0xE696, 0xD5F3, 0xD5F3, 0x8593, 0x8593, 0x8593, 0x8593,
  0x8593, 0x8593, 0x8593, 0x8593, 0x8593, 0x8593, 0x8593, 0x8593, 0x8593, 0x8593, 0x8593, 0x8593,
  0x8593, 0x8593, 0x8593, 0x8593, 0x8593, 0x8593, 0x8593, 0x8593, 0x8593, 0x8593, 0x8593, 0x8593,
  0x8593, 0x8593, 0x8593, 0x8593, 0x8593, 0x8593, 0x8593, 0x8593, 0x8593, 0x8593, 0x8593, 0x8593,
  0x8593, 0x8593, 0x8593, 0x8593, 0x8593, 0x8593, 0x8593, 0x8593, 0x8593, 0x8593, 0x8593, 0x8593,
  0x8593, 0x8593, 0x8593, 0x8593, 0x8593, 0x8593, 0x8593, 0x8593, 0x8593, 0x8593, 0x8593, 0x8593,
  0x8593, 0x8593, 0x8593, 0x8593, 0x8593, 0x8593, 0x8593, 0x8593, 0x8593, 0x8593, 0x8593, 0x8593,
  0x5BEA, 0x5BEA, 0x5BEA, 0x5BEA, 0x5BEA, 0x5BEA, 0xC570, 0xC570, 0xCC28, 0xCC28, 0xA326, 0xA326,
  0xA326, 0xA326, 0xCC28, 0xCC28, 0xC570, 0xC570, 0xC570, 0xC570, 0xC570, 0xC570, 0xC570, 0xC570,
  0xC570, 0xC570, 0xBCCD, 0xBCCD, 0x72E8, 0x72E8, 0x51A3, 0x51A3, 0x7225, 0x7225, 0x7225, 0x7225,
  0x7225, 0x7225, 0x7225, 0x7225, 0x72E8, 0x72E8, 0x72E8, 0x72E8, 0x72E8, 0x72E8, 0x7225, 0x7225,
  0x72E8, 0x72E8, 0x72E8, 0x72E8, 0x72E8, 0x72E8, 0xA326, 0xA326, 0x72E8, 0x72E8, 0x7225, 0x7225,
  0x7225, 0x7225, 0x72E8, 0x72E8, 0x72E8, 0x72E8, 0x72E8, 0x72E8, 0x72E8, 0x72E8, 0x72E8, 0x72E8,
  0x72E8, 0x72E8, 0x72E8, 0x72E8, 0xA326, 0xA326, 0x7225, 0x7225, 0x5BEA, 0x5BEA, 0x5BEA, 0x5BEA,
  0x5BEA, 0x5BEA, 0x5BEA, 0x5BEA, 0x5BEA, 0x5BEA, 0x5BEA, 0x5BEA, 0x5BEA, 0x5BEA, 0x5BEA, 0x5BEA,
  0x8593, 0x8593, 0x8593, 0x8593, 0x8593, 0x8593, 0x6CB0, 0x6CB0, 0x432A, 0x432A, 0x7225, 0x7225,
  0x39C6, 0x39C6, 0x5BEA, 0x5BEA, 0x8593, 0x8593, 0x8593, 0x8593, 0x8593, 0x8593, 0x8593, 0x8593,
  0xC570, 0xC570, 0xD5F3, 0xD5F3, 0xD5F3, 0xD5F3, 0xD5F3, 0xD5F3, 0xD5F3, 0xD5F3, 0xD5F3, 0xD5F3,
  0xD5F3, 0xD5F3, 0xD5F3, 0xD5F3, 0xD5F3, 0xD5F3, 0xD5F3, 0xD5F3, 0xD5F3, 0xD5F3, 0xD5F3, 0xD5F3,
  0xD5F3, 0xD5F3, 0xD5F3, 0xD5F3, 0xD5F3, 0xD5F3, 0xD5F3, 0xD5F3, 0xD5F3, 0xD5F3, 0xD5F3, 0xD5F3,
  0xD5F3, 0xD5F3, 0xD5F3, 0xD5F3, 0xD5F3, 0xD5F3, 0xE696, 0xE696, 0xE696, 0xE696, 0xE696, 0xE696,
  0xAE56, 0xAE56, 0x8593, 0x8593, 0x8593, 0x8593, 0x8593, 0x8593, 0x8593, 0x8593, 0x8593, 0x8593,
  0x8593, 0x8593, 0x8593, 0x8593, 0x8593, 0x8593, 0x8593, 0x8593, 0x8593, 0x8593, 0x8593, 0x8593,
  0x8593, 0x8593, 0x8593, 0x8593, 0x8593, 0x8593, 0x8593, 0x8593, 0x8593, 0x8593, 0x8593, 0x8593,
  0x8593, 0x8593, 0x8593, 0x8593, 0x8593, 0x8593, 0x8593, 0x8593, 0x8593, 0x8593, 0x8593, 0x8593,
  0x8593, 0x8593, 0x8593, 0x8593, 0x8593, 0x8593, 0x8593, 0x8593, 0x8593, 0x8593, 0x8593, 0x8593,
  0x8593, 0x8593, 0x8593, 0x8593, 0x8593, 0x8593, 0x8593, 0x8593, 0x8593, 0x8593, 0x8593, 0x8593,
  0x5BEA, 0x5BEA, 0x5BEA, 0x5BEA, 0x5BEA, 0x5BEA, 0xC570, 0xC570, 0xCC28, 0xCC28, 0xA326, 0xA326,
  0xA326, 0xA326, 0xCC28, 0xCC28, 0xC570, 0xC570, 0xC570, 0xC570, 0xC570, 0xC570, 0xC570, 0xC570,
  0xC570, 0xC570, 0xBCCD, 0xBCCD, 0x72E8, 0x72E8, 0x51A3, 0x51A3, 0x7225, 0x7225, 0x7225, 0x7225,
  0x7225, 0x7225, 0x7225, 0x7225, 0x72E8, 0x72E8, 0x72E8, 0x72E8, 0x72E8, 0x72E8, 0x7225, 0x7225,
  0x72E8, 0x72E8, 0x72E8, 0x72E8, 0x72E8, 0x72E8, 0xA326, 0xA326, 0x72E8, 0x72E8, 0x7225, 0x7225,
  0x7225, 0x7225, 0x72E8, 0x72E8, 0x72E8, 0x72E8, 0x72E8, 0x72E8, 0x72E8, 0x72E8, 0x72E8, 0x72E8,
  0x72E8, 0x72E8, 0x72E8, 0x72E8, 0xA326, 0xA326, 0x7225, 0x7225, 0x5BEA, 0x5BEA, 0x5BEA, 0x5BEA,
  0x5BEA, 0x5BEA, 0x5BEA, 0x5BEA, 0x5BEA, 0x5BEA, 0x5BEA, 0x5BEA, 0x5BEA, 0x5BEA, 0x5BEA, 0x5BEA,
  0x8593, 0x8593, 0x8593, 0x8593, 0x8593, 0x8593, 0x6CB0, 0x6CB0, 0x432A, 0x432A, 0x7225, 0x7225,
  0x39C6, 0x39C6, 0x5BEA, 0x5BEA, 0x8593, 0x8593, 0x8593, 0x8593, 0x8593, 0x8593, 0x8593, 0x8593,
  0xC570, 0xC570, 0xD5F3, 0xD5F3, 0xD5F3, 0xD5F3, 0xD5F3, 0xD5F3, 0xD5F3, 0xD5F3, 0xD5F3, 0xD5F3,
  0xD5F3, 0xD5F3, 0xD5F3, 0xD5F3, 0xD5F3, 0xD5F3, 0xD5F3, 0xD5F3, 0xD5F3, 0xD5F3, 0xD5F3, 0xD5F3,
  0xD5F3, 0xD5F3, 0xD5F3, 0xD5F3, 0xD5F3, 0xD5F3, 0xD5F3, 0xD5F3, 0xD5F3, 0xD5F3, 0xD5F3, 0xD5F3,
  0xD5F3, 0xD5F3, 0xD5F3, 0xD5F3, 0xD5F3, 0xD5F3, 0xE696, 0xE696, 0xE696, 0xE696, 0xE696, 0xE696,
  0xAE56, 0xAE56, 0x8593, 0x8593, 0x8593, 0x8593, 0x8593, 0x8593, 0x8593, 0x8593, 0x8593, 0x8593,
  0x8593, 0x8593, 0x8593, 0x8593, 0x8593, 0x8593, 0x8593, 0x8593, 0x8593, 0x8593, 0x8593, 0x8593,
  0x8593, 0x8593, 0x8593, 0x8593, 0x8593, 0x8593, 0x8593, 0x8593, 0x8593, 0x8593, 0x8593, 0x8593,
  0x8593, 0x8593, 0x8593, 0x8593, 0x8593, 0x8593, 0x8593, 0x8593, 0x8593, 0x8593, 0x8593, 0x8593,
  0x8593, 0x8593, 0x8593, 0x8593, 0x8593, 0x8593, 0x8593, 0x8593, 0x8593, 0x8593, 0x8593, 0x8593,
  0x8593, 0x8593, 0x8593, 0x8593, 0x8593, 0x8593, 0x8593, 0x8593, 0x8593, 0x8593, 0x8593, 0x8593,
  0x5BEA, 0x5BEA, 0x5BEA, 0x5BEA, 0x5BEA, 0x5BEA, 0xBCCD, 0xBCCD, 0xCC28, 0xCC28, 0xA326, 0xA326,
  0xA326, 0xA326, 0xCC28, 0xCC28, 0xC570, 0xC570, 0xC570, 0xC570, 0xC570, 0xC570, 0xBCCD, 0xBCCD,
  0x72E8, 0x72E8, 0x51A3, 0x51A3, 0x51A3, 0x51A3, 0x7225, 0x7225, 0x7225, 0x7225, 0x7225, 0x7225,
  0x7225, 0x7225, 0x72E8, 0x72E8, 0x7225, 0x7225, 0x72E8, 0x72E8, 0x7225, 0x7225, 0x7225, 0x7225,
  0x72E8, 0x72E8, 0x72E8, 0x72E8, 0x72E8, 0x72E8, 0x7225, 0x7225, 0x7225, 0x7225, 0x7225, 0x7225,
  0x72E8, 0x72E8, 0x72E8, 0x72E8, 0x7225, 0x7225, 0x72E8, 0x72E8, 0x72E8, 0x72E8, 0x72E8, 0x72E8,
  0x72E8, 0x72E8, 0x72E8, 0x72E8, 0xA326, 0xA326, 0x7225, 0x7225, 0x5BEA, 0x5BEA, 0x5BEA, 0x5BEA,
  0x5BEA, 0x5BEA, 0x5BEA, 0x5BEA, 0x5BEA, 0x5BEA, 0x5BEA, 0x5BEA, 0x5BEA, 0x5BEA, 0x5BEA, 0x5BEA,
  0x8593, 0x8593, 0x8593, 0x8593, 0x8593, 0x8593, 0x6CB0, 0x6CB0, 0x432A, 0x432A, 0x7225, 0x7225,
  0x5A88, 0x5A88, 0x5BEA, 0x5BEA, 0x5BEA, 0x5BEA, 0x5BEA, 0x5BEA, 0x6CB0, 0x6CB0, 0x8593, 0x8593,
  0x8593, 0x8593, 0x8593, 0x8593, 0xC570, 0xC570, 0xD5F3, 0xD5F3, 0xD5F3, 0xD5F3, 0xD5F3, 0xD5F3,
  0xD5F3, 0xD5F3, 0xD5F3, 0xD5F3, 0xD5F3, 0xD5F3, 0xD5F3, 0xD5F3, 0xD5F3, 0xD5F3, 0xD5F3, 0xD5F3,
  0xD5F3, 0xD5F3, 0xD5F3, 0xD5F3, 0xD5F3, 0xD5F3, 0xD5F3, 0xD5F3, 0xD5F3, 0xD5F3, 0xD5F3, 0xD5F3,
  0xD5F3, 0xD5F3, 0xD5F3, 0xD5F3, 0xD5F3, 0xD5F3, 0xD5F3, 0xD5F3, 0xD5F3, 0xD5F3, 0xD5F3, 0xD5F3,
  0xE696, 0xE696, 0xD5F3, 0xD5F3, 0xC570, 0xC570, 0x8593, 0x8593, 0x8593, 0x8593, 0x8593, 0x8593,
  0x8593, 0x8593, 0x8593, 0x8593, 0x8593, 0x8593, 0x8593, 0x8593, 0x8593, 0x8593, 0x8593, 0x8593,
  0x8593, 0x8593, 0x8593, 0x8593, 0x8593, 0x8593, 0x8593, 0x8593, 0x8593, 0x8593, 0x8593, 0x8593,
  0x8593, 0x8593, 0x8593, 0x8593, 0x8593, 0x8593, 0x8593, 0x8593, 0x8593, 0x8593, 0x8593, 0x8593,
  0x8593, 0x8593, 0x8593, 0x8593, 0x8593, 0x8593, 0x8593, 0x8593, 0x8593, 0x8593, 0x8593, 0x8593,
  0x8593, 0x8593, 0x8593, 0x8593, 0x8593, 0x8593, 0x8593, 0x8593, 0x8593, 0x8593, 0x8593, 0x8593,
  0x5BEA, 0x5BEA, 0x5BEA, 0x5BEA, 0x5BEA, 0x5BEA, 0xBCCD, 0xBCCD, 0xCC28, 0xCC28, 0xA326, 0xA326,
  0xA326, 0xA326, 0xCC28, 0xCC28, 0xC570, 0xC570, 0xC570, 0xC570, 0xC570, 0xC570, 0xBCCD, 0xBCCD,
  0x72E8, 0x72E8, 0x51A3, 0x51A3, 0x51A3, 0x51A3, 0x7225, 0x7225, 0x7225, 0x7225, 0x7225, 0x7225,
  0x7225, 0x7225, 0x72E8, 0x72E8, 0x7225, 0x7225, 0x72E8, 0x72E8, 0x7225, 0x7225, 0x7225, 0x7225,
  0x72E8, 0x72E8, 0x72E8, 0x72E8, 0x72E8, 0x72E8, 0x7225, 0x7225, 0x7225, 0x7225, 0x7225, 0x7225,
  0x72E8, 0x72E8, 0x72E8, 0x72E8, 0x7225, 0x7225, 0x72E8, 0x72E8, 0x72E8, 0x72E8, 0x72E8, 0x72E8,
  0x72E8, 0x72E8, 0x72E8, 0x72E8, 0xA326, 0xA326, 0x7225, 0x7225, 0x5BEA, 0x5BEA, 0x5BEA, 0x5BEA,
  0x5BEA, 0x5BEA, 0x5BEA, 0x5BEA, 0x5BEA, 0x5BEA, 0x5BEA, 0x5BEA, 0x5BEA, 0x5BEA, 0x5BEA, 0x5BEA,
  0x8593, 0x8593, 0x8593, 0x8593, 0x8593, 0x8593, 0x6CB0, 0x6CB0, 0x432A, 0x432A, 0x7225, 0x7225,
  0x5A88, 0x5A88, 0x5BEA, 0x5BEA, 0x5BEA, 0x5BEA, 0x5BEA, 0x5BEA, 0x6CB0, 0x6CB0, 0x8593, 0x8593,
  0x8593, 0x8593, 0x8593, 0x8593, 0xC570, 0xC570, 0xD5F3, 0xD5F3, 0xD5F3, 0xD5F3, 0xD5F3, 0xD5F3,
  0xD5F3, 0xD5F3, 0xD5F3, 0xD5F3, 0xD5F3, 0xD5F3, 0xD5F3, 0xD5F3, 0xD5F3, 0xD5F3, 0xD5F3, 0xD5F3,
  0xD5F3, 0xD5F3, 0xD5F3, 0xD5F3, 0xD5F3, 0xD5F3, 0xD5F3, 0xD5F3, 0xD5F3, 0xD5F3, 0xD5F3, 0xD5F3,
  0xD5F3, 0xD5F3, 0xD5F3, 0xD5F3, 0xD5F3, 0xD5F3, 0xD5F3, 0xD5F3, 0xD5F3, 0xD5F3, 0xD5F3, 0xD5F3,
  0xE696, 0xE696, 0xD5F3, 0xD5F3, 0xC570, 0xC570, 0x8593, 0x8593, 0x8593, 0x8593, 0x8593, 0x8593,
  0x8593, 0x8593, 0x8593, 0x8593, 0x8593, 0x8593, 0x8593, 0x8593, 0x8593, 0x8593, 0x8593, 0x8593,
  0x8593, 0x8593, 0x8593, 0x8593, 0x8593, 0x8593, 0x8593, 0x8593, 0x8593, 0x8593, 0x8593, 0x8593,
  0x8593, 0x8593, 0x8593, 0x8593, 0x8593, 0x8593, 0x8593, 0x8593, 0x8593, 0x8593, 0x8593, 0x8593,
  0x8593, 0x8593, 0x8593, 0x8593, 0x8593, 0x8593, 0x8593, 0x8593, 0x8593, 0x8593, 0x8593, 0x8593,
  0x8593, 0x8593, 0x8593, 0x8593, 0x8593, 0x8593, 0x8593, 0x8593, 0x8593, 0x8593, 0x8593, 0x8593,
  0x5BEA, 0x5BEA, 0x6CB0, 0x6CB0, 0x5BEA, 0x5BEA, 0xC570, 0xC570, 0xCC28, 0xCC28, 0xA326, 0xA326,
  0xA326, 0xA326, 0xCC28, 0xCC28, 0xC570, 0xC570, 0xC570, 0xC570, 0x9389, 0x9389, 0x51A3, 0x51A3,
  0x51A3, 0x51A3, 0x7225, 0x7225, 0x7225, 0x7225, 0x7225, 0x7225, 0x72E8, 0x72E8, 0x72E8, 0x72E8,
  0x72E8, 0x72E8, 0x7225, 0x7225, 0x7225, 0x7225, 0x72E8, 0x72E8, 0x72E8, 0x72E8, 0x72E8, 0x72E8,
  0x72E8, 0x72E8, 0x72E8, 0x72E8, 0x7225, 0x7225, 0x7225, 0x7225, 0x72E8, 0x72E8, 0x72E8, 0x72E8,
  0x72E8, 0x72E8, 0x72E8, 0x72E8, 0xA326, 0xA326, 0xA326, 0xA326, 0x72E8, 0x72E8, 0x72E8, 0x72E8,
  0x72E8, 0x72E8, 0x72E8, 0x72E8, 0xA326, 0xA326, 0x7225, 0x7225, 0x5BEA, 0x5BEA, 0x5BEA, 0x5BEA,
  0x5BEA, 0x5BEA, 0x5BEA, 0x5BEA, 0x5BEA, 0x5BEA, 0x5BEA, 0x5BEA, 0x5BEA, 0x5BEA, 0x5BEA, 0x5BEA,
  0x8593, 0x8593, 0x8593, 0x8593, 0x8593, 0x8593, 0x6CB0, 0x6CB0, 0x432A, 0x432A, 0x7225, 0x7225,
  0x5A88, 0x5A88, 0x5BEA, 0x5BEA, 0x5BEA, 0x5BEA, 0x5BEA, 0x5BEA, 0x5BEA, 0x5BEA, 0x5BEA, 0x5BEA,
  0x6CB0, 0x6CB0, 0x8593, 0x8593, 0x8593, 0x8593, 0x8593, 0x8593, 0xC570, 0xC570, 0xD5F3, 0xD5F3,
  0xD5F3, 0xD5F3, 0xD5F3, 0xD5F3, 0xD5F3, 0xD5F3, 0xD5F3, 0xD5F3, 0xD5F3, 0xD5F3, 0xD5F3, 0xD5F3,
  0xD5F3, 0xD5F3, 0xD5F3, 0xD5F3, 0xD5F3, 0xD5F3, 0xD5F3, 0xD5F3, 0xD5F3, 0xD5F3, 0xD5F3, 0xD5F3,
  0xD5F3, 0xD5F3, 0xD5F3, 0xD5F3, 0xD5F3, 0xD5F3, 0xD5F3, 0xD5F3, 0xD5F3, 0xD5F3, 0xD5F3, 0xD5F3,
  0xD5F3, 0xD5F3, 0xD5F3, 0xD5F3, 0xE696, 0xE696, 0xE696, 0xE696, 0xC570, 0xC570, 0x8593, 0x8593,
  0x8593, 0x8593, 0x8593, 0x8593, 0x8593, 0x8593, 0xAE56, 0xAE56, 0x8593, 0x8593, 0x8593, 0x8593,
  0x8593, 0x8593, 0x8593, 0x8593, 0x8593, 0x8593, 0x8593, 0x8593, 0x8593, 0x8593, 0x8593, 0x8593,
  0x8593, 0x8593, 0x8593, 0x8593, 0x8593, 0x8593, 0x8593, 0x8593, 0x8593, 0x8593, 0x8593, 0x8593,
  0x8593, 0x8593, 0x8593, 0x8593, 0x8593, 0x8593, 0x8593, 0x8593, 0x8593, 0x8593, 0x8593, 0x8593,
  0x8593, 0x8593, 0x8593, 0x8593, 0x8593, 0x8593, 0x8593, 0x8593, 0x8593, 0x8593, 0x8593, 0x8593,
  0x5BEA, 0x5BEA, 0x6CB0, 0x6CB0, 0x5BEA, 0x5BEA, 0xC570, 0xC570, 0xCC28, 0xCC28, 0xA326, 0xA326,
  0xA326, 0xA326, 0xCC28, 0xCC28, 0xC570, 0xC570, 0xC570, 0xC570, 0x9389, 0x9389, 0x51A3, 0x51A3,
  0x51A3, 0x51A3, 0x7225, 0x7225, 0x7225, 0x7225, 0x7225, 0x7225, 0x72E8, 0x72E8, 0x72E8, 0x72E8,
  0x72E8, 0x72E8, 0x7225, 0x7225, 0x7225, 0x7225, 0x72E8, 0x72E8, 0x72E8, 0x72E8, 0x72E8, 0x72E8,
  0x72E8, 0x72E8, 0x72E8, 0x72E8, 0x7225, 0x7225, 0x7225, 0x7225, 0x72E8, 0x72E8, 0x72E8, 0x72E8,
  0x72E8, 0x72E8, 0x72E8, 0x72E8, 0xA326, 0xA326, 0xA326, 0xA326, 0x72E8, 0x72E8, 0x72E8, 0x72E8,
  0x72E8, 0x72E8, 0x72E8, 0x72E8, 0xA326, 0xA326, 0x7225, 0x7225, 0x5BEA, 0x5BEA, 0x5BEA, 0x5BEA,
  0x5BEA, 0x5BEA, 0x5BEA, 0x5BEA, 0x5BEA, 0x5BEA, 0x5BEA, 0x5BEA, 0x5BEA, 0x5BEA, 0x5BEA, 0x5BEA,
  0x8593, 0x8593, 0x8593, 0x8593, 0x8593, 0x8593, 0x6CB0, 0x6CB0, 0x432A, 0x432A, 0x7225, 0x7225,
  0x5A88, 0x5A88, 0x5BEA, 0x5BEA, 0x5BEA, 0x5BEA, 0x5BEA, 0x5BEA, 0x5BEA, 0x5BEA, 0x5BEA, 0x5BEA,
  0x6CB0, 0x6CB0, 0x8593, 0x8593, 0x8593, 0x8593, 0x8593, 0x8593, 0xC570, 0xC570, 0xD5F3, 0xD5F3,
  0xD5F3, 0xD5F3, 0xD5F3, 0xD5F3, 0xD5F3, 0xD5F3, 0xD5F3, 0xD5F3, 0xD5F3, 0xD5F3, 0xD5F3, 0xD5F3,
  0xD5F3, 0xD5F3, 0xD5F3, 0xD5F3, 0xD5F3, 0xD5F3, 0xD5F3, 0xD5F3, 0xD5F3, 0xD5F3, 0xD5F3, 0xD5F3,
  0xD5F3, 0xD5F3, 0xD5F3, 0xD5F3, 0xD5F3, 0xD5F3, 0xD5F3, 0xD5F3, 0xD5F3, 0xD5F3, 0xD5F3, 0xD5F3,
  0xD5F3, 0xD5F3, 0xD5F3, 0xD5F3, 0xE696, 0xE696, 0xE696, 0xE696, 0xC570, 0xC570, 0x8593, 0x8593,
  0x8593, 0x8593, 0x8593, 0x8593, 0x8593, 0x8593, 0xAE56, 0xAE56, 0x8593, 0x8593, 0x8593, 0x8593,
  0x8593, 0x8593, 0x8593, 0x8593, 0x8593, 0x8593, 0x8593, 0x8593, 0x8593, 0x8593, 0x8593, 0x8593,
  0x8593, 0x8593, 0x8593, 0x8593, 0x8593, 0x8593, 0x8593, 0x8593, 0x8593, 0x8593, 0x8593, 0x8593,
  0x8593, 0x8593, 0x8593, 0x8593, 0x8593, 0x8593, 0x8593, 0x8593, 0x8593, 0x8593, 0x8593, 0x8593,
  0x8593, 0x8593, 0x8593, 0x8593, 0x8593, 0x8593, 0x8593, 0x8593, 0x8593, 0x8593, 0x8593, 0x8593,
  0x5BEA, 0x5BEA, 0x6CB0, 0x6CB0, 0x5BEA, 0x5BEA, 0xC570, 0xC570, 0xCC28, 0xCC28, 0xA326, 0xA326,
  0xA326, 0xA326, 0xCC28, 0xCC28, 0xAC4C, 0xAC4C, 0x7225, 0x7225, 0x51A3, 0x51A3, 0x7225, 0x7225,
  0x7225, 0x7225, 0x7225, 0x7225, 0x7225, 0x7225, 0xA326, 0xA326, 0x72E8, 0x72E8, 0x72E8, 0x72E8,
  0x72E8, 0x72E8, 0x7225, 0x7225, 0x72E8, 0x72E8, 0xA326, 0xA326, 0x72E8, 0x72E8, 0x72E8, 0x72E8,
  0x7225, 0x7225, 0x7225, 0x7225, 0x72E8, 0x72E8, 0xA326, 0xA326, 0xA326, 0xA326, 0xA326, 0xA326,
  0xA326, 0xA326, 0xA326, 0xA326, 0xA326, 0xA326, 0xA326, 0xA326, 0xA326, 0xA326, 0xA326, 0xA326,
  0xA326, 0xA326, 0x72E8, 0x72E8, 0xA326, 0xA326, 0x7225, 0x7225, 0x5BEA, 0x5BEA, 0x6CB0, 0x6CB0,
  0x5BEA, 0x5BEA, 0x5BEA, 0x5BEA, 0x5BEA, 0x5BEA, 0x5BEA, 0x5BEA, 0x5BEA, 0x5BEA, 0x5BEA, 0x5BEA,
  0x8593, 0x8593, 0x8593, 0x8593, 0x8593, 0x8593, 0x6CB0, 0x6CB0, 0x432A, 0x432A, 0x7225, 0x7225,
  0x5A88, 0x5A88, 0x5BEA, 0x5BEA, 0x5BEA, 0x5BEA, 0x5BEA, 0x5BEA, 0x5BEA, 0x5BEA, 0x5BEA, 0x5BEA,
  0x5BEA, 0x5BEA, 0x5BEA, 0x5BEA, 0x6CB0, 0x6CB0, 0x8593, 0x8593, 0x8593, 0x8593, 0x8593, 0x8593,
  0xC570, 0xC570, 0xD5F3, 0xD5F3, 0xD5F3, 0xD5F3, 0xD5F3, 0xD5F3, 0xD5F3, 0xD5F3, 0xD5F3, 0xD5F3,
  0xD5F3, 0xD5F3, 0xD5F3, 0xD5F3, 0xD5F3, 0xD5F3, 0xD5F3, 0xD5F3, 0xD5F3, 0xD5F3, 0xD5F3, 0xD5F3,
  0xD5F3, 0xD5F3, 0xD5F3, 0xD5F3, 0xD5F3, 0xD5F3, 0xD5F3, 0xD5F3, 0xD5F3, 0xD5F3, 0xD5F3, 0xD5F3,
  0xD5F3, 0xD5F3, 0xD5F3, 0xD5F3, 0xD5F3, 0xD5F3, 0xD5F3, 0xD5F3, 0xE696, 0xE696, 0xE696, 0xE696,
  0xD5F3, 0xD5F3, 0x8593, 0x8593, 0x8593, 0x8593, 0x8593, 0x8593, 0x8593, 0x8593, 0x8593, 0x8593,
  0x8593, 0x8593, 0x8593, 0x8593, 0x8593, 0x8593, 0x8593, 0x8593, 0x8593, 0x8593, 0x8593, 0x8593,
  0x8593, 0x8593, 0x8593, 0x8593, 0x8593, 0x8593, 0x8593, 0x8593, 0x8593, 0x8593, 0x8593, 0x8593,
  0x8593, 0x8593, 0x8593, 0x8593, 0x8593, 0x8593, 0x8593, 0x8593, 0x8593, 0x8593, 0x8593, 0x8593,
  0x8593, 0x8593, 0x8593, 0x8593, 0x8593, 0x8593, 0x8593, 0x8593, 0x8593, 0x8593, 0x8593, 0x8593,
  0x5BEA, 0x5BEA, 0x6CB0, 0x6CB0, 0x5BEA, 0x5BEA, 0xC570, 0xC570, 0xCC28, 0xCC28, 0xA326, 0xA326,
  0xA326, 0xA326, 0xCC28, 0xCC28, 0xAC4C, 0xAC4C, 0x7225, 0x7225, 0x51A3, 0x51A3, 0x7225, 0x7225,
  0x7225, 0x7225, 0x7225, 0x7225, 0x7225, 0x7225, 0xA326, 0xA326, 0x72E8, 0x72E8, 0x72E8, 0x72E8,
  0x72E8, 0x72E8, 0x7225, 0x7225, 0x72E8, 0x72E8, 0xA326, 0xA326, 0x72E8, 0x72E8, 0x72E8, 0x72E8,
  0x7225, 0x7225, 0x7225, 0x7225, 0x72E8, 0x72E8, 0xA326, 0xA326, 0xA326, 0xA326, 0xA326, 0xA326,
  0xA326, 0xA326, 0xA326, 0xA326, 0xA326, 0xA326, 0xA326, 0xA326, 0xA326, 0xA326, 0xA326, 0xA326,
  0xA326, 0xA326, 0x72E8, 0x72E8, 0xA326, 0xA326, 0x7225, 0x7225, 0x5BEA, 0x5BEA, 0x6CB0, 0x6CB0,
  0x5BEA, 0x5BEA, 0x5BEA, 0x5BEA, 0x5BEA, 0x5BEA, 0x5BEA, 0x5BEA, 0x5BEA, 0x5BEA, 0x5BEA, 0x5BEA,
  0x8593, 0x8593, 0x8593, 0x8593, 0x8593, 0x8593, 0x6CB0, 0x6CB0, 0x432A, 0x432A, 0x7225, 0x7225,
  0x5A88, 0x5A88, 0x5BEA, 0x5BEA, 0x5BEA, 0x5BEA, 0x5BEA, 0x5BEA, 0x5BEA, 0x5BEA, 0x5BEA, 0x5BEA,
  0x5BEA, 0x5BEA, 0x5BEA, 0x5BEA, 0x6CB0, 0x6CB0, 0x8593, 0x8593, 0x8593, 0x8593, 0x8593, 0x8593,
  0xC570, 0xC570, 0xD5F3, 0xD5F3, 0xD5F3, 0xD5F3, 0xD5F3, 0xD5F3, 0xD5F3, 0xD5F3, 0xD5F3, 0xD5F3,
  0xD5F3, 0xD5F3, 0xD5F3, 0xD5F3, 0xD5F3, 0xD5F3, 0xD5F3, 0xD5F3, 0xD5F3, 0xD5F3, 0xD5F3, 0xD5F3,
  0xD5F3, 0xD5F3, 0xD5F3, 0xD5F3, 0xD5F3, 0xD5F3, 0xD5F3, 0xD5F3, 0xD5F3, 0xD5F3, 0xD5F3, 0xD5F3,
  0xD5F3, 0xD5F3, 0xD5F3, 0xD5F3, 0xD5F3, 0xD5F3, 0xD5F3, 0xD5F3, 0xE696, 0xE696, 0xE696, 0xE696,
  0xD5F3, 0xD5F3, 0x8593, 0x8593, 0x8593, 0x8593, 0x8593, 0x8593, 0x8593, 0x8593, 0x8593, 0x8593,
  0x8593, 0x8593, 0x8593, 0x8593, 0x8593, 0x8593, 0x8593, 0x8593, 0x8593, 0x8593, 0x8593, 0x8593,
  0x8593, 0x8593, 0x8593, 0x8593, 0x8593, 0x8593, 0x8593, 0x8593, 0x8593, 0x8593, 0x8593, 0x8593,
  0x8593, 0x8593, 0x8593, 0x8593, 0x8593, 0x8593, 0x8593, 0x8593, 0x8593, 0x8593, 0x8593, 0x8593,
  0x8593, 0x8593, 0x8593, 0x8593, 0x8593, 0x8593, 0x8593, 0x8593, 0x8593, 0x8593, 0x8593, 0x8593,
  0x6CB0, 0x6CB0, 0x6CB0, 0x6CB0, 0x5BEA, 0x5BEA, 0xC570, 0xC570, 0xCC28, 0xCC28, 0xA326, 0xA326,
  0xA326, 0xA326, 0x7225, 0x7225, 0x51A3, 0x51A3, 0x7225, 0x7225, 0x7225, 0x7225, 0x7225, 0x7225,
  0x7225, 0x7225, 0x72E8, 0x72E8, 0xA326, 0xA326, 0x72E8, 0x72E8, 0x72E8, 0x72E8, 0x7225, 0x7225,
  0x72E8, 0x72E8, 0x72E8, 0x72E8, 0xA326, 0xA326, 0x72E8, 0x72E8, 0x7225, 0x7225, 0x72E8, 0x72E8,
  0x72E8, 0x72E8, 0xA326, 0xA326, 0xA326, 0xA326, 0xA326, 0xA326, 0xA326, 0xA326, 0xA326, 0xA326,
  0xA326, 0xA326, 0xA326, 0xA326, 0xA326, 0xA326, 0xA326, 0xA326, 0xA326, 0xA326, 0xA326, 0xA326,
  0xA326, 0xA326, 0xA326, 0xA326, 0xA326, 0xA326, 0x72E8, 0x72E8, 0x5A88, 0x5A88, 0x432A, 0x432A,
  0x5BEA, 0x5BEA, 0x6CB0, 0x6CB0, 0x5BEA, 0x5BEA, 0x5BEA, 0x5BEA, 0x5BEA, 0x5BEA, 0x5BEA, 0x5BEA,
  0x8593, 0x8593, 0x8593, 0x8593, 0x8593, 0x8593, 0x6CB0, 0x6CB0, 0x432A, 0x432A, 0x7225, 0x7225,
  0x5A88, 0x5A88, 0x5BEA, 0x5BEA, 0x5BEA, 0x5BEA, 0x5BEA, 0x5BEA, 0x5BEA, 0x5BEA, 0x5BEA, 0x5BEA,
  0x5BEA, 0x5BEA, 0x5BEA, 0x5BEA, 0x5BEA, 0x5BEA, 0x5BEA, 0x5BEA, 0x6CB0, 0x6CB0, 0x8593, 0x8593,
  0x8593, 0x8593, 0x8593, 0x8593, 0xC570, 0xC570, 0xC570, 0xC570, 0xD5F3, 0xD5F3, 0xD5F3, 0xD5F3,
  0xD5F3, 0xD5F3, 0xD5F3, 0xD5F3, 0xD5F3, 0xD5F3, 0xD5F3, 0xD5F3, 0xD5F3, 0xD5F3, 0xD5F3, 0xD5F3,
  0xD5F3, 0xD5F3, 0xD5F3, 0xD5F3, 0xD5F3, 0xD5F3, 0xD5F3, 0xD5F3, 0xD5F3, 0xD5F3, 0xD5F3, 0xD5F3,
  0xD5F3, 0xD5F3, 0xD5F3, 0xD5F3, 0xD5F3, 0xD5F3, 0xD5F3, 0xD5F3, 0xD5F3, 0xD5F3, 0xD5F3, 0xD5F3,
  0xE696, 0xE696, 0xE696, 0xE696, 0xD5F3, 0xD5F3, 0xC570, 0xC570, 0x8593, 0x8593, 0x8593, 0x8593,
  0x8593, 0x8593, 0xAE56, 0xAE56, 0x8593, 0x8593, 0x8593, 0x8593, 0x8593, 0x8593, 0x8593, 0x8593,
  0x8593, 0x8593, 0x8593, 0x8593, 0x8593, 0x8593, 0x8593, 0x8593, 0x8593, 0x8593, 0x8593, 0x8593,
  0x8593, 0x8593, 0x8593, 0x8593, 0x8593, 0x8593, 0x8593, 0x8593, 0x8593, 0x8593, 0x8593, 0x8593,
  0x8593, 0x8593, 0x8593, 0x8593, 0x8593, 0x8593, 0x8593, 0x8593, 0x8593, 0x8593, 0x8593, 0x8593,
  0x6CB0, 0x6CB0, 0x6CB0, 0x6CB0, 0x5BEA, 0x5BEA, 0xC570, 0xC570, 0xCC28, 0xCC28, 0xA326, 0xA326,
  0xA326, 0xA326, 0x7225, 0x7225, 0x51A3, 0x51A3, 0x7225, 0x7225, 0x7225, 0x7225, 0x7225, 0x7225,
  0x7225, 0x7225, 0x72E8, 0x72E8, 0xA326, 0xA326, 0x72E8, 0x72E8, 0x72E8, 0x72E8, 0x7225, 0x7225,
  0x72E8, 0x72E8, 0x72E8, 0x72E8, 0xA326, 0xA326, 0x72E8, 0x72E8, 0x7225, 0x7225, 0x72E8, 0x72E8,
  0x72E8, 0x72E8, 0xA326, 0xA326, 0xA326, 0xA326, 0xA326, 0xA326, 0xA326, 0xA326, 0xA326, 0xA326,
  0xA326, 0xA326, 0xA326, 0xA326, 0xA326, 0xA326, 0xA326, 0xA326, 0xA326, 0xA326, 0xA326, 0xA326,
  0xA326, 0xA326, 0xA326, 0xA326, 0xA326, 0xA326, 0x72E8, 0x72E8, 0x5A88, 0x5A88, 0x432A, 0x432A,
  0x5BEA, 0x5BEA, 0x6CB0, 0x6CB0, 0x5BEA, 0x5BEA, 0x5BEA, 0x5BEA, 0x5BEA, 0x5BEA, 0x5BEA, 0x5BEA,
  0x8593, 0x8593, 0x8593, 0x8593, 0x8593, 0x8593, 0x6CB0, 0x6CB0, 0x432A, 0x432A, 0x7225, 0x7225,
  0x5A88, 0x5A88, 0x5BEA, 0x5BEA, 0x5BEA, 0x5BEA, 0x5BEA, 0x5BEA, 0x5BEA, 0x5BEA, 0x5BEA, 0x5BEA,
  0x5BEA, 0x5BEA, 0x5BEA, 0x5BEA, 0x5BEA, 0x5BEA, 0x5BEA, 0x5BEA, 0x6CB0, 0x6CB0, 0x8593, 0x8593,
  0x8593, 0x8593, 0x8593, 0x8593, 0xC570, 0xC570, 0xC570, 0xC570, 0xD5F3, 0xD5F3, 0xD5F3, 0xD5F3,
  0xD5F3, 0xD5F3, 0xD5F3, 0xD5F3, 0xD5F3, 0xD5F3, 0xD5F3, 0xD5F3, 0xD5F3, 0xD5F3, 0xD5F3, 0xD5F3,
  0xD5F3, 0xD5F3, 0xD5F3, 0xD5F3, 0xD5F3, 0xD5F3, 0xD5F3, 0xD5F3, 0xD5F3, 0xD5F3, 0xD5F3, 0xD5F3,
  0xD5F3, 0xD5F3, 0xD5F3, 0xD5F3, 0xD5F3, 0xD5F3, 0xD5F3, 0xD5F3, 0xD5F3, 0xD5F3, 0xD5F3, 0xD5F3,
  0xE696, 0xE696, 0xE696, 0xE696, 0xD5F3, 0xD5F3, 0xC570, 0xC570, 0x8593, 0x8593, 0x8593, 0x8593,
  0x8593, 0x8593, 0xAE56, 0xAE56, 0x8593, 0x8593, 0x8593, 0x8593, 0x8593, 0x8593, 0x8593, 0x8593,
  0x8593, 0x8593, 0x8593, 0x8593, 0x8593, 0x8593, 0x8593, 0x8593, 0x8593, 0x8593, 0x8593, 0x8593,
  0x8593, 0x8593, 0x8593, 0x8593, 0x8593, 0x8593, 0x8593, 0x8593, 0x8593, 0x8593, 0x8593, 0x8593,
  0x8593, 0x8593, 0x8593, 0x8593, 0x8593, 0x8593, 0x8593, 0x8593, 0x8593, 0x8593, 0x8593, 0x8593,
  0x6CB0, 0x6CB0, 0x5BEA, 0x5BEA, 0x5BEA, 0x5BEA, 0xC570, 0xC570, 0xCC28, 0xCC28, 0x7225, 0x7225,
  0x51A3, 0x51A3, 0x51A3, 0x51A3, 0x7225, 0x7225, 0x7225, 0x7225, 0x7225, 0x7225, 0x72E8, 0x72E8,
  0x72E8, 0x72E8, 0x72E8, 0x72E8, 0x72E8, 0x72E8, 0x7225, 0x7225, 0x72E8, 0x72E8, 0x72E8, 0x72E8,
  0x72E8, 0x72E8, 0xA326, 0xA326, 0x72E8, 0x72E8, 0x7225, 0x7225, 0xA326, 0xA326, 0xA326, 0xA326,
  0xA326, 0xA326, 0xA326, 0xA326, 0xA326, 0xA326, 0xA326, 0xA326, 0xA326, 0xA326, 0xA326, 0xA326,
  0xA326, 0xA326, 0xA326, 0xA326, 0xA326, 0xA326, 0xA326, 0xA326, 0xA326, 0xA326, 0xA326, 0xA326,
  0xA326, 0xA326, 0xA326, 0xA326, 0x72E8, 0x72E8, 0x72E8, 0x72E8, 0x7225, 0x7225, 0x51A3, 0x51A3,
  0x5A88, 0x5A88, 0x5BEA, 0x5BEA, 0x5BEA, 0x5BEA, 0x6CB0, 0x6CB0, 0x5BEA, 0x5BEA, 0x5BEA, 0x5BEA,
  0x8593, 0x8593, 0x8593, 0x8593, 0x8593, 0x8593, 0x6CB0, 0x6CB0, 0x432A, 0x432A, 0x7225, 0x7225,
  0x5A88, 0x5A88, 0x5BEA, 0x5BEA, 0x6CB0, 0x6CB0, 0x5BEA, 0x5BEA, 0x5BEA, 0x5BEA, 0x5BEA, 0x5BEA,
  0x5BEA, 0x5BEA, 0x5BEA, 0x5BEA, 0x5BEA, 0x5BEA, 0x5BEA, 0x5BEA, 0x5BEA, 0x5BEA, 0x5BEA, 0x5BEA,
  0x6CB0, 0x6CB0, 0x8593, 0x8593, 0x8593, 0x8593, 0x8593, 0x8593, 0xC570, 0xC570, 0xD5F3, 0xD5F3,
  0xD5F3, 0xD5F3, 0xD5F3, 0xD5F3, 0xD5F3, 0xD5F3, 0xD5F3, 0xD5F3, 0xD5F3, 0xD5F3, 0xD5F3, 0xD5F3,
  0xD5F3, 0xD5F3, 0xD5F3, 0xD5F3, 0xD5F3, 0xD5F3, 0xD5F3, 0xD5F3, 0xD5F3, 0xD5F3, 0xD5F3, 0xD5F3,
  0xD5F3, 0xD5F3, 0xD5F3, 0xD5F3, 0xD5F3, 0xD5F3, 0xD5F3, 0xD5F3, 0xD5F3, 0xD5F3, 0xD5F3, 0xD5F3,
  0xD5F3, 0xD5F3, 0xD5F3, 0xD5F3, 0xE696, 0xE696, 0xE696, 0xE696, 0xE696, 0xE696, 0xC570, 0xC570,
  0x8593, 0x8593, 0x8593, 0x8593, 0x8593, 0x8593, 0x8593, 0x8593, 0xAE56, 0xAE56, 0x8593, 0x8593,
  0x8593, 0x8593, 0x8593, 0x8593, 0x8593, 0x8593, 0xAE56, 0xAE56, 0x8593, 0x8593, 0x8593, 0x8593,
  0x8593, 0x8593, 0x8593, 0x8593, 0x8593, 0x8593, 0x8593, 0x8593, 0x8593, 0x8593, 0x8593, 0x8593,
  0x8593, 0x8593, 0x8593, 0x8593, 0x8593, 0x8593, 0x8593, 0x8593, 0x8593, 0x8593, 0x8593, 0x8593,
  0x6CB0, 0x6CB0, 0x5BEA, 0x5BEA, 0x5BEA, 0x5BEA, 0xC570, 0xC570, 0xCC28, 0xCC28, 0x7225, 0x7225,
  0x51A3, 0x51A3, 0x51A3, 0x51A3, 0x7225, 0x7225, 0x7225, 0x7225, 0x7225, 0x7225, 0x72E8, 0x72E8,
  0x72E8, 0x72E8, 0x72E8, 0x72E8, 0x72E8, 0x72E8, 0x7225, 0x7225, 0x72E8, 0x72E8, 0x72E8, 0x72E8,
  0x72E8, 0x72E8, 0xA326, 0xA326, 0x72E8, 0x72E8, 0x7225, 0x7225, 0xA326, 0xA326, 0xA326, 0xA326,
  0xA326, 0xA326, 0xA326, 0xA326, 0xA326, 0xA326, 0xA326, 0xA326, 0xA326, 0xA326, 0xA326, 0xA326,
  0xA326, 0xA326, 0xA326, 0xA326, 0xA326, 0xA326, 0xA326, 0xA326, 0xA326, 0xA326, 0xA326, 0xA326,
  0xA326, 0xA326, 0xA326, 0xA326, 0x72E8, 0x72E8, 0x72E8, 0x72E8, 0x7225, 0x7225, 0x51A3, 0x51A3,
  0x5A88, 0x5A88, 0x5BEA, 0x5BEA, 0x5BEA, 0x5BEA, 0x6CB0, 0x6CB0, 0x5BEA, 0x5BEA, 0x5BEA, 0x5BEA,
  0x8593, 0x8593, 0x8593, 0x8593, 0x8593, 0x8593, 0x6CB0, 0x6CB0, 0x432A, 0x432A, 0x7225, 0x7225,
  0x5A88, 0x5A88, 0x5BEA, 0x5BEA, 0x6CB0, 0x6CB0, 0x5BEA, 0x5BEA, 0x5BEA, 0x5BEA, 0x5BEA, 0x5BEA,
  0x5BEA, 0x5BEA, 0x5BEA, 0x5BEA, 0x5BEA, 0x5BEA, 0x5BEA, 0x5BEA, 0x5BEA, 0x5BEA, 0x5BEA, 0x5BEA,
  0x6CB0, 0x6CB0, 0x8593, 0x8593, 0x8593, 0x8593, 0x8593, 0x8593, 0xC570, 0xC570, 0xD5F3, 0xD5F3,
  0xD5F3, 0xD5F3, 0xD5F3, 0xD5F3, 0xD5F3, 0xD5F3, 0xD5F3, 0xD5F3, 0xD5F3, 0xD5F3, 0xD5F3, 0xD5F3,
  0xD5F3, 0xD5F3, 0xD5F3, 0xD5F3, 0xD5F3, 0xD5F3, 0xD5F3, 0xD5F3, 0xD5F3, 0xD5F3, 0xD5F3, 0xD5F3,
  0xD5F3, 0xD5F3, 0xD5F3, 0xD5F3, 0xD5F3, 0xD5F3, 0xD5F3, 0xD5F3, 0xD5F3, 0xD5F3, 0xD5F3, 0xD5F3,
  0xD5F3, 0xD5F3, 0xD5F3, 0xD5F3, 0xE696, 0xE696, 0xE696, 0xE696, 0xE696, 0xE696, 0xC570, 0xC570,
  0x8593, 0x8593, 0x8593, 0x8593, 0x8593, 0x8593, 0x8593, 0x8593, 0xAE56, 0xAE56, 0x8593, 0x8593,
  0x8593, 0x8593, 0x8593, 0x8593, 0x8593, 0x8593, 0xAE56, 0xAE56, 0x8593, 0x8593, 0x8593, 0x8593,
  0x8593, 0x8593, 0x8593, 0x8593, 0x8593, 0x8593, 0x8593, 0x8593, 0x8593, 0x8593, 0x8593, 0x8593,
  0x8593, 0x8593, 0x8593, 0x8593, 0x8593, 0x8593, 0x8593, 0x8593, 0x8593, 0x8593, 0x8593, 0x8593,
  0x6CB0, 0x6CB0, 0x6CB0, 0x6CB0, 0x5BEA, 0x5BEA, 0x72E8, 0x72E8, 0x51A3, 0x51A3, 0x7225, 0x7225,
  0x7225, 0x7225, 0x51A3, 0x51A3, 0x7225, 0x7225, 0x72E8, 0x72E8, 0xA326, 0xA326, 0x72E8, 0x72E8,
  0x72E8, 0x72E8, 0x72E8, 0x72E8, 0x72E8, 0x72E8, 0x72E8, 0x72E8, 0x72E8, 0x72E8, 0xA326, 0xA326,
  0x72E8, 0x72E8, 0x72E8, 0x72E8, 0xA326, 0xA326, 0xA326, 0xA326, 0xA326, 0xA326, 0xA326, 0xA326,
  0xA326, 0xA326, 0xA326, 0xA326, 0xA326, 0xA326, 0xA326, 0xA326, 0xA326, 0xA326, 0xA326, 0xA326,
  0xA326, 0xA326, 0x72E8, 0x72E8, 0x72E8, 0x72E8, 0x72E8, 0x72E8, 0x72E8, 0x72E8, 0xA326, 0xA326,
  0xA326, 0xA326, 0x72E8, 0x72E8, 0x72E8, 0x72E8, 0xA326, 0xA326, 0xA326, 0xA326, 0xA326, 0xA326,
  0x72E8, 0x72E8, 0x7225, 0x7225, 0x5A88, 0x5A88, 0x5BEA, 0x5BEA, 0x5BEA, 0x5BEA, 0x5BEA, 0x5BEA,
  0x8593, 0x8593, 0x8593, 0x8593, 0x8593, 0x8593, 0x6CB0, 0x6CB0, 0x432A, 0x432A, 0x7225, 0x7225,
  0x5A88, 0x5A88, 0x5BEA, 0x5BEA, 0x6CB0, 0x6CB0, 0x5BEA, 0x5BEA, 0x5BEA, 0x5BEA, 0x5BEA, 0x5BEA,
  0x5BEA, 0x5BEA, 0x5BEA, 0x5BEA, 0x5BEA, 0x5BEA, 0x5BEA, 0x5BEA, 0x5BEA, 0x5BEA, 0x5BEA, 0x5BEA,
  0x5BEA, 0x5BEA, 0x5BEA, 0x5BEA, 0x6CB0, 0x6CB0, 0x8593, 0x8593, 0x8593, 0x8593, 0x8593, 0x8593,
  0xC570, 0xC570, 0xD5F3, 0xD5F3, 0xD5F3, 0xD5F3, 0xD5F3, 0xD5F3, 0xD5F3, 0xD5F3, 0xD5F3, 0xD5F3,
  0xD5F3, 0xD5F3, 0xD5F3, 0xD5F3, 0xD5F3, 0xD5F3, 0xD5F3, 0xD5F3, 0xD5F3, 0xD5F3, 0xD5F3, 0xD5F3,
  0xD5F3, 0xD5F3, 0xD5F3, 0xD5F3, 0xD5F3, 0xD5F3, 0xD5F3, 0xD5F3, 0xD5F3, 0xD5F3, 0xD5F3, 0xD5F3,
  0xD5F3, 0xD5F3, 0xD5F3, 0xD5F3, 0xD5F3, 0xD5F3, 0xD5F3, 0xD5F3, 0xD5F3, 0xD5F3, 0xE696, 0xE696,
  0xE696, 0xE696, 0xD5F3, 0xD5F3, 0x8593, 0x8593, 0x6CB0, 0x6CB0, 0x8593, 0x8593, 0x8593, 0x8593,
  0x8593, 0x8593, 0x8593, 0x8593, 0x8593, 0x8593, 0x8593, 0x8593, 0x8593, 0x8593, 0x8593, 0x8593,
  0x8593, 0x8593, 0x8593, 0x8593, 0x8593, 0x8593, 0x8593, 0x8593, 0x8593, 0x8593, 0x8593, 0x8593,
  0x8593, 0x8593, 0x8593, 0x8593, 0x8593, 0x8593, 0x8593, 0x8593, 0x8593, 0x8593, 0x8593, 0x8593,
  0x6CB0, 0x6CB0, 0x6CB0, 0x6CB0, 0x5BEA, 0x5BEA, 0x72E8, 0x72E8, 0x51A3, 0x51A3, 0x7225, 0x7225,
  0x7225, 0x7225, 0x51A3, 0x51A3, 0x7225, 0x7225, 0x72E8, 0x72E8, 0xA326, 0xA326, 0x72E8, 0x72E8,
  0x72E8, 0x72E8, 0x72E8, 0x72E8, 0x72E8, 0x72E8, 0x72E8, 0x72E8, 0x72E8, 0x72E8, 0xA326, 0xA326,
  0x72E8, 0x72E8, 0x72E8, 0x72E8, 0xA326, 0xA326, 0xA326, 0xA326, 0xA326, 0xA326, 0xA326, 0xA326,
  0xA326, 0xA326, 0xA326, 0xA326, 0xA326, 0xA326, 0xA326, 0xA326, 0xA326, 0xA326, 0xA326, 0xA326,
  0xA326, 0xA326, 0x72E8, 0x72E8, 0x72E8, 0x72E8, 0x72E8, 0x72E8, 0x72E8, 0x72E8, 0xA326, 0xA326,
  0xA326, 0xA326, 0x72E8, 0x72E8, 0x72E8, 0x72E8, 0xA326, 0xA326, 0xA326, 0xA326, 0xA326, 0xA326,
  0x72E8, 0x72E8, 0x7225, 0x7225, 0x5A88, 0x5A88, 0x5BEA, 0x5BEA, 0x5BEA, 0x5BEA, 0x5BEA, 0x5BEA,
  0x8593, 0x8593, 0x8593, 0x8593, 0x8593, 0x8593, 0x6CB0, 0x6CB0, 0x432A, 0x432A, 0x7225, 0x7225,
  0x5A88, 0x5A88, 0x5BEA, 0x5BEA, 0x6CB0, 0x6CB0, 0x5BEA, 0x5BEA, 0x5BEA, 0x5BEA, 0x5BEA, 0x5BEA,
  0x5BEA, 0x5BEA, 0x5BEA, 0x5BEA, 0x5BEA, 0x5BEA, 0x5BEA, 0x5BEA, 0x5BEA, 0x5BEA, 0x5BEA, 0x5BEA,
  0x5BEA, 0x5BEA, 0x5BEA, 0x5BEA, 0x6CB0, 0x6CB0, 0x8593, 0x8593, 0x8593, 0x8593, 0x8593, 0x8593,
  0xC570, 0xC570, 0xD5F3, 0xD5F3, 0xD5F3, 0xD5F3, 0xD5F3, 0xD5F3, 0xD5F3, 0xD5F3, 0xD5F3, 0xD5F3,
  0xD5F3, 0xD5F3, 0xD5F3, 0xD5F3, 0xD5F3, 0xD5F3, 0xD5F3, 0xD5F3, 0xD5F3, 0xD5F3, 0xD5F3, 0xD5F3,
  0xD5F3, 0xD5F3, 0xD5F3, 0xD5F3, 0xD5F3, 0xD5F3, 0xD5F3, 0xD5F3, 0xD5F3, 0xD5F3, 0xD5F3, 0xD5F3,
  0xD5F3, 0xD5F3, 0xD5F3, 0xD5F3, 0xD5F3, 0xD5F3, 0xD5F3, 0xD5F3, 0xD5F3, 0xD5F3, 0xE696, 0xE696,
  0xE696, 0xE696, 0xD5F3, 0xD5F3, 0x8593, 0x8593, 0x6CB0, 0x6CB0, 0x8593, 0x8593, 0x8593, 0x8593,
  0x8593, 0x8593, 0x8593, 0x8593, 0x8593, 0x8593, 0x8593, 0x8593, 0x8593, 0x8593, 0x8593, 0x8593,
  0x8593, 0x8593, 0x8593, 0x8593, 0x8593, 0x8593, 0x8593, 0x8593, 0x8593, 0x8593, 0x8593, 0x8593,
  0x8593, 0x8593, 0x8593, 0x8593, 0x8593, 0x8593, 0x8593, 0x8593, 0x8593, 0x8593, 0x8593, 0x8593,
  0x5BEA, 0x5BEA, 0x5A88, 0x5A88, 0x51A3, 0x51A3, 0x51A3, 0x51A3, 0x7225, 0x7225, 0x7225, 0x7225,
  0x7225, 0x7225, 0x72E8, 0x72E8, 0x72E8, 0x72E8, 0x7225, 0x7225, 0x72E8, 0x72E8, 0x72E8, 0x72E8,
  0x72E8, 0x72E8, 0x72E8, 0x72E8, 0xA326, 0xA326, 0xA326, 0xA326, 0x72E8, 0x72E8, 0x72E8, 0x72E8,
  0xA326, 0xA326, 0xA326, 0xA326, 0xA326, 0xA326, 0xA326, 0xA326, 0xA326, 0xA326, 0xA326, 0xA326,
  0xA326, 0xA326, 0xA326, 0xA326, 0xA326, 0xA326, 0xA326, 0xA326, 0xA326, 0xA326, 0xA326, 0xA326,
  0x72E8, 0x72E8, 0x6CB0, 0x6CB0, 0x8593, 0x8593, 0x8593, 0x8593, 0x6CB0, 0x6CB0, 0x72E8, 0x72E8,
  0x72E8, 0x72E8, 0xA326, 0xA326, 0xA326, 0xA326, 0xA326, 0xA326, 0xA326, 0xA326, 0xA326, 0xA326,
  0xA326, 0xA326, 0xA326, 0xA326, 0x7225, 0x7225, 0x7225, 0x7225, 0x5A88, 0x5A88, 0x5BEA, 0x5BEA,
  0x8593, 0x8593, 0x8593, 0x8593, 0x8593, 0x8593, 0x6CB0, 0x6CB0, 0x432A, 0x432A, 0x7225, 0x7225,
  0x5A88, 0x5A88, 0x5BEA, 0x5BEA, 0x5BEA, 0x5BEA, 0x5BEA, 0x5BEA, 0x5BEA, 0x5BEA, 0x5BEA, 0x5BEA,
  0x5BEA, 0x5BEA, 0x5BEA, 0x5BEA, 0x5BEA, 0x5BEA, 0x5BEA, 0x5BEA, 0x5BEA, 0x5BEA, 0x5BEA, 0x5BEA,
  0x5BEA, 0x5BEA, 0x5BEA, 0x5BEA, 0x5BEA, 0x5BEA, 0x5BEA, 0x5BEA, 0x6CB0, 0x6CB0, 0x8593, 0x8593,
  0x8593, 0x8593, 0x8593, 0x8593, 0xC570, 0xC570, 0xC570, 0xC570, 0xD5F3, 0xD5F3, 0xD5F3, 0xD5F3,
  0xD5F3, 0xD5F3, 0xC570, 0xC570, 0x8593, 0x8593, 0x6CB0, 0x6CB0, 0x6CB0, 0x6CB0, 0xC570, 0xC570,
  0xD5F3, 0xD5F3, 0xD5F3, 0xD5F3, 0xD5F3, 0xD5F3, 0xD5F3, 0xD5F3, 0xD5F3, 0xD5F3, 0xD5F3, 0xD5F3,
  0xD5F3, 0xD5F3, 0xD5F3, 0xD5F3, 0xD5F3, 0xD5F3, 0xD5F3, 0xD5F3, 0xD5F3, 0xD5F3, 0xD5F3, 0xD5F3,
  0xD5F3, 0xD5F3, 0xE696, 0xE696, 0xE696, 0xE696, 0xD5F3, 0xD5F3, 0x8593, 0x8593, 0x8593, 0x8593,
  0x8593, 0x8593, 0x8593, 0x8593, 0x8593, 0x8593, 0x8593, 0x8593, 0x8593, 0x8593, 0x8593, 0x8593,
  0x8593, 0x8593, 0x8593, 0x8593, 0x8593, 0x8593, 0x8593, 0x8593, 0x8593, 0x8593, 0x8593, 0x8593,
  0x8593, 0x8593, 0x8593, 0x8593, 0x8593, 0x8593, 0x8593, 0x8593, 0x8593, 0x8593, 0x8593, 0x8593,
  0x5BEA, 0x5BEA, 0x5A88, 0x5A88, 0x51A3, 0x51A3, 0x51A3, 0x51A3, 0x7225, 0x7225, 0x7225, 0x7225,
  0x7225, 0x7225, 0x72E8, 0x72E8, 0x72E8, 0x72E8, 0x7225, 0x7225, 0x72E8, 0x72E8, 0x72E8, 0x72E8,
  0x72E8, 0x72E8, 0x72E8, 0x72E8, 0xA326, 0xA326, 0xA326, 0xA326, 0x72E8, 0x72E8, 0x72E8, 0x72E8,
  0xA326, 0xA326, 0xA326, 0xA326, 0xA326, 0xA326, 0xA326, 0xA326, 0xA326, 0xA326, 0xA326, 0xA326,
  0xA326, 0xA326, 0xA326, 0xA326, 0xA326, 0xA326, 0xA326, 0xA326, 0xA326, 0xA326, 0xA326, 0xA326,
  0x72E8, 0x72E8, 0x6CB0, 0x6CB0, 0x8593, 0x8593, 0x8593, 0x8593, 0x6CB0, 0x6CB0, 0x72E8, 0x72E8,
  0x72E8, 0x72E8, 0xA326, 0xA326, 0xA326, 0xA326, 0xA326, 0xA326, 0xA326, 0xA326, 0xA326, 0xA326,
  0xA326, 0xA326, 0xA326, 0xA326, 0x7225, 0x7225, 0x7225, 0x7225, 0x5A88, 0x5A88, 0x5BEA, 0x5BEA,
  0x8593, 0x8593, 0x8593, 0x8593, 0x8593, 0x8593, 0x6CB0, 0x6CB0, 0x432A, 0x432A, 0x7225, 0x7225,
  0x5A88, 0x5A88, 0x5BEA, 0x5BEA, 0x5BEA, 0x5BEA, 0x5BEA, 0x5BEA, 0x5BEA, 0x5BEA, 0x5BEA, 0x5BEA,
  0x5BEA, 0x5BEA, 0x5BEA, 0x5BEA, 0x5BEA, 0x5BEA, 0x5BEA, 0x5BEA, 0x5BEA, 0x5BEA, 0x5BEA, 0x5BEA,
  0x5BEA, 0x5BEA, 0x5BEA, 0x5BEA, 0x5BEA, 0x5BEA, 0x5BEA, 0x5BEA, 0x6CB0, 0x6CB0, 0x8593, 0x8593,
  0x8593, 0x8593, 0x8593, 0x8593, 0xC570, 0xC570, 0xC570, 0xC570, 0xD5F3, 0xD5F3, 0xD5F3, 0xD5F3,
  0xD5F3, 0xD5F3, 0xC570, 0xC570, 0x8593, 0x8593, 0x6CB0, 0x6CB0, 0x6CB0, 0x6CB0, 0xC570, 0xC570,
  0xD5F3, 0xD5F3, 0xD5F3, 0xD5F3, 0xD5F3, 0xD5F3, 0xD5F3, 0xD5F3, 0xD5F3, 0xD5F3, 0xD5F3, 0xD5F3,
  0xD5F3, 0xD5F3, 0xD5F3, 0xD5F3, 0xD5F3, 0xD5F3, 0xD5F3, 0xD5F3, 0xD5F3, 0xD5F3, 0xD5F3, 0xD5F3,
  0xD5F3, 0xD5F3, 0xE696, 0xE696, 0xE696, 0xE696, 0xD5F3, 0xD5F3, 0x8593, 0x8593, 0x8593, 0x8593,
  0x8593, 0x8593, 0x8593, 0x8593, 0x8593, 0x8593, 0x8593, 0x8593, 0x8593, 0x8593, 0x8593, 0x8593,
  0x8593, 0x8593, 0x8593, 0x8593, 0x8593, 0x8593, 0x8593, 0x8593, 0x8593, 0x8593, 0x8593, 0x8593,
  0x8593, 0x8593, 0x8593, 0x8593, 0x8593, 0x8593, 0x8593, 0x8593, 0x8593, 0x8593, 0x8593, 0x8593,
  0x5A88, 0x5A88, 0x51A3, 0x51A3, 0x7225, 0x7225, 0x7225, 0x7225, 0x7225, 0x7225, 0x7225, 0x7225,
  0x72E8, 0x72E8, 0x72E8, 0x72E8, 0x72E8, 0x72E8, 0x72E8, 0x72E8, 0x72E8, 0x72E8, 0x72E8, 0x72E8,
  0x72E8, 0x72E8, 0xA326, 0xA326, 0xA326, 0xA326, 0x72E8, 0x72E8, 0x72E8, 0x72E8, 0xA326, 0xA326,
  0xA326, 0xA326, 0xA326, 0xA326, 0xA326, 0xA326, 0xA326, 0xA326, 0xA326, 0xA326, 0xA326, 0xA326,
  0xA326, 0xA326, 0xA326, 0xA326, 0xA326, 0xA326, 0xA326, 0xA326, 0x9389, 0x9389, 0x6CB0, 0x6CB0,
  0x5BEA, 0x5BEA, 0x8593, 0x8593, 0x8593, 0x8593, 0x8593, 0x8593, 0x8593, 0x8593, 0x6CB0, 0x6CB0,
  0x6CB0, 0x6CB0, 0x72E8, 0x72E8, 0xA326, 0xA326, 0xA326, 0xA326, 0xA326, 0xA326, 0xA326, 0xA326,
  0xA326, 0xA326, 0xA326, 0xA326, 0xA326, 0xA326, 0xA326, 0xA326, 0x7225, 0x7225, 0x5BEA, 0x5BEA,
  0x8593, 0x8593, 0x8593, 0x8593, 0x8593, 0x8593, 0x6CB0, 0x6CB0, 0x432A, 0x432A, 0x7225, 0x7225,
  0x5A88, 0x5A88, 0x5BEA, 0x5BEA, 0x5BEA, 0x5BEA, 0x5BEA, 0x5BEA, 0x5BEA, 0x5BEA, 0x5BEA, 0x5BEA,
  0x5BEA, 0x5BEA, 0x5BEA, 0x5BEA, 0x5BEA, 0x5BEA, 0x5BEA, 0x5BEA, 0x5BEA, 0x5BEA, 0x5BEA, 0x5BEA,
  0x5BEA, 0x5BEA, 0x5BEA, 0x5BEA, 0x5BEA, 0x5BEA, 0x5BEA, 0x5BEA, 0x5BEA, 0x5BEA, 0x5BEA, 0x5BEA,
  0x6CB0, 0x6CB0, 0x8593, 0x8593, 0x8593, 0x8593, 0x8593, 0x8593, 0xC570, 0xC570, 0xD5F3, 0xD5F3,
  0xC570, 0xC570, 0x8593, 0x8593, 0x6CB0, 0x6CB0, 0x8593, 0x8593, 0x8593, 0x8593, 0x6CB0, 0x6CB0,
  0x6CB0, 0x6CB0, 0xC570, 0xC570, 0xD5F3, 0xD5F3, 0xD5F3, 0xD5F3, 0xD5F3, 0xD5F3, 0xD5F3, 0xD5F3,
  0xD5F3, 0xD5F3, 0xD5F3, 0xD5F3, 0xD5F3, 0xD5F3, 0xD5F3, 0xD5F3, 0xD5F3, 0xD5F3, 0xD5F3, 0xD5F3,
  0xD5F3, 0xD5F3, 0xD5F3, 0xD5F3, 0xD5F3, 0xD5F3, 0xE696, 0xE696, 0xE696, 0xE696, 0xC570, 0xC570,
  0x6CB0, 0x6CB0, 0x8593, 0x8593, 0x8593, 0x8593, 0x8593, 0x8593, 0x8593, 0x8593, 0x8593, 0x8593,
  0x8593, 0x8593, 0x8593, 0x8593, 0x8593, 0x8593, 0x8593, 0x8593, 0x8593, 0x8593, 0x8593, 0x8593,
  0x8593, 0x8593, 0x8593, 0x8593, 0x8593, 0x8593, 0x8593, 0x8593, 0x8593, 0x8593, 0x8593, 0x8593,
  0x5A88, 0x5A88, 0x51A3, 0x51A3, 0x7225, 0x7225, 0x7225, 0x7225, 0x7225, 0x7225, 0x7225, 0x7225,
  0x72E8, 0x72E8, 0x72E8, 0x72E8, 0x72E8, 0x72E8, 0x72E8, 0x72E8, 0x72E8, 0x72E8, 0x72E8, 0x72E8,
  0x72E8, 0x72E8, 0xA326, 0xA326, 0xA326, 0xA326, 0x72E8, 0x72E8, 0x72E8, 0x72E8, 0xA326, 0xA326,
  0xA326, 0xA326, 0xA326, 0xA326, 0xA326, 0xA326, 0xA326, 0xA326, 0xA326, 0xA326, 0xA326, 0xA326,
  0xA326, 0xA326, 0xA326, 0xA326, 0xA326, 0xA326, 0xA326, 0xA326, 0x9389, 0x9389, 0x6CB0, 0x6CB0,
  0x5BEA, 0x5BEA, 0x8593, 0x8593, 0x8593, 0x8593, 0x8593, 0x8593, 0x8593, 0x8593, 0x6CB0, 0x6CB0,
  0x6CB0, 0x6CB0, 0x72E8, 0x72E8, 0xA326, 0xA326, 0xA326, 0xA326, 0xA326, 0xA326, 0xA326, 0xA326,
  0xA326, 0xA326, 0xA326, 0xA326, 0xA326, 0xA326, 0xA326, 0xA326, 0x7225, 0x7225, 0x5BEA, 0x5BEA,
  0x8593, 0x8593, 0x8593, 0x8593, 0x8593, 0x8593, 0x6CB0, 0x6CB0, 0x432A, 0x432A, 0x7225, 0x7225,
  0x5A88, 0x5A88, 0x5BEA, 0x5BEA, 0x5BEA, 0x5BEA, 0x5BEA, 0x5BEA, 0x5BEA, 0x5BEA, 0x5BEA, 0x5BEA,
  0x5BEA, 0x5BEA, 0x5BEA, 0x5BEA, 0x5BEA, 0x5BEA, 0x5BEA, 0x5BEA, 0x5BEA, 0x5BEA, 0x5BEA, 0x5BEA,
  0x5BEA, 0x5BEA, 0x5BEA, 0x5BEA, 0x5BEA, 0x5BEA, 0x5BEA, 0x5BEA, 0x5BEA, 0x5BEA, 0x5BEA, 0x5BEA,
  0x6CB0, 0x6CB0, 0x8593, 0x8593, 0x8593, 0x8593, 0x8593, 0x8593, 0xC570, 0xC570, 0xD5F3, 0xD5F3,
  0xC570, 0xC570, 0x8593, 0x8593, 0x6CB0, 0x6CB0, 0x8593, 0x8593, 0x8593, 0x8593, 0x6CB0, 0x6CB0,
  0x6CB0, 0x6CB0, 0xC570, 0xC570, 0xD5F3, 0xD5F3, 0xD5F3, 0xD5F3, 0xD5F3, 0xD5F3, 0xD5F3, 0xD5F3,
  0xD5F3, 0xD5F3, 0xD5F3, 0xD5F3, 0xD5F3, 0xD5F3, 0xD5F3, 0xD5F3, 0xD5F3, 0xD5F3, 0xD5F3, 0xD5F3,
  0xD5F3, 0xD5F3, 0xD5F3, 0xD5F3, 0xD5F3, 0xD5F3, 0xE696, 0xE696, 0xE696, 0xE696, 0xC570, 0xC570,
  0x6CB0, 0x6CB0, 0x8593, 0x8593, 0x8593, 0x8593, 0x8593, 0x8593, 0x8593, 0x8593, 0x8593, 0x8593,
  0x8593, 0x8593, 0x8593, 0x8593, 0x8593, 0x8593, 0x8593, 0x8593, 0x8593, 0x8593, 0x8593, 0x8593,
  0x8593, 0x8593, 0x8593, 0x8593, 0x8593, 0x8593, 0x8593, 0x8593, 0x8593, 0x8593, 0x8593, 0x8593,
  0x7225, 0x7225, 0x7225, 0x7225, 0x7225, 0x7225, 0x7225, 0x7225, 0x72E8, 0x72E8, 0x72E8, 0x72E8,
  0x72E8, 0x72E8, 0x72E8, 0x72E8, 0x72E8, 0x72E8, 0x72E8, 0x72E8, 0xA326, 0xA326, 0xA326, 0xA326,
  0xA326, 0xA326, 0x72E8, 0x72E8, 0x72E8, 0x72E8, 0xA326, 0xA326, 0xA326, 0xA326, 0xA326, 0xA326,
  0xA326, 0xA326, 0xA326, 0xA326, 0xA326, 0xA326, 0xA326, 0xA326, 0xA326, 0xA326, 0xA326, 0xA326,
  0xA326, 0xA326, 0xA326, 0xA326, 0xA326, 0xA326, 0x5BEA, 0x5BEA, 0x8593, 0x8593, 0x8593, 0x8593,
  0x8593, 0x8593, 0x8593, 0x8593, 0xD5F3, 0xD5F3, 0xD5F3, 0xD5F3, 0x8593, 0x8593, 0x8593, 0x8593,
  0x8593, 0x8593, 0x8593, 0x8593, 0x5BEA, 0x5BEA, 0xA326, 0xA326, 0xA326, 0xA326, 0xA326, 0xA326,
  0xA326, 0xA326, 0xA326, 0xA326, 0xA326, 0xA326, 0x72E8, 0x72E8, 0x7225, 0x7225, 0x5BEA, 0x5BEA,
  0x8593, 0x8593, 0x8593, 0x8593, 0x8593, 0x8593, 0x6CB0, 0x6CB0, 0x432A, 0x432A, 0x7225, 0x7225,
  0x5A88, 0x5A88, 0x5BEA, 0x5BEA, 0x5BEA, 0x5BEA, 0x5BEA, 0x5BEA, 0x5BEA, 0x5BEA, 0x5BEA, 0x5BEA,
  0x5BEA, 0x5BEA, 0x5BEA, 0x5BEA, 0x5BEA, 0x5BEA, 0x5BEA, 0x5BEA, 0x5BEA, 0x5BEA, 0x5BEA, 0x5BEA,
  0x5BEA, 0x5BEA, 0x5BEA, 0x5BEA, 0x5BEA, 0x5BEA, 0x5BEA, 0x5BEA, 0x5BEA, 0x5BEA, 0x5BEA, 0x5BEA,
  0x5BEA, 0x5BEA, 0x5BEA, 0x5BEA, 0x6CB0, 0x6CB0, 0x8593, 0x8593, 0x8593, 0x8593, 0x8593, 0x8593,
  0x5BEA, 0x5BEA, 0x6CB0, 0x6CB0, 0x8593, 0x8593, 0x8593, 0x8593, 0x8593, 0x8593, 0x8593, 0x8593,
  0x8593, 0x8593, 0x5BEA, 0x5BEA, 0xAC4C, 0xAC4C, 0xD5F3, 0xD5F3, 0xD5F3, 0xD5F3, 0xD5F3, 0xD5F3,
  0xD5F3, 0xD5F3, 0xD5F3, 0xD5F3, 0xD5F3, 0xD5F3, 0xD5F3, 0xD5F3, 0xD5F3, 0xD5F3, 0xD5F3, 0xD5F3,
  0xD5F3, 0xD5F3, 0xD5F3, 0xD5F3, 0xD5F3, 0xD5F3, 0xD5F3, 0xD5F3, 0xD5F3, 0xD5F3, 0xC570, 0xC570,
  0xAC4C, 0xAC4C, 0x6CB0, 0x6CB0, 0x8593, 0x8593, 0x8593, 0x8593, 0x8593, 0x8593, 0x8593, 0x8593,
  0x8593, 0x8593, 0x8593, 0x8593, 0x8593, 0x8593, 0x8593, 0x8593, 0x8593, 0x8593, 0x8593, 0x8593,
  0x8593, 0x8593, 0x8593, 0x8593, 0x8593, 0x8593, 0x8593, 0x8593, 0x8593, 0x8593, 0x8593, 0x8593,
  0x7225, 0x7225, 0x7225, 0x7225, 0x7225, 0x7225, 0x7225, 0x7225, 0x72E8, 0x72E8, 0x72E8, 0x72E8,
  0x72E8, 0x72E8, 0x72E8, 0x72E8, 0x72E8, 0x72E8, 0x72E8, 0x72E8, 0xA326, 0xA326, 0xA326, 0xA326,
  0xA326, 0xA326, 0x72E8, 0x72E8, 0x72E8, 0x72E8, 0xA326, 0xA326, 0xA326, 0xA326, 0xA326, 0xA326,
  0xA326, 0xA326, 0xA326, 0xA326, 0xA326, 0xA326, 0xA326, 0xA326, 0xA326, 0xA326, 0xA326, 0xA326,
  0xA326, 0xA326, 0xA326, 0xA326, 0xA326, 0xA326, 0x5BEA, 0x5BEA, 0x8593, 0x8593, 0x8593, 0x8593,
  0x8593, 0x8593, 0x8593, 0x8593, 0xD5F3, 0xD5F3, 0xD5F3, 0xD5F3, 0x8593, 0x8593, 0x8593, 0x8593,
  0x8593, 0x8593, 0x8593, 0x8593, 0x5BEA, 0x5BEA, 0xA326, 0xA326, 0xA326, 0xA326, 0xA326, 0xA326,
  0xA326, 0xA326, 0xA326, 0xA326, 0xA326, 0xA326, 0x72E8, 0x72E8, 0x7225, 0x7225, 0x5BEA, 0x5BEA,
  0x8593, 0x8593, 0x8593, 0x8593, 0x8593, 0x8593, 0x6CB0, 0x6CB0, 0x432A, 0x432A, 0x7225, 0x7225,
  0x5A88, 0x5A88, 0x5BEA, 0x5BEA, 0x5BEA, 0x5BEA, 0x5BEA, 0x5BEA, 0x5BEA, 0x5BEA, 0x5BEA, 0x5BEA,
  0x5BEA, 0x5BEA, 0x5BEA, 0x5BEA, 0x5BEA, 0x5BEA, 0x5BEA, 0x5BEA, 0x5BEA, 0x5BEA, 0x5BEA, 0x5BEA,
  0x5BEA, 0x5BEA, 0x5BEA, 0x5BEA, 0x5BEA, 0x5BEA, 0x5BEA, 0x5BEA, 0x5BEA, 0x5BEA, 0x5BEA, 0x5BEA,
  0x5BEA, 0x5BEA, 0x5BEA, 0x5BEA, 0x6CB0, 0x6CB0, 0x8593, 0x8593, 0x8593, 0x8593, 0x8593, 0x8593,
  0x5BEA, 0x5BEA, 0x6CB0, 0x6CB0, 0x8593, 0x8593, 0x8593, 0x8593, 0x8593, 0x8593, 0x8593, 0x8593,
  0x8593, 0x8593, 0x5BEA, 0x5BEA, 0xAC4C, 0xAC4C, 0xD5F3, 0xD5F3, 0xD5F3, 0xD5F3, 0xD5F3, 0xD5F3,
  0xD5F3, 0xD5F3, 0xD5F3, 0xD5F3, 0xD5F3, 0xD5F3, 0xD5F3, 0xD5F3, 0xD5F3, 0xD5F3, 0xD5F3, 0xD5F3,
  0xD5F3, 0xD5F3, 0xD5F3, 0xD5F3, 0xD5F3, 0xD5F3, 0xD5F3, 0xD5F3, 0xD5F3, 0xD5F3, 0xC570, 0xC570,
  0xAC4C, 0xAC4C, 0x6CB0, 0x6CB0, 0x8593, 0x8593, 0x8593, 0x8593, 0x8593, 0x8593, 0x8593, 0x8593,
  0x8593, 0x8593, 0x8593, 0x8593, 0x8593, 0x8593, 0x8593, 0x8593, 0x8593, 0x8593, 0x8593, 0x8593,
  0x8593, 0x8593, 0x8593, 0x8593, 0x8593, 0x8593, 0x8593, 0x8593, 0x8593, 0x8593, 0x8593, 0x8593,
  0x7225, 0x7225, 0x7225, 0x7225, 0x72E8, 0x72E8, 0xA326, 0xA326, 0x72E8, 0x72E8, 0x72E8, 0x72E8,
  0x72E8, 0x72E8, 0xA326, 0xA326, 0xA326, 0xA326, 0xA326, 0xA326, 0xA326, 0xA326, 0xA326, 0xA326,
  0x72E8, 0x72E8, 0x72E8, 0x72E8, 0xA326, 0xA326, 0xA326, 0xA326, 0xA326, 0xA326, 0xA326, 0xA326,
  0xA326, 0xA326, 0xA326, 0xA326, 0xA326, 0xA326, 0xA326, 0xA326, 0xA326, 0xA326, 0xA326, 0xA326,
  0x9389, 0x9389, 0x6CB0, 0x6CB0, 0x6CB0, 0x6CB0, 0x6CB0, 0x6CB0, 0x8593, 0x8593, 0x8593, 0x8593,
  0xAE56, 0xAE56, 0xD5F3, 0xD5F3, 0xD5F3, 0xD5F3, 0xE696, 0xE696, 0xE696, 0xE696, 0xD5F3, 0xD5F3,
  0x8593, 0x8593, 0x8593, 0x8593, 0x6CB0, 0x6CB0, 0x6CB0, 0x6CB0, 0x6CB0, 0x6CB0, 0x72E8, 0x72E8,
  0xA326, 0xA326, 0xA326, 0xA326, 0x72E8, 0x72E8, 0xA326, 0xA326, 0xA326, 0xA326, 0x72E8, 0x72E8,
  0x6CB0, 0x6CB0, 0x8593, 0x8593, 0x8593, 0x8593, 0x6CB0, 0x6CB0, 0x432A, 0x432A, 0x7225, 0x7225,
  0x51A3, 0x51A3, 0x432A, 0x432A, 0x6CB0, 0x6CB0, 0x5BEA, 0x5BEA, 0x5BEA, 0x5BEA, 0x5BEA, 0x5BEA,
  0x5BEA, 0x5BEA, 0x5BEA, 0x5BEA, 0x5BEA, 0x5BEA, 0x5BEA, 0x5BEA, 0x5BEA, 0x5BEA, 0x5BEA, 0x5BEA,
  0x5BEA, 0x5BEA, 0x5BEA, 0x5BEA, 0x5BEA, 0x5BEA, 0x5BEA, 0x5BEA, 0x5BEA, 0x5BEA, 0x5BEA, 0x5BEA,
  0x5BEA, 0x5BEA, 0x5BEA, 0x5BEA, 0x5BEA, 0x5BEA, 0x5BEA, 0x5BEA, 0x6CB0, 0x6CB0, 0x8593, 0x8593,
  0x5BEA, 0x5BEA, 0x6CB0, 0x6CB0, 0x5BEA, 0x5BEA, 0x6CB0, 0x6CB0, 0x8593, 0x8593, 0x6CB0, 0x6CB0,
  0x5BEA, 0x5BEA, 0x3AE7, 0x3AE7, 0x9389, 0x9389, 0xD5F3, 0xD5F3, 0xD5F3, 0xD5F3, 0xD5F3, 0xD5F3,
  0xD5F3, 0xD5F3, 0xD5F3, 0xD5F3, 0xD5F3, 0xD5F3, 0xD5F3, 0xD5F3, 0xD5F3, 0xD5F3, 0xD5F3, 0xD5F3,
  0xD5F3, 0xD5F3, 0xD5F3, 0xD5F3, 0xD5F3, 0xD5F3, 0xD5F3, 0xD5F3, 0xBCCD, 0xBCCD, 0xBCCD, 0xBCCD,
  0xAC4C, 0xAC4C, 0x6CB0, 0x6CB0, 0x8593, 0x8593, 0x8593, 0x8593, 0x8593, 0x8593, 0x8593, 0x8593,
  0x8593, 0x8593, 0x8593, 0x8593, 0x8593, 0x8593, 0x8593, 0x8593, 0x8593, 0x8593, 0x8593, 0x8593,
  0x8593, 0x8593, 0x8593, 0x8593, 0x8593, 0x8593, 0x8593, 0x8593, 0x8593, 0x8593, 0x8593, 0x8593,
  0x7225, 0x7225, 0x7225, 0x7225, 0x72E8, 0x72E8, 0xA326, 0xA326, 0x72E8, 0x72E8, 0x72E8, 0x72E8,
  0x72E8, 0x72E8, 0xA326, 0xA326, 0xA326, 0xA326, 0xA326, 0xA326, 0xA326, 0xA326, 0xA326, 0xA326,
  0x72E8, 0x72E8, 0x72E8, 0x72E8, 0xA326, 0xA326, 0xA326, 0xA326, 0xA326, 0xA326, 0xA326, 0xA326,
  0xA326, 0xA326, 0xA326, 0xA326, 0xA326, 0xA326, 0xA326, 0xA326, 0xA326, 0xA326, 0xA326, 0xA326,
  0x9389, 0x9389, 0x6CB0, 0x6CB0, 0x6CB0, 0x6CB0, 0x6CB0, 0x6CB0, 0x8593, 0x8593, 0x8593, 0x8593,
  0xAE56, 0xAE56, 0xD5F3, 0xD5F3, 0xD5F3, 0xD5F3, 0xE696, 0xE696, 0xE696, 0xE696, 0xD5F3, 0xD5F3,
  0x8593, 0x8593, 0x8593, 0x8593, 0x6CB0, 0x6CB0, 0x6CB0, 0x6CB0, 0x6CB0, 0x6CB0, 0x72E8, 0x72E8,
  0xA326, 0xA326, 0xA326, 0xA326, 0x72E8, 0x72E8, 0xA326, 0xA326, 0xA326, 0xA326, 0x72E8, 0x72E8,
  0x6CB0, 0x6CB0, 0x8593, 0x8593, 0x8593, 0x8593, 0x6CB0, 0x6CB0, 0x432A, 0x432A, 0x7225, 0x7225,
  0x51A3, 0x51A3, 0x432A, 0x432A, 0x6CB0, 0x6CB0, 0x5BEA, 0x5BEA, 0x5BEA, 0x5BEA, 0x5BEA, 0x5BEA,
  0x5BEA, 0x5BEA, 0x5BEA, 0x5BEA, 0x5BEA, 0x5BEA, 0x5BEA, 0x5BEA, 0x5BEA, 0x5BEA, 0x5BEA, 0x5BEA,
  0x5BEA, 0x5BEA, 0x5BEA, 0x5BEA, 0x5BEA, 0x5BEA, 0x5BEA, 0x5BEA, 0x5BEA, 0x5BEA, 0x5BEA, 0x5BEA,
  0x5BEA, 0x5BEA, 0x5BEA, 0x5BEA, 0x5BEA, 0x5BEA, 0x5BEA, 0x5BEA, 0x6CB0, 0x6CB0, 0x8593, 0x8593,
  0x5BEA, 0x5BEA, 0x6CB0, 0x6CB0, 0x5BEA, 0x5BEA, 0x6CB0, 0x6CB0, 0x8593, 0x8593, 0x6CB0, 0x6CB0,
  0x5BEA, 0x5BEA, 0x3AE7, 0x3AE7, 0x9389, 0x9389, 0xD5F3, 0xD5F3, 0xD5F3, 0xD5F3, 0xD5F3, 0xD5F3,
  0xD5F3, 0xD5F3, 0xD5F3, 0xD5F3, 0xD5F3, 0xD5F3, 0xD5F3, 0xD5F3, 0xD5F3, 0xD5F3, 0xD5F3, 0xD5F3,
  0xD5F3, 0xD5F3, 0xD5F3, 0xD5F3, 0xD5F3, 0xD5F3, 0xD5F3, 0xD5F3, 0xBCCD, 0xBCCD, 0xBCCD, 0xBCCD,
  0xAC4C, 0xAC4C, 0x6CB0, 0x6CB0, 0x8593, 0x8593, 0x8593, 0x8593, 0x8593, 0x8593, 0x8593, 0x8593,
  0x8593, 0x8593, 0x8593, 0x8593, 0x8593, 0x8593, 0x8593, 0x8593, 0x8593, 0x8593, 0x8593, 0x8593,
  0x8593, 0x8593, 0x8593, 0x8593, 0x8593, 0x8593, 0x8593, 0x8593, 0x8593, 0x8593, 0x8593, 0x8593,
  0x72E8, 0x72E8, 0xA326, 0xA326, 0xA326, 0xA326, 0x72E8, 0x72E8, 0x72E8, 0x72E8, 0xA326, 0xA326,
  0xA326, 0xA326, 0xA326, 0xA326, 0xA326, 0xA326, 0xA326, 0xA326, 0x72E8, 0x72E8, 0x72E8, 0x72E8,
  0xA326, 0xA326, 0xA326, 0xA326, 0xA326, 0xA326, 0xA326, 0xA326, 0xA326, 0xA326, 0xA326, 0xA326,
  0xA326, 0xA326, 0xA326, 0xA326, 0xA326, 0xA326, 0xA326, 0xA326, 0x9389, 0x9389, 0x72E8, 0x72E8,
  0x6CB0, 0x6CB0, 0x8593, 0x8593, 0x8593, 0x8593, 0x8593, 0x8593, 0x8593, 0x8593, 0xD5F3, 0xD5F3,
  0xD5F3, 0xD5F3, 0xE696, 0xE696, 0xD5F3, 0xD5F3, 0xD5F3, 0xD5F3, 0xD5F3, 0xD5F3, 0xE696, 0xE696,
  0xD5F3, 0xD5F3, 0xD5F3, 0xD5F3, 0x8593, 0x8593, 0x8593, 0x8593, 0x8593, 0x8593, 0x8593, 0x8593,
  0x72E8, 0x72E8, 0x72E8, 0x72E8, 0x9389, 0x9389, 0xA326, 0xA326, 0xA326, 0xA326, 0xA326, 0xA326,
  0x72E8, 0x72E8, 0x5BEA, 0x5BEA, 0x8593, 0x8593, 0x8593, 0x8593, 0x432A, 0x432A, 0x51A3, 0x51A3,
  0x39C6, 0x39C6, 0x51A3, 0x51A3, 0x5A88, 0x5A88, 0x5BEA, 0x5BEA, 0x6CB0, 0x6CB0, 0x5BEA, 0x5BEA,
  0x5BEA, 0x5BEA, 0x5BEA, 0x5BEA, 0x5BEA, 0x5BEA, 0x5BEA, 0x5BEA, 0x5BEA, 0x5BEA, 0x5BEA, 0x5BEA,
  0x5BEA, 0x5BEA, 0x5BEA, 0x5BEA, 0x5BEA, 0x5BEA, 0x5BEA, 0x5BEA, 0x5BEA, 0x5BEA, 0x5BEA, 0x5BEA,
  0x5BEA, 0x5BEA, 0x5BEA, 0x5BEA, 0x5BEA, 0x5BEA, 0x5BEA, 0x5BEA, 0x5BEA, 0x5BEA, 0x5BEA, 0x5BEA,
  0x6CB0, 0x6CB0, 0xAC4C, 0xAC4C, 0x6CB0, 0x6CB0, 0x6CB0, 0x6CB0, 0x5BEA, 0x5BEA, 0x432A, 0x432A,
  0x5A88, 0x5A88, 0x7225, 0x7225, 0x9389, 0x9389, 0xC570, 0xC570, 0xD5F3, 0xD5F3, 0xD5F3, 0xD5F3,
  0xD5F3, 0xD5F3, 0xD5F3, 0xD5F3, 0xD5F3, 0xD5F3, 0xD5F3, 0xD5F3, 0xD5F3, 0xD5F3, 0xD5F3, 0xD5F3,
  0xD5F3, 0xD5F3, 0xD5F3, 0xD5F3, 0xD5F3, 0xD5F3, 0xD5F3, 0xD5F3, 0xBCCD, 0xBCCD, 0xC570, 0xC570,
  0xBCCD, 0xBCCD, 0x6CB0, 0x6CB0, 0x8593, 0x8593, 0x8593, 0x8593, 0x8593, 0x8593, 0x8593, 0x8593,
  0x8593, 0x8593, 0x8593, 0x8593, 0x8593, 0x8593, 0x8593, 0x8593, 0x8593, 0x8593, 0x8593, 0x8593,
  0x8593, 0x8593, 0x8593, 0x8593, 0x8593, 0x8593, 0x8593, 0x8593, 0x8593, 0x8593, 0x8593, 0x8593,
  0x72E8, 0x72E8, 0xA326, 0xA326, 0xA326, 0xA326, 0x72E8, 0x72E8, 0x72E8, 0x72E8, 0xA326, 0xA326,
  0xA326, 0xA326, 0xA326, 0xA326, 0xA326, 0xA326, 0xA326, 0xA326, 0x72E8, 0x72E8, 0x72E8, 0x72E8,
  0xA326, 0xA326, 0xA326, 0xA326, 0xA326, 0xA326, 0xA326, 0xA326, 0xA326, 0xA326, 0xA326, 0xA326,
  0xA326, 0xA326, 0xA326, 0xA326, 0xA326, 0xA326, 0xA326, 0xA326, 0x9389, 0x9389, 0x72E8, 0x72E8,
  0x6CB0, 0x6CB0, 0x8593, 0x8593, 0x8593, 0x8593, 0x8593, 0x8593, 0x8593, 0x8593, 0xD5F3, 0xD5F3,
  0xD5F3, 0xD5F3, 0xE696, 0xE696, 0xD5F3, 0xD5F3, 0xD5F3, 0xD5F3, 0xD5F3, 0xD5F3, 0xE696, 0xE696,
  0xD5F3, 0xD5F3, 0xD5F3, 0xD5F3, 0x8593, 0x8593, 0x8593, 0x8593, 0x8593, 0x8593, 0x8593, 0x8593,
  0x72E8, 0x72E8, 0x72E8, 0x72E8, 0x9389, 0x9389, 0xA326, 0xA326, 0xA326, 0xA326, 0xA326, 0xA326,
  0x72E8, 0x72E8, 0x5BEA, 0x5BEA, 0x8593, 0x8593, 0x8593, 0x8593, 0x432A, 0x432A, 0x51A3, 0x51A3,
  0x39C6, 0x39C6, 0x51A3, 0x51A3, 0x5A88, 0x5A88, 0x5BEA, 0x5BEA, 0x6CB0, 0x6CB0, 0x5BEA, 0x5BEA,
  0x5BEA, 0x5BEA, 0x5BEA, 0x5BEA, 0x5BEA, 0x5BEA, 0x5BEA, 0x5BEA, 0x5BEA, 0x5BEA, 0x5BEA, 0x5BEA,
  0x5BEA, 0x5BEA, 0x5BEA, 0x5BEA, 0x5BEA, 0x5BEA, 0x5BEA, 0x5BEA, 0x5BEA, 0x5BEA, 0x5BEA, 0x5BEA,
  0x5BEA, 0x5BEA, 0x5BEA, 0x5BEA, 0x5BEA, 0x5BEA, 0x5BEA, 0x5BEA, 0x5BEA, 0x5BEA, 0x5BEA, 0x5BEA,
  0x6CB0, 0x6CB0, 0xAC4C, 0xAC4C, 0x6CB0, 0x6CB0, 0x6CB0, 0x6CB0, 0x5BEA, 0x5BEA, 0x432A, 0x432A,
  0x5A88, 0x5A88, 0x7225, 0x7225, 0x9389, 0x9389, 0xC570, 0xC570, 0xD5F3, 0xD5F3, 0xD5F3, 0xD5F3,
  0xD5F3, 0xD5F3, 0xD5F3, 0xD5F3, 0xD5F3, 0xD5F3, 0xD5F3, 0xD5F3, 0xD5F3, 0xD5F3, 0xD5F3, 0xD5F3,
  0xD5F3, 0xD5F3, 0xD5F3, 0xD5F3, 0xD5F3, 0xD5F3, 0xD5F3, 0xD5F3, 0xBCCD, 0xBCCD, 0xC570, 0xC570,
  0xBCCD, 0xBCCD, 0x6CB0, 0x6CB0, 0x8593, 0x8593, 0x8593, 0x8593, 0x8593, 0x8593, 0x8593, 0x8593,
  0x8593, 0x8593, 0x8593, 0x8593, 0x8593, 0x8593, 0x8593, 0x8593, 0x8593, 0x8593, 0x8593, 0x8593,
  0x8593, 0x8593, 0x8593, 0x8593, 0x8593, 0x8593, 0x8593, 0x8593, 0x8593, 0x8593, 0x8593, 0x8593,
  0xA326, 0xA326, 0xA326, 0xA326, 0x72E8, 0x72E8, 0xA326, 0xA326, 0xA326, 0xA326, 0xA326, 0xA326,
  0xA326, 0xA326, 0xA326, 0xA326, 0xA326, 0xA326, 0x72E8, 0x72E8, 0xA326, 0xA326, 0xA326, 0xA326,
  0xA326, 0xA326, 0xA326, 0xA326, 0xA326, 0xA326, 0xA326, 0xA326, 0xA326, 0xA326, 0xA326, 0xA326,
  0xA326, 0xA326, 0xA326, 0xA326, 0xA326, 0xA326, 0x9389, 0x9389, 0x6CB0, 0x6CB0, 0x6CB0, 0x6CB0,
  0x8593, 0x8593, 0x8593, 0x8593, 0x8593, 0x8593, 0xD5F3, 0xD5F3, 0xD5F3, 0xD5F3, 0xD5F3, 0xD5F3,
  0xE696, 0xE696, 0xE696, 0xE696, 0xE696, 0xE696, 0xD5F3, 0xD5F3, 0xE50A, 0xE50A, 0xC570, 0xC570,
  0xE696, 0xE696, 0xE696, 0xE696, 0xE696, 0xE696, 0xD5F3, 0xD5F3, 0xAE56, 0xAE56, 0x8593, 0x8593,
  0x6CB0, 0x6CB0, 0x8593, 0x8593, 0x6CB0, 0x6CB0, 0x72E8, 0x72E8, 0xA326, 0xA326, 0xA326, 0xA326,
  0xA326, 0xA326, 0x7225, 0x7225, 0x72E8, 0x72E8, 0x432A, 0x432A, 0x39C6, 0x39C6, 0x7225, 0x7225,
  0x72E8, 0x72E8, 0x72E8, 0x72E8, 0x7225, 0x7225, 0x7225, 0x7225, 0x5A88, 0x5A88, 0x5BEA, 0x5BEA,
  0x6CB0, 0x6CB0, 0x5BEA, 0x5BEA, 0x5BEA, 0x5BEA, 0x5BEA, 0x5BEA, 0x5BEA, 0x5BEA, 0x5BEA, 0x5BEA,
  0x5BEA, 0x5BEA, 0x5BEA, 0x5BEA, 0x5BEA, 0x5BEA, 0x5BEA, 0x5BEA, 0x5BEA, 0x5BEA, 0x5BEA, 0x5BEA,
  0x5BEA, 0x5BEA, 0x5BEA, 0x5BEA, 0x5BEA, 0x5BEA, 0x5BEA, 0x5BEA, 0x5BEA, 0x5BEA, 0x5BEA, 0x5BEA,
  0x6CB0, 0x6CB0, 0xBCCD, 0xBCCD, 0x8593, 0x8593, 0x6CB0, 0x6CB0, 0x6CB0, 0x6CB0, 0x5BEA, 0x5BEA,
  0x72E8, 0x72E8, 0x51A3, 0x51A3, 0x9389, 0x9389, 0xC570, 0xC570, 0xD5F3, 0xD5F3, 0xD5F3, 0xD5F3,
  0xD5F3, 0xD5F3, 0xD5F3, 0xD5F3, 0xD5F3, 0xD5F3, 0xD5F3, 0xD5F3, 0xD5F3, 0xD5F3, 0xD5F3, 0xD5F3,
  0xD5F3, 0xD5F3, 0xD5F3, 0xD5F3, 0xD5F3, 0xD5F3, 0xC570, 0xC570, 0xBCCD, 0xBCCD, 0xC570, 0xC570,
  0xBCCD, 0xBCCD, 0x6CB0, 0x6CB0, 0x8593, 0x8593, 0x8593, 0x8593, 0x8593, 0x8593, 0x8593, 0x8593,
  0x8593, 0x8593, 0x8593, 0x8593, 0x8593, 0x8593, 0x8593, 0x8593, 0x8593, 0x8593, 0x8593, 0x8593,
  0x8593, 0x8593, 0x8593, 0x8593, 0x8593, 0x8593, 0x8593, 0x8593, 0x6CB0, 0x6CB0, 0x432A, 0x432A,
  0xA326, 0xA326, 0xA326, 0xA326, 0x72E8, 0x72E8, 0xA326, 0xA326, 0xA326, 0xA326, 0xA326, 0xA326,
  0xA326, 0xA326, 0xA326, 0xA326, 0xA326, 0xA326, 0x72E8, 0x72E8, 0xA326, 0xA326, 0xA326, 0xA326,
  0xA326, 0xA326, 0xA326, 0xA326, 0xA326, 0xA326, 0xA326, 0xA326, 0xA326, 0xA326, 0xA326, 0xA326,
  0xA326, 0xA326, 0xA326, 0xA326, 0xA326, 0xA326, 0x9389, 0x9389, 0x6CB0, 0x6CB0, 0x6CB0, 0x6CB0,
  0x8593, 0x8593, 0x8593, 0x8593, 0x8593, 0x8593, 0xD5F3, 0xD5F3, 0xD5F3, 0xD5F3, 0xD5F3, 0xD5F3,
  0xE696, 0xE696, 0xE696, 0xE696, 0xE696, 0xE696, 0xD5F3, 0xD5F3, 0xE50A, 0xE50A, 0xC570, 0xC570,
  0xE696, 0xE696, 0xE696, 0xE696, 0xE696, 0xE696, 0xD5F3, 0xD5F3, 0xAE56, 0xAE56, 0x8593, 0x8593,
  0x6CB0, 0x6CB0, 0x8593, 0x8593, 0x6CB0, 0x6CB0, 0x72E8, 0x72E8, 0xA326, 0xA326, 0xA326, 0xA326,
  0xA326, 0xA326, 0x7225, 0x7225, 0x72E8, 0x72E8, 0x432A, 0x432A, 0x39C6, 0x39C6, 0x7225, 0x7225,
  0x72E8, 0x72E8, 0x72E8, 0x72E8, 0x7225, 0x7225, 0x7225, 0x7225, 0x5A88, 0x5A88, 0x5BEA, 0x5BEA,
  0x6CB0, 0x6CB0, 0x5BEA, 0x5BEA, 0x5BEA, 0x5BEA, 0x5BEA, 0x5BEA, 0x5BEA, 0x5BEA, 0x5BEA, 0x5BEA,
  0x5BEA, 0x5BEA, 0x5BEA, 0x5BEA, 0x5BEA, 0x5BEA, 0x5BEA, 0x5BEA, 0x5BEA, 0x5BEA, 0x5BEA, 0x5BEA,
  0x5BEA, 0x5BEA, 0x5BEA, 0x5BEA, 0x5BEA, 0x5BEA, 0x5BEA, 0x5BEA, 0x5BEA, 0x5BEA, 0x5BEA, 0x5BEA,
  0x6CB0, 0x6CB0, 0xBCCD, 0xBCCD, 0x8593, 0x8593, 0x6CB0, 0x6CB0, 0x6CB0, 0x6CB0, 0x5BEA, 0x5BEA,
  0x72E8, 0x72E8, 0x51A3, 0x51A3, 0x9389, 0x9389, 0xC570, 0xC570, 0xD5F3, 0xD5F3, 0xD5F3, 0xD5F3,
  0xD5F3, 0xD5F3, 0xD5F3, 0xD5F3, 0xD5F3, 0xD5F3, 0xD5F3, 0xD5F3, 0xD5F3, 0xD5F3, 0xD5F3, 0xD5F3,
  0xD5F3, 0xD5F3, 0xD5F3, 0xD5F3, 0xD5F3, 0xD5F3, 0xC570, 0xC570, 0xBCCD, 0xBCCD, 0xC570, 0xC570,
  0xBCCD, 0xBCCD, 0x6CB0, 0x6CB0, 0x8593, 0x8593, 0x8593, 0x8593, 0x8593, 0x8593, 0x8593, 0x8593,
  0x8593, 0x8593, 0x8593, 0x8593, 0x8593, 0x8593, 0x8593, 0x8593, 0x8593, 0x8593, 0x8593, 0x8593,
  0x8593, 0x8593, 0x8593, 0x8593, 0x8593, 0x8593, 0x8593, 0x8593, 0x6CB0, 0x6CB0, 0x432A, 0x432A,
  0xA326, 0xA326, 0xA326, 0xA326, 0xA326, 0xA326, 0xA326, 0xA326, 0xA326, 0xA326, 0xA326, 0xA326,
  0xA326, 0xA326, 0x72E8, 0x72E8, 0xA326, 0xA326, 0xA326, 0xA326, 0xA326, 0xA326, 0xA326, 0xA326,
  0xA326, 0xA326, 0xA326, 0xA326, 0xA326, 0xA326, 0xA326, 0xA326, 0xA326, 0xA326, 0xA326, 0xA326,
  0xA326, 0xA326, 0x72E8, 0x72E8, 0x5BEA, 0x5BEA, 0x8593, 0x8593, 0x8593, 0x8593, 0x8593, 0x8593,
  0x8593, 0x8593, 0xD5F3, 0xD5F3, 0xD5F3, 0xD5F3, 0xE696, 0xE696, 0xD5F3, 0xD5F3, 0xE696, 0xE696,
  0xC570, 0xC570, 0xE50A, 0xE50A, 0xD5F3, 0xD5F3, 0xE696, 0xE696, 0xD5F3, 0xD5F3, 0xD5F3, 0xD5F3,
  0xD5F3, 0xD5F3, 0xD5F3, 0xD5F3, 0xD5F3, 0xD5F3, 0xE696, 0xE696, 0xE696, 0xE696, 0xD5F3, 0xD5F3,
  0xAE56, 0xAE56, 0x8593, 0x8593, 0xAE56, 0xAE56, 0x8593, 0x8593, 0x72E8, 0x72E8, 0x9389, 0x9389,
  0xA326, 0xA326, 0xA326, 0xA326, 0xA326, 0xA326, 0x72E8, 0x72E8, 0xA326, 0xA326, 0xA326, 0xA326,
  0xA326, 0xA326, 0xA326, 0xA326, 0xA326, 0xA326, 0xA326, 0xA326, 0x7225, 0x7225, 0x7225, 0x7225,
  0x5A88, 0x5A88, 0x5BEA, 0x5BEA, 0x6CB0, 0x6CB0, 0x5BEA, 0x5BEA, 0x5BEA, 0x5BEA, 0x5BEA, 0x5BEA,
  0x5BEA, 0x5BEA, 0x5BEA, 0x5BEA, 0x5BEA, 0x5BEA, 0x5BEA, 0x5BEA, 0x5BEA, 0x5BEA, 0x5BEA, 0x5BEA,
  0x5BEA, 0x5BEA, 0x5BEA, 0x5BEA, 0x5BEA, 0x5BEA, 0x5BEA, 0x5BEA, 0x5BEA, 0x5BEA, 0x5BEA, 0x5BEA,
  0x5BEA, 0x5BEA, 0x6CB0, 0x6CB0, 0x8593, 0x8593, 0xAC4C, 0xAC4C, 0xAC4C, 0xAC4C, 0x5BEA, 0x5BEA,
  0x5A88, 0x5A88, 0x5A88, 0x5A88, 0x5BEA, 0x5BEA, 0xAC4C, 0xAC4C, 0xC570, 0xC570, 0xD5F3, 0xD5F3,
  0xD5F3, 0xD5F3, 0xD5F3, 0xD5F3, 0xD5F3, 0xD5F3, 0xD5F3, 0xD5F3, 0xD5F3, 0xD5F3, 0xD5F3, 0xD5F3,
  0xD5F3, 0xD5F3, 0xD5F3, 0xD5F3, 0xD5F3, 0xD5F3, 0xC570, 0xC570, 0xBCCD, 0xBCCD, 0xC570, 0xC570,
  0xBCCD, 0xBCCD, 0x6CB0, 0x6CB0, 0x8593, 0x8593, 0x8593, 0x8593, 0x8593, 0x8593, 0x8593, 0x8593,
  0x8593, 0x8593, 0x8593, 0x8593, 0x8593, 0x8593, 0x8593, 0x8593, 0x8593, 0x8593, 0x8593, 0x8593,
  0x8593, 0x8593, 0x8593, 0x8593, 0x8593, 0x8593, 0x5BEA, 0x5BEA, 0x2A07, 0x2A07, 0x2A46, 0x2A46,
  0xA326, 0xA326, 0xA326, 0xA326, 0xA326, 0xA326, 0xA326, 0xA326, 0xA326, 0xA326, 0xA326, 0xA326,
  0xA326, 0xA326, 0x72E8, 0x72E8, 0xA326, 0xA326, 0xA326, 0xA326, 0xA326, 0xA326, 0xA326, 0xA326,
  0xA326, 0xA326, 0xA326, 0xA326, 0xA326, 0xA326, 0xA326, 0xA326, 0xA326, 0xA326, 0xA326, 0xA326,
  0xA326, 0xA326, 0x72E8, 0x72E8, 0x5BEA, 0x5BEA, 0x8593, 0x8593, 0x8593, 0x8593, 0x8593, 0x8593,
  0x8593, 0x8593, 0xD5F3, 0xD5F3, 0xD5F3, 0xD5F3, 0xE696, 0xE696, 0xD5F3, 0xD5F3, 0xE696, 0xE696,
  0xC570, 0xC570, 0xE50A, 0xE50A, 0xD5F3, 0xD5F3, 0xE696, 0xE696, 0xD5F3, 0xD5F3, 0xD5F3, 0xD5F3,
  0xD5F3, 0xD5F3, 0xD5F3, 0xD5F3, 0xD5F3, 0xD5F3, 0xE696, 0xE696, 0xE696, 0xE696, 0xD5F3, 0xD5F3,
  0xAE56, 0xAE56, 0x8593, 0x8593, 0xAE56, 0xAE56, 0x8593, 0x8593, 0x72E8, 0x72E8, 0x9389, 0x9389,
  0xA326, 0xA326, 0xA326, 0xA326, 0xA326, 0xA326, 0x72E8, 0x72E8, 0xA326, 0xA326, 0xA326, 0xA326,
  0xA326, 0xA326, 0xA326, 0xA326, 0xA326, 0xA326, 0xA326, 0xA326, 0x7225, 0x7225, 0x7225, 0x7225,
  0x5A88, 0x5A88, 0x5BEA, 0x5BEA, 0x6CB0, 0x6CB0, 0x5BEA, 0x5BEA, 0x5BEA, 0x5BEA, 0x5BEA, 0x5BEA,
  0x5BEA, 0x5BEA, 0x5BEA, 0x5BEA, 0x5BEA, 0x5BEA, 0x5BEA, 0x5BEA, 0x5BEA, 0x5BEA, 0x5BEA, 0x5BEA,
  0x5BEA, 0x5BEA, 0x5BEA, 0x5BEA, 0x5BEA, 0x5BEA, 0x5BEA, 0x5BEA, 0x5BEA, 0x5BEA, 0x5BEA, 0x5BEA,
  0x5BEA, 0x5BEA, 0x6CB0, 0x6CB0, 0x8593, 0x8593, 0xAC4C, 0xAC4C, 0xAC4C, 0xAC4C, 0x5BEA, 0x5BEA,
  0x5A88, 0x5A88, 0x5A88, 0x5A88, 0x5BEA, 0x5BEA, 0xAC4C, 0xAC4C, 0xC570, 0xC570, 0xD5F3, 0xD5F3,
  0xD5F3, 0xD5F3, 0xD5F3, 0xD5F3, 0xD5F3, 0xD5F3, 0xD5F3, 0xD5F3, 0xD5F3, 0xD5F3, 0xD5F3, 0xD5F3,
  0xD5F3, 0xD5F3, 0xD5F3, 0xD5F3, 0xD5F3, 0xD5F3, 0xC570, 0xC570, 0xBCCD, 0xBCCD, 0xC570, 0xC570,
  0xBCCD, 0xBCCD, 0x6CB0, 0x6CB0, 0x8593, 0x8593, 0x8593, 0x8593, 0x8593, 0x8593, 0x8593, 0x8593,
  0x8593, 0x8593, 0x8593, 0x8593, 0x8593, 0x8593, 0x8593, 0x8593, 0x8593, 0x8593, 0x8593, 0x8593,
  0x8593, 0x8593, 0x8593, 0x8593, 0x8593, 0x8593, 0x5BEA, 0x5BEA, 0x2A07, 0x2A07, 0x2A46, 0x2A46,
  0xA326, 0xA326, 0xA326, 0xA326, 0xA326, 0xA326, 0xA326, 0xA326, 0xA326, 0xA326, 0x72E8, 0x72E8,
  0x72E8, 0x72E8, 0xA326, 0xA326, 0xA326, 0xA326, 0xA326, 0xA326, 0xA326, 0xA326, 0xA326, 0xA326,
  0xA326, 0xA326, 0xA326, 0xA326, 0xA326, 0xA326, 0xA326, 0xA326, 0xA326, 0xA326, 0x9389, 0x9389,
  0x6CB0, 0x6CB0, 0x8593, 0x8593, 0x6CB0, 0x6CB0, 0x8593, 0x8593, 0x8593, 0x8593, 0xC570, 0xC570,
  0xD5F3, 0xD5F3, 0xD5F3, 0xD5F3, 0xD5F3, 0xD5F3, 0xD5F3, 0xD5F3, 0xE696, 0xE696, 0xE696, 0xE696,
  0xD5F3, 0xD5F3, 0xE50A, 0xE50A, 0xC570, 0xC570, 0xD5F3, 0xD5F3, 0xE696, 0xE696, 0xE696, 0xE696,
  0xE696, 0xE696, 0xD5F3, 0xD5F3, 0xE50A, 0xE50A, 0xD5F3, 0xD5F3, 0xE696, 0xE696, 0xE696, 0xE696,
  0xE696, 0xE696, 0xD5F3, 0xD5F3, 0x8593, 0x8593, 0x8593, 0x8593, 0x8593, 0x8593, 0x8593, 0x8593,
  0x6CB0, 0x6CB0, 0x9389, 0x9389, 0xA326, 0xA326, 0xA326, 0xA326, 0xA3A9, 0xA3A9, 0xA326, 0xA326,
  0xA326, 0xA326, 0xA326, 0xA326, 0xA326, 0xA326, 0xA326, 0xA326, 0xA326, 0xA326, 0x72E8, 0x72E8,
  0x7225, 0x7225, 0x7225, 0x7225, 0x5A88, 0x5A88, 0x5BEA, 0x5BEA, 0x6CB0, 0x6CB0, 0x5BEA, 0x5BEA,
  0x5BEA, 0x5BEA, 0x5BEA, 0x5BEA, 0x5BEA, 0x5BEA, 0x5BEA, 0x5BEA, 0x5BEA, 0x5BEA, 0x5BEA, 0x5BEA,
  0x5BEA, 0x5BEA, 0x5BEA, 0x5BEA, 0x5BEA, 0x5BEA, 0x5BEA, 0x5BEA, 0x5BEA, 0x5BEA, 0x5BEA, 0x5BEA,
  0x6CB0, 0x6CB0, 0x8593, 0x8593, 0x6CB0, 0x6CB0, 0x6CB0, 0x6CB0, 0x8593, 0x8593, 0x432A, 0x432A,
  0x5A88, 0x5A88, 0x7225, 0x7225, 0x5BEA, 0x5BEA, 0x6CB0, 0x6CB0, 0x8593, 0x8593, 0xC570, 0xC570,
  0xD5F3, 0xD5F3, 0xD5F3, 0xD5F3, 0xD5F3, 0xD5F3, 0xD5F3, 0xD5F3, 0xD5F3, 0xD5F3, 0xD5F3, 0xD5F3,
  0xD5F3, 0xD5F3, 0xD5F3, 0xD5F3, 0xD5F3, 0xD5F3, 0xC570, 0xC570, 0xBCCD, 0xBCCD, 0xC570, 0xC570,
  0xBCCD, 0xBCCD, 0x6CB0, 0x6CB0, 0x8593, 0x8593, 0x8593, 0x8593, 0x8593, 0x8593, 0x8593, 0x8593,
  0x8593, 0x8593, 0x8593, 0x8593, 0x8593, 0x8593, 0x8593, 0x8593, 0x8593, 0x8593, 0x8593, 0x8593,
  0x8593, 0x8593, 0x6CB0, 0x6CB0, 0x432A, 0x432A, 0x2A46, 0x2A46, 0x2A07, 0x2A07, 0x2A07, 0x2A07,
  0xA326, 0xA326, 0xA326, 0xA326, 0xA326, 0xA326, 0xA326, 0xA326, 0xA326, 0xA326, 0x72E8, 0x72E8,
  0x72E8, 0x72E8, 0xA326, 0xA326, 0xA326, 0xA326, 0xA326, 0xA326, 0xA326, 0xA326, 0xA326, 0xA326,
  0xA326, 0xA326, 0xA326, 0xA326, 0xA326, 0xA326, 0xA326, 0xA326, 0xA326, 0xA326, 0x9389, 0x9389,
  0x6CB0, 0x6CB0, 0x8593, 0x8593, 0x6CB0, 0x6CB0, 0x8593, 0x8593, 0x8593, 0x8593, 0xC570, 0xC570,
  0xD5F3, 0xD5F3, 0xD5F3, 0xD5F3, 0xD5F3, 0xD5F3, 0xD5F3, 0xD5F3, 0xE696, 0xE696, 0xE696, 0xE696,
  0xD5F3, 0xD5F3, 0xE50A, 0xE50A, 0xC570, 0xC570, 0xD5F3, 0xD5F3, 0xE696, 0xE696, 0xE696, 0xE696,
  0xE696, 0xE696, 0xD5F3, 0xD5F3, 0xE50A, 0xE50A, 0xD5F3, 0xD5F3, 0xE696, 0xE696, 0xE696, 0xE696,
  0xE696, 0xE696, 0xD5F3, 0xD5F3, 0x8593, 0x8593, 0x8593, 0x8593, 0x8593, 0x8593, 0x8593, 0x8593,
  0x6CB0, 0x6CB0, 0x9389, 0x9389, 0xA326, 0xA326, 0xA326, 0xA326, 0xA3A9, 0xA3A9, 0xA326, 0xA326,
  0xA326, 0xA326, 0xA326, 0xA326, 0xA326, 0xA326, 0xA326, 0xA326, 0xA326, 0xA326, 0x72E8, 0x72E8,
  0x7225, 0x7225, 0x7225, 0x7225, 0x5A88, 0x5A88, 0x5BEA, 0x5BEA, 0x6CB0, 0x6CB0, 0x5BEA, 0x5BEA,
  0x5BEA, 0x5BEA, 0x5BEA, 0x5BEA, 0x5BEA, 0x5BEA, 0x5BEA, 0x5BEA, 0x5BEA, 0x5BEA, 0x5BEA, 0x5BEA,
  0x5BEA, 0x5BEA, 0x5BEA, 0x5BEA, 0x5BEA, 0x5BEA, 0x5BEA, 0x5BEA, 0x5BEA, 0x5BEA, 0x5BEA, 0x5BEA,
  0x6CB0, 0x6CB0, 0x8593, 0x8593, 0x6CB0, 0x6CB0, 0x6CB0, 0x6CB0, 0x8593, 0x8593, 0x432A, 0x432A,
  0x5A88, 0x5A88, 0x7225, 0x7225, 0x5BEA, 0x5BEA, 0x6CB0, 0x6CB0, 0x8593, 0x8593, 0xC570, 0xC570,
  0xD5F3, 0xD5F3, 0xD5F3, 0xD5F3, 0xD5F3, 0xD5F3, 0xD5F3, 0xD5F3, 0xD5F3, 0xD5F3, 0xD5F3, 0xD5F3,
  0xD5F3, 0xD5F3, 0xD5F3, 0xD5F3, 0xD5F3, 0xD5F3, 0xC570, 0xC570, 0xBCCD, 0xBCCD, 0xC570, 0xC570,
  0xBCCD, 0xBCCD, 0x6CB0, 0x6CB0, 0x8593, 0x8593, 0x8593, 0x8593, 0x8593, 0x8593, 0x8593, 0x8593,
  0x8593, 0x8593, 0x8593, 0x8593, 0x8593, 0x8593, 0x8593, 0x8593, 0x8593, 0x8593, 0x8593, 0x8593,
  0x8593, 0x8593, 0x6CB0, 0x6CB0, 0x432A, 0x432A, 0x2A46, 0x2A46, 0x2A07, 0x2A07, 0x2A07, 0x2A07,
  0xA326, 0xA326, 0xA326, 0xA326, 0xA326, 0xA326, 0x72E8, 0x72E8, 0x72E8, 0x72E8, 0xA326, 0xA326,
  0xA326, 0xA326, 0xA326, 0xA326, 0xA326, 0xA326, 0xA326, 0xA326, 0xA326, 0xA326, 0xA326, 0xA326,
  0xA326, 0xA326, 0xA326, 0xA326, 0xA326, 0xA326, 0x9389, 0x9389, 0x72E8, 0x72E8, 0x6CB0, 0x6CB0,
  0xAE56, 0xAE56, 0x8593, 0x8593, 0x8593, 0x8593, 0xAE56, 0xAE56, 0xD5F3, 0xD5F3, 0xD5F3, 0xD5F3,
  0xE696, 0xE696, 0xD5F3, 0xD5F3, 0xE696, 0xE696, 0xC570, 0xC570, 0xE50A, 0xE50A, 0xD5F3, 0xD5F3,
  0xE696, 0xE696, 0xE696, 0xE696, 0xD5F3, 0xD5F3, 0xD5F3, 0xD5F3, 0xD5F3, 0xD5F3, 0xC570, 0xC570,
  0xD5F3, 0xD5F3, 0xE696, 0xE696, 0xD5F3, 0xD5F3, 0xD5F3, 0xD5F3, 0xD5F3, 0xD5F3, 0xD5F3, 0xD5F3,
  0xD5F3, 0xD5F3, 0xE696, 0xE696, 0xD5F3, 0xD5F3, 0xD5F3, 0xD5F3, 0xAE56, 0xAE56, 0x8593, 0x8593,
  0xAE56, 0xAE56, 0x6CB0, 0x6CB0, 0x9389, 0x9389, 0x72E8, 0x72E8, 0xA326, 0xA326, 0xA326, 0xA326,
  0xA326, 0xA326, 0xA326, 0xA326, 0xA326, 0xA326, 0xA326, 0xA326, 0xA326, 0xA326, 0xA326, 0xA326,
  0xA326, 0xA326, 0xA326, 0xA326, 0x7225, 0x7225, 0x5A88, 0x5A88, 0x5BEA, 0x5BEA, 0x5BEA, 0x5BEA,
  0x6CB0, 0x6CB0, 0x5BEA, 0x5BEA, 0x5BEA, 0x5BEA, 0x5BEA, 0x5BEA, 0x5BEA, 0x5BEA, 0x5BEA, 0x5BEA,
  0x5BEA, 0x5BEA, 0x5BEA, 0x5BEA, 0x5BEA, 0x5BEA, 0x5BEA, 0x5BEA, 0x5BEA, 0x5BEA, 0x5BEA, 0x5BEA,
  0x6CB0, 0x6CB0, 0x8593, 0x8593, 0x8593, 0x8593, 0x8593, 0x8593, 0x6CB0, 0x6CB0, 0x5BEA, 0x5BEA,
  0x5A88, 0x5A88, 0x7225, 0x7225, 0x3AE7, 0x3AE7, 0x6CB0, 0x6CB0, 0x8593, 0x8593, 0x8593, 0x8593,
  0x8593, 0x8593, 0xC570, 0xC570, 0xC570, 0xC570, 0xD5F3, 0xD5F3, 0xD5F3, 0xD5F3, 0xD5F3, 0xD5F3,
  0xD5F3, 0xD5F3, 0xD5F3, 0xD5F3, 0xD5F3, 0xD5F3, 0xC570, 0xC570, 0xBCCD, 0xBCCD, 0xC570, 0xC570,
  0xBCCD, 0xBCCD, 0x5BEA, 0x5BEA, 0x6CB0, 0x6CB0, 0x8593, 0x8593, 0x8593, 0x8593, 0x8593, 0x8593,
  0x8593, 0x8593, 0x8593, 0x8593, 0x8593, 0x8593, 0x8593, 0x8593, 0x8593, 0x8593, 0x8593, 0x8593,
  0x5BEA, 0x5BEA, 0x2A07, 0x2A07, 0x2A07, 0x2A07, 0x2A07, 0x2A07, 0x2A07, 0x2A07, 0x39C6, 0x39C6,
  0xA326, 0xA326, 0xA326, 0xA326, 0xA326, 0xA326, 0x72E8, 0x72E8, 0x72E8, 0x72E8, 0xA326, 0xA326,
  0xA326, 0xA326, 0xA326, 0xA326, 0xA326, 0xA326, 0xA326, 0xA326, 0xA326, 0xA326, 0xA326, 0xA326,
  0xA326, 0xA326, 0xA326, 0xA326, 0xA326, 0xA326, 0x9389, 0x9389, 0x72E8, 0x72E8, 0x6CB0, 0x6CB0,
  0xAE56, 0xAE56, 0x8593, 0x8593, 0x8593, 0x8593, 0xAE56, 0xAE56, 0xD5F3, 0xD5F3, 0xD5F3, 0xD5F3,
  0xE696, 0xE696, 0xD5F3, 0xD5F3, 0xE696, 0xE696, 0xC570, 0xC570, 0xE50A, 0xE50A, 0xD5F3, 0xD5F3,
  0xE696, 0xE696, 0xE696, 0xE696, 0xD5F3, 0xD5F3, 0xD5F3, 0xD5F3, 0xD5F3, 0xD5F3, 0xC570, 0xC570,
  0xD5F3, 0xD5F3, 0xE696, 0xE696, 0xD5F3, 0xD5F3, 0xD5F3, 0xD5F3, 0xD5F3, 0xD5F3, 0xD5F3, 0xD5F3,
  0xD5F3, 0xD5F3, 0xE696, 0xE696, 0xD5F3, 0xD5F3, 0xD5F3, 0xD5F3, 0xAE56, 0xAE56, 0x8593, 0x8593,
  0xAE56, 0xAE56, 0x6CB0, 0x6CB0, 0x9389, 0x9389, 0x72E8, 0x72E8, 0xA326, 0xA326, 0xA326, 0xA326,
  0xA326, 0xA326, 0xA326, 0xA326, 0xA326, 0xA326, 0xA326, 0xA326, 0xA326, 0xA326, 0xA326, 0xA326,
  0xA326, 0xA326, 0xA326, 0xA326, 0x7225, 0x7225, 0x5A88, 0x5A88, 0x5BEA, 0x5BEA, 0x5BEA, 0x5BEA,
  0x6CB0, 0x6CB0, 0x5BEA, 0x5BEA, 0x5BEA, 0x5BEA, 0x5BEA, 0x5BEA, 0x5BEA, 0x5BEA, 0x5BEA, 0x5BEA,
  0x5BEA, 0x5BEA, 0x5BEA, 0x5BEA, 0x5BEA, 0x5BEA, 0x5BEA, 0x5BEA, 0x5BEA, 0x5BEA, 0x5BEA, 0x5BEA,
  0x6CB0, 0x6CB0, 0x8593, 0x8593, 0x8593, 0x8593, 0x8593, 0x8593, 0x6CB0, 0x6CB0, 0x5BEA, 0x5BEA,
  0x5A88, 0x5A88, 0x7225, 0x7225, 0x3AE7, 0x3AE7, 0x6CB0, 0x6CB0, 0x8593, 0x8593, 0x8593, 0x8593,
  0x8593, 0x8593, 0xC570, 0xC570, 0xC570, 0xC570, 0xD5F3, 0xD5F3, 0xD5F3, 0xD5F3, 0xD5F3, 0xD5F3,
  0xD5F3, 0xD5F3, 0xD5F3, 0xD5F3, 0xD5F3, 0xD5F3, 0xC570, 0xC570, 0xBCCD, 0xBCCD, 0xC570, 0xC570,
  0xBCCD, 0xBCCD, 0x5BEA, 0x5BEA, 0x6CB0, 0x6CB0, 0x8593, 0x8593, 0x8593, 0x8593, 0x8593, 0x8593,
  0x8593, 0x8593, 0x8593, 0x8593, 0x8593, 0x8593, 0x8593, 0x8593, 0x8593, 0x8593, 0x8593, 0x8593,
  0x5BEA, 0x5BEA, 0x2A07, 0x2A07, 0x2A07, 0x2A07, 0x2A07, 0x2A07, 0x2A07, 0x2A07, 0x39C6, 0x39C6,
  0xA326, 0xA326, 0xA326, 0xA326, 0x72E8, 0x72E8, 0xA326, 0xA326, 0xA326, 0xA326, 0xA326, 0xA326,
  0xA326, 0xA326, 0xA326, 0xA326, 0xA326, 0xA326, 0xA326, 0xA326, 0xA326, 0xA326, 0xA326, 0xA326,
  0xA326, 0xA326, 0xA326, 0xA326, 0x9389, 0x9389, 0x8593, 0x8593, 0x6CB0, 0x6CB0, 0x8593, 0x8593,
  0x8593, 0x8593, 0x8593, 0x8593, 0xD5F3, 0xD5F3, 0xE696, 0xE696, 0xD5F3, 0xD5F3, 0xD5F3, 0xD5F3,
  0xD5F3, 0xD5F3, 0xD5F3, 0xD5F3, 0xD5F3, 0xD5F3, 0xD5F3, 0xD5F3, 0xC570, 0xC570, 0xD5F3, 0xD5F3,
  0xD5F3, 0xD5F3, 0xD5F3, 0xD5F3, 0xE696, 0xE696, 0xE696, 0xE696, 0xD5F3, 0xD5F3, 0xE50A, 0xE50A,
  0xC570, 0xC570, 0xD5F3, 0xD5F3, 0xE696, 0xE696, 0xE696, 0xE696, 0xE696, 0xE696, 0xC570, 0xC570,
  0xE50A, 0xE50A, 0xD5F3, 0xD5F3, 0xE696, 0xE696, 0xE696, 0xE696, 0xD5F3, 0xD5F3, 0xD5F3, 0xD5F3,
  0xAE56, 0xAE56, 0x8593, 0x8593, 0x8593, 0x8593, 0x8593, 0x8593, 0x6CB0, 0x6CB0, 0x72E8, 0x72E8,
  0xA326, 0xA326, 0xA326, 0xA326, 0xA326, 0xA326, 0xA326, 0xA326, 0xA326, 0xA326, 0xA326, 0xA326,
  0xA326, 0xA326, 0xA326, 0xA326, 0x72E8, 0x72E8, 0x7225, 0x7225, 0x7225, 0x7225, 0x5A88, 0x5A88,
  0x5BEA, 0x5BEA, 0x5BEA, 0x5BEA, 0x6CB0, 0x6CB0, 0x5BEA, 0x5BEA, 0x5BEA, 0x5BEA, 0x5BEA, 0x5BEA,
  0x5BEA, 0x5BEA, 0x5BEA, 0x5BEA, 0x5BEA, 0x5BEA, 0x5BEA, 0x5BEA, 0x5BEA, 0x5BEA, 0x5BEA, 0x5BEA,
  0x6CB0, 0x6CB0, 0x8593, 0x8593, 0x8593, 0x8593, 0x8593, 0x8593, 0x8593, 0x8593, 0x5BEA, 0x5BEA,
  0x5A88, 0x5A88, 0x7225, 0x7225, 0x3AE7, 0x3AE7, 0x5BEA, 0x5BEA, 0x5BEA, 0x5BEA, 0x6CB0, 0x6CB0,
  0x8593, 0x8593, 0x8593, 0x8593, 0x8593, 0x8593, 0xC570, 0xC570, 0xD5F3, 0xD5F3, 0xD5F3, 0xD5F3,
  0xD5F3, 0xD5F3, 0xD5F3, 0xD5F3, 0xD5F3, 0xD5F3, 0xC570, 0xC570, 0xBCCD, 0xBCCD, 0xC570, 0xC570,
  0xBCCD, 0xBCCD, 0x5BEA, 0x5BEA, 0x6CB0, 0x6CB0, 0x8593, 0x8593, 0x8593, 0x8593, 0x8593, 0x8593,
  0x8593, 0x8593, 0x8593, 0x8593, 0x8593, 0x8593, 0x8593, 0x8593, 0x6CB0, 0x6CB0, 0x432A, 0x432A,
  0x2A07, 0x2A07, 0x2A07, 0x2A07, 0x2A07, 0x2A07, 0x2A07, 0x2A07, 0x39C6, 0x39C6, 0x51A3, 0x51A3,
  0xA326, 0xA326, 0xA326, 0xA326, 0x72E8, 0x72E8, 0xA326, 0xA326, 0xA326, 0xA326, 0xA326, 0xA326,
  0xA326, 0xA326, 0xA326, 0xA326, 0xA326, 0xA326, 0xA326, 0xA326, 0xA326, 0xA326, 0xA326, 0xA326,
  0xA326, 0xA326, 0xA326, 0xA326, 0x9389, 0x9389, 0x8593, 0x8593, 0x6CB0, 0x6CB0, 0x8593, 0x8593,
  0x8593, 0x8593, 0x8593, 0x8593, 0xD5F3, 0xD5F3, 0xE696, 0xE696, 0xD5F3, 0xD5F3, 0xD5F3, 0xD5F3,
  0xD5F3, 0xD5F3, 0xD5F3, 0xD5F3, 0xD5F3, 0xD5F3, 0xD5F3, 0xD5F3, 0xC570, 0xC570, 0xD5F3, 0xD5F3,
  0xD5F3, 0xD5F3, 0xD5F3, 0xD5F3, 0xE696, 0xE696, 0xE696, 0xE696, 0xD5F3, 0xD5F3, 0xE50A, 0xE50A,
  0xC570, 0xC570, 0xD5F3, 0xD5F3, 0xE696, 0xE696, 0xE696, 0xE696, 0xE696, 0xE696, 0xC570, 0xC570,
  0xE50A, 0xE50A, 0xD5F3, 0xD5F3, 0xE696, 0xE696, 0xE696, 0xE696, 0xD5F3, 0xD5F3, 0xD5F3, 0xD5F3,
  0xAE56, 0xAE56, 0x8593, 0x8593, 0x8593, 0x8593, 0x8593, 0x8593, 0x6CB0, 0x6CB0, 0x72E8, 0x72E8,
  0xA326, 0xA326, 0xA326, 0xA326, 0xA326, 0xA326, 0xA326, 0xA326, 0xA326, 0xA326, 0xA326, 0xA326,
  0xA326, 0xA326, 0xA326, 0xA326, 0x72E8, 0x72E8, 0x7225, 0x7225, 0x7225, 0x7225, 0x5A88, 0x5A88,
  0x5BEA, 0x5BEA, 0x5BEA, 0x5BEA, 0x6CB0, 0x6CB0, 0x5BEA, 0x5BEA, 0x5BEA, 0x5BEA, 0x5BEA, 0x5BEA,
  0x5BEA, 0x5BEA, 0x5BEA, 0x5BEA, 0x5BEA, 0x5BEA, 0x5BEA, 0x5BEA, 0x5BEA, 0x5BEA, 0x5BEA, 0x5BEA,
  0x6CB0, 0x6CB0, 0x8593, 0x8593, 0x8593, 0x8593, 0x8593, 0x8593, 0x8593, 0x8593, 0x5BEA, 0x5BEA,
  0x5A88, 0x5A88, 0x7225, 0x7225, 0x3AE7, 0x3AE7, 0x5BEA, 0x5BEA, 0x5BEA, 0x5BEA, 0x6CB0, 0x6CB0,
  0x8593, 0x8593, 0x8593, 0x8593, 0x8593, 0x8593, 0xC570, 0xC570, 0xD5F3, 0xD5F3, 0xD5F3, 0xD5F3,
  0xD5F3, 0xD5F3, 0xD5F3, 0xD5F3, 0xD5F3, 0xD5F3, 0xC570, 0xC570, 0xBCCD, 0xBCCD, 0xC570, 0xC570,
  0xBCCD, 0xBCCD, 0x5BEA, 0x5BEA, 0x6CB0, 0x6CB0, 0x8593, 0x8593, 0x8593, 0x8593, 0x8593, 0x8593,
  0x8593, 0x8593, 0x8593, 0x8593, 0x8593, 0x8593, 0x8593, 0x8593, 0x6CB0, 0x6CB0, 0x432A, 0x432A,
  0x2A07, 0x2A07, 0x2A07, 0x2A07, 0x2A07, 0x2A07, 0x2A07, 0x2A07, 0x39C6, 0x39C6, 0x51A3, 0x51A3,
  0xA326, 0xA326, 0xA326, 0xA326, 0xA326, 0xA326, 0xA326, 0xA326, 0xA326, 0xA326, 0xA326, 0xA326,
  0xA326, 0xA326, 0xA326, 0xA326, 0xA326, 0xA326, 0xA326, 0xA326, 0xA326, 0xA326, 0xA326, 0xA326,
  0xA326, 0xA326, 0x5BEA, 0x5BEA, 0x8593, 0x8593, 0x8593, 0x8593, 0x8593, 0x8593, 0x8593, 0x8593,
  0xD5F3, 0xD5F3, 0xD5F3, 0xD5F3, 0xD5F3, 0xD5F3, 0xE696, 0xE696, 0xE696, 0xE696, 0xE696, 0xE696,
  0xC570, 0xC570, 0xE50A, 0xE50A, 0xC570, 0xC570, 0xE696, 0xE696, 0xE696, 0xE696, 0xE696, 0xE696,
  0xD5F3, 0xD5F3, 0xC570, 0xC570, 0xE50A, 0xE50A, 0xD5F3, 0xD5F3, 0xE696, 0xE696, 0xE696, 0xE696,
  0xD5F3, 0xD5F3, 0xD5F3, 0xD5F3, 0xD5F3, 0xD5F3, 0xD5F3, 0xD5F3, 0xE696, 0xE696, 0xD5F3, 0xD5F3,
  0xD5F3, 0xD5F3, 0xD5F3, 0xD5F3, 0xD5F3, 0xD5F3, 0xD5F3, 0xD5F3, 0xD5F3, 0xD5F3, 0xE696, 0xE696,
  0xD5F3, 0xD5F3, 0xD5F3, 0xD5F3, 0x8593, 0x8593, 0x8593, 0x8593, 0x8593, 0x8593, 0x5BEA, 0x5BEA,
  0x9389, 0x9389, 0x9389, 0x9389, 0xA326, 0xA326, 0xA326, 0xA326, 0xA326, 0xA326, 0xA326, 0xA326,
  0xA326, 0xA326, 0xA326, 0xA326, 0xA326, 0xA326, 0xA326, 0xA326, 0xA326, 0xA326, 0xA326, 0xA326,
  0x7225, 0x7225, 0x5A88, 0x5A88, 0x5A88, 0x5A88, 0x5BEA, 0x5BEA, 0x6CB0, 0x6CB0, 0x5BEA, 0x5BEA,
  0x5BEA, 0x5BEA, 0x5BEA, 0x5BEA, 0x5BEA, 0x5BEA, 0x5BEA, 0x5BEA, 0x5BEA, 0x5BEA, 0x5BEA, 0x5BEA,
  0x6CB0, 0x6CB0, 0x8593, 0x8593, 0x8593, 0x8593, 0x8593, 0x8593, 0x8593, 0x8593, 0x5BEA, 0x5BEA,
  0x5A88, 0x5A88, 0x7225, 0x7225, 0x3AE7, 0x3AE7, 0x6CB0, 0x6CB0, 0x5BEA, 0x5BEA, 0x5BEA, 0x5BEA,
  0x5BEA, 0x5BEA, 0x6CB0, 0x6CB0, 0x8593, 0x8593, 0x8593, 0x8593, 0x8593, 0x8593, 0xC570, 0xC570,
  0xD5F3, 0xD5F3, 0xD5F3, 0xD5F3, 0xD5F3, 0xD5F3, 0xC570, 0xC570, 0xBCCD, 0xBCCD, 0xAC4C, 0xAC4C,
  0x6CB0, 0x6CB0, 0x5BEA, 0x5BEA, 0x6CB0, 0x6CB0, 0x8593, 0x8593, 0x8593, 0x8593, 0x8593, 0x8593,
  0x8593, 0x8593, 0x8593, 0x8593, 0x8593, 0x8593, 0x5BEA, 0x5BEA, 0x2A07, 0x2A07, 0x2A07, 0x2A07,
  0x2A07, 0x2A07, 0x2A07, 0x2A07, 0x39C6, 0x39C6, 0x51A3, 0x51A3, 0x7225, 0x7225, 0x7225, 0x7225,
  0xA326, 0xA326, 0xA326, 0xA326, 0xA326, 0xA326, 0xA326, 0xA326, 0xA326, 0xA326, 0xA326, 0xA326,
  0xA326, 0xA326, 0xA326, 0xA326, 0xA326, 0xA326, 0xA326, 0xA326, 0xA326, 0xA326, 0xA326, 0xA326,
  0xA326, 0xA326, 0x5BEA, 0x5BEA, 0x8593, 0x8593, 0x8593, 0x8593, 0x8593, 0x8593, 0x8593, 0x8593,
  0xD5F3, 0xD5F3, 0xD5F3, 0xD5F3, 0xD5F3, 0xD5F3, 0xE696, 0xE696, 0xE696, 0xE696, 0xE696, 0xE696,
  0xC570, 0xC570, 0xE50A, 0xE50A, 0xC570, 0xC570, 0xE696, 0xE696, 0xE696, 0xE696, 0xE696, 0xE696,
  0xD5F3, 0xD5F3, 0xC570, 0xC570, 0xE50A, 0xE50A, 0xD5F3, 0xD5F3, 0xE696, 0xE696, 0xE696, 0xE696,
  0xD5F3, 0xD5F3, 0xD5F3, 0xD5F3, 0xD5F3, 0xD5F3, 0xD5F3, 0xD5F3, 0xE696, 0xE696, 0xD5F3, 0xD5F3,
  0xD5F3, 0xD5F3, 0xD5F3, 0xD5F3, 0xD5F3, 0xD5F3, 0xD5F3, 0xD5F3, 0xD5F3, 0xD5F3, 0xE696, 0xE696,
  0xD5F3, 0xD5F3, 0xD5F3, 0xD5F3, 0x8593, 0x8593, 0x8593, 0x8593, 0x8593, 0x8593, 0x5BEA, 0x5BEA,
  0x9389, 0x9389, 0x9389, 0x9389, 0xA326, 0xA326, 0xA326, 0xA326, 0xA326, 0xA326, 0xA326, 0xA326,
  0xA326, 0xA326, 0xA326, 0xA326, 0xA326, 0xA326, 0xA326, 0xA326, 0xA326, 0xA326, 0xA326, 0xA326,
  0x7225, 0x7225, 0x5A88, 0x5A88, 0x5A88, 0x5A88, 0x5BEA, 0x5BEA, 0x6CB0, 0x6CB0, 0x5BEA, 0x5BEA,
  0x5BEA, 0x5BEA, 0x5BEA, 0x5BEA, 0x5BEA, 0x5BEA, 0x5BEA, 0x5BEA, 0x5BEA, 0x5BEA, 0x5BEA, 0x5BEA,
  0x6CB0, 0x6CB0, 0x8593, 0x8593, 0x8593, 0x8593, 0x8593, 0x8593, 0x8593, 0x8593, 0x5BEA, 0x5BEA,
  0x5A88, 0x5A88, 0x7225, 0x7225, 0x3AE7, 0x3AE7, 0x6CB0, 0x6CB0, 0x5BEA, 0x5BEA, 0x5BEA, 0x5BEA,
  0x5BEA, 0x5BEA, 0x6CB0, 0x6CB0, 0x8593, 0x8593, 0x8593, 0x8593, 0x8593, 0x8593, 0xC570, 0xC570,
  0xD5F3, 0xD5F3, 0xD5F3, 0xD5F3, 0xD5F3, 0xD5F3, 0xC570, 0xC570, 0xBCCD, 0xBCCD, 0xAC4C, 0xAC4C,
  0x6CB0, 0x6CB0, 0x5BEA, 0x5BEA, 0x6CB0, 0x6CB0, 0x8593, 0x8593, 0x8593, 0x8593, 0x8593, 0x8593,
  0x8593, 0x8593, 0x8593, 0x8593, 0x8593, 0x8593, 0x5BEA, 0x5BEA, 0x2A07, 0x2A07, 0x2A07, 0x2A07,
  0x2A07, 0x2A07, 0x2A07, 0x2A07, 0x39C6, 0x39C6, 0x51A3, 0x51A3, 0x7225, 0x7225, 0x7225, 0x7225,
  0xA326, 0xA326, 0xA326, 0xA326, 0xA326, 0xA326, 0xA326, 0xA326, 0xA326, 0xA326, 0xA326, 0xA326,
  0xA326, 0xA326, 0xA326, 0xA326, 0xA326, 0xA326, 0xA326, 0xA326, 0x9389, 0x9389, 0x6CB0, 0x6CB0,
  0x6CB0, 0x6CB0, 0x6CB0, 0x6CB0, 0x8593, 0x8593, 0x8593, 0x8593, 0xD5F3, 0xD5F3, 0xD5F3, 0xD5F3,
  0xE696, 0xE696, 0xD5F3, 0xD5F3, 0xD5F3, 0xD5F3, 0xC570, 0xC570, 0xC570, 0xC570, 0xD5F3, 0xD5F3,
  0xE696, 0xE696, 0xD5F3, 0xD5F3, 0xD5F3, 0xD5F3, 0xD5F3, 0xD5F3, 0xD5F3, 0xD5F3, 0xD5F3, 0xD5F3,
  0xE696, 0xE696, 0xD5F3, 0xD5F3, 0xE50A, 0xE50A, 0xC570, 0xC570, 0xD5F3, 0xD5F3, 0xE696, 0xE696,
  0xE696, 0xE696, 0xE696, 0xE696, 0xC570, 0xC570, 0xE50A, 0xE50A, 0xD5F3, 0xD5F3, 0xD5F3, 0xD5F3,
  0xE696, 0xE696, 0xE696, 0xE696, 0xD5F3, 0xD5F3, 0xC570, 0xC570, 0xE50A, 0xE50A, 0xD5F3, 0xD5F3,
  0xD5F3, 0xD5F3, 0xD5F3, 0xD5F3, 0xD5F3, 0xD5F3, 0xD5F3, 0xD5F3, 0x8593, 0x8593, 0x8593, 0x8593,
  0xAE56, 0xAE56, 0x8593, 0x8593, 0x5BEA, 0x5BEA, 0xA326, 0xA326, 0xA326, 0xA326, 0xA326, 0xA326,
  0xA326, 0xA326, 0xA326, 0xA326, 0xA326, 0xA326, 0xA326, 0xA326, 0xA326, 0xA326, 0xA326, 0xA326,
  0xA326, 0xA326, 0x72E8, 0x72E8, 0x7225, 0x7225, 0x7225, 0x7225, 0x5A88, 0x5A88, 0x5BEA, 0x5BEA,
  0x6CB0, 0x6CB0, 0x5BEA, 0x5BEA, 0x5BEA, 0x5BEA, 0x5BEA, 0x5BEA, 0x5BEA, 0x5BEA, 0x5BEA, 0x5BEA,
  0x6CB0, 0x6CB0, 0x8593, 0x8593, 0x8593, 0x8593, 0x8593, 0x8593, 0x8593, 0x8593, 0x5BEA, 0x5BEA,
  0x5A88, 0x5A88, 0x7225, 0x7225, 0x3AE7, 0x3AE7, 0x5BEA, 0x5BEA, 0x5BEA, 0x5BEA, 0x5BEA, 0x5BEA,
  0x5BEA, 0x5BEA, 0x5BEA, 0x5BEA, 0x5BEA, 0x5BEA, 0x6CB0, 0x6CB0, 0x8593, 0x8593, 0x8593, 0x8593,
  0x8593, 0x8593, 0xC570, 0xC570, 0xD5F3, 0xD5F3, 0xAC4C, 0xAC4C, 0x8593, 0x8593, 0x6CB0, 0x6CB0,
  0x5BEA, 0x5BEA, 0x5A88, 0x5A88, 0x6CB0, 0x6CB0, 0x8593, 0x8593, 0x8593, 0x8593, 0x8593, 0x8593,
  0x8593, 0x8593, 0x6CB0, 0x6CB0, 0x3AE7, 0x3AE7, 0x2A46, 0x2A46, 0x2A07, 0x2A07, 0x2A07, 0x2A07,
  0x2A07, 0x2A07, 0x39C6, 0x39C6, 0x51A3, 0x51A3, 0x7225, 0x7225, 0x7225, 0x7225, 0x7225, 0x7225,
  0xA326, 0xA326, 0xA326, 0xA326, 0xA326, 0xA326, 0xA326, 0xA326, 0xA326, 0xA326, 0xA326, 0xA326,
  0xA326, 0xA326, 0xA326, 0xA326, 0xA326, 0xA326, 0xA326, 0xA326, 0x9389, 0x9389, 0x6CB0, 0x6CB0,
  0x6CB0, 0x6CB0, 0x6CB0, 0x6CB0, 0x8593, 0x8593, 0x8593, 0x8593, 0xD5F3, 0xD5F3, 0xD5F3, 0xD5F3,
  0xE696, 0xE696, 0xD5F3, 0xD5F3, 0xD5F3, 0xD5F3, 0xC570, 0xC570, 0xC570, 0xC570, 0xD5F3, 0xD5F3,
  0xE696, 0xE696, 0xD5F3, 0xD5F3, 0xD5F3, 0xD5F3, 0xD5F3, 0xD5F3, 0xD5F3, 0xD5F3, 0xD5F3, 0xD5F3,
  0xE696, 0xE696, 0xD5F3, 0xD5F3, 0xE50A, 0xE50A, 0xC570, 0xC570, 0xD5F3, 0xD5F3, 0xE696, 0xE696,
  0xE696, 0xE696, 0xE696, 0xE696, 0xC570, 0xC570, 0xE50A, 0xE50A, 0xD5F3, 0xD5F3, 0xD5F3, 0xD5F3,
  0xE696, 0xE696, 0xE696, 0xE696, 0xD5F3, 0xD5F3, 0xC570, 0xC570, 0xE50A, 0xE50A, 0xD5F3, 0xD5F3,
  0xD5F3, 0xD5F3, 0xD5F3, 0xD5F3, 0xD5F3, 0xD5F3, 0xD5F3, 0xD5F3, 0x8593, 0x8593, 0x8593, 0x8593,
  0xAE56, 0xAE56, 0x8593, 0x8593, 0x5BEA, 0x5BEA, 0xA326, 0xA326, 0xA326, 0xA326, 0xA326, 0xA326,
  0xA326, 0xA326, 0xA326, 0xA326, 0xA326, 0xA326, 0xA326, 0xA326, 0xA326, 0xA326, 0xA326, 0xA326,
  0xA326, 0xA326, 0x72E8, 0x72E8, 0x7225, 0x7225, 0x7225, 0x7225, 0x5A88, 0x5A88, 0x5BEA, 0x5BEA,
  0x6CB0, 0x6CB0, 0x5BEA, 0x5BEA, 0x5BEA, 0x5BEA, 0x5BEA, 0x5BEA, 0x5BEA, 0x5BEA, 0x5BEA, 0x5BEA,
  0x6CB0, 0x6CB0, 0x8593, 0x8593, 0x8593, 0x8593, 0x8593, 0x8593, 0x8593, 0x8593, 0x5BEA, 0x5BEA,
  0x5A88, 0x5A88, 0x7225, 0x7225, 0x3AE7, 0x3AE7, 0x5BEA, 0x5BEA, 0x5BEA, 0x5BEA, 0x5BEA, 0x5BEA,
  0x5BEA, 0x5BEA, 0x5BEA, 0x5BEA, 0x5BEA, 0x5BEA, 0x6CB0, 0x6CB0, 0x8593, 0x8593, 0x8593, 0x8593,
  0x8593, 0x8593, 0xC570, 0xC570, 0xD5F3, 0xD5F3, 0xAC4C, 0xAC4C, 0x8593, 0x8593, 0x6CB0, 0x6CB0,
  0x5BEA, 0x5BEA, 0x5A88, 0x5A88, 0x6CB0, 0x6CB0, 0x8593, 0x8593, 0x8593, 0x8593, 0x8593, 0x8593,
  0x8593, 0x8593, 0x6CB0, 0x6CB0, 0x3AE7, 0x3AE7, 0x2A46, 0x2A46, 0x2A07, 0x2A07, 0x2A07, 0x2A07,
  0x2A07, 0x2A07, 0x39C6, 0x39C6, 0x51A3, 0x51A3, 0x7225, 0x7225, 0x7225, 0x7225, 0x7225, 0x7225,
  0xA326, 0xA326, 0xA326, 0xA326, 0xA326, 0xA326, 0xA326, 0xA326, 0xA326, 0xA326, 0xA326, 0xA326,
  0xA326, 0xA326, 0xA326, 0xA326, 0xA326, 0xA326, 0x9389, 0x9389, 0x8593, 0x8593, 0x8593, 0x8593,
  0x8593, 0x8593, 0x8593, 0x8593, 0xAE56, 0xAE56, 0xD5F3, 0xD5F3, 0xE696, 0xE696, 0xD5F3, 0xD5F3,
  0xD5F3, 0xD5F3, 0xD5F3, 0xD5F3, 0xE696, 0xE696, 0xD5F3, 0xD5F3, 0xE50A, 0xE50A, 0xD5F3, 0xD5F3,
  0xD5F3, 0xD5F3, 0xE696, 0xE696, 0xE696, 0xE696, 0xE696, 0xE696, 0xC570, 0xC570, 0xE50A, 0xE50A,
  0xD5F3, 0xD5F3, 0xE696, 0xE696, 0xE696, 0xE696, 0xE696, 0xE696, 0xD5F3, 0xD5F3, 0xC570, 0xC570,
  0xE50A, 0xE50A, 0xD5F3, 0xD5F3, 0xE696, 0xE696, 0xE696, 0xE696, 0xD5F3, 0xD5F3, 0xD5F3, 0xD5F3,
  0xC570, 0xC570, 0xD5F3, 0xD5F3, 0xE696, 0xE696, 0xD5F3, 0xD5F3, 0xD5F3, 0xD5F3, 0xD5F3, 0xD5F3,
  0xD5F3, 0xD5F3, 0xD5F3, 0xD5F3, 0xE696, 0xE696, 0xE696, 0xE696, 0xD5F3, 0xD5F3, 0xD5F3, 0xD5F3,
  0x8593, 0x8593, 0x8593, 0x8593, 0x6CB0, 0x6CB0, 0x5BEA, 0x5BEA, 0x6CB0, 0x6CB0, 0x9389, 0x9389,
  0xA326, 0xA326, 0xA326, 0xA326, 0xA326, 0xA326, 0xA326, 0xA326, 0xA326, 0xA326, 0xA326, 0xA326,
  0xA326, 0xA326, 0xA326, 0xA326, 0xA326, 0xA326, 0x7225, 0x7225, 0x7225, 0x7225, 0x5A88, 0x5A88,
  0x5BEA, 0x5BEA, 0x6CB0, 0x6CB0, 0x6CB0, 0x6CB0, 0x5BEA, 0x5BEA, 0x5BEA, 0x5BEA, 0x5BEA, 0x5BEA,
  0x6CB0, 0x6CB0, 0x8593, 0x8593, 0x8593, 0x8593, 0x8593, 0x8593, 0x8593, 0x8593, 0x5BEA, 0x5BEA,
  0x5A88, 0x5A88, 0x7225, 0x7225, 0x3AE7, 0x3AE7, 0x5BEA, 0x5BEA, 0x5BEA, 0x5BEA, 0x5BEA, 0x5BEA,
  0x5BEA, 0x5BEA, 0x5BEA, 0x5BEA, 0x5BEA, 0x5BEA, 0x5BEA, 0x5BEA, 0x5BEA, 0x5BEA, 0x6CB0, 0x6CB0,
  0x8593, 0x8593, 0x8593, 0x8593, 0x8593, 0x8593, 0x8593, 0x8593, 0x6CB0, 0x6CB0, 0x72E8, 0x72E8,
  0x7225, 0x7225, 0x5A88, 0x5A88, 0x6CB0, 0x6CB0, 0x8593, 0x8593, 0x8593, 0x8593, 0x6CB0, 0x6CB0,
  0x432A, 0x432A, 0x2A07, 0x2A07, 0x2A07, 0x2A07, 0x2A07, 0x2A07, 0x2A07, 0x2A07, 0x39C6, 0x39C6,
  0x51A3, 0x51A3, 0x7225, 0x7225, 0x7225, 0x7225, 0x7225, 0x7225, 0x7225, 0x7225, 0x7225, 0x7225,
  0xA326, 0xA326, 0xA326, 0xA326, 0xA326, 0xA326, 0xA326, 0xA326, 0xA326, 0xA326, 0xA326, 0xA326,
  0xA326, 0xA326, 0xA326, 0xA326, 0xA326, 0xA326, 0x9389, 0x9389, 0x8593, 0x8593, 0x8593, 0x8593,
  0x8593, 0x8593, 0x8593, 0x8593, 0xAE56, 0xAE56, 0xD5F3, 0xD5F3, 0xE696, 0xE696, 0xD5F3, 0xD5F3,
  0xD5F3, 0xD5F3, 0xD5F3, 0xD5F3, 0xE696, 0xE696, 0xD5F3, 0xD5F3, 0xE50A, 0xE50A, 0xD5F3, 0xD5F3,
  0xD5F3, 0xD5F3, 0xE696, 0xE696, 0xE696, 0xE696, 0xE696, 0xE696, 0xC570, 0xC570, 0xE50A, 0xE50A,
  0xD5F3, 0xD5F3, 0xE696, 0xE696, 0xE696, 0xE696, 0xE696, 0xE696, 0xD5F3, 0xD5F3, 0xC570, 0xC570,
  0xE50A, 0xE50A, 0xD5F3, 0xD5F3, 0xE696, 0xE696, 0xE696, 0xE696, 0xD5F3, 0xD5F3, 0xD5F3, 0xD5F3,
  0xC570, 0xC570, 0xD5F3, 0xD5F3, 0xE696, 0xE696, 0xD5F3, 0xD5F3, 0xD5F3, 0xD5F3, 0xD5F3, 0xD5F3,
  0xD5F3, 0xD5F3, 0xD5F3, 0xD5F3, 0xE696, 0xE696, 0xE696, 0xE696, 0xD5F3, 0xD5F3, 0xD5F3, 0xD5F3,
  0x8593, 0x8593, 0x8593, 0x8593, 0x6CB0, 0x6CB0, 0x5BEA, 0x5BEA, 0x6CB0, 0x6CB0, 0x9389, 0x9389,
  0xA326, 0xA326, 0xA326, 0xA326, 0xA326, 0xA326, 0xA326, 0xA326, 0xA326, 0xA326, 0xA326, 0xA326,
  0xA326, 0xA326, 0xA326, 0xA326, 0xA326, 0xA326, 0x7225, 0x7225, 0x7225, 0x7225, 0x5A88, 0x5A88,
  0x5BEA, 0x5BEA, 0x6CB0, 0x6CB0, 0x6CB0, 0x6CB0, 0x5BEA, 0x5BEA, 0x5BEA, 0x5BEA, 0x5BEA, 0x5BEA,
  0x6CB0, 0x6CB0, 0x8593, 0x8593, 0x8593, 0x8593, 0x8593, 0x8593, 0x8593, 0x8593, 0x5BEA, 0x5BEA,
  0x5A88, 0x5A88, 0x7225, 0x7225, 0x3AE7, 0x3AE7, 0x5BEA, 0x5BEA, 0x5BEA, 0x5BEA, 0x5BEA, 0x5BEA,
  0x5BEA, 0x5BEA, 0x5BEA, 0x5BEA, 0x5BEA, 0x5BEA, 0x5BEA, 0x5BEA, 0x5BEA, 0x5BEA, 0x6CB0, 0x6CB0,
  0x8593, 0x8593, 0x8593, 0x8593, 0x8593, 0x8593, 0x8593, 0x8593, 0x6CB0, 0x6CB0, 0x72E8, 0x72E8,
  0x7225, 0x7225, 0x5A88, 0x5A88, 0x6CB0, 0x6CB0, 0x8593, 0x8593, 0x8593, 0x8593, 0x6CB0, 0x6CB0,
  0x432A, 0x432A, 0x2A07, 0x2A07, 0x2A07, 0x2A07, 0x2A07, 0x2A07, 0x2A07, 0x2A07, 0x39C6, 0x39C6,
  0x51A3, 0x51A3, 0x7225, 0x7225, 0x7225, 0x7225, 0x7225, 0x7225, 0x7225, 0x7225, 0x7225, 0x7225,
  0xA326, 0xA326, 0xA326, 0xA326, 0xA326, 0xA326, 0xA326, 0xA326, 0xA326, 0xA326, 0xA326, 0xA326,
  0xA326, 0xA326, 0x9389, 0x9389, 0x6CB0, 0x6CB0, 0x6CB0, 0x6CB0, 0x8593, 0x8593, 0x8593, 0x8593,
  0xAE56, 0xAE56, 0xD5F3, 0xD5F3, 0xE696, 0xE696, 0xE696, 0xE696, 0xD5F3, 0xD5F3, 0xD5F3, 0xD5F3,
  0xE50A, 0xE50A, 0xE50A, 0xE50A, 0xD5F3, 0xD5F3, 0xE696, 0xE696, 0xE696, 0xE696, 0xD5F3, 0xD5F3,
  0xD5F3, 0xD5F3, 0xC570, 0xC570, 0xD5F3, 0xD5F3, 0xD5F3, 0xD5F3, 0xD5F3, 0xD5F3, 0xD5F3, 0xD5F3,
  0xD5F3, 0xD5F3, 0xD5F3, 0xD5F3, 0xD5F3, 0xD5F3, 0xD5F3, 0xD5F3, 0xE696, 0xE696, 0xD5F3, 0xD5F3,
  0xE50A, 0xE50A, 0xD5F3, 0xD5F3, 0xE696, 0xE696, 0xE696, 0xE696, 0xE696, 0xE696, 0xE696, 0xE696,
  0xE50A, 0xE50A, 0xE50A, 0xE50A, 0xD5F3, 0xD5F3, 0xE696, 0xE696, 0xE696, 0xE696, 0xE696, 0xE696,
  0xD5F3, 0xD5F3, 0xE50A, 0xE50A, 0xC570, 0xC570, 0xD5F3, 0xD5F3, 0xE696, 0xE696, 0xE696, 0xE696,
  0xD5F3, 0xD5F3, 0xAE56, 0xAE56, 0x8593, 0x8593, 0x8593, 0x8593, 0x8593, 0x8593, 0x8593, 0x8593,
  0x9389, 0x9389, 0xA326, 0xA326, 0xA326, 0xA326, 0xA326, 0xA326, 0xA326, 0xA326, 0xA326, 0xA326,
  0xA326, 0xA326, 0xA326, 0xA326, 0xA326, 0xA326, 0xA326, 0xA326, 0xA326, 0xA326, 0x7225, 0x7225,
  0x7225, 0x7225, 0x5A88, 0x5A88, 0x5BEA, 0x5BEA, 0x5BEA, 0x5BEA, 0x6CB0, 0x6CB0, 0x5BEA, 0x5BEA,
  0x6CB0, 0x6CB0, 0x8593, 0x8593, 0x8593, 0x8593, 0x8593, 0x8593, 0x8593, 0x8593, 0x5BEA, 0x5BEA,
  0x5A88, 0x5A88, 0x7225, 0x7225, 0x3AE7, 0x3AE7, 0x5BEA, 0x5BEA, 0x5BEA, 0x5BEA, 0x5BEA, 0x5BEA,
  0x5BEA, 0x5BEA, 0x5BEA, 0x5BEA, 0x5BEA, 0x5BEA, 0x5BEA, 0x5BEA, 0x5BEA, 0x5BEA, 0x5BEA, 0x5BEA,
  0x5BEA, 0x5BEA, 0x6CB0, 0x6CB0, 0x6CB0, 0x6CB0, 0x5BEA, 0x5BEA, 0x7225, 0x7225, 0x7225, 0x7225,
  0x7225, 0x7225, 0x51A3, 0x51A3, 0x3AE7, 0x3AE7, 0x5BEA, 0x5BEA, 0x5BEA, 0x5BEA, 0x2A07, 0x2A07,
  0x2A07, 0x2A07, 0x2A07, 0x2A07, 0x2A07, 0x2A07, 0x2A07, 0x2A07, 0x39C6, 0x39C6, 0x51A3, 0x51A3,
  0x7225, 0x7225, 0x7225, 0x7225, 0x7225, 0x7225, 0x7225, 0x7225, 0x7225, 0x7225, 0x7225, 0x7225,
  0xA326, 0xA326, 0xA326, 0xA326, 0xA326, 0xA326, 0xA326, 0xA326, 0xA326, 0xA326, 0xA326, 0xA326,
  0xA326, 0xA326, 0x9389, 0x9389, 0x6CB0, 0x6CB0, 0x6CB0, 0x6CB0, 0x8593, 0x8593, 0x8593, 0x8593,
  0xAE56, 0xAE56, 0xD5F3, 0xD5F3, 0xE696, 0xE696, 0xE696, 0xE696, 0xD5F3, 0xD5F3, 0xD5F3, 0xD5F3,
  0xE50A, 0xE50A, 0xE50A, 0xE50A, 0xD5F3, 0xD5F3, 0xE696, 0xE696, 0xE696, 0xE696, 0xD5F3, 0xD5F3,
  0xD5F3, 0xD5F3, 0xC570, 0xC570, 0xD5F3, 0xD5F3, 0xD5F3, 0xD5F3, 0xD5F3, 0xD5F3, 0xD5F3, 0xD5F3,
  0xD5F3, 0xD5F3, 0xD5F3, 0xD5F3, 0xD5F3, 0xD5F3, 0xD5F3, 0xD5F3, 0xE696, 0xE696, 0xD5F3, 0xD5F3,
  0xE50A, 0xE50A, 0xD5F3, 0xD5F3, 0xE696, 0xE696, 0xE696, 0xE696, 0xE696, 0xE696, 0xE696, 0xE696,
  0xE50A, 0xE50A, 0xE50A, 0xE50A, 0xD5F3, 0xD5F3, 0xE696, 0xE696, 0xE696, 0xE696, 0xE696, 0xE696,
  0xD5F3, 0xD5F3, 0xE50A, 0xE50A, 0xC570, 0xC570, 0xD5F3, 0xD5F3, 0xE696, 0xE696, 0xE696, 0xE696,
  0xD5F3, 0xD5F3, 0xAE56, 0xAE56, 0x8593, 0x8593, 0x8593, 0x8593, 0x8593, 0x8593, 0x8593, 0x8593,
  0x9389, 0x9389, 0xA326, 0xA326, 0xA326, 0xA326, 0xA326, 0xA326, 0xA326, 0xA326, 0xA326, 0xA326,
  0xA326, 0xA326, 0xA326, 0xA326, 0xA326, 0xA326, 0xA326, 0xA326, 0xA326, 0xA326, 0x7225, 0x7225,
  0x7225, 0x7225, 0x5A88, 0x5A88, 0x5BEA, 0x5BEA, 0x5BEA, 0x5BEA, 0x6CB0, 0x6CB0, 0x5BEA, 0x5BEA,
  0x6CB0, 0x6CB0, 0x8593, 0x8593, 0x8593, 0x8593, 0x8593, 0x8593, 0x8593, 0x8593, 0x5BEA, 0x5BEA,
  0x5A88, 0x5A88, 0x7225, 0x7225, 0x3AE7, 0x3AE7, 0x5BEA, 0x5BEA, 0x5BEA, 0x5BEA, 0x5BEA, 0x5BEA,
  0x5BEA, 0x5BEA, 0x5BEA, 0x5BEA, 0x5BEA, 0x5BEA, 0x5BEA, 0x5BEA, 0x5BEA, 0x5BEA, 0x5BEA, 0x5BEA,
  0x5BEA, 0x5BEA, 0x6CB0, 0x6CB0, 0x6CB0, 0x6CB0, 0x5BEA, 0x5BEA, 0x7225, 0x7225, 0x7225, 0x7225,
  0x7225, 0x7225, 0x51A3, 0x51A3, 0x3AE7, 0x3AE7, 0x5BEA, 0x5BEA, 0x5BEA, 0x5BEA, 0x2A07, 0x2A07,
  0x2A07, 0x2A07, 0x2A07, 0x2A07, 0x2A07, 0x2A07, 0x2A07, 0x2A07, 0x39C6, 0x39C6, 0x51A3, 0x51A3,
  0x7225, 0x7225, 0x7225, 0x7225, 0x7225, 0x7225, 0x7225, 0x7225, 0x7225, 0x7225, 0x7225, 0x7225,
  0xA326, 0xA326, 0xA326, 0xA326, 0xA326, 0xA326, 0xA326, 0xA326, 0xA326, 0xA326, 0xA326, 0xA326,
  0x6CB0, 0x6CB0, 0x8593, 0x8593, 0xAE56, 0xAE56, 0x8593, 0x8593, 0x8593, 0x8593, 0xD5F3, 0xD5F3,
  0xD5F3, 0xD5F3, 0xE696, 0xE696, 0xD5F3, 0xD5F3, 0xD5F3, 0xD5F3, 0xD5F3, 0xD5F3, 0xE696, 0xE696,
  0xD5F3, 0xD5F3, 0xC570, 0xC570, 0xD5F3, 0xD5F3, 0xD5F3, 0xD5F3, 0xE696, 0xE696, 0xE696, 0xE696,
  0xE696, 0xE696, 0xC570, 0xC570, 0xE50A, 0xE50A, 0xD5F3, 0xD5F3, 0xE696, 0xE696, 0xE696, 0xE696,
  0xE696, 0xE696, 0xD5F3, 0xD5F3, 0xC570, 0xC570, 0xE50A, 0xE50A, 0xD5F3, 0xD5F3, 0xE696, 0xE696,
  0xE696, 0xE696, 0xE696, 0xE696, 0xD5F3, 0xD5F3, 0xE50A, 0xE50A, 0xC570, 0xC570, 0xE696, 0xE696,
  0xE696, 0xE696, 0xD5F3, 0xD5F3, 0xD5F3, 0xD5F3, 0xD5F3, 0xD5F3, 0xD5F3, 0xD5F3, 0xD5F3, 0xD5F3,
  0xE696, 0xE696, 0xD5F3, 0xD5F3, 0xD5F3, 0xD5F3, 0xD5F3, 0xD5F3, 0xE696, 0xE696, 0xE696, 0xE696,
  0xE696, 0xE696, 0xE696, 0xE696, 0xD5F3, 0xD5F3, 0xD5F3, 0xD5F3, 0x8593, 0x8593, 0x8593, 0x8593,
  0x6CB0, 0x6CB0, 0x6CB0, 0x6CB0, 0x5BEA, 0x5BEA, 0x9389, 0x9389, 0xA326, 0xA326, 0xA326, 0xA326,
  0xA326, 0xA326, 0xA326, 0xA326, 0xA326, 0xA326, 0xA326, 0xA326, 0xA326, 0xA326, 0xA326, 0xA326,
  0x72E8, 0x72E8, 0x7225, 0x7225, 0x7225, 0x7225, 0x5A88, 0x5A88, 0x5BEA, 0x5BEA, 0x5BEA, 0x5BEA,
  0x6CB0, 0x6CB0, 0x8593, 0x8593, 0x8593, 0x8593, 0x8593, 0x8593, 0x8593, 0x8593, 0x5BEA, 0x5BEA,
  0x5A88, 0x5A88, 0x7225, 0x7225, 0x3AE7, 0x3AE7, 0x5BEA, 0x5BEA, 0x5BEA, 0x5BEA, 0x5BEA, 0x5BEA,
  0x5BEA, 0x5BEA, 0x5BEA, 0x5BEA, 0x5BEA, 0x5BEA, 0x5BEA, 0x5BEA, 0x5BEA, 0x5BEA, 0x5BEA, 0x5BEA,
  0x5BEA, 0x5BEA, 0x5BEA, 0x5BEA, 0x5A88, 0x5A88, 0x7225, 0x7225, 0x7225, 0x7225, 0x7225, 0x7225,
  0x7225, 0x7225, 0x51A3, 0x51A3, 0x2A07, 0x2A07, 0x2A07, 0x2A07, 0x2A46, 0x2A46, 0x2A07, 0x2A07,
  0x2A07, 0x2A07, 0x2A07, 0x2A07, 0x39C6, 0x39C6, 0x51A3, 0x51A3, 0x7225, 0x7225, 0x7225, 0x7225,
  0x7225, 0x7225, 0x7225, 0x7225, 0x7225, 0x7225, 0x7225, 0x7225, 0x7225, 0x7225, 0x7225, 0x7225,
  0xA326, 0xA326, 0xA326, 0xA326, 0xA326, 0xA326, 0xA326, 0xA326, 0xA326, 0xA326, 0xA326, 0xA326,
  0x6CB0, 0x6CB0, 0x8593, 0x8593, 0xAE56, 0xAE56, 0x8593, 0x8593, 0x8593, 0x8593, 0xD5F3, 0xD5F3,
  0xD5F3, 0xD5F3, 0xE696, 0xE696, 0xD5F3, 0xD5F3, 0xD5F3, 0xD5F3, 0xD5F3, 0xD5F3, 0xE696, 0xE696,
  0xD5F3, 0xD5F3, 0xC570, 0xC570, 0xD5F3, 0xD5F3, 0xD5F3, 0xD5F3, 0xE696, 0xE696, 0xE696, 0xE696,
  0xE696, 0xE696, 0xC570, 0xC570, 0xE50A, 0xE50A, 0xD5F3, 0xD5F3, 0xE696, 0xE696, 0xE696, 0xE696,
  0xE696, 0xE696, 0xD5F3, 0xD5F3, 0xC570, 0xC570, 0xE50A, 0xE50A, 0xD5F3, 0xD5F3, 0xE696, 0xE696,
  0xE696, 0xE696, 0xE696, 0xE696, 0xD5F3, 0xD5F3, 0xE50A, 0xE50A, 0xC570, 0xC570, 0xE696, 0xE696,
  0xE696, 0xE696, 0xD5F3, 0xD5F3, 0xD5F3, 0xD5F3, 0xD5F3, 0xD5F3, 0xD5F3, 0xD5F3, 0xD5F3, 0xD5F3,
  0xE696, 0xE696, 0xD5F3, 0xD5F3, 0xD5F3, 0xD5F3, 0xD5F3, 0xD5F3, 0xE696, 0xE696, 0xE696, 0xE696,
  0xE696, 0xE696, 0xE696, 0xE696, 0xD5F3, 0xD5F3, 0xD5F3, 0xD5F3, 0x8593, 0x8593, 0x8593, 0x8593,
  0x6CB0, 0x6CB0, 0x6CB0, 0x6CB0, 0x5BEA, 0x5BEA, 0x9389, 0x9389, 0xA326, 0xA326, 0xA326, 0xA326,
  0xA326, 0xA326, 0xA326, 0xA326, 0xA326, 0xA326, 0xA326, 0xA326, 0xA326, 0xA326, 0xA326, 0xA326,
  0x72E8, 0x72E8, 0x7225, 0x7225, 0x7225, 0x7225, 0x5A88, 0x5A88, 0x5BEA, 0x5BEA, 0x5BEA, 0x5BEA,
  0x6CB0, 0x6CB0, 0x8593, 0x8593, 0x8593, 0x8593, 0x8593, 0x8593, 0x8593, 0x8593, 0x5BEA, 0x5BEA,
  0x5A88, 0x5A88, 0x7225, 0x7225, 0x3AE7, 0x3AE7, 0x5BEA, 0x5BEA, 0x5BEA, 0x5BEA, 0x5BEA, 0x5BEA,
  0x5BEA, 0x5BEA, 0x5BEA, 0x5BEA, 0x5BEA, 0x5BEA, 0x5BEA, 0x5BEA, 0x5BEA, 0x5BEA, 0x5BEA, 0x5BEA,
  0x5BEA, 0x5BEA, 0x5BEA, 0x5BEA, 0x5A88, 0x5A88, 0x7225, 0x7225, 0x7225, 0x7225, 0x7225, 0x7225,
  0x7225, 0x7225, 0x51A3, 0x51A3, 0x2A07, 0x2A07, 0x2A07, 0x2A07, 0x2A46, 0x2A46, 0x2A07, 0x2A07,
  0x2A07, 0x2A07, 0x2A07, 0x2A07, 0x39C6, 0x39C6, 0x51A3, 0x51A3, 0x7225, 0x7225, 0x7225, 0x7225,
  0x7225, 0x7225, 0x7225, 0x7225, 0x7225, 0x7225, 0x7225, 0x7225, 0x7225, 0x7225, 0x7225, 0x7225,
  0xA326, 0xA326, 0xA326, 0xA326, 0xA326, 0xA326, 0x9389, 0x9389, 0x6CB0, 0x6CB0, 0x6CB0, 0x6CB0,
  0x8593, 0x8593, 0x8593, 0x8593, 0x8593, 0x8593, 0xD5F3, 0xD5F3, 0xD5F3, 0xD5F3, 0xE696, 0xE696,
  0xE696, 0xE696, 0xE696, 0xE696, 0xD5F3, 0xD5F3, 0xC570, 0xC570, 0xE50A, 0xE50A, 0xD5F3, 0xD5F3,
  0xE696, 0xE696, 0xE696, 0xE696, 0xE696, 0xE696, 0xD5F3, 0xD5F3, 0xE50A, 0xE50A, 0xE50A, 0xE50A,
  0xD5F3, 0xD5F3, 0xE696, 0xE696, 0xD5F3, 0xD5F3, 0xD5F3, 0xD5F3, 0xD5F3, 0xD5F3, 0xC570, 0xC570,
  0xD5F3, 0xD5F3, 0xE696, 0xE696, 0xD5F3, 0xD5F3, 0xC570, 0xC570, 0xD5F3, 0xD5F3, 0xD5F3, 0xD5F3,
  0xD5F3, 0xD5F3, 0xE696, 0xE696, 0xE696, 0xE696, 0xC570, 0xC570, 0xC570, 0xC570, 0xD5F3, 0xD5F3,
  0xD5F3, 0xD5F3, 0xE696, 0xE696, 0xE696, 0xE696, 0xD5F3, 0xD5F3, 0xE50A, 0xE50A, 0xE50A, 0xE50A,
  0xD5F3, 0xD5F3, 0xE696, 0xE696, 0xE696, 0xE696, 0xE696, 0xE696, 0xD5F3, 0xD5F3, 0xC570, 0xC570,
  0xC570, 0xC570, 0xD5F3, 0xD5F3, 0xD5F3, 0xD5F3, 0xD5F3, 0xD5F3, 0xD5F3, 0xD5F3, 0xAE56, 0xAE56,
  0x8593, 0x8593, 0x8593, 0x8593, 0x8593, 0x8593, 0x6CB0, 0x6CB0, 0x72E8, 0x72E8, 0x72E8, 0x72E8,
  0x72E8, 0x72E8, 0xA326, 0xA326, 0xA326, 0xA326, 0xA326, 0xA326, 0x72E8, 0x72E8, 0x72E8, 0x72E8,
  0xA326, 0xA326, 0xA326, 0xA326, 0xA326, 0xA326, 0x7225, 0x7225, 0x7225, 0x7225, 0x5A88, 0x5A88,
  0x6CB0, 0x6CB0, 0x8593, 0x8593, 0x8593, 0x8593, 0x8593, 0x8593, 0x8593, 0x8593, 0x5BEA, 0x5BEA,
  0x5A88, 0x5A88, 0x7225, 0x7225, 0x3AE7, 0x3AE7, 0x5BEA, 0x5BEA, 0x5BEA, 0x5BEA, 0x5BEA, 0x5BEA,
  0x5BEA, 0x5BEA, 0x5BEA, 0x5BEA, 0x5BEA, 0x5BEA, 0x5BEA, 0x5BEA, 0x5BEA, 0x5BEA, 0x5BEA, 0x5BEA,
  0x5BEA, 0x5BEA, 0x5BEA, 0x5BEA, 0x5A88, 0x5A88, 0x7225, 0x7225, 0x7225, 0x7225, 0x7225, 0x7225,
  0x7225, 0x7225, 0x51A3, 0x51A3, 0x2A07, 0x2A07, 0x2A07, 0x2A07, 0x2A07, 0x2A07, 0x2A07, 0x2A07,
  0x39C6, 0x39C6, 0x39C6, 0x39C6, 0x51A3, 0x51A3, 0x7225, 0x7225, 0x7225, 0x7225, 0x7225, 0x7225,
  0x7225, 0x7225, 0x7225, 0x7225, 0x7225, 0x7225, 0x7225, 0x7225, 0x72E8, 0x72E8, 0xA326, 0xA326,
  0xA326, 0xA326, 0xA326, 0xA326, 0xA326, 0xA326, 0x9389, 0x9389, 0x6CB0, 0x6CB0, 0x6CB0, 0x6CB0,
  0x8593, 0x8593, 0x8593, 0x8593, 0x8593, 0x8593, 0xD5F3, 0xD5F3, 0xD5F3, 0xD5F3, 0xE696, 0xE696,
  0xE696, 0xE696, 0xE696, 0xE696, 0xD5F3, 0xD5F3, 0xC570, 0xC570, 0xE50A, 0xE50A, 0xD5F3, 0xD5F3,
  0xE696, 0xE696, 0xE696, 0xE696, 0xE696, 0xE696, 0xD5F3, 0xD5F3, 0xE50A, 0xE50A, 0xE50A, 0xE50A,
  0xD5F3, 0xD5F3, 0xE696, 0xE696, 0xD5F3, 0xD5F3, 0xD5F3, 0xD5F3, 0xD5F3, 0xD5F3, 0xC570, 0xC570,
  0xD5F3, 0xD5F3, 0xE696, 0xE696, 0xD5F3, 0xD5F3, 0xC570, 0xC570, 0xD5F3, 0xD5F3, 0xD5F3, 0xD5F3,
  0xD5F3, 0xD5F3, 0xE696, 0xE696, 0xE696, 0xE696, 0xC570, 0xC570, 0xC570, 0xC570, 0xD5F3, 0xD5F3,
  0xD5F3, 0xD5F3, 0xE696, 0xE696, 0xE696, 0xE696, 0xD5F3, 0xD5F3, 0xE50A, 0xE50A, 0xE50A, 0xE50A,
  0xD5F3, 0xD5F3, 0xE696, 0xE696, 0xE696, 0xE696, 0xE696, 0xE696, 0xD5F3, 0xD5F3, 0xC570, 0xC570,
  0xC570, 0xC570, 0xD5F3, 0xD5F3, 0xD5F3, 0xD5F3, 0xD5F3, 0xD5F3, 0xD5F3, 0xD5F3, 0xAE56, 0xAE56,
  0x8593, 0x8593, 0x8593, 0x8593, 0x8593, 0x8593, 0x6CB0, 0x6CB0, 0x72E8, 0x72E8, 0x72E8, 0x72E8,
  0x72E8, 0x72E8, 0xA326, 0xA326, 0xA326, 0xA326, 0xA326, 0xA326, 0x72E8, 0x72E8, 0x72E8, 0x72E8,
  0xA326, 0xA326, 0xA326, 0xA326, 0xA326, 0xA326, 0x7225, 0x7225, 0x7225, 0x7225, 0x5A88, 0x5A88,
  0x6CB0, 0x6CB0, 0x8593, 0x8593, 0x8593, 0x8593, 0x8593, 0x8593, 0x8593, 0x8593, 0x5BEA, 0x5BEA,
  0x5A88, 0x5A88, 0x7225, 0x7225, 0x3AE7, 0x3AE7, 0x5BEA, 0x5BEA, 0x5BEA, 0x5BEA, 0x5BEA, 0x5BEA,
  0x5BEA, 0x5BEA, 0x5BEA, 0x5BEA, 0x5BEA, 0x5BEA, 0x5BEA, 0x5BEA, 0x5BEA, 0x5BEA, 0x5BEA, 0x5BEA,
  0x5BEA, 0x5BEA, 0x5BEA, 0x5BEA, 0x5A88, 0x5A88, 0x7225, 0x7225, 0x7225, 0x7225, 0x7225, 0x7225,
  0x7225, 0x7225, 0x51A3, 0x51A3, 0x2A07, 0x2A07, 0x2A07, 0x2A07, 0x2A07, 0x2A07, 0x2A07, 0x2A07,
  0x39C6, 0x39C6, 0x39C6, 0x39C6, 0x51A3, 0x51A3, 0x7225, 0x7225, 0x7225, 0x7225, 0x7225, 0x7225,
  0x7225, 0x7225, 0x7225, 0x7225, 0x7225, 0x7225, 0x7225, 0x7225, 0x72E8, 0x72E8, 0xA326, 0xA326,
  0xA326, 0xA326, 0xA326, 0xA326, 0x9389, 0x9389, 0x8593, 0x8593, 0xAE56, 0xAE56, 0x8593, 0x8593,
  0x8593, 0x8593, 0xAE56, 0xAE56, 0xD5F3, 0xD5F3, 0xE696, 0xE696, 0xD5F3, 0xD5F3, 0xD5F3, 0xD5F3,
  0xC570, 0xC570, 0xC570, 0xC570, 0xD5F3, 0xD5F3, 0xE696, 0xE696, 0xD5F3, 0xD5F3, 0xD5F3, 0xD5F3,
  0xD5F3, 0xD5F3, 0xD5F3, 0xD5F3, 0xD5F3, 0xD5F3, 0xE696, 0xE696, 0xD5F3, 0xD5F3, 0xC570, 0xC570,
  0xD5F3, 0xD5F3, 0xD5F3, 0xD5F3, 0xE696, 0xE696, 0xE696, 0xE696, 0xD5F3, 0xD5F3, 0xE50A, 0xE50A,
  0xE50A, 0xE50A, 0xD5F3, 0xD5F3, 0xE696, 0xE696, 0xE696, 0xE696, 0xE696, 0xE696, 0xD5F3, 0xD5F3,
  0xE50A, 0xE50A, 0xC570, 0xC570, 0xD5F3, 0xD5F3, 0xE696, 0xE696, 0xE696, 0xE696, 0xD5F3, 0xD5F3,
  0xD5F3, 0xD5F3, 0xE50A, 0xE50A, 0xD5F3, 0xD5F3, 0xE696, 0xE696, 0xE696, 0xE696, 0xD5F3, 0xD5F3,
  0xD5F3, 0xD5F3, 0xD5F3, 0xD5F3, 0xD5F3, 0xD5F3, 0xE696, 0xE696, 0xD5F3, 0xD5F3, 0xC570, 0xC570,
  0xC570, 0xC570, 0xD5F3, 0xD5F3, 0xD5F3, 0xD5F3, 0xE696, 0xE696, 0xE696, 0xE696, 0xE696, 0xE696,
  0xD5F3, 0xD5F3, 0xC570, 0xC570, 0x8593, 0x8593, 0x8593, 0x8593, 0x6CB0, 0x6CB0, 0x8593, 0x8593,
  0x6CB0, 0x6CB0, 0x9389, 0x9389, 0xA326, 0xA326, 0xA326, 0xA326, 0xA326, 0xA326, 0xA326, 0xA326,
  0xA326, 0xA326, 0xA326, 0xA326, 0xA326, 0xA326, 0xA326, 0xA326, 0xA326, 0xA326, 0x7225, 0x7225,
  0x6CB0, 0x6CB0, 0x8593, 0x8593, 0x8593, 0x8593, 0x8593, 0x8593, 0x8593, 0x8593, 0x5BEA, 0x5BEA,
  0x5A88, 0x5A88, 0x7225, 0x7225, 0x3AE7, 0x3AE7, 0x5BEA, 0x5BEA, 0x5BEA, 0x5BEA, 0x5BEA, 0x5BEA,
  0x5BEA, 0x5BEA, 0x5BEA, 0x5BEA, 0x5BEA, 0x5BEA, 0x5BEA, 0x5BEA, 0x5BEA, 0x5BEA, 0x5BEA, 0x5BEA,
  0x5BEA, 0x5BEA, 0x5BEA, 0x5BEA, 0x5A88, 0x5A88, 0x7225, 0x7225, 0x7225, 0x7225, 0x7225, 0x7225,
  0x7225, 0x7225, 0x51A3, 0x51A3, 0x2A07, 0x2A07, 0x2A07, 0x2A07, 0x2A07, 0x2A07, 0x39C6, 0x39C6,
  0x51A3, 0x51A3, 0x7225, 0x7225, 0x7225, 0x7225, 0x7225, 0x7225, 0x7225, 0x7225, 0x7225, 0x7225,
  0x7225, 0x7225, 0x7225, 0x7225, 0x7225, 0x7225, 0xA326, 0xA326, 0xA326, 0xA326, 0x72E8, 0x72E8,
  0xA326, 0xA326, 0xA326, 0xA326, 0x9389, 0x9389, 0x8593, 0x8593, 0xAE56, 0xAE56, 0x8593, 0x8593,
  0x8593, 0x8593, 0xAE56, 0xAE56, 0xD5F3, 0xD5F3, 0xE696, 0xE696, 0xD5F3, 0xD5F3, 0xD5F3, 0xD5F3,
  0xC570, 0xC570, 0xC570, 0xC570, 0xD5F3, 0xD5F3, 0xE696, 0xE696, 0xD5F3, 0xD5F3, 0xD5F3, 0xD5F3,
  0xD5F3, 0xD5F3, 0xD5F3, 0xD5F3, 0xD5F3, 0xD5F3, 0xE696, 0xE696, 0xD5F3, 0xD5F3, 0xC570, 0xC570,
  0xD5F3, 0xD5F3, 0xD5F3, 0xD5F3, 0xE696, 0xE696, 0xE696, 0xE696, 0xD5F3, 0xD5F3, 0xE50A, 0xE50A,
  0xE50A, 0xE50A, 0xD5F3, 0xD5F3, 0xE696, 0xE696, 0xE696, 0xE696, 0xE696, 0xE696, 0xD5F3, 0xD5F3,
  0xE50A, 0xE50A, 0xC570, 0xC570, 0xD5F3, 0xD5F3, 0xE696, 0xE696, 0xE696, 0xE696, 0xD5F3, 0xD5F3,
  0xD5F3, 0xD5F3, 0xE50A, 0xE50A, 0xD5F3, 0xD5F3, 0xE696, 0xE696, 0xE696, 0xE696, 0xD5F3, 0xD5F3,
  0xD5F3, 0xD5F3, 0xD5F3, 0xD5F3, 0xD5F3, 0xD5F3, 0xE696, 0xE696, 0xD5F3, 0xD5F3, 0xC570, 0xC570,
  0xC570, 0xC570, 0xD5F3, 0xD5F3, 0xD5F3, 0xD5F3, 0xE696, 0xE696, 0xE696, 0xE696, 0xE696, 0xE696,
  0xD5F3, 0xD5F3, 0xC570, 0xC570, 0x8593, 0x8593, 0x8593, 0x8593, 0x6CB0, 0x6CB0, 0x8593, 0x8593,
  0x6CB0, 0x6CB0, 0x9389, 0x9389, 0xA326, 0xA326, 0xA326, 0xA326, 0xA326, 0xA326, 0xA326, 0xA326,
  0xA326, 0xA326, 0xA326, 0xA326, 0xA326, 0xA326, 0xA326, 0xA326, 0xA326, 0xA326, 0x7225, 0x7225,
  0x6CB0, 0x6CB0, 0x8593, 0x8593, 0x8593, 0x8593, 0x8593, 0x8593, 0x8593, 0x8593, 0x5BEA, 0x5BEA,
  0x5A88, 0x5A88, 0x7225, 0x7225, 0x3AE7, 0x3AE7, 0x5BEA, 0x5BEA, 0x5BEA, 0x5BEA, 0x5BEA, 0x5BEA,
  0x5BEA, 0x5BEA, 0x5BEA, 0x5BEA, 0x5BEA, 0x5BEA, 0x5BEA, 0x5BEA, 0x5BEA, 0x5BEA, 0x5BEA, 0x5BEA,
  0x5BEA, 0x5BEA, 0x5BEA, 0x5BEA, 0x5A88, 0x5A88, 0x7225, 0x7225, 0x7225, 0x7225, 0x7225, 0x7225,
  0x7225, 0x7225, 0x51A3, 0x51A3, 0x2A07, 0x2A07, 0x2A07, 0x2A07, 0x2A07, 0x2A07, 0x39C6, 0x39C6,
  0x51A3, 0x51A3, 0x7225, 0x7225, 0x7225, 0x7225, 0x7225, 0x7225, 0x7225, 0x7225, 0x7225, 0x7225,
  0x7225, 0x7225, 0x7225, 0x7225, 0x7225, 0x7225, 0xA326, 0xA326, 0xA326, 0xA326, 0x72E8, 0x72E8,
  0x9389, 0x9389, 0x5BEA, 0x5BEA, 0x6CB0, 0x6CB0, 0x8593, 0x8593, 0x8593, 0x8593, 0xAE56, 0xAE56,
  0xD5F3, 0xD5F3, 0xD5F3, 0xD5F3, 0xD5F3, 0xD5F3, 0xD5F3, 0xD5F3, 0xE696, 0xE696, 0xD5F3, 0xD5F3,
  0xC570, 0xC570, 0xE50A, 0xE50A, 0xD5F3, 0xD5F3, 0xE696, 0xE696, 0xE696, 0xE696, 0xE696, 0xE696,
  0xD5F3, 0xD5F3, 0xE50A, 0xE50A, 0xE50A, 0xE50A, 0xD5F3, 0xD5F3, 0xE696, 0xE696, 0xE696, 0xE696,
  0xE696, 0xE696, 0xD5F3, 0xD5F3, 0xE50A, 0xE50A, 0xC570, 0xC570, 0xD5F3, 0xD5F3, 0xE696, 0xE696,
  0xD5F3, 0xD5F3, 0xD5F3, 0xD5F3, 0xD5F3, 0xD5F3, 0xD5F3, 0xD5F3, 0xD5F3, 0xD5F3, 0xD5F3, 0xD5F3,
  0xD5F3, 0xD5F3, 0xD5F3, 0xD5F3, 0xD5F3, 0xD5F3, 0xE696, 0xE696, 0xE696, 0xE696, 0xE696, 0xE696,
  0xD5F3, 0xD5F3, 0xC570, 0xC570, 0xE50A, 0xE50A, 0xD5F3, 0xD5F3, 0xE696, 0xE696, 0xE696, 0xE696,
  0xE696, 0xE696, 0xD5F3, 0xD5F3, 0xE50A, 0xE50A, 0xE50A, 0xE50A, 0xD5F3, 0xD5F3, 0xE696, 0xE696,
  0xE696, 0xE696, 0xD5F3, 0xD5F3, 0xC570, 0xC570, 0xE50A, 0xE50A, 0xD5F3, 0xD5F3, 0xD5F3, 0xD5F3,
  0xD5F3, 0xD5F3, 0xD5F3, 0xD5F3, 0xD5F3, 0xD5F3, 0xD5F3, 0xD5F3, 0xAE56, 0xAE56, 0x8593, 0x8593,
  0xAE56, 0xAE56, 0x6CB0, 0x6CB0, 0x72E8, 0x72E8, 0x72E8, 0x72E8, 0xA326, 0xA326, 0xA326, 0xA326,
  0xA326, 0xA326, 0xA326, 0xA326, 0xA326, 0xA326, 0xA326, 0xA326, 0xA326, 0xA326, 0xA326, 0xA326,
  0x6CB0, 0x6CB0, 0x8593, 0x8593, 0x8593, 0x8593, 0x8593, 0x8593, 0x8593, 0x8593, 0x5BEA, 0x5BEA,
  0x5A88, 0x5A88, 0x7225, 0x7225, 0x3AE7, 0x3AE7, 0x5BEA, 0x5BEA, 0x5BEA, 0x5BEA, 0x5BEA, 0x5BEA,
  0x5BEA, 0x5BEA, 0x5BEA, 0x5BEA, 0x5BEA, 0x5BEA, 0x5BEA, 0x5BEA, 0x5BEA, 0x5BEA, 0x5BEA, 0x5BEA,
  0x5BEA, 0x5BEA, 0x5BEA, 0x5BEA, 0x5A88, 0x5A88, 0x7225, 0x7225, 0x7225, 0x7225, 0x7225, 0x7225,
  0x7225, 0x7225, 0x51A3, 0x51A3, 0x2A07, 0x2A07, 0x39C6, 0x39C6, 0x39C6, 0x39C6, 0x51A3, 0x51A3,
  0x7225, 0x7225, 0x7225, 0x7225, 0x7225, 0x7225, 0x7225, 0x7225, 0x7225, 0x7225, 0x7225, 0x7225,
  0x7225, 0x7225, 0x72E8, 0x72E8, 0xA326, 0xA326, 0xA326, 0xA326, 0x72E8, 0x72E8, 0x72E8, 0x72E8,
  0x9389, 0x9389, 0x5BEA, 0x5BEA, 0x6CB0, 0x6CB0, 0x8593, 0x8593, 0x8593, 0x8593, 0xAE56, 0xAE56,
  0xD5F3, 0xD5F3, 0xD5F3, 0xD5F3, 0xD5F3, 0xD5F3, 0xD5F3, 0xD5F3, 0xE696, 0xE696, 0xD5F3, 0xD5F3,
  0xC570, 0xC570, 0xE50A, 0xE50A, 0xD5F3, 0xD5F3, 0xE696, 0xE696, 0xE696, 0xE696, 0xE696, 0xE696,
  0xD5F3, 0xD5F3, 0xE50A, 0xE50A, 0xE50A, 0xE50A, 0xD5F3, 0xD5F3, 0xE696, 0xE696, 0xE696, 0xE696,
  0xE696, 0xE696, 0xD5F3, 0xD5F3, 0xE50A, 0xE50A, 0xC570, 0xC570, 0xD5F3, 0xD5F3, 0xE696, 0xE696,
  0xD5F3, 0xD5F3, 0xD5F3, 0xD5F3, 0xD5F3, 0xD5F3, 0xD5F3, 0xD5F3, 0xD5F3, 0xD5F3, 0xD5F3, 0xD5F3,
  0xD5F3, 0xD5F3, 0xD5F3, 0xD5F3, 0xD5F3, 0xD5F3, 0xE696, 0xE696, 0xE696, 0xE696, 0xE696, 0xE696,
  0xD5F3, 0xD5F3, 0xC570, 0xC570, 0xE50A, 0xE50A, 0xD5F3, 0xD5F3, 0xE696, 0xE696, 0xE696, 0xE696,
  0xE696, 0xE696, 0xD5F3, 0xD5F3, 0xE50A, 0xE50A, 0xE50A, 0xE50A, 0xD5F3, 0xD5F3, 0xE696, 0xE696,
  0xE696, 0xE696, 0xD5F3, 0xD5F3, 0xC570, 0xC570, 0xE50A, 0xE50A, 0xD5F3, 0xD5F3, 0xD5F3, 0xD5F3,
  0xD5F3, 0xD5F3, 0xD5F3, 0xD5F3, 0xD5F3, 0xD5F3, 0xD5F3, 0xD5F3, 0xAE56, 0xAE56, 0x8593, 0x8593,
  0xAE56, 0xAE56, 0x6CB0, 0x6CB0, 0x72E8, 0x72E8, 0x72E8, 0x72E8, 0xA326, 0xA326, 0xA326, 0xA326,
  0xA326, 0xA326, 0xA326, 0xA326, 0xA326, 0xA326, 0xA326, 0xA326, 0xA326, 0xA326, 0xA326, 0xA326,
  0x6CB0, 0x6CB0, 0x8593, 0x8593, 0x8593, 0x8593, 0x8593, 0x8593, 0x8593, 0x8593, 0x5BEA, 0x5BEA,
  0x5A88, 0x5A88, 0x7225, 0x7225, 0x3AE7, 0x3AE7, 0x5BEA, 0x5BEA, 0x5BEA, 0x5BEA, 0x5BEA, 0x5BEA,
  0x5BEA, 0x5BEA, 0x5BEA, 0x5BEA, 0x5BEA, 0x5BEA, 0x5BEA, 0x5BEA, 0x5BEA, 0x5BEA, 0x5BEA, 0x5BEA,
  0x5BEA, 0x5BEA, 0x5BEA, 0x5BEA, 0x5A88, 0x5A88, 0x7225, 0x7225, 0x7225, 0x7225, 0x7225, 0x7225,
  0x7225, 0x7225, 0x51A3, 0x51A3, 0x2A07, 0x2A07, 0x39C6, 0x39C6, 0x39C6, 0x39C6, 0x51A3, 0x51A3,
  0x7225, 0x7225, 0x7225, 0x7225, 0x7225, 0x7225, 0x7225, 0x7225, 0x7225, 0x7225, 0x7225, 0x7225,
  0x7225, 0x7225, 0x72E8, 0x72E8, 0xA326, 0xA326, 0xA326, 0xA326, 0x72E8, 0x72E8, 0x72E8, 0x72E8,
  0x8593, 0x8593, 0x8593, 0x8593, 0x8593, 0x8593, 0x8593, 0x8593, 0xD5F3, 0xD5F3, 0xE696, 0xE696,
  0xE696, 0xE696, 0xE696, 0xE696, 0xD5F3, 0xD5F3, 0xE50A, 0xE50A, 0xE50A, 0xE50A, 0xD5F3, 0xD5F3,
  0xE696, 0xE696, 0xE696, 0xE696, 0xE696, 0xE696, 0xD5F3, 0xD5F3, 0xC570, 0xC570, 0xD5F3, 0xD5F3,
  0xE696, 0xE696, 0xD5F3, 0xD5F3, 0xD5F3, 0xD5F3, 0xD5F3, 0xD5F3, 0xD5F3, 0xD5F3, 0xD5F3, 0xD5F3,
  0xE696, 0xE696, 0xD5F3, 0xD5F3, 0xC570, 0xC570, 0xC570, 0xC570, 0xD5F3, 0xD5F3, 0xD5F3, 0xD5F3,
  0xE696, 0xE696, 0xE696, 0xE696, 0xD5F3, 0xD5F3, 0xE50A, 0xE50A, 0xE50A, 0xE50A, 0xD5F3, 0xD5F3,
  0xE696, 0xE696, 0xE696, 0xE696, 0xE696, 0xE696, 0xD5F3, 0xD5F3, 0xE50A, 0xE50A, 0xC570, 0xC570,
  0xE696, 0xE696, 0xE696, 0xE696, 0xE696, 0xE696, 0xD5F3, 0xD5F3, 0xD5F3, 0xD5F3, 0xC570, 0xC570,
  0xD5F3, 0xD5F3, 0xE696, 0xE696, 0xD5F3, 0xD5F3, 0xD5F3, 0xD5F3, 0xD5F3, 0xD5F3, 0xD5F3, 0xD5F3,
  0xD5F3, 0xD5F3, 0xD5F3, 0xD5F3, 0xD5F3, 0xD5F3, 0xD5F3, 0xD5F3, 0xD5F3, 0xD5F3, 0xD5F3, 0xD5F3,
  0xD5F3, 0xD5F3, 0xE696, 0xE696, 0xD5F3, 0xD5F3, 0xD5F3, 0xD5F3, 0xD5F3, 0xD5F3, 0xAE56, 0xAE56,
  0x8593, 0x8593, 0x8593, 0x8593, 0x8593, 0x8593, 0x8593, 0x8593, 0x6CB0, 0x6CB0, 0x9389, 0x9389,
  0xA326, 0xA326, 0xA326, 0xA326, 0xA326, 0xA326, 0xA326, 0xA326, 0xA326, 0xA326, 0xA326, 0xA326,
  0x5BEA, 0x5BEA, 0x8593, 0x8593, 0x8593, 0x8593, 0x8593, 0x8593, 0x8593, 0x8593, 0x5BEA, 0x5BEA,
  0x5A88, 0x5A88, 0x7225, 0x7225, 0x3AE7, 0x3AE7, 0x6CB0, 0x6CB0, 0x5BEA, 0x5BEA, 0x5BEA, 0x5BEA,
  0x5BEA, 0x5BEA, 0x5BEA, 0x5BEA, 0x5BEA, 0x5BEA, 0x5BEA, 0x5BEA, 0x5BEA, 0x5BEA, 0x5BEA, 0x5BEA,
  0x5BEA, 0x5BEA, 0x5BEA, 0x5BEA, 0x5A88, 0x5A88, 0x7225, 0x7225, 0x7225, 0x7225, 0x7225, 0x7225,
  0x7225, 0x7225, 0x51A3, 0x51A3, 0x39C6, 0x39C6, 0x51A3, 0x51A3, 0x7225, 0x7225, 0x7225, 0x7225,
  0x7225, 0x7225, 0x7225, 0x7225, 0x7225, 0x7225, 0x7225, 0x7225, 0x7225, 0x7225, 0x72E8, 0x72E8,
  0xA326, 0xA326, 0xA326, 0xA326, 0x72E8, 0x72E8, 0x72E8, 0x72E8, 0x72E8, 0x72E8, 0xA326, 0xA326,
  0x8593, 0x8593, 0x8593, 0x8593, 0x8593, 0x8593, 0x8593, 0x8593, 0xD5F3, 0xD5F3, 0xE696, 0xE696,
  0xE696, 0xE696, 0xE696, 0xE696, 0xD5F3, 0xD5F3, 0xE50A, 0xE50A, 0xE50A, 0xE50A, 0xD5F3, 0xD5F3,
  0xE696, 0xE696, 0xE696, 0xE696, 0xE696, 0xE696, 0xD5F3, 0xD5F3, 0xC570, 0xC570, 0xD5F3, 0xD5F3,
  0xE696, 0xE696, 0xD5F3, 0xD5F3, 0xD5F3, 0xD5F3, 0xD5F3, 0xD5F3, 0xD5F3, 0xD5F3, 0xD5F3, 0xD5F3,
  0xE696, 0xE696, 0xD5F3, 0xD5F3, 0xC570, 0xC570, 0xC570, 0xC570, 0xD5F3, 0xD5F3, 0xD5F3, 0xD5F3,
  0xE696, 0xE696, 0xE696, 0xE696, 0xD5F3, 0xD5F3, 0xE50A, 0xE50A, 0xE50A, 0xE50A, 0xD5F3, 0xD5F3,
  0xE696, 0xE696, 0xE696, 0xE696, 0xE696, 0xE696, 0xD5F3, 0xD5F3, 0xE50A, 0xE50A, 0xC570, 0xC570,
  0xE696, 0xE696, 0xE696, 0xE696, 0xE696, 0xE696, 0xD5F3, 0xD5F3, 0xD5F3, 0xD5F3, 0xC570, 0xC570,
  0xD5F3, 0xD5F3, 0xE696, 0xE696, 0xD5F3, 0xD5F3, 0xD5F3, 0xD5F3, 0xD5F3, 0xD5F3, 0xD5F3, 0xD5F3,
  0xD5F3, 0xD5F3, 0xD5F3, 0xD5F3, 0xD5F3, 0xD5F3, 0xD5F3, 0xD5F3, 0xD5F3, 0xD5F3, 0xD5F3, 0xD5F3,
  0xD5F3, 0xD5F3, 0xE696, 0xE696, 0xD5F3, 0xD5F3, 0xD5F3, 0xD5F3, 0xD5F3, 0xD5F3, 0xAE56, 0xAE56,
  0x8593, 0x8593, 0x8593, 0x8593, 0x8593, 0x8593, 0x8593, 0x8593, 0x6CB0, 0x6CB0, 0x9389, 0x9389,
  0xA326, 0xA326, 0xA326, 0xA326, 0xA326, 0xA326, 0xA326, 0xA326, 0xA326, 0xA326, 0xA326, 0xA326,
  0x5BEA, 0x5BEA, 0x8593, 0x8593, 0x8593, 0x8593, 0x8593, 0x8593, 0x8593, 0x8593, 0x5BEA, 0x5BEA,
  0x5A88, 0x5A88, 0x7225, 0x7225, 0x3AE7, 0x3AE7, 0x6CB0, 0x6CB0, 0x5BEA, 0x5BEA, 0x5BEA, 0x5BEA,
  0x5BEA, 0x5BEA, 0x5BEA, 0x5BEA, 0x5BEA, 0x5BEA, 0x5BEA, 0x5BEA, 0x5BEA, 0x5BEA, 0x5BEA, 0x5BEA,
  0x5BEA, 0x5BEA, 0x5BEA, 0x5BEA, 0x5A88, 0x5A88, 0x7225, 0x7225, 0x7225, 0x7225, 0x7225, 0x7225,
  0x7225, 0x7225, 0x51A3, 0x51A3, 0x39C6, 0x39C6, 0x51A3, 0x51A3, 0x7225, 0x7225, 0x7225, 0x7225,
  0x7225, 0x7225, 0x7225, 0x7225, 0x7225, 0x7225, 0x7225, 0x7225, 0x7225, 0x7225, 0x72E8, 0x72E8,
  0xA326, 0xA326, 0xA326, 0xA326, 0x72E8, 0x72E8, 0x72E8, 0x72E8, 0x72E8, 0x72E8, 0xA326, 0xA326,
  0x8593, 0x8593, 0x8593, 0x8593, 0xD5F3, 0xD5F3, 0xD5F3, 0xD5F3, 0xE696, 0xE696, 0xD5F3, 0xD5F3,
  0xD5F3, 0xD5F3, 0xE696, 0xE696, 0xD5F3, 0xD5F3, 0xD5F3, 0xD5F3, 0xC570, 0xC570, 0xD5F3, 0xD5F3,
  0xD5F3, 0xD5F3, 0xE696, 0xE696, 0xE696, 0xE696, 0xD5F3, 0xD5F3, 0xE50A, 0xE50A, 0xC570, 0xC570,
  0xD5F3, 0xD5F3, 0xE696, 0xE696, 0xE696, 0xE696, 0xE696, 0xE696, 0xD5F3, 0xD5F3, 0xE50A, 0xE50A,
  0xC570, 0xC570, 0xD5F3, 0xD5F3, 0xE696, 0xE696, 0xE696, 0xE696, 0xE696, 0xE696, 0xD5F3, 0xD5F3,
  0xC570, 0xC570, 0xD5F3, 0xD5F3, 0xE696, 0xE696, 0xD5F3, 0xD5F3, 0xD5F3, 0xD5F3, 0xD5F3, 0xD5F3,
  0xD5F3, 0xD5F3, 0xD5F3, 0xD5F3, 0xE696, 0xE696, 0xD5F3, 0xD5F3, 0xC570, 0xC570, 0xC570, 0xC570,
  0xD5F3, 0xD5F3, 0xE696, 0xE696, 0xE696, 0xE696, 0xE696, 0xE696, 0xD5F3, 0xD5F3, 0xC570, 0xC570,
  0xC570, 0xC570, 0xD5F3, 0xD5F3, 0xE696, 0xE696, 0xE696, 0xE696, 0xE696, 0xE696, 0xC570, 0xC570,
  0xE50A, 0xE50A, 0xD5F3, 0xD5F3, 0xE696, 0xE696, 0xE696, 0xE696, 0xD5F3, 0xD5F3, 0xD5F3, 0xD5F3,
  0xC570, 0xC570, 0xC570, 0xC570, 0xD5F3, 0xD5F3, 0xD5F3, 0xD5F3, 0xD5F3, 0xD5F3, 0xE696, 0xE696,
  0xD5F3, 0xD5F3, 0xD5F3, 0xD5F3, 0x8593, 0x8593, 0x8593, 0x8593, 0x8593, 0x8593, 0x5BEA, 0x5BEA,
  0x6CB0, 0x6CB0, 0x9389, 0x9389, 0xA326, 0xA326, 0xA326, 0xA326, 0xA326, 0xA326, 0xA326, 0xA326,
  0x72E8, 0x72E8, 0x5A88, 0x5A88, 0x6CB0, 0x6CB0, 0x8593, 0x8593, 0x8593, 0x8593, 0x5BEA, 0x5BEA,
  0x5A88, 0x5A88, 0x51A3, 0x51A3, 0x39C6, 0x39C6, 0x5BEA, 0x5BEA, 0x5BEA, 0x5BEA, 0x5BEA, 0x5BEA,
  0x5BEA, 0x5BEA, 0x5BEA, 0x5BEA, 0x5BEA, 0x5BEA, 0x5BEA, 0x5BEA, 0x5BEA, 0x5BEA, 0x5BEA, 0x5BEA,
  0x5BEA, 0x5BEA, 0x5BEA, 0x5BEA, 0x5A88, 0x5A88, 0x7225, 0x7225, 0x7225, 0x7225, 0x7225, 0x7225,
  0x7225, 0x7225, 0x51A3, 0x51A3, 0x51A3, 0x51A3, 0x7225, 0x7225, 0x7225, 0x7225, 0x7225, 0x7225,
  0x7225, 0x7225, 0x7225, 0x7225, 0x7225, 0x7225, 0x7225, 0x7225, 0x72E8, 0x72E8, 0xA326, 0xA326,
  0xA326, 0xA326, 0x72E8, 0x72E8, 0x72E8, 0x72E8, 0xA326, 0xA326, 0xA326, 0xA326, 0x72E8, 0x72E8,
  0x8593, 0x8593, 0x8593, 0x8593, 0xD5F3, 0xD5F3, 0xD5F3, 0xD5F3, 0xE696, 0xE696, 0xD5F3, 0xD5F3,
  0xD5F3, 0xD5F3, 0xE696, 0xE696, 0xD5F3, 0xD5F3, 0xD5F3, 0xD5F3, 0xC570, 0xC570, 0xD5F3, 0xD5F3,
  0xD5F3, 0xD5F3, 0xE696, 0xE696, 0xE696, 0xE696, 0xD5F3, 0xD5F3, 0xE50A, 0xE50A, 0xC570, 0xC570,
  0xD5F3, 0xD5F3, 0xE696, 0xE696, 0xE696, 0xE696, 0xE696, 0xE696, 0xD5F3, 0xD5F3, 0xE50A, 0xE50A,
  0xC570, 0xC570, 0xD5F3, 0xD5F3, 0xE696, 0xE696, 0xE696, 0xE696, 0xE696, 0xE696, 0xD5F3, 0xD5F3,
  0xC570, 0xC570, 0xD5F3, 0xD5F3, 0xE696, 0xE696, 0xD5F3, 0xD5F3, 0xD5F3, 0xD5F3, 0xD5F3, 0xD5F3,
  0xD5F3, 0xD5F3, 0xD5F3, 0xD5F3, 0xE696, 0xE696, 0xD5F3, 0xD5F3, 0xC570, 0xC570, 0xC570, 0xC570,
  0xD5F3, 0xD5F3, 0xE696, 0xE696, 0xE696, 0xE696, 0xE696, 0xE696, 0xD5F3, 0xD5F3, 0xC570, 0xC570,
  0xC570, 0xC570, 0xD5F3, 0xD5F3, 0xE696, 0xE696, 0xE696, 0xE696, 0xE696, 0xE696, 0xC570, 0xC570,
  0xE50A, 0xE50A, 0xD5F3, 0xD5F3, 0xE696, 0xE696, 0xE696, 0xE696, 0xD5F3, 0xD5F3, 0xD5F3, 0xD5F3,
  0xC570, 0xC570, 0xC570, 0xC570, 0xD5F3, 0xD5F3, 0xD5F3, 0xD5F3, 0xD5F3, 0xD5F3, 0xE696, 0xE696,
  0xD5F3, 0xD5F3, 0xD5F3, 0xD5F3, 0x8593, 0x8593, 0x8593, 0x8593, 0x8593, 0x8593, 0x5BEA, 0x5BEA,
  0x6CB0, 0x6CB0, 0x9389, 0x9389, 0xA326, 0xA326, 0xA326, 0xA326, 0xA326, 0xA326, 0xA326, 0xA326,
  0x72E8, 0x72E8, 0x5A88, 0x5A88, 0x6CB0, 0x6CB0, 0x8593, 0x8593, 0x8593, 0x8593, 0x5BEA, 0x5BEA,
  0x5A88, 0x5A88, 0x51A3, 0x51A3, 0x39C6, 0x39C6, 0x5BEA, 0x5BEA, 0x5BEA, 0x5BEA, 0x5BEA, 0x5BEA,
  0x5BEA, 0x5BEA, 0x5BEA, 0x5BEA, 0x5BEA, 0x5BEA, 0x5BEA, 0x5BEA, 0x5BEA, 0x5BEA, 0x5BEA, 0x5BEA,
  0x5BEA, 0x5BEA, 0x5BEA, 0x5BEA, 0x5A88, 0x5A88, 0x7225, 0x7225, 0x7225, 0x7225, 0x7225, 0x7225,
  0x7225, 0x7225, 0x51A3, 0x51A3, 0x51A3, 0x51A3, 0x7225, 0x7225, 0x7225, 0x7225, 0x7225, 0x7225,
  0x7225, 0x7225, 0x7225, 0x7225, 0x7225, 0x7225, 0x7225, 0x7225, 0x72E8, 0x72E8, 0xA326, 0xA326,
  0xA326, 0xA326, 0x72E8, 0x72E8, 0x72E8, 0x72E8, 0xA326, 0xA326, 0xA326, 0xA326, 0x72E8, 0x72E8,
  0xD5F3, 0xD5F3, 0xD5F3, 0xD5F3, 0xE696, 0xE696, 0xE696, 0xE696, 0xE696, 0xE696, 0xD5F3, 0xD5F3,
  0xE50A, 0xE50A, 0xE50A, 0xE50A, 0xD5F3, 0xD5F3, 0xE696, 0xE696, 0xE696, 0xE696, 0xD5F3, 0xD5F3,
  0xD5F3, 0xD5F3, 0xE50A, 0xE50A, 0xC570, 0xC570, 0xE696, 0xE696, 0xE696, 0xE696, 0xE696, 0xE696,
  0xD5F3, 0xD5F3, 0xD5F3, 0xD5F3, 0xD5F3, 0xD5F3, 0xD5F3, 0xD5F3, 0xE696, 0xE696, 0xD5F3, 0xD5F3,
  0xD5F3, 0xD5F3, 0xD5F3, 0xD5F3, 0xD5F3, 0xD5F3, 0xE696, 0xE696, 0xE696, 0xE696, 0xD5F3, 0xD5F3,
  0xE50A, 0xE50A, 0xE50A, 0xE50A, 0xD5F3, 0xD5F3, 0xE696, 0xE696, 0xE696, 0xE696, 0xE696, 0xE696,
  0xC570, 0xC570, 0xE50A, 0xE50A, 0xC570, 0xC570, 0xE696, 0xE696, 0xE696, 0xE696, 0xE696, 0xE696,
  0xE696, 0xE696, 0xD5F3, 0xD5F3, 0xE50A, 0xE50A, 0xD5F3, 0xD5F3, 0xE696, 0xE696, 0xE696, 0xE696,
  0xD5F3, 0xD5F3, 0xD5F3, 0xD5F3, 0xD5F3, 0xD5F3, 0xD5F3, 0xD5F3, 0xD5F3, 0xD5F3, 0xD5F3, 0xD5F3,
  0xD5F3, 0xD5F3, 0xD5F3, 0xD5F3, 0xD5F3, 0xD5F3, 0xD5F3, 0xD5F3, 0xE696, 0xE696, 0xE696, 0xE696,
  0xD5F3, 0xD5F3, 0xC570, 0xC570, 0xD5F3, 0xD5F3, 0xD5F3, 0xD5F3, 0xE696, 0xE696, 0xE696, 0xE696,
  0xD5F3, 0xD5F3, 0xE696, 0xE696, 0xD5F3, 0xD5F3, 0xAE56, 0xAE56, 0x8593, 0x8593, 0x8593, 0x8593,
  0x8593, 0x8593, 0x8593, 0x8593, 0x5BEA, 0x5BEA, 0x72E8, 0x72E8, 0xA326, 0xA326, 0xA326, 0xA326,
  0xA326, 0xA326, 0xA326, 0xA326, 0x7225, 0x7225, 0x5A88, 0x5A88, 0x6CB0, 0x6CB0, 0x5BEA, 0x5BEA,
  0x39C6, 0x39C6, 0x51A3, 0x51A3, 0x7225, 0x7225, 0x51A3, 0x51A3, 0x5A88, 0x5A88, 0x5BEA, 0x5BEA,
  0x5BEA, 0x5BEA, 0x5BEA, 0x5BEA, 0x5BEA, 0x5BEA, 0x5BEA, 0x5BEA, 0x5BEA, 0x5BEA, 0x5BEA, 0x5BEA,
  0x5BEA, 0x5BEA, 0x5BEA, 0x5BEA, 0x5A88, 0x5A88, 0x7225, 0x7225, 0x7225, 0x7225, 0x7225, 0x7225,
  0x7225, 0x7225, 0x51A3, 0x51A3, 0x51A3, 0x51A3, 0x51A3, 0x51A3, 0x7225, 0x7225, 0x7225, 0x7225,
  0x7225, 0x7225, 0x7225, 0x7225, 0x72E8, 0x72E8, 0xA326, 0xA326, 0xA326, 0xA326, 0x72E8, 0x72E8,
  0x72E8, 0x72E8, 0xA326, 0xA326, 0xA326, 0xA326, 0xA326, 0xA326, 0xA326, 0xA326, 0xA326, 0xA326,
  0xD5F3, 0xD5F3, 0xD5F3, 0xD5F3, 0xE696, 0xE696, 0xE696, 0xE696, 0xE696, 0xE696, 0xD5F3, 0xD5F3,
  0xE50A, 0xE50A, 0xE50A, 0xE50A, 0xD5F3, 0xD5F3, 0xE696, 0xE696, 0xE696, 0xE696, 0xD5F3, 0xD5F3,
  0xD5F3, 0xD5F3, 0xE50A, 0xE50A, 0xC570, 0xC570, 0xE696, 0xE696, 0xE696, 0xE696, 0xE696, 0xE696,
  0xD5F3, 0xD5F3, 0xD5F3, 0xD5F3, 0xD5F3, 0xD5F3, 0xD5F3, 0xD5F3, 0xE696, 0xE696, 0xD5F3, 0xD5F3,
  0xD5F3, 0xD5F3, 0xD5F3, 0xD5F3, 0xD5F3, 0xD5F3, 0xE696, 0xE696, 0xE696, 0xE696, 0xD5F3, 0xD5F3,
  0xE50A, 0xE50A, 0xE50A, 0xE50A, 0xD5F3, 0xD5F3, 0xE696, 0xE696, 0xE696, 0xE696, 0xE696, 0xE696,
  0xC570, 0xC570, 0xE50A, 0xE50A, 0xC570, 0xC570, 0xE696, 0xE696, 0xE696, 0xE696, 0xE696, 0xE696,
  0xE696, 0xE696, 0xD5F3, 0xD5F3, 0xE50A, 0xE50A, 0xD5F3, 0xD5F3, 0xE696, 0xE696, 0xE696, 0xE696,
  0xD5F3, 0xD5F3, 0xD5F3, 0xD5F3, 0xD5F3, 0xD5F3, 0xD5F3, 0xD5F3, 0xD5F3, 0xD5F3, 0xD5F3, 0xD5F3,
  0xD5F3, 0xD5F3, 0xD5F3, 0xD5F3, 0xD5F3, 0xD5F3, 0xD5F3, 0xD5F3, 0xE696, 0xE696, 0xE696, 0xE696,
  0xD5F3, 0xD5F3, 0xC570, 0xC570, 0xD5F3, 0xD5F3, 0xD5F3, 0xD5F3, 0xE696, 0xE696, 0xE696, 0xE696,
  0xD5F3, 0xD5F3, 0xE696, 0xE696, 0xD5F3, 0xD5F3, 0xAE56, 0xAE56, 0x8593, 0x8593, 0x8593, 0x8593,
  0x8593, 0x8593, 0x8593, 0x8593, 0x5BEA, 0x5BEA, 0x72E8, 0x72E8, 0xA326, 0xA326, 0xA326, 0xA326,
  0xA326, 0xA326, 0xA326, 0xA326, 0x7225, 0x7225, 0x5A88, 0x5A88, 0x6CB0, 0x6CB0, 0x5BEA, 0x5BEA,
  0x39C6, 0x39C6, 0x51A3, 0x51A3, 0x7225, 0x7225, 0x51A3, 0x51A3, 0x5A88, 0x5A88, 0x5BEA, 0x5BEA,
  0x5BEA, 0x5BEA, 0x5BEA, 0x5BEA, 0x5BEA, 0x5BEA, 0x5BEA, 0x5BEA, 0x5BEA, 0x5BEA, 0x5BEA, 0x5BEA,
  0x5BEA, 0x5BEA, 0x5BEA, 0x5BEA, 0x5A88, 0x5A88, 0x7225, 0x7225, 0x7225, 0x7225, 0x7225, 0x7225,
  0x7225, 0x7225, 0x51A3, 0x51A3, 0x51A3, 0x51A3, 0x51A3, 0x51A3, 0x7225, 0x7225, 0x7225, 0x7225,
  0x7225, 0x7225, 0x7225, 0x7225, 0x72E8, 0x72E8, 0xA326, 0xA326, 0xA326, 0xA326, 0x72E8, 0x72E8,
  0x72E8, 0x72E8, 0xA326, 0xA326, 0xA326, 0xA326, 0xA326, 0xA326, 0xA326, 0xA326, 0xA326, 0xA326,
  0xE696, 0xE696, 0xE696, 0xE696, 0xD5F3, 0xD5F3, 0xD5F3, 0xD5F3, 0xD5F3, 0xD5F3, 0xE696, 0xE696,
  0xD5F3, 0xD5F3, 0xD5F3, 0xD5F3, 0xD5F3, 0xD5F3, 0xD5F3, 0xD5F3, 0xD5F3, 0xD5F3, 0xE696, 0xE696,
  0xD5F3, 0xD5F3, 0xC570, 0xC570, 0xC570, 0xC570, 0xD5F3, 0xD5F3, 0xE696, 0xE696, 0xE696, 0xE696,
  0xE696, 0xE696, 0xD5F3, 0xD5F3, 0xE50A, 0xE50A, 0xC570, 0xC570, 0xE696, 0xE696, 0xE696, 0xE696,
  0xE696, 0xE696, 0xD5F3, 0xD5F3, 0xC570, 0xC570, 0xE50A, 0xE50A, 0xD5F3, 0xD5F3, 0xE696, 0xE696,
  0xE696, 0xE696, 0xD5F3, 0xD5F3, 0xE696, 0xE696, 0xD5F3, 0xD5F3, 0xD5F3, 0xD5F3, 0xD5F3, 0xD5F3,
  0xD5F3, 0xD5F3, 0xD5F3, 0xD5F3, 0xD5F3, 0xD5F3, 0xD5F3, 0xD5F3, 0xD5F3, 0xD5F3, 0xD5F3, 0xD5F3,
  0xE696, 0xE696, 0xD5F3, 0xD5F3, 0xE50A, 0xE50A, 0xC570, 0xC570, 0xD5F3, 0xD5F3, 0xE696, 0xE696,
  0xE696, 0xE696, 0xE696, 0xE696, 0xC570, 0xC570, 0xE50A, 0xE50A, 0xC570, 0xC570, 0xE696, 0xE696,
  0xE696, 0xE696, 0xE696, 0xE696, 0xD5F3, 0xD5F3, 0xE50A, 0xE50A, 0xE50A, 0xE50A, 0xD5F3, 0xD5F3,
  0xE696, 0xE696, 0xE696, 0xE696, 0xD5F3, 0xD5F3, 0xD5F3, 0xD5F3, 0xE50A, 0xE50A, 0xC570, 0xC570,
  0xE696, 0xE696, 0xD5F3, 0xD5F3, 0xD5F3, 0xD5F3, 0xE696, 0xE696, 0xD5F3, 0xD5F3, 0xAE56, 0xAE56,
  0x8593, 0x8593, 0x8593, 0x8593, 0x6CB0, 0x6CB0, 0x6CB0, 0x6CB0, 0x6CB0, 0x6CB0, 0x72E8, 0x72E8,
  0xA326, 0xA326, 0xA326, 0xA326, 0xA326, 0xA326, 0x72E8, 0x72E8, 0x72E8, 0x72E8, 0x5A88, 0x5A88,
  0x7225, 0x7225, 0xA326, 0xA326, 0xA326, 0xA326, 0xA326, 0xA326, 0x7225, 0x7225, 0x7225, 0x7225,
  0x5A88, 0x5A88, 0x5BEA, 0x5BEA, 0x5BEA, 0x5BEA, 0x5BEA, 0x5BEA, 0x5BEA, 0x5BEA, 0x5BEA, 0x5BEA,
  0x5BEA, 0x5BEA, 0x5BEA, 0x5BEA, 0x5A88, 0x5A88, 0x7225, 0x7225, 0x7225, 0x7225, 0x7225, 0x7225,
  0x7225, 0x7225, 0x51A3, 0x51A3, 0x51A3, 0x51A3, 0x7225, 0x7225, 0x7225, 0x7225, 0x7225, 0x7225,
  0x72E8, 0x72E8, 0xA326, 0xA326, 0xA326, 0xA326, 0xA326, 0xA326, 0x72E8, 0x72E8, 0x72E8, 0x72E8,
  0xA326, 0xA326, 0xA326, 0xA326, 0xA326, 0xA326, 0xA326, 0xA326, 0xA326, 0xA326, 0xA326, 0xA326,
  0xE696, 0xE696, 0xE696, 0xE696, 0xD5F3, 0xD5F3, 0xD5F3, 0xD5F3, 0xD5F3, 0xD5F3, 0xE696, 0xE696,
  0xD5F3, 0xD5F3, 0xD5F3, 0xD5F3, 0xD5F3, 0xD5F3, 0xD5F3, 0xD5F3, 0xD5F3, 0xD5F3, 0xE696, 0xE696,
  0xD5F3, 0xD5F3, 0xC570, 0xC570, 0xC570, 0xC570, 0xD5F3, 0xD5F3, 0xE696, 0xE696, 0xE696, 0xE696,
  0xE696, 0xE696, 0xD5F3, 0xD5F3, 0xE50A, 0xE50A, 0xC570, 0xC570, 0xE696, 0xE696, 0xE696, 0xE696,
  0xE696, 0xE696, 0xD5F3, 0xD5F3, 0xC570, 0xC570, 0xE50A, 0xE50A, 0xD5F3, 0xD5F3, 0xE696, 0xE696,
  0xE696, 0xE696, 0xD5F3, 0xD5F3, 0xE696, 0xE696, 0xD5F3, 0xD5F3, 0xD5F3, 0xD5F3, 0xD5F3, 0xD5F3,
  0xD5F3, 0xD5F3, 0xD5F3, 0xD5F3, 0xD5F3, 0xD5F3, 0xD5F3, 0xD5F3, 0xD5F3, 0xD5F3, 0xD5F3, 0xD5F3,
  0xE696, 0xE696, 0xD5F3, 0xD5F3, 0xE50A, 0xE50A, 0xC570, 0xC570, 0xD5F3, 0xD5F3, 0xE696, 0xE696,
  0xE696, 0xE696, 0xE696, 0xE696, 0xC570, 0xC570, 0xE50A, 0xE50A, 0xC570, 0xC570, 0xE696, 0xE696,
  0xE696, 0xE696, 0xE696, 0xE696, 0xD5F3, 0xD5F3, 0xE50A, 0xE50A, 0xE50A, 0xE50A, 0xD5F3, 0xD5F3,
  0xE696, 0xE696, 0xE696, 0xE696, 0xD5F3, 0xD5F3, 0xD5F3, 0xD5F3, 0xE50A, 0xE50A, 0xC570, 0xC570,
  0xE696, 0xE696, 0xD5F3, 0xD5F3, 0xD5F3, 0xD5F3, 0xE696, 0xE696, 0xD5F3, 0xD5F3, 0xAE56, 0xAE56,
  0x8593, 0x8593, 0x8593, 0x8593, 0x6CB0, 0x6CB0, 0x6CB0, 0x6CB0, 0x6CB0, 0x6CB0, 0x72E8, 0x72E8,
  0xA326, 0xA326, 0xA326, 0xA326, 0xA326, 0xA326, 0x72E8, 0x72E8, 0x72E8, 0x72E8, 0x5A88, 0x5A88,
  0x7225, 0x7225, 0xA326, 0xA326, 0xA326, 0xA326, 0xA326, 0xA326, 0x7225, 0x7225, 0x7225, 0x7225,
  0x5A88, 0x5A88, 0x5BEA, 0x5BEA, 0x5BEA, 0x5BEA, 0x5BEA, 0x5BEA, 0x5BEA, 0x5BEA, 0x5BEA, 0x5BEA,
  0x5BEA, 0x5BEA, 0x5BEA, 0x5BEA, 0x5A88, 0x5A88, 0x7225, 0x7225, 0x7225, 0x7225, 0x7225, 0x7225,
  0x7225, 0x7225, 0x51A3, 0x51A3, 0x51A3, 0x51A3, 0x7225, 0x7225, 0x7225, 0x7225, 0x7225, 0x7225,
  0x72E8, 0x72E8, 0xA326, 0xA326, 0xA326, 0xA326, 0xA326, 0xA326, 0x72E8, 0x72E8, 0x72E8, 0x72E8,
  0xA326, 0xA326, 0xA326, 0xA326, 0xA326, 0xA326, 0xA326, 0xA326, 0xA326, 0xA326, 0xA326, 0xA326,
  0xE696, 0xE696, 0xE696, 0xE696, 0xD5F3, 0xD5F3, 0xE50A, 0xE50A, 0xC570, 0xC570, 0xD5F3, 0xD5F3,
  0xE696, 0xE696, 0xE696, 0xE696, 0xE696, 0xE696, 0xC570, 0xC570, 0xE50A, 0xE50A, 0xD5F3, 0xD5F3,
  0xE696, 0xE696, 0xE696, 0xE696, 0xE696, 0xE696, 0xE696, 0xE696, 0xC570, 0xC570, 0xC570, 0xC570,
  0xD5F3, 0xD5F3, 0xE696, 0xE696, 0xD5F3, 0xD5F3, 0xD5F3, 0xD5F3, 0xD5F3, 0xD5F3, 0xD5F3, 0xD5F3,
  0xD5F3, 0xD5F3, 0xD5F3, 0xD5F3, 0xD5F3, 0xD5F3, 0xC570, 0xC570, 0xD5F3, 0xD5F3, 0xE696, 0xE696,
  0xD5F3, 0xD5F3, 0xE696, 0xE696, 0xE696, 0xE696, 0xD5F3, 0xD5F3, 0xE50A, 0xE50A, 0xC570, 0xC570,
  0xD5F3, 0xD5F3, 0xE696, 0xE696, 0xE696, 0xE696, 0xE696, 0xE696, 0xC570, 0xC570, 0xE50A, 0xE50A,
  0xD5F3, 0xD5F3, 0xE696, 0xE696, 0xE696, 0xE696, 0xE696, 0xE696, 0xD5F3, 0xD5F3, 0xC570, 0xC570,
  0xC570, 0xC570, 0xD5F3, 0xD5F3, 0xE696, 0xE696, 0xD5F3, 0xD5F3, 0xD5F3, 0xD5F3, 0xD5F3, 0xD5F3,
  0xD5F3, 0xD5F3, 0xD5F3, 0xD5F3, 0xE696, 0xE696, 0xD5F3, 0xD5F3, 0xC570, 0xC570, 0xD5F3, 0xD5F3,
  0xD5F3, 0xD5F3, 0xD5F3, 0xD5F3, 0xE696, 0xE696, 0xD5F3, 0xD5F3, 0xD5F3, 0xD5F3, 0xC570, 0xC570,
  0xD5F3, 0xD5F3, 0xD5F3, 0xD5F3, 0xE696, 0xE696, 0xE696, 0xE696, 0xE696, 0xE696, 0xD5F3, 0xD5F3,
  0xD5F3, 0xD5F3, 0xAE56, 0xAE56, 0x8593, 0x8593, 0x8593, 0x8593, 0x8593, 0x8593, 0x8593, 0x8593,
  0x72E8, 0x72E8, 0x72E8, 0x72E8, 0x72E8, 0x72E8, 0xA326, 0xA326, 0xA326, 0xA326, 0xA326, 0xA326,
  0xA326, 0xA326, 0xA326, 0xA326, 0xA326, 0xA326, 0xA326, 0xA326, 0xA326, 0xA326, 0xA326, 0xA326,
  0x7225, 0x7225, 0x7225, 0x7225, 0x5A88, 0x5A88, 0x5BEA, 0x5BEA, 0x6CB0, 0x6CB0, 0x6CB0, 0x6CB0,
  0x5BEA, 0x5BEA, 0x5BEA, 0x5BEA, 0x5A88, 0x5A88, 0x7225, 0x7225, 0x7225, 0x7225, 0x7225, 0x7225,
  0x7225, 0x7225, 0x51A3, 0x51A3, 0x7225, 0x7225, 0x7225, 0x7225, 0x7225, 0x7225, 0xA326, 0xA326,
  0xA326, 0xA326, 0xA326, 0xA326, 0x72E8, 0x72E8, 0x72E8, 0x72E8, 0xA326, 0xA326, 0xA326, 0xA326,
  0xA326, 0xA326, 0xA326, 0xA326, 0xA326, 0xA326, 0xA326, 0xA326, 0x72E8, 0x72E8, 0xA326, 0xA326,
  0xE696, 0xE696, 0xE696, 0xE696, 0xD5F3, 0xD5F3, 0xE50A, 0xE50A, 0xC570, 0xC570, 0xD5F3, 0xD5F3,
  0xE696, 0xE696, 0xE696, 0xE696, 0xE696, 0xE696, 0xC570, 0xC570, 0xE50A, 0xE50A, 0xD5F3, 0xD5F3,
  0xE696, 0xE696, 0xE696, 0xE696, 0xE696, 0xE696, 0xE696, 0xE696, 0xC570, 0xC570, 0xC570, 0xC570,
  0xD5F3, 0xD5F3, 0xE696, 0xE696, 0xD5F3, 0xD5F3, 0xD5F3, 0xD5F3, 0xD5F3, 0xD5F3, 0xD5F3, 0xD5F3,
  0xD5F3, 0xD5F3, 0xD5F3, 0xD5F3, 0xD5F3, 0xD5F3, 0xC570, 0xC570, 0xD5F3, 0xD5F3, 0xE696, 0xE696,
  0xD5F3, 0xD5F3, 0xE696, 0xE696, 0xE696, 0xE696, 0xD5F3, 0xD5F3, 0xE50A, 0xE50A, 0xC570, 0xC570,
  0xD5F3, 0xD5F3, 0xE696, 0xE696, 0xE696, 0xE696, 0xE696, 0xE696, 0xC570, 0xC570, 0xE50A, 0xE50A,
  0xD5F3, 0xD5F3, 0xE696, 0xE696, 0xE696, 0xE696, 0xE696, 0xE696, 0xD5F3, 0xD5F3, 0xC570, 0xC570,
  0xC570, 0xC570, 0xD5F3, 0xD5F3, 0xE696, 0xE696, 0xD5F3, 0xD5F3, 0xD5F3, 0xD5F3, 0xD5F3, 0xD5F3,
  0xD5F3, 0xD5F3, 0xD5F3, 0xD5F3, 0xE696, 0xE696, 0xD5F3, 0xD5F3, 0xC570, 0xC570, 0xD5F3, 0xD5F3,
  0xD5F3, 0xD5F3, 0xD5F3, 0xD5F3, 0xE696, 0xE696, 0xD5F3, 0xD5F3, 0xD5F3, 0xD5F3, 0xC570, 0xC570,
  0xD5F3, 0xD5F3, 0xD5F3, 0xD5F3, 0xE696, 0xE696, 0xE696, 0xE696, 0xE696, 0xE696, 0xD5F3, 0xD5F3,
  0xD5F3, 0xD5F3, 0xAE56, 0xAE56, 0x8593, 0x8593, 0x8593, 0x8593, 0x8593, 0x8593, 0x8593, 0x8593,
  0x72E8, 0x72E8, 0x72E8, 0x72E8, 0x72E8, 0x72E8, 0xA326, 0xA326, 0xA326, 0xA326, 0xA326, 0xA326,
  0xA326, 0xA326, 0xA326, 0xA326, 0xA326, 0xA326, 0xA326, 0xA326, 0xA326, 0xA326, 0xA326, 0xA326,
  0x7225, 0x7225, 0x7225, 0x7225, 0x5A88, 0x5A88, 0x5BEA, 0x5BEA, 0x6CB0, 0x6CB0, 0x6CB0, 0x6CB0,
  0x5BEA, 0x5BEA, 0x5BEA, 0x5BEA, 0x5A88, 0x5A88, 0x7225, 0x7225, 0x7225, 0x7225, 0x7225, 0x7225,
  0x7225, 0x7225, 0x51A3, 0x51A3, 0x7225, 0x7225, 0x7225, 0x7225, 0x7225, 0x7225, 0xA326, 0xA326,
  0xA326, 0xA326, 0xA326, 0xA326, 0x72E8, 0x72E8, 0x72E8, 0x72E8, 0xA326, 0xA326, 0xA326, 0xA326,
  0xA326, 0xA326, 0xA326, 0xA326, 0xA326, 0xA326, 0xA326, 0xA326, 0x72E8, 0x72E8, 0xA326, 0xA326,
  0xE50A, 0xE50A, 0xD5F3, 0xD5F3, 0xE696, 0xE696, 0xD5F3, 0xD5F3, 0xD5F3, 0xD5F3, 0xD5F3, 0xD5F3,
  0xD5F3, 0xD5F3, 0xD5F3, 0xD5F3, 0xD5F3, 0xD5F3, 0xD5F3, 0xD5F3, 0xD5F3, 0xD5F3, 0xD5F3, 0xD5F3,
  0xD5F3, 0xD5F3, 0xD5F3, 0xD5F3, 0xE696, 0xE696, 0xE696, 0xE696, 0xD5F3, 0xD5F3, 0xC570, 0xC570,
  0xC570, 0xC570, 0xD5F3, 0xD5F3, 0xE696, 0xE696, 0xE696, 0xE696, 0xE696, 0xE696, 0xC570, 0xC570,
  0xE50A, 0xE50A, 0xD5F3, 0xD5F3, 0xE696, 0xE696, 0xE696, 0xE696, 0xE696, 0xE696, 0xD5F3, 0xD5F3,
  0xC570, 0xC570, 0xE50A, 0xE50A, 0xD5F3, 0xD5F3, 0xE696, 0xE696, 0xE696, 0xE696, 0xD5F3, 0xD5F3,
  0xD5F3, 0xD5F3, 0xD5F3, 0xD5F3, 0xD5F3, 0xD5F3, 0xE696, 0xE696, 0xD5F3, 0xD5F3, 0xD5F3, 0xD5F3,
  0xD5F3, 0xD5F3, 0xD5F3, 0xD5F3, 0xD5F3, 0xD5F3, 0xD5F3, 0xD5F3, 0xE696, 0xE696, 0xD5F3, 0xD5F3,
  0xE50A, 0xE50A, 0xC570, 0xC570, 0xD5F3, 0xD5F3, 0xE696, 0xE696, 0xE696, 0xE696, 0xD5F3, 0xD5F3,
  0xC570, 0xC570, 0xE50A, 0xE50A, 0xD5F3, 0xD5F3, 0xE696, 0xE696, 0xE696, 0xE696, 0xE696, 0xE696,
  0xD5F3, 0xD5F3, 0xE50A, 0xE50A, 0xE50A, 0xE50A, 0xD5F3, 0xD5F3, 0xE696, 0xE696, 0xE696, 0xE696,
  0xD5F3, 0xD5F3, 0xD5F3, 0xD5F3, 0xE50A, 0xE50A, 0xD5F3, 0xD5F3, 0xE696, 0xE696, 0xD5F3, 0xD5F3,
  0xD5F3, 0xD5F3, 0xE696, 0xE696, 0xD5F3, 0xD5F3, 0xAE56, 0xAE56, 0x8593, 0x8593, 0x8593, 0x8593,
  0x6CB0, 0x6CB0, 0x8593, 0x8593, 0x6CB0, 0x6CB0, 0x9389, 0x9389, 0xA326, 0xA326, 0xA326, 0xA326,
  0xA326, 0xA326, 0xA326, 0xA326, 0xA326, 0xA326, 0xA326, 0xA326, 0xA326, 0xA326, 0xA326, 0xA326,
  0xA326, 0xA326, 0x72E8, 0x72E8, 0x7225, 0x7225, 0x7225, 0x7225, 0x5A88, 0x5A88, 0x5BEA, 0x5BEA,
  0x5BEA, 0x5BEA, 0x5BEA, 0x5BEA, 0x5A88, 0x5A88, 0x7225, 0x7225, 0x7225, 0x7225, 0x7225, 0x7225,
  0x51A3, 0x51A3, 0x7225, 0x7225, 0x72E8, 0x72E8, 0x72E8, 0x72E8, 0xA326, 0xA326, 0xA326, 0xA326,
  0xA326, 0xA326, 0x72E8, 0x72E8, 0x72E8, 0x72E8, 0xA326, 0xA326, 0xA326, 0xA326, 0xA326, 0xA326,
  0xA326, 0xA326, 0xA326, 0xA326, 0xA326, 0xA326, 0x72E8, 0x72E8, 0xA326, 0xA326, 0xA326, 0xA326,
  0xE50A, 0xE50A, 0xD5F3, 0xD5F3, 0xE696, 0xE696, 0xD5F3, 0xD5F3, 0xD5F3, 0xD5F3, 0xD5F3, 0xD5F3,
  0xD5F3, 0xD5F3, 0xD5F3, 0xD5F3, 0xD5F3, 0xD5F3, 0xD5F3, 0xD5F3, 0xD5F3, 0xD5F3, 0xD5F3, 0xD5F3,
  0xD5F3, 0xD5F3, 0xD5F3, 0xD5F3, 0xE696, 0xE696, 0xE696, 0xE696, 0xD5F3, 0xD5F3, 0xC570, 0xC570,
  0xC570, 0xC570, 0xD5F3, 0xD5F3, 0xE696, 0xE696, 0xE696, 0xE696, 0xE696, 0xE696, 0xC570, 0xC570,
  0xE50A, 0xE50A, 0xD5F3, 0xD5F3, 0xE696, 0xE696, 0xE696, 0xE696, 0xE696, 0xE696, 0xD5F3, 0xD5F3,
  0xC570, 0xC570, 0xE50A, 0xE50A, 0xD5F3, 0xD5F3, 0xE696, 0xE696, 0xE696, 0xE696, 0xD5F3, 0xD5F3,
  0xD5F3, 0xD5F3, 0xD5F3, 0xD5F3, 0xD5F3, 0xD5F3, 0xE696, 0xE696, 0xD5F3, 0xD5F3, 0xD5F3, 0xD5F3,
  0xD5F3, 0xD5F3, 0xD5F3, 0xD5F3, 0xD5F3, 0xD5F3, 0xD5F3, 0xD5F3, 0xE696, 0xE696, 0xD5F3, 0xD5F3,
  0xE50A, 0xE50A, 0xC570, 0xC570, 0xD5F3, 0xD5F3, 0xE696, 0xE696, 0xE696, 0xE696, 0xD5F3, 0xD5F3,
  0xC570, 0xC570, 0xE50A, 0xE50A, 0xD5F3, 0xD5F3, 0xE696, 0xE696, 0xE696, 0xE696, 0xE696, 0xE696,
  0xD5F3, 0xD5F3, 0xE50A, 0xE50A, 0xE50A, 0xE50A, 0xD5F3, 0xD5F3, 0xE696, 0xE696, 0xE696, 0xE696,
  0xD5F3, 0xD5F3, 0xD5F3, 0xD5F3, 0xE50A, 0xE50A, 0xD5F3, 0xD5F3, 0xE696, 0xE696, 0xD5F3, 0xD5F3,
  0xD5F3, 0xD5F3, 0xE696, 0xE696, 0xD5F3, 0xD5F3, 0xAE56, 0xAE56, 0x8593, 0x8593, 0x8593, 0x8593,
  0x6CB0, 0x6CB0, 0x8593, 0x8593, 0x6CB0, 0x6CB0, 0x9389, 0x9389, 0xA326, 0xA326, 0xA326, 0xA326,
  0xA326, 0xA326, 0xA326, 0xA326, 0xA326, 0xA326, 0xA326, 0xA326, 0xA326, 0xA326, 0xA326, 0xA326,
  0xA326, 0xA326, 0x72E8, 0x72E8, 0x7225, 0x7225, 0x7225, 0x7225, 0x5A88, 0x5A88, 0x5BEA, 0x5BEA,
  0x5BEA, 0x5BEA, 0x5BEA, 0x5BEA, 0x5A88, 0x5A88, 0x7225, 0x7225, 0x7225, 0x7225, 0x7225, 0x7225,
  0x51A3, 0x51A3, 0x7225, 0x7225, 0x72E8, 0x72E8, 0x72E8, 0x72E8, 0xA326, 0xA326, 0xA326, 0xA326,
  0xA326, 0xA326, 0x72E8, 0x72E8, 0x72E8, 0x72E8, 0xA326, 0xA326, 0xA326, 0xA326, 0xA326, 0xA326,
  0xA326, 0xA326, 0xA326, 0xA326, 0xA326, 0xA326, 0x72E8, 0x72E8, 0xA326, 0xA326, 0xA326, 0xA326,
  0xE50A, 0xE50A, 0xC570, 0xC570, 0xE696, 0xE696, 0xE696, 0xE696, 0xE696, 0xE696, 0xE696, 0xE696,
  0xC570, 0xC570, 0xE50A, 0xE50A, 0xD5F3, 0xD5F3, 0xE696, 0xE696, 0xE696, 0xE696, 0xE696, 0xE696,
  0xE696, 0xE696, 0xC570, 0xC570, 0xE50A, 0xE50A, 0xD5F3, 0xD5F3, 0xE696, 0xE696, 0xE696, 0xE696,
  0xE696, 0xE696, 0xD5F3, 0xD5F3, 0xC570, 0xC570, 0xC570, 0xC570, 0xE696, 0xE696, 0xE696, 0xE696,
  0xD5F3, 0xD5F3, 0xD5F3, 0xD5F3, 0xD5F3, 0xD5F3, 0xD5F3, 0xD5F3, 0xD5F3, 0xD5F3, 0xE696, 0xE696,
  0xD5F3, 0xD5F3, 0xE50A, 0xE50A, 0xD5F3, 0xD5F3, 0xD5F3, 0xD5F3, 0xE696, 0xE696, 0xE696, 0xE696,
  0xE696, 0xE696, 0xC570, 0xC570, 0xE50A, 0xE50A, 0xD5F3, 0xD5F3, 0xD5F3, 0xD5F3, 0xE696, 0xE696,
  0xE696, 0xE696, 0xD5F3, 0xD5F3, 0xE50A, 0xE50A, 0xE50A, 0xE50A, 0xD5F3, 0xD5F3, 0xE696, 0xE696,
  0xE696, 0xE696, 0xD5F3, 0xD5F3, 0xD5F3, 0xD5F3, 0xD5F3, 0xD5F3, 0xD5F3, 0xD5F3, 0xD5F3, 0xD5F3,
  0xD5F3, 0xD5F3, 0xD5F3, 0xD5F3, 0xD5F3, 0xD5F3, 0xD5F3, 0xD5F3, 0xD5F3, 0xD5F3, 0xD5F3, 0xD5F3,
  0xE696, 0xE696, 0xD5F3, 0xD5F3, 0xC570, 0xC570, 0xD5F3, 0xD5F3, 0xD5F3, 0xD5F3, 0xD5F3, 0xD5F3,
  0xE696, 0xE696, 0xD5F3, 0xD5F3, 0xC570, 0xC570, 0xD5F3, 0xD5F3, 0xE696, 0xE696, 0xE696, 0xE696,
  0xE696, 0xE696, 0xE696, 0xE696, 0xD5F3, 0xD5F3, 0xE696, 0xE696, 0xD5F3, 0xD5F3, 0xAE56, 0xAE56,
  0x8593, 0x8593, 0x8593, 0x8593, 0xAE56, 0xAE56, 0x6CB0, 0x6CB0, 0x72E8, 0x72E8, 0x9389, 0x9389,
  0xA326, 0xA326, 0xA326, 0xA326, 0xA326, 0xA326, 0xA326, 0xA326, 0xA326, 0xA326, 0xA326, 0xA326,
  0x72E8, 0x72E8, 0xA326, 0xA326, 0xA326, 0xA326, 0xA326, 0xA326, 0x7225, 0x7225, 0x7225, 0x7225,
  0x5A88, 0x5A88, 0x5BEA, 0x5BEA, 0x5A88, 0x5A88, 0x7225, 0x7225, 0x51A3, 0x51A3, 0x51A3, 0x51A3,
  0x72E8, 0x72E8, 0xA326, 0xA326, 0xA326, 0xA326, 0xA326, 0xA326, 0xA326, 0xA326, 0x72E8, 0x72E8,
  0x72E8, 0x72E8, 0xA326, 0xA326, 0xA326, 0xA326, 0xA326, 0xA326, 0xA326, 0xA326, 0xA326, 0xA326,
  0xA326, 0xA326, 0x72E8, 0x72E8, 0xA326, 0xA326, 0xA326, 0xA326, 0x72E8, 0x72E8, 0x72E8, 0x72E8,
  0xE50A, 0xE50A, 0xC570, 0xC570, 0xE696, 0xE696, 0xE696, 0xE696, 0xE696, 0xE696, 0xE696, 0xE696,
  0xC570, 0xC570, 0xE50A, 0xE50A, 0xD5F3, 0xD5F3, 0xE696, 0xE696, 0xE696, 0xE696, 0xE696, 0xE696,
  0xE696, 0xE696, 0xC570, 0xC570, 0xE50A, 0xE50A, 0xD5F3, 0xD5F3, 0xE696, 0xE696, 0xE696, 0xE696,
  0xE696, 0xE696, 0xD5F3, 0xD5F3, 0xC570, 0xC570, 0xC570, 0xC570, 0xE696, 0xE696, 0xE696, 0xE696,
  0xD5F3, 0xD5F3, 0xD5F3, 0xD5F3, 0xD5F3, 0xD5F3, 0xD5F3, 0xD5F3, 0xD5F3, 0xD5F3, 0xE696, 0xE696,
  0xD5F3, 0xD5F3, 0xE50A, 0xE50A, 0xD5F3, 0xD5F3, 0xD5F3, 0xD5F3, 0xE696, 0xE696, 0xE696, 0xE696,
  0xE696, 0xE696, 0xC570, 0xC570, 0xE50A, 0xE50A, 0xD5F3, 0xD5F3, 0xD5F3, 0xD5F3, 0xE696, 0xE696,
  0xE696, 0xE696, 0xD5F3, 0xD5F3, 0xE50A, 0xE50A, 0xE50A, 0xE50A, 0xD5F3, 0xD5F3, 0xE696, 0xE696,
  0xE696, 0xE696, 0xD5F3, 0xD5F3, 0xD5F3, 0xD5F3, 0xD5F3, 0xD5F3, 0xD5F3, 0xD5F3, 0xD5F3, 0xD5F3,
  0xD5F3, 0xD5F3, 0xD5F3, 0xD5F3, 0xD5F3, 0xD5F3, 0xD5F3, 0xD5F3, 0xD5F3, 0xD5F3, 0xD5F3, 0xD5F3,
  0xE696, 0xE696, 0xD5F3, 0xD5F3, 0xC570, 0xC570, 0xD5F3, 0xD5F3, 0xD5F3, 0xD5F3, 0xD5F3, 0xD5F3,
  0xE696, 0xE696, 0xD5F3, 0xD5F3, 0xC570, 0xC570, 0xD5F3, 0xD5F3, 0xE696, 0xE696, 0xE696, 0xE696,
  0xE696, 0xE696, 0xE696, 0xE696, 0xD5F3, 0xD5F3, 0xE696, 0xE696, 0xD5F3, 0xD5F3, 0xAE56, 0xAE56,
  0x8593, 0x8593, 0x8593, 0x8593, 0xAE56, 0xAE56, 0x6CB0, 0x6CB0, 0x72E8, 0x72E8, 0x9389, 0x9389,
  0xA326, 0xA326, 0xA326, 0xA326, 0xA326, 0xA326, 0xA326, 0xA326, 0xA326, 0xA326, 0xA326, 0xA326,
  0x72E8, 0x72E8, 0xA326, 0xA326, 0xA326, 0xA326, 0xA326, 0xA326, 0x7225, 0x7225, 0x7225, 0x7225,
  0x5A88, 0x5A88, 0x5BEA, 0x5BEA, 0x5A88, 0x5A88, 0x7225, 0x7225, 0x51A3, 0x51A3, 0x51A3, 0x51A3,
  0x72E8, 0x72E8, 0xA326, 0xA326, 0xA326, 0xA326, 0xA326, 0xA326, 0xA326, 0xA326, 0x72E8, 0x72E8,
  0x72E8, 0x72E8, 0xA326, 0xA326, 0xA326, 0xA326, 0xA326, 0xA326, 0xA326, 0xA326, 0xA326, 0xA326,
  0xA326, 0xA326, 0x72E8, 0x72E8, 0xA326, 0xA326, 0xA326, 0xA326, 0x72E8, 0x72E8, 0x72E8, 0x72E8,
  0xE696, 0xE696, 0xE696, 0xE696, 0xD5F3, 0xD5F3, 0xC570, 0xC570, 0xC570, 0xC570, 0xD5F3, 0xD5F3,
  0xD5F3, 0xD5F3, 0xD5F3, 0xD5F3, 0xD5F3, 0xD5F3, 0xD5F3, 0xD5F3, 0xD5F3, 0xD5F3, 0xD5F3, 0xD5F3,
  0xE696, 0xE696, 0xD5F3, 0xD5F3, 0xC570, 0xC570, 0xD5F3, 0xD5F3, 0xD5F3, 0xD5F3, 0xD5F3, 0xD5F3,
  0xE696, 0xE696, 0xE696, 0xE696, 0xC570, 0xC570, 0xE50A, 0xE50A, 0xD5F3, 0xD5F3, 0xE696, 0xE696,
  0xE696, 0xE696, 0xE696, 0xE696, 0xD5F3, 0xD5F3, 0xE50A, 0xE50A, 0xE50A, 0xE50A, 0xD5F3, 0xD5F3,
  0xE696, 0xE696, 0xE696, 0xE696, 0xE696, 0xE696, 0xD5F3, 0xD5F3, 0xC570, 0xC570, 0xC570, 0xC570,
  0xD5F3, 0xD5F3, 0xE696, 0xE696, 0xD5F3, 0xD5F3, 0xD5F3, 0xD5F3, 0xD5F3, 0xD5F3, 0xD5F3, 0xD5F3,
  0xD5F3, 0xD5F3, 0xD5F3, 0xD5F3, 0xD5F3, 0xD5F3, 0xC570, 0xC570, 0xD5F3, 0xD5F3, 0xE696, 0xE696,
  0xE696, 0xE696, 0xE696, 0xE696, 0xE696, 0xE696, 0xC570, 0xC570, 0xE50A, 0xE50A, 0xD5F3, 0xD5F3,
  0xD5F3, 0xD5F3, 0xE696, 0xE696, 0xE696, 0xE696, 0xD5F3, 0xD5F3, 0xE50A, 0xE50A, 0xC570, 0xC570,
  0xD5F3, 0xD5F3, 0xE696, 0xE696, 0xE696, 0xE696, 0xD5F3, 0xD5F3, 0xD5F3, 0xD5F3, 0xE50A, 0xE50A,
  0xC570, 0xC570, 0xE696, 0xE696, 0xE696, 0xE696, 0xE696, 0xE696, 0xD5F3, 0xD5F3, 0xC570, 0xC570,
  0xE50A, 0xE50A, 0xD5F3, 0xD5F3, 0xD5F3, 0xD5F3, 0xD5F3, 0xD5F3, 0xD5F3, 0xD5F3, 0xD5F3, 0xD5F3,
  0xD5F3, 0xD5F3, 0xAE56, 0xAE56, 0x8593, 0x8593, 0x8593, 0x8593, 0x8593, 0x8593, 0x8593, 0x8593,
  0x6CB0, 0x6CB0, 0x9389, 0x9389, 0xA326, 0xA326, 0xA326, 0xA326, 0xA326, 0xA326, 0x72E8, 0x72E8,
  0xA326, 0xA326, 0xA326, 0xA326, 0xA326, 0xA326, 0xA326, 0xA326, 0xA326, 0xA326, 0xA326, 0xA326,
  0x72E8, 0x72E8, 0x7225, 0x7225, 0x51A3, 0x51A3, 0x7225, 0x7225, 0x7225, 0x7225, 0xA326, 0xA326,
  0xA326, 0xA326, 0xA326, 0xA326, 0xA326, 0xA326, 0xA326, 0xA326, 0x7225, 0x7225, 0x72E8, 0x72E8,
  0xA326, 0xA326, 0xA326, 0xA326, 0x72E8, 0x72E8, 0xA326, 0xA326, 0xA326, 0xA326, 0xA326, 0xA326,
  0xA326, 0xA326, 0xA326, 0xA326, 0xA326, 0xA326, 0x72E8, 0x72E8, 0xA326, 0xA326, 0xA326, 0xA326,
  0xE696, 0xE696, 0xE696, 0xE696, 0xD5F3, 0xD5F3, 0xC570, 0xC570, 0xC570, 0xC570, 0xD5F3, 0xD5F3,
  0xD5F3, 0xD5F3, 0xD5F3, 0xD5F3, 0xD5F3, 0xD5F3, 0xD5F3, 0xD5F3, 0xD5F3, 0xD5F3, 0xD5F3, 0xD5F3,
  0xE696, 0xE696, 0xD5F3, 0xD5F3, 0xC570, 0xC570, 0xD5F3, 0xD5F3, 0xD5F3, 0xD5F3, 0xD5F3, 0xD5F3,
  0xE696, 0xE696, 0xE696, 0xE696, 0xC570, 0xC570, 0xE50A, 0xE50A, 0xD5F3, 0xD5F3, 0xE696, 0xE696,
  0xE696, 0xE696, 0xE696, 0xE696, 0xD5F3, 0xD5F3, 0xE50A, 0xE50A, 0xE50A, 0xE50A, 0xD5F3, 0xD5F3,
  0xE696, 0xE696, 0xE696, 0xE696, 0xE696, 0xE696, 0xD5F3, 0xD5F3, 0xC570, 0xC570, 0xC570, 0xC570,
  0xD5F3, 0xD5F3, 0xE696, 0xE696, 0xD5F3, 0xD5F3, 0xD5F3, 0xD5F3, 0xD5F3, 0xD5F3, 0xD5F3, 0xD5F3,
  0xD5F3, 0xD5F3, 0xD5F3, 0xD5F3, 0xD5F3, 0xD5F3, 0xC570, 0xC570, 0xD5F3, 0xD5F3, 0xE696, 0xE696,
  0xE696, 0xE696, 0xE696, 0xE696, 0xE696, 0xE696, 0xC570, 0xC570, 0xE50A, 0xE50A, 0xD5F3, 0xD5F3,
  0xD5F3, 0xD5F3, 0xE696, 0xE696, 0xE696, 0xE696, 0xD5F3, 0xD5F3, 0xE50A, 0xE50A, 0xC570, 0xC570,
  0xD5F3, 0xD5F3, 0xE696, 0xE696, 0xE696, 0xE696, 0xD5F3, 0xD5F3, 0xD5F3, 0xD5F3, 0xE50A, 0xE50A,
  0xC570, 0xC570, 0xE696, 0xE696, 0xE696, 0xE696, 0xE696, 0xE696, 0xD5F3, 0xD5F3, 0xC570, 0xC570,
  0xE50A, 0xE50A, 0xD5F3, 0xD5F3, 0xD5F3, 0xD5F3, 0xD5F3, 0xD5F3, 0xD5F3, 0xD5F3, 0xD5F3, 0xD5F3,
  0xD5F3, 0xD5F3, 0xAE56, 0xAE56, 0x8593, 0x8593, 0x8593, 0x8593, 0x8593, 0x8593, 0x8593, 0x8593,
  0x6CB0, 0x6CB0, 0x9389, 0x9389, 0xA326, 0xA326, 0xA326, 0xA326, 0xA326, 0xA326, 0x72E8, 0x72E8,
  0xA326, 0xA326, 0xA326, 0xA326, 0xA326, 0xA326, 0xA326, 0xA326, 0xA326, 0xA326, 0xA326, 0xA326,
  0x72E8, 0x72E8, 0x7225, 0x7225, 0x51A3, 0x51A3, 0x7225, 0x7225, 0x7225, 0x7225, 0xA326, 0xA326,
  0xA326, 0xA326, 0xA326, 0xA326, 0xA326, 0xA326, 0xA326, 0xA326, 0x7225, 0x7225, 0x72E8, 0x72E8,
  0xA326, 0xA326, 0xA326, 0xA326, 0x72E8, 0x72E8, 0xA326, 0xA326, 0xA326, 0xA326, 0xA326, 0xA326,
  0xA326, 0xA326, 0xA326, 0xA326, 0xA326, 0xA326, 0x72E8, 0x72E8, 0xA326, 0xA326, 0xA326, 0xA326,
  0xD5F3, 0xD5F3, 0xE696, 0xE696, 0xE696, 0xE696, 0xC570, 0xC570, 0xE50A, 0xE50A, 0xD5F3, 0xD5F3,
  0xE696, 0xE696, 0xE696, 0xE696, 0xE696, 0xE696, 0xD5F3, 0xD5F3, 0xE50A, 0xE50A, 0xE50A, 0xE50A,
  0xD5F3, 0xD5F3, 0xD5F3, 0xD5F3, 0xE696, 0xE696, 0xE696, 0xE696, 0xD5F3, 0xD5F3, 0xE50A, 0xE50A,
  0xC570, 0xC570, 0xD5F3, 0xD5F3, 0xE696, 0xE696, 0xE696, 0xE696, 0xD5F3, 0xD5F3, 0xD5F3, 0xD5F3,
  0xD5F3, 0xD5F3, 0xD5F3, 0xD5F3, 0xE696, 0xE696, 0xD5F3, 0xD5F3, 0xC570, 0xC570, 0xD5F3, 0xD5F3,
  0xD5F3, 0xD5F3, 0xD5F3, 0xD5F3, 0xE696, 0xE696, 0xE696, 0xE696, 0xC570, 0xC570, 0xE50A, 0xE50A,
  0xD5F3, 0xD5F3, 0xE696, 0xE696, 0xE696, 0xE696, 0xE696, 0xE696, 0xD5F3, 0xD5F3, 0xE50A, 0xE50A,
  0xE50A, 0xE50A, 0xD5F3, 0xD5F3, 0xE696, 0xE696, 0xE696, 0xE696, 0xD5F3, 0xD5F3, 0xD5F3, 0xD5F3,
  0xC570, 0xC570, 0xC570, 0xC570, 0xD5F3, 0xD5F3, 0xE696, 0xE696, 0xD5F3, 0xD5F3, 0xD5F3, 0xD5F3,
  0xD5F3, 0xD5F3, 0xC570, 0xC570, 0xD5F3, 0xD5F3, 0xE696, 0xE696, 0xD5F3, 0xD5F3, 0xD5F3, 0xD5F3,
  0xD5F3, 0xD5F3, 0xD5F3, 0xD5F3, 0xD5F3, 0xD5F3, 0xE696, 0xE696, 0xD5F3, 0xD5F3, 0xD5F3, 0xD5F3,
  0xD5F3, 0xD5F3, 0xD5F3, 0xD5F3, 0xD5F3, 0xD5F3, 0xD5F3, 0xD5F3, 0xE696, 0xE696, 0xD5F3, 0xD5F3,
  0xC570, 0xC570, 0xD5F3, 0xD5F3, 0xD5F3, 0xD5F3, 0xE696, 0xE696, 0xE696, 0xE696, 0xE696, 0xE696,
  0xE696, 0xE696, 0xE696, 0xE696, 0xD5F3, 0xD5F3, 0xAE56, 0xAE56, 0x8593, 0x8593, 0x8593, 0x8593,
  0x8593, 0x8593, 0x5BEA, 0x5BEA, 0x5BEA, 0x5BEA, 0x72E8, 0x72E8, 0x72E8, 0x72E8, 0xA326, 0xA326,
  0xA326, 0xA326, 0xA326, 0xA326, 0xA326, 0xA326, 0xA326, 0xA326, 0xA326, 0xA326, 0xA326, 0xA326,
  0xA326, 0xA326, 0xA326, 0xA326, 0xA326, 0xA326, 0xA326, 0xA326, 0xA326, 0xA326, 0xA326, 0xA326,
  0xA326, 0xA326, 0xA326, 0xA326, 0x72E8, 0x72E8, 0x72E8, 0x72E8, 0xA326, 0xA326, 0xA326, 0xA326,
  0x72E8, 0x72E8, 0xA326, 0xA326, 0xA326, 0xA326, 0xA326, 0xA326, 0xA326, 0xA326, 0xA326, 0xA326,
  0xA326, 0xA326, 0x72E8, 0x72E8, 0xA326, 0xA326, 0xA326, 0xA326, 0xA326, 0xA326, 0xA326, 0xA326,
  0xD5F3, 0xD5F3, 0xE696, 0xE696, 0xE696, 0xE696, 0xC570, 0xC570, 0xE50A, 0xE50A, 0xD5F3, 0xD5F3,
  0xE696, 0xE696, 0xE696, 0xE696, 0xE696, 0xE696, 0xD5F3, 0xD5F3, 0xE50A, 0xE50A, 0xE50A, 0xE50A,
  0xD5F3, 0xD5F3, 0xD5F3, 0xD5F3, 0xE696, 0xE696, 0xE696, 0xE696, 0xD5F3, 0xD5F3, 0xE50A, 0xE50A,
  0xC570, 0xC570, 0xD5F3, 0xD5F3, 0xE696, 0xE696, 0xE696, 0xE696, 0xD5F3, 0xD5F3, 0xD5F3, 0xD5F3,
  0xD5F3, 0xD5F3, 0xD5F3, 0xD5F3, 0xE696, 0xE696, 0xD5F3, 0xD5F3, 0xC570, 0xC570, 0xD5F3, 0xD5F3,
  0xD5F3, 0xD5F3, 0xD5F3, 0xD5F3, 0xE696, 0xE696, 0xE696, 0xE696, 0xC570, 0xC570, 0xE50A, 0xE50A,
  0xD5F3, 0xD5F3, 0xE696, 0xE696, 0xE696, 0xE696, 0xE696, 0xE696, 0xD5F3, 0xD5F3, 0xE50A, 0xE50A,
  0xE50A, 0xE50A, 0xD5F3, 0xD5F3, 0xE696, 0xE696, 0xE696, 0xE696, 0xD5F3, 0xD5F3, 0xD5F3, 0xD5F3,
  0xC570, 0xC570, 0xC570, 0xC570, 0xD5F3, 0xD5F3, 0xE696, 0xE696, 0xD5F3, 0xD5F3, 0xD5F3, 0xD5F3,
  0xD5F3, 0xD5F3, 0xC570, 0xC570, 0xD5F3, 0xD5F3, 0xE696, 0xE696, 0xD5F3, 0xD5F3, 0xD5F3, 0xD5F3,
  0xD5F3, 0xD5F3, 0xD5F3, 0xD5F3, 0xD5F3, 0xD5F3, 0xE696, 0xE696, 0xD5F3, 0xD5F3, 0xD5F3, 0xD5F3,
  0xD5F3, 0xD5F3, 0xD5F3, 0xD5F3, 0xD5F3, 0xD5F3, 0xD5F3, 0xD5F3, 0xE696, 0xE696, 0xD5F3, 0xD5F3,
  0xC570, 0xC570, 0xD5F3, 0xD5F3, 0xD5F3, 0xD5F3, 0xE696, 0xE696, 0xE696, 0xE696, 0xE696, 0xE696,
  0xE696, 0xE696, 0xE696, 0xE696, 0xD5F3, 0xD5F3, 0xAE56, 0xAE56, 0x8593, 0x8593, 0x8593, 0x8593,
  0x8593, 0x8593, 0x5BEA, 0x5BEA, 0x5BEA, 0x5BEA, 0x72E8, 0x72E8, 0x72E8, 0x72E8, 0xA326, 0xA326,
  0xA326, 0xA326, 0xA326, 0xA326, 0xA326, 0xA326, 0xA326, 0xA326, 0xA326, 0xA326, 0xA326, 0xA326,
  0xA326, 0xA326, 0xA326, 0xA326, 0xA326, 0xA326, 0xA326, 0xA326, 0xA326, 0xA326, 0xA326, 0xA326,
  0xA326, 0xA326, 0xA326, 0xA326, 0x72E8, 0x72E8, 0x72E8, 0x72E8, 0xA326, 0xA326, 0xA326, 0xA326,
  0x72E8, 0x72E8, 0xA326, 0xA326, 0xA326, 0xA326, 0xA326, 0xA326, 0xA326, 0xA326, 0xA326, 0xA326,
  0xA326, 0xA326, 0x72E8, 0x72E8, 0xA326, 0xA326, 0xA326, 0xA326, 0xA326, 0xA326, 0xA326, 0xA326,
  0xE50A, 0xE50A, 0xC570, 0xC570, 0xD5F3, 0xD5F3, 0xE696, 0xE696, 0xE696, 0xE696, 0xD5F3, 0xD5F3,
  0xD5F3, 0xD5F3, 0xC570, 0xC570, 0xD5F3, 0xD5F3, 0xE696, 0xE696, 0xD5F3, 0xD5F3, 0xD5F3, 0xD5F3,
  0xD5F3, 0xD5F3, 0xD5F3, 0xD5F3, 0xD5F3, 0xD5F3, 0xE696, 0xE696, 0xD5F3, 0xD5F3, 0xD5F3, 0xD5F3,
  0xC570, 0xC570, 0xD5F3, 0xD5F3, 0xE696, 0xE696, 0xE696, 0xE696, 0xE696, 0xE696, 0xD5F3, 0xD5F3,
  0xE50A, 0xE50A, 0xE50A, 0xE50A, 0xD5F3, 0xD5F3, 0xE696, 0xE696, 0xE696, 0xE696, 0xE696, 0xE696,
  0xD5F3, 0xD5F3, 0xE50A, 0xE50A, 0xE50A, 0xE50A, 0xD5F3, 0xD5F3, 0xE696, 0xE696, 0xE696, 0xE696,
  0xE696, 0xE696, 0xD5F3, 0xD5F3, 0xC570, 0xC570, 0xD5F3, 0xD5F3, 0xE696, 0xE696, 0xD5F3, 0xD5F3,
  0xD5F3, 0xD5F3, 0xD5F3, 0xD5F3, 0xD5F3, 0xD5F3, 0xD5F3, 0xD5F3, 0xE696, 0xE696, 0xE696, 0xE696,
  0xC570, 0xC570, 0xE50A, 0xE50A, 0xD5F3, 0xD5F3, 0xE696, 0xE696, 0xE696, 0xE696, 0xE696, 0xE696,
  0xD5F3, 0xD5F3, 0xE50A, 0xE50A, 0xE50A, 0xE50A, 0xD5F3, 0xD5F3, 0xE696, 0xE696, 0xE696, 0xE696,
  0xE696, 0xE696, 0xD5F3, 0xD5F3, 0xE50A, 0xE50A, 0xC570, 0xC570, 0xE696, 0xE696, 0xE696, 0xE696,
  0xE696, 0xE696, 0xD5F3, 0xD5F3, 0xC570, 0xC570, 0xE50A, 0xE50A, 0xD5F3, 0xD5F3, 0xE696, 0xE696,
  0xE696, 0xE696, 0xE696, 0xE696, 0xD5F3, 0xD5F3, 0xE50A, 0xE50A, 0xC570, 0xC570, 0xD5F3, 0xD5F3,
  0xD5F3, 0xD5F3, 0xD5F3, 0xD5F3, 0xD5F3, 0xD5F3, 0xD5F3, 0xD5F3, 0xD5F3, 0xD5F3, 0xAE56, 0xAE56,
  0x8593, 0x8593, 0x8593, 0x8593, 0x8593, 0x8593, 0x8593, 0x8593, 0x6CB0, 0x6CB0, 0x72E8, 0x72E8,
  0xA326, 0xA326, 0xA326, 0xA326, 0xA326, 0xA326, 0xA326, 0xA326, 0xA326, 0xA326, 0xA326, 0xA326,
  0xA326, 0xA326, 0xA326, 0xA326, 0xA326, 0xA326, 0xA326, 0xA326, 0xA326, 0xA326, 0xA326, 0xA326,
  0xA326, 0xA326, 0x72E8, 0x72E8, 0x72E8, 0x72E8, 0xA326, 0xA326, 0xA326, 0xA326, 0x72E8, 0x72E8,
  0xA326, 0xA326, 0xA326, 0xA326, 0xA326, 0xA326, 0xA326, 0xA326, 0xA326, 0xA326, 0xA326, 0xA326,
  0xA326, 0xA326, 0xA326, 0xA326, 0xA326, 0xA326, 0xA326, 0xA326, 0x72E8, 0x72E8, 0xA326, 0xA326,
  0xE50A, 0xE50A, 0xC570, 0xC570, 0xD5F3, 0xD5F3, 0xE696, 0xE696, 0xE696, 0xE696, 0xD5F3, 0xD5F3,
  0xD5F3, 0xD5F3, 0xC570, 0xC570, 0xD5F3, 0xD5F3, 0xE696, 0xE696, 0xD5F3, 0xD5F3, 0xD5F3, 0xD5F3,
  0xD5F3, 0xD5F3, 0xD5F3, 0xD5F3, 0xD5F3, 0xD5F3, 0xE696, 0xE696, 0xD5F3, 0xD5F3, 0xD5F3, 0xD5F3,
  0xC570, 0xC570, 0xD5F3, 0xD5F3, 0xE696, 0xE696, 0xE696, 0xE696, 0xE696, 0xE696, 0xD5F3, 0xD5F3,
  0xE50A, 0xE50A, 0xE50A, 0xE50A, 0xD5F3, 0xD5F3, 0xE696, 0xE696, 0xE696, 0xE696, 0xE696, 0xE696,
  0xD5F3, 0xD5F3, 0xE50A, 0xE50A, 0xE50A, 0xE50A, 0xD5F3, 0xD5F3, 0xE696, 0xE696, 0xE696, 0xE696,
  0xE696, 0xE696, 0xD5F3, 0xD5F3, 0xC570, 0xC570, 0xD5F3, 0xD5F3, 0xE696, 0xE696, 0xD5F3, 0xD5F3,
  0xD5F3, 0xD5F3, 0xD5F3, 0xD5F3, 0xD5F3, 0xD5F3, 0xD5F3, 0xD5F3, 0xE696, 0xE696, 0xE696, 0xE696,
  0xC570, 0xC570, 0xE50A, 0xE50A, 0xD5F3, 0xD5F3, 0xE696, 0xE696, 0xE696, 0xE696, 0xE696, 0xE696,
  0xD5F3, 0xD5F3, 0xE50A, 0xE50A, 0xE50A, 0xE50A, 0xD5F3, 0xD5F3, 0xE696, 0xE696, 0xE696, 0xE696,
  0xE696, 0xE696, 0xD5F3, 0xD5F3, 0xE50A, 0xE50A, 0xC570, 0xC570, 0xE696, 0xE696, 0xE696, 0xE696,
  0xE696, 0xE696, 0xD5F3, 0xD5F3, 0xC570, 0xC570, 0xE50A, 0xE50A, 0xD5F3, 0xD5F3, 0xE696, 0xE696,
  0xE696, 0xE696, 0xE696, 0xE696, 0xD5F3, 0xD5F3, 0xE50A, 0xE50A, 0xC570, 0xC570, 0xD5F3, 0xD5F3,
  0xD5F3, 0xD5F3, 0xD5F3, 0xD5F3, 0xD5F3, 0xD5F3, 0xD5F3, 0xD5F3, 0xD5F3, 0xD5F3, 0xAE56, 0xAE56,
  0x8593, 0x8593, 0x8593, 0x8593, 0x8593, 0x8593, 0x8593, 0x8593, 0x6CB0, 0x6CB0, 0x72E8, 0x72E8,
  0xA326, 0xA326, 0xA326, 0xA326, 0xA326, 0xA326, 0xA326, 0xA326, 0xA326, 0xA326, 0xA326, 0xA326,
  0xA326, 0xA326, 0xA326, 0xA326, 0xA326, 0xA326, 0xA326, 0xA326, 0xA326, 0xA326, 0xA326, 0xA326,
  0xA326, 0xA326, 0x72E8, 0x72E8, 0x72E8, 0x72E8, 0xA326, 0xA326, 0xA326, 0xA326, 0x72E8, 0x72E8,
  0xA326, 0xA326, 0xA326, 0xA326, 0xA326, 0xA326, 0xA326, 0xA326, 0xA326, 0xA326, 0xA326, 0xA326,
  0xA326, 0xA326, 0xA326, 0xA326, 0xA326, 0xA326, 0xA326, 0xA326, 0x72E8, 0x72E8, 0xA326, 0xA326,
  0xD5F3, 0xD5F3, 0xC570, 0xC570, 0xD5F3, 0xD5F3, 0xE696, 0xE696, 0xE696, 0xE696, 0xE696, 0xE696,
  0xD5F3, 0xD5F3, 0xE50A, 0xE50A, 0xE50A, 0xE50A, 0xD5F3, 0xD5F3, 0xE696, 0xE696, 0xE696, 0xE696,
  0xE696, 0xE696, 0xD5F3, 0xD5F3, 0xE50A, 0xE50A, 0xC570, 0xC570, 0xD5F3, 0xD5F3, 0xE696, 0xE696,
  0xE696, 0xE696, 0xE696, 0xE696, 0xD5F3, 0xD5F3, 0xC570, 0xC570, 0xD5F3, 0xD5F3, 0xE696, 0xE696,
  0xD5F3, 0xD5F3, 0xD5F3, 0xD5F3, 0xD5F3, 0xD5F3, 0xD5F3, 0xD5F3, 0xD5F3, 0xD5F3, 0xE696, 0xE696,
  0xD5F3, 0xD5F3, 0xD5F3, 0xD5F3, 0xC570, 0xC570, 0xD5F3, 0xD5F3, 0xE696, 0xE696, 0xE696, 0xE696,
  0xE696, 0xE696, 0xD5F3, 0xD5F3, 0xE50A, 0xE50A, 0xC570, 0xC570, 0xD5F3, 0xD5F3, 0xE696, 0xE696,
  0xE696, 0xE696, 0xE696, 0xE696, 0xD5F3, 0xD5F3, 0xE50A, 0xE50A, 0xE50A, 0xE50A, 0xD5F3, 0xD5F3,
  0xE696, 0xE696, 0xE696, 0xE696, 0xE696, 0xE696, 0xD5F3, 0xD5F3, 0xC570, 0xC570, 0xD5F3, 0xD5F3,
  0xE696, 0xE696, 0xE696, 0xE696, 0xD5F3, 0xD5F3, 0xD5F3, 0xD5F3, 0xD5F3, 0xD5F3, 0xC570, 0xC570,
  0xD5F3, 0xD5F3, 0xE696, 0xE696, 0xD5F3, 0xD5F3, 0xD5F3, 0xD5F3, 0xD5F3, 0xD5F3, 0xD5F3, 0xD5F3,
  0xD5F3, 0xD5F3, 0xE696, 0xE696, 0xD5F3, 0xD5F3, 0xD5F3, 0xD5F3, 0xD5F3, 0xD5F3, 0xD5F3, 0xD5F3,
  0xD5F3, 0xD5F3, 0xE696, 0xE696, 0xE696, 0xE696, 0xD5F3, 0xD5F3, 0xD5F3, 0xD5F3, 0xD5F3, 0xD5F3,
  0xD5F3, 0xD5F3, 0xE696, 0xE696, 0xE696, 0xE696, 0xD5F3, 0xD5F3, 0xD5F3, 0xD5F3, 0xD5F3, 0xD5F3,
  0xD5F3, 0xD5F3, 0xAE56, 0xAE56, 0x8593, 0x8593, 0x8593, 0x8593, 0x8593, 0x8593, 0x5BEA, 0x5BEA,
  0x6CB0, 0x6CB0, 0x72E8, 0x72E8, 0xA326, 0xA326, 0xA326, 0xA326, 0xA326, 0xA326, 0xA326, 0xA326,
  0xA326, 0xA326, 0xA326, 0xA326, 0xA326, 0xA326, 0xA326, 0xA326, 0xA326, 0xA326, 0xA326, 0xA326,
  0x72E8, 0x72E8, 0x72E8, 0x72E8, 0xA326, 0xA326, 0xA326, 0xA326, 0x72E8, 0x72E8, 0xA326, 0xA326,
  0xA326, 0xA326, 0x72E8, 0x72E8, 0xA326, 0xA326, 0xA326, 0xA326, 0xA326, 0xA326, 0xA326, 0xA326,
  0xA326, 0xA326, 0x72E8, 0x72E8, 0x72E8, 0x72E8, 0x72E8, 0x72E8, 0xA326, 0xA326, 0xA326, 0xA326,
  0xD5F3, 0xD5F3, 0xC570, 0xC570, 0xD5F3, 0xD5F3, 0xE696, 0xE696, 0xE696, 0xE696, 0xE696, 0xE696,
  0xD5F3, 0xD5F3, 0xE50A, 0xE50A, 0xE50A, 0xE50A, 0xD5F3, 0xD5F3, 0xE696, 0xE696, 0xE696, 0xE696,
  0xE696, 0xE696, 0xD5F3, 0xD5F3, 0xE50A, 0xE50A, 0xC570, 0xC570, 0xD5F3, 0xD5F3, 0xE696, 0xE696,
  0xE696, 0xE696, 0xE696, 0xE696, 0xD5F3, 0xD5F3, 0xC570, 0xC570, 0xD5F3, 0xD5F3, 0xE696, 0xE696,
  0xD5F3, 0xD5F3, 0xD5F3, 0xD5F3, 0xD5F3, 0xD5F3, 0xD5F3, 0xD5F3, 0xD5F3, 0xD5F3, 0xE696, 0xE696,
  0xD5F3, 0xD5F3, 0xD5F3, 0xD5F3, 0xC570, 0xC570, 0xD5F3, 0xD5F3, 0xE696, 0xE696, 0xE696, 0xE696,
  0xE696, 0xE696, 0xD5F3, 0xD5F3, 0xE50A, 0xE50A, 0xC570, 0xC570, 0xD5F3, 0xD5F3, 0xE696, 0xE696,
  0xE696, 0xE696, 0xE696, 0xE696, 0xD5F3, 0xD5F3, 0xE50A, 0xE50A, 0xE50A, 0xE50A, 0xD5F3, 0xD5F3,
  0xE696, 0xE696, 0xE696, 0xE696, 0xE696, 0xE696, 0xD5F3, 0xD5F3, 0xC570, 0xC570, 0xD5F3, 0xD5F3,
  0xE696, 0xE696, 0xE696, 0xE696, 0xD5F3, 0xD5F3, 0xD5F3, 0xD5F3, 0xD5F3, 0xD5F3, 0xC570, 0xC570,
  0xD5F3, 0xD5F3, 0xE696, 0xE696, 0xD5F3, 0xD5F3, 0xD5F3, 0xD5F3, 0xD5F3, 0xD5F3, 0xD5F3, 0xD5F3,
  0xD5F3, 0xD5F3, 0xE696, 0xE696, 0xD5F3, 0xD5F3, 0xD5F3, 0xD5F3, 0xD5F3, 0xD5F3, 0xD5F3, 0xD5F3,
  0xD5F3, 0xD5F3, 0xE696, 0xE696, 0xE696, 0xE696, 0xD5F3, 0xD5F3, 0xD5F3, 0xD5F3, 0xD5F3, 0xD5F3,
  0xD5F3, 0xD5F3, 0xE696, 0xE696, 0xE696, 0xE696, 0xD5F3, 0xD5F3, 0xD5F3, 0xD5F3, 0xD5F3, 0xD5F3,
  0xD5F3, 0xD5F3, 0xAE56, 0xAE56, 0x8593, 0x8593, 0x8593, 0x8593, 0x8593, 0x8593, 0x5BEA, 0x5BEA,
  0x6CB0, 0x6CB0, 0x72E8, 0x72E8, 0xA326, 0xA326, 0xA326, 0xA326, 0xA326, 0xA326, 0xA326, 0xA326,
  0xA326, 0xA326, 0xA326, 0xA326, 0xA326, 0xA326, 0xA326, 0xA326, 0xA326, 0xA326, 0xA326, 0xA326,
  0x72E8, 0x72E8, 0x72E8, 0x72E8, 0xA326, 0xA326, 0xA326, 0xA326, 0x72E8, 0x72E8, 0xA326, 0xA326,
  0xA326, 0xA326, 0x72E8, 0x72E8, 0xA326, 0xA326, 0xA326, 0xA326, 0xA326, 0xA326, 0xA326, 0xA326,
  0xA326, 0xA326, 0x72E8, 0x72E8, 0x72E8, 0x72E8, 0x72E8, 0x72E8, 0xA326, 0xA326, 0xA326, 0xA326,
  0xE696, 0xE696, 0xE696, 0xE696, 0xE696, 0xE696, 0xD5F3, 0xD5F3, 0xE50A, 0xE50A, 0xD5F3, 0xD5F3,
  0xD5F3, 0xD5F3, 0xE696, 0xE696, 0xD5F3, 0xD5F3, 0xE696, 0xE696, 0xD5F3, 0xD5F3, 0xD5F3, 0xD5F3,
  0xD5F3, 0xD5F3, 0xE696, 0xE696, 0xD5F3, 0xD5F3, 0xD5F3, 0xD5F3, 0xD5F3, 0xD5F3, 0xD5F3, 0xD5F3,
  0xE696, 0xE696, 0xE696, 0xE696, 0xD5F3, 0xD5F3, 0xC570, 0xC570, 0xC570, 0xC570, 0xD5F3, 0xD5F3,
  0xE696, 0xE696, 0xE696, 0xE696, 0xE696, 0xE696, 0xD5F3, 0xD5F3, 0xE50A, 0xE50A, 0xE50A, 0xE50A,
  0xD5F3, 0xD5F3, 0xE696, 0xE696, 0xE696, 0xE696, 0xE696, 0xE696, 0xD5F3, 0xD5F3, 0xE50A, 0xE50A,
  0xC570, 0xC570, 0xD5F3, 0xD5F3, 0xE696, 0xE696, 0xE696, 0xE696, 0xD5F3, 0xD5F3, 0xD5F3, 0xD5F3,
  0xD5F3, 0xD5F3, 0xD5F3, 0xD5F3, 0xD5F3, 0xD5F3, 0xD5F3, 0xD5F3, 0xC570, 0xC570, 0xD5F3, 0xD5F3,
  0xD5F3, 0xD5F3, 0xD5F3, 0xD5F3, 0xE696, 0xE696, 0xD5F3, 0xD5F3, 0xC570, 0xC570, 0xC570, 0xC570,
  0xD5F3, 0xD5F3, 0xE696, 0xE696, 0xE696, 0xE696, 0xE696, 0xE696, 0xD5F3, 0xD5F3, 0xE50A, 0xE50A,
  0xC570, 0xC570, 0xD5F3, 0xD5F3, 0xE696, 0xE696, 0xE696, 0xE696, 0xE696, 0xE696, 0xC570, 0xC570,
  0xE50A, 0xE50A, 0xD5F3, 0xD5F3, 0xE696, 0xE696, 0xE696, 0xE696, 0xE696, 0xE696, 0xD5F3, 0xD5F3,
  0xE50A, 0xE50A, 0xE50A, 0xE50A, 0xD5F3, 0xD5F3, 0xE696, 0xE696, 0xE696, 0xE696, 0xE696, 0xE696,
  0xC570, 0xC570, 0xE50A, 0xE50A, 0xD5F3, 0xD5F3, 0xD5F3, 0xD5F3, 0xD5F3, 0xD5F3, 0xD5F3, 0xD5F3,
  0xE696, 0xE696, 0xD5F3, 0xD5F3, 0xD5F3, 0xD5F3, 0xAE56, 0xAE56, 0x8593, 0x8593, 0x8593, 0x8593,
  0x8593, 0x8593, 0x8593, 0x8593, 0x5BEA, 0x5BEA, 0x72E8, 0x72E8, 0x72E8, 0x72E8, 0xA326, 0xA326,
  0xA326, 0xA326, 0xA326, 0xA326, 0xA326, 0xA326, 0xA326, 0xA326, 0x72E8, 0x72E8, 0x72E8, 0x72E8,
  0x72E8, 0x72E8, 0x72E8, 0x72E8, 0xA326, 0xA326, 0xA326, 0xA326, 0xA326, 0xA326, 0xA326, 0xA326,
  0xA326, 0xA326, 0xA326, 0xA326, 0xA326, 0xA326, 0xA326, 0xA326, 0xA326, 0xA326, 0xA326, 0xA326,
  0xA326, 0xA326, 0xA326, 0xA326, 0xA326, 0xA326, 0xA326, 0xA326, 0xA326, 0xA326, 0x7225, 0x7225,
  0xE696, 0xE696, 0xE696, 0xE696, 0xE696, 0xE696, 0xD5F3, 0xD5F3, 0xE50A, 0xE50A, 0xD5F3, 0xD5F3,
  0xD5F3, 0xD5F3, 0xE696, 0xE696, 0xD5F3, 0xD5F3, 0xE696, 0xE696, 0xD5F3, 0xD5F3, 0xD5F3, 0xD5F3,
  0xD5F3, 0xD5F3, 0xE696, 0xE696, 0xD5F3, 0xD5F3, 0xD5F3, 0xD5F3, 0xD5F3, 0xD5F3, 0xD5F3, 0xD5F3,
  0xE696, 0xE696, 0xE696, 0xE696, 0xD5F3, 0xD5F3, 0xC570, 0xC570, 0xC570, 0xC570, 0xD5F3, 0xD5F3,
  0xE696, 0xE696, 0xE696, 0xE696, 0xE696, 0xE696, 0xD5F3, 0xD5F3, 0xE50A, 0xE50A, 0xE50A, 0xE50A,
  0xD5F3, 0xD5F3, 0xE696, 0xE696, 0xE696, 0xE696, 0xE696, 0xE696, 0xD5F3, 0xD5F3, 0xE50A, 0xE50A,
  0xC570, 0xC570, 0xD5F3, 0xD5F3, 0xE696, 0xE696, 0xE696, 0xE696, 0xD5F3, 0xD5F3, 0xD5F3, 0xD5F3,
  0xD5F3, 0xD5F3, 0xD5F3, 0xD5F3, 0xD5F3, 0xD5F3, 0xD5F3, 0xD5F3, 0xC570, 0xC570, 0xD5F3, 0xD5F3,
  0xD5F3, 0xD5F3, 0xD5F3, 0xD5F3, 0xE696, 0xE696, 0xD5F3, 0xD5F3, 0xC570, 0xC570, 0xC570, 0xC570,
  0xD5F3, 0xD5F3, 0xE696, 0xE696, 0xE696, 0xE696, 0xE696, 0xE696, 0xD5F3, 0xD5F3, 0xE50A, 0xE50A,
  0xC570, 0xC570, 0xD5F3, 0xD5F3, 0xE696, 0xE696, 0xE696, 0xE696, 0xE696, 0xE696, 0xC570, 0xC570,
  0xE50A, 0xE50A, 0xD5F3, 0xD5F3, 0xE696, 0xE696, 0xE696, 0xE696, 0xE696, 0xE696, 0xD5F3, 0xD5F3,
  0xE50A, 0xE50A, 0xE50A, 0xE50A, 0xD5F3, 0xD5F3, 0xE696, 0xE696, 0xE696, 0xE696, 0xE696, 0xE696,
  0xC570, 0xC570, 0xE50A, 0xE50A, 0xD5F3, 0xD5F3, 0xD5F3, 0xD5F3, 0xD5F3, 0xD5F3, 0xD5F3, 0xD5F3,
  0xE696, 0xE696, 0xD5F3, 0xD5F3, 0xD5F3, 0xD5F3, 0xAE56, 0xAE56, 0x8593, 0x8593, 0x8593, 0x8593,
  0x8593, 0x8593, 0x8593, 0x8593, 0x5BEA, 0x5BEA, 0x72E8, 0x72E8, 0x72E8, 0x72E8, 0xA326, 0xA326,
  0xA326, 0xA326, 0xA326, 0xA326, 0xA326, 0xA326, 0xA326, 0xA326, 0x72E8, 0x72E8, 0x72E8, 0x72E8,
  0x72E8, 0x72E8, 0x72E8, 0x72E8, 0xA326, 0xA326, 0xA326, 0xA326, 0xA326, 0xA326, 0xA326, 0xA326,
  0xA326, 0xA326, 0xA326, 0xA326, 0xA326, 0xA326, 0xA326, 0xA326, 0xA326, 0xA326, 0xA326, 0xA326,
  0xA326, 0xA326, 0xA326, 0xA326, 0xA326, 0xA326, 0xA326, 0xA326, 0xA326, 0xA326, 0x7225, 0x7225,
  0xD5F3, 0xD5F3, 0xD5F3, 0xD5F3, 0xE696, 0xE696, 0xD5F3, 0xD5F3, 0xC570, 0xC570, 0xE50A, 0xE50A,
  0xD5F3, 0xD5F3, 0xE696, 0xE696, 0xE696, 0xE696, 0xE696, 0xE696, 0xD5F3, 0xD5F3, 0xE50A, 0xE50A,
  0xC570, 0xC570, 0xE696, 0xE696, 0xE696, 0xE696, 0xE696, 0xE696, 0xE696, 0xE696, 0xD5F3, 0xD5F3,
  0xE50A, 0xE50A, 0xC570, 0xC570, 0xE696, 0xE696, 0xE696, 0xE696, 0xE696, 0xE696, 0xD5F3, 0xD5F3,
  0xD5F3, 0xD5F3, 0xC570, 0xC570, 0xD5F3, 0xD5F3, 0xE696, 0xE696, 0xD5F3, 0xD5F3, 0xD5F3, 0xD5F3,
  0xD5F3, 0xD5F3, 0xD5F3, 0xD5F3, 0xD5F3, 0xD5F3, 0xE696, 0xE696, 0xD5F3, 0xD5F3, 0xC570, 0xC570,
  0xC570, 0xC570, 0xD5F3, 0xD5F3, 0xE696, 0xE696, 0xE696, 0xE696, 0xE696, 0xE696, 0xD5F3, 0xD5F3,
  0xE50A, 0xE50A, 0xE50A, 0xE50A, 0xE696, 0xE696, 0xE696, 0xE696, 0xE696, 0xE696, 0xD5F3, 0xD5F3,
  0xD5F3, 0xD5F3, 0xE50A, 0xE50A, 0xC570, 0xC570, 0xD5F3, 0xD5F3, 0xE696, 0xE696, 0xE696, 0xE696,
  0xD5F3, 0xD5F3, 0xC570, 0xC570, 0xC570, 0xC570, 0xD5F3, 0xD5F3, 0xE696, 0xE696, 0xD5F3, 0xD5F3,
  0xD5F3, 0xD5F3, 0xD5F3, 0xD5F3, 0xD5F3, 0xD5F3, 0xD5F3, 0xD5F3, 0xD5F3, 0xD5F3, 0xD5F3, 0xD5F3,
  0xD5F3, 0xD5F3, 0xD5F3, 0xD5F3, 0xD5F3, 0xD5F3, 0xD5F3, 0xD5F3, 0xD5F3, 0xD5F3, 0xE696, 0xE696,
  0xD5F3, 0xD5F3, 0xC570, 0xC570, 0xD5F3, 0xD5F3, 0xD5F3, 0xD5F3, 0xD5F3, 0xD5F3, 0xE696, 0xE696,
  0xD5F3, 0xD5F3, 0xC570, 0xC570, 0xD5F3, 0xD5F3, 0xD5F3, 0xD5F3, 0xD5F3, 0xD5F3, 0xE696, 0xE696,
  0xD5F3, 0xD5F3, 0xD5F3, 0xD5F3, 0xD5F3, 0xD5F3, 0xD5F3, 0xD5F3, 0xD5F3, 0xD5F3, 0xAE56, 0xAE56,
  0x8593, 0x8593, 0x8593, 0x8593, 0x6CB0, 0x6CB0, 0x6CB0, 0x6CB0, 0x6CB0, 0x6CB0, 0x72E8, 0x72E8,
  0xA326, 0xA326, 0xA326, 0xA326, 0x72E8, 0x72E8, 0x72E8, 0x72E8, 0xA326, 0xA326, 0xA326, 0xA326,
  0xA326, 0xA326, 0x72E8, 0x72E8, 0x72E8, 0x72E8, 0xA326, 0xA326, 0xA326, 0xA326, 0xA326, 0xA326,
  0xA326, 0xA326, 0xA326, 0xA326, 0xA326, 0xA326, 0xA326, 0xA326, 0xA326, 0xA326, 0xA326, 0xA326,
  0xA326, 0xA326, 0xA326, 0xA326, 0xA326, 0xA326, 0x72E8, 0x72E8, 0x72E8, 0x72E8, 0xA326, 0xA326,
  0xD5F3, 0xD5F3, 0xD5F3, 0xD5F3, 0xE696, 0xE696, 0xD5F3, 0xD5F3, 0xC570, 0xC570, 0xE50A, 0xE50A,
  0xD5F3, 0xD5F3, 0xE696, 0xE696, 0xE696, 0xE696, 0xE696, 0xE696, 0xD5F3, 0xD5F3, 0xE50A, 0xE50A,
  0xC570, 0xC570, 0xE696, 0xE696, 0xE696, 0xE696, 0xE696, 0xE696, 0xE696, 0xE696, 0xD5F3, 0xD5F3,
  0xE50A, 0xE50A, 0xC570, 0xC570, 0xE696, 0xE696, 0xE696, 0xE696, 0xE696, 0xE696, 0xD5F3, 0xD5F3,
  0xD5F3, 0xD5F3, 0xC570, 0xC570, 0xD5F3, 0xD5F3, 0xE696, 0xE696, 0xD5F3, 0xD5F3, 0xD5F3, 0xD5F3,
  0xD5F3, 0xD5F3, 0xD5F3, 0xD5F3, 0xD5F3, 0xD5F3, 0xE696, 0xE696, 0xD5F3, 0xD5F3, 0xC570, 0xC570,
  0xC570, 0xC570, 0xD5F3, 0xD5F3, 0xE696, 0xE696, 0xE696, 0xE696, 0xE696, 0xE696, 0xD5F3, 0xD5F3,
  0xE50A, 0xE50A, 0xE50A, 0xE50A, 0xE696, 0xE696, 0xE696, 0xE696, 0xE696, 0xE696, 0xD5F3, 0xD5F3,
  0xD5F3, 0xD5F3, 0xE50A, 0xE50A, 0xC570, 0xC570, 0xD5F3, 0xD5F3, 0xE696, 0xE696, 0xE696, 0xE696,
  0xD5F3, 0xD5F3, 0xC570, 0xC570, 0xC570, 0xC570, 0xD5F3, 0xD5F3, 0xE696, 0xE696, 0xD5F3, 0xD5F3,
  0xD5F3, 0xD5F3, 0xD5F3, 0xD5F3, 0xD5F3, 0xD5F3, 0xD5F3, 0xD5F3, 0xD5F3, 0xD5F3, 0xD5F3, 0xD5F3,
  0xD5F3, 0xD5F3, 0xD5F3, 0xD5F3, 0xD5F3, 0xD5F3, 0xD5F3, 0xD5F3, 0xD5F3, 0xD5F3, 0xE696, 0xE696,
  0xD5F3, 0xD5F3, 0xC570, 0xC570, 0xD5F3, 0xD5F3, 0xD5F3, 0xD5F3, 0xD5F3, 0xD5F3, 0xE696, 0xE696,
  0xD5F3, 0xD5F3, 0xC570, 0xC570, 0xD5F3, 0xD5F3, 0xD5F3, 0xD5F3, 0xD5F3, 0xD5F3, 0xE696, 0xE696,
  0xD5F3, 0xD5F3, 0xD5F3, 0xD5F3, 0xD5F3, 0xD5F3, 0xD5F3, 0xD5F3, 0xD5F3, 0xD5F3, 0xAE56, 0xAE56,
  0x8593, 0x8593, 0x8593, 0x8593, 0x6CB0, 0x6CB0, 0x6CB0, 0x6CB0, 0x6CB0, 0x6CB0, 0x72E8, 0x72E8,
  0xA326, 0xA326, 0xA326, 0xA326, 0x72E8, 0x72E8, 0x72E8, 0x72E8, 0xA326, 0xA326, 0xA326, 0xA326,
  0xA326, 0xA326, 0x72E8, 0x72E8, 0x72E8, 0x72E8, 0xA326, 0xA326, 0xA326, 0xA326, 0xA326, 0xA326,
  0xA326, 0xA326, 0xA326, 0xA326, 0xA326, 0xA326, 0xA326, 0xA326, 0xA326, 0xA326, 0xA326, 0xA326,
  0xA326, 0xA326, 0xA326, 0xA326, 0xA326, 0xA326, 0x72E8, 0x72E8, 0x72E8, 0x72E8, 0xA326, 0xA326,
  0x8593, 0x8593, 0xAE56, 0xAE56, 0xD5F3, 0xD5F3, 0xE696, 0xE696, 0xE696, 0xE696, 0xE696, 0xE696,
  0xE696, 0xE696, 0xD5F3, 0xD5F3, 0xC570, 0xC570, 0xD5F3, 0xD5F3, 0xE696, 0xE696, 0xD5F3, 0xD5F3,
  0xD5F3, 0xD5F3, 0xD5F3, 0xD5F3, 0xD5F3, 0xD5F3, 0xD5F3, 0xD5F3, 0xE696, 0xE696, 0xD5F3, 0xD5F3,
  0xC570, 0xC570, 0xD5F3, 0xD5F3, 0xD5F3, 0xD5F3, 0xE696, 0xE696, 0xE696, 0xE696, 0xE696, 0xE696,
  0xD5F3, 0xD5F3, 0xE50A, 0xE50A, 0xC570, 0xC570, 0xD5F3, 0xD5F3, 0xE696, 0xE696, 0xE696, 0xE696,
  0xE696, 0xE696, 0xD5F3, 0xD5F3, 0xE50A, 0xE50A, 0xC570, 0xC570, 0xE696, 0xE696, 0xE696, 0xE696,
  0xE696, 0xE696, 0xE696, 0xE696, 0xC570, 0xC570, 0xE50A, 0xE50A, 0xD5F3, 0xD5F3, 0xE696, 0xE696,
  0xD5F3, 0xD5F3, 0xD5F3, 0xD5F3, 0xD5F3, 0xD5F3, 0xD5F3, 0xD5F3, 0xD5F3, 0xD5F3, 0xD5F3, 0xD5F3,
  0xD5F3, 0xD5F3, 0xC570, 0xC570, 0xC570, 0xC570, 0xD5F3, 0xD5F3, 0xE696, 0xE696, 0xE696, 0xE696,
  0xE696, 0xE696, 0xD5F3, 0xD5F3, 0xE50A, 0xE50A, 0xC570, 0xC570, 0xD5F3, 0xD5F3, 0xE696, 0xE696,
  0xE696, 0xE696, 0xE696, 0xE696, 0xC570, 0xC570, 0xE50A, 0xE50A, 0xD5F3, 0xD5F3, 0xE696, 0xE696,
  0xE696, 0xE696, 0xE696, 0xE696, 0xD5F3, 0xD5F3, 0xE50A, 0xE50A, 0xE50A, 0xE50A, 0xD5F3, 0xD5F3,
  0xE696, 0xE696, 0xE696, 0xE696, 0xE696, 0xE696, 0xD5F3, 0xD5F3, 0xE50A, 0xE50A, 0xC570, 0xC570,
  0xE696, 0xE696, 0xE696, 0xE696, 0xE696, 0xE696, 0xD5F3, 0xD5F3, 0xC570, 0xC570, 0xE50A, 0xE50A,
  0xD5F3, 0xD5F3, 0xD5F3, 0xD5F3, 0xD5F3, 0xD5F3, 0xD5F3, 0xD5F3, 0xD5F3, 0xD5F3, 0xD5F3, 0xD5F3,
  0xD5F3, 0xD5F3, 0xAE56, 0xAE56, 0x8593, 0x8593, 0x8593, 0x8593, 0xAE56, 0xAE56, 0x8593, 0x8593,
  0x5BEA, 0x5BEA, 0x72E8, 0x72E8, 0x7225, 0x7225, 0xA326, 0xA326, 0xA326, 0xA326, 0x72E8, 0x72E8,
  0xA326, 0xA326, 0xA326, 0xA326, 0xA326, 0xA326, 0xA326, 0xA326, 0xA326, 0xA326, 0xA326, 0xA326,
  0xA326, 0xA326, 0xA326, 0xA326, 0xA326, 0xA326, 0xA326, 0xA326, 0xA326, 0xA326, 0xA326, 0xA326,
  0xA326, 0xA326, 0xA326, 0xA326, 0x72E8, 0x72E8, 0x72E8, 0x72E8, 0xA326, 0xA326, 0xA326, 0xA326,
  0x8593, 0x8593, 0xAE56, 0xAE56, 0xD5F3, 0xD5F3, 0xE696, 0xE696, 0xE696, 0xE696, 0xE696, 0xE696,
  0xE696, 0xE696, 0xD5F3, 0xD5F3, 0xC570, 0xC570, 0xD5F3, 0xD5F3, 0xE696, 0xE696, 0xD5F3, 0xD5F3,
  0xD5F3, 0xD5F3, 0xD5F3, 0xD5F3, 0xD5F3, 0xD5F3, 0xD5F3, 0xD5F3, 0xE696, 0xE696, 0xD5F3, 0xD5F3,
  0xC570, 0xC570, 0xD5F3, 0xD5F3, 0xD5F3, 0xD5F3, 0xE696, 0xE696, 0xE696, 0xE696, 0xE696, 0xE696,
  0xD5F3, 0xD5F3, 0xE50A, 0xE50A, 0xC570, 0xC570, 0xD5F3, 0xD5F3, 0xE696, 0xE696, 0xE696, 0xE696,
  0xE696, 0xE696, 0xD5F3, 0xD5F3, 0xE50A, 0xE50A, 0xC570, 0xC570, 0xE696, 0xE696, 0xE696, 0xE696,
  0xE696, 0xE696, 0xE696, 0xE696, 0xC570, 0xC570, 0xE50A, 0xE50A, 0xD5F3, 0xD5F3, 0xE696, 0xE696,
  0xD5F3, 0xD5F3, 0xD5F3, 0xD5F3, 0xD5F3, 0xD5F3, 0xD5F3, 0xD5F3, 0xD5F3, 0xD5F3, 0xD5F3, 0xD5F3,
  0xD5F3, 0xD5F3, 0xC570, 0xC570, 0xC570, 0xC570, 0xD5F3, 0xD5F3, 0xE696, 0xE696, 0xE696, 0xE696,
  0xE696, 0xE696, 0xD5F3, 0xD5F3, 0xE50A, 0xE50A, 0xC570, 0xC570, 0xD5F3, 0xD5F3, 0xE696, 0xE696,
  0xE696, 0xE696, 0xE696, 0xE696, 0xC570, 0xC570, 0xE50A, 0xE50A, 0xD5F3, 0xD5F3, 0xE696, 0xE696,
  0xE696, 0xE696, 0xE696, 0xE696, 0xD5F3, 0xD5F3, 0xE50A, 0xE50A, 0xE50A, 0xE50A, 0xD5F3, 0xD5F3,
  0xE696, 0xE696, 0xE696, 0xE696, 0xE696, 0xE696, 0xD5F3, 0xD5F3, 0xE50A, 0xE50A, 0xC570, 0xC570,
  0xE696, 0xE696, 0xE696, 0xE696, 0xE696, 0xE696, 0xD5F3, 0xD5F3, 0xC570, 0xC570, 0xE50A, 0xE50A,
  0xD5F3, 0xD5F3, 0xD5F3, 0xD5F3, 0xD5F3, 0xD5F3, 0xD5F3, 0xD5F3, 0xD5F3, 0xD5F3, 0xD5F3, 0xD5F3,
  0xD5F3, 0xD5F3, 0xAE56, 0xAE56, 0x8593, 0x8593, 0x8593, 0x8593, 0xAE56, 0xAE56, 0x8593, 0x8593,
  0x5BEA, 0x5BEA, 0x72E8, 0x72E8, 0x7225, 0x7225, 0xA326, 0xA326, 0xA326, 0xA326, 0x72E8, 0x72E8,
  0xA326, 0xA326, 0xA326, 0xA326, 0xA326, 0xA326, 0xA326, 0xA326, 0xA326, 0xA326, 0xA326, 0xA326,
  0xA326, 0xA326, 0xA326, 0xA326, 0xA326, 0xA326, 0xA326, 0xA326, 0xA326, 0xA326, 0xA326, 0xA326,
  0xA326, 0xA326, 0xA326, 0xA326, 0x72E8, 0x72E8, 0x72E8, 0x72E8, 0xA326, 0xA326, 0xA326, 0xA326,
  0x8593, 0x8593, 0x8593, 0x8593, 0x8593, 0x8593, 0xAE56, 0xAE56, 0xD5F3, 0xD5F3, 0xE696, 0xE696,
  0xE696, 0xE696, 0xD5F3, 0xD5F3, 0xE50A, 0xE50A, 0xC570, 0xC570, 0xE696, 0xE696, 0xE696, 0xE696,
  0xE696, 0xE696, 0xE696, 0xE696, 0xC570, 0xC570, 0xE50A, 0xE50A, 0xC570, 0xC570, 0xE696, 0xE696,
  0xE696, 0xE696, 0xE696, 0xE696, 0xD5F3, 0xD5F3, 0xC570, 0xC570, 0xE50A, 0xE50A, 0xD5F3, 0xD5F3,
  0xE696, 0xE696, 0xE696, 0xE696, 0xD5F3, 0xD5F3, 0xD5F3, 0xD5F3, 0xD5F3, 0xD5F3, 0xD5F3, 0xD5F3,
  0xD5F3, 0xD5F3, 0xE696, 0xE696, 0xD5F3, 0xD5F3, 0xD5F3, 0xD5F3, 0xD5F3, 0xD5F3, 0xD5F3, 0xD5F3,
  0xE696, 0xE696, 0xE696, 0xE696, 0xD5F3, 0xD5F3, 0xE50A, 0xE50A, 0xC570, 0xC570, 0xD5F3, 0xD5F3,
  0xE696, 0xE696, 0xE696, 0xE696, 0xE696, 0xE696, 0xC570, 0xC570, 0xE50A, 0xE50A, 0xC570, 0xC570,
  0xE696, 0xE696, 0xE696, 0xE696, 0xE696, 0xE696, 0xD5F3, 0xD5F3, 0xC570, 0xC570, 0xE50A, 0xE50A,
  0xD5F3, 0xD5F3, 0xE696, 0xE696, 0xE696, 0xE696, 0xE696, 0xE696, 0xD5F3, 0xD5F3, 0xC570, 0xC570,
  0xC570, 0xC570, 0xD5F3, 0xD5F3, 0xE696, 0xE696, 0xD5F3, 0xD5F3, 0xD5F3, 0xD5F3, 0xD5F3, 0xD5F3,
  0xD5F3, 0xD5F3, 0xD5F3, 0xD5F3, 0xE696, 0xE696, 0xD5F3, 0xD5F3, 0xD5F3, 0xD5F3, 0xD5F3, 0xD5F3,
  0xD5F3, 0xD5F3, 0xD5F3, 0xD5F3, 0xE696, 0xE696, 0xE696, 0xE696, 0xD5F3, 0xD5F3, 0xD5F3, 0xD5F3,
  0xD5F3, 0xD5F3, 0xD5F3, 0xD5F3, 0xD5F3, 0xD5F3, 0xE696, 0xE696, 0xD5F3, 0xD5F3, 0xD5F3, 0xD5F3,
  0xD5F3, 0xD5F3, 0xD5F3, 0xD5F3, 0xD5F3, 0xD5F3, 0xE696, 0xE696, 0xD5F3, 0xD5F3, 0xD5F3, 0xD5F3,
  0xD5F3, 0xD5F3, 0xE696, 0xE696, 0xD5F3, 0xD5F3, 0xAE56, 0xAE56, 0x8593, 0x8593, 0x8593, 0x8593,
  0x8593, 0x8593, 0x8593, 0x8593, 0x6CB0, 0x6CB0, 0x72E8, 0x72E8, 0x7225, 0x7225, 0xA326, 0xA326,
  0xA326, 0xA326, 0xA326, 0xA326, 0xA326, 0xA326, 0xA326, 0xA326, 0xA326, 0xA326, 0xA326, 0xA326,
  0x72E8, 0x72E8, 0x72E8, 0x72E8, 0xA326, 0xA326, 0xA326, 0xA326, 0xA326, 0xA326, 0xA326, 0xA326,
  0x72E8, 0x72E8, 0x72E8, 0x72E8, 0xA326, 0xA326, 0xA326, 0xA326, 0xA326, 0xA326, 0x72E8, 0x72E8,
  0x8593, 0x8593, 0x8593, 0x8593, 0x8593, 0x8593, 0xAE56, 0xAE56, 0xD5F3, 0xD5F3, 0xE696, 0xE696,
  0xE696, 0xE696, 0xD5F3, 0xD5F3, 0xE50A, 0xE50A, 0xC570, 0xC570, 0xE696, 0xE696, 0xE696, 0xE696,
  0xE696, 0xE696, 0xE696, 0xE696, 0xC570, 0xC570, 0xE50A, 0xE50A, 0xC570, 0xC570, 0xE696, 0xE696,
  0xE696, 0xE696, 0xE696, 0xE696, 0xD5F3, 0xD5F3, 0xC570, 0xC570, 0xE50A, 0xE50A, 0xD5F3, 0xD5F3,
  0xE696, 0xE696, 0xE696, 0xE696, 0xD5F3, 0xD5F3, 0xD5F3, 0xD5F3, 0xD5F3, 0xD5F3, 0xD5F3, 0xD5F3,
  0xD5F3, 0xD5F3, 0xE696, 0xE696, 0xD5F3, 0xD5F3, 0xD5F3, 0xD5F3, 0xD5F3, 0xD5F3, 0xD5F3, 0xD5F3,
  0xE696, 0xE696, 0xE696, 0xE696, 0xD5F3, 0xD5F3, 0xE50A, 0xE50A, 0xC570, 0xC570, 0xD5F3, 0xD5F3,
  0xE696, 0xE696, 0xE696, 0xE696, 0xE696, 0xE696, 0xC570, 0xC570, 0xE50A, 0xE50A, 0xC570, 0xC570,
  0xE696, 0xE696, 0xE696, 0xE696, 0xE696, 0xE696, 0xD5F3, 0xD5F3, 0xC570, 0xC570, 0xE50A, 0xE50A,
  0xD5F3, 0xD5F3, 0xE696, 0xE696, 0xE696, 0xE696, 0xE696, 0xE696, 0xD5F3, 0xD5F3, 0xC570, 0xC570,
  0xC570, 0xC570, 0xD5F3, 0xD5F3, 0xE696, 0xE696, 0xD5F3, 0xD5F3, 0xD5F3, 0xD5F3, 0xD5F3, 0xD5F3,
  0xD5F3, 0xD5F3, 0xD5F3, 0xD5F3, 0xE696, 0xE696, 0xD5F3, 0xD5F3, 0xD5F3, 0xD5F3, 0xD5F3, 0xD5F3,
  0xD5F3, 0xD5F3, 0xD5F3, 0xD5F3, 0xE696, 0xE696, 0xE696, 0xE696, 0xD5F3, 0xD5F3, 0xD5F3, 0xD5F3,
  0xD5F3, 0xD5F3, 0xD5F3, 0xD5F3, 0xD5F3, 0xD5F3, 0xE696, 0xE696, 0xD5F3, 0xD5F3, 0xD5F3, 0xD5F3,
  0xD5F3, 0xD5F3, 0xD5F3, 0xD5F3, 0xD5F3, 0xD5F3, 0xE696, 0xE696, 0xD5F3, 0xD5F3, 0xD5F3, 0xD5F3,
  0xD5F3, 0xD5F3, 0xE696, 0xE696, 0xD5F3, 0xD5F3, 0xAE56, 0xAE56, 0x8593, 0x8593, 0x8593, 0x8593,
  0x8593, 0x8593, 0x8593, 0x8593, 0x6CB0, 0x6CB0, 0x72E8, 0x72E8, 0x7225, 0x7225, 0xA326, 0xA326,
  0xA326, 0xA326, 0xA326, 0xA326, 0xA326, 0xA326, 0xA326, 0xA326, 0xA326, 0xA326, 0xA326, 0xA326,
  0x72E8, 0x72E8, 0x72E8, 0x72E8, 0xA326, 0xA326, 0xA326, 0xA326, 0xA326, 0xA326, 0xA326, 0xA326,
  0x72E8, 0x72E8, 0x72E8, 0x72E8, 0xA326, 0xA326, 0xA326, 0xA326, 0xA326, 0xA326, 0x72E8, 0x72E8,
  0x8593, 0x8593, 0xAE56, 0xAE56, 0x8593, 0x8593, 0x8593, 0x8593, 0x8593, 0x8593, 0xAE56, 0xAE56,
  0xD5F3, 0xD5F3, 0xE696, 0xE696, 0xE696, 0xE696, 0xE696, 0xE696, 0xD5F3, 0xD5F3, 0xD5F3, 0xD5F3,
  0xD5F3, 0xD5F3, 0xE696, 0xE696, 0xD5F3, 0xD5F3, 0xD5F3, 0xD5F3, 0xD5F3, 0xD5F3, 0xD5F3, 0xD5F3,
  0xD5F3, 0xD5F3, 0xD5F3, 0xD5F3, 0xE696, 0xE696, 0xD5F3, 0xD5F3, 0xE50A, 0xE50A, 0xD5F3, 0xD5F3,
  0xE696, 0xE696, 0xE696, 0xE696, 0xE696, 0xE696, 0xE696, 0xE696, 0xC570, 0xC570, 0xE50A, 0xE50A,
  0xD5F3, 0xD5F3, 0xE696, 0xE696, 0xE696, 0xE696, 0xE696, 0xE696, 0xE696, 0xE696, 0xC570, 0xC570,
  0xE50A, 0xE50A, 0xD5F3, 0xD5F3, 0xE696, 0xE696, 0xE696, 0xE696, 0xE696, 0xE696, 0xD5F3, 0xD5F3,
  0xC570, 0xC570, 0xD5F3, 0xD5F3, 0xD5F3, 0xD5F3, 0xE696, 0xE696, 0xD5F3, 0xD5F3, 0xD5F3, 0xD5F3,
  0xD5F3, 0xD5F3, 0xD5F3, 0xD5F3, 0xD5F3, 0xD5F3, 0xE696, 0xE696, 0xD5F3, 0xD5F3, 0xC570, 0xC570,
  0xD5F3, 0xD5F3, 0xE696, 0xE696, 0xE696, 0xE696, 0xE696, 0xE696, 0xD5F3, 0xD5F3, 0xC570, 0xC570,
  0xE50A, 0xE50A, 0xD5F3, 0xD5F3, 0xD5F3, 0xD5F3, 0xE696, 0xE696, 0xE696, 0xE696, 0xD5F3, 0xD5F3,
  0xE50A, 0xE50A, 0xE50A, 0xE50A, 0xD5F3, 0xD5F3, 0xE696, 0xE696, 0xE696, 0xE696, 0xE696, 0xE696,
  0xD5F3, 0xD5F3, 0xE50A, 0xE50A, 0xC570, 0xC570, 0xD5F3, 0xD5F3, 0xE696, 0xE696, 0xE696, 0xE696,
  0xD5F3, 0xD5F3, 0xC570, 0xC570, 0xE50A, 0xE50A, 0xD5F3, 0xD5F3, 0xE696, 0xE696, 0xE696, 0xE696,
  0xD5F3, 0xD5F3, 0xD5F3, 0xD5F3, 0xE50A, 0xE50A, 0xC570, 0xC570, 0xD5F3, 0xD5F3, 0xD5F3, 0xD5F3,
  0xD5F3, 0xD5F3, 0xD5F3, 0xD5F3, 0xD5F3, 0xD5F3, 0xD5F3, 0xD5F3, 0xD5F3, 0xD5F3, 0xAE56, 0xAE56,
  0x8593, 0x8593, 0x8593, 0x8593, 0x8593, 0x8593, 0x5BEA, 0x5BEA, 0x6CB0, 0x6CB0, 0x5BEA, 0x5BEA,
  0x72E8, 0x72E8, 0xA326, 0xA326, 0xA326, 0xA326, 0xA326, 0xA326, 0xA326, 0xA326, 0xA326, 0xA326,
  0xA326, 0xA326, 0xA326, 0xA326, 0xA326, 0xA326, 0xA326, 0xA326, 0xA326, 0xA326, 0x72E8, 0x72E8,
  0x72E8, 0x72E8, 0xA326, 0xA326, 0xA326, 0xA326, 0x72E8, 0x72E8, 0x72E8, 0x72E8, 0x72E8, 0x72E8,
  0x8593, 0x8593, 0xAE56, 0xAE56, 0x8593, 0x8593, 0x8593, 0x8593, 0x8593, 0x8593, 0xAE56, 0xAE56,
  0xD5F3, 0xD5F3, 0xE696, 0xE696, 0xE696, 0xE696, 0xE696, 0xE696, 0xD5F3, 0xD5F3, 0xD5F3, 0xD5F3,
  0xD5F3, 0xD5F3, 0xE696, 0xE696, 0xD5F3, 0xD5F3, 0xD5F3, 0xD5F3, 0xD5F3, 0xD5F3, 0xD5F3, 0xD5F3,
  0xD5F3, 0xD5F3, 0xD5F3, 0xD5F3, 0xE696, 0xE696, 0xD5F3, 0xD5F3, 0xE50A, 0xE50A, 0xD5F3, 0xD5F3,
  0xE696, 0xE696, 0xE696, 0xE696, 0xE696, 0xE696, 0xE696, 0xE696, 0xC570, 0xC570, 0xE50A, 0xE50A,
  0xD5F3, 0xD5F3, 0xE696, 0xE696, 0xE696, 0xE696, 0xE696, 0xE696, 0xE696, 0xE696, 0xC570, 0xC570,
  0xE50A, 0xE50A, 0xD5F3, 0xD5F3, 0xE696, 0xE696, 0xE696, 0xE696, 0xE696, 0xE696, 0xD5F3, 0xD5F3,
  0xC570, 0xC570, 0xD5F3, 0xD5F3, 0xD5F3, 0xD5F3, 0xE696, 0xE696, 0xD5F3, 0xD5F3, 0xD5F3, 0xD5F3,
  0xD5F3, 0xD5F3, 0xD5F3, 0xD5F3, 0xD5F3, 0xD5F3, 0xE696, 0xE696, 0xD5F3, 0xD5F3, 0xC570, 0xC570,
  0xD5F3, 0xD5F3, 0xE696, 0xE696, 0xE696, 0xE696, 0xE696, 0xE696, 0xD5F3, 0xD5F3, 0xC570, 0xC570,
  0xE50A, 0xE50A, 0xD5F3, 0xD5F3, 0xD5F3, 0xD5F3, 0xE696, 0xE696, 0xE696, 0xE696, 0xD5F3, 0xD5F3,
  0xE50A, 0xE50A, 0xE50A, 0xE50A, 0xD5F3, 0xD5F3, 0xE696, 0xE696, 0xE696, 0xE696, 0xE696, 0xE696,
  0xD5F3, 0xD5F3, 0xE50A, 0xE50A, 0xC570, 0xC570, 0xD5F3, 0xD5F3, 0xE696, 0xE696, 0xE696, 0xE696,
  0xD5F3, 0xD5F3, 0xC570, 0xC570, 0xE50A, 0xE50A, 0xD5F3, 0xD5F3, 0xE696, 0xE696, 0xE696, 0xE696,
  0xD5F3, 0xD5F3, 0xD5F3, 0xD5F3, 0xE50A, 0xE50A, 0xC570, 0xC570, 0xD5F3, 0xD5F3, 0xD5F3, 0xD5F3,
  0xD5F3, 0xD5F3, 0xD5F3, 0xD5F3, 0xD5F3, 0xD5F3, 0xD5F3, 0xD5F3, 0xD5F3, 0xD5F3, 0xAE56, 0xAE56,
  0x8593, 0x8593, 0x8593, 0x8593, 0x8593, 0x8593, 0x5BEA, 0x5BEA, 0x6CB0, 0x6CB0, 0x5BEA, 0x5BEA,
  0x72E8, 0x72E8, 0xA326, 0xA326, 0xA326, 0xA326, 0xA326, 0xA326, 0xA326, 0xA326, 0xA326, 0xA326,
  0xA326, 0xA326, 0xA326, 0xA326, 0xA326, 0xA326, 0xA326, 0xA326, 0xA326, 0xA326, 0x72E8, 0x72E8,
  0x72E8, 0x72E8, 0xA326, 0xA326, 0xA326, 0xA326, 0x72E8, 0x72E8, 0x72E8, 0x72E8, 0x72E8, 0x72E8,
  0x5BEA, 0x5BEA, 0x6CB0, 0x6CB0, 0x8593, 0x8593, 0x8593, 0x8593, 0x8593, 0x8593, 0x8593, 0x8593,
  0x8593, 0x8593, 0xD5F3, 0xD5F3, 0xD5F3, 0xD5F3, 0xE696, 0xE696, 0xD5F3, 0xD5F3, 0xC570, 0xC570,
  0xE50A, 0xE50A, 0xD5F3, 0xD5F3, 0xE696, 0xE696, 0xE696, 0xE696, 0xE696, 0xE696, 0xD5F3, 0xD5F3,
  0xC570, 0xC570, 0xE50A, 0xE50A, 0xD5F3, 0xD5F3, 0xE696, 0xE696, 0xE696, 0xE696, 0xE696, 0xE696,
  0xD5F3, 0xD5F3, 0xC570, 0xC570, 0xC570, 0xC570, 0xD5F3, 0xD5F3, 0xE696, 0xE696, 0xD5F3, 0xD5F3,
  0xD5F3, 0xD5F3, 0xE696, 0xE696, 0xD5F3, 0xD5F3, 0xD5F3, 0xD5F3, 0xE696, 0xE696, 0xD5F3, 0xD5F3,
  0xC570, 0xC570, 0xD5F3, 0xD5F3, 0xD5F3, 0xD5F3, 0xE696, 0xE696, 0xE696, 0xE696, 0xD5F3, 0xD5F3,
  0xC570, 0xC570, 0xE50A, 0xE50A, 0xD5F3, 0xD5F3, 0xE696, 0xE696, 0xE696, 0xE696, 0xE696, 0xE696,
  0xD5F3, 0xD5F3, 0xC570, 0xC570, 0xE50A, 0xE50A, 0xD5F3, 0xD5F3, 0xE696, 0xE696, 0xE696, 0xE696,
  0xE696, 0xE696, 0xD5F3, 0xD5F3, 0xE50A, 0xE50A, 0xC570, 0xC570, 0xD5F3, 0xD5F3, 0xE696, 0xE696,
  0xE696, 0xE696, 0xE696, 0xE696, 0xD5F3, 0xD5F3, 0xD5F3, 0xD5F3, 0xD5F3, 0xD5F3, 0xE696, 0xE696,
  0xD5F3, 0xD5F3, 0xD5F3, 0xD5F3, 0xD5F3, 0xD5F3, 0xD5F3, 0xD5F3, 0xD5F3, 0xD5F3, 0xD5F3, 0xD5F3,
  0xE696, 0xE696, 0xD5F3, 0xD5F3, 0xD5F3, 0xD5F3, 0xD5F3, 0xD5F3, 0xD5F3, 0xD5F3, 0xD5F3, 0xD5F3,
  0xE696, 0xE696, 0xD5F3, 0xD5F3, 0xD5F3, 0xD5F3, 0xD5F3, 0xD5F3, 0xD5F3, 0xD5F3, 0xD5F3, 0xD5F3,
  0xE696, 0xE696, 0xE696, 0xE696, 0xD5F3, 0xD5F3, 0xD5F3, 0xD5F3, 0xD5F3, 0xD5F3, 0xD5F3, 0xD5F3,
  0xD5F3, 0xD5F3, 0xE696, 0xE696, 0xD5F3, 0xD5F3, 0xD5F3, 0xD5F3, 0xD5F3, 0xD5F3, 0xD5F3, 0xD5F3,
  0xD5F3, 0xD5F3, 0xAE56, 0xAE56, 0x8593, 0x8593, 0x8593, 0x8593, 0x8593, 0x8593, 0x8593, 0x8593,
  0x6CB0, 0x6CB0, 0x72E8, 0x72E8, 0xA326, 0xA326, 0xA326, 0xA326, 0xA326, 0xA326, 0xA326, 0xA326,
  0xA326, 0xA326, 0xA326, 0xA326, 0xA326, 0xA326, 0x72E8, 0x72E8, 0x72E8, 0x72E8, 0xA326, 0xA326,
  0xA326, 0xA326, 0x72E8, 0x72E8, 0x72E8, 0x72E8, 0x72E8, 0x72E8, 0x72E8, 0x72E8, 0xA326, 0xA326,
  0x5BEA, 0x5BEA, 0x6CB0, 0x6CB0, 0x8593, 0x8593, 0x8593, 0x8593, 0x8593, 0x8593, 0x8593, 0x8593,
  0x8593, 0x8593, 0xD5F3, 0xD5F3, 0xD5F3, 0xD5F3, 0xE696, 0xE696, 0xD5F3, 0xD5F3, 0xC570, 0xC570,
  0xE50A, 0xE50A, 0xD5F3, 0xD5F3, 0xE696, 0xE696, 0xE696, 0xE696, 0xE696, 0xE696, 0xD5F3, 0xD5F3,
  0xC570, 0xC570, 0xE50A, 0xE50A, 0xD5F3, 0xD5F3, 0xE696, 0xE696, 0xE696, 0xE696, 0xE696, 0xE696,
  0xD5F3, 0xD5F3, 0xC570, 0xC570, 0xC570, 0xC570, 0xD5F3, 0xD5F3, 0xE696, 0xE696, 0xD5F3, 0xD5F3,
  0xD5F3, 0xD5F3, 0xE696, 0xE696, 0xD5F3, 0xD5F3, 0xD5F3, 0xD5F3, 0xE696, 0xE696, 0xD5F3, 0xD5F3,
  0xC570, 0xC570, 0xD5F3, 0xD5F3, 0xD5F3, 0xD5F3, 0xE696, 0xE696, 0xE696, 0xE696, 0xD5F3, 0xD5F3,
  0xC570, 0xC570, 0xE50A, 0xE50A, 0xD5F3, 0xD5F3, 0xE696, 0xE696, 0xE696, 0xE696, 0xE696, 0xE696,
  0xD5F3, 0xD5F3, 0xC570, 0xC570, 0xE50A, 0xE50A, 0xD5F3, 0xD5F3, 0xE696, 0xE696, 0xE696, 0xE696,
  0xE696, 0xE696, 0xD5F3, 0xD5F3, 0xE50A, 0xE50A, 0xC570, 0xC570, 0xD5F3, 0xD5F3, 0xE696, 0xE696,
  0xE696, 0xE696, 0xE696, 0xE696, 0xD5F3, 0xD5F3, 0xD5F3, 0xD5F3, 0xD5F3, 0xD5F3, 0xE696, 0xE696,
  0xD5F3, 0xD5F3, 0xD5F3, 0xD5F3, 0xD5F3, 0xD5F3, 0xD5F3, 0xD5F3, 0xD5F3, 0xD5F3, 0xD5F3, 0xD5F3,
  0xE696, 0xE696, 0xD5F3, 0xD5F3, 0xD5F3, 0xD5F3, 0xD5F3, 0xD5F3, 0xD5F3, 0xD5F3, 0xD5F3, 0xD5F3,
  0xE696, 0xE696, 0xD5F3, 0xD5F3, 0xD5F3, 0xD5F3, 0xD5F3, 0xD5F3, 0xD5F3, 0xD5F3, 0xD5F3, 0xD5F3,
  0xE696, 0xE696, 0xE696, 0xE696, 0xD5F3, 0xD5F3, 0xD5F3, 0xD5F3, 0xD5F3, 0xD5F3, 0xD5F3, 0xD5F3,
  0xD5F3, 0xD5F3, 0xE696, 0xE696, 0xD5F3, 0xD5F3, 0xD5F3, 0xD5F3, 0xD5F3, 0xD5F3, 0xD5F3, 0xD5F3,
  0xD5F3, 0xD5F3, 0xAE56, 0xAE56, 0x8593, 0x8593, 0x8593, 0x8593, 0x8593, 0x8593, 0x8593, 0x8593,
  0x6CB0, 0x6CB0, 0x72E8, 0x72E8, 0xA326, 0xA326, 0xA326, 0xA326, 0xA326, 0xA326, 0xA326, 0xA326,
  0xA326, 0xA326, 0xA326, 0xA326, 0xA326, 0xA326, 0x72E8, 0x72E8, 0x72E8, 0x72E8, 0xA326, 0xA326,
  0xA326, 0xA326, 0x72E8, 0x72E8, 0x72E8, 0x72E8, 0x72E8, 0x72E8, 0x72E8, 0x72E8, 0xA326, 0xA326,
  0x72E8, 0x72E8, 0x5A88, 0x5A88, 0x5A88, 0x5A88, 0x5BEA, 0x5BEA, 0x8593, 0x8593, 0x8593, 0x8593,
  0x8593, 0x8593, 0x8593, 0x8593, 0xAE56, 0xAE56, 0xD5F3, 0xD5F3, 0xD5F3, 0xD5F3, 0xE696, 0xE696,
  0xD5F3, 0xD5F3, 0xD5F3, 0xD5F3, 0xD5F3, 0xD5F3, 0xD5F3, 0xD5F3, 0xD5F3, 0xD5F3, 0xE696, 0xE696,
  0xD5F3, 0xD5F3, 0xD5F3, 0xD5F3, 0xD5F3, 0xD5F3, 0xD5F3, 0xD5F3, 0xE696, 0xE696, 0xE696, 0xE696,
  0xD5F3, 0xD5F3, 0xC570, 0xC570, 0xE50A, 0xE50A, 0xD5F3, 0xD5F3, 0xE696, 0xE696, 0xE696, 0xE696,
  0xE696, 0xE696, 0xD5F3, 0xD5F3, 0xE50A, 0xE50A, 0xE50A, 0xE50A, 0xD5F3, 0xD5F3, 0xE696, 0xE696,
  0xE696, 0xE696, 0xE696, 0xE696, 0xD5F3, 0xD5F3, 0xE50A, 0xE50A, 0xC570, 0xC570, 0xD5F3, 0xD5F3,
  0xE696, 0xE696, 0xD5F3, 0xD5F3, 0xD5F3, 0xD5F3, 0xD5F3, 0xD5F3, 0xD5F3, 0xD5F3, 0xD5F3, 0xD5F3,
  0xE696, 0xE696, 0xD5F3, 0xD5F3, 0xD5F3, 0xD5F3, 0xD5F3, 0xD5F3, 0xD5F3, 0xD5F3, 0xE696, 0xE696,
  0xE696, 0xE696, 0xD5F3, 0xD5F3, 0xD5F3, 0xD5F3, 0xE50A, 0xE50A, 0xD5F3, 0xD5F3, 0xE696, 0xE696,
  0xE696, 0xE696, 0xE696, 0xE696, 0xD5F3, 0xD5F3, 0xE50A, 0xE50A, 0xE50A, 0xE50A, 0xD5F3, 0xD5F3,
  0xE696, 0xE696, 0xE696, 0xE696, 0xE696, 0xE696, 0xD5F3, 0xD5F3, 0xE50A, 0xE50A, 0xE50A, 0xE50A,
  0xD5F3, 0xD5F3, 0xE696, 0xE696, 0xE696, 0xE696, 0xE696, 0xE696, 0xC570, 0xC570, 0xE50A, 0xE50A,
  0xD5F3, 0xD5F3, 0xD5F3, 0xD5F3, 0xE696, 0xE696, 0xE696, 0xE696, 0xD5F3, 0xD5F3, 0xE50A, 0xE50A,
  0xE50A, 0xE50A, 0xD5F3, 0xD5F3, 0xE696, 0xE696, 0xE696, 0xE696, 0xE696, 0xE696, 0xD5F3, 0xD5F3,
  0xE50A, 0xE50A, 0xC570, 0xC570, 0xE696, 0xE696, 0xD5F3, 0xD5F3, 0xD5F3, 0xD5F3, 0xD5F3, 0xD5F3,
  0xD5F3, 0xD5F3, 0xD5F3, 0xD5F3, 0xD5F3, 0xD5F3, 0xAE56, 0xAE56, 0x8593, 0x8593, 0x8593, 0x8593,
  0x8593, 0x8593, 0x5BEA, 0x5BEA, 0x6CB0, 0x6CB0, 0x72E8, 0x72E8, 0xA326, 0xA326, 0xA326, 0xA326,
  0xA326, 0xA326, 0xA326, 0xA326, 0x72E8, 0x72E8, 0x72E8, 0x72E8, 0xA326, 0xA326, 0xA326, 0xA326,
  0x72E8, 0x72E8, 0x72E8, 0x72E8, 0x72E8, 0x72E8, 0x72E8, 0x72E8, 0xA326, 0xA326, 0xA326, 0xA326,
  0x72E8, 0x72E8, 0x5A88, 0x5A88, 0x5A88, 0x5A88, 0x5BEA, 0x5BEA, 0x8593, 0x8593, 0x8593, 0x8593,
  0x8593, 0x8593, 0x8593, 0x8593, 0xAE56, 0xAE56, 0xD5F3, 0xD5F3, 0xD5F3, 0xD5F3, 0xE696, 0xE696,
  0xD5F3, 0xD5F3, 0xD5F3, 0xD5F3, 0xD5F3, 0xD5F3, 0xD5F3, 0xD5F3, 0xD5F3, 0xD5F3, 0xE696, 0xE696,
  0xD5F3, 0xD5F3, 0xD5F3, 0xD5F3, 0xD5F3, 0xD5F3, 0xD5F3, 0xD5F3, 0xE696, 0xE696, 0xE696, 0xE696,
  0xD5F3, 0xD5F3, 0xC570, 0xC570, 0xE50A, 0xE50A, 0xD5F3, 0xD5F3, 0xE696, 0xE696, 0xE696, 0xE696,
  0xE696, 0xE696, 0xD5F3, 0xD5F3, 0xE50A, 0xE50A, 0xE50A, 0xE50A, 0xD5F3, 0xD5F3, 0xE696, 0xE696,
  0xE696, 0xE696, 0xE696, 0xE696, 0xD5F3, 0xD5F3, 0xE50A, 0xE50A, 0xC570, 0xC570, 0xD5F3, 0xD5F3,
  0xE696, 0xE696, 0xD5F3, 0xD5F3, 0xD5F3, 0xD5F3, 0xD5F3, 0xD5F3, 0xD5F3, 0xD5F3, 0xD5F3, 0xD5F3,
  0xE696, 0xE696, 0xD5F3, 0xD5F3, 0xD5F3, 0xD5F3, 0xD5F3, 0xD5F3, 0xD5F3, 0xD5F3, 0xE696, 0xE696,
  0xE696, 0xE696, 0xD5F3, 0xD5F3, 0xD5F3, 0xD5F3, 0xE50A, 0xE50A, 0xD5F3, 0xD5F3, 0xE696, 0xE696,
  0xE696, 0xE696, 0xE696, 0xE696, 0xD5F3, 0xD5F3, 0xE50A, 0xE50A, 0xE50A, 0xE50A, 0xD5F3, 0xD5F3,
  0xE696, 0xE696, 0xE696, 0xE696, 0xE696, 0xE696, 0xD5F3, 0xD5F3, 0xE50A, 0xE50A, 0xE50A, 0xE50A,
  0xD5F3, 0xD5F3, 0xE696, 0xE696, 0xE696, 0xE696, 0xE696, 0xE696, 0xC570, 0xC570, 0xE50A, 0xE50A,
  0xD5F3, 0xD5F3, 0xD5F3, 0xD5F3, 0xE696, 0xE696, 0xE696, 0xE696, 0xD5F3, 0xD5F3, 0xE50A, 0xE50A,
  0xE50A, 0xE50A, 0xD5F3, 0xD5F3, 0xE696, 0xE696, 0xE696, 0xE696, 0xE696, 0xE696, 0xD5F3, 0xD5F3,
  0xE50A, 0xE50A, 0xC570, 0xC570, 0xE696, 0xE696, 0xD5F3, 0xD5F3, 0xD5F3, 0xD5F3, 0xD5F3, 0xD5F3,
  0xD5F3, 0xD5F3, 0xD5F3, 0xD5F3, 0xD5F3, 0xD5F3, 0xAE56, 0xAE56, 0x8593, 0x8593, 0x8593, 0x8593,
  0x8593, 0x8593, 0x5BEA, 0x5BEA, 0x6CB0, 0x6CB0, 0x72E8, 0x72E8, 0xA326, 0xA326, 0xA326, 0xA326,
  0xA326, 0xA326, 0xA326, 0xA326, 0x72E8, 0x72E8, 0x72E8, 0x72E8, 0xA326, 0xA326, 0xA326, 0xA326,
  0x72E8, 0x72E8, 0x72E8, 0x72E8, 0x72E8, 0x72E8, 0x72E8, 0x72E8, 0xA326, 0xA326, 0xA326, 0xA326,
  0x72E8, 0x72E8, 0xA326, 0xA326, 0xA326, 0xA326, 0x72E8, 0x72E8, 0x6CB0, 0x6CB0, 0x8593, 0x8593,
  0x8593, 0x8593, 0x8593, 0x8593, 0x8593, 0x8593, 0x8593, 0x8593, 0xAE56, 0xAE56, 0xD5F3, 0xD5F3,
  0xE696, 0xE696, 0xE696, 0xE696, 0xD5F3, 0xD5F3, 0xE50A, 0xE50A, 0xE50A, 0xE50A, 0xD5F3, 0xD5F3,
  0xE696, 0xE696, 0xE696, 0xE696, 0xE696, 0xE696, 0xD5F3, 0xD5F3, 0xE50A, 0xE50A, 0xC570, 0xC570,
  0xD5F3, 0xD5F3, 0xE696, 0xE696, 0xE696, 0xE696, 0xD5F3, 0xD5F3, 0xD5F3, 0xD5F3, 0xC570, 0xC570,
  0xD5F3, 0xD5F3, 0xE696, 0xE696, 0xD5F3, 0xD5F3, 0xD5F3, 0xD5F3, 0xD5F3, 0xD5F3, 0xE696, 0xE696,
  0xD5F3, 0xD5F3, 0xE696, 0xE696, 0xE696, 0xE696, 0xC570, 0xC570, 0xE50A, 0xE50A, 0xD5F3, 0xD5F3,
  0xD5F3, 0xD5F3, 0xE696, 0xE696, 0xE696, 0xE696, 0xD5F3, 0xD5F3, 0xE50A, 0xE50A, 0xE50A, 0xE50A,
  0xD5F3, 0xD5F3, 0xE696, 0xE696, 0xE696, 0xE696, 0xD5F3, 0xD5F3, 0xD5F3, 0xD5F3, 0xE50A, 0xE50A,
  0xE50A, 0xE50A, 0xD5F3, 0xD5F3, 0xE696, 0xE696, 0xE696, 0xE696, 0xE696, 0xE696, 0xD5F3, 0xD5F3,
  0xC570, 0xC570, 0xD5F3, 0xD5F3, 0xE696, 0xE696, 0xE696, 0xE696, 0xD5F3, 0xD5F3, 0xD5F3, 0xD5F3,
  0xD5F3, 0xD5F3, 0xD5F3, 0xD5F3, 0xD5F3, 0xD5F3, 0xE696, 0xE696, 0xD5F3, 0xD5F3, 0xD5F3, 0xD5F3,
  0xD5F3, 0xD5F3, 0xD5F3, 0xD5F3, 0xD5F3, 0xD5F3, 0xE696, 0xE696, 0xD5F3, 0xD5F3, 0xD5F3, 0xD5F3,
  0xD5F3, 0xD5F3, 0xD5F3, 0xD5F3, 0xD5F3, 0xD5F3, 0xD5F3, 0xD5F3, 0xE696, 0xE696, 0xD5F3, 0xD5F3,
  0xC570, 0xC570, 0xD5F3, 0xD5F3, 0xD5F3, 0xD5F3, 0xD5F3, 0xD5F3, 0xE696, 0xE696, 0xD5F3, 0xD5F3,
  0xD5F3, 0xD5F3, 0xD5F3, 0xD5F3, 0xD5F3, 0xD5F3, 0xD5F3, 0xD5F3, 0xD5F3, 0xD5F3, 0xD5F3, 0xD5F3,
  0xD5F3, 0xD5F3, 0xD5F3, 0xD5F3, 0xD5F3, 0xD5F3, 0xD5F3, 0xD5F3, 0xD5F3, 0xD5F3, 0xAE56, 0xAE56,
  0x8593, 0x8593, 0x8593, 0x8593, 0x8593, 0x8593, 0x8593, 0x8593, 0x5BEA, 0x5BEA, 0xA326, 0xA326,
  0xA326, 0xA326, 0x7225, 0x7225, 0x72E8, 0x72E8, 0xA326, 0xA326, 0x72E8, 0x72E8, 0x72E8, 0x72E8,
  0x72E8, 0x72E8, 0x72E8, 0x72E8, 0xA326, 0xA326, 0xA326, 0xA326, 0xA326, 0xA326, 0x72E8, 0x72E8,
  0x72E8, 0x72E8, 0xA326, 0xA326, 0xA326, 0xA326, 0x72E8, 0x72E8, 0x6CB0, 0x6CB0, 0x8593, 0x8593,
  0x8593, 0x8593, 0x8593, 0x8593, 0x8593, 0x8593, 0x8593, 0x8593, 0xAE56, 0xAE56, 0xD5F3, 0xD5F3,
  0xE696, 0xE696, 0xE696, 0xE696, 0xD5F3, 0xD5F3, 0xE50A, 0xE50A, 0xE50A, 0xE50A, 0xD5F3, 0xD5F3,
  0xE696, 0xE696, 0xE696, 0xE696, 0xE696, 0xE696, 0xD5F3, 0xD5F3, 0xE50A, 0xE50A, 0xC570, 0xC570,
  0xD5F3, 0xD5F3, 0xE696, 0xE696, 0xE696, 0xE696, 0xD5F3, 0xD5F3, 0xD5F3, 0xD5F3, 0xC570, 0xC570,
  0xD5F3, 0xD5F3, 0xE696, 0xE696, 0xD5F3, 0xD5F3, 0xD5F3, 0xD5F3, 0xD5F3, 0xD5F3, 0xE696, 0xE696,
  0xD5F3, 0xD5F3, 0xE696, 0xE696, 0xE696, 0xE696, 0xC570, 0xC570, 0xE50A, 0xE50A, 0xD5F3, 0xD5F3,
  0xD5F3, 0xD5F3, 0xE696, 0xE696, 0xE696, 0xE696, 0xD5F3, 0xD5F3, 0xE50A, 0xE50A, 0xE50A, 0xE50A,
  0xD5F3, 0xD5F3, 0xE696, 0xE696, 0xE696, 0xE696, 0xD5F3, 0xD5F3, 0xD5F3, 0xD5F3, 0xE50A, 0xE50A,
  0xE50A, 0xE50A, 0xD5F3, 0xD5F3, 0xE696, 0xE696, 0xE696, 0xE696, 0xE696, 0xE696, 0xD5F3, 0xD5F3,
  0xC570, 0xC570, 0xD5F3, 0xD5F3, 0xE696, 0xE696, 0xE696, 0xE696, 0xD5F3, 0xD5F3, 0xD5F3, 0xD5F3,
  0xD5F3, 0xD5F3, 0xD5F3, 0xD5F3, 0xD5F3, 0xD5F3, 0xE696, 0xE696, 0xD5F3, 0xD5F3, 0xD5F3, 0xD5F3,
  0xD5F3, 0xD5F3, 0xD5F3, 0xD5F3, 0xD5F3, 0xD5F3, 0xE696, 0xE696, 0xD5F3, 0xD5F3, 0xD5F3, 0xD5F3,
  0xD5F3, 0xD5F3, 0xD5F3, 0xD5F3, 0xD5F3, 0xD5F3, 0xD5F3, 0xD5F3, 0xE696, 0xE696, 0xD5F3, 0xD5F3,
  0xC570, 0xC570, 0xD5F3, 0xD5F3, 0xD5F3, 0xD5F3, 0xD5F3, 0xD5F3, 0xE696, 0xE696, 0xD5F3, 0xD5F3,
  0xD5F3, 0xD5F3, 0xD5F3, 0xD5F3, 0xD5F3, 0xD5F3, 0xD5F3, 0xD5F3, 0xD5F3, 0xD5F3, 0xD5F3, 0xD5F3,
  0xD5F3, 0xD5F3, 0xD5F3, 0xD5F3, 0xD5F3, 0xD5F3, 0xD5F3, 0xD5F3, 0xD5F3, 0xD5F3, 0xAE56, 0xAE56,
  0x8593, 0x8593, 0x8593, 0x8593, 0x8593, 0x8593, 0x8593, 0x8593, 0x5BEA, 0x5BEA, 0xA326, 0xA326,
  0xA326, 0xA326, 0x7225, 0x7225, 0x72E8, 0x72E8, 0xA326, 0xA326, 0x72E8, 0x72E8, 0x72E8, 0x72E8,
  0x72E8, 0x72E8, 0x72E8, 0x72E8, 0xA326, 0xA326, 0xA326, 0xA326, 0xA326, 0xA326, 0x72E8, 0x72E8,
  0xA326, 0xA326, 0xA326, 0xA326, 0xA326, 0xA326, 0xA326, 0xA326, 0x72E8, 0x72E8, 0x72E8, 0x72E8,
  0x5A88, 0x5A88, 0x6CB0, 0x6CB0, 0xAE56, 0xAE56, 0x8593, 0x8593, 0x8593, 0x8593, 0x8593, 0x8593,
  0xD5F3, 0xD5F3, 0xD5F3, 0xD5F3, 0xE696, 0xE696, 0xE696, 0xE696, 0xD5F3, 0xD5F3, 0xD5F3, 0xD5F3,
  0xD5F3, 0xD5F3, 0xD5F3, 0xD5F3, 0xD5F3, 0xD5F3, 0xD5F3, 0xD5F3, 0xD5F3, 0xD5F3, 0xC570, 0xC570,
  0xD5F3, 0xD5F3, 0xD5F3, 0xD5F3, 0xE696, 0xE696, 0xE696, 0xE696, 0xD5F3, 0xD5F3, 0xE50A, 0xE50A,
  0xE50A, 0xE50A, 0xD5F3, 0xD5F3, 0xE696, 0xE696, 0xE696, 0xE696, 0xE696, 0xE696, 0xD5F3, 0xD5F3,
  0xE50A, 0xE50A, 0xE50A, 0xE50A, 0xD5F3, 0xD5F3, 0xE696, 0xE696, 0xE696, 0xE696, 0xD5F3, 0xD5F3,
  0xD5F3, 0xD5F3, 0xC570, 0xC570, 0xD5F3, 0xD5F3, 0xE696, 0xE696, 0xD5F3, 0xD5F3, 0xD5F3, 0xD5F3,
  0xD5F3, 0xD5F3, 0xD5F3, 0xD5F3, 0xD5F3, 0xD5F3, 0xE696, 0xE696, 0xE696, 0xE696, 0xD5F3, 0xD5F3,
  0xC570, 0xC570, 0xD5F3, 0xD5F3, 0xE696, 0xE696, 0xE696, 0xE696, 0xE696, 0xE696, 0xD5F3, 0xD5F3,
  0xC570, 0xC570, 0xE50A, 0xE50A, 0xD5F3, 0xD5F3, 0xD5F3, 0xD5F3, 0xE696, 0xE696, 0xE696, 0xE696,
  0xD5F3, 0xD5F3, 0xE50A, 0xE50A, 0xE50A, 0xE50A, 0xD5F3, 0xD5F3, 0xD5F3, 0xD5F3, 0xE696, 0xE696,
  0xE696, 0xE696, 0xD5F3, 0xD5F3, 0xE50A, 0xE50A, 0xC570, 0xC570, 0xE696, 0xE696, 0xE696, 0xE696,
  0xE696, 0xE696, 0xD5F3, 0xD5F3, 0xC570, 0xC570, 0xE50A, 0xE50A, 0xD5F3, 0xD5F3, 0xE696, 0xE696,
  0xE696, 0xE696, 0xE696, 0xE696, 0xD5F3, 0xD5F3, 0xE50A, 0xE50A, 0xE50A, 0xE50A, 0xD5F3, 0xD5F3,
  0xE696, 0xE696, 0xE696, 0xE696, 0xE696, 0xE696, 0xC570, 0xC570, 0xE50A, 0xE50A, 0xD5F3, 0xD5F3,
  0xD5F3, 0xD5F3, 0xD5F3, 0xD5F3, 0xD5F3, 0xD5F3, 0xD5F3, 0xD5F3, 0xE696, 0xE696, 0xD5F3, 0xD5F3,
  0xD5F3, 0xD5F3, 0xAE56, 0xAE56, 0x8593, 0x8593, 0xAE56, 0xAE56, 0x8593, 0x8593, 0x5BEA, 0x5BEA,
  0x72E8, 0x72E8, 0x72E8, 0x72E8, 0xA326, 0xA326, 0x72E8, 0x72E8, 0x72E8, 0x72E8, 0x72E8, 0x72E8,
  0x72E8, 0x72E8, 0x72E8, 0x72E8, 0xA326, 0xA326, 0xA326, 0xA326, 0x72E8, 0x72E8, 0x72E8, 0x72E8,
  0xA326, 0xA326, 0xA326, 0xA326, 0xA326, 0xA326, 0xA326, 0xA326, 0x72E8, 0x72E8, 0x72E8, 0x72E8,
  0x5A88, 0x5A88, 0x6CB0, 0x6CB0, 0xAE56, 0xAE56, 0x8593, 0x8593, 0x8593, 0x8593, 0x8593, 0x8593,
  0xD5F3, 0xD5F3, 0xD5F3, 0xD5F3, 0xE696, 0xE696, 0xE696, 0xE696, 0xD5F3, 0xD5F3, 0xD5F3, 0xD5F3,
  0xD5F3, 0xD5F3, 0xD5F3, 0xD5F3, 0xD5F3, 0xD5F3, 0xD5F3, 0xD5F3, 0xD5F3, 0xD5F3, 0xC570, 0xC570,
  0xD5F3, 0xD5F3, 0xD5F3, 0xD5F3, 0xE696, 0xE696, 0xE696, 0xE696, 0xD5F3, 0xD5F3, 0xE50A, 0xE50A,
  0xE50A, 0xE50A, 0xD5F3, 0xD5F3, 0xE696, 0xE696, 0xE696, 0xE696, 0xE696, 0xE696, 0xD5F3, 0xD5F3,
  0xE50A, 0xE50A, 0xE50A, 0xE50A, 0xD5F3, 0xD5F3, 0xE696, 0xE696, 0xE696, 0xE696, 0xD5F3, 0xD5F3,
  0xD5F3, 0xD5F3, 0xC570, 0xC570, 0xD5F3, 0xD5F3, 0xE696, 0xE696, 0xD5F3, 0xD5F3, 0xD5F3, 0xD5F3,
  0xD5F3, 0xD5F3, 0xD5F3, 0xD5F3, 0xD5F3, 0xD5F3, 0xE696, 0xE696, 0xE696, 0xE696, 0xD5F3, 0xD5F3,
  0xC570, 0xC570, 0xD5F3, 0xD5F3, 0xE696, 0xE696, 0xE696, 0xE696, 0xE696, 0xE696, 0xD5F3, 0xD5F3,
  0xC570, 0xC570, 0xE50A, 0xE50A, 0xD5F3, 0xD5F3, 0xD5F3, 0xD5F3, 0xE696, 0xE696, 0xE696, 0xE696,
  0xD5F3, 0xD5F3, 0xE50A, 0xE50A, 0xE50A, 0xE50A, 0xD5F3, 0xD5F3, 0xD5F3, 0xD5F3, 0xE696, 0xE696,
  0xE696, 0xE696, 0xD5F3, 0xD5F3, 0xE50A, 0xE50A, 0xC570, 0xC570, 0xE696, 0xE696, 0xE696, 0xE696,
  0xE696, 0xE696, 0xD5F3, 0xD5F3, 0xC570, 0xC570, 0xE50A, 0xE50A, 0xD5F3, 0xD5F3, 0xE696, 0xE696,
  0xE696, 0xE696, 0xE696, 0xE696, 0xD5F3, 0xD5F3, 0xE50A, 0xE50A, 0xE50A, 0xE50A, 0xD5F3, 0xD5F3,
  0xE696, 0xE696, 0xE696, 0xE696, 0xE696, 0xE696, 0xC570, 0xC570, 0xE50A, 0xE50A, 0xD5F3, 0xD5F3,
  0xD5F3, 0xD5F3, 0xD5F3, 0xD5F3, 0xD5F3, 0xD5F3, 0xD5F3, 0xD5F3, 0xE696, 0xE696, 0xD5F3, 0xD5F3,
  0xD5F3, 0xD5F3, 0xAE56, 0xAE56, 0x8593, 0x8593, 0xAE56, 0xAE56, 0x8593, 0x8593, 0x5BEA, 0x5BEA,
  0x72E8, 0x72E8, 0x72E8, 0x72E8, 0xA326, 0xA326, 0x72E8, 0x72E8, 0x72E8, 0x72E8, 0x72E8, 0x72E8,
  0x72E8, 0x72E8, 0x72E8, 0x72E8, 0xA326, 0xA326, 0xA326, 0xA326, 0x72E8, 0x72E8, 0x72E8, 0x72E8,
  0xA326, 0xA326, 0xA326, 0xA326, 0xA326, 0xA326, 0xA326, 0xA326, 0xA326, 0xA326, 0xA326, 0xA326,
  0x7225, 0x7225, 0x5BEA, 0x5BEA, 0x8593, 0x8593, 0x8593, 0x8593, 0x8593, 0x8593, 0x8593, 0x8593,
  0x8593, 0x8593, 0x8593, 0x8593, 0xD5F3, 0xD5F3, 0xE696, 0xE696, 0xE696, 0xE696, 0xE696, 0xE696,
  0xD5F3, 0xD5F3, 0xE50A, 0xE50A, 0xC570, 0xC570, 0xD5F3, 0xD5F3, 0xE696, 0xE696, 0xE696, 0xE696,
  0xD5F3, 0xD5F3, 0xD5F3, 0xD5F3, 0xC570, 0xC570, 0xD5F3, 0xD5F3, 0xD5F3, 0xD5F3, 0xE696, 0xE696,
  0xD5F3, 0xD5F3, 0xD5F3, 0xD5F3, 0xD5F3, 0xD5F3, 0xD5F3, 0xD5F3, 0xE696, 0xE696, 0xE696, 0xE696,
  0xD5F3, 0xD5F3, 0xC570, 0xC570, 0xD5F3, 0xD5F3, 0xD5F3, 0xD5F3, 0xE696, 0xE696, 0xE696, 0xE696,
  0xD5F3, 0xD5F3, 0xC570, 0xC570, 0xE50A, 0xE50A, 0xD5F3, 0xD5F3, 0xD5F3, 0xD5F3, 0xE696, 0xE696,
  0xE696, 0xE696, 0xD5F3, 0xD5F3, 0xE50A, 0xE50A, 0xE50A, 0xE50A, 0xD5F3, 0xD5F3, 0xE696, 0xE696,
  0xE696, 0xE696, 0xE696, 0xE696, 0xD5F3, 0xD5F3, 0xE50A, 0xE50A, 0xC570, 0xC570, 0xE696, 0xE696,
  0xE696, 0xE696, 0xE696, 0xE696, 0xD5F3, 0xD5F3, 0xD5F3, 0xD5F3, 0xC570, 0xC570, 0xD5F3, 0xD5F3,
  0xE696, 0xE696, 0xD5F3, 0xD5F3, 0xD5F3, 0xD5F3, 0xD5F3, 0xD5F3, 0xD5F3, 0xD5F3, 0xD5F3, 0xD5F3,
  0xE696, 0xE696, 0xD5F3, 0xD5F3, 0xD5F3, 0xD5F3, 0xD5F3, 0xD5F3, 0xE696, 0xE696, 0xD5F3, 0xD5F3,
  0xD5F3, 0xD5F3, 0xE696, 0xE696, 0xD5F3, 0xD5F3, 0xD5F3, 0xD5F3, 0xD5F3, 0xD5F3, 0xD5F3, 0xD5F3,
  0xD5F3, 0xD5F3, 0xD5F3, 0xD5F3, 0xD5F3, 0xD5F3, 0xD5F3, 0xD5F3, 0xD5F3, 0xD5F3, 0xD5F3, 0xD5F3,
  0xD5F3, 0xD5F3, 0xD5F3, 0xD5F3, 0xE696, 0xE696, 0xD5F3, 0xD5F3, 0xD5F3, 0xD5F3, 0xD5F3, 0xD5F3,
  0xD5F3, 0xD5F3, 0xD5F3, 0xD5F3, 0xD5F3, 0xD5F3, 0xD5F3, 0xD5F3, 0xD5F3, 0xD5F3, 0xD5F3, 0xD5F3,
  0xE696, 0xE696, 0xE696, 0xE696, 0xAE56, 0xAE56, 0x8593, 0x8593, 0x8593, 0x8593, 0x8593, 0x8593,
  0x8593, 0x8593, 0x72E8, 0x72E8, 0xA326, 0xA326, 0x72E8, 0x72E8, 0x72E8, 0x72E8, 0x72E8, 0x72E8,
  0xA326, 0xA326, 0xA326, 0xA326, 0xA326, 0xA326, 0x72E8, 0x72E8, 0x72E8, 0x72E8, 0xA326, 0xA326,
  0xA326, 0xA326, 0xA326, 0xA326, 0xA326, 0xA326, 0xA326, 0xA326, 0xA326, 0xA326, 0xA326, 0xA326,
  0x7225, 0x7225, 0x5BEA, 0x5BEA, 0x8593, 0x8593, 0x8593, 0x8593, 0x8593, 0x8593, 0x8593, 0x8593,
  0x8593, 0x8593, 0x8593, 0x8593, 0xD5F3, 0xD5F3, 0xE696, 0xE696, 0xE696, 0xE696, 0xE696, 0xE696,
  0xD5F3, 0xD5F3, 0xE50A, 0xE50A, 0xC570, 0xC570, 0xD5F3, 0xD5F3, 0xE696, 0xE696, 0xE696, 0xE696,
  0xD5F3, 0xD5F3, 0xD5F3, 0xD5F3, 0xC570, 0xC570, 0xD5F3, 0xD5F3, 0xD5F3, 0xD5F3, 0xE696, 0xE696,
  0xD5F3, 0xD5F3, 0xD5F3, 0xD5F3, 0xD5F3, 0xD5F3, 0xD5F3, 0xD5F3, 0xE696, 0xE696, 0xE696, 0xE696,
  0xD5F3, 0xD5F3, 0xC570, 0xC570, 0xD5F3, 0xD5F3, 0xD5F3, 0xD5F3, 0xE696, 0xE696, 0xE696, 0xE696,
  0xD5F3, 0xD5F3, 0xC570, 0xC570, 0xE50A, 0xE50A, 0xD5F3, 0xD5F3, 0xD5F3, 0xD5F3, 0xE696, 0xE696,
  0xE696, 0xE696, 0xD5F3, 0xD5F3, 0xE50A, 0xE50A, 0xE50A, 0xE50A, 0xD5F3, 0xD5F3, 0xE696, 0xE696,
  0xE696, 0xE696, 0xE696, 0xE696, 0xD5F3, 0xD5F3, 0xE50A, 0xE50A, 0xC570, 0xC570, 0xE696, 0xE696,
  0xE696, 0xE696, 0xE696, 0xE696, 0xD5F3, 0xD5F3, 0xD5F3, 0xD5F3, 0xC570, 0xC570, 0xD5F3, 0xD5F3,
  0xE696, 0xE696, 0xD5F3, 0xD5F3, 0xD5F3, 0xD5F3, 0xD5F3, 0xD5F3, 0xD5F3, 0xD5F3, 0xD5F3, 0xD5F3,
  0xE696, 0xE696, 0xD5F3, 0xD5F3, 0xD5F3, 0xD5F3, 0xD5F3, 0xD5F3, 0xE696, 0xE696, 0xD5F3, 0xD5F3,
  0xD5F3, 0xD5F3, 0xE696, 0xE696, 0xD5F3, 0xD5F3, 0xD5F3, 0xD5F3, 0xD5F3, 0xD5F3, 0xD5F3, 0xD5F3,
  0xD5F3, 0xD5F3, 0xD5F3, 0xD5F3, 0xD5F3, 0xD5F3, 0xD5F3, 0xD5F3, 0xD5F3, 0xD5F3, 0xD5F3, 0xD5F3,
  0xD5F3, 0xD5F3, 0xD5F3, 0xD5F3, 0xE696, 0xE696, 0xD5F3, 0xD5F3, 0xD5F3, 0xD5F3, 0xD5F3, 0xD5F3,
  0xD5F3, 0xD5F3, 0xD5F3, 0xD5F3, 0xD5F3, 0xD5F3, 0xD5F3, 0xD5F3, 0xD5F3, 0xD5F3, 0xD5F3, 0xD5F3,
  0xE696, 0xE696, 0xE696, 0xE696, 0xAE56, 0xAE56, 0x8593, 0x8593, 0x8593, 0x8593, 0x8593, 0x8593,
  0x8593, 0x8593, 0x72E8, 0x72E8, 0xA326, 0xA326, 0x72E8, 0x72E8, 0x72E8, 0x72E8, 0x72E8, 0x72E8,
  0xA326, 0xA326, 0xA326, 0xA326, 0xA326, 0xA326, 0x72E8, 0x72E8, 0x72E8, 0x72E8, 0xA326, 0xA326,
  0xA326, 0xA326, 0xA326, 0xA326, 0xA326, 0xA326, 0xA326, 0xA326, 0xA326, 0xA326, 0xA326, 0xA326,
  0xA326, 0xA326, 0x72E8, 0x72E8, 0x72E8, 0x72E8, 0x5A88, 0x5A88, 0x5BEA, 0x5BEA, 0xAE56, 0xAE56,
  0x8593, 0x8593, 0x8593, 0x8593, 0x8593, 0x8593, 0xAE56, 0xAE56, 0xD5F3, 0xD5F3, 0xE696, 0xE696,
  0xD5F3, 0xD5F3, 0xD5F3, 0xD5F3, 0xD5F3, 0xD5F3, 0xD5F3, 0xD5F3, 0xD5F3, 0xD5F3, 0xE696, 0xE696,
  0xE696, 0xE696, 0xD5F3, 0xD5F3, 0xC570, 0xC570, 0xE50A, 0xE50A, 0xD5F3, 0xD5F3, 0xE696, 0xE696,
  0xE696, 0xE696, 0xE696, 0xE696, 0xD5F3, 0xD5F3, 0xE50A, 0xE50A, 0xE50A, 0xE50A, 0xD5F3, 0xD5F3,
  0xE696, 0xE696, 0xE696, 0xE696, 0xD5F3, 0xD5F3, 0xD5F3, 0xD5F3, 0xE50A, 0xE50A, 0xC570, 0xC570,
  0xD5F3, 0xD5F3, 0xE696, 0xE696, 0xE696, 0xE696, 0xD5F3, 0xD5F3, 0xD5F3, 0xD5F3, 0xD5F3, 0xD5F3,
  0xD5F3, 0xD5F3, 0xE696, 0xE696, 0xD5F3, 0xD5F3, 0xD5F3, 0xD5F3, 0xD5F3, 0xD5F3, 0xE696, 0xE696,
  0xE696, 0xE696, 0xE696, 0xE696, 0xD5F3, 0xD5F3, 0xC570, 0xC570, 0xE50A, 0xE50A, 0xD5F3, 0xD5F3,
  0xE696, 0xE696, 0xE696, 0xE696, 0xE696, 0xE696, 0xD5F3, 0xD5F3, 0xE50A, 0xE50A, 0xE50A, 0xE50A,
  0xD5F3, 0xD5F3, 0xE696, 0xE696, 0xE696, 0xE696, 0xE696, 0xE696, 0xD5F3, 0xD5F3, 0xE50A, 0xE50A,
  0xC570, 0xC570, 0xD5F3, 0xD5F3, 0xE696, 0xE696, 0xE696, 0xE696, 0xE696, 0xE696, 0xC570, 0xC570,
  0xE50A, 0xE50A, 0xD5F3, 0xD5F3, 0xE696, 0xE696, 0xE696, 0xE696, 0xE696, 0xE696, 0xD5F3, 0xD5F3,
  0xE50A, 0xE50A, 0xE50A, 0xE50A, 0xD5F3, 0xD5F3, 0xE696, 0xE696, 0xE696, 0xE696, 0xE696, 0xE696,
  0xC570, 0xC570, 0xE50A, 0xE50A, 0xC570, 0xC570, 0xE696, 0xE696, 0xE696, 0xE696, 0xE696, 0xE696,
  0xD5F3, 0xD5F3, 0xC570, 0xC570, 0xE50A, 0xE50A, 0xC570, 0xC570, 0xD5F3, 0xD5F3, 0xD5F3, 0xD5F3,
  0xD5F3, 0xD5F3, 0xD5F3, 0xD5F3, 0xAE56, 0xAE56, 0x8593, 0x8593, 0x8593, 0x8593, 0x8593, 0x8593,
  0x8593, 0x8593, 0x5BEA, 0x5BEA, 0x7225, 0x7225, 0x72E8, 0x72E8, 0xA326, 0xA326, 0xA326, 0xA326,
  0xA326, 0xA326, 0xA326, 0xA326, 0x72E8, 0x72E8, 0x72E8, 0x72E8, 0xA326, 0xA326, 0xA326, 0xA326,
  0xA326, 0xA326, 0xA326, 0xA326, 0xA326, 0xA326, 0xA326, 0xA326, 0xA326, 0xA326, 0xA326, 0xA326,
  0xA326, 0xA326, 0x72E8, 0x72E8, 0x72E8, 0x72E8, 0x5A88, 0x5A88, 0x5BEA, 0x5BEA, 0xAE56, 0xAE56,
  0x8593, 0x8593, 0x8593, 0x8593, 0x8593, 0x8593, 0xAE56, 0xAE56, 0xD5F3, 0xD5F3, 0xE696, 0xE696,
  0xD5F3, 0xD5F3, 0xD5F3, 0xD5F3, 0xD5F3, 0xD5F3, 0xD5F3, 0xD5F3, 0xD5F3, 0xD5F3, 0xE696, 0xE696,
  0xE696, 0xE696, 0xD5F3, 0xD5F3, 0xC570, 0xC570, 0xE50A, 0xE50A, 0xD5F3, 0xD5F3, 0xE696, 0xE696,
  0xE696, 0xE696, 0xE696, 0xE696, 0xD5F3, 0xD5F3, 0xE50A, 0xE50A, 0xE50A, 0xE50A, 0xD5F3, 0xD5F3,
  0xE696, 0xE696, 0xE696, 0xE696, 0xD5F3, 0xD5F3, 0xD5F3, 0xD5F3, 0xE50A, 0xE50A, 0xC570, 0xC570,
  0xD5F3, 0xD5F3, 0xE696, 0xE696, 0xE696, 0xE696, 0xD5F3, 0xD5F3, 0xD5F3, 0xD5F3, 0xD5F3, 0xD5F3,
  0xD5F3, 0xD5F3, 0xE696, 0xE696, 0xD5F3, 0xD5F3, 0xD5F3, 0xD5F3, 0xD5F3, 0xD5F3, 0xE696, 0xE696,
  0xE696, 0xE696, 0xE696, 0xE696, 0xD5F3, 0xD5F3, 0xC570, 0xC570, 0xE50A, 0xE50A, 0xD5F3, 0xD5F3,
  0xE696, 0xE696, 0xE696, 0xE696, 0xE696, 0xE696, 0xD5F3, 0xD5F3, 0xE50A, 0xE50A, 0xE50A, 0xE50A,
  0xD5F3, 0xD5F3, 0xE696, 0xE696, 0xE696, 0xE696, 0xE696, 0xE696, 0xD5F3, 0xD5F3, 0xE50A, 0xE50A,
  0xC570, 0xC570, 0xD5F3, 0xD5F3, 0xE696, 0xE696, 0xE696, 0xE696, 0xE696, 0xE696, 0xC570, 0xC570,
  0xE50A, 0xE50A, 0xD5F3, 0xD5F3, 0xE696, 0xE696, 0xE696, 0xE696, 0xE696, 0xE696, 0xD5F3, 0xD5F3,
  0xE50A, 0xE50A, 0xE50A, 0xE50A, 0xD5F3, 0xD5F3, 0xE696, 0xE696, 0xE696, 0xE696, 0xE696, 0xE696,
  0xC570, 0xC570, 0xE50A, 0xE50A, 0xC570, 0xC570, 0xE696, 0xE696, 0xE696, 0xE696, 0xE696, 0xE696,
  0xD5F3, 0xD5F3, 0xC570, 0xC570, 0xE50A, 0xE50A, 0xC570, 0xC570, 0xD5F3, 0xD5F3, 0xD5F3, 0xD5F3,
  0xD5F3, 0xD5F3, 0xD5F3, 0xD5F3, 0xAE56, 0xAE56, 0x8593, 0x8593, 0x8593, 0x8593, 0x8593, 0x8593,
  0x8593, 0x8593, 0x5BEA, 0x5BEA, 0x7225, 0x7225, 0x72E8, 0x72E8, 0xA326, 0xA326, 0xA326, 0xA326,
  0xA326, 0xA326, 0xA326, 0xA326, 0x72E8, 0x72E8, 0x72E8, 0x72E8, 0xA326, 0xA326, 0xA326, 0xA326,
  0xA326, 0xA326, 0xA326, 0xA326, 0xA326, 0xA326, 0xA326, 0xA326, 0xA326, 0xA326, 0xA326, 0xA326,
  0xA326, 0xA326, 0xA326, 0xA326, 0xA326, 0xA326, 0x7225, 0x7225, 0x72E8, 0x72E8, 0x6CB0, 0x6CB0,
  0x8593, 0x8593, 0x8593, 0x8593, 0x8593, 0x8593, 0x8593, 0x8593, 0x8593, 0x8593, 0xAE56, 0xAE56,
  0xD5F3, 0xD5F3, 0xE696, 0xE696, 0xE696, 0xE696, 0xE696, 0xE696, 0xC570, 0xC570, 0xE50A, 0xE50A,
  0xD5F3, 0xD5F3, 0xE696, 0xE696, 0xE696, 0xE696, 0xD5F3, 0xD5F3, 0xE696, 0xE696, 0xD5F3, 0xD5F3,
  0xC570, 0xC570, 0xD5F3, 0xD5F3, 0xE696, 0xE696, 0xD5F3, 0xD5F3, 0xD5F3, 0xD5F3, 0xD5F3, 0xD5F3,
  0xD5F3, 0xD5F3, 0xD5F3, 0xD5F3, 0xE696, 0xE696, 0xD5F3, 0xD5F3, 0xC570, 0xC570, 0xC570, 0xC570,
  0xD5F3, 0xD5F3, 0xE696, 0xE696, 0xE696, 0xE696, 0xE696, 0xE696, 0xD5F3, 0xD5F3, 0xE50A, 0xE50A,
  0xE50A, 0xE50A, 0xD5F3, 0xD5F3, 0xD5F3, 0xD5F3, 0xE696, 0xE696, 0xE696, 0xE696, 0xD5F3, 0xD5F3,
  0xE50A, 0xE50A, 0xC570, 0xC570, 0xD5F3, 0xD5F3, 0xE696, 0xE696, 0xE696, 0xE696, 0xE696, 0xE696,
  0xD5F3, 0xD5F3, 0xC570, 0xC570, 0xD5F3, 0xD5F3, 0xE696, 0xE696, 0xE696, 0xE696, 0xD5F3, 0xD5F3,
  0xD5F3, 0xD5F3, 0xD5F3, 0xD5F3, 0xD5F3, 0xD5F3, 0xD5F3, 0xD5F3, 0xD5F3, 0xD5F3, 0xD5F3, 0xD5F3,
  0xD5F3, 0xD5F3, 0xD5F3, 0xD5F3, 0xD5F3, 0xD5F3, 0xD5F3, 0xD5F3, 0xD5F3, 0xD5F3, 0xD5F3, 0xD5F3,
  0xD5F3, 0xD5F3, 0xD5F3, 0xD5F3, 0xD5F3, 0xD5F3, 0xD5F3, 0xD5F3, 0xD5F3, 0xD5F3, 0xE696, 0xE696,
  0xD5F3, 0xD5F3, 0xD5F3, 0xD5F3, 0xD5F3, 0xD5F3, 0xD5F3, 0xD5F3, 0xD5F3, 0xD5F3, 0xE696, 0xE696,
  0xD5F3, 0xD5F3, 0xD5F3, 0xD5F3, 0xD5F3, 0xD5F3, 0xE696, 0xE696, 0xD5F3, 0xD5F3, 0xD5F3, 0xD5F3,
  0xD5F3, 0xD5F3, 0xD5F3, 0xD5F3, 0xD5F3, 0xD5F3, 0xD5F3, 0xD5F3, 0xD5F3, 0xD5F3, 0xD5F3, 0xD5F3,
  0xAE56, 0xAE56, 0x8593, 0x8593, 0x8593, 0x8593, 0x8593, 0x8593, 0x6CB0, 0x6CB0, 0x8593, 0x8593,
  0x6CB0, 0x6CB0, 0x5A88, 0x5A88, 0xA326, 0xA326, 0xA326, 0xA326, 0xA326, 0xA326, 0xA326, 0xA326,
  0x72E8, 0x72E8, 0x72E8, 0x72E8, 0xA326, 0xA326, 0xA326, 0xA326, 0xA326, 0xA326, 0xA326, 0xA326,
  0xA326, 0xA326, 0xA326, 0xA326, 0xA326, 0xA326, 0xA326, 0xA326, 0xA326, 0xA326, 0xA326, 0xA326,
  0xA326, 0xA326, 0xA326, 0xA326, 0xA326, 0xA326, 0x7225, 0x7225, 0x72E8, 0x72E8, 0x6CB0, 0x6CB0,
  0x8593, 0x8593, 0x8593, 0x8593, 0x8593, 0x8593, 0x8593, 0x8593, 0x8593, 0x8593, 0xAE56, 0xAE56,
  0xD5F3, 0xD5F3, 0xE696, 0xE696, 0xE696, 0xE696, 0xE696, 0xE696, 0xC570, 0xC570, 0xE50A, 0xE50A,
  0xD5F3, 0xD5F3, 0xE696, 0xE696, 0xE696, 0xE696, 0xD5F3, 0xD5F3, 0xE696, 0xE696, 0xD5F3, 0xD5F3,
  0xC570, 0xC570, 0xD5F3, 0xD5F3, 0xE696, 0xE696, 0xD5F3, 0xD5F3, 0xD5F3, 0xD5F3, 0xD5F3, 0xD5F3,
  0xD5F3, 0xD5F3, 0xD5F3, 0xD5F3, 0xE696, 0xE696, 0xD5F3, 0xD5F3, 0xC570, 0xC570, 0xC570, 0xC570,
  0xD5F3, 0xD5F3, 0xE696, 0xE696, 0xE696, 0xE696, 0xE696, 0xE696, 0xD5F3, 0xD5F3, 0xE50A, 0xE50A,
  0xE50A, 0xE50A, 0xD5F3, 0xD5F3, 0xD5F3, 0xD5F3, 0xE696, 0xE696, 0xE696, 0xE696, 0xD5F3, 0xD5F3,
  0xE50A, 0xE50A, 0xC570, 0xC570, 0xD5F3, 0xD5F3, 0xE696, 0xE696, 0xE696, 0xE696, 0xE696, 0xE696,
  0xD5F3, 0xD5F3, 0xC570, 0xC570, 0xD5F3, 0xD5F3, 0xE696, 0xE696, 0xE696, 0xE696, 0xD5F3, 0xD5F3,
  0xD5F3, 0xD5F3, 0xD5F3, 0xD5F3, 0xD5F3, 0xD5F3, 0xD5F3, 0xD5F3, 0xD5F3, 0xD5F3, 0xD5F3, 0xD5F3,
  0xD5F3, 0xD5F3, 0xD5F3, 0xD5F3, 0xD5F3, 0xD5F3, 0xD5F3, 0xD5F3, 0xD5F3, 0xD5F3, 0xD5F3, 0xD5F3,
  0xD5F3, 0xD5F3, 0xD5F3, 0xD5F3, 0xD5F3, 0xD5F3, 0xD5F3, 0xD5F3, 0xD5F3, 0xD5F3, 0xE696, 0xE696,
  0xD5F3, 0xD5F3, 0xD5F3, 0xD5F3, 0xD5F3, 0xD5F3, 0xD5F3, 0xD5F3, 0xD5F3, 0xD5F3, 0xE696, 0xE696,
  0xD5F3, 0xD5F3, 0xD5F3, 0xD5F3, 0xD5F3, 0xD5F3, 0xE696, 0xE696, 0xD5F3, 0xD5F3, 0xD5F3, 0xD5F3,
  0xD5F3, 0xD5F3, 0xD5F3, 0xD5F3, 0xD5F3, 0xD5F3, 0xD5F3, 0xD5F3, 0xD5F3, 0xD5F3, 0xD5F3, 0xD5F3,
  0xAE56, 0xAE56, 0x8593, 0x8593, 0x8593, 0x8593, 0x8593, 0x8593, 0x6CB0, 0x6CB0, 0x8593, 0x8593,
  0x6CB0, 0x6CB0, 0x5A88, 0x5A88, 0xA326, 0xA326, 0xA326, 0xA326, 0xA326, 0xA326, 0xA326, 0xA326,
  0x72E8, 0x72E8, 0x72E8, 0x72E8, 0xA326, 0xA326, 0xA326, 0xA326, 0xA326, 0xA326, 0xA326, 0xA326,
  0xA326, 0xA326, 0xA326, 0xA326, 0xA326, 0xA326, 0xA326, 0xA326, 0xA326, 0xA326, 0xA326, 0xA326,
  0xA326, 0xA326, 0xA326, 0xA326, 0xA326, 0xA326, 0xA326, 0xA326, 0xA326, 0xA326, 0x5A88, 0x5A88,
  0x5BEA, 0x5BEA, 0x432A, 0x432A, 0x8593, 0x8593, 0xAE56, 0xAE56, 0x8593, 0x8593, 0x8593, 0x8593,
  0x8593, 0x8593, 0xD5F3, 0xD5F3, 0xD5F3, 0xD5F3, 0xE696, 0xE696, 0xD5F3, 0xD5F3, 0xC570, 0xC570,
  0xD5F3, 0xD5F3, 0xD5F3, 0xD5F3, 0xE696, 0xE696, 0xE696, 0xE696, 0xE696, 0xE696, 0xD5F3, 0xD5F3,
  0xE50A, 0xE50A, 0xC570, 0xC570, 0xD5F3, 0xD5F3, 0xE696, 0xE696, 0xE696, 0xE696, 0xD5F3, 0xD5F3,
  0xD5F3, 0xD5F3, 0xE50A, 0xE50A, 0xC570, 0xC570, 0xD5F3, 0xD5F3, 0xE696, 0xE696, 0xE696, 0xE696,
  0xE696, 0xE696, 0xD5F3, 0xD5F3, 0xC570, 0xC570, 0xD5F3, 0xD5F3, 0xE696, 0xE696, 0xD5F3, 0xD5F3,
  0xD5F3, 0xD5F3, 0xD5F3, 0xD5F3, 0xD5F3, 0xD5F3, 0xD5F3, 0xD5F3, 0xE696, 0xE696, 0xD5F3, 0xD5F3,
  0xC570, 0xC570, 0xC570, 0xC570, 0xD5F3, 0xD5F3, 0xD5F3, 0xD5F3, 0xE696, 0xE696, 0xE696, 0xE696,
  0xD5F3, 0xD5F3, 0xE50A, 0xE50A, 0xC570, 0xC570, 0xD5F3, 0xD5F3, 0xE696, 0xE696, 0xE696, 0xE696,
  0xE696, 0xE696, 0xD5F3, 0xD5F3, 0xE50A, 0xE50A, 0xC570, 0xC570, 0xD5F3, 0xD5F3, 0xE696, 0xE696,
  0xE696, 0xE696, 0xE696, 0xE696, 0xC570, 0xC570, 0xE50A, 0xE50A, 0xD5F3, 0xD5F3, 0xE696, 0xE696,
  0xE696, 0xE696, 0xE696, 0xE696, 0xD5F3, 0xD5F3, 0xE50A, 0xE50A, 0xE50A, 0xE50A, 0xD5F3, 0xD5F3,
  0xE696, 0xE696, 0xE696, 0xE696, 0xE696, 0xE696, 0xD5F3, 0xD5F3, 0xE50A, 0xE50A, 0xC570, 0xC570,
  0xD5F3, 0xD5F3, 0xE696, 0xE696, 0xE696, 0xE696, 0xD5F3, 0xD5F3, 0xC570, 0xC570, 0xE50A, 0xE50A,
  0xD5F3, 0xD5F3, 0xD5F3, 0xD5F3, 0xD5F3, 0xD5F3, 0xD5F3, 0xD5F3, 0xD5F3, 0xD5F3, 0x8593, 0x8593,
  0x8593, 0x8593, 0x8593, 0x8593, 0x8593, 0x8593, 0xAE56, 0xAE56, 0x5BEA, 0x5BEA, 0x5A88, 0x5A88,
  0x72E8, 0x72E8, 0x72E8, 0x72E8, 0xA326, 0xA326, 0xA326, 0xA326, 0xA326, 0xA326, 0x72E8, 0x72E8,
  0xA326, 0xA326, 0xA326, 0xA326, 0xA326, 0xA326, 0xA326, 0xA326, 0xA326, 0xA326, 0xA326, 0xA326,
  0xA326, 0xA326, 0xA326, 0xA326, 0xA326, 0xA326, 0xA326, 0xA326, 0xA326, 0xA326, 0xA326, 0xA326,
  0xA326, 0xA326, 0xA326, 0xA326, 0xA326, 0xA326, 0xA326, 0xA326, 0xA326, 0xA326, 0x5A88, 0x5A88,
  0x5BEA, 0x5BEA, 0x432A, 0x432A, 0x8593, 0x8593, 0xAE56, 0xAE56, 0x8593, 0x8593, 0x8593, 0x8593,
  0x8593, 0x8593, 0xD5F3, 0xD5F3, 0xD5F3, 0xD5F3, 0xE696, 0xE696, 0xD5F3, 0xD5F3, 0xC570, 0xC570,
  0xD5F3, 0xD5F3, 0xD5F3, 0xD5F3, 0xE696, 0xE696, 0xE696, 0xE696, 0xE696, 0xE696, 0xD5F3, 0xD5F3,
  0xE50A, 0xE50A, 0xC570, 0xC570, 0xD5F3, 0xD5F3, 0xE696, 0xE696, 0xE696, 0xE696, 0xD5F3, 0xD5F3,
  0xD5F3, 0xD5F3, 0xE50A, 0xE50A, 0xC570, 0xC570, 0xD5F3, 0xD5F3, 0xE696, 0xE696, 0xE696, 0xE696,
  0xE696, 0xE696, 0xD5F3, 0xD5F3, 0xC570, 0xC570, 0xD5F3, 0xD5F3, 0xE696, 0xE696, 0xD5F3, 0xD5F3,
  0xD5F3, 0xD5F3, 0xD5F3, 0xD5F3, 0xD5F3, 0xD5F3, 0xD5F3, 0xD5F3, 0xE696, 0xE696, 0xD5F3, 0xD5F3,
  0xC570, 0xC570, 0xC570, 0xC570, 0xD5F3, 0xD5F3, 0xD5F3, 0xD5F3, 0xE696, 0xE696, 0xE696, 0xE696,
  0xD5F3, 0xD5F3, 0xE50A, 0xE50A, 0xC570, 0xC570, 0xD5F3, 0xD5F3, 0xE696, 0xE696, 0xE696, 0xE696,
  0xE696, 0xE696, 0xD5F3, 0xD5F3, 0xE50A, 0xE50A, 0xC570, 0xC570, 0xD5F3, 0xD5F3, 0xE696, 0xE696,
  0xE696, 0xE696, 0xE696, 0xE696, 0xC570, 0xC570, 0xE50A, 0xE50A, 0xD5F3, 0xD5F3, 0xE696, 0xE696,
  0xE696, 0xE696, 0xE696, 0xE696, 0xD5F3, 0xD5F3, 0xE50A, 0xE50A, 0xE50A, 0xE50A, 0xD5F3, 0xD5F3,
  0xE696, 0xE696, 0xE696, 0xE696, 0xE696, 0xE696, 0xD5F3, 0xD5F3, 0xE50A, 0xE50A, 0xC570, 0xC570,
  0xD5F3, 0xD5F3, 0xE696, 0xE696, 0xE696, 0xE696, 0xD5F3, 0xD5F3, 0xC570, 0xC570, 0xE50A, 0xE50A,
  0xD5F3, 0xD5F3, 0xD5F3, 0xD5F3, 0xD5F3, 0xD5F3, 0xD5F3, 0xD5F3, 0xD5F3, 0xD5F3, 0x8593, 0x8593,
  0x8593, 0x8593, 0x8593, 0x8593, 0x8593, 0x8593, 0xAE56, 0xAE56, 0x5BEA, 0x5BEA, 0x5A88, 0x5A88,
  0x72E8, 0x72E8, 0x72E8, 0x72E8, 0xA326, 0xA326, 0xA326, 0xA326, 0xA326, 0xA326, 0x72E8, 0x72E8,
  0xA326, 0xA326, 0xA326, 0xA326, 0xA326, 0xA326, 0xA326, 0xA326, 0xA326, 0xA326, 0xA326, 0xA326,
  0xA326, 0xA326, 0xA326, 0xA326, 0xA326, 0xA326, 0xA326, 0xA326, 0xA326, 0xA326, 0xA326, 0xA326,
  0xA326, 0xA326, 0xA326, 0xA326, 0xA326, 0xA326, 0xA326, 0xA326, 0xA326, 0xA326, 0x72E8, 0x72E8,
  0x72E8, 0x72E8, 0x7225, 0x7225, 0x5BEA, 0x5BEA, 0x8593, 0x8593, 0x8593, 0x8593, 0x8593, 0x8593,
  0x8593, 0x8593, 0x8593, 0x8593, 0xAE56, 0xAE56, 0xD5F3, 0xD5F3, 0xE696, 0xE696, 0xE696, 0xE696,
  0xD5F3, 0xD5F3, 0xD5F3, 0xD5F3, 0xC570, 0xC570, 0xC570, 0xC570, 0xD5F3, 0xD5F3, 0xE696, 0xE696,
  0xE696, 0xE696, 0xD5F3, 0xD5F3, 0xD5F3, 0xD5F3, 0xD5F3, 0xD5F3, 0xD5F3, 0xD5F3, 0xE696, 0xE696,
  0xD5F3, 0xD5F3, 0xC570, 0xC570, 0xC570, 0xC570, 0xD5F3, 0xD5F3, 0xD5F3, 0xD5F3, 0xE696, 0xE696,
  0xE696, 0xE696, 0xD5F3, 0xD5F3, 0xE50A, 0xE50A, 0xE50A, 0xE50A, 0xD5F3, 0xD5F3, 0xE696, 0xE696,
  0xE696, 0xE696, 0xE696, 0xE696, 0xD5F3, 0xD5F3, 0xE50A, 0xE50A, 0xC570, 0xC570, 0xE696, 0xE696,
  0xE696, 0xE696, 0xE696, 0xE696, 0xE696, 0xE696, 0xD5F3, 0xD5F3, 0xC570, 0xC570, 0xD5F3, 0xD5F3,
  0xE696, 0xE696, 0xE696, 0xE696, 0xD5F3, 0xD5F3, 0xE696, 0xE696, 0xD5F3, 0xD5F3, 0xC570, 0xC570,
  0xD5F3, 0xD5F3, 0xE696, 0xE696, 0xD5F3, 0xD5F3, 0xD5F3, 0xD5F3, 0xD5F3, 0xD5F3, 0xD5F3, 0xD5F3,
  0xD5F3, 0xD5F3, 0xE696, 0xE696, 0xD5F3, 0xD5F3, 0xD5F3, 0xD5F3, 0xD5F3, 0xD5F3, 0xD5F3, 0xD5F3,
  0xD5F3, 0xD5F3, 0xD5F3, 0xD5F3, 0xD5F3, 0xD5F3, 0xD5F3, 0xD5F3, 0xD5F3, 0xD5F3, 0xD5F3, 0xD5F3,
  0xD5F3, 0xD5F3, 0xD5F3, 0xD5F3, 0xE696, 0xE696, 0xD5F3, 0xD5F3, 0xD5F3, 0xD5F3, 0xD5F3, 0xD5F3,
  0xD5F3, 0xD5F3, 0xD5F3, 0xD5F3, 0xD5F3, 0xD5F3, 0xD5F3, 0xD5F3, 0xD5F3, 0xD5F3, 0xD5F3, 0xD5F3,
  0xD5F3, 0xD5F3, 0xE696, 0xE696, 0xD5F3, 0xD5F3, 0xAE56, 0xAE56, 0x8593, 0x8593, 0x8593, 0x8593,
  0x8593, 0x8593, 0x8593, 0x8593, 0x8593, 0x8593, 0x6CB0, 0x6CB0, 0x5A88, 0x5A88, 0x7225, 0x7225,
  0xA326, 0xA326, 0xA326, 0xA326, 0xA326, 0xA326, 0x72E8, 0x72E8, 0x72E8, 0x72E8, 0xA326, 0xA326,
  0xA326, 0xA326, 0xA326, 0xA326, 0xA326, 0xA326, 0xA326, 0xA326, 0xA326, 0xA326, 0xA326, 0xA326,
  0xA326, 0xA326, 0xA326, 0xA326, 0xA326, 0xA326, 0xA326, 0xA326, 0xA326, 0xA326, 0xA326, 0xA326,
  0xA326, 0xA326, 0xA326, 0xA326, 0xA326, 0xA326, 0xA326, 0xA326, 0xA326, 0xA326, 0x72E8, 0x72E8,
  0x72E8, 0x72E8, 0x7225, 0x7225, 0x5BEA, 0x5BEA, 0x8593, 0x8593, 0x8593, 0x8593, 0x8593, 0x8593,
  0x8593, 0x8593, 0x8593, 0x8593, 0xAE56, 0xAE56, 0xD5F3, 0xD5F3, 0xE696, 0xE696, 0xE696, 0xE696,
  0xD5F3, 0xD5F3, 0xD5F3, 0xD5F3, 0xC570, 0xC570, 0xC570, 0xC570, 0xD5F3, 0xD5F3, 0xE696, 0xE696,
  0xE696, 0xE696, 0xD5F3, 0xD5F3, 0xD5F3, 0xD5F3, 0xD5F3, 0xD5F3, 0xD5F3, 0xD5F3, 0xE696, 0xE696,
  0xD5F3, 0xD5F3, 0xC570, 0xC570, 0xC570, 0xC570, 0xD5F3, 0xD5F3, 0xD5F3, 0xD5F3, 0xE696, 0xE696,
  0xE696, 0xE696, 0xD5F3, 0xD5F3, 0xE50A, 0xE50A, 0xE50A, 0xE50A, 0xD5F3, 0xD5F3, 0xE696, 0xE696,
  0xE696, 0xE696, 0xE696, 0xE696, 0xD5F3, 0xD5F3, 0xE50A, 0xE50A, 0xC570, 0xC570, 0xE696, 0xE696,
  0xE696, 0xE696, 0xE696, 0xE696, 0xE696, 0xE696, 0xD5F3, 0xD5F3, 0xC570, 0xC570, 0xD5F3, 0xD5F3,
  0xE696, 0xE696, 0xE696, 0xE696, 0xD5F3, 0xD5F3, 0xE696, 0xE696, 0xD5F3, 0xD5F3, 0xC570, 0xC570,
  0xD5F3, 0xD5F3, 0xE696, 0xE696, 0xD5F3, 0xD5F3, 0xD5F3, 0xD5F3, 0xD5F3, 0xD5F3, 0xD5F3, 0xD5F3,
  0xD5F3, 0xD5F3, 0xE696, 0xE696, 0xD5F3, 0xD5F3, 0xD5F3, 0xD5F3, 0xD5F3, 0xD5F3, 0xD5F3, 0xD5F3,
  0xD5F3, 0xD5F3, 0xD5F3, 0xD5F3, 0xD5F3, 0xD5F3, 0xD5F3, 0xD5F3, 0xD5F3, 0xD5F3, 0xD5F3, 0xD5F3,
  0xD5F3, 0xD5F3, 0xD5F3, 0xD5F3, 0xE696, 0xE696, 0xD5F3, 0xD5F3, 0xD5F3, 0xD5F3, 0xD5F3, 0xD5F3,
  0xD5F3, 0xD5F3, 0xD5F3, 0xD5F3, 0xD5F3, 0xD5F3, 0xD5F3, 0xD5F3, 0xD5F3, 0xD5F3, 0xD5F3, 0xD5F3,
  0xD5F3, 0xD5F3, 0xE696, 0xE696, 0xD5F3, 0xD5F3, 0xAE56, 0xAE56, 0x8593, 0x8593, 0x8593, 0x8593,
  0x8593, 0x8593, 0x8593, 0x8593, 0x8593, 0x8593, 0x6CB0, 0x6CB0, 0x5A88, 0x5A88, 0x7225, 0x7225,
  0xA326, 0xA326, 0xA326, 0xA326, 0xA326, 0xA326, 0x72E8, 0x72E8, 0x72E8, 0x72E8, 0xA326, 0xA326,
  0xA326, 0xA326, 0xA326, 0xA326, 0xA326, 0xA326, 0xA326, 0xA326, 0xA326, 0xA326, 0xA326, 0xA326,
  0xA326, 0xA326, 0xA326, 0xA326, 0xA326, 0xA326, 0xA326, 0xA326, 0xA326, 0xA326, 0xA326, 0xA326,
  0xA326, 0xA326, 0xA326, 0xA326, 0xA326, 0xA326, 0xA326, 0xA326, 0x72E8, 0x72E8, 0xA326, 0xA326,
  0xA326, 0xA326, 0xA326, 0xA326, 0x72E8, 0x72E8, 0x5BEA, 0x5BEA, 0x5BEA, 0x5BEA, 0x6CB0, 0x6CB0,
  0xAE56, 0xAE56, 0x8593, 0x8593, 0x8593, 0x8593, 0x8593, 0x8593, 0xAE56, 0xAE56, 0xD5F3, 0xD5F3,
  0xD5F3, 0xD5F3, 0xE696, 0xE696, 0xD5F3, 0xD5F3, 0xE50A, 0xE50A, 0xC570, 0xC570, 0xD5F3, 0xD5F3,
  0xE696, 0xE696, 0xE696, 0xE696, 0xE696, 0xE696, 0xC570, 0xC570, 0xE50A, 0xE50A, 0xC570, 0xC570,
  0xD5F3, 0xD5F3, 0xE696, 0xE696, 0xE696, 0xE696, 0xE696, 0xE696, 0xD5F3, 0xD5F3, 0xE50A, 0xE50A,
  0xD5F3, 0xD5F3, 0xD5F3, 0xD5F3, 0xE696, 0xE696, 0xD5F3, 0xD5F3, 0xD5F3, 0xD5F3, 0xD5F3, 0xD5F3,
  0xD5F3, 0xD5F3, 0xE696, 0xE696, 0xD5F3, 0xD5F3, 0xD5F3, 0xD5F3, 0xD5F3, 0xD5F3, 0xD5F3, 0xD5F3,
  0xD5F3, 0xD5F3, 0xE696, 0xE696, 0xE696, 0xE696, 0xD5F3, 0xD5F3, 0xE50A, 0xE50A, 0xC570, 0xC570,
  0xD5F3, 0xD5F3, 0xE696, 0xE696, 0xE696, 0xE696, 0xE696, 0xE696, 0xD5F3, 0xD5F3, 0xE50A, 0xE50A,
  0xC570, 0xC570, 0xE696, 0xE696, 0xE696, 0xE696, 0xE696, 0xE696, 0xE696, 0xE696, 0xC570, 0xC570,
  0xE50A, 0xE50A, 0xC570, 0xC570, 0xE696, 0xE696, 0xE696, 0xE696, 0xE696, 0xE696, 0xD5F3, 0xD5F3,
  0xE50A, 0xE50A, 0xE50A, 0xE50A, 0xD5F3, 0xD5F3, 0xE696, 0xE696, 0xE696, 0xE696, 0xE696, 0xE696,
  0xD5F3, 0xD5F3, 0xE50A, 0xE50A, 0xC570, 0xC570, 0xD5F3, 0xD5F3, 0xE696, 0xE696, 0xE696, 0xE696,
  0xD5F3, 0xD5F3, 0xC570, 0xC570, 0xE50A, 0xE50A, 0xD5F3, 0xD5F3, 0xD5F3, 0xD5F3, 0xD5F3, 0xD5F3,
  0xE696, 0xE696, 0xD5F3, 0xD5F3, 0x8593, 0x8593, 0x8593, 0x8593, 0x8593, 0x8593, 0x8593, 0x8593,
  0x8593, 0x8593, 0x5BEA, 0x5BEA, 0x432A, 0x432A, 0x5A88, 0x5A88, 0x72E8, 0x72E8, 0xA326, 0xA326,
  0x72E8, 0x72E8, 0xA326, 0xA326, 0x72E8, 0x72E8, 0x72E8, 0x72E8, 0xA326, 0xA326, 0xA326, 0xA326,
  0xA326, 0xA326, 0xA326, 0xA326, 0x72E8, 0x72E8, 0xA326, 0xA326, 0xA326, 0xA326, 0x72E8, 0x72E8,
  0xA326, 0xA326, 0xA326, 0xA326, 0xA326, 0xA326, 0xA326, 0xA326, 0xA326, 0xA326, 0xA326, 0xA326,
  0xA326, 0xA326, 0xA326, 0xA326, 0xA326, 0xA326, 0xA326, 0xA326, 0x72E8, 0x72E8, 0xA326, 0xA326,
  0xA326, 0xA326, 0xA326, 0xA326, 0x72E8, 0x72E8, 0x5BEA, 0x5BEA, 0x5BEA, 0x5BEA, 0x6CB0, 0x6CB0,
  0xAE56, 0xAE56, 0x8593, 0x8593, 0x8593, 0x8593, 0x8593, 0x8593, 0xAE56, 0xAE56, 0xD5F3, 0xD5F3,
  0xD5F3, 0xD5F3, 0xE696, 0xE696, 0xD5F3, 0xD5F3, 0xE50A, 0xE50A, 0xC570, 0xC570, 0xD5F3, 0xD5F3,
  0xE696, 0xE696, 0xE696, 0xE696, 0xE696, 0xE696, 0xC570, 0xC570, 0xE50A, 0xE50A, 0xC570, 0xC570,
  0xD5F3, 0xD5F3, 0xE696, 0xE696, 0xE696, 0xE696, 0xE696, 0xE696, 0xD5F3, 0xD5F3, 0xE50A, 0xE50A,
  0xD5F3, 0xD5F3, 0xD5F3, 0xD5F3, 0xE696, 0xE696, 0xD5F3, 0xD5F3, 0xD5F3, 0xD5F3, 0xD5F3, 0xD5F3,
  0xD5F3, 0xD5F3, 0xE696, 0xE696, 0xD5F3, 0xD5F3, 0xD5F3, 0xD5F3, 0xD5F3, 0xD5F3, 0xD5F3, 0xD5F3,
  0xD5F3, 0xD5F3, 0xE696, 0xE696, 0xE696, 0xE696, 0xD5F3, 0xD5F3, 0xE50A, 0xE50A, 0xC570, 0xC570,
  0xD5F3, 0xD5F3, 0xE696, 0xE696, 0xE696, 0xE696, 0xE696, 0xE696, 0xD5F3, 0xD5F3, 0xE50A, 0xE50A,
  0xC570, 0xC570, 0xE696, 0xE696, 0xE696, 0xE696, 0xE696, 0xE696, 0xE696, 0xE696, 0xC570, 0xC570,
  0xE50A, 0xE50A, 0xC570, 0xC570, 0xE696, 0xE696, 0xE696, 0xE696, 0xE696, 0xE696, 0xD5F3, 0xD5F3,
  0xE50A, 0xE50A, 0xE50A, 0xE50A, 0xD5F3, 0xD5F3, 0xE696, 0xE696, 0xE696, 0xE696, 0xE696, 0xE696,
  0xD5F3, 0xD5F3, 0xE50A, 0xE50A, 0xC570, 0xC570, 0xD5F3, 0xD5F3, 0xE696, 0xE696, 0xE696, 0xE696,
  0xD5F3, 0xD5F3, 0xC570, 0xC570, 0xE50A, 0xE50A, 0xD5F3, 0xD5F3, 0xD5F3, 0xD5F3, 0xD5F3, 0xD5F3,
  0xE696, 0xE696, 0xD5F3, 0xD5F3, 0x8593, 0x8593, 0x8593, 0x8593, 0x8593, 0x8593, 0x8593, 0x8593,
  0x8593, 0x8593, 0x5BEA, 0x5BEA, 0x432A, 0x432A, 0x5A88, 0x5A88, 0x72E8, 0x72E8, 0xA326, 0xA326,
  0x72E8, 0x72E8, 0xA326, 0xA326, 0x72E8, 0x72E8, 0x72E8, 0x72E8, 0xA326, 0xA326, 0xA326, 0xA326,
  0xA326, 0xA326, 0xA326, 0xA326, 0x72E8, 0x72E8, 0xA326, 0xA326, 0xA326, 0xA326, 0x72E8, 0x72E8,
  0xA326, 0xA326, 0xA326, 0xA326, 0xA326, 0xA326, 0xA326, 0xA326, 0xA326, 0xA326, 0xA326, 0xA326,
  0xA326, 0xA326, 0xA326, 0xA326, 0x72E8, 0x72E8, 0xA326, 0xA326, 0xA326, 0xA326, 0xA326, 0xA326,
  0xA326, 0xA326, 0xA326, 0xA326, 0xA326, 0xA326, 0x72E8, 0x72E8, 0x7225, 0x7225, 0x72E8, 0x72E8,
  0x8593, 0x8593, 0x8593, 0x8593, 0x8593, 0x8593, 0x8593, 0x8593, 0x8593, 0x8593, 0x8593, 0x8593,
  0xD5F3, 0xD5F3, 0xD5F3, 0xD5F3, 0xE696, 0xE696, 0xE696, 0xE696, 0xE696, 0xE696, 0xE696, 0xE696,
  0xD5F3, 0xD5F3, 0xD5F3, 0xD5F3, 0xD5F3, 0xD5F3, 0xE696, 0xE696, 0xD5F3, 0xD5F3, 0xD5F3, 0xD5F3,
  0xD5F3, 0xD5F3, 0xD5F3, 0xD5F3, 0xE696, 0xE696, 0xE696, 0xE696, 0xD5F3, 0xD5F3, 0xE50A, 0xE50A,
  0xC570, 0xC570, 0xD5F3, 0xD5F3, 0xE696, 0xE696, 0xE696, 0xE696, 0xE696, 0xE696, 0xD5F3, 0xD5F3,
  0xE50A, 0xE50A, 0xC570, 0xC570, 0xD5F3, 0xD5F3, 0xE696, 0xE696, 0xE696, 0xE696, 0xE696, 0xE696,
  0xD5F3, 0xD5F3, 0xE50A, 0xE50A, 0xD5F3, 0xD5F3, 0xE696, 0xE696, 0xE696, 0xE696, 0xD5F3, 0xD5F3,
  0xE696, 0xE696, 0xD5F3, 0xD5F3, 0xC570, 0xC570, 0xD5F3, 0xD5F3, 0xE696, 0xE696, 0xD5F3, 0xD5F3,
  0xD5F3, 0xD5F3, 0xD5F3, 0xD5F3, 0xD5F3, 0xD5F3, 0xD5F3, 0xD5F3, 0xE696, 0xE696, 0xD5F3, 0xD5F3,
  0xD5F3, 0xD5F3, 0xD5F3, 0xD5F3, 0xD5F3, 0xD5F3, 0xD5F3, 0xD5F3, 0xD5F3, 0xD5F3, 0xE696, 0xE696,
  0xD5F3, 0xD5F3, 0xD5F3, 0xD5F3, 0xD5F3, 0xD5F3, 0xD5F3, 0xD5F3, 0xD5F3, 0xD5F3, 0xE696, 0xE696,
  0xE696, 0xE696, 0xD5F3, 0xD5F3, 0xD5F3, 0xD5F3, 0xD5F3, 0xD5F3, 0xD5F3, 0xD5F3, 0xD5F3, 0xD5F3,
  0xD5F3, 0xD5F3, 0xD5F3, 0xD5F3, 0xD5F3, 0xD5F3, 0xD5F3, 0xD5F3, 0xD5F3, 0xD5F3, 0xD5F3, 0xD5F3,
  0xAE56, 0xAE56, 0x8593, 0x8593, 0x8593, 0x8593, 0x8593, 0x8593, 0x8593, 0x8593, 0x8593, 0x8593,
  0x6CB0, 0x6CB0, 0x5A88, 0x5A88, 0x7225, 0x7225, 0x72E8, 0x72E8, 0xA326, 0xA326, 0xA326, 0xA326,
  0x72E8, 0x72E8, 0x72E8, 0x72E8, 0xA326, 0xA326, 0xA326, 0xA326, 0xA326, 0xA326, 0xA326, 0xA326,
  0xA326, 0xA326, 0x72E8, 0x72E8, 0x72E8, 0x72E8, 0x72E8, 0x72E8, 0xA326, 0xA326, 0xA326, 0xA326,
  0xA326, 0xA326, 0xA326, 0xA326, 0xA326, 0xA326, 0xA326, 0xA326, 0xA326, 0xA326, 0xA326, 0xA326,
  0xA326, 0xA326, 0xA326, 0xA326, 0x72E8, 0x72E8, 0xA326, 0xA326, 0xA326, 0xA326, 0xA326, 0xA326,
  0xA326, 0xA326, 0xA326, 0xA326, 0xA326, 0xA326, 0x72E8, 0x72E8, 0x7225, 0x7225, 0x72E8, 0x72E8,
  0x8593, 0x8593, 0x8593, 0x8593, 0x8593, 0x8593, 0x8593, 0x8593, 0x8593, 0x8593, 0x8593, 0x8593,
  0xD5F3, 0xD5F3, 0xD5F3, 0xD5F3, 0xE696, 0xE696, 0xE696, 0xE696, 0xE696, 0xE696, 0xE696, 0xE696,
  0xD5F3, 0xD5F3, 0xD5F3, 0xD5F3, 0xD5F3, 0xD5F3, 0xE696, 0xE696, 0xD5F3, 0xD5F3, 0xD5F3, 0xD5F3,
  0xD5F3, 0xD5F3, 0xD5F3, 0xD5F3, 0xE696, 0xE696, 0xE696, 0xE696, 0xD5F3, 0xD5F3, 0xE50A, 0xE50A,
  0xC570, 0xC570, 0xD5F3, 0xD5F3, 0xE696, 0xE696, 0xE696, 0xE696, 0xE696, 0xE696, 0xD5F3, 0xD5F3,
  0xE50A, 0xE50A, 0xC570, 0xC570, 0xD5F3, 0xD5F3, 0xE696, 0xE696, 0xE696, 0xE696, 0xE696, 0xE696,
  0xD5F3, 0xD5F3, 0xE50A, 0xE50A, 0xD5F3, 0xD5F3, 0xE696, 0xE696, 0xE696, 0xE696, 0xD5F3, 0xD5F3,
  0xE696, 0xE696, 0xD5F3, 0xD5F3, 0xC570, 0xC570, 0xD5F3, 0xD5F3, 0xE696, 0xE696, 0xD5F3, 0xD5F3,
  0xD5F3, 0xD5F3, 0xD5F3, 0xD5F3, 0xD5F3, 0xD5F3, 0xD5F3, 0xD5F3, 0xE696, 0xE696, 0xD5F3, 0xD5F3,
  0xD5F3, 0xD5F3, 0xD5F3, 0xD5F3, 0xD5F3, 0xD5F3, 0xD5F3, 0xD5F3, 0xD5F3, 0xD5F3, 0xE696, 0xE696,
  0xD5F3, 0xD5F3, 0xD5F3, 0xD5F3, 0xD5F3, 0xD5F3, 0xD5F3, 0xD5F3, 0xD5F3, 0xD5F3, 0xE696, 0xE696,
  0xE696, 0xE696, 0xD5F3, 0xD5F3, 0xD5F3, 0xD5F3, 0xD5F3, 0xD5F3, 0xD5F3, 0xD5F3, 0xD5F3, 0xD5F3,
  0xD5F3, 0xD5F3, 0xD5F3, 0xD5F3, 0xD5F3, 0xD5F3, 0xD5F3, 0xD5F3, 0xD5F3, 0xD5F3, 0xD5F3, 0xD5F3,
  0xAE56, 0xAE56, 0x8593, 0x8593, 0x8593, 0x8593, 0x8593, 0x8593, 0x8593, 0x8593, 0x8593, 0x8593,
  0x6CB0, 0x6CB0, 0x5A88, 0x5A88, 0x7225, 0x7225, 0x72E8, 0x72E8, 0xA326, 0xA326, 0xA326, 0xA326,
  0x72E8, 0x72E8, 0x72E8, 0x72E8, 0xA326, 0xA326, 0xA326, 0xA326, 0xA326, 0xA326, 0xA326, 0xA326,
  0xA326, 0xA326, 0x72E8, 0x72E8, 0x72E8, 0x72E8, 0x72E8, 0x72E8, 0xA326, 0xA326, 0xA326, 0xA326,
  0xA326, 0xA326, 0xA326, 0xA326, 0xA326, 0xA326, 0xA326, 0xA326, 0xA326, 0xA326, 0xA326, 0xA326,
  0xA326, 0xA326, 0x72E8, 0x72E8, 0xA326, 0xA326, 0xA326, 0xA326, 0xA326, 0xA326, 0xA326, 0xA326,
  0xA326, 0xA326, 0xA326, 0xA326, 0xA326, 0xA326, 0xA326, 0xA326, 0xA326, 0xA326, 0x72E8, 0x72E8,
  0x5A88, 0x5A88, 0x5BEA, 0x5BEA, 0x5BEA, 0x5BEA, 0x8593, 0x8593, 0x8593, 0x8593, 0x8593, 0x8593,
  0x8593, 0x8593, 0x8593, 0x8593, 0xD5F3, 0xD5F3, 0xD5F3, 0xD5F3, 0xE696, 0xE696, 0xE696, 0xE696,
  0xC570, 0xC570, 0xE50A, 0xE50A, 0xC570, 0xC570, 0xE696, 0xE696, 0xE696, 0xE696, 0xD5F3, 0xD5F3,
  0xE696, 0xE696, 0xC570, 0xC570, 0xE50A, 0xE50A, 0xD5F3, 0xD5F3, 0xE696, 0xE696, 0xE696, 0xE696,
  0xE696, 0xE696, 0xD5F3, 0xD5F3, 0xD5F3, 0xD5F3, 0xC570, 0xC570, 0xD5F3, 0xD5F3, 0xE696, 0xE696,
  0xD5F3, 0xD5F3, 0xD5F3, 0xD5F3, 0xD5F3, 0xD5F3, 0xD5F3, 0xD5F3, 0xD5F3, 0xD5F3, 0xE696, 0xE696,
  0xD5F3, 0xD5F3, 0xC570, 0xC570, 0xD5F3, 0xD5F3, 0xD5F3, 0xD5F3, 0xE696, 0xE696, 0xE696, 0xE696,
  0xE696, 0xE696, 0xD5F3, 0xD5F3, 0xE50A, 0xE50A, 0xC570, 0xC570, 0xD5F3, 0xD5F3, 0xE696, 0xE696,
  0xE696, 0xE696, 0xD5F3, 0xD5F3, 0xC570, 0xC570, 0xE50A, 0xE50A, 0xD5F3, 0xD5F3, 0xD5F3, 0xD5F3,
  0xE696, 0xE696, 0xE696, 0xE696, 0xD5F3, 0xD5F3, 0xC570, 0xC570, 0xE50A, 0xE50A, 0xD5F3, 0xD5F3,
  0xD5F3, 0xD5F3, 0xE696, 0xE696, 0xE696, 0xE696, 0xD5F3, 0xD5F3, 0xE50A, 0xE50A, 0xC570, 0xC570,
  0xD5F3, 0xD5F3, 0xD5F3, 0xD5F3, 0xE696, 0xE696, 0xE696, 0xE696, 0xC570, 0xC570, 0xE50A, 0xE50A,
  0xD5F3, 0xD5F3, 0xE696, 0xE696, 0xD5F3, 0xD5F3, 0xE696, 0xE696, 0xD5F3, 0xD5F3, 0x8593, 0x8593,
  0x8593, 0x8593, 0x8593, 0x8593, 0x8593, 0x8593, 0x8593, 0x8593, 0x5BEA, 0x5BEA, 0x5BEA, 0x5BEA,
  0x5A88, 0x5A88, 0x72E8, 0x72E8, 0xA326, 0xA326, 0x72E8, 0x72E8, 0x72E8, 0x72E8, 0x72E8, 0x72E8,
  0x72E8, 0x72E8, 0xA326, 0xA326, 0xA326, 0xA326, 0xA326, 0xA326, 0xA326, 0xA326, 0xA326, 0xA326,
  0x72E8, 0x72E8, 0xA326, 0xA326, 0x72E8, 0x72E8, 0xA326, 0xA326, 0x72E8, 0x72E8, 0x72E8, 0x72E8,
  0xA326, 0xA326, 0xA326, 0xA326, 0xA326, 0xA326, 0xA326, 0xA326, 0xA326, 0xA326, 0xA326, 0xA326,
  0xA326, 0xA326, 0x72E8, 0x72E8, 0xA326, 0xA326, 0xA326, 0xA326, 0xA326, 0xA326, 0xA326, 0xA326,
  0xA326, 0xA326, 0xA326, 0xA326, 0xA326, 0xA326, 0xA326, 0xA326, 0xA326, 0xA326, 0x72E8, 0x72E8,
  0x5A88, 0x5A88, 0x5BEA, 0x5BEA, 0x5BEA, 0x5BEA, 0x8593, 0x8593, 0x8593, 0x8593, 0x8593, 0x8593,
  0x8593, 0x8593, 0x8593, 0x8593, 0xD5F3, 0xD5F3, 0xD5F3, 0xD5F3, 0xE696, 0xE696, 0xE696, 0xE696,
  0xC570, 0xC570, 0xE50A, 0xE50A, 0xC570, 0xC570, 0xE696, 0xE696, 0xE696, 0xE696, 0xD5F3, 0xD5F3,
  0xE696, 0xE696, 0xC570, 0xC570, 0xE50A, 0xE50A, 0xD5F3, 0xD5F3, 0xE696, 0xE696, 0xE696, 0xE696,
  0xE696, 0xE696, 0xD5F3, 0xD5F3, 0xD5F3, 0xD5F3, 0xC570, 0xC570, 0xD5F3, 0xD5F3, 0xE696, 0xE696,
  0xD5F3, 0xD5F3, 0xD5F3, 0xD5F3, 0xD5F3, 0xD5F3, 0xD5F3, 0xD5F3, 0xD5F3, 0xD5F3, 0xE696, 0xE696,
  0xD5F3, 0xD5F3, 0xC570, 0xC570, 0xD5F3, 0xD5F3, 0xD5F3, 0xD5F3, 0xE696, 0xE696, 0xE696, 0xE696,
  0xE696, 0xE696, 0xD5F3, 0xD5F3, 0xE50A, 0xE50A, 0xC570, 0xC570, 0xD5F3, 0xD5F3, 0xE696, 0xE696,
  0xE696, 0xE696, 0xD5F3, 0xD5F3, 0xC570, 0xC570, 0xE50A, 0xE50A, 0xD5F3, 0xD5F3, 0xD5F3, 0xD5F3,
  0xE696, 0xE696, 0xE696, 0xE696, 0xD5F3, 0xD5F3, 0xC570, 0xC570, 0xE50A, 0xE50A, 0xD5F3, 0xD5F3,
  0xD5F3, 0xD5F3, 0xE696, 0xE696, 0xE696, 0xE696, 0xD5F3, 0xD5F3, 0xE50A, 0xE50A, 0xC570, 0xC570,
  0xD5F3, 0xD5F3, 0xD5F3, 0xD5F3, 0xE696, 0xE696, 0xE696, 0xE696, 0xC570, 0xC570, 0xE50A, 0xE50A,
  0xD5F3, 0xD5F3, 0xE696, 0xE696, 0xD5F3, 0xD5F3, 0xE696, 0xE696, 0xD5F3, 0xD5F3, 0x8593, 0x8593,
  0x8593, 0x8593, 0x8593, 0x8593, 0x8593, 0x8593, 0x8593, 0x8593, 0x5BEA, 0x5BEA, 0x5BEA, 0x5BEA,
  0x5A88, 0x5A88, 0x72E8, 0x72E8, 0xA326, 0xA326, 0x72E8, 0x72E8, 0x72E8, 0x72E8, 0x72E8, 0x72E8,
  0x72E8, 0x72E8, 0xA326, 0xA326, 0xA326, 0xA326, 0xA326, 0xA326, 0xA326, 0xA326, 0xA326, 0xA326,
  0x72E8, 0x72E8, 0xA326, 0xA326, 0x72E8, 0x72E8, 0xA326, 0xA326, 0x72E8, 0x72E8, 0x72E8, 0x72E8,
  0xA326, 0xA326, 0xA326, 0xA326, 0xA326, 0xA326, 0xA326, 0xA326, 0xA326, 0xA326, 0x72E8, 0x72E8,
  0xA326, 0xA326, 0xA326, 0xA326, 0xA326, 0xA326, 0xA326, 0xA326, 0xA326, 0xA326, 0xA326, 0xA326,
  0xA326, 0xA326, 0xA326, 0xA326, 0xA326, 0xA326, 0xA326, 0xA326, 0xA326, 0xA326, 0xA326, 0xA326,
  0xA326, 0xA326, 0x7225, 0x7225, 0x72E8, 0x72E8, 0x6CB0, 0x6CB0, 0x8593, 0x8593, 0x8593, 0x8593,
  0x8593, 0x8593, 0x8593, 0x8593, 0x8593, 0x8593, 0xAE56, 0xAE56, 0xD5F3, 0xD5F3, 0xE696, 0xE696,
  0xE696, 0xE696, 0xD5F3, 0xD5F3, 0xD5F3, 0xD5F3, 0xD5F3, 0xD5F3, 0xD5F3, 0xD5F3, 0xE696, 0xE696,
  0xE696, 0xE696, 0xD5F3, 0xD5F3, 0xE50A, 0xE50A, 0xD5F3, 0xD5F3, 0xD5F3, 0xD5F3, 0xE696, 0xE696,
  0xE696, 0xE696, 0xE696, 0xE696, 0xC570, 0xC570, 0xE50A, 0xE50A, 0xC570, 0xC570, 0xE696, 0xE696,
  0xE696, 0xE696, 0xE696, 0xE696, 0xE696, 0xE696, 0xC570, 0xC570, 0xE50A, 0xE50A, 0xD5F3, 0xD5F3,
  0xE696, 0xE696, 0xE696, 0xE696, 0xD5F3, 0xD5F3, 0xD5F3, 0xD5F3, 0xD5F3, 0xD5F3, 0xC570, 0xC570,
  0xD5F3, 0xD5F3, 0xE696, 0xE696, 0xE696, 0xE696, 0xD5F3, 0xD5F3, 0xD5F3, 0xD5F3, 0xD5F3, 0xD5F3,
  0xD5F3, 0xD5F3, 0xD5F3, 0xD5F3, 0xE696, 0xE696, 0xD5F3, 0xD5F3, 0xD5F3, 0xD5F3, 0xD5F3, 0xD5F3,
  0xD5F3, 0xD5F3, 0xD5F3, 0xD5F3, 0xE696, 0xE696, 0xD5F3, 0xD5F3, 0xD5F3, 0xD5F3, 0xD5F3, 0xD5F3,
  0xD5F3, 0xD5F3, 0xD5F3, 0xD5F3, 0xD5F3, 0xD5F3, 0xD5F3, 0xD5F3, 0xD5F3, 0xD5F3, 0xD5F3, 0xD5F3,
  0xD5F3, 0xD5F3, 0xD5F3, 0xD5F3, 0xD5F3, 0xD5F3, 0xE696, 0xE696, 0xD5F3, 0xD5F3, 0xD5F3, 0xD5F3,
  0xD5F3, 0xD5F3, 0xE696, 0xE696, 0xD5F3, 0xD5F3, 0xAE56, 0xAE56, 0x8593, 0x8593, 0x8593, 0x8593,
  0x8593, 0x8593, 0x8593, 0x8593, 0x8593, 0x8593, 0x8593, 0x8593, 0x5A88, 0x5A88, 0x7225, 0x7225,
  0x72E8, 0x72E8, 0x72E8, 0x72E8, 0x72E8, 0x72E8, 0x72E8, 0x72E8, 0x72E8, 0x72E8, 0xA326, 0xA326,
  0xA326, 0xA326, 0xA326, 0xA326, 0xA326, 0xA326, 0xA326, 0xA326, 0x72E8, 0x72E8, 0x72E8, 0x72E8,
  0xA326, 0xA326, 0xA326, 0xA326, 0xA326, 0xA326, 0x72E8, 0x72E8, 0x7225, 0x7225, 0xA326, 0xA326,
  0xA326, 0xA326, 0xA326, 0xA326, 0xA326, 0xA326, 0xA326, 0xA326, 0xA326, 0xA326, 0x72E8, 0x72E8,
  0xA326, 0xA326, 0xA326, 0xA326, 0xA326, 0xA326, 0xA326, 0xA326, 0xA326, 0xA326, 0xA326, 0xA326,
  0xA326, 0xA326, 0xA326, 0xA326, 0xA326, 0xA326, 0xA326, 0xA326, 0xA326, 0xA326, 0xA326, 0xA326,
  0xA326, 0xA326, 0x7225, 0x7225, 0x72E8, 0x72E8, 0x6CB0, 0x6CB0, 0x8593, 0x8593, 0x8593, 0x8593,
  0x8593, 0x8593, 0x8593, 0x8593, 0x8593, 0x8593, 0xAE56, 0xAE56, 0xD5F3, 0xD5F3, 0xE696, 0xE696,
  0xE696, 0xE696, 0xD5F3, 0xD5F3, 0xD5F3, 0xD5F3, 0xD5F3, 0xD5F3, 0xD5F3, 0xD5F3, 0xE696, 0xE696,
  0xE696, 0xE696, 0xD5F3, 0xD5F3, 0xE50A, 0xE50A, 0xD5F3, 0xD5F3, 0xD5F3, 0xD5F3, 0xE696, 0xE696,
  0xE696, 0xE696, 0xE696, 0xE696, 0xC570, 0xC570, 0xE50A, 0xE50A, 0xC570, 0xC570, 0xE696, 0xE696,
  0xE696, 0xE696, 0xE696, 0xE696, 0xE696, 0xE696, 0xC570, 0xC570, 0xE50A, 0xE50A, 0xD5F3, 0xD5F3,
  0xE696, 0xE696, 0xE696, 0xE696, 0xD5F3, 0xD5F3, 0xD5F3, 0xD5F3, 0xD5F3, 0xD5F3, 0xC570, 0xC570,
  0xD5F3, 0xD5F3, 0xE696, 0xE696, 0xE696, 0xE696, 0xD5F3, 0xD5F3, 0xD5F3, 0xD5F3, 0xD5F3, 0xD5F3,
  0xD5F3, 0xD5F3, 0xD5F3, 0xD5F3, 0xE696, 0xE696, 0xD5F3, 0xD5F3, 0xD5F3, 0xD5F3, 0xD5F3, 0xD5F3,
  0xD5F3, 0xD5F3, 0xD5F3, 0xD5F3, 0xE696, 0xE696, 0xD5F3, 0xD5F3, 0xD5F3, 0xD5F3, 0xD5F3, 0xD5F3,
  0xD5F3, 0xD5F3, 0xD5F3, 0xD5F3, 0xD5F3, 0xD5F3, 0xD5F3, 0xD5F3, 0xD5F3, 0xD5F3, 0xD5F3, 0xD5F3,
  0xD5F3, 0xD5F3, 0xD5F3, 0xD5F3, 0xD5F3, 0xD5F3, 0xE696, 0xE696, 0xD5F3, 0xD5F3, 0xD5F3, 0xD5F3,
  0xD5F3, 0xD5F3, 0xE696, 0xE696, 0xD5F3, 0xD5F3, 0xAE56, 0xAE56, 0x8593, 0x8593, 0x8593, 0x8593,
  0x8593, 0x8593, 0x8593, 0x8593, 0x8593, 0x8593, 0x8593, 0x8593, 0x5A88, 0x5A88, 0x7225, 0x7225,
  0x72E8, 0x72E8, 0x72E8, 0x72E8, 0x72E8, 0x72E8, 0x72E8, 0x72E8, 0x72E8, 0x72E8, 0xA326, 0xA326,
  0xA326, 0xA326, 0xA326, 0xA326, 0xA326, 0xA326, 0xA326, 0xA326, 0x72E8, 0x72E8, 0x72E8, 0x72E8,
  0xA326, 0xA326, 0xA326, 0xA326, 0xA326, 0xA326, 0x72E8, 0x72E8, 0x7225, 0x7225, 0xA326, 0xA326,
  0xA326, 0xA326, 0xA326, 0xA326, 0xA326, 0xA326, 0x72E8, 0x72E8, 0x72E8, 0x72E8, 0xA326, 0xA326,
  0xA326, 0xA326, 0xA326, 0xA326, 0xA326, 0xA326, 0xA326, 0xA326, 0xA326, 0xA326, 0xA326, 0xA326,
  0xA326, 0xA326, 0xA326, 0xA326, 0xA326, 0xA326, 0xA326, 0xA326, 0xA326, 0xA326, 0xA326, 0xA326,
  0xA326, 0xA326, 0xA326, 0xA326, 0xA326, 0xA326, 0x72E8, 0x72E8, 0x5BEA, 0x5BEA, 0x5BEA, 0x5BEA,
  0x6CB0, 0x6CB0, 0xAE56, 0xAE56, 0x8593, 0x8593, 0x8593, 0x8593, 0x8593, 0x8593, 0xAE56, 0xAE56,
  0xD5F3, 0xD5F3, 0xE696, 0xE696, 0xE696, 0xE696, 0xD5F3, 0xD5F3, 0xE50A, 0xE50A, 0xE50A, 0xE50A,
  0xD5F3, 0xD5F3, 0xE696, 0xE696, 0xE696, 0xE696, 0xE696, 0xE696, 0xD5F3, 0xD5F3, 0xC570, 0xC570,
  0xC570, 0xC570, 0xD5F3, 0xD5F3, 0xE696, 0xE696, 0xD5F3, 0xD5F3, 0xD5F3, 0xD5F3, 0xD5F3, 0xD5F3,
  0xD5F3, 0xD5F3, 0xD5F3, 0xD5F3, 0xE696, 0xE696, 0xD5F3, 0xD5F3, 0xC570, 0xC570, 0xD5F3, 0xD5F3,
  0xD5F3, 0xD5F3, 0xE696, 0xE696, 0xE696, 0xE696, 0xE696, 0xE696, 0xD5F3, 0xD5F3, 0xE50A, 0xE50A,
  0xC570, 0xC570, 0xE696, 0xE696, 0xE696, 0xE696, 0xE696, 0xE696, 0xD5F3, 0xD5F3, 0xC570, 0xC570,
  0xE50A, 0xE50A, 0xD5F3, 0xD5F3, 0xE696, 0xE696, 0xE696, 0xE696, 0xD5F3, 0xD5F3, 0xD5F3, 0xD5F3,
  0xE50A, 0xE50A, 0xE50A, 0xE50A, 0xD5F3, 0xD5F3, 0xE696, 0xE696, 0xE696, 0xE696, 0xE696, 0xE696,
  0xD5F3, 0xD5F3, 0xE50A, 0xE50A, 0xE50A, 0xE50A, 0xD5F3, 0xD5F3, 0xD5F3, 0xD5F3, 0xE696, 0xE696,
  0xD5F3, 0xD5F3, 0xD5F3, 0xD5F3, 0xE50A, 0xE50A, 0xC570, 0xC570, 0xD5F3, 0xD5F3, 0xD5F3, 0xD5F3,
  0xE696, 0xE696, 0xD5F3, 0xD5F3, 0xAE56, 0xAE56, 0x8593, 0x8593, 0x8593, 0x8593, 0x8593, 0x8593,
  0x8593, 0x8593, 0x5BEA, 0x5BEA, 0x5BEA, 0x5BEA, 0x5A88, 0x5A88, 0x72E8, 0x72E8, 0xA326, 0xA326,
  0xA326, 0xA326, 0x72E8, 0x72E8, 0x72E8, 0x72E8, 0x72E8, 0x72E8, 0xA326, 0xA326, 0xA326, 0xA326,
  0xA326, 0xA326, 0xA326, 0xA326, 0xA326, 0xA326, 0xA326, 0xA326, 0xA326, 0xA326, 0xA326, 0xA326,
  0xA326, 0xA326, 0xA326, 0xA326, 0x72E8, 0x72E8, 0x72E8, 0x72E8, 0xA326, 0xA326, 0x72E8, 0x72E8,
  0xA326, 0xA326, 0xA326, 0xA326, 0xA326, 0xA326, 0x72E8, 0x72E8, 0x72E8, 0x72E8, 0xA326, 0xA326,
  0xA326, 0xA326, 0xA326, 0xA326, 0xA326, 0xA326, 0xA326, 0xA326, 0xA326, 0xA326, 0xA326, 0xA326,
  0xA326, 0xA326, 0xA326, 0xA326, 0xA326, 0xA326, 0xA326, 0xA326, 0xA326, 0xA326, 0xA326, 0xA326,
  0xA326, 0xA326, 0xA326, 0xA326, 0xA326, 0xA326, 0x72E8, 0x72E8, 0x5BEA, 0x5BEA, 0x5BEA, 0x5BEA,
  0x6CB0, 0x6CB0, 0xAE56, 0xAE56, 0x8593, 0x8593, 0x8593, 0x8593, 0x8593, 0x8593, 0xAE56, 0xAE56,
  0xD5F3, 0xD5F3, 0xE696, 0xE696, 0xE696, 0xE696, 0xD5F3, 0xD5F3, 0xE50A, 0xE50A, 0xE50A, 0xE50A,
  0xD5F3, 0xD5F3, 0xE696, 0xE696, 0xE696, 0xE696, 0xE696, 0xE696, 0xD5F3, 0xD5F3, 0xC570, 0xC570,
  0xC570, 0xC570, 0xD5F3, 0xD5F3, 0xE696, 0xE696, 0xD5F3, 0xD5F3, 0xD5F3, 0xD5F3, 0xD5F3, 0xD5F3,
  0xD5F3, 0xD5F3, 0xD5F3, 0xD5F3, 0xE696, 0xE696, 0xD5F3, 0xD5F3, 0xC570, 0xC570, 0xD5F3, 0xD5F3,
  0xD5F3, 0xD5F3, 0xE696, 0xE696, 0xE696, 0xE696, 0xE696, 0xE696, 0xD5F3, 0xD5F3, 0xE50A, 0xE50A,
  0xC570, 0xC570, 0xE696, 0xE696, 0xE696, 0xE696, 0xE696, 0xE696, 0xD5F3, 0xD5F3, 0xC570, 0xC570,
  0xE50A, 0xE50A, 0xD5F3, 0xD5F3, 0xE696, 0xE696, 0xE696, 0xE696, 0xD5F3, 0xD5F3, 0xD5F3, 0xD5F3,
  0xE50A, 0xE50A, 0xE50A, 0xE50A, 0xD5F3, 0xD5F3, 0xE696, 0xE696, 0xE696, 0xE696, 0xE696, 0xE696,
  0xD5F3, 0xD5F3, 0xE50A, 0xE50A, 0xE50A, 0xE50A, 0xD5F3, 0xD5F3, 0xD5F3, 0xD5F3, 0xE696, 0xE696,
  0xD5F3, 0xD5F3, 0xD5F3, 0xD5F3, 0xE50A, 0xE50A, 0xC570, 0xC570, 0xD5F3, 0xD5F3, 0xD5F3, 0xD5F3,
  0xE696, 0xE696, 0xD5F3, 0xD5F3, 0xAE56, 0xAE56, 0x8593, 0x8593, 0x8593, 0x8593, 0x8593, 0x8593,
  0x8593, 0x8593, 0x5BEA, 0x5BEA, 0x5BEA, 0x5BEA, 0x5A88, 0x5A88, 0x72E8, 0x72E8, 0xA326, 0xA326,
  0xA326, 0xA326, 0x72E8, 0x72E8, 0x72E8, 0x72E8, 0x72E8, 0x72E8, 0xA326, 0xA326, 0xA326, 0xA326,
  0xA326, 0xA326, 0xA326, 0xA326, 0xA326, 0xA326, 0xA326, 0xA326, 0xA326, 0xA326, 0xA326, 0xA326,
  0xA326, 0xA326, 0xA326, 0xA326, 0x72E8, 0x72E8, 0x72E8, 0x72E8, 0xA326, 0xA326, 0x72E8, 0x72E8,
  0xA326, 0xA326, 0xA326, 0xA326, 0x72E8, 0x72E8, 0x72E8, 0x72E8, 0xA326, 0xA326, 0xA326, 0xA326,
  0xA326, 0xA326, 0xA326, 0xA326, 0xA326, 0xA326, 0xA326, 0xA326, 0xA326, 0xA326, 0xA326, 0xA326,
  0xA326, 0xA326, 0xA326, 0xA326, 0xA326, 0xA326, 0xA326, 0xA326, 0xA326, 0xA326, 0xA326, 0xA326,
  0xA326, 0xA326, 0xA326, 0xA326, 0xA326, 0xA326, 0x72E8, 0x72E8, 0x7225, 0x7225, 0x7225, 0x7225,
  0x5BEA, 0x5BEA, 0x8593, 0x8593, 0x8593, 0x8593, 0x8593, 0x8593, 0x8593, 0x8593, 0x8593, 0x8593,
  0x8593, 0x8593, 0xD5F3, 0xD5F3, 0xD5F3, 0xD5F3, 0xE696, 0xE696, 0xD5F3, 0xD5F3, 0xC570, 0xC570,
  0xD5F3, 0xD5F3, 0xE696, 0xE696, 0xE696, 0xE696, 0xE696, 0xE696, 0xE696, 0xE696, 0xC570, 0xC570,
  0xE50A, 0xE50A, 0xD5F3, 0xD5F3, 0xE696, 0xE696, 0xE696, 0xE696, 0xE696, 0xE696, 0xE696, 0xE696,
  0xC570, 0xC570, 0xE50A, 0xE50A, 0xD5F3, 0xD5F3, 0xD5F3, 0xD5F3, 0xE696, 0xE696, 0xE696, 0xE696,
  0xD5F3, 0xD5F3, 0xC570, 0xC570, 0xE50A, 0xE50A, 0xD5F3, 0xD5F3, 0xE696, 0xE696, 0xE696, 0xE696,
  0xD5F3, 0xD5F3, 0xD5F3, 0xD5F3, 0xC570, 0xC570, 0xC570, 0xC570, 0xD5F3, 0xD5F3, 0xD5F3, 0xD5F3,
  0xD5F3, 0xD5F3, 0xD5F3, 0xD5F3, 0xD5F3, 0xD5F3, 0xD5F3, 0xD5F3, 0xD5F3, 0xD5F3, 0xE696, 0xE696,
  0xD5F3, 0xD5F3, 0xD5F3, 0xD5F3, 0xD5F3, 0xD5F3, 0xD5F3, 0xD5F3, 0xD5F3, 0xD5F3, 0xD5F3, 0xD5F3,
  0xE696, 0xE696, 0xD5F3, 0xD5F3, 0xD5F3, 0xD5F3, 0xD5F3, 0xD5F3, 0xD5F3, 0xD5F3, 0xD5F3, 0xD5F3,
  0xD5F3, 0xD5F3, 0xE696, 0xE696, 0xD5F3, 0xD5F3, 0xD5F3, 0xD5F3, 0xD5F3, 0xD5F3, 0xD5F3, 0xD5F3,
  0xD5F3, 0xD5F3, 0x8593, 0x8593, 0x8593, 0x8593, 0x8593, 0x8593, 0x8593, 0x8593, 0xAE56, 0xAE56,
  0x8593, 0x8593, 0x5A88, 0x5A88, 0x7225, 0x7225, 0x7225, 0x7225, 0xA326, 0xA326, 0x72E8, 0x72E8,
  0xA326, 0xA326, 0x72E8, 0x72E8, 0x72E8, 0x72E8, 0xA326, 0xA326, 0xA326, 0xA326, 0xA326, 0xA326,
  0xA326, 0xA326, 0xA326, 0xA326, 0x72E8, 0x72E8, 0xA326, 0xA326, 0xA326, 0xA326, 0xA326, 0xA326,
  0xA326, 0xA326, 0x72E8, 0x72E8, 0x72E8, 0x72E8, 0xA326, 0xA326, 0x72E8, 0x72E8, 0x72E8, 0x72E8,
  0xA326, 0xA326, 0xA326, 0xA326, 0x72E8, 0x72E8, 0x72E8, 0x72E8, 0xA326, 0xA326, 0xA326, 0xA326,
  0xA326, 0xA326, 0xA326, 0xA326, 0xA326, 0xA326, 0xA326, 0xA326, 0xA326, 0xA326, 0xA326, 0xA326,
  0xA326, 0xA326, 0xA326, 0xA326, 0xA326, 0xA326, 0xA326, 0xA326, 0xA326, 0xA326, 0xA326, 0xA326,
  0xA326, 0xA326, 0xA326, 0xA326, 0xA326, 0xA326, 0x72E8, 0x72E8, 0x7225, 0x7225, 0x7225, 0x7225,
  0x5BEA, 0x5BEA, 0x8593, 0x8593, 0x8593, 0x8593, 0x8593, 0x8593, 0x8593, 0x8593, 0x8593, 0x8593,
  0x8593, 0x8593, 0xD5F3, 0xD5F3, 0xD5F3, 0xD5F3, 0xE696, 0xE696, 0xD5F3, 0xD5F3, 0xC570, 0xC570,
  0xD5F3, 0xD5F3, 0xE696, 0xE696, 0xE696, 0xE696, 0xE696, 0xE696, 0xE696, 0xE696, 0xC570, 0xC570,
  0xE50A, 0xE50A, 0xD5F3, 0xD5F3, 0xE696, 0xE696, 0xE696, 0xE696, 0xE696, 0xE696, 0xE696, 0xE696,
  0xC570, 0xC570, 0xE50A, 0xE50A, 0xD5F3, 0xD5F3, 0xD5F3, 0xD5F3, 0xE696, 0xE696, 0xE696, 0xE696,
  0xD5F3, 0xD5F3, 0xC570, 0xC570, 0xE50A, 0xE50A, 0xD5F3, 0xD5F3, 0xE696, 0xE696, 0xE696, 0xE696,
  0xD5F3, 0xD5F3, 0xD5F3, 0xD5F3, 0xC570, 0xC570, 0xC570, 0xC570, 0xD5F3, 0xD5F3, 0xD5F3, 0xD5F3,
  0xD5F3, 0xD5F3, 0xD5F3, 0xD5F3, 0xD5F3, 0xD5F3, 0xD5F3, 0xD5F3, 0xD5F3, 0xD5F3, 0xE696, 0xE696,
  0xD5F3, 0xD5F3, 0xD5F3, 0xD5F3, 0xD5F3, 0xD5F3, 0xD5F3, 0xD5F3, 0xD5F3, 0xD5F3, 0xD5F3, 0xD5F3,
  0xE696, 0xE696, 0xD5F3, 0xD5F3, 0xD5F3, 0xD5F3, 0xD5F3, 0xD5F3, 0xD5F3, 0xD5F3, 0xD5F3, 0xD5F3,
  0xD5F3, 0xD5F3, 0xE696, 0xE696, 0xD5F3, 0xD5F3, 0xD5F3, 0xD5F3, 0xD5F3, 0xD5F3, 0xD5F3, 0xD5F3,
  0xD5F3, 0xD5F3, 0x8593, 0x8593, 0x8593, 0x8593, 0x8593, 0x8593, 0x8593, 0x8593, 0xAE56, 0xAE56,
  0x8593, 0x8593, 0x5A88, 0x5A88, 0x7225, 0x7225, 0x7225, 0x7225, 0xA326, 0xA326, 0x72E8, 0x72E8,
  0xA326, 0xA326, 0x72E8, 0x72E8, 0x72E8, 0x72E8, 0xA326, 0xA326, 0xA326, 0xA326, 0xA326, 0xA326,
  0xA326, 0xA326, 0xA326, 0xA326, 0x72E8, 0x72E8, 0xA326, 0xA326, 0xA326, 0xA326, 0xA326, 0xA326,
  0xA326, 0xA326, 0x72E8, 0x72E8, 0x72E8, 0x72E8, 0xA326, 0xA326, 0x72E8, 0x72E8, 0x72E8, 0x72E8,
  0x72E8, 0x72E8, 0x72E8, 0x72E8, 0xA326, 0xA326, 0xA326, 0xA326, 0x72E8, 0x72E8, 0x72E8, 0x72E8,
  0xA326, 0xA326, 0xA326, 0xA326, 0xA326, 0xA326, 0xA326, 0xA326, 0xA326, 0xA326, 0xA326, 0xA326,
  0xA326, 0xA326, 0xA326, 0xA326, 0xA326, 0xA326, 0xA326, 0xA326, 0xA326, 0xA326, 0xA326, 0xA326,
  0xA326, 0xA326, 0xA326, 0xA326, 0x72E8, 0x72E8, 0x72E8, 0x72E8, 0xA326, 0xA326, 0xA326, 0xA326,
  0x72E8, 0x72E8, 0x5BEA, 0x5BEA, 0x5BEA, 0x5BEA, 0x5BEA, 0x5BEA, 0x8593, 0x8593, 0x8593, 0x8593,
  0x8593, 0x8593, 0x8593, 0x8593, 0xAE56, 0xAE56, 0xD5F3, 0xD5F3, 0xE696, 0xE696, 0xE696, 0xE696,
  0xE696, 0xE696, 0xD5F3, 0xD5F3, 0xE50A, 0xE50A, 0xE50A, 0xE50A, 0xD5F3, 0xD5F3, 0xE696, 0xE696,
  0xE696, 0xE696, 0xD5F3, 0xD5F3, 0xD5F3, 0xD5F3, 0xD5F3, 0xD5F3, 0xD5F3, 0xD5F3, 0xE696, 0xE696,
  0xD5F3, 0xD5F3, 0xD5F3, 0xD5F3, 0xD5F3, 0xD5F3, 0xD5F3, 0xD5F3, 0xD5F3, 0xD5F3, 0xE696, 0xE696,
  0xE696, 0xE696, 0xD5F3, 0xD5F3, 0xE50A, 0xE50A, 0xD5F3, 0xD5F3, 0xE696, 0xE696, 0xE696, 0xE696,
  0xE696, 0xE696, 0xE696, 0xE696, 0xC570, 0xC570, 0xE50A, 0xE50A, 0xD5F3, 0xD5F3, 0xE696, 0xE696,
  0xE696, 0xE696, 0xE696, 0xE696, 0xD5F3, 0xD5F3, 0xE50A, 0xE50A, 0xE50A, 0xE50A, 0xD5F3, 0xD5F3,
  0xD5F3, 0xD5F3, 0xE696, 0xE696, 0xD5F3, 0xD5F3, 0xD5F3, 0xD5F3, 0xE50A, 0xE50A, 0xE50A, 0xE50A,
  0xD5F3, 0xD5F3, 0xD5F3, 0xD5F3, 0xE696, 0xE696, 0xE696, 0xE696, 0xD5F3, 0xD5F3, 0xE50A, 0xE50A,
  0xC570, 0xC570, 0xD5F3, 0xD5F3, 0xD5F3, 0xD5F3, 0xE696, 0xE696, 0xD5F3, 0xD5F3, 0x8593, 0x8593,
  0x8593, 0x8593, 0x8593, 0x8593, 0x8593, 0x8593, 0x8593, 0x8593, 0x6CB0, 0x6CB0, 0x6CB0, 0x6CB0,
  0x5A88, 0x5A88, 0x7225, 0x7225, 0xA326, 0xA326, 0x72E8, 0x72E8, 0xA326, 0xA326, 0xA326, 0xA326,
  0x72E8, 0x72E8, 0xA326, 0xA326, 0xA326, 0xA326, 0x72E8, 0x72E8, 0xA326, 0xA326, 0xA326, 0xA326,
  0xA326, 0xA326, 0xA326, 0xA326, 0xA326, 0xA326, 0xA326, 0xA326, 0xA326, 0xA326, 0x72E8, 0x72E8,
  0x72E8, 0x72E8, 0xA326, 0xA326, 0x72E8, 0x72E8, 0x72E8, 0x72E8, 0x72E8, 0x72E8, 0x72E8, 0x72E8,
  0x72E8, 0x72E8, 0x72E8, 0x72E8, 0xA326, 0xA326, 0xA326, 0xA326, 0x72E8, 0x72E8, 0x72E8, 0x72E8,
  0xA326, 0xA326, 0xA326, 0xA326, 0xA326, 0xA326, 0xA326, 0xA326, 0xA326, 0xA326, 0xA326, 0xA326,
  0xA326, 0xA326, 0xA326, 0xA326, 0xA326, 0xA326, 0xA326, 0xA326, 0xA326, 0xA326, 0xA326, 0xA326,
  0xA326, 0xA326, 0xA326, 0xA326, 0x72E8, 0x72E8, 0x72E8, 0x72E8, 0xA326, 0xA326, 0xA326, 0xA326,
  0x72E8, 0x72E8, 0x5BEA, 0x5BEA, 0x5BEA, 0x5BEA, 0x5BEA, 0x5BEA, 0x8593, 0x8593, 0x8593, 0x8593,
  0x8593, 0x8593, 0x8593, 0x8593, 0xAE56, 0xAE56, 0xD5F3, 0xD5F3, 0xE696, 0xE696, 0xE696, 0xE696,
  0xE696, 0xE696, 0xD5F3, 0xD5F3, 0xE50A, 0xE50A, 0xE50A, 0xE50A, 0xD5F3, 0xD5F3, 0xE696, 0xE696,
  0xE696, 0xE696, 0xD5F3, 0xD5F3, 0xD5F3, 0xD5F3, 0xD5F3, 0xD5F3, 0xD5F3, 0xD5F3, 0xE696, 0xE696,
  0xD5F3, 0xD5F3, 0xD5F3, 0xD5F3, 0xD5F3, 0xD5F3, 0xD5F3, 0xD5F3, 0xD5F3, 0xD5F3, 0xE696, 0xE696,
  0xE696, 0xE696, 0xD5F3, 0xD5F3, 0xE50A, 0xE50A, 0xD5F3, 0xD5F3, 0xE696, 0xE696, 0xE696, 0xE696,
  0xE696, 0xE696, 0xE696, 0xE696, 0xC570, 0xC570, 0xE50A, 0xE50A, 0xD5F3, 0xD5F3, 0xE696, 0xE696,
  0xE696, 0xE696, 0xE696, 0xE696, 0xD5F3, 0xD5F3, 0xE50A, 0xE50A, 0xE50A, 0xE50A, 0xD5F3, 0xD5F3,
  0xD5F3, 0xD5F3, 0xE696, 0xE696, 0xD5F3, 0xD5F3, 0xD5F3, 0xD5F3, 0xE50A, 0xE50A, 0xE50A, 0xE50A,
  0xD5F3, 0xD5F3, 0xD5F3, 0xD5F3, 0xE696, 0xE696, 0xE696, 0xE696, 0xD5F3, 0xD5F3, 0xE50A, 0xE50A,
  0xC570, 0xC570, 0xD5F3, 0xD5F3, 0xD5F3, 0xD5F3, 0xE696, 0xE696, 0xD5F3, 0xD5F3, 0x8593, 0x8593,
  0x8593, 0x8593, 0x8593, 0x8593, 0x8593, 0x8593, 0x8593, 0x8593, 0x6CB0, 0x6CB0, 0x6CB0, 0x6CB0,
  0x5A88, 0x5A88, 0x7225, 0x7225, 0xA326, 0xA326, 0x72E8, 0x72E8, 0xA326, 0xA326, 0xA326, 0xA326,
  0x72E8, 0x72E8, 0xA326, 0xA326, 0xA326, 0xA326, 0x72E8, 0x72E8, 0xA326, 0xA326, 0xA326, 0xA326,
  0xA326, 0xA326, 0xA326, 0xA326, 0xA326, 0xA326, 0xA326, 0xA326, 0xA326, 0xA326, 0x72E8, 0x72E8,
  0x72E8, 0x72E8, 0xA326, 0xA326, 0x72E8, 0x72E8, 0x72E8, 0x72E8, 0x72E8, 0x72E8, 0x72E8, 0x72E8,
  0xA326, 0xA326, 0xA326, 0xA326, 0xA326, 0xA326, 0xA326, 0xA326, 0xA326, 0xA326, 0x72E8, 0x72E8,
  0x72E8, 0x72E8, 0xA326, 0xA326, 0xA326, 0xA326, 0xA326, 0xA326, 0xA326, 0xA326, 0xA326, 0xA326,
  0xA326, 0xA326, 0xA326, 0xA326, 0xA326, 0xA326, 0xA326, 0xA326, 0xA326, 0xA326, 0xA326, 0xA326,
  0xA326, 0xA326, 0x72E8, 0x72E8, 0xA326, 0xA326, 0xA326, 0xA326, 0xA326, 0xA326, 0xA326, 0xA326,
  0xA326, 0xA326, 0x72E8, 0x72E8, 0x7225, 0x7225, 0x5A88, 0x5A88, 0x6CB0, 0x6CB0, 0x8593, 0x8593,
  0x8593, 0x8593, 0x8593, 0x8593, 0x8593, 0x8593, 0x8593, 0x8593, 0xD5F3, 0xD5F3, 0xD5F3, 0xD5F3,
  0xD5F3, 0xD5F3, 0xD5F3, 0xD5F3, 0xC570, 0xC570, 0xE50A, 0xE50A, 0xD5F3, 0xD5F3, 0xE696, 0xE696,
  0xE696, 0xE696, 0xE696, 0xE696, 0xD5F3, 0xD5F3, 0xC570, 0xC570, 0xE50A, 0xE50A, 0xD5F3, 0xD5F3,
  0xE696, 0xE696, 0xD5F3, 0xD5F3, 0xD5F3, 0xD5F3, 0xD5F3, 0xD5F3, 0xE50A, 0xE50A, 0xE50A, 0xE50A,
  0xD5F3, 0xD5F3, 0xE696, 0xE696, 0xE696, 0xE696, 0xE696, 0xE696, 0xD5F3, 0xD5F3, 0xC570, 0xC570,
  0xC570, 0xC570, 0xD5F3, 0xD5F3, 0xE696, 0xE696, 0xD5F3, 0xD5F3, 0xD5F3, 0xD5F3, 0xD5F3, 0xD5F3,
  0xD5F3, 0xD5F3, 0xD5F3, 0xD5F3, 0xE696, 0xE696, 0xD5F3, 0xD5F3, 0xD5F3, 0xD5F3, 0xD5F3, 0xD5F3,
  0xD5F3, 0xD5F3, 0xD5F3, 0xD5F3, 0xD5F3, 0xD5F3, 0xE696, 0xE696, 0xD5F3, 0xD5F3, 0xD5F3, 0xD5F3,
  0xD5F3, 0xD5F3, 0xD5F3, 0xD5F3, 0xD5F3, 0xD5F3, 0xD5F3, 0xD5F3, 0xD5F3, 0xD5F3, 0xD5F3, 0xD5F3,
  0xD5F3, 0xD5F3, 0xD5F3, 0xD5F3, 0xD5F3, 0xD5F3, 0xD5F3, 0xD5F3, 0x8593, 0x8593, 0x8593, 0x8593,
  0x8593, 0x8593, 0x8593, 0x8593, 0xAE56, 0xAE56, 0x6CB0, 0x6CB0, 0x5A88, 0x5A88, 0x7225, 0x7225,
  0x7225, 0x7225, 0x72E8, 0x72E8, 0xA326, 0xA326, 0xA326, 0xA326, 0xA326, 0xA326, 0x72E8, 0x72E8,
  0x72E8, 0x72E8, 0x72E8, 0x72E8, 0xA326, 0xA326, 0xA326, 0xA326, 0xA326, 0xA326, 0xA326, 0xA326,
  0xA326, 0xA326, 0xA326, 0xA326, 0xA326, 0xA326, 0xA326, 0xA326, 0x72E8, 0x72E8, 0x72E8, 0x72E8,
  0xA326, 0xA326, 0x72E8, 0x72E8, 0x72E8, 0x72E8, 0x72E8, 0x72E8, 0x72E8, 0x72E8, 0x72E8, 0x72E8,
  0xA326, 0xA326, 0xA326, 0xA326, 0xA326, 0xA326, 0xA326, 0xA326, 0xA326, 0xA326, 0x72E8, 0x72E8,
  0x72E8, 0x72E8, 0xA326, 0xA326, 0xA326, 0xA326, 0xA326, 0xA326, 0xA326, 0xA326, 0xA326, 0xA326,
  0xA326, 0xA326, 0xA326, 0xA326, 0xA326, 0xA326, 0xA326, 0xA326, 0xA326, 0xA326, 0xA326, 0xA326,
  0xA326, 0xA326, 0x72E8, 0x72E8, 0xA326, 0xA326, 0xA326, 0xA326, 0xA326, 0xA326, 0xA326, 0xA326,
  0xA326, 0xA326, 0x72E8, 0x72E8, 0x7225, 0x7225, 0x5A88, 0x5A88, 0x6CB0, 0x6CB0, 0x8593, 0x8593,
  0x8593, 0x8593, 0x8593, 0x8593, 0x8593, 0x8593, 0x8593, 0x8593, 0xD5F3, 0xD5F3, 0xD5F3, 0xD5F3,
  0xD5F3, 0xD5F3, 0xD5F3, 0xD5F3, 0xC570, 0xC570, 0xE50A, 0xE50A, 0xD5F3, 0xD5F3, 0xE696, 0xE696,
  0xE696, 0xE696, 0xE696, 0xE696, 0xD5F3, 0xD5F3, 0xC570, 0xC570, 0xE50A, 0xE50A, 0xD5F3, 0xD5F3,
  0xE696, 0xE696, 0xD5F3, 0xD5F3, 0xD5F3, 0xD5F3, 0xD5F3, 0xD5F3, 0xE50A, 0xE50A, 0xE50A, 0xE50A,
  0xD5F3, 0xD5F3, 0xE696, 0xE696, 0xE696, 0xE696, 0xE696, 0xE696, 0xD5F3, 0xD5F3, 0xC570, 0xC570,
  0xC570, 0xC570, 0xD5F3, 0xD5F3, 0xE696, 0xE696, 0xD5F3, 0xD5F3, 0xD5F3, 0xD5F3, 0xD5F3, 0xD5F3,
  0xD5F3, 0xD5F3, 0xD5F3, 0xD5F3, 0xE696, 0xE696, 0xD5F3, 0xD5F3, 0xD5F3, 0xD5F3, 0xD5F3, 0xD5F3,
  0xD5F3, 0xD5F3, 0xD5F3, 0xD5F3, 0xD5F3, 0xD5F3, 0xE696, 0xE696, 0xD5F3, 0xD5F3, 0xD5F3, 0xD5F3,
  0xD5F3, 0xD5F3, 0xD5F3, 0xD5F3, 0xD5F3, 0xD5F3, 0xD5F3, 0xD5F3, 0xD5F3, 0xD5F3, 0xD5F3, 0xD5F3,
  0xD5F3, 0xD5F3, 0xD5F3, 0xD5F3, 0xD5F3, 0xD5F3, 0xD5F3, 0xD5F3, 0x8593, 0x8593, 0x8593, 0x8593,
  0x8593, 0x8593, 0x8593, 0x8593, 0xAE56, 0xAE56, 0x6CB0, 0x6CB0, 0x5A88, 0x5A88, 0x7225, 0x7225,
  0x7225, 0x7225, 0x72E8, 0x72E8, 0xA326, 0xA326, 0xA326, 0xA326, 0xA326, 0xA326, 0x72E8, 0x72E8,
  0x72E8, 0x72E8, 0x72E8, 0x72E8, 0xA326, 0xA326, 0xA326, 0xA326, 0xA326, 0xA326, 0xA326, 0xA326,
  0xA326, 0xA326, 0xA326, 0xA326, 0xA326, 0xA326, 0xA326, 0xA326, 0x72E8, 0x72E8, 0x72E8, 0x72E8,
  0xA326, 0xA326, 0x72E8, 0x72E8, 0x72E8, 0x72E8, 0x72E8, 0x72E8, 0x72E8, 0x72E8, 0x72E8, 0x72E8,
  0xA326, 0xA326, 0xA326, 0xA326, 0xA326, 0xA326, 0xA326, 0xA326, 0xA326, 0xA326, 0xA326, 0xA326,
  0xA326, 0xA326, 0x72E8, 0x72E8, 0x72E8, 0x72E8, 0xA326, 0xA326, 0xA326, 0xA326, 0xA326, 0xA326,
  0xA326, 0xA326, 0xA326, 0xA326, 0xA326, 0xA326, 0xA326, 0xA326, 0xA326, 0xA326, 0x72E8, 0x72E8,
  0x72E8, 0x72E8, 0xA326, 0xA326, 0xA326, 0xA326, 0xA326, 0xA326, 0xA326, 0xA326, 0xA326, 0xA326,
  0xA326, 0xA326, 0xA326, 0xA326, 0xA326, 0xA326, 0x72E8, 0x72E8, 0x72E8, 0x72E8, 0x6CB0, 0x6CB0,
  0x6CB0, 0x6CB0, 0x6CB0, 0x6CB0, 0x8593, 0x8593, 0x8593, 0x8593, 0x8593, 0x8593, 0x8593, 0x8593,
  0xD5F3, 0xD5F3, 0xE696, 0xE696, 0xE696, 0xE696, 0xE696, 0xE696, 0xD5F3, 0xD5F3, 0xD5F3, 0xD5F3,
  0xC570, 0xC570, 0xD5F3, 0xD5F3, 0xD5F3, 0xD5F3, 0xE696, 0xE696, 0xD5F3, 0xD5F3, 0xD5F3, 0xD5F3,
  0xD5F3, 0xD5F3, 0xD5F3, 0xD5F3, 0xE696, 0xE696, 0xE696, 0xE696, 0xD5F3, 0xD5F3, 0xC570, 0xC570,
  0xD5F3, 0xD5F3, 0xE696, 0xE696, 0xE696, 0xE696, 0xE696, 0xE696, 0xD5F3, 0xD5F3, 0xC570, 0xC570,
  0xE50A, 0xE50A, 0xD5F3, 0xD5F3, 0xD5F3, 0xD5F3, 0xE696, 0xE696, 0xE696, 0xE696, 0xD5F3, 0xD5F3,
  0xE50A, 0xE50A, 0xE50A, 0xE50A, 0xD5F3, 0xD5F3, 0xE696, 0xE696, 0xE696, 0xE696, 0xD5F3, 0xD5F3,
  0xD5F3, 0xD5F3, 0xE50A, 0xE50A, 0xE50A, 0xE50A, 0xD5F3, 0xD5F3, 0xD5F3, 0xD5F3, 0xE696, 0xE696,
  0xD5F3, 0xD5F3, 0xD5F3, 0xD5F3, 0xE50A, 0xE50A, 0xC570, 0xC570, 0xD5F3, 0xD5F3, 0xD5F3, 0xD5F3,
  0xE696, 0xE696, 0xD5F3, 0xD5F3, 0xAE56, 0xAE56, 0x8593, 0x8593, 0x8593, 0x8593, 0x8593, 0x8593,
  0x8593, 0x8593, 0x6CB0, 0x6CB0, 0x6CB0, 0x6CB0, 0x5A88, 0x5A88, 0x7225, 0x7225, 0xA326, 0xA326,
  0x72E8, 0x72E8, 0x72E8, 0x72E8, 0x72E8, 0x72E8, 0x72E8, 0x72E8, 0x72E8, 0x72E8, 0x72E8, 0x72E8,
  0x72E8, 0x72E8, 0xA326, 0xA326, 0xA326, 0xA326, 0xA326, 0xA326, 0xA326, 0xA326, 0xA326, 0xA326,
  0xA326, 0xA326, 0xA326, 0xA326, 0xA326, 0xA326, 0x72E8, 0x72E8, 0xA326, 0xA326, 0x72E8, 0x72E8,
  0x72E8, 0x72E8, 0x72E8, 0x72E8, 0x72E8, 0x72E8, 0x72E8, 0x72E8, 0x72E8, 0x72E8, 0xA326, 0xA326,
  0xA326, 0xA326, 0xA326, 0xA326, 0xA326, 0xA326, 0xA326, 0xA326, 0xA326, 0xA326, 0xA326, 0xA326,
  0xA326, 0xA326, 0x72E8, 0x72E8, 0x72E8, 0x72E8, 0xA326, 0xA326, 0xA326, 0xA326, 0xA326, 0xA326,
  0xA326, 0xA326, 0xA326, 0xA326, 0xA326, 0xA326, 0xA326, 0xA326, 0xA326, 0xA326, 0x72E8, 0x72E8,
  0x72E8, 0x72E8, 0xA326, 0xA326, 0xA326, 0xA326, 0xA326, 0xA326, 0xA326, 0xA326, 0xA326, 0xA326,
  0xA326, 0xA326, 0xA326, 0xA326, 0xA326, 0xA326, 0x72E8, 0x72E8, 0x72E8, 0x72E8, 0x6CB0, 0x6CB0,
  0x6CB0, 0x6CB0, 0x6CB0, 0x6CB0, 0x8593, 0x8593, 0x8593, 0x8593, 0x8593, 0x8593, 0x8593, 0x8593,
  0xD5F3, 0xD5F3, 0xE696, 0xE696, 0xE696, 0xE696, 0xE696, 0xE696, 0xD5F3, 0xD5F3, 0xD5F3, 0xD5F3,
  0xC570, 0xC570, 0xD5F3, 0xD5F3, 0xD5F3, 0xD5F3, 0xE696, 0xE696, 0xD5F3, 0xD5F3, 0xD5F3, 0xD5F3,
  0xD5F3, 0xD5F3, 0xD5F3, 0xD5F3, 0xE696, 0xE696, 0xE696, 0xE696, 0xD5F3, 0xD5F3, 0xC570, 0xC570,
  0xD5F3, 0xD5F3, 0xE696, 0xE696, 0xE696, 0xE696, 0xE696, 0xE696, 0xD5F3, 0xD5F3, 0xC570, 0xC570,
  0xE50A, 0xE50A, 0xD5F3, 0xD5F3, 0xD5F3, 0xD5F3, 0xE696, 0xE696, 0xE696, 0xE696, 0xD5F3, 0xD5F3,
  0xE50A, 0xE50A, 0xE50A, 0xE50A, 0xD5F3, 0xD5F3, 0xE696, 0xE696, 0xE696, 0xE696, 0xD5F3, 0xD5F3,
  0xD5F3, 0xD5F3, 0xE50A, 0xE50A, 0xE50A, 0xE50A, 0xD5F3, 0xD5F3, 0xD5F3, 0xD5F3, 0xE696, 0xE696,
  0xD5F3, 0xD5F3, 0xD5F3, 0xD5F3, 0xE50A, 0xE50A, 0xC570, 0xC570, 0xD5F3, 0xD5F3, 0xD5F3, 0xD5F3,
  0xE696, 0xE696, 0xD5F3, 0xD5F3, 0xAE56, 0xAE56, 0x8593, 0x8593, 0x8593, 0x8593, 0x8593, 0x8593,
  0x8593, 0x8593, 0x6CB0, 0x6CB0, 0x6CB0, 0x6CB0, 0x5A88, 0x5A88, 0x7225, 0x7225, 0xA326, 0xA326,
  0x72E8, 0x72E8, 0x72E8, 0x72E8, 0x72E8, 0x72E8, 0x72E8, 0x72E8, 0x72E8, 0x72E8, 0x72E8, 0x72E8,
  0x72E8, 0x72E8, 0xA326, 0xA326, 0xA326, 0xA326, 0xA326, 0xA326, 0xA326, 0xA326, 0xA326, 0xA326,
  0xA326, 0xA326, 0xA326, 0xA326, 0xA326, 0xA326, 0x72E8, 0x72E8, 0xA326, 0xA326, 0x72E8, 0x72E8,
  0x72E8, 0x72E8, 0x72E8, 0x72E8, 0x72E8, 0x72E8, 0x72E8, 0x72E8, 0x72E8, 0x72E8, 0xA326, 0xA326,
  0xA326, 0xA326, 0xA326, 0xA326, 0xA326, 0xA326, 0xA326, 0xA326, 0xA326, 0xA326, 0xA326, 0xA326,
  0xA326, 0xA326, 0xA326, 0xA326, 0xA326, 0xA326, 0x72E8, 0x72E8, 0xA326, 0xA326, 0xA326, 0xA326,
  0xA326, 0xA326, 0xA326, 0xA326, 0xA326, 0xA326, 0x72E8, 0x72E8, 0x7225, 0x7225, 0xA326, 0xA326,
  0xA326, 0xA326, 0xA326, 0xA326, 0xA326, 0xA326, 0xA326, 0xA326, 0xA326, 0xA326, 0xA326, 0xA326,
  0xA326, 0xA326, 0xA326, 0xA326, 0xA326, 0xA326, 0xA326, 0xA326, 0xA326, 0xA326, 0x7225, 0x7225,
  0x5A88, 0x5A88, 0x5A88, 0x5A88, 0x8593, 0x8593, 0xAE56, 0xAE56, 0x8593, 0x8593, 0x8593, 0x8593,
  0x8593, 0x8593, 0xAE56, 0xAE56, 0xD5F3, 0xD5F3, 0xD5F3, 0xD5F3, 0xD5F3, 0xD5F3, 0xD5F3, 0xD5F3,
  0xC570, 0xC570, 0xE50A, 0xE50A, 0xD5F3, 0xD5F3, 0xD5F3, 0xD5F3, 0xE696, 0xE696, 0xE696, 0xE696,
  0xD5F3, 0xD5F3, 0xE50A, 0xE50A, 0xE50A, 0xE50A, 0xD5F3, 0xD5F3, 0xD5F3, 0xD5F3, 0xE696, 0xE696,
  0xE696, 0xE696, 0xD5F3, 0xD5F3, 0xE50A, 0xE50A, 0xC570, 0xC570, 0xD5F3, 0xD5F3, 0xE696, 0xE696,
  0xD5F3, 0xD5F3, 0xD5F3, 0xD5F3, 0xD5F3, 0xD5F3, 0xC570, 0xC570, 0xD5F3, 0xD5F3, 0xD5F3, 0xD5F3,
  0xD5F3, 0xD5F3, 0xD5F3, 0xD5F3, 0xD5F3, 0xD5F3, 0xD5F3, 0xD5F3, 0xD5F3, 0xD5F3, 0xD5F3, 0xD5F3,
  0xE696, 0xE696, 0xD5F3, 0xD5F3, 0xD5F3, 0xD5F3, 0xD5F3, 0xD5F3, 0xD5F3, 0xD5F3, 0xD5F3, 0xD5F3,
  0xE696, 0xE696, 0xD5F3, 0xD5F3, 0xD5F3, 0xD5F3, 0xD5F3, 0xD5F3, 0xD5F3, 0xD5F3, 0xD5F3, 0xD5F3,
  0xD5F3, 0xD5F3, 0xAE56, 0xAE56, 0x8593, 0x8593, 0x8593, 0x8593, 0x8593, 0x8593, 0xAE56, 0xAE56,
  0x6CB0, 0x6CB0, 0x5A88, 0x5A88, 0x5A88, 0x5A88, 0x7225, 0x7225, 0xA326, 0xA326, 0x72E8, 0x72E8,
  0xA326, 0xA326, 0x72E8, 0x72E8, 0x72E8, 0x72E8, 0x72E8, 0x72E8, 0x72E8, 0x72E8, 0x72E8, 0x72E8,
  0xA326, 0xA326, 0xA326, 0xA326, 0xA326, 0xA326, 0xA326, 0xA326, 0xA326, 0xA326, 0xA326, 0xA326,
  0xA326, 0xA326, 0x72E8, 0x72E8, 0x72E8, 0x72E8, 0xA326, 0xA326, 0x72E8, 0x72E8, 0x72E8, 0x72E8,
  0x72E8, 0x72E8, 0x72E8, 0x72E8, 0x72E8, 0x72E8, 0x72E8, 0x72E8, 0xA326, 0xA326, 0xA326, 0xA326,
  0xA326, 0xA326, 0xA326, 0xA326, 0xA326, 0xA326, 0xA326, 0xA326, 0xA326, 0xA326, 0xA326, 0xA326,
  0xA326, 0xA326, 0xA326, 0xA326, 0xA326, 0xA326, 0x72E8, 0x72E8, 0xA326, 0xA326, 0xA326, 0xA326,
  0xA326, 0xA326, 0xA326, 0xA326, 0xA326, 0xA326, 0x72E8, 0x72E8, 0x7225, 0x7225, 0xA326, 0xA326,
  0xA326, 0xA326, 0xA326, 0xA326, 0xA326, 0xA326, 0xA326, 0xA326, 0xA326, 0xA326, 0xA326, 0xA326,
  0xA326, 0xA326, 0xA326, 0xA326, 0xA326, 0xA326, 0xA326, 0xA326, 0xA326, 0xA326, 0x7225, 0x7225,
  0x5A88, 0x5A88, 0x5A88, 0x5A88, 0x8593, 0x8593, 0xAE56, 0xAE56, 0x8593, 0x8593, 0x8593, 0x8593,
  0x8593, 0x8593, 0xAE56, 0xAE56, 0xD5F3, 0xD5F3, 0xD5F3, 0xD5F3, 0xD5F3, 0xD5F3, 0xD5F3, 0xD5F3,
  0xC570, 0xC570, 0xE50A, 0xE50A, 0xD5F3, 0xD5F3, 0xD5F3, 0xD5F3, 0xE696, 0xE696, 0xE696, 0xE696,
  0xD5F3, 0xD5F3, 0xE50A, 0xE50A, 0xE50A, 0xE50A, 0xD5F3, 0xD5F3, 0xD5F3, 0xD5F3, 0xE696, 0xE696,
  0xE696, 0xE696, 0xD5F3, 0xD5F3, 0xE50A, 0xE50A, 0xC570, 0xC570, 0xD5F3, 0xD5F3, 0xE696, 0xE696,
  0xD5F3, 0xD5F3, 0xD5F3, 0xD5F3, 0xD5F3, 0xD5F3, 0xC570, 0xC570, 0xD5F3, 0xD5F3, 0xD5F3, 0xD5F3,
  0xD5F3, 0xD5F3, 0xD5F3, 0xD5F3, 0xD5F3, 0xD5F3, 0xD5F3, 0xD5F3, 0xD5F3, 0xD5F3, 0xD5F3, 0xD5F3,
  0xE696, 0xE696, 0xD5F3, 0xD5F3, 0xD5F3, 0xD5F3, 0xD5F3, 0xD5F3, 0xD5F3, 0xD5F3, 0xD5F3, 0xD5F3,
  0xE696, 0xE696, 0xD5F3, 0xD5F3, 0xD5F3, 0xD5F3, 0xD5F3, 0xD5F3, 0xD5F3, 0xD5F3, 0xD5F3, 0xD5F3,
  0xD5F3, 0xD5F3, 0xAE56, 0xAE56, 0x8593, 0x8593, 0x8593, 0x8593, 0x8593, 0x8593, 0xAE56, 0xAE56,
  0x6CB0, 0x6CB0, 0x5A88, 0x5A88, 0x5A88, 0x5A88, 0x7225, 0x7225, 0xA326, 0xA326, 0x72E8, 0x72E8,
  0xA326, 0xA326, 0x72E8, 0x72E8, 0x72E8, 0x72E8, 0x72E8, 0x72E8, 0x72E8, 0x72E8, 0x72E8, 0x72E8,
  0xA326, 0xA326, 0xA326, 0xA326, 0xA326, 0xA326, 0xA326, 0xA326, 0xA326, 0xA326, 0xA326, 0xA326,
  0xA326, 0xA326, 0x72E8, 0x72E8, 0x72E8, 0x72E8, 0xA326, 0xA326, 0x72E8, 0x72E8, 0x72E8, 0x72E8,
  0x72E8, 0x72E8, 0x72E8, 0x72E8, 0x72E8, 0x72E8, 0x72E8, 0x72E8, 0xA326, 0xA326, 0xA326, 0xA326,
  0xA326, 0xA326, 0xA326, 0xA326, 0xA326, 0xA326, 0xA326, 0xA326, 0xA326, 0xA326, 0x72E8, 0x72E8,
  0x72E8, 0x72E8, 0xA326, 0xA326, 0xA326, 0xA326, 0xA326, 0xA326, 0xA326, 0xA326, 0x72E8, 0x72E8,
  0xA326, 0xA326, 0xA326, 0xA326, 0x72E8, 0x72E8, 0x72E8, 0x72E8, 0xA326, 0xA326, 0xA326, 0xA326,
  0xA326, 0xA326, 0xA326, 0xA326, 0xA326, 0xA326, 0xA326, 0xA326, 0xA326, 0xA326, 0xA326, 0xA326,
  0xA326, 0xA326, 0xA326, 0xA326, 0xA326, 0xA326, 0xA326, 0xA326, 0xA326, 0xA326, 0xA326, 0xA326,
  0xA326, 0xA326, 0x72E8, 0x72E8, 0x5BEA, 0x5BEA, 0x8593, 0x8593, 0x8593, 0x8593, 0x8593, 0x8593,
  0x8593, 0x8593, 0x8593, 0x8593, 0x8593, 0x8593, 0xD5F3, 0xD5F3, 0xD5F3, 0xD5F3, 0xE696, 0xE696,
  0xE696, 0xE696, 0xD5F3, 0xD5F3, 0xD5F3, 0xD5F3, 0xD5F3, 0xD5F3, 0xD5F3, 0xD5F3, 0xD5F3, 0xD5F3,
  0xE696, 0xE696, 0xD5F3, 0xD5F3, 0xC570, 0xC570, 0xD5F3, 0xD5F3, 0xD5F3, 0xD5F3, 0xE696, 0xE696,
  0xE696, 0xE696, 0xD5F3, 0xD5F3, 0xC570, 0xC570, 0xE50A, 0xE50A, 0xD5F3, 0xD5F3, 0xE696, 0xE696,
  0xE696, 0xE696, 0xE696, 0xE696, 0xD5F3, 0xD5F3, 0xE50A, 0xE50A, 0xE50A, 0xE50A, 0xD5F3, 0xD5F3,
  0xD5F3, 0xD5F3, 0xE696, 0xE696, 0xD5F3, 0xD5F3, 0xD5F3, 0xD5F3, 0xE50A, 0xE50A, 0xE50A, 0xE50A,
  0xD5F3, 0xD5F3, 0xE696, 0xE696, 0xE696, 0xE696, 0xD5F3, 0xD5F3, 0xD5F3, 0xD5F3, 0xE50A, 0xE50A,
  0xC570, 0xC570, 0xD5F3, 0xD5F3, 0xD5F3, 0xD5F3, 0xE696, 0xE696, 0xD5F3, 0xD5F3, 0xAE56, 0xAE56,
  0x8593, 0x8593, 0x8593, 0x8593, 0x8593, 0x8593, 0x8593, 0x8593, 0x8593, 0x8593, 0x8593, 0x8593,
  0x5BEA, 0x5BEA, 0x7225, 0x7225, 0xA326, 0xA326, 0xA326, 0xA326, 0x72E8, 0x72E8, 0xA326, 0xA326,
  0x72E8, 0x72E8, 0x72E8, 0x72E8, 0xA326, 0xA326, 0xA326, 0xA326, 0x72E8, 0x72E8, 0x72E8, 0x72E8,
  0x72E8, 0x72E8, 0xA326, 0xA326, 0xA326, 0xA326, 0x72E8, 0x72E8, 0xA326, 0xA326, 0xA326, 0xA326,
  0x7225, 0x7225, 0x72E8, 0x72E8, 0xA326, 0xA326, 0x72E8, 0x72E8, 0x72E8, 0x72E8, 0x72E8, 0x72E8,
  0x72E8, 0x72E8, 0x72E8, 0x72E8, 0x72E8, 0x72E8, 0x72E8, 0x72E8, 0xA326, 0xA326, 0x72E8, 0x72E8,
  0xA326, 0xA326, 0xA326, 0xA326, 0xA326, 0xA326, 0xA326, 0xA326, 0xA326, 0xA326, 0x72E8, 0x72E8,
  0x72E8, 0x72E8, 0xA326, 0xA326, 0xA326, 0xA326, 0xA326, 0xA326, 0xA326, 0xA326, 0x72E8, 0x72E8,
  0xA326, 0xA326, 0xA326, 0xA326, 0x72E8, 0x72E8, 0x72E8, 0x72E8, 0xA326, 0xA326, 0xA326, 0xA326,
  0xA326, 0xA326, 0xA326, 0xA326, 0xA326, 0xA326, 0xA326, 0xA326, 0xA326, 0xA326, 0xA326, 0xA326,
  0xA326, 0xA326, 0xA326, 0xA326, 0xA326, 0xA326, 0xA326, 0xA326, 0xA326, 0xA326, 0xA326, 0xA326,
  0xA326, 0xA326, 0x72E8, 0x72E8, 0x5BEA, 0x5BEA, 0x8593, 0x8593, 0x8593, 0x8593, 0x8593, 0x8593,
  0x8593, 0x8593, 0x8593, 0x8593, 0x8593, 0x8593, 0xD5F3, 0xD5F3, 0xD5F3, 0xD5F3, 0xE696, 0xE696,
  0xE696, 0xE696, 0xD5F3, 0xD5F3, 0xD5F3, 0xD5F3, 0xD5F3, 0xD5F3, 0xD5F3, 0xD5F3, 0xD5F3, 0xD5F3,
  0xE696, 0xE696, 0xD5F3, 0xD5F3, 0xC570, 0xC570, 0xD5F3, 0xD5F3, 0xD5F3, 0xD5F3, 0xE696, 0xE696,
  0xE696, 0xE696, 0xD5F3, 0xD5F3, 0xC570, 0xC570, 0xE50A, 0xE50A, 0xD5F3, 0xD5F3, 0xE696, 0xE696,
  0xE696, 0xE696, 0xE696, 0xE696, 0xD5F3, 0xD5F3, 0xE50A, 0xE50A, 0xE50A, 0xE50A, 0xD5F3, 0xD5F3,
  0xD5F3, 0xD5F3, 0xE696, 0xE696, 0xD5F3, 0xD5F3, 0xD5F3, 0xD5F3, 0xE50A, 0xE50A, 0xE50A, 0xE50A,
  0xD5F3, 0xD5F3, 0xE696, 0xE696, 0xE696, 0xE696, 0xD5F3, 0xD5F3, 0xD5F3, 0xD5F3, 0xE50A, 0xE50A,
  0xC570, 0xC570, 0xD5F3, 0xD5F3, 0xD5F3, 0xD5F3, 0xE696, 0xE696, 0xD5F3, 0xD5F3, 0xAE56, 0xAE56,
  0x8593, 0x8593, 0x8593, 0x8593, 0x8593, 0x8593, 0x8593, 0x8593, 0x8593, 0x8593, 0x8593, 0x8593,
  0x5BEA, 0x5BEA, 0x7225, 0x7225, 0xA326, 0xA326, 0xA326, 0xA326, 0x72E8, 0x72E8, 0xA326, 0xA326,
  0x72E8, 0x72E8, 0x72E8, 0x72E8, 0xA326, 0xA326, 0xA326, 0xA326, 0x72E8, 0x72E8, 0x72E8, 0x72E8,
  0x72E8, 0x72E8, 0xA326, 0xA326, 0xA326, 0xA326, 0x72E8, 0x72E8, 0xA326, 0xA326, 0xA326, 0xA326,
  0x7225, 0x7225, 0x72E8, 0x72E8, 0xA326, 0xA326, 0x72E8, 0x72E8, 0x72E8, 0x72E8, 0x72E8, 0x72E8,
  0x72E8, 0x72E8, 0x72E8, 0x72E8, 0x72E8, 0x72E8, 0x72E8, 0x72E8, 0xA326, 0xA326, 0x72E8, 0x72E8,
  0xA326, 0xA326, 0xA326, 0xA326, 0xA326, 0xA326, 0xA326, 0xA326, 0x72E8, 0x72E8, 0xA326, 0xA326,
  0xA326, 0xA326, 0xA326, 0xA326, 0xA326, 0xA326, 0xA326, 0xA326, 0xA326, 0xA326, 0xA326, 0xA326,
  0x72E8, 0x72E8, 0x7225, 0x7225, 0x72E8, 0x72E8, 0xA326, 0xA326, 0xA326, 0xA326, 0xA326, 0xA326,
  0xA326, 0xA326, 0xA326, 0xA326, 0xA326, 0xA326, 0xA326, 0xA326, 0xA326, 0xA326, 0xA326, 0xA326,
  0xA326, 0xA326, 0xA326, 0xA326, 0xA326, 0xA326, 0xA326, 0xA326, 0xA326, 0xA326, 0xA326, 0xA326,
  0xA326, 0xA326, 0xA326, 0xA326, 0x7225, 0x7225, 0x5A88, 0x5A88, 0x5A88, 0x5A88, 0x5BEA, 0x5BEA,
  0xAE56, 0xAE56, 0x8593, 0x8593, 0x8593, 0x8593, 0x8593, 0x8593, 0x8593, 0x8593, 0xD5F3, 0xD5F3,
  0xD5F3, 0xD5F3, 0xD5F3, 0xD5F3, 0xD5F3, 0xD5F3, 0xD5F3, 0xD5F3, 0xE50A, 0xE50A, 0xE50A, 0xE50A,
  0xD5F3, 0xD5F3, 0xD5F3, 0xD5F3, 0xE696, 0xE696, 0xD5F3, 0xD5F3, 0xD5F3, 0xD5F3, 0xE50A, 0xE50A,
  0xC570, 0xC570, 0xD5F3, 0xD5F3, 0xE696, 0xE696, 0xE696, 0xE696, 0xD5F3, 0xD5F3, 0xD5F3, 0xD5F3,
  0xC570, 0xC570, 0xD5F3, 0xD5F3, 0xD5F3, 0xD5F3, 0xD5F3, 0xD5F3, 0xD5F3, 0xD5F3, 0xD5F3, 0xD5F3,
  0xD5F3, 0xD5F3, 0xD5F3, 0xD5F3, 0xD5F3, 0xD5F3, 0xE696, 0xE696, 0xD5F3, 0xD5F3, 0xD5F3, 0xD5F3,
  0xD5F3, 0xD5F3, 0xD5F3, 0xD5F3, 0xD5F3, 0xD5F3, 0xE696, 0xE696, 0xD5F3, 0xD5F3, 0xD5F3, 0xD5F3,
  0xD5F3, 0xD5F3, 0xD5F3, 0xD5F3, 0xD5F3, 0xD5F3, 0xD5F3, 0xD5F3, 0x8593, 0x8593, 0x8593, 0x8593,
  0x8593, 0x8593, 0x8593, 0x8593, 0x8593, 0x8593, 0x5BEA, 0x5BEA, 0x432A, 0x432A, 0x5A88, 0x5A88,
  0x7225, 0x7225, 0xA326, 0xA326, 0x72E8, 0x72E8, 0x72E8, 0x72E8, 0x72E8, 0x72E8, 0x72E8, 0x72E8,
  0x72E8, 0x72E8, 0xA326, 0xA326, 0xA326, 0xA326, 0xA326, 0xA326, 0xA326, 0xA326, 0x72E8, 0x72E8,
  0x72E8, 0x72E8, 0x72E8, 0x72E8, 0x72E8, 0x72E8, 0xA326, 0xA326, 0x72E8, 0x72E8, 0x7225, 0x7225,
  0xA326, 0xA326, 0x72E8, 0x72E8, 0x72E8, 0x72E8, 0x72E8, 0x72E8, 0x72E8, 0x72E8, 0x72E8, 0x72E8,
  0x72E8, 0x72E8, 0x72E8, 0x72E8, 0x72E8, 0x72E8, 0xA326, 0xA326, 0x72E8, 0x72E8, 0x72E8, 0x72E8,
  0xA326, 0xA326, 0xA326, 0xA326, 0xA326, 0xA326, 0xA326, 0xA326, 0x72E8, 0x72E8, 0xA326, 0xA326,
  0xA326, 0xA326, 0xA326, 0xA326, 0xA326, 0xA326, 0xA326, 0xA326, 0xA326, 0xA326, 0xA326, 0xA326,
  0x72E8, 0x72E8, 0x7225, 0x7225, 0x72E8, 0x72E8, 0xA326, 0xA326, 0xA326, 0xA326, 0xA326, 0xA326,
  0xA326, 0xA326, 0xA326, 0xA326, 0xA326, 0xA326, 0xA326, 0xA326, 0xA326, 0xA326, 0xA326, 0xA326,
  0xA326, 0xA326, 0xA326, 0xA326, 0xA326, 0xA326, 0xA326, 0xA326, 0xA326, 0xA326, 0xA326, 0xA326,
  0xA326, 0xA326, 0xA326, 0xA326, 0x7225, 0x7225, 0x5A88, 0x5A88, 0x5A88, 0x5A88, 0x5BEA, 0x5BEA,
  0xAE56, 0xAE56, 0x8593, 0x8593, 0x8593, 0x8593, 0x8593, 0x8593, 0x8593, 0x8593, 0xD5F3, 0xD5F3,
  0xD5F3, 0xD5F3, 0xD5F3, 0xD5F3, 0xD5F3, 0xD5F3, 0xD5F3, 0xD5F3, 0xE50A, 0xE50A, 0xE50A, 0xE50A,
  0xD5F3, 0xD5F3, 0xD5F3, 0xD5F3, 0xE696, 0xE696, 0xD5F3, 0xD5F3, 0xD5F3, 0xD5F3, 0xE50A, 0xE50A,
  0xC570, 0xC570, 0xD5F3, 0xD5F3, 0xE696, 0xE696, 0xE696, 0xE696, 0xD5F3, 0xD5F3, 0xD5F3, 0xD5F3,
  0xC570, 0xC570, 0xD5F3, 0xD5F3, 0xD5F3, 0xD5F3, 0xD5F3, 0xD5F3, 0xD5F3, 0xD5F3, 0xD5F3, 0xD5F3,
  0xD5F3, 0xD5F3, 0xD5F3, 0xD5F3, 0xD5F3, 0xD5F3, 0xE696, 0xE696, 0xD5F3, 0xD5F3, 0xD5F3, 0xD5F3,
  0xD5F3, 0xD5F3, 0xD5F3, 0xD5F3, 0xD5F3, 0xD5F3, 0xE696, 0xE696, 0xD5F3, 0xD5F3, 0xD5F3, 0xD5F3,
  0xD5F3, 0xD5F3, 0xD5F3, 0xD5F3, 0xD5F3, 0xD5F3, 0xD5F3, 0xD5F3, 0x8593, 0x8593, 0x8593, 0x8593,
  0x8593, 0x8593, 0x8593, 0x8593, 0x8593, 0x8593, 0x5BEA, 0x5BEA, 0x432A, 0x432A, 0x5A88, 0x5A88,
  0x7225, 0x7225, 0xA326, 0xA326, 0x72E8, 0x72E8, 0x72E8, 0x72E8, 0x72E8, 0x72E8, 0x72E8, 0x72E8,
  0x72E8, 0x72E8, 0xA326, 0xA326, 0xA326, 0xA326, 0xA326, 0xA326, 0xA326, 0xA326, 0x72E8, 0x72E8,
  0x72E8, 0x72E8, 0x72E8, 0x72E8, 0x72E8, 0x72E8, 0xA326, 0xA326, 0x72E8, 0x72E8, 0x7225, 0x7225,
  0xA326, 0xA326, 0x72E8, 0x72E8, 0x72E8, 0x72E8, 0x72E8, 0x72E8, 0x72E8, 0x72E8, 0x72E8, 0x72E8,
  0x72E8, 0x72E8, 0x72E8, 0x72E8, 0x72E8, 0x72E8, 0xA326, 0xA326, 0x72E8, 0x72E8, 0x72E8, 0x72E8,
  0xA326, 0xA326, 0xA326, 0xA326, 0x72E8, 0x72E8, 0x72E8, 0x72E8, 0xA326, 0xA326, 0xA326, 0xA326,
  0xA326, 0xA326, 0xA326, 0xA326, 0xA326, 0xA326, 0xA326, 0xA326, 0xA326, 0xA326, 0x72E8, 0x72E8,
  0x72E8, 0x72E8, 0xA326, 0xA326, 0xA326, 0xA326, 0xA326, 0xA326, 0xA326, 0xA326, 0xA326, 0xA326,
  0xA326, 0xA326, 0xA326, 0xA326, 0xA326, 0xA326, 0xA326, 0xA326, 0xA326, 0xA326, 0xA326, 0xA326,
  0xA326, 0xA326, 0xA326, 0xA326, 0xA326, 0xA326, 0xA326, 0xA326, 0xA326, 0xA326, 0xA326, 0xA326,
  0xA326, 0xA326, 0x72E8, 0x72E8, 0x72E8, 0x72E8, 0xA326, 0xA326, 0x7225, 0x7225, 0x72E8, 0x72E8,
  0x6CB0, 0x6CB0, 0x8593, 0x8593, 0x8593, 0x8593, 0x8593, 0x8593, 0x8593, 0x8593, 0x8593, 0x8593,
  0xAE56, 0xAE56, 0xD5F3, 0xD5F3, 0xE696, 0xE696, 0xD5F3, 0xD5F3, 0xD5F3, 0xD5F3, 0xD5F3, 0xD5F3,
  0xD5F3, 0xD5F3, 0xD5F3, 0xD5F3, 0xE696, 0xE696, 0xE696, 0xE696, 0xD5F3, 0xD5F3, 0xC570, 0xC570,
  0xC570, 0xC570, 0xD5F3, 0xD5F3, 0xD5F3, 0xD5F3, 0xE696, 0xE696, 0xE696, 0xE696, 0xD5F3, 0xD5F3,
  0xE50A, 0xE50A, 0xE50A, 0xE50A, 0xD5F3, 0xD5F3, 0xD5F3, 0xD5F3, 0xE696, 0xE696, 0xE696, 0xE696,
  0xD5F3, 0xD5F3, 0xE50A, 0xE50A, 0xE50A, 0xE50A, 0xD5F3, 0xD5F3, 0xD5F3, 0xD5F3, 0xE696, 0xE696,
  0xD5F3, 0xD5F3, 0xD5F3, 0xD5F3, 0xE50A, 0xE50A, 0xC570, 0xC570, 0xD5F3, 0xD5F3, 0xD5F3, 0xD5F3,
  0xE696, 0xE696, 0xD5F3, 0xD5F3, 0xAE56, 0xAE56, 0x8593, 0x8593, 0x8593, 0x8593, 0x8593, 0x8593,
  0x8593, 0x8593, 0x8593, 0x8593, 0x8593, 0x8593, 0x5A88, 0x5A88, 0x7225, 0x7225, 0x72E8, 0x72E8,
  0xA326, 0xA326, 0xA326, 0xA326, 0xA326, 0xA326, 0xA326, 0xA326, 0x72E8, 0x72E8, 0xA326, 0xA326,
  0xA326, 0xA326, 0xA326, 0xA326, 0xA326, 0xA326, 0x72E8, 0x72E8, 0x72E8, 0x72E8, 0xA326, 0xA326,
  0x72E8, 0x72E8, 0x72E8, 0x72E8, 0x72E8, 0x72E8, 0x7225, 0x7225, 0x72E8, 0x72E8, 0xA326, 0xA326,
  0x72E8, 0x72E8, 0x72E8, 0x72E8, 0x72E8, 0x72E8, 0x72E8, 0x72E8, 0x72E8, 0x72E8, 0x72E8, 0x72E8,
  0x72E8, 0x72E8, 0x72E8, 0x72E8, 0x72E8, 0x72E8, 0x72E8, 0x72E8, 0x72E8, 0x72E8, 0x72E8, 0x72E8,
  0xA326, 0xA326, 0xA326, 0xA326, 0x72E8, 0x72E8, 0x72E8, 0x72E8, 0xA326, 0xA326, 0xA326, 0xA326,
  0xA326, 0xA326, 0xA326, 0xA326, 0xA326, 0xA326, 0xA326, 0xA326, 0xA326, 0xA326, 0x72E8, 0x72E8,
  0x72E8, 0x72E8, 0xA326, 0xA326, 0xA326, 0xA326, 0xA326, 0xA326, 0xA326, 0xA326, 0xA326, 0xA326,
  0xA326, 0xA326, 0xA326, 0xA326, 0xA326, 0xA326, 0xA326, 0xA326, 0xA326, 0xA326, 0xA326, 0xA326,
  0xA326, 0xA326, 0xA326, 0xA326, 0xA326, 0xA326, 0xA326, 0xA326, 0xA326, 0xA326, 0xA326, 0xA326,
  0xA326, 0xA326, 0x72E8, 0x72E8, 0x72E8, 0x72E8, 0xA326, 0xA326, 0x7225, 0x7225, 0x72E8, 0x72E8,
  0x6CB0, 0x6CB0, 0x8593, 0x8593, 0x8593, 0x8593, 0x8593, 0x8593, 0x8593, 0x8593, 0x8593, 0x8593,
  0xAE56, 0xAE56, 0xD5F3, 0xD5F3, 0xE696, 0xE696, 0xD5F3, 0xD5F3, 0xD5F3, 0xD5F3, 0xD5F3, 0xD5F3,
  0xD5F3, 0xD5F3, 0xD5F3, 0xD5F3, 0xE696, 0xE696, 0xE696, 0xE696, 0xD5F3, 0xD5F3, 0xC570, 0xC570,
  0xC570, 0xC570, 0xD5F3, 0xD5F3, 0xD5F3, 0xD5F3, 0xE696, 0xE696, 0xE696, 0xE696, 0xD5F3, 0xD5F3,
  0xE50A, 0xE50A, 0xE50A, 0xE50A, 0xD5F3, 0xD5F3, 0xD5F3, 0xD5F3, 0xE696, 0xE696, 0xE696, 0xE696,
  0xD5F3, 0xD5F3, 0xE50A, 0xE50A, 0xE50A, 0xE50A, 0xD5F3, 0xD5F3, 0xD5F3, 0xD5F3, 0xE696, 0xE696,
  0xD5F3, 0xD5F3, 0xD5F3, 0xD5F3, 0xE50A, 0xE50A, 0xC570, 0xC570, 0xD5F3, 0xD5F3, 0xD5F3, 0xD5F3,
  0xE696, 0xE696, 0xD5F3, 0xD5F3, 0xAE56, 0xAE56, 0x8593, 0x8593, 0x8593, 0x8593, 0x8593, 0x8593,
  0x8593, 0x8593, 0x8593, 0x8593, 0x8593, 0x8593, 0x5A88, 0x5A88, 0x7225, 0x7225, 0x72E8, 0x72E8,
  0xA326, 0xA326, 0xA326, 0xA326, 0xA326, 0xA326, 0xA326, 0xA326, 0x72E8, 0x72E8, 0xA326, 0xA326,
  0xA326, 0xA326, 0xA326, 0xA326, 0xA326, 0xA326, 0x72E8, 0x72E8, 0x72E8, 0x72E8, 0xA326, 0xA326,
  0x72E8, 0x72E8, 0x72E8, 0x72E8, 0x72E8, 0x72E8, 0x7225, 0x7225, 0x72E8, 0x72E8, 0xA326, 0xA326,
  0x72E8, 0x72E8, 0x72E8, 0x72E8, 0x72E8, 0x72E8, 0x72E8, 0x72E8, 0x72E8, 0x72E8, 0x72E8, 0x72E8,
  0x72E8, 0x72E8, 0x72E8, 0x72E8, 0x72E8, 0x72E8, 0x72E8, 0x72E8, 0x72E8, 0x72E8, 0x72E8, 0x72E8,
  0xA326, 0xA326, 0xA326, 0xA326, 0xA326, 0xA326, 0xA326, 0xA326, 0xA326, 0xA326, 0xA326, 0xA326,
  0xA326, 0xA326, 0xA326, 0xA326, 0xA326, 0xA326, 0xA326, 0xA326, 0x72E8, 0x72E8, 0x72E8, 0x72E8,
  0xA326, 0xA326, 0xA326, 0xA326, 0xA326, 0xA326, 0xA326, 0xA326, 0xA326, 0xA326, 0xA326, 0xA326,
  0xA326, 0xA326, 0xA326, 0xA326, 0xA326, 0xA326, 0xA326, 0xA326, 0xA326, 0xA326, 0xA326, 0xA326,
  0xA326, 0xA326, 0xA326, 0xA326, 0xA326, 0xA326, 0xA326, 0xA326, 0xA326, 0xA326, 0xA326, 0xA326,
  0x72E8, 0x72E8, 0xA326, 0xA326, 0xA326, 0xA326, 0xA326, 0xA326, 0xA326, 0xA326, 0x7225, 0x7225,
  0x5A88, 0x5A88, 0x5BEA, 0x5BEA, 0x5BEA, 0x5BEA, 0x8593, 0x8593, 0x8593, 0x8593, 0x8593, 0x8593,
  0x8593, 0x8593, 0x8593, 0x8593, 0xD5F3, 0xD5F3, 0xD5F3, 0xD5F3, 0xE696, 0xE696, 0xE696, 0xE696,
  0xE696, 0xE696, 0xD5F3, 0xD5F3, 0xE50A, 0xE50A, 0xC570, 0xC570, 0xD5F3, 0xD5F3, 0xD5F3, 0xD5F3,
  0xE696, 0xE696, 0xD5F3, 0xD5F3, 0xD5F3, 0xD5F3, 0xC570, 0xC570, 0xD5F3, 0xD5F3, 0xD5F3, 0xD5F3,
  0xD5F3, 0xD5F3, 0xD5F3, 0xD5F3, 0xD5F3, 0xD5F3, 0xD5F3, 0xD5F3, 0xD5F3, 0xD5F3, 0xD5F3, 0xD5F3,
  0xD5F3, 0xD5F3, 0xD5F3, 0xD5F3, 0xD5F3, 0xD5F3, 0xD5F3, 0xD5F3, 0xD5F3, 0xD5F3, 0xD5F3, 0xD5F3,
  0xE696, 0xE696, 0xD5F3, 0xD5F3, 0xD5F3, 0xD5F3, 0xD5F3, 0xD5F3, 0xD5F3, 0xD5F3, 0xE696, 0xE696,
  0xD5F3, 0xD5F3, 0x8593, 0x8593, 0x8593, 0x8593, 0x8593, 0x8593, 0x8593, 0x8593, 0x8593, 0x8593,
  0x6CB0, 0x6CB0, 0x6CB0, 0x6CB0, 0x432A, 0x432A, 0x7225, 0x7225, 0xA326, 0xA326, 0xA326, 0xA326,
  0xA326, 0xA326, 0xA326, 0xA326, 0x72E8, 0x72E8, 0x72E8, 0x72E8, 0xA326, 0xA326, 0xA326, 0xA326,
  0xA326, 0xA326, 0xA326, 0xA326, 0x72E8, 0x72E8, 0x72E8, 0x72E8, 0xA326, 0xA326, 0x72E8, 0x72E8,
  0x72E8, 0x72E8, 0x72E8, 0x72E8, 0x7225, 0x7225, 0x72E8, 0x72E8, 0xA326, 0xA326, 0x72E8, 0x72E8,
  0x72E8, 0x72E8, 0x72E8, 0x72E8, 0x72E8, 0x72E8, 0x72E8, 0x72E8, 0x72E8, 0x72E8, 0x72E8, 0x72E8,
  0xA326, 0xA326, 0x72E8, 0x72E8, 0x72E8, 0x72E8, 0xA326, 0xA326, 0xA326, 0xA326, 0x72E8, 0x72E8,
  0xA326, 0xA326, 0xA326, 0xA326, 0xA326, 0xA326, 0xA326, 0xA326, 0xA326, 0xA326, 0xA326, 0xA326,
  0xA326, 0xA326, 0xA326, 0xA326, 0xA326, 0xA326, 0xA326, 0xA326, 0x72E8, 0x72E8, 0x72E8, 0x72E8,
  0xA326, 0xA326, 0xA326, 0xA326, 0xA326, 0xA326, 0xA326, 0xA326, 0xA326, 0xA326, 0xA326, 0xA326,
  0xA326, 0xA326, 0xA326, 0xA326, 0xA326, 0xA326, 0xA326, 0xA326, 0xA326, 0xA326, 0xA326, 0xA326,
  0xA326, 0xA326, 0xA326, 0xA326, 0xA326, 0xA326, 0xA326, 0xA326, 0xA326, 0xA326, 0xA326, 0xA326,
  0x72E8, 0x72E8, 0xA326, 0xA326, 0xA326, 0xA326, 0xA326, 0xA326, 0xA326, 0xA326, 0x7225, 0x7225,
  0x5A88, 0x5A88, 0x5BEA, 0x5BEA, 0x5BEA, 0x5BEA, 0x8593, 0x8593, 0x8593, 0x8593, 0x8593, 0x8593,
  0x8593, 0x8593, 0x8593, 0x8593, 0xD5F3, 0xD5F3, 0xD5F3, 0xD5F3, 0xE696, 0xE696, 0xE696, 0xE696,
  0xE696, 0xE696, 0xD5F3, 0xD5F3, 0xE50A, 0xE50A, 0xC570, 0xC570, 0xD5F3, 0xD5F3, 0xD5F3, 0xD5F3,
  0xE696, 0xE696, 0xD5F3, 0xD5F3, 0xD5F3, 0xD5F3, 0xC570, 0xC570, 0xD5F3, 0xD5F3, 0xD5F3, 0xD5F3,
  0xD5F3, 0xD5F3, 0xD5F3, 0xD5F3, 0xD5F3, 0xD5F3, 0xD5F3, 0xD5F3, 0xD5F3, 0xD5F3, 0xD5F3, 0xD5F3,
  0xD5F3, 0xD5F3, 0xD5F3, 0xD5F3, 0xD5F3, 0xD5F3, 0xD5F3, 0xD5F3, 0xD5F3, 0xD5F3, 0xD5F3, 0xD5F3,
  0xE696, 0xE696, 0xD5F3, 0xD5F3, 0xD5F3, 0xD5F3, 0xD5F3, 0xD5F3, 0xD5F3, 0xD5F3, 0xE696, 0xE696,
  0xD5F3, 0xD5F3, 0x8593, 0x8593, 0x8593, 0x8593, 0x8593, 0x8593, 0x8593, 0x8593, 0x8593, 0x8593,
  0x6CB0, 0x6CB0, 0x6CB0, 0x6CB0, 0x432A, 0x432A, 0x7225, 0x7225, 0xA326, 0xA326, 0xA326, 0xA326,
  0xA326, 0xA326, 0xA326, 0xA326, 0x72E8, 0x72E8, 0x72E8, 0x72E8, 0xA326, 0xA326, 0xA326, 0xA326,
  0xA326, 0xA326, 0xA326, 0xA326, 0x72E8, 0x72E8, 0x72E8, 0x72E8, 0xA326, 0xA326, 0x72E8, 0x72E8,
  0x72E8, 0x72E8, 0x72E8, 0x72E8, 0x7225, 0x7225, 0x72E8, 0x72E8, 0xA326, 0xA326, 0x72E8, 0x72E8,
  0x72E8, 0x72E8, 0x72E8, 0x72E8, 0x72E8, 0x72E8, 0x72E8, 0x72E8, 0x72E8, 0x72E8, 0x72E8, 0x72E8,
  0xA326, 0xA326, 0x72E8, 0x72E8, 0x72E8, 0x72E8, 0xA326, 0xA326, 0xA326, 0xA326, 0x72E8, 0x72E8,
  0xA326, 0xA326, 0xA326, 0xA326, 0xA326, 0xA326, 0xA326, 0xA326, 0xA326, 0xA326, 0xA326, 0xA326,
  0xA326, 0xA326, 0xA326, 0xA326, 0x72E8, 0x72E8, 0x72E8, 0x72E8, 0xA326, 0xA326, 0xA326, 0xA326,
  0xA326, 0xA326, 0xA326, 0xA326, 0xA326, 0xA326, 0xA326, 0xA326, 0xA326, 0xA326, 0xA326, 0xA326,
  0xA326, 0xA326, 0xA326, 0xA326, 0xA326, 0xA326, 0xA326, 0xA326, 0xA326, 0xA326, 0xA326, 0xA326,
  0xA326, 0xA326, 0xA326, 0xA326, 0xA326, 0xA326, 0xA326, 0xA326, 0x72E8, 0x72E8, 0x72E8, 0x72E8,
  0xA326, 0xA326, 0xA326, 0xA326, 0xA326, 0xA326, 0xA326, 0xA326, 0xA326, 0xA326, 0xA326, 0xA326,
  0x72E8, 0x72E8, 0x7225, 0x7225, 0x72E8, 0x72E8, 0x6CB0, 0x6CB0, 0xAE56, 0xAE56, 0x8593, 0x8593,
  0x8593, 0x8593, 0x8593, 0x8593, 0x8593, 0x8593, 0xAE56, 0xAE56, 0xD5F3, 0xD5F3, 0xD5F3, 0xD5F3,
  0xD5F3, 0xD5F3, 0xD5F3, 0xD5F3, 0xC570, 0xC570, 0xC570, 0xC570, 0xD5F3, 0xD5F3, 0xD5F3, 0xD5F3,
  0xE696, 0xE696, 0xD5F3, 0xD5F3, 0xD5F3, 0xD5F3, 0xE50A, 0xE50A, 0xC570, 0xC570, 0xD5F3, 0xD5F3,
  0xD5F3, 0xD5F3, 0xD5F3, 0xD5F3, 0xE696, 0xE696, 0xD5F3, 0xD5F3, 0xE50A, 0xE50A, 0xE50A, 0xE50A,
  0xD5F3, 0xD5F3, 0xD5F3, 0xD5F3, 0xE696, 0xE696, 0xE696, 0xE696, 0xD5F3, 0xD5F3, 0xE50A, 0xE50A,
  0xC570, 0xC570, 0xD5F3, 0xD5F3, 0xD5F3, 0xD5F3, 0xE696, 0xE696, 0xD5F3, 0xD5F3, 0xD5F3, 0xD5F3,
  0x8593, 0x8593, 0x8593, 0x8593, 0x8593, 0x8593, 0x8593, 0x8593, 0x8593, 0x8593, 0x6CB0, 0x6CB0,
  0x5A88, 0x5A88, 0x7225, 0x7225, 0x7225, 0x7225, 0xA326, 0xA326, 0xA326, 0xA326, 0xA326, 0xA326,
  0xA326, 0xA326, 0x72E8, 0x72E8, 0x72E8, 0x72E8, 0xA326, 0xA326, 0xA326, 0xA326, 0xA326, 0xA326,
  0x72E8, 0x72E8, 0x72E8, 0x72E8, 0x72E8, 0x72E8, 0xA326, 0xA326, 0x72E8, 0x72E8, 0xA326, 0xA326,
  0x72E8, 0x72E8, 0x7225, 0x7225, 0xA326, 0xA326, 0xA326, 0xA326, 0x72E8, 0x72E8, 0x72E8, 0x72E8,
  0x72E8, 0x72E8, 0x72E8, 0x72E8, 0x72E8, 0x72E8, 0x72E8, 0x72E8, 0x72E8, 0x72E8, 0x72E8, 0x72E8,
  0xA326, 0xA326, 0x72E8, 0x72E8, 0xA326, 0xA326, 0xA326, 0xA326, 0xA326, 0xA326, 0x72E8, 0x72E8,
  0xA326, 0xA326, 0xA326, 0xA326, 0xA326, 0xA326, 0xA326, 0xA326, 0xA326, 0xA326, 0xA326, 0xA326,
  0xA326, 0xA326, 0xA326, 0xA326, 0x72E8, 0x72E8, 0x72E8, 0x72E8, 0xA326, 0xA326, 0xA326, 0xA326,
  0xA326, 0xA326, 0xA326, 0xA326, 0xA326, 0xA326, 0xA326, 0xA326, 0xA326, 0xA326, 0xA326, 0xA326,
  0xA326, 0xA326, 0xA326, 0xA326, 0xA326, 0xA326, 0xA326, 0xA326, 0xA326, 0xA326, 0xA326, 0xA326,
  0xA326, 0xA326, 0xA326, 0xA326, 0xA326, 0xA326, 0xA326, 0xA326, 0x72E8, 0x72E8, 0x72E8, 0x72E8,
  0xA326, 0xA326, 0xA326, 0xA326, 0xA326, 0xA326, 0xA326, 0xA326, 0xA326, 0xA326, 0xA326, 0xA326,
  0x72E8, 0x72E8, 0x7225, 0x7225, 0x72E8, 0x72E8, 0x6CB0, 0x6CB0, 0xAE56, 0xAE56, 0x8593, 0x8593,
  0x8593, 0x8593, 0x8593, 0x8593, 0x8593, 0x8593, 0xAE56, 0xAE56, 0xD5F3, 0xD5F3, 0xD5F3, 0xD5F3,
  0xD5F3, 0xD5F3, 0xD5F3, 0xD5F3, 0xC570, 0xC570, 0xC570, 0xC570, 0xD5F3, 0xD5F3, 0xD5F3, 0xD5F3,
  0xE696, 0xE696, 0xD5F3, 0xD5F3, 0xD5F3, 0xD5F3, 0xE50A, 0xE50A, 0xC570, 0xC570, 0xD5F3, 0xD5F3,
  0xD5F3, 0xD5F3, 0xD5F3, 0xD5F3, 0xE696, 0xE696, 0xD5F3, 0xD5F3, 0xE50A, 0xE50A, 0xE50A, 0xE50A,
  0xD5F3, 0xD5F3, 0xD5F3, 0xD5F3, 0xE696, 0xE696, 0xE696, 0xE696, 0xD5F3, 0xD5F3, 0xE50A, 0xE50A,
  0xC570, 0xC570, 0xD5F3, 0xD5F3, 0xD5F3, 0xD5F3, 0xE696, 0xE696, 0xD5F3, 0xD5F3, 0xD5F3, 0xD5F3,
  0x8593, 0x8593, 0x8593, 0x8593, 0x8593, 0x8593, 0x8593, 0x8593, 0x8593, 0x8593, 0x6CB0, 0x6CB0,
  0x5A88, 0x5A88, 0x7225, 0x7225, 0x7225, 0x7225, 0xA326, 0xA326, 0xA326, 0xA326, 0xA326, 0xA326,
  0xA326, 0xA326, 0x72E8, 0x72E8, 0x72E8, 0x72E8, 0xA326, 0xA326, 0xA326, 0xA326, 0xA326, 0xA326,
  0x72E8, 0x72E8, 0x72E8, 0x72E8, 0x72E8, 0x72E8, 0xA326, 0xA326, 0x72E8, 0x72E8, 0xA326, 0xA326,
  0x72E8, 0x72E8, 0x7225, 0x7225, 0xA326, 0xA326, 0xA326, 0xA326, 0x72E8, 0x72E8, 0x72E8, 0x72E8,
  0x72E8, 0x72E8, 0x72E8, 0x72E8, 0x72E8, 0x72E8, 0x72E8, 0x72E8, 0x72E8, 0x72E8, 0x72E8, 0x72E8,
  0xA326, 0xA326, 0x72E8, 0x72E8, 0xA326, 0xA326, 0xA326, 0xA326, 0xA326, 0xA326, 0x72E8, 0x72E8,
  0xA326, 0xA326, 0xA326, 0xA326, 0xA326, 0xA326, 0xA326, 0xA326, 0xA326, 0xA326, 0xA326, 0xA326,
  0x72E8, 0x72E8, 0x72E8, 0x72E8, 0xA326, 0xA326, 0xA326, 0xA326, 0xA326, 0xA326, 0xA326, 0xA326,
  0xA326, 0xA326, 0xA326, 0xA326, 0xA326, 0xA326, 0xA326, 0xA326, 0xA326, 0xA326, 0xA326, 0xA326,
  0xA326, 0xA326, 0xA326, 0xA326, 0xA326, 0xA326, 0xA326, 0xA326, 0xA326, 0xA326, 0xA326, 0xA326,
  0xA326, 0xA326, 0xA326, 0xA326, 0xA326, 0xA326, 0x72E8, 0x72E8, 0xA326, 0xA326, 0xA326, 0xA326,
  0xA326, 0xA326, 0xA326, 0xA326, 0xA326, 0xA326, 0xA326, 0xA326, 0xA326, 0xA326, 0x72E8, 0x72E8,
  0xA326, 0xA326, 0xA326, 0xA326, 0x72E8, 0x72E8, 0x5A88, 0x5A88, 0x6CB0, 0x6CB0, 0x6CB0, 0x6CB0,
  0x6CB0, 0x6CB0, 0x8593, 0x8593, 0x8593, 0x8593, 0x8593, 0x8593, 0x8593, 0x8593, 0xAE56, 0xAE56,
  0xD5F3, 0xD5F3, 0xD5F3, 0xD5F3, 0xE696, 0xE696, 0xE696, 0xE696, 0xD5F3, 0xD5F3, 0xD5F3, 0xD5F3,
  0xC570, 0xC570, 0xD5F3, 0xD5F3, 0xD5F3, 0xD5F3, 0xE696, 0xE696, 0xD5F3, 0xD5F3, 0xD5F3, 0xD5F3,
  0xD5F3, 0xD5F3, 0xD5F3, 0xD5F3, 0xD5F3, 0xD5F3, 0xD5F3, 0xD5F3, 0xD5F3, 0xD5F3, 0xD5F3, 0xD5F3,
  0xD5F3, 0xD5F3, 0xD5F3, 0xD5F3, 0xD5F3, 0xD5F3, 0xE696, 0xE696, 0xD5F3, 0xD5F3, 0xD5F3, 0xD5F3,
  0xD5F3, 0xD5F3, 0xD5F3, 0xD5F3, 0xD5F3, 0xD5F3, 0xD5F3, 0xD5F3, 0xAE56, 0xAE56, 0x8593, 0x8593,
  0x8593, 0x8593, 0x8593, 0x8593, 0x8593, 0x8593, 0x8593, 0x8593, 0x6CB0, 0x6CB0, 0x5A88, 0x5A88,
  0x7225, 0x7225, 0xA326, 0xA326, 0xA326, 0xA326, 0xA326, 0xA326, 0xA326, 0xA326, 0xA326, 0xA326,
  0x72E8, 0x72E8, 0x72E8, 0x72E8, 0xA326, 0xA326, 0xA326, 0xA326, 0xA326, 0xA326, 0x72E8, 0x72E8,
  0x72E8, 0x72E8, 0xA326, 0xA326, 0xA326, 0xA326, 0x72E8, 0x72E8, 0xA326, 0xA326, 0x72E8, 0x72E8,
  0x72E8, 0x72E8, 0xA326, 0xA326, 0xA326, 0xA326, 0x72E8, 0x72E8, 0x72E8, 0x72E8, 0x72E8, 0x72E8,
  0x72E8, 0x72E8, 0x72E8, 0x72E8, 0x72E8, 0x72E8, 0x72E8, 0x72E8, 0xA326, 0xA326, 0xA326, 0xA326,
  0x72E8, 0x72E8, 0xA326, 0xA326, 0xA326, 0xA326, 0xA326, 0xA326, 0x72E8, 0x72E8, 0x72E8, 0x72E8,
  0xA326, 0xA326, 0xA326, 0xA326, 0xA326, 0xA326, 0xA326, 0xA326, 0xA326, 0xA326, 0xA326, 0xA326,
  0x72E8, 0x72E8, 0x72E8, 0x72E8, 0xA326, 0xA326, 0xA326, 0xA326, 0xA326, 0xA326, 0xA326, 0xA326,
  0xA326, 0xA326, 0xA326, 0xA326, 0xA326, 0xA326, 0xA326, 0xA326, 0xA326, 0xA326, 0xA326, 0xA326,
  0xA326, 0xA326, 0xA326, 0xA326, 0xA326, 0xA326, 0xA326, 0xA326, 0xA326, 0xA326, 0xA326, 0xA326,
  0xA326, 0xA326, 0xA326, 0xA326, 0xA326, 0xA326, 0x72E8, 0x72E8, 0xA326, 0xA326, 0xA326, 0xA326,
  0xA326, 0xA326, 0xA326, 0xA326, 0xA326, 0xA326, 0xA326, 0xA326, 0xA326, 0xA326, 0x72E8, 0x72E8,
  0xA326, 0xA326, 0xA326, 0xA326, 0x72E8, 0x72E8, 0x5A88, 0x5A88, 0x6CB0, 0x6CB0, 0x6CB0, 0x6CB0,
  0x6CB0, 0x6CB0, 0x8593, 0x8593, 0x8593, 0x8593, 0x8593, 0x8593, 0x8593, 0x8593, 0xAE56, 0xAE56,
  0xD5F3, 0xD5F3, 0xD5F3, 0xD5F3, 0xE696, 0xE696, 0xE696, 0xE696, 0xD5F3, 0xD5F3, 0xD5F3, 0xD5F3,
  0xC570, 0xC570, 0xD5F3, 0xD5F3, 0xD5F3, 0xD5F3, 0xE696, 0xE696, 0xD5F3, 0xD5F3, 0xD5F3, 0xD5F3,
  0xD5F3, 0xD5F3, 0xD5F3, 0xD5F3, 0xD5F3, 0xD5F3, 0xD5F3, 0xD5F3, 0xD5F3, 0xD5F3, 0xD5F3, 0xD5F3,
  0xD5F3, 0xD5F3, 0xD5F3, 0xD5F3, 0xD5F3, 0xD5F3, 0xE696, 0xE696, 0xD5F3, 0xD5F3, 0xD5F3, 0xD5F3,
  0xD5F3, 0xD5F3, 0xD5F3, 0xD5F3, 0xD5F3, 0xD5F3, 0xD5F3, 0xD5F3, 0xAE56, 0xAE56, 0x8593, 0x8593,
  0x8593, 0x8593, 0x8593, 0x8593, 0x8593, 0x8593, 0x8593, 0x8593, 0x6CB0, 0x6CB0, 0x5A88, 0x5A88,
  0x7225, 0x7225, 0xA326, 0xA326, 0xA326, 0xA326, 0xA326, 0xA326, 0xA326, 0xA326, 0xA326, 0xA326,
  0x72E8, 0x72E8, 0x72E8, 0x72E8, 0xA326, 0xA326, 0xA326, 0xA326, 0xA326, 0xA326, 0x72E8, 0x72E8,
  0x72E8, 0x72E8, 0xA326, 0xA326, 0xA326, 0xA326, 0x72E8, 0x72E8, 0xA326, 0xA326, 0x72E8, 0x72E8,
  0x72E8, 0x72E8, 0xA326, 0xA326, 0xA326, 0xA326, 0x72E8, 0x72E8, 0x72E8, 0x72E8, 0x72E8, 0x72E8,
  0x72E8, 0x72E8, 0x72E8, 0x72E8, 0x72E8, 0x72E8, 0x72E8, 0x72E8, 0xA326, 0xA326, 0xA326, 0xA326,
  0x72E8, 0x72E8, 0xA326, 0xA326, 0xA326, 0xA326, 0xA326, 0xA326, 0x72E8, 0x72E8, 0x72E8, 0x72E8,
  0xA326, 0xA326, 0xA326, 0xA326, 0xA326, 0xA326, 0xA326, 0xA326, 0xA326, 0xA326, 0x72E8, 0x72E8,
  0x72E8, 0x72E8, 0xA326, 0xA326, 0xA326, 0xA326, 0xA326, 0xA326, 0xA326, 0xA326, 0xA326, 0xA326,
  0xA326, 0xA326, 0xA326, 0xA326, 0xA326, 0xA326, 0xA326, 0xA326, 0xA326, 0xA326, 0xA326, 0xA326,
  0xA326, 0xA326, 0xA326, 0xA326, 0xA326, 0xA326, 0x72E8, 0x72E8, 0xA326, 0xA326, 0xA326, 0xA326,
  0xA326, 0xA326, 0x72E8, 0x72E8, 0x72E8, 0x72E8, 0xA326, 0xA326, 0xA326, 0xA326, 0xA326, 0xA326,
  0xA326, 0xA326, 0xA326, 0xA326, 0xA326, 0xA326, 0xA326, 0xA326, 0xA326, 0xA326, 0xA326, 0xA326,
  0xA326, 0xA326, 0x72E8, 0x72E8, 0xA326, 0xA326, 0x72E8, 0x72E8, 0x7225, 0x7225, 0x7225, 0x7225,
  0x5BEA, 0x5BEA, 0x8593, 0x8593, 0xAE56, 0xAE56, 0x8593, 0x8593, 0x8593, 0x8593, 0x8593, 0x8593,
  0x8593, 0x8593, 0xD5F3, 0xD5F3, 0xD5F3, 0xD5F3, 0xD5F3, 0xD5F3, 0xD5F3, 0xD5F3, 0xD5F3, 0xD5F3,
  0xE50A, 0xE50A, 0xC570, 0xC570, 0xD5F3, 0xD5F3, 0xD5F3, 0xD5F3, 0xE696, 0xE696, 0xD5F3, 0xD5F3,
  0xD5F3, 0xD5F3, 0xE50A, 0xE50A, 0xE50A, 0xE50A, 0xD5F3, 0xD5F3, 0xD5F3, 0xD5F3, 0xE696, 0xE696,
  0xE696, 0xE696, 0xC570, 0xC570, 0xE50A, 0xE50A, 0xC570, 0xC570, 0xE696, 0xE696, 0xE696, 0xE696,
  0xE696, 0xE696, 0xE696, 0xE696, 0xD5F3, 0xD5F3, 0x8593, 0x8593, 0x8593, 0x8593, 0x8593, 0x8593,
  0x8593, 0x8593, 0xAE56, 0xAE56, 0x5BEA, 0x5BEA, 0x5A88, 0x5A88, 0x5A88, 0x5A88, 0x7225, 0x7225,
  0xA326, 0xA326, 0xA326, 0xA326, 0xA326, 0xA326, 0xA326, 0xA326, 0x72E8, 0x72E8, 0x72E8, 0x72E8,
  0xA326, 0xA326, 0xA326, 0xA326, 0xA326, 0xA326, 0x72E8, 0x72E8, 0x72E8, 0x72E8, 0xA326, 0xA326,
  0xA326, 0xA326, 0x72E8, 0x72E8, 0xA326, 0xA326, 0x72E8, 0x72E8, 0x72E8, 0x72E8, 0x72E8, 0x72E8,
  0xA326, 0xA326, 0x72E8, 0x72E8, 0x72E8, 0x72E8, 0x72E8, 0x72E8, 0x72E8, 0x72E8, 0xA326, 0xA326,
  0x72E8, 0x72E8, 0x72E8, 0x72E8, 0x72E8, 0x72E8, 0xA326, 0xA326, 0xA326, 0xA326, 0x72E8, 0x72E8,
  0xA326, 0xA326, 0xA326, 0xA326, 0xA326, 0xA326, 0x72E8, 0x72E8, 0x72E8, 0x72E8, 0xA326, 0xA326,
  0xA326, 0xA326, 0xA326, 0xA326, 0xA326, 0xA326, 0xA326, 0xA326, 0xA326, 0xA326, 0x72E8, 0x72E8,
  0x72E8, 0x72E8, 0xA326, 0xA326, 0xA326, 0xA326, 0xA326, 0xA326, 0xA326, 0xA326, 0xA326, 0xA326,
  0xA326, 0xA326, 0xA326, 0xA326, 0xA326, 0xA326, 0xA326, 0xA326, 0xA326, 0xA326, 0xA326, 0xA326,
  0xA326, 0xA326, 0xA326, 0xA326, 0xA326, 0xA326, 0x72E8, 0x72E8, 0xA326, 0xA326, 0xA326, 0xA326,
  0xA326, 0xA326, 0x72E8, 0x72E8, 0x72E8, 0x72E8, 0xA326, 0xA326, 0xA326, 0xA326, 0xA326, 0xA326,
  0xA326, 0xA326, 0xA326, 0xA326, 0xA326, 0xA326, 0xA326, 0xA326, 0xA326, 0xA326, 0xA326, 0xA326,
  0xA326, 0xA326, 0x72E8, 0x72E8, 0xA326, 0xA326, 0x72E8, 0x72E8, 0x7225, 0x7225, 0x7225, 0x7225,
  0x5BEA, 0x5BEA, 0x8593, 0x8593, 0xAE56, 0xAE56, 0x8593, 0x8593, 0x8593, 0x8593, 0x8593, 0x8593,
  0x8593, 0x8593, 0xD5F3, 0xD5F3, 0xD5F3, 0xD5F3, 0xD5F3, 0xD5F3, 0xD5F3, 0xD5F3, 0xD5F3, 0xD5F3,
  0xE50A, 0xE50A, 0xC570, 0xC570, 0xD5F3, 0xD5F3, 0xD5F3, 0xD5F3, 0xE696, 0xE696, 0xD5F3, 0xD5F3,
  0xD5F3, 0xD5F3, 0xE50A, 0xE50A, 0xE50A, 0xE50A, 0xD5F3, 0xD5F3, 0xD5F3, 0xD5F3, 0xE696, 0xE696,
  0xE696, 0xE696, 0xC570, 0xC570, 0xE50A, 0xE50A, 0xC570, 0xC570, 0xE696, 0xE696, 0xE696, 0xE696,
  0xE696, 0xE696, 0xE696, 0xE696, 0xD5F3, 0xD5F3, 0x8593, 0x8593, 0x8593, 0x8593, 0x8593, 0x8593,
  0x8593, 0x8593, 0xAE56, 0xAE56, 0x5BEA, 0x5BEA, 0x5A88, 0x5A88, 0x5A88, 0x5A88, 0x7225, 0x7225,
  0xA326, 0xA326, 0xA326, 0xA326, 0xA326, 0xA326, 0xA326, 0xA326, 0x72E8, 0x72E8, 0x72E8, 0x72E8,
  0xA326, 0xA326, 0xA326, 0xA326, 0xA326, 0xA326, 0x72E8, 0x72E8, 0x72E8, 0x72E8, 0xA326, 0xA326,
  0xA326, 0xA326, 0x72E8, 0x72E8, 0xA326, 0xA326, 0x72E8, 0x72E8, 0x72E8, 0x72E8, 0x72E8, 0x72E8,
  0xA326, 0xA326, 0x72E8, 0x72E8, 0x72E8, 0x72E8, 0x72E8, 0x72E8, 0x72E8, 0x72E8, 0xA326, 0xA326,
  0x72E8, 0x72E8, 0x72E8, 0x72E8, 0x72E8, 0x72E8, 0xA326, 0xA326, 0xA326, 0xA326, 0x72E8, 0x72E8,
  0xA326, 0xA326, 0xA326, 0xA326, 0xA326, 0xA326, 0x72E8, 0x72E8, 0x72E8, 0x72E8, 0xA326, 0xA326,
  0xA326, 0xA326, 0xA326, 0xA326, 0xA326, 0xA326, 0x72E8, 0x72E8, 0x72E8, 0x72E8, 0xA326, 0xA326,
  0xA326, 0xA326, 0xA326, 0xA326, 0xA326, 0xA326, 0xA326, 0xA326, 0xA326, 0xA326, 0xA326, 0xA326,
  0xA326, 0xA326, 0xA326, 0xA326, 0xA326, 0xA326, 0xA326, 0xA326, 0xA326, 0xA326, 0xA326, 0xA326,
  0xA326, 0xA326, 0xA326, 0xA326, 0xA326, 0xA326, 0xA326, 0xA326, 0xA326, 0xA326, 0xA326, 0xA326,
  0x72E8, 0x72E8, 0x72E8, 0x72E8, 0xA326, 0xA326, 0xA326, 0xA326, 0xA326, 0xA326, 0xA326, 0xA326,
  0xA326, 0xA326, 0xA326, 0xA326, 0xA326, 0xA326, 0xA326, 0xA326, 0xA326, 0xA326, 0xA326, 0xA326,
  0x72E8, 0x72E8, 0xA326, 0xA326, 0x72E8, 0x72E8, 0xA326, 0xA326, 0xA326, 0xA326, 0xA326, 0xA326,
  0x7225, 0x7225, 0x5BEA, 0x5BEA, 0x8593, 0x8593, 0x6CB0, 0x6CB0, 0x8593, 0x8593, 0x8593, 0x8593,
  0x8593, 0x8593, 0x8593, 0x8593, 0xAE56, 0xAE56, 0xD5F3, 0xD5F3, 0xE696, 0xE696, 0xE696, 0xE696,
  0xE696, 0xE696, 0xD5F3, 0xD5F3, 0xD5F3, 0xD5F3, 0xD5F3, 0xD5F3, 0xD5F3, 0xD5F3, 0xD5F3, 0xD5F3,
  0xD5F3, 0xD5F3, 0xD5F3, 0xD5F3, 0xD5F3, 0xD5F3, 0xD5F3, 0xD5F3, 0xD5F3, 0xD5F3, 0xD5F3, 0xD5F3,
  0xE696, 0xE696, 0xD5F3, 0xD5F3, 0xD5F3, 0xD5F3, 0xD5F3, 0xD5F3, 0xD5F3, 0xD5F3, 0xD5F3, 0xD5F3,
  0xD5F3, 0xD5F3, 0xAE56, 0xAE56, 0x8593, 0x8593, 0x8593, 0x8593, 0x8593, 0x8593, 0x8593, 0x8593,
  0x8593, 0x8593, 0x8593, 0x8593, 0x5A88, 0x5A88, 0x7225, 0x7225, 0xA326, 0xA326, 0xA326, 0xA326,
  0xA326, 0xA326, 0xA326, 0xA326, 0xA326, 0xA326, 0x72E8, 0x72E8, 0x72E8, 0x72E8, 0xA326, 0xA326,
  0xA326, 0xA326, 0xA326, 0xA326, 0x72E8, 0x72E8, 0x72E8, 0x72E8, 0xA326, 0xA326, 0xA326, 0xA326,
  0xA326, 0xA326, 0xA326, 0xA326, 0x72E8, 0x72E8, 0x72E8, 0x72E8, 0xA326, 0xA326, 0xA326, 0xA326,
  0x72E8, 0x72E8, 0x72E8, 0x72E8, 0x72E8, 0x72E8, 0x72E8, 0x72E8, 0xA326, 0xA326, 0xA326, 0xA326,
  0x72E8, 0x72E8, 0x72E8, 0x72E8, 0xA326, 0xA326, 0xA326, 0xA326, 0xA326, 0xA326, 0xA326, 0xA326,
  0x72E8, 0x72E8, 0x72E8, 0x72E8, 0x72E8, 0x72E8, 0xA326, 0xA326, 0xA326, 0xA326, 0xA326, 0xA326,
  0xA326, 0xA326, 0xA326, 0xA326, 0xA326, 0xA326, 0x72E8, 0x72E8, 0x72E8, 0x72E8, 0xA326, 0xA326,
  0xA326, 0xA326, 0xA326, 0xA326, 0xA326, 0xA326, 0xA326, 0xA326, 0xA326, 0xA326, 0xA326, 0xA326,
  0xA326, 0xA326, 0xA326, 0xA326, 0xA326, 0xA326, 0xA326, 0xA326, 0xA326, 0xA326, 0xA326, 0xA326,
  0xA326, 0xA326, 0xA326, 0xA326, 0xA326, 0xA326, 0xA326, 0xA326, 0xA326, 0xA326, 0xA326, 0xA326,
  0x72E8, 0x72E8, 0x72E8, 0x72E8, 0xA326, 0xA326, 0xA326, 0xA326, 0xA326, 0xA326, 0xA326, 0xA326,
  0xA326, 0xA326, 0xA326, 0xA326, 0xA326, 0xA326, 0xA326, 0xA326, 0xA326, 0xA326, 0xA326, 0xA326,
  0x72E8, 0x72E8, 0xA326, 0xA326, 0x72E8, 0x72E8, 0xA326, 0xA326, 0xA326, 0xA326, 0xA326, 0xA326,
  0x7225, 0x7225, 0x5BEA, 0x5BEA, 0x8593, 0x8593, 0x6CB0, 0x6CB0, 0x8593, 0x8593, 0x8593, 0x8593,
  0x8593, 0x8593, 0x8593, 0x8593, 0xAE56, 0xAE56, 0xD5F3, 0xD5F3, 0xE696, 0xE696, 0xE696, 0xE696,
  0xE696, 0xE696, 0xD5F3, 0xD5F3, 0xD5F3, 0xD5F3, 0xD5F3, 0xD5F3, 0xD5F3, 0xD5F3, 0xD5F3, 0xD5F3,
  0xD5F3, 0xD5F3, 0xD5F3, 0xD5F3, 0xD5F3, 0xD5F3, 0xD5F3, 0xD5F3, 0xD5F3, 0xD5F3, 0xD5F3, 0xD5F3,
  0xE696, 0xE696, 0xD5F3, 0xD5F3, 0xD5F3, 0xD5F3, 0xD5F3, 0xD5F3, 0xD5F3, 0xD5F3, 0xD5F3, 0xD5F3,
  0xD5F3, 0xD5F3, 0xAE56, 0xAE56, 0x8593, 0x8593, 0x8593, 0x8593, 0x8593, 0x8593, 0x8593, 0x8593,
  0x8593, 0x8593, 0x8593, 0x8593, 0x5A88, 0x5A88, 0x7225, 0x7225, 0xA326, 0xA326, 0xA326, 0xA326,
  0xA326, 0xA326, 0xA326, 0xA326, 0xA326, 0xA326, 0x72E8, 0x72E8, 0x72E8, 0x72E8, 0xA326, 0xA326,
  0xA326, 0xA326, 0xA326, 0xA326, 0x72E8, 0x72E8, 0x72E8, 0x72E8, 0xA326, 0xA326, 0xA326, 0xA326,
  0xA326, 0xA326, 0xA326, 0xA326, 0x72E8, 0x72E8, 0x72E8, 0x72E8, 0xA326, 0xA326, 0xA326, 0xA326,
  0x72E8, 0x72E8, 0x72E8, 0x72E8, 0x72E8, 0x72E8, 0x72E8, 0x72E8, 0xA326, 0xA326, 0xA326, 0xA326,
  0x72E8, 0x72E8, 0x72E8, 0x72E8, 0xA326, 0xA326, 0xA326, 0xA326, 0xA326, 0xA326, 0xA326, 0xA326,
  0x72E8, 0x72E8, 0x72E8, 0x72E8, 0x72E8, 0x72E8, 0xA326, 0xA326, 0xA326, 0xA326, 0xA326, 0xA326,
  0xA326, 0xA326, 0xA326, 0xA326, 0x72E8, 0x72E8, 0x72E8, 0x72E8, 0xA326, 0xA326, 0xA326, 0xA326,
  0xA326, 0xA326, 0xA326, 0xA326, 0xA326, 0xA326, 0xA326, 0xA326, 0xA326, 0xA326, 0xA326, 0xA326,
  0xA326, 0xA326, 0xA326, 0xA326, 0xA326, 0xA326, 0xA326, 0xA326, 0xA326, 0xA326, 0xA326, 0xA326,
  0xA326, 0xA326, 0xA326, 0xA326, 0xA326, 0xA326, 0xA326, 0xA326, 0x72E8, 0x72E8, 0x72E8, 0x72E8,
  0xA326, 0xA326, 0xA326, 0xA326, 0xA326, 0xA326, 0xA326, 0xA326, 0xA326, 0xA326, 0xA326, 0xA326,
  0xA326, 0xA326, 0xA326, 0xA326, 0xA326, 0xA326, 0xA326, 0xA326, 0xA326, 0xA326, 0xA326, 0xA326,
  0xA326, 0xA326, 0x72E8, 0x72E8, 0xA326, 0xA326, 0xA326, 0xA326, 0xA326, 0xA326, 0xA326, 0xA326,
  0x7225, 0x7225, 0x7225, 0x7225, 0x5A88, 0x5A88, 0x5A88, 0x5A88, 0x6CB0, 0x6CB0, 0xAE56, 0xAE56,
  0x8593, 0x8593, 0x8593, 0x8593, 0x8593, 0x8593, 0x8593, 0x8593, 0xD5F3, 0xD5F3, 0xD5F3, 0xD5F3,
  0xD5F3, 0xD5F3, 0xD5F3, 0xD5F3, 0xE696, 0xE696, 0xC570, 0xC570, 0xE50A, 0xE50A, 0xC570, 0xC570,
  0xE696, 0xE696, 0xD5F3, 0xD5F3, 0xE696, 0xE696, 0xE696, 0xE696, 0xC570, 0xC570, 0xE50A, 0xE50A,
  0xD5F3, 0xD5F3, 0xD5F3, 0xD5F3, 0xD5F3, 0xD5F3, 0xE696, 0xE696, 0xE696, 0xE696, 0xD5F3, 0xD5F3,
  0x8593, 0x8593, 0x8593, 0x8593, 0x8593, 0x8593, 0x8593, 0x8593, 0x8593, 0x8593, 0x5BEA, 0x5BEA,
  0x5BEA, 0x5BEA, 0x5A88, 0x5A88, 0x7225, 0x7225, 0xA326, 0xA326, 0xA326, 0xA326, 0xA326, 0xA326,
  0xA326, 0xA326, 0xA326, 0xA326, 0x72E8, 0x72E8, 0x72E8, 0x72E8, 0xA326, 0xA326, 0xA326, 0xA326,
  0xA326, 0xA326, 0x72E8, 0x72E8, 0x72E8, 0x72E8, 0xA326, 0xA326, 0xA326, 0xA326, 0xA326, 0xA326,
  0xA326, 0xA326, 0x7225, 0x7225, 0x72E8, 0x72E8, 0xA326, 0xA326, 0x72E8, 0x72E8, 0x72E8, 0x72E8,
  0x72E8, 0x72E8, 0x72E8, 0x72E8, 0xA326, 0xA326, 0xA326, 0xA326, 0x72E8, 0x72E8, 0x72E8, 0x72E8,
  0x72E8, 0x72E8, 0xA326, 0xA326, 0xA326, 0xA326, 0xA326, 0xA326, 0xA326, 0xA326, 0x72E8, 0x72E8,
  0x72E8, 0x72E8, 0xA326, 0xA326, 0xA326, 0xA326, 0xA326, 0xA326, 0xA326, 0xA326, 0xA326, 0xA326,
  0xA326, 0xA326, 0xA326, 0xA326, 0x72E8, 0x72E8, 0x72E8, 0x72E8, 0xA326, 0xA326, 0xA326, 0xA326,
  0xA326, 0xA326, 0xA326, 0xA326, 0xA326, 0xA326, 0xA326, 0xA326, 0xA326, 0xA326, 0xA326, 0xA326,
  0xA326, 0xA326, 0xA326, 0xA326, 0xA326, 0xA326, 0xA326, 0xA326, 0xA326, 0xA326, 0xA326, 0xA326,
  0xA326, 0xA326, 0xA326, 0xA326, 0xA326, 0xA326, 0xA326, 0xA326, 0x72E8, 0x72E8, 0x72E8, 0x72E8,
  0xA326, 0xA326, 0xA326, 0xA326, 0xA326, 0xA326, 0xA326, 0xA326, 0xA326, 0xA326, 0xA326, 0xA326,
  0xA326, 0xA326, 0xA326, 0xA326, 0xA326, 0xA326, 0xA326, 0xA326, 0xA326, 0xA326, 0xA326, 0xA326,
  0xA326, 0xA326, 0x72E8, 0x72E8, 0xA326, 0xA326, 0xA326, 0xA326, 0xA326, 0xA326, 0xA326, 0xA326,
  0x7225, 0x7225, 0x7225, 0x7225, 0x5A88, 0x5A88, 0x5A88, 0x5A88, 0x6CB0, 0x6CB0, 0xAE56, 0xAE56,
  0x8593, 0x8593, 0x8593, 0x8593, 0x8593, 0x8593, 0x8593, 0x8593, 0xD5F3, 0xD5F3, 0xD5F3, 0xD5F3,
  0xD5F3, 0xD5F3, 0xD5F3, 0xD5F3, 0xE696, 0xE696, 0xC570, 0xC570, 0xE50A, 0xE50A, 0xC570, 0xC570,
  0xE696, 0xE696, 0xD5F3, 0xD5F3, 0xE696, 0xE696, 0xE696, 0xE696, 0xC570, 0xC570, 0xE50A, 0xE50A,
  0xD5F3, 0xD5F3, 0xD5F3, 0xD5F3, 0xD5F3, 0xD5F3, 0xE696, 0xE696, 0xE696, 0xE696, 0xD5F3, 0xD5F3,
  0x8593, 0x8593, 0x8593, 0x8593, 0x8593, 0x8593, 0x8593, 0x8593, 0x8593, 0x8593, 0x5BEA, 0x5BEA,
  0x5BEA, 0x5BEA, 0x5A88, 0x5A88, 0x7225, 0x7225, 0xA326, 0xA326, 0xA326, 0xA326, 0xA326, 0xA326,
  0xA326, 0xA326, 0xA326, 0xA326, 0x72E8, 0x72E8, 0x72E8, 0x72E8, 0xA326, 0xA326, 0xA326, 0xA326,
  0xA326, 0xA326, 0x72E8, 0x72E8, 0x72E8, 0x72E8, 0xA326, 0xA326, 0xA326, 0xA326, 0xA326, 0xA326,
  0xA326, 0xA326, 0x7225, 0x7225, 0x72E8, 0x72E8, 0xA326, 0xA326, 0x72E8, 0x72E8, 0x72E8, 0x72E8,
  0x72E8, 0x72E8, 0x72E8, 0x72E8, 0xA326, 0xA326, 0xA326, 0xA326, 0x72E8, 0x72E8, 0x72E8, 0x72E8,
  0x72E8, 0x72E8, 0xA326, 0xA326, 0xA326, 0xA326, 0xA326, 0xA326, 0xA326, 0xA326, 0x72E8, 0x72E8,
  0x72E8, 0x72E8, 0xA326, 0xA326, 0xA326, 0xA326, 0xA326, 0xA326, 0xA326, 0xA326, 0xA326, 0xA326,
  0x72E8, 0x72E8, 0x72E8, 0x72E8, 0xA326, 0xA326, 0xA326, 0xA326, 0xA326, 0xA326, 0xA326, 0xA326,
  0xA326, 0xA326, 0xA326, 0xA326, 0xA326, 0xA326, 0xA326, 0xA326, 0xA326, 0xA326, 0xA326, 0xA326,
  0xA326, 0xA326, 0xA326, 0xA326, 0xA326, 0xA326, 0xA326, 0xA326, 0xA326, 0xA326, 0xA326, 0xA326,
  0xA326, 0xA326, 0xA326, 0xA326, 0xA326, 0xA326, 0x72E8, 0x72E8, 0x72E8, 0x72E8, 0xA326, 0xA326,
  0xA326, 0xA326, 0xA326, 0xA326, 0xA326, 0xA326, 0xA326, 0xA326, 0xA326, 0xA326, 0xA326, 0xA326,
  0xA326, 0xA326, 0xA326, 0xA326, 0xA326, 0xA326, 0xA326, 0xA326, 0xA326, 0xA326, 0xA326, 0xA326,
  0x72E8, 0x72E8, 0xA326, 0xA326, 0xA326, 0xA326, 0xA326, 0xA326, 0x72E8, 0x72E8, 0x72E8, 0x72E8,
  0x72E8, 0x72E8, 0xA326, 0xA326, 0x72E8, 0x72E8, 0x7225, 0x7225, 0x72E8, 0x72E8, 0x8593, 0x8593,
  0x8593, 0x8593, 0x8593, 0x8593, 0x8593, 0x8593, 0x8593, 0x8593, 0x8593, 0x8593, 0xAE56, 0xAE56,
  0xD5F3, 0xD5F3, 0xE696, 0xE696, 0xD5F3, 0xD5F3, 0xD5F3, 0xD5F3, 0xD5F3, 0xD5F3, 0xD5F3, 0xD5F3,
  0xD5F3, 0xD5F3, 0xD5F3, 0xD5F3, 0xE696, 0xE696, 0xE696, 0xE696, 0xD5F3, 0xD5F3, 0xC570, 0xC570,
  0xD5F3, 0xD5F3, 0xD5F3, 0xD5F3, 0xD5F3, 0xD5F3, 0xD5F3, 0xD5F3, 0xD5F3, 0xD5F3, 0x8593, 0x8593,
  0x8593, 0x8593, 0x8593, 0x8593, 0x8593, 0x8593, 0xAE56, 0xAE56, 0x8593, 0x8593, 0x5A88, 0x5A88,
  0x7225, 0x7225, 0x7225, 0x7225, 0xA326, 0xA326, 0xA326, 0xA326, 0xA326, 0xA326, 0xA326, 0xA326,
  0x72E8, 0x72E8, 0x72E8, 0x72E8, 0xA326, 0xA326, 0xA326, 0xA326, 0xA326, 0xA326, 0x72E8, 0x72E8,
  0x72E8, 0x72E8, 0xA326, 0xA326, 0xA326, 0xA326, 0x72E8, 0x72E8, 0xA326, 0xA326, 0xA326, 0xA326,
  0x7225, 0x7225, 0x72E8, 0x72E8, 0xA326, 0xA326, 0x72E8, 0x72E8, 0x72E8, 0x72E8, 0x72E8, 0x72E8,
  0x72E8, 0x72E8, 0xA326, 0xA326, 0xA326, 0xA326, 0xA326, 0xA326, 0x72E8, 0x72E8, 0x72E8, 0x72E8,
  0xA326, 0xA326, 0xA326, 0xA326, 0xA326, 0xA326, 0xA326, 0xA326, 0x72E8, 0x72E8, 0x72E8, 0x72E8,
  0xA326, 0xA326, 0xA326, 0xA326, 0x72E8, 0x72E8, 0x72E8, 0x72E8, 0xA326, 0xA326, 0x72E8, 0x72E8,
  0x72E8, 0x72E8, 0x72E8, 0x72E8, 0xA326, 0xA326, 0xA326, 0xA326, 0xA326, 0xA326, 0xA326, 0xA326,
  0xA326, 0xA326, 0xA326, 0xA326, 0xA326, 0xA326, 0xA326, 0xA326, 0xA326, 0xA326, 0xA326, 0xA326,
  0xA326, 0xA326, 0xA326, 0xA326, 0xA326, 0xA326, 0xA326, 0xA326, 0xA326, 0xA326, 0xA326, 0xA326,
  0xA326, 0xA326, 0xA326, 0xA326, 0xA326, 0xA326, 0x72E8, 0x72E8, 0x72E8, 0x72E8, 0xA326, 0xA326,
  0xA326, 0xA326, 0xA326, 0xA326, 0xA326, 0xA326, 0xA326, 0xA326, 0xA326, 0xA326, 0xA326, 0xA326,
  0xA326, 0xA326, 0xA326, 0xA326, 0xA326, 0xA326, 0xA326, 0xA326, 0xA326, 0xA326, 0xA326, 0xA326,
  0x72E8, 0x72E8, 0xA326, 0xA326, 0xA326, 0xA326, 0xA326, 0xA326, 0x72E8, 0x72E8, 0x72E8, 0x72E8,
  0x72E8, 0x72E8, 0xA326, 0xA326, 0x72E8, 0x72E8, 0x7225, 0x7225, 0x72E8, 0x72E8, 0x8593, 0x8593,
  0x8593, 0x8593, 0x8593, 0x8593, 0x8593, 0x8593, 0x8593, 0x8593, 0x8593, 0x8593, 0xAE56, 0xAE56,
  0xD5F3, 0xD5F3, 0xE696, 0xE696, 0xD5F3, 0xD5F3, 0xD5F3, 0xD5F3, 0xD5F3, 0xD5F3, 0xD5F3, 0xD5F3,
  0xD5F3, 0xD5F3, 0xD5F3, 0xD5F3, 0xE696, 0xE696, 0xE696, 0xE696, 0xD5F3, 0xD5F3, 0xC570, 0xC570,
  0xD5F3, 0xD5F3, 0xD5F3, 0xD5F3, 0xD5F3, 0xD5F3, 0xD5F3, 0xD5F3, 0xD5F3, 0xD5F3, 0x8593, 0x8593,
  0x8593, 0x8593, 0x8593, 0x8593, 0x8593, 0x8593, 0xAE56, 0xAE56, 0x8593, 0x8593, 0x5A88, 0x5A88,
  0x7225, 0x7225, 0x7225, 0x7225, 0xA326, 0xA326, 0xA326, 0xA326, 0xA326, 0xA326, 0xA326, 0xA326,
  0x72E8, 0x72E8, 0x72E8, 0x72E8, 0xA326, 0xA326, 0xA326, 0xA326, 0xA326, 0xA326, 0x72E8, 0x72E8,
  0x72E8, 0x72E8, 0xA326, 0xA326, 0xA326, 0xA326, 0x72E8, 0x72E8, 0xA326, 0xA326, 0xA326, 0xA326,
  0x7225, 0x7225, 0x72E8, 0x72E8, 0xA326, 0xA326, 0x72E8, 0x72E8, 0x72E8, 0x72E8, 0x72E8, 0x72E8,
  0x72E8, 0x72E8, 0xA326, 0xA326, 0xA326, 0xA326, 0xA326, 0xA326, 0x72E8, 0x72E8, 0x72E8, 0x72E8,
  0xA326, 0xA326, 0xA326, 0xA326, 0xA326, 0xA326, 0xA326, 0xA326, 0x72E8, 0x72E8, 0x72E8, 0x72E8,
  0xA326, 0xA326, 0xA326, 0xA326, 0x72E8, 0x72E8, 0x72E8, 0x72E8, 0xA326, 0xA326, 0x72E8, 0x72E8,
  0x72E8, 0x72E8, 0xA326, 0xA326, 0xA326, 0xA326, 0xA326, 0xA326, 0xA326, 0xA326, 0xA326, 0xA326,
  0xA326, 0xA326, 0xA326, 0xA326, 0xA326, 0xA326, 0xA326, 0xA326, 0xA326, 0xA326, 0xA326, 0xA326,
  0xA326, 0xA326, 0xA326, 0xA326, 0xA326, 0xA326, 0xA326, 0xA326, 0xA326, 0xA326, 0xA326, 0xA326,
  0xA326, 0xA326, 0xA326, 0xA326, 0x72E8, 0x72E8, 0xA326, 0xA326, 0xA326, 0xA326, 0xA326, 0xA326,
  0xA326, 0xA326, 0xA326, 0xA326, 0xA326, 0xA326, 0xA326, 0xA326, 0xA326, 0xA326, 0xA326, 0xA326,
  0xA326, 0xA326, 0xA326, 0xA326, 0xA326, 0xA326, 0xA326, 0xA326, 0x72E8, 0x72E8, 0xA326, 0xA326,
  0xA326, 0xA326, 0xA326, 0xA326, 0xA326, 0xA326, 0x72E8, 0x72E8, 0x72E8, 0x72E8, 0x72E8, 0x72E8,
  0xA326, 0xA326, 0x72E8, 0x72E8, 0xA326, 0xA326, 0x72E8, 0x72E8, 0x72E8, 0x72E8, 0x5A88, 0x5A88,
  0x5BEA, 0x5BEA, 0x5BEA, 0x5BEA, 0x8593, 0x8593, 0x8593, 0x8593, 0x8593, 0x8593, 0x8593, 0x8593,
  0x8593, 0x8593, 0xD5F3, 0xD5F3, 0xD5F3, 0xD5F3, 0xD5F3, 0xD5F3, 0xD5F3, 0xD5F3, 0xD5F3, 0xD5F3,
  0xD5F3, 0xD5F3, 0xE50A, 0xE50A, 0xE50A, 0xE50A, 0xD5F3, 0xD5F3, 0xD5F3, 0xD5F3, 0xE696, 0xE696,
  0xE696, 0xE696, 0xE696, 0xE696, 0xD5F3, 0xD5F3, 0xAE56, 0xAE56, 0x8593, 0x8593, 0x8593, 0x8593,
  0x8593, 0x8593, 0x8593, 0x8593, 0x6CB0, 0x6CB0, 0x6CB0, 0x6CB0, 0x5BEA, 0x5BEA, 0x7225, 0x7225,
  0xA326, 0xA326, 0xA326, 0xA326, 0xA326, 0xA326, 0xA326, 0xA326, 0xA326, 0xA326, 0x72E8, 0x72E8,
  0x72E8, 0x72E8, 0xA326, 0xA326, 0xA326, 0xA326, 0xA326, 0xA326, 0x72E8, 0x72E8, 0x72E8, 0x72E8,
  0xA326, 0xA326, 0xA326, 0xA326, 0x72E8, 0x72E8, 0xA326, 0xA326, 0x72E8, 0x72E8, 0x7225, 0x7225,
  0xA326, 0xA326, 0xA326, 0xA326, 0x72E8, 0x72E8, 0x72E8, 0x72E8, 0x72E8, 0x72E8, 0x72E8, 0x72E8,
  0xA326, 0xA326, 0xA326, 0xA326, 0x72E8, 0x72E8, 0x72E8, 0x72E8, 0xA326, 0xA326, 0xA326, 0xA326,
  0xA326, 0xA326, 0xA326, 0xA326, 0x72E8, 0x72E8, 0x72E8, 0x72E8, 0x72E8, 0x72E8, 0xA326, 0xA326,
  0xA326, 0xA326, 0x72E8, 0x72E8, 0x72E8, 0x72E8, 0xA326, 0xA326, 0x72E8, 0x72E8, 0x7225, 0x7225,
  0x72E8, 0x72E8, 0xA326, 0xA326, 0xA326, 0xA326, 0xA326, 0xA326, 0xA326, 0xA326, 0xA326, 0xA326,
  0xA326, 0xA326, 0xA326, 0xA326, 0xA326, 0xA326, 0xA326, 0xA326, 0xA326, 0xA326, 0xA326, 0xA326,
  0xA326, 0xA326, 0xA326, 0xA326, 0xA326, 0xA326, 0xA326, 0xA326, 0xA326, 0xA326, 0xA326, 0xA326,
  0xA326, 0xA326, 0xA326, 0xA326, 0x72E8, 0x72E8, 0xA326, 0xA326, 0xA326, 0xA326, 0xA326, 0xA326,
  0xA326, 0xA326, 0xA326, 0xA326, 0xA326, 0xA326, 0xA326, 0xA326, 0xA326, 0xA326, 0xA326, 0xA326,
  0xA326, 0xA326, 0xA326, 0xA326, 0xA326, 0xA326, 0xA326, 0xA326, 0x72E8, 0x72E8, 0xA326, 0xA326,
  0xA326, 0xA326, 0xA326, 0xA326, 0xA326, 0xA326, 0x72E8, 0x72E8, 0x72E8, 0x72E8, 0x72E8, 0x72E8,
  0xA326, 0xA326, 0x72E8, 0x72E8, 0xA326, 0xA326, 0x72E8, 0x72E8, 0x72E8, 0x72E8, 0x5A88, 0x5A88,
  0x5BEA, 0x5BEA, 0x5BEA, 0x5BEA, 0x8593, 0x8593, 0x8593, 0x8593, 0x8593, 0x8593, 0x8593, 0x8593,
  0x8593, 0x8593, 0xD5F3, 0xD5F3, 0xD5F3, 0xD5F3, 0xD5F3, 0xD5F3, 0xD5F3, 0xD5F3, 0xD5F3, 0xD5F3,
  0xD5F3, 0xD5F3, 0xE50A, 0xE50A, 0xE50A, 0xE50A, 0xD5F3, 0xD5F3, 0xD5F3, 0xD5F3, 0xE696, 0xE696,
  0xE696, 0xE696, 0xE696, 0xE696, 0xD5F3, 0xD5F3, 0xAE56, 0xAE56, 0x8593, 0x8593, 0x8593, 0x8593,
  0x8593, 0x8593, 0x8593, 0x8593, 0x6CB0, 0x6CB0, 0x6CB0, 0x6CB0, 0x5BEA, 0x5BEA, 0x7225, 0x7225,
  0xA326, 0xA326, 0xA326, 0xA326, 0xA326, 0xA326, 0xA326, 0xA326, 0xA326, 0xA326, 0x72E8, 0x72E8,
  0x72E8, 0x72E8, 0xA326, 0xA326, 0xA326, 0xA326, 0xA326, 0xA326, 0x72E8, 0x72E8, 0x72E8, 0x72E8,
  0xA326, 0xA326, 0xA326, 0xA326, 0x72E8, 0x72E8, 0xA326, 0xA326, 0x72E8, 0x72E8, 0x7225, 0x7225,
  0xA326, 0xA326, 0xA326, 0xA326, 0x72E8, 0x72E8, 0x72E8, 0x72E8, 0x72E8, 0x72E8, 0x72E8, 0x72E8,
  0xA326, 0xA326, 0xA326, 0xA326, 0x72E8, 0x72E8, 0x72E8, 0x72E8, 0xA326, 0xA326, 0xA326, 0xA326,
  0xA326, 0xA326, 0xA326, 0xA326, 0x72E8, 0x72E8, 0x72E8, 0x72E8, 0x72E8, 0x72E8, 0xA326, 0xA326,
  0xA326, 0xA326, 0x72E8, 0x72E8, 0x72E8, 0x72E8, 0xA326, 0xA326, 0x72E8, 0x72E8, 0x7225, 0x7225,
  0xA326, 0xA326, 0xA326, 0xA326, 0xA326, 0xA326, 0xA326, 0xA326, 0xA326, 0xA326, 0xA326, 0xA326,
  0xA326, 0xA326, 0xA326, 0xA326, 0x72E8, 0x72E8, 0xA326, 0xA326, 0xA326, 0xA326, 0xA326, 0xA326,
  0xA326, 0xA326, 0xA326, 0xA326, 0xA326, 0xA326, 0xA326, 0xA326, 0xA326, 0xA326, 0xA326, 0xA326,
  0x72E8, 0x72E8, 0x72E8, 0x72E8, 0xA326, 0xA326, 0xA326, 0xA326, 0xA326, 0xA326, 0xA326, 0xA326,
  0xA326, 0xA326, 0xA326, 0xA326, 0xA326, 0xA326, 0xA326, 0xA326, 0xA326, 0xA326, 0xA326, 0xA326,
  0xA326, 0xA326, 0xA326, 0xA326, 0xA326, 0xA326, 0x72E8, 0x72E8, 0x72E8, 0x72E8, 0xA326, 0xA326,
  0xA326, 0xA326, 0xA326, 0xA326, 0x72E8, 0x72E8, 0x72E8, 0x72E8, 0xA326, 0xA326, 0xA326, 0xA326,
  0x72E8, 0x72E8, 0xA326, 0xA326, 0x72E8, 0x72E8, 0xA326, 0xA326, 0xA326, 0xA326, 0x72E8, 0x72E8,
  0x7225, 0x7225, 0x5A88, 0x5A88, 0x6CB0, 0x6CB0, 0x8593, 0x8593, 0x8593, 0x8593, 0x8593, 0x8593,
  0x8593, 0x8593, 0x8593, 0x8593, 0x8593, 0x8593, 0xD5F3, 0xD5F3, 0xD5F3, 0xD5F3, 0xD5F3, 0xD5F3,
  0xD5F3, 0xD5F3, 0xD5F3, 0xD5F3, 0xE50A, 0xE50A, 0xD5F3, 0xD5F3, 0xD5F3, 0xD5F3, 0xD5F3, 0xD5F3,
  0xD5F3, 0xD5F3, 0xD5F3, 0xD5F3, 0x8593, 0x8593, 0x8593, 0x8593, 0x8593, 0x8593, 0x8593, 0x8593,
  0x8593, 0x8593, 0x6CB0, 0x6CB0, 0x5A88, 0x5A88, 0x5A88, 0x5A88, 0x7225, 0x7225, 0xA326, 0xA326,
  0xA326, 0xA326, 0xA326, 0xA326, 0xA326, 0xA326, 0xA326, 0xA326, 0x72E8, 0x72E8, 0x72E8, 0x72E8,
  0xA326, 0xA326, 0xA326, 0xA326, 0xA326, 0xA326, 0x72E8, 0x72E8, 0x72E8, 0x72E8, 0xA326, 0xA326,
  0xA326, 0xA326, 0x72E8, 0x72E8, 0xA326, 0xA326, 0x72E8, 0x72E8, 0x72E8, 0x72E8, 0xA326, 0xA326,
  0x72E8, 0x72E8, 0x72E8, 0x72E8, 0x72E8, 0x72E8, 0x72E8, 0x72E8, 0x72E8, 0x72E8, 0xA326, 0xA326,
  0xA326, 0xA326, 0x72E8, 0x72E8, 0x72E8, 0x72E8, 0x72E8, 0x72E8, 0xA326, 0xA326, 0xA326, 0xA326,
  0xA326, 0xA326, 0x72E8, 0x72E8, 0x72E8, 0x72E8, 0xA326, 0xA326, 0xA326, 0xA326, 0xA326, 0xA326,
  0x72E8, 0x72E8, 0xA326, 0xA326, 0xA326, 0xA326, 0x72E8, 0x72E8, 0x7225, 0x7225, 0x72E8, 0x72E8,
  0xA326, 0xA326, 0xA326, 0xA326, 0xA326, 0xA326, 0xA326, 0xA326, 0xA326, 0xA326, 0xA326, 0xA326,
  0xA326, 0xA326, 0xA326, 0xA326, 0x72E8, 0x72E8, 0xA326, 0xA326, 0xA326, 0xA326, 0xA326, 0xA326,
  0xA326, 0xA326, 0xA326, 0xA326, 0xA326, 0xA326, 0xA326, 0xA326, 0xA326, 0xA326, 0xA326, 0xA326,
  0x72E8, 0x72E8, 0x72E8, 0x72E8, 0xA326, 0xA326, 0xA326, 0xA326, 0xA326, 0xA326, 0xA326, 0xA326,
  0xA326, 0xA326, 0xA326, 0xA326, 0xA326, 0xA326, 0xA326, 0xA326, 0xA326, 0xA326, 0xA326, 0xA326,
  0xA326, 0xA326, 0xA326, 0xA326, 0xA326, 0xA326, 0x72E8, 0x72E8, 0x72E8, 0x72E8, 0xA326, 0xA326,
  0xA326, 0xA326, 0xA326, 0xA326, 0x72E8, 0x72E8, 0x72E8, 0x72E8, 0xA326, 0xA326, 0xA326, 0xA326,
  0x72E8, 0x72E8, 0xA326, 0xA326, 0x72E8, 0x72E8, 0xA326, 0xA326, 0xA326, 0xA326, 0x72E8, 0x72E8,
  0x7225, 0x7225, 0x5A88, 0x5A88, 0x6CB0, 0x6CB0, 0x8593, 0x8593, 0x8593, 0x8593, 0x8593, 0x8593,
  0x8593, 0x8593, 0x8593, 0x8593, 0x8593, 0x8593, 0xD5F3, 0xD5F3, 0xD5F3, 0xD5F3, 0xD5F3, 0xD5F3,
  0xD5F3, 0xD5F3, 0xD5F3, 0xD5F3, 0xE50A, 0xE50A, 0xD5F3, 0xD5F3, 0xD5F3, 0xD5F3, 0xD5F3, 0xD5F3,
  0xD5F3, 0xD5F3, 0xD5F3, 0xD5F3, 0x8593, 0x8593, 0x8593, 0x8593, 0x8593, 0x8593, 0x8593, 0x8593,
  0x8593, 0x8593, 0x6CB0, 0x6CB0, 0x5A88, 0x5A88, 0x5A88, 0x5A88, 0x7225, 0x7225, 0xA326, 0xA326,
  0xA326, 0xA326, 0xA326, 0xA326, 0xA326, 0xA326, 0xA326, 0xA326, 0x72E8, 0x72E8, 0x72E8, 0x72E8,
  0xA326, 0xA326, 0xA326, 0xA326, 0xA326, 0xA326, 0x72E8, 0x72E8, 0x72E8, 0x72E8, 0xA326, 0xA326,
  0xA326, 0xA326, 0x72E8, 0x72E8, 0xA326, 0xA326, 0x72E8, 0x72E8, 0x72E8, 0x72E8, 0xA326, 0xA326,
  0x72E8, 0x72E8, 0x72E8, 0x72E8, 0x72E8, 0x72E8, 0x72E8, 0x72E8, 0x72E8, 0x72E8, 0xA326, 0xA326,
  0xA326, 0xA326, 0x72E8, 0x72E8, 0x72E8, 0x72E8, 0x72E8, 0x72E8, 0xA326, 0xA326, 0xA326, 0xA326,
  0xA326, 0xA326, 0x72E8, 0x72E8, 0x72E8, 0x72E8, 0xA326, 0xA326, 0xA326, 0xA326, 0xA326, 0xA326,
  0x72E8, 0x72E8, 0xA326, 0xA326, 0xA326, 0xA326, 0x72E8, 0x72E8, 0x7225, 0x7225, 0x72E8, 0x72E8,
};

const uint8_t pet_totoro_bgMask[9600] PROGMEM={
  0x00FF, 0x00FF, 0x00FF, 0x00FF, 0x00FF, 0x00FF, 0x00FF, 0x00FF, 0x00FF, 0x00FF, 0x00FF, 0x00FF, 0x00FF, 0x00FF, 0x00FF, 0x00FF,
  0x00FF, 0x00FF, 0x00FF, 0x00FF, 0x00FF, 0x00FF, 0x00FF, 0x00FF, 0x00FF, 0x00FF, 0x00FF, 0x00FF, 0x00FF, 0x00FF, 0x00FF, 0x00FF,
  0x00FF, 0x00FF, 0x00FF, 0x00FF, 0x00FF, 0x00FF, 0x00FF, 0x00FF, 0x00FF, 0x00FF, 0x00FF, 0x00FF, 0x00FF, 0x00FF, 0x00FF, 0x00FF,
  0x00FF, 0x00FF, 0x00FF, 0x00FF, 0x00FF, 0x00FF, 0x00FF, 0x00FF, 0x00FF, 0x00FF, 0x00FF, 0x00FF, 0x00FF, 0x00FF, 0x00FF, 0x00FF,
  0x00FF, 0x00FF, 0x00FF, 0x00FF, 0x00FF, 0x00FF, 0x00FF, 0x00FF, 0x00FF, 0x00FF, 0x00FF, 0x00FF, 0x00FF, 0x00FF, 0x00FF, 0x00FF,
  0x00FF, 0x00FF, 0x00FF, 0x00FF, 0x00FF, 0x00FF, 0x00FF, 0x00FF, 0x00FF, 0x00FF, 0x00FF, 0x00FF, 0x00FF, 0x00FF, 0x00FF, 0x00FF,
  0x00FF, 0x00FF, 0x00FF, 0x00FF, 0x00FF, 0x00FF, 0x00FF, 0x00FF, 0x00FF, 0x00FF, 0x00FF, 0x00FF, 0x00FF, 0x00FF, 0x00FF, 0x00FF,
  0x00FF, 0x00FF, 0x00FF, 0x00FF, 0x00FF, 0x00FF, 0x00FF, 0x00FF, 0x00FF, 0x00FF, 0x00FF, 0x00FF, 0x00FF, 0x00FF, 0x00FF, 0x00FF,
  0x00FF, 0x00FF, 0x00FF, 0x00FF, 0x00FF, 0x00FF, 0x00FF, 0x00FF, 0x00FF, 0x00FF, 0x00FF, 0x00FF, 0x00FF, 0x00FF, 0x00FF, 0x00FF,
  0x00FF, 0x00FF, 0x00FF, 0x00FF, 0x00FF, 0x00FF, 0x00FF, 0x00FF, 0x00FF, 0x00FF, 0x00FF, 0x00FF, 0x00FF, 0x00FF, 0x00FF, 0x00FF,
  0x00FF, 0x00FF, 0x00FF, 0x00FF, 0x00FF, 0x00FF, 0x00FF, 0x00FF, 0x00FF, 0x00FF, 0x00FF, 0x00FF, 0x00FF, 0x00FF, 0x00FF, 0x00FF,
  0x00FF, 0x00FF, 0x00FF, 0x00FF, 0x00FF, 0x00FF, 0x00FF, 0x00FF, 0x00FF, 0x00FF, 0x00FF, 0x00FF, 0x00FF, 0x00FF, 0x00FF, 0x00FF,
  0x00FF, 0x00FF, 0x00FF, 0x00FF, 0x00FF, 0x00FF, 0x00FF, 0x00FF, 0x00FF, 0x00FF, 0x00FF, 0x00FF, 0x00FF, 0x00FF, 0x00FF, 0x00FF,
  0x00FF, 0x00FF, 0x00FF, 0x00FF, 0x00FF, 0x00FF, 0x00FF, 0x00FF, 0x00FF, 0x00FF, 0x00FF, 0x00FF, 0x00FF, 0x00FF, 0x00FF, 0x00FF,
  0x00FF, 0x00FF, 0x00FF, 0x00FF, 0x00FF, 0x00FF, 0x00FF, 0x00FF, 0x00FF, 0x00FF, 0x00FF, 0x00FF, 0x00FF, 0x00FF, 0x00FF, 0x00FF,
  0x00FF, 0x00FF, 0x00FF, 0x00FF, 0x00FF, 0x00FF, 0x00FF, 0x00FF, 0x00FF, 0x00FF, 0x00FF, 0x00FF, 0x00FF, 0x00FF, 0x00FF, 0x00FF,
  0x00FF, 0x00FF, 0x00FF, 0x00FF, 0x00FF, 0x00FF, 0x00FF, 0x00FF, 0x00FF, 0x00FF, 0x00FF, 0x00FF, 0x00FF, 0x00FF, 0x00FF, 0x00FF,
  0x00FF, 0x00FF, 0x00FF, 0x00FF, 0x00FF, 0x00FF, 0x00FF, 0x00FF, 0x00FF, 0x00FF, 0x00FF, 0x00FF, 0x00FF, 0x00FF, 0x00FF, 0x00FF,
  0x00FF, 0x00FF, 0x00FF, 0x00FF, 0x00FF, 0x00FF, 0x00FF, 0x00FF, 0x00FF, 0x00FF, 0x00FF, 0x00FF, 0x00FF, 0x00FF, 0x00FF, 0x00FF,
  0x00FF, 0x00FF, 0x00FF, 0x00FF, 0x00FF, 0x00FF, 0x00FF, 0x00FF, 0x00FF, 0x00FF, 0x00FF, 0x00FF, 0x00FF, 0x00FF, 0x00FF, 0x00FF,
  0x00FF, 0x00FF, 0x00FF, 0x00FF, 0x00FF, 0x00FF, 0x00FF, 0x00FF, 0x00FF, 0x00FF, 0x00FF, 0x00FF, 0x00FF, 0x00FF, 0x00FF, 0x00FF,
  0x00FF, 0x00FF, 0x00FF, 0x00FF, 0x00FF, 0x00FF, 0x00FF, 0x00FF, 0x00FF, 0x00FF, 0x00FF, 0x00FF, 0x00FF, 0x00FF, 0x00FF, 0x00FF,
  0x00FF, 0x00FF, 0x00FF, 0x00FF, 0x00FF, 0x00FF, 0x00FF, 0x00FF, 0x00FF, 0x00FF, 0x00FF, 0x00FF, 0x00FF, 0x00FF, 0x00FF, 0x00FF,
  0x00FF, 0x00FF, 0x00FF, 0x00FF, 0x00FF, 0x00FF, 0x00FF, 0x00FF, 0x00FF, 0x00FF, 0x00FF, 0x00FF, 0x00FF, 0x00FF, 0x00FF, 0x00FF,
  0x00FF, 0x00FF, 0x00FF, 0x00FF, 0x00FF, 0x00FF, 0x00FF, 0x00FF, 0x00FF, 0x00FF, 0x00FF, 0x00FF, 0x00FF, 0x00FF, 0x00FF, 0x00FF,
  0x00FF, 0x00FF, 0x00FF, 0x00FF, 0x00FF, 0x00FF, 0x00FF, 0x00FF, 0x00FF, 0x00FF, 0x00FF, 0x00FF, 0x00FF, 0x00FF, 0x00FF, 0x00FF,
  0x00FF, 0x00FF, 0x00FF, 0x00FF, 0x00FF, 0x00FF, 0x00FF, 0x00FF, 0x00FF, 0x00FF, 0x00FF, 0x00FF, 0x00FF, 0x00FF, 0x00FF, 0x00FF,
  0x00FF, 0x00FF, 0x00FF, 0x00FF, 0x00FF, 0x00FF, 0x00FF, 0x00FF, 0x00FF, 0x00FF, 0x00FF, 0x00FF, 0x00FF, 0x00FF, 0x00FF, 0x00FF,
  0x00FF, 0x00FF, 0x00FF, 0x00FF, 0x00FF, 0x00FF, 0x00FF, 0x00FF, 0x00FF, 0x00FF, 0x00FF, 0x00FF, 0x00FF, 0x00FF, 0x00FF, 0x00FF,
  0x00FF, 0x00FF, 0x00FF, 0x00FF, 0x00FF, 0x00FF, 0x00FF, 0x00FF, 0x00FF, 0x00FF, 0x00FF, 0x00FF, 0x00FF, 0x00FF, 0x00FF, 0x00FF,
  0x00FF, 0x00FF, 0x00FF, 0x00FF, 0x00FF, 0x00FF, 0x00FF, 0x00FF, 0x00FF, 0x00FF, 0x00FF, 0x00FF, 0x00FF, 0x00FF, 0x00FF, 0x00FF,
  0x00FF, 0x00FF, 0x00FF, 0x00FF, 0x00FF, 0x00FF, 0x00FF, 0x00FF, 0x00FF, 0x00FF, 0x00FF, 0x00FF, 0x00FF, 0x00FF, 0x00FF, 0x00FF,
  0x00FF, 0x00FF, 0x00FF, 0x00FF, 0x00FF, 0x00FF, 0x00FF, 0x00FF, 0x00FF, 0x00FF, 0x00FF, 0x00FF, 0x00FF, 0x00FF, 0x00FF, 0x00FF,
  0x00FF, 0x00FF, 0x00FF, 0x00FF, 0x00FF, 0x00FF, 0x00FF, 0x00FF, 0x00FF, 0x00FF, 0x00FF, 0x00FF, 0x00FF, 0x00FF, 0x00FF, 0x00FF,
  0x00FF, 0x00FF, 0x00FF, 0x00FF, 0x00FF, 0x00FF, 0x00FF, 0x00FF, 0x00FF, 0x00FF, 0x00FF, 0x00FF, 0x00FF, 0x00FF, 0x00FF, 0x00FF,
  0x00FF, 0x00FF, 0x00FF, 0x00FF, 0x00FF, 0x00FF, 0x00FF, 0x00FF, 0x00FF, 0x00FF, 0x00FF, 0x00FF, 0x00FF, 0x00FF, 0x00FF, 0x00FF,
  0x00FF, 0x00FF, 0x00FF, 0x00FF, 0x00FF, 0x00FF, 0x00FF, 0x00FF, 0x00FF, 0x00FF, 0x00FF, 0x00FF, 0x00FF, 0x00FF, 0x00FF, 0x00FF,
  0x00FF, 0x00FF, 0x00FF, 0x00FF, 0x00FF, 0x00FF, 0x00FF, 0x00FF, 0x00FF, 0x00FF, 0x00FF, 0x00FF, 0x00FF, 0x00FF, 0x00FF, 0x00FF,
  0x00FF, 0x00FF, 0x00FF, 0x00FF, 0x00FF, 0x00FF, 0x00FF, 0x00FF, 0x00FF, 0x00FF, 0x00FF, 0x00FF, 0x00FF, 0x00FF, 0x00FF, 0x00FF,
  0x00FF, 0x00FF, 0x00FF, 0x00FF, 0x00FF, 0x00FF, 0x00FF, 0x00FF, 0x00FF, 0x00FF, 0x00FF, 0x00FF, 0x00FF, 0x00FF, 0x00FF, 0x00FF,
  0x00FF, 0x00FF, 0x00FF, 0x00FF, 0x00FF, 0x00FF, 0x00FF, 0x00FF, 0x00FF, 0x00FF, 0x00FF, 0x00FF, 0x00FF, 0x00FF, 0x00FF, 0x00FF,
  0x00FF, 0x00FF, 0x00FF, 0x00FF, 0x00FF, 0x00FF, 0x00FF, 0x00FF, 0x00FF, 0x00FF, 0x00FF, 0x00FF, 0x00FF, 0x00FF, 0x00FF, 0x00FF,
  0x00FF, 0x00FF, 0x00FF, 0x00FF, 0x00FF, 0x00FF, 0x00FF, 0x00FF, 0x00FF, 0x00FF, 0x00FF, 0x00FF, 0x00FF, 0x00FF, 0x00FF, 0x00FF,
  0x00FF, 0x00FF, 0x00FF, 0x00FF, 0x00FF, 0x00FF, 0x00FF, 0x00FF, 0x00FF, 0x00FF, 0x00FF, 0x00FF, 0x00FF, 0x00FF, 0x00FF, 0x00FF,
  0x00FF, 0x00FF, 0x00FF, 0x00FF, 0x00FF, 0x00FF, 0x00FF, 0x00FF, 0x00FF, 0x00FF, 0x00FF, 0x00FF, 0x00FF, 0x00FF, 0x00FF, 0x00FF,
  0x00FF, 0x00FF, 0x00FF, 0x00FF, 0x00FF, 0x00FF, 0x00FF, 0x00FF, 0x00FF, 0x00FF, 0x00FF, 0x00FF, 0x00FF, 0x00FF, 0x00FF, 0x00FF,
  0x00FF, 0x00FF, 0x00FF, 0x00FF, 0x00FF, 0x00FF, 0x00FF, 0x00FF, 0x00FF, 0x00FF, 0x00FF, 0x00FF, 0x00FF, 0x00FF, 0x00FF, 0x00FF,
  0x00FF, 0x00FF, 0x00FF, 0x00FF, 0x00FF, 0x00FF, 0x00FF, 0x00FF, 0x00FF, 0x00FF, 0x00FF, 0x00FF, 0x00FF, 0x00FF, 0x00FF, 0x00FF,
  0x00FF, 0x00FF, 0x00FF, 0x00FF, 0x00FF, 0x00FF, 0x00FF, 0x00FF, 0x00FF, 0x00FF, 0x00FF, 0x00FF, 0x00FF, 0x00FF, 0x00FF, 0x00FF,
  0x00FF, 0x00FF, 0x00FF, 0x00FF, 0x00FF, 0x00FF, 0x00FF, 0x00FF, 0x00FF, 0x00FF, 0x00FF, 0x00FF, 0x00FF, 0x00FF, 0x00FF, 0x00FF,
  0x00FF, 0x00FF, 0x00FF, 0x00FF, 0x00FF, 0x00FF, 0x00FF, 0x00FF, 0x00FF, 0x00FF, 0x00FF, 0x00FF, 0x00FF, 0x00FF, 0x00FF, 0x00FF,
  0x00FF, 0x00FF, 0x00FF, 0x00FF, 0x00FF, 0x00FF, 0x00FF, 0x00FF, 0x00FF, 0x00FF, 0x00FF, 0x00FF, 0x00FF, 0x00FF, 0x00FF, 0x00FF,
  0x00FF, 0x00FF, 0x00FF, 0x00FF, 0x00FF, 0x00FF, 0x00FF, 0x00FF, 0x00FF, 0x00FF, 0x00FF, 0x00FF, 0x00FF, 0x00FF, 0x00FF, 0x00FF,
  0x00FF, 0x00FF, 0x00FF, 0x00FF, 0x00FF, 0x00FF, 0x00FF, 0x00FF, 0x00FF, 0x00FF, 0x00FF, 0x00FF, 0x00FF, 0x00FF, 0x00FF, 0x00FF,
  0x00FF, 0x00FF, 0x00FF, 0x00FF, 0x00FF, 0x00FF, 0x00FF, 0x00FF, 0x00FF, 0x00FF, 0x00FF, 0x00FF, 0x00FF, 0x00FF, 0x00FF, 0x00FF,
  0x00FF, 0x00FF, 0x00FF, 0x00FF, 0x00FF, 0x00FF, 0x00FF, 0x00FF, 0x00FF, 0x00FF, 0x00FF, 0x00FF, 0x00FF, 0x00FF, 0x00FF, 0x00FF,
  0x00FF, 0x00FF, 0x00FF, 0x00FF, 0x00FF, 0x00FF, 0x00FF, 0x00FF, 0x00FF, 0x00FF, 0x00FF, 0x00FF, 0x00FF, 0x00FF, 0x00FF, 0x00FF,
  0x00FF, 0x00FF, 0x00FF, 0x00FF, 0x00FF, 0x00FF, 0x00FF, 0x00FF, 0x00FF, 0x00FF, 0x00FF, 0x00FF, 0x00FF, 0x00FF, 0x00FF, 0x00FF,
  0x00FF, 0x00FF, 0x00FF, 0x00FF, 0x00FF, 0x00FF, 0x00FF, 0x00FF, 0x00FF, 0x00FF, 0x00FF, 0x00FF, 0x00FF, 0x00FF, 0x00FF, 0x00FF,
  0x00FF, 0x00FF, 0x00FF, 0x00FF, 0x00FF, 0x00FF, 0x00FF, 0x00FF, 0x00FF, 0x00FF, 0x00FF, 0x00FF, 0x00FF, 0x00FF, 0x00FF, 0x00FF,
  0x00FF, 0x00FF, 0x00FF, 0x00FF, 0x00FF, 0x00FF, 0x00FF, 0x00FF, 0x00FF, 0x00FF, 0x00FF, 0x00FF, 0x00FF, 0x00FF, 0x00FF, 0x00FF,
  0x00FF, 0x00FF, 0x00FF, 0x00FF, 0x00FF, 0x00FF, 0x00FF, 0x00FF, 0x00FF, 0x00FF, 0x00FF, 0x00FF, 0x00FF, 0x00FF, 0x00FF, 0x00FF,
  0x00FF, 0x00FF, 0x00FF, 0x00FF, 0x00FF, 0x00FF, 0x00FF, 0x00FF, 0x00FF, 0x00FF, 0x00FF, 0x00FF, 0x00FF, 0x00FF, 0x00FF, 0x00FF,
  0x00FF, 0x00FF, 0x00FF, 0x00FF, 0x00FF, 0x00FF, 0x00FF, 0x00FF, 0x00FF, 0x00FF, 0x00FF, 0x00FF, 0x00FF, 0x00FF, 0x00FF, 0x00FF,
  0x00FF, 0x00FF, 0x00FF, 0x00FF, 0x00FF, 0x00FF, 0x00FF, 0x00FF, 0x00FF, 0x00FF, 0x00FF, 0x00FF, 0x00FF, 0x00FF, 0x00FF, 0x00FF,
  0x00FF, 0x00FF, 0x00FF, 0x00FF, 0x00FF, 0x00FF, 0x00FF, 0x00FF, 0x00FF, 0x00FF, 0x00FF, 0x00FF, 0x00FF, 0x00FF, 0x00FF, 0x00FF,
  0x00FF, 0x00FF, 0x00FF, 0x00FF, 0x00FF, 0x00FF, 0x00FF, 0x00FF, 0x00FF, 0x00FF, 0x00FF, 0x00FF, 0x00FF, 0x00FF, 0x00FF, 0x00FF,
  0x00FF, 0x00FF, 0x00FF, 0x00FF, 0x00FF, 0x00FF, 0x00FF, 0x00FF, 0x00FF, 0x00FF, 0x00FF, 0x00FF, 0x00FF, 0x00FF, 0x00FF, 0x00FF,
  0x00FF, 0x00FF, 0x00FF, 0x00FF, 0x00FF, 0x00FF, 0x00FF, 0x00FF, 0x00FF, 0x00FF, 0x00FF, 0x00FF, 0x00FF, 0x00FF, 0x00FF, 0x00FF,
  0x00FF, 0x00FF, 0x00FF, 0x00FF, 0x00FF, 0x00FF, 0x00FF, 0x00FF, 0x00FF, 0x00FF, 0x00FF, 0x00FF, 0x00FF, 0x00FF, 0x00FF, 0x00FF,
  0x00FF, 0x00FF, 0x00FF, 0x00FF, 0x00FF, 0x00FF, 0x00FF, 0x00FF, 0x00FF, 0x00FF, 0x00FF, 0x00FF, 0x00FF, 0x00FF, 0x00FF, 0x00FF,
  0x00FF, 0x00FF, 0x00FF, 0x00FF, 0x00FF, 0x00FF, 0x00FF, 0x00FF, 0x00FF, 0x00FF, 0x00FF, 0x00FF, 0x00FF, 0x00FF, 0x00FF, 0x00FF,
  0x00FF, 0x00FF, 0x00FF, 0x00FF, 0x00FF, 0x00FF, 0x00FF, 0x00FF, 0x00FF, 0x00FF, 0x00FF, 0x00FF, 0x00FF, 0x00FF, 0x00FF, 0x00FF,
  0x00FF, 0x00FF, 0x00FF, 0x00FF, 0x00FF, 0x00FF, 0x00FF, 0x00FF, 0x00FF, 0x00FF, 0x00FF, 0x00FF, 0x00FF, 0x00FF, 0x00FF, 0x00FF,
  0x00FF, 0x00FF, 0x00FF, 0x00FF, 0x00FF, 0x00FF, 0x00FF, 0x00FF, 0x00FF, 0x00FF, 0x00FF, 0x00FF, 0x00FF, 0x00FF, 0x00FF, 0x00FF,
  0x00FF, 0x00FF, 0x00FF, 0x00FF, 0x00FF, 0x00FF, 0x00FF, 0x00FF, 0x00FF, 0x00FF, 0x00FF, 0x00FF, 0x00FF, 0x00FF, 0x00FF, 0x00FF,
  0x00FF, 0x00FF, 0x00FF, 0x00FF, 0x00FF, 0x00FF, 0x00FF, 0x00FF, 0x00FF, 0x00FF, 0x00FF, 0x00FF, 0x00FF, 0x00FF, 0x00FF, 0x00FF,
  0x00FF, 0x00FF, 0x00FF, 0x00FF, 0x00FF, 0x00FF, 0x00FF, 0x00FF, 0x00FF, 0x00FF, 0x00FF, 0x00FF, 0x00FF, 0x00FF, 0x00FF, 0x00FF,
  0x00FF, 0x00FF, 0x00FF, 0x00FF, 0x00FF, 0x00FF, 0x00FF, 0x00FF, 0x00FF, 0x00FF, 0x00FF, 0x00FF, 0x00FF, 0x00FF, 0x00FF, 0x00FF,
  0x00FF, 0x00FF, 0x00FF, 0x00FF, 0x00FF, 0x00FF, 0x00FF, 0x00FF, 0x00FF, 0x00FF, 0x00FF, 0x00FF, 0x00FF, 0x00FF, 0x00FF, 0x00FF,
  0x00FF, 0x00FF, 0x00FF, 0x00FF, 0x00FF, 0x00FF, 0x00FF, 0x00FF, 0x00FF, 0x00FF, 0x00FF, 0x00FF, 0x00FF, 0x00FF, 0x00FF, 0x00FF,
  0x00FF, 0x00FF, 0x00FF, 0x00FF, 0x00FF, 0x00FF, 0x00FF, 0x00FF, 0x00FF, 0x00FF, 0x00FF, 0x00FF, 0x00FF, 0x00FF, 0x00FF, 0x00FF,
  0x00FF, 0x00FF, 0x00FF, 0x00FF, 0x00FF, 0x00FF, 0x00FF, 0x00FF, 0x00FF, 0x00FF, 0x00FF, 0x00FF, 0x00FF, 0x00FF, 0x00FF, 0x00FF,
  0x00FF, 0x00FF, 0x00FF, 0x00FF, 0x00FF, 0x00FF, 0x00FF, 0x00FF, 0x00FF, 0x00FF, 0x00FF, 0x00FF, 0x00FF, 0x00FF, 0x00FF, 0x00FF,
  0x00FF, 0x00FF, 0x00FF, 0x00FF, 0x00FF, 0x00FF, 0x00FF, 0x00FF, 0x00FF, 0x00FF, 0x00FF, 0x00FF, 0x00FF, 0x00FF, 0x00FF, 0x00FF,
  0x00FF, 0x00FF, 0x00FF, 0x00FF, 0x00FF, 0x00FF, 0x00FF, 0x00FF, 0x00FF, 0x00FF, 0x00FF, 0x00FF, 0x00FF, 0x00FF, 0x00FF, 0x00FF,
  0x00FF, 0x00FF, 0x00FF, 0x00FF, 0x00FF, 0x00FF, 0x00FF, 0x00FF, 0x00FF, 0x00FF, 0x00FF, 0x00FF, 0x00FF, 0x00FF, 0x00FF, 0x00FF,
  0x00FF, 0x00FF, 0x00FF, 0x00FF, 0x00FF, 0x00FF, 0x00FF, 0x00FF, 0x00FF, 0x00FF, 0x00FF, 0x00FF, 0x00FF, 0x00FF, 0x00FF, 0x00FF,
  0x00FF, 0x00FF, 0x00FF, 0x00FF, 0x00FF, 0x00FF, 0x00FF, 0x00FF, 0x00FF, 0x00FF, 0x00FF, 0x00FF, 0x00FF, 0x00FF, 0x00FF, 0x00FF,
  0x00FF, 0x00FF, 0x00FF, 0x00FF, 0x00FF, 0x00FF, 0x00FF, 0x00FF, 0x00FF, 0x00FF, 0x00FF, 0x00FF, 0x00FF, 0x00FF, 0x00FF, 0x00FF,
  0x00FF, 0x00FF, 0x00FF, 0x00FF, 0x00FF, 0x00FF, 0x00FF, 0x00FF, 0x00FF, 0x00FF, 0x00FF, 0x00FF, 0x00FF, 0x00FF, 0x00FF, 0x00FF,
  0x00FF, 0x00FF, 0x00FF, 0x00FF, 0x00FF, 0x00FF, 0x00FF, 0x00FF, 0x00FF, 0x00FF, 0x00FF, 0x00FF, 0x00FF, 0x00FF, 0x00FF, 0x00FF,
  0x00FF, 0x00FF, 0x00FF, 0x00FF, 0x00FF, 0x00FF, 0x00FF, 0x00FF, 0x00FF, 0x00FF, 0x00FF, 0x00FF, 0x00FF, 0x00FF, 0x00FF, 0x00FF,
  0x00FF, 0x00FF, 0x00FF, 0x00FF, 0x00FF, 0x00FF, 0x00FF, 0x00FF, 0x00FF, 0x00FF, 0x00FF, 0x00FF, 0x00FF, 0x00FF, 0x00FF, 0x00FF,
  0x00FF, 0x00FF, 0x00FF, 0x00FF, 0x00FF, 0x00FF, 0x00FF, 0x00FF, 0x00FF, 0x00FF, 0x00FF, 0x00FF, 0x00FF, 0x00FF, 0x00FF, 0x00FF,
  0x00FF, 0x00FF, 0x00FF, 0x00FF, 0x00FF, 0x00FF, 0x00FF, 0x00FF, 0x00FF, 0x00FF, 0x00FF, 0x00FF, 0x00FF, 0x00FF, 0x00FF, 0x00FF,
  0x00FF, 0x00FF, 0x00FF, 0x00FF, 0x00FF, 0x00FF, 0x00FF, 0x00FF, 0x00FF, 0x00FF, 0x00FF, 0x00FF, 0x00FF, 0x00FF, 0x00FF, 0x00FF,
  0x00FF, 0x00FF, 0x00FF, 0x00FF, 0x00FF, 0x00FF, 0x00FF, 0x00FF, 0x00FF, 0x00FF, 0x00FF, 0x00FF, 0x00FF, 0x00FF, 0x00FF, 0x00FF,
  0x00FF, 0x00FF, 0x00FF, 0x00FF, 0x00FF, 0x00FF, 0x00FF, 0x00FF, 0x00FF, 0x00FF, 0x00FF, 0x00FF, 0x00FF, 0x00FF, 0x00FF, 0x00FF,
  0x00FF, 0x00FF, 0x00FF, 0x00FF, 0x00FF, 0x00FF, 0x00FF, 0x00FF, 0x00FF, 0x00FF, 0x00FF, 0x00FF, 0x00FF, 0x00FF, 0x00FF, 0x00FF,
  0x00FF, 0x00FF, 0x00FF, 0x00FF, 0x00FF, 0x00FF, 0x00FF, 0x00FF, 0x00FF, 0x00FF, 0x00FF, 0x00FF, 0x00FF, 0x00FF, 0x00FF, 0x00FF,
  0x00FF, 0x00FF, 0x00FF, 0x00FF, 0x00FF, 0x00FF, 0x00FF, 0x00FF, 0x00FF, 0x00FF, 0x00FF, 0x00FF, 0x00FF, 0x00FF, 0x00FF, 0x00FF,
  0x00FF, 0x00FF, 0x00FF, 0x00FF, 0x00FF, 0x00FF, 0x00FF, 0x00FF, 0x00FF, 0x00FF, 0x00FF, 0x00FF, 0x00FF, 0x00FF, 0x00FF, 0x00FF,
  0x00FF, 0x00FF, 0x00FF, 0x00FF, 0x00FF, 0x00FF, 0x00FF, 0x00FF, 0x00FF, 0x00FF, 0x00FF, 0x00FF, 0x00FF, 0x00FF, 0x00FF, 0x00FF,
  0x00FF, 0x00FF, 0x00FF, 0x00FF, 0x00FF, 0x00FF, 0x00FF, 0x00FF, 0x00FF, 0x00FF, 0x00FF, 0x00FF, 0x00FF, 0x00FF, 0x00FF, 0x00FF,
  0x00FF, 0x00FF, 0x00FF, 0x00FF, 0x00FF, 0x00FF, 0x00FF, 0x00FF, 0x00FF, 0x00FF, 0x00FF, 0x00FF, 0x00FF, 0x00FF, 0x00FF, 0x00FF,
  0x00FF, 0x00FF, 0x00FF, 0x00FF, 0x00FF, 0x00FF, 0x00FF, 0x00FF, 0x00FF, 0x00FF, 0x00FF, 0x00FF, 0x00FF, 0x00FF, 0x00FF, 0x00FF,
  0x00FF, 0x00FF, 0x00FF, 0x00FF, 0x00FF, 0x00FF, 0x00FF, 0x00FF, 0x00FF, 0x00FF, 0x00FF, 0x00FF, 0x00FF, 0x00FF, 0x00FF, 0x00FF,
  0x00FF, 0x00FF, 0x00FF, 0x00FF, 0x00FF, 0x00FF, 0x00FF, 0x00FF, 0x00FF, 0x00FF, 0x00FF, 0x00FF, 0x00FF, 0x00FF, 0x00FF, 0x00FF,
  0x00FF, 0x00FF, 0x00FF, 0x00FF, 0x00FF, 0x00FF, 0x00FF, 0x00FF, 0x00FF, 0x00FF, 0x00FF, 0x00FF, 0x00FF, 0x00FF, 0x00FF, 0x00FF,
  0x00FF, 0x00FF, 0x00FF, 0x00FF, 0x00FF, 0x00FF, 0x00FF, 0x00FF, 0x00FF, 0x00FF, 0x00FF, 0x00FF, 0x00FF, 0x00FF, 0x00FF, 0x00FF,
  0x00FF, 0x00FF, 0x00FF, 0x00FF, 0x00FF, 0x00FF, 0x00FF, 0x00FF, 0x00FF, 0x00FF, 0x00FF, 0x00FF, 0x00FF, 0x00FF, 0x00FF, 0x00FF,
  0x00FF, 0x00FF, 0x00FF, 0x00FF, 0x00FF, 0x00FF, 0x00FF, 0x00FF, 0x00FF, 0x00FF, 0x00FF, 0x00FF, 0x00FF, 0x00FF, 0x00FF, 0x00FF,
  0x00FF, 0x00FF, 0x00FF, 0x00FF, 0x00FF, 0x00FF, 0x00FF, 0x00FF, 0x00FF, 0x00FF, 0x00FF, 0x00FF, 0x00FF, 0x00FF, 0x00FF, 0x00FF,
  0x00FF, 0x00FF, 0x00FF, 0x00FF, 0x00FF, 0x00FF, 0x00FF, 0x00FF, 0x00FF, 0x00FF, 0x00FF, 0x00FF, 0x00FF, 0x00FF, 0x00FF, 0x00FF,
  0x00FF, 0x00FF, 0x00FF, 0x00FF, 0x00FF, 0x00FF, 0x00FF, 0x00FF, 0x00FF, 0x00FF, 0x00FF, 0x00FF, 0x00FF, 0x00FF, 0x00FF, 0x00FF,
  0x00FF, 0x00FF, 0x00FF, 0x00FF, 0x00FF, 0x00FF, 0x00FF, 0x00FF, 0x00FF, 0x00FF, 0x00FF, 0x00FF, 0x00FF, 0x00FF, 0x00FF, 0x00FF,
  0x00FF, 0x00FF, 0x00FF, 0x00FF, 0x00FF, 0x00FF, 0x00FF, 0x00FF, 0x00FF, 0x00FF, 0x00FF, 0x00FF, 0x00FF, 0x00FF, 0x00FF, 0x00FF,
  0x00FF, 0x00FF, 0x00FF, 0x00FF, 0x00FF, 0x00FF, 0x00FF, 0x00FF, 0x00FF, 0x00FF, 0x00FF, 0x00FF, 0x00FF, 0x00FF, 0x00FF, 0x00FF,
  0x00FF, 0x00FF, 0x00FF, 0x00FF, 0x00FF, 0x00FF, 0x00FF, 0x00FF, 0x00FF, 0x00FF, 0x00FF, 0x00FF, 0x00FF, 0x00FF, 0x00FF, 0x00FF,
  0x00FF, 0x00FF, 0x00FF, 0x00FF, 0x00FF, 0x00FF, 0x00FF, 0x00FF, 0x00FF, 0x00FF, 0x00FF, 0x00FF, 0x00FF, 0x00FF, 0x00FF, 0x00FF,
  0x00FF, 0x00FF, 0x00FF, 0x00FF, 0x00FF, 0x00FF, 0x00FF, 0x00FF, 0x00FF, 0x00FF, 0x00FF, 0x00FF, 0x00FF, 0x00FF, 0x00FF, 0x00FF,
  0x00FF, 0x00FF, 0x00FF, 0x00FF, 0x00FF, 0x00FF, 0x00FF, 0x00FF, 0x00FF, 0x00FF, 0x00FF, 0x00FF, 0x00FF, 0x00FF, 0x00FF, 0x00FF,
  0x00FF, 0x00FF, 0x00FF, 0x00FF, 0x00FF, 0x00FF, 0x00FF, 0x00FF, 0x00FF, 0x00FF, 0x00FF, 0x00FF, 0x00FF, 0x00FF, 0x00FF, 0x00FF,
  0x00FF, 0x00FF, 0x00FF, 0x00FF, 0x00FF, 0x00FF, 0x00FF, 0x00FF, 0x00FF, 0x00FF, 0x00FF, 0x00FF, 0x00FF, 0x00FF, 0x00FF, 0x00FF,
  0x00FF, 0x00FF, 0x00FF, 0x00FF, 0x00FF, 0x00FF, 0x00FF, 0x00FF, 0x00FF, 0x00FF, 0x00FF, 0x00FF, 0x00FF, 0x00FF, 0x00FF, 0x00FF,
  0x00FF, 0x00FF, 0x00FF, 0x00FF, 0x00FF, 0x00FF, 0x00FF, 0x00FF, 0x00FF, 0x00FF, 0x00FF, 0x00FF, 0x00FF, 0x00FF, 0x00FF, 0x00FF,
  0x00FF, 0x00FF, 0x00FF, 0x00FF, 0x00FF, 0x00FF, 0x00FF, 0x00FF, 0x00FF, 0x00FF, 0x00FF, 0x00FF, 0x00FF, 0x00FF, 0x00FF, 0x00FF,
  0x00FF, 0x00FF, 0x00FF, 0x00FF, 0x00FF, 0x00FF, 0x00FF, 0x00FF, 0x00FF, 0x00FF, 0x00FF, 0x00FF, 0x00FF, 0x00FF, 0x00FF, 0x00FF,
  0x00FF, 0x00FF, 0x00FF, 0x00FF, 0x00FF, 0x00FF, 0x00FF, 0x00FF, 0x00FF, 0x00FF, 0x00FF, 0x00FF, 0x00FF, 0x00FF, 0x00FF, 0x00FF,
  0x00FF, 0x00FF, 0x00FF, 0x00FF, 0x00FF, 0x00FF, 0x00FF, 0x00FF, 0x00FF, 0x00FF, 0x00FF, 0x00FF, 0x00FF, 0x00FF, 0x00FF, 0x00FF,
  0x00FF, 0x00FF, 0x00FF, 0x00FF, 0x00FF, 0x00FF, 0x00FF, 0x00FF, 0x00FF, 0x00FF, 0x00FF, 0x00FF, 0x00FF, 0x00FF, 0x00FF, 0x00FF,
  0x00FF, 0x00FF, 0x00FF, 0x00FF, 0x00FF, 0x00FF, 0x00FF, 0x00FF, 0x00FF, 0x00FF, 0x00FF, 0x00FF, 0x00FF, 0x00FF, 0x00FF, 0x00FF,
  0x00FF, 0x00FF, 0x00FF, 0x00FF, 0x00FF, 0x00FF, 0x00FF, 0x00FF, 0x00FF, 0x00FF, 0x00FF, 0x00FF, 0x00FF, 0x00FF, 0x00FF, 0x00FF,
  0x00FF, 0x00FF, 0x00FF, 0x00FF, 0x00FF, 0x00FF, 0x00FF, 0x00FF, 0x00FF, 0x00FF, 0x00FF, 0x00FF, 0x00FF, 0x00FF, 0x00FF, 0x00FF,
  0x00FF, 0x00FF, 0x00FF, 0x00FF, 0x00FF, 0x00FF, 0x00FF, 0x00FF, 0x00FF, 0x00FF, 0x00FF, 0x00FF, 0x00FF, 0x00FF, 0x00FF, 0x00FF,
  0x00FF, 0x00FF, 0x00FF, 0x00FF, 0x00FF, 0x00FF, 0x00FF, 0x00FF, 0x00FF, 0x00FF, 0x00FF, 0x00FF, 0x00FF, 0x00FF, 0x00FF, 0x00FF,
  0x00FF, 0x00FF, 0x00FF, 0x00FF, 0x00FF, 0x00FF, 0x00FF, 0x00FF, 0x00FF, 0x00FF, 0x00FF, 0x00FF, 0x00FF, 0x00FF, 0x00FF, 0x00FF,
  0x00FF, 0x00FF, 0x00FF, 0x00FF, 0x00FF, 0x00FF, 0x00FF, 0x00FF, 0x00FF, 0x00FF, 0x00FF, 0x00FF, 0x00FF, 0x00FF, 0x00FF, 0x00FF,
  0x00FF, 0x00FF, 0x00FF, 0x00FF, 0x00FF, 0x00FF, 0x00FF, 0x00FF, 0x00FF, 0x00FF, 0x00FF, 0x00FF, 0x00FF, 0x00FF, 0x00FF, 0x00FF,
  0x00FF, 0x00FF, 0x00FF, 0x00FF, 0x00FF, 0x00FF, 0x00FF, 0x00FF, 0x00FF, 0x00FF, 0x00FF, 0x00FF, 0x00FF, 0x00FF, 0x00FF, 0x00FF,
  0x00FF, 0x00FF, 0x00FF, 0x00FF, 0x00FF, 0x00FF, 0x00FF, 0x00FF, 0x00FF, 0x00FF, 0x00FF, 0x00FF, 0x00FF, 0x00FF, 0x00FF, 0x00FF,
  0x00FF, 0x00FF, 0x00FF, 0x00FF, 0x00FF, 0x00FF, 0x00FF, 0x00FF, 0x00FF, 0x00FF, 0x00FF, 0x00FF, 0x00FF, 0x00FF, 0x00FF, 0x00FF,
  0x00FF, 0x00FF, 0x00FF, 0x00FF, 0x00FF, 0x00FF, 0x00FF, 0x00FF, 0x00FF, 0x00FF, 0x00FF, 0x00FF, 0x00FF, 0x00FF, 0x00FF, 0x00FF,
  0x00FF, 0x00FF, 0x00FF, 0x00FF, 0x00FF, 0x00FF, 0x00FF, 0x00FF, 0x00FF, 0x00FF, 0x00FF, 0x00FF, 0x00FF, 0x00FF, 0x00FF, 0x00FF,
  0x00FF, 0x00FF, 0x00FF, 0x00FF, 0x00FF, 0x00FF, 0x00FF, 0x00FF, 0x00FF, 0x00FF, 0x00FF, 0x00FF, 0x00FF, 0x00FF, 0x00FF, 0x00FF,
  0x00FF, 0x00FF, 0x00FF, 0x00FF, 0x00FF, 0x00FF, 0x00FF, 0x00FF, 0x00FF, 0x00FF, 0x00FF, 0x00FF, 0x00FF, 0x00FF, 0x00FF, 0x00FF,
  0x00FF, 0x00FF, 0x00FF, 0x00FF, 0x00FF, 0x00FF, 0x00FF, 0x00FF, 0x00FF, 0x00FF, 0x00FF, 0x00FF, 0x00FF, 0x00FF, 0x00FF, 0x00FF,
  0x00FF, 0x00FF, 0x00FF, 0x00FF, 0x00FF, 0x00FF, 0x00FF, 0x00FF, 0x00FF, 0x00FF, 0x00FF, 0x00FF, 0x00FF, 0x00FF, 0x00FF, 0x00FF,
  0x00FF, 0x00FF, 0x00FF, 0x00FF, 0x00FF, 0x00FF, 0x00FF, 0x00FF, 0x00FF, 0x00FF, 0x00FF, 0x00FF, 0x00FF, 0x00FF, 0x00FF, 0x00FF,
  0x00FF, 0x00FF, 0x00FF, 0x00FF, 0x00FF, 0x00FF, 0x00FF, 0x00FF, 0x00FF, 0x00FF, 0x00FF, 0x00FF, 0x00FF, 0x00FF, 0x00FF, 0x00FF,
  0x00FF, 0x00FF, 0x00FF, 0x00FF, 0x00FF, 0x00FF, 0x00FF, 0x00FF, 0x00FF, 0x00FF, 0x00FF, 0x00FF, 0x00FF, 0x00FF, 0x00FF, 0x00FF,
  0x00FF, 0x00FF, 0x00FF, 0x00FF, 0x00FF, 0x00FF, 0x00FF, 0x00FF, 0x00FF, 0x00FF, 0x00FF, 0x00FF, 0x00FF, 0x00FF, 0x00FF, 0x00FF,
  0x00FF, 0x00FF, 0x00FF, 0x00FF, 0x00FF, 0x00FF, 0x00FF, 0x00FF, 0x00FF, 0x00FF, 0x00FF, 0x00FF, 0x00FF, 0x00FF, 0x00FF, 0x00FF,
  0x00FF, 0x00FF, 0x00FF, 0x00FF, 0x00FF, 0x00FF, 0x00FF, 0x00FF, 0x00FF, 0x00FF, 0x00FF, 0x00FF, 0x00FF, 0x00FF, 0x00FF, 0x00FF,
  0x00FF, 0x00FF, 0x00FF, 0x00FF, 0x00FF, 0x00FF, 0x00FF, 0x00FF, 0x00FF, 0x00FF, 0x00FF, 0x00FF, 0x00FF, 0x00FF, 0x00FF, 0x00FF,
  0x00FF, 0x00FF, 0x00FF, 0x00FF, 0x00FF, 0x00FF, 0x00FF, 0x00FF, 0x00FF, 0x00FF, 0x00FF, 0x00FF, 0x00FF, 0x00FF, 0x00FF, 0x00FF,
  0x00FF, 0x00FF, 0x00FF, 0x00FF, 0x00FF, 0x00FF, 0x00FF, 0x00FF, 0x00FF, 0x00FF, 0x00FF, 0x00FF, 0x00FF, 0x00FF, 0x00FF, 0x00FF,
  0x00FF, 0x00FF, 0x00FF, 0x00FF, 0x00FF, 0x00FF, 0x00FF, 0x00FF, 0x00FF, 0x00FF, 0x00FF, 0x00FF, 0x00FF, 0x00FF, 0x00FF, 0x00FF,
  0x00FF, 0x00FF, 0x00FF, 0x00FF, 0x00FF, 0x00FF, 0x00FF, 0x00FF, 0x00FF, 0x00FF, 0x00FF, 0x00FF, 0x00FF, 0x00FF, 0x00FF, 0x00FF,
  0x00FF, 0x00FF, 0x00FF, 0x00FF, 0x00FF, 0x00FF, 0x00FF, 0x00FF, 0x00FF, 0x00FF, 0x00FF, 0x00FF, 0x00FF, 0x00FF, 0x00FF, 0x00FF,
  0x00FF, 0x00FF, 0x00FF, 0x00FF, 0x00FF, 0x00FF, 0x00FF, 0x00FF, 0x00FF, 0x00FF, 0x00FF, 0x00FF, 0x00FF, 0x00FF, 0x00FF, 0x00FF,
  0x00FF, 0x00FF, 0x00FF, 0x00FF, 0x00FF, 0x00FF, 0x00FF, 0x00FF, 0x00FF, 0x00FF, 0x00FF, 0x00FF, 0x00FF, 0x00FF, 0x00FF, 0x00FF,
  0x00FF, 0x00FF, 0x00FF, 0x00FF, 0x00FF, 0x00FF, 0x00FF, 0x00FF, 0x00FF, 0x00FF, 0x00FF, 0x00FF, 0x00FF, 0x00FF, 0x00FF, 0x00FF,
  0x00FF, 0x00FF, 0x00FF, 0x00FF, 0x00FF, 0x00FF, 0x00FF, 0x00FF, 0x00FF, 0x00FF, 0x00FF, 0x00FF, 0x00FF, 0x00FF, 0x00FF, 0x00FF,
  0x00FF, 0x00FF, 0x00FF, 0x00FF, 0x00FF, 0x00FF, 0x00FF, 0x00FF, 0x00FF, 0x00FF, 0x00FF, 0x00FF, 0x00FF, 0x00FF, 0x00FF, 0x00FF,
  0x00FF, 0x00FF, 0x00FF, 0x00FF, 0x00FF, 0x00FF, 0x00FF, 0x00FF, 0x00FF, 0x00FF, 0x00FF, 0x00FF, 0x00FF, 0x00FF, 0x00FF, 0x00FF,
  0x00FF, 0x00FF, 0x00FF, 0x00FF, 0x00FF, 0x00FF, 0x00FF, 0x00FF, 0x00FF, 0x00FF, 0x00FF, 0x00FF, 0x00FF, 0x00FF, 0x00FF, 0x00FF,
  0x00FF, 0x00FF, 0x00FF, 0x00FF, 0x00FF, 0x00FF, 0x00FF, 0x00FF, 0x00FF, 0x00FF, 0x00FF, 0x00FF, 0x00FF, 0x00FF, 0x00FF, 0x00FF,
  0x00FF, 0x00FF, 0x00FF, 0x00FF, 0x00FF, 0x00FF, 0x00FF, 0x00FF, 0x00FF, 0x00FF, 0x00FF, 0x00FF, 0x00FF, 0x00FF, 0x00FF, 0x00FF,
  0x00FF, 0x00FF, 0x00FF, 0x00FF, 0x00FF, 0x00FF, 0x00FF, 0x00FF, 0x00FF, 0x00FF, 0x00FF, 0x00FF, 0x00FF, 0x00FF, 0x00FF, 0x00FF,
  0x00FF, 0x00FF, 0x00FF, 0x00FF, 0x00FF, 0x00FF, 0x00FF, 0x00FF, 0x00FF, 0x00FF, 0x00FF, 0x00FF, 0x00FF, 0x00FF, 0x00FF, 0x00FF,
  0x00FF, 0x00FF, 0x00FF, 0x00FF, 0x00FF, 0x00FF, 0x00FF, 0x00FF, 0x00FF, 0x00FF, 0x00FF, 0x00FF, 0x00FF, 0x00FF, 0x00FF, 0x00FF,
  0x00FF, 0x00FF, 0x00FF, 0x00FF, 0x00FF, 0x00FF, 0x00FF, 0x00FF, 0x00FF, 0x00FF, 0x00FF, 0x00FF, 0x00FF, 0x00FF, 0x00FF, 0x00FF,
  0x00FF, 0x00FF, 0x00FF, 0x00FF, 0x00FF, 0x00FF, 0x00FF, 0x00FF, 0x00FF, 0x00FF, 0x00FF, 0x00FF, 0x00FF, 0x00FF, 0x00FF, 0x00FF,
  0x00FF, 0x00FF, 0x00FF, 0x00FF, 0x00FF, 0x00FF, 0x00FF, 0x00FF, 0x00FF, 0x00FF, 0x00FF, 0x00FF, 0x00FF, 0x00FF, 0x00FF, 0x00FF,
  0x00FF, 0x00FF, 0x00FF, 0x00FF, 0x00FF, 0x00FF, 0x00FF, 0x00FF, 0x00FF, 0x00FF, 0x00FF, 0x00FF, 0x00FF, 0x00FF, 0x00FF, 0x00FF,
  0x00FF, 0x00FF, 0x00FF, 0x00FF, 0x00FF, 0x00FF, 0x00FF, 0x00FF, 0x00FF, 0x00FF, 0x00FF, 0x00FF, 0x00FF, 0x00FF, 0x00FF, 0x00FF,
  0x00FF, 0x00FF, 0x00FF, 0x00FF, 0x00FF, 0x00FF, 0x00FF, 0x00FF, 0x00FF, 0x00FF, 0x00FF, 0x00FF, 0x00FF, 0x00FF, 0x00FF, 0x00FF,
  0x00FF, 0x00FF, 0x00FF, 0x00FF, 0x00FF, 0x00FF, 0x00FF, 0x00FF, 0x00FF, 0x00FF, 0x00FF, 0x00FF, 0x00FF, 0x00FF, 0x00FF, 0x00FF,
  0x00FF, 0x00FF, 0x00FF, 0x00FF, 0x00FF, 0x00FF, 0x00FF, 0x00FF, 0x00FF, 0x00FF, 0x00FF, 0x00FF, 0x00FF, 0x00FF, 0x00FF, 0x00FF,
  0x00FF, 0x00FF, 0x00FF, 0x00FF, 0x00FF, 0x00FF, 0x00FF, 0x00FF, 0x00FF, 0x00FF, 0x00FF, 0x00FF, 0x00FF, 0x00FF, 0x00FF, 0x00FF,
  0x00FF, 0x00FF, 0x00FF, 0x00FF, 0x00FF, 0x00FF, 0x00FF, 0x00FF, 0x00FF, 0x00FF, 0x00FF, 0x00FF, 0x00FF, 0x00FF, 0x00FF, 0x00FF,
  0x00FF, 0x00FF, 0x00FF, 0x00FF, 0x00FF, 0x00FF, 0x00FF, 0x00FF, 0x00FF, 0x00FF, 0x00FF, 0x00FF, 0x00FF, 0x00FF, 0x00FF, 0x00FF,
  0x00FF, 0x00FF, 0x00FF, 0x00FF, 0x00FF, 0x00FF, 0x00FF, 0x00FF, 0x00FF, 0x00FF, 0x00FF, 0x00FF, 0x00FF, 0x00FF, 0x00FF, 0x00FF,
  0x00FF, 0x00FF, 0x00FF, 0x00FF, 0x00FF, 0x00FF, 0x00FF, 0x00FF, 0x00FF, 0x00FF, 0x00FF, 0x00FF, 0x00FF, 0x00FF, 0x00FF, 0x00FF,
  0x00FF, 0x00FF, 0x00FF, 0x00FF, 0x00FF, 0x00FF, 0x00FF, 0x00FF, 0x00FF, 0x00FF, 0x00FF, 0x00FF, 0x00FF, 0x00FF, 0x00FF, 0x00FF,
  0x00FF, 0x00FF, 0x00FF, 0x00FF, 0x00FF, 0x00FF, 0x00FF, 0x00FF, 0x00FF, 0x00FF, 0x00FF, 0x00FF, 0x00FF, 0x00FF, 0x00FF, 0x00FF,
  0x00FF, 0x00FF, 0x00FF, 0x00FF, 0x00FF, 0x00FF, 0x00FF, 0x00FF, 0x00FF, 0x00FF, 0x00FF, 0x00FF, 0x00FF, 0x00FF, 0x00FF, 0x00FF,
  0x00FF, 0x00FF, 0x00FF, 0x00FF, 0x00FF, 0x00FF, 0x00FF, 0x00FF, 0x00FF, 0x00FF, 0x00FF, 0x00FF, 0x00FF, 0x00FF, 0x00FF, 0x00FF,
  0x00FF, 0x00FF, 0x00FF, 0x00FF, 0x00FF, 0x00FF, 0x00FF, 0x00FF, 0x00FF, 0x00FF, 0x00FF, 0x00FF, 0x00FF, 0x00FF, 0x00FF, 0x00FF,
  0x00FF, 0x00FF, 0x00FF, 0x00FF, 0x00FF, 0x00FF, 0x00FF, 0x00FF, 0x00FF, 0x00FF, 0x00FF, 0x00FF, 0x00FF, 0x00FF, 0x00FF, 0x00FF,
  0x00FF, 0x00FF, 0x00FF, 0x00FF, 0x00FF, 0x00FF, 0x00FF, 0x00FF, 0x00FF, 0x00FF, 0x00FF, 0x00FF, 0x00FF, 0x00FF, 0x00FF, 0x00FF,
  0x00FF, 0x00FF, 0x00FF, 0x00FF, 0x00FF, 0x00FF, 0x00FF, 0x00FF, 0x00FF, 0x00FF, 0x00FF, 0x00FF, 0x00FF, 0x00FF, 0x00FF, 0x00FF,
  0x00FF, 0x00FF, 0x00FF, 0x00FF, 0x00FF, 0x00FF, 0x00FF, 0x00FF, 0x00FF, 0x00FF, 0x00FF, 0x00FF, 0x00FF, 0x00FF, 0x00FF, 0x00FF,
  0x00FF, 0x00FF, 0x00FF, 0x00FF, 0x00FF, 0x00FF, 0x00FF, 0x00FF, 0x00FF, 0x00FF, 0x00FF, 0x00FF, 0x00FF, 0x00FF, 0x00FF, 0x00FF,
  0x00FF, 0x00FF, 0x00FF, 0x00FF, 0x00FF, 0x00FF, 0x00FF, 0x00FF, 0x00FF, 0x00FF, 0x00FF, 0x00FF, 0x00FF, 0x00FF, 0x00FF, 0x00FF,
  0x00FF, 0x00FF, 0x00FF, 0x00FF, 0x00FF, 0x00FF, 0x00FF, 0x00FF, 0x00FF, 0x00FF, 0x00FF, 0x00FF, 0x00FF, 0x00FF, 0x00FF, 0x00FF,
  0x00FF, 0x00FF, 0x00FF, 0x00FF, 0x00FF, 0x00FF, 0x00FF, 0x00FF, 0x00FF, 0x00FF, 0x00FF, 0x00FF, 0x00FF, 0x00FF, 0x00FF, 0x00FF,
  0x00FF, 0x00FF, 0x00FF, 0x00FF, 0x00FF, 0x00FF, 0x00FF, 0x00FF, 0x00FF, 0x00FF, 0x00FF, 0x00FF, 0x00FF, 0x00FF, 0x00FF, 0x00FF,
  0x00FF, 0x00FF, 0x00FF, 0x00FF, 0x00FF, 0x00FF, 0x00FF, 0x00FF, 0x00FF, 0x00FF, 0x00FF, 0x00FF, 0x00FF, 0x00FF, 0x00FF, 0x00FF,
  0x00FF, 0x00FF, 0x00FF, 0x00FF, 0x00FF, 0x00FF, 0x00FF, 0x00FF, 0x00FF, 0x00FF, 0x00FF, 0x00FF, 0x00FF, 0x00FF, 0x00FF, 0x00FF,
  0x00FF, 0x00FF, 0x00FF, 0x00FF, 0x00FF, 0x00FF, 0x00FF, 0x00FF, 0x00FF, 0x00FF, 0x00FF, 0x00FF, 0x00FF, 0x00FF, 0x00FF, 0x00FF,
  0x00FF, 0x00FF, 0x00FF, 0x00FF, 0x00FF, 0x00FF, 0x00FF, 0x00FF, 0x00FF, 0x00FF, 0x00FF, 0x00FF, 0x00FF, 0x00FF, 0x00FF, 0x00FF,
  0x00FF, 0x00FF, 0x00FF, 0x00FF, 0x00FF, 0x00FF, 0x00FF, 0x00FF, 0x00FF, 0x00FF, 0x00FF, 0x00FF, 0x00FF, 0x00FF, 0x00FF, 0x00FF,
  0x00FF, 0x00FF, 0x00FF, 0x00FF, 0x00FF, 0x00FF, 0x00FF, 0x00FF, 0x00FF, 0x00FF, 0x00FF, 0x00FF, 0x00FF, 0x00FF, 0x00FF, 0x00FF,
  0x00FF, 0x00FF, 0x00FF, 0x00FF, 0x00FF, 0x00FF, 0x00FF, 0x00FF, 0x00FF, 0x00FF, 0x00FF, 0x00FF, 0x00FF, 0x00FF, 0x00FF, 0x00FF,
  0x00FF, 0x00FF, 0x00FF, 0x00FF, 0x00FF, 0x00FF, 0x00FF, 0x00FF, 0x00FF, 0x00FF, 0x00FF, 0x00FF, 0x00FF, 0x00FF, 0x00FF, 0x00FF,
  0x00FF, 0x00FF, 0x00FF, 0x00FF, 0x00FF, 0x00FF, 0x00FF, 0x00FF, 0x00FF, 0x00FF, 0x00FF, 0x00FF, 0x00FF, 0x00FF, 0x00FF, 0x00FF,
  0x00FF, 0x00FF, 0x00FF, 0x00FF, 0x00FF, 0x00FF, 0x00FF, 0x00FF, 0x00FF, 0x00FF, 0x00FF, 0x00FF, 0x00FF, 0x00FF, 0x00FF, 0x00FF,
  0x00FF, 0x00FF, 0x00FF, 0x00FF, 0x00FF, 0x00FF, 0x00FF, 0x00FF, 0x00FF, 0x00FF, 0x00FF, 0x00FF, 0x00FF, 0x00FF, 0x00FF, 0x00FF,
  0x00FF, 0x00FF, 0x00FF, 0x00FF, 0x00FF, 0x00FF, 0x00FF, 0x00FF, 0x00FF, 0x00FF, 0x00FF, 0x00FF, 0x00FF, 0x00FF, 0x00FF, 0x00FF,
  0x00FF, 0x00FF, 0x00FF, 0x00FF, 0x00FF, 0x00FF, 0x00FF, 0x00FF, 0x00FF, 0x00FF, 0x00FF, 0x00FF, 0x00FF, 0x00FF, 0x00FF, 0x00FF,
  0x00FF, 0x00FF, 0x00FF, 0x00FF, 0x00FF, 0x00FF, 0x00FF, 0x00FF, 0x00FF, 0x00FF, 0x00FF, 0x00FF, 0x00FF, 0x00FF, 0x00FF, 0x00FF,
  0x00FF, 0x00FF, 0x00FF, 0x00FF, 0x00FF, 0x00FF, 0x00FF, 0x00FF, 0x00FF, 0x00FF, 0x00FF, 0x00FF, 0x00FF, 0x00FF, 0x00FF, 0x00FF,
  0x00FF, 0x00FF, 0x00FF, 0x00FF, 0x00FF, 0x00FF, 0x00FF, 0x00FF, 0x00FF, 0x00FF, 0x00FF, 0x00FF, 0x00FF, 0x00FF, 0x00FF, 0x00FF,
  0x00FF, 0x00FF, 0x00FF, 0x00FF, 0x00FF, 0x00FF, 0x00FF, 0x00FF, 0x00FF, 0x00FF, 0x00FF, 0x00FF, 0x00FF, 0x00FF, 0x00FF, 0x00FF,
  0x00FF, 0x00FF, 0x00FF, 0x00FF, 0x00FF, 0x00FF, 0x00FF, 0x00FF, 0x00FF, 0x00FF, 0x00FF, 0x00FF, 0x00FF, 0x00FF, 0x00FF, 0x00FF,
  0x00FF, 0x00FF, 0x00FF, 0x00FF, 0x00FF, 0x00FF, 0x00FF, 0x00FF, 0x00FF, 0x00FF, 0x00FF, 0x00FF, 0x00FF, 0x00FF, 0x00FF, 0x00FF,
  0x00FF, 0x00FF, 0x00FF, 0x00FF, 0x00FF, 0x00FF, 0x00FF, 0x00FF, 0x00FF, 0x00FF, 0x00FF, 0x00FF, 0x00FF, 0x00FF, 0x00FF, 0x00FF,
  0x00FF, 0x00FF, 0x00FF, 0x00FF, 0x00FF, 0x00FF, 0x00FF, 0x00FF, 0x00FF, 0x00FF, 0x00FF, 0x00FF, 0x00FF, 0x00FF, 0x00FF, 0x00FF,
  0x00FF, 0x00FF, 0x00FF, 0x00FF, 0x00FF, 0x00FF, 0x00FF, 0x00FF, 0x00FF, 0x00FF, 0x00FF, 0x00FF, 0x00FF, 0x00FF, 0x00FF, 0x00FF,
  0x00FF, 0x00FF, 0x00FF, 0x00FF, 0x00FF, 0x00FF, 0x00FF, 0x00FF, 0x00FF, 0x00FF, 0x00FF, 0x00FF, 0x00FF, 0x00FF, 0x00FF, 0x00FF,
  0x00FF, 0x00FF, 0x00FF, 0x00FF, 0x00FF, 0x00FF, 0x00FF, 0x00FF, 0x00FF, 0x00FF, 0x00FF, 0x00FF, 0x00FF, 0x00FF, 0x00FF, 0x00FF,
  0x00FF, 0x00FF, 0x00FF, 0x00FF, 0x00FF, 0x00FF, 0x00FF, 0x00FF, 0x00FF, 0x00FF, 0x00FF, 0x00FF, 0x00FF, 0x00FF, 0x00FF, 0x00FF,
  0x00FF, 0x00FF, 0x00FF, 0x00FF, 0x00FF, 0x00FF, 0x00FF, 0x00FF, 0x00FF, 0x00FF, 0x00FF, 0x00FF, 0x00FF, 0x00FF, 0x00FF, 0x00FF,
  0x00FF, 0x00FF, 0x00FF, 0x00FF, 0x00FF, 0x00FF, 0x00FF, 0x00FF, 0x00FF, 0x00FF, 0x00FF, 0x00FF, 0x00FF, 0x00FF, 0x00FF, 0x00FF,
  0x00FF, 0x00FF, 0x00FF, 0x00FF, 0x00FF, 0x00FF, 0x00FF, 0x00FF, 0x00FF, 0x00FF, 0x00FF, 0x00FF, 0x00FF, 0x00FF, 0x00FF, 0x00FF,
  0x00FF, 0x00FF, 0x00FF, 0x00FF, 0x00FF, 0x00FF, 0x00FF, 0x00FF, 0x00FF, 0x00FF, 0x00FF, 0x00FF, 0x00FF, 0x00FF, 0x00FF, 0x00FF,
  0x00FF, 0x00FF, 0x00FF, 0x00FF, 0x00FF, 0x00FF, 0x00FF, 0x00FF, 0x00FF, 0x00FF, 0x00FF, 0x00FF, 0x00FF, 0x00FF, 0x00FF, 0x00FF,
  0x00FF, 0x00FF, 0x00FF, 0x00FF, 0x00FF, 0x00FF, 0x00FF, 0x00FF, 0x00FF, 0x00FF, 0x00FF, 0x00FF, 0x00FF, 0x00FF, 0x00FF, 0x00FF,
  0x00FF, 0x00FF, 0x00FF, 0x00FF, 0x00FF, 0x00FF, 0x00FF, 0x00FF, 0x00FF, 0x00FF, 0x00FF, 0x00FF, 0x00FF, 0x00FF, 0x00FF, 0x00FF,
  0x00FF, 0x00FF, 0x00FF, 0x00FF, 0x00FF, 0x00FF, 0x00FF, 0x00FF, 0x00FF, 0x00FF, 0x00FF, 0x00FF, 0x00FF, 0x00FF, 0x00FF, 0x00FF,
  0x00FF, 0x00FF, 0x00FF, 0x00FF, 0x00FF, 0x00FF, 0x00FF, 0x00FF, 0x00FF, 0x00FF, 0x00FF, 0x00FF, 0x00FF, 0x00FF, 0x00FF, 0x00FF,
  0x00FF, 0x00FF, 0x00FF, 0x00FF, 0x00FF, 0x00FF, 0x00FF, 0x00FF, 0x00FF, 0x00FF, 0x00FF, 0x00FF, 0x00FF, 0x00FF, 0x00FF, 0x00FF,
  0x00FF, 0x00FF, 0x00FF, 0x00FF, 0x00FF, 0x00FF, 0x00FF, 0x00FF, 0x00FF, 0x00FF, 0x00FF, 0x00FF, 0x00FF, 0x00FF, 0x00FF, 0x00FF,
  0x00FF, 0x00FF, 0x00FF, 0x00FF, 0x00FF, 0x00FF, 0x00FF, 0x00FF, 0x00FF, 0x00FF, 0x00FF, 0x00FF, 0x00FF, 0x00FF, 0x00FF, 0x00FF,
  0x00FF, 0x00FF, 0x00FF, 0x00FF, 0x00FF, 0x00FF, 0x00FF, 0x00FF, 0x00FF, 0x00FF, 0x00FF, 0x00FF, 0x00FF, 0x00FF, 0x00FF, 0x00FF,
  0x00FF, 0x00FF, 0x00FF, 0x00FF, 0x00FF, 0x00FF, 0x00FF, 0x00FF, 0x00FF, 0x00FF, 0x00FF, 0x00FF, 0x00FF, 0x00FF, 0x00FF, 0x00FF,
  0x00FF, 0x00FF, 0x00FF, 0x00FF, 0x00FF, 0x00FF, 0x00FF, 0x00FF, 0x00FF, 0x00FF, 0x00FF, 0x00FF, 0x00FF, 0x00FF, 0x00FF, 0x00FF,
  0x00FF, 0x00FF, 0x00FF, 0x00FF, 0x00FF, 0x00FF, 0x00FF, 0x00FF, 0x00FF, 0x00FF, 0x00FF, 0x00FF, 0x00FF, 0x00FF, 0x00FF, 0x00FF,
  0x00FF, 0x00FF, 0x00FF, 0x00FF, 0x00FF, 0x00FF, 0x00FF, 0x00FF, 0x00FF, 0x00FF, 0x00FF, 0x00FF, 0x00FF, 0x00FF, 0x00FF, 0x00FF,
  0x00FF, 0x00FF, 0x00FF, 0x00FF, 0x00FF, 0x00FF, 0x00FF, 0x00FF, 0x00FF, 0x00FF, 0x00FF, 0x00FF, 0x00FF, 0x00FF, 0x00FF, 0x00FF,
  0x00FF, 0x00FF, 0x00FF, 0x00FF, 0x00FF, 0x00FF, 0x00FF, 0x00FF, 0x00FF, 0x00FF, 0x00FF, 0x00FF, 0x00FF, 0x00FF, 0x00FF, 0x00FF,
  0x00FF, 0x00FF, 0x00FF, 0x00FF, 0x00FF, 0x00FF, 0x00FF, 0x00FF, 0x00FF, 0x00FF, 0x00FF, 0x00FF, 0x00FF, 0x00FF, 0x00FF, 0x00FF,
  0x00FF, 0x00FF, 0x00FF, 0x00FF, 0x00FF, 0x00FF, 0x00FF, 0x00FF, 0x00FF, 0x00FF, 0x00FF, 0x00FF, 0x00FF, 0x00FF, 0x00FF, 0x00FF,
  0x00FF, 0x00FF, 0x00FF, 0x00FF, 0x00FF, 0x00FF, 0x00FF, 0x00FF, 0x00FF, 0x00FF, 0x00FF, 0x00FF, 0x00FF, 0x00FF, 0x00FF, 0x00FF,
  0x00FF, 0x00FF, 0x00FF, 0x00FF, 0x00FF, 0x00FF, 0x00FF, 0x00FF, 0x00FF, 0x00FF, 0x00FF, 0x00FF, 0x00FF, 0x00FF, 0x00FF, 0x00FF,
  0x00FF, 0x00FF, 0x00FF, 0x00FF, 0x00FF, 0x00FF, 0x00FF, 0x00FF, 0x00FF, 0x00FF, 0x00FF, 0x00FF, 0x00FF, 0x00FF, 0x00FF, 0x00FF,
  0x00FF, 0x00FF, 0x00FF, 0x00FF, 0x00FF, 0x00FF, 0x00FF, 0x00FF, 0x00FF, 0x00FF, 0x00FF, 0x00FF, 0x00FF, 0x00FF, 0x00FF, 0x00FF,
  0x00FF, 0x00FF, 0x00FF, 0x00FF, 0x00FF, 0x00FF, 0x00FF, 0x00FF, 0x00FF, 0x00FF, 0x00FF, 0x00FF, 0x00FF, 0x00FF, 0x00FF, 0x00FF,
  0x00FF, 0x00FF, 0x00FF, 0x00FF, 0x00FF, 0x00FF, 0x00FF, 0x00FF, 0x00FF, 0x00FF, 0x00FF, 0x00FF, 0x00FF, 0x00FF, 0x00FF, 0x00FF,
  0x00FF, 0x00FF, 0x00FF, 0x00FF, 0x00FF, 0x00FF, 0x00FF, 0x00FF, 0x00FF, 0x00FF, 0x00FF, 0x00FF, 0x00FF, 0x00FF, 0x00FF, 0x00FF,
  0x00FF, 0x00FF, 0x00FF, 0x00FF, 0x00FF, 0x00FF, 0x00FF, 0x00FF, 0x00FF, 0x00FF, 0x00FF, 0x00FF, 0x00FF, 0x00FF, 0x00FF, 0x00FF,
  0x00FF, 0x00FF, 0x00FF, 0x00FF, 0x00FF, 0x00FF, 0x00FF, 0x00FF, 0x00FF, 0x00FF, 0x00FF, 0x00FF, 0x00FF, 0x00FF, 0x00FF, 0x00FF,
  0x00FF, 0x00FF, 0x00FF, 0x00FF, 0x00FF, 0x00FF, 0x00FF, 0x00FF, 0x00FF, 0x00FF, 0x00FF, 0x00FF, 0x00FF, 0x00FF, 0x00FF, 0x00FF,
  0x00FF, 0x00FF, 0x00FF, 0x00FF, 0x00FF, 0x00FF, 0x00FF, 0x00FF, 0x00FF, 0x00FF, 0x00FF, 0x00FF, 0x00FF, 0x00FF, 0x00FF, 0x00FF,
  0x00FF, 0x00FF, 0x00FF, 0x00FF, 0x00FF, 0x00FF, 0x00FF, 0x00FF, 0x00FF, 0x00FF, 0x00FF, 0x00FF, 0x00FF, 0x00FF, 0x00FF, 0x00FF,
  0x00FF, 0x00FF, 0x00FF, 0x00FF, 0x00FF, 0x00FF, 0x00FF, 0x00FF, 0x00FF, 0x00FF, 0x00FF, 0x00FF, 0x00FF, 0x00FF, 0x00FF, 0x00FF,
  0x00FF, 0x00FF, 0x00FF, 0x00FF, 0x00FF, 0x00FF, 0x00FF, 0x00FF, 0x00FF, 0x00FF, 0x00FF, 0x00FF, 0x00FF, 0x00FF, 0x00FF, 0x00FF,
  0x00FF, 0x00FF, 0x00FF, 0x00FF, 0x00FF, 0x00FF, 0x00FF, 0x00FF, 0x00FF, 0x00FF, 0x00FF, 0x00FF, 0x00FF, 0x00FF, 0x00FF, 0x00FF,
  0x00FF, 0x00FF, 0x00FF, 0x00FF, 0x00FF, 0x00FF, 0x00FF, 0x00FF, 0x00FF, 0x00FF, 0x00FF, 0x00FF, 0x00FF, 0x00FF, 0x00FF, 0x00FF,
  0x00FF, 0x00FF, 0x00FF, 0x00FF, 0x00FF, 0x00FF, 0x00FF, 0x00FF, 0x00FF, 0x00FF, 0x00FF, 0x00FF, 0x00FF, 0x00FF, 0x00FF, 0x00FF,
  0x00FF, 0x00FF, 0x00FF, 0x00FF, 0x00FF, 0x00FF, 0x00FF, 0x00FF, 0x00FF, 0x00FF, 0x00FF, 0x00FF, 0x00FF, 0x00FF, 0x00FF, 0x00FF,
  0x00FF, 0x00FF, 0x00FF, 0x00FF, 0x00FF, 0x00FF, 0x00FF, 0x00FF, 0x00FF, 0x00FF, 0x00FF, 0x00FF, 0x00FF, 0x00FF, 0x00FF, 0x00FF,
  0x00FF, 0x00FF, 0x00FF, 0x00FF, 0x00FF, 0x00FF, 0x00FF, 0x00FF, 0x00FF, 0x00FF, 0x00FF, 0x00FF, 0x00FF, 0x00FF, 0x00FF, 0x00FF,
  0x00FF, 0x00FF, 0x00FF, 0x00FF, 0x00FF, 0x00FF, 0x00FF, 0x00FF, 0x00FF, 0x00FF, 0x00FF, 0x00FF, 0x00FF, 0x00FF, 0x00FF, 0x00FF,
  0x00FF, 0x00FF, 0x00FF, 0x00FF, 0x00FF, 0x00FF, 0x00FF, 0x00FF, 0x00FF, 0x00FF, 0x00FF, 0x00FF, 0x00FF, 0x00FF, 0x00FF, 0x00FF,
  0x00FF, 0x00FF, 0x00FF, 0x00FF, 0x00FF, 0x00FF, 0x00FF, 0x00FF, 0x00FF, 0x00FF, 0x00FF, 0x00FF, 0x00FF, 0x00FF, 0x00FF, 0x00FF,
  0x00FF, 0x00FF, 0x00FF, 0x00FF, 0x00FF, 0x00FF, 0x00FF, 0x00FF, 0x00FF, 0x00FF, 0x00FF, 0x00FF, 0x00FF, 0x00FF, 0x00FF, 0x00FF,
  0x00FF, 0x00FF, 0x00FF, 0x00FF, 0x00FF, 0x00FF, 0x00FF, 0x00FF, 0x00FF, 0x00FF, 0x00FF, 0x00FF, 0x00FF, 0x00FF, 0x00FF, 0x00FF,
  0x00FF, 0x00FF, 0x00FF, 0x00FF, 0x00FF, 0x00FF, 0x00FF, 0x00FF, 0x00FF, 0x00FF, 0x00FF, 0x00FF, 0x00FF, 0x00FF, 0x00FF, 0x00FF,
  0x00FF, 0x00FF, 0x00FF, 0x00FF, 0x00FF, 0x00FF, 0x00FF, 0x00FF, 0x00FF, 0x00FF, 0x00FF, 0x00FF, 0x00FF, 0x00FF, 0x00FF, 0x00FF,
  0x00FF, 0x00FF, 0x00FF, 0x00FF, 0x00FF, 0x00FF, 0x00FF, 0x00FF, 0x00FF, 0x00FF, 0x00FF, 0x00FF, 0x00FF, 0x00FF, 0x00FF, 0x00FF,
  0x00FF, 0x00FF, 0x00FF, 0x00FF, 0x00FF, 0x00FF, 0x00FF, 0x00FF, 0x00FF, 0x00FF, 0x00FF, 0x00FF, 0x00FF, 0x00FF, 0x00FF, 0x00FF,
  0x00FF, 0x00FF, 0x00FF, 0x00FF, 0x00FF, 0x00FF, 0x00FF, 0x00FF, 0x00FF, 0x00FF, 0x00FF, 0x00FF, 0x00FF, 0x00FF, 0x00FF, 0x00FF,
  0x00FF, 0x00FF, 0x00FF, 0x00FF, 0x00FF, 0x00FF, 0x00FF, 0x00FF, 0x00FF, 0x00FF, 0x00FF, 0x00FF, 0x00FF, 0x00FF, 0x00FF, 0x00FF,
  0x00FF, 0x00FF, 0x00FF, 0x00FF, 0x00FF, 0x00FF, 0x00FF, 0x00FF, 0x00FF, 0x00FF, 0x00FF, 0x00FF, 0x00FF, 0x00FF, 0x00FF, 0x00FF,
  0x00FF, 0x00FF, 0x00FF, 0x00FF, 0x00FF, 0x00FF, 0x00FF, 0x00FF, 0x00FF, 0x00FF, 0x00FF, 0x00FF, 0x00FF, 0x00FF, 0x00FF, 0x00FF,
  0x00FF, 0x00FF, 0x00FF, 0x00FF, 0x00FF, 0x00FF, 0x00FF, 0x00FF, 0x00FF, 0x00FF, 0x00FF, 0x00FF, 0x00FF, 0x00FF, 0x00FF, 0x00FF,
  0x00FF, 0x00FF, 0x00FF, 0x00FF, 0x00FF, 0x00FF, 0x00FF, 0x00FF, 0x00FF, 0x00FF, 0x00FF, 0x00FF, 0x00FF, 0x00FF, 0x00FF, 0x00FF,
  0x00FF, 0x00FF, 0x00FF, 0x00FF, 0x00FF, 0x00FF, 0x00FF, 0x00FF, 0x00FF, 0x00FF, 0x00FF, 0x00FF, 0x00FF, 0x00FF, 0x00FF, 0x00FF,
  0x00FF, 0x00FF, 0x00FF, 0x00FF, 0x00FF, 0x00FF, 0x00FF, 0x00FF, 0x00FF, 0x00FF, 0x00FF, 0x00FF, 0x00FF, 0x00FF, 0x00FF, 0x00FF,
  0x00FF, 0x00FF, 0x00FF, 0x00FF, 0x00FF, 0x00FF, 0x00FF, 0x00FF, 0x00FF, 0x00FF, 0x00FF, 0x00FF, 0x00FF, 0x00FF, 0x00FF, 0x00FF,
  0x00FF, 0x00FF, 0x00FF, 0x00FF, 0x00FF, 0x00FF, 0x00FF, 0x00FF, 0x00FF, 0x00FF, 0x00FF, 0x00FF, 0x00FF, 0x00FF, 0x00FF, 0x00FF,
  0x00FF, 0x00FF, 0x00FF, 0x00FF, 0x00FF, 0x00FF, 0x00FF, 0x00FF, 0x00FF, 0x00FF, 0x00FF, 0x00FF, 0x00FF, 0x00FF, 0x00FF, 0x00FF,
  0x00FF, 0x00FF, 0x00FF, 0x00FF, 0x00FF, 0x00FF, 0x00FF, 0x00FF, 0x00FF, 0x00FF, 0x00FF, 0x00FF, 0x00FF, 0x00FF, 0x00FF, 0x00FF,
  0x00FF, 0x00FF, 0x00FF, 0x00FF, 0x00FF, 0x00FF, 0x00FF, 0x00FF, 0x00FF, 0x00FF, 0x00FF, 0x00FF, 0x00FF, 0x00FF, 0x00FF, 0x00FF,
  0x00FF, 0x00FF, 0x00FF, 0x00FF, 0x00FF, 0x00FF, 0x00FF, 0x00FF, 0x00FF, 0x00FF, 0x00FF, 0x00FF, 0x00FF, 0x00FF, 0x00FF, 0x00FF,
  0x00FF, 0x00FF, 0x00FF, 0x00FF, 0x00FF, 0x00FF, 0x00FF, 0x00FF, 0x00FF, 0x00FF, 0x00FF, 0x00FF, 0x00FF, 0x00FF, 0x00FF, 0x00FF,
  0x00FF, 0x00FF, 0x00FF, 0x00FF, 0x00FF, 0x00FF, 0x00FF, 0x00FF, 0x00FF, 0x00FF, 0x00FF, 0x00FF, 0x00FF, 0x00FF, 0x00FF, 0x00FF,
  0x00FF, 0x00FF, 0x00FF, 0x00FF, 0x00FF, 0x00FF, 0x00FF, 0x00FF, 0x00FF, 0x00FF, 0x00FF, 0x00FF, 0x00FF, 0x00FF, 0x00FF, 0x00FF,
  0x00FF, 0x00FF, 0x00FF, 0x00FF, 0x00FF, 0x00FF, 0x00FF, 0x00FF, 0x00FF, 0x00FF, 0x00FF, 0x00FF, 0x00FF, 0x00FF, 0x00FF, 0x00FF,
  0x00FF, 0x00FF, 0x00FF, 0x00FF, 0x00FF, 0x00FF, 0x00FF, 0x00FF, 0x00FF, 0x00FF, 0x00FF, 0x00FF, 0x00FF, 0x00FF, 0x00FF, 0x00FF,
  0x00FF, 0x00FF, 0x00FF, 0x00FF, 0x00FF, 0x00FF, 0x00FF, 0x00FF, 0x00FF, 0x00FF, 0x00FF, 0x00FF, 0x00FF, 0x00FF, 0x00FF, 0x00FF,
  0x00FF, 0x00FF, 0x00FF, 0x00FF, 0x00FF, 0x00FF, 0x00FF, 0x00FF, 0x00FF, 0x00FF, 0x00FF, 0x00FF, 0x00FF, 0x00FF, 0x00FF, 0x00FF,
  0x00FF, 0x00FF, 0x00FF, 0x00FF, 0x00FF, 0x00FF, 0x00FF, 0x00FF, 0x00FF, 0x00FF, 0x00FF, 0x00FF, 0x00FF, 0x00FF, 0x00FF, 0x00FF,
  0x00FF, 0x00FF, 0x00FF, 0x00FF, 0x00FF, 0x00FF, 0x00FF, 0x00FF, 0x00FF, 0x00FF, 0x00FF, 0x00FF, 0x00FF, 0x00FF, 0x00FF, 0x00FF,
  0x00FF, 0x00FF, 0x00FF, 0x00FF, 0x00FF, 0x00FF, 0x00FF, 0x00FF, 0x00FF, 0x00FF, 0x00FF, 0x00FF, 0x00FF, 0x00FF, 0x00FF, 0x00FF,
  0x00FF, 0x00FF, 0x00FF, 0x00FF, 0x00FF, 0x00FF, 0x00FF, 0x00FF, 0x00FF, 0x00FF, 0x00FF, 0x00FF, 0x00FF, 0x00FF, 0x00FF, 0x00FF,
  0x00FF, 0x00FF, 0x00FF, 0x00FF, 0x00FF, 0x00FF, 0x00FF, 0x00FF, 0x00FF, 0x00FF, 0x00FF, 0x00FF, 0x00FF, 0x00FF, 0x00FF, 0x00FF,
  0x00FF, 0x00FF, 0x00FF, 0x00FF, 0x00FF, 0x00FF, 0x00FF, 0x00FF, 0x00FF, 0x00FF, 0x00FF, 0x00FF, 0x00FF, 0x00FF, 0x00FF, 0x00FF,
  0x00FF, 0x00FF, 0x00FF, 0x00FF, 0x00FF, 0x00FF, 0x00FF, 0x00FF, 0x00FF, 0x00FF, 0x00FF, 0x00FF, 0x00FF, 0x00FF, 0x00FF, 0x00FF,
  0x00FF, 0x00FF, 0x00FF, 0x00FF, 0x00FF, 0x00FF, 0x00FF, 0x00FF, 0x00FF, 0x00FF, 0x00FF, 0x00FF, 0x00FF, 0x00FF, 0x00FF, 0x00FF,
  0x00FF, 0x00FF, 0x00FF, 0x00FF, 0x00FF, 0x00FF, 0x00FF, 0x00FF, 0x00FF, 0x00FF, 0x00FF, 0x00FF, 0x00FF, 0x00FF, 0x00FF, 0x00FF,
  0x00FF, 0x00FF, 0x00FF, 0x00FF, 0x00FF, 0x00FF, 0x00FF, 0x00FF, 0x00FF, 0x00FF, 0x00FF, 0x00FF, 0x00FF, 0x00FF, 0x00FF, 0x00FF,
  0x00FF, 0x00FF, 0x00FF, 0x00FF, 0x00FF, 0x00FF, 0x00FF, 0x00FF, 0x00FF, 0x00FF, 0x00FF, 0x00FF, 0x00FF, 0x00FF, 0x00FF, 0x00FF,
  0x00FF, 0x00FF, 0x00FF, 0x00FF, 0x00FF, 0x00FF, 0x00FF, 0x00FF, 0x00FF, 0x00FF, 0x00FF, 0x00FF, 0x00FF, 0x00FF, 0x00FF, 0x00FF,
  0x00FF, 0x00FF, 0x00FF, 0x00FF, 0x00FF, 0x00FF, 0x00FF, 0x00FF, 0x00FF, 0x00FF, 0x00FF, 0x00FF, 0x00FF, 0x00FF, 0x00FF, 0x00FF,
  0x00FF, 0x00FF, 0x00FF, 0x00FF, 0x00FF, 0x00FF, 0x00FF, 0x00FF, 0x00FF, 0x00FF, 0x00FF, 0x00FF, 0x00FF, 0x00FF, 0x00FF, 0x00FF,
  0x00FF, 0x00FF, 0x00FF, 0x00FF, 0x00FF, 0x00FF, 0x00FF, 0x00FF, 0x00FF, 0x00FF, 0x00FF, 0x00FF, 0x00FF, 0x00FF, 0x00FF, 0x00FF,
  0x00FF, 0x00FF, 0x00FF, 0x00FF, 0x00FF, 0x00FF, 0x00FF, 0x00FF, 0x00FF, 0x00FF, 0x00FF, 0x00FF, 0x00FF, 0x00FF, 0x00FF, 0x00FF,
  0x00FF, 0x00FF, 0x00FF, 0x00FF, 0x00FF, 0x00FF, 0x00FF, 0x00FF, 0x00FF, 0x00FF, 0x00FF, 0x00FF, 0x00FF, 0x00FF, 0x00FF, 0x00FF,
  0x00FF, 0x00FF, 0x00FF, 0x00FF, 0x00FF, 0x00FF, 0x00FF, 0x00FF, 0x00FF, 0x00FF, 0x00FF, 0x00FF, 0x00FF, 0x00FF, 0x00FF, 0x00FF,
  0x00FF, 0x00FF, 0x00FF, 0x00FF, 0x00FF, 0x00FF, 0x00FF, 0x00FF, 0x00FF, 0x00FF, 0x00FF, 0x00FF, 0x00FF, 0x00FF, 0x00FF, 0x00FF,
  0x00FF, 0x00FF, 0x00FF, 0x00FF, 0x00FF, 0x00FF, 0x00FF, 0x00FF, 0x00FF, 0x00FF, 0x00FF, 0x00FF, 0x00FF, 0x00FF, 0x00FF, 0x00FF,
  0x00FF, 0x00FF, 0x00FF, 0x00FF, 0x00FF, 0x00FF, 0x00FF, 0x00FF, 0x00FF, 0x00FF, 0x00FF, 0x00FF, 0x00FF, 0x00FF, 0x00FF, 0x00FF,
  0x00FF, 0x00FF, 0x00FF, 0x00FF, 0x00FF, 0x00FF, 0x00FF, 0x00FF, 0x00FF, 0x00FF, 0x00FF, 0x00FF, 0x00FF, 0x00FF, 0x00FF, 0x00FF,
  0x00FF, 0x00FF, 0x00FF, 0x00FF, 0x00FF, 0x00FF, 0x00FF, 0x00FF, 0x00FF, 0x00FF, 0x00FF, 0x00FF, 0x00FF, 0x00FF, 0x00FF, 0x00FF,
  0x00FF, 0x00FF, 0x00FF, 0x00FF, 0x00FF, 0x00FF, 0x00FF, 0x00FF, 0x00FF, 0x00FF, 0x00FF, 0x00FF, 0x00FF, 0x00FF, 0x00FF, 0x00FF,
  0x00FF, 0x00FF, 0x00FF, 0x00FF, 0x00FF, 0x00FF, 0x00FF, 0x00FF, 0x00FF, 0x00FF, 0x00FF, 0x00FF, 0x00FF, 0x00FF, 0x00FF, 0x00FF,
  0x00FF, 0x00FF, 0x00FF, 0x00FF, 0x00FF, 0x00FF, 0x00FF, 0x00FF, 0x00FF, 0x00FF, 0x00FF, 0x00FF, 0x00FF, 0x00FF, 0x00FF, 0x00FF,
  0x00FF, 0x00FF, 0x00FF, 0x00FF, 0x00FF, 0x00FF, 0x00FF, 0x00FF, 0x00FF, 0x00FF, 0x00FF, 0x00FF, 0x00FF, 0x00FF, 0x00FF, 0x00FF,
  0x00FF, 0x00FF, 0x00FF, 0x00FF, 0x00FF, 0x00FF, 0x00FF, 0x00FF, 0x00FF, 0x00FF, 0x00FF, 0x00FF, 0x00FF, 0x00FF, 0x00FF, 0x00FF,
  0x00FF, 0x00FF, 0x00FF, 0x00FF, 0x00FF, 0x00FF, 0x00FF, 0x00FF, 0x00FF, 0x00FF, 0x00FF, 0x00FF, 0x00FF, 0x00FF, 0x00FF, 0x00FF,
  0x00FF, 0x00FF, 0x00FF, 0x00FF, 0x00FF, 0x00FF, 0x00FF, 0x00FF, 0x00FF, 0x00FF, 0x00FF, 0x00FF, 0x00FF, 0x00FF, 0x00FF, 0x00FF,
  0x00FF, 0x00FF, 0x00FF, 0x00FF, 0x00FF, 0x00FF, 0x00FF, 0x00FF, 0x00FF, 0x00FF, 0x00FF, 0x00FF, 0x00FF, 0x00FF, 0x00FF, 0x00FF,
  0x00FF, 0x00FF, 0x00FF, 0x00FF, 0x00FF, 0x00FF, 0x00FF, 0x00FF, 0x00FF, 0x00FF, 0x00FF, 0x00FF, 0x00FF, 0x00FF, 0x00FF, 0x00FF,
  0x00FF, 0x00FF, 0x00FF, 0x00FF, 0x00FF, 0x00FF, 0x00FF, 0x00FF, 0x00FF, 0x00FF, 0x00FF, 0x00FF, 0x00FF, 0x00FF, 0x00FF, 0x00FF,
  0x00FF, 0x00FF, 0x00FF, 0x00FF, 0x00FF, 0x00FF, 0x00FF, 0x00FF, 0x00FF, 0x00FF, 0x00FF, 0x00FF, 0x00FF, 0x00FF, 0x00FF, 0x00FF,
  0x00FF, 0x00FF, 0x00FF, 0x00FF, 0x00FF, 0x00FF, 0x00FF, 0x00FF, 0x00FF, 0x00FF, 0x00FF, 0x00FF, 0x00FF, 0x00FF, 0x00FF, 0x00FF,
  0x00FF, 0x00FF, 0x00FF, 0x00FF, 0x00FF, 0x00FF, 0x00FF, 0x00FF, 0x00FF, 0x00FF, 0x00FF, 0x00FF, 0x00FF, 0x00FF, 0x00FF, 0x00FF,
  0x00FF, 0x00FF, 0x00FF, 0x00FF, 0x00FF, 0x00FF, 0x00FF, 0x00FF, 0x00FF, 0x00FF, 0x00FF, 0x00FF, 0x00FF, 0x00FF, 0x00FF, 0x00FF,
  0x00FF, 0x00FF, 0x00FF, 0x00FF, 0x00FF, 0x00FF, 0x00FF, 0x00FF, 0x00FF, 0x00FF, 0x00FF, 0x00FF, 0x00FF, 0x00FF, 0x00FF, 0x00FF,
  0x00FF, 0x00FF, 0x00FF, 0x00FF, 0x00FF, 0x00FF, 0x00FF, 0x00FF, 0x00FF, 0x00FF, 0x00FF, 0x00FF, 0x00FF, 0x00FF, 0x00FF, 0x00FF,
  0x00FF, 0x00FF, 0x00FF, 0x00FF, 0x00FF, 0x00FF, 0x00FF, 0x00FF, 0x00FF, 0x00FF, 0x00FF, 0x00FF, 0x00FF, 0x00FF, 0x00FF, 0x00FF,
  0x00FF, 0x00FF, 0x00FF, 0x00FF, 0x00FF, 0x00FF, 0x00FF, 0x00FF, 0x00FF, 0x00FF, 0x00FF, 0x00FF, 0x00FF, 0x00FF, 0x00FF, 0x00FF,
  0x00FF, 0x00FF, 0x00FF, 0x00FF, 0x00FF, 0x00FF, 0x00FF, 0x00FF, 0x00FF, 0x00FF, 0x00FF, 0x00FF, 0x00FF, 0x00FF, 0x00FF, 0x00FF,
  0x00FF, 0x00FF, 0x00FF, 0x00FF, 0x00FF, 0x00FF, 0x00FF, 0x00FF, 0x00FF, 0x00FF, 0x00FF, 0x00FF, 0x00FF, 0x00FF, 0x00FF, 0x00FF,
  0x00FF, 0x00FF, 0x00FF, 0x00FF, 0x00FF, 0x00FF, 0x00FF, 0x00FF, 0x00FF, 0x00FF, 0x00FF, 0x00FF, 0x00FF, 0x00FF, 0x00FF, 0x00FF,
  0x00FF, 0x00FF, 0x00FF, 0x00FF, 0x00FF, 0x00FF, 0x00FF, 0x00FF, 0x00FF, 0x00FF, 0x00FF, 0x00FF, 0x00FF, 0x00FF, 0x00FF, 0x00FF,
  0x00FF, 0x00FF, 0x00FF, 0x00FF, 0x00FF, 0x00FF, 0x00FF, 0x00FF, 0x00FF, 0x00FF, 0x00FF, 0x00FF, 0x00FF, 0x00FF, 0x00FF, 0x00FF,
  0x00FF, 0x00FF, 0x00FF, 0x00FF, 0x00FF, 0x00FF, 0x00FF, 0x00FF, 0x00FF, 0x00FF, 0x00FF, 0x00FF, 0x00FF, 0x00FF, 0x00FF, 0x00FF,
  0x00FF, 0x00FF, 0x00FF, 0x00FF, 0x00FF, 0x00FF, 0x00FF, 0x00FF, 0x00FF, 0x00FF, 0x00FF, 0x00FF, 0x00FF, 0x00FF, 0x00FF, 0x00FF,
  0x00FF, 0x00FF, 0x00FF, 0x00FF, 0x00FF, 0x00FF, 0x00FF, 0x00FF, 0x00FF, 0x00FF, 0x00FF, 0x00FF, 0x00FF, 0x00FF, 0x00FF, 0x00FF,
  0x00FF, 0x00FF, 0x00FF, 0x00FF, 0x00FF, 0x00FF, 0x00FF, 0x00FF, 0x00FF, 0x00FF, 0x00FF, 0x00FF, 0x00FF, 0x00FF, 0x00FF, 0x00FF,
  0x00FF, 0x00FF, 0x00FF, 0x00FF, 0x00FF, 0x00FF, 0x00FF, 0x00FF, 0x00FF, 0x00FF, 0x00FF, 0x00FF, 0x00FF, 0x00FF, 0x00FF, 0x00FF,
  0x00FF, 0x00FF, 0x00FF, 0x00FF, 0x00FF, 0x00FF, 0x00FF, 0x00FF, 0x00FF, 0x00FF, 0x00FF, 0x00FF, 0x00FF, 0x00FF, 0x00FF, 0x00FF,
  0x00FF, 0x00FF, 0x00FF, 0x00FF, 0x00FF, 0x00FF, 0x00FF, 0x00FF, 0x00FF, 0x00FF, 0x00FF, 0x00FF, 0x00FF, 0x00FF, 0x00FF, 0x00FF,
  0x00FF, 0x00FF, 0x00FF, 0x00FF, 0x00FF, 0x00FF, 0x00FF, 0x00FF, 0x00FF, 0x00FF, 0x00FF, 0x00FF, 0x00FF, 0x00FF, 0x00FF, 0x00FF,
  0x00FF, 0x00FF, 0x00FF, 0x00FF, 0x00FF, 0x00FF, 0x00FF, 0x00FF, 0x00FF, 0x00FF, 0x00FF, 0x00FF, 0x00FF, 0x00FF, 0x00FF, 0x00FF,
  0x00FF, 0x00FF, 0x00FF, 0x00FF, 0x00FF, 0x00FF, 0x00FF, 0x00FF, 0x00FF, 0x00FF, 0x00FF, 0x00FF, 0x00FF, 0x00FF, 0x00FF, 0x00FF,
  0x00FF, 0x00FF, 0x00FF, 0x00FF, 0x00FF, 0x00FF, 0x00FF, 0x00FF, 0x00FF, 0x00FF, 0x00FF, 0x00FF, 0x00FF, 0x00FF, 0x00FF, 0x00FF,
  0x00FF, 0x00FF, 0x00FF, 0x00FF, 0x00FF, 0x00FF, 0x00FF, 0x00FF, 0x00FF, 0x00FF, 0x00FF, 0x00FF, 0x00FF, 0x00FF, 0x00FF, 0x00FF,
  0x00FF, 0x00FF, 0x00FF, 0x00FF, 0x00FF, 0x00FF, 0x00FF, 0x00FF, 0x00FF, 0x00FF, 0x00FF, 0x00FF, 0x00FF, 0x00FF, 0x00FF, 0x00FF,
  0x00FF, 0x00FF, 0x00FF, 0x00FF, 0x00FF, 0x00FF, 0x00FF, 0x00FF, 0x00FF, 0x00FF, 0x00FF, 0x00FF, 0x00FF, 0x00FF, 0x00FF, 0x00FF,
  0x00FF, 0x00FF, 0x00FF, 0x00FF, 0x00FF, 0x00FF, 0x00FF, 0x00FF, 0x00FF, 0x00FF, 0x00FF, 0x00FF, 0x00FF, 0x00FF, 0x00FF, 0x00FF,
  0x00FF, 0x00FF, 0x00FF, 0x00FF, 0x00FF, 0x00FF, 0x00FF, 0x00FF, 0x00FF, 0x00FF, 0x00FF, 0x00FF, 0x00FF, 0x00FF, 0x00FF, 0x00FF,
  0x00FF, 0x00FF, 0x00FF, 0x00FF, 0x00FF, 0x00FF, 0x00FF, 0x00FF, 0x00FF, 0x00FF, 0x00FF, 0x00FF, 0x00FF, 0x00FF, 0x00FF, 0x00FF,
  0x00FF, 0x00FF, 0x00FF, 0x00FF, 0x00FF, 0x00FF, 0x00FF, 0x00FF, 0x00FF, 0x00FF, 0x00FF, 0x00FF, 0x00FF, 0x00FF, 0x00FF, 0x00FF,
  0x00FF, 0x00FF, 0x00FF, 0x00FF, 0x00FF, 0x00FF, 0x00FF, 0x00FF, 0x00FF, 0x00FF, 0x00FF, 0x00FF, 0x00FF, 0x00FF, 0x00FF, 0x00FF,
  0x00FF, 0x00FF, 0x00FF, 0x00FF, 0x00FF, 0x00FF, 0x00FF, 0x00FF, 0x00FF, 0x00FF, 0x00FF, 0x00FF, 0x00FF, 0x00FF, 0x00FF, 0x00FF,
  0x00FF, 0x00FF, 0x00FF, 0x00FF, 0x00FF, 0x00FF, 0x00FF, 0x00FF, 0x00FF, 0x00FF, 0x00FF, 0x00FF, 0x00FF, 0x00FF, 0x00FF, 0x00FF,
  0x00FF, 0x00FF, 0x00FF, 0x00FF, 0x00FF, 0x00FF, 0x00FF, 0x00FF, 0x00FF, 0x00FF, 0x00FF, 0x00FF, 0x00FF, 0x00FF, 0x00FF, 0x00FF,
  0x00FF, 0x00FF, 0x00FF, 0x00FF, 0x00FF, 0x00FF, 0x00FF, 0x00FF, 0x00FF, 0x00FF, 0x00FF, 0x00FF, 0x00FF, 0x00FF, 0x00FF, 0x00FF,
  0x00FF, 0x00FF, 0x00FF, 0x00FF, 0x00FF, 0x00FF, 0x00FF, 0x00FF, 0x00FF, 0x00FF, 0x00FF, 0x00FF, 0x00FF, 0x00FF, 0x00FF, 0x00FF,
  0x00FF, 0x00FF, 0x00FF, 0x00FF, 0x00FF, 0x00FF, 0x00FF, 0x00FF, 0x00FF, 0x00FF, 0x00FF, 0x00FF, 0x00FF, 0x00FF, 0x00FF, 0x00FF,
  0x00FF, 0x00FF, 0x00FF, 0x00FF, 0x00FF, 0x00FF, 0x00FF, 0x00FF, 0x00FF, 0x00FF, 0x00FF, 0x00FF, 0x00FF, 0x00FF, 0x00FF, 0x00FF,
  0x00FF, 0x00FF, 0x00FF, 0x00FF, 0x00FF, 0x00FF, 0x00FF, 0x00FF, 0x00FF, 0x00FF, 0x00FF, 0x00FF, 0x00FF, 0x00FF, 0x00FF, 0x00FF,
  0x00FF, 0x00FF, 0x00FF, 0x00FF, 0x00FF, 0x00FF, 0x00FF, 0x00FF, 0x00FF, 0x00FF, 0x00FF, 0x00FF, 0x00FF, 0x00FF, 0x00FF, 0x00FF,
  0x00FF, 0x00FF, 0x00FF, 0x00FF, 0x00FF, 0x00FF, 0x00FF, 0x00FF, 0x00FF, 0x00FF, 0x00FF, 0x00FF, 0x00FF, 0x00FF, 0x00FF, 0x00FF,
  0x00FF, 0x00FF, 0x00FF, 0x00FF, 0x00FF, 0x00FF, 0x00FF, 0x00FF, 0x00FF, 0x00FF, 0x00FF, 0x00FF, 0x00FF, 0x00FF, 0x00FF, 0x00FF,
  0x00FF, 0x00FF, 0x00FF, 0x00FF, 0x00FF, 0x00FF, 0x00FF, 0x00FF, 0x00FF, 0x00FF, 0x00FF, 0x00FF, 0x00FF, 0x00FF, 0x00FF, 0x00FF,
  0x00FF, 0x00FF, 0x00FF, 0x00FF, 0x00FF, 0x00FF, 0x00FF, 0x00FF, 0x00FF, 0x00FF, 0x00FF, 0x00FF, 0x00FF, 0x00FF, 0x00FF, 0x00FF,
  0x00FF, 0x00FF, 0x00FF, 0x00FF, 0x00FF, 0x00FF, 0x00FF, 0x00FF, 0x00FF, 0x00FF, 0x00FF, 0x00FF, 0x00FF, 0x00FF, 0x00FF, 0x00FF,
  0x00FF, 0x00FF, 0x00FF, 0x00FF, 0x00FF, 0x00FF, 0x00FF, 0x00FF, 0x00FF, 0x00FF, 0x00FF, 0x00FF, 0x00FF, 0x00FF, 0x00FF, 0x00FF,
  0x00FF, 0x00FF, 0x00FF, 0x00FF, 0x00FF, 0x00FF, 0x00FF, 0x00FF, 0x00FF, 0x00FF, 0x00FF, 0x00FF, 0x00FF, 0x00FF, 0x00FF, 0x00FF,
  0x00FF, 0x00FF, 0x00FF, 0x00FF, 0x00FF, 0x00FF, 0x00FF, 0x00FF, 0x00FF, 0x00FF, 0x00FF, 0x00FF, 0x00FF, 0x00FF, 0x00FF, 0x00FF,
  0x00FF, 0x00FF, 0x00FF, 0x00FF, 0x00FF, 0x00FF, 0x00FF, 0x00FF, 0x00FF, 0x00FF, 0x00FF, 0x00FF, 0x00FF, 0x00FF, 0x00FF, 0x00FF,
  0x00FF, 0x00FF, 0x00FF, 0x00FF, 0x00FF, 0x00FF, 0x00FF, 0x00FF, 0x00FF, 0x00FF, 0x00FF, 0x00FF, 0x00FF, 0x00FF, 0x00FF, 0x00FF,
  0x00FF, 0x00FF, 0x00FF, 0x00FF, 0x00FF, 0x00FF, 0x00FF, 0x00FF, 0x00FF, 0x00FF, 0x00FF, 0x00FF, 0x00FF, 0x00FF, 0x00FF, 0x00FF,
  0x00FF, 0x00FF, 0x00FF, 0x00FF, 0x00FF, 0x00FF, 0x00FF, 0x00FF, 0x00FF, 0x00FF, 0x00FF, 0x00FF, 0x00FF, 0x00FF, 0x00FF, 0x00FF,
  0x00FF, 0x00FF, 0x00FF, 0x00FF, 0x00FF, 0x00FF, 0x00FF, 0x00FF, 0x00FF, 0x00FF, 0x00FF, 0x00FF, 0x00FF, 0x00FF, 0x00FF, 0x00FF,
  0x00FF, 0x00FF, 0x00FF, 0x00FF, 0x00FF, 0x00FF, 0x00FF, 0x00FF, 0x00FF, 0x00FF, 0x00FF, 0x00FF, 0x00FF, 0x00FF, 0x00FF, 0x00FF,
  0x00FF, 0x00FF, 0x00FF, 0x00FF, 0x00FF, 0x00FF, 0x00FF, 0x00FF, 0x00FF, 0x00FF, 0x00FF, 0x00FF, 0x00FF, 0x00FF, 0x00FF, 0x00FF,
  0x00FF, 0x00FF, 0x00FF, 0x00FF, 0x00FF, 0x00FF, 0x00FF, 0x00FF, 0x00FF, 0x00FF, 0x00FF, 0x00FF, 0x00FF, 0x00FF, 0x00FF, 0x00FF,
  0x00FF, 0x00FF, 0x00FF, 0x00FF, 0x00FF, 0x00FF, 0x00FF, 0x00FF, 0x00FF, 0x00FF, 0x00FF, 0x00FF, 0x00FF, 0x00FF, 0x00FF, 0x00FF,
  0x00FF, 0x00FF, 0x00FF, 0x00FF, 0x00FF, 0x00FF, 0x00FF, 0x00FF, 0x00FF, 0x00FF, 0x00FF, 0x00FF, 0x00FF, 0x00FF, 0x00FF, 0x00FF,
  0x00FF, 0x00FF, 0x00FF, 0x00FF, 0x00FF, 0x00FF, 0x00FF, 0x00FF, 0x00FF, 0x00FF, 0x00FF, 0x00FF, 0x00FF, 0x00FF, 0x00FF, 0x00FF,
  0x00FF, 0x00FF, 0x00FF, 0x00FF, 0x00FF, 0x00FF, 0x00FF, 0x00FF, 0x00FF, 0x00FF, 0x00FF, 0x00FF, 0x00FF, 0x00FF, 0x00FF, 0x00FF,
  0x00FF, 0x00FF, 0x00FF, 0x00FF, 0x00FF, 0x00FF, 0x00FF, 0x00FF, 0x00FF, 0x00FF, 0x00FF, 0x00FF, 0x00FF, 0x00FF, 0x00FF, 0x00FF,
  0x00FF, 0x00FF, 0x00FF, 0x00FF, 0x00FF, 0x00FF, 0x00FF, 0x00FF, 0x00FF, 0x00FF, 0x00FF, 0x00FF, 0x00FF, 0x00FF, 0x00FF, 0x00FF,
  0x00FF, 0x00FF, 0x00FF, 0x00FF, 0x00FF, 0x00FF, 0x00FF, 0x00FF, 0x00FF, 0x00FF, 0x00FF, 0x00FF, 0x00FF, 0x00FF, 0x00FF, 0x00FF,
  0x00FF, 0x00FF, 0x00FF, 0x00FF, 0x00FF, 0x00FF, 0x00FF, 0x00FF, 0x00FF, 0x00FF, 0x00FF, 0x00FF, 0x00FF, 0x00FF, 0x00FF, 0x00FF,
  0x00FF, 0x00FF, 0x00FF, 0x00FF, 0x00FF, 0x00FF, 0x00FF, 0x00FF, 0x00FF, 0x00FF, 0x00FF, 0x00FF, 0x00FF, 0x00FF, 0x00FF, 0x00FF,
  0x00FF, 0x00FF, 0x00FF, 0x00FF, 0x00FF, 0x00FF, 0x00FF, 0x00FF, 0x00FF, 0x00FF, 0x00FF, 0x00FF, 0x00FF, 0x00FF, 0x00FF, 0x00FF,
  0x00FF, 0x00FF, 0x00FF, 0x00FF, 0x00FF, 0x00FF, 0x00FF, 0x00FF, 0x00FF, 0x00FF, 0x00FF, 0x00FF, 0x00FF, 0x00FF, 0x00FF, 0x00FF,
  0x00FF, 0x00FF, 0x00FF, 0x00FF, 0x00FF, 0x00FF, 0x00FF, 0x00FF, 0x00FF, 0x00FF, 0x00FF, 0x00FF, 0x00FF, 0x00FF, 0x00FF, 0x00FF,
  0x00FF, 0x00FF, 0x00FF, 0x00FF, 0x00FF, 0x00FF, 0x00FF, 0x00FF, 0x00FF, 0x00FF, 0x00FF, 0x00FF, 0x00FF, 0x00FF, 0x00FF, 0x00FF,
  0x00FF, 0x00FF, 0x00FF, 0x00FF, 0x00FF, 0x00FF, 0x00FF, 0x00FF, 0x00FF, 0x00FF, 0x00FF, 0x00FF, 0x00FF, 0x00FF, 0x00FF, 0x00FF,
  0x00FF, 0x00FF, 0x00FF, 0x00FF, 0x00FF, 0x00FF, 0x00FF, 0x00FF, 0x00FF, 0x00FF, 0x00FF, 0x00FF, 0x00FF, 0x00FF, 0x00FF, 0x00FF,
  0x00FF, 0x00FF, 0x00FF, 0x00FF, 0x00FF, 0x00FF, 0x00FF, 0x00FF, 0x00FF, 0x00FF, 0x00FF, 0x00FF, 0x00FF, 0x00FF, 0x00FF, 0x00FF,
  0x00FF, 0x00FF, 0x00FF, 0x00FF, 0x00FF, 0x00FF, 0x00FF, 0x00FF, 0x00FF, 0x00FF, 0x00FF, 0x00FF, 0x00FF, 0x00FF, 0x00FF, 0x00FF,
  0x00FF, 0x00FF, 0x00FF, 0x00FF, 0x00FF, 0x00FF, 0x00FF, 0x00FF, 0x00FF, 0x00FF, 0x00FF, 0x00FF, 0x00FF, 0x00FF, 0x00FF, 0x00FF,
  0x00FF, 0x00FF, 0x00FF, 0x00FF, 0x00FF, 0x00FF, 0x00FF, 0x00FF, 0x00FF, 0x00FF, 0x00FF, 0x00FF, 0x00FF, 0x00FF, 0x00FF, 0x00FF,
  0x00FF, 0x00FF, 0x00FF, 0x00FF, 0x00FF, 0x00FF, 0x00FF, 0x00FF, 0x00FF, 0x00FF, 0x00FF, 0x00FF, 0x00FF, 0x00FF, 0x00FF, 0x00FF,
  0x00FF, 0x00FF, 0x00FF, 0x00FF, 0x00FF, 0x00FF, 0x00FF, 0x00FF, 0x00FF, 0x00FF, 0x00FF, 0x00FF, 0x00FF, 0x00FF, 0x00FF, 0x00FF,
  0x00FF, 0x00FF, 0x00FF, 0x00FF, 0x00FF, 0x00FF, 0x00FF, 0x00FF, 0x00FF, 0x00FF, 0x00FF, 0x00FF, 0x00FF, 0x00FF, 0x00FF, 0x00FF,
  0x00FF, 0x00FF, 0x00FF, 0x00FF, 0x00FF, 0x00FF, 0x00FF, 0x00FF, 0x00FF, 0x00FF, 0x00FF, 0x00FF, 0x00FF, 0x00FF, 0x00FF, 0x00FF,
  0x00FF, 0x00FF, 0x00FF, 0x00FF, 0x00FF, 0x00FF, 0x00FF, 0x00FF, 0x00FF, 0x00FF, 0x00FF, 0x00FF, 0x00FF, 0x00FF, 0x00FF, 0x00FF,
  0x00FF, 0x00FF, 0x00FF, 0x00FF, 0x00FF, 0x00FF, 0x00FF, 0x00FF, 0x00FF, 0x00FF, 0x00FF, 0x00FF, 0x00FF, 0x00FF, 0x00FF, 0x00FF,
  0x00FF, 0x00FF, 0x00FF, 0x00FF, 0x00FF, 0x00FF, 0x00FF, 0x00FF, 0x00FF, 0x00FF, 0x00FF, 0x00FF, 0x00FF, 0x00FF, 0x00FF, 0x00FF,
  0x00FF, 0x00FF, 0x00FF, 0x00FF, 0x00FF, 0x00FF, 0x00FF, 0x00FF, 0x00FF, 0x00FF, 0x00FF, 0x00FF, 0x00FF, 0x00FF, 0x00FF, 0x00FF,
  0x00FF, 0x00FF, 0x00FF, 0x00FF, 0x00FF, 0x00FF, 0x00FF, 0x00FF, 0x00FF, 0x00FF, 0x00FF, 0x00FF, 0x00FF, 0x00FF, 0x00FF, 0x00FF,
  0x00FF, 0x00FF, 0x00FF, 0x00FF, 0x00FF, 0x00FF, 0x00FF, 0x00FF, 0x00FF, 0x00FF, 0x00FF, 0x00FF, 0x00FF, 0x00FF, 0x00FF, 0x00FF,
  0x00FF, 0x00FF, 0x00FF, 0x00FF, 0x00FF, 0x00FF, 0x00FF, 0x00FF, 0x00FF, 0x00FF, 0x00FF, 0x00FF, 0x00FF, 0x00FF, 0x00FF, 0x00FF,
  0x00FF, 0x00FF, 0x00FF, 0x00FF, 0x00FF, 0x00FF, 0x00FF, 0x00FF, 0x00FF, 0x00FF, 0x00FF, 0x00FF, 0x00FF, 0x00FF, 0x00FF, 0x00FF,
  0x00FF, 0x00FF, 0x00FF, 0x00FF, 0x00FF, 0x00FF, 0x00FF, 0x00FF, 0x00FF, 0x00FF, 0x00FF, 0x00FF, 0x00FF, 0x00FF, 0x00FF, 0x00FF,
  0x00FF, 0x00FF, 0x00FF, 0x00FF, 0x00FF, 0x00FF, 0x00FF, 0x00FF, 0x00FF, 0x00FF, 0x00FF, 0x00FF, 0x00FF, 0x00FF, 0x00FF, 0x00FF,
  0x00FF, 0x00FF, 0x00FF, 0x00FF, 0x00FF, 0x00FF, 0x00FF, 0x00FF, 0x00FF, 0x00FF, 0x00FF, 0x00FF, 0x00FF, 0x00FF, 0x00FF, 0x00FF,
  0x00FF, 0x00FF, 0x00FF, 0x00FF, 0x00FF, 0x00FF, 0x00FF, 0x00FF, 0x00FF, 0x00FF, 0x00FF, 0x00FF, 0x00FF, 0x00FF, 0x00FF, 0x00FF,
  0x00FF, 0x00FF, 0x00FF, 0x00FF, 0x00FF, 0x00FF, 0x00FF, 0x00FF, 0x00FF, 0x00FF, 0x00FF, 0x00FF, 0x00FF, 0x00FF, 0x00FF, 0x00FF,
  0x00FF, 0x00FF, 0x00FF, 0x00FF, 0x00FF, 0x00FF, 0x00FF, 0x00FF, 0x00FF, 0x00FF, 0x00FF, 0x00FF, 0x00FF, 0x00FF, 0x00FF, 0x00FF,
  0x00FF, 0x00FF, 0x00FF, 0x00FF, 0x00FF, 0x00FF, 0x00FF, 0x00FF, 0x00FF, 0x00FF, 0x00FF, 0x00FF, 0x00FF, 0x00FF, 0x00FF, 0x00FF,
  0x00FF, 0x00FF, 0x00FF, 0x00FF, 0x00FF, 0x00FF, 0x00FF, 0x00FF, 0x00FF, 0x00FF, 0x00FF, 0x00FF, 0x00FF, 0x00FF, 0x00FF, 0x00FF,
  0x00FF, 0x00FF, 0x00FF, 0x00FF, 0x00FF, 0x00FF, 0x00FF, 0x00FF, 0x00FF, 0x00FF, 0x00FF, 0x00FF, 0x00FF, 0x00FF, 0x00FF, 0x00FF,
  0x00FF, 0x00FF, 0x00FF, 0x00FF, 0x00FF, 0x00FF, 0x00FF, 0x00FF, 0x00FF, 0x00FF, 0x00FF, 0x00FF, 0x00FF, 0x00FF, 0x00FF, 0x00FF,
  0x00FF, 0x00FF, 0x00FF, 0x00FF, 0x00FF, 0x00FF, 0x00FF, 0x00FF, 0x00FF, 0x00FF, 0x00FF, 0x00FF, 0x00FF, 0x00FF, 0x00FF, 0x00FF,
  0x00FF, 0x00FF, 0x00FF, 0x00FF, 0x00FF, 0x00FF, 0x00FF, 0x00FF, 0x00FF, 0x00FF, 0x00FF, 0x00FF, 0x00FF, 0x00FF, 0x00FF, 0x00FF,
  0x00FF, 0x00FF, 0x00FF, 0x00FF, 0x00FF, 0x00FF, 0x00FF, 0x00FF, 0x00FF, 0x00FF, 0x00FF, 0x00FF, 0x00FF, 0x00FF, 0x00FF, 0x00FF,
  0x00FF, 0x00FF, 0x00FF, 0x00FF, 0x00FF, 0x00FF, 0x00FF, 0x00FF, 0x00FF, 0x00FF, 0x00FF, 0x00FF, 0x00FF, 0x00FF, 0x00FF, 0x00FF,
  0x00FF, 0x00FF, 0x00FF, 0x00FF, 0x00FF, 0x00FF, 0x00FF, 0x00FF, 0x00FF, 0x00FF, 0x00FF, 0x00FF, 0x00FF, 0x00FF, 0x00FF, 0x00FF,
  0x00FF, 0x00FF, 0x00FF, 0x00FF, 0x00FF, 0x00FF, 0x00FF, 0x00FF, 0x00FF, 0x00FF, 0x00FF, 0x00FF, 0x00FF, 0x00FF, 0x00FF, 0x00FF,
  0x00FF, 0x00FF, 0x00FF, 0x00FF, 0x00FF, 0x00FF, 0x00FF, 0x00FF, 0x00FF, 0x00FF, 0x00FF, 0x00FF, 0x00FF, 0x00FF, 0x00FF, 0x00FF,
  0x00FF, 0x00FF, 0x00FF, 0x00FF, 0x00FF, 0x00FF, 0x00FF, 0x00FF, 0x00FF, 0x00FF, 0x00FF, 0x00FF, 0x00FF, 0x00FF, 0x00FF, 0x00FF,
  0x00FF, 0x00FF, 0x00FF, 0x00FF, 0x00FF, 0x00FF, 0x00FF, 0x00FF, 0x00FF, 0x00FF, 0x00FF, 0x00FF, 0x00FF, 0x00FF, 0x00FF, 0x00FF,
  0x00FF, 0x00FF, 0x00FF, 0x00FF, 0x00FF, 0x00FF, 0x00FF, 0x00FF, 0x00FF, 0x00FF, 0x00FF, 0x00FF, 0x00FF, 0x00FF, 0x00FF, 0x00FF,
  0x00FF, 0x00FF, 0x00FF, 0x00FF, 0x00FF, 0x00FF, 0x00FF, 0x00FF, 0x00FF, 0x00FF, 0x00FF, 0x00FF, 0x00FF, 0x00FF, 0x00FF, 0x00FF,
  0x00FF, 0x00FF, 0x00FF, 0x00FF, 0x00FF, 0x00FF, 0x00FF, 0x00FF, 0x00FF, 0x00FF, 0x00FF, 0x00FF, 0x00FF, 0x00FF, 0x00FF, 0x00FF,
  0x00FF, 0x00FF, 0x00FF, 0x00FF, 0x00FF, 0x00FF, 0x00FF, 0x00FF, 0x00FF, 0x00FF, 0x00FF, 0x00FF, 0x00FF, 0x00FF, 0x00FF, 0x00FF,
  0x00FF, 0x00FF, 0x00FF, 0x00FF, 0x00FF, 0x00FF, 0x00FF, 0x00FF, 0x00FF, 0x00FF, 0x00FF, 0x00FF, 0x00FF, 0x00FF, 0x00FF, 0x00FF,
  0x00FF, 0x00FF, 0x00FF, 0x00FF, 0x00FF, 0x00FF, 0x00FF, 0x00FF, 0x00FF, 0x00FF, 0x00FF, 0x00FF, 0x00FF, 0x00FF, 0x00FF, 0x00FF,
  0x00FF, 0x00FF, 0x00FF, 0x00FF, 0x00FF, 0x00FF, 0x00FF, 0x00FF, 0x00FF, 0x00FF, 0x00FF, 0x00FF, 0x00FF, 0x00FF, 0x00FF, 0x00FF,
  0x00FF, 0x00FF, 0x00FF, 0x00FF, 0x00FF, 0x00FF, 0x00FF, 0x00FF, 0x00FF, 0x00FF, 0x00FF, 0x00FF, 0x00FF, 0x00FF, 0x00FF, 0x00FF,
  0x00FF, 0x00FF, 0x00FF, 0x00FF, 0x00FF, 0x00FF, 0x00FF, 0x00FF, 0x00FF, 0x00FF, 0x00FF, 0x00FF, 0x00FF, 0x00FF, 0x00FF, 0x00FF,
  0x00FF, 0x00FF, 0x00FF, 0x00FF, 0x00FF, 0x00FF, 0x00FF, 0x00FF, 0x00FF, 0x00FF, 0x00FF, 0x00FF, 0x00FF, 0x00FF, 0x00FF, 0x00FF,
  0x00FF, 0x00FF, 0x00FF, 0x00FF, 0x00FF, 0x00FF, 0x00FF, 0x00FF, 0x00FF, 0x00FF, 0x00FF, 0x00FF, 0x00FF, 0x00FF, 0x00FF, 0x00FF,
  0x00FF, 0x00FF, 0x00FF, 0x00FF, 0x00FF, 0x00FF, 0x00FF, 0x00FF, 0x00FF, 0x00FF, 0x00FF, 0x00FF, 0x00FF, 0x00FF, 0x00FF, 0x00FF,
  0x00FF, 0x00FF, 0x00FF, 0x00FF, 0x00FF, 0x00FF, 0x00FF, 0x00FF, 0x00FF, 0x00FF, 0x00FF, 0x00FF, 0x00FF, 0x00FF, 0x00FF, 0x00FF,
  0x00FF, 0x00FF, 0x00FF, 0x00FF, 0x00FF, 0x00FF, 0x00FF, 0x00FF, 0x00FF, 0x00FF, 0x00FF, 0x00FF, 0x00FF, 0x00FF, 0x00FF, 0x00FF,
  0x00FF, 0x00FF, 0x00FF, 0x00FF, 0x00FF, 0x00FF, 0x00FF, 0x00FF, 0x00FF, 0x00FF, 0x00FF, 0x00FF, 0x00FF, 0x00FF, 0x00FF, 0x00FF,
  0x00FF, 0x00FF, 0x00FF, 0x00FF, 0x00FF, 0x00FF, 0x00FF, 0x00FF, 0x00FF, 0x00FF, 0x00FF, 0x00FF, 0x00FF, 0x00FF, 0x00FF, 0x00FF,
  0x00FF, 0x00FF, 0x00FF, 0x00FF, 0x00FF, 0x00FF, 0x00FF, 0x00FF, 0x00FF, 0x00FF, 0x00FF, 0x00FF, 0x00FF, 0x00FF, 0x00FF, 0x00FF,
  0x00FF, 0x00FF, 0x00FF, 0x00FF, 0x00FF, 0x00FF, 0x00FF, 0x00FF, 0x00FF, 0x00FF, 0x00FF, 0x00FF, 0x00FF, 0x00FF, 0x00FF, 0x00FF,
  0x00FF, 0x00FF, 0x00FF, 0x00FF, 0x00FF, 0x00FF, 0x00FF, 0x00FF, 0x00FF, 0x00FF, 0x00FF, 0x00FF, 0x00FF, 0x00FF, 0x00FF, 0x00FF,
  0x00FF, 0x00FF, 0x00FF, 0x00FF, 0x00FF, 0x00FF, 0x00FF, 0x00FF, 0x00FF, 0x00FF, 0x00FF, 0x00FF, 0x00FF, 0x00FF, 0x00FF, 0x00FF,
  0x00FF, 0x00FF, 0x00FF, 0x00FF, 0x00FF, 0x00FF, 0x00FF, 0x00FF, 0x00FF, 0x00FF, 0x00FF, 0x00FF, 0x00FF, 0x00FF, 0x00FF, 0x00FF,
  0x00FF, 0x00FF, 0x00FF, 0x00FF, 0x00FF, 0x00FF, 0x00FF, 0x00FF, 0x00FF, 0x00FF, 0x00FF, 0x00FF, 0x00FF, 0x00FF, 0x00FF, 0x00FF,
  0x00FF, 0x00FF, 0x00FF, 0x00FF, 0x00FF, 0x00FF, 0x00FF, 0x00FF, 0x00FF, 0x00FF, 0x00FF, 0x00FF, 0x00FF, 0x00FF, 0x00FF, 0x00FF,
  0x00FF, 0x00FF, 0x00FF, 0x00FF, 0x00FF, 0x00FF, 0x00FF, 0x00FF, 0x00FF, 0x00FF, 0x00FF, 0x00FF, 0x00FF, 0x00FF, 0x00FF, 0x00FF,
  0x00FF, 0x00FF, 0x00FF, 0x00FF, 0x00FF, 0x00FF, 0x00FF, 0x00FF, 0x00FF, 0x00FF, 0x00FF, 0x00FF, 0x00FF, 0x00FF, 0x00FF, 0x00FF,
  0x00FF, 0x00FF, 0x00FF, 0x00FF, 0x00FF, 0x00FF, 0x00FF, 0x00FF, 0x00FF, 0x00FF, 0x00FF, 0x00FF, 0x00FF, 0x00FF, 0x00FF, 0x00FF,
  0x00FF, 0x00FF, 0x00FF, 0x00FF, 0x00FF, 0x00FF, 0x00FF, 0x00FF, 0x00FF, 0x00FF, 0x00FF, 0x00FF, 0x00FF, 0x00FF, 0x00FF, 0x00FF,
  0x00FF, 0x00FF, 0x00FF, 0x00FF, 0x00FF, 0x00FF, 0x00FF, 0x00FF, 0x00FF, 0x00FF, 0x00FF, 0x00FF, 0x00FF, 0x00FF, 0x00FF, 0x00FF,
  0x00FF, 0x00FF, 0x00FF, 0x00FF, 0x00FF, 0x00FF, 0x00FF, 0x00FF, 0x00FF, 0x00FF, 0x00FF, 0x00FF, 0x00FF, 0x00FF, 0x00FF, 0x00FF,
  0x00FF, 0x00FF, 0x00FF, 0x00FF, 0x00FF, 0x00FF, 0x00FF, 0x00FF, 0x00FF, 0x00FF, 0x00FF, 0x00FF, 0x00FF, 0x00FF, 0x00FF, 0x00FF,
  0x00FF, 0x00FF, 0x00FF, 0x00FF, 0x00FF, 0x00FF, 0x00FF, 0x00FF, 0x00FF, 0x00FF, 0x00FF, 0x00FF, 0x00FF, 0x00FF, 0x00FF, 0x00FF,
  0x00FF, 0x00FF, 0x00FF, 0x00FF, 0x00FF, 0x00FF, 0x00FF, 0x00FF, 0x00FF, 0x00FF, 0x00FF, 0x00FF, 0x00FF, 0x00FF, 0x00FF, 0x00FF,
  0x00FF, 0x00FF, 0x00FF, 0x00FF, 0x00FF, 0x00FF, 0x00FF, 0x00FF, 0x00FF, 0x00FF, 0x00FF, 0x00FF, 0x00FF, 0x00FF, 0x00FF, 0x00FF,
  0x00FF, 0x00FF, 0x00FF, 0x00FF, 0x00FF, 0x00FF, 0x00FF, 0x00FF, 0x00FF, 0x00FF, 0x00FF, 0x00FF, 0x00FF, 0x00FF, 0x00FF, 0x00FF,
  0x00FF, 0x00FF, 0x00FF, 0x00FF, 0x00FF, 0x00FF, 0x00FF, 0x00FF, 0x00FF, 0x00FF, 0x00FF, 0x00FF, 0x00FF, 0x00FF, 0x00FF, 0x00FF,
  0x00FF, 0x00FF, 0x00FF, 0x00FF, 0x00FF, 0x00FF, 0x00FF, 0x00FF, 0x00FF, 0x00FF, 0x00FF, 0x00FF, 0x00FF, 0x00FF, 0x00FF, 0x00FF,
  0x00FF, 0x00FF, 0x00FF, 0x00FF, 0x00FF, 0x00FF, 0x00FF, 0x00FF, 0x00FF, 0x00FF, 0x00FF, 0x00FF, 0x00FF, 0x00FF, 0x00FF, 0x00FF,
  0x00FF, 0x00FF, 0x00FF, 0x00FF, 0x00FF, 0x00FF, 0x00FF, 0x00FF, 0x00FF, 0x00FF, 0x00FF, 0x00FF, 0x00FF, 0x00FF, 0x00FF, 0x00FF,
  0x00FF, 0x00FF, 0x00FF, 0x00FF, 0x00FF, 0x00FF, 0x00FF, 0x00FF, 0x00FF, 0x00FF, 0x00FF, 0x00FF, 0x00FF, 0x00FF, 0x00FF, 0x00FF,
  0x00FF, 0x00FF, 0x00FF, 0x00FF, 0x00FF, 0x00FF, 0x00FF, 0x00FF, 0x00FF, 0x00FF, 0x00FF, 0x00FF, 0x00FF, 0x00FF, 0x00FF, 0x00FF,
  0x00FF, 0x00FF, 0x00FF, 0x00FF, 0x00FF, 0x00FF, 0x00FF, 0x00FF, 0x00FF, 0x00FF, 0x00FF, 0x00FF, 0x00FF, 0x00FF, 0x00FF, 0x00FF,
  0x00FF, 0x00FF, 0x00FF, 0x00FF, 0x00FF, 0x00FF, 0x00FF, 0x00FF, 0x00FF, 0x00FF, 0x00FF, 0x00FF, 0x00FF, 0x00FF, 0x00FF, 0x00FF,
  0x00FF, 0x00FF, 0x00FF, 0x00FF, 0x00FF, 0x00FF, 0x00FF, 0x00FF, 0x00FF, 0x00FF, 0x00FF, 0x00FF, 0x00FF, 0x00FF, 0x00FF, 0x00FF,
  0x00FF, 0x00FF, 0x00FF, 0x00FF, 0x00FF, 0x00FF, 0x00FF, 0x00FF, 0x00FF, 0x00FF, 0x00FF, 0x00FF, 0x00FF, 0x00FF, 0x00FF, 0x00FF,
  0x00FF, 0x00FF, 0x00FF, 0x00FF, 0x00FF, 0x00FF, 0x00FF, 0x00FF, 0x00FF, 0x00FF, 0x00FF, 0x00FF, 0x00FF, 0x00FF, 0x00FF, 0x00FF,
  0x00FF, 0x00FF, 0x00FF, 0x00FF, 0x00FF, 0x00FF, 0x00FF, 0x00FF, 0x00FF, 0x00FF, 0x00FF, 0x00FF, 0x00FF, 0x00FF, 0x00FF, 0x00FF,
  0x00FF, 0x00FF, 0x00FF, 0x00FF, 0x00FF, 0x00FF, 0x00FF, 0x00FF, 0x00FF, 0x00FF, 0x00FF, 0x00FF, 0x00FF, 0x00FF, 0x00FF, 0x00FF,
  0x00FF, 0x00FF, 0x00FF, 0x00FF, 0x00FF, 0x00FF, 0x00FF, 0x00FF, 0x00FF, 0x00FF, 0x00FF, 0x00FF, 0x00FF, 0x00FF, 0x00FF, 0x00FF,
  0x00FF, 0x00FF, 0x00FF, 0x00FF, 0x00FF, 0x00FF, 0x00FF, 0x00FF, 0x00FF, 0x00FF, 0x00FF, 0x00FF, 0x00FF, 0x00FF, 0x00FF, 0x00FF,
  0x00FF, 0x00FF, 0x00FF, 0x00FF, 0x00FF, 0x00FF, 0x00FF, 0x00FF, 0x00FF, 0x00FF, 0x00FF, 0x00FF, 0x00FF, 0x00FF, 0x00FF, 0x00FF,
  0x00FF, 0x00FF, 0x00FF, 0x00FF, 0x00FF, 0x00FF, 0x00FF, 0x00FF, 0x00FF, 0x00FF, 0x00FF, 0x00FF, 0x00FF, 0x00FF, 0x00FF, 0x00FF,
  0x00FF, 0x00FF, 0x00FF, 0x00FF, 0x00FF, 0x00FF, 0x00FF, 0x00FF, 0x00FF, 0x00FF, 0x00FF, 0x00FF, 0x00FF, 0x00FF, 0x00FF, 0x00FF,
  0x00FF, 0x00FF, 0x00FF, 0x00FF, 0x00FF, 0x00FF, 0x00FF, 0x00FF, 0x00FF, 0x00FF, 0x00FF, 0x00FF, 0x00FF, 0x00FF, 0x00FF, 0x00FF,
  0x00FF, 0x00FF, 0x00FF, 0x00FF, 0x00FF, 0x00FF, 0x00FF, 0x00FF, 0x00FF, 0x00FF, 0x00FF, 0x00FF, 0x00FF, 0x00FF, 0x00FF, 0x00FF,
  0x00FF, 0x00FF, 0x00FF, 0x00FF, 0x00FF, 0x00FF, 0x00FF, 0x00FF, 0x00FF, 0x00FF, 0x00FF, 0x00FF, 0x00FF, 0x00FF, 0x00FF, 0x00FF,
  0x00FF, 0x00FF, 0x00FF, 0x00FF, 0x00FF, 0x00FF, 0x00FF, 0x00FF, 0x00FF, 0x00FF, 0x00FF, 0x00FF, 0x00FF, 0x00FF, 0x00FF, 0x00FF,
  0x00FF, 0x00FF, 0x00FF, 0x00FF, 0x00FF, 0x00FF, 0x00FF, 0x00FF, 0x00FF, 0x00FF, 0x00FF, 0x00FF, 0x00FF, 0x00FF, 0x00FF, 0x00FF,
  0x00FF, 0x00FF, 0x00FF, 0x00FF, 0x00FF, 0x00FF, 0x00FF, 0x00FF, 0x00FF, 0x00FF, 0x00FF, 0x00FF, 0x00FF, 0x00FF, 0x00FF, 0x00FF,
  0x00FF, 0x00FF, 0x00FF, 0x00FF, 0x00FF, 0x00FF, 0x00FF, 0x00FF, 0x00FF, 0x00FF, 0x00FF, 0x00FF, 0x00FF, 0x00FF, 0x00FF, 0x00FF,
  0x00FF, 0x00FF, 0x00FF, 0x00FF, 0x00FF, 0x00FF, 0x00FF, 0x00FF, 0x00FF, 0x00FF, 0x00FF, 0x00FF, 0x00FF, 0x00FF, 0x00FF, 0x00FF,
  0x00FF, 0x00FF, 0x00FF, 0x00FF, 0x00FF, 0x00FF, 0x00FF, 0x00FF, 0x00FF, 0x00FF, 0x00FF, 0x00FF, 0x00FF, 0x00FF, 0x00FF, 0x00FF,
  0x00FF, 0x00FF, 0x00FF, 0x00FF, 0x00FF, 0x00FF, 0x00FF, 0x00FF, 0x00FF, 0x00FF, 0x00FF, 0x00FF, 0x00FF, 0x00FF, 0x00FF, 0x00FF,
  0x00FF, 0x00FF, 0x00FF, 0x00FF, 0x00FF, 0x00FF, 0x00FF, 0x00FF, 0x00FF, 0x00FF, 0x00FF, 0x00FF, 0x00FF, 0x00FF, 0x00FF, 0x00FF,
  0x00FF, 0x00FF, 0x00FF, 0x00FF, 0x00FF, 0x00FF, 0x00FF, 0x00FF, 0x00FF, 0x00FF, 0x00FF, 0x00FF, 0x00FF, 0x00FF, 0x00FF, 0x00FF,
  0x00FF, 0x00FF, 0x00FF, 0x00FF, 0x00FF, 0x00FF, 0x00FF, 0x00FF, 0x00FF, 0x00FF, 0x00FF, 0x00FF, 0x00FF, 0x00FF, 0x00FF, 0x00FF,
  0x00FF, 0x00FF, 0x00FF, 0x00FF, 0x00FF, 0x00FF, 0x00FF, 0x00FF, 0x00FF, 0x00FF, 0x00FF, 0x00FF, 0x00FF, 0x00FF, 0x00FF, 0x00FF,
  0x00FF, 0x00FF, 0x00FF, 0x00FF, 0x00FF, 0x00FF, 0x00FF, 0x00FF, 0x00FF, 0x00FF, 0x00FF, 0x00FF, 0x00FF, 0x00FF, 0x00FF, 0x00FF,
  0x00FF, 0x00FF, 0x00FF, 0x00FF, 0x00FF, 0x00FF, 0x00FF, 0x00FF, 0x00FF, 0x00FF, 0x00FF, 0x00FF, 0x00FF, 0x00FF, 0x00FF, 0x00FF,
  0x00FF, 0x00FF, 0x00FF, 0x00FF, 0x00FF, 0x00FF, 0x00FF, 0x00FF, 0x00FF, 0x00FF, 0x00FF, 0x00FF, 0x00FF, 0x00FF, 0x00FF, 0x00FF,
  0x00FF, 0x00FF, 0x00FF, 0x00FF, 0x00FF, 0x00FF, 0x00FF, 0x00FF, 0x00FF, 0x00FF, 0x00FF, 0x00FF, 0x00FF, 0x00FF, 0x00FF, 0x00FF,
  0x00FF, 0x00FF, 0x00FF, 0x00FF, 0x00FF, 0x00FF, 0x00FF, 0x00FF, 0x00FF, 0x00FF, 0x00FF, 0x00FF, 0x00FF, 0x00FF, 0x00FF, 0x00FF,
  0x00FF, 0x00FF, 0x00FF, 0x00FF, 0x00FF, 0x00FF, 0x00FF, 0x00FF, 0x00FF, 0x00FF, 0x00FF, 0x00FF, 0x00FF, 0x00FF, 0x00FF, 0x00FF,
  0x00FF, 0x00FF, 0x00FF, 0x00FF, 0x00FF, 0x00FF, 0x00FF, 0x00FF, 0x00FF, 0x00FF, 0x00FF, 0x00FF, 0x00FF, 0x00FF, 0x00FF, 0x00FF,
  0x00FF, 0x00FF, 0x00FF, 0x00FF, 0x00FF, 0x00FF, 0x00FF, 0x00FF, 0x00FF, 0x00FF, 0x00FF, 0x00FF, 0x00FF, 0x00FF, 0x00FF, 0x00FF,
  0x00FF, 0x00FF, 0x00FF, 0x00FF, 0x00FF, 0x00FF, 0x00FF, 0x00FF, 0x00FF, 0x00FF, 0x00FF, 0x00FF, 0x00FF, 0x00FF, 0x00FF, 0x00FF,
  0x00FF, 0x00FF, 0x00FF, 0x00FF, 0x00FF, 0x00FF, 0x00FF, 0x00FF, 0x00FF, 0x00FF, 0x00FF, 0x00FF, 0x00FF, 0x00FF, 0x00FF, 0x00FF,
  0x00FF, 0x00FF, 0x00FF, 0x00FF, 0x00FF, 0x00FF, 0x00FF, 0x00FF, 0x00FF, 0x00FF, 0x00FF, 0x00FF, 0x00FF, 0x00FF, 0x00FF, 0x00FF,
  0x00FF, 0x00FF, 0x00FF, 0x00FF, 0x00FF, 0x00FF, 0x00FF, 0x00FF, 0x00FF, 0x00FF, 0x00FF, 0x00FF, 0x00FF, 0x00FF, 0x00FF, 0x00FF,
  0x00FF, 0x00FF, 0x00FF, 0x00FF, 0x00FF, 0x00FF, 0x00FF, 0x00FF, 0x00FF, 0x00FF, 0x00FF, 0x00FF, 0x00FF, 0x00FF, 0x00FF, 0x00FF,
  0x00FF, 0x00FF, 0x00FF, 0x00FF, 0x00FF, 0x00FF, 0x00FF, 0x00FF, 0x00FF, 0x00FF, 0x00FF, 0x00FF, 0x00FF, 0x00FF, 0x00FF, 0x00FF,
  0x00FF, 0x00FF, 0x00FF, 0x00FF, 0x00FF, 0x00FF, 0x00FF, 0x00FF, 0x00FF, 0x00FF, 0x00FF, 0x00FF, 0x00FF, 0x00FF, 0x00FF, 0x00FF,
  0x00FF, 0x00FF, 0x00FF, 0x00FF, 0x00FF, 0x00FF, 0x00FF, 0x00FF, 0x00FF, 0x00FF, 0x00FF, 0x00FF, 0x00FF, 0x00FF, 0x00FF, 0x00FF,
  0x00FF, 0x00FF, 0x00FF, 0x00FF, 0x00FF, 0x00FF, 0x00FF, 0x00FF, 0x00FF, 0x00FF, 0x00FF, 0x00FF, 0x00FF, 0x00FF, 0x00FF, 0x00FF,
  0x00FF, 0x00FF, 0x00FF, 0x00FF, 0x00FF, 0x00FF, 0x00FF, 0x00FF, 0x00FF, 0x00FF, 0x00FF, 0x00FF, 0x00FF, 0x00FF, 0x00FF, 0x00FF,
  0x00FF, 0x00FF, 0x00FF, 0x00FF, 0x00FF, 0x00FF, 0x00FF, 0x00FF, 0x00FF, 0x00FF, 0x00FF, 0x00FF, 0x00FF, 0x00FF, 0x00FF, 0x00FF,
  0x00FF, 0x00FF, 0x00FF, 0x00FF, 0x00FF, 0x00FF, 0x00FF, 0x00FF, 0x00FF, 0x00FF, 0x00FF, 0x00FF, 0x00FF, 0x00FF, 0x00FF, 0x00FF,
  0x00FF, 0x00FF, 0x00FF, 0x00FF, 0x00FF, 0x00FF, 0x00FF, 0x00FF, 0x00FF, 0x00FF, 0x00FF, 0x00FF, 0x00FF, 0x00FF, 0x00FF, 0x00FF,
  0x00FF, 0x00FF, 0x00FF, 0x00FF, 0x00FF, 0x00FF, 0x00FF, 0x00FF, 0x00FF, 0x00FF, 0x00FF, 0x00FF, 0x00FF, 0x00FF, 0x00FF, 0x00FF,
  0x00FF, 0x00FF, 0x00FF, 0x00FF, 0x00FF, 0x00FF, 0x00FF, 0x00FF, 0x00FF, 0x00FF, 0x00FF, 0x00FF, 0x00FF, 0x00FF, 0x00FF, 0x00FF,
  0x00FF, 0x00FF, 0x00FF, 0x00FF, 0x00FF, 0x00FF, 0x00FF, 0x00FF, 0x00FF, 0x00FF, 0x00FF, 0x00FF, 0x00FF, 0x00FF, 0x00FF, 0x00FF,
  0x00FF, 0x00FF, 0x00FF, 0x00FF, 0x00FF, 0x00FF, 0x00FF, 0x00FF, 0x00FF, 0x00FF, 0x00FF, 0x00FF, 0x00FF, 0x00FF, 0x00FF, 0x00FF,
  0x00FF, 0x00FF, 0x00FF, 0x00FF, 0x00FF, 0x00FF, 0x00FF, 0x00FF, 0x00FF, 0x00FF, 0x00FF, 0x00FF, 0x00FF, 0x00FF, 0x00FF, 0x00FF,
  0x00FF, 0x00FF, 0x00FF, 0x00FF, 0x00FF, 0x00FF, 0x00FF, 0x00FF, 0x00FF, 0x00FF, 0x00FF, 0x00FF, 0x00FF, 0x00FF, 0x00FF, 0x00FF,
  0x00FF, 0x00FF, 0x00FF, 0x00FF, 0x00FF, 0x00FF, 0x00FF, 0x00FF, 0x00FF, 0x00FF, 0x00FF, 0x00FF, 0x00FF, 0x00FF, 0x00FF, 0x00FF,
  0x00FF, 0x00FF, 0x00FF, 0x00FF, 0x00FF, 0x00FF, 0x00FF, 0x00FF, 0x00FF, 0x00FF, 0x00FF, 0x00FF, 0x00FF, 0x00FF, 0x00FF, 0x00FF,
  0x00FF, 0x00FF, 0x00FF, 0x00FF, 0x00FF, 0x00FF, 0x00FF, 0x00FF, 0x00FF, 0x00FF, 0x00FF, 0x00FF, 0x00FF, 0x00FF, 0x00FF, 0x00FF,
  0x00FF, 0x00FF, 0x00FF, 0x00FF, 0x00FF, 0x00FF, 0x00FF, 0x00FF, 0x00FF, 0x00FF, 0x00FF, 0x00FF, 0x00FF, 0x00FF, 0x00FF, 0x00FF,
  0x00FF, 0x00FF, 0x00FF, 0x00FF, 0x00FF, 0x00FF, 0x00FF, 0x00FF, 0x00FF, 0x00FF, 0x00FF, 0x00FF, 0x00FF, 0x00FF, 0x00FF, 0x00FF,
  0x00FF, 0x00FF, 0x00FF, 0x00FF, 0x00FF, 0x00FF, 0x00FF, 0x00FF, 0x00FF, 0x00FF, 0x00FF, 0x00FF, 0x00FF, 0x00FF, 0x00FF, 0x00FF,
  0x00FF, 0x00FF, 0x00FF, 0x00FF, 0x00FF, 0x00FF, 0x00FF, 0x00FF, 0x00FF, 0x00FF, 0x00FF, 0x00FF, 0x00FF, 0x00FF, 0x00FF, 0x00FF,
  0x00FF, 0x00FF, 0x00FF, 0x00FF, 0x00FF, 0x00FF, 0x00FF, 0x00FF, 0x00FF, 0x00FF, 0x00FF, 0x00FF, 0x00FF, 0x00FF, 0x00FF, 0x00FF,
  0x00FF, 0x00FF, 0x00FF, 0x00FF, 0x00FF, 0x00FF, 0x00FF, 0x00FF, 0x00FF, 0x00FF, 0x00FF, 0x00FF, 0x00FF, 0x00FF, 0x00FF, 0x00FF,
  0x00FF, 0x00FF, 0x00FF, 0x00FF, 0x00FF, 0x00FF, 0x00FF, 0x00FF, 0x00FF, 0x00FF, 0x00FF, 0x00FF, 0x00FF, 0x00FF, 0x00FF, 0x00FF,
  0x00FF, 0x00FF, 0x00FF, 0x00FF, 0x00FF, 0x00FF, 0x00FF, 0x00FF, 0x00FF, 0x00FF, 0x00FF, 0x00FF, 0x00FF, 0x00FF, 0x00FF, 0x00FF,
  0x00FF, 0x00FF, 0x00FF, 0x00FF, 0x00FF, 0x00FF, 0x00FF, 0x00FF, 0x00FF, 0x00FF, 0x00FF, 0x00FF, 0x00FF, 0x00FF, 0x00FF, 0x00FF,
  0x00FF, 0x00FF, 0x00FF, 0x00FF, 0x00FF, 0x00FF, 0x00FF, 0x00FF, 0x00FF, 0x00FF, 0x00FF, 0x00FF, 0x00FF, 0x00FF, 0x00FF, 0x00FF,
  0x00FF, 0x00FF, 0x00FF, 0x00FF, 0x00FF, 0x00FF, 0x00FF, 0x00FF, 0x00FF, 0x00FF, 0x00FF, 0x00FF, 0x00FF, 0x00FF, 0x00FF, 0x00FF,
  0x00FF, 0x00FF, 0x00FF, 0x00FF, 0x00FF, 0x00FF, 0x00FF, 0x00FF, 0x00FF, 0x00FF, 0x00FF, 0x00FF, 0x00FF, 0x00FF, 0x00FF, 0x00FF,
  0x00FF, 0x00FF, 0x00FF, 0x00FF, 0x00FF, 0x00FF, 0x00FF, 0x00FF, 0x00FF, 0x00FF, 0x00FF, 0x00FF, 0x00FF, 0x00FF, 0x00FF, 0x00FF,
  0x00FF, 0x00FF, 0x00FF, 0x00FF, 0x00FF, 0x00FF, 0x00FF, 0x00FF, 0x00FF, 0x00FF, 0x00FF, 0x00FF, 0x00FF, 0x00FF, 0x00FF, 0x00FF,
  0x00FF, 0x00FF, 0x00FF, 0x00FF, 0x00FF, 0x00FF, 0x00FF, 0x00FF, 0x00FF, 0x00FF, 0x00FF, 0x00FF, 0x00FF, 0x00FF, 0x00FF, 0x00FF,
  0x00FF, 0x00FF, 0x00FF, 0x00FF, 0x00FF, 0x00FF, 0x00FF, 0x00FF, 0x00FF, 0x00FF, 0x00FF, 0x00FF, 0x00FF, 0x00FF, 0x00FF, 0x00FF,
  0x00FF, 0x00FF, 0x00FF, 0x00FF, 0x00FF, 0x00FF, 0x00FF, 0x00FF, 0x00FF, 0x00FF, 0x00FF, 0x00FF, 0x00FF, 0x00FF, 0x00FF, 0x00FF,
  0x00FF, 0x00FF, 0x00FF, 0x00FF, 0x00FF, 0x00FF, 0x00FF, 0x00FF, 0x00FF, 0x00FF, 0x00FF, 0x00FF, 0x00FF, 0x00FF, 0x00FF, 0x00FF,
  0x00FF, 0x00FF, 0x00FF, 0x00FF, 0x00FF, 0x00FF, 0x00FF, 0x00FF, 0x00FF, 0x00FF, 0x00FF, 0x00FF, 0x00FF, 0x00FF, 0x00FF, 0x00FF,
  0x00FF, 0x00FF, 0x00FF, 0x00FF, 0x00FF, 0x00FF, 0x00FF, 0x00FF, 0x00FF, 0x00FF, 0x00FF, 0x00FF, 0x00FF, 0x00FF, 0x00FF, 0x00FF,
  0x00FF, 0x00FF, 0x00FF, 0x00FF, 0x00FF, 0x00FF, 0x00FF, 0x00FF, 0x00FF, 0x00FF, 0x00FF, 0x00FF, 0x00FF, 0x00FF, 0x00FF, 0x00FF,
  0x00FF, 0x00FF, 0x00FF, 0x00FF, 0x00FF, 0x00FF, 0x00FF, 0x00FF, 0x00FF, 0x00FF, 0x00FF, 0x00FF, 0x00FF, 0x00FF, 0x00FF, 0x00FF,
  0x00FF, 0x00FF, 0x00FF, 0x00FF, 0x00FF, 0x00FF, 0x00FF, 0x00FF, 0x00FF, 0x00FF, 0x00FF, 0x00FF, 0x00FF, 0x00FF, 0x00FF, 0x00FF,
  0x00FF, 0x00FF, 0x00FF, 0x00FF, 0x00FF, 0x00FF, 0x00FF, 0x00FF, 0x00FF, 0x00FF, 0x00FF, 0x00FF, 0x00FF, 0x00FF, 0x00FF, 0x00FF,
  0x00FF, 0x00FF, 0x00FF, 0x00FF, 0x00FF, 0x00FF, 0x00FF, 0x00FF, 0x00FF, 0x00FF, 0x00FF, 0x00FF, 0x00FF, 0x00FF, 0x00FF, 0x00FF,
  0x00FF, 0x00FF, 0x00FF, 0x00FF, 0x00FF, 0x00FF, 0x00FF, 0x00FF, 0x00FF, 0x00FF, 0x00FF, 0x00FF, 0x00FF, 0x00FF, 0x00FF, 0x00FF,
  0x00FF, 0x00FF, 0x00FF, 0x00FF, 0x00FF, 0x00FF, 0x00FF, 0x00FF, 0x00FF, 0x00FF, 0x00FF, 0x00FF, 0x00FF, 0x00FF, 0x00FF, 0x00FF,
  0x00FF, 0x00FF, 0x00FF, 0x00FF, 0x00FF, 0x00FF, 0x00FF, 0x00FF, 0x00FF, 0x00FF, 0x00FF, 0x00FF, 0x00FF, 0x00FF, 0x00FF, 0x00FF,
  0x00FF, 0x00FF, 0x00FF, 0x00FF, 0x00FF, 0x00FF, 0x00FF, 0x00FF, 0x00FF, 0x00FF, 0x00FF, 0x00FF, 0x00FF, 0x00FF, 0x00FF, 0x00FF,
  0x00FF, 0x00FF, 0x00FF, 0x00FF, 0x00FF, 0x00FF, 0x00FF, 0x00FF, 0x00FF, 0x00FF, 0x00FF, 0x00FF, 0x00FF, 0x00FF, 0x00FF, 0x00FF,
  0x00FF, 0x00FF, 0x00FF, 0x00FF, 0x00FF, 0x00FF, 0x00FF, 0x00FF, 0x00FF, 0x00FF, 0x00FF, 0x00FF, 0x00FF, 0x00FF, 0x00FF, 0x00FF,
  0x00FF, 0x00FF, 0x00FF, 0x00FF, 0x00FF, 0x00FF, 0x00FF, 0x00FF, 0x00FF, 0x00FF, 0x00FF, 0x00FF, 0x00FF, 0x00FF, 0x00FF, 0x00FF,
  0x00FF, 0x00FF, 0x00FF, 0x00FF, 0x00FF, 0x00FF, 0x00FF, 0x00FF, 0x00FF, 0x00FF, 0x00FF, 0x00FF, 0x00FF, 0x00FF, 0x00FF, 0x00FF,
  0x00FF, 0x00FF, 0x00FF, 0x00FF, 0x00FF, 0x00FF, 0x00FF, 0x00FF, 0x00FF, 0x00FF, 0x00FF, 0x00FF, 0x00FF, 0x00FF, 0x00FF, 0x00FF,
  0x00FF, 0x00FF, 0x00FF, 0x00FF, 0x00FF, 0x00FF, 0x00FF, 0x00FF, 0x00FF, 0x00FF, 0x00FF, 0x00FF, 0x00FF, 0x00FF, 0x00FF, 0x00FF,
  0x00FF, 0x00FF, 0x00FF, 0x00FF, 0x00FF, 0x00FF, 0x00FF, 0x00FF, 0x00FF, 0x00FF, 0x00FF, 0x00FF, 0x00FF, 0x00FF, 0x00FF, 0x00FF,
  0x00FF, 0x00FF, 0x00FF, 0x00FF, 0x00FF, 0x00FF, 0x00FF, 0x00FF, 0x00FF, 0x00FF, 0x00FF, 0x00FF, 0x00FF, 0x00FF, 0x00FF, 0x00FF,
  0x00FF, 0x00FF, 0x00FF, 0x00FF, 0x00FF, 0x00FF, 0x00FF, 0x00FF, 0x00FF, 0x00FF, 0x00FF, 0x00FF, 0x00FF, 0x00FF, 0x00FF, 0x00FF,
  0x00FF, 0x00FF, 0x00FF, 0x00FF, 0x00FF, 0x00FF, 0x00FF, 0x00FF, 0x00FF, 0x00FF, 0x00FF, 0x00FF, 0x00FF, 0x00FF, 0x00FF, 0x00FF,
  0x00FF, 0x00FF, 0x00FF, 0x00FF, 0x00FF, 0x00FF, 0x00FF, 0x00FF, 0x00FF, 0x00FF, 0x00FF, 0x00FF, 0x00FF, 0x00FF, 0x00FF, 0x00FF,
  0x00FF, 0x00FF, 0x00FF, 0x00FF, 0x00FF, 0x00FF, 0x00FF, 0x00FF, 0x00FF, 0x00FF, 0x00FF, 0x00FF, 0x00FF, 0x00FF, 0x00FF, 0x00FF,
  0x00FF, 0x00FF, 0x00FF, 0x00FF, 0x00FF, 0x00FF, 0x00FF, 0x00FF, 0x00FF, 0x00FF, 0x00FF, 0x00FF, 0x00FF, 0x00FF, 0x00FF, 0x00FF,
  0x00FF, 0x00FF, 0x00FF, 0x00FF, 0x00FF, 0x00FF, 0x00FF, 0x00FF, 0x00FF, 0x00FF, 0x00FF, 0x00FF, 0x00FF, 0x00FF, 0x00FF, 0x00FF,
  0x00FF, 0x00FF, 0x00FF, 0x00FF, 0x00FF, 0x00FF, 0x00FF, 0x00FF, 0x00FF, 0x00FF, 0x00FF, 0x00FF, 0x00FF, 0x00FF, 0x00FF, 0x00FF,
  0x00FF, 0x00FF, 0x00FF, 0x00FF, 0x00FF, 0x00FF, 0x00FF, 0x00FF, 0x00FF, 0x00FF, 0x00FF, 0x00FF, 0x00FF, 0x00FF, 0x00FF, 0x00FF,
  0x00FF, 0x00FF, 0x00FF, 0x00FF, 0x00FF, 0x00FF, 0x00FF, 0x00FF, 0x00FF, 0x00FF, 0x00FF, 0x00FF, 0x00FF, 0x00FF, 0x00FF, 0x00FF,
  0x00FF, 0x00FF, 0x00FF, 0x00FF, 0x00FF, 0x00FF, 0x00FF, 0x00FF, 0x00FF, 0x00FF, 0x00FF, 0x00FF, 0x00FF, 0x00FF, 0x00FF, 0x00FF,
  0x00FF, 0x00FF, 0x00FF, 0x00FF, 0x00FF, 0x00FF, 0x00FF, 0x00FF, 0x00FF, 0x00FF, 0x00FF, 0x00FF, 0x00FF, 0x00FF, 0x00FF, 0x00FF,
  0x00FF, 0x00FF, 0x00FF, 0x00FF, 0x00FF, 0x00FF, 0x00FF, 0x00FF, 0x00FF, 0x00FF, 0x00FF, 0x00FF, 0x00FF, 0x00FF, 0x00FF, 0x00FF,
  0x00FF, 0x00FF, 0x00FF, 0x00FF, 0x00FF, 0x00FF, 0x00FF, 0x00FF, 0x00FF, 0x00FF, 0x00FF, 0x00FF, 0x00FF, 0x00FF, 0x00FF, 0x00FF,
  0x00FF, 0x00FF, 0x00FF, 0x00FF, 0x00FF, 0x00FF, 0x00FF, 0x00FF, 0x00FF, 0x00FF, 0x00FF, 0x00FF, 0x00FF, 0x00FF, 0x00FF, 0x00FF,
  0x00FF, 0x00FF, 0x00FF, 0x00FF, 0x00FF, 0x00FF, 0x00FF, 0x00FF, 0x00FF, 0x00FF, 0x00FF, 0x00FF, 0x00FF, 0x00FF, 0x00FF, 0x00FF,
  0x00FF, 0x00FF, 0x00FF, 0x00FF, 0x00FF, 0x00FF, 0x00FF, 0x00FF, 0x00FF, 0x00FF, 0x00FF, 0x00FF, 0x00FF, 0x00FF, 0x00FF, 0x00FF,
  0x00FF, 0x00FF, 0x00FF, 0x00FF, 0x00FF, 0x00FF, 0x00FF, 0x00FF, 0x00FF, 0x00FF, 0x00FF, 0x00FF, 0x00FF, 0x00FF, 0x00FF, 0x00FF,
  0x00FF, 0x00FF, 0x00FF, 0x00FF, 0x00FF, 0x00FF, 0x00FF, 0x00FF, 0x00FF, 0x00FF, 0x00FF, 0x00FF, 0x00FF, 0x00FF, 0x00FF, 0x00FF,
  0x00FF, 0x00FF, 0x00FF, 0x00FF, 0x00FF, 0x00FF, 0x00FF, 0x00FF, 0x00FF, 0x00FF, 0x00FF, 0x00FF, 0x00FF, 0x00FF, 0x00FF, 0x00FF,
  0x00FF, 0x00FF, 0x00FF, 0x00FF, 0x00FF, 0x00FF, 0x00FF, 0x00FF, 0x00FF, 0x00FF, 0x00FF, 0x00FF, 0x00FF, 0x00FF, 0x00FF, 0x00FF,
  0x00FF, 0x00FF, 0x00FF, 0x00FF, 0x00FF, 0x00FF, 0x00FF, 0x00FF, 0x00FF, 0x00FF, 0x00FF, 0x00FF, 0x00FF, 0x00FF, 0x00FF, 0x00FF,
  0x00FF, 0x00FF, 0x00FF, 0x00FF, 0x00FF, 0x00FF, 0x00FF, 0x00FF, 0x00FF, 0x00FF, 0x00FF, 0x00FF, 0x00FF, 0x00FF, 0x00FF, 0x00FF,
  0x00FF, 0x00FF, 0x00FF, 0x00FF, 0x00FF, 0x00FF, 0x00FF, 0x00FF, 0x00FF, 0x00FF, 0x00FF, 0x00FF, 0x00FF, 0x00FF, 0x00FF, 0x00FF,
  0x00FF, 0x00FF, 0x00FF, 0x00FF, 0x00FF, 0x00FF, 0x00FF, 0x00FF, 0x00FF, 0x00FF, 0x00FF, 0x00FF, 0x00FF, 0x00FF, 0x00FF, 0x00FF,
  0x00FF, 0x00FF, 0x00FF, 0x00FF, 0x00FF, 0x00FF, 0x00FF, 0x00FF, 0x00FF, 0x00FF, 0x00FF, 0x00FF, 0x00FF, 0x00FF, 0x00FF, 0x00FF,
  0x00FF, 0x00FF, 0x00FF, 0x00FF, 0x00FF, 0x00FF, 0x00FF, 0x00FF, 0x00FF, 0x00FF, 0x00FF, 0x00FF, 0x00FF, 0x00FF, 0x00FF, 0x00FF,
  0x00FF, 0x00FF, 0x00FF, 0x00FF, 0x00FF, 0x00FF, 0x00FF, 0x00FF, 0x00FF, 0x00FF, 0x00FF, 0x00FF, 0x00FF, 0x00FF, 0x00FF, 0x00FF,
  0x00FF, 0x00FF, 0x00FF, 0x00FF, 0x00FF, 0x00FF, 0x00FF, 0x00FF, 0x00FF, 0x00FF, 0x00FF, 0x00FF, 0x00FF, 0x00FF, 0x00FF, 0x00FF,
  0x00FF, 0x00FF, 0x00FF, 0x00FF, 0x00FF, 0x00FF, 0x00FF, 0x00FF, 0x00FF, 0x00FF, 0x00FF, 0x00FF, 0x00FF, 0x00FF, 0x00FF, 0x00FF,
  0x00FF, 0x00FF, 0x00FF, 0x00FF, 0x00FF, 0x00FF, 0x00FF, 0x00FF, 0x00FF, 0x00FF, 0x00FF, 0x00FF, 0x00FF, 0x00FF, 0x00FF, 0x00FF,
  0x00FF, 0x00FF, 0x00FF, 0x00FF, 0x00FF, 0x00FF, 0x00FF, 0x00FF, 0x00FF, 0x00FF, 0x00FF, 0x00FF, 0x00FF, 0x00FF, 0x00FF, 0x00FF,
};

#endif
