#ifndef _CATBUS_CROSS_BG_H_
#define _CATBUS_CROSS_BG_H_
#include <Arduino.h>
#include "SpriteAsset.h"

#define CATBUS_CROSS_BG_BPP 8
#define CATBUS_CROSS_BG_SHEET_WIDTH 240
#define CATBUS_CROSS_BG_SHEET_HEIGHT 320
#define CATBUS_CROSS_BG_PALETTE_COUNT 256
#define CATBUS_CROSS_BG_BITMAP_COUNT 1

static const uint16_t catbus_cross_bgPalette[256] PROGMEM = {
  0x19E7, 0x2309, 0x1145, 0x1120, 0x2164, 0x19A2, 0x2285, 0x1A43, 0x32C4, 0x4265, 0x4A62, 0x3AC8,
  0x4A89, 0x3ACE, 0x1A6B, 0x33AE, 0x434D, 0x39C4, 0x33AA, 0x4BC9, 0x4B4B, 0x11C4, 0x20E2, 0x1080,
  0x19E0, 0x3143, 0x2A80, 0x6BA8, 0x7469, 0x52A7, 0x6328, 0x5A85, 0x7BA7, 0xB3E7, 0x7D0A, 0x3B67,
  0x3C0F, 0x54B6, 0x5D18, 0x5DBA, 0x6DB8, 0x6476, 0x3C16, 0x4393, 0x5C34, 0x4C0F, 0x6CF9, 0x6DB6,
  0x6554, 0x5CCF, 0x64CD, 0xB635, 0xB5AF, 0x858A, 0x53C3, 0x7329, 0x6CA6, 0x3A00, 0x4A80, 0xB607,
  0xA606, 0x53A6, 0x5AA9, 0x2B27, 0x8D48, 0xA56B, 0x64B4, 0x65FC, 0x765D, 0xB4AD, 0x4CB3, 0x3B71,
  0x8639, 0x83CC, 0x7DD6, 0x9DF4, 0xA5ED, 0xBE90, 0xC58B, 0xCE0E, 0x7327, 0x5C2C, 0x4365, 0x6C8B,
  0x9B05, 0x6472, 0x9C2E, 0x5D76, 0x742D, 0x75DB, 0xB71F, 0x859A, 0x758F, 0x74F0, 0x5BE9, 0xB692,
  0x3120, 0x2160, 0x9D6E, 0xA48C, 0x8C8E, 0xB69B, 0xDF9F, 0xCF3E, 0xB6B9, 0xDF1A, 0x4162, 0x4140,
  0x59E3, 0x61E1, 0x6A44, 0x62A3, 0xD6D7, 0xF79E, 0x7CD3, 0x72E5, 0xA4EA, 0xBC67, 0xABC5, 0x9BC6,
  0xA65A, 0x5B2A, 0xE77C, 0x6489, 0xD4CA, 0xE5ED, 0xCCC8, 0xC5A7, 0x8345, 0xAC64, 0x8E3C, 0xDF1E,
  0x6B01, 0x9DA9, 0x8DB3, 0xEE28, 0xA617, 0x4C2B, 0x3AEB, 0x7537, 0x7430, 0x2B2C, 0xA4D1, 0xD6DC,
  0x75B3, 0xD6AD, 0xC50D, 0xE6B6, 0x63CE, 0xFFFD, 0x8B6B, 0xAE96, 0xB5D7, 0xCDD3, 0xEF39, 0xFFDB,
  0x1AC7, 0xAD74, 0xD679, 0x8C6B, 0x8E7E, 0xFFFF, 0x4C6D, 0x8D71, 0x9698, 0x8343, 0x0000, 0x6D71,
  0x9E12, 0x8DF0, 0xFF38, 0xC5B5, 0x6512, 0xFFD7, 0xBD30, 0x7495, 0x8515, 0xFEF4, 0x6470, 0xE693,
  0xFF56, 0xB4CB, 0xBDF2, 0xCE54, 0x6345, 0x9D32, 0x5325, 0xF68F, 0x940A, 0xE58A, 0xDE32, 0xD5A8,
  0x4C58, 0x2B0E, 0x4321, 0xD585, 0xE5C3, 0xE5E6, 0x3394, 0x2B10, 0x7CC5, 0xC4E4, 0x9B83, 0xD60A,
  0xFEEC, 0xEE8C, 0xFFB2, 0x5A60, 0xFF2F, 0xFF29, 0xFF8D, 0x7C46, 0x5AE0, 0xF6A8, 0x53D2, 0x5B23,
  0xFF27, 0xBDA5, 0x8C91, 0x9576, 0x8BC5, 0x6443, 0xFE6A, 0x8564, 0x3B23, 0x8D2B, 0x63A1, 0xD6C9,
  0x22AF, 0xF686, 0xC699, 0xE690, 0x84C2, 0x9C82, 0x53C0, 0xC68A, 0xDF76, 0x7441, 0xBC83, 0xBDE3,
  0xC6A8, 0xC6EC, 0xB689, 0x9D84, 0xA468, 0xD712, 0xA505, 0x9BE8, 0xC66C, 0xA527, 0x8C68, 0xEF94,
  0x3A6C, 0xEF76, 0xCE31, 0xAD4E,
};

static const uint8_t catbus_cross_bgPixels[76800] PROGMEM = {
  0x0B, 0x12, 0x12, 0x01, 0x12, 0x12, 0x0B, 0x06, 0x07, 0x15, 0x06, 0x06, 0x06, 0x06, 0x00, 0x00,
  0x06, 0x06, 0x06, 0x15, 0x15, 0x05, 0x04, 0x04, 0x05, 0x05, 0x05, 0x05, 0x05, 0x15, 0x04, 0x15,
  0x15, 0x05, 0x09, 0x0B, 0x0B, 0x08, 0x07, 0x06, 0x04, 0x15, 0x04, 0x15, 0x15, 0x15, 0x15, 0x15,
  0x15, 0x04, 0x06, 0x06, 0x06, 0x06, 0x00, 0x15, 0x06, 0x06, 0x06, 0x06, 0x06, 0x08, 0x08, 0x08,
  0x0B, 0x52, 0xBA, 0x23, 0x23, 0x13, 0x23, 0x23, 0x12, 0x10, 0x0F, 0x0F, 0x0F, 0x0F, 0x0F, 0x0F,
  0x0F, 0x0F, 0x0F, 0x0F, 0x0F, 0x0F, 0x0F, 0x0F, 0x47, 0x47, 0x0F, 0x0F, 0x0F, 0x0F, 0x47, 0x47,
  0x2D, 0x00, 0x0B, 0x1D, 0x0C, 0x14, 0x11, 0x0B, 0x2D, 0x0F, 0x0F, 0x0F, 0x0F, 0x0F, 0x10, 0x10,
  0x10, 0x8D, 0x8D, 0x0F, 0x0F, 0x0F, 0x0F, 0x0F, 0x0F, 0x0F, 0x0F, 0x24, 0x15, 0x0B, 0x0B, 0x0B,
  0x0B, 0x0B, 0x00, 0x24, 0x0F, 0x0F, 0x0F, 0x0F, 0x0F, 0x0F, 0x0F, 0x24, 0x24, 0x47, 0x24, 0x24,
  0x24, 0x10, 0x10, 0x10, 0x8A, 0x8A, 0x14, 0x14, 0x51, 0x13, 0x13, 0x23, 0x52, 0x52, 0x23, 0x08,
  0x23, 0x52, 0x23, 0x52, 0x23, 0x06, 0x06, 0x3F, 0x06, 0x06, 0x15, 0x15, 0x15, 0x15, 0x15, 0x15,
  0x04, 0x15, 0x15, 0x05, 0x15, 0x15, 0x15, 0x15, 0x15, 0x15, 0x15, 0x15, 0x15, 0x05, 0x15, 0x04,
  0x05, 0x15, 0x15, 0x15, 0x15, 0x15, 0x15, 0x15, 0x15, 0x04, 0x04, 0x04, 0x04, 0x05, 0x04, 0x04,
  0x04, 0x05, 0x05, 0x04, 0x04, 0x04, 0x05, 0x05, 0x05, 0x04, 0x05, 0x15, 0x15, 0x15, 0x15, 0x15,
  0x15, 0x15, 0x15, 0x15, 0x15, 0x15, 0x15, 0x15, 0x06, 0x0B, 0x12, 0x12, 0x12, 0x12, 0x12, 0x12,
  0x0B, 0x12, 0x12, 0x12, 0x12, 0x0B, 0x06, 0x06, 0x0B, 0x0B, 0x0B, 0x0B, 0x0B, 0x0B, 0x0B, 0x0B,
  0x23, 0x13, 0x23, 0x11, 0x05, 0x04, 0x19, 0x04, 0x19, 0x19, 0x19, 0x05, 0x11, 0x04, 0x11, 0x11,
  0x11, 0x08, 0x1C, 0x22, 0x1C, 0x3D, 0x23, 0x0B, 0x06, 0x06, 0x06, 0x00, 0x06, 0x06, 0x06, 0x06,
  0x11, 0x09, 0x3D, 0xBA, 0x5E, 0x0B, 0x06, 0x06, 0x08, 0x3D, 0x13, 0x0B, 0x23, 0x7B, 0x38, 0x1C,
  0x1C, 0x22, 0x40, 0x40, 0x22, 0xE1, 0x22, 0x5E, 0x89, 0xB2, 0x57, 0x26, 0x28, 0x59, 0x59, 0x28,
  0x28, 0x26, 0x26, 0x26, 0x28, 0x28, 0x26, 0x28, 0x26, 0x26, 0x26, 0x26, 0x26, 0x26, 0x26, 0x59,
  0x42, 0x00, 0x79, 0x49, 0x49, 0x49, 0x58, 0x0B, 0x42, 0x26, 0x25, 0x46, 0x46, 0x46, 0x55, 0xB2,
  0xD6, 0x2D, 0x2D, 0x2D, 0x2D, 0x46, 0x46, 0x46, 0x57, 0x26, 0x57, 0x2D, 0x00, 0x94, 0x58, 0x49,
  0x58, 0x79, 0x8A, 0x28, 0x26, 0x26, 0x26, 0x26, 0x26, 0x26, 0x26, 0x26, 0x2E, 0x2E, 0x57, 0x26,
  0x26, 0x57, 0x2F, 0xB0, 0x5D, 0x51, 0x5D, 0xA8, 0xA8, 0xA8, 0xE1, 0xE1, 0x22, 0x22, 0x22, 0x7B,
  0x7B, 0x1C, 0x22, 0x1C, 0x1C, 0x13, 0x0B, 0x13, 0x23, 0x0B, 0x06, 0x11, 0x11, 0x04, 0x04, 0x04,
  0x04, 0x11, 0x08, 0x09, 0x09, 0x04, 0x06, 0x06, 0x06, 0x06, 0x06, 0x00, 0x04, 0x04, 0x04, 0x19,
  0x19, 0x04, 0x06, 0x06, 0x06, 0x06, 0x06, 0x06, 0x04, 0x05, 0x19, 0x04, 0x05, 0x04, 0x04, 0x04,
  0x19, 0x04, 0x11, 0x11, 0x19, 0x04, 0x05, 0x05, 0x04, 0x04, 0x04, 0x15, 0x06, 0x9C, 0x00, 0x06,
  0x00, 0x06, 0x06, 0x06, 0x04, 0x05, 0x04, 0x05, 0x15, 0x06, 0x12, 0x12, 0x12, 0x12, 0x12, 0x12,
  0x0B, 0x12, 0x12, 0x12, 0x0B, 0x06, 0x08, 0x13, 0x79, 0x23, 0x3F, 0x3F, 0x0B, 0x0B, 0x0B, 0x3F,
  0x23, 0x51, 0x13, 0x06, 0x11, 0x11, 0x04, 0x04, 0x04, 0x04, 0x04, 0x11, 0x11, 0x11, 0x11, 0x09,
  0x11, 0xBA, 0xE1, 0x85, 0x22, 0x3D, 0xBA, 0x06, 0x07, 0x1C, 0x3D, 0x11, 0x11, 0x11, 0x11, 0x09,
  0x09, 0xBA, 0x3D, 0x1B, 0x22, 0x5E, 0x06, 0x06, 0x23, 0x3D, 0x23, 0x0B, 0x3D, 0x7B, 0x38, 0x38,
  0x1C, 0x22, 0x85, 0x85, 0x4C, 0x62, 0x5E, 0x5E, 0x5E, 0x89, 0xAC, 0x27, 0x59, 0x43, 0x43, 0x59,
  0x59, 0x43, 0x59, 0x59, 0x59, 0x59, 0x27, 0x27, 0x28, 0x26, 0x27, 0x43, 0x59, 0x59, 0x43, 0x44,
  0x2D, 0x00, 0x79, 0x58, 0x49, 0x58, 0xDA, 0x14, 0x42, 0x59, 0x26, 0x25, 0x46, 0x46, 0x46, 0x2D,
  0x2D, 0x2D, 0x2D, 0x24, 0x46, 0x46, 0x46, 0x25, 0x59, 0x43, 0x5B, 0x0E, 0x3E, 0x49, 0x49, 0x49,
  0x49, 0x49, 0x0B, 0x28, 0x43, 0x43, 0x43, 0x59, 0x59, 0x43, 0x43, 0x43, 0x59, 0x59, 0x28, 0x28,
  0x8B, 0x42, 0x86, 0x4B, 0x5D, 0x5D, 0xA9, 0x4D, 0x4C, 0x34, 0x4C, 0xE1, 0xE1, 0x22, 0x22, 0x7B,
  0x7B, 0x1C, 0x1C, 0x22, 0x22, 0x13, 0x23, 0x3F, 0x3F, 0x3F, 0x06, 0x11, 0x11, 0x11, 0x04, 0x04,
  0x05, 0x07, 0x08, 0x08, 0x06, 0x06, 0x06, 0x07, 0x06, 0x06, 0x07, 0x07, 0x07, 0x07, 0x04, 0x04,
  0x19, 0x04, 0x05, 0x06, 0x06, 0x06, 0x06, 0x06, 0x07, 0x04, 0x04, 0x04, 0x05, 0x04, 0x11, 0x19,
  0x04, 0x11, 0x11, 0x09, 0x11, 0x19, 0x19, 0x19, 0x05, 0x05, 0x05, 0x04, 0x0B, 0x01, 0x9C, 0x06,
  0x06, 0x06, 0x06, 0x06, 0x04, 0x04, 0x11, 0x11, 0x05, 0x05, 0x06, 0x12, 0x12, 0x12, 0x12, 0x12,
  0x0B, 0x12, 0x12, 0x12, 0x9C, 0x3F, 0x13, 0x1D, 0x13, 0x5E, 0x13, 0x51, 0x53, 0x23, 0x23, 0x3F,
  0x3F, 0x51, 0x13, 0x09, 0x11, 0x11, 0x11, 0x11, 0x11, 0x11, 0x11, 0x09, 0x11, 0x11, 0x09, 0x1D,
  0x08, 0x3D, 0x4C, 0x41, 0x22, 0x3D, 0x07, 0x08, 0x5E, 0x62, 0x53, 0x07, 0x08, 0x08, 0x09, 0x09,
  0x09, 0x3D, 0x1C, 0x22, 0x22, 0x3D, 0x06, 0x06, 0x0B, 0x23, 0x0B, 0x23, 0x3D, 0x3D, 0x3D, 0x22,
  0x22, 0x38, 0x38, 0x40, 0x41, 0xE1, 0x22, 0x7B, 0x5E, 0x51, 0xAC, 0x28, 0x59, 0x59, 0x59, 0x59,
  0x59, 0x59, 0x59, 0x27, 0x27, 0x27, 0x27, 0x27, 0x27, 0x27, 0x59, 0x59, 0x43, 0x43, 0x43, 0x59,
  0x10, 0x0B, 0x79, 0x58, 0x49, 0x49, 0x56, 0x58, 0x10, 0x59, 0x27, 0x26, 0x57, 0x57, 0x46, 0x46,
  0x2F, 0xB2, 0xB2, 0x46, 0x46, 0x57, 0x27, 0x59, 0x43, 0x43, 0x42, 0x00, 0x94, 0x49, 0x49, 0x64,
  0x49, 0x49, 0x0B, 0x28, 0x43, 0x43, 0x43, 0x27, 0x59, 0x59, 0x59, 0x59, 0x59, 0x48, 0x78, 0x65,
  0xDB, 0x86, 0xA3, 0x4B, 0x86, 0xA3, 0xA8, 0x4D, 0xE1, 0x22, 0xE1, 0xE1, 0x22, 0x22, 0x22, 0x5E,
  0x3D, 0x53, 0x7B, 0x3D, 0x3D, 0x23, 0x12, 0x3F, 0x06, 0x3F, 0x06, 0x06, 0x06, 0x11, 0x04, 0x04,
  0x07, 0x08, 0x23, 0x08, 0x06, 0x06, 0x06, 0x07, 0x07, 0x06, 0x07, 0x06, 0x07, 0x07, 0x07, 0x11,
  0x04, 0x04, 0x05, 0x07, 0x0B, 0x06, 0x06, 0x06, 0x07, 0x04, 0x11, 0x11, 0x04, 0x11, 0x11, 0x11,
  0x11, 0x11, 0x09, 0x1D, 0x11, 0x11, 0x19, 0x19, 0x19, 0x19, 0x04, 0x04, 0x0B, 0x0B, 0x00, 0x06,
  0x06, 0x0B, 0x09, 0x04, 0x05, 0x11, 0x11, 0x11, 0x11, 0x05, 0x15, 0x3F, 0x12, 0x12, 0x12, 0x12,
  0x3F, 0x12, 0x12, 0x0B, 0x06, 0x13, 0x5E, 0x3D, 0x3D, 0x3D, 0x53, 0x5F, 0x62, 0xE1, 0x13, 0x06,
  0x06, 0x13, 0x5E, 0x11, 0x19, 0x19, 0x19, 0x19, 0x19, 0x19, 0x19, 0x11, 0x11, 0x19, 0x11, 0x11,
  0x61, 0xBA, 0x9F, 0xFA, 0x3D, 0x39, 0x05, 0x1D, 0x62, 0x1C, 0x1E, 0x61, 0x11, 0x04, 0x04, 0x11,
  0x11, 0xBA, 0x1B, 0x1B, 0x5E, 0x08, 0x0B, 0x0B, 0x0B, 0x0B, 0x0B, 0x13, 0x13, 0x13, 0x5E, 0x1C,
  0x1C, 0x1B, 0x1B, 0xE1, 0x4C, 0x85, 0x85, 0x22, 0x5E, 0xB2, 0xAC, 0x57, 0x28, 0x59, 0x59, 0x59,
  0x59, 0x59, 0x59, 0x59, 0x59, 0x27, 0x27, 0x27, 0x27, 0x43, 0x59, 0x43, 0x43, 0x59, 0x43, 0x59,
  0x8A, 0x0B, 0x79, 0x49, 0x49, 0x64, 0x56, 0x64, 0x8A, 0x28, 0x43, 0x59, 0x59, 0x28, 0x28, 0x28,
  0x59, 0x42, 0x24, 0x25, 0x28, 0x59, 0x43, 0x43, 0x43, 0x59, 0x10, 0x0B, 0x58, 0x49, 0x64, 0x49,
  0x64, 0x49, 0x0B, 0x26, 0x43, 0x59, 0x59, 0x59, 0x59, 0x59, 0x59, 0x59, 0x59, 0x28, 0x78, 0x8F,
  0x67, 0x65, 0x68, 0xE6, 0x65, 0x72, 0x68, 0x4B, 0x53, 0x1C, 0x22, 0x22, 0x22, 0x7B, 0x7B, 0x13,
  0x3F, 0x89, 0x13, 0x08, 0x23, 0x12, 0x0B, 0x3F, 0x06, 0x06, 0x06, 0x06, 0x06, 0x11, 0x11, 0x11,
  0x11, 0x06, 0x0B, 0x08, 0x06, 0x06, 0x06, 0x06, 0x0B, 0x06, 0x06, 0x06, 0x06, 0x06, 0x06, 0x11,
  0x04, 0x19, 0x19, 0x05, 0x06, 0x08, 0x06, 0x06, 0x06, 0x19, 0x11, 0x11, 0x11, 0x19, 0x04, 0x11,
  0x11, 0x11, 0x09, 0x11, 0x11, 0x16, 0x61, 0x61, 0x05, 0x05, 0x05, 0x05, 0x09, 0x09, 0x06, 0x0B,
  0x0B, 0x09, 0x07, 0x05, 0x11, 0x07, 0x11, 0x05, 0x05, 0x11, 0x05, 0x06, 0x12, 0x12, 0x12, 0x12,
  0x3F, 0x12, 0x12, 0x3F, 0x08, 0x5E, 0x5E, 0x1B, 0x3D, 0x3D, 0x1C, 0x5F, 0x4C, 0x4C, 0x7B, 0x08,
  0x09, 0x09, 0x11, 0x11, 0x6C, 0x6C, 0x6C, 0x6E, 0x6E, 0x6E, 0x6E, 0x6E, 0x6E, 0x6E, 0x1F, 0x1F,
  0x1F, 0x6E, 0x6E, 0x6F, 0x1F, 0x6E, 0x73, 0x73, 0x73, 0x6F, 0x6F, 0x6F, 0x6E, 0x6E, 0x6E, 0x6E,
  0x6E, 0x73, 0x6F, 0x6F, 0x1F, 0x0A, 0x11, 0x09, 0x0B, 0x0B, 0x3F, 0x5E, 0x53, 0x5E, 0x1C, 0x1C,
  0x1C, 0x1C, 0x62, 0x70, 0x97, 0x34, 0x34, 0x64, 0xB2, 0xAC, 0x2F, 0x28, 0x48, 0x44, 0x44, 0x59,
  0x59, 0x59, 0x59, 0x59, 0x59, 0x59, 0x59, 0x59, 0x43, 0x43, 0x59, 0x43, 0x43, 0x59, 0x43, 0x59,
  0x8D, 0x0B, 0x79, 0x49, 0x49, 0x49, 0x49, 0x64, 0x79, 0x8B, 0x44, 0x59, 0x59, 0x59, 0x59, 0x59,
  0x59, 0x28, 0x25, 0x28, 0x59, 0x59, 0x44, 0x43, 0x43, 0x48, 0x8A, 0x79, 0x49, 0x64, 0x64, 0x49,
  0x64, 0x49, 0x0B, 0x26, 0x43, 0x59, 0x43, 0x59, 0x43, 0x43, 0x59, 0x59, 0xA0, 0x78, 0x78, 0x83,
  0x83, 0x83, 0x83, 0x83, 0x68, 0x72, 0xE6, 0xE6, 0x5D, 0x22, 0x22, 0x22, 0x22, 0x7B, 0x7B, 0x89,
  0x23, 0x12, 0x13, 0x0B, 0x12, 0x12, 0x0B, 0x0B, 0x0B, 0x0B, 0x0B, 0x11, 0x11, 0x11, 0x11, 0x04,
  0x11, 0x11, 0x06, 0x06, 0x06, 0x06, 0x23, 0x23, 0x13, 0x23, 0x0B, 0x08, 0x06, 0x06, 0x06, 0x11,
  0x05, 0x19, 0x19, 0x19, 0x04, 0x09, 0x08, 0x3F, 0x08, 0x11, 0x11, 0x11, 0x11, 0x19, 0x04, 0x11,
  0x60, 0x60, 0x39, 0x1F, 0x1F, 0x6E, 0x73, 0x73, 0x73, 0x73, 0x6E, 0x1F, 0x0A, 0x39, 0x61, 0x04,
  0x0B, 0x09, 0x05, 0x05, 0x07, 0x07, 0x07, 0x05, 0x11, 0x04, 0x04, 0x07, 0x12, 0x12, 0x12, 0x12,
  0x3F, 0x12, 0x12, 0x3F, 0x3F, 0x5E, 0xD3, 0x1B, 0x1C, 0x22, 0x1B, 0x22, 0x41, 0x85, 0xE1, 0x1E,
  0x6A, 0x1F, 0x20, 0x63, 0xF7, 0xF7, 0xF7, 0x21, 0xF4, 0xF4, 0x21, 0xF7, 0xF7, 0xF7, 0x77, 0x77,
  0xF7, 0xF7, 0xF7, 0xF7, 0xF7, 0xF7, 0xF7, 0x21, 0x21, 0x21, 0x21, 0xF7, 0x77, 0x77, 0x77, 0x77,
  0xF7, 0xF4, 0xF4, 0xF4, 0xF4, 0xB5, 0xF7, 0x73, 0x11, 0x09, 0x52, 0x5E, 0x5E, 0x38, 0x35, 0x35,
  0x40, 0x41, 0x4C, 0x34, 0x62, 0x33, 0x68, 0x78, 0x78, 0x48, 0x48, 0x59, 0x82, 0x44, 0x44, 0x59,
  0x28, 0x59, 0x59, 0x59, 0x59, 0x59, 0x59, 0x59, 0x43, 0x43, 0x43, 0x43, 0x59, 0x59, 0x59, 0x59,
  0x8A, 0x0B, 0x14, 0x49, 0x49, 0x64, 0x58, 0x64, 0x79, 0x42, 0x44, 0x59, 0x59, 0x59, 0x59, 0x59,
  0x59, 0x59, 0x59, 0x59, 0x59, 0x44, 0x44, 0x44, 0x44, 0x28, 0x00, 0x79, 0x58, 0x49, 0x56, 0x49,
  0x49, 0x49, 0x0C, 0x28, 0x43, 0x59, 0x59, 0x59, 0x59, 0x59, 0x59, 0x48, 0x67, 0x83, 0x8F, 0x7A,
  0x7A, 0x7A, 0x7A, 0x83, 0x69, 0x5D, 0x32, 0xA8, 0xE1, 0x22, 0x1C, 0x7B, 0x7B, 0x53, 0x7B, 0x7B,
  0x13, 0x12, 0x12, 0x0B, 0x0B, 0x0B, 0x12, 0x0B, 0x0B, 0x0B, 0x0B, 0x06, 0x06, 0x06, 0x11, 0x11,
  0x11, 0x07, 0x3F, 0x3F, 0x06, 0x0B, 0x13, 0x23, 0x23, 0x06, 0x3F, 0x06, 0x06, 0x07, 0x07, 0x06,
  0x06, 0x04, 0x19, 0x19, 0x19, 0x11, 0x08, 0x3F, 0x3F, 0x06, 0x11, 0x11, 0x11, 0x11, 0x19, 0x60,
  0x6C, 0xF7, 0x92, 0x7D, 0x92, 0x92, 0xF4, 0xF4, 0xF4, 0x75, 0x75, 0xB5, 0x92, 0xB5, 0x20, 0x11,
  0x19, 0x11, 0x04, 0x11, 0x07, 0x11, 0x08, 0x07, 0x11, 0x04, 0x04, 0x05, 0x01, 0x12, 0x12, 0x12,
  0x0B, 0x12, 0x12, 0x3F, 0x23, 0x1C, 0x1C, 0x40, 0x40, 0x41, 0x41, 0xD3, 0x85, 0x41, 0x9F, 0x6C,
  0x20, 0xF4, 0x77, 0x73, 0x6E, 0x6E, 0x6E, 0x6C, 0x6E, 0x6C, 0x6C, 0x6E, 0x6C, 0x6E, 0x6D, 0x6D,
  0x6C, 0x6D, 0x6E, 0x6E, 0x6E, 0x6D, 0x6E, 0x6E, 0x6F, 0x6E, 0x6D, 0x6D, 0x6D, 0x6D, 0x6D, 0x6D,
  0x6D, 0x6D, 0x6E, 0x6D, 0x6E, 0x80, 0xF7, 0xB5, 0xF7, 0x39, 0xBA, 0x5E, 0x38, 0x7B, 0x5E, 0x7B,
  0xE1, 0x41, 0x85, 0x85, 0xE1, 0x5F, 0x65, 0x65, 0x65, 0x65, 0x65, 0x82, 0x44, 0x44, 0x82, 0x28,
  0x27, 0x48, 0x65, 0x65, 0x59, 0x59, 0x59, 0x59, 0x43, 0x43, 0x43, 0x43, 0x43, 0x59, 0x59, 0x59,
  0x8A, 0x0B, 0x79, 0x94, 0x49, 0x49, 0x49, 0x64, 0x79, 0x2D, 0x82, 0x82, 0x82, 0x82, 0x82, 0x44,
  0x82, 0x82, 0x82, 0x82, 0x82, 0x82, 0x82, 0x59, 0x82, 0xB0, 0x00, 0x79, 0x49, 0x49, 0x49, 0x64,
  0x49, 0x49, 0x0C, 0x28, 0x43, 0x59, 0x44, 0x43, 0x59, 0x59, 0x28, 0x65, 0x83, 0x69, 0x7A, 0x7A,
  0x7A, 0x7A, 0x7A, 0x68, 0xA3, 0x32, 0x51, 0x53, 0x53, 0x53, 0x53, 0x7B, 0x5E, 0x51, 0x13, 0x13,
  0x13, 0x13, 0x0B, 0x0B, 0x0B, 0x00, 0x0B, 0x12, 0x12, 0x0B, 0x0B, 0x06, 0x09, 0x06, 0x11, 0x11,
  0x11, 0x07, 0x23, 0x13, 0x06, 0x12, 0x13, 0x06, 0x06, 0x06, 0x06, 0x06, 0x06, 0x06, 0x06, 0x06,
  0x06, 0x06, 0x11, 0x04, 0x11, 0x11, 0x11, 0x08, 0x23, 0x06, 0x11, 0x11, 0x04, 0x19, 0x60, 0x20,
  0x92, 0xB5, 0x75, 0x77, 0x54, 0xA5, 0x84, 0x73, 0x73, 0xA5, 0xA5, 0xA5, 0x54, 0xF7, 0xB5, 0xB5,
  0x6E, 0x16, 0x04, 0x11, 0x07, 0x09, 0x08, 0x07, 0x11, 0x04, 0x04, 0x05, 0x3F, 0x12, 0x12, 0x14,
  0x0B, 0x12, 0x12, 0x06, 0x52, 0x7B, 0x1C, 0x40, 0x40, 0x85, 0x41, 0x40, 0x41, 0xE1, 0x6A, 0x50,
  0xF7, 0x73, 0x6D, 0x6C, 0x6C, 0x6C, 0x6B, 0x6A, 0x60, 0x60, 0x60, 0x60, 0x60, 0x60, 0x6A, 0x6A,
  0x6A, 0x6A, 0x6D, 0x6D, 0x6A, 0x6A, 0x6A, 0x6A, 0x6A, 0x6A, 0x6A, 0x6B, 0x6A, 0x6A, 0x6A, 0x6A,
  0x6A, 0x6A, 0x6A, 0x6A, 0x6A, 0x6A, 0x6D, 0x6E, 0xF7, 0xF7, 0x11, 0x5E, 0x22, 0x7B, 0x3D, 0x7B,
  0xE1, 0x41, 0x41, 0xE1, 0x85, 0x62, 0xA8, 0x33, 0xE6, 0x67, 0x67, 0x65, 0x59, 0x82, 0x78, 0x28,
  0x27, 0x48, 0x66, 0x5A, 0x59, 0x82, 0x82, 0x28, 0x59, 0x43, 0x43, 0x43, 0x43, 0x59, 0x43, 0x44,
  0x10, 0x0B, 0x14, 0x79, 0x49, 0x49, 0x49, 0x64, 0x3E, 0x10, 0x82, 0x82, 0x82, 0x82, 0xA0, 0x65,
  0x5A, 0x5A, 0x5A, 0x5A, 0x5A, 0x65, 0x78, 0x82, 0x65, 0xB0, 0x00, 0x79, 0x49, 0x49, 0x49, 0x49,
  0x49, 0x37, 0x0B, 0x59, 0x44, 0x44, 0x44, 0x44, 0x59, 0x59, 0x28, 0x82, 0x8F, 0x69, 0x8F, 0x8F,
  0x7A, 0x7A, 0x7A, 0x86, 0x89, 0x32, 0x32, 0x53, 0x53, 0x7B, 0x13, 0x13, 0x13, 0x13, 0x13, 0x12,
  0x12, 0x12, 0x0B, 0x8A, 0x0B, 0x0B, 0x15, 0x0B, 0x12, 0x12, 0x0B, 0x06, 0x09, 0x06, 0x06, 0x11,
  0x11, 0x06, 0x23, 0x89, 0x12, 0x13, 0x12, 0x06, 0x06, 0x06, 0x06, 0x06, 0x06, 0x06, 0x06, 0x06,
  0x06, 0x06, 0x08, 0x11, 0x11, 0x11, 0x11, 0x04, 0x08, 0x06, 0x04, 0x11, 0x11, 0x60, 0x20, 0x7D,
  0x77, 0x6E, 0xA5, 0xA5, 0xA5, 0xA5, 0xA5, 0x80, 0x80, 0x80, 0xA5, 0x73, 0xA5, 0x6E, 0x73, 0x54,
  0x75, 0x1F, 0x03, 0x11, 0x08, 0x08, 0x08, 0x05, 0x19, 0x19, 0x04, 0x05, 0x3F, 0x12, 0x12, 0x14,
  0x0B, 0x12, 0x12, 0x06, 0x3D, 0x1C, 0xD3, 0x40, 0x40, 0x40, 0x41, 0x41, 0x41, 0x1F, 0x6F, 0x80,
  0x6E, 0x6C, 0x6C, 0x6C, 0x6C, 0x11, 0x16, 0x19, 0x16, 0x16, 0x16, 0x16, 0x60, 0x60, 0x6A, 0x6A,
  0x6A, 0x6A, 0x6A, 0x6A, 0x6A, 0x6A, 0x6A, 0x6A, 0x6A, 0x6A, 0x6A, 0x6A, 0x6A, 0x6A, 0x6A, 0x6A,
  0x6A, 0x6A, 0x6A, 0x6A, 0x6A, 0x6A, 0x6A, 0x6A, 0x6E, 0xF7, 0x6F, 0x09, 0x5C, 0x7B, 0x3D, 0x22,
  0x22, 0x1C, 0x22, 0xE1, 0x85, 0x41, 0x41, 0x4C, 0x33, 0x67, 0x8F, 0x67, 0x65, 0x78, 0x5A, 0x28,
  0x2E, 0x82, 0x67, 0x78, 0x5B, 0x66, 0x66, 0x67, 0x48, 0x59, 0x59, 0x43, 0x59, 0x59, 0x43, 0xA0,
  0xD6, 0x0B, 0x14, 0x79, 0x79, 0x49, 0x49, 0x58, 0x09, 0x94, 0x65, 0x78, 0x65, 0x65, 0x65, 0x78,
  0x78, 0x88, 0x88, 0x68, 0x65, 0x67, 0x67, 0x67, 0x67, 0x78, 0x00, 0x79, 0x49, 0x49, 0x49, 0x49,
  0x64, 0x1D, 0x10, 0x82, 0x44, 0x44, 0x44, 0x59, 0x82, 0x48, 0x28, 0x28, 0x78, 0x8F, 0x67, 0x67,
  0x69, 0x86, 0x86, 0x5D, 0x32, 0x51, 0x89, 0x89, 0x32, 0x51, 0x13, 0x51, 0x89, 0x12, 0x12, 0x12,
  0x12, 0x0B, 0x0B, 0x8A, 0x0B, 0x0B, 0x06, 0x06, 0x12, 0x12, 0x0B, 0x06, 0x09, 0x09, 0x06, 0x11,
  0x11, 0x06, 0x0B, 0x12, 0x12, 0x12, 0x23, 0x07, 0x06, 0x06, 0x0B, 0x3F, 0x08, 0x06, 0x06, 0x06,
  0x06, 0x3F, 0x3F, 0x09, 0x11, 0x11, 0x11, 0x11, 0x05, 0x05, 0x11, 0x09, 0x60, 0x73, 0x92, 0x54,
  0x6E, 0xA5, 0xA5, 0x54, 0x80, 0x80, 0x80, 0x73, 0x73, 0x80, 0x80, 0x80, 0xA5, 0xA5, 0x73, 0x6E,
  0x54, 0xB5, 0x0A, 0x11, 0xBA, 0x52, 0x08, 0x11, 0x11, 0x19, 0x04, 0x05, 0x3F, 0x12, 0x12, 0x14,
  0x0B, 0x12, 0x12, 0x06, 0x13, 0x22, 0x40, 0x22, 0x40, 0x40, 0x85, 0x41, 0xFA, 0x6A, 0x20, 0x6F,
  0x6D, 0x6C, 0x6C, 0x6A, 0x60, 0x19, 0x19, 0x19, 0x04, 0x04, 0x04, 0x19, 0x6A, 0x6A, 0x6A, 0x6A,
  0x6A, 0x6A, 0x6A, 0x6A, 0x6A, 0x6A, 0x6A, 0x6A, 0x6A, 0x6A, 0x6A, 0x6A, 0x6A, 0x6A, 0x6A, 0x6A,
  0x6A, 0x6A, 0x6A, 0x6A, 0x6A, 0x6A, 0x6A, 0x6A, 0x6A, 0x73, 0x77, 0x39, 0x13, 0x13, 0x5E, 0x22,
  0x7B, 0x13, 0x5E, 0x40, 0x85, 0x85, 0x85, 0x41, 0x70, 0x7A, 0x83, 0x8F, 0x67, 0x78, 0x65, 0x8B,
  0x2E, 0x82, 0x65, 0x8B, 0x65, 0x7A, 0x7A, 0x66, 0x67, 0x48, 0x59, 0x44, 0x44, 0x59, 0x44, 0x44,
  0x8B, 0x00, 0x14, 0x0C, 0x0C, 0x79, 0x49, 0x94, 0x11, 0x72, 0xDB, 0x55, 0x94, 0x10, 0x0C, 0x0C,
  0x14, 0x11, 0x0C, 0x79, 0x0C, 0x79, 0x79, 0x8C, 0x72, 0x88, 0x0C, 0x0C, 0x49, 0x49, 0x49, 0x49,
  0x49, 0x00, 0x55, 0xA0, 0x44, 0x44, 0x59, 0x82, 0x67, 0x67, 0x48, 0x28, 0x65, 0x8F, 0x8F, 0x7A,
  0x97, 0x58, 0x32, 0x51, 0x51, 0x51, 0x89, 0x89, 0x89, 0x89, 0x12, 0x89, 0x12, 0x12, 0x12, 0x8A,
  0x8A, 0x8A, 0x8A, 0x8A, 0x12, 0x89, 0x0B, 0x06, 0x0B, 0x14, 0x14, 0x06, 0x09, 0x09, 0x11, 0x06,
  0x11, 0x11, 0x0B, 0x51, 0x12, 0x13, 0x3F, 0x06, 0x06, 0x0B, 0x14, 0x0B, 0x06, 0x06, 0x06, 0x06,
  0x3F, 0x0B, 0x06, 0x06, 0x09, 0x04, 0x11, 0x11, 0x11, 0x04, 0x11, 0x11, 0x6A, 0xB5, 0x75, 0xA5,
  0xA5, 0xA5, 0x80, 0x6E, 0x6D, 0x6C, 0x73, 0x73, 0x73, 0x73, 0x6C, 0x6C, 0x6E, 0x80, 0x80, 0x80,
  0xA5, 0x21, 0x77, 0x60, 0x09, 0x08, 0x08, 0x07, 0x11, 0x19, 0x19, 0x05, 0x3F, 0x12, 0x12, 0x14,
  0x0B, 0x12, 0x12, 0x06, 0x3D, 0x1C, 0x22, 0x1C, 0x38, 0x1C, 0x1C, 0x40, 0xD7, 0x6F, 0x54, 0x6E,
  0x6C, 0x6A, 0x6A, 0x6A, 0x16, 0x19, 0x04, 0x04, 0x11, 0x04, 0x11, 0x11, 0x6A, 0x6A, 0x6A, 0x6A,
  0x6A, 0x6A, 0x6A, 0x6A, 0x6A, 0x6A, 0x6A, 0x6A, 0x6A, 0x6A, 0x6A, 0x6A, 0x6A, 0x6A, 0x6A, 0x6A,
  0x6A, 0x6A, 0x6A, 0x6A, 0x6A, 0x6A, 0x6A, 0x6A, 0x6A, 0x6D, 0x80, 0x6C, 0x09, 0x10, 0x13, 0x53,
  0x89, 0x13, 0x53, 0x35, 0x22, 0xE1, 0xE1, 0x4C, 0x33, 0x33, 0xE6, 0x7A, 0x67, 0x8F, 0x48, 0x25,
  0x28, 0x5B, 0x8B, 0x65, 0x83, 0x7A, 0x7A, 0x7A, 0x83, 0x65, 0x59, 0x59, 0x44, 0x59, 0x44, 0x44,
  0x82, 0x10, 0x00, 0x0B, 0x0B, 0x79, 0x58, 0x79, 0x11, 0x0C, 0x0B, 0x0B, 0x14, 0x94, 0x58, 0x64,
  0x64, 0x64, 0x64, 0xB9, 0xDA, 0x49, 0x79, 0x3E, 0x0C, 0x0C, 0x11, 0x11, 0x49, 0x64, 0x79, 0x1D,
  0x09, 0x0E, 0x48, 0x44, 0x44, 0x82, 0x48, 0x67, 0x83, 0x83, 0x65, 0x28, 0x65, 0x8F, 0x8F, 0x67,
  0xE6, 0xB2, 0x32, 0x32, 0xA2, 0x89, 0x89, 0x89, 0x89, 0x12, 0x12, 0x12, 0x12, 0x10, 0x12, 0x8A,
  0x8A, 0x01, 0x01, 0x0B, 0x89, 0x32, 0x13, 0x06, 0x06, 0xB2, 0x5D, 0x0B, 0x09, 0x09, 0x06, 0x06,
  0x11, 0x04, 0x14, 0x86, 0x51, 0x12, 0x06, 0x06, 0x12, 0x51, 0x0B, 0x06, 0x06, 0x06, 0x06, 0x3F,
  0x13, 0x23, 0x06, 0x06, 0x06, 0x08, 0x11, 0x11, 0x11, 0x11, 0x11, 0x60, 0x6E, 0xB5, 0xA5, 0xA5,
  0xA5, 0x80, 0x6C, 0x50, 0xAE, 0x56, 0x6C, 0x73, 0x73, 0x6C, 0x56, 0xB6, 0x50, 0x6E, 0x54, 0x80,
  0xA5, 0xA5, 0xF7, 0x6A, 0x11, 0x09, 0x11, 0x05, 0x19, 0x19, 0x19, 0x05, 0x3F, 0x12, 0x12, 0x14,
  0x0B, 0x12, 0x12, 0x9C, 0x23, 0x1B, 0x1B, 0x5E, 0x3D, 0x7B, 0x1C, 0xFA, 0x0A, 0x73, 0x80, 0x6C,
  0x6C, 0x6A, 0x6B, 0x16, 0x16, 0x19, 0x19, 0x19, 0x11, 0x04, 0x04, 0x19, 0x6A, 0x6A, 0x6A, 0x6A,
  0x6A, 0x6A, 0x6A, 0x6A, 0x6A, 0x6A, 0x6A, 0x6A, 0x6A, 0x6A, 0x6A, 0x6A, 0x6A, 0x6A, 0x6A, 0x6A,
  0x6A, 0x6A, 0x6A, 0x6A, 0x6A, 0x6A, 0x6A, 0x6A, 0x6A, 0x6C, 0x80, 0x73, 0x11, 0x10, 0x10, 0x89,
  0x13, 0x13, 0x5E, 0x7B, 0x53, 0x22, 0x35, 0x62, 0xE1, 0xE1, 0x33, 0x8F, 0x8F, 0x67, 0x8B, 0x25,
  0x26, 0x8B, 0x78, 0x67, 0x67, 0x7A, 0x7A, 0x83, 0x83, 0x67, 0x82, 0x59, 0x44, 0x59, 0x82, 0x44,
  0x59, 0x48, 0x14, 0x00, 0x0C, 0x79, 0x64, 0x79, 0x1D, 0x79, 0x49, 0x49, 0x64, 0x56, 0x56, 0x64,
  0x49, 0x64, 0x64, 0x8E, 0xAB, 0x8E, 0x64, 0x8E, 0x8E, 0x64, 0x79, 0x1D, 0x49, 0x49, 0x49, 0x09,
  0x0B, 0x4A, 0xA0, 0x44, 0x82, 0x48, 0x65, 0x67, 0x7A, 0x7A, 0x78, 0x57, 0x78, 0x8F, 0x8F, 0x8F,
  0x8F, 0x68, 0x5D, 0x31, 0x89, 0x89, 0x12, 0x12, 0x12, 0x8D, 0x8D, 0x10, 0x8D, 0x8A, 0x12, 0x8A,
  0x8A, 0x8A, 0x8A, 0x8A, 0x14, 0x51, 0x89, 0x0B, 0x06, 0x51, 0xA3, 0x13, 0x09, 0x09, 0x11, 0x06,
  0x11, 0x04, 0x13, 0xA3, 0x5D, 0x13, 0x06, 0x06, 0x13, 0x89, 0x3F, 0x06, 0x06, 0x06, 0x06, 0x13,
  0x13, 0x06, 0x06, 0x06, 0x06, 0x14, 0x5E, 0x11, 0x09, 0x11, 0x11, 0x60, 0x80, 0x21, 0x73, 0x73,
  0x73, 0x73, 0x6C, 0x93, 0x9B, 0x95, 0x96, 0x6E, 0x6E, 0x56, 0x95, 0x9B, 0xB7, 0x6C, 0x54, 0xA5,
  0x73, 0xA5, 0x77, 0x6D, 0x19, 0x09, 0x11, 0x05, 0x19, 0x19, 0x19, 0x05, 0x3F, 0x12, 0x12, 0x14,
  0x0B, 0x12, 0x12, 0x9C, 0x23, 0x7B, 0x5E, 0x5E, 0x3D, 0x5E, 0x1C, 0x1B, 0x6A, 0x73, 0x6E, 0x6C,
  0x6A, 0x6A, 0x6A, 0x16, 0x04, 0x04, 0x16, 0x19, 0x16, 0x11, 0x04, 0x19, 0x6A, 0x6A, 0x6A, 0x6A,
  0x6A, 0x6A, 0x6A, 0x6A, 0x6A, 0x6A, 0x6A, 0x6A, 0x6A, 0x6A, 0x6A, 0x6A, 0x6A, 0x6A, 0x6A, 0x6A,
  0x6A, 0x6A, 0x6A, 0x6A, 0x6A, 0x6A, 0x6A, 0x6A, 0x6A, 0x6C, 0x73, 0x73, 0x11, 0x10, 0x12, 0x89,
  0x12, 0x89, 0x89, 0x89, 0x89, 0x7B, 0x22, 0xE1, 0xE1, 0xE1, 0x97, 0x8F, 0x8F, 0x67, 0x8B, 0x25,
  0x26, 0x28, 0x67, 0x67, 0x67, 0x8F, 0x8F, 0x67, 0x83, 0x66, 0x82, 0x59, 0x44, 0x82, 0x82, 0x82,
  0x59, 0x82, 0x10, 0x02, 0x0C, 0x3E, 0x79, 0x49, 0x58, 0x49, 0x49, 0x49, 0x64, 0x64, 0x56, 0x64,
  0x64, 0x9F, 0x64, 0x64, 0x9D, 0xB6, 0x8E, 0x64, 0x64, 0x56, 0x64, 0x64, 0x49, 0x49, 0x3E, 0x19,
  0x0C, 0x78, 0x44, 0x82, 0x82, 0x5A, 0x67, 0x7A, 0x7A, 0x83, 0x65, 0x57, 0x65, 0x8F, 0x8F, 0x8F,
  0x8F, 0x67, 0x68, 0xB2, 0xAC, 0x2D, 0x24, 0x8D, 0x8D, 0x8D, 0xAC, 0x24, 0x10, 0x8D, 0x8A, 0x10,
  0x8A, 0x10, 0x10, 0x8A, 0x12, 0x0B, 0x12, 0x51, 0x9C, 0x0B, 0x5D, 0x14, 0x0B, 0x0B, 0x09, 0x11,
  0x06, 0x06, 0x0B, 0x5D, 0x5D, 0x0B, 0x06, 0x13, 0x51, 0x13, 0x0B, 0x06, 0x06, 0x08, 0x13, 0x32,
  0x0B, 0x3F, 0x06, 0x06, 0x13, 0x51, 0x51, 0x23, 0x11, 0x11, 0x19, 0x60, 0x77, 0x77, 0x73, 0x73,
  0xA5, 0x80, 0x1F, 0x70, 0x9A, 0x9B, 0x49, 0x73, 0x6F, 0x56, 0x9B, 0x9A, 0xB7, 0x6C, 0x80, 0xA5,
  0xA5, 0x73, 0x80, 0x6E, 0x60, 0x04, 0x19, 0x19, 0x19, 0x19, 0x19, 0x05, 0x3F, 0x12, 0x12, 0x14,
  0x0B, 0x12, 0x12, 0x9C, 0x3F, 0x5E, 0x7B, 0x7B, 0x5E, 0x3D, 0x7B, 0x1E, 0x6A, 0x73, 0x6C, 0x6A,
  0x6A, 0x6A, 0x16, 0x19, 0x04, 0x11, 0x9D, 0x9E, 0x94, 0x04, 0x04, 0x19, 0x6A, 0x6A, 0x6A, 0x6A,
  0x6A, 0x6A, 0x6A, 0x6A, 0x6A, 0x6A, 0x6A, 0x6A, 0x6A, 0x6A, 0x6A, 0x6A, 0x6A, 0x6A, 0x6A, 0x6A,
  0x6A, 0x6A, 0x6A, 0x6A, 0x6A, 0x6A, 0x6A, 0x6A, 0x6A, 0x6A, 0x6E, 0x73, 0x11, 0x10, 0x12, 0x12,
  0x12, 0x89, 0x89, 0x89, 0x5D, 0x5D, 0x51, 0x5D, 0xE1, 0x5C, 0x86, 0x8F, 0x8F, 0x67, 0x8B, 0x25,
  0x25, 0x48, 0x67, 0x8F, 0x7A, 0x69, 0x8F, 0x67, 0x83, 0x8F, 0x5B, 0x28, 0x5B, 0x65, 0x5A, 0x82,
  0x82, 0x78, 0x10, 0x00, 0x0C, 0x79, 0x49, 0x49, 0x58, 0x49, 0x49, 0x49, 0x49, 0x64, 0x64, 0x64,
  0x64, 0x64, 0x64, 0x64, 0x56, 0xB6, 0x8E, 0x64, 0x64, 0x49, 0x49, 0x64, 0x56, 0x9F, 0x49, 0x11,
  0x0B, 0x78, 0xA0, 0x82, 0x82, 0x67, 0x8F, 0x8F, 0x8F, 0x83, 0x65, 0x8B, 0x78, 0x8F, 0x8F, 0x67,
  0xE6, 0x88, 0x68, 0x88, 0x48, 0xB2, 0x2D, 0x24, 0x0F, 0x2F, 0xB2, 0x0F, 0x24, 0xB2, 0x8A, 0x2D,
  0x8A, 0x10, 0x8A, 0x8A, 0x8A, 0xB2, 0xAC, 0x31, 0x8A, 0x06, 0x14, 0x14, 0x0B, 0x0B, 0x09, 0x09,
  0x06, 0x06, 0x0B, 0x5D, 0x51, 0x07, 0x0B, 0x51, 0x51, 0x89, 0x12, 0x0B, 0x0B, 0x0B, 0x89, 0x51,
  0x06, 0x06, 0x3F, 0x3F, 0x51, 0xA2, 0x51, 0x51, 0x0B, 0x19, 0x19, 0x6B, 0x80, 0xA5, 0xA5, 0xA5,
  0xA5, 0xA5, 0x6E, 0x93, 0xAD, 0x9B, 0x96, 0x73, 0x6F, 0x56, 0x9B, 0xAA, 0xB7, 0x6C, 0x80, 0xA5,
  0xA5, 0x6E, 0x80, 0x73, 0x60, 0x11, 0x19, 0x19, 0x19, 0x19, 0x19, 0x04, 0x3F, 0x12, 0x12, 0x12,
  0x0B, 0x12, 0x12, 0x9C, 0x3F, 0x23, 0x13, 0x7B, 0x5E, 0x3D, 0x3D, 0x09, 0x6A, 0x73, 0x6C, 0x6A,
  0x6A, 0x6C, 0x19, 0x16, 0x16, 0x9D, 0xA1, 0x9E, 0x7A, 0x3E, 0x04, 0xDA, 0x6A, 0x6A, 0x6A, 0x6A,
  0x6A, 0x6A, 0x6A, 0x6A, 0x6A, 0x6A, 0x6A, 0x6A, 0x6A, 0x6A, 0x6A, 0x6A, 0x6A, 0x6A, 0x6A, 0x6A,
  0x6A, 0x6A, 0x6A, 0x6A, 0x6A, 0x6A, 0x6A, 0x6A, 0x6A, 0x6A, 0x6E, 0x80, 0x11, 0x14, 0xA2, 0xA2,
  0x13, 0x89, 0x89, 0x89, 0x31, 0x32, 0x51, 0x97, 0x97, 0xA3, 0x68, 0x67, 0x8F, 0x67, 0x8B, 0x25,
  0x25, 0x48, 0x67, 0x8F, 0x7A, 0x8F, 0x67, 0x8F, 0x83, 0x65, 0x28, 0x28, 0x5B, 0x5A, 0x67, 0x65,
  0x78, 0x8A, 0x00, 0x79, 0x79, 0x49, 0x64, 0x49, 0x49, 0x49, 0x49, 0x49, 0x49, 0x49, 0x49, 0x49,
  0x64, 0x64, 0x49, 0x64, 0x64, 0x64, 0x49, 0x64, 0x49, 0x49, 0x49, 0x49, 0x64, 0x64, 0x64, 0x64,
  0x1D, 0x8A, 0x78, 0x82, 0x82, 0x67, 0x8F, 0x8F, 0x8F, 0x7A, 0x65, 0xB0, 0x78, 0x67, 0x8F, 0x8F,
  0x68, 0x86, 0x88, 0x4A, 0x4A, 0x2F, 0x24, 0x46, 0x2D, 0x90, 0x2D, 0x12, 0x24, 0x90, 0xB2, 0x88,
  0x10, 0x10, 0x10, 0x8A, 0x10, 0xA4, 0xA4, 0x2D, 0x2D, 0x0B, 0x06, 0x09, 0x0B, 0x0B, 0x09, 0x11,
  0x06, 0x04, 0x0B, 0x5D, 0x0B, 0x06, 0x5E, 0x32, 0x31, 0x51, 0x14, 0x79, 0x14, 0x14, 0x14, 0x51,
  0x23, 0x3F, 0x89, 0x51, 0x51, 0x51, 0x51, 0x89, 0x13, 0x05, 0x05, 0x6B, 0x77, 0x80, 0xA5, 0x80,
  0x54, 0x54, 0x1F, 0x93, 0xAA, 0x9B, 0x96, 0x73, 0x6E, 0x56, 0x9B, 0xAA, 0xB7, 0x6C, 0x80, 0xA5,
  0xA5, 0x6E, 0x80, 0x73, 0x60, 0x19, 0x19, 0x19, 0x19, 0x19, 0x19, 0x05, 0x3F, 0x12, 0x12, 0x12,
  0x3F, 0x12, 0x12, 0x9C, 0x3F, 0x0B, 0x23, 0x5E, 0x5E, 0x52, 0x5E, 0x52, 0x6A, 0x6E, 0x6C, 0x6C,
  0x6C, 0x60, 0x16, 0x16, 0x04, 0x7A, 0x9D, 0xA6, 0x9D, 0xDA, 0x11, 0x9E, 0x6B, 0x6A, 0x6A, 0x6A,
  0x6A, 0x6A, 0x6A, 0x6A, 0x6A, 0x6A, 0x6A, 0x6A, 0x6A, 0x6A, 0x6A, 0x6A, 0x6A, 0x6A, 0x6A, 0x6A,
  0x6A, 0x6A, 0x6A, 0x6A, 0x6A, 0x6A, 0x6A, 0x6A, 0x6A, 0x6B, 0x6C, 0x6E, 0x19, 0x14, 0xA2, 0xA2,
  0x89, 0x31, 0xA2, 0xA2, 0x89, 0x31, 0x51, 0x4B, 0x67, 0x8F, 0x8F, 0x8F, 0x8F, 0x67, 0x25, 0x25,
  0x46, 0x48, 0x67, 0x8F, 0x8F, 0x8F, 0x8F, 0x8F, 0x67, 0x78, 0x28, 0x59, 0x48, 0x67, 0x67, 0x67,
  0x8A, 0x00, 0x79, 0x3E, 0x58, 0x49, 0x49, 0x49, 0x49, 0x49, 0x49, 0x49, 0x49, 0x49, 0x49, 0x49,
  0x49, 0x49, 0x49, 0x64, 0x64, 0x64, 0x49, 0x49, 0x49, 0x49, 0x49, 0x49, 0x49, 0x49, 0x64, 0x49,
  0x64, 0x79, 0x8A, 0x48, 0x78, 0x67, 0x67, 0x8F, 0x8F, 0x67, 0x65, 0xB0, 0x48, 0x65, 0x88, 0x88,
  0x97, 0x86, 0x90, 0x90, 0x90, 0x30, 0x2D, 0x2D, 0x24, 0xAC, 0xA7, 0xA2, 0x31, 0x90, 0xB2, 0x65,
  0x55, 0x10, 0x10, 0x8A, 0x2D, 0xA4, 0x90, 0x89, 0x5D, 0x32, 0x08, 0x06, 0x1D, 0x0B, 0x09, 0x11,
  0x06, 0x04, 0x0B, 0x79, 0x06, 0x23, 0x32, 0x32, 0x5D, 0x32, 0x14, 0x14, 0x14, 0x14, 0x14, 0x51,
  0x32, 0x51, 0x51, 0x32, 0x51, 0x51, 0x51, 0x89, 0x51, 0x06, 0x05, 0x6B, 0xA5, 0xA5, 0xA5, 0xA5,
  0xA5, 0xA5, 0x1F, 0x93, 0xAA, 0x9B, 0x96, 0x73, 0x6E, 0x56, 0x9B, 0xAA, 0xB7, 0x6C, 0x73, 0x6E,
  0x6E, 0x6E, 0x6E, 0x6E, 0x60, 0x19, 0x11, 0x19, 0x19, 0x19, 0x19, 0x05, 0x3F, 0x12, 0x12, 0x12,
  0x3F, 0x12, 0x12, 0x9C, 0x3F, 0x0B, 0x23, 0x23, 0x13, 0x52, 0x5E, 0x1D, 0x6A, 0x73, 0x6C, 0x6A,
  0x6C, 0x6A, 0x60, 0x16, 0x04, 0x69, 0x69, 0x79, 0x69, 0x58, 0x11, 0xAB, 0x6A, 0x6A, 0x6A, 0x6A,
  0x6A, 0x6A, 0x6A, 0x6A, 0x6A, 0x6A, 0x6A, 0x6A, 0x6A, 0x6A, 0x6A, 0x6A, 0x6A, 0x6A, 0x6A, 0x6A,
  0x6A, 0x6A, 0x6A, 0x6A, 0x6A, 0x6A, 0x6A, 0x6A, 0x6A, 0x6A, 0x6C, 0x6E, 0x19, 0x10, 0x2D, 0xA2,
  0x31, 0x2D, 0x24, 0x2D, 0x2D, 0x90, 0xB2, 0xB2, 0x65, 0x67, 0x67, 0x67, 0x83, 0x65, 0x46, 0x25,
  0x46, 0x48, 0x67, 0x8F, 0x8F, 0x67, 0x8F, 0x8F, 0x67, 0x5B, 0x28, 0x28, 0x82, 0x67, 0x66, 0x94,
  0x00, 0x79, 0x0C, 0x79, 0x49, 0x49, 0x49, 0x49, 0x49, 0x49, 0x49, 0x49, 0x49, 0x49, 0x49, 0x64,
  0x49, 0x49, 0x49, 0x49, 0x49, 0x49, 0x49, 0x49, 0x49, 0x49, 0x49, 0x49, 0x64, 0x64, 0x64, 0x49,
  0x49, 0x8E, 0x94, 0x8A, 0x68, 0x8F, 0x8F, 0x67, 0x8F, 0x67, 0x65, 0x30, 0x2F, 0x4A, 0x4A, 0x86,
  0x86, 0xA7, 0x90, 0x90, 0x90, 0x30, 0x2D, 0x2D, 0x2D, 0x31, 0x5D, 0xA7, 0xAC, 0x90, 0xB2, 0x88,
  0xB0, 0x10, 0x10, 0x10, 0x10, 0xA4, 0xAC, 0x5D, 0xA8, 0x62, 0x53, 0x09, 0x0B, 0x0B, 0x09, 0x06,
  0x06, 0x06, 0x06, 0x06, 0x06, 0x51, 0x32, 0xA3, 0xA8, 0x5D, 0x14, 0x14, 0x14, 0x8A, 0x13, 0x32,
  0x51, 0x51, 0x51, 0x51, 0x89, 0x89, 0x89, 0x89, 0x89, 0x13, 0x04, 0x6A, 0x54, 0xA5, 0xA5, 0xA5,
  0xA5, 0xA5, 0x1F, 0x70, 0xAA, 0xAA, 0x37, 0x6E, 0x6E, 0x56, 0x9B, 0xAA, 0xB7, 0x6C, 0x73, 0x6E,
  0x6E, 0x6E, 0x6E, 0x73, 0x60, 0x19, 0x19, 0x19, 0x19, 0x05, 0x04, 0x05, 0x01, 0x12, 0x12, 0x12,
  0x0B, 0x12, 0x12, 0x9C, 0x3F, 0x0B, 0x0B, 0x23, 0x23, 0x13, 0x13, 0x08, 0x6A, 0x80, 0x6E, 0x6A,
  0x6C, 0x6A, 0x16, 0x19, 0x17, 0x79, 0x71, 0xA1, 0xE6, 0x11, 0x04, 0x37, 0x6A, 0x6A, 0x6A, 0x6A,
  0x6A, 0x6A, 0x6A, 0x6A, 0x6A, 0x6A, 0x6A, 0x6A, 0x6A, 0x6A, 0x6A, 0x6A, 0x6A, 0x6A, 0x6A, 0x6A,
  0x6A, 0x6A, 0x6A, 0x6A, 0x6A, 0x6A, 0x6A, 0x6A, 0x6A, 0x6A, 0x6E, 0x73, 0x11, 0x10, 0x24, 0x24,
  0x2D, 0xAC, 0xAC, 0x2D, 0xB2, 0x4A, 0x4A, 0x2F, 0x65, 0x5A, 0x67, 0x67, 0x66, 0xDB, 0x46, 0x25,
  0x46, 0x42, 0x65, 0x67, 0x8F, 0x67, 0x8F, 0x8F, 0x65, 0x28, 0x28, 0x28, 0x5B, 0x67, 0xB9, 0x00,
  0x14, 0x0C, 0x79, 0x58, 0x49, 0x49, 0x49, 0x49, 0x49, 0x49, 0x49, 0x49, 0x49, 0x49, 0x49, 0x49,
  0x49, 0x49, 0x49, 0x49, 0x49, 0x64, 0x49, 0x49, 0x49, 0x64, 0x64, 0x56, 0x64, 0x49, 0x64, 0x56,
  0x64, 0x49, 0x8E, 0x0C, 0x8C, 0x71, 0x83, 0x67, 0x67, 0x65, 0x4A, 0x42, 0x30, 0x4A, 0x30, 0x90,
  0xA3, 0xA3, 0x86, 0x90, 0x90, 0x30, 0x2D, 0x2D, 0x24, 0x31, 0xAC, 0xAC, 0xAC, 0xAC, 0x31, 0xAC,
  0xDB, 0x10, 0x10, 0x10, 0x10, 0x4A, 0x94, 0xA3, 0x5F, 0xE1, 0x62, 0x79, 0x0B, 0x0B, 0x0B, 0x09,
  0x11, 0x11, 0x09, 0x07, 0x13, 0x5D, 0x32, 0x5D, 0x62, 0xA8, 0x14, 0x14, 0x8A, 0x0B, 0x0B, 0x32,
  0x32, 0x51, 0x51, 0x51, 0x89, 0x89, 0x51, 0x89, 0x89, 0x0B, 0x11, 0x6A, 0xF7, 0x54, 0xA5, 0x80,
  0x80, 0x80, 0x6C, 0x93, 0xAA, 0xAA, 0x37, 0x6E, 0x6E, 0x63, 0x9B, 0xAA, 0xB7, 0x6C, 0xA5, 0x73,
  0x73, 0x6E, 0x73, 0x6E, 0x60, 0x19, 0x19, 0x19, 0x19, 0x04, 0x11, 0x04, 0x3F, 0x12, 0x12, 0x12,
  0x0B, 0x12, 0x12, 0x9C, 0x3F, 0x8A, 0x0B, 0x23, 0x23, 0x13, 0x5E, 0x09, 0x6A, 0x73, 0x6E, 0x6C,
  0x6C, 0x6A, 0x6A, 0x16, 0x16, 0x16, 0x11, 0x79, 0x04, 0x19, 0x11, 0x19, 0x6A, 0x6A, 0x6A, 0x6A,
  0x6A, 0x6A, 0x6A, 0x6A, 0x6A, 0x6A, 0x6A, 0x6A, 0x6A, 0x6A, 0x6A, 0x6A, 0x6A, 0x6A, 0x6A, 0x6A,
  0x6A, 0x6A, 0x6A, 0x6A, 0x6A, 0x6A, 0x6A, 0x6A, 0x6A, 0x6A, 0x6E, 0x6E, 0x11, 0x10, 0x55, 0x90,
  0x2D, 0x48, 0x2F, 0x46, 0x42, 0x48, 0x82, 0x82, 0x82, 0x78, 0x65, 0x65, 0x67, 0x8B, 0x46, 0x25,
  0x25, 0x42, 0x65, 0x65, 0x78, 0x65, 0x67, 0x67, 0x78, 0x28, 0x28, 0x27, 0x5B, 0x78, 0x00, 0x0C,
  0x0C, 0x79, 0x49, 0x37, 0x37, 0x49, 0x49, 0x37, 0x49, 0x49, 0x49, 0x49, 0x49, 0x49, 0x49, 0x49,
  0x49, 0x49, 0x49, 0x49, 0x49, 0x49, 0x49, 0x49, 0x49, 0x64, 0x64, 0x49, 0x49, 0x49, 0x49, 0x49,
  0x64, 0x49, 0x56, 0x49, 0x09, 0x98, 0x83, 0x65, 0x78, 0xA4, 0x42, 0x46, 0x42, 0x2F, 0x90, 0x90,
  0xA3, 0xA3, 0x90, 0xA7, 0x90, 0xAC, 0x2D, 0x24, 0x0F, 0xB2, 0xAC, 0xA7, 0xA7, 0x31, 0x5D, 0x51,
  0xB2, 0x10, 0x10, 0x14, 0x10, 0xA7, 0x51, 0x64, 0x62, 0xE1, 0x62, 0x13, 0x06, 0x09, 0x09, 0x09,
  0x09, 0x09, 0x09, 0x08, 0x5D, 0x5C, 0x32, 0x53, 0xE1, 0x62, 0x51, 0x8A, 0x0B, 0x0B, 0x0B, 0x51,
  0x32, 0x51, 0x51, 0x14, 0x12, 0x89, 0x89, 0x89, 0x89, 0x13, 0x11, 0x6A, 0x77, 0x54, 0xA5, 0xA5,
  0x73, 0x6E, 0x6C, 0x93, 0xAA, 0xAA, 0x96, 0x6E, 0x6E, 0x63, 0x9B, 0xAA, 0xB7, 0x6C, 0xA5, 0x73,
  0x73, 0x73, 0x73, 0x6E, 0x60, 0x19, 0x19, 0x19, 0x19, 0x04, 0x04, 0x15, 0x3F, 0x12, 0x12, 0x12,
  0x0B, 0x12, 0x12, 0x9C, 0x3F, 0x12, 0x12, 0x13, 0x13, 0x13, 0x5E, 0x09, 0x6A, 0x73, 0x73, 0x6C,
  0x6C, 0x6A, 0x60, 0x17, 0x16, 0x04, 0x16, 0x16, 0x04, 0x04, 0x04, 0x19, 0x6A, 0x6A, 0x6A, 0x6A,
  0x6A, 0x6A, 0x6A, 0x6A, 0x6A, 0x6A, 0x6A, 0x6A, 0x6A, 0x6A, 0x6A, 0x6A, 0x6A, 0x6A, 0x6A, 0x6A,
  0x6A, 0x6A, 0x6A, 0x6A, 0x6A, 0x6A, 0x6A, 0x6C, 0x6C, 0x6C, 0x80, 0x6E, 0x11, 0xB2, 0x2F, 0x65,
  0x78, 0x65, 0x8B, 0x25, 0x25, 0x48, 0x82, 0x82, 0x82, 0x82, 0x78, 0x78, 0x65, 0x29, 0x2A, 0x25,
  0x25, 0x8B, 0x67, 0x65, 0x5B, 0x78, 0x65, 0x67, 0x48, 0x27, 0x28, 0x27, 0x48, 0x10, 0x00, 0x0C,
  0x0C, 0x58, 0x49, 0x49, 0x9A, 0x9B, 0x95, 0xAB, 0x37, 0x49, 0x49, 0x49, 0x49, 0x49, 0x49, 0x64,
  0x64, 0x64, 0x64, 0x64, 0x64, 0x49, 0x49, 0x49, 0x49, 0x49, 0x37, 0xAB, 0x95, 0x95, 0x7A, 0x64,
  0x49, 0x64, 0x56, 0x64, 0x79, 0x79, 0x8F, 0x88, 0x4A, 0x48, 0x30, 0x46, 0x42, 0x90, 0x86, 0x90,
  0x86, 0x90, 0xA7, 0xA7, 0xAC, 0xAC, 0x24, 0x24, 0x0F, 0xB2, 0x90, 0xA3, 0x5C, 0xA9, 0xA9, 0x32,
  0x14, 0x10, 0x10, 0x14, 0x14, 0x5D, 0x32, 0x62, 0xE1, 0x22, 0xE1, 0x51, 0x06, 0x09, 0x09, 0x09,
  0x11, 0x09, 0x06, 0x58, 0xA8, 0x5C, 0x32, 0x53, 0x62, 0x62, 0x51, 0x0B, 0x0B, 0x0B, 0x0B, 0x51,
  0x32, 0x32, 0x14, 0x06, 0x06, 0x0B, 0x89, 0x51, 0x13, 0x13, 0x06, 0x6A, 0xF7, 0x54, 0x6E, 0x6E,
  0x73, 0x73, 0x6C, 0x93, 0xAA, 0xAA, 0x96, 0x73, 0x6E, 0x63, 0x9B, 0xAA, 0xB7, 0x6C, 0xA5, 0x73,
  0x73, 0x73, 0x80, 0x6E, 0x60, 0x19, 0x19, 0x19, 0x19, 0x19, 0x04, 0x15, 0x3F, 0x12, 0x12, 0x12,
  0x0B, 0x12, 0x12, 0x9C, 0x3F, 0x14, 0x14, 0x23, 0x13, 0x23, 0x23, 0x09, 0x6A, 0x73, 0x73, 0x6C,
  0x6A, 0x6A, 0x60, 0x60, 0x16, 0x16, 0x04, 0x04, 0x19, 0x16, 0x16, 0x19, 0x6A, 0x6A, 0x6A, 0x6A,
  0x6A, 0x6A, 0x6A, 0x6A, 0x6A, 0x6A, 0x6A, 0x6A, 0x6A, 0x6A, 0x6A, 0x6A, 0x6A, 0x6A, 0x6A, 0x6A,
  0x6A, 0x6A, 0x6A, 0x6A, 0x6A, 0x6A, 0x6A, 0x6A, 0x6A, 0x6C, 0x80, 0x6E, 0x11, 0x42, 0x2F, 0x68,
  0x65, 0x65, 0x42, 0x46, 0x42, 0x82, 0xA0, 0x82, 0xA0, 0x78, 0x82, 0xA0, 0x82, 0x25, 0x46, 0x25,
  0x46, 0x8B, 0x67, 0x65, 0x5B, 0x5B, 0x65, 0x65, 0x28, 0x59, 0x28, 0x59, 0x42, 0x00, 0x0C, 0x0C,
  0x79, 0x49, 0x37, 0x9A, 0x9B, 0xAB, 0x9D, 0x95, 0x9D, 0x49, 0x64, 0x49, 0x49, 0x64, 0x37, 0x3E,
  0x1D, 0x3E, 0x3E, 0x37, 0x49, 0x64, 0x49, 0x49, 0x49, 0x49, 0x8E, 0xA1, 0x98, 0xAB, 0x95, 0x7A,
  0x49, 0x64, 0x56, 0x64, 0x49, 0x09, 0x8C, 0xB0, 0x4A, 0x4A, 0x42, 0x46, 0x46, 0xAC, 0x90, 0x5D,
  0x90, 0x90, 0xAC, 0xAC, 0xAC, 0xB2, 0x24, 0x24, 0x10, 0x72, 0x7A, 0x97, 0xA8, 0xA8, 0x62, 0xA9,
  0x51, 0x14, 0x10, 0x14, 0x14, 0x51, 0x32, 0x5C, 0x5C, 0x32, 0x32, 0x51, 0x1D, 0x1D, 0x09, 0x06,
  0x06, 0x09, 0x06, 0x53, 0xA3, 0x5C, 0x5D, 0x32, 0x32, 0x32, 0x14, 0x14, 0x0B, 0x0B, 0x0B, 0x89,
  0x32, 0x89, 0x3F, 0x9C, 0x3F, 0x3F, 0x89, 0x89, 0x3F, 0x14, 0x09, 0x60, 0x80, 0x77, 0x6E, 0x73,
  0x73, 0x73, 0x1F, 0x93, 0xAA, 0xAA, 0x96, 0x73, 0x6E, 0xBC, 0xAA, 0xAA, 0xB7, 0x6C, 0xA5, 0x73,
  0x73, 0x73, 0x80, 0x6E, 0x60, 0x11, 0x19, 0x19, 0x19, 0x04, 0x00, 0x15, 0x3F, 0x12, 0x12, 0x12,
  0x0B, 0x12, 0x12, 0x9C, 0x0B, 0x14, 0x12, 0x23, 0x13, 0x0B, 0x23, 0x0B, 0x19, 0x6C, 0x80, 0x6E,
  0x6B, 0x6A, 0x6A, 0x6A, 0x16, 0x16, 0x16, 0x16, 0x16, 0x16, 0x04, 0x19, 0x6A, 0x6A, 0x6A, 0x6A,
  0x6A, 0x6A, 0x6A, 0x6A, 0x6A, 0x6A, 0x6A, 0x6A, 0x6A, 0x6A, 0x6A, 0x6A, 0x6A, 0x6A, 0x6A, 0x6A,
  0x6A, 0x6A, 0x6A, 0x6A, 0x6A, 0x6A, 0x6A, 0x6C, 0x6A, 0x6E, 0x73, 0x6C, 0x09, 0x72, 0x4A, 0xE6,
  0x8F, 0x65, 0x46, 0x46, 0x42, 0x78, 0x65, 0xA0, 0x82, 0x82, 0x82, 0x82, 0xA0, 0x46, 0x46, 0x2C,
  0x46, 0x8B, 0x67, 0x67, 0x82, 0x78, 0x67, 0x5A, 0x28, 0x59, 0x59, 0x48, 0x8A, 0x0C, 0x14, 0x14,
  0x58, 0x49, 0x56, 0x9B, 0xB7, 0x16, 0x17, 0x9E, 0x69, 0x49, 0x64, 0x49, 0x64, 0x1E, 0x09, 0x09,
  0x09, 0x1D, 0x3E, 0x1E, 0x1D, 0x3E, 0x49, 0x49, 0x49, 0x49, 0x70, 0x69, 0x11, 0x19, 0xAB, 0xA1,
  0x8E, 0x49, 0x56, 0x64, 0x49, 0x79, 0x0B, 0x72, 0x30, 0x30, 0x30, 0x42, 0x42, 0x90, 0x90, 0xA7,
  0xAC, 0xAC, 0xAC, 0xAC, 0xAC, 0xB2, 0x24, 0x24, 0x8D, 0xB2, 0x68, 0x97, 0xA9, 0xA9, 0x62, 0xA9,
  0x5D, 0x14, 0x10, 0x14, 0x14, 0x14, 0x5D, 0x32, 0x32, 0x31, 0x31, 0x89, 0x5E, 0x79, 0x09, 0x06,
  0x06, 0x06, 0x06, 0x13, 0xA3, 0x5D, 0x5D, 0x32, 0x32, 0x32, 0x14, 0x14, 0x0B, 0x0B, 0x0B, 0x13,
  0x32, 0x23, 0x3F, 0x0B, 0x0B, 0x3F, 0x0B, 0x3F, 0x3F, 0x0B, 0x06, 0x16, 0x6E, 0x77, 0x6E, 0x73,
  0x6E, 0x73, 0x1F, 0x9A, 0x9B, 0x9B, 0x49, 0x6E, 0x6C, 0xBC, 0x9B, 0xAA, 0x93, 0x6C, 0xA5, 0xA5,
  0x73, 0x73, 0x80, 0x6C, 0x19, 0x11, 0x04, 0x19, 0x04, 0x04, 0x06, 0x15, 0x3F, 0x12, 0x12, 0x12,
  0x0B, 0x12, 0x12, 0x9C, 0x0B, 0x14, 0x0B, 0x3F, 0x3D, 0x5E, 0x13, 0x0B, 0x60, 0x6A, 0x6E, 0x73,
  0x6B, 0x6A, 0x6A, 0x6C, 0x19, 0x19, 0x16, 0x16, 0x16, 0x16, 0x16, 0x16, 0x6A, 0x6A, 0x6A, 0x6A,
  0x6A, 0x6A, 0x6A, 0x6A, 0x6A, 0x6A, 0x6A, 0x6A, 0x6A, 0x6A, 0x6A, 0x6A, 0x6A, 0x6A, 0x6A, 0x6A,
  0x6A, 0x6A, 0x6A, 0x6A, 0x6A, 0x6A, 0x6A, 0x6A, 0x6C, 0x73, 0x6C, 0x60, 0x0C, 0x72, 0x88, 0xE6,
  0x8F, 0x78, 0x2C, 0xD6, 0x25, 0x78, 0x5A, 0x65, 0x82, 0x82, 0x78, 0x5A, 0x5A, 0x46, 0x46, 0x46,
  0x46, 0x8B, 0x67, 0x72, 0x10, 0x10, 0x72, 0xB0, 0xAF, 0x8B, 0x78, 0x42, 0x00, 0x14, 0x0C, 0x79,
  0x49, 0x37, 0x8E, 0x9B, 0x70, 0x19, 0x16, 0x70, 0x69, 0x37, 0x64, 0x49, 0x49, 0x49, 0x49, 0x09,
  0x11, 0x3E, 0x1D, 0x3E, 0x49, 0x49, 0x49, 0x49, 0x64, 0x49, 0x70, 0x7A, 0x09, 0x11, 0xAB, 0x95,
  0x9D, 0x49, 0x49, 0x49, 0x49, 0x49, 0x11, 0x94, 0xDB, 0xB0, 0x42, 0x2D, 0x10, 0x10, 0x12, 0x12,
  0xAC, 0xAC, 0xAC, 0xAC, 0xAC, 0x30, 0x2D, 0x2D, 0x0F, 0x2D, 0x4B, 0xA3, 0x5D, 0xA3, 0x5C, 0x5C,
  0x5D, 0x14, 0x14, 0x14, 0x8A, 0x89, 0x31, 0xA2, 0xA2, 0xA2, 0x31, 0x32, 0x1D, 0x1D, 0x09, 0x09,
  0x11, 0x09, 0x06, 0x13, 0x5D, 0x32, 0x32, 0x31, 0xA2, 0x51, 0x14, 0x8A, 0x0B, 0x0B, 0x0B, 0x14,
  0x51, 0x89, 0x0B, 0x3F, 0x3F, 0x3F, 0x3F, 0x3F, 0x3F, 0x3F, 0x00, 0x16, 0x6A, 0x80, 0xA5, 0x6E,
  0xA5, 0x80, 0x6C, 0xBC, 0x99, 0xAE, 0x6C, 0x6E, 0x6E, 0x6C, 0xAE, 0xB6, 0x37, 0x6C, 0xA5, 0x73,
  0x6E, 0x80, 0x73, 0x6A, 0x04, 0x11, 0x11, 0x19, 0x04, 0x11, 0x00, 0x15, 0x3F, 0x12, 0x12, 0x12,
  0x0B, 0x12, 0x12, 0x9C, 0x06, 0x0B, 0x06, 0x06, 0x52, 0x3D, 0x3D, 0x09, 0x19, 0x60, 0x6C, 0x6E,
  0x6E, 0x6D, 0x6A, 0x6A, 0x6A, 0x6A, 0x60, 0x19, 0x16, 0x16, 0x17, 0x16, 0x6B, 0x6A, 0x6A, 0x6A,
  0x6A, 0x6A, 0x6A, 0x6A, 0x6A, 0x6A, 0x6A, 0x6A, 0x6A, 0x6A, 0x6A, 0x6A, 0x6A, 0x6A, 0x6A, 0x6A,
  0x6A, 0x6A, 0x6A, 0x6A, 0x6A, 0x6A, 0x6A, 0x6C, 0x80, 0x6E, 0x6C, 0x03, 0x14, 0x72, 0x68, 0x68,
  0x65, 0x88, 0x47, 0x46, 0x29, 0x78, 0x65, 0x48, 0x48, 0x65, 0x65, 0x67, 0x5A, 0x46, 0x2B, 0x46,
  0x2C, 0x8B, 0x67, 0x88, 0x72, 0x2D, 0x8A, 0x0E, 0x0E, 0x0E, 0x10, 0x8A, 0x0B, 0x14, 0x0C, 0x79,
  0x49, 0x49, 0x49, 0x9B, 0x95, 0x70, 0xAB, 0x95, 0x8E, 0x37, 0x49, 0x49, 0x49, 0x56, 0x37, 0x16,
  0x16, 0x11, 0x04, 0x16, 0x1E, 0x64, 0x49, 0x49, 0x64, 0x49, 0x8E, 0x95, 0x69, 0x70, 0x9B, 0x9B,
  0x49, 0x49, 0x49, 0x49, 0x64, 0x64, 0x1D, 0x09, 0x14, 0x00, 0x0B, 0x0E, 0x01, 0x10, 0xB2, 0xB2,
  0xAC, 0xAC, 0xAC, 0xB2, 0x48, 0x5A, 0x55, 0x2D, 0x10, 0x2D, 0xA3, 0x32, 0x32, 0x32, 0x31, 0x5D,
  0x5D, 0x51, 0x14, 0x14, 0x8A, 0x89, 0x31, 0xA2, 0xA2, 0xA2, 0x31, 0x5D, 0x79, 0x0B, 0x09, 0x09,
  0x06, 0x09, 0x06, 0x0B, 0x5D, 0x31, 0x31, 0xA2, 0xA2, 0x10, 0x8A, 0x0B, 0x0B, 0x0B, 0x0B, 0x3F,
  0x12, 0x31, 0x12, 0x3F, 0x3F, 0x3F, 0x0B, 0x3F, 0x06, 0x0B, 0x06, 0x03, 0x6B, 0x6E, 0x77, 0xA5,
  0xA5, 0x80, 0x80, 0x6D, 0x6C, 0x6D, 0x6C, 0x6E, 0x73, 0x6C, 0x6A, 0x6C, 0x6D, 0x80, 0x73, 0x6E,
  0xA5, 0x80, 0x6C, 0x60, 0x04, 0x00, 0x06, 0x11, 0x11, 0x06, 0x00, 0x15, 0x01, 0x12, 0x12, 0x12,
  0x0B, 0x12, 0x12, 0x9C, 0x06, 0x06, 0x06, 0x0B, 0x52, 0x08, 0x08, 0x0B, 0x11, 0x16, 0x6B, 0x6C,
  0x6E, 0x73, 0x6C, 0x6A, 0x6A, 0x6A, 0x6A, 0x6A, 0x6A, 0x60, 0x60, 0x60, 0x60, 0x6A, 0x6B, 0x6A,
  0x6A, 0x6A, 0x6A, 0x6A, 0x6A, 0x6A, 0x6B, 0x6B, 0x6A, 0x6B, 0x6B, 0x6B, 0x6B, 0x6B, 0x6A, 0x6A,
  0x6A, 0x6A, 0x6A, 0x6A, 0x6A, 0x6A, 0x6C, 0x73, 0x6E, 0x6C, 0x60, 0x04, 0xB2, 0xAC, 0x4A, 0x48,
  0x65, 0x5B, 0x24, 0x46, 0x42, 0x4A, 0xA4, 0x90, 0x4A, 0x65, 0x78, 0x78, 0x78, 0x2B, 0x46, 0x46,
  0x46, 0x2C, 0x78, 0x67, 0x78, 0x48, 0x28, 0x8B, 0x42, 0x2C, 0xFC, 0x02, 0x00, 0x04, 0x11, 0x3E,
  0x49, 0x49, 0x37, 0x8E, 0x9A, 0x9B, 0x9B, 0x9D, 0x37, 0x49, 0x49, 0x49, 0x49, 0x49, 0x49, 0x49,
  0x1D, 0x19, 0x09, 0x49, 0x49, 0x49, 0x64, 0x64, 0x49, 0x64, 0x49, 0x8E, 0x9A, 0x7A, 0x69, 0x8E,
  0x49, 0x49, 0x49, 0x37, 0x1D, 0x11, 0x11, 0x04, 0x01, 0xB2, 0x42, 0x2D, 0x55, 0x4A, 0x4A, 0xA7,
  0xAC, 0xA7, 0xA7, 0x2D, 0x78, 0x88, 0x2D, 0x2D, 0x8D, 0x2D, 0x31, 0x31, 0x31, 0xA2, 0xA2, 0x31,
  0x31, 0x51, 0x14, 0x14, 0x8A, 0x14, 0x51, 0xA2, 0xA2, 0x32, 0x86, 0xA3, 0x1D, 0x52, 0x09, 0x11,
  0x06, 0x06, 0x06, 0x0B, 0x31, 0xA2, 0xA2, 0xA2, 0x12, 0x01, 0x0B, 0x0B, 0x0B, 0x0B, 0x06, 0x3F,
  0x12, 0x89, 0x14, 0x3F, 0x3F, 0x9C, 0x06, 0x06, 0x0B, 0x0B, 0x06, 0x05, 0x60, 0x6D, 0x80, 0x80,
  0x6E, 0x6E, 0x73, 0x80, 0x80, 0x73, 0x73, 0x6E, 0x6E, 0x73, 0x73, 0x73, 0x80, 0x73, 0x6E, 0x6E,
  0xA5, 0x6E, 0x6A, 0x16, 0x00, 0x00, 0x06, 0x04, 0x06, 0x0B, 0x06, 0x00, 0x01, 0x12, 0x12, 0x12,
  0x0B, 0x12, 0x12, 0x9C, 0x00, 0x06, 0x06, 0x08, 0x08, 0x09, 0x07, 0x0B, 0x1D, 0x19, 0x60, 0x6A,
  0x6E, 0x6E, 0x6E, 0x6E, 0x73, 0x6E, 0x6E, 0x6C, 0x6C, 0x6C, 0x6C, 0x6C, 0x6C, 0x6E, 0x6E, 0x6E,
  0x6E, 0x73, 0x73, 0x73, 0x73, 0x73, 0x73, 0x6E, 0x73, 0x73, 0x73, 0x6E, 0x6E, 0x6E, 0x73, 0x73,
  0x6E, 0x73, 0x73, 0x73, 0x50, 0x73, 0x6E, 0x6C, 0x6C, 0x6A, 0x16, 0x79, 0x5D, 0xAC, 0x30, 0x2F,
  0x48, 0x8B, 0x46, 0x46, 0x42, 0x90, 0x90, 0x90, 0x4A, 0xA4, 0x4A, 0x4A, 0x30, 0x46, 0x46, 0x46,
  0xD6, 0xD6, 0x2C, 0x82, 0x28, 0x57, 0x57, 0x28, 0x57, 0x28, 0x8A, 0x00, 0x0C, 0x09, 0x11, 0x19,
  0x1D, 0x49, 0x49, 0x49, 0x49, 0x37, 0x49, 0x49, 0x64, 0x49, 0x49, 0x49, 0x49, 0x49, 0x49, 0x49,
  0x64, 0x49, 0x64, 0x49, 0x49, 0x49, 0x64, 0x64, 0x64, 0x49, 0x49, 0x49, 0x37, 0x37, 0x49, 0x49,
  0x49, 0x64, 0x1F, 0x11, 0x1D, 0x49, 0x64, 0x3E, 0x14, 0xDB, 0xAC, 0x31, 0xAC, 0x90, 0x90, 0x90,
  0x90, 0x86, 0x90, 0x5D, 0x90, 0xB0, 0x2D, 0x2D, 0x10, 0x10, 0x31, 0x31, 0xA2, 0xA2, 0x2D, 0x2D,
  0x5D, 0x2D, 0x10, 0x14, 0x8A, 0x14, 0x51, 0x51, 0x32, 0x5D, 0xA8, 0xA3, 0x5E, 0x1B, 0x09, 0x11,
  0x11, 0x11, 0x04, 0x0B, 0x51, 0xA2, 0xA2, 0xA2, 0x12, 0x3F, 0x0B, 0x0B, 0x0B, 0x06, 0x06, 0x3F,
  0x3F, 0x3F, 0x3F, 0x3F, 0x3F, 0x9C, 0x00, 0x06, 0x0B, 0x3F, 0x0B, 0x11, 0x16, 0x6A, 0x6C, 0x73,
  0x80, 0x6E, 0x6E, 0x6E, 0x6E, 0x6E, 0x6E, 0x6E, 0x6E, 0x6E, 0x6E, 0x6E, 0x6E, 0x6E, 0x6E, 0x80,
  0x6E, 0x6A, 0x60, 0x04, 0x06, 0x06, 0x06, 0x11, 0x06, 0x0B, 0x0B, 0x00, 0x3F, 0x12, 0x12, 0x12,
  0x0B, 0x12, 0x12, 0x9C, 0x00, 0x06, 0x06, 0x06, 0x06, 0x06, 0x07, 0x52, 0xBA, 0x09, 0x05, 0x60,
  0x6A, 0x6C, 0x6C, 0x6E, 0x6E, 0x6E, 0x6E, 0x6E, 0x6E, 0x6E, 0x6E, 0x6E, 0x6E, 0x6E, 0x6E, 0x6E,
  0x6E, 0x6E, 0x6E, 0x6E, 0x6E, 0x6E, 0x6E, 0x73, 0x6E, 0x6E, 0x6E, 0x6E, 0x6E, 0x6E, 0x6E, 0x6E,
  0x73, 0x6E, 0x6E, 0x6E, 0x6E, 0x6D, 0x6C, 0x6A, 0x6B, 0x60, 0x09, 0xA3, 0xA3, 0xA7, 0x30, 0x2F,
  0x8B, 0x46, 0x2B, 0x46, 0x42, 0x30, 0xA7, 0x30, 0x90, 0x4A, 0xB0, 0x4A, 0x42, 0x46, 0x46, 0x46,
  0x24, 0xD6, 0x2D, 0x55, 0x55, 0x55, 0x55, 0x55, 0x42, 0x2D, 0x02, 0x0B, 0x0C, 0x3E, 0x58, 0x49,
  0x49, 0x49, 0x49, 0x49, 0x49, 0x49, 0x64, 0x49, 0x49, 0x49, 0x49, 0x49, 0x49, 0x49, 0x64, 0x64,
  0x49, 0x49, 0x49, 0x49, 0x49, 0x49, 0x49, 0x64, 0x64, 0x49, 0x49, 0x64, 0x49, 0x49, 0x64, 0x49,
  0x49, 0x49, 0x49, 0x64, 0x8E, 0x64, 0x64, 0x58, 0x0B, 0xB2, 0x94, 0x2D, 0xB2, 0xB2, 0x5D, 0x86,
  0x86, 0x86, 0xA3, 0xA7, 0x5D, 0x72, 0x2D, 0x10, 0x10, 0x10, 0xAC, 0x31, 0xA2, 0x31, 0xB2, 0x31,
  0x31, 0xA2, 0x14, 0x14, 0x8A, 0x0B, 0x32, 0xA9, 0xA3, 0x5D, 0xA3, 0x5D, 0x5E, 0x9F, 0x09, 0x09,
  0x11, 0x04, 0x11, 0x06, 0x51, 0x31, 0xA2, 0xA2, 0xA2, 0x0B, 0x3F, 0x0B, 0x0B, 0x06, 0x9C, 0x06,
  0x3F, 0x3F, 0x3F, 0x06, 0x06, 0x00, 0x06, 0x06, 0x06, 0x9C, 0x06, 0x06, 0x11, 0x60, 0x60, 0x6A,
  0x6C, 0x6E, 0x80, 0x80, 0xA5, 0xA5, 0x80, 0x73, 0x73, 0x73, 0x73, 0x73, 0x80, 0xA5, 0x73, 0x6E,
  0x6A, 0x60, 0x05, 0x0B, 0x0B, 0x06, 0x11, 0x11, 0x00, 0x06, 0x0B, 0x00, 0x01, 0x12, 0x12, 0x12,
  0x0B, 0x12, 0x12, 0x9C, 0x00, 0x06, 0x06, 0x06, 0x06, 0x06, 0x0B, 0x3D, 0x52, 0x3F, 0x06, 0x05,
  0x60, 0x6B, 0x6A, 0x6A, 0x6A, 0x6A, 0x6A, 0x6A, 0x6C, 0x6C, 0x6C, 0x6C, 0x6C, 0x6D, 0x6A, 0x6A,
  0x6A, 0x6A, 0x6A, 0x6B, 0x6A, 0x6A, 0x6A, 0x6C, 0x6C, 0x6C, 0x6C, 0x6C, 0x6A, 0x6A, 0x6A, 0x6C,
  0x6C, 0x6C, 0x6C, 0x6C, 0x6D, 0x6A, 0x6B, 0x60, 0x60, 0x19, 0x1E, 0x34, 0xA9, 0x5C, 0xAC, 0x30,
  0x46, 0x24, 0x2B, 0x46, 0x42, 0x30, 0x90, 0x90, 0x90, 0x4A, 0x4A, 0x30, 0x46, 0x24, 0x24, 0xD6,
  0xD6, 0x47, 0x0E, 0x00, 0x0E, 0x0E, 0x0E, 0x0E, 0x00, 0x02, 0x04, 0x04, 0x04, 0x11, 0x09, 0x3E,
  0x49, 0x37, 0x37, 0x49, 0x49, 0x49, 0x49, 0x49, 0x49, 0x49, 0x49, 0x49, 0x49, 0x49, 0x49, 0x64,
  0x64, 0x49, 0x49, 0x49, 0x49, 0x49, 0x64, 0x64, 0x49, 0x49, 0x64, 0x64, 0x49, 0x49, 0x56, 0x49,
  0x49, 0x49, 0x49, 0x1D, 0x09, 0x11, 0x09, 0x09, 0x11, 0x04, 0x00, 0x00, 0x00, 0x00, 0x06, 0x09,
  0x06, 0x13, 0x86, 0xA7, 0x5D, 0x5D, 0x2D, 0x2D, 0x10, 0x10, 0xAC, 0xAC, 0xAC, 0xAC, 0xAC, 0x31,
  0x31, 0x10, 0x14, 0x14, 0x8A, 0x0B, 0xA3, 0x5F, 0x5C, 0x31, 0xAC, 0xAC, 0x5E, 0x9F, 0x1D, 0x11,
  0x11, 0x11, 0x11, 0x06, 0x89, 0xA2, 0x12, 0x8A, 0x12, 0x12, 0x0B, 0x0B, 0x3F, 0x06, 0x06, 0x06,
  0x06, 0x0B, 0x0B, 0x06, 0x06, 0x9C, 0x00, 0x06, 0x06, 0x9C, 0x06, 0x06, 0x11, 0x19, 0x16, 0x60,
  0x60, 0x6A, 0x6C, 0x6E, 0x6E, 0x6E, 0x6E, 0x6E, 0x6E, 0x6E, 0x6E, 0x6E, 0x6E, 0x6D, 0x6C, 0x6B,
  0x19, 0x05, 0x06, 0x0B, 0x0B, 0x09, 0x11, 0x11, 0x11, 0x06, 0x0B, 0x00, 0x3F, 0x12, 0x12, 0x12,
  0x0B, 0x12, 0x12, 0x9C, 0x06, 0x06, 0x06, 0x06, 0x06, 0x13, 0x13, 0x08, 0x3F, 0x3F, 0x23, 0x09,
  0x05, 0x16, 0x60, 0x60, 0x60, 0x60, 0x60, 0x60, 0x60, 0x60, 0x60, 0x60, 0x60, 0x60, 0x60, 0x60,
  0x60, 0x16, 0x16, 0x16, 0x16, 0x16, 0x60, 0x60, 0x60, 0x60, 0x6B, 0x60, 0x60, 0x60, 0x60, 0x60,
  0x60, 0x60, 0x60, 0x60, 0x60, 0x60, 0x19, 0x04, 0x04, 0x1D, 0x1C, 0xE1, 0x62, 0xA3, 0x5D, 0xAC,
  0x46, 0x24, 0x47, 0xD6, 0xAC, 0xA7, 0x90, 0x90, 0x30, 0x30, 0xB2, 0x24, 0x24, 0x24, 0x24, 0x24,
  0x2D, 0x47, 0x24, 0xD6, 0x55, 0x42, 0x42, 0x55, 0xB2, 0x00, 0x0C, 0x0C, 0x0C, 0x0C, 0x79, 0x3E,
  0x37, 0x37, 0x37, 0x64, 0x49, 0x49, 0x49, 0x49, 0x49, 0x49, 0x49, 0x49, 0x49, 0x49, 0x49, 0x64,
  0x64, 0x37, 0x64, 0x56, 0x64, 0x49, 0x49, 0x64, 0x49, 0x49, 0x49, 0x64, 0x49, 0x49, 0x64, 0x49,
  0x49, 0x49, 0x49, 0x49, 0x49, 0x49, 0x49, 0x49, 0x1E, 0x11, 0xB2, 0x2D, 0x2D, 0x2D, 0xB2, 0x5D,
  0x5D, 0x5D, 0x90, 0xAC, 0xA7, 0x72, 0x2D, 0x2D, 0x2D, 0x10, 0xB2, 0xAC, 0xAC, 0x31, 0x31, 0xB2,
  0x31, 0x10, 0x14, 0x14, 0x8A, 0x0B, 0xA3, 0x5C, 0x32, 0xB2, 0x2D, 0x31, 0x23, 0x1F, 0x1E, 0x09,
  0x11, 0x11, 0x11, 0x11, 0x0B, 0x8A, 0x9C, 0x0B, 0x9C, 0x0B, 0x0B, 0x0B, 0x0B, 0x06, 0x06, 0x06,
  0x06, 0x0B, 0x3F, 0x3F, 0x06, 0x0B, 0x00, 0x0B, 0x0B, 0x0B, 0x06, 0x04, 0x11, 0x11, 0x16, 0x61,
  0x60, 0x60, 0x6A, 0x6A, 0x6A, 0x6A, 0x6A, 0x6A, 0x6A, 0x6A, 0x6A, 0x6A, 0x6A, 0x6B, 0x19, 0x19,
  0x04, 0x06, 0x0B, 0x0B, 0x06, 0x11, 0x11, 0x11, 0x11, 0x06, 0x00, 0x00, 0x3F, 0x12, 0x12, 0x12,
  0x0B, 0x12, 0x12, 0x9C, 0x06, 0x06, 0x06, 0x06, 0x06, 0x3F, 0x0B, 0x06, 0x06, 0x23, 0x13, 0x23,
  0x0B, 0x06, 0x05, 0x03, 0x16, 0x16, 0x16, 0x16, 0x16, 0x16, 0x16, 0x61, 0x19, 0x19, 0x19, 0x04,
  0x04, 0x00, 0x00, 0x15, 0x04, 0x04, 0x04, 0x00, 0x09, 0x11, 0x05, 0x60, 0x05, 0x19, 0x19, 0x19,
  0x19, 0x11, 0x00, 0x00, 0x0B, 0x14, 0x0B, 0x09, 0x0B, 0x1E, 0x1C, 0x41, 0x62, 0xA9, 0x5C, 0xAC,
  0x46, 0x24, 0x24, 0x2D, 0x31, 0x5C, 0xA3, 0x90, 0x90, 0x90, 0x2D, 0x0F, 0x0F, 0x24, 0x24, 0x2D,
  0x2D, 0x24, 0x24, 0x24, 0x42, 0x2B, 0x46, 0x42, 0x10, 0x0B, 0x14, 0x0C, 0x0C, 0x0C, 0x79, 0x79,
  0x37, 0x37, 0x49, 0x49, 0x49, 0x64, 0x49, 0x49, 0x49, 0x49, 0x49, 0x37, 0x49, 0x49, 0x64, 0x49,
  0x49, 0x09, 0x37, 0x49, 0x49, 0x49, 0x49, 0x49, 0x49, 0x49, 0x9F, 0x64, 0x64, 0x49, 0x64, 0x49,
  0x49, 0x49, 0x49, 0x49, 0x49, 0x49, 0x49, 0x49, 0x49, 0x11, 0x14, 0xB2, 0x24, 0x31, 0xAC, 0x86,
  0x90, 0xA7, 0xAC, 0xAC, 0x4A, 0x78, 0xB2, 0x10, 0x2D, 0x10, 0x2D, 0xAC, 0x31, 0x2D, 0xB2, 0xB2,
  0x2D, 0x10, 0x14, 0x14, 0x8A, 0x0B, 0x5D, 0xA7, 0x31, 0x2D, 0x24, 0xB2, 0x0B, 0x09, 0x1D, 0x09,
  0x11, 0x11, 0x11, 0x11, 0x3F, 0x12, 0x0B, 0x0B, 0x01, 0x9C, 0x0B, 0x0B, 0x0B, 0x00, 0x00, 0x06,
  0x06, 0x0B, 0x0B, 0x0B, 0x9C, 0x0B, 0x0B, 0x0B, 0x0B, 0x0B, 0x06, 0x05, 0x09, 0x1D, 0x05, 0x19,
  0x60, 0x60, 0x60, 0x60, 0x60, 0x60, 0x60, 0x60, 0x19, 0x19, 0x60, 0x60, 0x60, 0x16, 0x04, 0x04,
  0x06, 0x06, 0x0B, 0x0B, 0x06, 0x11, 0x11, 0x11, 0x11, 0x06, 0x06, 0x00, 0x3F, 0x12, 0x12, 0x12,
  0x0B, 0x12, 0x12, 0x9C, 0x06, 0x06, 0x06, 0x00, 0x06, 0x07, 0x08, 0x08, 0x06, 0x23, 0x52, 0x23,
  0x0B, 0x06, 0x04, 0x04, 0x04, 0x04, 0x05, 0x05, 0x05, 0x05, 0x19, 0x19, 0x11, 0x11, 0x11, 0x11,
  0x8A, 0x8A, 0x10, 0x10, 0x10, 0x10, 0x24, 0x24, 0x2D, 0x14, 0x15, 0x04, 0x04, 0x11, 0x11, 0x1D,
  0x0B, 0x10, 0x2D, 0x2D, 0xB2, 0x72, 0x14, 0x0B, 0x0B, 0x1E, 0x1C, 0x62, 0xA9, 0xA9, 0x5C, 0xAC,
  0x46, 0x24, 0x24, 0x2D, 0x31, 0x5C, 0x32, 0x31, 0xA7, 0xAC, 0xB2, 0x0F, 0x0F, 0x0F, 0x0F, 0x2D,
  0x46, 0x2D, 0x24, 0x2D, 0x55, 0x2D, 0x2D, 0xB2, 0x00, 0x00, 0x00, 0x00, 0x00, 0x04, 0x11, 0x1D,
  0x79, 0x37, 0x37, 0x49, 0x49, 0x49, 0x49, 0x49, 0x49, 0x49, 0x49, 0x1D, 0x09, 0x09, 0x1F, 0x1D,
  0x37, 0x49, 0x37, 0x3E, 0x1F, 0x09, 0x09, 0x1D, 0x49, 0x49, 0x49, 0x49, 0x49, 0x49, 0x64, 0x64,
  0x49, 0x49, 0x49, 0x1D, 0x09, 0x11, 0x11, 0x11, 0x1F, 0x11, 0x0B, 0xB2, 0xB2, 0x42, 0x72, 0x90,
  0xAC, 0xAC, 0xAC, 0xAC, 0x72, 0xB0, 0xB2, 0x2D, 0x2D, 0x10, 0x2D, 0xB2, 0x2D, 0xB2, 0x46, 0x46,
  0xB2, 0x10, 0x14, 0x8A, 0x0B, 0x0B, 0x5D, 0xA7, 0xAC, 0x10, 0x8A, 0x8A, 0x0B, 0x1D, 0x09, 0x09,
  0x11, 0x11, 0x11, 0x11, 0x0B, 0x14, 0x10, 0x01, 0x01, 0x3F, 0x0B, 0x00, 0x00, 0x00, 0x00, 0x00,
  0x0B, 0x0B, 0x0B, 0x3F, 0x9C, 0x9C, 0x00, 0x06, 0x00, 0x06, 0x06, 0x04, 0x09, 0x1D, 0x05, 0x11,
  0x11, 0x11, 0x19, 0x60, 0x60, 0x60, 0x61, 0x19, 0x16, 0x16, 0x19, 0x60, 0x05, 0x00, 0x06, 0x0B,
  0x0B, 0x0B, 0x3F, 0x0B, 0x0B, 0x11, 0x11, 0x11, 0x11, 0x00, 0x00, 0x00, 0x3F, 0x12, 0x12, 0x12,
  0x0B, 0x12, 0x12, 0x9C, 0x06, 0x06, 0x06, 0x0B, 0x09, 0x52, 0x13, 0x3F, 0x06, 0x3F, 0x3D, 0x23,
  0x3F, 0x3F, 0x04, 0x04, 0x11, 0x04, 0x04, 0x11, 0x11, 0x11, 0x11, 0x09, 0x09, 0x11, 0x11, 0x09,
  0x2D, 0x2D, 0xB2, 0xA2, 0x12, 0xA2, 0x31, 0x46, 0x55, 0x10, 0x04, 0x04, 0x11, 0x06, 0x09, 0x1E,
  0x14, 0x31, 0x31, 0x2D, 0xB2, 0x55, 0x8A, 0x0B, 0x0B, 0x1D, 0x1B, 0x5D, 0x31, 0x31, 0xAC, 0xAC,
  0x2D, 0x24, 0x24, 0xB2, 0xAC, 0x2D, 0x24, 0x24, 0x2D, 0x24, 0x24, 0x24, 0x0F, 0x0F, 0x8D, 0x24,
  0x2D, 0x46, 0x2D, 0x2D, 0x10, 0x0E, 0x00, 0x00, 0x04, 0x11, 0x09, 0x0B, 0x0C, 0x3E, 0x79, 0x49,
  0x49, 0x49, 0x49, 0x49, 0x49, 0x49, 0x49, 0x64, 0x49, 0x49, 0x49, 0x64, 0x64, 0x49, 0x64, 0x64,
  0x64, 0x64, 0x64, 0x64, 0x64, 0x49, 0x49, 0x64, 0x49, 0x49, 0x49, 0x49, 0x49, 0x49, 0x64, 0x56,
  0x49, 0x49, 0x64, 0x56, 0x49, 0x49, 0x49, 0x37, 0x3E, 0x11, 0x04, 0x0B, 0x01, 0x8A, 0x94, 0x5D,
  0xAC, 0xAC, 0xB2, 0xAC, 0xAC, 0xAC, 0x2D, 0x10, 0x10, 0x10, 0x24, 0x24, 0x2D, 0x2D, 0xB2, 0xB2,
  0xB2, 0x10, 0x8A, 0x8A, 0x0B, 0x0B, 0xB2, 0xAC, 0x24, 0x10, 0x8A, 0x8A, 0x0B, 0x1E, 0x09, 0x09,
  0x11, 0x11, 0x11, 0x11, 0x06, 0x12, 0xA2, 0x89, 0x14, 0x14, 0x06, 0x00, 0x15, 0x00, 0x00, 0x00,
  0x0B, 0x23, 0x0B, 0x06, 0x06, 0x06, 0x06, 0x06, 0x06, 0x06, 0x06, 0x04, 0x11, 0x09, 0x11, 0x11,
  0x0A, 0x0A, 0x11, 0x11, 0x6A, 0x19, 0x19, 0x19, 0x19, 0x19, 0x19, 0x19, 0x04, 0x0B, 0x0B, 0x01,
  0x0B, 0x0B, 0x06, 0x0B, 0x0B, 0x11, 0x11, 0x11, 0x06, 0x06, 0x00, 0x15, 0x3F, 0x12, 0x12, 0x12,
  0x0B, 0x12, 0x12, 0x9C, 0x15, 0x06, 0x08, 0x0B, 0x23, 0x52, 0x08, 0x06, 0x06, 0x08, 0x13, 0x23,
  0x3F, 0x3F, 0x04, 0x04, 0x04, 0x04, 0x04, 0x11, 0x11, 0x11, 0x11, 0x0A, 0x09, 0x11, 0x11, 0x0B,
  0x2D, 0x2D, 0x31, 0x12, 0x51, 0x89, 0xA2, 0x46, 0xB2, 0x8A, 0x04, 0x04, 0x11, 0x06, 0x09, 0x1B,
  0x14, 0x31, 0xA2, 0xA2, 0x31, 0x2D, 0x0B, 0x0B, 0x0B, 0x1E, 0x1C, 0x32, 0xB2, 0xAC, 0x31, 0xB2,
  0x0F, 0x24, 0x24, 0x2D, 0xB2, 0x2D, 0x0F, 0x0F, 0x24, 0x0F, 0x0F, 0x24, 0x0F, 0x8D, 0xC1, 0x0F,
  0x24, 0x24, 0x0E, 0x0E, 0x8D, 0x10, 0x94, 0x0B, 0x11, 0x0C, 0x0C, 0x0C, 0x0C, 0x3E, 0x79, 0x49,
  0x37, 0x49, 0x49, 0x49, 0x49, 0x49, 0x49, 0x49, 0x49, 0x49, 0x49, 0x49, 0x49, 0x9F, 0x49, 0x49,
  0x49, 0x49, 0x49, 0x49, 0xBC, 0x49, 0x49, 0x49, 0x49, 0x64, 0x64, 0x64, 0x64, 0x49, 0x49, 0x49,
  0x49, 0x49, 0x49, 0x49, 0x49, 0x49, 0x49, 0x49, 0x64, 0x49, 0x1D, 0x09, 0x94, 0x8A, 0x9C, 0x00,
  0x01, 0xB2, 0x55, 0xAC, 0xAC, 0xAC, 0xB2, 0x0F, 0x10, 0x8A, 0x10, 0x2D, 0x24, 0xB2, 0x68, 0x72,
  0x2D, 0x10, 0x14, 0x8A, 0x0B, 0x0B, 0x8A, 0xA2, 0x10, 0x8A, 0x8A, 0x8A, 0x0B, 0x1B, 0x1D, 0x11,
  0x11, 0x11, 0x11, 0x11, 0x06, 0x0B, 0x01, 0x8A, 0x8A, 0x0B, 0x00, 0x06, 0x15, 0x04, 0x06, 0x06,
  0x06, 0x0B, 0x0B, 0x0B, 0x00, 0x00, 0x06, 0x06, 0x06, 0x06, 0x06, 0x04, 0x11, 0x09, 0x11, 0x11,
  0x0A, 0x09, 0x0A, 0x0A, 0x11, 0x11, 0x11, 0x19, 0x19, 0x04, 0x19, 0x11, 0x11, 0x06, 0x0B, 0x0B,
  0x0B, 0x0B, 0x06, 0x0B, 0x0B, 0x11, 0x11, 0x11, 0x11, 0x00, 0x06, 0x15, 0x3F, 0x12, 0x12, 0x12,
  0x0B, 0x12, 0x12, 0x9C, 0x15, 0x06, 0x0B, 0x06, 0x0B, 0x23, 0x06, 0x06, 0x0B, 0x06, 0x08, 0x3F,
  0x0B, 0x3F, 0x11, 0x11, 0x04, 0x04, 0x04, 0x11, 0x11, 0x11, 0x11, 0x1F, 0x1F, 0x11, 0x11, 0x0B,
  0x24, 0x24, 0x89, 0x12, 0x51, 0x51, 0x12, 0x24, 0xB2, 0x0B, 0x04, 0x11, 0x11, 0x08, 0x3D, 0x9F,
  0x13, 0xA2, 0xA2, 0xA2, 0x2D, 0x2D, 0x3F, 0x0B, 0x0B, 0x1B, 0x9F, 0xB2, 0xB2, 0x2D, 0x2D, 0x0F,
  0x8D, 0x24, 0x2D, 0xA2, 0x31, 0xB2, 0x2D, 0x2D, 0x2D, 0x2D, 0x0F, 0x0F, 0x0F, 0xC1, 0xC1, 0x0F,
  0x24, 0x2D, 0x24, 0x2D, 0x46, 0xB2, 0x8A, 0x00, 0x0C, 0x0C, 0x0C, 0x0C, 0x0B, 0x3E, 0x79, 0x37,
  0x37, 0x49, 0x49, 0x49, 0x64, 0x56, 0x49, 0x49, 0x49, 0x49, 0x9F, 0x45, 0xAE, 0xB7, 0xB7, 0xB7,
  0xB7, 0x99, 0x99, 0xBE, 0xB7, 0x99, 0xAE, 0xFF, 0x9F, 0x49, 0x49, 0x49, 0x49, 0x49, 0x49, 0x49,
  0x49, 0x49, 0x49, 0x49, 0x49, 0x49, 0x49, 0x49, 0x49, 0x49, 0x37, 0x09, 0x14, 0xB2, 0xB2, 0x2D,
  0x24, 0xB2, 0xB2, 0x31, 0xB2, 0x46, 0x46, 0x10, 0x10, 0x8D, 0x10, 0x10, 0x8D, 0x72, 0x9B, 0x4B,
  0x14, 0x14, 0x14, 0x8A, 0x0B, 0x0B, 0x0B, 0x12, 0x01, 0x01, 0x0B, 0x8A, 0x0B, 0x49, 0x1D, 0x11,
  0x09, 0x09, 0x11, 0x06, 0x06, 0x0B, 0x01, 0x0B, 0x01, 0x0B, 0x00, 0x06, 0x06, 0x04, 0x06, 0x07,
  0x06, 0x06, 0x0B, 0x0B, 0x06, 0x15, 0x06, 0x06, 0x06, 0x06, 0x06, 0x06, 0x11, 0x09, 0x05, 0x09,
  0x09, 0x11, 0x0A, 0x0A, 0x11, 0x11, 0x11, 0x11, 0x19, 0x04, 0x19, 0x11, 0x11, 0x06, 0x0B, 0x0B,
  0x0B, 0x06, 0x06, 0x06, 0x09, 0x11, 0x11, 0x11, 0x06, 0x06, 0x06, 0x06, 0x3F, 0x12, 0x12, 0x12,
  0x0B, 0x12, 0x12, 0x9C, 0x15, 0x00, 0x06, 0x07, 0x08, 0x0B, 0x00, 0x00, 0x3F, 0x06, 0x06, 0x06,
  0x06, 0x06, 0x11, 0x04, 0x04, 0x05, 0x04, 0x11, 0x11, 0x11, 0x0A, 0xB8, 0x6F, 0x0A, 0x09, 0x0B,
  0x10, 0x10, 0x23, 0x0B, 0x5E, 0x51, 0x8D, 0x0F, 0x24, 0x06, 0x06, 0x11, 0x09, 0x09, 0x1E, 0x1B,
  0x13, 0xA2, 0x89, 0x12, 0x12, 0x0B, 0x0B, 0x0B, 0x0B, 0x1E, 0x9F, 0x32, 0x2D, 0x12, 0xA2, 0x01,
  0x8A, 0x12, 0x89, 0x32, 0x32, 0x13, 0x89, 0x2D, 0x2D, 0xA2, 0x2D, 0x24, 0x0F, 0xC1, 0xC1, 0xC1,
  0x0F, 0x24, 0x24, 0x0F, 0x24, 0x10, 0x00, 0x0C, 0x0C, 0x0C, 0x0C, 0x0C, 0x3E, 0x79, 0x79, 0x79,
  0x37, 0x49, 0x49, 0x49, 0x49, 0x96, 0xBC, 0xAE, 0x99, 0xB3, 0x93, 0xB4, 0xB4, 0xB1, 0xB1, 0xB1,
  0xB1, 0xB1, 0x93, 0xB1, 0xB1, 0xB1, 0xB1, 0xB4, 0x93, 0xB3, 0xB7, 0xAE, 0x96, 0x49, 0x49, 0x49,
  0x49, 0x49, 0x49, 0x49, 0x49, 0x49, 0x49, 0x49, 0x49, 0x49, 0x49, 0x79, 0x00, 0x2D, 0xB2, 0x2D,
  0x2D, 0x2D, 0x2D, 0x0F, 0x2D, 0xB2, 0x24, 0x10, 0x10, 0x8D, 0x10, 0xB2, 0x72, 0x64, 0xBE, 0x63,
  0xB9, 0x4B, 0x51, 0x8A, 0x8A, 0x0B, 0x06, 0x9C, 0x01, 0x8A, 0x14, 0x8A, 0x0B, 0x1E, 0x1F, 0x11,
  0x09, 0x09, 0x11, 0x11, 0x00, 0x0B, 0x01, 0x0B, 0x01, 0x0B, 0x00, 0x0B, 0x13, 0x09, 0x06, 0x04,
  0x00, 0x06, 0x0B, 0x06, 0x06, 0x06, 0x0B, 0x14, 0x0B, 0x06, 0x06, 0x09, 0x11, 0x11, 0x19, 0x09,
  0x09, 0x11, 0x39, 0x0A, 0x11, 0x11, 0x09, 0x11, 0x19, 0x04, 0x05, 0x04, 0x04, 0x06, 0x0B, 0x9C,
  0x00, 0x06, 0x06, 0x06, 0x08, 0x09, 0x11, 0x11, 0x11, 0x06, 0x07, 0x07, 0x3F, 0x12, 0x12, 0x12,
  0x0B, 0x12, 0x12, 0x9C, 0x15, 0x00, 0x00, 0x00, 0x06, 0x06, 0x00, 0x00, 0x06, 0x06, 0x06, 0x0B,
  0x06, 0x15, 0x11, 0x11, 0x04, 0x04, 0x11, 0x11, 0x11, 0x11, 0x0A, 0xB8, 0xB8, 0x0A, 0x09, 0x0B,
  0x12, 0x12, 0x0B, 0x51, 0x13, 0x3F, 0x10, 0x0F, 0x10, 0x06, 0x06, 0x11, 0x09, 0x09, 0xBA, 0x09,
  0x12, 0xA2, 0xA2, 0x12, 0x12, 0x0B, 0x0B, 0x0B, 0x1D, 0x1B, 0x53, 0x13, 0x12, 0x12, 0x12, 0x8A,
  0x8A, 0x12, 0x13, 0x7B, 0x53, 0x89, 0x0B, 0x10, 0x2D, 0xA2, 0x31, 0x24, 0x8D, 0x8D, 0x8D, 0x0F,
  0x0F, 0x0F, 0x24, 0x0F, 0x10, 0x00, 0x0B, 0x8A, 0x0C, 0x0C, 0x0C, 0x3E, 0x79, 0x79, 0x79, 0x49,
  0x37, 0x49, 0x49, 0x37, 0x9F, 0xB6, 0xB3, 0x93, 0xB1, 0xB1, 0x93, 0xB3, 0xB3, 0xB1, 0xB3, 0xB3,
  0xB3, 0xB3, 0xB3, 0xB3, 0xB3, 0xB3, 0xB3, 0xB3, 0xB3, 0xB4, 0xB4, 0xB4, 0x93, 0xB7, 0x9F, 0x37,
  0x49, 0x64, 0x49, 0x49, 0x49, 0x49, 0x49, 0x64, 0x49, 0x64, 0x64, 0x64, 0x79, 0x00, 0xB2, 0x24,
  0x24, 0x24, 0x24, 0x8D, 0x8D, 0x2D, 0x2D, 0x10, 0x10, 0x8D, 0x2D, 0xE6, 0x69, 0x41, 0x81, 0xB5,
  0xB7, 0xB7, 0x94, 0x0B, 0x8A, 0x0B, 0x0B, 0x01, 0x01, 0x8A, 0x0B, 0x0B, 0x06, 0x09, 0x1F, 0x11,
  0x09, 0x09, 0x11, 0x11, 0x00, 0x0B, 0x0B, 0x0B, 0x0B, 0x00, 0x00, 0x06, 0x09, 0x09, 0x06, 0x00,
  0x15, 0x15, 0x05, 0x15, 0x06, 0x06, 0x06, 0x09, 0x06, 0x06, 0x06, 0x0B, 0x11, 0x04, 0x11, 0x11,
  0x11, 0x11, 0x0A, 0x0A, 0x0A, 0x11, 0x09, 0x11, 0x11, 0x05, 0x19, 0x04, 0x19, 0x06, 0x06, 0x15,
  0x06, 0x06, 0x06, 0x0B, 0x09, 0x09, 0x11, 0x11, 0x11, 0x04, 0x07, 0x07, 0x3F, 0x12, 0x12, 0x12,
  0x0B, 0x12, 0x12, 0x9C, 0x07, 0x06, 0x00, 0x00, 0x00, 0x00, 0x00, 0x00, 0x06, 0x00, 0x00, 0x0B,
  0x06, 0x06, 0x19, 0x11, 0x04, 0x04, 0x11, 0x11, 0x11, 0x11, 0x0A, 0x1B, 0xD7, 0x09, 0x09, 0x06,
  0x01, 0x01, 0x06, 0x0B, 0x0B, 0x9C, 0x8D, 0x24, 0x12, 0x06, 0x06, 0x11, 0x11, 0x09, 0x1B, 0x1D,
  0x0B, 0x0F, 0x12, 0x8D, 0x10, 0x8A, 0x0B, 0x0B, 0x79, 0x1B, 0x5E, 0x13, 0x12, 0x0B, 0x8A, 0x8A,
  0x8D, 0x8A, 0x3F, 0x53, 0x53, 0x13, 0x8A, 0x10, 0xB2, 0x31, 0x2D, 0x0F, 0x8D, 0x0E, 0x8D, 0x8D,
  0x0F, 0x0F, 0x0F, 0x24, 0x00, 0x00, 0x0B, 0x0B, 0x0C, 0x0C, 0x0C, 0x0C, 0x79, 0x79, 0x37, 0x49,
  0x49, 0x37, 0x49, 0xB6, 0x93, 0xB3, 0xB3, 0xB3, 0xB3, 0xB3, 0xB3, 0xB3, 0xB1, 0xB1, 0xB3, 0xB3,
  0xB1, 0xB1, 0xB3, 0xB3, 0xB1, 0xB3, 0xB3, 0xB3, 0xB1, 0xB3, 0xB1, 0x93, 0x93, 0xB4, 0x93, 0x99,
  0x9F, 0x49, 0x9F, 0x64, 0x64, 0x56, 0x64, 0x49, 0x49, 0x49, 0x49, 0x49, 0x64, 0x09, 0x8A, 0x2D,
  0x24, 0x0F, 0x0F, 0x8D, 0x01, 0x10, 0x10, 0x8D, 0x8D, 0x8D, 0x10, 0x8C, 0x58, 0xFF, 0xF4, 0xFF,
  0x9F, 0x09, 0x0B, 0x0B, 0x0B, 0x0B, 0x0B, 0x8A, 0x8A, 0x0B, 0x0B, 0x9C, 0x00, 0x09, 0x09, 0x11,
  0x11, 0x09, 0x11, 0x11, 0x11, 0x06, 0x06, 0x00, 0x00, 0x00, 0x00, 0x06, 0x07, 0x05, 0x04, 0x00,
  0x15, 0x06, 0x0B, 0x06, 0x15, 0x15, 0x06, 0x04, 0x06, 0x06, 0x06, 0x06, 0x11, 0x19, 0x09, 0x09,
  0x19, 0x11, 0xB8, 0xD3, 0x0A, 0x11, 0x09, 0x11, 0x19, 0x05, 0x04, 0x19, 0x04, 0x04, 0x06, 0x06,
  0x06, 0x09, 0x07, 0x07, 0x11, 0x08, 0x11, 0x11, 0x11, 0x05, 0x07, 0x07, 0x3F, 0x12, 0x12, 0x12,
  0x0B, 0x12, 0x12, 0x3F, 0x07, 0x07, 0x07, 0x15, 0x00, 0x00, 0x00, 0x00, 0x00, 0x00, 0x15, 0x06,
  0x00, 0x00, 0x04, 0x11, 0x11, 0x04, 0x11, 0x11, 0x11, 0x11, 0x0A, 0x1B, 0x0A, 0x1F, 0x09, 0x09,
  0x01, 0x01, 0x0B, 0x3F, 0x3F, 0x9C, 0x01, 0xA2, 0x14, 0x06, 0x11, 0x11, 0x09, 0x09, 0x20, 0x5E,
  0x8D, 0x12, 0x8D, 0x8D, 0x12, 0x0B, 0x0B, 0x09, 0x79, 0x1B, 0x5E, 0x51, 0x51, 0x5E, 0x12, 0x0B,
  0x8A, 0x8D, 0x01, 0x10, 0x51, 0x89, 0x8D, 0x8A, 0x24, 0x31, 0x0F, 0x0F, 0x0F, 0x01, 0x8D, 0x8D,
  0x0F, 0x47, 0x2D, 0x8A, 0x00, 0x0C, 0x0C, 0x0C, 0x0C, 0x0C, 0x0C, 0x79, 0x79, 0x37, 0x49, 0x37,
  0x37, 0xFF, 0x93, 0x93, 0xB3, 0xB3, 0xB3, 0xB3, 0xB3, 0xB3, 0xB1, 0xB1, 0xB1, 0xB3, 0x93, 0xB4,
  0x93, 0xB3, 0x93, 0xB1, 0xB3, 0xB3, 0xB1, 0xB1, 0xB1, 0xB1, 0xB1, 0xB1, 0xB3, 0xB3, 0x93, 0xAA,
  0x93, 0xFF, 0x37, 0x49, 0x64, 0x64, 0x49, 0x49, 0x49, 0x49, 0x49, 0x49, 0x64, 0x64, 0x00, 0x10,
  0x24, 0x10, 0x01, 0x01, 0x8A, 0x8D, 0x8D, 0x8D, 0x01, 0x01, 0x8A, 0x0B, 0x58, 0x70, 0x9F, 0xB6,
  0x33, 0x09, 0x06, 0x0B, 0x0B, 0x06, 0x06, 0x01, 0x01, 0x3F, 0x0B, 0x0B, 0x06, 0x09, 0x09, 0x09,
  0x11, 0x11, 0x11, 0x11, 0x06, 0x06, 0x00, 0x06, 0x06, 0x06, 0x06, 0x06, 0x06, 0x07, 0x00, 0x00,
  0x06, 0x13, 0x3D, 0x0B, 0x07, 0x06, 0x06, 0x15, 0x15, 0x15, 0x15, 0x04, 0x04, 0x11, 0x09, 0x0A,
  0x11, 0x11, 0xB8, 0xD3, 0x0A, 0x11, 0x09, 0x11, 0x11, 0x19, 0x04, 0x11, 0x04, 0x04, 0x06, 0x06,
  0x0B, 0x09, 0x04, 0x15, 0x05, 0x08, 0x08, 0x11, 0x11, 0x04, 0x05, 0x05, 0x3F, 0x12, 0x12, 0x12,
  0x0B, 0x12, 0x12, 0x06, 0x08, 0x08, 0x08, 0x07, 0x15, 0x00, 0x06, 0x06, 0x00, 0x00, 0x00, 0x06,
  0x00, 0x15, 0x11, 0x11, 0x11, 0x11, 0x11, 0x11, 0x09, 0x0A, 0x0A, 0x0A, 0x0A, 0x1F, 0x11, 0x06,
  0x01, 0x01, 0x01, 0x9C, 0x01, 0x01, 0x01, 0x12, 0x3F, 0x00, 0x11, 0x11, 0x08, 0xBA, 0xB8, 0x1D,
  0x01, 0x8D, 0x8D, 0x8D, 0x8D, 0x0B, 0x0B, 0x09, 0x09, 0x1E, 0x1D, 0x13, 0x13, 0x53, 0x32, 0x13,
  0x12, 0x01, 0x01, 0x8D, 0x24, 0x89, 0x12, 0x01, 0x0B, 0x51, 0x8A, 0x0F, 0x8D, 0x01, 0x8D, 0x0E,
  0x8D, 0x0F, 0x10, 0x00, 0x8A, 0x0B, 0x0C, 0x0C, 0x0C, 0x0C, 0x0C, 0x3E, 0x79, 0x79, 0x3E, 0x1E,
  0x34, 0xB3, 0xB3, 0xB3, 0xB1, 0xB1, 0xB1, 0xB3, 0xB3, 0xB3, 0xB1, 0xB1, 0xB3, 0xB3, 0x93, 0xFF,
  0xBC, 0x49, 0x49, 0xAE, 0xB4, 0x93, 0xB1, 0xB1, 0xB1, 0xB1, 0xB1, 0xB1, 0xB4, 0xB4, 0xB4, 0x93,
  0x93, 0xAA, 0x99, 0x49, 0x49, 0x49, 0x49, 0x49, 0x49, 0x49, 0x49, 0x49, 0x49, 0x49, 0x79, 0x00,
  0x10, 0x8D, 0x8A, 0x8A, 0x8A, 0x01, 0x8D, 0x01, 0x01, 0x01, 0x8A, 0x0B, 0xA3, 0x33, 0x0B, 0x58,
  0xB9, 0x06, 0x06, 0x06, 0x06, 0x15, 0x9C, 0x3F, 0x01, 0x0B, 0x3F, 0x0B, 0x06, 0x09, 0x09, 0x11,
  0x11, 0x11, 0x11, 0x11, 0x11, 0x00, 0x06, 0x06, 0x06, 0x06, 0x06, 0x09, 0x06, 0x06, 0x15, 0x15,
  0x07, 0x23, 0x3D, 0x08, 0x05, 0x06, 0x06, 0x05, 0x15, 0x15, 0x15, 0x04, 0x04, 0x11, 0x0A, 0x0A,
  0x09, 0x11, 0xD7, 0xB8, 0x39, 0x11, 0x09, 0x11, 0x11, 0x19, 0x11, 0x11, 0x11, 0x05, 0x06, 0x06,
  0x06, 0x06, 0x05, 0x07, 0x05, 0x08, 0x09, 0x11, 0x11, 0x05, 0x05, 0x07, 0x3F, 0x12, 0x12, 0x12,
  0x0B, 0x12, 0x12, 0x06, 0x3D, 0x3D, 0x3D, 0x52, 0x04, 0x07, 0x52, 0x3D, 0x06, 0x06, 0x00, 0x00,
  0x00, 0x11, 0x11, 0x11, 0x04, 0x11, 0x11, 0x09, 0x09, 0x0A, 0x0A, 0x0A, 0x11, 0x1F, 0x11, 0x06,
  0x9C, 0x9C, 0x9C, 0x01, 0x0B, 0x01, 0x01, 0x8A, 0x0B, 0x07, 0x11, 0x11, 0x11, 0x09, 0xBA, 0x09,
  0x3F, 0x8D, 0x8D, 0x8D, 0x01, 0x3F, 0x0B, 0x0B, 0x09, 0x1B, 0x13, 0x01, 0x9C, 0x23, 0x53, 0x13,
  0x10, 0x10, 0x2D, 0x10, 0x10, 0x8D, 0x10, 0x12, 0x10, 0x14, 0x9C, 0x8D, 0x8D, 0x0E, 0x8D, 0x8D,
  0x8D, 0x0F, 0x00, 0x0B, 0x0C, 0x0C, 0x3E, 0x0C, 0x0C, 0x0C, 0x0C, 0x1D, 0x79, 0x1D, 0x50, 0xAE,
  0xBE, 0xB3, 0xB3, 0x93, 0xB6, 0x56, 0x99, 0xB4, 0xB1, 0xB1, 0xB1, 0xB1, 0xB1, 0x93, 0x56, 0x37,
  0x49, 0x49, 0x49, 0x37, 0xFF, 0xAA, 0xB3, 0xB1, 0xB1, 0xB1, 0xB4, 0xAA, 0xB6, 0x45, 0xBE, 0xB4,
  0xB1, 0xB3, 0xB4, 0xB3, 0x37, 0x49, 0x49, 0x49, 0x49, 0x37, 0x49, 0x49, 0x49, 0x49, 0x49, 0x09,
  0x8A, 0x10, 0x8D, 0x8D, 0x8D, 0x8A, 0x0B, 0x0B, 0x0B, 0x0B, 0x01, 0x01, 0x0B, 0x0B, 0x06, 0x0B,
  0x0B, 0x06, 0x06, 0x06, 0x5E, 0x13, 0x06, 0x3F, 0x3F, 0x9C, 0x0B, 0x0B, 0x06, 0x09, 0x09, 0x11,
  0x11, 0x11, 0x11, 0x11, 0x11, 0x04, 0x07, 0x06, 0x00, 0x06, 0x3D, 0x08, 0x06, 0x06, 0x07, 0x00,
  0x15, 0x07, 0x52, 0x08, 0x07, 0x06, 0x07, 0x05, 0x05, 0x15, 0x15, 0x05, 0x05, 0x11, 0x11, 0x0A,
  0x0A, 0x0A, 0x0A, 0xBA, 0x11, 0x11, 0x11, 0x11, 0x11, 0x11, 0x11, 0x19, 0x11, 0x04, 0x04, 0x07,
  0x15, 0x05, 0x05, 0x07, 0x07, 0x08, 0x09, 0x07, 0x05, 0x05, 0x05, 0x05, 0x3F, 0x12, 0x12, 0x12,
  0x0B, 0x12, 0x12, 0x3F, 0x3D, 0x3D, 0xDD, 0x3D, 0x07, 0x52, 0x38, 0x7B, 0x52, 0x06, 0x00, 0x00,
  0x00, 0x11, 0x11, 0x04, 0x05, 0x11, 0x11, 0x09, 0x09, 0x0A, 0x0A, 0x0A, 0x0A, 0x1F, 0x11, 0x0B,
  0x9C, 0x3F, 0x3F, 0x3F, 0x0B, 0x3F, 0x3F, 0x0B, 0x06, 0x07, 0x11, 0x04, 0x11, 0x09, 0x1E, 0x1E,
  0x0B, 0x01, 0x01, 0x8A, 0x0B, 0x3F, 0x0B, 0x3F, 0x52, 0x1E, 0x13, 0x01, 0x8A, 0x0B, 0x3F, 0x3F,
  0x0B, 0x8D, 0xB2, 0x10, 0x01, 0x10, 0x8D, 0xA2, 0x89, 0x3F, 0x9C, 0x01, 0x01, 0x01, 0x8D, 0x01,
  0x8D, 0x01, 0x00, 0x0C, 0x0C, 0x0C, 0x3E, 0x0C, 0x0C, 0x0C, 0x0C, 0x79, 0x1D, 0x1E, 0xB6, 0xFE,
  0xFE, 0xB3, 0xBE, 0x9F, 0x37, 0x49, 0x49, 0x45, 0x93, 0xB1, 0xB1, 0xB3, 0xB1, 0x63, 0x37, 0x49,
  0x49, 0x49, 0x49, 0x49, 0x49, 0x99, 0xAA, 0x93, 0xB3, 0xB4, 0xB3, 0x63, 0x49, 0x96, 0x37, 0xFF,
  0xB4, 0xB3, 0xB3, 0x93, 0x99, 0x37, 0x49, 0x49, 0x49, 0x1E, 0x1E, 0x49, 0x49, 0x64, 0x64, 0x79,
  0x00, 0x8A, 0x8D, 0x01, 0x01, 0x0B, 0x0B, 0x5E, 0x7B, 0x5E, 0x3F, 0x0B, 0x8A, 0x0B, 0x3F, 0x06,
  0x0B, 0x0B, 0x00, 0x0B, 0x34, 0x1C, 0xE0, 0x3D, 0x5E, 0x3F, 0x06, 0x0B, 0x06, 0x11, 0x09, 0x11,
  0x09, 0x09, 0x11, 0x11, 0x11, 0x05, 0x00, 0x06, 0x04, 0x1A, 0x1B, 0x08, 0x04, 0x07, 0x07, 0x06,
  0x06, 0x07, 0x08, 0x07, 0x06, 0x07, 0x05, 0x07, 0x05, 0x05, 0x05, 0x05, 0x05, 0x11, 0x11, 0xBA,
  0x20, 0x1F, 0xB8, 0x1F, 0x39, 0x39, 0x11, 0x11, 0x11, 0x11, 0x19, 0x05, 0x11, 0x11, 0x05, 0x04,
  0x05, 0x05, 0x05, 0x05, 0x05, 0x07, 0x06, 0x05, 0x05, 0x05, 0x05, 0x15, 0x3F, 0x12, 0x12, 0x12,
  0x0B, 0x12, 0x12, 0x06, 0x08, 0x1B, 0x38, 0x3D, 0x3D, 0x3D, 0xDD, 0x52, 0x07, 0x00, 0x15, 0x06,
  0x06, 0x05, 0x11, 0x19, 0x11, 0x11, 0x11, 0x09, 0x09, 0x0A, 0x09, 0x0A, 0x0A, 0x09, 0x06, 0x0B,
  0x9C, 0x06, 0x3F, 0x13, 0x3F, 0x3F, 0x3F, 0x06, 0x06, 0x06, 0x11, 0x11, 0x1D, 0x1D, 0x1E, 0x1D,
  0x0B, 0x01, 0x9C, 0x0B, 0x0B, 0x0B, 0x0B, 0x0B, 0x23, 0x1B, 0x5E, 0x12, 0x12, 0x14, 0x12, 0x01,
  0x0B, 0x12, 0x0B, 0x01, 0x8A, 0x8A, 0x9C, 0x8A, 0x0B, 0x3F, 0x0B, 0x14, 0x10, 0x8D, 0x8D, 0x8D,
  0x8A, 0x00, 0x0B, 0x0C, 0x0C, 0x3E, 0x79, 0x0C, 0x09, 0x0C, 0x3E, 0x3E, 0x1D, 0xAE, 0xFE, 0xFE,
  0xBE, 0xBE, 0x49, 0x37, 0x49, 0x49, 0x49, 0x37, 0x63, 0x93, 0xB3, 0xB1, 0xAE, 0x1F, 0x37, 0x63,
  0xB6, 0x99, 0xB6, 0x63, 0x37, 0x20, 0x93, 0x93, 0x93, 0xB7, 0x49, 0x49, 0x49, 0x49, 0x49, 0x37,
  0x63, 0x93, 0xB3, 0xB3, 0x93, 0xB6, 0x37, 0x64, 0x49, 0x49, 0x1E, 0x49, 0x49, 0x49, 0x49, 0x49,
  0x09, 0x0B, 0x8A, 0x01, 0x01, 0x06, 0x0B, 0x5E, 0x38, 0x53, 0x3F, 0x0B, 0x8A, 0x0B, 0x23, 0x3F,
  0x9C, 0x9C, 0x0B, 0x5E, 0x1B, 0x3D, 0x3D, 0x3D, 0x5E, 0x3F, 0x06, 0x0B, 0x06, 0x11, 0x11, 0x11,
  0x11, 0x11, 0x11, 0x11, 0x05, 0x05, 0x04, 0x15, 0x15, 0x07, 0x08, 0x07, 0x05, 0x08, 0x08, 0x07,
  0x07, 0x07, 0x07, 0x05, 0x06, 0x06, 0x06, 0x06, 0x07, 0x07, 0x08, 0x07, 0x11, 0x11, 0x11, 0xBA,
  0xFA, 0x1F, 0xB8, 0x1F, 0x39, 0x39, 0x11, 0x11, 0x11, 0x11, 0x19, 0x05, 0x11, 0x04, 0x04, 0x06,
  0x04, 0x05, 0x05, 0x05, 0x05, 0x05, 0x05, 0x05, 0x05, 0x05, 0x05, 0x05, 0x3F, 0x12, 0x12, 0x12,
  0x0B, 0x12, 0x12, 0x06, 0x08, 0x3D, 0x3D, 0xBA, 0x3D, 0x3D, 0x3D, 0x07, 0x00, 0x00, 0x15, 0x06,
  0x04, 0x04, 0x04, 0x19, 0x11, 0x11, 0x11, 0x09, 0x11, 0x0A, 0x09, 0x11, 0x0A, 0xBA, 0x06, 0x06,
  0x00, 0x06, 0x3F, 0x23, 0x06, 0x3F, 0x3F, 0x9C, 0x06, 0x06, 0x11, 0x09, 0x1D, 0x09, 0x1F, 0x1D,
  0x0B, 0x0B, 0x0B, 0x3F, 0x3F, 0x3F, 0x0B, 0x0B, 0x23, 0x5E, 0x13, 0x01, 0x01, 0x89, 0xA2, 0x8A,
  0x51, 0x5D, 0x0B, 0x01, 0x01, 0x01, 0x01, 0x01, 0x0B, 0x9C, 0x9C, 0x8A, 0x8A, 0x01, 0x01, 0x8A,
  0x0B, 0x00, 0x0C, 0x0C, 0x0C, 0x0C, 0x0C, 0x11, 0x00, 0x0C, 0x79, 0x1D, 0x9F, 0xFE, 0x4F, 0x4F,
  0xBE, 0x45, 0x1E, 0x37, 0x37, 0x56, 0x63, 0x49, 0x1E, 0xFE, 0xB1, 0xB3, 0xBE, 0x45, 0x99, 0x93,
  0xB4, 0xB1, 0xB4, 0xB4, 0x99, 0xAE, 0x93, 0xB1, 0x93, 0x49, 0x50, 0xBC, 0x45, 0x63, 0x37, 0x37,
  0x50, 0x99, 0xB3, 0xB3, 0xB3, 0xB4, 0x63, 0x37, 0x64, 0x64, 0x1E, 0x49, 0x49, 0x49, 0x49, 0x49,
  0x1D, 0x04, 0x0B, 0x01, 0x01, 0x0B, 0x06, 0x0B, 0x0B, 0x52, 0x23, 0x23, 0x0B, 0x0B, 0x23, 0x23,
  0x3F, 0x23, 0x22, 0x22, 0x23, 0x08, 0x23, 0x06, 0x07, 0x06, 0x0B, 0x00, 0x04, 0x09, 0x11, 0x11,
  0x11, 0x05, 0x11, 0x05, 0x04, 0x05, 0x05, 0x06, 0x06, 0x07, 0x05, 0x05, 0x06, 0x52, 0x08, 0x06,
  0x06, 0x07, 0x05, 0x05, 0x07, 0x08, 0x07, 0x07, 0x08, 0x3D, 0x3D, 0xBA, 0x3D, 0x0A, 0x11, 0x0A,
  0x0A, 0x0A, 0x1F, 0x1F, 0x0A, 0xBA, 0x09, 0x19, 0x11, 0x11, 0x19, 0x19, 0x04, 0x04, 0x05, 0x06,
  0x04, 0x05, 0x05, 0x05, 0x05, 0x07, 0x05, 0x05, 0x05, 0x05, 0x05, 0x05, 0x3F, 0x12, 0x12, 0x12,
  0x0B, 0x12, 0x12, 0x9C, 0x07, 0xE0, 0x3D, 0xE0, 0x08, 0xE0, 0x08, 0x05, 0x00, 0x15, 0x06, 0x06,
  0x05, 0x04, 0x11, 0x11, 0x11, 0x11, 0x11, 0x09, 0x0A, 0x11, 0x09, 0x0A, 0x0A, 0x1F, 0x11, 0x06,
  0x06, 0x07, 0x06, 0x08, 0x06, 0x3F, 0x8A, 0x0B, 0x06, 0x06, 0x06, 0x08, 0x09, 0x09, 0xBA, 0x1D,
  0x3F, 0x3F, 0x3F, 0x3F, 0x3F, 0x0B, 0x51, 0x9D, 0x58, 0x1E, 0x13, 0x01, 0x8D, 0x12, 0x89, 0x12,
  0x13, 0x51, 0x14, 0x01, 0x8A, 0x8A, 0x01, 0x01, 0x01, 0x01, 0x0B, 0x00, 0x9C, 0x0E, 0x0E, 0x8A,
  0x00, 0x0B, 0x0C, 0x0C, 0x0C, 0x0C, 0x0C, 0x11, 0x09, 0x0C, 0x09, 0x37, 0xAE, 0x92, 0x4F, 0x4F,
  0xBE, 0x50, 0x50, 0xAE, 0xBE, 0xB3, 0xB3, 0xB3, 0x34, 0xB3, 0xB3, 0xB3, 0xB3, 0xB3, 0xB3, 0xB3,
  0xB3, 0xB3, 0xB3, 0xB3, 0xB4, 0xB4, 0x93, 0xB1, 0xB1, 0xB6, 0xFE, 0xB3, 0xB1, 0xB3, 0xBE, 0x63,
  0x1F, 0xBC, 0xB1, 0xB3, 0xB3, 0xB3, 0x93, 0x49, 0x49, 0x64, 0x3E, 0x3E, 0x49, 0x49, 0x49, 0x49,
  0x37, 0x04, 0x00, 0x01, 0x01, 0x9C, 0x0B, 0x8A, 0x0B, 0x5E, 0x7B, 0x7B, 0x3F, 0x06, 0x23, 0x23,
  0x06, 0x5E, 0x7B, 0x7B, 0x13, 0x8A, 0x2D, 0x8A, 0x00, 0x00, 0x00, 0x00, 0x04, 0x09, 0x09, 0x09,
  0x0A, 0x08, 0x39, 0x05, 0x05, 0x05, 0x06, 0x13, 0x0B, 0x07, 0x06, 0x05, 0x09, 0xBA, 0x08, 0x06,
  0x06, 0x07, 0x05, 0x05, 0x07, 0x07, 0x06, 0x06, 0x08, 0x08, 0x52, 0x08, 0x09, 0x09, 0x11, 0x11,
  0x0A, 0x09, 0x0A, 0x0A, 0xBA, 0x1B, 0x09, 0x19, 0x11, 0x11, 0x04, 0x19, 0x04, 0x05, 0x04, 0x05,
  0x05, 0x05, 0x06, 0x07, 0x07, 0x3D, 0x06, 0x05, 0x05, 0x05, 0x05, 0x05, 0x3F, 0x12, 0x12, 0x12,
  0x0B, 0x12, 0x12, 0x9C, 0x08, 0x52, 0xBA, 0xE0, 0xE0, 0x3D, 0x08, 0x05, 0x07, 0x06, 0x09, 0x06,
  0x05, 0x04, 0x11, 0x11, 0x11, 0x11, 0x11, 0x11, 0x11, 0x11, 0x09, 0x0A, 0x0A, 0x09, 0x11, 0x08,
  0x08, 0x06, 0x06, 0x06, 0x06, 0x3F, 0x0B, 0x06, 0x06, 0x06, 0x06, 0x08, 0x09, 0x09, 0x09, 0x09,
  0x3F, 0x3F, 0x3F, 0x3F, 0x3F, 0x0B, 0x70, 0x9B, 0x70, 0x79, 0x0B, 0x0B, 0x8A, 0x12, 0x01, 0x12,
  0x5E, 0x3F, 0x8A, 0x01, 0x01, 0x01, 0x01, 0x8A, 0x8A, 0x8A, 0x10, 0x8A, 0x9C, 0x9C, 0x0E, 0x00,
  0x00, 0x0B, 0x0C, 0x0C, 0x0C, 0x0C, 0x0C, 0x11, 0x0C, 0x09, 0x1D, 0x63, 0x63, 0xB5, 0x34, 0x63,
  0x45, 0x92, 0x4F, 0xB3, 0xE7, 0xE7, 0xE7, 0xE7, 0xB3, 0xB3, 0xB3, 0xB3, 0xB3, 0xB3, 0xB3, 0xB3,
  0xB3, 0xB3, 0xB1, 0xB3, 0xB3, 0xB3, 0xB3, 0xB3, 0xB3, 0xB1, 0xB3, 0xB3, 0xB3, 0xB3, 0xB3, 0xB1,
  0xFE, 0xFE, 0xFE, 0x45, 0xFE, 0xBE, 0xB7, 0xAE, 0x1E, 0x49, 0x1E, 0x09, 0x37, 0x49, 0x49, 0x49,
  0x79, 0x0B, 0x04, 0x01, 0x01, 0x01, 0x8A, 0x0B, 0x23, 0x7B, 0x3D, 0x3D, 0x13, 0x08, 0x08, 0x52,
  0x06, 0x13, 0x3D, 0x52, 0x51, 0x51, 0x10, 0x8A, 0x00, 0x06, 0x06, 0x15, 0x04, 0x09, 0x09, 0x0A,
  0xBA, 0x1B, 0x11, 0x11, 0x06, 0x05, 0x07, 0x0B, 0x06, 0x06, 0x07, 0x05, 0x07, 0x1A, 0x06, 0x0B,
  0x00, 0x07, 0x07, 0x07, 0x07, 0x06, 0x15, 0x00, 0x06, 0x1A, 0x07, 0x05, 0x05, 0x11, 0x11, 0x11,
  0x0A, 0x11, 0x09, 0x09, 0x09, 0x0A, 0x39, 0x11, 0x19, 0x05, 0x11, 0x04, 0x04, 0x04, 0x05, 0x05,
  0x07, 0x07, 0x06, 0x07, 0x05, 0x09, 0x07, 0x05, 0x05, 0x05, 0x05, 0x05, 0x3F, 0x12, 0x12, 0x14,
  0x0B, 0x12, 0x12, 0x9C, 0x07, 0x08, 0x52, 0x08, 0x3D, 0x3D, 0x3D, 0x08, 0x09, 0x09, 0x0B, 0x07,
  0x05, 0x05, 0x05, 0x11, 0x11, 0x11, 0x11, 0x11, 0x11, 0x09, 0x09, 0x0A, 0x09, 0x39, 0x11, 0x07,
  0x07, 0x08, 0x0B, 0x06, 0x06, 0x07, 0x09, 0x06, 0x06, 0x11, 0x09, 0x09, 0x09, 0x09, 0x11, 0x08,
  0x08, 0x3F, 0x3F, 0x08, 0x08, 0x1E, 0x9A, 0x9A, 0x9A, 0x1D, 0x1D, 0x0B, 0x0B, 0x8A, 0x01, 0x23,
  0x32, 0x0B, 0x0B, 0x01, 0x9C, 0x01, 0x9C, 0x9C, 0x0B, 0x9C, 0x8A, 0x14, 0x01, 0x9C, 0x0B, 0x02,
  0x00, 0x0B, 0x0C, 0x0C, 0x0C, 0x0C, 0x09, 0x11, 0x1D, 0x1D, 0x49, 0xAE, 0x45, 0xAE, 0x20, 0x1F,
  0x20, 0xFE, 0xBE, 0xBE, 0xE7, 0xE7, 0xE7, 0xB3, 0xB3, 0xB1, 0xFE, 0x4F, 0xB1, 0xB1, 0xB3, 0xB3,
  0xB1, 0xB1, 0xB1, 0xB1, 0xB1, 0xB1, 0xB3, 0xB3, 0xB1, 0xB3, 0xB1, 0xB3, 0xB3, 0xB1, 0xB1, 0xB1,
  0xB1, 0xB1, 0x63, 0xBC, 0x45, 0xBE, 0x34, 0x99, 0x96, 0x1E, 0x37, 0x09, 0x1E, 0x37, 0x37, 0x1E,
  0x1E, 0x79, 0x11, 0x0B, 0x8A, 0x10, 0x8A, 0x9C, 0x06, 0x0B, 0x06, 0x08, 0x23, 0x23, 0x08, 0xE0,
  0x06, 0x06, 0x07, 0x07, 0x14, 0x0B, 0x06, 0x06, 0x07, 0x06, 0x06, 0x06, 0x11, 0x09, 0x09, 0x11,
  0xBA, 0xB8, 0x11, 0x11, 0x07, 0x07, 0x1A, 0x08, 0x05, 0x07, 0xE0, 0x08, 0x52, 0x08, 0x00, 0xD6,
  0x0E, 0x07, 0x08, 0x06, 0x08, 0x06, 0x10, 0x8A, 0x07, 0x08, 0x08, 0x04, 0x04, 0x11, 0x11, 0x11,
  0x11, 0x11, 0x11, 0x0A, 0x39, 0x39, 0x11, 0x11, 0x19, 0x04, 0x11, 0x11, 0x11, 0x11, 0x05, 0x06,
  0x09, 0x06, 0x07, 0x07, 0x05, 0x05, 0x05, 0x05, 0x11, 0x05, 0x05, 0x05, 0x3F, 0x12, 0x12, 0x14,
  0x0B, 0x12, 0x12, 0x9C, 0x07, 0x07, 0x08, 0x08, 0xE0, 0x3D, 0xBA, 0x05, 0x05, 0x05, 0x07, 0x07,
  0x07, 0x09, 0x09, 0x11, 0x05, 0x11, 0x11, 0x11, 0x11, 0x09, 0x09, 0x39, 0x0A, 0x0A, 0x07, 0x07,
  0x07, 0x08, 0x0B, 0x07, 0x08, 0x3D, 0x07, 0x07, 0x11, 0x11, 0x09, 0x09, 0x09, 0x1B, 0x1D, 0x09,
  0x0B, 0x3F, 0x0B, 0x64, 0xB9, 0x1E, 0x99, 0xAD, 0xB7, 0x64, 0x9A, 0x70, 0x58, 0x01, 0x01, 0x3F,
  0x3F, 0x0B, 0x3F, 0x01, 0x3F, 0x9C, 0x9C, 0x9C, 0x3F, 0x9C, 0x3F, 0x0B, 0x12, 0x0B, 0x06, 0x04,
  0x0C, 0x0B, 0x11, 0x11, 0x11, 0x11, 0x19, 0x19, 0x11, 0x6A, 0x1F, 0x73, 0x73, 0x73, 0x6C, 0x1F,
  0x1F, 0x73, 0x50, 0x20, 0x20, 0x20, 0x20, 0x20, 0xF7, 0xF7, 0x50, 0x73, 0x20, 0x20, 0x20, 0x20,
  0x20, 0x20, 0x20, 0x20, 0x20, 0x20, 0x20, 0x20, 0x20, 0x20, 0x20, 0x20, 0x20, 0x20, 0xF7, 0xBC,
  0xF7, 0xF7, 0x20, 0x73, 0x73, 0x50, 0x73, 0x50, 0x1F, 0x6C, 0x09, 0x6A, 0x6C, 0x09, 0x09, 0x1D,
  0x37, 0x3E, 0x11, 0x00, 0x0B, 0x9C, 0x9C, 0x9C, 0x3F, 0x0B, 0x06, 0x07, 0x07, 0x08, 0x08, 0xE0,
  0x07, 0x07, 0x07, 0x06, 0x06, 0x07, 0x07, 0x06, 0x06, 0x06, 0x06, 0x06, 0x07, 0x08, 0x09, 0x11,
  0x39, 0x11, 0x05, 0x07, 0x07, 0x08, 0x3D, 0x3D, 0x07, 0x07, 0xE0, 0x08, 0x52, 0x08, 0x0E, 0x2B,
  0xC1, 0x06, 0x08, 0x08, 0x06, 0x01, 0x2B, 0xC1, 0x06, 0x08, 0x09, 0x04, 0x11, 0x11, 0x11, 0x19,
  0x11, 0x11, 0x11, 0x11, 0x0A, 0xBA, 0x11, 0x11, 0x11, 0x11, 0x11, 0x11, 0x11, 0x04, 0x05, 0x05,
  0x06, 0x09, 0x07, 0x07, 0x05, 0x05, 0x05, 0x05, 0x05, 0x05, 0x05, 0x05, 0x01, 0x12, 0x12, 0x14,
  0x0B, 0x12, 0x12, 0x9C, 0x07, 0x07, 0x07, 0x07, 0x1A, 0xBA, 0xE0, 0x18, 0x05, 0x07, 0xE0, 0x52,
  0x3D, 0x3D, 0xBA, 0x11, 0x19, 0x11, 0x11, 0x11, 0x11, 0x09, 0x09, 0x09, 0x39, 0xBA, 0x09, 0x06,
  0x07, 0x07, 0x07, 0x07, 0x07, 0x1C, 0xBA, 0x05, 0x11, 0x05, 0x11, 0x09, 0x09, 0x1E, 0x1E, 0x09,
  0x0B, 0x08, 0x64, 0x9A, 0x9A, 0xB3, 0x4E, 0x87, 0x7D, 0xB4, 0xAA, 0x95, 0x33, 0x06, 0x01, 0x0B,
  0x0B, 0x0B, 0x01, 0x01, 0x9C, 0x13, 0x0B, 0x06, 0x9C, 0x9C, 0x9C, 0x3F, 0x0B, 0x0B, 0x00, 0x00,
  0x09, 0x09, 0x20, 0xF4, 0xF4, 0xF4, 0xF4, 0xF7, 0x75, 0xB5, 0xB5, 0xF4, 0x75, 0xF4, 0x21, 0xF4,
  0xF4, 0xF4, 0xF4, 0xF4, 0x21, 0x21, 0x21, 0x21, 0x21, 0x21, 0x75, 0x21, 0x75, 0xF4, 0x77, 0xF7,
  0x21, 0xF7, 0xF7, 0x21, 0x77, 0xF7, 0x21, 0xF4, 0x77, 0xF7, 0xF7, 0x21, 0x77, 0xF7, 0xF4, 0xF4,
  0x75, 0x75, 0xF4, 0xF4, 0xF4, 0xF7, 0xF4, 0x75, 0xB5, 0xF4, 0xF4, 0x75, 0x75, 0xF4, 0xF4, 0x73,
  0x1D, 0x1E, 0x09, 0x04, 0x06, 0x06, 0x9C, 0x9C, 0x9C, 0x3F, 0x06, 0x52, 0x36, 0x1A, 0x07, 0xBA,
  0x1A, 0x3D, 0x52, 0x07, 0x06, 0x07, 0x08, 0x52, 0x08, 0x06, 0x06, 0x06, 0x08, 0x11, 0x09, 0x11,
  0x11, 0x11, 0x05, 0xC2, 0xDD, 0xC2, 0xE0, 0x08, 0x05, 0x04, 0x07, 0x1A, 0x08, 0x06, 0xC1, 0x2A,
  0x47, 0x00, 0x08, 0x08, 0x06, 0xC1, 0xC0, 0xC1, 0x07, 0x09, 0x08, 0x04, 0x11, 0x11, 0x11, 0x0A,
  0x0A, 0x61, 0x39, 0x11, 0x0A, 0xFA, 0xFA, 0x0A, 0x11, 0x11, 0x11, 0x19, 0x11, 0x19, 0x05, 0x05,
  0x07, 0x07, 0x05, 0x07, 0x07, 0x05, 0x05, 0x05, 0x05, 0x05, 0x05, 0x05, 0x3F, 0x12, 0x12, 0x14,
  0x3F, 0x12, 0x12, 0x06, 0x06, 0x08, 0x07, 0x07, 0x07, 0x08, 0x08, 0x18, 0x08, 0xE0, 0x52, 0x52,
  0x52, 0xBA, 0x39, 0x05, 0x19, 0x39, 0x11, 0x39, 0x09, 0xBA, 0xBA, 0x09, 0x39, 0xBA, 0x09, 0x07,
  0x06, 0x07, 0x07, 0x08, 0x07, 0x36, 0xD3, 0x18, 0x1A, 0x3D, 0x08, 0x08, 0x09, 0xBA, 0xBA, 0x09,
  0x08, 0x06, 0x64, 0x9A, 0xAA, 0xB3, 0xC3, 0xC4, 0xC5, 0xE7, 0xB7, 0xB6, 0x13, 0x3F, 0x9C, 0x3F,
  0x0B, 0x3F, 0x01, 0x9C, 0x0B, 0x70, 0xB7, 0x3F, 0x9C, 0x0B, 0x9C, 0x9C, 0x9C, 0x0B, 0x00, 0x09,
  0x11, 0x74, 0xF4, 0x77, 0x77, 0x77, 0x77, 0x54, 0x76, 0x77, 0x21, 0x21, 0x76, 0x77, 0x77, 0x77,
  0x77, 0xF7, 0xDC, 0x77, 0x77, 0x77, 0x77, 0x77, 0x77, 0x77, 0x76, 0x77, 0x76, 0x21, 0x77, 0x76,
  0x76, 0x76, 0x21, 0x21, 0x76, 0x76, 0x77, 0x76, 0x76, 0x21, 0x21, 0x76, 0x76, 0xF4, 0x77, 0x77,
  0x21, 0x21, 0x76, 0x76, 0x21, 0x77, 0x21, 0x76, 0x75, 0x77, 0x77, 0x76, 0x77, 0xF7, 0xB5, 0xB5,
  0x1F, 0x1D, 0x0C, 0x04, 0x00, 0x9C, 0x0B, 0x9C, 0x9C, 0x06, 0x06, 0x52, 0xC8, 0x3D, 0x08, 0x08,
  0xE0, 0x35, 0xE0, 0x05, 0x04, 0x08, 0x7B, 0x22, 0xE0, 0x08, 0x06, 0x07, 0x11, 0x11, 0x09, 0x11,
  0x11, 0x11, 0x05, 0xD7, 0x38, 0xE0, 0x18, 0x18, 0x05, 0x05, 0x07, 0x07, 0x06, 0x00, 0x47, 0x2B,
  0x0F, 0x15, 0x07, 0x07, 0x00, 0x47, 0xC0, 0xC1, 0x15, 0x07, 0x05, 0x05, 0x11, 0x11, 0x39, 0xD3,
  0xFA, 0xD3, 0x1C, 0x39, 0x3A, 0xC8, 0xD3, 0x0A, 0x05, 0x04, 0x11, 0x05, 0x19, 0x19, 0x05, 0x05,
  0x18, 0x08, 0x08, 0x18, 0x07, 0x05, 0x05, 0x05, 0x05, 0x05, 0x05, 0x05, 0x0B, 0x12, 0x12, 0x14,
  0x0B, 0x12, 0x12, 0x9C, 0x06, 0x52, 0x08, 0x07, 0x05, 0x06, 0x08, 0xE0, 0xBA, 0x3D, 0x52, 0x3D,
  0x08, 0x1A, 0x05, 0x05, 0x19, 0x11, 0x11, 0x39, 0xBA, 0xBA, 0x0A, 0x0A, 0x39, 0xBA, 0x09, 0x05,
  0x07, 0x06, 0x06, 0x3F, 0x08, 0x36, 0x38, 0xC2, 0xDD, 0xC8, 0x3D, 0x09, 0x08, 0x09, 0xBA, 0x08,
  0x08, 0x08, 0x08, 0x51, 0x49, 0x4F, 0xCB, 0xC9, 0xBF, 0xB3, 0x8E, 0x09, 0x3F, 0x3F, 0x9C, 0x3F,
  0x0B, 0x0B, 0x14, 0x51, 0x79, 0x9A, 0x70, 0x09, 0x06, 0x9C, 0x9C, 0x9C, 0x0E, 0x00, 0x04, 0x11,
  0x1F, 0xF4, 0xA5, 0x6E, 0x6F, 0x6F, 0x6F, 0x6E, 0x73, 0x80, 0xA5, 0xA5, 0xA5, 0x80, 0x80, 0x80,
  0x6E, 0x6D, 0x80, 0x77, 0x77, 0x6E, 0x6D, 0x80, 0x80, 0xA5, 0xCA, 0xCA, 0x54, 0x54, 0x54, 0x54,
  0xA5, 0x54, 0x54, 0x54, 0x54, 0x54, 0xA5, 0xA5, 0xA5, 0xA5, 0xCA, 0xCA, 0xA5, 0x6D, 0x80, 0x80,
  0x6E, 0xA5, 0xA5, 0xA5, 0xA5, 0xA5, 0xA5, 0xA5, 0xA5, 0xA5, 0xA5, 0xA5, 0xA5, 0x84, 0xA5, 0x77,
  0x6C, 0x1D, 0x3E, 0x11, 0x00, 0x0B, 0x9C, 0x06, 0x3F, 0x5E, 0x52, 0x08, 0x36, 0x52, 0x52, 0xE0,
  0x3D, 0x3D, 0x07, 0x06, 0x06, 0x08, 0x52, 0x52, 0x08, 0x08, 0x08, 0x64, 0x58, 0x09, 0x09, 0x09,
  0x06, 0x06, 0x06, 0xBA, 0xE0, 0x52, 0x52, 0x3D, 0x08, 0x05, 0x07, 0x07, 0x08, 0x00, 0x0D, 0x2B,
  0x2B, 0x0E, 0x8A, 0x01, 0x0E, 0x2B, 0xC6, 0xC1, 0x15, 0x11, 0x05, 0x05, 0x0A, 0x11, 0x39, 0x1B,
  0x40, 0xDD, 0xB8, 0x39, 0xB8, 0xD3, 0x0A, 0x05, 0x11, 0x04, 0x09, 0x05, 0x05, 0x05, 0x08, 0xBA,
  0x08, 0xE0, 0xE0, 0x1A, 0x07, 0x05, 0x05, 0x18, 0x1A, 0x08, 0x08, 0x06, 0x3F, 0x12, 0x12, 0x14,
  0x0B, 0x12, 0x12, 0x9C, 0x06, 0x52, 0x08, 0x07, 0x05, 0x06, 0x52, 0xE0, 0x52, 0xBA, 0xBA, 0x08,
  0x18, 0x05, 0x05, 0x04, 0x19, 0x11, 0x11, 0x39, 0xBA, 0xBA, 0x39, 0x11, 0x11, 0x0A, 0x05, 0x05,
  0x05, 0x06, 0x0B, 0x0B, 0x3F, 0xE0, 0x3D, 0xDD, 0xC8, 0xC2, 0x05, 0x08, 0x08, 0x08, 0x3D, 0x3D,
  0x3D, 0x08, 0x08, 0x05, 0x9F, 0xFD, 0xB4, 0x4E, 0xE7, 0xB4, 0x9A, 0x64, 0x08, 0x52, 0x3D, 0x23,
  0x0B, 0x0B, 0x33, 0x9B, 0x34, 0x34, 0xFF, 0x9F, 0xB9, 0x14, 0x00, 0x9C, 0x00, 0x00, 0x04, 0x11,
  0x1F, 0x80, 0xA5, 0x73, 0x73, 0x77, 0xA5, 0x6F, 0x73, 0xA5, 0xA5, 0xA5, 0x80, 0x80, 0x77, 0x6E,
  0x77, 0xCB, 0xCC, 0xCC, 0xCC, 0xCD, 0xF4, 0x6F, 0x80, 0x54, 0x54, 0x54, 0xCA, 0xCA, 0x54, 0x54,
  0x54, 0x54, 0xCA, 0xCA, 0xCA, 0xCA, 0x54, 0x54, 0x54, 0xCA, 0x77, 0x21, 0x73, 0xDC, 0xCE, 0xE7,
  0x6D, 0x54, 0x77, 0x77, 0x54, 0xA5, 0x77, 0x80, 0xA5, 0xA5, 0xA5, 0x6F, 0x6F, 0x6F, 0xA5, 0x80,
  0x6C, 0x11, 0x0C, 0x09, 0x04, 0x3F, 0x3F, 0x52, 0x52, 0x7B, 0x52, 0x08, 0x07, 0x3F, 0x08, 0x52,
  0x08, 0x05, 0x06, 0x09, 0x06, 0x07, 0x07, 0x07, 0x06, 0x05, 0x1D, 0x9A, 0xB7, 0x08, 0x11, 0x11,
  0x08, 0x07, 0x0B, 0x0B, 0x06, 0x08, 0x3D, 0x52, 0x52, 0x07, 0x07, 0x08, 0x08, 0x00, 0xC1, 0x2A,
  0x2A, 0x2A, 0x2B, 0x2B, 0x2A, 0x2A, 0xC6, 0x0E, 0x06, 0x08, 0x05, 0x08, 0xBA, 0x09, 0x11, 0x0A,
  0x0A, 0x0A, 0x39, 0xBA, 0xD7, 0xD7, 0x08, 0x05, 0x19, 0x04, 0x09, 0x08, 0x39, 0x08, 0xBA, 0xBA,
  0x52, 0xBA, 0x08, 0x07, 0x07, 0x05, 0x07, 0x1A, 0x08, 0x52, 0x3D, 0x08, 0x3F, 0x12, 0x12, 0x14,
  0x0B, 0x12, 0x12, 0x9C, 0x07, 0x08, 0x08, 0x08, 0x05, 0x08, 0x08, 0x08, 0xE0, 0xE0, 0x08, 0x18,
  0x05, 0x05, 0x05, 0x04, 0x04, 0x11, 0x39, 0x61, 0x39, 0x0A, 0x0A, 0x11, 0x11, 0x09, 0x09, 0x05,
  0x04, 0x06, 0x06, 0x0B, 0x3F, 0x07, 0xBA, 0xDD, 0xDD, 0x18, 0x04, 0x07, 0x08, 0xE0, 0xDD, 0x38,
  0xE0, 0x08, 0x52, 0xE0, 0x93, 0xAA, 0xAD, 0x49, 0xFF, 0xB4, 0xFD, 0xA8, 0xE0, 0x38, 0x38, 0x3D,
  0x52, 0x08, 0x51, 0x34, 0x4E, 0xF9, 0xF9, 0xB3, 0x9A, 0x51, 0x06, 0x06, 0x06, 0x15, 0x00, 0x11,
  0x1F, 0x54, 0xA5, 0x84, 0xA5, 0xF4, 0x77, 0x73, 0x73, 0xA5, 0xA5, 0xA5, 0xA5, 0x80, 0x6D, 0xF4,
  0xD0, 0xD1, 0xD1, 0xD1, 0xD1, 0xD1, 0xD2, 0x7E, 0x6E, 0x54, 0x80, 0x80, 0x54, 0xCA, 0xCA, 0xCA,
  0x54, 0x54, 0x54, 0x77, 0x77, 0x77, 0x77, 0x54, 0xCA, 0xCA, 0x54, 0x77, 0x6E, 0xF4, 0xD2, 0xCB,
  0x6D, 0x80, 0xA5, 0xA5, 0xA5, 0xA5, 0xA5, 0xA5, 0xA5, 0xA5, 0xA5, 0x73, 0x73, 0x84, 0x73, 0x77,
  0x6C, 0x11, 0x0B, 0x09, 0x05, 0x0B, 0x06, 0x52, 0x08, 0x07, 0x06, 0x07, 0x07, 0x05, 0x07, 0xE0,
  0x07, 0x04, 0x0B, 0x07, 0x07, 0x06, 0x06, 0x06, 0x08, 0x5E, 0xB8, 0xFE, 0x4F, 0x9F, 0xB6, 0x51,
  0x07, 0x07, 0x06, 0x0B, 0x0B, 0x52, 0x3D, 0x52, 0x3D, 0x52, 0x07, 0x06, 0x06, 0x0E, 0x2B, 0x2B,
  0x2A, 0x2A, 0x2A, 0x2A, 0x2A, 0xC6, 0x2A, 0xE4, 0x06, 0x08, 0x07, 0x08, 0x09, 0x09, 0x11, 0x11,
  0x39, 0x39, 0x0A, 0xC2, 0x0A, 0x39, 0x11, 0x11, 0x19, 0x19, 0x09, 0x08, 0x08, 0xBA, 0xBA, 0xBA,
  0xBA, 0xBA, 0x08, 0x07, 0x05, 0x05, 0x1A, 0xD7, 0xD7, 0x36, 0x3D, 0x08, 0x3F, 0x12, 0x12, 0x14,
  0x3F, 0x12, 0x12, 0x9C, 0x05, 0x07, 0x07, 0x05, 0x05, 0x08, 0x08, 0x08, 0x08, 0x08, 0x08, 0x05,
  0x05, 0x05, 0x05, 0x05, 0x05, 0x05, 0x61, 0x39, 0x0A, 0x09, 0xBA, 0xBA, 0x0A, 0x09, 0x09, 0x05,
  0x05, 0x05, 0x05, 0x07, 0x07, 0x07, 0x08, 0xBA, 0xC2, 0x1A, 0x1A, 0xC2, 0x38, 0xC8, 0xC8, 0xC2,
  0x08, 0x08, 0xE0, 0xE0, 0x34, 0xEC, 0xA8, 0x09, 0xBA, 0x62, 0xFF, 0x3D, 0xD7, 0xFA, 0x4C, 0xE1,
  0x3D, 0x52, 0x07, 0x1D, 0x4F, 0x4E, 0x4E, 0x62, 0x79, 0x06, 0x06, 0x06, 0x06, 0x15, 0x09, 0x11,
  0x6E, 0xA5, 0xA5, 0x73, 0x6D, 0x84, 0xDC, 0x73, 0xA5, 0x80, 0x80, 0xA5, 0x54, 0x6E, 0x77, 0xD0,
  0xD1, 0xCC, 0x7E, 0x77, 0xF4, 0xCB, 0xD0, 0x4E, 0x6D, 0x54, 0xA5, 0x54, 0x54, 0xA5, 0xA5, 0xA5,
  0x77, 0xCA, 0xCA, 0xCA, 0x54, 0x54, 0xA5, 0x73, 0xA5, 0x54, 0x54, 0x77, 0x84, 0xF4, 0xD2, 0xCD,
  0x6F, 0x80, 0x54, 0xA5, 0xA5, 0xA5, 0xA5, 0xA5, 0xA5, 0x73, 0xA5, 0xDC, 0xF4, 0x80, 0x80, 0x77,
  0x6C, 0x09, 0x09, 0x09, 0x04, 0x04, 0x09, 0x07, 0x1A, 0x08, 0x15, 0x07, 0x0B, 0x06, 0x18, 0x08,
  0x08, 0x06, 0x06, 0x07, 0x07, 0x07, 0x06, 0x05, 0x62, 0x9A, 0xFE, 0x7F, 0x7F, 0xB3, 0x9B, 0xB9,
  0x07, 0x06, 0x07, 0x06, 0x06, 0x08, 0x52, 0x3D, 0x52, 0x3D, 0x07, 0x07, 0x00, 0x0D, 0xAF, 0x5B,
  0x2B, 0x2A, 0x2A, 0x2B, 0xD6, 0x29, 0x2B, 0x47, 0x00, 0x07, 0x07, 0x08, 0x11, 0x19, 0x61, 0x11,
  0xBA, 0x39, 0xB8, 0xB8, 0xBA, 0x08, 0x11, 0x19, 0x19, 0x11, 0x61, 0x05, 0x61, 0x05, 0x11, 0x08,
  0x08, 0x09, 0xBA, 0x3D, 0x39, 0x05, 0xBA, 0x3D, 0x3D, 0x36, 0x36, 0x08, 0x3F, 0x12, 0x12, 0x14,
  0x3F, 0x12, 0x12, 0x06, 0x05, 0x07, 0x07, 0x05, 0x05, 0x07, 0x08, 0x08, 0x08, 0x08, 0x18, 0x18,
  0x05, 0x18, 0x1A, 0x08, 0xE0, 0xB8, 0x3D, 0xBA, 0x0A, 0x0A, 0x0A, 0xBA, 0x0A, 0x0A, 0x09, 0x05,
  0x09, 0x52, 0x1A, 0x18, 0x05, 0x06, 0x08, 0x08, 0x1A, 0x1A, 0xC2, 0xDD, 0xE8, 0xC8, 0xC8, 0xC2,
  0xE0, 0x3D, 0x08, 0xE0, 0x08, 0x52, 0x1A, 0xE0, 0xE0, 0x1A, 0x1A, 0xC2, 0x1A, 0x9F, 0x9B, 0x4D,
  0xBA, 0x52, 0x08, 0x62, 0xAD, 0x9F, 0xFE, 0x93, 0x1D, 0x06, 0x06, 0x06, 0x07, 0x05, 0x09, 0x11,
  0x6C, 0xA5, 0xA5, 0x77, 0x80, 0x80, 0x80, 0x80, 0x80, 0x80, 0x80, 0xA5, 0x80, 0x6D, 0xCB, 0xD1,
  0xCC, 0x77, 0x6A, 0x6F, 0x6D, 0x6F, 0xF4, 0x6D, 0x6F, 0xA5, 0xA5, 0x6E, 0x73, 0xF7, 0x77, 0x80,
  0x6E, 0xCA, 0xCA, 0x77, 0x73, 0x6F, 0x77, 0xDC, 0x80, 0x6E, 0x73, 0x77, 0x84, 0xF4, 0xCC, 0xCD,
  0x6F, 0xA5, 0xA5, 0xA5, 0xA5, 0xA5, 0xA5, 0xA5, 0x54, 0xA5, 0xA5, 0xA5, 0xA5, 0xA5, 0x80, 0x77,
  0x6F, 0x11, 0x09, 0x09, 0x05, 0x09, 0x07, 0xC2, 0x85, 0xBA, 0x05, 0x06, 0x8A, 0x0B, 0x05, 0x08,
  0x08, 0x07, 0x07, 0x07, 0x07, 0x06, 0x11, 0x05, 0x79, 0x64, 0x92, 0xBF, 0x7F, 0x34, 0x9F, 0x09,
  0x06, 0x06, 0x08, 0x08, 0x5E, 0x08, 0x52, 0x08, 0x1A, 0x08, 0x07, 0x15, 0x0E, 0xD6, 0xDA, 0x8C,
  0xAF, 0x2B, 0x2C, 0xD6, 0xB0, 0x88, 0x29, 0x47, 0x01, 0x05, 0x1A, 0x1A, 0x05, 0xE0, 0x36, 0xB8,
  0xB8, 0x3A, 0x22, 0x3D, 0x0A, 0x11, 0x11, 0x11, 0x39, 0x39, 0x61, 0x05, 0x05, 0x05, 0x03, 0x03,
  0x05, 0x07, 0xE0, 0xB8, 0x09, 0x39, 0xBA, 0x38, 0x36, 0x36, 0x36, 0x08, 0x3F, 0x12, 0x12, 0x14,
  0x3F, 0x12, 0x12, 0x06, 0x06, 0x07, 0x07, 0x05, 0x05, 0x07, 0x08, 0x08, 0x08, 0x07, 0x07, 0x08,
  0x09, 0xE0, 0xC2, 0x3D, 0x38, 0x36, 0x1B, 0xB8, 0x39, 0xBA, 0xD7, 0x39, 0xBA, 0xBA, 0x08, 0x39,
  0x1A, 0xBA, 0x3D, 0xE0, 0x05, 0x07, 0x07, 0x1A, 0x08, 0x07, 0xBA, 0xDD, 0xC8, 0xD3, 0x36, 0x36,
  0xDD, 0x41, 0xD7, 0x1A, 0xE0, 0x08, 0x1A, 0x36, 0x36, 0x08, 0x08, 0x3D, 0x3D, 0x1C, 0xAD, 0x41,
  0xFA, 0x22, 0xE0, 0xBA, 0x9F, 0x11, 0x64, 0x34, 0x52, 0x08, 0x08, 0x52, 0xE0, 0x18, 0x09, 0x11,
  0x0A, 0x80, 0xA5, 0xA5, 0xA5, 0x54, 0x54, 0xCA, 0xCA, 0xA5, 0xA5, 0x80, 0x73, 0x73, 0xCC, 0xD8,
  0x4E, 0x6C, 0x80, 0x73, 0x6F, 0x6D, 0x6B, 0x6D, 0x80, 0x77, 0x6E, 0xDC, 0xCD, 0xD0, 0xD2, 0xD0,
  0xB5, 0x6E, 0x77, 0xA5, 0x80, 0x7D, 0xD0, 0xD2, 0xD2, 0x7D, 0x6F, 0x54, 0xA5, 0x75, 0xD2, 0xCD,
  0x6F, 0x80, 0x80, 0xA5, 0x80, 0x80, 0x54, 0xCA, 0x54, 0x54, 0x54, 0x80, 0x80, 0xA5, 0xA5, 0x80,
  0x6F, 0x11, 0x08, 0x39, 0x1B, 0x85, 0x1A, 0xF9, 0x3B, 0x0A, 0x05, 0x08, 0x06, 0x06, 0x07, 0x08,
  0x08, 0x18, 0xE0, 0x3D, 0x08, 0x1A, 0x07, 0x07, 0x05, 0x11, 0xB7, 0x4F, 0x4F, 0xEC, 0x1B, 0x07,
  0x08, 0x08, 0x07, 0xBA, 0x5F, 0xB8, 0x18, 0x18, 0x07, 0x07, 0x07, 0x15, 0x0D, 0xD6, 0xB9, 0xDA,
  0x2C, 0xC1, 0xC7, 0x2C, 0xDB, 0xDA, 0x65, 0x47, 0xC1, 0x04, 0x08, 0x08, 0x08, 0x38, 0xD3, 0xBA,
  0x39, 0x08, 0xB8, 0xD7, 0x61, 0x11, 0x11, 0x08, 0x09, 0xBA, 0x39, 0x05, 0x05, 0x05, 0x05, 0x05,
  0x05, 0x05, 0x08, 0xE0, 0xE0, 0x1A, 0x3D, 0xDD, 0x36, 0x36, 0xBA, 0x08, 0x3F, 0x12, 0x12, 0x14,
  0x0B, 0x12, 0x12, 0x3F, 0x07, 0x07, 0x07, 0x07, 0x05, 0x05, 0x05, 0x07, 0x05, 0x07, 0x08, 0xE0,
  0x36, 0xDD, 0xD7, 0x3D, 0x3D, 0x1A, 0x0A, 0x39, 0x39, 0xBA, 0xB8, 0x39, 0x0A, 0xBA, 0xBA, 0x39,
  0x05, 0x1A, 0x22, 0x38, 0x1A, 0x07, 0x11, 0x1A, 0x07, 0x07, 0x18, 0x0A, 0xBA, 0xD7, 0x36, 0xC8,
  0x36, 0x36, 0x36, 0x36, 0xC2, 0x08, 0xE0, 0x36, 0x3D, 0x08, 0xE0, 0x1C, 0xE1, 0x74, 0xCB, 0x4E,
  0xAD, 0x4D, 0xE0, 0x52, 0x1A, 0x08, 0x07, 0x07, 0x08, 0x08, 0xE0, 0x38, 0x38, 0x38, 0x08, 0x04,
  0x6A, 0x6D, 0x6D, 0x6D, 0x6F, 0x6E, 0x6E, 0x6E, 0x6E, 0x6E, 0x6E, 0x6E, 0x6C, 0x77, 0xD1, 0xD1,
  0x77, 0x6E, 0x73, 0x80, 0xF4, 0xF4, 0xF4, 0xF4, 0x73, 0x73, 0xA5, 0xD0, 0xCC, 0xD5, 0xE3, 0xCC,
  0xD2, 0x75, 0x6E, 0x6C, 0xBD, 0xD2, 0xCB, 0x4E, 0xCD, 0xD2, 0xCB, 0x73, 0x73, 0xB5, 0xCC, 0xCB,
  0x6D, 0x6F, 0x6E, 0x6E, 0x73, 0x73, 0xA5, 0x73, 0xA5, 0xA5, 0x6F, 0x73, 0x73, 0x20, 0x92, 0x73,
  0x6A, 0x39, 0x08, 0x0A, 0x85, 0x40, 0xDD, 0x3C, 0xC8, 0x18, 0x05, 0x07, 0x06, 0x0B, 0x3F, 0x06,
  0x08, 0xE0, 0x38, 0x38, 0xE0, 0x18, 0x07, 0x08, 0x07, 0x1C, 0xAD, 0x49, 0x1B, 0x70, 0x53, 0x07,
  0x08, 0x08, 0x14, 0x23, 0xE1, 0xD7, 0xD7, 0xC2, 0x1A, 0x07, 0x07, 0x0B, 0x2B, 0x47, 0xD6, 0x2C,
  0x47, 0x2B, 0x2B, 0x2B, 0xAF, 0x65, 0x2C, 0xC6, 0x47, 0x00, 0x08, 0x1A, 0x1A, 0xBA, 0xE0, 0x1A,
  0x08, 0x08, 0x61, 0x39, 0x09, 0x11, 0x11, 0x09, 0xE0, 0xBA, 0x08, 0x39, 0x08, 0x07, 0x05, 0x05,
  0x05, 0xBA, 0x3D, 0xD7, 0xE0, 0xE0, 0x3D, 0x3D, 0xBA, 0xC2, 0x36, 0x08, 0x3F, 0x12, 0x12, 0x12,
  0x0B, 0x12, 0x12, 0x3F, 0x05, 0x05, 0x07, 0x09, 0x05, 0x05, 0x05, 0x05, 0x07, 0x08, 0xE0, 0xE0,
  0xE0, 0x36, 0xD7, 0x1A, 0x61, 0x05, 0x11, 0x39, 0x39, 0x39, 0x0A, 0x39, 0x0A, 0x0A, 0xBA, 0x0A,
  0x05, 0x1A, 0xDD, 0x36, 0x1A, 0x08, 0x06, 0x23, 0x07, 0x08, 0x18, 0x05, 0x05, 0x1A, 0xC8, 0x40,
  0x36, 0x38, 0x85, 0x3C, 0xDD, 0xE0, 0xE0, 0x36, 0x3D, 0x1A, 0xC2, 0x4D, 0xAD, 0x4F, 0xB5, 0xD3,
  0x9F, 0x58, 0x1A, 0x08, 0x08, 0xBA, 0x08, 0x08, 0x1A, 0x07, 0x08, 0x38, 0xDD, 0xDD, 0xE0, 0x39,
  0x0A, 0x73, 0x6E, 0x6E, 0x73, 0xA5, 0x73, 0xA5, 0xA5, 0x6F, 0x73, 0x73, 0x6C, 0xF7, 0xD1, 0xCC,
  0xCA, 0x84, 0xA5, 0xCD, 0xD2, 0xCC, 0xCC, 0xD0, 0x77, 0x6D, 0xCB, 0xCC, 0xBD, 0x84, 0x0A, 0x7E,
  0xD1, 0xCC, 0x73, 0x6C, 0xA5, 0xCA, 0x6B, 0x60, 0xDC, 0xD2, 0xCD, 0xA5, 0x6F, 0x75, 0xD1, 0xCB,
  0x6C, 0x73, 0xA5, 0x80, 0xA5, 0xA5, 0xA5, 0xA5, 0xA5, 0xA5, 0xA5, 0xA5, 0x6F, 0xB7, 0x9B, 0xB6,
  0x61, 0x18, 0x08, 0xC2, 0xDD, 0xD7, 0xE2, 0xD9, 0xD7, 0x03, 0x05, 0x07, 0x07, 0x0B, 0x5D, 0x13,
  0xE0, 0xDD, 0x36, 0x1A, 0x08, 0x06, 0x0B, 0x08, 0x08, 0x0A, 0x1B, 0x11, 0x11, 0x08, 0x07, 0x08,
  0x07, 0x14, 0x88, 0x53, 0xC2, 0xD7, 0xD3, 0xC8, 0xE0, 0x07, 0x15, 0xFC, 0x47, 0x2B, 0x47, 0x0D,
  0xD6, 0xD6, 0xD6, 0x47, 0x47, 0x47, 0x2B, 0x2B, 0x47, 0x0E, 0x06, 0x1A, 0xE0, 0xE0, 0xE0, 0x08,
  0x08, 0x09, 0x05, 0x11, 0x09, 0x08, 0x1A, 0x08, 0x1A, 0xE0, 0xBA, 0xBA, 0xBA, 0xE0, 0x07, 0x05,
  0x07, 0x3D, 0xD3, 0xDD, 0xE0, 0x08, 0x3D, 0xBA, 0x1A, 0xBA, 0x36, 0x08, 0x3F, 0x12, 0x12, 0x12,
  0x0B, 0x12, 0x12, 0x3F, 0x05, 0x05, 0x05, 0x08, 0x08, 0x05, 0x05, 0x07, 0x08, 0xE0, 0xE0, 0xE0,
  0xBA, 0x08, 0x07, 0x05, 0x05, 0x11, 0x39, 0x39, 0x39, 0x39, 0x3A, 0x3A, 0xC2, 0x0A, 0x0A, 0x09,
  0x11, 0x07, 0x1A, 0x1A, 0x08, 0x1A, 0x14, 0x48, 0x0B, 0x03, 0x18, 0x18, 0x1A, 0xD7, 0x38, 0x38,
  0x36, 0xC2, 0xC8, 0xDF, 0x36, 0xE0, 0x1A, 0xC2, 0x36, 0xC2, 0xC8, 0x40, 0xFA, 0x34, 0xAD, 0x9F,
  0x0A, 0xD7, 0x38, 0xE0, 0x1A, 0x52, 0xE0, 0x1A, 0xE0, 0x3D, 0x62, 0x36, 0xC2, 0xC2, 0x08, 0x39,
  0x6F, 0x77, 0x6E, 0x73, 0xA5, 0xA5, 0xA5, 0xA5, 0xA5, 0xA5, 0xA5, 0x80, 0x6E, 0xF7, 0xCC, 0xCC,
  0x77, 0x6F, 0x84, 0xF9, 0xCB, 0xCB, 0xD5, 0xD1, 0xA5, 0x6E, 0xCD, 0xD1, 0xDC, 0x6D, 0x6E, 0x73,
  0xCC, 0xCC, 0x77, 0x6F, 0x6D, 0xA5, 0x74, 0x4E, 0xBF, 0xCC, 0xCD, 0x73, 0x6D, 0xF4, 0xD1, 0xBD,
  0xCF, 0x80, 0xCA, 0x54, 0x77, 0xCA, 0xCA, 0xCA, 0xCA, 0x77, 0xCA, 0xA5, 0x73, 0xB3, 0x9B, 0xB7,
  0x1D, 0x62, 0x1C, 0xC2, 0xC2, 0xD7, 0xDC, 0xE9, 0x84, 0x20, 0xB8, 0x18, 0x07, 0x07, 0x0B, 0x3D,
  0xC2, 0x36, 0x1A, 0x06, 0x07, 0x0B, 0x4B, 0x0B, 0x07, 0x08, 0x1A, 0x1A, 0xBA, 0x18, 0x07, 0x08,
  0x3D, 0x79, 0x64, 0x3D, 0x08, 0x13, 0x23, 0xE0, 0x3D, 0x08, 0x06, 0x0D, 0x47, 0x47, 0xAF, 0x98,
  0x69, 0x69, 0x70, 0x9D, 0x55, 0x47, 0x2B, 0x47, 0xC7, 0x0E, 0x00, 0xE0, 0x3D, 0xDD, 0x3D, 0x08,
  0x08, 0x07, 0x61, 0x61, 0x11, 0x39, 0x39, 0x08, 0xE0, 0xE0, 0xBA, 0xE0, 0xBA, 0xBA, 0x07, 0x18,
  0x18, 0x1A, 0xDD, 0x38, 0xBA, 0x07, 0xE0, 0x1A, 0xC2, 0x3D, 0x3D, 0x08, 0x3F, 0x12, 0x12, 0x14,
  0x0B, 0x12, 0x12, 0x3F, 0x05, 0x05, 0x05, 0x07, 0x08, 0x07, 0x18, 0x08, 0x08, 0xE0, 0xE0, 0x08,
  0x1A, 0x18, 0x05, 0x05, 0x05, 0x05, 0x39, 0x1A, 0xBA, 0xD3, 0x85, 0x85, 0xFA, 0x0A, 0x0A, 0x0A,
  0x11, 0x08, 0x1A, 0x08, 0x06, 0x05, 0x10, 0x4A, 0x14, 0x10, 0x0B, 0x18, 0xE0, 0xE0, 0xE0, 0xC2,
  0xC2, 0xC2, 0xC2, 0x1A, 0xC2, 0xD3, 0x1A, 0xE0, 0x36, 0xC8, 0x3C, 0xE8, 0x1A, 0x1C, 0xEC, 0x22,
  0xC2, 0xC8, 0x40, 0x36, 0x1A, 0x3D, 0xC2, 0x36, 0xC8, 0x38, 0xE1, 0x36, 0xE0, 0xE0, 0x08, 0x39,
  0x1F, 0x80, 0x6E, 0x6E, 0x73, 0x6E, 0xA5, 0xA5, 0xA5, 0x80, 0xA5, 0xA5, 0x6E, 0x73, 0xD1, 0xD5,
  0xBF, 0x6D, 0x73, 0x6D, 0x6D, 0xDC, 0xD1, 0xD5, 0x73, 0x6F, 0xD5, 0xD1, 0xA5, 0xA5, 0x54, 0x84,
  0xCD, 0xCC, 0xF4, 0x6D, 0x4E, 0xD0, 0xCC, 0xCD, 0xCC, 0xD1, 0xCD, 0x73, 0x6E, 0xF9, 0xD1, 0xCB,
  0xCF, 0x73, 0xA5, 0xA5, 0xA5, 0xA5, 0xA5, 0x73, 0xA5, 0x6E, 0x20, 0x45, 0x20, 0x4F, 0xB1, 0x4F,
  0xB3, 0xB4, 0xFD, 0xB8, 0xD3, 0xC8, 0xA5, 0xA5, 0xD9, 0xE3, 0x40, 0x05, 0x07, 0x07, 0x05, 0x07,
  0x08, 0x1A, 0x05, 0x14, 0x51, 0x89, 0xA3, 0x53, 0x64, 0x08, 0x08, 0x1A, 0xE0, 0x18, 0x18, 0x3D,
  0x22, 0x5E, 0x1B, 0xE1, 0x0B, 0x2D, 0x2D, 0x07, 0xBA, 0xE0, 0x0B, 0x47, 0x0D, 0xDB, 0x7A, 0x9A,
  0x9A, 0x9D, 0x70, 0x9A, 0x7A, 0xB0, 0x47, 0x47, 0xE4, 0x0E, 0x06, 0xBA, 0x3D, 0x52, 0xE0, 0x1A,
  0xE0, 0x08, 0x05, 0x11, 0x11, 0x05, 0x05, 0x07, 0x08, 0x52, 0x1A, 0x07, 0x08, 0x08, 0x07, 0x1A,
  0x07, 0x18, 0xB8, 0x22, 0x08, 0x07, 0x39, 0x0A, 0x36, 0x36, 0x52, 0x08, 0x3F, 0x12, 0x12, 0x12,
  0x0B, 0x12, 0x12, 0x3F, 0x05, 0x05, 0x05, 0x05, 0x08, 0x07, 0x18, 0x08, 0xE0, 0xE0, 0xE0, 0x08,
  0x18, 0x18, 0x18, 0x1A, 0x1A, 0xC2, 0x1A, 0x1A, 0xD7, 0xC8, 0x40, 0xC8, 0xB8, 0x0A, 0x39, 0x39,
  0x11, 0x11, 0x07, 0x06, 0x2D, 0x2D, 0x14, 0x58, 0x53, 0x78, 0x72, 0x07, 0x1A, 0x1A, 0xE0, 0xC2,
  0xC2, 0x1A, 0x08, 0x1A, 0x1A, 0xC8, 0xDD, 0x1A, 0x36, 0xC8, 0x36, 0xD7, 0x36, 0xC2, 0xBA, 0xE0,
  0x1A, 0xC2, 0x36, 0xDD, 0x1A, 0x3D, 0xC2, 0xC2, 0x36, 0xE0, 0xE0, 0xB8, 0x08, 0x08, 0xE0, 0x39,
  0x6F, 0x80, 0xA5, 0x73, 0x6E, 0x73, 0xA5, 0xA5, 0xA5, 0xA5, 0xA5, 0x73, 0x73, 0x6C, 0xCB, 0xE5,
  0xDE, 0x21, 0x6E, 0x6F, 0x6D, 0x75, 0xCC, 0xD5, 0xD4, 0x6F, 0x87, 0xD1, 0x77, 0x6E, 0x73, 0xDC,
  0xCC, 0xCC, 0x80, 0xDC, 0xD2, 0xCD, 0xDC, 0x6B, 0xA5, 0xD1, 0xCD, 0x73, 0x6E, 0x7E, 0xD1, 0xBD,
  0x6D, 0x80, 0x80, 0x54, 0xA5, 0xA5, 0x80, 0x80, 0xA5, 0x73, 0x93, 0xAA, 0xFD, 0x7D, 0xC5, 0x87,
  0xBB, 0xB4, 0xF5, 0x0A, 0x0A, 0x36, 0x3A, 0xE2, 0xF3, 0xE8, 0xE2, 0x08, 0x07, 0x08, 0x07, 0x05,
  0x08, 0x05, 0x05, 0x0B, 0x58, 0x32, 0x7B, 0x40, 0x1B, 0x1A, 0x1A, 0x1A, 0xE0, 0x18, 0xD7, 0x36,
  0x3D, 0x5E, 0x1E, 0x5E, 0x06, 0x8A, 0x3F, 0x05, 0x08, 0x1A, 0x01, 0x0D, 0x72, 0x33, 0x79, 0xB7,
  0x9D, 0x8A, 0xDA, 0x9A, 0x9D, 0x8F, 0x72, 0x0D, 0xE4, 0x0E, 0x00, 0x05, 0x08, 0x07, 0x18, 0x1A,
  0xBA, 0x09, 0x08, 0x08, 0x07, 0x07, 0x08, 0x08, 0x08, 0x07, 0x05, 0x05, 0x05, 0x05, 0x18, 0x18,
  0x07, 0x07, 0x08, 0x3D, 0xBA, 0x05, 0x08, 0xBA, 0x3D, 0x36, 0xE0, 0x06, 0x3F, 0x12, 0x12, 0x14,
  0x0B, 0x12, 0x12, 0x3F, 0x07, 0x06, 0x08, 0x07, 0x1A, 0x07, 0x18, 0x1A, 0x08, 0x08, 0x1A, 0x1A,
  0x1A, 0x07, 0x08, 0xD7, 0x36, 0x36, 0x36, 0xDD, 0x36, 0xD7, 0x36, 0x1A, 0x39, 0x0A, 0x39, 0x39,
  0x11, 0x05, 0x07, 0x06, 0x94, 0x42, 0x51, 0x40, 0x22, 0x94, 0x8A, 0x07, 0x1A, 0x1A, 0x1A, 0xE0,
  0x3D, 0x9F, 0x0A, 0x1A, 0x1A, 0xDD, 0xC8, 0x36, 0xC2, 0x1A, 0x1A, 0xBA, 0xBA, 0xC2, 0x1A, 0x1A,
  0x1A, 0x61, 0x18, 0x3D, 0x36, 0x36, 0xC2, 0xDD, 0x36, 0x18, 0x07, 0x18, 0x05, 0x07, 0x08, 0x39,
  0x6C, 0x80, 0x6F, 0x73, 0x92, 0x77, 0xA5, 0xA5, 0xA5, 0xA5, 0x73, 0x73, 0x80, 0x6C, 0xA5, 0xCC,
  0xE5, 0xD1, 0xBF, 0x21, 0xBF, 0xCC, 0xD5, 0xCD, 0x84, 0x6C, 0x4E, 0xD1, 0x87, 0x77, 0x54, 0xBF,
  0xD1, 0xCD, 0x6D, 0xF4, 0xD1, 0xD5, 0xA5, 0x6F, 0xF9, 0xD1, 0xD5, 0x6F, 0x6C, 0x7E, 0xD8, 0x87,
  0xDC, 0x73, 0x80, 0xA5, 0xA5, 0xA5, 0xA5, 0xA5, 0xA5, 0x80, 0x93, 0xAD, 0xB3, 0xCB, 0xC5, 0xC5,
  0x7D, 0xFF, 0xBA, 0x1A, 0x39, 0xD4, 0xD7, 0xEA, 0xDD, 0xE2, 0xC8, 0xBA, 0x07, 0x08, 0x07, 0x07,
  0x06, 0x05, 0x07, 0x07, 0x51, 0x5D, 0x5E, 0x40, 0xDD, 0x36, 0x1A, 0x1A, 0xBA, 0xE0, 0x3D, 0x0A,
  0x05, 0x09, 0x06, 0x05, 0x06, 0x04, 0x07, 0x07, 0x07, 0x07, 0x01, 0x0D, 0x98, 0x8E, 0xDA, 0xAB,
  0x70, 0xE6, 0xAB, 0xB6, 0x79, 0xDA, 0x33, 0xFC, 0xFC, 0x0E, 0x00, 0x05, 0x05, 0x07, 0x07, 0x09,
  0x09, 0x08, 0x08, 0x1A, 0x1A, 0xBA, 0x3D, 0x08, 0x07, 0x07, 0x05, 0x39, 0x08, 0xE0, 0xD7, 0x52,
  0x08, 0x08, 0x08, 0xBA, 0xBA, 0x07, 0x07, 0xBA, 0xBA, 0x1A, 0x1A, 0x07, 0x3F, 0x12, 0x12, 0x14,
  0x0B, 0x12, 0x12, 0x3F, 0x05, 0x05, 0x07, 0x08, 0x18, 0x07, 0x07, 0x07, 0x08, 0x08, 0x07, 0x1A,
  0x08, 0xE0, 0xC2, 0xC2, 0x36, 0x36, 0x36, 0xED, 0x40, 0x3A, 0x61, 0x05, 0x1A, 0x09, 0x0A, 0x39,
  0x09, 0x08, 0x18, 0x07, 0x11, 0x8A, 0x2D, 0x5E, 0x5D, 0x2D, 0x07, 0xE0, 0x1A, 0x1A, 0x1A, 0x39,
  0x8E, 0x9B, 0xBA, 0xE0, 0xE0, 0xC2, 0xC8, 0xC8, 0xC2, 0x1A, 0x3D, 0x1A, 0x18, 0x08, 0x1A, 0x08,
  0xE0, 0x36, 0xD7, 0xC2, 0x36, 0xC2, 0x36, 0x40, 0x36, 0x1A, 0x1A, 0x1A, 0xE0, 0x1A, 0x07, 0x11,
  0x0A, 0x6E, 0x6F, 0x80, 0xB1, 0x92, 0x6D, 0x6E, 0x6E, 0x73, 0x73, 0xA5, 0xA5, 0x80, 0x6D, 0xF4,
  0xCC, 0xD5, 0xD8, 0xD8, 0xD8, 0xD8, 0xCC, 0x75, 0x6D, 0x6E, 0x6F, 0xCC, 0xD1, 0xCC, 0xCC, 0xD1,
  0xD1, 0xDC, 0x6A, 0x73, 0xCC, 0xD8, 0xD1, 0xCC, 0xD2, 0xD8, 0xD1, 0xB5, 0x6B, 0xF4, 0xD8, 0xE5,
  0xD0, 0xF4, 0x84, 0xCA, 0xA5, 0x80, 0xA5, 0xA5, 0x80, 0x6D, 0xB8, 0xFA, 0x74, 0xE7, 0xCB, 0x7D,
  0xB1, 0x34, 0x0A, 0x1A, 0x84, 0xD9, 0x7F, 0x84, 0x36, 0xD7, 0xC2, 0x18, 0x07, 0x07, 0x07, 0x1A,
  0x07, 0x07, 0x1A, 0x07, 0x14, 0x5D, 0x09, 0x09, 0x1A, 0x38, 0xDD, 0xC2, 0x3D, 0x3D, 0xE0, 0x18,
  0x07, 0x07, 0x05, 0x08, 0x08, 0x18, 0x08, 0x08, 0x06, 0x07, 0x00, 0x14, 0x8E, 0xB6, 0x93, 0x93,
  0x70, 0x9A, 0x9A, 0x93, 0x93, 0xAE, 0x8E, 0x14, 0x00, 0x0E, 0x00, 0x05, 0x08, 0x52, 0x09, 0x08,
  0x11, 0x07, 0x1A, 0xE0, 0x36, 0x36, 0x3D, 0x08, 0x18, 0x07, 0x1A, 0x36, 0x36, 0x36, 0x36, 0xDD,
  0x52, 0x1A, 0x1A, 0xE0, 0x08, 0x18, 0x1A, 0x08, 0x1A, 0x1A, 0x1A, 0x05, 0x3F, 0x12, 0x12, 0x12,
  0x0B, 0x12, 0x12, 0x3F, 0x05, 0x05, 0x05, 0x07, 0x07, 0x05, 0x07, 0x07, 0x05, 0x08, 0x07, 0x1A,
  0xE0, 0xE0, 0xC2, 0xDD, 0x36, 0x36, 0x36, 0xC8, 0xF9, 0xDD, 0x61, 0x1A, 0x1A, 0x1A, 0x39, 0x39,
  0xBA, 0xBA, 0x1A, 0x08, 0x08, 0x94, 0xB2, 0x09, 0x51, 0x72, 0x08, 0xE0, 0xE0, 0x1A, 0x9F, 0x34,
  0xFF, 0xB3, 0xB8, 0xE0, 0x08, 0x1A, 0xC2, 0xDF, 0xC2, 0x08, 0x3D, 0x1A, 0x1A, 0x1A, 0x39, 0x1A,
  0xC2, 0xE8, 0x3C, 0xDD, 0xC2, 0xC2, 0x38, 0xD7, 0x1A, 0xE0, 0x1A, 0x08, 0x3D, 0xD7, 0x61, 0x11,
  0x0A, 0xB5, 0x7D, 0x75, 0x7D, 0x4E, 0xB5, 0xBC, 0x6E, 0x73, 0xA5, 0xA5, 0xA5, 0x80, 0x73, 0x6B,
  0xA5, 0x7E, 0xCB, 0x87, 0xCB, 0x7F, 0xDC, 0x6B, 0x73, 0xDC, 0x6D, 0x73, 0x4E, 0xCD, 0x87, 0xBF,
  0xA5, 0x6A, 0x50, 0x6C, 0x80, 0xCB, 0xCD, 0xCB, 0x76, 0x75, 0xCD, 0x80, 0x6A, 0x6F, 0xBF, 0x87,
  0xCB, 0xA5, 0xA5, 0x80, 0x73, 0x6F, 0x73, 0x73, 0x73, 0x6F, 0x39, 0x0A, 0xB3, 0xB4, 0xBE, 0xFE,
  0xB4, 0xAD, 0x62, 0xC2, 0xC8, 0xD9, 0xD9, 0xE9, 0xD3, 0x39, 0x18, 0x1A, 0x1A, 0x18, 0x05, 0x07,
  0x07, 0x1A, 0x18, 0x07, 0x07, 0x05, 0x07, 0x07, 0x07, 0x1A, 0xDD, 0x36, 0x36, 0xE0, 0x18, 0x18,
  0x07, 0x18, 0x61, 0x08, 0x08, 0x18, 0xE0, 0x3D, 0x08, 0x03, 0x00, 0x79, 0x64, 0x64, 0xB6, 0xB6,
  0xB7, 0x93, 0xB7, 0x99, 0x99, 0x45, 0x49, 0x79, 0x00, 0x0E, 0x00, 0x11, 0x52, 0xE0, 0x1A, 0x07,
  0x07, 0x18, 0x1A, 0x3D, 0x3D, 0x52, 0xE0, 0x08, 0x18, 0x08, 0x3D, 0xDD, 0x36, 0x36, 0x36, 0x36,
  0xD7, 0xE0, 0x07, 0x1A, 0x08, 0x05, 0x1A, 0x07, 0x07, 0x07, 0x1A, 0x07, 0x3F, 0x12, 0x12, 0x14,
  0x0B, 0x12, 0x12, 0x9C, 0x05, 0x05, 0x05, 0x05, 0x05, 0x05, 0x07, 0x07, 0x05, 0x07, 0x07, 0x18,
  0x1A, 0xC2, 0x36, 0xC8, 0xC8, 0xEA, 0x36, 0xD3, 0x3B, 0xEB, 0xD7, 0xC2, 0xC2, 0x1A, 0xD3, 0xD3,
  0x1A, 0x0A, 0xE0, 0x0A, 0x06, 0x06, 0x0B, 0x08, 0x07, 0x08, 0x08, 0xE0, 0xE0, 0x1A, 0x62, 0xF5,
  0x41, 0xF9, 0xFE, 0xEC, 0x3D, 0xE0, 0x1A, 0x36, 0x36, 0x1A, 0x1A, 0x07, 0x18, 0x1A, 0x1A, 0x38,
  0xC8, 0xED, 0xDD, 0xDD, 0xC2, 0xC2, 0xE0, 0x1A, 0x07, 0x1A, 0x1A, 0x18, 0xC2, 0xC2, 0x61, 0x6A,
  0x0A, 0xB5, 0xBB, 0xBD, 0xEE, 0xC9, 0xB1, 0x92, 0x6E, 0x73, 0xA5, 0x73, 0x80, 0xA5, 0x73, 0x73,
  0x6D, 0x6B, 0x6A, 0x6D, 0x6D, 0x6B, 0x6B, 0x73, 0x80, 0xA5, 0x80, 0x6D, 0x6B, 0x6D, 0x6D, 0x6B,
  0x6C, 0x80, 0xA5, 0x73, 0x6D, 0x6D, 0x6D, 0x6D, 0x6D, 0x6D, 0x6A, 0x6D, 0x80, 0x6D, 0x6A, 0x6D,
  0x6D, 0x6D, 0x80, 0xA5, 0x73, 0x6F, 0xA5, 0xDC, 0xA5, 0xD7, 0xD4, 0x20, 0xB4, 0xAD, 0x9F, 0xBA,
  0xB3, 0xB3, 0x1B, 0x18, 0xC2, 0xED, 0xE9, 0xEF, 0xF0, 0xC8, 0x1A, 0x1A, 0x1A, 0xBA, 0x3D, 0x08,
  0x1A, 0xE0, 0x1A, 0x08, 0x08, 0x05, 0x07, 0x1A, 0x1A, 0x1A, 0x1A, 0x36, 0x36, 0x1A, 0x09, 0x5E,
  0x18, 0xB8, 0xB8, 0x39, 0x08, 0x07, 0xE0, 0x36, 0xBA, 0x08, 0x04, 0x0B, 0x64, 0x64, 0x9F, 0x34,
  0xAE, 0xAE, 0xAE, 0x56, 0x64, 0x49, 0x58, 0x14, 0x00, 0x00, 0x07, 0x07, 0x18, 0x18, 0x07, 0x08,
  0x08, 0x1A, 0x1A, 0x1A, 0xBA, 0x08, 0x1A, 0x1A, 0x18, 0x08, 0x3D, 0x36, 0x1A, 0xD7, 0x3D, 0x3D,
  0x3D, 0xE0, 0x08, 0x07, 0x1A, 0x05, 0x07, 0x07, 0x1A, 0xE0, 0x52, 0x08, 0x3F, 0x12, 0x12, 0x14,
  0x0B, 0x12, 0x12, 0x3F, 0x05, 0x05, 0x05, 0x05, 0x05, 0x05, 0x07, 0x18, 0x07, 0x08, 0x07, 0x05,
  0xE0, 0x1B, 0x36, 0xD3, 0xC8, 0xDD, 0xC2, 0xDD, 0xE8, 0x3C, 0xC8, 0x36, 0xDD, 0x40, 0xF1, 0xF2,
  0xD4, 0x39, 0x1A, 0x18, 0x61, 0x05, 0x18, 0x3D, 0x1A, 0x1A, 0xC2, 0xC2, 0x08, 0xE0, 0x1A, 0xBA,
  0xFE, 0x74, 0xBE, 0x34, 0xBA, 0x1A, 0x1A, 0xE0, 0xBA, 0x1A, 0xC2, 0x1A, 0x1A, 0x1A, 0xD7, 0xC2,
  0xC8, 0x40, 0xC2, 0x18, 0x1A, 0xE0, 0x39, 0x1A, 0x1A, 0x1A, 0x1A, 0x07, 0x18, 0x1A, 0xC2, 0x39,
  0x0A, 0x0A, 0x80, 0x7D, 0xC9, 0x7E, 0x77, 0x6E, 0x73, 0x6F, 0xA5, 0x84, 0x6F, 0x73, 0x6E, 0x6E,
  0x6F, 0x6F, 0x6F, 0x6F, 0x73, 0x73, 0xA5, 0x73, 0xA5, 0xA5, 0xA5, 0xA5, 0x80, 0x6E, 0x6E, 0x73,
  0x73, 0xA5, 0xA5, 0xA5, 0x80, 0xA5, 0x6E, 0x73, 0x80, 0xA5, 0x73, 0xA5, 0xA5, 0x80, 0x73, 0x73,
  0x80, 0x80, 0xA5, 0x6E, 0x6E, 0x6F, 0x3A, 0xD3, 0xDD, 0xD4, 0x3A, 0x6F, 0xFF, 0xFF, 0x0A, 0x39,
  0x0A, 0xBA, 0x39, 0xC2, 0x40, 0xED, 0xED, 0xF3, 0xED, 0xD7, 0x1A, 0x1A, 0x1A, 0x36, 0xC8, 0xDD,
  0xC2, 0xDD, 0xC8, 0x36, 0xE0, 0x1A, 0x05, 0xD7, 0x36, 0x1A, 0x07, 0x1A, 0x36, 0x1A, 0x1D, 0x9A,
  0x1B, 0x74, 0xD3, 0x39, 0x07, 0x08, 0x08, 0x08, 0xD7, 0x36, 0xBA, 0x08, 0x1B, 0x1C, 0xBA, 0x1C,
  0xFF, 0x64, 0x9F, 0x64, 0x1B, 0xBA, 0x5E, 0x0B, 0x06, 0x08, 0x52, 0x52, 0xE0, 0x07, 0x08, 0x08,
  0x08, 0x1A, 0x1A, 0x1A, 0x08, 0x08, 0x1A, 0x05, 0x05, 0x07, 0x1A, 0x1A, 0xBA, 0xDD, 0x36, 0xDD,
  0x38, 0xE0, 0xE0, 0x1A, 0x07, 0x07, 0x07, 0x1A, 0xD7, 0x3D, 0x36, 0x08, 0x3F, 0x12, 0x12, 0x14,
  0x0B, 0x12, 0x12, 0x3F, 0x05, 0x18, 0x18, 0x18, 0x07, 0x07, 0x07, 0x05, 0x08, 0x08, 0x18, 0x18,
  0x1A, 0xE0, 0x1A, 0xE0, 0xC8, 0x40, 0x1A, 0xD7, 0xDD, 0xDF, 0xD3, 0x1A, 0xC2, 0xC2, 0xDD, 0x40,
  0xDD, 0x39, 0x36, 0x36, 0x1A, 0x08, 0x1A, 0x36, 0xC2, 0x1A, 0xD7, 0x1A, 0x1A, 0x1A, 0x18, 0x9F,
  0xEC, 0x1E, 0xB7, 0x1B, 0x18, 0x1A, 0x1A, 0x1A, 0xC2, 0x36, 0x36, 0xDD, 0x85, 0xDD, 0x38, 0x1A,
  0xC2, 0xC2, 0x1A, 0x1A, 0x1A, 0x1A, 0x1A, 0x1A, 0xE0, 0x1A, 0x07, 0x07, 0x1A, 0xD3, 0xD3, 0x39,
  0x0A, 0x0A, 0x45, 0xE7, 0xF7, 0xBE, 0xB5, 0x0A, 0x84, 0xA5, 0xF9, 0x84, 0xCF, 0x73, 0x6E, 0x6E,
  0x73, 0x73, 0xA5, 0xA5, 0xA5, 0x73, 0x73, 0xA5, 0xA5, 0x6F, 0xA5, 0xA5, 0x73, 0x73, 0x73, 0xA5,
  0xA5, 0xA5, 0x80, 0x80, 0x80, 0x80, 0x80, 0x73, 0x73, 0x73, 0xA5, 0xA5, 0xA5, 0xA5, 0xA5, 0xA5,
  0x6F, 0x6F, 0x6F, 0x6C, 0x0A, 0xD7, 0x3A, 0x0A, 0x0A, 0xB8, 0xD7, 0x0A, 0x0A, 0x39, 0x3A, 0x0A,
  0x39, 0x1A, 0xD7, 0xDD, 0xF3, 0xDD, 0xC2, 0x85, 0xDD, 0x61, 0x1A, 0x1A, 0x07, 0x1A, 0x1A, 0x36,
  0xD7, 0xEA, 0xC8, 0xD7, 0x36, 0xD7, 0x1A, 0xDD, 0xDD, 0x61, 0x07, 0x1A, 0xC2, 0x1A, 0x34, 0xB3,
  0x34, 0x4F, 0xF5, 0x9F, 0x18, 0x1A, 0x1A, 0x1A, 0xC2, 0x36, 0x36, 0xBA, 0x39, 0xBA, 0xBA, 0xBA,
  0x9F, 0x1D, 0x1E, 0x5E, 0x09, 0xBA, 0xBA, 0x08, 0x06, 0x52, 0xE0, 0x52, 0x3D, 0x08, 0x18, 0x07,
  0x1A, 0x1A, 0xE0, 0xBA, 0x08, 0x07, 0x05, 0x05, 0x05, 0x05, 0x1A, 0x3D, 0x38, 0x36, 0x36, 0x36,
  0x3D, 0xE0, 0x52, 0x08, 0x1A, 0x07, 0x1A, 0xE0, 0xE0, 0xD7, 0xE0, 0x07, 0x3F, 0x12, 0x12, 0x14,
  0x0B, 0x12, 0x12, 0x9C, 0x08, 0xE0, 0xE0, 0xE0, 0x1A, 0x05, 0x11, 0x05, 0x18, 0x18, 0x05, 0x07,
  0x1A, 0x18, 0x05, 0x18, 0xD7, 0x1C, 0x1A, 0xD7, 0xC8, 0xC8, 0xC8, 0x1A, 0x1A, 0x1A, 0x1A, 0x36,
  0x3D, 0xC2, 0xDD, 0x36, 0xE0, 0x08, 0x1A, 0x36, 0xC2, 0x36, 0xC8, 0x36, 0xD7, 0x1A, 0x1A, 0x3D,
  0x1B, 0x39, 0xBA, 0xBA, 0x1A, 0xE0, 0xC2, 0xC2, 0xC2, 0xDD, 0xDD, 0x85, 0xEB, 0xDD, 0xD7, 0x1A,
  0xC2, 0xDD, 0xD7, 0x1A, 0x0A, 0x0A, 0xE0, 0x36, 0xD7, 0x1A, 0x07, 0x18, 0x18, 0xBA, 0xC2, 0x1A,
  0xD7, 0x0A, 0xB8, 0xBC, 0x6B, 0x20, 0x50, 0x39, 0xA5, 0xF6, 0xE2, 0x3A, 0x6F, 0x6F, 0x0A, 0x6F,
  0x6F, 0x6C, 0x0A, 0xF6, 0xA5, 0x0A, 0x6F, 0x6F, 0x6F, 0x0A, 0x50, 0x6F, 0x0A, 0x6F, 0x6F, 0x6F,
  0x6F, 0x6F, 0x6F, 0x6F, 0x73, 0x6F, 0x6F, 0x6F, 0x6F, 0x0A, 0x0A, 0x6F, 0x6F, 0x0A, 0xFA, 0x0A,
  0x39, 0x39, 0x39, 0xB8, 0xD3, 0xD3, 0xB8, 0x39, 0x38, 0x40, 0xD3, 0xD7, 0x0A, 0xC2, 0x36, 0x1A,
  0xC2, 0x38, 0xC8, 0x40, 0xED, 0xDD, 0x1A, 0xC2, 0xD7, 0x1A, 0xE0, 0xC2, 0xD7, 0xD7, 0xC2, 0xC2,
  0xC2, 0xDD, 0xC2, 0xD4, 0xDD, 0x36, 0xDD, 0xDD, 0xD7, 0xC2, 0xD7, 0xC2, 0xC2, 0xD7, 0x41, 0x34,
  0x20, 0xFE, 0x34, 0xBA, 0x1A, 0x1A, 0xE0, 0xE0, 0xE0, 0xE0, 0x1A, 0x1A, 0xE0, 0xE0, 0xE0, 0x08,
  0x08, 0x09, 0x1D, 0x5E, 0x08, 0x08, 0x08, 0x52, 0x08, 0x1A, 0x1A, 0x08, 0x1A, 0x1A, 0x08, 0x08,
  0xE0, 0x3D, 0xBA, 0xBA, 0x1A, 0x07, 0x05, 0x05, 0x05, 0x1A, 0xBA, 0xDD, 0xDD, 0x36, 0x38, 0x3D,
  0x52, 0x08, 0x1A, 0xE0, 0x1A, 0x18, 0xE0, 0x36, 0xC2, 0x1A, 0x07, 0x07, 0x3F, 0x12, 0x12, 0x14,
  0x0B, 0x12, 0x12, 0x3F, 0x06, 0x08, 0xE0, 0xD7, 0xE0, 0x18, 0x05, 0x07, 0xC2, 0xC2, 0x1A, 0x05,
  0x07, 0x05, 0x05, 0x61, 0xBA, 0x3D, 0x18, 0x1A, 0x36, 0xC8, 0x85, 0xC2, 0xC2, 0xE0, 0x08, 0x1A,
  0x1A, 0x1A, 0xC2, 0xD7, 0x1A, 0x1A, 0x1A, 0xD7, 0x36, 0xC8, 0xEA, 0xE2, 0x40, 0x40, 0xDD, 0xC2,
  0x1A, 0x1A, 0x08, 0x1A, 0xE0, 0xC2, 0xE2, 0xC8, 0xC8, 0xD3, 0x39, 0x3A, 0x85, 0xE0, 0x18, 0x1A,
  0xEA, 0xE8, 0xC8, 0xC2, 0x36, 0xC2, 0x1A, 0x36, 0xC2, 0x18, 0x1A, 0x1A, 0x1A, 0x1A, 0x1A, 0xC2,
  0x36, 0x0A, 0x03, 0x39, 0x39, 0x39, 0x39, 0x61, 0x1B, 0xC8, 0x39, 0x39, 0x39, 0x60, 0x0A, 0x39,
  0x39, 0x39, 0x61, 0xD3, 0xDD, 0x61, 0x39, 0x60, 0x39, 0x61, 0x61, 0x61, 0x61, 0x39, 0x61, 0x39,
  0x39, 0x0A, 0x0A, 0x39, 0x39, 0x39, 0x39, 0x39, 0x61, 0x39, 0x39, 0x0A, 0x61, 0x0A, 0xD7, 0x39,
  0x39, 0x0A, 0x39, 0x1A, 0xC2, 0xD3, 0xD7, 0x1A, 0xD7, 0xD3, 0xC2, 0x61, 0x1A, 0xC8, 0xDD, 0x1A,
  0x38, 0xDD, 0xC2, 0x36, 0xC2, 0x1A, 0x18, 0x18, 0x18, 0x1A, 0x1A, 0xC2, 0xD7, 0x36, 0xD3, 0xD3,
  0xC2, 0xD3, 0xE2, 0xD7, 0xE2, 0xE2, 0x36, 0xE2, 0xE2, 0xEA, 0xE2, 0xEA, 0x36, 0x36, 0xB8, 0xF5,
  0xB8, 0x41, 0x62, 0x39, 0xD7, 0xC2, 0x36, 0x36, 0xD7, 0x1A, 0x1A, 0xE0, 0xE0, 0xD7, 0xE0, 0xE0,
  0x08, 0x08, 0x08, 0x08, 0x08, 0x08, 0x08, 0x08, 0x08, 0x1A, 0x1A, 0x07, 0x07, 0x08, 0xE0, 0x0A,
  0xD7, 0x1B, 0xD7, 0x08, 0x08, 0x07, 0x07, 0x05, 0x18, 0x0A, 0x3D, 0x36, 0xDD, 0x3D, 0xBA, 0xBA,
  0x08, 0x61, 0xE0, 0x3D, 0x08, 0x08, 0x3D, 0x36, 0x36, 0x1A, 0x07, 0x07, 0x3F, 0x12, 0x12, 0x14,
  0x0B, 0x12, 0x12, 0x3F, 0x05, 0x18, 0x1A, 0xE0, 0xE0, 0x1A, 0x1A, 0xBA, 0xD7, 0x36, 0x3D, 0x11,
  0x05, 0x05, 0x05, 0x18, 0xE0, 0xD7, 0x1A, 0x1A, 0x1A, 0xC2, 0xC8, 0xD7, 0xC2, 0x36, 0x1A, 0xC2,
  0x1A, 0xC2, 0xDD, 0xC2, 0xC2, 0xC2, 0xE0, 0xC2, 0xC2, 0xDD, 0xC8, 0xC8, 0xD4, 0xE2, 0xE2, 0xDD,
  0xEA, 0xC2, 0xE0, 0xC2, 0x36, 0xE2, 0xF3, 0x85, 0xC8, 0xD7, 0x61, 0x39, 0xC2, 0xE0, 0x08, 0xC2,
  0xC2, 0xF3, 0x3C, 0xDF, 0xC8, 0xC2, 0xC2, 0xC2, 0x1A, 0x1A, 0xC2, 0xC2, 0xE0, 0x0A, 0x1A, 0xD7,
  0xC2, 0x1A, 0x1A, 0xD7, 0xE0, 0x1A, 0xD7, 0xC2, 0x1A, 0xC2, 0x36, 0xD7, 0x39, 0x39, 0xC2, 0xC2,
  0xC2, 0xC2, 0x1A, 0xD7, 0xD7, 0x0A, 0xB8, 0x0A, 0xD7, 0xBA, 0xBA, 0xD7, 0xC2, 0x36, 0xD7, 0xFA,
  0x36, 0xD7, 0xD7, 0x36, 0xD7, 0x0A, 0xD7, 0xD7, 0xC2, 0x36, 0x0A, 0x3A, 0xC2, 0x39, 0xC2, 0x36,
  0x36, 0xC2, 0x0A, 0xC2, 0x1A, 0x39, 0x39, 0x39, 0x1A, 0x1A, 0x1A, 0x07, 0x18, 0x36, 0x36, 0x1A,
  0xC2, 0x1A, 0x1A, 0x1A, 0xE0, 0xE0, 0x08, 0xE0, 0xB8, 0xC2, 0x1A, 0xD7, 0xDD, 0xE2, 0x36, 0xED,
  0xC8, 0xD3, 0xDD, 0xDD, 0xDD, 0xDD, 0xC8, 0xC8, 0xED, 0xDF, 0xF3, 0xE8, 0xED, 0x36, 0x38, 0xFA,
  0xD4, 0xB8, 0xD3, 0xD7, 0xDD, 0xC8, 0xC8, 0xC8, 0xC2, 0xC2, 0xE0, 0xC2, 0xD7, 0xC2, 0xC2, 0x3D,
  0xE0, 0xE0, 0xE0, 0x08, 0x1A, 0x08, 0x08, 0x08, 0xE0, 0xE0, 0xBA, 0xBA, 0x1A, 0x0A, 0xBA, 0xE0,
  0xBA, 0x3D, 0xBA, 0x1A, 0x1A, 0x08, 0x07, 0x07, 0x08, 0xBA, 0xBA, 0xBA, 0xBA, 0x0A, 0x1A, 0x18,
  0x18, 0x1A, 0x3D, 0x36, 0x3D, 0xE0, 0x36, 0x36, 0x36, 0x1A, 0x07, 0x07, 0x3F, 0x12, 0x12, 0x12,
  0x0B, 0x12, 0x12, 0x3F, 0x05, 0x18, 0x1A, 0xE0, 0xE0, 0xE0, 0xE0, 0xD7, 0x36, 0x36, 0x3D, 0x39,
  0x05, 0x1A, 0x1A, 0x1A, 0xE0, 0xE0, 0x1A, 0x1A, 0x1A, 0x1A, 0x1A, 0x39, 0x1A, 0x36, 0xC2, 0x36,
  0xE2, 0xDD, 0x40, 0xC8, 0xE2, 0xC2, 0xD7, 0xC2, 0x3A, 0xC2, 0xED, 0xC8, 0xD7, 0x3A, 0xD4, 0xC8,
  0xDD, 0xEA, 0xDD, 0xDD, 0xC8, 0xED, 0xDD, 0xE2, 0x1A, 0x39, 0x39, 0xC2, 0xC2, 0xC2, 0xC2, 0xC2,
  0xC2, 0xDD, 0xF3, 0xDF, 0xDD, 0xEA, 0x36, 0xD7, 0xD7, 0xD7, 0xD7, 0x36, 0xD7, 0xC2, 0xC2, 0xC2,
  0xC2, 0xC2, 0x3A, 0xC2, 0x1A, 0x1A, 0x36, 0x36, 0xD7, 0xC2, 0x36, 0x36, 0x1A, 0x36, 0xD7, 0xC2,
  0xDD, 0xE2, 0xC2, 0xEA, 0x36, 0xDD, 0x36, 0xDD, 0xEA, 0xDD, 0xE2, 0xDD, 0xE8, 0xDD, 0xE8, 0xDF,
  0xED, 0xC8, 0xE2, 0xDD, 0xC8, 0xDD, 0xDD, 0xE2, 0xE2, 0xDD, 0xDD, 0xDD, 0xC8, 0xE2, 0xE2, 0xED,
  0xDD, 0xDD, 0xC8, 0x36, 0x1A, 0x0A, 0xBA, 0xC2, 0xC2, 0x3A, 0xC2, 0xC2, 0xE0, 0x0A, 0xC2, 0x1A,
  0x0A, 0xC2, 0xC2, 0xD4, 0xE2, 0x36, 0x36, 0xC2, 0xDD, 0xD3, 0xDD, 0xDD, 0xC8, 0xE8, 0xED, 0xED,
  0xE8, 0xED, 0xED, 0xC8, 0xE2, 0xED, 0xC8, 0xD3, 0xDD, 0x3C, 0x3C, 0xF3, 0xE8, 0xEA, 0x36, 0x36,
  0xE2, 0xE2, 0xE2, 0xED, 0xED, 0xDD, 0xDF, 0xDF, 0x36, 0x36, 0xBA, 0xD7, 0xDD, 0xDD, 0x36, 0xD7,
  0xD7, 0x36, 0x36, 0x36, 0xD7, 0xBA, 0xE0, 0xE0, 0xC2, 0xC2, 0x36, 0x3D, 0xE0, 0x1A, 0x3D, 0xBA,
  0xE0, 0xE0, 0x1A, 0x1A, 0x1A, 0x08, 0x07, 0x07, 0x08, 0x1A, 0x18, 0x05, 0x61, 0x61, 0x05, 0x18,
  0x05, 0xE0, 0x1C, 0x36, 0x3D, 0xE0, 0xE0, 0x36, 0xE0, 0x18, 0x05, 0x07, 0x3F, 0x12, 0x12, 0x12,
  0x0B, 0x12, 0x12, 0x3F, 0x05, 0x1A, 0xE0, 0x08, 0xE0, 0xE0, 0xE0, 0x36, 0x36, 0xC2, 0x39, 0x39,
  0x1A, 0x1A, 0x1A, 0xE0, 0xE0, 0xE0, 0x1A, 0x1A, 0xC2, 0x1A, 0xE0, 0x0A, 0xC2, 0xD7, 0xD7, 0xDD,
  0xC8, 0xE2, 0xC8, 0x40, 0xDD, 0xC2, 0xC2, 0xC2, 0xD7, 0xC2, 0xE2, 0xE2, 0xDD, 0xED, 0xF6, 0x40,
  0xE2, 0xC8, 0x40, 0xE2, 0xC8, 0xE2, 0xC2, 0x3A, 0xC2, 0xC2, 0xC2, 0x36, 0x36, 0xD7, 0xDD, 0xDD,
  0x36, 0x36, 0xD4, 0xDD, 0xE2, 0xDD, 0xDD, 0xDD, 0xDD, 0xE2, 0xDD, 0xDD, 0xDD, 0x38, 0xDD, 0xC2,
  0xC2, 0xC2, 0xC2, 0xC2, 0xC2, 0xC2, 0xC2, 0xEA, 0x36, 0xC2, 0xEA, 0xE2, 0xD4, 0xDD, 0xDD, 0xE2,
  0xC8, 0xD3, 0xC8, 0xE8, 0xC8, 0xC8, 0xED, 0xDD, 0xED, 0xC8, 0xF6, 0xDF, 0xC8, 0xDF, 0xE8, 0xE8,
  0xF3, 0xF6, 0xE8, 0xE8, 0xC8, 0xF9, 0xE8, 0xDF, 0xF6, 0x3C, 0xDF, 0xED, 0xC8, 0xE8, 0xE8, 0xE8,
  0xE8, 0xDD, 0xDD, 0xED, 0xDD, 0xD3, 0xE2, 0xE2, 0xD7, 0xC2, 0x36, 0xC2, 0xD7, 0xD7, 0x3A, 0x36,
  0x36, 0xB8, 0xC8, 0xDD, 0xE2, 0xE2, 0xE2, 0xE2, 0xDD, 0xC8, 0xD3, 0xC8, 0xDF, 0xF3, 0xF6, 0xC8,
  0xC8, 0xDF, 0xC8, 0xC8, 0xED, 0xE8, 0xED, 0xDD, 0xC8, 0x3B, 0x3B, 0x3B, 0xF3, 0xDF, 0xE8, 0xED,
  0xC8, 0xC8, 0x40, 0xDF, 0xDF, 0xC8, 0xED, 0xC8, 0xDD, 0xDD, 0xE2, 0xC8, 0x40, 0xFA, 0x3D, 0xC2,
  0xD3, 0x38, 0xD3, 0x38, 0x3D, 0xC2, 0xD7, 0x36, 0x36, 0xC2, 0xC2, 0xE0, 0x1A, 0xC2, 0xD7, 0xE0,
  0x1A, 0x1A, 0x1A, 0x1A, 0x1A, 0x1A, 0x1A, 0x1A, 0x1A, 0x1A, 0x1A, 0x05, 0x05, 0x07, 0x07, 0x07,
  0x18, 0xBA, 0x38, 0x36, 0xE0, 0x1A, 0xE0, 0xE0, 0x07, 0x05, 0x07, 0x07, 0x3F, 0x12, 0x12, 0x12,
  0x0B, 0x12, 0x12, 0x3F, 0x07, 0x1A, 0x1A, 0x08, 0x08, 0xE0, 0xC2, 0xD7, 0xE0, 0x18, 0x0A, 0xBA,
  0xD7, 0xD7, 0xE0, 0xE0, 0xE0, 0xE0, 0x0A, 0x36, 0xD3, 0xD4, 0xC2, 0xC2, 0xD7, 0x36, 0xC2, 0xE2,
  0xDD, 0xE2, 0xD4, 0xE2, 0xC2, 0xC2, 0xD3, 0xE2, 0x36, 0xC2, 0xE2, 0xDD, 0xDD, 0xC8, 0xD4, 0xD4,
  0xE2, 0xED, 0xED, 0xD4, 0x36, 0xE2, 0xD4, 0x3A, 0xD7, 0x36, 0xD7, 0xE2, 0xEA, 0xE2, 0xD3, 0xDD,
  0xC2, 0xC2, 0xD7, 0xD3, 0xD7, 0xE2, 0x36, 0xC8, 0xC8, 0xC8, 0xE2, 0xDD, 0x40, 0xE2, 0xE2, 0xD3,
  0x36, 0xD7, 0x36, 0xD3, 0xDD, 0xDD, 0xDD, 0xDD, 0xED, 0xE2, 0xD3, 0xD3, 0xC8, 0xD3, 0xC8, 0xC8,
  0xC8, 0xC8, 0xC8, 0xC8, 0xC8, 0xF6, 0xC8, 0xE8, 0xF9, 0x40, 0xF6, 0xF6, 0xE8, 0xC8, 0xF6, 0xF9,
  0x3B, 0xF9, 0xF6, 0xF9, 0xF9, 0xF6, 0xF9, 0xF3, 0xF6, 0xF9, 0xF9, 0xF9, 0xF9, 0xF6, 0xF6, 0xC8,
  0xC8, 0xC8, 0x85, 0xF6, 0xC8, 0xC8, 0xE2, 0x40, 0xD3, 0xD4, 0xD3, 0xE2, 0xED, 0xC8, 0xD3, 0xD3,
  0xC8, 0xD3, 0xD3, 0xDD, 0xC8, 0xC8, 0xD3, 0xD3, 0x40, 0xC8, 0xE2, 0xDD, 0xDD, 0xED, 0xC8, 0xDD,
  0x40, 0xC8, 0xDD, 0xDD, 0xC8, 0xED, 0xE2, 0xD3, 0xD3, 0x3B, 0xE8, 0xE8, 0xF9, 0xE8, 0xC8, 0xC8,
  0xD3, 0xC8, 0xED, 0xC8, 0xC8, 0xE2, 0xD7, 0xD7, 0xC2, 0xE2, 0xC8, 0x40, 0xC8, 0xD7, 0xC2, 0xC2,
  0xDD, 0x38, 0xDD, 0x36, 0xD7, 0xC2, 0xD7, 0xB8, 0x3D, 0x3D, 0xE0, 0x1A, 0xD7, 0xBA, 0xE0, 0x1A,
  0x1A, 0x08, 0x08, 0x1A, 0x1A, 0x1A, 0xE0, 0xD7, 0x36, 0x36, 0xD7, 0x1A, 0x07, 0x07, 0x07, 0x05,
  0x1A, 0xE0, 0x36, 0x36, 0xE0, 0x1A, 0x08, 0x1A, 0x18, 0x05, 0x05, 0x07, 0x3F, 0x12, 0x12, 0x12,
  0x0B, 0x12, 0x12, 0x3F, 0x06, 0x07, 0x05, 0x08, 0xBA, 0xC2, 0xC2, 0xE0, 0x1A, 0x0A, 0xC2, 0xD7,
  0xDD, 0xDD, 0x36, 0xC2, 0x39, 0xC2, 0x3A, 0xD7, 0xFA, 0x36, 0xC2, 0xD7, 0xB8, 0xE2, 0xC2, 0xC2,
  0xD4, 0xD7, 0xD7, 0xD7, 0xC2, 0xDD, 0xB8, 0xD7, 0xD7, 0xD7, 0xD7, 0xE2, 0xE2, 0xE2, 0xC2, 0xC2,
  0xD7, 0xD4, 0xD4, 0xE2, 0xE2, 0xB8, 0xD7, 0xD4, 0xE2, 0xD3, 0x36, 0x36, 0xE2, 0xD7, 0xD7, 0xD7,
  0x3A, 0xD7, 0xB8, 0xD7, 0xD4, 0xD7, 0xD4, 0xE2, 0xD3, 0xED, 0xD4, 0xD7, 0xD7, 0xD4, 0xD7, 0xA5,
  0xA5, 0xDC, 0xD3, 0xD3, 0xED, 0xC8, 0xC8, 0xED, 0xED, 0xED, 0xD3, 0xDD, 0xE2, 0xED, 0xD3, 0xED,
  0x84, 0xE2, 0xED, 0xC8, 0xED, 0xED, 0xC8, 0xC8, 0xED, 0xED, 0xA5, 0xE2, 0xED, 0xC8, 0xC8, 0xD3,
  0xE8, 0xDC, 0xED, 0xED, 0xD3, 0xED, 0xD3, 0xC8, 0xED, 0xED, 0xF6, 0xF6, 0xE9, 0xE8, 0xE8, 0xED,
  0xED, 0xED, 0xC8, 0xED, 0xE8, 0xED, 0xC8, 0xF6, 0xC8, 0xC8, 0xE8, 0xE8, 0xC8, 0xFA, 0xFA, 0xA5,
  0xD3, 0xA5, 0xA5, 0xE2, 0xE2, 0xE2, 0xD7, 0xE2, 0xED, 0xE2, 0xE2, 0xE2, 0xE2, 0xE2, 0xD7, 0xE2,
  0xD7, 0xD7, 0xD4, 0xDD, 0xD3, 0xE2, 0xE2, 0xE2, 0xD3, 0xFA, 0x84, 0x84, 0xD7, 0xE2, 0xD3, 0xE2,
  0xD4, 0xD7, 0xD3, 0xD4, 0xE2, 0xD7, 0xD7, 0xD7, 0xD7, 0xD3, 0xC8, 0xD3, 0xC2, 0xC2, 0xD7, 0xD7,
  0xB8, 0xD7, 0xD7, 0xD7, 0xC2, 0x0A, 0x3A, 0xB8, 0xD3, 0xC2, 0xC2, 0x0A, 0x0A, 0x0A, 0xC2, 0xBA,
  0xE0, 0x0A, 0x08, 0x0A, 0xC2, 0xC2, 0xBA, 0xB8, 0xC2, 0xC2, 0xD7, 0x08, 0x1A, 0x1A, 0x07, 0x05,
  0x07, 0x08, 0x09, 0xE0, 0xE0, 0x08, 0x11, 0x05, 0x61, 0x18, 0x08, 0x07, 0x3F, 0x12, 0x12, 0x14,
  0x3F, 0x12, 0x12, 0x3F, 0x07, 0x07, 0x18, 0x07, 0xBA, 0xC2, 0x36, 0xE0, 0x1A, 0xD7, 0xC2, 0xE2,
  0xDD, 0xC8, 0xC8, 0x36, 0x1A, 0xC2, 0xC2, 0xC2, 0xD7, 0x36, 0xD4, 0xD7, 0xD7, 0xD7, 0xD7, 0xD7,
  0xD4, 0xB8, 0xD7, 0xC2, 0xC2, 0xD4, 0xD7, 0xD7, 0xD7, 0xD7, 0xD7, 0xD7, 0xE2, 0xD4, 0xD4, 0xD7,
  0xD7, 0xD7, 0xE2, 0xDC, 0x84, 0x84, 0xA5, 0xA5, 0x84, 0x84, 0xD7, 0xA5, 0xA5, 0xA5, 0xA5, 0xD7,
  0x6F, 0x3A, 0x3A, 0xD4, 0xA5, 0xDC, 0x84, 0xE2, 0xD7, 0xA5, 0x77, 0xA5, 0x84, 0xA5, 0xA5, 0xA5,
  0xDC, 0xE2, 0xA5, 0xA5, 0xA5, 0xED, 0xED, 0xED, 0xE2, 0xE2, 0xA5, 0xD3, 0xE2, 0xE2, 0xA5, 0xA5,
  0xA5, 0xDC, 0xDC, 0xA5, 0xF4, 0xF4, 0xA5, 0xA5, 0xDC, 0xDC, 0xDC, 0xDC, 0xDC, 0xE2, 0xDC, 0xDC,
  0xDC, 0xDC, 0xA5, 0xDC, 0xDC, 0xDC, 0xDC, 0xDC, 0xDC, 0xDC, 0xDC, 0xDC, 0xDC, 0xDC, 0xDC, 0xDC,
  0xA5, 0xA5, 0xDC, 0xDC, 0xDC, 0xDC, 0xDC, 0xDC, 0xDC, 0xDC, 0xDC, 0xDC, 0xDC, 0xDC, 0xDC, 0xA5,
  0xA5, 0xDC, 0xDC, 0xDC, 0xDC, 0xA5, 0xDC, 0xDC, 0xA5, 0xDC, 0xA5, 0x84, 0xE2, 0xDC, 0xA5, 0x84,
  0x84, 0xE2, 0xA5, 0xA5, 0xA5, 0xDC, 0xA5, 0xA5, 0x84, 0x84, 0xA5, 0xA5, 0xD3, 0xD7, 0xA5, 0x6F,
  0x73, 0x6F, 0xD7, 0xD7, 0xD7, 0xA5, 0xD7, 0x84, 0xA5, 0xA5, 0xE2, 0x84, 0xD7, 0xD7, 0xD7, 0xD7,
  0xD7, 0xD7, 0xD7, 0xB8, 0xD7, 0xD7, 0xD7, 0xB8, 0xD7, 0x0A, 0xC2, 0x0A, 0x0A, 0x0A, 0x0A, 0x0A,
  0x0A, 0x0A, 0x0A, 0xC2, 0xD7, 0xD7, 0xC2, 0x0A, 0x39, 0x1A, 0x1A, 0x07, 0x1A, 0x07, 0x39, 0x05,
  0x05, 0x05, 0x39, 0xE0, 0xE0, 0x08, 0x05, 0x05, 0x05, 0x07, 0x08, 0x07, 0x3F, 0x12, 0x12, 0x14,
  0x3F, 0x12, 0x12, 0x3F, 0x05, 0x07, 0x05, 0x18, 0xE0, 0x36, 0xBA, 0x1A, 0x1A, 0xD7, 0xC2, 0xEA,
  0xED, 0xC8, 0xED, 0xE1, 0xBA, 0xC2, 0xD7, 0x3A, 0xD7, 0xD7, 0xD7, 0xD7, 0xB8, 0xA5, 0xD7, 0x0A,
  0xD7, 0xFA, 0xF4, 0xF4, 0xF4, 0xDC, 0x77, 0x77, 0x77, 0x77, 0xDC, 0xDC, 0xDC, 0x77, 0xDC, 0xDC,
  0xDC, 0xDC, 0xF4, 0xF4, 0xDC, 0x77, 0xF4, 0x77, 0xDC, 0x77, 0x77, 0x77, 0x75, 0xB5, 0xF4, 0xF4,
  0x77, 0x77, 0x77, 0xF4, 0x74, 0xF9, 0xFA, 0xA5, 0xDC, 0xF4, 0xF4, 0xDC, 0xDC, 0xDC, 0x77, 0xF4,
  0x77, 0xDC, 0xDC, 0xF4, 0x77, 0xDC, 0xDC, 0xDC, 0xDC, 0xDC, 0xA5, 0xF4, 0xF4, 0x77, 0xF4, 0xF4,
  0xF4, 0xF4, 0xF4, 0x77, 0xF4, 0x75, 0x77, 0xDC, 0xF4, 0xF4, 0xF4, 0x75, 0xF4, 0xDC, 0x77, 0xB5,
  0x7E, 0x75, 0xF4, 0xF4, 0xB5, 0x7E, 0xB5, 0xB5, 0xB5, 0x75, 0xF9, 0x75, 0x81, 0x81, 0xF9, 0xF4,
  0x77, 0x77, 0xF4, 0xF4, 0xF4, 0xF4, 0x77, 0x77, 0xF4, 0xF4, 0xDC, 0x77, 0xF4, 0xF4, 0x77, 0x77,
  0x77, 0xF4, 0x7E, 0x4E, 0xF4, 0xF4, 0xF4, 0x75, 0x75, 0xF4, 0xF4, 0xF4, 0xF6, 0xD3, 0xDC, 0xF4,
  0xF4, 0xDC, 0xDC, 0xDC, 0x77, 0xF4, 0xF4, 0x77, 0xA5, 0x77, 0xF4, 0xDC, 0xA5, 0xA5, 0xDC, 0x77,
  0xDC, 0x73, 0xD7, 0xA5, 0xA5, 0xDC, 0xF4, 0x77, 0xF7, 0xDC, 0xA5, 0xA5, 0x80, 0x20, 0xA5, 0xA5,
  0xDC, 0x20, 0x80, 0x80, 0x73, 0x73, 0xB8, 0xD7, 0x6F, 0x6F, 0xB8, 0xB8, 0x6F, 0x0A, 0x0A, 0x6F,
  0xD7, 0xD7, 0xD7, 0x0A, 0x3D, 0xBA, 0x1A, 0x11, 0x11, 0x1A, 0x1A, 0x1A, 0x06, 0x3F, 0x05, 0x05,
  0x05, 0x05, 0x07, 0x08, 0x08, 0x1A, 0x05, 0x05, 0x05, 0x08, 0x08, 0x07, 0x3F, 0x12, 0x12, 0x14,
  0x3F, 0x12, 0x12, 0x3F, 0x05, 0x18, 0x05, 0x05, 0xE0, 0x36, 0x1A, 0x05, 0xBA, 0x36, 0x36, 0xDD,
  0xD3, 0xC8, 0xE2, 0xB8, 0xB8, 0x1A, 0x0A, 0xD7, 0x6F, 0xB8, 0x80, 0xA5, 0xA5, 0xA5, 0xDC, 0x80,
  0x6F, 0xDC, 0x7C, 0x7C, 0x4E, 0x7E, 0x75, 0x75, 0x7E, 0x7E, 0x7E, 0x7C, 0x7C, 0x4E, 0x7E, 0x7E,
  0x7E, 0x75, 0xF4, 0xF4, 0xF4, 0x75, 0x7E, 0x7C, 0x75, 0xF4, 0x75, 0x7E, 0x7C, 0x7C, 0x7E, 0x7C,
  0x7C, 0x4E, 0x4E, 0x7E, 0xF9, 0xF9, 0xF6, 0xF6, 0x4E, 0x4E, 0x4E, 0xF4, 0xF4, 0xF4, 0x7E, 0x4E,
  0x7C, 0xF4, 0xF4, 0x7E, 0xF4, 0xF4, 0x7E, 0xF9, 0x75, 0x75, 0x75, 0x7E, 0x7E, 0x7E, 0x75, 0xF4,
  0x75, 0x7E, 0x7E, 0x7E, 0x7E, 0xB5, 0xF4, 0xF4, 0x77, 0x75, 0x4E, 0x7E, 0x7E, 0x7E, 0x7E, 0x7C,
  0x4E, 0x7C, 0x7C, 0x7C, 0x7C, 0x7C, 0x7C, 0x7E, 0x7E, 0x4E, 0x4E, 0x7E, 0x75, 0x75, 0x75, 0x7E,
  0x7E, 0x7E, 0x7E, 0x7C, 0x7E, 0x75, 0x7E, 0x75, 0xF4, 0xF4, 0xF4, 0xF4, 0x75, 0x7C, 0x75, 0xF4,
  0x75, 0x7E, 0x7E, 0x7C, 0x7E, 0x7C, 0x7C, 0x4E, 0x4E, 0x4E, 0xF4, 0xF9, 0xF9, 0xF6, 0x41, 0x4E,
  0x4E, 0xF4, 0xF4, 0xF4, 0xF9, 0x4E, 0x4E, 0x75, 0xF4, 0xB5, 0xF4, 0xF4, 0xDC, 0xF7, 0xB5, 0xF4,
  0xDC, 0xD3, 0xD3, 0xDC, 0x77, 0xF4, 0xB5, 0x4E, 0xB5, 0xF4, 0xDC, 0xDC, 0x77, 0xF4, 0xF4, 0xF4,
  0xF4, 0xF7, 0xDC, 0x80, 0xA5, 0x80, 0xDC, 0xDC, 0xDC, 0xA5, 0xA5, 0xDC, 0x73, 0x73, 0x80, 0x73,
  0x6F, 0x6F, 0x0A, 0x39, 0x39, 0x1A, 0x0A, 0x0A, 0x08, 0xE0, 0x08, 0x08, 0xD6, 0x2B, 0x00, 0x05,
  0x05, 0x05, 0x07, 0x07, 0x18, 0x07, 0x05, 0x05, 0x07, 0x08, 0x08, 0x07, 0x01, 0x12, 0x12, 0x14,
  0x0B, 0x12, 0x12, 0x3F, 0x05, 0x05, 0x05, 0x05, 0x1A, 0x1A, 0x05, 0x05, 0x0A, 0xD7, 0xBA, 0xE0,
  0xC2, 0xD7, 0x3A, 0x39, 0x3A, 0xD4, 0xD7, 0xB8, 0x73, 0x6F, 0xA5, 0x77, 0xA5, 0xDC, 0xF7, 0xF7,
  0xDC, 0xF4, 0x4E, 0x7C, 0x7C, 0x7E, 0x7E, 0x7C, 0x4E, 0x4E, 0x4E, 0x4E, 0x4E, 0x4E, 0x4E, 0x4E,
  0x4E, 0x4E, 0x7E, 0x7E, 0x7E, 0x7C, 0x4E, 0x4E, 0x4E, 0x4E, 0x4E, 0x4E, 0x4E, 0x4E, 0x7C, 0x4E,
  0x4E, 0x4E, 0x4E, 0x4E, 0x7E, 0xF9, 0x4E, 0x4E, 0xCB, 0x4E, 0x4E, 0x4E, 0x4E, 0x4E, 0x4E, 0x4E,
  0x4E, 0x4E, 0x7C, 0x7C, 0x7C, 0x7C, 0x7C, 0x7E, 0x7E, 0x7E, 0x7E, 0x7C, 0xBD, 0x7E, 0x7E, 0x7E,
  0x4E, 0x4E, 0x4E, 0x4E, 0x4E, 0x4E, 0x7E, 0x7E, 0x7E, 0x4E, 0x4E, 0x4E, 0x4E, 0x4E, 0x4E, 0x4E,
  0x4E, 0x4E, 0x4E, 0x4E, 0x4E, 0x4E, 0x7C, 0x4E, 0x4E, 0x7C, 0x7C, 0x7C, 0x7E, 0x7E, 0x4E, 0x4E,
  0x4E, 0x7C, 0x7C, 0x4E, 0x4E, 0x4E, 0x4E, 0x4E, 0x7C, 0x7E, 0x7E, 0x4E, 0x4E, 0x4E, 0x4E, 0x4E,
  0x4E, 0x4E, 0x4E, 0x4E, 0x4E, 0x4E, 0x4E, 0x4E, 0x4E, 0x4E, 0x7E, 0xF9, 0x4E, 0x4E, 0xCB, 0x4E,
  0x4E, 0x4E, 0x4E, 0x4E, 0x4E, 0x4E, 0x4E, 0x4E, 0x4E, 0x4E, 0x7C, 0xB5, 0x7E, 0xB5, 0x7E, 0x7E,
  0xB5, 0xF9, 0xF9, 0xF9, 0xF9, 0x7E, 0xCB, 0x4E, 0x7E, 0xB5, 0xB5, 0xF4, 0xB5, 0x7E, 0x75, 0x75,
  0xF4, 0xF7, 0x77, 0x77, 0xF7, 0xF7, 0xF4, 0xF4, 0xF7, 0x77, 0xDC, 0x77, 0xF7, 0xDC, 0xA5, 0x80,
  0x73, 0x6F, 0x0A, 0x0A, 0x39, 0x0A, 0x0A, 0xBA, 0xD7, 0xE0, 0x08, 0x3F, 0x24, 0x46, 0x00, 0x9C,
  0x3F, 0x07, 0x07, 0x05, 0x05, 0x07, 0x18, 0x18, 0x08, 0x08, 0x05, 0x05, 0x0B, 0x12, 0x12, 0x14,
  0x0B, 0x12, 0x12, 0x06, 0x05, 0x07, 0x05, 0x05, 0x05, 0x05, 0x05, 0x05, 0x18, 0x1A, 0x1A, 0x1A,
  0x1A, 0x39, 0x39, 0x3A, 0xD3, 0xA5, 0xA5, 0x73, 0x80, 0x73, 0xA5, 0xF4, 0xF4, 0xB5, 0xB5, 0xB5,
  0x75, 0x7C, 0x4E, 0x4E, 0x4E, 0x4E, 0x4E, 0x4E, 0x4E, 0x4E, 0x4E, 0x7C, 0x4E, 0x4E, 0x4E, 0x4E,
  0x4E, 0x4E, 0x4E, 0x4E, 0x4E, 0x4E, 0x4E, 0x4E, 0x7D, 0x4E, 0x4E, 0x4E, 0x4E, 0x4E, 0x4E, 0x4E,
  0x4E, 0x7C, 0x4E, 0x4E, 0x4E, 0x4E, 0x4E, 0x4E, 0x7D, 0x4E, 0x4E, 0x4E, 0x4E, 0x4E, 0x4E, 0x4E,
  0x4E, 0x4E, 0x4E, 0x7C, 0x7C, 0x7C, 0xBD, 0x4E, 0x7C, 0x7C, 0x4E, 0x4E, 0x4E, 0x4E, 0x4E, 0x4E,
  0x4E, 0x4E, 0x7C, 0x7C, 0x4E, 0x4E, 0x7C, 0x7C, 0x4E, 0x4E, 0x7D, 0x7D, 0x7D, 0x4E, 0x4E, 0x4E,
  0x4E, 0x4E, 0x4E, 0x4E, 0x4E, 0x4E, 0x4E, 0x4E, 0x4E, 0x4E, 0x4E, 0x4E, 0x4E, 0x4E, 0x4E, 0x4E,
  0x4E, 0x4E, 0x4E, 0x4E, 0x4E, 0x4E, 0x4E, 0x4E, 0x4E, 0x4E, 0x4E, 0x4E, 0x4E, 0x4E, 0x7D, 0x4E,
  0x4E, 0x4E, 0x4E, 0x4E, 0x4E, 0x4E, 0x4E, 0x7C, 0x4E, 0x4E, 0x4E, 0x4E, 0x4E, 0x4E, 0x7D, 0x7D,
  0x4E, 0x4E, 0x4E, 0x4E, 0x4E, 0x4E, 0x4E, 0x4E, 0x4E, 0x4E, 0x4E, 0x4E, 0x4E, 0x4E, 0x7E, 0x4E,
  0x4E, 0x4E, 0x4E, 0x4E, 0x4E, 0x7C, 0x4E, 0x4E, 0x7E, 0x75, 0x75, 0x7E, 0x7C, 0x4E, 0x7C, 0x7E,
  0xF4, 0x75, 0xF4, 0xB5, 0xF4, 0xF4, 0xF4, 0xF4, 0x75, 0x7E, 0xF4, 0xB5, 0xF4, 0x77, 0xA5, 0xA5,
  0x80, 0x50, 0x0A, 0x39, 0x0A, 0x36, 0xD7, 0xBA, 0xD7, 0x08, 0x0B, 0x01, 0x10, 0x51, 0x10, 0x2D,
  0x10, 0x07, 0x05, 0x05, 0x05, 0x07, 0x18, 0x1A, 0xE0, 0x05, 0x03, 0x05, 0x0B, 0x12, 0x12, 0x14,
  0x0B, 0x12, 0x12, 0x06, 0x07, 0x08, 0x1A, 0x05, 0x05, 0x05, 0x05, 0x05, 0x07, 0x1A, 0x1A, 0x1A,
  0x1A, 0x0A, 0xD7, 0x3A, 0xD3, 0xDC, 0xDC, 0xDC, 0x77, 0x77, 0xF7, 0xB5, 0x7E, 0xB5, 0x7C, 0x4E,
  0x7C, 0x4E, 0x4E, 0x4E, 0x7D, 0x4E, 0x7D, 0x7D, 0x7D, 0x7D, 0x7D, 0x4E, 0x4E, 0x7D, 0x7D, 0x4E,
  0x4E, 0x4E, 0x7D, 0x7D, 0x7D, 0x7D, 0x7D, 0x4E, 0x7D, 0x4E, 0x4E, 0x7D, 0x7D, 0x7D, 0x7D, 0x7D,
  0x7D, 0x4E, 0x7D, 0x7D, 0x4E, 0x4E, 0xBD, 0xBD, 0x7D, 0x7D, 0x4E, 0x4E, 0x7D, 0x7D, 0x4E, 0x7D,
  0x4E, 0x4E, 0x4E, 0x4E, 0x7E, 0x7C, 0x7C, 0x7C, 0x4E, 0x4E, 0x4E, 0x4E, 0x4E, 0x4E, 0x4E, 0x4E,
  0x4E, 0x4E, 0x4E, 0x4E, 0x4E, 0x7D, 0x7D, 0x7D, 0x4E, 0x4E, 0x4E, 0x4E, 0x7D, 0x4E, 0x4E, 0x4E,
  0x4E, 0x4E, 0x4E, 0x4E, 0x4E, 0x7D, 0x7D, 0x7D, 0x4E, 0x4E, 0x7D, 0x4E, 0x7D, 0x7D, 0x7D, 0x4E,
  0x7D, 0x4E, 0x4E, 0x4E, 0x7D, 0x4E, 0x4E, 0x4E, 0x7D, 0x7D, 0x7D, 0x7D, 0x7D, 0x4E, 0x7D, 0x4E,
  0x4E, 0x7D, 0x7D, 0x7D, 0x7D, 0x7D, 0x7D, 0x4E, 0x7D, 0x7D, 0x4E, 0x4E, 0x4E, 0x7D, 0xBD, 0x7D,
  0x4E, 0x4E, 0x4E, 0x7D, 0x4E, 0x7D, 0x4E, 0x4E, 0x4E, 0x4E, 0x4E, 0x4E, 0x4E, 0x4E, 0x4E, 0x4E,
  0x4E, 0x7C, 0x4E, 0x4E, 0x4E, 0x4E, 0x4E, 0x7C, 0x4E, 0x7C, 0x7C, 0x7E, 0x7C, 0x4E, 0x7C, 0x7E,
  0x7E, 0x7C, 0x7C, 0x7C, 0x4E, 0x92, 0x7C, 0x7C, 0x92, 0x4E, 0x75, 0xF4, 0xF4, 0xF7, 0xF7, 0xDC,
  0x80, 0xD7, 0x0A, 0xC2, 0xDD, 0xC8, 0xD7, 0xC2, 0xE0, 0x0B, 0xB2, 0x42, 0x94, 0xE1, 0x51, 0x47,
  0x9C, 0x05, 0x05, 0x05, 0x05, 0x1A, 0x1A, 0xE0, 0x08, 0x61, 0x05, 0x05, 0x0B, 0x12, 0x12, 0x14,
  0x0B, 0x12, 0x12, 0x06, 0x05, 0x07, 0x1A, 0x18, 0x05, 0x05, 0x05, 0x1A, 0x08, 0x08, 0x1A, 0x1A,
  0x1A, 0xB8, 0xB8, 0xD4, 0xD3, 0xDC, 0xDC, 0xF4, 0xF7, 0x77, 0xF4, 0x4E, 0x75, 0x77, 0x75, 0x4E,
  0x7C, 0x4E, 0x7D, 0x7D, 0x7D, 0x7D, 0x4E, 0x7D, 0x7D, 0x7D, 0x7D, 0x7D, 0x7D, 0x4E, 0x7D, 0x4E,
  0x4E, 0x4E, 0x4E, 0x4E, 0x7D, 0x4E, 0x4E, 0x4E, 0x4E, 0x4E, 0x4E, 0x4E, 0x7D, 0xBD, 0x7D, 0x7D,
  0x7D, 0x7D, 0x4E, 0x4E, 0x4E, 0x4E, 0x4E, 0x4E, 0x4E, 0x4E, 0x7C, 0x4E, 0x4E, 0x4E, 0x4E, 0x4E,
  0x4E, 0x4E, 0x4E, 0x4E, 0x4E, 0x4E, 0x7C, 0x7E, 0x7C, 0x4E, 0x4E, 0x4E, 0x7D, 0x7D, 0x4E, 0x4E,
  0x4E, 0x7D, 0x7D, 0x7D, 0x7D, 0x7D, 0x7D, 0x7D, 0x4E, 0x4E, 0x7D, 0x7D, 0x4E, 0x4E, 0x4E, 0x4E,
  0x4E, 0x4E, 0x4E, 0x4E, 0x4E, 0x7D, 0x4E, 0x7D, 0x7D, 0x7D, 0x7D, 0x7D, 0x4E, 0x4E, 0x7D, 0x7D,
  0x7D, 0x7D, 0x7D, 0x4E, 0x7D, 0x4E, 0x4E, 0x4E, 0x4E, 0x4E, 0x4E, 0x4E, 0x4E, 0x4E, 0x4E, 0x4E,
  0x4E, 0x4E, 0x7D, 0x7D, 0x7D, 0x7D, 0x7D, 0x7D, 0x4E, 0x4E, 0x4E, 0x4E, 0x4E, 0x4E, 0x4E, 0x4E,
  0x7C, 0x4E, 0x4E, 0x4E, 0x4E, 0x4E, 0x4E, 0x4E, 0x4E, 0x4E, 0x4E, 0x4E, 0x4E, 0x4E, 0x4E, 0x4E,
  0x4E, 0x4E, 0x4E, 0x4E, 0x4E, 0x4E, 0x4E, 0x4E, 0x4E, 0x4E, 0x7D, 0x4E, 0x4E, 0x4E, 0x4E, 0x7C,
  0x4E, 0x4E, 0x7C, 0x92, 0x92, 0x4E, 0x7C, 0xB5, 0x75, 0x92, 0xB5, 0xB5, 0xF4, 0x75, 0xB5, 0xF7,
  0x20, 0x0A, 0xD7, 0xB8, 0xDD, 0xB8, 0xBA, 0x0A, 0x0A, 0x08, 0x2D, 0x24, 0x14, 0x1B, 0x14, 0x0D,
  0x15, 0x05, 0x18, 0x18, 0x05, 0x07, 0x1A, 0x08, 0x18, 0x05, 0x05, 0x05, 0x01, 0x12, 0x12, 0x14,
  0x0B, 0x12, 0x12, 0x06, 0x05, 0x07, 0x08, 0x08, 0x05, 0x05, 0x05, 0x08, 0xE0, 0xD7, 0x0A, 0x39,
  0xB8, 0xB8, 0xB8, 0xD4, 0xD7, 0xA5, 0xA5, 0xF7, 0xF4, 0xB5, 0xB5, 0x4E, 0x7C, 0xF7, 0x75, 0x75,
  0x7C, 0x4E, 0x4E, 0x7D, 0x4E, 0x7D, 0x7D, 0x7D, 0x7D, 0x7D, 0x7D, 0x7D, 0x7D, 0x7D, 0x7D, 0x7D,
  0x7D, 0x7D, 0x4E, 0x4E, 0x4E, 0x4E, 0x4E, 0x4E, 0x7D, 0x7D, 0x7D, 0x4E, 0x7D, 0x7D, 0x7D, 0x7D,
  0x7D, 0x7D, 0x7D, 0x7D, 0x7D, 0x7D, 0x4E, 0x4E, 0x4E, 0x4E, 0x7D, 0x7D, 0x4E, 0x4E, 0x4E, 0x4E,
  0x4E, 0x4E, 0x4E, 0x4E, 0x4E, 0x4E, 0x4E, 0x4E, 0x4E, 0x4E, 0x4E, 0x4E, 0x4E, 0x7D, 0x7D, 0x7D,
  0x7D, 0x7D, 0x7D, 0x7D, 0x7D, 0x7D, 0x7D, 0x7D, 0x4E, 0x7D, 0x7D, 0x7D, 0x7D, 0x7D, 0x7D, 0x7D,
  0x7D, 0x4E, 0x4E, 0x4E, 0x4E, 0x4E, 0x4E, 0x4E, 0x4E, 0x7D, 0x4E, 0x7D, 0x7D, 0x7D, 0x7D, 0x7D,
  0x7D, 0x7D, 0x7D, 0x7D, 0x7D, 0x7D, 0x7D, 0x7D, 0x4E, 0x4E, 0x4E, 0x4E, 0x4E, 0x4E, 0x4E, 0x7D,
  0x7D, 0x4E, 0x7D, 0x7D, 0x7D, 0x7D, 0x7D, 0x7D, 0x7D, 0x7D, 0x7D, 0x7D, 0x4E, 0x4E, 0x4E, 0x4E,
  0x7D, 0x7D, 0x4E, 0x4E, 0x4E, 0x4E, 0x4E, 0x4E, 0x4E, 0x4E, 0x4E, 0x4E, 0x7D, 0x7D, 0x4E, 0x4E,
  0x4E, 0x4E, 0x4E, 0x4E, 0x4E, 0x4E, 0x4E, 0x4E, 0x4E, 0x4E, 0x7D, 0x4E, 0x4E, 0x4E, 0x4E, 0x4E,
  0x7C, 0x7C, 0x7C, 0x7C, 0x7C, 0x75, 0xB5, 0xB5, 0xF4, 0x75, 0xB5, 0x7C, 0xF4, 0xF4, 0xF4, 0xF4,
  0xA5, 0x6F, 0xD7, 0xD7, 0xD7, 0x0A, 0x0A, 0x0A, 0x09, 0x11, 0x07, 0x01, 0xD6, 0x10, 0x8D, 0x47,
  0x0B, 0x07, 0x1A, 0x07, 0x05, 0x05, 0x1A, 0x18, 0x05, 0x07, 0x08, 0x07, 0x3F, 0x12, 0x12, 0x12,
  0x0B, 0x12, 0x12, 0x06, 0x05, 0x07, 0x1A, 0x08, 0x1A, 0x39, 0x39, 0xE0, 0xC2, 0xC2, 0xC2, 0x3A,
  0xD7, 0xD7, 0xD7, 0x84, 0x84, 0xD7, 0xDC, 0xF7, 0x75, 0xF4, 0xF4, 0x75, 0x4E, 0x7D, 0x7C, 0xB5,
  0x75, 0x4E, 0x4E, 0x4E, 0x4E, 0x4E, 0x4E, 0x4E, 0x7D, 0x7D, 0x7D, 0x7D, 0x7D, 0x7D, 0x4E, 0x7D,
  0x7D, 0x7D, 0x7D, 0x4E, 0x7D, 0x7D, 0x4E, 0x4E, 0x7D, 0x7D, 0x7D, 0x7D, 0x7D, 0x7D, 0x7D, 0x7D,
  0x7D, 0x7D, 0x7D, 0x7D, 0x7D, 0x4E, 0x4E, 0x4E, 0x4E, 0x7D, 0x4E, 0x7D, 0x7D, 0x7D, 0x4E, 0x7D,
  0x4E, 0x4E, 0x4E, 0x4E, 0x4E, 0x4E, 0x4E, 0x4E, 0x4E, 0x4E, 0x4E, 0x4E, 0x4E, 0x4E, 0x7D, 0x7D,
  0x7D, 0x7D, 0x7D, 0x7D, 0x7D, 0x7D, 0x7D, 0x7D, 0x7D, 0x7D, 0x7D, 0x7D, 0x7D, 0x7D, 0x7D, 0x7D,
  0x7D, 0x7D, 0x7D, 0x7D, 0x7D, 0x7D, 0x4E, 0x4E, 0x4E, 0x4E, 0x4E, 0x4E, 0x4E, 0x4E, 0x7D, 0x7D,
  0x7D, 0x7D, 0x7D, 0x7D, 0x4E, 0x7D, 0x7D, 0x7D, 0x7D, 0x4E, 0x7D, 0x7D, 0x4E, 0x4E, 0x7D, 0x7D,
  0x7D, 0x7D, 0x7D, 0x7D, 0x7D, 0x7D, 0x7D, 0x7D, 0x7D, 0x7D, 0x7D, 0x7D, 0x4E, 0x4E, 0x4E, 0x7D,
  0x7D, 0x7D, 0x7D, 0x7D, 0x4E, 0x7D, 0x4E, 0x4E, 0x4E, 0x4E, 0x4E, 0x7D, 0x7D, 0x7D, 0x7D, 0x7D,
  0x7D, 0x7D, 0x4E, 0x4E, 0x4E, 0x7C, 0x4E, 0x4E, 0x4E, 0x4E, 0x4E, 0x4E, 0x4E, 0x4E, 0x4E, 0x4E,
  0x4E, 0x7C, 0x7C, 0x7C, 0x7C, 0xB5, 0xB5, 0x75, 0xB5, 0xB5, 0x75, 0xF4, 0xF4, 0xF4, 0xF7, 0x77,
  0x77, 0x80, 0xA5, 0xB8, 0xB8, 0x6F, 0x0A, 0x0A, 0x0A, 0x0A, 0x08, 0x14, 0x55, 0x10, 0x06, 0x0B,
  0x07, 0x07, 0x08, 0x07, 0x07, 0x07, 0x07, 0x18, 0x1A, 0x08, 0x08, 0x07, 0x3F, 0x12, 0x12, 0x12,
  0x0B, 0x12, 0x12, 0x06, 0x07, 0x07, 0x1A, 0xE0, 0x08, 0x1A, 0x0A, 0xBA, 0x36, 0xDD, 0x36, 0xC2,
  0xDD, 0xD7, 0xD4, 0x73, 0xA5, 0xD7, 0xDC, 0xB5, 0xB5, 0x75, 0x75, 0x75, 0x75, 0x75, 0x75, 0x7E,
  0x75, 0x4E, 0x7D, 0x7D, 0x7D, 0x7D, 0x7D, 0x7D, 0x7D, 0x7D, 0x7D, 0x4E, 0x4E, 0x4E, 0x4E, 0x4E,
  0x4E, 0x4E, 0x7D, 0x7D, 0x7D, 0x7D, 0x7D, 0x4E, 0x4E, 0x4E, 0x7D, 0x7D, 0x7D, 0x7D, 0x7D, 0x7D,
  0x7D, 0x7D, 0x7D, 0x7D, 0x7D, 0x4E, 0x4E, 0x4E, 0x4E, 0x4E, 0x4E, 0x4E, 0x7D, 0x7D, 0x7D, 0x7D,
  0x7D, 0x4E, 0x4E, 0x7C, 0x4E, 0x4E, 0x4E, 0x4E, 0x4E, 0x4E, 0x4E, 0x4E, 0x4E, 0x4E, 0x4E, 0x4E,
  0x7D, 0x7D, 0x7D, 0x7D, 0x7D, 0x7D, 0x7D, 0x7D, 0x7D, 0x7D, 0x7D, 0x7D, 0x7D, 0x7D, 0x7D, 0x7D,
  0x7D, 0x7D, 0x7D, 0x7D, 0x7D, 0x7D, 0x7D, 0x7D, 0x7D, 0x7D, 0x7D, 0x7D, 0x7D, 0x7D, 0x7D, 0x7D,
  0x7D, 0x7D, 0x4E, 0x4E, 0x4E, 0x4E, 0x4E, 0x4E, 0x7D, 0x7D, 0x7D, 0x7D, 0x7D, 0x7D, 0x7D, 0x4E,
  0x7D, 0x7D, 0x7D, 0x7D, 0x7D, 0x7D, 0x7D, 0x7D, 0x7D, 0x7D, 0x7D, 0x4E, 0x4E, 0x4E, 0x4E, 0x7D,
  0x4E, 0x4E, 0x7D, 0x7D, 0x7D, 0x7D, 0x7D, 0x4E, 0x4E, 0x4E, 0x4E, 0x7D, 0x4E, 0x7D, 0x7D, 0x7D,
  0x7D, 0x7D, 0x7D, 0x4E, 0x4E, 0x4E, 0x4E, 0x4E, 0x4E, 0x4E, 0x7C, 0x7C, 0x7C, 0x7C, 0x7C, 0x7C,
  0x7C, 0x4E, 0x4E, 0x4E, 0x4E, 0x4E, 0x92, 0x7C, 0x4E, 0x7C, 0x7C, 0xB5, 0x75, 0x75, 0x75, 0x21,
  0x21, 0xF7, 0x77, 0x80, 0xD7, 0xD7, 0xBA, 0x09, 0x0A, 0x1A, 0x08, 0x08, 0x0B, 0x06, 0x08, 0x07,
  0x07, 0x07, 0x07, 0x07, 0x3D, 0xBA, 0x08, 0x07, 0x08, 0xE0, 0xE0, 0x07, 0x3F, 0x12, 0x12, 0x12,
  0x0B, 0x12, 0x12, 0x06, 0x05, 0x07, 0x1A, 0xE0, 0xE0, 0x1A, 0xBA, 0xBA, 0xC2, 0xC2, 0x3D, 0xC2,
  0xD7, 0x20, 0xB8, 0x80, 0xF7, 0x77, 0x77, 0x75, 0x75, 0x75, 0x75, 0x75, 0x75, 0x75, 0x7E, 0x7C,
  0x7E, 0x4E, 0x7D, 0x7D, 0x7D, 0x7D, 0x7D, 0x7D, 0x7D, 0x7D, 0x7D, 0x7D, 0x7D, 0x4E, 0x7D, 0x7D,
  0x7D, 0x4E, 0x4E, 0x7C, 0x7C, 0x7C, 0x4E, 0x4E, 0x4E, 0x4E, 0x4E, 0x7D, 0x7D, 0x7D, 0x7D, 0x7D,
  0x7D, 0x7D, 0x7D, 0x7D, 0x7D, 0x7D, 0x4E, 0x7D, 0x7D, 0x7D, 0x4E, 0x4E, 0x7D, 0x7D, 0x7D, 0x7D,
  0x7D, 0x7D, 0x4E, 0x4E, 0x4E, 0x4E, 0x4E, 0x4E, 0x4E, 0x4E, 0x4E, 0x4E, 0x4E, 0x4E, 0x4E, 0x7C,
  0x4E, 0x7D, 0x7D, 0x7D, 0x7D, 0x7D, 0x7D, 0x7D, 0x7D, 0x7D, 0x7D, 0x7D, 0x7D, 0x7D, 0x7D, 0x7D,
  0x4E, 0x7D, 0x7D, 0x7D, 0x7D, 0x7D, 0x7D, 0x7D, 0x7D, 0x7D, 0x7D, 0x7D, 0x7D, 0x7D, 0x7D, 0x7D,
  0x7D, 0x7D, 0x7D, 0x4E, 0x7D, 0x7D, 0x7D, 0x4E, 0x4E, 0x4E, 0x7C, 0x7C, 0x4E, 0x4E, 0x4E, 0x4E,
  0x4E, 0x7D, 0x7D, 0x7D, 0x7D, 0x7D, 0x7D, 0x7D, 0x7D, 0x7D, 0x7D, 0x7D, 0x4E, 0x7D, 0x7D, 0x7D,
  0x4E, 0x4E, 0x7D, 0x7D, 0x7D, 0x7D, 0x7D, 0x7D, 0x4E, 0x7D, 0x4E, 0x7D, 0x7D, 0x7D, 0x7D, 0x7D,
  0x7D, 0x4E, 0x4E, 0x4E, 0x4E, 0x4E, 0x4E, 0x4E, 0x4E, 0x4E, 0x4E, 0x4E, 0x4E, 0x4E, 0x4E, 0x4E,
  0x7C, 0x4E, 0x4E, 0x4E, 0x4E, 0x4E, 0x4E, 0x4E, 0x4E, 0x4E, 0x4E, 0x92, 0xB5, 0xB5, 0xB5, 0x75,
  0xF7, 0xF7, 0xF7, 0xDC, 0x6F, 0x6F, 0x0A, 0x0A, 0x0A, 0x0A, 0x08, 0x08, 0x08, 0x1A, 0x08, 0x1A,
  0x1A, 0x05, 0x18, 0x08, 0xBA, 0x08, 0x07, 0x05, 0x1A, 0x08, 0x1A, 0x07, 0x01, 0x12, 0x12, 0x12,
  0x0B, 0x12, 0x12, 0x06, 0x05, 0x18, 0x1A, 0x0A, 0xE0, 0x0A, 0xE0, 0x0A, 0x1A, 0x1A, 0x1A, 0xD7,
  0x3A, 0xD7, 0xD7, 0xA5, 0xA5, 0x77, 0x75, 0x7E, 0x75, 0x75, 0x75, 0x75, 0x7E, 0x7C, 0x4E, 0x4E,
  0x4E, 0x4E, 0x7D, 0x7D, 0x7D, 0x7D, 0x7D, 0x7D, 0x7D, 0x7D, 0x7D, 0x7D, 0x7D, 0x7D, 0x7D, 0x4E,
  0x7D, 0x7D, 0x7D, 0x4E, 0x4E, 0x4E, 0x4E, 0x4E, 0x4E, 0x4E, 0x4E, 0x4E, 0x4E, 0x7D, 0x7D, 0x7D,
  0x7D, 0x7D, 0x7D, 0x7D, 0x7D, 0x7D, 0x7D, 0x7D, 0x7D, 0x7D, 0x7D, 0x7D, 0x7D, 0x7D, 0x7D, 0x7D,
  0x7D, 0x7D, 0x7D, 0x4E, 0x4E, 0x4E, 0x4E, 0x4E, 0x4E, 0x4E, 0x7D, 0x7D, 0x7D, 0x7D, 0x4E, 0x7E,
  0x7E, 0x7C, 0x4E, 0x4E, 0x4E, 0x4E, 0x4E, 0x7D, 0x7D, 0x7D, 0x7D, 0x7D, 0x7D, 0x7D, 0x7D, 0x7D,
  0x7D, 0x7D, 0x7D, 0x7D, 0x7D, 0x7D, 0x7D, 0x7D, 0x7D, 0x7D, 0x7D, 0x7D, 0x7D, 0x7D, 0x7D, 0x7D,
  0x7D, 0x7D, 0x7D, 0x7D, 0x7D, 0x4E, 0x7D, 0x7D, 0x7D, 0x4E, 0x4E, 0x4E, 0x4E, 0x4E, 0x4E, 0x4E,
  0x4E, 0x4E, 0x7D, 0x4E, 0x7D, 0x7D, 0x7D, 0x7D, 0x7D, 0x7D, 0x7D, 0x7D, 0x7D, 0x7D, 0x7D, 0x7D,
  0x7D, 0x7D, 0x7D, 0x7D, 0x7D, 0x7D, 0x7D, 0x7D, 0x7D, 0x7D, 0x7D, 0x7D, 0x7D, 0x7D, 0x7D, 0x7D,
  0x7D, 0x4E, 0x4E, 0x4E, 0x4E, 0x7D, 0x4E, 0x4E, 0x7D, 0x7D, 0x4E, 0x4E, 0x4E, 0x7D, 0x4E, 0x7D,
  0x4E, 0x4E, 0x4E, 0x4E, 0x4E, 0x4E, 0x4E, 0x4E, 0x4E, 0x4E, 0x4E, 0x92, 0x7C, 0xB5, 0xB5, 0xF4,
  0xDC, 0xD7, 0x6F, 0xB8, 0xB8, 0xD4, 0xB8, 0xD3, 0xB8, 0x0A, 0x08, 0x1A, 0x1A, 0x1A, 0x0A, 0xE0,
  0x1A, 0x18, 0x08, 0xBA, 0xE0, 0x08, 0x05, 0x07, 0x1A, 0x1A, 0x18, 0x05, 0x01, 0x12, 0x12, 0x12,
  0x0B, 0x12, 0x12, 0x06, 0x05, 0x18, 0x18, 0x1A, 0xE0, 0x1A, 0x1A, 0x39, 0x1A, 0x0A, 0x0A, 0x0A,
  0x3A, 0xD7, 0xB8, 0xA5, 0xA5, 0xF4, 0x75, 0x75, 0x75, 0x75, 0x75, 0xB5, 0x7C, 0x7D, 0x7D, 0x4E,
  0x7C, 0x4E, 0x7D, 0x7D, 0x7D, 0x7D, 0x7D, 0x7D, 0x7D, 0x7D, 0x7D, 0x7D, 0x7D, 0x7D, 0x7D, 0x7D,
  0x7D, 0x7D, 0x7D, 0x7D, 0x7D, 0x7D, 0x7D, 0x4E, 0x4E, 0x4E, 0x4E, 0x4E, 0x4E, 0x4E, 0x4E, 0x4E,
  0x4E, 0x7D, 0x4E, 0x7D, 0x7D, 0x4E, 0x7D, 0x7D, 0x7D, 0x7D, 0x7D, 0x7D, 0x7D, 0x7D, 0x7D, 0x7D,
  0x7D, 0x7D, 0x7D, 0x7D, 0x7D, 0x7D, 0x7D, 0x7D, 0x4E, 0x4E, 0x4E, 0x4E, 0x4E, 0x4E, 0x7C, 0x7E,
  0x7E, 0x7C, 0x7C, 0x7C, 0x4E, 0x4E, 0x7D, 0x7D, 0x7D, 0x4E, 0x4E, 0x4E, 0x7D, 0x7D, 0x7D, 0x7D,
  0x7D, 0x7D, 0x7D, 0x7D, 0x7D, 0x7D, 0x7D, 0x7D, 0x7D, 0x7D, 0x7D, 0x7D, 0x7D, 0x7D, 0x7D, 0x7D,
  0x7D, 0x7D, 0x7D, 0x7D, 0x7D, 0x4E, 0x7D, 0x7D, 0x7D, 0x7D, 0x7D, 0x7D, 0x7D, 0x7D, 0x4E, 0x4E,
  0x4E, 0x4E, 0x4E, 0x4E, 0x4E, 0x4E, 0x4E, 0x7D, 0x4E, 0x7D, 0x7D, 0x4E, 0x7D, 0x7D, 0x7D, 0x7D,
  0x7D, 0x7D, 0x7D, 0x7D, 0x7D, 0x7D, 0x7D, 0x7D, 0x7D, 0x7D, 0x7D, 0x7D, 0x7D, 0x4E, 0x7D, 0x7D,
  0x4E, 0x4E, 0x4E, 0x4E, 0x7D, 0x7D, 0x4E, 0x7D, 0x7D, 0x7D, 0x4E, 0x4E, 0x4E, 0x4E, 0x4E, 0x4E,
  0x4E, 0x4E, 0x4E, 0x4E, 0x4E, 0x92, 0x4E, 0x4E, 0x92, 0x4E, 0x4E, 0x7C, 0xB5, 0xB5, 0xB5, 0xA5,
  0xD7, 0xD7, 0xD7, 0xD7, 0xB8, 0xD7, 0xFA, 0xF2, 0x40, 0xC2, 0xBA, 0xE0, 0x1A, 0x07, 0x1A, 0xBA,
  0x1A, 0x1A, 0x52, 0x3D, 0xE0, 0x1A, 0x08, 0x08, 0x08, 0x07, 0x05, 0x05, 0x3F, 0x12, 0x12, 0x12,
  0x0B, 0x12, 0x12, 0x06, 0x05, 0x05, 0x39, 0x1A, 0xE0, 0xE0, 0x08, 0xE0, 0x0A, 0x0A, 0xD7, 0xD7,
  0xD7, 0xD7, 0xD7, 0x84, 0xDC, 0xF4, 0xF4, 0xF4, 0xB5, 0x75, 0x75, 0x75, 0x4E, 0x4E, 0x4E, 0x75,
  0xB5, 0x4E, 0x7D, 0x7D, 0x7D, 0x7D, 0x7D, 0x7D, 0x7D, 0x7D, 0x7D, 0x7D, 0x7D, 0x7D, 0x7D, 0x7D,
  0x7D, 0x7D, 0x7D, 0x7D, 0x7D, 0x7D, 0x7D, 0x7D, 0x4E, 0x4E, 0x4E, 0x4E, 0x4E, 0x7D, 0x4E, 0x4E,
  0x7D, 0x7D, 0x7D, 0x7D, 0x7D, 0x7D, 0x4E, 0x7D, 0x7D, 0x7D, 0x7D, 0x7D, 0x7D, 0x7D, 0x7D, 0x7D,
  0x7D, 0x7D, 0x4E, 0x4E, 0x4E, 0x4E, 0x7D, 0x7D, 0x7D, 0x7D, 0x7D, 0x7D, 0x7D, 0x7D, 0x4E, 0x4E,
  0x4E, 0x7D, 0x4E, 0x4E, 0x4E, 0x4E, 0x7D, 0x7D, 0x7D, 0x7D, 0x7D, 0x7D, 0x7D, 0x7D, 0x7D, 0x7D,
  0x7D, 0x7D, 0x7D, 0x7D, 0x7D, 0x7D, 0x7D, 0x7D, 0x7D, 0x7D, 0x7D, 0x7D, 0x7D, 0x7D, 0x7D, 0x7D,
  0x7D, 0x7D, 0x7D, 0x7D, 0x7D, 0x7D, 0x7D, 0x7D, 0x7D, 0x7D, 0x7D, 0x7D, 0x7D, 0x7D, 0x7D, 0x4E,
  0x4E, 0x4E, 0x4E, 0x4E, 0x7D, 0x4E, 0x7D, 0x7D, 0x7D, 0x7D, 0x7D, 0x7D, 0x4E, 0x7D, 0x7D, 0x7D,
  0x7D, 0x7D, 0x7D, 0x7D, 0x7D, 0x7D, 0x7D, 0x7D, 0x7D, 0x4E, 0x4E, 0x4E, 0x7D, 0x7D, 0x7D, 0x4E,
  0x4E, 0x4E, 0x4E, 0x7D, 0x4E, 0x7D, 0x7D, 0x7D, 0x7D, 0x4E, 0x4E, 0x4E, 0x4E, 0x4E, 0x4E, 0x4E,
  0x4E, 0x4E, 0x4E, 0x92, 0x4E, 0xB5, 0xB5, 0xB5, 0xB5, 0xB5, 0xB5, 0xF4, 0xF4, 0xF7, 0xF4, 0x80,
  0xA5, 0xD7, 0xD7, 0x0A, 0xD7, 0x0A, 0xC2, 0x38, 0x38, 0x38, 0xD7, 0x36, 0xE0, 0x18, 0x1A, 0xE0,
  0x1A, 0x36, 0x38, 0xBA, 0x08, 0xE0, 0xE0, 0x08, 0x08, 0x05, 0x05, 0x05, 0x3F, 0x12, 0x12, 0x12,
  0x0B, 0x12, 0x12, 0x06, 0x07, 0x08, 0x07, 0x18, 0xE0, 0xE0, 0xE0, 0xC2, 0xC2, 0xC2, 0xD7, 0xD7,
  0xD7, 0xD7, 0xD7, 0xA5, 0xA5, 0xA5, 0xDC, 0xDC, 0xDC, 0xF4, 0x75, 0xF4, 0x75, 0xF4, 0xF4, 0xF4,
  0x75, 0x4E, 0x7D, 0x7D, 0x7D, 0x7D, 0x7D, 0x7D, 0x7D, 0x7D, 0x7D, 0x7D, 0x7D, 0x7D, 0x7D, 0x7D,
  0x7D, 0x7D, 0x7D, 0x7D, 0x7D, 0x7D, 0x7D, 0x7D, 0x7D, 0x7D, 0x4E, 0x7D, 0x7D, 0x4E, 0x7D, 0x7D,
  0x7D, 0x7D, 0x7D, 0x7D, 0xBD, 0x7D, 0xBD, 0xBD, 0x7D, 0x4E, 0x7D, 0x7D, 0x7D, 0x7D, 0x7D, 0x7D,
  0x4E, 0x4E, 0x7C, 0x7C, 0x7C, 0x7C, 0x4E, 0x4E, 0x4E, 0x4E, 0x7D, 0x7D, 0x7D, 0x7D, 0x7D, 0x7D,
  0x7D, 0x7D, 0x7D, 0x7D, 0x7D, 0x7D, 0x7D, 0x7D, 0x7D, 0x7D, 0x7D, 0x7D, 0x7D, 0x7D, 0x7D, 0x7D,
  0x7D, 0x7D, 0x4E, 0x7D, 0x7D, 0x7D, 0x7D, 0x7D, 0x7D, 0x7D, 0x7D, 0x7D, 0x7D, 0x7D, 0x7D, 0x7D,
  0x7D, 0x7D, 0x7D, 0x7D, 0x7D, 0x7D, 0x7D, 0x7D, 0x7D, 0x7D, 0x7D, 0x7D, 0x7D, 0x7D, 0x7D, 0x7D,
  0x4E, 0x7D, 0x7D, 0x4E, 0x7D, 0x7D, 0x7D, 0x7D, 0x7D, 0x7D, 0xBD, 0x7D, 0x7D, 0xBD, 0x7D, 0x4E,
  0x7D, 0x7D, 0x7D, 0x7D, 0x7D, 0x7D, 0x7D, 0x4E, 0x4E, 0x7D, 0x7D, 0x7D, 0x4E, 0x7D, 0x7D, 0x7D,
  0x7D, 0x7D, 0x7D, 0x4E, 0x4E, 0x4E, 0x7D, 0x7D, 0x7D, 0x4E, 0x4E, 0x4E, 0x4E, 0x4E, 0x4E, 0x4E,
  0x4E, 0x4E, 0x4E, 0x92, 0x7C, 0x92, 0xB5, 0x75, 0xB5, 0xB5, 0xF4, 0xF7, 0xF7, 0xF4, 0xF4, 0xF7,
  0x77, 0xDC, 0x80, 0xB8, 0x3A, 0xC2, 0xD7, 0xBA, 0x5E, 0x3D, 0x38, 0x3D, 0xD7, 0x0A, 0x18, 0x08,
  0x08, 0x3D, 0xDD, 0xC2, 0xE0, 0x3D, 0xBA, 0xE0, 0x07, 0x05, 0x05, 0x05, 0x3F, 0x12, 0x12, 0x12,
  0x0B, 0x12, 0x12, 0x06, 0x07, 0x1A, 0x1A, 0xE0, 0x1A, 0x1A, 0xC2, 0xC2, 0x0A, 0xD7, 0xD7, 0xD7,
  0xD7, 0xD7, 0xD7, 0xD7, 0xD7, 0xD7, 0xD7, 0xDC, 0xF4, 0xF4, 0x75, 0x75, 0x75, 0x75, 0x75, 0x75,
  0x75, 0x4E, 0x7D, 0x7D, 0x7D, 0x7D, 0x7D, 0x7D, 0x7D, 0x7D, 0x7D, 0x7D, 0x7D, 0x7D, 0x7D, 0x7D,
  0x7D, 0x7D, 0x7D, 0x7D, 0x7D, 0x7D, 0x7D, 0x7D, 0x7D, 0x7D, 0x7D, 0x7D, 0x7D, 0x7D, 0x4F, 0x7D,
  0x7D, 0x7D, 0x7D, 0x7D, 0x7D, 0x7D, 0x7D, 0x7D, 0x7D, 0x7D, 0x4E, 0x7D, 0x7D, 0x7D, 0x7D, 0x7D,
  0x4E, 0x7E, 0x4E, 0x7C, 0x7C, 0x7C, 0x4E, 0x4E, 0x4E, 0x7D, 0x7D, 0x7D, 0x7D, 0x7D, 0x7D, 0x7D,
  0x7D, 0x7D, 0x7D, 0x7D, 0x7D, 0x7D, 0x7D, 0x7D, 0x7D, 0x7D, 0x7D, 0x7D, 0x7D, 0x7D, 0x7D, 0x7D,
  0x7D, 0x7D, 0x7D, 0x7D, 0x7D, 0x7D, 0x7D, 0x7D, 0x7D, 0x7D, 0x7D, 0x7D, 0x7D, 0x7D, 0x7D, 0x7D,
  0x7D, 0x7D, 0x7D, 0x7D, 0x7D, 0x7D, 0x7D, 0x7D, 0x7D, 0x7D, 0x7D, 0x7D, 0x7D, 0x7D, 0x7D, 0x7D,
  0x7D, 0x7D, 0x7D, 0x7D, 0x7D, 0x7D, 0x7D, 0x7D, 0x7D, 0x7D, 0x7D, 0x7D, 0x7D, 0x7D, 0x7D, 0x7D,
  0x4E, 0x7D, 0x7D, 0x7D, 0x7D, 0x7D, 0x4E, 0x7E, 0x4E, 0x7D, 0x7D, 0x7D, 0x92, 0x7C, 0x4E, 0x4E,
  0x4E, 0x7D, 0x7D, 0x4E, 0x4E, 0x4E, 0x4E, 0x4E, 0x4E, 0x7D, 0x7D, 0x7D, 0x4E, 0x4E, 0x4E, 0x7D,
  0x7D, 0x4F, 0x4E, 0x4E, 0x4E, 0x7C, 0x92, 0x7C, 0x7C, 0x7C, 0x7E, 0x75, 0x75, 0xB5, 0x75, 0xB5,
  0x21, 0xF4, 0xF7, 0xB8, 0xE2, 0xD3, 0xBA, 0x51, 0x94, 0x0B, 0x1A, 0xC2, 0xC2, 0xBA, 0x08, 0x1A,
  0xE0, 0x3D, 0x36, 0xC2, 0x18, 0x52, 0x08, 0x07, 0x05, 0x05, 0x05, 0x05, 0x3F, 0x12, 0x12, 0x12,
  0x0B, 0x12, 0x12, 0x06, 0x07, 0x1A, 0xE0, 0x36, 0xBA, 0xBA, 0xD7, 0xC2, 0xE0, 0x0A, 0xD7, 0xD7,
  0xD7, 0xD7, 0xE2, 0xDD, 0xD7, 0xD7, 0xA5, 0xDC, 0xF4, 0x7E, 0x7E, 0x75, 0x75, 0x7E, 0x7E, 0x7E,
  0x7C, 0x4E, 0x7D, 0x7D, 0x7D, 0x7D, 0x7D, 0x7D, 0x7D, 0x7D, 0x7D, 0x7D, 0x7D, 0x7D, 0x7D, 0x7D,
  0x7D, 0x7D, 0x7D, 0x7D, 0x7D, 0x7D, 0x7D, 0x7D, 0x7D, 0x7D, 0x7D, 0x7D, 0x7D, 0x7D, 0x7D, 0x7D,
  0x7D, 0x7D, 0x7D, 0x7D, 0x7D, 0x7D, 0x7D, 0x7D, 0x7D, 0x7D, 0x7D, 0x7D, 0x4E, 0x7D, 0x7D, 0x7D,
  0x7D, 0x4F, 0x4E, 0x4E, 0x4E, 0x4E, 0x7D, 0x7D, 0x7D, 0x7D, 0x7D, 0x7D, 0x7D, 0x7D, 0x7D, 0x7D,
  0x7D, 0x7D, 0x7D, 0x7D, 0x7D, 0x7D, 0x7D, 0x7D, 0x7D, 0x7D, 0x7D, 0x7D, 0x7D, 0x7D, 0x7D, 0x7D,
  0x7D, 0x7D, 0x7D, 0x7D, 0x7D, 0x7D, 0x7D, 0x7D, 0x7D, 0x7D, 0x7D, 0x7D, 0x7D, 0x7D, 0x7D, 0x7D,
  0x7D, 0x7D, 0x7D, 0x7D, 0x7D, 0x7D, 0x7D, 0x7D, 0x7D, 0x7D, 0x7D, 0x7D, 0x7D, 0x7D, 0x7D, 0x7D,
  0x7D, 0x7D, 0x7D, 0x7D, 0x7D, 0x7D, 0x7D, 0x7D, 0x7D, 0x7D, 0x7D, 0x7D, 0x7D, 0x7D, 0x7D, 0x7D,
  0x7D, 0x7D, 0x4E, 0x7D, 0x7D, 0x7D, 0x7D, 0x7D, 0x4E, 0x4E, 0x92, 0x92, 0xB5, 0x7C, 0x4E, 0x4E,
  0x4E, 0x7D, 0x7D, 0x7D, 0x7D, 0x4E, 0x4E, 0x4E, 0x4E, 0x4E, 0x7D, 0x7D, 0x4E, 0x4E, 0x4E, 0x4E,
  0x4E, 0x4E, 0x92, 0x4E, 0x4E, 0x92, 0x7C, 0x92, 0xB5, 0xB5, 0x7C, 0x7C, 0x7C, 0x7C, 0xB5, 0xB5,
  0x75, 0xB5, 0x77, 0xA5, 0xD7, 0x3A, 0x1A, 0x09, 0x09, 0x08, 0x07, 0x07, 0x1A, 0xE0, 0x3D, 0x1A,
  0xD7, 0x36, 0xD7, 0x1A, 0x03, 0x07, 0x07, 0x05, 0x05, 0x05, 0x08, 0x07, 0x3F, 0x12, 0x12, 0x12,
  0x0B, 0x12, 0x12, 0x06, 0x07, 0x1A, 0xC2, 0x36, 0xC2, 0xD7, 0x3D, 0xD7, 0x1A, 0xD3, 0x4E, 0xD7,
  0x3A, 0x36, 0xDD, 0xDD, 0xD7, 0x84, 0xDC, 0x74, 0x7E, 0x7C, 0x7E, 0x7C, 0x7C, 0x7C, 0xB5, 0x7E,
  0x75, 0x4E, 0x7D, 0x7D, 0x7D, 0x7D, 0x7D, 0x7D, 0x7D, 0x4E, 0x7D, 0x7D, 0x7D, 0x7D, 0x7D, 0x7D,
  0x7D, 0x7D, 0x7D, 0x7D, 0x7D, 0x7D, 0x7D, 0x7D, 0x7D, 0x7D, 0x7D, 0x7D, 0x7D, 0x7D, 0x7D, 0x7D,
  0x7D, 0x7D, 0x7D, 0x7D, 0x7D, 0x7D, 0x7D, 0x7D, 0x7D, 0x7D, 0x7D, 0x7D, 0x7D, 0x7D, 0x7D, 0x7D,
  0x4E, 0x7D, 0x4E, 0x4E, 0x7D, 0x7D, 0x7D, 0x7D, 0x7D, 0x4E, 0x4E, 0x7D, 0x7D, 0x7D, 0x7D, 0x7D,
  0x7D, 0x4E, 0x4E, 0x7D, 0x7D, 0x7D, 0x4E, 0x4E, 0x4E, 0x7C, 0x7E, 0x4E, 0x7D, 0x4E, 0x7D, 0x7D,
  0x7D, 0x7D, 0x7D, 0x7D, 0x7D, 0x7D, 0x7D, 0x7D, 0x7D, 0x7D, 0x7D, 0x7D, 0x7D, 0x7D, 0x7D, 0x4E,
  0x7D, 0x7D, 0x7D, 0x7D, 0x7D, 0x7D, 0x7D, 0x7D, 0x7D, 0x7D, 0x7D, 0x7D, 0x7D, 0x7D, 0x7D, 0x7D,
  0x7D, 0x7D, 0x7D, 0x7D, 0x7D, 0x7D, 0x7D, 0x7D, 0x7D, 0x7D, 0x7D, 0x7D, 0x7D, 0x7D, 0x7D, 0x7D,
  0x7D, 0x7D, 0x7D, 0x7D, 0x7D, 0x7D, 0x4E, 0x7D, 0x7D, 0x7D, 0x7D, 0x7D, 0x7D, 0x7D, 0x7D, 0x4E,
  0x7D, 0x7D, 0x7D, 0x7D, 0x7D, 0x4E, 0x4E, 0x4E, 0x4E, 0x4E, 0x7D, 0x7D, 0x4E, 0x4E, 0x4E, 0x4F,
  0x4E, 0x4E, 0x92, 0x92, 0xE7, 0x7D, 0x4E, 0x92, 0xB5, 0x75, 0xB5, 0x7C, 0x7C, 0x7C, 0x7C, 0xB5,
  0xB5, 0xB5, 0xA5, 0x6F, 0xD7, 0xD7, 0x1A, 0x18, 0x18, 0x18, 0x39, 0x08, 0x08, 0x1A, 0xE0, 0x36,
  0x36, 0xC2, 0xE0, 0x18, 0x05, 0x08, 0x05, 0x05, 0x05, 0x07, 0x08, 0x07, 0x3F, 0x12, 0x12, 0x12,
  0x0B, 0x12, 0x12, 0x06, 0x07, 0xC2, 0xD7, 0x36, 0xC2, 0x1A, 0xD7, 0x36, 0x3A, 0x40, 0x91, 0x41,
  0xD7, 0x36, 0xD7, 0xD7, 0xB8, 0xFA, 0xF4, 0xB5, 0x75, 0x7E, 0x7C, 0xB5, 0x75, 0xB5, 0x75, 0x75,
  0x75, 0x4E, 0x7D, 0x7D, 0x7D, 0x7D, 0x7D, 0x7D, 0x7D, 0x7D, 0x7D, 0x7D, 0x7D, 0x7D, 0x7D, 0x7D,
  0x7D, 0x4E, 0x4E, 0x7D, 0x7D, 0x7D, 0x7D, 0x7D, 0x7D, 0x7D, 0x7D, 0x7D, 0x7D, 0x7D, 0x7D, 0x7D,
  0x7D, 0x7D, 0x7D, 0x7D, 0x7D, 0x7D, 0x7D, 0x7D, 0x7D, 0x7D, 0x7D, 0x7D, 0x7D, 0x7D, 0x7D, 0x7D,
  0x4E, 0x7D, 0x4E, 0x4E, 0x4E, 0x4E, 0x4E, 0x7D, 0x7D, 0x7D, 0x7D, 0x7D, 0x7D, 0x7D, 0x7D, 0x7D,
  0x4E, 0x4E, 0x4E, 0x4E, 0x4E, 0x4E, 0x4E, 0x4E, 0x4E, 0x7C, 0x7C, 0x4E, 0x7D, 0x7D, 0x7D, 0x7D,
  0x7D, 0x7D, 0x7D, 0x7D, 0x7D, 0x7D, 0x7D, 0x7D, 0x7D, 0x7D, 0x7D, 0x7D, 0x7D, 0x7D, 0x7D, 0x7D,
  0x7D, 0x7D, 0x7D, 0x7D, 0x7D, 0x7D, 0x7D, 0x4E, 0x4E, 0x7D, 0x7D, 0x7D, 0x7D, 0x7D, 0x7D, 0x7D,
  0x7D, 0x7D, 0x7D, 0x7D, 0x7D, 0x7D, 0x7D, 0x7D, 0x7D, 0x7D, 0x7D, 0x7D, 0x7D, 0x7D, 0x7D, 0x7D,
  0x7D, 0x7D, 0x7D, 0x7D, 0x7D, 0x7D, 0x4E, 0x4E, 0x4E, 0x4E, 0x7D, 0x7D, 0x7D, 0x7D, 0x7D, 0x7D,
  0x7D, 0x4E, 0x4E, 0x7D, 0x7D, 0x4E, 0x4E, 0x4E, 0x4E, 0x4E, 0x7D, 0x4E, 0x4E, 0x4E, 0x7D, 0x7D,
  0x7C, 0xF4, 0xF4, 0x92, 0xE7, 0xE7, 0xE7, 0x7D, 0x92, 0xF4, 0x75, 0x4E, 0x7C, 0x7E, 0x75, 0xB5,
  0xB5, 0xF7, 0xDC, 0xDC, 0x20, 0xD7, 0x36, 0x36, 0xC2, 0xC2, 0x0A, 0x39, 0x07, 0x07, 0x18, 0x1A,
  0xBA, 0xE0, 0x08, 0x07, 0x07, 0x08, 0x05, 0x05, 0x05, 0x08, 0x18, 0x05, 0x3F, 0x12, 0x12, 0x12,
  0x0B, 0x12, 0x12, 0x06, 0x07, 0xE0, 0xD7, 0xD7, 0xD7, 0x1A, 0x3A, 0xF8, 0x40, 0xD3, 0x3B, 0xF8,
  0xD3, 0xD3, 0xC2, 0xD7, 0xB8, 0xA5, 0xF4, 0xB5, 0x75, 0x7C, 0x75, 0x75, 0x4E, 0x4E, 0x75, 0x75,
  0x75, 0x4E, 0x7D, 0x7D, 0x7D, 0x7D, 0x7D, 0x7D, 0x7D, 0x7D, 0x7D, 0x7D, 0x7D, 0x7D, 0x7D, 0x7D,
  0x7D, 0x7D, 0x7D, 0x7D, 0x7D, 0x7D, 0x7D, 0x7D, 0x7D, 0x7D, 0x7D, 0x7D, 0x7D, 0x7D, 0x7D, 0x7D,
  0x7D, 0x7D, 0x7D, 0x7D, 0x7D, 0x7D, 0x7D, 0x7D, 0x7D, 0x7D, 0x7D, 0x7D, 0x7D, 0x7D, 0x7D, 0x7D,
  0x7D, 0x7D, 0x4E, 0x4E, 0x4E, 0x4E, 0x7C, 0x4E, 0x7C, 0x4E, 0x7D, 0x7D, 0x4E, 0x7D, 0x7D, 0x4E,
  0x4E, 0x4E, 0x4E, 0x7D, 0x7D, 0x7D, 0x7D, 0x7D, 0x4E, 0x7D, 0x7D, 0x7D, 0x7D, 0x7D, 0x7D, 0x7D,
  0x7D, 0x7D, 0x7D, 0x7D, 0x7D, 0x7D, 0x7D, 0x7D, 0x7D, 0x7D, 0x7D, 0x7D, 0x7D, 0x7D, 0x7D, 0x7D,
  0x7D, 0x7D, 0x7D, 0x7D, 0x7D, 0x7D, 0x7D, 0x7D, 0x7D, 0x7D, 0x7D, 0x7D, 0x7D, 0x7D, 0x7D, 0x7D,
  0x7D, 0x7D, 0x7D, 0x7D, 0x7D, 0x7D, 0x7D, 0x7D, 0x7D, 0x7D, 0x7D, 0x7D, 0x7D, 0x7D, 0x7D, 0x7D,
  0x7D, 0x7D, 0x7D, 0x7D, 0x7D, 0x7D, 0x7D, 0x7D, 0x7D, 0x4E, 0x4E, 0x7D, 0x7D, 0x7D, 0x7D, 0x7D,
  0x7D, 0x4E, 0x4E, 0x4E, 0x4E, 0x4E, 0x7D, 0x4E, 0x7D, 0x4E, 0x4E, 0x4E, 0x4F, 0x4E, 0x4E, 0x7D,
  0x4E, 0x92, 0x92, 0xB5, 0x4F, 0x7D, 0x4F, 0x92, 0x92, 0xF4, 0xB5, 0x4E, 0x4E, 0x7E, 0x7E, 0x75,
  0xF4, 0xDC, 0xDC, 0xDC, 0x80, 0xB8, 0xD3, 0xDD, 0x36, 0xD7, 0xBA, 0x1A, 0x18, 0x1A, 0x1A, 0x18,
  0xE0, 0x08, 0x07, 0x05, 0x08, 0x08, 0x05, 0x05, 0x08, 0x08, 0x18, 0x05, 0x3F, 0x12, 0x12, 0x12,
  0x0B, 0x12, 0x12, 0x06, 0x07, 0xE0, 0x1A, 0x1A, 0xE0, 0xE0, 0x39, 0x40, 0x41, 0xE8, 0xF6, 0xA5,
  0xD4, 0xD7, 0x36, 0xD7, 0xE2, 0xA5, 0xDC, 0xF4, 0xF4, 0xF4, 0xF4, 0x21, 0xB5, 0x92, 0x7E, 0x75,
  0x75, 0x7C, 0x7D, 0x7D, 0x7D, 0x7D, 0x7D, 0x7D, 0x7D, 0x7D, 0x7D, 0x7D, 0x7D, 0x7D, 0x7D, 0x7D,
  0x7D, 0x7D, 0x7D, 0x7D, 0x7D, 0x7D, 0x7D, 0x7D, 0x7D, 0x7D, 0x7D, 0x7D, 0x7D, 0x7D, 0x7D, 0x7D,
  0x7D, 0x7D, 0x7D, 0x7D, 0x7D, 0x7D, 0x7D, 0x7D, 0x7D, 0x7D, 0x7D, 0x7D, 0x7D, 0x7D, 0x7D, 0x7D,
  0x7D, 0x7D, 0x4E, 0x4E, 0x4E, 0x4E, 0x7C, 0x7C, 0x7C, 0x7C, 0x4E, 0x4E, 0x4E, 0x4E, 0x4E, 0x4E,
  0x4E, 0x4E, 0x4E, 0x4E, 0x7D, 0x7D, 0x7D, 0x7D, 0x7D, 0x7D, 0x7D, 0x7D, 0x7D, 0x7D, 0x7D, 0x7D,
  0x7D, 0x7D, 0x7D, 0x7D, 0x7D, 0x7D, 0x7D, 0x7D, 0x7D, 0x7D, 0x7D, 0x7D, 0x7D, 0x7D, 0x7D, 0x7D,
  0x7D, 0x7D, 0x7D, 0x7D, 0x7D, 0x7D, 0x7D, 0x7D, 0x7D, 0x7D, 0x7D, 0x7D, 0x7D, 0x7D, 0x7D, 0x7D,
  0x7D, 0x7D, 0x7D, 0x7D, 0x7D, 0x7D, 0x7D, 0x7D, 0x7D, 0x7D, 0x7D, 0x7D, 0x7D, 0x7D, 0x7D, 0x7D,
  0x7D, 0x7D, 0x7D, 0x7D, 0x7D, 0x7D, 0x7D, 0x7D, 0x7D, 0x7D, 0x7D, 0x7D, 0x7D, 0x4E, 0x4E, 0x4E,
  0x7D, 0x7D, 0x7D, 0x7D, 0x7D, 0x7D, 0x7D, 0x4E, 0x4E, 0x4E, 0x4E, 0x4E, 0x4E, 0x4E, 0x4E, 0x4E,
  0x4E, 0x4E, 0x4F, 0x4E, 0x92, 0x92, 0x92, 0xB5, 0xB5, 0x4E, 0x7D, 0x4E, 0x4E, 0x7C, 0x75, 0xF4,
  0xF4, 0x77, 0xDC, 0xDC, 0x80, 0xB8, 0xD7, 0x0A, 0x0A, 0x1A, 0xC2, 0xC2, 0x36, 0xDD, 0x3D, 0xBA,
  0xE0, 0xE0, 0x1A, 0x18, 0x07, 0x07, 0x05, 0x05, 0x07, 0x1A, 0x07, 0x05, 0x3F, 0x12, 0x12, 0x12,
  0x0B, 0x12, 0x12, 0x3F, 0x07, 0x1A, 0x1A, 0x18, 0x1A, 0x0A, 0xC2, 0x40, 0x40, 0xE2, 0xA5, 0xC8,
  0x85, 0xD3, 0xD7, 0xE2, 0xDD, 0xD3, 0xA5, 0x84, 0xDC, 0xF7, 0x77, 0xF7, 0x21, 0xF4, 0x77, 0x75,
  0x75, 0x7C, 0x7D, 0x7D, 0x7D, 0x7D, 0x7D, 0x7D, 0x7D, 0x7D, 0x7D, 0x7D, 0x7D, 0x7D, 0x7D, 0x7D,
  0x7D, 0x7D, 0x7D, 0x7D, 0x7D, 0x7D, 0x7D, 0x7D, 0x7D, 0x4E, 0x7D, 0x7D, 0x7D, 0x7D, 0x4E, 0x7D,
  0x7D, 0x7D, 0x7D, 0x7D, 0x7D, 0x7D, 0x7D, 0x7D, 0x4E, 0x4E, 0x7D, 0x7D, 0x7D, 0x7D, 0x7D, 0x7D,
  0x7D, 0x7D, 0x4E, 0x4E, 0x4E, 0x4E, 0x4E, 0x4E, 0x7D, 0x4E, 0x4E, 0x4E, 0x4E, 0x4E, 0x4E, 0x4E,
  0x4E, 0x4E, 0x4E, 0x7D, 0x7D, 0x7D, 0x7D, 0x7D, 0x7D, 0x7D, 0x7D, 0x7D, 0x7D, 0x7D, 0x7D, 0x7D,
  0x7D, 0x7D, 0x7D, 0x7D, 0x7D, 0x4E, 0x4E, 0x4E, 0x7D, 0x7D, 0x7D, 0x7D, 0x7D, 0x7D, 0x7D, 0x7D,
  0x7D, 0x7D, 0x7D, 0x7D, 0x7D, 0x7D, 0x7D, 0x7D, 0x7D, 0x7D, 0x7D, 0x7D, 0x7D, 0x7D, 0x7D, 0x4E,
  0x7D, 0x7D, 0x7D, 0x7D, 0x4E, 0x7D, 0x7D, 0x7D, 0x7D, 0x7D, 0x7D, 0x7D, 0x7D, 0x7D, 0x7D, 0x4E,
  0x7D, 0x7D, 0x7D, 0x7D, 0x7D, 0x7D, 0x7D, 0x7D, 0x7D, 0x7D, 0x7D, 0x4E, 0x4E, 0x4E, 0x4E, 0x4E,
  0x4E, 0x4E, 0x7D, 0x7D, 0x7D, 0x4E, 0x4E, 0x7D, 0x7D, 0x4F, 0x4F, 0x4E, 0x7D, 0x4E, 0x4E, 0x4E,
  0x4E, 0x4E, 0x4E, 0x4E, 0x4E, 0x92, 0x4E, 0x92, 0x7C, 0x92, 0x7D, 0xB5, 0xB5, 0x75, 0xF4, 0xF4,
  0xF7, 0x80, 0x80, 0x73, 0x0A, 0x0A, 0x6F, 0xD7, 0xD7, 0x0A, 0x1A, 0xD7, 0xDD, 0x36, 0xDD, 0x36,
  0xC2, 0xC2, 0x08, 0x1A, 0x18, 0x05, 0x05, 0x07, 0x1A, 0x1A, 0x07, 0x05, 0x3F, 0x12, 0x12, 0x12,
  0x0B, 0x12, 0x12, 0x3F, 0x07, 0x1A, 0x1A, 0x1A, 0x18, 0x1A, 0xD7, 0x41, 0x41, 0xED, 0xF6, 0xFA,
  0x91, 0x4C, 0x3A, 0xD7, 0xE2, 0xD7, 0xD4, 0xA5, 0x77, 0xF4, 0xF4, 0x75, 0x75, 0xB5, 0x7E, 0x7E,
  0x75, 0x4E, 0x7D, 0x7D, 0x7D, 0x7D, 0x7D, 0x7D, 0x7D, 0x7D, 0x7D, 0x7D, 0x7D, 0x7D, 0x7D, 0x7D,
  0x7D, 0x7D, 0x7D, 0x7D, 0x7D, 0x7D, 0x7D, 0x7D, 0x7D, 0x7D, 0x7D, 0x7D, 0x7D, 0x7D, 0x7D, 0x7D,
  0x7D, 0x7D, 0x7D, 0x7D, 0x7D, 0x7D, 0x7D, 0x4E, 0x4E, 0x4E, 0x4E, 0x7D, 0x4E, 0x4E, 0x4E, 0x7D,
  0x7D, 0x4F, 0x4E, 0x7C, 0x4E, 0x4E, 0x4E, 0x4E, 0x4E, 0x4E, 0x4E, 0x4E, 0x4E, 0x4E, 0x4E, 0x4E,
  0x4E, 0x4E, 0x7D, 0x7D, 0x7D, 0x4E, 0x4E, 0x7D, 0x7D, 0x7D, 0x7D, 0x7D, 0x7D, 0x7D, 0x7D, 0x7D,
  0x7D, 0x7D, 0x4E, 0x7D, 0x7D, 0x7D, 0x7D, 0x7D, 0x7D, 0x7D, 0x7D, 0x7D, 0x7D, 0x7D, 0x7D, 0x7D,
  0x7D, 0x7D, 0x7D, 0x7D, 0x7D, 0x7D, 0x7D, 0x4E, 0x7D, 0x7D, 0x7D, 0x7D, 0x7D, 0x7D, 0x7D, 0x7D,
  0x7D, 0x7D, 0x7D, 0x7D, 0x7D, 0x7D, 0x7D, 0x7D, 0x7D, 0x7D, 0x7D, 0x7D, 0x7D, 0x4E, 0x4E, 0x4E,
  0x4E, 0x7D, 0x4E, 0x4E, 0x4E, 0x7D, 0x7D, 0x4F, 0x4E, 0x7D, 0x7D, 0x7D, 0x4E, 0x4E, 0x4E, 0x4E,
  0x4E, 0x4E, 0x4E, 0x4E, 0x4E, 0x4E, 0x4E, 0x4E, 0x7D, 0x4F, 0x4F, 0x4E, 0x4E, 0x92, 0x4F, 0x92,
  0x4E, 0x4E, 0x4E, 0x4E, 0x4E, 0x7C, 0x4E, 0x4E, 0x4E, 0x4E, 0x92, 0xB5, 0xF4, 0xF4, 0xF4, 0xF4,
  0xF7, 0xF7, 0x20, 0x73, 0x6F, 0xD7, 0x73, 0x73, 0xB8, 0xD7, 0xDD, 0xDD, 0xDD, 0x36, 0xE2, 0x36,
  0x36, 0x0A, 0x61, 0x05, 0x08, 0x05, 0x05, 0x08, 0xE0, 0x1A, 0x05, 0x07, 0x3F, 0x12, 0x12, 0x12,
  0x0B, 0x12, 0x12, 0x06, 0x07, 0x08, 0xE0, 0xD7, 0x36, 0x36, 0xC2, 0x39, 0xD7, 0xE2, 0x41, 0xD7,
  0xD7, 0xB8, 0x3A, 0xB8, 0xB8, 0xD7, 0xD7, 0xDC, 0xF4, 0xF4, 0x75, 0xB5, 0xB5, 0x75, 0x7E, 0x7E,
  0x75, 0x7C, 0x7D, 0x7D, 0x7D, 0x7D, 0x7D, 0x7D, 0x7D, 0x7D, 0x7D, 0x7D, 0x7D, 0x7D, 0x7D, 0x4E,
  0x4E, 0x4E, 0x4E, 0x4E, 0x7D, 0x7D, 0x7D, 0x7D, 0x7D, 0x7D, 0x7D, 0x7D, 0x7D, 0x7D, 0x7D, 0x4F,
  0x7D, 0x7D, 0x4E, 0x7D, 0x7D, 0x7D, 0x7D, 0x4E, 0x7D, 0x7D, 0x7D, 0x4E, 0x7D, 0x4E, 0x4E, 0x4F,
  0x4F, 0x7D, 0x4E, 0x7C, 0x4E, 0x4E, 0x4E, 0x4E, 0x4E, 0x4E, 0x4E, 0x4E, 0x7D, 0x7D, 0x4E, 0x4E,
  0x7D, 0x7D, 0x7D, 0x4E, 0x4E, 0x4E, 0x7D, 0x7D, 0x7D, 0x7D, 0x7D, 0x7D, 0x7D, 0x7D, 0x7D, 0x7D,
  0xBD, 0x4E, 0x4E, 0x7D, 0x7D, 0x7D, 0x7D, 0x7D, 0x7D, 0x7D, 0x7D, 0x7D, 0x7D, 0x7D, 0x7D, 0x7D,
  0x7D, 0x7D, 0x7D, 0x7D, 0x7D, 0x4E, 0x4E, 0x4E, 0x4F, 0x4E, 0x7D, 0x7D, 0x7D, 0x7D, 0x7D, 0x7D,
  0x7D, 0x7D, 0x7D, 0x7D, 0x7D, 0x4F, 0x7D, 0x7D, 0x7D, 0x7D, 0x7D, 0x7D, 0x7D, 0x4E, 0x7D, 0x7D,
  0x7D, 0x4E, 0x7D, 0x4E, 0x4E, 0x4F, 0x4F, 0x4F, 0x7D, 0x7D, 0x4E, 0x4E, 0x4E, 0x4E, 0x4E, 0x4E,
  0x4E, 0x7D, 0x4E, 0x4E, 0x4E, 0x4E, 0x4E, 0x4E, 0x4E, 0x4E, 0x4E, 0x4E, 0x4E, 0x4E, 0x4E, 0x4E,
  0x4E, 0x4E, 0x4E, 0x4E, 0x4E, 0x4E, 0x4E, 0x4E, 0x7C, 0x7C, 0x7C, 0xB5, 0xB5, 0xB5, 0xB5, 0xF4,
  0xF4, 0x20, 0x80, 0xB8, 0xD7, 0x0A, 0xD7, 0xB8, 0xD7, 0x36, 0xC8, 0xDD, 0xDD, 0xC8, 0x36, 0xDD,
  0xBA, 0x05, 0x05, 0x05, 0x08, 0x1A, 0x1A, 0x08, 0x08, 0x18, 0x05, 0x05, 0x3F, 0x12, 0x12, 0x12,
  0x0B, 0x12, 0x12, 0x06, 0x07, 0x1A, 0xC2, 0x3D, 0xD3, 0xE2, 0x36, 0xC2, 0x1A, 0xC2, 0x36, 0xC2,
  0x1A, 0xC2, 0x3A, 0xD7, 0xB8, 0xD7, 0x6F, 0xDC, 0x77, 0x77, 0xB5, 0xF4, 0xF4, 0x75, 0x75, 0x75,
  0xB5, 0x4E, 0x7D, 0x7D, 0x7D, 0x7D, 0x7D, 0x7D, 0x7D, 0x7D, 0x7D, 0x7D, 0x7D, 0x7D, 0x7D, 0x7D,
  0x7D, 0x7D, 0x7D, 0x7D, 0x7D, 0x7D, 0x7D, 0x7D, 0x7D, 0x7D, 0x7D, 0x7D, 0x7D, 0x7D, 0x7D, 0x7D,
  0x7D, 0x7D, 0x7D, 0x7D, 0x7D, 0x7D, 0x7D, 0x7D, 0x7D, 0x7D, 0x4E, 0x4E, 0x4E, 0x4E, 0x4E, 0x7D,
  0x7D, 0x7D, 0x4E, 0x4E, 0x4E, 0xB5, 0x4E, 0x7D, 0x4F, 0x4E, 0x7D, 0x4E, 0x4E, 0x4E, 0x7D, 0x7D,
  0x7D, 0x7D, 0x7D, 0x7D, 0x7D, 0x4E, 0x7D, 0x7D, 0x4E, 0x4E, 0x7D, 0x7D, 0x4E, 0x4E, 0x7D, 0x4E,
  0x4E, 0x4E, 0x7D, 0x7D, 0x7D, 0x7D, 0x7D, 0x7D, 0x7D, 0x7D, 0x7D, 0x7D, 0x7D, 0x7D, 0x7D, 0x7D,
  0x7D, 0x7D, 0x7D, 0x7D, 0x7D, 0x7D, 0x7D, 0x7D, 0x7D, 0x7D, 0x7D, 0x7D, 0x7D, 0x7D, 0x7D, 0x7D,
  0x7D, 0x7D, 0x7D, 0x7D, 0x7D, 0x7D, 0x7D, 0x7D, 0x7D, 0x7D, 0x7D, 0x7D, 0x7D, 0x7D, 0x7D, 0x7D,
  0x4E, 0x4E, 0x4E, 0x4E, 0x4E, 0x7D, 0x7D, 0x7D, 0x7D, 0x7D, 0x4E, 0x7D, 0x4F, 0x4F, 0x4E, 0x4E,
  0x7D, 0x4E, 0x4E, 0x4E, 0x4E, 0x4E, 0x7D, 0x4E, 0x4E, 0x4E, 0x4E, 0x4E, 0x4E, 0x4E, 0x4E, 0x4E,
  0x4E, 0x4E, 0x4E, 0x92, 0x92, 0x92, 0x4E, 0x92, 0x7C, 0x7C, 0x7C, 0x92, 0xB5, 0x4E, 0x92, 0xF4,
  0xF4, 0xF7, 0x73, 0xB8, 0xD7, 0xB8, 0xBA, 0xD7, 0xC2, 0xDD, 0xC8, 0xDD, 0xDD, 0x36, 0xC2, 0xB8,
  0x1A, 0x05, 0x05, 0x05, 0x1A, 0xBA, 0xE0, 0xE0, 0x1A, 0x05, 0x05, 0x05, 0x01, 0x12, 0x12, 0x12,
  0x0B, 0x12, 0x12, 0x06, 0x07, 0x1A, 0x1A, 0xC2, 0xDD, 0xD3, 0x36, 0x36, 0xC2, 0x1A, 0x1A, 0xC2,
  0xC2, 0xD7, 0xE2, 0xE2, 0xE2, 0xD3, 0xDD, 0xD3, 0x84, 0x84, 0xF4, 0x84, 0x77, 0x77, 0x77, 0xF4,
  0xF4, 0xF4, 0x4E, 0x92, 0x7D, 0x7D, 0x4F, 0x92, 0x4E, 0x4F, 0x4F, 0x92, 0x7D, 0x7C, 0x92, 0x7D,
  0x92, 0x92, 0x4F, 0x92, 0xB5, 0x92, 0x4F, 0x92, 0x92, 0x92, 0x92, 0x92, 0x92, 0x92, 0x7D, 0x92,
  0x92, 0x4E, 0xB5, 0x4E, 0x4E, 0x7D, 0x4F, 0xB5, 0xB5, 0x7C, 0xB5, 0x4E, 0x4F, 0x4E, 0x75, 0x4E,
  0x4E, 0x4F, 0x4E, 0xF9, 0xF9, 0xF4, 0xF9, 0x74, 0xF9, 0x4E, 0x4E, 0xF9, 0xCB, 0x4E, 0x4E, 0x4E,
  0xCB, 0x81, 0xF9, 0x7E, 0x4E, 0xCB, 0x4E, 0xF4, 0xF4, 0xB5, 0xCB, 0x4E, 0xF9, 0xF9, 0xF9, 0x4E,
  0xF9, 0xF9, 0x4E, 0xF4, 0x4E, 0xCB, 0x4E, 0x4E, 0x4E, 0x4E, 0x4F, 0x7D, 0x7D, 0x92, 0x7C, 0x4E,
  0x4F, 0x4E, 0x7D, 0x92, 0x92, 0x7D, 0x4E, 0xB5, 0x92, 0x92, 0x92, 0x92, 0x92, 0x92, 0x92, 0x92,
  0x92, 0x92, 0x92, 0x92, 0x7D, 0x92, 0x4E, 0x4E, 0xB5, 0x4E, 0xB5, 0x4F, 0x7D, 0x7E, 0x7E, 0x4E,
  0xB5, 0x4E, 0x4E, 0x4E, 0x75, 0x4E, 0x4E, 0x4E, 0x4F, 0xF4, 0xF4, 0x4E, 0x74, 0xF4, 0x4E, 0x4E,
  0xB5, 0xDC, 0xDC, 0x4E, 0xCB, 0x4E, 0x4E, 0xB5, 0x4E, 0x4E, 0xB5, 0xB5, 0x4E, 0xB5, 0xB5, 0x4E,
  0xB5, 0xB5, 0xB5, 0x4E, 0x92, 0xB5, 0xB5, 0xF4, 0xB5, 0xB5, 0xF4, 0xF4, 0xDC, 0xF7, 0xF4, 0xF7,
  0xDC, 0xDC, 0xFA, 0xD3, 0xDD, 0x36, 0xD7, 0xC2, 0x3A, 0xDD, 0xD3, 0x36, 0x3D, 0x3D, 0x1A, 0x1A,
  0x05, 0x05, 0x07, 0x08, 0xE0, 0xBA, 0xE0, 0xE0, 0x08, 0x05, 0x05, 0x05, 0x01, 0x12, 0x12, 0x12,
  0x0B, 0x12, 0x12, 0x06, 0x07, 0x07, 0x1A, 0x1A, 0xE0, 0x3D, 0xD7, 0x36, 0xD7, 0x1A, 0x0A, 0xD7,
  0xE2, 0xDD, 0xDD, 0xC8, 0xE2, 0xDD, 0xC8, 0xC8, 0xE2, 0xD3, 0xD3, 0xED, 0xA5, 0xA5, 0xE2, 0xDC,
  0xD3, 0xED, 0xDC, 0xDC, 0xFA, 0xF4, 0xDC, 0xDC, 0xDC, 0xA5, 0xDC, 0xDC, 0x77, 0xDC, 0xDC, 0xFA,
  0xDC, 0xDC, 0x77, 0xFA, 0xDC, 0x77, 0xF4, 0xF4, 0xF4, 0xF4, 0xDC, 0xF4, 0xF4, 0xF4, 0xF4, 0xF4,
  0xF4, 0xDC, 0xDC, 0xDC, 0xDC, 0xF9, 0xDC, 0xDC, 0xF9, 0xF6, 0xE8, 0xF6, 0xF9, 0xDC, 0xD3, 0xF6,
  0xE8, 0xF6, 0xF9, 0xE8, 0xE8, 0xF6, 0xF6, 0xE9, 0xF6, 0xF6, 0xE8, 0xF6, 0xF6, 0xF6, 0xF6, 0xF6,
  0xF9, 0xF6, 0xF6, 0xDC, 0xF9, 0xF9, 0xFA, 0xDC, 0xE8, 0xF6, 0xF6, 0xD3, 0xC8, 0xF6, 0xF6, 0xF9,
  0xF6, 0xF6, 0xF6, 0xF6, 0xF9, 0xF9, 0xDC, 0xF9, 0xF4, 0xF4, 0xF4, 0xB5, 0xF7, 0xF7, 0xF4, 0xF4,
  0xF4, 0xF7, 0xB5, 0xF4, 0x77, 0xF4, 0xF4, 0x74, 0xB5, 0xF7, 0xF7, 0x77, 0x63, 0xB5, 0xF7, 0x92,
  0xF4, 0xF4, 0xB5, 0xB5, 0x74, 0xF7, 0xB5, 0xF4, 0xFA, 0xF7, 0xFA, 0xF4, 0xF4, 0xF4, 0xF7, 0xF4,
  0xDC, 0xFA, 0x74, 0xF7, 0xF7, 0x74, 0xF4, 0xF9, 0xF9, 0xF6, 0xC8, 0xF6, 0xF6, 0xD3, 0xFA, 0xFA,
  0xD3, 0xD3, 0xD3, 0xFA, 0x74, 0x77, 0xF4, 0xFA, 0xFA, 0xF4, 0xF4, 0xF7, 0x74, 0xFA, 0xFA, 0xFA,
  0xF4, 0xFA, 0xFA, 0xFA, 0xBC, 0xDC, 0xF7, 0xDC, 0xF7, 0xF4, 0xDC, 0x73, 0x20, 0x20, 0x80, 0x20,
  0xD3, 0xD3, 0xD3, 0xDD, 0xDD, 0xDD, 0xD3, 0xB8, 0xC2, 0xDD, 0x36, 0xC2, 0xE0, 0x1A, 0x18, 0x18,
  0x18, 0x18, 0x1A, 0xE0, 0x36, 0x52, 0xE0, 0x1A, 0x07, 0x05, 0x18, 0x05, 0x01, 0x12, 0x12, 0x12,
  0x3F, 0x12, 0x12, 0x3F, 0x07, 0x1A, 0x07, 0x18, 0x1A, 0x08, 0x1A, 0xE0, 0xD7, 0x1A, 0x3A, 0xE2,
  0xDD, 0xE2, 0xE2, 0x40, 0x85, 0xED, 0xDD, 0xDD, 0xE2, 0xD3, 0xDD, 0xDD, 0xE2, 0xD3, 0xD3, 0xDD,
  0xD3, 0xC8, 0xC8, 0xD3, 0xC8, 0xC8, 0xC8, 0xED, 0xFA, 0xD3, 0xD3, 0xE2, 0xC8, 0xC8, 0xC8, 0xC8,
  0xC8, 0xD3, 0xD3, 0xD3, 0xD3, 0xF9, 0xD3, 0xC8, 0xC8, 0xD3, 0xF6, 0xED, 0xA5, 0xD3, 0xD3, 0xD3,
  0xD3, 0xD3, 0xED, 0xD3, 0xD3, 0xD3, 0xC8, 0xC8, 0xD3, 0xC8, 0x40, 0xED, 0xC8, 0xED, 0xED, 0xED,
  0xE8, 0xC8, 0xE8, 0xF6, 0xF6, 0xED, 0xED, 0xED, 0xD3, 0xFA, 0xD3, 0xED, 0xF6, 0xC8, 0xED, 0xED,
  0xED, 0xED, 0xD3, 0xD3, 0xD3, 0xD3, 0xFA, 0xD3, 0xFA, 0x74, 0xA5, 0xE2, 0xA5, 0xA5, 0xA5, 0xED,
  0xD3, 0xA5, 0xA5, 0xD3, 0xDC, 0xD3, 0xDC, 0xDC, 0xFA, 0x80, 0xDC, 0xFA, 0x20, 0x80, 0x20, 0x20,
  0x80, 0x80, 0x20, 0x80, 0x80, 0x80, 0xF7, 0xF7, 0x20, 0x20, 0xF7, 0x80, 0x20, 0x20, 0x20, 0x20,
  0x77, 0xF7, 0xF7, 0xDC, 0xDC, 0xDC, 0x20, 0xDC, 0x20, 0x80, 0x80, 0x73, 0x73, 0xDC, 0xDC, 0xA5,
  0xA5, 0xA5, 0x73, 0x73, 0x20, 0x80, 0xA5, 0xA5, 0xD3, 0xD3, 0xD3, 0xFA, 0xD3, 0xD3, 0xA5, 0xA5,
  0xA5, 0xD3, 0xD3, 0xB8, 0x80, 0x80, 0x20, 0xD3, 0x20, 0x20, 0xD3, 0x80, 0x73, 0xFA, 0x20, 0xB8,
  0x80, 0x73, 0x50, 0x50, 0x20, 0x20, 0x20, 0x20, 0x73, 0x20, 0x73, 0xB8, 0xB8, 0xB8, 0xD7, 0xD7,
  0xD3, 0xD3, 0xD7, 0xD7, 0xD7, 0xA5, 0xD3, 0xB8, 0xB8, 0x3D, 0xD7, 0x1A, 0x18, 0x18, 0x07, 0x05,
  0x07, 0x1A, 0xE0, 0x52, 0xE0, 0xE0, 0xE0, 0x18, 0x05, 0x05, 0x07, 0x07, 0x01, 0x12, 0x12, 0x12,
  0x3F, 0x12, 0x12, 0x06, 0x08, 0x1A, 0xE0, 0xE0, 0x1A, 0x1A, 0x1A, 0x1A, 0x1A, 0x39, 0xD7, 0x38,
  0xDD, 0x36, 0x3A, 0xD4, 0xD3, 0xE2, 0xD7, 0xD7, 0xD7, 0xD7, 0xD7, 0xD7, 0x3A, 0xD7, 0xD7, 0x3A,
  0xD7, 0xD7, 0x3A, 0x3A, 0xD7, 0xA5, 0xE2, 0xD4, 0xD7, 0xD7, 0xD7, 0xD7, 0xD3, 0xD7, 0xD7, 0xD4,
  0xD7, 0xD7, 0x6F, 0x6F, 0x84, 0xD7, 0xA5, 0xD7, 0xD7, 0xB8, 0xD7, 0x84, 0x6F, 0x6F, 0x84, 0xD4,
  0xA5, 0xD7, 0xA5, 0xA5, 0xA5, 0xD7, 0x84, 0x84, 0x84, 0x84, 0xDC, 0xA5, 0xA5, 0xD4, 0xD7, 0x84,
  0x84, 0xA5, 0x84, 0xE2, 0xD3, 0xA5, 0x84, 0x3A, 0xA5, 0x84, 0x84, 0xDC, 0xA5, 0xA5, 0xA5, 0xA5,
  0x84, 0xA5, 0xDC, 0xA5, 0xDC, 0xA5, 0xA5, 0xA5, 0xA5, 0xA5, 0xA5, 0xA5, 0xA5, 0x84, 0xDC, 0xDC,
  0xA5, 0x77, 0xF4, 0xF4, 0x77, 0xDC, 0xA5, 0x77, 0xF7, 0x80, 0xA5, 0x80, 0x80, 0xDC, 0x20, 0xA5,
  0x80, 0x77, 0x77, 0xF7, 0x77, 0x80, 0x20, 0x73, 0x80, 0x77, 0x77, 0x77, 0x20, 0x20, 0x80, 0x77,
  0x20, 0x80, 0x80, 0x80, 0xDC, 0xF7, 0xDC, 0x77, 0x77, 0xDC, 0xDC, 0xDC, 0x80, 0xF7, 0xDC, 0xDC,
  0xDC, 0xF7, 0xF7, 0x77, 0xDC, 0xA5, 0x73, 0x80, 0x80, 0x80, 0xDC, 0xDC, 0xA5, 0xA5, 0xA5, 0xA5,
  0xDC, 0x73, 0xA5, 0x73, 0xDC, 0x80, 0x73, 0x73, 0xA5, 0x20, 0xDC, 0xDC, 0x80, 0x80, 0x80, 0xDC,
  0x80, 0x80, 0x20, 0x80, 0x80, 0x80, 0x80, 0x80, 0x20, 0x20, 0x73, 0x73, 0x73, 0x73, 0x6F, 0x6F,
  0x6F, 0xD7, 0x6F, 0xB8, 0x6F, 0xD7, 0xD7, 0xD7, 0xD3, 0xD7, 0x1A, 0x05, 0x07, 0x1A, 0x05, 0x05,
  0x08, 0xE0, 0xE0, 0x36, 0x52, 0x08, 0x08, 0x05, 0x05, 0x05, 0x07, 0x05, 0x01, 0x12, 0x12, 0x12,
  0x3F, 0x12, 0x12, 0x06, 0x08, 0x36, 0xDD, 0x36, 0x1A, 0x1A, 0x1A, 0x1A, 0x1A, 0x0A, 0x0A, 0x3A,
  0x3A, 0x3A, 0xD7, 0xD7, 0x3A, 0x3A, 0x0A, 0xD7, 0xB8, 0x50, 0x73, 0x6F, 0x6F, 0x73, 0x73, 0x80,
  0xA5, 0x6F, 0x80, 0x20, 0x80, 0x6F, 0x80, 0xF7, 0xDC, 0x73, 0xDC, 0xDC, 0xDC, 0x80, 0x80, 0x80,
  0x80, 0x80, 0xF7, 0xF7, 0xF7, 0xF7, 0xF7, 0x80, 0xDC, 0xF4, 0xF7, 0xF7, 0xF7, 0xF7, 0x77, 0xDC,
  0xF7, 0x77, 0xF4, 0xF4, 0xF4, 0x77, 0xDC, 0xF4, 0xF4, 0x77, 0xDC, 0xF7, 0xF7, 0xDC, 0x77, 0xF4,
  0xF7, 0x77, 0xDC, 0xDC, 0xF4, 0x74, 0x77, 0xDC, 0xF4, 0xF4, 0xF4, 0xF4, 0xB5, 0xF4, 0xF4, 0xF4,
  0xB5, 0xB5, 0xB5, 0xB5, 0xB5, 0xB5, 0xB5, 0xF4, 0xF4, 0xF4, 0x7C, 0x7E, 0x7E, 0x7E, 0x7C, 0x4E,
  0x7C, 0x4E, 0x7C, 0x7E, 0x7C, 0x7E, 0x7E, 0x4E, 0xB5, 0xDC, 0xDC, 0x73, 0x80, 0xF4, 0xF7, 0xA5,
  0x20, 0xDC, 0xDC, 0xDC, 0xDC, 0xDC, 0xDC, 0x80, 0xF7, 0xF7, 0xF7, 0xF7, 0xF7, 0xDC, 0xDC, 0xF4,
  0xF4, 0xF7, 0xF7, 0xF7, 0xF7, 0x80, 0xF7, 0xF7, 0xF4, 0xF4, 0xF4, 0xF7, 0x77, 0xF7, 0xF4, 0xF7,
  0x77, 0xF7, 0xF4, 0x77, 0x77, 0xF4, 0xF7, 0x77, 0xDC, 0xDC, 0x75, 0x75, 0xB5, 0x75, 0xF4, 0xB5,
  0x92, 0xF4, 0xF7, 0xF4, 0xB5, 0xB5, 0xF4, 0xF4, 0x4E, 0x92, 0xF4, 0xB5, 0xB5, 0xF4, 0xF4, 0xB5,
  0x92, 0xB5, 0x92, 0xB5, 0xB5, 0xB5, 0xB5, 0xF4, 0xF4, 0xF4, 0xF7, 0x77, 0xF4, 0xF7, 0xF7, 0x77,
  0x80, 0x80, 0xDC, 0x80, 0x73, 0x73, 0x6F, 0xD7, 0xD7, 0x1A, 0x39, 0x39, 0x39, 0x0A, 0x39, 0x1A,
  0xE0, 0xE0, 0xC2, 0x3D, 0xE0, 0x1A, 0x05, 0x05, 0x61, 0x05, 0x05, 0x05, 0x01, 0x12, 0x12, 0x12,
  0x3F, 0x12, 0x12, 0x06, 0xE0, 0x36, 0xE2, 0xD7, 0x1A, 0x1A, 0x08, 0x08, 0x39, 0x0A, 0x1A, 0xC2,
  0xD7, 0xD3, 0xE2, 0xD4, 0xD7, 0xB8, 0xA5, 0x6F, 0x73, 0xA5, 0xA5, 0xDC, 0x77, 0xDC, 0xF7, 0xB5,
  0xF7, 0xF7, 0xF4, 0xF4, 0xF7, 0xF7, 0xF4, 0xF4, 0xF7, 0xF7, 0xF4, 0xF4, 0x75, 0x75, 0xF4, 0xF4,
  0xF4, 0xF4, 0xB5, 0x7E, 0x75, 0x75, 0x75, 0x75, 0xB5, 0xB5, 0x75, 0xB5, 0x75, 0xB5, 0xB5, 0xB5,
  0xB5, 0xB5, 0xB5, 0x7C, 0x75, 0x7E, 0x7C, 0x7C, 0x92, 0x75, 0x75, 0x7E, 0x7C, 0x75, 0x75, 0x75,
  0x7E, 0x75, 0x75, 0xB5, 0x7E, 0x7C, 0x4E, 0x7C, 0x7C, 0x7C, 0x7C, 0x7C, 0x7C, 0x7C, 0x7C, 0x4E,
  0x4E, 0x4E, 0x4E, 0x4E, 0x4E, 0x4E, 0x4E, 0x4E, 0x92, 0x4E, 0x4E, 0x4E, 0x4E, 0x4E, 0x4E, 0x4E,
  0x4E, 0x4E, 0x4E, 0x4E, 0x4E, 0x4E, 0x4E, 0x4E, 0x92, 0xF7, 0xF7, 0xF7, 0xF4, 0xF4, 0xF7, 0xF7,
  0xF7, 0xF4, 0xF4, 0x75, 0xF4, 0xF4, 0xF4, 0xF4, 0xB5, 0x7E, 0x75, 0xF4, 0xB5, 0x75, 0x75, 0xB5,
  0x75, 0xB5, 0xB5, 0xB5, 0xB5, 0xB5, 0xB5, 0xB5, 0x75, 0x7C, 0x7E, 0x75, 0x7C, 0x7C, 0x92, 0x7E,
  0x75, 0x7E, 0x7C, 0x75, 0x75, 0x75, 0x75, 0x75, 0x75, 0x75, 0x4E, 0x4E, 0x4E, 0x7C, 0x7C, 0x4E,
  0x4E, 0x4E, 0x4E, 0x4E, 0x4E, 0x4E, 0x4E, 0x4E, 0x4E, 0x4E, 0x4E, 0x4E, 0x7D, 0x4E, 0x4E, 0x4E,
  0x4E, 0x4E, 0x4E, 0x4E, 0x4E, 0x4E, 0x4E, 0x7C, 0x75, 0xB5, 0xF4, 0xF4, 0x4E, 0x92, 0x75, 0xB5,
  0xF7, 0xF7, 0x77, 0x80, 0x6F, 0x6F, 0x6F, 0x39, 0x0A, 0x0A, 0xD7, 0x0A, 0x39, 0x0A, 0x08, 0x39,
  0xBA, 0xD7, 0xE0, 0xE0, 0x08, 0x07, 0x05, 0x05, 0x05, 0x05, 0x05, 0x05, 0x01, 0x12, 0x12, 0x12,
  0x3F, 0x12, 0x12, 0x06, 0x1A, 0xE0, 0xC2, 0xC2, 0x1A, 0x08, 0x08, 0x08, 0x0A, 0x0A, 0x0A, 0xE0,
  0xD7, 0xE2, 0xF9, 0xDC, 0x84, 0x73, 0xA5, 0xA5, 0xDC, 0xA5, 0xDC, 0xF7, 0x21, 0xF4, 0xB5, 0xB5,
  0xF4, 0x75, 0x7E, 0x7E, 0x7E, 0x75, 0x75, 0x21, 0x21, 0x21, 0x75, 0x75, 0x7E, 0x75, 0x75, 0xB5,
  0x75, 0x75, 0x75, 0x75, 0x75, 0x75, 0x75, 0x7E, 0x7C, 0x7C, 0x7C, 0x7C, 0x7C, 0x7C, 0x7C, 0x7C,
  0x7C, 0x7C, 0x7C, 0x7E, 0x7E, 0x4E, 0x4E, 0x7C, 0x7C, 0x7C, 0x4E, 0x4E, 0x4E, 0x4E, 0x7C, 0x7C,
  0x7C, 0x7C, 0x7C, 0x7C, 0x4E, 0x4E, 0x4E, 0x4E, 0x4E, 0x4E, 0x4E, 0x4E, 0x4E, 0x4E, 0x4E, 0x4E,
  0x4E, 0x4E, 0x4E, 0x4E, 0x4E, 0x4E, 0x4E, 0x4E, 0x4E, 0x4E, 0x4E, 0x4E, 0x4E, 0x4E, 0x4E, 0x4E,
  0x4E, 0x4E, 0x4E, 0x7D, 0x4E, 0x4E, 0x4E, 0x7D, 0x4E, 0x75, 0x7E, 0x75, 0x75, 0xF4, 0x21, 0x21,
  0x75, 0xB5, 0x7E, 0x75, 0x75, 0x75, 0x7E, 0x75, 0x75, 0x75, 0x75, 0x75, 0x7E, 0x75, 0x7C, 0x7C,
  0x7C, 0x7C, 0x7C, 0x7C, 0x7C, 0x7C, 0x7C, 0x7C, 0x7C, 0x7E, 0x7E, 0x7C, 0x4E, 0x7C, 0x7C, 0x7C,
  0x4E, 0x4E, 0x4E, 0x4E, 0x4E, 0x7C, 0x7C, 0x7C, 0x7C, 0x7C, 0x4E, 0x4E, 0x4E, 0x4E, 0x4E, 0x4E,
  0x4E, 0x7D, 0x7D, 0x4E, 0x7D, 0x4E, 0x4E, 0x4E, 0x4E, 0x4E, 0x7D, 0x4E, 0x4E, 0x4E, 0x4E, 0x4E,
  0x4E, 0x4E, 0x4E, 0x4E, 0x4E, 0x4E, 0x4E, 0x4E, 0x4E, 0x4E, 0xB5, 0xB5, 0x4E, 0x4E, 0xB5, 0x7C,
  0x7E, 0xB5, 0xF7, 0x80, 0x73, 0x73, 0x6F, 0x0A, 0x0A, 0xD7, 0xD7, 0x0A, 0x0A, 0x0A, 0x0A, 0xC2,
  0xD7, 0xE0, 0x1A, 0x08, 0x18, 0x05, 0x05, 0x05, 0x39, 0x05, 0x05, 0x15, 0x01, 0x12, 0x12, 0x12,
  0x0B, 0x12, 0x12, 0x06, 0x07, 0x1A, 0x1A, 0x36, 0xC2, 0x1A, 0x0A, 0x1A, 0x1A, 0xE0, 0x1A, 0xE0,
  0xC2, 0xE2, 0xF3, 0x3B, 0xA5, 0x6F, 0xDC, 0xDC, 0x77, 0xF4, 0xF4, 0xB5, 0x7E, 0xB5, 0x92, 0x4E,
  0x7C, 0x7E, 0x75, 0x75, 0x75, 0x7E, 0x7C, 0x75, 0x75, 0x7C, 0x7C, 0x92, 0x4E, 0x7C, 0x7C, 0x7C,
  0x7C, 0x7C, 0x92, 0x7C, 0x7C, 0x7C, 0x7C, 0x7C, 0x7C, 0x4E, 0x7C, 0x7C, 0x7C, 0x7C, 0x7C, 0x7C,
  0x7C, 0x7E, 0x7E, 0x7E, 0x7C, 0x4E, 0x7C, 0x7C, 0x7C, 0x7C, 0x7C, 0x4E, 0x4E, 0x4E, 0x7C, 0x4E,
  0x4E, 0x4E, 0x4E, 0x4E, 0x4E, 0x4E, 0x4E, 0x4E, 0x7D, 0x4E, 0x4E, 0x4E, 0x4E, 0x7D, 0x7D, 0x7D,
  0x7D, 0x7D, 0x7D, 0x4E, 0x4E, 0x4E, 0x7C, 0x4E, 0x4E, 0x4E, 0x4E, 0x4E, 0x4E, 0x4E, 0x4E, 0x4E,
  0x4E, 0x4E, 0x4E, 0x7D, 0x7D, 0x4E, 0x7D, 0x7D, 0x4E, 0x75, 0x75, 0x7E, 0x7C, 0x7E, 0x75, 0x7C,
  0x7C, 0x7C, 0x4E, 0x7C, 0x7C, 0x7E, 0x7C, 0x7C, 0x7C, 0x7C, 0x7C, 0x7C, 0x7C, 0x7C, 0x7C, 0x7C,
  0x7C, 0x7C, 0x7C, 0x7C, 0x7C, 0x7C, 0x7C, 0x7C, 0x7E, 0x7E, 0x7C, 0x7C, 0x7C, 0x7C, 0x7C, 0x7C,
  0x7C, 0x7C, 0x4E, 0x4E, 0x7C, 0x4E, 0x4E, 0x4E, 0x4E, 0x4E, 0x4E, 0x4E, 0x4E, 0x4E, 0x4E, 0x4E,
  0x4E, 0x4E, 0x4E, 0x4E, 0x4E, 0x4E, 0x4E, 0x4E, 0x4E, 0x4E, 0x4E, 0x4E, 0x4E, 0x4E, 0x4E, 0x4E,
  0x4E, 0x4E, 0x4E, 0x4E, 0x4E, 0x4E, 0x4E, 0x4E, 0x4E, 0x7C, 0x7C, 0x7C, 0x7C, 0x92, 0x7C, 0x7C,
  0x7C, 0xF4, 0xF4, 0x77, 0x80, 0x80, 0x73, 0xD7, 0xD7, 0xD7, 0x6F, 0x0A, 0x0A, 0x0A, 0xC2, 0x36,
  0x3D, 0xE0, 0x18, 0x07, 0x05, 0x05, 0x05, 0x05, 0x1A, 0x1A, 0x05, 0x05, 0x01, 0x12, 0x12, 0x14,
  0x0B, 0x12, 0x12, 0x06, 0x05, 0x07, 0x1A, 0xD7, 0x36, 0x1A, 0x1A, 0x1C, 0x41, 0xC2, 0xC2, 0xC2,
  0xC2, 0x40, 0xF9, 0xF9, 0x85, 0xD7, 0xA5, 0x74, 0x75, 0x7C, 0x7C, 0x75, 0x75, 0x7C, 0x4E, 0x4E,
  0x7C, 0xF4, 0xF4, 0x7E, 0x7E, 0x7E, 0x7E, 0x7E, 0x75, 0x7E, 0x7C, 0x7C, 0x7C, 0x7C, 0x7C, 0x7E,
  0x7C, 0x7C, 0x7C, 0x7C, 0x4E, 0x4E, 0x7C, 0x7C, 0x4E, 0x4E, 0x7C, 0x7C, 0x7C, 0x4E, 0x7C, 0x7C,
  0x4E, 0x4E, 0x7C, 0x7C, 0x4E, 0x4E, 0x7C, 0x7C, 0x7C, 0x7C, 0x7C, 0x4E, 0x4E, 0x4E, 0x4E, 0x4E,
  0x4E, 0x4E, 0x7D, 0x4E, 0x4E, 0x4E, 0x4E, 0x4E, 0x4E, 0x4E, 0x4E, 0x4E, 0x4E, 0x4E, 0x4E, 0x7D,
  0x7D, 0x7D, 0x7D, 0x7D, 0x7D, 0x7D, 0x4E, 0x7D, 0x7D, 0x4E, 0x4E, 0x4E, 0x4E, 0x4E, 0x7D, 0x7D,
  0x7D, 0x7D, 0x4E, 0x4E, 0x4E, 0x4E, 0x4E, 0x7D, 0x4E, 0x75, 0x7C, 0x7E, 0x7E, 0x7E, 0x75, 0x7E,
  0x7C, 0x7C, 0x7C, 0x7C, 0x7C, 0x7E, 0x7C, 0x7C, 0x7C, 0x7C, 0x4E, 0x4E, 0x4E, 0x7C, 0x4E, 0x4E,
  0x7C, 0x7C, 0x7C, 0x4E, 0x7C, 0x7C, 0x4E, 0x4E, 0x7C, 0x7C, 0x4E, 0x4E, 0x7C, 0x7C, 0x7C, 0x7C,
  0x7C, 0x4E, 0x4E, 0x4E, 0x4E, 0x4E, 0x4E, 0x4E, 0x4E, 0x4E, 0x4E, 0x4E, 0x4E, 0x4E, 0x4E, 0x4E,
  0x4E, 0x4E, 0x4E, 0x4E, 0x4E, 0x4E, 0x4E, 0x4E, 0x4E, 0x4E, 0x4E, 0x4E, 0x4E, 0x4E, 0x4E, 0x4E,
  0x4E, 0x4E, 0x4E, 0x4E, 0x4E, 0x4E, 0x4E, 0x4E, 0x4E, 0x4E, 0x7C, 0x4E, 0x7C, 0x75, 0x7C, 0x7E,
  0x7E, 0xB5, 0xB5, 0xF4, 0xF4, 0xA5, 0xE2, 0xE2, 0xED, 0xDC, 0xD7, 0xD7, 0x0A, 0x0A, 0x0A, 0x3D,
  0xBA, 0x1A, 0x18, 0x05, 0x18, 0x07, 0x08, 0x08, 0x08, 0x18, 0x05, 0x05, 0x01, 0x12, 0x12, 0x14,
  0x0B, 0x12, 0x12, 0x06, 0x05, 0x1A, 0x1A, 0xD7, 0x36, 0xC2, 0x3A, 0xF8, 0x91, 0xB8, 0xE0, 0x0A,
  0x39, 0xD7, 0xD7, 0x3A, 0xD7, 0xD7, 0x84, 0x77, 0x7C, 0x7C, 0x75, 0x7E, 0xF4, 0x75, 0x75, 0x4E,
  0x7E, 0x75, 0x75, 0x75, 0x4E, 0x7C, 0x7C, 0x7C, 0x7C, 0x7C, 0x7C, 0x7C, 0x7C, 0x7C, 0x7C, 0x7C,
  0x4E, 0x4E, 0x4E, 0x4E, 0x4E, 0x4E, 0x7C, 0x7C, 0x7C, 0x7C, 0x7C, 0x7C, 0x7C, 0x7E, 0x7C, 0x4E,
  0x4E, 0x7C, 0x7C, 0x7C, 0x4E, 0x4E, 0x4E, 0x4E, 0x4E, 0x4E, 0x4E, 0x4E, 0x4E, 0x4E, 0x4E, 0x4E,
  0x4E, 0x4E, 0x4E, 0x4E, 0x4E, 0x4E, 0x4E, 0x7D, 0x4E, 0x4E, 0x4E, 0x4E, 0x4E, 0x7C, 0x7C, 0x4E,
  0x7D, 0x7D, 0x7D, 0x7D, 0x7D, 0x7D, 0x7D, 0x7D, 0x7D, 0x7D, 0x7D, 0x4E, 0x4E, 0x4E, 0x7D, 0x7D,
  0x7D, 0x7D, 0x7D, 0x7D, 0x7D, 0x7D, 0x4E, 0x7D, 0x4E, 0x75, 0x4E, 0x7C, 0x7C, 0x7C, 0x7C, 0x7C,
  0x7C, 0x7C, 0x7C, 0x7C, 0x7C, 0x7C, 0x4E, 0x4E, 0x4E, 0x4E, 0x4E, 0x4E, 0x7C, 0x7C, 0x7C, 0x7C,
  0x7C, 0x7C, 0x7C, 0x7E, 0x7C, 0x7C, 0x4E, 0x7C, 0x7C, 0x7C, 0x4E, 0x4E, 0x4E, 0x4E, 0x4E, 0x4E,
  0x4E, 0x7C, 0x4E, 0x4E, 0x4E, 0x4E, 0x4E, 0x4E, 0x4E, 0x4E, 0x4E, 0x4E, 0x4E, 0x4E, 0x4E, 0x4E,
  0x4E, 0x4E, 0x4E, 0x4E, 0x4E, 0x4E, 0x4E, 0x4E, 0x4E, 0x4E, 0x4E, 0x4E, 0x4E, 0x4E, 0x4E, 0x7D,
  0x4E, 0x4E, 0x4E, 0x7C, 0x4E, 0x4E, 0x4E, 0x4E, 0x4E, 0x4E, 0x4E, 0x4E, 0x7C, 0x75, 0x75, 0x75,
  0x75, 0x75, 0xB5, 0xB5, 0xDC, 0xDC, 0xD3, 0xC8, 0xF9, 0xD3, 0xD7, 0x0A, 0x0A, 0xD7, 0xD7, 0xB8,
  0x1A, 0x18, 0x05, 0x05, 0x08, 0xE0, 0xE0, 0x0A, 0x08, 0x05, 0x05, 0x05, 0x3F, 0x12, 0x12, 0x14,
  0x0B, 0x12, 0x12, 0x06, 0x05, 0x1A, 0x1A, 0x1A, 0xC8, 0x40, 0xDD, 0xF9, 0x85, 0xE2, 0xD7, 0x1A,
  0x0A, 0x3A, 0x39, 0x0A, 0x0A, 0x6F, 0x80, 0xDC, 0xF4, 0xF4, 0xF4, 0x7C, 0x7C, 0xF4, 0x75, 0x75,
  0x7E, 0x7E, 0x7C, 0x4E, 0x4E, 0x4E, 0x4E, 0x7C, 0x7C, 0x7C, 0x7C, 0x7C, 0x7C, 0x4E, 0x7C, 0x7C,
  0x4E, 0x7C, 0x7C, 0x7C, 0x4E, 0x7C, 0x7C, 0x7C, 0x7C, 0x7C, 0x7C, 0x7C, 0x7E, 0x7E, 0x7C, 0x7C,
  0x4E, 0x7C, 0x7C, 0x7C, 0x4E, 0x4E, 0x4E, 0x4E, 0x4E, 0x4E, 0x4E, 0x4E, 0x4E, 0x4E, 0x4E, 0x4E,
  0x4E, 0x4E, 0x4E, 0x4E, 0x4E, 0x7D, 0x7D, 0x7D, 0x7D, 0x4E, 0x4E, 0x4E, 0x4E, 0x4E, 0x4E, 0x4E,
  0x7C, 0x4E, 0x7D, 0x4E, 0x7D, 0x7D, 0x4E, 0x7D, 0x7D, 0x7D, 0x7D, 0x7D, 0x7D, 0x7D, 0x7D, 0x7D,
  0x7D, 0x7D, 0x7D, 0x7D, 0x7D, 0x4E, 0x7D, 0x7D, 0x4E, 0x92, 0x4E, 0x4E, 0x4E, 0x4E, 0x7C, 0x4E,
  0x7C, 0x7C, 0x7C, 0x4E, 0x4E, 0x7C, 0x4E, 0x7C, 0x7C, 0x7C, 0x4E, 0x7C, 0x7C, 0x7C, 0x7C, 0x7C,
  0x7C, 0x7C, 0x7E, 0x7E, 0x7C, 0x7C, 0x4E, 0x7C, 0x7C, 0x7C, 0x4E, 0x4E, 0x4E, 0x4E, 0x4E, 0x4E,
  0x4E, 0x4E, 0x4E, 0x4E, 0x4E, 0x4E, 0x4E, 0x4E, 0x4E, 0x4E, 0x4E, 0x4E, 0x4E, 0x4E, 0x7D, 0x7D,
  0x7D, 0x7D, 0x7D, 0x4E, 0x4E, 0x4E, 0x4E, 0x4E, 0x4E, 0x4E, 0x4E, 0x4E, 0x4E, 0x4E, 0x4E, 0x4E,
  0x4E, 0x4E, 0x4E, 0x4E, 0x4E, 0x4E, 0x4E, 0x4E, 0x4E, 0x7E, 0x7C, 0x7C, 0x75, 0x75, 0x7E, 0x7E,
  0x7E, 0xB5, 0xB5, 0xF7, 0xA5, 0xA5, 0xA5, 0xA5, 0xE2, 0xD7, 0x0A, 0xD7, 0xD7, 0xD3, 0x36, 0xC2,
  0x1A, 0x05, 0x05, 0x07, 0xE0, 0xE0, 0xD7, 0xE0, 0x1A, 0x05, 0x05, 0x05, 0x01, 0x12, 0x12, 0x14,
  0x0B, 0x12, 0x12, 0x06, 0x07, 0x1A, 0x1A, 0x1A, 0x36, 0xD3, 0xED, 0xED, 0xDC, 0xF8, 0xF8, 0x36,
  0x1A, 0xC2, 0xC2, 0xD7, 0x6F, 0xA5, 0xDC, 0x77, 0xDC, 0xA5, 0xA5, 0x21, 0x7C, 0x4E, 0x7E, 0x7E,
  0x7C, 0x7C, 0x7C, 0x92, 0x7C, 0x7C, 0x4E, 0x4E, 0x7C, 0x7C, 0x7C, 0x7C, 0x7C, 0x7C, 0x7C, 0x7C,
  0x7C, 0x7C, 0x7C, 0x7C, 0x7C, 0x7C, 0x7C, 0x7C, 0x7E, 0x7C, 0x7C, 0x7C, 0x7E, 0x7C, 0x4E, 0x4E,
  0x4E, 0x4E, 0x7C, 0x4E, 0x4E, 0x4E, 0x4E, 0x4E, 0x4E, 0x4E, 0x4E, 0x4E, 0x4E, 0x4E, 0x4E, 0x4E,
  0x4E, 0x4E, 0x4E, 0x4E, 0x4E, 0x4E, 0x4E, 0x4E, 0x7D, 0x7D, 0x4E, 0x7D, 0x7D, 0x7D, 0x7D, 0x7D,
  0x7D, 0x4E, 0x4E, 0x4E, 0x7D, 0x7D, 0x7D, 0x7D, 0x4E, 0x7D, 0x7D, 0x7D, 0x7D, 0x4E, 0x7D, 0x4E,
  0x4E, 0x4E, 0x4E, 0x7D, 0x4E, 0x7D, 0x7D, 0x7D, 0x4E, 0x92, 0x7C, 0x7C, 0x4E, 0x4E, 0x7C, 0x7C,
  0x7C, 0x7C, 0x7C, 0x7C, 0x7C, 0x7C, 0x7C, 0x7C, 0x7C, 0x7C, 0x7C, 0x7C, 0x7C, 0x7C, 0x7C, 0x7C,
  0x7C, 0x7C, 0x7E, 0x7C, 0x4E, 0x4E, 0x4E, 0x4E, 0x7C, 0x4E, 0x4E, 0x4E, 0x4E, 0x4E, 0x4E, 0x4E,
  0x4E, 0x4E, 0x4E, 0x4E, 0x4E, 0x4E, 0x4E, 0x4E, 0x4E, 0x4E, 0x4E, 0x4E, 0x4E, 0x7D, 0x7D, 0x7D,
  0x7D, 0x7D, 0x7D, 0x7D, 0x7D, 0x4E, 0x7E, 0x75, 0x7E, 0x4E, 0x4E, 0x4E, 0x4E, 0x4E, 0x4E, 0x4E,
  0x4E, 0x4E, 0x4E, 0x4E, 0x4E, 0x4E, 0x4E, 0x4E, 0x4E, 0x7C, 0x7C, 0x4E, 0x75, 0x75, 0xB5, 0x7E,
  0x7E, 0xB5, 0xF4, 0xDC, 0xDC, 0xDC, 0xDC, 0xDC, 0x73, 0xD7, 0xD7, 0xD3, 0xDD, 0xD3, 0x36, 0xC2,
  0x0A, 0x07, 0x07, 0x08, 0xE0, 0x36, 0xD7, 0x1A, 0x39, 0x05, 0x05, 0x05, 0x01, 0x12, 0x12, 0x14,
  0x0B, 0x12, 0x12, 0x06, 0x07, 0x1A, 0x1A, 0x1A, 0x1A, 0xB8, 0xFA, 0xD3, 0xDC, 0xDC, 0xD3, 0x36,
  0x1A, 0xC2, 0xD7, 0xD7, 0x80, 0x80, 0xA5, 0xDC, 0xDC, 0xDC, 0x77, 0xF4, 0x75, 0x7C, 0x7C, 0x7C,
  0x7C, 0x7C, 0x92, 0x92, 0x7C, 0x4E, 0x7C, 0x7C, 0x7C, 0x7C, 0x92, 0x7C, 0x7C, 0x7C, 0x7C, 0x7C,
  0x7C, 0x7C, 0x7C, 0x7C, 0x7C, 0x7C, 0x7C, 0x7C, 0x4E, 0x4E, 0x4E, 0xB5, 0xB5, 0x92, 0x7C, 0x7C,
  0x7C, 0x4E, 0x4E, 0x4E, 0x4E, 0x4E, 0x4E, 0x4E, 0x4E, 0x4E, 0x4E, 0x4E, 0x4E, 0x4E, 0x4E, 0x4E,
  0x4E, 0x4E, 0x4E, 0x4E, 0x4E, 0x4E, 0x4E, 0x4E, 0x4E, 0x4E, 0x4E, 0x7D, 0x7D, 0x7D, 0x7D, 0x7D,
  0x7D, 0x4E, 0x7D, 0x7D, 0x7D, 0x7D, 0x7D, 0x7D, 0x7D, 0x7D, 0x7D, 0x7D, 0x7D, 0x7D, 0x4E, 0x4E,
  0x4E, 0x4E, 0x4E, 0x4E, 0x7D, 0x7D, 0x7D, 0x4E, 0x4E, 0x92, 0x7C, 0x4E, 0x7C, 0x7C, 0x7C, 0x7C,
  0x7C, 0x7C, 0x7C, 0x7C, 0x7C, 0x7C, 0x7C, 0x7C, 0x7C, 0x7C, 0x7C, 0x7C, 0x7C, 0x7C, 0x4E, 0x7C,
  0x4E, 0x7C, 0x7E, 0x92, 0x7C, 0x7C, 0x7C, 0x4E, 0x4E, 0x4E, 0x4E, 0x4E, 0x4E, 0x4E, 0x4E, 0x4E,
  0x4E, 0x4E, 0x4E, 0x4E, 0x4E, 0x4E, 0x4E, 0x4E, 0x4E, 0x4E, 0x7D, 0x4E, 0x4E, 0x7D, 0x7D, 0x7D,
  0x7D, 0x7D, 0x7D, 0x7D, 0x7D, 0x4E, 0x75, 0x7C, 0x7C, 0x4E, 0x4E, 0x4E, 0x4E, 0x7C, 0x7C, 0x7C,
  0x4E, 0x4E, 0x4E, 0x4E, 0x4E, 0x4E, 0x7C, 0x4E, 0x4E, 0x4E, 0x4E, 0x4E, 0x7C, 0x4E, 0x7C, 0x75,
  0xB5, 0xB5, 0xF4, 0xF4, 0xF4, 0x77, 0x77, 0xDC, 0xA5, 0xD7, 0xD3, 0xDD, 0xE2, 0x36, 0xD7, 0xC2,
  0x39, 0x1A, 0xE0, 0xD7, 0x36, 0x3D, 0x1A, 0x18, 0x07, 0x05, 0x05, 0x05, 0x3F, 0x12, 0x12, 0x14,
  0x0B, 0x12, 0x12, 0x06, 0x07, 0x1A, 0x08, 0x08, 0x1A, 0x41, 0x34, 0x0A, 0x4F, 0xB8, 0x39, 0xC2,
  0xC2, 0xC2, 0xD7, 0xD7, 0xA5, 0xA5, 0xA5, 0x77, 0xF4, 0xF4, 0xF4, 0xF4, 0x75, 0x75, 0x75, 0x7E,
  0x7E, 0x7C, 0x7C, 0x7C, 0x4E, 0x4E, 0x7C, 0x7C, 0x7C, 0x4E, 0x4E, 0x4E, 0x4E, 0x4E, 0x4E, 0x4E,
  0x7C, 0x7C, 0x7C, 0x7C, 0x7C, 0x7C, 0x4E, 0x4E, 0x4E, 0x4E, 0x4E, 0xB5, 0xF4, 0xB5, 0x7C, 0x4E,
  0x7C, 0x7C, 0x7C, 0x7C, 0x4E, 0x4E, 0x4E, 0x4E, 0x4E, 0x4E, 0x4E, 0x4E, 0x4E, 0x4E, 0x4E, 0x4E,
  0x4E, 0x4E, 0x4E, 0x4E, 0x4E, 0x7D, 0x7D, 0x7D, 0x7D, 0x7D, 0x7D, 0x7D, 0x7D, 0x7D, 0x7D, 0x7D,
  0x7D, 0x7D, 0x7D, 0x7D, 0x7D, 0x7D, 0x7D, 0x7D, 0x7D, 0x7D, 0x7D, 0x7D, 0x7D, 0x7D, 0x7D, 0x7D,
  0x7D, 0x7D, 0x7D, 0x7D, 0x7D, 0x7D, 0x7D, 0x7D, 0x4E, 0x7C, 0x4E, 0x4E, 0x7C, 0x4E, 0x7C, 0x4E,
  0x4E, 0x4E, 0x4E, 0x4E, 0x4E, 0x4E, 0x4E, 0x7C, 0x7C, 0x7C, 0x7C, 0x7C, 0x4E, 0x4E, 0x4E, 0x4E,
  0x4E, 0x75, 0x75, 0xB5, 0xB5, 0x4E, 0x7C, 0x7C, 0x7C, 0x7C, 0x4E, 0x4E, 0x4E, 0x4E, 0x4E, 0x4E,
  0x4E, 0x4E, 0x4E, 0x4E, 0x4E, 0x4E, 0x4E, 0x4E, 0x4E, 0x4E, 0x7D, 0x7D, 0x7D, 0x7D, 0x7D, 0x7D,
  0x7D, 0x7D, 0x7D, 0x7D, 0x7D, 0x7D, 0x4E, 0x4E, 0x4E, 0x4E, 0x4E, 0x4E, 0x4E, 0x7C, 0x4E, 0x7C,
  0x4E, 0x4E, 0x4E, 0x4E, 0x4E, 0x4E, 0x4E, 0x4E, 0x4E, 0x4E, 0x4E, 0x7C, 0x7C, 0x7C, 0xB5, 0xB5,
  0xB5, 0xB5, 0xB5, 0xB5, 0xF4, 0x77, 0xDC, 0xDC, 0x80, 0x84, 0xD3, 0xDD, 0xDD, 0x36, 0x1A, 0x39,
  0x39, 0x1A, 0x3D, 0x36, 0xD7, 0xE0, 0x05, 0x05, 0x11, 0x07, 0x05, 0x05, 0x01, 0x12, 0x12, 0x14,
  0x0B, 0x12, 0x12, 0x06, 0x07, 0x1A, 0x1A, 0x1A, 0x39, 0x0A, 0xBA, 0x39, 0x41, 0x22, 0x1A, 0xD7,
  0xC2, 0xC2, 0xE2, 0xE2, 0xED, 0xED, 0xC8, 0xE9, 0xF4, 0x7E, 0xB5, 0x75, 0x75, 0x7E, 0x75, 0x75,
  0x75, 0x75, 0xB5, 0x7C, 0x92, 0x4E, 0x92, 0x7C, 0x7C, 0x7C, 0x92, 0x4E, 0x4E, 0x4E, 0x4E, 0x4E,
  0x4E, 0x4E, 0x4E, 0x4E, 0x7C, 0x4E, 0x4E, 0x4E, 0xB5, 0xB5, 0x75, 0xF4, 0xF4, 0x4E, 0xBB, 0x7D,
  0x7C, 0x7C, 0x4E, 0x7C, 0x7C, 0x4E, 0x4E, 0x4E, 0x4E, 0x4E, 0x4E, 0x4E, 0x4E, 0x4E, 0x4E, 0x4E,
  0x4E, 0x4E, 0x4E, 0x4E, 0x4E, 0x7D, 0x7D, 0x7D, 0x7D, 0x7D, 0x4E, 0x4E, 0x4E, 0x4E, 0x4E, 0x4E,
  0x4E, 0x4E, 0x7D, 0x7D, 0x7D, 0x7D, 0x7D, 0x7D, 0x7D, 0x7D, 0x7D, 0x7D, 0x7D, 0x7D, 0x7D, 0x7D,
  0xBB, 0x7D, 0x7D, 0x7D, 0x7D, 0x7D, 0x7D, 0x7D, 0x4E, 0x7C, 0x7C, 0x4E, 0x92, 0x7C, 0x7C, 0x7C,
  0x7C, 0x4E, 0x4E, 0x4E, 0x4E, 0x4E, 0x4E, 0x4E, 0x4E, 0x4E, 0x7C, 0x7C, 0x4E, 0x4E, 0x7C, 0xB5,
  0x75, 0x75, 0xF4, 0xB5, 0xE7, 0x7D, 0x4E, 0x7C, 0x4E, 0x7C, 0x7C, 0x4E, 0x4E, 0x4E, 0x4E, 0x4E,
  0x4E, 0x4E, 0x4E, 0x4E, 0x4E, 0x4E, 0x4E, 0x4E, 0x4E, 0x4E, 0x7D, 0x7D, 0x7D, 0x7D, 0x7D, 0x7D,
  0x7D, 0x7D, 0x7D, 0x7D, 0x7D, 0x7D, 0x4E, 0x4E, 0x4E, 0x4E, 0x4E, 0x4E, 0x4E, 0x4E, 0x4E, 0x4E,
  0x7C, 0x4E, 0x4E, 0x4E, 0x4E, 0x4E, 0x4E, 0x4E, 0x4E, 0x4E, 0x4E, 0x7C, 0x92, 0x92, 0x7C, 0xB5,
  0x92, 0x92, 0xB5, 0xB5, 0xF7, 0x77, 0xDC, 0x80, 0x84, 0xD4, 0xD7, 0xDD, 0xD7, 0x0A, 0x1A, 0x11,
  0x39, 0xC2, 0xDD, 0x36, 0xD7, 0x1A, 0x07, 0x05, 0x05, 0x05, 0x05, 0x05, 0x01, 0x12, 0x12, 0x14,
  0x0B, 0x12, 0x12, 0x06, 0x1A, 0xC2, 0x1A, 0x05, 0x39, 0x1A, 0x39, 0x0A, 0x1A, 0xC2, 0x36, 0xD7,
  0xC2, 0xD4, 0xE2, 0xE2, 0xDD, 0xDD, 0xF9, 0xF9, 0xDC, 0xF4, 0xB5, 0x75, 0x7E, 0x7C, 0x7C, 0xB5,
  0xF4, 0xB5, 0x92, 0x92, 0x92, 0x92, 0x4E, 0x7C, 0x7C, 0x4E, 0x4E, 0x4E, 0x4E, 0x4E, 0x4E, 0x92,
  0x92, 0x7C, 0x4E, 0x7C, 0x7E, 0x7C, 0x4E, 0x7C, 0x7E, 0x75, 0x7E, 0x92, 0xB5, 0x92, 0x7D, 0x4E,
  0x7C, 0x4E, 0x4E, 0x7C, 0x7C, 0x4E, 0x4E, 0x4E, 0x4E, 0x4E, 0x4E, 0x4E, 0x4E, 0x4E, 0x4E, 0x4E,
  0x4E, 0x4E, 0x4E, 0x4E, 0x4E, 0x4E, 0x7D, 0x7D, 0x7D, 0x4E, 0x4E, 0x4E, 0x4E, 0x4E, 0x4E, 0x4E,
  0x7C, 0x4E, 0x7D, 0x7D, 0x7D, 0x7D, 0x7D, 0x7D, 0x4E, 0x7D, 0x7D, 0x7D, 0x7D, 0x7D, 0x7D, 0x7D,
  0x7D, 0x4E, 0x4E, 0x4E, 0x7D, 0x7D, 0x7D, 0x7D, 0x4E, 0x92, 0x92, 0x92, 0x4E, 0x7C, 0x7C, 0x4E,
  0x4E, 0x4E, 0x4E, 0x4E, 0x4E, 0x92, 0x92, 0x7C, 0x7C, 0x7C, 0x7E, 0x7C, 0x7C, 0x4E, 0x7E, 0x75,
  0x75, 0x92, 0xB5, 0x92, 0x7D, 0x4E, 0x7C, 0x7C, 0x4E, 0x7C, 0x7C, 0x4E, 0x4E, 0x4E, 0x4E, 0x4E,
  0x4E, 0x4E, 0x4E, 0x4E, 0x4E, 0x4E, 0x4E, 0x4E, 0x4E, 0x4E, 0x4E, 0x4E, 0x7C, 0x4E, 0x4E, 0x4E,
  0x4E, 0x4E, 0x4E, 0x4E, 0x7D, 0x7D, 0x4E, 0x4F, 0x7D, 0x7D, 0x7D, 0x7D, 0x7D, 0x4E, 0x4E, 0x4E,
  0x4E, 0x4E, 0x4E, 0x4E, 0x7C, 0x4E, 0x4E, 0x7C, 0x4E, 0x4E, 0x4E, 0x4E, 0x4E, 0x92, 0x92, 0x4E,
  0x92, 0xF4, 0xF4, 0xF4, 0xDC, 0x80, 0x80, 0x73, 0x6F, 0x6F, 0x6F, 0xD7, 0x0A, 0x0A, 0x0A, 0x11,
  0x1A, 0xC2, 0xDD, 0xD7, 0x39, 0x1A, 0x1A, 0x1A, 0x07, 0x05, 0x05, 0x07, 0x3F, 0x12, 0x12, 0x12,
  0x0B, 0x12, 0x12, 0x06, 0x08, 0xE0, 0xE0, 0x1A, 0x1A, 0x1A, 0x1A, 0xE0, 0x1A, 0x1A, 0xC2, 0x36,
  0xDD, 0xC8, 0xD3, 0xD4, 0xD7, 0xDD, 0xED, 0xD3, 0xF4, 0xDC, 0xF4, 0x75, 0x75, 0x7E, 0xB5, 0xF4,
  0xF4, 0x4E, 0x4F, 0x4F, 0x4F, 0xF4, 0x75, 0x7C, 0x4E, 0x4E, 0x4E, 0x7C, 0x92, 0x4E, 0x4E, 0x4E,
  0x7C, 0x7C, 0x7C, 0x7C, 0x7C, 0x4E, 0x4E, 0x4E, 0x4E, 0x4E, 0x7C, 0x4E, 0x4E, 0x4E, 0x4E, 0x4E,
  0x7C, 0x7C, 0x4E, 0x4E, 0x7C, 0x7C, 0x7C, 0x7C, 0x4E, 0x4E, 0x4E, 0x4E, 0x7C, 0x4E, 0x4E, 0x4E,
  0x4E, 0x4E, 0x4E, 0x4E, 0x7D, 0x4E, 0x4E, 0x7D, 0x4E, 0x4E, 0x4E, 0x4E, 0x4E, 0x4E, 0x4E, 0x4E,
  0x4E, 0x4E, 0x4E, 0x4E, 0x4E, 0x7D, 0x7D, 0x7D, 0x7D, 0x7D, 0x7D, 0x4E, 0x7D, 0x7D, 0x4E, 0x4E,
  0x4E, 0x4E, 0x4E, 0x4E, 0x4E, 0x4E, 0x4E, 0x7D, 0x4F, 0x4F, 0x4F, 0xB5, 0xB5, 0x7C, 0x4E, 0x4E,
  0x4E, 0x4E, 0x92, 0x4E, 0x4E, 0x4E, 0x7C, 0x7C, 0x7C, 0x7C, 0x7C, 0x4E, 0x4E, 0x4E, 0x4E, 0x4E,
  0x7C, 0x4E, 0x4E, 0x4E, 0x4E, 0x4E, 0x7C, 0x7C, 0x7C, 0x4E, 0x4E, 0x7C, 0x7C, 0x7C, 0x4E, 0x4E,
  0x4E, 0x4E, 0x7C, 0x7C, 0x4E, 0x4E, 0x4E, 0x4E, 0x4E, 0x4E, 0x4E, 0x4E, 0x4E, 0x7C, 0x7C, 0x7C,
  0x7E, 0x75, 0x7E, 0x7C, 0x7C, 0x4E, 0x7D, 0x7D, 0x7D, 0x7D, 0x7D, 0x7D, 0x7D, 0x7D, 0x4E, 0x4E,
  0x4E, 0x4E, 0x4E, 0x4E, 0x4E, 0x4E, 0x4E, 0x7C, 0x4E, 0x92, 0x92, 0x92, 0x92, 0x92, 0xB5, 0x75,
  0xB5, 0xF4, 0xF7, 0xF7, 0xF7, 0x80, 0x73, 0x6F, 0x6F, 0x6F, 0xD7, 0xD7, 0xD7, 0x0A, 0x0A, 0x0A,
  0x39, 0xC2, 0xD7, 0x1A, 0x39, 0x39, 0x1A, 0x1A, 0x1A, 0x1A, 0x18, 0x07, 0x3F, 0x12, 0x12, 0x12,
  0x0B, 0x12, 0x12, 0x06, 0x08, 0xBA, 0x36, 0x36, 0xE0, 0x1A, 0x1A, 0xD7, 0x1A, 0xC2, 0xC2, 0x36,
  0xED, 0x3C, 0xF9, 0xD3, 0x3A, 0xD7, 0xD4, 0x84, 0x84, 0x73, 0xF7, 0xF4, 0xF4, 0xB5, 0xB5, 0xF4,
  0xF4, 0xB5, 0x4E, 0xB5, 0xF4, 0x77, 0xF7, 0xF4, 0x7C, 0x4E, 0x4E, 0x7C, 0x4E, 0x4E, 0x4E, 0x4E,
  0x4E, 0x4E, 0x4E, 0x4E, 0x4E, 0x4E, 0x4E, 0x4E, 0x4E, 0x4E, 0x4E, 0x4E, 0x4E, 0x4E, 0x4E, 0x4E,
  0x4E, 0x4E, 0x4E, 0x4E, 0x4E, 0x4E, 0x4E, 0x4E, 0x4E, 0x7D, 0x4E, 0x4E, 0x4E, 0x4E, 0x4E, 0x4E,
  0x7D, 0x4E, 0x4E, 0x4E, 0x7D, 0x7D, 0x7D, 0x7D, 0x7D, 0x7D, 0x7D, 0x7D, 0x7D, 0x4E, 0x4E, 0x4E,
  0x4E, 0x4E, 0x4E, 0x4E, 0x7C, 0x7C, 0x4E, 0x7C, 0x4E, 0x7D, 0x7D, 0x7D, 0x7D, 0x7D, 0x4E, 0x7D,
  0x4E, 0x4E, 0x4E, 0x7D, 0x7D, 0x7D, 0x7D, 0x7D, 0x4E, 0x92, 0xF4, 0xF7, 0x77, 0x75, 0xB5, 0x7C,
  0x4E, 0x7C, 0x4E, 0x4E, 0x4E, 0x4E, 0x4E, 0x4E, 0x4E, 0x4E, 0x4E, 0x4E, 0x4E, 0x4E, 0x4E, 0x4E,
  0x4E, 0x4E, 0x4E, 0x4E, 0x4E, 0x4E, 0x4E, 0x4E, 0x4E, 0x4E, 0x4E, 0x4E, 0x4E, 0x4E, 0x4E, 0x7D,
  0x4E, 0x4E, 0x4E, 0x4E, 0x4E, 0x4E, 0x7D, 0x4E, 0x4E, 0x4E, 0x4E, 0x4E, 0x4E, 0x4E, 0x7C, 0x4E,
  0x4E, 0x4E, 0x7C, 0x4E, 0x4E, 0x4E, 0x7D, 0x7D, 0x7D, 0x7D, 0x7D, 0x7D, 0x4E, 0x4E, 0x4E, 0x4E,
  0x4E, 0x4E, 0x4E, 0x4E, 0x4E, 0x4E, 0x4E, 0x4E, 0x4E, 0x92, 0x92, 0xB5, 0xB5, 0xB5, 0xB5, 0xB5,
  0xB5, 0xB5, 0x7E, 0xB5, 0x7E, 0xB5, 0xF4, 0x77, 0x20, 0x73, 0x6F, 0x6F, 0xD7, 0xD7, 0x6F, 0x6F,
  0xD7, 0x0A, 0x0A, 0x07, 0x39, 0x39, 0xE0, 0xE0, 0x1A, 0x1A, 0x07, 0x07, 0x3F, 0x12, 0x12, 0x12,
  0x0B, 0x12, 0x12, 0x06, 0x07, 0xD7, 0x36, 0x36, 0x36, 0x1A, 0x1A, 0xBA, 0x1A, 0xC2, 0x36, 0x36,
  0xC2, 0xC2, 0x36, 0xD3, 0xD3, 0x3A, 0x6F, 0x73, 0xA5, 0x77, 0xF7, 0xF4, 0xB5, 0xB5, 0x7C, 0xB5,
  0xB5, 0xB5, 0xF4, 0xF4, 0xF7, 0xF7, 0xF4, 0x75, 0x75, 0x7C, 0x7C, 0x7C, 0x7C, 0x4E, 0x4E, 0x4E,
  0x4E, 0x4E, 0x4E, 0x4E, 0x4E, 0x4E, 0x4E, 0x4E, 0x4E, 0x4E, 0x4E, 0x4E, 0x4E, 0x4E, 0x4E, 0x4E,
  0x4E, 0x4E, 0x4E, 0x4E, 0x4E, 0x4E, 0x4E, 0x7D, 0x7D, 0x4E, 0x4E, 0x4E, 0x4E, 0x4E, 0x4E, 0x4E,
  0x4E, 0x4E, 0x4E, 0x4E, 0x4E, 0x4E, 0x7D, 0x7D, 0x7D, 0x4E, 0x4E, 0x4E, 0x7D, 0x4E, 0x4E, 0x4E,
  0x7D, 0x7D, 0x7D, 0x4E, 0x4E, 0x4E, 0x4E, 0x4E, 0x4E, 0x4E, 0x4E, 0x4E, 0x4E, 0x4E, 0x4E, 0x7D,
  0x7D, 0x7D, 0x4E, 0x4E, 0x4E, 0x4E, 0x4E, 0x7D, 0x4E, 0xF4, 0xF7, 0xF7, 0xF4, 0xF4, 0xB5, 0x7C,
  0x7C, 0x4E, 0x7C, 0x4E, 0x4E, 0x4E, 0x4E, 0x4E, 0x4E, 0x4E, 0x4E, 0x4E, 0x4E, 0x4E, 0x4E, 0x4E,
  0x4E, 0x4E, 0x4E, 0x4E, 0x4E, 0x4E, 0x4E, 0x4E, 0x4E, 0x4E, 0x4E, 0x4E, 0x4E, 0x7D, 0x7D, 0x7D,
  0x4E, 0x4E, 0x4E, 0x4E, 0x4E, 0x4E, 0x4E, 0x4E, 0x4E, 0x4E, 0x4E, 0x4E, 0x4E, 0x4E, 0x4E, 0x4E,
  0x4E, 0x4E, 0x7D, 0x7D, 0x7D, 0x7D, 0x7D, 0x4E, 0x4E, 0x4E, 0x4E, 0x4E, 0x4E, 0x4E, 0x4E, 0x4E,
  0x4E, 0x4E, 0x4E, 0x4E, 0x4E, 0x4E, 0x7C, 0x4E, 0x4E, 0x7C, 0x92, 0x4E, 0x92, 0x92, 0xB5, 0x75,
  0xB5, 0x7C, 0xB5, 0xB5, 0xB5, 0x75, 0xF7, 0x77, 0xDC, 0xA5, 0xA5, 0xA5, 0xD7, 0x6F, 0x6F, 0x6F,
  0x6F, 0x0A, 0x0A, 0x0A, 0x1A, 0xE0, 0xBA, 0x1A, 0x1A, 0x07, 0x08, 0x07, 0x3F, 0x12, 0x12, 0x12,
  0x0B, 0x12, 0x12, 0x06, 0x07, 0xBA, 0x36, 0x36, 0xDD, 0xD7, 0x1A, 0xBA, 0x1A, 0xC2, 0x36, 0x36,
  0xD7, 0xD7, 0x3A, 0x39, 0x0A, 0xD7, 0x73, 0x80, 0x80, 0x77, 0xF7, 0xB5, 0x7C, 0x7C, 0x7C, 0xB5,
  0x75, 0x75, 0x75, 0xF4, 0xB5, 0xB5, 0xB5, 0x92, 0x92, 0x92, 0x7C, 0x7C, 0x4E, 0x7C, 0x4E, 0x4E,
  0x4E, 0x4E, 0x4E, 0x4E, 0x4E, 0x4E, 0x4E, 0x4E, 0x4E, 0x7C, 0x4E, 0x4E, 0x4E, 0x4E, 0x4E, 0x4E,
  0x4E, 0x4E, 0x4E, 0x4E, 0x4E, 0x4E, 0x4E, 0x4E, 0x4E, 0x4E, 0x4E, 0x4E, 0x4E, 0x4E, 0x4E, 0x4E,
  0x4E, 0x4E, 0x4E, 0x4E, 0x4E, 0x4E, 0x4E, 0x4E, 0x4E, 0x4E, 0x4E, 0x4E, 0x4E, 0x7D, 0x7D, 0x7D,
  0x7D, 0x7D, 0x7D, 0x7D, 0x7D, 0x7D, 0x4E, 0x7D, 0x4E, 0x7D, 0x7D, 0x7D, 0x7D, 0x7D, 0x7D, 0x7D,
  0x7D, 0x7D, 0x7D, 0x4E, 0x4E, 0x4E, 0x4E, 0x7D, 0x4E, 0xF4, 0xB5, 0xB5, 0xB5, 0x92, 0x92, 0x92,
  0x7C, 0x7C, 0x4E, 0x7C, 0x4E, 0x4E, 0x4E, 0x4E, 0x4E, 0x4E, 0x4E, 0x4E, 0x4E, 0x4E, 0x4E, 0x7C,
  0x4E, 0x4E, 0x4E, 0x4E, 0x4E, 0x4E, 0x4E, 0x4E, 0x4E, 0x4E, 0x4E, 0x4E, 0x4E, 0x4E, 0x4E, 0x4E,
  0x4E, 0x4E, 0x4E, 0x4E, 0x4E, 0x4E, 0x4E, 0x4E, 0x4E, 0x4E, 0x4E, 0x4E, 0x4E, 0x4E, 0x7D, 0x4E,
  0x4E, 0x7D, 0x4E, 0x4E, 0x4E, 0x7D, 0x7D, 0x4E, 0x4E, 0x4E, 0x4E, 0x4E, 0x4E, 0x4E, 0x4E, 0x4E,
  0x4E, 0x4E, 0x4E, 0x4E, 0x4E, 0x7C, 0x4E, 0x4E, 0x4E, 0x7D, 0x92, 0xB5, 0xB5, 0x4E, 0xB5, 0x75,
  0x7C, 0x7C, 0x4E, 0xB5, 0xB5, 0xF4, 0x77, 0xA5, 0x6F, 0xD7, 0xA5, 0xDC, 0xFA, 0xA5, 0x6F, 0x73,
  0xD7, 0xD7, 0xD7, 0xD7, 0xC2, 0xE0, 0xBA, 0x1A, 0x05, 0x07, 0x07, 0x07, 0x3F, 0x12, 0x12, 0x12,
  0x0B, 0x12, 0x12, 0x06, 0x05, 0x1A, 0x3D, 0x36, 0xDD, 0x3D, 0x1A, 0xE0, 0x18, 0xE0, 0xD7, 0xD7,
  0xDD, 0xED, 0xC8, 0xD4, 0x3A, 0xD7, 0xDC, 0x77, 0x77, 0xF7, 0x21, 0x75, 0x7C, 0x75, 0x75, 0x75,
  0x7C, 0x7C, 0x75, 0x7C, 0x7C, 0xB5, 0x92, 0x92, 0xBB, 0xBB, 0x7C, 0x92, 0x4E, 0x4E, 0x4E, 0x7C,
  0x7C, 0x7C, 0x4E, 0x4E, 0x4E, 0x4E, 0x4E, 0x4E, 0x4E, 0x4E, 0x4E, 0x4E, 0x4E, 0x4E, 0x4E, 0x4E,
  0x4E, 0x4E, 0x4E, 0x4E, 0x4E, 0x4E, 0x4E, 0x4E, 0x4E, 0x4E, 0x4E, 0x4E, 0x4E, 0x4E, 0x4E, 0x4E,
  0x4E, 0x4E, 0x4E, 0x4E, 0x4E, 0x4E, 0x4E, 0x4E, 0x4E, 0x4E, 0x4E, 0x4E, 0x4E, 0x4E, 0x7D, 0x7D,
  0x7D, 0x4E, 0x7D, 0x7D, 0x7D, 0x7D, 0x7D, 0x4E, 0x7D, 0x7D, 0x7D, 0x7D, 0x7D, 0x7D, 0x7D, 0x7D,
  0x7D, 0x7D, 0x7D, 0x7D, 0x7D, 0x7D, 0x7D, 0x7D, 0x4E, 0xB5, 0x7C, 0xB5, 0x7C, 0x4E, 0xE7, 0xBB,
  0x4E, 0x7C, 0x4E, 0x4E, 0x4E, 0x7C, 0x7C, 0x7C, 0x4E, 0x4E, 0x4E, 0x4E, 0x4E, 0x4E, 0x4E, 0x4E,
  0x4E, 0x4E, 0x4E, 0x4E, 0x4E, 0x4E, 0x4E, 0x4E, 0x4E, 0x4E, 0x4E, 0x4E, 0x4E, 0x4E, 0x4E, 0x4E,
  0x4E, 0x4E, 0x4E, 0x4E, 0x4E, 0x4E, 0x4E, 0x4E, 0x4E, 0x4E, 0x4E, 0x4E, 0x7D, 0x7D, 0x7D, 0x7D,
  0x7D, 0x4E, 0x4E, 0x4E, 0x4E, 0x4E, 0x4E, 0x4E, 0x4E, 0x4E, 0x4E, 0x4E, 0x4E, 0x4E, 0x4E, 0x4E,
  0x7C, 0x4E, 0x4E, 0x4E, 0x4E, 0x7C, 0x7C, 0x7C, 0x4E, 0x92, 0x4E, 0x4E, 0x92, 0x92, 0x7C, 0xB5,
  0x75, 0x7E, 0xB5, 0xB5, 0xF4, 0xF7, 0xDC, 0xA5, 0xA5, 0xE2, 0xE2, 0x85, 0x85, 0xFA, 0xD7, 0xD7,
  0xD7, 0xD7, 0xD7, 0xC2, 0xD7, 0xBA, 0x08, 0x08, 0x08, 0x06, 0x07, 0x07, 0x3F, 0x12, 0x12, 0x12,
  0x0B, 0x12, 0x12, 0x06, 0x05, 0x18, 0x0A, 0xC2, 0x36, 0x36, 0xC2, 0x1A, 0x1A, 0x36, 0x36, 0xDD,
  0xDD, 0xC8, 0xC8, 0xC8, 0xE2, 0x36, 0xA5, 0xF4, 0xF4, 0x75, 0x7E, 0x7C, 0x7C, 0x7C, 0x75, 0x75,
  0x75, 0x75, 0x7E, 0x7C, 0x75, 0x7E, 0x7C, 0x92, 0x4E, 0x4E, 0x7C, 0x7E, 0x7C, 0x4E, 0x7C, 0x7C,
  0x7C, 0x7C, 0x7C, 0x4E, 0x4E, 0x4E, 0x4E, 0x4E, 0x4E, 0x4E, 0x4E, 0x4E, 0x4E, 0x4E, 0x4E, 0x4E,
  0x4E, 0x4E, 0x4E, 0x4E, 0x4E, 0x4E, 0x4E, 0x4E, 0x4E, 0x4E, 0x4E, 0x4E, 0x4E, 0x7C, 0x4E, 0x4E,
  0x4E, 0x4E, 0x4E, 0x4E, 0x4E, 0x4E, 0x4E, 0x4E, 0x4E, 0x4E, 0x4E, 0x4E, 0x4E, 0x4E, 0x7D, 0x7D,
  0x7D, 0x7D, 0x7D, 0x7D, 0x7D, 0x7D, 0x7D, 0x7D, 0x7D, 0x7D, 0x7D, 0x7D, 0x7D, 0x7D, 0x7D, 0x7D,
  0x7D, 0x7D, 0x7D, 0x7D, 0x7D, 0x7D, 0x7D, 0x7D, 0x4E, 0xB5, 0x75, 0x7E, 0x7C, 0x92, 0x4E, 0x4E,
  0x92, 0xB5, 0x7E, 0x4E, 0x7C, 0x7C, 0x7C, 0x7C, 0x7C, 0x4E, 0x4E, 0x7C, 0x4E, 0x4E, 0x4E, 0x4E,
  0x4E, 0x4E, 0x4E, 0x4E, 0x4E, 0x4E, 0x4E, 0x4E, 0x4E, 0x4E, 0x4E, 0x4E, 0x4E, 0x4E, 0x4E, 0x4E,
  0x4E, 0x4E, 0x4E, 0x4E, 0x4E, 0x4E, 0x4E, 0x4E, 0x4E, 0x4E, 0x4E, 0x4E, 0x4E, 0x7D, 0x4E, 0x4E,
  0x4E, 0x4E, 0x4E, 0x4E, 0x4E, 0x4E, 0x4E, 0x4E, 0x7D, 0x7D, 0x4E, 0x7D, 0x4E, 0x4E, 0x4F, 0x92,
  0x92, 0x7D, 0x7D, 0x4E, 0x4E, 0x4F, 0x4E, 0x4E, 0x4E, 0x4E, 0x4E, 0x4E, 0x7C, 0x92, 0x7C, 0x7C,
  0x75, 0xB5, 0xF4, 0xF4, 0x77, 0xA5, 0xD7, 0xE2, 0xD3, 0xC8, 0x40, 0x3C, 0xC8, 0xE2, 0xD7, 0xD7,
  0xD7, 0xD7, 0x0A, 0xE0, 0xE0, 0xE0, 0x08, 0x52, 0x0B, 0x06, 0x06, 0x07, 0x3F, 0x12, 0x12, 0x12,
  0x0B, 0x12, 0x12, 0x9C, 0x05, 0x05, 0x05, 0x18, 0xC2, 0x36, 0xC2, 0x1A, 0xD7, 0xE2, 0xDD, 0xDD,
  0x38, 0x36, 0x36, 0x40, 0xDD, 0xD4, 0xD7, 0xDC, 0xF4, 0xF4, 0x7E, 0x7E, 0x7C, 0x7C, 0x7C, 0x7E,
  0x75, 0x7E, 0x7E, 0x7C, 0x7C, 0x7C, 0x4E, 0x7C, 0x75, 0x7E, 0x92, 0x92, 0x7E, 0x7C, 0x4E, 0x7C,
  0x4E, 0x7C, 0x7C, 0x7C, 0x7C, 0x7C, 0x7E, 0x7C, 0x7C, 0x7C, 0x7C, 0x4E, 0x4E, 0x4E, 0x4E, 0x4E,
  0x7C, 0x4E, 0x7C, 0x4E, 0x4E, 0x4E, 0x4E, 0x4E, 0x4E, 0x4E, 0x4E, 0x4E, 0x4E, 0x7C, 0x4E, 0x4E,
  0x4E, 0x4E, 0x7D, 0x4E, 0x4E, 0x4E, 0x4E, 0x4E, 0x4E, 0x4E, 0x4E, 0x4E, 0x4E, 0x4E, 0x4E, 0x4E,
  0x4E, 0x4E, 0x7D, 0x7D, 0x7D, 0x7D, 0x4E, 0x4E, 0x7D, 0x7D, 0x4E, 0x4E, 0x7D, 0x7D, 0x7D, 0x7D,
  0x7D, 0x7D, 0x7D, 0x7D, 0x7D, 0x7D, 0x7D, 0x7D, 0x4E, 0x7E, 0x7C, 0x7C, 0x4E, 0x7C, 0xB5, 0x75,
  0x92, 0x92, 0xB5, 0x7C, 0x4E, 0x7C, 0x4E, 0x4E, 0x7C, 0x7C, 0x7C, 0x7C, 0x7E, 0x7E, 0x7C, 0x7C,
  0x7C, 0x4E, 0x4E, 0x4E, 0x4E, 0x4E, 0x7C, 0x4E, 0x7C, 0x7C, 0x4E, 0x4E, 0x4E, 0x4E, 0x4E, 0x4E,
  0x4E, 0x4E, 0x4E, 0x7C, 0x7C, 0x4E, 0x4E, 0x4E, 0x4E, 0x4E, 0x4E, 0x4E, 0x4E, 0x4E, 0x4E, 0x4E,
  0x4E, 0x4E, 0x4E, 0x4E, 0x4E, 0x4E, 0x4E, 0x4E, 0x7D, 0x7D, 0x4E, 0x4E, 0x7C, 0x92, 0xB1, 0x4F,
  0x92, 0x4F, 0x92, 0x7D, 0x7D, 0x92, 0x92, 0x4E, 0x7C, 0x4E, 0x4E, 0x4E, 0x4E, 0x4E, 0x4E, 0x4E,
  0x7C, 0x75, 0xF7, 0x77, 0x80, 0x80, 0xDC, 0x80, 0xA5, 0xE2, 0xD3, 0xC8, 0xE2, 0xB8, 0xB8, 0x0A,
  0x0A, 0xBA, 0x1E, 0x09, 0x08, 0x08, 0x08, 0x08, 0x09, 0x06, 0x06, 0x07, 0x3F, 0x12, 0x12, 0x12,
  0x0B, 0x12, 0x12, 0x3F, 0x05, 0x05, 0x05, 0x05, 0x1A, 0xBA, 0xE0, 0xC2, 0xC2, 0xE2, 0x36, 0xD7,
  0x0A, 0x1A, 0x1A, 0x39, 0x0A, 0x0A, 0x73, 0x73, 0xDC, 0xF4, 0x75, 0x7E, 0x4E, 0x4E, 0x4E, 0x7E,
  0x75, 0x7E, 0x7E, 0x7C, 0x7C, 0x4E, 0x4E, 0x4E, 0x7C, 0x75, 0x92, 0x92, 0x4E, 0xB5, 0x7C, 0x75,
  0x92, 0x92, 0x7C, 0x7C, 0xB5, 0x75, 0xB5, 0x75, 0x7E, 0x7C, 0x7E, 0x7C, 0x7C, 0x7C, 0x4E, 0x7C,
  0x7C, 0x7C, 0x7C, 0x4E, 0x4E, 0x4E, 0x4E, 0x4E, 0x4E, 0x4E, 0x4E, 0x4E, 0x4E, 0x4E, 0x4E, 0x4E,
  0x4E, 0x4E, 0x4E, 0x4E, 0x4E, 0x4E, 0x4E, 0x4E, 0x4E, 0x4E, 0x4E, 0x4E, 0x4E, 0x4E, 0x4E, 0x4E,
  0x4E, 0x7E, 0x4E, 0x7D, 0x7D, 0x4E, 0x4E, 0x4E, 0x4E, 0x4E, 0x4E, 0x4E, 0x7D, 0x7D, 0x7D, 0x7D,
  0x7D, 0x7D, 0x7D, 0x7D, 0x7D, 0x7D, 0x7D, 0x7D, 0x4E, 0x7E, 0x7C, 0x4E, 0x4E, 0x4E, 0x7C, 0x75,
  0x7C, 0x4E, 0x4E, 0xB5, 0x7C, 0x75, 0x7C, 0x7C, 0x7C, 0x7C, 0x7E, 0x75, 0xB5, 0xB5, 0x7E, 0x7C,
  0x7E, 0x7C, 0x7C, 0x4E, 0x7C, 0x7C, 0x7C, 0x7C, 0x7C, 0x4E, 0x4E, 0x4E, 0x4E, 0x4E, 0x4E, 0x4E,
  0x4E, 0x4E, 0x4E, 0x4E, 0x4E, 0x4E, 0x4E, 0x4E, 0x4E, 0x4E, 0x4E, 0x7D, 0x7D, 0x7D, 0x4E, 0x7D,
  0x7D, 0x4E, 0x4E, 0x4E, 0x4E, 0x4E, 0x4E, 0x4E, 0x4E, 0x4E, 0x4E, 0x4E, 0x92, 0xB5, 0x92, 0x92,
  0xB5, 0xF4, 0xB5, 0x4F, 0x92, 0x7C, 0x4E, 0x4E, 0x7C, 0x7C, 0x7C, 0x92, 0x4E, 0x7C, 0x92, 0x7C,
  0xB5, 0x75, 0x75, 0xF4, 0xF7, 0xF7, 0xF7, 0xF7, 0x77, 0xA5, 0xE2, 0xD3, 0xD3, 0xDD, 0xC2, 0xD7,
  0x39, 0x1B, 0x70, 0x53, 0x05, 0x08, 0x08, 0x08, 0x06, 0x09, 0x08, 0x07, 0x3F, 0x12, 0x12, 0x12,
  0x0B, 0x12, 0x12, 0x06, 0x05, 0x05, 0x05, 0x05, 0x18, 0xE0, 0xC2, 0xC2, 0xC2, 0x3D, 0x1A, 0x1A,
  0x1A, 0xC2, 0x3A, 0xD7, 0x3A, 0x0A, 0x73, 0x73, 0x73, 0xDC, 0xDC, 0xF4, 0x7C, 0xB5, 0xF4, 0xB5,
  0x92, 0x7C, 0x7C, 0x7C, 0x7C, 0x7C, 0x7C, 0x7E, 0x75, 0x75, 0x7C, 0x92, 0xB5, 0x75, 0x75, 0x75,
  0x7C, 0x7C, 0x4E, 0x7C, 0x7E, 0x75, 0x75, 0x75, 0x7E, 0x7C, 0x7E, 0x75, 0x7E, 0x7E, 0x7C, 0x7C,
  0x7C, 0x7C, 0x7C, 0x4E, 0x4E, 0x4E, 0x4E, 0x4E, 0x4E, 0x4E, 0x4E, 0x4E, 0x4E, 0x4E, 0x4E, 0x4E,
  0x4E, 0x4E, 0x4E, 0x4E, 0x7D, 0x4E, 0x4E, 0x4E, 0x4E, 0x4E, 0x4E, 0x4E, 0x4E, 0x4E, 0x4E, 0x7E,
  0x7C, 0x75, 0x7E, 0x4E, 0x4E, 0x7D, 0x7D, 0x7D, 0x7D, 0x4E, 0x4E, 0x7D, 0x7D, 0x7D, 0x7D, 0x7D,
  0x7D, 0x7D, 0x7D, 0x7D, 0x7D, 0x7D, 0x7D, 0x7D, 0x4E, 0xB5, 0x7C, 0x7C, 0x7C, 0x7C, 0x75, 0x75,
  0xB5, 0x4E, 0x75, 0x75, 0x75, 0x75, 0x7C, 0x7C, 0x4E, 0x7C, 0x7C, 0x75, 0x75, 0x75, 0x7E, 0x7C,
  0x7E, 0x75, 0x7E, 0x7E, 0x7E, 0x7C, 0x7C, 0x4E, 0x4E, 0x4E, 0x4E, 0x4E, 0x4E, 0x4E, 0x4E, 0x4E,
  0x4E, 0x4E, 0x4E, 0x4E, 0x4E, 0x4E, 0x4E, 0x4E, 0x4E, 0x4E, 0x7D, 0x7D, 0x7D, 0x4E, 0x4E, 0x7D,
  0x7D, 0x4E, 0x4E, 0x4E, 0x4E, 0x4E, 0x4E, 0x4E, 0x4E, 0x4E, 0x7C, 0x4E, 0x7C, 0xB5, 0xB5, 0xB5,
  0xB5, 0x92, 0x4E, 0x92, 0x92, 0x4E, 0x4E, 0x4E, 0x4E, 0x4E, 0x4E, 0x4E, 0x7C, 0x7C, 0x75, 0x7C,
  0x4E, 0x4E, 0xB5, 0xB5, 0xB5, 0xF4, 0xF4, 0xF7, 0x6F, 0x6F, 0xD3, 0xD3, 0xDD, 0xD7, 0xC2, 0x0A,
  0x09, 0x1B, 0xB7, 0x58, 0x5E, 0x5E, 0x06, 0x06, 0x06, 0x08, 0x07, 0x07, 0x3F, 0x12, 0x12, 0x12,
  0x0B, 0x12, 0x12, 0x06, 0x05, 0x08, 0x07, 0x05, 0x18, 0x08, 0xC2, 0xC2, 0xB8, 0x0A, 0x1A, 0xC2,
  0x36, 0x3A, 0xC2, 0xD7, 0xD7, 0xD7, 0x73, 0xA5, 0xA5, 0x77, 0xF4, 0xF4, 0xF4, 0x21, 0xF7, 0xB5,
  0x4E, 0x7C, 0x7C, 0xB5, 0x7C, 0x7C, 0x7C, 0x7C, 0x7C, 0x7C, 0x92, 0x4E, 0x4E, 0x4E, 0x4E, 0x4E,
  0x7C, 0x7C, 0x4E, 0x4E, 0x7C, 0x92, 0x4E, 0x7C, 0x4E, 0x4E, 0x7C, 0x4E, 0x4E, 0x4E, 0x7C, 0x7C,
  0x4E, 0x4E, 0x7C, 0x7C, 0x7C, 0x4E, 0x4E, 0x4E, 0x4E, 0x4E, 0x7C, 0x4E, 0x4E, 0x4E, 0x4E, 0x7C,
  0x4E, 0x4E, 0x4E, 0x4E, 0x4E, 0x4E, 0x4E, 0x4E, 0x4E, 0x4E, 0x4E, 0x4E, 0x4E, 0x4E, 0x7C, 0x75,
  0x75, 0x7C, 0x4E, 0x4E, 0x4E, 0x7D, 0x7D, 0x7D, 0x7D, 0x4E, 0x4E, 0x4E, 0x4E, 0x4E, 0x4E, 0x7D,
  0x7D, 0x7D, 0x7D, 0x7D, 0x7D, 0x7D, 0x7D, 0x7D, 0x4E, 0xB5, 0x7C, 0x7C, 0x7C, 0x7C, 0x7C, 0x7C,
  0x7C, 0x4E, 0x4E, 0x4E, 0x4E, 0x4E, 0x7C, 0x7C, 0x7C, 0x4E, 0x92, 0x92, 0x4E, 0x7C, 0x4E, 0x4E,
  0x7C, 0x4E, 0x7C, 0x7C, 0x7C, 0x7C, 0x4E, 0x4E, 0x7C, 0x7C, 0x7C, 0x4E, 0x4E, 0x4E, 0x4E, 0x4E,
  0x4E, 0x4E, 0x4E, 0x4E, 0x4E, 0x7C, 0x4E, 0x4E, 0x4E, 0x4E, 0x4E, 0x4E, 0x7D, 0x4E, 0x7C, 0x4E,
  0x4E, 0x4E, 0x4E, 0x4E, 0x4E, 0x4E, 0x4E, 0x4E, 0x4E, 0x4E, 0x4E, 0x4E, 0x4E, 0x4E, 0x4E, 0x4E,
  0x4E, 0x4E, 0x4E, 0x4E, 0x4E, 0x7C, 0x4E, 0x4E, 0x4E, 0x4E, 0x4E, 0x7C, 0x4E, 0x4E, 0x75, 0x92,
  0xB5, 0xB5, 0xB5, 0xB5, 0xF4, 0xF7, 0x77, 0x20, 0x6F, 0x6F, 0xB8, 0xE2, 0xD7, 0xD7, 0x0A, 0x62,
  0xB7, 0x63, 0x41, 0xFF, 0x33, 0xA3, 0x08, 0x06, 0x09, 0x08, 0x1A, 0x07, 0x3F, 0x12, 0x12, 0x12,
  0x0B, 0x12, 0x12, 0x06, 0x07, 0x07, 0x09, 0x08, 0x07, 0x0A, 0xC2, 0xD7, 0x0A, 0x39, 0x0A, 0xD4,
  0x40, 0x36, 0xC2, 0xD7, 0xB8, 0xA5, 0xA5, 0xDC, 0xF7, 0xF4, 0xF4, 0xB5, 0x7E, 0x7C, 0x7C, 0x7C,
  0x7C, 0x7E, 0x7E, 0x7E, 0x7C, 0x7C, 0x7C, 0x7C, 0x7C, 0x7C, 0x92, 0x4E, 0x4E, 0x7C, 0x4E, 0x4E,
  0x4E, 0x4E, 0x7C, 0x4E, 0x4E, 0x4E, 0x4E, 0x4E, 0x4E, 0x4E, 0x4E, 0x7D, 0x4E, 0x4E, 0x7C, 0x4E,
  0x4E, 0x4E, 0x7C, 0x7C, 0x7C, 0x4E, 0x4E, 0x4E, 0x4E, 0x4E, 0x7C, 0x7C, 0x4E, 0x4E, 0x4E, 0x7C,
  0x4E, 0x7C, 0x7C, 0x4E, 0x4E, 0x4E, 0x4E, 0x4E, 0x4E, 0x4E, 0x4E, 0x4E, 0x4E, 0x4E, 0x4E, 0x4E,
  0x7C, 0x4E, 0x4E, 0x4E, 0x7D, 0x4E, 0x7D, 0x7D, 0x4E, 0x7D, 0x4E, 0x4E, 0x4E, 0x4E, 0x4E, 0x4E,
  0x4E, 0xBD, 0x7D, 0x7D, 0x7D, 0x7D, 0x7D, 0x7D, 0x4E, 0x7E, 0x7E, 0x7C, 0x7C, 0x7C, 0x7C, 0x7C,
  0x7C, 0x4E, 0x4E, 0x7C, 0x4E, 0x4E, 0x4E, 0x4E, 0x7C, 0x7C, 0x4E, 0x4E, 0x4E, 0x4E, 0x4E, 0x4E,
  0x4E, 0x7D, 0x4E, 0x4E, 0x7C, 0x4E, 0x4E, 0x4E, 0x7C, 0x7C, 0x7C, 0x4E, 0x4E, 0x4E, 0x4E, 0x4E,
  0x7C, 0x7C, 0x4E, 0x4E, 0x4E, 0x7C, 0x4E, 0x4E, 0x7C, 0x4E, 0x4E, 0x7D, 0x7D, 0x4E, 0x7C, 0x4E,
  0x4E, 0x4E, 0x4E, 0x4E, 0x4E, 0x4E, 0x4E, 0x4E, 0x4E, 0x4E, 0x4E, 0x4E, 0x4E, 0x7C, 0x4E, 0x4E,
  0x4E, 0x4E, 0x4E, 0xBD, 0x4E, 0x7C, 0x7C, 0x4E, 0x7C, 0x7C, 0x7C, 0x7C, 0x4E, 0x7C, 0x75, 0xB5,
  0x75, 0x75, 0xF4, 0x77, 0x77, 0xDC, 0xDC, 0x20, 0x73, 0x0A, 0xD7, 0xB8, 0x3A, 0xBA, 0xD7, 0xE1,
  0xB6, 0x74, 0xF9, 0x74, 0x58, 0x09, 0x07, 0x08, 0x08, 0x08, 0x1A, 0x07, 0x3F, 0x12, 0x12, 0x12,
  0x0B, 0x12, 0x12, 0x3F, 0x05, 0x07, 0x1A, 0x08, 0x08, 0x1A, 0xD7, 0xE0, 0x1A, 0x1A, 0x1A, 0x1A,
  0x36, 0xDD, 0xD7, 0xD7, 0xB8, 0xA5, 0xDC, 0x77, 0xF4, 0xF4, 0xB5, 0xB5, 0x75, 0x7E, 0x75, 0x7C,
  0xB5, 0x7C, 0x7C, 0x7C, 0x7C, 0x7C, 0x7C, 0x7C, 0x4E, 0x4E, 0x4E, 0x4E, 0x4E, 0x7C, 0x7C, 0x7C,
  0x7C, 0x92, 0x7C, 0x7C, 0x7C, 0x4E, 0x4E, 0x4E, 0x4E, 0x4E, 0x4E, 0x4E, 0x4E, 0x7C, 0x7C, 0x4E,
  0x4E, 0x4E, 0x4E, 0x4E, 0x7C, 0x4E, 0x4F, 0x4E, 0x4E, 0x4E, 0x7C, 0x7C, 0x4E, 0x4E, 0x4E, 0x7C,
  0x4E, 0x4E, 0x4E, 0x7C, 0x4E, 0x4E, 0x4E, 0x4E, 0x7C, 0x4E, 0x4E, 0x4E, 0x4E, 0x7D, 0x4E, 0x4E,
  0x4E, 0x4E, 0x4E, 0x4E, 0x4E, 0x4E, 0x4F, 0x4F, 0xCB, 0x4E, 0x4E, 0x4E, 0x4E, 0x4E, 0x4E, 0x7D,
  0x7D, 0x4E, 0x4E, 0x4E, 0x7D, 0x4E, 0x4E, 0xCB, 0x4E, 0x7C, 0x7C, 0x7C, 0x7C, 0x7C, 0x4E, 0x4E,
  0x4E, 0x4E, 0x4E, 0x7C, 0x7C, 0x7C, 0x7C, 0x7C, 0x7C, 0x7C, 0x7C, 0x4E, 0x4E, 0x4E, 0x4E, 0x4E,
  0x4E, 0x4E, 0x7C, 0x7C, 0x7C, 0x4E, 0x4E, 0x4E, 0x4E, 0x4E, 0x4E, 0x4E, 0x4E, 0x4F, 0x4E, 0x4E,
  0x7C, 0x7C, 0x4E, 0x4E, 0x4E, 0x4E, 0x4E, 0x7C, 0x4E, 0x4E, 0x4E, 0x7D, 0x7D, 0x4E, 0x7C, 0x7C,
  0x4E, 0x4E, 0x4E, 0x4E, 0x4E, 0x4E, 0x7C, 0x4E, 0x4E, 0x4E, 0x4E, 0x4E, 0x4E, 0x7C, 0x7E, 0x4E,
  0x4E, 0x4E, 0x4E, 0x7C, 0x4E, 0x4E, 0x4E, 0x4E, 0x4E, 0x4E, 0x7C, 0x4E, 0x4E, 0x7C, 0xB5, 0x92,
  0xB5, 0x75, 0xF4, 0xF4, 0xF4, 0xF7, 0xDC, 0xB8, 0xD7, 0xD7, 0x0A, 0x0A, 0x0A, 0xC2, 0xD7, 0xC2,
  0x1D, 0x62, 0xFA, 0xFF, 0x64, 0x08, 0x08, 0x07, 0x08, 0x08, 0x07, 0x07, 0x3F, 0x12, 0x12, 0x12,
  0x0B, 0x12, 0x12, 0x06, 0x05, 0x07, 0x08, 0x1A, 0x07, 0x1A, 0xE0, 0x1A, 0x39, 0x07, 0x07, 0x39,
  0xC2, 0xE2, 0x36, 0xDD, 0xE2, 0xED, 0xED, 0xA5, 0xFA, 0xF4, 0xF4, 0xDC, 0x77, 0x74, 0xA5, 0x74,
  0xB5, 0x92, 0x4E, 0xB5, 0xB5, 0x4E, 0xB5, 0x7E, 0x4E, 0xB5, 0x4E, 0xB5, 0x75, 0x4E, 0x7C, 0x7E,
  0xB5, 0x7C, 0x7C, 0x7C, 0x7C, 0x7E, 0xB5, 0x7C, 0x4E, 0x4E, 0x4E, 0x7C, 0x7C, 0x4E, 0x7C, 0x4E,
  0x4E, 0x4F, 0x4E, 0x4E, 0x4E, 0x4E, 0x4E, 0xB5, 0x74, 0x4E, 0x4E, 0x4E, 0x4E, 0x4F, 0x92, 0x4F,
  0x4F, 0xB5, 0xF4, 0xB5, 0x4F, 0x4E, 0x4F, 0x4E, 0x4E, 0x4E, 0x4E, 0x4E, 0xF4, 0xB5, 0x4E, 0x4E,
  0xF4, 0xB5, 0x4F, 0xF9, 0xF9, 0xF9, 0xF9, 0x4F, 0x4E, 0xF4, 0xF4, 0x4E, 0x4E, 0x4E, 0x4E, 0x4E,
  0x4E, 0xCB, 0x4E, 0x4E, 0x75, 0x77, 0x4E, 0x4E, 0x4E, 0xB5, 0xF4, 0x4E, 0xB5, 0x7E, 0x4E, 0x7E,
  0xB5, 0x4E, 0xF4, 0x4E, 0x7C, 0x7E, 0x75, 0x7C, 0x7C, 0x7C, 0xB5, 0x7E, 0x7E, 0x4E, 0x7C, 0x4E,
  0x92, 0x7C, 0x7E, 0x4E, 0x7E, 0x4E, 0x4F, 0x92, 0x4E, 0x4E, 0x4E, 0x4E, 0x4E, 0x4E, 0x74, 0xB5,
  0x4E, 0x4E, 0x4E, 0x92, 0x92, 0x92, 0x92, 0x92, 0xB5, 0xB5, 0x4E, 0x4E, 0xB5, 0x4E, 0x4E, 0x4E,
  0x4E, 0x4E, 0xF4, 0xF4, 0x4E, 0x7E, 0xDC, 0xF9, 0xB5, 0x4E, 0xF4, 0xF9, 0xF9, 0x7E, 0x7E, 0x75,
  0x4E, 0x4E, 0x4E, 0x4E, 0x4E, 0x4E, 0x4E, 0x4E, 0x4E, 0x4E, 0x4E, 0x4E, 0xB5, 0xB5, 0x4E, 0xF4,
  0xF4, 0xB5, 0xF4, 0x74, 0xF4, 0xDC, 0xD7, 0xD4, 0xD7, 0xB8, 0xD7, 0xD7, 0xD7, 0xBA, 0xBA, 0xE0,
  0x5E, 0xB7, 0x49, 0x58, 0x4B, 0x1E, 0x08, 0x08, 0x1A, 0x08, 0x06, 0x07, 0x3F, 0x12, 0x12, 0x14,
  0x0B, 0x12, 0x12, 0x06, 0x07, 0x08, 0xBA, 0xE0, 0x1A, 0x18, 0x08, 0x18, 0x1A, 0x08, 0x08, 0x1A,
  0x3A, 0xD7, 0xE2, 0xDD, 0xF6, 0xE8, 0xE8, 0xF6, 0xE8, 0xDC, 0xA5, 0xA5, 0xD3, 0xDC, 0xE2, 0xDC,
  0xDC, 0xF4, 0xFA, 0xA5, 0xDC, 0xF9, 0xDC, 0xDC, 0xF6, 0xF6, 0xD3, 0xDC, 0xDC, 0xF4, 0xDC, 0xF4,
  0xF4, 0xDC, 0xDC, 0xF4, 0xF4, 0xDC, 0xF4, 0xF4, 0xDC, 0xB5, 0xF4, 0x77, 0xF9, 0xF6, 0xDC, 0xF4,
  0x4E, 0xF4, 0xDC, 0xF4, 0xB5, 0xF4, 0x77, 0xDC, 0xDC, 0x74, 0xF7, 0xF4, 0xF4, 0xF4, 0xDC, 0xF4,
  0xF4, 0xDC, 0xF4, 0xF4, 0x74, 0xDC, 0xF4, 0xB5, 0xB5, 0xF4, 0x77, 0xDC, 0xF4, 0xDC, 0xDC, 0xFA,
  0xF6, 0xF6, 0xF9, 0xE9, 0xE9, 0xF6, 0xDC, 0xFA, 0xF6, 0xF9, 0xF6, 0xF6, 0xF9, 0xF6, 0xDC, 0xDC,
  0xF6, 0xF6, 0xE9, 0xF6, 0xDC, 0xE8, 0xF6, 0xF6, 0xE8, 0xE8, 0xF6, 0xF9, 0xF6, 0xF6, 0xF6, 0xE9,
  0xDC, 0xF6, 0xDC, 0xF6, 0xF6, 0xF9, 0xF9, 0xA5, 0xDC, 0xF9, 0xF4, 0xDC, 0xF4, 0xF9, 0xDC, 0x74,
  0xB5, 0xF4, 0xB5, 0xF4, 0xF4, 0x74, 0x74, 0xF9, 0xDC, 0x77, 0xF4, 0xF4, 0x77, 0xDC, 0xDC, 0xF4,
  0xF4, 0x74, 0xF9, 0x74, 0xF6, 0xF4, 0x74, 0xDC, 0xDC, 0xDC, 0x41, 0xFA, 0xA5, 0xFA, 0xB5, 0xF4,
  0xF4, 0xDC, 0xDC, 0xDC, 0xF6, 0xF6, 0xF6, 0xF6, 0xA5, 0xF6, 0xF6, 0xE8, 0xDC, 0xF6, 0xF6, 0xDC,
  0xF9, 0xFA, 0xFA, 0xDC, 0xF4, 0xFA, 0xDC, 0xF4, 0xB5, 0xF7, 0xF4, 0xF4, 0xDC, 0xDC, 0xF4, 0xA5,
  0xA5, 0xDC, 0xA5, 0xDC, 0xDC, 0xA5, 0xD3, 0xD3, 0xE2, 0x36, 0xD7, 0xD7, 0xD7, 0xD7, 0xD7, 0xD7,
  0xBA, 0x1C, 0x09, 0x11, 0x52, 0x08, 0xE0, 0x1A, 0x1A, 0x1A, 0x1A, 0x07, 0x3F, 0x12, 0x12, 0x14,
  0x0B, 0x12, 0x12, 0x06, 0x05, 0x08, 0x08, 0xE0, 0xE0, 0x1A, 0x08, 0x18, 0x1A, 0xE0, 0xE0, 0x09,
  0x08, 0xC2, 0x36, 0xDD, 0xC8, 0x3C, 0x40, 0xF9, 0xC8, 0xC8, 0xC8, 0xDD, 0xD3, 0xED, 0xED, 0xED,
  0xED, 0xC8, 0xF2, 0xF6, 0xC8, 0xC8, 0xC8, 0xF9, 0xF9, 0xF6, 0xC8, 0xC8, 0xC8, 0xC8, 0xD3, 0xD3,
  0xD3, 0xFA, 0xD3, 0xE2, 0xE2, 0xD3, 0xFA, 0xFA, 0xFA, 0xD3, 0xFA, 0xFA, 0xC8, 0xD3, 0xF9, 0xD3,
  0xD3, 0xA5, 0xFA, 0xFA, 0x80, 0xF7, 0xF4, 0xFA, 0xFA, 0x20, 0xD3, 0xF4, 0xFA, 0xDC, 0xFA, 0xDC,
  0xDC, 0xFA, 0x74, 0xFA, 0xFA, 0xDC, 0xFA, 0xFA, 0xDC, 0xF4, 0xD3, 0xDC, 0xF9, 0xFA, 0xF6, 0xC8,
  0xF6, 0xF6, 0xC8, 0xF9, 0xF9, 0xC8, 0xC8, 0xD3, 0xC8, 0xF6, 0xF9, 0xF9, 0xE8, 0xF6, 0xF6, 0xF6,
  0xE8, 0xD3, 0xC8, 0xF6, 0x85, 0xF9, 0xF6, 0xC8, 0xF9, 0x3B, 0xF9, 0xE8, 0xE8, 0xF6, 0xC8, 0xC8,
  0xF6, 0xC8, 0xF9, 0xF6, 0xF9, 0xF9, 0xF9, 0xF6, 0xD3, 0xDC, 0xF4, 0xF9, 0xF6, 0xF6, 0xF6, 0x85,
  0xF6, 0xDC, 0xF4, 0xF4, 0xFA, 0xFA, 0xC8, 0xF9, 0xC8, 0xDC, 0xDC, 0xD3, 0xED, 0xF6, 0xF6, 0xD3,
  0xE8, 0xE8, 0xF9, 0xF9, 0xF6, 0xF6, 0xF9, 0xF9, 0xC8, 0xC8, 0xED, 0xF6, 0x40, 0xD3, 0xD3, 0xD3,
  0xA5, 0xF9, 0xF9, 0xC8, 0xED, 0xF9, 0xF9, 0xF9, 0xC8, 0xC8, 0x85, 0xF6, 0xF6, 0xF6, 0xC8, 0xC8,
  0x40, 0xFA, 0xD3, 0xD3, 0xD3, 0xD3, 0x74, 0xD3, 0xDC, 0xDC, 0xF7, 0xFA, 0x20, 0xFA, 0xDD, 0xE2,
  0xD3, 0xFA, 0xD3, 0xD7, 0xDD, 0xFA, 0xD3, 0xC8, 0xDD, 0xDD, 0xD7, 0xD7, 0xD7, 0x41, 0xD3, 0xD7,
  0xE0, 0x1A, 0x0A, 0xE0, 0x1A, 0x08, 0x1A, 0xC2, 0x1B, 0x3D, 0x1A, 0x07, 0x3F, 0x12, 0x12, 0x12,
  0x0B, 0x12, 0x12, 0x06, 0x05, 0x07, 0x07, 0x08, 0x23, 0x08, 0x08, 0x07, 0x18, 0x1A, 0x3D, 0x3D,
  0x13, 0x51, 0xE0, 0xC2, 0xC2, 0xE2, 0xDD, 0xE2, 0xD7, 0xD7, 0xD3, 0xD4, 0xE2, 0xDD, 0xD4, 0xD3,
  0xD7, 0xE2, 0xE2, 0xA5, 0xD7, 0xD3, 0xD3, 0xA5, 0xB8, 0xD7, 0xD7, 0x3A, 0xB8, 0xE2, 0xD7, 0xA5,
  0xB8, 0xD7, 0xD7, 0x3A, 0xD7, 0xD7, 0xD7, 0xD3, 0xD3, 0xB8, 0x73, 0xA5, 0xB8, 0x20, 0xB8, 0xD7,
  0xD7, 0x6F, 0x50, 0x20, 0x50, 0xB8, 0x20, 0x20, 0x20, 0xB8, 0x20, 0xFA, 0x73, 0x73, 0x73, 0x73,
  0x20, 0x20, 0x80, 0x20, 0x20, 0x80, 0xD3, 0x20, 0x73, 0x73, 0x80, 0x80, 0xD7, 0xA5, 0xD3, 0xDC,
  0xE2, 0xA5, 0xE2, 0xD3, 0xA5, 0xD7, 0xD4, 0xD7, 0x84, 0xDC, 0xE2, 0xE2, 0xA5, 0xDC, 0xDC, 0x84,
  0x84, 0xE2, 0xE2, 0xED, 0xA5, 0xE2, 0xE2, 0xE2, 0xED, 0xE2, 0xE2, 0xA5, 0xE2, 0xD3, 0xFA, 0xE2,
  0xD3, 0xE2, 0xE2, 0xD3, 0xA5, 0xD3, 0xDD, 0xA5, 0x84, 0x84, 0xA5, 0xDC, 0xA5, 0xDC, 0xDC, 0xDC,
  0xDC, 0xD7, 0xB8, 0x73, 0x6F, 0xD7, 0xA5, 0xA5, 0xB8, 0x20, 0xD7, 0xA5, 0xD7, 0xDC, 0xA5, 0xD7,
  0xD7, 0xD7, 0xE2, 0xD7, 0xA5, 0xA5, 0xDC, 0xA5, 0xD7, 0xB8, 0xD7, 0xD7, 0xB8, 0xD7, 0xB8, 0x80,
  0xD7, 0xD3, 0xD3, 0xE2, 0xD7, 0xE2, 0xA5, 0xE2, 0xD7, 0xD7, 0xE2, 0xD7, 0xD4, 0xE2, 0xD3, 0xD7,
  0xD7, 0xB8, 0x84, 0xD7, 0xD7, 0xD7, 0x73, 0x73, 0x73, 0x73, 0x80, 0xB8, 0xD7, 0xB8, 0xB8, 0xD7,
  0xD7, 0x20, 0xD7, 0xD7, 0xD7, 0xD7, 0xD7, 0xDD, 0xD7, 0xD7, 0xD3, 0xF9, 0xF6, 0x91, 0x62, 0x39,
  0xE0, 0xE0, 0xE0, 0xE0, 0x1A, 0x1A, 0x36, 0xDD, 0x40, 0x40, 0xD7, 0x08, 0x3F, 0x12, 0x12, 0x12,
  0x0B, 0x12, 0x12, 0x3F, 0x05, 0x05, 0x05, 0x06, 0x23, 0x52, 0x08, 0x1A, 0xC2, 0xBA, 0x3D, 0x3D,
  0x51, 0xB2, 0x3D, 0xC2, 0x3A, 0x3A, 0x3A, 0x0A, 0x6F, 0xD7, 0xD7, 0x6F, 0xD4, 0x6F, 0xD7, 0xB8,
  0x6F, 0x6F, 0x80, 0x73, 0x6F, 0x84, 0xD7, 0xA5, 0xA5, 0x84, 0x6F, 0xA5, 0xA5, 0xA5, 0xDC, 0xA5,
  0xA5, 0x80, 0xA5, 0xDC, 0xDC, 0xDC, 0x77, 0x77, 0xDC, 0xDC, 0x80, 0xF7, 0xDC, 0x80, 0x80, 0x80,
  0xDC, 0x80, 0x73, 0x80, 0x20, 0x80, 0x80, 0xF7, 0xF4, 0xF4, 0xA5, 0xDC, 0x77, 0xA5, 0x73, 0x80,
  0x77, 0xDC, 0x80, 0xDC, 0xDC, 0x80, 0xDC, 0x80, 0x80, 0xF7, 0xF7, 0x77, 0x80, 0xDC, 0xF7, 0x77,
  0x77, 0xDC, 0xD7, 0x84, 0xA5, 0xA5, 0xDC, 0xF7, 0xDC, 0xA5, 0x77, 0xDC, 0x77, 0x77, 0xDC, 0xDC,
  0xF4, 0xF4, 0xDC, 0xF4, 0xDC, 0xDC, 0x74, 0xA5, 0xA5, 0xDC, 0xDC, 0x84, 0x84, 0xA5, 0xDC, 0xA5,
  0x84, 0xDC, 0xDC, 0xDC, 0xA5, 0x84, 0x84, 0xA5, 0xA5, 0xF7, 0x77, 0xA5, 0xDC, 0xF4, 0xF4, 0xDC,
  0xA5, 0xF7, 0xF7, 0xF7, 0xF7, 0xF7, 0xDC, 0xA5, 0xA5, 0xDC, 0xDC, 0xA5, 0xDC, 0x77, 0xDC, 0x77,
  0xA5, 0xA5, 0x77, 0xA5, 0x84, 0x73, 0xDC, 0x77, 0xA5, 0x80, 0xDC, 0x80, 0xF7, 0x80, 0x80, 0xDC,
  0xDC, 0x77, 0x77, 0x77, 0xDC, 0x73, 0xA5, 0xDC, 0xDC, 0xA5, 0x84, 0xDC, 0xDC, 0x80, 0xDC, 0xDC,
  0xDC, 0xDC, 0xA5, 0x20, 0x80, 0xDC, 0xDC, 0xDC, 0x77, 0x80, 0x80, 0x20, 0x80, 0x73, 0x80, 0xF7,
  0x80, 0x73, 0x73, 0x73, 0x6F, 0x3A, 0x6F, 0xD7, 0xD7, 0xD4, 0xDD, 0x85, 0xF9, 0xD3, 0x1E, 0x1B,
  0x08, 0x1A, 0x1A, 0xBA, 0x39, 0x1A, 0xD3, 0xD3, 0xE2, 0xC8, 0x38, 0x06, 0x3F, 0x12, 0x12, 0x14,
  0x0B, 0x12, 0x12, 0x06, 0x07, 0x07, 0x04, 0x05, 0x08, 0x52, 0x1A, 0x1A, 0x36, 0xD7, 0x3D, 0x3D,
  0x13, 0x79, 0x1A, 0x0A, 0xD7, 0x6F, 0x6F, 0x6F, 0x73, 0x80, 0x80, 0x80, 0x80, 0x77, 0x77, 0xF7,
  0xDC, 0xF7, 0xF7, 0x77, 0xF7, 0xF7, 0xF4, 0xB5, 0xB5, 0xF4, 0xF4, 0x4E, 0xB5, 0x77, 0x77, 0xDC,
  0xF4, 0x4E, 0x4E, 0x4E, 0x4E, 0x4E, 0x4E, 0x4E, 0x4E, 0x4E, 0x4E, 0x4E, 0x4E, 0x4E, 0x92, 0x92,
  0xB5, 0x7E, 0x7E, 0x4E, 0x4E, 0x7E, 0x7E, 0x7E, 0x7E, 0x7C, 0x7C, 0x4E, 0x4F, 0x75, 0x77, 0xF4,
  0xB5, 0x75, 0x21, 0xF4, 0xB5, 0xB5, 0xB5, 0xB5, 0xB5, 0x92, 0x7C, 0x7C, 0x7C, 0x75, 0x7E, 0x7C,
  0x7E, 0x7E, 0xF4, 0xF4, 0xB5, 0x4E, 0x4E, 0x4E, 0xF4, 0x75, 0x4E, 0xF4, 0xF4, 0x7C, 0x7C, 0x7C,
  0x4E, 0x4E, 0x4E, 0x4E, 0x7C, 0x4E, 0x7D, 0x7C, 0x75, 0xB5, 0x4E, 0xF4, 0xF4, 0xB5, 0xB5, 0xF4,
  0x77, 0x4E, 0x4E, 0x77, 0x77, 0xDC, 0xF4, 0xB5, 0x4E, 0x4E, 0x4E, 0x4E, 0x7C, 0x4E, 0x4E, 0x4E,
  0x4E, 0x4E, 0x4E, 0x4E, 0x92, 0x7C, 0x7C, 0xB5, 0x7E, 0x7C, 0x4E, 0x7C, 0x7E, 0x7E, 0x7E, 0x7C,
  0x4E, 0x4E, 0x4F, 0x7E, 0x77, 0xF4, 0x75, 0x75, 0xF4, 0x21, 0x75, 0xB5, 0xB5, 0xB5, 0xB5, 0xB5,
  0x7C, 0x4E, 0x7E, 0x7C, 0x75, 0xF4, 0xB5, 0xB5, 0xF4, 0xF4, 0x75, 0x75, 0x7C, 0x7E, 0xB5, 0x7E,
  0xB5, 0xF4, 0xB5, 0xB5, 0xB5, 0x4E, 0x4E, 0xB5, 0x75, 0xF4, 0xF4, 0xF4, 0xF4, 0xF4, 0xF4, 0xF4,
  0xF7, 0x77, 0x77, 0xDC, 0xA5, 0x73, 0x73, 0xB8, 0xE2, 0xDD, 0x36, 0xB8, 0x41, 0x20, 0x64, 0xB9,
  0xBA, 0x1A, 0x1A, 0xE0, 0x39, 0x0A, 0xD7, 0xE2, 0xC2, 0xC2, 0xBA, 0x06, 0x3F, 0x12, 0x12, 0x12,
  0x0B, 0x12, 0x12, 0x06, 0x07, 0x07, 0x05, 0x05, 0x07, 0x08, 0x1A, 0xE0, 0x36, 0xE0, 0x5E, 0xA3,
  0x3D, 0xC2, 0xD7, 0x3A, 0xD4, 0xD7, 0x73, 0x73, 0xA5, 0xA5, 0x77, 0xF4, 0xF4, 0xB5, 0x7E, 0x75,
  0x75, 0x7E, 0x75, 0x21, 0xF4, 0x75, 0x7C, 0x4E, 0x4E, 0x4E, 0x7D, 0x4E, 0x4E, 0x4E, 0x4E, 0x4E,
  0x4E, 0x4E, 0x7D, 0x7D, 0xBD, 0x7D, 0xBD, 0x4E, 0x4E, 0x7D, 0x4E, 0x4E, 0xBD, 0x4E, 0x4E, 0x4E,
  0x4E, 0x4E, 0x4E, 0x4E, 0x4E, 0x4E, 0x4E, 0x4E, 0x4E, 0x4E, 0x4E, 0x7C, 0x4E, 0x7C, 0x7E, 0x7C,
  0x4E, 0x7C, 0x7C, 0x7C, 0x7C, 0x4E, 0x4E, 0x4E, 0x4E, 0x7C, 0x7C, 0x7C, 0x7C, 0x7C, 0x7C, 0x4E,
  0x4E, 0x4E, 0x4E, 0x7C, 0x7C, 0x4E, 0x4E, 0x4E, 0x4E, 0x4E, 0x7D, 0x4E, 0x4E, 0x4E, 0x4E, 0x4E,
  0x4E, 0x4E, 0x4E, 0x7D, 0x4E, 0x7D, 0x7D, 0x4E, 0x4E, 0x4E, 0x7D, 0x7D, 0x7D, 0x4E, 0x4E, 0x4E,
  0x7D, 0x4E, 0x4E, 0x4E, 0x4E, 0x4E, 0x4E, 0x4E, 0x7D, 0x7D, 0xBD, 0x7D, 0xBD, 0x4E, 0x4E, 0x7D,
  0x4E, 0x4E, 0xBD, 0x4E, 0x4E, 0x4E, 0x4E, 0x4E, 0x4E, 0x4E, 0x4E, 0x4E, 0x4E, 0x4E, 0x4E, 0x4E,
  0x4E, 0x4E, 0x4E, 0x7C, 0x7E, 0x7E, 0x7C, 0x4E, 0x7C, 0x7C, 0x7C, 0x4E, 0x4E, 0x4E, 0x4E, 0x4E,
  0x4E, 0x4E, 0x4E, 0x4E, 0x4E, 0x4E, 0x7C, 0x7C, 0x7C, 0x7C, 0x7C, 0x4E, 0x4E, 0x4E, 0x7C, 0x4E,
  0x4E, 0x4E, 0x4E, 0x4E, 0x4E, 0x7C, 0x7C, 0x7C, 0x7C, 0x7C, 0x7C, 0x7C, 0x7C, 0x92, 0xB5, 0x75,
  0x75, 0x21, 0xF4, 0xF4, 0x77, 0x20, 0x73, 0xB8, 0xC8, 0xC8, 0xDD, 0x62, 0x9D, 0xB7, 0x1C, 0xBA,
  0xE0, 0x1A, 0xE0, 0xC2, 0x1A, 0x1A, 0xDD, 0xC8, 0xC8, 0x36, 0x09, 0x08, 0x3F, 0x12, 0x12, 0x14,
  0x0B, 0x12, 0x12, 0x06, 0x05, 0x05, 0x05, 0x07, 0x05, 0x08, 0x1A, 0xE0, 0xE0, 0x52, 0x14, 0x13,
  0x36, 0xED, 0xC8, 0xD3, 0xE2, 0xD7, 0xA5, 0x80, 0xF7, 0x77, 0xF4, 0x75, 0x7E, 0x7E, 0x7E, 0x7E,
  0x7E, 0x7E, 0x7E, 0x75, 0x75, 0x7C, 0x7C, 0x7D, 0x4E, 0x4E, 0x4E, 0x4E, 0x4E, 0x7D, 0x4E, 0x4E,
  0x7D, 0x7D, 0x7D, 0x7D, 0x7D, 0x7D, 0xBD, 0xBD, 0x7D, 0x4E, 0x4E, 0x4E, 0x7D, 0x4E, 0x4E, 0x7D,
  0x7D, 0x7D, 0x7D, 0x7D, 0x7D, 0x7D, 0x4E, 0x4E, 0x4E, 0x7C, 0x7C, 0x4E, 0x7C, 0x7C, 0x7C, 0x7C,
  0x4E, 0x4E, 0x4E, 0x4E, 0x4E, 0x4E, 0x4E, 0x4E, 0x4E, 0x4E, 0x4E, 0x4E, 0x4E, 0x4E, 0x4E, 0x4E,
  0x4E, 0x4E, 0x7C, 0x4E, 0x4E, 0x4E, 0x4E, 0x4E, 0x4E, 0x7D, 0x7D, 0x7D, 0x4E, 0x4E, 0x7D, 0x4E,
  0x4E, 0x4E, 0x4E, 0x4E, 0x4E, 0x4E, 0x4E, 0x7D, 0x4E, 0x7D, 0x7D, 0x7D, 0x4E, 0x7D, 0x4E, 0x4E,
  0x7D, 0x4E, 0x4E, 0x7D, 0x4E, 0x4E, 0x4E, 0x7D, 0x7D, 0x7D, 0x7D, 0x7D, 0x7D, 0x4E, 0x7D, 0x4E,
  0x4E, 0x4E, 0x7D, 0x4E, 0x4E, 0x7D, 0x7D, 0x7D, 0x7D, 0x7D, 0x7D, 0x7D, 0x4E, 0x4E, 0x4E, 0x7C,
  0x7C, 0x4E, 0x7C, 0x7C, 0x7C, 0x7C, 0x4E, 0x4E, 0x4E, 0x4E, 0x4E, 0x4E, 0x4E, 0x4E, 0x4E, 0x4E,
  0x4E, 0x4E, 0x4E, 0x4E, 0x4E, 0x4E, 0x4E, 0x7C, 0x4E, 0x4E, 0x4E, 0x7C, 0x7C, 0x7E, 0x7C, 0x7C,
  0x7C, 0x4E, 0x4E, 0x4E, 0x7C, 0x7C, 0x4E, 0x7C, 0x7C, 0x7C, 0x7C, 0x7E, 0x4E, 0x4E, 0xB5, 0x75,
  0x7E, 0xB5, 0xF4, 0xF7, 0x80, 0x80, 0x6F, 0xB8, 0xDD, 0xD7, 0xD7, 0x1E, 0x1D, 0x34, 0xB8, 0xC2,
  0x1C, 0xBA, 0x1A, 0xD7, 0xC2, 0xC8, 0x40, 0xC2, 0x38, 0x3D, 0x1A, 0x07, 0x3F, 0x12, 0x12, 0x14,
  0x0B, 0x12, 0x12, 0x06, 0x05, 0x05, 0x07, 0x06, 0x0B, 0x07, 0x07, 0x08, 0x08, 0x13, 0x0B, 0x08,
  0xC2, 0xC8, 0xED, 0xDD, 0xFA, 0xA5, 0x80, 0xF4, 0xF4, 0xF4, 0xB5, 0x7C, 0x7C, 0x7C, 0x7C, 0x7C,
  0xF4, 0xF4, 0x75, 0x7C, 0x7C, 0x7C, 0x7C, 0x7D, 0x7D, 0x4E, 0x4E, 0x4E, 0x4E, 0x4E, 0x7D, 0x7D,
  0x7D, 0x7D, 0x4E, 0x4E, 0x7D, 0x4E, 0x7D, 0x7D, 0x7D, 0x7D, 0x7D, 0x4E, 0x7D, 0x7D, 0x7D, 0x7D,
  0x7D, 0x7D, 0x7D, 0x7D, 0x7D, 0x7D, 0x7D, 0x4E, 0x4E, 0x4E, 0x7C, 0x4E, 0x4E, 0x4E, 0x4E, 0x7D,
  0x7D, 0x4E, 0x4E, 0x4E, 0x4E, 0x4E, 0x4E, 0x4E, 0x4E, 0x4E, 0x4E, 0x4E, 0x4E, 0x4E, 0x7D, 0x4E,
  0x7C, 0x4E, 0x7C, 0x4E, 0x4E, 0x4E, 0x4E, 0x4E, 0x4E, 0x7D, 0x7D, 0x7D, 0x7D, 0x7D, 0x7D, 0xBD,
  0xBD, 0x4E, 0x4E, 0x4E, 0x4E, 0x4E, 0x7D, 0x7D, 0x4E, 0x4E, 0x4E, 0x7D, 0x7D, 0x7D, 0x7D, 0x7D,
  0x4E, 0x4E, 0x4E, 0x4E, 0x7D, 0x7D, 0x7D, 0x7D, 0x7D, 0x4E, 0x7D, 0x4E, 0x7D, 0x7D, 0x7D, 0x7D,
  0x7D, 0x4E, 0x7D, 0x7D, 0x4E, 0x7D, 0x7D, 0x7D, 0x7D, 0x7D, 0x7D, 0x7D, 0x4E, 0x4E, 0x4E, 0x4E,
  0x4E, 0x7C, 0x4E, 0x4E, 0x4E, 0x7D, 0x7D, 0x4E, 0x4E, 0x4E, 0x4E, 0x4E, 0x4E, 0x4E, 0xBD, 0x4E,
  0x4E, 0x4E, 0x7D, 0x7D, 0x4E, 0x4E, 0x4E, 0x4E, 0x4E, 0x7D, 0x7D, 0x4E, 0x4E, 0x4E, 0x4E, 0x7C,
  0x7C, 0x4E, 0x4E, 0x4E, 0x7C, 0x4E, 0x4E, 0x4E, 0x7E, 0x7E, 0x7C, 0x7C, 0x7C, 0x7C, 0x7C, 0x7C,
  0x7C, 0x7C, 0xF4, 0x21, 0xF7, 0xF4, 0xDC, 0xD7, 0x6F, 0x6F, 0x6F, 0x0A, 0x39, 0xE0, 0x0A, 0x1A,
  0xC2, 0xDD, 0x1A, 0xC2, 0xD3, 0x40, 0xDD, 0x1A, 0x1A, 0x1A, 0x18, 0x05, 0x3F, 0x12, 0x12, 0x14,
  0x0B, 0x12, 0x12, 0x06, 0x05, 0x07, 0x06, 0x0B, 0x0B, 0x08, 0x07, 0x08, 0x09, 0x08, 0x08, 0xD7,
  0xC2, 0x36, 0xD7, 0x3A, 0xD7, 0xA5, 0xD7, 0xF7, 0xF4, 0xDC, 0xF7, 0xB5, 0x7E, 0xB5, 0x92, 0xB5,
  0xF7, 0x75, 0x92, 0x7C, 0x7C, 0x7C, 0x7C, 0x7D, 0x7D, 0x4E, 0x4E, 0x4E, 0x4E, 0x4E, 0x4E, 0x4E,
  0x7D, 0x7D, 0x4E, 0x4E, 0x4E, 0x7D, 0x7D, 0x7D, 0x7D, 0x7D, 0x7D, 0x7D, 0x7D, 0x7D, 0x7D, 0x7D,
  0x7D, 0x7D, 0x7D, 0x7D, 0x7D, 0x7D, 0x7D, 0x4E, 0x4E, 0x4E, 0x4E, 0x4E, 0x4E, 0x4E, 0x4E, 0x4E,
  0x4E, 0xBD, 0x4E, 0x4E, 0x4E, 0x4E, 0x7D, 0x7D, 0x4E, 0x4E, 0x4E, 0x7C, 0x4E, 0x4E, 0x4E, 0x4E,
  0x7C, 0x7C, 0x4E, 0x7D, 0x7D, 0x7D, 0x4E, 0x4E, 0x4E, 0x4E, 0xBD, 0x7D, 0xBD, 0x7D, 0xBD, 0x4E,
  0x4E, 0xBD, 0x4E, 0x4E, 0x4E, 0x7D, 0xBD, 0x7D, 0x7D, 0x4E, 0x4E, 0x7D, 0x7D, 0x7D, 0x7D, 0x4E,
  0x4E, 0x4E, 0x4E, 0x4E, 0x4E, 0x4E, 0x7D, 0x7D, 0x4E, 0x4E, 0x4E, 0x4E, 0x7D, 0x7D, 0x7D, 0x7D,
  0x7D, 0x7D, 0x7D, 0x7D, 0x7D, 0x7D, 0x7D, 0x7D, 0x7D, 0x7D, 0x7D, 0x7D, 0x7D, 0x7D, 0x4E, 0x4E,
  0x4E, 0x4E, 0x4E, 0x4E, 0x4E, 0x4E, 0x4E, 0xBD, 0x4E, 0x4E, 0x4E, 0x4E, 0x7D, 0x7D, 0x7D, 0xBD,
  0x7D, 0x7D, 0xBD, 0xBD, 0xBD, 0x4E, 0x4E, 0x4E, 0x4E, 0x4E, 0x7C, 0x4E, 0x4E, 0x4E, 0x7C, 0x7C,
  0x7C, 0x4E, 0x4E, 0x7C, 0x7C, 0x4E, 0x4E, 0x7C, 0x7C, 0x7C, 0x7C, 0x4E, 0x4E, 0x7C, 0x4E, 0x7C,
  0x7C, 0x7C, 0x75, 0x21, 0x21, 0x75, 0xDC, 0x80, 0x73, 0x73, 0x73, 0xD7, 0xC2, 0xD7, 0xC2, 0x1A,
  0x1A, 0xD3, 0xDD, 0xC2, 0xD7, 0xC2, 0xD7, 0x08, 0x05, 0x05, 0x18, 0x05, 0x3F, 0x12, 0x12, 0x14,
  0x0B, 0x12, 0x12, 0x06, 0x05, 0x07, 0x3F, 0x12, 0x0B, 0x08, 0x07, 0x1A, 0x07, 0x18, 0x08, 0xC2,
  0xC2, 0x0A, 0x0A, 0xD7, 0xD7, 0xD4, 0xD4, 0xDC, 0xF7, 0xF4, 0xB5, 0xB5, 0x7C, 0x7C, 0x4E, 0x4E,
  0x75, 0x4E, 0x7C, 0x7E, 0x7E, 0x7E, 0x7C, 0x4E, 0x4E, 0x7C, 0x7C, 0x7C, 0x7C, 0x7C, 0x7C, 0x7C,
  0x4E, 0x4E, 0x4E, 0x7D, 0x7D, 0x7D, 0x7D, 0x4E, 0x7D, 0x4E, 0x4E, 0x7D, 0x7D, 0x7D, 0x7D, 0x7D,
  0x7D, 0x7D, 0x7D, 0x7D, 0x7D, 0x7D, 0x4E, 0x7D, 0x7D, 0x7D, 0x4E, 0x7D, 0x4E, 0x7D, 0x4E, 0x4E,
  0x4E, 0x4E, 0x7D, 0x7D, 0x7D, 0x7D, 0x7D, 0x7D, 0xBD, 0x7D, 0x4E, 0x4E, 0x4E, 0x7E, 0x7C, 0x4E,
  0x4E, 0x7D, 0x4E, 0x4E, 0x7D, 0x7D, 0x7D, 0x7D, 0x7D, 0x7D, 0x4E, 0x4E, 0x4E, 0x4E, 0x4E, 0x4E,
  0x4E, 0x4E, 0x4E, 0x4E, 0x4E, 0x7D, 0x7D, 0x7D, 0x7D, 0x7D, 0x7D, 0x7D, 0x7D, 0x4E, 0x4E, 0x4E,
  0x7C, 0x7C, 0x7C, 0x7C, 0x7C, 0x7C, 0x4E, 0x4E, 0x4E, 0x4E, 0x7D, 0x7D, 0x7D, 0x4E, 0x7D, 0x4E,
  0x4E, 0x7D, 0x7D, 0x7D, 0x7D, 0x7D, 0x7D, 0x7D, 0x7D, 0x7D, 0x7D, 0x7D, 0x4E, 0x4E, 0x7D, 0x7D,
  0x7D, 0x7D, 0x4E, 0x4E, 0x4E, 0x4E, 0x4E, 0x4E, 0x7D, 0x7D, 0x7D, 0x7D, 0x7D, 0x7D, 0x4E, 0x4E,
  0x4E, 0x4E, 0x4E, 0x4E, 0x4E, 0x4E, 0x4E, 0x4E, 0x4E, 0x4E, 0x4E, 0x4E, 0x4E, 0x4E, 0x4E, 0x7C,
  0x7C, 0x7C, 0x7C, 0x4E, 0x7C, 0x4E, 0x4E, 0x7C, 0x7C, 0x7C, 0x7C, 0x4E, 0x7D, 0x92, 0x7C, 0x92,
  0x75, 0x75, 0xF4, 0xF4, 0x21, 0xF4, 0x80, 0x80, 0x73, 0x6F, 0x6F, 0xD7, 0xE0, 0xE0, 0xC2, 0xE0,
  0xC2, 0xD7, 0xC8, 0x3D, 0xD7, 0x1A, 0x36, 0xE0, 0x18, 0x07, 0x07, 0x05, 0x3F, 0x12, 0x12, 0x14,
  0x0B, 0x12, 0x12, 0x06, 0x07, 0x06, 0x3F, 0x3F, 0x3F, 0x08, 0x1A, 0x07, 0x07, 0x08, 0x0A, 0xC2,
  0xC2, 0x0A, 0x0A, 0xB8, 0xD3, 0xDC, 0xDC, 0x77, 0xF4, 0xF4, 0xB5, 0x7C, 0x7C, 0x4E, 0x4E, 0x7C,
  0xB5, 0x7E, 0x75, 0x7E, 0x7E, 0x7C, 0x4E, 0x4E, 0x4E, 0x4E, 0xB3, 0xB3, 0x7D, 0x7D, 0x4E, 0x7C,
  0x4E, 0x4E, 0x4E, 0x4E, 0x7D, 0x4E, 0x4E, 0x4E, 0x4E, 0x4E, 0xBD, 0x4E, 0x7D, 0x7D, 0x7D, 0x7D,
  0x7D, 0x7D, 0x7D, 0x7D, 0x7D, 0x4E, 0x4E, 0x7D, 0x4E, 0x7D, 0x7D, 0x7D, 0x4E, 0x7D, 0x4E, 0x7D,
  0x7D, 0x7D, 0x7D, 0x7D, 0x4E, 0x4E, 0x4E, 0x4E, 0x4E, 0x4E, 0x4E, 0x4E, 0x4E, 0x4E, 0x4E, 0x4E,
  0x4E, 0x7D, 0x4E, 0x4E, 0x4E, 0x4E, 0x4E, 0x4E, 0x4E, 0x7D, 0x7D, 0x7D, 0x7D, 0x7D, 0x7D, 0x7D,
  0x7D, 0x7D, 0x4E, 0x4E, 0x4E, 0x7D, 0x7D, 0x7D, 0x7D, 0x7D, 0x7D, 0x7D, 0x4E, 0x4E, 0x4E, 0x4E,
  0xE7, 0xB1, 0xE7, 0x7D, 0x4E, 0x7C, 0x4E, 0x4E, 0x4E, 0x4E, 0x7D, 0x4E, 0x4E, 0x4E, 0x4E, 0x4E,
  0x4E, 0x4E, 0x7D, 0x7D, 0x7D, 0x7D, 0x7D, 0x7D, 0x7D, 0x7D, 0x7D, 0x4E, 0x4E, 0x7D, 0x4E, 0x7D,
  0x7D, 0x7D, 0x7D, 0x7D, 0x4E, 0x7D, 0x7D, 0x7D, 0x7D, 0x7D, 0x4E, 0x4E, 0x4E, 0x4E, 0x4E, 0x4E,
  0x4E, 0x4E, 0x4E, 0x4E, 0x4E, 0x4E, 0x4E, 0x4E, 0x4E, 0x4E, 0x4E, 0x4E, 0x4E, 0x4E, 0x7C, 0x4E,
  0x4E, 0x7C, 0x4E, 0x7C, 0x7C, 0x7C, 0x7C, 0x7C, 0x7C, 0x7C, 0x7C, 0x4E, 0x7D, 0x4E, 0xB5, 0xF4,
  0x77, 0x21, 0xB5, 0xB5, 0x75, 0x75, 0xF4, 0x73, 0x73, 0xD7, 0xD7, 0xD7, 0xC2, 0xE0, 0xD7, 0xD7,
  0xE0, 0xD7, 0xD7, 0xC2, 0xD7, 0x1A, 0xBA, 0x1A, 0x18, 0x1A, 0x08, 0x07, 0x3F, 0x12, 0x12, 0x12,
  0x0B, 0x12, 0x12, 0x06, 0x07, 0x06, 0x3F, 0x08, 0x07, 0x08, 0x1A, 0x1A, 0x0A, 0x08, 0xE0, 0xC2,
  0x0A, 0xD7, 0x6F, 0x73, 0xDC, 0xDC, 0x77, 0xF4, 0xF4, 0x77, 0x77, 0xB5, 0xB5, 0x92, 0xB5, 0x75,
  0x75, 0x7E, 0x7C, 0x7C, 0x7C, 0x92, 0x92, 0x7D, 0x4E, 0x7D, 0x7D, 0x7D, 0x4E, 0x7C, 0x7C, 0x4E,
  0x4E, 0x4E, 0x4E, 0x7D, 0x7D, 0x7D, 0x7D, 0x4E, 0x4E, 0x7D, 0x7D, 0x4E, 0x4E, 0x4E, 0x4E, 0x4E,
  0x7D, 0x4E, 0x4E, 0x7D, 0x7D, 0x4E, 0x7D, 0x4E, 0x7D, 0x4E, 0x7D, 0x4E, 0x4E, 0x4E, 0x7D, 0x7D,
  0x7D, 0x7D, 0x7D, 0x7D, 0x7D, 0x7D, 0x4E, 0x4E, 0x4E, 0x4E, 0x4E, 0x4E, 0x7D, 0x7D, 0x4E, 0x4E,
  0x7D, 0x4E, 0x7D, 0x4E, 0x7D, 0x4E, 0x7D, 0x4E, 0x4E, 0x7D, 0x7D, 0x4E, 0x7D, 0x7D, 0x7D, 0x7D,
  0x7D, 0x7D, 0x7D, 0x7D, 0x7D, 0x4E, 0x7D, 0x7D, 0x7D, 0x7D, 0x7D, 0x7D, 0x4E, 0x7D, 0x4E, 0x7D,
  0x7D, 0x7D, 0x4E, 0xB5, 0x7C, 0x4E, 0x4E, 0x4E, 0x4E, 0x7D, 0x7D, 0x7D, 0x7D, 0x7D, 0x4E, 0x7D,
  0x7D, 0x4E, 0x4E, 0x4E, 0x4E, 0x4E, 0x7D, 0x4E, 0x4E, 0x7D, 0x7D, 0x4E, 0x7D, 0x4E, 0x7D, 0x4E,
  0x4E, 0x4E, 0x4E, 0x4E, 0x7D, 0x7D, 0x7D, 0x7D, 0x7D, 0x7D, 0x7D, 0x7D, 0x4E, 0x4E, 0x4E, 0x4E,
  0x4E, 0x4E, 0x4E, 0x4E, 0x4E, 0x7D, 0x7D, 0x7D, 0x7D, 0x7D, 0x4E, 0x4E, 0x4E, 0x4E, 0x4E, 0x4E,
  0x4E, 0x4E, 0x4E, 0x7C, 0x7C, 0x4E, 0x4E, 0x92, 0x7C, 0x92, 0x4E, 0x4E, 0x4E, 0xB5, 0xB5, 0xB5,
  0xB5, 0x75, 0x75, 0xB5, 0xF4, 0xF4, 0xF4, 0xDC, 0xD4, 0xD7, 0x3A, 0xC2, 0xD4, 0xBA, 0x13, 0xE0,
  0xE0, 0xD7, 0x1A, 0x08, 0xE0, 0x0A, 0x08, 0x18, 0x1A, 0xBA, 0xBA, 0x08, 0x3F, 0x12, 0x12, 0x12,
  0x0B, 0x12, 0x12, 0x06, 0x05, 0x07, 0x06, 0x06, 0x07, 0x08, 0x1A, 0xE0, 0x1A, 0x39, 0x0A, 0xC2,
  0x0A, 0xD7, 0xA5, 0x6F, 0xA5, 0x77, 0xF4, 0xB5, 0xF4, 0x77, 0x77, 0xB5, 0xB5, 0x75, 0x75, 0xB5,
  0x7C, 0x7C, 0x7C, 0x4E, 0x75, 0x7C, 0x4E, 0x4E, 0x4E, 0x4E, 0x4E, 0x4E, 0x4E, 0x4E, 0x4E, 0x4E,
  0x4E, 0x4E, 0x4E, 0x7D, 0x7D, 0x7D, 0x4E, 0x7D, 0x4E, 0x7D, 0x7D, 0x7D, 0x4E, 0x4E, 0x7D, 0x7D,
  0x4E, 0x7D, 0x4E, 0x4E, 0x4E, 0x7D, 0x7D, 0x4E, 0x4E, 0x7D, 0x7D, 0x4E, 0x7D, 0x7D, 0x7D, 0x4E,
  0x4E, 0x4E, 0x4E, 0x7D, 0x7D, 0x4E, 0x7D, 0x7D, 0x4E, 0x4E, 0x4E, 0x4E, 0x4E, 0x4E, 0x7D, 0x7D,
  0x7D, 0x7D, 0x7D, 0x7D, 0x7D, 0x7D, 0x7D, 0x7D, 0x4E, 0x4E, 0x7D, 0x7D, 0x7D, 0x7D, 0x4E, 0x4E,
  0x4E, 0x4E, 0x7D, 0x7D, 0x4E, 0x7D, 0x7D, 0x7D, 0x4E, 0x4E, 0x7D, 0x7D, 0x4E, 0x4E, 0x4E, 0x4E,
  0x4E, 0x4E, 0x4E, 0x4E, 0x4E, 0x4E, 0x4E, 0x4E, 0x4E, 0x7D, 0x7D, 0x7D, 0x4E, 0x7D, 0x4E, 0x7D,
  0x7D, 0x7D, 0x7D, 0x4E, 0x4E, 0x7D, 0x4E, 0x7D, 0x4E, 0x4E, 0x4E, 0x7D, 0x7D, 0x4E, 0x4E, 0x7D,
  0x4E, 0x7D, 0x7D, 0x7D, 0x7D, 0x4E, 0x4E, 0x4E, 0x4E, 0x7D, 0x7D, 0x7D, 0x7D, 0x7D, 0x7D, 0x4E,
  0x4E, 0x4E, 0x4E, 0x4E, 0x4E, 0x4E, 0x4E, 0x4E, 0x4E, 0x4E, 0x4E, 0x4E, 0x4E, 0x4E, 0x4E, 0x4E,
  0x4E, 0x4E, 0x4E, 0x4E, 0x4E, 0x4E, 0x4E, 0x4E, 0x7C, 0x7C, 0x4E, 0x4E, 0xB5, 0x75, 0xB5, 0x92,
  0x4E, 0xB5, 0xF4, 0xF4, 0xF7, 0xF7, 0x73, 0xDC, 0xA5, 0xDD, 0x36, 0xD7, 0xC2, 0x13, 0x90, 0x13,
  0x1A, 0x1A, 0x1A, 0xE0, 0xBA, 0x1A, 0x18, 0x05, 0x1A, 0xE0, 0xE0, 0x07, 0x3F, 0x12, 0x12, 0x12,
  0x0B, 0x12, 0x12, 0x06, 0x07, 0x07, 0x07, 0x05, 0x07, 0x1A, 0x1A, 0x1A, 0x58, 0x62, 0xBA, 0xC2,
  0xD7, 0xD7, 0xD7, 0xDC, 0x80, 0xDC, 0xB5, 0xB5, 0xB5, 0xF4, 0xF4, 0xF4, 0xB5, 0xB5, 0xB5, 0x7C,
  0x7C, 0x7C, 0x4E, 0x4E, 0x7C, 0x7C, 0x4E, 0x7D, 0x4E, 0x4E, 0x4E, 0x4E, 0x4E, 0xBD, 0xBD, 0x4E,
  0x4E, 0x4E, 0x4E, 0x7D, 0x7D, 0x7D, 0x7D, 0x7D, 0x7D, 0x7D, 0x7D, 0x7D, 0x7D, 0x7D, 0x7D, 0x7D,
  0x4E, 0x4E, 0x4E, 0x4E, 0x4E, 0x4E, 0x7D, 0x7D, 0x4E, 0x7D, 0x7D, 0x7D, 0x4E, 0x4E, 0x4E, 0x4E,
  0x4E, 0x4E, 0x4E, 0x4E, 0x7D, 0x7D, 0x7D, 0x7D, 0xBD, 0xBD, 0x7D, 0x4E, 0x4E, 0x7D, 0x7D, 0x7D,
  0x7D, 0x7D, 0x7D, 0x7D, 0x7D, 0x7D, 0x7D, 0x7D, 0x7D, 0x4E, 0x7D, 0x7D, 0x7D, 0x7D, 0x7D, 0x7D,
  0x7D, 0x7D, 0x7D, 0x7D, 0x7D, 0x7D, 0x7D, 0x7D, 0x4E, 0x4E, 0x4E, 0x7D, 0x4E, 0x7D, 0x4E, 0x4E,
  0x4E, 0x4E, 0x4E, 0xBD, 0xBD, 0x4E, 0x4E, 0x4E, 0x4E, 0x7D, 0x7D, 0x7D, 0x7D, 0x7D, 0x7D, 0x7D,
  0x7D, 0x7D, 0x7D, 0x7D, 0x7D, 0x7D, 0x4E, 0x4E, 0x4E, 0x4E, 0x4E, 0x4E, 0x7D, 0x7D, 0x4E, 0x7D,
  0x7D, 0x7D, 0x4E, 0x4E, 0x4E, 0x4E, 0x4E, 0x4E, 0x4E, 0x4E, 0x4E, 0x7D, 0x7D, 0x7D, 0x7D, 0x7D,
  0x7D, 0x4E, 0x4E, 0x4E, 0x4E, 0x4E, 0x4E, 0x4E, 0x4E, 0x4E, 0x4E, 0x4E, 0x7D, 0x7D, 0x4E, 0x4E,
  0x4E, 0x4E, 0x4E, 0x4E, 0x4E, 0x4E, 0x4E, 0x7D, 0x4E, 0x4E, 0x4F, 0xB5, 0xB5, 0xB5, 0xB5, 0x92,
  0xB5, 0xF4, 0xF7, 0xF4, 0xDC, 0xD7, 0xE2, 0xD3, 0xD3, 0xDD, 0xDD, 0x1B, 0x13, 0x10, 0xB2, 0x14,
  0x51, 0x13, 0x1A, 0x1A, 0xD7, 0x1A, 0x18, 0x1A, 0x1A, 0x1A, 0x18, 0x05, 0x3F, 0x12, 0x12, 0x12,
  0x0B, 0x12, 0x12, 0x06, 0x07, 0x07, 0x07, 0x07, 0x05, 0x07, 0x13, 0x09, 0xB9, 0xB7, 0x52, 0xD7,
  0xD7, 0xD7, 0xD7, 0xFA, 0xDC, 0xDC, 0xB5, 0xB5, 0xB5, 0xF4, 0xF7, 0xF7, 0x75, 0x75, 0x7C, 0x4E,
  0x4E, 0x4E, 0x4E, 0x7C, 0x7C, 0x7C, 0x4E, 0x7D, 0x7D, 0x7D, 0x7D, 0x7D, 0x4E, 0xBD, 0x4E, 0x4E,
  0x4E, 0x4E, 0x4E, 0x7D, 0x7D, 0x7D, 0x7D, 0x7D, 0x7D, 0x7D, 0x7D, 0x7D, 0x7D, 0x7D, 0x7D, 0x7D,
  0x7D, 0x4E, 0x4E, 0x4E, 0x4E, 0x7D, 0x7D, 0x7D, 0x4E, 0x4E, 0x7D, 0x7D, 0x7D, 0x4E, 0x4E, 0x4E,
  0x7D, 0x7D, 0x7D, 0x4E, 0x7D, 0x4E, 0x4E, 0x4E, 0x4E, 0xBD, 0x4E, 0x4E, 0x4E, 0x4E, 0x7D, 0x4E,
  0x4E, 0x7D, 0x7D, 0x4E, 0x4E, 0x7D, 0x4E, 0x4E, 0x7D, 0x7D, 0x7D, 0x7D, 0x7D, 0x7D, 0x4E, 0x4E,
  0x7D, 0x7D, 0x7D, 0x7D, 0x7D, 0x7D, 0x7D, 0x7D, 0x7D, 0x7D, 0x4E, 0x7D, 0x4E, 0x7D, 0x7D, 0x7D,
  0x7D, 0x7D, 0x4E, 0xBD, 0x7D, 0x4E, 0x4E, 0x4E, 0x4E, 0x7D, 0x7D, 0x7D, 0x7D, 0x7D, 0x7D, 0x7D,
  0x7D, 0x7D, 0x7D, 0x7D, 0x7D, 0x7D, 0x7D, 0x4E, 0x4E, 0x4E, 0x4E, 0x4E, 0x7D, 0x7D, 0x4E, 0x4E,
  0x7D, 0x7D, 0x7D, 0x4E, 0x4E, 0x4E, 0x7D, 0x7D, 0x7D, 0x4E, 0x4E, 0x7D, 0x4E, 0x4E, 0x4E, 0x4E,
  0x4E, 0x4E, 0x7D, 0x7D, 0x4E, 0x4E, 0x4E, 0x4E, 0x4E, 0x7D, 0x4E, 0x4E, 0x4E, 0x4E, 0x4E, 0x4E,
  0x4E, 0x4E, 0x4E, 0x4E, 0x4E, 0x4E, 0x4E, 0x4E, 0x4E, 0x4E, 0x7C, 0xB5, 0x92, 0xF4, 0xF4, 0xB5,
  0xF4, 0x75, 0xF4, 0xF4, 0xA5, 0xDD, 0xED, 0xD3, 0xD3, 0xDD, 0xDD, 0x53, 0x4B, 0x32, 0x9F, 0x5E,
  0x42, 0x2D, 0x07, 0x39, 0xC2, 0x1A, 0x18, 0x1A, 0x1A, 0x1A, 0x05, 0x05, 0x3F, 0x12, 0x12, 0x12,
  0x0B, 0x12, 0x12, 0x06, 0x07, 0x08, 0x1A, 0x1A, 0x07, 0x07, 0xA3, 0x62, 0x9F, 0x62, 0x5E, 0x1C,
  0x3D, 0x36, 0xD7, 0xB8, 0xA5, 0xA5, 0x77, 0xF4, 0xF4, 0xF4, 0xF4, 0xF7, 0xF4, 0x7C, 0x75, 0x7C,
  0x7C, 0x7C, 0x4E, 0x4E, 0x4E, 0x7C, 0x4E, 0x7D, 0x7D, 0x4E, 0x4E, 0x7D, 0x7D, 0x7D, 0x7D, 0x7D,
  0x7D, 0x7D, 0x7D, 0x7D, 0x7D, 0x7D, 0x7D, 0x7D, 0x7D, 0x7D, 0x7D, 0x4E, 0x4E, 0x7D, 0x7D, 0x7D,
  0x7D, 0x7D, 0x7D, 0x7D, 0x4E, 0x4E, 0x7C, 0x7C, 0x4E, 0x4E, 0x4E, 0x7D, 0x7D, 0x4E, 0x4E, 0x4E,
  0x4E, 0x4E, 0x7D, 0x7D, 0x4E, 0x4E, 0x4E, 0x4E, 0x4E, 0x4E, 0x4E, 0x4E, 0x4E, 0x4E, 0x4E, 0x4E,
  0x4E, 0x4E, 0x4E, 0x4E, 0x4E, 0x4E, 0x7D, 0x4E, 0x4E, 0x7D, 0x4E, 0x4E, 0x4E, 0x7D, 0x7D, 0x7D,
  0x7D, 0x7D, 0x7D, 0x7D, 0x4E, 0x4E, 0x7D, 0x7D, 0x4E, 0x7D, 0x7D, 0x7D, 0x4E, 0x4E, 0x7D, 0x7D,
  0x4E, 0x7D, 0x7D, 0x4E, 0x7D, 0x7D, 0x7D, 0x7D, 0x7D, 0x7D, 0x7D, 0x7D, 0x7D, 0x7D, 0x7D, 0x7D,
  0x7D, 0x7D, 0x4E, 0x7D, 0x7D, 0x7D, 0x7D, 0x7D, 0x7D, 0x7D, 0x4E, 0x4E, 0x7C, 0x7C, 0x4E, 0x4E,
  0x4E, 0x4E, 0x7D, 0x4E, 0x4E, 0x4E, 0x4E, 0x4E, 0x4E, 0x7D, 0x4E, 0x4E, 0x4E, 0x4E, 0x4E, 0x4E,
  0x4E, 0x4E, 0x4E, 0x4E, 0x4E, 0x4E, 0x4E, 0x4E, 0x7D, 0x4E, 0x4E, 0x4E, 0x4E, 0x4E, 0x4E, 0x4E,
  0x4E, 0x4E, 0x4E, 0x4E, 0x4E, 0x4E, 0x4E, 0x7C, 0x7C, 0x92, 0xB5, 0x75, 0xB5, 0xF7, 0xF4, 0xF4,
  0x21, 0xF4, 0xB5, 0xF7, 0xDC, 0xD3, 0xD3, 0xE2, 0xD3, 0xE2, 0x36, 0x3D, 0x14, 0x89, 0x5E, 0x79,
  0x0F, 0x0B, 0x07, 0x1A, 0x08, 0x08, 0x18, 0x1A, 0xE0, 0xE0, 0x08, 0x07, 0x3F, 0x12, 0x12, 0x12,
  0x0B, 0x12, 0x12, 0x06, 0x07, 0x08, 0x08, 0x1A, 0x08, 0x06, 0x09, 0x1C, 0x74, 0x40, 0xB9, 0x33,
  0x3D, 0x36, 0x36, 0xE2, 0xDD, 0xDC, 0xA5, 0xA5, 0xF7, 0xF4, 0xF4, 0x75, 0x75, 0x75, 0x21, 0x75,
  0x75, 0x7E, 0x4E, 0x7C, 0x7C, 0x7C, 0x4E, 0x7D, 0x7D, 0x4E, 0x4E, 0x4E, 0x7D, 0x7D, 0x7D, 0x7D,
  0x7D, 0x7D, 0x7D, 0x7D, 0x7D, 0x7D, 0x7D, 0x7D, 0x7D, 0x7D, 0x7D, 0x7D, 0x4E, 0x4E, 0x4E, 0x7D,
  0x7D, 0x7D, 0x4E, 0x4E, 0x7C, 0x7C, 0x7C, 0x7E, 0x7C, 0x7C, 0x7C, 0x4E, 0x4E, 0x4E, 0x4E, 0x4E,
  0x4E, 0x4E, 0x7D, 0x7D, 0x7D, 0x4E, 0x4E, 0x7D, 0x4E, 0x4E, 0x7C, 0x7C, 0x4E, 0x4E, 0x4E, 0x4E,
  0x4E, 0x4E, 0x4E, 0x4E, 0x4E, 0x4E, 0x7D, 0x7D, 0x7D, 0x4E, 0x4E, 0x4E, 0x7D, 0x7D, 0x7D, 0x7D,
  0x7D, 0x7D, 0x4E, 0x4E, 0x4E, 0x4E, 0x4E, 0x4E, 0x4E, 0x4E, 0x7D, 0x7D, 0x7D, 0x7D, 0x7D, 0x4E,
  0x4E, 0x4E, 0x7D, 0x7D, 0x7D, 0x7D, 0x7D, 0x7D, 0x7D, 0x7D, 0x7D, 0x7D, 0x7D, 0x7D, 0x7D, 0x7D,
  0x7D, 0x7D, 0x4E, 0x4E, 0x4E, 0x7D, 0x7D, 0x7D, 0x7D, 0x4E, 0x4E, 0x7C, 0x7C, 0x7E, 0x7C, 0x7C,
  0x7C, 0x4E, 0x4E, 0x4E, 0x4E, 0x4E, 0x4E, 0x4E, 0x7D, 0x4E, 0x7D, 0x4E, 0x4E, 0x7D, 0x7D, 0x7D,
  0x4E, 0x4E, 0x4E, 0x4E, 0x4E, 0x4E, 0x4E, 0x4E, 0x7D, 0x4E, 0x4E, 0x4E, 0x4E, 0x4E, 0x4E, 0x4E,
  0x4E, 0x4E, 0x4E, 0x4E, 0x4E, 0x7C, 0x92, 0x7C, 0x7C, 0x4E, 0x7C, 0x7C, 0x75, 0xF4, 0xB5, 0x75,
  0xB5, 0xF4, 0xF4, 0xA5, 0x73, 0xD7, 0x3A, 0xD4, 0x3A, 0x3A, 0x0A, 0x1A, 0x8A, 0x30, 0x10, 0x94,
  0x12, 0x07, 0x1A, 0x1A, 0x1A, 0x08, 0xE0, 0xBA, 0xBA, 0x1A, 0x1A, 0x07, 0x3F, 0x12, 0x12, 0x12,
  0x0B, 0x12, 0x12, 0x06, 0x07, 0x08, 0xE0, 0xC2, 0xE0, 0x08, 0xA3, 0xB9, 0xD3, 0xFA, 0x58, 0x1E,
  0xC2, 0xC2, 0xD3, 0xC8, 0xD3, 0xD3, 0xA5, 0x84, 0x77, 0xF4, 0x75, 0x7C, 0x7C, 0xB5, 0x75, 0x75,
  0x75, 0x75, 0x7E, 0x7C, 0x7C, 0x7C, 0x4E, 0x7D, 0x7D, 0x7D, 0x7D, 0x7D, 0x7D, 0x7D, 0x7D, 0x7D,
  0x4E, 0x7D, 0x4E, 0x4E, 0x7D, 0x7D, 0x7D, 0x7D, 0x7D, 0x7D, 0x7D, 0x7D, 0x7D, 0x4E, 0x4E, 0x4E,
  0x7D, 0x4E, 0x4E, 0x4E, 0x4E, 0x4E, 0x7D, 0x4E, 0x7C, 0x7E, 0x7E, 0x4E, 0x4E, 0x4E, 0x4E, 0x4E,
  0x4E, 0x4E, 0x7D, 0x7D, 0x7D, 0x7D, 0x7D, 0x4E, 0x4E, 0x7C, 0x4E, 0x7C, 0x4E, 0x4E, 0x4E, 0x4E,
  0x4E, 0x4E, 0x4E, 0x4E, 0x4E, 0x4E, 0x4E, 0x4E, 0x4E, 0x4E, 0x4E, 0x7D, 0x7D, 0x7D, 0x4E, 0x7C,
  0x4E, 0x4E, 0x7C, 0x7C, 0x4E, 0x4E, 0x4E, 0x4E, 0x4E, 0x7D, 0x7D, 0x7D, 0x7D, 0x7D, 0x7D, 0x7D,
  0x7D, 0x7D, 0x7D, 0x7D, 0x7D, 0x7D, 0x4E, 0x7D, 0x4E, 0x4E, 0x7D, 0x7D, 0x7D, 0x7D, 0x7D, 0x7D,
  0x7D, 0x7D, 0x7D, 0x4E, 0x4E, 0x4E, 0x7D, 0x4E, 0x4E, 0x4E, 0x4E, 0x4E, 0x4E, 0x4E, 0x7C, 0x7C,
  0x7E, 0x4E, 0x4E, 0x4E, 0x4E, 0x4E, 0x4E, 0x4E, 0x7D, 0x7D, 0x7D, 0x7D, 0x7D, 0x4E, 0x7D, 0x4E,
  0x4E, 0x4E, 0x4E, 0x7D, 0x7D, 0x7D, 0x4E, 0x4E, 0x4E, 0x4E, 0x7D, 0x7D, 0x4E, 0x7C, 0x4E, 0x4E,
  0x4E, 0x4E, 0x4E, 0x4E, 0x4E, 0x4E, 0x4E, 0x4E, 0x7C, 0x92, 0x4E, 0x4E, 0x92, 0x7C, 0x7C, 0x92,
  0xB5, 0xB5, 0xB5, 0xDC, 0x73, 0x80, 0x73, 0x6F, 0x6F, 0x6F, 0x0A, 0x0A, 0x0B, 0x2D, 0x06, 0x23,
  0x3F, 0x18, 0xE0, 0xC2, 0x1A, 0xC2, 0xD7, 0x36, 0x08, 0x05, 0x05, 0x05, 0x3F, 0x12, 0x12, 0x12,
  0x0B, 0x12, 0x12, 0x06, 0x07, 0x1A, 0x08, 0xE0, 0x1A, 0x08, 0x58, 0x9F, 0xFA, 0x9F, 0xA8, 0xBA,
  0xC2, 0xD7, 0xC8, 0xDD, 0xD7, 0xA5, 0x80, 0xA5, 0xF4, 0xB5, 0x75, 0x7C, 0x92, 0x7C, 0x7C, 0x7C,
  0x7C, 0x7C, 0x7C, 0x7C, 0x7C, 0x7C, 0x7C, 0x7D, 0x7D, 0x7D, 0x7D, 0x7D, 0x7D, 0x7D, 0x4E, 0x4E,
  0x7D, 0x4E, 0x4E, 0x4E, 0x4E, 0x4E, 0x7D, 0x4E, 0x4E, 0x7D, 0x7D, 0x7D, 0x7D, 0x4E, 0x4E, 0x4E,
  0x7D, 0x7D, 0x4E, 0x7D, 0x7D, 0x7D, 0x4E, 0x7D, 0x7D, 0x7D, 0x4E, 0x4E, 0x4E, 0x4E, 0x4E, 0x4E,
  0x4E, 0x4E, 0x7D, 0x7D, 0x7D, 0x7D, 0x4E, 0x4E, 0x4E, 0x4E, 0x4E, 0x4E, 0x4E, 0x7D, 0x4E, 0x4E,
  0x7D, 0x4E, 0x7D, 0x4E, 0x7D, 0x7D, 0x4E, 0x4E, 0x4E, 0x4E, 0x4E, 0x7D, 0x4E, 0x4E, 0x4E, 0x4E,
  0x4E, 0x4E, 0x4E, 0x4E, 0x4E, 0x4E, 0x7D, 0x7D, 0x7D, 0x7D, 0x7D, 0x7D, 0x7D, 0x7D, 0x7D, 0x7D,
  0x7D, 0x7D, 0x7D, 0x7D, 0x4E, 0x4E, 0x7D, 0x4E, 0x4E, 0x4E, 0x4E, 0x4E, 0x4E, 0x7D, 0x4E, 0x7D,
  0x7D, 0x7D, 0x7D, 0x4E, 0x4E, 0x4E, 0x4E, 0x7D, 0x4E, 0x4E, 0x7D, 0x7D, 0x4E, 0x7D, 0x7D, 0x7D,
  0x4E, 0x4E, 0x4E, 0x4E, 0x4E, 0x4E, 0x4E, 0x4E, 0x7D, 0x7D, 0x7D, 0x7D, 0x4E, 0x4E, 0x4E, 0x4E,
  0x4E, 0x4E, 0x4E, 0x4E, 0x4E, 0x4E, 0x4E, 0x4E, 0x4E, 0x4E, 0x4E, 0x4E, 0x4E, 0x7C, 0x4E, 0x4E,
  0x4E, 0x4E, 0x4E, 0x4E, 0x4E, 0x92, 0x4E, 0x4E, 0x4E, 0x7C, 0x92, 0x92, 0x7C, 0x7C, 0xB5, 0x75,
  0x75, 0xB5, 0xB5, 0xB5, 0xF7, 0x80, 0x73, 0x73, 0x6F, 0x6F, 0x0A, 0x0A, 0x09, 0x08, 0x1A, 0x39,
  0x3D, 0x1A, 0x08, 0xC2, 0x36, 0xC2, 0xC2, 0xBA, 0x18, 0x05, 0x05, 0x05, 0x3F, 0x12, 0x12, 0x12,
  0x0B, 0x12, 0x12, 0x06, 0x07, 0x08, 0x1A, 0xE0, 0x0A, 0x08, 0x1A, 0x1A, 0x1B, 0x3D, 0x58, 0x3D,
  0xE0, 0xD7, 0xE2, 0xD7, 0x73, 0xDC, 0x77, 0xF4, 0x7E, 0x7C, 0x75, 0x75, 0x7C, 0x7C, 0x7C, 0x7C,
  0x7C, 0x92, 0x7C, 0x7C, 0x7C, 0x7C, 0x92, 0x4F, 0x4E, 0x7D, 0x4E, 0x7D, 0x7D, 0x7D, 0x4E, 0x4E,
  0x4E, 0x4E, 0x4E, 0x4E, 0x4E, 0x4E, 0x4E, 0x7D, 0x4E, 0x7D, 0x4E, 0x4E, 0x7D, 0x4E, 0x4E, 0x7D,
  0x7D, 0x7D, 0x7D, 0x7D, 0x7D, 0x7D, 0x4E, 0x7D, 0x7D, 0x4E, 0x7D, 0x7D, 0x7D, 0x7D, 0x7D, 0x7D,
  0x7D, 0x4E, 0x4E, 0x7D, 0x4E, 0x7D, 0x7D, 0x4E, 0x4E, 0x4F, 0x7D, 0x7D, 0x7D, 0x4E, 0x7D, 0x4E,
  0x7D, 0x7D, 0x4E, 0x7D, 0x7D, 0x7D, 0x4E, 0x7D, 0x7D, 0x7D, 0x4E, 0x7D, 0x7D, 0x4E, 0x4E, 0x7D,
  0x7D, 0x4E, 0x7D, 0x7D, 0x4E, 0x4E, 0x7D, 0x7D, 0x7D, 0x7D, 0x7D, 0x7D, 0x7D, 0x7D, 0x4E, 0x7D,
  0x4E, 0x7D, 0x7D, 0x7D, 0x4E, 0x4E, 0x4E, 0x4E, 0x4E, 0x4E, 0x4E, 0x4E, 0x4E, 0x7D, 0x4E, 0x7D,
  0x7D, 0x4E, 0x7D, 0x4E, 0x4E, 0x7D, 0x7D, 0x7D, 0x7D, 0x7D, 0x7D, 0x7D, 0x4E, 0x7D, 0x7D, 0x7D,
  0x4E, 0x7D, 0x7D, 0x7D, 0x7D, 0x7D, 0x7D, 0x4E, 0x4E, 0x7D, 0x4E, 0x7D, 0x7D, 0x4E, 0x4E, 0x4E,
  0x4E, 0x4E, 0x7D, 0x4E, 0x4E, 0x4E, 0x4E, 0x4E, 0x7C, 0x4E, 0x4E, 0x4E, 0x4E, 0x4E, 0x4E, 0x4E,
  0x4E, 0x7C, 0x4E, 0x4E, 0x4E, 0x4E, 0x4E, 0x92, 0x7C, 0x7C, 0x92, 0x92, 0x92, 0x7C, 0x92, 0xB5,
  0xB5, 0xB5, 0xF4, 0xF4, 0xF4, 0x77, 0x80, 0x73, 0x73, 0x0A, 0x0A, 0x0A, 0x0A, 0x1A, 0x1A, 0x1A,
  0x3D, 0xC2, 0x18, 0x1A, 0x36, 0x36, 0xD7, 0x1A, 0x05, 0x05, 0x05, 0x07, 0x3F, 0x12, 0x12, 0x12,
  0x0B, 0x12, 0x12, 0x06, 0x07, 0xE0, 0xC2, 0xC2, 0xC2, 0x1A, 0x08, 0x1A, 0x1A, 0x1A, 0x1A, 0xD7,
  0xD7, 0xC2, 0x3A, 0xD4, 0xD7, 0xA5, 0xF4, 0xB5, 0xB5, 0x7E, 0x7E, 0x75, 0x7E, 0x75, 0x7C, 0xB5,
  0xB5, 0x7C, 0x7C, 0x7C, 0x7E, 0x7E, 0x92, 0x7D, 0x4E, 0x4E, 0x4E, 0x7D, 0x7D, 0x4E, 0x4E, 0x4E,
  0x4E, 0x4E, 0x4E, 0x4E, 0x4E, 0x4E, 0x4E, 0x4E, 0x4E, 0x4E, 0x4E, 0x7D, 0x7D, 0x4E, 0x4E, 0x4E,
  0x4E, 0x4E, 0x7D, 0x7D, 0x7D, 0x7D, 0x7D, 0x7D, 0x7D, 0x7D, 0x7D, 0x7D, 0x7D, 0x7D, 0x7D, 0x7D,
  0x7D, 0x4E, 0x4E, 0x4E, 0x4E, 0x4E, 0x4E, 0x4E, 0x4E, 0x4E, 0x4E, 0x4E, 0x4E, 0x4E, 0x4E, 0x4E,
  0x4E, 0x7D, 0x4E, 0x4E, 0x4E, 0x4E, 0x4E, 0x4E, 0x7D, 0x7D, 0x7D, 0x7D, 0x7D, 0x7D, 0x7D, 0x7D,
  0x7D, 0x7D, 0x7D, 0x7D, 0x4E, 0x7D, 0x4E, 0x7D, 0x7D, 0x7D, 0x7D, 0x7D, 0x7D, 0x7D, 0x7D, 0x4E,
  0x4E, 0x7D, 0x7D, 0x4E, 0x4E, 0x4E, 0x4E, 0x4E, 0x4E, 0x4E, 0x4E, 0x4E, 0x4E, 0x4E, 0x4E, 0x4E,
  0x4E, 0x7D, 0x7D, 0x4E, 0x4E, 0x4E, 0x4E, 0x4E, 0x7D, 0x7D, 0x7D, 0x7D, 0x7D, 0x7D, 0x7D, 0x7D,
  0x7D, 0x7D, 0x4E, 0x7D, 0x7D, 0x7D, 0x7D, 0x7D, 0x4E, 0x4E, 0x4E, 0x4E, 0x4E, 0x4E, 0x7D, 0x4E,
  0x4E, 0x4E, 0x4E, 0x4E, 0x4E, 0x4E, 0x4E, 0x4E, 0x4E, 0x4E, 0x4E, 0x4E, 0x4E, 0x4E, 0x4E, 0x4E,
  0x4E, 0x4E, 0x7C, 0x7C, 0x7C, 0x75, 0x92, 0x92, 0x75, 0x75, 0xB5, 0x7C, 0x7C, 0x7C, 0x7C, 0xB5,
  0xB5, 0xF4, 0xF4, 0xF4, 0xF4, 0xF7, 0x77, 0x80, 0x6F, 0x3A, 0xB8, 0x36, 0x36, 0xC2, 0x1A, 0x1A,
  0xC2, 0xBA, 0x1A, 0xC2, 0x36, 0x3D, 0x1A, 0x1A, 0x07, 0x08, 0x07, 0x07, 0x3F, 0x12, 0x12, 0x12,
  0x0B, 0x12, 0x12, 0x06, 0x08, 0xD7, 0xE2, 0xFA, 0x40, 0xC2, 0x0A, 0x1A, 0xC2, 0xC2, 0xC2, 0xD4,
  0xE2, 0xD3, 0xD4, 0xD7, 0xD3, 0xA5, 0xDC, 0x77, 0xF4, 0xB5, 0x75, 0x7E, 0x7E, 0xB5, 0x7C, 0xB5,
  0xB5, 0xB5, 0xB5, 0xB5, 0x7C, 0x75, 0x7C, 0x7D, 0x7D, 0x7D, 0x7D, 0x7D, 0x4E, 0x4E, 0x4E, 0x7C,
  0x4E, 0x4E, 0x4E, 0x4E, 0x4E, 0x4E, 0x4E, 0x4E, 0x4E, 0x7D, 0x4E, 0x7D, 0x7D, 0x4E, 0x7D, 0x4E,
  0x4E, 0x4E, 0x4E, 0x4E, 0x4E, 0x7D, 0x4E, 0x4E, 0x4E, 0x7D, 0x4E, 0x7D, 0x7D, 0x4E, 0x4E, 0x7D,
  0x4E, 0x4E, 0x4E, 0x4E, 0x4E, 0x4E, 0x4E, 0x4E, 0x7C, 0x7E, 0x7C, 0x7C, 0x4E, 0x4E, 0x4E, 0x4E,
  0x4E, 0x4E, 0x4E, 0x4E, 0x4E, 0x7D, 0x7D, 0x7D, 0x7D, 0x7D, 0x7D, 0x7D, 0x7D, 0x7D, 0x7D, 0x7D,
  0x7D, 0x4E, 0x4E, 0x7D, 0x4E, 0x7D, 0x7D, 0x4E, 0x4E, 0x4E, 0x4E, 0x4E, 0x7D, 0x7D, 0x7D, 0x7D,
  0x7D, 0x7D, 0x4E, 0x4E, 0x4E, 0x7C, 0x4E, 0x4E, 0x4E, 0x4E, 0x4E, 0x4E, 0x4E, 0x4E, 0x4E, 0x7D,
  0x4E, 0x7D, 0x7D, 0x4E, 0x7D, 0x4E, 0x4E, 0x4E, 0x4E, 0x4E, 0x4E, 0x7D, 0x4E, 0x4E, 0x4E, 0x7D,
  0x4E, 0x7D, 0x7D, 0x4E, 0x4E, 0x7D, 0x4E, 0x4E, 0x4E, 0x4E, 0x4E, 0x4E, 0x4E, 0x4E, 0x4E, 0x7D,
  0x4E, 0x4E, 0x4E, 0x4E, 0x4E, 0x4E, 0x4E, 0x4E, 0x4E, 0x4E, 0x4E, 0x4E, 0x4E, 0x7C, 0x7C, 0x4E,
  0x7C, 0x7C, 0x7C, 0x92, 0x4E, 0x4E, 0x92, 0x92, 0x92, 0x7C, 0x7C, 0xB5, 0xB5, 0xB5, 0xB5, 0xB5,
  0xF4, 0xF4, 0xF4, 0xF4, 0xF4, 0xF7, 0xF7, 0xB8, 0xD7, 0xDD, 0xDD, 0xDD, 0xDD, 0xDD, 0x36, 0x1A,
  0x1A, 0xBA, 0x1A, 0x36, 0x36, 0xE0, 0x18, 0x07, 0x1A, 0x08, 0x1A, 0x07, 0x3F, 0x12, 0x12, 0x12,
  0x0B, 0x12, 0x12, 0x06, 0x08, 0xBA, 0x36, 0xC2, 0xD7, 0x39, 0x0A, 0xE0, 0xD7, 0xC2, 0x36, 0xE2,
  0xDF, 0x85, 0xE2, 0xD3, 0xC8, 0xC8, 0xD3, 0xDC, 0xDC, 0xF4, 0x7E, 0x7E, 0x7E, 0xB5, 0xB5, 0xB5,
  0x92, 0x7D, 0x92, 0xB5, 0xB5, 0x75, 0x92, 0x7D, 0x7D, 0x7D, 0x4E, 0x7D, 0x4E, 0x4E, 0x7C, 0x4E,
  0x4E, 0x4E, 0x4E, 0x4E, 0x4E, 0x4E, 0x4E, 0x4E, 0x4E, 0x4E, 0x4E, 0x4E, 0x4E, 0x7D, 0x7D, 0x4E,
  0x4E, 0x4E, 0x4E, 0x4E, 0x4E, 0x4E, 0x4E, 0x4E, 0x4E, 0x4E, 0x4E, 0x4E, 0x4E, 0x4E, 0x4E, 0x4E,
  0x4E, 0x4E, 0x4E, 0x4E, 0x4E, 0x4E, 0x4E, 0x4E, 0x7C, 0x75, 0x75, 0x7E, 0x7C, 0x4E, 0x4E, 0x4E,
  0x4E, 0x7C, 0x4E, 0x4E, 0x4E, 0x7D, 0x4E, 0x7D, 0x7D, 0x4E, 0x4E, 0x4E, 0x4E, 0x4E, 0x4E, 0x4E,
  0x4E, 0x4E, 0x4E, 0x4E, 0x4E, 0x4E, 0x4E, 0x4E, 0x4E, 0x4E, 0x4E, 0x4E, 0x4E, 0x7D, 0x7D, 0x7D,
  0x4E, 0x4E, 0x7D, 0x4E, 0x4E, 0x4E, 0x4E, 0x7C, 0x4E, 0x4E, 0x4E, 0x4E, 0x4E, 0x4E, 0x4E, 0x4E,
  0x4E, 0x4E, 0x4E, 0x4E, 0x7D, 0x4E, 0x4E, 0x4E, 0x4E, 0x4E, 0x4E, 0x4E, 0x4E, 0x4E, 0x4E, 0x4E,
  0x4E, 0x4E, 0x4E, 0x4E, 0x4E, 0x4E, 0x4E, 0x4E, 0x4E, 0x4E, 0x4E, 0x4E, 0x4E, 0x4E, 0x4E, 0x4E,
  0x4E, 0x4E, 0x4E, 0x4E, 0x4E, 0x4E, 0x4E, 0x4E, 0x7C, 0x4E, 0x4E, 0x7C, 0x7C, 0x7C, 0xB5, 0x92,
  0x92, 0x4E, 0xF4, 0xF4, 0xF4, 0x4E, 0x92, 0x92, 0x4E, 0xF4, 0xF4, 0xB5, 0x75, 0xB5, 0xB5, 0xB5,
  0xF4, 0xB5, 0xF4, 0xF4, 0xF4, 0xDC, 0xDC, 0xD7, 0xDD, 0xD3, 0xC8, 0xDD, 0xDD, 0x36, 0x36, 0xD7,
  0x1A, 0xD7, 0xC2, 0xDD, 0xC2, 0x18, 0x05, 0x07, 0x07, 0x08, 0x08, 0x05, 0x3F, 0x12, 0x12, 0x12,
  0x0B, 0x12, 0x12, 0x06, 0x07, 0x0A, 0xBA, 0xC2, 0x3A, 0xC2, 0x1A, 0x1A, 0xD7, 0xD7, 0xBA, 0x3A,
  0xDD, 0xDD, 0xC2, 0xE2, 0xDD, 0xDD, 0xDD, 0xD7, 0x84, 0x77, 0xB5, 0xF4, 0x75, 0x75, 0xF4, 0xF4,
  0xF4, 0x4F, 0x4F, 0xB5, 0xB5, 0xB5, 0x92, 0x7D, 0x4E, 0x4E, 0x4E, 0x4E, 0x7D, 0x4E, 0x4E, 0x4E,
  0x4E, 0x4E, 0x4E, 0x4E, 0x4E, 0x4E, 0x4E, 0x4E, 0x4E, 0x4E, 0x4E, 0x4E, 0x7D, 0x7D, 0x7D, 0x7D,
  0x7D, 0x4E, 0x4E, 0x4E, 0x4E, 0x4E, 0x4E, 0x4E, 0x4E, 0x4E, 0x4E, 0x4E, 0x4E, 0x4E, 0x4E, 0x4E,
  0x4E, 0x4E, 0x4E, 0x4E, 0x4E, 0x4E, 0x4E, 0x4E, 0x4E, 0x4E, 0x7C, 0x4E, 0x4E, 0x7E, 0x4E, 0x4E,
  0x4E, 0x4E, 0x4E, 0x4E, 0x4E, 0x4E, 0x4E, 0x4E, 0x4E, 0x7C, 0x7C, 0x4E, 0x4E, 0x4E, 0x4E, 0x4E,
  0x4E, 0x4E, 0x7D, 0x7D, 0x4E, 0x4E, 0x4E, 0x4E, 0x4E, 0x4E, 0x4E, 0x4E, 0x4E, 0x7D, 0x4E, 0x4E,
  0x4E, 0x4E, 0x7D, 0x7D, 0x4E, 0x4E, 0x4E, 0x4E, 0x4E, 0x4E, 0x4E, 0x4E, 0x4E, 0x4E, 0x4E, 0x4E,
  0x4E, 0x4E, 0x4E, 0x7D, 0x7D, 0x7D, 0x7D, 0x4E, 0x4E, 0x4E, 0x4E, 0x4E, 0x4E, 0x4E, 0x4E, 0x4E,
  0x4E, 0x4E, 0x4E, 0x4E, 0x4E, 0x4E, 0x4E, 0x4E, 0x4E, 0x4E, 0x4E, 0x4E, 0x4E, 0x4E, 0x4E, 0x4E,
  0x4E, 0x4E, 0x4E, 0x4E, 0x4E, 0x4E, 0x92, 0x7C, 0x4E, 0x4E, 0x7C, 0x7C, 0x7C, 0x92, 0x92, 0x7D,
  0x7D, 0x4F, 0xB5, 0xB5, 0xF4, 0x92, 0x92, 0x92, 0x92, 0xF4, 0xB5, 0x4F, 0x4F, 0x4E, 0xF4, 0x4E,
  0x92, 0xB5, 0xB5, 0xB5, 0xDC, 0xA5, 0xB8, 0xD7, 0xD3, 0xDD, 0xD7, 0xC2, 0x1A, 0xE0, 0xC2, 0x36,
  0xC2, 0xC2, 0x36, 0x36, 0x1A, 0x18, 0x05, 0x05, 0x05, 0x18, 0x05, 0x05, 0x3F, 0x12, 0x12, 0x12,
  0x0B, 0x12, 0x12, 0x06, 0x07, 0x1A, 0x0A, 0xC2, 0xC2, 0x36, 0xD7, 0x1A, 0xC2, 0x1A, 0x1A, 0x39,
  0x39, 0x1A, 0x3A, 0x3A, 0xC2, 0x3A, 0xD7, 0xA5, 0xDC, 0xF4, 0xF4, 0x77, 0xF7, 0xF4, 0xF4, 0x77,
  0xDC, 0x77, 0xF4, 0xF4, 0xB5, 0xB5, 0x7C, 0x4E, 0x4E, 0x4E, 0x4E, 0x4E, 0x4E, 0x4E, 0x4E, 0x4E,
  0x4E, 0x4E, 0x4E, 0x4E, 0x4E, 0x4E, 0x4E, 0x7D, 0x4E, 0x4E, 0x4E, 0x4E, 0x4E, 0x4F, 0x4F, 0x7D,
  0x7D, 0x7D, 0x4E, 0x4E, 0x4E, 0x4E, 0x4E, 0x4E, 0x4E, 0x4E, 0x4E, 0x4E, 0x4E, 0x4E, 0x4E, 0x4E,
  0x7D, 0x7D, 0x4E, 0x4E, 0x4E, 0x4E, 0x4E, 0x4E, 0x4E, 0x4E, 0x7D, 0x7D, 0x7D, 0x7D, 0x4E, 0x7D,
  0x7D, 0x4E, 0x4E, 0x4E, 0x4E, 0x4E, 0x4E, 0x4E, 0x4E, 0x4E, 0x4E, 0x4E, 0x7C, 0x4E, 0x4E, 0x4E,
  0x7D, 0x7D, 0x7D, 0x7D, 0x7D, 0x4E, 0x4E, 0x4E, 0x4E, 0x7D, 0x4E, 0x4E, 0x4E, 0x4E, 0x4E, 0x4E,
  0x4E, 0x4E, 0x4E, 0x4E, 0x4E, 0x4E, 0x4E, 0x4E, 0x4E, 0x4E, 0x4E, 0x4E, 0x4E, 0x7D, 0x4E, 0x4E,
  0x4E, 0x4E, 0x4E, 0x4E, 0x7D, 0x7D, 0x7D, 0x7D, 0x4E, 0x4E, 0x4E, 0x4E, 0x4E, 0x4E, 0x4E, 0x4E,
  0x4E, 0x4E, 0x4E, 0x4E, 0x4E, 0x4E, 0x4E, 0x7D, 0x4E, 0x4E, 0x4E, 0x4E, 0x4E, 0x4E, 0x4E, 0x4E,
  0x4E, 0x4E, 0x4E, 0x7C, 0x4E, 0x4E, 0x7C, 0x7C, 0x92, 0x7C, 0x7C, 0x7C, 0x7C, 0x92, 0x92, 0x4E,
  0x4F, 0x92, 0xB5, 0x92, 0x4E, 0x4E, 0x4E, 0x4F, 0x7C, 0xB5, 0x4E, 0x7D, 0x7D, 0x92, 0xB5, 0x4E,
  0x92, 0x4E, 0xB5, 0x75, 0xDC, 0x6F, 0x0A, 0xD7, 0xD7, 0x3A, 0x0A, 0x39, 0x1A, 0x1A, 0x18, 0x1A,
  0xBA, 0xC2, 0xD7, 0x1A, 0x07, 0x07, 0x05, 0x05, 0x18, 0x61, 0x05, 0x05, 0x3F, 0x12, 0x12, 0x12,
  0x0B, 0x12, 0x12, 0x06, 0x05, 0x07, 0x07, 0x1A, 0x36, 0xDD, 0x38, 0x1A, 0xC2, 0x1A, 0x1A, 0xD7,
  0xDD, 0xC8, 0xDF, 0xD3, 0x0A, 0xD7, 0x80, 0xDC, 0xF7, 0xF4, 0xF4, 0x77, 0xF4, 0x75, 0xB5, 0xF4,
  0xF4, 0xF4, 0xB5, 0xB5, 0x7E, 0x7C, 0x7C, 0x4E, 0x4E, 0x4E, 0x4E, 0x4E, 0x4E, 0x4E, 0x4E, 0x4E,
  0x7D, 0x7D, 0x4E, 0x4E, 0x4E, 0x4E, 0x4E, 0x7D, 0x4E, 0x4E, 0x4E, 0x4E, 0x4E, 0x4E, 0x4E, 0x4E,
  0x4E, 0x7D, 0x4E, 0x4E, 0x4E, 0x4E, 0x4E, 0x4E, 0x4E, 0x4E, 0x4E, 0x7C, 0x4E, 0x4E, 0x4E, 0x4E,
  0x4E, 0x7D, 0x4E, 0x4E, 0x4E, 0x4E, 0x4E, 0x4E, 0x4E, 0x4E, 0x4E, 0x4E, 0x4E, 0x4E, 0x4E, 0x4E,
  0x4E, 0x4E, 0x4E, 0x4E, 0x4E, 0x4E, 0x4E, 0x7C, 0x4E, 0x4E, 0x4E, 0x4E, 0x4E, 0x4E, 0x4E, 0x7D,
  0x4E, 0x4E, 0x4E, 0x4E, 0x7D, 0x4E, 0x4E, 0x4E, 0x4E, 0x7D, 0x7D, 0x4E, 0x4E, 0x4E, 0x4E, 0x4E,
  0x4E, 0x4E, 0x4E, 0x4E, 0x4E, 0x4E, 0x7D, 0x7D, 0x4E, 0x4E, 0x4E, 0x4E, 0x4E, 0x7D, 0x4E, 0x4E,
  0x4E, 0x4E, 0x4E, 0x4E, 0x4E, 0x4E, 0x4E, 0x7D, 0x4E, 0x4E, 0x4E, 0x4E, 0x4E, 0x4E, 0x4E, 0x4E,
  0x4E, 0x7C, 0x4E, 0x4E, 0x4E, 0x4E, 0x4E, 0x7D, 0x4E, 0x4E, 0x4E, 0x4E, 0x4E, 0x4E, 0x4E, 0x4E,
  0x4E, 0x4E, 0x4E, 0x4E, 0x4E, 0x4E, 0x4E, 0x4E, 0x7C, 0x7C, 0x4E, 0x7C, 0x7C, 0x7C, 0x7C, 0x4E,
  0x4E, 0x4E, 0x4E, 0x4E, 0x4E, 0x92, 0x92, 0x92, 0xB5, 0x92, 0x4E, 0x92, 0xB5, 0xF4, 0xF4, 0xF4,
  0xF7, 0xF7, 0x77, 0xF7, 0x77, 0xDC, 0x6F, 0xD7, 0x6F, 0x6F, 0x0A, 0x0A, 0x39, 0x1A, 0x39, 0x1A,
  0x39, 0x08, 0x1A, 0x1A, 0x11, 0x07, 0x1A, 0x08, 0x08, 0x05, 0x05, 0x05, 0x3F, 0x12, 0x12, 0x14,
  0x0B, 0x12, 0x12, 0x06, 0x05, 0x07, 0x05, 0x18, 0xC2, 0x36, 0xC2, 0x1A, 0x0A, 0xC2, 0xDD, 0xC8,
  0xC8, 0xDF, 0xF3, 0xC8, 0xD7, 0xB8, 0x6F, 0xDC, 0xF4, 0xF4, 0xF4, 0xF4, 0xF4, 0x75, 0x75, 0x75,
  0x75, 0x75, 0x75, 0x75, 0x7C, 0x7C, 0x7C, 0x4F, 0x4E, 0x4E, 0x4E, 0x4E, 0x7D, 0x4E, 0x4E, 0x4E,
  0x4E, 0x4E, 0x4F, 0x4E, 0x4E, 0x4E, 0x4E, 0x4E, 0x7C, 0x7C, 0x7C, 0x7C, 0x7C, 0x4E, 0x4E, 0x4E,
  0x4E, 0x4E, 0x4E, 0x4E, 0x4E, 0x4E, 0x4E, 0x4E, 0x4E, 0x4E, 0x4E, 0x7C, 0x7C, 0x7C, 0x7C, 0x7C,
  0x7C, 0x4E, 0x4E, 0x7C, 0x4E, 0x4E, 0x4E, 0x7C, 0x4E, 0x4E, 0x4E, 0x4E, 0x4E, 0x4E, 0x4E, 0x4E,
  0x4E, 0x7C, 0x4E, 0x4F, 0x7D, 0x4E, 0x7E, 0x7C, 0x7C, 0x4E, 0x4E, 0x4E, 0x4E, 0x4E, 0x4E, 0x4E,
  0x4E, 0x4E, 0x4E, 0x4E, 0x4E, 0x4E, 0x4E, 0x4E, 0x4E, 0x4E, 0x4E, 0x4E, 0x4E, 0x4E, 0x4E, 0x4E,
  0x4E, 0x4E, 0xCB, 0x4E, 0x4E, 0x4E, 0x4E, 0x7D, 0x4F, 0x4E, 0x4E, 0x4E, 0x4E, 0x4E, 0x7C, 0x7C,
  0x7C, 0x7C, 0x7C, 0x4E, 0x4E, 0x4E, 0x4E, 0x4E, 0x4E, 0x4E, 0x4E, 0x4E, 0x4E, 0x7C, 0x4E, 0x4E,
  0x4E, 0x7C, 0x7C, 0x7C, 0x4E, 0x7C, 0x7C, 0x4E, 0x4E, 0x7C, 0x7C, 0x4E, 0x4E, 0x7C, 0x7E, 0x7C,
  0x7C, 0x7C, 0x7C, 0x7C, 0x7C, 0x4E, 0x92, 0x4E, 0x4E, 0x4E, 0x4E, 0x4E, 0x4E, 0x4E, 0x7C, 0x7C,
  0x4E, 0x4E, 0x4E, 0x4E, 0x92, 0x4E, 0xB5, 0xB5, 0xB5, 0xB5, 0x92, 0x92, 0xB5, 0xF4, 0xF4, 0xF4,
  0xF4, 0x77, 0xDC, 0x77, 0xF4, 0x77, 0x80, 0x73, 0x6F, 0x6F, 0x0A, 0x0A, 0xC2, 0x1A, 0x1A, 0xE0,
  0x1A, 0x1A, 0x1A, 0x39, 0x05, 0x05, 0x39, 0x0A, 0x08, 0x11, 0x05, 0x05, 0x3F, 0x12, 0x12, 0x14,
  0x0B, 0x12, 0x12, 0x9C, 0x05, 0x1A, 0x07, 0x07, 0x1A, 0xB8, 0x39, 0x1A, 0xC2, 0x38, 0xDD, 0xED,
  0xC8, 0xE2, 0xDD, 0xDD, 0xD4, 0xD7, 0x84, 0xA5, 0xDC, 0xDC, 0x77, 0xF4, 0x75, 0xB5, 0xB5, 0x75,
  0x75, 0x75, 0x7E, 0x7C, 0xB5, 0x7C, 0xB5, 0xDC, 0x4E, 0x4E, 0x4E, 0x7E, 0x4E, 0x4E, 0xDC, 0x74,
  0x7D, 0x4E, 0xF4, 0x4E, 0x4E, 0x4E, 0x4E, 0x4E, 0x4E, 0x7C, 0x7E, 0x7E, 0x4E, 0x4F, 0x4E, 0x4E,
  0x4E, 0x4E, 0x4E, 0x4E, 0x92, 0x92, 0x92, 0x7C, 0x4E, 0x4F, 0x4E, 0x4E, 0x4E, 0x4E, 0x4E, 0x7C,
  0x7C, 0x4E, 0x4E, 0x4E, 0x4E, 0x4E, 0x4E, 0x4E, 0x7E, 0x74, 0x7D, 0x7D, 0x4E, 0x4E, 0x4E, 0x4E,
  0xF9, 0x4E, 0x4E, 0x4E, 0x4E, 0x7E, 0x7E, 0x7E, 0x4E, 0x4E, 0x4E, 0xB5, 0xB5, 0x4E, 0x4E, 0x75,
  0x4E, 0x4E, 0x4E, 0x4E, 0x4E, 0x4E, 0x4E, 0x7D, 0x4E, 0x4E, 0x4E, 0x4E, 0xB5, 0xDC, 0x4E, 0x7D,
  0x4E, 0xB5, 0x4E, 0x4E, 0xDC, 0xF4, 0x4F, 0x4E, 0xF4, 0xB5, 0x4E, 0x4E, 0x4E, 0x4E, 0x4E, 0x7C,
  0x7C, 0x7E, 0x4E, 0x4E, 0x4E, 0x4E, 0x4E, 0x4E, 0x4E, 0x4E, 0x4E, 0x4E, 0x92, 0x4E, 0x4E, 0x4F,
  0x4E, 0x4E, 0x4E, 0x4E, 0x4E, 0x7C, 0x7C, 0x4E, 0x4E, 0x4E, 0x4E, 0x4E, 0x4E, 0x7C, 0x7C, 0x7C,
  0xB5, 0x7C, 0x7C, 0x7C, 0x7C, 0xB5, 0x7C, 0x7C, 0x4E, 0x4E, 0x7C, 0x4E, 0xB5, 0x4E, 0x4E, 0x4E,
  0x4E, 0x4E, 0x4E, 0x4E, 0x4E, 0x4E, 0x92, 0xB5, 0x7C, 0x4E, 0x92, 0x92, 0xB5, 0xB5, 0xB5, 0xB5,
  0xB5, 0xF4, 0xF4, 0xF7, 0x80, 0xA5, 0xD7, 0xD7, 0xD7, 0xC2, 0xD7, 0xD7, 0xC2, 0xC2, 0xD7, 0x36,
  0x36, 0xBA, 0xE0, 0x1A, 0x05, 0x05, 0x1A, 0xE0, 0x0A, 0x08, 0x18, 0x05, 0x3F, 0x12, 0x12, 0x14,
  0x0B, 0x12, 0x12, 0x3F, 0x07, 0x1A, 0x1A, 0x1A, 0x1A, 0xBA, 0x36, 0x1A, 0xC2, 0xDD, 0xE2, 0xC2,
  0xC2, 0x1A, 0x39, 0x3A, 0xE2, 0xE2, 0xED, 0xED, 0xA5, 0xDC, 0xDC, 0xDC, 0xF4, 0xDC, 0xF4, 0xF4,
  0xDC, 0x74, 0xDC, 0xF4, 0xB5, 0x7E, 0xF4, 0x84, 0xDC, 0xCB, 0xF9, 0xDC, 0xF6, 0xFA, 0xDC, 0xF9,
  0x77, 0xA5, 0xD3, 0xDC, 0xDC, 0x77, 0x74, 0x4E, 0x74, 0xF9, 0xDC, 0xDC, 0xB5, 0x4E, 0xF4, 0xB5,
  0x4E, 0xB5, 0xF4, 0xF4, 0xB5, 0xF4, 0xB5, 0x4E, 0xB5, 0xF9, 0xB5, 0xB5, 0x4E, 0xB5, 0xF9, 0xF4,
  0xF4, 0xB5, 0xB5, 0x74, 0xF4, 0xF4, 0xF9, 0xF4, 0xDC, 0xF6, 0x74, 0x4E, 0x4E, 0xF9, 0xF9, 0xF6,
  0xF6, 0xF9, 0xF9, 0xF9, 0xE9, 0xF6, 0xF9, 0xE9, 0xF6, 0x4E, 0xF9, 0xA5, 0xDC, 0xF9, 0xF9, 0xDC,
  0xF9, 0x4E, 0x75, 0x4E, 0x7C, 0x75, 0x4E, 0xF4, 0xF4, 0xF9, 0xB5, 0xF9, 0xF6, 0xED, 0xED, 0xF9,
  0xF9, 0xDC, 0xF6, 0xF6, 0xC8, 0xF6, 0xF9, 0xA5, 0xDC, 0xDC, 0xFA, 0xF4, 0xB5, 0x4E, 0x74, 0xF9,
  0xF4, 0xDC, 0xB5, 0x4E, 0xF4, 0x77, 0xB5, 0x4E, 0xF4, 0x77, 0xB5, 0xB5, 0xB5, 0x4F, 0xB5, 0xF4,
  0x4E, 0x75, 0x4E, 0x4E, 0xB5, 0xF4, 0xF4, 0x4E, 0x4E, 0x4E, 0xF4, 0x77, 0xB5, 0x4E, 0xB5, 0xF4,
  0x77, 0xF4, 0xF4, 0xB5, 0xB5, 0xA5, 0xF6, 0xF9, 0x4E, 0xDC, 0xF4, 0xF9, 0xDC, 0xF4, 0xF4, 0xDC,
  0xF4, 0xF9, 0xF4, 0x75, 0xF4, 0xB5, 0xF4, 0xB5, 0xB5, 0xF4, 0xF4, 0x74, 0xF4, 0xF4, 0xF7, 0xF4,
  0xF7, 0xF4, 0xDC, 0xA5, 0xA5, 0xA5, 0xE2, 0xE2, 0xE2, 0xD7, 0xD7, 0xC2, 0xD7, 0xD3, 0xD3, 0x36,
  0x36, 0xD7, 0xC2, 0x09, 0x07, 0x05, 0x1A, 0xE0, 0x1A, 0x08, 0x07, 0x05, 0x3F, 0x12, 0x12, 0x14,
  0x0B, 0x12, 0x12, 0x9C, 0x1A, 0xE0, 0x1A, 0x1A, 0x07, 0x1A, 0x0A, 0x1A, 0xC2, 0x36, 0x1A, 0x1A,
  0xC2, 0xEA, 0xE2, 0x40, 0x85, 0xDF, 0xF3, 0x40, 0xF9, 0xE2, 0xED, 0xD3, 0xA5, 0xA5, 0xDC, 0xD3,
  0xA5, 0xF6, 0xC8, 0xA5, 0xD3, 0xF4, 0xDC, 0xDC, 0xD3, 0xDC, 0xDC, 0xDC, 0x77, 0xDC, 0xDC, 0xD3,
  0xA5, 0xDC, 0xD3, 0xDC, 0xD3, 0xD3, 0xD3, 0xD3, 0xD3, 0xD3, 0xC8, 0xD3, 0xDC, 0xDC, 0xDC, 0xFA,
  0xDC, 0xA5, 0xA5, 0xA5, 0xA5, 0xDC, 0xDC, 0xF6, 0xF6, 0xC8, 0xED, 0xDC, 0xD3, 0xD3, 0xC8, 0xC8,
  0xF6, 0xE8, 0xC8, 0xC8, 0xC8, 0xC8, 0xC8, 0xE8, 0xE8, 0xC8, 0xE8, 0xE8, 0xF6, 0x3B, 0xF9, 0xE8,
  0xF9, 0xF6, 0xE8, 0xE8, 0xC8, 0xF6, 0xF9, 0xF9, 0xF9, 0xF9, 0xF9, 0xC8, 0xE8, 0xED, 0xE8, 0x3B,
  0x3B, 0xF9, 0xFA, 0xF4, 0xF4, 0xF4, 0x77, 0xD3, 0xD3, 0xDC, 0xDC, 0xC8, 0xF6, 0xF9, 0xDF, 0xF6,
  0xE8, 0xE8, 0xF6, 0xDF, 0xF3, 0xF6, 0xE8, 0xF6, 0xF9, 0xC8, 0xF9, 0xFA, 0xFA, 0xFA, 0xF9, 0xC8,
  0xFA, 0xFA, 0xFA, 0xFA, 0xFA, 0xD3, 0xD3, 0xD3, 0xFA, 0xFA, 0xFA, 0xDC, 0xF7, 0x74, 0xFA, 0xDC,
  0x74, 0xDC, 0xDC, 0x74, 0xDC, 0xFA, 0xC8, 0xC8, 0xD3, 0xDC, 0xFA, 0xDC, 0xDC, 0xDC, 0xD3, 0xF9,
  0xD3, 0xE2, 0xDC, 0xDC, 0xDC, 0xD3, 0xF6, 0xF6, 0xF9, 0xF6, 0xF6, 0xF9, 0xC8, 0xC8, 0xD3, 0xA5,
  0xDC, 0xD3, 0xFA, 0xD3, 0xDC, 0xF4, 0x92, 0xF7, 0xDC, 0x80, 0x80, 0xDC, 0xA5, 0xDC, 0xFA, 0xDC,
  0xD3, 0xDC, 0xD3, 0xD3, 0xDD, 0xD3, 0xDD, 0xDD, 0xE2, 0x36, 0xD7, 0xD7, 0xD3, 0xDD, 0xDD, 0x36,
  0x36, 0xD7, 0x1A, 0x08, 0x08, 0x08, 0x1A, 0x1A, 0x1A, 0x1A, 0x07, 0x05, 0x3F, 0x12, 0x12, 0x14,
  0x0B, 0x01, 0x12, 0x06, 0x08, 0xBA, 0xE0, 0x1A, 0x1A, 0x07, 0x05, 0x0A, 0xD7, 0x1A, 0x39, 0xC2,
  0xDD, 0xED, 0xDF, 0xDD, 0xDD, 0xC8, 0xDD, 0xDD, 0xC8, 0xE2, 0xD7, 0xD7, 0xE2, 0xD3, 0xD3, 0xD4,
  0xD3, 0x40, 0xC8, 0xD3, 0xE2, 0xB8, 0xDD, 0xE2, 0xD3, 0xD7, 0xD3, 0xD3, 0xD3, 0xD3, 0xD7, 0xB8,
  0xB8, 0xD3, 0xDD, 0xD3, 0xD3, 0xD3, 0xDD, 0xD3, 0xD3, 0xD3, 0xD3, 0xD3, 0xC8, 0xD3, 0xD3, 0xB8,
  0xD7, 0xD3, 0xFA, 0xD3, 0xD3, 0xD3, 0xD3, 0xA5, 0xD3, 0xD3, 0xD3, 0xED, 0xE2, 0xD3, 0xED, 0xD3,
  0xE2, 0xE2, 0xE2, 0xD3, 0xD3, 0xD3, 0xFA, 0xD3, 0xD3, 0xD3, 0xED, 0xC8, 0xD3, 0xED, 0xE2, 0xDC,
  0xF9, 0xED, 0xD3, 0xD3, 0xD3, 0xC8, 0xE2, 0xE8, 0xF6, 0xC8, 0xED, 0xD3, 0xC8, 0xE2, 0xED, 0xF6,
  0xF6, 0xED, 0xDC, 0xA5, 0x80, 0xDC, 0xDC, 0xD3, 0xE2, 0xE2, 0xD3, 0xA5, 0xD3, 0xC8, 0xC8, 0xC8,
  0xE8, 0xC8, 0xE2, 0xE8, 0xC8, 0xE2, 0xED, 0xC8, 0xC8, 0xE2, 0xD3, 0xA5, 0x84, 0xA5, 0xF4, 0xA5,
  0xA5, 0xDC, 0xDC, 0xA5, 0xD3, 0xD3, 0xA5, 0x20, 0xD3, 0xD3, 0x20, 0xB8, 0x80, 0x73, 0x20, 0x20,
  0xB8, 0x6F, 0x6F, 0xA5, 0xA5, 0xD3, 0xDD, 0xA5, 0xA5, 0xE2, 0xE2, 0xD7, 0xB8, 0xD7, 0xD7, 0xD3,
  0xD3, 0xE2, 0xFA, 0xDC, 0xE2, 0xD3, 0xF9, 0xED, 0xC8, 0xD3, 0xA5, 0xD3, 0xD3, 0xC8, 0xC8, 0xD3,
  0xD3, 0xD3, 0xD3, 0xB8, 0xD3, 0xF7, 0xB5, 0x80, 0xB8, 0xA5, 0xB8, 0x20, 0xB8, 0xD3, 0xD3, 0xD3,
  0xD3, 0xD7, 0xD3, 0xD3, 0xD4, 0xDD, 0xB8, 0xD7, 0xD7, 0xD7, 0xD7, 0xDD, 0xC8, 0xE2, 0xE2, 0x36,
  0x3D, 0xBA, 0x1A, 0x1A, 0xE0, 0xE0, 0xE0, 0x1A, 0x1A, 0x1A, 0x05, 0x05, 0x3F, 0x12, 0x12, 0x14,
  0x0B, 0x01, 0x12, 0x06, 0x08, 0xBA, 0xBA, 0x1A, 0x1A, 0x07, 0x61, 0x0A, 0xC2, 0x39, 0x1A, 0xC2,
  0xC8, 0xC8, 0xDF, 0xC8, 0x3A, 0x3A, 0xD7, 0xD7, 0xD4, 0x0A, 0xD7, 0x0A, 0x0A, 0x6F, 0x6F, 0x6F,
  0x6F, 0xD7, 0xD7, 0xA5, 0xD7, 0x6F, 0xD7, 0xD7, 0x84, 0xA5, 0xD7, 0xD7, 0xD7, 0xD7, 0x6F, 0x6F,
  0x6F, 0xD7, 0xD7, 0xD7, 0xD7, 0xD7, 0x84, 0xD7, 0xD7, 0x84, 0xA5, 0xA5, 0xDC, 0xA5, 0xD7, 0x73,
  0x6F, 0x84, 0xD7, 0xA5, 0xA5, 0xD7, 0xA5, 0xA5, 0xD7, 0xA5, 0xA5, 0xA5, 0x6F, 0x80, 0x73, 0xD4,
  0x6F, 0xDC, 0x80, 0xD7, 0xD7, 0xA5, 0xA5, 0xA5, 0xDC, 0xA5, 0xD7, 0xA5, 0xD7, 0xA5, 0xD7, 0x84,
  0xA5, 0x84, 0xA5, 0xA5, 0xDC, 0xDC, 0xA5, 0xD4, 0xA5, 0xDC, 0xDC, 0xA5, 0xDC, 0xDC, 0xA5, 0xA5,
  0xA5, 0xF4, 0xDC, 0xDC, 0x80, 0xA5, 0xA5, 0xA5, 0xA5, 0xA5, 0xA5, 0x84, 0xA5, 0xDC, 0xDC, 0xA5,
  0xD7, 0xA5, 0xA5, 0x84, 0xA5, 0x84, 0x84, 0xA5, 0x84, 0xA5, 0xF4, 0xDC, 0x80, 0x80, 0xA5, 0x77,
  0x77, 0xA5, 0xDC, 0xDC, 0xA5, 0xA5, 0xDC, 0x73, 0xA5, 0x80, 0x6F, 0x73, 0x80, 0x73, 0x73, 0x73,
  0x73, 0x80, 0xA5, 0xDC, 0x77, 0xDC, 0xDC, 0xDC, 0xDC, 0xDC, 0x73, 0x73, 0x20, 0x73, 0x6F, 0x73,
  0x73, 0xA5, 0x80, 0xDC, 0x73, 0x80, 0xA5, 0xA5, 0xDC, 0xA5, 0xA5, 0x84, 0xA5, 0x84, 0x84, 0xD7,
  0xA5, 0x84, 0xD7, 0xA5, 0xA5, 0x80, 0xA5, 0x80, 0x73, 0x73, 0x73, 0x73, 0xA5, 0x73, 0x6F, 0x20,
  0x20, 0x6F, 0xD7, 0xD7, 0x6F, 0xD7, 0x0A, 0x0A, 0x0A, 0x0A, 0xD7, 0xC8, 0xDD, 0xE2, 0x38, 0x36,
  0x0A, 0x1A, 0x18, 0x39, 0xBA, 0xD7, 0xBA, 0x08, 0x08, 0x18, 0x05, 0x05, 0x3F, 0x12, 0x12, 0x14,
  0x0B, 0x12, 0x12, 0x9C, 0x1A, 0xC2, 0x1A, 0x1A, 0x1A, 0x18, 0x1A, 0xC2, 0x0A, 0x39, 0x18, 0x1A,
  0x1A, 0xC2, 0xE2, 0xC8, 0x36, 0x0A, 0xB8, 0x73, 0x73, 0x73, 0x73, 0x73, 0x80, 0x80, 0x80, 0x80,
  0x80, 0x80, 0x80, 0x80, 0xDC, 0xDC, 0x80, 0xDC, 0xF7, 0xF7, 0xF4, 0xF4, 0x80, 0x80, 0x77, 0xDC,
  0xDC, 0xDC, 0xF7, 0x77, 0x80, 0xDC, 0xF7, 0xF7, 0xDC, 0xDC, 0xF7, 0xF4, 0xF4, 0xF4, 0xDC, 0xF7,
  0xF4, 0xF7, 0xF7, 0xF4, 0x77, 0x77, 0xF7, 0xF4, 0xF4, 0xF4, 0xF4, 0xF4, 0xF7, 0xF7, 0xF7, 0x77,
  0x77, 0xF7, 0xF4, 0x77, 0xDC, 0xF7, 0xF4, 0xF4, 0x75, 0xF4, 0xF4, 0xA5, 0xF7, 0xB5, 0xF4, 0x77,
  0xDC, 0x77, 0xF7, 0xF4, 0xB5, 0x74, 0xF4, 0x77, 0xB5, 0xB5, 0x75, 0xF4, 0xF4, 0x4E, 0x7E, 0x75,
  0x7E, 0x4E, 0x7C, 0x92, 0xB5, 0xB5, 0x75, 0x75, 0xB5, 0x4E, 0x4E, 0xF4, 0xF4, 0xF4, 0xF4, 0xF7,
  0xF4, 0xF4, 0x77, 0xA5, 0xDC, 0xF7, 0xDC, 0xF7, 0xF7, 0xF7, 0xF7, 0xF7, 0xF7, 0xF4, 0xF7, 0x77,
  0xF7, 0xF7, 0xF4, 0xF4, 0x77, 0xF4, 0xB5, 0xF4, 0xF4, 0xB5, 0x77, 0xDC, 0xF7, 0xF4, 0xF7, 0x77,
  0xF7, 0xF4, 0xF4, 0xF4, 0xF7, 0xF4, 0xF7, 0xF7, 0xF4, 0xF4, 0x77, 0xF4, 0xF4, 0xF4, 0xF4, 0xF4,
  0xF4, 0xDC, 0xF4, 0xB5, 0xF4, 0xF4, 0xF7, 0x77, 0x77, 0xF4, 0x74, 0x77, 0xDC, 0x77, 0x77, 0xF4,
  0xF4, 0x77, 0x77, 0xF4, 0xF4, 0xF7, 0xF7, 0xF4, 0xF4, 0x77, 0x77, 0x77, 0x77, 0x77, 0x77, 0x77,
  0x77, 0xDC, 0xDC, 0x80, 0x73, 0x73, 0x73, 0x6F, 0x6F, 0xD7, 0xB8, 0xDD, 0xDD, 0x36, 0xBA, 0x1A,
  0x1A, 0x07, 0x39, 0x39, 0xC2, 0x3D, 0xBA, 0x07, 0x18, 0x05, 0x05, 0x05, 0x3F, 0x12, 0x12, 0x14,
  0x0B, 0x12, 0x12, 0x3F, 0x07, 0x1A, 0x1A, 0x07, 0x08, 0x07, 0x1A, 0xC2, 0x1A, 0x1A, 0xE0, 0x08,
  0xE0, 0xC2, 0xC2, 0xD3, 0xDD, 0xD7, 0x80, 0xA5, 0xA5, 0xDC, 0x77, 0xF7, 0x77, 0xF7, 0xF7, 0xF4,
  0xF4, 0xF7, 0x77, 0xF7, 0xF4, 0xF4, 0xB5, 0xB5, 0xB5, 0xF4, 0xB5, 0x92, 0xF7, 0xF7, 0xB5, 0xF4,
  0xF4, 0xB5, 0xB5, 0xF4, 0xF7, 0xF4, 0xF4, 0xB5, 0xB5, 0x75, 0xF4, 0xF4, 0xB5, 0x75, 0x75, 0xB5,
  0x4E, 0x7C, 0x4E, 0x4E, 0x7E, 0x75, 0x75, 0x7C, 0x7C, 0x75, 0x7E, 0x7E, 0x75, 0x7E, 0x7C, 0x7E,
  0x75, 0x7E, 0x4E, 0x7E, 0x7E, 0x7C, 0x7E, 0x7E, 0x7E, 0x75, 0x7E, 0x75, 0x75, 0x7C, 0x7C, 0x7C,
  0x7E, 0x75, 0xF4, 0x7E, 0x4E, 0x4E, 0x4E, 0x7D, 0x7D, 0x7D, 0x4E, 0x4E, 0x4E, 0xBD, 0xBD, 0x4E,
  0x4E, 0x4E, 0x4E, 0x4E, 0x4E, 0x4E, 0x4E, 0x4E, 0x4E, 0x7D, 0x4E, 0x4E, 0x4E, 0x4E, 0x4E, 0x7E,
  0x4E, 0x4E, 0xF4, 0xF7, 0xB5, 0xF4, 0xF7, 0xF4, 0xB5, 0xF4, 0x77, 0xF7, 0xF4, 0xF4, 0xB5, 0xB5,
  0x75, 0xF4, 0xF4, 0x75, 0x75, 0x7E, 0x7C, 0x7C, 0x7C, 0x4E, 0x7C, 0x75, 0x75, 0x7C, 0x4E, 0x7E,
  0x7E, 0x7E, 0x75, 0x7E, 0x7C, 0x7E, 0x75, 0x7E, 0x4E, 0x7E, 0x75, 0xB5, 0x7E, 0x7E, 0x7E, 0x75,
  0x7E, 0x7E, 0x7E, 0x7E, 0x75, 0x75, 0x75, 0x75, 0xB5, 0x7C, 0x92, 0xB5, 0xF4, 0xF4, 0xB5, 0x7C,
  0x7C, 0x7C, 0xB5, 0x4E, 0x92, 0x7C, 0x7C, 0x7C, 0x7C, 0xB5, 0x7C, 0x7C, 0x21, 0xF4, 0x75, 0x75,
  0x77, 0xDC, 0x77, 0xF4, 0x77, 0x80, 0xA5, 0x80, 0xB8, 0xD7, 0xB8, 0xDD, 0xD7, 0x39, 0x39, 0x39,
  0x07, 0x1A, 0x1A, 0xBA, 0xD7, 0x3D, 0x1A, 0x1A, 0x05, 0x05, 0x05, 0x05, 0x3F, 0x12, 0x12, 0x14,
  0x0B, 0x12, 0x12, 0x3F, 0x07, 0x1A, 0x07, 0x07, 0x2D, 0x10, 0x07, 0xE0, 0x1A, 0x1A, 0xE0, 0xD7,
  0xD7, 0xC2, 0x3A, 0x3A, 0xB8, 0x6F, 0x73, 0xDC, 0xF7, 0xB5, 0xB5, 0xB5, 0x7C, 0x7E, 0xB5, 0x7C,
  0x75, 0x75, 0x75, 0x75, 0xB5, 0xB5, 0xB5, 0xB5, 0xB5, 0x7C, 0x75, 0x75, 0xB5, 0xB5, 0x7E, 0x7C,
  0x7C, 0x7C, 0x7E, 0xB5, 0xB5, 0x75, 0xB5, 0x75, 0x7C, 0x7C, 0x7E, 0x7E, 0x7C, 0x7C, 0x7E, 0x7C,
  0x4E, 0x7C, 0x7E, 0x7C, 0x4E, 0x4E, 0x4E, 0x4E, 0x7C, 0x7C, 0x7C, 0x7E, 0x7E, 0x7C, 0x7C, 0x7C,
  0x4E, 0x4E, 0x4E, 0x4E, 0x4E, 0x4E, 0x7C, 0x7C, 0x4E, 0x4E, 0x4E, 0x7C, 0x4E, 0x7C, 0x7C, 0x4E,
  0x4E, 0x4E, 0x4E, 0x4E, 0x4E, 0xBD, 0xBD, 0x7D, 0x7D, 0x4E, 0x4E, 0x4E, 0x4E, 0x4E, 0x4E, 0x4E,
  0x4E, 0x4E, 0x4E, 0x4E, 0x4E, 0xBD, 0x7D, 0x4E, 0x4E, 0x4E, 0x4E, 0x4E, 0x4E, 0x4E, 0x4E, 0x7C,
  0x7E, 0x7C, 0xB5, 0x75, 0x75, 0x7C, 0x7E, 0x7C, 0xB5, 0xB5, 0x75, 0x75, 0xB5, 0x75, 0x7C, 0x7C,
  0x7C, 0x7E, 0x7C, 0x7C, 0x7C, 0x7C, 0x4E, 0x4E, 0x7C, 0x7C, 0x4E, 0x4E, 0x4E, 0x4E, 0x7C, 0x7C,
  0x7C, 0x7C, 0x7E, 0x7C, 0x7C, 0x7C, 0x4E, 0x4E, 0x4E, 0x4E, 0x4E, 0x4E, 0x7C, 0x7C, 0x4E, 0x4E,
  0x4E, 0x4E, 0x4E, 0x4E, 0x7C, 0x7C, 0x7C, 0x7C, 0x7C, 0x7E, 0x7C, 0x7C, 0x7C, 0x7C, 0x4E, 0x4E,
  0x7C, 0x7C, 0x7C, 0x7C, 0x7C, 0x7C, 0x7C, 0x7C, 0x7C, 0x7C, 0x7C, 0x92, 0x75, 0xF4, 0xF4, 0xF4,
  0x77, 0xF7, 0xF4, 0xF7, 0x77, 0x77, 0xDC, 0xDC, 0xD7, 0xD7, 0xB8, 0xC2, 0x0A, 0x1A, 0x39, 0x08,
  0x1A, 0x1A, 0xC2, 0x3D, 0x3D, 0xC2, 0x1A, 0x07, 0x07, 0x05, 0x05, 0x05, 0x3F, 0x12, 0x12, 0x12,
  0x0B, 0x12, 0x12, 0x06, 0x07, 0x08, 0x07, 0x00, 0xD6, 0x47, 0x0B, 0x0B, 0x08, 0xD7, 0x36, 0xD7,
  0xD4, 0xD7, 0xD7, 0x6F, 0x0A, 0x6F, 0xDC, 0xF7, 0xF4, 0x75, 0x7E, 0x75, 0x92, 0x92, 0xB5, 0xB5,
  0x7C, 0x7C, 0x7E, 0x7C, 0xB5, 0x92, 0x4E, 0x7C, 0x7C, 0xB5, 0xB5, 0xB5, 0x75, 0x7E, 0xB5, 0xB5,
  0x75, 0x7C, 0x7C, 0x7C, 0x7C, 0x7C, 0x4E, 0x7C, 0x75, 0x75, 0x75, 0x7E, 0x7C, 0x7C, 0x4E, 0x4E,
  0x4E, 0x4E, 0x7C, 0x7C, 0x4E, 0x4E, 0x4E, 0x7C, 0x7C, 0x7C, 0x7C, 0x7C, 0x7C, 0x7C, 0x7C, 0x4E,
  0x4E, 0x4E, 0x4E, 0x4E, 0x4E, 0x4E, 0x4E, 0x4E, 0x4E, 0x4E, 0x7C, 0x7C, 0x4E, 0x4E, 0x4E, 0x4E,
  0x4E, 0x4E, 0x4E, 0x4E, 0x4E, 0x4E, 0x4E, 0x4E, 0x4E, 0x4E, 0x4E, 0x4E, 0x4E, 0x4E, 0x4E, 0x4E,
  0x4E, 0x4E, 0x4E, 0x7D, 0x7D, 0x7D, 0x7D, 0x7D, 0x4E, 0x7D, 0x4E, 0x7C, 0x4E, 0x4E, 0x4E, 0x4E,
  0x4E, 0x7C, 0xB5, 0xB5, 0xB5, 0xB5, 0x75, 0x7C, 0x7C, 0x7C, 0x7C, 0x7C, 0x4E, 0x7C, 0x75, 0x75,
  0x75, 0x7E, 0x7C, 0x7C, 0x4E, 0x4E, 0x4E, 0x4E, 0x7C, 0x7C, 0x4E, 0x4E, 0x4E, 0x4E, 0x7C, 0x7C,
  0x7C, 0x7C, 0x7C, 0x7C, 0x7C, 0x4E, 0x4E, 0x4E, 0x4E, 0x4E, 0x4E, 0x4E, 0x4E, 0x4E, 0x4E, 0x4E,
  0x4E, 0x4E, 0x4E, 0x7C, 0x7C, 0x7C, 0x7C, 0x7C, 0x7C, 0x7C, 0x7C, 0x7C, 0x4E, 0x4E, 0x4E, 0x4E,
  0x7E, 0x7C, 0x4E, 0x7C, 0x7C, 0x7C, 0x7C, 0x7C, 0x7C, 0x7C, 0x7C, 0xB5, 0x75, 0xB5, 0x75, 0xB5,
  0xF4, 0xB5, 0xF4, 0xF7, 0xF7, 0xF4, 0xF4, 0xE2, 0xD7, 0xD7, 0xD7, 0x0A, 0x0A, 0x0A, 0x39, 0x11,
  0x08, 0x1A, 0xD7, 0x38, 0xE0, 0x08, 0x07, 0x07, 0x07, 0x07, 0x05, 0x05, 0x3F, 0x12, 0x12, 0x12,
  0x0B, 0x12, 0x12, 0x06, 0x05, 0x0B, 0x24, 0x8D, 0x13, 0x51, 0xD6, 0x55, 0x08, 0xC2, 0xD7, 0xD4,
  0xE2, 0xD3, 0xB8, 0xB8, 0xB8, 0x6F, 0x80, 0xDC, 0xF7, 0x75, 0x75, 0x7C, 0x7C, 0x4F, 0x4F, 0x75,
  0x7C, 0x4E, 0x4E, 0x7E, 0xB5, 0x7C, 0x92, 0x92, 0x4E, 0xB5, 0x75, 0x7C, 0x7C, 0x7C, 0x7C, 0x7C,
  0x7C, 0x7E, 0x7C, 0x7C, 0x7C, 0x7E, 0x7C, 0x7E, 0x7C, 0x7C, 0x7E, 0x7C, 0x7C, 0x4E, 0x7C, 0x7C,
  0x4E, 0x4E, 0x4E, 0x4E, 0x4E, 0x4E, 0x4E, 0x4E, 0x4E, 0x4E, 0x4E, 0x4E, 0x4E, 0x4E, 0x7C, 0x4E,
  0x4E, 0x4E, 0x4E, 0x4E, 0x4E, 0x4E, 0x7C, 0x4E, 0x4E, 0x4E, 0x4E, 0x4E, 0x4E, 0x4E, 0x7C, 0x7C,
  0x4E, 0x4E, 0x7D, 0x7D, 0x4E, 0x4E, 0x4E, 0x4E, 0x4E, 0x4E, 0x7D, 0x4E, 0x4E, 0x4E, 0x4E, 0x7D,
  0x7D, 0x7D, 0x7D, 0x7D, 0x4E, 0x7D, 0x7D, 0x7D, 0x4E, 0x7D, 0x4E, 0x7D, 0x4E, 0x4E, 0x4E, 0x4E,
  0x4E, 0x4E, 0x7C, 0x7C, 0x7C, 0x7C, 0x7C, 0xB5, 0x7C, 0x7C, 0x7C, 0x7E, 0x7C, 0x7C, 0x7C, 0x7C,
  0x7E, 0x7C, 0x7C, 0x4E, 0x4E, 0x7C, 0x4E, 0x4E, 0x4E, 0x4E, 0x4E, 0x4E, 0x4E, 0x4E, 0x4E, 0x4E,
  0x4E, 0x4E, 0x4E, 0x4E, 0x7C, 0x4E, 0x4E, 0x4E, 0x4E, 0x4E, 0x4E, 0x4E, 0x7C, 0x4E, 0x4E, 0x4E,
  0x4E, 0x4E, 0x4E, 0x7C, 0x7C, 0x7C, 0x4E, 0x4E, 0x7C, 0x7C, 0x7C, 0x7C, 0x4E, 0x7C, 0x7C, 0x7C,
  0x7C, 0x7C, 0x4E, 0x4E, 0x7C, 0x7C, 0x7C, 0x7E, 0x7E, 0x7C, 0x7C, 0x4E, 0x92, 0xB5, 0xB5, 0xB5,
  0xB5, 0xB5, 0xB5, 0xB5, 0xB5, 0xF4, 0xF4, 0xA5, 0xDC, 0xDC, 0x73, 0x0A, 0x0A, 0x0A, 0x0A, 0x08,
  0x1A, 0x1A, 0xD7, 0xBA, 0x1A, 0x1A, 0x08, 0x08, 0x08, 0x08, 0x05, 0x05, 0x3F, 0x12, 0x12, 0x12,
  0x0B, 0x01, 0x01, 0x06, 0x05, 0x0B, 0x24, 0x10, 0x9F, 0xE1, 0x24, 0x24, 0x08, 0xC2, 0xC2, 0xE2,
  0x40, 0xDD, 0xE2, 0xB8, 0xD3, 0xD3, 0xDC, 0xDC, 0xA5, 0xF4, 0x75, 0x7C, 0x75, 0x4E, 0x75, 0x75,
  0x75, 0x75, 0x7C, 0x7C, 0x7E, 0xB5, 0x4E, 0x92, 0x7C, 0x7E, 0x75, 0x7C, 0x7C, 0x92, 0x7C, 0x7C,
  0x7C, 0x7C, 0x7C, 0x7C, 0x7C, 0x7C, 0x7C, 0x7C, 0x7C, 0x7C, 0x4E, 0x4E, 0x4E, 0x7C, 0x7D, 0x4E,
  0x4E, 0x4E, 0x4E, 0x4E, 0x4E, 0x4E, 0x4E, 0x4E, 0x4E, 0x4E, 0x4E, 0x4E, 0x4E, 0x4E, 0x4E, 0x4E,
  0x7C, 0x7C, 0x7C, 0x4E, 0x4E, 0x7C, 0x4E, 0x4E, 0x4E, 0x7C, 0x4E, 0x4E, 0x4E, 0x7C, 0x4E, 0x4E,
  0x4E, 0x4E, 0x7D, 0x7D, 0x4E, 0x4E, 0x4E, 0x4E, 0x4E, 0x7D, 0x4E, 0x7D, 0x4E, 0x4E, 0x4E, 0x4E,
  0x7D, 0x7D, 0x7D, 0x7D, 0x7D, 0x7D, 0x7D, 0x4E, 0x4E, 0x4E, 0x4E, 0x4E, 0x4E, 0x4E, 0x4E, 0x4E,
  0xBD, 0x4E, 0x7C, 0x7C, 0x4E, 0x7C, 0x7C, 0x7C, 0xB5, 0x7C, 0x7C, 0x7C, 0x7C, 0x7C, 0x7C, 0x7C,
  0x4E, 0x4E, 0x4E, 0x4E, 0x4E, 0x7D, 0x4E, 0x4E, 0x4E, 0x4E, 0x4E, 0x4E, 0x4E, 0x4E, 0x4E, 0x4E,
  0x4E, 0x4E, 0x4E, 0x4E, 0x4E, 0x4E, 0x7C, 0x7C, 0x7C, 0x4E, 0x4E, 0x4E, 0x4E, 0x4E, 0x4E, 0x4E,
  0x4E, 0x4E, 0x4E, 0x7C, 0x7E, 0x7C, 0x7C, 0x7C, 0x7C, 0x7C, 0x7C, 0x7C, 0x7C, 0x7C, 0x7C, 0x7C,
  0x7C, 0x7C, 0x7C, 0x7C, 0x7C, 0x4E, 0x4E, 0x7C, 0x7C, 0x7C, 0x7C, 0x7C, 0x7E, 0x7D, 0x4F, 0xB5,
  0xF4, 0xB5, 0xB5, 0xF4, 0xF4, 0xDC, 0xA5, 0xA5, 0xDC, 0xDC, 0x73, 0x0A, 0x6F, 0x6F, 0xD7, 0x0A,
  0xD7, 0xE0, 0x1A, 0x1A, 0x1A, 0x1A, 0x11, 0x08, 0x52, 0x07, 0x07, 0x07, 0x3F, 0x12, 0x12, 0x12,
  0x0B, 0x12, 0x12, 0x06, 0x05, 0x05, 0x9C, 0x24, 0x51, 0x51, 0x2D, 0x0B, 0x08, 0xC2, 0xC2, 0xD7,
  0xE2, 0x3A, 0xD4, 0xD4, 0xD7, 0xD7, 0xA5, 0xDC, 0x77, 0x77, 0x77, 0x77, 0xB5, 0x7D, 0xF4, 0x75,
  0x7E, 0x75, 0x7C, 0x4E, 0x7D, 0x4E, 0x7C, 0x7C, 0x7E, 0x75, 0x7C, 0x7C, 0x7C, 0x7C, 0x7C, 0x92,
  0x7C, 0x7C, 0x7E, 0x7C, 0x7E, 0x7C, 0x7C, 0x7C, 0x7C, 0x4E, 0x4E, 0x4E, 0x4E, 0x7C, 0x4E, 0x7D,
  0x7D, 0x4E, 0x7C, 0x4E, 0x4E, 0x4E, 0x4E, 0x4E, 0x4E, 0x4E, 0x4E, 0x4E, 0x4E, 0x4E, 0x4E, 0x4E,
  0x7C, 0x7C, 0x7C, 0x4E, 0x4E, 0x7C, 0x4E, 0x4E, 0x4E, 0x4E, 0x4E, 0x4E, 0x4E, 0x4E, 0x7D, 0x7D,
  0x7D, 0x4E, 0x4E, 0x4E, 0x4E, 0x4E, 0x4E, 0x4E, 0x4E, 0x7D, 0x7D, 0x7D, 0x7D, 0x7D, 0x4E, 0x4E,
  0x7D, 0x7D, 0x4E, 0x4E, 0x7D, 0x4E, 0x7D, 0x7D, 0x7D, 0x4E, 0x4E, 0x4E, 0x4E, 0x7D, 0x7D, 0x7D,
  0x4E, 0x4E, 0x7C, 0x7C, 0x7C, 0x7C, 0x7C, 0x7C, 0x7E, 0x7C, 0x7E, 0x7C, 0x7C, 0x7C, 0x7C, 0x4E,
  0x4E, 0x4E, 0x7C, 0x7C, 0x4E, 0x7D, 0x7D, 0x4E, 0x7C, 0x4E, 0x4E, 0x4E, 0x4E, 0x4E, 0x4E, 0x4E,
  0x4E, 0x4E, 0x4E, 0x4E, 0x4E, 0x4E, 0x7C, 0x7C, 0x7C, 0x4E, 0x4E, 0x7C, 0x4E, 0x4E, 0x4E, 0x4E,
  0x4E, 0x4E, 0x4E, 0x7C, 0x7C, 0x4E, 0x4E, 0x4E, 0x7C, 0x7C, 0x7C, 0x7C, 0x4E, 0x7C, 0x7C, 0x7C,
  0x7C, 0x4E, 0x7C, 0x7C, 0x4E, 0x4E, 0x4E, 0x4E, 0x4E, 0x7C, 0x7C, 0x7E, 0x75, 0x4E, 0x4E, 0xB5,
  0xF4, 0xF4, 0xF4, 0xF7, 0xF7, 0xD7, 0xA5, 0x20, 0xA5, 0xA5, 0x80, 0x20, 0x6F, 0x6F, 0xD7, 0xC2,
  0x36, 0xD7, 0x1A, 0x1A, 0x05, 0x05, 0x08, 0x08, 0x07, 0x18, 0x05, 0x07, 0x01, 0x12, 0x12, 0x12,
  0x0B, 0x12, 0x12, 0x06, 0x05, 0x05, 0x3F, 0x2D, 0x8A, 0x10, 0x42, 0x51, 0x1A, 0xD7, 0xD7, 0xC2,
  0x3A, 0x3A, 0x0A, 0xB8, 0x73, 0xA5, 0xDC, 0x77, 0xF4, 0xF4, 0x77, 0xA5, 0xF4, 0xB5, 0x75, 0xB5,
  0x7E, 0x7C, 0x7C, 0x4E, 0x4F, 0x4E, 0x7C, 0x7C, 0x7C, 0x75, 0x7C, 0x7C, 0x7C, 0x7E, 0x7C, 0x7C,
  0x7C, 0x75, 0x75, 0x7C, 0x7E, 0x7E, 0x7C, 0x4E, 0x4E, 0x4E, 0x4E, 0x4E, 0x7C, 0x7C, 0x7C, 0x4E,
  0x4E, 0x4E, 0x7C, 0x4E, 0x7C, 0x4E, 0x4E, 0x4E, 0x4E, 0x4E, 0x4E, 0x4E, 0x4E, 0x4E, 0x4E, 0x4E,
  0x4E, 0x4E, 0x4E, 0x4E, 0x4E, 0x4E, 0x4E, 0x4E, 0x4E, 0x7D, 0x7D, 0x7D, 0x7D, 0x7D, 0x7D, 0x7D,
  0x7D, 0x7D, 0x4E, 0x4E, 0x4E, 0x4E, 0x4E, 0x4E, 0x4E, 0x4E, 0x7D, 0x7D, 0x7D, 0x7D, 0x4E, 0x7D,
  0x7D, 0x7D, 0x7D, 0x4E, 0x4E, 0x7D, 0x4E, 0x4E, 0x4E, 0x4E, 0x4E, 0x4E, 0x4E, 0x7D, 0x4E, 0x7D,
  0x7D, 0x7D, 0x7C, 0x7E, 0x7C, 0x7C, 0x7C, 0x7E, 0x75, 0x7C, 0x7E, 0x75, 0x7C, 0x7C, 0x4E, 0x4E,
  0x4E, 0x4E, 0x4E, 0x7C, 0x7C, 0x4E, 0x4E, 0x4E, 0x7C, 0x4E, 0x7C, 0x4E, 0x4E, 0x4E, 0x4E, 0x4E,
  0x4E, 0x4E, 0x4E, 0x4E, 0x4E, 0x4E, 0x4E, 0x4E, 0x4E, 0x4E, 0x4E, 0x4E, 0x4E, 0x4E, 0x4E, 0x4E,
  0x7D, 0x7D, 0x4E, 0x7C, 0x7C, 0x4E, 0x7D, 0x7D, 0x4E, 0x4E, 0x4E, 0x4E, 0x4E, 0x4E, 0x4E, 0x4E,
  0x7C, 0x7C, 0x4E, 0x4E, 0x4E, 0x4E, 0x7C, 0x7C, 0x7C, 0x4E, 0x7C, 0x7C, 0x7C, 0x75, 0xF4, 0xF4,
  0xF4, 0xF4, 0xF4, 0xF4, 0xF4, 0x80, 0x6F, 0x6F, 0x0A, 0x6F, 0xB8, 0x80, 0x73, 0xB8, 0xD7, 0xE2,
  0x36, 0x36, 0xBA, 0xBA, 0x07, 0x05, 0x08, 0x07, 0x05, 0x07, 0x05, 0x07, 0x01, 0x12, 0x12, 0x12,
  0x0B, 0x12, 0x12, 0x3F, 0x07, 0x08, 0x08, 0x3F, 0x06, 0x0B, 0x12, 0x08, 0x0A, 0xC2, 0x0A, 0x39,
  0x39, 0x0A, 0xD7, 0x6F, 0xDC, 0x77, 0xF4, 0xF4, 0x75, 0x75, 0x75, 0x21, 0xF4, 0xB5, 0xB5, 0x75,
  0x7C, 0x7C, 0x7C, 0x4E, 0x92, 0x92, 0x7C, 0x92, 0x7C, 0x7C, 0x7C, 0x7C, 0x7C, 0x7C, 0x7C, 0x7C,
  0x7C, 0x7C, 0x7C, 0x7E, 0x7E, 0x7E, 0x7C, 0x7C, 0x7C, 0x7C, 0x7C, 0x4E, 0x7E, 0x7E, 0x7E, 0x7C,
  0x7C, 0x4E, 0x4E, 0x4E, 0x4E, 0x4E, 0x4E, 0x4E, 0x4E, 0x4E, 0x4E, 0x4E, 0x4E, 0x7C, 0x4E, 0x4E,
  0x4E, 0x4E, 0x4E, 0x4E, 0x4E, 0x4E, 0x4E, 0x4E, 0x7D, 0x4E, 0x7D, 0x7D, 0x7D, 0x7D, 0x7D, 0x7D,
  0x7D, 0x7D, 0x7D, 0x4E, 0x4E, 0x7D, 0x7D, 0x4E, 0x4E, 0x4E, 0x4E, 0x7D, 0x7D, 0x7D, 0x7D, 0x7D,
  0x7D, 0x7D, 0x7D, 0x4E, 0x4E, 0x4E, 0x4E, 0x4E, 0x4E, 0x7D, 0x7D, 0x7D, 0x7D, 0x7D, 0x4E, 0x7D,
  0x7D, 0x4E, 0x7C, 0x7C, 0x7C, 0x7C, 0x7C, 0x7C, 0x7C, 0x7E, 0x7E, 0x7E, 0x7C, 0x7C, 0x7C, 0x7C,
  0x7C, 0x4E, 0x7C, 0x7E, 0x7E, 0x7C, 0x7C, 0x4E, 0x4E, 0x4E, 0x4E, 0x4E, 0x4E, 0x4E, 0x4E, 0x4E,
  0x4E, 0x4E, 0x4E, 0x7C, 0x4E, 0x4E, 0x4E, 0x4E, 0x4E, 0x4E, 0x4E, 0x4E, 0x4E, 0x4E, 0x7D, 0x7D,
  0x4E, 0x7D, 0x4E, 0x4E, 0x4E, 0x7D, 0xBB, 0x7D, 0x4E, 0x4E, 0x4E, 0x4E, 0x7D, 0x7D, 0x7D, 0x4E,
  0x4E, 0x4E, 0x4E, 0x4E, 0x4E, 0x7D, 0x4E, 0x7C, 0x7C, 0x4E, 0x7C, 0x75, 0x4E, 0x92, 0xB5, 0xB5,
  0x4E, 0x7C, 0xB5, 0xF4, 0xF7, 0x77, 0x80, 0x73, 0x6F, 0x6F, 0xD7, 0x73, 0xD7, 0xD7, 0xD7, 0x36,
  0x36, 0xC2, 0xD7, 0xE0, 0x05, 0x07, 0x39, 0x07, 0x07, 0x07, 0x07, 0x07, 0x01, 0x12, 0x12, 0x12,
  0x0B, 0x12, 0x12, 0x3F, 0x07, 0x1A, 0x07, 0x04, 0x09, 0x09, 0x18, 0x07, 0x39, 0x1A, 0xB8, 0x1C,
  0xE0, 0xE0, 0xD7, 0xD7, 0xA5, 0xDC, 0x77, 0x75, 0xB5, 0x7C, 0xB5, 0x75, 0x75, 0xB5, 0x75, 0x75,
  0x7E, 0x7C, 0x7C, 0x92, 0x92, 0x7C, 0x7C, 0x7C, 0x7C, 0x7C, 0x7C, 0x7C, 0x7C, 0x7C, 0x7C, 0x7C,
  0x7C, 0x7C, 0x7C, 0x4E, 0x7C, 0x7C, 0x7C, 0x7C, 0x7C, 0x7C, 0x7C, 0x7C, 0x7C, 0x7C, 0x7C, 0x75,
  0x7C, 0x92, 0x92, 0x4E, 0x4E, 0x4E, 0x4E, 0x4E, 0x4E, 0x4E, 0x4E, 0x7C, 0x7C, 0x7C, 0x4E, 0x4E,
  0x4E, 0x4E, 0x4E, 0x4E, 0x4E, 0x4E, 0x4E, 0x4E, 0x7D, 0x4E, 0x4E, 0x4E, 0x4E, 0x4E, 0x7D, 0x7D,
  0x7D, 0x7D, 0x7D, 0x7D, 0x7D, 0x7D, 0x7D, 0x4E, 0x4E, 0x4E, 0x4E, 0x7D, 0x7D, 0x4E, 0x4E, 0x7D,
  0x7D, 0x7D, 0x7D, 0x4E, 0x7D, 0x7D, 0x4E, 0x4E, 0x4E, 0x4E, 0x7D, 0x7D, 0x7D, 0x7D, 0x7D, 0x7D,
  0x7D, 0x4E, 0x7C, 0x7C, 0x7C, 0x7C, 0x7C, 0x7C, 0x7C, 0x7C, 0x4E, 0x7C, 0x7C, 0x7C, 0x7C, 0x7C,
  0x7C, 0x7C, 0x7C, 0x7C, 0x7C, 0x75, 0xB5, 0x92, 0x92, 0x4E, 0x4E, 0x4E, 0x4E, 0x4E, 0x4E, 0x4E,
  0x4E, 0x4E, 0x7C, 0x7C, 0x7C, 0x4E, 0x4E, 0x4E, 0x4E, 0x4E, 0x4E, 0x7D, 0x4E, 0x4E, 0x7D, 0x4E,
  0x4E, 0x4E, 0x7C, 0x4E, 0x4E, 0x4E, 0x4E, 0x4E, 0x4E, 0x4E, 0x4E, 0x4E, 0x4E, 0x7D, 0x4E, 0x4E,
  0x4E, 0x4E, 0x4E, 0x4E, 0x4E, 0x4E, 0x7C, 0x7C, 0x7C, 0x7C, 0x4E, 0x7C, 0x7C, 0x4E, 0x92, 0xB5,
  0x92, 0xB5, 0xB5, 0xF4, 0xF4, 0xF4, 0x77, 0x80, 0x80, 0x6F, 0x84, 0xA5, 0xD7, 0xD4, 0x36, 0xD3,
  0xD3, 0xC2, 0xC2, 0x39, 0x61, 0x1A, 0x1A, 0x1A, 0x1A, 0x07, 0x07, 0x07, 0x3F, 0x12, 0x12, 0x12,
  0x0B, 0x12, 0x12, 0x3F, 0x18, 0x1A, 0x07, 0x18, 0x1A, 0x08, 0x1A, 0xE0, 0x36, 0xC2, 0x22, 0x4C,
  0x3D, 0x1A, 0xD7, 0xD3, 0xC8, 0xD3, 0xA5, 0xDC, 0x75, 0x7E, 0x7E, 0x75, 0x75, 0x75, 0x75, 0x75,
  0x75, 0x7C, 0xB5, 0xB5, 0x7C, 0x92, 0x92, 0x92, 0x7C, 0x7C, 0x7C, 0x7C, 0x7C, 0x7C, 0x7C, 0x7C,
  0x7C, 0x7C, 0x7C, 0x4E, 0x4E, 0x4E, 0x4E, 0x4E, 0x4E, 0x7C, 0x7C, 0x7E, 0x7E, 0x7C, 0x75, 0xB5,
  0x4F, 0x4F, 0x92, 0x7C, 0x7C, 0x4E, 0x4E, 0x4E, 0x4E, 0x4E, 0x4E, 0x4E, 0x4E, 0x7C, 0x7C, 0x4E,
  0x4E, 0x4E, 0x4E, 0x4E, 0x4E, 0x7D, 0x4E, 0x4E, 0x4E, 0x4E, 0x4E, 0x4E, 0x4E, 0x7D, 0x7D, 0x4E,
  0x7D, 0x7D, 0x7D, 0x4E, 0x7D, 0x7D, 0x7D, 0x4E, 0x4E, 0x4E, 0x7D, 0x7D, 0x7D, 0x4E, 0x7D, 0x7D,
  0x4E, 0x7D, 0x4E, 0x7D, 0x7D, 0x7D, 0x7D, 0x4E, 0x7D, 0x7D, 0x4E, 0x7D, 0x7D, 0x7D, 0x7D, 0x7D,
  0x7D, 0x7D, 0x7C, 0x7C, 0x7C, 0x7C, 0x7C, 0x7C, 0x7C, 0x4E, 0x4E, 0x4E, 0x4E, 0x4E, 0x4E, 0x7C,
  0x7C, 0x7E, 0x7E, 0x7C, 0x7E, 0xB5, 0x4E, 0x4F, 0x4F, 0x7C, 0x7C, 0x4E, 0x4E, 0x4E, 0x4E, 0x4E,
  0x4E, 0x4E, 0x4E, 0x7C, 0x7C, 0x4E, 0x4E, 0x4E, 0x4E, 0x4E, 0x4E, 0x7D, 0x4E, 0x4E, 0x4E, 0x4E,
  0x4E, 0x4E, 0x7C, 0x4E, 0x4E, 0x4E, 0x4E, 0x4E, 0x4E, 0x4E, 0x4E, 0x4E, 0x4E, 0x4E, 0x4E, 0x4E,
  0x7D, 0x4E, 0x4E, 0x4E, 0x4E, 0x4E, 0x7C, 0x4E, 0x7C, 0x7C, 0x7C, 0x4E, 0x7D, 0x7D, 0x92, 0x4E,
  0x75, 0xB5, 0xB5, 0xB5, 0xF4, 0xF7, 0xDC, 0x80, 0x80, 0xD7, 0xDD, 0xC8, 0xC8, 0xDD, 0x36, 0x3D,
  0xC2, 0x39, 0x0A, 0x1A, 0x39, 0xE0, 0xD7, 0xBA, 0x1A, 0x1A, 0x1A, 0x07, 0x3F, 0x12, 0x12, 0x12,
  0x0B, 0x12, 0x12, 0x06, 0x08, 0x1A, 0x1A, 0x05, 0x1A, 0x1A, 0x1A, 0xD7, 0xD3, 0xDD, 0xDD, 0x9F,
  0x09, 0xE0, 0xDD, 0xED, 0xED, 0xD3, 0xC8, 0xD3, 0xDC, 0x75, 0x75, 0x75, 0x75, 0x75, 0x75, 0xB5,
  0x7C, 0xF4, 0xF7, 0xF4, 0xB5, 0xB5, 0xB5, 0x92, 0x7C, 0x7C, 0x7C, 0x7C, 0x7E, 0x7C, 0x4E, 0x7C,
  0x7C, 0x7C, 0x7C, 0x4E, 0x7C, 0x7C, 0x4E, 0x4E, 0x7C, 0x7C, 0x7C, 0x7C, 0x7C, 0x75, 0x21, 0xB5,
  0x4F, 0x7D, 0x7D, 0x7C, 0x75, 0x7C, 0x7E, 0x7E, 0x7C, 0x4E, 0x4E, 0x7C, 0x4E, 0x4E, 0x4E, 0x4E,
  0x4E, 0x4E, 0x4E, 0x7D, 0x7D, 0x4E, 0x4E, 0x4E, 0x4E, 0x4E, 0x4E, 0x7D, 0x4E, 0x7D, 0x4E, 0x4E,
  0x7D, 0x7D, 0x7D, 0x4E, 0x7D, 0x4E, 0x4E, 0x7D, 0x4E, 0x4E, 0x7D, 0x7D, 0x4E, 0x7D, 0x7D, 0x4E,
  0x4E, 0x7D, 0x7D, 0x7D, 0x7D, 0x7D, 0x7D, 0x7D, 0x7D, 0x7D, 0x7D, 0x7D, 0x7D, 0x7D, 0x7D, 0x7D,
  0xBD, 0x4E, 0x7E, 0x7C, 0x4E, 0x7C, 0x7C, 0x7C, 0x7C, 0x4E, 0x7C, 0x7C, 0x4E, 0x4E, 0x7C, 0x7C,
  0x7C, 0x7C, 0x7E, 0x7E, 0x21, 0xB5, 0x4F, 0x7D, 0xE7, 0x4E, 0x75, 0x7C, 0x7E, 0x7E, 0x7C, 0x4E,
  0x4E, 0x7C, 0x4E, 0x4E, 0x4E, 0x4E, 0x4E, 0x4E, 0x4E, 0x4E, 0x7D, 0x4E, 0x4E, 0x4E, 0x4E, 0x4E,
  0x4E, 0x4E, 0x4E, 0x7C, 0x4E, 0x4E, 0x4E, 0x4E, 0x4E, 0x4E, 0x4E, 0x4E, 0x4E, 0x4E, 0x4E, 0x4E,
  0x4E, 0x4E, 0x4E, 0x4E, 0x4E, 0x7C, 0x7C, 0x4E, 0x7C, 0x7C, 0x7C, 0x7C, 0x92, 0x4E, 0x92, 0xB5,
  0xB5, 0xF4, 0xF4, 0xF4, 0xF4, 0xA5, 0xDC, 0xA5, 0x84, 0xDD, 0xC8, 0xC8, 0xDD, 0xD3, 0xC2, 0xC2,
  0x3A, 0xC2, 0xE0, 0xC2, 0x36, 0x36, 0xB8, 0xE0, 0x1A, 0x07, 0x07, 0x07, 0x3F, 0x12, 0x12, 0x12,
  0x0B, 0x12, 0x12, 0x06, 0xE0, 0xBA, 0x1A, 0x05, 0x1A, 0x1A, 0xE0, 0x08, 0xC2, 0xD3, 0x40, 0xDD,
  0x40, 0x38, 0xC2, 0xB8, 0xE2, 0xD3, 0xD3, 0xFA, 0xDC, 0x77, 0xF4, 0x77, 0xB5, 0x7C, 0xB5, 0x75,
  0xF4, 0x77, 0x92, 0x4F, 0x4F, 0x92, 0xF4, 0x92, 0x4E, 0x92, 0x4E, 0x7C, 0x7C, 0x4E, 0x4E, 0x7C,
  0x7C, 0x7C, 0x7C, 0x7C, 0x7C, 0x7C, 0x7C, 0x7C, 0x7C, 0x7C, 0x4E, 0x7C, 0x7C, 0x7E, 0x75, 0x75,
  0xB5, 0x92, 0xB5, 0x75, 0x75, 0x7C, 0x7C, 0x7C, 0x7C, 0x4E, 0x7C, 0x7C, 0x4E, 0x7D, 0x4E, 0x4E,
  0x4E, 0x4E, 0x4E, 0x4E, 0x7D, 0x4E, 0x4E, 0x4E, 0x7D, 0x7D, 0x4E, 0x4E, 0x7D, 0x4E, 0x4E, 0x7D,
  0x4E, 0x4E, 0x7D, 0x4E, 0x7D, 0x7D, 0x4E, 0x4E, 0x4E, 0x4E, 0x4E, 0x4E, 0x7D, 0x7D, 0x7D, 0x7D,
  0x4E, 0x7D, 0x7D, 0x7D, 0x7D, 0x7D, 0x7D, 0x7D, 0x7D, 0x7D, 0x7D, 0x7D, 0x7D, 0x4E, 0x7D, 0x7D,
  0x7D, 0x4E, 0x7C, 0x4E, 0x4E, 0x7C, 0x7C, 0x7C, 0x7C, 0x7C, 0x7C, 0x7C, 0x7C, 0x7C, 0x7C, 0x7C,
  0x7C, 0x7C, 0x7C, 0x7C, 0x75, 0x75, 0xB5, 0x92, 0xB5, 0x75, 0x75, 0x7C, 0x7C, 0x7C, 0x7C, 0x4E,
  0x7C, 0x7C, 0x4E, 0x7D, 0x4E, 0x4E, 0x4E, 0x4E, 0x4E, 0x4E, 0x7D, 0x4E, 0x4E, 0x4E, 0x4E, 0x7D,
  0x4E, 0x4E, 0x4E, 0x7C, 0x4E, 0x4E, 0x4E, 0x4E, 0x4E, 0x4E, 0x4E, 0x4E, 0x4E, 0x7C, 0x4E, 0x4E,
  0x4E, 0x4E, 0x4E, 0x4E, 0x4E, 0x4E, 0x7C, 0x7C, 0x7C, 0xB5, 0x7E, 0x75, 0x75, 0xB5, 0x75, 0xF4,
  0xF4, 0xB5, 0x21, 0xF4, 0x77, 0xA5, 0xA5, 0xD7, 0xD7, 0xB8, 0xDD, 0xB8, 0xD7, 0xD7, 0xB8, 0x0A,
  0xC2, 0xD7, 0xC2, 0xC2, 0xDD, 0x36, 0xBA, 0x1A, 0x1A, 0x1A, 0x08, 0x07, 0x3F, 0x12, 0x12, 0x14,
  0x0B, 0x12, 0x12, 0x06, 0xE0, 0x36, 0xE0, 0x18, 0x1A, 0xE0, 0x08, 0x08, 0x5E, 0x5E, 0x1B, 0xD3,
  0xC8, 0xC8, 0x1A, 0x0A, 0x0A, 0x0A, 0x6F, 0xD7, 0xA5, 0xA5, 0xF4, 0xDC, 0xF4, 0x92, 0xB5, 0xF4,
  0x77, 0xF7, 0xF4, 0x92, 0x92, 0xB5, 0xF4, 0xF7, 0xB5, 0x7C, 0x7C, 0x7C, 0x4E, 0x7C, 0x7C, 0x7C,
  0x7C, 0x7C, 0x7C, 0x7C, 0x7C, 0x7C, 0x4E, 0x7C, 0x7C, 0x4E, 0x7C, 0x4E, 0x7C, 0x4E, 0x4E, 0x7C,
  0x7C, 0x7C, 0x7C, 0x4E, 0x4E, 0x4E, 0x4E, 0x4E, 0x7D, 0x4E, 0x7C, 0x4E, 0x4E, 0x4E, 0x4E, 0x4E,
  0x4E, 0x4E, 0x7C, 0x4E, 0x4E, 0x4E, 0x4E, 0x7D, 0x7D, 0x4E, 0x4E, 0x4E, 0x4E, 0x4E, 0x4E, 0x4E,
  0x7D, 0x4E, 0x4E, 0x4E, 0x7D, 0x7D, 0x7D, 0x7D, 0x7D, 0x4E, 0x4E, 0x7D, 0x7D, 0x7D, 0x7D, 0x7D,
  0x7D, 0x7D, 0x4E, 0x7D, 0x4E, 0x4E, 0x7D, 0x7D, 0x7D, 0x4E, 0x4E, 0x4E, 0x4E, 0x4E, 0x4E, 0x4E,
  0x7C, 0x4E, 0x7C, 0x7C, 0x7C, 0x7C, 0x7C, 0x7C, 0x7C, 0x7C, 0x7C, 0x7C, 0x7C, 0x4E, 0x7C, 0x4E,
  0x7C, 0x4E, 0x7C, 0x4E, 0x4E, 0x4E, 0x92, 0x7C, 0x7C, 0x7C, 0x4E, 0x4E, 0x4E, 0x4E, 0x7D, 0x4E,
  0x7C, 0x4E, 0x4E, 0x4E, 0x4E, 0x4E, 0x4E, 0x4E, 0x7C, 0x4E, 0x4E, 0x4E, 0x4E, 0x7D, 0x7D, 0x4E,
  0x4E, 0x4E, 0x4E, 0x4E, 0x4E, 0x4E, 0x4E, 0x4E, 0x4E, 0x7C, 0x4E, 0x7C, 0x4E, 0x7C, 0x7C, 0x7C,
  0x4E, 0x7C, 0x7C, 0x7C, 0x7C, 0x7C, 0x7E, 0x7C, 0x7C, 0x7C, 0x75, 0x75, 0x75, 0xB5, 0xB5, 0x21,
  0xF4, 0x75, 0x75, 0xF4, 0x77, 0x80, 0x73, 0xD7, 0xB8, 0xB8, 0xD7, 0x0A, 0xC2, 0x0A, 0xBA, 0x0A,
  0x3A, 0xE0, 0xE0, 0xD7, 0x36, 0xD7, 0x0A, 0x1A, 0x08, 0x08, 0x08, 0x07, 0x3F, 0x12, 0x12, 0x14,
  0x3F, 0x12, 0x12, 0x06, 0x1A, 0xE0, 0x36, 0xC2, 0xE0, 0xC2, 0x1A, 0x3D, 0x51, 0x13, 0x51, 0x32,
  0xE0, 0x1A, 0xC2, 0xD7, 0x6F, 0x6F, 0x6F, 0x6F, 0xDC, 0xF7, 0x21, 0xF4, 0xF4, 0xB5, 0xB5, 0xF4,
  0x77, 0x77, 0x77, 0xF7, 0x77, 0x77, 0xF7, 0xF4, 0xB5, 0x92, 0x7C, 0x7C, 0x7C, 0x7C, 0x7C, 0x7C,
  0x7C, 0x7C, 0x7C, 0x7C, 0x4E, 0x7C, 0x7C, 0x4E, 0x4E, 0x4E, 0x4E, 0x4E, 0x4E, 0x4E, 0x4E, 0x4E,
  0x4E, 0x4E, 0x4E, 0x4E, 0x4E, 0x4E, 0x4E, 0x4E, 0x4E, 0x4E, 0x4E, 0x4E, 0x4E, 0x4E, 0x4E, 0x4E,
  0x4E, 0x4E, 0x4E, 0x4E, 0x4E, 0x4E, 0x4E, 0x4E, 0x4E, 0x4E, 0x7D, 0x4E, 0x4E, 0x7D, 0x7D, 0x4E,
  0x7D, 0x7D, 0x4E, 0x7D, 0x7D, 0x7D, 0x7D, 0x7D, 0x7D, 0x7D, 0x7D, 0x7D, 0x7D, 0x7D, 0x7D, 0x7D,
  0x4E, 0x4E, 0x4E, 0x4E, 0x4E, 0x7D, 0x7D, 0x7D, 0x7D, 0x4E, 0x4E, 0x4E, 0x4E, 0x4E, 0x4E, 0x4E,
  0x4E, 0x4E, 0x7C, 0x7C, 0x7C, 0x7C, 0x7C, 0x7C, 0x7C, 0x7C, 0x4E, 0x7C, 0x7C, 0x4E, 0x4E, 0x4E,
  0x4E, 0x4E, 0x4E, 0x4E, 0x4E, 0x4E, 0x4E, 0x4E, 0x4E, 0x4E, 0x4E, 0x4E, 0x4E, 0x4E, 0x4E, 0x4E,
  0x4E, 0x4E, 0x4E, 0x4E, 0x4E, 0x4E, 0x4E, 0x4E, 0x4E, 0x4E, 0x4E, 0x4E, 0x4E, 0x7D, 0x4E, 0x4E,
  0x7D, 0x4E, 0x7C, 0x7C, 0x4E, 0x4E, 0x4E, 0x4E, 0x4E, 0x4E, 0x4E, 0x7C, 0x4E, 0x4E, 0x7C, 0x7C,
  0x7C, 0x7C, 0x7C, 0x4E, 0x7E, 0x7C, 0x7C, 0x7C, 0x7C, 0x7C, 0x7C, 0xB5, 0x75, 0xB5, 0x75, 0x75,
  0x75, 0x75, 0x75, 0x75, 0x75, 0xF4, 0xDC, 0xD7, 0xD3, 0x20, 0xD7, 0x0A, 0xD7, 0xD7, 0xBA, 0x0A,
  0x1A, 0x13, 0x51, 0xBA, 0xE0, 0x08, 0x08, 0x08, 0x08, 0x08, 0x07, 0x07, 0x3F, 0x12, 0x12, 0x14,
  0x0B, 0x12, 0x12, 0x06, 0x05, 0x1A, 0x36, 0xC2, 0xE0, 0x0A, 0x18, 0x1A, 0x52, 0x23, 0x51, 0xA2,
  0x08, 0xC2, 0x38, 0xDD, 0xD7, 0x73, 0x6F, 0xA5, 0xF7, 0xF4, 0x75, 0xB5, 0x7C, 0xB5, 0x75, 0x75,
  0xB5, 0xF4, 0xF4, 0xF4, 0xF4, 0xF4, 0xB5, 0x92, 0x92, 0x92, 0x7C, 0x7C, 0x7C, 0x7C, 0x7C, 0x7C,
  0x7C, 0x7C, 0x7C, 0x7C, 0x4E, 0x7C, 0x7C, 0x4E, 0x4E, 0x4E, 0x4E, 0x7C, 0x7C, 0x4E, 0x4E, 0x4E,
  0x7C, 0x7C, 0x4E, 0x4E, 0x7C, 0x4E, 0x4E, 0x4E, 0x7C, 0x7C, 0x4E, 0x4E, 0x4E, 0x4E, 0x7D, 0x7D,
  0x7D, 0x4E, 0x4E, 0x4E, 0x4E, 0x4E, 0x4E, 0x4E, 0x4E, 0x4E, 0x7D, 0x7D, 0x4E, 0x4E, 0x4E, 0x4E,
  0x4E, 0x4E, 0x4E, 0x4E, 0x4E, 0x4E, 0x4E, 0x7D, 0x4E, 0x7D, 0x7D, 0x7D, 0x7D, 0x7D, 0x7D, 0x7D,
  0x7D, 0x7D, 0x4E, 0x4E, 0x7D, 0x7D, 0x4E, 0x7D, 0x4E, 0x7D, 0x7D, 0x4E, 0x4E, 0x7D, 0x4E, 0x7D,
  0x7D, 0x4E, 0x7C, 0x7C, 0x7C, 0x7C, 0x7C, 0x7C, 0x7C, 0x7C, 0x4E, 0x7C, 0x4E, 0x4E, 0x4E, 0x4E,
  0x4E, 0x7C, 0x7C, 0x4E, 0x4E, 0x4E, 0x4E, 0x7C, 0x7C, 0x4E, 0x7C, 0x4E, 0x4E, 0x4E, 0x7C, 0x7C,
  0x4E, 0x4E, 0x4E, 0x4E, 0x7D, 0x7D, 0x7D, 0x4E, 0x4E, 0x4E, 0x4E, 0x4E, 0x4E, 0x4E, 0x4E, 0x4E,
  0x7D, 0x7D, 0x7C, 0x7C, 0x7C, 0x4E, 0x4E, 0x7C, 0x4E, 0x4E, 0x4E, 0x4E, 0x4E, 0x7C, 0x7C, 0x7C,
  0x7C, 0x7C, 0x7C, 0x4E, 0x7C, 0x4E, 0x4E, 0x7C, 0x4E, 0x4E, 0x7C, 0x7C, 0x7C, 0x7C, 0x75, 0x75,
  0x75, 0xB5, 0x75, 0xF4, 0x7E, 0xB5, 0xF7, 0xA5, 0x80, 0x80, 0xD7, 0xD7, 0xD7, 0x0A, 0x0A, 0x0A,
  0x52, 0x32, 0x5D, 0x23, 0x08, 0x08, 0x06, 0x07, 0x08, 0x07, 0x07, 0x07, 0x3F, 0x12, 0x12, 0x14,
  0x0B, 0x12, 0x12, 0x3F, 0x05, 0x05, 0x08, 0xE0, 0x0A, 0x07, 0x18, 0x08, 0x1A, 0x1A, 0x08, 0xBA,
  0xD7, 0xC2, 0xD4, 0xD7, 0xD7, 0xA5, 0xDC, 0x77, 0xF7, 0xF4, 0xF4, 0x75, 0x75, 0x7E, 0x7C, 0x75,
  0x75, 0x75, 0x7C, 0x92, 0x7C, 0xB5, 0x7C, 0x92, 0x92, 0x7C, 0x7C, 0x7C, 0x7C, 0x7C, 0x7C, 0x7E,
  0x7C, 0x7E, 0x7C, 0x7C, 0x4E, 0x7C, 0x7C, 0x7C, 0x4E, 0x4E, 0x7C, 0x4E, 0x7C, 0x4E, 0x4E, 0x7C,
  0x4E, 0x4E, 0x4E, 0x4E, 0x4E, 0x4E, 0x4E, 0x4E, 0x7C, 0x4E, 0x4E, 0x4E, 0x4E, 0x4E, 0x4E, 0x7D,
  0x7D, 0x7D, 0x4E, 0x4E, 0x4E, 0x4E, 0x7D, 0x7D, 0x4E, 0x4E, 0x4E, 0x4E, 0x4E, 0x4E, 0x4E, 0x7D,
  0x7D, 0x4E, 0x7D, 0x7D, 0x7D, 0x7D, 0x7D, 0x7D, 0x4E, 0x7D, 0x7D, 0x4E, 0x7D, 0x7D, 0x7D, 0x7D,
  0x7D, 0x7D, 0x7D, 0x7D, 0x7D, 0x7D, 0x7D, 0x7D, 0x7D, 0x7D, 0x7D, 0x7D, 0x7D, 0x7D, 0x7D, 0x7D,
  0x7D, 0x7D, 0x7C, 0x7C, 0x7C, 0x7E, 0x7C, 0x7E, 0x7C, 0x7C, 0x7C, 0x7C, 0x7C, 0x7C, 0x4E, 0x4E,
  0x7C, 0x4E, 0x4E, 0x4E, 0x4E, 0x7C, 0x4E, 0x4E, 0x4E, 0x4E, 0x4E, 0x4E, 0x4E, 0x4E, 0x7C, 0x4E,
  0x4E, 0x4E, 0x4E, 0x7D, 0x4E, 0x7D, 0x7D, 0x7D, 0x4E, 0x4E, 0x4E, 0x4E, 0x4E, 0x7D, 0x4E, 0x4E,
  0x4E, 0x4E, 0x4E, 0x4E, 0x4E, 0x4E, 0x4E, 0x7C, 0x7C, 0x7C, 0x4E, 0x4E, 0x4E, 0x4E, 0x4E, 0x7C,
  0x7C, 0x7C, 0x7C, 0x92, 0x7C, 0x4E, 0x4E, 0x4E, 0x7C, 0x92, 0x7C, 0x92, 0x7C, 0xB5, 0x75, 0xB5,
  0xB5, 0xB5, 0x75, 0xF4, 0xB5, 0xF4, 0x77, 0x80, 0x6F, 0x73, 0x73, 0xD7, 0xD7, 0xD7, 0x0A, 0x08,
  0x0B, 0x53, 0x51, 0x52, 0x08, 0x06, 0x04, 0x04, 0x06, 0x06, 0x06, 0x06, 0x3F, 0x12, 0x12, 0x14,
  0x0B, 0x12, 0x12, 0x3F, 0x05, 0x05, 0x1A, 0xC2, 0x0A, 0x07, 0x07, 0x1A, 0x18, 0x1A, 0xD7, 0xD7,
  0xD7, 0x36, 0xD7, 0x3A, 0xD7, 0xDC, 0x77, 0xF4, 0x75, 0x75, 0x75, 0x75, 0x75, 0x7E, 0x75, 0x75,
  0xF4, 0x75, 0x75, 0x7E, 0x75, 0x75, 0x75, 0x7C, 0x7C, 0x7C, 0x7E, 0x75, 0x7E, 0x75, 0x7C, 0x7C,
  0x7C, 0x7C, 0x7C, 0x7E, 0x7C, 0x7C, 0x7C, 0x4E, 0x4E, 0x4E, 0x4E, 0x4E, 0x4E, 0x4E, 0x4E, 0x4E,
  0x4E, 0x4E, 0x4E, 0x4E, 0x4E, 0x4E, 0x4E, 0x4E, 0x4E, 0x4E, 0x4E, 0x4E, 0x4E, 0x4E, 0x4E, 0x7D,
  0x4E, 0x4E, 0x4E, 0x4E, 0x7D, 0x4E, 0x4E, 0x4E, 0x4E, 0x4E, 0x4E, 0x4E, 0x4E, 0x7D, 0x7D, 0x7D,
  0x7D, 0x7D, 0x7D, 0x7D, 0x7D, 0x7D, 0x4E, 0x7D, 0x4E, 0x4E, 0x7D, 0x4E, 0x7D, 0x7D, 0x7D, 0x7D,
  0x7D, 0x7D, 0x7D, 0x7D, 0x7D, 0x7D, 0x7D, 0x7D, 0x7D, 0x7D, 0x7D, 0x7D, 0x7D, 0x7D, 0x7D, 0x7D,
  0x7D, 0x4E, 0x75, 0x75, 0x7E, 0x7C, 0x7C, 0x7C, 0x7C, 0x7E, 0x7C, 0x7C, 0x7C, 0x4E, 0x4E, 0x4E,
  0x4E, 0x4E, 0x4E, 0x4E, 0x4E, 0x4E, 0x4E, 0x4E, 0x4E, 0x4E, 0x4E, 0x4E, 0x4E, 0x4E, 0x4E, 0x4E,
  0x4E, 0x4E, 0x4E, 0x4E, 0x4E, 0x7D, 0x4E, 0x4E, 0x4E, 0x4E, 0x4E, 0x4E, 0x4E, 0x4E, 0x4E, 0x4E,
  0x4E, 0x4E, 0x4E, 0x4E, 0x4E, 0x4E, 0x4E, 0x4E, 0x4E, 0x4E, 0x4E, 0x4E, 0x4E, 0x4E, 0x4E, 0x4E,
  0x4E, 0x92, 0xB5, 0xB5, 0x92, 0xB5, 0x4E, 0x92, 0x4E, 0x7C, 0x7C, 0x7C, 0xB5, 0x7C, 0x7E, 0xB5,
  0x75, 0xB5, 0x75, 0x77, 0xDC, 0xA5, 0x80, 0x73, 0x6F, 0x3A, 0xD4, 0xE2, 0xD3, 0xD7, 0xBA, 0x64,
  0x58, 0x1B, 0x3D, 0x7B, 0x5D, 0x08, 0x06, 0x06, 0x06, 0x06, 0x06, 0x06, 0x3F, 0x12, 0x12, 0x14,
  0x0B, 0x12, 0x12, 0x06, 0x05, 0x05, 0x39, 0xD7, 0xC2, 0x1A, 0x18, 0x18, 0x1A, 0x1A, 0xC2, 0xC2,
  0xC2, 0x36, 0xF6, 0xF6, 0xA5, 0xA5, 0xF7, 0xF4, 0x75, 0x75, 0xF4, 0x75, 0x7E, 0x75, 0x75, 0xB5,
  0xB5, 0xB5, 0x75, 0xB5, 0x75, 0x7E, 0x75, 0x75, 0x75, 0x75, 0x75, 0x75, 0x75, 0x75, 0x7E, 0x7C,
  0x4E, 0x7C, 0x7C, 0x7C, 0x7C, 0x7C, 0x7C, 0x4E, 0x7D, 0x7D, 0x4E, 0x7C, 0x4E, 0x4E, 0x4E, 0x4E,
  0x4E, 0x4E, 0x7C, 0x7C, 0x7C, 0x4E, 0x4E, 0x4E, 0x4E, 0x4E, 0x4E, 0x4E, 0x4E, 0x4E, 0x4E, 0x7D,
  0x4E, 0x7D, 0x4E, 0x4E, 0x4E, 0x4E, 0x4E, 0x4E, 0x4E, 0x4E, 0x4E, 0x4E, 0x4E, 0x7D, 0x7D, 0x7D,
  0x4E, 0x4E, 0x4E, 0x4E, 0x4E, 0x4E, 0x4E, 0x7D, 0x4E, 0x7D, 0x7D, 0x7D, 0x7D, 0x7D, 0x7D, 0x7D,
  0x7D, 0x7D, 0x7D, 0x7D, 0x7D, 0x7D, 0x7D, 0x7D, 0x7D, 0x4E, 0x4E, 0x4E, 0x7D, 0x7D, 0x7D, 0x7D,
  0x7D, 0x7C, 0x75, 0x75, 0x7E, 0x7C, 0x4E, 0x7C, 0x7C, 0x7C, 0x7C, 0x7C, 0x7C, 0x4E, 0x4E, 0x7D,
  0x4E, 0x4E, 0x4E, 0x4E, 0x4E, 0x4E, 0x4E, 0x4E, 0x7C, 0x7C, 0x4E, 0x7C, 0x4E, 0x4E, 0x4E, 0x4E,
  0x4E, 0x4E, 0x4E, 0x4E, 0x4E, 0x7D, 0x4E, 0x7D, 0x4E, 0x4E, 0x4E, 0x4E, 0x4E, 0x4E, 0x4E, 0x4E,
  0x4E, 0x4E, 0x4E, 0x4E, 0x4E, 0x4E, 0x7D, 0x4E, 0x4E, 0x4E, 0x4E, 0x4E, 0x4E, 0x4E, 0x4E, 0x4E,
  0x92, 0xF4, 0x92, 0x7D, 0x7D, 0x92, 0xB5, 0x92, 0x4E, 0x7C, 0x7C, 0x7C, 0x7C, 0x7C, 0x75, 0xB5,
  0x75, 0xF4, 0xF4, 0x80, 0xA5, 0xDC, 0xDC, 0xD7, 0xD7, 0xB8, 0xD3, 0xC8, 0xC8, 0xED, 0xD7, 0x64,
  0x9F, 0xDC, 0xD3, 0x3D, 0x13, 0x06, 0x06, 0x0B, 0x06, 0x06, 0x06, 0x07, 0x3F, 0x12, 0x12, 0x14,
  0x0B, 0x12, 0x12, 0x06, 0x05, 0x05, 0x61, 0xD7, 0xC2, 0x39, 0x1A, 0x38, 0x38, 0xE0, 0x39, 0xC2,
  0xD7, 0xC2, 0xE2, 0xD3, 0xA5, 0xCF, 0x77, 0xF4, 0xF4, 0x75, 0xF4, 0x4E, 0x4E, 0xB5, 0x75, 0x75,
  0xB5, 0x75, 0xB5, 0x75, 0x7E, 0x75, 0xB5, 0xB5, 0x75, 0x75, 0xB5, 0x7C, 0x7C, 0x7C, 0x4E, 0x7C,
  0x7C, 0x7C, 0x7C, 0x7C, 0x7C, 0x7C, 0x7C, 0x7C, 0x4E, 0x4E, 0x7C, 0x4E, 0x4E, 0x4E, 0x4E, 0x4E,
  0x4E, 0x4E, 0x7C, 0x7C, 0x7C, 0x7C, 0x7C, 0x7C, 0x4E, 0x4E, 0x7C, 0x7C, 0x4E, 0x4E, 0x7D, 0x7D,
  0x7D, 0x7D, 0x7D, 0x7D, 0x7D, 0x7D, 0x7D, 0x4E, 0x4E, 0x7C, 0x7C, 0x7C, 0x4E, 0x4E, 0x4E, 0x4E,
  0x7D, 0x7D, 0x7D, 0x4E, 0x4E, 0x4E, 0x4E, 0x4E, 0x4E, 0x7D, 0x7D, 0x7D, 0x7D, 0x7D, 0x7D, 0x7D,
  0x4E, 0x7D, 0x4E, 0x7D, 0x7D, 0x7D, 0x4E, 0x7D, 0x4E, 0x4E, 0x4E, 0x4E, 0x7D, 0x7D, 0x7D, 0x7D,
  0x7D, 0x4E, 0x7C, 0x7C, 0x4E, 0x7C, 0x4E, 0x7C, 0x7C, 0x7C, 0x7C, 0x7C, 0x7C, 0x7C, 0x4E, 0x4E,
  0x7C, 0x4E, 0x4E, 0x4E, 0x4E, 0x4E, 0x4E, 0x4E, 0x7C, 0x7C, 0x7C, 0x7C, 0x7C, 0x7C, 0x4E, 0x4E,
  0x7C, 0x7C, 0x4E, 0x4E, 0x7D, 0x7D, 0x7D, 0x7D, 0x7D, 0x7D, 0x7D, 0x7D, 0x7D, 0x4E, 0x4E, 0x4E,
  0x7C, 0x7C, 0x4E, 0x4E, 0x4E, 0x4E, 0x4E, 0x4E, 0x4E, 0x4E, 0x4E, 0x4E, 0x4E, 0x4E, 0x92, 0x7C,
  0x75, 0xB5, 0xB5, 0x92, 0x7D, 0x92, 0xF4, 0xB5, 0xB5, 0xB5, 0xB5, 0x7C, 0x92, 0x7C, 0x75, 0xB5,
  0xB5, 0x75, 0xF4, 0xF4, 0xF4, 0x77, 0xDC, 0xA5, 0xD7, 0xFA, 0xC8, 0xC8, 0xE8, 0xED, 0xD7, 0x09,
  0x1B, 0x9F, 0xBA, 0x1E, 0x07, 0x08, 0x08, 0x08, 0x06, 0x07, 0x07, 0x07, 0x3F, 0x12, 0x12, 0x14,
  0x0B, 0x12, 0x12, 0x06, 0x08, 0xE0, 0x39, 0x61, 0xD7, 0x1A, 0x36, 0x40, 0xC2, 0xC2, 0xC2, 0xD7,
  0xBA, 0xD7, 0xC2, 0xD7, 0xA5, 0xDC, 0xDC, 0x77, 0xF4, 0x75, 0x75, 0x7C, 0x4E, 0x7C, 0x21, 0xF4,
  0x7C, 0x7C, 0x7C, 0x7C, 0x7C, 0x7C, 0x7C, 0x7E, 0x7C, 0x75, 0x7C, 0x7C, 0x7C, 0x7C, 0x7C, 0x7C,
  0x7C, 0x7C, 0x7C, 0x7C, 0x7C, 0x4E, 0x4E, 0x4E, 0x7C, 0x7C, 0x7C, 0x7C, 0x7C, 0x4E, 0x4E, 0x4E,
  0x4E, 0x4E, 0x7C, 0x7C, 0x7C, 0x4E, 0x4E, 0xBD, 0xBD, 0x4E, 0x4E, 0x4E, 0x4E, 0x7D, 0x7D, 0x4F,
  0x4E, 0x7D, 0x4F, 0x4E, 0x4E, 0x4E, 0x7D, 0x7D, 0x4E, 0x4E, 0x4E, 0x7C, 0x4E, 0x4E, 0x4E, 0x4E,
  0x4E, 0x7D, 0x4E, 0x4E, 0x4E, 0x7D, 0x4E, 0xBD, 0xBD, 0x7D, 0x7D, 0x7D, 0x4E, 0x4E, 0x7D, 0x7D,
  0x7D, 0x7D, 0x7D, 0x7D, 0x4E, 0x7D, 0x7D, 0x7D, 0xBD, 0x4E, 0xBD, 0x4E, 0x4E, 0x4E, 0x7D, 0x7D,
  0x7D, 0x4E, 0x7C, 0x7C, 0x7C, 0x7C, 0x7C, 0x7C, 0x7C, 0x7C, 0x7C, 0x4E, 0x4E, 0x4E, 0x7C, 0x7C,
  0x7C, 0x7C, 0x7C, 0x4E, 0x4E, 0x4E, 0x4E, 0x4E, 0x7C, 0x7C, 0x7C, 0x4E, 0x4E, 0xBD, 0xBD, 0x4E,
  0x4E, 0x4E, 0x4E, 0x7D, 0x7D, 0x7D, 0x4E, 0x4E, 0x7D, 0x4E, 0x4E, 0x4E, 0x7D, 0x7D, 0x4E, 0x4E,
  0x4E, 0x7C, 0x7C, 0x7C, 0x4E, 0x4E, 0x7C, 0x4E, 0x4E, 0x7C, 0x4E, 0x4E, 0x4E, 0x4E, 0x7C, 0x7C,
  0x7C, 0xB5, 0xF4, 0xF4, 0xB5, 0xF7, 0xF4, 0x75, 0x75, 0x75, 0x4E, 0x7D, 0x7D, 0x4E, 0x7C, 0xB5,
  0xB5, 0xF4, 0xF4, 0xB5, 0xB5, 0xB5, 0xF4, 0xA5, 0xE2, 0xD7, 0xD7, 0xE2, 0xDD, 0xD3, 0x1B, 0xBA,
  0x64, 0xA3, 0x13, 0x62, 0x3D, 0x08, 0x08, 0x08, 0x1A, 0x1A, 0x07, 0x05, 0x9C, 0x01, 0x12, 0x12,
  0x0B, 0x12, 0x12, 0x06, 0x08, 0x36, 0xD7, 0x39, 0xE0, 0xC2, 0xDD, 0x39, 0x39, 0xE0, 0xC2, 0xC2,
  0xC2, 0xC2, 0xD7, 0xB8, 0x80, 0xA5, 0x84, 0xA5, 0xA5, 0xDC, 0xCA, 0x21, 0x21, 0x75, 0xF4, 0x7C,
  0x4E, 0x92, 0x7C, 0x7E, 0x7C, 0x7C, 0x7C, 0x7E, 0x7E, 0x7E, 0x75, 0x7E, 0x7C, 0x7E, 0x7C, 0x7C,
  0x7C, 0x7C, 0x7C, 0x7C, 0x7C, 0x7C, 0x4E, 0x7C, 0x7C, 0x7C, 0x7C, 0x7C, 0x7C, 0x7C, 0x7C, 0x7C,
  0x4E, 0x7C, 0x7C, 0x4E, 0x4E, 0x7D, 0x4E, 0xBD, 0x7C, 0x4E, 0x4E, 0x7D, 0x4E, 0x4E, 0x75, 0x77,
  0x77, 0x21, 0x7C, 0x4E, 0x4E, 0x4E, 0x4E, 0x7D, 0x4E, 0x4E, 0x4E, 0x4E, 0x4E, 0x7D, 0x4E, 0x4E,
  0xBD, 0xBD, 0x7D, 0x4E, 0x7D, 0x7D, 0x7D, 0x4E, 0x4E, 0xBD, 0x4E, 0x4E, 0x4E, 0x4E, 0x7D, 0x7D,
  0x7D, 0x7D, 0x7D, 0x7D, 0x7D, 0x7D, 0x7D, 0x4E, 0x4E, 0x7D, 0x7D, 0x4E, 0x4E, 0x4E, 0xBD, 0x7D,
  0x7D, 0x4E, 0x7E, 0x7C, 0x7C, 0x7C, 0x7C, 0x7C, 0x7C, 0x7C, 0x7C, 0x7C, 0x4E, 0x4E, 0x7C, 0x7C,
  0x7C, 0x7C, 0x7E, 0x7C, 0x7C, 0x4E, 0x4E, 0x4E, 0x7C, 0x4E, 0x4E, 0x4E, 0x4E, 0xBD, 0x7C, 0x4E,
  0x4E, 0x7D, 0x4E, 0x4E, 0x7E, 0x21, 0x77, 0x77, 0x75, 0x4E, 0x4E, 0x4E, 0x4E, 0x7D, 0x4E, 0x4E,
  0x4E, 0x4E, 0x7C, 0x7C, 0x7C, 0x7C, 0x7C, 0x4E, 0x7C, 0x4E, 0x7C, 0x7C, 0x7C, 0x4E, 0x7C, 0x7C,
  0x7C, 0x4E, 0x7C, 0xB5, 0xB5, 0xB5, 0x75, 0x7C, 0x7C, 0x7C, 0x7C, 0x4E, 0x4E, 0x7C, 0xB5, 0xB5,
  0x21, 0x77, 0xF4, 0xF4, 0xF4, 0xF7, 0xDC, 0xA5, 0xA5, 0xD7, 0x3A, 0xD4, 0x0A, 0x0A, 0x3A, 0x1A,
  0x3D, 0x5E, 0x08, 0x3D, 0x08, 0x08, 0x08, 0x0A, 0x1A, 0x1A, 0x1A, 0x07, 0x3F, 0x01, 0x12, 0x12,
  0x0B, 0x12, 0x12, 0x06, 0xE0, 0x36, 0xC2, 0xE0, 0xC2, 0xD7, 0x1A, 0x61, 0x05, 0x1A, 0x0A, 0x0A,
  0x4C, 0xD3, 0xD7, 0xA5, 0xD7, 0xA5, 0xDC, 0x77, 0x77, 0xDC, 0x77, 0xF4, 0xF4, 0x75, 0xF4, 0xB5,
  0x92, 0x4E, 0x92, 0x7C, 0x7C, 0x7E, 0xB5, 0x7C, 0x7E, 0x7E, 0x7E, 0x7E, 0x7C, 0xB5, 0xB5, 0x7C,
  0x7E, 0x7E, 0x7C, 0x7E, 0x7C, 0x7E, 0x4E, 0x7C, 0x7C, 0x4E, 0x4E, 0x7C, 0x7C, 0x4E, 0x4E, 0x4E,
  0x4E, 0x7C, 0x7C, 0x7C, 0x4E, 0x4E, 0x4E, 0x4E, 0x4E, 0x7C, 0x4E, 0x4E, 0x7C, 0x75, 0x75, 0x75,
  0x75, 0x7C, 0x4E, 0x4E, 0x4E, 0x4E, 0x4E, 0x4E, 0x4E, 0x7C, 0x7C, 0x4E, 0x4E, 0x4E, 0x4E, 0x4E,
  0x4E, 0x4E, 0x4E, 0x4E, 0x4E, 0x4E, 0x4E, 0x7D, 0x4E, 0x4E, 0x4E, 0x7D, 0x7D, 0x7D, 0x7D, 0x7D,
  0x7D, 0x7D, 0x7D, 0x7D, 0x7D, 0x7D, 0x7D, 0x4F, 0x7D, 0x4E, 0x4E, 0x4E, 0x4E, 0x4E, 0x4E, 0x4E,
  0x7D, 0x4E, 0x7C, 0xB5, 0xB5, 0x7C, 0x7E, 0x7E, 0x7C, 0x7E, 0x7C, 0x7E, 0x7C, 0x7C, 0x7C, 0x4E,
  0x4E, 0x7C, 0x7C, 0x4E, 0x4E, 0x4E, 0x4E, 0x7C, 0x7C, 0x4E, 0x4E, 0x4E, 0x4E, 0x4E, 0x4E, 0x7C,
  0x4E, 0x4E, 0x4E, 0x7E, 0x75, 0x75, 0x75, 0x92, 0x4E, 0x4E, 0x4E, 0x4E, 0x4E, 0x4E, 0x4E, 0x7C,
  0x7C, 0x4E, 0x7C, 0x4E, 0x7C, 0x4E, 0x4E, 0x4E, 0x4E, 0x4E, 0x4E, 0x4E, 0x7C, 0x4E, 0x4E, 0x7C,
  0x4E, 0x4E, 0x7C, 0x7C, 0x92, 0x4E, 0x7C, 0x7C, 0x7C, 0x7C, 0x7E, 0xB5, 0x75, 0xF4, 0x75, 0xB5,
  0xF4, 0xF7, 0xF7, 0xDC, 0xDC, 0xDC, 0x77, 0xA5, 0xB8, 0xD7, 0xED, 0x40, 0xD3, 0xD7, 0x39, 0x1A,
  0x1A, 0x1A, 0x08, 0x05, 0x1A, 0x0A, 0x0A, 0x08, 0x1A, 0x08, 0x1A, 0x07, 0x3F, 0x01, 0x12, 0x12,
  0x0B, 0x12, 0x12, 0x06, 0x08, 0xBA, 0xD7, 0xC2, 0xC2, 0xC2, 0x18, 0x05, 0x18, 0x0A, 0x39, 0x1B,
  0xAD, 0x34, 0x3A, 0xD7, 0xD7, 0xA5, 0xDC, 0xDC, 0x77, 0xF4, 0xB5, 0x75, 0x75, 0xB5, 0xB5, 0xB5,
  0xB5, 0x92, 0x7C, 0x7C, 0x7C, 0x7C, 0x7E, 0x75, 0x7E, 0x7E, 0x75, 0x75, 0x7E, 0x7E, 0x7E, 0x7E,
  0x7E, 0x7E, 0x75, 0x75, 0x7E, 0x7E, 0x7C, 0x7C, 0x7C, 0x7C, 0x4E, 0x4E, 0x7C, 0x7C, 0x7C, 0x7C,
  0x4E, 0x7D, 0x4E, 0x7C, 0x4E, 0x4F, 0x4E, 0x4E, 0x4E, 0x4E, 0x4E, 0x4E, 0x4E, 0x4E, 0x4E, 0x4E,
  0x4E, 0x4E, 0x4E, 0x4E, 0x4E, 0x7C, 0x4E, 0x7C, 0x7C, 0x4E, 0x4E, 0x4E, 0x4E, 0x4E, 0x7C, 0x4E,
  0x4E, 0x4E, 0x4E, 0x4E, 0x4E, 0x4E, 0x7D, 0x7D, 0x4E, 0x4E, 0x4E, 0x7D, 0x4E, 0x4E, 0x4E, 0x4E,
  0x4E, 0x4E, 0x7D, 0x7D, 0x4E, 0x4E, 0x4E, 0x4E, 0x7D, 0x4E, 0x4E, 0x4F, 0x4E, 0x4E, 0x4E, 0x4E,
  0x4E, 0x4E, 0x75, 0x7E, 0x7C, 0x7E, 0x7E, 0x7E, 0x75, 0x75, 0x7E, 0x7E, 0x7C, 0x7C, 0x7C, 0x7C,
  0x7C, 0x4E, 0x7C, 0x7C, 0x7C, 0x7C, 0x4E, 0x7D, 0x4E, 0x7C, 0x4E, 0x7D, 0x4E, 0x4E, 0x4E, 0x4E,
  0x4E, 0x4E, 0x7C, 0x7D, 0x4E, 0x4E, 0x4E, 0x4E, 0x4E, 0x4E, 0x4E, 0x7C, 0x4E, 0x4E, 0x7C, 0x4E,
  0x4E, 0x4E, 0x7C, 0x7C, 0x7C, 0x7C, 0x4E, 0x4E, 0x4E, 0x7C, 0x4E, 0x4E, 0x4E, 0x4E, 0x7C, 0x7C,
  0x7C, 0x7C, 0x7C, 0x7C, 0x7C, 0x7C, 0x7C, 0x7C, 0x7C, 0x7C, 0x7C, 0xB5, 0x7C, 0xB5, 0x75, 0xF4,
  0xF4, 0xF4, 0xF4, 0xF4, 0xF4, 0x77, 0xDC, 0x80, 0x6F, 0xD4, 0x40, 0xF9, 0xC8, 0xDD, 0xBA, 0x08,
  0xE0, 0xE0, 0x1A, 0x11, 0x07, 0x06, 0x08, 0x1A, 0x08, 0x0A, 0xE0, 0x07, 0x3F, 0x12, 0x12, 0x12,
  0x3F, 0x12, 0x12, 0x3F, 0x05, 0x1A, 0xD7, 0xC2, 0xD7, 0xE0, 0x1A, 0x1A, 0xC2, 0x34, 0x34, 0xFA,
  0xE7, 0x74, 0x9F, 0xD3, 0xE2, 0xA5, 0xA5, 0xA5, 0xF4, 0x7E, 0x7E, 0x75, 0x75, 0x75, 0xB5, 0xB5,
  0x75, 0x75, 0x75, 0x7E, 0x7E, 0x7C, 0x7C, 0x7C, 0x7C, 0x7C, 0x7C, 0x7C, 0x7C, 0x7E, 0x7E, 0x7E,
  0x7C, 0x7C, 0x7C, 0x7C, 0x7C, 0x7C, 0x7C, 0x7C, 0x7C, 0x7C, 0x7C, 0x4E, 0x7C, 0x7C, 0x7C, 0x7C,
  0x7C, 0x7C, 0x7C, 0x7C, 0x7C, 0x4E, 0x4E, 0x7C, 0x7C, 0x7C, 0x7C, 0x4E, 0x4E, 0x75, 0x4E, 0x4E,
  0xF9, 0x4E, 0x4E, 0x4E, 0x4E, 0x4E, 0x4E, 0x4E, 0x7D, 0x4E, 0x4E, 0x4E, 0x7C, 0x4E, 0x7C, 0x4E,
  0x4E, 0x4E, 0x4E, 0x4E, 0x4E, 0x4E, 0x4E, 0xBD, 0x4E, 0x4E, 0xBD, 0x4E, 0x4E, 0x4E, 0x4E, 0x7C,
  0xBD, 0xBD, 0xBD, 0x7D, 0x4E, 0x7D, 0x7D, 0x7D, 0x4E, 0x4E, 0x4E, 0x4E, 0x4E, 0x4E, 0x4E, 0x4E,
  0x4E, 0x4E, 0x7C, 0x7C, 0x7E, 0x7E, 0x7C, 0x7C, 0x7C, 0x7C, 0x7C, 0x7C, 0x7C, 0x7C, 0x7C, 0x7C,
  0x7C, 0x4E, 0x4E, 0x7C, 0x7C, 0x7C, 0x7C, 0x7C, 0x7C, 0x7C, 0x7C, 0x4E, 0x4E, 0x7C, 0x7C, 0x7C,
  0x7C, 0x4E, 0x4E, 0x75, 0x7E, 0x4E, 0x75, 0x4E, 0x4E, 0x4E, 0x4E, 0x4E, 0x4E, 0x4E, 0x7D, 0x4E,
  0x4E, 0x4E, 0x7C, 0x7C, 0x7C, 0xBD, 0x4E, 0x7C, 0x7C, 0x7C, 0x7C, 0x7C, 0x7C, 0x7C, 0x7C, 0x7C,
  0x7C, 0x7C, 0x7C, 0x7C, 0x7C, 0x7C, 0x7C, 0x7C, 0x7C, 0x7C, 0x7C, 0x7C, 0x7C, 0x7C, 0x75, 0xB5,
  0x75, 0xB5, 0xF4, 0xF4, 0xF7, 0xDC, 0x80, 0xB8, 0x0A, 0x3A, 0xD7, 0xD7, 0xD7, 0xC2, 0xBA, 0xBA,
  0x39, 0xC2, 0x0A, 0x39, 0x06, 0xB2, 0x55, 0x06, 0x39, 0x0A, 0x1A, 0x07, 0x3F, 0x12, 0x12, 0x12,
  0x3F, 0x12, 0x12, 0x9C, 0x05, 0x05, 0x08, 0xC2, 0xC2, 0x3D, 0xE0, 0xE0, 0xD7, 0x34, 0xFE, 0xF9,
  0xF9, 0x41, 0xFB, 0xF5, 0xDD, 0xDD, 0xE2, 0xD3, 0x77, 0xDC, 0x77, 0x75, 0xF4, 0xDC, 0x77, 0xB5,
  0x75, 0x75, 0x75, 0x7E, 0x7C, 0x7C, 0x7E, 0x7C, 0x7C, 0x7C, 0x7C, 0x7E, 0x7C, 0x7E, 0x7C, 0x7C,
  0x7C, 0x75, 0x7C, 0x4E, 0x4E, 0x7C, 0x7C, 0x7C, 0x4E, 0x7C, 0x7E, 0x7E, 0x4E, 0x4E, 0x4E, 0x7C,
  0x7E, 0x7C, 0x4E, 0x4E, 0x4E, 0x4E, 0x7E, 0x4E, 0x7C, 0x7C, 0x4E, 0x4E, 0x4E, 0xF9, 0xF6, 0xDC,
  0xF6, 0x4E, 0x4E, 0x4E, 0xF4, 0xF4, 0x4E, 0x4E, 0x4E, 0x4E, 0x75, 0x4E, 0x4E, 0x4E, 0x4E, 0x4E,
  0x4E, 0xF4, 0x75, 0x4E, 0x4E, 0x4E, 0x7D, 0x7D, 0x4E, 0x4E, 0x4E, 0x7C, 0x4E, 0x4E, 0x4E, 0x4E,
  0x7D, 0x7D, 0x7D, 0x4E, 0x4E, 0x4E, 0x4E, 0x7D, 0x4E, 0x4E, 0x4E, 0x4E, 0x4E, 0x4E, 0x77, 0xF9,
  0xCB, 0x4E, 0x7C, 0x7C, 0x7C, 0x7C, 0x7C, 0x7E, 0x7E, 0x4E, 0x4E, 0x7C, 0x7C, 0x7C, 0x7C, 0x7C,
  0x7E, 0x7E, 0x4E, 0x7C, 0x4E, 0x7C, 0x7E, 0x7E, 0x4E, 0x4E, 0x4E, 0x4E, 0x7E, 0x7C, 0x4E, 0x7C,
  0x4E, 0x4E, 0x4E, 0xB5, 0xF6, 0xF6, 0xF6, 0xF9, 0x4E, 0x4E, 0xF9, 0x77, 0x4E, 0x4E, 0x4E, 0x4E,
  0xF4, 0x4E, 0x4E, 0x7C, 0x4E, 0x7C, 0x4E, 0x7C, 0x4E, 0x4E, 0x7E, 0x75, 0x7C, 0x7C, 0x7C, 0x4E,
  0x4E, 0x4E, 0x7C, 0x7C, 0x4E, 0x7C, 0x7C, 0x7C, 0x7C, 0x7C, 0x7E, 0x7E, 0x4E, 0x7E, 0xF4, 0x7E,
  0xB5, 0xF4, 0xDC, 0xDC, 0x80, 0x73, 0x6F, 0xD7, 0xD7, 0xD7, 0xD7, 0x0A, 0x3A, 0x1A, 0x1A, 0xC2,
  0x3A, 0xE0, 0x08, 0x06, 0x06, 0x42, 0x42, 0x0B, 0x09, 0x07, 0x1A, 0x07, 0x3F, 0x12, 0x12, 0x12,
  0x3F, 0x12, 0x12, 0x3F, 0x05, 0x05, 0x05, 0x1A, 0xC2, 0xC2, 0x36, 0xC2, 0xE0, 0x0A, 0x20, 0x74,
  0xF6, 0x74, 0x9F, 0xFA, 0xD3, 0xDD, 0xED, 0xC8, 0xA5, 0x84, 0xA5, 0xDC, 0xDC, 0xFA, 0xA5, 0xF4,
  0xF4, 0xF4, 0xDC, 0xDC, 0xF4, 0xB5, 0xF4, 0xB5, 0x77, 0xF9, 0x74, 0xDC, 0xF4, 0xDC, 0x77, 0xF4,
  0x4E, 0x77, 0x77, 0xB5, 0xF4, 0x77, 0x77, 0x4E, 0xB5, 0xF4, 0xF4, 0xDC, 0xB5, 0xF4, 0xF4, 0xF4,
  0xF4, 0x74, 0xFA, 0xF9, 0x4E, 0xF4, 0xA5, 0x41, 0x4E, 0x77, 0xF4, 0xF4, 0xF4, 0xF6, 0xF6, 0xC8,
  0xF6, 0xE8, 0xE8, 0xD3, 0xDC, 0xA5, 0xF9, 0xF9, 0xF6, 0xC8, 0xF9, 0xFA, 0xF4, 0xF9, 0xF9, 0x4E,
  0xF4, 0xA5, 0xDC, 0x4E, 0xDC, 0xF4, 0x4E, 0x4E, 0xF4, 0x4E, 0x4E, 0xDC, 0xF9, 0xB5, 0xDC, 0xF4,
  0xCB, 0x4E, 0x77, 0x7E, 0x4E, 0x81, 0xF4, 0x4E, 0x4E, 0xDC, 0xF9, 0xF9, 0x7F, 0xF9, 0xE8, 0xED,
  0xF9, 0xDC, 0xDC, 0xDC, 0xF4, 0xF4, 0x7E, 0xF4, 0xDC, 0x74, 0xF4, 0x77, 0xF4, 0x4E, 0x4E, 0xB5,
  0x74, 0xDC, 0xB5, 0xB5, 0xF4, 0xF4, 0xF4, 0xB5, 0xF4, 0xF9, 0x4E, 0x74, 0xA5, 0x74, 0xB5, 0x77,
  0xF4, 0xF4, 0xF4, 0xF9, 0xF9, 0xE8, 0xC8, 0xF6, 0xF6, 0xDC, 0xDC, 0xDC, 0xF9, 0xF9, 0xDC, 0xF6,
  0xF6, 0xF6, 0x77, 0xDC, 0xB5, 0x4E, 0xF4, 0xF4, 0xF4, 0xB5, 0xF4, 0xF4, 0xF9, 0x4E, 0x4E, 0xB5,
  0xDC, 0x7E, 0x4E, 0x4E, 0xF4, 0xF4, 0xF4, 0xF9, 0xF4, 0xB5, 0xDC, 0xDC, 0xF9, 0x74, 0xDC, 0xF4,
  0xDC, 0xDC, 0xD3, 0xD3, 0xED, 0xD3, 0xE2, 0xB8, 0xD7, 0xD7, 0xD7, 0xB8, 0xBA, 0x0A, 0xBA, 0xD7,
  0xC2, 0xE0, 0x23, 0xB2, 0x2D, 0xB2, 0xB2, 0x2D, 0x42, 0x13, 0x07, 0x06, 0x3F, 0x12, 0x12, 0x12,
  0x0B, 0x12, 0x12, 0x3F, 0x05, 0x05, 0x05, 0x1A, 0xC2, 0x36, 0x36, 0xC2, 0x0A, 0x08, 0x34, 0xFE,
  0x74, 0xBE, 0x20, 0x3A, 0xD7, 0xDD, 0xC8, 0xC8, 0xC8, 0x40, 0xC8, 0xED, 0xD3, 0xC8, 0xDD, 0xE2,
  0xE2, 0xED, 0xED, 0xED, 0xD3, 0xA5, 0xC8, 0xC8, 0xE8, 0xF9, 0xD3, 0xED, 0xA5, 0xFA, 0xDC, 0xE2,
  0xFA, 0xD3, 0xA5, 0xD3, 0xD3, 0xD3, 0xD3, 0xD3, 0xD3, 0xE2, 0xC8, 0xC8, 0xFA, 0xED, 0xED, 0xED,
  0xED, 0xC8, 0xC8, 0xD3, 0xC8, 0xC8, 0xC8, 0xD3, 0xD3, 0xDC, 0xD3, 0xD3, 0xC8, 0xC8, 0xC8, 0xC8,
  0xF9, 0xC8, 0xC8, 0xC8, 0xC8, 0xC8, 0xED, 0xC8, 0xC8, 0xE8, 0xF6, 0xC8, 0xC8, 0xC8, 0xE8, 0xE8,
  0xED, 0xED, 0xED, 0xD3, 0xC8, 0xC8, 0xD3, 0xC8, 0xDC, 0xC8, 0xC8, 0xC8, 0xC8, 0xC8, 0xED, 0xD3,
  0xF6, 0xFA, 0xED, 0xD3, 0xC8, 0xDC, 0xF6, 0xF6, 0xF6, 0xC8, 0xF6, 0xC8, 0xE8, 0xF6, 0xF9, 0xC8,
  0xE8, 0xED, 0xF6, 0xF6, 0xF6, 0xF6, 0xF6, 0xE8, 0xC8, 0xC8, 0xC8, 0xD3, 0xD3, 0xF9, 0xFA, 0xF4,
  0xF4, 0xF7, 0xF4, 0xF4, 0xFA, 0xF4, 0xFA, 0xF7, 0xDC, 0xFA, 0xFA, 0xF4, 0xFA, 0xFA, 0xD3, 0xD3,
  0xD3, 0xFA, 0xFA, 0xFA, 0x74, 0xDC, 0xDC, 0xFA, 0xFA, 0xDC, 0xFA, 0xF7, 0x74, 0xF4, 0x77, 0xFA,
  0xFA, 0xFA, 0xC8, 0xC8, 0xC8, 0xFA, 0xDC, 0xD3, 0xD3, 0xD3, 0xFA, 0xFA, 0xD3, 0xD3, 0xF9, 0xDC,
  0xDC, 0xDC, 0xDC, 0xDC, 0xDC, 0xF6, 0xD3, 0xED, 0xDC, 0xC8, 0xC8, 0xF6, 0xF6, 0xC8, 0xFA, 0xFA,
  0xF6, 0xC8, 0xC8, 0xC8, 0xD3, 0xD3, 0xD3, 0xD3, 0xB8, 0xDD, 0xDD, 0xD3, 0xD7, 0xD7, 0xBA, 0xD7,
  0xD7, 0xC2, 0x14, 0x42, 0xD6, 0x53, 0x4C, 0x51, 0x24, 0x06, 0x07, 0x07, 0x3F, 0x12, 0x12, 0x12,
  0x0B, 0x12, 0x12, 0x3F, 0x08, 0x08, 0x1A, 0x1A, 0xC2, 0x36, 0xDD, 0xC2, 0x1A, 0x08, 0xE1, 0x9F,
  0xBA, 0xB7, 0xE1, 0xD7, 0x36, 0xD7, 0xD7, 0xD3, 0xE2, 0xD3, 0xD3, 0xE2, 0xD3, 0xD3, 0xD7, 0xB8,
  0xE2, 0xC8, 0xF6, 0xD3, 0xD3, 0xED, 0xD3, 0xD3, 0xE2, 0xFA, 0xDC, 0xE2, 0xD7, 0xE2, 0xE2, 0xE2,
  0xD7, 0xD7, 0xD7, 0xD7, 0xE2, 0xA5, 0xD3, 0xA5, 0xA5, 0xE2, 0xD3, 0xD3, 0xD3, 0xED, 0xE2, 0xD3,
  0xE2, 0xD3, 0xD3, 0xED, 0xD3, 0xC8, 0xED, 0xC8, 0xED, 0x84, 0xA5, 0xD3, 0xE2, 0xE2, 0xD3, 0xE2,
  0xDD, 0xE2, 0xE2, 0xDD, 0xDD, 0xED, 0xE2, 0xED, 0xE2, 0xD3, 0xFA, 0xED, 0xA5, 0xFA, 0xF6, 0xD3,
  0xE2, 0xD3, 0xD3, 0xDC, 0xC8, 0xD3, 0xD3, 0xD3, 0xD3, 0xD3, 0xED, 0xC8, 0xC8, 0xC8, 0xD3, 0xED,
  0xD3, 0xDC, 0xD3, 0xD3, 0xE2, 0xD3, 0xFA, 0xA5, 0xD3, 0xD3, 0xD3, 0xED, 0xD3, 0xC8, 0xC8, 0xD3,
  0xD3, 0xC8, 0xE8, 0xC8, 0x40, 0xC8, 0xED, 0xC8, 0xF9, 0xC8, 0xED, 0xC8, 0xD3, 0xDC, 0xDC, 0xFA,
  0x80, 0xDC, 0xDC, 0xFA, 0xDC, 0xA5, 0xFA, 0xFA, 0x80, 0xD3, 0xFA, 0xFA, 0xFA, 0x20, 0x80, 0xFA,
  0x80, 0x20, 0xD3, 0xFA, 0x80, 0x20, 0x20, 0x80, 0xB8, 0x20, 0xDC, 0xA5, 0x80, 0xF7, 0xDC, 0xDC,
  0xD3, 0xA5, 0xD3, 0xD3, 0xED, 0xD3, 0xD3, 0xD3, 0xD3, 0xED, 0x40, 0xD3, 0xD3, 0xD3, 0xD3, 0xD3,
  0xA5, 0xDC, 0xDC, 0xA5, 0xD3, 0x85, 0xD3, 0xD3, 0xFA, 0xED, 0xED, 0x40, 0x40, 0xD3, 0xDD, 0xD7,
  0xD3, 0xE2, 0xDD, 0xD3, 0xD4, 0xD3, 0xD3, 0xD4, 0xD7, 0x36, 0xE2, 0xD7, 0xD7, 0xD7, 0xD7, 0xD7,
  0xD7, 0xE0, 0x08, 0x06, 0x10, 0x64, 0x9F, 0xB2, 0x10, 0x11, 0x07, 0x07, 0x3F, 0x12, 0x12, 0x12,
  0x0B, 0x12, 0x12, 0x06, 0x08, 0xBA, 0xBA, 0xE0, 0xC2, 0x36, 0x38, 0xC2, 0x1A, 0x39, 0x1A, 0x0A,
  0x39, 0xD7, 0xD7, 0xC2, 0xC2, 0x0A, 0x0A, 0x0A, 0x0A, 0x0A, 0xD7, 0xD7, 0xD7, 0x84, 0x6F, 0xD7,
  0x84, 0xA5, 0xDC, 0x84, 0x84, 0xD7, 0x84, 0xD7, 0xD4, 0xD7, 0xD7, 0x0A, 0xD7, 0xD7, 0xD7, 0xA5,
  0xA5, 0xA5, 0xB8, 0xB8, 0x6F, 0x6F, 0xA5, 0xA5, 0xA5, 0xD7, 0xA5, 0x73, 0x6F, 0x6F, 0xA5, 0xA5,
  0x6F, 0xD4, 0x6F, 0x84, 0x84, 0xA5, 0x84, 0x84, 0xA5, 0xA5, 0x6F, 0x6F, 0x6F, 0x80, 0xA5, 0xA5,
  0x6F, 0x84, 0x6F, 0xD4, 0x6F, 0x80, 0xA5, 0x84, 0xA5, 0x84, 0xA5, 0xA5, 0xA5, 0xA5, 0xA5, 0xA5,
  0xA5, 0xA5, 0xA5, 0xDC, 0xA5, 0xDC, 0xA5, 0xA5, 0xDC, 0xDC, 0xA5, 0xDC, 0xA5, 0x84, 0xA5, 0xA5,
  0xA5, 0xA5, 0xDC, 0xF7, 0xDC, 0xA5, 0xDC, 0xDC, 0xDC, 0xDC, 0xA5, 0xDC, 0x84, 0x84, 0x84, 0x84,
  0xD7, 0xD7, 0xD7, 0xD3, 0xD3, 0xE2, 0xD4, 0xD7, 0xD3, 0xED, 0x84, 0xA5, 0xA5, 0xDC, 0xDC, 0xDC,
  0x73, 0x73, 0x80, 0x80, 0x73, 0x73, 0x80, 0x80, 0x73, 0xA5, 0xA5, 0x73, 0x6F, 0x6F, 0x73, 0x73,
  0x6F, 0x6F, 0x73, 0x80, 0x73, 0x80, 0x80, 0x73, 0x73, 0x6F, 0x73, 0x50, 0x80, 0x80, 0x80, 0x73,
  0x6F, 0x73, 0x6F, 0xA5, 0xD7, 0xD7, 0x84, 0xA5, 0xA5, 0x84, 0xA5, 0xDC, 0xA5, 0xD7, 0xD7, 0x6F,
  0x6F, 0x73, 0x80, 0x80, 0x6F, 0x80, 0xA5, 0xA5, 0x80, 0x80, 0x84, 0xA5, 0x84, 0xD4, 0x3A, 0x6F,
  0x6F, 0xCF, 0x6F, 0x6F, 0xD7, 0xD7, 0x84, 0xB8, 0x80, 0xD7, 0xB8, 0xB8, 0xD7, 0xBA, 0x5D, 0x32,
  0x08, 0x08, 0x08, 0x07, 0xB2, 0xB2, 0x0B, 0x42, 0xB2, 0x08, 0x07, 0x07, 0x3F, 0x12, 0x12, 0x12,
  0x0B, 0x12, 0x12, 0x06, 0x07, 0xE0, 0x3D, 0x3D, 0x36, 0x36, 0x36, 0xBA, 0x39, 0x1A, 0xC2, 0xD7,
  0xC2, 0xC2, 0xC2, 0x3A, 0x3A, 0x0A, 0x0A, 0x0A, 0x6F, 0x6F, 0x6F, 0xA5, 0xA5, 0xDC, 0x80, 0xDC,
  0xDC, 0xA5, 0xA5, 0x80, 0xDC, 0x77, 0xDC, 0xA5, 0xDC, 0xF4, 0xF4, 0xF4, 0xF4, 0xF4, 0xB5, 0xB5,
  0xF4, 0xF4, 0xF4, 0xF4, 0x74, 0xF4, 0xF4, 0xB5, 0xB5, 0x77, 0xF4, 0xB5, 0xF7, 0xDC, 0x74, 0xB5,
  0x77, 0x80, 0xB5, 0x92, 0xF4, 0xF4, 0xF7, 0x74, 0x74, 0xBC, 0xB5, 0xF4, 0xF4, 0xF4, 0xF4, 0xF7,
  0xF7, 0xF4, 0xF7, 0xF7, 0xF4, 0x77, 0xF7, 0xF4, 0xF4, 0x77, 0x77, 0xF7, 0xF7, 0xDC, 0x77, 0x77,
  0xF7, 0xF7, 0x77, 0x77, 0xF4, 0xB5, 0x75, 0xF4, 0xF4, 0xB5, 0xB5, 0xF4, 0xF4, 0xF4, 0xF4, 0xB5,
  0xB5, 0xB5, 0x7C, 0xB5, 0xB5, 0x7E, 0x7E, 0x7E, 0x7E, 0xB5, 0xF4, 0xB5, 0x74, 0xF4, 0xF7, 0x77,
  0xF7, 0xDC, 0xDC, 0x77, 0xDC, 0x77, 0xDC, 0xA5, 0xDC, 0xF4, 0xF4, 0xF4, 0xF7, 0xF4, 0xB5, 0xB5,
  0xF4, 0xF4, 0xF4, 0xF4, 0x74, 0xF4, 0xF7, 0xB5, 0xF4, 0x77, 0xF4, 0xB5, 0xDC, 0xF7, 0xB5, 0xF4,
  0x77, 0x77, 0xB5, 0x92, 0xF4, 0xF4, 0xF7, 0xB5, 0x74, 0xF7, 0xB5, 0xF4, 0xB5, 0xF4, 0xF4, 0xF7,
  0xF7, 0xF4, 0xF7, 0xF7, 0xF7, 0x77, 0xF4, 0xF4, 0xF4, 0x77, 0xF7, 0xF7, 0xF7, 0xDC, 0xF7, 0xF7,
  0x77, 0xF4, 0xB5, 0xF4, 0xF4, 0xDC, 0xDC, 0xDC, 0xDC, 0x20, 0x77, 0xDC, 0x80, 0x80, 0x80, 0xF7,
  0xF7, 0x73, 0xA5, 0x80, 0x80, 0x73, 0x73, 0xF4, 0xFA, 0xD7, 0xB8, 0xE2, 0x36, 0x79, 0xB0, 0x30,
  0x01, 0x89, 0x23, 0x08, 0x0B, 0x3F, 0x07, 0x14, 0x0B, 0x07, 0x1A, 0x07, 0x3F, 0x12, 0x01, 0x12,
  0x0B, 0x12, 0x12, 0x06, 0x05, 0x1A, 0xE0, 0xD7, 0x3D, 0x3D, 0x3A, 0xD7, 0x39, 0x1A, 0x36, 0xC2,
  0xC2, 0xC2, 0xC2, 0xD7, 0xD7, 0x6F, 0x6F, 0x73, 0x73, 0x73, 0x80, 0x80, 0x80, 0x77, 0xF7, 0xF7,
  0xF7, 0xF7, 0xF4, 0xF4, 0xB5, 0x7C, 0x75, 0xF4, 0x7C, 0x4E, 0x4E, 0x7C, 0x75, 0x7C, 0x4E, 0x7C,
  0x7C, 0x4E, 0x4E, 0x4E, 0x4E, 0x4E, 0x7C, 0x4E, 0x92, 0xB5, 0xB5, 0x4E, 0x92, 0x4E, 0x4F, 0x4F,
  0x92, 0x4E, 0x4E, 0x4E, 0x4E, 0x4E, 0x4E, 0x4F, 0x4E, 0x4E, 0x4E, 0x4E, 0x4E, 0xB5, 0xB5, 0xB5,
  0xB5, 0x7C, 0x7E, 0x7C, 0x4E, 0x7E, 0x4E, 0x92, 0x7C, 0x7E, 0x75, 0x92, 0xB5, 0xF4, 0x7E, 0x75,
  0x7E, 0x7C, 0xB5, 0x75, 0x7C, 0x7C, 0x7E, 0x7C, 0x4E, 0x4E, 0x4E, 0x4E, 0x92, 0x7C, 0x4E, 0x4E,
  0x4E, 0x4E, 0x4E, 0x4E, 0x4E, 0x4E, 0x4E, 0x4E, 0x4E, 0x7C, 0x7C, 0x4E, 0x7C, 0x4E, 0x7C, 0x7C,
  0x4E, 0x7C, 0x75, 0x75, 0x7E, 0x7C, 0x75, 0xF4, 0x4E, 0x4E, 0x4E, 0x7C, 0x75, 0x7C, 0x4E, 0x7C,
  0x7C, 0x4E, 0x4E, 0x4E, 0x4E, 0x7C, 0x7C, 0x92, 0x92, 0xB5, 0x7C, 0x4E, 0x92, 0x4E, 0x4F, 0x4E,
  0x92, 0x4E, 0x4E, 0x4E, 0x4E, 0x4E, 0x4E, 0x4F, 0x4E, 0x4E, 0x4E, 0x4E, 0x4E, 0x7E, 0xB5, 0x75,
  0x7E, 0xB5, 0x7E, 0x7C, 0x7C, 0x7C, 0x4E, 0x92, 0x7C, 0x75, 0x7E, 0x92, 0xB5, 0xB5, 0xB5, 0xB5,
  0xB5, 0x7C, 0x92, 0xB5, 0x7E, 0xF4, 0xF7, 0xF4, 0xF4, 0xF4, 0xF4, 0xF4, 0xB5, 0xF4, 0xF4, 0xF4,
  0xF4, 0xF4, 0xF7, 0x77, 0x80, 0x73, 0x84, 0x73, 0x73, 0xD7, 0xE2, 0x36, 0x36, 0x23, 0xAC, 0x55,
  0x2D, 0x48, 0xB2, 0x1A, 0x08, 0x1A, 0x08, 0x07, 0x1A, 0x39, 0x0A, 0x07, 0x3F, 0x12, 0x01, 0x12,
  0x3F, 0x12, 0x12, 0x06, 0x05, 0x1A, 0x1A, 0x1A, 0x1A, 0xC2, 0xC2, 0x3D, 0xC2, 0xC2, 0xD7, 0xC2,
  0x1A, 0xC2, 0x36, 0xD3, 0xD3, 0xA5, 0x84, 0x73, 0xA5, 0x80, 0xF7, 0x77, 0x77, 0xF4, 0xF7, 0x77,
  0xF7, 0x75, 0xB5, 0xF4, 0x7C, 0x4E, 0x4E, 0x4E, 0x4E, 0x4E, 0x4E, 0x4E, 0x4E, 0x4E, 0x4E, 0x4E,
  0x4E, 0x4E, 0x7D, 0x7D, 0x7D, 0x4F, 0x4E, 0x4E, 0x4E, 0x4E, 0x4E, 0x4E, 0x4E, 0x7D, 0x7D, 0x7D,
  0x7D, 0x4E, 0x4E, 0x4E, 0x7C, 0x4E, 0x4E, 0x4E, 0x4E, 0x4E, 0x4E, 0x4E, 0x4E, 0x4E, 0x4E, 0x7C,
  0x7C, 0x7C, 0x7C, 0x7C, 0x7C, 0x7C, 0x7C, 0x7C, 0x7C, 0x7E, 0x7C, 0x4E, 0x7C, 0x4E, 0x4E, 0x4E,
  0x4E, 0x4E, 0x4E, 0x4E, 0x4E, 0x4E, 0x7C, 0x7C, 0x4E, 0x4E, 0x4E, 0x4E, 0x4E, 0x4E, 0x4E, 0x4E,
  0x4E, 0x4E, 0x4E, 0x7D, 0xBD, 0x4E, 0x4E, 0x7D, 0x4E, 0x4E, 0x4E, 0x4E, 0x4E, 0x4E, 0x4E, 0x4E,
  0x4E, 0x4E, 0x4E, 0x4E, 0x4E, 0x4E, 0x4E, 0x4E, 0x4E, 0x4E, 0x4E, 0x4E, 0x4E, 0x4E, 0x4E, 0x7C,
  0x4E, 0x4E, 0x7D, 0x7D, 0x4F, 0x4F, 0x4E, 0x4E, 0x4E, 0x4E, 0x4E, 0x4E, 0x4E, 0x7D, 0x7D, 0x7D,
  0x7D, 0x4E, 0x4E, 0x4E, 0x4E, 0x4E, 0x4E, 0x4E, 0x4E, 0x4E, 0x4E, 0x4E, 0x4E, 0x4E, 0x4E, 0x7C,
  0x7C, 0x7C, 0x7C, 0x7C, 0x7C, 0x7C, 0x7C, 0x7C, 0x7C, 0x7E, 0x7C, 0x4E, 0x7C, 0x4E, 0x4E, 0x4E,
  0x4E, 0x7C, 0x7E, 0x7C, 0x7E, 0xB5, 0x7C, 0x7C, 0x92, 0x4E, 0xB5, 0x7E, 0x7E, 0xB5, 0xB5, 0xF4,
  0x21, 0xF4, 0xF4, 0x77, 0x80, 0x77, 0x80, 0x6F, 0x6F, 0xD7, 0x36, 0x13, 0x51, 0x2D, 0x5D, 0x63,
  0x51, 0x2D, 0x0B, 0x08, 0xE0, 0xE0, 0xE0, 0x0A, 0xE0, 0x1A, 0x1A, 0x07, 0x3F, 0x12, 0x12, 0x12,
  0x3F, 0x12, 0x12, 0x06, 0x07, 0x08, 0x1A, 0x18, 0x18, 0x1A, 0x1A, 0x36, 0xD7, 0xC2, 0x0A, 0x1A,
  0xD7, 0xE2, 0xD7, 0xD3, 0xC8, 0xFA, 0xDC, 0x84, 0x77, 0xF4, 0xF7, 0x77, 0xF7, 0xF7, 0xF7, 0x77,
  0xF4, 0xB5, 0x21, 0x77, 0x7E, 0x4E, 0x4E, 0x4E, 0x7C, 0x4E, 0x4E, 0x4E, 0x4E, 0x4E, 0x4E, 0x4E,
  0x4E, 0x4F, 0x4E, 0x4F, 0x4F, 0x4F, 0x4F, 0x4E, 0x4E, 0x4E, 0x4E, 0x4E, 0x4E, 0x4E, 0x7D, 0x7D,
  0x7D, 0x4E, 0x4E, 0x4E, 0x92, 0x92, 0x92, 0x4E, 0x4E, 0x92, 0x4E, 0x4E, 0x4E, 0x4E, 0x4E, 0x4E,
  0x92, 0x92, 0x4E, 0x4E, 0x92, 0x4E, 0x4E, 0x4E, 0x4E, 0x7C, 0x4E, 0x4E, 0x7C, 0x4E, 0x4E, 0x4E,
  0x4E, 0x4E, 0x4E, 0x4E, 0x4E, 0x4E, 0x4E, 0x4E, 0x7C, 0x7C, 0x4E, 0x4E, 0x4E, 0x4E, 0x4E, 0x4E,
  0x4E, 0x4E, 0x4E, 0x4E, 0x4E, 0x4E, 0x4E, 0x7D, 0x4E, 0x4E, 0x4E, 0x4E, 0x4E, 0x7D, 0x7D, 0x4E,
  0x4E, 0x4E, 0x4E, 0x4E, 0x4E, 0x4E, 0x4E, 0x7C, 0x7C, 0x4E, 0x4E, 0x4E, 0x4E, 0x4E, 0x4E, 0x4E,
  0x4E, 0x4F, 0x4E, 0x4F, 0x4F, 0x4F, 0x4F, 0x4E, 0x4E, 0x4E, 0x4E, 0x4E, 0x4E, 0x4E, 0x4E, 0x7D,
  0x7D, 0x4E, 0x4E, 0x4E, 0x92, 0x4E, 0x4F, 0x4E, 0x4E, 0x92, 0x4E, 0x4E, 0x4E, 0x4E, 0x4E, 0x4E,
  0x7C, 0x7C, 0x92, 0x4E, 0x4E, 0x4E, 0x4E, 0x4E, 0x7C, 0x7C, 0x4E, 0x4E, 0x7C, 0x4E, 0x7D, 0x92,
  0x7C, 0x4E, 0x7C, 0x7C, 0x7C, 0x7C, 0x7E, 0x7C, 0x7C, 0x4E, 0x4E, 0x4E, 0x7C, 0x7C, 0xB5, 0x75,
  0x21, 0xF7, 0x77, 0x54, 0x77, 0xDC, 0x73, 0x6F, 0xB8, 0xDD, 0xBA, 0x14, 0x42, 0x42, 0x58, 0x4F,
  0x53, 0x0F, 0x00, 0x07, 0x08, 0xBA, 0xE0, 0xE0, 0x08, 0x1A, 0x08, 0x08, 0x9C, 0x12, 0x12, 0x12,
  0x3F, 0x12, 0x12, 0x06, 0x07, 0x08, 0x07, 0x07, 0x07, 0x07, 0x1A, 0xE0, 0xE0, 0xC2, 0x1A, 0xD7,
  0xDD, 0xC8, 0x36, 0xC2, 0xD7, 0xDD, 0xD3, 0xA5, 0x77, 0xF4, 0xF4, 0x75, 0xB5, 0xB5, 0xF4, 0xDC,
  0xF4, 0xF4, 0x21, 0x21, 0x7C, 0x4E, 0x7C, 0x7C, 0x7C, 0x4E, 0x4E, 0x4E, 0x4E, 0x7D, 0x4E, 0x4E,
  0x4E, 0x4E, 0x4E, 0x4E, 0x4E, 0x4E, 0x4E, 0x4E, 0x4E, 0x4E, 0x4E, 0x4E, 0x4E, 0x4E, 0x4E, 0x4E,
  0x4E, 0x4E, 0x4E, 0x4E, 0x7D, 0x4E, 0x7D, 0x7D, 0x4E, 0x4E, 0x7D, 0x4E, 0x4E, 0x4E, 0x4E, 0x4E,
  0x4E, 0x4E, 0x4E, 0x4E, 0x4E, 0x4E, 0x4E, 0x4E, 0x4E, 0x7C, 0x4E, 0x4E, 0x7C, 0x7C, 0x4E, 0x4E,
  0x4E, 0x4E, 0x4E, 0x4E, 0x4E, 0x4E, 0x4E, 0x4E, 0x7D, 0x7D, 0x7D, 0x7D, 0x7D, 0x4E, 0x4E, 0x4E,
  0x4E, 0x4E, 0x4E, 0x4E, 0x4E, 0x4E, 0x4E, 0x4E, 0x4E, 0x4E, 0x4E, 0x4E, 0x4E, 0x7D, 0x7D, 0x7D,
  0x7D, 0x4E, 0x4E, 0x4E, 0x4E, 0x7C, 0x7C, 0x7E, 0x7C, 0x4E, 0x4E, 0x4E, 0x4E, 0x7D, 0x4E, 0x4E,
  0x4E, 0x4E, 0x4E, 0x4E, 0x4E, 0x4E, 0x4E, 0x4E, 0x4E, 0x4E, 0x4E, 0x4E, 0x4E, 0x4E, 0x4E, 0x4E,
  0x4E, 0x4E, 0x4E, 0x4E, 0x4E, 0x4E, 0x7D, 0x7D, 0x4E, 0x7D, 0x7D, 0x4E, 0x4E, 0x4E, 0x4E, 0x4E,
  0x4E, 0x4E, 0x4E, 0x4E, 0x4E, 0x4E, 0x4E, 0x4E, 0x4E, 0x4E, 0x4E, 0x4E, 0x7C, 0x4E, 0x4E, 0x92,
  0x4E, 0x4E, 0x7C, 0x92, 0x7D, 0x4E, 0x7C, 0x4E, 0x4E, 0x7C, 0xB5, 0xB5, 0xB5, 0x7C, 0xB5, 0x75,
  0x75, 0xB5, 0xF4, 0x77, 0xF7, 0xA5, 0x84, 0xFA, 0xD3, 0xDD, 0x36, 0x52, 0x14, 0x0F, 0xB2, 0x79,
  0x2D, 0x57, 0x14, 0x07, 0x1A, 0xD7, 0x1A, 0xE0, 0x1A, 0x36, 0xFA, 0x52, 0x9C, 0x12, 0x12, 0x12,
  0x0B, 0x12, 0x12, 0x3F, 0x05, 0x07, 0x06, 0x06, 0x07, 0x07, 0x07, 0x18, 0x1A, 0xE0, 0xD7, 0xD7,
  0x3A, 0xD7, 0xD7, 0x39, 0x39, 0xC2, 0xD7, 0x84, 0xA5, 0xF4, 0x75, 0x4E, 0x92, 0x92, 0xF4, 0x77,
  0x75, 0xB5, 0xF4, 0xF4, 0x7C, 0x4E, 0x7D, 0x7D, 0x4E, 0x4E, 0x4E, 0x4E, 0x7D, 0x7D, 0x7D, 0x4E,
  0x7D, 0x4E, 0x4E, 0x4E, 0x7C, 0x4E, 0x4E, 0x4E, 0x92, 0x92, 0x92, 0x4E, 0x4E, 0x4E, 0x4E, 0x4E,
  0x4E, 0x4E, 0x4E, 0x7D, 0x4E, 0x4E, 0x4E, 0x4E, 0x4E, 0x4E, 0x7D, 0x7D, 0x4E, 0x4E, 0x4E, 0x4E,
  0x4E, 0x4E, 0x4E, 0x4E, 0x4E, 0x4E, 0x4E, 0x7D, 0x4E, 0x4E, 0x4E, 0x4E, 0x4E, 0x4E, 0x4E, 0x4E,
  0x4E, 0x4E, 0x4E, 0x4E, 0x7D, 0x4E, 0x4E, 0x4E, 0x7D, 0x7D, 0x7D, 0x92, 0x4F, 0x4F, 0x4E, 0x7D,
  0x4F, 0x4E, 0x4E, 0x7D, 0x4E, 0x7D, 0x4E, 0x4E, 0x4E, 0xBD, 0x4E, 0x4E, 0x4E, 0x4E, 0x7D, 0xBD,
  0x7D, 0x7D, 0x7D, 0x7D, 0x4E, 0x4E, 0x7D, 0x7D, 0x4E, 0x4E, 0x4E, 0x4E, 0x7D, 0x7D, 0x7D, 0x4E,
  0x4E, 0x4E, 0x4E, 0x4E, 0x4E, 0x4E, 0x4E, 0x92, 0x92, 0x92, 0x92, 0x92, 0x4E, 0x4E, 0x4E, 0x4E,
  0x4E, 0x4E, 0x4E, 0x7D, 0x4E, 0x4E, 0x4E, 0x4E, 0x4E, 0x4E, 0x7D, 0x7D, 0x4E, 0x4E, 0x4E, 0x4E,
  0x4E, 0x4E, 0x4E, 0x4E, 0x4E, 0x4E, 0x4E, 0x7D, 0x4E, 0x4E, 0x4E, 0x4E, 0x4E, 0x4E, 0x4E, 0x4E,
  0x4E, 0x4E, 0x4E, 0x4E, 0x7D, 0x4E, 0x92, 0x4E, 0x4E, 0x92, 0x7C, 0xB5, 0x75, 0xB5, 0x7E, 0x75,
  0x75, 0x75, 0xB5, 0xF4, 0xDC, 0x6F, 0xD7, 0xED, 0xD3, 0xDD, 0x36, 0xD7, 0x08, 0x10, 0x55, 0x14,
  0x9C, 0x12, 0x08, 0x08, 0x08, 0xD7, 0x1A, 0x1A, 0xC2, 0xC8, 0xC8, 0x52, 0x9C, 0x12, 0x12, 0x12,
  0x0B, 0x12, 0x12, 0x3F, 0x15, 0x15, 0x06, 0x06, 0x08, 0x06, 0x06, 0x05, 0x1A, 0x08, 0xE0, 0x1A,
  0x61, 0x61, 0x39, 0x39, 0xC2, 0xE2, 0xDC, 0xDC, 0xDC, 0x77, 0x4E, 0x4E, 0x92, 0xF4, 0x77, 0xF7,
  0x7C, 0xB5, 0x75, 0x75, 0x4E, 0x7D, 0x7D, 0x7D, 0x7D, 0x4E, 0x4E, 0x4E, 0x4E, 0x4E, 0x4E, 0x4E,
  0x4E, 0x4E, 0x4E, 0x4E, 0x4E, 0x4E, 0x7E, 0x4E, 0xBE, 0xBE, 0x4F, 0xB5, 0xB5, 0x7E, 0x4E, 0x4E,
  0x7D, 0x7D, 0x7D, 0x7D, 0x7D, 0x7D, 0x4E, 0x4E, 0x4E, 0x4E, 0x7D, 0x4E, 0x4E, 0x4E, 0x4E, 0x4E,
  0x4E, 0x4E, 0x4E, 0x4E, 0x4E, 0x4E, 0x4E, 0x4E, 0x4E, 0x4E, 0x4E, 0x4E, 0x4E, 0x4E, 0x4E, 0x4E,
  0x4E, 0x4E, 0x4E, 0x7D, 0x7D, 0x7D, 0x7D, 0x7D, 0x7D, 0x7D, 0x4E, 0x4E, 0x4E, 0x4E, 0x4E, 0x7D,
  0x7D, 0x7D, 0x7D, 0x7D, 0x4E, 0x4E, 0x4E, 0x4E, 0x7D, 0x7D, 0x7D, 0x4E, 0x4E, 0x7D, 0x7D, 0x7D,
  0x4E, 0x7D, 0x7D, 0x4E, 0x7D, 0x4E, 0x7D, 0x7D, 0x7D, 0x4E, 0x4E, 0x4E, 0x4E, 0x4E, 0x4E, 0x4E,
  0x4E, 0x4E, 0x4E, 0x4E, 0x4E, 0x4E, 0xB5, 0x4F, 0xBE, 0xBE, 0x92, 0xB5, 0xB5, 0x7C, 0x4E, 0x4E,
  0x7D, 0x7D, 0x7D, 0x7D, 0x7D, 0x7D, 0x4E, 0x4E, 0x4E, 0x4E, 0x7D, 0x4E, 0x4E, 0x4E, 0x4E, 0x4E,
  0x4E, 0x4E, 0x4E, 0x4E, 0x4E, 0x4E, 0x4E, 0x4E, 0x4E, 0x4E, 0x4E, 0x4E, 0x4E, 0x4E, 0x4E, 0x4E,
  0x4E, 0x4E, 0x4E, 0x4E, 0x92, 0x7C, 0x4E, 0x4E, 0x7C, 0x7C, 0x4E, 0x4E, 0xB5, 0xB5, 0xB5, 0x75,
  0x75, 0x75, 0xB5, 0xF4, 0x77, 0xA5, 0x80, 0xA5, 0xE2, 0xDD, 0x36, 0xD7, 0xE0, 0x0B, 0x10, 0x06,
  0x08, 0x1A, 0x1A, 0x08, 0xE0, 0xB8, 0x1A, 0xC2, 0xDD, 0x36, 0xDD, 0xE0, 0x01, 0x12, 0x12, 0x12,
  0x0B, 0x12, 0x12, 0x06, 0x15, 0x9C, 0x01, 0x0B, 0x09, 0x06, 0x06, 0x11, 0x11, 0x09, 0x1A, 0x18,
  0x1A, 0xC2, 0xC2, 0xC2, 0x0A, 0xD7, 0xDC, 0xDC, 0xDC, 0x77, 0xF7, 0xB5, 0xF4, 0x21, 0x21, 0xF7,
  0x75, 0x75, 0x75, 0x75, 0x4E, 0x4E, 0x4E, 0x4E, 0x4E, 0x7D, 0x4E, 0x7D, 0x4E, 0x4E, 0x4E, 0x4E,
  0x4E, 0x4E, 0x7D, 0x4E, 0x7D, 0x7D, 0x4E, 0x7D, 0xB3, 0xB1, 0xB3, 0x4F, 0xB5, 0xB5, 0x92, 0x4E,
  0x7D, 0x7D, 0x7D, 0x7D, 0x7D, 0x4E, 0x4E, 0x4E, 0x4E, 0x4E, 0x4E, 0x4E, 0x7D, 0x4E, 0x4E, 0x4E,
  0x4E, 0x4E, 0x7D, 0x4E, 0x4E, 0x4E, 0x4E, 0x4E, 0x4E, 0x4E, 0x4E, 0x4E, 0x4E, 0x4E, 0x4E, 0x4E,
  0x7D, 0x4E, 0x4E, 0x7D, 0x4E, 0x7D, 0x7D, 0x7D, 0x7D, 0x7D, 0x4E, 0x4E, 0x7D, 0x4E, 0x4E, 0x4E,
  0x7D, 0x7D, 0x4E, 0x4E, 0x4E, 0x4E, 0x4E, 0x4E, 0x4E, 0x4E, 0x7D, 0x4E, 0x4E, 0x4E, 0x7D, 0x7D,
  0xBD, 0x4E, 0x4E, 0x4E, 0x4E, 0x4E, 0x4E, 0x4E, 0x7D, 0x4E, 0x4E, 0x4E, 0x4E, 0x4E, 0x4E, 0x4E,
  0x4E, 0x4E, 0x7D, 0x4E, 0x7D, 0x7D, 0x4E, 0xBE, 0xB1, 0xB1, 0xB3, 0x4F, 0xB5, 0x92, 0x92, 0x4E,
  0x7D, 0x7D, 0x7D, 0x7D, 0x7D, 0x4E, 0x4E, 0x4E, 0x4E, 0x4E, 0x4E, 0x4E, 0x7D, 0x4E, 0x4E, 0x4E,
  0x4E, 0x4E, 0x4E, 0x4E, 0x4E, 0x4E, 0x4E, 0x4E, 0x4E, 0x4E, 0x4E, 0x4E, 0x4E, 0x4E, 0x4E, 0x4E,
  0x4E, 0x7C, 0x4E, 0x7C, 0x92, 0x7C, 0x7C, 0x92, 0x92, 0x92, 0x4E, 0x7C, 0xB5, 0xF4, 0xB5, 0x75,
  0x75, 0x75, 0x21, 0xF4, 0xF4, 0xF7, 0xDC, 0x20, 0xD7, 0x3A, 0xC2, 0xE0, 0xE0, 0x08, 0x08, 0x08,
  0xC2, 0xD7, 0x1A, 0x07, 0x1A, 0xD7, 0x1A, 0x38, 0x36, 0xDD, 0x36, 0x1A, 0x3F, 0x12, 0x12, 0x12,
  0x0B, 0x01, 0x12, 0x06, 0x06, 0x0B, 0x01, 0x0B, 0x06, 0x07, 0x06, 0x06, 0x11, 0x08, 0x08, 0xE0,
  0x36, 0x38, 0xDD, 0x36, 0xD7, 0xA5, 0x77, 0x77, 0xF7, 0xF4, 0xF7, 0xF7, 0xF4, 0x75, 0xB5, 0xB5,
  0x75, 0x7C, 0x7E, 0x7E, 0x4E, 0x7D, 0x4E, 0x4E, 0x4E, 0x4E, 0x4E, 0x4E, 0x7D, 0x7D, 0x7D, 0x4E,
  0x7D, 0x7D, 0x7D, 0x4E, 0x7D, 0x7D, 0x7D, 0x4E, 0x92, 0x92, 0x92, 0x92, 0x4E, 0x4E, 0x4E, 0x4E,
  0x4E, 0x7D, 0x7D, 0x7D, 0x7D, 0x4E, 0x4E, 0x4E, 0x4E, 0x4E, 0x4E, 0x4E, 0x4E, 0x4E, 0x4E, 0x4E,
  0x4E, 0x7D, 0x4E, 0x4E, 0x4E, 0x4E, 0x4E, 0x4E, 0x4E, 0x4E, 0x7D, 0x4E, 0x4E, 0x4E, 0x4E, 0x4E,
  0x4E, 0x7D, 0x4E, 0x4E, 0x4E, 0x7D, 0x7D, 0x7D, 0x7D, 0x7D, 0x7D, 0x7D, 0x7D, 0x7D, 0x4E, 0x4E,
  0x7D, 0x4E, 0x4E, 0x4E, 0x4E, 0x4E, 0x4E, 0x4E, 0x4E, 0xBD, 0x4E, 0x4E, 0x4E, 0x7D, 0x7D, 0xBD,
  0x4E, 0x7D, 0x4E, 0x4E, 0x4E, 0x4E, 0x4E, 0x4E, 0x4E, 0x4E, 0x4E, 0x7D, 0x7D, 0x7D, 0x4E, 0x4E,
  0x7D, 0x7D, 0x7D, 0x4E, 0x7D, 0x7D, 0x4F, 0x4E, 0x92, 0x4F, 0x92, 0x92, 0x4E, 0x4E, 0x4E, 0x4E,
  0x4E, 0x7D, 0x7D, 0x7D, 0x7D, 0x4E, 0x4E, 0x4E, 0x4E, 0x4E, 0x4E, 0x4E, 0x4E, 0x4E, 0x4E, 0x4E,
  0x4E, 0x7D, 0x4E, 0x4E, 0x4E, 0x4E, 0x4E, 0x4E, 0x4E, 0x4E, 0x4E, 0x4E, 0x4E, 0x4E, 0x4E, 0x4E,
  0x4E, 0x7D, 0x4E, 0x4E, 0x4E, 0x4E, 0x4E, 0x4E, 0x4E, 0x92, 0x7C, 0x7C, 0xB5, 0xF4, 0x75, 0x75,
  0xF4, 0xB5, 0xF4, 0xF4, 0xF4, 0xF7, 0xF7, 0xA5, 0xD7, 0xD7, 0xB8, 0x0A, 0xD7, 0xC2, 0xC2, 0xC2,
  0xC2, 0x36, 0xC2, 0xE0, 0x36, 0xC2, 0x38, 0xC8, 0xDD, 0x38, 0x36, 0x08, 0x01, 0x12, 0x12, 0x12,
  0x0B, 0x01, 0x12, 0x06, 0x00, 0x06, 0x06, 0x06, 0x06, 0x08, 0x08, 0x08, 0x1A, 0x08, 0x0B, 0xBA,
  0xD7, 0xD3, 0xC8, 0xED, 0xE2, 0xDC, 0xF7, 0x77, 0xF7, 0x77, 0x77, 0x77, 0xF7, 0xB5, 0x75, 0x7E,
  0x4E, 0x4E, 0x7C, 0x7E, 0x7C, 0x7D, 0x4E, 0x4E, 0x7D, 0x4E, 0x4E, 0x7D, 0x7D, 0x4E, 0x7D, 0x7D,
  0x7D, 0x7D, 0x7D, 0x7D, 0x7D, 0x7D, 0x4F, 0x4E, 0x4E, 0x4E, 0x92, 0x4E, 0x4E, 0x4E, 0x4E, 0x7D,
  0x4E, 0x4E, 0x4E, 0x4E, 0x4E, 0x4E, 0x4E, 0x4E, 0x4E, 0x4E, 0x4E, 0x4E, 0x4E, 0x4E, 0x4E, 0x4E,
  0x4E, 0x4E, 0x7D, 0x4E, 0x4E, 0x7D, 0x7D, 0x4E, 0x4E, 0x4E, 0x4E, 0x4E, 0x4E, 0x4E, 0x7D, 0x7D,
  0x7D, 0x7D, 0x7D, 0x4E, 0x4E, 0x7D, 0x7D, 0x7D, 0x7D, 0x7D, 0x4E, 0x7D, 0x7D, 0x92, 0x4E, 0x4E,
  0x4E, 0x4E, 0x7D, 0x7D, 0x7D, 0x7D, 0x7D, 0x7D, 0x7D, 0x4E, 0x4E, 0x4E, 0x4E, 0xBD, 0x4E, 0x4E,
  0x4E, 0x7D, 0x7D, 0x7D, 0x4E, 0x7D, 0x4E, 0x4E, 0x7D, 0x4E, 0x4E, 0x7D, 0x7D, 0x4E, 0x7D, 0x7D,
  0x7D, 0x7D, 0x7D, 0x7D, 0x7D, 0x7D, 0x4F, 0x4E, 0x4E, 0x4E, 0x92, 0x4E, 0x4E, 0x4E, 0x4E, 0x7D,
  0x4E, 0x4E, 0x4E, 0x4E, 0x4E, 0x4E, 0x4E, 0x4E, 0x4E, 0x4E, 0x4E, 0x4E, 0x4E, 0x4E, 0x4E, 0x4E,
  0x4E, 0x4E, 0x4E, 0x4E, 0x4E, 0x7D, 0x7D, 0x4E, 0x4E, 0x4E, 0x4E, 0x4E, 0x4E, 0x4E, 0x4E, 0x4E,
  0x4E, 0x4E, 0x4E, 0x4E, 0x7C, 0x7C, 0x4E, 0x4F, 0x7C, 0x75, 0xB5, 0x92, 0x92, 0xB5, 0xF4, 0xF4,
  0x75, 0xF4, 0xF4, 0xF4, 0xF7, 0xF7, 0xDC, 0xDC, 0xD3, 0xC8, 0xC8, 0x36, 0xC2, 0xC2, 0xC2, 0x0A,
  0x39, 0xBA, 0xD7, 0x36, 0x41, 0xD7, 0x40, 0xDD, 0x22, 0x36, 0xE0, 0x07, 0x01, 0x12, 0x12, 0x12,
  0x3F, 0x12, 0x12, 0x9C, 0x04, 0x06, 0x06, 0x08, 0x07, 0x1A, 0x08, 0x08, 0x08, 0x08, 0x06, 0x09,
  0x3A, 0xA5, 0xD3, 0xC8, 0xE2, 0x6F, 0x80, 0xDC, 0x77, 0x77, 0xF7, 0xF4, 0xF4, 0xB5, 0x75, 0x7C,
  0x4E, 0x4E, 0x7C, 0x7E, 0x4E, 0x7D, 0x7D, 0x4E, 0x4E, 0x7D, 0x7D, 0x7D, 0x7D, 0x7D, 0x4E, 0x7D,
  0x7D, 0x7D, 0x7D, 0x4E, 0x7D, 0x7D, 0x7D, 0x7D, 0x4E, 0x4E, 0x4E, 0x4E, 0x7D, 0x7D, 0x7D, 0x4E,
  0x4E, 0x4E, 0x4E, 0x4E, 0x4E, 0x7D, 0x7D, 0x4E, 0x4E, 0x4E, 0x7D, 0x7D, 0x4E, 0x4E, 0x7D, 0x4E,
  0x4E, 0x4E, 0x4E, 0x4E, 0x4E, 0x7D, 0x7D, 0x4E, 0x4E, 0x4E, 0x4E, 0x4E, 0x4E, 0x7D, 0x7D, 0x7D,
  0x7D, 0x7D, 0x7D, 0x7D, 0x7D, 0x7D, 0x7D, 0x4E, 0x7D, 0x7D, 0x4E, 0x4E, 0x4E, 0x4E, 0x4E, 0x4E,
  0x7D, 0x4F, 0xB5, 0xF7, 0x77, 0x77, 0x77, 0xF4, 0x92, 0x7D, 0x7D, 0x7D, 0x4E, 0x4E, 0x4E, 0x4E,
  0x4E, 0x4E, 0x7D, 0x7D, 0x7D, 0x7D, 0x7D, 0x4E, 0x7D, 0x7D, 0x7D, 0x7D, 0x7D, 0x7D, 0x7D, 0x7D,
  0x7D, 0x7D, 0x4E, 0x4E, 0x7D, 0x7D, 0x7D, 0x7D, 0x4E, 0x4E, 0x4E, 0x4E, 0x7D, 0x7D, 0x7D, 0x4E,
  0x4E, 0x4E, 0x4E, 0x4E, 0x4E, 0x7D, 0x7D, 0x4E, 0x4E, 0x4E, 0x7D, 0x4E, 0x4E, 0x4E, 0x7D, 0x4E,
  0x4E, 0x4E, 0x4E, 0x4E, 0x4E, 0x7D, 0x7D, 0x4E, 0x4E, 0x4E, 0x4E, 0x4E, 0x4E, 0x7D, 0x4E, 0x4E,
  0x4E, 0x4E, 0x7C, 0x4E, 0x75, 0x7C, 0x7D, 0x4E, 0xB5, 0xB5, 0x4E, 0x92, 0xB5, 0xB5, 0x4E, 0xB5,
  0xF4, 0xF4, 0xF7, 0x77, 0xDC, 0x6F, 0x6F, 0xD7, 0xDD, 0xC8, 0xDD, 0xDD, 0xB8, 0x36, 0x36, 0xE0,
  0x1A, 0x1A, 0x3D, 0x1A, 0xC2, 0xC2, 0x36, 0xDD, 0x1C, 0xE0, 0x18, 0x05, 0x3F, 0x12, 0x12, 0x12,
  0x3F, 0x12, 0x12, 0x3F, 0x05, 0x07, 0x07, 0x07, 0x1A, 0x39, 0x08, 0xE0, 0x08, 0x08, 0x0B, 0x08,
  0x08, 0xD7, 0xB8, 0x36, 0x36, 0xCF, 0x73, 0xDC, 0xF7, 0xF4, 0xF4, 0xF4, 0xB5, 0x75, 0xB5, 0x92,
  0x4E, 0x75, 0x75, 0x7C, 0x4E, 0x7D, 0x7D, 0x4E, 0x7D, 0x7D, 0x7D, 0x4E, 0x7D, 0x4E, 0x4E, 0x4E,
  0x4E, 0x4E, 0x7D, 0x7D, 0x7D, 0x7D, 0x7D, 0x7D, 0x7D, 0x7D, 0x7D, 0x7D, 0x7D, 0x7D, 0x7D, 0x7D,
  0x4F, 0x4E, 0x4E, 0x4E, 0x4E, 0x7D, 0x7D, 0x4E, 0x4E, 0x7D, 0x7D, 0x4E, 0x4E, 0x4E, 0x7D, 0x7D,
  0x4E, 0x4E, 0x4E, 0x4E, 0x4E, 0x4E, 0x4E, 0x4E, 0x4E, 0x4E, 0x4E, 0x4E, 0x7D, 0x4E, 0x4E, 0x7D,
  0x7D, 0x7D, 0x7D, 0x7D, 0x7D, 0x4E, 0x4E, 0x4E, 0x4E, 0x4E, 0x4E, 0x4E, 0x4E, 0x4E, 0x7D, 0x63,
  0x73, 0x6C, 0x6F, 0x73, 0x80, 0x80, 0x80, 0x73, 0x73, 0xA5, 0xF7, 0x4E, 0x7D, 0x4E, 0x4E, 0xBD,
  0x4E, 0x7D, 0x7D, 0x7D, 0x7D, 0x7D, 0x7D, 0x4E, 0x7D, 0x7D, 0x7D, 0x4E, 0x7D, 0x4E, 0x4E, 0x4E,
  0x4E, 0x4E, 0x7D, 0x7D, 0x7D, 0x7D, 0x7D, 0x7D, 0x7D, 0x7D, 0x7D, 0x7D, 0x7D, 0x7D, 0x7D, 0x7D,
  0x4E, 0x4E, 0x4E, 0x4E, 0x4E, 0x7D, 0x7D, 0x4E, 0x7D, 0x7D, 0x7D, 0x4E, 0x4E, 0x4E, 0x7D, 0x4E,
  0x4E, 0x4E, 0x4E, 0x4E, 0x4E, 0x4E, 0x4E, 0x4E, 0x4E, 0x4E, 0x4E, 0x4E, 0x7D, 0x4E, 0x4E, 0x4E,
  0x4E, 0x7C, 0x7C, 0x4E, 0x7C, 0x4E, 0x4E, 0x7C, 0x7C, 0x4E, 0x4E, 0x92, 0x4E, 0xB5, 0xB5, 0xB5,
  0xF4, 0xF4, 0x77, 0x77, 0x73, 0x0A, 0x0A, 0x0A, 0xD7, 0xD7, 0xD7, 0xD3, 0xD3, 0xD3, 0xDD, 0x36,
  0x36, 0x1A, 0xD7, 0xE0, 0x1A, 0x1A, 0xC2, 0xD7, 0xBA, 0x18, 0x07, 0x07, 0x3F, 0x12, 0x12, 0x12,
  0x3F, 0x12, 0x12, 0x3F, 0x07, 0x1A, 0x07, 0x07, 0x39, 0x0A, 0x0A, 0xE0, 0x08, 0x08, 0x08, 0x08,
  0x3D, 0x0A, 0x0A, 0x3A, 0xD7, 0x6F, 0x73, 0xDC, 0x77, 0xF7, 0xF7, 0x75, 0xB5, 0x7C, 0x92, 0x7C,
  0x75, 0x75, 0x75, 0x75, 0x4E, 0x7D, 0x7D, 0x7D, 0x7D, 0x7D, 0x7D, 0x7D, 0x7D, 0x7D, 0x7D, 0x4E,
  0x4E, 0x4E, 0x4E, 0x7D, 0x7D, 0x7D, 0x7D, 0x7D, 0x7D, 0x7D, 0x7D, 0x7D, 0x7D, 0x7D, 0x92, 0x92,
  0x4E, 0x7D, 0x7D, 0x4E, 0x4E, 0x4E, 0x4E, 0x4E, 0x4E, 0x7D, 0x4E, 0x4E, 0x4E, 0x4E, 0x7D, 0x4E,
  0x4E, 0x4E, 0x4E, 0x4E, 0x4E, 0x4E, 0x4E, 0x4E, 0x4E, 0x4E, 0x4E, 0x4E, 0x4E, 0x4E, 0x4E, 0x7D,
  0x7D, 0x7D, 0x7D, 0x7D, 0x7D, 0x4E, 0x4E, 0x4E, 0x7D, 0x7D, 0x4E, 0x4E, 0x4F, 0x92, 0x73, 0x6C,
  0x77, 0x4E, 0xBB, 0xD0, 0xD0, 0xD0, 0xD0, 0xD0, 0xBB, 0x4E, 0xDC, 0x6D, 0x77, 0x7D, 0x4E, 0x4E,
  0x4E, 0x4E, 0x7D, 0x7D, 0x7D, 0x7D, 0x7D, 0x7D, 0x7D, 0x7D, 0x7D, 0x7D, 0x7D, 0x7D, 0x7D, 0x4E,
  0x4E, 0x4E, 0x4E, 0x7D, 0x7D, 0x7D, 0x7D, 0x7D, 0x7D, 0x7D, 0x7D, 0x7D, 0x7D, 0x7D, 0x92, 0x4E,
  0x4E, 0x7D, 0x7D, 0x4E, 0x4E, 0x4E, 0x4E, 0x4E, 0x7D, 0x7D, 0x4E, 0x4E, 0x4E, 0x4E, 0x7D, 0x4E,
  0x4E, 0x4E, 0x4E, 0x4E, 0x4E, 0x4E, 0x4E, 0x4E, 0x4E, 0x4E, 0x4E, 0x4E, 0x4E, 0x4E, 0x4E, 0x4E,
  0x4E, 0x4E, 0x4E, 0x4E, 0x92, 0x4E, 0x4E, 0x4E, 0x4E, 0x4E, 0x4E, 0x92, 0x92, 0xB5, 0xF4, 0xF4,
  0xF7, 0xF7, 0x80, 0xDC, 0x80, 0x73, 0x73, 0x50, 0x6F, 0x3A, 0x0A, 0x0A, 0x1A, 0xD7, 0x36, 0xDD,
  0xD3, 0xDD, 0xD7, 0xE0, 0x07, 0x0A, 0x08, 0x1A, 0x1A, 0x07, 0x07, 0x07, 0x3F, 0x12, 0x12, 0x12,
  0x0B, 0x12, 0x12, 0x3F, 0x07, 0x08, 0x1A, 0x1A, 0x9F, 0x4C, 0x0A, 0x0A, 0x08, 0xC2, 0xD7, 0xD7,
  0xB8, 0x0A, 0x3A, 0x6F, 0x73, 0x73, 0x80, 0xDC, 0x77, 0x77, 0x77, 0xF4, 0xF7, 0xF4, 0xF4, 0xF4,
  0x75, 0xB5, 0x7E, 0x75, 0x4E, 0x7D, 0x7D, 0x7D, 0x4E, 0x7D, 0x7D, 0x7D, 0x7D, 0x7D, 0x7D, 0x4E,
  0x4E, 0x4E, 0x4E, 0x4E, 0x7D, 0x7D, 0x7D, 0x7D, 0x7D, 0x4E, 0x7D, 0x7D, 0x4E, 0x4E, 0x7D, 0x7D,
  0x7D, 0x7D, 0x7D, 0x4E, 0x4E, 0x4E, 0x4E, 0x7D, 0x7D, 0x4E, 0x4E, 0x4E, 0x4E, 0x4E, 0x4E, 0x4E,
  0x4E, 0x4E, 0x4E, 0x4E, 0x4E, 0x4E, 0x7D, 0x4E, 0x4E, 0x4E, 0x4E, 0x4E, 0x4E, 0x4E, 0x4E, 0x4E,
  0x4E, 0x4E, 0x7D, 0x4E, 0x7D, 0x4E, 0x4E, 0x4E, 0x4E, 0x4E, 0x4E, 0x7D, 0x45, 0x6D, 0x77, 0xBB,
  0xCC, 0xCC, 0xCD, 0xCD, 0xDE, 0xDE, 0xCD, 0xCC, 0xCC, 0xCC, 0xD0, 0x4E, 0x6F, 0x73, 0x4F, 0x4E,
  0x4E, 0x4E, 0x4E, 0x4E, 0x7D, 0x7D, 0x7D, 0x7D, 0x4E, 0x7D, 0x7D, 0x7D, 0x7D, 0x7D, 0x4E, 0x4E,
  0x4E, 0x4E, 0x4E, 0x4E, 0x7D, 0x7D, 0x7D, 0x7D, 0x4E, 0x4E, 0x7D, 0x4E, 0x4E, 0x7D, 0x7D, 0x7D,
  0x7D, 0x7D, 0x7D, 0x4E, 0x4E, 0x4E, 0x4E, 0x7D, 0x7D, 0x4E, 0x4E, 0x4E, 0x4E, 0x4E, 0x4E, 0x4E,
  0x4E, 0x4E, 0x4E, 0x4E, 0x4E, 0x4E, 0x7D, 0x4E, 0x4E, 0x4E, 0x4E, 0x4E, 0x4E, 0x4E, 0x4E, 0x4E,
  0x4E, 0x7D, 0x4E, 0x4E, 0x4E, 0x4E, 0x7E, 0x7C, 0x75, 0x75, 0x75, 0xF4, 0xF4, 0xF4, 0xF4, 0xF7,
  0x77, 0x77, 0x77, 0xDC, 0xDC, 0xDC, 0x80, 0x73, 0x73, 0x6F, 0x0A, 0x1A, 0x39, 0x0A, 0xC2, 0xE0,
  0xD7, 0xDD, 0xDD, 0xD7, 0x18, 0x08, 0xBA, 0x1A, 0x18, 0x07, 0x07, 0x08, 0x01, 0x12, 0x12, 0x12,
  0x0B, 0x12, 0x12, 0x3F, 0x08, 0x1A, 0x1A, 0x1A, 0x62, 0x4D, 0x0A, 0x61, 0x1A, 0xC2, 0xD7, 0xD7,
  0x0A, 0x6F, 0x6F, 0x73, 0x73, 0x80, 0xDC, 0x77, 0x77, 0xF4, 0x75, 0x75, 0x75, 0xF7, 0xF7, 0xF4,
  0xB5, 0x75, 0x7C, 0x75, 0x4E, 0x4E, 0x4E, 0x7D, 0x7D, 0x7D, 0x7D, 0x7D, 0x4E, 0x7D, 0x4E, 0x7D,
  0x7D, 0x4E, 0x7D, 0x7D, 0x7D, 0x4E, 0x7D, 0x7D, 0x7D, 0x7D, 0x7D, 0x4E, 0x4E, 0x4E, 0x4E, 0x4E,
  0x4E, 0x4E, 0x4E, 0x4E, 0x4E, 0x4E, 0x4E, 0x4E, 0x4E, 0x4E, 0x4E, 0x7D, 0x4E, 0x4E, 0x4E, 0x4E,
  0x4E, 0x4E, 0x4E, 0x4E, 0x4E, 0x4E, 0x4E, 0x4E, 0x4E, 0x4E, 0x4E, 0x4E, 0x4E, 0x4E, 0x4E, 0x4E,
  0x4E, 0x7D, 0x7D, 0x7D, 0x7D, 0x7D, 0x7D, 0x7D, 0x4E, 0x4E, 0x7D, 0x63, 0x6D, 0x7E, 0xCC, 0xCC,
  0xDE, 0xDE, 0xCD, 0xDE, 0xDE, 0xCC, 0xCC, 0xCC, 0xCC, 0xCD, 0xDE, 0xCC, 0xD0, 0x80, 0x1F, 0x4F,
  0x4E, 0xBD, 0x4E, 0x4E, 0x4E, 0x4E, 0x7D, 0x7D, 0x7D, 0x7D, 0x7D, 0x7D, 0x7D, 0x7D, 0x4E, 0x7D,
  0x4E, 0x4E, 0x7D, 0x7D, 0x7D, 0x4E, 0x7D, 0x7D, 0x7D, 0x7D, 0x7D, 0x4E, 0x4E, 0x4E, 0x4E, 0x4E,
  0x7D, 0x4E, 0x4E, 0x4E, 0x4E, 0x4E, 0x4E, 0x7D, 0x4E, 0x4E, 0x4E, 0x7D, 0x4E, 0x4E, 0x7D, 0x4E,
  0x4E, 0x4E, 0x4E, 0x4E, 0x4E, 0x4E, 0x4E, 0x4E, 0x4E, 0x4E, 0x4E, 0x4E, 0x4E, 0x4E, 0x4E, 0x4E,
  0x4E, 0x4E, 0x4E, 0x7C, 0x7C, 0x7C, 0x4E, 0xB5, 0xB5, 0x7C, 0x75, 0x75, 0x75, 0xF4, 0xF4, 0xF7,
  0xF7, 0xF4, 0x77, 0x77, 0x80, 0xDC, 0x80, 0x6F, 0x6F, 0xD7, 0xBA, 0xC2, 0xC2, 0x0A, 0x0A, 0x1A,
  0x18, 0x1A, 0xD7, 0xD7, 0x1A, 0x08, 0xE0, 0x18, 0x18, 0x1A, 0xBA, 0x08, 0x3F, 0x12, 0x12, 0x12,
  0x0B, 0x12, 0x12, 0x06, 0x08, 0xBA, 0xE1, 0xFA, 0xF4, 0x41, 0xFA, 0xBC, 0xB8, 0x3A, 0x3A, 0xD7,
  0xD7, 0xD7, 0x84, 0x6F, 0x50, 0xDC, 0xF7, 0xF7, 0xF7, 0xF4, 0xF4, 0x75, 0x92, 0xB5, 0x75, 0x75,
  0xB5, 0x75, 0x75, 0x75, 0x7C, 0x4E, 0x4E, 0x7D, 0x7D, 0x7D, 0x7D, 0x7D, 0x7D, 0x7D, 0x7D, 0xBD,
  0x4E, 0x7D, 0x7D, 0x4E, 0x4E, 0x4E, 0x4E, 0x4E, 0x4E, 0x4E, 0x7D, 0x4E, 0x4E, 0x4E, 0x4E, 0x4E,
  0x4E, 0x4E, 0x4E, 0x4E, 0x7D, 0x7D, 0x4E, 0x7D, 0x7D, 0x7D, 0x4E, 0x4E, 0x4E, 0x4E, 0x4E, 0x4E,
  0x4E, 0x4E, 0x4E, 0x4E, 0x4E, 0x4E, 0x4E, 0x4E, 0x4E, 0x7D, 0x7D, 0x7D, 0x7D, 0x7D, 0x7D, 0x7D,
  0x7D, 0x7D, 0x7D, 0x7D, 0x7D, 0x7D, 0x7D, 0x7D, 0x7D, 0xCB, 0x92, 0x6D, 0x4E, 0xD0, 0xDE, 0xDE,
  0xDE, 0xDE, 0xDE, 0xDE, 0xCC, 0xCC, 0xCC, 0xCC, 0xCC, 0xCC, 0xCC, 0xDE, 0xCD, 0xD0, 0xDC, 0x73,
  0x7D, 0x4E, 0x4E, 0x4E, 0x4E, 0x4E, 0x4E, 0x7D, 0x7D, 0x7D, 0x7D, 0x7D, 0x7D, 0x7D, 0x7D, 0xBD,
  0x4E, 0x7D, 0x7D, 0x4E, 0x4E, 0x4E, 0x4E, 0x4E, 0x4E, 0x4E, 0x4E, 0x4E, 0x4E, 0x4E, 0x4E, 0x4E,
  0x4E, 0x4E, 0x4E, 0x4E, 0x7D, 0x7D, 0x4E, 0x7D, 0x7D, 0x7D, 0x4E, 0x4E, 0x4E, 0x4E, 0x4E, 0x4E,
  0x4E, 0x4E, 0x4E, 0x4E, 0x4E, 0x4E, 0x4E, 0x4E, 0x4E, 0x7D, 0x7D, 0x7D, 0x4E, 0x4E, 0x4E, 0x4E,
  0x4E, 0x4E, 0x4E, 0x4E, 0x4E, 0x4E, 0x4E, 0x7C, 0x4E, 0x7C, 0x7C, 0x7C, 0x75, 0x75, 0x75, 0xB5,
  0xB5, 0x75, 0xF7, 0xF7, 0x77, 0x80, 0x73, 0xD7, 0xDD, 0xE2, 0x36, 0x3D, 0x52, 0xE0, 0xD7, 0x0A,
  0x07, 0x39, 0x39, 0xE0, 0xC2, 0xE0, 0x08, 0x07, 0x18, 0xE0, 0x3D, 0x08, 0x3F, 0x12, 0x12, 0x12,
  0x0B, 0x12, 0x12, 0x9C, 0x07, 0x3D, 0x4C, 0x74, 0xF6, 0xF6, 0x4E, 0xFE, 0xE1, 0x39, 0xD7, 0x36,
  0x36, 0xE2, 0xE2, 0xD7, 0x84, 0x84, 0xA5, 0x77, 0xF7, 0xF4, 0x75, 0xB5, 0x7C, 0x75, 0x75, 0xB5,
  0x75, 0x21, 0xF4, 0xF4, 0x7C, 0x4E, 0x4E, 0x4E, 0x4E, 0x4E, 0x4E, 0x4E, 0x7D, 0x4E, 0x7D, 0x7D,
  0x7D, 0x4E, 0x4E, 0x7D, 0x7D, 0x7D, 0x4E, 0x4E, 0x4E, 0x4E, 0x4E, 0x4E, 0x4E, 0x4E, 0x4E, 0x4E,
  0x4E, 0x4E, 0x4E, 0x7D, 0x7D, 0x7D, 0x4E, 0x7D, 0x4E, 0x4E, 0x4E, 0x4E, 0x4E, 0x4E, 0x4E, 0x4E,
  0x4E, 0x4E, 0x4E, 0x4E, 0x4E, 0x4E, 0x4E, 0x7C, 0x4E, 0x4E, 0x4E, 0x4E, 0x4E, 0x7E, 0x7C, 0x4E,
  0x4E, 0x4E, 0x4E, 0x4E, 0x4E, 0x4E, 0x7D, 0x4E, 0x4E, 0xCB, 0x80, 0x77, 0xBB, 0xCD, 0xCD, 0xDE,
  0xDE, 0xDE, 0xDE, 0xCD, 0xCD, 0xDE, 0xCD, 0xCD, 0xCD, 0xCD, 0xCD, 0xDE, 0xCD, 0xCD, 0xBB, 0x73,
  0xB5, 0x4E, 0x4E, 0x4E, 0x4E, 0x4E, 0x4E, 0x4E, 0x4E, 0x4E, 0x4E, 0x7D, 0x7D, 0x4E, 0x7D, 0x7D,
  0x7D, 0x4E, 0x4E, 0x7D, 0x7D, 0x7D, 0x4E, 0x4E, 0x4E, 0x4E, 0x4E, 0x4E, 0x4E, 0x4E, 0x4E, 0x4E,
  0x7D, 0x4E, 0x4E, 0x7D, 0x7D, 0x7D, 0x4E, 0x4E, 0x4E, 0x4E, 0x4E, 0x4E, 0x4E, 0x4E, 0x4E, 0x4E,
  0x4E, 0x4E, 0x4E, 0x4E, 0x4E, 0x4E, 0x4E, 0x7C, 0x4E, 0x4E, 0x7D, 0x7D, 0x4E, 0x4E, 0x4E, 0x4E,
  0x4E, 0x4E, 0x4E, 0x92, 0x92, 0x4E, 0x92, 0x7C, 0x7C, 0x7C, 0x7C, 0x7C, 0x75, 0x75, 0x92, 0x4E,
  0xB5, 0xF4, 0xF4, 0xF7, 0xF7, 0x80, 0xB8, 0xDD, 0xDD, 0xDD, 0x36, 0x51, 0x42, 0x23, 0x08, 0x11,
  0x07, 0x07, 0x05, 0x1A, 0xE0, 0x0A, 0x07, 0x07, 0x08, 0x52, 0xE0, 0x07, 0x3F, 0x12, 0x12, 0x12,
  0x0B, 0x12, 0x12, 0x3F, 0x07, 0x18, 0x0A, 0xD3, 0xFA, 0xFA, 0xF4, 0x20, 0x0A, 0x0A, 0xC2, 0xC2,
  0xE2, 0xE2, 0xDD, 0xD3, 0xED, 0xD7, 0x84, 0x77, 0xF4, 0xF4, 0xB5, 0x75, 0x7E, 0x75, 0x7C, 0x7E,
  0xB5, 0x75, 0xF4, 0xF4, 0x92, 0x4E, 0x4E, 0x4E, 0x4E, 0x4E, 0x4E, 0x4E, 0x7D, 0x7D, 0x4E, 0xBD,
  0x7D, 0x4E, 0x4E, 0x4E, 0x7D, 0x7D, 0x7D, 0x7D, 0x7D, 0x7D, 0x7D, 0x4E, 0x4E, 0x4E, 0x4E, 0x4E,
  0x4E, 0x7D, 0x7D, 0x7D, 0x7D, 0x7D, 0x7D, 0x7D, 0x4E, 0x4E, 0x4E, 0x4E, 0x4E, 0x4E, 0x7D, 0x7D,
  0x4E, 0x4E, 0x4E, 0x4E, 0x4E, 0x4E, 0x4E, 0x4E, 0x4E, 0x4E, 0xD3, 0xD3, 0xED, 0x84, 0xA5, 0x77,
  0xF4, 0xF4, 0xF4, 0x75, 0x7E, 0x75, 0x7C, 0x75, 0xB5, 0x75, 0xF4, 0xB5, 0x7C, 0x4E, 0x4E, 0x4E,
  0x4E, 0x4E, 0x4E, 0x4E, 0x7D, 0x4E, 0x4E, 0xBD, 0x7D, 0x4E, 0x4E, 0x4E, 0x7D, 0x7D, 0x7D, 0x7D,
  0x4E, 0x7D, 0x7D, 0x4E, 0x4E, 0x4E, 0x4E, 0x4E, 0x4E, 0x7D, 0x7D, 0x7D, 0x7D, 0x7D, 0x7D, 0x7D,
  0x4E, 0x4E, 0x4E, 0x7D, 0x7D, 0x7D, 0x7D, 0x7D, 0x7D, 0x7D, 0x7D, 0x4E, 0x4E, 0x4E, 0x4E, 0x4E,
  0x4E, 0x7D, 0x7D, 0x7D, 0x7D, 0x7D, 0x7D, 0x7D, 0x4E, 0x4E, 0x4E, 0x4E, 0x4E, 0x4E, 0x7D, 0x7D,
  0x4E, 0x4E, 0x4E, 0x4E, 0x4E, 0x4E, 0x4E, 0x4E, 0x4E, 0x4E, 0x4E, 0x4E, 0x4E, 0x4E, 0x4E, 0x4E,
  0x4E, 0x4E, 0x4E, 0x7C, 0x7C, 0x92, 0x7C, 0x4E, 0x4E, 0x7C, 0x7C, 0x7C, 0x7E, 0xB5, 0x75, 0xF4,
  0x21, 0x21, 0xF4, 0xF7, 0xDC, 0xE2, 0xD3, 0x38, 0xD3, 0xDD, 0x36, 0x2D, 0x26, 0x8D, 0x3F, 0x3F,
  0x07, 0x18, 0x05, 0x1A, 0xE0, 0x18, 0x07, 0x18, 0xC2, 0xE0, 0x18, 0x05, 0x3F, 0x12, 0x12, 0x12,
  0x0B, 0x12, 0x12, 0x3F, 0x07, 0x1A, 0x1A, 0x4C, 0xFA, 0xB8, 0x34, 0xBA, 0x1A, 0xE0, 0x1A, 0xC2,
  0xC2, 0xD7, 0xD3, 0xC8, 0xC8, 0xDD, 0xD3, 0xDC, 0xF7, 0xF4, 0xF4, 0x75, 0x75, 0x7E, 0x92, 0x7C,
  0x7C, 0x75, 0x75, 0xF4, 0x92, 0x7D, 0x4E, 0x4E, 0x4E, 0x4E, 0x7D, 0x4E, 0x4E, 0x4E, 0x7D, 0x4E,
  0x7D, 0x7D, 0x4E, 0x4E, 0x7D, 0x7D, 0x7D, 0x7D, 0x7D, 0x7D, 0x7D, 0x4E, 0x4E, 0x7D, 0x7D, 0x7D,
  0x7D, 0x7D, 0x4E, 0x4E, 0x7D, 0x7D, 0x7D, 0x7D, 0x4E, 0x4E, 0x4E, 0x4E, 0x4E, 0x4E, 0x7D, 0x7D,
  0x4E, 0x4E, 0x4E, 0x4E, 0x4E, 0x4E, 0x7D, 0x4E, 0x4E, 0x4E, 0xC8, 0xC8, 0xC8, 0xDD, 0xD3, 0x77,
  0xF4, 0xB5, 0xF4, 0x75, 0x75, 0x7C, 0x7C, 0x7C, 0x7C, 0x75, 0x75, 0xF4, 0x4E, 0x7D, 0x4E, 0x4E,
  0x4E, 0x4E, 0x7D, 0x4E, 0x4E, 0x4E, 0x7D, 0x4E, 0x7D, 0x7D, 0x4E, 0x7D, 0x7D, 0x7D, 0x7D, 0x7D,
  0x7D, 0x7D, 0x7D, 0x4E, 0x4E, 0x7D, 0x7D, 0x7D, 0x7D, 0x7D, 0x4E, 0x4E, 0x7D, 0x7D, 0x7D, 0x7D,
  0x4E, 0x4E, 0x4E, 0x7D, 0x7D, 0x7D, 0x7D, 0x7D, 0x7D, 0x7D, 0x7D, 0x4E, 0x4E, 0x7D, 0x7D, 0x7D,
  0x4E, 0x7D, 0x4E, 0x4E, 0x7D, 0x7D, 0x7D, 0x7D, 0x4E, 0x4E, 0x4E, 0x4E, 0x4E, 0x4E, 0x7D, 0x7D,
  0x4E, 0x4E, 0x4E, 0x4E, 0x4E, 0x4E, 0x7D, 0x4E, 0x4E, 0x4E, 0x4E, 0x4E, 0x4E, 0x4E, 0x4E, 0x4E,
  0x4E, 0x4E, 0x4E, 0x7C, 0x7C, 0x4E, 0x4E, 0x4E, 0x4E, 0x7C, 0x4E, 0x7C, 0x7C, 0xB5, 0xF4, 0xF7,
  0xF7, 0x77, 0xF7, 0xF7, 0xA5, 0xDD, 0xDD, 0xD7, 0xD7, 0xBA, 0x23, 0x12, 0xB2, 0x8A, 0x2D, 0x2D,
  0x07, 0x07, 0x07, 0x1A, 0xE0, 0x18, 0x05, 0x07, 0xE0, 0x1A, 0x18, 0x07, 0x3F, 0x12, 0x12, 0x12,
  0x0B, 0x12, 0x12, 0x3F, 0xE0, 0xD7, 0xD7, 0x1B, 0x0A, 0x39, 0x9F, 0xBA, 0x1A, 0xC2, 0x0A, 0xC2,
  0x36, 0xD7, 0xD7, 0xDD, 0xDD, 0xDD, 0xD3, 0xA5, 0x80, 0xF7, 0x77, 0x21, 0x75, 0x7C, 0x7E, 0xB5,
  0xB5, 0xB5, 0x75, 0x7C, 0x4E, 0x4E, 0x4E, 0x92, 0x4E, 0x4E, 0x7D, 0x4E, 0x4E, 0x4E, 0x4E, 0x4E,
  0x7D, 0x4E, 0x4E, 0x7D, 0x7D, 0x4E, 0x7D, 0x4E, 0x4E, 0x7D, 0x4E, 0x4E, 0x4E, 0x4E, 0x7D, 0x7D,
  0x7D, 0x7D, 0x7D, 0x7D, 0x4E, 0x4E, 0x4E, 0x4E, 0x4E, 0x4E, 0x4E, 0x4E, 0x4E, 0x4E, 0x4E, 0x7D,
  0x4E, 0x4E, 0x4E, 0x4E, 0x4E, 0x4E, 0x7D, 0x4E, 0x4E, 0x4E, 0xB8, 0x36, 0xDD, 0xDD, 0xD3, 0xA5,
  0xDC, 0xF7, 0x77, 0x21, 0x75, 0x7C, 0x7E, 0x7C, 0xB5, 0xB5, 0x75, 0x92, 0x4E, 0x4E, 0x4E, 0x92,
  0x4E, 0x4E, 0x7D, 0x4E, 0x4E, 0x4E, 0x4E, 0x4E, 0x7D, 0x4E, 0x4E, 0x7D, 0x7D, 0x4E, 0x4E, 0x4E,
  0x4E, 0x7D, 0x4E, 0x4E, 0x4E, 0x4E, 0x7D, 0x7D, 0x7D, 0x7D, 0x4E, 0x7D, 0x4E, 0x4E, 0x4E, 0x4E,
  0x4E, 0x4E, 0x4E, 0x7D, 0x7D, 0x4E, 0x4E, 0x4E, 0x4E, 0x7D, 0x4E, 0x4E, 0x4E, 0x4E, 0x7D, 0x7D,
  0x7D, 0x7D, 0x7D, 0x7D, 0x4E, 0x4E, 0x4E, 0x4E, 0x4E, 0x4E, 0x4E, 0x4E, 0x4E, 0x4E, 0x4E, 0x7D,
  0x4E, 0x4E, 0x4E, 0x4E, 0x4E, 0x4E, 0x7D, 0x4E, 0x4E, 0x4E, 0x4E, 0x4E, 0x4E, 0x4E, 0x4E, 0xB5,
  0x92, 0x92, 0x92, 0x4E, 0x4E, 0x4E, 0x4E, 0x4E, 0x92, 0x7C, 0x7C, 0x7C, 0x7C, 0x92, 0xB5, 0xB5,
  0x75, 0x75, 0xF4, 0xFA, 0xB8, 0x36, 0xC2, 0x36, 0xBA, 0x12, 0x46, 0x2D, 0xE1, 0x22, 0x10, 0x01,
  0x07, 0x1A, 0x08, 0x1A, 0xE0, 0x07, 0x05, 0x05, 0x18, 0x08, 0x52, 0x08, 0x3F, 0x12, 0x12, 0x12,
  0x0B, 0x12, 0x12, 0x3F, 0xE0, 0x36, 0xBA, 0x1A, 0x39, 0x0A, 0x61, 0x11, 0x1A, 0xC2, 0xD4, 0xC8,
  0xF9, 0xDD, 0xC2, 0xC2, 0xD4, 0xD7, 0xB8, 0xA5, 0xA5, 0x77, 0xDC, 0xF7, 0xB5, 0xF4, 0xF7, 0x75,
  0xB5, 0xB5, 0x75, 0x7C, 0x4E, 0x4E, 0x4E, 0x4E, 0x4E, 0x4E, 0x4E, 0x7D, 0x4E, 0x4E, 0x4E, 0x4E,
  0x7D, 0x4E, 0x4E, 0x7D, 0x4E, 0x4E, 0x4E, 0x4E, 0x4E, 0x4E, 0x4E, 0x7D, 0x4E, 0x4E, 0x4E, 0x4E,
  0x7D, 0x4E, 0x4E, 0x4E, 0x4E, 0x4E, 0x4E, 0x4E, 0x4E, 0x4E, 0x4E, 0x4E, 0x4E, 0x4E, 0x4E, 0x4E,
  0x4E, 0x4E, 0x4E, 0x4E, 0x4E, 0x4E, 0x4E, 0x4E, 0x4E, 0x4E, 0xD7, 0x3A, 0xD4, 0xD7, 0xA5, 0xA5,
  0xA5, 0x77, 0xDC, 0x21, 0xB5, 0x21, 0x21, 0x75, 0xB5, 0xB5, 0xB5, 0x7C, 0x92, 0x4E, 0x4E, 0x4E,
  0x4E, 0x4E, 0x4E, 0x7D, 0x4E, 0x4E, 0x4E, 0x4E, 0x7D, 0x4E, 0x4E, 0x7D, 0x4E, 0x4E, 0x4E, 0x4E,
  0x4E, 0x4E, 0x4E, 0x7D, 0x4E, 0x4E, 0x4E, 0x4E, 0x7D, 0x4E, 0x4E, 0x4E, 0x4E, 0x4E, 0x4E, 0x4E,
  0x4E, 0x4E, 0x4E, 0x7D, 0x4E, 0x4E, 0x4E, 0x4E, 0x4E, 0x4E, 0x4E, 0x7D, 0x4E, 0x4E, 0x4E, 0x4E,
  0x7D, 0x4E, 0x4E, 0x4E, 0x4E, 0x4E, 0x4E, 0x4E, 0x4E, 0x4E, 0x4E, 0x4E, 0x4E, 0x4E, 0x4E, 0x4E,
  0x4E, 0x4E, 0x4E, 0x4E, 0x4E, 0x4E, 0x4E, 0x4E, 0x4E, 0x4E, 0x4E, 0x4E, 0x4E, 0x4E, 0xB5, 0x92,
  0x4F, 0x4F, 0xB5, 0xB5, 0x7C, 0x7C, 0x7E, 0x75, 0x7E, 0x75, 0x75, 0x75, 0x7C, 0xB5, 0xB5, 0xB5,
  0x7C, 0x75, 0xF4, 0xDC, 0xD7, 0xD7, 0xDD, 0xDD, 0x36, 0x0B, 0x0F, 0x0F, 0x53, 0x51, 0x10, 0x01,
  0x08, 0xE0, 0xE0, 0x1A, 0x1A, 0x08, 0x05, 0x18, 0x08, 0xE0, 0x08, 0x08, 0x3F, 0x12, 0x12, 0x12,
  0x0B, 0x12, 0x12, 0x06, 0x1A, 0xC2, 0xC2, 0xE0, 0xC2, 0x36, 0xE0, 0x1A, 0x1A, 0x85, 0xC8, 0xE8,
  0xE8, 0xC8, 0xDD, 0xD3, 0xB8, 0xD7, 0xDC, 0xF4, 0xDC, 0xA5, 0x77, 0x77, 0xF4, 0xF7, 0xF7, 0x21,
  0xB5, 0x7E, 0x75, 0x75, 0x73, 0xB5, 0x4E, 0x4E, 0x4E, 0x4E, 0x7D, 0x7D, 0x7D, 0x7D, 0x4E, 0x7D,
  0x7D, 0x4E, 0x4E, 0x7D, 0x7D, 0x4E, 0x4E, 0x4E, 0x4E, 0x4E, 0x7D, 0x4E, 0x4E, 0x4E, 0x4E, 0x4E,
  0x4E, 0x4E, 0x4E, 0x7C, 0x4E, 0x4E, 0x4E, 0x7D, 0x7D, 0x4E, 0x4E, 0x4E, 0x4E, 0x4E, 0x4E, 0x4E,
  0x4E, 0x4E, 0x4E, 0x4E, 0x4E, 0x4E, 0x4E, 0x4E, 0x4E, 0x7C, 0xD3, 0xD3, 0xD7, 0xD7, 0xDC, 0xF4,
  0xDC, 0xA5, 0x77, 0x77, 0xF4, 0xF7, 0xF7, 0x21, 0xB5, 0x7E, 0x75, 0x75, 0x73, 0x92, 0xCB, 0x4E,
  0x4E, 0x4E, 0x7D, 0x7D, 0x7D, 0x7D, 0x4E, 0x7D, 0x7D, 0x4E, 0x4E, 0x7D, 0x7D, 0x4E, 0x4E, 0x4E,
  0x4E, 0x7D, 0x7D, 0x4E, 0x4E, 0x4E, 0x4E, 0x4E, 0x4E, 0x4E, 0x7C, 0x7C, 0x4E, 0x4E, 0x4E, 0x7D,
  0x7D, 0x4E, 0x4E, 0x7D, 0x7D, 0x4E, 0x4E, 0x4E, 0x4E, 0x7D, 0x7D, 0x4E, 0x4E, 0x4E, 0x4E, 0x4E,
  0x4E, 0x4E, 0x7C, 0x7C, 0x4E, 0x4E, 0x4E, 0x7D, 0x4E, 0x4E, 0x4E, 0x4E, 0x4E, 0x4E, 0x4E, 0x4E,
  0x4E, 0x4E, 0x4E, 0x4E, 0x4E, 0x4E, 0x4E, 0x4E, 0x4E, 0x4E, 0x4E, 0x4E, 0x7C, 0x21, 0x92, 0xE7,
  0xBE, 0x4F, 0x4F, 0xB5, 0x75, 0x7C, 0xB5, 0xB5, 0x7C, 0x7C, 0x7C, 0x7C, 0x4E, 0x75, 0xF4, 0xB5,
  0xB5, 0x75, 0xF4, 0x6F, 0x0A, 0x0A, 0x0A, 0xC2, 0xC2, 0x08, 0x0B, 0x46, 0x24, 0x0B, 0x2D, 0x14,
  0x52, 0x36, 0xC2, 0x08, 0x05, 0x08, 0x18, 0xE0, 0xE0, 0x08, 0x1A, 0x07, 0x3F, 0x12, 0x12, 0x12,
  0x3F, 0x01, 0x12, 0x9C, 0x1A, 0x1A, 0xE0, 0xC2, 0xC2, 0xBA, 0x1A, 0x39, 0xC2, 0xC8, 0xC8, 0x40,
  0xC8, 0xDD, 0xD4, 0xD7, 0xD7, 0xD7, 0x80, 0xF7, 0xF4, 0x77, 0x75, 0xB5, 0xF4, 0x75, 0x75, 0x21,
  0x75, 0x75, 0xB5, 0x75, 0x77, 0x6E, 0x4F, 0x4E, 0x7D, 0x4E, 0x7D, 0x4E, 0x7D, 0xBD, 0x7D, 0x7D,
  0x4E, 0x4E, 0x7D, 0x7D, 0x4E, 0x4E, 0x4E, 0x4E, 0x4E, 0x4E, 0x4E, 0x4E, 0x4E, 0x4E, 0x7C, 0x4E,
  0x7C, 0x4E, 0x7C, 0x4E, 0x7C, 0x4E, 0x92, 0x4E, 0x4E, 0x4E, 0x4E, 0x4E, 0x4E, 0x92, 0x7C, 0x4E,
  0x4E, 0x4E, 0x4E, 0x4E, 0x4E, 0x4E, 0x4E, 0x4E, 0x4E, 0x7C, 0xD7, 0xD7, 0xD7, 0xD7, 0xDC, 0xF4,
  0xF4, 0x77, 0x7E, 0xB5, 0xF4, 0xB5, 0x75, 0x21, 0x75, 0x75, 0xB5, 0x7C, 0x80, 0x73, 0x7D, 0x4E,
  0x7D, 0x4E, 0x7D, 0x4E, 0x7D, 0xBD, 0x7D, 0x7D, 0x4E, 0x4E, 0x7D, 0x7D, 0x4E, 0x4E, 0x4E, 0x4E,
  0x4E, 0x4E, 0x4E, 0x4E, 0x4E, 0x4E, 0x7C, 0x4E, 0x4E, 0x4E, 0x4E, 0x4E, 0x4E, 0x4E, 0x92, 0x4E,
  0x4E, 0x7C, 0x4E, 0x7D, 0x4E, 0x4E, 0x4E, 0x4E, 0x4E, 0x4E, 0x4E, 0x4E, 0x4E, 0x4E, 0x7C, 0x4E,
  0x4E, 0x7C, 0x4E, 0x4E, 0x4E, 0x4E, 0x92, 0x4E, 0x4E, 0x7C, 0x4E, 0x4E, 0x4E, 0x92, 0x7C, 0x4E,
  0x4E, 0x4E, 0x4E, 0x7C, 0x4E, 0x4E, 0x4E, 0x4E, 0x4E, 0x7C, 0x7C, 0x7C, 0x75, 0xF4, 0xF4, 0xB5,
  0x92, 0xB5, 0xF4, 0xF7, 0xF4, 0x7C, 0x7C, 0x4E, 0xB5, 0xB5, 0x7C, 0x4E, 0x4E, 0x75, 0xB5, 0xF4,
  0xF4, 0xF4, 0x77, 0x80, 0x80, 0x73, 0x73, 0x6F, 0xD7, 0x0A, 0x0B, 0x2D, 0x8A, 0x08, 0x06, 0x08,
  0xE0, 0xE0, 0xE0, 0x39, 0x05, 0x07, 0x1A, 0xE0, 0x08, 0x07, 0x05, 0x05, 0x3F, 0x12, 0x12, 0x12,
  0x3F, 0x12, 0x12, 0x3F, 0xE0, 0xC2, 0xE0, 0xC2, 0xC2, 0xBA, 0x1A, 0xC2, 0xD3, 0xDD, 0x38, 0x41,
  0xD3, 0xC2, 0xC2, 0xC2, 0xD7, 0xD7, 0x80, 0xDC, 0xF7, 0x75, 0x7E, 0xB5, 0xB5, 0xB5, 0xB5, 0x75,
  0xB5, 0x75, 0x75, 0x75, 0x7D, 0x73, 0x74, 0x7D, 0x4E, 0x4E, 0x4E, 0x4E, 0x4E, 0x4E, 0x7D, 0x7D,
  0x4E, 0x4E, 0x7D, 0x7D, 0x7D, 0x7D, 0x7D, 0x4E, 0x4E, 0x4E, 0x4E, 0x4E, 0x4E, 0x7C, 0x7C, 0x4E,
  0x4E, 0x4E, 0x4E, 0x4E, 0x4E, 0x4E, 0x4E, 0x4E, 0x4E, 0x7C, 0x4E, 0x4E, 0x7C, 0x7C, 0x7C, 0x4E,
  0x4E, 0x4E, 0x4E, 0x4E, 0xBD, 0x4E, 0x7C, 0x4E, 0x4E, 0x4E, 0xD7, 0x0A, 0xD7, 0x73, 0x80, 0xDC,
  0x21, 0x75, 0xB5, 0xB5, 0xB5, 0xB5, 0x75, 0x75, 0xB5, 0x75, 0x75, 0x75, 0x7D, 0x6F, 0xB5, 0x7D,
  0x4E, 0x4E, 0x4E, 0x4E, 0x4E, 0x4E, 0x7D, 0x7D, 0x4E, 0x4E, 0x7D, 0x7D, 0x7D, 0x7D, 0xBD, 0x4E,
  0x4E, 0x4E, 0x4E, 0x4E, 0x4E, 0x7C, 0x7C, 0x4E, 0x4E, 0x4E, 0x4E, 0x4E, 0x4E, 0x4E, 0x4E, 0x4E,
  0x4E, 0x7C, 0x4E, 0x7D, 0x7D, 0x7D, 0xBD, 0x4E, 0x4E, 0x4E, 0x4E, 0x4E, 0x4E, 0x7C, 0x7C, 0x4E,
  0x4E, 0x4E, 0x4E, 0x4E, 0x4E, 0x4E, 0x4E, 0x4E, 0x4E, 0x7C, 0x4E, 0x4E, 0x7C, 0x7C, 0x7C, 0x4E,
  0x4E, 0x4E, 0x4E, 0x4E, 0xBD, 0x4E, 0x7C, 0x4E, 0x4E, 0x4E, 0x4E, 0x92, 0x7C, 0x7C, 0x75, 0xF4,
  0x21, 0x21, 0x21, 0x21, 0xF4, 0x7C, 0x7C, 0x75, 0x75, 0x7C, 0x7C, 0x4E, 0x4E, 0x75, 0xF4, 0xF7,
  0x77, 0x77, 0x80, 0x80, 0x80, 0x73, 0x73, 0x6F, 0x6F, 0x0A, 0x11, 0x06, 0x07, 0xE0, 0xE0, 0x1A,
  0x1A, 0x18, 0x1A, 0x1A, 0x1A, 0x1A, 0xE0, 0xE0, 0x1A, 0x18, 0x05, 0x05, 0x3F, 0x12, 0x12, 0x12,
  0x0B, 0x12, 0x12, 0x3F, 0x36, 0xDD, 0xC2, 0x1A, 0x0A, 0xD7, 0x1A, 0xC8, 0xC8, 0xC2, 0xB8, 0x3D,
  0x0A, 0x0A, 0x0A, 0x3A, 0xD7, 0xB8, 0x6F, 0x84, 0xDC, 0xF4, 0xF7, 0xF7, 0xF7, 0xF4, 0xF7, 0x77,
  0xF4, 0x75, 0x75, 0x75, 0x7D, 0xB5, 0x50, 0x7D, 0x4E, 0x4E, 0x4E, 0x4E, 0x4E, 0x4E, 0x4E, 0x4E,
  0x4E, 0xBD, 0xBD, 0x4E, 0x7C, 0x4E, 0x4E, 0x7C, 0x7C, 0x7C, 0x7C, 0x4E, 0x4E, 0x4E, 0x7C, 0x7C,
  0x7C, 0x7C, 0x4E, 0x4E, 0x4E, 0x4E, 0x4E, 0x4E, 0x7C, 0x7C, 0x7C, 0x7E, 0x7E, 0x7C, 0x7C, 0x7C,
  0x4E, 0x4E, 0x4E, 0x7C, 0x7C, 0x4E, 0x7C, 0x4E, 0x4E, 0xB5, 0xD7, 0xC2, 0xD7, 0x73, 0x6F, 0x6F,
  0xDC, 0xF4, 0xF7, 0xF7, 0xF7, 0xF4, 0xF7, 0x77, 0xF4, 0x75, 0x75, 0x75, 0xCD, 0xF7, 0x20, 0x7D,
  0x4E, 0x4E, 0x4E, 0x4E, 0x4E, 0x4E, 0x4E, 0x4E, 0x4E, 0xBD, 0xBD, 0x4E, 0x4E, 0x4E, 0x4E, 0x7C,
  0x7C, 0x7C, 0x4E, 0x4E, 0x7C, 0x4E, 0x7C, 0x7C, 0x7C, 0x7C, 0x4E, 0x4E, 0x4E, 0x4E, 0x4E, 0x4E,
  0x7C, 0x7C, 0x7C, 0x4E, 0x4E, 0xBD, 0x4E, 0x7C, 0x7C, 0x7C, 0x4E, 0x4E, 0x7C, 0x4E, 0x7C, 0x7C,
  0x7C, 0x7C, 0x4E, 0x4E, 0x4E, 0x4E, 0x4E, 0x4E, 0x7C, 0x7C, 0x7E, 0x7E, 0x7C, 0x7C, 0x7C, 0x7C,
  0x4E, 0x4E, 0x4E, 0x7C, 0x4E, 0x4E, 0x7C, 0x4E, 0x4E, 0xB5, 0x4E, 0x7C, 0x7C, 0x7C, 0x7C, 0x7C,
  0x7C, 0x7C, 0x7C, 0x7C, 0x7C, 0x7E, 0x7C, 0x75, 0x75, 0xB5, 0x75, 0x21, 0x21, 0xF4, 0xF7, 0x77,
  0x77, 0x80, 0x80, 0x80, 0x80, 0x80, 0x73, 0x73, 0x6F, 0x0A, 0x0A, 0x0A, 0x1A, 0x1A, 0xD7, 0x1A,
  0x18, 0x07, 0xBA, 0xBA, 0xE0, 0xE0, 0xE0, 0x08, 0x18, 0x07, 0x07, 0x05, 0x3F, 0x12, 0x12, 0x12,
  0x0B, 0x12, 0x12, 0x3F, 0x36, 0xDD, 0x36, 0x39, 0x0A, 0xC2, 0x36, 0xC8, 0xDD, 0xC2, 0x1A, 0x1A,
  0xC2, 0xD7, 0xD7, 0xD7, 0xD4, 0xD7, 0x6F, 0x73, 0xDC, 0x77, 0xF7, 0xF7, 0x77, 0x77, 0xF7, 0x21,
  0xF7, 0xF4, 0x75, 0x75, 0xBD, 0x92, 0x6E, 0x7D, 0x7D, 0x7D, 0x7D, 0x7D, 0x7D, 0x4E, 0x4E, 0x4E,
  0x4E, 0x7D, 0x4E, 0x4E, 0x4E, 0x4E, 0x4E, 0x4E, 0x4E, 0x4E, 0x4E, 0x4E, 0x4E, 0x4E, 0x7C, 0x7C,
  0x7C, 0x7C, 0x7C, 0x7E, 0x7C, 0x7C, 0x7C, 0x7C, 0x7C, 0x7C, 0x7C, 0x7C, 0x7C, 0x7E, 0x7C, 0x7C,
  0x4E, 0x7C, 0x7C, 0x7C, 0x7C, 0x4E, 0x4E, 0x4E, 0x4E, 0x7C, 0xB8, 0xD7, 0xD4, 0xD7, 0x6F, 0x73,
  0x77, 0x77, 0xF7, 0xF7, 0x77, 0xF7, 0xF7, 0x21, 0x21, 0x75, 0x75, 0x75, 0xCD, 0xB5, 0x73, 0x7D,
  0x7D, 0x7D, 0x7D, 0x7D, 0x7D, 0x4E, 0x4E, 0x4E, 0x4E, 0x7D, 0x4E, 0x4E, 0x4E, 0x4E, 0x4E, 0x4E,
  0x4E, 0x4E, 0xBD, 0x4E, 0x7C, 0x4E, 0x7C, 0x7C, 0x7C, 0x7C, 0x7C, 0x7E, 0x7C, 0x7C, 0x7C, 0x7C,
  0x7C, 0x7C, 0x7C, 0x4E, 0x4E, 0x4E, 0x4E, 0x4E, 0x4E, 0x4E, 0xBD, 0x4E, 0x7C, 0x4E, 0x7C, 0x7C,
  0x7C, 0x7C, 0x7C, 0x7E, 0x7C, 0x7C, 0x7C, 0x7C, 0x7C, 0x7C, 0x7C, 0x7C, 0x7C, 0x7E, 0x7C, 0x7C,
  0x4E, 0x7C, 0x7C, 0x7C, 0x7C, 0x7C, 0x4E, 0x4E, 0x7C, 0x7C, 0x7C, 0x7C, 0x7C, 0x4E, 0x7C, 0x7C,
  0x7C, 0x7C, 0x92, 0x7C, 0x7E, 0x7E, 0xB5, 0xB5, 0xB5, 0xB5, 0xB5, 0xB5, 0xF4, 0xB5, 0xF4, 0xF4,
  0xF7, 0xF7, 0xDC, 0x80, 0x80, 0x73, 0x73, 0x73, 0x73, 0x0A, 0x0A, 0xC2, 0xE0, 0x08, 0xBA, 0x1A,
  0x1A, 0xBA, 0x1B, 0x3D, 0xE0, 0xE0, 0xE0, 0x18, 0x05, 0x07, 0x08, 0x07, 0x3F, 0x12, 0x12, 0x12,
  0x0B, 0x12, 0x12, 0x06, 0x08, 0xC2, 0xC2, 0xC2, 0x1A, 0xE0, 0x08, 0xC2, 0x36, 0x1A, 0x1A, 0x1A,
  0xC2, 0xC2, 0xB8, 0xFA, 0xD3, 0xD7, 0xD7, 0xA5, 0xDC, 0xF4, 0xF7, 0xF7, 0xF4, 0xF4, 0xF4, 0xB5,
  0xF4, 0x75, 0x75, 0x75, 0xBD, 0xB5, 0x6E, 0x7D, 0x4E, 0x4E, 0xBD, 0x4E, 0x4E, 0x4E, 0x7C, 0x4E,
  0x7C, 0x4E, 0x4E, 0x4E, 0x4E, 0x4E, 0x4E, 0x4E, 0x4E, 0x4E, 0x4E, 0x7C, 0x4E, 0x4E, 0x4E, 0x7C,
  0x4E, 0x4E, 0x7C, 0x7C, 0x7C, 0x7C, 0x7C, 0x7C, 0x7C, 0x7C, 0x7C, 0x7C, 0x7C, 0x7C, 0x7C, 0x7E,
  0x7C, 0x7C, 0x7C, 0x7C, 0x7C, 0x7C, 0x7C, 0x7C, 0x7C, 0x7E, 0xD3, 0xD3, 0xB8, 0xD7, 0xD7, 0xA5,
  0x77, 0xF4, 0xF7, 0xF7, 0xF4, 0xF4, 0xB5, 0x75, 0x75, 0x75, 0x75, 0x75, 0xCD, 0xF7, 0x73, 0x7D,
  0x4E, 0x4E, 0xBD, 0x4E, 0x4E, 0x4E, 0x7C, 0x4E, 0x7C, 0x4E, 0x4E, 0x4E, 0x4E, 0x4E, 0x4E, 0x4E,
  0x4E, 0x4E, 0x4E, 0x7C, 0x4E, 0x4E, 0x4E, 0x7C, 0x4E, 0x4E, 0x7C, 0x7C, 0x7C, 0x7C, 0x7C, 0x7C,
  0x7C, 0x7C, 0x7C, 0x4E, 0x4E, 0x4E, 0x4E, 0x4E, 0x4E, 0x4E, 0x4E, 0x7C, 0x4E, 0x4E, 0x4E, 0x7C,
  0x4E, 0x4E, 0x7C, 0x7C, 0x7C, 0x7C, 0x7C, 0x7C, 0x7C, 0x7C, 0x7C, 0x7C, 0x7C, 0x7C, 0x7C, 0x7C,
  0x7C, 0x7C, 0x7C, 0x7C, 0x7C, 0x7C, 0x7C, 0x7C, 0x7C, 0x7E, 0x7E, 0x7C, 0x7C, 0x7C, 0x7C, 0x7C,
  0x7C, 0x7C, 0x92, 0x7C, 0x7C, 0x7C, 0x7E, 0x75, 0xB5, 0x4E, 0xB5, 0xB5, 0xB5, 0xB5, 0xF4, 0xF4,
  0xF4, 0xF4, 0xF7, 0x77, 0x80, 0x6F, 0x0A, 0xB8, 0xD7, 0xD7, 0xC2, 0xE0, 0x1A, 0x1A, 0xE0, 0x1A,
  0xE0, 0x36, 0x36, 0x36, 0xE0, 0xE0, 0xE0, 0x07, 0x05, 0x07, 0x07, 0x07, 0x3F, 0x12, 0x12, 0x12,
  0x0B, 0x12, 0x12, 0x3F, 0x11, 0x1A, 0x3A, 0xD7, 0xD7, 0x1A, 0x61, 0x39, 0x1A, 0x1A, 0x1A, 0x1A,
  0x1A, 0x1A, 0x39, 0xD4, 0xD7, 0xD7, 0xD7, 0xD3, 0xDC, 0xA5, 0xDC, 0x77, 0xF4, 0xDC, 0xDC, 0xB5,
  0xF4, 0x7E, 0x7C, 0x75, 0xCD, 0x80, 0x20, 0x7D, 0x4E, 0x4E, 0x4E, 0x7C, 0x4E, 0x4E, 0x7D, 0x4E,
  0x7C, 0x4E, 0xBD, 0x4E, 0x4E, 0x4E, 0x4E, 0xF4, 0xF9, 0x4E, 0x4E, 0x4E, 0x4E, 0x4E, 0x77, 0x7E,
  0x4E, 0x75, 0x4E, 0x4E, 0x4E, 0x4E, 0x75, 0x7E, 0x4E, 0x4E, 0x4E, 0x4E, 0x4E, 0x4E, 0x7C, 0x7C,
  0x7C, 0x7C, 0x4E, 0x4E, 0x4E, 0x7C, 0x7C, 0x7C, 0x4E, 0xF4, 0x3A, 0xD7, 0xE2, 0xD7, 0xE2, 0xD3,
  0xDC, 0xA5, 0xDC, 0x77, 0x74, 0xDC, 0x77, 0xB5, 0xF4, 0x7E, 0x7C, 0x75, 0xCD, 0x73, 0xF7, 0x7D,
  0x7C, 0x4E, 0x4E, 0x7C, 0x4E, 0x4E, 0x7D, 0x4E, 0x7C, 0x4E, 0xBD, 0x4E, 0x4E, 0x7D, 0x4E, 0xF4,
  0xB5, 0x4E, 0x4E, 0x4E, 0x4E, 0x4E, 0x77, 0x4E, 0x4E, 0x7E, 0x4E, 0x4E, 0x4E, 0x4E, 0x75, 0x7C,
  0x4E, 0x4E, 0x4E, 0x4E, 0x4E, 0x4E, 0x7C, 0xF4, 0xB5, 0x4E, 0x4E, 0x4E, 0x4E, 0x4E, 0x77, 0x4E,
  0x4E, 0x7E, 0x4E, 0x4E, 0x4E, 0x4E, 0x75, 0x4E, 0x4E, 0x4E, 0x4E, 0x4E, 0x4E, 0x4E, 0x7E, 0x7C,
  0x7E, 0x4E, 0x4E, 0x4E, 0x4E, 0x4E, 0x4E, 0x4E, 0x4E, 0xF4, 0xF4, 0x4E, 0x7C, 0x7C, 0x7C, 0x7C,
  0x7C, 0x7C, 0x7C, 0x7C, 0x7C, 0x7C, 0x7C, 0x75, 0xB5, 0xB5, 0xB5, 0x75, 0xB5, 0xF7, 0xF4, 0x74,
  0x77, 0xA5, 0xA5, 0xDC, 0x6F, 0xD7, 0x0A, 0xD7, 0xD7, 0xE2, 0xD3, 0xB8, 0x1A, 0x1A, 0x1A, 0x08,
  0xBA, 0x3D, 0x3D, 0xE0, 0x1A, 0xE0, 0x08, 0x05, 0x05, 0x05, 0x05, 0x07, 0x3F, 0x12, 0x12, 0x12,
  0x0B, 0x12, 0x12, 0x3F, 0x05, 0x07, 0xD7, 0x36, 0xE2, 0xC2, 0x1A, 0x61, 0x05, 0x1A, 0x0A, 0xBA,
  0xD7, 0xD7, 0xD4, 0xD4, 0xD4, 0xE2, 0xD3, 0xD3, 0xED, 0xE2, 0xE2, 0xE2, 0xA5, 0xA5, 0xD3, 0x74,
  0xDC, 0xDC, 0xF4, 0xB5, 0x4E, 0x6F, 0xF4, 0x74, 0xF4, 0x77, 0xF4, 0xDC, 0x77, 0x74, 0xB5, 0x7E,
  0xB5, 0xB5, 0xB5, 0xF4, 0xB5, 0xB5, 0xF4, 0xDC, 0x74, 0x74, 0xF9, 0xDC, 0xDC, 0xF9, 0xDC, 0xF4,
  0xDC, 0xF4, 0x4E, 0xB5, 0xB5, 0xF4, 0x77, 0xDC, 0xF4, 0xF9, 0x7E, 0x7E, 0x74, 0xF9, 0xDC, 0x4E,
  0xF9, 0xA5, 0x74, 0x74, 0xF9, 0xF4, 0x7E, 0xF9, 0xF9, 0xDC, 0xD7, 0xD4, 0xD7, 0xE2, 0xD3, 0xD3,
  0xED, 0xE2, 0xE2, 0xA5, 0xA5, 0xDC, 0xFA, 0x74, 0xA5, 0xDC, 0xF4, 0xB5, 0x74, 0x6F, 0x74, 0xB5,
  0x77, 0xF4, 0xF4, 0xDC, 0x77, 0xB5, 0xB5, 0x7E, 0xB5, 0xB5, 0xF9, 0xF4, 0xB5, 0xB5, 0x77, 0xDC,
  0x74, 0x74, 0xF9, 0xDC, 0xDC, 0xF9, 0xDC, 0xF4, 0xDC, 0xF4, 0x4E, 0xB5, 0xB5, 0xF4, 0xDC, 0xDC,
  0xF4, 0xF9, 0x7E, 0xF4, 0x4E, 0x4E, 0x75, 0xDC, 0xF9, 0x74, 0xF9, 0xDC, 0xF4, 0xF9, 0xDC, 0xF9,
  0xDC, 0xDC, 0xF9, 0xF9, 0xF9, 0xF9, 0xDC, 0xDC, 0xF9, 0x7E, 0x4E, 0x4E, 0xF9, 0x81, 0x81, 0xCB,
  0xF4, 0xDC, 0x74, 0x4E, 0x77, 0x77, 0x4E, 0xF4, 0xF4, 0xDC, 0xDC, 0xF9, 0xB5, 0xF4, 0xB5, 0x7E,
  0xF4, 0xF4, 0xF4, 0x92, 0x7C, 0xB5, 0xF4, 0xB5, 0xB5, 0xDC, 0xF7, 0xB5, 0xF4, 0xDC, 0x80, 0xF4,
  0xA5, 0xA5, 0xB8, 0x84, 0xD7, 0xD7, 0xC2, 0xD7, 0xD7, 0x3A, 0xD3, 0xB8, 0xE0, 0x1A, 0x1A, 0x08,
  0xE0, 0xBA, 0xE0, 0x1A, 0xE0, 0xBA, 0x08, 0x18, 0x05, 0x05, 0x05, 0x07, 0x3F, 0x12, 0x12, 0x12,
  0x0B, 0x12, 0x12, 0x3F, 0x05, 0x1A, 0xD7, 0x36, 0xDD, 0xDD, 0xB8, 0x61, 0x05, 0x0A, 0xBA, 0x36,
  0xDD, 0xDD, 0x40, 0xD3, 0xD4, 0xC8, 0xC8, 0xC8, 0xC8, 0xDD, 0xDD, 0xE2, 0xD3, 0x40, 0xC8, 0xD3,
  0xDC, 0xD3, 0xD3, 0xDC, 0xDC, 0xD3, 0xE2, 0xD3, 0xC8, 0xD3, 0xD3, 0xD3, 0xD3, 0xA5, 0xA5, 0xD3,
  0xDC, 0xFA, 0xC8, 0xE2, 0xD3, 0xD3, 0xE2, 0xD3, 0xFA, 0xFA, 0xD3, 0xD3, 0xD3, 0xE2, 0xD3, 0xDC,
  0xFA, 0xF4, 0x77, 0x77, 0xF4, 0xFA, 0xFA, 0xFA, 0xDC, 0xA5, 0xDC, 0xE8, 0xC8, 0xC8, 0xE8, 0xE8,
  0xF6, 0xF6, 0xF9, 0xE9, 0xE9, 0xF6, 0xF9, 0xF9, 0xF6, 0xF6, 0x40, 0xD3, 0xD4, 0xC8, 0xC8, 0xC8,
  0xD3, 0xED, 0xDD, 0xE2, 0xD3, 0xF6, 0xC8, 0xD3, 0xD3, 0xD3, 0xDC, 0xDC, 0xDC, 0xDC, 0xE2, 0xD3,
  0xD3, 0xED, 0xD3, 0xD3, 0xD3, 0xA5, 0xA5, 0xD3, 0xDC, 0xFA, 0xD3, 0xE2, 0xD3, 0xD3, 0xE2, 0xFA,
  0xD3, 0xFA, 0xD3, 0xD3, 0xED, 0xA5, 0xD3, 0xDC, 0xF4, 0xF4, 0x77, 0x77, 0xF4, 0x77, 0xFA, 0xFA,
  0xDC, 0xA5, 0xDC, 0xD3, 0xFA, 0xD3, 0xD3, 0xC8, 0xED, 0xF6, 0xF9, 0xDC, 0xF6, 0xF6, 0xE8, 0xC8,
  0xC8, 0xC8, 0xE8, 0xD3, 0xE8, 0xF6, 0xC8, 0xC8, 0xF6, 0xF6, 0x77, 0xDC, 0xDC, 0xC8, 0x3B, 0xF6,
  0xC8, 0xD3, 0xC8, 0xD3, 0xD3, 0xED, 0xDC, 0xA5, 0xD3, 0xC8, 0xC8, 0xD3, 0xED, 0xA5, 0xDC, 0xFA,
  0xFA, 0xD3, 0xDC, 0xDC, 0xA5, 0xDC, 0xA5, 0xD3, 0xDC, 0xDC, 0xD3, 0xFA, 0xDC, 0xD3, 0xA5, 0xDC,
  0xD3, 0xD3, 0xD3, 0xDD, 0xB8, 0xDD, 0x36, 0x36, 0xE0, 0x52, 0x52, 0xE0, 0x52, 0x08, 0x1A, 0xE0,
  0xBA, 0xBA, 0x08, 0x1A, 0xE0, 0xBA, 0x1A, 0x61, 0x05, 0x07, 0x07, 0x07, 0x3F, 0x12, 0x12, 0x12,
  0x0B, 0x12, 0x12, 0x3F, 0x05, 0x1A, 0x1A, 0xD7, 0xD3, 0xDD, 0x3D, 0x39, 0x39, 0x07, 0x1A, 0xC2,
  0xEA, 0xE2, 0xDD, 0xC8, 0xD3, 0xD4, 0xE2, 0xD3, 0xD3, 0x3A, 0xD3, 0xD7, 0xD7, 0xD3, 0xDD, 0xD3,
  0xA5, 0xD3, 0xD3, 0xA5, 0xE2, 0xD3, 0xD3, 0xD3, 0xD3, 0xE2, 0xE2, 0xFA, 0xD3, 0xD7, 0xD3, 0xD3,
  0xD7, 0xA5, 0xA5, 0xD7, 0xD7, 0xA5, 0xD3, 0xD3, 0xE2, 0xD3, 0xDD, 0xDD, 0xD3, 0xD3, 0xD3, 0xD7,
  0xB8, 0xD3, 0xD3, 0xD3, 0xA5, 0xD3, 0xD3, 0xA5, 0xD3, 0xD3, 0xA5, 0xD3, 0xD3, 0xD3, 0xD3, 0xE8,
  0xC8, 0xF6, 0xC8, 0xED, 0xD3, 0xED, 0xF6, 0xE8, 0xFA, 0xDC, 0xDD, 0x40, 0xED, 0xD4, 0xE2, 0xD3,
  0xDD, 0xD4, 0xD3, 0xD7, 0xDD, 0xD3, 0xDD, 0xD3, 0xA5, 0xD3, 0xD3, 0xA5, 0xE2, 0xD3, 0xD3, 0xD3,
  0xD3, 0xE2, 0xA5, 0xFA, 0xD3, 0xD7, 0xD3, 0xD3, 0xD7, 0xA5, 0xA5, 0xD7, 0xD7, 0xA5, 0xD3, 0xD3,
  0xE2, 0xD3, 0xDD, 0xDD, 0xC8, 0xD3, 0xA5, 0xD7, 0xA5, 0xD3, 0xD3, 0xD3, 0xA5, 0xD3, 0xD3, 0xA5,
  0xD3, 0xD3, 0xD3, 0xD3, 0xD3, 0xD3, 0xD3, 0xD3, 0xF6, 0xC8, 0xC8, 0xC8, 0xC8, 0xC8, 0xED, 0xED,
  0xC8, 0xC8, 0xF6, 0xC8, 0xC8, 0xC8, 0xC8, 0xF9, 0xE8, 0xF6, 0xDC, 0xDC, 0xFA, 0xD3, 0x3B, 0xEB,
  0xC8, 0xC8, 0xD3, 0xFA, 0x40, 0xDD, 0xDD, 0xD3, 0xC8, 0xC8, 0xC8, 0xC8, 0xD3, 0xD3, 0xD3, 0xD3,
  0x74, 0xD3, 0xE2, 0xA5, 0xD3, 0xD3, 0xD3, 0xDC, 0xDC, 0x20, 0xD3, 0xD3, 0xB8, 0xE2, 0xA5, 0xB8,
  0xD3, 0xD7, 0xD7, 0xB8, 0xD7, 0xD3, 0xE2, 0xC2, 0xE0, 0x23, 0x23, 0x08, 0x08, 0x08, 0x08, 0x08,
  0x08, 0x07, 0x07, 0x1A, 0x1A, 0x07, 0x05, 0x05, 0x05, 0x07, 0x07, 0x05, 0x3F, 0x12, 0x12, 0x12,
  0x0B, 0x12, 0x12, 0x3F, 0x05, 0x18, 0x18, 0xE0, 0xD3, 0xDD, 0x3D, 0x61, 0x39, 0x39, 0x3D, 0x38,
  0xDD, 0xC8, 0xDD, 0xC8, 0x85, 0xDD, 0x3A, 0xD4, 0xD4, 0x3A, 0xD7, 0xD7, 0x84, 0x84, 0xD4, 0x6F,
  0x3A, 0x6F, 0xD7, 0xD7, 0xD4, 0x84, 0xD7, 0xD7, 0xA5, 0xA5, 0x84, 0xD7, 0xD7, 0x6F, 0x84, 0x84,
  0xA5, 0x84, 0x6F, 0x73, 0xA5, 0xA5, 0x84, 0xDC, 0xD7, 0x84, 0xD4, 0xD7, 0xA5, 0x84, 0x6F, 0xD7,
  0x84, 0x84, 0xD4, 0xE2, 0x84, 0xA5, 0xD7, 0xD7, 0xE2, 0xD7, 0xA5, 0x84, 0x84, 0xA5, 0xDC, 0xA5,
  0xDC, 0xDC, 0xA5, 0xDC, 0xA5, 0x84, 0xA5, 0xA5, 0xDC, 0xA5, 0xE2, 0xC8, 0x85, 0xE2, 0x3A, 0xD4,
  0xD4, 0x3A, 0xD7, 0xD7, 0xD7, 0xD7, 0xD4, 0xD4, 0x3A, 0x6F, 0xD7, 0xD7, 0xCF, 0x6F, 0xD7, 0xD7,
  0xA5, 0xA5, 0x84, 0xA5, 0xD7, 0x6F, 0x84, 0xD7, 0xA5, 0x6F, 0xD7, 0x73, 0xA5, 0xA5, 0xD7, 0xDC,
  0x84, 0x84, 0xD4, 0x84, 0xA5, 0x84, 0x84, 0xD7, 0xD7, 0x84, 0xD4, 0xE2, 0x84, 0xA5, 0xD7, 0xD7,
  0xD7, 0xD7, 0xA5, 0xA5, 0xA5, 0xA5, 0x84, 0xE2, 0xE2, 0xD4, 0x84, 0x84, 0xA5, 0xA5, 0xD4, 0xD4,
  0x84, 0xE2, 0x84, 0x84, 0xE2, 0xA5, 0x84, 0xA5, 0x84, 0x84, 0x84, 0xA5, 0x84, 0x84, 0xDC, 0xFA,
  0x84, 0xA5, 0xB8, 0xD7, 0x6F, 0xD7, 0xD7, 0xD7, 0xD7, 0xD4, 0xE2, 0xD7, 0xD4, 0x84, 0xD4, 0x84,
  0xA5, 0x84, 0x6F, 0xD7, 0xD7, 0x80, 0x73, 0x73, 0x6F, 0xD7, 0x80, 0xD7, 0xD7, 0xD7, 0x6F, 0x0A,
  0x6F, 0x3A, 0x0A, 0x6F, 0x3A, 0xD7, 0xD7, 0xBA, 0x3D, 0x23, 0x0B, 0x09, 0x08, 0x08, 0x08, 0x1A,
  0x18, 0x05, 0x07, 0x08, 0x05, 0x05, 0x05, 0x05, 0x05, 0x05, 0x05, 0x05, 0x3F, 0x12, 0x12, 0x12,
  0x0B, 0x12, 0x12, 0x3F, 0x18, 0x1A, 0x1A, 0x18, 0xC2, 0xDD, 0xD7, 0x61, 0x1A, 0xE0, 0x0A, 0x39,
  0xC2, 0x1C, 0xD7, 0x1A, 0xB8, 0xFA, 0xD4, 0x84, 0x84, 0xD7, 0x73, 0x73, 0xA5, 0x80, 0x73, 0x73,
  0x73, 0x6F, 0x80, 0x80, 0xA5, 0xDC, 0xDC, 0xA5, 0x77, 0xF4, 0x80, 0xDC, 0x77, 0x77, 0x77, 0xF4,
  0xF4, 0x77, 0x77, 0xF7, 0xF7, 0xF4, 0xF7, 0xF4, 0xF7, 0x77, 0xDC, 0xDC, 0xF4, 0xF7, 0x77, 0xF4,
  0xF4, 0xF4, 0xA5, 0xA5, 0x77, 0x77, 0xDC, 0xDC, 0xDC, 0x77, 0xF4, 0xF4, 0xDC, 0xF4, 0x75, 0x7E,
  0xF4, 0xF4, 0xF4, 0xF4, 0xF7, 0xDC, 0xF4, 0xB5, 0xF4, 0xF4, 0x3A, 0x39, 0xD3, 0xD3, 0xD4, 0x84,
  0x84, 0x73, 0x73, 0x73, 0xA5, 0x80, 0x73, 0x80, 0x73, 0x6F, 0xDC, 0x80, 0x80, 0xDC, 0xDC, 0xA5,
  0x77, 0xF7, 0xA5, 0xDC, 0x77, 0x77, 0x77, 0xF4, 0xF4, 0x77, 0x77, 0xF7, 0xF4, 0xF4, 0xF7, 0xF4,
  0xF7, 0x77, 0xDC, 0xDC, 0xF4, 0x77, 0x77, 0xF4, 0xF4, 0xF7, 0x84, 0xA5, 0xF7, 0x77, 0xDC, 0xA5,
  0xDC, 0x77, 0xF4, 0xF4, 0xF4, 0xF4, 0xDC, 0x77, 0x77, 0xDC, 0xFA, 0xA5, 0xA5, 0xF4, 0xDC, 0xDC,
  0xDC, 0xDC, 0xDC, 0xDC, 0x80, 0xF7, 0x80, 0xA5, 0x73, 0xF7, 0xF4, 0xF4, 0xF7, 0x77, 0x77, 0xA5,
  0xDC, 0xF7, 0xF7, 0x80, 0x73, 0x80, 0x80, 0x80, 0xF7, 0xFA, 0x20, 0x73, 0xDC, 0xF7, 0xDC, 0xDC,
  0x77, 0xF7, 0xF7, 0x77, 0x80, 0x77, 0xDC, 0xF7, 0xDC, 0x20, 0x80, 0xA5, 0x80, 0x20, 0x73, 0x73,
  0x73, 0x73, 0x6F, 0x73, 0x73, 0xB8, 0xD7, 0x1B, 0xBA, 0x08, 0x07, 0x05, 0x05, 0x05, 0x08, 0xE0,
  0x18, 0x05, 0x05, 0x05, 0x05, 0x05, 0x05, 0x07, 0x05, 0x05, 0x05, 0x05, 0x3F, 0x12, 0x12, 0x12,
  0x0B, 0x12, 0x12, 0x06, 0x52, 0x3D, 0xBA, 0x1A, 0x1A, 0xC2, 0x1A, 0x05, 0x08, 0x39, 0x39, 0x39,
  0x1A, 0x1A, 0x39, 0x39, 0x39, 0x3A, 0xD7, 0xD7, 0x80, 0xDC, 0xF7, 0x77, 0x80, 0x80, 0x77, 0xF7,
  0x77, 0x77, 0xF4, 0xF4, 0xF7, 0xF4, 0xF4, 0xB5, 0x75, 0xB5, 0xB5, 0x75, 0xB5, 0xF7, 0xF4, 0x92,
  0xB5, 0x75, 0x75, 0x75, 0x75, 0xB5, 0x92, 0x7C, 0xF4, 0xF4, 0xB5, 0xB5, 0xB5, 0x92, 0x75, 0x75,
  0x92, 0x92, 0xB5, 0xF4, 0xB5, 0xB5, 0xF4, 0xB5, 0x4E, 0xB5, 0x7C, 0x4E, 0x4E, 0x4E, 0x7C, 0x75,
  0x7C, 0x7D, 0x4E, 0x4E, 0x4E, 0x7C, 0x7C, 0x4E, 0x4E, 0x4E, 0x0A, 0x39, 0x39, 0xD7, 0xD7, 0x73,
  0x80, 0xDC, 0xF7, 0x77, 0x80, 0x80, 0x77, 0xF7, 0x77, 0xF7, 0xF4, 0xF4, 0xF7, 0xF4, 0xF4, 0xB5,
  0xB5, 0xB5, 0xB5, 0xB5, 0xF4, 0xF7, 0xF4, 0x92, 0x75, 0x75, 0x75, 0x75, 0x75, 0xB5, 0x92, 0x7C,
  0xF4, 0xF4, 0xB5, 0xB5, 0xB5, 0x92, 0xB5, 0x75, 0x92, 0x92, 0xB5, 0xB5, 0xB5, 0xB5, 0xF4, 0xB5,
  0x4E, 0xB5, 0x92, 0x7E, 0x75, 0x75, 0xB5, 0xB5, 0x4E, 0x7E, 0xB5, 0xF4, 0xF4, 0x75, 0xB5, 0x92,
  0xB5, 0xF4, 0xB5, 0xB5, 0xB5, 0xF4, 0xF7, 0xF4, 0xB5, 0xB5, 0xB5, 0xB5, 0x7C, 0x7C, 0x75, 0x75,
  0xF4, 0xF4, 0xF4, 0xF4, 0xF4, 0xF4, 0xF4, 0xB5, 0xB5, 0xF4, 0xF7, 0xF4, 0xB5, 0x92, 0x75, 0x75,
  0x92, 0xB5, 0xF4, 0xF4, 0xF4, 0xF4, 0xF4, 0xF7, 0xF7, 0xF7, 0x77, 0xF7, 0xF7, 0x77, 0xDC, 0xDC,
  0x20, 0x80, 0x80, 0x73, 0x73, 0xB8, 0xD7, 0xD7, 0xE0, 0x08, 0x1A, 0x1A, 0x1A, 0x1A, 0x1A, 0xE0,
  0x07, 0x05, 0x05, 0x07, 0x05, 0x05, 0x1A, 0x08, 0x08, 0x05, 0x05, 0x05, 0x3F, 0x12, 0x12, 0x12,
  0x0B, 0x01, 0x01, 0x06, 0xBA, 0x3D, 0xBA, 0x1A, 0x07, 0x1A, 0x05, 0x11, 0x39, 0x1A, 0x1A, 0x1A,
  0xE0, 0xC2, 0x3A, 0xD7, 0xD7, 0xD7, 0x6F, 0x80, 0xDC, 0x77, 0x77, 0x77, 0x77, 0xF7, 0xF7, 0xF4,
  0xF4, 0xF4, 0x75, 0x75, 0xB5, 0x75, 0x75, 0x75, 0xB5, 0x75, 0xB5, 0xB5, 0x75, 0xF4, 0xB5, 0x7E,
  0x75, 0x7C, 0x7C, 0x75, 0x75, 0x7E, 0x7E, 0x7E, 0x7C, 0x7C, 0x7C, 0x75, 0x75, 0x75, 0x75, 0x7C,
  0x7C, 0x7C, 0x7C, 0x7C, 0x7C, 0x4E, 0x4E, 0x4E, 0x4E, 0x7C, 0x4E, 0x4E, 0x4E, 0x7D, 0x7D, 0x4E,
  0x4E, 0x7C, 0x4E, 0x4E, 0x4E, 0x4E, 0x4E, 0x4E, 0x4E, 0x4E, 0xD7, 0xD7, 0xD7, 0xD7, 0x6F, 0x80,
  0xDC, 0x77, 0x77, 0x77, 0x77, 0xF7, 0xF7, 0xF4, 0xF4, 0xF4, 0x75, 0x75, 0xB5, 0x75, 0xB5, 0x75,
  0x75, 0x75, 0xB5, 0xB5, 0x75, 0xF4, 0xB5, 0x7E, 0x7E, 0x7C, 0x7C, 0x75, 0x75, 0x7E, 0x75, 0x7C,
  0x7C, 0x7C, 0x7C, 0x75, 0x75, 0x75, 0x75, 0x7C, 0x7C, 0x7C, 0x7C, 0x7C, 0x4E, 0x4E, 0x4E, 0x4E,
  0x4E, 0x7C, 0x4E, 0x4E, 0x7C, 0x7C, 0x7C, 0x7C, 0x4E, 0x7E, 0x7E, 0x4E, 0x7C, 0x4E, 0x7C, 0x4E,
  0x7C, 0x7C, 0x7C, 0x7C, 0x7C, 0x7E, 0x7E, 0x7E, 0x7C, 0x75, 0x7E, 0x7E, 0x7E, 0x7C, 0x7C, 0x7E,
  0x75, 0x75, 0x7E, 0x7C, 0x7E, 0x7C, 0x4E, 0x4E, 0x7C, 0x75, 0x7C, 0x7E, 0x7C, 0x7C, 0x7C, 0x7C,
  0x4E, 0x7C, 0xF4, 0x75, 0x75, 0xB5, 0xB5, 0xF4, 0xF7, 0xF7, 0x77, 0x77, 0x77, 0x77, 0x77, 0xF7,
  0x77, 0x77, 0x80, 0x6F, 0x6F, 0x6F, 0x0A, 0xD7, 0x0A, 0xE0, 0xE0, 0xC2, 0xD7, 0xE0, 0x1A, 0x1A,
  0x07, 0x05, 0x05, 0x07, 0x05, 0x1A, 0x08, 0xE0, 0x08, 0x05, 0x05, 0x05, 0x01, 0x12, 0x12, 0x12,
  0x0B, 0x01, 0x01, 0x3F, 0x07, 0x1A, 0x1A, 0x07, 0x05, 0x07, 0x18, 0x1A, 0x1A, 0x08, 0x1A, 0x1A,
  0x1A, 0x39, 0xD7, 0xD7, 0xD7, 0x80, 0xDC, 0xDC, 0xDC, 0xDC, 0xA5, 0x77, 0xF4, 0xF4, 0xF4, 0xF4,
  0x21, 0xF4, 0x21, 0x75, 0x75, 0x7E, 0x7E, 0x7E, 0x7E, 0xB5, 0x7E, 0x7E, 0x75, 0xB5, 0x7C, 0xB5,
  0x7E, 0x75, 0x7C, 0x7C, 0x7E, 0x7C, 0x7C, 0x7E, 0x7C, 0x7C, 0x7C, 0x7E, 0x7E, 0x7E, 0x7C, 0x7C,
  0x4E, 0x7C, 0x7C, 0x7E, 0x7E, 0x7E, 0x7C, 0x4E, 0x7C, 0x4E, 0x4E, 0x4E, 0x4E, 0x4E, 0x4E, 0x4E,
  0x4E, 0x7C, 0x7C, 0x4E, 0x4E, 0x4E, 0x4E, 0x4E, 0x4E, 0x4E, 0xB8, 0xD7, 0xD7, 0x80, 0xDC, 0xDC,
  0xDC, 0xDC, 0xA5, 0x77, 0xF4, 0xF4, 0xF4, 0xF4, 0x21, 0xF4, 0xF4, 0x75, 0xB5, 0x7E, 0x7E, 0x7E,
  0x7E, 0xB5, 0x7E, 0x7E, 0xB5, 0xB5, 0x7C, 0x7E, 0x7E, 0x75, 0x7C, 0x7C, 0x7E, 0x7C, 0x7E, 0x7C,
  0x7C, 0x7C, 0x7C, 0x7E, 0x7E, 0x7E, 0x7C, 0x7C, 0x4E, 0x4E, 0x7C, 0x7E, 0x7E, 0x7E, 0x7C, 0x4E,
  0x7C, 0x4E, 0x4E, 0x4E, 0x4E, 0x4E, 0x4E, 0x4E, 0x4E, 0x4E, 0x4E, 0x4E, 0x4E, 0x4E, 0x7C, 0x7C,
  0x4E, 0x4E, 0x4E, 0x7C, 0x7C, 0x4E, 0x7C, 0x7C, 0x7C, 0x7E, 0x7C, 0x7C, 0x7C, 0x92, 0x7C, 0x7C,
  0x7E, 0x7E, 0x7C, 0x7C, 0x92, 0x7C, 0x4E, 0x4E, 0x7C, 0x7C, 0x7C, 0x7C, 0x4E, 0x7C, 0x7C, 0x4E,
  0x4E, 0x7C, 0x75, 0x75, 0x75, 0xB5, 0xF4, 0xF4, 0xF4, 0xF7, 0xF7, 0x77, 0x77, 0x77, 0xF7, 0xF7,
  0x77, 0xA5, 0xA5, 0x73, 0xB8, 0xB8, 0x0A, 0xBA, 0x0A, 0xBA, 0xBA, 0xBA, 0x52, 0xE0, 0x1A, 0x07,
  0x07, 0x07, 0x05, 0x1A, 0x08, 0x09, 0xE0, 0x08, 0x07, 0x05, 0x05, 0x05, 0x3F, 0x12, 0x12, 0x12,
  0x0B, 0x12, 0x12, 0x9C, 0x05, 0x18, 0x39, 0x08, 0x07, 0x07, 0x1A, 0xC2, 0x36, 0x3D, 0x1A, 0x18,
  0x1A, 0x0A, 0xD7, 0xD7, 0xB8, 0x80, 0x73, 0x6F, 0x73, 0xA5, 0xA5, 0x77, 0xF4, 0x77, 0xF4, 0xF4,
  0xB5, 0xF4, 0xB5, 0xF4, 0xB5, 0x75, 0x7E, 0x7E, 0x7E, 0x7E, 0x7C, 0x7C, 0x7C, 0xB5, 0x7C, 0x7C,
  0x7C, 0x7E, 0x7C, 0x7C, 0x7C, 0x7C, 0x7C, 0x7E, 0x7E, 0x7E, 0x7E, 0x7C, 0x7E, 0x7E, 0x4E, 0x4E,
  0x4E, 0x4E, 0x4E, 0x4E, 0x4E, 0x7C, 0x7C, 0x4E, 0x4E, 0x4E, 0x4E, 0x4E, 0x4E, 0x4E, 0x4E, 0x4E,
  0x4E, 0x7C, 0x4E, 0x4E, 0x4E, 0x4F, 0x4E, 0x4F, 0x4F, 0x4E, 0xD7, 0xD7, 0xB8, 0x73, 0x6F, 0x6F,
  0xA5, 0xA5, 0xA5, 0x77, 0xF7, 0x77, 0xF4, 0xF4, 0xB5, 0xF4, 0xB5, 0xF4, 0xB5, 0x75, 0x7E, 0x7E,
  0x7E, 0x7E, 0x7C, 0x7C, 0x7C, 0xB5, 0x7C, 0x7C, 0x7C, 0x7E, 0x7C, 0x7C, 0x7C, 0x7C, 0x7C, 0x7E,
  0x7E, 0x7E, 0x7E, 0x7C, 0x7E, 0x7E, 0x4E, 0x4E, 0x4E, 0x4E, 0x4E, 0x4E, 0x4E, 0x7C, 0x7C, 0x4E,
  0x4E, 0x4E, 0x4E, 0x4E, 0x4E, 0x7C, 0x4E, 0x4E, 0x4E, 0x4E, 0x4E, 0x4F, 0x4E, 0x4E, 0x4E, 0x4E,
  0x7C, 0x7C, 0x7C, 0x7C, 0x92, 0x7C, 0x7C, 0x7C, 0x7C, 0x4E, 0x7D, 0x7C, 0x7C, 0x92, 0x4E, 0x7C,
  0x7C, 0x7C, 0x7C, 0x7C, 0x7C, 0x7C, 0x7C, 0x92, 0x92, 0x92, 0x4E, 0x7C, 0x4E, 0x4E, 0x4E, 0x7C,
  0x7E, 0x7C, 0x7E, 0x7E, 0x7E, 0xB5, 0x75, 0xB5, 0xF4, 0xB5, 0xB5, 0xF4, 0xF7, 0xF7, 0xF7, 0xF4,
  0x77, 0x77, 0x80, 0x20, 0x1B, 0xBA, 0x09, 0x08, 0x06, 0x06, 0x08, 0x08, 0x08, 0x08, 0x08, 0x07,
  0x08, 0x08, 0x1A, 0x08, 0x09, 0x1A, 0x05, 0x61, 0x61, 0x05, 0x05, 0x05, 0x3F, 0x12, 0x12, 0x12,
  0x0B, 0x12, 0x12, 0x9C, 0x04, 0x07, 0x39, 0xE0, 0x08, 0x1A, 0xD7, 0x36, 0x36, 0xC2, 0x1A, 0x1A,
  0x1A, 0xC2, 0xC2, 0xC2, 0xC2, 0xD7, 0x6F, 0x73, 0x73, 0x80, 0xDC, 0xF7, 0xF7, 0x77, 0xF4, 0xB5,
  0x75, 0x75, 0x7C, 0xB5, 0x75, 0xB5, 0x75, 0x75, 0x7C, 0x7C, 0x7C, 0x7C, 0x7C, 0x7E, 0x7C, 0x7C,
  0x7C, 0xB5, 0x4E, 0x92, 0x4E, 0x75, 0xB5, 0x7C, 0x7C, 0x7C, 0x7E, 0x7E, 0x7C, 0x7C, 0x7C, 0x4E,
  0x4E, 0x4E, 0x7D, 0x7D, 0x7D, 0x4E, 0x7C, 0x7C, 0x4E, 0x4E, 0x4E, 0x7D, 0x4E, 0x4E, 0x4E, 0x4E,
  0x4E, 0x7C, 0x4E, 0x4E, 0x7D, 0x7D, 0x4E, 0x7D, 0x7D, 0x4E, 0xD7, 0xC2, 0xD7, 0xD7, 0xD7, 0x73,
  0x73, 0xDC, 0x77, 0xF7, 0xF7, 0x77, 0xF4, 0xB5, 0x75, 0x75, 0x7C, 0x75, 0x75, 0x75, 0x75, 0x75,
  0x7C, 0x92, 0x7C, 0x7C, 0x7C, 0x7E, 0x7C, 0x7C, 0x7C, 0x7C, 0x4E, 0x92, 0x7C, 0x75, 0xB5, 0x7C,
  0x7C, 0x7C, 0x7E, 0x7E, 0x7C, 0x7C, 0x7C, 0x4E, 0x4E, 0x7D, 0x7D, 0x7D, 0x7D, 0x4E, 0x7C, 0x7C,
  0x4E, 0x4E, 0x4E, 0x4E, 0x4E, 0x4E, 0x4E, 0x4E, 0x4E, 0x4E, 0x4E, 0x4E, 0x4E, 0x4E, 0x4E, 0x4E,
  0x4E, 0x4E, 0x4E, 0x4E, 0x4E, 0x4E, 0x7C, 0x4E, 0x4E, 0x4E, 0x4E, 0x7C, 0x7C, 0x7C, 0x4E, 0x4E,
  0x4E, 0x4E, 0x4E, 0x4E, 0x4E, 0x4E, 0x92, 0x75, 0x75, 0x7C, 0x4E, 0x7C, 0x7C, 0x92, 0x4E, 0x7C,
  0x7C, 0x4E, 0x4E, 0x75, 0x7C, 0x7C, 0x7C, 0x7C, 0xB5, 0x4E, 0xB5, 0xB5, 0xB5, 0xF4, 0x77, 0xDC,
  0x77, 0xF7, 0x50, 0x09, 0x11, 0x8A, 0x10, 0x2D, 0xD6, 0xD6, 0x2D, 0x2D, 0x8A, 0x00, 0x15, 0x05,
  0x08, 0x08, 0x1A, 0x08, 0x08, 0x05, 0x05, 0x05, 0x05, 0x05, 0x07, 0x07, 0x3F, 0x12, 0x12, 0x12,
  0x0B, 0x12, 0x12, 0x3F, 0x07, 0x08, 0xC2, 0x08, 0xE0, 0xE0, 0x36, 0x36, 0xC2, 0xC2, 0xC2, 0xD7,
  0xDD, 0xC2, 0x3A, 0xC2, 0x39, 0x3A, 0xDC, 0xDC, 0xA5, 0xDC, 0xB5, 0xB5, 0x75, 0x7C, 0x4E, 0x4E,
  0x77, 0x77, 0xF4, 0x75, 0x75, 0xB5, 0x7C, 0xB5, 0xF4, 0x75, 0xB5, 0x7C, 0x7C, 0x7C, 0x7C, 0x7C,
  0x7C, 0x7E, 0x7C, 0x4E, 0x4E, 0x7C, 0x7C, 0x7C, 0x7C, 0x7C, 0x7C, 0x7C, 0x7C, 0x7C, 0x7C, 0x4E,
  0x4E, 0x4E, 0x4E, 0x4E, 0x7C, 0x4E, 0x7C, 0x7C, 0x7C, 0x4E, 0x4E, 0x4E, 0x4E, 0x4E, 0x4E, 0x4E,
  0x4E, 0x4E, 0x4E, 0x4E, 0x4E, 0x4E, 0x4E, 0x4E, 0x4E, 0x4E, 0xD7, 0xC2, 0x39, 0x3A, 0xDC, 0xDC,
  0xA5, 0x77, 0xB5, 0x75, 0x75, 0x7C, 0x4E, 0x4E, 0x77, 0x77, 0x75, 0x75, 0x75, 0x75, 0x7C, 0xF4,
  0xB5, 0x75, 0xB5, 0x7C, 0x7C, 0x7C, 0x7C, 0x7C, 0x7C, 0x7E, 0x4E, 0x4E, 0x4E, 0x7C, 0x7C, 0x7C,
  0x7C, 0x7C, 0x7C, 0x7C, 0x7C, 0x7C, 0x7C, 0x4E, 0x4E, 0x4E, 0x4E, 0x4E, 0x4E, 0x4E, 0x7C, 0x7C,
  0x7C, 0x4E, 0x4E, 0x4E, 0x4E, 0x7C, 0x7C, 0x7C, 0x4E, 0x4E, 0x4E, 0x4E, 0x4E, 0x4E, 0x4E, 0x4E,
  0x4E, 0x4E, 0x4E, 0x4E, 0x4E, 0x4E, 0x4E, 0x4E, 0x4E, 0x7C, 0x4E, 0x4E, 0x4E, 0x7C, 0x4E, 0x4E,
  0x4E, 0x7C, 0x7C, 0x7C, 0x7C, 0x7C, 0x7C, 0x7C, 0x7E, 0x7E, 0x7C, 0x75, 0xB5, 0x7C, 0x7C, 0x92,
  0x4E, 0x92, 0x4E, 0xB5, 0xB5, 0xB5, 0xB5, 0xB5, 0xB5, 0xF4, 0xF7, 0xF7, 0xF4, 0x21, 0xDC, 0x80,
  0x20, 0x09, 0x0B, 0x10, 0xD6, 0x2C, 0x29, 0x2C, 0x29, 0x2C, 0x5B, 0x82, 0xB0, 0x55, 0x10, 0x9C,
  0x05, 0x07, 0x08, 0x08, 0x08, 0x05, 0x05, 0x07, 0x07, 0x07, 0x08, 0x07, 0x3F, 0x12, 0x12, 0x12,
  0x0B, 0x12, 0x12, 0x3F, 0x07, 0xE0, 0xBA, 0xE0, 0xE0, 0xD7, 0x36, 0xD7, 0xC2, 0xD7, 0xDD, 0xE2,
  0xC8, 0xD3, 0xDD, 0xC2, 0xC2, 0xD7, 0xD7, 0xDC, 0xF7, 0xDC, 0xF4, 0xF4, 0x75, 0xB5, 0x4F, 0x92,
  0xF7, 0xB5, 0x7C, 0x4E, 0x4E, 0x92, 0x4E, 0x4E, 0xB5, 0x75, 0xB5, 0x75, 0x7C, 0x92, 0x7C, 0xB5,
  0x7C, 0x7C, 0x7C, 0x7C, 0x7C, 0x7C, 0x7C, 0x7C, 0x7C, 0x7C, 0x4E, 0x4E, 0x7C, 0x7C, 0x4E, 0x4E,
  0x4E, 0x4E, 0x7D, 0x4E, 0x4E, 0x4E, 0x4E, 0x4E, 0x4E, 0x4E, 0x4E, 0x4E, 0x4E, 0x4E, 0x4E, 0x4E,
  0x7D, 0x4E, 0x4E, 0x4E, 0x4E, 0x4E, 0x4E, 0x4E, 0x4E, 0x4E, 0xDD, 0xC2, 0xD7, 0xD7, 0xD7, 0xDC,
  0x77, 0xDC, 0xF4, 0xF4, 0xF4, 0xB5, 0x7D, 0xB5, 0xF7, 0xB5, 0x7C, 0x4E, 0x92, 0x92, 0x4E, 0x4E,
  0xB5, 0x75, 0xB5, 0xB5, 0x7C, 0x7C, 0xB5, 0x7C, 0x7C, 0x7C, 0x7C, 0x7C, 0x7C, 0x7C, 0x7C, 0x7C,
  0x7C, 0x7C, 0x4E, 0x4E, 0x7C, 0x4E, 0x4E, 0x4E, 0x4E, 0x4E, 0x4E, 0x4E, 0x4E, 0x4E, 0x4E, 0x4E,
  0x4E, 0x4E, 0x4E, 0x4E, 0x4E, 0x4E, 0x7C, 0x7E, 0x4E, 0x4E, 0x4E, 0x4E, 0x4E, 0x4E, 0x4E, 0x4E,
  0x4E, 0x4E, 0x4E, 0x4E, 0x4E, 0x4E, 0x4E, 0x4E, 0x4F, 0x4E, 0x4E, 0x4E, 0x4E, 0x4E, 0x4E, 0x4E,
  0x4E, 0x4E, 0x4E, 0x7C, 0x7C, 0x4E, 0x7C, 0x92, 0x7C, 0x7C, 0x7C, 0x75, 0x75, 0xB5, 0xB5, 0x7C,
  0x75, 0xB5, 0x7C, 0xB5, 0x75, 0x75, 0x7C, 0x92, 0xB5, 0xF7, 0xF7, 0x77, 0xF7, 0x77, 0xF7, 0x50,
  0x04, 0x0D, 0x2C, 0xD6, 0x47, 0xC7, 0xC7, 0xC7, 0xC1, 0x0D, 0x47, 0x47, 0x2B, 0x29, 0x5B, 0xAF,
  0x10, 0x00, 0x05, 0x08, 0x08, 0x18, 0x08, 0xE0, 0x08, 0x07, 0x05, 0x05, 0x0B, 0x12, 0x12, 0x14,
  0x0B, 0x12, 0x12, 0x06, 0x07, 0x08, 0xE0, 0xE0, 0xC2, 0xD7, 0x36, 0xC2, 0x1A, 0x0A, 0x3D, 0xDD,
  0xDD, 0xDD, 0xDD, 0x36, 0xD7, 0xB8, 0xD7, 0xA5, 0xDC, 0xA5, 0xF4, 0xF4, 0xF7, 0x77, 0xB5, 0xF4,
  0xF4, 0x4E, 0x92, 0x4E, 0x4E, 0x4E, 0x4E, 0x92, 0xB5, 0x75, 0xF4, 0x75, 0x75, 0x7C, 0xB5, 0x75,
  0xB5, 0x7C, 0x75, 0x75, 0x75, 0x7E, 0x7E, 0x7C, 0x7C, 0x7C, 0x7C, 0x7C, 0x7C, 0x4E, 0x4E, 0x4E,
  0x4E, 0x7D, 0x7D, 0x4E, 0x7D, 0x4E, 0x4E, 0x4E, 0x4E, 0x4E, 0x4E, 0x4E, 0x7C, 0x4E, 0x4E, 0x4E,
  0x4E, 0x4E, 0x4E, 0x4E, 0x4E, 0x4E, 0x4E, 0x4E, 0x4E, 0x4E, 0xD3, 0xD7, 0xD7, 0xB8, 0xD7, 0xA5,
  0x80, 0xA5, 0xF4, 0x21, 0xF7, 0xF7, 0xB5, 0xF7, 0xF4, 0x4E, 0x4E, 0x4E, 0x4E, 0x92, 0x4E, 0x4E,
  0xB5, 0x75, 0xF4, 0x75, 0xB5, 0x7C, 0x75, 0x75, 0x7C, 0xB5, 0x75, 0x75, 0x75, 0x7E, 0x7E, 0x7C,
  0x7C, 0x7C, 0x7C, 0x7C, 0x7C, 0x4E, 0x4E, 0x4E, 0x4E, 0x7D, 0x7D, 0x4E, 0x7D, 0x4E, 0x4E, 0x4E,
  0x4E, 0x4E, 0x4E, 0x4E, 0x7D, 0x4E, 0x4E, 0x4E, 0x4E, 0x4E, 0x4E, 0x4E, 0x4E, 0x4E, 0x4E, 0x4E,
  0x4E, 0x4E, 0x4E, 0x4E, 0x4E, 0x4E, 0x4E, 0x4E, 0x4E, 0x4E, 0x4E, 0x4E, 0x4E, 0x4E, 0x4E, 0x7C,
  0x4E, 0x4E, 0x4E, 0x4E, 0x7C, 0x7C, 0x7C, 0x7E, 0x7E, 0x7C, 0xB5, 0xB5, 0x7C, 0x75, 0x75, 0x75,
  0x75, 0xF4, 0x75, 0xB5, 0x75, 0x75, 0x92, 0x4E, 0xB5, 0x75, 0xF7, 0x77, 0xDC, 0xDC, 0x1E, 0x00,
  0xD6, 0x2B, 0xC1, 0xFC, 0xFC, 0xC1, 0xC7, 0x47, 0x47, 0x8D, 0x0D, 0x0D, 0xC7, 0xE4, 0x47, 0x8B,
  0x82, 0x2C, 0x8A, 0x00, 0x07, 0x18, 0x08, 0xE0, 0x1A, 0x18, 0x05, 0x04, 0x0B, 0x12, 0x12, 0x14,
  0x0B, 0x12, 0x12, 0x06, 0x07, 0x07, 0x39, 0xE0, 0xC2, 0x36, 0x1B, 0x1A, 0x1A, 0x18, 0xE0, 0x3D,
  0xDD, 0xE2, 0xE2, 0xD7, 0x3A, 0xD7, 0xD7, 0xA5, 0xA5, 0xA5, 0xDC, 0x77, 0x77, 0xDC, 0x77, 0x77,
  0xF7, 0xB5, 0x4E, 0xB5, 0xB5, 0xB5, 0x92, 0x92, 0xB5, 0xF4, 0xF4, 0x75, 0xF4, 0x75, 0xB5, 0x4E,
  0x7C, 0x75, 0x75, 0x75, 0x7E, 0x7E, 0x7E, 0x75, 0x7E, 0x7E, 0x7E, 0x7C, 0x7C, 0x7C, 0x7C, 0x7C,
  0x4E, 0x7D, 0x7D, 0x4E, 0x4E, 0x4E, 0x7D, 0x4E, 0x4E, 0x4E, 0x4E, 0x4E, 0x4E, 0x4E, 0x4E, 0x4E,
  0x4E, 0x7D, 0x7D, 0x7D, 0x4E, 0x4E, 0x4E, 0x4E, 0x4E, 0x4E, 0xDD, 0xD4, 0xC2, 0xD7, 0x84, 0xA5,
  0xA5, 0xA5, 0xDC, 0x77, 0x77, 0xDC, 0x77, 0x77, 0xF7, 0x92, 0x4E, 0xB5, 0xB5, 0xB5, 0x92, 0x92,
  0xB5, 0xF4, 0xF4, 0x75, 0xF4, 0x75, 0x7C, 0x4E, 0x75, 0x75, 0x75, 0x75, 0x7E, 0x7E, 0x7E, 0x75,
  0x7E, 0x7E, 0x7E, 0x7C, 0x7C, 0x7C, 0x7C, 0x7C, 0x4E, 0x7D, 0x7D, 0x4E, 0x4E, 0x4E, 0x7D, 0x4E,
  0x4E, 0x4E, 0x7D, 0x4E, 0x4E, 0x4E, 0x4E, 0x4E, 0x4E, 0x4E, 0x4E, 0x4E, 0x4E, 0x4E, 0x4E, 0x7D,
  0x4E, 0x4E, 0x4E, 0x4E, 0x7D, 0x4E, 0x4E, 0x4E, 0x4E, 0x4E, 0x4E, 0x4E, 0x4E, 0x4E, 0x4E, 0x4E,
  0x4E, 0x4E, 0x4E, 0x4E, 0x4E, 0x7C, 0x4E, 0x7C, 0x92, 0x92, 0x7C, 0x7C, 0xB5, 0xF4, 0x75, 0x75,
  0xB5, 0x75, 0xB5, 0xB5, 0xB5, 0x75, 0xB5, 0xB5, 0x4E, 0x7C, 0x75, 0xF4, 0xF7, 0x1E, 0x0B, 0xD6,
  0x47, 0x0D, 0x8D, 0xC1, 0xC7, 0xC1, 0xC7, 0xC7, 0x0D, 0xB2, 0x94, 0x0D, 0x47, 0x47, 0x47, 0xC7,
  0x2C, 0x78, 0x42, 0x8A, 0x07, 0x08, 0x08, 0xE0, 0x1A, 0x07, 0x04, 0x04, 0x3F, 0x12, 0x12, 0x14,
  0x0B, 0x12, 0x12, 0x06, 0x05, 0x05, 0x05, 0x0A, 0xD7, 0xBA, 0xBA, 0x07, 0x07, 0x1A, 0x1A, 0x1A,
  0xC2, 0xE2, 0xE2, 0xDD, 0xC2, 0xD7, 0x73, 0x80, 0x80, 0xA5, 0xA5, 0xA5, 0xA5, 0x80, 0x80, 0x80,
  0x77, 0xF7, 0xF7, 0xB5, 0x92, 0xB5, 0x92, 0x4E, 0xB5, 0x21, 0x21, 0xF7, 0x21, 0x21, 0x75, 0x7C,
  0x75, 0x75, 0x75, 0x75, 0x7C, 0x7C, 0x7C, 0x7C, 0x7E, 0x7E, 0x7E, 0x7E, 0x7C, 0x7D, 0x4E, 0x4E,
  0x4E, 0x4E, 0x4E, 0x4E, 0x4E, 0x4E, 0x4E, 0x4E, 0x4E, 0x4E, 0x4E, 0x4E, 0x7D, 0x4E, 0x4E, 0x4E,
  0x4E, 0x7D, 0x7D, 0x7D, 0x7D, 0x7D, 0x7D, 0x4E, 0x4E, 0x7D, 0xDD, 0x36, 0xC2, 0xD7, 0xA5, 0x80,
  0x80, 0xA5, 0xA5, 0xA5, 0xA5, 0x80, 0x80, 0x80, 0x77, 0xF7, 0xF7, 0xB5, 0x92, 0xB5, 0x92, 0x4E,
  0xF4, 0x21, 0x21, 0xF7, 0x21, 0x21, 0xB5, 0x7C, 0xB5, 0x75, 0x75, 0x75, 0x7C, 0x7C, 0x7C, 0x7C,
  0x7E, 0x7E, 0x7E, 0x7E, 0x7C, 0x7D, 0x4E, 0x4E, 0x4E, 0x4E, 0x4E, 0x4E, 0x4E, 0x4E, 0x4E, 0x4E,
  0x4E, 0x4E, 0x4E, 0x7D, 0x4E, 0x4E, 0x7D, 0x4E, 0x7D, 0x4E, 0x4E, 0x4E, 0x4E, 0x4E, 0x4E, 0x7D,
  0x4E, 0x7D, 0x4E, 0x4E, 0x4E, 0x4E, 0x7D, 0x7D, 0x4E, 0x4E, 0x4E, 0x4E, 0x4E, 0x4E, 0x4E, 0x4E,
  0x7C, 0x4E, 0x7C, 0x7C, 0x4E, 0x4E, 0x4E, 0x4E, 0x4E, 0x4E, 0x4E, 0x75, 0x75, 0x7C, 0x92, 0xB5,
  0xB5, 0xF4, 0xF4, 0xB5, 0xB5, 0xB5, 0xB5, 0xF4, 0xF4, 0x21, 0xF7, 0xB5, 0xBC, 0x0B, 0xD6, 0x47,
  0xC1, 0xC7, 0xC1, 0xC7, 0xC7, 0xC7, 0x0D, 0x0D, 0xFC, 0x10, 0x94, 0x8A, 0x47, 0x47, 0x47, 0x47,
  0xC1, 0xD6, 0x5B, 0x29, 0x8A, 0x15, 0x08, 0x08, 0x1A, 0x05, 0x05, 0x05, 0x0B, 0x12, 0x12, 0x14,
  0x0B, 0x12, 0x12, 0x9C, 0x05, 0x05, 0x05, 0x39, 0xE0, 0x0A, 0x08, 0x18, 0x08, 0xBA, 0xE0, 0x18,
  0x1A, 0xD7, 0xB8, 0xD3, 0xDD, 0xD7, 0x80, 0xA5, 0x80, 0x80, 0x80, 0x80, 0xA5, 0x80, 0x80, 0x54,
  0x54, 0x77, 0xF7, 0xF7, 0xB5, 0x4F, 0x92, 0xB5, 0xF7, 0xF7, 0x75, 0xF4, 0x75, 0xB5, 0x75, 0x75,
  0x75, 0x75, 0x75, 0x7E, 0x7C, 0x7C, 0x4E, 0x4E, 0x7C, 0x7C, 0x7E, 0x7C, 0x92, 0x4E, 0x4E, 0x4E,
  0x4E, 0x7C, 0x7C, 0x7C, 0x4E, 0x4E, 0x4E, 0x7D, 0x4E, 0x4E, 0x7D, 0x7D, 0x7D, 0x7D, 0x4E, 0x4E,
  0x4E, 0x4E, 0x7D, 0x7D, 0x4E, 0x4E, 0x7D, 0x4E, 0x4E, 0x4E, 0xD3, 0xD3, 0xDD, 0x73, 0x80, 0xA5,
  0x80, 0xDC, 0x80, 0x80, 0x80, 0x80, 0x80, 0x54, 0x54, 0x77, 0x77, 0xF7, 0x92, 0x4E, 0x92, 0xB5,
  0xF7, 0xF7, 0x75, 0xF4, 0xF4, 0x75, 0x75, 0x75, 0x75, 0x75, 0x75, 0x7E, 0x7C, 0x7C, 0x4E, 0x4E,
  0x7C, 0x7C, 0x7E, 0x7C, 0x92, 0x4E, 0x4E, 0x4E, 0x4E, 0x7C, 0x7C, 0x4E, 0x4E, 0x4E, 0x4E, 0x7D,
  0x4E, 0x4E, 0x4E, 0x7D, 0x7D, 0x7D, 0x7D, 0x7D, 0x4E, 0x4E, 0x4E, 0x7D, 0x4E, 0x4E, 0x4E, 0x4E,
  0x4E, 0x4E, 0x4E, 0x4E, 0x4E, 0x4E, 0x7D, 0x7D, 0x4E, 0x4E, 0x4E, 0x4E, 0x4E, 0x4E, 0x4E, 0x4E,
  0x4E, 0x7C, 0x7C, 0x7C, 0x4E, 0x4E, 0x4E, 0x7C, 0x4E, 0x7C, 0x7C, 0x7C, 0x7C, 0x4E, 0x7C, 0x7C,
  0x7C, 0x75, 0xF4, 0xF4, 0xB5, 0xF4, 0xF4, 0xF7, 0xF7, 0xF7, 0xF7, 0xBC, 0x09, 0x10, 0x47, 0xC1,
  0xC7, 0xC7, 0xC7, 0xC1, 0xC7, 0xC7, 0xC7, 0xC1, 0x0D, 0xFC, 0xFC, 0x0D, 0x47, 0x47, 0x47, 0x47,
  0x47, 0xC1, 0xD6, 0x82, 0x2C, 0x00, 0x07, 0x08, 0x07, 0x05, 0x05, 0x07, 0x0B, 0x12, 0x12, 0x14,
  0x3F, 0x12, 0x12, 0x9C, 0x05, 0x05, 0x05, 0x61, 0x39, 0x08, 0x18, 0x18, 0x1A, 0xBA, 0xBA, 0x07,
  0x05, 0x39, 0xC2, 0xDD, 0xD7, 0x6F, 0x73, 0x73, 0x80, 0xDC, 0x77, 0xF7, 0xF4, 0xF4, 0xF4, 0xF4,
  0xF4, 0xF7, 0x77, 0x77, 0x77, 0xF7, 0xF4, 0xF4, 0xF4, 0xF4, 0xF4, 0xF4, 0x75, 0x75, 0xB5, 0x75,
  0x75, 0x75, 0x7C, 0x7E, 0x7C, 0x7C, 0x7C, 0x92, 0x92, 0xB5, 0xB5, 0x92, 0x92, 0x4E, 0x92, 0x4E,
  0x4E, 0x7C, 0x7C, 0x4E, 0x4E, 0x4E, 0x4E, 0x7D, 0x7D, 0x7D, 0x4E, 0x7D, 0x4E, 0x7D, 0x4E, 0x4E,
  0x4E, 0x7D, 0x7D, 0x7D, 0x4E, 0x7D, 0x7D, 0x4E, 0x4E, 0x4E, 0xD7, 0xDD, 0xD7, 0x6F, 0x73, 0xA5,
  0x80, 0x77, 0x77, 0xF7, 0xF4, 0xF4, 0xF4, 0xF4, 0xF4, 0xF7, 0x77, 0x77, 0x77, 0xF7, 0xF4, 0xF4,
  0xF4, 0xF4, 0xF4, 0xF4, 0xB5, 0x75, 0x7C, 0x75, 0x75, 0x75, 0x7C, 0x7E, 0x7C, 0x7C, 0x7C, 0x92,
  0x7C, 0x75, 0x75, 0x4E, 0x92, 0x92, 0x92, 0x4E, 0x4E, 0x7C, 0x7C, 0x4E, 0x4E, 0x4E, 0x4E, 0x7D,
  0x7D, 0x7D, 0x7D, 0x7D, 0x7D, 0x7D, 0x4E, 0x7D, 0x7D, 0x4E, 0x4E, 0x4E, 0x4E, 0x4E, 0x4E, 0x4E,
  0x4E, 0x4E, 0x4E, 0x4E, 0x4E, 0x4E, 0x7C, 0x4E, 0x7C, 0x7C, 0x7C, 0x4E, 0x7C, 0x7C, 0x7C, 0x7C,
  0x7C, 0x7C, 0x7C, 0x7C, 0x4E, 0x7C, 0x7C, 0x7C, 0x7C, 0x7C, 0x4E, 0x7C, 0x92, 0x7C, 0x92, 0x7C,
  0x7C, 0x75, 0xF4, 0x21, 0xF7, 0xF7, 0xF4, 0xF4, 0xF7, 0x77, 0xBC, 0x1D, 0x0B, 0x2D, 0xC1, 0x47,
  0x0D, 0x94, 0x10, 0xC1, 0xC7, 0xC7, 0xC7, 0xC1, 0x10, 0x94, 0xD6, 0x47, 0x47, 0x47, 0x47, 0x47,
  0x47, 0x47, 0x0D, 0x2C, 0x8B, 0x10, 0x00, 0x07, 0x07, 0x07, 0x07, 0x07, 0x0B, 0x12, 0x12, 0x14,
  0x3F, 0x12, 0x12, 0x9C, 0x05, 0x07, 0x08, 0x18, 0x05, 0x08, 0x07, 0x0A, 0xD7, 0xE0, 0x1A, 0x05,
  0x39, 0x39, 0x1A, 0xC2, 0x3A, 0x0A, 0x6F, 0x6F, 0x80, 0x77, 0x77, 0x75, 0x75, 0x75, 0xB5, 0x75,
  0xF4, 0x75, 0xF7, 0x77, 0x77, 0xF7, 0xB5, 0xB5, 0xB5, 0xB5, 0xB5, 0x75, 0x75, 0x7C, 0x7C, 0x7C,
  0x7C, 0x7C, 0x7C, 0x7C, 0x7E, 0x7E, 0x7C, 0x7C, 0xB5, 0xB5, 0x92, 0x7D, 0x7D, 0x7D, 0x92, 0x7C,
  0x4E, 0x4E, 0x7C, 0x4E, 0x4E, 0x7C, 0x4E, 0x4E, 0x4E, 0x4E, 0x4E, 0x4E, 0x4E, 0x4E, 0x7D, 0x7D,
  0x7D, 0x7D, 0x7D, 0x7D, 0x4E, 0x4E, 0x7D, 0x7D, 0x7D, 0x4E, 0x0A, 0x3A, 0x3A, 0x0A, 0x6F, 0x73,
  0x80, 0x77, 0xF7, 0x75, 0x75, 0x75, 0xB5, 0x75, 0xF4, 0xF4, 0xF7, 0x77, 0x77, 0xF7, 0xB5, 0xB5,
  0xB5, 0xB5, 0x75, 0x75, 0x7E, 0x7C, 0x7C, 0x7C, 0x7C, 0x7C, 0x7C, 0x7C, 0x7E, 0x7E, 0x7C, 0x7C,
  0xB5, 0xB5, 0x4F, 0x7D, 0x7D, 0x7D, 0x92, 0x7C, 0x4E, 0x4E, 0x7C, 0x4E, 0x4E, 0x7C, 0x4E, 0x4E,
  0x4E, 0x4E, 0x4E, 0x4E, 0x4E, 0x4E, 0x4E, 0x7D, 0x4E, 0x4E, 0x4E, 0x4E, 0x7C, 0x4E, 0x4E, 0x4E,
  0x4E, 0x4E, 0x4E, 0x4E, 0x7C, 0x7C, 0x7C, 0x7E, 0x7C, 0x7C, 0x7C, 0x7C, 0x4E, 0x4E, 0x4E, 0x4E,
  0x4E, 0x4E, 0x4E, 0x7C, 0x4E, 0x7C, 0x7C, 0x4E, 0x4E, 0x4E, 0x4E, 0x4E, 0x4E, 0x7C, 0x7C, 0x7C,
  0x7C, 0xB5, 0xB5, 0x75, 0xF4, 0xF4, 0xF7, 0xF7, 0xF7, 0xF7, 0xBC, 0x11, 0x10, 0x0D, 0x8D, 0x47,
  0xFC, 0x94, 0x94, 0x0D, 0xC7, 0xC1, 0x47, 0x0D, 0x94, 0x58, 0x94, 0x0D, 0xC1, 0x47, 0x47, 0x0D,
  0x0D, 0x0D, 0x0D, 0x0D, 0x8B, 0xAF, 0x8A, 0x04, 0x07, 0x08, 0x08, 0x07, 0x0B, 0x12, 0x12, 0x14,
  0x3F, 0x12, 0x12, 0x06, 0x05, 0x1A, 0x08, 0x08, 0x05, 0x07, 0x1A, 0xBA, 0x0A, 0x1A, 0x07, 0x1A,
  0x1A, 0x0A, 0x3A, 0xD7, 0x0A, 0xD7, 0x6F, 0x6F, 0x80, 0x77, 0xF7, 0xF4, 0x75, 0x75, 0xF4, 0xF4,
  0xF4, 0xF7, 0xF4, 0x21, 0xF7, 0x75, 0xF4, 0x7C, 0x7C, 0x7C, 0x7C, 0x7C, 0x7C, 0x4E, 0x7C, 0x7C,
  0x4E, 0x4E, 0x7C, 0x7C, 0x7C, 0x4E, 0x7C, 0x75, 0xB5, 0xF4, 0xB5, 0x4F, 0xE7, 0x4F, 0xB5, 0xF4,
  0x7C, 0x7C, 0x7C, 0x7C, 0x7C, 0x4E, 0x7C, 0x7C, 0x4E, 0x4E, 0x4E, 0x4E, 0x4E, 0x4E, 0x7D, 0x7D,
  0x7D, 0x7D, 0x7D, 0x7D, 0x4E, 0x4E, 0x7D, 0x4E, 0x4E, 0x4E, 0xD7, 0x0A, 0x0A, 0xD7, 0x6F, 0x73,
  0x80, 0x77, 0xF7, 0xF4, 0x75, 0x75, 0xF4, 0xF4, 0x21, 0xF7, 0xF4, 0x21, 0x21, 0x75, 0xB5, 0x7C,
  0x7C, 0x7C, 0x7C, 0x7C, 0x7C, 0x4E, 0x7C, 0x7C, 0x4E, 0x4E, 0x7C, 0x7C, 0x4E, 0x4E, 0x7C, 0x75,
  0xB5, 0xF4, 0xB5, 0x7D, 0xE7, 0x4F, 0xB5, 0xF4, 0x7C, 0x7C, 0x7C, 0x7C, 0x7C, 0x4E, 0x7C, 0x4E,
  0x4E, 0x4E, 0x4E, 0x7D, 0x4E, 0x4E, 0x4E, 0x4E, 0x4E, 0x4E, 0x4E, 0x4E, 0x7C, 0x4E, 0x4E, 0x4E,
  0x7C, 0x7C, 0x7C, 0x7C, 0x7C, 0x7C, 0x7C, 0x7C, 0x7C, 0x7C, 0x7C, 0x7C, 0x4E, 0x4E, 0x4E, 0x4E,
  0x4E, 0x4E, 0x4E, 0x4E, 0x7C, 0x7C, 0x7C, 0x7C, 0x4E, 0x4E, 0x4E, 0x4E, 0x4E, 0x92, 0x7C, 0x7C,
  0x7C, 0x7C, 0x7C, 0x7C, 0x92, 0xB5, 0xF4, 0xF7, 0x77, 0xBC, 0x1E, 0xFC, 0xC1, 0xFC, 0x0D, 0x0D,
  0x0D, 0x0E, 0x0D, 0xC7, 0x47, 0x47, 0x47, 0x0D, 0x14, 0x49, 0x94, 0xFC, 0x0D, 0x47, 0x47, 0x10,
  0x8C, 0x94, 0x0D, 0xC7, 0x47, 0x8B, 0x2D, 0x00, 0x07, 0x1A, 0x08, 0x06, 0x0B, 0x12, 0x12, 0x12,
  0x3F, 0x01, 0x12, 0x06, 0x07, 0x08, 0xE0, 0xE0, 0x07, 0x18, 0xE0, 0xE0, 0x1A, 0x08, 0x07, 0x07,
  0x0A, 0xD7, 0x6F, 0x0A, 0xD7, 0x0A, 0x6F, 0x73, 0x77, 0x77, 0xF7, 0xF4, 0x75, 0xF4, 0x75, 0xF4,
  0xF4, 0xF4, 0xF4, 0xF4, 0x75, 0x75, 0x75, 0x75, 0x7C, 0x7C, 0x7C, 0x7C, 0x7C, 0x7C, 0x7C, 0x4E,
  0x4E, 0x7C, 0x7C, 0x7C, 0x7C, 0x7C, 0x7C, 0x7E, 0x75, 0xF4, 0x75, 0xB5, 0xB5, 0xF4, 0xF7, 0x21,
  0x75, 0x75, 0x7E, 0x7E, 0x7E, 0x7C, 0x4E, 0x7C, 0x7C, 0x4E, 0x4E, 0x4E, 0x4E, 0x7D, 0x7D, 0x4E,
  0x7D, 0x7D, 0x7D, 0x7D, 0x7D, 0x7D, 0x4E, 0x4E, 0x4E, 0x4E, 0xD7, 0x0A, 0xBA, 0x0A, 0x6F, 0x73,
  0x77, 0x77, 0x77, 0x21, 0x75, 0xF4, 0x75, 0xF4, 0xF4, 0xF4, 0xF4, 0xF4, 0x75, 0x75, 0x75, 0x75,
  0x7C, 0x7E, 0x7C, 0x7C, 0x4E, 0x7C, 0x7C, 0x4E, 0x4E, 0x7C, 0x7C, 0x7C, 0x7C, 0x7C, 0x7C, 0x75,
  0x75, 0xF4, 0x75, 0xB5, 0xB5, 0xF4, 0xF7, 0x21, 0x75, 0x75, 0x7E, 0x7E, 0x7E, 0x7C, 0x4E, 0x7C,
  0x7C, 0x4E, 0x4E, 0x4E, 0x7D, 0x7D, 0x4E, 0x4E, 0x4E, 0x7D, 0x7D, 0x4E, 0x4E, 0x4E, 0x4E, 0x4E,
  0x4E, 0x7C, 0x7C, 0x7E, 0x7C, 0x7C, 0x7C, 0x4E, 0x4E, 0x7C, 0x7C, 0x7C, 0x7C, 0x7C, 0x7C, 0x4E,
  0x4E, 0x7C, 0x7C, 0x7C, 0x7C, 0x7E, 0x7C, 0x7C, 0x4E, 0x4E, 0x7C, 0x92, 0x7C, 0xB5, 0xB5, 0x7C,
  0xB5, 0x7C, 0x7C, 0x7C, 0xB5, 0x7E, 0xB5, 0xF4, 0xF7, 0xBC, 0x11, 0x8A, 0x0D, 0x0D, 0xC1, 0xC1,
  0xC7, 0xC7, 0xC1, 0x47, 0xC1, 0xC1, 0xC1, 0x0D, 0x8A, 0x14, 0x0B, 0x0D, 0x47, 0xC7, 0x0D, 0x94,
  0x58, 0x10, 0x47, 0x47, 0x0D, 0x2C, 0x2C, 0x0E, 0x15, 0x07, 0x07, 0x07, 0x01, 0x12, 0x12, 0x12,
  0x0B, 0x12, 0x12, 0x06, 0x07, 0x08, 0x1A, 0xE0, 0x08, 0x61, 0x08, 0x1A, 0x08, 0xE0, 0x1A, 0x11,
  0x0A, 0xD7, 0xD7, 0xD7, 0xBA, 0x3A, 0x6F, 0x80, 0x77, 0x77, 0x77, 0xF4, 0x21, 0x21, 0xF4, 0x75,
  0x75, 0x75, 0x75, 0xF4, 0xB5, 0x75, 0x75, 0x7E, 0x7E, 0x75, 0x75, 0x75, 0x7C, 0x7C, 0x7C, 0x4E,
  0x7C, 0x7C, 0x7C, 0x7C, 0x7C, 0x7C, 0x7C, 0x7C, 0x75, 0xB5, 0xB5, 0xB5, 0xB5, 0xF4, 0x21, 0x75,
  0x7E, 0x7C, 0x7E, 0x7C, 0x7C, 0x4E, 0x7D, 0x4E, 0x4E, 0x4E, 0x4E, 0x4E, 0x4E, 0x4E, 0x4E, 0x4E,
  0x4E, 0x4E, 0x4E, 0x7D, 0x4E, 0x4E, 0x7D, 0x7D, 0x7D, 0x7D, 0xD7, 0xD7, 0xD7, 0x3A, 0x6F, 0x80,
  0x77, 0x77, 0xF7, 0xF4, 0xF4, 0x21, 0x21, 0x75, 0x75, 0xF4, 0xB5, 0x75, 0x75, 0x75, 0x75, 0x7E,
  0x7E, 0x75, 0x75, 0x75, 0x7C, 0x7C, 0x4E, 0x4E, 0x7C, 0x7C, 0x7C, 0x7C, 0x7C, 0x7C, 0x7C, 0x7C,
  0x75, 0xB5, 0xB5, 0xB5, 0xB5, 0xF4, 0xF4, 0x7E, 0x7E, 0x7C, 0x7E, 0x7C, 0x7C, 0x4E, 0x4E, 0x4E,
  0x4E, 0x4E, 0x4E, 0x4E, 0x4E, 0x4E, 0x4E, 0x7D, 0x7D, 0x7D, 0x4E, 0x4E, 0x4E, 0x4E, 0x4E, 0x7C,
  0x4E, 0x7C, 0x4E, 0x4E, 0x7C, 0x4E, 0x4E, 0x4E, 0x7C, 0x7C, 0x7C, 0x7C, 0x7E, 0x7C, 0x7C, 0x4E,
  0x4E, 0x4E, 0x7E, 0x7C, 0x7C, 0x7C, 0x4E, 0x7C, 0x7C, 0x7C, 0x7C, 0x75, 0xB5, 0x75, 0xB5, 0xB5,
  0xB5, 0xB5, 0xB5, 0xB5, 0xB5, 0x75, 0xB5, 0xF4, 0xB5, 0x50, 0x09, 0x14, 0x0B, 0x8A, 0x0D, 0x0D,
  0x0D, 0xC7, 0x47, 0x47, 0x0F, 0x0D, 0x47, 0xC7, 0x0D, 0xFC, 0x0D, 0xC7, 0x47, 0x47, 0x0D, 0x14,
  0x94, 0x0D, 0xC1, 0x0D, 0xC7, 0x47, 0x29, 0x0D, 0x15, 0x07, 0x07, 0x07, 0x01, 0x12, 0x12, 0x12,
  0x3F, 0x12, 0x12, 0x3F, 0x05, 0x07, 0x08, 0x08, 0x08, 0x1A, 0x07, 0x08, 0xBA, 0x52, 0x3D, 0xE0,
  0x0A, 0xD7, 0xD4, 0xD7, 0x9F, 0xB8, 0x0A, 0x73, 0x80, 0xA5, 0xA5, 0xDC, 0x77, 0xF7, 0xF4, 0x75,
  0x7C, 0xB5, 0x7E, 0xB5, 0x75, 0x7E, 0x7E, 0x7C, 0x7E, 0x75, 0x75, 0xF4, 0x7E, 0x4E, 0x4E, 0x4E,
  0x4E, 0x4E, 0x7C, 0x7C, 0x7C, 0x7E, 0x7C, 0x7E, 0x7E, 0x7C, 0x7C, 0x7C, 0x4E, 0x7C, 0x7C, 0x7C,
  0x7C, 0x4E, 0x4E, 0x4E, 0x4E, 0x4E, 0x7D, 0x4E, 0x4E, 0x4E, 0x4E, 0x4E, 0x4E, 0x4E, 0x4E, 0x4E,
  0x4E, 0x4E, 0x4E, 0x4E, 0x4E, 0x4E, 0x4E, 0x7D, 0x7D, 0x7D, 0xD7, 0xB8, 0x9F, 0xBA, 0x0A, 0x80,
  0xA5, 0xA5, 0xA5, 0xDC, 0x77, 0xF4, 0xF4, 0x75, 0x7C, 0x7E, 0x7E, 0xB5, 0x7E, 0x75, 0x7E, 0x7C,
  0x7E, 0x75, 0xF4, 0x75, 0x7E, 0x4E, 0x4E, 0x4E, 0x4E, 0x4E, 0x7C, 0x7C, 0x7E, 0x7E, 0x7C, 0x7E,
  0x7E, 0x7C, 0x7C, 0x7C, 0x4E, 0x7C, 0x7C, 0x7C, 0x7C, 0x4E, 0x4E, 0x4E, 0x4E, 0x4E, 0x7D, 0x4E,
  0x4E, 0x4E, 0x4E, 0x4E, 0x4E, 0x4E, 0x4E, 0x7D, 0x4E, 0x4E, 0x4E, 0x4E, 0x4E, 0x4E, 0x7C, 0x7C,
  0x7C, 0x4E, 0x4E, 0x4E, 0x4E, 0x4E, 0x4E, 0x92, 0x92, 0x4E, 0x4E, 0x7C, 0x7E, 0x7C, 0x4E, 0x4E,
  0x4E, 0x7C, 0x7C, 0x7C, 0x7C, 0x7E, 0x7E, 0x4E, 0x4E, 0x7E, 0x75, 0x75, 0xB5, 0xB5, 0x75, 0xF4,
  0xF4, 0xF4, 0xF4, 0xB5, 0xB5, 0xB5, 0xF4, 0xF4, 0xB5, 0x6F, 0x49, 0xB6, 0x64, 0x8E, 0xDA, 0x8C,
  0x94, 0x10, 0xFC, 0x0D, 0xC1, 0x0D, 0xC1, 0x47, 0x47, 0x47, 0x47, 0xC7, 0xC7, 0x47, 0xC7, 0x8A,
  0x0D, 0x0D, 0x0D, 0x10, 0x0D, 0xC1, 0x2C, 0xD6, 0x00, 0x05, 0x07, 0x07, 0x3F, 0x12, 0x12, 0x12,
  0x3F, 0x12, 0x12, 0x3F, 0x05, 0x05, 0x05, 0x08, 0x08, 0x08, 0x07, 0x07, 0xBA, 0x3D, 0xDD, 0x36,
  0xD7, 0x0A, 0x1A, 0x52, 0x53, 0x5E, 0x36, 0xD3, 0xED, 0xD3, 0xD3, 0xD3, 0xD3, 0xA5, 0xF4, 0xB5,
  0x75, 0x75, 0x75, 0xB5, 0xB5, 0x75, 0x75, 0x7E, 0x7C, 0x75, 0x75, 0x75, 0x75, 0x7E, 0x7E, 0x7C,
  0x7C, 0x7C, 0x7C, 0x7E, 0x7E, 0x7E, 0x7E, 0x7E, 0x7E, 0x7C, 0x4E, 0x7C, 0x7C, 0x7C, 0x7C, 0x7C,
  0x7C, 0x4E, 0x4E, 0x4E, 0x4E, 0x4E, 0x4E, 0x4E, 0x7D, 0x4E, 0x4E, 0x4E, 0x4E, 0x4E, 0x4E, 0x4E,
  0x4E, 0x4E, 0x4E, 0x4E, 0x4E, 0x4E, 0x4E, 0x4E, 0x4E, 0x4E, 0x0A, 0xBA, 0x22, 0x1B, 0xB8, 0xD3,
  0xED, 0xD3, 0xD3, 0xD3, 0xDC, 0xA5, 0xF4, 0x75, 0x75, 0x75, 0x75, 0xB5, 0x7E, 0x75, 0x75, 0x7E,
  0x7C, 0x75, 0x75, 0x75, 0x75, 0x7E, 0x7E, 0x7C, 0x7C, 0x7C, 0x7C, 0x7E, 0x7E, 0x7E, 0x7E, 0x7E,
  0x7E, 0x7C, 0x4E, 0x7C, 0x7C, 0x7C, 0x7C, 0x7C, 0x4E, 0x4E, 0x4E, 0x4E, 0x4E, 0x4E, 0x4E, 0x4E,
  0x7D, 0x4E, 0x4E, 0x4E, 0x4E, 0x4E, 0x4E, 0x4E, 0x4E, 0x4E, 0x4E, 0x4E, 0x4E, 0x4E, 0x4E, 0x4E,
  0x7C, 0x4E, 0x4E, 0x4E, 0x4E, 0x4E, 0x7C, 0xB5, 0x4E, 0x92, 0x7C, 0x7C, 0x7C, 0x7C, 0x4E, 0x4E,
  0x4E, 0x7C, 0x4E, 0x7C, 0x7C, 0x7C, 0x7C, 0x4E, 0x7C, 0x7C, 0x75, 0x75, 0xB5, 0xB5, 0xF4, 0xB5,
  0xF4, 0xF7, 0x77, 0xF7, 0xF7, 0xF7, 0xF7, 0xF7, 0xF4, 0x6C, 0xFF, 0xAE, 0xAE, 0x99, 0xB7, 0xB7,
  0xB7, 0xB6, 0xB9, 0xDA, 0x8C, 0x8C, 0x10, 0xFC, 0x0D, 0x47, 0x47, 0xC7, 0x47, 0x47, 0x47, 0xC1,
  0x0D, 0x0D, 0xFC, 0xFC, 0xFC, 0x0D, 0xD6, 0x2C, 0x0E, 0x15, 0x07, 0x07, 0x3F, 0x12, 0x12, 0x12,
  0x3F, 0x12, 0x12, 0x3F, 0x05, 0x05, 0x05, 0x07, 0xBA, 0x09, 0x11, 0x05, 0x1A, 0xE0, 0xC2, 0x3A,
  0xC2, 0xBA, 0x09, 0x8A, 0x13, 0x36, 0xC8, 0xE8, 0xC8, 0xC8, 0xDD, 0x36, 0xE2, 0xD7, 0xDC, 0xF4,
  0xF4, 0x77, 0xF4, 0xB5, 0xB5, 0x7C, 0x7C, 0x7C, 0x7C, 0xB5, 0x75, 0xB5, 0x75, 0x75, 0x7C, 0x7E,
  0x7C, 0x7E, 0x7E, 0x7E, 0x7E, 0x7E, 0x7E, 0x7C, 0x7C, 0x7C, 0x7C, 0x4E, 0x7C, 0x7C, 0x4E, 0x7C,
  0x4E, 0x4E, 0x7C, 0x7C, 0x4E, 0x4E, 0x4E, 0x4E, 0x4E, 0x4E, 0x4E, 0x4E, 0x4E, 0x4E, 0x4E, 0x4E,
  0x4E, 0x4E, 0x4E, 0x4E, 0x4E, 0x7D, 0x7D, 0x7D, 0x4E, 0x4E, 0x0B, 0x8A, 0x13, 0xB8, 0xC8, 0xE8,
  0xC8, 0xC8, 0x36, 0x36, 0xE2, 0xD7, 0xDC, 0xF4, 0xF4, 0x77, 0x75, 0xB5, 0x7C, 0x7C, 0x7C, 0x7C,
  0x7C, 0x75, 0x75, 0x7C, 0xB5, 0x75, 0x7C, 0x7E, 0x7C, 0x7E, 0x7E, 0x7E, 0x7E, 0x7E, 0x7E, 0x7C,
  0x7C, 0x7C, 0x7C, 0x7C, 0x7C, 0x4E, 0x4E, 0x4E, 0x4E, 0x4E, 0x7C, 0x4E, 0x7C, 0x4E, 0x4E, 0x4E,
  0x4E, 0x4E, 0x4E, 0x7D, 0x7D, 0x7D, 0x4E, 0x4E, 0x4E, 0x4E, 0x7D, 0x4E, 0x4E, 0x4E, 0x4E, 0x4E,
  0x4E, 0x4E, 0x4E, 0x4E, 0x4E, 0x7C, 0xB5, 0x92, 0xE7, 0x7D, 0x4F, 0x92, 0xB5, 0x7C, 0x7C, 0x7C,
  0x7C, 0x7C, 0x7C, 0x4E, 0x4E, 0x4E, 0x7C, 0x7E, 0x7C, 0x7C, 0x7C, 0x7C, 0x92, 0x92, 0xB5, 0xB5,
  0xB5, 0xF4, 0xF4, 0xF4, 0xF7, 0x77, 0x77, 0xF7, 0xF7, 0x1F, 0x99, 0xFE, 0x34, 0xB6, 0xB6, 0x99,
  0x99, 0x99, 0xB7, 0x99, 0xB7, 0x93, 0xB7, 0x9D, 0xB9, 0x72, 0x55, 0x10, 0x0D, 0x0D, 0x0D, 0x0D,
  0x0D, 0xC1, 0x0D, 0xFC, 0x0D, 0xC7, 0x47, 0x2B, 0xFC, 0x00, 0x11, 0x07, 0x3F, 0x12, 0x12, 0x12,
  0x3F, 0x12, 0x12, 0x06, 0x05, 0x05, 0x05, 0x61, 0x08, 0x08, 0x39, 0x1A, 0x1A, 0x1A, 0x1A, 0x0A,
  0x39, 0x1A, 0x8A, 0x94, 0x13, 0xED, 0xED, 0xC8, 0xED, 0xE2, 0xE2, 0xDD, 0xD7, 0x84, 0xA5, 0xDC,
  0x77, 0xA5, 0xDC, 0xF4, 0xF7, 0x75, 0x7C, 0x4E, 0x92, 0x75, 0x75, 0xF4, 0xB5, 0x4F, 0x7D, 0x75,
  0x75, 0x75, 0x7E, 0x7E, 0x7C, 0x7C, 0x7C, 0x7E, 0x7C, 0x4E, 0x7C, 0x4E, 0x7C, 0x4E, 0x7D, 0x7D,
  0x4E, 0x4E, 0x7C, 0x7C, 0x7C, 0x4E, 0x4E, 0x4E, 0x4E, 0x4E, 0x4E, 0x4E, 0x4E, 0x4E, 0x4E, 0x4E,
  0x4E, 0x7D, 0x4E, 0x4E, 0x4E, 0x7D, 0x7D, 0x7D, 0x7D, 0x4E, 0x94, 0x2D, 0x3D, 0xED, 0xED, 0xC8,
  0xDD, 0xE2, 0xD7, 0xDD, 0xD4, 0x6F, 0xA5, 0x77, 0x77, 0xA5, 0x77, 0xF4, 0xF7, 0xB5, 0x92, 0x4E,
  0x92, 0x75, 0x75, 0xF4, 0xB5, 0x7D, 0x4E, 0x75, 0x75, 0x75, 0x7E, 0x7E, 0x7C, 0x7C, 0x7C, 0x7C,
  0x7C, 0x4E, 0x7C, 0x4E, 0x7C, 0x4E, 0x7D, 0x7D, 0x4E, 0x4E, 0x7C, 0x7C, 0x7C, 0x4E, 0x4E, 0x4E,
  0x4E, 0x4E, 0x4E, 0x4E, 0x4E, 0x4E, 0x4E, 0x4E, 0x4E, 0x4E, 0x7D, 0x4E, 0x4E, 0x4E, 0x4E, 0x4E,
  0x4E, 0x4E, 0x4E, 0x4E, 0x4E, 0x7C, 0x75, 0x92, 0x7D, 0x7D, 0x4F, 0xB5, 0xF7, 0xF4, 0x7C, 0x7C,
  0x7C, 0x7C, 0x4E, 0x4E, 0x4E, 0x4E, 0x4E, 0x4E, 0x7D, 0x4E, 0x4E, 0x92, 0x7C, 0x75, 0xF4, 0xB5,
  0xF4, 0xF7, 0xF4, 0xB5, 0xF4, 0xF7, 0xF4, 0xF4, 0x20, 0x1F, 0xB6, 0xB6, 0x34, 0x34, 0x99, 0x56,
  0x37, 0x37, 0x8E, 0xB7, 0xB6, 0xFE, 0x99, 0xB3, 0xB7, 0x93, 0x70, 0xAB, 0xB9, 0xDA, 0x8C, 0x94,
  0x10, 0xFC, 0x0D, 0x0D, 0xC1, 0xC7, 0xC7, 0x2B, 0xFC, 0x15, 0x06, 0x07, 0x3F, 0x12, 0x12, 0x12,
  0x3F, 0x12, 0x12, 0x3F, 0x07, 0x07, 0x1A, 0x05, 0x05, 0x11, 0x1A, 0x1A, 0x07, 0x1A, 0x0A, 0xBA,
  0xE0, 0x1A, 0x0B, 0x14, 0x1C, 0xF9, 0xE2, 0x3D, 0x1B, 0xB8, 0xD7, 0xD7, 0xD7, 0x80, 0xDC, 0x77,
  0x77, 0xDC, 0x80, 0x77, 0xDC, 0xF7, 0xB5, 0x75, 0x21, 0xF4, 0xF4, 0x77, 0xF7, 0xB5, 0xB5, 0xF4,
  0x77, 0x21, 0x75, 0x75, 0x75, 0x75, 0x7E, 0x7E, 0x7C, 0x4E, 0x4E, 0x4E, 0x7C, 0x7C, 0x4E, 0x4E,
  0x4E, 0x4E, 0x4E, 0x4E, 0x7C, 0x4E, 0x4E, 0x4E, 0x7D, 0x4E, 0x4E, 0x4E, 0x4E, 0x4E, 0x4E, 0x4E,
  0x4E, 0x4E, 0x4E, 0x4E, 0x7D, 0x4E, 0x4E, 0x4E, 0x7D, 0x4E, 0x79, 0x14, 0x1C, 0xF9, 0xD7, 0x3D,
  0x1B, 0xB8, 0xD7, 0x84, 0xB8, 0x80, 0xDC, 0x77, 0x77, 0xDC, 0xDC, 0x77, 0xDC, 0xF7, 0xB5, 0x75,
  0x21, 0xF4, 0xF4, 0x77, 0xF4, 0xB5, 0xB5, 0xF4, 0x77, 0xF4, 0x75, 0x75, 0x75, 0x7E, 0x7E, 0x7E,
  0x7C, 0x4E, 0x4E, 0x4E, 0x7C, 0x7C, 0x4E, 0x4E, 0x4E, 0x4E, 0x4E, 0x4E, 0x7C, 0x4E, 0x4E, 0x4E,
  0x4E, 0x4E, 0x7D, 0x7D, 0x7D, 0x4E, 0x4E, 0x4E, 0x4E, 0x7D, 0x4E, 0x4E, 0x4E, 0x4E, 0x4E, 0x7C,
  0x4E, 0x4E, 0x4E, 0x4E, 0x4E, 0x4E, 0x7C, 0xB5, 0xF4, 0xF4, 0xF7, 0xF7, 0xF4, 0xF7, 0x75, 0x4E,
  0x4E, 0x4E, 0x4E, 0x4E, 0x4E, 0x4E, 0x4E, 0x7C, 0x7D, 0x4E, 0x7C, 0x7C, 0xB5, 0x21, 0xF4, 0xB5,
  0xF4, 0xF7, 0x92, 0x92, 0xF4, 0xF4, 0xF4, 0xF4, 0x80, 0x1F, 0xB6, 0x45, 0xAE, 0xB6, 0x1F, 0x16,
  0x11, 0x16, 0x19, 0x64, 0xB7, 0xB7, 0xAE, 0x8E, 0xB7, 0xBE, 0x99, 0x99, 0x99, 0x99, 0x99, 0xB7,
  0x9D, 0xB9, 0xDA, 0x8C, 0x94, 0x8A, 0x0E, 0x10, 0x0E, 0x15, 0x06, 0x07, 0x3F, 0x12, 0x12, 0x12,
  0x3F, 0x12, 0x12, 0x06, 0x07, 0x08, 0x08, 0x07, 0x05, 0x07, 0x07, 0x1A, 0x07, 0x1A, 0x1A, 0x39,
  0x39, 0xC2, 0x1A, 0x0B, 0x1E, 0x1B, 0x1B, 0x14, 0x14, 0x09, 0x0A, 0xA5, 0x80, 0xDC, 0xDC, 0xF7,
  0xF7, 0xF7, 0xF7, 0xF7, 0xF4, 0xF4, 0xF4, 0xF7, 0x21, 0x21, 0x75, 0xF4, 0xF4, 0xF4, 0xB5, 0xB5,
  0xF4, 0xB5, 0x75, 0x7E, 0x75, 0x75, 0x7E, 0x7C, 0x7C, 0x7C, 0x7C, 0x4E, 0x4E, 0x7C, 0x7C, 0x4E,
  0x4E, 0x4E, 0x4E, 0x4E, 0x4E, 0x7D, 0x4E, 0x4E, 0x7C, 0x4E, 0x4E, 0x4E, 0x7D, 0x4E, 0x4E, 0x4E,
  0x4E, 0x4E, 0x4E, 0x7D, 0x7D, 0x4E, 0x4E, 0x4E, 0x4E, 0x4E, 0x08, 0x0B, 0x3D, 0x1B, 0x5E, 0x14,
  0x0C, 0x0A, 0x0A, 0xA5, 0x80, 0xDC, 0x77, 0xF7, 0x77, 0xF7, 0xF4, 0xF7, 0xF4, 0xF4, 0xF4, 0x21,
  0x21, 0xF4, 0x75, 0x75, 0xF4, 0xF4, 0x75, 0xF4, 0x75, 0xB5, 0x75, 0x7E, 0x75, 0x75, 0x7C, 0x7C,
  0x7C, 0x7C, 0x4E, 0x4E, 0x4E, 0x7C, 0x7C, 0x4E, 0x7C, 0x4E, 0x4E, 0x4E, 0x4E, 0x7D, 0x4E, 0x4E,
  0x7C, 0x4E, 0x4E, 0x7D, 0x4E, 0x7D, 0x7D, 0x4E, 0x4E, 0x4E, 0x4E, 0x4E, 0x4E, 0x4E, 0x4E, 0x4E,
  0x4E, 0x4E, 0x4E, 0x4E, 0x7C, 0x4E, 0x4E, 0x7C, 0x7C, 0xB5, 0xF4, 0xF4, 0x75, 0x75, 0x7C, 0x4E,
  0x4E, 0x4E, 0x4E, 0x4E, 0x4E, 0x7C, 0x7C, 0x7C, 0x4E, 0x7C, 0x75, 0x7C, 0xF4, 0xF7, 0xF7, 0xF4,
  0xF7, 0xF4, 0xF4, 0xF4, 0xF4, 0xF4, 0xF7, 0xF4, 0x73, 0x1F, 0xAE, 0xAE, 0x99, 0x49, 0x60, 0x8E,
  0x37, 0x1D, 0x56, 0x6A, 0xB6, 0x93, 0x37, 0x3E, 0x93, 0xAE, 0x1F, 0xB6, 0x99, 0x99, 0xFE, 0xFE,
  0xB6, 0x99, 0xB7, 0xB7, 0xB7, 0x9D, 0x64, 0x64, 0x94, 0x09, 0x07, 0x07, 0x3F, 0x12, 0x12, 0x12,
  0x3F, 0x12, 0x12, 0x06, 0x05, 0x08, 0xE0, 0x08, 0x18, 0x07, 0x08, 0x08, 0x1A, 0x1A, 0xE0, 0xC2,
  0xC2, 0x36, 0xE0, 0x0B, 0x51, 0x0B, 0x51, 0x51, 0x09, 0x0A, 0xB8, 0x73, 0xA5, 0x77, 0xF7, 0xB5,
  0xF4, 0xF4, 0xB5, 0xF4, 0xF4, 0xF4, 0xF4, 0xF4, 0x75, 0x7C, 0x7C, 0x75, 0x75, 0x7C, 0x75, 0x75,
  0x75, 0x7E, 0x7E, 0x7C, 0x7C, 0x7C, 0x7C, 0x7C, 0x7C, 0x7C, 0x4E, 0x4E, 0x4E, 0x4E, 0x7C, 0x7C,
  0x7C, 0x7C, 0x4E, 0x4E, 0x7C, 0x4E, 0x7C, 0x7C, 0x7C, 0x4E, 0x4E, 0x4E, 0x4E, 0x4E, 0x7D, 0x7D,
  0x4E, 0x4E, 0x7D, 0x7D, 0x7D, 0x7D, 0x4E, 0x4E, 0x4E, 0x4E, 0xBA, 0x23, 0x51, 0x0B, 0x51, 0x51,
  0x09, 0x0A, 0x73, 0xA5, 0x80, 0x77, 0xF4, 0xB5, 0xF4, 0xF4, 0xB5, 0xF4, 0xF4, 0xF4, 0xF4, 0xF4,
  0x75, 0x7C, 0x7C, 0x75, 0x75, 0xB5, 0x75, 0x75, 0x75, 0x7E, 0x7E, 0x7C, 0x7C, 0x7C, 0x7C, 0x7C,
  0x7C, 0x7C, 0x7C, 0x4E, 0x4E, 0x4E, 0x7C, 0x7C, 0x7C, 0x7C, 0x4E, 0x4E, 0x7C, 0x4E, 0x7C, 0x7C,
  0x7C, 0x4E, 0x4E, 0x7D, 0x4E, 0x4E, 0x4E, 0x7C, 0x7C, 0x4E, 0x7C, 0x4E, 0x4E, 0x4E, 0x4E, 0x4E,
  0x7C, 0x7C, 0x7C, 0x4E, 0x4E, 0x4E, 0x4E, 0x4E, 0x4E, 0x7C, 0x4E, 0x7C, 0x7C, 0x7C, 0x7C, 0x4E,
  0x7C, 0x7C, 0x7C, 0x7C, 0x7C, 0x75, 0x7C, 0x7C, 0x7C, 0x75, 0x75, 0x7C, 0xB5, 0xF4, 0x75, 0xF4,
  0x77, 0x77, 0x80, 0x77, 0xDC, 0x80, 0xDC, 0xDC, 0x6F, 0x1F, 0x45, 0xAE, 0x99, 0x1F, 0x49, 0x9A,
  0x50, 0x49, 0x9A, 0x1D, 0x49, 0x93, 0x1D, 0x49, 0x93, 0xAE, 0x11, 0xAE, 0x93, 0x49, 0x9F, 0xBE,
  0xB7, 0x8E, 0x49, 0x56, 0x49, 0x56, 0xB6, 0x99, 0x56, 0x1D, 0x11, 0x07, 0x3F, 0x12, 0x12, 0x12,
  0x3F, 0x12, 0x12, 0x06, 0x05, 0x07, 0x1A, 0x08, 0x1A, 0x07, 0x52, 0x1A, 0x1A, 0xE0, 0x0A, 0xE0,
  0xBA, 0xB8, 0xE0, 0x08, 0x09, 0x07, 0x08, 0x52, 0x09, 0x0A, 0x80, 0xA5, 0xF7, 0xF4, 0xF4, 0xF4,
  0x21, 0xF7, 0xF4, 0xB5, 0x21, 0x75, 0xF4, 0xF4, 0x75, 0x75, 0x7E, 0x75, 0x75, 0x7C, 0x7E, 0xB5,
  0x7C, 0x7E, 0x7C, 0x7C, 0x7E, 0x7C, 0x7C, 0x7C, 0x7C, 0x7C, 0x7C, 0x7E, 0x7C, 0x7E, 0x7E, 0x7C,
  0x4E, 0x7C, 0x7E, 0x7E, 0x7E, 0x7E, 0x7C, 0x4E, 0x4E, 0x4E, 0x4E, 0x4E, 0x4E, 0x4E, 0x4E, 0x7D,
  0x4E, 0x4E, 0x4E, 0x4E, 0x4E, 0x4E, 0x4E, 0x4E, 0x4E, 0x4E, 0xD7, 0x08, 0x09, 0x07, 0x09, 0x52,
  0x0A, 0xD7, 0x80, 0xA5, 0xF7, 0xF4, 0xF4, 0xF4, 0x21, 0xF7, 0xF4, 0xF4, 0x21, 0x75, 0xF4, 0xF4,
  0x75, 0x75, 0x7E, 0x75, 0x7E, 0x7C, 0x7E, 0x7C, 0x7C, 0x7C, 0x7C, 0x7C, 0x7E, 0x7C, 0x7C, 0x92,
  0x7C, 0x7C, 0x7C, 0x7E, 0x7C, 0x7E, 0x7E, 0x7C, 0x4E, 0x7C, 0x75, 0x7E, 0x7E, 0x7E, 0x7C, 0x4E,
  0x4E, 0x4E, 0x4E, 0x4E, 0x4E, 0x4E, 0x4E, 0x7C, 0x4E, 0x4E, 0x7C, 0x7C, 0x4E, 0x7C, 0x4E, 0x4E,
  0x7C, 0x7C, 0x7C, 0x4E, 0x4E, 0x4E, 0x7C, 0x4E, 0x7C, 0x4E, 0x92, 0x7C, 0x7C, 0x7C, 0x7C, 0x7C,
  0x7C, 0x7C, 0x7C, 0xB5, 0x75, 0x75, 0x75, 0x75, 0xB5, 0x75, 0x75, 0x7C, 0xB5, 0xB5, 0xB5, 0xB5,
  0xB5, 0xF4, 0xF4, 0x77, 0x77, 0x77, 0x80, 0x80, 0xB8, 0x1F, 0x45, 0xAE, 0x99, 0x11, 0x9D, 0xB7,
  0x11, 0x8E, 0x70, 0x3E, 0x1E, 0xB7, 0x09, 0x37, 0xB7, 0x8E, 0x11, 0xAE, 0x99, 0x6A, 0x63, 0xAE,
  0xAE, 0x37, 0x37, 0x49, 0x1F, 0x50, 0xB6, 0xB6, 0x9F, 0x09, 0x05, 0x07, 0x3F, 0x12, 0x12, 0x12,
  0x3F, 0x12, 0x12, 0x06, 0x05, 0x07, 0x18, 0x1A, 0x1A, 0x1A, 0x0A, 0x1A, 0x1A, 0x39, 0x1A, 0x0A,
  0xBA, 0xE0, 0x1A, 0x1A, 0x0A, 0x0A, 0x0A, 0x0A, 0xD7, 0x80, 0x80, 0x73, 0x80, 0x77, 0xDC, 0x77,
  0xDC, 0xF4, 0xF4, 0x21, 0x75, 0x75, 0xB5, 0xB5, 0x75, 0x75, 0x75, 0x75, 0x7C, 0x7C, 0x7E, 0x75,
  0x7E, 0x7E, 0x7E, 0x75, 0x75, 0x75, 0x7E, 0x7C, 0x75, 0xB5, 0x75, 0x75, 0x75, 0x7E, 0x75, 0x75,
  0x75, 0x75, 0x75, 0x7E, 0x7C, 0x7C, 0x4E, 0x4E, 0x4E, 0x4E, 0x4E, 0x4E, 0x4E, 0x4E, 0x4E, 0x4E,
  0x7C, 0x7C, 0x4E, 0x4E, 0x4E, 0x4E, 0x4E, 0x4E, 0x4E, 0x4E, 0xC2, 0x1A, 0x08, 0x0A, 0x0A, 0x0A,
  0xD7, 0x20, 0x80, 0x73, 0x80, 0x77, 0xDC, 0x77, 0x77, 0xF4, 0xF4, 0xF4, 0x75, 0x75, 0xB5, 0x75,
  0x75, 0x75, 0x75, 0x75, 0x7C, 0x7C, 0x75, 0x75, 0x7E, 0x7E, 0x7E, 0x75, 0x75, 0x75, 0x7E, 0x7C,
  0x75, 0x75, 0x75, 0x75, 0x75, 0x7E, 0x75, 0x75, 0x75, 0x75, 0x75, 0x7E, 0x7C, 0x7C, 0x4E, 0x4E,
  0x4E, 0x4E, 0x4E, 0x4E, 0x4E, 0x4E, 0x4E, 0x4E, 0x4E, 0x4E, 0x4E, 0x7C, 0x7C, 0x7C, 0x7C, 0x4E,
  0x7C, 0x7C, 0x7C, 0x7C, 0x7C, 0x7C, 0x4E, 0x92, 0x4E, 0x4E, 0x4E, 0x4E, 0x4E, 0x7C, 0x4E, 0x4E,
  0x75, 0x75, 0x75, 0x75, 0x75, 0x75, 0xF7, 0x77, 0x77, 0x75, 0x7C, 0x7C, 0x4E, 0x7C, 0x7E, 0x75,
  0xB5, 0xB5, 0x75, 0xF4, 0xF7, 0xF7, 0x77, 0x20, 0x73, 0x0A, 0xFF, 0xAE, 0x99, 0x09, 0x37, 0x37,
  0x09, 0x99, 0x70, 0x1F, 0x37, 0xB7, 0x11, 0x11, 0x99, 0x8E, 0x11, 0xB6, 0xAE, 0x11, 0x99, 0x37,
  0x60, 0x11, 0x09, 0x49, 0xB6, 0xAE, 0xAE, 0xAE, 0x49, 0x09, 0x05, 0x07, 0x3F, 0x12, 0x12, 0x12,
  0x3F, 0x12, 0x12, 0x06, 0x07, 0x08, 0x1A, 0x1A, 0x39, 0x0A, 0xBA, 0xBA, 0xB8, 0xB8, 0xD7, 0x39,
  0x1A, 0xE0, 0xE0, 0x0A, 0xC2, 0xC2, 0xD7, 0x3A, 0xB8, 0xA5, 0xA5, 0xD7, 0x80, 0xA5, 0xDC, 0x80,
  0x80, 0xF7, 0x77, 0x21, 0xF4, 0x77, 0x77, 0x75, 0x7E, 0x75, 0x75, 0x7E, 0x7E, 0x7E, 0x7E, 0x7E,
  0x75, 0x75, 0x7E, 0x75, 0x7E, 0x7E, 0x75, 0xB5, 0x7E, 0x75, 0x75, 0x75, 0x75, 0x7E, 0x7E, 0x75,
  0x75, 0x75, 0x7C, 0x4E, 0x4E, 0x4E, 0x4E, 0x4E, 0x4E, 0x4E, 0x7C, 0x4E, 0x4E, 0x7C, 0x7C, 0x7E,
  0x75, 0x7E, 0x7C, 0x7C, 0x4E, 0x4E, 0x4E, 0x7C, 0x4E, 0x4E, 0xD7, 0xE0, 0xC2, 0xE0, 0xD7, 0x3A,
  0xB8, 0xA5, 0xA5, 0xD7, 0xDC, 0xA5, 0xDC, 0x80, 0xDC, 0x77, 0x77, 0xF4, 0xF4, 0x77, 0x77, 0xB5,
  0x7E, 0x75, 0x75, 0x7E, 0x7E, 0x7E, 0x7E, 0x7E, 0x75, 0x75, 0x7E, 0x75, 0x7C, 0x7E, 0x75, 0xB5,
  0x7E, 0x75, 0x75, 0x75, 0x75, 0x7E, 0x75, 0x75, 0x75, 0x75, 0x7C, 0x4E, 0x4E, 0x4E, 0x4E, 0x4E,
  0x4E, 0x7C, 0x4E, 0x4E, 0x4E, 0x7C, 0x4E, 0x7C, 0x7C, 0x7C, 0x4E, 0x4E, 0x4E, 0x7C, 0x7C, 0x7C,
  0x7C, 0x7C, 0x7E, 0x7C, 0x7E, 0x7C, 0x4E, 0x4E, 0x4E, 0x4E, 0x4E, 0x4E, 0x4E, 0x4E, 0x7C, 0x7C,
  0x7C, 0x75, 0x75, 0xF4, 0xF4, 0x75, 0x75, 0x75, 0x21, 0x21, 0xB5, 0x75, 0x75, 0x7E, 0xB5, 0x75,
  0x75, 0xB5, 0xF4, 0xF4, 0xF7, 0xF7, 0x80, 0x80, 0x73, 0x0A, 0xFF, 0xAE, 0x99, 0x63, 0x60, 0x60,
  0x8E, 0xB7, 0x49, 0x60, 0x8E, 0xB7, 0x37, 0x56, 0x93, 0x49, 0x11, 0xB7, 0x8E, 0x09, 0x99, 0xB7,
  0x9D, 0x1E, 0x09, 0x49, 0x99, 0xAE, 0xAE, 0xB6, 0x37, 0x11, 0x11, 0x07, 0x3F, 0x01, 0x12, 0x12,
  0x3F, 0x12, 0x12, 0x06, 0x07, 0x08, 0x1A, 0x39, 0xBA, 0xB8, 0xB8, 0x1C, 0x9F, 0xFA, 0x9F, 0x20,
  0x0A, 0x1A, 0x08, 0xE0, 0xC2, 0x0A, 0x0A, 0xD7, 0xB8, 0xD7, 0xB8, 0xB8, 0xDC, 0xDC, 0x80, 0x45,
  0x63, 0xDC, 0x77, 0xF4, 0xDC, 0xA5, 0xA5, 0xB5, 0x7C, 0x7C, 0x75, 0x75, 0x7E, 0x7E, 0x7E, 0x7E,
  0x7E, 0x75, 0x7E, 0x7E, 0x7C, 0x7C, 0x7C, 0xB5, 0xF4, 0xB5, 0x7C, 0x7C, 0x7C, 0x7E, 0x7E, 0x7E,
  0x75, 0x7E, 0x7C, 0x7C, 0x4E, 0x4E, 0x4E, 0x4E, 0x4E, 0x4E, 0x4E, 0x7C, 0x7C, 0x7E, 0x7E, 0x7E,
  0x7C, 0x4E, 0x4E, 0x7C, 0x7C, 0x4E, 0x4E, 0x4E, 0x4E, 0x4E, 0x0A, 0xE0, 0xC2, 0xC2, 0x0A, 0xD7,
  0xB8, 0xD7, 0xB8, 0xB8, 0xDC, 0xA5, 0x80, 0x92, 0xBC, 0xDC, 0x77, 0xF4, 0xDC, 0xA5, 0xDC, 0xB5,
  0x7C, 0x7C, 0x75, 0x75, 0x7E, 0x7E, 0x7E, 0x7E, 0x7E, 0x7E, 0x7E, 0x7E, 0x7C, 0x7C, 0x7C, 0xB5,
  0xF4, 0x7C, 0x7C, 0x7C, 0x7C, 0x7E, 0x7E, 0x7E, 0x75, 0x7E, 0x7C, 0x7C, 0x4E, 0x4E, 0x4E, 0x4E,
  0x4E, 0x4E, 0x4E, 0x7E, 0x7E, 0x7E, 0x7E, 0x75, 0x7C, 0x7C, 0x7C, 0x4E, 0x7C, 0x7C, 0x7C, 0x7C,
  0x7C, 0x7C, 0x7C, 0x7C, 0x7C, 0x7E, 0x7C, 0x7C, 0x4E, 0x4E, 0x4E, 0x4E, 0x4E, 0x7C, 0x7C, 0x75,
  0x75, 0xB5, 0x7E, 0xB5, 0x75, 0x75, 0x75, 0x75, 0x75, 0xF4, 0xB5, 0xF4, 0x21, 0x75, 0xF7, 0x21,
  0xF4, 0xF7, 0xDC, 0xDC, 0xF7, 0xA5, 0x6F, 0x73, 0x50, 0x6A, 0x9F, 0xAE, 0x34, 0x99, 0x63, 0x45,
  0xB7, 0x50, 0x17, 0x49, 0x99, 0xB6, 0xB7, 0xB7, 0xB7, 0x09, 0x1E, 0x93, 0x49, 0x1F, 0xB7, 0xB7,
  0x93, 0x37, 0x49, 0x93, 0xB6, 0xFF, 0xFF, 0xAE, 0x1E, 0x11, 0x07, 0x07, 0x3F, 0x01, 0x12, 0x12,
  0x3F, 0x12, 0x12, 0x06, 0x07, 0x08, 0x39, 0xBA, 0xB8, 0xB8, 0xB8, 0x20, 0x20, 0xFA, 0xFA, 0xFA,
  0xD3, 0x0A, 0x39, 0xBA, 0xBA, 0xC2, 0x3A, 0xD7, 0xB8, 0xB8, 0xD7, 0xB8, 0xB8, 0x84, 0xFA, 0xB4,
  0xB3, 0xDC, 0xF7, 0xDC, 0xA5, 0xE2, 0xDC, 0xF4, 0xDC, 0xF7, 0x75, 0x75, 0x75, 0x75, 0x7E, 0x75,
  0xB5, 0x7E, 0x7E, 0x7E, 0x7C, 0x7C, 0xB5, 0x77, 0xDC, 0xF4, 0x7C, 0x7C, 0x7C, 0x7C, 0x7C, 0x7C,
  0x7E, 0x75, 0x7C, 0x7E, 0xB5, 0x7C, 0x7C, 0x7C, 0x7C, 0x4E, 0x7C, 0x4E, 0x7C, 0x7C, 0x75, 0x7C,
  0x7C, 0x4E, 0x4E, 0x7C, 0x4E, 0x4E, 0x7D, 0x7D, 0x7D, 0x4E, 0x0A, 0xBA, 0xD7, 0xC2, 0x3A, 0xD7,
  0xB8, 0xD7, 0xD7, 0xB8, 0xD7, 0x84, 0xBC, 0xB4, 0xBE, 0x20, 0xFA, 0xDC, 0xA5, 0xE2, 0x77, 0xF4,
  0x77, 0xF4, 0x75, 0x75, 0x75, 0x7E, 0x7E, 0x75, 0xB5, 0x7E, 0x7E, 0x7E, 0x7C, 0x7C, 0xF4, 0x77,
  0xDC, 0xF4, 0x7C, 0x7C, 0x7C, 0x7C, 0x7C, 0x7C, 0x75, 0x75, 0x7C, 0x75, 0x7C, 0x7C, 0x7C, 0x7C,
  0x7C, 0x4E, 0x7E, 0x7E, 0x7C, 0x7C, 0x4E, 0x4E, 0x4E, 0x4E, 0x4E, 0x7C, 0x4E, 0x7C, 0x7C, 0x4E,
  0x7C, 0x7C, 0x7C, 0x4E, 0x7C, 0x7C, 0x7C, 0x4E, 0x4E, 0x4E, 0x7C, 0x7C, 0x7C, 0x7C, 0x75, 0x75,
  0x75, 0xF4, 0xF4, 0xB5, 0xB5, 0x75, 0xB5, 0x75, 0x75, 0xB5, 0xF4, 0x77, 0xF7, 0xF4, 0xF4, 0xF7,
  0xF7, 0xF7, 0xA5, 0xA5, 0x80, 0x84, 0xA5, 0x73, 0x80, 0x0A, 0x1E, 0x8E, 0xFF, 0xB6, 0x99, 0xB6,
  0xB6, 0x63, 0x63, 0x99, 0xB6, 0xB6, 0x99, 0x8E, 0x1F, 0x6A, 0xAE, 0xB3, 0x49, 0x09, 0x99, 0x1D,
  0x11, 0x11, 0x9F, 0xB7, 0xB6, 0xFF, 0x63, 0x45, 0x1D, 0x11, 0x07, 0x07, 0x3F, 0x01, 0x12, 0x12,
  0x3F, 0x12, 0x12, 0x06, 0x07, 0x1A, 0x08, 0x0A, 0xD7, 0x1B, 0x20, 0xFA, 0xBC, 0xFF, 0xBC, 0xFA,
  0x40, 0x20, 0x0A, 0x0A, 0xC2, 0xC2, 0xD7, 0xB8, 0xD7, 0xD7, 0x0A, 0xD7, 0x20, 0x20, 0x20, 0xFB,
  0xE7, 0xDC, 0xF4, 0x80, 0xD3, 0xE2, 0xDC, 0xDC, 0xDC, 0x77, 0x77, 0x77, 0xF4, 0x75, 0x75, 0xF4,
  0x77, 0x77, 0xB5, 0x75, 0x75, 0x7E, 0xDC, 0xD3, 0xD3, 0x77, 0x4E, 0x7C, 0x7C, 0x7C, 0x7C, 0x7C,
  0x7C, 0x75, 0x75, 0xB5, 0x75, 0x7C, 0x7C, 0x7C, 0x7C, 0x7C, 0x7C, 0x7C, 0x7C, 0x7C, 0x7E, 0x7C,
  0x7C, 0x7C, 0x4E, 0x4E, 0x4E, 0x4E, 0x4E, 0x4E, 0x4E, 0x4E, 0x0A, 0x0A, 0xC2, 0xC2, 0x36, 0xD7,
  0xD7, 0xD7, 0x0A, 0xD7, 0x20, 0x20, 0xFA, 0xB4, 0xFE, 0xDC, 0xF4, 0xA5, 0xD3, 0xE2, 0xDC, 0xDC,
  0xDC, 0xF7, 0x77, 0x77, 0xF4, 0x75, 0x7E, 0xF4, 0x77, 0xF4, 0xB5, 0x75, 0x75, 0xB5, 0xDC, 0xD3,
  0xDC, 0xF4, 0x4E, 0x7C, 0x7C, 0x7C, 0x7C, 0x7C, 0x7C, 0x75, 0x75, 0x75, 0x75, 0x7C, 0x92, 0x7C,
  0x7C, 0x7C, 0x7C, 0x7E, 0x7C, 0x7C, 0x7C, 0x7C, 0x75, 0x7E, 0x75, 0x75, 0x7E, 0x7C, 0x7E, 0xF4,
  0xF4, 0x4E, 0x7C, 0x7C, 0x7C, 0x7C, 0x7C, 0x7C, 0x4E, 0x7C, 0x7C, 0x7C, 0x4E, 0x4E, 0x7E, 0x7E,
  0x7E, 0x77, 0xDC, 0xDC, 0x77, 0xF4, 0xB5, 0x75, 0xB5, 0xB5, 0xF7, 0xA5, 0x77, 0xF7, 0xDC, 0xF7,
  0xF4, 0xF7, 0xDC, 0xA5, 0xA5, 0xD7, 0xB8, 0xDC, 0xF7, 0xB8, 0x11, 0x0C, 0x14, 0x58, 0x64, 0xDA,
  0x9D, 0xB7, 0xB7, 0xB6, 0xB6, 0xB6, 0x99, 0x6C, 0x11, 0x8E, 0x99, 0xB7, 0x49, 0x09, 0x49, 0x11,
  0x64, 0x19, 0x09, 0xB6, 0x99, 0xAE, 0xFF, 0x49, 0x09, 0x11, 0x08, 0x07, 0x3F, 0x01, 0x12, 0x12,
  0x3F, 0x12, 0x12, 0x06, 0x05, 0x1A, 0xBA, 0xBA, 0xBA, 0xB8, 0x20, 0xFA, 0x9F, 0x34, 0xFF, 0xFA,
  0xFA, 0xD3, 0xD7, 0x0A, 0x3A, 0xD7, 0xDD, 0xD7, 0xD7, 0xC2, 0x0A, 0xB8, 0xFE, 0x93, 0x4E, 0xCB,
  0x4E, 0xB3, 0xFD, 0x34, 0xD7, 0xA5, 0x77, 0xF4, 0x74, 0xF4, 0x84, 0xDC, 0x74, 0xF4, 0xB5, 0xF4,
  0xA5, 0xA5, 0xDC, 0xF4, 0xB5, 0xDC, 0xD3, 0xD3, 0xD3, 0xF4, 0xB5, 0x7E, 0xB5, 0x7E, 0xF4, 0x77,
  0x75, 0x7C, 0x7C, 0xB5, 0x75, 0x7C, 0x7E, 0x75, 0x7C, 0x7C, 0x7E, 0x75, 0x7E, 0x7C, 0x7C, 0x7C,
  0x4E, 0x4E, 0x4E, 0x4E, 0x4E, 0x4E, 0x4E, 0x4E, 0x4E, 0x4E, 0xB8, 0x0A, 0xC2, 0xD7, 0xDD, 0xD7,
  0xD7, 0xC2, 0x0A, 0x1B, 0xF5, 0xB3, 0x4E, 0xCB, 0x4E, 0xB3, 0xFD, 0x41, 0xE2, 0xA5, 0x77, 0xF4,
  0x74, 0xF4, 0x84, 0x77, 0xF4, 0xF4, 0xB5, 0xF7, 0xA5, 0xA5, 0xDC, 0xF4, 0xB5, 0xDC, 0xD3, 0xD3,
  0xD3, 0xF4, 0xB5, 0xB5, 0xB5, 0x7E, 0xF4, 0x77, 0x7E, 0x7C, 0xB5, 0x75, 0x75, 0x7C, 0x7E, 0x75,
  0x7C, 0x7C, 0x7E, 0x7E, 0x75, 0x7E, 0x75, 0xF4, 0xF4, 0xF4, 0xF4, 0x75, 0x75, 0x7E, 0xF4, 0xDC,
  0xDC, 0xF4, 0xB5, 0x4E, 0x7C, 0x7C, 0x7C, 0x7E, 0x7C, 0x75, 0x75, 0x77, 0x77, 0xF4, 0x75, 0x75,
  0x74, 0xDC, 0xD3, 0xDC, 0xDC, 0xDC, 0xF4, 0xF4, 0xB5, 0xF7, 0xA5, 0xA5, 0x77, 0x77, 0xDC, 0xDC,
  0xF4, 0xF7, 0x80, 0xA5, 0xDC, 0x20, 0xB8, 0xA5, 0xDC, 0x20, 0x11, 0xFC, 0xFC, 0x0E, 0xFC, 0xFC,
  0x14, 0x8C, 0xDA, 0xB9, 0x9D, 0x99, 0xB7, 0x99, 0xB7, 0x99, 0x99, 0xBE, 0x45, 0x49, 0x8E, 0x11,
  0x3E, 0x09, 0x1D, 0x1E, 0x99, 0xAE, 0xAE, 0x50, 0x09, 0x05, 0x08, 0x07, 0x3F, 0x01, 0x12, 0x12,
  0x0B, 0x12, 0x12, 0x06, 0x05, 0x11, 0x09, 0x09, 0xBA, 0xB8, 0xFA, 0xFA, 0xFA, 0x41, 0xFA, 0xD3,
  0xD3, 0x20, 0xB8, 0xB8, 0x39, 0xE0, 0xC2, 0xC2, 0xD7, 0xC2, 0xC2, 0xD7, 0x62, 0xFF, 0xBF, 0xC3,
  0xBF, 0xFE, 0xBE, 0xFF, 0xD7, 0xE2, 0xA5, 0xDC, 0xA5, 0xD3, 0xD7, 0x80, 0xF7, 0xDC, 0xA5, 0x74,
  0xDC, 0xDC, 0xA5, 0xDC, 0xF4, 0xDC, 0xED, 0xD3, 0xDC, 0xF4, 0xF4, 0x77, 0xDC, 0xD3, 0xA5, 0xA5,
  0xF4, 0xB5, 0xB5, 0xB5, 0x75, 0x75, 0xDC, 0x77, 0xB5, 0x7C, 0x75, 0xF4, 0x75, 0x7C, 0x7C, 0x75,
  0xF4, 0x4E, 0x4E, 0x4E, 0x7E, 0x81, 0xF4, 0x4E, 0x4E, 0x4E, 0xB8, 0xBA, 0x39, 0x0A, 0xC2, 0xC2,
  0xC2, 0xC2, 0xC2, 0xB8, 0x62, 0x34, 0xBF, 0xC3, 0xCB, 0xFE, 0xBE, 0x74, 0xD7, 0xE2, 0xA5, 0xDC,
  0xE2, 0xD3, 0xD7, 0x80, 0xF7, 0x80, 0xDC, 0x74, 0xDC, 0xA5, 0xA5, 0xDC, 0xF4, 0xA5, 0xED, 0xD3,
  0xDC, 0xF4, 0xF4, 0x77, 0xDC, 0xDC, 0xA5, 0xA5, 0xB5, 0x75, 0xB5, 0xB5, 0x75, 0x75, 0xDC, 0x77,
  0x7E, 0xB5, 0x75, 0x7C, 0xF4, 0xF4, 0x7E, 0x7C, 0xF4, 0x77, 0xDC, 0x77, 0xF4, 0xB5, 0x75, 0xF4,
  0xC8, 0xD3, 0xFA, 0x7E, 0x7E, 0xF4, 0xB5, 0x75, 0x75, 0x75, 0x75, 0xF4, 0xA5, 0xDC, 0xF4, 0xF4,
  0x74, 0xDC, 0xFA, 0xED, 0xDC, 0xF7, 0xA5, 0xFA, 0xDC, 0x73, 0xA5, 0xA5, 0xDC, 0x80, 0xB8, 0xA5,
  0x77, 0xF7, 0x80, 0x80, 0x80, 0xB8, 0xD7, 0xD7, 0xD7, 0xBA, 0x09, 0x00, 0x0D, 0xC1, 0x0D, 0x0D,
  0x0D, 0x0D, 0x0D, 0x10, 0x10, 0x8C, 0xDA, 0x8E, 0x9D, 0xAB, 0x99, 0xB6, 0x99, 0xB7, 0xFE, 0x9F,
  0x1F, 0x63, 0xB6, 0x63, 0xB6, 0xFF, 0xFF, 0x1D, 0x11, 0x07, 0x11, 0x07, 0x3F, 0x12, 0x12, 0x12,
  0x0B, 0x12, 0x12, 0x06, 0x11, 0x11, 0x09, 0x09, 0x1F, 0xB8, 0x20, 0xFA, 0xFA, 0xFA, 0xFA, 0xD3,
  0xD3, 0xFA, 0x20, 0x1B, 0xBA, 0x39, 0x1A, 0xC2, 0xC2, 0xD7, 0xD7, 0xC2, 0x39, 0xFA, 0x7D, 0x75,
  0xB5, 0xFF, 0xB8, 0xD7, 0xE2, 0xE2, 0xA5, 0xE2, 0xE2, 0xD3, 0xD7, 0xD4, 0x6F, 0xA5, 0x84, 0xD7,
  0xD3, 0xD3, 0xD7, 0xA5, 0xDC, 0xD3, 0xDD, 0xDD, 0xDC, 0xFA, 0xA5, 0x84, 0xE2, 0xD3, 0xD3, 0x77,
  0xB5, 0xB5, 0xF4, 0xF4, 0xF4, 0xF4, 0xA5, 0xDC, 0x74, 0xF4, 0xDC, 0xDC, 0xF4, 0x7E, 0x7E, 0xB5,
  0xDC, 0xDC, 0xF9, 0x7E, 0xF9, 0xD3, 0xD3, 0x41, 0x75, 0x77, 0x20, 0x20, 0x0A, 0x39, 0x3A, 0x3A,
  0xD7, 0xD7, 0xD7, 0x3A, 0x0A, 0x9F, 0xCB, 0x81, 0x4E, 0x74, 0xD7, 0xD7, 0xE2, 0xDD, 0xA5, 0xE2,
  0xE2, 0xD3, 0xD7, 0x6F, 0x73, 0xA5, 0x6F, 0xA5, 0xD3, 0xD3, 0xD7, 0xA5, 0xDC, 0xD3, 0xDD, 0xDD,
  0xDC, 0xFA, 0xA5, 0x84, 0xE2, 0xD3, 0xDC, 0xF4, 0xB5, 0xB5, 0xF7, 0xF4, 0xF4, 0x77, 0xA5, 0x77,
  0x74, 0xF7, 0xF7, 0xB5, 0xF4, 0xDC, 0xF4, 0xB5, 0xDC, 0xDC, 0x77, 0xFA, 0x74, 0xF4, 0xB5, 0xF4,
  0xD3, 0xC8, 0xF9, 0xF4, 0xF4, 0xDC, 0xDC, 0x77, 0xF7, 0xF4, 0xF4, 0xF4, 0x77, 0xDC, 0xDC, 0xA5,
  0xDC, 0xD3, 0xD3, 0xD3, 0xA5, 0xDC, 0xA5, 0xD7, 0xD7, 0xB8, 0xDC, 0xF4, 0xDC, 0x84, 0xD7, 0xD7,
  0x84, 0x73, 0xA5, 0xA5, 0xD7, 0xD7, 0xD7, 0xD7, 0xD4, 0xD7, 0xBA, 0x05, 0xFC, 0x0D, 0x0D, 0x10,
  0x10, 0x47, 0x47, 0x0D, 0x0D, 0x0D, 0x0D, 0x0D, 0x0D, 0x94, 0x8C, 0x5D, 0x8E, 0xFF, 0xB6, 0xB6,
  0x99, 0x34, 0xAE, 0xAE, 0xFF, 0xAE, 0x49, 0x09, 0x04, 0x08, 0x07, 0x07, 0x3F, 0x12, 0x12, 0x12,
  0x0B, 0x12, 0x12, 0x06, 0x11, 0x11, 0x09, 0x09, 0x1F, 0xB8, 0xFA, 0xD3, 0xD3, 0xD3, 0xD3, 0x20,
  0xFA, 0x20, 0xB8, 0xFA, 0xB8, 0x39, 0x39, 0x1A, 0xD7, 0xD7, 0x36, 0x36, 0xD7, 0xB7, 0xB3, 0x20,
  0x34, 0xFD, 0x41, 0xD4, 0xE2, 0xDD, 0xED, 0xDD, 0xDD, 0xE2, 0xE2, 0xD7, 0xD7, 0xD7, 0xD7, 0xE2,
  0xD7, 0xD7, 0xD7, 0xB8, 0xD7, 0xD7, 0xDD, 0x36, 0xD7, 0xD7, 0xD7, 0xE2, 0xDC, 0x80, 0xD3, 0xA5,
  0xDC, 0xDC, 0xA5, 0xD3, 0xDD, 0x36, 0xDD, 0xB8, 0xE2, 0xD7, 0xD7, 0xD7, 0xD7, 0xDC, 0xD7, 0xD7,
  0xDD, 0xD7, 0xD7, 0xB8, 0xB8, 0xB8, 0xE2, 0xE2, 0xDD, 0xD7, 0xB8, 0xD7, 0xD4, 0xE2, 0xD7, 0x84,
  0xA5, 0xA5, 0xD4, 0xD7, 0xD7, 0xB8, 0xD3, 0xD7, 0xDD, 0xD3, 0xED, 0xD3, 0xA5, 0xDC, 0xE2, 0xD3,
  0xDC, 0xDC, 0xDC, 0xDC, 0xD3, 0xE2, 0xDC, 0xA5, 0xA5, 0xD3, 0xDD, 0xDD, 0xD7, 0xB8, 0xD7, 0xD7,
  0xD7, 0xD4, 0xD7, 0xA5, 0xD7, 0xE2, 0xE2, 0xD4, 0xD7, 0xA5, 0xD7, 0xB8, 0xE2, 0xE2, 0xDD, 0xB8,
  0xB8, 0xD7, 0xD7, 0xDD, 0xD7, 0xD7, 0xA5, 0xD7, 0xD7, 0xD7, 0xD7, 0xE2, 0xB8, 0xDD, 0xDD, 0xDD,
  0xD3, 0xDC, 0xDC, 0xDC, 0xE2, 0xD3, 0xA5, 0xDC, 0xA5, 0xDC, 0xD3, 0xE2, 0xD3, 0xA5, 0xA5, 0xDC,
  0xA5, 0xD3, 0xED, 0x36, 0xE2, 0xE2, 0xE2, 0xD7, 0xD7, 0xD7, 0xD7, 0xDC, 0xD7, 0xD7, 0xDD, 0xD7,
  0xD4, 0xD7, 0xB8, 0xB8, 0x36, 0x36, 0xD7, 0xDD, 0xDD, 0xED, 0xDD, 0x08, 0x00, 0x0D, 0x8D, 0x10,
  0x2D, 0x0D, 0xC7, 0x47, 0xC1, 0xC7, 0x47, 0x47, 0xC1, 0xC1, 0xC1, 0x0D, 0xFC, 0x8A, 0x94, 0x94,
  0xDA, 0x64, 0xFF, 0x64, 0xFF, 0xFF, 0x1E, 0x11, 0x11, 0x07, 0x07, 0x07, 0x3F, 0x12, 0x12, 0x12,
  0x0B, 0x12, 0x12, 0x06, 0x11, 0x11, 0x11, 0x09, 0x1B, 0x20, 0x20, 0xBC, 0x9F, 0x20, 0x63, 0xFF,
  0xFF, 0x20, 0xB8, 0x40, 0xD3, 0xBA, 0x39, 0x0A, 0xD7, 0xD7, 0xD7, 0x36, 0xD7, 0x74, 0x9F, 0x39,
  0x1B, 0x34, 0xFA, 0xE2, 0xDD, 0xDD, 0xDD, 0xD3, 0xD3, 0xD3, 0xD3, 0xD3, 0xDD, 0xDD, 0xE2, 0xD7,
  0xDD, 0xE2, 0x36, 0xE2, 0xDD, 0x36, 0xDD, 0x36, 0xE2, 0xDD, 0x36, 0x36, 0xE2, 0xA5, 0xE2, 0xE2,
  0xE2, 0xED, 0xED, 0xDD, 0xDD, 0x36, 0xDD, 0xDD, 0xD7, 0xD7, 0xD3, 0xDD, 0xDD, 0xDD, 0xE2, 0xDD,
  0xDD, 0xE2, 0x36, 0xD7, 0xB8, 0xDD, 0x36, 0x36, 0x36, 0xD3, 0xD7, 0xD7, 0x36, 0xDD, 0xDD, 0xD7,
  0xDD, 0xDD, 0xDD, 0xD3, 0xDD, 0xD4, 0x36, 0xDD, 0x36, 0xDD, 0xED, 0xED, 0xD3, 0xED, 0xE2, 0xE2,
  0xA5, 0xA5, 0xA5, 0xA5, 0xE2, 0xE2, 0xED, 0xD3, 0xED, 0xED, 0xDD, 0xDD, 0xDD, 0xDD, 0xD7, 0xDD,
  0xD3, 0xDD, 0xDD, 0xDD, 0xD7, 0xDD, 0xDD, 0x36, 0xD7, 0xD7, 0xD3, 0x36, 0x36, 0x36, 0xDD, 0xB8,
  0xD7, 0x36, 0xE2, 0xDD, 0xDD, 0xE2, 0xDD, 0xDD, 0xDD, 0xD3, 0xD7, 0xD7, 0xDD, 0xDD, 0x36, 0xDD,
  0xDD, 0xED, 0xED, 0xE2, 0xE2, 0xE2, 0xA5, 0xA5, 0xA5, 0xDD, 0xE2, 0xED, 0xE2, 0xE2, 0xE2, 0xED,
  0xD3, 0xDD, 0xED, 0x36, 0xDD, 0xDD, 0xD7, 0xD7, 0xD3, 0xB8, 0xDD, 0xDD, 0xE2, 0xE2, 0xDD, 0xE2,
  0x36, 0xD7, 0xDD, 0xD3, 0x36, 0xE2, 0xD3, 0xC8, 0xD3, 0xD3, 0xDD, 0x3D, 0x06, 0x0E, 0x8A, 0x8A,
  0x8A, 0x0D, 0xC1, 0x0D, 0x0D, 0xC1, 0x0D, 0x0D, 0x0D, 0xC1, 0x47, 0x0D, 0x0D, 0x0D, 0x0D, 0x0D,
  0x0D, 0xFC, 0xFC, 0x14, 0x94, 0x37, 0x11, 0x11, 0x11, 0x07, 0x07, 0x07, 0x3F, 0x12, 0x12, 0x12,
  0x0B, 0x12, 0x12, 0x06, 0x11, 0x11, 0x39, 0x0A, 0xB8, 0xB8, 0x20, 0x49, 0x49, 0x9F, 0x45, 0x45,
  0xFF, 0xFA, 0xB8, 0xD3, 0xB8, 0xB8, 0x39, 0x0A, 0xC2, 0xC2, 0xC2, 0xD7, 0xD7, 0x3A, 0x3A, 0xBA,
  0x1A, 0x3A, 0xD7, 0xD7, 0xE2, 0x36, 0xD7, 0xE2, 0xD3, 0xD3, 0xD3, 0xED, 0xED, 0x40, 0xDD, 0xE2,
  0xDD, 0xDD, 0xDD, 0xD3, 0xDD, 0xDD, 0xDD, 0xD3, 0xD3, 0xE2, 0xD3, 0xD3, 0xDD, 0xD3, 0xC8, 0xC8,
  0x40, 0xF9, 0xF6, 0xE2, 0xDD, 0xDD, 0xDD, 0xDD, 0xDD, 0x36, 0x36, 0xDD, 0xD3, 0xD3, 0xE2, 0xDD,
  0xE2, 0xE2, 0xD7, 0x36, 0x41, 0xFA, 0xC2, 0xD7, 0x36, 0x4C, 0xD3, 0xC2, 0xE2, 0xE2, 0xDD, 0xE2,
  0xD3, 0xD3, 0xDD, 0xDD, 0x36, 0x36, 0xDD, 0xDD, 0xDD, 0xDD, 0xE2, 0xED, 0x85, 0xF6, 0xC8, 0xC8,
  0xD3, 0xD3, 0xD3, 0xC8, 0xC8, 0xC8, 0xF6, 0x85, 0xD3, 0xE2, 0xDD, 0xDD, 0xDD, 0xDD, 0x36, 0x36,
  0xDD, 0xDD, 0xD3, 0xD3, 0xE2, 0xDD, 0xE2, 0xE2, 0xD7, 0xD3, 0x4C, 0x36, 0xD7, 0xC2, 0x1C, 0x4C,
  0x36, 0xD7, 0xE2, 0xE2, 0xDD, 0xE2, 0xD3, 0xD3, 0xDD, 0x36, 0x36, 0xDD, 0xDD, 0xDD, 0xDD, 0xDD,
  0xE2, 0xC8, 0xF9, 0xDF, 0xC8, 0xC8, 0xD3, 0xD3, 0xD3, 0xC8, 0xC8, 0xDF, 0xC8, 0xC8, 0xDF, 0x40,
  0xF9, 0xE2, 0xDD, 0xDD, 0xDD, 0xDD, 0xDD, 0x36, 0x36, 0xDD, 0xD3, 0xD3, 0xDD, 0xE2, 0x36, 0xE2,
  0x36, 0xD7, 0x41, 0xE1, 0xC2, 0xD7, 0xE2, 0xDD, 0xDD, 0xDD, 0xD7, 0x36, 0xBA, 0x15, 0x8A, 0x8A,
  0x0D, 0x0D, 0x0D, 0xC1, 0xC1, 0xC1, 0x0D, 0x10, 0x0D, 0xC1, 0xC1, 0x0D, 0x0D, 0xFC, 0x8A, 0x0D,
  0xC7, 0xC1, 0xC1, 0xFC, 0x0E, 0x04, 0x05, 0x07, 0x1A, 0x1A, 0x07, 0x07, 0x3F, 0x12, 0x12, 0x12,
  0x0B, 0x12, 0x12, 0x06, 0x11, 0x11, 0x09, 0x09, 0xD7, 0xD7, 0x20, 0x20, 0x50, 0x20, 0xBC, 0xBC,
  0x20, 0xFA, 0x20, 0xD3, 0xD7, 0xB8, 0x0A, 0x39, 0x3A, 0xC2, 0xD7, 0xC2, 0xC2, 0xD7, 0xC2, 0x36,
  0xC2, 0xD7, 0xB8, 0xD4, 0x40, 0x4C, 0xD7, 0xD7, 0xD7, 0xE2, 0xDD, 0xE2, 0xDD, 0xDD, 0x36, 0xE2,
  0xDD, 0xDD, 0xE2, 0xED, 0xED, 0xE2, 0xE2, 0xD3, 0xD3, 0xDD, 0xDD, 0xD3, 0xDD, 0xD3, 0x40, 0xE8,
  0xE8, 0xF9, 0xF9, 0xC8, 0xDD, 0xDD, 0x36, 0xDD, 0xDD, 0xDD, 0xDD, 0xDD, 0xDD, 0xDD, 0xDD, 0xDD,
  0xE2, 0xD7, 0xD7, 0xB8, 0x41, 0xFA, 0x0A, 0xC2, 0xB8, 0x41, 0xFA, 0xC2, 0x36, 0xD7, 0xDD, 0xDD,
  0xDD, 0xDD, 0xDD, 0xDD, 0xE2, 0xDD, 0xDD, 0x36, 0xDD, 0xDD, 0xD3, 0xF6, 0xF9, 0xC8, 0xE8, 0xC8,
  0xC8, 0xDD, 0xDD, 0xC8, 0xC8, 0xE8, 0xC8, 0xF9, 0xF6, 0xD3, 0xDD, 0xDD, 0x36, 0xDD, 0xDD, 0xE2,
  0xDD, 0xDD, 0xDD, 0xDD, 0xDD, 0xDD, 0xD7, 0x36, 0xC2, 0xFA, 0x41, 0xB8, 0xC2, 0x3A, 0xFA, 0x41,
  0xDD, 0xD7, 0xD7, 0xE2, 0xDD, 0xDD, 0xDD, 0xDD, 0xDD, 0xDD, 0xDD, 0xDD, 0xDD, 0x36, 0xDD, 0xDD,
  0xC8, 0xF9, 0xF9, 0xE8, 0xE8, 0xDF, 0xD3, 0xE2, 0xDD, 0xC8, 0xC8, 0xE8, 0xC8, 0xC8, 0xE8, 0xDF,
  0xF9, 0xC8, 0xD3, 0xDD, 0xDD, 0x36, 0xDD, 0xDD, 0xDD, 0xDD, 0xDD, 0xDD, 0xDD, 0xDD, 0xE2, 0xD7,
  0xD7, 0xD7, 0x41, 0xE1, 0xC2, 0xD7, 0xD4, 0xC2, 0xD7, 0xD7, 0xD4, 0xD7, 0xBA, 0x08, 0x00, 0x8A,
  0x0D, 0xFC, 0xFC, 0xC1, 0xC1, 0x0D, 0x10, 0x94, 0x10, 0xC1, 0xC1, 0x0D, 0x8A, 0x94, 0x10, 0x10,
  0xC1, 0xC1, 0xC1, 0xFC, 0x0E, 0x15, 0x07, 0x07, 0x1A, 0x1A, 0x11, 0x07, 0x3F, 0x12, 0x12, 0x12,
  0x0B, 0x12, 0x12, 0x06, 0x11, 0x11, 0x11, 0x09, 0x20, 0xB8, 0xB8, 0xB8, 0xB8, 0x20, 0x20, 0xBC,
  0xBC, 0xBC, 0x20, 0xD7, 0xB8, 0x20, 0x0A, 0x0A, 0xD3, 0xDD, 0xD3, 0xDD, 0xC2, 0xC2, 0xC2, 0xDD,
  0xEA, 0x36, 0xD7, 0x3A, 0x74, 0x4E, 0xD3, 0xF8, 0x74, 0xC2, 0x36, 0xE2, 0xEA, 0x36, 0x36, 0x36,
  0xE2, 0xDD, 0xC8, 0xF9, 0xF9, 0xF9, 0xED, 0xED, 0xC8, 0xDD, 0xED, 0xED, 0xDD, 0xDD, 0xC8, 0xC8,
  0xC8, 0xED, 0xC8, 0xC8, 0xDD, 0xE2, 0xE2, 0xE2, 0xED, 0xC8, 0xED, 0xE2, 0xE2, 0xD4, 0xDD, 0xDD,
  0xB8, 0xD3, 0xFA, 0xDD, 0x40, 0xD3, 0xB8, 0xD3, 0x20, 0x74, 0xD3, 0xD3, 0xFA, 0xB8, 0xDD, 0xDD,
  0xE2, 0xD4, 0xE2, 0xED, 0xE8, 0xED, 0xE2, 0xE2, 0xE2, 0x36, 0xD3, 0xC8, 0xED, 0xE8, 0xC8, 0xC8,
  0xD3, 0xDD, 0xDD, 0xD3, 0xC8, 0xC8, 0xE8, 0xED, 0xC8, 0xD3, 0x36, 0xE2, 0xE2, 0xE2, 0xED, 0xE8,
  0xED, 0xE2, 0xD4, 0xE2, 0xDD, 0xDD, 0xB8, 0xFA, 0xD3, 0xD3, 0x74, 0xD3, 0xD3, 0xB8, 0xD3, 0x40,
  0xDD, 0xFA, 0xD3, 0xB8, 0xDD, 0xDD, 0xD4, 0xE2, 0xE2, 0xED, 0xC8, 0xED, 0xE2, 0xE2, 0xE2, 0xDD,
  0xC8, 0xC8, 0xED, 0xC8, 0xC8, 0xC8, 0xDD, 0xDD, 0xDD, 0xC8, 0xC8, 0xC8, 0xC8, 0xC8, 0xC8, 0xED,
  0xC8, 0xC8, 0xD3, 0xE2, 0xE2, 0xE2, 0xED, 0xC8, 0xED, 0xE2, 0xE2, 0xD4, 0xDD, 0xDD, 0x36, 0xB8,
  0xFA, 0xDD, 0xFA, 0xFA, 0xB8, 0xD3, 0xD7, 0xC2, 0xC2, 0xD7, 0xD7, 0xC2, 0x1A, 0xD7, 0x08, 0x15,
  0x8A, 0x10, 0x8A, 0x8D, 0x0D, 0x8A, 0x94, 0x64, 0x0C, 0xFC, 0x0D, 0x0D, 0x8A, 0x2D, 0x8A, 0x8A,
  0x0D, 0x0D, 0x0D, 0x0E, 0x15, 0x05, 0x08, 0x08, 0x1A, 0x1A, 0x08, 0x07, 0x3F, 0x12, 0x12, 0x12,
  0x0B, 0x12, 0x12, 0x06, 0x11, 0x11, 0x11, 0x0A, 0xB8, 0xB8, 0x20, 0xBA, 0xBA, 0xB8, 0x1C, 0xBC,
  0x20, 0x49, 0xB8, 0xB8, 0x85, 0xD3, 0xD7, 0x0A, 0xB8, 0xC8, 0xDD, 0xD3, 0xDD, 0xC2, 0xD7, 0x36,
  0xD7, 0xD7, 0x85, 0x41, 0xFA, 0xF6, 0xD3, 0xFA, 0xD3, 0x3A, 0xD7, 0x36, 0xD7, 0xD7, 0xD7, 0xD7,
  0xD4, 0xC8, 0xC8, 0xE8, 0xE8, 0xE8, 0xC8, 0xE2, 0xDD, 0xDD, 0xD3, 0xED, 0xDD, 0xD7, 0xDD, 0xE2,
  0xE2, 0xC8, 0xD3, 0xDD, 0x36, 0x36, 0xD7, 0xDD, 0xF9, 0x3B, 0x3B, 0xC8, 0xD3, 0xD7, 0xD7, 0xC2,
  0xD3, 0x41, 0x74, 0x40, 0xD3, 0xFA, 0x41, 0x4C, 0x74, 0xD3, 0xFA, 0x74, 0x41, 0xE1, 0xD7, 0xD7,
  0xC2, 0xE2, 0xC8, 0xF9, 0x3B, 0x3B, 0xED, 0xD7, 0x36, 0xB8, 0x36, 0xED, 0xC8, 0xED, 0xE2, 0xDD,
  0xE2, 0xE2, 0xE2, 0xE2, 0xD3, 0xE2, 0xED, 0xC8, 0xED, 0xDD, 0xB8, 0x36, 0xD7, 0xED, 0xF9, 0x3B,
  0xF9, 0xC8, 0xDD, 0xC2, 0xD7, 0xD7, 0xE1, 0x41, 0x74, 0xFA, 0xD3, 0x74, 0x4C, 0x41, 0xFA, 0xD3,
  0x40, 0x74, 0x41, 0xD3, 0xC2, 0xD7, 0xD7, 0xD3, 0xC8, 0x3B, 0x3B, 0xF9, 0xDD, 0xD7, 0x36, 0x36,
  0xDD, 0xD3, 0xC8, 0xE2, 0xE2, 0xDD, 0xE2, 0xE2, 0xE2, 0x36, 0xDD, 0xE2, 0xD3, 0xE2, 0xE2, 0xC8,
  0xC8, 0xDD, 0x36, 0x36, 0x36, 0xE2, 0xF6, 0x3B, 0x3B, 0xC8, 0xD3, 0xD7, 0xD7, 0xC2, 0xD3, 0x41,
  0x41, 0xF9, 0xD3, 0xFA, 0x41, 0x34, 0x1B, 0xC2, 0xD7, 0x36, 0x36, 0xC2, 0x0A, 0x3A, 0xE0, 0x06,
  0x15, 0xFC, 0x0D, 0x0D, 0xC1, 0xFC, 0x0B, 0x79, 0x0B, 0x0D, 0xC7, 0xC1, 0xC1, 0x0E, 0x0E, 0xFC,
  0x0D, 0x0D, 0x0E, 0x00, 0x05, 0x08, 0x1A, 0x11, 0x08, 0x1A, 0x1A, 0x07, 0x3F, 0x12, 0x12, 0x12,
  0x0B, 0x12, 0x12, 0x06, 0x11, 0x11, 0x11, 0x11, 0xD7, 0xD7, 0xB8, 0xBA, 0x20, 0xB8, 0xB8, 0x37,
  0x50, 0x37, 0xBA, 0xD7, 0xD3, 0xD3, 0xB8, 0x0A, 0x0A, 0x36, 0xD7, 0xD7, 0xD7, 0x1A, 0x39, 0x36,
  0xC2, 0xD7, 0x85, 0xF8, 0xC8, 0xED, 0xD3, 0xB8, 0x39, 0x0A, 0xD7, 0xD7, 0xD7, 0xD7, 0xD7, 0xD7,
  0xE2, 0xED, 0xED, 0xE8, 0xF3, 0xC8, 0xDD, 0x3A, 0xD7, 0xDD, 0xE2, 0xDD, 0x36, 0xD7, 0xD7, 0xD7,
  0xD7, 0xE2, 0xB8, 0xB8, 0xB8, 0xD7, 0xD7, 0x36, 0xC8, 0xE8, 0xF3, 0xF9, 0xDD, 0xC2, 0xC2, 0xC2,
  0xD7, 0xD3, 0xFA, 0xFA, 0xF6, 0xE2, 0xB8, 0xB8, 0xE2, 0xDC, 0xF6, 0xF6, 0xFA, 0xB8, 0xC2, 0xC2,
  0xC2, 0xE2, 0xC8, 0xF9, 0xE8, 0xF9, 0xED, 0xE2, 0xD7, 0xB8, 0xB8, 0xB8, 0xE2, 0xE2, 0xD7, 0xD7,
  0xD7, 0xD7, 0xD7, 0xD7, 0xD7, 0xD7, 0xE2, 0xE2, 0xB8, 0xB8, 0xB8, 0xD7, 0xE2, 0xED, 0xF6, 0xE8,
  0xF3, 0xC8, 0xE2, 0xC2, 0xC2, 0xC2, 0xB8, 0xFA, 0xFA, 0xF6, 0xDC, 0xE2, 0xB8, 0xB8, 0xE2, 0xF6,
  0xFA, 0xFA, 0xD3, 0xD7, 0xC2, 0xC2, 0xC2, 0xDD, 0xF9, 0xF3, 0xE8, 0xC8, 0x36, 0xD7, 0xD7, 0xB8,
  0xB8, 0xB8, 0xE2, 0xD7, 0xD7, 0xD7, 0xD7, 0x36, 0xD7, 0xD7, 0xD7, 0xD4, 0xD7, 0xD7, 0xD7, 0xE2,
  0xB8, 0xB8, 0xB8, 0x36, 0x36, 0xE2, 0xC8, 0xDF, 0xF3, 0xF9, 0xED, 0xD4, 0xC2, 0xC2, 0xD7, 0xD3,
  0xFA, 0xFA, 0xF6, 0xA5, 0xB8, 0xBA, 0x0A, 0xC2, 0xD7, 0xBA, 0xD7, 0xC2, 0xC2, 0x1A, 0xC2, 0xE0,
  0x08, 0x07, 0x00, 0xFC, 0xFC, 0xFC, 0x0E, 0x0E, 0x0E, 0xFC, 0xFC, 0xC1, 0xC1, 0xC1, 0x0D, 0xFC,
  0xFC, 0x00, 0x04, 0x07, 0x08, 0x1A, 0x1A, 0x1A, 0x08, 0x07, 0x07, 0x07, 0x3F, 0x12, 0x12, 0x12,
  0x0B, 0x12, 0x12, 0x06, 0x11, 0x11, 0x11, 0x0A, 0xD7, 0xB8, 0xB8, 0x09, 0x9F, 0x62, 0x1D, 0x20,
  0x49, 0x9F, 0x1E, 0x58, 0x1E, 0x3D, 0xB8, 0xBA, 0x39, 0x39, 0x39, 0x3A, 0xD7, 0xC2, 0x1A, 0xD7,
  0xC2, 0xC2, 0xD4, 0xD3, 0x40, 0x40, 0x40, 0x41, 0x39, 0x0A, 0xC2, 0xD7, 0xD7, 0xC2, 0x0A, 0x3A,
  0xE2, 0xE8, 0xC8, 0xE8, 0xC8, 0xD4, 0x3A, 0x0A, 0x39, 0x0A, 0xC2, 0xB8, 0xD7, 0xC2, 0xD7, 0xD7,
  0xD7, 0xD7, 0xD7, 0xB8, 0x36, 0xD7, 0xD3, 0xD3, 0xED, 0xED, 0xC8, 0xC8, 0xD7, 0xC2, 0xC2, 0xD7,
  0xC2, 0xB8, 0x41, 0x85, 0xE2, 0xFA, 0x3D, 0xE0, 0x40, 0xE2, 0xFA, 0x41, 0xD3, 0x3A, 0xD7, 0xC2,
  0xC2, 0xD4, 0xD3, 0xC8, 0xED, 0xED, 0xD3, 0xD3, 0x36, 0xD7, 0xB8, 0xD7, 0xD7, 0xD7, 0xD7, 0xD7,
  0xC2, 0xD4, 0xD4, 0xC2, 0xD7, 0xD7, 0xD7, 0xD7, 0xD7, 0xB8, 0xD7, 0x36, 0xD3, 0xD3, 0xED, 0xED,
  0xC8, 0xD3, 0xD4, 0xC2, 0xC2, 0xD7, 0x3A, 0xD3, 0x41, 0xFA, 0xE2, 0x74, 0xE0, 0x3D, 0xFA, 0xE2,
  0x85, 0x41, 0xB8, 0x3A, 0xD7, 0xC2, 0xC2, 0xD7, 0xC8, 0xC8, 0xED, 0xED, 0xD3, 0xD3, 0xD7, 0x36,
  0xB8, 0xD7, 0xD7, 0xD7, 0xD7, 0xD7, 0xC2, 0xD4, 0xC2, 0xD7, 0xD7, 0xD7, 0xD7, 0xD7, 0xD7, 0xD7,
  0xD7, 0xD7, 0xB8, 0x36, 0xDD, 0xD3, 0xED, 0xED, 0xC8, 0xC8, 0xE2, 0xC2, 0xC2, 0xD7, 0x0A, 0xD7,
  0x40, 0x41, 0xA5, 0xD3, 0x1C, 0x1A, 0x39, 0x0A, 0x1A, 0xC2, 0xC2, 0xC2, 0xC2, 0xC2, 0xD7, 0xD7,
  0xBA, 0x52, 0x06, 0x15, 0x00, 0x0E, 0xFC, 0xFC, 0xFC, 0xFC, 0xFC, 0xFC, 0x0D, 0xFC, 0xFC, 0x00,
  0x04, 0x04, 0x08, 0x08, 0x08, 0x08, 0x1A, 0x08, 0x08, 0x05, 0x07, 0x07, 0x3F, 0x01, 0x12, 0x12,
  0x0B, 0x12, 0x12, 0x06, 0x04, 0x11, 0x05, 0x0A, 0xB8, 0x1B, 0x1D, 0x09, 0x79, 0x64, 0x37, 0xB8,
  0x20, 0x1E, 0x1E, 0xDA, 0x8C, 0x3E, 0x09, 0xBA, 0x0A, 0x39, 0x39, 0x1A, 0x36, 0x36, 0xC2, 0xBA,
  0xC2, 0xC2, 0x36, 0xB8, 0x40, 0xFA, 0xC2, 0xD7, 0x0A, 0x39, 0x3A, 0xC2, 0xC2, 0xC2, 0xC2, 0xD7,
  0xD4, 0xC8, 0xC8, 0xC8, 0x36, 0x3A, 0x3A, 0x0A, 0x0A, 0x0A, 0xC2, 0x3A, 0x36, 0xDD, 0xD7, 0xD7,
  0x3A, 0x0A, 0x0A, 0x3A, 0xC2, 0xDD, 0xD3, 0xED, 0xED, 0xD3, 0xD7, 0xD7, 0xD7, 0xDD, 0xD3, 0xD7,
  0xC2, 0xC2, 0xD3, 0x41, 0xB8, 0xB8, 0xE1, 0xE1, 0x1C, 0xD7, 0xFA, 0x40, 0xC2, 0xC2, 0xD7, 0xDD,
  0xD3, 0x36, 0xD7, 0xD7, 0x36, 0xD3, 0xED, 0xD3, 0xD3, 0xD7, 0x3A, 0x3A, 0x0A, 0x3A, 0xD7, 0xD4,
  0xE2, 0xD3, 0xD3, 0xE2, 0xD4, 0xD7, 0x3A, 0x0A, 0x0A, 0x3A, 0xD7, 0xD3, 0xD3, 0xED, 0xD3, 0x36,
  0xD7, 0xD7, 0x36, 0xD3, 0xDD, 0xD7, 0xC2, 0xC2, 0x22, 0xFA, 0xD7, 0x1C, 0xE1, 0xE1, 0xB8, 0xB8,
  0x41, 0xD3, 0xC2, 0xC2, 0xD7, 0xD3, 0xDD, 0xE2, 0xD7, 0xD7, 0xDD, 0xED, 0xED, 0xD3, 0xDD, 0xC2,
  0x3A, 0x0A, 0x0A, 0x3A, 0xD7, 0xD7, 0xDD, 0xD3, 0xD3, 0xD7, 0xD7, 0x3A, 0xC2, 0xD7, 0x3A, 0x3A,
  0x0A, 0x3A, 0x3A, 0xB8, 0xD3, 0xED, 0xED, 0xD3, 0xD7, 0xD7, 0xD7, 0x36, 0xD3, 0xE2, 0xC2, 0xC2,
  0x3D, 0x41, 0xB8, 0xD7, 0xE1, 0xBA, 0x1A, 0x0A, 0x39, 0xC2, 0xC2, 0xC2, 0xD7, 0xDD, 0xD7, 0xC2,
  0xE0, 0xBA, 0xE0, 0x08, 0x05, 0x02, 0x00, 0x00, 0xFC, 0xFC, 0x0E, 0x0E, 0x00, 0x00, 0x15, 0x04,
  0x07, 0x08, 0x08, 0x1A, 0x1A, 0x39, 0x07, 0x39, 0x05, 0x05, 0x05, 0x07, 0x3F, 0x12, 0x12, 0x12,
  0x0B, 0x12, 0x12, 0x06, 0x04, 0x11, 0x39, 0x39, 0xD7, 0xB8, 0x09, 0x79, 0x79, 0x0B, 0x11, 0xB8,
  0xDD, 0x36, 0x1E, 0x58, 0x64, 0x58, 0x1D, 0xBA, 0x0A, 0x39, 0x08, 0xBA, 0x36, 0xDD, 0xD7, 0xBA,
  0x1A, 0x36, 0x36, 0x1A, 0x1A, 0x1A, 0x1A, 0x1A, 0xC2, 0xC2, 0x36, 0xE2, 0xC2, 0xC2, 0xB8, 0xD3,
  0xD7, 0xD7, 0xE2, 0xE2, 0xDD, 0xD4, 0xC2, 0xC2, 0xD7, 0xD4, 0xD7, 0x3A, 0xDD, 0xC8, 0xD3, 0xB8,
  0x3A, 0x0A, 0xD7, 0x3A, 0x39, 0xDD, 0xD3, 0xED, 0xD3, 0x36, 0x1A, 0xC2, 0xDD, 0xC8, 0xC8, 0xD3,
  0xD7, 0x1A, 0x1A, 0xD7, 0x1A, 0xC2, 0xC2, 0xE0, 0xC2, 0x39, 0xD7, 0xE0, 0x1A, 0xC2, 0xDD, 0xC8,
  0xC8, 0xDD, 0xD7, 0x1A, 0xC2, 0xD3, 0xED, 0xD3, 0xD3, 0x3A, 0x39, 0x0A, 0x0A, 0x3A, 0xD7, 0xD3,
  0xD3, 0xD3, 0xD3, 0xD3, 0xD3, 0xD7, 0x3A, 0x0A, 0x0A, 0x39, 0x3A, 0xD3, 0xD3, 0xED, 0xD3, 0xC2,
  0x1A, 0xD7, 0xDD, 0xC8, 0xC8, 0xDD, 0xC2, 0x1A, 0xE0, 0xD7, 0x39, 0xC2, 0xE0, 0xC2, 0xC2, 0x1A,
  0xD7, 0x1A, 0x1A, 0xC2, 0xD3, 0xC8, 0xC8, 0xDD, 0xC2, 0x39, 0xD7, 0xD3, 0xED, 0xD3, 0xDD, 0x39,
  0x3A, 0x0A, 0x0A, 0x3A, 0xB8, 0xD3, 0xD3, 0xD3, 0xD3, 0xD3, 0xDD, 0x3A, 0xD7, 0xDD, 0x3A, 0x0A,
  0x0A, 0x0A, 0x39, 0xD7, 0xD3, 0xED, 0xD3, 0xB8, 0x39, 0xC2, 0x36, 0xC8, 0xE8, 0xC8, 0xD7, 0xC2,
  0x1A, 0xD7, 0x3A, 0x1A, 0xE0, 0xE0, 0x0A, 0xE0, 0xBA, 0xC2, 0xC2, 0xC2, 0x36, 0x3D, 0xC2, 0xC2,
  0xD7, 0xD7, 0xC2, 0xBA, 0xBA, 0x11, 0x11, 0x04, 0x04, 0x04, 0x04, 0x04, 0x05, 0x07, 0x08, 0x08,
  0x1A, 0x1A, 0x08, 0x1A, 0x1A, 0x1A, 0x07, 0x1A, 0x05, 0x07, 0x07, 0x07, 0x3F, 0x12, 0x12, 0x12,
  0x0B, 0x12, 0x12, 0x06, 0x04, 0x11, 0x05, 0x11, 0x1F, 0xBA, 0x09, 0x3E, 0x79, 0x79, 0x09, 0xD3,
  0xC8, 0x40, 0x3D, 0x5E, 0x79, 0x1D, 0x1E, 0xBA, 0xBA, 0x39, 0x0A, 0xBA, 0xC2, 0xDD, 0xD7, 0xD7,
  0xC2, 0xDD, 0xC2, 0x39, 0xE0, 0x0A, 0x0A, 0x0A, 0xC2, 0x36, 0xD3, 0x40, 0x40, 0xDD, 0xE2, 0xDD,
  0xDD, 0xC2, 0x36, 0xDD, 0xC2, 0xD4, 0xD7, 0xD7, 0xC8, 0xDD, 0xD4, 0xD3, 0x36, 0xD4, 0xD7, 0xD7,
  0xC2, 0xC2, 0xD7, 0x1A, 0xC2, 0xD3, 0xD3, 0xD3, 0xD7, 0x0A, 0x1A, 0xC2, 0xDD, 0xC8, 0xC8, 0xD3,
  0xB8, 0xD7, 0xE0, 0x1A, 0xC2, 0xC2, 0xC2, 0xC2, 0xC2, 0xE0, 0x1A, 0x1A, 0xE0, 0xD7, 0xD3, 0xC8,
  0xC8, 0xC8, 0xC2, 0x1A, 0x0A, 0xD7, 0xDD, 0xD3, 0xD3, 0xB8, 0x39, 0xD7, 0xD7, 0x3A, 0xD7, 0x36,
  0xD4, 0xD4, 0xD4, 0xD4, 0x36, 0xD7, 0x3A, 0xD7, 0xD7, 0x39, 0xB8, 0xD3, 0xD3, 0xDD, 0xD7, 0x0A,
  0x1A, 0xC2, 0xC8, 0xC8, 0xC8, 0xD3, 0xD7, 0xE0, 0x1A, 0x1A, 0xC2, 0xC2, 0xC2, 0xC2, 0xC2, 0xC2,
  0x1A, 0xE0, 0xD7, 0x36, 0xD3, 0xC8, 0xC8, 0xDD, 0xC2, 0x1A, 0x0A, 0xD7, 0xD3, 0xD3, 0xD3, 0xD7,
  0x1A, 0xD7, 0xC2, 0xC2, 0xD7, 0xD7, 0xD4, 0xD4, 0xD4, 0xD7, 0xD7, 0xD7, 0xD7, 0xD7, 0xD7, 0x0A,
  0xD7, 0x0A, 0x3A, 0xD3, 0xD3, 0xD3, 0xD7, 0x0A, 0x1A, 0x1A, 0xDD, 0xC8, 0xC8, 0xC8, 0xB8, 0xD7,
  0xE0, 0x1A, 0x1A, 0xC2, 0xE0, 0xC2, 0xC2, 0xC2, 0xD7, 0x36, 0xD7, 0x08, 0xE0, 0xE0, 0x1A, 0x1A,
  0xD7, 0xD7, 0xC2, 0xC2, 0xD7, 0x0A, 0x09, 0x09, 0x09, 0x11, 0x05, 0x08, 0xE0, 0xE0, 0x08, 0x0A,
  0x1A, 0x1A, 0x1A, 0x07, 0x08, 0xBA, 0x07, 0x39, 0x05, 0x07, 0x07, 0x07, 0x3F, 0x12, 0x12, 0x12,
  0x0B, 0x12, 0x12, 0x06, 0x04, 0x11, 0x09, 0x11, 0x09, 0x1F, 0x11, 0x0C, 0x58, 0xDA, 0x58, 0x36,
  0xC8, 0xC8, 0xBA, 0x09, 0x11, 0x11, 0x0A, 0x1B, 0xB8, 0x0A, 0x39, 0x1A, 0x1A, 0xC2, 0x36, 0xC2,
  0xC2, 0xC2, 0x1A, 0xE0, 0xE0, 0x0A, 0x0A, 0xC2, 0xD7, 0xE2, 0xDD, 0xDD, 0xC8, 0x40, 0xC8, 0xC2,
  0xD7, 0xC2, 0x36, 0xB8, 0x3D, 0xDD, 0xDD, 0x36, 0xD3, 0xD3, 0xE2, 0xD3, 0xDD, 0x3A, 0xB8, 0xB8,
  0xD7, 0xD7, 0xD7, 0xD7, 0xD7, 0x0A, 0xC2, 0x3A, 0x0A, 0x0A, 0x39, 0x3A, 0xD7, 0xD7, 0x0A, 0x3A,
  0xD7, 0x0A, 0xE0, 0xC2, 0xD7, 0xC2, 0xC2, 0xC2, 0xC2, 0xC2, 0xC2, 0xE0, 0x0A, 0xC2, 0x3A, 0x0A,
  0xC2, 0xD7, 0xC2, 0x1A, 0x1A, 0x0A, 0x3A, 0xD7, 0xC2, 0xC2, 0xC2, 0xD7, 0xD7, 0xD7, 0xB8, 0xD3,
  0xD4, 0xD7, 0xD7, 0xD4, 0xD3, 0xB8, 0xD7, 0xD7, 0xD7, 0xD7, 0xC2, 0xC2, 0xD7, 0x3A, 0x0A, 0x1A,
  0x1A, 0xC2, 0xD7, 0xC2, 0x0A, 0x3A, 0xC2, 0x0A, 0xE0, 0xC2, 0xC2, 0xC2, 0xC2, 0xC2, 0xC2, 0xD7,
  0xC2, 0xE0, 0x0A, 0xD7, 0x3A, 0x0A, 0xC2, 0xD7, 0xC2, 0x39, 0x0A, 0x0A, 0x3A, 0xC2, 0x0A, 0xD7,
  0xD7, 0xD7, 0xD7, 0xD7, 0xB8, 0xB8, 0xC2, 0xD7, 0xD4, 0xD7, 0xD3, 0xD7, 0xD7, 0xB8, 0xD7, 0xD7,
  0xD7, 0xD7, 0xC2, 0xC2, 0x0A, 0xC2, 0x3A, 0x0A, 0x39, 0x1A, 0xD7, 0xD7, 0x0A, 0x3A, 0xD7, 0x0A,
  0xE0, 0xC2, 0xC2, 0xC2, 0xC2, 0xC2, 0xC2, 0xC2, 0x36, 0x85, 0x1B, 0x51, 0x13, 0x1A, 0x1A, 0xD7,
  0x36, 0xDD, 0xD7, 0xC2, 0xD7, 0x0A, 0x1D, 0x1D, 0x09, 0x11, 0x05, 0x08, 0xE0, 0x08, 0x1A, 0x0A,
  0xC2, 0xE0, 0x1A, 0x1A, 0xBA, 0x3D, 0x1A, 0x1A, 0x18, 0x18, 0x07, 0x07, 0x3F, 0x12, 0x12, 0x12,
  0x0B, 0x12, 0x12, 0x06, 0x04, 0x11, 0x11, 0x11, 0x09, 0x09, 0x19, 0x09, 0x37, 0x1D, 0x09, 0x09,
  0x0A, 0xBA, 0xBA, 0xBA, 0x1B, 0x1B, 0x1E, 0x20, 0x1E, 0x11, 0x07, 0x07, 0x18, 0x1A, 0xD7, 0xC2,
  0xC2, 0xBA, 0x1A, 0xE0, 0xE0, 0xD7, 0xD7, 0xC2, 0xE2, 0x36, 0xDD, 0xDD, 0x38, 0xDD, 0x40, 0xD7,
  0x39, 0xC2, 0xD7, 0xBA, 0xD7, 0xD7, 0x36, 0xDD, 0xDD, 0xDD, 0xD3, 0xDD, 0xD7, 0xD7, 0xD7, 0xD7,
  0xB8, 0xE2, 0x36, 0x36, 0xC2, 0x3A, 0x39, 0x3A, 0xC2, 0xD7, 0xC2, 0xC2, 0xD7, 0x0A, 0x39, 0x39,
  0x3A, 0x0A, 0xC2, 0xC2, 0x36, 0xD7, 0xC2, 0xE0, 0xC2, 0x36, 0xC2, 0xC2, 0x0A, 0x3A, 0x0A, 0x39,
  0x0A, 0xD7, 0xD7, 0xC2, 0xD7, 0xD7, 0x0A, 0x39, 0x1A, 0xC2, 0xD7, 0x36, 0x36, 0xB8, 0xB8, 0xD7,
  0xD7, 0xD7, 0xD7, 0xD7, 0xD7, 0xB8, 0xB8, 0x36, 0x36, 0xD7, 0xC2, 0x1A, 0x39, 0x0A, 0xD7, 0xD7,
  0xC2, 0xD7, 0xD7, 0x0A, 0x39, 0x0A, 0x3A, 0x0A, 0xC2, 0xC2, 0x36, 0xC2, 0xC2, 0xC2, 0xD7, 0x36,
  0xC2, 0xC2, 0x0A, 0x3A, 0x39, 0x39, 0x0A, 0xD7, 0xC2, 0xC2, 0xD7, 0xC2, 0x0A, 0x39, 0x1A, 0xC2,
  0x36, 0x36, 0xE2, 0xB8, 0xD7, 0xD7, 0xD7, 0xD7, 0xD7, 0xD7, 0xD7, 0xB8, 0xD7, 0xD7, 0xB8, 0xE2,
  0x36, 0x36, 0xC2, 0x3A, 0x39, 0x3A, 0xC2, 0xD7, 0xD7, 0x0A, 0xD7, 0x0A, 0x39, 0x1A, 0xC2, 0x0A,
  0xC2, 0xC2, 0xD7, 0x36, 0xC2, 0xE0, 0xC2, 0xD7, 0xD7, 0xC8, 0x3D, 0x51, 0x13, 0x1A, 0x1A, 0xBA,
  0x36, 0x36, 0xC2, 0xC2, 0x0A, 0x09, 0x1E, 0x1D, 0x1D, 0x09, 0x61, 0x09, 0xE0, 0x08, 0x09, 0x0A,
  0xC2, 0xD3, 0xE0, 0x1A, 0x36, 0x38, 0xD7, 0x1A, 0x1A, 0x07, 0x18, 0x07, 0x3F, 0x12, 0x12, 0x12,
  0x3F, 0x12, 0x12, 0x06, 0x11, 0x11, 0x11, 0x11, 0x1F, 0x09, 0x11, 0x11, 0x11, 0x09, 0x1F, 0x1E,
  0xB8, 0x50, 0xB8, 0x50, 0x1B, 0xB8, 0x50, 0xB8, 0xB8, 0x09, 0x61, 0x39, 0x39, 0x05, 0x1A, 0xC2,
  0xD7, 0x08, 0x0A, 0xE0, 0xBA, 0xD7, 0xD7, 0x36, 0xDD, 0xDD, 0x36, 0xD7, 0xB8, 0xD7, 0xC2, 0xD7,
  0x0A, 0x09, 0x08, 0xC2, 0x3A, 0xD7, 0xDD, 0xDD, 0xDD, 0xDD, 0xE2, 0xD7, 0xD7, 0xD7, 0xD7, 0xD7,
  0xD7, 0xD7, 0xE2, 0xD3, 0xD3, 0xC2, 0xD7, 0xD7, 0xC2, 0xD7, 0xD7, 0xD7, 0xD7, 0xC2, 0xC2, 0xE0,
  0xE0, 0xD7, 0xC2, 0xC2, 0x36, 0x36, 0xC2, 0xE0, 0xC2, 0x36, 0xC2, 0xC2, 0xE0, 0xE0, 0xE0, 0xC2,
  0xC2, 0xC2, 0xD7, 0xD7, 0xD7, 0xC2, 0x0A, 0xD7, 0xC2, 0xB8, 0xD3, 0xDD, 0xD7, 0xD7, 0xD7, 0xD7,
  0xB8, 0xD7, 0xD7, 0xB8, 0xD7, 0xD7, 0xD7, 0xD7, 0xDD, 0xD3, 0x36, 0xC2, 0xD7, 0x0A, 0xC2, 0xD7,
  0xD7, 0xD7, 0xC2, 0xC2, 0xC2, 0xE0, 0xE0, 0xE0, 0xC2, 0xC2, 0x36, 0xD7, 0xE0, 0xC2, 0x36, 0x36,
  0xC2, 0xC2, 0xD7, 0xE0, 0xE0, 0xC2, 0xC2, 0xC2, 0xD7, 0xD7, 0xD7, 0xC2, 0xD7, 0xD7, 0xC2, 0xD3,
  0xD3, 0x36, 0xD7, 0xD7, 0xD7, 0xD7, 0xD7, 0xD7, 0xD7, 0xB8, 0xD7, 0xD7, 0xD7, 0xD7, 0xD7, 0xD7,
  0x36, 0xD3, 0xD3, 0xD7, 0xD7, 0xD7, 0xC2, 0xD7, 0xD7, 0xD7, 0xD7, 0xC2, 0xC2, 0xD7, 0xE0, 0xE0,
  0xC2, 0xC2, 0xC2, 0x36, 0xC2, 0xE0, 0xE0, 0x09, 0x09, 0xB8, 0xE0, 0x13, 0x7B, 0x3D, 0x1A, 0xBA,
  0xBA, 0xC2, 0xE0, 0x08, 0x08, 0x1D, 0x1E, 0x1D, 0x1D, 0x09, 0x61, 0xE0, 0xC2, 0xE0, 0xE0, 0x0A,
  0x1A, 0x1B, 0xB8, 0x1A, 0x36, 0x38, 0xD7, 0x1A, 0x08, 0x08, 0x1A, 0x07, 0x3F, 0x12, 0x12, 0x12,
  0x0B, 0x12, 0x12, 0x06, 0x19, 0x11, 0x11, 0x11, 0x1D, 0x1F, 0x1D, 0x1D, 0x1D, 0x1E, 0x1E, 0x1E,
  0x1E, 0x1E, 0x50, 0x50, 0x50, 0x1B, 0xB8, 0xB8, 0x1F, 0xBA, 0x39, 0x1A, 0x1A, 0x05, 0x18, 0xC2,
  0xC2, 0x39, 0x39, 0xE0, 0xD7, 0xC2, 0x36, 0xD3, 0xC8, 0xC8, 0xC8, 0xC2, 0x61, 0x61, 0x18, 0x39,
  0x1A, 0x08, 0xE0, 0xC2, 0xD7, 0x36, 0xDD, 0xDD, 0xDD, 0xDD, 0xC2, 0xC2, 0xD7, 0xD7, 0xD7, 0xD7,
  0xD4, 0xE2, 0x36, 0xD3, 0xD3, 0xC2, 0xC2, 0xB8, 0xD7, 0xD4, 0xD7, 0xD7, 0xC2, 0xC2, 0x3A, 0xD7,
  0x0A, 0xC2, 0xD7, 0xC2, 0xC2, 0xD7, 0xE0, 0xE0, 0xE0, 0xC2, 0xC2, 0xD7, 0xD7, 0xC2, 0xD7, 0x3A,
  0xC2, 0xC2, 0xC2, 0xD7, 0xD7, 0xD7, 0xB8, 0xC2, 0x3A, 0xB8, 0xD3, 0xD7, 0xE2, 0xD4, 0xD7, 0xD7,
  0xD7, 0xB8, 0xB8, 0xD7, 0xD7, 0xD7, 0xD4, 0xE2, 0xD7, 0xD3, 0xB8, 0x3A, 0xC2, 0xB8, 0xD7, 0xD7,
  0xD7, 0xC2, 0xC2, 0xC2, 0x3A, 0xD7, 0xC2, 0xD7, 0xD7, 0xC2, 0xC2, 0xE0, 0xE0, 0xE0, 0xD7, 0xC2,
  0xC2, 0xD7, 0xD7, 0x0A, 0xD7, 0x3A, 0xC2, 0xC2, 0xD7, 0xD7, 0xD4, 0xD7, 0xB8, 0xC2, 0xC2, 0xD3,
  0xD3, 0x36, 0xE2, 0xD4, 0xD7, 0xD7, 0xD7, 0xB8, 0xD7, 0xD7, 0xD7, 0xD4, 0xD7, 0xD7, 0xC2, 0xD7,
  0x36, 0xDD, 0xD3, 0xD7, 0x3A, 0x36, 0x36, 0xD4, 0xD7, 0xD7, 0xC2, 0xC2, 0x3A, 0xC2, 0x0A, 0xC2,
  0xD7, 0xC2, 0xC2, 0xD7, 0xC2, 0xE0, 0x0B, 0x51, 0x51, 0x1E, 0x1B, 0x3D, 0x3D, 0xE0, 0x1A, 0x1A,
  0x1A, 0x08, 0x1A, 0x08, 0x08, 0x09, 0x1E, 0x49, 0x1E, 0x09, 0x08, 0xE0, 0xE0, 0xE0, 0xE0, 0x3D,
  0xBA, 0xC2, 0xBA, 0x61, 0xC2, 0xBA, 0x1A, 0x08, 0x08, 0x08, 0x1A, 0x07, 0x3F, 0x12, 0x12, 0x12,
  0x0B, 0x12, 0x12, 0x06, 0x19, 0x11, 0x11, 0x11, 0x09, 0x1D, 0x1E, 0x1E, 0x1E, 0x1D, 0x1E, 0x1E,
  0x1E, 0x1E, 0x50, 0x50, 0x50, 0x1F, 0x1F, 0x09, 0x1F, 0xB8, 0x0A, 0x61, 0x08, 0x1A, 0x18, 0xD7,
  0x1A, 0x1A, 0x1A, 0xE0, 0xC2, 0xD7, 0xDD, 0xC8, 0xDD, 0x36, 0x36, 0xD3, 0x08, 0x39, 0x39, 0x39,
  0x0A, 0xC2, 0xE0, 0xE0, 0xC2, 0xD7, 0x36, 0xDD, 0x36, 0x36, 0xC2, 0xD7, 0xB8, 0xE2, 0xE2, 0xD7,
  0xD3, 0x40, 0xD3, 0xC2, 0xD7, 0xC2, 0xC2, 0xDD, 0x40, 0xE2, 0xD7, 0xC2, 0xD7, 0xC2, 0xC2, 0xD7,
  0xC2, 0xC2, 0x36, 0xD7, 0xC2, 0xC2, 0x1A, 0x1A, 0xC2, 0xC2, 0xC2, 0x36, 0xD7, 0xC2, 0xD7, 0xC2,
  0xC2, 0xC2, 0xC2, 0xD7, 0xEA, 0xC8, 0xC8, 0xD7, 0xC2, 0xD7, 0xD7, 0xD7, 0x40, 0xC8, 0xD7, 0xD7,
  0xE2, 0xB8, 0xB8, 0xE2, 0xD7, 0xD7, 0xC8, 0x40, 0xD7, 0xD7, 0xD7, 0xC2, 0xD7, 0xC8, 0xC8, 0xEA,
  0xD7, 0xC2, 0xD7, 0xC2, 0xC2, 0xD7, 0xC2, 0xD7, 0x36, 0xC2, 0xC2, 0xC2, 0x1A, 0x1A, 0xC2, 0xC2,
  0xD7, 0x36, 0xC2, 0xC2, 0xD7, 0xC2, 0xC2, 0xD7, 0xC2, 0xD7, 0xE2, 0x40, 0xDD, 0xC2, 0xC2, 0xD7,
  0xC2, 0xDD, 0x40, 0xD3, 0xD7, 0xE2, 0xE2, 0xB8, 0xB8, 0xE2, 0xD7, 0xDD, 0xD3, 0xD7, 0xDD, 0x40,
  0xD3, 0xC2, 0xD7, 0xC2, 0xC2, 0x36, 0xC8, 0xDD, 0xD7, 0xC2, 0xC2, 0xC2, 0xC2, 0xD7, 0xC2, 0xC2,
  0x36, 0xD7, 0xC2, 0xC2, 0x0A, 0x1A, 0x08, 0x14, 0x13, 0x5E, 0x22, 0x22, 0x14, 0x08, 0x08, 0x08,
  0x08, 0x08, 0x08, 0x08, 0x39, 0x09, 0x37, 0x49, 0x1E, 0x09, 0x39, 0xE0, 0xE0, 0x0A, 0xE0, 0x38,
  0x38, 0xD7, 0xBA, 0x0A, 0x1A, 0x1A, 0x1A, 0x1A, 0x07, 0x05, 0x05, 0x05, 0x3F, 0x12, 0x12, 0x12,
  0x0B, 0x12, 0x12, 0x06, 0x04, 0x19, 0x11, 0x11, 0x09, 0x1D, 0x1E, 0x1E, 0x09, 0x11, 0x6A, 0x1D,
  0x1E, 0x1E, 0x1E, 0x50, 0x1F, 0x8E, 0x8E, 0x49, 0x1F, 0x1E, 0x0A, 0x61, 0x08, 0xC2, 0x18, 0xE0,
  0x1A, 0x18, 0x1A, 0xC2, 0xC2, 0x36, 0x36, 0xC2, 0x1A, 0x1A, 0x39, 0x39, 0xE0, 0xE0, 0xE0, 0x0A,
  0xC2, 0xC2, 0xC2, 0xC2, 0xC2, 0xC2, 0xD7, 0xD7, 0xD7, 0xC2, 0x0A, 0xE0, 0xD7, 0xD7, 0xE2, 0xDD,
  0x40, 0xC8, 0xD3, 0x3A, 0x3A, 0xC2, 0xD7, 0xDD, 0xC8, 0xE2, 0xD7, 0xC2, 0xD7, 0xD7, 0xB8, 0xC2,
  0xC2, 0xC2, 0xD7, 0xBA, 0xD7, 0x1A, 0x1A, 0x1A, 0x1A, 0xC2, 0xBA, 0xD7, 0xD7, 0xC2, 0xC2, 0xD7,
  0xB8, 0xD7, 0xD7, 0xD7, 0xEA, 0xC8, 0xC8, 0x36, 0xC2, 0xC2, 0x1A, 0xD7, 0xC8, 0x40, 0xD3, 0xE2,
  0xE2, 0xB8, 0xB8, 0xE2, 0xE2, 0xD3, 0xF6, 0xC8, 0xE2, 0x1A, 0xC2, 0xC2, 0x36, 0xC8, 0xC8, 0xEA,
  0xD7, 0xD7, 0xD7, 0xB8, 0xD7, 0xC2, 0xC2, 0xD7, 0xD7, 0xBA, 0xC2, 0x1A, 0x39, 0x0A, 0x1A, 0xD7,
  0xBA, 0xD7, 0xC2, 0xC2, 0xC2, 0xB8, 0xD7, 0xD7, 0xC2, 0xD7, 0xE2, 0xC8, 0xDD, 0xD7, 0xC2, 0x3A,
  0x3A, 0xD3, 0xC8, 0x40, 0xDD, 0xD7, 0xD7, 0xB8, 0xD7, 0xE2, 0xD7, 0x40, 0xD3, 0xD7, 0x40, 0xC8,
  0xD3, 0x3A, 0xC2, 0xC2, 0xD7, 0xDD, 0xC8, 0xE2, 0xD7, 0xC2, 0xD7, 0xBA, 0xB8, 0xC2, 0xC2, 0xC2,
  0xD7, 0xD7, 0xD7, 0xE0, 0x39, 0x0A, 0x08, 0x08, 0x7B, 0x5E, 0x13, 0x13, 0x10, 0x0B, 0x5E, 0x3D,
  0x08, 0x1A, 0x1A, 0x08, 0x39, 0x1D, 0x49, 0x49, 0x1E, 0x11, 0x11, 0x08, 0x1A, 0x1A, 0x1A, 0xD7,
  0x38, 0xD3, 0xD7, 0x3A, 0xC2, 0xD7, 0x0A, 0x18, 0x05, 0x05, 0x04, 0x15, 0x01, 0x12, 0x12, 0x12,
  0x0B, 0x12, 0x12, 0x06, 0x04, 0x11, 0x11, 0x11, 0x09, 0x1D, 0x1D, 0x09, 0x11, 0x49, 0x1B, 0x19,
  0x1F, 0x1E, 0x50, 0x1F, 0x49, 0x64, 0x1F, 0xFF, 0x1E, 0xB8, 0x1D, 0x61, 0x1A, 0xBA, 0x1A, 0x08,
  0x05, 0x1A, 0xC2, 0xC2, 0xE0, 0xE0, 0x1A, 0x1A, 0x1A, 0x11, 0x07, 0x1A, 0x1A, 0xC2, 0xD7, 0xD7,
  0xC2, 0x36, 0xDD, 0x38, 0x3D, 0xC2, 0xC2, 0xD7, 0xD7, 0x1A, 0x0A, 0x1A, 0xD7, 0xD3, 0xDD, 0xDD,
  0xD3, 0xDD, 0xD7, 0x3A, 0x3A, 0xC2, 0xD7, 0x36, 0xB8, 0xD7, 0xC2, 0xD7, 0xD7, 0xFE, 0x93, 0x1B,
  0xE0, 0xC2, 0xC2, 0xD7, 0xBA, 0xC2, 0xE0, 0xD7, 0xC2, 0xD7, 0xD7, 0xC2, 0xC2, 0xC2, 0xD7, 0xFE,
  0xEC, 0x20, 0xC2, 0xD7, 0xD7, 0xB8, 0x36, 0x36, 0xD7, 0xC2, 0x1A, 0xC2, 0xDD, 0xED, 0xD3, 0xDD,
  0xD3, 0xB8, 0xB8, 0xD3, 0xDD, 0xD3, 0xED, 0xDD, 0xC2, 0x1A, 0xC2, 0xC2, 0xD7, 0x36, 0xB8, 0xD7,
  0xD7, 0xC2, 0x20, 0xEC, 0xFE, 0xD7, 0xC2, 0xC2, 0xC2, 0xD7, 0xD7, 0xC2, 0xD7, 0xE0, 0xC2, 0xBA,
  0xD7, 0xC2, 0xC2, 0xC2, 0x1B, 0x93, 0xFE, 0xD7, 0xD7, 0xC2, 0xD7, 0xB8, 0x36, 0xD7, 0xC2, 0x3A,
  0x1A, 0xD7, 0xDD, 0xD3, 0xDD, 0xDD, 0xDD, 0xB8, 0xB8, 0xD3, 0xDD, 0xD3, 0xD3, 0xDD, 0xD3, 0xDD,
  0xD7, 0x3A, 0x3A, 0xC2, 0xD7, 0x36, 0xE2, 0xD7, 0xC2, 0xD7, 0xD7, 0x34, 0xFD, 0x9F, 0xC2, 0xC2,
  0xC2, 0xD7, 0xBA, 0xC2, 0xE0, 0xD7, 0xE0, 0xBA, 0x5E, 0x14, 0x94, 0x0B, 0x06, 0x08, 0x3D, 0xE0,
  0x1A, 0x1A, 0x07, 0x08, 0x11, 0x1D, 0x9F, 0x56, 0x1D, 0x11, 0x07, 0x1A, 0x1A, 0x1A, 0x1A, 0x1A,
  0xBA, 0xD7, 0x1A, 0xD7, 0x36, 0xBA, 0xBA, 0x05, 0x05, 0x05, 0x05, 0x15, 0x01, 0x12, 0x12, 0x12,
  0x3F, 0x12, 0x12, 0x06, 0x04, 0x11, 0x11, 0x11, 0x09, 0x1D, 0x1D, 0x11, 0x49, 0x64, 0x64, 0x49,
  0x11, 0x1E, 0x1E, 0x1F, 0x9F, 0x1D, 0x17, 0x9F, 0x20, 0x1D, 0xBA, 0x11, 0x61, 0x1A, 0xE0, 0x08,
  0x18, 0x1A, 0xD7, 0x08, 0x1A, 0x1A, 0x1A, 0x39, 0x1A, 0x1A, 0x1A, 0x1A, 0xC2, 0xD7, 0xC2, 0x36,
  0x36, 0xEA, 0xDD, 0xD3, 0x38, 0xC2, 0x0A, 0xBA, 0xD7, 0xC2, 0xC2, 0x1A, 0xBA, 0xDD, 0x36, 0xD7,
  0xD7, 0xB8, 0xD7, 0x39, 0x1A, 0xC2, 0xC2, 0xC2, 0xC2, 0xC2, 0xC2, 0x3A, 0xBA, 0x93, 0xAA, 0x9F,
  0x39, 0xBA, 0x39, 0x3A, 0xC2, 0xC2, 0xD7, 0xC2, 0xD7, 0xC2, 0xC2, 0x39, 0xD7, 0x0A, 0xBA, 0x93,
  0xFD, 0x9F, 0x39, 0xC2, 0xC2, 0xC2, 0xC2, 0xC2, 0xC2, 0x0A, 0x39, 0x0A, 0xD7, 0xD7, 0xD7, 0xE2,
  0xE2, 0xB8, 0xB8, 0xE2, 0xE2, 0xD7, 0xD7, 0xD7, 0x0A, 0x39, 0x0A, 0xC2, 0xC2, 0xC2, 0xC2, 0xC2,
  0xC2, 0x39, 0x9F, 0xFD, 0x93, 0xD7, 0x0A, 0xD7, 0x39, 0xC2, 0xC2, 0xD7, 0xD7, 0xD7, 0xC2, 0xC2,
  0x3A, 0x39, 0xBA, 0x39, 0x9F, 0xAA, 0x93, 0xB8, 0x3A, 0xC2, 0xC2, 0xC2, 0xC2, 0xC2, 0xC2, 0x1A,
  0x39, 0xD7, 0x36, 0xD7, 0xD7, 0x36, 0xB8, 0xB8, 0xB8, 0xE2, 0xE2, 0xD7, 0xE2, 0xD7, 0xD7, 0xB8,
  0xD7, 0x3A, 0x39, 0x0A, 0xC2, 0xC2, 0xC2, 0xC2, 0xC2, 0x3A, 0x0A, 0xB7, 0xAA, 0xFF, 0x39, 0xBA,
  0x0A, 0x39, 0xC2, 0xC2, 0xD7, 0xC2, 0xC2, 0x0A, 0x08, 0x09, 0x0B, 0x08, 0x1A, 0x1A, 0xE0, 0x1A,
  0x1A, 0x1A, 0x1A, 0x08, 0x11, 0x1E, 0x63, 0x63, 0x1D, 0x11, 0x07, 0x1A, 0x1A, 0x39, 0x1A, 0x1A,
  0x1A, 0x1A, 0x1A, 0x3D, 0x3D, 0xBA, 0x39, 0x61, 0x05, 0x05, 0x05, 0x07, 0x01, 0x12, 0x12, 0x12,
  0x3F, 0x12, 0x12, 0x06, 0x04, 0x11, 0x11, 0x11, 0x09, 0x1D, 0x09, 0x1D, 0x8E, 0x09, 0x17, 0x64,
  0x1E, 0x1E, 0x1E, 0x1F, 0x49, 0x56, 0x1F, 0x8E, 0x50, 0x1F, 0xBA, 0x11, 0x11, 0x39, 0x0A, 0xE0,
  0x1A, 0xE0, 0xE0, 0x1A, 0x39, 0x39, 0x39, 0x1A, 0x1A, 0x1A, 0xE0, 0x0A, 0x36, 0xDD, 0xDD, 0x36,
  0x36, 0x36, 0xD7, 0xC2, 0xC2, 0x39, 0x39, 0x0A, 0xC2, 0xD7, 0xD7, 0xD7, 0x0A, 0xD7, 0x36, 0xD7,
  0x0A, 0x0A, 0x0A, 0x39, 0x39, 0xD7, 0xC2, 0xC2, 0xC2, 0xC2, 0xC2, 0x1B, 0xB8, 0x4F, 0xB3, 0xFA,
  0xFF, 0xB7, 0xE1, 0x3A, 0xC2, 0xC2, 0xC2, 0xC2, 0xC2, 0xC2, 0xC2, 0x1B, 0xFE, 0xFE, 0xFA, 0x4F,
  0xB3, 0x20, 0x20, 0xD7, 0xC2, 0xC2, 0xC2, 0xC2, 0xC2, 0x0A, 0x1A, 0x0A, 0x0A, 0x0A, 0xC2, 0x36,
  0xD7, 0xD7, 0xD7, 0xD7, 0x36, 0xC2, 0x0A, 0x0A, 0x0A, 0x1A, 0x0A, 0xC2, 0xC2, 0xC2, 0xC2, 0xC2,
  0xBA, 0x20, 0x20, 0xB3, 0x4F, 0xFA, 0xFE, 0xFE, 0x1B, 0xC2, 0xC2, 0xC2, 0xC2, 0xC2, 0xC2, 0xC2,
  0x3A, 0x9F, 0xB7, 0xFF, 0xFA, 0xB3, 0x4F, 0xB8, 0x20, 0xD7, 0xC2, 0xC2, 0xC2, 0xC2, 0xD7, 0x39,
  0x39, 0x0A, 0x0A, 0x0A, 0xD7, 0x36, 0xD7, 0x0A, 0xD7, 0xD7, 0x36, 0xC2, 0xD7, 0xD7, 0x0A, 0x0A,
  0x0A, 0x0A, 0x39, 0xC2, 0xC2, 0xC2, 0xC2, 0xC2, 0xC2, 0x1B, 0xB8, 0xFF, 0xFB, 0x74, 0x63, 0xB7,
  0xFF, 0x0A, 0xC2, 0xC2, 0xC2, 0x36, 0x36, 0xBA, 0x0A, 0x07, 0x18, 0x08, 0x11, 0x18, 0x1A, 0x1A,
  0xE0, 0x3D, 0xBA, 0xE0, 0x08, 0x37, 0x34, 0x63, 0x1F, 0x11, 0x39, 0x08, 0xD7, 0xD7, 0xD7, 0xBA,
  0x08, 0x08, 0x08, 0x09, 0xE0, 0x39, 0x61, 0x1A, 0x08, 0x08, 0x08, 0x07, 0x3F, 0x12, 0x12, 0x12,
  0x0B, 0x12, 0x12, 0x06, 0x04, 0x11, 0x11, 0x19, 0x09, 0x1D, 0x09, 0x1E, 0xFF, 0x1F, 0x16, 0x64,
  0x37, 0x1E, 0x50, 0x50, 0x1F, 0x56, 0xFF, 0x64, 0x1F, 0x1F, 0x1D, 0x1F, 0x39, 0x07, 0x0A, 0x1A,
  0xE0, 0xE0, 0x1A, 0x18, 0x1A, 0x1A, 0x07, 0x1A, 0x1A, 0xE0, 0xC2, 0xD7, 0x36, 0xDD, 0xDD, 0x36,
  0xD7, 0x36, 0xC2, 0x39, 0xE0, 0x0A, 0xE0, 0xE0, 0xC2, 0xD7, 0x36, 0x36, 0xD7, 0xD7, 0xD7, 0xD7,
  0xD7, 0x0A, 0x1A, 0x0A, 0xC2, 0xC2, 0xC2, 0xC2, 0xD7, 0x0A, 0xE1, 0x93, 0xB3, 0x4E, 0x7F, 0xF9,
  0xFE, 0xFE, 0x1C, 0xC2, 0xD7, 0xC2, 0xD7, 0x36, 0xC2, 0xD7, 0xD7, 0xB8, 0x34, 0xBE, 0x4E, 0xC9,
  0x4E, 0xE7, 0x93, 0xFE, 0xD7, 0xD7, 0xC2, 0xC2, 0xD7, 0xC2, 0x0A, 0x39, 0x39, 0x0A, 0xD7, 0xD7,
  0xD7, 0xD7, 0xD7, 0xD7, 0xD7, 0xD7, 0x0A, 0x1A, 0x39, 0x0A, 0xC2, 0xD7, 0xC2, 0xC2, 0xD7, 0xBA,
  0xB6, 0x93, 0xE7, 0x4E, 0xC9, 0x4E, 0xFE, 0x34, 0xB8, 0xD7, 0xD7, 0xC2, 0x36, 0xD7, 0xC2, 0xD7,
  0xC2, 0x1C, 0xFE, 0xFE, 0xF9, 0x7F, 0x4E, 0xB3, 0x93, 0x41, 0xD7, 0xD7, 0xC2, 0xC2, 0xC2, 0xC2,
  0x0A, 0x1A, 0x39, 0xD7, 0xD7, 0xD7, 0xD7, 0xD7, 0xD7, 0xD7, 0xC2, 0xD7, 0xD7, 0xC2, 0xD7, 0x0A,
  0x39, 0x0A, 0xC2, 0xC2, 0xD7, 0xC2, 0xD7, 0x0A, 0xFA, 0xF5, 0xB3, 0x4F, 0x7F, 0xF6, 0x4F, 0xFE,
  0x9F, 0xC2, 0xD7, 0xC2, 0xD7, 0x3D, 0x36, 0x36, 0x1A, 0x1A, 0x39, 0x1A, 0x1A, 0x05, 0x05, 0xE0,
  0xBA, 0xB8, 0xD7, 0xE0, 0x0A, 0x37, 0x9F, 0x49, 0x1F, 0x11, 0x08, 0x3D, 0xD7, 0xC2, 0xD7, 0xD7,
  0x1A, 0x18, 0x18, 0x39, 0x05, 0x05, 0x0A, 0xBA, 0xD7, 0x0A, 0x05, 0x05, 0x3F, 0x12, 0x12, 0x12,
  0x3F, 0x12, 0x12, 0x06, 0x05, 0x11, 0x11, 0x11, 0x11, 0x09, 0x09, 0x09, 0x64, 0x64, 0x64, 0x8E,
  0x1F, 0x50, 0x50, 0x50, 0x1E, 0x09, 0x1F, 0x1F, 0x1D, 0x1D, 0x1F, 0xBA, 0x11, 0x39, 0x0A, 0xC2,
  0xE0, 0x1A, 0x07, 0x1A, 0x1A, 0x07, 0x08, 0x08, 0x08, 0xE0, 0xC2, 0x36, 0x38, 0x38, 0x36, 0xD7,
  0xD7, 0xBA, 0x1A, 0x05, 0x08, 0x0A, 0xE0, 0x0A, 0x0A, 0xD7, 0x36, 0x36, 0xD7, 0xD7, 0xC2, 0x0A,
  0x0A, 0x3A, 0x3A, 0xC2, 0xD7, 0xD7, 0xD7, 0xD7, 0xC2, 0x3A, 0xE1, 0xF5, 0xFE, 0xB5, 0x81, 0xF9,
  0x74, 0xB8, 0x0A, 0xE0, 0xC2, 0xC2, 0xC2, 0xC2, 0xC2, 0xC2, 0xE0, 0xE0, 0xBA, 0xFA, 0xB5, 0x81,
  0x81, 0x4F, 0xB3, 0x4D, 0xD7, 0xC2, 0xC2, 0xD7, 0xD7, 0xD7, 0xD7, 0xC2, 0x3A, 0x0A, 0x0A, 0xC2,
  0xD7, 0xD7, 0xD7, 0xD7, 0xC2, 0x0A, 0x0A, 0x3A, 0xC2, 0xD7, 0xD7, 0xD7, 0xD7, 0xC2, 0xC2, 0xD7,
  0x4D, 0xB3, 0xFE, 0xF4, 0x81, 0xB5, 0xFA, 0xBA, 0xE0, 0xE0, 0xC2, 0xC2, 0xC2, 0xC2, 0xC2, 0xC2,
  0xE0, 0x0A, 0xB8, 0x74, 0xF9, 0x81, 0xB5, 0xFE, 0xB3, 0xE1, 0x0A, 0xC2, 0xD7, 0xD7, 0xD7, 0xD7,
  0xC2, 0x3A, 0x3A, 0x0A, 0x0A, 0xC2, 0xD7, 0xBA, 0xD7, 0xD7, 0x3A, 0x0A, 0xC2, 0x0A, 0x0A, 0x3A,
  0x3A, 0xC2, 0xD7, 0xD7, 0xD7, 0xD7, 0xC2, 0xC2, 0x1C, 0xF5, 0xBE, 0x4E, 0x81, 0x75, 0x74, 0xB8,
  0x0A, 0xE0, 0xC2, 0xC2, 0xC2, 0xE0, 0xC2, 0xC2, 0xC2, 0x08, 0x39, 0x07, 0x08, 0x18, 0x1A, 0xD7,
  0xD7, 0xC2, 0x1A, 0x08, 0x11, 0x49, 0x63, 0x63, 0x1D, 0x05, 0x39, 0x0A, 0x1A, 0x1A, 0xE0, 0x1A,
  0x05, 0x05, 0x05, 0x18, 0x05, 0x05, 0x07, 0x0A, 0xE0, 0x39, 0x05, 0x05, 0x3F, 0x12, 0x12, 0x12,
  0x0B, 0x12, 0x12, 0x06, 0x05, 0x11, 0x11, 0x04, 0x11, 0x09, 0x1D, 0x11, 0x37, 0x8E, 0x8E, 0x37,
  0x1D, 0x50, 0x50, 0x1E, 0x1E, 0x1E, 0x1F, 0x1D, 0x1E, 0xB8, 0x1F, 0x1D, 0x39, 0x39, 0x08, 0x0A,
  0x1A, 0x05, 0x07, 0x1A, 0x1A, 0x08, 0x2D, 0x51, 0x06, 0xC2, 0x36, 0x36, 0xD7, 0x1A, 0x1A, 0xE0,
  0x39, 0x1A, 0x39, 0x61, 0x08, 0xBA, 0x0A, 0x0A, 0x0A, 0x1A, 0xD7, 0xC2, 0x0A, 0xD7, 0xC2, 0x0A,
  0x0A, 0xD7, 0xE2, 0xDD, 0xE2, 0xC2, 0xC2, 0xC2, 0xC2, 0xC2, 0xC2, 0xD7, 0x9F, 0xBE, 0xB5, 0x4E,
  0xB3, 0x9F, 0x0A, 0xE0, 0xE0, 0x0A, 0x0A, 0x0A, 0x0A, 0xE0, 0xC2, 0xE0, 0x1B, 0xFE, 0xFE, 0x74,
  0x4F, 0xFF, 0xBA, 0xD7, 0xC2, 0xC2, 0xC2, 0xC2, 0xC2, 0xD7, 0xDD, 0xDD, 0xD7, 0x0A, 0x0A, 0xC2,
  0xD7, 0xD7, 0xD7, 0xD7, 0xC2, 0x0A, 0x0A, 0xD7, 0xDD, 0xDD, 0xD7, 0xC2, 0xC2, 0xC2, 0xC2, 0xC2,
  0xD7, 0xD7, 0xFF, 0xFE, 0x74, 0xFE, 0xFE, 0x20, 0xE0, 0xC2, 0xE0, 0x0A, 0x0A, 0x0A, 0xE0, 0xE0,
  0xE0, 0xE0, 0x9F, 0xB3, 0x4F, 0xB5, 0xFE, 0xBC, 0xD7, 0xC2, 0xC2, 0xC2, 0xC2, 0xC2, 0xC2, 0xE2,
  0xDD, 0xE2, 0xD7, 0x0A, 0x0A, 0xC2, 0xD7, 0xD7, 0xD7, 0xC2, 0xD7, 0x0A, 0xC2, 0xD7, 0x0A, 0xD7,
  0x36, 0xDD, 0xE2, 0xD4, 0xC2, 0xC2, 0xC2, 0xC2, 0xC2, 0xD7, 0x20, 0xFE, 0x4E, 0x4E, 0xB3, 0xFF,
  0xD7, 0xE0, 0xE0, 0xE0, 0x0A, 0x0A, 0x1A, 0x1A, 0x1A, 0x1A, 0x1A, 0x1A, 0xE0, 0x1A, 0xC2, 0xBA,
  0xE0, 0x1A, 0x08, 0x07, 0x11, 0x49, 0xB6, 0x9F, 0x09, 0x04, 0x05, 0x18, 0x05, 0x05, 0x18, 0x18,
  0x18, 0x05, 0x09, 0x39, 0x05, 0x05, 0x05, 0x05, 0x39, 0x05, 0x05, 0x05, 0x3F, 0x12, 0x12, 0x12,
  0x0B, 0x12, 0x12, 0x06, 0x04, 0x11, 0x11, 0x04, 0x09, 0x1D, 0x1D, 0x1D, 0x09, 0x1D, 0x1D, 0xB8,
  0x50, 0x1B, 0x50, 0x50, 0x1D, 0xB8, 0x1F, 0x1D, 0xB8, 0x1E, 0x1F, 0xB8, 0x0A, 0x05, 0x39, 0x08,
  0x61, 0x39, 0x07, 0x08, 0x07, 0x06, 0xD6, 0x2D, 0x06, 0x08, 0x08, 0x08, 0x1A, 0x1A, 0x1A, 0x39,
  0x1A, 0x1A, 0x39, 0x39, 0x1A, 0xBA, 0x0A, 0x39, 0x0A, 0x0A, 0x0A, 0xC2, 0x0A, 0xD7, 0x3A, 0x0A,
  0xD7, 0xD7, 0x36, 0xC8, 0xDD, 0xD7, 0xD7, 0xC2, 0xC2, 0xC2, 0xE0, 0x0A, 0x34, 0xFD, 0xFF, 0x9F,
  0xB3, 0xFF, 0x0A, 0xE0, 0x39, 0x39, 0x0A, 0x0A, 0x39, 0x39, 0x1A, 0x39, 0x1C, 0xB3, 0x34, 0xFA,
  0xB3, 0xB3, 0xB8, 0x0A, 0xC2, 0xC2, 0xC2, 0xD7, 0xD7, 0xE2, 0xC8, 0xDD, 0xD7, 0xD7, 0xC2, 0xC2,
  0xC2, 0xD7, 0xD7, 0xD4, 0xC2, 0xC2, 0xD7, 0xD7, 0xDD, 0xC8, 0xE2, 0xD7, 0xD7, 0xC2, 0xC2, 0xC2,
  0xE0, 0xB8, 0xB3, 0xB3, 0xFA, 0x34, 0xB3, 0x1C, 0x39, 0x0A, 0x39, 0x39, 0x0A, 0x0A, 0x39, 0x39,
  0xE0, 0x39, 0xFF, 0xB3, 0x63, 0xFF, 0xEC, 0xB6, 0x0A, 0xE0, 0xC2, 0xC2, 0xC2, 0xD7, 0xD7, 0x36,
  0xD3, 0x36, 0xD7, 0xD7, 0x0A, 0x3A, 0xD7, 0x0A, 0xD7, 0x3A, 0x3A, 0xD7, 0xC2, 0x3A, 0xD7, 0xD7,
  0xE2, 0xD3, 0xDD, 0xD7, 0xD7, 0xC2, 0xC2, 0xC2, 0xE0, 0x0A, 0xFF, 0xFD, 0x34, 0xFA, 0xB3, 0xB6,
  0x0A, 0xC2, 0x1A, 0x39, 0x1A, 0x09, 0x39, 0x1A, 0x1A, 0x1A, 0x1A, 0x1A, 0xE0, 0xD7, 0xD7, 0x0A,
  0x1A, 0x07, 0x07, 0x05, 0x11, 0x49, 0x34, 0x49, 0x09, 0x05, 0x11, 0x07, 0x07, 0x07, 0x1A, 0x08,
  0x1A, 0x1A, 0xBA, 0x08, 0x05, 0x05, 0x05, 0x05, 0x05, 0x05, 0x05, 0x07, 0x3F, 0x12, 0x12, 0x12,
  0x0B, 0x12, 0x12, 0x06, 0x04, 0x11, 0x11, 0x11, 0x09, 0x09, 0x1F, 0x1F, 0x1E, 0xB8, 0xB8, 0x50,
  0x50, 0x50, 0x11, 0x6A, 0x6A, 0xB8, 0x50, 0x50, 0xB8, 0x09, 0x11, 0x1D, 0x0A, 0x05, 0x05, 0x05,
  0x05, 0x07, 0x06, 0x0B, 0x14, 0x8A, 0x14, 0x14, 0x10, 0x2D, 0x0B, 0x07, 0x1A, 0x1A, 0x1A, 0x1A,
  0x1A, 0x1A, 0x0A, 0x0A, 0xC2, 0xD7, 0xC2, 0x1A, 0x0A, 0x0A, 0x0A, 0xC2, 0xD7, 0xD7, 0xD7, 0xB8,
  0xD7, 0xD7, 0xDD, 0xD3, 0x36, 0xD7, 0xC2, 0xD7, 0x1B, 0x39, 0x0A, 0x0A, 0x20, 0x34, 0xBA, 0x0A,
  0x1B, 0xBA, 0x1A, 0xE0, 0x0A, 0x61, 0x1B, 0xE1, 0x39, 0x39, 0xE0, 0x1A, 0x0A, 0x1B, 0xD7, 0x39,
  0xFF, 0x62, 0x0A, 0x0A, 0x39, 0xD7, 0xB8, 0x0A, 0xD7, 0xD7, 0xDD, 0xDD, 0xD7, 0xC2, 0xB8, 0xD7,
  0xD7, 0x0A, 0x0A, 0xD7, 0xD7, 0xB8, 0xC2, 0xD7, 0xDD, 0xDD, 0xD7, 0xD7, 0x0A, 0xB8, 0xD7, 0x39,
  0x0A, 0x0A, 0x41, 0xFF, 0x0A, 0xD7, 0x1B, 0x0A, 0x1A, 0xE0, 0x39, 0x39, 0xE1, 0x1C, 0x61, 0x0A,
  0xE0, 0x1A, 0xBA, 0x1B, 0x0A, 0xBA, 0x34, 0x1C, 0x0A, 0x0A, 0x39, 0x1B, 0xD7, 0xC2, 0xD7, 0x36,
  0xD3, 0xDD, 0xD7, 0xD7, 0xB8, 0xD7, 0xD7, 0x0A, 0xD7, 0xD7, 0xB8, 0xD7, 0xD7, 0xB8, 0xD7, 0xD4,
  0x36, 0xD3, 0x36, 0xD7, 0xD7, 0xD7, 0x1B, 0x0A, 0x0A, 0x0A, 0xB8, 0x34, 0x1B, 0x39, 0x20, 0xBA,
  0x1A, 0x1A, 0x0A, 0x61, 0xB8, 0x41, 0x39, 0x39, 0xE0, 0xE0, 0xE0, 0xE0, 0xC2, 0x52, 0xE0, 0x18,
  0x18, 0x07, 0x05, 0x05, 0x09, 0x49, 0xFF, 0x20, 0x09, 0x11, 0x1A, 0x1A, 0x1A, 0xE0, 0xD7, 0xBA,
  0x08, 0x1A, 0xBA, 0x1A, 0x05, 0x05, 0x05, 0x05, 0x05, 0x05, 0x07, 0x07, 0x3F, 0x12, 0x12, 0x14,
  0x0B, 0x12, 0x12, 0x06, 0x04, 0x11, 0x11, 0x11, 0x11, 0x1F, 0x1F, 0x1F, 0xB8, 0xB8, 0xB8, 0xB8,
  0xB8, 0x1F, 0x1F, 0x1F, 0x1F, 0x50, 0x50, 0x50, 0xB8, 0x60, 0x1B, 0x1D, 0x09, 0x11, 0x05, 0x05,
  0x18, 0x07, 0x06, 0x10, 0x2D, 0x14, 0x1B, 0xFA, 0x14, 0x47, 0x0B, 0x1A, 0x1A, 0x1A, 0x0A, 0x0A,
  0x1A, 0x1A, 0x0A, 0xD7, 0xC2, 0xC2, 0xD7, 0xD7, 0x3A, 0xD7, 0x39, 0x1A, 0xD7, 0xB8, 0xE2, 0x36,
  0xD7, 0xC2, 0xC2, 0xC2, 0xC2, 0x1B, 0xFA, 0x9F, 0xFE, 0xBA, 0xBA, 0x1A, 0x39, 0x1A, 0xC2, 0xD7,
  0x39, 0x0A, 0x1A, 0xC2, 0x1B, 0xBA, 0x74, 0x4C, 0xB8, 0xB8, 0xB8, 0x1A, 0x0A, 0x39, 0xC2, 0xC2,
  0x1A, 0x39, 0x39, 0xBA, 0x0A, 0x9F, 0x34, 0x20, 0xFA, 0xD7, 0xC2, 0xC2, 0xD7, 0xD7, 0xD7, 0xD7,
  0xE2, 0xD7, 0xD7, 0xB8, 0xD7, 0xD7, 0xD7, 0xD7, 0xC2, 0xC2, 0xD7, 0xFA, 0x20, 0x34, 0x63, 0x0A,
  0xBA, 0x39, 0x39, 0x1A, 0xC2, 0xC2, 0x39, 0x0A, 0x1A, 0xBA, 0x1B, 0xB8, 0x4C, 0x41, 0xBA, 0x1B,
  0xC2, 0x1A, 0x0A, 0x39, 0xD7, 0x3A, 0x1A, 0x39, 0x39, 0xBA, 0xBA, 0xB6, 0x9F, 0xFA, 0x20, 0xC2,
  0xC2, 0xC2, 0xC2, 0xD7, 0xD7, 0xE2, 0xB8, 0xD7, 0xB8, 0xE2, 0x36, 0xD7, 0xD7, 0xD7, 0xD7, 0xC2,
  0xC2, 0xC2, 0xC2, 0xB8, 0x9F, 0xFA, 0xFE, 0xB8, 0xBA, 0x0A, 0x39, 0x1A, 0x1A, 0xD7, 0x39, 0x0A,
  0x0A, 0x1A, 0x1B, 0xBA, 0xFA, 0x41, 0x20, 0xE1, 0xBA, 0x08, 0xE0, 0xE0, 0x1A, 0xE0, 0x08, 0x07,
  0x07, 0x18, 0x07, 0x05, 0x09, 0x49, 0x9F, 0x50, 0x09, 0x05, 0x1A, 0xD7, 0xBA, 0xC2, 0xC2, 0xE0,
  0x08, 0x1A, 0x1A, 0x1A, 0x39, 0x07, 0x08, 0x07, 0x05, 0x07, 0x07, 0x07, 0x01, 0x12, 0x12, 0x14,
  0x0B, 0x12, 0x12, 0x06, 0x19, 0x04, 0x11, 0x11, 0x11, 0x09, 0x1F, 0x1F, 0x1F, 0x1D, 0x1F, 0x1F,
  0x1E, 0x1E, 0xB8, 0x50, 0x50, 0x50, 0xB8, 0xB8, 0x0A, 0x1F, 0x20, 0x1F, 0x09, 0x05, 0x05, 0x18,
  0x18, 0x07, 0x05, 0x06, 0x8A, 0x0B, 0x1D, 0x1B, 0x14, 0x8D, 0x11, 0x39, 0x1A, 0x1A, 0x0A, 0x0A,
  0x0A, 0x0A, 0x0A, 0x0A, 0x1A, 0x1A, 0xD7, 0xC2, 0xB8, 0xD3, 0xB8, 0xC2, 0xD7, 0xA5, 0xE2, 0x36,
  0xD7, 0xC2, 0xC2, 0x1A, 0x39, 0x20, 0xFE, 0x41, 0xB5, 0x41, 0xE1, 0x39, 0xE0, 0xC2, 0xC2, 0x36,
  0xC2, 0xBA, 0x1A, 0xC2, 0x9F, 0xFA, 0xD3, 0xFA, 0xD3, 0xE1, 0xB8, 0x1A, 0xE0, 0xD7, 0xC2, 0xD7,
  0xC2, 0xE0, 0x39, 0x1B, 0x34, 0x41, 0x74, 0x34, 0xFF, 0x0A, 0x1A, 0x3A, 0xC2, 0xD7, 0x36, 0xD7,
  0xDD, 0xB8, 0xB8, 0xDD, 0xD7, 0x36, 0xD7, 0xC2, 0x3A, 0x1A, 0x0A, 0x62, 0x4D, 0x74, 0x41, 0x34,
  0x1B, 0x39, 0xE0, 0xC2, 0xD7, 0xC2, 0xD7, 0xE0, 0x1A, 0xB8, 0xE1, 0xD3, 0xFA, 0xD3, 0xFA, 0xE1,
  0xC2, 0x1A, 0xBA, 0xC2, 0xD7, 0xC2, 0xC2, 0xE0, 0x39, 0xE1, 0x41, 0xB5, 0x41, 0xFE, 0x1C, 0x39,
  0x1A, 0xC2, 0xC2, 0xD7, 0x36, 0xE2, 0xDD, 0xB8, 0xB8, 0xE2, 0xD7, 0xD7, 0xD7, 0xE2, 0xD7, 0xC2,
  0xC2, 0x1A, 0x39, 0xB8, 0x4D, 0x41, 0x41, 0x41, 0x62, 0x0A, 0x0A, 0xC2, 0xC2, 0xD7, 0xC2, 0xBA,
  0xE0, 0x1A, 0xFA, 0xFA, 0xD3, 0xFA, 0x41, 0xD3, 0x39, 0x1A, 0x1A, 0x1A, 0x1A, 0x1A, 0x08, 0x07,
  0x07, 0x1A, 0x08, 0x05, 0x1D, 0x9F, 0x9F, 0x1E, 0x09, 0x61, 0x09, 0x1B, 0xE0, 0x1A, 0xBA, 0x0A,
  0x1A, 0x07, 0x07, 0x1A, 0x1A, 0x08, 0x1A, 0x07, 0x05, 0x05, 0x05, 0x05, 0x01, 0x12, 0x12, 0x12,
  0x3F, 0x12, 0x12, 0x06, 0x04, 0x11, 0x11, 0x11, 0x11, 0x1D, 0x09, 0x11, 0x11, 0x1F, 0x1D, 0x1D,
  0x1D, 0x1F, 0x1F, 0x1F, 0x1F, 0x1F, 0x1F, 0x0A, 0x0A, 0x20, 0x50, 0x1F, 0x09, 0x11, 0x39, 0x18,
  0x1A, 0x08, 0x05, 0x05, 0x05, 0x01, 0x10, 0x0B, 0xB2, 0x24, 0x09, 0x0A, 0x1A, 0x1A, 0x1A, 0x1A,
  0x0A, 0x1A, 0x39, 0x1A, 0x0A, 0x1A, 0x0A, 0xD7, 0x3A, 0xD7, 0xD7, 0xE0, 0xD7, 0xD3, 0xE2, 0xD7,
  0xD7, 0xC2, 0xC2, 0x39, 0x0A, 0x39, 0x20, 0x74, 0xDC, 0xF4, 0x41, 0x1B, 0x0A, 0xD7, 0xC2, 0x3D,
  0xC2, 0xD7, 0xC2, 0xC2, 0xB8, 0xD3, 0xDC, 0xDC, 0xD3, 0x20, 0xD7, 0x1A, 0xD7, 0xC2, 0x36, 0x36,
  0xE0, 0xE0, 0xBA, 0x41, 0x74, 0xDC, 0xF4, 0xFA, 0x0A, 0x0A, 0x39, 0xE0, 0xC2, 0xC2, 0xD7, 0xD7,
  0xDD, 0xB8, 0xB8, 0xDD, 0xD7, 0xD7, 0xC2, 0xC2, 0x0A, 0x39, 0x0A, 0x0A, 0xFA, 0xF4, 0xDC, 0x74,
  0x41, 0xBA, 0xE0, 0xE0, 0xBA, 0x36, 0xC2, 0xD7, 0x1A, 0xD7, 0x20, 0xD3, 0xDC, 0xDC, 0xD3, 0xB8,
  0xC2, 0xC2, 0xD7, 0xC2, 0x3D, 0xC2, 0xD7, 0x0A, 0x1B, 0x41, 0xF4, 0xDC, 0x74, 0x20, 0x39, 0x0A,
  0x39, 0xC2, 0xC2, 0xD7, 0xD7, 0xE2, 0xD3, 0xD7, 0xB8, 0xE2, 0xD7, 0xD7, 0xD7, 0xD7, 0xD7, 0xC2,
  0xC2, 0x39, 0x0A, 0x39, 0xB8, 0x74, 0xDC, 0xFA, 0x41, 0x1C, 0x0A, 0xBA, 0xC2, 0x3D, 0xC2, 0xE0,
  0xC2, 0xC2, 0xB8, 0xD3, 0xDC, 0xD3, 0x74, 0xFA, 0x0A, 0x05, 0x18, 0x07, 0x07, 0x1A, 0x08, 0x07,
  0x07, 0x08, 0x08, 0x11, 0x1E, 0x9F, 0x45, 0x1E, 0x11, 0x61, 0x08, 0xBA, 0x39, 0x05, 0x07, 0x05,
  0x05, 0x05, 0x08, 0x1A, 0xE0, 0xBA, 0x3D, 0x07, 0x07, 0x05, 0x05, 0x05, 0x3F, 0x12, 0x12, 0x12,
  0x0B, 0x12, 0x12, 0x3F, 0x05, 0x11, 0x11, 0x11, 0x11, 0x1D, 0x1D, 0x6A, 0x11, 0x11, 0x11, 0x09,
  0x11, 0x11, 0x1F, 0x1F, 0x50, 0x1F, 0x0A, 0xB8, 0xB8, 0x50, 0xB8, 0xBA, 0x09, 0x11, 0x05, 0x1A,
  0xE0, 0x0A, 0x39, 0x1A, 0x07, 0x10, 0x10, 0x0B, 0x12, 0x14, 0x08, 0x08, 0x08, 0x1A, 0x1A, 0x1A,
  0x1A, 0x1A, 0xC2, 0x36, 0xC2, 0x39, 0x1A, 0xE0, 0x39, 0x1A, 0x39, 0x39, 0xD7, 0xB8, 0xD4, 0xC2,
  0xD7, 0xC2, 0xC2, 0xC2, 0x0A, 0xB8, 0x34, 0xFF, 0xFA, 0xD3, 0x34, 0x1C, 0x1A, 0xD7, 0xC2, 0x36,
  0xC2, 0xC2, 0xC2, 0xDD, 0xD7, 0xFA, 0xFA, 0xD3, 0xE1, 0xB8, 0x36, 0xD7, 0xE0, 0xC2, 0x36, 0xC2,
  0xC2, 0xC2, 0xBA, 0x34, 0xFA, 0xD3, 0x74, 0x4D, 0xFA, 0x0A, 0xE0, 0xC2, 0xC2, 0x0A, 0xD7, 0xC2,
  0xD7, 0xB8, 0xB8, 0xD7, 0xC2, 0xD7, 0x0A, 0xC2, 0xC2, 0xC2, 0x0A, 0x1C, 0x4D, 0x74, 0xD3, 0xFA,
  0x34, 0xBA, 0xC2, 0xC2, 0xC2, 0x36, 0xC2, 0xE0, 0xD7, 0x36, 0xB8, 0x74, 0xD3, 0xD3, 0xFA, 0xD7,
  0xDD, 0xC2, 0xC2, 0xC2, 0x36, 0xC2, 0xD7, 0x1A, 0x1C, 0x34, 0xD3, 0xFA, 0x41, 0x34, 0xB8, 0x0A,
  0xC2, 0xC2, 0xC2, 0xD7, 0xC2, 0xD4, 0xB8, 0xB8, 0xB8, 0xD7, 0xC2, 0xD7, 0xC2, 0xC2, 0xD7, 0xC2,
  0xC2, 0xC2, 0x0A, 0xBA, 0xFF, 0x34, 0xFA, 0xFA, 0x4C, 0xE1, 0x39, 0xD7, 0xC2, 0x36, 0xC2, 0xC2,
  0x0A, 0x36, 0xD7, 0xFA, 0xFA, 0xD3, 0x41, 0x34, 0x1B, 0x07, 0x05, 0x05, 0x05, 0x18, 0x18, 0x18,
  0x08, 0x08, 0x08, 0x39, 0x1E, 0x64, 0x63, 0xB8, 0x11, 0x61, 0x05, 0x61, 0x05, 0x05, 0x05, 0x05,
  0x05, 0x05, 0x07, 0x09, 0xBA, 0x3D, 0x08, 0x07, 0x05, 0x05, 0x05, 0x05, 0x3F, 0x12, 0x12, 0x12,
  0x0B, 0x12, 0x12, 0x3F, 0x04, 0x19, 0x11, 0x11, 0x11, 0x09, 0x1F, 0x1F, 0x1F, 0x0A, 0x39, 0x0A,
  0x39, 0x11, 0x0A, 0x1F, 0x73, 0x50, 0x50, 0x20, 0x50, 0x50, 0xB8, 0x1F, 0x09, 0x0A, 0x61, 0x08,
  0xE0, 0xE0, 0x1A, 0x1A, 0x07, 0x0B, 0x0B, 0x06, 0x1A, 0x39, 0x08, 0x1A, 0x1A, 0x1A, 0x1A, 0x39,
  0xC2, 0xC2, 0xD7, 0x38, 0xD7, 0x1A, 0x1A, 0x0A, 0x0A, 0x1A, 0x0A, 0x0A, 0x0A, 0x3A, 0xD7, 0xD7,
  0xC2, 0xC2, 0xD7, 0xD7, 0xD7, 0x3D, 0xE1, 0xB8, 0xFF, 0xFF, 0xE0, 0xE0, 0xC2, 0xC2, 0xC2, 0xD7,
  0xC2, 0x1A, 0xC2, 0x36, 0xC2, 0xB8, 0x1C, 0xD7, 0xFA, 0x3A, 0xD7, 0xD7, 0x1A, 0x1A, 0x36, 0xC2,
  0xC2, 0xE0, 0xC2, 0xE0, 0x1C, 0xFE, 0x20, 0x9F, 0x1C, 0xD7, 0xD7, 0xC2, 0xC2, 0xC2, 0xD7, 0xD7,
  0x3A, 0x0A, 0x0A, 0x3A, 0xD7, 0xD7, 0xC2, 0xC2, 0xC2, 0xD7, 0xD7, 0x1B, 0x9F, 0xB8, 0xFE, 0x1C,
  0xE0, 0xC2, 0xE0, 0xC2, 0xC2, 0x36, 0x1A, 0x1A, 0xD7, 0xD7, 0x3A, 0xFA, 0xB8, 0x1C, 0x1B, 0x3A,
  0x36, 0xC2, 0x1A, 0xC2, 0xD7, 0xC2, 0xC2, 0xC2, 0xE0, 0xE0, 0x62, 0xFF, 0xB8, 0xE1, 0x3D, 0xD7,
  0xD7, 0xD7, 0xC2, 0xC2, 0xD7, 0xD7, 0x3A, 0x0A, 0x3A, 0xC2, 0xD7, 0xD7, 0xD7, 0xD7, 0xD7, 0xC2,
  0xD7, 0xD7, 0xD7, 0xBA, 0xE1, 0x20, 0x63, 0x34, 0xBA, 0xE0, 0xC2, 0xC2, 0xC2, 0xD7, 0xC2, 0x1A,
  0xE0, 0xD7, 0xC2, 0xD7, 0xFA, 0x20, 0x41, 0xBA, 0x1A, 0x1A, 0x07, 0x07, 0x39, 0x05, 0x05, 0x1A,
  0xBA, 0x08, 0x07, 0x11, 0x37, 0x9F, 0x9F, 0xB8, 0x11, 0x05, 0x05, 0x05, 0x05, 0x05, 0x05, 0x05,
  0x05, 0x05, 0x18, 0x1A, 0x3D, 0x08, 0x1A, 0x07, 0x05, 0x05, 0x05, 0x05, 0x3F, 0x12, 0x12, 0x12,
  0x3F, 0x12, 0x12, 0x3F, 0x04, 0x05, 0x11, 0x11, 0x11, 0x09, 0x0A, 0x1F, 0x1F, 0x1E, 0xB8, 0x1B,
  0xB8, 0x1B, 0x1B, 0x50, 0x50, 0x50, 0x20, 0xB8, 0x50, 0xB8, 0x1F, 0x09, 0x0A, 0x11, 0x05, 0x05,
  0x08, 0xE0, 0xE0, 0x08, 0x1A, 0x1A, 0x08, 0x08, 0x1A, 0x1A, 0x1A, 0x1A, 0xE0, 0x3D, 0xBA, 0xBA,
  0x1C, 0xD3, 0xD7, 0x1A, 0x1A, 0x1A, 0x1A, 0x0A, 0x39, 0x3A, 0xC2, 0xB8, 0xD7, 0xD7, 0xD7, 0xD7,
  0x0A, 0xC2, 0xD7, 0xC2, 0xC2, 0x0A, 0x61, 0x39, 0x1B, 0x1B, 0xC2, 0xC2, 0xC2, 0x1A, 0x1A, 0xE0,
  0xE0, 0x1A, 0x36, 0x36, 0x36, 0xB8, 0xD7, 0x0A, 0xBA, 0x36, 0x36, 0x36, 0xE0, 0x1A, 0xBA, 0x39,
  0x39, 0x1A, 0xC2, 0xC2, 0xB8, 0x1C, 0x0A, 0x61, 0x39, 0xC2, 0xC2, 0xD7, 0xC2, 0x0A, 0xD7, 0xD7,
  0xD7, 0x0A, 0x0A, 0xD7, 0xD7, 0xD7, 0x0A, 0xC2, 0xD7, 0xC2, 0xC2, 0x39, 0x61, 0x0A, 0x1C, 0xB8,
  0xC2, 0xC2, 0x1A, 0x39, 0x39, 0xBA, 0x1A, 0xE0, 0x36, 0x36, 0x36, 0xB8, 0x0A, 0x0A, 0xB8, 0x36,
  0x36, 0x36, 0x1A, 0xE0, 0xD7, 0x1A, 0x1A, 0xC2, 0xC2, 0xC2, 0x1B, 0x1B, 0x39, 0x61, 0x0A, 0xC2,
  0xC2, 0xD7, 0xC2, 0x0A, 0xD7, 0xD7, 0xD7, 0x0A, 0xD7, 0xD7, 0xD7, 0xC2, 0xD7, 0xD7, 0xC2, 0xC2,
  0xD7, 0xC2, 0xC2, 0x0A, 0x61, 0x61, 0x1B, 0x1C, 0xC2, 0xC2, 0xC2, 0x1A, 0x1A, 0x0A, 0xE0, 0x18,
  0xBA, 0x36, 0x36, 0x3D, 0xD7, 0xBA, 0x1C, 0x08, 0x1A, 0x1A, 0x1A, 0x1A, 0x1A, 0x07, 0x08, 0x0A,
  0x08, 0x1A, 0x18, 0x39, 0x1B, 0x9F, 0xBC, 0xBA, 0x39, 0x61, 0x05, 0x39, 0x39, 0x39, 0x05, 0x05,
  0x05, 0x05, 0x1A, 0x1A, 0x1A, 0x07, 0x18, 0x07, 0x07, 0x05, 0x05, 0x05, 0x3F, 0x12, 0x12, 0x12,
  0x0B, 0x12, 0x12, 0x3F, 0x04, 0x07, 0x08, 0x05, 0x11, 0x11, 0x09, 0x09, 0x09, 0x1F, 0xB8, 0xB8,
  0x50, 0x20, 0x1B, 0x50, 0x1D, 0x1F, 0x37, 0x50, 0x09, 0x09, 0x11, 0x11, 0x39, 0x11, 0x05, 0x11,
  0x1A, 0x1A, 0x36, 0x36, 0x1A, 0x1A, 0x08, 0xE0, 0x0A, 0x1A, 0x1A, 0x1A, 0x36, 0xDD, 0x36, 0x36,
  0x3D, 0x36, 0x1A, 0x18, 0x18, 0x1A, 0x1A, 0x39, 0x0A, 0xD4, 0xD7, 0xD7, 0xD7, 0xD7, 0xD7, 0xD7,
  0x0A, 0xC2, 0xC2, 0xC2, 0xC2, 0xE0, 0x0A, 0x0A, 0x1A, 0x1A, 0x36, 0x36, 0xD7, 0xC2, 0x61, 0x0A,
  0x0A, 0xC2, 0x36, 0x36, 0xC2, 0x1A, 0x08, 0x09, 0x1A, 0xC2, 0x36, 0x36, 0xD7, 0x1A, 0xBA, 0x61,
  0x39, 0xD7, 0xD7, 0x36, 0x3A, 0x1A, 0x0A, 0x0A, 0x0A, 0x0A, 0x3A, 0xC2, 0xD7, 0xC2, 0xC2, 0xD7,
  0xD7, 0xBA, 0xBA, 0xD7, 0xD7, 0xC2, 0xC2, 0xD7, 0xC2, 0x3A, 0x0A, 0x0A, 0x0A, 0x0A, 0x1A, 0x3A,
  0x36, 0xD7, 0xD7, 0x39, 0x61, 0xBA, 0x39, 0xD7, 0x36, 0x36, 0xC2, 0x1A, 0xE0, 0x08, 0x1A, 0xC2,
  0x36, 0x36, 0xC2, 0x0A, 0x0A, 0x61, 0xC2, 0xD7, 0x36, 0x36, 0x1A, 0x1A, 0x0A, 0x0A, 0xE0, 0xC2,
  0xC2, 0xC2, 0xC2, 0x0A, 0xD7, 0xD7, 0xD7, 0xBA, 0xD7, 0xD7, 0xD7, 0x0A, 0xD7, 0xD7, 0x0A, 0xC2,
  0xC2, 0xC2, 0xC2, 0xE0, 0x0A, 0x0A, 0x0A, 0x1A, 0xD7, 0x36, 0xD7, 0xD7, 0x61, 0x0A, 0xE0, 0x1A,
  0x36, 0x36, 0xC2, 0x1A, 0x08, 0x0A, 0x1A, 0x08, 0x08, 0xE0, 0x1A, 0xE0, 0xE0, 0xBA, 0x0A, 0x1A,
  0x07, 0x07, 0x05, 0x11, 0x1B, 0xBC, 0xBC, 0xBA, 0x61, 0x05, 0x1A, 0x0A, 0xC2, 0xE0, 0x1A, 0x05,
  0x05, 0x08, 0x09, 0xE0, 0x07, 0x05, 0x05, 0x05, 0x05, 0x05, 0x05, 0x07, 0x3F, 0x12, 0x12, 0x12,
  0x3F, 0x12, 0x12, 0x3F, 0x05, 0x05, 0x11, 0x05, 0x11, 0x11, 0x09, 0x09, 0x09, 0x09, 0x1F, 0xB8,
  0x50, 0x50, 0x1B, 0x50, 0x1F, 0x09, 0x09, 0x09, 0x09, 0x09, 0x11, 0x11, 0x11, 0x11, 0x61, 0x39,
  0x1A, 0x1A, 0x1A, 0x3D, 0xE0, 0x18, 0xE0, 0xE0, 0x1A, 0x1A, 0x1A, 0xE0, 0x52, 0xD7, 0xF9, 0xDD,
  0x3D, 0x13, 0x08, 0x1A, 0x1A, 0xE0, 0xC2, 0xD7, 0xC2, 0xD7, 0xD7, 0xD7, 0xD7, 0xD7, 0xD7, 0xD7,
  0xD7, 0xD7, 0xE1, 0x20, 0x3A, 0xC2, 0xC2, 0x0A, 0x0A, 0xE0, 0xE0, 0x39, 0xD7, 0xB8, 0x0A, 0x1A,
  0xC2, 0xD7, 0xBA, 0xE0, 0x1A, 0x1A, 0x08, 0x08, 0x1A, 0x1A, 0xE0, 0xBA, 0xBA, 0xE0, 0xC2, 0x1A,
  0x3D, 0xBA, 0x1A, 0x1A, 0xE0, 0x0A, 0x0A, 0x0A, 0xC2, 0x0A, 0xBA, 0x41, 0xB8, 0xC2, 0xD7, 0xD7,
  0xD7, 0xD7, 0xD7, 0xD7, 0xD7, 0xD7, 0xC2, 0xB8, 0x62, 0xBA, 0x0A, 0x3A, 0x1A, 0x0A, 0x0A, 0xE0,
  0x1A, 0x1A, 0xBA, 0xB8, 0x1A, 0xC2, 0xC2, 0xBA, 0xBA, 0xE0, 0x1A, 0x1A, 0x08, 0x08, 0x1A, 0x1A,
  0xE0, 0xBA, 0xD7, 0xC2, 0x1A, 0x0A, 0xB8, 0xD7, 0x39, 0xE0, 0xE0, 0x0A, 0x0A, 0xC2, 0xC2, 0x3A,
  0x1B, 0xE1, 0xD7, 0xD7, 0xD7, 0xD7, 0xD7, 0x0A, 0xD7, 0xD7, 0xD7, 0xD7, 0xC2, 0xD7, 0xD7, 0xC2,
  0x9F, 0xFA, 0x0A, 0xC2, 0xC2, 0x0A, 0xE0, 0xE0, 0x0A, 0x39, 0xC2, 0xB8, 0xD7, 0x1A, 0xC2, 0xC2,
  0xBA, 0xD7, 0x1A, 0x1A, 0x0A, 0x08, 0x07, 0x07, 0x1A, 0x1A, 0xD7, 0xBA, 0xD7, 0xBA, 0x0A, 0x18,
  0x07, 0x07, 0x05, 0x11, 0x1B, 0xBC, 0x20, 0x09, 0x61, 0x07, 0x09, 0xE0, 0xE0, 0x1A, 0x1A, 0x1A,
  0x09, 0xE0, 0x08, 0xE0, 0x07, 0x05, 0x05, 0x05, 0x05, 0x05, 0x05, 0x07, 0x3F, 0x01, 0x12, 0x12,
  0x3F, 0x12, 0x12, 0x3F, 0x05, 0x61, 0x61, 0x61, 0x11, 0x09, 0x09, 0x11, 0x11, 0x1D, 0x1D, 0x1F,
  0x1F, 0x1F, 0x1E, 0x1F, 0x1F, 0x09, 0x09, 0x09, 0x11, 0x39, 0x09, 0x09, 0x11, 0x09, 0x61, 0x61,
  0x05, 0x07, 0x07, 0x1A, 0xBA, 0x1A, 0xE0, 0xE0, 0x1A, 0x1A, 0x09, 0x3D, 0x23, 0x3D, 0x3D, 0x3D,
  0x3D, 0x23, 0x08, 0xE0, 0xE0, 0xE0, 0xD7, 0x38, 0xC2, 0x3A, 0xC2, 0xC2, 0xD7, 0xD7, 0xC2, 0xD7,
  0xD7, 0x20, 0xB7, 0xFF, 0x0A, 0xC2, 0xC2, 0xE0, 0xC2, 0xE0, 0x0A, 0x1A, 0x1A, 0x0A, 0x36, 0xC2,
  0xC2, 0xE0, 0x08, 0x1A, 0x1A, 0x1A, 0x1A, 0x1A, 0x1A, 0x1A, 0x08, 0x1A, 0xE0, 0xC2, 0xC2, 0xD7,
  0xD7, 0x39, 0x39, 0x1A, 0xE0, 0xC2, 0xC2, 0xC2, 0xC2, 0x3A, 0xFA, 0xB3, 0x41, 0xC2, 0xD7, 0xC2,
  0xD7, 0xD7, 0xD7, 0xD7, 0xC2, 0xD7, 0xC2, 0x74, 0xB3, 0xFA, 0x3A, 0xC2, 0xC2, 0xC2, 0xC2, 0xE0,
  0x1A, 0x39, 0x39, 0xD7, 0xD7, 0xC2, 0xC2, 0xE0, 0x1A, 0x08, 0x1A, 0x1A, 0x1A, 0x1A, 0x1A, 0x1A,
  0x1A, 0x08, 0xE0, 0xC2, 0xC2, 0x36, 0x0A, 0x1A, 0x1A, 0x0A, 0xE0, 0xC2, 0xC2, 0xC2, 0xC2, 0x0A,
  0xFF, 0xB7, 0xD3, 0xD7, 0xD7, 0xC2, 0xD7, 0xD7, 0xD7, 0xC2, 0xC2, 0xD7, 0xC2, 0xC2, 0xD7, 0xB8,
  0xFE, 0xFE, 0xD7, 0xC2, 0xC2, 0xC2, 0xC2, 0xE0, 0x0A, 0x1A, 0x39, 0x39, 0x36, 0xC2, 0x3A, 0xE0,
  0x08, 0x1A, 0x1A, 0x1A, 0x1A, 0x09, 0x1A, 0x18, 0x1A, 0x1A, 0xC2, 0xD7, 0xD7, 0xD7, 0xE0, 0x18,
  0x18, 0x07, 0x05, 0x0A, 0x1E, 0x9F, 0x50, 0x1F, 0x05, 0x08, 0x52, 0x08, 0x39, 0x18, 0x1A, 0xE0,
  0xE0, 0xE0, 0xE0, 0x08, 0x05, 0x05, 0x05, 0x18, 0x05, 0x05, 0x05, 0x05, 0x3F, 0x12, 0x12, 0x12,
  0x3F, 0x12, 0x12, 0x06, 0x08, 0x08, 0x07, 0x11, 0x39, 0x11, 0x09, 0x11, 0x09, 0x09, 0x09, 0x09,
  0x1D, 0x09, 0x1D, 0x1F, 0x09, 0x11, 0x11, 0x09, 0x0A, 0x09, 0x09, 0x1D, 0x11, 0x11, 0x61, 0x61,
  0x05, 0x05, 0x05, 0x61, 0x39, 0x1A, 0xE0, 0xC2, 0x1A, 0xBA, 0xBA, 0x52, 0x89, 0x89, 0x12, 0x13,
  0x13, 0x18, 0x0A, 0x1A, 0xC2, 0xC2, 0x36, 0xC8, 0xD7, 0x1A, 0x0A, 0xE0, 0xBA, 0xD7, 0xC2, 0xD7,
  0xB8, 0x20, 0x34, 0x74, 0x9F, 0x34, 0xB8, 0xC2, 0xE0, 0xE0, 0x08, 0x39, 0x18, 0x1A, 0xE0, 0xC2,
  0xE0, 0x1A, 0x1A, 0x1A, 0x1A, 0xE0, 0x0A, 0x0A, 0x0A, 0x1A, 0x1A, 0x1A, 0x39, 0x0A, 0xC2, 0x0A,
  0x1A, 0x18, 0x1A, 0x08, 0xE0, 0xE0, 0xE0, 0xC2, 0xE1, 0x62, 0xFA, 0x4F, 0xFA, 0xB8, 0xD7, 0xC2,
  0xD7, 0xD7, 0xD7, 0xD7, 0xC2, 0xD7, 0xB8, 0xFA, 0x4F, 0xFA, 0x41, 0x41, 0xC2, 0xE0, 0xE0, 0xE0,
  0x08, 0x1A, 0x18, 0x1A, 0xC2, 0xC2, 0x0A, 0x39, 0x1A, 0x1A, 0x1A, 0x0A, 0x0A, 0x0A, 0xE0, 0x1A,
  0x1A, 0x1A, 0x1A, 0xE0, 0xC2, 0xE0, 0x1A, 0x18, 0x07, 0x08, 0xE0, 0xE0, 0xC2, 0x3D, 0x34, 0x9F,
  0x74, 0x34, 0x20, 0xB8, 0xD7, 0xC2, 0xD7, 0xD7, 0xD7, 0xD7, 0xC2, 0xB8, 0xD7, 0x0A, 0xB8, 0xB8,
  0x41, 0x41, 0xFA, 0x34, 0x1B, 0xC2, 0xE0, 0xE0, 0x08, 0x1A, 0x39, 0x39, 0xE0, 0xC2, 0xE0, 0x39,
  0x39, 0x1A, 0x1A, 0x0A, 0x0A, 0x08, 0x1A, 0x1A, 0x1A, 0x0A, 0xBA, 0xBA, 0xE0, 0x0A, 0xE0, 0x09,
  0x1A, 0x07, 0x05, 0x09, 0x1B, 0x9F, 0x1E, 0x1D, 0x19, 0x07, 0x08, 0x1A, 0x18, 0x1A, 0xE0, 0xE0,
  0xC2, 0x08, 0x08, 0x08, 0x05, 0x05, 0x07, 0x07, 0x05, 0x05, 0x05, 0x05, 0x3F, 0x12, 0x12, 0x12,
  0x3F, 0x12, 0x12, 0x06, 0x08, 0x08, 0x1A, 0x1A, 0x39, 0x11, 0x11, 0x11, 0x09, 0x09, 0x09, 0x11,
  0x09, 0x11, 0x11, 0x11, 0x11, 0x11, 0x11, 0x09, 0xBA, 0x0A, 0x0A, 0x09, 0x11, 0x11, 0x19, 0x05,
  0x05, 0x1A, 0x39, 0x05, 0x05, 0x39, 0xBA, 0x1A, 0xE0, 0xBA, 0xE0, 0x1A, 0x23, 0x23, 0x14, 0x0B,
  0x06, 0x07, 0x1A, 0xC2, 0xC2, 0xC2, 0xC8, 0xC8, 0x39, 0x39, 0x39, 0x0A, 0x0A, 0xD7, 0xC2, 0x1C,
  0xFE, 0x41, 0xF4, 0x77, 0x74, 0x41, 0xBA, 0xE0, 0xE0, 0xE0, 0x0A, 0x1A, 0x1A, 0x1A, 0x1A, 0x0A,
  0x0A, 0x39, 0x39, 0x1A, 0xC2, 0xC2, 0x0A, 0x0A, 0x1A, 0xC2, 0xC2, 0x1A, 0x39, 0x1A, 0x0A, 0x0A,
  0x1A, 0x1A, 0x1A, 0x1A, 0xE0, 0xE0, 0xE0, 0xE0, 0x1C, 0xFF, 0xFA, 0xF4, 0x74, 0xFE, 0x4C, 0xC2,
  0xD7, 0x0A, 0x0A, 0xD7, 0xC2, 0x62, 0xFE, 0x74, 0xF4, 0xFA, 0xFF, 0x9F, 0xE0, 0xE0, 0xE0, 0xE0,
  0x1A, 0x1A, 0x1A, 0x1A, 0x0A, 0x0A, 0x1A, 0x39, 0x1A, 0xC2, 0xC2, 0x1A, 0x0A, 0x0A, 0xC2, 0xC2,
  0x1A, 0x39, 0x39, 0x0A, 0x0A, 0x1A, 0x1A, 0x1A, 0x1A, 0x0A, 0xE0, 0xE0, 0xE0, 0xBA, 0x41, 0x74,
  0x77, 0xF4, 0x41, 0xFE, 0x1C, 0xC2, 0xD7, 0x0A, 0x0A, 0xC2, 0xB8, 0xFE, 0x1C, 0xB8, 0xFE, 0x4C,
  0xF4, 0xF4, 0x74, 0xFF, 0xB8, 0xE0, 0xE0, 0xE0, 0xE0, 0x1A, 0x1A, 0x1A, 0x1A, 0x0A, 0x0A, 0x1A,
  0x39, 0x1A, 0xC2, 0xC2, 0x1A, 0xE0, 0x1A, 0x1A, 0xE0, 0x08, 0xE0, 0x1A, 0x1A, 0xE0, 0x08, 0x08,
  0x07, 0x1A, 0x39, 0x09, 0x37, 0x9F, 0x1E, 0x09, 0x05, 0x05, 0x18, 0x18, 0x18, 0x1A, 0x08, 0xBA,
  0xE0, 0x1A, 0x05, 0x05, 0x05, 0x07, 0x08, 0x07, 0x05, 0x05, 0x05, 0x07, 0x3F, 0x12, 0x12, 0x12,
  0x0B, 0x12, 0x12, 0x06, 0x05, 0x39, 0x39, 0x0A, 0xE0, 0x39, 0x11, 0x11, 0x09, 0x09, 0x11, 0x09,
  0x09, 0x09, 0x09, 0x11, 0x09, 0x09, 0x09, 0x09, 0xBA, 0x0A, 0x39, 0x0A, 0x11, 0x11, 0x19, 0x05,
  0x0A, 0xE0, 0x0A, 0x39, 0x18, 0x1A, 0x0A, 0x1A, 0xBA, 0x1A, 0x18, 0x1A, 0x07, 0x39, 0x39, 0x07,
  0x07, 0x1A, 0x38, 0x40, 0xDD, 0x36, 0x36, 0xC2, 0x39, 0xD7, 0x3A, 0x39, 0x0A, 0xD7, 0xC2, 0x1B,
  0x63, 0xFA, 0xFA, 0xDC, 0x74, 0xBA, 0x39, 0x0A, 0x0A, 0xE0, 0xD7, 0x3D, 0xC2, 0x18, 0x1A, 0x1A,
  0x39, 0x1A, 0xE0, 0x36, 0xDD, 0x36, 0xE0, 0x1A, 0xD7, 0xDD, 0x36, 0xBA, 0x39, 0x1A, 0x1A, 0x39,
  0x18, 0x1A, 0x3D, 0xBA, 0xC2, 0x0A, 0x08, 0x0A, 0x0A, 0xFA, 0xFA, 0xDC, 0xFA, 0x74, 0xFA, 0xC2,
  0xD7, 0x0A, 0x0A, 0xD7, 0xC2, 0x1C, 0x74, 0xFA, 0xDC, 0xFA, 0x9F, 0x0A, 0x0A, 0x08, 0x0A, 0xE0,
  0xBA, 0x3D, 0x1A, 0x18, 0x1A, 0x1A, 0x1A, 0x39, 0xBA, 0x36, 0xDD, 0xD7, 0x1A, 0xE0, 0x36, 0xDD,
  0x36, 0xD7, 0x1A, 0x39, 0x1A, 0x1A, 0x18, 0xC2, 0x3D, 0xD7, 0xE0, 0x0A, 0x0A, 0x39, 0xBA, 0x74,
  0xDC, 0xFA, 0xFA, 0x63, 0x1B, 0xC2, 0xD7, 0x0A, 0xD7, 0xD7, 0xBA, 0xE1, 0x1B, 0xBA, 0xE1, 0x74,
  0xFA, 0xDC, 0x74, 0xB8, 0x39, 0x0A, 0x0A, 0x0A, 0xE0, 0x3D, 0xD7, 0x1A, 0x1A, 0x39, 0x39, 0x1A,
  0x0A, 0x36, 0xDD, 0x36, 0xE0, 0x08, 0x1A, 0xBA, 0xBA, 0xBA, 0x39, 0x05, 0x18, 0x07, 0x18, 0x1A,
  0x1A, 0x1A, 0x39, 0x09, 0x1B, 0x49, 0x1D, 0x09, 0x61, 0x05, 0x07, 0x07, 0x1A, 0xE0, 0x08, 0x0A,
  0x08, 0x05, 0x05, 0x05, 0x05, 0x08, 0x08, 0x07, 0x39, 0x07, 0x07, 0x07, 0x3F, 0x12, 0x12, 0x12,
  0x0B, 0x12, 0x12, 0x06, 0x07, 0x0A, 0xD7, 0xD7, 0xD7, 0x1A, 0x05, 0x11, 0x0A, 0x0A, 0x39, 0x11,
  0x09, 0x09, 0x09, 0x09, 0x11, 0x11, 0x09, 0x09, 0x0A, 0xB8, 0x0A, 0x39, 0x11, 0x11, 0x61, 0x0A,
  0xD7, 0xC2, 0xD7, 0xD7, 0x1A, 0x1A, 0x1A, 0x0A, 0x0A, 0x18, 0x1A, 0x07, 0x39, 0x39, 0x39, 0x1A,
  0x1A, 0x39, 0xD7, 0xC8, 0xDD, 0xD7, 0xD7, 0x0A, 0x1A, 0x40, 0x40, 0xC2, 0x0A, 0xD7, 0xC2, 0xC2,
  0x0A, 0x74, 0x4F, 0xFA, 0x34, 0x34, 0x0A, 0x0A, 0x0A, 0x1A, 0xBA, 0x36, 0xD7, 0xC2, 0xD7, 0xC2,
  0x1A, 0x39, 0xBA, 0x36, 0xDD, 0x36, 0xE0, 0x1A, 0x36, 0xDD, 0xDD, 0xD7, 0x0A, 0x1A, 0xC2, 0xD7,
  0xD7, 0xC2, 0x36, 0x36, 0xC2, 0x0A, 0x0A, 0x1A, 0x9F, 0xFE, 0xFA, 0x41, 0x34, 0xD7, 0x0A, 0xC2,
  0xD7, 0x0A, 0x0A, 0xD7, 0xC2, 0x0A, 0xD7, 0x34, 0x41, 0xFA, 0xFE, 0x9F, 0x1A, 0x0A, 0x0A, 0xC2,
  0x36, 0x36, 0xD7, 0xD7, 0xD7, 0xC2, 0x1A, 0x0A, 0xD7, 0xDD, 0xDD, 0x36, 0x1A, 0xE0, 0x36, 0xDD,
  0x36, 0xBA, 0x39, 0x1A, 0xC2, 0xD7, 0xC2, 0xD7, 0x36, 0xBA, 0x1A, 0x0A, 0x0A, 0x0A, 0x34, 0x34,
  0xFA, 0x4E, 0xE1, 0x0A, 0xC2, 0xC2, 0xD7, 0x0A, 0xD7, 0xD7, 0xC2, 0x0A, 0xC2, 0xC2, 0x3A, 0xFA,
  0x4F, 0xFA, 0x41, 0xB6, 0xBA, 0x1A, 0x0A, 0x0A, 0xD7, 0x36, 0x36, 0xC2, 0xD7, 0xC2, 0x1A, 0x1A,
  0xBA, 0x36, 0xD3, 0x36, 0xD7, 0x1A, 0x08, 0xB8, 0xBA, 0x52, 0x05, 0x05, 0x05, 0x05, 0x07, 0x1A,
  0x07, 0x1A, 0x07, 0x09, 0x1E, 0x9F, 0x1F, 0x11, 0x61, 0x07, 0x07, 0x07, 0x0A, 0xE0, 0xE0, 0x39,
  0x05, 0x05, 0x05, 0x05, 0x05, 0x08, 0x1A, 0x39, 0x07, 0x07, 0x07, 0x07, 0x3F, 0x12, 0x12, 0x14,
  0x0B, 0x12, 0x12, 0x06, 0x08, 0x09, 0xE0, 0xC2, 0xD7, 0xBA, 0x61, 0x39, 0xBA, 0xB8, 0xBA, 0x39,
  0x11, 0x11, 0x09, 0x09, 0x09, 0x1D, 0x0A, 0x09, 0x39, 0xBA, 0xB8, 0x39, 0x11, 0x05, 0x0A, 0xBA,
  0xC2, 0xC2, 0x36, 0x36, 0x36, 0xBA, 0xE0, 0x0A, 0x1A, 0x1A, 0x07, 0x07, 0x1A, 0x1A, 0x1A, 0x1A,
  0x1A, 0x0A, 0x39, 0xC2, 0x1A, 0xC2, 0x36, 0x0A, 0xC2, 0x36, 0xDD, 0xC2, 0x0A, 0xC2, 0xC2, 0x36,
  0xBA, 0xE1, 0x34, 0xB8, 0xB8, 0x1C, 0x0A, 0x0A, 0x39, 0x1A, 0xC2, 0xD7, 0x36, 0xDD, 0x36, 0xDD,
  0x36, 0xC2, 0x1A, 0xC2, 0xB8, 0xD7, 0x1A, 0x18, 0xC2, 0x3D, 0xBA, 0x1A, 0xE0, 0xD7, 0x3D, 0xDD,
  0xDD, 0xDD, 0x36, 0xC2, 0xC2, 0x1A, 0x0A, 0x1A, 0x3D, 0x1C, 0xBA, 0x41, 0x62, 0xB8, 0xBA, 0xD7,
  0xC2, 0x0A, 0x0A, 0xC2, 0xD7, 0xBA, 0xB8, 0x4C, 0xFF, 0xBA, 0x1C, 0x3D, 0x1A, 0x0A, 0x1A, 0x3A,
  0xC2, 0x36, 0xDD, 0xDD, 0x36, 0x3D, 0xBA, 0xE0, 0x1A, 0xBA, 0x3D, 0xC2, 0x1A, 0x1A, 0xD7, 0xB8,
  0xC2, 0x1A, 0xC2, 0x36, 0xDD, 0x36, 0xDD, 0x36, 0xD7, 0xC2, 0x1A, 0x39, 0x0A, 0xE0, 0x1B, 0xB8,
  0xB8, 0x34, 0xE1, 0xBA, 0xD7, 0xC2, 0xC2, 0x0A, 0x0A, 0xC2, 0xD7, 0xD7, 0xC2, 0xD7, 0xD7, 0xFA,
  0x34, 0x20, 0xBA, 0x1C, 0xE0, 0x1A, 0x1A, 0x39, 0xC2, 0xC2, 0x36, 0xDD, 0xDD, 0xDD, 0x36, 0xD7,
  0x39, 0x0A, 0xB8, 0xD7, 0x1A, 0x1A, 0x08, 0x08, 0x08, 0x07, 0x05, 0x05, 0x05, 0x05, 0x07, 0x07,
  0x1A, 0x08, 0x05, 0x09, 0x1E, 0x9F, 0x1F, 0x11, 0x61, 0x07, 0x07, 0x11, 0x08, 0xE0, 0x1A, 0x05,
  0x05, 0x05, 0x61, 0x05, 0x07, 0x07, 0x1A, 0x1A, 0x08, 0x08, 0x05, 0x05, 0x3F, 0x12, 0x12, 0x12,
  0x0B, 0x12, 0x12, 0x06, 0x05, 0x05, 0x1A, 0x0A, 0xE0, 0xD7, 0x1A, 0x0A, 0xE0, 0xC2, 0x36, 0xD7,
  0x11, 0x11, 0x11, 0x0A, 0x0A, 0xBA, 0x0A, 0x11, 0x08, 0xBA, 0xBA, 0x09, 0x05, 0x0A, 0xBA, 0x36,
  0x36, 0xD7, 0xD7, 0xBA, 0xE0, 0x0A, 0x0A, 0x1A, 0x1A, 0x1A, 0x1A, 0x1A, 0x1A, 0x1A, 0x07, 0x1A,
  0x08, 0x0A, 0x0A, 0xE0, 0x0A, 0x0A, 0x0A, 0x39, 0x1A, 0x1A, 0x1A, 0x1A, 0x0A, 0xD7, 0xD7, 0xD7,
  0xC2, 0x1A, 0xE0, 0xC2, 0xE0, 0xE0, 0xC2, 0xC2, 0xD7, 0x85, 0xC8, 0xD7, 0xC2, 0xDD, 0xDD, 0xD7,
  0xC2, 0xD7, 0x08, 0x39, 0x39, 0x39, 0x39, 0x39, 0x1A, 0x1A, 0x1A, 0x1A, 0xD7, 0xC2, 0xC2, 0x36,
  0xDD, 0xD7, 0xC2, 0xDD, 0x85, 0xD3, 0x3A, 0xC2, 0xE0, 0xC2, 0xD7, 0xC2, 0x0A, 0x0A, 0xD7, 0xD7,
  0xD7, 0x0A, 0x0A, 0xD7, 0xD7, 0xD7, 0x0A, 0x0A, 0xC2, 0xD7, 0xC2, 0xE0, 0xC2, 0x3A, 0xD3, 0x85,
  0xDD, 0xC2, 0xD7, 0xDD, 0x36, 0xD7, 0xC2, 0xD7, 0x1A, 0x1A, 0x39, 0x1A, 0x39, 0x39, 0x39, 0x39,
  0x39, 0x08, 0xD7, 0xC2, 0xD7, 0xDD, 0xDD, 0xC2, 0xD7, 0xC8, 0x85, 0xD7, 0xC2, 0xC2, 0xE0, 0xE0,
  0xC2, 0xE0, 0x1A, 0xC2, 0xD7, 0xD7, 0xD7, 0x0A, 0xD7, 0xD7, 0xD7, 0xC2, 0xC2, 0xD7, 0xC2, 0x1A,
  0xE0, 0x0A, 0xD7, 0xE0, 0xC2, 0xE0, 0xD7, 0x40, 0x40, 0xD7, 0xC2, 0xE2, 0xDD, 0xD7, 0xC2, 0xD7,
  0xE0, 0x1A, 0x1A, 0x39, 0x39, 0x18, 0x07, 0x07, 0x07, 0x08, 0x08, 0x39, 0x61, 0x05, 0x07, 0x1A,
  0x1A, 0x07, 0x05, 0x09, 0x1E, 0x49, 0x1F, 0x11, 0x05, 0x07, 0x07, 0x07, 0x05, 0x05, 0x05, 0x05,
  0x05, 0x05, 0x05, 0x11, 0x1A, 0x1A, 0x1A, 0xBA, 0x0A, 0x39, 0x05, 0x05, 0x3F, 0x12, 0x12, 0x12,
  0x3F, 0x12, 0x12, 0x06, 0x05, 0x05, 0x05, 0x39, 0xE0, 0xE0, 0xE0, 0xBA, 0xC2, 0xD7, 0x36, 0xB8,
  0x39, 0x19, 0x09, 0x11, 0x11, 0x39, 0x11, 0x11, 0x0A, 0x36, 0xD7, 0x0A, 0x39, 0xBA, 0xD7, 0xC2,
  0xBA, 0xD7, 0x39, 0x61, 0x61, 0x1A, 0x39, 0x1A, 0x1A, 0x0A, 0xE0, 0xD7, 0xD7, 0x1A, 0x1A, 0x39,
  0x1A, 0x1A, 0x39, 0xE0, 0xE0, 0x1A, 0xC2, 0xC2, 0x1A, 0xC2, 0xD7, 0xC2, 0x0A, 0xD7, 0xC2, 0x1A,
  0x39, 0x39, 0x1A, 0xC2, 0x36, 0xC2, 0xE0, 0x1A, 0xD3, 0x40, 0xC8, 0xD7, 0xD7, 0xDD, 0xD3, 0x36,
  0xC2, 0xC2, 0xE0, 0x1A, 0x1A, 0x39, 0x05, 0x05, 0x07, 0x39, 0x1A, 0x08, 0xC2, 0xC2, 0xD7, 0x38,
  0xDD, 0x36, 0xC2, 0xDD, 0xC8, 0xC8, 0xC2, 0xE0, 0xC2, 0xD7, 0xBA, 0x1A, 0x1A, 0x39, 0x39, 0xC2,
  0xD7, 0xBA, 0xBA, 0xD7, 0xC2, 0x39, 0x39, 0x1A, 0x1A, 0xBA, 0xD7, 0x1A, 0xE0, 0xC2, 0xC8, 0xC8,
  0xDD, 0xC2, 0x36, 0xDD, 0x38, 0xD7, 0xC2, 0xC2, 0x08, 0x1A, 0x1A, 0x1A, 0x05, 0x05, 0x39, 0x1A,
  0x1A, 0xE0, 0xC2, 0xC2, 0x36, 0xD3, 0xDD, 0xD7, 0xD7, 0xC8, 0x40, 0xD3, 0x1A, 0xE0, 0x1A, 0x36,
  0xC2, 0x1A, 0x39, 0x39, 0x1A, 0xC2, 0xD7, 0xD7, 0xD7, 0xD7, 0x3A, 0x39, 0xC2, 0x3A, 0x1A, 0x39,
  0x1A, 0xC2, 0x36, 0xC2, 0xE0, 0x1A, 0xB8, 0x40, 0xC8, 0xD7, 0xD7, 0xDD, 0xD3, 0x36, 0xC2, 0xC2,
  0xD7, 0x1A, 0x1A, 0x39, 0x07, 0x18, 0x07, 0x08, 0x08, 0xE0, 0xBA, 0x3D, 0x08, 0x07, 0x07, 0x1A,
  0x1A, 0x07, 0x05, 0x09, 0x1E, 0x1B, 0x09, 0x11, 0x05, 0x11, 0x18, 0x05, 0x05, 0x05, 0x05, 0x05,
  0x05, 0x39, 0x07, 0x08, 0x08, 0x08, 0x0A, 0xBA, 0x08, 0x05, 0x05, 0x05, 0x3F, 0x12, 0x12, 0x12,
  0x3F, 0x12, 0x12, 0x06, 0x05, 0x05, 0x05, 0x05, 0x39, 0x08, 0xE0, 0xD7, 0xC2, 0x1A, 0xBA, 0xB8,
  0x0A, 0x61, 0x11, 0x11, 0x11, 0x11, 0x11, 0x39, 0x0A, 0x36, 0xC2, 0x39, 0x39, 0xC2, 0xC2, 0xBA,
  0x08, 0x18, 0x05, 0x05, 0x05, 0x39, 0x1A, 0xC2, 0xE0, 0xD7, 0xD7, 0xDD, 0x38, 0xC2, 0x1A, 0x1A,
  0x39, 0x39, 0x0A, 0xE0, 0xC2, 0x3A, 0xD7, 0x36, 0xD3, 0xD7, 0xC2, 0x36, 0xD7, 0xD7, 0xC2, 0x39,
  0x0A, 0x39, 0x1A, 0x3A, 0xD7, 0x1A, 0x1A, 0xBA, 0xD7, 0xC2, 0xD4, 0xD7, 0x3D, 0xC8, 0xDD, 0xDD,
  0x3D, 0xD7, 0xD7, 0xE0, 0x1A, 0x07, 0x07, 0x05, 0x07, 0x1A, 0x0A, 0xBA, 0xC2, 0x3D, 0xDD, 0xDD,
  0xC8, 0x38, 0xD7, 0xD7, 0xC2, 0xC2, 0x36, 0x1A, 0x1A, 0xD7, 0xC2, 0x1A, 0x39, 0x0A, 0x1A, 0x1A,
  0xD7, 0xD7, 0xD7, 0xD7, 0x1A, 0x1A, 0x0A, 0x39, 0x1A, 0xC2, 0xD7, 0x1A, 0x1A, 0xD7, 0xC2, 0xC2,
  0xD7, 0xD7, 0x38, 0xC8, 0xDD, 0xDD, 0x3D, 0xC2, 0xBA, 0x0A, 0x1A, 0x07, 0x07, 0x07, 0x07, 0x1A,
  0xE0, 0xD7, 0xD7, 0x3D, 0xDD, 0xDD, 0xC8, 0x3D, 0xD7, 0xD4, 0xC2, 0xD7, 0xBA, 0x1A, 0x1A, 0xD7,
  0x3A, 0x1A, 0x0A, 0x0A, 0x39, 0xC2, 0xD7, 0xD7, 0xD7, 0xD7, 0x39, 0x0A, 0x0A, 0x39, 0x0A, 0x3A,
  0x1A, 0x1A, 0xD7, 0xC2, 0x1A, 0xE0, 0xD7, 0x3A, 0xD4, 0xC2, 0x36, 0xC8, 0xDD, 0x36, 0xDD, 0xBA,
  0xD7, 0xD7, 0x1A, 0x07, 0x05, 0x1A, 0xBA, 0x52, 0xE0, 0x08, 0xE0, 0xBA, 0x08, 0x08, 0x39, 0x07,
  0x05, 0x05, 0x05, 0x09, 0x1E, 0x1E, 0x09, 0x11, 0x61, 0x05, 0x05, 0x07, 0x07, 0x05, 0x05, 0x05,
  0x05, 0x1A, 0x1A, 0xE0, 0xE0, 0x1A, 0x08, 0x11, 0x61, 0x05, 0x05, 0x05, 0x3F, 0x12, 0x12, 0x12,
  0x3F, 0x12, 0x12, 0x06, 0x05, 0x05, 0x05, 0x05, 0x05, 0x18, 0x0A, 0x08, 0x08, 0x1A, 0x39, 0x0A,
  0x09, 0x05, 0x11, 0x19, 0x11, 0x11, 0x05, 0x11, 0x11, 0xBA, 0x1A, 0x1A, 0x08, 0xC2, 0xE0, 0x1A,
  0x05, 0x05, 0x05, 0x61, 0x1A, 0x0A, 0xC2, 0x36, 0x36, 0xD7, 0x36, 0xDD, 0x38, 0xD7, 0x39, 0x1A,
  0x1A, 0x1A, 0x1A, 0x0A, 0xE0, 0x1A, 0xD7, 0x36, 0xD3, 0x36, 0x39, 0x36, 0xB8, 0xB8, 0xC2, 0xC2,
  0xD7, 0xD7, 0xC2, 0x39, 0xD7, 0xC2, 0xC2, 0x36, 0x3D, 0x38, 0xD7, 0xBA, 0xD3, 0x38, 0xD3, 0x38,
  0x3D, 0xBA, 0xC2, 0xD7, 0x1A, 0x05, 0x05, 0x07, 0x05, 0x05, 0xC2, 0xC2, 0xD7, 0x3D, 0x38, 0x38,
  0x38, 0x38, 0xB8, 0xC2, 0x36, 0x38, 0x36, 0xC2, 0x1A, 0xBA, 0x1A, 0x3A, 0xD7, 0xB8, 0xD7, 0xC2,
  0xD7, 0xB8, 0xB8, 0xD7, 0xC2, 0xD7, 0xB8, 0xD7, 0x3A, 0x1A, 0xD7, 0x1A, 0xC2, 0x36, 0x38, 0x36,
  0xD7, 0xB8, 0x38, 0x38, 0x38, 0x38, 0x3D, 0xD7, 0xC2, 0xC2, 0x18, 0x05, 0x07, 0x05, 0x05, 0x1A,
  0xD7, 0xC2, 0xBA, 0x3D, 0x38, 0xD3, 0x38, 0xD3, 0xBA, 0xD7, 0xD3, 0x3D, 0x36, 0xC2, 0x1A, 0xD7,
  0x39, 0xC2, 0xD7, 0xD7, 0xC2, 0xC2, 0xB8, 0xB8, 0xB8, 0xC2, 0xC2, 0xD7, 0xD7, 0xC2, 0xD7, 0xD7,
  0xC2, 0x39, 0xD7, 0xC2, 0x1A, 0x36, 0xB8, 0x38, 0xD7, 0xD7, 0x3D, 0x38, 0xD3, 0x38, 0x1B, 0x52,
  0xD7, 0xD7, 0x1A, 0x05, 0x05, 0x08, 0xE0, 0x08, 0x08, 0x1A, 0x1A, 0x1A, 0x18, 0x39, 0x05, 0x61,
  0x05, 0x05, 0x04, 0x1D, 0x1E, 0x1E, 0x09, 0x11, 0x05, 0x05, 0x05, 0x11, 0x07, 0x05, 0x05, 0x05,
  0x07, 0x08, 0x0A, 0xE0, 0x1A, 0x18, 0x08, 0x61, 0x05, 0x05, 0x05, 0x05, 0x3F, 0x12, 0x12, 0x12,
  0x3F, 0x12, 0x12, 0x06, 0x05, 0x05, 0x05, 0x05, 0x05, 0x61, 0x05, 0x08, 0x61, 0x05, 0x11, 0x05,
  0x05, 0x04, 0x04, 0x05, 0x39, 0xD7, 0x0A, 0x61, 0x11, 0x08, 0x39, 0x08, 0x09, 0x08, 0x39, 0x18,
  0x05, 0x18, 0x1A, 0x1A, 0x1A, 0x0A, 0x36, 0x36, 0xDD, 0x36, 0xB8, 0x36, 0x1A, 0x0A, 0x39, 0x1A,
  0x0A, 0x0A, 0x0A, 0x1A, 0x0A, 0x39, 0x1A, 0x1A, 0x39, 0x1A, 0x39, 0xC2, 0xD7, 0xD7, 0xC2, 0xC2,
  0xD7, 0xD7, 0xBA, 0x0A, 0x0A, 0x1A, 0xD7, 0xD7, 0xD3, 0x3D, 0x0A, 0x08, 0x1A, 0x1A, 0x08, 0xE0,
  0xE0, 0x08, 0xD7, 0xC2, 0x0A, 0x61, 0x07, 0x08, 0x61, 0x07, 0xC2, 0xC2, 0xE0, 0xE0, 0xE0, 0x08,
  0x1A, 0x1A, 0x08, 0xE0, 0xD7, 0x1C, 0x36, 0xD7, 0x1A, 0xC2, 0x1A, 0xD7, 0xD7, 0xD7, 0xC2, 0xC2,
  0xC2, 0xD7, 0xD7, 0xC2, 0xC2, 0xC2, 0xD7, 0xD7, 0xD7, 0x1A, 0xC2, 0x1A, 0xD7, 0x36, 0x1C, 0xBA,
  0xE0, 0x08, 0x1A, 0x1A, 0x08, 0xE0, 0xE0, 0xE0, 0xC2, 0xC2, 0x39, 0x61, 0x08, 0x07, 0x61, 0x1A,
  0xC2, 0xD7, 0x08, 0xE0, 0xE0, 0x08, 0x1A, 0x1A, 0x08, 0x0A, 0x3D, 0xD3, 0xD7, 0xD7, 0x1A, 0x0A,
  0x0A, 0xBA, 0xD7, 0xD7, 0xC2, 0xC2, 0xD7, 0xBA, 0xD7, 0xC2, 0xC2, 0xD7, 0xC2, 0xC2, 0xD7, 0xD7,
  0xD7, 0x0A, 0xE0, 0x0A, 0xC2, 0xD7, 0x38, 0xD3, 0xC2, 0x08, 0x1A, 0x1A, 0xE0, 0xE0, 0xE0, 0xE0,
  0xD7, 0xC2, 0x0A, 0x05, 0x05, 0xBA, 0x1A, 0x18, 0x18, 0x18, 0x1A, 0x1A, 0x05, 0x05, 0x05, 0x04,
  0x11, 0x11, 0x04, 0x09, 0x1E, 0x1E, 0x09, 0x11, 0x19, 0x05, 0x61, 0x05, 0x11, 0x05, 0x05, 0x1A,
  0x1A, 0x1A, 0x08, 0x1A, 0x05, 0x08, 0x11, 0x61, 0x05, 0x05, 0x05, 0x05, 0x3F, 0x12, 0x12, 0x12,
  0x0B, 0x12, 0x12, 0x06, 0x05, 0x07, 0x39, 0x1A, 0x39, 0x05, 0x61, 0x61, 0x05, 0x05, 0x39, 0x05,
  0x05, 0x05, 0x05, 0x07, 0x0A, 0x36, 0x36, 0x0A, 0x61, 0x05, 0x07, 0x0A, 0x0A, 0x61, 0x61, 0x1A,
  0xE0, 0xC2, 0xD7, 0xC2, 0x39, 0x39, 0xD7, 0x36, 0xD7, 0xD7, 0x0A, 0x39, 0x61, 0x07, 0x39, 0x39,
  0x1A, 0x0A, 0xE0, 0x1A, 0x08, 0x08, 0x39, 0x39, 0x39, 0x1A, 0x0A, 0x1A, 0x0A, 0xD7, 0x0A, 0x0A,
  0x0A, 0x39, 0x3A, 0xD7, 0xD7, 0xD7, 0xD7, 0x1A, 0x39, 0x1A, 0x1A, 0x07, 0x1A, 0x07, 0x05, 0x07,
  0x1A, 0x1A, 0xBA, 0xC2, 0xE0, 0x07, 0x1A, 0x09, 0x18, 0x09, 0x1A, 0xBA, 0x0A, 0x1A, 0x07, 0x05,
  0x07, 0x1A, 0x1A, 0x07, 0x1A, 0x1A, 0x1A, 0xE0, 0xD7, 0xC2, 0xD7, 0xC2, 0x39, 0x3A, 0xC2, 0xC2,
  0xC2, 0xD7, 0xD7, 0xC2, 0xC2, 0xC2, 0x3A, 0x39, 0xC2, 0xD7, 0xC2, 0xD7, 0xE0, 0x1A, 0x1A, 0x1A,
  0x07, 0x07, 0x1A, 0x07, 0x18, 0x07, 0x1A, 0x0A, 0xBA, 0x1A, 0x09, 0x18, 0x09, 0x1A, 0x07, 0xE0,
  0xC2, 0xBA, 0x1A, 0x1A, 0x07, 0x18, 0x07, 0x1A, 0x07, 0x1A, 0x1A, 0x39, 0x1A, 0xD7, 0xD7, 0xD7,
  0xD7, 0xC2, 0x39, 0x0A, 0x0A, 0x0A, 0xD7, 0xD7, 0xD7, 0xC2, 0x0A, 0x0A, 0x3A, 0xC2, 0x0A, 0x39,
  0x3A, 0xC2, 0xD7, 0xC2, 0xD7, 0x0A, 0x1A, 0x39, 0x1A, 0x07, 0x1A, 0x07, 0x05, 0x05, 0x1A, 0x1A,
  0xBA, 0xE0, 0xE0, 0x1A, 0x1A, 0xBA, 0x07, 0x05, 0x05, 0x05, 0x05, 0x05, 0x11, 0x11, 0x11, 0x11,
  0x09, 0x09, 0x11, 0x09, 0x1D, 0x1D, 0x09, 0x19, 0x09, 0x11, 0x04, 0x05, 0x05, 0x05, 0x61, 0x1A,
  0x1A, 0x1A, 0x05, 0x05, 0x05, 0x05, 0x05, 0x61, 0x05, 0x05, 0x05, 0x05, 0x3F, 0x12, 0x12, 0x12,
  0x0B, 0x12, 0x12, 0x06, 0x07, 0x09, 0xBA, 0x0A, 0x0A, 0x07, 0x05, 0x05, 0x05, 0x1A, 0x39, 0x1A,
  0x1A, 0x1A, 0x07, 0x07, 0x0A, 0x36, 0xD7, 0xBA, 0x39, 0x05, 0x05, 0x39, 0x18, 0x05, 0x1A, 0xD7,
  0x36, 0x36, 0x36, 0x36, 0xD7, 0x1A, 0x1A, 0x08, 0xE0, 0x39, 0x1A, 0x05, 0x05, 0x39, 0x0A, 0xC2,
  0xC2, 0xC2, 0x1A, 0x1A, 0x39, 0x0A, 0x0A, 0x1A, 0x39, 0x39, 0x0A, 0xE0, 0xC2, 0xD4, 0xD7, 0xD7,
  0xC2, 0x3A, 0x1A, 0x1A, 0xC2, 0xD7, 0x1A, 0x39, 0x07, 0x39, 0x07, 0x39, 0x1A, 0x07, 0x07, 0x05,
  0x05, 0x1A, 0x09, 0xE0, 0xE0, 0xE0, 0x1A, 0x1A, 0xE0, 0xE0, 0x0A, 0xBA, 0x39, 0x39, 0x05, 0x05,
  0x39, 0x1A, 0x1A, 0x07, 0x11, 0x07, 0x1A, 0x39, 0x0A, 0xD7, 0xC2, 0x1A, 0x1A, 0xC2, 0xC2, 0xD7,
  0xD4, 0xD7, 0xD7, 0xD4, 0xD7, 0xC2, 0xC2, 0x1A, 0x1A, 0xC2, 0xD7, 0xE0, 0x39, 0x1A, 0x07, 0x11,
  0x07, 0x1A, 0x1A, 0x39, 0x05, 0x05, 0x39, 0x39, 0xBA, 0x0A, 0xE0, 0x08, 0x1A, 0x1A, 0xE0, 0xE0,
  0xE0, 0x09, 0x1A, 0x05, 0x05, 0x07, 0x07, 0x1A, 0x39, 0x07, 0x39, 0x07, 0x39, 0x1A, 0xD7, 0xD7,
  0x1A, 0x1A, 0x3A, 0xC2, 0xD7, 0xD7, 0xD4, 0xD7, 0xD7, 0xD7, 0xD7, 0xC2, 0xD7, 0xD7, 0xC2, 0xC2,
  0x1A, 0x1A, 0xC2, 0xD7, 0x39, 0x39, 0x07, 0x07, 0x39, 0x1A, 0x1A, 0x1A, 0x07, 0x05, 0x05, 0x39,
  0x08, 0xE0, 0x0A, 0xBA, 0x1A, 0x1A, 0x1A, 0x05, 0x05, 0x05, 0x05, 0x11, 0x11, 0x11, 0x09, 0x09,
  0x09, 0x11, 0x11, 0x09, 0x1D, 0x1D, 0x09, 0x19, 0x11, 0x11, 0x11, 0x11, 0x11, 0x05, 0x05, 0x05,
  0x39, 0x05, 0x61, 0x05, 0x05, 0x05, 0x05, 0x61, 0x05, 0x05, 0x05, 0x05, 0x01, 0x12, 0x12, 0x12,
  0x01, 0x12, 0x12, 0x06, 0x07, 0x1A, 0x0A, 0xC2, 0xE0, 0x08, 0x05, 0x05, 0x61, 0x39, 0x0A, 0xD7,
  0xC2, 0xC2, 0x08, 0x07, 0x07, 0x0A, 0x1A, 0x0A, 0x39, 0x61, 0x11, 0x05, 0x05, 0x1A, 0xE0, 0xBA,
  0x36, 0xD7, 0x36, 0x36, 0xDD, 0x36, 0x1A, 0x39, 0x1A, 0x1A, 0x1A, 0x1A, 0x39, 0x1A, 0xC2, 0xC2,
  0x36, 0x36, 0xD7, 0x1A, 0x1A, 0x39, 0x0A, 0x0A, 0x0A, 0x0A, 0x39, 0xE0, 0xD7, 0xDD, 0xC8, 0xDD,
  0x36, 0x36, 0xD7, 0x1A, 0x1A, 0x0A, 0x39, 0x1A, 0x1A, 0x08, 0x08, 0x0A, 0x1A, 0x39, 0x07, 0x05,
  0x05, 0x61, 0x05, 0x18, 0x0A, 0xD7, 0x1A, 0x18, 0xC2, 0xE0, 0x1A, 0x05, 0x18, 0x05, 0x04, 0x11,
  0x07, 0x39, 0x1A, 0x08, 0x08, 0x1A, 0x1A, 0x39, 0x0A, 0x0A, 0x1A, 0xD7, 0xBA, 0x36, 0xE2, 0xC8,
  0xD3, 0xD7, 0xD7, 0xD3, 0xC8, 0xE2, 0x36, 0xBA, 0xD7, 0x1A, 0x0A, 0x0A, 0x39, 0x1A, 0x1A, 0x08,
  0x08, 0x1A, 0x39, 0x07, 0x11, 0x04, 0x05, 0x18, 0x05, 0x1A, 0xC2, 0xE0, 0x18, 0x1A, 0xD7, 0x0A,
  0x39, 0x05, 0x61, 0x05, 0x05, 0x07, 0x39, 0x1A, 0x0A, 0x08, 0x08, 0x1A, 0x1A, 0x39, 0x0A, 0x1A,
  0x1A, 0xD7, 0x36, 0x36, 0xDD, 0xC8, 0xDD, 0xD7, 0xE2, 0xC8, 0xD3, 0xD7, 0xD3, 0xD3, 0x36, 0x36,
  0xD7, 0xE0, 0x1A, 0x0A, 0x0A, 0x1A, 0x1A, 0x08, 0x08, 0x08, 0x39, 0x39, 0x07, 0x05, 0x05, 0x05,
  0x05, 0x18, 0x1A, 0xD7, 0x1A, 0x39, 0x39, 0x05, 0x05, 0x05, 0x11, 0x09, 0x09, 0x1D, 0x1D, 0x09,
  0x09, 0x05, 0x11, 0x09, 0x09, 0x09, 0x09, 0x19, 0x11, 0x11, 0x09, 0x09, 0x09, 0x11, 0x19, 0x05,
  0x05, 0x61, 0x61, 0x05, 0x05, 0x05, 0x05, 0x11, 0x07, 0x05, 0x05, 0x05, 0x01, 0x12, 0x12, 0x12,
  0x0B, 0x12, 0x12, 0x3F, 0x05, 0x18, 0x18, 0x1A, 0x0A, 0xE0, 0x39, 0x39, 0x05, 0x05, 0xE0, 0xD7,
  0x36, 0xD7, 0xD7, 0x1A, 0x39, 0x18, 0x18, 0x61, 0x05, 0x05, 0x05, 0x39, 0x0A, 0x1A, 0x1A, 0x1A,
  0x0A, 0xE0, 0x1A, 0xD7, 0xE0, 0xE0, 0x1A, 0x1A, 0xD7, 0x36, 0xBA, 0x1A, 0x39, 0xE0, 0xD7, 0xDD,
  0x36, 0xDD, 0xDD, 0xC2, 0x1A, 0x39, 0x1A, 0x0A, 0x0A, 0x1A, 0x1A, 0x1A, 0xD7, 0xDD, 0xDD, 0xD7,
  0xD7, 0xC2, 0xD7, 0xD7, 0x1A, 0xD7, 0x36, 0xC2, 0x0A, 0x39, 0x0A, 0x08, 0x1A, 0x05, 0x05, 0x05,
  0x05, 0x05, 0x05, 0x39, 0x1A, 0xE0, 0xE0, 0x1A, 0xBA, 0x1A, 0x1A, 0x18, 0x05, 0x05, 0x05, 0x05,
  0x05, 0x18, 0x08, 0x08, 0x39, 0x39, 0xE0, 0xD7, 0x36, 0x1A, 0x0A, 0xBA, 0xC2, 0xD7, 0xD7, 0x36,
  0xDD, 0xE2, 0xD7, 0xDD, 0x36, 0xD7, 0xD7, 0xC2, 0xBA, 0x0A, 0x1A, 0x36, 0xD7, 0xE0, 0x1A, 0x39,
  0x08, 0x08, 0x18, 0x05, 0x05, 0x05, 0x05, 0x05, 0x18, 0x1A, 0x1A, 0xD7, 0x1A, 0xE0, 0xD7, 0x1A,
  0x39, 0x05, 0x05, 0x05, 0x05, 0x05, 0x05, 0x1A, 0x08, 0x0A, 0x39, 0x1A, 0xC2, 0x36, 0xD7, 0x1A,
  0xD7, 0xD7, 0xC2, 0xD7, 0xD7, 0xDD, 0x36, 0xD7, 0xE2, 0xDD, 0x36, 0xD7, 0x36, 0x36, 0xD7, 0xD7,
  0xD7, 0xBA, 0x1A, 0xC2, 0x36, 0xD7, 0x0A, 0x39, 0x1A, 0x08, 0x07, 0x18, 0x05, 0x05, 0x05, 0x05,
  0x05, 0x39, 0x1A, 0xE0, 0xC2, 0x18, 0x05, 0x05, 0x05, 0x19, 0x1D, 0x09, 0x1D, 0x1B, 0xBA, 0x09,
  0x09, 0x11, 0x11, 0x09, 0x09, 0x09, 0x09, 0x19, 0x11, 0x11, 0x11, 0x11, 0x09, 0x11, 0x11, 0x05,
  0x05, 0x05, 0x05, 0x11, 0x05, 0x18, 0x08, 0x08, 0x39, 0x07, 0x05, 0x05, 0x01, 0x12, 0x12, 0x12,
  0x0B, 0x12, 0x12, 0x3F, 0x07, 0x11, 0x07, 0x18, 0x1A, 0xE0, 0x0A, 0x1A, 0x05, 0x05, 0x1A, 0xD7,
  0xD7, 0xC2, 0xC2, 0x1A, 0x39, 0x1A, 0x08, 0x1A, 0x05, 0x05, 0x39, 0xE0, 0xBA, 0x08, 0x18, 0x18,
  0x05, 0x18, 0x18, 0x18, 0x07, 0x18, 0x1A, 0x1A, 0xE0, 0xB8, 0xBA, 0x1A, 0x1A, 0x39, 0xC2, 0xDD,
  0x36, 0x36, 0x36, 0xD7, 0xD7, 0x1A, 0x0A, 0x0A, 0x1A, 0x1A, 0x39, 0x1A, 0xC2, 0xE2, 0xC2, 0xC2,
  0x39, 0xC2, 0xD7, 0xBA, 0xD7, 0x36, 0xD7, 0xE0, 0x1A, 0x39, 0x1A, 0x1A, 0x18, 0x18, 0x07, 0x07,
  0x1A, 0x1A, 0x07, 0x1A, 0x18, 0xE0, 0xE0, 0x08, 0xBA, 0x1A, 0x1A, 0x39, 0x1A, 0x1A, 0x07, 0x07,
  0x1A, 0x05, 0x39, 0x1A, 0x39, 0x39, 0x0A, 0xD7, 0x36, 0xD7, 0xD7, 0xD7, 0xC2, 0x39, 0xC2, 0xC2,
  0xD7, 0xE2, 0xE2, 0xD7, 0xC2, 0xC2, 0x39, 0xC2, 0xD7, 0xD7, 0xD7, 0x36, 0xD7, 0x0A, 0x39, 0x39,
  0x1A, 0x1A, 0x18, 0x1A, 0x07, 0x07, 0x1A, 0x1A, 0x39, 0x1A, 0x1A, 0xBA, 0x08, 0xE0, 0xE0, 0x18,
  0x1A, 0x07, 0x1A, 0x1A, 0x07, 0x07, 0x18, 0x18, 0x1A, 0x1A, 0x39, 0x1A, 0x0A, 0xD7, 0x36, 0xD7,
  0xBA, 0xD7, 0xC2, 0x39, 0xC2, 0xC2, 0xD7, 0xE2, 0xE2, 0xD7, 0xC2, 0x0A, 0x3A, 0xC2, 0x1A, 0xC2,
  0xD7, 0xBA, 0xD7, 0x36, 0x36, 0xC2, 0x1A, 0x39, 0x1A, 0x1A, 0x1A, 0x18, 0x07, 0x07, 0x1A, 0x39,
  0x07, 0x18, 0x18, 0x08, 0xBA, 0x1A, 0x05, 0x05, 0x05, 0x19, 0x1E, 0x1D, 0x09, 0x09, 0x09, 0x09,
  0x09, 0x11, 0x19, 0x19, 0x11, 0x11, 0x19, 0x04, 0x11, 0x11, 0x11, 0x09, 0x09, 0x09, 0x11, 0x05,
  0x05, 0x05, 0x05, 0x09, 0x05, 0x05, 0x07, 0x18, 0x39, 0x18, 0x05, 0x05, 0x01, 0x12, 0x12, 0x14,
  0x0B, 0x12, 0x12, 0x06, 0x07, 0x11, 0x07, 0x05, 0x07, 0x1A, 0x0A, 0x08, 0x05, 0x05, 0x05, 0x0A,
  0xC2, 0xC2, 0x0A, 0x1A, 0x39, 0x08, 0xE0, 0xBA, 0xE0, 0x1A, 0x08, 0xE0, 0xE0, 0x05, 0x05, 0x05,
  0x05, 0x05, 0x05, 0x05, 0x39, 0x1A, 0x05, 0x05, 0x18, 0x1A, 0x18, 0x61, 0x39, 0x18, 0x18, 0x1A,
  0x1A, 0xC2, 0xD7, 0x1A, 0xBA, 0xE0, 0x1A, 0x0A, 0xE0, 0x0A, 0x1A, 0x39, 0xD7, 0xB8, 0xC2, 0x39,
  0x39, 0xC2, 0xD7, 0xC2, 0xC2, 0xD7, 0x39, 0x39, 0x39, 0x1A, 0x1A, 0x1A, 0x1A, 0x1A, 0x08, 0x1A,
  0xE0, 0x08, 0x1A, 0x18, 0x1A, 0x1A, 0x08, 0x08, 0x1A, 0x1A, 0x18, 0x1A, 0x0A, 0xE0, 0x1A, 0x1A,
  0x1A, 0x1A, 0x1A, 0x1A, 0x1A, 0x39, 0x39, 0x1A, 0xC2, 0xD7, 0x1A, 0xD7, 0xD7, 0x1A, 0x1A, 0x0A,
  0xD7, 0x36, 0x36, 0xD7, 0x0A, 0x1A, 0x1A, 0xD7, 0xD7, 0x1A, 0xD7, 0xC2, 0x1A, 0x39, 0x39, 0x1A,
  0x1A, 0x1A, 0x1A, 0x1A, 0x1A, 0x1A, 0xE0, 0x0A, 0x07, 0x18, 0x1A, 0x1A, 0x08, 0x08, 0x1A, 0x1A,
  0x18, 0x1A, 0x08, 0xC2, 0x1A, 0x08, 0x1A, 0x1A, 0x1A, 0x1A, 0x1A, 0x39, 0x39, 0x39, 0xD7, 0xC2,
  0x3A, 0xD7, 0xC2, 0x39, 0x39, 0xC2, 0x36, 0xD7, 0x36, 0xD7, 0x1A, 0x39, 0x3A, 0x3A, 0x39, 0xC2,
  0xD7, 0xC2, 0x0A, 0xD7, 0x1A, 0x39, 0x39, 0x1A, 0x1A, 0x1A, 0x1A, 0x1A, 0x08, 0x1A, 0xE0, 0xE0,
  0x1A, 0x18, 0x18, 0x1A, 0x1A, 0x08, 0x07, 0x05, 0x05, 0x05, 0x09, 0x1D, 0x1D, 0x1F, 0x1D, 0x1D,
  0x1D, 0x09, 0x11, 0x11, 0x11, 0x05, 0x05, 0x09, 0x09, 0x11, 0x11, 0x09, 0x09, 0x09, 0x11, 0x19,
  0x05, 0x05, 0x05, 0x05, 0x05, 0x05, 0x05, 0x39, 0x07, 0x05, 0x05, 0x05, 0x01, 0x12, 0x12, 0x12,
  0x0B, 0x12, 0x12, 0x06, 0x05, 0x05, 0x05, 0x05, 0x18, 0x1A, 0x39, 0x08, 0x07, 0x05, 0x61, 0x61,
  0x1A, 0x0A, 0x0A, 0x39, 0x08, 0x07, 0x1A, 0xE0, 0xBA, 0xE0, 0xE0, 0xE0, 0x18, 0x05, 0x05, 0x05,
  0x05, 0x05, 0x05, 0x05, 0x39, 0x1A, 0x18, 0x05, 0x05, 0x05, 0x05, 0x61, 0x39, 0x1A, 0x08, 0x39,
  0x39, 0x39, 0x39, 0x39, 0x1A, 0x1A, 0x1A, 0xE0, 0xD7, 0x0A, 0x39, 0xD7, 0xC2, 0xC2, 0x39, 0x1A,
  0x39, 0xBA, 0xD7, 0x1A, 0x0A, 0x1A, 0x39, 0x39, 0x1A, 0x0A, 0xE0, 0x0A, 0x0A, 0x1A, 0x39, 0x1A,
  0xC2, 0x08, 0x39, 0x18, 0x05, 0x05, 0x07, 0x07, 0x18, 0x18, 0x07, 0x18, 0x1A, 0xE0, 0x1A, 0x1A,
  0x1A, 0x0A, 0x0A, 0x0A, 0x0A, 0x1A, 0x39, 0x39, 0x39, 0x0A, 0x1A, 0xE0, 0xBA, 0x0A, 0x39, 0x1A,
  0x1A, 0xC2, 0xC2, 0xC2, 0x1A, 0x39, 0x0A, 0xBA, 0x0A, 0x1A, 0x0A, 0x39, 0x39, 0x39, 0x1A, 0x0A,
  0xE0, 0x0A, 0x0A, 0x1A, 0x1A, 0x1A, 0xE0, 0x1A, 0x18, 0x07, 0x18, 0x18, 0x07, 0x07, 0x05, 0x05,
  0x18, 0x39, 0x08, 0xC2, 0x1A, 0x39, 0x1A, 0x0A, 0x0A, 0xE0, 0x0A, 0x1A, 0x39, 0x39, 0x1A, 0x0A,
  0x1A, 0xD7, 0xBA, 0x39, 0x1A, 0x1A, 0x3A, 0x3A, 0xC2, 0x39, 0x1A, 0x39, 0x1A, 0x39, 0x39, 0xE0,
  0xBA, 0x1A, 0x0A, 0x1A, 0x39, 0x39, 0x1A, 0x0A, 0xE0, 0x0A, 0x0A, 0x0A, 0x39, 0x39, 0xE0, 0xE0,
  0x1A, 0x18, 0x05, 0x05, 0x1A, 0x08, 0x05, 0x05, 0x05, 0x11, 0x11, 0x1E, 0x1E, 0x1D, 0x1D, 0x1D,
  0x1B, 0x1D, 0x09, 0x1D, 0x09, 0x09, 0x09, 0x09, 0x09, 0x09, 0x09, 0x09, 0x09, 0x11, 0x11, 0x05,
  0x05, 0x05, 0x05, 0x61, 0x05, 0x05, 0x05, 0x18, 0x18, 0x05, 0x05, 0x05, 0x01, 0x12, 0x12, 0x12,
  0x0B, 0x12, 0x12, 0x06, 0x05, 0x05, 0x05, 0x05, 0x05, 0x05, 0x1A, 0x39, 0x07, 0x05, 0x61, 0x05,
  0x61, 0x05, 0x61, 0x1A, 0x39, 0x07, 0x1A, 0x1A, 0xC2, 0xC2, 0xE0, 0x1A, 0x18, 0x1A, 0x1A, 0x39,
  0x05, 0x05, 0x05, 0x05, 0x39, 0x1A, 0x1A, 0x39, 0x61, 0x39, 0x18, 0x39, 0x1A, 0x1A, 0x1A, 0x07,
  0x39, 0x39, 0x05, 0x39, 0x1A, 0x1A, 0x39, 0xC2, 0xC2, 0x0A, 0x39, 0x0A, 0xC2, 0xE0, 0x0A, 0x1A,
  0x39, 0x0A, 0x1A, 0x39, 0x0A, 0x39, 0x39, 0x1A, 0xE0, 0xD7, 0xD7, 0x1A, 0x1A, 0x08, 0x39, 0x1A,
  0x08, 0x1A, 0x18, 0x18, 0x18, 0x05, 0x18, 0x05, 0x61, 0x18, 0x18, 0x18, 0x1A, 0x1A, 0x08, 0x39,
  0x0A, 0xE0, 0x1A, 0xC2, 0xD7, 0xD7, 0x0A, 0x39, 0x39, 0x0A, 0x0A, 0x1A, 0x0A, 0x0A, 0x39, 0x39,
  0xE0, 0xE0, 0xE0, 0xE0, 0x1A, 0x39, 0x0A, 0x0A, 0x1A, 0x0A, 0x0A, 0x39, 0x39, 0x0A, 0xE0, 0xD7,
  0xC2, 0x1A, 0xE0, 0x0A, 0x39, 0x08, 0x1A, 0x1A, 0x18, 0x18, 0x18, 0x61, 0x05, 0x18, 0x05, 0x18,
  0x18, 0x18, 0x1A, 0x08, 0x1A, 0x39, 0x08, 0x0A, 0x1A, 0xD7, 0xD7, 0xE0, 0x1A, 0x39, 0x39, 0x0A,
  0x1A, 0x1A, 0x0A, 0x39, 0x1A, 0x0A, 0xE0, 0xE0, 0xE0, 0x0A, 0x39, 0x39, 0x0A, 0x39, 0x39, 0x0A,
  0x0A, 0x39, 0x0A, 0x39, 0x39, 0x39, 0xE0, 0xD7, 0xD7, 0x1A, 0x1A, 0x08, 0x1A, 0x39, 0x08, 0x1A,
  0x18, 0x18, 0x18, 0x05, 0x61, 0x18, 0x05, 0x05, 0x05, 0x11, 0x11, 0x09, 0x1D, 0x1D, 0x1D, 0x1D,
  0x1D, 0x09, 0x1D, 0x1E, 0x09, 0x09, 0x09, 0x09, 0x09, 0x11, 0x09, 0x09, 0x11, 0x11, 0x11, 0x05,
  0x05, 0x05, 0x05, 0x05, 0x05, 0x05, 0x05, 0x05, 0x05, 0x05, 0x05, 0x05, 0x01, 0x12, 0x12, 0x14,
  0x3F, 0x12, 0x12, 0x3F, 0x05, 0x05, 0x07, 0x05, 0x05, 0x05, 0x39, 0x39, 0x08, 0x05, 0x05, 0x61,
  0x61, 0x61, 0x05, 0x05, 0x11, 0x08, 0x1A, 0x08, 0x1A, 0x07, 0x1A, 0x1A, 0x1A, 0xE0, 0xE0, 0x08,
  0x08, 0x1A, 0x18, 0x07, 0x0A, 0xE0, 0xC2, 0x0A, 0x1A, 0x18, 0x1A, 0x1A, 0xE0, 0x1A, 0x1A, 0x1A,
  0x07, 0x39, 0x39, 0x07, 0x0A, 0x39, 0x39, 0xC2, 0xD7, 0xD7, 0xD7, 0x0A, 0x0A, 0x0A, 0x0A, 0x39,
  0x1A, 0x1A, 0x0A, 0xD7, 0xC2, 0x0A, 0x1A, 0xD7, 0xD7, 0xD7, 0x36, 0xE0, 0x0A, 0x1A, 0x39, 0x07,
  0x07, 0x18, 0x07, 0x08, 0x08, 0x39, 0x39, 0x05, 0x07, 0x08, 0x08, 0x1A, 0x39, 0x39, 0x07, 0x18,
  0x39, 0x0A, 0xC2, 0xBA, 0x36, 0xD7, 0xD7, 0x39, 0x0A, 0xC2, 0xD7, 0x0A, 0x0A, 0x39, 0x1A, 0x1A,
  0x0A, 0xE0, 0xE0, 0x0A, 0x39, 0x1A, 0x39, 0x0A, 0x0A, 0xD7, 0xC2, 0x0A, 0x39, 0xD7, 0xD7, 0x36,
  0xBA, 0xC2, 0x0A, 0x39, 0x18, 0x07, 0x39, 0x39, 0x39, 0x08, 0x08, 0x07, 0x05, 0x18, 0x07, 0x08,
  0x08, 0x07, 0x18, 0x07, 0x07, 0x39, 0x1A, 0x0A, 0xE0, 0x36, 0xD7, 0xD7, 0xD7, 0x1A, 0x0A, 0xC2,
  0xD7, 0x0A, 0x1A, 0x1A, 0x39, 0x0A, 0x0A, 0xD7, 0x0A, 0x0A, 0x39, 0x1A, 0x0A, 0x39, 0x39, 0x1A,
  0x0A, 0xC2, 0xC2, 0x0A, 0x1A, 0xC2, 0xD7, 0xD7, 0x36, 0xE0, 0xE0, 0x1A, 0x05, 0x05, 0x07, 0x18,
  0x07, 0x08, 0x08, 0x07, 0x39, 0x05, 0x05, 0x05, 0x05, 0x11, 0x11, 0x11, 0x11, 0x09, 0x37, 0x37,
  0x1D, 0x1D, 0x1D, 0x1D, 0x09, 0x09, 0x09, 0x09, 0x09, 0x09, 0x1D, 0x09, 0x11, 0x19, 0x04, 0x05,
  0x05, 0x05, 0x05, 0x05, 0x05, 0x05, 0x05, 0x05, 0x05, 0x05, 0x05, 0x05, 0x3F, 0x12, 0x12, 0x12,
  0x0B, 0x12, 0x12, 0x3F, 0x05, 0x05, 0x05, 0x05, 0x05, 0x05, 0x07, 0x1A, 0x07, 0x18, 0x05, 0x05,
  0x05, 0x05, 0x05, 0x05, 0x11, 0x1A, 0x1A, 0x08, 0x07, 0x05, 0x05, 0x08, 0xE0, 0xE0, 0xE0, 0xE0,
  0xC2, 0x1A, 0x39, 0x18, 0x1A, 0x0A, 0x1A, 0xC2, 0xE0, 0x39, 0x1A, 0x1A, 0x1A, 0x1A, 0x0A, 0x1A,
  0x39, 0x1A, 0x1A, 0x39, 0x1A, 0x1A, 0x39, 0x0A, 0x0A, 0x39, 0x39, 0x1A, 0x39, 0x39, 0x0A, 0x0A,
  0xD7, 0x0A, 0xC2, 0x36, 0xBA, 0x1A, 0x0A, 0xC2, 0xD7, 0xD7, 0xE0, 0x0A, 0x18, 0x05, 0x05, 0x05,
  0x05, 0x18, 0x1A, 0x08, 0x08, 0x08, 0x07, 0x07, 0x07, 0x08, 0x08, 0x1A, 0x1A, 0x05, 0x05, 0x05,
  0x05, 0x18, 0x1A, 0x08, 0xD7, 0xD7, 0xC2, 0x0A, 0x1A, 0xC2, 0x36, 0xE0, 0x1A, 0xE0, 0xC2, 0x0A,
  0x1A, 0x39, 0x39, 0x1A, 0x0A, 0x0A, 0xE0, 0x1A, 0xE0, 0x36, 0xC2, 0x1A, 0x1A, 0xC2, 0xD7, 0xD7,
  0x08, 0x1A, 0x18, 0x05, 0x05, 0x05, 0x05, 0x18, 0x1A, 0x08, 0x08, 0x07, 0x05, 0x07, 0x08, 0x08,
  0x08, 0x1A, 0x18, 0x05, 0x05, 0x05, 0x05, 0x18, 0x1A, 0xE0, 0xD7, 0xD7, 0xC2, 0x1A, 0x1A, 0xBA,
  0x36, 0xE0, 0x0A, 0xD7, 0x0A, 0x0A, 0x1A, 0x1A, 0x1A, 0x39, 0x0A, 0xD7, 0x0A, 0x0A, 0xD7, 0xE0,
  0x0A, 0xBA, 0x36, 0xE0, 0x0A, 0xC2, 0xD7, 0xD7, 0xBA, 0x08, 0x1A, 0x05, 0x05, 0x05, 0x05, 0x07,
  0x1A, 0x08, 0x08, 0x08, 0x11, 0x18, 0x05, 0x05, 0x05, 0x11, 0x11, 0x11, 0x11, 0x11, 0x11, 0x1D,
  0x1D, 0x37, 0x1E, 0x1D, 0x1B, 0x1E, 0x1D, 0x1E, 0x1D, 0x09, 0x11, 0x19, 0x19, 0x19, 0x04, 0x05,
  0x61, 0x05, 0x05, 0x05, 0x05, 0x05, 0x05, 0x05, 0x05, 0x05, 0x05, 0x05, 0x3F, 0x12, 0x12, 0x14,
  0x0B, 0x12, 0x12, 0x3F, 0x05, 0x05, 0x05, 0x05, 0x05, 0x05, 0x18, 0x07, 0x1A, 0x07, 0x05, 0x05,
  0x05, 0x05, 0x07, 0x05, 0x05, 0x1A, 0x1A, 0x1A, 0x05, 0x05, 0x05, 0x05, 0x1A, 0xE0, 0xC2, 0xC2,
  0xC2, 0xC2, 0x08, 0x1A, 0x39, 0x0A, 0xC2, 0xC2, 0xBA, 0x0A, 0x1A, 0x1A, 0x1A, 0x1A, 0xC2, 0xE0,
  0x1A, 0x1A, 0x1A, 0x1A, 0x1A, 0xD7, 0x1A, 0x1A, 0x39, 0x39, 0x0A, 0x0A, 0x39, 0x0A, 0x0A, 0x0A,
  0xC2, 0x39, 0x1A, 0xE0, 0xE0, 0x0A, 0x0A, 0x0A, 0x0A, 0x1F, 0x0A, 0x0A, 0x39, 0x0A, 0x6F, 0x6F,
  0x73, 0x73, 0x73, 0x73, 0x6F, 0x73, 0x73, 0x73, 0x73, 0x73, 0x80, 0x80, 0x73, 0x73, 0x73, 0x73,
  0x73, 0x73, 0x73, 0x80, 0x80, 0x80, 0x80, 0x80, 0x80, 0xDC, 0x77, 0xDC, 0x80, 0x80, 0x80, 0x80,
  0x80, 0x80, 0x80, 0x80, 0x80, 0x80, 0xDC, 0x80, 0x80, 0xDC, 0xDC, 0x80, 0x80, 0x80, 0x20, 0x80,
  0x80, 0x80, 0x80, 0x80, 0x80, 0x80, 0x80, 0x80, 0x80, 0x80, 0x80, 0x80, 0x80, 0x73, 0x73, 0x73,
  0x73, 0x73, 0x6F, 0x6F, 0x6F, 0x6F, 0x6F, 0x6F, 0x6F, 0x6F, 0x6F, 0x6F, 0x6F, 0x6F, 0x0A, 0xD7,
  0xD7, 0x0A, 0x0A, 0x0A, 0x0A, 0x0A, 0x0A, 0xC2, 0x0A, 0x0A, 0x39, 0x0A, 0xBA, 0xC2, 0xD7, 0x08,
  0x0A, 0xD7, 0xD7, 0x1A, 0x07, 0x0A, 0xD7, 0x0A, 0x1A, 0x18, 0x05, 0x05, 0x05, 0x05, 0x07, 0x1A,
  0x1A, 0xE0, 0x0A, 0x1A, 0x07, 0x07, 0x39, 0x05, 0x19, 0x11, 0x11, 0x11, 0x11, 0x11, 0x11, 0x11,
  0x11, 0x09, 0x1D, 0x1D, 0x1E, 0x1D, 0x1D, 0x1E, 0x11, 0x19, 0x19, 0x05, 0x19, 0x19, 0x19, 0x05,
  0x61, 0x05, 0x05, 0x05, 0x05, 0x39, 0x07, 0x05, 0x05, 0x05, 0x05, 0x07, 0x01, 0x12, 0x12, 0x14,
  0x0B, 0x12, 0x12, 0x0B, 0x05, 0x05, 0x05, 0x05, 0x05, 0x05, 0x05, 0x05, 0x05, 0x05, 0x05, 0x05,
  0x05, 0x05, 0x05, 0x05, 0x05, 0x05, 0x07, 0x39, 0x05, 0x05, 0x05, 0x61, 0x05, 0x1A, 0xE0, 0xD7,
  0xC2, 0xC2, 0xE0, 0x1A, 0x18, 0x1A, 0x1A, 0xE0, 0xE0, 0x0A, 0x1A, 0x1A, 0x1A, 0xC2, 0xD7, 0x0A,
  0x1A, 0x1A, 0x1A, 0x1A, 0x1A, 0xE0, 0x0A, 0x1A, 0x1A, 0x39, 0xD7, 0x36, 0xC2, 0xC2, 0x39, 0x39,
  0x0A, 0x39, 0x39, 0x0A, 0x0A, 0x0A, 0x0A, 0x0A, 0x0A, 0x0A, 0x6F, 0x6F, 0x6F, 0x73, 0x73, 0x73,
  0x73, 0x73, 0x73, 0x80, 0x73, 0x80, 0x80, 0x80, 0x80, 0x80, 0x77, 0x77, 0x77, 0x77, 0x77, 0xDC,
  0xDC, 0x77, 0x77, 0x77, 0x77, 0x77, 0xF7, 0xF7, 0x77, 0x77, 0x77, 0xF7, 0x77, 0xF7, 0xF7, 0x77,
  0x77, 0x77, 0x77, 0x77, 0xF7, 0x21, 0x77, 0x77, 0x77, 0xF4, 0xF4, 0xF7, 0xF7, 0xF7, 0xF7, 0xF7,
  0x77, 0xF7, 0x77, 0x77, 0x77, 0x77, 0x77, 0x77, 0x77, 0x77, 0x80, 0x77, 0x77, 0x80, 0x80, 0x80,
  0x73, 0x80, 0x80, 0x80, 0x80, 0x73, 0x73, 0x73, 0x73, 0x73, 0x73, 0x73, 0x73, 0x6F, 0x6F, 0x6F,
  0xB8, 0x20, 0xD7, 0x0A, 0x39, 0x39, 0x0A, 0x0A, 0xD7, 0xD7, 0x0A, 0x0A, 0xBA, 0x0A, 0x0A, 0x1A,
  0x0A, 0x0A, 0x0A, 0x39, 0x61, 0x39, 0x0A, 0x61, 0x05, 0x61, 0x05, 0x05, 0x07, 0x07, 0x07, 0x1A,
  0x08, 0x0A, 0x0A, 0x18, 0x61, 0x08, 0xE0, 0x09, 0x61, 0x61, 0x11, 0x11, 0x11, 0x11, 0x11, 0x11,
  0x09, 0x09, 0x11, 0x11, 0x11, 0x11, 0x04, 0x19, 0x04, 0x04, 0x19, 0x19, 0x19, 0x19, 0x19, 0x61,
  0x61, 0x05, 0x07, 0x05, 0x07, 0x08, 0x07, 0x05, 0x05, 0x05, 0x05, 0x06, 0x12, 0x12, 0x12, 0x14,
  0x0B, 0x12, 0x12, 0x12, 0x06, 0x05, 0x05, 0x05, 0x05, 0x05, 0x05, 0x05, 0x05, 0x05, 0x18, 0x07,
  0x05, 0x05, 0x05, 0x05, 0x05, 0x05, 0x05, 0x07, 0x18, 0x39, 0x08, 0x05, 0x05, 0x05, 0x1A, 0x08,
  0xE0, 0xE0, 0xBA, 0x1A, 0x18, 0x18, 0x1A, 0x1A, 0x1A, 0x39, 0x1A, 0x1A, 0x39, 0xE0, 0xBA, 0x39,
  0x39, 0x1A, 0x39, 0x1A, 0x1A, 0x1A, 0x0A, 0x1A, 0x1A, 0x1A, 0xC2, 0x36, 0xD7, 0xBA, 0x0A, 0x39,
  0x39, 0x39, 0x39, 0x0A, 0x0A, 0x0A, 0x0A, 0x0A, 0x0A, 0x0A, 0x6F, 0x6F, 0x6F, 0x6F, 0x6F, 0x6F,
  0x6E, 0x6E, 0x73, 0x73, 0x73, 0x80, 0x80, 0x80, 0x77, 0x77, 0x80, 0x80, 0x80, 0x77, 0x77, 0x77,
  0xF7, 0xF7, 0x77, 0x77, 0x77, 0x77, 0x77, 0x77, 0x77, 0x77, 0x77, 0x77, 0x77, 0x77, 0x77, 0x77,
  0x77, 0x77, 0x77, 0x77, 0xF7, 0xF7, 0xF7, 0x77, 0xF7, 0xF7, 0xF7, 0x77, 0x77, 0xF7, 0xF7, 0x77,
  0xDC, 0xDC, 0xDC, 0x80, 0x80, 0x80, 0xDC, 0x80, 0xDC, 0x77, 0x80, 0x80, 0x80, 0x73, 0x73, 0x73,
  0x80, 0x73, 0x73, 0x73, 0x80, 0x73, 0x6E, 0x73, 0x80, 0x50, 0x73, 0x6F, 0x6F, 0x0A, 0x0A, 0x0A,
  0xD7, 0x6F, 0x0A, 0x0A, 0x0A, 0x0A, 0x1A, 0x39, 0x0A, 0x0A, 0x1A, 0xE0, 0x0A, 0x1A, 0x1A, 0x1A,
  0x0A, 0x0A, 0x0A, 0x1A, 0x1A, 0x1A, 0x39, 0x39, 0x39, 0x39, 0x39, 0x1A, 0x1A, 0x1A, 0x1A, 0x1A,
  0x1A, 0x08, 0x1A, 0x18, 0x39, 0x1A, 0x1A, 0x08, 0x07, 0x05, 0x05, 0x11, 0x11, 0x11, 0x11, 0x11,
  0x09, 0x09, 0x09, 0x11, 0x11, 0x11, 0x11, 0x11, 0x04, 0x04, 0x04, 0x19, 0x05, 0x05, 0x05, 0x05,
  0x05, 0x11, 0x07, 0x05, 0x05, 0x18, 0x18, 0x05, 0x05, 0x05, 0x05, 0x3F, 0x12, 0x12, 0x12, 0x14,
  0x0B, 0x12, 0x12, 0x12, 0x3F, 0x05, 0x05, 0x05, 0x05, 0x61, 0x05, 0x61, 0x61, 0x05, 0x05, 0x18,
  0x05, 0x05, 0x05, 0x05, 0x05, 0x05, 0x18, 0x18, 0x18, 0x18, 0x07, 0x05, 0x05, 0x05, 0x05, 0x18,
  0x18, 0x1A, 0x08, 0x18, 0x05, 0x05, 0x18, 0x18, 0x18, 0x07, 0x07, 0x1A, 0x1A, 0x39, 0x39, 0x39,
  0x39, 0x1A, 0x0A, 0x1A, 0x1A, 0x1A, 0x1A, 0x1A, 0x1A, 0x1A, 0x1A, 0xC2, 0xD7, 0xE0, 0x1A, 0x1A,
  0x39, 0x39, 0x39, 0x0A, 0x0A, 0x0A, 0x0A, 0x0A, 0x0A, 0x0A, 0x0A, 0x6F, 0x6F, 0x6F, 0x6F, 0x6F,
  0x6F, 0x6F, 0x73, 0x73, 0x73, 0x73, 0x80, 0x80, 0x80, 0x80, 0x80, 0x80, 0x80, 0x80, 0x80, 0x77,
  0x77, 0x77, 0x80, 0x77, 0x80, 0x80, 0x80, 0x77, 0x77, 0xF7, 0x77, 0x77, 0x77, 0xDC, 0x77, 0x77,
  0xF7, 0x77, 0x77, 0xF7, 0xF7, 0xF7, 0xF4, 0xF7, 0xF7, 0x77, 0x77, 0x77, 0xDC, 0xDC, 0x77, 0xDC,
  0x80, 0x80, 0x80, 0x80, 0x80, 0x77, 0x77, 0x80, 0x80, 0x80, 0x80, 0x80, 0x80, 0x80, 0x80, 0x80,
  0x73, 0x73, 0x80, 0x73, 0x73, 0x73, 0x73, 0x73, 0x73, 0x73, 0x6F, 0x6F, 0x6F, 0x6F, 0x6F, 0x0A,
  0x0A, 0x39, 0x39, 0x0A, 0xBA, 0x0A, 0x1A, 0x1A, 0x0A, 0x0A, 0x39, 0x0A, 0x39, 0x1A, 0x1A, 0x1A,
  0x1A, 0x1A, 0x1A, 0x1A, 0x1A, 0x1A, 0x1A, 0x1A, 0x1A, 0x39, 0x1A, 0x1A, 0x1A, 0x1A, 0x1A, 0x18,
  0x18, 0x1A, 0x18, 0x18, 0x07, 0x1A, 0x1A, 0x39, 0x07, 0x05, 0x05, 0x04, 0x05, 0x05, 0x11, 0x11,
  0x11, 0x11, 0x11, 0x11, 0x11, 0x11, 0x11, 0x11, 0x04, 0x04, 0x04, 0x19, 0x61, 0x61, 0x05, 0x05,
  0x05, 0x07, 0x05, 0x05, 0x05, 0x05, 0x05, 0x05, 0x05, 0x05, 0x06, 0x12, 0x12, 0x12, 0x12, 0x14,
  0x0B, 0x01, 0x01, 0x12, 0x12, 0x06, 0x05, 0x05, 0x05, 0x05, 0x61, 0x61, 0x05, 0x05, 0x05, 0x05,
  0x05, 0x05, 0x05, 0x05, 0x05, 0x05, 0x05, 0x05, 0x05, 0x05, 0x05, 0x05, 0x05, 0x05, 0x05, 0x05,
  0x05, 0x05, 0x18, 0x18, 0x18, 0x18, 0x05, 0x39, 0x07, 0x1A, 0x39, 0x39, 0x39, 0x1A, 0x1A, 0x1A,
  0x1A, 0x1A, 0x1A, 0x1A, 0x1A, 0x0A, 0x1A, 0x39, 0x39, 0x39, 0x1A, 0x1A, 0x1A, 0x0A, 0x39, 0x39,
  0x0A, 0x39, 0x39, 0x39, 0x0A, 0x0A, 0x0A, 0x0A, 0x0A, 0x6F, 0x0A, 0x6F, 0x6F, 0x6F, 0x6F, 0x73,
  0x73, 0x73, 0x73, 0x73, 0x80, 0x73, 0x80, 0x80, 0x80, 0x80, 0x80, 0x80, 0x80, 0x80, 0x80, 0x80,
  0xDC, 0x77, 0xDC, 0xDC, 0xDC, 0xDC, 0x77, 0xDC, 0xDC, 0x77, 0x77, 0x77, 0x77, 0x80, 0x80, 0x77,
  0x77, 0x77, 0x77, 0x77, 0x77, 0x77, 0xDC, 0xDC, 0xDC, 0x77, 0x77, 0x77, 0xDC, 0x80, 0x77, 0x77,
  0x80, 0x80, 0x77, 0x77, 0x77, 0x80, 0xDC, 0x80, 0x80, 0x80, 0x80, 0x80, 0x80, 0x80, 0x80, 0x80,
  0x73, 0x73, 0x73, 0x73, 0x73, 0x73, 0x73, 0x73, 0x73, 0x73, 0x6F, 0x6F, 0x6F, 0x6F, 0x6F, 0x0A,
  0x0A, 0x0A, 0x0A, 0x0A, 0x0A, 0x39, 0x0A, 0x0A, 0x0A, 0x0A, 0x1A, 0x1A, 0x39, 0x39, 0x39, 0x1A,
  0x1A, 0x1A, 0x39, 0x1A, 0x1A, 0x1A, 0x1A, 0x1A, 0x39, 0x39, 0x39, 0x1A, 0x1A, 0x1A, 0x1A, 0x07,
  0x05, 0x05, 0x05, 0x39, 0x07, 0x1A, 0x39, 0x39, 0x39, 0x05, 0x05, 0x05, 0x05, 0x19, 0x19, 0x11,
  0x11, 0x11, 0x11, 0x11, 0x11, 0x11, 0x19, 0x19, 0x19, 0x19, 0x05, 0x05, 0x61, 0x05, 0x05, 0x05,
  0x05, 0x05, 0x05, 0x05, 0x05, 0x05, 0x05, 0x05, 0x05, 0x07, 0x3F, 0x12, 0x12, 0x12, 0x12, 0x51,
  0x58, 0x3F, 0x12, 0x12, 0x12, 0x0B, 0x9C, 0x07, 0x15, 0x05, 0x05, 0x05, 0x05, 0x05, 0x05, 0x05,
  0x05, 0x05, 0x05, 0x05, 0x05, 0x05, 0x05, 0x05, 0x05, 0x05, 0x05, 0x05, 0x05, 0x05, 0x05, 0x05,
  0x07, 0x05, 0x05, 0x05, 0x18, 0x05, 0x05, 0x05, 0x07, 0x07, 0x07, 0x07, 0x07, 0x07, 0x07, 0x07,
  0x07, 0x1A, 0x07, 0x07, 0x07, 0x07, 0x07, 0x07, 0x07, 0x07, 0x07, 0x07, 0x07, 0x07, 0x07, 0x07,
  0x08, 0x1A, 0x07, 0x39, 0x11, 0x0A, 0x09, 0x09, 0x0A, 0x09, 0x09, 0x09, 0x09, 0x1F, 0x1F, 0x1F,
  0x1F, 0x1F, 0x1F, 0x1F, 0x1F, 0x1F, 0x1F, 0x1F, 0x73, 0x50, 0x50, 0x50, 0x50, 0x50, 0x50, 0x50,
  0x50, 0x50, 0x50, 0x50, 0x20, 0x50, 0x50, 0x50, 0x50, 0x50, 0x50, 0x50, 0x50, 0x50, 0x50, 0x50,
  0x50, 0x50, 0x50, 0x50, 0x50, 0x50, 0x50, 0x50, 0x50, 0x50, 0x50, 0x50, 0x50, 0x50, 0x20, 0x50,
  0x50, 0x50, 0x20, 0x50, 0x50, 0x50, 0x50, 0x50, 0xB8, 0xB8, 0xB8, 0x50, 0xB8, 0xB8, 0xB8, 0xB8,
  0xB8, 0xB8, 0x1F, 0xB8, 0xB8, 0xB8, 0x1F, 0x1F, 0x1F, 0x1F, 0x1F, 0x1F, 0x1F, 0x1F, 0x09, 0x0A,
  0x11, 0x11, 0x0A, 0x08, 0x1A, 0x1A, 0x1A, 0x1A, 0x08, 0x08, 0x07, 0x07, 0x07, 0x07, 0x07, 0x07,
  0x07, 0x07, 0x07, 0x07, 0x07, 0x07, 0x07, 0x07, 0x07, 0x07, 0x07, 0x07, 0x07, 0x07, 0x07, 0x07,
  0x05, 0x05, 0x05, 0x05, 0x05, 0x07, 0x07, 0x07, 0x05, 0x07, 0x07, 0x07, 0x05, 0x05, 0x04, 0x04,
  0x04, 0x04, 0x04, 0x04, 0x04, 0x04, 0x05, 0x05, 0x05, 0x05, 0x05, 0x05, 0x05, 0x05, 0x05, 0x05,
  0x05, 0x05, 0x05, 0x05, 0x05, 0x05, 0x05, 0x05, 0x06, 0x0B, 0x12, 0x12, 0x12, 0x12, 0x01, 0x5D,
  0x9D, 0x0B, 0x12, 0x12, 0x12, 0x01, 0x01, 0x3F, 0x3F, 0x06, 0x06, 0x06, 0x06, 0x06, 0x06, 0x06,
  0x06, 0x06, 0x06, 0x06, 0x06, 0x06, 0x06, 0x06, 0x06, 0x06, 0x06, 0x06, 0x06, 0x06, 0x06, 0x06,
  0x06, 0x06, 0x06, 0x06, 0x06, 0x06, 0x06, 0x06, 0x06, 0x06, 0x06, 0x06, 0x06, 0x06, 0x06, 0x06,
  0x06, 0x06, 0x06, 0x06, 0x06, 0x06, 0x06, 0x06, 0x06, 0x06, 0x06, 0x06, 0x06, 0x06, 0x06, 0x06,
  0x06, 0x06, 0x06, 0x06, 0x06, 0x06, 0x06, 0x06, 0x06, 0x06, 0x06, 0x06, 0x06, 0x06, 0x06, 0x06,
  0x06, 0x06, 0x06, 0x06, 0x06, 0x06, 0x06, 0x06, 0x06, 0x06, 0x06, 0x06, 0x08, 0x06, 0x06, 0x08,
  0x06, 0x06, 0x06, 0x06, 0x08, 0x08, 0x08, 0x08, 0x06, 0x08, 0x08, 0x08, 0x08, 0x08, 0x08, 0x08,
  0x08, 0x08, 0x08, 0x08, 0x09, 0x09, 0x08, 0x06, 0x06, 0x06, 0x06, 0x06, 0x08, 0x08, 0x09, 0x06,
  0x08, 0x08, 0x08, 0x08, 0x09, 0x09, 0x09, 0x09, 0x08, 0x08, 0x08, 0x06, 0x06, 0x06, 0x06, 0x06,
  0x06, 0x06, 0x08, 0x06, 0x08, 0x06, 0x09, 0x08, 0x06, 0x06, 0x06, 0x06, 0x09, 0x06, 0x06, 0x06,
  0x06, 0x06, 0x06, 0x06, 0x06, 0x06, 0x06, 0x06, 0x06, 0x06, 0x06, 0x06, 0x06, 0x06, 0x06, 0x06,
  0x06, 0x06, 0x06, 0x06, 0x06, 0x06, 0x06, 0x06, 0x06, 0x06, 0x06, 0x06, 0x06, 0x06, 0x06, 0x06,
  0x06, 0x06, 0x06, 0x06, 0x06, 0x06, 0x06, 0x06, 0x06, 0x06, 0x06, 0x06, 0x06, 0x06, 0x06, 0x06,
  0x06, 0x06, 0x06, 0x06, 0x06, 0x06, 0x06, 0x06, 0x06, 0x06, 0x06, 0x06, 0x06, 0x06, 0x06, 0x06,
  0x06, 0x06, 0x06, 0x06, 0x06, 0x06, 0x06, 0x3F, 0x12, 0x12, 0x12, 0x12, 0x12, 0x12, 0x12, 0xB7,
  0x69, 0x51, 0x3F, 0x12, 0x01, 0x01, 0x12, 0x01, 0x12, 0x12, 0x12, 0x12, 0x12, 0x12, 0x12, 0x12,
  0x12, 0x12, 0x12, 0x12, 0x01, 0x01, 0x01, 0x01, 0x01, 0x01, 0x01, 0x12, 0x12, 0x12, 0x12, 0x12,
  0x12, 0x12, 0x12, 0x12, 0x12, 0x12, 0x12, 0x12, 0x12, 0x12, 0x12, 0x12, 0x12, 0x12, 0x12, 0x12,
  0x12, 0x12, 0x12, 0x12, 0x12, 0x12, 0x12, 0x12, 0x12, 0x12, 0x12, 0x12, 0x12, 0x12, 0x12, 0x12,
  0x12, 0x12, 0x12, 0x12, 0x12, 0x12, 0x12, 0x12, 0x12, 0x12, 0x12, 0x12, 0x12, 0x12, 0x12, 0x01,
  0x01, 0x01, 0x01, 0x12, 0x01, 0x01, 0x01, 0x01, 0x01, 0x01, 0x01, 0x01, 0x8A, 0x8A, 0x12, 0x12,
  0x12, 0x12, 0x12, 0x12, 0x12, 0x12, 0x12, 0x12, 0x12, 0x8A, 0x01, 0x8A, 0x12, 0x12, 0x8A, 0x01,
  0x01, 0x0B, 0x0B, 0x0B, 0x0B, 0x01, 0x01, 0x01, 0x01, 0x01, 0x01, 0x01, 0x01, 0x01, 0x8A, 0x01,
  0x01, 0x8A, 0x01, 0x8A, 0x8A, 0x8A, 0x8A, 0x12, 0x12, 0x8A, 0x01, 0x01, 0x01, 0x01, 0x01, 0x01,
  0x01, 0x01, 0x01, 0x01, 0x12, 0x01, 0x01, 0x01, 0x01, 0x12, 0x12, 0x12, 0x12, 0x12, 0x12, 0x12,
  0x12, 0x12, 0x12, 0x12, 0x12, 0x12, 0x01, 0x12, 0x12, 0x12, 0x12, 0x12, 0x12, 0x01, 0x01, 0x01,
  0x01, 0x01, 0x01, 0x01, 0x01, 0x12, 0x12, 0x12, 0x12, 0x12, 0x12, 0x12, 0x12, 0x12, 0x12, 0x01,
  0x01, 0x01, 0x01, 0x12, 0x12, 0x12, 0x12, 0x12, 0x12, 0x12, 0x12, 0x12, 0x12, 0x12, 0x12, 0x12,
  0x12, 0x12, 0x12, 0x12, 0x12, 0x12, 0x12, 0x12, 0x12, 0x12, 0x12, 0x12, 0x12, 0x12, 0x12, 0x12,
  0x12, 0x12, 0x12, 0x12, 0x12, 0x12, 0x12, 0x12, 0x12, 0x12, 0x12, 0x12, 0x12, 0x3F, 0x5D, 0x9B,
  0x9B, 0x70, 0x0B, 0x3F, 0x12, 0x12, 0x01, 0x12, 0x12, 0x12, 0x12, 0x01, 0x12, 0x12, 0x12, 0x12,
  0x12, 0x12, 0x12, 0x12, 0x12, 0x01, 0x12, 0x01, 0x12, 0x12, 0x12, 0x12, 0x12, 0x12, 0x01, 0x12,
  0x01, 0x12, 0x01, 0x12, 0x12, 0x01, 0x12, 0x12, 0x12, 0x12, 0x01, 0x12, 0x12, 0x12, 0x12, 0x12,
  0x12, 0x12, 0x12, 0x12, 0x12, 0x12, 0x12, 0x12, 0x12, 0x12, 0x12, 0x12, 0x12, 0x12, 0x12, 0x12,
  0x12, 0x12, 0x12, 0x12, 0x12, 0x12, 0x12, 0x12, 0x12, 0x01, 0x01, 0x01, 0x01, 0x01, 0x01, 0x01,
  0x01, 0x01, 0x01, 0x01, 0x01, 0x01, 0x01, 0x01, 0x01, 0x01, 0x01, 0x01, 0x01, 0x12, 0x01, 0x01,
  0x12, 0x12, 0x12, 0x12, 0x12, 0x01, 0x01, 0x01, 0x12, 0x12, 0x01, 0x01, 0x12, 0x12, 0x12, 0x12,
  0x01, 0x01, 0x01, 0x01, 0x01, 0x01, 0x01, 0x01, 0x01, 0x01, 0x12, 0x01, 0x01, 0x12, 0x01, 0x12,
  0x01, 0x01, 0x01, 0x12, 0x12, 0x12, 0x12, 0x12, 0x01, 0x01, 0x01, 0x01, 0x01, 0x01, 0x01, 0x01,
  0x01, 0x01, 0x01, 0x01, 0x01, 0x01, 0x01, 0x01, 0x12, 0x01, 0x01, 0x12, 0x01, 0x12, 0x12, 0x01,
  0x01, 0x01, 0x01, 0x01, 0x12, 0x12, 0x12, 0x12, 0x01, 0x12, 0x12, 0x12, 0x01, 0x01, 0x01, 0x01,
  0x12, 0x12, 0x12, 0x12, 0x12, 0x12, 0x12, 0x12, 0x12, 0x12, 0x12, 0x12, 0x12, 0x12, 0x12, 0x12,
  0x12, 0x12, 0x01, 0x12, 0x12, 0x12, 0x12, 0x12, 0x12, 0x12, 0x12, 0x12, 0x12, 0x12, 0x12, 0x12,
  0x12, 0x12, 0x12, 0x12, 0x12, 0x12, 0x12, 0x12, 0x01, 0x12, 0x12, 0x12, 0x12, 0x12, 0x12, 0x01,
  0x12, 0x12, 0x12, 0x12, 0x12, 0x12, 0x12, 0x12, 0x12, 0x12, 0x12, 0x12, 0x3F, 0x89, 0x69, 0x9B,
  0xAA, 0x9B, 0xE6, 0x51, 0x0B, 0x0B, 0x12, 0x12, 0x12, 0x12, 0x12, 0x12, 0x12, 0x12, 0x12, 0x12,
  0x12, 0x12, 0x12, 0x12, 0x12, 0x12, 0x12, 0x12, 0x12, 0x12, 0x12, 0x12, 0x12, 0x12, 0x12, 0x12,
  0x12, 0x12, 0x12, 0x12, 0x12, 0x12, 0x12, 0x12, 0x01, 0x01, 0x12, 0x12, 0x12, 0x12, 0x12, 0x12,
  0x12, 0x12, 0x12, 0x12, 0x12, 0x12, 0x12, 0x12, 0x12, 0x12, 0x12, 0x12, 0x12, 0x12, 0x12, 0x12,
  0x12, 0x12, 0x12, 0x12, 0x12, 0x12, 0x12, 0x12, 0x12, 0x01, 0x12, 0x01, 0x01, 0x01, 0x01, 0x01,
  0x01, 0x01, 0x01, 0x01, 0x01, 0x01, 0x01, 0x01, 0x01, 0x01, 0x01, 0x01, 0x01, 0x01, 0x01, 0x01,
  0x01, 0x01, 0x01, 0x12, 0x01, 0x01, 0x01, 0x01, 0x12, 0x12, 0x12, 0x12, 0x12, 0x01, 0x01, 0x12,
  0x01, 0x12, 0x12, 0x01, 0x01, 0x12, 0x12, 0x12, 0x12, 0x01, 0x01, 0x12, 0x01, 0x01, 0x01, 0x12,
  0x01, 0x01, 0x01, 0x01, 0x01, 0x12, 0x01, 0x01, 0x01, 0x01, 0x01, 0x01, 0x01, 0x01, 0x01, 0x01,
  0x01, 0x01, 0x01, 0x01, 0x01, 0x01, 0x01, 0x01, 0x01, 0x01, 0x01, 0x12, 0x01, 0x01, 0x12, 0x12,
  0x12, 0x12, 0x12, 0x12, 0x12, 0x12, 0x12, 0x01, 0x12, 0x12, 0x01, 0x12, 0x12, 0x12, 0x12, 0x12,
  0x12, 0x12, 0x12, 0x12, 0x12, 0x12, 0x12, 0x12, 0x12, 0x12, 0x12, 0x12, 0x12, 0x12, 0x12, 0x12,
  0x12, 0x12, 0x12, 0x12, 0x12, 0x12, 0x12, 0x12, 0x12, 0x12, 0x12, 0x12, 0x12, 0x12, 0x12, 0x12,
  0x12, 0x12, 0x12, 0x12, 0x12, 0x12, 0x12, 0x12, 0x12, 0x12, 0x12, 0x12, 0x12, 0x12, 0x12, 0x12,
  0x12, 0x12, 0x12, 0x12, 0x12, 0x12, 0x12, 0x12, 0x12, 0x12, 0x12, 0x0B, 0x51, 0x70, 0x9B, 0x9B,
  0xAA, 0x9A, 0x9A, 0x69, 0xA3, 0x14, 0x12, 0x12, 0x12, 0x12, 0x12, 0x0B, 0x0B, 0x12, 0x12, 0x12,
  0x12, 0x12, 0x12, 0x12, 0x12, 0x12, 0x12, 0x12, 0x12, 0x0B, 0x0B, 0x0B, 0x12, 0x12, 0x12, 0x12,
  0x12, 0x12, 0x0B, 0x0B, 0x0B, 0x0B, 0x0B, 0x0B, 0x0B, 0x0B, 0x0B, 0x0B, 0x12, 0x12, 0x12, 0x12,
  0x12, 0x12, 0x12, 0x12, 0x12, 0x12, 0x12, 0x12, 0x12, 0x12, 0x12, 0x12, 0x12, 0x12, 0x12, 0x12,
  0x12, 0x12, 0x12, 0x12, 0x12, 0x12, 0x12, 0x12, 0x0B, 0x0B, 0x0B, 0x0B, 0x0B, 0x0B, 0x0B, 0x0B,
  0x0B, 0x0B, 0x0B, 0x0B, 0x0B, 0x0B, 0x0B, 0x0B, 0x0B, 0x0B, 0x0B, 0x0B, 0x0B, 0x0B, 0x0B, 0x0B,
  0x0B, 0x0B, 0x0B, 0x0B, 0x0B, 0x0B, 0x0B, 0x0B, 0x0B, 0x0B, 0x0B, 0x0B, 0x0B, 0x0B, 0x0B, 0x0B,
  0x0B, 0x0B, 0x0B, 0x0B, 0x0B, 0x0B, 0x0B, 0x0B, 0x0B, 0x0B, 0x0B, 0x0B, 0x0B, 0x0B, 0x0B, 0x0B,
  0x0B, 0x0B, 0x0B, 0x0B, 0x0B, 0x0B, 0x0B, 0x0B, 0x0B, 0x0B, 0x0B, 0x0B, 0x0B, 0x0B, 0x0B, 0x0B,
  0x0B, 0x0B, 0x0B, 0x0B, 0x0B, 0x0B, 0x0B, 0x0B, 0x0B, 0x0B, 0x0B, 0x0B, 0x0B, 0x0B, 0x0B, 0x0B,
  0x0B, 0x0B, 0x0B, 0x0B, 0x0B, 0x0B, 0x12, 0x0B, 0x0B, 0x0B, 0x0B, 0x0B, 0x12, 0x0B, 0x0B, 0x0B,
  0x0B, 0x0B, 0x0B, 0x0B, 0x12, 0x12, 0x12, 0x12, 0x12, 0x12, 0x12, 0x12, 0x12, 0x12, 0x12, 0x0B,
  0x0B, 0x0B, 0x0B, 0x0B, 0x12, 0x12, 0x12, 0x12, 0x12, 0x12, 0x12, 0x12, 0x12, 0x12, 0x12, 0x12,
  0x12, 0x12, 0x12, 0x12, 0x12, 0x12, 0x12, 0x12, 0x12, 0x12, 0x12, 0x12, 0x12, 0x12, 0x12, 0x12,
  0x12, 0x12, 0x12, 0x12, 0x12, 0x12, 0x12, 0x12, 0x12, 0x13, 0x51, 0x4B, 0x9A, 0x9B, 0x9A, 0x9B,
};

static const uint8_t catbus_cross_bgMask[9600] PROGMEM = {
  0xFF, 0xFF, 0xFF, 0xFF, 0xFF, 0xFF, 0xFF, 0xFF, 0xFF, 0xFF, 0xFF, 0xFF, 0xFF, 0xFF, 0xFF, 0xFF,
  0xFF, 0xFF, 0xFF, 0xFF, 0xFF, 0xFF, 0xFF, 0xFF, 0xFF, 0xFF, 0xFF, 0xFF, 0xFF, 0xFF, 0xFF, 0xFF,
  0xFF, 0xFF, 0xFF, 0xFF, 0xFF, 0xFF, 0xFF, 0xFF, 0xFF, 0xFF, 0xFF, 0xFF, 0xFF, 0xFF, 0xFF, 0xFF,
  0xFF, 0xFF, 0xFF, 0xFF, 0xFF, 0xFF, 0xFF, 0xFF, 0xFF, 0xFF, 0xFF, 0xFF, 0xFF, 0xFF, 0xFF, 0xFF,
  0xFF, 0xFF, 0xFF, 0xFF, 0xFF, 0xFF, 0xFF, 0xFF, 0xFF, 0xFF, 0xFF, 0xFF, 0xFF, 0xFF, 0xFF, 0xFF,
  0xFF, 0xFF, 0xFF, 0xFF, 0xFF, 0xFF, 0xFF, 0xFF, 0xFF, 0xFF, 0xFF, 0xFF, 0xFF, 0xFF, 0xFF, 0xFF,
  0xFF, 0xFF, 0xFF, 0xFF, 0xFF, 0xFF, 0xFF, 0xFF, 0xFF, 0xFF, 0xFF, 0xFF, 0xFF, 0xFF, 0xFF, 0xFF,
  0xFF, 0xFF, 0xFF, 0xFF, 0xFF, 0xFF, 0xFF, 0xFF, 0xFF, 0xFF, 0xFF, 0xFF, 0xFF, 0xFF, 0xFF, 0xFF,
  0xFF, 0xFF, 0xFF, 0xFF, 0xFF, 0xFF, 0xFF, 0xFF, 0xFF, 0xFF, 0xFF, 0xFF, 0xFF, 0xFF, 0xFF, 0xFF,
  0xFF, 0xFF, 0xFF, 0xFF, 0xFF, 0xFF, 0xFF, 0xFF, 0xFF, 0xFF, 0xFF, 0xFF, 0xFF, 0xFF, 0xFF, 0xFF,
  0xFF, 0xFF, 0xFF, 0xFF, 0xFF, 0xFF, 0xFF, 0xFF, 0xFF, 0xFF, 0xFF, 0xFF, 0xFF, 0xFF, 0xFF, 0xFF,
  0xFF, 0xFF, 0xFF, 0xFF, 0xFF, 0xFF, 0xFF, 0xFF, 0xFF, 0xFF, 0xFF, 0xFF, 0xFF, 0xFF, 0xFF, 0xFF,
  0xFF, 0xFF, 0xFF, 0xFF, 0xFF, 0xFF, 0xFF, 0xFF, 0xFF, 0xFF, 0xFF, 0xFF, 0xFF, 0xFF, 0xFF, 0xFF,
  0xFF, 0xFF, 0xFF, 0xFF, 0xFF, 0xFF, 0xFF, 0xFF, 0xFF, 0xFF, 0xFF, 0xFF, 0xFF, 0xFF, 0xFF, 0xFF,
  0xFF, 0xFF, 0xFF, 0xFF, 0xFF, 0xFF, 0xFF, 0xFF, 0xFF, 0xFF, 0xFF, 0xFF, 0xFF, 0xFF, 0xFF, 0xFF,
  0xFF, 0xFF, 0xFF, 0xFF, 0xFF, 0xFF, 0xFF, 0xFF, 0xFF, 0xFF, 0xFF, 0xFF, 0xFF, 0xFF, 0xFF, 0xFF,
  0xFF, 0xFF, 0xFF, 0xFF, 0xFF, 0xFF, 0xFF, 0xFF, 0xFF, 0xFF, 0xFF, 0xFF, 0xFF, 0xFF, 0xFF, 0xFF,
  0xFF, 0xFF, 0xFF, 0xFF, 0xFF, 0xFF, 0xFF, 0xFF, 0xFF, 0xFF, 0xFF, 0xFF, 0xFF, 0xFF, 0xFF, 0xFF,
  0xFF, 0xFF, 0xFF, 0xFF, 0xFF, 0xFF, 0xFF, 0xFF, 0xFF, 0xFF, 0xFF, 0xFF, 0xFF, 0xFF, 0xFF, 0xFF,
  0xFF, 0xFF, 0xFF, 0xFF, 0xFF, 0xFF, 0xFF, 0xFF, 0xFF, 0xFF, 0xFF, 0xFF, 0xFF, 0xFF, 0xFF, 0xFF,
  0xFF, 0xFF, 0xFF, 0xFF, 0xFF, 0xFF, 0xFF, 0xFF, 0xFF, 0xFF, 0xFF, 0xFF, 0xFF, 0xFF, 0xFF, 0xFF,
  0xFF, 0xFF, 0xFF, 0xFF, 0xFF, 0xFF, 0xFF, 0xFF, 0xFF, 0xFF, 0xFF, 0xFF, 0xFF, 0xFF, 0xFF, 0xFF,
  0xFF, 0xFF, 0xFF, 0xFF, 0xFF, 0xFF, 0xFF, 0xFF, 0xFF, 0xFF, 0xFF, 0xFF, 0xFF, 0xFF, 0xFF, 0xFF,
  0xFF, 0xFF, 0xFF, 0xFF, 0xFF, 0xFF, 0xFF, 0xFF, 0xFF, 0xFF, 0xFF, 0xFF, 0xFF, 0xFF, 0xFF, 0xFF,
  0xFF, 0xFF, 0xFF, 0xFF, 0xFF, 0xFF, 0xFF, 0xFF, 0xFF, 0xFF, 0xFF, 0xFF, 0xFF, 0xFF, 0xFF, 0xFF,
  0xFF, 0xFF, 0xFF, 0xFF, 0xFF, 0xFF, 0xFF, 0xFF, 0xFF, 0xFF, 0xFF, 0xFF, 0xFF, 0xFF, 0xFF, 0xFF,
  0xFF, 0xFF, 0xFF, 0xFF, 0xFF, 0xFF, 0xFF, 0xFF, 0xFF, 0xFF, 0xFF, 0xFF, 0xFF, 0xFF, 0xFF, 0xFF,
  0xFF, 0xFF, 0xFF, 0xFF, 0xFF, 0xFF, 0xFF, 0xFF, 0xFF, 0xFF, 0xFF, 0xFF, 0xFF, 0xFF, 0xFF, 0xFF,
  0xFF, 0xFF, 0xFF, 0xFF, 0xFF, 0xFF, 0xFF, 0xFF, 0xFF, 0xFF, 0xFF, 0xFF, 0xFF, 0xFF, 0xFF, 0xFF,
  0xFF, 0xFF, 0xFF, 0xFF, 0xFF, 0xFF, 0xFF, 0xFF, 0xFF, 0xFF, 0xFF, 0xFF, 0xFF, 0xFF, 0xFF, 0xFF,
  0xFF, 0xFF, 0xFF, 0xFF, 0xFF, 0xFF, 0xFF, 0xFF, 0xFF, 0xFF, 0xFF, 0xFF, 0xFF, 0xFF, 0xFF, 0xFF,
  0xFF, 0xFF, 0xFF, 0xFF, 0xFF, 0xFF, 0xFF, 0xFF, 0xFF, 0xFF, 0xFF, 0xFF, 0xFF, 0xFF, 0xFF, 0xFF,
  0xFF, 0xFF, 0xFF, 0xFF, 0xFF, 0xFF, 0xFF, 0xFF, 0xFF, 0xFF, 0xFF, 0xFF, 0xFF, 0xFF, 0xFF, 0xFF,
  0xFF, 0xFF, 0xFF, 0xFF, 0xFF, 0xFF, 0xFF, 0xFF, 0xFF, 0xFF, 0xFF, 0xFF, 0xFF, 0xFF, 0xFF, 0xFF,
  0xFF, 0xFF, 0xFF, 0xFF, 0xFF, 0xFF, 0xFF, 0xFF, 0xFF, 0xFF, 0xFF, 0xFF, 0xFF, 0xFF, 0xFF, 0xFF,
  0xFF, 0xFF, 0xFF, 0xFF, 0xFF, 0xFF, 0xFF, 0xFF, 0xFF, 0xFF, 0xFF, 0xFF, 0xFF, 0xFF, 0xFF, 0xFF,
  0xFF, 0xFF, 0xFF, 0xFF, 0xFF, 0xFF, 0xFF, 0xFF, 0xFF, 0xFF, 0xFF, 0xFF, 0xFF, 0xFF, 0xFF, 0xFF,
  0xFF, 0xFF, 0xFF, 0xFF, 0xFF, 0xFF, 0xFF, 0xFF, 0xFF, 0xFF, 0xFF, 0xFF, 0xFF, 0xFF, 0xFF, 0xFF,
  0xFF, 0xFF, 0xFF, 0xFF, 0xFF, 0xFF, 0xFF, 0xFF, 0xFF, 0xFF, 0xFF, 0xFF, 0xFF, 0xFF, 0xFF, 0xFF,
  0xFF, 0xFF, 0xFF, 0xFF, 0xFF, 0xFF, 0xFF, 0xFF, 0xFF, 0xFF, 0xFF, 0xFF, 0xFF, 0xFF, 0xFF, 0xFF,
  0xFF, 0xFF, 0xFF, 0xFF, 0xFF, 0xFF, 0xFF, 0xFF, 0xFF, 0xFF, 0xFF, 0xFF, 0xFF, 0xFF, 0xFF, 0xFF,
  0xFF, 0xFF, 0xFF, 0xFF, 0xFF, 0xFF, 0xFF, 0xFF, 0xFF, 0xFF, 0xFF, 0xFF, 0xFF, 0xFF, 0xFF, 0xFF,
  0xFF, 0xFF, 0xFF, 0xFF, 0xFF, 0xFF, 0xFF, 0xFF, 0xFF, 0xFF, 0xFF, 0xFF, 0xFF, 0xFF, 0xFF, 0xFF,
  0xFF, 0xFF, 0xFF, 0xFF, 0xFF, 0xFF, 0xFF, 0xFF, 0xFF, 0xFF, 0xFF, 0xFF, 0xFF, 0xFF, 0xFF, 0xFF,
  0xFF, 0xFF, 0xFF, 0xFF, 0xFF, 0xFF, 0xFF, 0xFF, 0xFF, 0xFF, 0xFF, 0xFF, 0xFF, 0xFF, 0xFF, 0xFF,
  0xFF, 0xFF, 0xFF, 0xFF, 0xFF, 0xFF, 0xFF, 0xFF, 0xFF, 0xFF, 0xFF, 0xFF, 0xFF, 0xFF, 0xFF, 0xFF,
  0xFF, 0xFF, 0xFF, 0xFF, 0xFF, 0xFF, 0xFF, 0xFF, 0xFF, 0xFF, 0xFF, 0xFF, 0xFF, 0xFF, 0xFF, 0xFF,
  0xFF, 0xFF, 0xFF, 0xFF, 0xFF, 0xFF, 0xFF, 0xFF, 0xFF, 0xFF, 0xFF, 0xFF, 0xFF, 0xFF, 0xFF, 0xFF,
  0xFF, 0xFF, 0xFF, 0xFF, 0xFF, 0xFF, 0xFF, 0xFF, 0xFF, 0xFF, 0xFF, 0xFF, 0xFF, 0xFF, 0xFF, 0xFF,
  0xFF, 0xFF, 0xFF, 0xFF, 0xFF, 0xFF, 0xFF, 0xFF, 0xFF, 0xFF, 0xFF, 0xFF, 0xFF, 0xFF, 0xFF, 0xFF,
  0xFF, 0xFF, 0xFF, 0xFF, 0xFF, 0xFF, 0xFF, 0xFF, 0xFF, 0xFF, 0xFF, 0xFF, 0xFF, 0xFF, 0xFF, 0xFF,
  0xFF, 0xFF, 0xFF, 0xFF, 0xFF, 0xFF, 0xFF, 0xFF, 0xFF, 0xFF, 0xFF, 0xFF, 0xFF, 0xFF, 0xFF, 0xFF,
  0xFF, 0xFF, 0xFF, 0xFF, 0xFF, 0xFF, 0xFF, 0xFF, 0xFF, 0xFF, 0xFF, 0xFF, 0xFF, 0xFF, 0xFF, 0xFF,
  0xFF, 0xFF, 0xFF, 0xFF, 0xFF, 0xFF, 0xFF, 0xFF, 0xFF, 0xFF, 0xFF, 0xFF, 0xFF, 0xFF, 0xFF, 0xFF,
  0xFF, 0xFF, 0xFF, 0xFF, 0xFF, 0xFF, 0xFF, 0xFF, 0xFF, 0xFF, 0xFF, 0xFF, 0xFF, 0xFF, 0xFF, 0xFF,
  0xFF, 0xFF, 0xFF, 0xFF, 0xFF, 0xFF, 0xFF, 0xFF, 0xFF, 0xFF, 0xFF, 0xFF, 0xFF, 0xFF, 0xFF, 0xFF,
  0xFF, 0xFF, 0xFF, 0xFF, 0xFF, 0xFF, 0xFF, 0xFF, 0xFF, 0xFF, 0xFF, 0xFF, 0xFF, 0xFF, 0xFF, 0xFF,
  0xFF, 0xFF, 0xFF, 0xFF, 0xFF, 0xFF, 0xFF, 0xFF, 0xFF, 0xFF, 0xFF, 0xFF, 0xFF, 0xFF, 0xFF, 0xFF,
  0xFF, 0xFF, 0xFF, 0xFF, 0xFF, 0xFF, 0xFF, 0xFF, 0xFF, 0xFF, 0xFF, 0xFF, 0xFF, 0xFF, 0xFF, 0xFF,
  0xFF, 0xFF, 0xFF, 0xFF, 0xFF, 0xFF, 0xFF, 0xFF, 0xFF, 0xFF, 0xFF, 0xFF, 0xFF, 0xFF, 0xFF, 0xFF,
  0xFF, 0xFF, 0xFF, 0xFF, 0xFF, 0xFF, 0xFF, 0xFF, 0xFF, 0xFF, 0xFF, 0xFF, 0xFF, 0xFF, 0xFF, 0xFF,
  0xFF, 0xFF, 0xFF, 0xFF, 0xFF, 0xFF, 0xFF, 0xFF, 0xFF, 0xFF, 0xFF, 0xFF, 0xFF, 0xFF, 0xFF, 0xFF,
  0xFF, 0xFF, 0xFF, 0xFF, 0xFF, 0xFF, 0xFF, 0xFF, 0xFF, 0xFF, 0xFF, 0xFF, 0xFF, 0xFF, 0xFF, 0xFF,
  0xFF, 0xFF, 0xFF, 0xFF, 0xFF, 0xFF, 0xFF, 0xFF, 0xFF, 0xFF, 0xFF, 0xFF, 0xFF, 0xFF, 0xFF, 0xFF,
  0xFF, 0xFF, 0xFF, 0xFF, 0xFF, 0xFF, 0xFF, 0xFF, 0xFF, 0xFF, 0xFF, 0xFF, 0xFF, 0xFF, 0xFF, 0xFF,
  0xFF, 0xFF, 0xFF, 0xFF, 0xFF, 0xFF, 0xFF, 0xFF, 0xFF, 0xFF, 0xFF, 0xFF, 0xFF, 0xFF, 0xFF, 0xFF,
  0xFF, 0xFF, 0xFF, 0xFF, 0xFF, 0xFF, 0xFF, 0xFF, 0xFF, 0xFF, 0xFF, 0xFF, 0xFF, 0xFF, 0xFF, 0xFF,
  0xFF, 0xFF, 0xFF, 0xFF, 0xFF, 0xFF, 0xFF, 0xFF, 0xFF, 0xFF, 0xFF, 0xFF, 0xFF, 0xFF, 0xFF, 0xFF,
  0xFF, 0xFF, 0xFF, 0xFF, 0xFF, 0xFF, 0xFF, 0xFF, 0xFF, 0xFF, 0xFF, 0xFF, 0xFF, 0xFF, 0xFF, 0xFF,
  0xFF, 0xFF, 0xFF, 0xFF, 0xFF, 0xFF, 0xFF, 0xFF, 0xFF, 0xFF, 0xFF, 0xFF, 0xFF, 0xFF, 0xFF, 0xFF,
  0xFF, 0xFF, 0xFF, 0xFF, 0xFF, 0xFF, 0xFF, 0xFF, 0xFF, 0xFF, 0xFF, 0xFF, 0xFF, 0xFF, 0xFF, 0xFF,
  0xFF, 0xFF, 0xFF, 0xFF, 0xFF, 0xFF, 0xFF, 0xFF, 0xFF, 0xFF, 0xFF, 0xFF, 0xFF, 0xFF, 0xFF, 0xFF,
  0xFF, 0xFF, 0xFF, 0xFF, 0xFF, 0xFF, 0xFF, 0xFF, 0xFF, 0xFF, 0xFF, 0xFF, 0xFF, 0xFF, 0xFF, 0xFF,
  0xFF, 0xFF, 0xFF, 0xFF, 0xFF, 0xFF, 0xFF, 0xFF, 0xFF, 0xFF, 0xFF, 0xFF, 0xFF, 0xFF, 0xFF, 0xFF,
  0xFF, 0xFF, 0xFF, 0xFF, 0xFF, 0xFF, 0xFF, 0xFF, 0xFF, 0xFF, 0xFF, 0xFF, 0xFF, 0xFF, 0xFF, 0xFF,
  0xFF, 0xFF, 0xFF, 0xFF, 0xFF, 0xFF, 0xFF, 0xFF, 0xFF, 0xFF, 0xFF, 0xFF, 0xFF, 0xFF, 0xFF, 0xFF,
  0xFF, 0xFF, 0xFF, 0xFF, 0xFF, 0xFF, 0xFF, 0xFF, 0xFF, 0xFF, 0xFF, 0xFF, 0xFF, 0xFF, 0xFF, 0xFF,
  0xFF, 0xFF, 0xFF, 0xFF, 0xFF, 0xFF, 0xFF, 0xFF, 0xFF, 0xFF, 0xFF, 0xFF, 0xFF, 0xFF, 0xFF, 0xFF,
  0xFF, 0xFF, 0xFF, 0xFF, 0xFF, 0xFF, 0xFF, 0xFF, 0xFF, 0xFF, 0xFF, 0xFF, 0xFF, 0xFF, 0xFF, 0xFF,
  0xFF, 0xFF, 0xFF, 0xFF, 0xFF, 0xFF, 0xFF, 0xFF, 0xFF, 0xFF, 0xFF, 0xFF, 0xFF, 0xFF, 0xFF, 0xFF,
  0xFF, 0xFF, 0xFF, 0xFF, 0xFF, 0xFF, 0xFF, 0xFF, 0xFF, 0xFF, 0xFF, 0xFF, 0xFF, 0xFF, 0xFF, 0xFF,
  0xFF, 0xFF, 0xFF, 0xFF, 0xFF, 0xFF, 0xFF, 0xFF, 0xFF, 0xFF, 0xFF, 0xFF, 0xFF, 0xFF, 0xFF, 0xFF,
  0xFF, 0xFF, 0xFF, 0xFF, 0xFF, 0xFF, 0xFF, 0xFF, 0xFF, 0xFF, 0xFF, 0xFF, 0xFF, 0xFF, 0xFF, 0xFF,
  0xFF, 0xFF, 0xFF, 0xFF, 0xFF, 0xFF, 0xFF, 0xFF, 0xFF, 0xFF, 0xFF, 0xFF, 0xFF, 0xFF, 0xFF, 0xFF,
  0xFF, 0xFF, 0xFF, 0xFF, 0xFF, 0xFF, 0xFF, 0xFF, 0xFF, 0xFF, 0xFF, 0xFF, 0xFF, 0xFF, 0xFF, 0xFF,
  0xFF, 0xFF, 0xFF, 0xFF, 0xFF, 0xFF, 0xFF, 0xFF, 0xFF, 0xFF, 0xFF, 0xFF, 0xFF, 0xFF, 0xFF, 0xFF,
  0xFF, 0xFF, 0xFF, 0xFF, 0xFF, 0xFF, 0xFF, 0xFF, 0xFF, 0xFF, 0xFF, 0xFF, 0xFF, 0xFF, 0xFF, 0xFF,
  0xFF, 0xFF, 0xFF, 0xFF, 0xFF, 0xFF, 0xFF, 0xFF, 0xFF, 0xFF, 0xFF, 0xFF, 0xFF, 0xFF, 0xFF, 0xFF,
  0xFF, 0xFF, 0xFF, 0xFF, 0xFF, 0xFF, 0xFF, 0xFF, 0xFF, 0xFF, 0xFF, 0xFF, 0xFF, 0xFF, 0xFF, 0xFF,
  0xFF, 0xFF, 0xFF, 0xFF, 0xFF, 0xFF, 0xFF, 0xFF, 0xFF, 0xFF, 0xFF, 0xFF, 0xFF, 0xFF, 0xFF, 0xFF,
  0xFF, 0xFF, 0xFF, 0xFF, 0xFF, 0xFF, 0xFF, 0xFF, 0xFF, 0xFF, 0xFF, 0xFF, 0xFF, 0xFF, 0xFF, 0xFF,
  0xFF, 0xFF, 0xFF, 0xFF, 0xFF, 0xFF, 0xFF, 0xFF, 0xFF, 0xFF, 0xFF, 0xFF, 0xFF, 0xFF, 0xFF, 0xFF,
  0xFF, 0xFF, 0xFF, 0xFF, 0xFF, 0xFF, 0xFF, 0xFF, 0xFF, 0xFF, 0xFF, 0xFF, 0xFF, 0xFF, 0xFF, 0xFF,
  0xFF, 0xFF, 0xFF, 0xFF, 0xFF, 0xFF, 0xFF, 0xFF, 0xFF, 0xFF, 0xFF, 0xFF, 0xFF, 0xFF, 0xFF, 0xFF,
  0xFF, 0xFF, 0xFF, 0xFF, 0xFF, 0xFF, 0xFF, 0xFF, 0xFF, 0xFF, 0xFF, 0xFF, 0xFF, 0xFF, 0xFF, 0xFF,
  0xFF, 0xFF, 0xFF, 0xFF, 0xFF, 0xFF, 0xFF, 0xFF, 0xFF, 0xFF, 0xFF, 0xFF, 0xFF, 0xFF, 0xFF, 0xFF,
  0xFF, 0xFF, 0xFF, 0xFF, 0xFF, 0xFF, 0xFF, 0xFF, 0xFF, 0xFF, 0xFF, 0xFF, 0xFF, 0xFF, 0xFF, 0xFF,
  0xFF, 0xFF, 0xFF, 0xFF, 0xFF, 0xFF, 0xFF, 0xFF, 0xFF, 0xFF, 0xFF, 0xFF, 0xFF, 0xFF, 0xFF, 0xFF,
  0xFF, 0xFF, 0xFF, 0xFF, 0xFF, 0xFF, 0xFF, 0xFF, 0xFF, 0xFF, 0xFF, 0xFF, 0xFF, 0xFF, 0xFF, 0xFF,
  0xFF, 0xFF, 0xFF, 0xFF, 0xFF, 0xFF, 0xFF, 0xFF, 0xFF, 0xFF, 0xFF, 0xFF, 0xFF, 0xFF, 0xFF, 0xFF,
  0xFF, 0xFF, 0xFF, 0xFF, 0xFF, 0xFF, 0xFF, 0xFF, 0xFF, 0xFF, 0xFF, 0xFF, 0xFF, 0xFF, 0xFF, 0xFF,
  0xFF, 0xFF, 0xFF, 0xFF, 0xFF, 0xFF, 0xFF, 0xFF, 0xFF, 0xFF, 0xFF, 0xFF, 0xFF, 0xFF, 0xFF, 0xFF,
  0xFF, 0xFF, 0xFF, 0xFF, 0xFF, 0xFF, 0xFF, 0xFF, 0xFF, 0xFF, 0xFF, 0xFF, 0xFF, 0xFF, 0xFF, 0xFF,
  0xFF, 0xFF, 0xFF, 0xFF, 0xFF, 0xFF, 0xFF, 0xFF, 0xFF, 0xFF, 0xFF, 0xFF, 0xFF, 0xFF, 0xFF, 0xFF,
  0xFF, 0xFF, 0xFF, 0xFF, 0xFF, 0xFF, 0xFF, 0xFF, 0xFF, 0xFF, 0xFF, 0xFF, 0xFF, 0xFF, 0xFF, 0xFF,
  0xFF, 0xFF, 0xFF, 0xFF, 0xFF, 0xFF, 0xFF, 0xFF, 0xFF, 0xFF, 0xFF, 0xFF, 0xFF, 0xFF, 0xFF, 0xFF,
  0xFF, 0xFF, 0xFF, 0xFF, 0xFF, 0xFF, 0xFF, 0xFF, 0xFF, 0xFF, 0xFF, 0xFF, 0xFF, 0xFF, 0xFF, 0xFF,
  0xFF, 0xFF, 0xFF, 0xFF, 0xFF, 0xFF, 0xFF, 0xFF, 0xFF, 0xFF, 0xFF, 0xFF, 0xFF, 0xFF, 0xFF, 0xFF,
  0xFF, 0xFF, 0xFF, 0xFF, 0xFF, 0xFF, 0xFF, 0xFF, 0xFF, 0xFF, 0xFF, 0xFF, 0xFF, 0xFF, 0xFF, 0xFF,
  0xFF, 0xFF, 0xFF, 0xFF, 0xFF, 0xFF, 0xFF, 0xFF, 0xFF, 0xFF, 0xFF, 0xFF, 0xFF, 0xFF, 0xFF, 0xFF,
  0xFF, 0xFF, 0xFF, 0xFF, 0xFF, 0xFF, 0xFF, 0xFF, 0xFF, 0xFF, 0xFF, 0xFF, 0xFF, 0xFF, 0xFF, 0xFF,
  0xFF, 0xFF, 0xFF, 0xFF, 0xFF, 0xFF, 0xFF, 0xFF, 0xFF, 0xFF, 0xFF, 0xFF, 0xFF, 0xFF, 0xFF, 0xFF,
  0xFF, 0xFF, 0xFF, 0xFF, 0xFF, 0xFF, 0xFF, 0xFF, 0xFF, 0xFF, 0xFF, 0xFF, 0xFF, 0xFF, 0xFF, 0xFF,
  0xFF, 0xFF, 0xFF, 0xFF, 0xFF, 0xFF, 0xFF, 0xFF, 0xFF, 0xFF, 0xFF, 0xFF, 0xFF, 0xFF, 0xFF, 0xFF,
  0xFF, 0xFF, 0xFF, 0xFF, 0xFF, 0xFF, 0xFF, 0xFF, 0xFF, 0xFF, 0xFF, 0xFF, 0xFF, 0xFF, 0xFF, 0xFF,
  0xFF, 0xFF, 0xFF, 0xFF, 0xFF, 0xFF, 0xFF, 0xFF, 0xFF, 0xFF, 0xFF, 0xFF, 0xFF, 0xFF, 0xFF, 0xFF,
  0xFF, 0xFF, 0xFF, 0xFF, 0xFF, 0xFF, 0xFF, 0xFF, 0xFF, 0xFF, 0xFF, 0xFF, 0xFF, 0xFF, 0xFF, 0xFF,
  0xFF, 0xFF, 0xFF, 0xFF, 0xFF, 0xFF, 0xFF, 0xFF, 0xFF, 0xFF, 0xFF, 0xFF, 0xFF, 0xFF, 0xFF, 0xFF,
  0xFF, 0xFF, 0xFF, 0xFF, 0xFF, 0xFF, 0xFF, 0xFF, 0xFF, 0xFF, 0xFF, 0xFF, 0xFF, 0xFF, 0xFF, 0xFF,
  0xFF, 0xFF, 0xFF, 0xFF, 0xFF, 0xFF, 0xFF, 0xFF, 0xFF, 0xFF, 0xFF, 0xFF, 0xFF, 0xFF, 0xFF, 0xFF,
  0xFF, 0xFF, 0xFF, 0xFF, 0xFF, 0xFF, 0xFF, 0xFF, 0xFF, 0xFF, 0xFF, 0xFF, 0xFF, 0xFF, 0xFF, 0xFF,
  0xFF, 0xFF, 0xFF, 0xFF, 0xFF, 0xFF, 0xFF, 0xFF, 0xFF, 0xFF, 0xFF, 0xFF, 0xFF, 0xFF, 0xFF, 0xFF,
  0xFF, 0xFF, 0xFF, 0xFF, 0xFF, 0xFF, 0xFF, 0xFF, 0xFF, 0xFF, 0xFF, 0xFF, 0xFF, 0xFF, 0xFF, 0xFF,
  0xFF, 0xFF, 0xFF, 0xFF, 0xFF, 0xFF, 0xFF, 0xFF, 0xFF, 0xFF, 0xFF, 0xFF, 0xFF, 0xFF, 0xFF, 0xFF,
  0xFF, 0xFF, 0xFF, 0xFF, 0xFF, 0xFF, 0xFF, 0xFF, 0xFF, 0xFF, 0xFF, 0xFF, 0xFF, 0xFF, 0xFF, 0xFF,
  0xFF, 0xFF, 0xFF, 0xFF, 0xFF, 0xFF, 0xFF, 0xFF, 0xFF, 0xFF, 0xFF, 0xFF, 0xFF, 0xFF, 0xFF, 0xFF,
  0xFF, 0xFF, 0xFF, 0xFF, 0xFF, 0xFF, 0xFF, 0xFF, 0xFF, 0xFF, 0xFF, 0xFF, 0xFF, 0xFF, 0xFF, 0xFF,
  0xFF, 0xFF, 0xFF, 0xFF, 0xFF, 0xFF, 0xFF, 0xFF, 0xFF, 0xFF, 0xFF, 0xFF, 0xFF, 0xFF, 0xFF, 0xFF,
  0xFF, 0xFF, 0xFF, 0xFF, 0xFF, 0xFF, 0xFF, 0xFF, 0xFF, 0xFF, 0xFF, 0xFF, 0xFF, 0xFF, 0xFF, 0xFF,
  0xFF, 0xFF, 0xFF, 0xFF, 0xFF, 0xFF, 0xFF, 0xFF, 0xFF, 0xFF, 0xFF, 0xFF, 0xFF, 0xFF, 0xFF, 0xFF,
  0xFF, 0xFF, 0xFF, 0xFF, 0xFF, 0xFF, 0xFF, 0xFF, 0xFF, 0xFF, 0xFF, 0xFF, 0xFF, 0xFF, 0xFF, 0xFF,
  0xFF, 0xFF, 0xFF, 0xFF, 0xFF, 0xFF, 0xFF, 0xFF, 0xFF, 0xFF, 0xFF, 0xFF, 0xFF, 0xFF, 0xFF, 0xFF,
  0xFF, 0xFF, 0xFF, 0xFF, 0xFF, 0xFF, 0xFF, 0xFF, 0xFF, 0xFF, 0xFF, 0xFF, 0xFF, 0xFF, 0xFF, 0xFF,
  0xFF, 0xFF, 0xFF, 0xFF, 0xFF, 0xFF, 0xFF, 0xFF, 0xFF, 0xFF, 0xFF, 0xFF, 0xFF, 0xFF, 0xFF, 0xFF,
  0xFF, 0xFF, 0xFF, 0xFF, 0xFF, 0xFF, 0xFF, 0xFF, 0xFF, 0xFF, 0xFF, 0xFF, 0xFF, 0xFF, 0xFF, 0xFF,
  0xFF, 0xFF, 0xFF, 0xFF, 0xFF, 0xFF, 0xFF, 0xFF, 0xFF, 0xFF, 0xFF, 0xFF, 0xFF, 0xFF, 0xFF, 0xFF,
  0xFF, 0xFF, 0xFF, 0xFF, 0xFF, 0xFF, 0xFF, 0xFF, 0xFF, 0xFF, 0xFF, 0xFF, 0xFF, 0xFF, 0xFF, 0xFF,
  0xFF, 0xFF, 0xFF, 0xFF, 0xFF, 0xFF, 0xFF, 0xFF, 0xFF, 0xFF, 0xFF, 0xFF, 0xFF, 0xFF, 0xFF, 0xFF,
  0xFF, 0xFF, 0xFF, 0xFF, 0xFF, 0xFF, 0xFF, 0xFF, 0xFF, 0xFF, 0xFF, 0xFF, 0xFF, 0xFF, 0xFF, 0xFF,
  0xFF, 0xFF, 0xFF, 0xFF, 0xFF, 0xFF, 0xFF, 0xFF, 0xFF, 0xFF, 0xFF, 0xFF, 0xFF, 0xFF, 0xFF, 0xFF,
  0xFF, 0xFF, 0xFF, 0xFF, 0xFF, 0xFF, 0xFF, 0xFF, 0xFF, 0xFF, 0xFF, 0xFF, 0xFF, 0xFF, 0xFF, 0xFF,
  0xFF, 0xFF, 0xFF, 0xFF, 0xFF, 0xFF, 0xFF, 0xFF, 0xFF, 0xFF, 0xFF, 0xFF, 0xFF, 0xFF, 0xFF, 0xFF,
  0xFF, 0xFF, 0xFF, 0xFF, 0xFF, 0xFF, 0xFF, 0xFF, 0xFF, 0xFF, 0xFF, 0xFF, 0xFF, 0xFF, 0xFF, 0xFF,
  0xFF, 0xFF, 0xFF, 0xFF, 0xFF, 0xFF, 0xFF, 0xFF, 0xFF, 0xFF, 0xFF, 0xFF, 0xFF, 0xFF, 0xFF, 0xFF,
  0xFF, 0xFF, 0xFF, 0xFF, 0xFF, 0xFF, 0xFF, 0xFF, 0xFF, 0xFF, 0xFF, 0xFF, 0xFF, 0xFF, 0xFF, 0xFF,
  0xFF, 0xFF, 0xFF, 0xFF, 0xFF, 0xFF, 0xFF, 0xFF, 0xFF, 0xFF, 0xFF, 0xFF, 0xFF, 0xFF, 0xFF, 0xFF,
  0xFF, 0xFF, 0xFF, 0xFF, 0xFF, 0xFF, 0xFF, 0xFF, 0xFF, 0xFF, 0xFF, 0xFF, 0xFF, 0xFF, 0xFF, 0xFF,
  0xFF, 0xFF, 0xFF, 0xFF, 0xFF, 0xFF, 0xFF, 0xFF, 0xFF, 0xFF, 0xFF, 0xFF, 0xFF, 0xFF, 0xFF, 0xFF,
  0xFF, 0xFF, 0xFF, 0xFF, 0xFF, 0xFF, 0xFF, 0xFF, 0xFF, 0xFF, 0xFF, 0xFF, 0xFF, 0xFF, 0xFF, 0xFF,
  0xFF, 0xFF, 0xFF, 0xFF, 0xFF, 0xFF, 0xFF, 0xFF, 0xFF, 0xFF, 0xFF, 0xFF, 0xFF, 0xFF, 0xFF, 0xFF,
  0xFF, 0xFF, 0xFF, 0xFF, 0xFF, 0xFF, 0xFF, 0xFF, 0xFF, 0xFF, 0xFF, 0xFF, 0xFF, 0xFF, 0xFF, 0xFF,
  0xFF, 0xFF, 0xFF, 0xFF, 0xFF, 0xFF, 0xFF, 0xFF, 0xFF, 0xFF, 0xFF, 0xFF, 0xFF, 0xFF, 0xFF, 0xFF,
  0xFF, 0xFF, 0xFF, 0xFF, 0xFF, 0xFF, 0xFF, 0xFF, 0xFF, 0xFF, 0xFF, 0xFF, 0xFF, 0xFF, 0xFF, 0xFF,
  0xFF, 0xFF, 0xFF, 0xFF, 0xFF, 0xFF, 0xFF, 0xFF, 0xFF, 0xFF, 0xFF, 0xFF, 0xFF, 0xFF, 0xFF, 0xFF,
  0xFF, 0xFF, 0xFF, 0xFF, 0xFF, 0xFF, 0xFF, 0xFF, 0xFF, 0xFF, 0xFF, 0xFF, 0xFF, 0xFF, 0xFF, 0xFF,
  0xFF, 0xFF, 0xFF, 0xFF, 0xFF, 0xFF, 0xFF, 0xFF, 0xFF, 0xFF, 0xFF, 0xFF, 0xFF, 0xFF, 0xFF, 0xFF,
  0xFF, 0xFF, 0xFF, 0xFF, 0xFF, 0xFF, 0xFF, 0xFF, 0xFF, 0xFF, 0xFF, 0xFF, 0xFF, 0xFF, 0xFF, 0xFF,
  0xFF, 0xFF, 0xFF, 0xFF, 0xFF, 0xFF, 0xFF, 0xFF, 0xFF, 0xFF, 0xFF, 0xFF, 0xFF, 0xFF, 0xFF, 0xFF,
  0xFF, 0xFF, 0xFF, 0xFF, 0xFF, 0xFF, 0xFF, 0xFF, 0xFF, 0xFF, 0xFF, 0xFF, 0xFF, 0xFF, 0xFF, 0xFF,
  0xFF, 0xFF, 0xFF, 0xFF, 0xFF, 0xFF, 0xFF, 0xFF, 0xFF, 0xFF, 0xFF, 0xFF, 0xFF, 0xFF, 0xFF, 0xFF,
  0xFF, 0xFF, 0xFF, 0xFF, 0xFF, 0xFF, 0xFF, 0xFF, 0xFF, 0xFF, 0xFF, 0xFF, 0xFF, 0xFF, 0xFF, 0xFF,
  0xFF, 0xFF, 0xFF, 0xFF, 0xFF, 0xFF, 0xFF, 0xFF, 0xFF, 0xFF, 0xFF, 0xFF, 0xFF, 0xFF, 0xFF, 0xFF,
  0xFF, 0xFF, 0xFF, 0xFF, 0xFF, 0xFF, 0xFF, 0xFF, 0xFF, 0xFF, 0xFF, 0xFF, 0xFF, 0xFF, 0xFF, 0xFF,
  0xFF, 0xFF, 0xFF, 0xFF, 0xFF, 0xFF, 0xFF, 0xFF, 0xFF, 0xFF, 0xFF, 0xFF, 0xFF, 0xFF, 0xFF, 0xFF,
  0xFF, 0xFF, 0xFF, 0xFF, 0xFF, 0xFF, 0xFF, 0xFF, 0xFF, 0xFF, 0xFF, 0xFF, 0xFF, 0xFF, 0xFF, 0xFF,
  0xFF, 0xFF, 0xFF, 0xFF, 0xFF, 0xFF, 0xFF, 0xFF, 0xFF, 0xFF, 0xFF, 0xFF, 0xFF, 0xFF, 0xFF, 0xFF,
  0xFF, 0xFF, 0xFF, 0xFF, 0xFF, 0xFF, 0xFF, 0xFF, 0xFF, 0xFF, 0xFF, 0xFF, 0xFF, 0xFF, 0xFF, 0xFF,
  0xFF, 0xFF, 0xFF, 0xFF, 0xFF, 0xFF, 0xFF, 0xFF, 0xFF, 0xFF, 0xFF, 0xFF, 0xFF, 0xFF, 0xFF, 0xFF,
  0xFF, 0xFF, 0xFF, 0xFF, 0xFF, 0xFF, 0xFF, 0xFF, 0xFF, 0xFF, 0xFF, 0xFF, 0xFF, 0xFF, 0xFF, 0xFF,
  0xFF, 0xFF, 0xFF, 0xFF, 0xFF, 0xFF, 0xFF, 0xFF, 0xFF, 0xFF, 0xFF, 0xFF, 0xFF, 0xFF, 0xFF, 0xFF,
  0xFF, 0xFF, 0xFF, 0xFF, 0xFF, 0xFF, 0xFF, 0xFF, 0xFF, 0xFF, 0xFF, 0xFF, 0xFF, 0xFF, 0xFF, 0xFF,
  0xFF, 0xFF, 0xFF, 0xFF, 0xFF, 0xFF, 0xFF, 0xFF, 0xFF, 0xFF, 0xFF, 0xFF, 0xFF, 0xFF, 0xFF, 0xFF,
  0xFF, 0xFF, 0xFF, 0xFF, 0xFF, 0xFF, 0xFF, 0xFF, 0xFF, 0xFF, 0xFF, 0xFF, 0xFF, 0xFF, 0xFF, 0xFF,
  0xFF, 0xFF, 0xFF, 0xFF, 0xFF, 0xFF, 0xFF, 0xFF, 0xFF, 0xFF, 0xFF, 0xFF, 0xFF, 0xFF, 0xFF, 0xFF,
  0xFF, 0xFF, 0xFF, 0xFF, 0xFF, 0xFF, 0xFF, 0xFF, 0xFF, 0xFF, 0xFF, 0xFF, 0xFF, 0xFF, 0xFF, 0xFF,
  0xFF, 0xFF, 0xFF, 0xFF, 0xFF, 0xFF, 0xFF, 0xFF, 0xFF, 0xFF, 0xFF, 0xFF, 0xFF, 0xFF, 0xFF, 0xFF,
  0xFF, 0xFF, 0xFF, 0xFF, 0xFF, 0xFF, 0xFF, 0xFF, 0xFF, 0xFF, 0xFF, 0xFF, 0xFF, 0xFF, 0xFF, 0xFF,
  0xFF, 0xFF, 0xFF, 0xFF, 0xFF, 0xFF, 0xFF, 0xFF, 0xFF, 0xFF, 0xFF, 0xFF, 0xFF, 0xFF, 0xFF, 0xFF,
  0xFF, 0xFF, 0xFF, 0xFF, 0xFF, 0xFF, 0xFF, 0xFF, 0xFF, 0xFF, 0xFF, 0xFF, 0xFF, 0xFF, 0xFF, 0xFF,
  0xFF, 0xFF, 0xFF, 0xFF, 0xFF, 0xFF, 0xFF, 0xFF, 0xFF, 0xFF, 0xFF, 0xFF, 0xFF, 0xFF, 0xFF, 0xFF,
  0xFF, 0xFF, 0xFF, 0xFF, 0xFF, 0xFF, 0xFF, 0xFF, 0xFF, 0xFF, 0xFF, 0xFF, 0xFF, 0xFF, 0xFF, 0xFF,
  0xFF, 0xFF, 0xFF, 0xFF, 0xFF, 0xFF, 0xFF, 0xFF, 0xFF, 0xFF, 0xFF, 0xFF, 0xFF, 0xFF, 0xFF, 0xFF,
  0xFF, 0xFF, 0xFF, 0xFF, 0xFF, 0xFF, 0xFF, 0xFF, 0xFF, 0xFF, 0xFF, 0xFF, 0xFF, 0xFF, 0xFF, 0xFF,
  0xFF, 0xFF, 0xFF, 0xFF, 0xFF, 0xFF, 0xFF, 0xFF, 0xFF, 0xFF, 0xFF, 0xFF, 0xFF, 0xFF, 0xFF, 0xFF,
  0xFF, 0xFF, 0xFF, 0xFF, 0xFF, 0xFF, 0xFF, 0xFF, 0xFF, 0xFF, 0xFF, 0xFF, 0xFF, 0xFF, 0xFF, 0xFF,
  0xFF, 0xFF, 0xFF, 0xFF, 0xFF, 0xFF, 0xFF, 0xFF, 0xFF, 0xFF, 0xFF, 0xFF, 0xFF, 0xFF, 0xFF, 0xFF,
  0xFF, 0xFF, 0xFF, 0xFF, 0xFF, 0xFF, 0xFF, 0xFF, 0xFF, 0xFF, 0xFF, 0xFF, 0xFF, 0xFF, 0xFF, 0xFF,
  0xFF, 0xFF, 0xFF, 0xFF, 0xFF, 0xFF, 0xFF, 0xFF, 0xFF, 0xFF, 0xFF, 0xFF, 0xFF, 0xFF, 0xFF, 0xFF,
  0xFF, 0xFF, 0xFF, 0xFF, 0xFF, 0xFF, 0xFF, 0xFF, 0xFF, 0xFF, 0xFF, 0xFF, 0xFF, 0xFF, 0xFF, 0xFF,
  0xFF, 0xFF, 0xFF, 0xFF, 0xFF, 0xFF, 0xFF, 0xFF, 0xFF, 0xFF, 0xFF, 0xFF, 0xFF, 0xFF, 0xFF, 0xFF,
  0xFF, 0xFF, 0xFF, 0xFF, 0xFF, 0xFF, 0xFF, 0xFF, 0xFF, 0xFF, 0xFF, 0xFF, 0xFF, 0xFF, 0xFF, 0xFF,
  0xFF, 0xFF, 0xFF, 0xFF, 0xFF, 0xFF, 0xFF, 0xFF, 0xFF, 0xFF, 0xFF, 0xFF, 0xFF, 0xFF, 0xFF, 0xFF,
  0xFF, 0xFF, 0xFF, 0xFF, 0xFF, 0xFF, 0xFF, 0xFF, 0xFF, 0xFF, 0xFF, 0xFF, 0xFF, 0xFF, 0xFF, 0xFF,
  0xFF, 0xFF, 0xFF, 0xFF, 0xFF, 0xFF, 0xFF, 0xFF, 0xFF, 0xFF, 0xFF, 0xFF, 0xFF, 0xFF, 0xFF, 0xFF,
  0xFF, 0xFF, 0xFF, 0xFF, 0xFF, 0xFF, 0xFF, 0xFF, 0xFF, 0xFF, 0xFF, 0xFF, 0xFF, 0xFF, 0xFF, 0xFF,
  0xFF, 0xFF, 0xFF, 0xFF, 0xFF, 0xFF, 0xFF, 0xFF, 0xFF, 0xFF, 0xFF, 0xFF, 0xFF, 0xFF, 0xFF, 0xFF,
  0xFF, 0xFF, 0xFF, 0xFF, 0xFF, 0xFF, 0xFF, 0xFF, 0xFF, 0xFF, 0xFF, 0xFF, 0xFF, 0xFF, 0xFF, 0xFF,
  0xFF, 0xFF, 0xFF, 0xFF, 0xFF, 0xFF, 0xFF, 0xFF, 0xFF, 0xFF, 0xFF, 0xFF, 0xFF, 0xFF, 0xFF, 0xFF,
  0xFF, 0xFF, 0xFF, 0xFF, 0xFF, 0xFF, 0xFF, 0xFF, 0xFF, 0xFF, 0xFF, 0xFF, 0xFF, 0xFF, 0xFF, 0xFF,
  0xFF, 0xFF, 0xFF, 0xFF, 0xFF, 0xFF, 0xFF, 0xFF, 0xFF, 0xFF, 0xFF, 0xFF, 0xFF, 0xFF, 0xFF, 0xFF,
  0xFF, 0xFF, 0xFF, 0xFF, 0xFF, 0xFF, 0xFF, 0xFF, 0xFF, 0xFF, 0xFF, 0xFF, 0xFF, 0xFF, 0xFF, 0xFF,
  0xFF, 0xFF, 0xFF, 0xFF, 0xFF, 0xFF, 0xFF, 0xFF, 0xFF, 0xFF, 0xFF, 0xFF, 0xFF, 0xFF, 0xFF, 0xFF,
  0xFF, 0xFF, 0xFF, 0xFF, 0xFF, 0xFF, 0xFF, 0xFF, 0xFF, 0xFF, 0xFF, 0xFF, 0xFF, 0xFF, 0xFF, 0xFF,
  0xFF, 0xFF, 0xFF, 0xFF, 0xFF, 0xFF, 0xFF, 0xFF, 0xFF, 0xFF, 0xFF, 0xFF, 0xFF, 0xFF, 0xFF, 0xFF,
  0xFF, 0xFF, 0xFF, 0xFF, 0xFF, 0xFF, 0xFF, 0xFF, 0xFF, 0xFF, 0xFF, 0xFF, 0xFF, 0xFF, 0xFF, 0xFF,
  0xFF, 0xFF, 0xFF, 0xFF, 0xFF, 0xFF, 0xFF, 0xFF, 0xFF, 0xFF, 0xFF, 0xFF, 0xFF, 0xFF, 0xFF, 0xFF,
  0xFF, 0xFF, 0xFF, 0xFF, 0xFF, 0xFF, 0xFF, 0xFF, 0xFF, 0xFF, 0xFF, 0xFF, 0xFF, 0xFF, 0xFF, 0xFF,
  0xFF, 0xFF, 0xFF, 0xFF, 0xFF, 0xFF, 0xFF, 0xFF, 0xFF, 0xFF, 0xFF, 0xFF, 0xFF, 0xFF, 0xFF, 0xFF,
  0xFF, 0xFF, 0xFF, 0xFF, 0xFF, 0xFF, 0xFF, 0xFF, 0xFF, 0xFF, 0xFF, 0xFF, 0xFF, 0xFF, 0xFF, 0xFF,
  0xFF, 0xFF, 0xFF, 0xFF, 0xFF, 0xFF, 0xFF, 0xFF, 0xFF, 0xFF, 0xFF, 0xFF, 0xFF, 0xFF, 0xFF, 0xFF,
  0xFF, 0xFF, 0xFF, 0xFF, 0xFF, 0xFF, 0xFF, 0xFF, 0xFF, 0xFF, 0xFF, 0xFF, 0xFF, 0xFF, 0xFF, 0xFF,
  0xFF, 0xFF, 0xFF, 0xFF, 0xFF, 0xFF, 0xFF, 0xFF, 0xFF, 0xFF, 0xFF, 0xFF, 0xFF, 0xFF, 0xFF, 0xFF,
  0xFF, 0xFF, 0xFF, 0xFF, 0xFF, 0xFF, 0xFF, 0xFF, 0xFF, 0xFF, 0xFF, 0xFF, 0xFF, 0xFF, 0xFF, 0xFF,
  0xFF, 0xFF, 0xFF, 0xFF, 0xFF, 0xFF, 0xFF, 0xFF, 0xFF, 0xFF, 0xFF, 0xFF, 0xFF, 0xFF, 0xFF, 0xFF,
  0xFF, 0xFF, 0xFF, 0xFF, 0xFF, 0xFF, 0xFF, 0xFF, 0xFF, 0xFF, 0xFF, 0xFF, 0xFF, 0xFF, 0xFF, 0xFF,
  0xFF, 0xFF, 0xFF, 0xFF, 0xFF, 0xFF, 0xFF, 0xFF, 0xFF, 0xFF, 0xFF, 0xFF, 0xFF, 0xFF, 0xFF, 0xFF,
  0xFF, 0xFF, 0xFF, 0xFF, 0xFF, 0xFF, 0xFF, 0xFF, 0xFF, 0xFF, 0xFF, 0xFF, 0xFF, 0xFF, 0xFF, 0xFF,
  0xFF, 0xFF, 0xFF, 0xFF, 0xFF, 0xFF, 0xFF, 0xFF, 0xFF, 0xFF, 0xFF, 0xFF, 0xFF, 0xFF, 0xFF, 0xFF,
  0xFF, 0xFF, 0xFF, 0xFF, 0xFF, 0xFF, 0xFF, 0xFF, 0xFF, 0xFF, 0xFF, 0xFF, 0xFF, 0xFF, 0xFF, 0xFF,
  0xFF, 0xFF, 0xFF, 0xFF, 0xFF, 0xFF, 0xFF, 0xFF, 0xFF, 0xFF, 0xFF, 0xFF, 0xFF, 0xFF, 0xFF, 0xFF,
  0xFF, 0xFF, 0xFF, 0xFF, 0xFF, 0xFF, 0xFF, 0xFF, 0xFF, 0xFF, 0xFF, 0xFF, 0xFF, 0xFF, 0xFF, 0xFF,
  0xFF, 0xFF, 0xFF, 0xFF, 0xFF, 0xFF, 0xFF, 0xFF, 0xFF, 0xFF, 0xFF, 0xFF, 0xFF, 0xFF, 0xFF, 0xFF,
  0xFF, 0xFF, 0xFF, 0xFF, 0xFF, 0xFF, 0xFF, 0xFF, 0xFF, 0xFF, 0xFF, 0xFF, 0xFF, 0xFF, 0xFF, 0xFF,
  0xFF, 0xFF, 0xFF, 0xFF, 0xFF, 0xFF, 0xFF, 0xFF, 0xFF, 0xFF, 0xFF, 0xFF, 0xFF, 0xFF, 0xFF, 0xFF,
  0xFF, 0xFF, 0xFF, 0xFF, 0xFF, 0xFF, 0xFF, 0xFF, 0xFF, 0xFF, 0xFF, 0xFF, 0xFF, 0xFF, 0xFF, 0xFF,
  0xFF, 0xFF, 0xFF, 0xFF, 0xFF, 0xFF, 0xFF, 0xFF, 0xFF, 0xFF, 0xFF, 0xFF, 0xFF, 0xFF, 0xFF, 0xFF,
  0xFF, 0xFF, 0xFF, 0xFF, 0xFF, 0xFF, 0xFF, 0xFF, 0xFF, 0xFF, 0xFF, 0xFF, 0xFF, 0xFF, 0xFF, 0xFF,
  0xFF, 0xFF, 0xFF, 0xFF, 0xFF, 0xFF, 0xFF, 0xFF, 0xFF, 0xFF, 0xFF, 0xFF, 0xFF, 0xFF, 0xFF, 0xFF,
  0xFF, 0xFF, 0xFF, 0xFF, 0xFF, 0xFF, 0xFF, 0xFF, 0xFF, 0xFF, 0xFF, 0xFF, 0xFF, 0xFF, 0xFF, 0xFF,
  0xFF, 0xFF, 0xFF, 0xFF, 0xFF, 0xFF, 0xFF, 0xFF, 0xFF, 0xFF, 0xFF, 0xFF, 0xFF, 0xFF, 0xFF, 0xFF,
  0xFF, 0xFF, 0xFF, 0xFF, 0xFF, 0xFF, 0xFF, 0xFF, 0xFF, 0xFF, 0xFF, 0xFF, 0xFF, 0xFF, 0xFF, 0xFF,
  0xFF, 0xFF, 0xFF, 0xFF, 0xFF, 0xFF, 0xFF, 0xFF, 0xFF, 0xFF, 0xFF, 0xFF, 0xFF, 0xFF, 0xFF, 0xFF,
  0xFF, 0xFF, 0xFF, 0xFF, 0xFF, 0xFF, 0xFF, 0xFF, 0xFF, 0xFF, 0xFF, 0xFF, 0xFF, 0xFF, 0xFF, 0xFF,
  0xFF, 0xFF, 0xFF, 0xFF, 0xFF, 0xFF, 0xFF, 0xFF, 0xFF, 0xFF, 0xFF, 0xFF, 0xFF, 0xFF, 0xFF, 0xFF,
  0xFF, 0xFF, 0xFF, 0xFF, 0xFF, 0xFF, 0xFF, 0xFF, 0xFF, 0xFF, 0xFF, 0xFF, 0xFF, 0xFF, 0xFF, 0xFF,
  0xFF, 0xFF, 0xFF, 0xFF, 0xFF, 0xFF, 0xFF, 0xFF, 0xFF, 0xFF, 0xFF, 0xFF, 0xFF, 0xFF, 0xFF, 0xFF,
  0xFF, 0xFF, 0xFF, 0xFF, 0xFF, 0xFF, 0xFF, 0xFF, 0xFF, 0xFF, 0xFF, 0xFF, 0xFF, 0xFF, 0xFF, 0xFF,
  0xFF, 0xFF, 0xFF, 0xFF, 0xFF, 0xFF, 0xFF, 0xFF, 0xFF, 0xFF, 0xFF, 0xFF, 0xFF, 0xFF, 0xFF, 0xFF,
  0xFF, 0xFF, 0xFF, 0xFF, 0xFF, 0xFF, 0xFF, 0xFF, 0xFF, 0xFF, 0xFF, 0xFF, 0xFF, 0xFF, 0xFF, 0xFF,
  0xFF, 0xFF, 0xFF, 0xFF, 0xFF, 0xFF, 0xFF, 0xFF, 0xFF, 0xFF, 0xFF, 0xFF, 0xFF, 0xFF, 0xFF, 0xFF,
  0xFF, 0xFF, 0xFF, 0xFF, 0xFF, 0xFF, 0xFF, 0xFF, 0xFF, 0xFF, 0xFF, 0xFF, 0xFF, 0xFF, 0xFF, 0xFF,
  0xFF, 0xFF, 0xFF, 0xFF, 0xFF, 0xFF, 0xFF, 0xFF, 0xFF, 0xFF, 0xFF, 0xFF, 0xFF, 0xFF, 0xFF, 0xFF,
  0xFF, 0xFF, 0xFF, 0xFF, 0xFF, 0xFF, 0xFF, 0xFF, 0xFF, 0xFF, 0xFF, 0xFF, 0xFF, 0xFF, 0xFF, 0xFF,
  0xFF, 0xFF, 0xFF, 0xFF, 0xFF, 0xFF, 0xFF, 0xFF, 0xFF, 0xFF, 0xFF, 0xFF, 0xFF, 0xFF, 0xFF, 0xFF,
  0xFF, 0xFF, 0xFF, 0xFF, 0xFF, 0xFF, 0xFF, 0xFF, 0xFF, 0xFF, 0xFF, 0xFF, 0xFF, 0xFF, 0xFF, 0xFF,
  0xFF, 0xFF, 0xFF, 0xFF, 0xFF, 0xFF, 0xFF, 0xFF, 0xFF, 0xFF, 0xFF, 0xFF, 0xFF, 0xFF, 0xFF, 0xFF,
  0xFF, 0xFF, 0xFF, 0xFF, 0xFF, 0xFF, 0xFF, 0xFF, 0xFF, 0xFF, 0xFF, 0xFF, 0xFF, 0xFF, 0xFF, 0xFF,
  0xFF, 0xFF, 0xFF, 0xFF, 0xFF, 0xFF, 0xFF, 0xFF, 0xFF, 0xFF, 0xFF, 0xFF, 0xFF, 0xFF, 0xFF, 0xFF,
  0xFF, 0xFF, 0xFF, 0xFF, 0xFF, 0xFF, 0xFF, 0xFF, 0xFF, 0xFF, 0xFF, 0xFF, 0xFF, 0xFF, 0xFF, 0xFF,
  0xFF, 0xFF, 0xFF, 0xFF, 0xFF, 0xFF, 0xFF, 0xFF, 0xFF, 0xFF, 0xFF, 0xFF, 0xFF, 0xFF, 0xFF, 0xFF,
  0xFF, 0xFF, 0xFF, 0xFF, 0xFF, 0xFF, 0xFF, 0xFF, 0xFF, 0xFF, 0xFF, 0xFF, 0xFF, 0xFF, 0xFF, 0xFF,
  0xFF, 0xFF, 0xFF, 0xFF, 0xFF, 0xFF, 0xFF, 0xFF, 0xFF, 0xFF, 0xFF, 0xFF, 0xFF, 0xFF, 0xFF, 0xFF,
  0xFF, 0xFF, 0xFF, 0xFF, 0xFF, 0xFF, 0xFF, 0xFF, 0xFF, 0xFF, 0xFF, 0xFF, 0xFF, 0xFF, 0xFF, 0xFF,
  0xFF, 0xFF, 0xFF, 0xFF, 0xFF, 0xFF, 0xFF, 0xFF, 0xFF, 0xFF, 0xFF, 0xFF, 0xFF, 0xFF, 0xFF, 0xFF,
  0xFF, 0xFF, 0xFF, 0xFF, 0xFF, 0xFF, 0xFF, 0xFF, 0xFF, 0xFF, 0xFF, 0xFF, 0xFF, 0xFF, 0xFF, 0xFF,
  0xFF, 0xFF, 0xFF, 0xFF, 0xFF, 0xFF, 0xFF, 0xFF, 0xFF, 0xFF, 0xFF, 0xFF, 0xFF, 0xFF, 0xFF, 0xFF,
  0xFF, 0xFF, 0xFF, 0xFF, 0xFF, 0xFF, 0xFF, 0xFF, 0xFF, 0xFF, 0xFF, 0xFF, 0xFF, 0xFF, 0xFF, 0xFF,
  0xFF, 0xFF, 0xFF, 0xFF, 0xFF, 0xFF, 0xFF, 0xFF, 0xFF, 0xFF, 0xFF, 0xFF, 0xFF, 0xFF, 0xFF, 0xFF,
  0xFF, 0xFF, 0xFF, 0xFF, 0xFF, 0xFF, 0xFF, 0xFF, 0xFF, 0xFF, 0xFF, 0xFF, 0xFF, 0xFF, 0xFF, 0xFF,
  0xFF, 0xFF, 0xFF, 0xFF, 0xFF, 0xFF, 0xFF, 0xFF, 0xFF, 0xFF, 0xFF, 0xFF, 0xFF, 0xFF, 0xFF, 0xFF,
  0xFF, 0xFF, 0xFF, 0xFF, 0xFF, 0xFF, 0xFF, 0xFF, 0xFF, 0xFF, 0xFF, 0xFF, 0xFF, 0xFF, 0xFF, 0xFF,
  0xFF, 0xFF, 0xFF, 0xFF, 0xFF, 0xFF, 0xFF, 0xFF, 0xFF, 0xFF, 0xFF, 0xFF, 0xFF, 0xFF, 0xFF, 0xFF,
  0xFF, 0xFF, 0xFF, 0xFF, 0xFF, 0xFF, 0xFF, 0xFF, 0xFF, 0xFF, 0xFF, 0xFF, 0xFF, 0xFF, 0xFF, 0xFF,
  0xFF, 0xFF, 0xFF, 0xFF, 0xFF, 0xFF, 0xFF, 0xFF, 0xFF, 0xFF, 0xFF, 0xFF, 0xFF, 0xFF, 0xFF, 0xFF,
  0xFF, 0xFF, 0xFF, 0xFF, 0xFF, 0xFF, 0xFF, 0xFF, 0xFF, 0xFF, 0xFF, 0xFF, 0xFF, 0xFF, 0xFF, 0xFF,
  0xFF, 0xFF, 0xFF, 0xFF, 0xFF, 0xFF, 0xFF, 0xFF, 0xFF, 0xFF, 0xFF, 0xFF, 0xFF, 0xFF, 0xFF, 0xFF,
  0xFF, 0xFF, 0xFF, 0xFF, 0xFF, 0xFF, 0xFF, 0xFF, 0xFF, 0xFF, 0xFF, 0xFF, 0xFF, 0xFF, 0xFF, 0xFF,
  0xFF, 0xFF, 0xFF, 0xFF, 0xFF, 0xFF, 0xFF, 0xFF, 0xFF, 0xFF, 0xFF, 0xFF, 0xFF, 0xFF, 0xFF, 0xFF,
  0xFF, 0xFF, 0xFF, 0xFF, 0xFF, 0xFF, 0xFF, 0xFF, 0xFF, 0xFF, 0xFF, 0xFF, 0xFF, 0xFF, 0xFF, 0xFF,
  0xFF, 0xFF, 0xFF, 0xFF, 0xFF, 0xFF, 0xFF, 0xFF, 0xFF, 0xFF, 0xFF, 0xFF, 0xFF, 0xFF, 0xFF, 0xFF,
  0xFF, 0xFF, 0xFF, 0xFF, 0xFF, 0xFF, 0xFF, 0xFF, 0xFF, 0xFF, 0xFF, 0xFF, 0xFF, 0xFF, 0xFF, 0xFF,
  0xFF, 0xFF, 0xFF, 0xFF, 0xFF, 0xFF, 0xFF, 0xFF, 0xFF, 0xFF, 0xFF, 0xFF, 0xFF, 0xFF, 0xFF, 0xFF,
  0xFF, 0xFF, 0xFF, 0xFF, 0xFF, 0xFF, 0xFF, 0xFF, 0xFF, 0xFF, 0xFF, 0xFF, 0xFF, 0xFF, 0xFF, 0xFF,
  0xFF, 0xFF, 0xFF, 0xFF, 0xFF, 0xFF, 0xFF, 0xFF, 0xFF, 0xFF, 0xFF, 0xFF, 0xFF, 0xFF, 0xFF, 0xFF,
  0xFF, 0xFF, 0xFF, 0xFF, 0xFF, 0xFF, 0xFF, 0xFF, 0xFF, 0xFF, 0xFF, 0xFF, 0xFF, 0xFF, 0xFF, 0xFF,
  0xFF, 0xFF, 0xFF, 0xFF, 0xFF, 0xFF, 0xFF, 0xFF, 0xFF, 0xFF, 0xFF, 0xFF, 0xFF, 0xFF, 0xFF, 0xFF,
  0xFF, 0xFF, 0xFF, 0xFF, 0xFF, 0xFF, 0xFF, 0xFF, 0xFF, 0xFF, 0xFF, 0xFF, 0xFF, 0xFF, 0xFF, 0xFF,
  0xFF, 0xFF, 0xFF, 0xFF, 0xFF, 0xFF, 0xFF, 0xFF, 0xFF, 0xFF, 0xFF, 0xFF, 0xFF, 0xFF, 0xFF, 0xFF,
  0xFF, 0xFF, 0xFF, 0xFF, 0xFF, 0xFF, 0xFF, 0xFF, 0xFF, 0xFF, 0xFF, 0xFF, 0xFF, 0xFF, 0xFF, 0xFF,
  0xFF, 0xFF, 0xFF, 0xFF, 0xFF, 0xFF, 0xFF, 0xFF, 0xFF, 0xFF, 0xFF, 0xFF, 0xFF, 0xFF, 0xFF, 0xFF,
  0xFF, 0xFF, 0xFF, 0xFF, 0xFF, 0xFF, 0xFF, 0xFF, 0xFF, 0xFF, 0xFF, 0xFF, 0xFF, 0xFF, 0xFF, 0xFF,
  0xFF, 0xFF, 0xFF, 0xFF, 0xFF, 0xFF, 0xFF, 0xFF, 0xFF, 0xFF, 0xFF, 0xFF, 0xFF, 0xFF, 0xFF, 0xFF,
  0xFF, 0xFF, 0xFF, 0xFF, 0xFF, 0xFF, 0xFF, 0xFF, 0xFF, 0xFF, 0xFF, 0xFF, 0xFF, 0xFF, 0xFF, 0xFF,
  0xFF, 0xFF, 0xFF, 0xFF, 0xFF, 0xFF, 0xFF, 0xFF, 0xFF, 0xFF, 0xFF, 0xFF, 0xFF, 0xFF, 0xFF, 0xFF,
  0xFF, 0xFF, 0xFF, 0xFF, 0xFF, 0xFF, 0xFF, 0xFF, 0xFF, 0xFF, 0xFF, 0xFF, 0xFF, 0xFF, 0xFF, 0xFF,
  0xFF, 0xFF, 0xFF, 0xFF, 0xFF, 0xFF, 0xFF, 0xFF, 0xFF, 0xFF, 0xFF, 0xFF, 0xFF, 0xFF, 0xFF, 0xFF,
  0xFF, 0xFF, 0xFF, 0xFF, 0xFF, 0xFF, 0xFF, 0xFF, 0xFF, 0xFF, 0xFF, 0xFF, 0xFF, 0xFF, 0xFF, 0xFF,
  0xFF, 0xFF, 0xFF, 0xFF, 0xFF, 0xFF, 0xFF, 0xFF, 0xFF, 0xFF, 0xFF, 0xFF, 0xFF, 0xFF, 0xFF, 0xFF,
  0xFF, 0xFF, 0xFF, 0xFF, 0xFF, 0xFF, 0xFF, 0xFF, 0xFF, 0xFF, 0xFF, 0xFF, 0xFF, 0xFF, 0xFF, 0xFF,
  0xFF, 0xFF, 0xFF, 0xFF, 0xFF, 0xFF, 0xFF, 0xFF, 0xFF, 0xFF, 0xFF, 0xFF, 0xFF, 0xFF, 0xFF, 0xFF,
  0xFF, 0xFF, 0xFF, 0xFF, 0xFF, 0xFF, 0xFF, 0xFF, 0xFF, 0xFF, 0xFF, 0xFF, 0xFF, 0xFF, 0xFF, 0xFF,
  0xFF, 0xFF, 0xFF, 0xFF, 0xFF, 0xFF, 0xFF, 0xFF, 0xFF, 0xFF, 0xFF, 0xFF, 0xFF, 0xFF, 0xFF, 0xFF,
  0xFF, 0xFF, 0xFF, 0xFF, 0xFF, 0xFF, 0xFF, 0xFF, 0xFF, 0xFF, 0xFF, 0xFF, 0xFF, 0xFF, 0xFF, 0xFF,
  0xFF, 0xFF, 0xFF, 0xFF, 0xFF, 0xFF, 0xFF, 0xFF, 0xFF, 0xFF, 0xFF, 0xFF, 0xFF, 0xFF, 0xFF, 0xFF,
  0xFF, 0xFF, 0xFF, 0xFF, 0xFF, 0xFF, 0xFF, 0xFF, 0xFF, 0xFF, 0xFF, 0xFF, 0xFF, 0xFF, 0xFF, 0xFF,
  0xFF, 0xFF, 0xFF, 0xFF, 0xFF, 0xFF, 0xFF, 0xFF, 0xFF, 0xFF, 0xFF, 0xFF, 0xFF, 0xFF, 0xFF, 0xFF,
  0xFF, 0xFF, 0xFF, 0xFF, 0xFF, 0xFF, 0xFF, 0xFF, 0xFF, 0xFF, 0xFF, 0xFF, 0xFF, 0xFF, 0xFF, 0xFF,
  0xFF, 0xFF, 0xFF, 0xFF, 0xFF, 0xFF, 0xFF, 0xFF, 0xFF, 0xFF, 0xFF, 0xFF, 0xFF, 0xFF, 0xFF, 0xFF,
  0xFF, 0xFF, 0xFF, 0xFF, 0xFF, 0xFF, 0xFF, 0xFF, 0xFF, 0xFF, 0xFF, 0xFF, 0xFF, 0xFF, 0xFF, 0xFF,
  0xFF, 0xFF, 0xFF, 0xFF, 0xFF, 0xFF, 0xFF, 0xFF, 0xFF, 0xFF, 0xFF, 0xFF, 0xFF, 0xFF, 0xFF, 0xFF,
  0xFF, 0xFF, 0xFF, 0xFF, 0xFF, 0xFF, 0xFF, 0xFF, 0xFF, 0xFF, 0xFF, 0xFF, 0xFF, 0xFF, 0xFF, 0xFF,
  0xFF, 0xFF, 0xFF, 0xFF, 0xFF, 0xFF, 0xFF, 0xFF, 0xFF, 0xFF, 0xFF, 0xFF, 0xFF, 0xFF, 0xFF, 0xFF,
  0xFF, 0xFF, 0xFF, 0xFF, 0xFF, 0xFF, 0xFF, 0xFF, 0xFF, 0xFF, 0xFF, 0xFF, 0xFF, 0xFF, 0xFF, 0xFF,
  0xFF, 0xFF, 0xFF, 0xFF, 0xFF, 0xFF, 0xFF, 0xFF, 0xFF, 0xFF, 0xFF, 0xFF, 0xFF, 0xFF, 0xFF, 0xFF,
  0xFF, 0xFF, 0xFF, 0xFF, 0xFF, 0xFF, 0xFF, 0xFF, 0xFF, 0xFF, 0xFF, 0xFF, 0xFF, 0xFF, 0xFF, 0xFF,
  0xFF, 0xFF, 0xFF, 0xFF, 0xFF, 0xFF, 0xFF, 0xFF, 0xFF, 0xFF, 0xFF, 0xFF, 0xFF, 0xFF, 0xFF, 0xFF,
  0xFF, 0xFF, 0xFF, 0xFF, 0xFF, 0xFF, 0xFF, 0xFF, 0xFF, 0xFF, 0xFF, 0xFF, 0xFF, 0xFF, 0xFF, 0xFF,
  0xFF, 0xFF, 0xFF, 0xFF, 0xFF, 0xFF, 0xFF, 0xFF, 0xFF, 0xFF, 0xFF, 0xFF, 0xFF, 0xFF, 0xFF, 0xFF,
  0xFF, 0xFF, 0xFF, 0xFF, 0xFF, 0xFF, 0xFF, 0xFF, 0xFF, 0xFF, 0xFF, 0xFF, 0xFF, 0xFF, 0xFF, 0xFF,
  0xFF, 0xFF, 0xFF, 0xFF, 0xFF, 0xFF, 0xFF, 0xFF, 0xFF, 0xFF, 0xFF, 0xFF, 0xFF, 0xFF, 0xFF, 0xFF,
  0xFF, 0xFF, 0xFF, 0xFF, 0xFF, 0xFF, 0xFF, 0xFF, 0xFF, 0xFF, 0xFF, 0xFF, 0xFF, 0xFF, 0xFF, 0xFF,
  0xFF, 0xFF, 0xFF, 0xFF, 0xFF, 0xFF, 0xFF, 0xFF, 0xFF, 0xFF, 0xFF, 0xFF, 0xFF, 0xFF, 0xFF, 0xFF,
  0xFF, 0xFF, 0xFF, 0xFF, 0xFF, 0xFF, 0xFF, 0xFF, 0xFF, 0xFF, 0xFF, 0xFF, 0xFF, 0xFF, 0xFF, 0xFF,
  0xFF, 0xFF, 0xFF, 0xFF, 0xFF, 0xFF, 0xFF, 0xFF, 0xFF, 0xFF, 0xFF, 0xFF, 0xFF, 0xFF, 0xFF, 0xFF,
  0xFF, 0xFF, 0xFF, 0xFF, 0xFF, 0xFF, 0xFF, 0xFF, 0xFF, 0xFF, 0xFF, 0xFF, 0xFF, 0xFF, 0xFF, 0xFF,
  0xFF, 0xFF, 0xFF, 0xFF, 0xFF, 0xFF, 0xFF, 0xFF, 0xFF, 0xFF, 0xFF, 0xFF, 0xFF, 0xFF, 0xFF, 0xFF,
  0xFF, 0xFF, 0xFF, 0xFF, 0xFF, 0xFF, 0xFF, 0xFF, 0xFF, 0xFF, 0xFF, 0xFF, 0xFF, 0xFF, 0xFF, 0xFF,
  0xFF, 0xFF, 0xFF, 0xFF, 0xFF, 0xFF, 0xFF, 0xFF, 0xFF, 0xFF, 0xFF, 0xFF, 0xFF, 0xFF, 0xFF, 0xFF,
  0xFF, 0xFF, 0xFF, 0xFF, 0xFF, 0xFF, 0xFF, 0xFF, 0xFF, 0xFF, 0xFF, 0xFF, 0xFF, 0xFF, 0xFF, 0xFF,
  0xFF, 0xFF, 0xFF, 0xFF, 0xFF, 0xFF, 0xFF, 0xFF, 0xFF, 0xFF, 0xFF, 0xFF, 0xFF, 0xFF, 0xFF, 0xFF,
  0xFF, 0xFF, 0xFF, 0xFF, 0xFF, 0xFF, 0xFF, 0xFF, 0xFF, 0xFF, 0xFF, 0xFF, 0xFF, 0xFF, 0xFF, 0xFF,
  0xFF, 0xFF, 0xFF, 0xFF, 0xFF, 0xFF, 0xFF, 0xFF, 0xFF, 0xFF, 0xFF, 0xFF, 0xFF, 0xFF, 0xFF, 0xFF,
  0xFF, 0xFF, 0xFF, 0xFF, 0xFF, 0xFF, 0xFF, 0xFF, 0xFF, 0xFF, 0xFF, 0xFF, 0xFF, 0xFF, 0xFF, 0xFF,
  0xFF, 0xFF, 0xFF, 0xFF, 0xFF, 0xFF, 0xFF, 0xFF, 0xFF, 0xFF, 0xFF, 0xFF, 0xFF, 0xFF, 0xFF, 0xFF,
  0xFF, 0xFF, 0xFF, 0xFF, 0xFF, 0xFF, 0xFF, 0xFF, 0xFF, 0xFF, 0xFF, 0xFF, 0xFF, 0xFF, 0xFF, 0xFF,
  0xFF, 0xFF, 0xFF, 0xFF, 0xFF, 0xFF, 0xFF, 0xFF, 0xFF, 0xFF, 0xFF, 0xFF, 0xFF, 0xFF, 0xFF, 0xFF,
  0xFF, 0xFF, 0xFF, 0xFF, 0xFF, 0xFF, 0xFF, 0xFF, 0xFF, 0xFF, 0xFF, 0xFF, 0xFF, 0xFF, 0xFF, 0xFF,
  0xFF, 0xFF, 0xFF, 0xFF, 0xFF, 0xFF, 0xFF, 0xFF, 0xFF, 0xFF, 0xFF, 0xFF, 0xFF, 0xFF, 0xFF, 0xFF,
  0xFF, 0xFF, 0xFF, 0xFF, 0xFF, 0xFF, 0xFF, 0xFF, 0xFF, 0xFF, 0xFF, 0xFF, 0xFF, 0xFF, 0xFF, 0xFF,
  0xFF, 0xFF, 0xFF, 0xFF, 0xFF, 0xFF, 0xFF, 0xFF, 0xFF, 0xFF, 0xFF, 0xFF, 0xFF, 0xFF, 0xFF, 0xFF,
  0xFF, 0xFF, 0xFF, 0xFF, 0xFF, 0xFF, 0xFF, 0xFF, 0xFF, 0xFF, 0xFF, 0xFF, 0xFF, 0xFF, 0xFF, 0xFF,
  0xFF, 0xFF, 0xFF, 0xFF, 0xFF, 0xFF, 0xFF, 0xFF, 0xFF, 0xFF, 0xFF, 0xFF, 0xFF, 0xFF, 0xFF, 0xFF,
  0xFF, 0xFF, 0xFF, 0xFF, 0xFF, 0xFF, 0xFF, 0xFF, 0xFF, 0xFF, 0xFF, 0xFF, 0xFF, 0xFF, 0xFF, 0xFF,
  0xFF, 0xFF, 0xFF, 0xFF, 0xFF, 0xFF, 0xFF, 0xFF, 0xFF, 0xFF, 0xFF, 0xFF, 0xFF, 0xFF, 0xFF, 0xFF,
  0xFF, 0xFF, 0xFF, 0xFF, 0xFF, 0xFF, 0xFF, 0xFF, 0xFF, 0xFF, 0xFF, 0xFF, 0xFF, 0xFF, 0xFF, 0xFF,
  0xFF, 0xFF, 0xFF, 0xFF, 0xFF, 0xFF, 0xFF, 0xFF, 0xFF, 0xFF, 0xFF, 0xFF, 0xFF, 0xFF, 0xFF, 0xFF,
  0xFF, 0xFF, 0xFF, 0xFF, 0xFF, 0xFF, 0xFF, 0xFF, 0xFF, 0xFF, 0xFF, 0xFF, 0xFF, 0xFF, 0xFF, 0xFF,
  0xFF, 0xFF, 0xFF, 0xFF, 0xFF, 0xFF, 0xFF, 0xFF, 0xFF, 0xFF, 0xFF, 0xFF, 0xFF, 0xFF, 0xFF, 0xFF,
  0xFF, 0xFF, 0xFF, 0xFF, 0xFF, 0xFF, 0xFF, 0xFF, 0xFF, 0xFF, 0xFF, 0xFF, 0xFF, 0xFF, 0xFF, 0xFF,
  0xFF, 0xFF, 0xFF, 0xFF, 0xFF, 0xFF, 0xFF, 0xFF, 0xFF, 0xFF, 0xFF, 0xFF, 0xFF, 0xFF, 0xFF, 0xFF,
  0xFF, 0xFF, 0xFF, 0xFF, 0xFF, 0xFF, 0xFF, 0xFF, 0xFF, 0xFF, 0xFF, 0xFF, 0xFF, 0xFF, 0xFF, 0xFF,
  0xFF, 0xFF, 0xFF, 0xFF, 0xFF, 0xFF, 0xFF, 0xFF, 0xFF, 0xFF, 0xFF, 0xFF, 0xFF, 0xFF, 0xFF, 0xFF,
  0xFF, 0xFF, 0xFF, 0xFF, 0xFF, 0xFF, 0xFF, 0xFF, 0xFF, 0xFF, 0xFF, 0xFF, 0xFF, 0xFF, 0xFF, 0xFF,
  0xFF, 0xFF, 0xFF, 0xFF, 0xFF, 0xFF, 0xFF, 0xFF, 0xFF, 0xFF, 0xFF, 0xFF, 0xFF, 0xFF, 0xFF, 0xFF,
  0xFF, 0xFF, 0xFF, 0xFF, 0xFF, 0xFF, 0xFF, 0xFF, 0xFF, 0xFF, 0xFF, 0xFF, 0xFF, 0xFF, 0xFF, 0xFF,
  0xFF, 0xFF, 0xFF, 0xFF, 0xFF, 0xFF, 0xFF, 0xFF, 0xFF, 0xFF, 0xFF, 0xFF, 0xFF, 0xFF, 0xFF, 0xFF,
  0xFF, 0xFF, 0xFF, 0xFF, 0xFF, 0xFF, 0xFF, 0xFF, 0xFF, 0xFF, 0xFF, 0xFF, 0xFF, 0xFF, 0xFF, 0xFF,
  0xFF, 0xFF, 0xFF, 0xFF, 0xFF, 0xFF, 0xFF, 0xFF, 0xFF, 0xFF, 0xFF, 0xFF, 0xFF, 0xFF, 0xFF, 0xFF,
  0xFF, 0xFF, 0xFF, 0xFF, 0xFF, 0xFF, 0xFF, 0xFF, 0xFF, 0xFF, 0xFF, 0xFF, 0xFF, 0xFF, 0xFF, 0xFF,
  0xFF, 0xFF, 0xFF, 0xFF, 0xFF, 0xFF, 0xFF, 0xFF, 0xFF, 0xFF, 0xFF, 0xFF, 0xFF, 0xFF, 0xFF, 0xFF,
  0xFF, 0xFF, 0xFF, 0xFF, 0xFF, 0xFF, 0xFF, 0xFF, 0xFF, 0xFF, 0xFF, 0xFF, 0xFF, 0xFF, 0xFF, 0xFF,
  0xFF, 0xFF, 0xFF, 0xFF, 0xFF, 0xFF, 0xFF, 0xFF, 0xFF, 0xFF, 0xFF, 0xFF, 0xFF, 0xFF, 0xFF, 0xFF,
  0xFF, 0xFF, 0xFF, 0xFF, 0xFF, 0xFF, 0xFF, 0xFF, 0xFF, 0xFF, 0xFF, 0xFF, 0xFF, 0xFF, 0xFF, 0xFF,
  0xFF, 0xFF, 0xFF, 0xFF, 0xFF, 0xFF, 0xFF, 0xFF, 0xFF, 0xFF, 0xFF, 0xFF, 0xFF, 0xFF, 0xFF, 0xFF,
  0xFF, 0xFF, 0xFF, 0xFF, 0xFF, 0xFF, 0xFF, 0xFF, 0xFF, 0xFF, 0xFF, 0xFF, 0xFF, 0xFF, 0xFF, 0xFF,
  0xFF, 0xFF, 0xFF, 0xFF, 0xFF, 0xFF, 0xFF, 0xFF, 0xFF, 0xFF, 0xFF, 0xFF, 0xFF, 0xFF, 0xFF, 0xFF,
  0xFF, 0xFF, 0xFF, 0xFF, 0xFF, 0xFF, 0xFF, 0xFF, 0xFF, 0xFF, 0xFF, 0xFF, 0xFF, 0xFF, 0xFF, 0xFF,
  0xFF, 0xFF, 0xFF, 0xFF, 0xFF, 0xFF, 0xFF, 0xFF, 0xFF, 0xFF, 0xFF, 0xFF, 0xFF, 0xFF, 0xFF, 0xFF,
  0xFF, 0xFF, 0xFF, 0xFF, 0xFF, 0xFF, 0xFF, 0xFF, 0xFF, 0xFF, 0xFF, 0xFF, 0xFF, 0xFF, 0xFF, 0xFF,
  0xFF, 0xFF, 0xFF, 0xFF, 0xFF, 0xFF, 0xFF, 0xFF, 0xFF, 0xFF, 0xFF, 0xFF, 0xFF, 0xFF, 0xFF, 0xFF,
  0xFF, 0xFF, 0xFF, 0xFF, 0xFF, 0xFF, 0xFF, 0xFF, 0xFF, 0xFF, 0xFF, 0xFF, 0xFF, 0xFF, 0xFF, 0xFF,
  0xFF, 0xFF, 0xFF, 0xFF, 0xFF, 0xFF, 0xFF, 0xFF, 0xFF, 0xFF, 0xFF, 0xFF, 0xFF, 0xFF, 0xFF, 0xFF,
  0xFF, 0xFF, 0xFF, 0xFF, 0xFF, 0xFF, 0xFF, 0xFF, 0xFF, 0xFF, 0xFF, 0xFF, 0xFF, 0xFF, 0xFF, 0xFF,
  0xFF, 0xFF, 0xFF, 0xFF, 0xFF, 0xFF, 0xFF, 0xFF, 0xFF, 0xFF, 0xFF, 0xFF, 0xFF, 0xFF, 0xFF, 0xFF,
  0xFF, 0xFF, 0xFF, 0xFF, 0xFF, 0xFF, 0xFF, 0xFF, 0xFF, 0xFF, 0xFF, 0xFF, 0xFF, 0xFF, 0xFF, 0xFF,
  0xFF, 0xFF, 0xFF, 0xFF, 0xFF, 0xFF, 0xFF, 0xFF, 0xFF, 0xFF, 0xFF, 0xFF, 0xFF, 0xFF, 0xFF, 0xFF,
  0xFF, 0xFF, 0xFF, 0xFF, 0xFF, 0xFF, 0xFF, 0xFF, 0xFF, 0xFF, 0xFF, 0xFF, 0xFF, 0xFF, 0xFF, 0xFF,
  0xFF, 0xFF, 0xFF, 0xFF, 0xFF, 0xFF, 0xFF, 0xFF, 0xFF, 0xFF, 0xFF, 0xFF, 0xFF, 0xFF, 0xFF, 0xFF,
  0xFF, 0xFF, 0xFF, 0xFF, 0xFF, 0xFF, 0xFF, 0xFF, 0xFF, 0xFF, 0xFF, 0xFF, 0xFF, 0xFF, 0xFF, 0xFF,
  0xFF, 0xFF, 0xFF, 0xFF, 0xFF, 0xFF, 0xFF, 0xFF, 0xFF, 0xFF, 0xFF, 0xFF, 0xFF, 0xFF, 0xFF, 0xFF,
  0xFF, 0xFF, 0xFF, 0xFF, 0xFF, 0xFF, 0xFF, 0xFF, 0xFF, 0xFF, 0xFF, 0xFF, 0xFF, 0xFF, 0xFF, 0xFF,
  0xFF, 0xFF, 0xFF, 0xFF, 0xFF, 0xFF, 0xFF, 0xFF, 0xFF, 0xFF, 0xFF, 0xFF, 0xFF, 0xFF, 0xFF, 0xFF,
  0xFF, 0xFF, 0xFF, 0xFF, 0xFF, 0xFF, 0xFF, 0xFF, 0xFF, 0xFF, 0xFF, 0xFF, 0xFF, 0xFF, 0xFF, 0xFF,
  0xFF, 0xFF, 0xFF, 0xFF, 0xFF, 0xFF, 0xFF, 0xFF, 0xFF, 0xFF, 0xFF, 0xFF, 0xFF, 0xFF, 0xFF, 0xFF,
  0xFF, 0xFF, 0xFF, 0xFF, 0xFF, 0xFF, 0xFF, 0xFF, 0xFF, 0xFF, 0xFF, 0xFF, 0xFF, 0xFF, 0xFF, 0xFF,
  0xFF, 0xFF, 0xFF, 0xFF, 0xFF, 0xFF, 0xFF, 0xFF, 0xFF, 0xFF, 0xFF, 0xFF, 0xFF, 0xFF, 0xFF, 0xFF,
  0xFF, 0xFF, 0xFF, 0xFF, 0xFF, 0xFF, 0xFF, 0xFF, 0xFF, 0xFF, 0xFF, 0xFF, 0xFF, 0xFF, 0xFF, 0xFF,
  0xFF, 0xFF, 0xFF, 0xFF, 0xFF, 0xFF, 0xFF, 0xFF, 0xFF, 0xFF, 0xFF, 0xFF, 0xFF, 0xFF, 0xFF, 0xFF,
  0xFF, 0xFF, 0xFF, 0xFF, 0xFF, 0xFF, 0xFF, 0xFF, 0xFF, 0xFF, 0xFF, 0xFF, 0xFF, 0xFF, 0xFF, 0xFF,
  0xFF, 0xFF, 0xFF, 0xFF, 0xFF, 0xFF, 0xFF, 0xFF, 0xFF, 0xFF, 0xFF, 0xFF, 0xFF, 0xFF, 0xFF, 0xFF,
  0xFF, 0xFF, 0xFF, 0xFF, 0xFF, 0xFF, 0xFF, 0xFF, 0xFF, 0xFF, 0xFF, 0xFF, 0xFF, 0xFF, 0xFF, 0xFF,
  0xFF, 0xFF, 0xFF, 0xFF, 0xFF, 0xFF, 0xFF, 0xFF, 0xFF, 0xFF, 0xFF, 0xFF, 0xFF, 0xFF, 0xFF, 0xFF,
  0xFF, 0xFF, 0xFF, 0xFF, 0xFF, 0xFF, 0xFF, 0xFF, 0xFF, 0xFF, 0xFF, 0xFF, 0xFF, 0xFF, 0xFF, 0xFF,
  0xFF, 0xFF, 0xFF, 0xFF, 0xFF, 0xFF, 0xFF, 0xFF, 0xFF, 0xFF, 0xFF, 0xFF, 0xFF, 0xFF, 0xFF, 0xFF,
  0xFF, 0xFF, 0xFF, 0xFF, 0xFF, 0xFF, 0xFF, 0xFF, 0xFF, 0xFF, 0xFF, 0xFF, 0xFF, 0xFF, 0xFF, 0xFF,
  0xFF, 0xFF, 0xFF, 0xFF, 0xFF, 0xFF, 0xFF, 0xFF, 0xFF, 0xFF, 0xFF, 0xFF, 0xFF, 0xFF, 0xFF, 0xFF,
  0xFF, 0xFF, 0xFF, 0xFF, 0xFF, 0xFF, 0xFF, 0xFF, 0xFF, 0xFF, 0xFF, 0xFF, 0xFF, 0xFF, 0xFF, 0xFF,
  0xFF, 0xFF, 0xFF, 0xFF, 0xFF, 0xFF, 0xFF, 0xFF, 0xFF, 0xFF, 0xFF, 0xFF, 0xFF, 0xFF, 0xFF, 0xFF,
  0xFF, 0xFF, 0xFF, 0xFF, 0xFF, 0xFF, 0xFF, 0xFF, 0xFF, 0xFF, 0xFF, 0xFF, 0xFF, 0xFF, 0xFF, 0xFF,
  0xFF, 0xFF, 0xFF, 0xFF, 0xFF, 0xFF, 0xFF, 0xFF, 0xFF, 0xFF, 0xFF, 0xFF, 0xFF, 0xFF, 0xFF, 0xFF,
  0xFF, 0xFF, 0xFF, 0xFF, 0xFF, 0xFF, 0xFF, 0xFF, 0xFF, 0xFF, 0xFF, 0xFF, 0xFF, 0xFF, 0xFF, 0xFF,
  0xFF, 0xFF, 0xFF, 0xFF, 0xFF, 0xFF, 0xFF, 0xFF, 0xFF, 0xFF, 0xFF, 0xFF, 0xFF, 0xFF, 0xFF, 0xFF,
  0xFF, 0xFF, 0xFF, 0xFF, 0xFF, 0xFF, 0xFF, 0xFF, 0xFF, 0xFF, 0xFF, 0xFF, 0xFF, 0xFF, 0xFF, 0xFF,
  0xFF, 0xFF, 0xFF, 0xFF, 0xFF, 0xFF, 0xFF, 0xFF, 0xFF, 0xFF, 0xFF, 0xFF, 0xFF, 0xFF, 0xFF, 0xFF,
  0xFF, 0xFF, 0xFF, 0xFF, 0xFF, 0xFF, 0xFF, 0xFF, 0xFF, 0xFF, 0xFF, 0xFF, 0xFF, 0xFF, 0xFF, 0xFF,
  0xFF, 0xFF, 0xFF, 0xFF, 0xFF, 0xFF, 0xFF, 0xFF, 0xFF, 0xFF, 0xFF, 0xFF, 0xFF, 0xFF, 0xFF, 0xFF,
  0xFF, 0xFF, 0xFF, 0xFF, 0xFF, 0xFF, 0xFF, 0xFF, 0xFF, 0xFF, 0xFF, 0xFF, 0xFF, 0xFF, 0xFF, 0xFF,
  0xFF, 0xFF, 0xFF, 0xFF, 0xFF, 0xFF, 0xFF, 0xFF, 0xFF, 0xFF, 0xFF, 0xFF, 0xFF, 0xFF, 0xFF, 0xFF,
  0xFF, 0xFF, 0xFF, 0xFF, 0xFF, 0xFF, 0xFF, 0xFF, 0xFF, 0xFF, 0xFF, 0xFF, 0xFF, 0xFF, 0xFF, 0xFF,
  0xFF, 0xFF, 0xFF, 0xFF, 0xFF, 0xFF, 0xFF, 0xFF, 0xFF, 0xFF, 0xFF, 0xFF, 0xFF, 0xFF, 0xFF, 0xFF,
  0xFF, 0xFF, 0xFF, 0xFF, 0xFF, 0xFF, 0xFF, 0xFF, 0xFF, 0xFF, 0xFF, 0xFF, 0xFF, 0xFF, 0xFF, 0xFF,
  0xFF, 0xFF, 0xFF, 0xFF, 0xFF, 0xFF, 0xFF, 0xFF, 0xFF, 0xFF, 0xFF, 0xFF, 0xFF, 0xFF, 0xFF, 0xFF,
  0xFF, 0xFF, 0xFF, 0xFF, 0xFF, 0xFF, 0xFF, 0xFF, 0xFF, 0xFF, 0xFF, 0xFF, 0xFF, 0xFF, 0xFF, 0xFF,
  0xFF, 0xFF, 0xFF, 0xFF, 0xFF, 0xFF, 0xFF, 0xFF, 0xFF, 0xFF, 0xFF, 0xFF, 0xFF, 0xFF, 0xFF, 0xFF,
  0xFF, 0xFF, 0xFF, 0xFF, 0xFF, 0xFF, 0xFF, 0xFF, 0xFF, 0xFF, 0xFF, 0xFF, 0xFF, 0xFF, 0xFF, 0xFF,
  0xFF, 0xFF, 0xFF, 0xFF, 0xFF, 0xFF, 0xFF, 0xFF, 0xFF, 0xFF, 0xFF, 0xFF, 0xFF, 0xFF, 0xFF, 0xFF,
  0xFF, 0xFF, 0xFF, 0xFF, 0xFF, 0xFF, 0xFF, 0xFF, 0xFF, 0xFF, 0xFF, 0xFF, 0xFF, 0xFF, 0xFF, 0xFF,
  0xFF, 0xFF, 0xFF, 0xFF, 0xFF, 0xFF, 0xFF, 0xFF, 0xFF, 0xFF, 0xFF, 0xFF, 0xFF, 0xFF, 0xFF, 0xFF,
  0xFF, 0xFF, 0xFF, 0xFF, 0xFF, 0xFF, 0xFF, 0xFF, 0xFF, 0xFF, 0xFF, 0xFF, 0xFF, 0xFF, 0xFF, 0xFF,
  0xFF, 0xFF, 0xFF, 0xFF, 0xFF, 0xFF, 0xFF, 0xFF, 0xFF, 0xFF, 0xFF, 0xFF, 0xFF, 0xFF, 0xFF, 0xFF,
  0xFF, 0xFF, 0xFF, 0xFF, 0xFF, 0xFF, 0xFF, 0xFF, 0xFF, 0xFF, 0xFF, 0xFF, 0xFF, 0xFF, 0xFF, 0xFF,
  0xFF, 0xFF, 0xFF, 0xFF, 0xFF, 0xFF, 0xFF, 0xFF, 0xFF, 0xFF, 0xFF, 0xFF, 0xFF, 0xFF, 0xFF, 0xFF,
  0xFF, 0xFF, 0xFF, 0xFF, 0xFF, 0xFF, 0xFF, 0xFF, 0xFF, 0xFF, 0xFF, 0xFF, 0xFF, 0xFF, 0xFF, 0xFF,
  0xFF, 0xFF, 0xFF, 0xFF, 0xFF, 0xFF, 0xFF, 0xFF, 0xFF, 0xFF, 0xFF, 0xFF, 0xFF, 0xFF, 0xFF, 0xFF,
  0xFF, 0xFF, 0xFF, 0xFF, 0xFF, 0xFF, 0xFF, 0xFF, 0xFF, 0xFF, 0xFF, 0xFF, 0xFF, 0xFF, 0xFF, 0xFF,
  0xFF, 0xFF, 0xFF, 0xFF, 0xFF, 0xFF, 0xFF, 0xFF, 0xFF, 0xFF, 0xFF, 0xFF, 0xFF, 0xFF, 0xFF, 0xFF,
  0xFF, 0xFF, 0xFF, 0xFF, 0xFF, 0xFF, 0xFF, 0xFF, 0xFF, 0xFF, 0xFF, 0xFF, 0xFF, 0xFF, 0xFF, 0xFF,
  0xFF, 0xFF, 0xFF, 0xFF, 0xFF, 0xFF, 0xFF, 0xFF, 0xFF, 0xFF, 0xFF, 0xFF, 0xFF, 0xFF, 0xFF, 0xFF,
  0xFF, 0xFF, 0xFF, 0xFF, 0xFF, 0xFF, 0xFF, 0xFF, 0xFF, 0xFF, 0xFF, 0xFF, 0xFF, 0xFF, 0xFF, 0xFF,
  0xFF, 0xFF, 0xFF, 0xFF, 0xFF, 0xFF, 0xFF, 0xFF, 0xFF, 0xFF, 0xFF, 0xFF, 0xFF, 0xFF, 0xFF, 0xFF,
  0xFF, 0xFF, 0xFF, 0xFF, 0xFF, 0xFF, 0xFF, 0xFF, 0xFF, 0xFF, 0xFF, 0xFF, 0xFF, 0xFF, 0xFF, 0xFF,
  0xFF, 0xFF, 0xFF, 0xFF, 0xFF, 0xFF, 0xFF, 0xFF, 0xFF, 0xFF, 0xFF, 0xFF, 0xFF, 0xFF, 0xFF, 0xFF,
  0xFF, 0xFF, 0xFF, 0xFF, 0xFF, 0xFF, 0xFF, 0xFF, 0xFF, 0xFF, 0xFF, 0xFF, 0xFF, 0xFF, 0xFF, 0xFF,
  0xFF, 0xFF, 0xFF, 0xFF, 0xFF, 0xFF, 0xFF, 0xFF, 0xFF, 0xFF, 0xFF, 0xFF, 0xFF, 0xFF, 0xFF, 0xFF,
  0xFF, 0xFF, 0xFF, 0xFF, 0xFF, 0xFF, 0xFF, 0xFF, 0xFF, 0xFF, 0xFF, 0xFF, 0xFF, 0xFF, 0xFF, 0xFF,
  0xFF, 0xFF, 0xFF, 0xFF, 0xFF, 0xFF, 0xFF, 0xFF, 0xFF, 0xFF, 0xFF, 0xFF, 0xFF, 0xFF, 0xFF, 0xFF,
  0xFF, 0xFF, 0xFF, 0xFF, 0xFF, 0xFF, 0xFF, 0xFF, 0xFF, 0xFF, 0xFF, 0xFF, 0xFF, 0xFF, 0xFF, 0xFF,
  0xFF, 0xFF, 0xFF, 0xFF, 0xFF, 0xFF, 0xFF, 0xFF, 0xFF, 0xFF, 0xFF, 0xFF, 0xFF, 0xFF, 0xFF, 0xFF,
  0xFF, 0xFF, 0xFF, 0xFF, 0xFF, 0xFF, 0xFF, 0xFF, 0xFF, 0xFF, 0xFF, 0xFF, 0xFF, 0xFF, 0xFF, 0xFF,
  0xFF, 0xFF, 0xFF, 0xFF, 0xFF, 0xFF, 0xFF, 0xFF, 0xFF, 0xFF, 0xFF, 0xFF, 0xFF, 0xFF, 0xFF, 0xFF,
  0xFF, 0xFF, 0xFF, 0xFF, 0xFF, 0xFF, 0xFF, 0xFF, 0xFF, 0xFF, 0xFF, 0xFF, 0xFF, 0xFF, 0xFF, 0xFF,
  0xFF, 0xFF, 0xFF, 0xFF, 0xFF, 0xFF, 0xFF, 0xFF, 0xFF, 0xFF, 0xFF, 0xFF, 0xFF, 0xFF, 0xFF, 0xFF,
  0xFF, 0xFF, 0xFF, 0xFF, 0xFF, 0xFF, 0xFF, 0xFF, 0xFF, 0xFF, 0xFF, 0xFF, 0xFF, 0xFF, 0xFF, 0xFF,
  0xFF, 0xFF, 0xFF, 0xFF, 0xFF, 0xFF, 0xFF, 0xFF, 0xFF, 0xFF, 0xFF, 0xFF, 0xFF, 0xFF, 0xFF, 0xFF,
  0xFF, 0xFF, 0xFF, 0xFF, 0xFF, 0xFF, 0xFF, 0xFF, 0xFF, 0xFF, 0xFF, 0xFF, 0xFF, 0xFF, 0xFF, 0xFF,
  0xFF, 0xFF, 0xFF, 0xFF, 0xFF, 0xFF, 0xFF, 0xFF, 0xFF, 0xFF, 0xFF, 0xFF, 0xFF, 0xFF, 0xFF, 0xFF,
  0xFF, 0xFF, 0xFF, 0xFF, 0xFF, 0xFF, 0xFF, 0xFF, 0xFF, 0xFF, 0xFF, 0xFF, 0xFF, 0xFF, 0xFF, 0xFF,
  0xFF, 0xFF, 0xFF, 0xFF, 0xFF, 0xFF, 0xFF, 0xFF, 0xFF, 0xFF, 0xFF, 0xFF, 0xFF, 0xFF, 0xFF, 0xFF,
  0xFF, 0xFF, 0xFF, 0xFF, 0xFF, 0xFF, 0xFF, 0xFF, 0xFF, 0xFF, 0xFF, 0xFF, 0xFF, 0xFF, 0xFF, 0xFF,
  0xFF, 0xFF, 0xFF, 0xFF, 0xFF, 0xFF, 0xFF, 0xFF, 0xFF, 0xFF, 0xFF, 0xFF, 0xFF, 0xFF, 0xFF, 0xFF,
  0xFF, 0xFF, 0xFF, 0xFF, 0xFF, 0xFF, 0xFF, 0xFF, 0xFF, 0xFF, 0xFF, 0xFF, 0xFF, 0xFF, 0xFF, 0xFF,
  0xFF, 0xFF, 0xFF, 0xFF, 0xFF, 0xFF, 0xFF, 0xFF, 0xFF, 0xFF, 0xFF, 0xFF, 0xFF, 0xFF, 0xFF, 0xFF,
  0xFF, 0xFF, 0xFF, 0xFF, 0xFF, 0xFF, 0xFF, 0xFF, 0xFF, 0xFF, 0xFF, 0xFF, 0xFF, 0xFF, 0xFF, 0xFF,
  0xFF, 0xFF, 0xFF, 0xFF, 0xFF, 0xFF, 0xFF, 0xFF, 0xFF, 0xFF, 0xFF, 0xFF, 0xFF, 0xFF, 0xFF, 0xFF,
  0xFF, 0xFF, 0xFF, 0xFF, 0xFF, 0xFF, 0xFF, 0xFF, 0xFF, 0xFF, 0xFF, 0xFF, 0xFF, 0xFF, 0xFF, 0xFF,
  0xFF, 0xFF, 0xFF, 0xFF, 0xFF, 0xFF, 0xFF, 0xFF, 0xFF, 0xFF, 0xFF, 0xFF, 0xFF, 0xFF, 0xFF, 0xFF,
  0xFF, 0xFF, 0xFF, 0xFF, 0xFF, 0xFF, 0xFF, 0xFF, 0xFF, 0xFF, 0xFF, 0xFF, 0xFF, 0xFF, 0xFF, 0xFF,
  0xFF, 0xFF, 0xFF, 0xFF, 0xFF, 0xFF, 0xFF, 0xFF, 0xFF, 0xFF, 0xFF, 0xFF, 0xFF, 0xFF, 0xFF, 0xFF,
  0xFF, 0xFF, 0xFF, 0xFF, 0xFF, 0xFF, 0xFF, 0xFF, 0xFF, 0xFF, 0xFF, 0xFF, 0xFF, 0xFF, 0xFF, 0xFF,
  0xFF, 0xFF, 0xFF, 0xFF, 0xFF, 0xFF, 0xFF, 0xFF, 0xFF, 0xFF, 0xFF, 0xFF, 0xFF, 0xFF, 0xFF, 0xFF,
  0xFF, 0xFF, 0xFF, 0xFF, 0xFF, 0xFF, 0xFF, 0xFF, 0xFF, 0xFF, 0xFF, 0xFF, 0xFF, 0xFF, 0xFF, 0xFF,
  0xFF, 0xFF, 0xFF, 0xFF, 0xFF, 0xFF, 0xFF, 0xFF, 0xFF, 0xFF, 0xFF, 0xFF, 0xFF, 0xFF, 0xFF, 0xFF,
  0xFF, 0xFF, 0xFF, 0xFF, 0xFF, 0xFF, 0xFF, 0xFF, 0xFF, 0xFF, 0xFF, 0xFF, 0xFF, 0xFF, 0xFF, 0xFF,
  0xFF, 0xFF, 0xFF, 0xFF, 0xFF, 0xFF, 0xFF, 0xFF, 0xFF, 0xFF, 0xFF, 0xFF, 0xFF, 0xFF, 0xFF, 0xFF,
  0xFF, 0xFF, 0xFF, 0xFF, 0xFF, 0xFF, 0xFF, 0xFF, 0xFF, 0xFF, 0xFF, 0xFF, 0xFF, 0xFF, 0xFF, 0xFF,
  0xFF, 0xFF, 0xFF, 0xFF, 0xFF, 0xFF, 0xFF, 0xFF, 0xFF, 0xFF, 0xFF, 0xFF, 0xFF, 0xFF, 0xFF, 0xFF,
  0xFF, 0xFF, 0xFF, 0xFF, 0xFF, 0xFF, 0xFF, 0xFF, 0xFF, 0xFF, 0xFF, 0xFF, 0xFF, 0xFF, 0xFF, 0xFF,
  0xFF, 0xFF, 0xFF, 0xFF, 0xFF, 0xFF, 0xFF, 0xFF, 0xFF, 0xFF, 0xFF, 0xFF, 0xFF, 0xFF, 0xFF, 0xFF,
  0xFF, 0xFF, 0xFF, 0xFF, 0xFF, 0xFF, 0xFF, 0xFF, 0xFF, 0xFF, 0xFF, 0xFF, 0xFF, 0xFF, 0xFF, 0xFF,
  0xFF, 0xFF, 0xFF, 0xFF, 0xFF, 0xFF, 0xFF, 0xFF, 0xFF, 0xFF, 0xFF, 0xFF, 0xFF, 0xFF, 0xFF, 0xFF,
  0xFF, 0xFF, 0xFF, 0xFF, 0xFF, 0xFF, 0xFF, 0xFF, 0xFF, 0xFF, 0xFF, 0xFF, 0xFF, 0xFF, 0xFF, 0xFF,
  0xFF, 0xFF, 0xFF, 0xFF, 0xFF, 0xFF, 0xFF, 0xFF, 0xFF, 0xFF, 0xFF, 0xFF, 0xFF, 0xFF, 0xFF, 0xFF,
  0xFF, 0xFF, 0xFF, 0xFF, 0xFF, 0xFF, 0xFF, 0xFF, 0xFF, 0xFF, 0xFF, 0xFF, 0xFF, 0xFF, 0xFF, 0xFF,
  0xFF, 0xFF, 0xFF, 0xFF, 0xFF, 0xFF, 0xFF, 0xFF, 0xFF, 0xFF, 0xFF, 0xFF, 0xFF, 0xFF, 0xFF, 0xFF,
  0xFF, 0xFF, 0xFF, 0xFF, 0xFF, 0xFF, 0xFF, 0xFF, 0xFF, 0xFF, 0xFF, 0xFF, 0xFF, 0xFF, 0xFF, 0xFF,
  0xFF, 0xFF, 0xFF, 0xFF, 0xFF, 0xFF, 0xFF, 0xFF, 0xFF, 0xFF, 0xFF, 0xFF, 0xFF, 0xFF, 0xFF, 0xFF,
  0xFF, 0xFF, 0xFF, 0xFF, 0xFF, 0xFF, 0xFF, 0xFF, 0xFF, 0xFF, 0xFF, 0xFF, 0xFF, 0xFF, 0xFF, 0xFF,
  0xFF, 0xFF, 0xFF, 0xFF, 0xFF, 0xFF, 0xFF, 0xFF, 0xFF, 0xFF, 0xFF, 0xFF, 0xFF, 0xFF, 0xFF, 0xFF,
  0xFF, 0xFF, 0xFF, 0xFF, 0xFF, 0xFF, 0xFF, 0xFF, 0xFF, 0xFF, 0xFF, 0xFF, 0xFF, 0xFF, 0xFF, 0xFF,
  0xFF, 0xFF, 0xFF, 0xFF, 0xFF, 0xFF, 0xFF, 0xFF, 0xFF, 0xFF, 0xFF, 0xFF, 0xFF, 0xFF, 0xFF, 0xFF,
  0xFF, 0xFF, 0xFF, 0xFF, 0xFF, 0xFF, 0xFF, 0xFF, 0xFF, 0xFF, 0xFF, 0xFF, 0xFF, 0xFF, 0xFF, 0xFF,
  0xFF, 0xFF, 0xFF, 0xFF, 0xFF, 0xFF, 0xFF, 0xFF, 0xFF, 0xFF, 0xFF, 0xFF, 0xFF, 0xFF, 0xFF, 0xFF,
  0xFF, 0xFF, 0xFF, 0xFF, 0xFF, 0xFF, 0xFF, 0xFF, 0xFF, 0xFF, 0xFF, 0xFF, 0xFF, 0xFF, 0xFF, 0xFF,
  0xFF, 0xFF, 0xFF, 0xFF, 0xFF, 0xFF, 0xFF, 0xFF, 0xFF, 0xFF, 0xFF, 0xFF, 0xFF, 0xFF, 0xFF, 0xFF,
  0xFF, 0xFF, 0xFF, 0xFF, 0xFF, 0xFF, 0xFF, 0xFF, 0xFF, 0xFF, 0xFF, 0xFF, 0xFF, 0xFF, 0xFF, 0xFF,
  0xFF, 0xFF, 0xFF, 0xFF, 0xFF, 0xFF, 0xFF, 0xFF, 0xFF, 0xFF, 0xFF, 0xFF, 0xFF, 0xFF, 0xFF, 0xFF,
  0xFF, 0xFF, 0xFF, 0xFF, 0xFF, 0xFF, 0xFF, 0xFF, 0xFF, 0xFF, 0xFF, 0xFF, 0xFF, 0xFF, 0xFF, 0xFF,
  0xFF, 0xFF, 0xFF, 0xFF, 0xFF, 0xFF, 0xFF, 0xFF, 0xFF, 0xFF, 0xFF, 0xFF, 0xFF, 0xFF, 0xFF, 0xFF,
  0xFF, 0xFF, 0xFF, 0xFF, 0xFF, 0xFF, 0xFF, 0xFF, 0xFF, 0xFF, 0xFF, 0xFF, 0xFF, 0xFF, 0xFF, 0xFF,
  0xFF, 0xFF, 0xFF, 0xFF, 0xFF, 0xFF, 0xFF, 0xFF, 0xFF, 0xFF, 0xFF, 0xFF, 0xFF, 0xFF, 0xFF, 0xFF,
  0xFF, 0xFF, 0xFF, 0xFF, 0xFF, 0xFF, 0xFF, 0xFF, 0xFF, 0xFF, 0xFF, 0xFF, 0xFF, 0xFF, 0xFF, 0xFF,
  0xFF, 0xFF, 0xFF, 0xFF, 0xFF, 0xFF, 0xFF, 0xFF, 0xFF, 0xFF, 0xFF, 0xFF, 0xFF, 0xFF, 0xFF, 0xFF,
  0xFF, 0xFF, 0xFF, 0xFF, 0xFF, 0xFF, 0xFF, 0xFF, 0xFF, 0xFF, 0xFF, 0xFF, 0xFF, 0xFF, 0xFF, 0xFF,
  0xFF, 0xFF, 0xFF, 0xFF, 0xFF, 0xFF, 0xFF, 0xFF, 0xFF, 0xFF, 0xFF, 0xFF, 0xFF, 0xFF, 0xFF, 0xFF,
  0xFF, 0xFF, 0xFF, 0xFF, 0xFF, 0xFF, 0xFF, 0xFF, 0xFF, 0xFF, 0xFF, 0xFF, 0xFF, 0xFF, 0xFF, 0xFF,
  0xFF, 0xFF, 0xFF, 0xFF, 0xFF, 0xFF, 0xFF, 0xFF, 0xFF, 0xFF, 0xFF, 0xFF, 0xFF, 0xFF, 0xFF, 0xFF,
  0xFF, 0xFF, 0xFF, 0xFF, 0xFF, 0xFF, 0xFF, 0xFF, 0xFF, 0xFF, 0xFF, 0xFF, 0xFF, 0xFF, 0xFF, 0xFF,
  0xFF, 0xFF, 0xFF, 0xFF, 0xFF, 0xFF, 0xFF, 0xFF, 0xFF, 0xFF, 0xFF, 0xFF, 0xFF, 0xFF, 0xFF, 0xFF,
  0xFF, 0xFF, 0xFF, 0xFF, 0xFF, 0xFF, 0xFF, 0xFF, 0xFF, 0xFF, 0xFF, 0xFF, 0xFF, 0xFF, 0xFF, 0xFF,
  0xFF, 0xFF, 0xFF, 0xFF, 0xFF, 0xFF, 0xFF, 0xFF, 0xFF, 0xFF, 0xFF, 0xFF, 0xFF, 0xFF, 0xFF, 0xFF,
  0xFF, 0xFF, 0xFF, 0xFF, 0xFF, 0xFF, 0xFF, 0xFF, 0xFF, 0xFF, 0xFF, 0xFF, 0xFF, 0xFF, 0xFF, 0xFF,
  0xFF, 0xFF, 0xFF, 0xFF, 0xFF, 0xFF, 0xFF, 0xFF, 0xFF, 0xFF, 0xFF, 0xFF, 0xFF, 0xFF, 0xFF, 0xFF,
  0xFF, 0xFF, 0xFF, 0xFF, 0xFF, 0xFF, 0xFF, 0xFF, 0xFF, 0xFF, 0xFF, 0xFF, 0xFF, 0xFF, 0xFF, 0xFF,
  0xFF, 0xFF, 0xFF, 0xFF, 0xFF, 0xFF, 0xFF, 0xFF, 0xFF, 0xFF, 0xFF, 0xFF, 0xFF, 0xFF, 0xFF, 0xFF,
  0xFF, 0xFF, 0xFF, 0xFF, 0xFF, 0xFF, 0xFF, 0xFF, 0xFF, 0xFF, 0xFF, 0xFF, 0xFF, 0xFF, 0xFF, 0xFF,
  0xFF, 0xFF, 0xFF, 0xFF, 0xFF, 0xFF, 0xFF, 0xFF, 0xFF, 0xFF, 0xFF, 0xFF, 0xFF, 0xFF, 0xFF, 0xFF,
  0xFF, 0xFF, 0xFF, 0xFF, 0xFF, 0xFF, 0xFF, 0xFF, 0xFF, 0xFF, 0xFF, 0xFF, 0xFF, 0xFF, 0xFF, 0xFF,
  0xFF, 0xFF, 0xFF, 0xFF, 0xFF, 0xFF, 0xFF, 0xFF, 0xFF, 0xFF, 0xFF, 0xFF, 0xFF, 0xFF, 0xFF, 0xFF,
  0xFF, 0xFF, 0xFF, 0xFF, 0xFF, 0xFF, 0xFF, 0xFF, 0xFF, 0xFF, 0xFF, 0xFF, 0xFF, 0xFF, 0xFF, 0xFF,
  0xFF, 0xFF, 0xFF, 0xFF, 0xFF, 0xFF, 0xFF, 0xFF, 0xFF, 0xFF, 0xFF, 0xFF, 0xFF, 0xFF, 0xFF, 0xFF,
  0xFF, 0xFF, 0xFF, 0xFF, 0xFF, 0xFF, 0xFF, 0xFF, 0xFF, 0xFF, 0xFF, 0xFF, 0xFF, 0xFF, 0xFF, 0xFF,
  0xFF, 0xFF, 0xFF, 0xFF, 0xFF, 0xFF, 0xFF, 0xFF, 0xFF, 0xFF, 0xFF, 0xFF, 0xFF, 0xFF, 0xFF, 0xFF,
  0xFF, 0xFF, 0xFF, 0xFF, 0xFF, 0xFF, 0xFF, 0xFF, 0xFF, 0xFF, 0xFF, 0xFF, 0xFF, 0xFF, 0xFF, 0xFF,
  0xFF, 0xFF, 0xFF, 0xFF, 0xFF, 0xFF, 0xFF, 0xFF, 0xFF, 0xFF, 0xFF, 0xFF, 0xFF, 0xFF, 0xFF, 0xFF,
  0xFF, 0xFF, 0xFF, 0xFF, 0xFF, 0xFF, 0xFF, 0xFF, 0xFF, 0xFF, 0xFF, 0xFF, 0xFF, 0xFF, 0xFF, 0xFF,
  0xFF, 0xFF, 0xFF, 0xFF, 0xFF, 0xFF, 0xFF, 0xFF, 0xFF, 0xFF, 0xFF, 0xFF, 0xFF, 0xFF, 0xFF, 0xFF,
  0xFF, 0xFF, 0xFF, 0xFF, 0xFF, 0xFF, 0xFF, 0xFF, 0xFF, 0xFF, 0xFF, 0xFF, 0xFF, 0xFF, 0xFF, 0xFF,
  0xFF, 0xFF, 0xFF, 0xFF, 0xFF, 0xFF, 0xFF, 0xFF, 0xFF, 0xFF, 0xFF, 0xFF, 0xFF, 0xFF, 0xFF, 0xFF,
  0xFF, 0xFF, 0xFF, 0xFF, 0xFF, 0xFF, 0xFF, 0xFF, 0xFF, 0xFF, 0xFF, 0xFF, 0xFF, 0xFF, 0xFF, 0xFF,
  0xFF, 0xFF, 0xFF, 0xFF, 0xFF, 0xFF, 0xFF, 0xFF, 0xFF, 0xFF, 0xFF, 0xFF, 0xFF, 0xFF, 0xFF, 0xFF,
  0xFF, 0xFF, 0xFF, 0xFF, 0xFF, 0xFF, 0xFF, 0xFF, 0xFF, 0xFF, 0xFF, 0xFF, 0xFF, 0xFF, 0xFF, 0xFF,
  0xFF, 0xFF, 0xFF, 0xFF, 0xFF, 0xFF, 0xFF, 0xFF, 0xFF, 0xFF, 0xFF, 0xFF, 0xFF, 0xFF, 0xFF, 0xFF,
  0xFF, 0xFF, 0xFF, 0xFF, 0xFF, 0xFF, 0xFF, 0xFF, 0xFF, 0xFF, 0xFF, 0xFF, 0xFF, 0xFF, 0xFF, 0xFF,
  0xFF, 0xFF, 0xFF, 0xFF, 0xFF, 0xFF, 0xFF, 0xFF, 0xFF, 0xFF, 0xFF, 0xFF, 0xFF, 0xFF, 0xFF, 0xFF,
  0xFF, 0xFF, 0xFF, 0xFF, 0xFF, 0xFF, 0xFF, 0xFF, 0xFF, 0xFF, 0xFF, 0xFF, 0xFF, 0xFF, 0xFF, 0xFF,
  0xFF, 0xFF, 0xFF, 0xFF, 0xFF, 0xFF, 0xFF, 0xFF, 0xFF, 0xFF, 0xFF, 0xFF, 0xFF, 0xFF, 0xFF, 0xFF,
  0xFF, 0xFF, 0xFF, 0xFF, 0xFF, 0xFF, 0xFF, 0xFF, 0xFF, 0xFF, 0xFF, 0xFF, 0xFF, 0xFF, 0xFF, 0xFF,
  0xFF, 0xFF, 0xFF, 0xFF, 0xFF, 0xFF, 0xFF, 0xFF, 0xFF, 0xFF, 0xFF, 0xFF, 0xFF, 0xFF, 0xFF, 0xFF,
  0xFF, 0xFF, 0xFF, 0xFF, 0xFF, 0xFF, 0xFF, 0xFF, 0xFF, 0xFF, 0xFF, 0xFF, 0xFF, 0xFF, 0xFF, 0xFF,
  0xFF, 0xFF, 0xFF, 0xFF, 0xFF, 0xFF, 0xFF, 0xFF, 0xFF, 0xFF, 0xFF, 0xFF, 0xFF, 0xFF, 0xFF, 0xFF,
  0xFF, 0xFF, 0xFF, 0xFF, 0xFF, 0xFF, 0xFF, 0xFF, 0xFF, 0xFF, 0xFF, 0xFF, 0xFF, 0xFF, 0xFF, 0xFF,
  0xFF, 0xFF, 0xFF, 0xFF, 0xFF, 0xFF, 0xFF, 0xFF, 0xFF, 0xFF, 0xFF, 0xFF, 0xFF, 0xFF, 0xFF, 0xFF,
  0xFF, 0xFF, 0xFF, 0xFF, 0xFF, 0xFF, 0xFF, 0xFF, 0xFF, 0xFF, 0xFF, 0xFF, 0xFF, 0xFF, 0xFF, 0xFF,
  0xFF, 0xFF, 0xFF, 0xFF, 0xFF, 0xFF, 0xFF, 0xFF, 0xFF, 0xFF, 0xFF, 0xFF, 0xFF, 0xFF, 0xFF, 0xFF,
  0xFF, 0xFF, 0xFF, 0xFF, 0xFF, 0xFF, 0xFF, 0xFF, 0xFF, 0xFF, 0xFF, 0xFF, 0xFF, 0xFF, 0xFF, 0xFF,
  0xFF, 0xFF, 0xFF, 0xFF, 0xFF, 0xFF, 0xFF, 0xFF, 0xFF, 0xFF, 0xFF, 0xFF, 0xFF, 0xFF, 0xFF, 0xFF,
  0xFF, 0xFF, 0xFF, 0xFF, 0xFF, 0xFF, 0xFF, 0xFF, 0xFF, 0xFF, 0xFF, 0xFF, 0xFF, 0xFF, 0xFF, 0xFF,
  0xFF, 0xFF, 0xFF, 0xFF, 0xFF, 0xFF, 0xFF, 0xFF, 0xFF, 0xFF, 0xFF, 0xFF, 0xFF, 0xFF, 0xFF, 0xFF,
  0xFF, 0xFF, 0xFF, 0xFF, 0xFF, 0xFF, 0xFF, 0xFF, 0xFF, 0xFF, 0xFF, 0xFF, 0xFF, 0xFF, 0xFF, 0xFF,
  0xFF, 0xFF, 0xFF, 0xFF, 0xFF, 0xFF, 0xFF, 0xFF, 0xFF, 0xFF, 0xFF, 0xFF, 0xFF, 0xFF, 0xFF, 0xFF,
  0xFF, 0xFF, 0xFF, 0xFF, 0xFF, 0xFF, 0xFF, 0xFF, 0xFF, 0xFF, 0xFF, 0xFF, 0xFF, 0xFF, 0xFF, 0xFF,
  0xFF, 0xFF, 0xFF, 0xFF, 0xFF, 0xFF, 0xFF, 0xFF, 0xFF, 0xFF, 0xFF, 0xFF, 0xFF, 0xFF, 0xFF, 0xFF,
  0xFF, 0xFF, 0xFF, 0xFF, 0xFF, 0xFF, 0xFF, 0xFF, 0xFF, 0xFF, 0xFF, 0xFF, 0xFF, 0xFF, 0xFF, 0xFF,
  0xFF, 0xFF, 0xFF, 0xFF, 0xFF, 0xFF, 0xFF, 0xFF, 0xFF, 0xFF, 0xFF, 0xFF, 0xFF, 0xFF, 0xFF, 0xFF,
  0xFF, 0xFF, 0xFF, 0xFF, 0xFF, 0xFF, 0xFF, 0xFF, 0xFF, 0xFF, 0xFF, 0xFF, 0xFF, 0xFF, 0xFF, 0xFF,
  0xFF, 0xFF, 0xFF, 0xFF, 0xFF, 0xFF, 0xFF, 0xFF, 0xFF, 0xFF, 0xFF, 0xFF, 0xFF, 0xFF, 0xFF, 0xFF,
  0xFF, 0xFF, 0xFF, 0xFF, 0xFF, 0xFF, 0xFF, 0xFF, 0xFF, 0xFF, 0xFF, 0xFF, 0xFF, 0xFF, 0xFF, 0xFF,
  0xFF, 0xFF, 0xFF, 0xFF, 0xFF, 0xFF, 0xFF, 0xFF, 0xFF, 0xFF, 0xFF, 0xFF, 0xFF, 0xFF, 0xFF, 0xFF,
  0xFF, 0xFF, 0xFF, 0xFF, 0xFF, 0xFF, 0xFF, 0xFF, 0xFF, 0xFF, 0xFF, 0xFF, 0xFF, 0xFF, 0xFF, 0xFF,
  0xFF, 0xFF, 0xFF, 0xFF, 0xFF, 0xFF, 0xFF, 0xFF, 0xFF, 0xFF, 0xFF, 0xFF, 0xFF, 0xFF, 0xFF, 0xFF,
  0xFF, 0xFF, 0xFF, 0xFF, 0xFF, 0xFF, 0xFF, 0xFF, 0xFF, 0xFF, 0xFF, 0xFF, 0xFF, 0xFF, 0xFF, 0xFF,
  0xFF, 0xFF, 0xFF, 0xFF, 0xFF, 0xFF, 0xFF, 0xFF, 0xFF, 0xFF, 0xFF, 0xFF, 0xFF, 0xFF, 0xFF, 0xFF,
  0xFF, 0xFF, 0xFF, 0xFF, 0xFF, 0xFF, 0xFF, 0xFF, 0xFF, 0xFF, 0xFF, 0xFF, 0xFF, 0xFF, 0xFF, 0xFF,
  0xFF, 0xFF, 0xFF, 0xFF, 0xFF, 0xFF, 0xFF, 0xFF, 0xFF, 0xFF, 0xFF, 0xFF, 0xFF, 0xFF, 0xFF, 0xFF,
  0xFF, 0xFF, 0xFF, 0xFF, 0xFF, 0xFF, 0xFF, 0xFF, 0xFF, 0xFF, 0xFF, 0xFF, 0xFF, 0xFF, 0xFF, 0xFF,
  0xFF, 0xFF, 0xFF, 0xFF, 0xFF, 0xFF, 0xFF, 0xFF, 0xFF, 0xFF, 0xFF, 0xFF, 0xFF, 0xFF, 0xFF, 0xFF,
  0xFF, 0xFF, 0xFF, 0xFF, 0xFF, 0xFF, 0xFF, 0xFF, 0xFF, 0xFF, 0xFF, 0xFF, 0xFF, 0xFF, 0xFF, 0xFF,
  0xFF, 0xFF, 0xFF, 0xFF, 0xFF, 0xFF, 0xFF, 0xFF, 0xFF, 0xFF, 0xFF, 0xFF, 0xFF, 0xFF, 0xFF, 0xFF,
  0xFF, 0xFF, 0xFF, 0xFF, 0xFF, 0xFF, 0xFF, 0xFF, 0xFF, 0xFF, 0xFF, 0xFF, 0xFF, 0xFF, 0xFF, 0xFF,
  0xFF, 0xFF, 0xFF, 0xFF, 0xFF, 0xFF, 0xFF, 0xFF, 0xFF, 0xFF, 0xFF, 0xFF, 0xFF, 0xFF, 0xFF, 0xFF,
  0xFF, 0xFF, 0xFF, 0xFF, 0xFF, 0xFF, 0xFF, 0xFF, 0xFF, 0xFF, 0xFF, 0xFF, 0xFF, 0xFF, 0xFF, 0xFF,
  0xFF, 0xFF, 0xFF, 0xFF, 0xFF, 0xFF, 0xFF, 0xFF, 0xFF, 0xFF, 0xFF, 0xFF, 0xFF, 0xFF, 0xFF, 0xFF,
  0xFF, 0xFF, 0xFF, 0xFF, 0xFF, 0xFF, 0xFF, 0xFF, 0xFF, 0xFF, 0xFF, 0xFF, 0xFF, 0xFF, 0xFF, 0xFF,
  0xFF, 0xFF, 0xFF, 0xFF, 0xFF, 0xFF, 0xFF, 0xFF, 0xFF, 0xFF, 0xFF, 0xFF, 0xFF, 0xFF, 0xFF, 0xFF,
  0xFF, 0xFF, 0xFF, 0xFF, 0xFF, 0xFF, 0xFF, 0xFF, 0xFF, 0xFF, 0xFF, 0xFF, 0xFF, 0xFF, 0xFF, 0xFF,
  0xFF, 0xFF, 0xFF, 0xFF, 0xFF, 0xFF, 0xFF, 0xFF, 0xFF, 0xFF, 0xFF, 0xFF, 0xFF, 0xFF, 0xFF, 0xFF,
  0xFF, 0xFF, 0xFF, 0xFF, 0xFF, 0xFF, 0xFF, 0xFF, 0xFF, 0xFF, 0xFF, 0xFF, 0xFF, 0xFF, 0xFF, 0xFF,
  0xFF, 0xFF, 0xFF, 0xFF, 0xFF, 0xFF, 0xFF, 0xFF, 0xFF, 0xFF, 0xFF, 0xFF, 0xFF, 0xFF, 0xFF, 0xFF,
  0xFF, 0xFF, 0xFF, 0xFF, 0xFF, 0xFF, 0xFF, 0xFF, 0xFF, 0xFF, 0xFF, 0xFF, 0xFF, 0xFF, 0xFF, 0xFF,
  0xFF, 0xFF, 0xFF, 0xFF, 0xFF, 0xFF, 0xFF, 0xFF, 0xFF, 0xFF, 0xFF, 0xFF, 0xFF, 0xFF, 0xFF, 0xFF,
  0xFF, 0xFF, 0xFF, 0xFF, 0xFF, 0xFF, 0xFF, 0xFF, 0xFF, 0xFF, 0xFF, 0xFF, 0xFF, 0xFF, 0xFF, 0xFF,
  0xFF, 0xFF, 0xFF, 0xFF, 0xFF, 0xFF, 0xFF, 0xFF, 0xFF, 0xFF, 0xFF, 0xFF, 0xFF, 0xFF, 0xFF, 0xFF,
  0xFF, 0xFF, 0xFF, 0xFF, 0xFF, 0xFF, 0xFF, 0xFF, 0xFF, 0xFF, 0xFF, 0xFF, 0xFF, 0xFF, 0xFF, 0xFF,
  0xFF, 0xFF, 0xFF, 0xFF, 0xFF, 0xFF, 0xFF, 0xFF, 0xFF, 0xFF, 0xFF, 0xFF, 0xFF, 0xFF, 0xFF, 0xFF,
  0xFF, 0xFF, 0xFF, 0xFF, 0xFF, 0xFF, 0xFF, 0xFF, 0xFF, 0xFF, 0xFF, 0xFF, 0xFF, 0xFF, 0xFF, 0xFF,
  0xFF, 0xFF, 0xFF, 0xFF, 0xFF, 0xFF, 0xFF, 0xFF, 0xFF, 0xFF, 0xFF, 0xFF, 0xFF, 0xFF, 0xFF, 0xFF,
  0xFF, 0xFF, 0xFF, 0xFF, 0xFF, 0xFF, 0xFF, 0xFF, 0xFF, 0xFF, 0xFF, 0xFF, 0xFF, 0xFF, 0xFF, 0xFF,
  0xFF, 0xFF, 0xFF, 0xFF, 0xFF, 0xFF, 0xFF, 0xFF, 0xFF, 0xFF, 0xFF, 0xFF, 0xFF, 0xFF, 0xFF, 0xFF,
  0xFF, 0xFF, 0xFF, 0xFF, 0xFF, 0xFF, 0xFF, 0xFF, 0xFF, 0xFF, 0xFF, 0xFF, 0xFF, 0xFF, 0xFF, 0xFF,
  0xFF, 0xFF, 0xFF, 0xFF, 0xFF, 0xFF, 0xFF, 0xFF, 0xFF, 0xFF, 0xFF, 0xFF, 0xFF, 0xFF, 0xFF, 0xFF,
  0xFF, 0xFF, 0xFF, 0xFF, 0xFF, 0xFF, 0xFF, 0xFF, 0xFF, 0xFF, 0xFF, 0xFF, 0xFF, 0xFF, 0xFF, 0xFF,
  0xFF, 0xFF, 0xFF, 0xFF, 0xFF, 0xFF, 0xFF, 0xFF, 0xFF, 0xFF, 0xFF, 0xFF, 0xFF, 0xFF, 0xFF, 0xFF,
  0xFF, 0xFF, 0xFF, 0xFF, 0xFF, 0xFF, 0xFF, 0xFF, 0xFF, 0xFF, 0xFF, 0xFF, 0xFF, 0xFF, 0xFF, 0xFF,
  0xFF, 0xFF, 0xFF, 0xFF, 0xFF, 0xFF, 0xFF, 0xFF, 0xFF, 0xFF, 0xFF, 0xFF, 0xFF, 0xFF, 0xFF, 0xFF,
  0xFF, 0xFF, 0xFF, 0xFF, 0xFF, 0xFF, 0xFF, 0xFF, 0xFF, 0xFF, 0xFF, 0xFF, 0xFF, 0xFF, 0xFF, 0xFF,
  0xFF, 0xFF, 0xFF, 0xFF, 0xFF, 0xFF, 0xFF, 0xFF, 0xFF, 0xFF, 0xFF, 0xFF, 0xFF, 0xFF, 0xFF, 0xFF,
  0xFF, 0xFF, 0xFF, 0xFF, 0xFF, 0xFF, 0xFF, 0xFF, 0xFF, 0xFF, 0xFF, 0xFF, 0xFF, 0xFF, 0xFF, 0xFF,
  0xFF, 0xFF, 0xFF, 0xFF, 0xFF, 0xFF, 0xFF, 0xFF, 0xFF, 0xFF, 0xFF, 0xFF, 0xFF, 0xFF, 0xFF, 0xFF,
  0xFF, 0xFF, 0xFF, 0xFF, 0xFF, 0xFF, 0xFF, 0xFF, 0xFF, 0xFF, 0xFF, 0xFF, 0xFF, 0xFF, 0xFF, 0xFF,
  0xFF, 0xFF, 0xFF, 0xFF, 0xFF, 0xFF, 0xFF, 0xFF, 0xFF, 0xFF, 0xFF, 0xFF, 0xFF, 0xFF, 0xFF, 0xFF,
  0xFF, 0xFF, 0xFF, 0xFF, 0xFF, 0xFF, 0xFF, 0xFF, 0xFF, 0xFF, 0xFF, 0xFF, 0xFF, 0xFF, 0xFF, 0xFF,
  0xFF, 0xFF, 0xFF, 0xFF, 0xFF, 0xFF, 0xFF, 0xFF, 0xFF, 0xFF, 0xFF, 0xFF, 0xFF, 0xFF, 0xFF, 0xFF,
  0xFF, 0xFF, 0xFF, 0xFF, 0xFF, 0xFF, 0xFF, 0xFF, 0xFF, 0xFF, 0xFF, 0xFF, 0xFF, 0xFF, 0xFF, 0xFF,
  0xFF, 0xFF, 0xFF, 0xFF, 0xFF, 0xFF, 0xFF, 0xFF, 0xFF, 0xFF, 0xFF, 0xFF, 0xFF, 0xFF, 0xFF, 0xFF,
  0xFF, 0xFF, 0xFF, 0xFF, 0xFF, 0xFF, 0xFF, 0xFF, 0xFF, 0xFF, 0xFF, 0xFF, 0xFF, 0xFF, 0xFF, 0xFF,
  0xFF, 0xFF, 0xFF, 0xFF, 0xFF, 0xFF, 0xFF, 0xFF, 0xFF, 0xFF, 0xFF, 0xFF, 0xFF, 0xFF, 0xFF, 0xFF,
  0xFF, 0xFF, 0xFF, 0xFF, 0xFF, 0xFF, 0xFF, 0xFF, 0xFF, 0xFF, 0xFF, 0xFF, 0xFF, 0xFF, 0xFF, 0xFF,
  0xFF, 0xFF, 0xFF, 0xFF, 0xFF, 0xFF, 0xFF, 0xFF, 0xFF, 0xFF, 0xFF, 0xFF, 0xFF, 0xFF, 0xFF, 0xFF,
  0xFF, 0xFF, 0xFF, 0xFF, 0xFF, 0xFF, 0xFF, 0xFF, 0xFF, 0xFF, 0xFF, 0xFF, 0xFF, 0xFF, 0xFF, 0xFF,
  0xFF, 0xFF, 0xFF, 0xFF, 0xFF, 0xFF, 0xFF, 0xFF, 0xFF, 0xFF, 0xFF, 0xFF, 0xFF, 0xFF, 0xFF, 0xFF,
  0xFF, 0xFF, 0xFF, 0xFF, 0xFF, 0xFF, 0xFF, 0xFF, 0xFF, 0xFF, 0xFF, 0xFF, 0xFF, 0xFF, 0xFF, 0xFF,
  0xFF, 0xFF, 0xFF, 0xFF, 0xFF, 0xFF, 0xFF, 0xFF, 0xFF, 0xFF, 0xFF, 0xFF, 0xFF, 0xFF, 0xFF, 0xFF,
  0xFF, 0xFF, 0xFF, 0xFF, 0xFF, 0xFF, 0xFF, 0xFF, 0xFF, 0xFF, 0xFF, 0xFF, 0xFF, 0xFF, 0xFF, 0xFF,
  0xFF, 0xFF, 0xFF, 0xFF, 0xFF, 0xFF, 0xFF, 0xFF, 0xFF, 0xFF, 0xFF, 0xFF, 0xFF, 0xFF, 0xFF, 0xFF,
  0xFF, 0xFF, 0xFF, 0xFF, 0xFF, 0xFF, 0xFF, 0xFF, 0xFF, 0xFF, 0xFF, 0xFF, 0xFF, 0xFF, 0xFF, 0xFF,
  0xFF, 0xFF, 0xFF, 0xFF, 0xFF, 0xFF, 0xFF, 0xFF, 0xFF, 0xFF, 0xFF, 0xFF, 0xFF, 0xFF, 0xFF, 0xFF,
  0xFF, 0xFF, 0xFF, 0xFF, 0xFF, 0xFF, 0xFF, 0xFF, 0xFF, 0xFF, 0xFF, 0xFF, 0xFF, 0xFF, 0xFF, 0xFF,
  0xFF, 0xFF, 0xFF, 0xFF, 0xFF, 0xFF, 0xFF, 0xFF, 0xFF, 0xFF, 0xFF, 0xFF, 0xFF, 0xFF, 0xFF, 0xFF,
  0xFF, 0xFF, 0xFF, 0xFF, 0xFF, 0xFF, 0xFF, 0xFF, 0xFF, 0xFF, 0xFF, 0xFF, 0xFF, 0xFF, 0xFF, 0xFF,
  0xFF, 0xFF, 0xFF, 0xFF, 0xFF, 0xFF, 0xFF, 0xFF, 0xFF, 0xFF, 0xFF, 0xFF, 0xFF, 0xFF, 0xFF, 0xFF,
};

static const SpriteBitmapRegion catbus_cross_bgBitmaps[1] PROGMEM = {
  { 0, 0, 240, 320 }, // full
};

static const SpriteSheetRegion catbus_cross_bgRegions[1] PROGMEM = {
  { 0, 0, 240, 320 }, // full
};

static const SpriteAsset catbus_cross_bg PROGMEM = {
  SPRITE_BPP_8,
  CATBUS_CROSS_BG_SHEET_WIDTH,
  CATBUS_CROSS_BG_SHEET_HEIGHT,
  CATBUS_CROSS_BG_PALETTE_COUNT,
  catbus_cross_bgPalette,
  catbus_cross_bgPixels,
  catbus_cross_bgMask,
};

#define CATBUS_CROSS_BG_WIDTH CATBUS_CROSS_BG_SHEET_WIDTH
#define CATBUS_CROSS_BG_HEIGHT CATBUS_CROSS_BG_SHEET_HEIGHT


#endif
