#ifndef _WHACKAMOLE_BG_H_
#define _WHACKAMOLE_BG_H_
#include <Arduino.h>

#define WHACKAMOLE_BG_WIDTH 240
#define WHACKAMOLE_BG_HEIGHT 320

const unsigned short whackamole_bg[76800] PROGMEM={
  0x6B07, 0x6B07, 0x6AE7, 0x7327, 0x62C6, 0x3941, 0x5A44, 0x5A64, 0x6285, 0x6B07, 0x3982, 0x4182,
  0x62C6, 0x2922, 0x2901, 0x3142, 0x3122, 0x3142, 0x3121, 0x3142, 0x3122, 0x41A3, 0x2921, 0x20C1,
  0x18E0, 0x2161, 0x1941, 0x1941, 0x1960, 0x1960, 0x2A01, 0x2181, 0x51E4, 0x6244, 0x49C3, 0x51E3,
  0x51E3, 0x49C3, 0x6244, 0x41A3, 0x3942, 0x2121, 0x1941, 0x21A1, 0x2A21, 0x29E1, 0x29C1, 0x2A01,
  0x3261, 0x21A1, 0x2181, 0x29C1, 0x3241, 0x3261, 0x41C3, 0x6A85, 0x51E3, 0x5A24, 0x51A3, 0x51E3,
  0x5203, 0x5A24, 0x3142, 0x3962, 0x3202, 0x3241, 0x3221, 0x29E1, 0x21A1, 0x21C1, 0x3222, 0x3A62,
  0x29E1, 0x29E1, 0x3262, 0x3AA2, 0x39E2, 0x7AE6, 0x5A03, 0x6244, 0x5A24, 0x6224, 0x5A03, 0x6244,
  0x3941, 0x20E1, 0x19A5, 0x19E5, 0x21A3, 0x1142, 0x1164, 0x21E6, 0x1164, 0x1144, 0x1A06, 0x1A67,
  0x1A26, 0x22A8, 0x1A67, 0x3962, 0x5A03, 0x51E3, 0x5A03, 0x51C2, 0x5A03, 0x51E3, 0x41C3, 0x18C0,
  0x2206, 0x2288, 0x2268, 0x2288, 0x2268, 0x2268, 0x2268, 0x2248, 0x2268, 0x22A8, 0x2288, 0x22A9,
  0x1185, 0x3121, 0x5A44, 0x5203, 0x5A04, 0x5203, 0x5A23, 0x49C3, 0x4182, 0x2163, 0x3B29, 0x2B09,
  0x2267, 0x3AA4, 0x42E4, 0x2A64, 0x3AA4, 0x3AA4, 0x2A63, 0x2205, 0x21E5, 0x4B04, 0x3A23, 0x20A1,
  0x2922, 0x2901, 0x2902, 0x20E1, 0x20E2, 0x20E2, 0x1881, 0x1143, 0x2A87, 0x2A66, 0x2226, 0x21E4,
  0x21C4, 0x21C4, 0x21C4, 0x19A4, 0x2A04, 0x3AE4, 0x3AC4, 0x32A4, 0x1942, 0x18A1, 0x20E2, 0x20E2,
  0x20C1, 0x20E1, 0x20E1, 0x20E1, 0x18A1, 0x18C1, 0x2101, 0x2101, 0x2922, 0x10A0, 0x3121, 0x8326,
  0x5A23, 0x6224, 0x6224, 0x6243, 0x6223, 0x5A04, 0x5A03, 0x51C2, 0x6A43, 0x4183, 0x18C1, 0x2922,
  0x3942, 0x3962, 0x3962, 0x3962, 0x3962, 0x2901, 0x3982, 0x4182, 0x3983, 0x3142, 0x4182, 0x3122,
  0x49C2, 0x51E3, 0x49C3, 0x49C3, 0x49C3, 0x49A2, 0x51C3, 0x49C3, 0x49C3, 0x41A3, 0x18A1, 0x2902,
  0x3962, 0x3962, 0x49C3, 0x3962, 0x4182, 0x3942, 0x41A3, 0x41A3, 0x3962, 0x4182, 0x41A3, 0x2901,
  0x4182, 0x72A5, 0x6244, 0x51E3, 0x51E3, 0x51E3, 0x5A03, 0x6244, 0x51E3, 0x5A03, 0x51E3, 0x41A2,
  0x6AE7, 0x6B07, 0x6AE6, 0x6B07, 0x6B07, 0x4A04, 0x49E3, 0x62A5, 0x6AC5, 0x6AE6, 0x41A3, 0x49E3,
  0x6AE6, 0x2901, 0x2902, 0x3142, 0x3122, 0x3122, 0x3121, 0x3142, 0x3142, 0x4183, 0x2921, 0x20C1,
  0x1901, 0x1961, 0x1921, 0x1941, 0x1961, 0x1961, 0x2180, 0x1920, 0x5204, 0x6244, 0x49C3, 0x51E3,
  0x51E3, 0x49C3, 0x6244, 0x41A3, 0x3921, 0x2121, 0x1961, 0x21C1, 0x3222, 0x29C2, 0x21A1, 0x2A01,
  0x2A21, 0x2181, 0x1960, 0x21A1, 0x2A01, 0x3221, 0x41C3, 0x6A85, 0x49C3, 0x5A24, 0x51C3, 0x5203,
  0x5203, 0x5A25, 0x3141, 0x3141, 0x29E1, 0x3221, 0x3221, 0x21C1, 0x21A1, 0x21A0, 0x29E1, 0x3242,
  0x2A21, 0x3A82, 0x3A83, 0x3282, 0x31E2, 0x7AE6, 0x5A03, 0x6244, 0x6244, 0x6244, 0x5203, 0x6244,
  0x3962, 0x28E1, 0x1165, 0x11C6, 0x19A4, 0x1963, 0x1964, 0x19A4, 0x0944, 0x19A6, 0x2247, 0x19E6,
  0x11A5, 0x2268, 0x11C6, 0x41C3, 0x6264, 0x51C3, 0x5A03, 0x51E3, 0x5A23, 0x51E3, 0x49C3, 0x2101,
  0x2206, 0x2288, 0x2267, 0x2268, 0x2288, 0x2288, 0x2268, 0x2248, 0x2268, 0x22A8, 0x2288, 0x2AC9,
  0x11A4, 0x3941, 0x6264, 0x51E3, 0x5A03, 0x51E3, 0x5A23, 0x49C3, 0x4182, 0x1963, 0x332A, 0x2AA8,
  0x4326, 0x5364, 0x4B23, 0x3AE3, 0x4B04, 0x3264, 0x2A45, 0x2A25, 0x2A25, 0x4B44, 0x3A62, 0x2921,
  0x3122, 0x3121, 0x3122, 0x3101, 0x3122, 0x2921, 0x20E0, 0x1943, 0x2247, 0x2226, 0x2A66, 0x2205,
  0x21C5, 0x19A4, 0x19A4, 0x19A4, 0x3264, 0x42E5, 0x3263, 0x3284, 0x2162, 0x20E1, 0x2901, 0x2902,
  0x2901, 0x2901, 0x28E1, 0x2902, 0x18C1, 0x20E1, 0x2101, 0x2101, 0x2922, 0x10A1, 0x3121, 0x7AE6,
  0x6223, 0x5A03, 0x6223, 0x6243, 0x6223, 0x5A03, 0x5A03, 0x51C2, 0x6A64, 0x4183, 0x18C1, 0x3122,
  0x3942, 0x3962, 0x3962, 0x3962, 0x3962, 0x2901, 0x3982, 0x4182, 0x3982, 0x3942, 0x4183, 0x2901,
  0x51E3, 0x51E3, 0x49C3, 0x49A3, 0x49C3, 0x49A2, 0x49A2, 0x49C3, 0x49A2, 0x41A3, 0x18A1, 0x2902,
  0x3142, 0x3962, 0x49C3, 0x3962, 0x3982, 0x3942, 0x41A3, 0x41A2, 0x41A3, 0x41A3, 0x41A3, 0x28E1,
  0x3962, 0x72A5, 0x6244, 0x51C2, 0x51C3, 0x51C3, 0x59E3, 0x6223, 0x49C2, 0x51E3, 0x5A03, 0x51E3,
  0x6AE7, 0x6AE7, 0x6AE6, 0x6B07, 0x7348, 0x6B07, 0x49C2, 0x62A5, 0x7306, 0x6285, 0x49C2, 0x6285,
  0x62E6, 0x2922, 0x2901, 0x3122, 0x3122, 0x3122, 0x3121, 0x3962, 0x3142, 0x4182, 0x2901, 0x20C1,
  0x10E0, 0x1960, 0x1960, 0x1960, 0x1961, 0x1961, 0x1961, 0x10E0, 0x51E4, 0x6244, 0x5203, 0x5203,
  0x51E3, 0x41A2, 0x6223, 0x41A3, 0x3942, 0x2121, 0x1960, 0x21A1, 0x21C1, 0x29C1, 0x1960, 0x21A0,
  0x2181, 0x1941, 0x1960, 0x21A1, 0x29C1, 0x21A0, 0x41A3, 0x72C6, 0x51E3, 0x5A23, 0x51C3, 0x51E3,
  0x51E2, 0x5A24, 0x2921, 0x2921, 0x3202, 0x2A01, 0x2A01, 0x21C1, 0x2181, 0x2181, 0x21A0, 0x21C1,
  0x3261, 0x3A81, 0x2A02, 0x2A22, 0x31A2, 0x72C5, 0x5A03, 0x6244, 0x5A44, 0x6244, 0x51E3, 0x6244,
  0x3962, 0x2902, 0x1964, 0x11C6, 0x1963, 0x1142, 0x1143, 0x1143, 0x19C5, 0x21E6, 0x11A5, 0x0904,
  0x0903, 0x0965, 0x0944, 0x51E4, 0x72A5, 0x5A03, 0x5A24, 0x51E3, 0x5A23, 0x51E3, 0x49E3, 0x2902,
  0x19C5, 0x2A88, 0x2A87, 0x2287, 0x2288, 0x2288, 0x2268, 0x2248, 0x2268, 0x22A8, 0x22C8, 0x3329,
  0x19C4, 0x3962, 0x6264, 0x5203, 0x5A24, 0x51C3, 0x5A23, 0x51E3, 0x4182, 0x1963, 0x3329, 0x3B06,
  0x63C5, 0x6C05, 0x63C5, 0x5385, 0x5B83, 0x3AA4, 0x2A24, 0x3AA4, 0x5364, 0x5BC4, 0x2A22, 0x41A3,
  0x51C3, 0x4182, 0x49A3, 0x3961, 0x4182, 0x49C3, 0x3142, 0x2163, 0x4B27, 0x3285, 0x3AA4, 0x2A23,
  0x19A2, 0x21E4, 0x2205, 0x21E3, 0x2A44, 0x2203, 0x21E4, 0x21E3, 0x18E1, 0x41C3, 0x4182, 0x4162,
  0x3962, 0x3962, 0x3942, 0x3122, 0x3122, 0x2922, 0x2921, 0x2922, 0x2922, 0x1080, 0x2922, 0x7AE6,
  0x6243, 0x5A03, 0x5A03, 0x6223, 0x6224, 0x51E3, 0x5A03, 0x51E3, 0x6244, 0x41A3, 0x18C1, 0x3122,
  0x3942, 0x4182, 0x3962, 0x3942, 0x3942, 0x2901, 0x3983, 0x4162, 0x3962, 0x3962, 0x4183, 0x2901,
  0x51E3, 0x5A03, 0x51E3, 0x49A2, 0x49A3, 0x49A2, 0x49C3, 0x49C3, 0x49A2, 0x41A3, 0x18A1, 0x2902,
  0x3122, 0x3962, 0x49C3, 0x3962, 0x3962, 0x3942, 0x41A3, 0x4182, 0x41A3, 0x41A3, 0x4182, 0x20E1,
  0x3962, 0x72A5, 0x6244, 0x49A2, 0x51E3, 0x51C3, 0x51E3, 0x5A23, 0x49A2, 0x51E3, 0x5A03, 0x51E3,
  0x6B07, 0x6B07, 0x6AE6, 0x6AE6, 0x7307, 0x7B69, 0x6285, 0x5203, 0x6285, 0x51E2, 0x5223, 0x6AA6,
  0x6B07, 0x2922, 0x28E1, 0x3121, 0x3122, 0x3122, 0x3121, 0x3962, 0x3142, 0x4182, 0x2902, 0x20C1,
  0x1900, 0x29E1, 0x3221, 0x2180, 0x1961, 0x1940, 0x2161, 0x10E0, 0x5204, 0x6244, 0x5203, 0x5A23,
  0x5203, 0x4182, 0x5A23, 0x41A3, 0x3922, 0x2961, 0x2A01, 0x2A01, 0x29E1, 0x21A0, 0x29E2, 0x1961,
  0x1940, 0x1940, 0x29E1, 0x29E1, 0x2180, 0x1961, 0x41C3, 0x72A5, 0x51C3, 0x5A44, 0x51C3, 0x51E3,
  0x49C2, 0x5A04, 0x3141, 0x3142, 0x2161, 0x2A01, 0x2A21, 0x29E1, 0x1940, 0x1960, 0x1961, 0x1980,
  0x2A01, 0x29E1, 0x1960, 0x21E1, 0x31A2, 0x72A5, 0x5A03, 0x5A23, 0x5A23, 0x6A44, 0x5A03, 0x6A64,
  0x3962, 0x20E1, 0x1942, 0x19A4, 0x1163, 0x19C4, 0x2206, 0x1143, 0x1144, 0x1144, 0x0924, 0x1185,
  0x1A06, 0x1A27, 0x11C6, 0x4A04, 0x6A84, 0x5A03, 0x6224, 0x5A23, 0x5A04, 0x51E3, 0x49E3, 0x2901,
  0x1985, 0x1A06, 0x2AA7, 0x2AC8, 0x22C8, 0x22A8, 0x2268, 0x2248, 0x2288, 0x22A8, 0x2AE8, 0x2B29,
  0x11A4, 0x3962, 0x6244, 0x5A43, 0x6244, 0x51E3, 0x5A23, 0x5A03, 0x4182, 0x1943, 0x3B48, 0x5BE5,
  0x63C5, 0x63E5, 0x5B84, 0x42E3, 0x5B84, 0x42C4, 0x3AA4, 0x4B04, 0x3AA3, 0x3263, 0x2162, 0x6224,
  0x5A23, 0x51E3, 0x51E3, 0x49A2, 0x4182, 0x5203, 0x3922, 0x3A02, 0x7486, 0x63E5, 0x5BA5, 0x42C2,
  0x42C4, 0x2A24, 0x2A24, 0x2A44, 0x2204, 0x1163, 0x1963, 0x1143, 0x10C1, 0x51E3, 0x49C2, 0x49A2,
  0x4162, 0x3962, 0x41A2, 0x4182, 0x4183, 0x3962, 0x3962, 0x3142, 0x3122, 0x10A0, 0x2901, 0x72A5,
  0x6243, 0x5A03, 0x5A03, 0x6223, 0x6224, 0x51C3, 0x5A03, 0x51E3, 0x6223, 0x3962, 0x18C1, 0x3122,
  0x3942, 0x3962, 0x3962, 0x3942, 0x3142, 0x2901, 0x3983, 0x3962, 0x3962, 0x3962, 0x3962, 0x2901,
  0x5A24, 0x5A24, 0x51E3, 0x49C3, 0x49C3, 0x49C2, 0x49A2, 0x49A2, 0x49A2, 0x41A3, 0x18A1, 0x2902,
  0x3962, 0x3942, 0x41A3, 0x3962, 0x4183, 0x3942, 0x4182, 0x41A2, 0x4183, 0x41A3, 0x3982, 0x28E1,
  0x3942, 0x6A84, 0x6244, 0x49A2, 0x51C3, 0x51E3, 0x51C2, 0x5A03, 0x51C3, 0x51E3, 0x51E3, 0x49C3,
  0x6AE7, 0x6B07, 0x6AE6, 0x6AE6, 0x7327, 0x7B48, 0x7307, 0x51E3, 0x51E3, 0x51E2, 0x6284, 0x72E7,
  0x6B27, 0x2943, 0x28E1, 0x3122, 0x3122, 0x3122, 0x3121, 0x3942, 0x3142, 0x3962, 0x2902, 0x20C1,
  0x1941, 0x3242, 0x3AA2, 0x3222, 0x1961, 0x1960, 0x1940, 0x10E0, 0x5224, 0x6264, 0x5203, 0x5A43,
  0x5A24, 0x41A2, 0x6224, 0x41A3, 0x3922, 0x31A2, 0x42E3, 0x3A81, 0x3AA2, 0x29E1, 0x2180, 0x1120,
  0x1961, 0x3221, 0x3241, 0x2A01, 0x21A1, 0x1961, 0x41C3, 0x72A5, 0x51E3, 0x6244, 0x51C2, 0x5A03,
  0x51E3, 0x59E3, 0x3962, 0x3122, 0x1920, 0x21E1, 0x2A01, 0x29E2, 0x1940, 0x1940, 0x1941, 0x1960,
  0x2161, 0x1921, 0x1941, 0x21C1, 0x31A2, 0x7AC5, 0x6243, 0x5A23, 0x5A03, 0x6244, 0x51E3, 0x6244,
  0x3962, 0x2901, 0x1942, 0x19A3, 0x1143, 0x1A26, 0x2267, 0x0923, 0x1104, 0x1124, 0x1965, 0x1165,
  0x1A06, 0x1A07, 0x0944, 0x49C3, 0x6244, 0x6224, 0x6244, 0x5A03, 0x5A24, 0x5203, 0x49C3, 0x28E1,
  0x19A5, 0x2227, 0x2AA7, 0x2AE8, 0x2AE8, 0x2B09, 0x22C8, 0x1A47, 0x2288, 0x2AE8, 0x22E8, 0x2B28,
  0x11A4, 0x49A3, 0x6244, 0x5A23, 0x6244, 0x5A03, 0x5A23, 0x5203, 0x4181, 0x1122, 0x4346, 0x4B43,
  0x5324, 0x63E3, 0x5B84, 0x42E4, 0x4B03, 0x3242, 0x3283, 0x3AA4, 0x3264, 0x3AE4, 0x3A23, 0x7285,
  0x5A23, 0x51E3, 0x51E3, 0x49C3, 0x4982, 0x51E3, 0x3121, 0x31E3, 0x6404, 0x4B04, 0x4B03, 0x63C4,
  0x5345, 0x21E2, 0x2A44, 0x2A23, 0x21C3, 0x2A04, 0x21C3, 0x1183, 0x18E1, 0x51E3, 0x49A2, 0x4182,
  0x4182, 0x4182, 0x41A2, 0x49A2, 0x4182, 0x3962, 0x3962, 0x3962, 0x3142, 0x18A1, 0x2901, 0x6A64,
  0x5A03, 0x51E3, 0x5A03, 0x6244, 0x6244, 0x51E3, 0x5A03, 0x51E3, 0x6244, 0x41A3, 0x18C1, 0x2922,
  0x3942, 0x3962, 0x3942, 0x3942, 0x3142, 0x2901, 0x4183, 0x4162, 0x3962, 0x3162, 0x3962, 0x3121,
  0x6244, 0x5A23, 0x51E3, 0x51E3, 0x49C3, 0x49A2, 0x49C2, 0x49A2, 0x49A2, 0x41A3, 0x20C1, 0x2922,
  0x3983, 0x4182, 0x49C3, 0x4182, 0x41A3, 0x3942, 0x4182, 0x4182, 0x4183, 0x41A3, 0x4183, 0x20E1,
  0x3942, 0x72C5, 0x5A23, 0x49A2, 0x51E3, 0x51C3, 0x51E3, 0x5A03, 0x51E3, 0x51E3, 0x51E3, 0x41A2,
  0x62A6, 0x6AE7, 0x6AE7, 0x62C6, 0x6B07, 0x7347, 0x6AE7, 0x41A2, 0x49E3, 0x62A5, 0x62C5, 0x62A6,
  0x7348, 0x2943, 0x20E1, 0x2921, 0x3122, 0x3122, 0x3121, 0x3142, 0x3142, 0x4182, 0x2922, 0x20C0,
  0x2181, 0x3261, 0x3AA2, 0x3AA2, 0x21C1, 0x1940, 0x1961, 0x10E0, 0x5A25, 0x6264, 0x5223, 0x5A43,
  0x5A24, 0x41A2, 0x6244, 0x4183, 0x3122, 0x2961, 0x3AA2, 0x42C1, 0x4B03, 0x3222, 0x29E1, 0x1921,
  0x1941, 0x3221, 0x29A1, 0x2180, 0x21A0, 0x21C1, 0x41C2, 0x72A5, 0x5203, 0x6244, 0x49C2, 0x51E3,
  0x51E3, 0x5A03, 0x3121, 0x3122, 0x2180, 0x29E0, 0x21A1, 0x2181, 0x1941, 0x1920, 0x1940, 0x1960,
  0x1941, 0x1942, 0x21A1, 0x29E1, 0x31A2, 0x8326, 0x6243, 0x5A03, 0x5A03, 0x6244, 0x51E3, 0x6244,
  0x3962, 0x2901, 0x19E5, 0x2AA8, 0x11A5, 0x1A06, 0x2247, 0x1144, 0x1104, 0x1165, 0x2A68, 0x19A5,
  0x0903, 0x1144, 0x08E3, 0x5204, 0x6A64, 0x6244, 0x5A23, 0x5A03, 0x5A24, 0x5A23, 0x49C2, 0x20E1,
  0x19A4, 0x2A87, 0x2286, 0x2AE8, 0x2B08, 0x2B09, 0x22A8, 0x2287, 0x2AA8, 0x22C8, 0x2AE8, 0x2B28,
  0x11C4, 0x49A3, 0x6244, 0x5A23, 0x6244, 0x5A03, 0x5A24, 0x51E3, 0x4182, 0x2162, 0x4B85, 0x4B43,
  0x5343, 0x63E4, 0x4303, 0x4B24, 0x5B84, 0x4AC3, 0x42E3, 0x32A4, 0x3AA3, 0x5BC4, 0x4242, 0x6A45,
  0x5A03, 0x5203, 0x5203, 0x49C2, 0x49A2, 0x49C3, 0x3102, 0x31C2, 0x5BC5, 0x3223, 0x5344, 0x63E4,
  0x4304, 0x3263, 0x3244, 0x3283, 0x5B84, 0x5384, 0x3AA3, 0x2A44, 0x3182, 0x6A85, 0x49A2, 0x4182,
  0x4982, 0x41A2, 0x3122, 0x3962, 0x4182, 0x3941, 0x3962, 0x3962, 0x3142, 0x18A0, 0x2921, 0x6A64,
  0x6203, 0x51E3, 0x5A03, 0x6243, 0x6244, 0x5203, 0x59E3, 0x51E3, 0x6223, 0x4183, 0x18C1, 0x2922,
  0x3942, 0x3962, 0x3941, 0x3962, 0x3942, 0x2901, 0x3983, 0x3962, 0x3962, 0x3962, 0x3962, 0x3121,
  0x6264, 0x6224, 0x51E3, 0x51E3, 0x49C3, 0x49A2, 0x51C3, 0x49C3, 0x49A3, 0x41A3, 0x18C1, 0x2101,
  0x3962, 0x4182, 0x51E3, 0x4182, 0x41A3, 0x3942, 0x4182, 0x4182, 0x3982, 0x41A3, 0x3982, 0x20E1,
  0x4162, 0x7AC6, 0x5A24, 0x49A2, 0x5A04, 0x49A2, 0x51C3, 0x6223, 0x51A2, 0x51E3, 0x5A03, 0x3962,
  0x6AC7, 0x6AE6, 0x6AE6, 0x6AE7, 0x6AE7, 0x7307, 0x7307, 0x49C3, 0x5A44, 0x7B48, 0x6AE6, 0x7307,
  0x6AE6, 0x2922, 0x20E1, 0x3121, 0x3122, 0x3122, 0x3121, 0x3142, 0x3142, 0x4183, 0x2922, 0x20C1,
  0x2161, 0x3241, 0x3261, 0x2A01, 0x21A0, 0x1980, 0x29C1, 0x10E0, 0x5A25, 0x6A64, 0x5223, 0x5A23,
  0x5A24, 0x49C3, 0x6A64, 0x41A3, 0x3121, 0x3182, 0x3A82, 0x42C2, 0x3AA2, 0x1980, 0x3A83, 0x21A1,
  0x1100, 0x1941, 0x1940, 0x21A1, 0x3201, 0x3222, 0x41C3, 0x7AE6, 0x5203, 0x6244, 0x49C2, 0x5203,
  0x5203, 0x5A04, 0x3121, 0x3162, 0x4282, 0x42E2, 0x2A21, 0x3221, 0x21A1, 0x1980, 0x2160, 0x1920,
  0x1921, 0x1101, 0x1941, 0x1960, 0x2941, 0x7AE6, 0x6224, 0x5A23, 0x51E2, 0x6244, 0x51C2, 0x6244,
  0x3942, 0x28E1, 0x19E6, 0x2288, 0x1A48, 0x1A47, 0x2268, 0x19A6, 0x0923, 0x2227, 0x22A8, 0x2268,
  0x1185, 0x0943, 0x08C3, 0x5A25, 0x6A84, 0x5A44, 0x5A43, 0x5A03, 0x5A23, 0x5A03, 0x49C3, 0x28E2,
  0x19C5, 0x2267, 0x2266, 0x2AE8, 0x2B08, 0x2B09, 0x2AC8, 0x22A8, 0x2AC8, 0x2AC8, 0x22C8, 0x2B29,
  0x11C4, 0x49A3, 0x6264, 0x5A23, 0x6264, 0x5A03, 0x5A03, 0x5203, 0x4182, 0x2982, 0x5B85, 0x5B83,
  0x63E4, 0x5BA5, 0x4B03, 0x63A4, 0x5363, 0x4B03, 0x42E4, 0x2202, 0x5385, 0x5383, 0x2180, 0x6A86,
  0x6243, 0x5A23, 0x5203, 0x51E3, 0x49C3, 0x49A2, 0x3141, 0x1921, 0x2A23, 0x4B03, 0x6C05, 0x5344,
  0x4B23, 0x5BA4, 0x2A23, 0x3AA3, 0x6C45, 0x42E3, 0x2A23, 0x2A23, 0x3181, 0x72C5, 0x51E3, 0x49A2,
  0x4182, 0x41A3, 0x3962, 0x3962, 0x49A2, 0x3961, 0x3142, 0x3962, 0x3142, 0x18A0, 0x3121, 0x7284,
  0x6224, 0x51C3, 0x59E3, 0x6223, 0x6224, 0x51E3, 0x59E3, 0x51E3, 0x5A23, 0x4183, 0x18C1, 0x2922,
  0x3942, 0x4182, 0x3141, 0x3942, 0x3942, 0x2901, 0x3983, 0x3141, 0x3962, 0x3962, 0x3962, 0x3121,
  0x6244, 0x5A23, 0x51E3, 0x51E3, 0x49C3, 0x4982, 0x51C3, 0x49A2, 0x49C3, 0x41A3, 0x18C1, 0x2942,
  0x3962, 0x4182, 0x51E3, 0x4162, 0x49A3, 0x3942, 0x4182, 0x4182, 0x3962, 0x4182, 0x3982, 0x20E1,
  0x4182, 0x7AC5, 0x5A03, 0x49A2, 0x51E3, 0x49C2, 0x51E3, 0x6224, 0x51C3, 0x5203, 0x5A24, 0x4162,
  0x7328, 0x6AE6, 0x7327, 0x6AE7, 0x6AC6, 0x6B07, 0x7307, 0x5204, 0x5A45, 0x7B68, 0x7327, 0x7B48,
  0x6B07, 0x2922, 0x20E1, 0x3142, 0x3121, 0x3122, 0x3142, 0x3142, 0x3142, 0x4182, 0x2921, 0x20C1,
  0x1100, 0x29E1, 0x21A0, 0x1980, 0x21C1, 0x21C0, 0x21C0, 0x10E0, 0x6245, 0x6A84, 0x5A23, 0x5203,
  0x5204, 0x49C3, 0x6244, 0x49C3, 0x3121, 0x39A3, 0x3242, 0x3221, 0x3221, 0x29E1, 0x3A62, 0x1960,
  0x1921, 0x1941, 0x2181, 0x2181, 0x29C1, 0x1980, 0x41C3, 0x8347, 0x5202, 0x6244, 0x5203, 0x5203,
  0x5203, 0x5A24, 0x3142, 0x3982, 0x4B03, 0x4B23, 0x3AA2, 0x42C3, 0x29E1, 0x29E1, 0x2181, 0x1920,
  0x1921, 0x1921, 0x1120, 0x1960, 0x3181, 0x7AC5, 0x5A03, 0x5A44, 0x5A03, 0x6224, 0x51E3, 0x6244,
  0x3962, 0x2902, 0x19C5, 0x2267, 0x1A67, 0x1A27, 0x19A5, 0x1124, 0x1144, 0x2247, 0x22A8, 0x22C9,
  0x2288, 0x11E5, 0x0904, 0x5A45, 0x72A5, 0x6224, 0x6223, 0x5A03, 0x5A23, 0x5A03, 0x49C3, 0x20E1,
  0x2206, 0x2AA8, 0x22A7, 0x2AE8, 0x2AE8, 0x2AE9, 0x22A8, 0x2287, 0x2AC8, 0x22C8, 0x22C8, 0x2B29,
  0x11C4, 0x49C3, 0x6264, 0x5A23, 0x6264, 0x5A03, 0x5A04, 0x5203, 0x49A2, 0x2141, 0x42E5, 0x42E4,
  0x4B24, 0x3243, 0x5343, 0x63C3, 0x42E4, 0x3AC4, 0x3AC3, 0x42E3, 0x63C4, 0x4B23, 0x21A1, 0x72A5,
  0x6263, 0x6223, 0x5A23, 0x51E3, 0x51E3, 0x49A2, 0x3121, 0x2142, 0x42C4, 0x63C4, 0x6C24, 0x6C25,
  0x4AE3, 0x5363, 0x3244, 0x1982, 0x3A83, 0x2A23, 0x21E2, 0x2A43, 0x3162, 0x7AE6, 0x51E2, 0x49A2,
  0x4182, 0x3962, 0x4182, 0x49A2, 0x49A2, 0x3962, 0x3962, 0x3962, 0x3142, 0x18C1, 0x2921, 0x72C5,
  0x6224, 0x5A03, 0x5A03, 0x6244, 0x6244, 0x51E3, 0x51E3, 0x51E3, 0x5A03, 0x4183, 0x18C1, 0x2922,
  0x3942, 0x4182, 0x3941, 0x3962, 0x3962, 0x2901, 0x3963, 0x3141, 0x3962, 0x3962, 0x3962, 0x3121,
  0x6A64, 0x6244, 0x51E3, 0x51E3, 0x51E3, 0x49A3, 0x51C3, 0x49A3, 0x5204, 0x41A3, 0x20C1, 0x2942,
  0x3983, 0x41A3, 0x49C3, 0x3962, 0x41A3, 0x3942, 0x4183, 0x4162, 0x3962, 0x4162, 0x3962, 0x2901,
  0x3961, 0x72A5, 0x5A03, 0x49A2, 0x5A04, 0x51C3, 0x51C2, 0x6223, 0x51E3, 0x5A03, 0x5A03, 0x4162,
  0x7327, 0x7307, 0x7327, 0x7327, 0x6AE6, 0x6AE6, 0x6B07, 0x6285, 0x51E3, 0x7327, 0x7327, 0x7327,
  0x7368, 0x2943, 0x20E1, 0x3142, 0x3122, 0x3142, 0x3142, 0x3142, 0x3142, 0x4182, 0x2922, 0x20E1,
  0x18E0, 0x1981, 0x1981, 0x21A1, 0x2A01, 0x21C0, 0x21C1, 0x1100, 0x5A45, 0x6A64, 0x5A24, 0x5A23,
  0x5204, 0x49A2, 0x6244, 0x49C3, 0x4162, 0x2921, 0x19A0, 0x3221, 0x3AA2, 0x42C2, 0x3221, 0x2181,
  0x1940, 0x1940, 0x21C1, 0x21A1, 0x29E1, 0x21C1, 0x49E4, 0x8327, 0x5A03, 0x6A64, 0x5203, 0x51E3,
  0x51E3, 0x6245, 0x3141, 0x3161, 0x4AC3, 0x2A21, 0x3221, 0x3A62, 0x1980, 0x1960, 0x1960, 0x1120,
  0x2181, 0x21C1, 0x21A0, 0x21C1, 0x39E2, 0x8B67, 0x5A23, 0x6264, 0x5A03, 0x6224, 0x5A03, 0x6264,
  0x4182, 0x3141, 0x1983, 0x2245, 0x2247, 0x1184, 0x0903, 0x1124, 0x1123, 0x1185, 0x2227, 0x2288,
  0x22A9, 0x1A47, 0x0924, 0x5A45, 0x72A5, 0x6223, 0x6244, 0x5A03, 0x5A23, 0x5A03, 0x41C3, 0x20E1,
  0x2226, 0x22A7, 0x2AC8, 0x2AE8, 0x2AE8, 0x2AE8, 0x22A8, 0x22C8, 0x2AE8, 0x22C8, 0x22C8, 0x2B09,
  0x19C5, 0x51C3, 0x6A64, 0x5A23, 0x6264, 0x5A23, 0x5A04, 0x5203, 0x49A2, 0x2141, 0x32C5, 0x2246,
  0x21E5, 0x2A03, 0x5344, 0x4304, 0x3264, 0x21E3, 0x4B64, 0x6C25, 0x42E3, 0x21E1, 0x29A2, 0x72C5,
  0x6A84, 0x6243, 0x6223, 0x59E3, 0x51E3, 0x49C3, 0x3121, 0x31C2, 0x6C04, 0x6C04, 0x6C04, 0x6C44,
  0x5364, 0x5BC3, 0x5B84, 0x29E2, 0x29E3, 0x2A43, 0x3242, 0x2A22, 0x3162, 0x7AE6, 0x51C2, 0x49A2,
  0x49A2, 0x3942, 0x51C3, 0x51C3, 0x4162, 0x3962, 0x3142, 0x3142, 0x3162, 0x18C1, 0x3121, 0x8306,
  0x6A44, 0x5A24, 0x5A23, 0x6A44, 0x6244, 0x5A03, 0x5A04, 0x49C3, 0x5A03, 0x41A3, 0x18A1, 0x2922,
  0x3942, 0x3962, 0x3942, 0x3962, 0x3962, 0x3121, 0x3983, 0x3142, 0x3142, 0x3942, 0x4162, 0x3141,
  0x6A64, 0x6244, 0x51C2, 0x5203, 0x5204, 0x49A2, 0x49A3, 0x49A3, 0x5A04, 0x41A3, 0x20C1, 0x2922,
  0x41A3, 0x41A3, 0x49A3, 0x3962, 0x41A3, 0x3141, 0x4182, 0x4182, 0x3982, 0x4162, 0x3962, 0x28E1,
  0x3962, 0x72A5, 0x6223, 0x51C2, 0x5A03, 0x51E3, 0x49A2, 0x6224, 0x51C3, 0x5A03, 0x5A03, 0x4162,
  0x7328, 0x7327, 0x6B06, 0x7347, 0x7306, 0x6AE6, 0x6AE6, 0x6AC6, 0x5A44, 0x6AA5, 0x7327, 0x7307,
  0x6B27, 0x2943, 0x2901, 0x3142, 0x3121, 0x3122, 0x3122, 0x3121, 0x3142, 0x4182, 0x2921, 0x20E1,
  0x10C0, 0x1980, 0x21A1, 0x29C1, 0x1980, 0x1960, 0x21A0, 0x1100, 0x5A25, 0x6A64, 0x5A24, 0x5203,
  0x51E3, 0x49A3, 0x6A64, 0x49C3, 0x4182, 0x2941, 0x3221, 0x3A82, 0x42C2, 0x3262, 0x2A01, 0x21A1,
  0x1960, 0x21A1, 0x3241, 0x3262, 0x3241, 0x3222, 0x49E3, 0x8327, 0x5A03, 0x6244, 0x49C2, 0x5A03,
  0x51C3, 0x5A04, 0x3141, 0x3982, 0x3201, 0x29E1, 0x29E1, 0x3221, 0x1940, 0x2181, 0x3221, 0x1980,
  0x21A1, 0x3222, 0x3242, 0x2A01, 0x31A1, 0x8306, 0x6223, 0x5A24, 0x5A03, 0x6224, 0x51E3, 0x6223,
  0x4182, 0x3141, 0x2183, 0x21C3, 0x19A4, 0x1124, 0x1124, 0x1103, 0x0903, 0x1144, 0x1185, 0x1184,
  0x11A5, 0x19C6, 0x0904, 0x5A45, 0x6A84, 0x51C2, 0x6A84, 0x51E2, 0x5A03, 0x5A24, 0x41A3, 0x20E1,
  0x2A67, 0x2AE8, 0x2AC8, 0x2AC8, 0x2AE8, 0x2B09, 0x2AE8, 0x22E8, 0x22E8, 0x22E8, 0x22C8, 0x2AE9,
  0x11A4, 0x51E3, 0x6264, 0x5A23, 0x6264, 0x5A23, 0x5A03, 0x5203, 0x4982, 0x2162, 0x4305, 0x2204,
  0x11A5, 0x1183, 0x2A05, 0x19E4, 0x19E4, 0x21E3, 0x5343, 0x3AA2, 0x1981, 0x21A2, 0x2962, 0x7AE5,
  0x6A64, 0x6223, 0x6223, 0x59E3, 0x51E3, 0x51E3, 0x3901, 0x39E2, 0x7445, 0x6C05, 0x6BE4, 0x63E4,
  0x4B23, 0x4B23, 0x5BA4, 0x4B03, 0x2A23, 0x3263, 0x29E2, 0x1982, 0x2962, 0x7AE6, 0x51E2, 0x49C2,
  0x49A2, 0x41A2, 0x51C3, 0x51E3, 0x3941, 0x3121, 0x3142, 0x3142, 0x3162, 0x18C1, 0x3121, 0x7AC5,
  0x6A64, 0x5A23, 0x6224, 0x6A44, 0x6A44, 0x5A03, 0x5A04, 0x49C3, 0x6244, 0x49C4, 0x18A1, 0x2922,
  0x3962, 0x3962, 0x3941, 0x4182, 0x3962, 0x3142, 0x3963, 0x3122, 0x3942, 0x3142, 0x4182, 0x3141,
  0x6A85, 0x6244, 0x49A2, 0x5203, 0x5204, 0x49A2, 0x49A2, 0x4182, 0x51E3, 0x49C3, 0x20C1, 0x2922,
  0x41A3, 0x41A2, 0x41A3, 0x3962, 0x41A3, 0x3942, 0x4183, 0x4182, 0x4182, 0x4182, 0x3962, 0x20E1,
  0x4182, 0x72A5, 0x6223, 0x51E3, 0x51E3, 0x51E3, 0x49C2, 0x5A03, 0x49A2, 0x51E3, 0x5A03, 0x4182,
  0x7347, 0x7347, 0x7307, 0x6B06, 0x7327, 0x6AE6, 0x6AE6, 0x7327, 0x6AE7, 0x7307, 0x7327, 0x6B07,
  0x7327, 0x2943, 0x2901, 0x3142, 0x3122, 0x3121, 0x3121, 0x3121, 0x3941, 0x4183, 0x3122, 0x20E1,
  0x18E1, 0x21C1, 0x21C1, 0x21C1, 0x1960, 0x1940, 0x21E0, 0x1920, 0x5A45, 0x6264, 0x5A23, 0x5A23,
  0x5203, 0x41C3, 0x6A64, 0x49C3, 0x4162, 0x2941, 0x21A1, 0x2180, 0x3A82, 0x21A1, 0x2181, 0x1960,
  0x1980, 0x3A82, 0x42E2, 0x3A62, 0x2A01, 0x21C1, 0x41C3, 0x7B06, 0x5A03, 0x6244, 0x51E3, 0x5A03,
  0x51E3, 0x5A04, 0x3942, 0x3962, 0x29E1, 0x2A21, 0x3A62, 0x29C1, 0x1120, 0x21C1, 0x29C0, 0x2181,
  0x2181, 0x3202, 0x2A01, 0x2A02, 0x31A2, 0x7AE6, 0x5A03, 0x5A23, 0x5A03, 0x6244, 0x51C2, 0x6223,
  0x4182, 0x3942, 0x1942, 0x1983, 0x1123, 0x1123, 0x1124, 0x1144, 0x0924, 0x1144, 0x1944, 0x1124,
  0x1144, 0x1165, 0x0964, 0x6245, 0x6A84, 0x51E3, 0x6A84, 0x51C2, 0x5A23, 0x5203, 0x41A3, 0x20E1,
  0x2246, 0x2AE8, 0x22C7, 0x2AC8, 0x2AC8, 0x2AE8, 0x2AC8, 0x2AC8, 0x32E7, 0x2AE7, 0x22C7, 0x2AE8,
  0x1184, 0x51E3, 0x6A44, 0x5A23, 0x6243, 0x5A03, 0x5A03, 0x5203, 0x4162, 0x2141, 0x32A4, 0x2204,
  0x2204, 0x21E4, 0x19A4, 0x1A05, 0x19A4, 0x2A23, 0x3AC3, 0x2A02, 0x1982, 0x1983, 0x1901, 0x7AC5,
  0x6244, 0x5A23, 0x5A03, 0x59E3, 0x51E3, 0x51E3, 0x3941, 0x31C3, 0x63E4, 0x5343, 0x4AE3, 0x5343,
  0x4303, 0x2A02, 0x5365, 0x42E3, 0x2A03, 0x19A2, 0x2182, 0x1962, 0x2941, 0x8306, 0x59E2, 0x51C2,
  0x51C3, 0x41A2, 0x49C3, 0x5A03, 0x4162, 0x2901, 0x3142, 0x3142, 0x3162, 0x18A1, 0x2901, 0x7AE5,
  0x6A64, 0x5A03, 0x6223, 0x6A64, 0x6244, 0x5A03, 0x5A24, 0x51E3, 0x6A64, 0x49C3, 0x18A1, 0x3122,
  0x3962, 0x3962, 0x3942, 0x3962, 0x3962, 0x2901, 0x3962, 0x3122, 0x3962, 0x3942, 0x4182, 0x3141,
  0x6AA4, 0x6244, 0x49A2, 0x5203, 0x5203, 0x49A2, 0x49C3, 0x4982, 0x51E3, 0x49C3, 0x18C1, 0x2922,
  0x41A3, 0x41A3, 0x41A3, 0x4182, 0x4182, 0x3141, 0x4183, 0x41A2, 0x3982, 0x41A3, 0x3962, 0x20C1,
  0x3962, 0x72A5, 0x5A23, 0x49A2, 0x59E3, 0x59E3, 0x51C2, 0x5A03, 0x49A2, 0x51E3, 0x5A03, 0x4182,
  0x7348, 0x7347, 0x7327, 0x6AE6, 0x7307, 0x62C6, 0x6AE7, 0x7327, 0x7327, 0x7B48, 0x7328, 0x6B07,
  0x62C6, 0x2122, 0x2901, 0x3142, 0x3122, 0x3121, 0x3142, 0x2921, 0x3941, 0x4183, 0x3122, 0x20E1,
  0x10A0, 0x2181, 0x2181, 0x21A1, 0x1980, 0x1980, 0x3242, 0x1120, 0x5A45, 0x6A84, 0x5A43, 0x5A23,
  0x51E3, 0x41C3, 0x6264, 0x49C3, 0x41A3, 0x2921, 0x1940, 0x1940, 0x2181, 0x1940, 0x1940, 0x21A1,
  0x3222, 0x3A82, 0x3221, 0x2180, 0x21A1, 0x1960, 0x41C3, 0x7B06, 0x51E2, 0x6244, 0x49C2, 0x5A03,
  0x5203, 0x5A24, 0x3141, 0x3162, 0x29E2, 0x2A21, 0x29E1, 0x10E0, 0x10C0, 0x2181, 0x1940, 0x1100,
  0x1940, 0x29C1, 0x1940, 0x1960, 0x2982, 0x7B06, 0x59E3, 0x6244, 0x5A23, 0x6244, 0x51E3, 0x6224,
  0x4162, 0x3122, 0x1922, 0x1943, 0x1144, 0x19C6, 0x1A47, 0x2267, 0x2227, 0x1184, 0x0923, 0x19C5,
  0x1A27, 0x2227, 0x11C5, 0x5A65, 0x72A4, 0x59E3, 0x72A4, 0x5A03, 0x5A23, 0x5203, 0x49A3, 0x2902,
  0x2A05, 0x2AA6, 0x22A7, 0x2AA8, 0x2AC8, 0x2AE8, 0x2AC8, 0x32E8, 0x53A6, 0x3B06, 0x2A88, 0x2287,
  0x0923, 0x51E3, 0x6264, 0x6223, 0x6223, 0x5A03, 0x5A03, 0x51E3, 0x4162, 0x2982, 0x5365, 0x3AA3,
  0x3263, 0x2204, 0x19E4, 0x21E5, 0x2204, 0x21E4, 0x21E4, 0x1982, 0x1963, 0x21A3, 0x2141, 0x7AE6,
  0x6264, 0x5A23, 0x5A23, 0x5A03, 0x5A03, 0x51E3, 0x3962, 0x2182, 0x42E3, 0x3242, 0x4B04, 0x5344,
  0x21E3, 0x1962, 0x3AA3, 0x3AC2, 0x21C2, 0x1143, 0x1942, 0x1122, 0x2942, 0x7B06, 0x51E2, 0x51E3,
  0x51C3, 0x49A2, 0x51C3, 0x5A03, 0x4162, 0x2901, 0x3142, 0x3142, 0x3162, 0x18C1, 0x2901, 0x8326,
  0x6A64, 0x6223, 0x6244, 0x6A64, 0x6A64, 0x5A03, 0x5A23, 0x5A03, 0x7284, 0x49C3, 0x18A1, 0x3122,
  0x3982, 0x3962, 0x3962, 0x3962, 0x3962, 0x2901, 0x3162, 0x3121, 0x3962, 0x3962, 0x4182, 0x3142,
  0x6A84, 0x6244, 0x51E3, 0x5203, 0x51E3, 0x49A2, 0x51E3, 0x49A3, 0x51E3, 0x49C3, 0x20C1, 0x3142,
  0x49A3, 0x49C3, 0x41A3, 0x41A3, 0x4182, 0x3142, 0x4182, 0x4182, 0x3982, 0x41A3, 0x3983, 0x20C1,
  0x3942, 0x72A5, 0x6244, 0x51C2, 0x5A03, 0x5A03, 0x5A03, 0x5A03, 0x49A3, 0x5A03, 0x5A03, 0x4182,
  0x7B68, 0x7347, 0x7327, 0x6B07, 0x6B06, 0x5A85, 0x62C6, 0x7327, 0x6B07, 0x6AE6, 0x6B06, 0x6B27,
  0x62A6, 0x2102, 0x2902, 0x3142, 0x3142, 0x3142, 0x3142, 0x2921, 0x3121, 0x41A3, 0x3121, 0x20E1,
  0x10A0, 0x1941, 0x1940, 0x1981, 0x21A1, 0x21C1, 0x21A1, 0x08C0, 0x6265, 0x6A84, 0x5A44, 0x5A44,
  0x51E3, 0x49C3, 0x6244, 0x49C3, 0x4183, 0x2921, 0x1140, 0x1941, 0x1920, 0x1940, 0x1941, 0x2181,
  0x3222, 0x3221, 0x1960, 0x1940, 0x1981, 0x1920, 0x41C3, 0x8327, 0x51E3, 0x6223, 0x49A2, 0x59E3,
  0x5203, 0x5A24, 0x3942, 0x3962, 0x1961, 0x2181, 0x1940, 0x10E0, 0x10E0, 0x1921, 0x1900, 0x1100,
  0x1940, 0x1961, 0x1941, 0x1981, 0x2961, 0x8347, 0x5A03, 0x5A24, 0x5203, 0x6264, 0x5203, 0x6224,
  0x3962, 0x2902, 0x1943, 0x2163, 0x1984, 0x2268, 0x2288, 0x2288, 0x22A8, 0x1A27, 0x19C5, 0x2267,
  0x1A47, 0x2288, 0x11E5, 0x5A45, 0x72A4, 0x51E2, 0x6AA4, 0x5A03, 0x5A23, 0x5A23, 0x41A3, 0x28E2,
  0x11A4, 0x1A46, 0x1A67, 0x2AC8, 0x2AC7, 0x2AC7, 0x2AE8, 0x2AA7, 0x3AE7, 0x32C6, 0x2266, 0x1A67,
  0x1163, 0x51E4, 0x6264, 0x6223, 0x6224, 0x5A23, 0x5A03, 0x49C2, 0x4182, 0x2981, 0x4B24, 0x42C3,
  0x4304, 0x2A24, 0x21E4, 0x3AA4, 0x4324, 0x3264, 0x21E5, 0x2A03, 0x2A02, 0x3AA4, 0x3202, 0x7AE6,
  0x6223, 0x5A23, 0x6223, 0x5A23, 0x5A23, 0x5A03, 0x3962, 0x2161, 0x3244, 0x1982, 0x3AC4, 0x3243,
  0x1122, 0x1963, 0x2A04, 0x2A43, 0x1962, 0x1143, 0x1943, 0x1122, 0x2942, 0x8306, 0x51C2, 0x51E3,
  0x51C3, 0x49A2, 0x51C2, 0x51E3, 0x4162, 0x2901, 0x3121, 0x3122, 0x3962, 0x18A1, 0x2901, 0x7AE5,
  0x6A64, 0x6224, 0x6244, 0x6A64, 0x6A64, 0x5A03, 0x6223, 0x5A23, 0x72A5, 0x49C3, 0x18A1, 0x3122,
  0x3962, 0x3962, 0x3962, 0x4182, 0x4183, 0x3121, 0x3962, 0x3121, 0x3962, 0x3962, 0x3962, 0x3121,
  0x6A85, 0x6244, 0x51E3, 0x51E3, 0x59E3, 0x49A2, 0x51E3, 0x51C3, 0x51E3, 0x49C3, 0x20C1, 0x2922,
  0x41A3, 0x49C3, 0x41A3, 0x49C3, 0x4182, 0x3983, 0x41A3, 0x4182, 0x3982, 0x4182, 0x3963, 0x20E1,
  0x4182, 0x72A5, 0x6224, 0x51C3, 0x5203, 0x51E3, 0x5A03, 0x51E3, 0x49A2, 0x51C3, 0x5A03, 0x4162,
  0x7B47, 0x7B47, 0x7327, 0x6B07, 0x6AE6, 0x62A6, 0x6AE7, 0x7348, 0x7327, 0x6AE6, 0x6AC6, 0x5A85,
  0x6AE7, 0x2923, 0x28E1, 0x3142, 0x3142, 0x3121, 0x3142, 0x3121, 0x3121, 0x4183, 0x2901, 0x20E1,
  0x18A1, 0x1921, 0x1941, 0x1120, 0x1961, 0x1960, 0x1961, 0x08C0, 0x5A45, 0x6264, 0x5223, 0x5A44,
  0x5203, 0x41A2, 0x6244, 0x49C3, 0x4162, 0x2901, 0x1940, 0x1960, 0x1940, 0x1981, 0x1961, 0x1920,
  0x29C1, 0x2181, 0x1961, 0x1900, 0x1940, 0x08E0, 0x39A3, 0x8306, 0x51E3, 0x6223, 0x49A2, 0x51E3,
  0x51C3, 0x5A04, 0x3942, 0x3142, 0x1100, 0x1100, 0x2161, 0x2180, 0x1940, 0x18E0, 0x1100, 0x1941,
  0x2181, 0x1961, 0x1962, 0x1120, 0x2121, 0x8307, 0x5A03, 0x5A23, 0x5203, 0x6264, 0x51E3, 0x6223,
  0x4162, 0x2902, 0x1942, 0x2183, 0x19A5, 0x11C6, 0x1A06, 0x2AA8, 0x2288, 0x2288, 0x2247, 0x2247,
  0x2287, 0x2AC9, 0x1206, 0x5A45, 0x72A5, 0x51E3, 0x6A84, 0x5A03, 0x5A23, 0x5A23, 0x41A2, 0x20E1,
  0x2226, 0x22C9, 0x22A7, 0x2AC8, 0x2AA7, 0x32E7, 0x2267, 0x1A06, 0x2247, 0x2267, 0x1A45, 0x32E6,
  0x21C3, 0x49E3, 0x6264, 0x6203, 0x6244, 0x5A23, 0x51E3, 0x49C3, 0x4182, 0x2961, 0x5B84, 0x5383,
  0x4B63, 0x42E4, 0x4303, 0x63E4, 0x5364, 0x2A23, 0x2203, 0x4B23, 0x4323, 0x4B64, 0x3A22, 0x6A85,
  0x6224, 0x5A43, 0x6243, 0x6223, 0x5A03, 0x5A03, 0x3962, 0x1921, 0x21E3, 0x19A3, 0x1981, 0x1942,
  0x1983, 0x1983, 0x21C2, 0x21C2, 0x1963, 0x1963, 0x1982, 0x1162, 0x2942, 0x8306, 0x51A2, 0x49C3,
  0x51E3, 0x49A3, 0x51C2, 0x51E3, 0x4162, 0x2901, 0x3122, 0x3142, 0x3162, 0x18A1, 0x2901, 0x7AE5,
  0x6A64, 0x6244, 0x6244, 0x6A44, 0x6A44, 0x5A03, 0x6244, 0x5A03, 0x7AC5, 0x49C3, 0x10A1, 0x2922,
  0x3962, 0x3962, 0x3962, 0x4183, 0x4182, 0x3121, 0x3962, 0x3121, 0x4182, 0x3982, 0x3962, 0x3121,
  0x6A64, 0x6244, 0x5203, 0x5A03, 0x5A03, 0x51E3, 0x51E3, 0x51E3, 0x51E3, 0x49C3, 0x20E1, 0x2922,
  0x41A3, 0x49C3, 0x49C3, 0x49A2, 0x4182, 0x3162, 0x41A3, 0x4182, 0x4183, 0x4182, 0x3962, 0x20E1,
  0x3962, 0x7AC5, 0x6223, 0x51C3, 0x51E3, 0x51C2, 0x5A23, 0x51C3, 0x4982, 0x51C3, 0x5A03, 0x4162,
  0x7B88, 0x7B68, 0x7327, 0x7327, 0x6B07, 0x62A6, 0x6AE7, 0x7348, 0x7348, 0x6B27, 0x5224, 0x4A04,
  0x62C6, 0x2922, 0x28E1, 0x3942, 0x3142, 0x3142, 0x3142, 0x3122, 0x3121, 0x4183, 0x3101, 0x20E1,
  0x18A1, 0x1940, 0x1961, 0x1120, 0x1940, 0x1940, 0x1920, 0x10E0, 0x51E3, 0x6A84, 0x5A43, 0x5A23,
  0x5203, 0x49C3, 0x5A03, 0x49C3, 0x4182, 0x2921, 0x21A0, 0x29C1, 0x21A1, 0x21C1, 0x1961, 0x1940,
  0x29E2, 0x1940, 0x1100, 0x1920, 0x1961, 0x1100, 0x41A3, 0x7AE6, 0x51C2, 0x5A23, 0x49C2, 0x51E3,
  0x51E3, 0x5A03, 0x3942, 0x3162, 0x2181, 0x29C0, 0x21A1, 0x2181, 0x1920, 0x1900, 0x1961, 0x2181,
  0x21C1, 0x1961, 0x1942, 0x1941, 0x2941, 0x7AE6, 0x5A03, 0x5A44, 0x5223, 0x6264, 0x5203, 0x6223,
  0x4162, 0x2921, 0x21C4, 0x2204, 0x19C5, 0x1A06, 0x11E5, 0x2267, 0x22A8, 0x2287, 0x2288, 0x2288,
  0x22A7, 0x22C8, 0x1226, 0x5A44, 0x6A84, 0x5A04, 0x6A84, 0x5A03, 0x5A23, 0x5A44, 0x41A3, 0x28E1,
  0x2205, 0x2AA8, 0x2287, 0x2AA8, 0x2AA7, 0x2246, 0x19E6, 0x19C6, 0x19C5, 0x11E5, 0x3285, 0x63E5,
  0x3222, 0x49A3, 0x6A85, 0x6203, 0x5A23, 0x5A23, 0x59E3, 0x49C3, 0x4141, 0x29A2, 0x63E5, 0x5383,
  0x5384, 0x5384, 0x6404, 0x5343, 0x2A22, 0x19A2, 0x3262, 0x63E4, 0x53A4, 0x4303, 0x2181, 0x6A85,
  0x5A03, 0x6244, 0x5A23, 0x5A03, 0x5A03, 0x59E3, 0x3962, 0x1921, 0x2223, 0x2A23, 0x21C3, 0x1964,
  0x1983, 0x1983, 0x42C3, 0x3AA2, 0x1962, 0x19A2, 0x2A02, 0x19A2, 0x2942, 0x8306, 0x51A2, 0x49A3,
  0x49A2, 0x49C3, 0x51E3, 0x5A24, 0x4182, 0x20E1, 0x3122, 0x3142, 0x3162, 0x18A1, 0x2901, 0x7AC5,
  0x6A64, 0x6223, 0x6244, 0x6A44, 0x6A44, 0x5A03, 0x6244, 0x6224, 0x7284, 0x49A3, 0x18A1, 0x2922,
  0x3962, 0x3962, 0x3962, 0x41A3, 0x4182, 0x3142, 0x3962, 0x3142, 0x3962, 0x3962, 0x3962, 0x3942,
  0x72A5, 0x6263, 0x5A03, 0x5A23, 0x5A03, 0x5203, 0x5A03, 0x51E3, 0x49A2, 0x49E3, 0x20C1, 0x2922,
  0x4182, 0x49A3, 0x49C3, 0x49C3, 0x41A3, 0x3142, 0x4183, 0x3962, 0x4182, 0x4182, 0x3962, 0x20E1,
  0x4182, 0x7AE6, 0x6223, 0x51C2, 0x51E3, 0x51C3, 0x5A03, 0x49A2, 0x49A3, 0x51E3, 0x59E3, 0x4162,
  0x7B68, 0x7B68, 0x7327, 0x7347, 0x6B06, 0x7368, 0x6AE6, 0x7327, 0x7327, 0x7327, 0x62A6, 0x62A6,
  0x62C6, 0x3143, 0x28E1, 0x3142, 0x3142, 0x3142, 0x3142, 0x3121, 0x3121, 0x4183, 0x3121, 0x20E1,
  0x18A1, 0x1941, 0x1960, 0x1960, 0x1960, 0x1940, 0x1961, 0x10E0, 0x5224, 0x6A84, 0x5223, 0x5A24,
  0x5A23, 0x49E3, 0x5A03, 0x49C3, 0x3962, 0x2961, 0x2201, 0x2A01, 0x2A01, 0x2A01, 0x1940, 0x1900,
  0x2181, 0x1940, 0x1920, 0x2161, 0x21E1, 0x1960, 0x39A3, 0x7AE6, 0x49C2, 0x5A24, 0x49C3, 0x5A03,
  0x5A23, 0x51E4, 0x3142, 0x3982, 0x3201, 0x2A40, 0x29E2, 0x1120, 0x10E0, 0x1900, 0x1981, 0x21A0,
  0x21C1, 0x21A2, 0x19A2, 0x21A1, 0x2981, 0x7AE6, 0x51E3, 0x6264, 0x6264, 0x6264, 0x5A03, 0x5A23,
  0x4182, 0x3142, 0x29E4, 0x2224, 0x2204, 0x2AA8, 0x1A06, 0x11E6, 0x22C8, 0x1A87, 0x2288, 0x2288,
  0x2267, 0x22C9, 0x1226, 0x5A25, 0x6A85, 0x5A23, 0x6264, 0x5A23, 0x6244, 0x5A44, 0x49C3, 0x2902,
  0x1984, 0x1A06, 0x1A27, 0x2247, 0x1A46, 0x19C5, 0x19A5, 0x19C5, 0x19A4, 0x3AC5, 0x53C4, 0x5C04,
  0x2A02, 0x51C3, 0x6A64, 0x6203, 0x6244, 0x5A03, 0x5A03, 0x51C2, 0x4182, 0x3182, 0x7424, 0x5BC3,
  0x3AC3, 0x5363, 0x6C04, 0x42E2, 0x21E2, 0x2A02, 0x5B84, 0x63E4, 0x3263, 0x2202, 0x1961, 0x72A6,
  0x5A23, 0x6223, 0x5A23, 0x5A43, 0x5A03, 0x5A03, 0x4182, 0x1922, 0x2A44, 0x2203, 0x21A3, 0x1963,
  0x21C3, 0x2A43, 0x5363, 0x4B23, 0x3AA3, 0x21E2, 0x1981, 0x1981, 0x2941, 0x7AE6, 0x51E2, 0x51C3,
  0x49A2, 0x51E3, 0x51E3, 0x5A03, 0x4182, 0x2101, 0x3122, 0x3122, 0x3142, 0x1080, 0x28E1, 0x7AC5,
  0x6A64, 0x5A03, 0x6223, 0x6A44, 0x6A44, 0x5A03, 0x6224, 0x6223, 0x7264, 0x41A3, 0x10A1, 0x2922,
  0x3942, 0x3942, 0x3942, 0x4182, 0x4182, 0x3941, 0x3982, 0x3121, 0x3962, 0x4162, 0x3962, 0x3942,
  0x7284, 0x6264, 0x5A23, 0x5A23, 0x51E3, 0x5203, 0x5A03, 0x51E3, 0x51C2, 0x49C3, 0x20C1, 0x2942,
  0x4182, 0x49A3, 0x41A2, 0x49C3, 0x4182, 0x3941, 0x4183, 0x4182, 0x4182, 0x4183, 0x3962, 0x20E1,
  0x49C3, 0x7AE6, 0x6244, 0x51C2, 0x49A3, 0x59E3, 0x6223, 0x49A2, 0x51C3, 0x5A03, 0x51E3, 0x4142,
  0x6AE7, 0x7307, 0x7327, 0x7327, 0x7306, 0x7B68, 0x7327, 0x7327, 0x7327, 0x6B07, 0x6B07, 0x6AE7,
  0x5AA5, 0x2923, 0x28E1, 0x3142, 0x3121, 0x3121, 0x3142, 0x3121, 0x3121, 0x4183, 0x3101, 0x20E2,
  0x10A0, 0x1940, 0x1960, 0x21A1, 0x1961, 0x1940, 0x1981, 0x10E0, 0x5244, 0x6264, 0x51E3, 0x5A24,
  0x5A24, 0x41A2, 0x5A03, 0x41A2, 0x3962, 0x2962, 0x2201, 0x21E1, 0x2A01, 0x2A21, 0x1960, 0x1100,
  0x2160, 0x2181, 0x1920, 0x1940, 0x21C1, 0x2180, 0x41C3, 0x7AE6, 0x49A2, 0x5A03, 0x49C3, 0x5A24,
  0x5A03, 0x51E3, 0x3962, 0x3982, 0x3201, 0x2A20, 0x29C1, 0x1920, 0x1100, 0x1920, 0x21A1, 0x21A0,
  0x21C1, 0x29E2, 0x21E2, 0x21E1, 0x31C2, 0x7AE6, 0x51E3, 0x6264, 0x6264, 0x6264, 0x59E3, 0x5A23,
  0x4182, 0x3963, 0x29C3, 0x3284, 0x2A43, 0x2245, 0x2268, 0x11A5, 0x2247, 0x2288, 0x2288, 0x2267,
  0x2247, 0x22C8, 0x1206, 0x5A25, 0x72A5, 0x5A23, 0x6243, 0x5A03, 0x5A23, 0x5A44, 0x49C3, 0x28E1,
  0x1164, 0x2206, 0x19E6, 0x1A06, 0x2247, 0x19E6, 0x19E6, 0x19E6, 0x32A5, 0x5385, 0x5BC4, 0x6425,
  0x3222, 0x51E4, 0x6244, 0x5A03, 0x6224, 0x5A03, 0x5A23, 0x51E3, 0x4982, 0x31A1, 0x6C04, 0x4B22,
  0x4B44, 0x6C45, 0x6BE4, 0x42C3, 0x2202, 0x2A03, 0x5B83, 0x3AC3, 0x21E2, 0x3264, 0x2162, 0x6A85,
  0x6243, 0x6224, 0x5A03, 0x5A03, 0x51E3, 0x5A03, 0x4182, 0x1921, 0x2204, 0x21C4, 0x21A3, 0x3243,
  0x3243, 0x3283, 0x5363, 0x4B43, 0x42E3, 0x21C2, 0x21A2, 0x19A1, 0x2962, 0x7AE6, 0x51E2, 0x51E3,
  0x51A3, 0x51E3, 0x51C2, 0x5A03, 0x3962, 0x2901, 0x3121, 0x3122, 0x3162, 0x1080, 0x2901, 0x7AC5,
  0x6A43, 0x6243, 0x6A44, 0x6A64, 0x6223, 0x5A03, 0x5A04, 0x5A03, 0x7284, 0x49A3, 0x10A1, 0x2922,
  0x3942, 0x3942, 0x3962, 0x3962, 0x3942, 0x3942, 0x3962, 0x3141, 0x3982, 0x4162, 0x3962, 0x3962,
  0x7284, 0x6244, 0x5A03, 0x5A24, 0x51E3, 0x51E3, 0x5A03, 0x51E3, 0x51C2, 0x49C3, 0x20C1, 0x2922,
  0x4183, 0x49A3, 0x41A2, 0x49C3, 0x4182, 0x3962, 0x41A3, 0x3962, 0x4182, 0x4183, 0x3162, 0x20E1,
  0x4982, 0x7AE5, 0x6244, 0x49A2, 0x51C3, 0x59E3, 0x6203, 0x49C2, 0x51A3, 0x5A03, 0x5A03, 0x4142,
  0x7327, 0x6AE6, 0x6AE7, 0x6AE6, 0x7327, 0x6B07, 0x7328, 0x6B07, 0x6B07, 0x6AE7, 0x6AE6, 0x7307,
  0x5AA5, 0x2922, 0x2901, 0x3142, 0x3121, 0x3121, 0x3142, 0x3142, 0x3121, 0x41A3, 0x3122, 0x20E1,
  0x10A0, 0x1940, 0x2181, 0x21A1, 0x1960, 0x1960, 0x1981, 0x10E0, 0x5224, 0x6223, 0x49C3, 0x5203,
  0x5A24, 0x49C3, 0x5A23, 0x41A2, 0x3942, 0x3161, 0x21C1, 0x21A0, 0x2A01, 0x2A02, 0x21A1, 0x1940,
  0x1960, 0x2181, 0x1961, 0x2180, 0x21C1, 0x1940, 0x41E3, 0x7AE6, 0x49A2, 0x5A23, 0x49C2, 0x5A04,
  0x5A24, 0x5A04, 0x3961, 0x3162, 0x21A1, 0x2181, 0x1920, 0x1120, 0x2181, 0x1940, 0x1981, 0x29E1,
  0x29E1, 0x2A02, 0x29E2, 0x2A01, 0x31C2, 0x7B06, 0x5A03, 0x6A64, 0x6244, 0x5A23, 0x5A04, 0x6244,
  0x4182, 0x3122, 0x29C2, 0x2A83, 0x3262, 0x2203, 0x2247, 0x1A06, 0x11A5, 0x2267, 0x2288, 0x2288,
  0x2287, 0x22C8, 0x19E6, 0x5A25, 0x72A5, 0x5A23, 0x6244, 0x5A03, 0x5A03, 0x6244, 0x49C2, 0x28E1,
  0x19E5, 0x2267, 0x19C6, 0x19E6, 0x2267, 0x2267, 0x2226, 0x3265, 0x5384, 0x5384, 0x4304, 0x53A6,
  0x21E2, 0x49C3, 0x5A43, 0x59E3, 0x5A24, 0x51E3, 0x5A03, 0x5203, 0x49A2, 0x2981, 0x4B23, 0x3AC3,
  0x5363, 0x6C24, 0x63A4, 0x3262, 0x2A22, 0x2A42, 0x3263, 0x2202, 0x2223, 0x2A23, 0x1941, 0x72C7,
  0x6224, 0x59E3, 0x59E3, 0x51E3, 0x51C2, 0x5A04, 0x4163, 0x2121, 0x21C3, 0x1983, 0x3A83, 0x5BA4,
  0x3262, 0x2A42, 0x5384, 0x4B43, 0x2A21, 0x21C1, 0x21C2, 0x19A1, 0x2962, 0x7AE6, 0x51C2, 0x49A2,
  0x51E3, 0x49A3, 0x4982, 0x5A03, 0x3982, 0x2901, 0x3142, 0x3142, 0x3162, 0x10A0, 0x2901, 0x7AC5,
  0x6A43, 0x6A44, 0x6A64, 0x6A44, 0x6A43, 0x59E2, 0x5A04, 0x5A03, 0x7284, 0x4182, 0x10A1, 0x2922,
  0x3942, 0x3962, 0x3962, 0x3962, 0x3142, 0x3121, 0x3142, 0x3141, 0x4182, 0x4162, 0x3982, 0x3942,
  0x72C5, 0x6244, 0x51A2, 0x5A03, 0x51E3, 0x51E3, 0x5A03, 0x5204, 0x51E3, 0x49E3, 0x20C1, 0x2922,
  0x41A3, 0x49A3, 0x49A3, 0x49C3, 0x4182, 0x3962, 0x4183, 0x3962, 0x4182, 0x4183, 0x3162, 0x20E1,
  0x4982, 0x8306, 0x6223, 0x49A2, 0x51E3, 0x59E3, 0x6223, 0x49A2, 0x51C2, 0x5A03, 0x51E3, 0x49A2,
  0x7B68, 0x7348, 0x7327, 0x6AE6, 0x7307, 0x7307, 0x7327, 0x6AE6, 0x6AE7, 0x6B07, 0x6AE7, 0x7327,
  0x6B07, 0x3123, 0x2902, 0x3142, 0x3121, 0x3121, 0x3121, 0x3142, 0x3121, 0x41A3, 0x3122, 0x20E1,
  0x10A1, 0x1941, 0x1961, 0x1961, 0x1961, 0x1941, 0x1961, 0x10E0, 0x5204, 0x6244, 0x49E3, 0x5203,
  0x5A03, 0x41C3, 0x6224, 0x41A3, 0x3942, 0x2921, 0x1940, 0x29A1, 0x29C1, 0x29C1, 0x2180, 0x21A1,
  0x21A0, 0x1940, 0x1940, 0x1920, 0x1960, 0x1940, 0x4203, 0x7B06, 0x49C2, 0x5A23, 0x49A2, 0x5A03,
  0x51E3, 0x5A24, 0x3141, 0x3142, 0x1921, 0x1920, 0x1920, 0x2161, 0x29E1, 0x1980, 0x1960, 0x2A01,
  0x3221, 0x29E1, 0x2A02, 0x2A02, 0x39C2, 0x8326, 0x5A23, 0x6A84, 0x5A23, 0x5203, 0x59E3, 0x6264,
  0x4182, 0x2901, 0x29E3, 0x3243, 0x3223, 0x2A23, 0x2246, 0x2267, 0x11A4, 0x2226, 0x22A8, 0x22A8,
  0x1A67, 0x2288, 0x11E5, 0x5224, 0x72A5, 0x5A03, 0x5A24, 0x5A03, 0x5A23, 0x6244, 0x49C3, 0x2901,
  0x19E5, 0x2246, 0x2227, 0x2247, 0x2267, 0x2266, 0x2A87, 0x5386, 0x5BC4, 0x4B64, 0x32A5, 0x32E6,
  0x19A3, 0x51E3, 0x6284, 0x51E3, 0x5A23, 0x51E3, 0x5A23, 0x51E3, 0x49A2, 0x3182, 0x5365, 0x3A83,
  0x5324, 0x5344, 0x5B64, 0x42C3, 0x29E2, 0x3A82, 0x3263, 0x2A23, 0x3283, 0x3283, 0x2181, 0x72C5,
  0x5A43, 0x59E3, 0x51E3, 0x51E3, 0x51C2, 0x5A03, 0x3981, 0x2982, 0x3A84, 0x3A63, 0x5324, 0x5324,
  0x21A1, 0x1982, 0x3A83, 0x3A83, 0x21A2, 0x21A2, 0x21A2, 0x1982, 0x2961, 0x7AC6, 0x4181, 0x4161,
  0x51E3, 0x51E3, 0x49A2, 0x51E3, 0x3982, 0x2942, 0x3142, 0x3142, 0x3162, 0x1080, 0x3122, 0x8327,
  0x6A43, 0x6243, 0x6243, 0x6A43, 0x6A44, 0x5A03, 0x5A03, 0x5A03, 0x7AA5, 0x4182, 0x18A1, 0x2922,
  0x3942, 0x3942, 0x3942, 0x3962, 0x3942, 0x28E1, 0x3121, 0x3941, 0x4182, 0x4182, 0x3982, 0x3962,
  0x7AC5, 0x6244, 0x51E3, 0x5A24, 0x5A03, 0x51E3, 0x5A03, 0x51E3, 0x51E3, 0x49E3, 0x20C1, 0x2901,
  0x49C3, 0x49C3, 0x49C3, 0x41A3, 0x4182, 0x3941, 0x3982, 0x3962, 0x3962, 0x3982, 0x3162, 0x2901,
  0x4982, 0x7AE6, 0x6223, 0x51C2, 0x59E3, 0x51C2, 0x6224, 0x4982, 0x51E3, 0x51E3, 0x4982, 0x49C2,
  0x7347, 0x7347, 0x7347, 0x7B68, 0x7327, 0x7307, 0x7327, 0x7307, 0x6AC6, 0x7307, 0x7327, 0x7307,
  0x7327, 0x2922, 0x2901, 0x3142, 0x3121, 0x3142, 0x3142, 0x3142, 0x3121, 0x41A3, 0x3122, 0x20E1,
  0x1081, 0x18C1, 0x18C0, 0x10C0, 0x10C0, 0x10A0, 0x10C0, 0x1080, 0x51E4, 0x6243, 0x51E2, 0x5203,
  0x5203, 0x41C3, 0x5A24, 0x41A3, 0x3122, 0x20C1, 0x10C0, 0x18E1, 0x18C0, 0x18C0, 0x18E1, 0x2101,
  0x2101, 0x20E1, 0x2101, 0x2901, 0x2121, 0x1901, 0x49E4, 0x7B06, 0x51C2, 0x6244, 0x51C3, 0x5A03,
  0x49A1, 0x5A24, 0x3962, 0x3102, 0x10A0, 0x10C0, 0x18C0, 0x18E0, 0x2101, 0x2101, 0x20E1, 0x2101,
  0x2921, 0x2921, 0x2101, 0x10E1, 0x2921, 0x8B47, 0x5A23, 0x6A84, 0x5A23, 0x5203, 0x51E3, 0x5A23,
  0x4182, 0x2101, 0x1901, 0x1901, 0x10C1, 0x10E1, 0x2101, 0x1922, 0x1902, 0x2102, 0x2143, 0x2142,
  0x2942, 0x2143, 0x18E2, 0x5A24, 0x72C5, 0x5A03, 0x5A24, 0x51E3, 0x5203, 0x6264, 0x49C2, 0x3102,
  0x10E1, 0x10C1, 0x10E1, 0x1902, 0x1922, 0x2122, 0x2962, 0x3182, 0x2961, 0x3162, 0x2962, 0x2982,
  0x10E1, 0x5A04, 0x6A84, 0x5A03, 0x5A24, 0x51E3, 0x5A23, 0x51C2, 0x51C3, 0x2101, 0x2141, 0x18E0,
  0x2101, 0x2101, 0x31A2, 0x31A2, 0x2121, 0x3161, 0x2921, 0x2101, 0x2142, 0x2961, 0x2101, 0x7AC6,
  0x5A23, 0x5203, 0x51E3, 0x51E3, 0x51C2, 0x5A03, 0x4182, 0x18C1, 0x1921, 0x1901, 0x1901, 0x2141,
  0x2102, 0x20E2, 0x2101, 0x2121, 0x2122, 0x2121, 0x2922, 0x18E1, 0x3141, 0x7AE6, 0x49A2, 0x4182,
  0x51C3, 0x49C3, 0x49A2, 0x5A03, 0x3962, 0x20E1, 0x20E1, 0x2901, 0x20E1, 0x1060, 0x3142, 0x8326,
  0x6A43, 0x6243, 0x6223, 0x6A44, 0x6A44, 0x5A03, 0x6204, 0x59E2, 0x72A4, 0x49A3, 0x18A1, 0x3122,
  0x3942, 0x3942, 0x3142, 0x3942, 0x3162, 0x20E1, 0x2901, 0x3142, 0x4182, 0x4163, 0x3962, 0x4162,
  0x72A4, 0x6243, 0x5A03, 0x5A23, 0x59E3, 0x5A03, 0x5A03, 0x5203, 0x5203, 0x49E3, 0x20C1, 0x2922,
  0x49A3, 0x49C3, 0x41C3, 0x41A3, 0x49C3, 0x3962, 0x3141, 0x4182, 0x3962, 0x3962, 0x3142, 0x2901,
  0x4182, 0x7AE5, 0x6243, 0x51C2, 0x5A03, 0x59C2, 0x6224, 0x51C3, 0x51E3, 0x49A2, 0x49A3, 0x51C2,
  0x7B48, 0x7327, 0x7327, 0x7B48, 0x7B68, 0x7347, 0x7327, 0x7327, 0x62C6, 0x6B07, 0x7327, 0x6AE7,
  0x7348, 0x2923, 0x2901, 0x3942, 0x3142, 0x3142, 0x3142, 0x3142, 0x3121, 0x41A3, 0x3142, 0x18C1,
  0x20C1, 0x2902, 0x2901, 0x2902, 0x3142, 0x3942, 0x4183, 0x28E1, 0x51E4, 0x6244, 0x6223, 0x5A24,
  0x49E3, 0x49C2, 0x51E3, 0x49C3, 0x28E1, 0x20E1, 0x2922, 0x3142, 0x3983, 0x49A3, 0x51E4, 0x6224,
  0x6A85, 0x7285, 0x7AC5, 0x7AE6, 0x7AE5, 0x6244, 0x5205, 0x7B06, 0x51E2, 0x6264, 0x51E3, 0x59E3,
  0x49A2, 0x5A24, 0x3942, 0x2902, 0x2901, 0x3142, 0x3962, 0x4182, 0x6264, 0x72A5, 0x72A5, 0x7AE5,
  0x82E5, 0x7AC5, 0x6264, 0x5203, 0x49A3, 0x8328, 0x5A03, 0x6264, 0x6244, 0x5A04, 0x51E3, 0x5203,
  0x4182, 0x20E1, 0x3142, 0x3962, 0x3941, 0x49C3, 0x6244, 0x6A84, 0x7284, 0x72A4, 0x7AE5, 0x6A64,
  0x72A4, 0x7AA5, 0x59E2, 0x6245, 0x6AA5, 0x5A23, 0x5A23, 0x5A23, 0x5A23, 0x5A23, 0x49E3, 0x3121,
  0x3142, 0x3962, 0x4182, 0x5203, 0x6223, 0x6A64, 0x82E5, 0x82E5, 0x8326, 0x82E5, 0x72A5, 0x6A64,
  0x4161, 0x5A24, 0x72C5, 0x6223, 0x6244, 0x49E3, 0x5A03, 0x5A03, 0x51E3, 0x20E1, 0x2922, 0x3121,
  0x4182, 0x59E3, 0x72A5, 0x7AC5, 0x8326, 0x8326, 0x82E6, 0x7AC5, 0x72A5, 0x6A85, 0x49A2, 0x72C6,
  0x5A03, 0x51E3, 0x51E3, 0x51E3, 0x51C3, 0x51E3, 0x3962, 0x28E1, 0x3142, 0x3142, 0x3942, 0x49C3,
  0x7284, 0x7AE5, 0x82E5, 0x82E5, 0x7AC5, 0x7AC5, 0x7264, 0x6264, 0x4982, 0x72A5, 0x4982, 0x4162,
  0x41A2, 0x4162, 0x4982, 0x49C2, 0x3142, 0x1881, 0x18C0, 0x2922, 0x3142, 0x18C1, 0x3121, 0x8306,
  0x6244, 0x6244, 0x6223, 0x6244, 0x6244, 0x59E3, 0x5A23, 0x51C3, 0x7284, 0x51C3, 0x18A1, 0x2902,
  0x2901, 0x2902, 0x28E1, 0x2901, 0x3122, 0x2901, 0x2901, 0x3101, 0x3121, 0x3121, 0x3122, 0x3121,
  0x72C5, 0x6A64, 0x5A03, 0x5A24, 0x5A04, 0x5A24, 0x5A03, 0x59E3, 0x51E3, 0x49E4, 0x18A1, 0x20E1,
  0x2922, 0x3142, 0x3121, 0x3121, 0x3142, 0x3121, 0x3121, 0x3142, 0x3142, 0x3121, 0x2922, 0x2901,
  0x41A3, 0x7AE5, 0x6223, 0x51C2, 0x5A03, 0x51C3, 0x6224, 0x51C3, 0x51E3, 0x4982, 0x51C2, 0x5A03,
  0x7B48, 0x7B68, 0x7327, 0x7327, 0x7347, 0x7347, 0x7327, 0x7327, 0x6AC6, 0x7327, 0x7307, 0x6AE7,
  0x6B28, 0x2922, 0x20C1, 0x2922, 0x2901, 0x3122, 0x3122, 0x3122, 0x3121, 0x3963, 0x28E1, 0x20C0,
  0x3142, 0x3962, 0x3982, 0x41A3, 0x49C3, 0x49E3, 0x49E3, 0x3942, 0x3122, 0x3142, 0x3963, 0x3142,
  0x3122, 0x3122, 0x3142, 0x2901, 0x20C1, 0x3142, 0x49A3, 0x5A03, 0x6244, 0x6A64, 0x6A84, 0x72C5,
  0x7AC5, 0x7AE5, 0x7AC4, 0x72A5, 0x7AA4, 0x6A84, 0x49A3, 0x49A3, 0x3941, 0x3962, 0x3962, 0x3962,
  0x3102, 0x3963, 0x20A0, 0x2901, 0x3982, 0x51E3, 0x6A85, 0x72A5, 0x7AE5, 0x8305, 0x8B46, 0x9B87,
  0x9346, 0x8305, 0x7AC4, 0x7AE5, 0x51C3, 0x49A3, 0x3942, 0x3942, 0x41A2, 0x4162, 0x3941, 0x3942,
  0x28E1, 0x28E1, 0x4182, 0x51E3, 0x6A84, 0x72C4, 0x72C4, 0x8305, 0x8B25, 0x8B45, 0x8B45, 0x7AC5,
  0x7AA4, 0x7AE5, 0x6264, 0x4162, 0x41A2, 0x4182, 0x3962, 0x3962, 0x3962, 0x3162, 0x2901, 0x28E1,
  0x49A2, 0x5A03, 0x72A5, 0x72C5, 0x7AC5, 0x8305, 0x9366, 0x9366, 0x9386, 0x9387, 0x8B26, 0x8305,
  0x5A24, 0x4142, 0x49E3, 0x41A1, 0x49C2, 0x3942, 0x3962, 0x4183, 0x3942, 0x3101, 0x49A2, 0x51E3,
  0x6A85, 0x72A4, 0x7AA4, 0x8305, 0x9386, 0x9BC7, 0x8B46, 0x82E5, 0x72A4, 0x8326, 0x6224, 0x4183,
  0x3963, 0x3962, 0x3962, 0x3142, 0x3142, 0x3122, 0x20C1, 0x28E1, 0x49A2, 0x6203, 0x6A44, 0x6A84,
  0x8B26, 0x9B86, 0x9B86, 0x9346, 0x82E5, 0x82E5, 0x7AA4, 0x7AC5, 0x6224, 0x49A3, 0x3921, 0x3121,
  0x3121, 0x3101, 0x3121, 0x3141, 0x20E1, 0x18A1, 0x2921, 0x3121, 0x3121, 0x18A0, 0x3121, 0x8306,
  0x6243, 0x6244, 0x6244, 0x6244, 0x6244, 0x5A03, 0x5A23, 0x59E3, 0x7284, 0x51C3, 0x18C1, 0x3162,
  0x3142, 0x3942, 0x3961, 0x49A2, 0x59E3, 0x5A03, 0x5A03, 0x5A03, 0x6224, 0x6224, 0x5A24, 0x4182,
  0x5A03, 0x51E3, 0x49A2, 0x4982, 0x49A2, 0x51C2, 0x49C3, 0x49A3, 0x4182, 0x4183, 0x28E1, 0x3962,
  0x4182, 0x49A3, 0x49A3, 0x49A3, 0x49A3, 0x49C3, 0x49A3, 0x49A3, 0x49A2, 0x4182, 0x4182, 0x3962,
  0x3941, 0x7AC6, 0x6223, 0x51A2, 0x59E3, 0x51C3, 0x5A04, 0x51A2, 0x5204, 0x49A2, 0x51E3, 0x5A03,
  0x7347, 0x7B48, 0x7B68, 0x7347, 0x6AE6, 0x7327, 0x6AE6, 0x7327, 0x6B06, 0x6B06, 0x6AE6, 0x6AE6,
  0x62A6, 0x20C1, 0x20E1, 0x3162, 0x3142, 0x3983, 0x3983, 0x3962, 0x3963, 0x3962, 0x4183, 0x49E4,
  0x49C3, 0x49C3, 0x51E3, 0x6224, 0x72A5, 0x7285, 0x6A84, 0x6A85, 0x49A3, 0x3942, 0x3942, 0x3962,
  0x3962, 0x3962, 0x3142, 0x3962, 0x5203, 0x6244, 0x6A64, 0x7AC5, 0x7AE6, 0x82E5, 0x8B46, 0x8B26,
  0x8306, 0x8B46, 0x9367, 0x8B47, 0x9347, 0x9388, 0x7AE6, 0x4183, 0x3962, 0x3942, 0x3962, 0x3942,
  0x4983, 0x4162, 0x5A04, 0x6AA5, 0x7AE6, 0x8B47, 0x8B26, 0x9387, 0x9387, 0x9B87, 0x9BA7, 0x9BA7,
  0x9BA7, 0x9B87, 0x9BA8, 0x9387, 0x7B06, 0x41A2, 0x3982, 0x4162, 0x49C3, 0x49E3, 0x41A3, 0x4183,
  0x49C3, 0x5A24, 0x6223, 0x7AC5, 0x8B46, 0x8B26, 0x8B26, 0x8B46, 0x9367, 0x9BA7, 0x9387, 0x9368,
  0x9386, 0x93A7, 0x8B47, 0x5A04, 0x49C3, 0x49C3, 0x49C3, 0x41A3, 0x49C3, 0x49C3, 0x4162, 0x5A04,
  0x6A64, 0x8B26, 0x8B46, 0x9346, 0x9BA8, 0x9BA7, 0x9387, 0x9BA7, 0x9BA7, 0x9B87, 0x9BA8, 0x9387,
  0x93A7, 0x5203, 0x3962, 0x41A3, 0x4163, 0x4162, 0x3962, 0x41A3, 0x4182, 0x6244, 0x7AE6, 0x8306,
  0x8306, 0x9367, 0x9387, 0xA3C8, 0x9BA7, 0x9B87, 0x9B87, 0x9387, 0x9BA8, 0x9387, 0x9367, 0x5A04,
  0x3942, 0x3962, 0x3982, 0x3962, 0x3942, 0x3942, 0x3962, 0x51E3, 0x72A5, 0x7AE5, 0x72C5, 0x8327,
  0x9B87, 0x9367, 0x9346, 0x9366, 0x9BA7, 0x9BA8, 0x9387, 0x8B25, 0x8326, 0x51E3, 0x3962, 0x3942,
  0x3962, 0x3942, 0x3963, 0x3962, 0x4183, 0x49C4, 0x49A3, 0x41A3, 0x41A3, 0x20C1, 0x3122, 0x7AE6,
  0x6203, 0x6244, 0x6223, 0x6244, 0x6224, 0x6203, 0x6243, 0x59E3, 0x7AA4, 0x49A3, 0x2102, 0x41C3,
  0x5A03, 0x6A65, 0x7B06, 0x8306, 0x82E5, 0x8306, 0x8B26, 0x8326, 0x8B46, 0x8B46, 0x9346, 0x8B66,
  0x72C5, 0x72A5, 0x6A64, 0x6244, 0x6A84, 0x72A5, 0x6AA4, 0x72A5, 0x6A84, 0x6243, 0x6A84, 0x72C5,
  0x7AE5, 0x7AC5, 0x7AE5, 0x7AC5, 0x72C5, 0x72A5, 0x6A84, 0x6A84, 0x6A84, 0x6A64, 0x6264, 0x5204,
  0x3962, 0x6A65, 0x5A23, 0x49A2, 0x59E3, 0x51E3, 0x5A03, 0x51E3, 0x5203, 0x49A2, 0x59E3, 0x59E2,
  0x7B68, 0x7327, 0x7327, 0x7307, 0x7327, 0x7307, 0x6B07, 0x6B07, 0x7327, 0x6AE6, 0x6B07, 0x7328,
  0x5AA6, 0x20E2, 0x2922, 0x3121, 0x3142, 0x3142, 0x3121, 0x3142, 0x3142, 0x3142, 0x3942, 0x3121,
  0x3121, 0x3122, 0x3122, 0x3942, 0x3942, 0x3942, 0x3941, 0x3962, 0x4182, 0x3982, 0x3982, 0x3982,
  0x3961, 0x3961, 0x3961, 0x4182, 0x4182, 0x4182, 0x3962, 0x3962, 0x3962, 0x4182, 0x4182, 0x3941,
  0x3941, 0x3962, 0x4182, 0x49A2, 0x49A2, 0x49A2, 0x41A2, 0x49A3, 0x49A3, 0x4182, 0x49A3, 0x4982,
  0x41A2, 0x4182, 0x4182, 0x4182, 0x4182, 0x4161, 0x4161, 0x4182, 0x4182, 0x3961, 0x4182, 0x49A2,
  0x49A2, 0x41A2, 0x49C3, 0x4182, 0x4182, 0x49A3, 0x49A3, 0x4982, 0x4182, 0x49C2, 0x49A2, 0x4182,
  0x49A2, 0x41A2, 0x3962, 0x4182, 0x4182, 0x4182, 0x4182, 0x4162, 0x4161, 0x4182, 0x4182, 0x4982,
  0x4181, 0x4181, 0x4182, 0x41A3, 0x49A2, 0x49A2, 0x49C3, 0x49C2, 0x49A2, 0x49A3, 0x49A3, 0x4182,
  0x4182, 0x49A2, 0x49A2, 0x41A2, 0x4182, 0x3961, 0x4182, 0x4182, 0x41A2, 0x4182, 0x49A2, 0x41A2,
  0x49A2, 0x49C3, 0x49A3, 0x49C2, 0x49A2, 0x49A2, 0x41A2, 0x4182, 0x4182, 0x49A2, 0x41A2, 0x49A2,
  0x49C2, 0x49A2, 0x41A2, 0x3961, 0x3961, 0x4161, 0x4162, 0x4182, 0x41A3, 0x4182, 0x4982, 0x49A3,
  0x41A3, 0x41A2, 0x49A2, 0x4182, 0x4182, 0x4182, 0x49A3, 0x4182, 0x4182, 0x4161, 0x3962, 0x3962,
  0x4162, 0x3962, 0x3941, 0x3961, 0x4182, 0x4182, 0x4182, 0x4182, 0x3961, 0x4162, 0x4183, 0x4162,
  0x3961, 0x3942, 0x3962, 0x4162, 0x4162, 0x3941, 0x3101, 0x3121, 0x3962, 0x20E1, 0x3122, 0x7AC6,
  0x6203, 0x6244, 0x6243, 0x6244, 0x6224, 0x6223, 0x6243, 0x5A03, 0x7AC4, 0x51C3, 0x28E1, 0x51C3,
  0x6A64, 0x6A64, 0x6A63, 0x6A64, 0x6A43, 0x6A63, 0x6A64, 0x6A64, 0x6244, 0x6244, 0x6A64, 0x7243,
  0x6A44, 0x6A64, 0x6A64, 0x6243, 0x6223, 0x6A43, 0x6A64, 0x6A64, 0x6A44, 0x6A23, 0x6A23, 0x6A44,
  0x6224, 0x6223, 0x6224, 0x6224, 0x59E3, 0x51C2, 0x51A2, 0x51C3, 0x59E3, 0x59E3, 0x51C3, 0x49A2,
  0x3121, 0x6AA5, 0x5A23, 0x49A2, 0x5A03, 0x51E3, 0x5A03, 0x5A03, 0x5A04, 0x49A2, 0x51E3, 0x5A03,
  0x7B48, 0x7307, 0x6B06, 0x7327, 0x7327, 0x7347, 0x7327, 0x6B06, 0x6AC6, 0x6B07, 0x7328, 0x6AC6,
  0x5A85, 0x20E1, 0x2902, 0x2922, 0x2902, 0x2922, 0x2922, 0x2922, 0x2922, 0x3122, 0x3122, 0x3122,
  0x3122, 0x3101, 0x3122, 0x3122, 0x3122, 0x3142, 0x3142, 0x3962, 0x3962, 0x3962, 0x3142, 0x3942,
  0x3962, 0x3962, 0x3942, 0x3942, 0x3962, 0x3962, 0x3962, 0x3962, 0x3942, 0x3962, 0x3142, 0x3121,
  0x3122, 0x3121, 0x3141, 0x3962, 0x3122, 0x3922, 0x3142, 0x3141, 0x3142, 0x3142, 0x3962, 0x3941,
  0x3142, 0x3122, 0x3122, 0x3141, 0x3942, 0x3142, 0x3121, 0x3142, 0x3122, 0x3142, 0x3121, 0x3121,
  0x3942, 0x3942, 0x3962, 0x3962, 0x3942, 0x3941, 0x3962, 0x3982, 0x4182, 0x4182, 0x3962, 0x3942,
  0x4162, 0x4162, 0x3962, 0x3962, 0x3962, 0x3962, 0x3962, 0x4182, 0x4182, 0x41A3, 0x4182, 0x4182,
  0x3982, 0x3962, 0x3962, 0x4182, 0x4162, 0x4183, 0x41A3, 0x3962, 0x3962, 0x3941, 0x3942, 0x3962,
  0x3962, 0x3942, 0x3962, 0x3962, 0x3962, 0x3942, 0x3142, 0x3121, 0x3141, 0x3942, 0x3942, 0x3122,
  0x3141, 0x3142, 0x3962, 0x3962, 0x3942, 0x3962, 0x3942, 0x3121, 0x3962, 0x3962, 0x4182, 0x41A2,
  0x4182, 0x4182, 0x3962, 0x4182, 0x3962, 0x4182, 0x4182, 0x4182, 0x3962, 0x3962, 0x3962, 0x3962,
  0x3962, 0x3962, 0x3942, 0x3941, 0x3942, 0x3942, 0x3942, 0x3142, 0x3142, 0x3962, 0x3962, 0x3962,
  0x3942, 0x3962, 0x3142, 0x3941, 0x3962, 0x3942, 0x3962, 0x3942, 0x3942, 0x3962, 0x3942, 0x3942,
  0x3141, 0x3942, 0x3962, 0x3962, 0x3962, 0x3142, 0x3122, 0x3122, 0x3142, 0x18C1, 0x3122, 0x7AE6,
  0x6223, 0x6244, 0x6244, 0x6244, 0x6244, 0x6223, 0x6243, 0x59E3, 0x72A4, 0x51C3, 0x3101, 0x51E3,
  0x6A64, 0x6A44, 0x6A64, 0x6A44, 0x6244, 0x6244, 0x6244, 0x6244, 0x6243, 0x6244, 0x6264, 0x6244,
  0x6224, 0x6223, 0x6244, 0x6244, 0x5A03, 0x5A04, 0x5A24, 0x6243, 0x6244, 0x6224, 0x6243, 0x6224,
  0x6224, 0x6223, 0x6244, 0x6A64, 0x5A23, 0x5203, 0x51C2, 0x5A03, 0x5A03, 0x51E3, 0x49C3, 0x49A3,
  0x3141, 0x6A85, 0x5A23, 0x49A2, 0x5A04, 0x51E3, 0x5A03, 0x59E3, 0x5A04, 0x49A2, 0x51E3, 0x5A03,
  0x7B68, 0x7B68, 0x7327, 0x7348, 0x7327, 0x7327, 0x7307, 0x7307, 0x5A64, 0x6AE7, 0x7348, 0x62A6,
  0x62C6, 0x2102, 0x20E1, 0x2902, 0x2901, 0x2901, 0x2901, 0x2901, 0x2901, 0x2921, 0x3122, 0x3122,
  0x3142, 0x3121, 0x3142, 0x3942, 0x3942, 0x3962, 0x3962, 0x4182, 0x4162, 0x3962, 0x3962, 0x3942,
  0x3962, 0x3962, 0x3962, 0x4162, 0x4182, 0x4162, 0x4182, 0x4182, 0x41A3, 0x4182, 0x4182, 0x4182,
  0x4182, 0x4162, 0x4182, 0x3962, 0x3962, 0x4182, 0x4182, 0x4182, 0x3962, 0x3962, 0x3962, 0x3962,
  0x3942, 0x3962, 0x3962, 0x3962, 0x3962, 0x4182, 0x4162, 0x4182, 0x4162, 0x4182, 0x4182, 0x4162,
  0x4162, 0x4182, 0x41A2, 0x41A2, 0x4182, 0x4182, 0x41A2, 0x49A2, 0x49A2, 0x4982, 0x49A3, 0x49A2,
  0x49A2, 0x4182, 0x4182, 0x4162, 0x4162, 0x4162, 0x4162, 0x4162, 0x3962, 0x3962, 0x3962, 0x4182,
  0x4162, 0x3962, 0x4182, 0x4182, 0x49A2, 0x49A2, 0x49A3, 0x49A3, 0x49A3, 0x49A3, 0x49A2, 0x41A2,
  0x49A2, 0x41A2, 0x41A2, 0x41A2, 0x41A3, 0x4182, 0x4182, 0x4182, 0x4182, 0x4162, 0x4182, 0x4162,
  0x4182, 0x4182, 0x4182, 0x4182, 0x4182, 0x4182, 0x4182, 0x4182, 0x4182, 0x4182, 0x49A2, 0x4182,
  0x49A2, 0x4982, 0x4182, 0x4182, 0x4162, 0x4182, 0x4982, 0x4182, 0x4182, 0x4162, 0x4162, 0x4182,
  0x3962, 0x3962, 0x4182, 0x4162, 0x4182, 0x4182, 0x4182, 0x4182, 0x3962, 0x3962, 0x3962, 0x3962,
  0x3962, 0x3941, 0x3962, 0x3962, 0x3962, 0x3942, 0x3142, 0x3142, 0x3142, 0x3122, 0x3121, 0x3121,
  0x3941, 0x3942, 0x3962, 0x3942, 0x3941, 0x3141, 0x3141, 0x3122, 0x3162, 0x18C1, 0x3122, 0x8306,
  0x6243, 0x6223, 0x6244, 0x6A44, 0x6224, 0x5A03, 0x5A23, 0x51E2, 0x72A5, 0x51C3, 0x20C1, 0x3942,
  0x4183, 0x4183, 0x4183, 0x4182, 0x4182, 0x4162, 0x3962, 0x3962, 0x3982, 0x4163, 0x3982, 0x3983,
  0x3942, 0x3942, 0x3962, 0x3942, 0x3942, 0x3942, 0x3922, 0x3962, 0x4182, 0x3962, 0x3942, 0x3142,
  0x3942, 0x3962, 0x3962, 0x3962, 0x3962, 0x3962, 0x3942, 0x3982, 0x3962, 0x3142, 0x3142, 0x3142,
  0x28E1, 0x72A6, 0x5A23, 0x49C3, 0x5A03, 0x51E2, 0x5A03, 0x59E3, 0x51E3, 0x4982, 0x5A03, 0x5A03,
  0x7B68, 0x7B68, 0x7B48, 0x7B68, 0x7327, 0x7B68, 0x7327, 0x6AC6, 0x62A5, 0x6B07, 0x7348, 0x5A65,
  0x62E6, 0x2902, 0x2101, 0x2902, 0x2902, 0x2902, 0x2922, 0x2922, 0x2922, 0x2922, 0x2922, 0x3122,
  0x3122, 0x3121, 0x3142, 0x3942, 0x3942, 0x3942, 0x3962, 0x3962, 0x4182, 0x4182, 0x3982, 0x4182,
  0x3962, 0x3962, 0x4182, 0x4182, 0x4182, 0x4162, 0x4182, 0x3962, 0x3962, 0x4182, 0x4182, 0x4182,
  0x4182, 0x41A3, 0x49C3, 0x49A2, 0x49A2, 0x41A2, 0x41A2, 0x41A3, 0x4182, 0x3962, 0x3962, 0x3962,
  0x3962, 0x4182, 0x4182, 0x4162, 0x4182, 0x41A3, 0x41A2, 0x49A2, 0x49A3, 0x49A3, 0x49A3, 0x41A2,
  0x49A3, 0x49A3, 0x49A3, 0x41A3, 0x41A3, 0x41A3, 0x4182, 0x49A2, 0x49A2, 0x49A2, 0x49A2, 0x4982,
  0x4182, 0x4182, 0x4182, 0x4182, 0x41A2, 0x4182, 0x4162, 0x4162, 0x4182, 0x41A3, 0x41A3, 0x49A3,
  0x41A2, 0x49C3, 0x49C3, 0x49C3, 0x41A2, 0x4182, 0x41A2, 0x4182, 0x41A2, 0x41A2, 0x4182, 0x41A2,
  0x41A2, 0x49A3, 0x41A2, 0x4182, 0x49A2, 0x4182, 0x4182, 0x4182, 0x4162, 0x3942, 0x3941, 0x4162,
  0x4162, 0x4162, 0x4182, 0x4182, 0x4182, 0x4182, 0x4182, 0x4182, 0x4182, 0x4182, 0x4182, 0x4182,
  0x4182, 0x4182, 0x41A3, 0x4182, 0x41A3, 0x41A2, 0x41A2, 0x49A3, 0x49A3, 0x41A3, 0x41A3, 0x4182,
  0x3962, 0x3962, 0x3962, 0x3962, 0x3962, 0x4162, 0x4162, 0x4182, 0x4182, 0x4162, 0x3961, 0x3962,
  0x3962, 0x3962, 0x3962, 0x3962, 0x3962, 0x3962, 0x3942, 0x3942, 0x3121, 0x3142, 0x3942, 0x3942,
  0x3962, 0x3962, 0x4182, 0x4182, 0x4182, 0x4182, 0x3962, 0x3142, 0x3142, 0x18C1, 0x3122, 0x8326,
  0x6243, 0x5A03, 0x6223, 0x6A44, 0x6224, 0x6203, 0x5A23, 0x51E2, 0x7284, 0x51E3, 0x0061, 0x1081,
  0x1081, 0x10A1, 0x10A1, 0x18A1, 0x1081, 0x1081, 0x0861, 0x0881, 0x1081, 0x1081, 0x1080, 0x0861,
  0x20E1, 0x2901, 0x2901, 0x2901, 0x2101, 0x2901, 0x2902, 0x2922, 0x2922, 0x20E1, 0x0860, 0x0881,
  0x10A1, 0x18C1, 0x18E1, 0x18E1, 0x18C1, 0x18A1, 0x20E2, 0x18C1, 0x18C2, 0x18A2, 0x1081, 0x1081,
  0x28E1, 0x7AE6, 0x6A44, 0x51C3, 0x51E3, 0x51C2, 0x51E3, 0x59E3, 0x49C2, 0x4182, 0x5A03, 0x6223,
  0x7B69, 0x7348, 0x7B48, 0x7B48, 0x7B48, 0x7B68, 0x7327, 0x62A5, 0x62C6, 0x6AE6, 0x7348, 0x6AC6,
  0x62A6, 0x2922, 0x2902, 0x2922, 0x2902, 0x2902, 0x2922, 0x2902, 0x2901, 0x2901, 0x2901, 0x2901,
  0x3122, 0x3121, 0x3121, 0x3142, 0x3141, 0x3942, 0x3942, 0x3941, 0x3941, 0x3962, 0x3942, 0x3962,
  0x3942, 0x4182, 0x4182, 0x4182, 0x4183, 0x41A3, 0x4182, 0x4182, 0x4162, 0x4182, 0x4162, 0x4182,
  0x4182, 0x4162, 0x4162, 0x4182, 0x4182, 0x4182, 0x4182, 0x4182, 0x4182, 0x3962, 0x4162, 0x4162,
  0x4182, 0x4182, 0x4162, 0x3961, 0x4162, 0x3962, 0x3962, 0x4182, 0x4162, 0x4162, 0x3962, 0x3942,
  0x3942, 0x3942, 0x3941, 0x3942, 0x3141, 0x3941, 0x49A2, 0x49C3, 0x49A3, 0x49A2, 0x4182, 0x49A2,
  0x49A2, 0x4182, 0x4182, 0x41A2, 0x41A2, 0x4182, 0x4162, 0x4162, 0x4182, 0x4162, 0x4182, 0x4161,
  0x4182, 0x4182, 0x4182, 0x4161, 0x4182, 0x4182, 0x41A2, 0x41A2, 0x41A2, 0x49A2, 0x4182, 0x49A2,
  0x49A2, 0x49A2, 0x49A2, 0x4182, 0x4182, 0x4182, 0x41A3, 0x49A3, 0x4182, 0x4182, 0x49A3, 0x49A3,
  0x49C3, 0x49A3, 0x41A2, 0x41A2, 0x41A2, 0x49A3, 0x49A3, 0x49A3, 0x4182, 0x4182, 0x4182, 0x4182,
  0x4182, 0x4182, 0x4182, 0x4182, 0x4162, 0x4162, 0x4182, 0x4182, 0x4182, 0x4182, 0x4182, 0x4182,
  0x3962, 0x3941, 0x3941, 0x4182, 0x4182, 0x4182, 0x49A2, 0x49A3, 0x49C3, 0x41A2, 0x4182, 0x4182,
  0x4182, 0x4182, 0x4182, 0x4162, 0x3962, 0x3961, 0x3962, 0x3962, 0x3962, 0x3942, 0x3962, 0x3942,
  0x3141, 0x3942, 0x3142, 0x3942, 0x3121, 0x3142, 0x3942, 0x3142, 0x3142, 0x18C1, 0x3121, 0x8326,
  0x6243, 0x5A03, 0x6224, 0x6A44, 0x6244, 0x6223, 0x6224, 0x51E2, 0x7285, 0x51C3, 0x0860, 0x18A1,
  0x20C1, 0x3122, 0x3122, 0x3122, 0x2902, 0x20C1, 0x20E2, 0x20E1, 0x2902, 0x2902, 0x2101, 0x20C1,
  0x51E3, 0x5A24, 0x51C3, 0x49A2, 0x51C3, 0x49A2, 0x51E3, 0x49C3, 0x51E4, 0x3983, 0x18A1, 0x18A1,
  0x2101, 0x2921, 0x2921, 0x2922, 0x2922, 0x20E1, 0x3122, 0x3122, 0x2902, 0x2122, 0x20E1, 0x18C2,
  0x3142, 0x7AE5, 0x6A44, 0x51E3, 0x51C3, 0x51E3, 0x51C3, 0x51C2, 0x51E3, 0x4982, 0x5A03, 0x6244,
  0x7B69, 0x7B68, 0x7348, 0x6B06, 0x7B47, 0x7347, 0x7327, 0x6AC6, 0x62A6, 0x6B07, 0x6AE6, 0x62A6,
  0x6AE6, 0x3143, 0x2901, 0x2922, 0x2901, 0x2901, 0x2901, 0x2901, 0x2901, 0x2901, 0x3122, 0x3142,
  0x3142, 0x3142, 0x3122, 0x3142, 0x3942, 0x3962, 0x3942, 0x3942, 0x3942, 0x3962, 0x3962, 0x3942,
  0x3942, 0x3942, 0x3962, 0x3962, 0x3942, 0x3962, 0x3962, 0x3942, 0x3962, 0x4183, 0x4182, 0x4182,
  0x3962, 0x4182, 0x41A3, 0x3982, 0x3962, 0x3962, 0x3962, 0x3962, 0x4182, 0x4182, 0x4182, 0x4182,
  0x4182, 0x4182, 0x4182, 0x4182, 0x4182, 0x3982, 0x3962, 0x4182, 0x3962, 0x4162, 0x3942, 0x3962,
  0x3982, 0x4182, 0x3982, 0x4182, 0x4182, 0x4182, 0x4182, 0x4182, 0x4182, 0x4182, 0x49A2, 0x49A2,
  0x41A2, 0x4182, 0x41A2, 0x49A3, 0x49A3, 0x49A2, 0x41A2, 0x49A2, 0x41A2, 0x49A2, 0x49A2, 0x49C3,
  0x49C3, 0x49A3, 0x49C3, 0x49C3, 0x49C3, 0x49C3, 0x49C3, 0x49C3, 0x49A2, 0x49A2, 0x49A3, 0x49A3,
  0x49A2, 0x49A2, 0x4182, 0x4182, 0x4182, 0x4182, 0x4182, 0x4162, 0x4162, 0x4162, 0x4162, 0x4162,
  0x4182, 0x4162, 0x4182, 0x4182, 0x4182, 0x4182, 0x4182, 0x4162, 0x4162, 0x4162, 0x4162, 0x3962,
  0x3962, 0x4182, 0x4182, 0x4182, 0x4982, 0x49A2, 0x49A3, 0x41A2, 0x41A2, 0x4182, 0x4182, 0x41A2,
  0x4182, 0x4182, 0x4182, 0x4182, 0x4182, 0x4182, 0x4182, 0x4182, 0x4182, 0x4182, 0x4182, 0x4182,
  0x4182, 0x4162, 0x4182, 0x4182, 0x3961, 0x3962, 0x3962, 0x3942, 0x3962, 0x3962, 0x3942, 0x3941,
  0x3942, 0x3942, 0x3142, 0x3121, 0x3121, 0x3122, 0x3122, 0x3121, 0x3121, 0x18A0, 0x3121, 0x8326,
  0x6243, 0x5A03, 0x6223, 0x6243, 0x6244, 0x6223, 0x6223, 0x51E2, 0x7AA5, 0x51E3, 0x0860, 0x18C1,
  0x2901, 0x3142, 0x3942, 0x3142, 0x3142, 0x20E1, 0x3142, 0x3122, 0x3122, 0x2922, 0x2921, 0x28E2,
  0x6264, 0x6264, 0x5A24, 0x5A03, 0x6224, 0x59E3, 0x5A03, 0x51E3, 0x51E3, 0x41A3, 0x18A1, 0x20E2,
  0x3122, 0x3942, 0x3962, 0x3142, 0x3142, 0x20E1, 0x3142, 0x3142, 0x3142, 0x2921, 0x2922, 0x20C2,
  0x4163, 0x7AC6, 0x6244, 0x51C3, 0x51C3, 0x51E3, 0x49A3, 0x51C2, 0x5203, 0x4982, 0x5A03, 0x6244,
  0x7B68, 0x7B68, 0x7B68, 0x7307, 0x7347, 0x7B48, 0x7307, 0x6AE6, 0x6AC6, 0x7327, 0x6AE6, 0x6AC6,
  0x62C6, 0x2902, 0x2901, 0x2921, 0x2901, 0x2921, 0x2921, 0x3122, 0x3122, 0x3121, 0x3142, 0x3121,
  0x3121, 0x3121, 0x3121, 0x3121, 0x3941, 0x3942, 0x3141, 0x3941, 0x3962, 0x4182, 0x4162, 0x3982,
  0x4182, 0x4182, 0x4182, 0x3962, 0x3962, 0x3962, 0x3962, 0x3962, 0x4162, 0x4182, 0x4182, 0x4182,
  0x4162, 0x4182, 0x4182, 0x4182, 0x4182, 0x49A3, 0x49A2, 0x4182, 0x41A2, 0x4162, 0x3961, 0x3962,
  0x4162, 0x4162, 0x4182, 0x4182, 0x3961, 0x3961, 0x3962, 0x3962, 0x4182, 0x41A2, 0x41A2, 0x49A2,
  0x49A2, 0x49A2, 0x41A2, 0x41A2, 0x4162, 0x41A2, 0x41A2, 0x41A2, 0x49A2, 0x49A2, 0x49A3, 0x49A2,
  0x49A2, 0x49A2, 0x49A2, 0x49A2, 0x4182, 0x4182, 0x4182, 0x49C2, 0x49C3, 0x49C3, 0x49C3, 0x49C3,
  0x49A2, 0x49A2, 0x49A3, 0x49C3, 0x49C2, 0x51C3, 0x51C3, 0x51C3, 0x51C3, 0x49C3, 0x49C3, 0x49C3,
  0x49C3, 0x49A3, 0x49C3, 0x51C3, 0x49C2, 0x41A2, 0x4181, 0x4162, 0x4182, 0x4182, 0x4182, 0x4182,
  0x41A2, 0x49A2, 0x49A2, 0x4182, 0x41A2, 0x49A3, 0x49A2, 0x4182, 0x49A2, 0x49A3, 0x49A2, 0x49A2,
  0x49A2, 0x49A2, 0x49A2, 0x49A2, 0x49A2, 0x49A2, 0x4182, 0x4162, 0x4182, 0x4182, 0x4182, 0x4182,
  0x3962, 0x4182, 0x4183, 0x4182, 0x4162, 0x4162, 0x3962, 0x3962, 0x3962, 0x3962, 0x4182, 0x3962,
  0x3962, 0x3962, 0x4182, 0x3962, 0x3962, 0x3942, 0x3942, 0x3942, 0x3941, 0x3942, 0x3941, 0x3942,
  0x3962, 0x3962, 0x3962, 0x3962, 0x4162, 0x3962, 0x4182, 0x3962, 0x3942, 0x20C1, 0x3962, 0x8B26,
  0x6243, 0x5A03, 0x6224, 0x6A43, 0x6243, 0x6223, 0x6244, 0x5A03, 0x7AA5, 0x51E3, 0x0860, 0x20E2,
  0x2901, 0x3122, 0x3942, 0x3942, 0x3962, 0x2901, 0x3962, 0x3942, 0x3141, 0x3121, 0x2101, 0x28E1,
  0x6A84, 0x6A64, 0x6224, 0x6223, 0x6224, 0x5A03, 0x59E3, 0x51E3, 0x5203, 0x49C3, 0x18C1, 0x2102,
  0x3122, 0x4182, 0x49A3, 0x4182, 0x4183, 0x2901, 0x4183, 0x4162, 0x3963, 0x3962, 0x3142, 0x2901,
  0x41A3, 0x7AC5, 0x5A03, 0x49C3, 0x51E3, 0x59E3, 0x51C3, 0x51C2, 0x5A23, 0x49A2, 0x5A03, 0x6244,
  0x7B68, 0x7B68, 0x7B88, 0x7B68, 0x7348, 0x7347, 0x7348, 0x6AC6, 0x6AE6, 0x7B48, 0x7307, 0x62A5,
  0x5A65, 0x18A0, 0x2922, 0x3142, 0x3142, 0x3142, 0x3142, 0x3142, 0x3142, 0x3122, 0x3142, 0x3142,
  0x3142, 0x3142, 0x3142, 0x3142, 0x3942, 0x4162, 0x4162, 0x49A2, 0x49A3, 0x49A3, 0x41A3, 0x49A3,
  0x49A3, 0x49A3, 0x49C3, 0x49C3, 0x49A3, 0x49A2, 0x49A3, 0x49C3, 0x49C3, 0x49C3, 0x41A2, 0x49A3,
  0x49A3, 0x41A2, 0x41A3, 0x4182, 0x41A2, 0x4182, 0x4182, 0x4182, 0x49A2, 0x49A2, 0x49A2, 0x49A3,
  0x49C3, 0x49A3, 0x49A3, 0x49A2, 0x49A2, 0x49A2, 0x49A2, 0x49A3, 0x49A3, 0x4182, 0x4182, 0x49A3,
  0x49C3, 0x49A3, 0x41A2, 0x49A2, 0x49A2, 0x49C2, 0x49C3, 0x49C2, 0x51C3, 0x51C3, 0x49C3, 0x49C3,
  0x51C3, 0x49C3, 0x49A3, 0x49A3, 0x49C3, 0x49A3, 0x49C3, 0x49C3, 0x49A2, 0x49C2, 0x49E3, 0x51E3,
  0x49C2, 0x49C2, 0x51E3, 0x51E3, 0x51E3, 0x5203, 0x51E4, 0x51C3, 0x59E4, 0x51E3, 0x51E3, 0x51E4,
  0x51E3, 0x51C3, 0x51E3, 0x51E3, 0x49C2, 0x49A2, 0x49C3, 0x49C3, 0x49A3, 0x49C3, 0x49C3, 0x49C3,
  0x49C3, 0x49A3, 0x49C3, 0x49C3, 0x49C3, 0x49A3, 0x41A3, 0x49C3, 0x49C3, 0x49A2, 0x49A3, 0x49A2,
  0x49A2, 0x49C3, 0x51E3, 0x51E3, 0x51E3, 0x49C2, 0x49C3, 0x49C3, 0x51E3, 0x49C3, 0x49C3, 0x49A3,
  0x4182, 0x49A3, 0x4182, 0x4182, 0x41A3, 0x49A3, 0x41A3, 0x41A3, 0x49A3, 0x49A3, 0x49C3, 0x49C3,
  0x49C3, 0x49C3, 0x49A2, 0x4182, 0x4182, 0x4182, 0x4182, 0x4162, 0x4162, 0x4182, 0x4182, 0x4182,
  0x4182, 0x41A3, 0x3982, 0x3962, 0x3942, 0x4183, 0x4182, 0x3962, 0x3983, 0x20C1, 0x3962, 0x8B26,
  0x6223, 0x5A03, 0x6223, 0x6A64, 0x6244, 0x6223, 0x6A44, 0x6243, 0x7AA4, 0x51E3, 0x0861, 0x20E2,
  0x2901, 0x3142, 0x3162, 0x3142, 0x3162, 0x2922, 0x3962, 0x3962, 0x3142, 0x3141, 0x2922, 0x3101,
  0x7285, 0x6A64, 0x5A03, 0x6223, 0x6223, 0x59E3, 0x59E3, 0x59E3, 0x5A03, 0x51E3, 0x20C1, 0x2902,
  0x3142, 0x41A2, 0x41A2, 0x4182, 0x49C3, 0x3122, 0x3963, 0x4162, 0x4183, 0x3982, 0x3962, 0x3142,
  0x49A2, 0x7AC5, 0x6224, 0x49A2, 0x49C3, 0x5A03, 0x51C3, 0x49A2, 0x5A03, 0x49A2, 0x5A03, 0x6244,
  0x7B68, 0x7B68, 0x7B68, 0x7B68, 0x7327, 0x7B47, 0x7327, 0x6AE7, 0x7327, 0x7347, 0x72E7, 0x51E3,
  0x5A65, 0x3121, 0x18A1, 0x18C1, 0x18A1, 0x10A0, 0x10A1, 0x10A1, 0x1081, 0x10A1, 0x1080, 0x1080,
  0x18A1, 0x18C1, 0x18C1, 0x18C1, 0x10A0, 0x18A1, 0x18A1, 0x18C1, 0x20E1, 0x18C1, 0x18C1, 0x18A0,
  0x18A0, 0x18C1, 0x20E1, 0x20C1, 0x20E1, 0x18C1, 0x18C1, 0x18A1, 0x18C1, 0x18C1, 0x18C1, 0x18A0,
  0x18C1, 0x20C1, 0x18A0, 0x1880, 0x18A0, 0x18C1, 0x18A1, 0x1080, 0x18A1, 0x1080, 0x10A0, 0x1080,
  0x1060, 0x1080, 0x18A1, 0x18A0, 0x18A1, 0x18C1, 0x1880, 0x18A0, 0x18A0, 0x1880, 0x18A0, 0x18A0,
  0x18A0, 0x1880, 0x18A0, 0x1880, 0x1060, 0x1060, 0x1060, 0x1880, 0x18A1, 0x18A1, 0x18A0, 0x18C1,
  0x20E1, 0x20E1, 0x2101, 0x20E1, 0x18A0, 0x18A0, 0x18C0, 0x18C1, 0x20E2, 0x18A1, 0x18C0, 0x20E1,
  0x20E1, 0x2101, 0x20E1, 0x18C1, 0x18A1, 0x18A1, 0x18A0, 0x20E1, 0x2922, 0x20E1, 0x20E1, 0x20E1,
  0x20C0, 0x20E1, 0x20C1, 0x18A0, 0x18C0, 0x18C1, 0x18C1, 0x18A1, 0x18A0, 0x18C1, 0x20E1, 0x18C0,
  0x18A0, 0x18A0, 0x18A1, 0x18A1, 0x18A0, 0x18A0, 0x18A0, 0x18A0, 0x20C1, 0x20E1, 0x20C1, 0x18A1,
  0x20C1, 0x20E1, 0x20C1, 0x20C1, 0x20C1, 0x18C0, 0x20E1, 0x20E1, 0x2101, 0x20E1, 0x20E1, 0x20E1,
  0x18C0, 0x20C0, 0x20C0, 0x20C0, 0x20E1, 0x20E1, 0x20E1, 0x18A0, 0x18A0, 0x18C0, 0x18C0, 0x18A0,
  0x18C1, 0x20E1, 0x20E1, 0x18C1, 0x18A0, 0x1080, 0x1080, 0x18A1, 0x18A1, 0x18C1, 0x18C1, 0x18C1,
  0x18C0, 0x18A0, 0x18A0, 0x18A0, 0x18C1, 0x18C1, 0x18C1, 0x18A0, 0x18C1, 0x1080, 0x3983, 0x8326,
  0x6223, 0x6223, 0x6244, 0x6A64, 0x6244, 0x6223, 0x6A44, 0x6244, 0x7AC5, 0x51E4, 0x0861, 0x20E1,
  0x2901, 0x3122, 0x3142, 0x3142, 0x2922, 0x28E1, 0x3142, 0x3122, 0x3122, 0x2902, 0x2902, 0x2921,
  0x6A84, 0x6A64, 0x5A03, 0x5A03, 0x5A03, 0x49C3, 0x5A03, 0x5A03, 0x5A03, 0x49E3, 0x18C1, 0x20E2,
  0x2922, 0x3962, 0x3983, 0x3962, 0x41A2, 0x2901, 0x3162, 0x3942, 0x3982, 0x3983, 0x3142, 0x3122,
  0x41A2, 0x72C5, 0x6224, 0x49A2, 0x49C2, 0x5A24, 0x51C3, 0x49C2, 0x5A03, 0x41A2, 0x5A03, 0x6224,
  0x7B68, 0x7347, 0x7B68, 0x7B48, 0x7327, 0x7B68, 0x7327, 0x7327, 0x7307, 0x7327, 0x62A5, 0x5A45,
  0x6265, 0x49E3, 0x1060, 0x18A0, 0x18C0, 0x20E1, 0x2922, 0x18A0, 0x20E1, 0x3142, 0x2942, 0x2942,
  0x3142, 0x2921, 0x3142, 0x18A0, 0x20E1, 0x2902, 0x2901, 0x2921, 0x2921, 0x41C3, 0x41A3, 0x3142,
  0x3983, 0x3962, 0x20E0, 0x2921, 0x18A0, 0x20E0, 0x2921, 0x2921, 0x2921, 0x2900, 0x3142, 0x3141,
  0x3942, 0x3962, 0x3162, 0x3162, 0x3982, 0x2901, 0x28E1, 0x3142, 0x3122, 0x3983, 0x3983, 0x3983,
  0x3983, 0x3142, 0x28E0, 0x41A3, 0x3142, 0x28E0, 0x3142, 0x3142, 0x3162, 0x3142, 0x3141, 0x3982,
  0x3982, 0x3162, 0x3983, 0x39A3, 0x3982, 0x39A3, 0x3983, 0x3982, 0x3142, 0x3121, 0x3142, 0x2901,
  0x20C0, 0x3141, 0x3121, 0x3141, 0x3982, 0x3962, 0x3982, 0x3142, 0x1880, 0x3162, 0x3962, 0x3962,
  0x3121, 0x28E0, 0x3982, 0x41A3, 0x3982, 0x4182, 0x3962, 0x3121, 0x20A0, 0x3141, 0x28E1, 0x2901,
  0x49C3, 0x3962, 0x41A2, 0x41A2, 0x41A3, 0x3121, 0x3962, 0x3982, 0x41A2, 0x3961, 0x41A2, 0x3982,
  0x3982, 0x3982, 0x3982, 0x3141, 0x3962, 0x3982, 0x3982, 0x3162, 0x2901, 0x20C0, 0x3962, 0x41A3,
  0x3941, 0x3121, 0x3982, 0x3962, 0x3142, 0x41A3, 0x3962, 0x3121, 0x3141, 0x3121, 0x2901, 0x3962,
  0x41C4, 0x3162, 0x3983, 0x39A3, 0x3142, 0x39A3, 0x4182, 0x41C3, 0x41A3, 0x3162, 0x3983, 0x39A3,
  0x3142, 0x20E0, 0x2901, 0x3142, 0x3942, 0x3982, 0x3962, 0x2901, 0x20E0, 0x20E0, 0x1880, 0x20E0,
  0x2921, 0x20E1, 0x20E1, 0x2921, 0x2941, 0x2101, 0x18C1, 0x20E1, 0x18C0, 0x10A0, 0x49A3, 0x8326,
  0x6223, 0x6223, 0x6244, 0x6A64, 0x6244, 0x6223, 0x6A44, 0x6244, 0x7AE5, 0x51E3, 0x1081, 0x20E2,
  0x20E1, 0x28E1, 0x28E1, 0x28E1, 0x2901, 0x3121, 0x3142, 0x3942, 0x3121, 0x3101, 0x3122, 0x3100,
  0x72C5, 0x7284, 0x6224, 0x59E3, 0x5A03, 0x51E4, 0x5A24, 0x5A03, 0x6243, 0x51E4, 0x18A1, 0x18C1,
  0x20E1, 0x28E1, 0x3101, 0x3121, 0x3121, 0x2902, 0x28E1, 0x2901, 0x2922, 0x3122, 0x3122, 0x3122,
  0x4182, 0x72C5, 0x6224, 0x49C3, 0x59E3, 0x6223, 0x51C3, 0x49A2, 0x6223, 0x49C3, 0x5A03, 0x6223,
  0x8388, 0x7B68, 0x7B88, 0x7347, 0x7B68, 0x7B48, 0x7327, 0x7307, 0x72E6, 0x7327, 0x6284, 0x7B07,
  0x7B06, 0x49E3, 0x20C1, 0x41C3, 0x49C3, 0x5204, 0x6265, 0x5A45, 0x5A24, 0x5A23, 0x6AC6, 0x6AC5,
  0x72C5, 0x6AA5, 0x6244, 0x5A23, 0x6A85, 0x72C6, 0x6A84, 0x6A84, 0x72A5, 0x93C9, 0x93C9, 0x8BA8,
  0x93C9, 0x93EA, 0x8388, 0x8BC9, 0x8368, 0x93C9, 0x93E9, 0x93E9, 0x93C9, 0x93A8, 0x8BA8, 0x93A8,
  0x9BE9, 0x9C09, 0xA44A, 0xA46B, 0xA42A, 0x7AE5, 0x8367, 0x9C09, 0xA46B, 0xAC6B, 0xACAC, 0xA48B,
  0xA44B, 0x93A8, 0x8326, 0xA42A, 0x9BE9, 0x7AE5, 0x72E6, 0x6285, 0x5A44, 0x7B47, 0x7B27, 0x8367,
  0x7B27, 0x7B27, 0x7B06, 0x8367, 0x8347, 0x8367, 0x7B47, 0x7B07, 0x72E6, 0x7B26, 0x7AE5, 0x8347,
  0x93C9, 0x6243, 0x6223, 0x8B47, 0xA42A, 0xA44A, 0xAC8B, 0xAC6B, 0x8B68, 0x9BE9, 0xA44A, 0xAC6B,
  0x9BE9, 0x9BE9, 0xAC6A, 0xAC8A, 0xB48B, 0xB4AB, 0xB4AB, 0x9387, 0x7AC5, 0x72C4, 0x6A84, 0x8B47,
  0xAC6A, 0xAC6A, 0xB48B, 0xAC8B, 0xA429, 0x9BE9, 0xAC6A, 0xACAB, 0xB4AB, 0xA449, 0xA409, 0x9BE8,
  0xAC4A, 0x9BE8, 0xA429, 0x9C09, 0xAC6B, 0xB4AC, 0xAC8B, 0xAC6B, 0x9C09, 0x8B67, 0xAC8B, 0xBCEC,
  0xAC8B, 0xAC8B, 0xB4CC, 0xA429, 0x93C8, 0x93C8, 0x9BE8, 0x9C09, 0xA42A, 0x93E8, 0x9BE8, 0x9BC8,
  0xA429, 0x9BC8, 0x9BE9, 0x9BE8, 0x8B67, 0x9BE8, 0x9387, 0x9387, 0x93C9, 0x8B67, 0x8B88, 0x93C8,
  0x8347, 0x6AA5, 0x72C5, 0x7B06, 0x8B67, 0x9388, 0x8B67, 0x7B06, 0x8306, 0x72E6, 0x6264, 0x6243,
  0x72E5, 0x8347, 0x8B88, 0x7B27, 0x5A43, 0x5203, 0x41A2, 0x5A45, 0x5245, 0x2901, 0x49A2, 0x8B26,
  0x6A44, 0x6223, 0x6A44, 0x6A64, 0x6224, 0x6223, 0x6244, 0x6244, 0x72A5, 0x51C3, 0x20E1, 0x3122,
  0x3121, 0x3962, 0x49C3, 0x49A2, 0x5A04, 0x5A03, 0x5A23, 0x5A24, 0x5A23, 0x6244, 0x6244, 0x51C3,
  0x49A3, 0x4182, 0x3942, 0x3141, 0x3962, 0x3142, 0x3942, 0x3121, 0x3962, 0x3122, 0x18A1, 0x3962,
  0x4182, 0x49A2, 0x49C3, 0x51E3, 0x49C2, 0x49C2, 0x49C3, 0x51C2, 0x4182, 0x4182, 0x4182, 0x3142,
  0x3941, 0x72C5, 0x5A23, 0x49C2, 0x5A04, 0x5A24, 0x49A3, 0x49A2, 0x6223, 0x49C3, 0x59E3, 0x6224,
  0x8389, 0x8388, 0x7B68, 0x7B68, 0x7B47, 0x7B68, 0x7327, 0x6AE6, 0x6AC6, 0x72E6, 0x72E6, 0x7B26,
  0x8347, 0x49A3, 0x28E1, 0x5224, 0x5224, 0x49C2, 0x6AC6, 0x72E6, 0x6244, 0x5A44, 0x72E6, 0x72E6,
  0x7AE6, 0x6A84, 0x6A84, 0x7B06, 0x7AC5, 0x7AC5, 0x8347, 0x8326, 0x8B88, 0xA46B, 0xA44B, 0xA44B,
  0xA44A, 0xA44A, 0x9C09, 0xA44A, 0xAC8B, 0xAC8B, 0xAC8B, 0xAC8B, 0xB4AB, 0xB4AB, 0xB48B, 0xB4AB,
  0xB4AB, 0xAC8B, 0xAC8B, 0xB48B, 0xB48B, 0x9BE8, 0x93A7, 0xA44A, 0xA44A, 0x9C0A, 0x9C4A, 0xA44A,
  0x9C2A, 0x9C29, 0x93A8, 0x9BE9, 0xAC6A, 0xAC69, 0x6A85, 0x51C4, 0x49A3, 0x51E3, 0x51E3, 0x49C3,
  0x51E3, 0x49A2, 0x51C3, 0x51E3, 0x49A2, 0x49C3, 0x49A2, 0x51E3, 0x3942, 0x5A44, 0x9BE9, 0xB4AB,
  0xC54D, 0x9BE9, 0x72A4, 0x9367, 0x9BE8, 0xB4CC, 0xC50E, 0xC50D, 0xBCEC, 0xC52D, 0xC52D, 0xBCEC,
  0xBD0D, 0xCD6E, 0xBD2D, 0xB4AB, 0xBCED, 0xBD0C, 0xBCCB, 0xB4AB, 0xBD0C, 0xA429, 0x93A7, 0xBD0C,
  0xBD0C, 0xC54D, 0xC54E, 0xC54D, 0xBD0D, 0xC54D, 0xC52D, 0xC52D, 0xC52D, 0xC52D, 0xBCEC, 0xBCCB,
  0xBCEC, 0xBCEC, 0xBD0C, 0xBD2D, 0xBD0C, 0xC50C, 0xBCCC, 0xB4AB, 0xBCCB, 0xBCEC, 0xBD0D, 0xC52D,
  0xBD0D, 0xBCEC, 0xB4CC, 0xBCEC, 0xB48B, 0xA449, 0xAC8A, 0xBCEC, 0xC52D, 0xC52D, 0xC52D, 0xBCCB,
  0xBD0C, 0xB4CC, 0xB4AB, 0xB4CC, 0xB48B, 0xB4AB, 0xB4AB, 0xAC8B, 0xA44A, 0xA42A, 0xAC6B, 0xA429,
  0xAC8B, 0x9BC8, 0x9C09, 0xAC8B, 0xB4AB, 0x9BE8, 0x9BE8, 0x9BC8, 0x93A8, 0x93A8, 0x93A8, 0x9BC8,
  0x8B46, 0x8326, 0xA409, 0xA44A, 0x7B06, 0x5A43, 0x7B06, 0x93C9, 0x8BA9, 0x3142, 0x41A2, 0x8326,
  0x6A44, 0x6223, 0x6A44, 0x6244, 0x6223, 0x6224, 0x6244, 0x6244, 0x72A4, 0x51C3, 0x20C1, 0x41A3,
  0x51C3, 0x6223, 0x6A44, 0x6A64, 0x6A64, 0x7285, 0x7AA5, 0x7285, 0x7AA5, 0x72A5, 0x7AA4, 0x72A5,
  0x51C3, 0x49A2, 0x49A3, 0x49C3, 0x4982, 0x49A3, 0x4982, 0x41A2, 0x41A2, 0x4162, 0x49A2, 0x6224,
  0x6224, 0x6244, 0x6244, 0x6A64, 0x6A64, 0x6244, 0x6A44, 0x6224, 0x5A24, 0x49C2, 0x3961, 0x4183,
  0x3941, 0x72A5, 0x6224, 0x51C2, 0x4981, 0x5203, 0x3962, 0x49A2, 0x6223, 0x49A3, 0x59E3, 0x6223,
  0x8388, 0x7B68, 0x7B88, 0x7B68, 0x7B68, 0x7347, 0x7327, 0x6B07, 0x5A44, 0x6AC5, 0x72E7, 0x5A24,
  0x6264, 0x3941, 0x2901, 0x5224, 0x5204, 0x5223, 0x72E6, 0x72E6, 0x6285, 0x5203, 0x72E6, 0x72C6,
  0x6243, 0x6AA4, 0x93A8, 0x7AE5, 0x7AC5, 0x93C9, 0xA44A, 0x93E9, 0x9C09, 0xA46B, 0xA44B, 0xA44A,
  0xA44A, 0xA44A, 0x93E9, 0x93C8, 0x9C09, 0xA46A, 0xAC6B, 0xAC8B, 0xAC6A, 0xA44A, 0xA46A, 0xACAB,
  0xAC8A, 0xAC8B, 0xAC8B, 0xA429, 0xA449, 0xA429, 0x93A7, 0xA429, 0x9C29, 0x9C2A, 0x9C2A, 0x9C2A,
  0x9C4A, 0x9C2A, 0x9C09, 0x93C8, 0x9C09, 0xB4CB, 0x6AA6, 0x4982, 0x41A3, 0x3982, 0x4182, 0x4982,
  0x49A2, 0x49C3, 0x49C3, 0x49C3, 0x4182, 0x41A3, 0x3983, 0x4162, 0x2901, 0x3962, 0x9BE9, 0xBD0C,
  0xC52D, 0xAC6B, 0x8B46, 0x8305, 0x9BC7, 0xBCCB, 0xB4AB, 0xB48A, 0xBCEC, 0xBCEC, 0xBCEB, 0xBD0C,
  0xBD0C, 0xC52D, 0xC50C, 0xBCEC, 0xBD0C, 0xC52C, 0xB4CB, 0xB4AA, 0xC52D, 0xC54D, 0xB4AB, 0xC50C,
  0xC50C, 0xBD0C, 0xBD0D, 0xBD0C, 0xBCEC, 0xBCEC, 0xBD0C, 0xBD0C, 0xB4CB, 0xBCEC, 0xBD0C, 0xC50C,
  0xBCEC, 0xBCEC, 0xBD0C, 0xBD0C, 0xBD0C, 0xBD0C, 0xBCEC, 0xB4CB, 0xBCEC, 0xC50C, 0xC52D, 0xBD0C,
  0xBCCC, 0xB4AB, 0xB4CB, 0xBD0C, 0xBCEC, 0xBCEC, 0xB4CB, 0xB4CB, 0xBCCC, 0xBCEC, 0xBCCC, 0xBCCC,
  0xBD0D, 0xBCEC, 0xBCEC, 0xBD0D, 0xBCCC, 0xBCEC, 0xBCEC, 0xBCCC, 0xB4AB, 0xB4AB, 0xB4CB, 0xB4AB,
  0xBCCC, 0xAC8A, 0xB4AB, 0xB4AB, 0xAC8A, 0xA429, 0xA44A, 0xA44A, 0xA44A, 0x8B87, 0x8B87, 0x9BE9,
  0x8B66, 0x7B05, 0x9BE8, 0xA44A, 0x7B06, 0x7B26, 0x7B06, 0x8347, 0x8368, 0x3142, 0x4182, 0x8B46,
  0x6A44, 0x6244, 0x6244, 0x6223, 0x6244, 0x6223, 0x6243, 0x6243, 0x7284, 0x49C3, 0x28E1, 0x41A3,
  0x5A03, 0x6244, 0x6223, 0x6223, 0x6223, 0x6224, 0x5A03, 0x5A03, 0x6224, 0x6223, 0x6243, 0x5A23,
  0x6244, 0x6223, 0x6223, 0x5A03, 0x6223, 0x6244, 0x6224, 0x6244, 0x6223, 0x6223, 0x6203, 0x6224,
  0x6204, 0x5A03, 0x5A23, 0x5A03, 0x51E3, 0x51C3, 0x51E3, 0x51E3, 0x51C3, 0x49C3, 0x4162, 0x3983,
  0x3942, 0x6A84, 0x5A24, 0x49A2, 0x3921, 0x5204, 0x3962, 0x49A2, 0x5A04, 0x59E3, 0x5A03, 0x6203,
  0x7B68, 0x7B68, 0x7B67, 0x7B68, 0x7B68, 0x7347, 0x6B06, 0x7307, 0x5A24, 0x7327, 0x62A5, 0x49A3,
  0x5A44, 0x41C3, 0x3963, 0x6264, 0x6265, 0x6AC6, 0x6AC6, 0x72E6, 0x72E6, 0x5A23, 0x6A84, 0x6A84,
  0x72C5, 0x93E9, 0x93A8, 0x7AE5, 0x8B88, 0xA44B, 0x9C2A, 0x9C2A, 0xA46B, 0xA46B, 0xA44B, 0xA46B,
  0xA44A, 0xA46B, 0xA44A, 0x9C4A, 0xA44A, 0xAC8B, 0xAC8B, 0xA44A, 0xAC8B, 0xAC6A, 0xAC8B, 0xACAB,
  0xAC6B, 0xAC6B, 0xAC8B, 0xA44A, 0xA429, 0xB48B, 0xAC6B, 0xA44A, 0xA46B, 0x9C4A, 0x9C4A, 0xA44A,
  0xA42A, 0x9C09, 0x9C2A, 0x93E9, 0x9C0A, 0xB4CC, 0x6AA7, 0x49A3, 0x20E1, 0x1880, 0x20A0, 0x28E1,
  0x2901, 0x20C1, 0x20E1, 0x2901, 0x20A0, 0x18A0, 0x20C1, 0x41A3, 0x28E1, 0x41A3, 0x93A7, 0xB4AB,
  0xAC6A, 0xA409, 0xAC29, 0x9BC7, 0xBCCB, 0xAC69, 0xAC49, 0xBCCB, 0xC50C, 0xC50D, 0xC50D, 0xC52D,
  0xBD0C, 0xC52D, 0xC52D, 0xC52D, 0xC52D, 0xC52D, 0xC54D, 0xBD0C, 0xC52D, 0xCD6E, 0xB4CB, 0xAC6A,
  0xBCEC, 0xA429, 0xAC8A, 0xBCEC, 0xBD0C, 0xBCEC, 0xBCEC, 0xC52D, 0xB4CB, 0xB4AB, 0xBCEC, 0xBD0C,
  0xC50D, 0xC52D, 0xC52C, 0xBD0C, 0xC52D, 0xC52D, 0xC50C, 0xBD0C, 0xC50C, 0xC50C, 0xC52D, 0xC52D,
  0xC52D, 0xBD0C, 0xBD0D, 0xBCEC, 0xBD0C, 0xC52D, 0xC52D, 0xBD0C, 0xBCEC, 0xBD0C, 0xB4AB, 0xB4AB,
  0xBCEC, 0xBD0C, 0xBCCC, 0xBD0C, 0xBCEC, 0xBCEC, 0xBCEC, 0xBCEC, 0xBCEC, 0xB4AB, 0xBCCC, 0xBCEC,
  0xBCCC, 0xB4CB, 0xBCEC, 0xB4CB, 0xAC8B, 0xAC8B, 0x9C29, 0xA44A, 0xAC6A, 0x9BE9, 0xA44A, 0xAC6A,
  0xA42A, 0x8B67, 0x9387, 0x93C8, 0x8B88, 0x9C0A, 0x8B88, 0x72E5, 0x7B27, 0x3163, 0x4182, 0x8B46,
  0x6A44, 0x6244, 0x6A44, 0x6223, 0x6223, 0x6224, 0x6223, 0x6244, 0x7284, 0x49A2, 0x1081, 0x18C1,
  0x28E1, 0x2901, 0x2901, 0x2901, 0x28E1, 0x2901, 0x28E1, 0x20E1, 0x2902, 0x2902, 0x2901, 0x2901,
  0x2902, 0x2901, 0x2901, 0x2901, 0x2901, 0x2901, 0x2902, 0x2901, 0x2901, 0x2901, 0x2901, 0x2901,
  0x2902, 0x2901, 0x2901, 0x2901, 0x20E1, 0x20E1, 0x2901, 0x20E1, 0x20E1, 0x20E1, 0x20E1, 0x20E1,
  0x28E1, 0x72A5, 0x6224, 0x51C3, 0x51C3, 0x5A04, 0x49A3, 0x5203, 0x5A03, 0x5A04, 0x5A03, 0x5A03,
  0x7B68, 0x7B68, 0x7B88, 0x7327, 0x7B47, 0x7B47, 0x7307, 0x7B27, 0x7B27, 0x7B68, 0x62A6, 0x51E3,
  0x5223, 0x5225, 0x3962, 0x6AA5, 0x72E6, 0x6264, 0x5203, 0x72E7, 0x6AA5, 0x5A23, 0x7AE6, 0x8326,
  0x93A8, 0x9C09, 0x9BE9, 0x93C9, 0x93A8, 0x9C2A, 0xA44B, 0x9C2A, 0xA46B, 0xA46B, 0xA46B, 0x9C2A,
  0xA44A, 0xA44A, 0xA46B, 0x9C09, 0x9C09, 0xAC8B, 0xACAB, 0xAC6A, 0xAC8B, 0xAC6A, 0xAC6B, 0xACAB,
  0x9C09, 0x9C09, 0xACAB, 0xAC8B, 0xAC6A, 0xAC6B, 0x9C0A, 0x8B67, 0xA46B, 0xA44B, 0x9C2A, 0x9C0A,
  0x93C8, 0x93E8, 0x9C2A, 0x9C0A, 0x940A, 0xACCC, 0x6AA7, 0x51C3, 0x2101, 0x18A0, 0x41A2, 0x39A3,
  0x2941, 0x2922, 0x2943, 0x2922, 0x3142, 0x2901, 0x28E1, 0x49E4, 0x28E1, 0x4A04, 0xAC6A, 0xA408,
  0xAC4A, 0x9386, 0x9386, 0xAC49, 0xC50C, 0xB4AA, 0xBCEB, 0xC50C, 0xC50C, 0xC50D, 0xBD0D, 0xBD0C,
  0xB4CB, 0xC52D, 0xC52D, 0xC52D, 0xC52D, 0xC52D, 0xC54D, 0xBD2D, 0xBD2D, 0xC54D, 0xBCEC, 0xBCEC,
  0xC52D, 0xB4CB, 0xBCCB, 0xC52C, 0xC52D, 0xC52D, 0xBD0D, 0xC52D, 0xC52D, 0xC52D, 0xBD0C, 0xBD2C,
  0xC52C, 0xC52C, 0xC52D, 0xC50D, 0xC52D, 0xC52D, 0xBCEC, 0xBCEC, 0xBD0C, 0xBCEC, 0xB4CC, 0xB4AB,
  0xBCEC, 0xC50D, 0xC52D, 0xC52D, 0xC52D, 0xC52D, 0xC52D, 0xBCEC, 0xBCEC, 0xC52C, 0xBD0C, 0xBD0C,
  0xBD0C, 0xBCEC, 0xBCEC, 0xB4CB, 0xB4CB, 0xBCEC, 0xBCEC, 0xBCEC, 0xBD0D, 0xBCEC, 0xB4CB, 0xB4AB,
  0xB4AB, 0xB4AB, 0xB4CC, 0xB4CC, 0xB4CC, 0x93C8, 0x93C8, 0xA409, 0xA429, 0xA429, 0xAC6A, 0xA44A,
  0x9BC8, 0x8B47, 0x7B05, 0x72A4, 0x9C0A, 0x9C2A, 0xA42A, 0x8B88, 0x7B26, 0x3963, 0x3962, 0x8B47,
  0x6A44, 0x6244, 0x6A64, 0x6223, 0x5A03, 0x6244, 0x6223, 0x6244, 0x7284, 0x51C3, 0x0881, 0x1902,
  0x18E2, 0x18C2, 0x18E2, 0x18E2, 0x1902, 0x1902, 0x1902, 0x1902, 0x1902, 0x1902, 0x2103, 0x18E2,
  0x10A1, 0x18C1, 0x18C1, 0x20C1, 0x2922, 0x20E2, 0x18A1, 0x18E2, 0x18E2, 0x18C2, 0x18C1, 0x10A1,
  0x10A1, 0x2122, 0x2943, 0x2123, 0x2143, 0x2143, 0x2943, 0x2964, 0x2143, 0x2963, 0x2963, 0x31A4,
  0x2922, 0x3962, 0x3141, 0x3121, 0x3121, 0x3121, 0x2901, 0x3121, 0x3121, 0x3121, 0x3121, 0x3121,
  0x7B68, 0x7B68, 0x7B47, 0x6AC5, 0x7B47, 0x7B48, 0x7B27, 0x7B68, 0x7B47, 0x7B47, 0x5A85, 0x4182,
  0x62A5, 0x5A65, 0x3962, 0x6AC5, 0x72E6, 0x6AA5, 0x6244, 0x6A85, 0x5A03, 0x72A5, 0x93A8, 0x93C8,
  0x93C9, 0x93E9, 0x9C2A, 0x9C0A, 0x8B88, 0x9C09, 0xA44B, 0x9C2A, 0x9C4A, 0xA46B, 0xA44B, 0x9409,
  0x9C2A, 0xA46B, 0xA46B, 0xA46B, 0xAC8B, 0xA46A, 0xAC8B, 0xA44A, 0xAC6A, 0xAC8B, 0xAC6A, 0xA46B,
  0xA44A, 0xA46B, 0xACAB, 0xAC8B, 0xA409, 0x9C09, 0x8B67, 0x6A63, 0x9C09, 0x9C29, 0x9C09, 0x93C9,
  0x93E8, 0x93E8, 0x9C2A, 0x9C2A, 0x9C09, 0xACAC, 0x5A66, 0x4182, 0x20E1, 0x2921, 0x49C3, 0x3984,
  0x5268, 0x6B2B, 0x630C, 0x4206, 0x3122, 0x3142, 0x3942, 0x51E3, 0x3122, 0x3962, 0x9BE9, 0x9387,
  0x9366, 0x7AA4, 0x9BA7, 0xB48A, 0xBD0C, 0xBD0C, 0xBCEC, 0xBD0C, 0xBD0C, 0xC52D, 0xBD0D, 0xC52D,
  0xBD0D, 0xBD0D, 0xC52D, 0xC52D, 0xC52D, 0xC52C, 0xBD0C, 0xBD0C, 0xC54D, 0xC54D, 0xCD4E, 0xC52D,
  0xC50D, 0xC52D, 0xC50C, 0xC52D, 0xC52D, 0xC54D, 0xC52C, 0xC52D, 0xC52D, 0xC50D, 0xC52D, 0xC52D,
  0xC52D, 0xBD0C, 0xBD0C, 0xC52D, 0xBCEC, 0xC52D, 0xBCEC, 0xBD0C, 0xBCCB, 0xBCEC, 0xBD0C, 0xB4AB,
  0xBD0C, 0xC52D, 0xC52D, 0xC52D, 0xC50C, 0xBCEC, 0xC52D, 0xBD0C, 0xBD0C, 0xBD0C, 0xBD0C, 0xBD0C,
  0xBD0D, 0xBD0C, 0xBCCB, 0xB4AB, 0xB4AB, 0xB4AB, 0xBCCC, 0xBCEC, 0xBCEC, 0xC50D, 0xBCCC, 0xAC6A,
  0xB48A, 0xAC8A, 0xBCCC, 0xB4CC, 0xB4CC, 0x9BE9, 0x93C8, 0x9BE8, 0xAC4A, 0xAC6A, 0xA429, 0x9C09,
  0x8B67, 0x93A8, 0x93C8, 0x7AE5, 0x7B26, 0x9C2A, 0x8BA9, 0x8347, 0x8BA8, 0x3963, 0x4182, 0x8326,
  0x6A44, 0x6223, 0x6A64, 0x6244, 0x6223, 0x6244, 0x5A23, 0x5A23, 0x7284, 0x51E3, 0x10C2, 0x2123,
  0x2103, 0x2123, 0x2103, 0x2143, 0x2143, 0x1902, 0x2123, 0x2143, 0x2143, 0x2143, 0x2143, 0x2123,
  0x18E2, 0x2102, 0x2102, 0x2102, 0x3143, 0x3143, 0x2102, 0x2102, 0x2123, 0x2123, 0x2102, 0x18C2,
  0x18C2, 0x2984, 0x2984, 0x2984, 0x2984, 0x31A4, 0x31A4, 0x31A4, 0x3183, 0x31C4, 0x39C4, 0x4226,
  0x3A05, 0x3183, 0x3184, 0x31A3, 0x3183, 0x31A4, 0x39C4, 0x39A4, 0x3984, 0x3183, 0x2943, 0x2923,
  0x7B68, 0x7B68, 0x7B27, 0x6AA5, 0x72E6, 0x7B27, 0x7B68, 0x72E6, 0x7327, 0x7307, 0x4A03, 0x5204,
  0x6AE6, 0x5A45, 0x3982, 0x6AA5, 0x6AC6, 0x72E6, 0x6284, 0x6A65, 0x6A85, 0x7AE5, 0x8305, 0x8B87,
  0x8B67, 0x93C8, 0x9C0A, 0x9C2A, 0x9C0A, 0x93E9, 0xA44B, 0x8387, 0x93E9, 0x9C4A, 0xA46B, 0x9C2A,
  0xA46B, 0xA46A, 0xA46B, 0xA48B, 0xAC8B, 0xA46B, 0x9C29, 0x93E8, 0xA44A, 0xA449, 0xAC6A, 0xAC8A,
  0xAC8B, 0xACAB, 0xA46B, 0xAC6B, 0xAC4A, 0x9BE8, 0x8B46, 0x93A8, 0xA44A, 0xA44A, 0xA44A, 0x9C2A,
  0x9C09, 0x9C29, 0x9C2A, 0xA44A, 0x9C29, 0x9C0A, 0x49E5, 0x3142, 0x18C1, 0x2901, 0x3962, 0x52A9,
  0x94D2, 0x94B0, 0x6BAC, 0x52A9, 0x3143, 0x2921, 0x4183, 0x51E3, 0x3983, 0x18A0, 0x6A64, 0xB4AC,
  0x9BE8, 0x8305, 0x8305, 0xBCCC, 0xC52D, 0xC52D, 0xC50D, 0xBD0D, 0xBD0C, 0xBD0C, 0xB4EC, 0xBD0C,
  0xC54D, 0xC52D, 0xC54D, 0xC52D, 0xBD0C, 0xBD0C, 0xBCEB, 0xBCCB, 0xBD0C, 0xCD4E, 0xBD0C, 0xC52D,
  0xBCEC, 0xC52D, 0xC52D, 0xC52D, 0xC52D, 0xC52C, 0xBD2C, 0xBD2C, 0xC52D, 0xC52D, 0xC52D, 0xC54E,
  0xC52D, 0xC50D, 0xBD0C, 0xB4AB, 0xAC8A, 0xC54D, 0xBD0C, 0xBD0C, 0xBCEC, 0xBD2C, 0xC54D, 0xC52D,
  0xBD0C, 0xC50D, 0xC52D, 0xC52D, 0xC52D, 0xBCEC, 0xC52D, 0xBD0C, 0xBD0C, 0xC52C, 0xC52D, 0xC52D,
  0xBD0D, 0xBD0C, 0xB4AB, 0xB4CB, 0xB4CB, 0xAC8A, 0xAC8B, 0xBCEC, 0xBCEC, 0xBD0C, 0xBD0C, 0xBCCB,
  0xB4AB, 0xB4CB, 0xBCEC, 0xB4CC, 0xBCCC, 0xB4AB, 0xA42A, 0x9BE9, 0xAC4A, 0xA42A, 0xA42A, 0x93C8,
  0x93A8, 0xAC4A, 0xAC6A, 0xA46B, 0x7B26, 0x6A85, 0x6264, 0x6A84, 0x72E6, 0x3101, 0x4182, 0x8306,
  0x6A43, 0x6223, 0x6244, 0x6244, 0x5A03, 0x6243, 0x5A23, 0x5A23, 0x7284, 0x51C3, 0x10A2, 0x2103,
  0x1903, 0x2103, 0x2102, 0x2103, 0x2103, 0x18E2, 0x2123, 0x2123, 0x2123, 0x2123, 0x2123, 0x2123,
  0x10C2, 0x20E2, 0x20E2, 0x20E2, 0x2902, 0x3143, 0x2922, 0x20E2, 0x2123, 0x2123, 0x2922, 0x18E2,
  0x10A1, 0x2964, 0x2983, 0x2984, 0x2984, 0x31A4, 0x3184, 0x3183, 0x31A4, 0x39E5, 0x4205, 0x4205,
  0x4225, 0x4A25, 0x4A25, 0x4A25, 0x4A45, 0x5265, 0x5266, 0x5265, 0x5265, 0x4A45, 0x4A45, 0x4A46,
  0x7B48, 0x7B68, 0x7B47, 0x7306, 0x6284, 0x6AA5, 0x6AA5, 0x6264, 0x6AA6, 0x51E3, 0x49E3, 0x5225,
  0x6285, 0x5A85, 0x3962, 0x6265, 0x6AA5, 0x6AA5, 0x6A85, 0x6AA5, 0x72E6, 0x6A84, 0x8306, 0x8326,
  0x8347, 0x8B67, 0x93C9, 0x9C2A, 0x9C2A, 0x9C4A, 0x9C2A, 0x8B88, 0x93C9, 0x9C4A, 0x9C4A, 0xA46B,
  0xA46B, 0xA46B, 0xA46B, 0xA46B, 0xA44B, 0xA44B, 0x9C4A, 0x8B87, 0x8B67, 0x9BE8, 0x9BE8, 0xAC6A,
  0xAC8B, 0xA48B, 0xAC8B, 0xA429, 0xA409, 0x9BC8, 0x9C09, 0xA48B, 0xA44A, 0xA46B, 0xA46B, 0xA46B,
  0xA44A, 0xA46B, 0xA44A, 0xA46A, 0xAC6B, 0xAC8B, 0x5205, 0x2922, 0x18C1, 0x18C1, 0x3164, 0x842E,
  0xB593, 0x9CD0, 0x73AC, 0x4A89, 0x3185, 0x20C1, 0x49C3, 0x4982, 0x3142, 0x3121, 0x6243, 0x9C09,
  0xBCCB, 0x8304, 0x8B45, 0x9BE7, 0xC52D, 0xC56E, 0xC50D, 0xC50C, 0xBCEC, 0xBD0C, 0xBCEC, 0xBD0D,
  0xC54E, 0xC50D, 0xC52D, 0xC52D, 0xBD0C, 0xBD0D, 0xBD2D, 0xBCEC, 0xAC69, 0xBCEC, 0xBCCB, 0xBCEC,
  0xB4CB, 0xB4EB, 0xBD2C, 0xC54D, 0xC52D, 0xC52D, 0xC52D, 0xBD0C, 0xBCEC, 0xBD2D, 0xBD2D, 0xC54D,
  0xC52D, 0xB4AA, 0xAC69, 0xAC69, 0xAC8A, 0xC52C, 0xBCEC, 0xBCEC, 0xC52C, 0xC56D, 0xC54D, 0xC54D,
  0xC52D, 0xBD0D, 0xC52D, 0xC52D, 0xC52D, 0xC52D, 0xC52D, 0xC52C, 0xC50C, 0xC52C, 0xBD0C, 0xBD2D,
  0xBD0C, 0xBCEC, 0xAC6A, 0xAC8A, 0xB4AB, 0xB4CB, 0xAC8B, 0xB4AB, 0xB4CB, 0xB4CB, 0xBCEC, 0xBCEC,
  0xBCCC, 0xB4CB, 0xAC6A, 0xAC4A, 0xB4AC, 0xA44A, 0x9C09, 0xAC6A, 0xA44A, 0xA46A, 0xA42A, 0xA46B,
  0x93E9, 0x9BE9, 0x9BC9, 0xA42A, 0x8347, 0x59E3, 0x5A03, 0x51C2, 0x5A43, 0x2901, 0x4182, 0x8306,
  0x6A43, 0x6243, 0x6A44, 0x6243, 0x5A03, 0x6243, 0x6224, 0x5A23, 0x7284, 0x49A3, 0x10A2, 0x2123,
  0x2103, 0x2103, 0x2103, 0x2123, 0x2123, 0x18E2, 0x2103, 0x2123, 0x2123, 0x2123, 0x2123, 0x2123,
  0x10A2, 0x18C1, 0x20E2, 0x20E2, 0x20E1, 0x3142, 0x3142, 0x2102, 0x2102, 0x2123, 0x2123, 0x2123,
  0x18C2, 0x2963, 0x2984, 0x2964, 0x31A4, 0x3184, 0x2984, 0x3184, 0x3184, 0x39E4, 0x4205, 0x4225,
  0x4A25, 0x4A05, 0x4205, 0x4205, 0x4A25, 0x4A25, 0x4A45, 0x4A45, 0x4A45, 0x4A45, 0x4A45, 0x4A25,
  0x7B48, 0x7B47, 0x7327, 0x7B47, 0x7306, 0x6264, 0x6264, 0x6A84, 0x6A85, 0x4182, 0x3962, 0x3122,
  0x5224, 0x6AE6, 0x3962, 0x5A44, 0x5223, 0x6264, 0x6AA5, 0x6AA5, 0x6264, 0x5A03, 0x72C5, 0x8346,
  0x8B67, 0x7AE5, 0x8BA8, 0x9C09, 0x9C09, 0x93E9, 0x9C09, 0x9C0A, 0x93A9, 0x9C0A, 0xA44B, 0xA44B,
  0x9C2A, 0x9C2A, 0xA44B, 0xA46B, 0xA44B, 0xA44B, 0xA46B, 0x9C09, 0x9BE9, 0x8347, 0x9C09, 0x9BC8,
  0xA44A, 0xAC8B, 0x9C09, 0x8B87, 0xA429, 0xAC8B, 0xACAC, 0xAC6B, 0x9C09, 0xA42A, 0xA44A, 0xA44A,
  0xA44A, 0xA46B, 0xA46B, 0xAC8B, 0xA44A, 0x9C29, 0x5A45, 0x3121, 0x20E1, 0x10A0, 0x4A48, 0xA4F1,
  0xBDB3, 0x8C4F, 0x634B, 0x4268, 0x31A5, 0x2922, 0x3962, 0x3962, 0x2901, 0x5A24, 0xA449, 0x8B88,
  0x7AE5, 0x8B46, 0xB4AB, 0x9BC7, 0xA3E7, 0xAC08, 0xBD0D, 0xC52D, 0xC50C, 0xBD0D, 0xC54D, 0xC54E,
  0xC52D, 0xBD0C, 0xC50D, 0xBCEC, 0xBD0D, 0xBD0D, 0xBCED, 0xB4AC, 0xB4AB, 0xBCEC, 0xA428, 0xAC6A,
  0xC52D, 0xB4CC, 0xBD0C, 0xB4CB, 0xBCEC, 0xBD0C, 0xBCEB, 0xBCCC, 0xBD0C, 0xBD0D, 0xC52D, 0xBCEC,
  0xB4CC, 0xAC8A, 0xAC69, 0xB4AB, 0xB4EB, 0xBD0C, 0xC52D, 0xC50D, 0xC54D, 0xC54D, 0xC54D, 0xC54D,
  0xC52D, 0xBD0D, 0xBD0D, 0xBD2D, 0xB4AB, 0xC52D, 0xC52D, 0xBD2D, 0xBD0D, 0xC50D, 0xC50C, 0xBCAB,
  0xB48B, 0xBCCC, 0xB48B, 0xB4AB, 0x9BE8, 0xAC6A, 0xBCEC, 0xB4AB, 0xAC8A, 0xBCEC, 0xB4CC, 0xB4AC,
  0xBCEC, 0xAC6A, 0xA44A, 0xAC4B, 0x9C09, 0xA429, 0x8B66, 0xB48B, 0xAC6B, 0x93A7, 0x93C8, 0xA44A,
  0x9C09, 0x8B46, 0x72E5, 0x9BE9, 0x8346, 0x8B67, 0x9C2A, 0x6243, 0x7B47, 0x41A3, 0x4182, 0x8325,
  0x6A43, 0x6223, 0x6223, 0x6243, 0x51E2, 0x6243, 0x6244, 0x6244, 0x7284, 0x49C3, 0x10A1, 0x2103,
  0x18E2, 0x18E2, 0x1903, 0x2103, 0x2103, 0x10C1, 0x2102, 0x2123, 0x2123, 0x2123, 0x2123, 0x2123,
  0x10A2, 0x10A1, 0x20E2, 0x20E2, 0x20E1, 0x2902, 0x3163, 0x2922, 0x2102, 0x2123, 0x2123, 0x2123,
  0x18C2, 0x2964, 0x2984, 0x2964, 0x2984, 0x31A4, 0x2963, 0x3183, 0x31A4, 0x39C4, 0x41E5, 0x4A25,
  0x4205, 0x4A25, 0x4A25, 0x4A25, 0x4A25, 0x4A25, 0x4A25, 0x4A25, 0x4A45, 0x5266, 0x5AA6, 0x5AA7,
  0x7B68, 0x7B47, 0x6AE6, 0x7306, 0x7B47, 0x72E6, 0x6A85, 0x72E6, 0x6264, 0x49C3, 0x5A65, 0x49C3,
  0x49C3, 0x5245, 0x20A0, 0x49C3, 0x51E3, 0x6265, 0x6A85, 0x6285, 0x41A2, 0x5A24, 0x6A85, 0x6A84,
  0x7B27, 0x6A84, 0x72E6, 0x8BA9, 0x93C9, 0x8347, 0x8B66, 0x93C8, 0x8B87, 0x9409, 0x93E9, 0x9C29,
  0xA46A, 0x9409, 0x9C09, 0x9C2A, 0xA48B, 0x9C4A, 0x9C4A, 0x93E8, 0xAC6B, 0x93C8, 0x7B05, 0x7B05,
  0x93C8, 0xA429, 0x9BC8, 0x8B46, 0x9BC8, 0x9BE9, 0x9BE9, 0x9C2A, 0x8346, 0x93C8, 0x93C8, 0x9C49,
  0xA44A, 0xA46A, 0x9BE9, 0x8B87, 0x8B87, 0x8B87, 0x49A3, 0x3942, 0x2901, 0x2102, 0x73AD, 0x948F,
  0x944E, 0x7B8C, 0x4A89, 0x29A6, 0x2964, 0x3122, 0x28E1, 0x3142, 0x20E1, 0x49A3, 0xACAB, 0x72C7,
  0x4181, 0x8346, 0xA42A, 0xB4CC, 0x93A8, 0x6222, 0x9C09, 0xC54D, 0xBCEB, 0xB4CB, 0xBD2D, 0xBD2D,
  0xBD2C, 0xAC69, 0xBCEB, 0xB4AB, 0xB4CB, 0xAC6A, 0xB4CB, 0xB4AB, 0xAC6A, 0xAC4A, 0xA429, 0x9BA7,
  0xB48B, 0xBCCC, 0xAC4A, 0xBCCB, 0xA429, 0xAC4A, 0xB48A, 0xB4EB, 0xC54D, 0xB4EC, 0xB4AB, 0x9C08,
  0xB48B, 0xB48A, 0xAC29, 0xBCAB, 0xB48A, 0xA449, 0xBCEC, 0xA46A, 0xBD0C, 0xC54D, 0xBCEB, 0xBD0C,
  0xBD0D, 0xC54E, 0xC50D, 0xBCCC, 0xA429, 0x9BE8, 0xAC8B, 0xBCCC, 0xB4AA, 0xAC89, 0xB48A, 0xA429,
  0xAC8B, 0xB4CC, 0xAC6A, 0xA409, 0x93A7, 0xAC6A, 0xB4AB, 0xA449, 0x9BE8, 0xB4AB, 0xACAB, 0xA449,
  0xA46A, 0xAC8A, 0xA46A, 0x8B87, 0x72A5, 0x8B67, 0x8B67, 0xA42A, 0x8347, 0x72C5, 0x7AE5, 0x93C9,
  0x93E9, 0x7B06, 0x72A5, 0x8347, 0x6A64, 0x7B05, 0x93C8, 0x6A85, 0x5A44, 0x3122, 0x49A2, 0x8B26,
  0x6A64, 0x5A03, 0x5A03, 0x6A64, 0x51E3, 0x6223, 0x6223, 0x6A64, 0x7284, 0x49A3, 0x10A2, 0x2103,
  0x18E2, 0x18E2, 0x1903, 0x2103, 0x2103, 0x18C2, 0x2122, 0x2943, 0x2123, 0x2123, 0x2103, 0x1903,
  0x10A2, 0x1081, 0x18C2, 0x20E2, 0x20E2, 0x20E1, 0x3142, 0x3142, 0x2102, 0x2123, 0x2123, 0x2943,
  0x18C2, 0x2964, 0x2983, 0x31A4, 0x2984, 0x31C4, 0x3183, 0x39A4, 0x39C4, 0x39C4, 0x39E4, 0x4225,
  0x4225, 0x4A25, 0x4A25, 0x4A25, 0x4A25, 0x4A25, 0x4A45, 0x4A25, 0x5245, 0x5AA6, 0x6B07, 0x6B07,
  0x7B88, 0x7B47, 0x7306, 0x62A5, 0x7B47, 0x72E6, 0x72E6, 0x8348, 0x6265, 0x6285, 0x7B27, 0x5A64,
  0x41A2, 0x2922, 0x1080, 0x2122, 0x3142, 0x3983, 0x2942, 0x39A3, 0x2983, 0x3183, 0x39A3, 0x3141,
  0x41E4, 0x4204, 0x41E4, 0x4A45, 0x4A04, 0x49E3, 0x5A85, 0x5AA6, 0x4A25, 0x5286, 0x4A45, 0x5A86,
  0x62E8, 0x62C7, 0x5A86, 0x5265, 0x62A7, 0x62A6, 0x6285, 0x5A65, 0x6B08, 0x5A86, 0x49E4, 0x5A66,
  0x5265, 0x5A86, 0x62C6, 0x5AA6, 0x5A65, 0x5224, 0x5265, 0x5A86, 0x5224, 0x5A86, 0x62A6, 0x62E7,
  0x7328, 0x6B08, 0x6286, 0x49E3, 0x4A04, 0x5A24, 0x3163, 0x2101, 0x2101, 0x4206, 0x8C70, 0x9CB0,
  0x7BAC, 0x62EA, 0x3A27, 0x31C6, 0x1903, 0x18E1, 0x18C1, 0x18C1, 0x18C1, 0x3142, 0x5AA5, 0x3962,
  0x3161, 0x41C2, 0x5A64, 0x7307, 0x62A6, 0x49E3, 0x5A44, 0x72E6, 0x6AA5, 0x6285, 0x6B07, 0x6B07,
  0x7307, 0x5A64, 0x72E6, 0x72E7, 0x6AC5, 0x62A5, 0x6AC6, 0x6285, 0x5A44, 0x5204, 0x6B07, 0x62C6,
  0x62E6, 0x7347, 0x62A5, 0x6B07, 0x5245, 0x4A24, 0x62A6, 0x7327, 0x7327, 0x6AC5, 0x62A5, 0x6264,
  0x7327, 0x7347, 0x6B06, 0x7327, 0x6AE6, 0x62A5, 0x7327, 0x5A64, 0x62A6, 0x7307, 0x5A64, 0x6AE6,
  0x6B28, 0x7369, 0x6B07, 0x62C6, 0x5A85, 0x41E3, 0x5AC6, 0x6B28, 0x6AE6, 0x6AC5, 0x7327, 0x62E7,
  0x5286, 0x6AE7, 0x6AE7, 0x6285, 0x6285, 0x7307, 0x6AE7, 0x6AC6, 0x62A6, 0x6AC6, 0x62A6, 0x5A65,
  0x62A5, 0x6B07, 0x6AE7, 0x5204, 0x5203, 0x5A65, 0x62A6, 0x5A85, 0x41C2, 0x5224, 0x5A24, 0x5224,
  0x5A85, 0x5A65, 0x5224, 0x3982, 0x41A2, 0x5224, 0x49E3, 0x39A2, 0x2941, 0x18A1, 0x51E3, 0x8306,
  0x6A43, 0x5A23, 0x5A23, 0x6244, 0x5A03, 0x5A23, 0x5A03, 0x6A44, 0x7284, 0x4182, 0x0881, 0x18E2,
  0x18C2, 0x18C2, 0x18C2, 0x18C2, 0x18C2, 0x10A1, 0x18C2, 0x2102, 0x18E2, 0x18C2, 0x10A1, 0x10A1,
  0x1082, 0x1082, 0x10A1, 0x20E2, 0x20E2, 0x20E2, 0x2922, 0x3143, 0x2922, 0x20E2, 0x2123, 0x2943,
  0x18C1, 0x2143, 0x31A4, 0x31A4, 0x2984, 0x31A4, 0x31A4, 0x39C4, 0x39E4, 0x39C4, 0x41E5, 0x4205,
  0x4205, 0x4205, 0x4A25, 0x4205, 0x4A25, 0x4A25, 0x4A45, 0x5286, 0x62C7, 0x6B07, 0x6B07, 0x7328,
  0x7B68, 0x8388, 0x7327, 0x6285, 0x7B27, 0x6AA5, 0x7307, 0x7B07, 0x5223, 0x62C7, 0x6AE7, 0x5285,
  0x4A46, 0x4A88, 0x3227, 0x31E6, 0x3A06, 0x3A26, 0x3226, 0x3A88, 0x3A88, 0x3A46, 0x4288, 0x4AA8,
  0x4AE9, 0x4B0A, 0x4B2A, 0x3A67, 0x3A67, 0x5309, 0x532A, 0x42E9, 0x42C9, 0x532A, 0x534B, 0x4B09,
  0x4B29, 0x534A, 0x534A, 0x4AE9, 0x4A87, 0x73CB, 0x6349, 0x634A, 0x638B, 0x6BAB, 0x5B6A, 0x638B,
  0x5B8A, 0x638B, 0x5B6A, 0x63AB, 0x4AC7, 0x5B08, 0x636A, 0x636A, 0x5B49, 0x5B29, 0x636A, 0x5B49,
  0x5B6A, 0x5B6B, 0x5B4A, 0x532A, 0x42A7, 0x5286, 0x5309, 0x3226, 0x21A4, 0x632B, 0xAD53, 0xAD73,
  0x9470, 0x632A, 0x2964, 0x29A5, 0x2164, 0x3206, 0x3205, 0x4226, 0x52A8, 0x52C7, 0x5286, 0x6B69,
  0x73AA, 0x636A, 0x73AA, 0x73AA, 0x73CB, 0x7BEB, 0x5AE7, 0x5286, 0x6B49, 0x73AA, 0x73CB, 0x73AB,
  0x73AA, 0x7BCB, 0x73CA, 0x7C0B, 0x73CB, 0x73CB, 0x73AA, 0x6B49, 0x52A7, 0x83EB, 0x7BEB, 0x7C0C,
  0x842C, 0x73AA, 0x73CA, 0x6B8A, 0x6349, 0x6BAA, 0x6B8A, 0x7BCA, 0x73AA, 0x5286, 0x7BCA, 0x738A,
  0x7389, 0x73CA, 0x7C2B, 0x73CA, 0x6B8A, 0x73CA, 0x7C0B, 0x7C2C, 0x6B6A, 0x4204, 0x7BCA, 0x840B,
  0x7BEB, 0x7C0B, 0x7BCA, 0x7BCA, 0x7389, 0x738A, 0x73AB, 0x638A, 0x73CC, 0x5AE8, 0x6B69, 0x738A,
  0x6B6A, 0x6B8A, 0x6B8A, 0x6B89, 0x6B69, 0x6349, 0x6349, 0x6BAA, 0x73CB, 0x5AE8, 0x6B69, 0x6B8A,
  0x73AA, 0x73CA, 0x6B8A, 0x738A, 0x6B8A, 0x73AA, 0x6B89, 0x6349, 0x6B8A, 0x52A7, 0x6308, 0x5AE8,
  0x5B29, 0x6B8B, 0x6B69, 0x5AE7, 0x5B29, 0x5309, 0x52E8, 0x4AA7, 0x52A7, 0x3184, 0x41A2, 0x8326,
  0x6A64, 0x5A03, 0x5A03, 0x6244, 0x5A03, 0x6244, 0x6203, 0x6223, 0x7284, 0x41A3, 0x0881, 0x18E2,
  0x18E2, 0x18E2, 0x18E3, 0x2102, 0x2103, 0x18E2, 0x18E2, 0x2102, 0x18E2, 0x18E2, 0x18E2, 0x18E2,
  0x10A2, 0x1082, 0x1081, 0x20E2, 0x2102, 0x2102, 0x2102, 0x3143, 0x2922, 0x2102, 0x2122, 0x2943,
  0x18C1, 0x2964, 0x31A4, 0x31A4, 0x31A4, 0x31A4, 0x31A4, 0x39C4, 0x39E4, 0x39E4, 0x4205, 0x4205,
  0x4205, 0x4205, 0x4225, 0x4204, 0x4204, 0x4A25, 0x5AA6, 0x6B07, 0x6B07, 0x6B28, 0x6B28, 0x6B28,
  0x7B88, 0x7B88, 0x6B06, 0x6AA5, 0x6AC6, 0x5203, 0x7B27, 0x7B47, 0x5223, 0x4A25, 0x3A05, 0x3A06,
  0x4288, 0x4AE9, 0x52E9, 0x6349, 0x6B6A, 0x636A, 0x63CB, 0x6BAB, 0x638B, 0x73EC, 0x844E, 0x844E,
  0x844E, 0x8C6E, 0x7C2D, 0x7BAB, 0x94AE, 0x8C8E, 0x848D, 0x844D, 0x8C6E, 0x8C8E, 0x8CAE, 0x8CAE,
  0x94CE, 0x94CF, 0x8CAE, 0x73CB, 0x9CEE, 0xA4EE, 0x9CCE, 0x8CAE, 0x8C6D, 0x8C8D, 0x8C8D, 0x94CE,
  0x94CF, 0x94CE, 0x94AE, 0x844D, 0x8C4C, 0xA4EF, 0x8C6D, 0x94AE, 0x8C8D, 0x94AE, 0x9CEF, 0x94AE,
  0x94CE, 0x94AE, 0x8C8E, 0x8C6D, 0x840C, 0x9CEE, 0x848F, 0x7C2D, 0x3A47, 0x7BCD, 0xAD32, 0x9CD0,
  0x8C0F, 0x5AC9, 0x31C6, 0x2964, 0x31E6, 0x4A87, 0x6B69, 0x7BCB, 0x8C6D, 0x8C6D, 0x8C2B, 0xA4EE,
  0x94AD, 0xA50F, 0xA50F, 0x9CEE, 0xAD30, 0x9CAE, 0x7B88, 0xB4ED, 0xA48C, 0x9CAD, 0xAD2F, 0xA4EE,
  0xA50F, 0xA50F, 0x9CEF, 0xAD50, 0xA50F, 0x9CEE, 0xA50F, 0x8C4C, 0xACEE, 0xB570, 0xAD2F, 0xAD4F,
  0xAD2F, 0xA4CE, 0x9CEE, 0xA50F, 0xA52F, 0x9CEE, 0xA50E, 0x9C8C, 0x83E9, 0xA4CD, 0x9C8C, 0xAD0E,
  0xACED, 0xA4CD, 0xA50E, 0xA4EE, 0xA50E, 0xA50E, 0xA50E, 0xA52F, 0x842B, 0x944B, 0xA48C, 0xA4CD,
  0xB550, 0xA4EE, 0xAD0E, 0xA4CD, 0xAD2F, 0x9CAD, 0x9CCE, 0x9CEF, 0x94CE, 0x840C, 0xAD0E, 0xA4EE,
  0x9D0F, 0xA50F, 0x9CCE, 0x94AD, 0xA50F, 0x9CCE, 0x94AE, 0x9CEF, 0x9CEE, 0x8C6D, 0xB52F, 0x9CCD,
  0xA4EE, 0xA4EE, 0x9CEE, 0xA50F, 0x9CCF, 0x9CCE, 0x9CCE, 0x8C6C, 0x9CCE, 0x840C, 0x8C0B, 0xA46C,
  0x944C, 0x946C, 0x948C, 0x948D, 0x8C6D, 0x8C6E, 0x842C, 0x7BEA, 0x948E, 0x632A, 0x3121, 0x7AE5,
  0x6A64, 0x5A03, 0x5A03, 0x6244, 0x6223, 0x6244, 0x6203, 0x6243, 0x7284, 0x4183, 0x1081, 0x18E2,
  0x18E2, 0x18E2, 0x1902, 0x18E2, 0x2102, 0x18E2, 0x2102, 0x2102, 0x2102, 0x2102, 0x18E2, 0x18E2,
  0x10A2, 0x1082, 0x1081, 0x18C2, 0x2102, 0x2102, 0x2102, 0x2922, 0x3143, 0x2902, 0x2102, 0x2123,
  0x18C1, 0x2984, 0x31A4, 0x31A4, 0x31A4, 0x31A4, 0x31A4, 0x39C4, 0x39E4, 0x39E5, 0x41E5, 0x4205,
  0x4205, 0x4205, 0x4205, 0x4205, 0x4205, 0x5A86, 0x6B28, 0x6B07, 0x6B07, 0x6B07, 0x6B28, 0x6B28,
  0x7B68, 0x7348, 0x7327, 0x7B48, 0x4A04, 0x41A2, 0x7B68, 0x6B06, 0x4204, 0x31E5, 0x3247, 0x3227,
  0x42A9, 0x530A, 0x4267, 0x5B29, 0x5309, 0x5B4A, 0x5329, 0x532A, 0x5B4A, 0x73EC, 0x742D, 0x740D,
  0x846E, 0x94EF, 0x636A, 0x73AB, 0x8C8D, 0x848E, 0x740C, 0x7C4D, 0x846E, 0x7C4D, 0x7C6E, 0x846E,
  0x846E, 0x848E, 0x8CAF, 0x6369, 0xAD0E, 0x8C2B, 0x840C, 0x7C2C, 0x7C0C, 0x844D, 0x7C0C, 0x7C4D,
  0x8C8E, 0x846E, 0x8CAF, 0x636A, 0x842C, 0x94AE, 0x6BCB, 0x7C2C, 0x8CAE, 0x846E, 0x94CF, 0x94EF,
  0x846D, 0x7C2D, 0x846D, 0x846D, 0x6B8A, 0xA510, 0x740D, 0x636B, 0x4A88, 0x9CB1, 0xA4F1, 0x842E,
  0x83ED, 0x41E7, 0x31E7, 0x2164, 0x21A5, 0x29C5, 0x6329, 0x73EB, 0x94AE, 0x8C8D, 0x8C6D, 0x946D,
  0x948D, 0x94AE, 0x8C8E, 0x94CE, 0x9CAE, 0x946D, 0x6B48, 0xB530, 0xA4CE, 0x8C8D, 0x8C4D, 0x8C8D,
  0x948D, 0x8C8D, 0x8C4D, 0x8C8E, 0x94AE, 0x948D, 0x94CE, 0x6B69, 0xAD30, 0xA530, 0x94AE, 0x9CEF,
  0x8C6D, 0x94CE, 0x8C6D, 0x948D, 0x94AE, 0x94AE, 0x9D0F, 0xA4CE, 0x6307, 0x944C, 0xB52F, 0xA4CD,
  0x9C8C, 0x948D, 0x8C8D, 0x94CE, 0x948D, 0x9CCE, 0x948D, 0x8C8E, 0x6B8A, 0x8C0B, 0xAD2F, 0x8C6C,
  0x948D, 0x946D, 0x8C4D, 0x7C0C, 0x844D, 0x844D, 0x846E, 0x8CAE, 0x848D, 0x6329, 0x9CAD, 0x94CE,
  0x844D, 0x8C6D, 0x842C, 0x842D, 0x844D, 0x8C6D, 0x844D, 0x7C4D, 0x8C8E, 0x63AB, 0x9CAE, 0xA50F,
  0x842C, 0x844C, 0x844D, 0x846D, 0x8C6E, 0x844C, 0x842B, 0x7C0B, 0x94AE, 0x7C2C, 0x6B49, 0xB550,
  0x8CAF, 0x842C, 0x844C, 0x842C, 0x73EB, 0x73CC, 0x738A, 0x6B48, 0x8C4C, 0x52C8, 0x28E1, 0x7AC5,
  0x6A43, 0x5A03, 0x5A03, 0x6A64, 0x6223, 0x6223, 0x6223, 0x6A44, 0x7AA5, 0x4182, 0x1081, 0x18E2,
  0x18E2, 0x18E2, 0x18E2, 0x1902, 0x18E2, 0x18E2, 0x2102, 0x2102, 0x1902, 0x18E2, 0x18E2, 0x18E2,
  0x10A2, 0x1082, 0x1082, 0x10A1, 0x2102, 0x2102, 0x2102, 0x2902, 0x3163, 0x2922, 0x20E1, 0x2122,
  0x18C1, 0x2963, 0x31A3, 0x31A4, 0x31C4, 0x31C4, 0x39E4, 0x39C4, 0x39C4, 0x39C4, 0x39E4, 0x4205,
  0x4204, 0x4205, 0x4204, 0x4A25, 0x5A86, 0x6B08, 0x6B28, 0x6B07, 0x6B07, 0x7328, 0x6B28, 0x6B07,
  0x7B68, 0x7B47, 0x7306, 0x62A5, 0x3141, 0x5A44, 0x5A85, 0x4225, 0x3A68, 0x3289, 0x42CA, 0x532A,
  0x4AC8, 0x3226, 0x21C6, 0x4AA7, 0x4AE9, 0x4B2A, 0x4AE9, 0x4B09, 0x5B8B, 0x63CC, 0x63CC, 0x6BEC,
  0x6BCC, 0x742D, 0x536B, 0x636B, 0x6BEC, 0x63CC, 0x6C0C, 0x6C0C, 0x742D, 0x73EC, 0x740C, 0x7C4D,
  0x7C0D, 0x73EC, 0x742D, 0x636A, 0x8C0A, 0x7368, 0x7BEB, 0x740C, 0x7C0C, 0x7C2D, 0x740B, 0x7C4D,
  0x740C, 0x7C2D, 0x7C4E, 0x5B4A, 0x6B8A, 0x7C2C, 0x63AB, 0x740D, 0x740C, 0x73EC, 0x740C, 0x7C0C,
  0x6BEC, 0x6BCC, 0x73EC, 0x740D, 0x5B6A, 0x7C2D, 0x63AC, 0x4AA9, 0x6B8D, 0xAD32, 0x9CB0, 0x840E,
  0x6B4A, 0x39E7, 0x31E7, 0x1965, 0x21C6, 0x21A4, 0x5AC8, 0x73CB, 0x846D, 0x7C2C, 0x7C0C, 0x7C0C,
  0x846D, 0x846D, 0x846D, 0x8C6D, 0x8C4C, 0x8C2C, 0x6329, 0x948E, 0x8C4C, 0x846D, 0x8C8E, 0x846D,
  0x846D, 0x8C6D, 0x844D, 0x842D, 0x844D, 0x7C0C, 0x846D, 0x638A, 0x94AE, 0x94AE, 0x8C8D, 0x8C8E,
  0x844D, 0x846D, 0x8C6D, 0x8C6D, 0x8C8E, 0x8C8E, 0x8C8D, 0x8C8D, 0x5B08, 0x83EB, 0xAD0E, 0x946B,
  0x8C4B, 0x7BEA, 0x7C0B, 0x846D, 0x846D, 0x844D, 0x842C, 0x844D, 0x6BAB, 0x6B69, 0x9CEF, 0x844D,
  0x842C, 0x844D, 0x844D, 0x7C2D, 0x7C2D, 0x7C2D, 0x7C2D, 0x7C4D, 0x7C4D, 0x5309, 0x842C, 0x7C2D,
  0x740C, 0x73EC, 0x73EC, 0x7C4D, 0x7C4D, 0x740C, 0x7C4D, 0x740D, 0x7C2D, 0x5329, 0x8C4D, 0x94AE,
  0x844D, 0x7C0C, 0x73EB, 0x7C2C, 0x7C0C, 0x73CB, 0x7BEA, 0x7BEB, 0x73CA, 0x6BAB, 0x6369, 0x9CEF,
  0x740D, 0x740C, 0x73CB, 0x73EC, 0x73CB, 0x6B69, 0x6B69, 0x6328, 0x73CA, 0x4AA7, 0x2901, 0x6A64,
  0x6244, 0x6244, 0x6223, 0x6A64, 0x5A23, 0x6224, 0x6A64, 0x6243, 0x7284, 0x49A3, 0x1081, 0x18E2,
  0x18E2, 0x18E2, 0x18E2, 0x1902, 0x18E2, 0x18E2, 0x2102, 0x18E2, 0x18E2, 0x18E2, 0x1902, 0x18E2,
  0x10A2, 0x1082, 0x10A2, 0x10A1, 0x18C2, 0x20E2, 0x2102, 0x2102, 0x2922, 0x3163, 0x2901, 0x20E2,
  0x18C1, 0x2963, 0x31A4, 0x31A4, 0x31C4, 0x31A4, 0x39C4, 0x39C4, 0x39E4, 0x39E4, 0x41E5, 0x41E4,
  0x41E4, 0x4204, 0x4A24, 0x5AA6, 0x62E7, 0x6B28, 0x6B07, 0x6B07, 0x7348, 0x7368, 0x7B69, 0x7328,
  0x7B88, 0x7B67, 0x6AC5, 0x5A24, 0x3162, 0x39E4, 0x4A87, 0x6329, 0x6349, 0x6B8B, 0x5B4A, 0x3A88,
  0x29E6, 0x2A27, 0x21E5, 0x4247, 0x42A8, 0x4B2A, 0x4B09, 0x4B09, 0x5B8B, 0x63CC, 0x63CC, 0x6BEC,
  0x6BEC, 0x848E, 0x63AB, 0x6BAB, 0x6BEB, 0x63AB, 0x740D, 0x742D, 0x742D, 0x742D, 0x7C4E, 0x7C2D,
  0x740C, 0x73EC, 0x742D, 0x638A, 0x842C, 0x73AA, 0x7C0C, 0x742D, 0x7C0D, 0x7C2D, 0x7C2C, 0x7C4D,
  0x6BEC, 0x740C, 0x846E, 0x63AB, 0x73CB, 0x844D, 0x638B, 0x740C, 0x740C, 0x7C4D, 0x740C, 0x740C,
  0x740C, 0x6BEC, 0x740C, 0x742D, 0x638B, 0x848E, 0x5B8C, 0x4268, 0x8450, 0xB574, 0x8C70, 0x8C2E,
  0x5288, 0x31C6, 0x29A5, 0x1985, 0x21E6, 0x29C4, 0x52A7, 0x6B8A, 0x7C0C, 0x73EB, 0x6BCB, 0x8C6E,
  0x8C6D, 0x8C6D, 0x844D, 0x846D, 0x846C, 0x8C6D, 0x6349, 0x9CAE, 0x8C6C, 0x846C, 0x844D, 0x844D,
  0x8C8E, 0x846D, 0x846D, 0x8CAE, 0x7C2D, 0x842D, 0x8C8E, 0x6BAB, 0x9CCF, 0x8C8E, 0x948E, 0x8C8D,
  0x844C, 0x844D, 0x8C8E, 0x8C8E, 0x8C8E, 0x8C8E, 0x8C8E, 0x8CAE, 0x5B29, 0x738A, 0xAD2F, 0x948D,
  0x8C6C, 0x7C0B, 0x7C2C, 0x844D, 0x844D, 0x844D, 0x842C, 0x844D, 0x73CB, 0x73CB, 0x9CEF, 0x7BEB,
  0x7C0C, 0x8C8E, 0x846D, 0x8C6D, 0x844D, 0x7C2D, 0x73EC, 0x7C2C, 0x7C2D, 0x5B2A, 0x8C6D, 0x740C,
  0x740C, 0x740C, 0x742C, 0x7C6D, 0x7C4D, 0x740C, 0x7C4D, 0x740D, 0x7C0D, 0x5B29, 0x946D, 0x9CCE,
  0x844C, 0x7C0C, 0x7C2C, 0x844D, 0x7C0C, 0x842C, 0x83EB, 0x7BEA, 0x7C0B, 0x7BEC, 0x6B89, 0xA4EF,
  0x73EC, 0x7C2C, 0x6BAA, 0x740C, 0x73AA, 0x6B27, 0x6B48, 0x6B69, 0x73CB, 0x52E8, 0x2901, 0x6244,
  0x6243, 0x5A23, 0x6243, 0x6A44, 0x5A03, 0x6244, 0x6A64, 0x6223, 0x7AA5, 0x49C3, 0x0881, 0x18E2,
  0x18C2, 0x18E2, 0x18E2, 0x18E2, 0x18E2, 0x18E2, 0x2102, 0x18E2, 0x18E2, 0x18E2, 0x18E2, 0x18C2,
  0x10A2, 0x1082, 0x10A2, 0x10A1, 0x10A1, 0x20E2, 0x2102, 0x2102, 0x2102, 0x3163, 0x2922, 0x20E1,
  0x10A1, 0x2963, 0x3183, 0x31A4, 0x31C4, 0x31A4, 0x31A4, 0x39C4, 0x39E4, 0x41E5, 0x4204, 0x41E4,
  0x4204, 0x4204, 0x5A86, 0x62C7, 0x6B07, 0x6B07, 0x6B07, 0x6B07, 0x7348, 0x7B69, 0x7B68, 0x7B69,
  0x8388, 0x7328, 0x5A85, 0x4204, 0x3206, 0x3268, 0x3A88, 0x4AC9, 0x5B2A, 0x6329, 0x3247, 0x2A27,
  0x2A48, 0x2A27, 0x29C5, 0x4A87, 0x3A87, 0x42E9, 0x5309, 0x4B2A, 0x5B8B, 0x63CC, 0x6BCC, 0x6BCC,
  0x6BEC, 0x7C4D, 0x63AB, 0x636B, 0x6BEC, 0x5B4A, 0x740C, 0x744D, 0x742D, 0x740C, 0x7C2D, 0x742D,
  0x6BEC, 0x740D, 0x7C4D, 0x636A, 0x844D, 0x73EC, 0x73EC, 0x740C, 0x7C2D, 0x7C2D, 0x7C0C, 0x7C2D,
  0x740C, 0x740D, 0x848E, 0x6BAB, 0x6BAB, 0x846D, 0x7C2D, 0x740C, 0x7C2D, 0x7C2D, 0x740D, 0x73EC,
  0x7C2D, 0x740D, 0x740D, 0x7C4D, 0x638B, 0x8CAF, 0x530A, 0x52EA, 0xA513, 0xAD53, 0x842F, 0x83EC,
  0x4A47, 0x31E6, 0x29A5, 0x21A5, 0x21E6, 0x29E5, 0x52A7, 0x5AE8, 0x842C, 0x7C2C, 0x740D, 0x8C6E,
  0x7C2C, 0x844D, 0x844D, 0x844D, 0x846D, 0x846D, 0x634A, 0x94AE, 0x846C, 0x846D, 0x844C, 0x8C6D,
  0x8C8E, 0x846D, 0x7C2C, 0x846D, 0x844D, 0x8C8E, 0x8CAE, 0x73AB, 0x94AE, 0x8C6D, 0x8C6D, 0x94AE,
  0x846D, 0x7C4D, 0x8C8E, 0x8C6E, 0x8C8E, 0x844D, 0x8C6D, 0x94CE, 0x6B8B, 0x7BEB, 0x9CEE, 0x8C6D,
  0x8C6C, 0x7C2C, 0x844C, 0x844D, 0x844D, 0x846D, 0x844C, 0x846D, 0x6BAB, 0x73CB, 0x9D0F, 0x844C,
  0x842C, 0x7C2C, 0x844C, 0x846D, 0x844D, 0x740C, 0x73EC, 0x842D, 0x8C6D, 0x634A, 0x842C, 0x740C,
  0x7C2C, 0x7C0C, 0x7C0C, 0x7C2C, 0x7C0C, 0x7C2C, 0x7C2D, 0x7C2D, 0x844E, 0x5B29, 0x842B, 0x94AE,
  0x7C0C, 0x844D, 0x7C2D, 0x7C0C, 0x7C4D, 0x844D, 0x7C0C, 0x7C0C, 0x7C2C, 0x73CB, 0x5B08, 0x9CCE,
  0x740C, 0x73EB, 0x73AB, 0x7C2D, 0x73AA, 0x7368, 0x738A, 0x6BAB, 0x73CB, 0x4AA8, 0x2901, 0x6A64,
  0x6223, 0x6223, 0x6223, 0x7285, 0x59E3, 0x5A03, 0x6A44, 0x6223, 0x72A4, 0x49A3, 0x0861, 0x18C2,
  0x18C2, 0x10C2, 0x10C2, 0x18E2, 0x10C2, 0x18C2, 0x2102, 0x18E2, 0x18E2, 0x18E2, 0x18C2, 0x18C2,
  0x10A2, 0x1081, 0x10A2, 0x1082, 0x10A1, 0x20E2, 0x2102, 0x2102, 0x20E1, 0x3142, 0x3163, 0x2902,
  0x10A1, 0x2963, 0x31A3, 0x31A4, 0x31A4, 0x31A4, 0x3183, 0x39C4, 0x41E4, 0x4204, 0x4204, 0x4204,
  0x4205, 0x5266, 0x62C7, 0x6B07, 0x6B07, 0x6B07, 0x6B07, 0x6B28, 0x7348, 0x7B68, 0x7B68, 0x7B68,
  0x7307, 0x5A85, 0x4A66, 0x4AC8, 0x3AA9, 0x42C9, 0x5B4A, 0x5B2A, 0x3247, 0x3A47, 0x3268, 0x2A47,
  0x2A27, 0x2A27, 0x29E6, 0x4AA8, 0x3A88, 0x3A88, 0x4B09, 0x4B2A, 0x63AB, 0x63CC, 0x63AB, 0x6BEC,
  0x6BEC, 0x742D, 0x5B8B, 0x638B, 0x742D, 0x63CC, 0x6BAB, 0x742D, 0x7C2D, 0x740D, 0x73ED, 0x742D,
  0x742D, 0x7C2D, 0x742D, 0x5B4A, 0x73EC, 0x6BEC, 0x73EC, 0x7C0C, 0x844D, 0x7C2D, 0x7C4D, 0x740D,
  0x740C, 0x740D, 0x7C4D, 0x63AB, 0x73EB, 0x8C8E, 0x7C4D, 0x742D, 0x7C2D, 0x7C2D, 0x7C2D, 0x742D,
  0x740C, 0x740C, 0x740C, 0x740D, 0x636B, 0x8CAF, 0x4AA9, 0x73CD, 0xB594, 0xA532, 0x8C2E, 0x6B4B,
  0x39E6, 0x41E6, 0x2164, 0x21A5, 0x21E6, 0x31E5, 0x52A7, 0x4AA7, 0x7C0B, 0x844D, 0x844D, 0x844D,
  0x7C0C, 0x7C2C, 0x846D, 0x846D, 0x844D, 0x7C2D, 0x5B49, 0x94AE, 0x7C2C, 0x844D, 0x846D, 0x8C8D,
  0x8C6D, 0x844C, 0x846D, 0x846D, 0x846E, 0x844D, 0x8C8E, 0x6BAB, 0x948D, 0x8C8D, 0x844D, 0x8C8D,
  0x94CF, 0x846D, 0x846D, 0x8C6D, 0x846D, 0x844D, 0x8C6D, 0x9CEF, 0x6BAB, 0x7C0C, 0x94AD, 0x8C8D,
  0x8C6D, 0x846D, 0x8C8D, 0x8C6D, 0x844D, 0x844D, 0x844C, 0x8CAE, 0x63AB, 0x73AA, 0x9CCE, 0x844C,
  0x846D, 0x844D, 0x7C2D, 0x846D, 0x8C8E, 0x844D, 0x7C0C, 0x7C2D, 0x846D, 0x636A, 0x8C6C, 0x7C2C,
  0x7C0C, 0x7C2C, 0x844D, 0x844D, 0x7C2D, 0x7C2D, 0x7C2D, 0x7C2D, 0x846D, 0x5B6A, 0x8C4C, 0x94AD,
  0x844D, 0x846E, 0x7C4D, 0x844D, 0x7C0C, 0x740C, 0x740C, 0x7C4D, 0x7C2C, 0x6BCC, 0x6349, 0x9CEF,
  0x740D, 0x7C2D, 0x73CB, 0x73EC, 0x7BAA, 0x7B89, 0x73AA, 0x6BAB, 0x73CB, 0x4A87, 0x20E1, 0x72C5,
  0x6203, 0x6A43, 0x6223, 0x6A64, 0x5A23, 0x51E2, 0x6223, 0x6243, 0x72A4, 0x49A3, 0x0861, 0x18E2,
  0x18E2, 0x18C2, 0x18E2, 0x18E2, 0x18C2, 0x18E2, 0x18E2, 0x18E2, 0x18E3, 0x18E3, 0x10C2, 0x10C2,
  0x10A1, 0x1082, 0x1082, 0x1081, 0x1081, 0x18C2, 0x2102, 0x2101, 0x20E2, 0x2902, 0x3962, 0x3142,
  0x20C2, 0x3183, 0x31A4, 0x3184, 0x39A4, 0x31A4, 0x31A4, 0x39E4, 0x4204, 0x4204, 0x4205, 0x41E4,
  0x5266, 0x6307, 0x6B07, 0x62E7, 0x6307, 0x6B07, 0x7328, 0x7348, 0x7348, 0x7B68, 0x7B69, 0x7B69,
  0x4A25, 0x6B28, 0x5B29, 0x532A, 0x5B6B, 0x638C, 0x3AA8, 0x2A47, 0x2A48, 0x4267, 0x3268, 0x2A27,
  0x2A07, 0x3248, 0x2A06, 0x4A88, 0x3267, 0x3247, 0x42C9, 0x4B2A, 0x5B8B, 0x63CC, 0x5B8B, 0x6BCC,
  0x6BEC, 0x742D, 0x5B6B, 0x6BAB, 0x7C2D, 0x6BEC, 0x6BCC, 0x742D, 0x740C, 0x740D, 0x742D, 0x740D,
  0x7C2D, 0x742D, 0x7C4E, 0x5B49, 0x7C0C, 0x742C, 0x7C2D, 0x7C0C, 0x7C4C, 0x740C, 0x740C, 0x740D,
  0x740C, 0x740C, 0x7C4E, 0x638B, 0x73CB, 0x8C8D, 0x742D, 0x740C, 0x740D, 0x7C2D, 0x6BEC, 0x740D,
  0x740C, 0x740D, 0x7C2D, 0x7C2D, 0x6BAC, 0x842D, 0x4A89, 0x8C90, 0xB594, 0x9CD1, 0x840C, 0x5AC9,
  0x31C6, 0x39C6, 0x1984, 0x21C6, 0x2A06, 0x3206, 0x4AA7, 0x4AC8, 0x6BCB, 0x740C, 0x846E, 0x7C2D,
  0x7C0C, 0x7C0C, 0x846D, 0x8C6D, 0x844D, 0x7C4D, 0x5B29, 0xA4CF, 0x844C, 0x842C, 0x8C6D, 0x844C,
  0x846D, 0x7C4C, 0x846D, 0x846D, 0x846D, 0x7C2D, 0x94AE, 0x638A, 0x9CCF, 0x94CE, 0x846D, 0x8C8D,
  0x8C8E, 0x7C4C, 0x7C4D, 0x8C8E, 0x846E, 0x846E, 0x8C8D, 0x9CEF, 0x6BAC, 0x844D, 0x9CCE, 0x846D,
  0x8C6D, 0x8C8E, 0x846D, 0x844C, 0x846D, 0x844D, 0x846D, 0x8C8D, 0x63AB, 0x6B69, 0x9CCE, 0x842C,
  0x844D, 0x8C8E, 0x7C2D, 0x7C2C, 0x844C, 0x740B, 0x7C0C, 0x7C0C, 0x846E, 0x636B, 0x8C6D, 0x7C2C,
  0x7C4D, 0x8C8E, 0x844D, 0x7C2D, 0x844D, 0x844D, 0x844D, 0x7C2C, 0x846D, 0x638A, 0x8C4C, 0x8C8D,
  0x846D, 0x8C6D, 0x7C2C, 0x7C2C, 0x73CB, 0x7C2D, 0x742D, 0x742D, 0x7C2D, 0x6BCC, 0x6B8A, 0xA50F,
  0x73EC, 0x740C, 0x740C, 0x740C, 0x7BEC, 0x7348, 0x6B28, 0x6B8A, 0x73CB, 0x4A67, 0x20E1, 0x72A5,
  0x5A03, 0x6A44, 0x6224, 0x6A44, 0x5A03, 0x51E3, 0x6A44, 0x6243, 0x72A4, 0x49A3, 0x0861, 0x18C2,
  0x18C2, 0x18E2, 0x18C2, 0x18E2, 0x18C2, 0x18C2, 0x18E2, 0x18E2, 0x18E2, 0x18E2, 0x10C2, 0x18C2,
  0x10A2, 0x1082, 0x1082, 0x1081, 0x1081, 0x10A1, 0x20E2, 0x2101, 0x2102, 0x20E2, 0x3142, 0x3162,
  0x2922, 0x2943, 0x31A4, 0x31A4, 0x39C4, 0x39A4, 0x39C4, 0x4205, 0x4205, 0x4205, 0x4205, 0x4A25,
  0x5AC7, 0x6B07, 0x6B07, 0x62E7, 0x6307, 0x62E7, 0x7348, 0x7348, 0x7348, 0x7B69, 0x7B89, 0x7B89,
  0x430A, 0x42EA, 0x5B09, 0x7BEB, 0x636A, 0x3247, 0x2A68, 0x3269, 0x2A69, 0x4287, 0x3247, 0x2A47,
  0x2A27, 0x3248, 0x2A06, 0x4267, 0x3A68, 0x3268, 0x3A88, 0x4B0A, 0x534A, 0x63AC, 0x63AC, 0x63AC,
  0x6BED, 0x740D, 0x5B4A, 0x638B, 0x7C4D, 0x6BEC, 0x740C, 0x742D, 0x740D, 0x742D, 0x740C, 0x73EC,
  0x740D, 0x740D, 0x7C2D, 0x5B49, 0x7BEB, 0x7C2D, 0x742D, 0x740C, 0x73EC, 0x6BEC, 0x73EC, 0x7C2D,
  0x7C0D, 0x7C0D, 0x7C4E, 0x638A, 0x73CB, 0x8CAE, 0x742D, 0x740D, 0x740C, 0x740D, 0x6BEC, 0x742D,
  0x742D, 0x740D, 0x740D, 0x740C, 0x6BCC, 0x738B, 0x5B0B, 0xA533, 0xBDB5, 0x94B0, 0x8C4D, 0x4A47,
  0x39E7, 0x31A5, 0x21C5, 0x2A06, 0x2A07, 0x31E6, 0x4AA8, 0x4AE8, 0x6BEC, 0x740D, 0x742D, 0x7C4D,
  0x7C2D, 0x7C4D, 0x846D, 0x844D, 0x844D, 0x7C4D, 0x5B29, 0x948E, 0x844C, 0x840C, 0x844C, 0x7C0C,
  0x7C2C, 0x7C4D, 0x846D, 0x8C6D, 0x846D, 0x7C2C, 0x8C8D, 0x6349, 0x9CAE, 0x8CAE, 0x846E, 0x844D,
  0x846D, 0x846D, 0x7C0C, 0x842C, 0x844D, 0x846D, 0x8CAE, 0x8CAE, 0x636A, 0x73AB, 0x8C8D, 0x846E,
  0x7C2D, 0x844D, 0x846D, 0x844C, 0x8C6D, 0x7C2C, 0x846D, 0x8C6D, 0x6BAB, 0x6B69, 0x94AE, 0x8C6D,
  0x8C8E, 0x7C4D, 0x7C2C, 0x7C2C, 0x7C0C, 0x73EB, 0x740C, 0x740C, 0x846E, 0x5B6B, 0x8C6D, 0x7C4D,
  0x7C2D, 0x8C8E, 0x7C0C, 0x7C0C, 0x846E, 0x844D, 0x846D, 0x7C2D, 0x846D, 0x5B6A, 0x8C4C, 0x846D,
  0x842B, 0x840B, 0x7C0B, 0x740C, 0x73CB, 0x7C2C, 0x7C2D, 0x742D, 0x7C2D, 0x6BCC, 0x6B6A, 0xA510,
  0x73EC, 0x740C, 0x6BCB, 0x6BCB, 0x73EC, 0x7BCB, 0x6B07, 0x6B69, 0x73AA, 0x4A46, 0x28E1, 0x72C5,
  0x5A03, 0x6A64, 0x6224, 0x6A43, 0x5A23, 0x51E3, 0x6A44, 0x6223, 0x72A4, 0x49A3, 0x0840, 0x10A1,
  0x1081, 0x10A2, 0x10C2, 0x18E2, 0x18C2, 0x10C2, 0x18C2, 0x10C2, 0x10C2, 0x10C2, 0x10C2, 0x10C2,
  0x1081, 0x1082, 0x1082, 0x1082, 0x1082, 0x1081, 0x18C1, 0x2102, 0x20E2, 0x20E2, 0x2922, 0x3962,
  0x3143, 0x2102, 0x2984, 0x31A4, 0x39C4, 0x39C4, 0x39E4, 0x39E4, 0x4205, 0x4205, 0x4225, 0x5286,
  0x62E7, 0x62E7, 0x6B07, 0x6B07, 0x62E7, 0x6B28, 0x7368, 0x7348, 0x7B68, 0x7B69, 0x7B89, 0x7B89,
  0x532A, 0x6BAC, 0x5B6B, 0x3267, 0x4288, 0x3288, 0x3268, 0x3248, 0x2A48, 0x42A8, 0x3268, 0x2A47,
  0x2A27, 0x2A47, 0x2A06, 0x4A88, 0x3A88, 0x3AA9, 0x3A88, 0x4B2A, 0x4B2A, 0x5B6B, 0x63AC, 0x63CC,
  0x6BCC, 0x6BEC, 0x5B8B, 0x6BCC, 0x740C, 0x740C, 0x740C, 0x6BEC, 0x73ED, 0x73EC, 0x6BEC, 0x73EC,
  0x740D, 0x740D, 0x7C2D, 0x5B29, 0x738A, 0x7C2D, 0x7C2D, 0x7C2D, 0x740D, 0x6BCC, 0x740C, 0x742D,
  0x740C, 0x740D, 0x7C4D, 0x6BAB, 0x7C0C, 0x846D, 0x6BEC, 0x742D, 0x6BEC, 0x6BEC, 0x740D, 0x6BEC,
  0x7C2D, 0x740D, 0x740C, 0x6BEC, 0x638B, 0x6B4A, 0x7BEE, 0xBDB4, 0xB553, 0x842E, 0x73AB, 0x3A27,
  0x39E7, 0x2185, 0x2A06, 0x2A07, 0x2A27, 0x29C5, 0x4288, 0x42C8, 0x63EC, 0x740D, 0x740C, 0x7C4E,
  0x7C2D, 0x7C4D, 0x7C4D, 0x844D, 0x844D, 0x846E, 0x5B49, 0x948E, 0x7C2C, 0x844D, 0x846D, 0x844C,
  0x73CB, 0x740C, 0x7C0C, 0x844D, 0x844D, 0x846E, 0x844D, 0x5B4A, 0x94AE, 0x846D, 0x7C2C, 0x846D,
  0x844D, 0x7C4C, 0x7BEB, 0x7C0B, 0x846D, 0x846E, 0x846D, 0x94AE, 0x6349, 0x842C, 0x9CEE, 0x844D,
  0x7C0C, 0x7C2C, 0x7C2C, 0x7C2C, 0x846D, 0x844D, 0x7C6D, 0x844C, 0x6369, 0x6B8A, 0x948D, 0x842C,
  0x842C, 0x7C2C, 0x7C2C, 0x740C, 0x7C2C, 0x73EB, 0x73EB, 0x740C, 0x740D, 0x5B2A, 0x8C6D, 0x844D,
  0x7C2C, 0x7C2C, 0x7C2C, 0x7C2C, 0x7C4D, 0x7C4D, 0x7C2D, 0x7C4D, 0x7C4D, 0x5309, 0x8C6D, 0x94CE,
  0x7C0B, 0x7C0B, 0x7C0C, 0x740C, 0x740C, 0x7C2D, 0x7C2D, 0x7C4D, 0x742D, 0x636B, 0x6349, 0x9CEF,
  0x73EC, 0x7C4D, 0x73EC, 0x73CC, 0x7C2D, 0x73EC, 0x6B8A, 0x6B28, 0x7369, 0x4A04, 0x28E0, 0x72C5,
  0x5A23, 0x6A44, 0x51E2, 0x6A43, 0x5A23, 0x51E3, 0x6A44, 0x6243, 0x6A64, 0x4183, 0x0881, 0x18E2,
  0x18C2, 0x18E2, 0x18C2, 0x18C2, 0x18C2, 0x18E2, 0x18E3, 0x18C2, 0x18C2, 0x18E2, 0x10C2, 0x10C2,
  0x10A1, 0x1082, 0x1082, 0x1082, 0x1082, 0x1082, 0x10A1, 0x2102, 0x20E2, 0x2102, 0x20E1, 0x3142,
  0x3942, 0x2922, 0x2143, 0x31A4, 0x39E4, 0x39E4, 0x39E4, 0x4205, 0x4205, 0x4225, 0x4A25, 0x5286,
  0x62E7, 0x62E7, 0x6B07, 0x6307, 0x62E7, 0x7348, 0x7B68, 0x7348, 0x7B69, 0x7B68, 0x7B69, 0x7B89,
  0x6BCC, 0x4AE9, 0x3268, 0x3247, 0x42A9, 0x2A68, 0x2A68, 0x3288, 0x2A48, 0x42A8, 0x3A68, 0x3268,
  0x3268, 0x2A27, 0x2A06, 0x4267, 0x3268, 0x3289, 0x3288, 0x430A, 0x4B4B, 0x536B, 0x5B8C, 0x6BED,
  0x63CC, 0x6C0D, 0x536B, 0x5B2A, 0x73EC, 0x7C6E, 0x742D, 0x740D, 0x740D, 0x6BCC, 0x740D, 0x7C2D,
  0x73EC, 0x740D, 0x740D, 0x5B09, 0x6B28, 0x73EB, 0x742D, 0x740C, 0x740D, 0x63AC, 0x740D, 0x740C,
  0x6BEC, 0x740D, 0x7C6E, 0x6BAB, 0x73EB, 0x846E, 0x740D, 0x7C4D, 0x6BEC, 0x6BEC, 0x740D, 0x63CC,
  0x742D, 0x742D, 0x73ED, 0x742D, 0x4267, 0x5AA9, 0xAD53, 0xB572, 0xAD11, 0x8C2F, 0x52A9, 0x29C5,
  0x3A07, 0x29A5, 0x2A07, 0x2A07, 0x2A07, 0x2985, 0x4267, 0x3A88, 0x63AB, 0x6C0D, 0x6BEC, 0x7C6E,
  0x7C4E, 0x6BCC, 0x7C2D, 0x7C4D, 0x7C2D, 0x7C4D, 0x5309, 0x946E, 0x7C4C, 0x844E, 0x846D, 0x846D,
  0x7C4D, 0x6BEC, 0x6BEC, 0x844D, 0x7C4D, 0x742D, 0x740C, 0x5329, 0x846D, 0x94AE, 0x844D, 0x8C8E,
  0x846E, 0x7C6D, 0x7C0C, 0x73CB, 0x846E, 0x7C4D, 0x846E, 0x8C6D, 0x52C7, 0x7BCB, 0xA52F, 0x7C4D,
  0x7C2C, 0x7C2C, 0x7C4D, 0x73EC, 0x7C2C, 0x846D, 0x740C, 0x7C0B, 0x5B29, 0x6349, 0x94CE, 0x7C2C,
  0x844D, 0x7C4D, 0x7C2D, 0x740C, 0x740C, 0x7C4D, 0x7C2D, 0x740C, 0x740D, 0x4AE8, 0x842C, 0x8CAF,
  0x7C2C, 0x7C2D, 0x7C2D, 0x740C, 0x7C6E, 0x6BCC, 0x6BEC, 0x744E, 0x740C, 0x42C8, 0x844D, 0xA510,
  0x7C2C, 0x740C, 0x740C, 0x7C2D, 0x740C, 0x7C4D, 0x846D, 0x7C2D, 0x73EC, 0x5B4A, 0x5B08, 0x94AE,
  0x742D, 0x7C4D, 0x742D, 0x7C2D, 0x740D, 0x742E, 0x73CC, 0x6B07, 0x62A5, 0x3982, 0x28E0, 0x72E6,
  0x6223, 0x6A64, 0x5A03, 0x6A43, 0x5A03, 0x51C2, 0x6223, 0x6243, 0x6A64, 0x4183, 0x1081, 0x18E2,
  0x18C2, 0x18E2, 0x18E2, 0x10C2, 0x18C2, 0x18C2, 0x18E2, 0x18C2, 0x18E2, 0x18E2, 0x10C2, 0x10C2,
  0x1081, 0x1081, 0x1081, 0x1082, 0x1082, 0x1082, 0x1082, 0x18E2, 0x2102, 0x20E2, 0x20E2, 0x2902,
  0x3962, 0x3142, 0x2102, 0x3183, 0x39E4, 0x4204, 0x39E4, 0x4205, 0x4205, 0x4A45, 0x4A65, 0x5286,
  0x6307, 0x62E7, 0x62E7, 0x62E7, 0x62E7, 0x7348, 0x7B89, 0x7348, 0x7B68, 0x7B68, 0x7B89, 0x7B69,
  0x3288, 0x3268, 0x3288, 0x3288, 0x4AC9, 0x3289, 0x3289, 0x3268, 0x2A88, 0x4288, 0x3268, 0x3268,
  0x2A68, 0x2A27, 0x29E6, 0x4A67, 0x31E6, 0x3A26, 0x3247, 0x3A67, 0x4AA8, 0x4AA8, 0x4AC8, 0x5B2A,
  0x5309, 0x5329, 0x4AA8, 0x6B49, 0x5B09, 0x5B2A, 0x636B, 0x636A, 0x638B, 0x634A, 0x6B69, 0x5B29,
  0x5B29, 0x6B8B, 0x52E8, 0x5AC7, 0x6B28, 0x6308, 0x6349, 0x5B29, 0x6BAB, 0x52E8, 0x636A, 0x638A,
  0x638B, 0x638A, 0x6B8B, 0x5B29, 0x840B, 0x6B69, 0x6B6A, 0x738A, 0x6349, 0x5B4A, 0x5B4A, 0x636A,
  0x6349, 0x634A, 0x636A, 0x638A, 0x4A67, 0xA4D0, 0x5AC8, 0x10C1, 0x18C2, 0x4226, 0x62EA, 0x3A06,
  0x31E6, 0x2985, 0x29E6, 0x29C6, 0x29C6, 0x31C5, 0x4A67, 0x3A26, 0x4AA8, 0x5B09, 0x5B29, 0x636A,
  0x6349, 0x5B09, 0x636A, 0x6BAA, 0x6BAB, 0x5B29, 0x5AE8, 0x944C, 0x6349, 0x6349, 0x6B8A, 0x73AB,
  0x738B, 0x6349, 0x5B49, 0x6BAB, 0x6BAB, 0x5B29, 0x5B2A, 0x5B49, 0x840C, 0x6B49, 0x73AA, 0x73CB,
  0x6BCB, 0x6BAB, 0x6BAA, 0x6B6A, 0x6BAB, 0x638A, 0x73AB, 0x6B49, 0x5265, 0x83A9, 0x6B8A, 0x6BAA,
  0x6BAA, 0x636A, 0x636A, 0x638A, 0x6369, 0x6B8A, 0x636A, 0x6B6A, 0x52C8, 0x738A, 0x73AA, 0x6369,
  0x6B8A, 0x6B8A, 0x636A, 0x6B8A, 0x636A, 0x6BAB, 0x6B6A, 0x6B8A, 0x5B49, 0x5B29, 0x83EB, 0x638A,
  0x6B8A, 0x73AB, 0x6B8A, 0x6B6A, 0x6B6A, 0x5B08, 0x5B49, 0x6BAB, 0x6369, 0x52C8, 0x948D, 0x7BAB,
  0x6B8B, 0x636A, 0x636A, 0x6BAB, 0x6B6A, 0x6349, 0x636A, 0x6B8A, 0x6B8A, 0x4AA7, 0x6B8A, 0x7BAA,
  0x5329, 0x638B, 0x63AB, 0x636A, 0x5B4A, 0x6349, 0x5A65, 0x5A64, 0x5A03, 0x49E4, 0x20E0, 0x72A4,
  0x6223, 0x6A64, 0x5A03, 0x6A43, 0x5A03, 0x51E3, 0x6244, 0x6223, 0x6A63, 0x49A3, 0x1081, 0x18E2,
  0x18E3, 0x18E2, 0x18E2, 0x18E2, 0x18E2, 0x1902, 0x2102, 0x20E2, 0x20E2, 0x20E2, 0x18C2, 0x18C2,
  0x10A1, 0x1081, 0x1082, 0x1082, 0x1081, 0x1082, 0x0882, 0x18C2, 0x20E2, 0x20E2, 0x2102, 0x2102,
  0x3143, 0x3942, 0x2902, 0x2943, 0x41E4, 0x41E4, 0x41E4, 0x41E4, 0x4205, 0x4A45, 0x5265, 0x5AA7,
  0x62E7, 0x62E7, 0x6307, 0x62E7, 0x6B07, 0x7368, 0x83A9, 0x7B89, 0x7B68, 0x7B68, 0x7B68, 0x7B89,
  0x3289, 0x3289, 0x3288, 0x3288, 0x4AE9, 0x3288, 0x3289, 0x3269, 0x2A88, 0x3A88, 0x3289, 0x3268,
  0x2A26, 0x3226, 0x3A47, 0x52C8, 0x3A47, 0x4288, 0x42C9, 0x42A8, 0x5B6A, 0x5B4A, 0x638B, 0x638B,
  0x638B, 0x6BAB, 0x5B29, 0x842C, 0x742D, 0x63AC, 0x63AC, 0x6BED, 0x6C2E, 0x63ED, 0x6BCC, 0x6BCC,
  0x5B8C, 0x6BED, 0x534B, 0x6369, 0x948E, 0x73EC, 0x6BEC, 0x6BEC, 0x73EC, 0x6BAB, 0x740C, 0x740C,
  0x846E, 0x7C4D, 0x7C2D, 0x636A, 0x948D, 0x94CF, 0x6BEC, 0x63AB, 0x63AC, 0x6BED, 0x63CD, 0x742E,
  0x6C0D, 0x63AC, 0x63CC, 0x63CC, 0x5B2A, 0x6B2A, 0x0020, 0x0881, 0x08A2, 0x0040, 0x2985, 0x4A47,
  0x2164, 0x29E6, 0x29E6, 0x29C5, 0x21A6, 0x31E5, 0x5AC8, 0x4267, 0x4AA8, 0x6BCC, 0x740D, 0x740C,
  0x73EC, 0x73EC, 0x73EC, 0x7C2D, 0x7C2D, 0x636B, 0x6329, 0xB570, 0x8C8E, 0x6BCB, 0x6BCB, 0x6BEC,
  0x7C4E, 0x740C, 0x638A, 0x740D, 0x740C, 0x6BAB, 0x6BAB, 0x6349, 0x9CEF, 0x8C8E, 0x740C, 0x7C4D,
  0x73EC, 0x740C, 0x846E, 0x7C2D, 0x7C4D, 0x73EC, 0x7C0C, 0x7C2D, 0x5AE7, 0x9CAD, 0x8CAF, 0x6BCB,
  0x6BEC, 0x63AC, 0x6BED, 0x742D, 0x6BEC, 0x6BCB, 0x6BCC, 0x73EC, 0x5329, 0x842C, 0x8CAE, 0x63EC,
  0x63EC, 0x6C0D, 0x6C0D, 0x6C0D, 0x6BED, 0x6C0D, 0x6BED, 0x740D, 0x5B8B, 0x6329, 0xAD0F, 0x8C6D,
  0x844D, 0x7C2D, 0x844E, 0x7C2D, 0x7BEC, 0x7C0C, 0x73EC, 0x7C2C, 0x7C2C, 0x632A, 0xA4EF, 0x8C8E,
  0x740C, 0x7C2D, 0x7C2D, 0x7C2D, 0x740C, 0x73EC, 0x73EC, 0x6BEC, 0x742D, 0x636A, 0x7BAB, 0xA4EF,
  0x7C2D, 0x7C2D, 0x73EC, 0x73CC, 0x6BCC, 0x6B69, 0x5A65, 0x6AE7, 0x6B07, 0x5266, 0x3121, 0x7284,
  0x5A03, 0x6A44, 0x5A03, 0x6A44, 0x5A03, 0x59E3, 0x6A65, 0x6223, 0x6A64, 0x49A3, 0x1081, 0x18E2,
  0x18E2, 0x1902, 0x18E2, 0x18E2, 0x18E2, 0x18E2, 0x2102, 0x2102, 0x2102, 0x2102, 0x18E2, 0x1903,
  0x10A1, 0x1081, 0x1081, 0x1081, 0x1081, 0x1081, 0x10A2, 0x10A1, 0x20E2, 0x2102, 0x2102, 0x2102,
  0x2902, 0x3963, 0x3142, 0x2942, 0x39C4, 0x39E5, 0x4205, 0x4A25, 0x4224, 0x4A45, 0x5265, 0x5AC7,
  0x6307, 0x62E7, 0x6307, 0x62E7, 0x6B28, 0x7B69, 0x7B88, 0x7348, 0x7B68, 0x7B68, 0x7B68, 0x7B68,
  0x32A9, 0x3269, 0x32A9, 0x3288, 0x4AE9, 0x2A68, 0x2A68, 0x3269, 0x2A68, 0x4AE9, 0x3268, 0x2A27,
  0x3A68, 0x3A68, 0x29C6, 0x3A67, 0x2A49, 0x2A48, 0x2248, 0x3268, 0x430A, 0x430A, 0x432A, 0x4B4B,
  0x4B2A, 0x538C, 0x3AC9, 0x4B29, 0x53AD, 0x3B2C, 0x3B0B, 0x434B, 0x3B2B, 0x3B0B, 0x432B, 0x436C,
  0x3B4B, 0x434B, 0x3B2B, 0x42E9, 0x742D, 0x5B8A, 0x538A, 0x538A, 0x538B, 0x5BAC, 0x5BAC, 0x538B,
  0x5BAC, 0x5B8B, 0x53AB, 0x4B0A, 0x638B, 0x5BED, 0x3B4B, 0x3B6B, 0x3B4A, 0x3B4A, 0x438C, 0x3B4B,
  0x3B2B, 0x3B2B, 0x330B, 0x32EB, 0x42EA, 0x52C9, 0x1904, 0x1904, 0x1924, 0x2145, 0x2164, 0x4A48,
  0x1923, 0x19C6, 0x1986, 0x1986, 0x19A6, 0x2164, 0x4267, 0x3226, 0x3AA8, 0x536B, 0x5BAB, 0x63EC,
  0x63CC, 0x5BCB, 0x5BCB, 0x5BAB, 0x536A, 0x5BAB, 0x4AC8, 0x848E, 0x5B8B, 0x538B, 0x4B6A, 0x53AB,
  0x538B, 0x4B6A, 0x4329, 0x536A, 0x53AB, 0x538B, 0x538B, 0x3AA7, 0x848E, 0x6C4D, 0x538B, 0x538B,
  0x538B, 0x538B, 0x536B, 0x4B2A, 0x536B, 0x538B, 0x538C, 0x5BED, 0x3AE9, 0x63AB, 0x5BCC, 0x432A,
  0x4B6A, 0x4B6A, 0x4B6B, 0x4B6A, 0x4329, 0x434A, 0x4B6B, 0x536B, 0x3AC9, 0x5B4A, 0x6C2D, 0x3B6B,
  0x3B6C, 0x3B4C, 0x436C, 0x436B, 0x436B, 0x438B, 0x3B2A, 0x436B, 0x43AD, 0x3AA8, 0x842C, 0x6C0D,
  0x63ED, 0x63EC, 0x6BEC, 0x63CC, 0x63CC, 0x63CC, 0x63CC, 0x63AB, 0x640D, 0x4AEA, 0x846E, 0x8CAF,
  0x636A, 0x6BCB, 0x7C0C, 0x73EC, 0x73EC, 0x6BCB, 0x6BEC, 0x63AC, 0x6BCC, 0x5B8B, 0x5B29, 0xA530,
  0x6C0D, 0x6BEC, 0x63AC, 0x5B6B, 0x638B, 0x6BAB, 0x5A86, 0x5285, 0x7C0C, 0x39C5, 0x3101, 0x72C4,
  0x5A03, 0x6A44, 0x5A03, 0x6A44, 0x6223, 0x5A03, 0x6A64, 0x6223, 0x6A43, 0x4983, 0x0881, 0x18E2,
  0x18E2, 0x1902, 0x18E2, 0x18E2, 0x1902, 0x1902, 0x2102, 0x18E2, 0x18E2, 0x2102, 0x18E2, 0x18E2,
  0x10A2, 0x10A1, 0x10A2, 0x10A1, 0x10A1, 0x1081, 0x10A2, 0x1081, 0x18C2, 0x2102, 0x2102, 0x2102,
  0x20E1, 0x3142, 0x3963, 0x2922, 0x2963, 0x39E5, 0x41E4, 0x4A25, 0x4A25, 0x4A45, 0x5245, 0x5AA7,
  0x6307, 0x6B07, 0x62E7, 0x62E7, 0x7348, 0x7B69, 0x7B69, 0x7B69, 0x7B68, 0x7B89, 0x7B89, 0x7B68,
  0x3289, 0x3269, 0x3289, 0x3289, 0x42A9, 0x3289, 0x3268, 0x3289, 0x2A68, 0x3A67, 0x3A67, 0x4289,
  0x3248, 0x21E7, 0x21E7, 0x4287, 0x2A28, 0x2A47, 0x2A48, 0x3268, 0x430A, 0x432A, 0x4B2A, 0x538B,
  0x536B, 0x538B, 0x430A, 0x5329, 0x434B, 0x3B4C, 0x432B, 0x4B4B, 0x432B, 0x3B2B, 0x434B, 0x3B2B,
  0x434B, 0x432A, 0x3B2A, 0x4B29, 0x6BCC, 0x5B6B, 0x5B8B, 0x5B8B, 0x63AC, 0x5BAB, 0x5BAC, 0x5BAC,
  0x5BAC, 0x5B8B, 0x63CC, 0x4B0A, 0x6BAB, 0x53AC, 0x3B6C, 0x4B6C, 0x436C, 0x436C, 0x434B, 0x4B6B,
  0x434B, 0x434B, 0x3B4B, 0x432B, 0x3A88, 0x6B4B, 0x4207, 0x2985, 0x39E7, 0x31C6, 0x52A9, 0x4A88,
  0x1144, 0x19C6, 0x19A6, 0x19A6, 0x19C7, 0x21C5, 0x4AA8, 0x3267, 0x3A68, 0x534B, 0x63AC, 0x5B8B,
  0x63CC, 0x63CC, 0x63AC, 0x638B, 0x5B6B, 0x63AC, 0x5309, 0x844D, 0x4309, 0x4B6A, 0x538B, 0x5BAC,
  0x5BAC, 0x536A, 0x538B, 0x5B8B, 0x536B, 0x534B, 0x536B, 0x4AE9, 0x7C0D, 0x5B8B, 0x5BCC, 0x5BAB,
  0x5B8B, 0x5BAC, 0x538B, 0x53AB, 0x5BAC, 0x5BAC, 0x63CC, 0x53AC, 0x42E9, 0x638A, 0x536B, 0x4B6B,
  0x4B6B, 0x4B4B, 0x4B4B, 0x536B, 0x536B, 0x4B6A, 0x538B, 0x536A, 0x3AE9, 0x5B4A, 0x4B6B, 0x436B,
  0x436C, 0x436C, 0x436B, 0x436C, 0x436C, 0x436C, 0x4B6C, 0x4B8C, 0x4BAC, 0x3AC8, 0x73EB, 0x63CB,
  0x6BEC, 0x6BED, 0x6BCC, 0x6BEC, 0x6BCC, 0x6BCC, 0x6BEC, 0x6BEC, 0x6C0C, 0x5309, 0x8C6D, 0x848E,
  0x638B, 0x73EC, 0x7C4D, 0x740C, 0x63AB, 0x6BEC, 0x6BEC, 0x63AC, 0x6BED, 0x5B8B, 0x636A, 0x9CCF,
  0x63AC, 0x6BED, 0x6BEC, 0x636A, 0x636A, 0x636A, 0x5A65, 0x62E8, 0x7BAA, 0x4A25, 0x3101, 0x6A64,
  0x6223, 0x6A44, 0x5A04, 0x6A43, 0x6264, 0x6243, 0x6A64, 0x5A03, 0x6A44, 0x41A3, 0x1081, 0x18E2,
  0x18E3, 0x2103, 0x18E2, 0x18E2, 0x2103, 0x1903, 0x1902, 0x2102, 0x18E2, 0x1902, 0x18E2, 0x1903,
  0x10A2, 0x10A2, 0x10A2, 0x10A1, 0x10A2, 0x1081, 0x1081, 0x1081, 0x10A1, 0x2102, 0x2102, 0x2102,
  0x2101, 0x2922, 0x3983, 0x3142, 0x2922, 0x39C4, 0x39C4, 0x4A25, 0x4A45, 0x4A45, 0x5245, 0x5AA6,
  0x62E7, 0x62E7, 0x62E7, 0x62E7, 0x7348, 0x7B89, 0x7B69, 0x7B89, 0x7B68, 0x7B89, 0x7B89, 0x7348,
  0x3289, 0x328A, 0x3289, 0x3289, 0x42C9, 0x32A9, 0x3289, 0x3269, 0x2A47, 0x4AA7, 0x42A9, 0x2A07,
  0x19E7, 0x2207, 0x21E6, 0x4288, 0x2A28, 0x2A28, 0x2A48, 0x3268, 0x430A, 0x4B2A, 0x4309, 0x536B,
  0x536B, 0x4B6B, 0x4B2A, 0x534A, 0x434B, 0x3B4C, 0x3B2B, 0x434B, 0x3B2B, 0x3B2B, 0x3B2B, 0x3B2B,
  0x3B2B, 0x432A, 0x434B, 0x4B0A, 0x63AB, 0x536B, 0x538B, 0x5BAB, 0x5BAC, 0x5BAC, 0x5BAC, 0x5BAC,
  0x5B8B, 0x5B8B, 0x63AC, 0x4B0A, 0x63AB, 0x53AC, 0x434B, 0x4B6B, 0x436B, 0x436C, 0x436B, 0x4B8B,
  0x436C, 0x436C, 0x3B4B, 0x3B4B, 0x3289, 0x5B09, 0x634A, 0x5AEA, 0x632B, 0x632A, 0x630A, 0x29C5,
  0x19C6, 0x21C7, 0x21A5, 0x21C6, 0x21E7, 0x29C5, 0x4AA8, 0x4288, 0x3A88, 0x530A, 0x63CC, 0x63CC,
  0x63CC, 0x5BAB, 0x5B8B, 0x5BAC, 0x5B8B, 0x5BAC, 0x4AE9, 0x846D, 0x4B2A, 0x4B2A, 0x534A, 0x536A,
  0x5B8B, 0x4B6A, 0x4B6A, 0x4B4A, 0x5B8B, 0x536B, 0x536B, 0x4B09, 0x740C, 0x4B4A, 0x538B, 0x538B,
  0x538B, 0x538B, 0x4B6B, 0x538B, 0x5B8C, 0x5BAC, 0x5BAB, 0x5BAC, 0x42C8, 0x636A, 0x538B, 0x436B,
  0x434B, 0x4B6B, 0x4B6B, 0x4B6B, 0x538B, 0x4B6B, 0x4B6B, 0x4B4A, 0x3AE9, 0x5B4A, 0x4B8C, 0x3B6B,
  0x436C, 0x436C, 0x438C, 0x436B, 0x436B, 0x436B, 0x436B, 0x434B, 0x4B8C, 0x3AC8, 0x6BEB, 0x63AC,
  0x63CC, 0x63CC, 0x6BEC, 0x6BEC, 0x6BEC, 0x6BEC, 0x6BEC, 0x6BEC, 0x6C0C, 0x4AE9, 0x8C6D, 0x7C6E,
  0x6BCC, 0x6BEC, 0x6BEC, 0x6BEB, 0x5BAB, 0x6C0C, 0x63CC, 0x6BEC, 0x6C0C, 0x5B8B, 0x634A, 0x9CCF,
  0x63AC, 0x6BEC, 0x63CC, 0x6BAB, 0x63AB, 0x6BAB, 0x52A7, 0x6308, 0x6AA6, 0x49E4, 0x3141, 0x72A5,
  0x6203, 0x6A43, 0x5A03, 0x6223, 0x6224, 0x5A23, 0x6A85, 0x59E2, 0x6A84, 0x49C3, 0x0861, 0x10C2,
  0x10C2, 0x10C2, 0x18C2, 0x18E2, 0x18C2, 0x10C2, 0x10A2, 0x10A2, 0x10A2, 0x10A2, 0x10A2, 0x10C2,
  0x10A1, 0x10A2, 0x10A2, 0x1082, 0x1082, 0x1082, 0x1081, 0x1082, 0x1081, 0x18C1, 0x2902, 0x2102,
  0x2102, 0x2101, 0x3983, 0x3962, 0x2922, 0x3183, 0x4205, 0x4A25, 0x4A45, 0x4A45, 0x4A45, 0x5AA6,
  0x6307, 0x62E7, 0x62C7, 0x62E7, 0x7369, 0x7368, 0x7B69, 0x7B69, 0x7B68, 0x7B89, 0x7B68, 0x7B68,
  0x32AA, 0x32AA, 0x328A, 0x3269, 0x42EA, 0x3289, 0x2A48, 0x3A67, 0x42A8, 0x4A88, 0x2A48, 0x2207,
  0x2208, 0x21E7, 0x21E6, 0x4288, 0x2248, 0x2A48, 0x2A48, 0x2A48, 0x430A, 0x430A, 0x430A, 0x432A,
  0x4B2A, 0x536B, 0x4B0A, 0x532A, 0x432B, 0x3B4C, 0x3B2B, 0x3B0B, 0x3B2B, 0x3B0B, 0x3B2B, 0x434B,
  0x3B2B, 0x4B6B, 0x3B2B, 0x42C9, 0x638B, 0x536A, 0x538B, 0x5B8B, 0x5BAB, 0x5B8B, 0x5BAB, 0x5BAC,
  0x5BAC, 0x63AC, 0x5B8B, 0x4B2A, 0x6BAB, 0x5BCC, 0x436B, 0x4B6B, 0x436B, 0x436B, 0x438C, 0x436C,
  0x436C, 0x434B, 0x3B4B, 0x3B2A, 0x4309, 0x63AC, 0x3A88, 0x630A, 0x736B, 0x5B09, 0x29E6, 0x21E6,
  0x2207, 0x21E7, 0x21E7, 0x21E7, 0x21E7, 0x21A5, 0x4A87, 0x3A87, 0x3A87, 0x42A8, 0x5B8B, 0x63CC,
  0x5BAB, 0x5BAB, 0x5B8B, 0x5BAB, 0x5B8B, 0x5BAB, 0x4AC8, 0x7C4D, 0x3AE9, 0x4B2A, 0x4B4A, 0x4B4A,
  0x538B, 0x4B6A, 0x4B4A, 0x4B4A, 0x536A, 0x534A, 0x534A, 0x42E8, 0x744D, 0x5BAC, 0x536B, 0x538B,
  0x536A, 0x536A, 0x4B4A, 0x538B, 0x53AB, 0x538B, 0x5B8B, 0x5BCC, 0x42A8, 0x636A, 0x4B8A, 0x4B6B,
  0x4B6A, 0x4B6B, 0x4B6B, 0x434A, 0x4B6B, 0x4B6B, 0x4B6B, 0x4B4A, 0x3AE9, 0x534A, 0x53AB, 0x434A,
  0x4B8B, 0x436C, 0x436C, 0x434B, 0x436B, 0x434B, 0x4B6B, 0x4B4B, 0x4B6B, 0x42C8, 0x7C2C, 0x63CC,
  0x6BEC, 0x63CC, 0x63CC, 0x63CC, 0x6BEC, 0x6C0D, 0x6BCC, 0x63CC, 0x6BCC, 0x4AE8, 0x844C, 0x7C6D,
  0x6BCC, 0x6BCC, 0x63CC, 0x6BEC, 0x6BED, 0x6BED, 0x6BEC, 0x6BED, 0x6BED, 0x5B6B, 0x5B4A, 0x94CE,
  0x5BAB, 0x6BEC, 0x63CC, 0x63AC, 0x6BCB, 0x6BCC, 0x638C, 0x5B29, 0x6285, 0x62A6, 0x2901, 0x6A64,
  0x6223, 0x6A44, 0x5A03, 0x6244, 0x5A03, 0x5A03, 0x6A84, 0x59E3, 0x7263, 0x49A3, 0x0861, 0x18C2,
  0x10C2, 0x10C2, 0x10C2, 0x10A2, 0x10A2, 0x10A2, 0x10C2, 0x10A2, 0x10A2, 0x10A2, 0x10A2, 0x10C2,
  0x1082, 0x1082, 0x1082, 0x1081, 0x1082, 0x1082, 0x1081, 0x1082, 0x1082, 0x10A1, 0x20E2, 0x2102,
  0x2102, 0x20E2, 0x3122, 0x41A2, 0x3162, 0x2942, 0x39E4, 0x4A25, 0x4A45, 0x4A45, 0x4A45, 0x5A86,
  0x6307, 0x62C6, 0x62C7, 0x62E7, 0x7348, 0x7B69, 0x7B68, 0x7B68, 0x7B68, 0x7B89, 0x7B89, 0x7B68,
  0x3ACB, 0x2A8A, 0x2A8A, 0x2A47, 0x4AE9, 0x3247, 0x4288, 0x42A9, 0x1A07, 0x3247, 0x2A48, 0x2207,
  0x2207, 0x2207, 0x19C6, 0x4268, 0x2A49, 0x2A48, 0x2A28, 0x2A48, 0x42E9, 0x3AEA, 0x3AE9, 0x4B2B,
  0x4B2A, 0x4B6B, 0x42C9, 0x530A, 0x3B2B, 0x3B4C, 0x3B2B, 0x432B, 0x432B, 0x3B0A, 0x3B2B, 0x3B2B,
  0x3B4B, 0x434B, 0x3B2B, 0x4B0A, 0x63AB, 0x4B4A, 0x538B, 0x5B8B, 0x538B, 0x5B8B, 0x5B8B, 0x5B8B,
  0x5BCC, 0x5BAB, 0x63AC, 0x4B4A, 0x6BAB, 0x63ED, 0x436B, 0x4B6B, 0x4B4B, 0x434C, 0x434C, 0x434C,
  0x436B, 0x434B, 0x436B, 0x436B, 0x42E9, 0x63ED, 0x3B4C, 0x3AE9, 0x32A9, 0x2AA9, 0x3B0B, 0x2A68,
  0x2207, 0x2207, 0x21E7, 0x21E7, 0x21E7, 0x21A5, 0x52E9, 0x3A88, 0x42C9, 0x4B2A, 0x5B8B, 0x63CC,
  0x5B8B, 0x5B8B, 0x5BAB, 0x63CC, 0x5BAB, 0x63CC, 0x4AC8, 0x7C2C, 0x42E9, 0x4309, 0x4B2A, 0x4B2A,
  0x4B4A, 0x4B4A, 0x536B, 0x536B, 0x4B2A, 0x4B2A, 0x4B4A, 0x42E8, 0x7C4E, 0x53AB, 0x53AC, 0x538B,
  0x4B6B, 0x536B, 0x4B4A, 0x4B6B, 0x538B, 0x5BAC, 0x536B, 0x5BCC, 0x4AE9, 0x638A, 0x53CC, 0x4B6B,
  0x4B6B, 0x4B6B, 0x4B6B, 0x434B, 0x434B, 0x4B4B, 0x4B4B, 0x4B6A, 0x3AE9, 0x534A, 0x5BAC, 0x434B,
  0x4B8C, 0x4B8C, 0x4B6B, 0x434B, 0x434B, 0x436B, 0x438C, 0x436C, 0x4B8C, 0x42C8, 0x73EB, 0x63EC,
  0x63AC, 0x63AB, 0x63CC, 0x63CC, 0x63CC, 0x6BEC, 0x6BEC, 0x63CC, 0x6BEC, 0x4AE8, 0x844C, 0x7C6E,
  0x63CC, 0x6BEC, 0x6BEC, 0x6BEC, 0x6BEC, 0x6BEC, 0x6BED, 0x740D, 0x6BED, 0x5BAB, 0x636A, 0x9CEF,
  0x63CC, 0x63CC, 0x63CC, 0x6BCC, 0x6BAB, 0x6BCC, 0x63CC, 0x6BAC, 0x62C7, 0x41C3, 0x2901, 0x7B06,
  0x6A44, 0x6A44, 0x6203, 0x6223, 0x5A03, 0x6223, 0x6A84, 0x5A03, 0x7AA4, 0x41A3, 0x10A2, 0x18C2,
  0x18C2, 0x10C2, 0x18C2, 0x18C2, 0x18C2, 0x10C2, 0x18C2, 0x18C2, 0x18C2, 0x10C2, 0x10A2, 0x18C2,
  0x10A2, 0x1081, 0x1081, 0x1081, 0x1081, 0x1082, 0x1081, 0x1082, 0x1082, 0x1081, 0x18C1, 0x2902,
  0x2901, 0x2102, 0x28E1, 0x3982, 0x4183, 0x2942, 0x31A3, 0x4A45, 0x4A45, 0x4A45, 0x5265, 0x5AA6,
  0x6B07, 0x62C6, 0x62C7, 0x62C6, 0x6B07, 0x7B68, 0x7B68, 0x7B68, 0x7B68, 0x7B89, 0x7B68, 0x7B89,
  0x32AA, 0x2A8A, 0x2A69, 0x2A07, 0x4267, 0x42A8, 0x3269, 0x1A08, 0x1A08, 0x3A47, 0x2A27, 0x21E7,
  0x21E7, 0x2207, 0x19C6, 0x3A47, 0x2A49, 0x2A48, 0x2A48, 0x2A68, 0x3AEA, 0x3ACA, 0x3AC9, 0x4B2B,
  0x4B2A, 0x4B4B, 0x42E9, 0x532A, 0x434C, 0x330B, 0x3B0B, 0x432B, 0x3B0B, 0x3B0B, 0x3B0B, 0x3AEB,
  0x3B4C, 0x434B, 0x3B4B, 0x4B0A, 0x63AB, 0x536B, 0x538B, 0x536B, 0x538B, 0x536A, 0x536B, 0x5BAC,
  0x5B8B, 0x5B6B, 0x63CC, 0x4B2A, 0x6BAB, 0x5BCC, 0x436C, 0x4B8C, 0x4B4B, 0x436C, 0x434C, 0x434C,
  0x434B, 0x434B, 0x3B4B, 0x436B, 0x432A, 0x6BCC, 0x3B2B, 0x3B4B, 0x3B4B, 0x3B2B, 0x3B2B, 0x432B,
  0x3288, 0x2A27, 0x2207, 0x2A27, 0x2A48, 0x21A5, 0x5B29, 0x432A, 0x430A, 0x536B, 0x536B, 0x5BAB,
  0x536A, 0x63AC, 0x5BAC, 0x63AC, 0x63AC, 0x5BAC, 0x4AE8, 0x7C4C, 0x4309, 0x4309, 0x4309, 0x4B09,
  0x4B4A, 0x4B4A, 0x4B6B, 0x4B4A, 0x534A, 0x4B4A, 0x536B, 0x42E8, 0x742D, 0x538B, 0x53AC, 0x538B,
  0x536B, 0x4B2A, 0x4B6B, 0x4B6B, 0x538B, 0x538C, 0x538B, 0x5BCC, 0x4B0A, 0x638B, 0x53AC, 0x4B6B,
  0x4B6B, 0x434B, 0x434B, 0x434A, 0x434B, 0x4B4B, 0x4B4B, 0x536B, 0x430A, 0x5B4A, 0x53AC, 0x434B,
  0x434B, 0x4B6B, 0x4B6B, 0x434B, 0x436B, 0x436B, 0x438C, 0x438C, 0x438C, 0x3AC9, 0x740C, 0x63CB,
  0x5B8B, 0x5B8B, 0x63CC, 0x6BED, 0x63CC, 0x63CC, 0x6BEC, 0x63CC, 0x63CC, 0x4B09, 0x842C, 0x7C2D,
  0x63CC, 0x6C0D, 0x6C0D, 0x6BEC, 0x6BEC, 0x6BEC, 0x6BED, 0x740D, 0x740D, 0x63AC, 0x636A, 0x9CEF,
  0x63CC, 0x63CC, 0x6C0D, 0x6BEC, 0x6BAB, 0x6BCC, 0x63AC, 0x6BCC, 0x62E7, 0x39A3, 0x20C0, 0x6A85,
  0x6244, 0x6243, 0x6223, 0x6A44, 0x6223, 0x6223, 0x6A84, 0x59E3, 0x72A4, 0x41A3, 0x0881, 0x18C2,
  0x10C2, 0x10A2, 0x18C2, 0x18C2, 0x18C2, 0x10C2, 0x18C2, 0x18C2, 0x18C2, 0x18C2, 0x10A2, 0x18C2,
  0x10A1, 0x1081, 0x1081, 0x1081, 0x1082, 0x1081, 0x1081, 0x1082, 0x1082, 0x1081, 0x18A1, 0x2902,
  0x2901, 0x2902, 0x2902, 0x3142, 0x4183, 0x3942, 0x3142, 0x4A25, 0x4A45, 0x4A45, 0x5266, 0x62E7,
  0x6AE7, 0x62C6, 0x62C7, 0x62E7, 0x6B28, 0x7368, 0x7B69, 0x7B68, 0x7B68, 0x7B68, 0x7B68, 0x7B89,
  0x32CA, 0x3289, 0x2A07, 0x42A9, 0x4AC9, 0x2228, 0x1A08, 0x2A28, 0x21E6, 0x3227, 0x2A48, 0x2207,
  0x2207, 0x19C6, 0x21E6, 0x4288, 0x2A49, 0x2A48, 0x2A69, 0x2A68, 0x3AEA, 0x32A9, 0x32A9, 0x42EA,
  0x4B2A, 0x4B4A, 0x3AC9, 0x532A, 0x432C, 0x32EB, 0x32EB, 0x3B0B, 0x3AEB, 0x3B2C, 0x32EB, 0x432B,
  0x3B4C, 0x3B2B, 0x3B0B, 0x4B2A, 0x6BEC, 0x536B, 0x536B, 0x5B6B, 0x536B, 0x4B4A, 0x5B8B, 0x538B,
  0x536B, 0x536B, 0x5BAB, 0x4B2A, 0x6BCB, 0x63CD, 0x436C, 0x436C, 0x434B, 0x434B, 0x436C, 0x436B,
  0x3B4B, 0x434B, 0x3B2A, 0x434B, 0x432A, 0x6C0D, 0x3B2B, 0x3B2B, 0x3B2B, 0x3B2B, 0x3B2B, 0x434B,
  0x432B, 0x42EA, 0x3AC9, 0x3AC9, 0x3B0A, 0x3226, 0x6BAB, 0x4B2A, 0x4B4A, 0x536B, 0x536B, 0x536B,
  0x5B8B, 0x5BAC, 0x5BAC, 0x5BAB, 0x5BAB, 0x5BAC, 0x52E9, 0x844D, 0x4B09, 0x4309, 0x4B29, 0x4B2A,
  0x4309, 0x4B2A, 0x4B4B, 0x4B4A, 0x4B2A, 0x432A, 0x4B4B, 0x4AE9, 0x740D, 0x538B, 0x538C, 0x538B,
  0x538C, 0x4B6B, 0x4B6B, 0x536B, 0x538B, 0x538C, 0x53AB, 0x5BCC, 0x42E9, 0x6B8A, 0x5BAC, 0x434B,
  0x434B, 0x434B, 0x434B, 0x434A, 0x4B6B, 0x4B4B, 0x434A, 0x4B4A, 0x3AE9, 0x5B6A, 0x5BAC, 0x436B,
  0x436C, 0x436B, 0x4B6B, 0x4B6B, 0x4B6B, 0x436B, 0x436B, 0x436B, 0x436B, 0x3AA8, 0x7C2C, 0x63AB,
  0x5BAB, 0x63AC, 0x6BED, 0x6BCC, 0x6BED, 0x6BCC, 0x6BCC, 0x63CC, 0x63CC, 0x4AE8, 0x8C6D, 0x7C2D,
  0x63AB, 0x6BEC, 0x6BEC, 0x6BEC, 0x6BCC, 0x63CC, 0x6BED, 0x6BED, 0x6C0D, 0x5B6B, 0x636A, 0x9CEF,
  0x5BAB, 0x6BCC, 0x6C0D, 0x6BEC, 0x63CC, 0x63CC, 0x6BCC, 0x636A, 0x5B08, 0x4225, 0x20C0, 0x6A64,
  0x6224, 0x6243, 0x6243, 0x6A84, 0x6A44, 0x6223, 0x6A84, 0x51C3, 0x6A84, 0x4182, 0x1081, 0x18E2,
  0x18E2, 0x18C2, 0x18C2, 0x18C2, 0x18C2, 0x10C2, 0x10A2, 0x18C2, 0x10C2, 0x10C2, 0x10C2, 0x18C2,
  0x10A1, 0x1081, 0x1081, 0x1081, 0x1082, 0x1082, 0x1082, 0x1082, 0x1082, 0x1081, 0x1081, 0x20E2,
  0x2902, 0x2902, 0x2902, 0x2901, 0x3983, 0x4182, 0x3142, 0x41E4, 0x4A45, 0x4A45, 0x5266, 0x62E7,
  0x6AE7, 0x62E7, 0x62C6, 0x62C6, 0x6B28, 0x7B69, 0x7B69, 0x7B69, 0x7B69, 0x7B68, 0x7B69, 0x7B69,
  0x2A69, 0x3268, 0x42A9, 0x4268, 0x4289, 0x2208, 0x2208, 0x2A28, 0x19E7, 0x3A48, 0x3248, 0x2207,
  0x2207, 0x19C6, 0x19A5, 0x3A67, 0x2A49, 0x2A69, 0x2249, 0x2A48, 0x32A9, 0x3ACA, 0x3AEA, 0x4B4B,
  0x432A, 0x4B4B, 0x42C9, 0x4AC9, 0x3B0B, 0x32EB, 0x330B, 0x32EB, 0x32EA, 0x3B0B, 0x3B0B, 0x434B,
  0x3B4C, 0x3B2B, 0x3B2B, 0x42E9, 0x63CC, 0x538B, 0x538C, 0x5BAC, 0x538B, 0x536B, 0x53AB, 0x538B,
  0x538B, 0x538B, 0x63CD, 0x532A, 0x6B8B, 0x63ED, 0x436C, 0x436C, 0x434C, 0x434B, 0x4B6B, 0x436B,
  0x434C, 0x434C, 0x436C, 0x436C, 0x3AE9, 0x6BEC, 0x436B, 0x434B, 0x3B2B, 0x3B4B, 0x3B4B, 0x434B,
  0x4309, 0x3AE9, 0x434A, 0x434B, 0x432B, 0x3247, 0x636B, 0x4B4B, 0x538B, 0x538B, 0x536B, 0x536B,
  0x4B4B, 0x5BAC, 0x63AC, 0x5BAC, 0x5BCC, 0x5BAC, 0x4AA8, 0x7C2D, 0x4B4A, 0x432A, 0x4B4A, 0x534B,
  0x4B2A, 0x4B4A, 0x4B4B, 0x432A, 0x4B2A, 0x4B2A, 0x4B4B, 0x42E8, 0x742D, 0x53AC, 0x53AC, 0x538C,
  0x53AC, 0x53AC, 0x538B, 0x538B, 0x5B8B, 0x53AC, 0x53AC, 0x5BCC, 0x3AA8, 0x634A, 0x6BEC, 0x4B8B,
  0x4B8B, 0x4B6B, 0x4B4B, 0x4B8B, 0x4B4A, 0x4B6B, 0x4B6B, 0x4B6B, 0x3B09, 0x534A, 0x6C2E, 0x4B4B,
  0x436C, 0x4B8C, 0x4B6B, 0x434A, 0x4B8C, 0x4B8C, 0x4B6C, 0x4B8C, 0x436C, 0x3A88, 0x8C6D, 0x740D,
  0x63AC, 0x63CC, 0x63ED, 0x63CD, 0x6C0D, 0x63AC, 0x6BEC, 0x63ED, 0x6BED, 0x42C8, 0x8C6D, 0x84AF,
  0x63EC, 0x6C0D, 0x6C0D, 0x6BEC, 0x6BEC, 0x6BCC, 0x740D, 0x6C0D, 0x742D, 0x5B4A, 0x5B29, 0x9D10,
  0x6C0D, 0x6BED, 0x6C0D, 0x6C0D, 0x6BEC, 0x6BEC, 0x6BEC, 0x6349, 0x6329, 0x52E9, 0x3141, 0x7AE5,
  0x59E3, 0x6223, 0x6223, 0x6A44, 0x6244, 0x6223, 0x6243, 0x51C3, 0x6A64, 0x4182, 0x1081, 0x18E2,
  0x18C2, 0x18C2, 0x18C2, 0x18C2, 0x18C2, 0x18C2, 0x18E2, 0x18C2, 0x18C2, 0x18C2, 0x18C2, 0x18C2,
  0x10A1, 0x1081, 0x1081, 0x1082, 0x1082, 0x1082, 0x1082, 0x1081, 0x1082, 0x1082, 0x1082, 0x18C2,
  0x2922, 0x2901, 0x2902, 0x2901, 0x3142, 0x49A3, 0x3962, 0x3183, 0x4A25, 0x4A45, 0x5A86, 0x6B08,
  0x6AE7, 0x62E7, 0x62E7, 0x6B07, 0x6B07, 0x7B89, 0x7B69, 0x7B68, 0x7B68, 0x7B68, 0x7B69, 0x7B69,
  0x42A8, 0x42CA, 0x2A28, 0x21E6, 0x3AA9, 0x2208, 0x2228, 0x2228, 0x19E8, 0x3A68, 0x3248, 0x2207,
  0x19E7, 0x19E6, 0x19A5, 0x3206, 0x29E6, 0x3248, 0x2A47, 0x2A27, 0x3227, 0x3A89, 0x3A68, 0x3AA7,
  0x42C8, 0x42EA, 0x3A67, 0x52C8, 0x4288, 0x42E9, 0x3AC9, 0x3ACA, 0x42EA, 0x42E9, 0x42EA, 0x4B0A,
  0x430A, 0x4B09, 0x3AA8, 0x4AE9, 0x636A, 0x534A, 0x534A, 0x4B29, 0x4B09, 0x5309, 0x4B29, 0x5B4A,
  0x534A, 0x532A, 0x5B8B, 0x4B08, 0x73CB, 0x634A, 0x432A, 0x4B2A, 0x42E9, 0x4AE9, 0x532A, 0x4B09,
  0x532A, 0x4B0A, 0x4B0A, 0x42E9, 0x4AA7, 0x738A, 0x4309, 0x4B0A, 0x42E8, 0x4B4A, 0x4B2A, 0x4B0A,
  0x4AE9, 0x4AE9, 0x4309, 0x4B09, 0x42A8, 0x4266, 0x636A, 0x4AC8, 0x5309, 0x4B0A, 0x4B09, 0x532A,
  0x5329, 0x532A, 0x5B4A, 0x5B2A, 0x5B4A, 0x5B4A, 0x5B09, 0x8C2D, 0x4AE9, 0x4B29, 0x4B09, 0x4AE9,
  0x4B09, 0x534A, 0x4AE9, 0x4AE8, 0x4AE8, 0x4AE9, 0x530A, 0x4287, 0x6349, 0x42C8, 0x4AE9, 0x42C8,
  0x42E9, 0x4B2A, 0x4B0A, 0x42C9, 0x4309, 0x4B09, 0x4B2A, 0x4B2A, 0x3246, 0x6B6A, 0x4AE8, 0x4309,
  0x42E9, 0x3AA8, 0x3AC8, 0x42E9, 0x3AA8, 0x42E9, 0x42E9, 0x42C8, 0x3267, 0x5B29, 0x4AE8, 0x3AA9,
  0x3AC9, 0x3AC8, 0x42E9, 0x3A88, 0x3A88, 0x4AE9, 0x42C8, 0x4AE9, 0x3A87, 0x4287, 0x73AA, 0x5308,
  0x5309, 0x532A, 0x5309, 0x532A, 0x5B4A, 0x52E9, 0x4B09, 0x4B09, 0x5309, 0x42A8, 0x8C6D, 0x6B6A,
  0x5309, 0x532A, 0x5B4A, 0x5B2A, 0x5329, 0x5309, 0x5B4A, 0x5B4A, 0x5329, 0x4267, 0x6B4A, 0x73CB,
  0x5329, 0x5329, 0x5329, 0x5329, 0x4AC8, 0x4AC8, 0x4AA7, 0x4A04, 0x52A7, 0x4246, 0x3141, 0x7AE5,
  0x59E3, 0x6224, 0x6223, 0x6223, 0x6224, 0x6203, 0x6243, 0x51C3, 0x6A84, 0x4182, 0x1081, 0x18C2,
  0x18E2, 0x18C2, 0x18E2, 0x20E2, 0x18E2, 0x18E2, 0x18E2, 0x18C2, 0x18E2, 0x18E2, 0x18C2, 0x18E2,
  0x10A2, 0x1082, 0x10A2, 0x1082, 0x1082, 0x1082, 0x1082, 0x1082, 0x1082, 0x1082, 0x10A2, 0x10A1,
  0x2102, 0x2902, 0x2902, 0x2902, 0x2921, 0x41A3, 0x4183, 0x3142, 0x39C3, 0x4A45, 0x5A86, 0x62E7,
  0x62E7, 0x62E7, 0x6AE7, 0x7328, 0x7348, 0x7B69, 0x7B89, 0x7B69, 0x7348, 0x7B68, 0x7B68, 0x7B68,
  0x3AAA, 0x2A08, 0x19A7, 0x21C7, 0x42A9, 0x2208, 0x2208, 0x2208, 0x2208, 0x3A88, 0x2A68, 0x21E7,
  0x21C6, 0x21A6, 0x29C6, 0x31E6, 0x31E6, 0x31E6, 0x3227, 0x3A68, 0x3267, 0x3A68, 0x3A88, 0x4B09,
  0x4AC9, 0x42A8, 0x4B09, 0x5B4A, 0x530A, 0x532A, 0x5B2A, 0x5B6B, 0x5B4A, 0x636A, 0x532A, 0x5B4A,
  0x638B, 0x5B4B, 0x636B, 0x6B8C, 0x63AB, 0x538C, 0x5B6A, 0x73CB, 0x638B, 0x5B8C, 0x638B, 0x73CC,
  0x63AB, 0x63AC, 0x63AC, 0x6BCC, 0x6BCC, 0x5BCC, 0x5BCC, 0x6BED, 0x7C2C, 0x740C, 0x6BCC, 0x842D,
  0x63CC, 0x638A, 0x6BEC, 0x63AC, 0x6BCC, 0x6BEC, 0x5BCC, 0x638C, 0x740D, 0x740E, 0x6BAC, 0x6BED,
  0x63CC, 0x63AC, 0x636B, 0x5B6B, 0x5B6B, 0x534B, 0x5B8B, 0x536B, 0x63CC, 0x6BAB, 0x6BCC, 0x5BAB,
  0x63CC, 0x5BAB, 0x6C0D, 0x63EC, 0x638B, 0x6BAC, 0x6BED, 0x744D, 0x5BAC, 0x7C2E, 0x73ED, 0x7BED,
  0x6BEC, 0x63EC, 0x73CC, 0x7C0D, 0x73CC, 0x5BAC, 0x5BAB, 0x634A, 0x73AC, 0x4A67, 0x4AC9, 0x532A,
  0x636B, 0x6B4A, 0x5B0A, 0x5309, 0x5B4A, 0x636B, 0x634A, 0x636B, 0x4AA7, 0x8C0C, 0x7BCB, 0x5B4A,
  0x6BAB, 0x6BAB, 0x73CB, 0x636A, 0x6B8B, 0x73AB, 0x73AB, 0x73AA, 0x52E8, 0x8C0B, 0x8C6D, 0x636A,
  0x6BAC, 0x73CC, 0x840D, 0x7BEC, 0x7BEC, 0x840C, 0x7BEC, 0x7BEC, 0x73AB, 0x6B6A, 0xA4CE, 0x840B,
  0x7BEB, 0x7BEB, 0x7BEC, 0x7C0C, 0x844D, 0x7BEB, 0x73CB, 0x73CC, 0x73CB, 0x6B8B, 0xAD2F, 0x948D,
  0x7C0C, 0x7C0B, 0x7C2C, 0x8C6D, 0x7BEC, 0x7C0C, 0x7C0C, 0x6B8A, 0x73CB, 0x634A, 0x83CC, 0x9CCE,
  0x6BAB, 0x6B8A, 0x6B8A, 0x7BCC, 0x738B, 0x6B4A, 0x6309, 0x6B29, 0x6308, 0x3983, 0x3941, 0x7AC5,
  0x5A03, 0x5A03, 0x5A03, 0x6223, 0x59E3, 0x5A03, 0x6223, 0x51C3, 0x6A84, 0x4183, 0x1082, 0x2103,
  0x18E2, 0x18C2, 0x18E2, 0x2102, 0x2102, 0x1902, 0x2102, 0x2102, 0x18E2, 0x18C1, 0x18E2, 0x18E2,
  0x10A1, 0x1081, 0x1081, 0x1081, 0x1081, 0x1081, 0x1081, 0x1081, 0x1081, 0x1082, 0x10A2, 0x10A1,
  0x18C1, 0x2902, 0x2901, 0x2902, 0x2902, 0x3142, 0x41A3, 0x3962, 0x3983, 0x4A45, 0x5286, 0x6307,
  0x62E7, 0x62C7, 0x62E7, 0x7348, 0x7B68, 0x7B69, 0x7369, 0x7B69, 0x7B68, 0x7B68, 0x7B88, 0x7B68,
  0x2209, 0x2229, 0x19C7, 0x21C6, 0x3A89, 0x2208, 0x2208, 0x2208, 0x19E8, 0x3A68, 0x2A48, 0x19C6,
  0x29C6, 0x2A27, 0x2207, 0x19C6, 0x21E7, 0x29E7, 0x2A28, 0x3288, 0x2A27, 0x3289, 0x3289, 0x3289,
  0x2A68, 0x42A9, 0x3AA9, 0x2A68, 0x2AA9, 0x2AA9, 0x4309, 0x32A8, 0x4309, 0x4309, 0x32A8, 0x4B2A,
  0x5B4A, 0x3AC9, 0x5B8B, 0x432A, 0x4B8B, 0x4B4A, 0x532A, 0x536B, 0x4B6B, 0x432A, 0x538B, 0x6BCC,
  0x4B6A, 0x4B8B, 0x538C, 0x5B6C, 0x534B, 0x4B6B, 0x5B6B, 0x638C, 0x5BAC, 0x434A, 0x432A, 0x538C,
  0x3B0A, 0x536B, 0x5BAC, 0x538C, 0x434B, 0x3B2B, 0x32EA, 0x430A, 0x4B4B, 0x3B2B, 0x3B0A, 0x5B8D,
  0x4B4B, 0x4B6C, 0x432A, 0x4B2A, 0x3ACA, 0x2AA9, 0x32C9, 0x3B2B, 0x3B2B, 0x432A, 0x538C, 0x5B6C,
  0x4B2B, 0x4B4B, 0x430B, 0x3AEA, 0x430A, 0x536C, 0x534C, 0x536B, 0x53CD, 0x5BCC, 0x536B, 0x4B6B,
  0x63AC, 0x4B2B, 0x432B, 0x534B, 0x4B4C, 0x5BAD, 0x536B, 0x3B2A, 0x4B6C, 0x5B8C, 0x5BAC, 0x4B09,
  0x4B09, 0x5B8C, 0x5B8B, 0x5BAB, 0x5BCB, 0x63CC, 0x5BAB, 0x63CC, 0x42A7, 0x6B8A, 0x84AE, 0x63EC,
  0x742D, 0x742C, 0x6C0C, 0x63CB, 0x63CB, 0x6BEC, 0x63AC, 0x73ED, 0x4B2A, 0x634A, 0x9D30, 0x742D,
  0x744E, 0x7C6D, 0x740C, 0x73EC, 0x7C2D, 0x7C2D, 0x740D, 0x73ED, 0x6C0D, 0x4AC8, 0x8C6D, 0x848E,
  0x6BEC, 0x740D, 0x742D, 0x6BEC, 0x6BEC, 0x63AB, 0x740C, 0x63AB, 0x6C0C, 0x42E8, 0x846C, 0x9510,
  0x63AC, 0x63AB, 0x638B, 0x6BCC, 0x63AB, 0x63CB, 0x6C0C, 0x63CB, 0x6C0C, 0x63AB, 0x5AC8, 0xA530,
  0x7C2D, 0x73EC, 0x740D, 0x742D, 0x740D, 0x6BEC, 0x740D, 0x7C0C, 0x7349, 0x49E4, 0x3921, 0x72C5,
  0x5A03, 0x5A03, 0x5A03, 0x6243, 0x59E3, 0x5A03, 0x6223, 0x51C2, 0x6A64, 0x4183, 0x1081, 0x18C2,
  0x10C2, 0x10C2, 0x10C2, 0x10C2, 0x18E2, 0x18E2, 0x18E2, 0x18E2, 0x18E2, 0x18E2, 0x18E2, 0x18E2,
  0x10A1, 0x10A1, 0x10A1, 0x10A2, 0x10A2, 0x10A2, 0x10A2, 0x10A2, 0x10A2, 0x10A2, 0x10A2, 0x10A2,
  0x10A1, 0x2102, 0x2902, 0x2902, 0x2902, 0x2901, 0x49C3, 0x41A3, 0x3142, 0x41E4, 0x5A86, 0x62E7,
  0x62E7, 0x62E7, 0x6B07, 0x7348, 0x7328, 0x7B68, 0x7B69, 0x7348, 0x7B68, 0x7B88, 0x7B68, 0x7348,
  0x2209, 0x2209, 0x2208, 0x21E7, 0x3248, 0x2208, 0x2208, 0x2207, 0x2208, 0x3A47, 0x29E6, 0x21C5,
  0x3226, 0x2A27, 0x2227, 0x2A27, 0x3268, 0x3A68, 0x3247, 0x3288, 0x42C9, 0x42A9, 0x3AA8, 0x4B09,
  0x4B4A, 0x432A, 0x430A, 0x4B0A, 0x532A, 0x5B6B, 0x6BAB, 0x63AC, 0x63CC, 0x63AC, 0x5B8C, 0x538D,
  0x536C, 0x4B4B, 0x4B6B, 0x3B6C, 0x53AC, 0x63CC, 0x536B, 0x3B4C, 0x4B6B, 0x4B6B, 0x4B6B, 0x5BAC,
  0x4B8B, 0x4B8C, 0x438B, 0x436B, 0x4B8C, 0x53AC, 0x63CD, 0x63EC, 0x63ED, 0x63ED, 0x63ED, 0x5BAD,
  0x538C, 0x63CC, 0x63ED, 0x5BCD, 0x4B8C, 0x538C, 0x63AC, 0x536B, 0x5BAC, 0x5BCC, 0x63CC, 0x4B4B,
  0x436B, 0x432A, 0x538B, 0x536B, 0x4B8C, 0x538B, 0x63ED, 0x63ED, 0x5B8C, 0x63AC, 0x534B, 0x53AC,
  0x536B, 0x63AC, 0x534B, 0x5BEE, 0x53AC, 0x434B, 0x434B, 0x63AC, 0x53ED, 0x4B6B, 0x536C, 0x4B8C,
  0x5B8C, 0x638C, 0x63AD, 0x4B4B, 0x3B4A, 0x4B6B, 0x5B8C, 0x6BCE, 0x538C, 0x4B4C, 0x536C, 0x63AC,
  0x4B0A, 0x3268, 0x4B0A, 0x536B, 0x536B, 0x536B, 0x5B6B, 0x5B8C, 0x42C8, 0x6B8B, 0x6C0C, 0x5B8B,
  0x63CC, 0x63CC, 0x5B8B, 0x63AC, 0x63AC, 0x5B8B, 0x5B6B, 0x5B8B, 0x4B2A, 0x638A, 0x7C2D, 0x6BCC,
  0x6C0D, 0x63CC, 0x5BAB, 0x63CC, 0x63AB, 0x6BEC, 0x63CB, 0x63AC, 0x6BEC, 0x4B09, 0x7C2C, 0x6BEC,
  0x63CC, 0x63AB, 0x63CC, 0x6BEC, 0x63AB, 0x6BEC, 0x6BED, 0x63AC, 0x63AC, 0x4B0A, 0x844D, 0x742D,
  0x534A, 0x5B6B, 0x5B4A, 0x5B6B, 0x5B8B, 0x5B8B, 0x63AC, 0x63AC, 0x63AC, 0x5BAB, 0x634A, 0x8CAE,
  0x63AB, 0x63CC, 0x63AC, 0x6BCC, 0x63AC, 0x63AC, 0x63CC, 0x6B8A, 0x6AE6, 0x49E3, 0x3101, 0x7284,
  0x59E3, 0x5A03, 0x6203, 0x6A64, 0x5A03, 0x5A03, 0x6243, 0x51C3, 0x6223, 0x3962, 0x1081, 0x18C2,
  0x10A2, 0x10A2, 0x10A2, 0x10A2, 0x10A2, 0x10A2, 0x10A2, 0x10A2, 0x10A2, 0x10C2, 0x10A2, 0x10A2,
  0x1081, 0x10A1, 0x10A1, 0x10A2, 0x10A2, 0x10A2, 0x10A2, 0x10A2, 0x1082, 0x1082, 0x1082, 0x10A2,
  0x10A1, 0x18C2, 0x2902, 0x2901, 0x2902, 0x20E1, 0x3982, 0x49C3, 0x3962, 0x3983, 0x5286, 0x62E7,
  0x62E7, 0x62E7, 0x6B07, 0x7348, 0x7327, 0x7348, 0x7B68, 0x7B48, 0x7B88, 0x7B88, 0x7B69, 0x7B68,
  0x2209, 0x2208, 0x2208, 0x2A08, 0x3268, 0x2208, 0x2208, 0x2208, 0x19C7, 0x3206, 0x3227, 0x3A67,
  0x3226, 0x3227, 0x3A68, 0x3A68, 0x3247, 0x3268, 0x3A89, 0x3268, 0x32A9, 0x3ACA, 0x4B0A, 0x5B6B,
  0x4AE9, 0x42E9, 0x63CC, 0x5B8B, 0x5B8B, 0x4B2A, 0x6BAC, 0x536B, 0x3AA8, 0x4B0A, 0x4ACA, 0x21E6,
  0x29E6, 0x4246, 0x3A26, 0x3206, 0x3A06, 0x3A06, 0x31E5, 0x3206, 0x3A06, 0x3A06, 0x31E5, 0x3A46,
  0x21C4, 0x1944, 0x31E6, 0x3206, 0x39E5, 0x4206, 0x3205, 0x3205, 0x3A26, 0x31E6, 0x3A88, 0x42C9,
  0x4B0A, 0x4B0A, 0x32A9, 0x434C, 0x53AD, 0x640E, 0x742F, 0x4B4B, 0x534C, 0x63ED, 0x63AC, 0x5B8C,
  0x63CD, 0x5B6B, 0x5B8C, 0x432B, 0x432B, 0x4B8C, 0x4B6B, 0x538C, 0x63CC, 0x538B, 0x4B6C, 0x6BED,
  0x63AC, 0x434B, 0x434B, 0x434B, 0x3B0A, 0x536C, 0x740D, 0x742D, 0x4B6B, 0x538C, 0x436B, 0x434B,
  0x536C, 0x434A, 0x436B, 0x6BCD, 0x63AD, 0x4B4B, 0x3B2B, 0x436C, 0x538C, 0x6BED, 0x538C, 0x4BAD,
  0x63ED, 0x6BAC, 0x3206, 0x430A, 0x538B, 0x536B, 0x536B, 0x5B8B, 0x42E8, 0x6B8B, 0x6BEC, 0x63CC,
  0x63AB, 0x6BCC, 0x63AB, 0x63CC, 0x6BCC, 0x63AC, 0x5B8B, 0x5B8B, 0x4B09, 0x6369, 0x7C4D, 0x6C0D,
  0x6C0D, 0x6BCB, 0x6BCC, 0x63CC, 0x63CC, 0x6BEC, 0x63CC, 0x6BCC, 0x6BEC, 0x4B09, 0x844D, 0x6BED,
  0x63CC, 0x63CC, 0x63CC, 0x63CC, 0x63EC, 0x63EC, 0x63CC, 0x63CC, 0x63CC, 0x4B09, 0x842C, 0x6C0C,
  0x5B6B, 0x5B6B, 0x5B4A, 0x63AB, 0x63CC, 0x5BAB, 0x63CC, 0x63AB, 0x63CB, 0x5B8B, 0x634A, 0x8C8E,
  0x63AB, 0x63CC, 0x63AC, 0x6BEC, 0x63AC, 0x63CC, 0x6BEC, 0x73AA, 0x7B88, 0x4A04, 0x2901, 0x72A5,
  0x59E3, 0x5A03, 0x5A03, 0x6A64, 0x5A03, 0x5A03, 0x6243, 0x51C3, 0x6223, 0x3942, 0x0861, 0x10A1,
  0x1081, 0x1082, 0x1082, 0x10A2, 0x1081, 0x1081, 0x1082, 0x1081, 0x1081, 0x1081, 0x1081, 0x1081,
  0x1081, 0x1081, 0x1081, 0x1081, 0x1081, 0x10A1, 0x1082, 0x1081, 0x1082, 0x1082, 0x1082, 0x1082,
  0x1081, 0x10A1, 0x20E2, 0x20E1, 0x2901, 0x20E2, 0x3122, 0x49E3, 0x49A3, 0x3962, 0x4A04, 0x62C7,
  0x62E7, 0x62E7, 0x6AE7, 0x7348, 0x7348, 0x7348, 0x7B68, 0x7B48, 0x7B68, 0x7B68, 0x7B48, 0x7B48,
  0x2229, 0x2229, 0x2208, 0x2207, 0x3268, 0x2208, 0x21E8, 0x19A6, 0x21C6, 0x3227, 0x2A07, 0x2207,
  0x2207, 0x3248, 0x3A68, 0x3289, 0x2248, 0x3AA9, 0x52EA, 0x4309, 0x432A, 0x430A, 0x3B2B, 0x430B,
  0x430B, 0x4B0A, 0x432A, 0x2A67, 0x3205, 0x39C4, 0x4205, 0x39C3, 0x41A3, 0x41A3, 0x49C3, 0x4982,
  0x51E3, 0x51C2, 0x6203, 0x6244, 0x5A03, 0x51A2, 0x51C2, 0x6203, 0x5A03, 0x6203, 0x5A03, 0x4982,
  0x3121, 0x49C3, 0x7285, 0x6223, 0x6203, 0x6A44, 0x6244, 0x59E3, 0x59E2, 0x51E3, 0x51E2, 0x51E3,
  0x4182, 0x49C3, 0x41A3, 0x41C4, 0x4A47, 0x4A67, 0x42A8, 0x4B0A, 0x5BAD, 0x6C0E, 0x5BCC, 0x5BED,
  0x536B, 0x640D, 0x63ED, 0x5BAC, 0x638C, 0x640D, 0x538C, 0x5BAC, 0x3B2B, 0x334B, 0x53AD, 0x63CD,
  0x5BAB, 0x538B, 0x5B6C, 0x534B, 0x4B6B, 0x5BAD, 0x4B8C, 0x4B6C, 0x538C, 0x73EE, 0x6BEC, 0x53AC,
  0x534C, 0x434C, 0x3B4B, 0x4B4B, 0x6BED, 0x5BAC, 0x434B, 0x432B, 0x434C, 0x5BCC, 0x7C6E, 0x63EC,
  0x5BCD, 0x53AC, 0x5B6B, 0x29E5, 0x430A, 0x5B6B, 0x536B, 0x538B, 0x42A8, 0x6B6B, 0x6BEC, 0x5B8B,
  0x5B6A, 0x5BAB, 0x5B8B, 0x5B8B, 0x63AB, 0x5BAC, 0x5B8C, 0x5B6A, 0x4309, 0x638A, 0x7C4D, 0x63CC,
  0x63EC, 0x63CC, 0x63AB, 0x63CC, 0x63EC, 0x63CC, 0x63AC, 0x63CC, 0x6BEC, 0x4B09, 0x7C2C, 0x63CC,
  0x63AC, 0x63CC, 0x63CC, 0x63CC, 0x63EC, 0x63CC, 0x63AB, 0x63CB, 0x6BEB, 0x4AE8, 0x842C, 0x6BCC,
  0x534A, 0x5B6B, 0x536B, 0x5B8B, 0x638B, 0x5B8B, 0x5B8B, 0x63AB, 0x63CB, 0x5B8B, 0x5B09, 0x94CF,
  0x63AC, 0x6BCC, 0x63CC, 0x6BEC, 0x6BCC, 0x63AC, 0x6BCC, 0x6B8A, 0x7369, 0x41E4, 0x2901, 0x7AC5,
  0x59E3, 0x5A03, 0x5A03, 0x6244, 0x5A03, 0x5A03, 0x6224, 0x51C2, 0x6223, 0x3942, 0x0861, 0x10A1,
  0x10A1, 0x10A1, 0x10A2, 0x10A2, 0x10A2, 0x10A2, 0x10A2, 0x10A2, 0x10A2, 0x10A2, 0x10A2, 0x10A2,
  0x1081, 0x1081, 0x10A2, 0x10A2, 0x1082, 0x1082, 0x1082, 0x1082, 0x1082, 0x1082, 0x1082, 0x1082,
  0x1081, 0x1081, 0x18C2, 0x2901, 0x2101, 0x2902, 0x2901, 0x4183, 0x51C3, 0x4182, 0x41A3, 0x5245,
  0x62C7, 0x6AE7, 0x6AE6, 0x7368, 0x7368, 0x7348, 0x7B68, 0x7348, 0x7B68, 0x7B68, 0x7B48, 0x7348,
  0x2229, 0x2229, 0x2208, 0x2A27, 0x3AA9, 0x2207, 0x21C6, 0x3226, 0x3247, 0x2227, 0x19E7, 0x2A47,
  0x3A88, 0x3247, 0x2A48, 0x3A89, 0x42C9, 0x638C, 0x5B6B, 0x42EA, 0x432B, 0x430A, 0x3AA9, 0x3247,
  0x29A5, 0x2963, 0x3163, 0x3122, 0x51E4, 0x5A03, 0x5A23, 0x6244, 0x6A65, 0x5A24, 0x51E3, 0x5A04,
  0x6244, 0x6243, 0x6A64, 0x6243, 0x6223, 0x6224, 0x6244, 0x72A5, 0x6242, 0x51E2, 0x51C2, 0x59E3,
  0x72A5, 0x72A5, 0x6243, 0x6A64, 0x6A64, 0x6A64, 0x6243, 0x5A03, 0x5A23, 0x5A03, 0x59E3, 0x5A23,
  0x6A43, 0x7284, 0x6A43, 0x59E3, 0x49C3, 0x49A2, 0x5203, 0x41A3, 0x2102, 0x31A4, 0x4AA8, 0x42A8,
  0x6BED, 0x640D, 0x53CC, 0x5BAC, 0x6C0D, 0x63EC, 0x63EC, 0x73EC, 0x5BAC, 0x5BAC, 0x4B8B, 0x434B,
  0x432B, 0x538C, 0x638C, 0x534C, 0x63CD, 0x536C, 0x436C, 0x538C, 0x53AC, 0x538C, 0x642D, 0x538C,
  0x5BCD, 0x63ED, 0x53AD, 0x3B4B, 0x436B, 0x6C0D, 0x6BCC, 0x63ED, 0x5BED, 0x53AD, 0x5BED, 0x63ED,
  0x4B8C, 0x3B2C, 0x6C0E, 0x52E8, 0x21C6, 0x4B2A, 0x4B4A, 0x538B, 0x3AA8, 0x634A, 0x63CB, 0x63AC,
  0x5B8B, 0x5B8B, 0x63CC, 0x5B8B, 0x5B8B, 0x5B8B, 0x5B8B, 0x5B8B, 0x4309, 0x636A, 0x7C2D, 0x63AB,
  0x63EC, 0x63AC, 0x63AB, 0x63AB, 0x63AB, 0x63EC, 0x63CC, 0x63AC, 0x63CC, 0x4AE8, 0x73EC, 0x63CC,
  0x63AC, 0x5BAB, 0x63CC, 0x5B8B, 0x5BAB, 0x63EC, 0x63AB, 0x6BCB, 0x6BEB, 0x42C8, 0x842C, 0x6BCB,
  0x532A, 0x5B6B, 0x5B6B, 0x5B8B, 0x5B8B, 0x5B8B, 0x5B8B, 0x63AB, 0x6BEC, 0x5BAB, 0x634A, 0x94AE,
  0x63CC, 0x6C0D, 0x63CC, 0x6C0D, 0x6BCC, 0x6BCC, 0x63AC, 0x6369, 0x7389, 0x4A25, 0x2921, 0x6A84,
  0x59E2, 0x5A03, 0x5A03, 0x6244, 0x5A03, 0x5A03, 0x5A03, 0x49C2, 0x6223, 0x3962, 0x0881, 0x10A2,
  0x10A2, 0x10A2, 0x10A2, 0x10C2, 0x10C2, 0x10C2, 0x10C2, 0x10A2, 0x10C2, 0x10C2, 0x10C2, 0x10A2,
  0x1081, 0x1082, 0x1081, 0x1081, 0x1082, 0x1082, 0x1082, 0x1082, 0x1082, 0x1081, 0x1081, 0x1082,
  0x1081, 0x1081, 0x18A1, 0x2902, 0x2902, 0x2922, 0x2922, 0x3121, 0x51C3, 0x49A3, 0x41A3, 0x4A04,
  0x62E7, 0x62A6, 0x6AE6, 0x7B68, 0x6B27, 0x7348, 0x7348, 0x7348, 0x7B68, 0x7B68, 0x7348, 0x7348,
  0x2A29, 0x2229, 0x2228, 0x2227, 0x3247, 0x29C6, 0x3228, 0x3A68, 0x3A88, 0x3A89, 0x4AA8, 0x42A9,
  0x2A68, 0x2A48, 0x3AC9, 0x532A, 0x4AEA, 0x32C9, 0x3B0A, 0x42C9, 0x4267, 0x31E6, 0x31A4, 0x41C3,
  0x49C3, 0x5A23, 0x6203, 0x6203, 0x5A04, 0x5A24, 0x6223, 0x6223, 0x5A03, 0x59E3, 0x6224, 0x6244,
  0x5A03, 0x5A03, 0x5A23, 0x5A23, 0x6244, 0x6244, 0x72C5, 0x6244, 0x51A2, 0x51C3, 0x7284, 0x7283,
  0x6A43, 0x6224, 0x6A64, 0x6A64, 0x6244, 0x6244, 0x5A03, 0x5A03, 0x59E3, 0x6A64, 0x6244, 0x6244,
  0x6264, 0x6A64, 0x6223, 0x5A03, 0x49C3, 0x5A03, 0x51C3, 0x3942, 0x4983, 0x5A03, 0x49A3, 0x4983,
  0x49C4, 0x4A26, 0x5309, 0x6BCC, 0x7C2E, 0x742D, 0x6C0D, 0x5BAB, 0x5B8B, 0x740D, 0x63AB, 0x4B8B,
  0x538D, 0x538C, 0x4B8C, 0x4B8B, 0x3B0A, 0x4B2B, 0x536B, 0x63AC, 0x5BCC, 0x53CD, 0x5BEE, 0x4BAD,
  0x4B8B, 0x63CC, 0x6BAC, 0x538C, 0x434C, 0x63ED, 0x6BEC, 0x5BAB, 0x4B6B, 0x53AD, 0x53CC, 0x6C0E,
  0x53CD, 0x4B8C, 0x4B6C, 0x740C, 0x29A6, 0x2A47, 0x430A, 0x4B4B, 0x3287, 0x5B2A, 0x5BAB, 0x5BAB,
  0x5B8B, 0x5BAB, 0x5B8B, 0x536A, 0x5BAB, 0x5B6B, 0x5B8B, 0x63AB, 0x4B2A, 0x636A, 0x7C4D, 0x63AC,
  0x63AC, 0x63CC, 0x6BEC, 0x5B8B, 0x63AC, 0x63AB, 0x63AB, 0x63AC, 0x63CC, 0x4AE9, 0x7C0C, 0x63EC,
  0x63CC, 0x5B8B, 0x5B8B, 0x5B8B, 0x63AC, 0x63CC, 0x63CC, 0x63CB, 0x6BEC, 0x42E9, 0x842C, 0x6BCB,
  0x534A, 0x5B6B, 0x5B8B, 0x5BAB, 0x5B8B, 0x5B6B, 0x5B6A, 0x5B8B, 0x6BEC, 0x5B8B, 0x634A, 0x94AE,
  0x63CC, 0x6C0D, 0x6BCC, 0x6BEC, 0x6BCB, 0x6BCC, 0x63AB, 0x6308, 0x6B07, 0x5225, 0x3121, 0x6A84,
  0x59E2, 0x5A03, 0x59E3, 0x6244, 0x59E3, 0x5A03, 0x5A03, 0x49A2, 0x5A23, 0x4182, 0x0881, 0x10C2,
  0x10C2, 0x10A2, 0x10C2, 0x10A2, 0x10A2, 0x10A2, 0x10C2, 0x10A2, 0x10C2, 0x10C2, 0x10A2, 0x10A2,
  0x10A2, 0x10A2, 0x1081, 0x1081, 0x1081, 0x1081, 0x1081, 0x1081, 0x1082, 0x1082, 0x1082, 0x1082,
  0x1081, 0x1081, 0x1081, 0x20E2, 0x2902, 0x2901, 0x2922, 0x28E1, 0x41A3, 0x5204, 0x4182, 0x41A3,
  0x62A6, 0x5A65, 0x5A65, 0x7328, 0x7328, 0x7348, 0x7348, 0x7348, 0x7B68, 0x7B48, 0x7348, 0x7348,
  0x2229, 0x2229, 0x19E7, 0x21C6, 0x3A68, 0x3227, 0x2227, 0x2228, 0x2247, 0x3AA8, 0x532A, 0x42C9,
  0x4B0A, 0x4AEA, 0x3206, 0x39A4, 0x4184, 0x41E4, 0x31A4, 0x18C1, 0x3962, 0x49E3, 0x5204, 0x5A03,
  0x6223, 0x5A04, 0x5203, 0x51E3, 0x6223, 0x6223, 0x59E3, 0x5A24, 0x5A24, 0x6224, 0x59E2, 0x5A02,
  0x6244, 0x6A65, 0x6223, 0x6243, 0x6A84, 0x6A64, 0x59E3, 0x51C3, 0x6A64, 0x72A4, 0x6A44, 0x6A44,
  0x6243, 0x6A64, 0x6A64, 0x6A64, 0x6243, 0x6223, 0x5A02, 0x6244, 0x6A64, 0x6244, 0x6A64, 0x6A64,
  0x6A43, 0x6A23, 0x6A23, 0x6A64, 0x51E4, 0x3142, 0x49A3, 0x6A65, 0x6244, 0x5203, 0x5A03, 0x51C2,
  0x51C3, 0x49C3, 0x41A2, 0x41E3, 0x4A46, 0x5B09, 0x638B, 0x63CD, 0x6C0D, 0x7C4D, 0x742D, 0x6C0D,
  0x4B4A, 0x4B4A, 0x5BCC, 0x63CE, 0x6BED, 0x5BAC, 0x3B2B, 0x4B6C, 0x5BAD, 0x63ED, 0x742E, 0x4B6C,
  0x432A, 0x5BAC, 0x742E, 0x740D, 0x538C, 0x43AC, 0x3B6B, 0x6BED, 0x740E, 0x5BAC, 0x538C, 0x5B8C,
  0x63ED, 0x5BCD, 0x53CE, 0x742E, 0x4247, 0x1985, 0x3288, 0x430A, 0x3A87, 0x634A, 0x63AB, 0x5B8B,
  0x534B, 0x5B8B, 0x5B8B, 0x536B, 0x63AC, 0x5B6B, 0x534B, 0x63CC, 0x4B2A, 0x636A, 0x7C4E, 0x63AC,
  0x63AC, 0x63CC, 0x63CC, 0x5BAB, 0x5B8B, 0x5B8A, 0x5B8B, 0x5B8B, 0x6BEC, 0x4AE9, 0x7C0C, 0x63CC,
  0x63CC, 0x63AB, 0x5BAB, 0x63AC, 0x63CC, 0x5B8B, 0x63AB, 0x5B8A, 0x63AB, 0x4B09, 0x7BCB, 0x63AB,
  0x536A, 0x5B8B, 0x5BAC, 0x5B6B, 0x5B8B, 0x5B8B, 0x5B8B, 0x638B, 0x6C0C, 0x534A, 0x5B09, 0x94AE,
  0x63CC, 0x6C0D, 0x6BEC, 0x6BCC, 0x6BAB, 0x6BAB, 0x6BEC, 0x6308, 0x62C6, 0x5225, 0x3121, 0x72A5,
  0x51E2, 0x5A03, 0x51E2, 0x6244, 0x5A03, 0x5A23, 0x5A03, 0x49A2, 0x5A03, 0x4183, 0x0881, 0x10C2,
  0x10C2, 0x10C2, 0x10C2, 0x10A2, 0x10A2, 0x10C2, 0x10C2, 0x10A2, 0x10A2, 0x10C2, 0x10C2, 0x10C2,
  0x10A1, 0x1081, 0x1082, 0x1082, 0x1081, 0x1081, 0x1081, 0x1081, 0x1081, 0x1081, 0x1081, 0x1082,
  0x0881, 0x1082, 0x1081, 0x18C2, 0x2902, 0x3122, 0x3122, 0x2901, 0x3942, 0x5A24, 0x49E3, 0x41A3,
  0x5224, 0x5203, 0x5A65, 0x7328, 0x7327, 0x7348, 0x7348, 0x7348, 0x7B68, 0x7B48, 0x7348, 0x7348,
  0x2208, 0x19E7, 0x19A6, 0x3A47, 0x42A8, 0x3A68, 0x3A68, 0x3A68, 0x4AE9, 0x4B09, 0x3AC8, 0x42EA,
  0x3289, 0x39C4, 0x5A04, 0x5A23, 0x5A03, 0x5A03, 0x5A03, 0x51C3, 0x5A03, 0x51E3, 0x4162, 0x4982,
  0x49C3, 0x51E3, 0x6244, 0x6244, 0x5203, 0x5203, 0x6224, 0x6224, 0x51E3, 0x59E3, 0x6224, 0x6A64,
  0x6A64, 0x6223, 0x6223, 0x6A64, 0x5A03, 0x59E3, 0x6264, 0x72C5, 0x5A02, 0x6243, 0x6A44, 0x6243,
  0x6A64, 0x7284, 0x6A64, 0x6A64, 0x6223, 0x6A64, 0x6A44, 0x6223, 0x6A63, 0x6A64, 0x7284, 0x6A64,
  0x6224, 0x6A44, 0x6A64, 0x49C3, 0x4162, 0x5A23, 0x72A5, 0x6223, 0x5A03, 0x51E3, 0x51E3, 0x5203,
  0x5203, 0x5A23, 0x6223, 0x5A03, 0x3942, 0x3122, 0x41E4, 0x6309, 0x7C0D, 0x63EC, 0x538C, 0x5B8C,
  0x63EC, 0x742D, 0x4B6B, 0x53AC, 0x5BAD, 0x53AD, 0x6C0D, 0x740D, 0x3B2A, 0x3B6C, 0x53CD, 0x6BED,
  0x63CD, 0x53CD, 0x4B6B, 0x63CC, 0x63EC, 0x53AC, 0x4BAD, 0x53AC, 0x742E, 0x5BAC, 0x538D, 0x53AC,
  0x6C0E, 0x5BEE, 0x53EE, 0x5BCE, 0x5B29, 0x1144, 0x21E7, 0x3AA8, 0x3A88, 0x634A, 0x63AB, 0x536B,
  0x5B8B, 0x5B6B, 0x5B8B, 0x5B6B, 0x63AB, 0x5B8B, 0x5BAC, 0x63CC, 0x4B4A, 0x5B49, 0x740C, 0x638B,
  0x63AC, 0x63CC, 0x63CC, 0x5B8B, 0x638B, 0x63AB, 0x5B8B, 0x5B8B, 0x6BEC, 0x4AE8, 0x846D, 0x6C0D,
  0x63AB, 0x5BAB, 0x63CC, 0x63AB, 0x63CC, 0x5B8B, 0x63AB, 0x5B8A, 0x6BCC, 0x4B09, 0x7BCB, 0x63AB,
  0x534A, 0x5B8B, 0x63AB, 0x5B8B, 0x5B8B, 0x5B8B, 0x63AB, 0x638B, 0x63CB, 0x5B6A, 0x5B29, 0x9CEF,
  0x63CC, 0x6BEC, 0x63CC, 0x6BAB, 0x6BAB, 0x6BAB, 0x6BEC, 0x5B29, 0x6B48, 0x5245, 0x3121, 0x72C5,
  0x51E2, 0x51E3, 0x51E2, 0x6224, 0x5A03, 0x6223, 0x5A03, 0x49A2, 0x5A03, 0x4162, 0x0881, 0x10C2,
  0x10C2, 0x10C2, 0x10C2, 0x10A2, 0x10A2, 0x10A2, 0x10C2, 0x10A2, 0x10A2, 0x10C2, 0x10A2, 0x10C2,
  0x10A1, 0x1081, 0x1082, 0x1081, 0x1081, 0x0881, 0x0881, 0x0881, 0x0881, 0x1081, 0x1081, 0x0882,
  0x0881, 0x0882, 0x1082, 0x10A1, 0x2922, 0x3122, 0x3142, 0x2922, 0x3101, 0x51C3, 0x5204, 0x49A3,
  0x49E3, 0x5224, 0x5A45, 0x7328, 0x7328, 0x7B49, 0x7B69, 0x7348, 0x7B68, 0x7B68, 0x7B48, 0x7348,
  0x19E7, 0x21C6, 0x3A27, 0x3247, 0x2A47, 0x3289, 0x3AA8, 0x4AC9, 0x42E9, 0x3288, 0x430A, 0x536C,
  0x29A5, 0x3983, 0x6A64, 0x6A84, 0x6244, 0x6224, 0x6223, 0x6223, 0x6243, 0x5A23, 0x5A03, 0x5A24,
  0x5204, 0x49A3, 0x49A3, 0x4182, 0x51E3, 0x5A23, 0x59E2, 0x51E2, 0x6224, 0x6223, 0x6223, 0x6203,
  0x6223, 0x5A23, 0x51C3, 0x51C3, 0x6A64, 0x7AC5, 0x72A4, 0x6223, 0x6A44, 0x6A44, 0x6223, 0x6243,
  0x6A64, 0x6A64, 0x6244, 0x6203, 0x72A4, 0x6A43, 0x6223, 0x6A64, 0x6A44, 0x6223, 0x6A64, 0x6243,
  0x6A64, 0x51E4, 0x4162, 0x51C3, 0x72A5, 0x6A63, 0x6203, 0x6224, 0x5A03, 0x6203, 0x6203, 0x5A03,
  0x5A24, 0x5A23, 0x49A2, 0x4182, 0x51E3, 0x5A03, 0x51C2, 0x3962, 0x31A3, 0x632A, 0x7C2D, 0x6C2D,
  0x6BCC, 0x63CB, 0x63ED, 0x5BCC, 0x436B, 0x4B6C, 0x63AC, 0x5BAC, 0x4B8B, 0x436C, 0x4B4C, 0x53AC,
  0x6C0E, 0x538C, 0x434A, 0x538C, 0x5BAC, 0x6BEC, 0x538B, 0x4B6C, 0x5BCC, 0x5BCC, 0x3B2B, 0x3B2B,
  0x6C2D, 0x4B8D, 0x43AD, 0x4BAD, 0x638B, 0x1923, 0x21C6, 0x2227, 0x2A06, 0x4AA8, 0x534A, 0x4B2A,
  0x5B6B, 0x5B8B, 0x5BAC, 0x5BAB, 0x5B8B, 0x5BAC, 0x5B8B, 0x5BAC, 0x432A, 0x52E8, 0x63CC, 0x5BCC,
  0x6C0D, 0x6BEC, 0x5BAC, 0x5B6B, 0x5B6B, 0x5B8C, 0x63AC, 0x63AC, 0x63AC, 0x3A88, 0x73EB, 0x63CC,
  0x5BAB, 0x5B8B, 0x5BAC, 0x5B8B, 0x5B6B, 0x534A, 0x638B, 0x638B, 0x63AC, 0x42C8, 0x7BCB, 0x740C,
  0x5B6B, 0x5B6B, 0x5B8B, 0x534A, 0x536B, 0x5B8B, 0x5B8B, 0x5BAB, 0x63AB, 0x4B0A, 0x52E8, 0x8C6E,
  0x63CC, 0x63CC, 0x63AB, 0x5B6B, 0x63CC, 0x638B, 0x6BAB, 0x5B08, 0x62A6, 0x39E4, 0x3122, 0x6A85,
  0x51C2, 0x51E3, 0x51C3, 0x6224, 0x59E3, 0x5A23, 0x5A03, 0x49A2, 0x6223, 0x3962, 0x0881, 0x10C2,
  0x10C2, 0x10C2, 0x10C2, 0x10C2, 0x10A2, 0x10A2, 0x10A2, 0x10A2, 0x10C2, 0x10C2, 0x10C2, 0x10C2,
  0x10A2, 0x1081, 0x1082, 0x1081, 0x1082, 0x1081, 0x1082, 0x1082, 0x0882, 0x0881, 0x08A2, 0x0882,
  0x0882, 0x1081, 0x1081, 0x1081, 0x20E2, 0x3142, 0x3142, 0x3122, 0x2901, 0x3941, 0x5A04, 0x49C3,
  0x41C3, 0x5A65, 0x5A24, 0x6AE7, 0x7B48, 0x7B49, 0x7B48, 0x7348, 0x7368, 0x7B69, 0x7B68, 0x7B89,
  0x2A06, 0x42A8, 0x42C8, 0x4288, 0x42A8, 0x4AC9, 0x4AC9, 0x42EA, 0x42EA, 0x3ACA, 0x3289, 0x29C6,
  0x20E1, 0x3122, 0x3962, 0x4182, 0x49A2, 0x6244, 0x6A65, 0x6A65, 0x7284, 0x6A43, 0x6223, 0x6A43,
  0x6A44, 0x5A23, 0x6A85, 0x5A03, 0x51C3, 0x4982, 0x49A2, 0x51E3, 0x59E3, 0x5A03, 0x6244, 0x6A84,
  0x59E3, 0x59C3, 0x6223, 0x6A64, 0x7284, 0x6A43, 0x6A64, 0x6A64, 0x6244, 0x6A44, 0x6203, 0x6A64,
  0x6A43, 0x6202, 0x6A64, 0x7AA4, 0x7284, 0x6A43, 0x7285, 0x6A64, 0x5A23, 0x6A84, 0x6A44, 0x6A24,
  0x51A3, 0x4982, 0x6243, 0x72A4, 0x6223, 0x6244, 0x6244, 0x6223, 0x6244, 0x6223, 0x5A23, 0x6244,
  0x5A03, 0x4982, 0x51E4, 0x6224, 0x5A03, 0x51E3, 0x49A2, 0x51C3, 0x51E4, 0x4182, 0x5287, 0x63AB,
  0x63EC, 0x740D, 0x7C4D, 0x7C2C, 0x6C0D, 0x4B6B, 0x432A, 0x3AEA, 0x5B8C, 0x7C4D, 0x4B8B, 0x434C,
  0x5BCD, 0x7C4E, 0x73ED, 0x4B8C, 0x3B2B, 0x5B8C, 0x744E, 0x5BAB, 0x6BED, 0x742D, 0x5BAC, 0x5BAC,
  0x8C8D, 0x6C0D, 0x6C0E, 0x742E, 0x738B, 0x10C1, 0x29E6, 0x3206, 0x29C5, 0x5287, 0x4267, 0x4267,
  0x42A8, 0x532A, 0x5B4A, 0x532A, 0x5329, 0x5B29, 0x5B29, 0x4AC8, 0x4287, 0x6B6A, 0x52E8, 0x4AC8,
  0x52E9, 0x5309, 0x42A8, 0x4AC8, 0x4AA8, 0x4AC8, 0x5309, 0x4AE8, 0x42A8, 0x4AC9, 0x738A, 0x4AC8,
  0x4AE8, 0x5309, 0x5329, 0x5329, 0x42A7, 0x52E9, 0x5B29, 0x52E9, 0x4AA7, 0x4267, 0x8C2C, 0x5B29,
  0x5309, 0x52E9, 0x4AE8, 0x5309, 0x5309, 0x5B4A, 0x5309, 0x5329, 0x4AC8, 0x3A26, 0x6B4A, 0x736A,
  0x42A8, 0x5B2A, 0x5329, 0x4AC8, 0x5309, 0x4A66, 0x4A25, 0x5245, 0x5A24, 0x2941, 0x3121, 0x72A5,
  0x51C2, 0x51E3, 0x51C3, 0x6224, 0x5A03, 0x5A23, 0x5A03, 0x49A2, 0x6244, 0x4182, 0x0861, 0x10A2,
  0x1081, 0x10A1, 0x10A1, 0x1081, 0x10A1, 0x10A1, 0x10A1, 0x10A1, 0x10A1, 0x10A1, 0x10A1, 0x10A1,
  0x1081, 0x1081, 0x1081, 0x1081, 0x1081, 0x1081, 0x1081, 0x1081, 0x1081, 0x1081, 0x1081, 0x1081,
  0x1081, 0x1081, 0x1081, 0x1081, 0x10A1, 0x2922, 0x3122, 0x3122, 0x3142, 0x2901, 0x51E3, 0x51E3,
  0x49C3, 0x49E3, 0x6285, 0x6B07, 0x7B48, 0x7B69, 0x7349, 0x7348, 0x7368, 0x7B89, 0x7B69, 0x7B89,
  0x4289, 0x2A47, 0x2A48, 0x2A68, 0x42A9, 0x52EA, 0x4B0B, 0x4B2B, 0x3AA8, 0x3206, 0x3183, 0x3982,
  0x28E1, 0x3121, 0x3962, 0x3942, 0x3962, 0x3941, 0x3941, 0x49A2, 0x5A24, 0x6A64, 0x7AE6, 0x7AC5,
  0x6A43, 0x6A23, 0x7264, 0x6A43, 0x6202, 0x72A5, 0x6244, 0x51A2, 0x51C3, 0x4982, 0x51C3, 0x4162,
  0x5A03, 0x72A4, 0x7284, 0x6A44, 0x6A64, 0x6A64, 0x6A64, 0x6A64, 0x6223, 0x6224, 0x6243, 0x6202,
  0x6A43, 0x7284, 0x7284, 0x7284, 0x6A64, 0x6A84, 0x6243, 0x6243, 0x7284, 0x7284, 0x5A03, 0x4182,
  0x5A03, 0x7AC5, 0x6A43, 0x5A03, 0x6A64, 0x6A65, 0x6224, 0x6244, 0x6223, 0x6244, 0x5A23, 0x51C3,
  0x4982, 0x6244, 0x6243, 0x6223, 0x5A24, 0x49C3, 0x5A03, 0x5A03, 0x6203, 0x59E3, 0x41A3, 0x3184,
  0x7C4D, 0x848E, 0x63CC, 0x63AB, 0x740C, 0x63CC, 0x4B6B, 0x5BCC, 0x5BCD, 0x5BED, 0x63ED, 0x6BED,
  0x5C0D, 0x4BAC, 0x5BAC, 0x740E, 0x4B6C, 0x4B6C, 0x63CC, 0x63AC, 0x53AD, 0x5BED, 0x5BEE, 0x4B8C,
  0x744E, 0x4BAD, 0x4BCE, 0x4BCE, 0x5B8B, 0x10E1, 0x3205, 0x3227, 0x21A4, 0x4A47, 0x5B4A, 0x534A,
  0x5B4A, 0x6BAB, 0x6BCB, 0x6BEC, 0x740D, 0x6BCC, 0x6BEC, 0x6BCC, 0x532A, 0x6B69, 0x9CEF, 0x7C2C,
  0x7C2C, 0x840C, 0x842C, 0x7C2C, 0x7C2C, 0x7C0C, 0x8C8E, 0x7C0C, 0x6BAA, 0x5B08, 0xA4CE, 0x94AF,
  0x73EC, 0x7C0C, 0x844C, 0x844D, 0x7C0C, 0x842C, 0x844D, 0x73EB, 0x740C, 0x52E8, 0x946C, 0xA530,
  0x844D, 0x7C0C, 0x7C0C, 0x8C6D, 0x844D, 0x844D, 0x7C0C, 0x7C0C, 0x7BEB, 0x5B29, 0x6308, 0x9CCE,
  0x6C0C, 0x6BEB, 0x6BEC, 0x6BEC, 0x73CC, 0x6B6A, 0x6349, 0x6B49, 0x62A6, 0x4A25, 0x3101, 0x6A64,
  0x51C2, 0x51C3, 0x51C3, 0x5A24, 0x5A23, 0x5A23, 0x5A04, 0x49A2, 0x6224, 0x3962, 0x10A2, 0x18E2,
  0x18E2, 0x18E2, 0x20E2, 0x20E2, 0x20E2, 0x20E2, 0x20E2, 0x2102, 0x20E2, 0x2123, 0x2122, 0x20E2,
  0x20E2, 0x2102, 0x18E2, 0x18E2, 0x20E2, 0x20E2, 0x18E2, 0x20E2, 0x18E2, 0x18C2, 0x18C2, 0x18C2,
  0x18C2, 0x10C2, 0x18C2, 0x18C2, 0x10A2, 0x20E2, 0x3142, 0x3142, 0x3142, 0x2901, 0x4182, 0x5A03,
  0x49C2, 0x4182, 0x5244, 0x6B07, 0x7327, 0x7B69, 0x7348, 0x7348, 0x7B69, 0x7B89, 0x7B89, 0x7B68,
  0x3289, 0x3268, 0x2A68, 0x42EA, 0x42EA, 0x32EA, 0x3AA9, 0x3A05, 0x41C4, 0x51C3, 0x51C2, 0x4162,
  0x3142, 0x3142, 0x3121, 0x3121, 0x3122, 0x3142, 0x3142, 0x3942, 0x3942, 0x3961, 0x49C2, 0x51C3,
  0x5A24, 0x7AC5, 0x7AC5, 0x7284, 0x6A44, 0x7264, 0x6A64, 0x6A64, 0x6A44, 0x6244, 0x5A03, 0x49A2,
  0x59E3, 0x6224, 0x5A03, 0x5A03, 0x6244, 0x6203, 0x6223, 0x6A44, 0x6A85, 0x6223, 0x6203, 0x6A84,
  0x7284, 0x6243, 0x6223, 0x6A64, 0x6A64, 0x6223, 0x6223, 0x7284, 0x6244, 0x3942, 0x4983, 0x6AA4,
  0x72C3, 0x6243, 0x6224, 0x6A44, 0x6A84, 0x6244, 0x6223, 0x6223, 0x6A64, 0x5A03, 0x4141, 0x5A03,
  0x6A64, 0x6243, 0x6223, 0x72A5, 0x6224, 0x5A03, 0x6244, 0x6243, 0x5A03, 0x49C3, 0x4163, 0x4162,
  0x41C4, 0x5B6A, 0x7C0C, 0x6BEC, 0x63CB, 0x8C6D, 0x740C, 0x53AB, 0x4BAC, 0x436C, 0x536C, 0x63EC,
  0x438B, 0x436C, 0x53AD, 0x640D, 0x6BED, 0x4BAC, 0x5BCD, 0x6BED, 0x3B4C, 0x53AC, 0x5BCD, 0x5BCD,
  0x6C2D, 0x434C, 0x4BAD, 0x4BAD, 0x73CD, 0x1903, 0x19A6, 0x19A6, 0x1184, 0x29E6, 0x42E9, 0x4B2A,
  0x432A, 0x432A, 0x430A, 0x432A, 0x4B4B, 0x4B4A, 0x4B6B, 0x4B2A, 0x3AC9, 0x52E8, 0x848E, 0x63AC,
  0x63AC, 0x63AB, 0x63AB, 0x5B8B, 0x63AC, 0x638B, 0x63AC, 0x5B8B, 0x63EC, 0x4AE9, 0x8C6D, 0x742D,
  0x63EC, 0x6BCC, 0x63CC, 0x63AC, 0x6BED, 0x63CC, 0x638B, 0x5B6B, 0x6BCC, 0x4AE9, 0x844D, 0x8CAF,
  0x63CC, 0x63AB, 0x63AB, 0x63AB, 0x6BEC, 0x6BED, 0x63AB, 0x5B8B, 0x638B, 0x5B6B, 0x5309, 0x848E,
  0x538B, 0x536A, 0x536B, 0x5B8B, 0x532A, 0x532A, 0x5B6A, 0x638A, 0x5AE7, 0x4225, 0x28E1, 0x6224,
  0x51E3, 0x51C3, 0x51C3, 0x6224, 0x5A23, 0x5A03, 0x59E3, 0x4982, 0x6224, 0x3962, 0x10A1, 0x20E2,
  0x20E2, 0x2102, 0x2102, 0x2922, 0x2922, 0x2922, 0x2102, 0x2922, 0x2922, 0x2922, 0x2922, 0x2102,
  0x2102, 0x2922, 0x2922, 0x3142, 0x2922, 0x2922, 0x2922, 0x2902, 0x20E2, 0x18C1, 0x20E2, 0x18C1,
  0x18E2, 0x18C1, 0x18C2, 0x18C2, 0x18C2, 0x18A2, 0x2922, 0x3121, 0x3142, 0x3142, 0x3141, 0x51E3,
  0x51E3, 0x49A2, 0x41C3, 0x62C6, 0x7347, 0x7B68, 0x7328, 0x7348, 0x7B68, 0x7B69, 0x7B69, 0x7B69,
  0x42CA, 0x42C9, 0x530A, 0x532A, 0x538C, 0x42EA, 0x31A4, 0x49C3, 0x59E3, 0x51C2, 0x51C3, 0x51C3,
  0x51C3, 0x49A3, 0x49A3, 0x4183, 0x3142, 0x20E1, 0x2901, 0x3142, 0x3122, 0x3962, 0x4162, 0x3942,
  0x3962, 0x49A2, 0x51E3, 0x6224, 0x72A5, 0x72A4, 0x8306, 0x7AC4, 0x7284, 0x72A4, 0x7264, 0x7285,
  0x7264, 0x6A64, 0x59C3, 0x51A2, 0x51E3, 0x59E3, 0x6224, 0x6224, 0x6223, 0x7284, 0x72A5, 0x6A64,
  0x59E2, 0x6244, 0x6A64, 0x6A44, 0x6223, 0x7264, 0x7285, 0x49A3, 0x3921, 0x5A03, 0x7AC5, 0x7284,
  0x6A44, 0x7284, 0x72A4, 0x6A64, 0x6A64, 0x6223, 0x6223, 0x6A64, 0x59E3, 0x51C2, 0x6A84, 0x6A43,
  0x6223, 0x6A64, 0x7284, 0x6A64, 0x6A44, 0x6A64, 0x6244, 0x6A84, 0x5A03, 0x3942, 0x5203, 0x6AA4,
  0x51C3, 0x3184, 0x636A, 0x842C, 0x7C0C, 0x740C, 0x6BEC, 0x53AC, 0x436C, 0x434B, 0x3B2B, 0x4BAC,
  0x6BED, 0x5BAC, 0x748F, 0x6C0D, 0x63ED, 0x6C0E, 0x5BAD, 0x4BAB, 0x640D, 0x6C2E, 0x5BCC, 0x642E,
  0x744E, 0x538C, 0x4B6C, 0x5BED, 0x7BCC, 0x10E2, 0x19C6, 0x21C6, 0x19A5, 0x31E6, 0x3288, 0x4309,
  0x4309, 0x430A, 0x430A, 0x432A, 0x4B6B, 0x4B6A, 0x4B4A, 0x4B4A, 0x3AC9, 0x636A, 0x7C2C, 0x5BAB,
  0x5BAB, 0x5B8B, 0x5BAB, 0x5BAB, 0x63AB, 0x5B8B, 0x63CC, 0x63AC, 0x63EC, 0x5309, 0x844D, 0x6BEC,
  0x63CC, 0x6BCC, 0x6BCC, 0x63EC, 0x6BEC, 0x6BCC, 0x63AB, 0x63AB, 0x63CC, 0x4B0A, 0x842C, 0x7C4D,
  0x6BCC, 0x6BEC, 0x73EC, 0x6BEC, 0x6BCC, 0x6BEC, 0x6BCC, 0x6BCC, 0x6BEC, 0x5B8B, 0x5329, 0x7C2C,
  0x4B2A, 0x5BAB, 0x5BAC, 0x534A, 0x536B, 0x538B, 0x538B, 0x5B29, 0x6B29, 0x4225, 0x2901, 0x6264,
  0x51E3, 0x51E3, 0x51E3, 0x59E3, 0x5A23, 0x5A23, 0x51E3, 0x4162, 0x6224, 0x4183, 0x10A1, 0x2102,
  0x2102, 0x2102, 0x2922, 0x2922, 0x2922, 0x2922, 0x2922, 0x2922, 0x3142, 0x2922, 0x3142, 0x2922,
  0x3143, 0x3142, 0x3142, 0x3143, 0x3142, 0x3142, 0x2922, 0x2922, 0x2922, 0x2922, 0x2902, 0x20E2,
  0x20E2, 0x20E2, 0x18E2, 0x18C2, 0x18E2, 0x18A2, 0x2102, 0x3142, 0x3942, 0x3942, 0x3142, 0x3982,
  0x5A24, 0x51C3, 0x4182, 0x6286, 0x7B48, 0x7327, 0x7B48, 0x7348, 0x7348, 0x7B68, 0x7B68, 0x7B69,
  0x32A9, 0x4B2B, 0x532B, 0x4B2A, 0x4AE9, 0x4A04, 0x51E4, 0x59E3, 0x4982, 0x51C3, 0x5A03, 0x51E3,
  0x51C3, 0x51C3, 0x51E4, 0x4183, 0x3942, 0x3942, 0x3942, 0x3942, 0x3102, 0x3142, 0x3122, 0x3121,
  0x3962, 0x4182, 0x3962, 0x3942, 0x4162, 0x4982, 0x5A03, 0x6244, 0x7284, 0x8306, 0x7AC5, 0x7AC5,
  0x7284, 0x6222, 0x7284, 0x72A4, 0x7284, 0x6224, 0x51E4, 0x4982, 0x59E3, 0x6244, 0x6204, 0x59E3,
  0x6A44, 0x6A43, 0x6223, 0x6A43, 0x7284, 0x6243, 0x4181, 0x49A3, 0x6A84, 0x7AC4, 0x7284, 0x7284,
  0x7285, 0x6A44, 0x6A84, 0x6A84, 0x6203, 0x6A43, 0x6A64, 0x59C3, 0x6223, 0x7AE5, 0x7284, 0x6223,
  0x6A64, 0x7AA5, 0x7284, 0x6A64, 0x6A64, 0x6A44, 0x6A85, 0x4982, 0x4982, 0x6244, 0x6A83, 0x51C2,
  0x4182, 0x4162, 0x4226, 0x7C2C, 0x6BAB, 0x5B8A, 0x6BEB, 0x7C2D, 0x5BCC, 0x5BAC, 0x6C2D, 0x6C4E,
  0x846E, 0x6C0C, 0x744E, 0x744E, 0x4B6C, 0x6C4E, 0x742E, 0x6BED, 0x6C2D, 0x5C2E, 0x5BED, 0x848E,
  0x6C4E, 0x6C2E, 0x536C, 0x744E, 0x6B28, 0x10E2, 0x19C6, 0x21C6, 0x19A5, 0x3206, 0x3247, 0x3288,
  0x3AC9, 0x430A, 0x4B2A, 0x4B2A, 0x4B2A, 0x432A, 0x432A, 0x536B, 0x430A, 0x636A, 0x740C, 0x5329,
  0x5B6B, 0x5BAC, 0x63AC, 0x5B8B, 0x5BAB, 0x5B8B, 0x63AC, 0x63CC, 0x63CC, 0x4AC8, 0x7C0C, 0x63CC,
  0x63CC, 0x63CC, 0x6BEC, 0x6BEC, 0x6BCC, 0x6BEC, 0x63CB, 0x63CC, 0x63EC, 0x4B09, 0x7C0C, 0x7C2C,
  0x63CC, 0x6BEC, 0x6BEC, 0x6BED, 0x6BEC, 0x6BEC, 0x6BCC, 0x63CC, 0x6C0D, 0x5B8B, 0x5309, 0x7C2D,
  0x536B, 0x5B8B, 0x5B8B, 0x536B, 0x538B, 0x536B, 0x538B, 0x5309, 0x636A, 0x4267, 0x2921, 0x6244,
  0x4982, 0x5203, 0x51E3, 0x59E3, 0x5A03, 0x6223, 0x51E3, 0x4161, 0x6224, 0x4183, 0x0881, 0x18C2,
  0x10A2, 0x18C2, 0x18C2, 0x18C2, 0x18C2, 0x18C2, 0x18C2, 0x18C2, 0x18C2, 0x18C2, 0x18C2, 0x10A1,
  0x18C2, 0x18C2, 0x18C2, 0x18C2, 0x18C2, 0x18C2, 0x18A1, 0x18C2, 0x18C2, 0x18C2, 0x18A2, 0x18C2,
  0x18C2, 0x18C2, 0x18C2, 0x10A1, 0x10A2, 0x1082, 0x18C2, 0x3122, 0x3942, 0x3942, 0x3942, 0x3941,
  0x5A04, 0x5A03, 0x49A2, 0x51E3, 0x6AE7, 0x6AE6, 0x6AE6, 0x7B48, 0x7B48, 0x7B68, 0x7B68, 0x7B68,
  0x432B, 0x534B, 0x4B4B, 0x3268, 0x41C3, 0x6244, 0x5A23, 0x59E3, 0x5204, 0x49A3, 0x51C3, 0x51E3,
  0x5A04, 0x51E3, 0x4162, 0x4182, 0x49C3, 0x49A3, 0x49A2, 0x49C3, 0x41A2, 0x41A2, 0x3962, 0x3922,
  0x3942, 0x2902, 0x3122, 0x3141, 0x4183, 0x3963, 0x3922, 0x3942, 0x4162, 0x4982, 0x5A03, 0x72C5,
  0x8306, 0x7AE6, 0x7284, 0x7AA5, 0x7244, 0x6A64, 0x6A83, 0x72A4, 0x6A64, 0x6203, 0x4982, 0x51C3,
  0x51C3, 0x51E3, 0x6244, 0x6A84, 0x49C2, 0x41A2, 0x6244, 0x7284, 0x6A43, 0x7284, 0x6A64, 0x6A44,
  0x6A43, 0x6A64, 0x7284, 0x6243, 0x6A44, 0x6A44, 0x6243, 0x7AC4, 0x72A4, 0x6244, 0x7284, 0x7284,
  0x7284, 0x7284, 0x6A44, 0x6244, 0x7284, 0x7264, 0x51A2, 0x49C2, 0x72A5, 0x6224, 0x51C3, 0x49A2,
  0x49C2, 0x5A24, 0x39A3, 0x52C8, 0x740C, 0x73EC, 0x6BEB, 0x7C2D, 0x640D, 0x5BCC, 0x5BCC, 0x53AC,
  0x538C, 0x6C6E, 0x5BED, 0x7C6F, 0x53CD, 0x5BED, 0x5BCD, 0x640E, 0x5C0D, 0x53ED, 0x438D, 0x6C0D,
  0x438D, 0x4BAE, 0x4B6C, 0x740D, 0x5AC8, 0x0903, 0x19A6, 0x21C6, 0x19A5, 0x3206, 0x2A27, 0x3247,
  0x3267, 0x42E9, 0x4309, 0x4309, 0x4309, 0x432A, 0x432A, 0x4B4A, 0x3AC9, 0x5B4A, 0x846D, 0x534A,
  0x536B, 0x5BAB, 0x638B, 0x5B8B, 0x5BAB, 0x5B8B, 0x5BAC, 0x5BAC, 0x63CC, 0x4AC8, 0x7C2C, 0x63CC,
  0x6BCC, 0x63CC, 0x6BED, 0x6BEC, 0x63CC, 0x63CC, 0x63CC, 0x63AC, 0x63EC, 0x42E9, 0x7BEC, 0x7C2C,
  0x63AC, 0x6BEC, 0x740C, 0x6BEC, 0x6BCC, 0x6BCC, 0x6BEC, 0x6BEC, 0x63AC, 0x5B8B, 0x52E8, 0x7C2D,
  0x538B, 0x5BAB, 0x538B, 0x5BAB, 0x5BAB, 0x5B8B, 0x536B, 0x534A, 0x5B29, 0x4A87, 0x2921, 0x5A24,
  0x49A2, 0x51E3, 0x51E3, 0x59E3, 0x51E3, 0x5A03, 0x49C3, 0x3962, 0x5A03, 0x3942, 0x0861, 0x10A2,
  0x10A2, 0x10A2, 0x10C2, 0x10C2, 0x10C2, 0x10C2, 0x10A2, 0x10A2, 0x10A2, 0x10C2, 0x10C2, 0x10C2,
  0x10C2, 0x10C2, 0x10A2, 0x10C2, 0x10C2, 0x10C2, 0x10A2, 0x18C2, 0x18C2, 0x10C2, 0x10A2, 0x10A2,
  0x10C2, 0x10A2, 0x10A2, 0x10A1, 0x1081, 0x1082, 0x10A1, 0x2902, 0x3962, 0x3142, 0x3142, 0x3121,
  0x51C3, 0x6244, 0x5204, 0x49A2, 0x6AC6, 0x6AE7, 0x6AA5, 0x7B48, 0x7B48, 0x7B89, 0x7B69, 0x7B89,
  0x5B8C, 0x432B, 0x3288, 0x39C3, 0x6A85, 0x51C2, 0x51E2, 0x5A23, 0x5203, 0x51E3, 0x5A04, 0x5A24,
  0x49C2, 0x49C2, 0x49C3, 0x51C3, 0x51E3, 0x51C3, 0x51E3, 0x51E3, 0x5A03, 0x5A24, 0x51E3, 0x4182,
  0x4182, 0x3962, 0x28E1, 0x20C1, 0x3122, 0x3141, 0x3121, 0x3942, 0x3962, 0x4182, 0x4162, 0x4142,
  0x4162, 0x59E3, 0x6243, 0x7AE5, 0x8305, 0x7AC5, 0x7AC5, 0x7264, 0x7A84, 0x7284, 0x72A4, 0x6A84,
  0x5A03, 0x51E3, 0x5203, 0x2901, 0x3921, 0x6A44, 0x6A64, 0x6A64, 0x6A64, 0x6243, 0x6223, 0x7284,
  0x7264, 0x6A64, 0x6A64, 0x6A64, 0x6244, 0x6A64, 0x82C4, 0x6A63, 0x6223, 0x7264, 0x72A4, 0x6A64,
  0x6A43, 0x6A23, 0x6223, 0x7284, 0x6224, 0x49A2, 0x6264, 0x6A63, 0x5A22, 0x5A03, 0x51E3, 0x5A04,
  0x51E3, 0x51C2, 0x51E3, 0x41C5, 0x6B8A, 0x73EB, 0x6BEC, 0x7C2D, 0x6C0D, 0x4B6B, 0x5BED, 0x53CD,
  0x53AC, 0x846D, 0x5BCC, 0x740E, 0x63CC, 0x6C0D, 0x84AF, 0x63ED, 0x640E, 0x5C0E, 0x6C0D, 0x742E,
  0x438C, 0x5BED, 0x5BED, 0x846F, 0x4206, 0x0903, 0x21A5, 0x21C6, 0x19A5, 0x3206, 0x2A07, 0x2A06,
  0x2A26, 0x3AA8, 0x4309, 0x4309, 0x4309, 0x432A, 0x430A, 0x4B4A, 0x3AC9, 0x5B29, 0x73EC, 0x5B6A,
  0x5BAB, 0x5B8B, 0x5B8B, 0x5B8B, 0x5BAB, 0x5BAB, 0x5BAB, 0x5B8B, 0x63EC, 0x4AC8, 0x842D, 0x6BEC,
  0x6BCC, 0x63CC, 0x63CC, 0x6BEC, 0x63CB, 0x63CC, 0x63CB, 0x63AC, 0x63CC, 0x42C8, 0x7BEB, 0x7C4D,
  0x5B8B, 0x63AB, 0x6BEC, 0x6C0D, 0x638B, 0x63AB, 0x740C, 0x6C0D, 0x63CC, 0x5B6B, 0x52E8, 0x7C2D,
  0x4B4A, 0x5BAC, 0x538B, 0x536B, 0x536B, 0x5B8B, 0x534B, 0x536B, 0x5B09, 0x4A46, 0x20E1, 0x49C3,
  0x49C3, 0x51C3, 0x51C2, 0x5A03, 0x51E3, 0x5203, 0x49A3, 0x4162, 0x5A03, 0x3122, 0x0881, 0x10A2,
  0x10A2, 0x18C2, 0x10C2, 0x10C2, 0x10C2, 0x10C2, 0x18C2, 0x10C2, 0x10A2, 0x18C2, 0x18C2, 0x18C2,
  0x18C2, 0x18C2, 0x10A2, 0x18C2, 0x18C2, 0x18C2, 0x18C2, 0x18C2, 0x10C2, 0x10C2, 0x10C2, 0x10A2,
  0x10C2, 0x10A2, 0x10A2, 0x10A2, 0x1082, 0x10A1, 0x1081, 0x20C2, 0x3142, 0x3122, 0x3142, 0x3142,
  0x4161, 0x6244, 0x5A24, 0x49A2, 0x5A44, 0x7327, 0x72E6, 0x8369, 0x7B69, 0x8389, 0x7B69, 0x7B69,
  0x536C, 0x42EB, 0x31A4, 0x59E2, 0x5A03, 0x49C3, 0x5203, 0x59E3, 0x6223, 0x6224, 0x49A2, 0x49A2,
  0x51C3, 0x5A24, 0x51E3, 0x5A03, 0x5A23, 0x6223, 0x6223, 0x6244, 0x6224, 0x6203, 0x6223, 0x6243,
  0x6264, 0x4182, 0x49C3, 0x5224, 0x49A3, 0x3962, 0x3942, 0x28E1, 0x3122, 0x3122, 0x3142, 0x3983,
  0x3962, 0x3962, 0x4182, 0x4162, 0x49A3, 0x5A03, 0x6A64, 0x8306, 0x82E6, 0x7AC5, 0x7AC4, 0x6A43,
  0x7264, 0x6A64, 0x6A44, 0x6A64, 0x6244, 0x49C3, 0x4982, 0x5A03, 0x5203, 0x51E2, 0x6A44, 0x6A64,
  0x6243, 0x6A64, 0x51C2, 0x6223, 0x7284, 0x7283, 0x6223, 0x6223, 0x7284, 0x72A4, 0x6A64, 0x6A63,
  0x6A43, 0x6A64, 0x6A65, 0x51C2, 0x59C2, 0x72A5, 0x6223, 0x51C2, 0x5A03, 0x6223, 0x6243, 0x51E3,
  0x51C3, 0x6244, 0x5A04, 0x2922, 0x5B4A, 0x7C4D, 0x742D, 0x6BEC, 0x73EC, 0x53CC, 0x5BCD, 0x4B8C,
  0x4B6C, 0x742E, 0x53CD, 0x746F, 0x63CD, 0x63ED, 0x742E, 0x5BCD, 0x63EE, 0x5BEE, 0x6C2E, 0x63CD,
  0x53CD, 0x5BED, 0x746E, 0x7BEC, 0x31E6, 0x08E3, 0x19A5, 0x21C6, 0x1985, 0x31E6, 0x2A07, 0x2A06,
  0x2A06, 0x3247, 0x3AC8, 0x430A, 0x4309, 0x430A, 0x432A, 0x4B4A, 0x3288, 0x52E8, 0x6BCC, 0x5B8B,
  0x5B8B, 0x5B8B, 0x5B4A, 0x5B8B, 0x5B8B, 0x5B8B, 0x536B, 0x5B8B, 0x63EC, 0x4AC8, 0x844D, 0x63CC,
  0x63CC, 0x63CC, 0x63CC, 0x6BCC, 0x6BCC, 0x6BEC, 0x63AB, 0x63AC, 0x63CB, 0x42C8, 0x7C0C, 0x844D,
  0x5B8B, 0x63AC, 0x6BCC, 0x6C0D, 0x6BCC, 0x6BCB, 0x6BCB, 0x6BCC, 0x6BEC, 0x5B6B, 0x52E9, 0x846E,
  0x536B, 0x5BAC, 0x536B, 0x4B2A, 0x536B, 0x5B8B, 0x534A, 0x536B, 0x636A, 0x4226, 0x20E1, 0x51C3,
  0x49A2, 0x51C3, 0x49A2, 0x5A03, 0x51E3, 0x51E3, 0x49A2, 0x4182, 0x6224, 0x3122, 0x0881, 0x10A2,
  0x10A2, 0x10A2, 0x10A2, 0x10A1, 0x10C2, 0x18C2, 0x18C2, 0x18C2, 0x18C2, 0x18C2, 0x18C2, 0x10C2,
  0x18C2, 0x18C2, 0x10C2, 0x18C2, 0x18C2, 0x10C2, 0x10C2, 0x10C2, 0x10C2, 0x18C2, 0x10C2, 0x10A2,
  0x10C2, 0x10A2, 0x10A2, 0x10A2, 0x1082, 0x10A1, 0x1082, 0x1082, 0x2922, 0x3122, 0x3122, 0x3942,
  0x3941, 0x51E3, 0x6244, 0x51E3, 0x49C3, 0x6285, 0x6AA5, 0x7B48, 0x8389, 0x83A9, 0x8389, 0x7B89,
  0x434C, 0x31E6, 0x51E4, 0x5A03, 0x5A03, 0x5A03, 0x5A24, 0x5A24, 0x51E3, 0x51E3, 0x5A04, 0x51E3,
  0x51E3, 0x5A24, 0x51E3, 0x59E3, 0x59E3, 0x6244, 0x6244, 0x6244, 0x6223, 0x6A84, 0x6A84, 0x6223,
  0x59E3, 0x6A84, 0x72A5, 0x6223, 0x51E3, 0x51E3, 0x51E3, 0x41A2, 0x41A2, 0x3942, 0x3122, 0x28E1,
  0x2901, 0x3962, 0x3982, 0x3962, 0x3961, 0x3962, 0x3942, 0x4982, 0x51C2, 0x6223, 0x82E6, 0x82E5,
  0x82E5, 0x7AC5, 0x7264, 0x7263, 0x7A84, 0x6223, 0x5A03, 0x7285, 0x5A24, 0x49A2, 0x49A2, 0x49A2,
  0x5A03, 0x51C2, 0x51E3, 0x72A5, 0x6A63, 0x6202, 0x6223, 0x7284, 0x6A64, 0x7285, 0x7264, 0x6A64,
  0x72A4, 0x6203, 0x4982, 0x6A64, 0x72A5, 0x5A03, 0x59E3, 0x6A44, 0x6A44, 0x6224, 0x5A03, 0x5A03,
  0x6223, 0x51A2, 0x49A3, 0x2962, 0x3A68, 0x5B6A, 0x63EC, 0x638A, 0x73EC, 0x53CC, 0x5BAC, 0x53AC,
  0x742D, 0x94B0, 0x6C2D, 0x744D, 0x4BAC, 0x6C0D, 0x5BCC, 0x53AC, 0x640E, 0x7C90, 0x8CAF, 0x538C,
  0x53CE, 0x4B8D, 0x8C6E, 0x52C7, 0x3207, 0x10E3, 0x19A5, 0x19A6, 0x19A5, 0x31E6, 0x2A07, 0x2A07,
  0x2A06, 0x2A06, 0x2A27, 0x3AC9, 0x4309, 0x42E9, 0x430A, 0x4B2A, 0x3288, 0x52E8, 0x6BEC, 0x536A,
  0x5B8B, 0x5B8B, 0x5B6B, 0x536A, 0x536B, 0x5B8B, 0x5B6B, 0x5B6B, 0x5BAC, 0x4AC8, 0x7BEC, 0x63AC,
  0x63AC, 0x63AC, 0x63AC, 0x63CC, 0x63CC, 0x6BEC, 0x63AB, 0x5B8B, 0x5B8B, 0x42C8, 0x7BEB, 0x7C2C,
  0x5B6A, 0x638B, 0x6BCB, 0x6BCC, 0x63AC, 0x6BCB, 0x638A, 0x63AB, 0x63CC, 0x5B6B, 0x5309, 0x846D,
  0x536A, 0x536B, 0x536B, 0x4B2A, 0x534B, 0x536B, 0x536B, 0x4B4A, 0x5B4A, 0x4267, 0x20E0, 0x4982,
  0x49A2, 0x49A2, 0x49A2, 0x5A03, 0x49C2, 0x51E3, 0x49A3, 0x49A2, 0x6224, 0x3122, 0x0881, 0x10A2,
  0x10A1, 0x10A1, 0x10A1, 0x10A1, 0x10C2, 0x18C2, 0x18C2, 0x18C2, 0x18C2, 0x18C2, 0x18C2, 0x18C2,
  0x10C2, 0x18C2, 0x18C2, 0x18C2, 0x18C2, 0x10A2, 0x10A2, 0x10C2, 0x10C2, 0x10C2, 0x10C2, 0x10A2,
  0x10C2, 0x10A2, 0x10A2, 0x10A2, 0x1082, 0x10A1, 0x1082, 0x1082, 0x20E1, 0x3942, 0x3942, 0x3142,
  0x3962, 0x4182, 0x6224, 0x51E3, 0x49C3, 0x49C3, 0x6A85, 0x7307, 0x7327, 0x83A9, 0x7B89, 0x7B88,
  0x3288, 0x41A3, 0x6224, 0x51E2, 0x5A24, 0x6244, 0x51E3, 0x5A03, 0x6223, 0x6223, 0x5A23, 0x5A04,
  0x59E3, 0x51C2, 0x6203, 0x6A64, 0x6244, 0x6223, 0x6223, 0x6A64, 0x7285, 0x6A44, 0x51E2, 0x6A64,
  0x7AA5, 0x6A44, 0x59E3, 0x59E3, 0x6224, 0x6224, 0x6223, 0x6243, 0x6223, 0x5203, 0x3962, 0x3921,
  0x3962, 0x3962, 0x2901, 0x2901, 0x3101, 0x3962, 0x3962, 0x3962, 0x4182, 0x4182, 0x49A3, 0x51A2,
  0x6A64, 0x7AE5, 0x72A5, 0x8B67, 0x82C5, 0x7284, 0x7264, 0x7284, 0x7AA4, 0x7AC5, 0x6A44, 0x5A04,
  0x49A2, 0x4161, 0x51E3, 0x51E3, 0x5A03, 0x72A4, 0x72A4, 0x6243, 0x6A65, 0x7285, 0x7284, 0x6A63,
  0x49A2, 0x51C3, 0x7AE5, 0x7284, 0x5A03, 0x6223, 0x6244, 0x6244, 0x5A23, 0x59E3, 0x6224, 0x6244,
  0x4981, 0x4981, 0x51E3, 0x3142, 0x4A67, 0x6B8A, 0x73EC, 0x73EB, 0x7C4D, 0x5BED, 0x53ED, 0x63ED,
  0x6C2D, 0x640D, 0x742D, 0x5BCC, 0x6C0E, 0x742E, 0x436B, 0x438D, 0x436C, 0x63ED, 0x5BCC, 0x5BEE,
  0x640E, 0x7C6F, 0x73CC, 0x31E5, 0x3207, 0x1124, 0x21A5, 0x19A6, 0x1985, 0x29C5, 0x29E7, 0x2A07,
  0x2A06, 0x2A07, 0x2A47, 0x3AC9, 0x430A, 0x430A, 0x430A, 0x4B4A, 0x3288, 0x4AC8, 0x6BEC, 0x5B8B,
  0x5BAC, 0x5B8B, 0x5B6B, 0x5B6A, 0x5B8B, 0x5BAC, 0x5B8B, 0x5B8B, 0x63EC, 0x42C8, 0x73EC, 0x63CC,
  0x63CC, 0x63EC, 0x63CC, 0x6BED, 0x6C0D, 0x6BEC, 0x6BCB, 0x63CC, 0x6C0C, 0x4AE9, 0x7BEB, 0x7C4D,
  0x5B8B, 0x6BCC, 0x6BEC, 0x6BED, 0x63AC, 0x6BCC, 0x6BEC, 0x63AC, 0x63CC, 0x5B6B, 0x52C8, 0x848E,
  0x536B, 0x5B8B, 0x538B, 0x4B6B, 0x4B4B, 0x536B, 0x538B, 0x534A, 0x5B09, 0x3A25, 0x18C0, 0x51C3,
  0x49A2, 0x49A2, 0x49A2, 0x5A03, 0x51C3, 0x51E3, 0x4182, 0x49A3, 0x5A03, 0x3101, 0x0861, 0x1081,
  0x1081, 0x10A2, 0x1081, 0x1081, 0x10A1, 0x10A2, 0x10A2, 0x1081, 0x1081, 0x10A1, 0x10A2, 0x1081,
  0x10A2, 0x18C2, 0x10A2, 0x10A1, 0x10A2, 0x10A1, 0x10A2, 0x10A2, 0x10A2, 0x10A2, 0x1081, 0x10A2,
  0x10C2, 0x10A2, 0x10A2, 0x1082, 0x1082, 0x1082, 0x1081, 0x1081, 0x10A1, 0x3942, 0x3962, 0x3962,
  0x3963, 0x3141, 0x51E3, 0x5A03, 0x51E3, 0x49A3, 0x6244, 0x7327, 0x7327, 0x7B89, 0x7B48, 0x7B68,
  0x2163, 0x5A04, 0x6244, 0x6223, 0x5A03, 0x51C2, 0x51C2, 0x6245, 0x6A65, 0x6244, 0x6223, 0x5A03,
  0x5A03, 0x6244, 0x6A64, 0x6A64, 0x6224, 0x6244, 0x72A4, 0x6A64, 0x6203, 0x6A23, 0x7AA5, 0x72A5,
  0x6223, 0x6203, 0x6244, 0x6244, 0x6224, 0x6A64, 0x6A84, 0x6244, 0x51C3, 0x4962, 0x49C2, 0x5A04,
  0x51E3, 0x4182, 0x4162, 0x3963, 0x3142, 0x3121, 0x3102, 0x3121, 0x3962, 0x3942, 0x4183, 0x41A3,
  0x49A2, 0x49A2, 0x49A3, 0x5A04, 0x6223, 0x7AC5, 0x7AE5, 0x8305, 0x7AA4, 0x7283, 0x6A43, 0x6A23,
  0x6A84, 0x72A5, 0x6A64, 0x51C3, 0x49A3, 0x49A3, 0x51C3, 0x59E3, 0x6A64, 0x7AC5, 0x5A24, 0x4983,
  0x6A64, 0x82E4, 0x6A63, 0x6223, 0x5A03, 0x6223, 0x6244, 0x6244, 0x6224, 0x6224, 0x59E3, 0x59E2,
  0x6224, 0x6A64, 0x49C3, 0x18C1, 0x4247, 0x52E8, 0x6BCC, 0x6BEC, 0x740D, 0x5BED, 0x5C2E, 0x53CD,
  0x5BED, 0x7C6E, 0x538C, 0x436C, 0x6C0E, 0x63ED, 0x63CD, 0x640E, 0x7C4D, 0x744D, 0x5C0E, 0x5C0E,
  0x53CD, 0x8C8E, 0x52C8, 0x29C5, 0x29C6, 0x10E3, 0x2184, 0x2185, 0x2164, 0x39E5, 0x21A5, 0x21A5,
  0x29C5, 0x29E6, 0x29E6, 0x3226, 0x3A88, 0x42A8, 0x3A87, 0x3A87, 0x3246, 0x5B08, 0x52E8, 0x4AE9,
  0x5309, 0x4B09, 0x4AE8, 0x52E8, 0x5309, 0x4B09, 0x5329, 0x5308, 0x4B09, 0x4AA7, 0x6B49, 0x52E9,
  0x5329, 0x4AE9, 0x4B09, 0x5309, 0x4B09, 0x4AE8, 0x5308, 0x5309, 0x4AE8, 0x4287, 0x7BEB, 0x5B29,
  0x4AE8, 0x5B4A, 0x5309, 0x4AE8, 0x4AE9, 0x5309, 0x532A, 0x5309, 0x5309, 0x4287, 0x5AE8, 0x636A,
  0x42A7, 0x42C8, 0x4AE8, 0x4AE8, 0x4B09, 0x4287, 0x4AE8, 0x5309, 0x4AA7, 0x39C4, 0x18C0, 0x59E3,
  0x4182, 0x49C3, 0x51C3, 0x51E3, 0x51C3, 0x51E3, 0x4182, 0x49A2, 0x5A03, 0x3142, 0x0861, 0x10A2,
  0x1082, 0x1082, 0x10A1, 0x1081, 0x1081, 0x10A2, 0x10A1, 0x10A1, 0x10A1, 0x10A2, 0x10A1, 0x10A2,
  0x10A2, 0x10A1, 0x10A1, 0x10A1, 0x10A1, 0x10A1, 0x10A2, 0x10A1, 0x10A2, 0x10A1, 0x1081, 0x1081,
  0x1081, 0x1081, 0x1081, 0x1081, 0x1081, 0x1081, 0x1081, 0x1081, 0x1081, 0x2922, 0x3962, 0x3962,
  0x3122, 0x3962, 0x41A2, 0x6224, 0x51E3, 0x49A2, 0x5224, 0x6AE6, 0x7327, 0x7B88, 0x7348, 0x7B68,
  0x3122, 0x6265, 0x51E3, 0x51A2, 0x59C3, 0x6224, 0x6A65, 0x6244, 0x5A03, 0x59E3, 0x6203, 0x6244,
  0x6244, 0x6223, 0x6223, 0x6244, 0x72A4, 0x72A5, 0x6203, 0x6223, 0x7AE5, 0x7AA5, 0x7264, 0x6A43,
  0x6243, 0x6A64, 0x6A43, 0x6A64, 0x7284, 0x7284, 0x6224, 0x5A03, 0x51C2, 0x5A03, 0x6A85, 0x59E3,
  0x51C2, 0x5A04, 0x6225, 0x51C3, 0x4182, 0x49A2, 0x49C2, 0x3142, 0x18A1, 0x3101, 0x3942, 0x3962,
  0x3962, 0x41A3, 0x41A3, 0x3961, 0x4182, 0x4982, 0x51C3, 0x5A03, 0x6A64, 0x7AE6, 0x7AE6, 0x72A5,
  0x7284, 0x7A84, 0x7264, 0x7264, 0x6243, 0x6243, 0x6244, 0x49A2, 0x51C3, 0x4142, 0x3101, 0x6A84,
  0x72A4, 0x6224, 0x6223, 0x59E2, 0x6223, 0x6224, 0x6223, 0x6A85, 0x6244, 0x51C2, 0x5A03, 0x6223,
  0x6223, 0x6A84, 0x4142, 0x18C1, 0x4287, 0x636A, 0x8C6D, 0x8C8E, 0x6C0D, 0x4B8C, 0x4BAC, 0x4B8C,
  0x53CC, 0x6C4E, 0x436B, 0x640D, 0x5BAC, 0x438C, 0x438B, 0x5BED, 0x7C8F, 0x4B6C, 0x63CE, 0x63ED,
  0x8CD0, 0x7BAB, 0x31E6, 0x29C6, 0x29C6, 0x1923, 0x29C5, 0x3206, 0x29E5, 0x4225, 0x3226, 0x3206,
  0x3225, 0x3A87, 0x3A46, 0x42A7, 0x4B09, 0x5B4A, 0x5B4A, 0x5B29, 0x4AC8, 0x7BAA, 0x842C, 0x636A,
  0x6BCB, 0x7C0C, 0x73CB, 0x73CB, 0x73EB, 0x73CB, 0x73EB, 0x73CB, 0x6B8A, 0x5AE8, 0x8C2B, 0x7BEB,
  0x6B8A, 0x636A, 0x73CB, 0x73AB, 0x73AB, 0x6BAA, 0x6BAA, 0x6BAB, 0x6B8A, 0x4AA7, 0x83EA, 0x840B,
  0x6BAA, 0x73CA, 0x73AA, 0x73AA, 0x73CB, 0x73EB, 0x73AB, 0x73AB, 0x6B69, 0x52E8, 0x6B49, 0x842C,
  0x5B49, 0x5B49, 0x6BCC, 0x638B, 0x638C, 0x5B2A, 0x5B6B, 0x63AC, 0x5B6A, 0x4267, 0x18A0, 0x51E3,
  0x4182, 0x49C3, 0x51C2, 0x51C3, 0x49C3, 0x5203, 0x4182, 0x49A2, 0x5A03, 0x3942, 0x0861, 0x10A2,
  0x1082, 0x10A2, 0x10A2, 0x10A2, 0x10A2, 0x10A2, 0x10C2, 0x10A2, 0x10A2, 0x10A2, 0x10A2, 0x10C2,
  0x10A2, 0x10A2, 0x10A2, 0x10A2, 0x10A2, 0x10A2, 0x10C2, 0x10A2, 0x10A2, 0x10A2, 0x10A2, 0x10A1,
  0x10A2, 0x10A1, 0x1082, 0x1082, 0x1081, 0x10A1, 0x1081, 0x1082, 0x1081, 0x18C1, 0x3142, 0x3942,
  0x3942, 0x3962, 0x3962, 0x5203, 0x5A03, 0x49C2, 0x4162, 0x5224, 0x7307, 0x8388, 0x7327, 0x7B68,
  0x3122, 0x4981, 0x49A2, 0x5A04, 0x6245, 0x6244, 0x6224, 0x5A03, 0x6223, 0x6244, 0x6A44, 0x6223,
  0x5A02, 0x6223, 0x7284, 0x72C5, 0x6203, 0x6223, 0x7284, 0x7AE6, 0x72A5, 0x6A64, 0x6A64, 0x7284,
  0x6A64, 0x6A64, 0x7284, 0x6A85, 0x6244, 0x59E3, 0x59C3, 0x5A23, 0x6A84, 0x6244, 0x51A2, 0x59E2,
  0x6A64, 0x6A65, 0x59E3, 0x51A2, 0x6223, 0x6244, 0x4162, 0x3922, 0x49C3, 0x49C3, 0x49A3, 0x4182,
  0x3101, 0x3942, 0x3942, 0x3121, 0x3962, 0x41A3, 0x4182, 0x3942, 0x3942, 0x4982, 0x51E3, 0x6244,
  0x7284, 0x82E5, 0x8B26, 0x7AA4, 0x7284, 0x6A43, 0x6A43, 0x6A64, 0x6A85, 0x51E3, 0x6224, 0x5A22,
  0x51C2, 0x51C3, 0x49E3, 0x5A04, 0x6224, 0x6223, 0x6244, 0x51C2, 0x5A03, 0x5A03, 0x6223, 0x6203,
  0x6243, 0x5A03, 0x30E1, 0x2943, 0x4AA8, 0x6BAB, 0x7C2D, 0x7C2D, 0x746E, 0x6C0D, 0x744D, 0x6C2E,
  0x7C6F, 0x6BEE, 0x744F, 0x848E, 0x640D, 0x6C2F, 0x63CD, 0x740E, 0x53CD, 0x438D, 0x436D, 0x4B6C,
  0x8C8E, 0x4A87, 0x29C6, 0x21C6, 0x3207, 0x1944, 0x1985, 0x21C6, 0x1985, 0x29A5, 0x2A07, 0x21E6,
  0x21C6, 0x3248, 0x3248, 0x3268, 0x3247, 0x3AA9, 0x3AC9, 0x430A, 0x3AC9, 0x5329, 0x6BED, 0x430A,
  0x430A, 0x42E9, 0x430A, 0x4B2A, 0x4B4A, 0x4309, 0x4B2A, 0x536B, 0x538B, 0x3A87, 0x846D, 0x744E,
  0x5B8B, 0x5BAB, 0x63CC, 0x638B, 0x5B8B, 0x63AB, 0x5BAB, 0x5B8B, 0x63CC, 0x3AC8, 0x6BAA, 0x8CCF,
  0x740D, 0x6BEC, 0x6BCB, 0x63CC, 0x5B8B, 0x6BED, 0x6BCC, 0x63AC, 0x6BCC, 0x5B8C, 0x4AC8, 0x7C6F,
  0x5BAC, 0x4B4B, 0x432A, 0x432A, 0x4B6B, 0x434A, 0x434B, 0x4B2A, 0x4B4B, 0x3206, 0x18C0, 0x5204,
  0x4182, 0x49A2, 0x49C2, 0x51C3, 0x49A2, 0x51E3, 0x4182, 0x49A2, 0x6223, 0x3942, 0x0861, 0x10A2,
  0x1082, 0x10A2, 0x10A2, 0x10A2, 0x10A2, 0x10A1, 0x10A2, 0x10A2, 0x10A2, 0x10A2, 0x10A2, 0x10A2,
  0x10A2, 0x10A2, 0x10A2, 0x10A2, 0x10A1, 0x10A1, 0x10A2, 0x10A2, 0x10A2, 0x10A1, 0x10A2, 0x10A2,
  0x10A2, 0x10A2, 0x1082, 0x1082, 0x1081, 0x1081, 0x1081, 0x1081, 0x1082, 0x1081, 0x2922, 0x3962,
  0x3962, 0x3942, 0x3942, 0x41A2, 0x6244, 0x51E3, 0x49A3, 0x49A3, 0x7307, 0x8368, 0x7327, 0x7B69,
  0x41A3, 0x6244, 0x6244, 0x6A65, 0x5A03, 0x51E3, 0x5A03, 0x6244, 0x6A64, 0x6243, 0x6223, 0x6223,
  0x6A64, 0x7AC5, 0x7264, 0x6223, 0x6A44, 0x7AC5, 0x7284, 0x6A44, 0x6A44, 0x6223, 0x6263, 0x6A63,
  0x6A44, 0x72A4, 0x72A5, 0x5A03, 0x4982, 0x6224, 0x6244, 0x6244, 0x51E3, 0x51E3, 0x6223, 0x6A64,
  0x6A84, 0x5A03, 0x51C2, 0x6244, 0x5A03, 0x4181, 0x49C3, 0x6A64, 0x7264, 0x5A03, 0x59E3, 0x5A03,
  0x51E3, 0x4182, 0x3962, 0x3121, 0x3121, 0x3141, 0x3962, 0x3962, 0x3962, 0x4162, 0x4162, 0x4162,
  0x3962, 0x49A2, 0x6A64, 0x7284, 0x8B47, 0x7B06, 0x7AA4, 0x7AC4, 0x7284, 0x7A84, 0x7AA4, 0x7284,
  0x6A65, 0x6203, 0x6223, 0x51C3, 0x49A2, 0x51E3, 0x51C2, 0x5A03, 0x6244, 0x6224, 0x6224, 0x6A64,
  0x6A84, 0x3921, 0x20E2, 0x29C4, 0x5329, 0x740C, 0x6BEC, 0x7C2D, 0x5BCB, 0x63EC, 0x63ED, 0x640D,
  0x844D, 0x53AB, 0x640D, 0x640D, 0x640E, 0x63ED, 0x848E, 0x63CC, 0x538C, 0x4BCE, 0x438C, 0x846E,
  0x6B4A, 0x21E6, 0x29E7, 0x21C6, 0x2A07, 0x1124, 0x1985, 0x21C6, 0x1985, 0x3206, 0x2A27, 0x21E6,
  0x2A06, 0x3267, 0x3268, 0x3267, 0x3288, 0x3247, 0x3288, 0x3AC9, 0x32C8, 0x5329, 0x534A, 0x42E9,
  0x4309, 0x3AE9, 0x4309, 0x4B2A, 0x4309, 0x42E9, 0x4309, 0x4B2A, 0x4B6B, 0x3A88, 0x73CC, 0x5B8B,
  0x536B, 0x536B, 0x536B, 0x5B6B, 0x5B6B, 0x5B8B, 0x5B8B, 0x536B, 0x5B8B, 0x42C9, 0x7BEC, 0x7C4E,
  0x63CC, 0x63CC, 0x63AB, 0x63CC, 0x5BAC, 0x63CC, 0x5BAC, 0x5B8B, 0x5B8B, 0x536B, 0x52E9, 0x7C4E,
  0x4B2A, 0x536B, 0x4B4A, 0x4B4B, 0x4B4B, 0x432A, 0x432A, 0x4B4B, 0x4B6B, 0x3247, 0x18A0, 0x5A03,
  0x49A2, 0x49C3, 0x49A2, 0x49C3, 0x49A2, 0x51E3, 0x49A2, 0x49C3, 0x5A03, 0x3942, 0x0861, 0x10A2,
  0x10A2, 0x10A2, 0x10A2, 0x10A2, 0x10A2, 0x10A1, 0x10A1, 0x10A2, 0x10A2, 0x10A2, 0x10A2, 0x10A2,
  0x10A2, 0x10A2, 0x10A1, 0x10A1, 0x10A2, 0x10A2, 0x10A2, 0x10A1, 0x10A2, 0x10A2, 0x10A2, 0x10A2,
  0x10A1, 0x10A2, 0x10A2, 0x10A2, 0x1082, 0x1082, 0x1081, 0x1081, 0x10A2, 0x1081, 0x18A1, 0x3962,
  0x3942, 0x3942, 0x4162, 0x3121, 0x51E3, 0x5A03, 0x51C3, 0x4183, 0x7308, 0x7B68, 0x6AA5, 0x7B48,
  0x5204, 0x7284, 0x6203, 0x5A03, 0x51E3, 0x6203, 0x7285, 0x6A44, 0x6A44, 0x6243, 0x6A43, 0x72C4,
  0x7AC5, 0x6A84, 0x6224, 0x7284, 0x72A4, 0x6A23, 0x6223, 0x6A44, 0x6223, 0x6244, 0x6A84, 0x6243,
  0x6244, 0x6A84, 0x59E3, 0x5A03, 0x6A64, 0x6A64, 0x6223, 0x51E2, 0x5A03, 0x6A64, 0x6A64, 0x6A44,
  0x5A03, 0x6244, 0x6A84, 0x5A02, 0x49A3, 0x6A85, 0x7283, 0x6A43, 0x6223, 0x6203, 0x6243, 0x6A84,
  0x5A03, 0x51C2, 0x5A03, 0x51E3, 0x49C3, 0x3962, 0x3962, 0x3142, 0x3121, 0x3121, 0x3962, 0x4182,
  0x41A2, 0x4162, 0x3961, 0x3961, 0x4182, 0x51E3, 0x6243, 0x7B05, 0x82E5, 0x7AC5, 0x7AA4, 0x7284,
  0x7284, 0x6A64, 0x7284, 0x7264, 0x6A44, 0x6A44, 0x51E4, 0x49A3, 0x6A64, 0x6A64, 0x6A64, 0x6A85,
  0x4182, 0x3102, 0x2102, 0x42A7, 0x7C2C, 0x844D, 0x73EC, 0x740D, 0x640D, 0x6C0D, 0x538C, 0x6C0D,
  0x846E, 0x4BAB, 0x53CD, 0x53CD, 0x4B8D, 0x744D, 0x94F0, 0x5BCE, 0x53AD, 0x436C, 0x7C6F, 0x73AA,
  0x4267, 0x19A6, 0x3207, 0x29E6, 0x29C7, 0x1104, 0x1985, 0x21C6, 0x1965, 0x31E5, 0x2A27, 0x2206,
  0x2206, 0x2A47, 0x3267, 0x3267, 0x3267, 0x3268, 0x3267, 0x3AC8, 0x3288, 0x4AE8, 0x4B2A, 0x3AE9,
  0x42E9, 0x42E9, 0x430A, 0x430A, 0x42E9, 0x430A, 0x4B2A, 0x4B2A, 0x4B4A, 0x3A67, 0x73EC, 0x5B8B,
  0x5B6B, 0x5B8B, 0x5B8B, 0x5B8B, 0x5B8B, 0x638B, 0x638B, 0x5B8B, 0x5B6A, 0x42C9, 0x7C0C, 0x742D,
  0x63AC, 0x63CC, 0x63CC, 0x6BED, 0x63CC, 0x63CC, 0x5B8B, 0x5B8B, 0x63AC, 0x534A, 0x52E8, 0x846E,
  0x4B6B, 0x4B6A, 0x536B, 0x4B4B, 0x4B2A, 0x430A, 0x4B0A, 0x432A, 0x4B6B, 0x3227, 0x18A0, 0x5A24,
  0x49A2, 0x49C3, 0x49A2, 0x49C3, 0x49A2, 0x51E3, 0x4182, 0x49C3, 0x5A03, 0x3942, 0x0881, 0x10A2,
  0x10A2, 0x1082, 0x10A2, 0x10A2, 0x10A2, 0x10A2, 0x10A2, 0x10A1, 0x10A2, 0x10A2, 0x10A2, 0x10A2,
  0x10A2, 0x10A1, 0x10A1, 0x1081, 0x10A2, 0x10A2, 0x10A2, 0x10A1, 0x10C2, 0x10A1, 0x10A2, 0x1081,
  0x10A2, 0x10A2, 0x10A2, 0x10A1, 0x10A2, 0x1082, 0x0882, 0x1082, 0x1081, 0x10A1, 0x1082, 0x3143,
  0x3941, 0x3942, 0x3942, 0x3942, 0x4162, 0x5A24, 0x51E2, 0x49A2, 0x6245, 0x6285, 0x5A64, 0x7B69,
  0x4183, 0x6202, 0x59C2, 0x5A23, 0x6224, 0x6A65, 0x6A84, 0x6223, 0x6224, 0x6A63, 0x6AA4, 0x6224,
  0x6A23, 0x7284, 0x7AC5, 0x7264, 0x6223, 0x6223, 0x7284, 0x7284, 0x6A44, 0x6A44, 0x6243, 0x6A44,
  0x6A64, 0x6224, 0x6A64, 0x6A84, 0x6223, 0x59C2, 0x5A03, 0x6244, 0x6A64, 0x6A64, 0x6223, 0x6244,
  0x6AA4, 0x6A44, 0x51C3, 0x6A65, 0x7AE5, 0x6223, 0x59E3, 0x6A43, 0x6A43, 0x6A64, 0x72A5, 0x6A64,
  0x6243, 0x6244, 0x6243, 0x6244, 0x49A2, 0x51A3, 0x51A3, 0x49A2, 0x41A3, 0x3942, 0x4162, 0x3941,
  0x3121, 0x3122, 0x3983, 0x4162, 0x4162, 0x4183, 0x3941, 0x4161, 0x49A2, 0x5A03, 0x72C5, 0x8306,
  0x7AE5, 0x7284, 0x7284, 0x6A63, 0x7AE5, 0x72A5, 0x49C3, 0x2900, 0x5A02, 0x72A4, 0x72A5, 0x4162,
  0x2902, 0x20E2, 0x31E5, 0x5B09, 0x6BCB, 0x740C, 0x7C4D, 0x538C, 0x53AB, 0x4B8C, 0x538B, 0x7C6E,
  0x53AC, 0x6BCD, 0x744E, 0x63EE, 0x6BEE, 0x640E, 0x644E, 0x6C4E, 0x742E, 0x846F, 0x73AB, 0x5287,
  0x3A26, 0x1986, 0x31E6, 0x3227, 0x2A07, 0x1103, 0x1985, 0x21C6, 0x1965, 0x31E5, 0x2A27, 0x2206,
  0x21E6, 0x2A26, 0x3268, 0x3267, 0x3268, 0x3267, 0x3267, 0x3288, 0x32A9, 0x5329, 0x4B2A, 0x3AC8,
  0x42E9, 0x42E9, 0x3AE9, 0x42E9, 0x4309, 0x42E9, 0x3AC9, 0x4309, 0x4B2A, 0x3A67, 0x73EC, 0x5B6B,
  0x536B, 0x536B, 0x536B, 0x5B6B, 0x5B8B, 0x5B8B, 0x5B8B, 0x5BAB, 0x5B8B, 0x42C9, 0x7C0C, 0x744D,
  0x63CC, 0x63CC, 0x63CC, 0x63CC, 0x63CC, 0x5BAC, 0x5B8B, 0x5B6B, 0x5B8B, 0x534B, 0x52E8, 0x740D,
  0x432A, 0x4B4A, 0x4B4B, 0x4B09, 0x532A, 0x4B09, 0x4B2A, 0x4B4A, 0x4B6B, 0x3227, 0x18A0, 0x5204,
  0x4161, 0x4982, 0x4982, 0x49C3, 0x4182, 0x51E3, 0x4162, 0x4982, 0x5A44, 0x3942, 0x0861, 0x10A1,
  0x1082, 0x1081, 0x10A1, 0x10A2, 0x10A2, 0x10A2, 0x10A2, 0x10A2, 0x10A1, 0x10A2, 0x10A2, 0x10A2,
  0x10A2, 0x1082, 0x1082, 0x1082, 0x1082, 0x1082, 0x10A2, 0x10A2, 0x10A2, 0x1082, 0x10A2, 0x1082,
  0x1082, 0x10A2, 0x10A2, 0x10A2, 0x1081, 0x1081, 0x0881, 0x1081, 0x1081, 0x1081, 0x1081, 0x20C1,
  0x3962, 0x3141, 0x3962, 0x3942, 0x3941, 0x51E3, 0x5203, 0x51E3, 0x51E3, 0x6264, 0x7307, 0x8389,
  0x3121, 0x6A64, 0x6224, 0x5A23, 0x6A44, 0x6A64, 0x6204, 0x6243, 0x6AA4, 0x6224, 0x59E3, 0x6A64,
  0x7AC5, 0x7264, 0x6A44, 0x6A43, 0x6A43, 0x72A5, 0x7284, 0x6223, 0x6A44, 0x6A64, 0x6A64, 0x6A44,
  0x6A64, 0x6A84, 0x5A03, 0x59C3, 0x6244, 0x6243, 0x6244, 0x6A64, 0x6243, 0x6223, 0x6A64, 0x6A64,
  0x51C3, 0x5203, 0x7AC5, 0x7AA5, 0x6A43, 0x6223, 0x6243, 0x6A64, 0x7A85, 0x7284, 0x7264, 0x72A4,
  0x7284, 0x6244, 0x51E3, 0x51C3, 0x59E3, 0x59E3, 0x6A44, 0x6244, 0x51C2, 0x5A04, 0x5204, 0x49A3,
  0x4181, 0x3962, 0x20E1, 0x20A0, 0x3101, 0x3942, 0x3962, 0x4183, 0x3962, 0x3961, 0x4162, 0x4982,
  0x51E2, 0x6264, 0x72C4, 0x8306, 0x51E3, 0x2901, 0x3142, 0x28E1, 0x5A24, 0x6A65, 0x4161, 0x3942,
  0x20E1, 0x1963, 0x5B6B, 0x7C2D, 0x844D, 0x7C8E, 0x742D, 0x5BCC, 0x5BED, 0x6C2D, 0x7C8F, 0x6C0D,
  0x4B8C, 0x4B8C, 0x53AC, 0x742E, 0x6C2D, 0x6C0D, 0x540E, 0x3BAC, 0x6C0D, 0x842D, 0x4A87, 0x31E5,
  0x3207, 0x21A6, 0x3207, 0x29E6, 0x21A6, 0x08E3, 0x1985, 0x21C6, 0x1965, 0x29E5, 0x2A27, 0x2A06,
  0x29E6, 0x2A06, 0x2A26, 0x3267, 0x3268, 0x3288, 0x3268, 0x3A88, 0x3268, 0x4AE8, 0x4B2A, 0x3AE9,
  0x3AE9, 0x4309, 0x42E9, 0x4309, 0x3AE9, 0x3AC8, 0x3AE9, 0x42E9, 0x4B2A, 0x3A67, 0x73EC, 0x5B8B,
  0x536B, 0x538B, 0x534B, 0x536B, 0x5B6B, 0x5B8B, 0x5B8B, 0x5B8B, 0x5B8B, 0x42C8, 0x73EB, 0x6BEC,
  0x536A, 0x63CC, 0x63EC, 0x63CC, 0x5BAB, 0x5B8B, 0x5B8B, 0x5B6B, 0x5B8B, 0x4B2A, 0x52C8, 0x73ED,
  0x430A, 0x4B4A, 0x4B4B, 0x4B09, 0x5329, 0x532A, 0x4B2A, 0x4B2A, 0x4B6B, 0x3247, 0x18C0, 0x51E4,
  0x4182, 0x4182, 0x4182, 0x49A3, 0x4183, 0x49C3, 0x3962, 0x49A3, 0x51E2, 0x2921, 0x0861, 0x10A1,
  0x1082, 0x1081, 0x1081, 0x1081, 0x1081, 0x1081, 0x1081, 0x10A1, 0x1081, 0x1081, 0x10A1, 0x1081,
  0x1081, 0x1081, 0x1081, 0x1081, 0x1081, 0x1081, 0x1081, 0x10A1, 0x1081, 0x10A1, 0x10A1, 0x10A1,
  0x1081, 0x1081, 0x10A1, 0x10A1, 0x1081, 0x1081, 0x1081, 0x1081, 0x10A2, 0x1081, 0x1081, 0x18A1,
  0x3962, 0x3141, 0x3962, 0x3942, 0x3942, 0x4182, 0x5204, 0x5203, 0x51E3, 0x5A24, 0x7B48, 0x8389,
  0x28E1, 0x6264, 0x7285, 0x5A02, 0x6A44, 0x6A64, 0x6A64, 0x6A85, 0x59E3, 0x59E3, 0x7AA4, 0x7285,
  0x5A03, 0x59E3, 0x6243, 0x72A4, 0x72A4, 0x6A43, 0x6223, 0x6A64, 0x7285, 0x6244, 0x6223, 0x6A64,
  0x59E3, 0x59C2, 0x6203, 0x6223, 0x6A64, 0x6224, 0x6244, 0x6A43, 0x6A43, 0x72A5, 0x5A04, 0x49A2,
  0x6223, 0x82E5, 0x7284, 0x6A63, 0x7AE5, 0x6A64, 0x6A44, 0x72A5, 0x82E5, 0x7284, 0x7AA4, 0x7AE5,
  0x6A64, 0x4982, 0x51C2, 0x6A85, 0x6A44, 0x6A85, 0x6A64, 0x6A64, 0x6A44, 0x6244, 0x59E3, 0x5A03,
  0x6A64, 0x4982, 0x3101, 0x41C3, 0x3942, 0x3941, 0x3121, 0x3141, 0x3942, 0x3962, 0x4182, 0x4182,
  0x3941, 0x3921, 0x3942, 0x41A3, 0x28C1, 0x3121, 0x3142, 0x18C1, 0x2922, 0x3961, 0x4162, 0x3122,
  0x2942, 0x4AC7, 0x63CB, 0x6C0B, 0x73EC, 0x7C2E, 0x63ED, 0x5B8B, 0x536B, 0x8CAF, 0x6C0C, 0x4BAC,
  0x53CE, 0x640D, 0x7C6F, 0x53CC, 0x4B8C, 0x744F, 0x7C70, 0x7C4E, 0x83EB, 0x52A7, 0x3A26, 0x21A5,
  0x2A27, 0x21A5, 0x29C6, 0x21E6, 0x21A6, 0x1104, 0x1985, 0x21C6, 0x1985, 0x29E5, 0x2A07, 0x2A06,
  0x2A06, 0x21E6, 0x21E6, 0x2A26, 0x3267, 0x3267, 0x3268, 0x3A88, 0x2A47, 0x4AA7, 0x4B09, 0x3AE9,
  0x430A, 0x42E9, 0x3AE9, 0x42E9, 0x42E9, 0x42E9, 0x42E9, 0x4309, 0x4309, 0x3247, 0x6B8B, 0x4B2A,
  0x534A, 0x536B, 0x4B09, 0x532A, 0x5B8B, 0x534A, 0x536A, 0x536B, 0x63AB, 0x42C8, 0x6BAA, 0x6BEC,
  0x536A, 0x5B8B, 0x63CC, 0x5BAC, 0x536B, 0x5B8B, 0x536B, 0x5B8B, 0x5B8B, 0x4B2A, 0x52E8, 0x7C4E,
  0x4B6B, 0x4B6B, 0x4B2A, 0x4B2A, 0x534A, 0x4B09, 0x4B2A, 0x4B4B, 0x536B, 0x3247, 0x18C0, 0x49C3,
  0x49A2, 0x4182, 0x4182, 0x49C3, 0x4182, 0x49C3, 0x3961, 0x49A3, 0x51E3, 0x2901, 0x10A1, 0x18C2,
  0x18C2, 0x20E2, 0x18E2, 0x18E2, 0x18E2, 0x18E2, 0x18E2, 0x20E2, 0x18E2, 0x18E2, 0x20E2, 0x18E2,
  0x20E2, 0x20E2, 0x20E2, 0x2102, 0x2902, 0x2922, 0x2102, 0x2102, 0x2102, 0x2922, 0x2102, 0x2922,
  0x2922, 0x2102, 0x2102, 0x20E2, 0x18E2, 0x18C2, 0x18A2, 0x1081, 0x18C2, 0x18C2, 0x18C2, 0x18C1,
  0x2902, 0x3142, 0x3962, 0x3942, 0x3962, 0x3942, 0x49C3, 0x5A03, 0x5A03, 0x51E3, 0x6AC6, 0x6AC6,
  0x3963, 0x49A2, 0x72A6, 0x6A84, 0x7AA5, 0x72A4, 0x6223, 0x59E2, 0x72A5, 0x72A5, 0x6223, 0x5A03,
  0x6203, 0x6A64, 0x7284, 0x6A44, 0x6A44, 0x6A43, 0x7284, 0x6A64, 0x51A2, 0x5A24, 0x5A23, 0x51C2,
  0x5A03, 0x6244, 0x6224, 0x5A03, 0x6203, 0x6A64, 0x6A64, 0x7284, 0x72A5, 0x51C2, 0x59E3, 0x7B06,
  0x72A4, 0x6A64, 0x72A5, 0x7AC5, 0x6A44, 0x6A43, 0x7AC4, 0x7AC4, 0x7284, 0x72A4, 0x7AE5, 0x6A43,
  0x59C2, 0x6203, 0x6A63, 0x7AC4, 0x7AA4, 0x6A63, 0x6A64, 0x6A84, 0x6A64, 0x6223, 0x6A43, 0x6A85,
  0x49A2, 0x51A2, 0x6A85, 0x6A64, 0x51C2, 0x49A3, 0x49C3, 0x4161, 0x3942, 0x3102, 0x3101, 0x3942,
  0x3122, 0x3942, 0x3962, 0x3122, 0x20E1, 0x2922, 0x2901, 0x2901, 0x20A1, 0x3982, 0x3122, 0x2103,
  0x4AC8, 0x7C0C, 0x842D, 0x94AE, 0x7C6E, 0x53AC, 0x53AC, 0x536B, 0x7CAF, 0x5BED, 0x4BCD, 0x538C,
  0x7C6E, 0x744D, 0x6C4F, 0x746F, 0x640E, 0x4BCC, 0x848E, 0x83EC, 0x5287, 0x4246, 0x2185, 0x21C6,
  0x29E6, 0x29C6, 0x21C7, 0x19A6, 0x29E7, 0x1124, 0x1985, 0x21C6, 0x1985, 0x29E5, 0x21E6, 0x21E6,
  0x2A06, 0x29E6, 0x2A06, 0x29E6, 0x2A27, 0x3267, 0x3268, 0x3AA8, 0x2A47, 0x4AA7, 0x4B29, 0x3AE9,
  0x42E9, 0x42E9, 0x3AE9, 0x3AE9, 0x42E9, 0x3AC8, 0x3AE9, 0x3AC8, 0x4309, 0x3267, 0x636A, 0x534A,
  0x4B2A, 0x536A, 0x4B09, 0x534A, 0x534A, 0x4B09, 0x536A, 0x534A, 0x63AB, 0x42C8, 0x6B6A, 0x6BCB,
  0x5B6B, 0x5B8B, 0x63AC, 0x5B8B, 0x5B6B, 0x534A, 0x536A, 0x5B6B, 0x5BAC, 0x534B, 0x52E8, 0x740D,
  0x430A, 0x4B2A, 0x4B2A, 0x432A, 0x4B4A, 0x432A, 0x4B2A, 0x4B4A, 0x4B6B, 0x3247, 0x18C0, 0x49C3,
  0x4182, 0x4182, 0x4182, 0x49A3, 0x4182, 0x49C3, 0x3961, 0x49A3, 0x5A03, 0x2901, 0x10A1, 0x2102,
  0x2102, 0x2102, 0x18C1, 0x1081, 0x10A1, 0x18A1, 0x18A1, 0x18E2, 0x2102, 0x2922, 0x2922, 0x2922,
  0x2922, 0x2922, 0x2902, 0x2902, 0x2902, 0x2922, 0x2902, 0x2922, 0x2922, 0x2922, 0x2922, 0x2902,
  0x2922, 0x2922, 0x2902, 0x2102, 0x20E2, 0x18C2, 0x18C2, 0x10A1, 0x10A1, 0x18C2, 0x18E2, 0x18C2,
  0x20C1, 0x3142, 0x3142, 0x3142, 0x3942, 0x3122, 0x4182, 0x5A03, 0x5A03, 0x51E3, 0x5A24, 0x6AA5,
  0x31C5, 0x3942, 0x51C3, 0x7AC5, 0x6A64, 0x51E3, 0x6224, 0x7AC5, 0x6A64, 0x6224, 0x6224, 0x6A64,
  0x72A4, 0x6A64, 0x6244, 0x6A43, 0x72A4, 0x7284, 0x51C2, 0x5A03, 0x5A24, 0x51C2, 0x59E3, 0x7285,
  0x7285, 0x51E3, 0x5A23, 0x6A64, 0x6A44, 0x6A64, 0x7285, 0x51E2, 0x5A23, 0x72A5, 0x82E6, 0x6A63,
  0x6A44, 0x7AC5, 0x7284, 0x6223, 0x6A44, 0x72A5, 0x7264, 0x6A63, 0x72A4, 0x72C5, 0x6223, 0x59C2,
  0x6A64, 0x7AC5, 0x7AA4, 0x7AC4, 0x72A4, 0x7284, 0x72A4, 0x7284, 0x6A63, 0x7AC5, 0x6244, 0x3961,
  0x6204, 0x72A5, 0x5A03, 0x59E3, 0x5A23, 0x51E3, 0x51A2, 0x59E3, 0x4182, 0x3962, 0x4162, 0x3942,
  0x3121, 0x28C0, 0x3141, 0x2921, 0x20C0, 0x2922, 0x3141, 0x3121, 0x20E1, 0x2102, 0x2984, 0x5B29,
  0x63AA, 0x63AA, 0x638B, 0x7C2D, 0x744E, 0x5BCC, 0x5BCD, 0x63ED, 0x640D, 0x53CD, 0x53CC, 0x63ED,
  0x6C0D, 0x6C2D, 0x5BED, 0x53CD, 0x746E, 0x94D0, 0x6B6A, 0x4A87, 0x3A06, 0x3A06, 0x29A4, 0x21C7,
  0x3207, 0x3207, 0x21C6, 0x19A6, 0x3227, 0x1124, 0x19A5, 0x21C6, 0x1985, 0x29C5, 0x2A06, 0x2A06,
  0x2A06, 0x2A06, 0x2A06, 0x29E6, 0x2A06, 0x3267, 0x3A88, 0x3AA9, 0x2A26, 0x4287, 0x4B2A, 0x430A,
  0x430A, 0x430A, 0x3AE9, 0x42E9, 0x3AC9, 0x3AE9, 0x42E9, 0x4309, 0x4309, 0x3247, 0x6BAB, 0x5B8B,
  0x4B4A, 0x4B29, 0x4B29, 0x4B09, 0x4AE9, 0x4B2A, 0x5BAC, 0x538B, 0x5B8B, 0x42C9, 0x6B6A, 0x6BCC,
  0x5B8B, 0x5BAC, 0x5BAC, 0x5B8B, 0x5B6B, 0x5B6A, 0x5B6B, 0x5B6B, 0x5BAC, 0x4B2A, 0x4AA7, 0x740D,
  0x4B2A, 0x4B4A, 0x4B4B, 0x432A, 0x4B4A, 0x4B4A, 0x4B6B, 0x4B2A, 0x4B6B, 0x3226, 0x18A0, 0x41A2,
  0x4182, 0x4182, 0x4182, 0x49C3, 0x4162, 0x49A2, 0x3962, 0x49A3, 0x5A02, 0x2901, 0x10A1, 0x18C1,
  0x1081, 0x18C1, 0x3142, 0x49C3, 0x49C3, 0x41A3, 0x41A4, 0x2902, 0x18C1, 0x18E1, 0x2102, 0x20E2,
  0x18E2, 0x2102, 0x2102, 0x2102, 0x2102, 0x2102, 0x20E2, 0x2902, 0x2102, 0x20E2, 0x2902, 0x2102,
  0x2902, 0x2102, 0x20E2, 0x20E2, 0x20E2, 0x18E2, 0x18C2, 0x10C2, 0x1081, 0x10A1, 0x18C2, 0x18C2,
  0x10A1, 0x2902, 0x3142, 0x3122, 0x3942, 0x3121, 0x3942, 0x49C3, 0x5A03, 0x5203, 0x49A2, 0x7307,
  0x2A27, 0x3162, 0x4161, 0x3962, 0x5A04, 0x82C5, 0x6A43, 0x6224, 0x6223, 0x6A64, 0x7AA5, 0x6A85,
  0x6244, 0x6223, 0x7264, 0x7AA5, 0x6A84, 0x51C3, 0x6224, 0x7AC5, 0x5A02, 0x59E3, 0x72A5, 0x6A64,
  0x59E2, 0x6A43, 0x6A65, 0x6244, 0x6A84, 0x6A64, 0x59C2, 0x6244, 0x8306, 0x7AC4, 0x6A43, 0x6A64,
  0x7AC5, 0x6A63, 0x6A43, 0x6A64, 0x72C4, 0x6A43, 0x6A44, 0x7AC5, 0x7283, 0x6202, 0x6223, 0x7284,
  0x7AC5, 0x7284, 0x7284, 0x7AC4, 0x7284, 0x6A64, 0x7264, 0x7283, 0x7AE5, 0x5204, 0x3942, 0x6A44,
  0x6A64, 0x59C3, 0x59E3, 0x6A64, 0x6244, 0x51A2, 0x59E4, 0x51E3, 0x49A2, 0x51E3, 0x51C3, 0x51E3,
  0x4182, 0x49A2, 0x5204, 0x3101, 0x3101, 0x3942, 0x3962, 0x2922, 0x18C1, 0x2984, 0x4AC7, 0x6BCB,
  0x740C, 0x844C, 0x846E, 0x5BEC, 0x5BCC, 0x6C2E, 0x6C0C, 0x5BCC, 0x53AD, 0x6C2F, 0x746E, 0x746E,
  0x5C0D, 0x642E, 0x742E, 0x744F, 0x844E, 0x6309, 0x4A87, 0x3226, 0x3206, 0x3206, 0x31C5, 0x21C6,
  0x2A07, 0x2A08, 0x2A07, 0x2185, 0x3A47, 0x1923, 0x1944, 0x1985, 0x1965, 0x29A4, 0x21C5, 0x21E6,
  0x21C5, 0x21E5, 0x21E5, 0x29E5, 0x29E5, 0x2A27, 0x3247, 0x3247, 0x29E5, 0x3A46, 0x3A87, 0x3287,
  0x3287, 0x3A67, 0x3267, 0x3A87, 0x3AA8, 0x3AA8, 0x42C8, 0x42A8, 0x3AA8, 0x3226, 0x52C7, 0x4B09,
  0x4AE9, 0x4AC8, 0x5309, 0x5309, 0x4AE9, 0x4AC8, 0x4B09, 0x4B09, 0x4AE9, 0x3226, 0x6B6A, 0x5B29,
  0x532A, 0x532A, 0x5309, 0x4AE8, 0x4AE8, 0x5309, 0x4B09, 0x4AC8, 0x4B09, 0x3247, 0x4A87, 0x5B29,
  0x42E9, 0x42C9, 0x42C9, 0x42E9, 0x3AA8, 0x3AA8, 0x42E9, 0x42C8, 0x4AE9, 0x29A5, 0x18A1, 0x41A3,
  0x4182, 0x4182, 0x4162, 0x49A3, 0x4161, 0x41A2, 0x3962, 0x49A3, 0x51C2, 0x2902, 0x0020, 0x20E1,
  0x5A45, 0x8B67, 0xA3E8, 0xA3C6, 0xA3C7, 0x9366, 0x8B46, 0x6A43, 0x49A3, 0x2901, 0x1081, 0x10A2,
  0x10A1, 0x10A1, 0x10A1, 0x10A2, 0x10A1, 0x10A1, 0x10A1, 0x10A1, 0x10A1, 0x10A1, 0x18C2, 0x10C2,
  0x10C2, 0x10C2, 0x10C2, 0x10A1, 0x1081, 0x1081, 0x1081, 0x0881, 0x0882, 0x1082, 0x1081, 0x10A1,
  0x1081, 0x20E1, 0x3122, 0x3142, 0x3142, 0x3942, 0x3142, 0x4182, 0x5A23, 0x51E3, 0x41A3, 0x6265,
  0x4B2B, 0x29C5, 0x3942, 0x3122, 0x49A2, 0x7AE5, 0x7AA4, 0x6223, 0x7284, 0x6A84, 0x6243, 0x6203,
  0x6A43, 0x72A5, 0x7284, 0x6223, 0x5A02, 0x6223, 0x6A65, 0x6A43, 0x6223, 0x6244, 0x6224, 0x6A64,
  0x6A64, 0x6244, 0x6A44, 0x7AA4, 0x5A03, 0x4162, 0x72A5, 0x8B05, 0x7A83, 0x6243, 0x7284, 0x7AC5,
  0x6A64, 0x6A43, 0x7AC5, 0x7284, 0x6A43, 0x7284, 0x82E4, 0x6A42, 0x6A44, 0x7284, 0x7284, 0x7283,
  0x7AA4, 0x7284, 0x7284, 0x7283, 0x7284, 0x7284, 0x7AC5, 0x7284, 0x4181, 0x49C3, 0x72A5, 0x5A03,
  0x59E2, 0x6223, 0x6A65, 0x6244, 0x6203, 0x6244, 0x51E3, 0x59E3, 0x6224, 0x6203, 0x6223, 0x72A5,
  0x6A65, 0x5A03, 0x49A2, 0x3121, 0x3101, 0x3942, 0x2901, 0x2102, 0x31E6, 0x638B, 0x7C0C, 0x840C,
  0x73CC, 0x740D, 0x746E, 0x7C8E, 0x7C6D, 0x6C4E, 0x53ED, 0x848F, 0x848F, 0x6C4E, 0x5BEE, 0x642E,
  0x7C90, 0x6C4F, 0x84AF, 0x8C6D, 0x5AE8, 0x4A66, 0x3226, 0x29E6, 0x3226, 0x3206, 0x29A4, 0x2A27,
  0x21C6, 0x2229, 0x2A08, 0x21A6, 0x3206, 0x1923, 0x29C5, 0x31E5, 0x29C5, 0x4A46, 0x3A26, 0x3A46,
  0x3A06, 0x3A26, 0x3A47, 0x4247, 0x4247, 0x4246, 0x4AA7, 0x4AA7, 0x4266, 0x5AE8, 0x5B09, 0x5B08,
  0x6349, 0x6B8A, 0x6B6A, 0x6B8A, 0x6BCB, 0x6BAB, 0x73EC, 0x6BAB, 0x6BAB, 0x5AE8, 0x8C0B, 0x73CB,
  0x7C0C, 0x73AA, 0x6B8A, 0x7C0C, 0x73EB, 0x6BAB, 0x6BAA, 0x638A, 0x6BAA, 0x5308, 0x8C2C, 0x840C,
  0x7C0C, 0x73EC, 0x73EC, 0x73AB, 0x7BEB, 0x73CB, 0x73AB, 0x6B8A, 0x73CB, 0x5B09, 0x6B29, 0x840C,
  0x638A, 0x6BAB, 0x638B, 0x6BAB, 0x5B29, 0x5B29, 0x636A, 0x63AA, 0x636A, 0x4A67, 0x20A0, 0x49A2,
  0x4162, 0x4182, 0x3962, 0x49A3, 0x4162, 0x41A3, 0x3962, 0x49A2, 0x51E3, 0x20C1, 0x2902, 0x93A8,
  0xB428, 0xB448, 0xA3A5, 0x9325, 0x9B66, 0x8B05, 0x7283, 0x7AC5, 0x6A63, 0x5A24, 0x3142, 0x18A1,
  0x10C3, 0x10A2, 0x10A2, 0x10A2, 0x10A2, 0x10A2, 0x10A2, 0x10A2, 0x10A2, 0x10C2, 0x10C2, 0x10C2,
  0x10C2, 0x10C2, 0x10A2, 0x10A2, 0x10A1, 0x1081, 0x1081, 0x0881, 0x0881, 0x0882, 0x1081, 0x1082,
  0x08A2, 0x18A1, 0x2921, 0x3142, 0x3942, 0x3122, 0x3142, 0x3941, 0x51E3, 0x5A03, 0x49A3, 0x41A3,
  0x4AA9, 0x2A27, 0x2143, 0x2901, 0x3962, 0x4182, 0x6244, 0x82C5, 0x6A64, 0x51E2, 0x5A23, 0x7284,
  0x7AC5, 0x6203, 0x5A03, 0x5A04, 0x6243, 0x6A44, 0x59E3, 0x59E3, 0x6A64, 0x6223, 0x6A44, 0x6A64,
  0x6223, 0x72A4, 0x6A84, 0x49A2, 0x59E3, 0x8305, 0x7AA4, 0x6A43, 0x7AA4, 0x7AC4, 0x72A5, 0x7284,
  0x7AA4, 0x7AE6, 0x7284, 0x6A63, 0x7AC5, 0x7264, 0x7264, 0x7AA4, 0x7AC5, 0x72A4, 0x72A4, 0x7284,
  0x7284, 0x72A5, 0x6A64, 0x72A4, 0x7284, 0x72A4, 0x6243, 0x4161, 0x6224, 0x7AA5, 0x5A03, 0x5A03,
  0x6223, 0x6243, 0x5A03, 0x59E3, 0x6A64, 0x6223, 0x5A03, 0x6A64, 0x7285, 0x7AC6, 0x72A5, 0x6224,
  0x4982, 0x3121, 0x3142, 0x2901, 0x20E1, 0x2942, 0x2963, 0x4AA8, 0x5B49, 0x63CA, 0x73EB, 0x846E,
  0x742D, 0x5BCC, 0x5BAD, 0x640D, 0x7C8E, 0x8C6E, 0x740D, 0x6C2E, 0x6C0D, 0x7C8F, 0x5C0E, 0x43AD,
  0x744E, 0x9CAE, 0x7349, 0x4AC8, 0x42A7, 0x29C5, 0x29E6, 0x2A07, 0x3A27, 0x31E6, 0x3206, 0x2A08,
  0x21C7, 0x2208, 0x21C6, 0x21C7, 0x29E6, 0x1104, 0x1985, 0x21A5, 0x1985, 0x31C5, 0x2A07, 0x2A27,
  0x2A06, 0x2A06, 0x3226, 0x2A06, 0x2A06, 0x2A06, 0x3247, 0x3247, 0x2A06, 0x4267, 0x532A, 0x42E9,
  0x4309, 0x4B2A, 0x4B2A, 0x4309, 0x42E9, 0x4B2A, 0x4B4A, 0x4B4A, 0x4B4A, 0x3226, 0x73CB, 0x63CC,
  0x532A, 0x4B4A, 0x4B2A, 0x4B2A, 0x432A, 0x4B2A, 0x4B09, 0x42E9, 0x536A, 0x3267, 0x6B8A, 0x848F,
  0x5B6B, 0x5B8B, 0x534A, 0x532A, 0x536B, 0x534A, 0x532A, 0x4B0A, 0x4B2A, 0x42E9, 0x4A87, 0x7C2D,
  0x5B8B, 0x538B, 0x538B, 0x4B4A, 0x534A, 0x4B0A, 0x4B4A, 0x4B2A, 0x4B4A, 0x3247, 0x10C1, 0x41C3,
  0x3982, 0x4182, 0x3962, 0x49A3, 0x4162, 0x41A2, 0x4162, 0x49C3, 0x49C3, 0x3921, 0x9BA6, 0xB448,
  0xBCAB, 0xC50C, 0xBC69, 0xABC6, 0xA3C6, 0x9B86, 0x82C3, 0x82E5, 0x6A84, 0x59C2, 0x51C2, 0x3122,
  0x0882, 0x18C2, 0x18A2, 0x10A1, 0x18C2, 0x10A2, 0x10A2, 0x10A2, 0x10A2, 0x18C2, 0x10A2, 0x10A2,
  0x10C2, 0x10C2, 0x10C2, 0x10A2, 0x10A1, 0x10A1, 0x1081, 0x1081, 0x0881, 0x0882, 0x1081, 0x1082,
  0x08A2, 0x10A1, 0x2101, 0x3142, 0x3942, 0x3942, 0x3122, 0x3141, 0x4982, 0x51C3, 0x49C2, 0x4182,
  0x5B4B, 0x534A, 0x3AA9, 0x1902, 0x3122, 0x41A3, 0x3921, 0x49A3, 0x6A64, 0x7AC5, 0x7AC5, 0x6244,
  0x49A2, 0x51C3, 0x6244, 0x6A44, 0x5A03, 0x51E3, 0x5A04, 0x6A44, 0x6A64, 0x6223, 0x6223, 0x6A43,
  0x7284, 0x6223, 0x4962, 0x6244, 0x7AC4, 0x6A43, 0x6A63, 0x72A5, 0x7285, 0x6A43, 0x7284, 0x72A4,
  0x72A4, 0x6A43, 0x6A43, 0x7AC5, 0x6A44, 0x6A43, 0x7AC5, 0x7264, 0x6A43, 0x72A4, 0x7285, 0x7285,
  0x6A43, 0x7284, 0x6A64, 0x7AE5, 0x7AC5, 0x4982, 0x4162, 0x6A84, 0x6243, 0x59E3, 0x6224, 0x6203,
  0x6A64, 0x6224, 0x59E3, 0x5A03, 0x5A23, 0x6A64, 0x7AC5, 0x7AE5, 0x6A84, 0x51E3, 0x3942, 0x3941,
  0x3942, 0x3142, 0x2901, 0x18C1, 0x1902, 0x3206, 0x4AC8, 0x73EC, 0x94AE, 0x846D, 0x742C, 0x7C6F,
  0x5BED, 0x53CD, 0x53AD, 0x5BAC, 0x6C0D, 0x744E, 0x7C4E, 0x5BCD, 0x4B8C, 0x5BAC, 0x84AF, 0x848E,
  0x7C0C, 0x52A7, 0x4AA7, 0x3A67, 0x29E6, 0x29C5, 0x2A06, 0x2A06, 0x3206, 0x3227, 0x29E6, 0x19C8,
  0x21C7, 0x21C7, 0x21A5, 0x21C7, 0x29E6, 0x1104, 0x1965, 0x1985, 0x1965, 0x29C5, 0x21E6, 0x2A26,
  0x2A06, 0x2A26, 0x3227, 0x2A06, 0x29E6, 0x2A06, 0x3226, 0x3267, 0x2A26, 0x3A67, 0x3A88, 0x3AA8,
  0x3AC9, 0x3AE9, 0x3AE9, 0x32C8, 0x3AC9, 0x3AC9, 0x3AC8, 0x3AC9, 0x3AC9, 0x3247, 0x5B4A, 0x4309,
  0x4309, 0x42E9, 0x4309, 0x430A, 0x3AC9, 0x3AC9, 0x3AE9, 0x3AE9, 0x4309, 0x3267, 0x638A, 0x5BAB,
  0x4B2A, 0x4B2A, 0x430A, 0x4309, 0x4309, 0x4B2A, 0x4309, 0x42E9, 0x432A, 0x3AC9, 0x4AA8, 0x63AB,
  0x4309, 0x432A, 0x432A, 0x4B4A, 0x4B4A, 0x4309, 0x432A, 0x4309, 0x432A, 0x2A47, 0x18E1, 0x51E4,
  0x4182, 0x4182, 0x3941, 0x4182, 0x3961, 0x4182, 0x4162, 0x4A03, 0x3941, 0x7AE6, 0xAC27, 0xC4EB,
  0xD58E, 0xCD4D, 0xC50B, 0xAC07, 0x9B86, 0x9B86, 0x7AC4, 0x82E4, 0x7AE4, 0x5A24, 0x4182, 0x49C3,
  0x20C1, 0x10A1, 0x10C2, 0x10A2, 0x10A2, 0x10C2, 0x10A2, 0x10C2, 0x10A2, 0x10A2, 0x10A2, 0x10A2,
  0x10C2, 0x10A2, 0x10A2, 0x10A2, 0x10A2, 0x1082, 0x1082, 0x1082, 0x1081, 0x1081, 0x1081, 0x1081,
  0x10A2, 0x1081, 0x18C1, 0x2922, 0x3122, 0x3942, 0x3122, 0x3142, 0x3942, 0x5A03, 0x5202, 0x5A24,
  0x63EC, 0x538C, 0x432B, 0x3247, 0x2143, 0x2922, 0x4183, 0x4182, 0x4161, 0x49C2, 0x7285, 0x5A03,
  0x72C5, 0x6A43, 0x6223, 0x51C2, 0x51C2, 0x6244, 0x6244, 0x6243, 0x5A23, 0x6224, 0x7264, 0x6223,
  0x4142, 0x51C3, 0x7AE5, 0x7284, 0x6A23, 0x7283, 0x72A4, 0x6A44, 0x6223, 0x7283, 0x7AA5, 0x6A43,
  0x6223, 0x6243, 0x6A64, 0x6244, 0x72A5, 0x7AC5, 0x6A63, 0x7284, 0x72A5, 0x7AA5, 0x7264, 0x7284,
  0x7284, 0x7264, 0x7AE5, 0x6A65, 0x3921, 0x59E3, 0x7AC6, 0x6223, 0x59E3, 0x6224, 0x59C2, 0x5A03,
  0x6244, 0x6243, 0x7284, 0x72A4, 0x72A5, 0x7AC5, 0x6244, 0x4182, 0x3941, 0x3941, 0x3942, 0x3942,
  0x3122, 0x2102, 0x2943, 0x31E4, 0x5B29, 0x636A, 0x5B8B, 0x5B8B, 0x7C2D, 0x744E, 0x5BEC, 0x640D,
  0x8CAE, 0x742D, 0x7C4E, 0x740D, 0x5BED, 0x5BED, 0x744F, 0x84AF, 0x744E, 0x7C4D, 0x840B, 0x6B48,
  0x4A67, 0x4267, 0x3A67, 0x3227, 0x3207, 0x3206, 0x3206, 0x29E6, 0x3A27, 0x2A08, 0x21C6, 0x19C7,
  0x29C6, 0x31E6, 0x1985, 0x21E7, 0x21C6, 0x1103, 0x1964, 0x21A5, 0x1985, 0x31E6, 0x2A07, 0x2206,
  0x2A06, 0x2A06, 0x2A06, 0x3227, 0x2A06, 0x3226, 0x3226, 0x3247, 0x2A06, 0x3A46, 0x3267, 0x3AA8,
  0x3AE9, 0x3AE9, 0x3AE9, 0x3AE9, 0x3AE9, 0x3AE9, 0x3AE9, 0x42E9, 0x3AE9, 0x3246, 0x638A, 0x432A,
  0x4309, 0x4309, 0x432A, 0x4B2A, 0x430A, 0x4309, 0x4309, 0x430A, 0x42E9, 0x3288, 0x6BAB, 0x5B8B,
  0x4B2A, 0x4B2A, 0x4B2A, 0x4B2A, 0x4309, 0x430A, 0x430A, 0x430A, 0x4B2A, 0x42E9, 0x52E8, 0x6BCC,
  0x4309, 0x4B2A, 0x432A, 0x432A, 0x4329, 0x432A, 0x432A, 0x4309, 0x4B4A, 0x2A27, 0x10A0, 0x49C3,
  0x4182, 0x4182, 0x3941, 0x4182, 0x3962, 0x4162, 0x4162, 0x41A3, 0x5A04, 0xAC27, 0xB448, 0xBC8A,
  0xCD2C, 0xD56D, 0xCD6D, 0xBCAA, 0xA3A6, 0xA3A6, 0x8B25, 0x7AC4, 0x8305, 0x6A64, 0x49A2, 0x41A3,
  0x4183, 0x18A1, 0x10C2, 0x10C2, 0x10C2, 0x10A2, 0x10A2, 0x10A2, 0x10A2, 0x10A2, 0x10A2, 0x10A2,
  0x10A2, 0x10A1, 0x10A1, 0x10A2, 0x1081, 0x1081, 0x1081, 0x1081, 0x1081, 0x0881, 0x1081, 0x1081,
  0x1081, 0x1081, 0x1081, 0x2902, 0x3121, 0x3142, 0x3142, 0x3142, 0x3942, 0x49A3, 0x5A04, 0x51E3,
  0x6BEB, 0x5B6B, 0x638B, 0x534A, 0x3247, 0x2184, 0x2901, 0x4162, 0x4182, 0x4162, 0x3101, 0x41A3,
  0x72A5, 0x7AC5, 0x72A5, 0x6A44, 0x7284, 0x6223, 0x6243, 0x6A64, 0x6A64, 0x6A85, 0x41A3, 0x3141,
  0x6A64, 0x82E5, 0x6A42, 0x6A43, 0x7285, 0x6A85, 0x6A43, 0x6A23, 0x7283, 0x72A3, 0x6A63, 0x6A63,
  0x72A4, 0x6203, 0x6223, 0x7AC4, 0x7263, 0x6A43, 0x72A4, 0x7284, 0x6A43, 0x7283, 0x7AA4, 0x7AC5,
  0x7AA5, 0x7B05, 0x6224, 0x4162, 0x6AA6, 0x72A4, 0x5A02, 0x6223, 0x6A44, 0x59E2, 0x6A64, 0x72A5,
  0x8306, 0x82E5, 0x72A5, 0x6244, 0x49A2, 0x3941, 0x3121, 0x3942, 0x3962, 0x3942, 0x28E1, 0x18E1,
  0x1923, 0x31E6, 0x6349, 0x6B8A, 0x94AE, 0x9D0F, 0x740C, 0x63EC, 0x5BED, 0x53AC, 0x5BAD, 0x744F,
  0x746E, 0x642D, 0x6C0D, 0x6C2E, 0x53CD, 0x53EE, 0x748F, 0x9CEF, 0x840B, 0x6329, 0x5AC8, 0x4AC8,
  0x3A47, 0x3A47, 0x3A68, 0x2A27, 0x3246, 0x31E5, 0x31C6, 0x3228, 0x2A27, 0x21E8, 0x21C6, 0x21E8,
  0x2185, 0x21C6, 0x21A6, 0x21E7, 0x2A07, 0x1104, 0x1964, 0x1985, 0x1985, 0x31E6, 0x2A07, 0x2206,
  0x2A06, 0x2A06, 0x2A06, 0x2A26, 0x2A27, 0x3226, 0x2A06, 0x2A26, 0x29E5, 0x3A26, 0x3288, 0x3288,
  0x3AC9, 0x3AE9, 0x3AC9, 0x3AE9, 0x3AE9, 0x3AE9, 0x3AE9, 0x3AE9, 0x3AE9, 0x3267, 0x63AB, 0x434B,
  0x4309, 0x4309, 0x4B2A, 0x4B2A, 0x430A, 0x42E9, 0x42E9, 0x42E9, 0x42E9, 0x3268, 0x6BAB, 0x5B8B,
  0x4B2A, 0x4B0A, 0x4309, 0x432A, 0x430A, 0x430A, 0x430A, 0x42E9, 0x432A, 0x3AA9, 0x4AA7, 0x63AB,
  0x3AE9, 0x432A, 0x432A, 0x42E9, 0x4309, 0x430A, 0x430A, 0x4309, 0x4B2A, 0x2A06, 0x1080, 0x49A3,
  0x4162, 0x4182, 0x3962, 0x49A3, 0x3962, 0x4162, 0x4182, 0x2901, 0x8347, 0xBC89, 0xA3E7, 0xAC28,
  0xBC89, 0xB4AA, 0xCD4D, 0xCD2C, 0xB448, 0xA3A6, 0x9B86, 0x8305, 0x8AE5, 0x7AA4, 0x59E3, 0x4182,
  0x49E3, 0x20C2, 0x1081, 0x10A2, 0x10A1, 0x10A1, 0x10A2, 0x10A2, 0x1082, 0x1082, 0x1081, 0x1082,
  0x1081, 0x0881, 0x0881, 0x1081, 0x0882, 0x1082, 0x1082, 0x1082, 0x1082, 0x1082, 0x1082, 0x1082,
  0x1082, 0x1082, 0x1082, 0x18C2, 0x3122, 0x3942, 0x3142, 0x3142, 0x3142, 0x3941, 0x49C3, 0x49A2,
  0x5BAC, 0x6BEC, 0x4B09, 0x5349, 0x6BAC, 0x4AC9, 0x29C5, 0x2143, 0x2922, 0x3942, 0x4162, 0x3962,
  0x4182, 0x4981, 0x6203, 0x7285, 0x7AE6, 0x8326, 0x7AE6, 0x7AC5, 0x5A03, 0x30E0, 0x51C3, 0x7284,
  0x6A63, 0x6223, 0x6A64, 0x72A4, 0x7263, 0x7264, 0x6223, 0x7284, 0x7AA4, 0x7284, 0x6243, 0x6223,
  0x6244, 0x7284, 0x7AC5, 0x6223, 0x6A44, 0x72A5, 0x6A44, 0x6223, 0x6A44, 0x7AA5, 0x7AA5, 0x7AA5,
  0x6A84, 0x4141, 0x51E3, 0x7AA4, 0x7284, 0x6A84, 0x82E5, 0x8306, 0x8326, 0x8326, 0x72C5, 0x6224,
  0x51E3, 0x49A2, 0x4162, 0x3942, 0x3963, 0x3963, 0x3942, 0x2902, 0x2922, 0x2102, 0x2963, 0x4246,
  0x5309, 0x5329, 0x6BAB, 0x740C, 0x73EB, 0x844D, 0x6C0C, 0x5BED, 0x7C4E, 0x6C2D, 0x63ED, 0x7C6F,
  0x748F, 0x53ED, 0x538C, 0x6C0D, 0x94EF, 0x8C8E, 0x7BEC, 0x6B29, 0x4205, 0x4AC8, 0x42A8, 0x3A68,
  0x2A06, 0x3A68, 0x3A88, 0x3247, 0x31E5, 0x31E5, 0x3A48, 0x21C7, 0x29E8, 0x21E8, 0x21C6, 0x19C7,
  0x21C7, 0x2A28, 0x19A6, 0x21C6, 0x2A07, 0x1104, 0x1964, 0x19A5, 0x1965, 0x29C5, 0x29E7, 0x21C6,
  0x21E5, 0x2A06, 0x2A06, 0x2A06, 0x2A06, 0x2A26, 0x2A06, 0x2A27, 0x29E6, 0x3A26, 0x3AA8, 0x2A47,
  0x3AA8, 0x3AC8, 0x3AC8, 0x3AE9, 0x3AE9, 0x3AE9, 0x3AE9, 0x3AC9, 0x3AE9, 0x3246, 0x5B6A, 0x430A,
  0x430A, 0x4B2A, 0x4B0A, 0x42E9, 0x430A, 0x42E9, 0x42E9, 0x3AE9, 0x4309, 0x3288, 0x6B8A, 0x534A,
  0x3AC9, 0x42E9, 0x430A, 0x432A, 0x430A, 0x430A, 0x42E9, 0x42E9, 0x4309, 0x3AA8, 0x4287, 0x63AB,
  0x430A, 0x4B2A, 0x432A, 0x3AE9, 0x42E9, 0x42E9, 0x4309, 0x430A, 0x4B4A, 0x29E6, 0x1080, 0x49C3,
  0x3942, 0x3962, 0x3962, 0x49A3, 0x4162, 0x41A3, 0x4182, 0x3122, 0x9BA7, 0xA3C6, 0x9B66, 0xA3C6,
  0xAC07, 0xAC08, 0xBCCB, 0xC50C, 0xBCAA, 0xA3C6, 0x9345, 0x82C4, 0x7283, 0x6A84, 0x5203, 0x4182,
  0x49E4, 0x3163, 0x1081, 0x10C2, 0x10A2, 0x10A2, 0x10A2, 0x10A2, 0x10A1, 0x10A2, 0x10A2, 0x10A1,
  0x10A1, 0x1081, 0x1081, 0x1081, 0x1081, 0x1081, 0x1081, 0x1081, 0x1082, 0x1082, 0x1082, 0x1082,
  0x1082, 0x10A2, 0x08A1, 0x1080, 0x2922, 0x3142, 0x3141, 0x3142, 0x3142, 0x3142, 0x3962, 0x49C3,
  0x3B2B, 0x4B2B, 0x73CC, 0x842C, 0x534A, 0x3AC9, 0x4AE9, 0x4AC9, 0x29C5, 0x1923, 0x2922, 0x3962,
  0x49A3, 0x4183, 0x4182, 0x4182, 0x49A2, 0x5A23, 0x6A44, 0x6A65, 0x18C1, 0x72A6, 0x9B88, 0x7AC5,
  0x8305, 0x8B05, 0x7A84, 0x6A63, 0x7283, 0x7284, 0x7284, 0x7263, 0x72A5, 0x6244, 0x51C2, 0x51C3,
  0x7284, 0x72A3, 0x6243, 0x6A44, 0x6A43, 0x6A63, 0x6A63, 0x7284, 0x7AA5, 0x7AC4, 0x7B05, 0x6245,
  0x3921, 0x7B26, 0x9BA8, 0x7AE6, 0x8306, 0x8B47, 0x72A6, 0x5A24, 0x51E3, 0x49A2, 0x4162, 0x3902,
  0x3962, 0x4182, 0x4162, 0x3962, 0x3921, 0x3122, 0x2902, 0x2102, 0x31C5, 0x5B09, 0x5B2A, 0x6BCB,
  0x8C6D, 0x7C2C, 0x6BAB, 0x7C4D, 0x7C6E, 0x846D, 0x844D, 0x6C2D, 0x84B0, 0x746F, 0x5C0E, 0x5BEE,
  0x742E, 0x9510, 0x848F, 0x8C6E, 0x7BCA, 0x6308, 0x5B08, 0x52E9, 0x3227, 0x3AA8, 0x3A88, 0x3A88,
  0x3206, 0x3A67, 0x3A46, 0x3206, 0x3A27, 0x3207, 0x1A07, 0x19C7, 0x3208, 0x2208, 0x21C6, 0x21C6,
  0x29E7, 0x2A28, 0x21C7, 0x21E7, 0x29C7, 0x08E3, 0x1964, 0x19C6, 0x1985, 0x31E6, 0x21E6, 0x21C6,
  0x21E5, 0x21E5, 0x2A06, 0x2A06, 0x2A06, 0x2A26, 0x2A06, 0x2A06, 0x29E5, 0x3A46, 0x3A68, 0x3268,
  0x3288, 0x3AC9, 0x3AA8, 0x3288, 0x3AE9, 0x3AE9, 0x3AE9, 0x3AC9, 0x3AE9, 0x3247, 0x5B8A, 0x430A,
  0x3AE9, 0x4309, 0x430A, 0x4309, 0x4309, 0x42E9, 0x4309, 0x3AE9, 0x4309, 0x3288, 0x636A, 0x532A,
  0x3AC8, 0x42E9, 0x430A, 0x432A, 0x42E9, 0x42E9, 0x430A, 0x42E9, 0x3AC9, 0x3AA8, 0x4AA7, 0x63CC,
  0x3B09, 0x4B2A, 0x432A, 0x42E9, 0x42E9, 0x3AC8, 0x42C9, 0x432A, 0x4B2A, 0x3206, 0x18A0, 0x3962,
  0x3121, 0x3142, 0x3942, 0x4182, 0x3962, 0x4182, 0x3942, 0x5204, 0xBC69, 0x9BA6, 0x9345, 0x9B65,
  0xA3A6, 0xA3C6, 0xB449, 0xC50B, 0xBCAA, 0xA3E7, 0x9345, 0xABE8, 0x9387, 0x8B66, 0x82E5, 0x6A44,
  0x4161, 0x41C3, 0x18C1, 0x0881, 0x1061, 0x1061, 0x0881, 0x0861, 0x0881, 0x0861, 0x0861, 0x0861,
  0x0861, 0x0861, 0x0861, 0x0861, 0x0861, 0x0861, 0x0861, 0x0861, 0x0861, 0x0861, 0x0881, 0x0861,
  0x0881, 0x0881, 0x0861, 0x1060, 0x20C1, 0x2902, 0x20E1, 0x2901, 0x2922, 0x2902, 0x28E1, 0x4183,
  0x436C, 0x538C, 0x6BCC, 0x6BEC, 0x5B4A, 0x6B8A, 0x73EC, 0x536B, 0x3AA9, 0x42A9, 0x29C5, 0x2963,
  0x2942, 0x3142, 0x4162, 0x49A3, 0x49C3, 0x49A2, 0x49A2, 0x3942, 0x20A0, 0x5A44, 0x51E2, 0x6264,
  0x8326, 0x8306, 0x6A64, 0x9387, 0xA408, 0x9366, 0x9346, 0x9366, 0x6A64, 0x59C3, 0x8B47, 0x8305,
  0x82C5, 0x82E5, 0x7AC5, 0x8305, 0x8B25, 0x8B46, 0x9387, 0x9366, 0x9387, 0x8326, 0x6A85, 0x1880,
  0x51E4, 0x7B26, 0x5A03, 0x49C3, 0x49A2, 0x3941, 0x3941, 0x3962, 0x4182, 0x41A2, 0x4182, 0x4183,
  0x3962, 0x3122, 0x28E1, 0x2102, 0x2143, 0x29A4, 0x4267, 0x5309, 0x63AB, 0x848D, 0x846D, 0x742C,
  0x7C2D, 0x94EF, 0x8CAF, 0x7C6E, 0x6C0E, 0x744E, 0x7C6E, 0x5BED, 0x5C0D, 0x846F, 0x84AF, 0x7CAF,
  0x8C6E, 0x9CAE, 0x840D, 0x52A7, 0x5B08, 0x634A, 0x4AC8, 0x3A67, 0x3225, 0x4AC8, 0x3A88, 0x3A88,
  0x3247, 0x3226, 0x3A68, 0x3A69, 0x2A28, 0x21E7, 0x21C8, 0x19C7, 0x2A08, 0x21E8, 0x29E6, 0x3248,
  0x21A6, 0x21E8, 0x21C7, 0x2207, 0x21A6, 0x08E2, 0x1964, 0x19C6, 0x1985, 0x29C5, 0x21C6, 0x21C6,
  0x2A06, 0x2A06, 0x2A06, 0x29E6, 0x2A06, 0x2A06, 0x2A06, 0x3247, 0x29E5, 0x3205, 0x2A06, 0x3247,
  0x3288, 0x3AC9, 0x3AC8, 0x3AC9, 0x3AC9, 0x3AC8, 0x3AC9, 0x3AC9, 0x3AE9, 0x3267, 0x5329, 0x3B09,
  0x3AC9, 0x4309, 0x3AE9, 0x4309, 0x4309, 0x3AE9, 0x3AE9, 0x3AE9, 0x4309, 0x2A47, 0x5B08, 0x4B2A,
  0x3AC9, 0x42E9, 0x430A, 0x430A, 0x42E9, 0x42E9, 0x4309, 0x42E9, 0x4309, 0x3A88, 0x4AA7, 0x63CC,
  0x3AE9, 0x4B2A, 0x430A, 0x4309, 0x4309, 0x42C9, 0x42C9, 0x42E9, 0x42C8, 0x31E5, 0x3143, 0x3962,
  0x3142, 0x3121, 0x3962, 0x3941, 0x3962, 0x4182, 0x2902, 0x5A44, 0xB448, 0xA3A6, 0x9365, 0x9345,
  0x9B85, 0xA3A6, 0xABE7, 0xB489, 0xCD2C, 0xBCAA, 0x9B86, 0x8304, 0x6202, 0x6A43, 0x8306, 0x72C5,
  0x5A44, 0x51E3, 0x2901, 0x20E2, 0x3122, 0x3121, 0x3121, 0x3122, 0x3122, 0x3122, 0x3122, 0x3122,
  0x2901, 0x2901, 0x2901, 0x3121, 0x3121, 0x3121, 0x3121, 0x3121, 0x3121, 0x3101, 0x3121, 0x3142,
  0x3122, 0x3121, 0x3122, 0x2902, 0x2901, 0x3121, 0x2901, 0x3122, 0x2922, 0x20E1, 0x20E1, 0x28E1,
  0x5BCC, 0x63ED, 0x432B, 0x4B2B, 0x6BEC, 0x740D, 0x5B6B, 0x4B09, 0x5B6A, 0x6BAC, 0x4AE9, 0x42A8,
  0x29C6, 0x2164, 0x2143, 0x2922, 0x3122, 0x4162, 0x4182, 0x3983, 0x18A1, 0x49A3, 0x4181, 0x4162,
  0x4162, 0x4161, 0x4982, 0x51C3, 0x5A03, 0x6224, 0x6223, 0x5A24, 0x3942, 0x49C3, 0x6A84, 0x6243,
  0x6244, 0x6244, 0x6223, 0x5A23, 0x6244, 0x5A03, 0x51E3, 0x49C2, 0x49A2, 0x3942, 0x3121, 0x18A0,
  0x49A3, 0x4162, 0x4161, 0x4161, 0x4182, 0x41A3, 0x4183, 0x4162, 0x3962, 0x3101, 0x20E1, 0x2122,
  0x2123, 0x2964, 0x31E5, 0x3226, 0x4AC8, 0x6BAB, 0x7C6E, 0x846E, 0x740C, 0x740C, 0x8C8D, 0x7C2D,
  0x744E, 0x642D, 0x642E, 0x746E, 0x642E, 0x53CD, 0x6C4E, 0x84B0, 0x7C6E, 0x8CAF, 0x9CCF, 0x7BCB,
  0x6B49, 0x6B29, 0x6B8B, 0x52E8, 0x5309, 0x3A88, 0x4287, 0x42A7, 0x3A25, 0x4AC9, 0x3A88, 0x3A47,
  0x3227, 0x4288, 0x3ACB, 0x2A49, 0x2A08, 0x2A07, 0x1A08, 0x21E8, 0x21A6, 0x3227, 0x3228, 0x21E7,
  0x21C7, 0x21E8, 0x21A6, 0x21E7, 0x2185, 0x10E2, 0x1964, 0x19C6, 0x2184, 0x29C5, 0x29C6, 0x21C6,
  0x2A06, 0x2A06, 0x29E6, 0x21E5, 0x2A26, 0x2A26, 0x2A26, 0x3267, 0x29E6, 0x31E5, 0x2A26, 0x3267,
  0x3287, 0x3AA8, 0x3AE8, 0x3AE9, 0x3AE9, 0x3AE9, 0x3AC9, 0x3AE9, 0x430A, 0x3A66, 0x5B4A, 0x432A,
  0x4309, 0x42E9, 0x430A, 0x430A, 0x4309, 0x4B29, 0x4B2A, 0x432A, 0x4B2A, 0x2A26, 0x636A, 0x5BAB,
  0x4309, 0x430A, 0x430A, 0x4309, 0x432A, 0x430A, 0x4B2A, 0x4B2A, 0x4B09, 0x3AA8, 0x4287, 0x63AB,
  0x42E9, 0x4B2A, 0x4B4B, 0x4309, 0x430A, 0x432A, 0x42C8, 0x4266, 0x52E8, 0x2983, 0x4182, 0x6A85,
  0x5A03, 0x51C3, 0x5A24, 0x51C3, 0x51E3, 0x6A64, 0x3942, 0x6AA5, 0xAC08, 0xA3A5, 0x9325, 0x8B05,
  0x9B65, 0xA3A5, 0x9B66, 0xCD4D, 0xBCCB, 0x7AC5, 0x6A22, 0x7AA3, 0x7A83, 0x7AA4, 0x6223, 0x3941,
  0x41A3, 0x5204, 0x41A3, 0x4163, 0x5A24, 0x51E3, 0x51E3, 0x51E3, 0x5A03, 0x5A03, 0x5A04, 0x5203,
  0x5A04, 0x5A24, 0x5A23, 0x5A23, 0x5A24, 0x5A24, 0x5A24, 0x6244, 0x5A24, 0x5A24, 0x5A03, 0x6224,
  0x5A24, 0x5A03, 0x51E3, 0x51E3, 0x49C3, 0x4182, 0x4182, 0x4183, 0x4183, 0x4183, 0x3962, 0x3122,
  0x538C, 0x4B8C, 0x4B6C, 0x5BAD, 0x534C, 0x4B6B, 0x538C, 0x740D, 0x7C0C, 0x4B2A, 0x430A, 0x42E9,
  0x4AE9, 0x52E9, 0x4247, 0x3205, 0x29C5, 0x2142, 0x2102, 0x2102, 0x0880, 0x2901, 0x4142, 0x49A3,
  0x49A2, 0x41A2, 0x49C3, 0x49A2, 0x49C3, 0x51C2, 0x49A2, 0x41A2, 0x4162, 0x4183, 0x3941, 0x4162,
  0x4182, 0x4161, 0x4182, 0x49A2, 0x4182, 0x4982, 0x4142, 0x4182, 0x4183, 0x4162, 0x3962, 0x1880,
  0x4163, 0x4183, 0x3122, 0x3121, 0x3121, 0x2901, 0x2901, 0x2902, 0x2122, 0x2984, 0x3205, 0x3226,
  0x52E8, 0x636A, 0x5B29, 0x6BCB, 0x638A, 0x7C6D, 0x848E, 0x8CAF, 0x846D, 0x7C4D, 0x63CD, 0x5BCD,
  0x7CAF, 0x6C2E, 0x5BCD, 0x742E, 0x84D0, 0x7C6E, 0x844D, 0x948E, 0x7BCA, 0x73AA, 0x5B08, 0x6349,
  0x636A, 0x5309, 0x5329, 0x4AC8, 0x5B2A, 0x4288, 0x42A8, 0x42A8, 0x3A26, 0x4267, 0x3A67, 0x4289,
  0x3A69, 0x3A68, 0x326A, 0x2A49, 0x2A28, 0x3208, 0x21E9, 0x1986, 0x3226, 0x3A68, 0x21E7, 0x2208,
  0x21A7, 0x21C6, 0x21C6, 0x21C6, 0x29A5, 0x1902, 0x0903, 0x1964, 0x2143, 0x2143, 0x2164, 0x1964,
  0x1984, 0x21C5, 0x21C5, 0x29A5, 0x29C5, 0x29C5, 0x29C5, 0x29E6, 0x2184, 0x2143, 0x2185, 0x29C5,
  0x29E6, 0x29E5, 0x29C5, 0x29C5, 0x3206, 0x31E5, 0x3226, 0x3247, 0x3267, 0x31E5, 0x4247, 0x3267,
  0x3A88, 0x3A47, 0x3A67, 0x3A67, 0x3226, 0x4267, 0x42C8, 0x3AA8, 0x3AA8, 0x29E5, 0x4246, 0x4288,
  0x3268, 0x3A68, 0x3247, 0x3226, 0x3247, 0x3247, 0x3247, 0x3A88, 0x3A47, 0x29E6, 0x39E5, 0x4267,
  0x3247, 0x3A67, 0x3A88, 0x3267, 0x3A88, 0x3226, 0x4267, 0x4A66, 0x31A3, 0x2122, 0x3121, 0x6244,
  0x5A03, 0x59E3, 0x5A03, 0x5A03, 0x51C2, 0x6244, 0x28E1, 0x7AE5, 0xA3C7, 0x9365, 0x8B04, 0x7AA4,
  0x8B25, 0x9345, 0xAC29, 0x9367, 0x82E5, 0xB48A, 0x9B86, 0x9B85, 0x9345, 0x8B25, 0x8B25, 0x51E2,
  0x4182, 0x3941, 0x41A3, 0x3942, 0x4182, 0x41A3, 0x49A3, 0x49C3, 0x49C3, 0x49A2, 0x49C3, 0x51C3,
  0x51E3, 0x49A2, 0x49A2, 0x4182, 0x49A2, 0x4982, 0x49A3, 0x51E3, 0x49C3, 0x49A2, 0x4982, 0x49A2,
  0x49A2, 0x41A2, 0x4182, 0x41A3, 0x4182, 0x4182, 0x4183, 0x4162, 0x4162, 0x4182, 0x4182, 0x4182,
  0x538D, 0x6BED, 0x538C, 0x434C, 0x4B8C, 0x53CD, 0x640E, 0x6C0E, 0x5BAC, 0x6C0D, 0x6BCC, 0x6BCB,
  0x6BEC, 0x5329, 0x532A, 0x638B, 0x5309, 0x42A8, 0x3A88, 0x29C5, 0x31E5, 0x2964, 0x2163, 0x2963,
  0x2921, 0x2922, 0x2902, 0x2901, 0x4183, 0x4183, 0x4182, 0x4182, 0x4161, 0x49A2, 0x4162, 0x4182,
  0x49A3, 0x4983, 0x4982, 0x49A3, 0x4982, 0x4162, 0x4162, 0x3942, 0x3942, 0x2922, 0x20E1, 0x1080,
  0x18E1, 0x2102, 0x1902, 0x2163, 0x2984, 0x3226, 0x3A67, 0x52C8, 0x42A7, 0x5329, 0x73AB, 0x73AB,
  0x73CB, 0x7C2C, 0x7C0C, 0x848E, 0x84AF, 0x846E, 0x6C0D, 0x640D, 0x640E, 0x7C90, 0x746E, 0x53CC,
  0x6C0E, 0xA531, 0x8CCF, 0x8CCF, 0x8C4D, 0x7BAB, 0x736A, 0x7BCB, 0x73AA, 0x73EB, 0x5B49, 0x5B6A,
  0x5309, 0x4AE9, 0x532A, 0x4AE9, 0x5B2A, 0x4288, 0x3AA8, 0x3A88, 0x3226, 0x4267, 0x52EA, 0x3A8A,
  0x2A29, 0x3248, 0x2A6A, 0x2A4A, 0x2A49, 0x31E7, 0x21A7, 0x3206, 0x4287, 0x3247, 0x2A08, 0x2208,
  0x21C7, 0x21A6, 0x2A06, 0x21A5, 0x29A5, 0x18E2, 0x08E2, 0x10E3, 0x1902, 0x2164, 0x1123, 0x1103,
  0x1103, 0x1123, 0x1944, 0x1944, 0x1123, 0x1144, 0x1944, 0x1144, 0x1103, 0x2984, 0x1943, 0x1123,
  0x1944, 0x1923, 0x1123, 0x1123, 0x1964, 0x21A4, 0x21A5, 0x19A5, 0x19A5, 0x29C4, 0x31C5, 0x19A4,
  0x21C5, 0x2184, 0x1984, 0x21A5, 0x21A5, 0x21A4, 0x21C5, 0x19A5, 0x21A5, 0x21A5, 0x3A05, 0x1963,
  0x1984, 0x21A5, 0x21C5, 0x2184, 0x21A4, 0x21A5, 0x2184, 0x2184, 0x1984, 0x1964, 0x31E5, 0x29A4,
  0x2184, 0x29C4, 0x1984, 0x21A5, 0x1984, 0x2183, 0x31C5, 0x3162, 0x2962, 0x2122, 0x3122, 0x6223,
  0x6243, 0x5A03, 0x5A03, 0x5A04, 0x51C3, 0x5A03, 0x3121, 0x9387, 0xA3A6, 0x82C3, 0x82E4, 0x7284,
  0x7AA4, 0x9346, 0x8305, 0x6202, 0xC52C, 0xC52C, 0x9B85, 0x9B65, 0x9B65, 0x82E4, 0x8B25, 0x6A63,
  0x5A03, 0x4162, 0x3962, 0x3982, 0x3142, 0x4183, 0x4182, 0x3941, 0x49C3, 0x4182, 0x4182, 0x51C3,
  0x49C3, 0x4182, 0x4183, 0x3962, 0x4182, 0x4182, 0x3101, 0x3962, 0x3961, 0x3121, 0x4182, 0x4182,
  0x3941, 0x3941, 0x3962, 0x3942, 0x3121, 0x3942, 0x3941, 0x3942, 0x3121, 0x3942, 0x3942, 0x3941,
  0x53AC, 0x538C, 0x63CC, 0x6BED, 0x5B8B, 0x6BEC, 0x53CE, 0x434B, 0x63CC, 0x63ED, 0x5BAC, 0x63CC,
  0x740D, 0x73EC, 0x73EC, 0x638A, 0x638B, 0x740C, 0x5B8A, 0x5349, 0x6B8B, 0x4AE9, 0x42C8, 0x4AE9,
  0x3A47, 0x29E5, 0x31E5, 0x3205, 0x2183, 0x2143, 0x2123, 0x2943, 0x3183, 0x2142, 0x18E1, 0x18C1,
  0x18E1, 0x20E1, 0x2102, 0x18E1, 0x18E2, 0x2143, 0x29A4, 0x2984, 0x2984, 0x31E5, 0x31C5, 0x3A05,
  0x3A67, 0x4AC8, 0x5AE8, 0x6B8A, 0x6369, 0x740C, 0x6BEC, 0x7C2C, 0x740C, 0x6BAA, 0x7BEB, 0x8C8E,
  0x846E, 0x7C4E, 0x7C2D, 0x742D, 0x7C6E, 0x848F, 0x63ED, 0x5BEE, 0x5BCD, 0x63ED, 0x9CF0, 0x94EF,
  0x94EE, 0x948D, 0x8C2C, 0x736A, 0x6329, 0x4AA6, 0x73EC, 0x7C0D, 0x6BCB, 0x63AB, 0x4AC8, 0x532A,
  0x532A, 0x530A, 0x532A, 0x4AC9, 0x5309, 0x3A67, 0x4287, 0x42A9, 0x3A68, 0x3AA9, 0x328A, 0x328B,
  0x2A29, 0x3228, 0x2A4A, 0x2A4A, 0x2A08, 0x31E5, 0x3AA8, 0x3227, 0x3226, 0x3247, 0x29E7, 0x2207,
  0x21C7, 0x2A07, 0x21C6, 0x2184, 0x2184, 0x1923, 0x1944, 0x1144, 0x2164, 0x29C6, 0x1965, 0x1965,
  0x1164, 0x1964, 0x1985, 0x19A5, 0x19A5, 0x19A5, 0x19A5, 0x19A5, 0x1985, 0x3206, 0x21A5, 0x19A5,
  0x1985, 0x1985, 0x21C5, 0x21C6, 0x2A27, 0x2A67, 0x2A67, 0x2A47, 0x2A47, 0x2A05, 0x3A67, 0x2247,
  0x2A47, 0x2A27, 0x2A27, 0x2A27, 0x2A47, 0x2A47, 0x2A47, 0x2227, 0x2A67, 0x2A27, 0x4AA8, 0x2A26,
  0x2A47, 0x2A67, 0x2A47, 0x3247, 0x2A27, 0x2A47, 0x2A47, 0x2A46, 0x2A46, 0x2A26, 0x3A67, 0x3A87,
  0x2A26, 0x2A26, 0x21E6, 0x2A06, 0x2A26, 0x3226, 0x3226, 0x31C5, 0x39E4, 0x2943, 0x2901, 0x6A64,
  0x6264, 0x5A23, 0x6244, 0x5A03, 0x51E3, 0x51E3, 0x3101, 0x93A8, 0xABC6, 0x9B86, 0x7AC4, 0x7AC4,
  0x6A23, 0x9BA7, 0x6202, 0x8B05, 0xB489, 0xC50B, 0xAC28, 0xA386, 0x9B86, 0x7AC4, 0x9346, 0x82C4,
  0x6223, 0x41A3, 0x3983, 0x3142, 0x2922, 0x4183, 0x5204, 0x49A3, 0x49A3, 0x49C3, 0x51E3, 0x51E3,
  0x51E3, 0x49C3, 0x49E3, 0x49C3, 0x49C3, 0x49C3, 0x49A3, 0x4183, 0x49C3, 0x41A3, 0x49C3, 0x49C3,
  0x4182, 0x4182, 0x4182, 0x4182, 0x3942, 0x3962, 0x3942, 0x3982, 0x3942, 0x3142, 0x3142, 0x3942,
  0x538D, 0x5BCD, 0x5BCD, 0x536B, 0x7C6E, 0x6C0D, 0x5BAC, 0x63EC, 0x63ED, 0x4B8D, 0x5BCE, 0x63CD,
  0x742D, 0x5BAB, 0x63CC, 0x6BED, 0x7C2D, 0x7C2C, 0x73AB, 0x7C2D, 0x6BCB, 0x6BAB, 0x7BEC, 0x73EB,
  0x5349, 0x5B49, 0x73EC, 0x5B29, 0x42A7, 0x5B29, 0x5B29, 0x4AC7, 0x4AE9, 0x4267, 0x3A26, 0x3A47,
  0x3A47, 0x4287, 0x4287, 0x4287, 0x4246, 0x4246, 0x4AE8, 0x5B4A, 0x5329, 0x5B29, 0x6329, 0x73CA,
  0x5B8A, 0x6B8A, 0x6BAA, 0x7C4D, 0x7C2C, 0x740C, 0x740C, 0x7C2D, 0x846E, 0x846E, 0x7C2D, 0x6C2D,
  0x742E, 0x7C8F, 0x640D, 0x5C0D, 0x5C0E, 0x744E, 0x7C8F, 0x744E, 0x8CAF, 0x94CF, 0x946D, 0x83EB,
  0x6B69, 0x6B69, 0x6B49, 0x73AB, 0x6B8B, 0x4AA8, 0x638B, 0x638B, 0x63AB, 0x6BAB, 0x4AA7, 0x530A,
  0x534B, 0x534A, 0x4AE9, 0x3A26, 0x4267, 0x530A, 0x534C, 0x42CC, 0x2A08, 0x3A69, 0x3A8B, 0x328B,
  0x2A29, 0x3249, 0x2A49, 0x2A08, 0x3A47, 0x4268, 0x3269, 0x29E7, 0x3247, 0x3248, 0x29C6, 0x21E6,
  0x2A07, 0x2207, 0x21C6, 0x21A4, 0x1944, 0x1123, 0x1964, 0x1964, 0x29A5, 0x29C5, 0x1964, 0x1984,
  0x1964, 0x1985, 0x1985, 0x19A5, 0x1985, 0x1984, 0x1985, 0x19A5, 0x1985, 0x31E6, 0x1984, 0x1984,
  0x1985, 0x19A5, 0x19C5, 0x21E5, 0x2A26, 0x2A46, 0x2A46, 0x2A26, 0x2206, 0x2A05, 0x4287, 0x2226,
  0x2A27, 0x2A26, 0x2A26, 0x2A26, 0x2A27, 0x2A26, 0x2A26, 0x2226, 0x2A26, 0x2206, 0x4AC8, 0x3247,
  0x2226, 0x2A46, 0x2A26, 0x2A27, 0x2A47, 0x2A26, 0x2206, 0x2A46, 0x2A26, 0x2A26, 0x3A46, 0x3A47,
  0x21E6, 0x2A06, 0x21E5, 0x21E6, 0x2206, 0x2206, 0x2A26, 0x2A06, 0x39E4, 0x39A4, 0x2901, 0x6244,
  0x6A84, 0x5A02, 0x6223, 0x6224, 0x5A03, 0x51E3, 0x28E1, 0x93C8, 0xA3C6, 0xA3C6, 0x7AA4, 0x72A5,
  0x7AC4, 0x8B47, 0x6202, 0xA3A6, 0xB448, 0xCD4D, 0xBCAA, 0xA3C6, 0x9B86, 0x7AA3, 0x8B05, 0x8B05,
  0x6243, 0x49A2, 0x41A3, 0x3963, 0x28E1, 0x41A2, 0x49C3, 0x49A3, 0x4162, 0x51E4, 0x51C3, 0x51E3,
  0x51E3, 0x51E3, 0x49A2, 0x51E3, 0x49A2, 0x41A2, 0x49A3, 0x4162, 0x49C3, 0x49A3, 0x49A3, 0x49A2,
  0x49A3, 0x41A2, 0x4182, 0x4162, 0x3962, 0x3962, 0x3942, 0x3941, 0x3962, 0x3942, 0x3942, 0x3962,
  0x73ED, 0x4B6C, 0x3B4C, 0x538C, 0x6C2D, 0x538C, 0x5BAC, 0x6C2D, 0x6BCC, 0x640D, 0x63CD, 0x742E,
  0x5BAC, 0x4B6B, 0x5BAC, 0x4B6B, 0x5BAC, 0x6BCC, 0x63CB, 0x740C, 0x6BEC, 0x7C0D, 0x846E, 0x7C0C,
  0x73CB, 0x8C6D, 0x8C4C, 0x6369, 0x636A, 0x844D, 0x7BEB, 0x73EB, 0x638A, 0x636A, 0x73CB, 0x6BAA,
  0x636A, 0x7BEC, 0x7C0C, 0x6BCC, 0x6BAA, 0x6BAB, 0x63AB, 0x846E, 0x842C, 0x73CA, 0x7BEB, 0x846D,
  0x7C4D, 0x740C, 0x740D, 0x7C2C, 0x8C4C, 0x7C6E, 0x8C8E, 0x844D, 0x63EE, 0x744F, 0x7C6E, 0x5BED,
  0x640E, 0x640E, 0x846F, 0x744D, 0x7C8E, 0x9CEF, 0x9D0F, 0x842C, 0x7369, 0x6B48, 0x73AA, 0x5B28,
  0x73AB, 0x63AB, 0x5309, 0x52E9, 0x5B4A, 0x4AA8, 0x638A, 0x63AB, 0x63AB, 0x6BCB, 0x4AE9, 0x4AE8,
  0x4AC9, 0x4AA8, 0x4AC9, 0x4288, 0x636B, 0x4B0C, 0x3ACB, 0x3AAA, 0x3228, 0x428A, 0x328B, 0x3A8B,
  0x3249, 0x2A07, 0x3A68, 0x42A9, 0x3249, 0x3248, 0x3268, 0x2A27, 0x3227, 0x3207, 0x29E6, 0x31E6,
  0x21C6, 0x2207, 0x21C5, 0x2185, 0x1103, 0x1124, 0x1984, 0x1984, 0x29C5, 0x21A4, 0x1985, 0x19A5,
  0x19A5, 0x19A5, 0x19A5, 0x19A5, 0x1985, 0x19A5, 0x1985, 0x11A5, 0x21E5, 0x3206, 0x1985, 0x21C5,
  0x19C5, 0x21C6, 0x21C6, 0x2A27, 0x2226, 0x2A47, 0x2A47, 0x2A47, 0x2206, 0x4287, 0x4AC9, 0x2227,
  0x2A27, 0x2A26, 0x2A27, 0x2A27, 0x2A27, 0x2A27, 0x2A27, 0x2227, 0x2A27, 0x21E6, 0x4AC8, 0x3A87,
  0x2A47, 0x2A47, 0x2A47, 0x2A47, 0x2A47, 0x2A47, 0x2A26, 0x2A46, 0x2A46, 0x2A46, 0x3226, 0x42A8,
  0x2206, 0x2A07, 0x2A06, 0x2A06, 0x2A26, 0x2206, 0x2226, 0x2226, 0x31E6, 0x39E4, 0x2901, 0x49E3,
  0x72A5, 0x59E2, 0x5A24, 0x5A24, 0x6223, 0x5A03, 0x28E1, 0x93E9, 0xA3A6, 0x9B65, 0x7284, 0x59E2,
  0x82E6, 0x6A64, 0x7AA5, 0xABC6, 0xABE7, 0xCD4C, 0xC50C, 0xB428, 0x9B85, 0x8304, 0x8AE5, 0x9345,
  0x6A63, 0x51E3, 0x3983, 0x39C5, 0x2901, 0x41A3, 0x4182, 0x49C3, 0x4162, 0x51E3, 0x49C3, 0x51E3,
  0x51E3, 0x51C3, 0x49A2, 0x51E3, 0x49C3, 0x49A3, 0x49C3, 0x49A3, 0x49A2, 0x51E3, 0x49C3, 0x49C3,
  0x49C3, 0x4182, 0x4983, 0x4182, 0x4162, 0x3962, 0x3962, 0x3121, 0x4182, 0x3942, 0x3941, 0x3962,
  0x73ED, 0x6C0D, 0x6BEC, 0x6BCC, 0x4B6B, 0x434B, 0x5BAC, 0x53AC, 0x5B8B, 0x844E, 0x7C0D, 0x63CC,
  0x63CC, 0x7C0D, 0x5B8B, 0x742D, 0x742E, 0x4B8B, 0x53AC, 0x538C, 0x63CB, 0x742D, 0x740D, 0x6BAB,
  0x740D, 0x740C, 0x7C2C, 0x7C2C, 0x844D, 0x7C2C, 0x8C4E, 0x840C, 0x6BAB, 0x73CB, 0x844C, 0x7C4D,
  0x7C4D, 0x7C2D, 0x7C4D, 0x740C, 0x948D, 0x844C, 0x6BCB, 0x7C0C, 0x846D, 0x7C2D, 0x846E, 0x740C,
  0x6C0C, 0x6C0C, 0x844D, 0x740D, 0x740D, 0x6BED, 0x6C2E, 0x7C4E, 0x6C4E, 0x642E, 0x6C4E, 0x7C6F,
  0x6C4E, 0x746E, 0x9CF0, 0xA4EF, 0x83EC, 0x7BAB, 0x52A7, 0x6328, 0x6369, 0x6BCC, 0x6BAC, 0x5308,
  0x636A, 0x534A, 0x4B09, 0x5329, 0x5B6A, 0x52E9, 0x73CB, 0x6B8C, 0x63AB, 0x636A, 0x4287, 0x4A86,
  0x5B2B, 0x532C, 0x5B8D, 0x42AA, 0x5B4B, 0x3ACC, 0x42CB, 0x3ACB, 0x3249, 0x42CB, 0x326A, 0x2A29,
  0x3227, 0x4287, 0x42CA, 0x2A4A, 0x2208, 0x3248, 0x3A88, 0x2A27, 0x2A06, 0x29E6, 0x3227, 0x29C6,
  0x1985, 0x21E7, 0x29C6, 0x2164, 0x1123, 0x1143, 0x1984, 0x19A5, 0x29E6, 0x1964, 0x1985, 0x1985,
  0x1985, 0x19A5, 0x1985, 0x1985, 0x19A5, 0x19A5, 0x19A5, 0x11A5, 0x2A26, 0x3206, 0x19A5, 0x19C5,
  0x19C5, 0x2206, 0x2A26, 0x2A47, 0x2226, 0x2226, 0x2227, 0x2A47, 0x2206, 0x42A7, 0x4AC8, 0x2A27,
  0x2A26, 0x2A27, 0x2A47, 0x2A27, 0x2A06, 0x2A07, 0x2A26, 0x2A27, 0x2A06, 0x21E6, 0x52C8, 0x534A,
  0x2A26, 0x2247, 0x2A47, 0x2A47, 0x2A47, 0x2A47, 0x2A27, 0x2A26, 0x2A26, 0x2A47, 0x2A26, 0x42A7,
  0x2206, 0x2227, 0x2206, 0x2206, 0x2A27, 0x2206, 0x2206, 0x2A06, 0x2A06, 0x2A04, 0x2142, 0x49C3,
  0x7AC5, 0x6223, 0x5A23, 0x5A24, 0x6244, 0x6224, 0x28E1, 0x9BE9, 0xABC6, 0x9365, 0x72A4, 0x49A2,
  0x7AC6, 0x59E2, 0x7AC5, 0xA3C6, 0xA3E7, 0xCD2C, 0xC50C, 0xB448, 0xA3A6, 0x9365, 0x82C4, 0x9345,
  0x7AC5, 0x5A03, 0x3962, 0x4A06, 0x3963, 0x41A3, 0x4182, 0x49C3, 0x49A3, 0x51C2, 0x5A03, 0x51E3,
  0x51C3, 0x51E3, 0x49A3, 0x51E3, 0x51E4, 0x49A3, 0x49C3, 0x49C3, 0x4182, 0x5204, 0x49C3, 0x49C3,
  0x49A2, 0x49C3, 0x41A2, 0x41A3, 0x4182, 0x3962, 0x4183, 0x3942, 0x4183, 0x3962, 0x3962, 0x4183,
  0x63CD, 0x7C6E, 0x6C0D, 0x63AC, 0x742D, 0x7C4D, 0x7C2D, 0x4B8B, 0x742E, 0x640D, 0x434A, 0x6C0C,
  0x8C6E, 0x6C0D, 0x6C2D, 0x744E, 0x6BCC, 0x63EC, 0x5BEC, 0x5BCD, 0x742E, 0x846E, 0x6BCB, 0x63CB,
  0x63EC, 0x6C0C, 0x7C0C, 0x7C4E, 0x63CC, 0x6BED, 0x740D, 0x742D, 0x6BCC, 0x73EC, 0x740C, 0x6BEC,
  0x6C0D, 0x6C0D, 0x6BEC, 0x6BEC, 0x7C4D, 0x6C0D, 0x63CC, 0x63CC, 0x6C2D, 0x6C2D, 0x740C, 0x7C2D,
  0x740D, 0x846F, 0x846E, 0x5BEE, 0x6C4F, 0x7C6E, 0x63ED, 0x640E, 0x84AF, 0x7C6F, 0x8CB0, 0xA510,
  0x8C6D, 0x7BEC, 0x6B49, 0x6308, 0x6B6A, 0x634A, 0x4AC8, 0x6B8B, 0x5B2A, 0x5B4A, 0x5B6B, 0x4AC8,
  0x634A, 0x5B4A, 0x5309, 0x532A, 0x5B6B, 0x52C9, 0x6B6A, 0x5B09, 0x52C8, 0x5B0A, 0x4AA9, 0x63AB,
  0x536D, 0x42CC, 0x430C, 0x42AB, 0x5B6C, 0x3ACB, 0x42CB, 0x430C, 0x3269, 0x3A69, 0x3227, 0x42A8,
  0x42A9, 0x3A8A, 0x2A29, 0x2A29, 0x2A08, 0x3248, 0x3268, 0x2A06, 0x29E6, 0x3226, 0x21A5, 0x21C6,
  0x1985, 0x29E6, 0x29C5, 0x1964, 0x1943, 0x1943, 0x1964, 0x21A4, 0x31E5, 0x1964, 0x1984, 0x1984,
  0x1984, 0x21A5, 0x21A4, 0x1984, 0x1984, 0x1984, 0x21C5, 0x19A5, 0x31E4, 0x3226, 0x21C5, 0x21E5,
  0x2A26, 0x2A26, 0x3A87, 0x3267, 0x3A88, 0x3267, 0x3247, 0x3267, 0x2A46, 0x42A7, 0x5349, 0x3AA8,
  0x2A66, 0x3267, 0x2A47, 0x3267, 0x3266, 0x3266, 0x3287, 0x2A67, 0x3267, 0x21E5, 0x52E7, 0x638B,
  0x3226, 0x3287, 0x3A88, 0x3A88, 0x3267, 0x2A67, 0x3287, 0x2A66, 0x3287, 0x3267, 0x21E5, 0x4AA7,
  0x3A88, 0x2A26, 0x3246, 0x3246, 0x3246, 0x3226, 0x3246, 0x2A06, 0x3206, 0x3245, 0x2163, 0x4183,
  0x72C5, 0x6203, 0x5A03, 0x6203, 0x6244, 0x6A85, 0x3101, 0x9BE8, 0xA3E7, 0x9365, 0x72A4, 0x49A2,
  0x7AE6, 0x51E2, 0x7AE4, 0xA3A6, 0xABE7, 0xC4EB, 0xC50C, 0xB469, 0xA3C6, 0x9BA6, 0x7AA4, 0x9345,
  0x8B05, 0x5A03, 0x4162, 0x41C4, 0x3984, 0x3142, 0x41A3, 0x4182, 0x49C3, 0x4982, 0x51E3, 0x51E3,
  0x51E3, 0x51E3, 0x49A3, 0x49C3, 0x51C3, 0x49C3, 0x49C3, 0x49C3, 0x41A2, 0x51C3, 0x51C3, 0x49A2,
  0x49A2, 0x49C3, 0x49A3, 0x41A2, 0x41A3, 0x4182, 0x3962, 0x3962, 0x3941, 0x4183, 0x3941, 0x3962,
  0x848E, 0x5BCC, 0x538C, 0x740C, 0x740C, 0x6BEC, 0x73EC, 0x846E, 0x844D, 0x63EB, 0x5BCC, 0x63AD,
  0x4B4A, 0x63EC, 0x6BED, 0x4B6B, 0x6BED, 0x7C0D, 0x6C2D, 0x6C0C, 0x63EC, 0x740D, 0x6C0D, 0x740D,
  0x7C4D, 0x7C6D, 0x742D, 0x6C0D, 0x7C6E, 0x640D, 0x5BEC, 0x5BED, 0x5BCC, 0x6BCC, 0x63CC, 0x744E,
  0x6C2E, 0x6C0D, 0x742D, 0x7C4D, 0x7C4D, 0x8CAF, 0x7C4D, 0x6C0C, 0x63CB, 0x7C2D, 0x7C0D, 0x7C4E,
  0x744E, 0x63CC, 0x8CAF, 0x84AF, 0x63CD, 0x742D, 0x7C6F, 0x748F, 0x94CF, 0x948E, 0x840C, 0x6307,
  0x5AE7, 0x5287, 0x4AC7, 0x634A, 0x5B6B, 0x42E9, 0x3A87, 0x5B4A, 0x5B2A, 0x530A, 0x530A, 0x4AE8,
  0x6B6A, 0x5B49, 0x5309, 0x4AA8, 0x4AC9, 0x4A88, 0x5B29, 0x5B2A, 0x4B2B, 0x536D, 0x42CA, 0x5B4B,
  0x42EC, 0x42EC, 0x4B2C, 0x42CB, 0x5B8C, 0x3AEC, 0x3ACB, 0x3AAA, 0x3A48, 0x4AC9, 0x530A, 0x4AC9,
  0x3A68, 0x3289, 0x326A, 0x2A09, 0x2A08, 0x2A07, 0x3227, 0x3A68, 0x3A47, 0x29E6, 0x21C5, 0x21A5,
  0x29C5, 0x21C5, 0x21C5, 0x1143, 0x1964, 0x2184, 0x2184, 0x31E5, 0x3A06, 0x2184, 0x21A5, 0x21A5,
  0x29E5, 0x29E5, 0x29E5, 0x29C5, 0x29A5, 0x29A5, 0x29E6, 0x29A5, 0x4246, 0x3A26, 0x2A05, 0x3206,
  0x3A67, 0x3A47, 0x4287, 0x3A67, 0x3A67, 0x42A8, 0x3A67, 0x42A8, 0x3A26, 0x6329, 0x5AC8, 0x3A67,
  0x4287, 0x42A7, 0x42A8, 0x4AA8, 0x42A7, 0x42A7, 0x4AC8, 0x4288, 0x4AA8, 0x3226, 0x6B29, 0x4AA7,
  0x3A87, 0x3A87, 0x42A8, 0x4287, 0x4287, 0x4287, 0x4287, 0x4267, 0x4AA8, 0x4287, 0x3246, 0x6349,
  0x4267, 0x3A67, 0x4287, 0x42A7, 0x3A67, 0x4267, 0x4267, 0x3226, 0x31E5, 0x4246, 0x2963, 0x3942,
  0x6A64, 0x6A64, 0x5A03, 0x6223, 0x6244, 0x6244, 0x4162, 0x9BC8, 0x9BA6, 0x9365, 0x7AA4, 0x4182,
  0x6265, 0x5A03, 0x7AE4, 0xA3A6, 0xABE7, 0xBC69, 0xCD4C, 0xBC89, 0xABE6, 0xABE7, 0x7AA4, 0x8B45,
  0x9346, 0x6A64, 0x51C2, 0x41A3, 0x41C5, 0x2901, 0x49C3, 0x49A3, 0x5203, 0x4162, 0x51E3, 0x51E3,
  0x51E3, 0x51E3, 0x51C3, 0x51E3, 0x51E3, 0x49C3, 0x51C3, 0x49C3, 0x49C3, 0x4182, 0x5204, 0x49A2,
  0x51C3, 0x49C3, 0x49C3, 0x49A3, 0x41A2, 0x49A3, 0x4182, 0x4182, 0x3941, 0x4183, 0x3942, 0x3942,
  0x94AE, 0x848E, 0x7C8E, 0x742D, 0x5BAB, 0x740D, 0x842D, 0x742C, 0x7C2D, 0x73ED, 0x740D, 0x6BEB,
  0x6C0D, 0x5BAC, 0x4B6B, 0x63EC, 0x742E, 0x63CC, 0x7C4E, 0x8C8E, 0x742D, 0x63AC, 0x5BAC, 0x6C0D,
  0x94CF, 0x6C0D, 0x63CD, 0x744D, 0x746D, 0x740D, 0x740D, 0x742D, 0x6BEC, 0x846E, 0x63AB, 0x742D,
  0x6C0D, 0x63ED, 0x7C4D, 0x846E, 0x844D, 0x848E, 0x6C0C, 0x744D, 0x744E, 0x7C4E, 0x848E, 0x742D,
  0x5BED, 0x640E, 0x63EE, 0x8CCF, 0x84AF, 0x94CF, 0x9CCF, 0x83EC, 0x5B08, 0x6329, 0x52E8, 0x4AA8,
  0x4AE9, 0x3A47, 0x3267, 0x5309, 0x52E9, 0x4AE9, 0x42A8, 0x5329, 0x5329, 0x532A, 0x534A, 0x4B09,
  0x5B09, 0x4287, 0x42A8, 0x52E9, 0x5B4A, 0x4AC9, 0x6BCD, 0x5B4D, 0x4B0C, 0x4B0C, 0x42AA, 0x634B,
  0x4B0C, 0x42EC, 0x4B2D, 0x4AEB, 0x5B4B, 0x328A, 0x42AA, 0x532B, 0x52E9, 0x5B2A, 0x42C9, 0x42EA,
  0x3A89, 0x3A69, 0x3269, 0x2A29, 0x29E7, 0x3207, 0x4288, 0x2A06, 0x2A06, 0x2A27, 0x29E6, 0x29C5,
  0x31E6, 0x21A5, 0x21A5, 0x1123, 0x1984, 0x21A5, 0x19A5, 0x29A5, 0x2184, 0x1984, 0x19A5, 0x21A5,
  0x19A5, 0x19A5, 0x19A5, 0x19C5, 0x19C5, 0x19C5, 0x19C5, 0x1984, 0x3A05, 0x2A06, 0x2206, 0x2A47,
  0x2A47, 0x3288, 0x2A47, 0x2A67, 0x2A67, 0x2A67, 0x2A47, 0x2A67, 0x2A26, 0x5309, 0x3A87, 0x2206,
  0x2A67, 0x2A67, 0x2A67, 0x2A47, 0x2A47, 0x2A47, 0x2A46, 0x2A47, 0x3287, 0x2A47, 0x5308, 0x42C8,
  0x2A47, 0x2A87, 0x2A67, 0x2A26, 0x2A46, 0x2A46, 0x3267, 0x2A46, 0x3267, 0x3247, 0x2A46, 0x42A7,
  0x3267, 0x2A46, 0x2A47, 0x2A47, 0x2A26, 0x2A47, 0x2206, 0x2A26, 0x2A26, 0x3246, 0x21A4, 0x3142,
  0x6264, 0x6A64, 0x6203, 0x6223, 0x6244, 0x59E2, 0x6A65, 0x9BC7, 0x9345, 0x9B86, 0x7AA4, 0x49A2,
  0x51A2, 0x59E2, 0x7AC4, 0x9B65, 0xABE7, 0xAC07, 0xC50C, 0xC4CB, 0xB448, 0xABC6, 0x82C4, 0x8B45,
  0x9B66, 0x7284, 0x5A03, 0x3982, 0x4A05, 0x2922, 0x49A3, 0x49C3, 0x51E3, 0x4182, 0x49A3, 0x5A24,
  0x51E3, 0x49C3, 0x51E3, 0x51E3, 0x51E3, 0x51E3, 0x49C3, 0x49A2, 0x49C3, 0x4182, 0x5A04, 0x51E3,
  0x51C3, 0x49C3, 0x49C3, 0x49A2, 0x4162, 0x49C3, 0x4183, 0x41A2, 0x3962, 0x41A3, 0x4183, 0x3942,
  0x5A66, 0x5AA7, 0x738A, 0x6B8A, 0x8CCE, 0x94EF, 0x7C4E, 0x6C0D, 0x740E, 0x5B6B, 0x63AB, 0x7C6D,
  0x7C4D, 0x740D, 0x6BEC, 0x63CD, 0x5BCC, 0x538B, 0x846E, 0x94CF, 0x742E, 0x63CC, 0x7C6E, 0x8CCF,
  0x744D, 0x7C6E, 0x63ED, 0x53CD, 0x53AC, 0x73ED, 0x740C, 0x8CAE, 0x7C6E, 0x6C0D, 0x63EC, 0x642E,
  0x7C4D, 0x94CF, 0x8CAE, 0x63ED, 0x640D, 0x742D, 0x7C2D, 0x744D, 0x6C2E, 0x5C0D, 0x746E, 0x8CD0,
  0x6C0D, 0x640E, 0x7C8F, 0x9CEF, 0x94AE, 0x6328, 0x52A7, 0x5B08, 0x52E8, 0x4AE9, 0x3A68, 0x4267,
  0x42A8, 0x3A47, 0x4288, 0x4AE8, 0x4B09, 0x530A, 0x4287, 0x5309, 0x5309, 0x4AE9, 0x42A8, 0x4267,
  0x5B08, 0x6B8B, 0x6B8C, 0x63AC, 0x536C, 0x3A48, 0x638C, 0x4B0C, 0x4B0C, 0x4B2C, 0x428A, 0x530B,
  0x4B2D, 0x4B0C, 0x42EB, 0x3A69, 0x4AA8, 0x532B, 0x5B4C, 0x4B2D, 0x3268, 0x530A, 0x4AE9, 0x42EA,
  0x3268, 0x3A49, 0x3228, 0x3228, 0x3A47, 0x3A47, 0x2A27, 0x21E6, 0x2A06, 0x2A27, 0x31E6, 0x3206,
  0x29A5, 0x21A5, 0x2164, 0x1143, 0x21C5, 0x29E6, 0x21C5, 0x3206, 0x2184, 0x19A5, 0x19C5, 0x21A5,
  0x19A5, 0x19A5, 0x19A5, 0x19C5, 0x19C5, 0x19C5, 0x19C6, 0x21A5, 0x3A46, 0x2A67, 0x2A87, 0x2A88,
  0x2A88, 0x2A88, 0x2A68, 0x2A88, 0x3288, 0x2A87, 0x2A67, 0x3288, 0x2A67, 0x5308, 0x42C8, 0x2A46,
  0x2A87, 0x3288, 0x2A67, 0x2A67, 0x2A67, 0x2A47, 0x2A47, 0x2A67, 0x2A87, 0x2A67, 0x5308, 0x42E8,
  0x2A46, 0x3287, 0x3287, 0x2A67, 0x2A67, 0x2A67, 0x3267, 0x2A67, 0x3267, 0x3267, 0x2A46, 0x5309,
  0x3A87, 0x2A47, 0x2A47, 0x2A47, 0x2A67, 0x2A47, 0x2A26, 0x2A27, 0x2A26, 0x3247, 0x2A26, 0x2942,
  0x5A24, 0x6A84, 0x6224, 0x6244, 0x6244, 0x6244, 0x49C3, 0x9367, 0x8B25, 0x9BA7, 0x7AC4, 0x51C3,
  0x3942, 0x6243, 0x82E4, 0x9345, 0xABE7, 0xAC07, 0xC4CB, 0xC4EB, 0xBC68, 0xABE6, 0x9325, 0x82E4,
  0x9346, 0x7AA4, 0x5A03, 0x4182, 0x41E4, 0x2943, 0x3962, 0x41A2, 0x4182, 0x49C3, 0x49A3, 0x6244,
  0x51E4, 0x49C3, 0x5203, 0x59E3, 0x51E3, 0x5A03, 0x49A2, 0x49A2, 0x49C3, 0x51C3, 0x49A3, 0x5203,
  0x49A2, 0x49C3, 0x49C3, 0x41A2, 0x4182, 0x41A3, 0x4183, 0x41A2, 0x49A3, 0x3942, 0x4183, 0x3122,
  0x6265, 0x51C3, 0x4182, 0x41A3, 0x5A86, 0x5B08, 0x73CB, 0x848E, 0x6BCD, 0x7C4D, 0x742C, 0x6BCD,
  0x638A, 0x7C2C, 0x7C2E, 0x5BAB, 0x6BCC, 0x848E, 0x7C8F, 0x5BCC, 0x63EC, 0x7C6E, 0x7C4D, 0x742D,
  0x538C, 0x6C4E, 0x6C2E, 0x640D, 0x6C0D, 0x6C0C, 0x846E, 0x7C4E, 0x742E, 0x5C0E, 0x644E, 0x742D,
  0x8CAF, 0x848E, 0x848E, 0x7C8E, 0x6C0D, 0x7C4E, 0x846E, 0x848E, 0x7C6E, 0x640D, 0x5BCC, 0x6C0D,
  0x9D31, 0x9CCE, 0x840C, 0x6329, 0x52A7, 0x4267, 0x4AC9, 0x3A88, 0x3A68, 0x3268, 0x3A67, 0x4A66,
  0x42A8, 0x3A88, 0x4287, 0x4AE9, 0x4B09, 0x4AE9, 0x4266, 0x4A87, 0x4AC8, 0x52E9, 0x5B2B, 0x42A8,
  0x73CC, 0x63CD, 0x534B, 0x534B, 0x532B, 0x3249, 0x5B4B, 0x4B2C, 0x532C, 0x534D, 0x42AB, 0x4AEA,
  0x3A8A, 0x4AC9, 0x532A, 0x4289, 0x636B, 0x4B2B, 0x42EB, 0x3ACB, 0x3248, 0x52EA, 0x4309, 0x42E9,
  0x3268, 0x3207, 0x3A68, 0x4AA8, 0x3226, 0x3227, 0x2A27, 0x21E6, 0x31E5, 0x29E6, 0x31E6, 0x2A05,
  0x31C5, 0x2185, 0x1944, 0x21A5, 0x21C6, 0x21C5, 0x29E5, 0x3206, 0x1964, 0x19A5, 0x19C5, 0x19A5,
  0x19A5, 0x19A5, 0x19A5, 0x19C5, 0x21C5, 0x21C5, 0x21C6, 0x2185, 0x4A88, 0x3288, 0x2A68, 0x2A67,
  0x2A67, 0x2A68, 0x2A68, 0x2A88, 0x2A88, 0x2A88, 0x3287, 0x3288, 0x2A67, 0x6349, 0x42A8, 0x2A46,
  0x3288, 0x3267, 0x2A67, 0x3288, 0x2A67, 0x2A67, 0x2A47, 0x2A67, 0x2A87, 0x2A47, 0x5B29, 0x534A,
  0x2A46, 0x2A67, 0x3287, 0x2A67, 0x3267, 0x3267, 0x3267, 0x2A67, 0x3247, 0x3287, 0x2A67, 0x4AC8,
  0x42C8, 0x2A47, 0x2A47, 0x2A47, 0x2A47, 0x2A47, 0x2A47, 0x2A26, 0x2A47, 0x2A47, 0x2A26, 0x2963,
  0x5204, 0x72A4, 0x5A03, 0x6244, 0x6A44, 0x6244, 0x2901, 0x72A4, 0x9BA8, 0x7AA4, 0x7284, 0x5A03,
  0x3141, 0x5A23, 0x82E4, 0x8304, 0xA3A6, 0xABE7, 0xBC8A, 0xCD2C, 0xBC69, 0xABC6, 0xA3A6, 0x82E4,
  0x9345, 0x7A84, 0x6244, 0x49C3, 0x41C4, 0x39A4, 0x3142, 0x49A3, 0x4182, 0x49C3, 0x4162, 0x6244,
  0x5A04, 0x5203, 0x5A03, 0x5A03, 0x51C2, 0x5A04, 0x51C3, 0x49C3, 0x49C3, 0x51E3, 0x4982, 0x5A23,
  0x51C3, 0x49C3, 0x49C3, 0x49A2, 0x49A3, 0x49A3, 0x49A3, 0x4182, 0x41A3, 0x3942, 0x3962, 0x3962,
  0x6224, 0x59E2, 0x6224, 0x6244, 0x6244, 0x5A23, 0x49E4, 0x5AA6, 0x736B, 0x846E, 0x73EC, 0x638A,
  0x7C4E, 0x7C2D, 0x6BAB, 0x7C4D, 0x8C8F, 0x5BAC, 0x4BAC, 0x5BCD, 0x53AC, 0x63CC, 0x844E, 0x63EC,
  0x53ED, 0x5BED, 0x6C0D, 0x8CD0, 0x8CAF, 0x744D, 0x63ED, 0x53AC, 0x742D, 0x744E, 0x8CAE, 0x84AE,
  0x744E, 0x6C2E, 0x6C0D, 0x8CAF, 0x8C8E, 0x6C0D, 0x5BCD, 0x63ED, 0x7C4D, 0x8C8F, 0x846E, 0x94CF,
  0x840B, 0x62E8, 0x4AA7, 0x4287, 0x3A88, 0x3A46, 0x4AC8, 0x3A68, 0x3268, 0x3A88, 0x3A47, 0x4266,
  0x4B09, 0x42A8, 0x4A87, 0x4A87, 0x3A46, 0x3A67, 0x4AA8, 0x5309, 0x532B, 0x532B, 0x42EB, 0x3A69,
  0x6BAB, 0x5B8C, 0x534B, 0x536B, 0x4B2A, 0x3A69, 0x5B4B, 0x534D, 0x534D, 0x4B0C, 0x3A49, 0x4A87,
  0x5B4A, 0x638B, 0x5B8C, 0x4288, 0x532A, 0x3ACA, 0x42EB, 0x3AAA, 0x3268, 0x532A, 0x42C9, 0x3A88,
  0x3A67, 0x3A66, 0x4288, 0x3247, 0x2A06, 0x2A06, 0x3247, 0x29E6, 0x31E5, 0x3A26, 0x29A4, 0x21E5,
  0x29A5, 0x2164, 0x1984, 0x21C5, 0x21E6, 0x21E5, 0x29E5, 0x29C5, 0x1984, 0x19A5, 0x19A5, 0x19A5,
  0x19A5, 0x19A5, 0x19A5, 0x19C5, 0x21C5, 0x21C5, 0x19C5, 0x29E5, 0x52E9, 0x2A67, 0x2A88, 0x2A67,
  0x3268, 0x3288, 0x2A68, 0x3288, 0x3288, 0x3267, 0x3288, 0x32A8, 0x2A47, 0x52E8, 0x3AA8, 0x2A67,
  0x2A67, 0x2A47, 0x2A67, 0x3267, 0x3267, 0x3267, 0x2A67, 0x2A67, 0x2A67, 0x2A47, 0x5B49, 0x532A,
  0x2A26, 0x2A67, 0x3267, 0x3267, 0x3267, 0x3287, 0x3267, 0x2A67, 0x3267, 0x3267, 0x2A67, 0x3A67,
  0x4B09, 0x2A47, 0x2A27, 0x2A47, 0x2A47, 0x2A27, 0x2A47, 0x2A47, 0x2A47, 0x2A47, 0x2A47, 0x2963,
  0x49A3, 0x72A4, 0x59E3, 0x6244, 0x6A64, 0x6224, 0x3122, 0x7AE5, 0x82E5, 0x9BA9, 0x7AE5, 0x5A22,
  0x3961, 0x3942, 0x7AC4, 0x7AA3, 0xA3A6, 0xA3C6, 0xB449, 0xCD0C, 0xBC89, 0xABC6, 0xA3C7, 0x8B04,
  0x9366, 0x8B25, 0x6A64, 0x51E3, 0x4182, 0x4A05, 0x2922, 0x4183, 0x4182, 0x51E3, 0x4182, 0x59E3,
  0x6223, 0x5A03, 0x5A03, 0x5203, 0x49C3, 0x5A04, 0x51E3, 0x51C3, 0x49C3, 0x49C3, 0x51C3, 0x51E3,
  0x5A03, 0x49A2, 0x49A2, 0x49C3, 0x49A2, 0x49A3, 0x4182, 0x4182, 0x4183, 0x41A3, 0x3941, 0x41A3,
  0x6224, 0x6264, 0x6223, 0x59E2, 0x72A4, 0x6A44, 0x49C3, 0x51E3, 0x4162, 0x39A4, 0x7BEC, 0x94CE,
  0x846E, 0x638B, 0x6BEB, 0x6C0C, 0x73EC, 0x740C, 0x5B8B, 0x4BAC, 0x63ED, 0x63CD, 0x742D, 0x7C2D,
  0x640D, 0x63ED, 0x7C6F, 0x740D, 0x6BEC, 0x7C6E, 0x6C0C, 0x7C8F, 0x848F, 0x848F, 0x84AF, 0x746E,
  0x6C0D, 0x6C0D, 0x7C6F, 0x7C6F, 0x63EC, 0x744E, 0x746E, 0x640D, 0x6BEC, 0x94CF, 0x948D, 0x6308,
  0x4A66, 0x4AC8, 0x3A67, 0x2A27, 0x3247, 0x3246, 0x4AE8, 0x3A87, 0x3A87, 0x3A88, 0x3247, 0x4266,
  0x4AC8, 0x3A47, 0x4267, 0x52C9, 0x530A, 0x42AA, 0x42A9, 0x532B, 0x3AAA, 0x32AB, 0x42EC, 0x3AAA,
  0x638B, 0x5B6B, 0x5B4C, 0x5B6C, 0x5B4C, 0x4268, 0x52E9, 0x42CA, 0x52EB, 0x5B4C, 0x52CA, 0x636A,
  0x532A, 0x42EA, 0x4B2A, 0x42A9, 0x5B2A, 0x3ACA, 0x42CA, 0x3ACB, 0x2A68, 0x42C8, 0x4AA8, 0x4AC8,
  0x42A8, 0x3227, 0x3227, 0x3227, 0x2A06, 0x3226, 0x3206, 0x29C5, 0x3A26, 0x31E5, 0x29A4, 0x29C5,
  0x1923, 0x1984, 0x21C5, 0x21C5, 0x2206, 0x21E5, 0x29E5, 0x21A5, 0x1985, 0x19A5, 0x19A5, 0x19A5,
  0x19A5, 0x19A5, 0x21C5, 0x21C5, 0x21C5, 0x21E6, 0x2227, 0x3246, 0x4AE8, 0x2A67, 0x2A67, 0x2A67,
  0x2A68, 0x3288, 0x3288, 0x3267, 0x3287, 0x3267, 0x2A67, 0x2A68, 0x2247, 0x4AC8, 0x42C8, 0x2A67,
  0x2A87, 0x2A67, 0x2A47, 0x2A67, 0x3267, 0x2A67, 0x3267, 0x2A67, 0x2A67, 0x2A27, 0x5328, 0x6BCC,
  0x2A47, 0x2A46, 0x2A46, 0x2A67, 0x2A87, 0x2A67, 0x2A67, 0x2A46, 0x3267, 0x3267, 0x2A47, 0x4AA9,
  0x4AE9, 0x2206, 0x2A46, 0x2A26, 0x2A27, 0x2A26, 0x2A26, 0x2A67, 0x2A67, 0x2A27, 0x2A47, 0x2184,
  0x3941, 0x72C5, 0x6A44, 0x6244, 0x6A64, 0x6244, 0x2901, 0x7AE5, 0x82E4, 0x7243, 0x8305, 0x6AA4,
  0x5204, 0x3942, 0x7AC4, 0x7283, 0x9B66, 0xABE7, 0xB469, 0xCD2D, 0xBCCA, 0xABE6, 0xA3C6, 0x8B05,
  0x8B04, 0x9B65, 0x7283, 0x51E3, 0x4182, 0x4A05, 0x2102, 0x3962, 0x49A3, 0x49C3, 0x49C3, 0x49A3,
  0x6244, 0x59E3, 0x5A04, 0x5203, 0x51E3, 0x51E3, 0x51E3, 0x51E3, 0x49C3, 0x49C2, 0x51E3, 0x4162,
  0x5A23, 0x49C3, 0x49C3, 0x49A3, 0x41A2, 0x49A3, 0x4182, 0x4182, 0x4182, 0x4182, 0x3962, 0x4182,
  0x6244, 0x5A03, 0x59E3, 0x7285, 0x6A64, 0x4162, 0x4982, 0x5A23, 0x4982, 0x51E3, 0x5203, 0x5A87,
  0x840C, 0x8C8E, 0x6BEC, 0x6BCC, 0x63EB, 0x7C2C, 0x844D, 0x6BEC, 0x844E, 0x742D, 0x6C2E, 0x744E,
  0x7C4E, 0x63CC, 0x5C0D, 0x5BED, 0x63ED, 0x640D, 0x7C8F, 0x846E, 0x740D, 0x9CEF, 0x7C6F, 0x84B0,
  0x846E, 0x848E, 0x8CCF, 0x63EC, 0x5BED, 0x5C0D, 0x6C0D, 0x94EF, 0xA510, 0x6B6A, 0x4AA7, 0x4267,
  0x3A26, 0x4267, 0x3227, 0x3267, 0x3247, 0x3226, 0x4AE9, 0x3AA9, 0x3A88, 0x3247, 0x3A26, 0x4226,
  0x5AE8, 0x530A, 0x4AEB, 0x3AAA, 0x32AB, 0x326B, 0x3A8A, 0x534B, 0x42CA, 0x3AAA, 0x42CB, 0x42AA,
  0x636B, 0x5B8C, 0x534C, 0x42EA, 0x42AA, 0x4268, 0x52E9, 0x5B4C, 0x534C, 0x532C, 0x3A69, 0x532A,
  0x4AEA, 0x4AEA, 0x4B0A, 0x42A9, 0x5B4B, 0x3ACB, 0x3AC9, 0x3A69, 0x3A48, 0x530A, 0x532A, 0x42C9,
  0x3A68, 0x3A47, 0x3A47, 0x3247, 0x3206, 0x31E5, 0x3A27, 0x31E6, 0x31E5, 0x31E5, 0x2964, 0x2184,
  0x2985, 0x2A06, 0x2A26, 0x3226, 0x3247, 0x2A05, 0x3A26, 0x29E6, 0x21C6, 0x21E6, 0x29E6, 0x21E6,
  0x29E6, 0x2A06, 0x2A06, 0x2A26, 0x2A26, 0x29E6, 0x2A47, 0x4AA8, 0x5309, 0x42C9, 0x3AA8, 0x3AA8,
  0x42E9, 0x42C9, 0x42E9, 0x4B0A, 0x4B09, 0x4309, 0x3AC8, 0x3AA8, 0x3267, 0x6349, 0x5B4A, 0x4AE8,
  0x4B09, 0x3AA8, 0x3AA8, 0x42E9, 0x42C8, 0x42E9, 0x3AA8, 0x3AA8, 0x42C8, 0x3247, 0x5308, 0x6B8B,
  0x3AA8, 0x3287, 0x42E8, 0x42E9, 0x3AC8, 0x3AC8, 0x42C8, 0x42E8, 0x3A87, 0x3AA8, 0x3AA8, 0x4247,
  0x5B29, 0x42E8, 0x42A8, 0x3AA8, 0x3267, 0x3A87, 0x3AA8, 0x42C8, 0x3AA8, 0x3A67, 0x3A88, 0x29A4,
  0x3142, 0x6A84, 0x6A64, 0x6244, 0x6A64, 0x6A65, 0x3102, 0x7AA4, 0xB468, 0x8B25, 0x59E2, 0x3121,
  0x3121, 0x3122, 0x72A4, 0x72A4, 0x9325, 0xA3C6, 0xAC08, 0xCD2C, 0xC4EB, 0xAC07, 0xA3A6, 0x8B25,
  0x8B04, 0x9B86, 0x7AC4, 0x5A03, 0x49A2, 0x4A05, 0x39A4, 0x3142, 0x49A3, 0x4982, 0x49C3, 0x4182,
  0x5A44, 0x5A03, 0x59E4, 0x5A24, 0x49C3, 0x51C3, 0x5A03, 0x51E3, 0x49C3, 0x49C3, 0x51E3, 0x4983,
  0x5A23, 0x51C3, 0x49C3, 0x49A3, 0x49A2, 0x49A2, 0x49C3, 0x49A3, 0x4182, 0x3962, 0x4183, 0x3942,
  0x51C2, 0x5A03, 0x7284, 0x6A64, 0x3941, 0x51C3, 0x6244, 0x6223, 0x6A64, 0x6A64, 0x5A03, 0x51C3,
  0x49A3, 0x7BAB, 0x8C6D, 0x7C2C, 0x846D, 0x73EC, 0x742C, 0x7C6D, 0x6BCC, 0x6C0D, 0x6C2E, 0x5BCD,
  0x744E, 0x744D, 0x5BED, 0x5BCD, 0x53AC, 0x744D, 0x7C6F, 0x740D, 0x848F, 0x7C6E, 0x6C2D, 0x5BCD,
  0x744E, 0x84AF, 0x6BEC, 0x84AF, 0x746F, 0x53CD, 0x746E, 0x948D, 0x5AA7, 0x4287, 0x4288, 0x3207,
  0x3207, 0x4287, 0x3247, 0x3267, 0x3268, 0x3A67, 0x4AA8, 0x3247, 0x3A67, 0x4289, 0x4289, 0x52A7,
  0x5309, 0x3A69, 0x2A4A, 0x2A6B, 0x32AB, 0x32AB, 0x3AAA, 0x530B, 0x42A9, 0x42CA, 0x42CA, 0x3A89,
  0x5B0A, 0x42A9, 0x4268, 0x52E9, 0x5B4B, 0x5309, 0x638C, 0x4B0B, 0x42CB, 0x42EB, 0x3A69, 0x5B4A,
  0x4B2A, 0x4AEA, 0x4B0A, 0x4AA9, 0x530A, 0x3268, 0x42A9, 0x52EA, 0x4288, 0x4B09, 0x3AA8, 0x3A88,
  0x3A88, 0x3A67, 0x3A67, 0x2A07, 0x31E6, 0x4246, 0x3A67, 0x29E5, 0x31E5, 0x31C4, 0x1923, 0x1944,
  0x29C5, 0x2A05, 0x2A25, 0x3A47, 0x3246, 0x3205, 0x4A67, 0x31E5, 0x29E5, 0x31E5, 0x31E5, 0x31E5,
  0x3206, 0x3226, 0x3A26, 0x3206, 0x3A26, 0x3206, 0x3246, 0x6B69, 0x52E8, 0x4AE8, 0x4AE8, 0x42A8,
  0x42E9, 0x42C8, 0x4AE8, 0x5329, 0x534A, 0x4AE8, 0x4B08, 0x4B09, 0x42A7, 0x73CB, 0x4AE8, 0x4AE8,
  0x5309, 0x4AE8, 0x5329, 0x4B09, 0x4AE8, 0x534A, 0x5329, 0x5329, 0x5B4A, 0x42A8, 0x6349, 0x5B08,
  0x42A8, 0x42C8, 0x4AC8, 0x4AE8, 0x4AE8, 0x5329, 0x4AE8, 0x5309, 0x4B08, 0x4B09, 0x4AE8, 0x52E8,
  0x6B6A, 0x42A7, 0x4AA8, 0x4AE8, 0x4AC8, 0x3A66, 0x3A66, 0x4287, 0x3A87, 0x42A7, 0x4266, 0x29A4,
  0x2101, 0x5A23, 0x72A5, 0x6244, 0x6A44, 0x6244, 0x2901, 0x7AC4, 0xB448, 0xABE7, 0x8305, 0x59E3,
  0x49C2, 0x3122, 0x6243, 0x82E4, 0x8B25, 0xA386, 0xA3E7, 0xBCCA, 0xCD2C, 0xB469, 0xA3C6, 0x9B65,
  0x82E4, 0x9345, 0x82E4, 0x6243, 0x49A2, 0x4183, 0x41E5, 0x2902, 0x49A3, 0x51C3, 0x5204, 0x4182,
  0x5A03, 0x5A23, 0x51E3, 0x5A04, 0x51E3, 0x49A3, 0x5A04, 0x51E2, 0x49A2, 0x49A3, 0x51E2, 0x49C3,
  0x4983, 0x5A03, 0x49A2, 0x49A2, 0x49A3, 0x49A3, 0x4182, 0x4182, 0x49A3, 0x4182, 0x4162, 0x4162,
  0x6A64, 0x6A85, 0x5203, 0x51C2, 0x59E3, 0x6265, 0x6224, 0x5A03, 0x6A44, 0x59E2, 0x59E3, 0x6A64,
  0x6203, 0x49C3, 0x5AC7, 0x844C, 0x6BCB, 0x6BCC, 0x6BEC, 0x7C2D, 0x846E, 0x5BCD, 0x5BEE, 0x63ED,
  0x5BCD, 0x746E, 0x7C2D, 0x640D, 0x742E, 0x8C8F, 0x746F, 0x6C4E, 0x6C4F, 0x5BCD, 0x742E, 0x6C2E,
  0x7CAF, 0x63ED, 0x5BCD, 0x63ED, 0x6C2E, 0x94D0, 0x946D, 0x5266, 0x4267, 0x3A47, 0x2A27, 0x3227,
  0x3A47, 0x4AA8, 0x3268, 0x3267, 0x3247, 0x3A26, 0x4226, 0x4289, 0x4289, 0x3A8A, 0x2A4A, 0x4289,
  0x4AC9, 0x3A6A, 0x324B, 0x328B, 0x328A, 0x3ACC, 0x3AAA, 0x4B0B, 0x3AAA, 0x3AAA, 0x3248, 0x3247,
  0x52A7, 0x6B8A, 0x636A, 0x5B4B, 0x532A, 0x42A8, 0x636C, 0x4B0C, 0x4B0C, 0x4AEB, 0x3A69, 0x5B6B,
  0x534B, 0x42EA, 0x42A9, 0x4247, 0x5AC8, 0x5B0A, 0x4B09, 0x42C9, 0x3A47, 0x42C9, 0x42A9, 0x3AA9,
  0x3A68, 0x3226, 0x3206, 0x3A47, 0x3A47, 0x3A26, 0x3205, 0x31E5, 0x31C5, 0x2184, 0x1964, 0x19A5,
  0x19A4, 0x19A4, 0x21E5, 0x2A06, 0x2A06, 0x31E5, 0x3206, 0x19A5, 0x21A5, 0x1985, 0x19A5, 0x21A5,
  0x21C5, 0x21E5, 0x29E5, 0x2A06, 0x21E5, 0x2227, 0x2A87, 0x5B49, 0x4309, 0x32C8, 0x32A8, 0x32C8,
  0x2AC8, 0x32C8, 0x32A8, 0x32A8, 0x32A8, 0x32A8, 0x32A8, 0x2AA8, 0x3288, 0x5B4A, 0x3B0A, 0x32E9,
  0x32C9, 0x32C9, 0x3AE9, 0x3AE9, 0x3AE9, 0x32C9, 0x3AE8, 0x3AE9, 0x3B09, 0x32C9, 0x42C8, 0x4B4A,
  0x2A88, 0x32A9, 0x3288, 0x2A67, 0x32A8, 0x32A9, 0x3288, 0x3AC9, 0x3AE9, 0x3AE9, 0x32E9, 0x3A88,
  0x534A, 0x2A87, 0x2A47, 0x2A67, 0x3288, 0x2A88, 0x2A47, 0x2A87, 0x2A87, 0x2A67, 0x2A46, 0x2A47,
  0x2142, 0x51E3, 0x72A5, 0x6244, 0x6244, 0x6224, 0x3101, 0x82E4, 0xB448, 0xA3A6, 0x8305, 0x6A64,
  0x5203, 0x3963, 0x5A03, 0x7AE4, 0x8B25, 0x9B86, 0xABC7, 0xAC28, 0xCD4C, 0xBCAA, 0xA3A6, 0xA3A6,
  0x8B04, 0x9366, 0x8B25, 0x6A63, 0x51E3, 0x3962, 0x4205, 0x2101, 0x49E4, 0x51C3, 0x51E3, 0x51E3,
  0x51C2, 0x6244, 0x51E3, 0x5A03, 0x5A03, 0x49A2, 0x51C3, 0x5A03, 0x49C3, 0x49A3, 0x49C2, 0x51E3,
  0x4182, 0x5A24, 0x49E3, 0x49C3, 0x4982, 0x4182, 0x4182, 0x4162, 0x4182, 0x4183, 0x4182, 0x4183,
  0x5A23, 0x51E2, 0x59E2, 0x5A23, 0x5A24, 0x51A2, 0x5A03, 0x6223, 0x6A64, 0x6A64, 0x6A64, 0x6A43,
  0x72A5, 0x5204, 0x1880, 0x3A47, 0x740D, 0x73EC, 0x6C0D, 0x63CC, 0x7C4C, 0x744D, 0x63ED, 0x640D,
  0x6C2E, 0x7C2F, 0x94AF, 0x7C6E, 0x640D, 0x640C, 0x8CAF, 0x9D10, 0x9D10, 0x7C6E, 0x63ED, 0x848F,
  0x7C4D, 0x63ED, 0x5C0E, 0x5BCD, 0x7C6E, 0x948D, 0x5AA8, 0x3A06, 0x4267, 0x3227, 0x2A47, 0x3227,
  0x3A47, 0x4AA8, 0x3247, 0x3A47, 0x4247, 0x4288, 0x42CA, 0x222A, 0x2208, 0x2A29, 0x2A49, 0x4AC9,
  0x4AE9, 0x3269, 0x2A6A, 0x328A, 0x3AAA, 0x3AAB, 0x3A48, 0x3A68, 0x3A48, 0x42CA, 0x532B, 0x52CA,
  0x6B6A, 0x5B6B, 0x4AE9, 0x4AEA, 0x530A, 0x4AC8, 0x5B4B, 0x4B0C, 0x430B, 0x4B2B, 0x3A69, 0x52E9,
  0x4AC9, 0x52C9, 0x5B0A, 0x4AA8, 0x5B29, 0x42C8, 0x42A8, 0x42C9, 0x3A68, 0x4AEA, 0x4B0A, 0x42A9,
  0x3206, 0x3205, 0x4267, 0x3A47, 0x31E5, 0x3A25, 0x3A05, 0x29C5, 0x2163, 0x2184, 0x21C6, 0x19C5,
  0x21C5, 0x21E6, 0x2206, 0x2A06, 0x2206, 0x3A47, 0x2A26, 0x19A5, 0x19C5, 0x21E6, 0x21E6, 0x21E6,
  0x21E5, 0x21E5, 0x2A06, 0x2206, 0x2206, 0x3288, 0x3288, 0x5B29, 0x430A, 0x32A8, 0x32A9, 0x3AC9,
  0x32C9, 0x3AC9, 0x32A8, 0x3AC8, 0x3AA8, 0x32A8, 0x3AC8, 0x32C8, 0x42A7, 0x6BCB, 0x3AE9, 0x3B09,
  0x3AE9, 0x3AE9, 0x3B09, 0x3AE9, 0x3AE9, 0x3B09, 0x3AE8, 0x3AE9, 0x3AE8, 0x32C9, 0x4AE8, 0x5329,
  0x2A47, 0x3AC8, 0x3AE9, 0x3AE9, 0x3AC9, 0x3AC8, 0x3AC9, 0x3AE9, 0x3AE8, 0x42E9, 0x3AE8, 0x42C8,
  0x6BCB, 0x32A7, 0x3267, 0x32A8, 0x32A8, 0x3AC8, 0x3287, 0x2A67, 0x3288, 0x2A47, 0x3247, 0x3A88,
  0x2984, 0x41A2, 0x7285, 0x6223, 0x6223, 0x6224, 0x3121, 0x82E4, 0xB448, 0x9B66, 0x8B05, 0x6A44,
  0x51E2, 0x3963, 0x4183, 0x7AE5, 0x82C4, 0x9345, 0xA3A6, 0xABE7, 0xC4EB, 0xC4EB, 0xA3C6, 0xA3A6,
  0x8B25, 0x82E4, 0x9366, 0x7263, 0x6224, 0x3961, 0x4A05, 0x3143, 0x3962, 0x49A2, 0x49A2, 0x51E3,
  0x4982, 0x6244, 0x51E3, 0x5A03, 0x5A24, 0x51E3, 0x49A2, 0x51C3, 0x51E3, 0x49C2, 0x49C3, 0x49E3,
  0x49A2, 0x49C3, 0x5203, 0x49C3, 0x41A3, 0x4183, 0x41A3, 0x49A3, 0x4182, 0x4183, 0x4183, 0x4183,
  0x49E3, 0x6243, 0x7284, 0x5A03, 0x51A3, 0x6224, 0x72A5, 0x72C5, 0x7AE6, 0x6A84, 0x7AC5, 0x6264,
  0x4181, 0x2901, 0x20C1, 0x20C1, 0x39E5, 0x63AC, 0x740C, 0x7C6D, 0x7C4C, 0x844C, 0x848E, 0x6C4E,
  0x742E, 0x63ED, 0x640D, 0x848E, 0x84AF, 0x742D, 0x6C2D, 0x744E, 0x6C2E, 0x7C2E, 0x7C6E, 0x7C6E,
  0x742D, 0x7CAF, 0x6C2D, 0x744D, 0x94AE, 0x52A7, 0x3A47, 0x21E6, 0x4287, 0x3227, 0x2A47, 0x3227,
  0x3206, 0x4267, 0x3A48, 0x3A89, 0x2A49, 0x2A28, 0x4ACB, 0x222A, 0x2229, 0x2A49, 0x2229, 0x42A9,
  0x530A, 0x3A8A, 0x2A4A, 0x2A4A, 0x3229, 0x3A48, 0x4AA8, 0x530A, 0x530B, 0x4B0C, 0x3ACC, 0x3A8A,
  0x5B4B, 0x532A, 0x5309, 0x4B0A, 0x4B0A, 0x4288, 0x5B4B, 0x4B0C, 0x42CB, 0x3A89, 0x3A48, 0x5B08,
  0x638A, 0x5B6A, 0x5329, 0x3A67, 0x532A, 0x42C9, 0x4AA8, 0x4288, 0x3A68, 0x4B2A, 0x42C8, 0x3A67,
  0x3A46, 0x4247, 0x4247, 0x3206, 0x31E5, 0x3A06, 0x31C5, 0x1943, 0x2184, 0x29E6, 0x21E6, 0x21C6,
  0x2A06, 0x21E6, 0x2A06, 0x2A06, 0x21E5, 0x3A26, 0x2A06, 0x21C5, 0x21C5, 0x21E6, 0x21E6, 0x21E6,
  0x21E5, 0x21E5, 0x2A06, 0x2206, 0x32A8, 0x32C8, 0x3288, 0x63AB, 0x3AE8, 0x32C8, 0x32E9, 0x32C8,
  0x32C8, 0x32C8, 0x32A8, 0x32A8, 0x32A8, 0x32C9, 0x3AC9, 0x32C9, 0x42C8, 0x73EB, 0x3AE9, 0x3AE9,
  0x3AE9, 0x3AE9, 0x3AE9, 0x32E9, 0x3AE9, 0x3B0A, 0x3AE9, 0x3B0A, 0x3B09, 0x32C9, 0x4B08, 0x5B8B,
  0x3288, 0x32E9, 0x3AE9, 0x3B0A, 0x3AE9, 0x3AC9, 0x3AE9, 0x3AE9, 0x3AE9, 0x3AE9, 0x3B2A, 0x3AA8,
  0x5B8B, 0x3B09, 0x2A88, 0x3288, 0x32A8, 0x32A8, 0x3288, 0x2A67, 0x2A88, 0x3287, 0x3267, 0x32A8,
  0x29C5, 0x4183, 0x72A5, 0x6A43, 0x6203, 0x6244, 0x3121, 0x7AC4, 0xAC28, 0x9345, 0x82E4, 0x6243,
  0x51E2, 0x49A3, 0x3942, 0x72A5, 0x7AA4, 0x8B25, 0xA3A6, 0xABE7, 0xB469, 0xCD2C, 0xAC08, 0xA3A6,
  0x9B86, 0x7AC4, 0x9345, 0x8305, 0x6A64, 0x4182, 0x49E4, 0x41C4, 0x3122, 0x49C3, 0x51C3, 0x5203,
  0x4182, 0x5A04, 0x6223, 0x51E3, 0x5A03, 0x5A03, 0x49C3, 0x49A3, 0x51C3, 0x49A2, 0x51E3, 0x51C2,
  0x51E3, 0x4182, 0x51E3, 0x49A3, 0x49A3, 0x4182, 0x49A3, 0x49A3, 0x49A3, 0x4182, 0x4182, 0x4182,
  0x51E3, 0x6244, 0x51E3, 0x5A23, 0x7284, 0x7284, 0x6A64, 0x7284, 0x6A63, 0x6AA5, 0x5A03, 0x3121,
  0x28E1, 0x28E0, 0x4982, 0x7285, 0x41A2, 0x52A7, 0x8C8E, 0x7C0C, 0x6BCB, 0x6BEC, 0x8C8E, 0x6BCC,
  0x5BCE, 0x640E, 0x642F, 0x6BED, 0x94AF, 0x744E, 0x84B0, 0x640D, 0x5C0E, 0x640D, 0x7C4E, 0x63CC,
  0x63ED, 0x6C2E, 0x6BEC, 0x94AE, 0x6B49, 0x31E5, 0x21E6, 0x29E6, 0x4288, 0x3227, 0x2A26, 0x31E5,
  0x31E6, 0x4AA8, 0x2A49, 0x19E8, 0x21E9, 0x2A29, 0x4ACA, 0x2A2A, 0x2A29, 0x2A29, 0x222A, 0x428A,
  0x4AC9, 0x3248, 0x3228, 0x4289, 0x5B2A, 0x5B2A, 0x52E8, 0x5B6B, 0x42CB, 0x3AAB, 0x3ACB, 0x3AAA,
  0x636B, 0x534A, 0x532A, 0x534B, 0x532A, 0x4267, 0x4AA8, 0x3A48, 0x4AC8, 0x5B6B, 0x4A89, 0x5B2A,
  0x4AE9, 0x42C8, 0x4AE9, 0x4288, 0x5B2A, 0x42E9, 0x42E9, 0x42A9, 0x3206, 0x3A47, 0x4AA8, 0x52C8,
  0x3A26, 0x3A26, 0x4267, 0x3206, 0x31E5, 0x3184, 0x2123, 0x1985, 0x21C6, 0x21C5, 0x21E6, 0x2A26,
  0x2206, 0x2A06, 0x2A06, 0x2A26, 0x2A06, 0x4247, 0x21E5, 0x21E6, 0x21E6, 0x21E6, 0x21E6, 0x21E6,
  0x21E5, 0x21E6, 0x21E6, 0x3268, 0x3AC9, 0x32E9, 0x3A88, 0x532A, 0x32A8, 0x32A8, 0x32A8, 0x32C9,
  0x3AC9, 0x3AC9, 0x3AC9, 0x3AC8, 0x3AC8, 0x3AC8, 0x3AC8, 0x32C8, 0x42C8, 0x6BAB, 0x3AC9, 0x3AE9,
  0x3AC9, 0x3AE9, 0x3AE9, 0x4309, 0x3B09, 0x430A, 0x430A, 0x3B09, 0x3AE9, 0x32C9, 0x4AE8, 0x638B,
  0x3AC8, 0x3AE9, 0x3AE9, 0x430A, 0x4329, 0x42E9, 0x42E9, 0x42E9, 0x3AC8, 0x3AC8, 0x3AE9, 0x3A88,
  0x5B6A, 0x3AE9, 0x32A7, 0x3287, 0x3288, 0x3288, 0x3287, 0x3288, 0x32A8, 0x3267, 0x3266, 0x32A8,
  0x2A26, 0x3121, 0x6A64, 0x6A84, 0x6223, 0x6A44, 0x3122, 0x7AC4, 0xAC28, 0xA3C7, 0x8304, 0x6A63,
  0x59E3, 0x49A2, 0x3141, 0x6A43, 0x7AC4, 0x8B25, 0x9B85, 0xB407, 0xB469, 0xCD4D, 0xB448, 0x9B85,
  0x9BA7, 0x82E4, 0x8B25, 0x9345, 0x6A43, 0x49C2, 0x3962, 0x4A05, 0x2922, 0x51E4, 0x51C3, 0x51E3,
  0x49C3, 0x49C3, 0x6223, 0x5203, 0x5A03, 0x5A03, 0x49C3, 0x4182, 0x51C2, 0x51C3, 0x51C3, 0x51C2,
  0x51E3, 0x49A3, 0x51C3, 0x49C3, 0x49C3, 0x49C3, 0x49A2, 0x49A3, 0x41A3, 0x4162, 0x49A3, 0x4182,
  0x5A24, 0x51C3, 0x5A03, 0x72A5, 0x6A64, 0x6A64, 0x6A43, 0x6A64, 0x6265, 0x4182, 0x2901, 0x28E1,
  0x3122, 0x5A24, 0x6A64, 0x6203, 0x5A44, 0x4162, 0x5B08, 0x7C4D, 0x842C, 0x7C4D, 0x846D, 0x846E,
  0x640E, 0x640E, 0x5BCE, 0x5BAC, 0x7C2D, 0x63ED, 0x6C2F, 0x640E, 0x640E, 0x8CAF, 0x7C6D, 0x63ED,
  0x6C0D, 0x5BCD, 0x744D, 0x7BEB, 0x4266, 0x2985, 0x29E6, 0x29E5, 0x4288, 0x29C5, 0x3206, 0x4268,
  0x29E7, 0x3A89, 0x2229, 0x2229, 0x2209, 0x29E7, 0x3A89, 0x222A, 0x2A2A, 0x2A2A, 0x21C8, 0x3227,
  0x4A88, 0x52E9, 0x4AA8, 0x42AA, 0x42EA, 0x4B0A, 0x4AC8, 0x5B4B, 0x4AEB, 0x4ACB, 0x42EB, 0x3AAA,
  0x5B4A, 0x534A, 0x4B09, 0x4AE9, 0x4AC9, 0x4266, 0x52C8, 0x5B4A, 0x532A, 0x532A, 0x3A88, 0x4AE9,
  0x42C9, 0x4AC8, 0x4AE9, 0x4267, 0x5B2A, 0x42C9, 0x3A88, 0x4288, 0x4A67, 0x52C8, 0x4267, 0x3A47,
  0x31E5, 0x3A26, 0x3A46, 0x31C5, 0x2164, 0x1963, 0x21A5, 0x19A5, 0x21C6, 0x2206, 0x2A06, 0x2A06,
  0x2A06, 0x2A06, 0x2A06, 0x2226, 0x3226, 0x4267, 0x2205, 0x2206, 0x21E6, 0x21E6, 0x21E6, 0x2206,
  0x21E6, 0x21E5, 0x2A47, 0x3AC9, 0x32A8, 0x32C9, 0x4309, 0x5B4A, 0x3288, 0x32A8, 0x32A8, 0x32A8,
  0x32C9, 0x32C9, 0x32A8, 0x3AC8, 0x32C8, 0x32A8, 0x32A8, 0x32C8, 0x42A8, 0x6BCC, 0x3AE9, 0x3AE9,
  0x3AE9, 0x3B09, 0x3B09, 0x3B09, 0x3AE9, 0x3B09, 0x3B09, 0x3AE8, 0x3AE9, 0x32E8, 0x4AE8, 0x6BEC,
  0x3AC8, 0x32E9, 0x3B09, 0x4309, 0x3B09, 0x3AE9, 0x430A, 0x42E9, 0x3AC9, 0x3AC8, 0x3AE9, 0x32A8,
  0x5329, 0x3AE9, 0x2A87, 0x3287, 0x32A8, 0x2A87, 0x2A87, 0x2A88, 0x2A88, 0x2A88, 0x2A67, 0x3288,
  0x2A26, 0x2901, 0x6224, 0x72A5, 0x6223, 0x6244, 0x3122, 0x8B25, 0xB448, 0xAC08, 0x8B25, 0x7283,
  0x6223, 0x49C2, 0x3962, 0x51E3, 0x7AA4, 0x7AA3, 0x9B65, 0xABE7, 0xB448, 0xCD2C, 0xBCAA, 0xA3E6,
  0xABE7, 0x9366, 0x7AC5, 0x9346, 0x6A43, 0x49C2, 0x3962, 0x49E4, 0x2922, 0x49A3, 0x51E3, 0x49C3,
  0x49E3, 0x4162, 0x6243, 0x5203, 0x51E3, 0x5A03, 0x51E3, 0x49A2, 0x5203, 0x51E3, 0x49A2, 0x49E3,
  0x4182, 0x49A3, 0x4162, 0x49C3, 0x4182, 0x49A2, 0x49A3, 0x49A2, 0x4182, 0x4162, 0x4183, 0x4182,
  0x5A03, 0x6244, 0x72A5, 0x7284, 0x6A44, 0x7283, 0x7AE5, 0x5A24, 0x3921, 0x3101, 0x28E1, 0x4182,
  0x72A5, 0x6A84, 0x59E3, 0x51E2, 0x5A03, 0x49A2, 0x39E4, 0x740D, 0x742D, 0x6BEC, 0x73EB, 0x8CAE,
  0x7C2D, 0x742E, 0x742E, 0x7C6E, 0x94AE, 0x744E, 0x6C2D, 0x640D, 0x640E, 0x8CB0, 0x846F, 0x8CCF,
  0x848F, 0x742E, 0x94AE, 0x5AE8, 0x3206, 0x2185, 0x29E6, 0x29C5, 0x3A26, 0x3227, 0x3249, 0x2209,
  0x21C7, 0x4268, 0x2A29, 0x2209, 0x1A09, 0x2A28, 0x3AAA, 0x19EA, 0x21E8, 0x3248, 0x3A06, 0x52A8,
  0x5B2A, 0x4AEA, 0x2A28, 0x2A2A, 0x3AA9, 0x4B0A, 0x52E9, 0x534B, 0x42EA, 0x4B0B, 0x430C, 0x328A,
  0x52C9, 0x4288, 0x4AC8, 0x5B29, 0x636B, 0x52C8, 0x532A, 0x42EA, 0x4AEA, 0x4B0A, 0x3A89, 0x4AE8,
  0x42C9, 0x42E9, 0x42C9, 0x3A26, 0x4AA7, 0x4267, 0x4AA8, 0x52E8, 0x4A66, 0x4A87, 0x3A47, 0x3A66,
  0x31E5, 0x39E5, 0x39E5, 0x2143, 0x2163, 0x29E5, 0x21E5, 0x2A26, 0x3226, 0x3246, 0x3226, 0x2A26,
  0x3247, 0x3226, 0x3267, 0x2A46, 0x3225, 0x3A67, 0x3246, 0x2A26, 0x2A26, 0x2A26, 0x2A46, 0x2A46,
  0x2A05, 0x3AA8, 0x4B09, 0x4329, 0x4B29, 0x42E9, 0x42C7, 0x636A, 0x4309, 0x3AE8, 0x4309, 0x3AE8,
  0x432A, 0x4309, 0x4B09, 0x4B4A, 0x4B09, 0x4B09, 0x4B09, 0x42E9, 0x4AC7, 0x73CB, 0x4B29, 0x4B29,
  0x534A, 0x4309, 0x4309, 0x4309, 0x4B29, 0x4B29, 0x4B29, 0x4B49, 0x534A, 0x3B09, 0x42A7, 0x6BCB,
  0x4309, 0x4309, 0x4B29, 0x4B4A, 0x536A, 0x4B29, 0x4B49, 0x4B29, 0x5349, 0x4309, 0x4B29, 0x3AC8,
  0x52E8, 0x5B6A, 0x3AC8, 0x4309, 0x42C8, 0x4309, 0x42C8, 0x3AA8, 0x42E9, 0x42E9, 0x3AC8, 0x42C8,
  0x3247, 0x2101, 0x5A03, 0x72A4, 0x6203, 0x6223, 0x3122, 0x8B65, 0xBC69, 0xBC69, 0x8B25, 0x7284,
  0x6223, 0x49A2, 0x3962, 0x3941, 0x7AE5, 0x7AA3, 0x9B45, 0xA3A6, 0xB448, 0xC4EB, 0xC4EB, 0xAC07,
  0xABE7, 0x9B86, 0x82C4, 0x9366, 0x7AA4, 0x5A03, 0x3982, 0x41A3, 0x3163, 0x3942, 0x51C3, 0x49A2,
  0x51E3, 0x49A3, 0x5A03, 0x5203, 0x49A2, 0x5A04, 0x51E3, 0x51C3, 0x51E3, 0x5A03, 0x49A2, 0x49C3,
  0x4182, 0x51E3, 0x4182, 0x49C3, 0x49A2, 0x49A3, 0x49A3, 0x49C3, 0x4182, 0x4182, 0x41A3, 0x4182,
  0x6A85, 0x7285, 0x7284, 0x6A43, 0x72A4, 0x72A5, 0x49A3, 0x3121, 0x2921, 0x28E1, 0x5204, 0x72A5,
  0x6A43, 0x6223, 0x5A03, 0x5A03, 0x6223, 0x6244, 0x3982, 0x4A67, 0x6BEC, 0x7C2C, 0x848E, 0x8CAE,
  0x8CCF, 0x848F, 0x744E, 0x7C2D, 0x6BEC, 0x744E, 0x7C6E, 0x6C2D, 0x6C4D, 0x744E, 0x640D, 0x742D,
  0x63EE, 0x8CAF, 0x7BCB, 0x4246, 0x29E6, 0x29C5, 0x29E6, 0x29C5, 0x4267, 0x2A28, 0x19E9, 0x2209,
  0x21C8, 0x3A69, 0x2229, 0x2229, 0x222A, 0x29E7, 0x3A27, 0x3A48, 0x4289, 0x42AA, 0x2A27, 0x42A8,
  0x42C9, 0x42E9, 0x3268, 0x2A4A, 0x42AA, 0x4B0A, 0x4AC8, 0x532A, 0x42AA, 0x42A9, 0x3A89, 0x3A89,
  0x5B09, 0x6B8B, 0x5B4A, 0x5B4A, 0x5B4A, 0x4267, 0x4AE9, 0x4AEA, 0x4AE9, 0x4AE9, 0x3A68, 0x5309,
  0x42A8, 0x4287, 0x4267, 0x3A05, 0x52A7, 0x52E8, 0x4AA7, 0x4287, 0x3A25, 0x4A87, 0x3A26, 0x4246,
  0x31E5, 0x2963, 0x2163, 0x2164, 0x29A5, 0x29C6, 0x29A5, 0x3206, 0x31E5, 0x2A06, 0x29E6, 0x29E6,
  0x3206, 0x3206, 0x3226, 0x3206, 0x4A67, 0x4226, 0x29E5, 0x3206, 0x3A46, 0x3206, 0x3A47, 0x3226,
  0x3A46, 0x4B09, 0x4B09, 0x4B29, 0x5B6A, 0x42C8, 0x634A, 0x634A, 0x3A67, 0x3A88, 0x42A8, 0x42A8,
  0x4B09, 0x530A, 0x532A, 0x5329, 0x42C8, 0x5309, 0x4AC8, 0x3A87, 0x5B49, 0x7C0C, 0x42E9, 0x5349,
  0x4AE8, 0x4AE9, 0x532A, 0x5309, 0x4AE8, 0x5329, 0x4B09, 0x534A, 0x532A, 0x3AA8, 0x5B29, 0x6B6A,
  0x4AC8, 0x5309, 0x5329, 0x63AB, 0x5B8B, 0x5B4A, 0x534A, 0x5B6A, 0x5B6A, 0x4AE9, 0x534A, 0x42A8,
  0x6B8B, 0x5B29, 0x4AE8, 0x5349, 0x5329, 0x5349, 0x4AE8, 0x4B09, 0x534A, 0x5329, 0x4AC8, 0x4B08,
  0x42A8, 0x2963, 0x51C3, 0x7AC5, 0x6223, 0x6223, 0x3942, 0x9BC7, 0xBC69, 0xAC07, 0x8AE4, 0x7283,
  0x6223, 0x49A2, 0x41A3, 0x3121, 0x72A4, 0x7AC4, 0x8B25, 0xA386, 0xAC07, 0xB48A, 0xCD2C, 0xAC28,
  0xA3C6, 0xA3A6, 0x7AA3, 0x9345, 0x8B25, 0x6243, 0x49A2, 0x4182, 0x41A4, 0x2901, 0x51C3, 0x49C2,
  0x51E3, 0x49A2, 0x51C3, 0x6244, 0x49C3, 0x51E3, 0x5A04, 0x49A2, 0x49A2, 0x5A04, 0x51E3, 0x49A3,
  0x49C3, 0x51E3, 0x4182, 0x49C3, 0x49C3, 0x49A3, 0x49A3, 0x49A3, 0x41A2, 0x41A3, 0x4182, 0x3962,
  0x7285, 0x7264, 0x6A63, 0x7B05, 0x5A24, 0x3101, 0x3121, 0x2901, 0x3121, 0x5A44, 0x6243, 0x6223,
  0x6204, 0x5A03, 0x6243, 0x6A64, 0x6244, 0x6243, 0x5A03, 0x39C4, 0x7C2C, 0x844C, 0x7C6E, 0x740D,
  0x846E, 0x6C0D, 0x63ED, 0x742E, 0x53CC, 0x6C2E, 0x9D11, 0x740E, 0x846E, 0x744E, 0x640D, 0x640E,
  0x5BED, 0x94AF, 0x52A7, 0x29C5, 0x29E6, 0x29C5, 0x29E6, 0x29E7, 0x4268, 0x1A09, 0x1A09, 0x2A08,
  0x21C7, 0x3269, 0x2229, 0x21E7, 0x21E8, 0x3A27, 0x4AA8, 0x3A89, 0x3228, 0x2A4A, 0x2A07, 0x4AA7,
  0x4AC8, 0x42C9, 0x2A28, 0x324A, 0x42C9, 0x4B2A, 0x4288, 0x4AA8, 0x4268, 0x52EA, 0x5B2A, 0x4AE9,
  0x634A, 0x530A, 0x4AE9, 0x4AE9, 0x534B, 0x4267, 0x4AC9, 0x4AE9, 0x4AEA, 0x4AE9, 0x3A68, 0x4266,
  0x3A46, 0x4A86, 0x5AE8, 0x4A87, 0x5AE8, 0x4287, 0x4267, 0x3A67, 0x31E5, 0x4A45, 0x39C4, 0x31A4,
  0x2143, 0x29A4, 0x21C4, 0x1985, 0x1985, 0x1985, 0x21C5, 0x21E6, 0x21C5, 0x21C6, 0x21E6, 0x21E5,
  0x29E6, 0x21E6, 0x2206, 0x3206, 0x4288, 0x3226, 0x2A06, 0x2A06, 0x2A26, 0x2206, 0x2206, 0x3288,
  0x3AE9, 0x3AE8, 0x3AE9, 0x32E9, 0x3B09, 0x32C8, 0x5B29, 0x5BAB, 0x3B09, 0x3B09, 0x3B09, 0x3B09,
  0x3B2A, 0x3B09, 0x4309, 0x4329, 0x434A, 0x4329, 0x4329, 0x3B09, 0x5308, 0x6BEC, 0x4309, 0x3AE9,
  0x42E9, 0x3B09, 0x4309, 0x3AE9, 0x4309, 0x3B09, 0x3B09, 0x432A, 0x432A, 0x3309, 0x42C8, 0x5B6A,
  0x4309, 0x3AC9, 0x3B09, 0x3AE9, 0x32C8, 0x3B09, 0x3AE9, 0x3B09, 0x3B09, 0x3B09, 0x4329, 0x3AC9,
  0x5309, 0x5B8B, 0x32C9, 0x3AE9, 0x3AE9, 0x3AE9, 0x3AC9, 0x3AC9, 0x3AE9, 0x430A, 0x3AE9, 0x3AC9,
  0x3AA8, 0x21A4, 0x3982, 0x72A5, 0x6A43, 0x6244, 0x3122, 0xA3E8, 0xA3C7, 0xABE7, 0x8AE4, 0x7A83,
  0x6223, 0x49A2, 0x49A2, 0x3122, 0x6244, 0x82C4, 0x8B05, 0x9B85, 0xABE6, 0xB469, 0xCD2C, 0xAC48,
  0xABC7, 0xABE7, 0x8B04, 0x8B05, 0x9345, 0x7264, 0x49C2, 0x3982, 0x49E4, 0x2922, 0x41A3, 0x49C3,
  0x49A3, 0x49C2, 0x49A3, 0x6264, 0x51E3, 0x51E3, 0x51E3, 0x51C3, 0x49C3, 0x51C3, 0x51E3, 0x49A2,
  0x49A3, 0x49A2, 0x49A3, 0x4182, 0x49C3, 0x4162, 0x4982, 0x4162, 0x49A2, 0x4182, 0x41A3, 0x4162,
  0x7264, 0x7AC5, 0x72C5, 0x49C2, 0x3101, 0x2922, 0x28E1, 0x4162, 0x6244, 0x6A43, 0x6203, 0x6A44,
  0x6223, 0x5A03, 0x6A64, 0x6A64, 0x5A03, 0x5A23, 0x7AC5, 0x3163, 0x5329, 0x6BCB, 0x742D, 0x63AB,
  0x7C0C, 0x746E, 0x746E, 0x742D, 0x5BED, 0x6C4E, 0x640D, 0x5BED, 0x84AF, 0x6C0D, 0x640E, 0x640E,
  0x7C6E, 0x946D, 0x31E6, 0x21E6, 0x31E6, 0x29A4, 0x3228, 0x21C7, 0x3A89, 0x2208, 0x2209, 0x2209,
  0x2208, 0x3A48, 0x29E7, 0x4268, 0x4ACA, 0x4288, 0x42A9, 0x3249, 0x2A28, 0x3269, 0x2A07, 0x4AA8,
  0x42A9, 0x42C9, 0x2A27, 0x322A, 0x3248, 0x4268, 0x4A66, 0x6329, 0x636B, 0x5329, 0x42C9, 0x3AA8,
  0x5B09, 0x5309, 0x4AE9, 0x5309, 0x5309, 0x42A8, 0x532A, 0x4AC9, 0x3A88, 0x3A47, 0x3A26, 0x52A7,
  0x52E8, 0x52C8, 0x4AA8, 0x4266, 0x52C8, 0x42A7, 0x4246, 0x4267, 0x31E5, 0x2984, 0x2163, 0x1984,
  0x21A5, 0x3226, 0x21A4, 0x19A5, 0x19A5, 0x21E6, 0x21E6, 0x21C5, 0x2206, 0x2206, 0x21E6, 0x2206,
  0x2206, 0x2A26, 0x2A47, 0x2A05, 0x42A8, 0x2A26, 0x2A27, 0x2A27, 0x2206, 0x2206, 0x3288, 0x3B0A,
  0x3B09, 0x3B09, 0x3B09, 0x3B09, 0x3B09, 0x32A8, 0x6BAB, 0x538B, 0x3B29, 0x434A, 0x3B2A, 0x434A,
  0x434A, 0x3AE9, 0x3AE9, 0x434A, 0x434A, 0x4B4A, 0x434A, 0x3B0A, 0x5308, 0x63AB, 0x3B09, 0x434A,
  0x432A, 0x432A, 0x432A, 0x4309, 0x432A, 0x3B2A, 0x3B2A, 0x4329, 0x432A, 0x3309, 0x4B09, 0x5B6B,
  0x3AE9, 0x3B0A, 0x4309, 0x3B0A, 0x3B2A, 0x3B09, 0x432A, 0x432A, 0x430A, 0x3B09, 0x432A, 0x3AE9,
  0x5349, 0x63CC, 0x3AE9, 0x432A, 0x3B09, 0x3B09, 0x3B09, 0x3AE9, 0x3AE9, 0x42E9, 0x3AE9, 0x42E9,
  0x430A, 0x2A06, 0x3162, 0x7285, 0x6A44, 0x6264, 0x2902, 0x9BC7, 0x9BA6, 0xAC08, 0x8B25, 0x7AA4,
  0x6A44, 0x49A2, 0x49A2, 0x3122, 0x49A2, 0x8304, 0x7AE4, 0x9B85, 0xA3C6, 0xB469, 0xCD2C, 0xC4CA,
  0xABE7, 0xABE7, 0x9365, 0x8B05, 0x9365, 0x7284, 0x5A03, 0x3982, 0x49E4, 0x3163, 0x3962, 0x49C3,
  0x49A3, 0x49C2, 0x4163, 0x5A24, 0x49C2, 0x51C3, 0x51E3, 0x5A04, 0x49C3, 0x4182, 0x5204, 0x49C2,
  0x51E3, 0x49A2, 0x49C3, 0x4162, 0x49C3, 0x49C3, 0x49A3, 0x4162, 0x49A3, 0x4182, 0x4182, 0x4162,
  0x7AE5, 0x6243, 0x3941, 0x3121, 0x3122, 0x28E1, 0x49C3, 0x7284, 0x7263, 0x6A44, 0x6A85, 0x6223,
  0x6223, 0x6224, 0x6224, 0x5A03, 0x6A64, 0x7284, 0x7AE5, 0x3121, 0x29C5, 0x52E8, 0x6BCB, 0x73CB,
  0x844D, 0x84AE, 0x848F, 0x846D, 0x746E, 0x7C8F, 0x63ED, 0x6C0D, 0x84AF, 0x7C8F, 0x7C6E, 0x744E,
  0x9510, 0x738B, 0x29C5, 0x29E7, 0x3206, 0x3206, 0x21E8, 0x19A6, 0x3A69, 0x2208, 0x2209, 0x2209,
  0x21A6, 0x4267, 0x52E9, 0x4AEA, 0x3A89, 0x3268, 0x42CA, 0x3269, 0x3249, 0x2A49, 0x2A28, 0x4AE9,
  0x3AA9, 0x3A67, 0x3206, 0x4227, 0x52E9, 0x5329, 0x4AC8, 0x5B2A, 0x4AE9, 0x4AC9, 0x42C9, 0x3AA8,
  0x5B09, 0x4AC9, 0x4AE9, 0x4AE9, 0x42C9, 0x3A47, 0x4287, 0x42A8, 0x4AC7, 0x52E8, 0x4246, 0x52C8,
  0x4287, 0x3A67, 0x42A8, 0x4226, 0x4A87, 0x4266, 0x4226, 0x31E5, 0x2164, 0x21A5, 0x21E6, 0x21E5,
  0x29E5, 0x3226, 0x19A4, 0x19A5, 0x21E6, 0x21E6, 0x21E6, 0x21E5, 0x21E6, 0x2A06, 0x21E5, 0x2A26,
  0x2A26, 0x2A26, 0x2206, 0x2A05, 0x4247, 0x2206, 0x2A26, 0x2A27, 0x3267, 0x3AA8, 0x3B09, 0x3B0A,
  0x32E9, 0x3B09, 0x3B0A, 0x3B09, 0x3B0A, 0x2A67, 0x5B29, 0x4B4A, 0x3B09, 0x432A, 0x432A, 0x3B09,
  0x432A, 0x432A, 0x4B2A, 0x4B49, 0x434A, 0x4B6A, 0x434A, 0x3AE9, 0x5B49, 0x6BEC, 0x3B09, 0x434A,
  0x434A, 0x432A, 0x432A, 0x432A, 0x432A, 0x3B0A, 0x3B09, 0x434A, 0x4309, 0x3B09, 0x4B09, 0x5B6A,
  0x3AE9, 0x430A, 0x3B29, 0x3B09, 0x432A, 0x3B09, 0x432A, 0x430A, 0x4309, 0x4309, 0x430A, 0x3AE9,
  0x52E9, 0x63CB, 0x3AE9, 0x4309, 0x3B09, 0x4309, 0x3AE9, 0x3AE9, 0x4329, 0x3AC8, 0x4309, 0x3AC8,
  0x4309, 0x3268, 0x2942, 0x6244, 0x6A84, 0x6223, 0x3102, 0x9BE7, 0xA3C6, 0xB408, 0x8B04, 0x7AA4,
  0x6A43, 0x49A2, 0x41A2, 0x3142, 0x3942, 0x82E5, 0x72A3, 0x9B65, 0xA3A6, 0xB448, 0xC4EB, 0xC50C,
  0xAC27, 0xABE6, 0x9B86, 0x8B04, 0x9B86, 0x7AC4, 0x5A23, 0x4182, 0x41A3, 0x39A3, 0x3122, 0x49E4,
  0x51C3, 0x49E2, 0x4163, 0x5A03, 0x5A23, 0x49C3, 0x51E3, 0x51E2, 0x51C3, 0x49C3, 0x5A03, 0x49C2,
  0x41A3, 0x51C3, 0x41A2, 0x4182, 0x3962, 0x49C3, 0x49A3, 0x4182, 0x4182, 0x49A2, 0x4162, 0x4183,
  0x51C3, 0x3122, 0x3142, 0x2901, 0x3121, 0x6203, 0x7284, 0x6A43, 0x6A44, 0x6244, 0x59E2, 0x6224,
  0x6A65, 0x6243, 0x6203, 0x6A44, 0x7285, 0x51C2, 0x6A64, 0x2921, 0x31A4, 0x6B8A, 0x94AE, 0x848D,
  0x7C2C, 0x8C8E, 0x740D, 0x6C0C, 0x6C2D, 0x744E, 0x640D, 0x7C6E, 0x744E, 0x6C2E, 0x6C2E, 0x640D,
  0x94AE, 0x5AC8, 0x29E6, 0x21E6, 0x31E6, 0x29C6, 0x19A8, 0x21A7, 0x3A69, 0x1A09, 0x21C7, 0x3207,
  0x3A27, 0x4AC9, 0x42A9, 0x3289, 0x3289, 0x3247, 0x42A9, 0x3269, 0x2A49, 0x2A49, 0x2A28, 0x4268,
  0x4268, 0x4287, 0x4AA7, 0x52E9, 0x4AE9, 0x42E9, 0x3A88, 0x5B29, 0x4AEA, 0x4AC9, 0x4AE9, 0x42C8,
  0x5B29, 0x42C9, 0x3A67, 0x4247, 0x4267, 0x4A87, 0x5B08, 0x5329, 0x42C8, 0x4288, 0x3226, 0x4AA8,
  0x42A8, 0x4287, 0x4288, 0x3A05, 0x4226, 0x31C5, 0x2184, 0x2184, 0x21C5, 0x2A06, 0x2A26, 0x2206,
  0x3A26, 0x2A06, 0x19A5, 0x21C6, 0x21E6, 0x21E6, 0x21E6, 0x2206, 0x2206, 0x2A06, 0x2A06, 0x2A26,
  0x2A06, 0x2A06, 0x2206, 0x3A67, 0x4267, 0x2206, 0x2A47, 0x32A8, 0x4309, 0x4309, 0x3AE8, 0x3B09,
  0x3AE9, 0x3AE9, 0x3AE9, 0x3B09, 0x430A, 0x32A8, 0x6B8B, 0x4B2A, 0x432A, 0x4B2A, 0x4B4A, 0x434A,
  0x4329, 0x432A, 0x4B2A, 0x4B2A, 0x4329, 0x4309, 0x432A, 0x3AE9, 0x5329, 0x63AB, 0x432A, 0x434A,
  0x434A, 0x432A, 0x432A, 0x432A, 0x432A, 0x430A, 0x432A, 0x4329, 0x4B2A, 0x3B09, 0x42C8, 0x536A,
  0x32E9, 0x430A, 0x3B09, 0x432A, 0x430A, 0x430A, 0x432A, 0x432A, 0x4309, 0x432A, 0x3B0A, 0x3B09,
  0x4AC9, 0x5B8B, 0x3AE9, 0x3B0A, 0x3B0A, 0x3B0A, 0x3B0A, 0x3B09, 0x432A, 0x3B09, 0x42E9, 0x42E9,
  0x4309, 0x3A88, 0x2942, 0x5A03, 0x7284, 0x6243, 0x3122, 0xA408, 0xA3C6, 0xABE7, 0x8B05, 0x7AA4,
  0x6243, 0x49A2, 0x4182, 0x3962, 0x20A0, 0x6A64, 0x7AC4, 0x9B66, 0xA3A6, 0xABE7, 0xBCAA, 0xCD2C,
  0xB448, 0xABE6, 0xA3C7, 0x8AE4, 0x9B86, 0x8B05, 0x6243, 0x49C3, 0x3983, 0x39A4, 0x2101, 0x49A2,
  0x4182, 0x51E3, 0x49C3, 0x51C3, 0x6244, 0x51C3, 0x51E3, 0x51C3, 0x5A04, 0x49C3, 0x51C3, 0x51E3,
  0x3941, 0x51C3, 0x49A3, 0x49A3, 0x3941, 0x49C3, 0x49A3, 0x49A3, 0x41A2, 0x49A3, 0x4162, 0x4162,
  0x3122, 0x3142, 0x28E1, 0x3942, 0x6223, 0x72A4, 0x6A64, 0x5A03, 0x6223, 0x6203, 0x6203, 0x6A84,
  0x5A03, 0x5A03, 0x7284, 0x6223, 0x49A2, 0x4161, 0x6A65, 0x3101, 0x31C5, 0x5B29, 0x740C, 0x6C0C,
  0x6BEC, 0x8CAF, 0x640E, 0x5C0E, 0x5C0E, 0x5BED, 0x640D, 0x7C6E, 0x640D, 0x640E, 0x5C0E, 0x6C2E,
  0x8C2C, 0x4246, 0x29E6, 0x21C6, 0x29E7, 0x21C6, 0x11A8, 0x21A7, 0x3A68, 0x21C6, 0x3A48, 0x42A9,
  0x3206, 0x42A8, 0x3A8A, 0x3269, 0x3A89, 0x3A68, 0x3AA9, 0x3249, 0x29E7, 0x3207, 0x3A47, 0x52E8,
  0x4B09, 0x42A8, 0x4268, 0x52E9, 0x4AE9, 0x42C9, 0x3A88, 0x5B09, 0x42EA, 0x4AEA, 0x4AEA, 0x42A8,
  0x4A87, 0x4288, 0x4A87, 0x5AE8, 0x52E8, 0x4A66, 0x4AC8, 0x4288, 0x3A88, 0x3A88, 0x31E5, 0x4A88,
  0x4AA8, 0x3A47, 0x3206, 0x29A4, 0x2184, 0x2184, 0x21C5, 0x21E6, 0x2A06, 0x2A26, 0x2A47, 0x29E5,
  0x4267, 0x2A06, 0x21E6, 0x21E6, 0x21E5, 0x2206, 0x2A06, 0x2A06, 0x2A06, 0x2A26, 0x2206, 0x2A26,
  0x2A26, 0x2A27, 0x2205, 0x42A8, 0x3A87, 0x2A47, 0x32C9, 0x3B2A, 0x3B2A, 0x3B2A, 0x3B09, 0x3B09,
  0x3B09, 0x3AE9, 0x32C9, 0x3B09, 0x3B2A, 0x42E9, 0x6BCB, 0x430A, 0x434A, 0x4B4A, 0x4B2A, 0x434A,
  0x432A, 0x432A, 0x4B4A, 0x432A, 0x432A, 0x432A, 0x4B4A, 0x4309, 0x5349, 0x5B8B, 0x3B0A, 0x434A,
  0x434A, 0x432A, 0x434A, 0x434A, 0x434A, 0x432A, 0x432A, 0x432A, 0x4B4A, 0x3B29, 0x4B09, 0x5B8B,
  0x32E8, 0x432A, 0x3B09, 0x432A, 0x430A, 0x432A, 0x4B2A, 0x430A, 0x4309, 0x432A, 0x430A, 0x3B09,
  0x42E9, 0x6BCC, 0x3B0A, 0x3AE9, 0x3B0A, 0x3AE9, 0x3B0A, 0x430A, 0x430A, 0x4309, 0x4309, 0x3AE9,
  0x432A, 0x3AC9, 0x2963, 0x5A03, 0x72A4, 0x6243, 0x3122, 0xA408, 0xA3E7, 0xB428, 0x8B05, 0x7AA4,
  0x6223, 0x49A2, 0x49A3, 0x3962, 0x1880, 0x6A85, 0x7AA3, 0x8B04, 0xA3A6, 0xA3C6, 0xBC8A, 0xC50C,
  0xBC89, 0xABC6, 0xABE7, 0x9324, 0x9345, 0x8B04, 0x7284, 0x51E3, 0x4182, 0x4205, 0x3143, 0x49A3,
  0x51C4, 0x51C3, 0x49E3, 0x4142, 0x5A04, 0x51C2, 0x49C3, 0x51E3, 0x51E3, 0x49C3, 0x51E3, 0x5204,
  0x49C3, 0x51C3, 0x4182, 0x4182, 0x4182, 0x4162, 0x51C3, 0x4983, 0x49A3, 0x49A2, 0x4182, 0x4142,
  0x3101, 0x28E0, 0x49A2, 0x6A84, 0x7285, 0x6244, 0x51A2, 0x5A24, 0x6223, 0x6223, 0x6A64, 0x59E3,
  0x6223, 0x72A5, 0x5A03, 0x4982, 0x5A04, 0x6A85, 0x72A5, 0x28E0, 0x29C5, 0x52E9, 0x6BEC, 0x6C0C,
  0x6C0D, 0x846E, 0x6C2D, 0x744E, 0x744E, 0x6C2D, 0x742E, 0x7C8F, 0x6C0D, 0x642E, 0x5BEE, 0x7C6E,
  0x7BCB, 0x3227, 0x29E6, 0x29C7, 0x21C7, 0x21C6, 0x19A8, 0x21A6, 0x3206, 0x4288, 0x42A9, 0x2A49,
  0x2A07, 0x42A8, 0x3A89, 0x3A89, 0x3AA9, 0x3248, 0x3A68, 0x3A47, 0x4288, 0x4AC9, 0x4268, 0x52A8,
  0x3AA9, 0x3AA9, 0x4287, 0x52E8, 0x4ACA, 0x4AC9, 0x4288, 0x5B29, 0x4AEA, 0x42A8, 0x4A88, 0x4268,
  0x5AA7, 0x5B09, 0x6329, 0x4267, 0x4287, 0x4267, 0x4AA7, 0x3A87, 0x3A67, 0x3226, 0x31C5, 0x3A26,
  0x3206, 0x2164, 0x1944, 0x19A4, 0x2205, 0x2206, 0x2206, 0x2206, 0x2A26, 0x2A26, 0x2A26, 0x29E5,
  0x4287, 0x2A06, 0x2206, 0x21E5, 0x21E6, 0x2A26, 0x2A06, 0x2A06, 0x2A06, 0x2A06, 0x2A26, 0x2A26,
  0x2A26, 0x3288, 0x2A26, 0x4AE8, 0x4309, 0x32C9, 0x3B0A, 0x330A, 0x330A, 0x3B0A, 0x3B0A, 0x3AE9,
  0x32E9, 0x3AE9, 0x3B09, 0x3B09, 0x32E9, 0x4AE9, 0x6BEC, 0x432A, 0x4309, 0x4329, 0x4309, 0x432A,
  0x432A, 0x434A, 0x432A, 0x432A, 0x4B4A, 0x432A, 0x4309, 0x3B09, 0x5B8A, 0x5B8B, 0x3AE9, 0x4329,
  0x4329, 0x4309, 0x432A, 0x4329, 0x434A, 0x4329, 0x4329, 0x4329, 0x4309, 0x3B09, 0x4B09, 0x5B6B,
  0x3B09, 0x4309, 0x3B09, 0x3B09, 0x3AE9, 0x4309, 0x42E9, 0x42E9, 0x4309, 0x4309, 0x42E9, 0x3B09,
  0x3AA7, 0x6BAB, 0x432A, 0x3AE9, 0x3AE9, 0x3B09, 0x4309, 0x3AE9, 0x430A, 0x4309, 0x4309, 0x4309,
  0x3B09, 0x3B0A, 0x2183, 0x51E3, 0x7AE5, 0x6A43, 0x3942, 0x9BE8, 0xA3C6, 0xABE7, 0x8304, 0x7AA4,
  0x6243, 0x51C3, 0x49A2, 0x3942, 0x18C1, 0x6224, 0x7AA3, 0x7AC4, 0xA3A6, 0x9B65, 0xB469, 0xC52C,
  0xBCA9, 0xAC07, 0xAC06, 0x9B65, 0x8B05, 0x9345, 0x7283, 0x5A03, 0x49A2, 0x41E4, 0x3183, 0x3142,
  0x49A3, 0x4182, 0x51E3, 0x4983, 0x51E4, 0x51E3, 0x49A2, 0x49A3, 0x51E3, 0x49A2, 0x49A3, 0x5203,
  0x5A03, 0x49C3, 0x49C3, 0x4182, 0x49C3, 0x4182, 0x49C3, 0x4982, 0x49A2, 0x49A3, 0x49A2, 0x4162,
  0x3121, 0x5203, 0x7284, 0x7284, 0x6243, 0x59E2, 0x6244, 0x6A44, 0x59E2, 0x6223, 0x5A03, 0x6A43,
  0x7AC5, 0x51C2, 0x4981, 0x6A64, 0x6A64, 0x7264, 0x6223, 0x1880, 0x3206, 0x5B08, 0x7BEB, 0x7C2C,
  0x7C0C, 0x94CF, 0x746E, 0x8CAF, 0x8C8E, 0x848F, 0x846E, 0x8CAF, 0x84AF, 0x7C8F, 0x742D, 0x9CF0,
  0x5AE8, 0x21E7, 0x31E6, 0x21C7, 0x19C7, 0x21C6, 0x19A7, 0x2185, 0x4A88, 0x3289, 0x3249, 0x3269,
  0x2A07, 0x4AA9, 0x3A8A, 0x3289, 0x3248, 0x3A27, 0x4AA7, 0x4AE9, 0x42A8, 0x4288, 0x3227, 0x4AC9,
  0x42A8, 0x42A9, 0x4287, 0x4AC8, 0x42C9, 0x42A9, 0x3A47, 0x4A87, 0x4A87, 0x52C7, 0x6308, 0x52C7,
  0x5AE7, 0x4AC8, 0x42A8, 0x4287, 0x4AA8, 0x4225, 0x4A87, 0x3A67, 0x3A26, 0x29E6, 0x2184, 0x2163,
  0x21A5, 0x21A5, 0x29C5, 0x3226, 0x2205, 0x3227, 0x3A88, 0x3A87, 0x3A87, 0x3A67, 0x2A26, 0x3205,
  0x4287, 0x3267, 0x2A47, 0x3267, 0x3A67, 0x3A87, 0x3A87, 0x3246, 0x3246, 0x3A67, 0x42A7, 0x42A7,
  0x42C8, 0x4B09, 0x4AA8, 0x634A, 0x4B29, 0x42E9, 0x4B6B, 0x538B, 0x536B, 0x4B4A, 0x538B, 0x538A,
  0x4B2A, 0x534A, 0x5B6B, 0x536A, 0x4B09, 0x52E9, 0x7C2C, 0x5BAB, 0x5B8B, 0x63AB, 0x5B8A, 0x5B8A,
  0x5B8A, 0x5B8B, 0x5B8A, 0x5B6A, 0x63CB, 0x5B8A, 0x5BAB, 0x4309, 0x6329, 0x6BAB, 0x5B8B, 0x5B8A,
  0x5B8B, 0x5B8B, 0x5BAB, 0x5B8B, 0x534A, 0x536A, 0x534A, 0x538A, 0x534A, 0x4B49, 0x52E9, 0x6B8B,
  0x536A, 0x534A, 0x4B49, 0x4B4A, 0x536A, 0x5B8B, 0x536A, 0x4B29, 0x5B8A, 0x4B4A, 0x5B6A, 0x4B4A,
  0x42A7, 0x6B69, 0x534A, 0x4B29, 0x4B2A, 0x4B29, 0x4B29, 0x4B2A, 0x534A, 0x536B, 0x4B4A, 0x536A,
  0x5329, 0x4309, 0x29A4, 0x49A3, 0x7AC4, 0x6A43, 0x3142, 0xA408, 0xA3E7, 0xABE7, 0x8AE4, 0x7AC4,
  0x6243, 0x51C2, 0x49A2, 0x3962, 0x10A1, 0x4982, 0x82E4, 0x7AC4, 0x9B65, 0x9B65, 0xB448, 0xC4EB,
  0xBCCA, 0xB427, 0xABE6, 0x9B86, 0x9325, 0x9365, 0x7AC4, 0x6223, 0x49A2, 0x3982, 0x39C4, 0x3122,
  0x51E3, 0x49A3, 0x4982, 0x51C3, 0x49A3, 0x5A23, 0x51C2, 0x51C3, 0x51C2, 0x51E3, 0x49A3, 0x51E3,
  0x5A03, 0x49C3, 0x49C3, 0x49C3, 0x49E3, 0x4182, 0x4162, 0x49A2, 0x49A2, 0x49C3, 0x4982, 0x49A3,
  0x6A44, 0x72A5, 0x6A43, 0x6A23, 0x7284, 0x7264, 0x6A23, 0x6223, 0x6244, 0x6A64, 0x6A64, 0x72A5,
  0x49C2, 0x4982, 0x72A5, 0x6A64, 0x5A03, 0x7285, 0x51A2, 0x18C1, 0x3A26, 0x5B29, 0x7C0B, 0x742D,
  0x8C8E, 0x8CAE, 0x6C0E, 0x6C2E, 0x6C2E, 0x5BED, 0x7C8E, 0x6C2E, 0x63ED, 0x642E, 0x6C0E, 0x9CCF,
  0x4A87, 0x29C7, 0x21E6, 0x21A7, 0x19C8, 0x21C6, 0x21E7, 0x21C6, 0x4288, 0x3289, 0x3269, 0x3249,
  0x2A28, 0x4AA9, 0x3227, 0x3A48, 0x42A9, 0x3A67, 0x4288, 0x3A89, 0x3A88, 0x42A9, 0x3206, 0x4AA8,
  0x4288, 0x42A9, 0x4288, 0x4267, 0x3A47, 0x4267, 0x4246, 0x4A86, 0x5AC8, 0x52C7, 0x4AA7, 0x4A66,
  0x52C8, 0x4AC8, 0x42A8, 0x4266, 0x4A46, 0x39C4, 0x39E6, 0x29A5, 0x31A5, 0x2163, 0x2984, 0x29C4,
  0x29E5, 0x3205, 0x3205, 0x31E5, 0x31E5, 0x3226, 0x3226, 0x29E5, 0x3225, 0x3A46, 0x31E5, 0x5287,
  0x4267, 0x3205, 0x3205, 0x3A46, 0x3206, 0x4287, 0x4287, 0x3A66, 0x42A7, 0x3A46, 0x42A7, 0x4AC7,
  0x5B29, 0x42C7, 0x6329, 0x73AA, 0x3AA6, 0x3A87, 0x5B6A, 0x63CB, 0x63AB, 0x4B29, 0x5B6A, 0x5B8B,
  0x5B8A, 0x5B4A, 0x5329, 0x5B49, 0x5308, 0x73CB, 0x6BAA, 0x5329, 0x534A, 0x5B49, 0x5B6A, 0x63AA,
  0x6389, 0x5B49, 0x638A, 0x5349, 0x5349, 0x5B49, 0x5B6A, 0x4AC8, 0x7BEB, 0x63AA, 0x4B08, 0x5B49,
  0x5B69, 0x6BAA, 0x6369, 0x5B6A, 0x5B8A, 0x5329, 0x5B6A, 0x6BCB, 0x5B49, 0x4AE8, 0x6B8A, 0x7BEB,
  0x4B09, 0x5B29, 0x5329, 0x5B6A, 0x5B6A, 0x5B6A, 0x638A, 0x5308, 0x63AA, 0x5349, 0x5349, 0x5309,
  0x4B09, 0x842B, 0x52E8, 0x4AE8, 0x5329, 0x4AE8, 0x4B29, 0x5309, 0x4AE8, 0x532A, 0x5349, 0x5B49,
  0x4AE7, 0x4AC7, 0x3205, 0x41A3, 0x7284, 0x6A64, 0x3942, 0xAC28, 0xA3C6, 0xAC08, 0x8B05, 0x7AA4,
  0x6203, 0x49A2, 0x49A3, 0x3142, 0x2922, 0x3122, 0x7AC4, 0x7284, 0x8B05, 0x9B65, 0xA3C6, 0xC4EA,
  0xC52B, 0xAC07, 0xABC5, 0xA3C6, 0x9345, 0x9B65, 0x82E4, 0x6A43, 0x51C3, 0x3962, 0x41E5, 0x3142,
  0x49C3, 0x51C3, 0x49A3, 0x51E3, 0x4182, 0x5204, 0x51C3, 0x51E3, 0x51E3, 0x51E3, 0x51E3, 0x49C2,
  0x5203, 0x51C3, 0x49A2, 0x49A3, 0x49A2, 0x49E3, 0x3942, 0x49C3, 0x4182, 0x49A3, 0x4182, 0x3962,
  0x7284, 0x6A64, 0x6A63, 0x72A4, 0x72A4, 0x6A64, 0x6A43, 0x6A84, 0x6A64, 0x7284, 0x6244, 0x4962,
  0x6223, 0x72A4, 0x7284, 0x6A44, 0x6222, 0x6A84, 0x3121, 0x18E1, 0x4A87, 0x6BAB, 0x8C8E, 0x742D,
  0x8CAE, 0x7C6E, 0x640E, 0x640E, 0x640E, 0x640E, 0x8CD0, 0x640D, 0x640E, 0x63CD, 0x642E, 0x840C,
  0x3A26, 0x29C6, 0x2A06, 0x21C8, 0x21C7, 0x2A07, 0x2A07, 0x1985, 0x3A88, 0x3269, 0x2A48, 0x3269,
  0x3228, 0x4247, 0x4288, 0x4AC9, 0x3A89, 0x3227, 0x4268, 0x42A9, 0x3A89, 0x3AA9, 0x3227, 0x4AA8,
  0x3A88, 0x3A88, 0x3A47, 0x4246, 0x52C8, 0x5B09, 0x4246, 0x52A7, 0x4A87, 0x4AA8, 0x4AC8, 0x4267,
  0x52C8, 0x52A7, 0x4246, 0x29A4, 0x29A4, 0x2163, 0x1143, 0x1943, 0x31E6, 0x29E6, 0x19A5, 0x1985,
  0x21C5, 0x21E5, 0x21E5, 0x21C5, 0x19C5, 0x19C5, 0x21E5, 0x21E5, 0x2205, 0x2A26, 0x21E5, 0x3A46,
  0x2A26, 0x21E6, 0x2205, 0x21E6, 0x2206, 0x2206, 0x19E6, 0x2227, 0x2A68, 0x32C9, 0x32E9, 0x32A8,
  0x3AE9, 0x2A88, 0x4AC8, 0x63CC, 0x3B09, 0x32EA, 0x330A, 0x32E9, 0x32EA, 0x32EA, 0x32EA, 0x32C9,
  0x32EA, 0x32E9, 0x32E9, 0x3B0A, 0x32A8, 0x4B09, 0x4B4A, 0x32A8, 0x32C9, 0x3B2A, 0x3AE9, 0x3B0A,
  0x3AE9, 0x3B09, 0x3AE9, 0x32C9, 0x3B09, 0x3AE9, 0x432A, 0x32A9, 0x5309, 0x4B4A, 0x32E9, 0x3AE9,
  0x432A, 0x432A, 0x3B2A, 0x3B2A, 0x3B2A, 0x434A, 0x432A, 0x434A, 0x4329, 0x3B0A, 0x42E9, 0x5B6A,
  0x32A9, 0x32C9, 0x32EA, 0x32E9, 0x32A8, 0x32A8, 0x32C9, 0x32C8, 0x3AE9, 0x3AE9, 0x32EA, 0x3AE9,
  0x2A88, 0x5329, 0x4B2A, 0x32C9, 0x32E9, 0x32E9, 0x3AE9, 0x32C8, 0x32A8, 0x32C9, 0x3B09, 0x3AE9,
  0x32E9, 0x3AE9, 0x2A25, 0x39A2, 0x7AC4, 0x72C5, 0x3962, 0xAC28, 0xA3C6, 0xABE7, 0x8B05, 0x7AA4,
  0x6203, 0x51C3, 0x49A3, 0x2922, 0x2922, 0x20C1, 0x6A84, 0x7283, 0x8AE4, 0x9B66, 0xA3A6, 0xBCAA,
  0xC50C, 0xB449, 0xABC6, 0xABC6, 0x8B25, 0x9345, 0x8AE4, 0x7284, 0x5A03, 0x3941, 0x41C4, 0x2942,
  0x3962, 0x49C3, 0x49C3, 0x51E3, 0x41A3, 0x49A3, 0x51C3, 0x51C3, 0x49C3, 0x51C3, 0x5A04, 0x49A2,
  0x51E3, 0x51C3, 0x4182, 0x49A3, 0x4982, 0x51E3, 0x4162, 0x4182, 0x49A2, 0x49A3, 0x49C3, 0x3962,
  0x7264, 0x7284, 0x7264, 0x6223, 0x6A84, 0x7AA5, 0x7284, 0x7284, 0x6A44, 0x6223, 0x51C2, 0x6244,
  0x7284, 0x6A64, 0x6223, 0x59E3, 0x7284, 0x5A23, 0x2101, 0x2122, 0x4AA8, 0x7C4D, 0x8CCF, 0x73EC,
  0x8CAE, 0x84AE, 0x848F, 0x7C6E, 0x7C4D, 0x8CAE, 0x848F, 0x744E, 0x744F, 0x7C6E, 0x8CAF, 0x6B29,
  0x3226, 0x29E5, 0x31E6, 0x21C8, 0x21A6, 0x29C6, 0x21A6, 0x1985, 0x4288, 0x2A49, 0x3248, 0x3248,
  0x3A67, 0x4A87, 0x4AA8, 0x3A88, 0x3269, 0x3228, 0x4268, 0x42A8, 0x3AA9, 0x3AC9, 0x3226, 0x4246,
  0x4267, 0x52E9, 0x52C8, 0x52C7, 0x52C8, 0x4287, 0x3A26, 0x4A87, 0x4A87, 0x4AA7, 0x4A87, 0x4225,
  0x4A67, 0x31E5, 0x2984, 0x2164, 0x2164, 0x19A5, 0x19C5, 0x21C5, 0x3206, 0x19A5, 0x19C6, 0x21C6,
  0x21C5, 0x2A26, 0x2A26, 0x2A05, 0x2A26, 0x2A26, 0x3226, 0x3226, 0x3247, 0x3247, 0x2A06, 0x4267,
  0x2A06, 0x2206, 0x2A26, 0x2A47, 0x2A26, 0x2A26, 0x2A46, 0x32A8, 0x3AE9, 0x3B2A, 0x3B09, 0x3B09,
  0x3B0A, 0x2A88, 0x5B09, 0x536A, 0x32E9, 0x3B09, 0x3B09, 0x3B09, 0x3B09, 0x3AE9, 0x3B09, 0x3B09,
  0x3B0A, 0x3B09, 0x3B09, 0x3B2A, 0x32A8, 0x636A, 0x4B29, 0x3AE9, 0x4309, 0x3B29, 0x3B09, 0x4329,
  0x3B29, 0x432A, 0x432A, 0x3B0A, 0x3B2A, 0x432A, 0x432A, 0x3AC8, 0x6BAB, 0x536A, 0x432A, 0x432A,
  0x432A, 0x432A, 0x432A, 0x434A, 0x434A, 0x4B6A, 0x432A, 0x4B4A, 0x432A, 0x432A, 0x4B09, 0x6BCB,
  0x3AE9, 0x3B09, 0x3B0A, 0x3B09, 0x3AE8, 0x3B09, 0x3B09, 0x3AE9, 0x3AE9, 0x430A, 0x3B09, 0x434A,
  0x32A8, 0x6BAB, 0x5BAB, 0x3AE9, 0x3B09, 0x4309, 0x4309, 0x3AE8, 0x3AE9, 0x3B09, 0x4309, 0x3B09,
  0x3AC8, 0x3AE8, 0x3A87, 0x3183, 0x6264, 0x7AC5, 0x3942, 0xA408, 0xA3C6, 0xA3A6, 0x8B04, 0x7AA4,
  0x6203, 0x51C2, 0x49C3, 0x3142, 0x2943, 0x20C1, 0x5A23, 0x7263, 0x7A83, 0x9345, 0xA3A6, 0xBC69,
  0xCD0C, 0xB489, 0xABE7, 0xA3A6, 0x9304, 0x8AE4, 0x8B05, 0x7AA4, 0x6223, 0x4182, 0x41A3, 0x3163,
  0x3122, 0x49A3, 0x49C3, 0x49C3, 0x41A2, 0x4182, 0x51E3, 0x49C3, 0x51E3, 0x49C3, 0x51C3, 0x49A2,
  0x49A2, 0x51E3, 0x4182, 0x4183, 0x49C3, 0x49C2, 0x49A2, 0x4162, 0x49C3, 0x49A2, 0x49C3, 0x41A3,
  0x6A44, 0x6244, 0x6203, 0x6A64, 0x72A5, 0x72A4, 0x6A43, 0x6243, 0x6A64, 0x51E3, 0x6A64, 0x72A4,
  0x6A64, 0x6224, 0x5A03, 0x6223, 0x6A85, 0x3921, 0x2102, 0x2984, 0x4AE8, 0x6BEB, 0x740C, 0x7C0C,
  0x848E, 0x63ED, 0x744E, 0x744F, 0x6C0D, 0x8CAF, 0x6C2E, 0x6C2E, 0x742E, 0x744D, 0x9CAE, 0x5287,
  0x2A06, 0x29E6, 0x29C7, 0x21A7, 0x29E7, 0x21A5, 0x21C6, 0x1985, 0x3A47, 0x2A08, 0x29E7, 0x4288,
  0x3A67, 0x4267, 0x3A67, 0x42A9, 0x3269, 0x3227, 0x42A8, 0x42A8, 0x3A67, 0x3A67, 0x4246, 0x52A8,
  0x52C8, 0x4AA7, 0x4266, 0x4AA7, 0x4AA8, 0x4267, 0x3A26, 0x4A87, 0x4246, 0x4246, 0x31C4, 0x2984,
  0x2163, 0x1964, 0x21A5, 0x21C5, 0x2A06, 0x2206, 0x2206, 0x3226, 0x3226, 0x19C5, 0x21C5, 0x21E5,
  0x21E5, 0x2A26, 0x2206, 0x2206, 0x2A47, 0x2A46, 0x2A46, 0x2A46, 0x2A46, 0x2A46, 0x3246, 0x4287,
  0x29E6, 0x2A26, 0x3267, 0x3247, 0x2A67, 0x32A8, 0x32A8, 0x3AE9, 0x32E9, 0x3B09, 0x3B09, 0x3B0A,
  0x3B0A, 0x3288, 0x5B29, 0x434A, 0x3B0A, 0x3B2A, 0x3B0A, 0x3AE9, 0x3B0A, 0x3B0A, 0x330A, 0x3B09,
  0x3AEA, 0x3AE9, 0x3B0A, 0x3B2A, 0x32A8, 0x5329, 0x4B4A, 0x3B0A, 0x3B09, 0x3B0A, 0x434A, 0x3B0A,
  0x3B09, 0x3B2A, 0x3B09, 0x3B2A, 0x3B2A, 0x3B29, 0x432A, 0x4309, 0x73EC, 0x4B4A, 0x3B2A, 0x432A,
  0x434A, 0x432A, 0x432A, 0x434A, 0x4B4A, 0x4B6B, 0x432B, 0x432A, 0x432A, 0x432A, 0x4B09, 0x63AB,
  0x32E9, 0x32E9, 0x3B0A, 0x3AE9, 0x3B09, 0x3B09, 0x3B09, 0x3AE9, 0x3AE9, 0x3B09, 0x3B09, 0x3B09,
  0x32C9, 0x6BCC, 0x5BCC, 0x32C8, 0x3AE9, 0x3B09, 0x3B09, 0x3AE9, 0x3AEA, 0x3B0A, 0x3AE9, 0x3B0A,
  0x3AC9, 0x3AC8, 0x3A87, 0x3162, 0x6A24, 0x7AE5, 0x3142, 0xA408, 0xA3C7, 0xA3C6, 0x8AE4, 0x7A83,
  0x6223, 0x51C2, 0x49C2, 0x3142, 0x2922, 0x20E2, 0x41A2, 0x7AA4, 0x7243, 0x9345, 0xA3A6, 0xB428,
  0xC4EB, 0xBC89, 0xAC07, 0xABC6, 0xA386, 0x7AA4, 0x8B46, 0x82E5, 0x6A64, 0x49A2, 0x3962, 0x39A4,
  0x2101, 0x41A3, 0x49A2, 0x49C3, 0x49C3, 0x4162, 0x49C3, 0x49C3, 0x51E3, 0x49A2, 0x49A2, 0x51E3,
  0x4182, 0x49A2, 0x49C3, 0x4182, 0x49A3, 0x4182, 0x49A3, 0x3942, 0x49C3, 0x49A2, 0x49A2, 0x49A2,
  0x6223, 0x6244, 0x7284, 0x7284, 0x6A64, 0x5A03, 0x6223, 0x6A64, 0x6A43, 0x72A4, 0x7264, 0x6A44,
  0x6223, 0x5A03, 0x59C2, 0x6A84, 0x41A3, 0x28E1, 0x2901, 0x3206, 0x63AB, 0x742C, 0x6C0C, 0x8C6D,
  0x7C6E, 0x5BEE, 0x6C0D, 0x640D, 0x6C0D, 0x84AF, 0x6C2E, 0x644E, 0x640F, 0x6C4E, 0x73CB, 0x3A26,
  0x29E6, 0x21C6, 0x21A8, 0x29C7, 0x2A28, 0x1985, 0x21C6, 0x21A6, 0x3A26, 0x3206, 0x4268, 0x3A68,
  0x3206, 0x3A47, 0x3A88, 0x42A9, 0x3A69, 0x3228, 0x3A47, 0x3A47, 0x4247, 0x52C8, 0x4246, 0x4AC8,
  0x4267, 0x3A67, 0x3A46, 0x4A87, 0x4AA7, 0x4246, 0x39E4, 0x3A05, 0x31C5, 0x2143, 0x1944, 0x1984,
  0x21C5, 0x21E5, 0x2205, 0x2A06, 0x2A26, 0x2A26, 0x29E5, 0x3A26, 0x29E6, 0x21E5, 0x2A05, 0x2A06,
  0x2205, 0x2A26, 0x2A26, 0x2A26, 0x2A26, 0x2A26, 0x2A46, 0x2A46, 0x3266, 0x2A26, 0x3A67, 0x3A87,
  0x2226, 0x2A47, 0x3288, 0x32A8, 0x32C9, 0x32C8, 0x32C8, 0x3AE9, 0x32E9, 0x3AE9, 0x3AE9, 0x430A,
  0x3AEA, 0x3A88, 0x6BCB, 0x432A, 0x3B0A, 0x3B2A, 0x3AE9, 0x3B09, 0x3B09, 0x3B09, 0x3B0A, 0x3B09,
  0x330A, 0x3309, 0x3B0A, 0x3B0A, 0x3AC9, 0x638B, 0x434A, 0x3B2A, 0x4329, 0x3AE9, 0x432A, 0x3B09,
  0x3B09, 0x3AE9, 0x3AE9, 0x3B29, 0x4329, 0x3B09, 0x432A, 0x3AE9, 0x6BCB, 0x4309, 0x3B2A, 0x4329,
  0x4B4A, 0x434A, 0x432A, 0x434A, 0x432A, 0x434A, 0x434A, 0x4B4A, 0x4329, 0x4309, 0x4AE8, 0x63AB,
  0x3B09, 0x3AE9, 0x3B09, 0x3B09, 0x4309, 0x3B09, 0x32E9, 0x3AE9, 0x3AE9, 0x3AE9, 0x3AE9, 0x3AE9,
  0x32C9, 0x5B49, 0x5BAB, 0x32C8, 0x3B09, 0x3B09, 0x3AE9, 0x3B0A, 0x32E9, 0x3AE9, 0x3AE8, 0x3AE9,
  0x3B09, 0x3AE9, 0x3B0A, 0x31C4, 0x51C2, 0x7AA4, 0x3942, 0xA429, 0xA3C7, 0xA386, 0x8B04, 0x7A84,
  0x6203, 0x51E3, 0x49A2, 0x3122, 0x3163, 0x20E2, 0x3962, 0x7AE5, 0x6A43, 0x9345, 0xA3C6, 0xABE6,
  0xBC89, 0xBCA9, 0xB427, 0xABC6, 0x9B45, 0x6A63, 0x7AC4, 0x7284, 0x6223, 0x4982, 0x3962, 0x41C4,
  0x2922, 0x4183, 0x49C2, 0x41A2, 0x49C3, 0x4162, 0x49A3, 0x49C3, 0x49C2, 0x49C3, 0x49A3, 0x49C3,
  0x49A2, 0x41A2, 0x51E3, 0x49A2, 0x41A3, 0x41A2, 0x49C3, 0x3942, 0x4182, 0x49C3, 0x49A2, 0x49A2,
  0x7284, 0x7284, 0x72A5, 0x6A64, 0x6223, 0x6A65, 0x6A44, 0x61E2, 0x6A64, 0x7284, 0x6A44, 0x6244,
  0x6244, 0x6222, 0x7AA5, 0x6264, 0x3100, 0x20E1, 0x2983, 0x5B09, 0x948E, 0x94CF, 0x848E, 0x94CF,
  0x742D, 0x7C4E, 0x7C4E, 0x746E, 0x8CAF, 0x746E, 0x640D, 0x6C2E, 0x640E, 0x94EF, 0x73AA, 0x2A06,
  0x2A07, 0x21E7, 0x19A7, 0x29E7, 0x2A29, 0x1985, 0x21A6, 0x2185, 0x3A06, 0x3A67, 0x3227, 0x3227,
  0x3206, 0x3A47, 0x3A88, 0x42A9, 0x3228, 0x3206, 0x4247, 0x52A8, 0x4267, 0x3A67, 0x3A26, 0x52C7,
  0x4267, 0x3A67, 0x3A26, 0x4A87, 0x4267, 0x39E5, 0x2984, 0x1944, 0x1964, 0x19A5, 0x19C5, 0x2206,
  0x2A06, 0x2A06, 0x2A05, 0x2A05, 0x2A06, 0x2205, 0x3225, 0x4287, 0x2A06, 0x2A26, 0x2A26, 0x2A26,
  0x2A06, 0x2A06, 0x2A05, 0x2A05, 0x3226, 0x3226, 0x3226, 0x2A47, 0x3267, 0x2A26, 0x4287, 0x3246,
  0x2A67, 0x32A8, 0x32C9, 0x32C9, 0x32C9, 0x32C9, 0x3AE9, 0x32E9, 0x3AE9, 0x3AE9, 0x3AE9, 0x3B0A,
  0x3309, 0x42C8, 0x6BCB, 0x3B29, 0x3B0A, 0x3AE9, 0x3AE9, 0x3B0A, 0x3B0A, 0x3309, 0x3B0A, 0x3B0A,
  0x3309, 0x3B09, 0x3B0A, 0x3B0A, 0x3AA8, 0x740C, 0x436A, 0x3B0A, 0x430A, 0x3B09, 0x3B09, 0x3B09,
  0x3B09, 0x3B09, 0x4309, 0x432A, 0x432A, 0x432A, 0x434A, 0x3AC8, 0x740B, 0x430A, 0x432A, 0x434A,
  0x4B4A, 0x4B4A, 0x432A, 0x434A, 0x434A, 0x4B4A, 0x4B4A, 0x4B4A, 0x4B4A, 0x4329, 0x3AA8, 0x63AB,
  0x434A, 0x3AE9, 0x3B09, 0x3B09, 0x3B09, 0x3B09, 0x3AE9, 0x3AE9, 0x3B09, 0x3AE9, 0x3AE9, 0x3AE9,
  0x32C8, 0x638A, 0x63AB, 0x32C9, 0x3B0A, 0x3B09, 0x3AE9, 0x3B0A, 0x3B09, 0x3AE9, 0x3AE9, 0x4309,
  0x4309, 0x3AC8, 0x3B0A, 0x29E5, 0x4982, 0x6A44, 0x5A03, 0xBC8A, 0xA3A6, 0x9B86, 0x8B25, 0x7AC4,
  0x6223, 0x51E3, 0x49A2, 0x3142, 0x3163, 0x2922, 0x20C1, 0x7284, 0x7263, 0x8B25, 0xA3A6, 0xABE6,
  0xBC69, 0xBCA9, 0xA3E7, 0x9366, 0xA3E7, 0xA3E7, 0xA3C6, 0x9B86, 0x82E5, 0x59E3, 0x3962, 0x41A3,
  0x3163, 0x2922, 0x41A2, 0x4182, 0x49A3, 0x49A3, 0x49A3, 0x49C3, 0x49A2, 0x49C3, 0x49A2, 0x49C3,
  0x49A3, 0x4162, 0x49A2, 0x49C3, 0x4182, 0x41A3, 0x41A2, 0x3962, 0x3942, 0x41A3, 0x4182, 0x49A3,
  0x6A64, 0x72A4, 0x6223, 0x6224, 0x72A5, 0x6223, 0x6203, 0x7285, 0x7264, 0x6A44, 0x6224, 0x6A44,
  0x6A43, 0x72A4, 0x7B06, 0x3941, 0x28E1, 0x18C1, 0x3A26, 0x5B6A, 0x6BEC, 0x6BEC, 0x842D, 0x848E,
  0x6C2D, 0x744E, 0x7C6E, 0x8CAF, 0x8CAF, 0x8CB0, 0x848F, 0x84CF, 0x8CF0, 0xA4EF, 0x52A8, 0x2A06,
  0x3227, 0x29E7, 0x21C7, 0x29E7, 0x2A08, 0x1985, 0x21A5, 0x29A5, 0x4267, 0x2A06, 0x2A27, 0x3227,
  0x3206, 0x4268, 0x3227, 0x3227, 0x3A47, 0x4267, 0x4A87, 0x4267, 0x3A26, 0x3A47, 0x3A26, 0x4A87,
  0x4267, 0x3A46, 0x31E5, 0x29A4, 0x2183, 0x1984, 0x21A5, 0x19C5, 0x21E6, 0x2206, 0x21E5, 0x29E5,
  0x21E5, 0x2A06, 0x2A05, 0x2A05, 0x2A26, 0x2A26, 0x3A46, 0x3A87, 0x2206, 0x2206, 0x2A06, 0x21E5,
  0x2A05, 0x21E5, 0x2A26, 0x2A26, 0x2A46, 0x2A26, 0x2A25, 0x2A46, 0x3246, 0x3246, 0x5308, 0x3AA8,
  0x32C8, 0x32C9, 0x32C8, 0x32C8, 0x32C8, 0x3AE9, 0x3AC9, 0x3AE9, 0x3AC8, 0x3AE9, 0x3AC8, 0x3AC9,
  0x32C8, 0x4B09, 0x63CC, 0x3B09, 0x3B2A, 0x3AE9, 0x3AEA, 0x3AEA, 0x3AE9, 0x3B09, 0x3B2A, 0x330A,
  0x3B09, 0x3B09, 0x3B09, 0x32E9, 0x42C8, 0x740C, 0x434A, 0x3B0A, 0x3B0A, 0x3B09, 0x3B09, 0x3B09,
  0x3B0A, 0x3B09, 0x3B09, 0x3B2A, 0x432A, 0x434A, 0x3B2A, 0x42E9, 0x7C4D, 0x4309, 0x432A, 0x432A,
  0x4B4A, 0x430A, 0x432A, 0x4B4A, 0x4B4A, 0x4B4A, 0x434A, 0x4329, 0x434A, 0x432A, 0x42C9, 0x638B,
  0x3B09, 0x3B09, 0x3B09, 0x3B09, 0x3B09, 0x3B09, 0x3AE9, 0x3AE9, 0x3B09, 0x3AE9, 0x32C8, 0x3AE9,
  0x32E9, 0x5309, 0x63AB, 0x3AE9, 0x3B09, 0x4309, 0x3B09, 0x3B0A, 0x3AE9, 0x3AE9, 0x3AC9, 0x3B09,
  0x4309, 0x3AC9, 0x3B09, 0x3246, 0x4162, 0x59E3, 0x7B28, 0xB449, 0x9B86, 0x9B65, 0x9325, 0x7AC4,
  0x6223, 0x51E3, 0x49A2, 0x3142, 0x3983, 0x2922, 0x18C1, 0x6244, 0x7AC4, 0x82E5, 0x9B66, 0xABE7,
  0xB428, 0xBC8A, 0xBCAB, 0xAC28, 0x9BA6, 0x9366, 0x9366, 0x8B05, 0x7AA4, 0x7AE6, 0x6244, 0x49C3,
  0x3983, 0x20C1, 0x3982, 0x4182, 0x4182, 0x49C3, 0x3941, 0x49C3, 0x49A2, 0x41A2, 0x49A2, 0x49A2,
  0x49A3, 0x4162, 0x4182, 0x49C3, 0x4182, 0x4182, 0x4182, 0x41A3, 0x3942, 0x4183, 0x4162, 0x41A2,
  0x6A84, 0x6244, 0x6203, 0x7284, 0x6223, 0x6203, 0x72A5, 0x6A64, 0x6203, 0x6203, 0x6243, 0x6A63,
  0x7284, 0x72C6, 0x4141, 0x3921, 0x20E1, 0x2163, 0x5B4A, 0x7C2D, 0x73ED, 0x6BEB, 0x846D, 0x746D,
  0x744E, 0x7C6F, 0x742D, 0x8C8F, 0x6C4E, 0x642E, 0x6C0E, 0x644D, 0x94CF, 0x8C0D, 0x3226, 0x29E5,
  0x31E6, 0x29C7, 0x21E7, 0x21A6, 0x2208, 0x1985, 0x29E6, 0x29E6, 0x3A46, 0x2A27, 0x2A07, 0x3A68,
  0x3226, 0x3226, 0x3206, 0x4A67, 0x4266, 0x3A05, 0x4267, 0x4288, 0x3A05, 0x4205, 0x31A4, 0x4226,
  0x31E6, 0x2185, 0x1944, 0x2164, 0x29C6, 0x21C5, 0x2206, 0x21E5, 0x21E5, 0x21E5, 0x21E5, 0x19E5,
  0x21E6, 0x2206, 0x2206, 0x2A05, 0x2A06, 0x2A05, 0x4246, 0x3A67, 0x2A06, 0x2A06, 0x2A05, 0x3246,
  0x3A87, 0x2A46, 0x2A46, 0x2A46, 0x2A26, 0x2A26, 0x2A46, 0x2A67, 0x3287, 0x3AA8, 0x63AB, 0x3B09,
  0x32C9, 0x32EA, 0x32E9, 0x32C9, 0x32C9, 0x3B0A, 0x3AE9, 0x3AE9, 0x3AE9, 0x3B0A, 0x32E9, 0x3B0A,
  0x32C9, 0x5B4A, 0x5BCC, 0x3B0A, 0x330A, 0x330A, 0x32EA, 0x32C9, 0x32E9, 0x32E9, 0x3B0A, 0x3B0A,
  0x3B0A, 0x3B09, 0x3B0A, 0x32E9, 0x42C8, 0x6BED, 0x3B2A, 0x3B0A, 0x3B0A, 0x3AE9, 0x3AE9, 0x32C9,
  0x3AE9, 0x3B0A, 0x3AE9, 0x3B09, 0x432A, 0x434A, 0x3B0A, 0x3AA8, 0x740C, 0x538C, 0x4309, 0x434A,
  0x432A, 0x430A, 0x432A, 0x430A, 0x432A, 0x432A, 0x432A, 0x430A, 0x432A, 0x432A, 0x42C9, 0x638B,
  0x432A, 0x3B0A, 0x3B09, 0x3AE9, 0x3AE9, 0x3AE9, 0x3B09, 0x32E9, 0x32C9, 0x32C9, 0x32E9, 0x3AC9,
  0x32C9, 0x3246, 0x6BCB, 0x432A, 0x3B0A, 0x3AE9, 0x32E9, 0x32C9, 0x3AE9, 0x3AE9, 0x3AE9, 0x32E9,
  0x3AE9, 0x3AC9, 0x3AE9, 0x3267, 0x39A2, 0x5A04, 0x72C6, 0xA3C7, 0x9B65, 0xA3A6, 0x9325, 0x82C4,
  0x6202, 0x51C2, 0x49A2, 0x3142, 0x39A4, 0x3142, 0x20C1, 0x51C3, 0x7AC4, 0x7A84, 0x9B66, 0x9345,
  0xAC28, 0xDDAE, 0xAC49, 0x7243, 0x61E3, 0x59C1, 0x59E2, 0x49A2, 0x3921, 0x4182, 0x49A3, 0x5A04,
  0x3962, 0x20C1, 0x3983, 0x4182, 0x4182, 0x49C3, 0x3962, 0x41A3, 0x41A3, 0x41A3, 0x4182, 0x49A3,
  0x49A3, 0x4182, 0x4182, 0x4182, 0x4182, 0x4182, 0x4183, 0x4182, 0x3962, 0x3962, 0x4182, 0x3962,
  0x5A02, 0x6A43, 0x6A64, 0x59A2, 0x6A43, 0x7AA5, 0x6A64, 0x6223, 0x6223, 0x6A43, 0x6A43, 0x7AA5,
  0x72A5, 0x4141, 0x3962, 0x3122, 0x2101, 0x4287, 0x6BCB, 0x842D, 0x848E, 0x94CF, 0x8C6E, 0x6C0D,
  0x640D, 0x644E, 0x640D, 0x7C8F, 0x6C2D, 0x744F, 0x6C2F, 0x640E, 0x8CAF, 0x52C8, 0x3226, 0x29E6,
  0x31E6, 0x2A07, 0x21E7, 0x19A6, 0x21E8, 0x21A6, 0x29E7, 0x21A5, 0x3A47, 0x2A27, 0x2A27, 0x3206,
  0x3205, 0x3A46, 0x4225, 0x4246, 0x3A26, 0x3A26, 0x4A67, 0x4A67, 0x4226, 0x39E5, 0x3183, 0x2963,
  0x2183, 0x29C5, 0x29C5, 0x3A26, 0x3A46, 0x2A06, 0x3226, 0x3226, 0x3246, 0x3A67, 0x3225, 0x3A46,
  0x3A66, 0x3A46, 0x3A87, 0x3A88, 0x4288, 0x3205, 0x4A87, 0x4287, 0x3A87, 0x3A87, 0x3246, 0x3A67,
  0x3A67, 0x3A66, 0x3A46, 0x4287, 0x4287, 0x42C8, 0x4AE8, 0x5329, 0x42A8, 0x52C7, 0x634A, 0x4B29,
  0x4B29, 0x4B2A, 0x4B09, 0x4B29, 0x534A, 0x536A, 0x534A, 0x5B8A, 0x5B6A, 0x4B4A, 0x4B29, 0x534A,
  0x42C7, 0x738A, 0x6BCB, 0x534A, 0x536A, 0x5B8A, 0x536A, 0x5B8B, 0x63EC, 0x5B8A, 0x63CC, 0x63CC,
  0x63CC, 0x536A, 0x534A, 0x4B09, 0x6349, 0x73EB, 0x5B8A, 0x5B8A, 0x5BAA, 0x5B8A, 0x6BEC, 0x63AB,
  0x63AB, 0x63AB, 0x638A, 0x63CB, 0x638A, 0x63AB, 0x5B6A, 0x52E7, 0x83EB, 0x6BCB, 0x638A, 0x63AB,
  0x5B6A, 0x5B6A, 0x63AB, 0x638A, 0x63AA, 0x5B8A, 0x63AB, 0x5B6A, 0x5B4A, 0x5B6A, 0x52E8, 0x73AA,
  0x5B8A, 0x5B6A, 0x63AB, 0x5B6A, 0x5B8B, 0x5B8B, 0x5BAB, 0x5B6A, 0x5B8A, 0x5B4A, 0x538A, 0x5329,
  0x4AE9, 0x4AC7, 0x7BCA, 0x5B4A, 0x4B29, 0x4B09, 0x534A, 0x5B6A, 0x5B6A, 0x63AB, 0x5B6A, 0x5349,
  0x4B09, 0x4AC8, 0x42C8, 0x4287, 0x41A2, 0x6244, 0x49A2, 0xA3C7, 0x9386, 0x8B25, 0x9325, 0x7284,
  0x6203, 0x51E3, 0x49C2, 0x3942, 0x39A4, 0x3142, 0x2902, 0x4182, 0x7AC4, 0x7AA4, 0x8B25, 0x9BA7,
  0xAC6A, 0x8B46, 0x6A23, 0x7263, 0x9386, 0x8B45, 0x7AC4, 0x82E5, 0x7284, 0x51C2, 0x3941, 0x3101,
  0x41C3, 0x3983, 0x2901, 0x41A3, 0x3962, 0x4182, 0x4182, 0x3942, 0x4183, 0x3962, 0x3962, 0x4162,
  0x41A3, 0x4182, 0x41A3, 0x4162, 0x4182, 0x3962, 0x4183, 0x4182, 0x4183, 0x3942, 0x4183, 0x3962,
  0x6A64, 0x6223, 0x59C2, 0x6A64, 0x72A5, 0x7284, 0x6223, 0x6244, 0x6A64, 0x6A64, 0x82E6, 0x72A6,
  0x4141, 0x3121, 0x3962, 0x1922, 0x3A26, 0x73CC, 0x7C2C, 0x742D, 0x7C4E, 0x846E, 0x6C2D, 0x7C8F,
  0x84AF, 0x84AF, 0x848F, 0x744E, 0x7C6E, 0x8CCF, 0x8CCF, 0x94F0, 0x83EB, 0x3A46, 0x3227, 0x29E6,
  0x29E6, 0x21E7, 0x21E8, 0x19C7, 0x21E7, 0x29E6, 0x21C5, 0x21A5, 0x3A67, 0x3247, 0x29E6, 0x31E5,
  0x4267, 0x3A26, 0x3A05, 0x4267, 0x3226, 0x3205, 0x4246, 0x39E5, 0x2984, 0x1943, 0x2184, 0x29A4,
  0x29C5, 0x29E5, 0x3205, 0x4266, 0x3205, 0x31E6, 0x31E5, 0x3A26, 0x3206, 0x3205, 0x3226, 0x3A47,
  0x3A47, 0x31E6, 0x3226, 0x3A26, 0x3A26, 0x3A26, 0x5287, 0x3205, 0x3A46, 0x3A46, 0x3A26, 0x3226,
  0x3A46, 0x3A67, 0x4267, 0x3A66, 0x3A87, 0x4B09, 0x5329, 0x4B08, 0x42A8, 0x840C, 0x5B29, 0x3A87,
  0x42C8, 0x3A88, 0x4AE9, 0x4B09, 0x42E9, 0x42C8, 0x4AE8, 0x5349, 0x5329, 0x3AA7, 0x3AA8, 0x42A8,
  0x4AE8, 0x842D, 0x5B49, 0x5309, 0x5B4A, 0x5B8A, 0x638B, 0x6BCC, 0x63AB, 0x63AB, 0x63AB, 0x5B8B,
  0x63CB, 0x5BAB, 0x536A, 0x5309, 0x7BEB, 0x6BAA, 0x5329, 0x5B6A, 0x5BAB, 0x638B, 0x6BEB, 0x63CB,
  0x63AB, 0x5B4A, 0x5B6A, 0x638B, 0x5329, 0x5B4A, 0x5329, 0x5B09, 0x8C2C, 0x638A, 0x5B49, 0x5B6A,
  0x5B4A, 0x5B8A, 0x63AB, 0x6BEC, 0x740D, 0x638A, 0x5B8A, 0x636A, 0x5B4A, 0x5329, 0x6B6A, 0x8C2C,
  0x4B08, 0x5309, 0x5B8B, 0x63AB, 0x5B8B, 0x5B8B, 0x5B6A, 0x534A, 0x5B6A, 0x638A, 0x5BAA, 0x5B2A,
  0x5329, 0x636A, 0x8C2B, 0x42A7, 0x42C8, 0x5329, 0x638A, 0x638B, 0x5B29, 0x636A, 0x638A, 0x638B,
  0x5B6A, 0x52C8, 0x4AE8, 0x4AE8, 0x41C3, 0x5203, 0x5203, 0x8B04, 0xA429, 0x8326, 0x7AA4, 0x6202,
  0x51E3, 0x51C3, 0x51C2, 0x28E1, 0x39A4, 0x3142, 0x2922, 0x3942, 0x7284, 0x7AA3, 0x9366, 0xC4EC,
  0x59E1, 0x7264, 0xBCCB, 0xAC06, 0xABC6, 0x9345, 0x7AA4, 0x82C4, 0x82C4, 0x6A64, 0x49C3, 0x3142,
  0x2900, 0x4182, 0x3121, 0x3162, 0x4182, 0x3962, 0x41A3, 0x3121, 0x4183, 0x3962, 0x3962, 0x3962,
  0x4182, 0x4162, 0x4182, 0x4162, 0x4182, 0x3962, 0x3962, 0x4182, 0x4182, 0x3942, 0x3982, 0x3982,
  0x6223, 0x51A2, 0x6A24, 0x7284, 0x6A84, 0x6223, 0x6A64, 0x6A84, 0x7284, 0x8326, 0x6244, 0x3121,
  0x3121, 0x3121, 0x20E1, 0x3226, 0x5B6B, 0x740D, 0x7C2D, 0x7C4D, 0x7C4E, 0x640D, 0x5C0D, 0x640D,
  0x6C2E, 0x7C4F, 0x7C8F, 0x640D, 0x6C2E, 0x642D, 0x744E, 0x9CF0, 0x62E8, 0x3206, 0x3227, 0x3206,
  0x21E6, 0x1985, 0x2208, 0x19A6, 0x2A07, 0x21A5, 0x21A5, 0x21A5, 0x4288, 0x3226, 0x3206, 0x4246,
  0x3A26, 0x31E5, 0x4246, 0x4267, 0x3A26, 0x31C5, 0x2984, 0x1964, 0x2184, 0x1985, 0x1984, 0x1984,
  0x19C5, 0x21A5, 0x29C5, 0x3226, 0x21E6, 0x21E6, 0x2206, 0x21E6, 0x21E6, 0x21E5, 0x21E6, 0x2206,
  0x2206, 0x21E6, 0x2A26, 0x2226, 0x2A06, 0x3A47, 0x3246, 0x21E6, 0x2206, 0x2A06, 0x2A06, 0x2A06,
  0x21E5, 0x2226, 0x2A67, 0x2A67, 0x3288, 0x32A8, 0x32C9, 0x32E9, 0x3267, 0x636A, 0x434A, 0x32E9,
  0x3B0A, 0x3B0A, 0x3B09, 0x3B09, 0x32E9, 0x3B09, 0x3AE9, 0x3AE9, 0x3AE9, 0x3AE9, 0x3AE9, 0x3B0A,
  0x3AC8, 0x63AB, 0x432A, 0x3AE9, 0x3AE9, 0x32E9, 0x3AEA, 0x3B09, 0x32C9, 0x32E9, 0x32C9, 0x32E9,
  0x32EA, 0x3B09, 0x3B2A, 0x32EA, 0x6BAB, 0x5B8B, 0x32C8, 0x32E9, 0x3B09, 0x3B0A, 0x3B0A, 0x32E9,
  0x3AEA, 0x3AC9, 0x32C9, 0x32C9, 0x32E9, 0x3AE9, 0x32E9, 0x3A88, 0x73EC, 0x436A, 0x3AE9, 0x32E9,
  0x3AE9, 0x32C9, 0x3AE9, 0x32E9, 0x32E9, 0x3309, 0x3B09, 0x3AE9, 0x3AE9, 0x3AE9, 0x3AA8, 0x6BCB,
  0x434A, 0x3AE9, 0x330A, 0x32E9, 0x32C9, 0x32C9, 0x32C9, 0x32E9, 0x32E9, 0x32C9, 0x3AE9, 0x3AE9,
  0x3B0A, 0x32A8, 0x638A, 0x3B09, 0x3AE9, 0x3AE9, 0x32C8, 0x32C9, 0x32C9, 0x3AE9, 0x3AE9, 0x3AE9,
  0x3AE8, 0x3AE9, 0x32C9, 0x32E9, 0x29A4, 0x49A3, 0x6A44, 0x9BA6, 0x8305, 0x8305, 0x8B45, 0x7263,
  0x6A64, 0x5A03, 0x51E3, 0x3102, 0x39A4, 0x3142, 0x3142, 0x28E1, 0x6A43, 0x6A62, 0xAC29, 0x7AE5,
  0x6202, 0xB469, 0xC50B, 0xAC07, 0xA3A6, 0x9B66, 0x82C4, 0x82E5, 0x8AE5, 0x7284, 0x5203, 0x3962,
  0x3142, 0x3142, 0x3142, 0x2921, 0x3962, 0x3962, 0x4183, 0x3121, 0x3962, 0x4182, 0x3962, 0x4183,
  0x41A3, 0x4182, 0x3962, 0x3962, 0x3962, 0x3962, 0x3942, 0x3962, 0x3962, 0x3962, 0x3942, 0x4183,
  0x6223, 0x6243, 0x6A84, 0x6A43, 0x6224, 0x6243, 0x7263, 0x82E5, 0x7AC5, 0x49A2, 0x3941, 0x3942,
  0x3101, 0x20E1, 0x3A06, 0x5B2A, 0x63EC, 0x6C2D, 0x63CC, 0x844E, 0x7C6E, 0x7C6E, 0x7C4E, 0x742E,
  0x640D, 0x848F, 0x744D, 0x6C2E, 0x6C4F, 0x6C2E, 0x8CAF, 0x73CB, 0x4A67, 0x3207, 0x3226, 0x3A27,
  0x2A08, 0x21C6, 0x21E7, 0x2185, 0x3227, 0x1985, 0x21A6, 0x21A5, 0x3A05, 0x4226, 0x39E5, 0x4246,
  0x3A46, 0x29E5, 0x39E5, 0x3A26, 0x29A5, 0x1964, 0x2184, 0x21A5, 0x21A5, 0x19A5, 0x21C5, 0x2206,
  0x2A06, 0x29E6, 0x3A47, 0x2A26, 0x2206, 0x2206, 0x2206, 0x2206, 0x21E6, 0x2206, 0x2206, 0x2A06,
  0x2A26, 0x2A47, 0x2A26, 0x2A46, 0x29E6, 0x4288, 0x3246, 0x2226, 0x2A06, 0x2A26, 0x2A26, 0x2A46,
  0x3267, 0x32A8, 0x3AE8, 0x3AE8, 0x3AC8, 0x3AC9, 0x3AE9, 0x32E8, 0x42C8, 0x6BCC, 0x3AE8, 0x32E9,
  0x3AE9, 0x3B09, 0x3B0A, 0x3B0A, 0x3B09, 0x3AE9, 0x3B0A, 0x3B0A, 0x3B0A, 0x3B0A, 0x3AE9, 0x3AE9,
  0x534A, 0x63AB, 0x3AE9, 0x3B0A, 0x3B0A, 0x3AE9, 0x3B2A, 0x3B2A, 0x3B0A, 0x3B09, 0x3B09, 0x3B0A,
  0x3B0A, 0x3B09, 0x434B, 0x3AE9, 0x6B8A, 0x534A, 0x32E9, 0x3B0A, 0x3B0A, 0x3B2A, 0x3B0A, 0x3B0A,
  0x3B0A, 0x3AE9, 0x3AE9, 0x3AE9, 0x3B09, 0x3B09, 0x3B0A, 0x4AE9, 0x73CB, 0x3AE9, 0x432A, 0x3B09,
  0x3B2A, 0x3B09, 0x3B0A, 0x3B09, 0x3B0A, 0x3B09, 0x3B09, 0x4329, 0x3B09, 0x3B09, 0x3AA8, 0x73EC,
  0x434A, 0x3AE9, 0x3B0A, 0x3B09, 0x3B09, 0x3AE9, 0x3AE9, 0x3B09, 0x3B09, 0x3B09, 0x3AE9, 0x3B09,
  0x434B, 0x3AE8, 0x6BCB, 0x434A, 0x3AE9, 0x3AC9, 0x3B09, 0x3AE9, 0x430A, 0x3AC8, 0x3AE9, 0x3AE9,
  0x4309, 0x4309, 0x3AE9, 0x3B09, 0x29A4, 0x4162, 0x6A23, 0xA407, 0xA3C8, 0x7263, 0x7AC4, 0x6A43,
  0x6244, 0x5203, 0x3962, 0x20C1, 0x41C4, 0x3963, 0x3142, 0x2901, 0x6223, 0x8B46, 0x8346, 0x4980,
  0x9BA7, 0xB449, 0xC4EB, 0xAC28, 0xA3A6, 0xA386, 0x8B04, 0x8B05, 0x9346, 0x7AA4, 0x5A23, 0x41A3,
  0x3962, 0x39A4, 0x3143, 0x2901, 0x3162, 0x3962, 0x4183, 0x3962, 0x3942, 0x41A3, 0x3962, 0x4182,
  0x4182, 0x4182, 0x3962, 0x4182, 0x3962, 0x4182, 0x3942, 0x3962, 0x3962, 0x4182, 0x3121, 0x4183,
  0x6A43, 0x6A44, 0x5A03, 0x6222, 0x6A63, 0x7AA4, 0x8B67, 0x72A5, 0x4961, 0x3941, 0x4182, 0x3942,
  0x20E2, 0x29C5, 0x636A, 0x844D, 0x844D, 0x63AB, 0x7C6E, 0x742D, 0x6C2D, 0x746F, 0x6C2E, 0x742D,
  0x7C6F, 0x744F, 0x7CAE, 0x94CF, 0x7CAF, 0x7C8F, 0x94AE, 0x4A87, 0x3A47, 0x3206, 0x3206, 0x3A68,
  0x21E8, 0x21C7, 0x21C7, 0x29A5, 0x29E6, 0x1985, 0x21C6, 0x21A5, 0x4226, 0x3A06, 0x31C4, 0x4266,
  0x3A46, 0x31E5, 0x31A4, 0x2164, 0x1964, 0x19A6, 0x21C6, 0x19C5, 0x21C5, 0x21E6, 0x2A06, 0x2A06,
  0x2A06, 0x29E5, 0x3A67, 0x2A06, 0x2206, 0x2206, 0x2206, 0x2A06, 0x2206, 0x2206, 0x2A06, 0x2206,
  0x2A26, 0x2A26, 0x2A26, 0x2A26, 0x3226, 0x3A67, 0x2A26, 0x2A26, 0x2A26, 0x2A46, 0x3287, 0x32C8,
  0x3AE8, 0x32A8, 0x32C8, 0x3AE9, 0x3AE9, 0x3AE9, 0x3AE9, 0x32A8, 0x532A, 0x6BEC, 0x3AE9, 0x3AE9,
  0x3AE9, 0x3B09, 0x3B0A, 0x3B09, 0x32E9, 0x3B09, 0x3B0A, 0x3B09, 0x3B0A, 0x3B09, 0x3B09, 0x3AE9,
  0x5B6A, 0x5BAB, 0x3AEA, 0x3B0A, 0x3AE9, 0x3AE9, 0x3B0A, 0x3B09, 0x3B09, 0x3B09, 0x3B09, 0x3B09,
  0x3B09, 0x3B09, 0x434B, 0x4309, 0x73CB, 0x4B4A, 0x32E9, 0x3B2A, 0x3B09, 0x3B09, 0x3B0A, 0x3B0A,
  0x3B0A, 0x3B0A, 0x3B09, 0x3AE9, 0x3B09, 0x430A, 0x3AE9, 0x4B09, 0x6BCC, 0x3B09, 0x432A, 0x3B2A,
  0x3B2A, 0x3B0A, 0x3B09, 0x3B09, 0x3B09, 0x3B09, 0x3B09, 0x430A, 0x3B09, 0x3B0A, 0x3A88, 0x73EC,
  0x434A, 0x3B09, 0x3B0A, 0x3AE9, 0x3B09, 0x3B09, 0x3AE9, 0x3B09, 0x3B0A, 0x3B09, 0x3B0A, 0x3B0A,
  0x432A, 0x3AE9, 0x6BCB, 0x4B4A, 0x32C9, 0x3AC9, 0x3B09, 0x3B0A, 0x3B09, 0x3AE9, 0x3AE9, 0x3AE9,
  0x4309, 0x3B09, 0x42E9, 0x4309, 0x3206, 0x3142, 0x6203, 0x9BA6, 0xA3E8, 0x9345, 0x8B25, 0x6A63,
  0x49A1, 0x4161, 0x3962, 0x2922, 0x41E4, 0x3162, 0x3142, 0x2942, 0x4162, 0x9BA8, 0x51C2, 0x6244,
  0xA386, 0xA3E6, 0xC50B, 0xBCAA, 0xA3C6, 0xA3A6, 0x9365, 0x8B04, 0x9345, 0x82C4, 0x6244, 0x51C3,
  0x3941, 0x41C4, 0x2943, 0x20C1, 0x3983, 0x3942, 0x3962, 0x41A3, 0x3142, 0x4183, 0x3942, 0x3962,
  0x3962, 0x3982, 0x3962, 0x3962, 0x3941, 0x4182, 0x3962, 0x3942, 0x3962, 0x3962, 0x3942, 0x3121,
  0x6A64, 0x6224, 0x6203, 0x72A4, 0x7B05, 0x72A5, 0x51C2, 0x3941, 0x4182, 0x4182, 0x3141, 0x2122,
  0x31E6, 0x5309, 0x6BCB, 0x7C4D, 0x8C6E, 0x948E, 0x848F, 0x6C2D, 0x640E, 0x642E, 0x642D, 0x7C8E,
  0x848E, 0x6C2D, 0x6C4E, 0x6C2E, 0x744D, 0xAD30, 0x736A, 0x4267, 0x3247, 0x3227, 0x3A27, 0x3228,
  0x2208, 0x21C7, 0x19A6, 0x21A5, 0x21C6, 0x1985, 0x2185, 0x3206, 0x4A66, 0x3205, 0x29E5, 0x3A26,
  0x3A06, 0x2143, 0x1944, 0x2185, 0x21A5, 0x21C6, 0x21E6, 0x21C5, 0x21E6, 0x2A06, 0x2A06, 0x2A06,
  0x2A06, 0x3246, 0x3267, 0x2206, 0x2A26, 0x2206, 0x2206, 0x2206, 0x2206, 0x2A06, 0x2A26, 0x2206,
  0x2A26, 0x2A06, 0x2A46, 0x2A46, 0x3A67, 0x42A7, 0x2A26, 0x2A46, 0x3267, 0x3287, 0x32C8, 0x3AE8,
  0x3AE8, 0x32C8, 0x3AE9, 0x32C8, 0x32C8, 0x3AE8, 0x3AE9, 0x2A87, 0x636A, 0x538B, 0x32E9, 0x3AE9,
  0x3AE9, 0x3B09, 0x3AE9, 0x3B09, 0x3AE9, 0x3B09, 0x3B09, 0x3B09, 0x3AE9, 0x3B09, 0x3B09, 0x3AC8,
  0x6BAB, 0x4B6B, 0x32E9, 0x3B0A, 0x3B0A, 0x3B09, 0x3AE9, 0x3B09, 0x3B09, 0x3B09, 0x3B09, 0x3B0A,
  0x3B2A, 0x3B2A, 0x3B4B, 0x3AA8, 0x73CB, 0x432A, 0x3B2A, 0x3B2A, 0x3B0A, 0x3B09, 0x3B09, 0x3B0A,
  0x3B09, 0x3B09, 0x3B09, 0x3B09, 0x3B09, 0x430A, 0x3AE9, 0x5309, 0x63CC, 0x3B09, 0x3B0A, 0x3B2A,
  0x3B2A, 0x3B2A, 0x3B09, 0x3B09, 0x3B0A, 0x3B0A, 0x3B2A, 0x3B0A, 0x3B09, 0x3B0A, 0x3AA8, 0x6BCB,
  0x3B2A, 0x3B09, 0x3B0A, 0x3AE9, 0x3B0A, 0x3B0A, 0x3B09, 0x3B09, 0x3B0A, 0x3B0A, 0x3B09, 0x3B09,
  0x3B0A, 0x32C8, 0x5B4A, 0x5BAB, 0x3AE9, 0x3AC8, 0x3AE9, 0x3B0A, 0x3B09, 0x3B09, 0x3B09, 0x3B09,
  0x3B09, 0x3B08, 0x4329, 0x434A, 0x3267, 0x2921, 0x59E3, 0x9BA6, 0xA3E7, 0x9B45, 0x9346, 0x7AC5,
  0x5A02, 0x51E3, 0x49C3, 0x3122, 0x41C4, 0x3162, 0x3962, 0x3142, 0x41A3, 0x9388, 0x4161, 0x7AA4,
  0x9B65, 0xA3C6, 0xC4EB, 0xC4EB, 0xAC07, 0xA386, 0xA3A6, 0x8B24, 0x9345, 0x8B05, 0x6A43, 0x51E3,
  0x4182, 0x39A3, 0x3184, 0x18A1, 0x3142, 0x3942, 0x3962, 0x41A3, 0x3142, 0x3942, 0x3983, 0x3962,
  0x3142, 0x3962, 0x3142, 0x3962, 0x3962, 0x3962, 0x3942, 0x3942, 0x3942, 0x3942, 0x3962, 0x2901,
  0x6223, 0x6A43, 0x8305, 0x72A4, 0x51C3, 0x3941, 0x3941, 0x4162, 0x3962, 0x2922, 0x2142, 0x4288,
  0x7C0C, 0x8C4C, 0x742D, 0x7C2D, 0x7C6D, 0x742C, 0x6C0C, 0x744E, 0x84AF, 0x7C4E, 0x7C4E, 0x84AF,
  0x640D, 0x642D, 0x746F, 0x5C0E, 0x7C6F, 0x946D, 0x4246, 0x3247, 0x3247, 0x3226, 0x3207, 0x2A08,
  0x21E8, 0x29E6, 0x19C6, 0x1985, 0x21E7, 0x2164, 0x31C5, 0x31C5, 0x4246, 0x3206, 0x31C5, 0x31A4,
  0x2963, 0x2164, 0x1985, 0x19A5, 0x19A5, 0x21C5, 0x2A05, 0x21E6, 0x2A06, 0x2A06, 0x21E6, 0x2206,
  0x21E6, 0x3A46, 0x3246, 0x2227, 0x2A26, 0x2206, 0x21E6, 0x2206, 0x2206, 0x2206, 0x2A26, 0x2A26,
  0x2A26, 0x2A26, 0x3267, 0x2A47, 0x42A7, 0x3A66, 0x2A67, 0x3287, 0x32C8, 0x3AC8, 0x3AC8, 0x3AC8,
  0x3AE8, 0x3AE8, 0x3AE8, 0x32C8, 0x3AC8, 0x3AE8, 0x3B09, 0x3287, 0x6B8B, 0x436A, 0x3B09, 0x3B09,
  0x3B09, 0x3B09, 0x3B09, 0x32E9, 0x3AE9, 0x3B09, 0x3AE9, 0x3B09, 0x3B09, 0x3B09, 0x3B2A, 0x3AC8,
  0x638A, 0x434A, 0x3B09, 0x3B09, 0x3B2A, 0x3B2A, 0x3AE9, 0x3B09, 0x32E9, 0x3B0A, 0x3B0A, 0x3B2A,
  0x3B2A, 0x3B2A, 0x3B2B, 0x42A8, 0x6BCB, 0x3B0A, 0x3B2A, 0x3B2A, 0x430A, 0x3AE9, 0x3B09, 0x3B0A,
  0x3B0A, 0x3B09, 0x3B09, 0x3B2A, 0x3B09, 0x3B0A, 0x3309, 0x534A, 0x5BAB, 0x3309, 0x3B0A, 0x3B0A,
  0x3B2A, 0x3B2A, 0x3B2A, 0x3B2A, 0x3B09, 0x3B0A, 0x3B0A, 0x3AE9, 0x3B0A, 0x3B2A, 0x3AC8, 0x6BEC,
  0x3B2A, 0x32E9, 0x3B0A, 0x3AE9, 0x3B0A, 0x3B0A, 0x3B09, 0x3B09, 0x3B0A, 0x3B0A, 0x3B09, 0x3AE9,
  0x430A, 0x32C9, 0x5B4A, 0x63AB, 0x3AE9, 0x4309, 0x3AE9, 0x3B0A, 0x3B0A, 0x3B0A, 0x3B09, 0x430A,
  0x4309, 0x3B29, 0x4309, 0x4329, 0x3287, 0x2901, 0x51E2, 0x9BA6, 0xAC08, 0x9B65, 0x8B05, 0x82C5,
  0x6223, 0x5A03, 0x51C2, 0x3102, 0x41C4, 0x3983, 0x3962, 0x2902, 0x5A24, 0x6AA5, 0x3961, 0x8AE4,
  0x9345, 0xA3C6, 0xBCCB, 0xC52C, 0xB448, 0xA3A6, 0xA3C6, 0x9345, 0x8B04, 0x8B05, 0x6A63, 0x5A03,
  0x49A2, 0x3962, 0x41E5, 0x2102, 0x3122, 0x3121, 0x3962, 0x3962, 0x3942, 0x2921, 0x3983, 0x3962,
  0x3942, 0x3142, 0x3142, 0x3962, 0x4183, 0x3962, 0x3962, 0x3962, 0x3942, 0x3942, 0x3962, 0x3122,
  0x82E6, 0x6A84, 0x49A2, 0x3941, 0x3941, 0x3962, 0x3962, 0x3121, 0x2102, 0x3A26, 0x638B, 0x6BAB,
  0x7C0C, 0x8C8E, 0x8C8E, 0x842D, 0x7C4D, 0x744E, 0x63ED, 0x5BEC, 0x640D, 0x7C8E, 0x9D10, 0x842E,
  0x6C2D, 0x6C2D, 0x6C4E, 0x744E, 0x9CF0, 0x6309, 0x4247, 0x3248, 0x3227, 0x3227, 0x2A08, 0x2A29,
  0x29E7, 0x21A6, 0x19A6, 0x19A6, 0x21E6, 0x2985, 0x31C5, 0x29C4, 0x3A26, 0x31E5, 0x31A5, 0x1923,
  0x21A4, 0x2185, 0x1984, 0x21A5, 0x21A5, 0x21E5, 0x29E6, 0x2A06, 0x2A26, 0x2A06, 0x29E5, 0x2A06,
  0x29E5, 0x3A47, 0x2A26, 0x2A26, 0x2A06, 0x2A06, 0x2A27, 0x2A06, 0x2206, 0x2206, 0x2A46, 0x2A47,
  0x3267, 0x3247, 0x3267, 0x3226, 0x52E8, 0x3AC7, 0x3288, 0x3AA8, 0x3AC8, 0x32C8, 0x32C8, 0x3AE9,
  0x3AE9, 0x3AE8, 0x3AE8, 0x3AE9, 0x3AE9, 0x3AE9, 0x3AE9, 0x42A8, 0x73CB, 0x3B2A, 0x3B09, 0x3B09,
  0x3B09, 0x3B09, 0x3B09, 0x3B09, 0x3B0A, 0x3B0A, 0x3B0A, 0x3B0A, 0x3AE9, 0x3B09, 0x3B0A, 0x42A8,
  0x6BCC, 0x3B09, 0x3B2A, 0x3B2A, 0x3B2A, 0x432A, 0x3B0A, 0x3B0A, 0x3B0A, 0x3B2A, 0x3B2A, 0x3B2A,
  0x3B09, 0x3B4A, 0x330A, 0x42A7, 0x6BEC, 0x432A, 0x3B2A, 0x432A, 0x3B0A, 0x3B09, 0x3B0A, 0x3B0A,
  0x3AE9, 0x430A, 0x432A, 0x3B09, 0x3B2A, 0x3B2A, 0x32E9, 0x5B6A, 0x5BAB, 0x3AE9, 0x3B09, 0x3B09,
  0x3B09, 0x3B09, 0x3B09, 0x3B0A, 0x3B09, 0x3B09, 0x3B09, 0x3B09, 0x3AE9, 0x3B09, 0x42C8, 0x7C0C,
  0x3B2A, 0x330A, 0x3B09, 0x3B09, 0x3B0A, 0x3B0A, 0x3B0A, 0x3B0A, 0x3B0A, 0x3B0A, 0x3AE9, 0x3AE9,
  0x432A, 0x3AE9, 0x5B6A, 0x5B8A, 0x3B09, 0x4309, 0x3B09, 0x3B0A, 0x3B09, 0x432A, 0x3B09, 0x3B09,
  0x432A, 0x4309, 0x4309, 0x3AE9, 0x32A8, 0x2122, 0x51C2, 0x9BA7, 0xAC28, 0x9B65, 0x8B25, 0x7AE4,
  0x6243, 0x5A03, 0x51E2, 0x3122, 0x49E4, 0x41A3, 0x3962, 0x20E1, 0x5204, 0x5A04, 0x4161, 0x8B04,
  0x9345, 0xA3C6, 0xAC27, 0xC50B, 0xBCAA, 0xABE7, 0xA3A6, 0x9B86, 0x8B04, 0x9325, 0x7AA4, 0x6A84,
  0x51E2, 0x3962, 0x41C4, 0x2922, 0x2922, 0x3121, 0x3942, 0x3962, 0x3962, 0x2901, 0x3962, 0x3942,
  0x3962, 0x3142, 0x3142, 0x3121, 0x3962, 0x3942, 0x3962, 0x3962, 0x3962, 0x3142, 0x3142, 0x3962,
  0x4182, 0x3921, 0x3941, 0x4162, 0x4182, 0x3121, 0x18C1, 0x2143, 0x4A88, 0x6349, 0x8C4D, 0x94CF,
  0x744D, 0x740D, 0x8C6E, 0x63ED, 0x6C0D, 0x7C6E, 0x7C6E, 0x746F, 0x6C2D, 0x8C8F, 0x7C6E, 0x84CF,
  0x8CD0, 0x848F, 0x7C4E, 0x9CCF, 0x738A, 0x4AA8, 0x3206, 0x3A68, 0x3207, 0x3207, 0x21E9, 0x3229,
  0x29E7, 0x19A6, 0x1986, 0x1985, 0x29C6, 0x29A5, 0x29A4, 0x31C4, 0x3A06, 0x2184, 0x1143, 0x2185,
  0x29C6, 0x1985, 0x1985, 0x19A5, 0x21E6, 0x21E6, 0x21E6, 0x2A06, 0x2A06, 0x2A06, 0x2A06, 0x2A06,
  0x3206, 0x3A47, 0x2206, 0x2226, 0x2A06, 0x2A06, 0x2A26, 0x2A06, 0x2A26, 0x2A46, 0x2A26, 0x2A26,
  0x2A47, 0x2A67, 0x3267, 0x42A8, 0x638B, 0x3AC8, 0x3AE9, 0x3AC8, 0x3AC8, 0x3AC8, 0x3AE8, 0x3AC8,
  0x32C8, 0x3AE8, 0x3B09, 0x3AE8, 0x3AC8, 0x3AE8, 0x32C8, 0x4AC8, 0x638A, 0x3B09, 0x3B09, 0x3B09,
  0x3B09, 0x3B09, 0x3B09, 0x3B09, 0x3B2A, 0x3B09, 0x3B0A, 0x3B0A, 0x3B0A, 0x3B09, 0x32C9, 0x5309,
  0x6BEC, 0x3B09, 0x3B0A, 0x3B2A, 0x3B0A, 0x3B09, 0x3B09, 0x3B2A, 0x3B09, 0x3B09, 0x3B0A, 0x3B2A,
  0x3B2A, 0x3B2B, 0x32CA, 0x5309, 0x6BCC, 0x3B0A, 0x3B2A, 0x3B2A, 0x3B09, 0x3B09, 0x3AE9, 0x3AE9,
  0x3AE9, 0x3B09, 0x3B2A, 0x3B09, 0x3B0A, 0x3B2A, 0x32C9, 0x5B4A, 0x5BAB, 0x3AE9, 0x432A, 0x4329,
  0x3B09, 0x3B09, 0x3B09, 0x432A, 0x430A, 0x3B09, 0x4329, 0x4329, 0x3B29, 0x3B09, 0x3AC8, 0x7C2C,
  0x3B29, 0x32EA, 0x3B09, 0x3B09, 0x3B0A, 0x3B0A, 0x3B0A, 0x3B09, 0x3B09, 0x3B09, 0x3AE9, 0x3B09,
  0x4329, 0x3AE9, 0x5309, 0x63AB, 0x4309, 0x42E9, 0x3B09, 0x3B09, 0x3AE9, 0x3B09, 0x4309, 0x4329,
  0x4309, 0x3B09, 0x3AE9, 0x3AE9, 0x3AE9, 0x2142, 0x51C2, 0x9BA7, 0xAC07, 0x9B65, 0x9366, 0x7AC4,
  0x6203, 0x51E3, 0x5A03, 0x3142, 0x5225, 0x41C3, 0x3962, 0x2901, 0x49E4, 0x5203, 0x49C2, 0x82E5,
  0x9345, 0xA3C6, 0xAC27, 0xC50B, 0xBCCA, 0xB428, 0xA3C6, 0x9BA6, 0x8B24, 0x9345, 0x7AC4, 0x72A4,
  0x5203, 0x3982, 0x41A3, 0x3183, 0x20E1, 0x3142, 0x3122, 0x3942, 0x3942, 0x2922, 0x3962, 0x3962,
  0x3122, 0x3142, 0x3962, 0x3142, 0x3942, 0x3962, 0x3962, 0x3142, 0x3142, 0x3142, 0x3121, 0x3942,
  0x3962, 0x3962, 0x3942, 0x3121, 0x2101, 0x2143, 0x31C5, 0x636A, 0x6BAA, 0x638A, 0x6C0C, 0x844D,
  0x94AF, 0x8CAF, 0x8CAE, 0x744D, 0x642D, 0x642E, 0x6C2E, 0x7C6E, 0x846E, 0x6C2D, 0x746F, 0x640D,
  0x7C6E, 0x742D, 0xA530, 0x73AA, 0x52C8, 0x3248, 0x3226, 0x3A47, 0x3A27, 0x3A69, 0x19C9, 0x2A07,
  0x29E7, 0x19A6, 0x1986, 0x1965, 0x31C6, 0x29A4, 0x29C4, 0x31E5, 0x31C5, 0x1903, 0x1984, 0x2184,
  0x31C5, 0x19C5, 0x19C5, 0x21E5, 0x2205, 0x2205, 0x2205, 0x2A26, 0x2206, 0x2226, 0x2A46, 0x21E5,
  0x3A47, 0x3A88, 0x2206, 0x2A27, 0x2226, 0x2226, 0x2A27, 0x2A47, 0x2A67, 0x2A67, 0x2A67, 0x2A47,
  0x3287, 0x3B0A, 0x32A8, 0x4AE9, 0x5BAC, 0x42E9, 0x3AE9, 0x3AE9, 0x3AE9, 0x3AE8, 0x4329, 0x4309,
  0x3B09, 0x432A, 0x3AE9, 0x4309, 0x4309, 0x4309, 0x2A67, 0x5B4A, 0x5B8B, 0x3AE9, 0x432A, 0x432A,
  0x3B09, 0x3B0A, 0x3B0A, 0x3B0A, 0x3B0A, 0x3B2A, 0x3B2A, 0x3AE9, 0x3B2A, 0x432A, 0x2A87, 0x4B09,
  0x63CC, 0x3B09, 0x3B2A, 0x432A, 0x3B2A, 0x3B09, 0x3B09, 0x3B0A, 0x32E9, 0x3B09, 0x3B2A, 0x3B4A,
  0x3B2A, 0x3B09, 0x32A9, 0x5B29, 0x740C, 0x3B2A, 0x432A, 0x3B09, 0x3B09, 0x3B09, 0x3AE9, 0x3AE9,
  0x3AEA, 0x32E9, 0x3B2A, 0x3B0A, 0x3B0A, 0x432A, 0x32A9, 0x5309, 0x6C0D, 0x432A, 0x430A, 0x432A,
  0x3B2A, 0x3B09, 0x3AE9, 0x3B0A, 0x3B09, 0x3B0A, 0x3B09, 0x3AE9, 0x3B0A, 0x3B0A, 0x3AA8, 0x7C0C,
  0x4B6B, 0x3AEA, 0x3B2A, 0x3B2A, 0x3B0A, 0x3B0A, 0x3B0A, 0x32E9, 0x32E9, 0x32C9, 0x32C9, 0x32E9,
  0x3B0A, 0x32E9, 0x3A66, 0x6BCC, 0x432A, 0x3AE9, 0x4309, 0x430A, 0x432A, 0x430A, 0x432A, 0x432A,
  0x432A, 0x432A, 0x3B09, 0x3AE9, 0x3AE9, 0x1922, 0x49A2, 0x9B86, 0xABE7, 0x9B45, 0x9B66, 0x7AA4,
  0x59E2, 0x51C2, 0x51E3, 0x3142, 0x49E4, 0x49E4, 0x3962, 0x2922, 0x3102, 0x41A2, 0x6244, 0x7284,
  0x9345, 0xA386, 0xA3C6, 0xC4EB, 0xC4EB, 0xB428, 0xA3C6, 0xA3C6, 0x8B24, 0x9345, 0x8B25, 0x7284,
  0x5203, 0x4182, 0x3982, 0x39A3, 0x20E1, 0x3122, 0x3101, 0x3942, 0x3142, 0x3122, 0x2901, 0x3962,
  0x3142, 0x3142, 0x3142, 0x3142, 0x3142, 0x3962, 0x3942, 0x3122, 0x2901, 0x3122, 0x3121, 0x3942,
  0x3942, 0x3121, 0x20E0, 0x2942, 0x31E5, 0x4AC8, 0x5309, 0x7C0B, 0x844C, 0x73EB, 0x844D, 0x7C0B,
  0x742C, 0x6C0D, 0x742E, 0x94AE, 0x8CD0, 0x6C4E, 0x7C6F, 0x94CF, 0x8C8E, 0x742D, 0x746E, 0x7C6F,
  0x640D, 0x8CCF, 0x7BEB, 0x4286, 0x3227, 0x2A48, 0x3247, 0x3A47, 0x3A68, 0x326A, 0x21E8, 0x29E6,
  0x2A07, 0x1986, 0x1986, 0x2185, 0x31E6, 0x2184, 0x29A4, 0x2984, 0x2964, 0x29A5, 0x29C5, 0x3206,
  0x31E5, 0x3226, 0x3206, 0x3206, 0x3226, 0x3A47, 0x3A47, 0x3A67, 0x3A88, 0x3A67, 0x3A47, 0x3A46,
  0x52A8, 0x4287, 0x3A87, 0x3A66, 0x3A46, 0x42A8, 0x3A87, 0x3A67, 0x4AE8, 0x42C7, 0x3A87, 0x5309,
  0x5329, 0x5329, 0x4AE8, 0x73CB, 0x638B, 0x638A, 0x63AA, 0x63AB, 0x6BCB, 0x63AA, 0x63AA, 0x6BCB,
  0x6BCB, 0x6BAB, 0x638A, 0x63AB, 0x638A, 0x638B, 0x52E8, 0x7BCA, 0x63AB, 0x63AA, 0x5B6A, 0x63AB,
  0x638A, 0x63AB, 0x63AB, 0x5B8A, 0x63AB, 0x63EB, 0x63AB, 0x5B6A, 0x638B, 0x638B, 0x4AE7, 0x6B8A,
  0x5B49, 0x5B8A, 0x536A, 0x63CB, 0x63AB, 0x63AB, 0x5B8B, 0x5B8B, 0x63AB, 0x5B6A, 0x5BAB, 0x63AB,
  0x536A, 0x536A, 0x42A9, 0x73AB, 0x6B8A, 0x42E8, 0x534A, 0x5B6A, 0x5B6A, 0x5B4A, 0x5B6A, 0x5349,
  0x5B8B, 0x5B6A, 0x536A, 0x5B6A, 0x534A, 0x5B6A, 0x42C8, 0x73AA, 0x6BCB, 0x5B6A, 0x5349, 0x5B69,
  0x5329, 0x5349, 0x5B8B, 0x5B6A, 0x534A, 0x5B8A, 0x534A, 0x5B4A, 0x5B6A, 0x4B29, 0x52C8, 0x840B,
  0x5349, 0x534A, 0x5349, 0x534A, 0x5B8B, 0x534A, 0x5329, 0x534A, 0x534A, 0x5329, 0x534A, 0x534A,
  0x534A, 0x42E9, 0x6349, 0x840C, 0x5349, 0x5349, 0x5B6A, 0x5B4A, 0x5B8A, 0x5B6A, 0x5B6A, 0x63CB,
  0x63AA, 0x5B6A, 0x5B6A, 0x4AE8, 0x4AE8, 0x29C5, 0x51E3, 0x9366, 0xA3C7, 0x9345, 0x8B25, 0x7284,
  0x59E3, 0x51E3, 0x51E3, 0x3142, 0x5205, 0x49E4, 0x3982, 0x3962, 0x2902, 0x2901, 0x72A5, 0x6A63,
  0x8B25, 0x9B86, 0x9B85, 0xBC89, 0xC50B, 0xBC89, 0xA3C6, 0xA3A6, 0x9345, 0x8B05, 0x9325, 0x7A83,
  0x5A24, 0x4182, 0x3962, 0x41E4, 0x2102, 0x2902, 0x2902, 0x3142, 0x3122, 0x3142, 0x2901, 0x3142,
  0x3142, 0x3942, 0x3141, 0x3142, 0x3122, 0x3121, 0x3142, 0x3962, 0x3121, 0x3122, 0x3122, 0x3122,
  0x20C1, 0x1902, 0x31E5, 0x52E9, 0x6B8A, 0x638A, 0x740D, 0x6BCC, 0x844D, 0x9CCE, 0x7C2D, 0x7C2D,
  0x8CAF, 0x742D, 0x640D, 0x6C2E, 0x7C6E, 0x844D, 0x7C8F, 0x744E, 0x744D, 0x844E, 0x94CF, 0x94EF,
  0xA551, 0x8C4D, 0x52A7, 0x3207, 0x2A48, 0x3248, 0x3A47, 0x3A68, 0x2A28, 0x2A6A, 0x21E8, 0x3227,
  0x29E6, 0x19A7, 0x21C7, 0x29A5, 0x31E6, 0x2184, 0x2164, 0x1903, 0x2184, 0x21A4, 0x29A5, 0x3A05,
  0x29E5, 0x29E6, 0x31E6, 0x29C5, 0x29E5, 0x3206, 0x3226, 0x3206, 0x3226, 0x3226, 0x31E5, 0x4A87,
  0x4AA7, 0x3226, 0x3A67, 0x3A46, 0x3A46, 0x4287, 0x3A67, 0x3A67, 0x4287, 0x3A87, 0x42A7, 0x534A,
  0x4B09, 0x42A8, 0x4AA7, 0x7C0C, 0x4B08, 0x5309, 0x5329, 0x5B29, 0x5B6A, 0x5B49, 0x5329, 0x63AB,
  0x5B8B, 0x5329, 0x5B6A, 0x534A, 0x5329, 0x4309, 0x636A, 0x83EB, 0x5329, 0x5349, 0x5329, 0x5B49,
  0x5B6A, 0x5B49, 0x5B6A, 0x638A, 0x5B6A, 0x5B8A, 0x63AB, 0x638A, 0x5B6A, 0x5329, 0x5308, 0x8C4D,
  0x5B6A, 0x5329, 0x5329, 0x5B6A, 0x534A, 0x534A, 0x5B6A, 0x5B6B, 0x5B8B, 0x5B6A, 0x5B8B, 0x5B8B,
  0x534A, 0x5B6A, 0x42C8, 0x7BCB, 0x63AB, 0x42E9, 0x5349, 0x5B4A, 0x638B, 0x5B6A, 0x5B6A, 0x5B8A,
  0x5B8B, 0x5B8A, 0x5B6A, 0x63AB, 0x534A, 0x5B4A, 0x4AE9, 0x7BEB, 0x6BAA, 0x536A, 0x5349, 0x5329,
  0x5329, 0x5329, 0x5B6A, 0x63AB, 0x5B8B, 0x63AB, 0x5B8B, 0x638B, 0x63AB, 0x534A, 0x5B09, 0x8C4C,
  0x5B8A, 0x5B6A, 0x5B4A, 0x5B8B, 0x638B, 0x638A, 0x5B6A, 0x6BCB, 0x6BCB, 0x638A, 0x63AB, 0x63AB,
  0x5349, 0x534A, 0x6349, 0x7BEC, 0x5329, 0x5349, 0x5B4A, 0x5329, 0x534A, 0x5B6A, 0x5329, 0x5B8B,
  0x5B6A, 0x5329, 0x5329, 0x5309, 0x5B4A, 0x3A47, 0x41A2, 0x9366, 0xA3A6, 0x9B45, 0x8305, 0x72A4,
  0x5A03, 0x51E3, 0x51E2, 0x3122, 0x5225, 0x49C3, 0x4182, 0x3982, 0x3163, 0x1881, 0x6A64, 0x72C3,
  0x82C4, 0x9B46, 0x9B65, 0xBC69, 0xCD2C, 0xC4EA, 0xABE7, 0xA385, 0x9B86, 0x82C4, 0x9325, 0x7AC4,
  0x6244, 0x4182, 0x3942, 0x41E4, 0x2963, 0x20E1, 0x2901, 0x3122, 0x3142, 0x3962, 0x3121, 0x2922,
  0x3142, 0x3942, 0x3142, 0x3142, 0x3122, 0x2901, 0x3142, 0x3962, 0x3121, 0x2921, 0x2901, 0x3122,
  0x4205, 0x52E8, 0x5309, 0x638B, 0x8CAE, 0x8C8D, 0x842D, 0x94D0, 0x844E, 0x7C4C, 0x63EC, 0x6C0E,
  0x7C4E, 0x8CCE, 0x8CCF, 0x7C4E, 0x8CCF, 0x848E, 0x6C0E, 0x6C2E, 0x5BEC, 0x5BCD, 0x6BEC, 0xA550,
  0x842C, 0x6349, 0x4AC8, 0x29E6, 0x3248, 0x3247, 0x3227, 0x3249, 0x2229, 0x3269, 0x2A08, 0x3228,
  0x21C6, 0x21C6, 0x29E7, 0x2185, 0x29E5, 0x2164, 0x1903, 0x1944, 0x1164, 0x1985, 0x29A5, 0x29C6,
  0x19A6, 0x19A5, 0x19A5, 0x19C5, 0x21C6, 0x19E5, 0x21E6, 0x21E5, 0x2205, 0x2A47, 0x29E6, 0x3A46,
  0x3267, 0x2A47, 0x2A47, 0x2226, 0x2A47, 0x2A47, 0x2A47, 0x2A46, 0x2A67, 0x32C9, 0x3309, 0x32E9,
  0x3B0A, 0x32E9, 0x3AA7, 0x5B8B, 0x3AE8, 0x3AE9, 0x3AC8, 0x3AE9, 0x3AE8, 0x4329, 0x4329, 0x3AE9,
  0x3AE9, 0x3B0A, 0x4309, 0x3B29, 0x3B29, 0x32C8, 0x5B29, 0x63CD, 0x32C8, 0x3AC9, 0x3B09, 0x32E9,
  0x3AC9, 0x32C8, 0x3AC9, 0x3AC9, 0x32C9, 0x3AC9, 0x32C8, 0x3AE9, 0x3AE9, 0x3AE9, 0x3AA8, 0x7C2D,
  0x4B8B, 0x32EA, 0x32E9, 0x32E9, 0x32E9, 0x32E9, 0x32E9, 0x32C9, 0x3AE9, 0x3B09, 0x32E9, 0x32E9,
  0x32E9, 0x432A, 0x2AA8, 0x5B29, 0x4B6B, 0x3B0A, 0x3B2A, 0x3B09, 0x432A, 0x432A, 0x430A, 0x432A,
  0x3B0A, 0x3B0A, 0x3B2A, 0x432A, 0x3B2A, 0x432A, 0x32A9, 0x534A, 0x5BCC, 0x432A, 0x432A, 0x3B09,
  0x432A, 0x430A, 0x3AE9, 0x3AE9, 0x3B0A, 0x3B2A, 0x432A, 0x432A, 0x432A, 0x432A, 0x3A88, 0x7C0C,
  0x53AB, 0x430A, 0x432A, 0x434A, 0x430A, 0x430A, 0x432A, 0x430A, 0x432A, 0x434A, 0x432A, 0x432A,
  0x432A, 0x432A, 0x3267, 0x6BAB, 0x4B4B, 0x3B09, 0x3B0A, 0x3B0A, 0x3B2A, 0x3B0A, 0x3B0A, 0x3B0A,
  0x32E9, 0x3B0A, 0x3B2A, 0x3B0A, 0x432A, 0x3268, 0x10C0, 0x72A4, 0xA3C6, 0x9325, 0x8305, 0x72A4,
  0x5A03, 0x5202, 0x5A03, 0x3122, 0x5225, 0x49C3, 0x4182, 0x3962, 0x39A4, 0x18C2, 0x5A23, 0x7AC4,
  0x7AC4, 0x9345, 0x9B85, 0xAC07, 0xCD2C, 0xC50B, 0xAC07, 0xA3A6, 0xA3A6, 0x8AE4, 0x9345, 0x7AC4,
  0x6A64, 0x51E3, 0x3962, 0x41C4, 0x39A3, 0x18C1, 0x2922, 0x3101, 0x3142, 0x3942, 0x3141, 0x2901,
  0x3963, 0x3141, 0x3122, 0x3142, 0x3122, 0x2901, 0x2902, 0x3942, 0x3142, 0x2901, 0x3142, 0x3122,
  0x6349, 0x8C8D, 0x848E, 0x6BEC, 0x7C2D, 0x9CAE, 0x848E, 0x7CAF, 0x7C6E, 0x8C8F, 0x948F, 0x742D,
  0x640C, 0x6BEC, 0x8C4E, 0x8C6E, 0x7C6F, 0x8CF0, 0x7C6D, 0x6C0D, 0x63ED, 0x6C2E, 0x94F0, 0x7C0C,
  0x4226, 0x52C8, 0x4287, 0x29E6, 0x3227, 0x3227, 0x3A88, 0x2A29, 0x2208, 0x3248, 0x3227, 0x29E7,
  0x21E7, 0x21C6, 0x29C6, 0x2184, 0x31C5, 0x1923, 0x1944, 0x1984, 0x19A5, 0x1985, 0x29C5, 0x21C5,
  0x19A5, 0x21C5, 0x21C6, 0x21E6, 0x2A06, 0x2206, 0x2A06, 0x2A26, 0x2A46, 0x2A47, 0x2A06, 0x4287,
  0x2A26, 0x2A47, 0x2A67, 0x2A47, 0x3267, 0x3267, 0x3287, 0x32A8, 0x3AE9, 0x3AE9, 0x3AE9, 0x3AE9,
  0x430A, 0x3AC8, 0x5B6A, 0x63AB, 0x3AE8, 0x4309, 0x4329, 0x4309, 0x4329, 0x4329, 0x4309, 0x4329,
  0x4329, 0x4329, 0x4309, 0x4309, 0x4329, 0x3AE8, 0x6BAB, 0x63CC, 0x32E9, 0x3AE9, 0x3AE9, 0x3B09,
  0x3AE8, 0x3AE9, 0x3AE9, 0x32C8, 0x3AE9, 0x3AE9, 0x4309, 0x3AE9, 0x4309, 0x4309, 0x4B09, 0x740C,
  0x434A, 0x3B2A, 0x3B2A, 0x3B09, 0x3B09, 0x3B0A, 0x3B2A, 0x3B0A, 0x3B0A, 0x3B2A, 0x3B0A, 0x3B09,
  0x3B0A, 0x432A, 0x3B09, 0x73CC, 0x4B4A, 0x3B09, 0x434A, 0x432A, 0x432A, 0x432A, 0x434B, 0x432A,
  0x4329, 0x434A, 0x432A, 0x434B, 0x434A, 0x4B4A, 0x32A8, 0x638A, 0x63EC, 0x432A, 0x434A, 0x432A,
  0x432A, 0x432A, 0x434A, 0x432A, 0x434A, 0x432A, 0x432A, 0x432A, 0x434A, 0x434A, 0x3AC8, 0x844D,
  0x53AB, 0x4B2A, 0x4B4A, 0x432A, 0x4B2A, 0x4B4A, 0x4B4A, 0x432A, 0x432A, 0x4B4A, 0x432A, 0x4B4A,
  0x4B4A, 0x4B4A, 0x3AA8, 0x740C, 0x4B4A, 0x432A, 0x3B09, 0x434A, 0x432A, 0x434A, 0x434A, 0x3B0A,
  0x432A, 0x3B2A, 0x3B29, 0x432A, 0x432A, 0x3AC8, 0x3183, 0x4142, 0x7284, 0x9B86, 0x8AE4, 0x7264,
  0x59E3, 0x51E3, 0x51E3, 0x3122, 0x5205, 0x49C3, 0x4183, 0x4182, 0x39A4, 0x18C1, 0x4182, 0x7AA4,
  0x7283, 0x9345, 0xA386, 0xABE7, 0xC4EA, 0xC50C, 0xB448, 0xA3A6, 0xA3A6, 0x9324, 0x8B25, 0x8B26,
  0x6A43, 0x51E3, 0x4182, 0x3962, 0x41C4, 0x18E1, 0x2922, 0x3101, 0x3142, 0x3942, 0x3962, 0x2901,
  0x3142, 0x3942, 0x3142, 0x3122, 0x3142, 0x3122, 0x3142, 0x2901, 0x3142, 0x2901, 0x3122, 0x3122,
  0x740D, 0x842C, 0x9D10, 0x846E, 0x844E, 0x846E, 0x7C6F, 0x6C2D, 0x84AF, 0x844E, 0x7C6E, 0x7C4E,
  0x7C2E, 0x846E, 0x846E, 0x6C4E, 0x6C2D, 0x846E, 0x9D11, 0x848F, 0x7C4E, 0x9CF0, 0x7BCA, 0x5B29,
  0x3A68, 0x42A8, 0x42A8, 0x3207, 0x3227, 0x3A48, 0x3A48, 0x2A29, 0x21C7, 0x3228, 0x3228, 0x29E7,
  0x21C6, 0x29C6, 0x21A6, 0x2185, 0x2964, 0x1943, 0x1184, 0x1985, 0x1985, 0x2184, 0x29E5, 0x21A5,
  0x21C5, 0x21E6, 0x21E6, 0x21E6, 0x2A06, 0x2206, 0x2A06, 0x2A26, 0x2A26, 0x2A26, 0x3A67, 0x3A88,
  0x2A06, 0x2A47, 0x2A47, 0x3287, 0x3267, 0x3287, 0x3AC8, 0x3AE9, 0x3AE9, 0x3AE9, 0x3AE9, 0x3AE9,
  0x434A, 0x3AA8, 0x638B, 0x4B49, 0x4309, 0x4309, 0x432A, 0x4329, 0x434A, 0x4329, 0x4309, 0x4309,
  0x4309, 0x4329, 0x4309, 0x42E9, 0x4309, 0x3AC8, 0x73CB, 0x4B29, 0x3309, 0x3B09, 0x3AE9, 0x3AE8,
  0x32C8, 0x3AE8, 0x3B09, 0x3AE8, 0x3AC8, 0x3AE9, 0x3AE9, 0x3B09, 0x4309, 0x3AC8, 0x5329, 0x63AB,
  0x3B09, 0x3B2A, 0x3B2A, 0x3B0A, 0x3B09, 0x3B09, 0x3B0A, 0x3B2A, 0x3B2A, 0x3B09, 0x3B09, 0x3B09,
  0x3AE9, 0x3B29, 0x42E9, 0x73CB, 0x432A, 0x3B09, 0x434A, 0x434A, 0x3B0A, 0x432A, 0x432A, 0x432A,
  0x434A, 0x434A, 0x4B4A, 0x432A, 0x432A, 0x4B4A, 0x32A8, 0x6369, 0x5BEC, 0x432A, 0x432A, 0x434A,
  0x4B2A, 0x432A, 0x434A, 0x432A, 0x434A, 0x432A, 0x432A, 0x4329, 0x432A, 0x434A, 0x42E9, 0x7C0C,
  0x5BCC, 0x432A, 0x4B4A, 0x4B4A, 0x4B2A, 0x432A, 0x4B2A, 0x4B2A, 0x4B2A, 0x432A, 0x432A, 0x4B4A,
  0x434A, 0x432A, 0x42E9, 0x73EC, 0x538B, 0x432A, 0x432A, 0x434A, 0x434A, 0x434A, 0x434A, 0x432A,
  0x434A, 0x3B2A, 0x432A, 0x4329, 0x3B29, 0x3B09, 0x3183, 0x5204, 0x3942, 0x6A64, 0x7AE5, 0x6A64,
  0x51E2, 0x51C2, 0x51E3, 0x2902, 0x49E4, 0x49E3, 0x49A3, 0x4182, 0x41C4, 0x18E2, 0x3942, 0x7AA4,
  0x6A43, 0x8B05, 0x9B86, 0xA3C6, 0xBC89, 0xCD4C, 0xBCAA, 0xA3C6, 0xA3A6, 0x9B86, 0x8B04, 0x9346,
  0x72A4, 0x5A23, 0x41A2, 0x3942, 0x41C4, 0x2922, 0x2102, 0x2922, 0x3142, 0x3942, 0x3962, 0x2901,
  0x2902, 0x3962, 0x3942, 0x3121, 0x3121, 0x3942, 0x3942, 0x3122, 0x3122, 0x3122, 0x2922, 0x2922,
  0x94AF, 0x9CCF, 0x844D, 0x740E, 0x6C2E, 0x744E, 0x7C6E, 0x7C6F, 0x742E, 0x7C8F, 0x742D, 0x7C2D,
  0x848F, 0x742D, 0x94AF, 0x8C8F, 0x7C2E, 0x640E, 0x6C2E, 0xAD71, 0x948D, 0x6B28, 0x5B09, 0x42A8,
  0x3228, 0x4AC9, 0x4288, 0x3207, 0x3228, 0x3A69, 0x31E8, 0x2A29, 0x21E8, 0x3A49, 0x2A08, 0x2A08,
  0x29C6, 0x21A5, 0x2185, 0x2164, 0x1923, 0x1964, 0x1985, 0x19A5, 0x1985, 0x29C5, 0x21C6, 0x21A5,
  0x21C5, 0x2A06, 0x21E6, 0x21E6, 0x2206, 0x2A06, 0x2A06, 0x2A05, 0x2A47, 0x2A06, 0x4287, 0x3267,
  0x2A26, 0x2A47, 0x3267, 0x2A67, 0x3AA8, 0x4309, 0x3AC9, 0x3AE9, 0x430A, 0x3B0A, 0x32C9, 0x432A,
  0x432A, 0x4AC9, 0x6BEC, 0x4309, 0x3AE8, 0x3AE9, 0x4329, 0x4309, 0x4329, 0x4329, 0x4309, 0x4309,
  0x4309, 0x4329, 0x4329, 0x4329, 0x3AE9, 0x42A8, 0x63AB, 0x4309, 0x3AE9, 0x3B09, 0x3AE9, 0x3AE9,
  0x3B09, 0x3AE9, 0x3B09, 0x32C8, 0x3AE9, 0x3AE9, 0x3AE9, 0x3AE9, 0x4309, 0x3AC8, 0x636A, 0x5BAB,
  0x3B29, 0x3B0A, 0x3B0A, 0x3B09, 0x430A, 0x3B09, 0x3B0A, 0x3B2A, 0x3B0A, 0x3B09, 0x3B09, 0x3B0A,
  0x3B09, 0x3B09, 0x42C8, 0x740C, 0x434A, 0x432A, 0x434A, 0x434A, 0x432A, 0x434A, 0x432A, 0x432A,
  0x432A, 0x432A, 0x4B4A, 0x4B4A, 0x4B4B, 0x4B4A, 0x3AC9, 0x6BAB, 0x5BAB, 0x4329, 0x432A, 0x432A,
  0x432A, 0x432A, 0x434A, 0x432A, 0x432A, 0x432A, 0x434A, 0x4B4A, 0x432A, 0x434A, 0x42E9, 0x844D,
  0x5BCC, 0x430A, 0x434A, 0x4B2A, 0x4B2A, 0x432A, 0x432A, 0x4B2A, 0x4309, 0x432A, 0x4B4A, 0x432A,
  0x4B4A, 0x4B4B, 0x3AA8, 0x6BAB, 0x53AC, 0x3B09, 0x432A, 0x4309, 0x434A, 0x434A, 0x432A, 0x434A,
  0x432A, 0x3B2A, 0x3B2A, 0x432A, 0x3B2A, 0x3AEA, 0x2962, 0x51E3, 0x6284, 0x4121, 0x3101, 0x3122,
  0x4183, 0x4183, 0x3101, 0x1060, 0x49E4, 0x49C3, 0x49A3, 0x41A2, 0x41C4, 0x2102, 0x18A0, 0x7284,
  0x72A4, 0x8305, 0x9B65, 0xA3C6, 0xBC89, 0xCD2C, 0xBCCA, 0xA3C6, 0xA3A6, 0x9B86, 0x82C4, 0x8B25,
  0x7AC4, 0x6243, 0x49C3, 0x3962, 0x41A3, 0x2943, 0x18C1, 0x3122, 0x3122, 0x3962, 0x3942, 0x3122,
  0x28E1, 0x3962, 0x3142, 0x3121, 0x3142, 0x3101, 0x3142, 0x3142, 0x3122, 0x3122, 0x2921, 0x2901,
  0x744E, 0x848F, 0x8CD0, 0x742E, 0x742E, 0x6C2E, 0x6C2E, 0x7C6F, 0x8CAF, 0x8CB0, 0x8CAF, 0x844D,
  0x7C6F, 0x6C2E, 0x7C4E, 0x94CF, 0x7C8F, 0x846E, 0x9CF0, 0x7BCB, 0x5AC7, 0x5B09, 0x3A88, 0x3289,
  0x3227, 0x4AC8, 0x4288, 0x2A06, 0x3A69, 0x2A08, 0x29E7, 0x2229, 0x29E7, 0x3A48, 0x29E7, 0x2A07,
  0x2A07, 0x21A5, 0x21A5, 0x1924, 0x1944, 0x1965, 0x21A5, 0x21C5, 0x21A5, 0x31E5, 0x21C5, 0x21E5,
  0x29E5, 0x2206, 0x21E6, 0x2A06, 0x2A06, 0x2A26, 0x2A06, 0x2A06, 0x2A27, 0x3206, 0x4288, 0x2A26,
  0x2A47, 0x2A47, 0x2A67, 0x32A8, 0x3B09, 0x432A, 0x3AE9, 0x3AE9, 0x3B0A, 0x3B09, 0x3B09, 0x432A,
  0x3B09, 0x5B4A, 0x63AB, 0x3B09, 0x4309, 0x4309, 0x4329, 0x4309, 0x4309, 0x4309, 0x3AE9, 0x432A,
  0x4309, 0x4309, 0x432A, 0x434A, 0x32A8, 0x52E9, 0x6C0C, 0x3B09, 0x4309, 0x3B09, 0x3AE8, 0x32C8,
  0x3AE9, 0x3B09, 0x3AE9, 0x32C8, 0x3AE9, 0x3AE9, 0x3AC9, 0x3AE9, 0x432A, 0x32A8, 0x7C2C, 0x53AB,
  0x3B2A, 0x3B09, 0x3B09, 0x3B09, 0x432A, 0x3B0A, 0x3B09, 0x3B2A, 0x3B09, 0x3B09, 0x3B09, 0x3B09,
  0x432A, 0x32C8, 0x532A, 0x7C4D, 0x434A, 0x432A, 0x432A, 0x3B0A, 0x432A, 0x432A, 0x432A, 0x432A,
  0x4309, 0x432A, 0x432A, 0x4B4A, 0x434A, 0x4B4A, 0x3AC9, 0x7BEC, 0x538B, 0x432A, 0x434A, 0x434A,
  0x432A, 0x432A, 0x432A, 0x434A, 0x432A, 0x432A, 0x434A, 0x432A, 0x432A, 0x434A, 0x42E9, 0x842D,
  0x5BAC, 0x432A, 0x4329, 0x432A, 0x4B4A, 0x4B4B, 0x4B4A, 0x430A, 0x4309, 0x434A, 0x432A, 0x432A,
  0x432A, 0x4B6B, 0x3AC9, 0x6BAB, 0x538B, 0x434A, 0x434A, 0x432A, 0x434A, 0x432A, 0x434A, 0x432A,
  0x3B09, 0x432A, 0x430A, 0x434A, 0x3B09, 0x3B09, 0x31E6, 0x49A2, 0x7AC5, 0x5A24, 0x41A3, 0x3121,
  0x3142, 0x2901, 0x20C0, 0x1081, 0x5A87, 0x49E3, 0x49C3, 0x49C3, 0x41C4, 0x18E2, 0x18A1, 0x6A63,
  0x7AC4, 0x82E4, 0x9345, 0xABE6, 0xB428, 0xC4EB, 0xC4CA, 0xAC07, 0xA3A6, 0xA3A6, 0x82C4, 0x8B25,
  0x8B25, 0x6A64, 0x51C2, 0x3982, 0x4183, 0x39A4, 0x18C1, 0x2922, 0x2901, 0x3942, 0x3122, 0x3122,
  0x28E1, 0x3142, 0x3142, 0x3122, 0x3122, 0x3122, 0x3142, 0x3942, 0x3942, 0x3121, 0x3121, 0x3122,
  0x7C8F, 0x746F, 0x744E, 0x848F, 0x7C4E, 0x7C4E, 0x7C8F, 0x94F0, 0x94CF, 0x7C8F, 0x746E, 0x8CB0,
  0x8CD0, 0x7C6F, 0x5BCD, 0x742D, 0xA550, 0x8C2B, 0x7369, 0x52C8, 0x5B2A, 0x42A9, 0x3A88, 0x42A9,
  0x3268, 0x4AC8, 0x3A48, 0x3228, 0x2A09, 0x21E8, 0x2A28, 0x2A08, 0x3227, 0x3248, 0x2207, 0x3207,
  0x3207, 0x2185, 0x2185, 0x1123, 0x1964, 0x1984, 0x21C5, 0x19A5, 0x29A4, 0x29E6, 0x21C5, 0x2206,
  0x21E6, 0x21E5, 0x2A06, 0x2A06, 0x2A06, 0x2A26, 0x2A26, 0x2A47, 0x2A26, 0x3A47, 0x4287, 0x2A26,
  0x3247, 0x2A47, 0x3288, 0x3B09, 0x3B09, 0x3B0A, 0x3AE9, 0x3B0A, 0x3B0A, 0x3B0A, 0x4309, 0x4329,
  0x3AE9, 0x636A, 0x536A, 0x4309, 0x432A, 0x4329, 0x4329, 0x4309, 0x4309, 0x4329, 0x4309, 0x432A,
  0x432A, 0x4329, 0x432A, 0x432A, 0x3288, 0x5B29, 0x53AB, 0x3B09, 0x3B09, 0x4309, 0x4309, 0x3AE9,
  0x3AE9, 0x3B09, 0x3B09, 0x3AE9, 0x3B09, 0x3B09, 0x3AE9, 0x4309, 0x432A, 0x42E8, 0x73CC, 0x436A,
  0x3B0A, 0x3B2A, 0x3B0A, 0x3B0A, 0x432A, 0x3B0A, 0x3B0A, 0x3B0A, 0x3B0A, 0x3B0A, 0x3B09, 0x3B09,
  0x430A, 0x32C9, 0x4AE8, 0x740D, 0x3B4A, 0x432A, 0x434B, 0x3B0A, 0x432A, 0x432A, 0x3B0A, 0x434A,
  0x432A, 0x432A, 0x434A, 0x4B4A, 0x4B2A, 0x432A, 0x3AC8, 0x6BAB, 0x4B6B, 0x432A, 0x434A, 0x432A,
  0x432A, 0x432A, 0x432A, 0x432A, 0x432A, 0x432A, 0x432A, 0x432A, 0x434A, 0x434A, 0x3AE9, 0x844D,
  0x5BAC, 0x430A, 0x432A, 0x4B4A, 0x432A, 0x4B4A, 0x432A, 0x432A, 0x4B4B, 0x432A, 0x432A, 0x432A,
  0x432A, 0x4B6B, 0x4309, 0x6BCB, 0x5BAA, 0x3B2A, 0x432A, 0x432A, 0x434A, 0x432A, 0x434A, 0x432A,
  0x432A, 0x432A, 0x432A, 0x430A, 0x4309, 0x4B2A, 0x3206, 0x4182, 0x6A84, 0x6224, 0x5A03, 0x6224,
  0x51C3, 0x3962, 0x3962, 0x2902, 0x5A87, 0x5204, 0x51E3, 0x49C3, 0x41C5, 0x1902, 0x2900, 0x51E3,
  0x7AC4, 0x7A84, 0x9345, 0xA385, 0xA3E7, 0xC4CB, 0xC4EB, 0xB448, 0xA386, 0xA3A6, 0x9325, 0x8B24,
  0x8B25, 0x72A4, 0x59E3, 0x4182, 0x3962, 0x41C4, 0x20E2, 0x2102, 0x2901, 0x3122, 0x3142, 0x3142,
  0x2902, 0x2902, 0x3122, 0x3142, 0x3122, 0x3142, 0x3122, 0x3121, 0x3142, 0x3942, 0x3142, 0x3942,
  0x744F, 0x746F, 0x742D, 0x94F0, 0x8CCF, 0x94CF, 0x8C8E, 0x84AF, 0x7C8F, 0x742E, 0x7C70, 0x84B0,
  0x7C8E, 0x8CD0, 0x9D31, 0x9CCF, 0x7369, 0x6308, 0x636B, 0x4AC9, 0x5B4A, 0x42E9, 0x4289, 0x42A8,
  0x3247, 0x4246, 0x3A69, 0x2208, 0x2209, 0x21E8, 0x29E7, 0x3228, 0x3207, 0x3227, 0x2A07, 0x29A5,
  0x29E6, 0x2185, 0x1964, 0x1944, 0x1164, 0x1984, 0x19C5, 0x19A5, 0x3206, 0x21E5, 0x21E5, 0x21E6,
  0x21E5, 0x21E6, 0x21E6, 0x2206, 0x2A26, 0x2A26, 0x2A27, 0x2A47, 0x2A26, 0x42A8, 0x3246, 0x2A26,
  0x2A46, 0x3287, 0x4309, 0x4309, 0x4309, 0x3B09, 0x4309, 0x3B09, 0x3B09, 0x4329, 0x3B2A, 0x3B2A,
  0x42E9, 0x73EC, 0x4329, 0x430A, 0x4309, 0x430A, 0x432A, 0x432A, 0x4309, 0x4309, 0x4329, 0x3B09,
  0x4329, 0x4329, 0x4329, 0x4329, 0x3287, 0x636A, 0x4B29, 0x3AE9, 0x3AE8, 0x3B09, 0x3AE9, 0x3B09,
  0x3AE9, 0x3AE9, 0x3AE8, 0x3B09, 0x3B09, 0x3AE9, 0x4329, 0x4309, 0x3B09, 0x4AE9, 0x6BCC, 0x3B08,
  0x3AEA, 0x432A, 0x432A, 0x3B0A, 0x3B0A, 0x3B0A, 0x3B0A, 0x3AE9, 0x3B0A, 0x3B0A, 0x3B0A, 0x3B09,
  0x3B0A, 0x32C9, 0x5B8A, 0x63EC, 0x3B4A, 0x434A, 0x432A, 0x432A, 0x432A, 0x432A, 0x432A, 0x434A,
  0x434A, 0x434A, 0x432A, 0x4309, 0x430A, 0x4B6B, 0x3AA7, 0x638B, 0x4B4A, 0x432A, 0x432A, 0x432A,
  0x432A, 0x432A, 0x432A, 0x432A, 0x432A, 0x4B2A, 0x432A, 0x432A, 0x432A, 0x4B6B, 0x3AC9, 0x7C2D,
  0x5BAB, 0x432A, 0x432A, 0x434A, 0x4B4A, 0x4B4A, 0x4B2A, 0x3AE9, 0x432A, 0x432A, 0x4B4A, 0x4B2A,
  0x4B4A, 0x4B6B, 0x3B09, 0x5309, 0x63CC, 0x3B2A, 0x432A, 0x432A, 0x432A, 0x432A, 0x432A, 0x432A,
  0x432A, 0x432A, 0x432A, 0x430A, 0x4309, 0x432A, 0x3A47, 0x41A3, 0x72A4, 0x6223, 0x5A23, 0x6244,
  0x51E3, 0x4182, 0x49A3, 0x3142, 0x6287, 0x49E3, 0x49C3, 0x49C3, 0x41C4, 0x2122, 0x3983, 0x3962,
  0x7AE5, 0x7AA4, 0x8B25, 0x9B65, 0xA3E7, 0xBCAA, 0xC4EA, 0xBC89, 0xABC6, 0xA3A6, 0x9B65, 0x8B04,
  0x8B25, 0x7AC5, 0x6223, 0x49A2, 0x3942, 0x41C4, 0x2902, 0x20C1, 0x3122, 0x2921, 0x3142, 0x3142,
  0x3122, 0x2902, 0x3142, 0x3121, 0x3122, 0x3142, 0x3122, 0x3122, 0x3122, 0x3142, 0x3142, 0x3942,
  0x848F, 0x8CD0, 0x8CCF, 0x8CAF, 0x848F, 0x8CD0, 0x746F, 0x6C4E, 0x8CD0, 0x848E, 0x744F, 0x84AF,
  0xA551, 0xAD30, 0x8C0B, 0x5AC7, 0x5B29, 0x534B, 0x42C9, 0x4288, 0x634A, 0x42E9, 0x3AA9, 0x3A88,
  0x3226, 0x52C8, 0x3249, 0x2209, 0x220A, 0x2A08, 0x29E6, 0x3248, 0x29E7, 0x3227, 0x2A07, 0x31E6,
  0x29A5, 0x2184, 0x1123, 0x1964, 0x1984, 0x19A5, 0x21C5, 0x21A4, 0x3A26, 0x21E6, 0x21C5, 0x21E6,
  0x21E5, 0x21E5, 0x21E5, 0x2A26, 0x2A26, 0x2A26, 0x2A47, 0x2A47, 0x3205, 0x4AE9, 0x3247, 0x2A47,
  0x2A88, 0x3AE9, 0x32E9, 0x3AE9, 0x430A, 0x3B0A, 0x3B0A, 0x3B2A, 0x3B0A, 0x434A, 0x432A, 0x3B0A,
  0x4B09, 0x742D, 0x4B2A, 0x3B09, 0x434A, 0x434A, 0x3B09, 0x4329, 0x4309, 0x4309, 0x432A, 0x4329,
  0x4309, 0x4329, 0x3B2A, 0x3B09, 0x42C8, 0x7C4E, 0x432A, 0x3AE9, 0x432A, 0x432A, 0x3B09, 0x3B2A,
  0x3B09, 0x3B09, 0x432A, 0x432A, 0x3B09, 0x3AE9, 0x3B2A, 0x434A, 0x3309, 0x534A, 0x63CC, 0x32E8,
  0x3309, 0x3B2A, 0x3B2A, 0x3B2A, 0x3B2A, 0x3B2A, 0x3B09, 0x3309, 0x3309, 0x3B09, 0x3B2A, 0x3B29,
  0x3B09, 0x32A8, 0x63AA, 0x63AB, 0x434A, 0x434B, 0x3B2A, 0x3B2A, 0x434B, 0x432A, 0x434A, 0x432A,
  0x434B, 0x432B, 0x430A, 0x3B09, 0x3B09, 0x434A, 0x3AC8, 0x6BEC, 0x53AB, 0x4349, 0x434A, 0x434A,
  0x434A, 0x432A, 0x434A, 0x434A, 0x434A, 0x4B4A, 0x434A, 0x434A, 0x434A, 0x4B6B, 0x3AC8, 0x73EB,
  0x63CC, 0x3B09, 0x4B2A, 0x4B4A, 0x432A, 0x432A, 0x434A, 0x3B0A, 0x434B, 0x432A, 0x432A, 0x432A,
  0x434B, 0x436B, 0x3B0A, 0x4B08, 0x6C0C, 0x432A, 0x4309, 0x432A, 0x432A, 0x432A, 0x432A, 0x432A,
  0x434A, 0x432A, 0x4B2A, 0x4B2A, 0x432A, 0x432A, 0x3A88, 0x3141, 0x7284, 0x6A44, 0x6223, 0x7284,
  0x5A03, 0x49A3, 0x51C3, 0x3962, 0x6286, 0x49E3, 0x49C3, 0x41A3, 0x41E4, 0x20E2, 0x3983, 0x3121,
  0x72A4, 0x7283, 0x8B05, 0x9B65, 0xA3C6, 0xB468, 0xCD4C, 0xBCCA, 0xABE7, 0xA3A6, 0x9B65, 0x9345,
  0x9325, 0x82E5, 0x6A64, 0x51E3, 0x3962, 0x41A3, 0x3983, 0x18C1, 0x2902, 0x3122, 0x3142, 0x3142,
  0x3142, 0x2902, 0x3142, 0x3121, 0x3122, 0x3122, 0x3122, 0x2922, 0x3122, 0x3122, 0x3142, 0x3142,
  0x844E, 0x848F, 0x848E, 0x7C4E, 0x7C8F, 0x8CB0, 0x8CAF, 0x6C2E, 0x746F, 0x9510, 0xAD71, 0xA530,
  0x83EC, 0x5AE9, 0x4AA8, 0x636B, 0x42C9, 0x3AC9, 0x4B0A, 0x42A8, 0x5B2A, 0x42C9, 0x3A68, 0x3A47,
  0x3A68, 0x52E9, 0x326A, 0x2229, 0x222A, 0x29E7, 0x3A47, 0x3248, 0x29E7, 0x3227, 0x3206, 0x29E5,
  0x29A5, 0x1923, 0x1944, 0x29C5, 0x29C5, 0x29E6, 0x29C5, 0x31C5, 0x3A26, 0x2A06, 0x3227, 0x3227,
  0x3A67, 0x3A67, 0x3246, 0x3A67, 0x3267, 0x3267, 0x3287, 0x3226, 0x4246, 0x4AC8, 0x3A88, 0x3AA8,
  0x4B29, 0x534A, 0x5B8B, 0x4B29, 0x5B8B, 0x5BAB, 0x536A, 0x5B8A, 0x5B8B, 0x5B8A, 0x536A, 0x42A8,
  0x5B09, 0x63AB, 0x536B, 0x5B6B, 0x638B, 0x63AB, 0x6BCC, 0x5B8B, 0x638A, 0x63AA, 0x638A, 0x638A,
  0x63AA, 0x5B6A, 0x534A, 0x4AE9, 0x52E7, 0x844D, 0x5B8B, 0x5349, 0x63AA, 0x63CB, 0x638B, 0x5B8A,
  0x63AB, 0x5B6A, 0x5B6A, 0x5B6A, 0x5B8B, 0x5349, 0x4B29, 0x5B8B, 0x42C8, 0x6B4A, 0x5B4A, 0x4309,
  0x4B09, 0x4B2A, 0x532A, 0x4B09, 0x534A, 0x4B29, 0x42E9, 0x4B09, 0x4B2A, 0x4B2A, 0x4B2A, 0x4B09,
  0x4B2A, 0x3A87, 0x6B8A, 0x63AB, 0x4B6A, 0x536A, 0x536A, 0x536A, 0x534A, 0x534A, 0x5B8B, 0x534A,
  0x534A, 0x5B6A, 0x5B6A, 0x5329, 0x532A, 0x4AE9, 0x42A7, 0x738B, 0x534A, 0x532A, 0x4B2A, 0x4B09,
  0x5B6B, 0x534A, 0x4B2A, 0x534A, 0x5329, 0x5329, 0x532A, 0x532A, 0x534A, 0x4B0A, 0x3A67, 0x73CB,
  0x536A, 0x4B4A, 0x534A, 0x4B4A, 0x5349, 0x534A, 0x5349, 0x4B29, 0x536A, 0x534A, 0x534A, 0x5329,
  0x4B29, 0x536A, 0x32A8, 0x5B29, 0x6BCB, 0x42E9, 0x4B4A, 0x534A, 0x4B29, 0x42C9, 0x4B09, 0x4B2A,
  0x432A, 0x4B29, 0x4B29, 0x4B09, 0x4B09, 0x42C8, 0x3A68, 0x3142, 0x6223, 0x6A64, 0x6223, 0x6A64,
  0x51E3, 0x49A2, 0x5A03, 0x3942, 0x6266, 0x5204, 0x49A2, 0x4183, 0x41E4, 0x20E2, 0x41A3, 0x3942,
  0x6244, 0x7284, 0x7AC4, 0x9345, 0xA3C6, 0xAC07, 0xCD4C, 0xC4EA, 0xAC28, 0xA3A6, 0xA386, 0x9B85,
  0x8B05, 0x82E4, 0x72A3, 0x5A03, 0x3962, 0x3962, 0x41C4, 0x20E1, 0x2902, 0x2901, 0x3142, 0x3962,
  0x3942, 0x2902, 0x3122, 0x3122, 0x3122, 0x3122, 0x3122, 0x2922, 0x2922, 0x2901, 0x3122, 0x3142,
  0x744F, 0x6C2E, 0x8CD0, 0x8CD0, 0x744F, 0x742E, 0x94F0, 0x94F0, 0x9D30, 0x946D, 0x7349, 0x5B09,
  0x636B, 0x5309, 0x42A9, 0x530A, 0x42C9, 0x42CA, 0x4B0A, 0x4AC9, 0x5B2A, 0x3A68, 0x4248, 0x4AEA,
  0x21E7, 0x42A9, 0x3269, 0x2209, 0x2A09, 0x3248, 0x3247, 0x2A28, 0x2A07, 0x3206, 0x31E6, 0x29C5,
  0x29A5, 0x1923, 0x29A5, 0x29C5, 0x29C5, 0x29E6, 0x29A4, 0x4246, 0x31E5, 0x31E6, 0x3206, 0x3206,
  0x3A47, 0x3A26, 0x3A26, 0x3A47, 0x3226, 0x3A67, 0x3246, 0x3A26, 0x6309, 0x4246, 0x3227, 0x4AC8,
  0x4AC8, 0x4B09, 0x534A, 0x4AE8, 0x5329, 0x5329, 0x5B4A, 0x5329, 0x5B4A, 0x4AE8, 0x4AC7, 0x4AA8,
  0x8C6D, 0x5B6A, 0x4B09, 0x638A, 0x5B4A, 0x634A, 0x5B4A, 0x5B4A, 0x5B4A, 0x636A, 0x63AB, 0x638A,
  0x5B6A, 0x5B29, 0x5B49, 0x5329, 0x8C4C, 0x73EC, 0x4B09, 0x534A, 0x5308, 0x5349, 0x5B6A, 0x5329,
  0x5B49, 0x5329, 0x5B6A, 0x5349, 0x5B69, 0x5349, 0x5329, 0x5B6A, 0x5B29, 0x944D, 0x636A, 0x5B6B,
  0x638B, 0x5B4A, 0x6BCB, 0x6BCC, 0x63AB, 0x638A, 0x638B, 0x5B6A, 0x638B, 0x638A, 0x5B6A, 0x5B6A,
  0x5B4A, 0x52E8, 0x948D, 0x638A, 0x4B29, 0x4B08, 0x4B09, 0x532A, 0x4AE8, 0x5329, 0x534A, 0x534A,
  0x534A, 0x5309, 0x5329, 0x5329, 0x5329, 0x4B09, 0x5B29, 0x946E, 0x5329, 0x5329, 0x5B6A, 0x5B6A,
  0x638A, 0x638A, 0x638A, 0x5B6A, 0x63AB, 0x638A, 0x638A, 0x638B, 0x5B6A, 0x5B4A, 0x5309, 0x946D,
  0x5B49, 0x4B29, 0x5B6A, 0x534A, 0x4AE8, 0x5B4A, 0x5B49, 0x5329, 0x5B4A, 0x5B8A, 0x5B4A, 0x5B49,
  0x5308, 0x5309, 0x42C8, 0x7BCB, 0x73CB, 0x42C8, 0x5349, 0x4AE9, 0x534A, 0x4AE9, 0x4AE9, 0x4AE9,
  0x4B2A, 0x5329, 0x42A7, 0x4AC8, 0x42A8, 0x42C8, 0x3A48, 0x3163, 0x5A03, 0x6A85, 0x5A03, 0x6A64,
  0x51E3, 0x49C3, 0x5A23, 0x3962, 0x6286, 0x5204, 0x49C3, 0x49A3, 0x4A05, 0x2943, 0x41A2, 0x4162,
  0x51C3, 0x7AC5, 0x7263, 0x9325, 0xA3A6, 0xA3E6, 0xBCAA, 0xC50B, 0xB469, 0xA3C6, 0x9B86, 0x9B85,
  0x8AE4, 0x9325, 0x7AC4, 0x5A03, 0x41A3, 0x3942, 0x41E4, 0x2102, 0x20C1, 0x3122, 0x3121, 0x3942,
  0x3942, 0x2902, 0x28E1, 0x3142, 0x3102, 0x3101, 0x3122, 0x2922, 0x3122, 0x3122, 0x3122, 0x2901,
  0x7C70, 0x6C2F, 0x744E, 0x94F0, 0x94F0, 0x9D10, 0xA4EF, 0x8C2C, 0x6B08, 0x5AE8, 0x632A, 0x5B2A,
  0x4B2A, 0x3AA9, 0x4288, 0x532A, 0x4AC9, 0x42EA, 0x4B0A, 0x42C9, 0x3A46, 0x52A9, 0x4AEB, 0x2A6A,
  0x21E7, 0x4AC9, 0x326A, 0x2229, 0x2A08, 0x4268, 0x3227, 0x2A29, 0x21E7, 0x31E6, 0x29E6, 0x29E6,
  0x1944, 0x1123, 0x1985, 0x1984, 0x19A4, 0x19A5, 0x2164, 0x31E5, 0x19A5, 0x19A5, 0x21C6, 0x2A06,
  0x21E6, 0x21C5, 0x2A47, 0x3246, 0x2A46, 0x2A46, 0x2A46, 0x2A05, 0x52C8, 0x2A46, 0x2A67, 0x3AE8,
  0x3AE9, 0x3B0A, 0x3AE9, 0x3B09, 0x3AC9, 0x32A8, 0x3AE8, 0x3B09, 0x32E9, 0x3B09, 0x3B09, 0x4288,
  0x7BEC, 0x53AB, 0x430A, 0x4B2A, 0x4B4A, 0x4B29, 0x4309, 0x4B4A, 0x4B4A, 0x4309, 0x4B2A, 0x4B4A,
  0x432A, 0x4329, 0x432A, 0x3AA8, 0x6BAA, 0x5BAB, 0x3B09, 0x3AE8, 0x3AC8, 0x3AE8, 0x3AC8, 0x3AE8,
  0x3AE9, 0x3B09, 0x3B09, 0x3AE8, 0x3AC8, 0x4309, 0x4309, 0x432A, 0x3A88, 0x73AB, 0x5BAB, 0x432A,
  0x4B4A, 0x4B4A, 0x4B6A, 0x4B6A, 0x4B6A, 0x4B6A, 0x4B4A, 0x4B6A, 0x4B4A, 0x4B2A, 0x4B6A, 0x536B,
  0x4B4A, 0x3A88, 0x7C0C, 0x5BAC, 0x32E9, 0x32C9, 0x3AC9, 0x3AEA, 0x3AE9, 0x3309, 0x32E9, 0x3AE9,
  0x32E9, 0x32E9, 0x3AE9, 0x3AE9, 0x3B09, 0x3309, 0x3A87, 0x740C, 0x538B, 0x4329, 0x432A, 0x4B4A,
  0x4B2A, 0x4329, 0x4B4A, 0x4B4A, 0x432A, 0x4B4A, 0x4B4A, 0x4B4A, 0x434A, 0x4B6A, 0x3AA8, 0x6BAB,
  0x53AB, 0x32E9, 0x3AE9, 0x3B09, 0x3AC9, 0x32A8, 0x3AC9, 0x32C9, 0x3AE9, 0x3AC8, 0x3AC8, 0x3AE9,
  0x3AC8, 0x3AE9, 0x32E9, 0x42C8, 0x6BCB, 0x432A, 0x3AC9, 0x3B09, 0x3AE9, 0x3B09, 0x3AE9, 0x3B09,
  0x3AE9, 0x3AC8, 0x3AE9, 0x3AE8, 0x3AC8, 0x3AE9, 0x32A8, 0x2983, 0x51E3, 0x6A64, 0x5A03, 0x6264,
  0x5A03, 0x49A2, 0x5A03, 0x4162, 0x6286, 0x5204, 0x51C3, 0x49A2, 0x4A25, 0x3163, 0x4182, 0x3942,
  0x49A3, 0x82E5, 0x6A63, 0x9324, 0x9B65, 0x9B86, 0xB468, 0xC50B, 0xBC89, 0xABE7, 0xA3A6, 0xA3A6,
  0x82E4, 0x9345, 0x8B05, 0x6A64, 0x49C3, 0x3942, 0x41A4, 0x3143, 0x18C1, 0x3122, 0x3121, 0x3142,
  0x3142, 0x3122, 0x20E1, 0x3122, 0x2901, 0x3121, 0x2902, 0x3122, 0x3122, 0x3122, 0x3122, 0x2901,
  0x8CD0, 0x9511, 0x9CF0, 0xA50F, 0x840C, 0x6B29, 0x62C8, 0x52E8, 0x4AA7, 0x5B4A, 0x42E9, 0x42A9,
  0x42CA, 0x42E9, 0x42A8, 0x4B2B, 0x4AEA, 0x4AEA, 0x42A8, 0x4267, 0x5309, 0x4ACB, 0x3A8A, 0x2A6A,
  0x2208, 0x52E9, 0x3A6B, 0x2A08, 0x3248, 0x3A68, 0x3247, 0x2A28, 0x29E7, 0x3206, 0x21A5, 0x29C6,
  0x1123, 0x1964, 0x1985, 0x21C6, 0x21E6, 0x19A5, 0x29C5, 0x3206, 0x19C5, 0x21E6, 0x2A06, 0x2A06,
  0x2206, 0x2A26, 0x2A67, 0x3267, 0x3267, 0x2A67, 0x2A47, 0x4AA7, 0x4AC8, 0x2A67, 0x3AE9, 0x4309,
  0x4309, 0x432A, 0x432A, 0x4309, 0x4309, 0x3AE9, 0x3B09, 0x4329, 0x432A, 0x434A, 0x3B09, 0x530A,
  0x7C4D, 0x4329, 0x4B4A, 0x4B2A, 0x536A, 0x4B4A, 0x536B, 0x538B, 0x536A, 0x536A, 0x4B6A, 0x536A,
  0x4B4A, 0x4B6A, 0x4B4A, 0x42C8, 0x7C4C, 0x4B6A, 0x4309, 0x4309, 0x3B08, 0x3B08, 0x4309, 0x4309,
  0x3B08, 0x4329, 0x4309, 0x4309, 0x42E8, 0x4329, 0x4B29, 0x4329, 0x42C8, 0x842D, 0x536A, 0x434A,
  0x4B6A, 0x4B6A, 0x4B4A, 0x536B, 0x538B, 0x4B4A, 0x538B, 0x536B, 0x536A, 0x4B6A, 0x536A, 0x536A,
  0x4B6B, 0x4B09, 0x846D, 0x4329, 0x3B09, 0x3B09, 0x3B0A, 0x430A, 0x3B0A, 0x3B2A, 0x3B09, 0x3B09,
  0x3B2A, 0x3B2A, 0x3B0A, 0x3B09, 0x432A, 0x3B2A, 0x42A8, 0x6BCB, 0x4B4A, 0x432A, 0x4B4A, 0x4B4A,
  0x4B4A, 0x4B4A, 0x4B4A, 0x4B4A, 0x4B4A, 0x4B4A, 0x4B4A, 0x4B6A, 0x4B4A, 0x4B6B, 0x3AE9, 0x73EC,
  0x53AB, 0x3B09, 0x3AE9, 0x3AE9, 0x3B09, 0x3B09, 0x3AE9, 0x3AE9, 0x3AE9, 0x3AE8, 0x3AE8, 0x3AE9,
  0x3B09, 0x4309, 0x3AE9, 0x532A, 0x73EC, 0x3B09, 0x3AE9, 0x3B09, 0x3B09, 0x3B09, 0x3B09, 0x4309,
  0x3B09, 0x3AE9, 0x3B09, 0x3AE9, 0x3AC8, 0x3AE8, 0x3AE9, 0x29A4, 0x4161, 0x7284, 0x6A44, 0x6223,
  0x51C2, 0x51C2, 0x5A24, 0x4163, 0x6286, 0x5204, 0x49A3, 0x4182, 0x4A05, 0x3163, 0x4162, 0x3962,
  0x3962, 0x7AA4, 0x6A63, 0x8AE4, 0x9345, 0x9B85, 0xB448, 0xCD0C, 0xBCCA, 0xAC07, 0xA386, 0xA3C7,
  0x8B05, 0x9325, 0x8B25, 0x7284, 0x51E3, 0x3962, 0x3983, 0x3984, 0x18C1, 0x2922, 0x2921, 0x3122,
  0x3942, 0x3142, 0x2901, 0x3122, 0x3122, 0x3121, 0x2922, 0x3102, 0x3142, 0x3122, 0x3122, 0x2901,
  0x9CCF, 0x8C6E, 0x6308, 0x5AA7, 0x6329, 0x5B09, 0x52C9, 0x42A9, 0x4288, 0x4AE9, 0x3AC9, 0x42C9,
  0x42CA, 0x42C9, 0x42E9, 0x4B0A, 0x42A9, 0x4268, 0x4AEA, 0x42C9, 0x5B2B, 0x32AC, 0x3AAB, 0x326A,
  0x2249, 0x532A, 0x3A48, 0x3268, 0x3248, 0x3A88, 0x3248, 0x2A07, 0x29E6, 0x3206, 0x21A5, 0x2164,
  0x1943, 0x1984, 0x19A5, 0x19C5, 0x21E6, 0x21A4, 0x3206, 0x21C5, 0x21E6, 0x2206, 0x2206, 0x2A26,
  0x2A26, 0x3267, 0x2A46, 0x3247, 0x2A67, 0x2A67, 0x2A26, 0x52E8, 0x42E8, 0x3B09, 0x3AE9, 0x4309,
  0x3B09, 0x3AE9, 0x3AE9, 0x4309, 0x3AE9, 0x4329, 0x432A, 0x4309, 0x4309, 0x432A, 0x3AE9, 0x5B6A,
  0x63CB, 0x4329, 0x4B4A, 0x4B4A, 0x4B6A, 0x4B6A, 0x536A, 0x4B4A, 0x4B4A, 0x536B, 0x4B29, 0x4B4A,
  0x4B2A, 0x4B4A, 0x4B4A, 0x4B09, 0x7C4D, 0x4309, 0x3B09, 0x3B09, 0x3AE8, 0x3AE8, 0x3AE8, 0x3AC8,
  0x3AE8, 0x4309, 0x3AE9, 0x3AE9, 0x4309, 0x3B08, 0x4309, 0x3B09, 0x5309, 0x7C2D, 0x4B6A, 0x4B6A,
  0x4B6A, 0x4B6B, 0x4B4A, 0x4B4A, 0x4B4A, 0x4B4A, 0x536A, 0x536B, 0x536B, 0x4B4A, 0x536B, 0x536A,
  0x4B4A, 0x534A, 0x7C4D, 0x3B09, 0x3AE9, 0x3B09, 0x3B09, 0x3B09, 0x3B0A, 0x432A, 0x3AE9, 0x3AE9,
  0x3B2A, 0x3B0A, 0x3B2A, 0x3B2A, 0x3B29, 0x3B0A, 0x5329, 0x7C2C, 0x432A, 0x4B4A, 0x4B4A, 0x4B4A,
  0x4B4A, 0x4B4A, 0x432A, 0x432A, 0x4B6B, 0x4B4A, 0x4B4A, 0x4B4A, 0x4B4A, 0x4B6A, 0x3AE9, 0x7C2D,
  0x5BCB, 0x32E9, 0x3AE9, 0x3AE9, 0x3AE9, 0x3AC8, 0x3AE9, 0x3AE9, 0x3AE9, 0x3AE8, 0x3AE8, 0x3AE8,
  0x3AE8, 0x3AE8, 0x3AE9, 0x42A7, 0x740C, 0x432A, 0x3AE9, 0x3B09, 0x3AE9, 0x3B09, 0x3B09, 0x3B09,
  0x4309, 0x3AE9, 0x3AE9, 0x3AE9, 0x3AE8, 0x3AC8, 0x4309, 0x3206, 0x3941, 0x7AC5, 0x6A64, 0x5A03,
  0x5A03, 0x51E3, 0x5A24, 0x3942, 0x5A86, 0x5204, 0x49A3, 0x4182, 0x49E4, 0x2943, 0x4182, 0x41A3,
  0x28E1, 0x6243, 0x82E5, 0x82C4, 0x9B66, 0x9B65, 0xABE6, 0xC4CA, 0xC4EB, 0xB468, 0xA3A6, 0xA3C6,
  0x9325, 0x82E4, 0x9365, 0x7AA4, 0x5A03, 0x3962, 0x3962, 0x41E5, 0x18C1, 0x2101, 0x2921, 0x3122,
  0x3962, 0x3142, 0x2922, 0x28E1, 0x3142, 0x3121, 0x3122, 0x3122, 0x3142, 0x3121, 0x2901, 0x3122,
  0x6308, 0x5B08, 0x5AE8, 0x52C9, 0x4AEA, 0x3267, 0x3227, 0x3288, 0x42A9, 0x530A, 0x42C9, 0x4AC9,
  0x42CA, 0x42CA, 0x3A88, 0x4A88, 0x4288, 0x530B, 0x4B0C, 0x3249, 0x4AEA, 0x3ACD, 0x3AAC, 0x326A,
  0x2A4A, 0x4A88, 0x3A47, 0x3268, 0x2A29, 0x3A68, 0x3247, 0x3207, 0x3206, 0x29E6, 0x21C6, 0x1943,
  0x1964, 0x19A5, 0x21C5, 0x21C5, 0x21E6, 0x29E5, 0x3247, 0x21E6, 0x2206, 0x2206, 0x2A06, 0x2A47,
  0x3267, 0x3267, 0x2A46, 0x3247, 0x3267, 0x3267, 0x3A67, 0x5B8A, 0x3B09, 0x3B09, 0x32E8, 0x3B09,
  0x3AE8, 0x3AE8, 0x3AE9, 0x3AE9, 0x3B09, 0x432A, 0x432A, 0x4329, 0x4329, 0x432A, 0x3AA8, 0x73CB,
  0x538B, 0x4B4A, 0x4B6A, 0x4B4A, 0x4B4A, 0x4B6A, 0x536A, 0x536A, 0x536A, 0x4B4A, 0x4B29, 0x4B4A,
  0x4B4A, 0x4B6A, 0x4B4B, 0x6369, 0x63CB, 0x3B09, 0x3AE9, 0x3AE8, 0x3B09, 0x3AE8, 0x3B09, 0x3AE8,
  0x3B09, 0x3B09, 0x4309, 0x4309, 0x4309, 0x4329, 0x432A, 0x32C8, 0x6BAA, 0x7C4D, 0x4B6A, 0x4B6A,
  0x536A, 0x4B4A, 0x4B4A, 0x4B4A, 0x4B4A, 0x4B4A, 0x538B, 0x536B, 0x536B, 0x536B, 0x536A, 0x536A,
  0x4B4B, 0x5B6A, 0x6BEB, 0x32E9, 0x3AE9, 0x3B09, 0x3B0A, 0x3B0A, 0x3B0A, 0x430A, 0x3B09, 0x3B09,
  0x3B0A, 0x3B0A, 0x3B2A, 0x432A, 0x3B2A, 0x3AE9, 0x5309, 0x73EB, 0x434A, 0x4B4A, 0x4B4A, 0x4B2A,
  0x4B4A, 0x4B4A, 0x4B6A, 0x4B6A, 0x4B6B, 0x4B6B, 0x4B4A, 0x4B4A, 0x4B4A, 0x4B6B, 0x42E9, 0x7C2D,
  0x5BCC, 0x32E8, 0x3AE9, 0x3AE9, 0x3AE8, 0x3AE8, 0x3AE8, 0x3AC8, 0x3AC8, 0x3AE8, 0x3AE8, 0x3AE8,
  0x32C8, 0x3AE8, 0x3AE9, 0x42A7, 0x740C, 0x432A, 0x3AE9, 0x3AE9, 0x3AE9, 0x3B09, 0x3B09, 0x3AE9,
  0x3B09, 0x3AE9, 0x3AE9, 0x3AE9, 0x3AE9, 0x3AC8, 0x4309, 0x3226, 0x3162, 0x6A84, 0x6A64, 0x5A03,
  0x6223, 0x59E3, 0x5A23, 0x3121, 0x5A86, 0x5A44, 0x51E3, 0x4182, 0x49E5, 0x2922, 0x4182, 0x3983,
  0x3122, 0x6244, 0x82E5, 0x7283, 0x9B65, 0xA386, 0xA3A6, 0xBCAA, 0xC50B, 0xB469, 0xA3C6, 0x9B65,
  0x9366, 0x82C3, 0x9345, 0x7AC4, 0x6243, 0x4182, 0x3962, 0x41E5, 0x2122, 0x2101, 0x2922, 0x2921,
  0x3142, 0x3142, 0x3122, 0x20C1, 0x3142, 0x3121, 0x3122, 0x3122, 0x3142, 0x3122, 0x3121, 0x3142,
  0x63AB, 0x5309, 0x4247, 0x3A67, 0x3A88, 0x3A89, 0x4268, 0x3A68, 0x4288, 0x4B09, 0x42C9, 0x4AEA,
  0x42C9, 0x3A67, 0x4246, 0x5B2B, 0x534D, 0x42CC, 0x42CB, 0x3A69, 0x4AEA, 0x42AC, 0x3AAB, 0x326B,
  0x2A07, 0x4AC8, 0x4269, 0x3269, 0x2A28, 0x3A47, 0x3227, 0x3227, 0x29E6, 0x29C6, 0x2185, 0x1944,
  0x1985, 0x21C5, 0x21C5, 0x21C6, 0x21C6, 0x3226, 0x2A06, 0x21E6, 0x2206, 0x2206, 0x2206, 0x2A47,
  0x2A67, 0x2A46, 0x3267, 0x3247, 0x3267, 0x2A46, 0x4AC8, 0x5B8A, 0x32E8, 0x3AE9, 0x3B29, 0x3B09,
  0x3AE9, 0x3B09, 0x3AE9, 0x3AE9, 0x3B09, 0x3B29, 0x432A, 0x432A, 0x4329, 0x3B09, 0x42E9, 0x7C2C,
  0x4B6A, 0x4B4A, 0x4B2A, 0x4B4A, 0x4B4A, 0x4B4A, 0x536B, 0x536B, 0x4B4A, 0x4B4A, 0x4B4A, 0x4B6A,
  0x4B29, 0x4B4A, 0x4B4A, 0x6BCA, 0x5B8A, 0x3AC8, 0x4309, 0x3B09, 0x3AE9, 0x4309, 0x3AE8, 0x3AE8,
  0x3B09, 0x3B09, 0x3AE9, 0x4309, 0x3B09, 0x4329, 0x432A, 0x32A7, 0x6B69, 0x6BEC, 0x4B6A, 0x4B6A,
  0x536A, 0x4B4A, 0x4B4A, 0x536A, 0x4B2A, 0x4B6A, 0x538B, 0x4B6A, 0x536A, 0x536A, 0x4B4A, 0x536A,
  0x430A, 0x5B49, 0x6C0C, 0x3309, 0x3AE9, 0x3B09, 0x3B2A, 0x3B09, 0x3B0A, 0x3AE9, 0x3B0A, 0x3B0A,
  0x3B0A, 0x3B09, 0x3B09, 0x3B2A, 0x434A, 0x3AE9, 0x4AE8, 0x6BCB, 0x434A, 0x4B4A, 0x4B4A, 0x4B4A,
  0x4B6B, 0x4B6B, 0x4B4A, 0x4B4A, 0x4B6A, 0x4B4A, 0x4B4A, 0x4B4A, 0x4B4A, 0x4B6B, 0x42E9, 0x7C2C,
  0x5BCB, 0x32C8, 0x3AE9, 0x3AE9, 0x3AE8, 0x3AE8, 0x3AE8, 0x3AC8, 0x3AE8, 0x3AE9, 0x3AE9, 0x3AE8,
  0x3AE8, 0x3B09, 0x3B09, 0x42C8, 0x73EC, 0x4329, 0x3AC8, 0x3B09, 0x3AE9, 0x3AE9, 0x3B09, 0x3B09,
  0x3B09, 0x3AE9, 0x3AE9, 0x3AE8, 0x3AE9, 0x3AC9, 0x4309, 0x3267, 0x3183, 0x6244, 0x6A64, 0x5A03,
  0x6244, 0x59E3, 0x5A03, 0x3122, 0x5A86, 0x5A24, 0x5A04, 0x49A3, 0x4A05, 0x2922, 0x4182, 0x3962,
  0x3962, 0x49A2, 0x8B26, 0x7283, 0x9325, 0x9B85, 0xABC6, 0xBC69, 0xC50B, 0xB469, 0xABE7, 0x9B85,
  0x9366, 0x82C3, 0x9345, 0x82E4, 0x6A63, 0x49C2, 0x3942, 0x41A4, 0x3163, 0x18C1, 0x2942, 0x2901,
  0x3142, 0x3122, 0x3122, 0x2901, 0x3122, 0x3142, 0x3121, 0x3122, 0x3122, 0x3122, 0x3121, 0x3122,
  0x4288, 0x42A8, 0x4247, 0x4268, 0x3A89, 0x3A88, 0x3A88, 0x3A89, 0x4AA8, 0x530A, 0x3AA9, 0x3A47,
  0x4287, 0x4AC9, 0x5AEA, 0x534D, 0x42CB, 0x42EB, 0x42EB, 0x3269, 0x4AEA, 0x42CC, 0x3A8B, 0x2A28,
  0x4287, 0x52E9, 0x42A9, 0x2A49, 0x2A48, 0x3A68, 0x31E6, 0x3206, 0x29E6, 0x31C6, 0x1923, 0x1964,
  0x1985, 0x21A5, 0x21C6, 0x21E6, 0x29E5, 0x3A47, 0x21E6, 0x2206, 0x2206, 0x2206, 0x2A26, 0x3267,
  0x3267, 0x2A67, 0x2A46, 0x3267, 0x3288, 0x3247, 0x5B4A, 0x4B4A, 0x32E9, 0x3B09, 0x3B09, 0x4309,
  0x3B09, 0x3AE9, 0x3AE9, 0x3AE9, 0x4309, 0x4329, 0x432A, 0x4329, 0x4B4A, 0x32E8, 0x5349, 0x742D,
  0x4B4A, 0x434A, 0x4B4A, 0x4B4A, 0x4B2A, 0x4B4A, 0x4B6B, 0x4B6A, 0x4B4A, 0x4B2A, 0x4B4A, 0x4B4A,
  0x4B2A, 0x4B6B, 0x432A, 0x7BEC, 0x4B6A, 0x3AC8, 0x3AE9, 0x3AE8, 0x3AE8, 0x4309, 0x3AE9, 0x3AE8,
  0x3AE8, 0x3B09, 0x3AE8, 0x4329, 0x434A, 0x4309, 0x3B29, 0x3AA7, 0x73CC, 0x5BAB, 0x4B6A, 0x538B,
  0x536B, 0x4B4A, 0x534A, 0x536A, 0x4B49, 0x4B6B, 0x4B6A, 0x536A, 0x538B, 0x536A, 0x4B4A, 0x538B,
  0x4309, 0x73CB, 0x63EC, 0x3AE9, 0x3B0A, 0x3B0A, 0x3B2A, 0x3B29, 0x3B09, 0x3AE9, 0x3B09, 0x3B09,
  0x3AE9, 0x3B29, 0x3B29, 0x432A, 0x434A, 0x3AE9, 0x5308, 0x7C4D, 0x4B4A, 0x4B4A, 0x4B4A, 0x4B4A,
  0x4B6A, 0x4B6A, 0x4B6A, 0x4B6A, 0x4B6A, 0x4B4A, 0x4B4A, 0x4B4A, 0x432A, 0x4B4B, 0x42E9, 0x73EB,
  0x5BCB, 0x32E9, 0x3AC9, 0x3AE9, 0x3AE9, 0x3AC8, 0x3AC8, 0x3AC8, 0x3AC8, 0x3AC9, 0x3AE9, 0x3AE8,
  0x3AE8, 0x3AE9, 0x3B09, 0x3AA8, 0x638A, 0x4B4A, 0x3AE9, 0x3B09, 0x3AE9, 0x3AE9, 0x3B09, 0x3B2A,
  0x3B09, 0x3B09, 0x3AE8, 0x3AE9, 0x3AE9, 0x42E9, 0x4309, 0x3AA8, 0x3163, 0x6224, 0x72A5, 0x59E2,
  0x5A04, 0x51E3, 0x51E3, 0x4183, 0x6266, 0x5A24, 0x51E3, 0x49C3, 0x4A26, 0x3122, 0x4182, 0x3962,
  0x4182, 0x3942, 0x82E5, 0x7AC4, 0x8305, 0x9B86, 0xA3A6, 0xB428, 0xCD2C, 0xBCCA, 0xAC07, 0xA385,
  0x9B86, 0x82E4, 0x8B25, 0x8B05, 0x6A63, 0x51E2, 0x3962, 0x3983, 0x41C5, 0x18C1, 0x2901, 0x2901,
  0x2902, 0x3142, 0x3142, 0x2902, 0x20C1, 0x3942, 0x3121, 0x3121, 0x3142, 0x3142, 0x3122, 0x3122,
  0x4AC9, 0x42A8, 0x3A47, 0x4288, 0x3AAA, 0x3A89, 0x42A9, 0x3AA9, 0x4288, 0x42A9, 0x4288, 0x4AEA,
  0x4B0B, 0x3AAB, 0x42A9, 0x536C, 0x42EB, 0x42CB, 0x430C, 0x3289, 0x530A, 0x3A6A, 0x3A6A, 0x42EA,
  0x3A48, 0x4AC9, 0x3A89, 0x2A29, 0x2A28, 0x3227, 0x3206, 0x2A06, 0x29C5, 0x29A5, 0x1943, 0x1964,
  0x1985, 0x21C5, 0x21E6, 0x21C5, 0x3206, 0x3227, 0x21E5, 0x2226, 0x2A26, 0x2A26, 0x2A26, 0x3287,
  0x3287, 0x3267, 0x3287, 0x3267, 0x32C8, 0x3A88, 0x63AB, 0x3B09, 0x3B0A, 0x3B0A, 0x430A, 0x430A,
  0x432A, 0x3B09, 0x4309, 0x4309, 0x3B09, 0x4329, 0x432A, 0x432A, 0x434A, 0x3AC8, 0x73CB, 0x63CC,
  0x432A, 0x4B4A, 0x4B4A, 0x4B2A, 0x4B4A, 0x4B4A, 0x4B4A, 0x4B6A, 0x4B4A, 0x4B4A, 0x4B4A, 0x4B6A,
  0x4B4A, 0x4B4A, 0x4B29, 0x7C0C, 0x4349, 0x3AE9, 0x4309, 0x4309, 0x3AE8, 0x4309, 0x4309, 0x4309,
  0x3B09, 0x3B09, 0x4309, 0x4329, 0x4B4A, 0x4309, 0x3B09, 0x42A7, 0x740C, 0x5BAB, 0x536A, 0x4B6A,
  0x4B4A, 0x4B6A, 0x4B6A, 0x4B6A, 0x4B4A, 0x4B4A, 0x4B4A, 0x4B6A, 0x4B6A, 0x4B6A, 0x4B6A, 0x538B,
  0x42E9, 0x6BAA, 0x53AA, 0x3B09, 0x3B2A, 0x3B2A, 0x3B2A, 0x3B09, 0x3B09, 0x3AE9, 0x3B09, 0x3B09,
  0x430A, 0x432A, 0x4329, 0x432A, 0x3B2A, 0x3AE9, 0x5B29, 0x73EC, 0x4B4A, 0x4B4A, 0x4B4A, 0x432A,
  0x4B4A, 0x4B6A, 0x4B4A, 0x4B4A, 0x4B6A, 0x4B6A, 0x4B4A, 0x4B4A, 0x4B4A, 0x4B6B, 0x3AC8, 0x6BCB,
  0x63EC, 0x32E9, 0x3AE9, 0x3AE9, 0x3AE9, 0x3AC8, 0x3AC8, 0x3AC8, 0x3AC8, 0x3AE9, 0x3AE9, 0x3AE8,
  0x3AE9, 0x3AE8, 0x3B09, 0x3288, 0x6BAB, 0x538B, 0x3B09, 0x3B09, 0x3B09, 0x3B09, 0x3B09, 0x3B0A,
  0x3AE9, 0x3B09, 0x3AE9, 0x3AE9, 0x3B09, 0x3AE9, 0x432A, 0x3A88, 0x2942, 0x5A24, 0x7AE6, 0x59E2,
  0x51E3, 0x51E3, 0x51C3, 0x4183, 0x6266, 0x5A24, 0x51C3, 0x49C3, 0x49E5, 0x3143, 0x49A2, 0x3962,
  0x41A2, 0x3101, 0x6A63, 0x8B25, 0x7A83, 0x9B86, 0xA3A6, 0xAC07, 0xC4EB, 0xBCCA, 0xB448, 0x9B85,
  0xA386, 0x8B25, 0x82C4, 0x8B25, 0x6A63, 0x5A03, 0x4182, 0x3942, 0x49E5, 0x20E2, 0x2101, 0x2922,
  0x2902, 0x3142, 0x3122, 0x3122, 0x20C1, 0x3122, 0x3141, 0x3122, 0x3942, 0x3122, 0x3142, 0x2901,
  0x42C9, 0x42A9, 0x3A47, 0x42A8, 0x3ACA, 0x3AAA, 0x3A88, 0x3247, 0x4A66, 0x634B, 0x532C, 0x42EB,
  0x328B, 0x32AC, 0x42AA, 0x532C, 0x42CB, 0x42EB, 0x430C, 0x3A8A, 0x4288, 0x42A9, 0x4AEB, 0x3249,
  0x3A68, 0x4AE9, 0x3A69, 0x3248, 0x2A07, 0x31E6, 0x3207, 0x29C6, 0x29A5, 0x1923, 0x1964, 0x1985,
  0x21C5, 0x21E5, 0x21E6, 0x21E5, 0x3226, 0x29E6, 0x2206, 0x2206, 0x2226, 0x2A26, 0x2A67, 0x3287,
  0x3267, 0x3267, 0x3267, 0x3288, 0x3B09, 0x4AC9, 0x5B8B, 0x3309, 0x3B2A, 0x3B09, 0x3B09, 0x3B09,
  0x430A, 0x430A, 0x432A, 0x430A, 0x434A, 0x4329, 0x430A, 0x4309, 0x432A, 0x42E8, 0x840C, 0x538B,
  0x434A, 0x534B, 0x4B4A, 0x4B4A, 0x4B6A, 0x4B4A, 0x4B4A, 0x4B4A, 0x4B6A, 0x4B8B, 0x4B4A, 0x4B6A,
  0x4B6B, 0x4B4A, 0x4AE8, 0x73EB, 0x3B09, 0x3B09, 0x4309, 0x3AE9, 0x3AE9, 0x4309, 0x4309, 0x3B09,
  0x3B09, 0x3B0A, 0x432A, 0x4329, 0x4B29, 0x4B4A, 0x3AE9, 0x4AE8, 0x7C2D, 0x4B4A, 0x4B4A, 0x4B4A,
  0x536B, 0x4B6B, 0x4B4A, 0x4B6A, 0x4B4A, 0x4B4A, 0x4B4A, 0x4B6A, 0x4B4A, 0x4B6A, 0x536B, 0x5B8B,
  0x42A8, 0x7C0C, 0x4B8A, 0x3B4A, 0x3B2A, 0x3B2A, 0x3B09, 0x3B09, 0x3B09, 0x3B2A, 0x3B09, 0x3B09,
  0x3B09, 0x3B2A, 0x3B09, 0x3B09, 0x434A, 0x32C8, 0x5B29, 0x63AB, 0x432A, 0x4B4A, 0x432A, 0x4B4A,
  0x4B4B, 0x4B6A, 0x4B4A, 0x4B4A, 0x4B6A, 0x4B4A, 0x4B4A, 0x4B4A, 0x4B4A, 0x4B4B, 0x3AA8, 0x6BAB,
  0x5BCB, 0x3AE9, 0x3AE9, 0x3AE8, 0x3AE8, 0x3AC8, 0x3AC8, 0x3AC8, 0x3AE9, 0x3AE9, 0x3AE8, 0x3AE8,
  0x4309, 0x4309, 0x4309, 0x3267, 0x636A, 0x5BAC, 0x3AE9, 0x430A, 0x3B09, 0x3B09, 0x3B09, 0x3AE9,
  0x3B09, 0x3B09, 0x3B09, 0x3B09, 0x3B09, 0x32E9, 0x3B09, 0x3AC9, 0x2983, 0x51E3, 0x7284, 0x5A03,
  0x51C2, 0x5A03, 0x49C3, 0x4183, 0x62A7, 0x5A24, 0x49C3, 0x49C3, 0x41E5, 0x3143, 0x51C3, 0x3962,
  0x41A2, 0x3121, 0x59E2, 0x8B25, 0x7A84, 0x9345, 0xA3A6, 0xA3E6, 0xBCAA, 0xC4EB, 0xB448, 0xA386,
  0xA385, 0x9B65, 0x7AA3, 0x8B25, 0x7284, 0x5A03, 0x49A2, 0x3962, 0x41C4, 0x3163, 0x20E1, 0x2942,
  0x2922, 0x3122, 0x3122, 0x3142, 0x2902, 0x2901, 0x3142, 0x3121, 0x3142, 0x3122, 0x3122, 0x2921,
  0x42C9, 0x42A9, 0x3A47, 0x3A47, 0x3227, 0x4267, 0x52E9, 0x4ACA, 0x4AA9, 0x4B2C, 0x328B, 0x3ACC,
  0x3ACC, 0x3ACC, 0x4289, 0x4B0C, 0x42EC, 0x430C, 0x42CB, 0x3A48, 0x52C9, 0x4B2A, 0x3249, 0x2A2A,
  0x3A88, 0x4AE9, 0x3A68, 0x3228, 0x29E6, 0x4267, 0x29C5, 0x29E6, 0x2164, 0x1923, 0x1985, 0x19A5,
  0x21E5, 0x21E6, 0x21E5, 0x29C6, 0x3A67, 0x2A06, 0x2227, 0x2227, 0x2206, 0x2A26, 0x2A67, 0x3287,
  0x3267, 0x32A8, 0x32A8, 0x3AEA, 0x32C8, 0x638B, 0x63CC, 0x3B29, 0x4309, 0x3B09, 0x3B09, 0x3AE9,
  0x432A, 0x430A, 0x432A, 0x3B09, 0x4309, 0x4309, 0x4329, 0x430A, 0x3AE9, 0x42C8, 0x842D, 0x536B,
  0x4B4A, 0x536B, 0x4B4A, 0x4B4A, 0x4B2A, 0x4B4A, 0x4B2A, 0x4B4A, 0x4B6A, 0x4B6A, 0x4B4A, 0x4B6A,
  0x538B, 0x4B4A, 0x636A, 0x6BEB, 0x3AE9, 0x3B09, 0x3B09, 0x3B09, 0x4309, 0x4329, 0x4329, 0x4309,
  0x434A, 0x432A, 0x434A, 0x4B4A, 0x4B29, 0x4B4A, 0x3AE9, 0x5309, 0x846D, 0x4B4A, 0x4B29, 0x536A,
  0x4B4A, 0x536A, 0x536A, 0x538B, 0x4B4A, 0x4B2A, 0x4B4A, 0x4B6A, 0x432A, 0x4B2A, 0x538B, 0x5BAB,
  0x42A8, 0x73CB, 0x53AB, 0x3B2A, 0x434A, 0x3B2A, 0x3B2A, 0x3B29, 0x3B09, 0x3B2A, 0x432A, 0x3B29,
  0x3B2A, 0x3B09, 0x3B0A, 0x4309, 0x432A, 0x32A8, 0x638A, 0x742D, 0x4B4A, 0x4B4A, 0x4309, 0x4B4A,
  0x4B4A, 0x434A, 0x4B4A, 0x4B4A, 0x4B4A, 0x4B4A, 0x4B4A, 0x4B4A, 0x434A, 0x4B4B, 0x3AC9, 0x638B,
  0x5BAB, 0x3AE9, 0x3B09, 0x3AE9, 0x3AE9, 0x3AE9, 0x3AC8, 0x3AE8, 0x3AC8, 0x3AE9, 0x3AE9, 0x3AE8,
  0x3B09, 0x3AE9, 0x3AE9, 0x3287, 0x638A, 0x63AC, 0x3B09, 0x4309, 0x4309, 0x432A, 0x3AE9, 0x3AE9,
  0x3AC8, 0x3AE9, 0x3B2A, 0x432A, 0x3AE9, 0x3AE9, 0x3AE9, 0x3B09, 0x21A3, 0x4182, 0x6244, 0x59E3,
  0x59E2, 0x6244, 0x51E3, 0x3942, 0x5A66, 0x5A24, 0x51E3, 0x49E3, 0x41C4, 0x2902, 0x51C3, 0x3962,
  0x4182, 0x3942, 0x49A3, 0x8304, 0x7A84, 0x9345, 0xABC6, 0xABC6, 0xB449, 0xCD2C, 0xB448, 0xA3C6,
  0xA3A5, 0xA386, 0x7AA3, 0x8B25, 0x7AA4, 0x6A43, 0x51C3, 0x3942, 0x3983, 0x3984, 0x18C1, 0x2922,
  0x2901, 0x3122, 0x3142, 0x3142, 0x2902, 0x20C1, 0x3122, 0x3121, 0x3142, 0x3122, 0x2901, 0x2901,
  0x3A88, 0x3A47, 0x3A06, 0x4AA8, 0x530A, 0x4B0B, 0x42AB, 0x326A, 0x3A69, 0x42EB, 0x3AAB, 0x3ACC,
  0x3ACC, 0x3ACC, 0x3A89, 0x4B2C, 0x42EB, 0x3268, 0x42A9, 0x52E8, 0x5B09, 0x3289, 0x328A, 0x326B,
  0x3A89, 0x4AE9, 0x3A68, 0x21C6, 0x3A47, 0x3A47, 0x21C5, 0x29C6, 0x1923, 0x2164, 0x21E6, 0x2A27,
  0x2A27, 0x2A47, 0x29E5, 0x3206, 0x4267, 0x3267, 0x2A46, 0x3247, 0x3287, 0x3A87, 0x42C8, 0x42C8,
  0x42E9, 0x4B09, 0x4309, 0x4B4A, 0x3A67, 0x6B6A, 0x63CB, 0x536A, 0x5B6A, 0x5B8B, 0x5B8B, 0x63AB,
  0x538B, 0x5BAB, 0x5BCB, 0x5BAB, 0x5BAB, 0x536A, 0x5B6A, 0x5BAB, 0x42C8, 0x52E7, 0x6BCB, 0x6BAC,
  0x63CB, 0x5BCB, 0x63AB, 0x638B, 0x5B8A, 0x63AB, 0x5B8B, 0x63EC, 0x63CB, 0x5BAB, 0x63CC, 0x63AB,
  0x5BAB, 0x42E8, 0x738A, 0x6BCA, 0x534A, 0x5BAB, 0x63AB, 0x5B8A, 0x63AB, 0x5B8A, 0x63CB, 0x536A,
  0x536A, 0x538A, 0x5B8B, 0x5BAB, 0x5B6A, 0x534A, 0x3AA8, 0x6B8A, 0x7C2C, 0x5B8A, 0x5B6A, 0x5B8A,
  0x63AB, 0x63AB, 0x63AB, 0x63AB, 0x5B6A, 0x536A, 0x638B, 0x5BAB, 0x5B8A, 0x63AB, 0x5B8B, 0x5B8B,
  0x42A7, 0x73AB, 0x5BAB, 0x536A, 0x53AB, 0x4B4A, 0x536A, 0x536A, 0x536A, 0x4B4A, 0x5B6A, 0x5B8B,
  0x5B8B, 0x534A, 0x4B2A, 0x536B, 0x4B2A, 0x3AA8, 0x73AA, 0x7C2C, 0x5B6A, 0x5B8B, 0x534A, 0x5B8A,
  0x5BAB, 0x4B29, 0x4B49, 0x538A, 0x4B49, 0x536A, 0x536A, 0x4B4A, 0x534A, 0x4B4A, 0x3AA7, 0x6BAA,
  0x63AB, 0x4B4A, 0x4B4A, 0x536A, 0x4B4A, 0x4B29, 0x4B29, 0x4B29, 0x4B09, 0x4B4A, 0x4B49, 0x4B29,
  0x3AE8, 0x3AC8, 0x4309, 0x3AA7, 0x6B69, 0x73CC, 0x536A, 0x4B4A, 0x534A, 0x534A, 0x4B29, 0x4B4A,
  0x3AA7, 0x4B29, 0x4B4A, 0x536B, 0x536B, 0x4309, 0x42E9, 0x42E9, 0x2183, 0x3941, 0x6264, 0x5A24,
  0x5A03, 0x6223, 0x6244, 0x3983, 0x5A86, 0x5204, 0x51E3, 0x51E4, 0x41E5, 0x2101, 0x49C3, 0x3962,
  0x3962, 0x3963, 0x4162, 0x7AE4, 0x7A84, 0x82E4, 0x9B85, 0xA3C6, 0xAC28, 0xC50C, 0xB469, 0xABE7,
  0xA385, 0xA386, 0x82C4, 0x8B05, 0x82E5, 0x6A63, 0x51E3, 0x3962, 0x3962, 0x41C4, 0x18C1, 0x2102,
  0x2901, 0x3122, 0x3142, 0x3101, 0x3122, 0x28E1, 0x3122, 0x3121, 0x3942, 0x3122, 0x3122, 0x2901,
  0x4A88, 0x5B09, 0x52E9, 0x3A8A, 0x430D, 0x2AAC, 0x2A6B, 0x326B, 0x4289, 0x42CA, 0x3AAA, 0x3ACB,
  0x3ACC, 0x3ACC, 0x42AA, 0x3AAA, 0x3A48, 0x52E9, 0x5B4B, 0x4288, 0x52E9, 0x3AAA, 0x328A, 0x326A,
  0x3A48, 0x4AC9, 0x3206, 0x3A48, 0x3A47, 0x3227, 0x29C5, 0x2164, 0x2984, 0x31C5, 0x29E5, 0x3A26,
  0x29E6, 0x3206, 0x3A25, 0x52A8, 0x31E5, 0x3A06, 0x3205, 0x3A46, 0x4AC8, 0x4287, 0x3A66, 0x4287,
  0x5309, 0x4AC8, 0x5329, 0x4AE8, 0x6B69, 0x840B, 0x4AE8, 0x5B49, 0x5B29, 0x636A, 0x636A, 0x638A,
  0x5B6A, 0x6BAB, 0x73EC, 0x6BCB, 0x6BAB, 0x5B49, 0x5B28, 0x5B29, 0x52E8, 0x948D, 0x638A, 0x636A,
  0x6BAB, 0x638B, 0x5B6A, 0x6B8A, 0x638A, 0x636A, 0x6BCB, 0x6BEB, 0x6BAA, 0x638A, 0x638A, 0x638A,
  0x5B49, 0x6369, 0x9CCE, 0x636A, 0x636A, 0x6BCB, 0x740C, 0x73EC, 0x6B8A, 0x636A, 0x6BAB, 0x638A,
  0x636A, 0x636A, 0x636A, 0x638A, 0x5B49, 0x5B4A, 0x5308, 0x948E, 0x5B49, 0x52E8, 0x5B29, 0x5B49,
  0x636A, 0x638B, 0x6BAB, 0x636A, 0x638A, 0x63AB, 0x5B8A, 0x5B6A, 0x636A, 0x636A, 0x5B49, 0x5309,
  0x73AA, 0x94AD, 0x5328, 0x638A, 0x638A, 0x636A, 0x636A, 0x638A, 0x638A, 0x6BCB, 0x73CB, 0x6B8A,
  0x636A, 0x638B, 0x5B29, 0x5B49, 0x636A, 0x5B29, 0x9CCE, 0x73CB, 0x5B29, 0x5B4A, 0x63AA, 0x638A,
  0x638B, 0x638A, 0x636A, 0x63AB, 0x6BCB, 0x6BCB, 0x6BCB, 0x636A, 0x5B4A, 0x5B29, 0x5B29, 0x9CAE,
  0x6B8A, 0x5329, 0x638A, 0x6BCB, 0x638A, 0x638A, 0x638B, 0x5B4A, 0x636A, 0x6BEC, 0x6BCB, 0x5B6A,
  0x5308, 0x5B49, 0x5B29, 0x52E8, 0x8C6D, 0x7BCA, 0x5329, 0x5309, 0x5309, 0x5309, 0x5B6A, 0x5329,
  0x5308, 0x5B4A, 0x638A, 0x5B4A, 0x5B29, 0x5B29, 0x52E8, 0x4A87, 0x4226, 0x4162, 0x6A64, 0x5A23,
  0x59E3, 0x59E3, 0x51E3, 0x2922, 0x62A7, 0x5A45, 0x49C3, 0x5204, 0x41E5, 0x20C1, 0x49C3, 0x3942,
  0x3142, 0x3142, 0x20E1, 0x7284, 0x7AC4, 0x7AC4, 0x9B65, 0xA3A6, 0xABE7, 0xC4EB, 0xBCA9, 0xB428,
  0xA385, 0xA386, 0x8B04, 0x7AC4, 0x8B25, 0x7283, 0x6223, 0x41A2, 0x3141, 0x41A3, 0x2102, 0x20E1,
  0x3122, 0x2922, 0x3142, 0x3121, 0x3142, 0x28E1, 0x2901, 0x3122, 0x3122, 0x3122, 0x3122, 0x3122,
  0x532C, 0x4AEA, 0x42A9, 0x2209, 0x32CD, 0x32AB, 0x3A8B, 0x2A6A, 0x3A69, 0x42CB, 0x32AC, 0x42EC,
  0x3AEC, 0x3AAB, 0x3207, 0x4ACA, 0x4AEA, 0x4AC9, 0x4AC9, 0x42A9, 0x532A, 0x42AA, 0x3A68, 0x3A48,
  0x52C8, 0x4AA8, 0x4288, 0x4288, 0x31E6, 0x3227, 0x21A5, 0x1944, 0x21A5, 0x21A5, 0x1984, 0x1984,
  0x21C6, 0x29E6, 0x29C5, 0x3A47, 0x19E6, 0x21E6, 0x21E6, 0x2227, 0x2A27, 0x2227, 0x2207, 0x32A8,
  0x32A9, 0x32A9, 0x3AEA, 0x32A8, 0x638B, 0x63EC, 0x3B09, 0x32C9, 0x3AE9, 0x32E9, 0x3AE9, 0x32C9,
  0x3AE9, 0x3B0A, 0x3AE9, 0x3AE9, 0x3B09, 0x3AE9, 0x3AE9, 0x32A8, 0x3A67, 0x73EC, 0x4B6B, 0x3AE9,
  0x32C9, 0x32E9, 0x32A8, 0x32C9, 0x3AE9, 0x3AE9, 0x32C8, 0x3AE9, 0x3AE9, 0x3AE9, 0x32E9, 0x3B09,
  0x32E9, 0x3A87, 0x73ED, 0x536B, 0x434A, 0x432A, 0x4B4A, 0x432A, 0x432A, 0x432A, 0x4309, 0x432A,
  0x434A, 0x434A, 0x4309, 0x4329, 0x4329, 0x432B, 0x3AA8, 0x740C, 0x538B, 0x32C9, 0x32E9, 0x32E9,
  0x2AA8, 0x32C9, 0x3B09, 0x3B09, 0x3B09, 0x3B09, 0x3B2A, 0x3B09, 0x3AE9, 0x3B0A, 0x3B09, 0x3AE9,
  0x52E8, 0x742D, 0x53AB, 0x4329, 0x432A, 0x4B4B, 0x432A, 0x430A, 0x4B4B, 0x4B4B, 0x538B, 0x536B,
  0x432A, 0x4B4B, 0x4B2A, 0x430A, 0x4B4B, 0x3AC9, 0x638A, 0x536B, 0x3AE9, 0x32E9, 0x3B09, 0x3B09,
  0x3AE9, 0x3AE9, 0x3AE9, 0x3AE9, 0x3AE9, 0x32C9, 0x3B0A, 0x3AE9, 0x3AE9, 0x3B09, 0x32A8, 0x638B,
  0x5BCC, 0x3B09, 0x3AE9, 0x3B2A, 0x3B0A, 0x3AE9, 0x3AE9, 0x3AE9, 0x4309, 0x430A, 0x432A, 0x432A,
  0x430A, 0x432A, 0x3AEA, 0x32A9, 0x5329, 0x6BCC, 0x434B, 0x432A, 0x430A, 0x3AE9, 0x430A, 0x432A,
  0x432A, 0x430A, 0x3B09, 0x430A, 0x430A, 0x4309, 0x3AE9, 0x42E9, 0x29E6, 0x39A3, 0x51E3, 0x3141,
  0x3941, 0x3121, 0x3121, 0x20E1, 0x62C7, 0x6286, 0x49A3, 0x49E4, 0x41E5, 0x1880, 0x4182, 0x3962,
  0x3142, 0x3142, 0x28E1, 0x6203, 0x7AE4, 0x7AA4, 0x9345, 0xA385, 0xA3A6, 0xBCCA, 0xBCCA, 0xB468,
  0xA3C6, 0x9B85, 0x9346, 0x82C4, 0x9345, 0x7283, 0x6A64, 0x49C3, 0x3942, 0x3983, 0x3163, 0x18A0,
  0x2922, 0x2901, 0x2921, 0x3122, 0x3122, 0x2922, 0x20E1, 0x3122, 0x3121, 0x3121, 0x3142, 0x3121,
  0x3AAA, 0x42CA, 0x3AAA, 0x2A2A, 0x3ACD, 0x328B, 0x326B, 0x2A4B, 0x3A6A, 0x430D, 0x3ACD, 0x3AAC,
  0x326A, 0x3207, 0x6329, 0x5B0A, 0x42A9, 0x42AA, 0x42CA, 0x42A9, 0x5309, 0x3A68, 0x4288, 0x4AEA,
  0x3A67, 0x4287, 0x4AA8, 0x3206, 0x31E6, 0x3207, 0x1964, 0x1985, 0x19C6, 0x19C6, 0x19C5, 0x21E6,
  0x2A47, 0x2A06, 0x3247, 0x3267, 0x2A47, 0x2A47, 0x3267, 0x2A47, 0x3247, 0x3267, 0x3AC8, 0x3AE9,
  0x3AE9, 0x4309, 0x430A, 0x32C8, 0x6BAC, 0x4BAB, 0x432A, 0x3AE9, 0x3B09, 0x432A, 0x432A, 0x432A,
  0x432A, 0x3B2A, 0x432A, 0x432A, 0x432A, 0x4329, 0x4329, 0x3B09, 0x4AE8, 0x740D, 0x4329, 0x3B09,
  0x3B09, 0x3B09, 0x3B09, 0x3B09, 0x4329, 0x3AE8, 0x3B09, 0x3B09, 0x4329, 0x3B29, 0x4329, 0x434A,
  0x3B09, 0x42C8, 0x844D, 0x53AB, 0x438A, 0x4B6A, 0x432A, 0x434A, 0x434A, 0x434A, 0x434A, 0x434A,
  0x434A, 0x4B6A, 0x4B6A, 0x4B4A, 0x4B4A, 0x4B4A, 0x4AC8, 0x7C4D, 0x4B4A, 0x3B09, 0x3B09, 0x3B09,
  0x3B09, 0x3B29, 0x3B09, 0x3B09, 0x4329, 0x3B29, 0x432A, 0x434A, 0x434A, 0x432A, 0x432A, 0x3AE9,
  0x52C8, 0x7C4D, 0x538B, 0x4B4A, 0x4B6A, 0x4B6A, 0x4B4A, 0x4B4A, 0x4B4A, 0x4B29, 0x4B4A, 0x536A,
  0x4B4A, 0x536A, 0x534A, 0x4B2A, 0x538B, 0x42E9, 0x6349, 0x536B, 0x3AE9, 0x3B09, 0x4329, 0x432A,
  0x3B09, 0x3AE9, 0x3B09, 0x3B09, 0x3B09, 0x430A, 0x3B0A, 0x4329, 0x4329, 0x434A, 0x3AC8, 0x638A,
  0x6C0C, 0x3B09, 0x3B09, 0x432A, 0x4309, 0x432A, 0x4329, 0x4309, 0x4B49, 0x4309, 0x4B4A, 0x4B4A,
  0x4B4A, 0x4B8B, 0x434A, 0x3AE8, 0x5308, 0x7C2C, 0x538B, 0x4B4A, 0x432A, 0x4329, 0x432A, 0x434A,
  0x4B6B, 0x4B6A, 0x4B6A, 0x4B4A, 0x4B2A, 0x4309, 0x434A, 0x434A, 0x2A46, 0x3142, 0x51E3, 0x3141,
  0x3142, 0x3942, 0x3962, 0x2902, 0x62A7, 0x6AC7, 0x41A3, 0x49E4, 0x41E5, 0x18C1, 0x3962, 0x3962,
  0x3142, 0x3962, 0x2902, 0x49A2, 0x7AE4, 0x7AA4, 0x9365, 0x9B85, 0xA3A6, 0xBC8A, 0xC4EB, 0xBC69,
  0xA3C6, 0x9B45, 0x9B86, 0x7AC4, 0x8B05, 0x7AC4, 0x6A63, 0x51E3, 0x3962, 0x3962, 0x39A4, 0x20C1,
  0x2902, 0x2922, 0x2901, 0x3122, 0x3122, 0x3143, 0x20E1, 0x2922, 0x3121, 0x3121, 0x3142, 0x3142,
  0x3ACB, 0x42CB, 0x42AB, 0x2A09, 0x3AAC, 0x326B, 0x326B, 0x2A6B, 0x42AB, 0x430D, 0x2A29, 0x3A27,
  0x52E9, 0x636B, 0x5AC8, 0x5B2A, 0x42C9, 0x42CA, 0x42CA, 0x42A8, 0x4AA8, 0x3A89, 0x4AEB, 0x3249,
  0x29E6, 0x4287, 0x3A67, 0x3206, 0x29E5, 0x29E5, 0x1964, 0x21A5, 0x19A5, 0x19A5, 0x21E5, 0x2A26,
  0x2A26, 0x29E6, 0x3A67, 0x2A26, 0x2A47, 0x2A47, 0x2A67, 0x2A47, 0x3288, 0x32A8, 0x3AE9, 0x3B09,
  0x32E9, 0x3AE9, 0x3AE9, 0x4309, 0x6BCC, 0x3B2A, 0x3B2A, 0x3AE9, 0x3B0A, 0x3B0A, 0x3B2A, 0x3B2A,
  0x432A, 0x432A, 0x3B0A, 0x430A, 0x432A, 0x3B09, 0x434A, 0x3309, 0x638B, 0x63AC, 0x3AE9, 0x3B09,
  0x3AE9, 0x430A, 0x3B0A, 0x3B09, 0x432A, 0x3AE9, 0x4309, 0x4309, 0x4329, 0x4309, 0x434A, 0x434A,
  0x3B09, 0x5329, 0x6BEC, 0x436A, 0x436A, 0x434A, 0x434A, 0x4B4A, 0x434A, 0x4B4A, 0x432A, 0x4B4A,
  0x4B4A, 0x4B6A, 0x4B4A, 0x4B4A, 0x4B6B, 0x434A, 0x5309, 0x6BEC, 0x432A, 0x3B09, 0x3B09, 0x3B09,
  0x3B2A, 0x3B09, 0x3B09, 0x3B09, 0x432A, 0x3B0A, 0x432A, 0x434A, 0x434A, 0x3B09, 0x3B0A, 0x32E9,
  0x6BAB, 0x7C4D, 0x4B8B, 0x434A, 0x4B4A, 0x4B4A, 0x4B4A, 0x4B4A, 0x4B6A, 0x432A, 0x4B2A, 0x4B4B,
  0x4B4B, 0x4B4B, 0x536B, 0x4B4A, 0x4B8B, 0x42E9, 0x73AB, 0x4B4A, 0x3B0A, 0x4309, 0x3B09, 0x3B09,
  0x3AE9, 0x3B09, 0x3B09, 0x3B09, 0x3B0A, 0x3B0A, 0x3B2A, 0x432A, 0x4329, 0x432A, 0x32A8, 0x636A,
  0x640D, 0x3B2A, 0x3B2A, 0x3B2A, 0x430A, 0x432A, 0x432A, 0x4309, 0x432A, 0x432A, 0x434A, 0x432A,
  0x432A, 0x434A, 0x3B29, 0x3AE9, 0x5329, 0x740C, 0x4B6A, 0x434A, 0x434A, 0x432A, 0x434A, 0x432A,
  0x434A, 0x4329, 0x434A, 0x434A, 0x4B2A, 0x432A, 0x3B2A, 0x434A, 0x3288, 0x2122, 0x49A2, 0x3121,
  0x3142, 0x3941, 0x3962, 0x2902, 0x5A87, 0x62C7, 0x49C3, 0x4A04, 0x41E5, 0x20C1, 0x3141, 0x3962,
  0x3142, 0x3141, 0x2902, 0x3942, 0x7AA4, 0x7AA4, 0x8B25, 0x9B65, 0xA3A6, 0xAC28, 0xC4EB, 0xB469,
  0xA3C6, 0x9B45, 0x9345, 0x82C4, 0x7AA4, 0x82E4, 0x6A63, 0x5A23, 0x3962, 0x3142, 0x41A4, 0x20C1,
  0x20E1, 0x3122, 0x2902, 0x3122, 0x3122, 0x3142, 0x2902, 0x2922, 0x3142, 0x3942, 0x3142, 0x3122,
  0x3ACB, 0x42CB, 0x3A8A, 0x21E9, 0x3ACD, 0x328B, 0x326A, 0x2A29, 0x3A48, 0x4289, 0x4AC9, 0x636A,
  0x638C, 0x4AEA, 0x4288, 0x4B0A, 0x42AA, 0x42C9, 0x42C9, 0x4288, 0x52E9, 0x4AEB, 0x3A69, 0x3227,
  0x4A67, 0x4267, 0x3A47, 0x3226, 0x29C5, 0x1944, 0x19C5, 0x19C6, 0x19A5, 0x21C5, 0x2A26, 0x2A47,
  0x2A06, 0x3226, 0x3A88, 0x2A47, 0x2A27, 0x2A47, 0x3267, 0x32C8, 0x3B09, 0x3AE9, 0x3B09, 0x3B09,
  0x3AE9, 0x430A, 0x3AC9, 0x5B4A, 0x5B8B, 0x3AE9, 0x3B09, 0x3B09, 0x432A, 0x3B2A, 0x3B2A, 0x3B2A,
  0x3B0A, 0x3B0A, 0x3B0A, 0x432A, 0x432A, 0x3B29, 0x432A, 0x32C8, 0x73CC, 0x536A, 0x32E9, 0x3B2A,
  0x3B2A, 0x432A, 0x434A, 0x432A, 0x3B09, 0x3B09, 0x432A, 0x4329, 0x4329, 0x4329, 0x432A, 0x4B6A,
  0x3AE9, 0x6B8B, 0x5BAA, 0x434A, 0x4B2A, 0x434A, 0x434A, 0x4B4A, 0x4B6A, 0x432A, 0x432A, 0x4B4A,
  0x434A, 0x4B6A, 0x4B4A, 0x4B4A, 0x4B6A, 0x4329, 0x634A, 0x6C0B, 0x32E9, 0x4329, 0x3B2A, 0x3B0A,
  0x3B09, 0x3AE9, 0x3B09, 0x3B09, 0x3B2A, 0x3B09, 0x432A, 0x434A, 0x432A, 0x3B0A, 0x432A, 0x2AA8,
  0x73CB, 0x740C, 0x4B2A, 0x536A, 0x4B4A, 0x4B4A, 0x536A, 0x4B4A, 0x4B4A, 0x536B, 0x4B4A, 0x4B4A,
  0x4B4A, 0x4B4A, 0x536B, 0x538B, 0x538B, 0x4AE9, 0x7BEB, 0x4309, 0x3B29, 0x4329, 0x3B09, 0x3B09,
  0x3B09, 0x3B09, 0x3B09, 0x4309, 0x3B09, 0x3B09, 0x432A, 0x432A, 0x3B09, 0x432A, 0x32C8, 0x634A,
  0x63CC, 0x3B29, 0x432A, 0x434A, 0x434A, 0x4329, 0x432A, 0x432A, 0x3B09, 0x432A, 0x434A, 0x4329,
  0x4309, 0x4329, 0x4309, 0x3B09, 0x5329, 0x740C, 0x4B4A, 0x432A, 0x4B4A, 0x4B4A, 0x432A, 0x432A,
  0x4B4A, 0x4309, 0x432A, 0x4B4A, 0x4B4A, 0x536A, 0x432A, 0x4B2A, 0x3288, 0x1901, 0x49C3, 0x3141,
  0x3142, 0x3142, 0x3962, 0x2901, 0x5A66, 0x6286, 0x49C3, 0x4A05, 0x41E6, 0x20E2, 0x2921, 0x3942,
  0x3142, 0x3141, 0x3122, 0x2901, 0x7AA4, 0x7284, 0x82E4, 0x9B45, 0x9B65, 0xA3E7, 0xC4EB, 0xBC89,
  0xAC08, 0x9B45, 0x9325, 0x82E5, 0x6A43, 0x7AC4, 0x7263, 0x6244, 0x4182, 0x3962, 0x41A3, 0x2922,
  0x20E2, 0x2922, 0x2901, 0x2901, 0x3142, 0x3142, 0x3122, 0x20E1, 0x3142, 0x3942, 0x3142, 0x3122,
  0x42EC, 0x3ACB, 0x328A, 0x21E9, 0x328C, 0x2A29, 0x3228, 0x3A28, 0x52C8, 0x73AC, 0x638B, 0x42CA,
  0x3AAA, 0x3AAA, 0x4AA8, 0x4B0A, 0x42AA, 0x42C9, 0x3AA9, 0x3A68, 0x530B, 0x3A89, 0x4AA9, 0x4288,
  0x4246, 0x4288, 0x3A67, 0x31E6, 0x2184, 0x2185, 0x19C5, 0x19C5, 0x21C5, 0x21E6, 0x2A26, 0x2A47,
  0x2A06, 0x4288, 0x3288, 0x2A47, 0x2A47, 0x2A47, 0x2A47, 0x3AE9, 0x432A, 0x432A, 0x3AE9, 0x3AE9,
  0x3AE9, 0x430A, 0x3AC9, 0x6BAC, 0x434A, 0x3B0A, 0x3B0A, 0x3B09, 0x432A, 0x3B2A, 0x3B2A, 0x3B0A,
  0x3B09, 0x3B09, 0x432A, 0x432A, 0x432A, 0x432A, 0x3B2A, 0x3AC8, 0x6BEB, 0x432A, 0x3B09, 0x3B29,
  0x3B2A, 0x3B29, 0x3B09, 0x432A, 0x3AE9, 0x3B09, 0x3B2A, 0x432A, 0x432A, 0x3B2A, 0x432A, 0x434A,
  0x3AC8, 0x7BEC, 0x5BEC, 0x3B4A, 0x430A, 0x434A, 0x4B6B, 0x432A, 0x434A, 0x434A, 0x434A, 0x432A,
  0x4B6B, 0x432A, 0x4B4A, 0x432A, 0x4B6A, 0x3AE9, 0x6BAA, 0x63CB, 0x3B09, 0x3B2A, 0x3B2A, 0x3B2A,
  0x3B09, 0x3B0A, 0x3B09, 0x3B09, 0x3B0A, 0x3B29, 0x432A, 0x430A, 0x3B2A, 0x432A, 0x434A, 0x32A8,
  0x638A, 0x63EC, 0x4B4A, 0x536A, 0x4B6A, 0x4B4A, 0x536B, 0x4B4A, 0x4B4A, 0x4B4A, 0x536A, 0x4B4A,
  0x4B4A, 0x536A, 0x4B4A, 0x536B, 0x4B8B, 0x42C8, 0x73CB, 0x4B4A, 0x3B09, 0x3B29, 0x3B09, 0x4309,
  0x4309, 0x3B09, 0x3B09, 0x3B09, 0x3B09, 0x3B09, 0x3B29, 0x3B09, 0x3AE9, 0x3B09, 0x32C9, 0x638A,
  0x63CB, 0x3B09, 0x432A, 0x434A, 0x4329, 0x432A, 0x432A, 0x432A, 0x4329, 0x432A, 0x4B4A, 0x432A,
  0x432A, 0x432A, 0x432A, 0x4329, 0x534A, 0x7C2C, 0x4B4A, 0x434A, 0x432A, 0x4B4A, 0x434A, 0x432A,
  0x432A, 0x432A, 0x430A, 0x4B4A, 0x4B4B, 0x4B4A, 0x434A, 0x432A, 0x3AC9, 0x2163, 0x51E3, 0x3941,
  0x3142, 0x3142, 0x3962, 0x2902, 0x49E4, 0x6AC6, 0x49E4, 0x41E4, 0x41E5, 0x20C1, 0x2922, 0x3121,
  0x3142, 0x3122, 0x3141, 0x2902, 0x6A64, 0x7AC4, 0x7AA4, 0x9325, 0xA385, 0xABC6, 0xBC8A, 0xBCAA,
  0xB428, 0xA3A6, 0x9B65, 0x8B05, 0x7243, 0x82E5, 0x7283, 0x6A64, 0x49C2, 0x3962, 0x3983, 0x3984,
  0x18C1, 0x2901, 0x2901, 0x3121, 0x3142, 0x3122, 0x3142, 0x20E1, 0x3142, 0x3142, 0x3121, 0x3121,
  0x3A6A, 0x3248, 0x3229, 0x29E8, 0x29E7, 0x4268, 0x530A, 0x4288, 0x4267, 0x530A, 0x3A8A, 0x32AA,
  0x3AAA, 0x3ACA, 0x4AC8, 0x5309, 0x42AA, 0x3ACA, 0x3ACA, 0x3A69, 0x4288, 0x4AEA, 0x4AC9, 0x3227,
  0x4267, 0x3A67, 0x3A27, 0x2164, 0x1964, 0x19A5, 0x19A5, 0x21E6, 0x2A06, 0x2A06, 0x2A06, 0x2A27,
  0x3226, 0x4287, 0x2A47, 0x2A47, 0x2A67, 0x2A47, 0x32A8, 0x3B29, 0x3B09, 0x3B09, 0x3AE9, 0x3B09,
  0x4309, 0x3AE9, 0x42E9, 0x6BCC, 0x3B09, 0x3B0A, 0x3B09, 0x3B09, 0x432A, 0x3B29, 0x3B09, 0x3B09,
  0x432A, 0x434A, 0x432A, 0x432A, 0x432A, 0x434A, 0x32E9, 0x4B09, 0x742C, 0x3B29, 0x3B0A, 0x3B29,
  0x432A, 0x3B09, 0x432A, 0x4309, 0x3AE9, 0x3B29, 0x3B09, 0x432A, 0x3B09, 0x3B2A, 0x4B2A, 0x4329,
  0x3AA8, 0x842D, 0x5BCC, 0x3B2A, 0x432A, 0x434A, 0x434A, 0x434A, 0x3B09, 0x3AE9, 0x432A, 0x432A,
  0x434A, 0x434A, 0x4B4A, 0x432A, 0x4B6B, 0x3AA8, 0x73EC, 0x5BAB, 0x3B09, 0x3B09, 0x3B09, 0x3B29,
  0x3B09, 0x3B09, 0x3B09, 0x3B09, 0x3B09, 0x3B29, 0x3B09, 0x4309, 0x4309, 0x3B09, 0x434A, 0x3AE9,
  0x73EC, 0x63CC, 0x4B6A, 0x4B4A, 0x4B4A, 0x4B4A, 0x536B, 0x536A, 0x4B6A, 0x4B4A, 0x4B4A, 0x4329,
  0x4B6A, 0x4B6A, 0x538B, 0x4B6A, 0x4B6A, 0x42E8, 0x6B6A, 0x4B4A, 0x3B09, 0x3B29, 0x3B09, 0x3B09,
  0x3B09, 0x3B09, 0x3AE9, 0x3B09, 0x3B09, 0x3B09, 0x4329, 0x4309, 0x3B09, 0x4309, 0x32C9, 0x638A,
  0x63CB, 0x3AE9, 0x432A, 0x434A, 0x4329, 0x432A, 0x4309, 0x4309, 0x4309, 0x432A, 0x432A, 0x4329,
  0x432A, 0x432A, 0x432A, 0x4329, 0x3AA8, 0x73CB, 0x536A, 0x434A, 0x4B4A, 0x4B4A, 0x4B4A, 0x432A,
  0x432A, 0x432A, 0x432A, 0x4B4A, 0x4B4A, 0x432A, 0x432A, 0x432A, 0x432A, 0x29C4, 0x3941, 0x3142,
  0x2922, 0x3122, 0x3142, 0x18C1, 0x4A05, 0x6AC7, 0x41C4, 0x41A3, 0x39C5, 0x18C1, 0x2922, 0x3962,
  0x3942, 0x3122, 0x3142, 0x2901, 0x51C2, 0x7AE4, 0x7263, 0x8B25, 0x9B85, 0x9B85, 0xB449, 0xC4CA,
  0xB468, 0xA3C6, 0x9B65, 0x8B25, 0x7263, 0x82C4, 0x82E5, 0x6A64, 0x51E3, 0x3962, 0x3982, 0x39A4,
  0x18C1, 0x2901, 0x2901, 0x3122, 0x3942, 0x3942, 0x3142, 0x2901, 0x2901, 0x3142, 0x3122, 0x3142,
  0x4AC9, 0x4AA8, 0x4267, 0x3A47, 0x5309, 0x530A, 0x4AC9, 0x42A9, 0x3AA8, 0x42CB, 0x3AAB, 0x3AAB,
  0x3A8A, 0x3AAA, 0x42A9, 0x4ACA, 0x3AAA, 0x42CA, 0x3A69, 0x3A27, 0x5AE9, 0x4AC9, 0x3A26, 0x3206,
  0x4247, 0x4288, 0x2184, 0x1943, 0x1985, 0x19A5, 0x21E6, 0x21E6, 0x2A06, 0x2A26, 0x2A06, 0x2A06,
  0x3A67, 0x3A67, 0x2206, 0x2A47, 0x2A67, 0x32A8, 0x3AE9, 0x3B09, 0x3B09, 0x3B09, 0x3B09, 0x3B09,
  0x434A, 0x3AC8, 0x532A, 0x536B, 0x3B09, 0x3B09, 0x3B09, 0x432A, 0x4329, 0x4329, 0x3B09, 0x432A,
  0x432A, 0x432A, 0x432A, 0x432A, 0x432A, 0x432A, 0x3AC8, 0x638B, 0x63EC, 0x3B29, 0x432A, 0x3B29,
  0x4309, 0x3B09, 0x432A, 0x4329, 0x4329, 0x3B09, 0x3B0A, 0x432A, 0x3B2A, 0x3B49, 0x4B4A, 0x432A,
  0x4AE8, 0x7C0C, 0x4B4A, 0x434A, 0x4B4A, 0x432A, 0x434A, 0x432A, 0x3AE9, 0x432A, 0x434A, 0x3B2A,
  0x3B09, 0x430A, 0x434A, 0x4B4A, 0x434A, 0x42C8, 0x73EB, 0x4B6A, 0x3B09, 0x3B09, 0x3B09, 0x3B29,
  0x3B09, 0x3B09, 0x3B29, 0x3B09, 0x3B09, 0x3B09, 0x3B09, 0x3B09, 0x4309, 0x432A, 0x434A, 0x32A8,
  0x6BAA, 0x538A, 0x4B4A, 0x4B4A, 0x4B6A, 0x4B4A, 0x4B4A, 0x4B4A, 0x536A, 0x4B2A, 0x4B4A, 0x4B2A,
  0x4B4A, 0x4B4A, 0x536B, 0x4B4A, 0x4B6A, 0x4B09, 0x73EB, 0x436A, 0x3B09, 0x3B29, 0x3B09, 0x3B09,
  0x3B09, 0x3B09, 0x3B09, 0x3B09, 0x3B09, 0x3B09, 0x3B09, 0x3B09, 0x3B09, 0x3B09, 0x32C8, 0x638A,
  0x6BEB, 0x3B09, 0x434A, 0x434A, 0x4309, 0x4309, 0x4309, 0x432A, 0x432A, 0x432A, 0x432A, 0x4329,
  0x432A, 0x432A, 0x434A, 0x434A, 0x3AA8, 0x73CB, 0x5BCC, 0x434A, 0x4B6A, 0x4B4A, 0x432A, 0x4B4A,
  0x434A, 0x432A, 0x432A, 0x432A, 0x4B4A, 0x430A, 0x434A, 0x4B4A, 0x4329, 0x4AC8, 0x39E5, 0x10E2,
  0x18E2, 0x18E2, 0x1902, 0x10A1, 0x5266, 0x5A45, 0x41A3, 0x41C4, 0x3184, 0x18A1, 0x2902, 0x3141,
  0x4182, 0x3942, 0x3962, 0x3121, 0x4162, 0x8305, 0x7283, 0x8B25, 0x9B85, 0x9B85, 0xABE7, 0xC4CA,
  0xBC89, 0xABE7, 0x9345, 0x8B24, 0x82E4, 0x82C4, 0x8B25, 0x6A63, 0x51E3, 0x4182, 0x3962, 0x39A4,
  0x2102, 0x20E1, 0x2902, 0x3122, 0x3142, 0x3142, 0x2901, 0x3122, 0x28E1, 0x3142, 0x3121, 0x3142,
  0x3A27, 0x4A88, 0x3A26, 0x3A47, 0x532A, 0x3AAA, 0x3ACA, 0x3AAA, 0x42A9, 0x4ACA, 0x3AAA, 0x3A8A,
  0x3A89, 0x3A8A, 0x4ACA, 0x4B0B, 0x3AAA, 0x3A48, 0x4288, 0x4A88, 0x5AE9, 0x3A67, 0x4267, 0x3226,
  0x4226, 0x31E6, 0x1144, 0x1985, 0x19A5, 0x19C5, 0x2A06, 0x2A26, 0x2A27, 0x2A26, 0x2A47, 0x2A26,
  0x4288, 0x2A46, 0x2A27, 0x3268, 0x32C9, 0x3AE9, 0x3AE9, 0x3B09, 0x3B09, 0x3B0A, 0x3B2A, 0x432A,
  0x432A, 0x3AC8, 0x6BAC, 0x436B, 0x3B09, 0x3B09, 0x432A, 0x3B2A, 0x3B09, 0x4309, 0x4309, 0x4329,
  0x432A, 0x432A, 0x432A, 0x4309, 0x430A, 0x434A, 0x3AC8, 0x7BEC, 0x53AB, 0x3B29, 0x3B09, 0x432A,
  0x3B09, 0x3B09, 0x432A, 0x432A, 0x432A, 0x3B2A, 0x3B29, 0x432A, 0x434A, 0x3B29, 0x434A, 0x3B09,
  0x5B29, 0x6BEC, 0x4B4A, 0x434A, 0x432A, 0x4B4A, 0x434A, 0x434A, 0x432A, 0x432A, 0x434A, 0x432A,
  0x434A, 0x434A, 0x432A, 0x432A, 0x432A, 0x4AE9, 0x7C2D, 0x432A, 0x3B09, 0x3B09, 0x3B09, 0x3B09,
  0x3B09, 0x3B09, 0x3B29, 0x3B29, 0x3B2A, 0x3B09, 0x3B09, 0x3B09, 0x4309, 0x3B0A, 0x3B2A, 0x3AC8,
  0x73EB, 0x536A, 0x4B4A, 0x4B4A, 0x4B6A, 0x4B6A, 0x4B4A, 0x4B4A, 0x4B4A, 0x4B4A, 0x4B4A, 0x4B4A,
  0x4B2A, 0x4B4A, 0x4B4A, 0x4B6A, 0x4B4A, 0x4B29, 0x7C0C, 0x434A, 0x3B09, 0x3B09, 0x3B29, 0x3B2A,
  0x3B29, 0x3B09, 0x3B09, 0x3B09, 0x4309, 0x3B09, 0x3B09, 0x3B09, 0x4329, 0x432A, 0x32C8, 0x636A,
  0x6BEC, 0x3B09, 0x432A, 0x4329, 0x432A, 0x4329, 0x4309, 0x4309, 0x432A, 0x3B09, 0x430A, 0x4309,
  0x432A, 0x432A, 0x432A, 0x434A, 0x3AA8, 0x7BEB, 0x640C, 0x434A, 0x4B4A, 0x432A, 0x432A, 0x4B4A,
  0x432A, 0x3AE9, 0x4309, 0x432A, 0x432A, 0x432A, 0x4B4A, 0x4B2A, 0x4329, 0x5349, 0x4AC8, 0x2206,
  0x2206, 0x21C5, 0x21C5, 0x10E3, 0x5246, 0x5224, 0x3962, 0x39A4, 0x39A5, 0x1081, 0x20E1, 0x3141,
  0x41A3, 0x3942, 0x3962, 0x3942, 0x3942, 0x7AE5, 0x6A63, 0x8305, 0x9B65, 0xA385, 0xA3C6, 0xBCAA,
  0xBC89, 0xABE7, 0x9B85, 0x9325, 0x82E4, 0x7AA4, 0x8B25, 0x7283, 0x5A03, 0x41A3, 0x3962, 0x3983,
  0x3143, 0x18C1, 0x2922, 0x2901, 0x3122, 0x3142, 0x2901, 0x3122, 0x28E1, 0x3122, 0x3121, 0x3142,
  0x4289, 0x5B4A, 0x4AE8, 0x3206, 0x42CA, 0x42AA, 0x42EA, 0x42A9, 0x42A8, 0x4AEA, 0x3A8A, 0x328A,
  0x3AAB, 0x3AAA, 0x4288, 0x3A68, 0x4289, 0x52E9, 0x5309, 0x3A47, 0x52E9, 0x3A68, 0x3A47, 0x3206,
  0x2963, 0x1964, 0x1985, 0x19A5, 0x21C6, 0x2A06, 0x2A26, 0x2A26, 0x2A26, 0x2A47, 0x2A26, 0x3226,
  0x4AE9, 0x2A67, 0x3288, 0x3288, 0x3AC9, 0x3AC9, 0x3AC9, 0x3AE9, 0x3B09, 0x4309, 0x432A, 0x432A,
  0x430A, 0x42C8, 0x638B, 0x3B09, 0x3B0A, 0x4309, 0x432A, 0x3B09, 0x430A, 0x430A, 0x430A, 0x4309,
  0x432A, 0x430A, 0x432A, 0x432A, 0x4B0A, 0x432A, 0x42E9, 0x840C, 0x4B6B, 0x3B09, 0x4309, 0x4309,
  0x3B09, 0x3B29, 0x3B29, 0x3B0A, 0x3B0A, 0x432A, 0x3B09, 0x4329, 0x432A, 0x3B29, 0x432A, 0x3AC8,
  0x73CB, 0x5BAB, 0x4309, 0x432A, 0x434A, 0x4B4A, 0x432A, 0x432A, 0x432A, 0x432A, 0x432A, 0x4B2A,
  0x432A, 0x432A, 0x432A, 0x4B4A, 0x3B09, 0x4B09, 0x742C, 0x3B29, 0x3B09, 0x3B09, 0x3B09, 0x3AE9,
  0x3B09, 0x3AE9, 0x3B09, 0x3B29, 0x3B09, 0x3B09, 0x3B09, 0x3B09, 0x42E9, 0x432A, 0x3B09, 0x4B09,
  0x844D, 0x4B49, 0x434A, 0x4B4A, 0x4B4A, 0x4B4A, 0x4B4A, 0x4B2A, 0x4B4A, 0x4B2A, 0x4B4A, 0x4B4A,
  0x4B6A, 0x4B4A, 0x4B4A, 0x4B2A, 0x4B2A, 0x4AE9, 0x7C0C, 0x3B29, 0x3B09, 0x3AE9, 0x3B09, 0x3B09,
  0x3B09, 0x3B09, 0x3B09, 0x4309, 0x3B09, 0x3AE9, 0x3B09, 0x4309, 0x3B09, 0x432A, 0x32A8, 0x636B,
  0x6BEC, 0x3B09, 0x3B09, 0x3B09, 0x432A, 0x4329, 0x4329, 0x3B09, 0x432A, 0x3B09, 0x4309, 0x3B09,
  0x4329, 0x4329, 0x4329, 0x434A, 0x3AA8, 0x7C2C, 0x63EB, 0x434A, 0x4B4A, 0x4B4A, 0x4B4A, 0x434A,
  0x432A, 0x432A, 0x434A, 0x430A, 0x432A, 0x432A, 0x432A, 0x4B2A, 0x432A, 0x4AE9, 0x5309, 0x2A26,
  0x2A67, 0x2A26, 0x29C5, 0x39C6, 0x5246, 0x5224, 0x3962, 0x39A4, 0x39C5, 0x10A1, 0x2902, 0x2921,
  0x4162, 0x3962, 0x3942, 0x4162, 0x3121, 0x72A4, 0x7284, 0x7AA4, 0x9325, 0xA386, 0xA386, 0xBC89,
  0xBCAA, 0xAC28, 0x9B86, 0x9B45, 0x7AA4, 0x7A64, 0x8B05, 0x7AE4, 0x5A03, 0x49A3, 0x3941, 0x3983,
  0x3984, 0x18C1, 0x2922, 0x2902, 0x3122, 0x3142, 0x3122, 0x3121, 0x2901, 0x2902, 0x3121, 0x3121,
  0x5B4B, 0x4AEA, 0x3268, 0x3269, 0x4AEB, 0x42AA, 0x4AC9, 0x3A88, 0x4267, 0x42EA, 0x3AAB, 0x3ACB,
  0x3ACB, 0x3249, 0x3A06, 0x52C8, 0x5B29, 0x4AE9, 0x4288, 0x3A67, 0x4AC8, 0x4268, 0x3A47, 0x2164,
  0x1943, 0x19A5, 0x1985, 0x21C6, 0x2206, 0x2A26, 0x2226, 0x2A26, 0x2A47, 0x2A47, 0x2A06, 0x3A87,
  0x4B2A, 0x32C8, 0x32C9, 0x3AE9, 0x3B0A, 0x32E9, 0x32C8, 0x3B09, 0x3B09, 0x4309, 0x3B0A, 0x4329,
  0x32EA, 0x4B09, 0x63EC, 0x3B09, 0x3B09, 0x3B09, 0x3B0A, 0x3B0A, 0x3B0A, 0x432A, 0x3B0A, 0x3B09,
  0x3B09, 0x3B2A, 0x432A, 0x432A, 0x432A, 0x3AE9, 0x4B29, 0x740C, 0x3B0A, 0x3B29, 0x430A, 0x3AE9,
  0x3B09, 0x3B0A, 0x3B2A, 0x3B2A, 0x3B2A, 0x3B2A, 0x3B09, 0x3B09, 0x432A, 0x4329, 0x3B2A, 0x32A8,
  0x7C2D, 0x63EC, 0x4309, 0x4B6B, 0x434A, 0x4309, 0x3B09, 0x434A, 0x3B09, 0x432A, 0x4329, 0x432A,
  0x432A, 0x432A, 0x434A, 0x4B4A, 0x3AE9, 0x5B69, 0x742D, 0x3B29, 0x3B2A, 0x3309, 0x3B09, 0x3B0A,
  0x3309, 0x32E9, 0x3B09, 0x3B09, 0x3B09, 0x3B09, 0x3B0A, 0x3B09, 0x3B09, 0x4329, 0x32E9, 0x42C8,
  0x848E, 0x538B, 0x432A, 0x4B4A, 0x4B4A, 0x4B4A, 0x4B4A, 0x432A, 0x4B4A, 0x4B2A, 0x4B6B, 0x4B4A,
  0x536B, 0x536B, 0x4B4A, 0x4B4A, 0x432A, 0x4B09, 0x742D, 0x4329, 0x3B09, 0x3B09, 0x330A, 0x3B0A,
  0x3B09, 0x3B09, 0x3B0A, 0x432A, 0x3B0A, 0x3B09, 0x3AE9, 0x3B09, 0x3B09, 0x3B2A, 0x32C9, 0x5B4A,
  0x6BEC, 0x3B09, 0x3B09, 0x3B09, 0x3B29, 0x3B09, 0x3B09, 0x3B0A, 0x3B2A, 0x432A, 0x3B09, 0x3B09,
  0x3B09, 0x3B09, 0x4329, 0x4B4A, 0x32A8, 0x6BCB, 0x6C2D, 0x432A, 0x432A, 0x434A, 0x434B, 0x434A,
  0x434A, 0x4B4A, 0x4B4B, 0x434A, 0x4B4B, 0x432A, 0x4329, 0x434A, 0x434A, 0x3AC9, 0x5B4A, 0x3AA7,
  0x2A67, 0x21E5, 0x4226, 0x83CC, 0x2922, 0x5205, 0x3982, 0x3984, 0x2943, 0x2943, 0x2102, 0x28E1,
  0x4182, 0x4183, 0x3942, 0x4183, 0x3121, 0x5A23, 0x6A84, 0x7263, 0x8B04, 0x9B85, 0xA385, 0xB449,
  0xBCAA, 0xB469, 0x9B86, 0x9B65, 0x8B05, 0x7A83, 0x7A84, 0x82E5, 0x6243, 0x51C3, 0x4162, 0x3942,
  0x39A3, 0x20E1, 0x2101, 0x2901, 0x2922, 0x3122, 0x3121, 0x2921, 0x3142, 0x28E1, 0x3142, 0x3101,
  0x42C9, 0x42EA, 0x3A89, 0x328A, 0x3ACB, 0x3A89, 0x3AA9, 0x3269, 0x3A48, 0x42EC, 0x3AAB, 0x3A89,
  0x3A48, 0x4267, 0x5B09, 0x52E9, 0x4288, 0x4AC9, 0x42A8, 0x4267, 0x4AA8, 0x3A26, 0x2184, 0x2184,
  0x29C5, 0x2A06, 0x3247, 0x3A67, 0x3267, 0x3AA7, 0x42E9, 0x42C8, 0x3AA7, 0x42C8, 0x3246, 0x52E8,
  0x5349, 0x4B29, 0x4B09, 0x534A, 0x532A, 0x534A, 0x538B, 0x5B8B, 0x5B8B, 0x5B8B, 0x536B, 0x5BAB,
  0x4AE9, 0x6B8A, 0x740C, 0x5BAA, 0x5B8A, 0x5BAB, 0x63CB, 0x63CC, 0x63AB, 0x63AB, 0x63AB, 0x63AB,
  0x63EC, 0x63AB, 0x63CB, 0x63CB, 0x63CB, 0x42E8, 0x6BAA, 0x7C0C, 0x5BAB, 0x5BAB, 0x63AB, 0x638B,
  0x6BEC, 0x63CB, 0x63CB, 0x63AB, 0x6BEC, 0x6BEC, 0x63AA, 0x638A, 0x6BCB, 0x6BEC, 0x536A, 0x4AE9,
  0x7C0D, 0x73EB, 0x636A, 0x638B, 0x63AB, 0x6BCB, 0x6BCC, 0x6BEC, 0x63CB, 0x5B8A, 0x5B8B, 0x5BAB,
  0x63AB, 0x63AB, 0x5B8A, 0x63AB, 0x4B09, 0x738A, 0x7C0D, 0x63CB, 0x5BAB, 0x5BAB, 0x5BAB, 0x5BAA,
  0x5B8A, 0x63CB, 0x5BCB, 0x5BAB, 0x538A, 0x5B8B, 0x5BAB, 0x5B8B, 0x5B8B, 0x5BAB, 0x4B0A, 0x5B08,
  0x8C6D, 0x6BCB, 0x5BAB, 0x5B8A, 0x63AB, 0x63CB, 0x63AB, 0x5B4A, 0x5B4A, 0x5B6A, 0x5349, 0x5B8A,
  0x63CB, 0x6C0C, 0x63AB, 0x63AB, 0x4B08, 0x52C7, 0x842C, 0x63AA, 0x5B8A, 0x5B8A, 0x5B6A, 0x63AB,
  0x63AB, 0x5349, 0x5B8A, 0x5B8B, 0x536A, 0x5B8A, 0x536A, 0x5349, 0x5BAB, 0x5B8B, 0x42C8, 0x6349,
  0x7BEC, 0x5B8B, 0x536A, 0x5B6A, 0x5B8A, 0x5B8A, 0x536A, 0x63AB, 0x5B8A, 0x5B6A, 0x5BAB, 0x534A,
  0x536A, 0x536A, 0x534A, 0x5B6B, 0x42A8, 0x738A, 0x740C, 0x5B8B, 0x5B8B, 0x5B8B, 0x534A, 0x42C8,
  0x5349, 0x536A, 0x534A, 0x63AB, 0x63AB, 0x63AB, 0x5B6A, 0x5B8A, 0x534A, 0x42A7, 0x6349, 0x4B28,
  0x4AE8, 0x3205, 0x6309, 0x7BAC, 0x4A06, 0x3142, 0x3162, 0x2902, 0x2923, 0x41E5, 0x20E2, 0x20E1,
  0x41A3, 0x41A3, 0x4162, 0x4183, 0x3962, 0x49A2, 0x72A4, 0x7283, 0x82E4, 0x9B86, 0xA3A5, 0xAC07,
  0xBC89, 0xBCAA, 0xA3A7, 0x8B04, 0x9345, 0x82C4, 0x6A22, 0x72A4, 0x6A43, 0x5203, 0x4183, 0x3942,
  0x41C4, 0x2923, 0x20C1, 0x2901, 0x2901, 0x3122, 0x3122, 0x2921, 0x3942, 0x20C1, 0x2922, 0x2901,
  0x42A9, 0x42CA, 0x3269, 0x328A, 0x3ACB, 0x326A, 0x3AAA, 0x328A, 0x3A48, 0x4289, 0x3A48, 0x4AA8,
  0x5B2A, 0x52E8, 0x4A87, 0x42A9, 0x3AA8, 0x4288, 0x4247, 0x4247, 0x31E5, 0x2143, 0x29A4, 0x3A06,
  0x3206, 0x3A26, 0x3A47, 0x3A26, 0x3A47, 0x3A47, 0x4287, 0x4287, 0x3A46, 0x4267, 0x5AE9, 0x634A,
  0x4AA8, 0x4AC8, 0x42A8, 0x5309, 0x4AE9, 0x532A, 0x5B6A, 0x532A, 0x636A, 0x636B, 0x5B6A, 0x5B2A,
  0x6B6A, 0x8C4D, 0x636A, 0x638B, 0x638B, 0x6BAB, 0x636A, 0x638A, 0x6BCB, 0x6BCB, 0x6BCB, 0x6BCB,
  0x6BAB, 0x6B8B, 0x6BAB, 0x6BAB, 0x638B, 0x5B29, 0x9CAE, 0x7BCB, 0x73EC, 0x740C, 0x7C0C, 0x7C0C,
  0x7C0C, 0x73EB, 0x6BCB, 0x6BAB, 0x6BCC, 0x6BAB, 0x6B8B, 0x636A, 0x73CB, 0x6BAB, 0x5B49, 0x7BEB,
  0x948D, 0x638A, 0x63AB, 0x63AB, 0x6BEC, 0x6BCC, 0x6BCB, 0x6BAB, 0x6BAB, 0x63AB, 0x63AB, 0x6BAC,
  0x638B, 0x5B6A, 0x638B, 0x638B, 0x636A, 0x9CAD, 0x73CB, 0x6BAA, 0x73EC, 0x73EC, 0x740C, 0x7C2D,
  0x73EC, 0x6BCC, 0x6BCC, 0x6BEC, 0x63AB, 0x6BAB, 0x73EC, 0x73EB, 0x6BAB, 0x6BCB, 0x5B4A, 0x8C2C,
  0x840B, 0x5B2A, 0x638B, 0x6BAB, 0x6BAB, 0x6B8A, 0x638A, 0x6BAA, 0x6B8A, 0x636A, 0x6B8B, 0x638B,
  0x5B4A, 0x6B8B, 0x638A, 0x638A, 0x5B29, 0x7BCB, 0x946D, 0x636A, 0x73CB, 0x73CB, 0x6BAB, 0x638B,
  0x6BAB, 0x638A, 0x6BCB, 0x636A, 0x5B49, 0x6BCC, 0x6BCB, 0x6BCB, 0x6B8B, 0x6B8B, 0x5B4A, 0x944D,
  0x8C4C, 0x5B6A, 0x638A, 0x63AA, 0x6BCB, 0x6BEC, 0x6BCC, 0x6BCB, 0x6BAA, 0x638A, 0x6BAB, 0x5B49,
  0x638A, 0x638A, 0x636A, 0x5B69, 0x52E8, 0x948D, 0x73CA, 0x5349, 0x5B69, 0x5B49, 0x5B49, 0x5309,
  0x532A, 0x4AC9, 0x5309, 0x5B2A, 0x5B29, 0x5309, 0x5B29, 0x634A, 0x636A, 0x5309, 0x7BCB, 0x52E8,
  0x52A8, 0x3A05, 0x6AE9, 0x7B8B, 0x946F, 0x6B09, 0x5267, 0x41E5, 0x39A4, 0x39A4, 0x2943, 0x20C1,
  0x3142, 0x49C3, 0x4162, 0x4182, 0x3962, 0x3941, 0x72A4, 0x7262, 0x82E4, 0x9B86, 0xA3A6, 0xA3E7,
  0xC4EB, 0xBC89, 0x9B86, 0x9365, 0xA3C6, 0xABE7, 0xA3A7, 0x9BA6, 0x9346, 0x6A63, 0x51E2, 0x3941,
  0x3983, 0x3163, 0x20C0, 0x2902, 0x28E1, 0x2921, 0x3142, 0x2902, 0x3942, 0x2901, 0x28E1, 0x3122,
  0x3AAA, 0x3AAB, 0x2A49, 0x326A, 0x42EC, 0x42AB, 0x3A68, 0x3227, 0x39E5, 0x52E9, 0x5309, 0x52C8,
  0x4AA8, 0x4287, 0x4AA8, 0x4AC9, 0x3A88, 0x3A67, 0x3A26, 0x29C5, 0x1943, 0x1984, 0x2185, 0x29C5,
  0x19A5, 0x19C5, 0x19C5, 0x19A4, 0x2205, 0x21E6, 0x21E5, 0x2205, 0x2206, 0x21C5, 0x4AC8, 0x3A87,
  0x2A26, 0x3287, 0x3AE9, 0x3AC8, 0x3AE8, 0x3B29, 0x3AE9, 0x3AE8, 0x3B09, 0x3B09, 0x3B29, 0x3AE9,
  0x42A8, 0x6BEB, 0x432A, 0x3B09, 0x3AE9, 0x3B09, 0x3AE9, 0x3AE9, 0x3B09, 0x3B09, 0x3AE9, 0x432A,
  0x3B09, 0x4309, 0x3AE9, 0x3B09, 0x3AE9, 0x3A86, 0x7C2C, 0x536A, 0x4329, 0x4B6A, 0x4B4A, 0x4B2A,
  0x4309, 0x432A, 0x4309, 0x4B4A, 0x432A, 0x4B4A, 0x4309, 0x4329, 0x434A, 0x432B, 0x32C8, 0x5B29,
  0x742D, 0x3B09, 0x3AE9, 0x3AE9, 0x3B09, 0x32C9, 0x32E9, 0x32E9, 0x32E9, 0x32E9, 0x32E9, 0x3AE9,
  0x3AE9, 0x3AE9, 0x3AE9, 0x32E9, 0x3246, 0x7C0C, 0x5BCC, 0x432A, 0x4B4A, 0x434A, 0x4B4A, 0x4B4A,
  0x4B4A, 0x4329, 0x4329, 0x4309, 0x4B4A, 0x4B49, 0x4B4A, 0x4309, 0x432A, 0x434A, 0x3AC9, 0x6BAB,
  0x6BEC, 0x3B09, 0x3AE8, 0x3B09, 0x3B09, 0x3AE9, 0x3AC9, 0x3AE9, 0x42E9, 0x4B2A, 0x432A, 0x3AE9,
  0x4329, 0x4309, 0x3AE8, 0x4309, 0x32C8, 0x4AE8, 0x740C, 0x538A, 0x4B4A, 0x4B6A, 0x434A, 0x4B6A,
  0x4B6A, 0x4329, 0x4B4A, 0x4B6A, 0x4B4A, 0x4B49, 0x4329, 0x4B6A, 0x4B49, 0x4B4A, 0x3AE9, 0x5309,
  0x63AB, 0x3B09, 0x3AE8, 0x3AE8, 0x3AE9, 0x3AE9, 0x3AE9, 0x3AE9, 0x3AE9, 0x3AE9, 0x3AE8, 0x3AE8,
  0x32C8, 0x3AE9, 0x3AC8, 0x3AE9, 0x32A8, 0x5349, 0x536A, 0x3AE8, 0x32A8, 0x3AC8, 0x32A8, 0x32A8,
  0x3288, 0x32A8, 0x3AC8, 0x32A8, 0x32A8, 0x32A8, 0x3AC8, 0x3AC8, 0x3AC8, 0x2A46, 0x52E8, 0x3A87,
  0x21C5, 0x1984, 0x4A67, 0x83EC, 0x7BAB, 0x5AC8, 0x4A66, 0x39C5, 0x3163, 0x4205, 0x2943, 0x20E1,
  0x3142, 0x49C3, 0x4162, 0x4182, 0x4182, 0x3101, 0x6A64, 0x6A63, 0x82E4, 0x8B04, 0xA386, 0x9B86,
  0xAC28, 0xB448, 0xC4CA, 0xB469, 0xAC08, 0x8B25, 0x8B25, 0x8305, 0x82E5, 0x7AA5, 0x7AC5, 0x51E3,
  0x3942, 0x3142, 0x20C1, 0x2902, 0x2901, 0x2901, 0x3142, 0x2901, 0x3942, 0x3162, 0x20E1, 0x3142,
  0x3ACC, 0x3AAB, 0x326A, 0x3A69, 0x3248, 0x3228, 0x4A88, 0x4AA8, 0x5287, 0x52C9, 0x4288, 0x4288,
  0x42A9, 0x42A8, 0x4A87, 0x4AA8, 0x3A46, 0x3206, 0x2144, 0x1944, 0x19A5, 0x19A5, 0x21C6, 0x21C5,
  0x21C5, 0x21C5, 0x2206, 0x2A26, 0x2206, 0x21E6, 0x2A26, 0x2A26, 0x2A26, 0x2A06, 0x4AC8, 0x2A67,
  0x32C9, 0x432A, 0x3B09, 0x4329, 0x432A, 0x432A, 0x3B09, 0x4309, 0x432A, 0x432A, 0x434A, 0x3AEA,
  0x532A, 0x5BAA, 0x432A, 0x4329, 0x434A, 0x434A, 0x434A, 0x434A, 0x434A, 0x432A, 0x434A, 0x4B4A,
  0x4B4A, 0x432A, 0x432A, 0x4B4A, 0x432A, 0x5329, 0x740C, 0x4B6A, 0x4B4A, 0x4B6B, 0x4B4A, 0x4B4A,
  0x4B6A, 0x4B4A, 0x4B4A, 0x4B4A, 0x4B6A, 0x538B, 0x4B6A, 0x4B4A, 0x4B4A, 0x534B, 0x3B08, 0x6BAB,
  0x5BAB, 0x3B09, 0x3B09, 0x3B09, 0x3B2A, 0x3B0A, 0x3B0A, 0x3B2A, 0x3B09, 0x3B2A, 0x432A, 0x3B29,
  0x432A, 0x3B29, 0x432A, 0x3B09, 0x4B09, 0x844D, 0x538B, 0x4B2A, 0x4B6B, 0x4B6B, 0x4B4A, 0x4B4A,
  0x4B6A, 0x4B4A, 0x4B6A, 0x4B4A, 0x4B4A, 0x4B4A, 0x4B4A, 0x4B4A, 0x4B4A, 0x4B6A, 0x3AC9, 0x6B8A,
  0x63CC, 0x3B09, 0x432A, 0x4309, 0x432A, 0x4329, 0x4329, 0x4329, 0x4309, 0x4309, 0x4329, 0x4329,
  0x4329, 0x432A, 0x4329, 0x4B4A, 0x3B09, 0x5329, 0x7C4D, 0x536A, 0x4B4A, 0x536B, 0x4B6A, 0x536A,
  0x538B, 0x538B, 0x538B, 0x536B, 0x538B, 0x536B, 0x4B4A, 0x4B6A, 0x536A, 0x536B, 0x4B4A, 0x5309,
  0x5B6A, 0x3AE9, 0x3AE9, 0x4309, 0x4309, 0x4309, 0x4309, 0x3AE9, 0x4329, 0x4309, 0x4309, 0x3B09,
  0x4309, 0x4329, 0x4309, 0x4329, 0x3AE9, 0x42A7, 0x5BAB, 0x3AE9, 0x3AE8, 0x4309, 0x3AE8, 0x3AE9,
  0x3AE9, 0x3AE9, 0x3AE9, 0x3AE9, 0x3AC8, 0x3AC8, 0x3AE9, 0x3AE8, 0x3AE9, 0x3288, 0x4AC8, 0x42E9,
  0x2A27, 0x21C5, 0x39A4, 0x62C7, 0x5246, 0x5266, 0x4A46, 0x31A4, 0x3184, 0x39C4, 0x18C1, 0x2902,
  0x3142, 0x49C3, 0x3962, 0x4182, 0x4182, 0x3122, 0x51E2, 0x7284, 0x7283, 0x8B04, 0x9365, 0x8B25,
  0xC4EA, 0xC4EA, 0x9BA6, 0x7263, 0x6223, 0x51A2, 0x51A2, 0x51C2, 0x49A2, 0x4982, 0x49A2, 0x49A3,
  0x4183, 0x41A3, 0x20C1, 0x20E1, 0x2902, 0x2901, 0x3142, 0x2901, 0x3121, 0x3962, 0x28E1, 0x3122,
  0x3A8A, 0x3A6A, 0x3208, 0x4247, 0x4AC8, 0x52E9, 0x5B29, 0x4288, 0x4267, 0x42A8, 0x4288, 0x42A8,
  0x42A8, 0x4267, 0x4246, 0x4247, 0x31C4, 0x1963, 0x1965, 0x19A5, 0x21C5, 0x21C5, 0x21A5, 0x21C5,
  0x21C5, 0x21E5, 0x2A26, 0x2A06, 0x2A27, 0x2A26, 0x21E5, 0x2A26, 0x2A46, 0x3A67, 0x4AE9, 0x2A88,
  0x432A, 0x432A, 0x4309, 0x4B4A, 0x4309, 0x432A, 0x432A, 0x430A, 0x432A, 0x432A, 0x432A, 0x3AA9,
  0x636A, 0x434A, 0x3B09, 0x434A, 0x434A, 0x432A, 0x432A, 0x432A, 0x432A, 0x432A, 0x432A, 0x432A,
  0x4B4A, 0x432A, 0x4329, 0x432A, 0x3AC8, 0x6B8A, 0x6C0D, 0x4329, 0x4B4A, 0x536A, 0x4B6A, 0x4B4A,
  0x4B4A, 0x4B6A, 0x4B4A, 0x4B4A, 0x536B, 0x4B4A, 0x4B4A, 0x4B4A, 0x4B4A, 0x4B6A, 0x3AC8, 0x73CB,
  0x436B, 0x3B2A, 0x3B0A, 0x3B2A, 0x3B0A, 0x3B0A, 0x3B09, 0x3B29, 0x3B09, 0x432A, 0x432A, 0x3B0A,
  0x3B0A, 0x3B2A, 0x432A, 0x32C9, 0x4AE9, 0x7C2D, 0x434A, 0x4B4A, 0x4B6B, 0x4B4A, 0x4B4A, 0x4B4A,
  0x432A, 0x4B4A, 0x4B6A, 0x4B6A, 0x4B4A, 0x4B4A, 0x4B4A, 0x4B6A, 0x4B4A, 0x4B6B, 0x3AC8, 0x738A,
  0x5BAB, 0x3B09, 0x432A, 0x4309, 0x3B09, 0x4329, 0x4309, 0x4309, 0x4329, 0x4309, 0x4309, 0x4309,
  0x4309, 0x430A, 0x432A, 0x4329, 0x3AE9, 0x636A, 0x7C6E, 0x4B4A, 0x4B4B, 0x5BAC, 0x536B, 0x4B4B,
  0x536B, 0x536A, 0x4B6B, 0x536B, 0x536B, 0x536A, 0x536A, 0x536B, 0x536A, 0x536A, 0x4B2A, 0x5309,
  0x6BCC, 0x3AE9, 0x4309, 0x4309, 0x4309, 0x3AE9, 0x3B09, 0x3B09, 0x3B09, 0x4309, 0x4309, 0x4309,
  0x4309, 0x4309, 0x4309, 0x4329, 0x32A8, 0x52E8, 0x6BEC, 0x32C8, 0x3AE9, 0x3AC8, 0x3AC8, 0x3AE9,
  0x3AC9, 0x3AC8, 0x3AC9, 0x3AE9, 0x3AC8, 0x3AC8, 0x3AE9, 0x3AC9, 0x3AE9, 0x3288, 0x5B09, 0x4B49,
  0x2A27, 0x2A06, 0x1943, 0x39C5, 0x4A05, 0x41C4, 0x39A4, 0x3183, 0x3163, 0x2102, 0x10A1, 0x2901,
  0x3142, 0x49A3, 0x4982, 0x4182, 0x4182, 0x3942, 0x49C2, 0x72A4, 0x7284, 0x8305, 0x9345, 0xB428,
  0xBCCB, 0x8305, 0x6A22, 0x7243, 0x7263, 0x82C4, 0x7263, 0x7AA4, 0x7A84, 0x59E2, 0x3962, 0x28E1,
  0x3122, 0x49C3, 0x3962, 0x20A0, 0x2922, 0x2901, 0x3142, 0x3122, 0x2902, 0x3962, 0x3121, 0x20C1,
  0x3A47, 0x4AA9, 0x52C9, 0x4A87, 0x52E8, 0x3A87, 0x3A67, 0x3A88, 0x4A88, 0x42C8, 0x3A88, 0x4288,
  0x4247, 0x3A06, 0x31C4, 0x1943, 0x31E5, 0x29C5, 0x21C5, 0x21A5, 0x21C5, 0x21C5, 0x21A5, 0x21C5,
  0x21E6, 0x2206, 0x2A26, 0x2A26, 0x2A46, 0x2A46, 0x2A46, 0x32A8, 0x3266, 0x4AC8, 0x3AA8, 0x3B09,
  0x3B0A, 0x432A, 0x3AE9, 0x432A, 0x432A, 0x432A, 0x430A, 0x430A, 0x432A, 0x432A, 0x432A, 0x3AC9,
  0x63AB, 0x432A, 0x432A, 0x434A, 0x434A, 0x432A, 0x432A, 0x432A, 0x4B4A, 0x434A, 0x434A, 0x432A,
  0x432A, 0x434A, 0x432A, 0x434A, 0x32A8, 0x73EC, 0x63AB, 0x432A, 0x4B4A, 0x536B, 0x4B6A, 0x4B4A,
  0x4B6A, 0x4B4A, 0x4B4A, 0x4B4A, 0x4B6A, 0x4B6A, 0x4B6A, 0x4B4A, 0x4B6A, 0x4B6A, 0x42E9, 0x7C0C,
  0x432A, 0x3B09, 0x3B09, 0x3B09, 0x3B0A, 0x3B2A, 0x3B2A, 0x3B2A, 0x3B2A, 0x3B09, 0x3B2A, 0x3B2A,
  0x3B2A, 0x3B2A, 0x432A, 0x32C9, 0x5B6A, 0x73EC, 0x4B4B, 0x4B4A, 0x4B6A, 0x434A, 0x4B4A, 0x4B4A,
  0x4B2A, 0x4B4A, 0x4B6A, 0x4B6A, 0x4B4A, 0x4B6A, 0x4B6A, 0x4B4A, 0x4B4A, 0x4B4A, 0x4B09, 0x842D,
  0x536A, 0x3B09, 0x4329, 0x4309, 0x3B09, 0x3B09, 0x4309, 0x4309, 0x4329, 0x4309, 0x4309, 0x4309,
  0x3B09, 0x432A, 0x432A, 0x4329, 0x3AE8, 0x5B29, 0x744D, 0x4B8A, 0x538B, 0x538B, 0x536A, 0x536B,
  0x536B, 0x4B4A, 0x4B6A, 0x538B, 0x536B, 0x536A, 0x536B, 0x536B, 0x536B, 0x534B, 0x430A, 0x5329,
  0x742D, 0x3B09, 0x4329, 0x4309, 0x4309, 0x430A, 0x3B09, 0x3AE9, 0x4309, 0x4309, 0x4309, 0x3B09,
  0x4309, 0x4309, 0x3AE9, 0x4329, 0x3AC9, 0x5309, 0x6BCB, 0x3AE9, 0x3AE9, 0x3AC9, 0x3AC8, 0x3AE9,
  0x3AC8, 0x3AC8, 0x3AE9, 0x3AC9, 0x32C8, 0x3AE8, 0x3AE9, 0x3AE9, 0x3B09, 0x3AC9, 0x52E8, 0x5B8A,
  0x2A27, 0x2A27, 0x29E6, 0x2163, 0x2143, 0x3184, 0x3184, 0x2942, 0x1902, 0x1103, 0x10C2, 0x20E1,
  0x3142, 0x41A3, 0x49A2, 0x4182, 0x4182, 0x3962, 0x3121, 0x6A65, 0x7283, 0x7AC4, 0xB469, 0x8B24,
  0x59C2, 0x82E5, 0x9BA6, 0x9B86, 0x9345, 0x9344, 0x82E4, 0x7AC4, 0x82E4, 0x6A63, 0x5203, 0x3962,
  0x3142, 0x3121, 0x41A3, 0x2901, 0x20E2, 0x2901, 0x3122, 0x3142, 0x3122, 0x3942, 0x3142, 0x18A0,
  0x4AC8, 0x52E9, 0x4288, 0x3A46, 0x4AA8, 0x3A67, 0x42A8, 0x3A68, 0x4A67, 0x4AA8, 0x4247, 0x39E5,
  0x2964, 0x1923, 0x1943, 0x29A4, 0x3A27, 0x21A5, 0x21C5, 0x21C5, 0x21C5, 0x21C5, 0x21E5, 0x21E6,
  0x2A06, 0x2A27, 0x2A26, 0x2A26, 0x2A66, 0x3AA7, 0x3287, 0x2A87, 0x3267, 0x5309, 0x3B09, 0x432A,
  0x3B09, 0x432A, 0x432A, 0x4309, 0x432A, 0x4309, 0x432A, 0x432A, 0x432A, 0x434A, 0x4309, 0x4B09,
  0x5B8B, 0x432A, 0x434A, 0x432A, 0x434A, 0x432A, 0x430A, 0x432A, 0x434A, 0x430A, 0x4B4A, 0x4B4A,
  0x4B4A, 0x4B4A, 0x432A, 0x432A, 0x42E9, 0x7C2D, 0x534A, 0x4B4A, 0x536A, 0x4B6B, 0x4B4A, 0x4B4A,
  0x4B4A, 0x4329, 0x4B4A, 0x4B4A, 0x4B4A, 0x4B6A, 0x4B6A, 0x4B4A, 0x4B6A, 0x432A, 0x5329, 0x742D,
  0x3B29, 0x3B29, 0x3B09, 0x3B2A, 0x3B2A, 0x3B0A, 0x3B2A, 0x3B0A, 0x3B0A, 0x3B0A, 0x3B0A, 0x3B0A,
  0x3B2A, 0x3B0A, 0x3B2A, 0x3287, 0x6BAB, 0x6BEC, 0x4B4A, 0x434A, 0x4B4A, 0x434A, 0x432A, 0x4B2A,
  0x4B4A, 0x4B4A, 0x4B6A, 0x4B4A, 0x4B6A, 0x4B4A, 0x4B4A, 0x4B4A, 0x4B6A, 0x4B6A, 0x42C8, 0x842D,
  0x536A, 0x3B09, 0x4329, 0x4309, 0x3B29, 0x3B09, 0x4309, 0x4309, 0x4309, 0x4309, 0x430A, 0x4309,
  0x4309, 0x4329, 0x4309, 0x434A, 0x3AE9, 0x5B09, 0x6BEC, 0x4B4A, 0x536B, 0x4B4A, 0x536A, 0x4B4A,
  0x4B6A, 0x4B6A, 0x4B4A, 0x536B, 0x536B, 0x536B, 0x536A, 0x538B, 0x534B, 0x536B, 0x430A, 0x5309,
  0x6BEC, 0x3B09, 0x4309, 0x432A, 0x432A, 0x3AE9, 0x3B09, 0x4309, 0x4309, 0x4309, 0x4309, 0x3B09,
  0x4309, 0x3B09, 0x3AE9, 0x3B09, 0x3AE9, 0x5329, 0x6BEB, 0x3B09, 0x3AC8, 0x3AC9, 0x3AC9, 0x3AE8,
  0x3AC9, 0x32C8, 0x3AC8, 0x3AC8, 0x3AC8, 0x3AE9, 0x3AE9, 0x3AE9, 0x3AE9, 0x3AC9, 0x4AC8, 0x638B,
  0x2A67, 0x3267, 0x2A27, 0x2206, 0x21A5, 0x1944, 0x1923, 0x2963, 0x2164, 0x1945, 0x1103, 0x20E1,
  0x3942, 0x41A3, 0x51E3, 0x4182, 0x3962, 0x4182, 0x2901, 0x6244, 0x6A22, 0x9366, 0x8B46, 0x5181,
  0x72A4, 0xC50C, 0xB448, 0xABC7, 0x9B65, 0x9B65, 0x8B25, 0x7AC4, 0x7AC4, 0x7284, 0x6244, 0x41A3,
  0x3962, 0x3142, 0x3141, 0x3142, 0x20C1, 0x2902, 0x2901, 0x3121, 0x3122, 0x3942, 0x3162, 0x20E1,
  0x3A67, 0x4288, 0x4268, 0x4288, 0x4AA8, 0x4267, 0x3A46, 0x3A47, 0x4205, 0x3A26, 0x29A4, 0x1943,
  0x1943, 0x1985, 0x19A5, 0x3A47, 0x29E6, 0x19C5, 0x21C5, 0x21C5, 0x21E5, 0x2A06, 0x2A26, 0x2A46,
  0x2A47, 0x2A26, 0x3267, 0x3287, 0x3287, 0x3287, 0x32A8, 0x2A67, 0x42A8, 0x4B6A, 0x3B0A, 0x430A,
  0x4309, 0x432A, 0x432A, 0x430A, 0x432A, 0x432A, 0x432A, 0x4B4A, 0x4B4A, 0x4B6B, 0x42E9, 0x638A,
  0x4B4B, 0x432A, 0x432A, 0x432A, 0x434A, 0x434A, 0x4309, 0x432A, 0x432A, 0x432A, 0x4B4A, 0x432A,
  0x432A, 0x4B4A, 0x434A, 0x3AE9, 0x5329, 0x7C4D, 0x4B4A, 0x4B4A, 0x4B6A, 0x4B6B, 0x4B6A, 0x4B4A,
  0x4B4A, 0x4B4A, 0x4B4A, 0x432A, 0x4B4A, 0x4B6A, 0x432A, 0x4B6A, 0x4B6A, 0x430A, 0x6BAB, 0x6C0D,
  0x3B09, 0x3B09, 0x3B2A, 0x3B2A, 0x3B2A, 0x3B2A, 0x3B0A, 0x3B0A, 0x3B0A, 0x3B09, 0x3B2A, 0x3B2A,
  0x3B2A, 0x3B2A, 0x3B2A, 0x3AC8, 0x73EB, 0x63CC, 0x4B2A, 0x434A, 0x4B4A, 0x4B4A, 0x432A, 0x4B4A,
  0x4B4A, 0x4329, 0x4B4A, 0x4B4A, 0x4B6A, 0x432A, 0x4B4A, 0x4B4B, 0x4B6A, 0x536A, 0x4AE8, 0x844D,
  0x4B4A, 0x3B09, 0x4309, 0x4309, 0x4329, 0x4309, 0x4309, 0x4309, 0x4309, 0x4309, 0x4309, 0x4329,
  0x434A, 0x4329, 0x4B2A, 0x4B4A, 0x3AE8, 0x6B8B, 0x740C, 0x4B6A, 0x536B, 0x536B, 0x536A, 0x4B4A,
  0x4B4A, 0x4B4A, 0x4B6A, 0x536B, 0x536A, 0x4B4A, 0x536A, 0x538B, 0x536B, 0x536B, 0x4309, 0x5309,
  0x73EC, 0x3AE9, 0x3B09, 0x432A, 0x4309, 0x3AE9, 0x4309, 0x432A, 0x3B09, 0x4309, 0x432A, 0x3AE9,
  0x3AE9, 0x4329, 0x4309, 0x3B09, 0x3B0A, 0x42C8, 0x6BCB, 0x3AE9, 0x32A8, 0x32C8, 0x3AC8, 0x3AE8,
  0x3AE9, 0x3AC9, 0x3AC8, 0x3AC8, 0x3AC8, 0x3AE9, 0x3AE9, 0x3AE9, 0x3AC8, 0x3AE9, 0x3A87, 0x632A,
  0x3288, 0x3267, 0x2A47, 0x2A27, 0x2A06, 0x21E6, 0x1985, 0x31E5, 0x3A67, 0x21C6, 0x1944, 0x2102,
  0x3962, 0x41A2, 0x51E3, 0x4182, 0x4182, 0x4182, 0x3122, 0x5A44, 0x7284, 0xA3C8, 0x59E3, 0x59C3,
  0xA407, 0xC52B, 0xB469, 0xAC08, 0x9B65, 0x9B65, 0x8B25, 0x7263, 0x82E5, 0x7AA4, 0x7284, 0x51C3,
  0x3962, 0x3962, 0x3942, 0x3142, 0x20C1, 0x2101, 0x28E1, 0x3101, 0x3122, 0x3942, 0x3942, 0x3122,
  0x4288, 0x4288, 0x3A46, 0x4267, 0x4A87, 0x3A05, 0x3A26, 0x31E6, 0x2964, 0x1944, 0x1965, 0x19A5,
  0x19C5, 0x21C5, 0x29E5, 0x3A47, 0x19A5, 0x19E6, 0x21C5, 0x21C6, 0x2A06, 0x2A26, 0x3246, 0x2A26,
  0x2A46, 0x3287, 0x32A7, 0x32A7, 0x3AA8, 0x3287, 0x32C8, 0x3227, 0x636B, 0x436A, 0x3AE9, 0x430A,
  0x432A, 0x432A, 0x432A, 0x432A, 0x432A, 0x432A, 0x432A, 0x432A, 0x434A, 0x434A, 0x3AC8, 0x638A,
  0x432A, 0x432A, 0x4309, 0x430A, 0x432A, 0x434A, 0x432A, 0x434A, 0x434A, 0x432A, 0x434A, 0x432A,
  0x432A, 0x4B4A, 0x4B4B, 0x3AC8, 0x638A, 0x63EC, 0x432A, 0x432A, 0x4B4A, 0x4B4A, 0x4B4A, 0x4B4A,
  0x4B4A, 0x432A, 0x4B4A, 0x4B4A, 0x4B6A, 0x4B4A, 0x4B4A, 0x4B6A, 0x538B, 0x42E9, 0x73CB, 0x538B,
  0x3B2A, 0x3B2A, 0x3B2A, 0x3B2A, 0x3B0A, 0x3B0A, 0x3B0A, 0x3B2A, 0x3B0A, 0x3B0A, 0x3B2A, 0x3B2A,
  0x3B2A, 0x3B2A, 0x3B2A, 0x3AA8, 0x844C, 0x5B8B, 0x4309, 0x434A, 0x4B4A, 0x4B4A, 0x4B4A, 0x4B4A,
  0x432A, 0x4309, 0x4B4A, 0x4329, 0x4B4A, 0x4B4A, 0x4B6A, 0x536B, 0x4B6B, 0x4B2A, 0x5329, 0x8C8E,
  0x4309, 0x4329, 0x4309, 0x4329, 0x4329, 0x4329, 0x4329, 0x4309, 0x4309, 0x4309, 0x4329, 0x4329,
  0x432A, 0x432A, 0x432A, 0x434A, 0x32A8, 0x6B6A, 0x740C, 0x4B4A, 0x4B4A, 0x538B, 0x536A, 0x4B4A,
  0x536A, 0x4B6A, 0x4B6A, 0x536B, 0x536B, 0x536A, 0x536A, 0x536A, 0x536A, 0x536B, 0x432A, 0x5B29,
  0x740C, 0x3B09, 0x3B09, 0x432A, 0x432A, 0x432A, 0x432A, 0x3B09, 0x3B09, 0x3B09, 0x3AE9, 0x3AE9,
  0x4309, 0x432A, 0x4329, 0x4309, 0x3B2A, 0x3AA7, 0x6BCC, 0x432A, 0x3AC8, 0x3AE9, 0x3AE9, 0x3AE9,
  0x3AE9, 0x3AC8, 0x3AE9, 0x3AC9, 0x3AE9, 0x3AC9, 0x3AE9, 0x3AE9, 0x3AE8, 0x3AE9, 0x3AA7, 0x634A,
  0x32A7, 0x3267, 0x2A46, 0x2A26, 0x2A26, 0x2A47, 0x2A26, 0x29E5, 0x4287, 0x2A06, 0x21A5, 0x18E1,
  0x3962, 0x41A2, 0x5204, 0x41A2, 0x4182, 0x3962, 0x3122, 0x4162, 0x8B46, 0x7AE5, 0x4960, 0x8B24,
  0xA3C6, 0xBC8A, 0xB469, 0xAC27, 0x9B85, 0x9B65, 0x9345, 0x7AA3, 0x82E5, 0x82C4, 0x6A63, 0x59E3,
  0x4162, 0x3942, 0x3142, 0x3143, 0x18C1, 0x2101, 0x2901, 0x3122, 0x3142, 0x3941, 0x3941, 0x3942,
  0x4288, 0x3A67, 0x3A46, 0x3A26, 0x3A26, 0x2984, 0x1943, 0x1944, 0x1964, 0x19A5, 0x21C6, 0x21E5,
  0x21E6, 0x21E5, 0x3A26, 0x29E5, 0x19C5, 0x21E6, 0x21E6, 0x2A06, 0x3247, 0x3247, 0x2A26, 0x2A46,
  0x3288, 0x3AA8, 0x32A8, 0x32A8, 0x3AC8, 0x3AC8, 0x32A8, 0x3A26, 0x536A, 0x3B09, 0x432A, 0x432A,
  0x430A, 0x430A, 0x432A, 0x434A, 0x432A, 0x432A, 0x4B4A, 0x4B4A, 0x4B4A, 0x432A, 0x4B09, 0x5B8B,
  0x4329, 0x432A, 0x432A, 0x432A, 0x432A, 0x432A, 0x432A, 0x434A, 0x432A, 0x434A, 0x4B4A, 0x4B4A,
  0x4B4A, 0x4B2A, 0x436B, 0x3AA8, 0x6BAB, 0x5BAB, 0x4B4A, 0x4B4A, 0x4B6A, 0x4B6A, 0x4B4A, 0x4B4A,
  0x4B4A, 0x4B2A, 0x4B4A, 0x4B4A, 0x4B4A, 0x4B4A, 0x4B6A, 0x536B, 0x536B, 0x4309, 0x7BEC, 0x4B6A,
  0x3AEA, 0x3B0A, 0x3B2A, 0x3B0A, 0x3B0A, 0x3B0A, 0x3B09, 0x3B29, 0x3B2A, 0x3B2A, 0x432A, 0x3B29,
  0x3B0A, 0x432A, 0x332A, 0x3AC8, 0x7C0C, 0x5B8B, 0x4329, 0x4B4A, 0x4B4A, 0x4B4A, 0x4B4A, 0x4B2A,
  0x4309, 0x4B4A, 0x4B4A, 0x432A, 0x4B6B, 0x4B4A, 0x536B, 0x536B, 0x538B, 0x4B2A, 0x52E8, 0x740C,
  0x434A, 0x4329, 0x4329, 0x4329, 0x4309, 0x4309, 0x4309, 0x4309, 0x4309, 0x4309, 0x432A, 0x432A,
  0x432A, 0x432A, 0x4329, 0x434A, 0x3AA8, 0x6349, 0x740C, 0x4B4A, 0x538A, 0x536A, 0x538B, 0x536A,
  0x536B, 0x4B6A, 0x4B6A, 0x4B6A, 0x4B6A, 0x536B, 0x536A, 0x4B4A, 0x536A, 0x536B, 0x4309, 0x5329,
  0x740C, 0x4309, 0x4309, 0x432A, 0x4309, 0x4329, 0x4329, 0x4309, 0x3B09, 0x4309, 0x3B09, 0x4329,
  0x4329, 0x430A, 0x4309, 0x4309, 0x3B2A, 0x42C8, 0x7C2D, 0x4329, 0x3B09, 0x3AE9, 0x3AA8, 0x3AE8,
  0x3AC9, 0x3AE9, 0x3AE9, 0x3AE9, 0x3AC8, 0x3AE9, 0x3AE9, 0x3AE9, 0x3AC8, 0x3AE8, 0x3A88, 0x636A,
  0x3B09, 0x2A47, 0x2A47, 0x2A47, 0x2A47, 0x2A26, 0x2A47, 0x29E5, 0x4287, 0x2A06, 0x21C6, 0x1902,
  0x3142, 0x4182, 0x5204, 0x49A2, 0x4182, 0x3962, 0x3962, 0x28C1, 0x8B66, 0x5202, 0x6223, 0x9B85,
  0x9B85, 0xB449, 0xBCAA, 0xB448, 0xA3A6, 0x9B65, 0x9B66, 0x8B04, 0x82E4, 0x82E4, 0x7283, 0x5A23,
  0x4182, 0x3942, 0x3162, 0x3163, 0x1080, 0x2902, 0x2901, 0x3122, 0x3142, 0x3942, 0x3942, 0x3142,
  0x4A88, 0x3A26, 0x2984, 0x2164, 0x2163, 0x1964, 0x21A5, 0x21A5, 0x21C6, 0x21E6, 0x2A27, 0x2A06,
  0x2206, 0x29E6, 0x4288, 0x21E5, 0x21E6, 0x21E6, 0x2A26, 0x3267, 0x2A47, 0x2A47, 0x2A47, 0x3267,
  0x32A8, 0x32A8, 0x3AC8, 0x3AC8, 0x32A8, 0x3AC8, 0x3267, 0x52E9, 0x4B4A, 0x3AE9, 0x3B0A, 0x3B09,
  0x3B09, 0x432A, 0x432A, 0x434A, 0x432A, 0x432A, 0x4B4A, 0x4B4A, 0x4B6B, 0x4309, 0x5B4A, 0x4B6B,
  0x432A, 0x432A, 0x434A, 0x434A, 0x434A, 0x434A, 0x432A, 0x434A, 0x432A, 0x434A, 0x4B4A, 0x4B6A,
  0x4B4A, 0x4B4A, 0x434A, 0x4AE9, 0x844D, 0x536A, 0x4B4A, 0x4B4A, 0x536B, 0x534B, 0x4B4A, 0x4B4A,
  0x4B4A, 0x4B4A, 0x4B4A, 0x4B6A, 0x4B4A, 0x4B4A, 0x536B, 0x4B4A, 0x4B4A, 0x42E8, 0x7C0D, 0x434A,
  0x330A, 0x3AEA, 0x432A, 0x432A, 0x432A, 0x430A, 0x4309, 0x3B2A, 0x3B0A, 0x3B2A, 0x432A, 0x4329,
  0x432A, 0x432A, 0x32E9, 0x5329, 0x7C4D, 0x4B4A, 0x432A, 0x4B4A, 0x4B2A, 0x4B4A, 0x4B4A, 0x4B4A,
  0x4B2A, 0x4B4A, 0x4329, 0x4B4A, 0x4B4A, 0x4B4A, 0x4B6B, 0x4B6A, 0x4B8B, 0x432A, 0x6369, 0x6BEC,
  0x432A, 0x4309, 0x4329, 0x4329, 0x4309, 0x4329, 0x4309, 0x4329, 0x4329, 0x4329, 0x432A, 0x432A,
  0x4309, 0x4329, 0x4309, 0x434A, 0x3AC8, 0x6B8A, 0x6BEC, 0x4B4A, 0x538B, 0x536A, 0x536B, 0x536B,
  0x536B, 0x536A, 0x536A, 0x536A, 0x536B, 0x536A, 0x536A, 0x4B4A, 0x4B6A, 0x538B, 0x4329, 0x5309,
  0x6BEC, 0x4309, 0x4329, 0x4329, 0x4309, 0x4329, 0x432A, 0x4309, 0x4329, 0x4309, 0x3B09, 0x3B09,
  0x3B29, 0x4309, 0x3B09, 0x4309, 0x432A, 0x42E8, 0x7C0C, 0x4329, 0x32E9, 0x3B09, 0x3AC8, 0x3AE9,
  0x3AE9, 0x3AE9, 0x3AE9, 0x3AE9, 0x3AE9, 0x3AE8, 0x3AE9, 0x3B09, 0x3AE8, 0x4309, 0x3267, 0x5AE9,
  0x4309, 0x3288, 0x2A67, 0x2A26, 0x3267, 0x2A26, 0x2A27, 0x21C5, 0x4AA8, 0x3247, 0x2206, 0x2163,
  0x3122, 0x41A3, 0x49E3, 0x49A2, 0x4182, 0x4182, 0x3921, 0x41A3, 0x8305, 0x4982, 0x82E5, 0x9345,
  0x9B65, 0xA3E7, 0xBCAA, 0xB448, 0xABE7, 0x9B65, 0x9B86, 0x8B05, 0x7AA3, 0x8B25, 0x7AA4, 0x6223,
  0x49C3, 0x3942, 0x3142, 0x39A4, 0x18C1, 0x2902, 0x2922, 0x2901, 0x3122, 0x3121, 0x3142, 0x3121,
  0x2164, 0x1944, 0x1944, 0x1985, 0x21A5, 0x21C6, 0x21C6, 0x21E6, 0x29E6, 0x2A06, 0x2206, 0x2A06,
  0x21E5, 0x4267, 0x3A87, 0x2206, 0x2A26, 0x2A26, 0x2A47, 0x2A67, 0x2A67, 0x2A46, 0x2A67, 0x3288,
  0x32A8, 0x3AC8, 0x32C8, 0x32A8, 0x32A8, 0x3AC8, 0x3246, 0x5B6A, 0x4B4A, 0x42E9, 0x430A, 0x4309,
  0x3AE9, 0x430A, 0x4309, 0x434A, 0x434A, 0x432A, 0x432A, 0x432A, 0x4B6B, 0x3AC8, 0x636A, 0x434A,
  0x4B29, 0x432A, 0x434A, 0x434A, 0x432A, 0x432A, 0x432A, 0x432A, 0x434A, 0x4B4A, 0x4B4A, 0x434A,
  0x432A, 0x4B4B, 0x4309, 0x5329, 0x842D, 0x4B6A, 0x4B4A, 0x4B4A, 0x4B6A, 0x4B6B, 0x4B4A, 0x4B6A,
  0x4B6A, 0x4B4A, 0x4B4A, 0x4B6A, 0x4B6A, 0x4B4A, 0x536A, 0x536A, 0x432A, 0x5329, 0x740D, 0x3B2A,
  0x330A, 0x32EA, 0x3B0A, 0x3B2A, 0x3B09, 0x3B29, 0x3B2A, 0x3B2A, 0x3B2A, 0x3B2A, 0x3B2A, 0x3B0A,
  0x3B2A, 0x3B4A, 0x3309, 0x5B09, 0x73EC, 0x4B2A, 0x434A, 0x4B4A, 0x4B4A, 0x4B6A, 0x4B2A, 0x4B6A,
  0x432A, 0x432A, 0x434A, 0x4B4A, 0x4B6A, 0x4B6A, 0x4B6A, 0x4B6A, 0x538B, 0x3AE9, 0x6BAB, 0x63AB,
  0x3B09, 0x432A, 0x4329, 0x432A, 0x4329, 0x3B29, 0x4309, 0x4329, 0x4349, 0x4349, 0x4329, 0x4329,
  0x4329, 0x4309, 0x4309, 0x4329, 0x3AC8, 0x7C0C, 0x63CB, 0x4B6A, 0x536A, 0x536A, 0x4B6A, 0x4B4A,
  0x536B, 0x536A, 0x536A, 0x536A, 0x536A, 0x4B6A, 0x536A, 0x4B6A, 0x536A, 0x536A, 0x4309, 0x5309,
  0x740C, 0x4309, 0x4309, 0x3B29, 0x3B09, 0x432A, 0x4329, 0x4329, 0x3B09, 0x3B09, 0x3B09, 0x3B09,
  0x3B09, 0x3B09, 0x3B09, 0x3B09, 0x432A, 0x32A7, 0x6BAB, 0x4B2A, 0x3AE9, 0x3AE9, 0x3AE9, 0x3B09,
  0x3AC8, 0x3AC9, 0x3AE9, 0x3AE9, 0x3AE9, 0x3AC8, 0x3AE8, 0x3AE8, 0x3AE8, 0x3B09, 0x2A67, 0x636A,
  0x536A, 0x3287, 0x3267, 0x2A47, 0x2A47, 0x2A26, 0x2A47, 0x21C5, 0x4288, 0x42C9, 0x1A06, 0x1984,
  0x3122, 0x4183, 0x49C2, 0x49C3, 0x4162, 0x4182, 0x3121, 0x51E4, 0x72C4, 0x4962, 0x72A3, 0x8B05,
  0x9B65, 0xA3C6, 0xBCAA, 0xBC89, 0xB449, 0x9B85, 0x9B85, 0x9325, 0x7AA3, 0x8B25, 0x7AC4, 0x6243,
  0x49A2, 0x3962, 0x3942, 0x41C4, 0x2922, 0x18C1, 0x2922, 0x2901, 0x3122, 0x3121, 0x3122, 0x3121,
  0x19A5, 0x19A5, 0x19A5, 0x19C5, 0x21E6, 0x21E6, 0x21E6, 0x2A07, 0x2A06, 0x29E5, 0x2206, 0x2A27,
  0x29E5, 0x52E9, 0x42C8, 0x2A67, 0x2A67, 0x2A26, 0x2A46, 0x2A67, 0x3267, 0x3287, 0x32A8, 0x32C8,
  0x32C8, 0x3AE8, 0x3AC8, 0x3AC9, 0x3AC9, 0x3288, 0x42A8, 0x6BEC, 0x432A, 0x432A, 0x3B09, 0x4309,
  0x3AE9, 0x4309, 0x432A, 0x432A, 0x434A, 0x434A, 0x432A, 0x434A, 0x434B, 0x4B09, 0x740C, 0x4B6B,
  0x432A, 0x4B4A, 0x4B4A, 0x432A, 0x432A, 0x432A, 0x4B4A, 0x432A, 0x4B2A, 0x4B4A, 0x4B4A, 0x4B4A,
  0x4B4A, 0x4B4B, 0x3AE8, 0x6B8B, 0x7C4D, 0x4B8B, 0x4B8B, 0x4B6A, 0x4B6B, 0x536B, 0x4B6A, 0x4B6B,
  0x4B6A, 0x4B4A, 0x4B4A, 0x4B6A, 0x4B6A, 0x4B4A, 0x536A, 0x538B, 0x4309, 0x5B49, 0x742D, 0x434A,
  0x3B29, 0x3B09, 0x3B09, 0x3B2A, 0x3B2A, 0x3B2A, 0x434A, 0x434A, 0x3B09, 0x3B2A, 0x3B4A, 0x3B2A,
  0x3B2A, 0x434A, 0x32E9, 0x7C0C, 0x7C4D, 0x4B4A, 0x4B6A, 0x4B4A, 0x4B4A, 0x4B4A, 0x4B4A, 0x4B6A,
  0x4B4A, 0x4B4A, 0x4B4A, 0x4329, 0x536B, 0x4B4A, 0x534A, 0x536B, 0x4B6A, 0x4309, 0x6BAB, 0x742D,
  0x4B4A, 0x432A, 0x434A, 0x434A, 0x4329, 0x4329, 0x4B2A, 0x4B4A, 0x4329, 0x4B4A, 0x4B4A, 0x536A,
  0x4B4A, 0x4309, 0x4309, 0x4329, 0x3AC8, 0x7C0C, 0x740D, 0x538A, 0x538A, 0x536B, 0x536B, 0x536B,
  0x538B, 0x538B, 0x4B6A, 0x4B6A, 0x4B6B, 0x4B6A, 0x536A, 0x4B4A, 0x536A, 0x538B, 0x432A, 0x5309,
  0x742C, 0x4329, 0x4329, 0x4329, 0x3B09, 0x4309, 0x432A, 0x432A, 0x3B09, 0x3B09, 0x3B09, 0x3B09,
  0x3B09, 0x3B09, 0x4309, 0x4309, 0x3B2A, 0x3AA7, 0x636A, 0x5B8B, 0x3AE9, 0x3AE9, 0x3AE9, 0x3B09,
  0x3AE9, 0x3AE9, 0x3B09, 0x3AE9, 0x3AE9, 0x3AE9, 0x3AE9, 0x3AE8, 0x3AE9, 0x3B09, 0x32A8, 0x4AE8,
  0x5B6A, 0x32A8, 0x32A8, 0x2A47, 0x2A67, 0x2A47, 0x2A47, 0x21C6, 0x4267, 0x532A, 0x2A47, 0x21C6,
  0x2102, 0x49A3, 0x49A2, 0x51E3, 0x4162, 0x41A2, 0x3142, 0x49A3, 0x5A02, 0x4982, 0x6A63, 0x8B05,
  0x9B65, 0xA3C6, 0xB489, 0xBCAA, 0xB449, 0x9B86, 0xA3A6, 0x9B66, 0x82C4, 0x8B05, 0x82E4, 0x6A63,
  0x51C3, 0x4182, 0x3941, 0x39A3, 0x3163, 0x20C0, 0x2922, 0x2902, 0x3122, 0x3942, 0x3121, 0x3142,
  0x2A07, 0x21E6, 0x2A26, 0x3247, 0x3267, 0x3267, 0x3247, 0x3A88, 0x3A88, 0x3247, 0x3247, 0x2206,
  0x4246, 0x4AC8, 0x4309, 0x3AA8, 0x3A87, 0x3AA8, 0x42C8, 0x42E8, 0x4B2A, 0x4B09, 0x4B2A, 0x4B2A,
  0x4B09, 0x4B4A, 0x4309, 0x534B, 0x4B4B, 0x2A26, 0x5B09, 0x5B6A, 0x4B4A, 0x4B2A, 0x4B4A, 0x4B29,
  0x4B4A, 0x4B6A, 0x4B4A, 0x536B, 0x536B, 0x534A, 0x534B, 0x534B, 0x42C9, 0x5B08, 0x740C, 0x5B8B,
  0x4B6A, 0x5B8B, 0x536A, 0x5B8B, 0x536A, 0x5B8B, 0x5B8B, 0x538B, 0x5BAB, 0x5B8A, 0x5B8A, 0x5B8B,
  0x538B, 0x5B6B, 0x3AA7, 0x73CB, 0x73EC, 0x5BAA, 0x5BAB, 0x5B8B, 0x5BAB, 0x5BAB, 0x5B6A, 0x5B8B,
  0x5B8B, 0x5B8B, 0x63AB, 0x534A, 0x5B8B, 0x5B8B, 0x5B8B, 0x5B8B, 0x3A87, 0x6B6A, 0x6BAB, 0x4B6B,
  0x4B29, 0x536A, 0x4B4A, 0x536A, 0x536A, 0x536B, 0x536B, 0x5B8B, 0x534A, 0x536B, 0x4B6B, 0x4B4A,
  0x4B4A, 0x536B, 0x3AC9, 0x7BEB, 0x73CC, 0x536B, 0x536A, 0x536A, 0x5B8B, 0x534A, 0x536B, 0x534A,
  0x5B6A, 0x5B6B, 0x5B8B, 0x536A, 0x5B6A, 0x536A, 0x5B6A, 0x536A, 0x534A, 0x42A8, 0x7BEB, 0x740C,
  0x5B8A, 0x5B8B, 0x5B8B, 0x5B8B, 0x5B8B, 0x536A, 0x5B8B, 0x5B6B, 0x534A, 0x536A, 0x5BAB, 0x534A,
  0x536A, 0x534A, 0x4B4A, 0x4B4A, 0x3A67, 0x73AA, 0x6BAB, 0x5B8B, 0x5B6A, 0x5B6A, 0x5B8B, 0x536B,
  0x4B2A, 0x534A, 0x536B, 0x5B8B, 0x536A, 0x534A, 0x534A, 0x532A, 0x4B09, 0x4B2A, 0x3AA8, 0x5B08,
  0x73CB, 0x4B4A, 0x4B29, 0x4309, 0x4B29, 0x4309, 0x42C8, 0x42C8, 0x4B09, 0x4B0A, 0x4309, 0x3AC8,
  0x3AC8, 0x42E9, 0x42C8, 0x42E8, 0x42E9, 0x3246, 0x6B8A, 0x5B4A, 0x42E9, 0x42E9, 0x42E9, 0x4309,
  0x4309, 0x4309, 0x4309, 0x432A, 0x4309, 0x4309, 0x430A, 0x430A, 0x42E9, 0x4B2A, 0x3AA9, 0x52E8,
  0x5B4A, 0x3AA8, 0x3AA9, 0x3A88, 0x3267, 0x3A88, 0x3267, 0x29E6, 0x3205, 0x52E9, 0x3AA8, 0x21C6,
  0x2102, 0x4183, 0x4182, 0x5204, 0x4182, 0x3982, 0x3941, 0x4983, 0x5203, 0x51E2, 0x6A84, 0x8B05,
  0x9B65, 0xA3A6, 0xAC08, 0xC4CB, 0xB469, 0xA3C6, 0x9B85, 0x9B86, 0x82C4, 0x7AA4, 0x8305, 0x7263,
  0x5A03, 0x4182, 0x3962, 0x3962, 0x41E5, 0x20C1, 0x2901, 0x2902, 0x2901, 0x3122, 0x3122, 0x3142,
  0x3A47, 0x3206, 0x3A47, 0x3206, 0x3A26, 0x4287, 0x3A67, 0x3A47, 0x3A67, 0x3A67, 0x3226, 0x4267,
  0x738A, 0x5288, 0x4287, 0x4266, 0x4267, 0x4AC8, 0x4AA7, 0x4AA7, 0x4A87, 0x4267, 0x52E9, 0x4AE9,
  0x4AA7, 0x5308, 0x4AE9, 0x52E8, 0x4AC9, 0x6349, 0x7C0C, 0x52E8, 0x42A7, 0x4AA7, 0x5309, 0x5B4A,
  0x5B4A, 0x5B29, 0x5B4A, 0x4B08, 0x5B6A, 0x52E8, 0x5309, 0x4AC8, 0x4AA8, 0x8C2C, 0x5B08, 0x4AE8,
  0x5308, 0x5B29, 0x5B4A, 0x5B4A, 0x5B4A, 0x5B4A, 0x5B29, 0x638B, 0x5B49, 0x5B29, 0x5B49, 0x5309,
  0x5329, 0x52E9, 0x6BAA, 0x948D, 0x5B29, 0x5B6A, 0x5B6A, 0x5B6A, 0x6BAB, 0x6BEC, 0x638B, 0x636A,
  0x636A, 0x5B49, 0x5B49, 0x5B49, 0x634A, 0x5B09, 0x5B4A, 0x5329, 0x52E8, 0x9CAD, 0x6349, 0x5B4A,
  0x5B4A, 0x636A, 0x638B, 0x636A, 0x636A, 0x5B4A, 0x636A, 0x638A, 0x638A, 0x636A, 0x6B6A, 0x5B49,
  0x5B4A, 0x5B2A, 0x5B49, 0x9CAD, 0x5B09, 0x4AC8, 0x5309, 0x5329, 0x5329, 0x5B49, 0x5B29, 0x5B29,
  0x5B4A, 0x5329, 0x5B4A, 0x5B4A, 0x5B29, 0x5B29, 0x4AE8, 0x52E8, 0x4AC8, 0x5AE8, 0x9CAE, 0x5B28,
  0x4AA7, 0x4AC8, 0x5308, 0x634A, 0x636A, 0x636A, 0x5B29, 0x5B09, 0x5B4A, 0x52E9, 0x5B49, 0x5B49,
  0x6349, 0x5B49, 0x5B29, 0x5329, 0x5AE8, 0x944C, 0x4AA7, 0x4AC8, 0x52C8, 0x4AC7, 0x4AE8, 0x52E8,
  0x4AA7, 0x4287, 0x5309, 0x5309, 0x52E8, 0x5B09, 0x5309, 0x5B29, 0x52E8, 0x5B09, 0x4AC8, 0x83EB,
  0x8C4C, 0x4AC8, 0x52E8, 0x52E8, 0x4AE8, 0x5B4A, 0x5B49, 0x5B29, 0x638A, 0x638A, 0x638A, 0x636A,
  0x5B49, 0x5B29, 0x5B49, 0x5309, 0x5B29, 0x52C8, 0x9C8E, 0x6B6A, 0x42A7, 0x4AC8, 0x52E8, 0x5B29,
  0x638B, 0x52E8, 0x4AC8, 0x5309, 0x4AE8, 0x4AC8, 0x4AA8, 0x52E9, 0x4288, 0x4AC8, 0x42A8, 0x6B8A,
  0x7BCB, 0x3246, 0x4267, 0x4247, 0x4267, 0x3A47, 0x4267, 0x3A06, 0x4A87, 0x6B4A, 0x3A06, 0x3206,
  0x2922, 0x3962, 0x4182, 0x5204, 0x49A2, 0x3962, 0x3961, 0x4183, 0x49A2, 0x51C2, 0x6A64, 0x8AE5,
  0x9B45, 0xA385, 0xABE7, 0xC4EB, 0xBCCA, 0xAC08, 0x9B65, 0x9B86, 0x8B05, 0x7263, 0x8B45, 0x7AA4,
  0x6243, 0x49A2, 0x3962, 0x3961, 0x41C4, 0x2902, 0x20E1, 0x2901, 0x2901, 0x3122, 0x3122, 0x3121,
  0x21C6, 0x21C6, 0x19A5, 0x21C5, 0x21E6, 0x21C6, 0x29E7, 0x21E6, 0x29E6, 0x2A07, 0x21C6, 0x4268,
  0x52E9, 0x21E6, 0x2A07, 0x21E6, 0x2A27, 0x2227, 0x2206, 0x2A27, 0x2A47, 0x2A88, 0x3288, 0x32A8,
  0x2A88, 0x32A8, 0x3AC8, 0x32A8, 0x2A48, 0x5309, 0x534B, 0x32A9, 0x32C9, 0x32A8, 0x32A9, 0x32C9,
  0x3AC9, 0x32C9, 0x3AC9, 0x32A8, 0x32A9, 0x3AA9, 0x32C9, 0x32A9, 0x3A68, 0x6BCC, 0x430A, 0x32EA,
  0x32E9, 0x32CA, 0x3AEA, 0x3AEA, 0x32EA, 0x32CA, 0x32C9, 0x3AE9, 0x3AEA, 0x3AE9, 0x32C9, 0x32C9,
  0x3B0A, 0x32A9, 0x5309, 0x740D, 0x3B4A, 0x3B0A, 0x3B0A, 0x3AEA, 0x432B, 0x432B, 0x3B0A, 0x3B0A,
  0x32E9, 0x32E9, 0x3B09, 0x3B2A, 0x3B0A, 0x3B0A, 0x32E9, 0x3AEA, 0x42A8, 0x740C, 0x432A, 0x3AE9,
  0x3AC9, 0x3B0A, 0x3B0A, 0x3AE9, 0x3AE9, 0x32A9, 0x32E9, 0x32E9, 0x32E9, 0x3AE9, 0x3AE9, 0x3AE9,
  0x3AEA, 0x3AE9, 0x3AA7, 0x73EB, 0x4B6B, 0x3B09, 0x3B09, 0x3B09, 0x3AE9, 0x32E9, 0x32C9, 0x3AE9,
  0x3AE9, 0x3B09, 0x3B09, 0x3B09, 0x3B09, 0x3AE9, 0x3AE9, 0x4309, 0x3B0A, 0x3A87, 0x7C2D, 0x63CB,
  0x4B4A, 0x4B2A, 0x4B4A, 0x4B4A, 0x4B4A, 0x4B4A, 0x4B6A, 0x4B4A, 0x4B4B, 0x4B2A, 0x4B29, 0x4B09,
  0x532A, 0x534A, 0x534A, 0x536A, 0x4287, 0x73AA, 0x5BAB, 0x4B09, 0x5329, 0x534A, 0x4B2A, 0x4B2A,
  0x4B2A, 0x4B2A, 0x4B29, 0x4B2A, 0x4B29, 0x4B09, 0x4B2A, 0x534A, 0x4B29, 0x4B4A, 0x42E9, 0x6349,
  0x7C2C, 0x4B0A, 0x3AA8, 0x42E9, 0x3AE9, 0x3B0A, 0x3B0A, 0x3AE9, 0x430A, 0x4309, 0x4309, 0x4309,
  0x3AE9, 0x3AC9, 0x42E9, 0x3AE9, 0x42E9, 0x3288, 0x6349, 0x5BAB, 0x434A, 0x4329, 0x4309, 0x432A,
  0x4309, 0x3AE9, 0x430A, 0x3AE9, 0x3AC9, 0x4309, 0x4309, 0x4309, 0x4309, 0x3AE8, 0x3AC9, 0x42A8,
  0x634A, 0x3288, 0x2A27, 0x2A27, 0x2226, 0x2227, 0x2A27, 0x21E6, 0x29E6, 0x5309, 0x2A06, 0x21E7,
  0x1923, 0x3142, 0x4162, 0x49A3, 0x49C3, 0x4182, 0x3962, 0x3942, 0x3121, 0x51E3, 0x6A43, 0x82C4,
  0x9325, 0xA3A6, 0xA3C6, 0xBCAA, 0xBCCA, 0xAC07, 0x9B45, 0x9345, 0x9325, 0x7AA4, 0x8B04, 0x82A4,
  0x6A64, 0x51C2, 0x3962, 0x3121, 0x41A3, 0x3963, 0x20C1, 0x2901, 0x2901, 0x3122, 0x3121, 0x3121,
  0x21E7, 0x21C6, 0x21E6, 0x2A06, 0x2A27, 0x2A26, 0x2A26, 0x2A26, 0x2A26, 0x2A46, 0x2A06, 0x52E9,
  0x42C8, 0x2A87, 0x3267, 0x3247, 0x3267, 0x2A67, 0x32A8, 0x3AE9, 0x3B09, 0x3AE9, 0x3AE9, 0x3AE9,
  0x3AE9, 0x3AC9, 0x42E7, 0x3AE9, 0x2A67, 0x73CB, 0x538B, 0x32E9, 0x3AE9, 0x3AC8, 0x3AE9, 0x3AE9,
  0x3AE9, 0x3AE9, 0x3AE9, 0x3AE9, 0x3AC9, 0x3AC9, 0x3B09, 0x3AC8, 0x5309, 0x63AB, 0x3B09, 0x3B0A,
  0x3B2A, 0x3B2A, 0x3B0A, 0x3B2A, 0x3B2A, 0x3B0A, 0x3B2A, 0x3B2A, 0x434A, 0x434A, 0x4329, 0x4329,
  0x434A, 0x32E8, 0x6B8B, 0x740D, 0x3B2A, 0x3B2A, 0x3B2A, 0x434B, 0x3B2A, 0x3B2A, 0x3B2A, 0x434A,
  0x3B2A, 0x3B2A, 0x434A, 0x434A, 0x434B, 0x434A, 0x434B, 0x3B0A, 0x5309, 0x7C2C, 0x4B4A, 0x3B09,
  0x3B29, 0x432A, 0x3B09, 0x3B09, 0x3B2A, 0x3B09, 0x3B09, 0x3B09, 0x3B29, 0x3B29, 0x3B29, 0x3B0A,
  0x3B0A, 0x3B0A, 0x52E9, 0x7C0D, 0x434B, 0x432A, 0x3B2A, 0x3B2A, 0x430A, 0x3B0A, 0x432A, 0x4329,
  0x4329, 0x434A, 0x434A, 0x432A, 0x432A, 0x430A, 0x432A, 0x432A, 0x3B6B, 0x3AC8, 0x6BEC, 0x5B8A,
  0x534A, 0x538A, 0x5B8B, 0x536B, 0x5B6B, 0x538B, 0x5B8B, 0x536B, 0x536A, 0x536B, 0x536B, 0x536B,
  0x538B, 0x538B, 0x538C, 0x53AC, 0x42C8, 0x73EB, 0x5BCC, 0x4B6B, 0x538B, 0x4B6A, 0x4B4A, 0x538B,
  0x4B6B, 0x4B6B, 0x4B6A, 0x4B6A, 0x4B6B, 0x536B, 0x538B, 0x536B, 0x538B, 0x538B, 0x4B6B, 0x5329,
  0x744D, 0x432A, 0x3AE9, 0x3B0A, 0x4329, 0x3B09, 0x3B09, 0x3B09, 0x3B09, 0x4309, 0x4309, 0x4309,
  0x432A, 0x432A, 0x4309, 0x4309, 0x4B2A, 0x3AE9, 0x5308, 0x6BEC, 0x4B2A, 0x4B6A, 0x4B4A, 0x432A,
  0x4B4A, 0x4B4A, 0x4B4A, 0x4B4A, 0x4B2A, 0x4B2A, 0x4B4A, 0x536B, 0x4B2A, 0x4309, 0x434A, 0x3287,
  0x638B, 0x3AE9, 0x2A68, 0x3268, 0x2A48, 0x2A48, 0x2A27, 0x2A48, 0x2206, 0x5329, 0x3AA8, 0x2207,
  0x21A5, 0x2922, 0x3942, 0x49A2, 0x49E3, 0x4162, 0x41A3, 0x4183, 0x28E0, 0x51C3, 0x6A63, 0x7284,
  0x8AE4, 0x9B86, 0xA3C6, 0xB469, 0xC4EB, 0xB448, 0x9B86, 0x8AE3, 0x9345, 0x82A4, 0x8B05, 0x82E4,
  0x7284, 0x5A23, 0x4182, 0x3121, 0x3983, 0x41C4, 0x20E1, 0x2922, 0x2901, 0x3122, 0x3122, 0x3122,
  0x2206, 0x2206, 0x2A27, 0x2A26, 0x2A26, 0x2A26, 0x2A26, 0x2A26, 0x2A26, 0x2A06, 0x3206, 0x5B4A,
  0x3268, 0x2A47, 0x2A47, 0x3268, 0x32A8, 0x3AE9, 0x3B09, 0x3B0A, 0x32C9, 0x32E9, 0x3AEA, 0x32C9,
  0x3AE9, 0x3AE9, 0x3AE9, 0x32A8, 0x3AA8, 0x63AC, 0x3AE9, 0x32E9, 0x32E9, 0x32C8, 0x3AE9, 0x32C9,
  0x3AE9, 0x3AE9, 0x3AE9, 0x32C9, 0x32A8, 0x32C8, 0x32E9, 0x32A8, 0x6BAB, 0x538B, 0x32E9, 0x3B2A,
  0x3B2A, 0x3B2A, 0x3B2A, 0x3B09, 0x3B09, 0x3B0A, 0x330A, 0x3B0A, 0x3B4A, 0x3B4A, 0x3B2A, 0x3B2A,
  0x3B2A, 0x32C8, 0x7C0D, 0x53AC, 0x330A, 0x3B2A, 0x3B2A, 0x3B2B, 0x3B4B, 0x3B2A, 0x3B0A, 0x3B2A,
  0x3B2A, 0x3B4A, 0x3B2B, 0x3B2A, 0x432A, 0x432A, 0x434B, 0x32C9, 0x636A, 0x742C, 0x3B2A, 0x3B29,
  0x3B2A, 0x3B0A, 0x3B0A, 0x3B2A, 0x3B0A, 0x3B09, 0x3B0A, 0x3B09, 0x3B09, 0x3B09, 0x3B09, 0x3B09,
  0x3B2A, 0x32E8, 0x5B29, 0x7C6D, 0x3B2A, 0x3B2A, 0x3B2A, 0x3B0A, 0x3B0A, 0x3B0A, 0x3B2A, 0x430A,
  0x432A, 0x3B2A, 0x3B2A, 0x3B2A, 0x3B0A, 0x3B0A, 0x3B0A, 0x430A, 0x3B2A, 0x4AE9, 0x73CB, 0x5B6A,
  0x4B2A, 0x536B, 0x536B, 0x536B, 0x536B, 0x536B, 0x536B, 0x536B, 0x536B, 0x4B4A, 0x536B, 0x536B,
  0x538B, 0x538B, 0x538B, 0x536A, 0x42A8, 0x842C, 0x5B8B, 0x536A, 0x4B6A, 0x4B4A, 0x4B4A, 0x4B6A,
  0x4B6A, 0x536A, 0x534A, 0x536A, 0x4B4A, 0x4B4A, 0x536A, 0x4B4A, 0x536B, 0x538B, 0x4B09, 0x52E9,
  0x7C2C, 0x4329, 0x3B09, 0x3B09, 0x3B29, 0x4329, 0x3B29, 0x3B0A, 0x3B09, 0x3B0A, 0x430A, 0x3B0A,
  0x3B0A, 0x3B2A, 0x4309, 0x3B0A, 0x434A, 0x3AC9, 0x5309, 0x740C, 0x4B4A, 0x434A, 0x4B4A, 0x432A,
  0x434A, 0x434A, 0x432A, 0x432A, 0x432A, 0x432A, 0x4329, 0x4B4A, 0x4B4A, 0x4B4A, 0x4B4A, 0x3A87,
  0x638A, 0x42E9, 0x2A47, 0x2A47, 0x2A47, 0x2A47, 0x2A47, 0x2A47, 0x21E6, 0x4287, 0x3A88, 0x2207,
  0x21A6, 0x2902, 0x3962, 0x4162, 0x51E3, 0x4162, 0x49A3, 0x41A3, 0x3121, 0x49C3, 0x7AA4, 0x7264,
  0x7AA3, 0x8B25, 0xA3A6, 0xAC28, 0xC4CA, 0xBC89, 0xA3C7, 0x9304, 0x9B65, 0x82C4, 0x82C5, 0x8B04,
  0x7284, 0x6223, 0x49A2, 0x3942, 0x3942, 0x4204, 0x2922, 0x2901, 0x2922, 0x2902, 0x3122, 0x2922,
  0x2A26, 0x2A26, 0x2A06, 0x2206, 0x2A26, 0x2A47, 0x2A27, 0x2A26, 0x2A27, 0x21C5, 0x52E9, 0x42C7,
  0x2A68, 0x2A87, 0x32A8, 0x3AEA, 0x3B0A, 0x3B09, 0x32E9, 0x3B09, 0x3B09, 0x3B09, 0x32C9, 0x3AE9,
  0x3AE9, 0x3AE9, 0x3B0A, 0x2A68, 0x6369, 0x4B4A, 0x32C8, 0x32C9, 0x3AE9, 0x32C9, 0x32C8, 0x3AC9,
  0x3AE9, 0x3AE9, 0x3AC9, 0x3AC9, 0x32C9, 0x32C9, 0x32C9, 0x3AA8, 0x740D, 0x434A, 0x332A, 0x3B2A,
  0x3B09, 0x3B2A, 0x3B2A, 0x3B0A, 0x3B09, 0x3AE9, 0x3B09, 0x3B2A, 0x432A, 0x432A, 0x3B2A, 0x3B2A,
  0x330A, 0x42E8, 0x7C2E, 0x3B6A, 0x3B0A, 0x3B2B, 0x3B2A, 0x3B2A, 0x3B2A, 0x3B2A, 0x3B2A, 0x3B2A,
  0x3B4A, 0x3B4A, 0x3B2A, 0x3B2B, 0x3B2A, 0x3B2A, 0x436B, 0x32A9, 0x73EC, 0x5BAB, 0x330A, 0x3B2A,
  0x3B2A, 0x3B09, 0x32E9, 0x3B0A, 0x3B09, 0x3B09, 0x3B2A, 0x32E9, 0x3B09, 0x3B0A, 0x3B0A, 0x3B09,
  0x3B2A, 0x2AC8, 0x73AC, 0x742C, 0x3B2A, 0x3B0A, 0x3B2A, 0x3B0A, 0x3B0A, 0x3B09, 0x3B09, 0x430A,
  0x432A, 0x432A, 0x3B2A, 0x3B2A, 0x3B0A, 0x432A, 0x4329, 0x3B2A, 0x3AE9, 0x638A, 0x7C4D, 0x4B4A,
  0x536A, 0x536A, 0x536A, 0x538B, 0x538B, 0x538B, 0x538B, 0x538B, 0x536B, 0x4B6A, 0x536B, 0x536B,
  0x538B, 0x538B, 0x4B6A, 0x4B6B, 0x42A8, 0x7C0C, 0x5BAC, 0x4B6B, 0x538B, 0x4B6A, 0x534A, 0x536B,
  0x4B4A, 0x4B4A, 0x4B6B, 0x4B4A, 0x4B6A, 0x536B, 0x4B4A, 0x4B6A, 0x4B6B, 0x538B, 0x4B2A, 0x52E8,
  0x846D, 0x432A, 0x3B09, 0x3B09, 0x430A, 0x432A, 0x4309, 0x4309, 0x3AE9, 0x3B09, 0x432A, 0x432A,
  0x4309, 0x432A, 0x434A, 0x4309, 0x434A, 0x32C9, 0x5B4A, 0x846E, 0x4B4A, 0x434A, 0x4B4A, 0x432A,
  0x432A, 0x4B4A, 0x434A, 0x4B4A, 0x432A, 0x3B09, 0x432A, 0x4329, 0x434A, 0x4309, 0x434A, 0x3288,
  0x52E8, 0x42E9, 0x2A68, 0x3288, 0x2A67, 0x2A47, 0x2A47, 0x2A67, 0x2207, 0x4287, 0x4B09, 0x2207,
  0x21C6, 0x2102, 0x3963, 0x4162, 0x51E3, 0x4162, 0x4182, 0x4182, 0x3962, 0x3941, 0x7AC4, 0x7284,
  0x82C4, 0x82C4, 0x9B86, 0xA3C6, 0xBC89, 0xBCAA, 0xAC08, 0x8B24, 0x9345, 0x8B25, 0x7A83, 0x8B04,
  0x7AC4, 0x6223, 0x51E3, 0x3942, 0x3142, 0x41E3, 0x2922, 0x20E1, 0x2922, 0x2922, 0x3122, 0x2901,
  0x2A27, 0x2A27, 0x2A06, 0x2A06, 0x2A27, 0x2A26, 0x2A47, 0x3246, 0x2A68, 0x3226, 0x634A, 0x32C8,
  0x2AC8, 0x3AE9, 0x3AE9, 0x3AE9, 0x3AE9, 0x3AE9, 0x3AE9, 0x3B09, 0x4329, 0x3B09, 0x32E9, 0x3AE9,
  0x3AE9, 0x3AC9, 0x32C8, 0x3267, 0x6B8A, 0x3B09, 0x32C8, 0x3AE9, 0x3AE9, 0x3AC9, 0x3AC9, 0x3AE8,
  0x3AE9, 0x3AC8, 0x3AC9, 0x3AE9, 0x3AE9, 0x3AE9, 0x2AA9, 0x52E8, 0x63CC, 0x330A, 0x3B4A, 0x3B0A,
  0x3B09, 0x3B0A, 0x3B0A, 0x3B0A, 0x3B0A, 0x3B0A, 0x3B2A, 0x432A, 0x3B2A, 0x432A, 0x432A, 0x3B2A,
  0x32E9, 0x5B08, 0x742E, 0x3B2A, 0x3B0A, 0x3B0A, 0x432A, 0x3B2A, 0x3B2A, 0x3B2A, 0x3B2A, 0x432A,
  0x434A, 0x436B, 0x434A, 0x434B, 0x3B4B, 0x3B2A, 0x3B2B, 0x42E9, 0x73EB, 0x4369, 0x3309, 0x3B2A,
  0x3B2A, 0x430A, 0x3B0A, 0x3B09, 0x3B0A, 0x3B2A, 0x3B2A, 0x3AE9, 0x3B09, 0x3B09, 0x3B0A, 0x3B09,
  0x432A, 0x2AA8, 0x6B4A, 0x5BEC, 0x3B09, 0x3B0A, 0x3B09, 0x3B0A, 0x3B0A, 0x3B09, 0x3B09, 0x432A,
  0x3B0A, 0x432A, 0x3B2A, 0x3B2A, 0x3B09, 0x3B2A, 0x432A, 0x434B, 0x32C9, 0x5308, 0x7C2D, 0x538B,
  0x4B4A, 0x536B, 0x538B, 0x4B4A, 0x538B, 0x538B, 0x538B, 0x536B, 0x536A, 0x536B, 0x538B, 0x536A,
  0x538B, 0x538B, 0x538B, 0x4B6B, 0x3AA7, 0x73EC, 0x5BAB, 0x4B6B, 0x536A, 0x4B4A, 0x4B4A, 0x536B,
  0x536A, 0x4B6A, 0x4B6A, 0x4B6A, 0x4B6A, 0x4B4A, 0x4B29, 0x4B6A, 0x536B, 0x538B, 0x434A, 0x5308,
  0x7C0C, 0x4329, 0x3B2A, 0x432A, 0x3B29, 0x432A, 0x432A, 0x4309, 0x4309, 0x432A, 0x432A, 0x4309,
  0x3B09, 0x432A, 0x432A, 0x430A, 0x432A, 0x3AE9, 0x5B29, 0x7C2D, 0x4B6A, 0x4B4A, 0x4B4A, 0x432A,
  0x4B2A, 0x4B4A, 0x432A, 0x4B4A, 0x4B2A, 0x432A, 0x3AE9, 0x3AE9, 0x430A, 0x3AE9, 0x4329, 0x32A8,
  0x6B6A, 0x4309, 0x2A48, 0x3268, 0x3268, 0x3268, 0x3268, 0x2A47, 0x2227, 0x3A26, 0x5329, 0x2227,
  0x21E6, 0x2122, 0x3942, 0x4182, 0x49E3, 0x4982, 0x49A2, 0x4162, 0x4182, 0x3962, 0x7284, 0x6A63,
  0x7AC4, 0x8B04, 0xA3A6, 0x9B86, 0xBC8A, 0xBCCA, 0xBC8A, 0x9B45, 0x9325, 0x9365, 0x7A84, 0x82E4,
  0x82E4, 0x7263, 0x5A03, 0x3942, 0x3962, 0x41A3, 0x41A4, 0x20E1, 0x2922, 0x2921, 0x2922, 0x2902,
  0x3268, 0x2A27, 0x2A47, 0x2A26, 0x3267, 0x3267, 0x32A8, 0x3288, 0x29E6, 0x5B29, 0x534A, 0x3AE9,
  0x3B09, 0x3AC9, 0x3AE9, 0x3B09, 0x3AE9, 0x3B09, 0x32C9, 0x3AC9, 0x3B0A, 0x3B09, 0x3B0A, 0x3B09,
  0x3AE8, 0x3AE9, 0x3288, 0x5349, 0x63CC, 0x32E9, 0x32A8, 0x32E9, 0x32C9, 0x3AE9, 0x3AE9, 0x32C8,
  0x3AC9, 0x3AC9, 0x3AC9, 0x3AC9, 0x3AE9, 0x3B09, 0x2A88, 0x636A, 0x5BCC, 0x330A, 0x3B2A, 0x3B0A,
  0x3B0A, 0x3B0A, 0x3B0A, 0x3B0A, 0x3B2A, 0x3B0A, 0x3B0A, 0x3B2A, 0x3B2A, 0x432A, 0x432A, 0x434A,
  0x32C9, 0x6B8A, 0x63ED, 0x3B2A, 0x3B2A, 0x3B0A, 0x3B2A, 0x3B2A, 0x434B, 0x3B2A, 0x3B0A, 0x432B,
  0x434B, 0x436B, 0x434A, 0x3B2A, 0x3B4B, 0x434A, 0x3B2B, 0x4AE9, 0x7C2D, 0x3B29, 0x330A, 0x3B0A,
  0x330A, 0x3B09, 0x3B0A, 0x3309, 0x3B0A, 0x432A, 0x3B0A, 0x3B09, 0x3B0A, 0x3B09, 0x3B09, 0x3B09,
  0x3B2A, 0x3AE9, 0x842D, 0x538B, 0x3B09, 0x3B0A, 0x3B2A, 0x3B0A, 0x3B0A, 0x3B0A, 0x3B0A, 0x3B0A,
  0x3B0A, 0x3B2A, 0x3B09, 0x3B0A, 0x3B0A, 0x3B2A, 0x432A, 0x434A, 0x32A8, 0x52E7, 0x844D, 0x53AB,
  0x536B, 0x536B, 0x536B, 0x4B6A, 0x538B, 0x536B, 0x536A, 0x4B4A, 0x536B, 0x538B, 0x538B, 0x4B4A,
  0x4B4A, 0x536B, 0x538B, 0x538B, 0x4AE8, 0x7C0C, 0x5B8B, 0x4B6A, 0x536A, 0x536B, 0x536B, 0x536A,
  0x4B6A, 0x4B4A, 0x536A, 0x4B4A, 0x4B4A, 0x4B2A, 0x4B4A, 0x4B6A, 0x4B4A, 0x536B, 0x432A, 0x5308,
  0x7C2D, 0x4329, 0x3B2A, 0x432A, 0x432A, 0x3B0A, 0x430A, 0x4309, 0x4329, 0x432A, 0x3B09, 0x3B09,
  0x3B09, 0x3B09, 0x432A, 0x430A, 0x432A, 0x3B29, 0x3A87, 0x7C2D, 0x538B, 0x4B4A, 0x434A, 0x4309,
  0x4B2A, 0x4B4A, 0x434A, 0x4B4A, 0x4B4A, 0x4B4A, 0x432A, 0x432A, 0x432A, 0x3AC8, 0x4329, 0x3AE9,
  0x5AE8, 0x4B49, 0x2A68, 0x3248, 0x3268, 0x3268, 0x2A68, 0x2206, 0x2A27, 0x3206, 0x636B, 0x2A68,
  0x2A07, 0x2143, 0x3122, 0x4182, 0x51E3, 0x49A3, 0x4182, 0x4182, 0x49A3, 0x3142, 0x6203, 0x7283,
  0x7263, 0x9325, 0x9B85, 0xA3C7, 0xBC89, 0xBCEA, 0xBCAA, 0x9B66, 0x9325, 0x9365, 0x82C4, 0x7AC4,
  0x82E4, 0x7284, 0x5A23, 0x49A3, 0x3962, 0x3982, 0x41E4, 0x20E1, 0x2901, 0x2901, 0x2901, 0x2901,
  0x3288, 0x3288, 0x32A8, 0x2A67, 0x3287, 0x32A8, 0x32A8, 0x3288, 0x3A46, 0x6BAB, 0x3AE9, 0x3AEA,
  0x3AC9, 0x3AE9, 0x32C8, 0x32E9, 0x3AE9, 0x3AE9, 0x3AE9, 0x3AE9, 0x3AE9, 0x3B0A, 0x3B09, 0x3B09,
  0x32E8, 0x3B09, 0x3288, 0x6BAB, 0x4B4B, 0x3B09, 0x32E8, 0x32C8, 0x32E9, 0x32C9, 0x3AE9, 0x3AE9,
  0x3AC9, 0x3AE9, 0x3AC9, 0x3AC9, 0x32E9, 0x3AE9, 0x3288, 0x6BCB, 0x434B, 0x3B0A, 0x3B2A, 0x3B2A,
  0x3B09, 0x3AE9, 0x3B09, 0x3B2A, 0x3B2A, 0x3B0A, 0x3B2A, 0x3B2A, 0x3B2A, 0x3B2A, 0x3B2A, 0x434A,
  0x42E9, 0x7C2D, 0x4B8B, 0x3B2A, 0x434B, 0x3B2B, 0x3B2B, 0x3B4B, 0x3B4B, 0x3B2B, 0x3B2A, 0x434B,
  0x434B, 0x434B, 0x434A, 0x3B2B, 0x3B2A, 0x434B, 0x3AEA, 0x636A, 0x7C6E, 0x3B2A, 0x3AEA, 0x3B0A,
  0x330A, 0x3309, 0x3B2A, 0x3B0A, 0x3B0A, 0x3B09, 0x3B0A, 0x3309, 0x3B09, 0x3B0A, 0x3B09, 0x3AE9,
  0x3B2A, 0x3AA8, 0x7C2C, 0x4B6B, 0x3AE9, 0x3B0A, 0x3B2A, 0x3B0A, 0x3B0A, 0x3B0A, 0x3B09, 0x3AE9,
  0x3B0A, 0x432A, 0x430A, 0x430A, 0x432A, 0x432A, 0x432A, 0x434A, 0x32C8, 0x73CB, 0x7C2D, 0x538B,
  0x536A, 0x536A, 0x536B, 0x536B, 0x538B, 0x4B6A, 0x4B6A, 0x536A, 0x536B, 0x536B, 0x536B, 0x538B,
  0x536B, 0x536B, 0x536B, 0x4B4A, 0x5329, 0x844D, 0x5B8B, 0x536A, 0x536A, 0x538B, 0x538B, 0x538B,
  0x536A, 0x536A, 0x536B, 0x536B, 0x536B, 0x4B2A, 0x4B4A, 0x4B6A, 0x4B6A, 0x536A, 0x4B4A, 0x5309,
  0x7C4D, 0x4309, 0x3B29, 0x432A, 0x4329, 0x430A, 0x432A, 0x432A, 0x4329, 0x4309, 0x3B09, 0x432A,
  0x3B09, 0x3B09, 0x4329, 0x432A, 0x434A, 0x3B2A, 0x42C8, 0x844D, 0x4B6A, 0x432A, 0x434A, 0x4B4A,
  0x4B2A, 0x432A, 0x4B4A, 0x432A, 0x4B4A, 0x432A, 0x434A, 0x434A, 0x432A, 0x4309, 0x4329, 0x3AE8,
  0x52E8, 0x5B6A, 0x2A47, 0x2A27, 0x2A47, 0x2A68, 0x2A68, 0x2206, 0x2A27, 0x2A27, 0x5329, 0x3268,
  0x2A28, 0x2164, 0x3122, 0x4182, 0x49C3, 0x51C3, 0x49A2, 0x4182, 0x4182, 0x3121, 0x51E3, 0x7AC4,
  0x7284, 0x8B25, 0x9345, 0xA3A6, 0xAC08, 0xBCCA, 0xBCCA, 0xA3A7, 0x8B04, 0x9325, 0x82E4, 0x7AA4,
  0x82C4, 0x7AA4, 0x6223, 0x49C3, 0x3962, 0x3962, 0x49E4, 0x2922, 0x20C1, 0x2901, 0x2901, 0x3122,
  0x3288, 0x32A8, 0x3288, 0x3288, 0x32A8, 0x2A87, 0x32C9, 0x2A67, 0x5B29, 0x63AB, 0x32C9, 0x32C9,
  0x3AE9, 0x3B09, 0x3AC9, 0x3AE9, 0x3AE9, 0x32C9, 0x3B09, 0x3AE9, 0x32E9, 0x330A, 0x32E9, 0x3B09,
  0x3AE9, 0x32E9, 0x42E8, 0x6BEC, 0x32E9, 0x32C9, 0x32E9, 0x32E9, 0x32C9, 0x3AE9, 0x32C9, 0x3AE9,
  0x32C9, 0x32E9, 0x32C8, 0x3AE9, 0x32E9, 0x32C8, 0x42C9, 0x6C0D, 0x3B0A, 0x3B2A, 0x3B2A, 0x3B2A,
  0x3B09, 0x3B09, 0x3B0A, 0x3B0A, 0x3B0A, 0x3B0A, 0x3B2A, 0x3B2A, 0x432A, 0x3B2A, 0x3B2A, 0x3B0A,
  0x4AE9, 0x7C6D, 0x434B, 0x3B2B, 0x3B2A, 0x3B4A, 0x3B4A, 0x3B2A, 0x3B4B, 0x3B4B, 0x3B2A, 0x434B,
  0x434B, 0x434A, 0x3B2A, 0x3B4B, 0x3B2A, 0x434A, 0x32EA, 0x6BAB, 0x63EC, 0x3309, 0x3B0A, 0x3B09,
  0x3B0A, 0x330A, 0x3B2A, 0x3B0A, 0x3B0A, 0x3B0A, 0x3B0A, 0x3B0A, 0x3B0A, 0x3B2A, 0x3B09, 0x3B09,
  0x3B09, 0x4AC9, 0x7C2C, 0x434A, 0x3B0A, 0x3B2A, 0x3B0A, 0x3B2A, 0x3B2A, 0x3B09, 0x3B09, 0x3B0A,
  0x3B0A, 0x3B0A, 0x3B2A, 0x3B0A, 0x432A, 0x3B2A, 0x3B2A, 0x434A, 0x3AA8, 0x7C2C, 0x742D, 0x4B6B,
  0x536B, 0x536B, 0x536B, 0x536A, 0x536A, 0x4B4A, 0x538B, 0x536A, 0x536B, 0x536B, 0x536B, 0x536A,
  0x536B, 0x536B, 0x536B, 0x536A, 0x4AC8, 0x73EB, 0x4B4A, 0x4B4B, 0x536B, 0x536A, 0x536B, 0x536B,
  0x536B, 0x538B, 0x536A, 0x536A, 0x536A, 0x4B4A, 0x4B6B, 0x4B6A, 0x4B4A, 0x534A, 0x4B4A, 0x5309,
  0x844D, 0x432A, 0x3B2A, 0x4329, 0x4309, 0x4309, 0x432A, 0x432A, 0x432A, 0x3B2A, 0x3B09, 0x3B09,
  0x3B09, 0x4309, 0x432A, 0x434A, 0x432A, 0x432A, 0x4309, 0x846D, 0x4B6A, 0x432A, 0x434A, 0x4B2A,
  0x4B2A, 0x432A, 0x4B4A, 0x4B4A, 0x4B4A, 0x4309, 0x432A, 0x4B6B, 0x432A, 0x432A, 0x4329, 0x4309,
  0x532A, 0x73EC, 0x2A67, 0x2A48, 0x2A68, 0x2A68, 0x2A68, 0x2A27, 0x2A47, 0x21E6, 0x4AA8, 0x4B0A,
  0x2A48, 0x1985, 0x2102, 0x4183, 0x41A2, 0x5203, 0x49A2, 0x4183, 0x4162, 0x3962, 0x4182, 0x72A4,
  0x7284, 0x82E5, 0x9345, 0xA3A6, 0xB428, 0xBCAA, 0xBCAA, 0xABC7, 0x9304, 0x9B45, 0x8B04, 0x7AA3,
  0x82C4, 0x7A84, 0x6A64, 0x5203, 0x4182, 0x3942, 0x41A4, 0x39A4, 0x18C1, 0x20E1, 0x2901, 0x2901,
  0x2A88, 0x32A8, 0x3288, 0x32A9, 0x32C9, 0x32C9, 0x3AC9, 0x3267, 0x6BCB, 0x4309, 0x32E9, 0x3AE9,
  0x3B09, 0x3B09, 0x3AEA, 0x3AE9, 0x3B09, 0x3AE9, 0x3AE9, 0x3B09, 0x3B09, 0x32E9, 0x330A, 0x3B09,
  0x3B09, 0x32A8, 0x5B29, 0x4B6A, 0x32E8, 0x32E9, 0x32E9, 0x3AE9, 0x32E9, 0x3AE9, 0x3AE9, 0x32C8,
  0x3AE9, 0x3309, 0x3AE9, 0x32C9, 0x3AE8, 0x32A8, 0x5B6A, 0x63EC, 0x330A, 0x3B2A, 0x3B2A, 0x3B0A,
  0x3B0A, 0x3B0A, 0x3B0A, 0x3B0A, 0x3B2A, 0x3B2A, 0x3B0A, 0x3B0A, 0x432A, 0x432A, 0x432A, 0x32E9,
  0x5329, 0x744D, 0x3B4B, 0x3B4B, 0x3B2A, 0x434A, 0x3B2A, 0x3B4A, 0x3B4A, 0x3B4B, 0x3B2A, 0x3B4A,
  0x434B, 0x3B4A, 0x3B2A, 0x3B2A, 0x3B4A, 0x436B, 0x32EA, 0x73EB, 0x538B, 0x3309, 0x430A, 0x3B29,
  0x3B0A, 0x3B0A, 0x3B0A, 0x3B0A, 0x3B09, 0x3B09, 0x3B2A, 0x3B0A, 0x3B09, 0x3B2A, 0x432A, 0x3B0A,
  0x32E9, 0x5B2A, 0x848E, 0x3B2A, 0x3B0A, 0x432A, 0x3B0A, 0x3B2A, 0x3B0A, 0x3B09, 0x3B09, 0x3B2A,
  0x432A, 0x3B09, 0x3B2A, 0x3B2A, 0x432A, 0x432A, 0x3B2A, 0x3B4A, 0x3288, 0x73CB, 0x6C0C, 0x4B4A,
  0x536A, 0x536B, 0x536B, 0x538B, 0x536A, 0x4B6A, 0x538B, 0x536A, 0x536A, 0x538B, 0x538B, 0x536B,
  0x538B, 0x538B, 0x53AB, 0x4B4A, 0x5329, 0x73EC, 0x536B, 0x4B4B, 0x536A, 0x536A, 0x4B4A, 0x538B,
  0x538B, 0x536A, 0x536A, 0x534A, 0x4B4A, 0x4B6A, 0x4B4A, 0x4B6A, 0x4B4A, 0x536B, 0x4B4A, 0x4AE8,
  0x842D, 0x4B4A, 0x3B09, 0x4329, 0x4329, 0x432A, 0x432A, 0x3B09, 0x3B29, 0x432A, 0x3B09, 0x4309,
  0x3B09, 0x432A, 0x432A, 0x434A, 0x4329, 0x4309, 0x42C8, 0x7C2C, 0x538A, 0x432A, 0x432A, 0x432A,
  0x4B4A, 0x4B2A, 0x4B2A, 0x4309, 0x4309, 0x4309, 0x3AE9, 0x4329, 0x434A, 0x4309, 0x434A, 0x434A,
  0x3A88, 0x6BAB, 0x3AEA, 0x2A68, 0x2A68, 0x3268, 0x3268, 0x2A47, 0x2A68, 0x2207, 0x4287, 0x534B,
  0x2A68, 0x2A07, 0x2122, 0x3962, 0x4182, 0x5203, 0x49A2, 0x3983, 0x4162, 0x3962, 0x3121, 0x7284,
  0x6A63, 0x82C5, 0x9345, 0xA3A6, 0xAC07, 0xBCEA, 0xBCCA, 0xABE7, 0x9325, 0x9B45, 0x8B24, 0x7AA3,
  0x82C5, 0x7AA4, 0x7284, 0x5A03, 0x4182, 0x3942, 0x3963, 0x41C4, 0x18A0, 0x20E1, 0x28E1, 0x2901,
  0x3289, 0x3289, 0x32A8, 0x32A9, 0x32A8, 0x32C9, 0x2A68, 0x52E8, 0x5BAB, 0x32C9, 0x3B0A, 0x32EA,
  0x3B0A, 0x3B0A, 0x32E9, 0x32E9, 0x3B0A, 0x3B09, 0x3B09, 0x432A, 0x3B09, 0x330A, 0x3B0A, 0x3B0A,
  0x3309, 0x3A67, 0x6BEC, 0x432A, 0x32C9, 0x3AEA, 0x32EA, 0x3AE9, 0x3AE9, 0x3AE9, 0x3AE9, 0x32C9,
  0x3AE9, 0x32E9, 0x3AE9, 0x3AC9, 0x32E9, 0x3287, 0x6B8B, 0x4B8B, 0x330A, 0x3B2A, 0x3B2A, 0x3B0A,
  0x3B2A, 0x3B2A, 0x330A, 0x330A, 0x3B0A, 0x3B0A, 0x3B0A, 0x3B0A, 0x3B4B, 0x3B2B, 0x3B2A, 0x32A8,
  0x638B, 0x5BCC, 0x3B2A, 0x3B4B, 0x3B2A, 0x3B2A, 0x3B4B, 0x3B2B, 0x3B2A, 0x3B4A, 0x3B4A, 0x3B4B,
  0x3B4B, 0x3B2A, 0x3B2A, 0x3B2A, 0x3B4A, 0x3B4B, 0x4309, 0x844D, 0x434A, 0x32E9, 0x3B0A, 0x3B09,
  0x3AE9, 0x3B0A, 0x3B0A, 0x3B0A, 0x3B09, 0x3B2A, 0x3B2A, 0x3B2A, 0x3B09, 0x3B2A, 0x3B0A, 0x432A,
  0x32E9, 0x5308, 0x6C0C, 0x3B0A, 0x3B09, 0x3B2A, 0x3B2A, 0x3B0A, 0x3B0A, 0x3B2A, 0x3B2A, 0x3B09,
  0x3B09, 0x3B09, 0x3B2A, 0x3B2A, 0x3B2A, 0x3B2A, 0x3B2A, 0x3B4B, 0x42E8, 0x846D, 0x63CC, 0x4B6A,
  0x4B4A, 0x4B4A, 0x538B, 0x538B, 0x4B6A, 0x4B6A, 0x538B, 0x538B, 0x4B6A, 0x4B6A, 0x536A, 0x4B4A,
  0x536A, 0x536B, 0x538B, 0x4309, 0x6BAB, 0x7C4D, 0x536B, 0x538B, 0x536A, 0x4B4A, 0x4B4A, 0x4B6B,
  0x538B, 0x536B, 0x4B6B, 0x4B6A, 0x4B6A, 0x4B6B, 0x4B2A, 0x4B4A, 0x4B6A, 0x4B6A, 0x4B4B, 0x42A8,
  0x844D, 0x4B4B, 0x3B09, 0x4309, 0x432A, 0x432A, 0x432A, 0x432A, 0x4309, 0x3B09, 0x3B09, 0x3B09,
  0x3B09, 0x432A, 0x432A, 0x434A, 0x432A, 0x434A, 0x3268, 0x5B6A, 0x5BAB, 0x432A, 0x432A, 0x4B4A,
  0x4B4A, 0x4B2A, 0x4B4A, 0x4309, 0x4309, 0x432A, 0x4309, 0x3AE9, 0x432A, 0x430A, 0x430A, 0x434A,
  0x3AC9, 0x73AB, 0x3AC9, 0x2A47, 0x2A68, 0x2A68, 0x2A68, 0x2A48, 0x2A68, 0x2A47, 0x3A27, 0x5B4A,
  0x2A48, 0x2A48, 0x2142, 0x3962, 0x4182, 0x51E3, 0x49C2, 0x3962, 0x3962, 0x4162, 0x3942, 0x6A84,
  0x6A83, 0x6A63, 0x8B04, 0x9B86, 0xA3A6, 0xC4CA, 0xBCCA, 0xAC28, 0x9B86, 0x9345, 0x9325, 0x7AA4,
  0x7AA4, 0x7AA4, 0x72A4, 0x5A23, 0x41A2, 0x3962, 0x3962, 0x41C3, 0x20E2, 0x20E1, 0x2901, 0x20E1,
  0x32A9, 0x32A9, 0x32A9, 0x32C9, 0x32C9, 0x32CA, 0x2A27, 0x6BAB, 0x5BAC, 0x32E9, 0x3B0A, 0x3B0A,
  0x3B0A, 0x330A, 0x330A, 0x32EA, 0x330A, 0x3B0A, 0x3B09, 0x3B09, 0x3B09, 0x3B09, 0x3B09, 0x3B09,
  0x32A8, 0x5309, 0x6BEC, 0x32E9, 0x32E9, 0x32C9, 0x3AE9, 0x32C9, 0x3B0A, 0x32E9, 0x32E9, 0x3AE9,
  0x3AE9, 0x32C8, 0x32C9, 0x3AEA, 0x330A, 0x32A8, 0x7C0D, 0x53CB, 0x434A, 0x434B, 0x436B, 0x434A,
  0x3B0A, 0x3B2A, 0x3B2A, 0x3B2A, 0x3B2A, 0x3B2A, 0x3B4B, 0x3B2A, 0x3B4B, 0x3B2A, 0x3B2B, 0x32C9,
  0x740D, 0x5BEC, 0x3B2A, 0x3B2B, 0x3B2A, 0x3B2B, 0x3B4B, 0x3B2B, 0x3B4A, 0x432A, 0x3B2A, 0x434B,
  0x3B2A, 0x3B2A, 0x3B2B, 0x432B, 0x434B, 0x3B2B, 0x4AE9, 0x846E, 0x4B6B, 0x3AE9, 0x3B2A, 0x3B09,
  0x3B09, 0x3B0A, 0x3B0A, 0x3B2A, 0x3B2A, 0x3B2A, 0x3B2A, 0x3B2A, 0x3B2A, 0x3B0A, 0x3B2A, 0x3B2A,
  0x32C9, 0x63AA, 0x744D, 0x432A, 0x3B2A, 0x3B2A, 0x3B2A, 0x3B2A, 0x3B09, 0x3B2A, 0x3B2A, 0x3B2A,
  0x3B2A, 0x3B2A, 0x3B2A, 0x3B0A, 0x3B0A, 0x3B0A, 0x3B2A, 0x434B, 0x42C8, 0x842C, 0x63AC, 0x536A,
  0x4B6B, 0x536B, 0x536B, 0x538B, 0x538B, 0x538B, 0x536A, 0x53AB, 0x538B, 0x538B, 0x536B, 0x536A,
  0x538B, 0x536A, 0x538B, 0x432A, 0x5B29, 0x7C6E, 0x53AB, 0x536A, 0x538B, 0x536B, 0x4B4B, 0x536B,
  0x538B, 0x4B6B, 0x4B6B, 0x4B6A, 0x4B6B, 0x536B, 0x4B4A, 0x4B4A, 0x4B6A, 0x4B6B, 0x4B4B, 0x42A8,
  0x846E, 0x538B, 0x3B09, 0x3B2A, 0x4329, 0x432A, 0x432A, 0x430A, 0x4309, 0x3B29, 0x3B09, 0x3B09,
  0x3B09, 0x3B09, 0x432A, 0x3B2A, 0x3B2A, 0x434B, 0x2A88, 0x5B6A, 0x6C0C, 0x4309, 0x430A, 0x536B,
  0x4B4A, 0x434A, 0x4B4A, 0x432A, 0x4B4A, 0x432A, 0x432A, 0x4309, 0x3AE9, 0x432A, 0x42E9, 0x3B09,
  0x3A88, 0x6B6A, 0x4B2B, 0x2227, 0x2A68, 0x2A68, 0x2A68, 0x2A68, 0x2A68, 0x2A68, 0x29C6, 0x52E9,
  0x32A9, 0x2A49, 0x2143, 0x3142, 0x3962, 0x51E3, 0x5203, 0x3962, 0x4182, 0x4182, 0x3921, 0x5A03,
  0x72A4, 0x6A63, 0x8B05, 0x9B85, 0xA3A6, 0xAC28, 0xC4CA, 0xB448, 0xA3C6, 0x9324, 0x9304, 0x82E4,
  0x72A4, 0x8305, 0x7AA4, 0x6244, 0x49C3, 0x3962, 0x3942, 0x41A3, 0x2943, 0x18C1, 0x2922, 0x20C1,
  0x430A, 0x430A, 0x432A, 0x3AE9, 0x432A, 0x3267, 0x52C8, 0x6BAB, 0x534A, 0x4B2A, 0x4B4A, 0x4B4A,
  0x4B4A, 0x4B2A, 0x4B2A, 0x4B6B, 0x4B6A, 0x4B4A, 0x4B4A, 0x536A, 0x538C, 0x538B, 0x4B6A, 0x4B4A,
  0x3247, 0x7BEC, 0x6BAB, 0x536A, 0x536A, 0x534A, 0x534A, 0x536B, 0x53AB, 0x534A, 0x5B8A, 0x538B,
  0x4B6A, 0x4B29, 0x4B49, 0x534A, 0x4309, 0x5309, 0x740D, 0x4B6A, 0x432A, 0x434B, 0x4B6B, 0x4B4B,
  0x4B4B, 0x4B6B, 0x536A, 0x536A, 0x536B, 0x536B, 0x536B, 0x4B4A, 0x534A, 0x536A, 0x4B2A, 0x42C8,
  0x842C, 0x6BEC, 0x5BCC, 0x538B, 0x5BAB, 0x53AB, 0x4BAB, 0x438B, 0x538A, 0x5BAB, 0x432A, 0x4B6A,
  0x53AB, 0x4B6A, 0x434A, 0x536B, 0x4B6A, 0x3AC9, 0x5349, 0x846D, 0x63AB, 0x536A, 0x536A, 0x536A,
  0x538A, 0x536A, 0x534A, 0x5B8B, 0x5BAB, 0x534A, 0x4B0A, 0x4B4B, 0x536C, 0x534B, 0x536B, 0x4B2A,
  0x3A87, 0x6B69, 0x6BEC, 0x5B8B, 0x4B4B, 0x4B4B, 0x536B, 0x536B, 0x534A, 0x538B, 0x538B, 0x536A,
  0x538B, 0x538B, 0x536A, 0x536A, 0x536A, 0x536A, 0x5B8B, 0x4B4A, 0x4AE8, 0x7C0B, 0x6C0C, 0x63CC,
  0x63EC, 0x63AB, 0x5B6B, 0x63AB, 0x5B6A, 0x63AB, 0x536A, 0x5B8A, 0x5B8B, 0x5B6B, 0x5B8B, 0x5B6B,
  0x536B, 0x5B8B, 0x4B2A, 0x3A87, 0x6349, 0x7BEC, 0x6BEC, 0x63CB, 0x638A, 0x63AB, 0x5B8B, 0x5BAB,
  0x63AB, 0x5B6A, 0x5BAB, 0x63AB, 0x638B, 0x5B6A, 0x638A, 0x63CB, 0x5349, 0x536A, 0x4B0A, 0x4AC7,
  0x840B, 0x63AB, 0x538B, 0x536A, 0x5BAB, 0x5BAB, 0x5B8B, 0x536A, 0x538A, 0x5B8A, 0x534A, 0x5B6A,
  0x536A, 0x534A, 0x534A, 0x536A, 0x536A, 0x536A, 0x3AA7, 0x73CB, 0x6BCB, 0x5329, 0x534A, 0x534A,
  0x534A, 0x534A, 0x4B09, 0x532A, 0x534A, 0x4B4A, 0x4B29, 0x538A, 0x4B29, 0x4B4A, 0x4309, 0x3AE8,
  0x2A26, 0x6B69, 0x5B8B, 0x42A8, 0x42A8, 0x3A88, 0x42A8, 0x42C9, 0x3AA8, 0x3A67, 0x29C5, 0x5AE8,
  0x4AEA, 0x3248, 0x2143, 0x3122, 0x4162, 0x4182, 0x5A24, 0x3962, 0x4162, 0x4182, 0x3942, 0x4182,
  0x7AC5, 0x6A64, 0x82E4, 0x9365, 0xA3A6, 0xAC07, 0xC4CA, 0xB469, 0xA3C7, 0x9324, 0x9325, 0x8B05,
  0x7263, 0x82E5, 0x7284, 0x6203, 0x49A2, 0x3962, 0x3942, 0x3983, 0x39A4, 0x18A0, 0x2901, 0x20E1,
  0x42A8, 0x42A8, 0x42C8, 0x4AE9, 0x42C8, 0x5B09, 0x8C2C, 0x638A, 0x4AE8, 0x4AE9, 0x534A, 0x532A,
  0x5B8B, 0x534A, 0x5B6B, 0x5B8B, 0x534A, 0x5329, 0x5B6A, 0x63AB, 0x5B6A, 0x5B69, 0x5B6A, 0x52E8,
  0x83EB, 0x8C4D, 0x5B4A, 0x638A, 0x5B6A, 0x5B4A, 0x5B8A, 0x5B8A, 0x5B8A, 0x638A, 0x636A, 0x636A,
  0x638A, 0x5B6A, 0x5B4A, 0x634A, 0x5308, 0x842C, 0x638A, 0x32A8, 0x3AC8, 0x42C7, 0x4AC7, 0x5329,
  0x638A, 0x5B49, 0x5B49, 0x5B49, 0x5B6A, 0x5309, 0x4AC8, 0x5B4A, 0x5308, 0x532A, 0x52E9, 0x7BEB,
  0x842C, 0x5B89, 0x63CC, 0x5B8A, 0x5B8A, 0x6BAB, 0x638A, 0x63AB, 0x638A, 0x636A, 0x638B, 0x638B,
  0x638B, 0x63AB, 0x5B4A, 0x638B, 0x5B29, 0x4AC8, 0x946D, 0x7C0B, 0x638A, 0x638A, 0x5B6A, 0x63AB,
  0x63AA, 0x638A, 0x6BCB, 0x638A, 0x638A, 0x638A, 0x63AB, 0x63CB, 0x5B6A, 0x5B8A, 0x5B8A, 0x5329,
  0x5B29, 0x946D, 0x636A, 0x5329, 0x4B09, 0x4AE8, 0x5329, 0x5B6A, 0x63AB, 0x63AB, 0x5B6A, 0x63AB,
  0x6BCB, 0x63AB, 0x638A, 0x6BAB, 0x6BEB, 0x6BAB, 0x6BCB, 0x5B6A, 0x7BEC, 0x944C, 0x636A, 0x6BAB,
  0x63AA, 0x638A, 0x5B49, 0x6BAA, 0x5B49, 0x636A, 0x638A, 0x5329, 0x4AC8, 0x5309, 0x5B28, 0x6349,
  0x5B29, 0x5B29, 0x5B08, 0x42A7, 0x842C, 0x73CB, 0x5B49, 0x5B4A, 0x5B49, 0x5B6A, 0x5B49, 0x636A,
  0x638A, 0x638A, 0x638B, 0x638A, 0x636A, 0x5B49, 0x636A, 0x638A, 0x636A, 0x5B49, 0x532A, 0x73AB,
  0x946D, 0x5B29, 0x63AA, 0x5B6A, 0x5B29, 0x638A, 0x6BCB, 0x638A, 0x6BAB, 0x638A, 0x63AB, 0x6BAB,
  0x638A, 0x5B49, 0x5B69, 0x638A, 0x5B49, 0x5B6A, 0x5B49, 0xA4EF, 0x73EB, 0x5B69, 0x5329, 0x5B29,
  0x638B, 0x5309, 0x42C8, 0x4AE8, 0x52E8, 0x4AC8, 0x52E8, 0x5B29, 0x5B29, 0x4AC8, 0x5308, 0x4AE8,
  0x4287, 0x83EB, 0x6B49, 0x4287, 0x4288, 0x42A8, 0x4AA8, 0x42A8, 0x3A87, 0x3A47, 0x3A47, 0x736A,
  0x52E9, 0x3A47, 0x2984, 0x2921, 0x4183, 0x3962, 0x5A24, 0x3941, 0x3962, 0x4182, 0x3962, 0x3942,
  0x7284, 0x6A63, 0x82E4, 0x9345, 0xA3A6, 0xA3C6, 0xBCCA, 0xB469, 0xA3E7, 0x9B65, 0x9B45, 0x9325,
  0x7243, 0x7AA4, 0x7AA4, 0x6A43, 0x59E3, 0x49A3, 0x3942, 0x3962, 0x41E4, 0x20E1, 0x20E1, 0x20E1,
  0x2A89, 0x2A89, 0x32CA, 0x32C9, 0x2268, 0x4288, 0x73EC, 0x32C9, 0x32C9, 0x32A9, 0x32A9, 0x32C9,
  0x32E9, 0x32C9, 0x32E9, 0x3AC9, 0x3AC9, 0x3B0A, 0x32E9, 0x3B09, 0x32E9, 0x32C9, 0x3AEA, 0x2206,
  0x6B8A, 0x5B8B, 0x2AC9, 0x3AA8, 0x32C9, 0x32C9, 0x32C9, 0x32A8, 0x2A87, 0x32A8, 0x32A8, 0x32C8,
  0x32A8, 0x32C8, 0x32A8, 0x32A8, 0x3247, 0x73CB, 0x5B8B, 0x4B4B, 0x4B4A, 0x4B2A, 0x4B4A, 0x4B2A,
  0x4B4A, 0x4B4B, 0x4B4A, 0x4329, 0x432A, 0x432A, 0x4B6B, 0x4B4A, 0x4309, 0x434B, 0x3288, 0x6B89,
  0x740C, 0x434A, 0x3B0A, 0x3B0A, 0x4329, 0x4309, 0x4309, 0x42E9, 0x3AE9, 0x3AE9, 0x3B09, 0x3B09,
  0x3AE9, 0x432A, 0x3B09, 0x4B29, 0x4B4A, 0x2A26, 0x73CB, 0x63AB, 0x432A, 0x4329, 0x4309, 0x4309,
  0x4309, 0x4B49, 0x4B4A, 0x4B29, 0x4309, 0x4309, 0x4B4A, 0x4B4A, 0x432A, 0x432A, 0x4309, 0x3AE9,
  0x3A87, 0x842D, 0x5BAC, 0x4B4A, 0x4B6A, 0x4B4A, 0x4B4A, 0x4B2A, 0x4B4A, 0x4B4A, 0x4329, 0x432A,
  0x4B4A, 0x4B2A, 0x4B4A, 0x4B2A, 0x4B6A, 0x4B4A, 0x4B4A, 0x3AC9, 0x52E8, 0x844D, 0x538B, 0x534A,
  0x536A, 0x536B, 0x534A, 0x536B, 0x536A, 0x534A, 0x4B4A, 0x4B4A, 0x536A, 0x536A, 0x536A, 0x536A,
  0x536A, 0x4B4A, 0x4B6B, 0x3AA8, 0x73CB, 0x63CB, 0x3B09, 0x3B09, 0x4329, 0x4309, 0x3AE9, 0x4309,
  0x3AE8, 0x3AC8, 0x3AE9, 0x3AE9, 0x4309, 0x3B09, 0x3B09, 0x3AE9, 0x3B09, 0x3AE9, 0x3AC9, 0x42C8,
  0x73EC, 0x432A, 0x3AE9, 0x3AE9, 0x3AC8, 0x3AC8, 0x3AE9, 0x3AE9, 0x3AE9, 0x3AE9, 0x4309, 0x3AE9,
  0x4309, 0x4309, 0x3AE8, 0x3B09, 0x3AE8, 0x4309, 0x2A67, 0x6B8B, 0x6C0C, 0x432A, 0x3AE9, 0x3AE9,
  0x32A7, 0x32C8, 0x3AE9, 0x3B09, 0x3AE9, 0x3AC8, 0x3AC8, 0x42E9, 0x4309, 0x32A8, 0x3AC8, 0x3AC9,
  0x2A47, 0x5B29, 0x5B4A, 0x2227, 0x2207, 0x2207, 0x2207, 0x2227, 0x21E6, 0x2A07, 0x21E6, 0x4A88,
  0x530A, 0x21E7, 0x1985, 0x2102, 0x4182, 0x4162, 0x59E3, 0x4182, 0x3962, 0x4182, 0x4182, 0x3942,
  0x7283, 0x6A63, 0x7AA4, 0x9345, 0x9B65, 0x9BA6, 0xBCAA, 0xB469, 0xB449, 0x9B86, 0x9324, 0x9B46,
  0x7AA4, 0x7AA4, 0x82E5, 0x7284, 0x6223, 0x49C3, 0x3942, 0x3942, 0x41E4, 0x2922, 0x20C1, 0x2902,
  0x3AEA, 0x330A, 0x32CA, 0x3B0A, 0x2A88, 0x5B2A, 0x53AC, 0x330A, 0x32EA, 0x3B0A, 0x3B0A, 0x3B0A,
  0x3B0A, 0x3B0A, 0x3AE9, 0x434A, 0x432A, 0x432A, 0x432A, 0x3B2A, 0x3B2A, 0x432B, 0x3B2A, 0x3AA8,
  0x73EB, 0x4B4A, 0x3AE9, 0x3AE9, 0x3B0A, 0x3B09, 0x3AE9, 0x32C9, 0x32A8, 0x3AC8, 0x3AE9, 0x3AE9,
  0x3AC8, 0x3B08, 0x3AE8, 0x3AC8, 0x3AA8, 0x73EC, 0x5BAB, 0x536B, 0x538B, 0x4B4A, 0x4B6A, 0x536B,
  0x536B, 0x536B, 0x5B8B, 0x4B4A, 0x4B4A, 0x4B4A, 0x538B, 0x4B6B, 0x4B4A, 0x4B8B, 0x3AA8, 0x73EC,
  0x63EC, 0x4B4A, 0x434A, 0x434A, 0x434A, 0x4B6A, 0x4329, 0x432A, 0x4309, 0x3AE9, 0x3B29, 0x3B2A,
  0x432A, 0x432A, 0x434A, 0x434A, 0x434A, 0x3AC8, 0x844C, 0x63EC, 0x434A, 0x4B4A, 0x4B4A, 0x4B4A,
  0x4B4A, 0x4B4A, 0x434A, 0x4B4A, 0x4B49, 0x4B4A, 0x4B4A, 0x4B4A, 0x4B4A, 0x4B4A, 0x4B4A, 0x434A,
  0x4AE8, 0x8C8D, 0x538B, 0x4B6A, 0x538B, 0x4B6A, 0x538B, 0x538B, 0x538B, 0x4B6A, 0x4B6A, 0x4B6A,
  0x536A, 0x4B4A, 0x536B, 0x4B6A, 0x4B8B, 0x4B6A, 0x536B, 0x3B09, 0x6349, 0x8CCE, 0x53AB, 0x536A,
  0x536A, 0x536B, 0x538B, 0x536A, 0x536B, 0x538B, 0x536A, 0x538B, 0x538B, 0x534A, 0x4B6A, 0x536B,
  0x538B, 0x538B, 0x53AC, 0x42E9, 0x7C0C, 0x6BEC, 0x3AE8, 0x432A, 0x432A, 0x432A, 0x432A, 0x4329,
  0x4309, 0x4309, 0x4309, 0x4329, 0x4B6A, 0x4329, 0x434A, 0x4B4A, 0x4329, 0x4329, 0x3B2A, 0x42E8,
  0x7C0C, 0x4B6A, 0x3B29, 0x4329, 0x3AE8, 0x4329, 0x4309, 0x4329, 0x432A, 0x4329, 0x432A, 0x3B09,
  0x4309, 0x4309, 0x4329, 0x4309, 0x4309, 0x432A, 0x32A8, 0x636A, 0x744D, 0x434A, 0x3AE9, 0x4329,
  0x3B09, 0x3AE9, 0x3B09, 0x3AE9, 0x3AE9, 0x3AE9, 0x3B09, 0x432A, 0x434A, 0x4329, 0x4309, 0x3B09,
  0x3288, 0x4AC7, 0x638B, 0x2A88, 0x2A47, 0x2A68, 0x2A47, 0x2A47, 0x2227, 0x2A07, 0x2A28, 0x3A46,
  0x4B09, 0x2248, 0x21E7, 0x2102, 0x4182, 0x3942, 0x51E3, 0x49C2, 0x4162, 0x3962, 0x4182, 0x3121,
  0x5A03, 0x6A63, 0x6A84, 0x9345, 0x9B25, 0xA386, 0xB448, 0xBCCB, 0xB448, 0xA3A6, 0x9305, 0x9325,
  0x8AE4, 0x7AA4, 0x82E5, 0x7A84, 0x6A44, 0x49A2, 0x3962, 0x3122, 0x3983, 0x3183, 0x18A0, 0x2902,
  0x3AEA, 0x32EA, 0x32CA, 0x32EA, 0x3267, 0x63AC, 0x32E9, 0x32EA, 0x32EA, 0x32EA, 0x32EA, 0x3B0A,
  0x3B0A, 0x3AEA, 0x3B0A, 0x3B2A, 0x3B2A, 0x3B2A, 0x3B0A, 0x3B2A, 0x3B0A, 0x3B2A, 0x32C9, 0x4AC8,
  0x6BEC, 0x3AE9, 0x32E9, 0x3AE9, 0x3B09, 0x3AE9, 0x3AC9, 0x3288, 0x3AC9, 0x3AC9, 0x32A8, 0x32A8,
  0x3AC8, 0x3AC8, 0x3AE8, 0x3287, 0x5309, 0x73EC, 0x4B6A, 0x4B6B, 0x4B4B, 0x536B, 0x4B4A, 0x4B4A,
  0x536B, 0x4B4A, 0x538B, 0x536A, 0x4B6B, 0x4B6B, 0x4B6A, 0x4B6B, 0x4B4B, 0x4B4A, 0x42A8, 0x73EC,
  0x538A, 0x4B6A, 0x434A, 0x432A, 0x432A, 0x432A, 0x3AE9, 0x4309, 0x4329, 0x432A, 0x432A, 0x3B0A,
  0x3B0A, 0x3B2A, 0x3B2A, 0x432A, 0x432A, 0x42C8, 0x8C6D, 0x5B8B, 0x4309, 0x4329, 0x4B4A, 0x4B6A,
  0x4B4A, 0x432A, 0x432A, 0x432A, 0x4B4A, 0x4B4A, 0x432A, 0x4B4A, 0x4B4A, 0x4B4A, 0x4B6A, 0x4309,
  0x4AC8, 0x844D, 0x4B4A, 0x4B4A, 0x4B4A, 0x4B6A, 0x4B6A, 0x538B, 0x4B4A, 0x4B6A, 0x4B4A, 0x4B6A,
  0x4B6A, 0x4B4A, 0x4B4A, 0x4B6A, 0x4B6A, 0x4B4A, 0x4B6A, 0x3AE9, 0x6BAB, 0x7C4D, 0x4B6A, 0x4B4A,
  0x4B2A, 0x536A, 0x538B, 0x536A, 0x4B6A, 0x536A, 0x536A, 0x536A, 0x536A, 0x536B, 0x536B, 0x536A,
  0x536B, 0x536B, 0x538B, 0x3AA8, 0x7C0B, 0x63CC, 0x3AE9, 0x432A, 0x432A, 0x4329, 0x4309, 0x4309,
  0x4309, 0x4309, 0x4309, 0x4329, 0x434A, 0x4329, 0x432A, 0x4329, 0x4309, 0x4329, 0x3B09, 0x42C8,
  0x740C, 0x4309, 0x3B09, 0x4329, 0x3B09, 0x3B09, 0x3B09, 0x3B09, 0x4309, 0x4309, 0x4329, 0x3B09,
  0x3AE9, 0x3AE8, 0x4309, 0x3B09, 0x432A, 0x3B09, 0x2A87, 0x638A, 0x744D, 0x3B09, 0x3B09, 0x432A,
  0x3B09, 0x3AE9, 0x3AE9, 0x3AE9, 0x3AC9, 0x3AE9, 0x3AE9, 0x4329, 0x4329, 0x4309, 0x3AE8, 0x3AC8,
  0x3288, 0x4AC8, 0x6BCC, 0x3288, 0x2A27, 0x2A48, 0x2A48, 0x2A47, 0x2A27, 0x2A27, 0x2A28, 0x29C5,
  0x532A, 0x2A89, 0x2A28, 0x2143, 0x3142, 0x3962, 0x49A2, 0x5A04, 0x4141, 0x3962, 0x3962, 0x3962,
  0x51E3, 0x7284, 0x6A63, 0x8B05, 0x9325, 0xA385, 0xAC07, 0xC50B, 0xB469, 0xA3E6, 0x9B45, 0x9325,
  0x9325, 0x7A83, 0x82E4, 0x82C4, 0x6A63, 0x51E3, 0x4182, 0x3142, 0x3962, 0x41C4, 0x18C1, 0x2902,
  0x3AEA, 0x32E9, 0x3AEA, 0x2AAA, 0x5B29, 0x536A, 0x2AA9, 0x32EA, 0x3B0A, 0x3AEA, 0x32EA, 0x3B0A,
  0x3AEA, 0x3AE9, 0x3AE9, 0x3B0A, 0x3B0A, 0x432A, 0x3B2A, 0x3B0A, 0x430A, 0x3B2A, 0x3288, 0x6B8B,
  0x536B, 0x32C9, 0x32C9, 0x32E9, 0x3AE9, 0x3B09, 0x3AC9, 0x32C9, 0x3AC9, 0x3AC9, 0x32A8, 0x32A8,
  0x32A8, 0x32C8, 0x32E8, 0x3287, 0x5B2A, 0x5BAB, 0x4B6A, 0x4B8B, 0x4B4A, 0x536B, 0x4B6A, 0x4B4A,
  0x4B6A, 0x536B, 0x4B6A, 0x4B6A, 0x538B, 0x4B6B, 0x4B4A, 0x4B8B, 0x4B6B, 0x4329, 0x5B4A, 0x846D,
  0x434A, 0x434A, 0x432A, 0x3B09, 0x434A, 0x4329, 0x4B4A, 0x432A, 0x432A, 0x434A, 0x434A, 0x432A,
  0x432A, 0x432A, 0x3B29, 0x432A, 0x3B0A, 0x52E8, 0x842C, 0x536A, 0x4309, 0x4329, 0x4B2A, 0x4B4A,
  0x4B4A, 0x4309, 0x432A, 0x432A, 0x4329, 0x4B4A, 0x4B4A, 0x4B4A, 0x4B4A, 0x4B6A, 0x4B6B, 0x3AE9,
  0x638A, 0x7C4D, 0x536A, 0x4B6A, 0x4B4A, 0x4B6A, 0x4B6A, 0x4B6A, 0x4B6A, 0x4B6B, 0x4B6A, 0x4B6A,
  0x4B4A, 0x4B6A, 0x4B4A, 0x4B4A, 0x4B4A, 0x4B4A, 0x536B, 0x42E9, 0x73CB, 0x73EC, 0x4B4A, 0x4B4A,
  0x4B4A, 0x4B4A, 0x536B, 0x538B, 0x4B4A, 0x4B6A, 0x4B6A, 0x4B4A, 0x536A, 0x538B, 0x4B4A, 0x536B,
  0x536B, 0x538B, 0x538B, 0x42C8, 0x840B, 0x63CC, 0x3B09, 0x4329, 0x432A, 0x4309, 0x4309, 0x432A,
  0x4309, 0x42E9, 0x3B09, 0x4329, 0x4329, 0x4329, 0x432A, 0x4309, 0x4309, 0x4309, 0x3B0A, 0x42C8,
  0x7C2D, 0x4B4A, 0x3B09, 0x4329, 0x3B09, 0x3B09, 0x3AE9, 0x3B09, 0x4329, 0x4309, 0x3B09, 0x3B0A,
  0x3B09, 0x3B09, 0x3B09, 0x3B09, 0x3B09, 0x3B2A, 0x32C8, 0x6369, 0x7C2C, 0x4309, 0x4309, 0x430A,
  0x3AE9, 0x3AE9, 0x3AE9, 0x3B09, 0x3AE9, 0x3B09, 0x4309, 0x4B4A, 0x4B4A, 0x3AE8, 0x3AC8, 0x3AC8,
  0x3AC9, 0x3A67, 0x6BAB, 0x3AA9, 0x2A47, 0x2A48, 0x2A48, 0x2A27, 0x2A47, 0x2A48, 0x2A27, 0x21A5,
  0x636B, 0x32A8, 0x2227, 0x2184, 0x2922, 0x4162, 0x4182, 0x5A24, 0x4161, 0x4182, 0x3962, 0x4182,
  0x4182, 0x7AA4, 0x7283, 0x82C4, 0x9324, 0x9B45, 0xAC07, 0xC4EB, 0xB448, 0xAC07, 0x9B85, 0x9B45,
  0x8B24, 0x7AA4, 0x82C4, 0x82C5, 0x6A64, 0x5A03, 0x4182, 0x3942, 0x3942, 0x41C4, 0x2102, 0x20E1,
  0x3AEA, 0x32EA, 0x32C9, 0x3227, 0x6BEC, 0x3AE9, 0x32EA, 0x3B0A, 0x32E9, 0x3AEA, 0x3B0A, 0x3B0A,
  0x3AEA, 0x3AEA, 0x3AEA, 0x3B0A, 0x3B0A, 0x3B0A, 0x3B0A, 0x3B0A, 0x432A, 0x330A, 0x42A8, 0x742D,
  0x3B0A, 0x32C9, 0x32E9, 0x3AE9, 0x32C9, 0x3AE9, 0x3AC9, 0x3AC9, 0x32C8, 0x3AC9, 0x3AE9, 0x3AE9,
  0x32A8, 0x32C9, 0x3AC8, 0x3A67, 0x6BAB, 0x4B6A, 0x4B4A, 0x4B6A, 0x4B4A, 0x536B, 0x538B, 0x536A,
  0x4B4A, 0x536B, 0x4B4A, 0x4B6A, 0x4B6B, 0x4B6B, 0x538B, 0x4B6A, 0x4B4A, 0x3AE9, 0x73CB, 0x742D,
  0x434A, 0x432A, 0x430A, 0x4309, 0x4329, 0x4309, 0x4B4A, 0x4329, 0x432A, 0x432A, 0x3B29, 0x3B0A,
  0x432A, 0x432A, 0x4329, 0x434A, 0x32A9, 0x6349, 0x844D, 0x4329, 0x4329, 0x434A, 0x4B2A, 0x4B4A,
  0x4B4A, 0x4329, 0x430A, 0x4B4A, 0x4B49, 0x4B4A, 0x4B4A, 0x4B4A, 0x4B4A, 0x4B4A, 0x4B8B, 0x3AC9,
  0x6B8A, 0x6BEC, 0x4B4A, 0x4B4A, 0x4B6B, 0x4B6A, 0x4B4A, 0x4B4A, 0x4B4A, 0x4B4A, 0x4B4A, 0x4B6B,
  0x4B6A, 0x4B6A, 0x4B6A, 0x4B4A, 0x4B4A, 0x536A, 0x538B, 0x42E9, 0x73CB, 0x6BCB, 0x4B6A, 0x536A,
  0x4B4A, 0x4B6A, 0x536B, 0x536B, 0x4B6B, 0x4B6A, 0x4B6A, 0x4B6A, 0x4B6A, 0x536B, 0x536B, 0x536B,
  0x538B, 0x538B, 0x538B, 0x4B09, 0x842C, 0x536A, 0x3B09, 0x4309, 0x4309, 0x4309, 0x4309, 0x4309,
  0x4309, 0x4309, 0x4309, 0x4329, 0x4309, 0x4329, 0x432A, 0x4309, 0x4309, 0x4309, 0x3B09, 0x4AE8,
  0x7C2C, 0x432A, 0x3B09, 0x4309, 0x3B09, 0x3B09, 0x3B09, 0x432A, 0x432A, 0x3B09, 0x3AE9, 0x3B0A,
  0x3AE9, 0x3B09, 0x3B09, 0x3B09, 0x3B09, 0x432A, 0x32E9, 0x636A, 0x844D, 0x4309, 0x3AE9, 0x4309,
  0x430A, 0x3AE9, 0x3AE9, 0x3AE9, 0x3B09, 0x3AE9, 0x432A, 0x4309, 0x4329, 0x3AE8, 0x3AE8, 0x32E9,
  0x3AE9, 0x3267, 0x634A, 0x3AA8, 0x2A47, 0x2A48, 0x2A27, 0x2A47, 0x3268, 0x2A47, 0x2A27, 0x19A6,
  0x5B09, 0x3AA9, 0x2227, 0x21A5, 0x2922, 0x4182, 0x4982, 0x5A03, 0x3941, 0x3962, 0x3962, 0x49A2,
  0x3121, 0x7284, 0x7284, 0x7AC4, 0x9345, 0x9B45, 0xABE7, 0xBCAA, 0xB469, 0xB448, 0x9B85, 0x9B65,
  0x8B04, 0x82C4, 0x7AA4, 0x82E5, 0x7264, 0x6203, 0x49A3, 0x3962, 0x3941, 0x41A3, 0x2943, 0x18A0,
  0x32CA, 0x32EA, 0x2AA9, 0x5AE9, 0x5B8B, 0x2AA9, 0x32CA, 0x3AEA, 0x3309, 0x3B0A, 0x3AEA, 0x3AE9,
  0x32C9, 0x3B0A, 0x3B0A, 0x3B0A, 0x3B0A, 0x3B0A, 0x3B0A, 0x3B0A, 0x3B2A, 0x2AA9, 0x634A, 0x538B,
  0x32A8, 0x32C9, 0x32E9, 0x32C9, 0x3AE9, 0x3AC9, 0x32C9, 0x32C9, 0x3AC9, 0x3AE9, 0x3AC8, 0x32C8,
  0x3AE9, 0x3AE9, 0x3AC9, 0x4AE9, 0x742C, 0x4B8B, 0x4B4B, 0x4B8B, 0x4B6B, 0x4B4A, 0x536B, 0x536B,
  0x536A, 0x536B, 0x4B6A, 0x4B6A, 0x4B4A, 0x4B4A, 0x536B, 0x536A, 0x536B, 0x3AE9, 0x7BEB, 0x5B8B,
  0x434A, 0x434A, 0x432A, 0x4309, 0x432A, 0x432A, 0x4B4A, 0x432A, 0x3B09, 0x432A, 0x434A, 0x3B09,
  0x3B2A, 0x3B2A, 0x3B09, 0x432A, 0x32A8, 0x7BCB, 0x740C, 0x434A, 0x4349, 0x4B4A, 0x4329, 0x4B2A,
  0x4B4A, 0x434A, 0x4309, 0x4309, 0x4B4A, 0x4B4A, 0x4B4A, 0x4B4A, 0x4B4A, 0x4B6A, 0x4B6B, 0x3AC8,
  0x7BEB, 0x742D, 0x4B4A, 0x4B4A, 0x4B4A, 0x4B6A, 0x4B4A, 0x4B6A, 0x4B4A, 0x4B4A, 0x4B4A, 0x4B6A,
  0x4B4A, 0x434A, 0x4B6A, 0x4B6A, 0x534A, 0x4B4A, 0x538B, 0x42C8, 0x7C0C, 0x740C, 0x4B4A, 0x536B,
  0x536B, 0x4B4A, 0x4B4A, 0x536B, 0x536B, 0x4B6B, 0x4B6A, 0x538B, 0x4B4A, 0x4B6A, 0x5B8B, 0x536A,
  0x53AB, 0x53AB, 0x538B, 0x42C8, 0x842C, 0x4B4A, 0x3AE8, 0x4309, 0x4309, 0x3B09, 0x4309, 0x4309,
  0x4309, 0x3AE8, 0x4309, 0x3B09, 0x4309, 0x432A, 0x4309, 0x4309, 0x4329, 0x4309, 0x3B2A, 0x4AE8,
  0x740C, 0x434A, 0x3B09, 0x3B0A, 0x3AE9, 0x3B09, 0x432A, 0x432A, 0x430A, 0x4309, 0x432A, 0x3B2A,
  0x3B09, 0x432A, 0x432A, 0x432A, 0x3B09, 0x432A, 0x32E9, 0x5329, 0x740C, 0x4329, 0x32E8, 0x3AE9,
  0x3B09, 0x3B09, 0x4309, 0x4309, 0x432A, 0x3AC9, 0x3B0A, 0x430A, 0x432A, 0x4309, 0x432A, 0x3AE9,
  0x42E9, 0x3267, 0x73AB, 0x4B4A, 0x2A47, 0x2A47, 0x2A27, 0x3268, 0x3268, 0x2A27, 0x2A48, 0x19E7,
  0x4287, 0x4AE9, 0x2227, 0x21C6, 0x2102, 0x4182, 0x4162, 0x51E3, 0x4161, 0x3962, 0x4162, 0x49A2,
  0x3101, 0x6A44, 0x7263, 0x7A84, 0x9345, 0x9B65, 0xA3A6, 0xB449, 0xBC8A, 0xB448, 0xA3C7, 0x9B65,
  0x9325, 0x8B04, 0x7283, 0x82E5, 0x82C5, 0x6A44, 0x51C3, 0x3962, 0x3941, 0x3983, 0x3984, 0x18A1,
  0x330B, 0x32EB, 0x2A48, 0x636B, 0x432B, 0x32C9, 0x32E9, 0x330A, 0x3B0A, 0x32EA, 0x3AEA, 0x3AE9,
  0x32C9, 0x3AEA, 0x3B0A, 0x3AE9, 0x3B0A, 0x3B09, 0x3B2A, 0x3B2A, 0x3B2A, 0x2A87, 0x7C0C, 0x432A,
  0x32A8, 0x32C9, 0x3AE9, 0x32C9, 0x32C9, 0x3AC9, 0x32C9, 0x32A8, 0x3AC9, 0x32C8, 0x32C8, 0x3AC9,
  0x3AE9, 0x3309, 0x2A88, 0x5B29, 0x63EC, 0x434A, 0x4B4B, 0x4B6B, 0x4B6B, 0x4B4A, 0x4B4A, 0x4B4A,
  0x4B4A, 0x4B4A, 0x536B, 0x536B, 0x4B6A, 0x4B6A, 0x4B4A, 0x536A, 0x4B4A, 0x42A8, 0x844C, 0x536B,
  0x434B, 0x4309, 0x432A, 0x4309, 0x4B4A, 0x434A, 0x4329, 0x4309, 0x4329, 0x434A, 0x432A, 0x4329,
  0x4329, 0x4329, 0x430A, 0x432A, 0x3287, 0x7BEC, 0x63CB, 0x4B4A, 0x4B2A, 0x432A, 0x4329, 0x4B4A,
  0x432A, 0x4329, 0x3AE8, 0x4329, 0x4B6A, 0x4329, 0x4B4A, 0x434A, 0x4B4A, 0x4B4A, 0x4B6A, 0x3AA7,
  0x7BEB, 0x63EC, 0x4B4A, 0x4B4B, 0x4B4A, 0x4B4A, 0x536A, 0x4B4A, 0x4B4A, 0x4B6A, 0x4B4A, 0x4B4A,
  0x4B6A, 0x4B4A, 0x4B4A, 0x4B4A, 0x536A, 0x4B4A, 0x4B6A, 0x42A8, 0x7BEB, 0x63EC, 0x536A, 0x536B,
  0x536A, 0x4B4A, 0x536A, 0x536B, 0x536B, 0x536A, 0x4B4A, 0x538B, 0x4B6A, 0x4B6A, 0x536B, 0x538B,
  0x538B, 0x538B, 0x538B, 0x4287, 0x73EB, 0x536B, 0x4308, 0x4309, 0x4309, 0x4B29, 0x4B29, 0x4329,
  0x4309, 0x3AE8, 0x3AE8, 0x4329, 0x4309, 0x4309, 0x4329, 0x4309, 0x4309, 0x4309, 0x432A, 0x4AE8,
  0x73EB, 0x536A, 0x3B09, 0x3B0A, 0x3AE9, 0x3B09, 0x4309, 0x4309, 0x432A, 0x4309, 0x4329, 0x3B09,
  0x3B0A, 0x3B2A, 0x432A, 0x3B29, 0x3B09, 0x4309, 0x3AE9, 0x3A87, 0x740C, 0x432A, 0x3AE9, 0x3AE9,
  0x3AE9, 0x3AE9, 0x3B09, 0x4309, 0x3B09, 0x3B09, 0x32C8, 0x4309, 0x4B4A, 0x4309, 0x4309, 0x4309,
  0x3AE8, 0x2A88, 0x6329, 0x4B4A, 0x2247, 0x3268, 0x2247, 0x2A47, 0x2A68, 0x2A48, 0x2A28, 0x21E6,
  0x3206, 0x5B6B, 0x2A48, 0x2A07, 0x2143, 0x3962, 0x3961, 0x51C2, 0x51E3, 0x3942, 0x41A2, 0x4183,
  0x3942, 0x51E3, 0x7283, 0x7284, 0x8B05, 0x9B86, 0xA3A6, 0xAC07, 0xC4CB, 0xB449, 0xB428, 0x9B65,
  0x9B86, 0x8B25, 0x7283, 0x82C4, 0x82E4, 0x6A63, 0x51E3, 0x4182, 0x3941, 0x3942, 0x39A4, 0x18C1,
  0x3B0B, 0x2A89, 0x42A8, 0x5B8C, 0x32C9, 0x32C9, 0x32E9, 0x3B0A, 0x3B0A, 0x32EA, 0x3AEA, 0x3AEA,
  0x3AE9, 0x32C9, 0x3B0A, 0x3AE9, 0x3B0A, 0x3B0A, 0x3B2A, 0x3B2A, 0x32E9, 0x4B09, 0x6BEC, 0x3AE9,
  0x3AC9, 0x3AC9, 0x3AE9, 0x32E9, 0x32C9, 0x32C9, 0x32C9, 0x2A88, 0x3AE9, 0x3AE9, 0x32C8, 0x32C8,
  0x3AC8, 0x32E8, 0x2A47, 0x6BAB, 0x5BCB, 0x434A, 0x4B4B, 0x4B4A, 0x432A, 0x4B4A, 0x538B, 0x536B,
  0x4B6B, 0x4B6B, 0x4B6A, 0x4B6B, 0x4B6A, 0x536B, 0x536B, 0x4B4A, 0x432A, 0x5B2A, 0x7C2C, 0x432A,
  0x432A, 0x432A, 0x4B4A, 0x4B4A, 0x432A, 0x3B2A, 0x3B29, 0x3B09, 0x3AE9, 0x434A, 0x432A, 0x4329,
  0x4349, 0x3B09, 0x4309, 0x4309, 0x4B09, 0x8C6E, 0x538A, 0x4B2A, 0x4B2A, 0x4329, 0x4B4A, 0x432A,
  0x432A, 0x432A, 0x4309, 0x4B4A, 0x4329, 0x4329, 0x432A, 0x4B4A, 0x4B6A, 0x4B6A, 0x4B4A, 0x42E8,
  0x846D, 0x538B, 0x4B6A, 0x4B6B, 0x538B, 0x4B4A, 0x4B4A, 0x4B4A, 0x4B6A, 0x4B6B, 0x4B6A, 0x4B6A,
  0x4B4A, 0x4B6A, 0x4B4A, 0x4B4A, 0x536A, 0x4B4A, 0x4B4A, 0x4AE8, 0x844C, 0x63CB, 0x4B4A, 0x534B,
  0x536A, 0x538B, 0x538B, 0x536B, 0x536B, 0x4B4A, 0x4B49, 0x538B, 0x536B, 0x538B, 0x4B4A, 0x536A,
  0x538B, 0x538B, 0x538B, 0x4AC8, 0x740C, 0x4B4A, 0x4309, 0x4329, 0x4309, 0x4329, 0x4329, 0x4329,
  0x432A, 0x4329, 0x4309, 0x4329, 0x4309, 0x4309, 0x4329, 0x432A, 0x432A, 0x4309, 0x4309, 0x42C8,
  0x7C0C, 0x4B4A, 0x3B09, 0x4309, 0x432A, 0x432A, 0x432A, 0x432A, 0x432A, 0x4309, 0x432A, 0x3B09,
  0x432A, 0x3B09, 0x3B29, 0x432A, 0x3B09, 0x4329, 0x3B09, 0x42A8, 0x742C, 0x432A, 0x3AE9, 0x3AE9,
  0x3AE9, 0x3B09, 0x4309, 0x432A, 0x3B09, 0x3B0A, 0x3AC9, 0x4309, 0x4B2A, 0x4309, 0x3AE9, 0x432A,
  0x3B09, 0x2A67, 0x6329, 0x5B8B, 0x2A68, 0x3248, 0x2A67, 0x2A27, 0x2A47, 0x2A27, 0x2207, 0x2A27,
  0x3227, 0x532A, 0x2A28, 0x2A27, 0x1943, 0x3142, 0x4182, 0x51C2, 0x51E3, 0x4162, 0x49A2, 0x4182,
  0x4182, 0x4162, 0x72A4, 0x6A63, 0x82E4, 0x9345, 0x9B85, 0xA3E7, 0xB489, 0xB449, 0xAC28, 0x9B65,
  0x9B86, 0x9325, 0x82E4, 0x7AA4, 0x8B05, 0x6A43, 0x5A03, 0x4982, 0x3121, 0x3122, 0x3983, 0x2943,
  0x3B0B, 0x2227, 0x6B8B, 0x3B0A, 0x32EA, 0x3AEA, 0x3AE9, 0x32EA, 0x32EA, 0x32EA, 0x3AEA, 0x3B0A,
  0x32E9, 0x3AE9, 0x3B0A, 0x3B0A, 0x3B0A, 0x3B0A, 0x3B2A, 0x3B4A, 0x2A88, 0x6BAC, 0x5BEC, 0x32E8,
  0x3AC9, 0x3AE9, 0x32C9, 0x32C9, 0x32E9, 0x32C9, 0x32A9, 0x32C9, 0x32E9, 0x3AE9, 0x3AE9, 0x3AC8,
  0x3AC8, 0x32C8, 0x3A87, 0x740C, 0x4B6A, 0x4309, 0x4B4B, 0x4B4B, 0x4B6B, 0x4B6B, 0x4B6B, 0x4B6A,
  0x4B4A, 0x4B4A, 0x4B6A, 0x4B4A, 0x4B6A, 0x536B, 0x5B8B, 0x538B, 0x42E9, 0x6BAB, 0x6BEC, 0x4329,
  0x432A, 0x4B4A, 0x432A, 0x434A, 0x434A, 0x432A, 0x434A, 0x3AE9, 0x4309, 0x432A, 0x4329, 0x4329,
  0x3B09, 0x4329, 0x4329, 0x3AE9, 0x5329, 0x844D, 0x4B49, 0x4329, 0x4329, 0x4329, 0x4B4A, 0x432A,
  0x4309, 0x4309, 0x4309, 0x432A, 0x4329, 0x4329, 0x4B4A, 0x4B4A, 0x4B6A, 0x4B6A, 0x4329, 0x4AC8,
  0x846D, 0x538B, 0x4B6A, 0x4B6B, 0x4B6A, 0x536B, 0x4B4A, 0x4B4A, 0x4B4A, 0x4B4A, 0x4B4A, 0x4B4A,
  0x4B6A, 0x4B6A, 0x4B4A, 0x4B4A, 0x4B4A, 0x4B4A, 0x432A, 0x5309, 0x94AE, 0x5B8B, 0x4B4A, 0x536A,
  0x536B, 0x538B, 0x5BAB, 0x538B, 0x538B, 0x538B, 0x538B, 0x536B, 0x536A, 0x4B6A, 0x536B, 0x536B,
  0x538B, 0x536B, 0x536B, 0x4AC8, 0x846D, 0x4B49, 0x4308, 0x4309, 0x4309, 0x432A, 0x432A, 0x4309,
  0x4329, 0x4309, 0x4329, 0x4309, 0x4309, 0x4309, 0x432A, 0x432A, 0x4309, 0x4329, 0x432A, 0x3AA8,
  0x740C, 0x4B4A, 0x4309, 0x4309, 0x430A, 0x432A, 0x432A, 0x432A, 0x430A, 0x3B09, 0x3B29, 0x3B29,
  0x3B29, 0x4309, 0x4329, 0x432A, 0x3B09, 0x4329, 0x3B09, 0x42A7, 0x7C0C, 0x536A, 0x3B09, 0x3B09,
  0x3AE9, 0x3AE9, 0x3B0A, 0x3B09, 0x3AE9, 0x3B09, 0x3AE9, 0x4309, 0x432A, 0x3AC8, 0x3AE9, 0x3B0A,
  0x3AE9, 0x32A8, 0x5B29, 0x6BAC, 0x3288, 0x3248, 0x2A47, 0x2A27, 0x2A47, 0x2A27, 0x2207, 0x2A48,
  0x29E6, 0x5B2A, 0x3AA9, 0x2A27, 0x2164, 0x3122, 0x4182, 0x4162, 0x51A3, 0x4982, 0x49C3, 0x4182,
  0x41A3, 0x3942, 0x6A64, 0x6A43, 0x7AA4, 0x9325, 0x9B85, 0xA3A6, 0xB448, 0xBCAA, 0xB469, 0x9B86,
  0x9345, 0x9325, 0x7AC4, 0x82C4, 0x8B25, 0x6A63, 0x5A03, 0x49A2, 0x3121, 0x3122, 0x3962, 0x3983,
  0x3269, 0x4288, 0x63AC, 0x32C9, 0x32EA, 0x3B0A, 0x3B0A, 0x32EA, 0x32E9, 0x3AEA, 0x3AEA, 0x3B0A,
  0x3B09, 0x3B0A, 0x3B0A, 0x3B0A, 0x3B0A, 0x3B0A, 0x3B0A, 0x3B0A, 0x42A8, 0x740D, 0x434B, 0x32E9,
  0x32A8, 0x3AE9, 0x32C9, 0x32C9, 0x32C9, 0x32C8, 0x32A8, 0x3AC9, 0x32E9, 0x3AE9, 0x3AE9, 0x3AE9,
  0x4309, 0x2A87, 0x52E8, 0x63EC, 0x4B4A, 0x4B6B, 0x4B4A, 0x4B6B, 0x536B, 0x536B, 0x4B6A, 0x4B6A,
  0x4B4A, 0x4B4A, 0x4B6A, 0x4B4A, 0x4B6A, 0x4B4A, 0x536B, 0x53AC, 0x3AC8, 0x842D, 0x63EC, 0x434A,
  0x4309, 0x432A, 0x432A, 0x434A, 0x434A, 0x432A, 0x4B2A, 0x42E9, 0x4B2A, 0x430A, 0x4309, 0x4329,
  0x4329, 0x4329, 0x432A, 0x32A8, 0x6349, 0x844D, 0x4B4A, 0x4B2A, 0x4329, 0x4329, 0x432A, 0x432A,
  0x432A, 0x4329, 0x4309, 0x4329, 0x432A, 0x432A, 0x4B29, 0x4B2A, 0x4B4A, 0x4B4A, 0x4309, 0x5308,
  0x846D, 0x4B6A, 0x4B4A, 0x4B6A, 0x4B4A, 0x4B6A, 0x4B4A, 0x4B4A, 0x4B4A, 0x4B4A, 0x4B6A, 0x4B6A,
  0x4B6A, 0x4B6A, 0x4B4A, 0x4B4A, 0x4B4A, 0x536A, 0x432A, 0x4AC8, 0x8C8E, 0x538B, 0x4B4A, 0x536A,
  0x4B4A, 0x536B, 0x5BAB, 0x536B, 0x538B, 0x538B, 0x536B, 0x536B, 0x536A, 0x4B4A, 0x536B, 0x536A,
  0x538B, 0x538B, 0x538B, 0x42A8, 0x73EB, 0x4B4A, 0x3AE9, 0x4309, 0x432A, 0x432A, 0x432A, 0x4329,
  0x4309, 0x4309, 0x4309, 0x4309, 0x4329, 0x4329, 0x432A, 0x432A, 0x4309, 0x432A, 0x432A, 0x42C8,
  0x7C4D, 0x4B4A, 0x3B09, 0x3B09, 0x430A, 0x432A, 0x432A, 0x432A, 0x432A, 0x4309, 0x3B09, 0x3B2A,
  0x3B2A, 0x430A, 0x4329, 0x4309, 0x4309, 0x432A, 0x3B2A, 0x3AA8, 0x73EC, 0x538B, 0x3B09, 0x432A,
  0x430A, 0x3AE9, 0x3B09, 0x3AE9, 0x3AE9, 0x3AE9, 0x3AE9, 0x432A, 0x432A, 0x3AE9, 0x3AE9, 0x32C9,
  0x3AE9, 0x3AC9, 0x42A8, 0x634A, 0x2A67, 0x2A27, 0x2A47, 0x2A27, 0x2227, 0x2A48, 0x2227, 0x2A28,
  0x21C6, 0x5B4A, 0x42EA, 0x2A27, 0x21A5, 0x2902, 0x4182, 0x3962, 0x5204, 0x49A2, 0x4183, 0x4182,
  0x41A2, 0x30E1, 0x5A23, 0x7284, 0x7AA4, 0x8B05, 0x9B65, 0xA3A6, 0xB448, 0xC4CA, 0xB448, 0xABC7,
  0x9325, 0x9325, 0x7AA4, 0x7AA4, 0x82E5, 0x7284, 0x59E2, 0x51E3, 0x3962, 0x3122, 0x3122, 0x41C4,
  0x2206, 0x5B4B, 0x4B2B, 0x32C9, 0x32EA, 0x32EA, 0x3AEA, 0x3AEA, 0x3AEA, 0x3B0A, 0x3B0A, 0x3B0A,
  0x3B0A, 0x3AEA, 0x3B0A, 0x3AEA, 0x3B0A, 0x3B0A, 0x3B0A, 0x32A9, 0x5B09, 0x63CB, 0x32C9, 0x32C9,
  0x32C9, 0x32C9, 0x32C9, 0x32C9, 0x32C9, 0x32A8, 0x3AA8, 0x3AC8, 0x32C8, 0x3AE9, 0x3AE9, 0x3AE9,
  0x3AE9, 0x2A88, 0x73AB, 0x5BAB, 0x4B4A, 0x4B4B, 0x4B2A, 0x4B4B, 0x4B4A, 0x4B6A, 0x4B4A, 0x4B4A,
  0x4B4A, 0x4B4A, 0x4B4A, 0x4B4A, 0x4B6A, 0x4B4A, 0x536A, 0x4B6A, 0x42C8, 0x8C6E, 0x53AB, 0x434A,
  0x4329, 0x432A, 0x432A, 0x3AE9, 0x3B2A, 0x432A, 0x3B09, 0x3AC8, 0x432A, 0x4329, 0x3AE8, 0x4B29,
  0x4B4A, 0x4329, 0x434A, 0x32C8, 0x73AB, 0x73EC, 0x4329, 0x4329, 0x4329, 0x4329, 0x4329, 0x4309,
  0x432A, 0x4329, 0x4309, 0x4B4A, 0x4329, 0x4309, 0x4309, 0x4B2A, 0x4B4A, 0x4B4A, 0x3AC8, 0x73AB,
  0x844D, 0x4B2A, 0x4B2A, 0x4B4A, 0x4B4A, 0x4B4A, 0x4B4A, 0x4B2A, 0x4B4A, 0x4B4A, 0x4B6A, 0x4B6A,
  0x4B4A, 0x4B4A, 0x4B4A, 0x4B4A, 0x4B2A, 0x4B6A, 0x4309, 0x5329, 0x844D, 0x536A, 0x4B6A, 0x4B4A,
  0x4B4A, 0x536A, 0x536B, 0x4B4A, 0x536B, 0x538B, 0x536A, 0x536B, 0x536A, 0x536B, 0x536B, 0x536B,
  0x538B, 0x538B, 0x538B, 0x5329, 0x740C, 0x4309, 0x3AE8, 0x3B09, 0x4309, 0x4309, 0x4309, 0x4309,
  0x42E8, 0x3B09, 0x4309, 0x4309, 0x3B09, 0x4329, 0x432A, 0x4329, 0x4309, 0x4309, 0x3B09, 0x42C8,
  0x846D, 0x4B4A, 0x3B09, 0x3B09, 0x4309, 0x4329, 0x432A, 0x432A, 0x4309, 0x432A, 0x4309, 0x434A,
  0x3B2A, 0x3B2A, 0x434A, 0x4309, 0x3B09, 0x3B09, 0x3B2A, 0x3267, 0x7BEC, 0x5BAC, 0x3B09, 0x4309,
  0x3AE9, 0x3B09, 0x3B0A, 0x3AE9, 0x3B09, 0x3B09, 0x3B09, 0x432A, 0x432A, 0x3AE8, 0x3AC8, 0x3B2A,
  0x3AE9, 0x32A9, 0x3A88, 0x73AB, 0x3AE9, 0x2A48, 0x3288, 0x2A67, 0x2A47, 0x2A48, 0x2A48, 0x2A28,
  0x21C6, 0x4AA8, 0x3AC9, 0x2227, 0x21C6, 0x20E1, 0x3962, 0x3982, 0x5204, 0x49A2, 0x3942, 0x41A2,
  0x41A2, 0x3122, 0x51E3, 0x7284, 0x72A4, 0x8B04, 0x9B65, 0xA3A6, 0xA3C7, 0xBCCA, 0xB469, 0xABE7,
  0x9324, 0x9345, 0x82C4, 0x7263, 0x7284, 0x7AE5, 0x6203, 0x5A03, 0x4182, 0x3122, 0x3121, 0x3983,
  0x42A8, 0x6BCD, 0x432A, 0x3309, 0x330A, 0x32EA, 0x330A, 0x3B0A, 0x3B0A, 0x3B0A, 0x3B2B, 0x3B0A,
  0x3B0A, 0x3B0A, 0x3B0A, 0x32EA, 0x3B0A, 0x42EA, 0x3B2B, 0x3268, 0x73CC, 0x538B, 0x32C9, 0x3AC9,
  0x32E9, 0x32E9, 0x3AEA, 0x32E9, 0x3AC9, 0x3AC8, 0x3AE9, 0x3AE9, 0x3B09, 0x3AE9, 0x3B09, 0x3B09,
  0x3B09, 0x3A88, 0x7BEC, 0x5BAB, 0x4B6B, 0x536B, 0x538B, 0x4B4B, 0x536B, 0x538B, 0x536B, 0x4B6B,
  0x4B4A, 0x536B, 0x536B, 0x536B, 0x4B6A, 0x4B6B, 0x5BAC, 0x432A, 0x5309, 0x7C2C, 0x4B6B, 0x4B6A,
  0x4B6A, 0x434A, 0x434A, 0x432A, 0x434A, 0x434A, 0x432A, 0x3B2A, 0x3B2A, 0x432A, 0x4B2A, 0x434A,
  0x434A, 0x432A, 0x434B, 0x3AE8, 0x8C4D, 0x7C2D, 0x4B49, 0x4B4A, 0x536A, 0x4B4A, 0x4B4A, 0x4B2A,
  0x4B4A, 0x4B6A, 0x4B4A, 0x4B6A, 0x4B4A, 0x4309, 0x4B2A, 0x4B4A, 0x4329, 0x538B, 0x3AC8, 0x636A,
  0x7C4E, 0x536A, 0x4B4A, 0x4B6A, 0x4B6A, 0x4B6B, 0x4B4A, 0x4B6B, 0x4B4A, 0x4B6A, 0x4B6B, 0x4B6B,
  0x4B8B, 0x4B8B, 0x4B6B, 0x4B4A, 0x4B6A, 0x536B, 0x4309, 0x6B8A, 0x8C8E, 0x5BAB, 0x4B6A, 0x538B,
  0x4B6A, 0x4B6A, 0x538B, 0x538B, 0x538B, 0x538B, 0x536A, 0x536A, 0x536B, 0x538B, 0x5B8B, 0x538B,
  0x538B, 0x5B8B, 0x538B, 0x5309, 0x7C2D, 0x4B4B, 0x42E9, 0x4309, 0x4329, 0x4329, 0x3B09, 0x3B09,
  0x4329, 0x4329, 0x3B29, 0x4329, 0x3B29, 0x432A, 0x434A, 0x432A, 0x3B09, 0x3B09, 0x432A, 0x42E9,
  0x844D, 0x536A, 0x3B09, 0x432A, 0x430A, 0x432A, 0x432A, 0x434A, 0x432A, 0x434A, 0x434A, 0x434A,
  0x434A, 0x432A, 0x432A, 0x432A, 0x3B0A, 0x3B09, 0x432A, 0x32A8, 0x7C0C, 0x6C0D, 0x4309, 0x432A,
  0x4309, 0x432A, 0x430A, 0x4309, 0x3B09, 0x3B09, 0x432A, 0x432A, 0x434A, 0x432A, 0x4309, 0x432A,
  0x3AE9, 0x3AC9, 0x3247, 0x73CB, 0x432B, 0x3288, 0x32C9, 0x3288, 0x2A68, 0x2A68, 0x2A48, 0x2A48,
  0x2208, 0x3A47, 0x636B, 0x2A68, 0x21E6, 0x2122, 0x3122, 0x3941, 0x49C3, 0x51E3, 0x3942, 0x49A3,
  0x49C3, 0x3941, 0x49C3, 0x7AC4, 0x72A4, 0x8304, 0x9B65, 0xA386, 0xA3A6, 0xBCCA, 0xBCAA, 0xAC08,
  0x9324, 0x9345, 0x82E4, 0x82C4, 0x7263, 0x7AC5, 0x6203, 0x59E3, 0x49C3, 0x3142, 0x3122, 0x3962,
  0x7C0D, 0x532A, 0x534B, 0x4B2A, 0x4B4B, 0x4B4A, 0x432A, 0x536B, 0x536B, 0x536B, 0x536B, 0x536B,
  0x538B, 0x538B, 0x4B4A, 0x5B6A, 0x536B, 0x4B2A, 0x32A8, 0x42A8, 0x7BEC, 0x4B4A, 0x430A, 0x534A,
  0x536B, 0x534A, 0x4B4A, 0x536B, 0x4B2A, 0x534A, 0x538B, 0x4B49, 0x4B4A, 0x4B29, 0x4B4A, 0x536B,
  0x3AC8, 0x4AC8, 0x6349, 0x536A, 0x536B, 0x534A, 0x5B8B, 0x536A, 0x5B6A, 0x536A, 0x536A, 0x5B6B,
  0x536A, 0x5B8B, 0x5B6A, 0x5349, 0x5B8A, 0x5B8A, 0x5BAB, 0x3A88, 0x6B8B, 0x73AA, 0x538B, 0x534A,
  0x534A, 0x638B, 0x5B8B, 0x5B6A, 0x63AB, 0x5BAB, 0x536A, 0x534A, 0x5BAB, 0x63AB, 0x63AB, 0x5BAB,
  0x5BAB, 0x5B8B, 0x4B29, 0x42A7, 0x8C2C, 0x73EC, 0x6C0C, 0x6BEC, 0x7C0C, 0x6BCC, 0x5B6A, 0x63AB,
  0x63AB, 0x5349, 0x63AB, 0x63AB, 0x638A, 0x5B6A, 0x63AA, 0x5B8A, 0x5349, 0x63CC, 0x42A7, 0x73CA,
  0x740C, 0x5B8A, 0x538A, 0x638B, 0x536A, 0x536A, 0x534A, 0x536A, 0x536A, 0x5B6A, 0x536A, 0x536A,
  0x5B8B, 0x5B6A, 0x534A, 0x5B8B, 0x5B8A, 0x536A, 0x3A87, 0x73AA, 0x7BEC, 0x5B8B, 0x536A, 0x5B6A,
  0x5B6A, 0x638B, 0x5B6A, 0x534A, 0x5B4A, 0x5309, 0x4B09, 0x534A, 0x5B8B, 0x5B6A, 0x5B8B, 0x5B8B,
  0x5B4A, 0x5B8B, 0x4AE9, 0x4AE8, 0x740C, 0x534A, 0x5B6A, 0x5B8A, 0x63AB, 0x5B8B, 0x4309, 0x534A,
  0x5B8A, 0x5B6A, 0x5329, 0x5B6B, 0x534A, 0x532A, 0x534A, 0x536A, 0x534A, 0x534A, 0x4B2A, 0x4AC8,
  0x842C, 0x5B8B, 0x536B, 0x536B, 0x4B2A, 0x4B4A, 0x4B6A, 0x4B2A, 0x4B29, 0x4B29, 0x536A, 0x536A,
  0x536A, 0x4B6A, 0x4B29, 0x4B4A, 0x4309, 0x4309, 0x4B29, 0x3287, 0x7BCB, 0x5B6A, 0x4309, 0x4329,
  0x4B4A, 0x536B, 0x534A, 0x536A, 0x4B09, 0x534A, 0x4B29, 0x4B29, 0x536B, 0x4B2A, 0x4B09, 0x4B09,
  0x4B09, 0x42C9, 0x3A46, 0x6B8A, 0x4B09, 0x42E9, 0x3AC9, 0x3AA8, 0x3A88, 0x3A88, 0x3A88, 0x3A88,
  0x2207, 0x3A26, 0x5B4A, 0x3289, 0x2A07, 0x1903, 0x3122, 0x3962, 0x4982, 0x51E3, 0x4162, 0x49C3,
  0x49C3, 0x4182, 0x3942, 0x72A4, 0x7284, 0x82E4, 0x9345, 0x9344, 0xA3A6, 0xB449, 0xBCAA, 0xAC08,
  0x9345, 0x9345, 0x82E4, 0x8305, 0x7263, 0x8305, 0x6A44, 0x59E3, 0x51C3, 0x3962, 0x3121, 0x3142,
  0xA4CF, 0x5B49, 0x532A, 0x5B09, 0x5B4A, 0x5B6A, 0x5B6A, 0x638B, 0x6BAB, 0x636A, 0x5B6B, 0x638C,
  0x638B, 0x5B4A, 0x5B6A, 0x636A, 0x5B6A, 0x532A, 0x5B09, 0x8C4C, 0x7BEC, 0x5329, 0x5B6A, 0x5B49,
  0x638A, 0x636A, 0x638B, 0x638B, 0x5309, 0x636A, 0x6BCC, 0x5B4A, 0x4AE9, 0x42A8, 0x3AA8, 0x4289,
  0x4267, 0x7BCC, 0x6329, 0x3A88, 0x4288, 0x4AC9, 0x532A, 0x5B29, 0x6BAB, 0x638A, 0x6BAA, 0x636A,
  0x636A, 0x638A, 0x638B, 0x5B4A, 0x638A, 0x5B4A, 0x5329, 0x5B29, 0x9CAE, 0x7BCA, 0x636A, 0x636A,
  0x6B8A, 0x6BAA, 0x73EB, 0x6BCB, 0x6BAB, 0x73EB, 0x6369, 0x636A, 0x6BAB, 0x73CB, 0x6BAA, 0x6BAA,
  0x73CB, 0x6BAA, 0x636A, 0x7BCB, 0xA4EE, 0x6BAA, 0x73CA, 0x73CA, 0x7C0B, 0x7C2C, 0x73CB, 0x844C,
  0x8C6D, 0x7C2C, 0x844C, 0x7BEB, 0x73CA, 0x7C0B, 0x6BCB, 0x638A, 0x6349, 0x6B8B, 0x634A, 0xACEF,
  0x6B8A, 0x5329, 0x4AC8, 0x4AC9, 0x534A, 0x532A, 0x5B6A, 0x638B, 0x5B4A, 0x5B49, 0x636A, 0x5B49,
  0x5B28, 0x5B08, 0x5B49, 0x5328, 0x5B29, 0x5B29, 0x5308, 0xA4CF, 0x7BCC, 0x42A8, 0x4AE9, 0x4AE9,
  0x5B29, 0x5B29, 0x5B2A, 0x5309, 0x5B29, 0x5B49, 0x5B29, 0x5B29, 0x5B49, 0x5B49, 0x5B49, 0x5B69,
  0x636A, 0x5B49, 0x5B49, 0x8C4C, 0x948D, 0x5328, 0x6349, 0x5B29, 0x5B49, 0x638B, 0x5B4A, 0x636A,
  0x638A, 0x6349, 0x5B49, 0x638A, 0x5B6A, 0x5B6A, 0x5B4A, 0x638A, 0x6369, 0x636A, 0x5B6A, 0x6B8A,
  0xACEF, 0x636A, 0x5B49, 0x4AC8, 0x4AE8, 0x42C7, 0x5B6A, 0x5B49, 0x5B49, 0x5B4A, 0x5B29, 0x5B4A,
  0x534A, 0x5B4A, 0x5B29, 0x636A, 0x5B49, 0x5B29, 0x636A, 0x5B29, 0xA4AE, 0x73CB, 0x52E8, 0x52E8,
  0x5B49, 0x5B49, 0x6BAB, 0x636A, 0x5B49, 0x636A, 0x636A, 0x63AB, 0x638A, 0x634A, 0x5309, 0x636A,
  0x5B29, 0x52E9, 0x52C8, 0x8C2C, 0x6329, 0x42A8, 0x4287, 0x4AA8, 0x4287, 0x4287, 0x4AC8, 0x3A67,
  0x3226, 0x52C8, 0x73AA, 0x3A67, 0x4288, 0x2943, 0x28E1, 0x4182, 0x4182, 0x5204, 0x4182, 0x49A2,
  0x49A3, 0x4982, 0x3121, 0x6A64, 0x6A43, 0x7AC4, 0x9325, 0x9304, 0x9B65, 0xAC07, 0xBCCA, 0xB448,
  0x9345, 0x9345, 0x8B04, 0x8B05, 0x7A83, 0x8305, 0x7AA4, 0x5A03, 0x5A03, 0x4162, 0x3121, 0x3142,
  0x4B0A, 0x2A47, 0x2A68, 0x3268, 0x2A67, 0x2A68, 0x3288, 0x3268, 0x3267, 0x3267, 0x3288, 0x3287,
  0x32A8, 0x3287, 0x32A8, 0x3288, 0x3288, 0x2A68, 0x3A46, 0x7C2C, 0x430A, 0x32A9, 0x32C9, 0x32C9,
  0x32A9, 0x32A8, 0x32C9, 0x3288, 0x32A8, 0x32C9, 0x32C8, 0x3AC9, 0x32C8, 0x32C9, 0x32C9, 0x32C9,
  0x3246, 0x6BCB, 0x4B8A, 0x3B0A, 0x3B2A, 0x3B0A, 0x432A, 0x432A, 0x4B4A, 0x432A, 0x430A, 0x432A,
  0x432A, 0x430A, 0x432A, 0x4B29, 0x4B49, 0x4B2A, 0x3B09, 0x42A8, 0x8C6D, 0x5B6A, 0x4329, 0x4309,
  0x4B4A, 0x4B2A, 0x4B6B, 0x4B4A, 0x432A, 0x4B6A, 0x4B4A, 0x4329, 0x4309, 0x432A, 0x4309, 0x4B2A,
  0x4B4A, 0x4B2A, 0x3287, 0x6329, 0x94EF, 0x63CB, 0x536A, 0x5B8A, 0x538A, 0x536A, 0x5B8B, 0x5B8B,
  0x6BCC, 0x63AC, 0x5B8B, 0x63CB, 0x5B8B, 0x538B, 0x4B49, 0x4B29, 0x536A, 0x4B2A, 0x3A87, 0x842C,
  0x532A, 0x3B09, 0x3B08, 0x3B09, 0x3B09, 0x3AE9, 0x3AE9, 0x4309, 0x4309, 0x4309, 0x4309, 0x4309,
  0x3AE9, 0x42E9, 0x3AE9, 0x3AE9, 0x3B09, 0x3AE9, 0x2A47, 0x73EB, 0x6C0B, 0x4329, 0x4329, 0x4329,
  0x3AE9, 0x3AE9, 0x3B09, 0x3B09, 0x3B09, 0x430A, 0x430A, 0x432A, 0x430A, 0x4B4A, 0x4B2A, 0x4309,
  0x430A, 0x4B2A, 0x32A8, 0x6349, 0x740C, 0x4309, 0x3AE9, 0x3B0A, 0x4309, 0x3B09, 0x3AE9, 0x430A,
  0x430A, 0x4309, 0x3B09, 0x3B09, 0x3B09, 0x32E9, 0x3AE9, 0x42E9, 0x3AE9, 0x4309, 0x3AE9, 0x42A8,
  0x7C2C, 0x4B2A, 0x430A, 0x430A, 0x430A, 0x3B09, 0x3B09, 0x3AE9, 0x42E9, 0x3AE8, 0x3AE8, 0x3AE9,
  0x3AE8, 0x3B09, 0x3AE9, 0x3AE9, 0x3AE9, 0x3AE8, 0x3AE9, 0x2A46, 0x73AB, 0x5B8B, 0x3AE9, 0x3AC9,
  0x3AC9, 0x3AE9, 0x3AE9, 0x3AE9, 0x3AE9, 0x3AC9, 0x3AC9, 0x3AE9, 0x3AE9, 0x32A8, 0x32A8, 0x3AC9,
  0x32A9, 0x32A9, 0x2227, 0x6B8B, 0x534A, 0x32A9, 0x2A68, 0x2A68, 0x2A68, 0x2A68, 0x2A68, 0x2207,
  0x2207, 0x21C5, 0x52E8, 0x3268, 0x21E6, 0x1944, 0x2101, 0x3962, 0x3961, 0x5204, 0x49A2, 0x4182,
  0x49A3, 0x49A2, 0x3121, 0x5A23, 0x7284, 0x7263, 0x9325, 0x9325, 0x9345, 0xABE7, 0xBCCA, 0xBC89,
  0x9B65, 0x9345, 0x8B04, 0x8AE5, 0x82C4, 0x82E4, 0x7284, 0x5A03, 0x6224, 0x49A2, 0x3141, 0x3122,
  0x32C9, 0x3288, 0x32A9, 0x32C9, 0x32A9, 0x32A8, 0x32C9, 0x32A8, 0x3288, 0x3288, 0x32A8, 0x3AC9,
  0x3AC8, 0x32A8, 0x32C9, 0x3AC9, 0x3AC9, 0x2A87, 0x5B0A, 0x63EC, 0x3B0A, 0x3AE9, 0x3B09, 0x3309,
  0x3AEA, 0x3AEA, 0x3AEA, 0x3AEA, 0x3B0A, 0x32E9, 0x32E9, 0x3AE9, 0x3B09, 0x3B0A, 0x3AE9, 0x2AC8,
  0x42C9, 0x73EC, 0x434B, 0x432A, 0x434A, 0x434B, 0x434B, 0x434B, 0x434B, 0x4B6B, 0x4B6B, 0x4B4B,
  0x434A, 0x4B6B, 0x4B6B, 0x4B6A, 0x4B8B, 0x4B6B, 0x432A, 0x5309, 0x844D, 0x538B, 0x4B4A, 0x4B6B,
  0x4B4B, 0x4B6B, 0x536B, 0x4B6B, 0x4B8B, 0x538B, 0x538B, 0x538B, 0x4B8B, 0x4B6B, 0x4B6B, 0x4B6B,
  0x4B6A, 0x4B8B, 0x432A, 0x73AB, 0x8C8D, 0x63CC, 0x5B6B, 0x53AB, 0x5BAB, 0x5B8B, 0x5BAB, 0x538B,
  0x538B, 0x538B, 0x536A, 0x5B8B, 0x538B, 0x538B, 0x538B, 0x536B, 0x538B, 0x538B, 0x4B09, 0x7C2C,
  0x4B4A, 0x3B0A, 0x4329, 0x4309, 0x432A, 0x430A, 0x432A, 0x432A, 0x432A, 0x432A, 0x4329, 0x432A,
  0x434A, 0x3B2A, 0x432A, 0x4329, 0x3B09, 0x3B2A, 0x3288, 0x7BEB, 0x63EB, 0x432A, 0x432A, 0x4B4A,
  0x432A, 0x432A, 0x432A, 0x432A, 0x4B4A, 0x432A, 0x434A, 0x4B4A, 0x432A, 0x432A, 0x4B4A, 0x4B4A,
  0x4B4A, 0x53AB, 0x432A, 0x5308, 0x742D, 0x432A, 0x4329, 0x434A, 0x434A, 0x434A, 0x434A, 0x434A,
  0x4B4A, 0x434A, 0x432A, 0x432A, 0x434A, 0x434A, 0x434A, 0x432A, 0x434A, 0x434A, 0x4B6B, 0x3AA8,
  0x7C0C, 0x538B, 0x4329, 0x432A, 0x432A, 0x434A, 0x432A, 0x432A, 0x432A, 0x4309, 0x432A, 0x432A,
  0x432A, 0x430A, 0x432A, 0x4329, 0x4349, 0x4329, 0x434A, 0x32A8, 0x6369, 0x6C0D, 0x434A, 0x432A,
  0x432A, 0x3B09, 0x432A, 0x432A, 0x3AE9, 0x3AE9, 0x3B09, 0x3B09, 0x3B09, 0x3AE9, 0x3B0A, 0x3AE9,
  0x3AEA, 0x3B0A, 0x32C9, 0x4AA8, 0x63AB, 0x3B2B, 0x32A9, 0x32C9, 0x32CA, 0x3ACA, 0x2A68, 0x2A48,
  0x3289, 0x19C6, 0x4AA8, 0x4B2B, 0x2A48, 0x21C6, 0x2102, 0x3963, 0x3941, 0x49C3, 0x51C3, 0x4982,
  0x49A3, 0x49A2, 0x3121, 0x49C3, 0x72A4, 0x6A42, 0x8B05, 0x9346, 0x8B25, 0xA3C7, 0xBCAA, 0xB489,
  0xA3A6, 0x9B65, 0x8B04, 0x82E5, 0x82C4, 0x82C4, 0x7AA4, 0x6223, 0x6224, 0x49A2, 0x3942, 0x3121,
  0x32A8, 0x32A8, 0x3288, 0x3288, 0x32A9, 0x32A8, 0x3288, 0x3288, 0x3288, 0x32A8, 0x32A8, 0x32A8,
  0x32A8, 0x3288, 0x32A8, 0x3AA8, 0x3AA8, 0x2226, 0x73AB, 0x4B6B, 0x32E9, 0x3AE9, 0x3AE9, 0x32C9,
  0x32EA, 0x32C9, 0x32E9, 0x32E9, 0x3AE9, 0x32C9, 0x32C9, 0x3AE9, 0x32C9, 0x32C9, 0x3AE9, 0x2A88,
  0x5329, 0x5BAC, 0x3B0A, 0x432A, 0x432A, 0x432A, 0x432A, 0x432A, 0x432A, 0x432A, 0x432A, 0x4B4A,
  0x4B4A, 0x4B4A, 0x4B4A, 0x432A, 0x4B4A, 0x536A, 0x3AE9, 0x638A, 0x7C0D, 0x436A, 0x534A, 0x4B4A,
  0x4B6A, 0x536B, 0x538B, 0x4B4A, 0x4B6A, 0x4B4A, 0x4B4A, 0x4B4A, 0x4B4A, 0x4B6B, 0x4B8B, 0x4B6B,
  0x536B, 0x538B, 0x3288, 0x842C, 0x84AE, 0x536A, 0x5B6B, 0x5BAB, 0x5BAB, 0x5BAB, 0x63AB, 0x5BAB,
  0x536A, 0x536A, 0x538B, 0x5B8B, 0x5B8B, 0x536A, 0x536A, 0x536B, 0x536A, 0x432A, 0x5309, 0x8CAE,
  0x4309, 0x3AE9, 0x4309, 0x3B09, 0x3B0A, 0x430A, 0x3B0A, 0x3B2A, 0x432A, 0x4329, 0x3B09, 0x3B09,
  0x4309, 0x4309, 0x3B29, 0x4329, 0x42E9, 0x3309, 0x3AA8, 0x842D, 0x5B8B, 0x432A, 0x432A, 0x4B4A,
  0x432A, 0x434A, 0x434A, 0x432A, 0x4B4A, 0x430A, 0x430A, 0x432A, 0x4B2A, 0x4B2A, 0x432A, 0x4B4A,
  0x4B4A, 0x536B, 0x4309, 0x5308, 0x6C0C, 0x4329, 0x3AE9, 0x4329, 0x432A, 0x4329, 0x432A, 0x434A,
  0x434A, 0x434A, 0x432A, 0x432A, 0x4329, 0x432A, 0x434A, 0x432A, 0x4329, 0x432A, 0x434A, 0x3AA8,
  0x7C0C, 0x4B2A, 0x3B09, 0x4309, 0x3B09, 0x4309, 0x4309, 0x4309, 0x4309, 0x3B09, 0x3B09, 0x3AE9,
  0x4309, 0x4309, 0x4329, 0x4329, 0x4309, 0x4309, 0x432A, 0x3288, 0x6BAA, 0x6BEC, 0x3B0A, 0x432A,
  0x430A, 0x3AE9, 0x3B09, 0x432A, 0x3B09, 0x3AE9, 0x3AE9, 0x3AE9, 0x3B09, 0x3AE9, 0x3AE9, 0x3AE9,
  0x3AE9, 0x3AE9, 0x32C9, 0x4287, 0x6BEC, 0x3AEA, 0x2AA9, 0x32C9, 0x32CA, 0x32CA, 0x2A68, 0x2A28,
  0x2A48, 0x19E7, 0x4A88, 0x534A, 0x2228, 0x2207, 0x2102, 0x3962, 0x3941, 0x41A2, 0x51E3, 0x4982,
  0x49A3, 0x49A2, 0x3962, 0x3941, 0x72A4, 0x6A64, 0x7AE4, 0x8B05, 0x8B24, 0x9BA6, 0xBC8A, 0xBCAA,
  0xA3E7, 0x9345, 0x8B25, 0x82E4, 0x82E4, 0x82C4, 0x7AA4, 0x6A43, 0x6244, 0x49A2, 0x4162, 0x3142,
  0x32A8, 0x32A8, 0x3288, 0x3288, 0x32A8, 0x3288, 0x3288, 0x3288, 0x3288, 0x32A8, 0x32A8, 0x32C8,
  0x3288, 0x3287, 0x32A8, 0x32A8, 0x3287, 0x4288, 0x7C2D, 0x3B09, 0x32C9, 0x3AE9, 0x3AE9, 0x3AE9,
  0x3AEA, 0x3AC9, 0x3AE9, 0x32E9, 0x32C9, 0x3AC9, 0x32C9, 0x3AE9, 0x32C9, 0x32C9, 0x3AE9, 0x3288,
  0x638A, 0x4B6B, 0x432A, 0x432A, 0x432A, 0x432A, 0x432A, 0x434A, 0x432A, 0x3B0A, 0x432A, 0x432A,
  0x4B4B, 0x432A, 0x4B4A, 0x4B4B, 0x434A, 0x538B, 0x42C9, 0x73EC, 0x63CC, 0x434A, 0x4B4A, 0x4B4A,
  0x4B4A, 0x4B4A, 0x536B, 0x4B6B, 0x4B6B, 0x4B4A, 0x4B4A, 0x4B4A, 0x4B6A, 0x4B4B, 0x4B6A, 0x4B6B,
  0x536B, 0x538B, 0x3AA8, 0x8C4D, 0x744D, 0x536A, 0x5BAB, 0x5B8B, 0x538B, 0x5BAB, 0x63AB, 0x5BCB,
  0x536A, 0x538B, 0x538B, 0x538B, 0x536B, 0x536B, 0x538B, 0x536B, 0x538A, 0x4B4A, 0x634A, 0x7C2D,
  0x432A, 0x3B09, 0x4309, 0x3B0A, 0x430A, 0x432A, 0x432A, 0x432A, 0x3B29, 0x3B09, 0x4309, 0x4329,
  0x4329, 0x432A, 0x432A, 0x3B09, 0x4309, 0x3B2A, 0x42A8, 0x8C4D, 0x5B8B, 0x434A, 0x4B6A, 0x432A,
  0x434A, 0x4B4A, 0x432A, 0x432A, 0x4B4A, 0x430A, 0x4B2A, 0x430A, 0x4B6B, 0x4B4B, 0x432A, 0x4B6A,
  0x4B6A, 0x536B, 0x42E9, 0x638A, 0x6C0C, 0x432A, 0x4309, 0x432A, 0x432A, 0x432A, 0x432A, 0x432A,
  0x432A, 0x434A, 0x432A, 0x434A, 0x4309, 0x4309, 0x434A, 0x432A, 0x432A, 0x434A, 0x434A, 0x42C8,
  0x7C0C, 0x4B4A, 0x432A, 0x432A, 0x432A, 0x432A, 0x4309, 0x3B09, 0x3B09, 0x3B09, 0x4309, 0x3AE9,
  0x3B09, 0x432A, 0x432A, 0x3B09, 0x432A, 0x432A, 0x4329, 0x3AC8, 0x6BAA, 0x7C2D, 0x432A, 0x432A,
  0x432A, 0x430A, 0x430A, 0x3AE9, 0x3AE9, 0x3AE9, 0x3AC9, 0x3AC9, 0x3AE9, 0x3AE9, 0x3AC9, 0x3AE9,
  0x3AE9, 0x3AE9, 0x3AE9, 0x42C8, 0x740C, 0x3AEA, 0x2AA9, 0x32A9, 0x32EA, 0x32CA, 0x2A89, 0x2A28,
  0x2A48, 0x2228, 0x3A68, 0x4B09, 0x2248, 0x2A48, 0x1923, 0x3121, 0x3941, 0x4182, 0x51E3, 0x4182,
  0x49A3, 0x4182, 0x4182, 0x3101, 0x7284, 0x7264, 0x7AC4, 0x8AE5, 0x8B24, 0x9345, 0xB449, 0xB489,
  0xAC28, 0x9365, 0x8B25, 0x7AA3, 0x8B05, 0x82C4, 0x82C4, 0x6A23, 0x6223, 0x5A03, 0x4182, 0x3122,
  0x3289, 0x32A8, 0x32A8, 0x32A8, 0x3288, 0x3288, 0x3288, 0x3288, 0x3288, 0x32A8, 0x32A8, 0x32A8,
  0x3288, 0x3287, 0x32A8, 0x32C9, 0x2226, 0x5B09, 0x63EC, 0x32E9, 0x32A9, 0x3AEA, 0x32C9, 0x32C9,
  0x32C9, 0x32C9, 0x32C9, 0x32C9, 0x32C9, 0x3AE9, 0x3AE9, 0x32C9, 0x32E9, 0x32C9, 0x32E9, 0x42A8,
  0x63CC, 0x432A, 0x430A, 0x432A, 0x434A, 0x432A, 0x432A, 0x432A, 0x430A, 0x434A, 0x4B4B, 0x434A,
  0x4B4A, 0x4B4B, 0x4B4A, 0x4B4B, 0x4B4B, 0x4B6B, 0x4AC9, 0x844C, 0x538A, 0x4B4A, 0x4B6A, 0x534A,
  0x4B2A, 0x4B4A, 0x536B, 0x536B, 0x4B4A, 0x4B6B, 0x4B6A, 0x4B4A, 0x434A, 0x4B4A, 0x4B6B, 0x4B6A,
  0x536B, 0x4B6A, 0x42A8, 0x948E, 0x6BEC, 0x536B, 0x5BAB, 0x53AB, 0x5BAB, 0x5BAB, 0x5BAB, 0x5B8B,
  0x536B, 0x538B, 0x538B, 0x538B, 0x536B, 0x536B, 0x536B, 0x536B, 0x5B8B, 0x42E9, 0x7BEC, 0x742D,
  0x3AE9, 0x3B0A, 0x4309, 0x3B2A, 0x432A, 0x4309, 0x4309, 0x3B09, 0x4309, 0x432A, 0x432A, 0x4309,
  0x432A, 0x432A, 0x4309, 0x4309, 0x430A, 0x3AE9, 0x4AC8, 0x8C6D, 0x536A, 0x434A, 0x432A, 0x432A,
  0x432A, 0x432A, 0x432A, 0x432A, 0x432A, 0x432A, 0x432A, 0x4309, 0x432A, 0x432A, 0x4309, 0x434A,
  0x4B6A, 0x4B6B, 0x3AC8, 0x6BAB, 0x63CB, 0x3B2A, 0x4309, 0x4329, 0x432A, 0x432A, 0x432A, 0x432A,
  0x434A, 0x432A, 0x432A, 0x432A, 0x432A, 0x432A, 0x432A, 0x432A, 0x4B4A, 0x432A, 0x434A, 0x42C8,
  0x7C0C, 0x4B4A, 0x3B0A, 0x432A, 0x432A, 0x3B09, 0x3B09, 0x3B09, 0x3B09, 0x3AE9, 0x4309, 0x3B09,
  0x3AE9, 0x3B0A, 0x430A, 0x3B09, 0x3B09, 0x3B09, 0x432A, 0x3AC8, 0x636A, 0x740C, 0x432A, 0x3B09,
  0x3B2A, 0x3AE9, 0x3AE9, 0x3AE9, 0x3AE9, 0x3AE9, 0x3AC9, 0x3AE9, 0x3AC9, 0x32C9, 0x32C9, 0x3AE9,
  0x3AC9, 0x32C9, 0x3B0A, 0x3267, 0x6349, 0x430A, 0x2AC9, 0x32CA, 0x32CA, 0x32A9, 0x32CA, 0x2A68,
  0x2A48, 0x2A48, 0x2A06, 0x5B2A, 0x2A88, 0x2A48, 0x1964, 0x2922, 0x3942, 0x4183, 0x5A24, 0x4182,
  0x41A3, 0x4182, 0x4183, 0x3101, 0x6A44, 0x7AA4, 0x82C4, 0x8B05, 0x9325, 0x8B24, 0xAC07, 0xB489,
  0xB469, 0x9B86, 0x9345, 0x82C4, 0x8B05, 0x82C4, 0x8B05, 0x7263, 0x6203, 0x5A03, 0x49A3, 0x3942,
  0x32A9, 0x32A8, 0x3288, 0x3288, 0x3288, 0x32A9, 0x3288, 0x3267, 0x3267, 0x3288, 0x3288, 0x3288,
  0x3267, 0x3287, 0x3288, 0x32A8, 0x3226, 0x73EC, 0x4309, 0x32E9, 0x3AE9, 0x32EA, 0x32EA, 0x32C9,
  0x32C9, 0x3AE9, 0x32C9, 0x32C9, 0x32C9, 0x32E9, 0x32C9, 0x32C9, 0x32C9, 0x3B09, 0x2A88, 0x5308,
  0x63AB, 0x3B0A, 0x432A, 0x432A, 0x432A, 0x434B, 0x432A, 0x434A, 0x432A, 0x432A, 0x434A, 0x4B4B,
  0x4B4A, 0x4B4B, 0x4B4B, 0x536B, 0x538B, 0x432A, 0x52E9, 0x846D, 0x4B4A, 0x4B2A, 0x4B6A, 0x534A,
  0x4B4A, 0x4B4B, 0x534B, 0x4B6B, 0x4B6A, 0x4B6B, 0x538B, 0x4B4A, 0x4B4A, 0x4B4B, 0x4B4B, 0x4B6A,
  0x536B, 0x4329, 0x52E8, 0x8C8E, 0x5BAB, 0x538B, 0x5B8B, 0x5BAB, 0x5BAB, 0x5BAB, 0x5BAB, 0x538B,
  0x5B8B, 0x5B8B, 0x5BAB, 0x536A, 0x534A, 0x538B, 0x538B, 0x536B, 0x5B8B, 0x42E8, 0x73AB, 0x63CC,
  0x3B09, 0x3B2A, 0x4309, 0x3B09, 0x3B09, 0x432A, 0x3B09, 0x4309, 0x4309, 0x3B09, 0x3AE9, 0x3B09,
  0x3B09, 0x3B09, 0x4309, 0x4329, 0x430A, 0x3B09, 0x5309, 0x94AE, 0x534A, 0x432A, 0x432A, 0x430A,
  0x4309, 0x430A, 0x4B2A, 0x432A, 0x432A, 0x4B4A, 0x432A, 0x432A, 0x3B09, 0x434A, 0x432A, 0x4B4A,
  0x4B4A, 0x4B6A, 0x3AA8, 0x6B8A, 0x740C, 0x3B2A, 0x432A, 0x4309, 0x3B09, 0x430A, 0x432A, 0x434A,
  0x434A, 0x432A, 0x432A, 0x432A, 0x432A, 0x430A, 0x432A, 0x432A, 0x432A, 0x432A, 0x432A, 0x3A87,
  0x7C0B, 0x536B, 0x3AE9, 0x4309, 0x432A, 0x4309, 0x3B09, 0x3B09, 0x3B09, 0x3B09, 0x3B09, 0x4309,
  0x3AE9, 0x432A, 0x4309, 0x430A, 0x4309, 0x3AE9, 0x432A, 0x4309, 0x52E8, 0x6BCC, 0x4B4A, 0x3B09,
  0x432A, 0x3B0A, 0x3B09, 0x3AE9, 0x3AE9, 0x3AC9, 0x3AC9, 0x3AE9, 0x3AC9, 0x32C9, 0x3AE9, 0x3AE9,
  0x32C8, 0x3AE9, 0x432A, 0x3288, 0x73CB, 0x4B4B, 0x2AC9, 0x32CA, 0x32CA, 0x2A89, 0x32CA, 0x3ACA,
  0x2A48, 0x2A48, 0x21C6, 0x5B0A, 0x32A9, 0x2A69, 0x19A5, 0x2901, 0x4162, 0x4162, 0x49A2, 0x4182,
  0x41A2, 0x4182, 0x41A3, 0x3142, 0x5A03, 0x7AC4, 0x7263, 0x82E4, 0x9345, 0x9325, 0x9BA6, 0xBCAA,
  0xBCAA, 0x9BA6, 0x9345, 0x8AE4, 0x8B05, 0x7A83, 0x8B05, 0x7263, 0x6A43, 0x5A03, 0x49C3, 0x3942,
  0x32A9, 0x32C9, 0x3288, 0x3288, 0x3288, 0x3288, 0x32A9, 0x3288, 0x2A67, 0x3267, 0x32A8, 0x3288,
  0x3267, 0x3287, 0x3287, 0x2A47, 0x4AA8, 0x6BEB, 0x32C9, 0x32C9, 0x3AEA, 0x3AEA, 0x32EA, 0x32E9,
  0x32C9, 0x32C9, 0x32C9, 0x32C9, 0x32C9, 0x32C9, 0x32C9, 0x32E9, 0x32E9, 0x3B09, 0x2A67, 0x6B8B,
  0x5B8B, 0x3B0A, 0x4329, 0x4B2A, 0x432A, 0x432A, 0x432A, 0x432A, 0x4B4A, 0x432A, 0x434A, 0x4B4A,
  0x4B4A, 0x4B4B, 0x434B, 0x4B4A, 0x4B8B, 0x42E9, 0x634A, 0x742D, 0x4B4A, 0x4B4A, 0x4B4A, 0x4B6B,
  0x4B6B, 0x4B4A, 0x4B4A, 0x4B4A, 0x4B4A, 0x4B6A, 0x4B6A, 0x4B6A, 0x4B4A, 0x4B4B, 0x4B4A, 0x4B6A,
  0x538B, 0x3B09, 0x6349, 0x846D, 0x5BAB, 0x4B6A, 0x536A, 0x5BAB, 0x536B, 0x534A, 0x5B8B, 0x538B,
  0x538B, 0x5B8B, 0x5BAB, 0x534A, 0x536A, 0x536A, 0x536A, 0x536B, 0x536B, 0x42E9, 0x840C, 0x5B6A,
  0x3B09, 0x432A, 0x4309, 0x3B09, 0x3B0A, 0x3B0A, 0x430A, 0x430A, 0x3B09, 0x3B0A, 0x432A, 0x430A,
  0x3B09, 0x430A, 0x4309, 0x4329, 0x432A, 0x32E8, 0x5309, 0x844D, 0x4B4A, 0x432A, 0x432A, 0x432A,
  0x432A, 0x432A, 0x4B2A, 0x432A, 0x432A, 0x432A, 0x4309, 0x4309, 0x4309, 0x432A, 0x4B2A, 0x4B4A,
  0x4B4A, 0x4B6B, 0x3AC8, 0x6B8A, 0x6C0C, 0x3B2A, 0x432A, 0x4309, 0x3B09, 0x432A, 0x3AE9, 0x430A,
  0x434A, 0x430A, 0x432A, 0x432A, 0x432A, 0x432A, 0x4B4A, 0x4B4A, 0x432A, 0x432A, 0x432A, 0x3A87,
  0x7BEB, 0x536B, 0x3B09, 0x3B09, 0x3B09, 0x3B09, 0x3B09, 0x3B09, 0x4309, 0x3B09, 0x3AE9, 0x4309,
  0x3AE9, 0x4309, 0x3AE8, 0x3B09, 0x430A, 0x430A, 0x432A, 0x3B09, 0x4287, 0x740D, 0x4B6A, 0x3B0A,
  0x432A, 0x430A, 0x3AE9, 0x3AE9, 0x3AE9, 0x3AC9, 0x3AE9, 0x3AE9, 0x3AC9, 0x3AE9, 0x32C8, 0x3B09,
  0x3AE9, 0x3AE9, 0x3B09, 0x2A68, 0x6329, 0x53AC, 0x32EA, 0x32A9, 0x32CA, 0x2A89, 0x2A68, 0x3AEB,
  0x3268, 0x2A48, 0x19C6, 0x52C8, 0x3AE9, 0x2248, 0x21E7, 0x20E1, 0x4162, 0x4182, 0x4182, 0x49A3,
  0x4182, 0x4182, 0x41A2, 0x3942, 0x4182, 0x7AE4, 0x7263, 0x82E4, 0x9345, 0x9B65, 0x9B86, 0xB469,
  0xBCAA, 0xA3E7, 0x9B65, 0x8B04, 0x8B05, 0x7A83, 0x8AE5, 0x7263, 0x6A43, 0x5A03, 0x51E3, 0x4162,
  0x32A9, 0x32A8, 0x2A67, 0x3288, 0x3288, 0x3288, 0x2A67, 0x32A8, 0x3287, 0x2A67, 0x3288, 0x3288,
  0x2A67, 0x2A67, 0x32A8, 0x2A27, 0x6BAA, 0x538B, 0x32C9, 0x32E9, 0x32A9, 0x3AC9, 0x3AC9, 0x3AC9,
  0x32A9, 0x32C9, 0x3AE9, 0x32C9, 0x32C9, 0x32C9, 0x3AC9, 0x32E9, 0x32E9, 0x32E9, 0x3287, 0x6BAB,
  0x430A, 0x3B2A, 0x4309, 0x432A, 0x4B4B, 0x432A, 0x434A, 0x432A, 0x4B4B, 0x432A, 0x432A, 0x432A,
  0x432A, 0x4B4A, 0x4B6B, 0x4B4B, 0x4B6B, 0x3AA8, 0x7BEC, 0x63EC, 0x4329, 0x4B4A, 0x4B4A, 0x4B4A,
  0x4B4B, 0x4B4A, 0x4B4A, 0x4B4A, 0x432A, 0x4B6A, 0x4B6A, 0x4B6B, 0x4B6A, 0x4B4A, 0x4B4A, 0x4B6B,
  0x538B, 0x32A8, 0x7BCB, 0x7C4D, 0x536B, 0x4B4A, 0x536A, 0x538A, 0x5B8B, 0x536A, 0x536A, 0x538A,
  0x5B8A, 0x538A, 0x538A, 0x538A, 0x536B, 0x534A, 0x4B4A, 0x536A, 0x4B6B, 0x42C8, 0x8C6D, 0x538B,
  0x3B09, 0x432A, 0x4309, 0x4309, 0x3B09, 0x3B09, 0x3B09, 0x3B09, 0x430A, 0x3B0A, 0x3B09, 0x4309,
  0x4329, 0x432A, 0x3B09, 0x432A, 0x4329, 0x3AC8, 0x5B09, 0x742D, 0x430A, 0x3B0A, 0x4329, 0x4309,
  0x4B4A, 0x434A, 0x432A, 0x432A, 0x4329, 0x4309, 0x3AE9, 0x432A, 0x432A, 0x3B09, 0x432A, 0x432A,
  0x432A, 0x536B, 0x3AA8, 0x6BAA, 0x6BEC, 0x4329, 0x3B09, 0x430A, 0x432A, 0x432A, 0x4309, 0x3AE9,
  0x432A, 0x3B29, 0x432A, 0x432A, 0x4329, 0x432A, 0x434A, 0x432A, 0x434A, 0x432A, 0x434A, 0x3AA8,
  0x7C0B, 0x4B2A, 0x3B09, 0x432A, 0x3AE9, 0x3AE9, 0x3B09, 0x4309, 0x4309, 0x3AE9, 0x3AE9, 0x432A,
  0x3B09, 0x3B09, 0x3AE9, 0x3B09, 0x3B09, 0x3B09, 0x3B09, 0x3B09, 0x4AA8, 0x846D, 0x432A, 0x432A,
  0x3B09, 0x430A, 0x3AE9, 0x3AE9, 0x3AE9, 0x3AC9, 0x3AE9, 0x3AE9, 0x3AC9, 0x32C9, 0x32C8, 0x3AE9,
  0x3AE9, 0x32A9, 0x32A8, 0x2A47, 0x5B09, 0x63CB, 0x32EA, 0x3289, 0x32A9, 0x3289, 0x2A48, 0x3289,
  0x2A48, 0x2A48, 0x2207, 0x4AC8, 0x430A, 0x2228, 0x2A07, 0x2102, 0x3942, 0x3982, 0x49A3, 0x51E3,
  0x4162, 0x4183, 0x4182, 0x3982, 0x3142, 0x72A4, 0x7264, 0x7AC4, 0x8B04, 0x9B65, 0x9B65, 0xAC28,
  0xBCAA, 0xAC49, 0x9B86, 0x9325, 0x8B05, 0x7AA3, 0x8B05, 0x82C4, 0x6A43, 0x5A03, 0x51E3, 0x4182,
  0x3288, 0x32A8, 0x3288, 0x3288, 0x3288, 0x3288, 0x3288, 0x3288, 0x3288, 0x3288, 0x3267, 0x3267,
  0x3288, 0x3288, 0x2A67, 0x3A87, 0x73EC, 0x3B0A, 0x32EA, 0x3AE9, 0x32C9, 0x32C9, 0x3AC9, 0x32A9,
  0x32A9, 0x32C9, 0x32E9, 0x32C9, 0x3AE9, 0x3AE9, 0x32C9, 0x3AE9, 0x3AEA, 0x2287, 0x52E9, 0x6BAB,
  0x3AE9, 0x434B, 0x4309, 0x3B2A, 0x432A, 0x432A, 0x434A, 0x434A, 0x434A, 0x432A, 0x432A, 0x434A,
  0x432A, 0x434A, 0x4B4A, 0x4B6B, 0x4B6B, 0x42C9, 0x844D, 0x5B8B, 0x4B2A, 0x4B6B, 0x434A, 0x4B4A,
  0x4B4B, 0x4B4A, 0x4B6B, 0x4B6B, 0x4B6B, 0x4B4A, 0x4B6B, 0x4B4A, 0x4B4A, 0x4B4A, 0x536A, 0x4B6B,
  0x536B, 0x3AA8, 0x7BEB, 0x6BEB, 0x534A, 0x4B4A, 0x538B, 0x538B, 0x5B8B, 0x536A, 0x538B, 0x5BAB,
  0x536A, 0x538A, 0x538B, 0x536A, 0x536B, 0x536A, 0x536A, 0x534A, 0x4B6B, 0x4AE8, 0x842D, 0x4B4A,
  0x3B09, 0x3B0A, 0x4309, 0x4309, 0x3B09, 0x4309, 0x4309, 0x3B09, 0x3B2A, 0x3B09, 0x4309, 0x4309,
  0x4309, 0x432A, 0x432A, 0x432A, 0x4B4A, 0x3AC9, 0x6BAB, 0x6C0C, 0x434A, 0x432A, 0x4B4A, 0x434A,
  0x4B4A, 0x432A, 0x4329, 0x4309, 0x4309, 0x4309, 0x432A, 0x4309, 0x4309, 0x432A, 0x432A, 0x432A,
  0x432A, 0x536B, 0x42A8, 0x73EC, 0x63EC, 0x4329, 0x4329, 0x432A, 0x432A, 0x432A, 0x432A, 0x4309,
  0x432A, 0x432A, 0x430A, 0x4309, 0x432A, 0x4B4A, 0x432A, 0x432A, 0x432A, 0x432A, 0x434A, 0x3287,
  0x6B8A, 0x536B, 0x3B09, 0x3B09, 0x4309, 0x3B09, 0x3B09, 0x3B09, 0x3B09, 0x3AE9, 0x4309, 0x3B09,
  0x3B09, 0x3AE9, 0x3B09, 0x4309, 0x3B09, 0x3AE9, 0x4309, 0x3AE9, 0x42C8, 0x844D, 0x538B, 0x3B0A,
  0x4309, 0x3AE9, 0x430A, 0x3AE9, 0x3AE9, 0x3AC9, 0x3AC9, 0x3AE9, 0x3AC9, 0x3AE9, 0x3AC9, 0x3AC9,
  0x32A9, 0x3AC9, 0x32A8, 0x2A68, 0x4AA8, 0x6C0C, 0x330A, 0x2A88, 0x32A9, 0x32A9, 0x2A68, 0x3289,
  0x2A68, 0x3268, 0x2A28, 0x3A67, 0x536B, 0x2A48, 0x2A27, 0x2123, 0x3962, 0x3982, 0x49A3, 0x5A24,
  0x3941, 0x3962, 0x3962, 0x3962, 0x3142, 0x6243, 0x7284, 0x7AC4, 0x8AE4, 0x9B65, 0x9B65, 0xA3C7,
  0xBC8A, 0xB469, 0xA3A6, 0x9345, 0x8AE4, 0x82C4, 0x82C4, 0x82C4, 0x6A43, 0x6223, 0x59E3, 0x49A3,
  0x3268, 0x2A68, 0x2A68, 0x3288, 0x3268, 0x3268, 0x3288, 0x3288, 0x3288, 0x3288, 0x3268, 0x3268,
  0x3288, 0x32A8, 0x2A27, 0x5B29, 0x63CC, 0x32C9, 0x32CA, 0x3AC9, 0x3AE9, 0x32C9, 0x32A9, 0x32C9,
  0x32C9, 0x32C9, 0x32A9, 0x32C9, 0x3AEA, 0x32C9, 0x3AE9, 0x3AE9, 0x3B0A, 0x2266, 0x6B6A, 0x5BAC,
  0x330A, 0x3B2B, 0x432A, 0x430A, 0x432A, 0x432A, 0x434A, 0x4B6A, 0x434A, 0x432A, 0x434A, 0x4B4B,
  0x4B4A, 0x434A, 0x4B4A, 0x536B, 0x4309, 0x5329, 0x7C2D, 0x4B4A, 0x4B4A, 0x4B4A, 0x4B4A, 0x4B4A,
  0x4B4B, 0x4B6B, 0x4B4A, 0x432A, 0x4B4A, 0x4B4A, 0x4B4A, 0x536B, 0x536B, 0x4B4A, 0x4B2A, 0x4B4A,
  0x4B4A, 0x3AA7, 0x8C6D, 0x6BEC, 0x536B, 0x538B, 0x536A, 0x536A, 0x5B8B, 0x536A, 0x536A, 0x5B8B,
  0x5B8B, 0x538B, 0x5B8B, 0x536B, 0x534A, 0x536A, 0x4B4A, 0x536A, 0x4B2A, 0x5B49, 0x8CAE, 0x432A,
  0x3B09, 0x3B09, 0x4309, 0x4329, 0x432A, 0x430A, 0x3B09, 0x3B09, 0x3B29, 0x3B09, 0x432A, 0x432A,
  0x3B09, 0x432A, 0x432A, 0x432A, 0x4B4A, 0x3AC8, 0x6B8A, 0x6BEC, 0x4309, 0x4B4B, 0x4B4A, 0x430A,
  0x432A, 0x432A, 0x432A, 0x432A, 0x3AE9, 0x4309, 0x432A, 0x3AE9, 0x430A, 0x432A, 0x432A, 0x4309,
  0x432A, 0x538B, 0x42A8, 0x7BEB, 0x63CC, 0x432A, 0x432A, 0x4329, 0x432A, 0x432A, 0x432A, 0x432A,
  0x432A, 0x432A, 0x4329, 0x4309, 0x4309, 0x432A, 0x432A, 0x432A, 0x432A, 0x434A, 0x4B6B, 0x3267,
  0x6B69, 0x536B, 0x3B09, 0x3B09, 0x3AE9, 0x3B09, 0x3AE9, 0x3B0A, 0x3B09, 0x3AE9, 0x3AE9, 0x3B09,
  0x4309, 0x3B09, 0x3B2A, 0x432A, 0x4309, 0x3B09, 0x3AE9, 0x3B09, 0x3A87, 0x73CB, 0x538B, 0x432A,
  0x4309, 0x3AE9, 0x3B09, 0x430A, 0x3AE9, 0x3AE9, 0x3AE9, 0x3AE9, 0x32C9, 0x3AE9, 0x3AC9, 0x3AE9,
  0x32A8, 0x3AA8, 0x32A8, 0x3288, 0x42A8, 0x6BEC, 0x3B0A, 0x32A9, 0x32A9, 0x32CA, 0x2A68, 0x32A9,
  0x2A68, 0x2A48, 0x2A48, 0x3227, 0x5B4A, 0x2A48, 0x2A47, 0x1944, 0x3142, 0x4162, 0x4162, 0x5A03,
  0x3961, 0x4162, 0x4162, 0x41A3, 0x3121, 0x51E3, 0x7AC5, 0x72A4, 0x82C4, 0x9366, 0x9345, 0x9BA6,
  0xBCAA, 0xB48A, 0xA3C7, 0x9B66, 0x8B04, 0x82E4, 0x7AA3, 0x8B04, 0x7283, 0x6223, 0x59E3, 0x49A2,
  0x3288, 0x2A68, 0x2A68, 0x3288, 0x2A67, 0x3288, 0x3288, 0x3288, 0x3288, 0x3288, 0x3288, 0x3288,
  0x3288, 0x3288, 0x3227, 0x73CC, 0x434B, 0x32A9, 0x32C9, 0x3AE9, 0x3AE9, 0x32C9, 0x32C9, 0x32C9,
  0x32C9, 0x32C9, 0x32C9, 0x32C9, 0x3AE9, 0x3AEA, 0x3AE9, 0x3AE9, 0x3B0A, 0x3A67, 0x73CC, 0x434A,
  0x3B0A, 0x3B2A, 0x432A, 0x430A, 0x434B, 0x432A, 0x434B, 0x434B, 0x434A, 0x432A, 0x432A, 0x434A,
  0x4B4A, 0x4B4A, 0x4B6B, 0x536B, 0x3AC9, 0x634A, 0x742D, 0x432A, 0x4B4A, 0x4B6A, 0x4B6B, 0x4B6B,
  0x4B4A, 0x4B4B, 0x4B4A, 0x4B2A, 0x4B2A, 0x4B4A, 0x4B4A, 0x4B4A, 0x4B6B, 0x4B4B, 0x4B2A, 0x4B6A,
  0x4309, 0x4AE7, 0x948E, 0x5B8B, 0x536B, 0x538B, 0x534A, 0x538B, 0x538B, 0x5B8B, 0x536A, 0x536A,
  0x538B, 0x536B, 0x536B, 0x536A, 0x4B2A, 0x536B, 0x536B, 0x538B, 0x4309, 0x5308, 0x740C, 0x430A,
  0x3B09, 0x3B09, 0x432A, 0x432A, 0x3B09, 0x4309, 0x3B09, 0x3B09, 0x3B09, 0x3B09, 0x3B09, 0x3B0A,
  0x3B0A, 0x4309, 0x432A, 0x432A, 0x434A, 0x32A8, 0x738A, 0x6C2C, 0x432A, 0x4B4A, 0x4B4A, 0x432A,
  0x432A, 0x432A, 0x432A, 0x432A, 0x434A, 0x4309, 0x432A, 0x430A, 0x432A, 0x432A, 0x432A, 0x4309,
  0x4B4A, 0x4B4B, 0x42E9, 0x7BEB, 0x5BAB, 0x430A, 0x4B2A, 0x4329, 0x432A, 0x432A, 0x432A, 0x432A,
  0x432A, 0x432A, 0x4329, 0x432A, 0x432A, 0x432A, 0x4309, 0x432A, 0x432A, 0x432A, 0x4B6B, 0x3267,
  0x6B8A, 0x538B, 0x3B09, 0x4309, 0x3AE9, 0x3B09, 0x3B0A, 0x3B0A, 0x3B09, 0x3AE9, 0x3AE9, 0x3B09,
  0x3B09, 0x3AE9, 0x3B09, 0x3B09, 0x3B09, 0x3B09, 0x3B09, 0x3B09, 0x3247, 0x73EC, 0x63CC, 0x432A,
  0x4309, 0x3AE9, 0x3AE9, 0x3AE9, 0x3AE9, 0x3AE9, 0x3AE9, 0x3AC9, 0x32A9, 0x3AC9, 0x3AC9, 0x32A8,
  0x3AC9, 0x3AA9, 0x3288, 0x3288, 0x3267, 0x6B8B, 0x3B2A, 0x32A9, 0x3ACA, 0x3AEA, 0x2A68, 0x3289,
  0x2A68, 0x2A48, 0x2A48, 0x2A06, 0x5B2A, 0x3289, 0x2A68, 0x21A6, 0x2102, 0x4182, 0x4182, 0x51E3,
  0x49A2, 0x4182, 0x4182, 0x4182, 0x3142, 0x49A2, 0x72A4, 0x7284, 0x82C4, 0x9325, 0x9345, 0x9B65,
  0xB469, 0xBCAA, 0xAC08, 0x9365, 0x9325, 0x8AE5, 0x7AA4, 0x8B04, 0x7283, 0x7264, 0x5A03, 0x49A2,
  0x3267, 0x2A67, 0x3267, 0x3287, 0x3287, 0x2A67, 0x3288, 0x3288, 0x3288, 0x3288, 0x3288, 0x32A8,
  0x3287, 0x2A26, 0x4AC8, 0x7C4E, 0x32C9, 0x32A8, 0x3AC9, 0x32C9, 0x3AE9, 0x32C9, 0x32C9, 0x32C9,
  0x32C9, 0x3AC9, 0x3AE9, 0x3AC9, 0x32C9, 0x32C9, 0x3AE9, 0x3B09, 0x2AC8, 0x5AC9, 0x742D, 0x3B29,
  0x3B09, 0x3B0A, 0x432A, 0x432A, 0x432A, 0x432A, 0x432A, 0x4B4B, 0x432A, 0x434A, 0x434A, 0x434A,
  0x434A, 0x4B4A, 0x434A, 0x536B, 0x32C9, 0x7BEC, 0x6BEC, 0x434A, 0x432A, 0x4B4A, 0x4B6A, 0x4B6B,
  0x4B4A, 0x4B4A, 0x4B4A, 0x4B4A, 0x4B4A, 0x4B4A, 0x4B4A, 0x4B4A, 0x4B4A, 0x4B6A, 0x536B, 0x4B6A,
  0x3AE9, 0x6389, 0x94AE, 0x534A, 0x4B4A, 0x536B, 0x536A, 0x538B, 0x536B, 0x536B, 0x5B8B, 0x538B,
  0x534A, 0x536B, 0x536A, 0x4B4A, 0x536A, 0x536B, 0x538B, 0x53AB, 0x42E8, 0x7C0C, 0x740D, 0x430A,
  0x3B09, 0x3B09, 0x432A, 0x3B2A, 0x3B09, 0x3B09, 0x3B09, 0x4309, 0x4309, 0x3B09, 0x3B09, 0x432A,
  0x3B09, 0x4329, 0x432A, 0x434A, 0x432A, 0x32A8, 0x842C, 0x63EC, 0x430A, 0x432A, 0x4B2A, 0x4B4B,
  0x4309, 0x4329, 0x432A, 0x432A, 0x432A, 0x3B2A, 0x432A, 0x430A, 0x3AE9, 0x3AE9, 0x4309, 0x4329,
  0x4B6B, 0x4B4A, 0x42C8, 0x7BEB, 0x53AB, 0x4329, 0x4B2A, 0x4329, 0x430A, 0x434A, 0x434A, 0x432A,
  0x4309, 0x4309, 0x4309, 0x4309, 0x432A, 0x4309, 0x4309, 0x4309, 0x432A, 0x434A, 0x434A, 0x3287,
  0x6B8A, 0x538B, 0x3AE9, 0x3AE9, 0x3B09, 0x3B09, 0x3B2A, 0x3AE9, 0x3AE9, 0x3AC8, 0x3AC8, 0x3AE9,
  0x3AE9, 0x3AC8, 0x3B09, 0x3AE9, 0x3AE9, 0x3B09, 0x4329, 0x3B09, 0x2A47, 0x7C2C, 0x5BAB, 0x3B0A,
  0x3B0A, 0x3AE9, 0x3AE9, 0x32C9, 0x3AC9, 0x3AE9, 0x3AE9, 0x3AC9, 0x32A8, 0x3AC9, 0x32A8, 0x32A8,
  0x3AC9, 0x32A8, 0x3288, 0x32A8, 0x2A06, 0x6BAB, 0x434A, 0x32A9, 0x32A9, 0x32A9, 0x2A68, 0x2A48,
  0x2A48, 0x2A48, 0x2A68, 0x21E6, 0x52C8, 0x42EA, 0x2A48, 0x21E7, 0x2102, 0x4182, 0x4182, 0x51E3,
  0x49C3, 0x4182, 0x49A2, 0x4182, 0x3962, 0x3942, 0x7284, 0x7284, 0x7AC4, 0x8B04, 0x9345, 0x9365,
  0xAC28, 0xBCAA, 0xB449, 0x9365, 0x9345, 0x8B25, 0x7263, 0x82C4, 0x7AA4, 0x7264, 0x6223, 0x51E3,
  0x3AEA, 0x430A, 0x32A8, 0x3AC9, 0x3AE9, 0x3AC9, 0x3AE9, 0x3B0A, 0x3AC9, 0x32C9, 0x32C9, 0x3AC9,
  0x32C8, 0x2A27, 0x6B8B, 0x744E, 0x432A, 0x3B0A, 0x3B2A, 0x3AEA, 0x3B0A, 0x3B0A, 0x3B2A, 0x3B2A,
  0x3AEA, 0x3B0A, 0x3B0A, 0x3B0A, 0x3B0A, 0x3B0A, 0x430A, 0x432A, 0x2A88, 0x5B4A, 0x7C6F, 0x434B,
  0x434B, 0x434B, 0x3B0A, 0x434B, 0x4B6B, 0x4B6B, 0x434B, 0x4B6B, 0x432B, 0x4B6B, 0x4B6B, 0x4B6B,
  0x4B6B, 0x4B6B, 0x4B6B, 0x4B8C, 0x3AC8, 0x844C, 0x6C2D, 0x4B6B, 0x536A, 0x538B, 0x538B, 0x538B,
  0x4B6B, 0x4B4A, 0x4B6B, 0x4B4A, 0x536B, 0x4B8B, 0x4B6B, 0x4B4A, 0x4B6B, 0x4B6B, 0x4B6A, 0x536B,
  0x32C9, 0x6B8B, 0x94EF, 0x5BAB, 0x5B8B, 0x63EC, 0x63EC, 0x5BAB, 0x5BAB, 0x5BAC, 0x63EC, 0x63EC,
  0x5BAB, 0x5B8B, 0x5BCC, 0x5B8B, 0x5B8B, 0x5BCC, 0x5BAC, 0x5BCC, 0x3AA8, 0x7BEB, 0x744E, 0x4B6B,
  0x434A, 0x434A, 0x4B4A, 0x432A, 0x432A, 0x432A, 0x432A, 0x432A, 0x434A, 0x3B2A, 0x432A, 0x432A,
  0x432A, 0x434A, 0x4B4B, 0x4B4B, 0x436B, 0x3288, 0x73EC, 0x6C2D, 0x536B, 0x4B2A, 0x432A, 0x4B4B,
  0x434A, 0x4B6B, 0x4B4A, 0x432A, 0x432A, 0x434B, 0x434A, 0x432A, 0x432A, 0x432A, 0x4B6B, 0x4B4A,
  0x4B6A, 0x4B6B, 0x42C8, 0x842C, 0x63EC, 0x4B4A, 0x4B6A, 0x4B4A, 0x4B4A, 0x4B6B, 0x4B8B, 0x434A,
  0x434A, 0x4B6A, 0x4B6B, 0x434A, 0x434A, 0x432A, 0x4B4A, 0x434A, 0x434A, 0x432A, 0x434B, 0x3AA8,
  0x6B8A, 0x5BCC, 0x432A, 0x3B09, 0x434A, 0x3B2A, 0x3B2A, 0x3B0A, 0x3AE9, 0x3AE9, 0x3AE9, 0x3AE9,
  0x3AE9, 0x3AE9, 0x432A, 0x3B09, 0x3B09, 0x3B09, 0x432A, 0x3B0A, 0x32A8, 0x6B8A, 0x63CC, 0x4B8B,
  0x432A, 0x3AE9, 0x3AE9, 0x3AE9, 0x430A, 0x3B0A, 0x3AC9, 0x32C9, 0x3AE9, 0x3AC9, 0x32A8, 0x3AC9,
  0x3AC9, 0x3AC9, 0x3AC9, 0x3AC9, 0x2A27, 0x5B29, 0x536B, 0x3B0A, 0x3AC9, 0x3ACA, 0x32AA, 0x2A69,
  0x3289, 0x3289, 0x2A68, 0x21E7, 0x4AC8, 0x536B, 0x2A89, 0x2228, 0x1902, 0x4182, 0x4182, 0x49C3,
  0x49C3, 0x4182, 0x41A3, 0x4162, 0x4182, 0x28C1, 0x6244, 0x72A4, 0x7AA3, 0x82E4, 0x9366, 0x9324,
  0xA408, 0xBCCB, 0xB48A, 0x9365, 0x9345, 0x8B25, 0x7283, 0x7AC4, 0x7A84, 0x7243, 0x6A44, 0x59E2,
  0x430A, 0x430A, 0x32A8, 0x42E9, 0x3AE8, 0x3AE9, 0x3AE9, 0x3AE9, 0x430A, 0x4309, 0x430A, 0x42E9,
  0x2A47, 0x3A47, 0x7BEC, 0x42E9, 0x4B4B, 0x430A, 0x3AC9, 0x3AEA, 0x430A, 0x430A, 0x432B, 0x4B2B,
  0x42EA, 0x3AC9, 0x430A, 0x430A, 0x430A, 0x42EA, 0x430A, 0x3AA9, 0x3247, 0x73CB, 0x534A, 0x4B6B,
  0x4B4B, 0x4B6B, 0x4B2A, 0x536B, 0x5B6B, 0x4B0A, 0x430A, 0x434A, 0x434B, 0x4B4B, 0x536B, 0x4B6B,
  0x4B4A, 0x4B4B, 0x4B4A, 0x3AC8, 0x4B09, 0x73AA, 0x534A, 0x4B2A, 0x536B, 0x536B, 0x534A, 0x536B,
  0x4B4A, 0x4B6A, 0x536A, 0x4B4A, 0x536B, 0x536A, 0x536A, 0x534A, 0x536B, 0x538B, 0x532A, 0x4B29,
  0x3287, 0x842D, 0x638B, 0x534A, 0x532A, 0x63CC, 0x5B8B, 0x534A, 0x536A, 0x4B2A, 0x5B6B, 0x5B6B,
  0x5B4A, 0x534A, 0x5B4A, 0x5B8B, 0x534A, 0x5B8B, 0x536A, 0x4309, 0x3267, 0x8C4D, 0x63AB, 0x4B4A,
  0x4B4A, 0x432A, 0x4B4A, 0x4B2A, 0x430A, 0x4B4A, 0x4B4A, 0x4309, 0x4B4A, 0x536A, 0x4B29, 0x4B2A,
  0x4B2A, 0x4B4A, 0x4B4A, 0x534A, 0x4329, 0x3A46, 0x73CB, 0x63AB, 0x536A, 0x4B09, 0x4B2A, 0x4B29,
  0x4B2A, 0x536A, 0x532A, 0x4B29, 0x536A, 0x4B2A, 0x4B4A, 0x4B29, 0x4B4A, 0x4B2A, 0x4B2A, 0x4B49,
  0x4B4A, 0x4309, 0x4287, 0x842B, 0x5B8A, 0x4B29, 0x4B2A, 0x536B, 0x4B29, 0x536B, 0x4B6A, 0x4B4A,
  0x4B29, 0x536A, 0x4B6A, 0x4B4A, 0x4B4A, 0x4B29, 0x4309, 0x4B2A, 0x430A, 0x430A, 0x430A, 0x3267,
  0x73AA, 0x5B4A, 0x4309, 0x42E9, 0x432A, 0x432A, 0x432A, 0x4309, 0x4B09, 0x432A, 0x4309, 0x430A,
  0x430A, 0x432A, 0x4B2A, 0x4309, 0x4309, 0x3AE9, 0x3AE9, 0x42E9, 0x2A26, 0x6B8A, 0x5B6A, 0x432A,
  0x3AE9, 0x3AC9, 0x3AE9, 0x3AC9, 0x3AC9, 0x3AC9, 0x3AA9, 0x3288, 0x3AC9, 0x3288, 0x3AA9, 0x3AA9,
  0x3AA8, 0x3AA9, 0x3AA9, 0x3267, 0x1984, 0x6349, 0x5329, 0x32A9, 0x2A88, 0x2A88, 0x3289, 0x2A68,
  0x2A68, 0x2A48, 0x2A47, 0x19A6, 0x4A87, 0x5309, 0x2A27, 0x21C6, 0x1902, 0x3962, 0x41A3, 0x41A2,
  0x5A03, 0x4182, 0x41A3, 0x3962, 0x41A2, 0x28E1, 0x5A03, 0x6A63, 0x7283, 0x82E4, 0x9366, 0x8B04,
  0xA3C7, 0xB46A, 0xB48A, 0x9BA6, 0x9325, 0x8B25, 0x82C4, 0x7283, 0x7AC5, 0x6A63, 0x6A64, 0x59E3,
  0x3A47, 0x4267, 0x4AC8, 0x4AA7, 0x3A46, 0x42A7, 0x3A46, 0x42A7, 0x4287, 0x4287, 0x4287, 0x4288,
  0x4AA8, 0x6B8A, 0x7BAA, 0x3205, 0x3A46, 0x3A46, 0x4AE8, 0x42E9, 0x42A8, 0x42C8, 0x4AE9, 0x4AE8,
  0x4AE9, 0x4AE8, 0x5329, 0x4AE8, 0x4AE9, 0x42C8, 0x42A8, 0x52E9, 0x6B6A, 0x946D, 0x5B29, 0x5309,
  0x5B4A, 0x5B29, 0x5B29, 0x6BAA, 0x6369, 0x636A, 0x636A, 0x636A, 0x5B6A, 0x638B, 0x5309, 0x52E8,
  0x4AE8, 0x5B4A, 0x5B49, 0x52C7, 0x8C2C, 0x842C, 0x5309, 0x636A, 0x634A, 0x6349, 0x636A, 0x638A,
  0x63AA, 0x638A, 0x6BAB, 0x6BAB, 0x636A, 0x6B8A, 0x6B8A, 0x6BAB, 0x638A, 0x6BAB, 0x634A, 0x5B08,
  0x6B49, 0x9C8D, 0x4A86, 0x3A26, 0x4287, 0x4287, 0x4266, 0x4246, 0x4AC7, 0x4AA7, 0x42A7, 0x3A66,
  0x4AC8, 0x4AC8, 0x3A66, 0x4AA7, 0x4AA8, 0x4287, 0x5B29, 0x52E8, 0x6349, 0xA4EE, 0x6349, 0x5329,
  0x5308, 0x5B49, 0x5B4A, 0x6BAB, 0x6BEC, 0x638A, 0x6B8A, 0x6BAB, 0x636A, 0x6BAA, 0x73CA, 0x6BAA,
  0x6BAA, 0x63AB, 0x6389, 0x6BAA, 0x6BCB, 0x738A, 0x946C, 0x6329, 0x636A, 0x636A, 0x6B8B, 0x6BAB,
  0x6BAA, 0x73CB, 0x6B8A, 0x73AA, 0x73CB, 0x6BCB, 0x73CB, 0x73CB, 0x6BAA, 0x6B8A, 0x63AA, 0x5B49,
  0x638A, 0x638A, 0x6B69, 0x9C8D, 0x52E8, 0x52C7, 0x4287, 0x52E9, 0x5B2A, 0x5309, 0x4AE8, 0x4AC8,
  0x5B2A, 0x5309, 0x5309, 0x4AC8, 0x52E9, 0x52E9, 0x5308, 0x4AC7, 0x4AA7, 0x5B4A, 0x638B, 0x5B49,
  0x9C6C, 0x6B69, 0x5308, 0x634A, 0x636A, 0x638A, 0x6BCB, 0x6B8A, 0x6B8A, 0x73EC, 0x6BAB, 0x63AA,
  0x5B6A, 0x63AB, 0x638A, 0x638A, 0x6BEB, 0x5329, 0x5329, 0x638A, 0x5309, 0x9C6C, 0x738A, 0x52E8,
  0x5B29, 0x52E8, 0x5B49, 0x6BAB, 0x5B49, 0x5B29, 0x5B4A, 0x5B4A, 0x6BAB, 0x5B29, 0x52E8, 0x4AC8,
  0x5B29, 0x5309, 0x5B29, 0x5B29, 0x4AA7, 0x8BEB, 0x73AB, 0x4287, 0x4AC8, 0x534A, 0x5309, 0x4288,
  0x4AA8, 0x4288, 0x3A46, 0x4288, 0x6B29, 0x7369, 0x3A46, 0x4AA9, 0x31A4, 0x3941, 0x4982, 0x4982,
  0x6244, 0x49A2, 0x4182, 0x4183, 0x41A2, 0x3142, 0x51C3, 0x6A84, 0x6A23, 0x82E4, 0x9345, 0x8B04,
  0x9B86, 0xAC28, 0xBCAA, 0xA3C7, 0x8B04, 0x8B25, 0x82E4, 0x7263, 0x8305, 0x7282, 0x7284, 0x6203,
  0x3ACA, 0x3ACA, 0x3AEA, 0x42E9, 0x42E9, 0x3AEA, 0x3AC9, 0x3AE9, 0x3AC9, 0x3AC9, 0x3AE9, 0x3AEA,
  0x3247, 0x73EB, 0x5B6B, 0x3ACA, 0x3AA9, 0x3AA9, 0x3AEA, 0x3B0A, 0x3AE9, 0x3B0A, 0x3B0A, 0x3AE9,
  0x430A, 0x432A, 0x4B4B, 0x430A, 0x3AEA, 0x42EA, 0x432A, 0x2A47, 0x6329, 0x63CC, 0x3AC9, 0x3AC9,
  0x3AC9, 0x3AC9, 0x3AE9, 0x3AC8, 0x32A8, 0x3AC8, 0x42C9, 0x42E9, 0x42C9, 0x3AC9, 0x3AA8, 0x3AC9,
  0x3AE9, 0x42E9, 0x4309, 0x3246, 0x7BEC, 0x63AB, 0x4309, 0x42E9, 0x42E9, 0x42E9, 0x42E9, 0x4309,
  0x4309, 0x42C8, 0x42E9, 0x42E9, 0x4309, 0x42E8, 0x42E8, 0x4309, 0x42E9, 0x42C8, 0x42E9, 0x3AA8,
  0x4AA8, 0x7BEB, 0x638B, 0x5B6A, 0x63AB, 0x5329, 0x4AE8, 0x638B, 0x6BAB, 0x636A, 0x5329, 0x5349,
  0x5329, 0x5329, 0x5B8B, 0x638B, 0x5329, 0x532A, 0x536B, 0x4B29, 0x4288, 0x844D, 0x5B8B, 0x4B29,
  0x4B29, 0x534A, 0x534A, 0x4B2A, 0x534A, 0x4B09, 0x5329, 0x5B6A, 0x4B29, 0x4B09, 0x536A, 0x534A,
  0x4B29, 0x4B4A, 0x4B29, 0x534A, 0x4309, 0x52E9, 0x7BEB, 0x5349, 0x4B29, 0x4B29, 0x4B29, 0x4B29,
  0x4B09, 0x4B09, 0x4B29, 0x4B4A, 0x4B09, 0x4B09, 0x4B49, 0x4B09, 0x4B09, 0x4B4A, 0x4B2A, 0x42E8,
  0x4309, 0x3AC8, 0x5308, 0x844C, 0x5B8A, 0x4B08, 0x4B29, 0x4B49, 0x534A, 0x4B29, 0x4B4A, 0x4B4A,
  0x4B4A, 0x4B4A, 0x4B2A, 0x4B4A, 0x534A, 0x534A, 0x4B29, 0x4B09, 0x4309, 0x4B2A, 0x534A, 0x3A87,
  0x73AA, 0x5B4A, 0x4B0A, 0x42E9, 0x4309, 0x4309, 0x4B2A, 0x4B2A, 0x4309, 0x4B29, 0x4B09, 0x4B29,
  0x4B2A, 0x4B4A, 0x4B09, 0x4B2A, 0x4B4A, 0x4309, 0x4309, 0x4B2A, 0x3287, 0x6B69, 0x638B, 0x4309,
  0x4B09, 0x42E9, 0x42C8, 0x4B2A, 0x4B09, 0x4B29, 0x42E9, 0x4B09, 0x4B29, 0x4AE9, 0x4309, 0x4309,
  0x4309, 0x4B2A, 0x42E9, 0x42E9, 0x3288, 0x5AE8, 0x634A, 0x2A47, 0x3268, 0x3AA9, 0x3A88, 0x2A27,
  0x3248, 0x2A07, 0x2A07, 0x2A27, 0x31E6, 0x5B09, 0x2A26, 0x2A27, 0x2185, 0x2102, 0x41A3, 0x4182,
  0x5A24, 0x49C2, 0x4182, 0x4182, 0x3962, 0x3962, 0x41A3, 0x6A64, 0x6223, 0x7AC4, 0x8B05, 0x8B25,
  0x9345, 0xAC08, 0xB469, 0xA407, 0x8B24, 0x8B04, 0x8B05, 0x7263, 0x7AC4, 0x72A4, 0x7284, 0x6223,
  0x3B0B, 0x32EA, 0x3B2A, 0x3B0A, 0x430A, 0x330A, 0x330A, 0x32EA, 0x3B0A, 0x330A, 0x330A, 0x32EA,
  0x4288, 0x7C0B, 0x432B, 0x3AEA, 0x3B0A, 0x330A, 0x330A, 0x3B0B, 0x3B0A, 0x3B2A, 0x3B2A, 0x3B2A,
  0x432A, 0x3B2A, 0x3B2A, 0x3B2A, 0x432B, 0x434B, 0x434B, 0x2A68, 0x6BAB, 0x538B, 0x32E9, 0x3AE9,
  0x3AC9, 0x3B0A, 0x3AE9, 0x3AE9, 0x3AC9, 0x32C9, 0x3AE9, 0x3AE9, 0x3AE9, 0x3AE9, 0x3B09, 0x3B2A,
  0x3B0A, 0x3B0A, 0x3B0A, 0x3A88, 0x7C2C, 0x536B, 0x3B09, 0x3AE9, 0x3B09, 0x3AE9, 0x3AE9, 0x3AE9,
  0x4309, 0x4309, 0x4309, 0x4309, 0x4309, 0x3AE9, 0x4309, 0x4309, 0x4309, 0x42E9, 0x4329, 0x3AE9,
  0x52E9, 0x8C8D, 0x63CC, 0x538B, 0x5BAB, 0x538B, 0x4B4A, 0x538B, 0x5BAB, 0x536A, 0x536A, 0x538B,
  0x5B8B, 0x5BAB, 0x538B, 0x5B8B, 0x536A, 0x53AB, 0x5BCC, 0x4B4A, 0x42A8, 0x844D, 0x53AB, 0x4B6B,
  0x536B, 0x4B4A, 0x536B, 0x536B, 0x4B4A, 0x4B6A, 0x4B4A, 0x4B4A, 0x4B4A, 0x4B6A, 0x536B, 0x538B,
  0x538B, 0x4B6B, 0x538B, 0x5BAB, 0x4B2A, 0x4AC8, 0x7C2D, 0x538B, 0x4309, 0x432A, 0x432A, 0x4329,
  0x4309, 0x4329, 0x4329, 0x4329, 0x3B09, 0x4309, 0x4309, 0x4329, 0x4B4A, 0x4B4A, 0x432A, 0x432A,
  0x432A, 0x4309, 0x4AE8, 0x8C6D, 0x5BAC, 0x4B4A, 0x4B4A, 0x4B8B, 0x538B, 0x4B6B, 0x4B8B, 0x4B8B,
  0x538B, 0x4B6A, 0x536B, 0x538B, 0x538B, 0x4B4A, 0x4B4A, 0x4B6B, 0x4B6B, 0x4B4A, 0x538B, 0x3AA8,
  0x6B69, 0x63AC, 0x432A, 0x3B09, 0x4309, 0x3AE9, 0x430A, 0x430A, 0x432A, 0x3B0A, 0x3B0A, 0x430A,
  0x430A, 0x432A, 0x432A, 0x432A, 0x432A, 0x432A, 0x432A, 0x434A, 0x32A8, 0x5B28, 0x740D, 0x4309,
  0x3B09, 0x3B29, 0x3B09, 0x432A, 0x3B09, 0x3B0A, 0x432A, 0x3AE9, 0x3B09, 0x430A, 0x4309, 0x432A,
  0x3AE9, 0x430A, 0x4309, 0x430A, 0x32E9, 0x4AA7, 0x638B, 0x32A9, 0x3288, 0x3AC9, 0x3288, 0x2A47,
  0x2A68, 0x2A48, 0x2A27, 0x2248, 0x29C6, 0x5B09, 0x32A9, 0x2207, 0x19A6, 0x18E2, 0x4182, 0x3962,
  0x49C3, 0x49C2, 0x4182, 0x4182, 0x3942, 0x4183, 0x3121, 0x6A43, 0x6243, 0x72A4, 0x7AC4, 0x8B05,
  0x8B04, 0xAC08, 0xB448, 0xAC28, 0x8B25, 0x82C4, 0x82E4, 0x7284, 0x6A43, 0x6223, 0x6223, 0x5A23,
  0x3AEA, 0x3B0A, 0x3B0A, 0x3B0A, 0x330A, 0x330B, 0x32EA, 0x3AE9, 0x3B0A, 0x32EA, 0x3B0A, 0x2AC8,
  0x5B49, 0x63CC, 0x32EA, 0x3AEA, 0x3AEA, 0x3AE9, 0x3AEA, 0x3AEA, 0x3B0A, 0x3B2A, 0x3B0A, 0x3B0A,
  0x432A, 0x3B2A, 0x3B2A, 0x3B2A, 0x432A, 0x432A, 0x3B0A, 0x3A87, 0x73EC, 0x432A, 0x32C8, 0x32C9,
  0x32C9, 0x3AE9, 0x32C9, 0x32C9, 0x3AE9, 0x32C9, 0x32E9, 0x3AE9, 0x3AE9, 0x32C9, 0x3AE9, 0x3AE9,
  0x3AE9, 0x3B0A, 0x32E9, 0x4AC8, 0x7C4C, 0x3B0A, 0x3B09, 0x3AE9, 0x3AE9, 0x3AE9, 0x3AE9, 0x3AE8,
  0x3B09, 0x3B09, 0x3B09, 0x4309, 0x3AE9, 0x3AE8, 0x4309, 0x4309, 0x3AE8, 0x3AE8, 0x4329, 0x3AA8,
  0x6B8A, 0x848E, 0x538B, 0x538B, 0x536A, 0x536A, 0x536B, 0x538B, 0x538B, 0x536A, 0x536B, 0x5B8B,
  0x5B6A, 0x536A, 0x538B, 0x536B, 0x536B, 0x5B8B, 0x5BAB, 0x4B09, 0x52E8, 0x7C6D, 0x538B, 0x4B4A,
  0x4B4A, 0x4B4A, 0x536A, 0x536A, 0x4B4A, 0x4B4A, 0x432A, 0x4B6B, 0x4B6B, 0x536A, 0x536A, 0x536A,
  0x536A, 0x4B6A, 0x538B, 0x5B8B, 0x42E9, 0x4AC7, 0x7C2D, 0x4B4A, 0x4329, 0x4309, 0x432A, 0x432A,
  0x4329, 0x4309, 0x4309, 0x4329, 0x4329, 0x4329, 0x4329, 0x4329, 0x4329, 0x4329, 0x4B29, 0x4329,
  0x4329, 0x3B2A, 0x4AC8, 0x7C2D, 0x538B, 0x4B4A, 0x4B4A, 0x4B6B, 0x4B6B, 0x4B6B, 0x4B4B, 0x4B4B,
  0x536B, 0x4B4A, 0x4B6B, 0x538B, 0x4B6B, 0x4B6A, 0x536B, 0x4B6B, 0x4B4A, 0x4B6B, 0x538C, 0x3287,
  0x6B89, 0x5BAB, 0x3B09, 0x3B09, 0x3B09, 0x3B0A, 0x3B2A, 0x3B2A, 0x3B09, 0x3B09, 0x3B2A, 0x3B0A,
  0x3B2A, 0x434A, 0x432A, 0x432A, 0x432A, 0x432A, 0x434A, 0x432A, 0x3AC9, 0x636A, 0x73EC, 0x4309,
  0x3B0A, 0x430A, 0x3B0A, 0x432A, 0x432A, 0x432A, 0x430A, 0x3B09, 0x3B09, 0x430A, 0x3B09, 0x3AE9,
  0x3AE9, 0x430A, 0x4309, 0x3B09, 0x3B09, 0x42A8, 0x6B8B, 0x3AE9, 0x3287, 0x32A8, 0x3288, 0x3288,
  0x3288, 0x2A48, 0x2A47, 0x2A68, 0x29E7, 0x52A8, 0x3AC9, 0x2208, 0x19E6, 0x20E2, 0x3961, 0x49A3,
  0x49C3, 0x5A03, 0x41A2, 0x41A3, 0x3942, 0x4183, 0x2901, 0x6223, 0x6A43, 0x6A63, 0x82E5, 0x8B05,
  0x8B04, 0x9B86, 0xAC28, 0xA3E7, 0x9366, 0x9B86, 0x9B86, 0x9345, 0x9B66, 0x9366, 0x8B26, 0x7AC4,
  0x3B0B, 0x3AEA, 0x3AE9, 0x3B0A, 0x3B2B, 0x3B2B, 0x3B0B, 0x3B0A, 0x3B0A, 0x3B0A, 0x3B0A, 0x3267,
  0x73EC, 0x4B4A, 0x32EA, 0x32E9, 0x32E9, 0x3AE9, 0x3B0A, 0x3B09, 0x3B0A, 0x3B2A, 0x3B0A, 0x3B0A,
  0x3B0A, 0x3B0A, 0x3B2A, 0x3B2A, 0x432A, 0x432A, 0x32C9, 0x5309, 0x6BAB, 0x32E9, 0x32A8, 0x3AC9,
  0x32A8, 0x32C9, 0x3AC9, 0x3AC9, 0x3AC9, 0x32C9, 0x3AE9, 0x3AE9, 0x3AC9, 0x3AE9, 0x3AE9, 0x3AC9,
  0x3AE9, 0x3B0A, 0x32A9, 0x638B, 0x6BEB, 0x32C9, 0x3AE9, 0x3AE9, 0x3AC8, 0x3AE9, 0x3B09, 0x42E9,
  0x4309, 0x3AE9, 0x3B09, 0x4309, 0x4309, 0x4309, 0x4309, 0x4309, 0x4309, 0x4309, 0x4329, 0x3267,
  0x73CB, 0x7C4D, 0x538B, 0x538B, 0x538B, 0x538B, 0x538B, 0x4B4A, 0x536B, 0x538B, 0x5B8B, 0x5BAB,
  0x536B, 0x538B, 0x538B, 0x538B, 0x538B, 0x5B8B, 0x5B8B, 0x4309, 0x634A, 0x7C6D, 0x536A, 0x4B2A,
  0x4B2A, 0x4B2A, 0x536B, 0x536B, 0x4B4A, 0x4B4A, 0x4B6A, 0x4B4A, 0x4B4A, 0x536B, 0x536B, 0x536B,
  0x536A, 0x538B, 0x538B, 0x536B, 0x4309, 0x636A, 0x740C, 0x434A, 0x4329, 0x4309, 0x4329, 0x4309,
  0x4329, 0x4309, 0x4309, 0x4329, 0x4329, 0x4309, 0x4329, 0x4329, 0x4329, 0x4309, 0x4B29, 0x4B29,
  0x4B49, 0x3B0A, 0x5329, 0x844D, 0x538B, 0x4B6B, 0x536A, 0x4B6B, 0x4B6B, 0x4B6B, 0x4B6B, 0x4B6B,
  0x4B6B, 0x4B6B, 0x4B6B, 0x538B, 0x4B6B, 0x4B6B, 0x536B, 0x4B6B, 0x4B4A, 0x4B4A, 0x538B, 0x32A8,
  0x6B8A, 0x5BAC, 0x3B09, 0x3B09, 0x3B0A, 0x3B0A, 0x432A, 0x432A, 0x3B09, 0x432A, 0x432A, 0x3B0A,
  0x3B0A, 0x434A, 0x434A, 0x432A, 0x432A, 0x434A, 0x432A, 0x434A, 0x32C9, 0x52E8, 0x7C0C, 0x432A,
  0x3B0A, 0x432A, 0x430A, 0x432A, 0x4309, 0x4309, 0x432A, 0x4309, 0x430A, 0x430A, 0x4309, 0x3AE9,
  0x3AE9, 0x430A, 0x430A, 0x432A, 0x432A, 0x3247, 0x6BAB, 0x4B2A, 0x3267, 0x3288, 0x3288, 0x3288,
  0x3288, 0x2A47, 0x3268, 0x3289, 0x21C6, 0x4267, 0x430A, 0x21E7, 0x2207, 0x1903, 0x3942, 0x49A2,
  0x41A2, 0x6223, 0x41A2, 0x41A3, 0x3962, 0x4183, 0x3141, 0x5203, 0x6A43, 0x6223, 0x7AA4, 0x82E5,
  0x8B04, 0x8B25, 0xA3E9, 0xB48A, 0xB469, 0xA3C7, 0x9326, 0x6A63, 0x7284, 0x7263, 0x6A43, 0x6A64,
  0x32EA, 0x32EA, 0x3AEA, 0x3B0A, 0x3B0A, 0x3B0A, 0x3B0B, 0x3B2B, 0x3B0A, 0x432A, 0x32E9, 0x52C9,
  0x6BED, 0x3309, 0x32EA, 0x32EA, 0x32EA, 0x3B0A, 0x3B0A, 0x3AE9, 0x32E9, 0x3B2A, 0x3B0A, 0x3B0A,
  0x3B0A, 0x3B0A, 0x3B0A, 0x3B0A, 0x432A, 0x434A, 0x3288, 0x73AB, 0x63AC, 0x2AC8, 0x3AA9, 0x32A8,
  0x32C9, 0x32A8, 0x32C9, 0x3AC9, 0x32C9, 0x3AC9, 0x3AC9, 0x3AC9, 0x3AC9, 0x3AC9, 0x3AE9, 0x3AE9,
  0x3AE9, 0x3B09, 0x3288, 0x73CC, 0x5BAB, 0x32C9, 0x3AE9, 0x3AC8, 0x3AE9, 0x3AE9, 0x3AE8, 0x4309,
  0x4309, 0x3AE9, 0x3AE9, 0x4309, 0x4309, 0x3AE9, 0x4309, 0x4309, 0x4309, 0x42E9, 0x4309, 0x3A67,
  0x8C6E, 0x6C0C, 0x4B4A, 0x536B, 0x538B, 0x538B, 0x538B, 0x536A, 0x538B, 0x53AB, 0x538B, 0x538B,
  0x5BAB, 0x536A, 0x536A, 0x5BAB, 0x536B, 0x5B8B, 0x5BCB, 0x42E9, 0x7C0C, 0x7C4C, 0x4B4A, 0x4B4A,
  0x4B4A, 0x4B4A, 0x536A, 0x536A, 0x4B4A, 0x4B4A, 0x4B6A, 0x4B4A, 0x4B6A, 0x4B4A, 0x4B4A, 0x4B4A,
  0x536B, 0x536B, 0x536A, 0x538B, 0x3AC8, 0x5B29, 0x63CB, 0x434A, 0x432A, 0x4309, 0x4329, 0x4329,
  0x4309, 0x4309, 0x4329, 0x4309, 0x4329, 0x4B2A, 0x4329, 0x4329, 0x4329, 0x4309, 0x4B29, 0x4329,
  0x536A, 0x3AE9, 0x5B49, 0x844D, 0x4B6A, 0x4B6B, 0x536A, 0x4B4A, 0x4B6B, 0x4B4B, 0x4B4B, 0x4B6B,
  0x4B6B, 0x4B4B, 0x4B8B, 0x538B, 0x4B6A, 0x4B4A, 0x4B4A, 0x536B, 0x536B, 0x536B, 0x538B, 0x32A8,
  0x6B8A, 0x5BAC, 0x3B09, 0x3B0A, 0x3B09, 0x430A, 0x432A, 0x4309, 0x432A, 0x432A, 0x4309, 0x430A,
  0x432A, 0x432A, 0x432A, 0x432A, 0x432A, 0x432A, 0x432A, 0x432A, 0x3AE9, 0x42A7, 0x7C4D, 0x432A,
  0x430A, 0x3B0A, 0x430A, 0x432A, 0x4309, 0x4309, 0x432A, 0x4309, 0x3AE9, 0x4309, 0x3AE9, 0x3B09,
  0x3AE9, 0x3AE9, 0x430A, 0x430A, 0x432A, 0x3288, 0x6B6A, 0x4B2A, 0x3288, 0x3268, 0x3288, 0x2A68,
  0x32A9, 0x2A48, 0x3288, 0x2A68, 0x21E6, 0x3227, 0x4AE9, 0x2207, 0x2207, 0x1944, 0x3142, 0x41A3,
  0x4182, 0x6244, 0x41A2, 0x49A3, 0x4182, 0x4183, 0x3962, 0x4182, 0x6A84, 0x6223, 0x7263, 0x8B05,
  0x82C4, 0x8B25, 0xB489, 0xBCCB, 0x8325, 0x6202, 0x51C2, 0x4182, 0x4982, 0x49A2, 0x4982, 0x3941,
  0x32C9, 0x3B0A, 0x3B0A, 0x3B0A, 0x3B0A, 0x330A, 0x330A, 0x3B2A, 0x3B2A, 0x434B, 0x2A67, 0x6B6A,
  0x5B8C, 0x32E9, 0x32EA, 0x32EA, 0x3B0A, 0x3B0A, 0x3B0A, 0x3AEA, 0x3B0A, 0x3B0A, 0x3B0A, 0x3B2A,
  0x3B2A, 0x3B0A, 0x3B2A, 0x3B2A, 0x3B2A, 0x432A, 0x3A87, 0x73EC, 0x430A, 0x32E9, 0x3AC9, 0x32C9,
  0x32A8, 0x32C9, 0x32C9, 0x3AE9, 0x3AE9, 0x3AC9, 0x3AC9, 0x32C9, 0x32C9, 0x3AC9, 0x3AE9, 0x3AE9,
  0x3AE9, 0x3AE9, 0x42A8, 0x8C4D, 0x4B4A, 0x3AE9, 0x3AE9, 0x3AE9, 0x3AE9, 0x3AE8, 0x3AE9, 0x4309,
  0x3AE9, 0x3B09, 0x3AE9, 0x4309, 0x4309, 0x3AE9, 0x4309, 0x4309, 0x4309, 0x4309, 0x3AE9, 0x3A67,
  0x8C6D, 0x6BEC, 0x4B4A, 0x536B, 0x536A, 0x538A, 0x538B, 0x538B, 0x538B, 0x538B, 0x534A, 0x5BAB,
  0x536A, 0x4B4A, 0x538B, 0x538B, 0x536B, 0x538B, 0x5BAB, 0x3A87, 0x73CB, 0x7C4D, 0x4B4A, 0x4B4A,
  0x4B4A, 0x4B6A, 0x536B, 0x4B6A, 0x4B4A, 0x4B4A, 0x4B4A, 0x4B4A, 0x4B4A, 0x4B4A, 0x4B4A, 0x4B4A,
  0x538B, 0x536B, 0x4B4A, 0x538B, 0x3AA7, 0x6B69, 0x6BEC, 0x4329, 0x432A, 0x432A, 0x4329, 0x4309,
  0x4329, 0x4309, 0x4329, 0x4329, 0x4329, 0x4B2A, 0x4329, 0x4309, 0x4309, 0x432A, 0x4329, 0x4329,
  0x4B4A, 0x3AE9, 0x52E8, 0x7C2C, 0x536A, 0x4B6B, 0x4B4A, 0x4B6A, 0x4B6B, 0x4B6B, 0x4B6B, 0x4B6B,
  0x4B4B, 0x4B4A, 0x4B4A, 0x4B6B, 0x4B6A, 0x4B6B, 0x536B, 0x4B4A, 0x4B6B, 0x4B6B, 0x538B, 0x3AC8,
  0x6B8A, 0x5BAB, 0x3AE9, 0x3B0A, 0x432A, 0x432A, 0x432A, 0x4309, 0x432A, 0x3B09, 0x4329, 0x4309,
  0x430A, 0x432A, 0x432A, 0x432A, 0x432A, 0x432A, 0x432A, 0x434A, 0x3B0A, 0x42A8, 0x740C, 0x432A,
  0x430A, 0x3B09, 0x3AE9, 0x4309, 0x4309, 0x432A, 0x4309, 0x3B09, 0x3AE9, 0x3AE9, 0x3B09, 0x3AE9,
  0x3AE9, 0x3AE9, 0x4309, 0x430A, 0x432A, 0x32A8, 0x6B8B, 0x5B8C, 0x32A8, 0x3288, 0x3268, 0x3288,
  0x32A9, 0x3288, 0x3268, 0x2A27, 0x2A47, 0x21C5, 0x532A, 0x2A48, 0x2207, 0x2185, 0x2922, 0x4183,
  0x4182, 0x6A64, 0x49A2, 0x49A2, 0x4183, 0x4182, 0x4182, 0x3121, 0x6A64, 0x6223, 0x7AA4, 0x7AA3,
  0x9366, 0xAC29, 0x9386, 0x7AA4, 0x6202, 0x6223, 0x72A4, 0x7283, 0x7264, 0x7284, 0x6A43, 0x59C2,
  0x3B0A, 0x3B0A, 0x3B0A, 0x3B0B, 0x3B0B, 0x3B0B, 0x3B0A, 0x3B09, 0x3B0A, 0x330A, 0x3A67, 0x7C0C,
  0x434B, 0x32E9, 0x32EA, 0x32EA, 0x32EA, 0x3B0A, 0x3B0A, 0x3B0A, 0x3B0A, 0x3B0A, 0x3B0A, 0x3B2A,
  0x3B0A, 0x3B2A, 0x3B2A, 0x3B2A, 0x3B2A, 0x32EA, 0x5308, 0x6C0C, 0x32C9, 0x32C9, 0x330A, 0x32C9,
  0x32A8, 0x32C9, 0x3AC9, 0x32C9, 0x3AE9, 0x3AE9, 0x32C9, 0x32C8, 0x3AE9, 0x3AC9, 0x3AE9, 0x3B09,
  0x3AE9, 0x3AE9, 0x4AA8, 0x842D, 0x434A, 0x32C9, 0x3AE9, 0x3AE9, 0x3AE9, 0x3AE8, 0x3AE9, 0x3B09,
  0x3B09, 0x3AE9, 0x3AE9, 0x4309, 0x3AE9, 0x4309, 0x4309, 0x4309, 0x4309, 0x4309, 0x32A8, 0x5B29,
  0x8C4D, 0x5BCC, 0x538B, 0x538B, 0x538B, 0x538B, 0x536B, 0x538B, 0x5B8A, 0x536A, 0x536A, 0x5B8B,
  0x534A, 0x536B, 0x538B, 0x534A, 0x538B, 0x5BAC, 0x5BAB, 0x3AA8, 0x7BEC, 0x6BEC, 0x434A, 0x4B4A,
  0x4B4A, 0x4B4A, 0x4B4A, 0x4B4A, 0x4B4A, 0x4B6A, 0x4B4A, 0x4B4A, 0x4B4A, 0x536B, 0x536B, 0x4B4A,
  0x536B, 0x536B, 0x536A, 0x538B, 0x42E8, 0x738A, 0x5BAB, 0x434A, 0x4329, 0x432A, 0x432A, 0x3AE9,
  0x4309, 0x4329, 0x4329, 0x4329, 0x4309, 0x4309, 0x4309, 0x432A, 0x4309, 0x432A, 0x4309, 0x432A,
  0x4B4A, 0x3B0A, 0x5329, 0x7C0C, 0x4B4A, 0x4B4A, 0x4B4A, 0x434A, 0x4B8B, 0x4B4A, 0x4B6B, 0x4B6B,
  0x4B4A, 0x4B4A, 0x4B4A, 0x4B4A, 0x4B6A, 0x4B6A, 0x538B, 0x4B6B, 0x536B, 0x536B, 0x538B, 0x32A8,
  0x6B8A, 0x5BAB, 0x3AE9, 0x430A, 0x432A, 0x4309, 0x432A, 0x4309, 0x4309, 0x3B09, 0x4329, 0x4329,
  0x4309, 0x432A, 0x432A, 0x3B0A, 0x430A, 0x432A, 0x432A, 0x432A, 0x3AE9, 0x42A8, 0x7C0C, 0x4B6A,
  0x3B09, 0x432A, 0x432A, 0x4309, 0x4309, 0x3AE9, 0x3B09, 0x4309, 0x3AE9, 0x3AC9, 0x3AE9, 0x3AE9,
  0x3AE9, 0x42E9, 0x4309, 0x42EA, 0x432A, 0x32A8, 0x5AE8, 0x536A, 0x3288, 0x2A47, 0x3268, 0x3289,
  0x32A9, 0x3288, 0x2A07, 0x2206, 0x2A68, 0x21A5, 0x52C8, 0x3268, 0x2A28, 0x19A6, 0x2102, 0x4182,
  0x4182, 0x5A03, 0x49C3, 0x4982, 0x4162, 0x3982, 0x4182, 0x3121, 0x5A23, 0x6A44, 0x7284, 0x82E4,
  0xBC6A, 0x8B25, 0x59C1, 0x8305, 0xA3C7, 0x8B05, 0x8AE4, 0x82E4, 0x7A84, 0x7A83, 0x72A3, 0x59E2,
  0x32CA, 0x3AEA, 0x3AEA, 0x32C9, 0x32EA, 0x3B0A, 0x3B0A, 0x3B09, 0x3B2B, 0x3288, 0x5309, 0x6BCC,
  0x3309, 0x2AC9, 0x32EA, 0x32C9, 0x32EA, 0x3B2B, 0x3B0A, 0x3B0A, 0x3B0A, 0x3B0A, 0x3B0A, 0x432A,
  0x3B2A, 0x3B0A, 0x3B0A, 0x3B0A, 0x434B, 0x2A88, 0x636A, 0x5B8C, 0x32C9, 0x3AC9, 0x3AE9, 0x32A8,
  0x32C9, 0x32A8, 0x32C9, 0x32C8, 0x32C9, 0x3AC9, 0x32C8, 0x32A8, 0x3AE9, 0x3AE9, 0x3AE9, 0x3AC8,
  0x4309, 0x32A8, 0x5B4A, 0x63CC, 0x32C8, 0x3AE9, 0x3AE9, 0x3B09, 0x3B09, 0x3AE9, 0x3AC8, 0x3AC8,
  0x3AE9, 0x3AE8, 0x4309, 0x42E9, 0x4309, 0x4309, 0x4309, 0x42E9, 0x3AE8, 0x4309, 0x2A67, 0x6B6A,
  0x848E, 0x536B, 0x4B6A, 0x4B2A, 0x536B, 0x538B, 0x5B8B, 0x536B, 0x5B8B, 0x5B6A, 0x534A, 0x536B,
  0x536B, 0x538B, 0x536B, 0x536B, 0x5B8B, 0x5B8B, 0x536B, 0x4AE9, 0x946D, 0x538A, 0x434A, 0x4B4A,
  0x4B4A, 0x4B4A, 0x4B4A, 0x4B4A, 0x536B, 0x4B6A, 0x4B4A, 0x4B4A, 0x4B4A, 0x4B4A, 0x4B6A, 0x536A,
  0x536B, 0x536B, 0x536A, 0x4B6A, 0x42A8, 0x7BCB, 0x536A, 0x432A, 0x4329, 0x4309, 0x432A, 0x4309,
  0x3B09, 0x4309, 0x4329, 0x4329, 0x4329, 0x4309, 0x4309, 0x432A, 0x3AE9, 0x4309, 0x4B2A, 0x4329,
  0x4B4A, 0x3AE9, 0x6B8A, 0x7C2D, 0x538A, 0x4B6A, 0x4B4A, 0x4309, 0x4B6A, 0x4B6B, 0x4B4A, 0x4B6B,
  0x4B6B, 0x432A, 0x434A, 0x4B4B, 0x4B4B, 0x4B4A, 0x432A, 0x4B4A, 0x4B4A, 0x536B, 0x53AB, 0x3AC8,
  0x6B8A, 0x5BAB, 0x3B0A, 0x3B2A, 0x3B09, 0x3B09, 0x4309, 0x3B09, 0x3B0A, 0x3B0A, 0x3B09, 0x3B09,
  0x3B09, 0x432A, 0x430A, 0x430A, 0x432A, 0x432A, 0x430A, 0x432A, 0x3B0A, 0x3288, 0x6B8A, 0x4B4B,
  0x3B2A, 0x432A, 0x3B09, 0x3AE9, 0x4309, 0x4309, 0x3AE9, 0x3AE9, 0x3AE9, 0x3AE9, 0x3AE9, 0x3AE9,
  0x3AE9, 0x32A8, 0x3AE9, 0x32C9, 0x3AE9, 0x32C9, 0x52C8, 0x6BCC, 0x32A9, 0x3268, 0x2A48, 0x2A68,
  0x2A68, 0x2A48, 0x2A27, 0x2A27, 0x3248, 0x1985, 0x52A8, 0x52E9, 0x2228, 0x21E6, 0x2123, 0x3962,
  0x4182, 0x5203, 0x51E3, 0x4182, 0x3962, 0x4162, 0x4183, 0x3121, 0x49C3, 0x6243, 0x6A63, 0xA407,
  0x9346, 0x4981, 0x7283, 0xB48A, 0xAC48, 0x9345, 0x9325, 0x8B05, 0x82C4, 0x7283, 0x7AA4, 0x6A43,
  0x2A69, 0x2A89, 0x32CA, 0x3AEA, 0x3B0B, 0x3B0A, 0x3B09, 0x3B0A, 0x3B2A, 0x3247, 0x6B8A, 0x538B,
  0x32E9, 0x330A, 0x32EA, 0x3B0A, 0x3B0A, 0x3B2A, 0x3B2A, 0x3B2A, 0x3B0A, 0x3B0A, 0x3B2A, 0x3B0A,
  0x3B0A, 0x3B09, 0x3B0A, 0x3B0A, 0x432A, 0x3288, 0x6BAB, 0x4309, 0x32C9, 0x32C9, 0x32A8, 0x3AC9,
  0x3AE9, 0x32C9, 0x3AE9, 0x3AC9, 0x3AC9, 0x3AC9, 0x3AC9, 0x32C8, 0x3AE9, 0x3AE9, 0x3AE9, 0x3AE9,
  0x432A, 0x3288, 0x73AB, 0x5BCB, 0x3AC8, 0x3AC9, 0x3AE9, 0x3B09, 0x3AE9, 0x3AE9, 0x3AE8, 0x3AC8,
  0x3AC9, 0x3AE8, 0x42E8, 0x42E9, 0x4309, 0x4309, 0x4309, 0x4309, 0x4309, 0x4329, 0x3287, 0x73AA,
  0x7C4D, 0x536B, 0x4B2A, 0x4B6A, 0x4B4A, 0x4B4A, 0x538B, 0x538B, 0x536B, 0x534A, 0x536A, 0x4B4A,
  0x536B, 0x53AB, 0x538B, 0x536B, 0x538B, 0x536B, 0x4B6B, 0x42C8, 0x842C, 0x5BAB, 0x4B4A, 0x4B2A,
  0x4B4A, 0x536A, 0x4B4A, 0x4B4A, 0x4B6A, 0x536A, 0x4B4A, 0x4B6A, 0x4B4A, 0x536A, 0x536A, 0x536B,
  0x4B4A, 0x4B6A, 0x536B, 0x4B4A, 0x3A87, 0x8C6D, 0x5B8B, 0x4309, 0x4309, 0x4309, 0x4309, 0x4309,
  0x4309, 0x4329, 0x4329, 0x4309, 0x4329, 0x4309, 0x4309, 0x4309, 0x4329, 0x4329, 0x432A, 0x434A,
  0x434A, 0x3AC9, 0x6B8A, 0x7C2D, 0x536A, 0x4B4A, 0x4B8B, 0x4B6A, 0x4B4A, 0x4B6A, 0x4B4A, 0x4B6B,
  0x4B6B, 0x4B4A, 0x4B4A, 0x4B6B, 0x4B6A, 0x4B4A, 0x4B4A, 0x4B6B, 0x4B4A, 0x4B4A, 0x53AB, 0x3AE9,
  0x6B6A, 0x5B8A, 0x3B0A, 0x3B2A, 0x3B0A, 0x3B09, 0x3AE9, 0x3B09, 0x3B0A, 0x430A, 0x3B09, 0x3AE9,
  0x3B09, 0x3AE9, 0x430A, 0x432A, 0x430A, 0x430A, 0x3AE9, 0x3AE9, 0x432A, 0x2A47, 0x6BAA, 0x536B,
  0x3B0A, 0x3B0A, 0x432A, 0x4309, 0x3AE9, 0x3AC8, 0x3AE9, 0x3AC8, 0x3AE9, 0x3AE9, 0x3AE9, 0x430A,
  0x3B09, 0x32A8, 0x3AC9, 0x32A8, 0x32A8, 0x32C9, 0x52C8, 0x6BCC, 0x32A8, 0x2A47, 0x2A27, 0x3288,
  0x2A47, 0x2A27, 0x2A27, 0x2206, 0x2A27, 0x21C6, 0x4A88, 0x4AE9, 0x2228, 0x21E7, 0x2123, 0x3962,
  0x41A3, 0x41A2, 0x5204, 0x4182, 0x4182, 0x3962, 0x3982, 0x3141, 0x4182, 0x6A43, 0x82E5, 0x9366,
  0x49C2, 0x59E2, 0x9346, 0xAC08, 0xAC49, 0x9B66, 0x9325, 0x8B25, 0x8B05, 0x7263, 0x7AA4, 0x7263,
  0x2ACA, 0x32EA, 0x32EA, 0x32EA, 0x3B0A, 0x3B0A, 0x3B09, 0x3B0A, 0x3AC9, 0x4287, 0x73EC, 0x334A,
  0x32CA, 0x32EA, 0x3309, 0x3B0A, 0x3B0A, 0x3B0A, 0x3B0A, 0x3B0A, 0x3B2A, 0x3B0A, 0x3B2A, 0x3B0A,
  0x3B0A, 0x3B2A, 0x3B0A, 0x3B2A, 0x32E9, 0x42A8, 0x740D, 0x3309, 0x32C9, 0x32C8, 0x32A8, 0x3AC9,
  0x3AC9, 0x3AC9, 0x32C9, 0x32C9, 0x32C9, 0x3AC9, 0x3AC9, 0x32A8, 0x3AE9, 0x3AE9, 0x3AE9, 0x3B09,
  0x3B09, 0x3A67, 0x840D, 0x436A, 0x3AE9, 0x3AE9, 0x3AE9, 0x3AE9, 0x3AE9, 0x4309, 0x3AE8, 0x3AE9,
  0x3AE9, 0x42E9, 0x42E8, 0x42E9, 0x4309, 0x3B09, 0x4309, 0x4309, 0x4329, 0x432A, 0x3267, 0x83EC,
  0x742C, 0x536B, 0x538B, 0x538B, 0x538B, 0x538B, 0x536A, 0x538B, 0x536B, 0x4329, 0x4B6A, 0x538B,
  0x536B, 0x4B4A, 0x538B, 0x536B, 0x536B, 0x538B, 0x432A, 0x5B4A, 0x8C6D, 0x536B, 0x4B2A, 0x4B2A,
  0x4B4A, 0x4B4A, 0x4B4A, 0x4B4A, 0x4B4A, 0x4B4A, 0x4B4A, 0x4B4A, 0x4B4A, 0x536A, 0x4B4A, 0x4B2A,
  0x4B4A, 0x4B6A, 0x536B, 0x4B6B, 0x4287, 0x842C, 0x536A, 0x4309, 0x4309, 0x432A, 0x4309, 0x4309,
  0x3B09, 0x3B09, 0x4309, 0x4309, 0x4309, 0x4329, 0x4329, 0x4309, 0x4329, 0x4329, 0x432A, 0x4329,
  0x4B4A, 0x3288, 0x73AA, 0x7C4D, 0x4B4A, 0x432A, 0x4B4A, 0x4B4A, 0x4B4A, 0x4B6B, 0x538B, 0x4B4B,
  0x4B6B, 0x434A, 0x432A, 0x4B6B, 0x4B4A, 0x4B4A, 0x534A, 0x536B, 0x536B, 0x4B6B, 0x538B, 0x3AC8,
  0x73AA, 0x63CB, 0x3B0A, 0x3B2A, 0x3B09, 0x4309, 0x3B09, 0x3B09, 0x3B09, 0x3AE9, 0x430A, 0x430A,
  0x430A, 0x430A, 0x3B0A, 0x3B09, 0x3B09, 0x430A, 0x430A, 0x430A, 0x432A, 0x3288, 0x73CB, 0x536B,
  0x3AE9, 0x3B09, 0x4309, 0x3AE9, 0x3B09, 0x3B09, 0x3AE9, 0x3AE9, 0x3AA8, 0x3AC8, 0x3AC9, 0x3AC9,
  0x3AE9, 0x430A, 0x3AE9, 0x3AE9, 0x3AC9, 0x3B09, 0x3A47, 0x5B4A, 0x32A8, 0x2A47, 0x2A47, 0x2A68,
  0x2A47, 0x2A27, 0x2206, 0x2206, 0x2A07, 0x2A07, 0x31E5, 0x5309, 0x2248, 0x2207, 0x1944, 0x3122,
  0x49C3, 0x4182, 0x5204, 0x49A2, 0x3982, 0x3942, 0x3982, 0x3962, 0x3121, 0x6243, 0x9346, 0x51C2,
  0x4181, 0x8AE5, 0x9345, 0xA3C7, 0xB449, 0xA3A7, 0x9325, 0x8AE4, 0x8AE5, 0x7242, 0x7AC4, 0x7284,
  0x32EA, 0x32EA, 0x32E9, 0x32E9, 0x3AEA, 0x3AE9, 0x32E9, 0x3B2B, 0x2A47, 0x6B8B, 0x63ED, 0x32E9,
  0x32CA, 0x32C9, 0x32EA, 0x32E9, 0x330A, 0x3B0A, 0x3B0A, 0x3B0A, 0x3B0A, 0x3B2A, 0x3B2A, 0x3B2A,
  0x3B2A, 0x3B2A, 0x3B09, 0x3B4B, 0x3288, 0x636A, 0x63CC, 0x32E9, 0x32A8, 0x32A8, 0x3AC9, 0x32C9,
  0x32C9, 0x3AC9, 0x32C9, 0x32C9, 0x32C9, 0x32A8, 0x32C8, 0x32C8, 0x3AE9, 0x32E9, 0x3AE9, 0x3B0A,
  0x32A8, 0x4AA8, 0x740D, 0x3B09, 0x32E9, 0x3AC8, 0x3AE9, 0x3AE9, 0x3AE9, 0x3AE9, 0x3AE8, 0x3AE9,
  0x3B09, 0x3AE9, 0x3AE8, 0x4309, 0x4309, 0x4329, 0x4309, 0x4309, 0x4329, 0x3B09, 0x42C8, 0x840C,
  0x6BCB, 0x536B, 0x538B, 0x5B8B, 0x5BAB, 0x5B8B, 0x534A, 0x538B, 0x538B, 0x4B4A, 0x4B4A, 0x538B,
  0x536B, 0x536B, 0x538B, 0x538B, 0x536B, 0x538B, 0x430A, 0x6329, 0x844C, 0x536B, 0x4B4A, 0x4B4A,
  0x4B4A, 0x4B4A, 0x4B4A, 0x4B4A, 0x4B4A, 0x4B4A, 0x4B4A, 0x4B4A, 0x4B4A, 0x536A, 0x536B, 0x4B4A,
  0x4B4A, 0x4B4A, 0x4B6B, 0x4B4A, 0x4AE9, 0x844C, 0x4B6A, 0x3B09, 0x4329, 0x4309, 0x4309, 0x4329,
  0x3B09, 0x3B09, 0x4329, 0x4309, 0x4329, 0x4329, 0x4329, 0x4329, 0x4309, 0x4329, 0x434A, 0x434A,
  0x434A, 0x3288, 0x6B8A, 0x6C2D, 0x4B6A, 0x4B6B, 0x4B2A, 0x4B4A, 0x4B4A, 0x4B6A, 0x4B6B, 0x4B6B,
  0x4B4B, 0x4B4B, 0x4B4A, 0x4B6B, 0x4B6B, 0x4B4A, 0x4B4A, 0x4B2A, 0x4B6B, 0x4B6B, 0x538B, 0x3AC8,
  0x6349, 0x63CB, 0x3B09, 0x3B2A, 0x3AE9, 0x3B09, 0x3AE9, 0x3AE9, 0x3B0A, 0x3B0A, 0x430A, 0x3B0A,
  0x3AE9, 0x3AE9, 0x3B0A, 0x3AE9, 0x3AE9, 0x430A, 0x430A, 0x432A, 0x3B2A, 0x3287, 0x842C, 0x63CC,
  0x4329, 0x3AE9, 0x4309, 0x3AC9, 0x3AE9, 0x4309, 0x32C8, 0x3AC9, 0x3AA8, 0x3AC8, 0x32A8, 0x3AC9,
  0x3AC9, 0x3AC9, 0x32C9, 0x3AC9, 0x32A8, 0x3AE9, 0x3268, 0x73AB, 0x4309, 0x2A67, 0x2A47, 0x2A27,
  0x2A47, 0x3247, 0x2206, 0x2A07, 0x2A07, 0x21E6, 0x29E5, 0x5B4A, 0x2A68, 0x2207, 0x2185, 0x3122,
  0x4183, 0x4182, 0x5A04, 0x51E3, 0x3962, 0x3142, 0x3962, 0x3962, 0x20C0, 0x6243, 0x7AE5, 0x4162,
  0x7263, 0x9304, 0x9325, 0xA3C7, 0xB449, 0xA3C7, 0x9B66, 0x9305, 0x8B05, 0x7AA4, 0x7284, 0x82C4,
  0x3AEA, 0x32EA, 0x32E9, 0x32C9, 0x32CA, 0x32C9, 0x32E9, 0x3B0A, 0x3A67, 0x73AB, 0x434B, 0x32AA,
  0x32EA, 0x32EA, 0x32EA, 0x32E9, 0x32C9, 0x330A, 0x32EA, 0x3AEA, 0x3B0A, 0x3B0A, 0x3B0A, 0x3B0A,
  0x3B2A, 0x3B2A, 0x3B0A, 0x3B2B, 0x2A68, 0x73CC, 0x4B6B, 0x32A9, 0x32A8, 0x3A88, 0x32C9, 0x32C9,
  0x32A8, 0x32C8, 0x3AC9, 0x32C8, 0x32C8, 0x32C8, 0x32C8, 0x3AC9, 0x3AE9, 0x3B09, 0x3AEA, 0x3B2A,
  0x3287, 0x5B29, 0x642D, 0x3AE9, 0x32E9, 0x3AE8, 0x3AE9, 0x3AE9, 0x3AE9, 0x3AE9, 0x3AE8, 0x3AE9,
  0x432A, 0x3B09, 0x3AE8, 0x3AE8, 0x4309, 0x4329, 0x4309, 0x3AE9, 0x4329, 0x32E9, 0x4AC8, 0x946E,
  0x63CB, 0x538B, 0x536B, 0x538B, 0x538B, 0x536A, 0x4B4A, 0x4B4A, 0x536A, 0x538B, 0x4B6B, 0x538B,
  0x536A, 0x5B8B, 0x536B, 0x536A, 0x4B4A, 0x536A, 0x42E9, 0x73AA, 0x844C, 0x536B, 0x4B4A, 0x4B4A,
  0x4B4A, 0x4B4A, 0x4B4A, 0x4B4A, 0x4B4A, 0x4B4A, 0x4B2A, 0x4B4A, 0x4B4A, 0x536A, 0x4B4A, 0x4B4A,
  0x4B6A, 0x4B6A, 0x4B4B, 0x4309, 0x5309, 0x8C6D, 0x4B4A, 0x4309, 0x4309, 0x4309, 0x4329, 0x3B09,
  0x3B09, 0x3B09, 0x4309, 0x4329, 0x4329, 0x4309, 0x4309, 0x432A, 0x4309, 0x4329, 0x4B49, 0x4329,
  0x434A, 0x3288, 0x6BAA, 0x6BEC, 0x434A, 0x4B4A, 0x4B4A, 0x4B4A, 0x4B6A, 0x4B6A, 0x4B6A, 0x432A,
  0x434A, 0x4B4A, 0x432A, 0x4B4A, 0x4B4A, 0x4B4A, 0x4B4A, 0x4B4A, 0x4B4B, 0x432A, 0x4B8B, 0x3AA8,
  0x6349, 0x63CB, 0x3B09, 0x3B09, 0x3B09, 0x3AE9, 0x3AE9, 0x3B09, 0x3B09, 0x3AE9, 0x3B09, 0x3AE9,
  0x3AE9, 0x3AE9, 0x3AE9, 0x3B09, 0x3B09, 0x430A, 0x3B09, 0x430A, 0x3B2A, 0x3287, 0x73CB, 0x63AB,
  0x4309, 0x3B09, 0x4309, 0x3AE9, 0x3AE9, 0x3AE9, 0x4309, 0x3AC9, 0x3AC9, 0x3AC9, 0x32A8, 0x3AC9,
  0x3AC8, 0x32A8, 0x32A8, 0x3AC8, 0x32A8, 0x32A8, 0x2A47, 0x5B09, 0x42C8, 0x2A47, 0x2A27, 0x2A06,
  0x2A26, 0x2A27, 0x2206, 0x21E6, 0x2A07, 0x2A07, 0x21A5, 0x52E9, 0x3268, 0x21E7, 0x2186, 0x2102,
  0x4183, 0x4982, 0x59E3, 0x5A03, 0x4162, 0x3962, 0x4182, 0x4162, 0x3142, 0x8326, 0x5A02, 0x59C2,
  0x82C4, 0x8AE4, 0x9325, 0xA3C7, 0xB46A, 0xA3E7, 0x9B86, 0x8B04, 0x82E4, 0x7AC4, 0x6A22, 0x7AA4,
  0x3B0A, 0x430A, 0x3B0A, 0x3B0A, 0x3B0A, 0x430A, 0x3B2A, 0x3289, 0x4A88, 0x744D, 0x434B, 0x3B0B,
  0x330A, 0x330A, 0x3AEA, 0x3B0A, 0x3AE9, 0x3B0A, 0x3B2A, 0x3B0A, 0x3B2A, 0x3B2A, 0x3B2A, 0x3B2A,
  0x3B2A, 0x3B2A, 0x432A, 0x330A, 0x4287, 0x7C2D, 0x434A, 0x32C8, 0x32E9, 0x32E9, 0x32E9, 0x32E9,
  0x32C9, 0x3AC9, 0x3AC9, 0x32C9, 0x3AC9, 0x32C9, 0x3AE9, 0x3B0A, 0x3AC9, 0x3AE9, 0x3AE9, 0x432A,
  0x3268, 0x73AB, 0x742D, 0x3B09, 0x32E9, 0x3B09, 0x3AE9, 0x3AE9, 0x3AE9, 0x3AE9, 0x4309, 0x430A,
  0x4309, 0x3B09, 0x4329, 0x4309, 0x4309, 0x432A, 0x432A, 0x4309, 0x432A, 0x32A8, 0x6328, 0x94AE,
  0x63EC, 0x534A, 0x5BAB, 0x5BAB, 0x5BAB, 0x538A, 0x536A, 0x538C, 0x538B, 0x536A, 0x5BAB, 0x53AB,
  0x536A, 0x5BAB, 0x5B8B, 0x4B4A, 0x4B6A, 0x5BAC, 0x42C9, 0x7C0B, 0x742D, 0x536B, 0x536A, 0x534A,
  0x536B, 0x536B, 0x536A, 0x536B, 0x4B4A, 0x4B4A, 0x536B, 0x4B4A, 0x4B6A, 0x53AB, 0x4B6A, 0x4B6A,
  0x536A, 0x536A, 0x4B6B, 0x432A, 0x52E8, 0x742D, 0x4B4A, 0x4329, 0x4329, 0x4309, 0x4329, 0x4309,
  0x42E9, 0x4329, 0x4329, 0x4329, 0x4329, 0x432A, 0x432A, 0x4B29, 0x4329, 0x4329, 0x4B4A, 0x4329,
  0x4B4A, 0x3288, 0x73AB, 0x744E, 0x538B, 0x4B4A, 0x4B6A, 0x536A, 0x538A, 0x4B6B, 0x4B6A, 0x4B6B,
  0x4B6B, 0x4B6B, 0x434A, 0x4B6B, 0x4B6B, 0x536B, 0x4B4A, 0x4B6B, 0x4B6B, 0x4B4B, 0x538B, 0x3AA8,
  0x5B29, 0x744D, 0x432A, 0x3B09, 0x4309, 0x4309, 0x4309, 0x3B2A, 0x3B0A, 0x3B09, 0x3B09, 0x3AE9,
  0x3AE9, 0x3AE9, 0x432A, 0x3B0A, 0x3AE9, 0x432A, 0x432A, 0x432A, 0x432A, 0x3288, 0x5B29, 0x7C4D,
  0x432A, 0x3AE9, 0x4309, 0x4309, 0x4309, 0x430A, 0x430A, 0x3AE9, 0x3AE9, 0x3AC8, 0x3AC9, 0x3AE9,
  0x3AC9, 0x3AC8, 0x3AC9, 0x3AC8, 0x3AA8, 0x3AC9, 0x2A47, 0x5AE8, 0x63AB, 0x32A9, 0x2A27, 0x2A47,
  0x2A48, 0x2A27, 0x2207, 0x2A07, 0x2207, 0x2A07, 0x1965, 0x52E9, 0x42CA, 0x21E6, 0x21C6, 0x2123,
  0x4182, 0x49A3, 0x49C3, 0x5A03, 0x3962, 0x4183, 0x4162, 0x3962, 0x3142, 0x72C4, 0x3941, 0x5A02,
  0x82E4, 0x7AC4, 0x8B25, 0x9B66, 0xAC28, 0xAC29, 0x9BA7, 0x9325, 0x8B04, 0x82E4, 0x6A43, 0x7284,
  0x3B0A, 0x4309, 0x430A, 0x430A, 0x532A, 0x534B, 0x432B, 0x2A06, 0x6329, 0x534A, 0x434B, 0x3B0A,
  0x430A, 0x432A, 0x430A, 0x4B4B, 0x4B4B, 0x4B2A, 0x4309, 0x4B2A, 0x432B, 0x432B, 0x432B, 0x432B,
  0x3B0A, 0x432A, 0x4B4B, 0x2247, 0x52E8, 0x5B6A, 0x434A, 0x3AE9, 0x3B2A, 0x3B0A, 0x3AC9, 0x32C9,
  0x3AEA, 0x3AEA, 0x3AC9, 0x32C9, 0x32A9, 0x32C9, 0x3AEA, 0x3AEA, 0x3B0A, 0x3B0A, 0x3B0A, 0x3AEA,
  0x2A27, 0x6B8B, 0x5B8C, 0x3B2B, 0x3B0A, 0x430A, 0x430A, 0x3AEA, 0x3AE9, 0x430A, 0x430A, 0x3AEA,
  0x430A, 0x42E9, 0x430A, 0x3B0A, 0x3B09, 0x432A, 0x432A, 0x3AE9, 0x430A, 0x2227, 0x6B8A, 0x844D,
  0x63CC, 0x5B6B, 0x5B8C, 0x5B8B, 0x63AB, 0x6BCB, 0x5B6B, 0x536B, 0x532A, 0x532A, 0x538B, 0x536C,
  0x534B, 0x5B8B, 0x538B, 0x536B, 0x430A, 0x4B2A, 0x3268, 0x73CB, 0x638C, 0x538C, 0x534A, 0x4B2A,
  0x4B2A, 0x4B4A, 0x4B4A, 0x4B4A, 0x434A, 0x432A, 0x4B2A, 0x4B2A, 0x4B4B, 0x430A, 0x4B2A, 0x4B2A,
  0x4309, 0x4309, 0x4B29, 0x3267, 0x5AE8, 0x73EC, 0x536A, 0x42E9, 0x430A, 0x430A, 0x42E9, 0x3AE9,
  0x3AC8, 0x4309, 0x4309, 0x3B09, 0x3AE9, 0x4309, 0x432A, 0x42E9, 0x3AE9, 0x432A, 0x432A, 0x430A,
  0x430A, 0x2A06, 0x73CB, 0x6BCC, 0x538B, 0x4B2A, 0x4309, 0x536A, 0x4B29, 0x4B29, 0x4B29, 0x4B6A,
  0x4B4A, 0x42E9, 0x4B4A, 0x4B4B, 0x430A, 0x432A, 0x3AE9, 0x3AEA, 0x3AEA, 0x3AC9, 0x430A, 0x2A27,
  0x5B29, 0x6BCC, 0x430A, 0x3AE9, 0x3AE9, 0x430A, 0x430A, 0x3AEA, 0x3AE9, 0x3AE9, 0x3AE9, 0x3AE9,
  0x3AE9, 0x3AE9, 0x3AEA, 0x3B0A, 0x32C9, 0x32C9, 0x3AEA, 0x3AE9, 0x3AEA, 0x2206, 0x5B29, 0x63AB,
  0x432A, 0x3AC9, 0x3AEA, 0x430A, 0x3AA9, 0x42EA, 0x3AC9, 0x32A9, 0x32C9, 0x3AC9, 0x3ACA, 0x3AC9,
  0x3AC9, 0x32A8, 0x3AA9, 0x3AC9, 0x3288, 0x3AC9, 0x2247, 0x52C8, 0x5B4A, 0x2A89, 0x21E6, 0x2207,
  0x2A48, 0x2A48, 0x2207, 0x2A28, 0x2A07, 0x2207, 0x1144, 0x4287, 0x42EA, 0x21C6, 0x21E7, 0x1903,
  0x3941, 0x49C3, 0x49C3, 0x6244, 0x4182, 0x3982, 0x4162, 0x3983, 0x3142, 0x5A02, 0x3941, 0x5A03,
  0x7AC4, 0x82C4, 0x8B05, 0x9345, 0xA3C7, 0xAC08, 0xA3C7, 0x9345, 0x8B04, 0x82E5, 0x7263, 0x6A23,
  0x3A67, 0x4267, 0x3A67, 0x3A67, 0x3A46, 0x3A26, 0x3A48, 0x4246, 0x842B, 0x52E9, 0x42A8, 0x4AC9,
  0x52C9, 0x4AA8, 0x52C8, 0x42C9, 0x4AE9, 0x5309, 0x5B2A, 0x52E8, 0x52C8, 0x4AA7, 0x52C8, 0x4AC7,
  0x4AC8, 0x42A8, 0x3A67, 0x3A67, 0x842C, 0x636A, 0x4287, 0x4AA8, 0x4288, 0x52C8, 0x5B09, 0x5329,
  0x5309, 0x52E8, 0x4AC8, 0x5308, 0x5B29, 0x5309, 0x5309, 0x5309, 0x4AA7, 0x4287, 0x42A8, 0x4267,
  0x5AC7, 0x8C2C, 0x4287, 0x42A8, 0x3A67, 0x4A87, 0x4AC8, 0x52E8, 0x5B29, 0x5B29, 0x5B49, 0x5309,
  0x4AE9, 0x5B09, 0x5B09, 0x4B09, 0x42C7, 0x4AA7, 0x52C8, 0x4AC7, 0x4266, 0x4A66, 0x9C8D, 0x6329,
  0x4287, 0x42A7, 0x4287, 0x4AC8, 0x52A7, 0x5AE8, 0x52C8, 0x4AE8, 0x5AE8, 0x5AE7, 0x5B29, 0x52E9,
  0x52C7, 0x52C7, 0x52E8, 0x5B09, 0x52E8, 0x52C8, 0x6329, 0xA4CD, 0x5AE8, 0x52E8, 0x5AE8, 0x4AA7,
  0x52C7, 0x5B49, 0x5B49, 0x5B49, 0x5B4A, 0x638A, 0x6B89, 0x6349, 0x5B09, 0x5B08, 0x5B08, 0x6349,
  0x5B28, 0x52E8, 0x5B49, 0x42A8, 0x83CA, 0x7BCA, 0x4286, 0x52C8, 0x4AA7, 0x5B08, 0x636A, 0x636A,
  0x5B08, 0x5B29, 0x5B29, 0x52E8, 0x5B08, 0x5308, 0x5B28, 0x5B08, 0x52C7, 0x5B08, 0x4286, 0x4286,
  0x4AA7, 0x4A66, 0x9C6C, 0x636A, 0x42A7, 0x4AA7, 0x42A7, 0x4AA7, 0x52E8, 0x52C8, 0x52C8, 0x52C8,
  0x52C8, 0x5286, 0x4A86, 0x52E8, 0x52E8, 0x52E8, 0x5329, 0x5308, 0x5308, 0x5308, 0x5308, 0x42C8,
  0x840C, 0x73AA, 0x42A7, 0x4AE9, 0x4AC8, 0x52E8, 0x5B49, 0x5B49, 0x5308, 0x5308, 0x5B49, 0x5B29,
  0x5B09, 0x5AE8, 0x5B09, 0x5B09, 0x5309, 0x5309, 0x52C8, 0x4AA7, 0x52E8, 0x4266, 0x83AA, 0x7BA9,
  0x4287, 0x4287, 0x4287, 0x4AA7, 0x4AC8, 0x5B08, 0x5308, 0x52E8, 0x4AE8, 0x4AC8, 0x4A87, 0x4AA7,
  0x5308, 0x52E8, 0x5309, 0x52E8, 0x4246, 0x4A87, 0x3A26, 0x6B49, 0x7B89, 0x3A47, 0x4267, 0x3205,
  0x3A05, 0x3A26, 0x3206, 0x3A06, 0x3206, 0x3A06, 0x31C5, 0x5AA7, 0x5AE8, 0x31E5, 0x3A06, 0x2123,
  0x3142, 0x51E3, 0x49A2, 0x6244, 0x41A2, 0x3962, 0x4182, 0x3962, 0x3142, 0x6244, 0x4162, 0x5203,
  0x7A84, 0x82C4, 0x8B04, 0x9345, 0x9B86, 0xAC29, 0xA3E8, 0x9345, 0x8B04, 0x8B25, 0x7AA4, 0x6223,
  0x3A48, 0x4267, 0x4288, 0x3268, 0x3267, 0x3A67, 0x3206, 0x6B49, 0x6369, 0x42C8, 0x42E9, 0x42E8,
  0x4AE8, 0x42C8, 0x42E9, 0x42A9, 0x42E9, 0x4B09, 0x5329, 0x4AE8, 0x4AE8, 0x42A8, 0x42A8, 0x4AE8,
  0x4AE8, 0x4AC8, 0x3A67, 0x4A87, 0x840B, 0x52E9, 0x4AE9, 0x4B09, 0x42E9, 0x4AE9, 0x5329, 0x5B4A,
  0x534A, 0x532A, 0x4AE8, 0x5329, 0x5329, 0x4AE9, 0x4B09, 0x4AE8, 0x42A7, 0x42C8, 0x4AE9, 0x3246,
  0x6B6A, 0x7BEB, 0x532A, 0x4329, 0x42E9, 0x42E9, 0x4B0A, 0x534A, 0x5B8B, 0x5B8B, 0x534A, 0x4B2A,
  0x4B2A, 0x534B, 0x534B, 0x4B2B, 0x42E9, 0x4B09, 0x4B2A, 0x4309, 0x42C8, 0x5B09, 0x946C, 0x5B29,
  0x532A, 0x4B09, 0x4AE9, 0x4B09, 0x4AE8, 0x5309, 0x5329, 0x4B29, 0x4B29, 0x534A, 0x4B2A, 0x4B2A,
  0x532A, 0x4B09, 0x4B29, 0x534A, 0x536B, 0x4AE9, 0x6329, 0x948D, 0x5349, 0x534A, 0x5B4A, 0x532A,
  0x532A, 0x534A, 0x534A, 0x532A, 0x534A, 0x5B6A, 0x5B6A, 0x5B4A, 0x532A, 0x5329, 0x5329, 0x534A,
  0x534A, 0x534A, 0x5B6A, 0x4287, 0x7B89, 0x6B8A, 0x4B08, 0x4B09, 0x4B09, 0x5329, 0x5329, 0x534A,
  0x5329, 0x532A, 0x534A, 0x4B09, 0x5329, 0x5329, 0x534A, 0x4B09, 0x5329, 0x5B29, 0x42A7, 0x4AE8,
  0x5309, 0x4287, 0x8C0B, 0x6349, 0x5B49, 0x5329, 0x5309, 0x5329, 0x534A, 0x5329, 0x5329, 0x5349,
  0x5329, 0x5B29, 0x5308, 0x5329, 0x5B6A, 0x534A, 0x536A, 0x534A, 0x534A, 0x534A, 0x5B6A, 0x42C8,
  0x7389, 0x73CA, 0x5B4A, 0x5329, 0x5329, 0x5329, 0x5B6A, 0x5B8A, 0x5B6A, 0x5B4A, 0x5B6B, 0x5B4A,
  0x5B2A, 0x5329, 0x5329, 0x5309, 0x5329, 0x5B4A, 0x5309, 0x5309, 0x534A, 0x42A8, 0x6B69, 0x73AA,
  0x42A7, 0x42A7, 0x42A8, 0x4AE9, 0x4AE8, 0x42A8, 0x4AE8, 0x4AC8, 0x4AE8, 0x42C8, 0x42A7, 0x42A7,
  0x42C8, 0x42C8, 0x4AE9, 0x42A8, 0x3A88, 0x4288, 0x3226, 0x52A8, 0x7BCA, 0x3A67, 0x3A88, 0x3A47,
  0x3A47, 0x3A68, 0x3247, 0x3247, 0x3227, 0x3247, 0x29E6, 0x4247, 0x5B09, 0x2A07, 0x3228, 0x2144,
  0x3121, 0x51E3, 0x49A2, 0x6223, 0x51E3, 0x3962, 0x3962, 0x3962, 0x2901, 0x4183, 0x49A3, 0x5A03,
  0x6A43, 0x82C4, 0x82E4, 0x9325, 0x9B66, 0xAC29, 0xA408, 0x9366, 0x8B04, 0x82E4, 0x7AA4, 0x6223,
  0x2A88, 0x2A68, 0x3288, 0x2A89, 0x3268, 0x3289, 0x2206, 0x6BAB, 0x5B8C, 0x3288, 0x32A8, 0x32A8,
  0x32A8, 0x32A9, 0x32C9, 0x2AA9, 0x32C9, 0x32A8, 0x32A8, 0x32A8, 0x3AC9, 0x32A8, 0x3AE9, 0x3AE9,
  0x32C9, 0x3AE9, 0x32A9, 0x42A8, 0x740B, 0x3B0A, 0x32C9, 0x3AE9, 0x3AE9, 0x3AC9, 0x3AC9, 0x3AE9,
  0x32C9, 0x3AC9, 0x32A8, 0x3AC8, 0x3AC8, 0x3AC9, 0x3AC9, 0x3AC9, 0x3AC8, 0x3AE9, 0x430A, 0x2A68,
  0x634A, 0x744E, 0x4BAC, 0x436B, 0x3B4B, 0x434B, 0x3B4B, 0x436C, 0x3B4B, 0x434B, 0x3B4B, 0x3B4B,
  0x3B4B, 0x3B2A, 0x3B4B, 0x332B, 0x434B, 0x434B, 0x3B4C, 0x3B4B, 0x3B0A, 0x4AC8, 0x846D, 0x53AD,
  0x3B4B, 0x3B4C, 0x434B, 0x432B, 0x436B, 0x434B, 0x436B, 0x434B, 0x436B, 0x434B, 0x3B4B, 0x436B,
  0x4B4A, 0x434B, 0x3B4B, 0x3B4B, 0x3B4B, 0x3B2B, 0x4287, 0x7C4D, 0x538B, 0x330A, 0x432A, 0x434B,
  0x4B6B, 0x4B6B, 0x4B6B, 0x434A, 0x4B6A, 0x4B6B, 0x432A, 0x4B6B, 0x436A, 0x434A, 0x434A, 0x434A,
  0x432A, 0x432A, 0x4B4B, 0x3268, 0x5B08, 0x6BEC, 0x432A, 0x3B2A, 0x432A, 0x3AE9, 0x3AE9, 0x3AE9,
  0x3AE8, 0x3AC8, 0x432A, 0x3B09, 0x4329, 0x4309, 0x3B09, 0x430A, 0x4309, 0x42E9, 0x4309, 0x4309,
  0x432A, 0x2A47, 0x6BAA, 0x63EC, 0x538B, 0x4B4A, 0x4B6B, 0x4B8B, 0x4B6B, 0x4B4B, 0x4B6B, 0x4B6B,
  0x4B6B, 0x434A, 0x4B6B, 0x538B, 0x4B6B, 0x4B4A, 0x4B4B, 0x4B6B, 0x4B6B, 0x432A, 0x4B8B, 0x3AC9,
  0x5308, 0x6BEC, 0x434A, 0x3AE9, 0x3B09, 0x3B09, 0x432A, 0x3B29, 0x3B09, 0x3B0A, 0x3B2A, 0x3B0A,
  0x3B0A, 0x432A, 0x434A, 0x4309, 0x432A, 0x430A, 0x430A, 0x432A, 0x434B, 0x32A9, 0x4AE8, 0x6BCC,
  0x3B09, 0x32A8, 0x3AC9, 0x3AE9, 0x3AC8, 0x32A8, 0x3AC9, 0x3AC9, 0x3AA8, 0x32A8, 0x3AE9, 0x3AC9,
  0x32A8, 0x2A67, 0x3288, 0x32A8, 0x32A9, 0x3A88, 0x2A88, 0x3246, 0x5B49, 0x2A68, 0x2227, 0x2227,
  0x2A27, 0x2A47, 0x2A48, 0x2A27, 0x21E6, 0x2A27, 0x21E7, 0x29C5, 0x4AC8, 0x19E7, 0x21E7, 0x1985,
  0x2122, 0x49E3, 0x49C3, 0x5A03, 0x51E3, 0x4162, 0x3962, 0x3942, 0x3122, 0x2901, 0x49A2, 0x6A43,
  0x6203, 0x7AC4, 0x82E4, 0x8B05, 0x9346, 0xAC08, 0xAC28, 0x9BA7, 0x8B24, 0x82C4, 0x7AA4, 0x6223,
  0x3268, 0x3267, 0x3288, 0x3288, 0x3288, 0x2227, 0x42A8, 0x73CB, 0x3AC9, 0x3288, 0x32A8, 0x32C9,
  0x3AC9, 0x32A8, 0x32A9, 0x32A9, 0x32A8, 0x3288, 0x3AC8, 0x3AC9, 0x3288, 0x32A8, 0x3AE9, 0x3AE9,
  0x3AE9, 0x430A, 0x2A87, 0x6B8A, 0x63EC, 0x3AE9, 0x3AE9, 0x3AE9, 0x3AC9, 0x3AE9, 0x430A, 0x3AE9,
  0x3AE9, 0x3AE9, 0x3AE9, 0x3AE9, 0x3AE9, 0x3AC8, 0x3AE9, 0x3AE9, 0x3AE9, 0x3AC8, 0x3AE9, 0x3267,
  0x7C0C, 0x5BED, 0x3B4B, 0x436B, 0x436C, 0x434B, 0x436B, 0x436C, 0x436C, 0x434B, 0x434B, 0x436B,
  0x436B, 0x436B, 0x3B6B, 0x434B, 0x436B, 0x434B, 0x436B, 0x4B6C, 0x32EA, 0x634A, 0x846D, 0x434B,
  0x3B4B, 0x3B4B, 0x436B, 0x3B4A, 0x434B, 0x436B, 0x436B, 0x436B, 0x436B, 0x434B, 0x436B, 0x436C,
  0x436B, 0x3B4B, 0x434B, 0x434B, 0x434B, 0x3B2B, 0x5B09, 0x844D, 0x4B8B, 0x3B0A, 0x4B6A, 0x4B6B,
  0x4B6B, 0x436A, 0x434A, 0x4B6B, 0x4B6B, 0x4B4B, 0x434A, 0x434A, 0x4B6B, 0x4B4A, 0x4B4A, 0x4B4A,
  0x432A, 0x434A, 0x434A, 0x3AA8, 0x6B8A, 0x63AB, 0x3B09, 0x434A, 0x4309, 0x4309, 0x3AE9, 0x4309,
  0x4329, 0x3AE8, 0x4309, 0x4309, 0x4329, 0x4309, 0x4329, 0x432A, 0x4309, 0x42E9, 0x42E8, 0x4309,
  0x430A, 0x3A87, 0x7BCB, 0x63EC, 0x4B4A, 0x4B6A, 0x4B8B, 0x4B6B, 0x4B6B, 0x4B6B, 0x4B6B, 0x4B6B,
  0x4B8B, 0x4B6A, 0x4B4A, 0x4B6B, 0x4B6B, 0x4B4A, 0x4B4A, 0x538B, 0x4B6B, 0x4B6B, 0x538B, 0x3B09,
  0x5308, 0x742D, 0x432A, 0x3B09, 0x432A, 0x4309, 0x432A, 0x432A, 0x430A, 0x432A, 0x4329, 0x434A,
  0x432A, 0x432A, 0x4B4A, 0x432A, 0x432A, 0x432A, 0x4309, 0x430A, 0x432A, 0x32C8, 0x52E8, 0x740C,
  0x3AE9, 0x3287, 0x3AA8, 0x3AE9, 0x3AE9, 0x3AC8, 0x3AE9, 0x3AC9, 0x3AA8, 0x3AC9, 0x3AC8, 0x3AC8,
  0x3AC9, 0x3288, 0x3288, 0x3287, 0x32A8, 0x2A67, 0x32A8, 0x2A06, 0x5B08, 0x432A, 0x2A47, 0x2A47,
  0x2A07, 0x2A47, 0x3268, 0x2A27, 0x2206, 0x3248, 0x2A27, 0x1985, 0x52A8, 0x3A89, 0x21E7, 0x21C6,
  0x2102, 0x49A3, 0x49E3, 0x51E4, 0x6224, 0x4162, 0x3962, 0x3941, 0x3962, 0x2901, 0x3142, 0x6A84,
  0x59E3, 0x7284, 0x82C4, 0x8AE4, 0x9345, 0xA3E7, 0xAC08, 0xA3C7, 0x9366, 0x82E4, 0x7AC4, 0x6A63,
  0x3268, 0x2A68, 0x2A68, 0x3288, 0x3289, 0x21E6, 0x6349, 0x5B6A, 0x2A68, 0x3AC8, 0x3AC9, 0x32C8,
  0x3AC9, 0x3AC9, 0x3AC9, 0x32A9, 0x32A8, 0x32C9, 0x32C8, 0x3AC9, 0x32A8, 0x32C8, 0x3AE9, 0x3AE9,
  0x3AC9, 0x3AEA, 0x3267, 0x7BCB, 0x538B, 0x3AE9, 0x3AE9, 0x3AE9, 0x3B09, 0x3AE9, 0x3AE9, 0x3AE9,
  0x3AE9, 0x3B09, 0x3AC9, 0x3AE9, 0x3AE9, 0x3AC8, 0x3AE9, 0x3AC9, 0x3AC8, 0x3AE9, 0x3AC8, 0x3A87,
  0x842D, 0x53AC, 0x3B4B, 0x438C, 0x436C, 0x3B4B, 0x436C, 0x436B, 0x436B, 0x434B, 0x3B4B, 0x436C,
  0x436B, 0x438C, 0x3B6C, 0x436C, 0x3B4B, 0x436B, 0x436B, 0x436C, 0x3AEA, 0x6B8B, 0x742D, 0x434B,
  0x3B4B, 0x434B, 0x434B, 0x434B, 0x436B, 0x436B, 0x436B, 0x436B, 0x434B, 0x3B4B, 0x434B, 0x436B,
  0x436B, 0x3B4B, 0x436C, 0x3B2B, 0x434B, 0x32C9, 0x636A, 0x7C4D, 0x432A, 0x3B2A, 0x4B6B, 0x4B6B,
  0x434A, 0x4B6B, 0x436B, 0x4B6B, 0x4B4A, 0x432A, 0x436B, 0x4B6B, 0x4B6A, 0x4B4A, 0x4B4A, 0x4B6B,
  0x4B4A, 0x434A, 0x4B4B, 0x3A88, 0x73CB, 0x5B8B, 0x3B09, 0x4309, 0x432A, 0x4309, 0x3AE9, 0x4309,
  0x3B09, 0x4329, 0x4329, 0x4309, 0x4309, 0x4329, 0x432A, 0x434A, 0x432A, 0x4309, 0x3AC8, 0x42E9,
  0x430A, 0x3246, 0x7BCB, 0x5BAB, 0x4B4A, 0x4B6B, 0x4B6A, 0x434A, 0x4B8B, 0x4B6B, 0x4B4A, 0x4B4B,
  0x4B8B, 0x4B6B, 0x432A, 0x4B4A, 0x4B6B, 0x4B6B, 0x4B4A, 0x4B4B, 0x4B4A, 0x538C, 0x538B, 0x3AE9,
  0x5308, 0x740C, 0x4309, 0x3B09, 0x4309, 0x4309, 0x432A, 0x430A, 0x432A, 0x432A, 0x432A, 0x434A,
  0x432A, 0x432A, 0x4309, 0x4309, 0x432A, 0x432A, 0x432A, 0x430A, 0x432A, 0x32C8, 0x4AA8, 0x740C,
  0x4309, 0x3AA8, 0x3AC8, 0x3AC9, 0x3AC9, 0x3AC9, 0x3B0A, 0x3AC9, 0x3288, 0x32A8, 0x32C8, 0x3AE9,
  0x32A8, 0x2A87, 0x2A47, 0x3267, 0x3288, 0x2A26, 0x3288, 0x2206, 0x6B6A, 0x4B4A, 0x3248, 0x2A47,
  0x2A27, 0x2A48, 0x3268, 0x2A47, 0x2206, 0x2A27, 0x3228, 0x1985, 0x4246, 0x42E9, 0x21E7, 0x21C6,
  0x1903, 0x4183, 0x49C3, 0x51C3, 0x6244, 0x4982, 0x4183, 0x3962, 0x3962, 0x3142, 0x28C0, 0x6223,
  0x5A03, 0x7284, 0x82E4, 0x8B05, 0x8B04, 0x9BA6, 0xA3E8, 0xA3C7, 0x9B86, 0x8B05, 0x7AC4, 0x7284,
  0x2A68, 0x3268, 0x3268, 0x2A68, 0x2A68, 0x2A07, 0x73AA, 0x430A, 0x32A9, 0x32A8, 0x3AC9, 0x3AC9,
  0x3AC9, 0x32A8, 0x32A9, 0x32C9, 0x32C9, 0x32C9, 0x32C9, 0x32C9, 0x32C9, 0x32C8, 0x3AE9, 0x3AE9,
  0x3AE9, 0x32C9, 0x42A7, 0x7C2D, 0x4329, 0x32E9, 0x32C9, 0x32C9, 0x3B0A, 0x3AC9, 0x3AC9, 0x3AC9,
  0x3AE9, 0x4309, 0x3AE9, 0x3AE9, 0x3AE9, 0x3AC9, 0x3AE9, 0x3AC9, 0x3AC8, 0x3AE9, 0x3287, 0x4AC8,
  0x742D, 0x436B, 0x3B4B, 0x436B, 0x3B6C, 0x3B6C, 0x436C, 0x434B, 0x3B4B, 0x436C, 0x3B4B, 0x436C,
  0x436B, 0x436B, 0x436C, 0x436C, 0x436B, 0x436C, 0x3B4B, 0x3B6C, 0x3AC9, 0x840C, 0x5BCC, 0x3B4B,
  0x432B, 0x434B, 0x434B, 0x436B, 0x434B, 0x436B, 0x434B, 0x436B, 0x3B4B, 0x3B4B, 0x436B, 0x434B,
  0x4B6B, 0x436C, 0x436C, 0x3B2B, 0x434B, 0x2A88, 0x634A, 0x7C0D, 0x3B2A, 0x3B2A, 0x432A, 0x4B4B,
  0x4B4B, 0x4B6B, 0x4B6B, 0x434A, 0x4B6B, 0x4B4A, 0x4B6B, 0x4B6B, 0x4B4A, 0x4B6A, 0x4B6A, 0x4B6B,
  0x434A, 0x434A, 0x432A, 0x3AA8, 0x842C, 0x5B8B, 0x3B09, 0x3AE8, 0x432A, 0x4309, 0x3AE9, 0x432A,
  0x3AE9, 0x432A, 0x4309, 0x4309, 0x3AE8, 0x4329, 0x432A, 0x3B09, 0x432A, 0x4309, 0x4309, 0x4309,
  0x3B09, 0x3A66, 0x840C, 0x63CC, 0x4B6B, 0x4B6B, 0x4B4A, 0x4B6B, 0x4B8B, 0x4B6B, 0x4B6B, 0x4B6B,
  0x4B6B, 0x432A, 0x434B, 0x4B6B, 0x432A, 0x434A, 0x4B8B, 0x4B4B, 0x4B4A, 0x4B6B, 0x538B, 0x42E9,
  0x52E8, 0x740C, 0x432A, 0x3AE9, 0x430A, 0x4309, 0x430A, 0x4309, 0x3B09, 0x4309, 0x432A, 0x3B0A,
  0x432A, 0x432A, 0x4309, 0x3AE9, 0x430A, 0x432A, 0x432A, 0x432A, 0x434A, 0x3B09, 0x3A67, 0x6BAA,
  0x432A, 0x3AE8, 0x3AC8, 0x3AC8, 0x3AC9, 0x3AC9, 0x3B0A, 0x3AE9, 0x32A8, 0x3288, 0x3AC8, 0x32C8,
  0x3AC8, 0x3AC8, 0x3287, 0x3267, 0x3288, 0x3247, 0x3AA8, 0x2A27, 0x5B09, 0x5329, 0x2A48, 0x2227,
  0x2A27, 0x2A27, 0x2A68, 0x2A47, 0x2207, 0x2A07, 0x2A07, 0x19A5, 0x3A06, 0x42A8, 0x2207, 0x21E7,
  0x1944, 0x2901, 0x49C3, 0x49C3, 0x5A03, 0x51C3, 0x4182, 0x3942, 0x3942, 0x3963, 0x3101, 0x5A23,
  0x6A44, 0x6A43, 0x82C4, 0x82C4, 0x8B05, 0x9366, 0xAC08, 0xA408, 0x9BA7, 0x8B05, 0x7AA4, 0x7284,
  0x3269, 0x3269, 0x3268, 0x3288, 0x2A27, 0x4287, 0x6BCC, 0x32A8, 0x32A9, 0x32A9, 0x3AC9, 0x3AC9,
  0x32A9, 0x32A9, 0x32C9, 0x32A8, 0x3AE9, 0x32C8, 0x32A8, 0x32A8, 0x3AC9, 0x3AC9, 0x3AE9, 0x3AE9,
  0x3AE9, 0x2A88, 0x52E8, 0x6BCD, 0x3AE9, 0x3AE9, 0x32A8, 0x32C9, 0x3AC9, 0x3AC9, 0x3AC9, 0x3AC9,
  0x3AC8, 0x3AE9, 0x3AE9, 0x3AE9, 0x3AE9, 0x3AE9, 0x3AE9, 0x3AC9, 0x3AE9, 0x3B09, 0x2A67, 0x6349,
  0x6C0D, 0x3B2A, 0x3B2A, 0x3B4B, 0x3B4B, 0x436C, 0x436C, 0x3B4B, 0x3B4B, 0x436C, 0x436C, 0x436C,
  0x436C, 0x436B, 0x436C, 0x436C, 0x436C, 0x436B, 0x3B4B, 0x3B4C, 0x3A87, 0x846D, 0x5BCC, 0x3B2B,
  0x3B4B, 0x4B4B, 0x3B2A, 0x3B2A, 0x3B4B, 0x434B, 0x434B, 0x434B, 0x432B, 0x436B, 0x436B, 0x434B,
  0x434B, 0x3B2B, 0x3B4B, 0x3B2B, 0x434B, 0x2A68, 0x6BAB, 0x6BEC, 0x3B4B, 0x4B6B, 0x434A, 0x434A,
  0x434A, 0x4B6B, 0x4B6B, 0x4B6B, 0x4B6B, 0x4B6B, 0x4B8B, 0x434A, 0x4B4A, 0x434A, 0x4B6B, 0x434A,
  0x434A, 0x434A, 0x3B2A, 0x42A7, 0x8C6D, 0x538B, 0x3AE9, 0x4309, 0x3AE9, 0x3AE9, 0x3B09, 0x4309,
  0x4309, 0x4309, 0x3B09, 0x434A, 0x3B09, 0x3B09, 0x432A, 0x3B09, 0x4309, 0x4309, 0x432A, 0x3B09,
  0x4309, 0x3A66, 0x83EC, 0x5BCB, 0x434A, 0x4B4A, 0x4B4A, 0x4B6A, 0x4B6B, 0x4B6B, 0x434A, 0x4B8B,
  0x538C, 0x4B4B, 0x4B4B, 0x538B, 0x4329, 0x4329, 0x538B, 0x4B6B, 0x432A, 0x4B4A, 0x4B6B, 0x42E9,
  0x52E8, 0x740D, 0x432A, 0x3AE9, 0x3B09, 0x432A, 0x3AE9, 0x4309, 0x3AE9, 0x3AE9, 0x4309, 0x3B0A,
  0x432A, 0x4329, 0x432A, 0x432A, 0x432A, 0x434A, 0x4329, 0x4329, 0x430A, 0x3B2A, 0x3A66, 0x73CB,
  0x4B4A, 0x32A8, 0x3AC8, 0x32C8, 0x3AC9, 0x3AC9, 0x3AC9, 0x3AE9, 0x3AE9, 0x3288, 0x3AC8, 0x3AC8,
  0x32C8, 0x3AC8, 0x3AA8, 0x3AA8, 0x3288, 0x3268, 0x3288, 0x2A27, 0x4A87, 0x5B6A, 0x2A48, 0x2206,
  0x2A27, 0x2A07, 0x2A48, 0x2A48, 0x2A27, 0x3248, 0x2A07, 0x1985, 0x31C6, 0x52E9, 0x19C7, 0x2207,
  0x19A5, 0x18E1, 0x49C3, 0x49A2, 0x5A03, 0x5A03, 0x4182, 0x3962, 0x3962, 0x3982, 0x3121, 0x49E3,
  0x7284, 0x6203, 0x7AA4, 0x82C4, 0x8B05, 0x9345, 0xA3C7, 0xAC08, 0xA3C7, 0x8B05, 0x82C4, 0x7AA4,
  0x2A48, 0x2A48, 0x3268, 0x32A9, 0x2A27, 0x6349, 0x4B4B, 0x32A8, 0x32A8, 0x32C9, 0x3AC9, 0x32A8,
  0x32A8, 0x3AC9, 0x32A8, 0x3AE9, 0x3AC9, 0x3288, 0x32C8, 0x3AC9, 0x32A8, 0x3AC8, 0x3AE9, 0x3AE9,
  0x3AE9, 0x3267, 0x73AB, 0x4B4A, 0x32E8, 0x3AC9, 0x3AE9, 0x32C9, 0x32C9, 0x3AC9, 0x32C8, 0x32A8,
  0x3AC8, 0x3AE9, 0x3AC9, 0x3AC9, 0x3AC9, 0x3AC9, 0x3AE9, 0x3AE9, 0x3AE9, 0x3AE9, 0x2A46, 0x7BEC,
  0x5BCD, 0x3B4B, 0x3B4B, 0x3B4B, 0x3B4B, 0x434B, 0x434B, 0x436C, 0x436C, 0x438C, 0x436C, 0x436B,
  0x436C, 0x436C, 0x436C, 0x436C, 0x436B, 0x3B6B, 0x434B, 0x3B0B, 0x4AC8, 0x7C4D, 0x432B, 0x3B4B,
  0x3B6B, 0x434B, 0x434B, 0x434B, 0x3B4B, 0x436B, 0x3B2B, 0x434B, 0x432B, 0x436B, 0x434B, 0x436B,
  0x434B, 0x3B2B, 0x3B4B, 0x3B2B, 0x432B, 0x2A47, 0x73CB, 0x63CC, 0x3B4B, 0x436B, 0x434B, 0x4B6B,
  0x434A, 0x4B6B, 0x4B6B, 0x536B, 0x4B6A, 0x4B6B, 0x4B6B, 0x4B6B, 0x53AB, 0x4B6A, 0x4B6B, 0x4B4A,
  0x432A, 0x434B, 0x3B2A, 0x4AC8, 0x7C0C, 0x538B, 0x4309, 0x4309, 0x3AE9, 0x432A, 0x3AE9, 0x3AE9,
  0x3AE9, 0x3B09, 0x4329, 0x4B6B, 0x3B2A, 0x4309, 0x4329, 0x3AE8, 0x3B09, 0x432A, 0x430A, 0x3B09,
  0x3AE9, 0x3A87, 0x842D, 0x5BCB, 0x432A, 0x432A, 0x4B6A, 0x4B6A, 0x4B4B, 0x4B6B, 0x432A, 0x4B4A,
  0x538B, 0x434A, 0x4B2A, 0x536B, 0x536B, 0x4309, 0x432A, 0x4B6B, 0x432A, 0x4B6B, 0x4B6B, 0x3AA8,
  0x52C7, 0x73EC, 0x4309, 0x3AE9, 0x3AE9, 0x4309, 0x3B09, 0x430A, 0x432A, 0x4309, 0x430A, 0x3B0A,
  0x3B09, 0x4329, 0x4329, 0x434A, 0x434A, 0x4329, 0x3B09, 0x3B09, 0x432A, 0x3B2A, 0x3A66, 0x7BEB,
  0x536B, 0x32A8, 0x32C9, 0x3AE9, 0x3AC9, 0x3AC9, 0x3AC9, 0x3AE9, 0x3AC9, 0x32C9, 0x3AC8, 0x32C8,
  0x32A8, 0x32A8, 0x3288, 0x3AE9, 0x32A8, 0x2A47, 0x3267, 0x2A68, 0x4267, 0x63AB, 0x2A48, 0x21E6,
  0x2A27, 0x2207, 0x2A48, 0x3268, 0x2207, 0x2A27, 0x2A07, 0x21C6, 0x29A6, 0x4AA7, 0x19C7, 0x2207,
  0x19C6, 0x18C1, 0x49A3, 0x49A2, 0x5A04, 0x6244, 0x4182, 0x3963, 0x3962, 0x3962, 0x3142, 0x41A2,
  0x7284, 0x6223, 0x7284, 0x82C4, 0x8B05, 0x9325, 0x9B86, 0xAC08, 0xA3C7, 0x8B05, 0x82C4, 0x7AA4,
  0x2A68, 0x2A49, 0x3268, 0x2A89, 0x3247, 0x638B, 0x3AC8, 0x2A68, 0x3288, 0x32A8, 0x3AC9, 0x32A8,
  0x32A8, 0x32C8, 0x32C8, 0x32C8, 0x32C8, 0x32A8, 0x32A8, 0x3AC9, 0x3AC9, 0x3AA8, 0x3AE9, 0x3AE9,
  0x3AE9, 0x3A88, 0x7C2C, 0x4309, 0x32A8, 0x32C9, 0x3AC9, 0x3AC9, 0x32A8, 0x3AC9, 0x3AC9, 0x32C8,
  0x32A8, 0x32A8, 0x32A8, 0x3AE9, 0x3AE9, 0x3AC9, 0x32A8, 0x3AE9, 0x3AE9, 0x32C9, 0x4287, 0x842D,
  0x436C, 0x3B2A, 0x3B2B, 0x3B4B, 0x3B4B, 0x3B4B, 0x3B4B, 0x436B, 0x438C, 0x436C, 0x438C, 0x438C,
  0x436C, 0x3B4B, 0x3B2B, 0x436C, 0x3B4B, 0x3B6B, 0x436C, 0x330A, 0x5B09, 0x7C4D, 0x3B2B, 0x3B4B,
  0x3B4B, 0x3B2B, 0x3B2B, 0x3B0A, 0x434B, 0x432B, 0x432B, 0x434B, 0x432B, 0x3B2B, 0x3B4B, 0x436B,
  0x3B4B, 0x3B2B, 0x434B, 0x434B, 0x3B4C, 0x3267, 0x7BEB, 0x5BCC, 0x3B4B, 0x436B, 0x434B, 0x436B,
  0x432A, 0x430A, 0x4B6B, 0x434A, 0x4B6B, 0x436B, 0x4B8B, 0x4B6B, 0x432A, 0x4B4A, 0x4B6B, 0x4B6B,
  0x432A, 0x434A, 0x3B0A, 0x4AA7, 0x740C, 0x4329, 0x4309, 0x3AE9, 0x3B09, 0x4309, 0x3AE9, 0x3AE9,
  0x3AE9, 0x42E9, 0x4329, 0x4329, 0x3B09, 0x4309, 0x4329, 0x4309, 0x4329, 0x4309, 0x4309, 0x4329,
  0x3AE9, 0x42A7, 0x8C6D, 0x5BCC, 0x4B6B, 0x4B6B, 0x4B4A, 0x4B6A, 0x434A, 0x4B6B, 0x4B4B, 0x4B4B,
  0x4B6B, 0x434B, 0x432A, 0x432A, 0x4B8B, 0x432A, 0x432A, 0x432A, 0x432A, 0x434A, 0x4B8B, 0x3AC9,
  0x4AA7, 0x740C, 0x432A, 0x3B09, 0x3AE9, 0x4309, 0x432A, 0x432A, 0x430A, 0x430A, 0x3B09, 0x3AE9,
  0x3B09, 0x432A, 0x432A, 0x432A, 0x432A, 0x432A, 0x4329, 0x4329, 0x3B09, 0x436A, 0x3A88, 0x73AB,
  0x4B09, 0x32A8, 0x32A8, 0x3AC9, 0x32C9, 0x3AE9, 0x3AC9, 0x3AE9, 0x32A8, 0x3AE9, 0x3AC9, 0x32C9,
  0x32A8, 0x2A67, 0x3267, 0x3288, 0x3268, 0x3268, 0x2A47, 0x2A47, 0x29E5, 0x5B29, 0x2A48, 0x2227,
  0x2A27, 0x2A07, 0x2A27, 0x2A27, 0x2206, 0x2A07, 0x2A27, 0x2207, 0x1164, 0x52C8, 0x3269, 0x21E7,
  0x21A6, 0x1902, 0x3942, 0x49A2, 0x51E3, 0x5A24, 0x4182, 0x3962, 0x3962, 0x3942, 0x3163, 0x3921,
  0x6A64, 0x6A43, 0x7263, 0x82C4, 0x82E4, 0x9325, 0x9B86, 0xA3E8, 0xAC08, 0x9345, 0x8B05, 0x7AA4,
  0x3269, 0x2A69, 0x2A68, 0x2207, 0x4AA8, 0x5B4A, 0x2A88, 0x32A9, 0x3AA8, 0x2A88, 0x32A8, 0x3AC9,
  0x32C9, 0x32A8, 0x32A8, 0x32A8, 0x32C9, 0x32A8, 0x32A8, 0x32C9, 0x32E9, 0x3AE9, 0x3AE9, 0x3B09,
  0x3288, 0x5309, 0x6BEC, 0x3AE9, 0x32C9, 0x3AC9, 0x3AC9, 0x32C9, 0x3AC9, 0x3AE9, 0x3AC9, 0x32C8,
  0x32A8, 0x32A8, 0x32A8, 0x3AE9, 0x3AE9, 0x3AC9, 0x3AC9, 0x3AE9, 0x3B09, 0x3288, 0x4AC8, 0x7C4D,
  0x3B6B, 0x3B2B, 0x3B2B, 0x3B4B, 0x3B6C, 0x3B4C, 0x3B4B, 0x434B, 0x436C, 0x3B4C, 0x436C, 0x436C,
  0x436C, 0x434B, 0x434B, 0x434B, 0x3B4B, 0x3B4B, 0x436C, 0x32C9, 0x6B8A, 0x742C, 0x3B2B, 0x3B4B,
  0x3B6B, 0x332B, 0x3B2B, 0x3B2A, 0x3B4B, 0x3B2B, 0x436B, 0x3B4B, 0x3B4B, 0x3B4B, 0x3B4B, 0x436B,
  0x434B, 0x3B2B, 0x3B4B, 0x434B, 0x330B, 0x42A8, 0x7BEB, 0x538B, 0x3B4B, 0x434B, 0x434A, 0x434A,
  0x432A, 0x3B0A, 0x434B, 0x432A, 0x3B2A, 0x436B, 0x436B, 0x4B4A, 0x434A, 0x436A, 0x434A, 0x4B6B,
  0x434A, 0x4B6B, 0x3B0A, 0x5AE8, 0x73EC, 0x4309, 0x4309, 0x4309, 0x3B09, 0x3AE9, 0x4309, 0x3AE9,
  0x3AE9, 0x4309, 0x4309, 0x432A, 0x4329, 0x4329, 0x4329, 0x4309, 0x4309, 0x42E9, 0x4309, 0x4309,
  0x3AC9, 0x4287, 0x844D, 0x5BCC, 0x4B4B, 0x4B6B, 0x434A, 0x432A, 0x432A, 0x4B6B, 0x4B2A, 0x4B6B,
  0x432A, 0x4B4B, 0x432A, 0x434B, 0x4B6B, 0x432A, 0x432A, 0x434A, 0x434A, 0x4B8B, 0x4B6B, 0x3AC9,
  0x52C7, 0x7C2D, 0x434A, 0x3B09, 0x3B09, 0x3B09, 0x432A, 0x432A, 0x3B09, 0x3B0A, 0x430A, 0x430A,
  0x3AE9, 0x432A, 0x3B09, 0x432A, 0x432A, 0x432A, 0x4309, 0x4329, 0x432A, 0x434A, 0x3247, 0x73AB,
  0x534A, 0x3AA8, 0x3AC9, 0x3AE9, 0x3AC9, 0x32C9, 0x3AC9, 0x32C8, 0x32A8, 0x32C8, 0x32A8, 0x32A8,
  0x3288, 0x2A47, 0x2A47, 0x3267, 0x2A27, 0x3267, 0x3268, 0x2A47, 0x3226, 0x6BAB, 0x3ACA, 0x2A27,
  0x2A47, 0x2A47, 0x2A27, 0x21E6, 0x21E6, 0x2A06, 0x2A07, 0x2A28, 0x1985, 0x4267, 0x3A68, 0x21E7,
  0x21C6, 0x1903, 0x2902, 0x49A2, 0x4982, 0x6244, 0x4182, 0x3962, 0x3962, 0x3962, 0x3963, 0x3941,
  0x6244, 0x6A43, 0x6A43, 0x7AA4, 0x82E4, 0x8B25, 0x9B66, 0xA3E8, 0xA3E8, 0x9366, 0x82E4, 0x7A84,
  0x2A49, 0x2A68, 0x2A28, 0x29C6, 0x6B8B, 0x430A, 0x2A89, 0x2A89, 0x32A9, 0x32A8, 0x3288, 0x3AC9,
  0x3AC9, 0x3AE9, 0x3AC9, 0x32A8, 0x32C9, 0x3288, 0x3AE9, 0x32C9, 0x32E9, 0x3AE9, 0x32E9, 0x3B09,
  0x3267, 0x6BAA, 0x5BAB, 0x32C9, 0x3AEA, 0x3AA8, 0x3AC9, 0x3AC9, 0x32C9, 0x3AC9, 0x3AE9, 0x3AE9,
  0x3AC8, 0x3AC9, 0x3AC9, 0x3AC9, 0x3AE9, 0x3AE9, 0x3AE9, 0x3B09, 0x3B09, 0x3267, 0x636A, 0x6C2D,
  0x3B4B, 0x3B2B, 0x3B4B, 0x3B4B, 0x3B4C, 0x3B4B, 0x3B2B, 0x3B4B, 0x3B6C, 0x3B4B, 0x3B2B, 0x436C,
  0x3B4B, 0x436B, 0x436B, 0x436B, 0x436C, 0x3B4B, 0x436C, 0x3268, 0x7BEB, 0x6BEC, 0x3B2B, 0x3B4B,
  0x3B4B, 0x3B4B, 0x3B2B, 0x3B2B, 0x3B4B, 0x434B, 0x436B, 0x3B4B, 0x3B4B, 0x3B4B, 0x3B4B, 0x3B2B,
  0x436B, 0x434B, 0x3B4B, 0x436B, 0x32CA, 0x42A8, 0x7C4D, 0x4B6B, 0x3B2A, 0x434B, 0x434B, 0x434A,
  0x432A, 0x432A, 0x430A, 0x432A, 0x3AE9, 0x432A, 0x436B, 0x4B6B, 0x4B6B, 0x4B6B, 0x436A, 0x4B4A,
  0x4B6B, 0x4B6B, 0x3AE9, 0x5B08, 0x7C2C, 0x3B09, 0x4309, 0x4309, 0x3AE8, 0x3AE9, 0x3B09, 0x4329,
  0x4309, 0x3AE9, 0x4309, 0x4329, 0x4309, 0x4329, 0x432A, 0x4309, 0x4309, 0x4309, 0x42E8, 0x4329,
  0x3AC9, 0x4AC7, 0x844D, 0x538B, 0x432A, 0x4B6B, 0x4B4A, 0x434A, 0x4B4B, 0x4B6B, 0x3B09, 0x432A,
  0x432A, 0x432A, 0x4B4B, 0x4B4B, 0x434B, 0x434A, 0x432A, 0x434A, 0x4B4A, 0x4B6A, 0x4B6B, 0x3AC9,
  0x4AA7, 0x7C2D, 0x434A, 0x3B09, 0x430A, 0x432A, 0x432A, 0x4309, 0x3B09, 0x3B09, 0x430A, 0x3B09,
  0x3AE9, 0x432A, 0x3B09, 0x432A, 0x432A, 0x432A, 0x4309, 0x432A, 0x4309, 0x434A, 0x3247, 0x6B8A,
  0x5B8B, 0x3288, 0x3AC8, 0x3AC9, 0x3AC9, 0x3AC8, 0x3AC9, 0x3AC9, 0x32A8, 0x2A87, 0x3288, 0x3AC9,
  0x3267, 0x2A47, 0x3268, 0x3AA8, 0x3267, 0x3268, 0x3288, 0x3268, 0x2A06, 0x5B09, 0x42EA, 0x2A07,
  0x2207, 0x2A07, 0x2A07, 0x2207, 0x21E6, 0x2A07, 0x2A07, 0x2A07, 0x19A6, 0x31E6, 0x42A9, 0x21E7,
  0x21E7, 0x1123, 0x2902, 0x49A3, 0x4161, 0x5A24, 0x49A2, 0x3962, 0x3962, 0x3942, 0x3962, 0x3121,
  0x5A03, 0x6A43, 0x6A43, 0x7AA4, 0x82C4, 0x8B04, 0x9345, 0x9BA7, 0xA3E8, 0x9BA7, 0x82E4, 0x82C4,
  0x2A48, 0x2A48, 0x2207, 0x3A26, 0x638B, 0x3288, 0x3289, 0x3289, 0x3288, 0x3288, 0x32A8, 0x3AC9,
  0x32C9, 0x3AC9, 0x32C9, 0x32A9, 0x3AC9, 0x32A8, 0x3288, 0x32A8, 0x32C9, 0x32A8, 0x32C9, 0x32C9,
  0x3267, 0x740C, 0x430A, 0x3AE9, 0x3B0A, 0x3AC9, 0x32A8, 0x32C9, 0x3AC9, 0x32C8, 0x32C9, 0x3AC8,
  0x3AC8, 0x3AC8, 0x32C9, 0x32C8, 0x3AE9, 0x3AE9, 0x3AE9, 0x3AE9, 0x3AE9, 0x3247, 0x73EC, 0x5BED,
  0x3B4B, 0x3B2B, 0x3B2B, 0x3B6C, 0x3B4B, 0x3B4B, 0x3B4B, 0x3B4C, 0x436C, 0x436B, 0x436B, 0x436C,
  0x3B4B, 0x436B, 0x434B, 0x436B, 0x436C, 0x3B4B, 0x3B4B, 0x3AA8, 0x844D, 0x5BAC, 0x3B2A, 0x3B4B,
  0x436B, 0x3B4C, 0x3B4B, 0x3B4B, 0x3B4B, 0x3B2B, 0x3B4B, 0x3B4B, 0x3B2B, 0x3B4B, 0x3B2B, 0x3B2B,
  0x3B4B, 0x3B4B, 0x3B4B, 0x434B, 0x32EA, 0x52E9, 0x740C, 0x434A, 0x3B2A, 0x434B, 0x434A, 0x434A,
  0x434A, 0x432A, 0x432A, 0x3B09, 0x3B2A, 0x434A, 0x434A, 0x434A, 0x4B4A, 0x4B6B, 0x4B6B, 0x434A,
  0x4B6B, 0x4B6B, 0x3287, 0x6329, 0x73EB, 0x4329, 0x4309, 0x4309, 0x3AE9, 0x3B09, 0x3B09, 0x432A,
  0x434A, 0x432A, 0x432A, 0x432A, 0x432A, 0x434A, 0x432A, 0x434A, 0x4309, 0x4309, 0x4329, 0x4349,
  0x3AE9, 0x5308, 0x7C4C, 0x538B, 0x432A, 0x434B, 0x432A, 0x434A, 0x4B4A, 0x4B4B, 0x432A, 0x432A,
  0x434B, 0x4B6B, 0x432A, 0x432A, 0x434A, 0x432A, 0x432A, 0x430A, 0x432A, 0x4B4A, 0x538B, 0x3AE9,
  0x52A7, 0x73EC, 0x434A, 0x3B09, 0x432A, 0x3B2A, 0x3B2A, 0x3B2A, 0x3B2A, 0x3B0A, 0x432A, 0x3B09,
  0x3AE9, 0x3AE9, 0x3B0A, 0x3B09, 0x3B0A, 0x3AE9, 0x3B09, 0x3B29, 0x3B0A, 0x432A, 0x3267, 0x6349,
  0x5329, 0x3AC8, 0x32C8, 0x32A8, 0x3AC8, 0x3AC8, 0x3AC8, 0x32C8, 0x32C8, 0x32A8, 0x2A67, 0x2A47,
  0x2A27, 0x3267, 0x32A8, 0x3288, 0x2A47, 0x2A47, 0x2A47, 0x2A47, 0x21E6, 0x5AE8, 0x42E9, 0x2207,
  0x21E6, 0x21E7, 0x2207, 0x21E6, 0x21E6, 0x21E6, 0x21E7, 0x2A07, 0x19C7, 0x3206, 0x530A, 0x21E7,
  0x19E7, 0x1985, 0x2902, 0x4182, 0x3941, 0x5A04, 0x51E3, 0x4182, 0x3962, 0x3962, 0x3962, 0x3142,
  0x4182, 0x6A64, 0x6A43, 0x7284, 0x82A4, 0x8AE4, 0x9325, 0x9B86, 0xA3C7, 0xA3E8, 0x8B25, 0x82E5,
  0x2A68, 0x3249, 0x21A6, 0x636A, 0x4B4A, 0x2A68, 0x3269, 0x2A88, 0x2A88, 0x3289, 0x32A9, 0x32A9,
  0x32C9, 0x32A9, 0x3AC9, 0x32A9, 0x32A9, 0x32A9, 0x32A9, 0x32A8, 0x3AC9, 0x3AC9, 0x3AC9, 0x3268,
  0x4AC9, 0x6BEC, 0x3AEA, 0x3AC8, 0x32C9, 0x3AE9, 0x3AE9, 0x32C8, 0x3AC9, 0x3AC9, 0x32A8, 0x3AC9,
  0x3AC8, 0x32C8, 0x3AC9, 0x3AC9, 0x3AC8, 0x3AE9, 0x3AE9, 0x3AE9, 0x32C8, 0x3226, 0x7C0D, 0x4B8C,
  0x3B2A, 0x3B4B, 0x432B, 0x434B, 0x3B2B, 0x3B2B, 0x3B4C, 0x3B6C, 0x3B4B, 0x3B4B, 0x434B, 0x434B,
  0x3B6C, 0x436C, 0x434B, 0x436B, 0x436C, 0x436B, 0x332B, 0x42A8, 0x844D, 0x4B6B, 0x3B2B, 0x436C,
  0x434B, 0x3B4B, 0x3B4B, 0x434B, 0x434B, 0x3B4B, 0x3B4B, 0x3B2B, 0x434B, 0x432B, 0x3B2B, 0x3B4B,
  0x3B4B, 0x3B4B, 0x3B4B, 0x434B, 0x32C9, 0x638B, 0x740D, 0x3B2A, 0x3B0A, 0x4B4B, 0x434A, 0x434A,
  0x434A, 0x432A, 0x432A, 0x3B2A, 0x434A, 0x3B0A, 0x434B, 0x434A, 0x434A, 0x4B4A, 0x4B6B, 0x4B6B,
  0x4B6B, 0x4B6B, 0x3267, 0x6B69, 0x740C, 0x4329, 0x4309, 0x3B09, 0x4309, 0x4309, 0x3AE9, 0x3B09,
  0x434A, 0x434A, 0x432A, 0x432A, 0x4B4A, 0x434A, 0x432A, 0x4329, 0x432A, 0x432A, 0x4B4A, 0x432A,
  0x3AC9, 0x4AC8, 0x73CB, 0x536B, 0x432A, 0x4B6B, 0x430A, 0x4B4B, 0x430A, 0x430A, 0x4B6B, 0x434B,
  0x4B6B, 0x434A, 0x3AE9, 0x430A, 0x432A, 0x432A, 0x434A, 0x432A, 0x430A, 0x432A, 0x4B8B, 0x430A,
  0x4AA7, 0x73EC, 0x4B6B, 0x3B09, 0x3B2A, 0x3AE9, 0x3AE9, 0x3B0A, 0x3B09, 0x3B2A, 0x432A, 0x3AE9,
  0x3AC9, 0x4309, 0x3B09, 0x3AE9, 0x3AE9, 0x3AE9, 0x432A, 0x432A, 0x432A, 0x434A, 0x3247, 0x5AE8,
  0x5B6A, 0x4309, 0x3AE9, 0x3AE9, 0x3AC8, 0x3AC9, 0x32A8, 0x2A67, 0x32A8, 0x3288, 0x3288, 0x2A26,
  0x2206, 0x2A27, 0x3288, 0x2A48, 0x2A47, 0x2A48, 0x2A47, 0x3268, 0x2207, 0x52E8, 0x4B0A, 0x2A48,
  0x2207, 0x21E7, 0x21E7, 0x21E6, 0x21E6, 0x21E6, 0x2207, 0x21E6, 0x21E7, 0x21A5, 0x4AA8, 0x2A28,
  0x2207, 0x19A6, 0x2102, 0x3982, 0x3942, 0x51C3, 0x51C3, 0x4162, 0x3962, 0x3962, 0x3942, 0x3122,
  0x3962, 0x7264, 0x6202, 0x7263, 0x82C4, 0x82C4, 0x8B05, 0x9366, 0xA3C8, 0xA3C7, 0x9346, 0x82E5,
  0x2227, 0x29E8, 0x29C6, 0x636A, 0x3AA8, 0x3268, 0x3288, 0x2A89, 0x32A9, 0x32A9, 0x32A9, 0x32A9,
  0x32A9, 0x3289, 0x32A9, 0x32A9, 0x32A9, 0x32A8, 0x32A8, 0x32A8, 0x32A8, 0x32C8, 0x32EA, 0x3247,
  0x636A, 0x5B8B, 0x32C8, 0x32C8, 0x32A8, 0x32A8, 0x32C9, 0x32C9, 0x3AC9, 0x3AC8, 0x32C8, 0x32A8,
  0x3AC8, 0x32C8, 0x32C8, 0x3AC9, 0x32C9, 0x3AC9, 0x3AE9, 0x3AE9, 0x3268, 0x4A88, 0x7C2D, 0x3B6A,
  0x3B2B, 0x3B4B, 0x3B4B, 0x3B4B, 0x3B4B, 0x3B2B, 0x3B4B, 0x436B, 0x3B2B, 0x32EA, 0x434B, 0x436B,
  0x3B4B, 0x3B4B, 0x434B, 0x434B, 0x3B4B, 0x434B, 0x32EA, 0x52E9, 0x8C8E, 0x436B, 0x3B4B, 0x3B2B,
  0x3B4B, 0x3B4B, 0x3B2B, 0x3B2B, 0x3B2B, 0x3B2B, 0x3B2B, 0x3B4B, 0x3B2B, 0x3B2B, 0x3B4B, 0x3B2B,
  0x3B2B, 0x3B2B, 0x3B4B, 0x436B, 0x2A88, 0x6B6A, 0x744D, 0x430A, 0x432A, 0x432A, 0x432A, 0x432A,
  0x434A, 0x3B2A, 0x3B09, 0x3B0A, 0x432A, 0x3B2A, 0x434A, 0x3B2A, 0x434A, 0x434B, 0x4B6B, 0x4B4B,
  0x434A, 0x432A, 0x3267, 0x6B8A, 0x6C0C, 0x4309, 0x3AE8, 0x3AE9, 0x3B09, 0x4329, 0x3AE9, 0x3AE9,
  0x3AE9, 0x432A, 0x434A, 0x434A, 0x434A, 0x434B, 0x432A, 0x4329, 0x432A, 0x434A, 0x4B2A, 0x432A,
  0x32A8, 0x5308, 0x7C2D, 0x4B4A, 0x4B4B, 0x434B, 0x432A, 0x434B, 0x432A, 0x432A, 0x4B6B, 0x434A,
  0x3B2A, 0x3AE9, 0x434A, 0x434A, 0x432A, 0x4B4B, 0x434A, 0x4B4A, 0x434B, 0x432A, 0x436B, 0x3AE9,
  0x4A87, 0x73EC, 0x432A, 0x3B09, 0x3B09, 0x3AE9, 0x3B09, 0x3B09, 0x3B09, 0x432A, 0x430A, 0x3AE9,
  0x3AE8, 0x4329, 0x3B09, 0x3B09, 0x4329, 0x3B09, 0x432A, 0x432A, 0x3B09, 0x432A, 0x2A68, 0x5AE8,
  0x63AB, 0x3AE9, 0x32A8, 0x3AC9, 0x32A8, 0x3AC9, 0x32A8, 0x2A67, 0x3288, 0x2A47, 0x2A47, 0x2A27,
  0x2A26, 0x2A47, 0x2A47, 0x2A47, 0x2A47, 0x2A27, 0x2A27, 0x3247, 0x21E6, 0x4267, 0x5B0A, 0x2A68,
  0x2A27, 0x2A07, 0x2207, 0x21E7, 0x21E6, 0x21E6, 0x21E6, 0x21E7, 0x2207, 0x21A5, 0x4AA8, 0x2A07,
  0x21E7, 0x19C6, 0x2123, 0x3962, 0x3142, 0x49C3, 0x5A04, 0x4162, 0x3962, 0x3942, 0x3941, 0x3962,
  0x3121, 0x6243, 0x6223, 0x6A43, 0x82C4, 0x82C4, 0x8B05, 0x9366, 0xA3C7, 0x9BC7, 0x9B87, 0x82C4,
  0x2A69, 0x19A6, 0x4A87, 0x534A, 0x4B4B, 0x42EA, 0x3B0A, 0x3AEA, 0x3AEA, 0x3AEA, 0x32EA, 0x32C9,
  0x3AEA, 0x32C9, 0x32C9, 0x3AEA, 0x3B0A, 0x3B0A, 0x3AE9, 0x3AE9, 0x3AEA, 0x3AEA, 0x32C9, 0x3227,
  0x636A, 0x538C, 0x3B09, 0x3B0A, 0x430A, 0x3AC9, 0x3B09, 0x32C9, 0x3AC9, 0x3B09, 0x3AE9, 0x32A8,
  0x3AE9, 0x3AE9, 0x3AE9, 0x3AE9, 0x3B09, 0x3AE9, 0x3B09, 0x3B0A, 0x2A26, 0x5B08, 0x7C6E, 0x53CD,
  0x434C, 0x438C, 0x436C, 0x3B6C, 0x436C, 0x438C, 0x436B, 0x438C, 0x3B4B, 0x3B4C, 0x436C, 0x436C,
  0x436C, 0x438C, 0x438C, 0x438C, 0x436C, 0x4B6C, 0x2AA9, 0x5B29, 0x7C2E, 0x5BED, 0x434B, 0x4B8C,
  0x438C, 0x3B6B, 0x3B6C, 0x3B4C, 0x3B6C, 0x3B6C, 0x3B4B, 0x3B6C, 0x3B6B, 0x3B6B, 0x438C, 0x438C,
  0x436B, 0x3B6B, 0x4BAC, 0x4B8C, 0x2227, 0x6B69, 0x744D, 0x53AC, 0x4B8B, 0x4B6B, 0x4B6A, 0x4B8B,
  0x4B8B, 0x436B, 0x434B, 0x4B6B, 0x436B, 0x436B, 0x434B, 0x432A, 0x436B, 0x436B, 0x4B6B, 0x4B6B,
  0x4B6B, 0x3B2A, 0x3267, 0x7BEB, 0x740D, 0x4B4A, 0x4B49, 0x434A, 0x4B4A, 0x432A, 0x4329, 0x4309,
  0x42E9, 0x4309, 0x434A, 0x4B8B, 0x434B, 0x4B6B, 0x4B4A, 0x434A, 0x432A, 0x4B6B, 0x4B6A, 0x4B8B,
  0x32A8, 0x52C7, 0x740D, 0x6C2E, 0x538B, 0x53AC, 0x4B6B, 0x4B6B, 0x4B8B, 0x4B8B, 0x4B8B, 0x4B8B,
  0x4B6B, 0x432A, 0x436B, 0x4BAC, 0x4B8B, 0x4B6B, 0x4B6B, 0x4B6B, 0x4B6B, 0x4B4B, 0x4B8C, 0x3AE9,
  0x4AA7, 0x6BCC, 0x53AC, 0x4B6B, 0x434B, 0x434A, 0x432A, 0x432A, 0x432A, 0x434A, 0x432A, 0x432A,
  0x434A, 0x434A, 0x434A, 0x434A, 0x432A, 0x3B0A, 0x434A, 0x434B, 0x430A, 0x432A, 0x2A88, 0x52E8,
  0x63EB, 0x538B, 0x3AE9, 0x4309, 0x3AE9, 0x3B09, 0x3AE9, 0x3AC9, 0x3288, 0x3288, 0x2A68, 0x3288,
  0x3288, 0x32A9, 0x32A8, 0x32A8, 0x3288, 0x32A8, 0x3268, 0x2A47, 0x2A27, 0x3A26, 0x6B8B, 0x432C,
  0x3268, 0x3248, 0x2A48, 0x2A48, 0x2A28, 0x2A28, 0x2A27, 0x2207, 0x2A28, 0x1985, 0x3A26, 0x3A68,
  0x2A07, 0x2207, 0x2123, 0x2922, 0x3142, 0x4182, 0x6265, 0x4982, 0x3962, 0x3962, 0x3942, 0x3983,
  0x28E1, 0x59E3, 0x6243, 0x6A43, 0x7AA4, 0x82C4, 0x8B25, 0x9325, 0x9BA7, 0xA3E8, 0x9B86, 0x7AA3,
  0x19A6, 0x1985, 0x73AA, 0x2A27, 0x3227, 0x3247, 0x2A48, 0x2A48, 0x2A27, 0x2A47, 0x3288, 0x3A68,
  0x3A88, 0x2A26, 0x21E6, 0x2A07, 0x2A47, 0x2A47, 0x2A06, 0x3247, 0x2A27, 0x2A47, 0x21A5, 0x3A47,
  0x6BAB, 0x3267, 0x3268, 0x3288, 0x3288, 0x2A47, 0x3268, 0x2A27, 0x2A47, 0x3267, 0x3AC9, 0x3AC9,
  0x3268, 0x3268, 0x3288, 0x3288, 0x3288, 0x3AA8, 0x3268, 0x2A47, 0x21C5, 0x7C0C, 0x4B29, 0x3ACA,
  0x32A9, 0x3268, 0x3289, 0x32CA, 0x3ACA, 0x3AC9, 0x3288, 0x32A9, 0x32A9, 0x2A68, 0x32A9, 0x3AC9,
  0x32C9, 0x32C9, 0x3ACA, 0x32C9, 0x32A9, 0x3288, 0x2A27, 0x840C, 0x4B0A, 0x430A, 0x3AC9, 0x3AA9,
  0x3AA9, 0x32CA, 0x32A9, 0x32A9, 0x3AEA, 0x3AEA, 0x3288, 0x32A9, 0x2AA9, 0x32C9, 0x32A9, 0x3AE9,
  0x3AC9, 0x3AC9, 0x3AE9, 0x32A9, 0x2A26, 0x7BEB, 0x42E9, 0x3ACA, 0x3AC9, 0x3AA8, 0x3AA8, 0x42E9,
  0x3AC9, 0x3A88, 0x3A88, 0x3267, 0x2A47, 0x3AA8, 0x3AC9, 0x32A9, 0x32A9, 0x3AC9, 0x3AA9, 0x3AC8,
  0x3AA8, 0x3288, 0x3247, 0x7C0C, 0x4AE8, 0x42C9, 0x42C8, 0x3AC8, 0x42C8, 0x42E9, 0x3AC8, 0x42C8,
  0x4AC8, 0x42C8, 0x3AA8, 0x32A8, 0x3288, 0x3A88, 0x42A8, 0x42A8, 0x32A8, 0x42E9, 0x42A8, 0x3288,
  0x21E5, 0x6329, 0x638B, 0x42E9, 0x3AC9, 0x3AA8, 0x3AA8, 0x32A8, 0x3288, 0x3288, 0x3AE9, 0x3AEA,
  0x3AC9, 0x3288, 0x3288, 0x3AC9, 0x3AC9, 0x3AA9, 0x3288, 0x3288, 0x3AC9, 0x3288, 0x3288, 0x2206,
  0x5308, 0x5B29, 0x32A8, 0x3AC9, 0x3288, 0x3AA8, 0x3267, 0x3288, 0x3267, 0x3267, 0x3AA8, 0x2A47,
  0x2A27, 0x3268, 0x3247, 0x2A27, 0x2A47, 0x2A47, 0x3267, 0x3268, 0x2A27, 0x2A47, 0x11A5, 0x52C8,
  0x6B8B, 0x3267, 0x3267, 0x3267, 0x3247, 0x2A47, 0x3268, 0x3267, 0x2A27, 0x2A26, 0x2A27, 0x21E6,
  0x2206, 0x2206, 0x3268, 0x3248, 0x2207, 0x2A27, 0x2A07, 0x21C6, 0x1184, 0x31E5, 0x6B6A, 0x3247,
  0x2A27, 0x2A07, 0x2207, 0x2A28, 0x21C7, 0x21C7, 0x21E6, 0x21C6, 0x21A6, 0x1103, 0x3A06, 0x3A47,
  0x1985, 0x1985, 0x10E2, 0x2922, 0x3942, 0x3942, 0x5A24, 0x49A2, 0x3942, 0x3962, 0x3962, 0x3962,
  0x3121, 0x51E3, 0x6244, 0x6223, 0x7284, 0x7AA3, 0x8B05, 0x8B25, 0x9B86, 0x9BC7, 0x9BA7, 0x8B05,
  0x4A88, 0x5AE9, 0x83CA, 0x4A87, 0x31C5, 0x3A05, 0x3A46, 0x3A47, 0x4AC8, 0x4A87, 0x4A87, 0x4A87,
  0x4A67, 0x4246, 0x4A87, 0x52A8, 0x4246, 0x4AA8, 0x4A88, 0x4A87, 0x4267, 0x3A67, 0x4A66, 0x6B08,
  0x6B89, 0x3205, 0x3205, 0x4267, 0x4246, 0x4A67, 0x3A26, 0x4267, 0x4A67, 0x4A66, 0x4A66, 0x4A87,
  0x4267, 0x4A87, 0x4267, 0x4266, 0x4AC7, 0x4A87, 0x4287, 0x4AA7, 0x5AA7, 0x83EA, 0x52E7, 0x3A46,
  0x4267, 0x4266, 0x4AA8, 0x4287, 0x4287, 0x52C8, 0x52C8, 0x52E8, 0x4AA8, 0x4246, 0x4A87, 0x4AA7,
  0x4AC8, 0x4AE9, 0x42A7, 0x4AA7, 0x4287, 0x4287, 0x5AE8, 0x8C2B, 0x5308, 0x3A25, 0x3A26, 0x4246,
  0x4246, 0x4287, 0x4267, 0x4A87, 0x4AA7, 0x4266, 0x4AC8, 0x4AC7, 0x4AC7, 0x4AA7, 0x4AA7, 0x4286,
  0x4AA7, 0x4A87, 0x4A86, 0x3A66, 0x52A6, 0x83EA, 0x4A87, 0x3A26, 0x4267, 0x4246, 0x4246, 0x4AA7,
  0x52C8, 0x52A7, 0x4A87, 0x4225, 0x4287, 0x52C7, 0x52C7, 0x4AA7, 0x5309, 0x52C8, 0x52C7, 0x4245,
  0x4A66, 0x4A87, 0x5AC7, 0x8BEA, 0x52E7, 0x4266, 0x4AA7, 0x4AA6, 0x52C7, 0x52C7, 0x52E7, 0x5AE8,
  0x5AC7, 0x5AE8, 0x52C8, 0x4AA7, 0x52E8, 0x52C7, 0x5AE7, 0x5AE8, 0x4AA7, 0x4266, 0x4A45, 0x4A86,
  0x4A86, 0x7B89, 0x7369, 0x3A25, 0x4267, 0x3A46, 0x4266, 0x4246, 0x4A66, 0x4287, 0x4267, 0x3A66,
  0x4266, 0x4266, 0x4A66, 0x4A66, 0x4AA7, 0x4AA8, 0x42A7, 0x4286, 0x4AA7, 0x4AC7, 0x4AC7, 0x4266,
  0x7B89, 0x7389, 0x4245, 0x4266, 0x4287, 0x4246, 0x4286, 0x4246, 0x4A86, 0x52A7, 0x52A7, 0x4246,
  0x4205, 0x52A7, 0x52C7, 0x4266, 0x4267, 0x4AA7, 0x4246, 0x3A25, 0x4267, 0x4A66, 0x3205, 0x6B07,
  0x7BAA, 0x4225, 0x3A46, 0x4266, 0x3A26, 0x3A25, 0x4287, 0x4266, 0x4246, 0x4246, 0x4246, 0x3A26,
  0x4246, 0x3A26, 0x4267, 0x4267, 0x3A47, 0x3A26, 0x3A26, 0x3A26, 0x3205, 0x4A86, 0x83EA, 0x4266,
  0x3205, 0x4247, 0x4247, 0x3A47, 0x3A26, 0x3A06, 0x4246, 0x4A47, 0x4227, 0x39E5, 0x5AA7, 0x5AC8,
  0x3A26, 0x3A27, 0x2984, 0x2900, 0x3962, 0x3942, 0x51E3, 0x51E3, 0x4162, 0x4162, 0x3962, 0x3942,
  0x3942, 0x3942, 0x6223, 0x5A02, 0x7284, 0x7A83, 0x82C4, 0x8B05, 0x9366, 0x9B87, 0x9B87, 0x8B04,
  0x29E6, 0x52C9, 0x52E9, 0x3268, 0x2A47, 0x3248, 0x2A47, 0x3268, 0x3268, 0x3267, 0x3288, 0x3288,
  0x3288, 0x3288, 0x3288, 0x3AA9, 0x3AA8, 0x3AA9, 0x3AA9, 0x3AA8, 0x3AA8, 0x3247, 0x31E5, 0x6B6A,
  0x534A, 0x3AA8, 0x2A47, 0x3287, 0x3287, 0x3AA8, 0x2A47, 0x2A68, 0x3288, 0x32A8, 0x3A88, 0x3267,
  0x3247, 0x3247, 0x3267, 0x3267, 0x3AA8, 0x3268, 0x3268, 0x2A06, 0x52A8, 0x73CC, 0x430A, 0x3AC9,
  0x430A, 0x3B0A, 0x3AE9, 0x3B0A, 0x3B0A, 0x432A, 0x432A, 0x432A, 0x434A, 0x3AE9, 0x42E9, 0x4309,
  0x3B2A, 0x3B2A, 0x432A, 0x432A, 0x432A, 0x3AC9, 0x4A87, 0x73EB, 0x536A, 0x4B4B, 0x32E9, 0x4309,
  0x3AE9, 0x3B29, 0x3B0A, 0x432A, 0x432A, 0x3B0A, 0x3B2A, 0x432A, 0x432A, 0x432A, 0x434A, 0x4B4B,
  0x4B6B, 0x432A, 0x4B6B, 0x2A47, 0x4A87, 0x840C, 0x536A, 0x4309, 0x4309, 0x4309, 0x4309, 0x4309,
  0x4309, 0x4309, 0x4329, 0x3AA8, 0x3AE9, 0x42E9, 0x42E8, 0x432A, 0x434A, 0x3B09, 0x4309, 0x42E8,
  0x4309, 0x3287, 0x3A25, 0x7BCA, 0x5BAB, 0x432A, 0x42E8, 0x3AE8, 0x42E9, 0x3AC8, 0x42E9, 0x4B09,
  0x42E9, 0x3AC8, 0x4309, 0x4309, 0x4309, 0x4309, 0x4B09, 0x4B29, 0x42E9, 0x3AC8, 0x42C8, 0x4309,
  0x3A87, 0x6B69, 0x73CB, 0x4B4A, 0x3AE9, 0x3AE9, 0x4309, 0x4309, 0x4B09, 0x4B2A, 0x432A, 0x4309,
  0x4309, 0x42E9, 0x42E8, 0x4B29, 0x42E9, 0x3AE9, 0x3AE9, 0x4309, 0x4329, 0x4329, 0x4B2A, 0x3267,
  0x52E7, 0x6BAB, 0x4B29, 0x3AA8, 0x3AA8, 0x3AA8, 0x3AC8, 0x3287, 0x3A87, 0x3A67, 0x3A67, 0x3A67,
  0x3A67, 0x42C8, 0x3AC8, 0x3AA8, 0x32A8, 0x3AA8, 0x3A87, 0x3AA8, 0x3AA8, 0x3AA8, 0x2A67, 0x52C7,
  0x73AA, 0x4B09, 0x3AC8, 0x3A87, 0x3A88, 0x3288, 0x3288, 0x3267, 0x3A88, 0x3267, 0x3247, 0x3247,
  0x3267, 0x3247, 0x3A88, 0x3A88, 0x3267, 0x3247, 0x3267, 0x3247, 0x3247, 0x3206, 0x6B69, 0x4AE9,
  0x3A89, 0x3247, 0x3248, 0x2A27, 0x2A27, 0x29E7, 0x29E6, 0x29C6, 0x29C6, 0x21A6, 0x31E6, 0x52C8,
  0x2A06, 0x2A07, 0x29C6, 0x2122, 0x3962, 0x3942, 0x4982, 0x5A03, 0x4182, 0x4182, 0x4182, 0x3962,
  0x3962, 0x3101, 0x6224, 0x5A02, 0x6A64, 0x7AA4, 0x82C4, 0x8B05, 0x9366, 0x9346, 0x9B86, 0x9B86,
  0x21A5, 0x5B4A, 0x42C9, 0x2269, 0x2A48, 0x2A68, 0x2A68, 0x2A48, 0x2A48, 0x2A48, 0x2A68, 0x2A28,
  0x2A48, 0x2A68, 0x2A28, 0x1985, 0x1143, 0x1123, 0x2206, 0x32A9, 0x32A9, 0x2A68, 0x3205, 0x6BCC,
  0x3AEA, 0x32A9, 0x3288, 0x3268, 0x3268, 0x2A89, 0x32A9, 0x2A88, 0x2A88, 0x2A68, 0x32A9, 0x32A9,
  0x3288, 0x2A68, 0x3288, 0x3288, 0x32A8, 0x3287, 0x32A8, 0x2206, 0x6349, 0x63CC, 0x3B0A, 0x3B0A,
  0x3B0B, 0x3B0A, 0x330A, 0x3B4B, 0x3B4B, 0x332A, 0x3B2A, 0x3B2A, 0x3B2A, 0x3B2A, 0x3B0A, 0x3B2A,
  0x436B, 0x3B4B, 0x436C, 0x3B4B, 0x438C, 0x32C9, 0x4AC7, 0x844D, 0x538C, 0x434B, 0x3B2B, 0x432A,
  0x434A, 0x434B, 0x436C, 0x3B2A, 0x3B4B, 0x3B2B, 0x3B4B, 0x3B2A, 0x3B6B, 0x436B, 0x3B4B, 0x436B,
  0x436C, 0x3B4B, 0x438B, 0x3268, 0x52E9, 0x7C4D, 0x4B6B, 0x3B0A, 0x432A, 0x432A, 0x432A, 0x3B0A,
  0x3B2A, 0x3B0A, 0x434A, 0x432A, 0x32E9, 0x3B0A, 0x434A, 0x434A, 0x434A, 0x434A, 0x3B2A, 0x3B0A,
  0x3B09, 0x3AC8, 0x3A46, 0x7C2C, 0x5BAB, 0x436B, 0x4329, 0x3AE9, 0x3AE9, 0x3B09, 0x3B0A, 0x3B0A,
  0x3B0A, 0x3B0A, 0x432A, 0x3B0A, 0x434A, 0x434B, 0x3B2A, 0x432A, 0x3B2A, 0x3B29, 0x3B0A, 0x432A,
  0x32C8, 0x6B8B, 0x740D, 0x436B, 0x3B2A, 0x3B2A, 0x3B2A, 0x434B, 0x434B, 0x432B, 0x432A, 0x434A,
  0x434B, 0x436B, 0x3B2A, 0x3B2A, 0x3B2A, 0x434B, 0x432A, 0x436B, 0x436B, 0x434A, 0x434B, 0x32C9,
  0x4AA7, 0x740C, 0x430A, 0x32C8, 0x32A8, 0x3AC9, 0x3AC9, 0x3AC9, 0x3AC9, 0x32A8, 0x32A8, 0x32A8,
  0x3AC8, 0x32A8, 0x3AE9, 0x3AE9, 0x3AE9, 0x32C8, 0x32C8, 0x32C9, 0x3AC9, 0x3B2A, 0x32C9, 0x4267,
  0x73CB, 0x430A, 0x2AA8, 0x32A8, 0x32C9, 0x32A9, 0x3288, 0x32A8, 0x2A88, 0x2A88, 0x32A8, 0x2A88,
  0x2A88, 0x2A88, 0x2A88, 0x2A68, 0x2A68, 0x2A68, 0x2A68, 0x2A68, 0x3289, 0x29E6, 0x4AC8, 0x534A,
  0x3289, 0x2227, 0x21E6, 0x19E7, 0x21E7, 0x2207, 0x21E6, 0x21C6, 0x21C6, 0x21E7, 0x1985, 0x4AA8,
  0x2A07, 0x1986, 0x1103, 0x10C1, 0x2921, 0x3943, 0x4182, 0x6244, 0x4182, 0x4182, 0x4182, 0x3962,
  0x3962, 0x3101, 0x5A04, 0x6203, 0x6A43, 0x7AC4, 0x82A4, 0x8B05, 0x9346, 0x9366, 0x8B05, 0xA3C7,
  0x4247, 0x636B, 0x3A88, 0x2269, 0x2A68, 0x2A68, 0x2A89, 0x2A69, 0x2A69, 0x2A68, 0x2A69, 0x2A68,
  0x2A48, 0x2A28, 0x21A3, 0x2A02, 0x29E1, 0x31E1, 0x2181, 0x1123, 0x3268, 0x2A27, 0x4AA8, 0x4205,
  0x18E2, 0x2142, 0x2142, 0x1902, 0x18E2, 0x18C2, 0x1902, 0x1922, 0x1902, 0x10E2, 0x1902, 0x1902,
  0x18E2, 0x10E2, 0x18E2, 0x18E2, 0x10E2, 0x1901, 0x1902, 0x10E1, 0x3143, 0x2123, 0x1902, 0x1923,
  0x1902, 0x1923, 0x1923, 0x1923, 0x1923, 0x1923, 0x1923, 0x1903, 0x1923, 0x2143, 0x2143, 0x1943,
  0x1943, 0x1923, 0x1923, 0x1923, 0x2143, 0x1902, 0x2922, 0x3163, 0x1923, 0x1922, 0x1923, 0x1922,
  0x1922, 0x1922, 0x1943, 0x1923, 0x1923, 0x1903, 0x1923, 0x1923, 0x1923, 0x1923, 0x1923, 0x1923,
  0x1943, 0x2123, 0x1942, 0x18E1, 0x2902, 0x2963, 0x1902, 0x1922, 0x2122, 0x2143, 0x1922, 0x1922,
  0x1922, 0x2122, 0x2142, 0x2122, 0x1902, 0x1922, 0x2143, 0x1942, 0x2142, 0x2142, 0x1922, 0x1922,
  0x1922, 0x1902, 0x2102, 0x3163, 0x2142, 0x1943, 0x2122, 0x1902, 0x1902, 0x1902, 0x2122, 0x1922,
  0x1922, 0x2122, 0x1902, 0x1922, 0x2122, 0x2143, 0x2143, 0x2123, 0x2123, 0x1922, 0x1902, 0x1923,
  0x1142, 0x3163, 0x2963, 0x1922, 0x1922, 0x1922, 0x1923, 0x1922, 0x1902, 0x1922, 0x1922, 0x1922,
  0x2143, 0x2143, 0x1922, 0x1922, 0x1922, 0x2123, 0x2123, 0x1922, 0x1923, 0x2123, 0x2143, 0x1902,
  0x2101, 0x2943, 0x1922, 0x1922, 0x1902, 0x1902, 0x2122, 0x2142, 0x1922, 0x1922, 0x1922, 0x1922,
  0x1902, 0x1902, 0x1922, 0x2123, 0x1922, 0x1902, 0x1902, 0x1102, 0x1922, 0x2162, 0x1942, 0x18E1,
  0x2922, 0x10E2, 0x1102, 0x1902, 0x1922, 0x1922, 0x1922, 0x1902, 0x18E2, 0x1902, 0x1902, 0x1922,
  0x1902, 0x1902, 0x1902, 0x18E2, 0x18E2, 0x18E2, 0x18E2, 0x1922, 0x1922, 0x18C1, 0x20E2, 0x2123,
  0x18E2, 0x18E2, 0x10C1, 0x10C1, 0x18E2, 0x1902, 0x18E2, 0x18C1, 0x1102, 0x29C6, 0x2186, 0x3A27,
  0x1944, 0x1121, 0x29C1, 0x3202, 0x29C2, 0x2921, 0x3942, 0x5A24, 0x49A3, 0x4162, 0x4182, 0x4162,
  0x41A3, 0x3101, 0x49A3, 0x6A44, 0x6243, 0x7284, 0x7A84, 0x8AE5, 0x8B25, 0x9B86, 0x8B04, 0x9BA7,
  0x5AA9, 0x3A26, 0x1964, 0x1165, 0x21A5, 0x21A5, 0x2164, 0x2164, 0x21A5, 0x2A07, 0x21E7, 0x21E5,
  0x2A07, 0x1965, 0x21A1, 0x6C44, 0x6C24, 0x7465, 0x63C4, 0x4283, 0x1902, 0x2184, 0x3163, 0x49A2,
  0x49C2, 0x7283, 0x7283, 0x6A43, 0x6A43, 0x7263, 0x7263, 0x7283, 0x7A83, 0x7A83, 0x7AA3, 0x82E4,
  0x82C4, 0x82E4, 0x7AA4, 0x7AA3, 0x82C4, 0x8B04, 0x8B04, 0x82E4, 0x82C4, 0x82C4, 0x82E4, 0x82E4,
  0x82E4, 0x82E4, 0x82C4, 0x7AA3, 0x82C4, 0x82A3, 0x7AA3, 0x7AA3, 0x82C4, 0x82E4, 0x82E4, 0x8B04,
  0x82C4, 0x82E4, 0x82C3, 0x82A3, 0x82E4, 0x82E4, 0x82C3, 0x7AA3, 0x7AC4, 0x7AA3, 0x7AA3, 0x7263,
  0x7263, 0x7263, 0x82A4, 0x82C4, 0x7263, 0x7A83, 0x7AA3, 0x7AA3, 0x7AA3, 0x7AA3, 0x7AA3, 0x7AA4,
  0x82C4, 0x82A3, 0x82C3, 0x82C4, 0x82C4, 0x7AC4, 0x7AC4, 0x7AA3, 0x7AA3, 0x7AA3, 0x82C4, 0x7AA3,
  0x82C3, 0x82C3, 0x82C3, 0x7AA3, 0x7AC3, 0x82E4, 0x82E4, 0x8B04, 0x8B05, 0x8304, 0x8B04, 0x8B24,
  0x82E4, 0x8B04, 0x8B04, 0x8AE4, 0x82E4, 0x8304, 0x82E4, 0x82C3, 0x8AE4, 0x8B04, 0x82E4, 0x82C3,
  0x82C3, 0x82C3, 0x7AA3, 0x82C3, 0x82E3, 0x82E3, 0x82E3, 0x82C3, 0x82A3, 0x82C4, 0x82E4, 0x82C4,
  0x7B04, 0x82C3, 0x7AC3, 0x7AC4, 0x82C4, 0x82C4, 0x82C4, 0x82C4, 0x82A4, 0x82C4, 0x82C4, 0x7AA3,
  0x7AA3, 0x7A83, 0x7AA3, 0x82A3, 0x82C4, 0x7AA3, 0x82C4, 0x82C4, 0x7AA3, 0x82C3, 0x82E4, 0x82E4,
  0x82C3, 0x7AA3, 0x7AC4, 0x82C3, 0x7AC4, 0x7AC4, 0x7AA3, 0x7AC3, 0x7AA3, 0x7A83, 0x7A83, 0x7AA3,
  0x7AA3, 0x7AC4, 0x7A83, 0x7AA3, 0x7AC4, 0x7263, 0x7283, 0x7AA3, 0x82C3, 0x8B03, 0x8AE3, 0x7AA3,
  0x7263, 0x72A4, 0x7AA4, 0x7AA3, 0x82C3, 0x82E3, 0x82E3, 0x82C3, 0x7AA4, 0x7AA3, 0x7AA3, 0x7AA3,
  0x7AA3, 0x7AA3, 0x82C3, 0x7AA4, 0x6A22, 0x7283, 0x7A83, 0x7AA3, 0x82C3, 0x7A83, 0x7283, 0x7263,
  0x7AA4, 0x7AC4, 0x7242, 0x7263, 0x7243, 0x7243, 0x6A22, 0x51C2, 0x3942, 0x2922, 0x18C2, 0x1902,
  0x5344, 0x63C4, 0x6C05, 0x6C05, 0x4B04, 0x18E0, 0x28E1, 0x49C3, 0x49C3, 0x3121, 0x3962, 0x3941,
  0x3982, 0x3101, 0x4162, 0x6264, 0x59E2, 0x6A43, 0x7AA4, 0x82E4, 0x8B05, 0x9B86, 0x9325, 0x9B86,
  0x4182, 0x3962, 0x4182, 0x4162, 0x4982, 0x4982, 0x4162, 0x4982, 0x49A3, 0x49A3, 0x49C3, 0x41C3,
  0x49C4, 0x3162, 0x29A1, 0x7465, 0x6404, 0x5B83, 0x63E5, 0x6BC5, 0x31C2, 0x18E0, 0x39C2, 0x4A03,
  0x3962, 0x8B06, 0xABA5, 0xA385, 0xA3C6, 0xABC6, 0xABC6, 0xABC6, 0xABE7, 0xB407, 0xB407, 0xB427,
  0xB406, 0xB407, 0xAC06, 0xABE6, 0xABE7, 0xB427, 0xBC27, 0xBC27, 0xB427, 0xB427, 0xB426, 0xB427,
  0xB406, 0xB406, 0xB427, 0xB427, 0xB427, 0xB427, 0xABE6, 0xABE6, 0xABE6, 0xABE6, 0xB427, 0xBC47,
  0xB427, 0xB427, 0xB406, 0xB406, 0xB407, 0xB426, 0xB426, 0xAC06, 0xB406, 0xB406, 0xABE6, 0xABE6,
  0xABE7, 0xABE6, 0xABE7, 0xB406, 0xB427, 0xB406, 0xABE6, 0xB406, 0xB407, 0xB406, 0xB407, 0xABE6,
  0xABE6, 0xABE6, 0xABE6, 0xABE6, 0xB407, 0xABE7, 0xABE6, 0xABC6, 0xABE6, 0xABE6, 0xABC6, 0xABC6,
  0xABE6, 0xABC6, 0xB407, 0xB407, 0xB3E6, 0xB406, 0xABE6, 0xABE6, 0xABC6, 0xABE6, 0xABE6, 0xABE6,
  0xB406, 0xB406, 0xAC06, 0xAC06, 0xABE6, 0xABE6, 0xABE6, 0xB406, 0xABE6, 0xB406, 0xABE6, 0xABE6,
  0xB3E6, 0xB407, 0xB427, 0xB427, 0xB427, 0xB406, 0xB406, 0xABE6, 0xB406, 0xB407, 0xB406, 0xB407,
  0xAC07, 0xAC06, 0xABE7, 0xABE6, 0xABE6, 0xB427, 0xB406, 0xB406, 0xB407, 0xB406, 0xB407, 0xABE6,
  0xA3A5, 0xA3A5, 0xABC6, 0xABE6, 0xABE6, 0xABE6, 0xB427, 0xB427, 0xB406, 0xB3E6, 0xB406, 0xB406,
  0xB406, 0xABC6, 0xABC6, 0xABE6, 0xABE6, 0xABE6, 0xABC6, 0xA3A5, 0xA3C5, 0xAC06, 0xABE6, 0xABE6,
  0xB407, 0xABE6, 0xABE6, 0xABE6, 0xABC6, 0xABE6, 0xA3A5, 0xABC6, 0xABC5, 0xB3E6, 0xB3C6, 0xABC6,
  0xA3C6, 0xA3A6, 0xABC6, 0xB406, 0xB427, 0xB406, 0xB407, 0xB406, 0xABE6, 0xABE6, 0xABC6, 0xABE6,
  0xABE6, 0xABE6, 0xABE5, 0xA3C5, 0xABC6, 0xABE6, 0xAC06, 0xABE6, 0xABC5, 0xABA6, 0xABC6, 0xABC6,
  0xABA6, 0xA3A6, 0x9B85, 0x9B65, 0x9B45, 0x8B25, 0x82C4, 0x4161, 0x41A2, 0x3121, 0x1060, 0x4AA3,
  0x7485, 0x5B84, 0x4AE3, 0x5BA4, 0x3AA3, 0x18E0, 0x3122, 0x4182, 0x3942, 0x3942, 0x3962, 0x3141,
  0x3142, 0x3101, 0x3122, 0x5A23, 0x51C2, 0x6223, 0x7AA4, 0x82C4, 0x82E4, 0x9B86, 0x9B66, 0x9B66,
  0x5A04, 0x51E4, 0x59E3, 0x51C2, 0x51C3, 0x51C3, 0x51C3, 0x51C3, 0x59E3, 0x5A03, 0x5A23, 0x5A03,
  0x6204, 0x51E3, 0x2941, 0x63A4, 0x7C85, 0x5BA3, 0x42E3, 0x5343, 0x3202, 0x42A3, 0x7C46, 0x7404,
  0x42A2, 0x2921, 0x7284, 0x82C3, 0x82E4, 0x8AE4, 0x8AE4, 0x9325, 0x9324, 0x9304, 0x9324, 0x9324,
  0x9345, 0x9325, 0x9325, 0x9304, 0x8AE4, 0x9325, 0x9324, 0x9324, 0x8B04, 0x8B04, 0x9324, 0x9B45,
  0x9B25, 0x9325, 0x9345, 0x9345, 0x9B45, 0x9B45, 0x9345, 0x9324, 0x9304, 0x9304, 0x9B45, 0x9B65,
  0x9B85, 0x9B65, 0x9B65, 0x9B65, 0x9B45, 0x9B45, 0x9B45, 0x9B45, 0x9B45, 0x9B65, 0x9B65, 0x9B65,
  0x9B44, 0x9304, 0x8B04, 0x9304, 0x9324, 0x9344, 0x9345, 0x9325, 0x9324, 0x9B45, 0x9345, 0x9324,
  0x9324, 0x9324, 0x9324, 0x9324, 0x9344, 0x9324, 0x9344, 0x9B45, 0x9324, 0x9344, 0x9324, 0x9B44,
  0x9B44, 0x9B44, 0x9B44, 0x9B45, 0x9344, 0x9B45, 0x9324, 0x9324, 0x9304, 0x9324, 0x9324, 0x9B45,
  0x9B65, 0x9B44, 0x9324, 0x8B04, 0x9325, 0x9345, 0x9345, 0x9B65, 0x9B45, 0x9304, 0x9324, 0x9304,
  0x8B04, 0x9324, 0x9344, 0x9324, 0x9324, 0x9304, 0x9304, 0x9324, 0x9B45, 0x9B65, 0x9345, 0x9325,
  0x9324, 0x9344, 0x9304, 0x9324, 0x9324, 0x9B45, 0x9B44, 0x9324, 0x9324, 0x9324, 0x9344, 0x9345,
  0x9304, 0x9324, 0x9304, 0x8B04, 0x8B04, 0x9324, 0x9345, 0x9324, 0x9345, 0x9345, 0x9B45, 0x9345,
  0x9324, 0x8B04, 0x9324, 0x9345, 0x9345, 0x9345, 0x9324, 0x9324, 0x9344, 0x9B65, 0x9B85, 0x9B65,
  0x9344, 0x9B44, 0x9325, 0x9325, 0x9324, 0x9324, 0x9324, 0x9324, 0x8B24, 0x8B04, 0x9304, 0x8AE4,
  0x8AE4, 0x9324, 0x9324, 0x9344, 0x9B24, 0x9324, 0x9324, 0x9B24, 0x9324, 0x9345, 0x8B04, 0x8AE4,
  0x8AE4, 0x9324, 0x9324, 0x9324, 0x9324, 0x9324, 0x9304, 0x9324, 0x9324, 0x9325, 0x9324, 0x9324,
  0x8AE4, 0x82C3, 0x8AC4, 0x82A4, 0x7263, 0x59C2, 0x28E1, 0x4AC4, 0x7465, 0x63A4, 0x29E2, 0x4283,
  0x4302, 0x4B43, 0x6C24, 0x5B44, 0x2A22, 0x18E0, 0x3963, 0x49A3, 0x4182, 0x4182, 0x4182, 0x4182,
  0x4162, 0x4163, 0x28E1, 0x51E3, 0x5A03, 0x6224, 0x7284, 0x7AA4, 0x82E4, 0x9345, 0x9B66, 0x8B05,
  0x4183, 0x4162, 0x4162, 0x4162, 0x4182, 0x51C3, 0x51C3, 0x49C2, 0x51E3, 0x59E3, 0x59E3, 0x5A03,
  0x51E3, 0x5203, 0x3141, 0x31E1, 0x5B83, 0x5BA4, 0x4B23, 0x42E3, 0x3282, 0x4B24, 0x4B22, 0x63E4,
  0x6C64, 0x52E3, 0x41A2, 0x8B25, 0x9304, 0x9304, 0x8AE4, 0x8AE4, 0x8AE4, 0x8B04, 0x9304, 0x8B04,
  0x9304, 0x8AE4, 0x8B04, 0x9304, 0x8AE4, 0x8B04, 0x8B24, 0x8B23, 0x9304, 0x9304, 0x9325, 0x9324,
  0x9324, 0x9324, 0x8B24, 0x9305, 0x9304, 0x9304, 0x9325, 0x9325, 0x9324, 0x9324, 0x9325, 0x8B24,
  0x9304, 0x9304, 0x8B03, 0x9324, 0x9304, 0x9304, 0x9304, 0x9304, 0x8B04, 0x8B04, 0x8AE3, 0x8AE3,
  0x8AE3, 0x8AE3, 0x8AE3, 0x8AE4, 0x8AE4, 0x9304, 0x8AE4, 0x9304, 0x8B04, 0x8B04, 0x8AE3, 0x8AE4,
  0x8AE4, 0x8AE4, 0x8AE3, 0x8AE3, 0x8AE4, 0x8AE4, 0x9304, 0x9324, 0x9304, 0x9304, 0x9324, 0x9324,
  0x9324, 0x9B45, 0x9325, 0x9325, 0x9324, 0x92E5, 0x8B05, 0x8AE4, 0x9304, 0x9324, 0x9344, 0x9324,
  0x9B24, 0x9304, 0x8AE4, 0x8B04, 0x9304, 0x8B04, 0x8AE4, 0x8AE4, 0x9304, 0x9305, 0x8B25, 0x9324,
  0x9324, 0x9324, 0x8B03, 0x92E3, 0x82C4, 0x82E4, 0x8B04, 0x8B04, 0x8AE4, 0x8AE4, 0x8AE3, 0x82C3,
  0x82A4, 0x82C3, 0x82A3, 0x82C3, 0x8AE4, 0x8AE4, 0x8B04, 0x8B04, 0x9304, 0x9304, 0x9324, 0x9324,
  0x9304, 0x9304, 0x8B04, 0x8B04, 0x8B04, 0x8B04, 0x8B04, 0x8B04, 0x9325, 0x9325, 0x9304, 0x8B04,
  0x8B04, 0x9304, 0x9324, 0x8B04, 0x8B04, 0x8AE4, 0x8AC3, 0x8AC3, 0x8AE4, 0x8AE4, 0x8AE4, 0x8AE4,
  0x8AC3, 0x8AE3, 0x82E4, 0x82E4, 0x9304, 0x9324, 0x9B45, 0x9324, 0x9325, 0x8AC4, 0x8B05, 0x8B04,
  0x9304, 0x8B03, 0x8AC3, 0x82E3, 0x8AE4, 0x8AE4, 0x8AE4, 0x8AC4, 0x8AC3, 0x8AE4, 0x8AE4, 0x8B04,
  0x8AE4, 0x8AE4, 0x8AE3, 0x9304, 0x8AE4, 0x9304, 0x9324, 0x9304, 0x8B04, 0x9324, 0x9324, 0x9304,
  0x8B04, 0x9304, 0x9304, 0x9324, 0x82C5, 0x3961, 0x5B23, 0x7465, 0x6C24, 0x5343, 0x3AA3, 0x2A21,
  0x42E3, 0x53A4, 0x5384, 0x3A62, 0x1100, 0x20E1, 0x3962, 0x3962, 0x4162, 0x3942, 0x3921, 0x3121,
  0x3922, 0x3962, 0x28E1, 0x49A3, 0x5A23, 0x6223, 0x7263, 0x82A4, 0x82C4, 0x8B25, 0x9B86, 0x8B25,
  0x51C3, 0x51C3, 0x51C3, 0x51E3, 0x5A04, 0x5A03, 0x51E3, 0x5A03, 0x51E3, 0x59E3, 0x59E3, 0x5A23,
  0x59E3, 0x59E3, 0x51E4, 0x2101, 0x1900, 0x3A82, 0x4323, 0x3AE3, 0x63E4, 0x5B83, 0x4AE4, 0x4B03,
  0x63E3, 0x7484, 0x4A83, 0x5A02, 0x9B64, 0x9305, 0x8B04, 0x9304, 0x9324, 0x9324, 0x9325, 0x9324,
  0x9324, 0x9B25, 0xA365, 0x9B85, 0x9B65, 0x9B65, 0x9345, 0x9B46, 0x9B66, 0xA386, 0x9B65, 0x9B65,
  0x9B85, 0x9B65, 0x9344, 0x9325, 0x9324, 0x9365, 0x9B65, 0x9B85, 0xA3A5, 0xA386, 0xA366, 0x9B45,
  0x9345, 0x9B24, 0x9B25, 0x9325, 0x9324, 0x9304, 0x9304, 0x9304, 0x8B04, 0x9304, 0x8B04, 0x8B04,
  0x8B04, 0x9324, 0x9324, 0x9325, 0x8B04, 0x8B04, 0x8AE4, 0x8B04, 0x9304, 0x8AE3, 0x8AE4, 0x8AE3,
  0x8AE4, 0x8AE4, 0x8B04, 0x8AE4, 0x8AE4, 0x8AC3, 0x8AC3, 0x82C3, 0x82C3, 0x8AE4, 0x8AC4, 0x82C3,
  0x8AE3, 0x9303, 0x8B03, 0x8AE4, 0x9305, 0x9B45, 0x9365, 0x9325, 0x9B25, 0x9325, 0x9324, 0x9B45,
  0x9B66, 0x9345, 0x8B04, 0x8B04, 0x8B25, 0x9304, 0x9B45, 0x9B65, 0x9345, 0x9324, 0x9304, 0x9345,
  0xA385, 0xA385, 0x9B66, 0x9B66, 0x9B44, 0x9325, 0x9B66, 0x9B86, 0xA365, 0x9B65, 0x9B65, 0x9365,
  0x9324, 0x9B24, 0x9325, 0x9325, 0x9304, 0x8B04, 0x8B04, 0x8B04, 0x8AE3, 0x9304, 0x8AE3, 0x8AE3,
  0x8AE3, 0x8B03, 0x8B04, 0x9304, 0x8AE4, 0x8B04, 0x8AE4, 0x8B04, 0x8B04, 0x8AE4, 0x8B04, 0x9324,
  0x8B04, 0x9304, 0x9B45, 0x9324, 0x9324, 0x9324, 0x9324, 0x9304, 0x9344, 0x9324, 0x9324, 0x9324,
  0x9345, 0x9B65, 0x9324, 0x9325, 0x9366, 0x9B85, 0x9B85, 0xA386, 0xA386, 0x9B45, 0x9324, 0x9B65,
  0xA385, 0xA365, 0xA365, 0x9344, 0x9325, 0x9B24, 0x9B44, 0x9345, 0x9345, 0x9B25, 0x9304, 0x9B44,
  0x9324, 0x9304, 0x9324, 0x9325, 0x9324, 0x9345, 0x9345, 0x9324, 0x9304, 0x9325, 0x8B04, 0x8AE4,
  0x82C3, 0x82C3, 0x7AA3, 0x82E3, 0x49C2, 0x5B23, 0x7CA4, 0x6C04, 0x5323, 0x4AE3, 0x4B03, 0x3AA3,
  0x3242, 0x4302, 0x3262, 0x1960, 0x20E0, 0x4183, 0x4983, 0x41A2, 0x41A2, 0x4182, 0x4162, 0x3962,
  0x3942, 0x3942, 0x3122, 0x4162, 0x5A02, 0x5A23, 0x7263, 0x82C4, 0x7AA4, 0x82E4, 0x9B86, 0x9345,
  0x51E3, 0x51C3, 0x51C3, 0x49C2, 0x49A2, 0x51C3, 0x49A2, 0x4182, 0x41A2, 0x49A3, 0x49A3, 0x51E3,
  0x51C2, 0x49C3, 0x3161, 0x2120, 0x52E4, 0x63C4, 0x42E3, 0x4B24, 0x5363, 0x6404, 0x6C25, 0x5BA4,
  0x5342, 0x6C44, 0x63C4, 0x3161, 0x72A3, 0x8AE4, 0x8B04, 0x9324, 0x9304, 0x9325, 0x9324, 0x9324,
  0x7AC4, 0x4962, 0x51A1, 0x51E2, 0x51A1, 0x4121, 0x6243, 0x59C2, 0x4981, 0x4961, 0x7283, 0x6A43,
  0x4981, 0x6223, 0x9B65, 0x9B45, 0x6A43, 0x4141, 0x51A2, 0x7A83, 0x51A1, 0x51E2, 0x4981, 0x4121,
  0x59E3, 0x9346, 0x9B24, 0x9B44, 0x9304, 0x9324, 0x9304, 0x8B04, 0x9304, 0x9324, 0x9304, 0x8B04,
  0x9304, 0x8AE4, 0x8AC3, 0x8AE3, 0x8AC3, 0x8AE4, 0x8AE4, 0x8AE4, 0x9304, 0x9304, 0x9325, 0x9325,
  0x9325, 0x9325, 0x9325, 0x9304, 0x9304, 0x9304, 0x8B04, 0x9304, 0x9304, 0x9325, 0x9324, 0x9324,
  0x9324, 0x9324, 0x9324, 0x9345, 0x72A3, 0x4982, 0x4161, 0x5A23, 0x9365, 0x9324, 0x9B45, 0x6A44,
  0x4182, 0x4981, 0x5A03, 0x9324, 0x8B24, 0x9345, 0x6A63, 0x4982, 0x4182, 0x6A43, 0x9B45, 0x82C4,
  0x51A1, 0x51C2, 0x4981, 0x3962, 0x6A43, 0x9B45, 0x8B04, 0x51A2, 0x51A1, 0x4141, 0x4141, 0x59C2,
  0x8B25, 0x9B44, 0x9B25, 0x9324, 0x9324, 0x9324, 0x9324, 0x9304, 0x9304, 0x9325, 0x9325, 0x9B45,
  0x9B45, 0x9345, 0x9344, 0x9324, 0x9324, 0x9324, 0x9324, 0x9324, 0x9324, 0x8B04, 0x8B04, 0x8AE4,
  0x8AC4, 0x8B04, 0x8B04, 0x8B04, 0x9324, 0x9325, 0x9345, 0x9324, 0x9324, 0x9345, 0x9324, 0x9304,
  0x51C2, 0x51A1, 0x8B04, 0x82C4, 0x4161, 0x59A1, 0x7A84, 0x5161, 0x51C1, 0x4981, 0x7AA3, 0x51A2,
  0x51A1, 0x59C2, 0x51A1, 0x3961, 0x6203, 0x9B45, 0x6A43, 0x4162, 0x4161, 0x6223, 0x9345, 0x9344,
  0x9B45, 0x9B45, 0x9345, 0x9B45, 0x9325, 0x9345, 0x9325, 0x8B04, 0x9324, 0x8B04, 0x9324, 0x9304,
  0x8B04, 0x8B04, 0x9324, 0x7284, 0x41E2, 0x84E6, 0x7464, 0x5324, 0x5B84, 0x6C23, 0x63C4, 0x42E3,
  0x3AA2, 0x5BC3, 0x6C04, 0x3202, 0x2141, 0x2901, 0x3982, 0x49A3, 0x4182, 0x3962, 0x3942, 0x3942,
  0x3121, 0x3141, 0x3122, 0x3102, 0x5A43, 0x6223, 0x7263, 0x7AA4, 0x82C4, 0x82C4, 0x9346, 0x9B66,
  0x41A2, 0x4182, 0x4162, 0x4182, 0x4182, 0x4182, 0x4182, 0x3962, 0x3962, 0x4162, 0x4182, 0x3962,
  0x4182, 0x3121, 0x3A22, 0x5BA4, 0x7C85, 0x5342, 0x4AE3, 0x7C86, 0x4B43, 0x3AA2, 0x5343, 0x6BE4,
  0x63A4, 0x5343, 0x5B84, 0x2942, 0x49A1, 0x7A62, 0x82A3, 0x8AC4, 0x8AC3, 0x8AE4, 0x8AC3, 0x8AC3,
  0x6223, 0x1860, 0x3941, 0x20C0, 0x4141, 0x2080, 0x49A2, 0x6264, 0x1880, 0x30E1, 0x7AC5, 0x6223,
  0x20A0, 0x28E0, 0x7AA3, 0x8B25, 0x28C0, 0x0820, 0x4983, 0x7AA4, 0x28E0, 0x28E0, 0x4981, 0x3921,
  0x30E0, 0x8B25, 0x8B03, 0x9304, 0x9304, 0x8B04, 0x8B04, 0x8AE4, 0x8AE3, 0x8AC3, 0x8AE3, 0x9324,
  0x9324, 0x9324, 0x9324, 0x9324, 0x9325, 0x9324, 0x8B04, 0x8B04, 0x9304, 0x9324, 0x9324, 0x9345,
  0x9324, 0x9304, 0x9324, 0x9324, 0x9324, 0x9324, 0x9324, 0x9324, 0x9324, 0x9304, 0x9324, 0x8AE4,
  0x8AE4, 0x9304, 0x8B04, 0x82C4, 0x28C0, 0x28E0, 0x4141, 0x1840, 0x59C2, 0x9B85, 0x6223, 0x1860,
  0x28E0, 0x4982, 0x1880, 0x6A02, 0x9B66, 0x6204, 0x1840, 0x3101, 0x28E1, 0x28A0, 0x6A64, 0x8B04,
  0x3941, 0x20C0, 0x4141, 0x20A0, 0x28C0, 0x8B04, 0x9344, 0x3100, 0x20A0, 0x3921, 0x3101, 0x28A0,
  0x8B05, 0x9324, 0x9324, 0x9324, 0x9324, 0x9324, 0x9324, 0x9324, 0x8B04, 0x8B04, 0x8B04, 0x9324,
  0x9304, 0x9324, 0x9344, 0x9324, 0x9324, 0x9324, 0x9324, 0x9304, 0x9324, 0x9304, 0x9304, 0x9304,
  0x9304, 0x9324, 0x9304, 0x9324, 0x9325, 0x8AE4, 0x8AE4, 0x8AE4, 0x8AE4, 0x8AE4, 0x8AE4, 0x9325,
  0x3101, 0x3921, 0x9B85, 0x8B04, 0x20A0, 0x5182, 0x82A5, 0x4162, 0x1060, 0x49C3, 0x7AC4, 0x30C0,
  0x4161, 0x20C0, 0x3121, 0x1880, 0x4162, 0x7285, 0x1880, 0x3121, 0x3921, 0x1860, 0x7284, 0x9324,
  0x8B04, 0x9304, 0x8B04, 0x9304, 0x9304, 0x8B04, 0x9325, 0x9345, 0x9344, 0x9324, 0x9324, 0x9324,
  0x9344, 0x9324, 0x9B45, 0x6A64, 0x31A1, 0x7445, 0x5343, 0x5BA4, 0x7445, 0x5B64, 0x42C3, 0x5322,
  0x6404, 0x4B23, 0x6C24, 0x63C3, 0x3262, 0x21E2, 0x2121, 0x4162, 0x4142, 0x3942, 0x3962, 0x3142,
  0x3142, 0x3142, 0x3942, 0x28E1, 0x5A23, 0x6223, 0x6A43, 0x7283, 0x82E5, 0x82C4, 0x8B25, 0xA3A7,
  0x49A3, 0x51C3, 0x51C3, 0x51C3, 0x51C3, 0x51C3, 0x51C3, 0x49C3, 0x51C3, 0x51E3, 0x51C3, 0x49A3,
  0x49C3, 0x2941, 0x5364, 0x6C24, 0x6C24, 0x4AE2, 0x63C4, 0x6C24, 0x63E4, 0x1961, 0x29E2, 0x42C2,
  0x3AA3, 0x3262, 0x3242, 0x2121, 0x59E2, 0x9304, 0x8B04, 0x8B04, 0x8B04, 0x9324, 0x9304, 0x9304,
  0x82C3, 0x82A4, 0x82E5, 0x2080, 0x7AC5, 0x8B25, 0x8AC4, 0x9366, 0x28C0, 0x51A3, 0x9B65, 0x7AA4,
  0x3100, 0x3100, 0x4141, 0x51C2, 0x20C0, 0x20C0, 0x6A43, 0xA386, 0x3941, 0x3921, 0x9366, 0x8B04,
  0x82C4, 0x9324, 0x8B04, 0x8AE4, 0x8B04, 0x9324, 0x9324, 0x9325, 0x9325, 0x9325, 0x9304, 0x9304,
  0x8B04, 0x9324, 0x9324, 0x9324, 0x9324, 0x9304, 0x9324, 0x9304, 0x9324, 0x9324, 0x8AE4, 0x8AE4,
  0x8AE3, 0x8AC4, 0x8AE4, 0x8AE4, 0x82C3, 0x82C3, 0x8AC3, 0x82A3, 0x82C3, 0x82C3, 0x8AC3, 0x8AE4,
  0x8AE4, 0x8AE4, 0x8B04, 0x7263, 0x20A0, 0x5A03, 0x9B65, 0x5A03, 0x6223, 0x8B05, 0x30E1, 0x28E0,
  0x82E4, 0x9B65, 0x49A2, 0x7AA4, 0x8B25, 0x2080, 0x3101, 0x8B25, 0x82C5, 0x28C0, 0x3941, 0x9B86,
  0x5181, 0x28E0, 0x9B66, 0x7AC5, 0x2080, 0x59C2, 0xA385, 0x4962, 0x3121, 0x8B25, 0x7A84, 0x7A83,
  0x9B45, 0x9B45, 0x9324, 0x9304, 0x8AE3, 0x8AE4, 0x8AE4, 0x8AE4, 0x8B04, 0x8B04, 0x9304, 0x9324,
  0x8B04, 0x8AE3, 0x8B04, 0x8B04, 0x9304, 0x8B04, 0x9324, 0x9304, 0x9324, 0x9324, 0x9324, 0x9304,
  0x9304, 0x9304, 0x9324, 0x9324, 0x9324, 0x9324, 0x9304, 0x9324, 0x9324, 0x9324, 0x8B04, 0xA365,
  0x4161, 0x51E2, 0xA385, 0x92E4, 0x3101, 0x7264, 0xA385, 0x7264, 0x1860, 0x8B06, 0xA345, 0x82E4,
  0x8B25, 0x2080, 0x6243, 0x82C4, 0x7AA4, 0x5A03, 0x0820, 0x6224, 0xA386, 0x6A43, 0x82E5, 0x9B44,
  0x9324, 0x9B24, 0x9324, 0x9324, 0x9325, 0x9324, 0x9324, 0x9324, 0x9304, 0x9304, 0x8B04, 0x8B04,
  0x8B04, 0x8B04, 0x8AE4, 0x6A83, 0x2921, 0x3202, 0x42A3, 0x42A2, 0x42A3, 0x29C1, 0x29C2, 0x6C05,
  0x6C24, 0x5383, 0x5363, 0x63E4, 0x3AC2, 0x42E4, 0x2961, 0x3942, 0x41A3, 0x4182, 0x41A2, 0x4182,
  0x4182, 0x4182, 0x4182, 0x2902, 0x4181, 0x6A43, 0x6A43, 0x7283, 0x7AC4, 0x7AA4, 0x8B05, 0x9B86,
  0x51C3, 0x51C3, 0x51C3, 0x51E3, 0x59E3, 0x51E3, 0x51C3, 0x51E3, 0x59E3, 0x51E3, 0x51E3, 0x51E3,
  0x3142, 0x3A02, 0x5BC4, 0x6404, 0x7464, 0x63A3, 0x6BE4, 0x63E4, 0x4B03, 0x2141, 0x2901, 0x2920,
  0x20E0, 0x18E0, 0x2900, 0x49A1, 0x7AA3, 0x9324, 0x9324, 0x9324, 0x9324, 0x9324, 0x9324, 0x9324,
  0x9325, 0x9B45, 0x7263, 0x1880, 0x6243, 0x9B65, 0x9B45, 0x9345, 0x3100, 0x51A2, 0x9B65, 0x72A4,
  0x30E0, 0x59E3, 0x28C0, 0x28E0, 0x6203, 0x28C0, 0x6A43, 0x9B85, 0x3921, 0x2080, 0x30E0, 0x3100,
  0x9325, 0x9B25, 0x9324, 0x9304, 0x9304, 0x9304, 0x8B04, 0x9324, 0x9324, 0x9345, 0x9325, 0x9324,
  0x9325, 0x9325, 0x8B04, 0x9304, 0x9B45, 0x9B45, 0x9B45, 0x9B45, 0x9B45, 0x9324, 0x9324, 0x9304,
  0x9304, 0x9324, 0x8B04, 0x9304, 0x8AE4, 0x8AE4, 0x8B04, 0x8AE4, 0x8AE3, 0x9304, 0x9324, 0x8B04,
  0x8B04, 0x8B04, 0x8B04, 0x8B05, 0x4161, 0x20C0, 0x4121, 0x6224, 0x8B05, 0x7AA3, 0x28E0, 0x4982,
  0x9325, 0x82C3, 0x9B86, 0xA386, 0x7AC4, 0x20A0, 0x49A2, 0x9325, 0x8AE4, 0x3121, 0x3921, 0x9325,
  0x4162, 0x18A0, 0x59E2, 0x4981, 0x3120, 0x7264, 0x9B44, 0x4141, 0x20A0, 0x3100, 0x28C0, 0x8304,
  0x9B45, 0x9B45, 0x9325, 0x9324, 0x9324, 0x9345, 0x9345, 0x9345, 0x9345, 0x9345, 0x9345, 0x9324,
  0x9324, 0x9325, 0x9345, 0x9345, 0x9324, 0x9324, 0x9324, 0x8B04, 0x8B04, 0x8AE4, 0x8B04, 0x8B04,
  0x8AE4, 0x8AE4, 0x9324, 0x9324, 0x9304, 0x9324, 0x9324, 0x9304, 0x9324, 0x9B45, 0x9304, 0x9B65,
  0x49A1, 0x28C0, 0x30E0, 0x3100, 0x20A0, 0x6224, 0x9B44, 0x6A43, 0x1880, 0x8AE5, 0xA365, 0xA365,
  0x82C5, 0x1040, 0x51E2, 0x9B45, 0x9324, 0x7AC4, 0x30E1, 0x2080, 0x4161, 0x82E4, 0x9345, 0x9304,
  0x9324, 0x9325, 0x9324, 0x9324, 0x8B04, 0x8AE4, 0x8AE4, 0x8AE4, 0x8AE4, 0x8B04, 0x8AE4, 0x8B04,
  0x8AE4, 0x8AE4, 0x8AE3, 0x8B04, 0x6A84, 0x3121, 0x2921, 0x2921, 0x3141, 0x3981, 0x2981, 0x63E5,
  0x6404, 0x6BE3, 0x63C4, 0x5384, 0x2A42, 0x42C3, 0x2161, 0x3142, 0x4182, 0x3962, 0x3962, 0x4182,
  0x4182, 0x3941, 0x3962, 0x2902, 0x4182, 0x6243, 0x6223, 0x7284, 0x7283, 0x82C4, 0x8AE4, 0x9B66,
  0x49A2, 0x49C3, 0x49C2, 0x51E3, 0x5A03, 0x5A03, 0x51E3, 0x51E3, 0x51E3, 0x51E3, 0x49C2, 0x51E3,
  0x28E1, 0x42A4, 0x4B23, 0x5BA4, 0x7465, 0x6BE4, 0x63C4, 0x5364, 0x2A02, 0x2101, 0x5A23, 0x5A02,
  0x59C2, 0x59C2, 0x7264, 0x82E4, 0x9345, 0x9B44, 0x9324, 0x9324, 0x9324, 0x9324, 0x9324, 0x8B24,
  0x8B25, 0x9304, 0x6A63, 0x1880, 0x6A65, 0x9B65, 0x9B45, 0x9B85, 0x3120, 0x51C2, 0x9B65, 0x7284,
  0x2080, 0x7284, 0x51C2, 0x3961, 0x8B25, 0x20A0, 0x6A23, 0x9B85, 0x3921, 0x28C0, 0x5A03, 0x4961,
  0x9344, 0x9B44, 0x9325, 0x9344, 0x9344, 0x9B65, 0x9B65, 0x9344, 0x9324, 0x9324, 0x9344, 0x9344,
  0x9345, 0x9345, 0x9324, 0x9B45, 0x9B44, 0x9324, 0x9344, 0x9344, 0x9B44, 0x9324, 0x9344, 0x9344,
  0x9324, 0x9B24, 0x9B45, 0x9B45, 0x9B24, 0x9304, 0x9324, 0x9325, 0x9325, 0x9B45, 0x9B45, 0x9324,
  0x9324, 0x9324, 0x8B04, 0x9366, 0x8304, 0x6A43, 0x4140, 0x18A0, 0x51E2, 0x8B05, 0x28C0, 0x3941,
  0x8305, 0x82E3, 0x9345, 0x9B66, 0x82E5, 0x28C0, 0x4982, 0x9B45, 0x8B05, 0x28E1, 0x30E0, 0x8B05,
  0x4162, 0x28E0, 0x49A1, 0x28E0, 0x6A23, 0x9B24, 0x9305, 0x3942, 0x3100, 0x6203, 0x4161, 0x8B25,
  0x9B44, 0x9B44, 0x9324, 0x9324, 0x9324, 0x9344, 0x9344, 0x9344, 0x9344, 0x9344, 0x9344, 0x9344,
  0x9324, 0x9324, 0x9324, 0x9B44, 0x9B24, 0x9324, 0x9324, 0x9304, 0x9304, 0x9324, 0x9324, 0x9B45,
  0x9B44, 0x9B45, 0x9B45, 0x9B45, 0x9344, 0x9345, 0x9B45, 0x9345, 0x9B45, 0x9B45, 0x9345, 0x9B86,
  0x4161, 0x28E1, 0x6223, 0x5A23, 0x1880, 0x6224, 0x9B85, 0x7A84, 0x20A0, 0x8B05, 0x9B65, 0x9344,
  0x7AC4, 0x1040, 0x5A23, 0x9B66, 0x9304, 0x9304, 0x7AC5, 0x6202, 0x3941, 0x20E0, 0x7284, 0x9325,
  0x9304, 0x8B04, 0x9304, 0x9304, 0x9304, 0x8AE4, 0x9304, 0x9304, 0x8B04, 0x8B04, 0x8B04, 0x8B04,
  0x9304, 0x8B04, 0x9304, 0x8AE3, 0x8B04, 0x82E4, 0x7AA3, 0x6242, 0x6A43, 0x6A43, 0x3981, 0x4282,
  0x63A4, 0x7445, 0x63C4, 0x3AC2, 0x3AC2, 0x3AC2, 0x2A02, 0x20E1, 0x3962, 0x3962, 0x4162, 0x4183,
  0x4182, 0x4162, 0x4162, 0x3142, 0x3121, 0x6223, 0x6203, 0x6A43, 0x7283, 0x82C4, 0x82A4, 0x9B65,
  0x4162, 0x4162, 0x4161, 0x4182, 0x49A2, 0x49A2, 0x4182, 0x4162, 0x4162, 0x49A2, 0x49A3, 0x49C3,
  0x2101, 0x42A3, 0x4B43, 0x4B43, 0x42E3, 0x3262, 0x4B23, 0x3AC2, 0x2181, 0x4181, 0x7243, 0x7A62,
  0x7242, 0x7A83, 0x7AA3, 0x82A3, 0x82C3, 0x8B04, 0x9304, 0x9324, 0x8B04, 0x9325, 0x9325, 0x9325,
  0x9324, 0x9324, 0x7AA4, 0x28C0, 0x72A4, 0x9B44, 0x9344, 0x9B86, 0x3920, 0x51E2, 0x9B45, 0x6A43,
  0x1880, 0x7AA4, 0x8AE4, 0x7AA4, 0x9304, 0x28E0, 0x6223, 0x9345, 0x3941, 0x4141, 0x9B86, 0x8AE4,
  0x6203, 0x8305, 0x8B03, 0x8B04, 0x9325, 0x9324, 0x8B04, 0x8B04, 0x9304, 0x8B04, 0x8B04, 0x8B04,
  0x9304, 0x9325, 0x9305, 0x9325, 0x9304, 0x9324, 0x9324, 0x9324, 0x9344, 0x9345, 0x9324, 0x9324,
  0x9345, 0x9324, 0x9325, 0x9345, 0x9304, 0x9325, 0x9325, 0x9325, 0x9325, 0x9B45, 0x9B45, 0x9324,
  0x9325, 0x8B04, 0x9345, 0x7264, 0x4161, 0x8B25, 0x82E4, 0x3120, 0x3921, 0x9346, 0x3921, 0x1860,
  0x6A64, 0x82C4, 0x3101, 0x4982, 0x9344, 0x3101, 0x28E0, 0x8B04, 0x7AA4, 0x1880, 0x3901, 0x8B06,
  0x4161, 0x3920, 0xA387, 0x4981, 0x18A0, 0x7264, 0x8B25, 0x4162, 0x4141, 0x9B66, 0x8AE5, 0x61C2,
  0x82C4, 0x9324, 0x9304, 0x9324, 0x9325, 0x9345, 0x9325, 0x9324, 0x9324, 0x9304, 0x9304, 0x8B04,
  0x8AE4, 0x8B04, 0x8B04, 0x8B04, 0x8B04, 0x8B04, 0x8B04, 0x8B04, 0x8B04, 0x8AE4, 0x9304, 0x8B04,
  0x8B04, 0x8B04, 0x8AE4, 0x8AE4, 0x8B04, 0x8B04, 0x8AE4, 0x8AE4, 0x8B04, 0x9304, 0x8AE4, 0x9345,
  0x4140, 0x4983, 0xABA6, 0x9346, 0x28E0, 0x6224, 0x9B65, 0x7AC4, 0x28E0, 0x8B26, 0x9325, 0x8AE4,
  0x7AA4, 0x2080, 0x6A64, 0xA365, 0x9324, 0x6A43, 0x4121, 0x9305, 0x7263, 0x1880, 0x5A03, 0x9345,
  0x9324, 0x9325, 0x9325, 0x9325, 0x9325, 0x9324, 0x8B04, 0x8B04, 0x9304, 0x9304, 0x9325, 0x9325,
  0x9B45, 0x9324, 0x9325, 0x9325, 0x9324, 0x9304, 0x9304, 0x8AC4, 0x8AE4, 0x7A84, 0x51C2, 0x2961,
  0x3A83, 0x5BA5, 0x3242, 0x29E2, 0x3A83, 0x3AA3, 0x3A83, 0x18E1, 0x3962, 0x4162, 0x4162, 0x4162,
  0x4162, 0x4142, 0x3942, 0x3942, 0x28E0, 0x51C3, 0x59E2, 0x6A43, 0x7283, 0x7AC4, 0x82A4, 0x8B25,
  0x4183, 0x49A3, 0x4182, 0x49A3, 0x49C3, 0x49A3, 0x4183, 0x49A3, 0x4183, 0x49A3, 0x51C4, 0x49A2,
  0x20E0, 0x3A22, 0x3AA2, 0x3222, 0x21A2, 0x08C1, 0x29E2, 0x3222, 0x3961, 0x6222, 0x7263, 0x7A83,
  0x7263, 0x7283, 0x7262, 0x7A62, 0x7A62, 0x82A3, 0x82A3, 0x8AE4, 0x82A3, 0x82C3, 0x82C3, 0x82E3,
  0x8AE3, 0x82E4, 0x4161, 0x1880, 0x5A02, 0x8B04, 0x82E4, 0x61E3, 0x20A0, 0x28C0, 0x7263, 0x6244,
  0x1040, 0x51E2, 0x8AE4, 0x8B04, 0x6A03, 0x18A0, 0x3941, 0x6A23, 0x20A0, 0x20E0, 0x3100, 0x20E0,
  0x28A0, 0x7AE4, 0x8B03, 0x8AE4, 0x9304, 0x9304, 0x8B04, 0x8AE4, 0x8AE4, 0x8AE4, 0x8AE4, 0x8AE4,
  0x8B04, 0x8AE4, 0x82A3, 0x8AE4, 0x82C3, 0x82A3, 0x82C3, 0x8AE4, 0x8AE4, 0x8AC3, 0x82C3, 0x82A3,
  0x82A3, 0x82A3, 0x82C3, 0x82E3, 0x8B04, 0x8B04, 0x9304, 0x8AE4, 0x8AE4, 0x8AE4, 0x8AE4, 0x8AE4,
  0x82C4, 0x82E3, 0x82C3, 0x6A23, 0x1880, 0x1860, 0x28C0, 0x28E0, 0x7263, 0xA365, 0x8305, 0x3101,
  0x1860, 0x20A0, 0x1880, 0x5A23, 0x9B25, 0x72A4, 0x30E0, 0x28E0, 0x28E0, 0x28E0, 0x7285, 0x7A84,
  0x20A0, 0x20A0, 0x7263, 0x7A84, 0x1840, 0x3921, 0x82E4, 0x30E0, 0x20A0, 0x3120, 0x28E0, 0x2080,
  0x7AA4, 0x82C3, 0x82A4, 0x82C3, 0x82C3, 0x82C3, 0x82C3, 0x8AE4, 0x8AC4, 0x8AC4, 0x8AE4, 0x8AC3,
  0x82A3, 0x82C3, 0x82A3, 0x82C3, 0x82A3, 0x82C3, 0x8AE4, 0x82E4, 0x82C3, 0x82C3, 0x82C3, 0x82C3,
  0x82E4, 0x8AE4, 0x8AE4, 0x8AE4, 0x8AE4, 0x8AE4, 0x8AE4, 0x8AE4, 0x8AE4, 0x92E3, 0x82C3, 0x82E4,
  0x28E0, 0x28E1, 0x7AA3, 0x6A43, 0x1880, 0x4961, 0x7AA4, 0x4141, 0x20C0, 0x4162, 0x7283, 0x7AA3,
  0x51C2, 0x1860, 0x4961, 0x8B25, 0x82E4, 0x7244, 0x28E0, 0x20A0, 0x1840, 0x30E0, 0x7AC4, 0x8AE3,
  0x8AC3, 0x8AE4, 0x8AE3, 0x8AC3, 0x8AE3, 0x8AE4, 0x8AE4, 0x8AC3, 0x8AC4, 0x8AC4, 0x8AC4, 0x82C3,
  0x8AC4, 0x8AE3, 0x8AC3, 0x82C3, 0x82C3, 0x82A3, 0x82C4, 0x7A83, 0x7A83, 0x6A42, 0x59E2, 0x2921,
  0x29A2, 0x29E2, 0x1100, 0x1921, 0x2161, 0x2182, 0x2161, 0x2921, 0x4182, 0x4182, 0x4162, 0x4162,
  0x4162, 0x3962, 0x3962, 0x3963, 0x3121, 0x49A3, 0x6203, 0x6A43, 0x7284, 0x7AA4, 0x82C4, 0x8B25,
  0x51E3, 0x51E3, 0x49C2, 0x49A2, 0x51E3, 0x49C2, 0x49C3, 0x49A2, 0x49C3, 0x49A2, 0x49A2, 0x49A2,
  0x3142, 0x2101, 0x1920, 0x1901, 0x18C1, 0x1080, 0x18C0, 0x2100, 0x59E2, 0x7283, 0x8AE4, 0x8AE4,
  0x8AE4, 0x8B04, 0x8B04, 0x8B04, 0x9324, 0x9324, 0x9344, 0x9324, 0x9324, 0x8B04, 0x8AE4, 0x8B04,
  0x9325, 0x9305, 0x7243, 0x6A63, 0x82C4, 0x9B45, 0x9345, 0x7A63, 0x6A63, 0x6A43, 0x8B05, 0x8B05,
  0x59C3, 0x6A43, 0x8B04, 0x8AE4, 0x7263, 0x6A44, 0x7263, 0x7AA4, 0x5A03, 0x7264, 0x7A63, 0x6A43,
  0x6A84, 0x9345, 0x9B45, 0x9B45, 0x9B64, 0x9B65, 0x9B65, 0x9B45, 0x9B45, 0x9B44, 0x9344, 0x9B45,
  0x9B65, 0x9324, 0x9304, 0x8B04, 0x8B04, 0x9304, 0x9324, 0x9324, 0x9345, 0x9324, 0x9304, 0x8B04,
  0x9324, 0x9324, 0x8B04, 0x8B04, 0x9344, 0x9304, 0x9304, 0x8AE4, 0x9304, 0x9304, 0x9304, 0x9304,
  0x9304, 0x9304, 0x8AC3, 0x8B04, 0x7AA4, 0x5A23, 0x6A43, 0x82E5, 0xA3A5, 0x9B44, 0x9B65, 0x7AC4,
  0x6223, 0x6243, 0x7AA4, 0x8B24, 0x8B04, 0x9345, 0x82E5, 0x7263, 0x7243, 0x82E5, 0x8B04, 0x7AA4,
  0x59E3, 0x6202, 0x6A64, 0x8AE5, 0x6A23, 0x7263, 0x8AE5, 0x5A03, 0x6A43, 0x7263, 0x6A43, 0x6A63,
  0x8B04, 0x8AE5, 0x82E3, 0x8B04, 0x8B04, 0x8B04, 0x8B04, 0x9324, 0x9324, 0x9304, 0x9345, 0x9324,
  0x9324, 0x9B25, 0x9325, 0x9325, 0x9324, 0x9325, 0x9344, 0x9324, 0x9324, 0x9304, 0x9324, 0x9324,
  0x9324, 0x9324, 0x9B45, 0x9B25, 0x9324, 0x9324, 0x9B44, 0x9B45, 0x9324, 0x9345, 0x9324, 0x9304,
  0x6A64, 0x6A23, 0x8AC3, 0x82A3, 0x6224, 0x7A84, 0x9304, 0x6A23, 0x6A63, 0x6203, 0x82C4, 0x8B24,
  0x7A83, 0x6223, 0x7243, 0x9B45, 0x9304, 0x9344, 0x82E4, 0x6A23, 0x5A04, 0x7AC4, 0x9B44, 0x8AE3,
  0x8AE4, 0x8AE4, 0x8B03, 0x8AE3, 0x8AE4, 0x8B04, 0x8B04, 0x8AE3, 0x8AE4, 0x8AE4, 0x8AE4, 0x82C3,
  0x8AE4, 0x8B05, 0x8B04, 0x8B04, 0x8AE3, 0x8AE4, 0x82E3, 0x82C4, 0x8AE4, 0x7AC4, 0x7263, 0x59E2,
  0x3141, 0x18E0, 0x2141, 0x29C2, 0x1920, 0x2121, 0x3122, 0x3961, 0x3941, 0x3962, 0x3962, 0x3962,
  0x3962, 0x3942, 0x3942, 0x3922, 0x2901, 0x4182, 0x6203, 0x6203, 0x7284, 0x7A84, 0x82C5, 0x8B04,
  0x51E3, 0x51E3, 0x49A2, 0x49A2, 0x51C3, 0x51C3, 0x51C3, 0x51C3, 0x51E3, 0x51C3, 0x51E3, 0x51C3,
  0x51C3, 0x4983, 0x18C1, 0x1941, 0x29E2, 0x21A1, 0x18C0, 0x49A2, 0x6A63, 0x7263, 0x82C4, 0x82C3,
  0x82C3, 0x8AE4, 0x9324, 0x9344, 0x9B44, 0x9B65, 0x9B65, 0x9B45, 0x9B45, 0x9B45, 0x9324, 0x9345,
  0x9325, 0x9B45, 0xA3A5, 0xA3A6, 0x9B45, 0x8B23, 0x9324, 0x9B44, 0x9B65, 0xA364, 0x9B44, 0x9304,
  0x9305, 0x9304, 0x8B24, 0x9304, 0x92E4, 0x9B45, 0x9B45, 0x9344, 0x9B84, 0x9B46, 0xA365, 0x9B45,
  0x9325, 0x9304, 0x8B04, 0x9324, 0x9344, 0x9344, 0x9324, 0x9324, 0x9324, 0x9324, 0x9324, 0x9344,
  0x9B45, 0x9324, 0x9344, 0x9324, 0x9324, 0x9324, 0x9324, 0x9345, 0x9B45, 0x9B45, 0x9325, 0x9324,
  0x9304, 0x9324, 0x9325, 0x9324, 0x9324, 0x9345, 0x9B44, 0x9B45, 0x9B45, 0x9B45, 0x9B24, 0x9B44,
  0x9B24, 0x9324, 0x9324, 0x9325, 0x9365, 0x9B65, 0xA385, 0x9B45, 0x9324, 0x9324, 0x8B25, 0x9305,
  0x9B66, 0x9B85, 0x9325, 0x8AE4, 0x8B04, 0x8AE4, 0x9B44, 0xA385, 0xA366, 0x8B04, 0x82E3, 0x9325,
  0x9345, 0x9B24, 0x8B05, 0x82C3, 0x8B04, 0x9344, 0x8B04, 0x8B24, 0x9344, 0x9B44, 0x9B45, 0x8B04,
  0x82E4, 0x8B05, 0x8B04, 0x8B04, 0x9324, 0x9345, 0x9345, 0x9324, 0x9B45, 0x9345, 0x9324, 0x9345,
  0x9324, 0x9324, 0x9B45, 0x9345, 0x9B45, 0x9345, 0x9324, 0x9324, 0x9324, 0x9324, 0x9B45, 0x8B04,
  0x9304, 0x9324, 0x9324, 0x9324, 0x9324, 0x9324, 0x9324, 0x9324, 0x9304, 0x8B04, 0x9324, 0x9324,
  0x9B45, 0x9B45, 0x8B04, 0x8B04, 0x9B85, 0xA365, 0x9B44, 0x9B85, 0x9B45, 0x9B25, 0x82E4, 0x92E4,
  0x9B44, 0x9B45, 0x9344, 0x9325, 0x9304, 0x9304, 0x9B45, 0x9B65, 0x9325, 0x9325, 0x9324, 0x9344,
  0x9324, 0x9324, 0x9344, 0x9B44, 0x9B44, 0x9B45, 0x9B45, 0x9B45, 0x9345, 0x9344, 0x9344, 0x9344,
  0x9344, 0x9B65, 0x9B65, 0x9B45, 0x9324, 0x9B24, 0x9304, 0x9324, 0x9324, 0x9324, 0x8B04, 0x82C4,
  0x51C2, 0x18E0, 0x21C1, 0x3262, 0x3202, 0x2121, 0x4182, 0x4162, 0x4182, 0x41A2, 0x4182, 0x3962,
  0x3962, 0x3942, 0x3942, 0x3942, 0x3121, 0x3101, 0x5A03, 0x6202, 0x7264, 0x7AA4, 0x82C4, 0x82E4,
  0x4182, 0x4162, 0x3942, 0x4162, 0x4182, 0x4182, 0x49A3, 0x49A2, 0x49A3, 0x49A3, 0x51C3, 0x49C3,
  0x49C3, 0x3942, 0x31E2, 0x5364, 0x3AA3, 0x2A02, 0x18C0, 0x7AA4, 0x7AC4, 0x59C1, 0x7283, 0x7AA3,
  0x7A83, 0x7A83, 0x82A3, 0x82C3, 0x8B04, 0x9304, 0x8B04, 0x9304, 0x9325, 0x9345, 0x9324, 0x9324,
  0x9325, 0x9345, 0x9345, 0x8B25, 0x9305, 0x9346, 0x9365, 0x9B44, 0x9305, 0x9364, 0x9B65, 0x9305,
  0x82E3, 0x8AE4, 0x9305, 0x9324, 0x8B04, 0x8B04, 0x9305, 0x9305, 0x8B23, 0x8B25, 0x82E4, 0x82A4,
  0x8AE4, 0x9305, 0x9304, 0x9304, 0x9345, 0x9345, 0x9324, 0x9324, 0x9345, 0x9325, 0x9324, 0x9325,
  0x9345, 0x9324, 0x9324, 0x9324, 0x9324, 0x9324, 0x9324, 0x9325, 0x9324, 0x9325, 0x9304, 0x9304,
  0x9324, 0x9325, 0x9325, 0x9325, 0x9324, 0x9324, 0x9345, 0x9324, 0x9324, 0x9B45, 0x9324, 0x9324,
  0x9324, 0x9324, 0x9324, 0x9325, 0x8B04, 0x8AE4, 0x9345, 0x8B04, 0x9305, 0x9326, 0x9324, 0x8B25,
  0x9325, 0x8B04, 0x8AE4, 0x92E5, 0x9324, 0x8B25, 0x8B04, 0x9305, 0x9305, 0x8B05, 0x9325, 0x9324,
  0x8B04, 0x8AE4, 0x8B04, 0x9304, 0x8B05, 0x8B25, 0x9345, 0x82E4, 0x8AE4, 0x9324, 0x9324, 0x82C4,
  0x8AE4, 0x9324, 0x9305, 0x9325, 0x9325, 0x9325, 0x9345, 0x9345, 0x9345, 0x9325, 0x9325, 0x9345,
  0x9345, 0x9325, 0x9304, 0x9304, 0x9324, 0x9325, 0x8B04, 0x9325, 0x9324, 0x9325, 0x9345, 0x9304,
  0x8AE4, 0x9304, 0x9304, 0x9304, 0x9324, 0x9325, 0x9304, 0x9324, 0x9325, 0x9304, 0x9324, 0x8B04,
  0x8AE5, 0x8AE4, 0x9324, 0x8B05, 0x8B04, 0x9344, 0x9324, 0x8B04, 0x82E5, 0x82C4, 0x82C3, 0x8AE4,
  0x9304, 0x8AE4, 0x8AE4, 0x9324, 0x9346, 0x9345, 0x9B45, 0x92E4, 0x7AA3, 0x82C4, 0x82C3, 0x8AC3,
  0x8AC3, 0x8AC3, 0x8B04, 0x9324, 0x9324, 0x9B45, 0x9325, 0x9B45, 0x9324, 0x9324, 0x9325, 0x9324,
  0x9324, 0x9345, 0x9324, 0x9325, 0x9325, 0x8B04, 0x8B04, 0x9325, 0x9325, 0x8AE4, 0x82C4, 0x9325,
  0x5A02, 0x18C0, 0x21E2, 0x3243, 0x4B04, 0x29C1, 0x2901, 0x4183, 0x4162, 0x4182, 0x4182, 0x4182,
  0x3962, 0x3962, 0x3142, 0x3922, 0x3121, 0x28E1, 0x6224, 0x6203, 0x6A63, 0x7283, 0x7AA4, 0x82E4,
  0x3941, 0x3121, 0x3121, 0x3941, 0x3941, 0x3941, 0x3941, 0x4162, 0x4182, 0x4182, 0x4182, 0x4162,
  0x3962, 0x2101, 0x5B64, 0x5383, 0x3AC1, 0x3A63, 0x2920, 0x8B25, 0x9B86, 0x8B05, 0x9325, 0x9345,
  0x9324, 0x9325, 0x9325, 0x9325, 0x9324, 0x9325, 0x8B04, 0x8B04, 0x8AE4, 0x82C3, 0x82C3, 0x82C3,
  0x82C4, 0x8AE3, 0x8AE3, 0x8AE3, 0x7263, 0x3901, 0x4141, 0x3941, 0x3921, 0x4121, 0x4941, 0x7263,
  0x82E3, 0x8AC4, 0x9325, 0x7AE3, 0x3941, 0x3901, 0x4141, 0x4161, 0x4161, 0x3921, 0x6A63, 0x8AC3,
  0x8AC3, 0x8AE4, 0x82C3, 0x82A3, 0x8AC4, 0x8AE4, 0x8AE3, 0x82C3, 0x8AE3, 0x8B04, 0x8AE3, 0x8AC3,
  0x8AE3, 0x8AC3, 0x82C3, 0x82C3, 0x82C3, 0x82A3, 0x82C3, 0x82C3, 0x82C3, 0x82C3, 0x8AE3, 0x82C3,
  0x82C3, 0x82C3, 0x8AE4, 0x8AE4, 0x8AE4, 0x8AE4, 0x8AE3, 0x8AE4, 0x8AC3, 0x8B04, 0x8B04, 0x8AE3,
  0x8AE4, 0x8AE4, 0x8B04, 0x82C3, 0x8AC3, 0x7284, 0x4141, 0x3901, 0x3101, 0x3121, 0x30E0, 0x3920,
  0x7AC4, 0x9325, 0x8AC4, 0x9323, 0x7AE4, 0x3901, 0x30E1, 0x3101, 0x3120, 0x3940, 0x4140, 0x7284,
  0x9325, 0x82A3, 0x8AE3, 0x82C4, 0x4121, 0x4121, 0x4161, 0x4141, 0x3921, 0x4961, 0x72A3, 0x82E4,
  0x82A3, 0x8AE3, 0x8AC4, 0x8AE4, 0x8AE4, 0x8AC3, 0x8AC3, 0x8AE4, 0x8AE4, 0x8AC3, 0x8AE4, 0x8AE4,
  0x8AE4, 0x82C3, 0x82C3, 0x82C3, 0x82C3, 0x82C3, 0x82C3, 0x8AE3, 0x8AE4, 0x8AE4, 0x8AE3, 0x8B04,
  0x82C3, 0x8AE4, 0x8AE4, 0x8AE4, 0x82C3, 0x8AE3, 0x8AE3, 0x82C3, 0x82C3, 0x8AC3, 0x82C3, 0x82C3,
  0x82A3, 0x8AE3, 0x72A4, 0x38E0, 0x3921, 0x4141, 0x3901, 0x3101, 0x3101, 0x6A23, 0x9324, 0x82E4,
  0x9324, 0x6A83, 0x30E1, 0x3921, 0x3900, 0x3940, 0x4161, 0x3921, 0x6243, 0x8B04, 0x8AE4, 0x8B04,
  0x9324, 0x8AE3, 0x8AE4, 0x8AE4, 0x8AE4, 0x8AE4, 0x8AE4, 0x8AE4, 0x8AC3, 0x8AE3, 0x8AE4, 0x8AC3,
  0x8AE3, 0x8B04, 0x8AE3, 0x8B04, 0x8B04, 0x8AE4, 0x8AE4, 0x9304, 0x9305, 0x8B04, 0x82C3, 0x8B04,
  0x5A02, 0x18E0, 0x3A83, 0x3282, 0x4B23, 0x4B03, 0x2121, 0x3941, 0x3921, 0x3921, 0x3941, 0x3941,
  0x3941, 0x3121, 0x3122, 0x3122, 0x3121, 0x28E1, 0x51C3, 0x6203, 0x6A43, 0x7284, 0x82C4, 0x8B05,
  0x4182, 0x41A2, 0x41A2, 0x49A2, 0x49A3, 0x49A3, 0x49C3, 0x49A3, 0x4183, 0x41A3, 0x41A2, 0x49A3,
  0x3122, 0x3A63, 0x5BE4, 0x4B43, 0x5BA4, 0x3AA2, 0x2100, 0x82E4, 0x9B65, 0x8AE3, 0x9304, 0x9304,
  0x92E3, 0x9304, 0x9303, 0x9324, 0x9304, 0x8AE3, 0x8AE4, 0x8AE4, 0x8AE3, 0x82C3, 0x82C3, 0x8AE4,
  0x8B04, 0x92E4, 0x9B24, 0x9325, 0x3100, 0x72A5, 0x9BE6, 0x9BA6, 0x9B87, 0x9BE7, 0x7B25, 0x2880,
  0x6A63, 0x9324, 0x9345, 0x4121, 0x6A85, 0xA407, 0x9BC6, 0x9BC7, 0x9BC6, 0x72C5, 0x30E0, 0x82E4,
  0x9324, 0x8AE4, 0x8AC3, 0x8AC3, 0x8AE4, 0x9304, 0x8AE3, 0x8AE4, 0x8B04, 0x8B04, 0x8B04, 0x9325,
  0x9304, 0x9324, 0x9324, 0x9304, 0x9324, 0x9304, 0x9304, 0x8B04, 0x9304, 0x8AE4, 0x8B04, 0x9324,
  0x8B04, 0x8B04, 0x9304, 0x9304, 0x8AE4, 0x8AE3, 0x8B04, 0x9325, 0x9304, 0x9324, 0x9324, 0x9304,
  0x9304, 0x9304, 0x8B04, 0x8B04, 0x8B04, 0x3901, 0x7285, 0x9BC6, 0x8B45, 0x8B45, 0x9365, 0x7AE6,
  0x4120, 0x82E4, 0x9305, 0x9345, 0x5161, 0x6A64, 0x9BC6, 0x9386, 0x9BA7, 0xA3E8, 0x8B67, 0x3900,
  0x6A43, 0x8AE3, 0x82E4, 0x4121, 0x6224, 0xA428, 0xA3C7, 0x9BC7, 0xA3E7, 0x72A4, 0x28A0, 0x72C4,
  0x8B25, 0x9325, 0x9324, 0x9304, 0x9304, 0x9304, 0x8B04, 0x8AE4, 0x9304, 0x8B04, 0x8B04, 0x9304,
  0x9324, 0x9304, 0x8B04, 0x8B04, 0x8B04, 0x8AE4, 0x8B04, 0x9304, 0x8B04, 0x8B04, 0x8B04, 0x9324,
  0x8B04, 0x9304, 0x9304, 0x8B04, 0x8B04, 0x9304, 0x9324, 0x8AE4, 0x8AE3, 0x82E4, 0x8AE4, 0x8AE3,
  0x9324, 0x8B25, 0x4121, 0x82E5, 0xA3C7, 0x9BC6, 0x9386, 0x9BA6, 0x8325, 0x30E0, 0x82A4, 0x9B24,
  0x9B45, 0x4141, 0x6265, 0x9BC6, 0x9366, 0x9B86, 0xA406, 0x6A84, 0x2880, 0x82C3, 0x9324, 0x8AE3,
  0x8B04, 0x9324, 0x9324, 0x9304, 0x9304, 0x9304, 0x9304, 0x9304, 0x9304, 0x9304, 0x8B04, 0x8B04,
  0x8AE4, 0x8B04, 0x8B04, 0x8B04, 0x8AE4, 0x8AE4, 0x7AA4, 0x7AA3, 0x7AA3, 0x7AC4, 0x7AA3, 0x7284,
  0x4982, 0x18C0, 0x3AA3, 0x5364, 0x4B23, 0x4B03, 0x29A1, 0x3142, 0x4183, 0x4162, 0x4183, 0x4182,
  0x3962, 0x3962, 0x3942, 0x3942, 0x3962, 0x2902, 0x49A2, 0x6203, 0x6A43, 0x7284, 0x7A84, 0x8B04,
  0x51C3, 0x51C3, 0x51C3, 0x51C3, 0x51C3, 0x51C3, 0x51C3, 0x49C3, 0x49C3, 0x49A3, 0x41A2, 0x51C3,
  0x2901, 0x5344, 0x5BC4, 0x5BC5, 0x5BC4, 0x21E1, 0x0860, 0x7264, 0x9B65, 0x8B04, 0x9345, 0x9325,
  0x9325, 0x9325, 0x9B45, 0x9345, 0x9325, 0x9B45, 0x9B45, 0x9B45, 0x9345, 0x9345, 0x9325, 0x9304,
  0x8B04, 0x8B04, 0x8305, 0x4981, 0x49A2, 0xC4E9, 0xD4E8, 0xCCC8, 0xCCA8, 0xC487, 0xAC26, 0x3922,
  0x4121, 0x82E4, 0x59C2, 0x3901, 0xAC48, 0xD4E7, 0xCC88, 0xCCA8, 0xCCA8, 0xAC28, 0x3921, 0x4961,
  0x8AE4, 0x9345, 0x9304, 0x8B04, 0x9325, 0x9345, 0x9325, 0x9345, 0x9345, 0x9B45, 0x9B45, 0x9B45,
  0x9344, 0x9B45, 0x9B45, 0x9B45, 0x9324, 0x9324, 0x9324, 0x9324, 0x9324, 0x9324, 0x9325, 0x9345,
  0x9324, 0x9324, 0x9325, 0x9345, 0x9325, 0x9325, 0x9325, 0x9345, 0x9324, 0x9325, 0x9B45, 0x9324,
  0x9324, 0x9324, 0x9324, 0x8B05, 0x4162, 0x3921, 0xB468, 0xD507, 0xCCC8, 0xD4C8, 0xDCE8, 0xBC88,
  0x4981, 0x4141, 0x6A43, 0x4981, 0x4121, 0xAC48, 0xD4E8, 0xC467, 0xC4A8, 0xD4E8, 0xC4C9, 0x51C2,
  0x3101, 0x7284, 0x51A2, 0x3941, 0xB449, 0xD50A, 0xCCC8, 0xC487, 0xBC67, 0xB428, 0x4182, 0x3901,
  0x82E5, 0x9B44, 0x9324, 0x9344, 0x9B44, 0x9324, 0x9324, 0x9324, 0x9345, 0x9324, 0x9324, 0x9345,
  0x9345, 0x9B45, 0x9325, 0x9324, 0x9324, 0x9324, 0x9B45, 0x9345, 0x9324, 0x9325, 0x9325, 0x9345,
  0x9325, 0x9B45, 0x9324, 0x9304, 0x9324, 0x9324, 0x9324, 0x9324, 0x9324, 0x9324, 0x92E4, 0x9324,
  0x8305, 0x4162, 0x3921, 0xBCA8, 0xD4E8, 0xC487, 0xC468, 0xCCA7, 0xBC67, 0x49C2, 0x4981, 0x7283,
  0x5182, 0x4141, 0xB448, 0xCC87, 0xBC46, 0xC467, 0xC486, 0xBC88, 0x5A03, 0x3921, 0x8AE5, 0x9325,
  0x9325, 0x9345, 0x9B45, 0x9325, 0x9324, 0x9304, 0x8AE4, 0x8AE3, 0x8AE3, 0x8AC3, 0x82A3, 0x82A3,
  0x7A83, 0x7A83, 0x7242, 0x6A22, 0x7283, 0x7263, 0x6202, 0x6A43, 0x59E2, 0x59C2, 0x51E2, 0x4981,
  0x28E1, 0x1080, 0x29C1, 0x4AE3, 0x5B64, 0x4B24, 0x29E1, 0x2902, 0x4162, 0x4162, 0x3962, 0x3962,
  0x3962, 0x3962, 0x3962, 0x4162, 0x3962, 0x3122, 0x3942, 0x6223, 0x6223, 0x7264, 0x7284, 0x82E4,
  0x4182, 0x49A3, 0x49A2, 0x4182, 0x49A2, 0x4182, 0x49A2, 0x4182, 0x4182, 0x4162, 0x3962, 0x4182,
  0x2901, 0x2961, 0x2161, 0x4B04, 0x3AA3, 0x18E0, 0x1060, 0x51E2, 0x8B04, 0x9304, 0x9325, 0x8B05,
  0x8AE4, 0x8B04, 0x9324, 0x9325, 0x9324, 0x9324, 0x9B24, 0x9324, 0x9345, 0x9325, 0x9304, 0x9324,
  0x9325, 0x9B86, 0x6A63, 0x51E3, 0xD509, 0xC4A7, 0xCCC7, 0xC4A8, 0xB446, 0xC488, 0xC4C8, 0xBCAA,
  0x4182, 0x4140, 0x51A1, 0xC4C9, 0xC4C7, 0xCCA7, 0xBC68, 0xB447, 0xB426, 0xB425, 0xBC68, 0x49A2,
  0x51A1, 0x9B45, 0x9304, 0x8B04, 0x9325, 0x9325, 0x9325, 0x8B04, 0x9325, 0x9325, 0x9324, 0x9304,
  0x9324, 0x9324, 0x9304, 0x9304, 0x8B04, 0x8B04, 0x8AE4, 0x8B04, 0x8B04, 0x8B04, 0x8B04, 0x9304,
  0x8B04, 0x8AE4, 0x9324, 0x9324, 0x8B04, 0x9345, 0x9304, 0x8B04, 0x8AE4, 0x8B04, 0x9304, 0x8AE3,
  0x8AE4, 0x82E4, 0x8B04, 0x7263, 0x49A1, 0xC4C9, 0xC4C7, 0xC486, 0xC4A9, 0xC487, 0xC4A8, 0xCCC8,
  0xC4A8, 0x59E3, 0x1040, 0x49A3, 0xCCEA, 0xC4A7, 0xC467, 0xBC47, 0xBC47, 0xBC46, 0xC4A7, 0xCCE9,
  0x6223, 0x28A0, 0x4982, 0xC4C9, 0xCCA7, 0xC467, 0xC4A7, 0xB446, 0xABE6, 0xB446, 0xBC88, 0x49C2,
  0x59C2, 0x9B65, 0x9304, 0x9324, 0x8B04, 0x8B04, 0x8B04, 0x9324, 0x9304, 0x9324, 0x9324, 0x9324,
  0x9344, 0x9324, 0x9324, 0x9324, 0x9324, 0x9B24, 0x9325, 0x9324, 0x9324, 0x9345, 0x9324, 0x9324,
  0x9324, 0x9325, 0x9304, 0x9304, 0x8AE4, 0x9304, 0x9325, 0x9304, 0x9304, 0x8AE4, 0x8AE4, 0x9325,
  0x51A1, 0x51E3, 0xCD09, 0xC4A8, 0xC4A8, 0xBC66, 0xB447, 0xBC87, 0xCC87, 0xCD0A, 0x59E2, 0x28C0,
  0x49A1, 0xC4C9, 0xC4A7, 0xBC47, 0xBC67, 0xB467, 0xB426, 0xC487, 0xC488, 0x4981, 0x61E2, 0x9B65,
  0x9B45, 0x9325, 0x9B45, 0x9324, 0x9324, 0x9325, 0x9B45, 0x9B45, 0x9344, 0x9324, 0x9324, 0x8B04,
  0x9325, 0x9325, 0x8AE4, 0x8AE4, 0x9345, 0x9325, 0x82C3, 0x8B04, 0x7AA4, 0x6203, 0x6204, 0x3941,
  0x1860, 0x0861, 0x10A0, 0x2182, 0x3262, 0x29E2, 0x1901, 0x3122, 0x4182, 0x4182, 0x4162, 0x4162,
  0x3942, 0x3142, 0x3142, 0x3941, 0x3141, 0x2922, 0x2901, 0x59E2, 0x5A03, 0x6A63, 0x7264, 0x7AA4,
  0x4161, 0x4162, 0x4162, 0x49A2, 0x49A2, 0x41A2, 0x41A3, 0x4162, 0x4162, 0x4182, 0x4162, 0x4162,
  0x4183, 0x3962, 0x20E0, 0x2962, 0x1901, 0x2901, 0x18C1, 0x3121, 0x5A02, 0x6202, 0x6202, 0x6202,
  0x7A83, 0x7A83, 0x7AA3, 0x82A3, 0x8B04, 0x9324, 0x9345, 0x8B04, 0x8AE4, 0x8B04, 0x8AE4, 0x82C3,
  0x82C4, 0x9304, 0x59E2, 0x5A03, 0xD4E9, 0xCCA7, 0xA3E7, 0x4182, 0x3941, 0x6243, 0x7263, 0x59E2,
  0x2901, 0x4121, 0x51E2, 0xC4A8, 0xC4A7, 0xB427, 0x51A2, 0x4982, 0x9BA7, 0xBC46, 0xBC67, 0x51E2,
  0x3940, 0x82A3, 0x9304, 0x8AE4, 0x8AC4, 0x8AC3, 0x8AE3, 0x82C3, 0x8AC3, 0x8AE4, 0x82C3, 0x82C3,
  0x82C3, 0x82C3, 0x82C3, 0x82C3, 0x82C3, 0x82A3, 0x7AA3, 0x82C3, 0x82A3, 0x82C3, 0x82C3, 0x82A3,
  0x82C3, 0x82C3, 0x8AE3, 0x8AC3, 0x82A3, 0x8AE4, 0x8AE4, 0x8B04, 0x8AE3, 0x8AE4, 0x8B04, 0x8AE4,
  0x8AE4, 0x8AE4, 0x9304, 0x7262, 0x5A02, 0xD4E9, 0xCCA7, 0xAC27, 0x59E2, 0x51A2, 0xA3A7, 0xCCE8,
  0xC487, 0x51C2, 0x1860, 0x51E3, 0xCCC9, 0xC487, 0xB426, 0x51E2, 0x4961, 0x9366, 0xC4A8, 0xCC88,
  0x6A43, 0x2080, 0x49A2, 0xCCC9, 0xC486, 0xABE6, 0x51A2, 0x4961, 0x9346, 0xBC67, 0xC487, 0x5A23,
  0x51A1, 0x8AC3, 0x8AC3, 0x82C3, 0x82A3, 0x82A3, 0x82A3, 0x8AE4, 0x82C4, 0x82C4, 0x8AE4, 0x8AE4,
  0x8AE4, 0x82E4, 0x82E4, 0x8B04, 0x82E4, 0x8AE4, 0x8B04, 0x8B04, 0x8AE3, 0x8AE3, 0x8AC3, 0x82C3,
  0x82E3, 0x8AE4, 0x82C4, 0x82C3, 0x82A3, 0x8AC4, 0x8AE4, 0x82C3, 0x8AC4, 0x82C3, 0x82A3, 0x9305,
  0x51A1, 0x5A04, 0xD508, 0xC4A7, 0x9B86, 0x49A1, 0x4161, 0xA3E7, 0xCCC8, 0xC4A7, 0x51C2, 0x1880,
  0x49A2, 0xCCA8, 0xC4A7, 0xABE7, 0x59C2, 0x4962, 0x9365, 0xC4A7, 0xBC47, 0x51A2, 0x4961, 0x8AE4,
  0x9324, 0x9304, 0x9304, 0x92E4, 0x8B04, 0x9304, 0x9324, 0x9304, 0x8B04, 0x8AE4, 0x8AE4, 0x8AC4,
  0x8AE4, 0x8AE4, 0x9304, 0x8B04, 0x9324, 0x9324, 0x9325, 0x9345, 0xA385, 0xA386, 0x9345, 0x7AC4,
  0x4161, 0x1080, 0x28E1, 0x18C0, 0x18E1, 0x10E0, 0x2101, 0x3142, 0x3942, 0x3121, 0x3121, 0x3121,
  0x3122, 0x3122, 0x3922, 0x3942, 0x3942, 0x3142, 0x28E1, 0x51C2, 0x5A03, 0x6A63, 0x7263, 0x7A84,
  0x49A3, 0x51C3, 0x51C3, 0x51E3, 0x51E3, 0x59E3, 0x51E3, 0x51C3, 0x51C3, 0x51C3, 0x51E3, 0x51C2,
  0x51C3, 0x49A2, 0x3961, 0x28E1, 0x28E2, 0x3141, 0x18C0, 0x18A0, 0x2900, 0x4161, 0x3920, 0x4141,
  0x59E2, 0x5A02, 0x5A02, 0x59E2, 0x7263, 0x7263, 0x7263, 0x7243, 0x7263, 0x82A4, 0x82C4, 0x82E3,
  0x8AE4, 0x9324, 0x59E2, 0x51C3, 0xD50A, 0xD508, 0x8B46, 0x0800, 0x1860, 0x30E0, 0x30C0, 0x3100,
  0x4181, 0x4120, 0x51C2, 0xCCE9, 0xD4E8, 0xA3E7, 0x20C0, 0x20A0, 0x9366, 0xCCC8, 0xC4A8, 0x51E3,
  0x3921, 0x7AA4, 0x9304, 0x8B04, 0x9304, 0x9304, 0x9324, 0x9325, 0x9324, 0x9345, 0x8B04, 0x9304,
  0x9325, 0x9304, 0x9325, 0x8AE4, 0x9324, 0x8B04, 0x8B04, 0x8AE4, 0x8AE4, 0x8B04, 0x8B04, 0x8B04,
  0x8B04, 0x8B04, 0x8AE4, 0x8AE4, 0x8AE4, 0x9304, 0x9324, 0x9344, 0x9344, 0x9345, 0x9324, 0x9B45,
  0x9325, 0x9B45, 0x9B45, 0x7AA3, 0x51E2, 0xD4E9, 0xCCC7, 0xAC27, 0x3100, 0x28C0, 0x9366, 0xCCC8,
  0xC487, 0x51C3, 0x2080, 0x51C2, 0xC487, 0xC4A7, 0xAC27, 0x3100, 0x1860, 0x7AE5, 0xC4C7, 0xC468,
  0x6A43, 0x20A0, 0x51C2, 0xC4A8, 0xC4A7, 0x93A6, 0x28A0, 0x20A0, 0x8325, 0xCCA7, 0xCCA8, 0x5A23,
  0x4981, 0x8AE4, 0x8B04, 0x8B04, 0x8B04, 0x8B04, 0x9304, 0x9305, 0x8B04, 0x8B04, 0x9324, 0x9324,
  0x8B24, 0x8B24, 0x8B04, 0x8B04, 0x8B04, 0x8B04, 0x8AE4, 0x8B04, 0x8B04, 0x8B04, 0x8AE4, 0x8AE4,
  0x8AE4, 0x8B04, 0x9304, 0x8B04, 0x9304, 0x9324, 0x9324, 0x9304, 0x9304, 0x9304, 0x8B04, 0x9B66,
  0x51C2, 0x5A03, 0xCCE9, 0xCCC7, 0x8305, 0x1860, 0x2080, 0x9B87, 0xD4E8, 0xC4A7, 0x51A2, 0x1040,
  0x49A2, 0xCCE9, 0xD508, 0xA3E7, 0x28C0, 0x1880, 0x8325, 0xCCC7, 0xC487, 0x49A2, 0x4141, 0x82E4,
  0x8B04, 0x9304, 0x9324, 0x9324, 0x9304, 0x9304, 0x9324, 0x9324, 0x9304, 0x9304, 0x8AE4, 0x8AE4,
  0x8AE4, 0x8AE4, 0x8B04, 0x8AE4, 0x9304, 0x8B04, 0x9324, 0x9344, 0x9B44, 0x9345, 0x8B04, 0x9325,
  0x6223, 0x18C0, 0x2902, 0x3942, 0x3122, 0x3142, 0x41A2, 0x4182, 0x4162, 0x4182, 0x4162, 0x4162,
  0x4183, 0x4182, 0x4182, 0x4162, 0x4162, 0x4182, 0x28E1, 0x4182, 0x6244, 0x6203, 0x6A43, 0x7263,
  0x51C3, 0x51C3, 0x49A2, 0x4182, 0x4182, 0x4182, 0x4162, 0x4182, 0x4182, 0x4182, 0x4182, 0x4162,
  0x4182, 0x3962, 0x4162, 0x4162, 0x3941, 0x3121, 0x18A0, 0x3100, 0x7284, 0x8305, 0x82C4, 0x82C4,
  0x8AE4, 0x8B04, 0x8AE4, 0x8AE4, 0x8B04, 0x8B04, 0x8B04, 0x8B04, 0x8AE4, 0x8B04, 0x8B04, 0x9324,
  0x9325, 0x9B45, 0x6223, 0x49A2, 0xCCC8, 0xCCC7, 0xA3C6, 0x7AC5, 0x8B46, 0x9BA7, 0x6A64, 0x3100,
  0x7AA4, 0x59E3, 0x4962, 0xC488, 0xCCC7, 0x9B86, 0x3100, 0x28E0, 0x8304, 0xCCA7, 0xCCA8, 0x51C3,
  0x3941, 0x82E4, 0x9B45, 0x9345, 0x9324, 0x9324, 0x9325, 0x9325, 0x9B45, 0x9B45, 0x9324, 0x9324,
  0x9B44, 0x9B24, 0x9B44, 0x9B44, 0x9B45, 0x9B24, 0x9344, 0x9324, 0x9344, 0x9344, 0x9324, 0x9324,
  0x9324, 0x9325, 0x9325, 0x9325, 0x9324, 0x9304, 0x9324, 0x9324, 0x9344, 0x9345, 0x9324, 0x9324,
  0x9325, 0x9324, 0x9B44, 0x7283, 0x4181, 0xC488, 0xCCC7, 0x9BA6, 0x3920, 0x28E0, 0x8B05, 0xCCC7,
  0xCC87, 0x51C3, 0x2080, 0x51E2, 0xC487, 0xC4A8, 0xA3E6, 0x4140, 0x28E1, 0x72A4, 0xC4A7, 0xC4A8,
  0x6A63, 0x28C0, 0x59E2, 0xBC67, 0xC487, 0x9366, 0x28C0, 0x2900, 0x8304, 0xD4A8, 0xCCC8, 0x5202,
  0x4161, 0x8AE4, 0x9304, 0x9324, 0x9324, 0x9345, 0x9324, 0x9324, 0x9345, 0x9345, 0x9345, 0x9B45,
  0x9324, 0x9344, 0x9324, 0x9324, 0x9304, 0x9324, 0x9304, 0x9324, 0x9324, 0x9324, 0x9304, 0x9B25,
  0x9324, 0x9324, 0x9B44, 0x9B44, 0x9B44, 0x9B44, 0x9B65, 0x9B44, 0x9B45, 0x9345, 0x9324, 0x9B65,
  0x51E1, 0x59E2, 0xCCC8, 0xCCC7, 0x8305, 0x28C0, 0x30E0, 0x8B26, 0xCCE8, 0xC4A7, 0x51C2, 0x1860,
  0x4182, 0xC488, 0xD4E7, 0x9BA5, 0x3100, 0x20A0, 0x8325, 0xCCE7, 0xC4A8, 0x49A2, 0x3941, 0x8B04,
  0x9B45, 0x9B45, 0x9324, 0x9324, 0x9B45, 0x9304, 0x9304, 0x9304, 0x9344, 0x9324, 0x9324, 0x8B04,
  0x9304, 0x9304, 0x8AE4, 0x8AE4, 0x8AE4, 0x8B04, 0x8B04, 0x8B04, 0x82E4, 0x7AC4, 0x7AA4, 0x7263,
  0x6202, 0x18C1, 0x2901, 0x3942, 0x49A2, 0x4982, 0x4982, 0x51C3, 0x49A3, 0x49A3, 0x49A2, 0x49A2,
  0x49A2, 0x4182, 0x49A2, 0x4982, 0x4982, 0x4182, 0x3942, 0x3142, 0x6223, 0x59E2, 0x6A63, 0x7263,
  0x51C2, 0x49A2, 0x4182, 0x4182, 0x49A2, 0x49A3, 0x49A2, 0x49A3, 0x49A3, 0x49A3, 0x49A2, 0x49C3,
  0x49A2, 0x49A2, 0x49A3, 0x3962, 0x2901, 0x3122, 0x1880, 0x6A64, 0xA3A6, 0x8AE3, 0x8AE4, 0x8AE4,
  0x9304, 0x9324, 0x8B04, 0x9324, 0x9324, 0x9304, 0x9304, 0x9304, 0x9304, 0x9324, 0x9324, 0x8B04,
  0x8B04, 0x9324, 0x6223, 0x59E3, 0xCCC8, 0xC4A7, 0xCCC8, 0xCCC8, 0xCD29, 0xD509, 0xC4A8, 0x51E2,
  0x5182, 0x51E2, 0x4161, 0xBC87, 0xCCC7, 0x9BA6, 0x3900, 0x30E0, 0x8305, 0xC4A7, 0xC487, 0x49C3,
  0x4161, 0x8AE4, 0x9B44, 0x9344, 0x9344, 0x9324, 0x9324, 0x9304, 0x9304, 0x9324, 0x9304, 0x8B04,
  0x9324, 0x9304, 0x9324, 0x9345, 0x9324, 0x9304, 0x9345, 0x9345, 0x9344, 0x9324, 0x9B45, 0x9B45,
  0x9324, 0x9324, 0x9324, 0x9B45, 0x9324, 0x9324, 0x9324, 0x9325, 0x8B04, 0x8B04, 0x9304, 0x8AE3,
  0x8B04, 0x92E3, 0x9304, 0x6A43, 0x4962, 0xC488, 0xCCC8, 0x9BC7, 0x30E0, 0x28A0, 0x82E5, 0xCCC8,
  0xC4A7, 0x51C2, 0x2080, 0x51E2, 0xC4A7, 0xC4A7, 0x9BA6, 0x3900, 0x2900, 0x72A4, 0xCC88, 0xC488,
  0x6243, 0x28C0, 0x51C2, 0xC488, 0xC487, 0x8B66, 0x28C0, 0x28E0, 0x7AA4, 0xCCC7, 0xC4C8, 0x51E2,
  0x4140, 0x8AE4, 0x9304, 0x9324, 0x9324, 0x9345, 0x9345, 0x9345, 0x9325, 0x9B25, 0x9B45, 0x9B45,
  0x9B45, 0x9344, 0x9324, 0x9324, 0x9304, 0x9325, 0x9324, 0x9324, 0x9324, 0x9B24, 0x9324, 0x9325,
  0x9324, 0x9324, 0x9324, 0x9324, 0x9304, 0x8B04, 0x8B04, 0x8B04, 0x8B04, 0x8B04, 0x8AE4, 0x9B45,
  0x59E2, 0x51C2, 0xC4A8, 0xCC87, 0x8305, 0x3100, 0x3100, 0x8B06, 0xCCC7, 0xC487, 0x51A2, 0x20A0,
  0x49C1, 0xC468, 0xCCC7, 0x9B85, 0x3101, 0x30E0, 0x8B05, 0xCCC8, 0xC467, 0x49A2, 0x4141, 0x8B04,
  0x9B65, 0x9B45, 0x9304, 0x9304, 0x9324, 0x8AE4, 0x8AE4, 0x8AE4, 0x8AE4, 0x8AE4, 0x8B04, 0x8B04,
  0x9304, 0x9304, 0x9304, 0x8B04, 0x8B04, 0x9304, 0x9324, 0x9325, 0x9305, 0x8AE4, 0x82C4, 0x82E4,
  0x6222, 0x18A0, 0x2901, 0x3962, 0x3962, 0x4183, 0x4983, 0x4162, 0x3982, 0x4162, 0x4162, 0x3962,
  0x4162, 0x4162, 0x4182, 0x4162, 0x4142, 0x3942, 0x3122, 0x20E1, 0x6223, 0x5A03, 0x6243, 0x6A63,
  0x49C2, 0x49C2, 0x51C3, 0x51E3, 0x51E3, 0x51E3, 0x51C3, 0x51E3, 0x51E3, 0x51E3, 0x51C3, 0x51C3,
  0x51A2, 0x51C3, 0x3962, 0x2141, 0x31A2, 0x2961, 0x1880, 0x7AA5, 0x82C4, 0x82A4, 0x8AE4, 0x9324,
  0x9324, 0x9325, 0x9325, 0x9324, 0x9304, 0x8B05, 0x8AE4, 0x8AE4, 0x9304, 0x9304, 0x9304, 0x8B04,
  0x8AE4, 0x9324, 0x6A43, 0x5A02, 0xCCC8, 0xC4A7, 0xC4C9, 0xB427, 0xB427, 0xC467, 0xCCC8, 0xBC88,
  0x3101, 0x20A0, 0x4981, 0xC487, 0xCCC7, 0x9BA6, 0x3121, 0x3100, 0x8B05, 0xC4A8, 0xC467, 0x49A2,
  0x4161, 0x82E4, 0x9324, 0x8B04, 0x9324, 0x9324, 0x9324, 0x8B04, 0x8AE4, 0x8AE4, 0x8AE4, 0x8B04,
  0x8B04, 0x8B04, 0x8AE4, 0x9324, 0x9324, 0x9304, 0x9324, 0x9324, 0x9324, 0x9324, 0x9324, 0x9304,
  0x8B04, 0x8B04, 0x9324, 0x9324, 0x8B04, 0x9324, 0x8B04, 0x9304, 0x8B04, 0x8AE4, 0x8B04, 0x8AE4,
  0x8B04, 0x8B03, 0x9324, 0x6A23, 0x4961, 0xCCA8, 0xCCE8, 0x9BA6, 0x28C0, 0x20A0, 0x82E4, 0xCCE8,
  0xCCC8, 0x51E2, 0x1880, 0x51E2, 0xCCA7, 0xCCC7, 0x9BA6, 0x28C0, 0x28E0, 0x7AC4, 0xCCA8, 0xC4A8,
  0x6A63, 0x20C0, 0x51C2, 0xC488, 0xCCA7, 0x8B46, 0x28C0, 0x20A0, 0x7AA5, 0xCCC7, 0xCCC7, 0x5A23,
  0x4160, 0x82E4, 0x8B04, 0x8AE4, 0x8AE4, 0x8B04, 0x8B04, 0x8B04, 0x8B04, 0x8B04, 0x8AE4, 0x8B04,
  0x8B04, 0x8B04, 0x8B04, 0x8AE4, 0x8B04, 0x8B04, 0x9324, 0x9324, 0x9324, 0x9324, 0x9324, 0x8B04,
  0x8B04, 0x8B04, 0x9304, 0x9324, 0x9324, 0x9304, 0x9304, 0x9324, 0x8B04, 0x8B04, 0x8AE4, 0x9B45,
  0x51C2, 0x4982, 0xC487, 0xC4A7, 0x8325, 0x3100, 0x30E0, 0x8B26, 0xCCC7, 0xC4A8, 0x59C2, 0x20C0,
  0x51C1, 0xC468, 0xC4A7, 0x8B44, 0x30E1, 0x3900, 0x8B05, 0xC4C7, 0xBC66, 0x4982, 0x4961, 0x8AE4,
  0x9324, 0x8B25, 0x9304, 0x9324, 0x9324, 0x9304, 0x9304, 0x9304, 0x8B04, 0x8AE4, 0x9304, 0x9304,
  0x8B04, 0x8B04, 0x8B04, 0x9304, 0x9305, 0x9324, 0x9324, 0x9325, 0x9305, 0x8AE4, 0x82E4, 0x82E4,
  0x5A02, 0x18A0, 0x2101, 0x3122, 0x3963, 0x3961, 0x4162, 0x3962, 0x3962, 0x3942, 0x3942, 0x3942,
  0x3942, 0x3142, 0x3942, 0x3942, 0x3942, 0x3122, 0x3122, 0x28E1, 0x59E2, 0x5A03, 0x6A43, 0x7264,
  0x4182, 0x4982, 0x4982, 0x49A3, 0x51E3, 0x51E4, 0x51E3, 0x51C3, 0x49C3, 0x49C3, 0x49A2, 0x49A3,
  0x4982, 0x49A3, 0x20E1, 0x42A3, 0x6C24, 0x5BA3, 0x2981, 0x49A2, 0x7263, 0x7AA2, 0x8AC4, 0x8AE4,
  0x7263, 0x6A42, 0x7283, 0x72A4, 0x82E4, 0x82A3, 0x7A83, 0x7AA3, 0x82C3, 0x82A3, 0x82A3, 0x82C3,
  0x7AA3, 0x82A3, 0x59E2, 0x5203, 0xCCC9, 0xC4C7, 0x9366, 0x30C0, 0x3920, 0xA3A6, 0xCCC8, 0xC4C8,
  0x4182, 0x1880, 0x51C2, 0xC4A7, 0xCCC7, 0xA3A6, 0x28E0, 0x30C0, 0x8B25, 0xCCA7, 0xC467, 0x49C2,
  0x3941, 0x7AA3, 0x8AC3, 0x7A83, 0x82A3, 0x8AE4, 0x8AE4, 0x82C3, 0x82A3, 0x82A3, 0x82C3, 0x82C3,
  0x7AA3, 0x82C3, 0x82A3, 0x82C3, 0x82C3, 0x82C3, 0x82C3, 0x82A3, 0x82A3, 0x82A3, 0x82C3, 0x82C3,
  0x82C3, 0x82C3, 0x82C3, 0x8AC3, 0x82C3, 0x82C3, 0x82A3, 0x82A3, 0x82A3, 0x82A3, 0x82A3, 0x82A3,
  0x82C3, 0x8AC3, 0x82A3, 0x6202, 0x41A2, 0xCCC9, 0xCCE7, 0x9BA5, 0x28C0, 0x20C0, 0x8304, 0xD4E7,
  0xCCA8, 0x51C3, 0x2080, 0x51E2, 0xC4A7, 0xCCC8, 0xA3C7, 0x28A0, 0x28A0, 0x82E4, 0xCCC7, 0xC4A8,
  0x6A43, 0x20A0, 0x4982, 0xC488, 0xCCA7, 0x9366, 0x28E0, 0x18A0, 0x72A5, 0xCCA8, 0xC4A8, 0x5A02,
  0x4140, 0x7A63, 0x82A3, 0x82C4, 0x82A3, 0x8AC4, 0x8AE4, 0x8AE4, 0x82C3, 0x7AA3, 0x7AA3, 0x7AA3,
  0x7AA3, 0x7A83, 0x7AA3, 0x7AA3, 0x7AA3, 0x7AA3, 0x82C4, 0x82A4, 0x82A3, 0x82C4, 0x82C3, 0x82C3,
  0x82A3, 0x8AC3, 0x82C3, 0x82C3, 0x8AE4, 0x8AE3, 0x82C3, 0x82C3, 0x82C3, 0x82C3, 0x8AC4, 0x9324,
  0x4961, 0x49A2, 0xC4A8, 0xCCC7, 0x8B45, 0x28C0, 0x28C0, 0x8306, 0xC4A7, 0xC4A7, 0x59E2, 0x20C0,
  0x51C1, 0xC468, 0xC487, 0x8B24, 0x3100, 0x3920, 0x8B05, 0xCCA8, 0xBC67, 0x49A2, 0x4982, 0x7A83,
  0x8282, 0x82A3, 0x8AC3, 0x82C3, 0x82C3, 0x82C3, 0x82C3, 0x82C3, 0x82A3, 0x82A3, 0x82A3, 0x82A3,
  0x82A3, 0x82A4, 0x82C3, 0x82C3, 0x7263, 0x6203, 0x5A03, 0x5A02, 0x6222, 0x7263, 0x7222, 0x6A23,
  0x49A1, 0x1080, 0x1900, 0x2140, 0x3141, 0x4162, 0x4183, 0x4183, 0x4182, 0x4162, 0x4182, 0x4162,
  0x4162, 0x3962, 0x3962, 0x3962, 0x3962, 0x3962, 0x3963, 0x2922, 0x4982, 0x5A03, 0x6223, 0x7263,
  0x49A2, 0x49A2, 0x4982, 0x49A2, 0x49A2, 0x49C3, 0x49A2, 0x4182, 0x4182, 0x4182, 0x4182, 0x4162,
  0x4182, 0x3962, 0x18E1, 0x5B84, 0x5BC4, 0x6425, 0x63C5, 0x2961, 0x49A2, 0x7AE3, 0x6A43, 0x5202,
  0x3161, 0x3162, 0x3181, 0x2900, 0x5A24, 0x8B04, 0x8AE4, 0x8AE4, 0x8B04, 0x9304, 0x9325, 0x9324,
  0x8B04, 0x9325, 0x59E2, 0x51C2, 0xCCA9, 0xC4C7, 0x8B46, 0x28A0, 0x28C0, 0x9366, 0xCCC8, 0xC487,
  0x4162, 0x20A0, 0x5A02, 0xCCA7, 0xCCC7, 0x9B86, 0x20A0, 0x20A0, 0x8B25, 0xCCC7, 0xC487, 0x51C2,
  0x3941, 0x8AE4, 0x9B45, 0x9325, 0x9325, 0x9324, 0x9324, 0x9345, 0x9345, 0x9325, 0x9325, 0x9304,
  0x8B04, 0x9325, 0x9324, 0x9304, 0x9304, 0x9324, 0x9324, 0x8AE4, 0x9304, 0x9304, 0x9325, 0x9345,
  0x9345, 0x9325, 0x9325, 0x9305, 0x9304, 0x9304, 0x9325, 0x9B45, 0x9324, 0x9345, 0x9345, 0x9B45,
  0x9345, 0x9325, 0x9325, 0x6A63, 0x49A1, 0xCCA8, 0xCCC7, 0x9BA6, 0x20C0, 0x20C0, 0x8B25, 0xD4E8,
  0xC487, 0x49A2, 0x1880, 0x51C2, 0xC4A8, 0xCCC8, 0x9BA6, 0x20C0, 0x20A0, 0x7AE4, 0xCCC7, 0xCCA8,
  0x6223, 0x1860, 0x4162, 0xBC88, 0xCCA6, 0x9386, 0x28C0, 0x20A0, 0x7AC5, 0xCCA8, 0xC487, 0x51E2,
  0x4961, 0x82E4, 0x9304, 0x9324, 0x9304, 0x9304, 0x9324, 0x9324, 0x9304, 0x8B04, 0x9304, 0x9324,
  0x9304, 0x9324, 0x9325, 0x9345, 0x9325, 0x9324, 0x9344, 0x9344, 0x9344, 0x9344, 0x9344, 0x9344,
  0x9345, 0x9325, 0x9325, 0x9304, 0x9325, 0x9345, 0x9324, 0x9304, 0x9324, 0x8B04, 0x8AE4, 0x9324,
  0x4981, 0x49A2, 0xCCA8, 0xCCC7, 0x8325, 0x1880, 0x20A0, 0x8B26, 0xCCA8, 0xBC86, 0x51C2, 0x1880,
  0x49A2, 0xC467, 0xC4A7, 0x8B45, 0x20C0, 0x28C0, 0x8B26, 0xCCC8, 0xC487, 0x49A2, 0x4141, 0x82E4,
  0x9324, 0x9324, 0x9324, 0x9324, 0x9325, 0x9324, 0x9324, 0x9324, 0x9304, 0x9304, 0x8B04, 0x8B04,
  0x8B04, 0x9324, 0x8B04, 0x51C2, 0x2940, 0x39E2, 0x3181, 0x2961, 0x2100, 0x6244, 0x7283, 0x5A02,
  0x28E0, 0x3A22, 0x5364, 0x29E2, 0x18E1, 0x4183, 0x4182, 0x4183, 0x4162, 0x4182, 0x4182, 0x4162,
  0x4162, 0x3962, 0x3942, 0x3942, 0x3942, 0x3942, 0x3942, 0x2901, 0x3942, 0x5A03, 0x59E2, 0x6A64,
  0x41A2, 0x49A2, 0x49A2, 0x49A2, 0x49A2, 0x49A2, 0x49A2, 0x49A2, 0x4182, 0x4162, 0x4182, 0x4183,
  0x4182, 0x3962, 0x18E0, 0x5343, 0x5363, 0x4B03, 0x5B84, 0x5B84, 0x2941, 0x3982, 0x4A02, 0x5B44,
  0x6C45, 0x5BA4, 0x5343, 0x3A83, 0x3141, 0x9345, 0x9B24, 0x9B24, 0x9B24, 0x9B45, 0x9B45, 0x9B65,
  0x9B65, 0x9B65, 0x6202, 0x51E3, 0xD4E9, 0xCCC8, 0x9366, 0x4141, 0x4961, 0xABE7, 0xCCC8, 0xC4A8,
  0x4982, 0x28E0, 0x5A02, 0xCCC8, 0xC4A7, 0xABE7, 0x3121, 0x3941, 0x9BC7, 0xC4A7, 0xC487, 0x59E2,
  0x3920, 0x82C3, 0x9B64, 0x9B65, 0x9B65, 0x9B45, 0x9B44, 0x9B24, 0x9B44, 0x9324, 0x9304, 0x9324,
  0x9324, 0x9324, 0x9324, 0x9324, 0x9324, 0x9B24, 0x9B24, 0x9B44, 0x9B44, 0x9324, 0x9303, 0x9304,
  0x9304, 0x8AE4, 0x8B04, 0x9304, 0x8B04, 0x8AE4, 0x9304, 0x9304, 0x8AE3, 0x9304, 0x9303, 0x9303,
  0x8AE3, 0x8AE3, 0x9304, 0x6A43, 0x51C1, 0xCCC8, 0xCCA7, 0xAC07, 0x4161, 0x4141, 0xA3E8, 0xCCC8,
  0xC4A8, 0x51C3, 0x1860, 0x51C3, 0xD4E9, 0xCCA7, 0xB447, 0x4161, 0x30E0, 0x9366, 0xD4C8, 0xCCE8,
  0x6243, 0x1880, 0x4162, 0xC4A8, 0xC4A7, 0xA3C7, 0x4121, 0x3921, 0x9367, 0xC4A7, 0xC4A7, 0x51E2,
  0x4140, 0x9324, 0x9344, 0x9324, 0x9324, 0x9324, 0x9324, 0x9324, 0x9324, 0x9B24, 0x9B24, 0x9B44,
  0x9B24, 0x9324, 0x9304, 0x9B24, 0x9324, 0x9324, 0x9324, 0x9344, 0x9324, 0x8AE4, 0x8AE3, 0x8B03,
  0x8B03, 0x9324, 0x9324, 0x9304, 0x9304, 0x9304, 0x9304, 0x9304, 0x9304, 0x8B03, 0x8AE4, 0x9345,
  0x51C2, 0x5A23, 0xD4E8, 0xC487, 0x9366, 0x3100, 0x3101, 0xA3E7, 0xCCC8, 0xC4C7, 0x51C2, 0x1860,
  0x49A2, 0xC4A7, 0xC4C7, 0xAC07, 0x3921, 0x30E1, 0x9BA7, 0xCCE7, 0xC4A7, 0x4982, 0x3941, 0x82C3,
  0x9323, 0x9324, 0x9324, 0x9324, 0x9B45, 0x9324, 0x9324, 0x9324, 0x9B24, 0x9B44, 0x9B24, 0x9324,
  0x9B45, 0x9B44, 0x8B05, 0x2921, 0x4B24, 0x6404, 0x6C24, 0x6C25, 0x5B24, 0x3161, 0x49C2, 0x2940,
  0x4263, 0x5BA4, 0x5384, 0x3222, 0x10A0, 0x3962, 0x3941, 0x3942, 0x4162, 0x3962, 0x3962, 0x3942,
  0x3962, 0x3942, 0x3942, 0x3962, 0x3942, 0x4162, 0x4162, 0x3121, 0x3122, 0x5A23, 0x59E2, 0x6A23,
  0x4162, 0x4162, 0x4162, 0x4182, 0x49A2, 0x51C3, 0x49C2, 0x49A2, 0x4982, 0x4982, 0x49A2, 0x49A3,
  0x49A2, 0x49A3, 0x20C0, 0x4283, 0x5BC5, 0x3A82, 0x3241, 0x5BC5, 0x3A62, 0x2181, 0x7424, 0x7424,
  0x5344, 0x5362, 0x5BA3, 0x3AC4, 0x2941, 0x82A4, 0x9324, 0x8B04, 0x8B04, 0x8B04, 0x8B04, 0x8B04,
  0x8B04, 0x9324, 0x5A02, 0x49C3, 0xC4A9, 0xC487, 0xC467, 0xC4A9, 0xC4A9, 0xC467, 0xC487, 0xC4C8,
  0x49A2, 0x28A0, 0x51C2, 0xC4C9, 0xBC66, 0xBC46, 0xBCA9, 0xBCA8, 0xBC46, 0xBC26, 0xC489, 0x51C2,
  0x3941, 0x82E4, 0x9B44, 0x9324, 0x9B44, 0x9B44, 0x9324, 0x8B04, 0x9304, 0x8B04, 0x9304, 0x9324,
  0x9325, 0x9324, 0x9324, 0x9325, 0x9304, 0x9324, 0x9325, 0x9325, 0x9324, 0x9324, 0x9304, 0x8B04,
  0x9324, 0x9344, 0x9344, 0x9324, 0x9345, 0x9324, 0x9324, 0x9304, 0x9324, 0x9324, 0x9B45, 0x9324,
  0x9345, 0x9325, 0x9325, 0x7284, 0x49A2, 0xC4A8, 0xC486, 0xC467, 0xC4C9, 0xC4C9, 0xBC67, 0xBC46,
  0xC4C9, 0x51C3, 0x1060, 0x49E3, 0xD509, 0xC4A6, 0xC488, 0xC489, 0xBC88, 0xBC27, 0xC446, 0xD529,
  0x6264, 0x1860, 0x49A2, 0xC4C9, 0xBC46, 0xB426, 0xBC69, 0xC4C8, 0xBC47, 0xB427, 0xC4A9, 0x51E2,
  0x4140, 0x8B04, 0x9324, 0x9303, 0x9304, 0x9304, 0x9324, 0x9304, 0x9345, 0x9345, 0x9345, 0x9324,
  0x9324, 0x9324, 0x9324, 0x9324, 0x9324, 0x9324, 0x9324, 0x9B45, 0x9324, 0x8AE3, 0x8AC3, 0x8AE4,
  0x8AC3, 0x9304, 0x9324, 0x9324, 0x9304, 0x8AE4, 0x8B04, 0x8B04, 0x8AE4, 0x8AE3, 0x8AE4, 0x9B45,
  0x59E2, 0x5A24, 0xCD09, 0xBC26, 0xBC67, 0xBC88, 0xBC89, 0xBC87, 0xC467, 0xCCC8, 0x49A3, 0x1040,
  0x4982, 0xCCC9, 0xC4A7, 0xC4A8, 0xBC88, 0xB468, 0xBC47, 0xC467, 0xC488, 0x4982, 0x4141, 0x8B04,
  0x9B24, 0x9304, 0x9304, 0x9304, 0x9304, 0x9304, 0x8B04, 0x8AE4, 0x8AE3, 0x8AE3, 0x8AE3, 0x8B04,
  0x8B04, 0x8B04, 0x7AC3, 0x2921, 0x5344, 0x6C04, 0x5363, 0x5364, 0x7445, 0x6C04, 0x1901, 0x2161,
  0x63C5, 0x3AC3, 0x4B43, 0x4283, 0x18C0, 0x3982, 0x4162, 0x4162, 0x4182, 0x4162, 0x4162, 0x4162,
  0x3962, 0x3942, 0x3942, 0x3942, 0x3962, 0x4162, 0x4162, 0x3942, 0x20C1, 0x59E3, 0x6223, 0x6A43,
  0x49A3, 0x49A3, 0x4182, 0x4982, 0x49A2, 0x51C3, 0x51C3, 0x51C3, 0x51C3, 0x51A2, 0x51C3, 0x51C3,
  0x51C3, 0x51C3, 0x3962, 0x2121, 0x4283, 0x3A83, 0x1101, 0x3A62, 0x3262, 0x5B84, 0x63C4, 0x3AA1,
  0x42C3, 0x6C05, 0x6C04, 0x29C1, 0x3962, 0x82A3, 0x9304, 0x9324, 0x8B04, 0x9304, 0x8AE4, 0x8AE4,
  0x8B04, 0x9324, 0x6A63, 0x3901, 0x59E2, 0xBC48, 0xCCC7, 0xC487, 0xC487, 0xCCA7, 0xBC47, 0x6223,
  0x28E0, 0x3921, 0x28E0, 0x51E2, 0xB427, 0xCCA7, 0xC4A7, 0xCCA8, 0xCCA6, 0xB407, 0x5182, 0x20A0,
  0x4981, 0x82A4, 0x9324, 0x9324, 0x9324, 0x9324, 0x9324, 0x8B04, 0x8B04, 0x9324, 0x9304, 0x9304,
  0x8B04, 0x9304, 0x8AE4, 0x8B04, 0x8B04, 0x8AE4, 0x8AE4, 0x82C3, 0x8AE3, 0x8AE3, 0x8B04, 0x8AE4,
  0x8AE4, 0x9324, 0x9324, 0x9345, 0x9324, 0x9324, 0x9304, 0x8AC3, 0x8AE4, 0x8AE4, 0x8AE4, 0x8AE4,
  0x8AE4, 0x8AE4, 0x8B04, 0x7A83, 0x3901, 0x49A1, 0xA406, 0xCCC7, 0xC487, 0xC487, 0xCCA7, 0xB427,
  0x5A02, 0x3101, 0x3941, 0x3921, 0x6A22, 0xB426, 0xCCA7, 0xC486, 0xC487, 0xC466, 0xBC47, 0x6242,
  0x3941, 0x3921, 0x3941, 0x6222, 0xBC27, 0xC487, 0xC487, 0xCCC7, 0xC4A7, 0xB427, 0x51C2, 0x2900,
  0x49A1, 0x9304, 0x9B65, 0x9345, 0x9324, 0x9324, 0x9345, 0x9324, 0x9345, 0x9345, 0x9345, 0x9324,
  0x9344, 0x9324, 0x9304, 0x8AE3, 0x8AE3, 0x8AE3, 0x9304, 0x9324, 0x9324, 0x9324, 0x9325, 0x9325,
  0x9325, 0x9324, 0x9324, 0x9324, 0x9B45, 0x9325, 0x9B45, 0x9B45, 0x9324, 0x9324, 0x92E4, 0x9B65,
  0x6A43, 0x28C1, 0x51E2, 0xAC06, 0xCCA6, 0xC4A7, 0xCCA7, 0xCC87, 0xB447, 0x59E2, 0x30E0, 0x3121,
  0x30E1, 0x59C2, 0xB427, 0xCCC7, 0xC487, 0xBC67, 0xC467, 0xB427, 0x5A02, 0x28A0, 0x51A2, 0x8B05,
  0x9325, 0x9324, 0x9304, 0x9324, 0x9324, 0x9304, 0x9304, 0x9324, 0x9324, 0x9324, 0x9304, 0x8AE4,
  0x8AE4, 0x8AE4, 0x8B04, 0x49C3, 0x31E1, 0x7C85, 0x6BE4, 0x5344, 0x4302, 0x6C24, 0x4AE3, 0x1941,
  0x42C3, 0x4B43, 0x5324, 0x2981, 0x2901, 0x3982, 0x4183, 0x49A2, 0x4182, 0x4182, 0x4182, 0x4182,
  0x4162, 0x4162, 0x3962, 0x3942, 0x3942, 0x3942, 0x3942, 0x3142, 0x20C1, 0x49C2, 0x6203, 0x6A43,
  0x4182, 0x4182, 0x3962, 0x4182, 0x4182, 0x4182, 0x3962, 0x3962, 0x3962, 0x4183, 0x49A2, 0x41A3,
  0x4982, 0x4982, 0x41A3, 0x20E1, 0x0880, 0x1921, 0x18E0, 0x1941, 0x42A2, 0x63C4, 0x3AA2, 0x42E3,
  0x63A4, 0x6C04, 0x63E3, 0x2981, 0x51A3, 0x82A3, 0x8B05, 0x82C3, 0x8AE4, 0x9304, 0x9325, 0x8B04,
  0x8B04, 0x8B04, 0x8B25, 0x6A23, 0x30C0, 0x8305, 0xAC28, 0xA3E7, 0xA3E7, 0xAC27, 0x8325, 0x28C0,
  0x3121, 0x59E2, 0x49A2, 0x2080, 0x7AA4, 0xB3E6, 0xA3E7, 0xABE7, 0xAC06, 0x8326, 0x2080, 0x3141,
  0x59E2, 0x7A62, 0x9304, 0x8AE3, 0x8AE3, 0x8AE4, 0x8AE4, 0x8AE4, 0x8AE4, 0x8AE4, 0x8AC3, 0x8AE4,
  0x8AC3, 0x8AE4, 0x8AE4, 0x8AE3, 0x8B04, 0x8AE4, 0x9304, 0x8B04, 0x8B04, 0x8B04, 0x9324, 0x8B04,
  0x9304, 0x9304, 0x8B04, 0x9324, 0x9304, 0x9304, 0x9304, 0x8B04, 0x9304, 0x9304, 0x9304, 0x9324,
  0x9324, 0x9324, 0x9325, 0x9325, 0x7284, 0x2880, 0x72A5, 0xAC46, 0xA3C5, 0xA3A6, 0xA3C6, 0x8305,
  0x28C0, 0x3120, 0x6222, 0x59E2, 0x2080, 0x72C5, 0xAC07, 0xA3A6, 0xA3C6, 0xA3E5, 0x8B26, 0x2880,
  0x4141, 0x6A21, 0x59C2, 0x28A0, 0x7B05, 0xAC07, 0xA3E7, 0xA3E6, 0xA407, 0x8304, 0x1860, 0x3121,
  0x6222, 0x82A3, 0x8B04, 0x8AE4, 0x8AE4, 0x8AE3, 0x8AC3, 0x8AE4, 0x8AE4, 0x8AE4, 0x8AE4, 0x8AE4,
  0x8AE4, 0x8AE3, 0x8AC3, 0x8AE3, 0x8AE4, 0x82C3, 0x8AE3, 0x8AE3, 0x8AE4, 0x8B04, 0x8AE4, 0x8AE4,
  0x8AC3, 0x8AE3, 0x8AE4, 0x9304, 0x8AE4, 0x8AE4, 0x8AE4, 0x8B04, 0x9325, 0x9324, 0x9325, 0x9324,
  0x8B25, 0x51E2, 0x2880, 0x8B26, 0xA407, 0xA3E6, 0xABE7, 0xA407, 0x8B46, 0x30A0, 0x4961, 0x59E2,
  0x49A1, 0x28A0, 0x8326, 0xA406, 0x9BA6, 0x9BA6, 0xA3E6, 0x7AE5, 0x2080, 0x2921, 0x5A02, 0x82A3,
  0x8AE4, 0x8B04, 0x8B04, 0x8AE4, 0x8AE4, 0x8AE4, 0x8AE4, 0x8AE4, 0x82C4, 0x82C4, 0x8AE4, 0x82A3,
  0x82A3, 0x82A3, 0x8AC3, 0x6223, 0x31A1, 0x7424, 0x6C23, 0x6C46, 0x4B23, 0x3AA2, 0x5344, 0x21A1,
  0x42E4, 0x42E4, 0x1961, 0x10E0, 0x3142, 0x3962, 0x4162, 0x4162, 0x4162, 0x4182, 0x4182, 0x3962,
  0x3942, 0x3962, 0x3962, 0x3942, 0x3942, 0x3142, 0x3962, 0x3142, 0x20E2, 0x3961, 0x6223, 0x6222,
  0x3962, 0x3941, 0x3941, 0x3941, 0x3942, 0x3942, 0x3962, 0x3941, 0x3942, 0x4162, 0x4162, 0x4162,
  0x4141, 0x4161, 0x3942, 0x2101, 0x31E2, 0x4282, 0x3A63, 0x29E2, 0x5323, 0x63E3, 0x3A83, 0x42E4,
  0x6BE4, 0x6C25, 0x42E4, 0x3181, 0x59E2, 0x6A43, 0x7A83, 0x7262, 0x82A3, 0x82A3, 0x8AC3, 0x82C3,
  0x82A3, 0x82A3, 0x82C3, 0x8AE4, 0x59E2, 0x3100, 0x3120, 0x28C0, 0x28C0, 0x30E1, 0x3900, 0x3961,
  0x5A02, 0x6A02, 0x8AE5, 0x6203, 0x3101, 0x3100, 0x20E0, 0x28E0, 0x2900, 0x2900, 0x3121, 0x6203,
  0x7283, 0x8AE4, 0x9304, 0x9324, 0x9324, 0x9324, 0x9304, 0x9304, 0x8B04, 0x8B04, 0x8AE4, 0x9304,
  0x9304, 0x9324, 0x9304, 0x8AE4, 0x8AC3, 0x82C3, 0x8AE3, 0x8AC3, 0x82C3, 0x82C3, 0x82C3, 0x82C3,
  0x82C3, 0x8AE3, 0x8AE4, 0x8AE4, 0x8AE4, 0x8AE4, 0x8AE4, 0x8B04, 0x9325, 0x9304, 0x9325, 0x9325,
  0x9325, 0x9324, 0x9305, 0x8B04, 0x9304, 0x5A03, 0x3100, 0x3120, 0x2901, 0x28E0, 0x28E0, 0x2900,
  0x3921, 0x59C2, 0x7263, 0x8305, 0x51A2, 0x28A1, 0x28A1, 0x3100, 0x3101, 0x30E0, 0x28C0, 0x3121,
  0x59E2, 0x6A42, 0x8B05, 0x59C2, 0x28C0, 0x3101, 0x3121, 0x3101, 0x28E0, 0x28C0, 0x3101, 0x51C2,
  0x7263, 0x9324, 0x9325, 0x9324, 0x9324, 0x8B04, 0x9304, 0x8B04, 0x9304, 0x9304, 0x9324, 0x9304,
  0x9304, 0x9304, 0x9304, 0x8B04, 0x8AE4, 0x8AC3, 0x8AE3, 0x8AE4, 0x8AE4, 0x8AE4, 0x8AE4, 0x8AE4,
  0x8AE4, 0x8AE4, 0x8AE3, 0x82C3, 0x82A3, 0x8AE3, 0x82C3, 0x82C3, 0x8AE4, 0x8AE4, 0x8AE4, 0x82E4,
  0x82C3, 0x8AE4, 0x51E2, 0x3100, 0x28E0, 0x20C0, 0x28C0, 0x30E1, 0x3100, 0x3940, 0x6242, 0x7242,
  0x92E4, 0x6203, 0x30E0, 0x30E0, 0x28E0, 0x20C0, 0x28C0, 0x30E0, 0x3901, 0x61E2, 0x7263, 0x8AE4,
  0x8AE4, 0x9304, 0x9324, 0x9304, 0x9304, 0x8AC4, 0x82C3, 0x8283, 0x82A3, 0x82A3, 0x82C3, 0x82C3,
  0x7A83, 0x7283, 0x7A84, 0x7264, 0x39A1, 0x5B84, 0x7444, 0x63E4, 0x63E5, 0x3AA2, 0x3AA3, 0x29E0,
  0x3AA3, 0x3AA3, 0x3A63, 0x3222, 0x2100, 0x2901, 0x3922, 0x4162, 0x3942, 0x3941, 0x3942, 0x3942,
  0x3121, 0x3121, 0x3121, 0x3942, 0x3142, 0x3122, 0x3121, 0x3142, 0x2902, 0x3121, 0x6264, 0x6223,
  0x51C3, 0x51C3, 0x49C3, 0x49C3, 0x49A2, 0x49A2, 0x49A3, 0x49C3, 0x49C3, 0x51C3, 0x51C3, 0x51C3,
  0x51E3, 0x51E3, 0x3101, 0x3A02, 0x6C25, 0x5364, 0x3A64, 0x2A01, 0x5B64, 0x7464, 0x5364, 0x3AA2,
  0x5343, 0x5B83, 0x2961, 0x49C2, 0x7283, 0x82A3, 0x8AE4, 0x9345, 0x9325, 0x9325, 0x9304, 0x8B04,
  0x8AE5, 0x9305, 0x9304, 0x9304, 0x9305, 0x6A43, 0x51A1, 0x51A1, 0x51C1, 0x51C1, 0x51C2, 0x59E2,
  0x7263, 0x82C4, 0x8AE4, 0x9304, 0x7283, 0x51C2, 0x59C1, 0x51A1, 0x5181, 0x51A1, 0x59C1, 0x7A63,
  0x8AE4, 0x9304, 0x9304, 0x8B04, 0x9304, 0x8B04, 0x9324, 0x9324, 0x9324, 0x9324, 0x9324, 0x9325,
  0x9304, 0x9324, 0x8B04, 0x8B04, 0x8B04, 0x8AE4, 0x8B04, 0x8B04, 0x8B04, 0x8AE4, 0x8B04, 0x9304,
  0x9325, 0x9324, 0x9304, 0x9304, 0x8AE4, 0x8AE4, 0x8AE4, 0x8AC4, 0x8AC4, 0x8AC4, 0x8AC4, 0x8AC4,
  0x8AE4, 0x82C3, 0x8AE4, 0x8AC4, 0x8AC4, 0x82E3, 0x7262, 0x61E2, 0x61E2, 0x59E2, 0x59C1, 0x59E2,
  0x6A22, 0x7A83, 0x82E4, 0x8B04, 0x8AE4, 0x6A43, 0x49C1, 0x51E1, 0x59C2, 0x51A1, 0x51A1, 0x61E2,
  0x6A43, 0x82C4, 0x8AE4, 0x82E4, 0x6A43, 0x51C1, 0x51C1, 0x59C1, 0x51A1, 0x51A1, 0x59E2, 0x6A22,
  0x82A3, 0x8AE4, 0x9304, 0x9304, 0x9324, 0x9324, 0x9324, 0x9324, 0x9324, 0x9345, 0x9324, 0x9324,
  0x9324, 0x9304, 0x8B04, 0x8AC3, 0x8AE4, 0x8B04, 0x8AE4, 0x8B04, 0x8B04, 0x8B04, 0x9304, 0x8B04,
  0x8B04, 0x9304, 0x9324, 0x9304, 0x8B04, 0x9325, 0x9325, 0x8B04, 0x8B04, 0x8B05, 0x8B05, 0x8B04,
  0x8AE4, 0x8AE4, 0x8AC5, 0x7263, 0x59E1, 0x59E2, 0x51A2, 0x51C1, 0x51C1, 0x59C2, 0x7263, 0x8AC4,
  0x9304, 0x82C2, 0x6222, 0x51A2, 0x49A1, 0x49A1, 0x51A1, 0x51A1, 0x59E2, 0x7242, 0x82C4, 0x8B04,
  0x8AE4, 0x8AE4, 0x8B04, 0x8B04, 0x8AE4, 0x8B04, 0x8AE4, 0x8AE4, 0x8AE4, 0x8AE4, 0x8AE4, 0x8AE4,
  0x8AE4, 0x8AC4, 0x8AC4, 0x82E3, 0x49E2, 0x2981, 0x6384, 0x5B84, 0x5383, 0x5BA4, 0x4B44, 0x5384,
  0x42E3, 0x3A81, 0x4B23, 0x5BA5, 0x3A83, 0x2101, 0x41A3, 0x4183, 0x4182, 0x4182, 0x4182, 0x4183,
  0x4183, 0x4183, 0x4183, 0x4162, 0x3962, 0x3962, 0x3963, 0x3942, 0x3163, 0x2901, 0x5A03, 0x6223,
  0x4182, 0x4162, 0x4162, 0x4162, 0x4162, 0x4162, 0x4182, 0x4182, 0x4982, 0x51C3, 0x49C3, 0x49A3,
  0x49A3, 0x41A3, 0x20E0, 0x5B84, 0x6C44, 0x3A82, 0x3242, 0x5343, 0x42C2, 0x5B83, 0x6C04, 0x63C4,
  0x4B03, 0x3A63, 0x18C0, 0x2101, 0x2901, 0x7283, 0x8B04, 0x8B04, 0x9304, 0x8AE4, 0x8AE3, 0x8AE3,
  0x8AE4, 0x8B03, 0x8B04, 0x9304, 0x9304, 0x8B04, 0x8B04, 0x8AC3, 0x82C3, 0x82E4, 0x82E4, 0x8B04,
  0x9324, 0x9324, 0x8AE4, 0x8AE4, 0x9303, 0x8AE3, 0x8B04, 0x8B04, 0x8AC3, 0x8AE4, 0x82E4, 0x82E4,
  0x8AE4, 0x8AE3, 0x8AE4, 0x8AC3, 0x8AE3, 0x8AE4, 0x8AC4, 0x8AE4, 0x8AC3, 0x8AE3, 0x8B04, 0x8AE4,
  0x8B04, 0x9324, 0x8AE3, 0x9304, 0x9324, 0x9324, 0x9304, 0x9324, 0x9304, 0x9304, 0x9324, 0x9324,
  0x9324, 0x9324, 0x9304, 0x9304, 0x9324, 0x9304, 0x8B04, 0x8AE4, 0x8AE4, 0x8AE4, 0x8AE4, 0x8AE4,
  0x8B04, 0x8B04, 0x8B04, 0x8AE4, 0x8B04, 0x8AE4, 0x9304, 0x8B04, 0x8B04, 0x8B04, 0x9304, 0x8B04,
  0x8B04, 0x9324, 0x8B04, 0x8B05, 0x8B04, 0x8AC3, 0x82A3, 0x82C3, 0x8AC3, 0x82C3, 0x82E4, 0x8AE3,
  0x92E4, 0x8B04, 0x8AE3, 0x8AE4, 0x8AE4, 0x82E3, 0x82E4, 0x8AE4, 0x8AE4, 0x8AE4, 0x8AE4, 0x9304,
  0x8AE4, 0x8AE4, 0x9324, 0x9304, 0x8B04, 0x8AE4, 0x8AE4, 0x8AC3, 0x82C3, 0x8AE4, 0x8AC3, 0x9304,
  0x9B25, 0x9324, 0x9324, 0x9324, 0x9324, 0x8AE3, 0x9304, 0x9324, 0x9324, 0x9324, 0x9B45, 0x9324,
  0x9304, 0x9304, 0x9324, 0x9304, 0x8AE3, 0x8B04, 0x8AE4, 0x8B04, 0x8AE3, 0x8AE4, 0x8AE3, 0x9304,
  0x8B04, 0x8B04, 0x9303, 0x8B04, 0x8B04, 0x9304, 0x82E3, 0x8AE4, 0x8AE4, 0x8AE4, 0x8B03, 0x8AE3,
  0x8AE4, 0x8B04, 0x8B03, 0x8AE4, 0x82C4, 0x82C4, 0x8AE4, 0x82C3, 0x82C3, 0x8AE4, 0x8B04, 0x8AE4,
  0x8AC3, 0x82E4, 0x82C3, 0x82C3, 0x8AE3, 0x8AC3, 0x82C3, 0x8AE4, 0x82C3, 0x82C3, 0x82C3, 0x82A3,
  0x82A3, 0x82E4, 0x59E2, 0x30E1, 0x3141, 0x18C1, 0x2141, 0x7405, 0x7485, 0x63C4, 0x42E2, 0x6405,
  0x5BA3, 0x42C3, 0x3AA2, 0x53C4, 0x4B63, 0x2140, 0x3982, 0x49A3, 0x4182, 0x49A2, 0x49A2, 0x4982,
  0x4982, 0x4982, 0x4182, 0x4142, 0x3941, 0x3962, 0x3942, 0x3121, 0x3142, 0x28E1, 0x51E2, 0x6223,
  0x51C3, 0x51C3, 0x51C3, 0x51C3, 0x51C3, 0x51E3, 0x51E3, 0x51C3, 0x51C3, 0x49A3, 0x49A2, 0x49A3,
  0x49A3, 0x3101, 0x31E2, 0x6C04, 0x5B83, 0x4B03, 0x4B43, 0x6C24, 0x42C3, 0x1920, 0x3A42, 0x42C3,
  0x31E2, 0x2141, 0x1921, 0x1960, 0x21C1, 0x2941, 0x6222, 0x82C3, 0x8B04, 0x9304, 0x9325, 0x9B45,
  0x9B45, 0x9345, 0x9324, 0x9345, 0x9345, 0x9345, 0x9345, 0x9325, 0x9325, 0x9325, 0x9324, 0x9344,
  0x9B45, 0x9345, 0x9344, 0x9344, 0x9324, 0x9344, 0x9345, 0x9345, 0x9345, 0x9345, 0x9324, 0x9324,
  0x9324, 0x9324, 0x9325, 0x9325, 0x9325, 0x9325, 0x9325, 0x9325, 0x9325, 0x9325, 0x9345, 0x9345,
  0x9345, 0x9345, 0x9345, 0x9324, 0x9345, 0x9324, 0x9324, 0x9324, 0x9324, 0x9325, 0x9324, 0x9325,
  0x9345, 0x9345, 0x9345, 0x9324, 0x9325, 0x9325, 0x9324, 0x9324, 0x9345, 0x9324, 0x9345, 0x9B45,
  0x9344, 0x9345, 0x9324, 0x8B24, 0x9324, 0x9324, 0x9324, 0x9324, 0x9324, 0x9325, 0x9B65, 0x9345,
  0x9324, 0x9345, 0x9B44, 0x9B45, 0x9344, 0x9324, 0x9325, 0x9304, 0x9324, 0x9345, 0x9345, 0x9344,
  0x9B65, 0x9B65, 0x9324, 0x9324, 0x9324, 0x9324, 0x9324, 0x9325, 0x9B45, 0x9B45, 0x9344, 0x9345,
  0x9325, 0x9325, 0x9345, 0x9345, 0x9324, 0x9325, 0x9324, 0x8B24, 0x9324, 0x9304, 0x9324, 0x9325,
  0x9345, 0x9345, 0x9345, 0x9324, 0x9345, 0x9345, 0x9324, 0x9324, 0x9345, 0x9324, 0x9324, 0x9345,
  0x9345, 0x9325, 0x9345, 0x9345, 0x9B45, 0x9B45, 0x9B45, 0x9345, 0x9345, 0x9325, 0x9344, 0x9324,
  0x9324, 0x9324, 0x9324, 0x9324, 0x9344, 0x9344, 0x9324, 0x9324, 0x9324, 0x9324, 0x9324, 0x9324,
  0x9324, 0x9324, 0x9324, 0x9B45, 0x9B65, 0x9B45, 0x9324, 0x9324, 0x9304, 0x9304, 0x9324, 0x9345,
  0x9325, 0x9325, 0x9325, 0x9324, 0x9325, 0x9325, 0x9325, 0x9325, 0x9325, 0x8B25, 0x8B04, 0x9324,
  0x8B04, 0x5A03, 0x2961, 0x4263, 0x31C2, 0x29C2, 0x1101, 0x4AE3, 0x4B23, 0x2A21, 0x29E1, 0x5344,
  0x5363, 0x5384, 0x4B23, 0x4B23, 0x53A3, 0x2161, 0x3122, 0x49A3, 0x4182, 0x4182, 0x4182, 0x4182,
  0x4162, 0x3942, 0x3942, 0x3942, 0x3942, 0x3942, 0x3942, 0x3942, 0x3962, 0x28E1, 0x4182, 0x6243,
  0x49A3, 0x49A2, 0x49A2, 0x49C3, 0x49C3, 0x49C3, 0x51C3, 0x49A2, 0x49C3, 0x49A2, 0x4982, 0x4182,
  0x49A3, 0x20C1, 0x3A63, 0x6405, 0x5383, 0x6C25, 0x4B43, 0x42C2, 0x3A64, 0x10C0, 0x1981, 0x19A1,
  0x1961, 0x21C1, 0x29E2, 0x42C3, 0x5364, 0x3A61, 0x20C0, 0x4982, 0x61E2, 0x6A43, 0x6A22, 0x6A22,
  0x6A63, 0x7263, 0x6A63, 0x6A42, 0x6A43, 0x6A43, 0x6A43, 0x6A22, 0x6A22, 0x6A22, 0x6202, 0x6A22,
  0x6222, 0x6A22, 0x6A42, 0x6A22, 0x6202, 0x6A22, 0x6A22, 0x6A22, 0x6202, 0x6222, 0x6A22, 0x6222,
  0x6222, 0x5A02, 0x6202, 0x6202, 0x6202, 0x6202, 0x6202, 0x6202, 0x6202, 0x6222, 0x6202, 0x6202,
  0x6202, 0x6202, 0x6222, 0x6222, 0x6222, 0x6202, 0x6222, 0x6222, 0x6222, 0x6222, 0x6202, 0x6202,
  0x6222, 0x6222, 0x6A22, 0x6202, 0x6202, 0x6202, 0x6A22, 0x6A22, 0x6A22, 0x6A22, 0x6A43, 0x6A22,
  0x6A22, 0x6A22, 0x6A23, 0x6222, 0x6A22, 0x6A22, 0x6A22, 0x6A22, 0x6A22, 0x6A42, 0x7263, 0x7263,
  0x7263, 0x7263, 0x7263, 0x6A22, 0x6202, 0x6202, 0x6A22, 0x6202, 0x6A22, 0x6222, 0x6202, 0x6202,
  0x6202, 0x6A22, 0x6A22, 0x6202, 0x6202, 0x6202, 0x6202, 0x6202, 0x6202, 0x6202, 0x6202, 0x6202,
  0x6202, 0x6202, 0x6202, 0x6202, 0x6222, 0x6222, 0x6202, 0x6202, 0x6202, 0x6202, 0x6222, 0x6202,
  0x59E2, 0x6202, 0x6202, 0x6202, 0x6202, 0x6202, 0x6222, 0x6A22, 0x6A23, 0x6A22, 0x6A22, 0x6222,
  0x6222, 0x6222, 0x6222, 0x6222, 0x6222, 0x6222, 0x6222, 0x6202, 0x6202, 0x61E2, 0x59E1, 0x6202,
  0x6202, 0x6222, 0x6A23, 0x6A22, 0x6222, 0x6222, 0x6202, 0x6202, 0x6202, 0x6202, 0x6202, 0x6A02,
  0x6222, 0x6202, 0x6202, 0x6222, 0x6A22, 0x6A22, 0x6A22, 0x6A42, 0x6A42, 0x6A43, 0x6A43, 0x6A43,
  0x6A23, 0x6A23, 0x6A23, 0x6A43, 0x6A23, 0x6A22, 0x6A23, 0x6A22, 0x6222, 0x6203, 0x6202, 0x6A23,
  0x5A03, 0x2900, 0x5324, 0x6C24, 0x5364, 0x3AC2, 0x3241, 0x42A4, 0x42E2, 0x4B43, 0x3283, 0x3242,
  0x4AE3, 0x5383, 0x63E5, 0x4B43, 0x4B43, 0x29C2, 0x2901, 0x4982, 0x4162, 0x4162, 0x4162, 0x4182,
  0x4162, 0x4162, 0x3962, 0x3962, 0x3942, 0x3942, 0x3942, 0x3942, 0x4182, 0x3121, 0x4182, 0x6243,
  0x49A3, 0x49A3, 0x4182, 0x4182, 0x4182, 0x4182, 0x4162, 0x4182, 0x49A2, 0x49A2, 0x49A3, 0x49A2,
  0x4183, 0x18C1, 0x2A01, 0x4B23, 0x5384, 0x4322, 0x3AA3, 0x2A03, 0x10C0, 0x1900, 0x3243, 0x32A3,
  0x3AC2, 0x3282, 0x3262, 0x3262, 0x4B44, 0x4B64, 0x2181, 0x2921, 0x49A2, 0x4180, 0x51C2, 0x59E2,
  0x59E2, 0x59E2, 0x6202, 0x59E2, 0x59E2, 0x59E2, 0x59E2, 0x6202, 0x59E2, 0x6202, 0x59E2, 0x6202,
  0x6202, 0x6203, 0x6223, 0x6222, 0x6202, 0x6202, 0x6223, 0x6202, 0x6202, 0x6202, 0x6223, 0x6202,
  0x5A02, 0x59E2, 0x59E2, 0x59E2, 0x59E2, 0x59E2, 0x5A02, 0x59E2, 0x59E2, 0x59E2, 0x59E2, 0x59E2,
  0x59E2, 0x59E2, 0x59E2, 0x59E2, 0x59E2, 0x51C1, 0x51C1, 0x5A02, 0x5A02, 0x6202, 0x5A02, 0x59E2,
  0x59E2, 0x59E2, 0x59E2, 0x5A02, 0x5A02, 0x6202, 0x6223, 0x6222, 0x6222, 0x6223, 0x6223, 0x6203,
  0x6203, 0x5A02, 0x5A02, 0x5A02, 0x59E2, 0x5A02, 0x59E2, 0x59E2, 0x5A02, 0x6202, 0x6202, 0x6202,
  0x6202, 0x61E2, 0x59E2, 0x59C2, 0x59C2, 0x59C2, 0x59E2, 0x6203, 0x5A02, 0x59E2, 0x59E2, 0x59E2,
  0x59E2, 0x59E2, 0x59E2, 0x59E2, 0x59E2, 0x59C2, 0x59C2, 0x59E2, 0x59E2, 0x59E2, 0x59E2, 0x59E2,
  0x59E2, 0x59E2, 0x59E2, 0x59E2, 0x5A02, 0x59C2, 0x59C2, 0x51C2, 0x59C2, 0x59E2, 0x59E2, 0x59E2,
  0x59E2, 0x59E2, 0x59C2, 0x59E2, 0x59E2, 0x5A02, 0x6203, 0x5A02, 0x6203, 0x6203, 0x6223, 0x6223,
  0x6202, 0x59E2, 0x5A02, 0x6202, 0x59E2, 0x59E2, 0x59E2, 0x59E2, 0x59C2, 0x51C2, 0x59C2, 0x51C2,
  0x59E2, 0x5A02, 0x59E2, 0x59C2, 0x51C1, 0x59C2, 0x59C2, 0x59E2, 0x59E2, 0x59E2, 0x59E2, 0x6202,
  0x5A02, 0x59E2, 0x59E2, 0x6203, 0x59E2, 0x6202, 0x61E2, 0x6203, 0x6202, 0x61E2, 0x5A02, 0x59E2,
  0x59E2, 0x6202, 0x6202, 0x6202, 0x6202, 0x61E2, 0x61E2, 0x61E2, 0x59C2, 0x51A1, 0x4961, 0x51C2,
  0x3100, 0x3202, 0x6425, 0x5383, 0x3282, 0x3AA3, 0x3263, 0x5364, 0x5383, 0x4B44, 0x3262, 0x1101,
  0x3223, 0x3AA2, 0x4B23, 0x4303, 0x3AC3, 0x21A1, 0x2101, 0x4182, 0x4183, 0x4182, 0x4182, 0x4162,
  0x4162, 0x4182, 0x4162, 0x4162, 0x4182, 0x4162, 0x3962, 0x3941, 0x3941, 0x3142, 0x30E1, 0x5A23,
  0x49C3, 0x49C3, 0x49C3, 0x49A2, 0x49A2, 0x49A2, 0x49A2, 0x4982, 0x49A3, 0x49A3, 0x49A2, 0x4182,
  0x49A3, 0x2901, 0x29A2, 0x3A63, 0x3222, 0x29E1, 0x2181, 0x1901, 0x18A0, 0x18E1, 0x2A22, 0x4B64,
  0x42C2, 0x3A82, 0x53A4, 0x4302, 0x4302, 0x4B64, 0x29E2, 0x10A0, 0x20C1, 0x20C0, 0x28E1, 0x28E1,
  0x2901, 0x28E1, 0x28E1, 0x28E1, 0x2901, 0x2901, 0x28E1, 0x2901, 0x2901, 0x2901, 0x28E1, 0x28E1,
  0x2901, 0x2901, 0x2901, 0x2901, 0x2901, 0x2901, 0x3101, 0x2901, 0x2901, 0x2901, 0x2901, 0x2901,
  0x28E1, 0x28E1, 0x2901, 0x2901, 0x2901, 0x2901, 0x2901, 0x2901, 0x2901, 0x2901, 0x2901, 0x2901,
  0x2921, 0x2901, 0x28E1, 0x2901, 0x2901, 0x2901, 0x2901, 0x3121, 0x3101, 0x28E1, 0x3101, 0x2901,
  0x2901, 0x2901, 0x2901, 0x2921, 0x2921, 0x2901, 0x3101, 0x3101, 0x3101, 0x3121, 0x3101, 0x3101,
  0x2901, 0x3121, 0x2921, 0x2901, 0x2901, 0x2901, 0x28E1, 0x28E1, 0x2901, 0x2901, 0x2901, 0x2901,
  0x2901, 0x28E1, 0x28E1, 0x28E1, 0x28E1, 0x2901, 0x28E1, 0x2901, 0x2901, 0x2901, 0x2901, 0x2901,
  0x2901, 0x2901, 0x2901, 0x2901, 0x2901, 0x2901, 0x28E1, 0x2901, 0x28E1, 0x2901, 0x28E1, 0x28E1,
  0x2901, 0x2901, 0x28E1, 0x28E1, 0x2901, 0x28E1, 0x20E1, 0x20E1, 0x28E1, 0x28E1, 0x28E1, 0x28E1,
  0x2901, 0x28E1, 0x28E1, 0x2901, 0x28E1, 0x2901, 0x2901, 0x2901, 0x2901, 0x2901, 0x3121, 0x3121,
  0x3121, 0x3121, 0x3101, 0x3101, 0x3121, 0x3101, 0x2901, 0x28E1, 0x28E1, 0x2901, 0x2921, 0x2901,
  0x2901, 0x2901, 0x2901, 0x2901, 0x2901, 0x2901, 0x2901, 0x2901, 0x2901, 0x2901, 0x2901, 0x2901,
  0x2901, 0x2901, 0x2901, 0x2901, 0x2921, 0x28E1, 0x2901, 0x28E1, 0x28E1, 0x28E1, 0x2901, 0x2901,
  0x28E1, 0x2901, 0x2901, 0x2901, 0x2901, 0x3101, 0x2901, 0x2901, 0x2901, 0x2901, 0x20C0, 0x20C0,
  0x18E0, 0x4B23, 0x5BC4, 0x3AE2, 0x4323, 0x5344, 0x2A02, 0x3242, 0x4B24, 0x3282, 0x29E1, 0x0880,
  0x1901, 0x1920, 0x31E2, 0x3203, 0x29E2, 0x2141, 0x2901, 0x4162, 0x3962, 0x4162, 0x4162, 0x4162,
  0x4162, 0x4183, 0x4182, 0x4182, 0x4182, 0x4182, 0x4162, 0x4162, 0x3962, 0x3962, 0x28E1, 0x5A03,
  0x49A2, 0x49A2, 0x49C3, 0x49A2, 0x49A2, 0x49A2, 0x49A2, 0x49A2, 0x4982, 0x4982, 0x49C2, 0x49A3,
  0x49A2, 0x41A3, 0x2101, 0x10E0, 0x10C0, 0x18C1, 0x20E1, 0x2901, 0x3121, 0x18C1, 0x29C2, 0x4B44,
  0x3A63, 0x1900, 0x3AC3, 0x4B44, 0x4B03, 0x4B44, 0x2181, 0x18A1, 0x28E2, 0x20E0, 0x20E0, 0x20E1,
  0x20E1, 0x20E1, 0x20E1, 0x20E1, 0x20E1, 0x20C1, 0x20C1, 0x20C1, 0x20C1, 0x28E1, 0x20E1, 0x20E1,
  0x20C1, 0x20E1, 0x20E1, 0x20E1, 0x20E1, 0x20E1, 0x20E1, 0x20E1, 0x20C1, 0x20C1, 0x18C0, 0x20E1,
  0x20C1, 0x20C1, 0x20C1, 0x20C1, 0x20E1, 0x20E1, 0x20E1, 0x28E1, 0x28E1, 0x28E1, 0x20E1, 0x20C1,
  0x20C0, 0x20E1, 0x20E1, 0x20C1, 0x20E1, 0x20C1, 0x20E1, 0x20E1, 0x20C1, 0x20E1, 0x20E1, 0x20C1,
  0x20E1, 0x20C1, 0x20E1, 0x20E1, 0x20E1, 0x20E1, 0x20E1, 0x20E1, 0x28E1, 0x20E1, 0x20E1, 0x20E1,
  0x20E1, 0x20E0, 0x20C0, 0x20C1, 0x20E1, 0x20C1, 0x20C1, 0x20E1, 0x20C1, 0x20E1, 0x20E1, 0x20E1,
  0x20E1, 0x20E1, 0x20C1, 0x20C1, 0x20C1, 0x20E1, 0x20E0, 0x20E0, 0x20C0, 0x20C1, 0x20C1, 0x20E1,
  0x20E1, 0x20C0, 0x20C0, 0x20C0, 0x20C1, 0x20C0, 0x20C1, 0x20C1, 0x20C1, 0x20C1, 0x20E1, 0x20E1,
  0x20E1, 0x20E1, 0x2901, 0x20E1, 0x20E1, 0x20E1, 0x20E1, 0x20C1, 0x20C0, 0x20E1, 0x18C0, 0x20C1,
  0x20E1, 0x20C1, 0x20E1, 0x20E1, 0x20E1, 0x20C1, 0x20E1, 0x20E1, 0x20E1, 0x20E1, 0x20E1, 0x20C0,
  0x20E1, 0x20E1, 0x20E1, 0x20C1, 0x18C1, 0x18C1, 0x20C1, 0x20C1, 0x20C1, 0x20C1, 0x20E1, 0x20E1,
  0x2901, 0x28E1, 0x20E1, 0x20E1, 0x20E1, 0x20C1, 0x20E1, 0x20C1, 0x20C1, 0x20C1, 0x20E1, 0x20E1,
  0x20E1, 0x20E1, 0x20E1, 0x20E1, 0x20E1, 0x20E1, 0x20E1, 0x20C1, 0x20C0, 0x20C0, 0x20E1, 0x20C1,
  0x20E1, 0x20E1, 0x20E1, 0x20E1, 0x20C1, 0x20E1, 0x20E1, 0x20C1, 0x20E1, 0x20C1, 0x20C1, 0x20E1,
  0x10C1, 0x42E3, 0x5B84, 0x4B23, 0x5343, 0x3222, 0x10E0, 0x21A1, 0x5364, 0x3282, 0x1901, 0x20C1,
  0x3122, 0x2902, 0x18C0, 0x18E1, 0x18C0, 0x2101, 0x3962, 0x4162, 0x4182, 0x4182, 0x4182, 0x4162,
  0x4162, 0x4162, 0x3962, 0x4162, 0x3942, 0x3942, 0x3942, 0x3962, 0x3962, 0x3962, 0x3101, 0x41A2,
  0x4182, 0x4182, 0x4182, 0x49A2, 0x49A3, 0x49A2, 0x49A2, 0x49A3, 0x49A2, 0x49A2, 0x51C3, 0x49A2,
  0x4182, 0x4182, 0x4182, 0x3962, 0x3142, 0x3122, 0x3122, 0x3122, 0x3121, 0x2901, 0x1900, 0x3223,
  0x2161, 0x1080, 0x18E0, 0x2161, 0x3222, 0x3222, 0x18C0, 0x2921, 0x3962, 0x3942, 0x3962, 0x4162,
  0x4182, 0x4182, 0x4182, 0x4182, 0x4182, 0x4182, 0x4182, 0x4182, 0x4182, 0x4182, 0x4182, 0x4182,
  0x4182, 0x4182, 0x4162, 0x4182, 0x4182, 0x4182, 0x4182, 0x41A2, 0x4182, 0x4182, 0x4182, 0x4162,
  0x4162, 0x4182, 0x4162, 0x4162, 0x4182, 0x4162, 0x4162, 0x4162, 0x4162, 0x4162, 0x4162, 0x4162,
  0x3962, 0x3962, 0x3962, 0x4162, 0x4162, 0x4162, 0x4162, 0x4162, 0x3962, 0x4162, 0x4162, 0x4162,
  0x4162, 0x4162, 0x4982, 0x4982, 0x4182, 0x4182, 0x4162, 0x4162, 0x4182, 0x4162, 0x4162, 0x4162,
  0x4162, 0x3962, 0x4162, 0x4162, 0x4162, 0x4162, 0x4162, 0x4162, 0x4162, 0x4162, 0x4162, 0x4162,
  0x4162, 0x4162, 0x4162, 0x4162, 0x4162, 0x4162, 0x4162, 0x4182, 0x4162, 0x4162, 0x4182, 0x49A3,
  0x4182, 0x4182, 0x4182, 0x4162, 0x4182, 0x3962, 0x4162, 0x4162, 0x4182, 0x4162, 0x4162, 0x4162,
  0x4162, 0x4182, 0x4182, 0x4182, 0x4182, 0x4162, 0x4162, 0x4182, 0x4182, 0x4182, 0x4162, 0x4162,
  0x4162, 0x4162, 0x4182, 0x4182, 0x4162, 0x4182, 0x3962, 0x3962, 0x3962, 0x4162, 0x4162, 0x4162,
  0x4162, 0x4162, 0x4162, 0x4162, 0x4162, 0x4162, 0x4162, 0x4182, 0x4162, 0x4162, 0x4162, 0x4182,
  0x4162, 0x4182, 0x4182, 0x4182, 0x4182, 0x4162, 0x4162, 0x3962, 0x4162, 0x4162, 0x4162, 0x4162,
  0x4182, 0x4182, 0x4162, 0x4162, 0x3942, 0x3942, 0x3962, 0x3962, 0x3941, 0x3941, 0x3962, 0x3962,
  0x4162, 0x4162, 0x4162, 0x4162, 0x4162, 0x4182, 0x4162, 0x3962, 0x3942, 0x3942, 0x3942, 0x3942,
  0x20C0, 0x2981, 0x42A4, 0x2181, 0x1901, 0x10A0, 0x18A1, 0x1900, 0x3A83, 0x2A03, 0x10C1, 0x3122,
  0x3122, 0x3122, 0x3122, 0x3142, 0x3942, 0x4162, 0x4183, 0x4982, 0x4982, 0x4182, 0x4182, 0x4182,
  0x4162, 0x4182, 0x4162, 0x4182, 0x4162, 0x3962, 0x3942, 0x3942, 0x3942, 0x3962, 0x3921, 0x2901,
  0x49A2, 0x4182, 0x4182, 0x4182, 0x4982, 0x4182, 0x4182, 0x4182, 0x4182, 0x4182, 0x49A2, 0x49A2,
  0x49A2, 0x4182, 0x41A3, 0x4182, 0x4162, 0x3942, 0x3941, 0x3942, 0x3121, 0x3121, 0x2901, 0x10A0,
  0x18C0, 0x3122, 0x3122, 0x2901, 0x18E1, 0x18C0, 0x20E1, 0x3142, 0x3921, 0x3941, 0x3962, 0x4162,
  0x41A3, 0x41A3, 0x4183, 0x4182, 0x4182, 0x4182, 0x4182, 0x4162, 0x4162, 0x4182, 0x4182, 0x4183,
  0x49A3, 0x4182, 0x4183, 0x4182, 0x49A2, 0x49A3, 0x4183, 0x4182, 0x41A2, 0x4182, 0x49A3, 0x4182,
  0x41A3, 0x4182, 0x41A3, 0x4182, 0x41A3, 0x41A3, 0x4182, 0x4182, 0x4182, 0x4182, 0x4182, 0x4182,
  0x4183, 0x4182, 0x4182, 0x4183, 0x4183, 0x4183, 0x4182, 0x4183, 0x4182, 0x4182, 0x4182, 0x4982,
  0x4983, 0x49A3, 0x49A3, 0x49A3, 0x49A2, 0x41A2, 0x4182, 0x4182, 0x41A2, 0x41A2, 0x4182, 0x4182,
  0x4182, 0x4182, 0x4182, 0x4182, 0x41A2, 0x41A2, 0x49A3, 0x49A3, 0x4982, 0x4182, 0x49A2, 0x4982,
  0x4182, 0x4982, 0x4182, 0x4182, 0x4182, 0x4982, 0x49A3, 0x41A2, 0x4182, 0x4182, 0x4162, 0x3942,
  0x4161, 0x4182, 0x4182, 0x4182, 0x4182, 0x49A2, 0x49A2, 0x49C3, 0x49A2, 0x49A2, 0x49A3, 0x49A3,
  0x49A3, 0x49A2, 0x49A3, 0x49A3, 0x49A3, 0x4182, 0x4182, 0x4182, 0x4982, 0x4182, 0x4162, 0x4182,
  0x4183, 0x4182, 0x49A3, 0x4982, 0x4982, 0x4182, 0x4182, 0x4183, 0x4182, 0x4182, 0x4183, 0x4182,
  0x4182, 0x4182, 0x41A2, 0x49A2, 0x41A2, 0x4182, 0x4182, 0x41A2, 0x49A2, 0x4182, 0x49A2, 0x49A3,
  0x4182, 0x4982, 0x4182, 0x4982, 0x4982, 0x4982, 0x4982, 0x49A2, 0x49A2, 0x49A2, 0x41A2, 0x4182,
  0x49A2, 0x41A2, 0x4182, 0x4162, 0x4162, 0x4162, 0x4182, 0x3962, 0x3962, 0x3962, 0x3962, 0x4182,
  0x4182, 0x4162, 0x4162, 0x4162, 0x4162, 0x4162, 0x3962, 0x3962, 0x3962, 0x3942, 0x3962, 0x3942,
  0x3142, 0x20C1, 0x18C0, 0x20E1, 0x2902, 0x3101, 0x3142, 0x2901, 0x1901, 0x18E0, 0x2921, 0x3142,
  0x3942, 0x3921, 0x3121, 0x3942, 0x3942, 0x3942, 0x3962, 0x3962, 0x3962, 0x3962, 0x3942, 0x3142,
  0x3942, 0x3942, 0x3962, 0x3962, 0x4182, 0x4183, 0x3942, 0x3942, 0x3142, 0x3942, 0x3962, 0x20C1,
  0x4982, 0x49A2, 0x49A2, 0x4182, 0x4982, 0x49A3, 0x4982, 0x4182, 0x4182, 0x4161, 0x4162, 0x4162,
  0x4162, 0x4162, 0x4162, 0x4162, 0x4182, 0x4182, 0x4162, 0x4162, 0x3941, 0x3942, 0x3942, 0x3121,
  0x3142, 0x3942, 0x4162, 0x3942, 0x3142, 0x3942, 0x3942, 0x3942, 0x3942, 0x3942, 0x3941, 0x3961,
  0x4162, 0x4182, 0x4162, 0x4141, 0x4162, 0x3961, 0x3961, 0x4162, 0x4162, 0x4162, 0x4162, 0x3961,
  0x3941, 0x3941, 0x4162, 0x4162, 0x4161, 0x4161, 0x3921, 0x3941, 0x4162, 0x3961, 0x4161, 0x4161,
  0x4162, 0x4162, 0x4162, 0x4161, 0x4161, 0x4182, 0x4162, 0x4182, 0x4162, 0x4161, 0x4162, 0x3941,
  0x4162, 0x3941, 0x4161, 0x3962, 0x3942, 0x3941, 0x3942, 0x3941, 0x3942, 0x3941, 0x3941, 0x3942,
  0x3941, 0x3941, 0x4162, 0x4162, 0x4162, 0x4161, 0x4161, 0x4162, 0x4162, 0x4162, 0x4161, 0x4162,
  0x4161, 0x4161, 0x4161, 0x3941, 0x4161, 0x4161, 0x49A2, 0x4182, 0x4182, 0x4162, 0x4162, 0x4161,
  0x4182, 0x4982, 0x4182, 0x4182, 0x4182, 0x4182, 0x4182, 0x4182, 0x4162, 0x4161, 0x4162, 0x4162,
  0x4182, 0x4982, 0x4182, 0x4182, 0x4982, 0x4182, 0x4982, 0x4982, 0x4982, 0x4162, 0x4182, 0x4162,
  0x4162, 0x4161, 0x4162, 0x3941, 0x3942, 0x4162, 0x4162, 0x4162, 0x4162, 0x4162, 0x3962, 0x4162,
  0x3942, 0x4162, 0x4182, 0x3961, 0x3962, 0x3961, 0x3941, 0x4162, 0x4162, 0x4162, 0x4182, 0x4162,
  0x4161, 0x4162, 0x4182, 0x49A2, 0x4162, 0x4161, 0x4162, 0x4162, 0x4182, 0x4182, 0x49A2, 0x4182,
  0x4162, 0x4182, 0x4182, 0x4182, 0x4182, 0x4162, 0x4182, 0x4182, 0x4182, 0x4182, 0x4982, 0x4182,
  0x4182, 0x4182, 0x4162, 0x3962, 0x3962, 0x3942, 0x3941, 0x3121, 0x3941, 0x3942, 0x3962, 0x4162,
  0x4162, 0x4162, 0x4161, 0x3941, 0x3962, 0x3942, 0x3962, 0x3942, 0x3142, 0x3942, 0x3962, 0x3942,
  0x3942, 0x3942, 0x3141, 0x3141, 0x3121, 0x3921, 0x3121, 0x3942, 0x3121, 0x3121, 0x3942, 0x3141,
  0x3962, 0x3942, 0x3942, 0x3942, 0x4162, 0x4162, 0x4162, 0x4182, 0x3942, 0x3942, 0x3942, 0x3942,
  0x3942, 0x3942, 0x3942, 0x3941, 0x3942, 0x3941, 0x3941, 0x3942, 0x3142, 0x3962, 0x4182, 0x2921,
  0x4982, 0x4982, 0x4182, 0x4182, 0x49A3, 0x49A3, 0x49A3, 0x49A3, 0x4982, 0x4182, 0x4182, 0x4182,
  0x4182, 0x4183, 0x4162, 0x4162, 0x4162, 0x4162, 0x4162, 0x4182, 0x4182, 0x4982, 0x4162, 0x4182,
  0x4182, 0x4182, 0x4183, 0x3962, 0x3961, 0x4182, 0x4162, 0x4162, 0x4183, 0x4182, 0x4182, 0x41A2,
  0x41A2, 0x49A2, 0x4982, 0x49A2, 0x49A3, 0x49A2, 0x49A3, 0x4182, 0x41A2, 0x4182, 0x4182, 0x4182,
  0x4182, 0x49A2, 0x49A3, 0x51C3, 0x51C3, 0x49A2, 0x4982, 0x49A2, 0x49C3, 0x49A2, 0x4982, 0x4982,
  0x4182, 0x4982, 0x49A2, 0x4982, 0x49A2, 0x49A3, 0x49A3, 0x51C3, 0x51C3, 0x49A2, 0x49C3, 0x49A2,
  0x49A2, 0x49C3, 0x49C3, 0x49A3, 0x49A2, 0x49A3, 0x49A3, 0x4982, 0x49A3, 0x4183, 0x4182, 0x4182,
  0x4182, 0x4182, 0x49A2, 0x4982, 0x49A2, 0x41A2, 0x49A2, 0x49C3, 0x49A2, 0x49C3, 0x49A2, 0x4982,
  0x49A2, 0x4982, 0x49A2, 0x49A2, 0x49A2, 0x49A3, 0x49A3, 0x49A2, 0x4182, 0x4182, 0x4982, 0x4982,
  0x49A2, 0x49A2, 0x4182, 0x49A2, 0x49A2, 0x49A2, 0x49A2, 0x49C3, 0x49A2, 0x4982, 0x49A2, 0x49A3,
  0x49A2, 0x49A2, 0x49A2, 0x49A2, 0x4182, 0x4182, 0x4182, 0x4182, 0x4182, 0x4182, 0x49A3, 0x4182,
  0x49A3, 0x49A2, 0x49A2, 0x4982, 0x4182, 0x49A2, 0x49A3, 0x4982, 0x49A2, 0x49A2, 0x49A3, 0x49A3,
  0x4182, 0x4162, 0x4162, 0x4182, 0x4162, 0x4182, 0x4982, 0x49A2, 0x49A2, 0x4982, 0x4982, 0x4182,
  0x4162, 0x4162, 0x4182, 0x4983, 0x4182, 0x4162, 0x4182, 0x4182, 0x4182, 0x4182, 0x4182, 0x4182,
  0x4182, 0x4162, 0x3962, 0x3962, 0x3962, 0x3962, 0x3962, 0x4182, 0x4182, 0x4162, 0x4182, 0x4162,
  0x4182, 0x4182, 0x4162, 0x3962, 0x3942, 0x3942, 0x3962, 0x4182, 0x4162, 0x4162, 0x4162, 0x4182,
  0x4182, 0x4982, 0x49A2, 0x4182, 0x4182, 0x4162, 0x4162, 0x3962, 0x3962, 0x3942, 0x3942, 0x3942,
  0x3941, 0x3141, 0x3942, 0x3122, 0x3942, 0x3942, 0x3942, 0x4162, 0x4181, 0x4182, 0x4162, 0x3962,
  0x3962, 0x4162, 0x3962, 0x3962, 0x4182, 0x4162, 0x4182, 0x4182, 0x4182, 0x4182, 0x4182, 0x4162,
  0x4182, 0x4162, 0x4182, 0x3962, 0x3942, 0x3942, 0x3942, 0x3942, 0x3942, 0x3942, 0x3942, 0x3122,
  0x49A2, 0x4182, 0x3961, 0x3962, 0x3962, 0x3962, 0x3962, 0x3942, 0x3942, 0x3942, 0x3941, 0x3942,
  0x3962, 0x3942, 0x3942, 0x3962, 0x4162, 0x4162, 0x4983, 0x4182, 0x4182, 0x4982, 0x4182, 0x4162,
  0x4162, 0x4182, 0x4982, 0x4982, 0x4182, 0x4982, 0x4982, 0x4983, 0x4183, 0x4182, 0x4182, 0x4182,
  0x4182, 0x4982, 0x4982, 0x4982, 0x4982, 0x49A3, 0x49A3, 0x4182, 0x4182, 0x4182, 0x4162, 0x4182,
  0x4182, 0x49A2, 0x49A3, 0x51C3, 0x51C3, 0x51C3, 0x51C3, 0x51C3, 0x51C3, 0x4982, 0x4982, 0x49A3,
  0x49A2, 0x49A2, 0x49C3, 0x49A3, 0x49A2, 0x49A3, 0x49A3, 0x49C3, 0x51C3, 0x49A2, 0x4982, 0x4982,
  0x49A2, 0x49C3, 0x51C3, 0x51C2, 0x51C2, 0x51C3, 0x51C3, 0x51C3, 0x51C3, 0x51C3, 0x51C3, 0x51C3,
  0x49C2, 0x49A2, 0x49A2, 0x4982, 0x49A2, 0x49A2, 0x49C3, 0x51C3, 0x51C3, 0x51C3, 0x51C3, 0x51C3,
  0x49C3, 0x51C3, 0x49A2, 0x49A2, 0x49A2, 0x49A3, 0x49C3, 0x49A2, 0x4182, 0x4182, 0x4182, 0x4182,
  0x4182, 0x49A3, 0x49A2, 0x49A2, 0x49A2, 0x49A2, 0x49A2, 0x49C3, 0x4182, 0x4182, 0x4982, 0x49A2,
  0x49A2, 0x49A2, 0x49A2, 0x49A3, 0x49C3, 0x49A3, 0x49A3, 0x49A2, 0x49A2, 0x49A2, 0x49A2, 0x49A3,
  0x49A2, 0x49A2, 0x49A3, 0x49A2, 0x49A2, 0x51C3, 0x51C3, 0x51C3, 0x49A2, 0x49A2, 0x49C3, 0x51C3,
  0x51C3, 0x49A3, 0x49A3, 0x51C3, 0x4982, 0x49A2, 0x49A2, 0x4982, 0x4982, 0x4982, 0x49A2, 0x4982,
  0x4182, 0x49A2, 0x4182, 0x49A2, 0x4982, 0x49A2, 0x49A2, 0x4982, 0x4182, 0x4182, 0x4182, 0x4182,
  0x4182, 0x4182, 0x4182, 0x4182, 0x4182, 0x4182, 0x4162, 0x4182, 0x4182, 0x4162, 0x4162, 0x4162,
  0x4162, 0x4182, 0x3962, 0x3942, 0x3121, 0x3101, 0x3942, 0x4182, 0x4162, 0x4182, 0x4182, 0x4182,
  0x4182, 0x4182, 0x4982, 0x49A2, 0x4982, 0x4182, 0x4182, 0x4182, 0x4982, 0x49A2, 0x4182, 0x4162,
  0x4182, 0x3962, 0x3922, 0x3942, 0x4182, 0x4182, 0x4162, 0x4162, 0x4162, 0x3962, 0x4162, 0x4162,
  0x4162, 0x4162, 0x3962, 0x3942, 0x3942, 0x3942, 0x4162, 0x4162, 0x4162, 0x4162, 0x3942, 0x3941,
  0x3942, 0x3942, 0x3962, 0x3942, 0x3121, 0x3942, 0x3121, 0x3121, 0x3142, 0x3121, 0x3141, 0x3121,
};

const uint8_t whackamole_bgMask[9600] PROGMEM={
  0x00FF, 0x00FF, 0x00FF, 0x00FF, 0x00FF, 0x00FF, 0x00FF, 0x00FF, 0x00FF, 0x00FF, 0x00FF, 0x00FF, 0x00FF, 0x00FF, 0x00FF, 0x00FF,
  0x00FF, 0x00FF, 0x00FF, 0x00FF, 0x00FF, 0x00FF, 0x00FF, 0x00FF, 0x00FF, 0x00FF, 0x00FF, 0x00FF, 0x00FF, 0x00FF, 0x00FF, 0x00FF,
  0x00FF, 0x00FF, 0x00FF, 0x00FF, 0x00FF, 0x00FF, 0x00FF, 0x00FF, 0x00FF, 0x00FF, 0x00FF, 0x00FF, 0x00FF, 0x00FF, 0x00FF, 0x00FF,
  0x00FF, 0x00FF, 0x00FF, 0x00FF, 0x00FF, 0x00FF, 0x00FF, 0x00FF, 0x00FF, 0x00FF, 0x00FF, 0x00FF, 0x00FF, 0x00FF, 0x00FF, 0x00FF,
  0x00FF, 0x00FF, 0x00FF, 0x00FF, 0x00FF, 0x00FF, 0x00FF, 0x00FF, 0x00FF, 0x00FF, 0x00FF, 0x00FF, 0x00FF, 0x00FF, 0x00FF, 0x00FF,
  0x00FF, 0x00FF, 0x00FF, 0x00FF, 0x00FF, 0x00FF, 0x00FF, 0x00FF, 0x00FF, 0x00FF, 0x00FF, 0x00FF, 0x00FF, 0x00FF, 0x00FF, 0x00FF,
  0x00FF, 0x00FF, 0x00FF, 0x00FF, 0x00FF, 0x00FF, 0x00FF, 0x00FF, 0x00FF, 0x00FF, 0x00FF, 0x00FF, 0x00FF, 0x00FF, 0x00FF, 0x00FF,
  0x00FF, 0x00FF, 0x00FF, 0x00FF, 0x00FF, 0x00FF, 0x00FF, 0x00FF, 0x00FF, 0x00FF, 0x00FF, 0x00FF, 0x00FF, 0x00FF, 0x00FF, 0x00FF,
  0x00FF, 0x00FF, 0x00FF, 0x00FF, 0x00FF, 0x00FF, 0x00FF, 0x00FF, 0x00FF, 0x00FF, 0x00FF, 0x00FF, 0x00FF, 0x00FF, 0x00FF, 0x00FF,
  0x00FF, 0x00FF, 0x00FF, 0x00FF, 0x00FF, 0x00FF, 0x00FF, 0x00FF, 0x00FF, 0x00FF, 0x00FF, 0x00FF, 0x00FF, 0x00FF, 0x00FF, 0x00FF,
  0x00FF, 0x00FF, 0x00FF, 0x00FF, 0x00FF, 0x00FF, 0x00FF, 0x00FF, 0x00FF, 0x00FF, 0x00FF, 0x00FF, 0x00FF, 0x00FF, 0x00FF, 0x00FF,
  0x00FF, 0x00FF, 0x00FF, 0x00FF, 0x00FF, 0x00FF, 0x00FF, 0x00FF, 0x00FF, 0x00FF, 0x00FF, 0x00FF, 0x00FF, 0x00FF, 0x00FF, 0x00FF,
  0x00FF, 0x00FF, 0x00FF, 0x00FF, 0x00FF, 0x00FF, 0x00FF, 0x00FF, 0x00FF, 0x00FF, 0x00FF, 0x00FF, 0x00FF, 0x00FF, 0x00FF, 0x00FF,
  0x00FF, 0x00FF, 0x00FF, 0x00FF, 0x00FF, 0x00FF, 0x00FF, 0x00FF, 0x00FF, 0x00FF, 0x00FF, 0x00FF, 0x00FF, 0x00FF, 0x00FF, 0x00FF,
  0x00FF, 0x00FF, 0x00FF, 0x00FF, 0x00FF, 0x00FF, 0x00FF, 0x00FF, 0x00FF, 0x00FF, 0x00FF, 0x00FF, 0x00FF, 0x00FF, 0x00FF, 0x00FF,
  0x00FF, 0x00FF, 0x00FF, 0x00FF, 0x00FF, 0x00FF, 0x00FF, 0x00FF, 0x00FF, 0x00FF, 0x00FF, 0x00FF, 0x00FF, 0x00FF, 0x00FF, 0x00FF,
  0x00FF, 0x00FF, 0x00FF, 0x00FF, 0x00FF, 0x00FF, 0x00FF, 0x00FF, 0x00FF, 0x00FF, 0x00FF, 0x00FF, 0x00FF, 0x00FF, 0x00FF, 0x00FF,
  0x00FF, 0x00FF, 0x00FF, 0x00FF, 0x00FF, 0x00FF, 0x00FF, 0x00FF, 0x00FF, 0x00FF, 0x00FF, 0x00FF, 0x00FF, 0x00FF, 0x00FF, 0x00FF,
  0x00FF, 0x00FF, 0x00FF, 0x00FF, 0x00FF, 0x00FF, 0x00FF, 0x00FF, 0x00FF, 0x00FF, 0x00FF, 0x00FF, 0x00FF, 0x00FF, 0x00FF, 0x00FF,
  0x00FF, 0x00FF, 0x00FF, 0x00FF, 0x00FF, 0x00FF, 0x00FF, 0x00FF, 0x00FF, 0x00FF, 0x00FF, 0x00FF, 0x00FF, 0x00FF, 0x00FF, 0x00FF,
  0x00FF, 0x00FF, 0x00FF, 0x00FF, 0x00FF, 0x00FF, 0x00FF, 0x00FF, 0x00FF, 0x00FF, 0x00FF, 0x00FF, 0x00FF, 0x00FF, 0x00FF, 0x00FF,
  0x00FF, 0x00FF, 0x00FF, 0x00FF, 0x00FF, 0x00FF, 0x00FF, 0x00FF, 0x00FF, 0x00FF, 0x00FF, 0x00FF, 0x00FF, 0x00FF, 0x00FF, 0x00FF,
  0x00FF, 0x00FF, 0x00FF, 0x00FF, 0x00FF, 0x00FF, 0x00FF, 0x00FF, 0x00FF, 0x00FF, 0x00FF, 0x00FF, 0x00FF, 0x00FF, 0x00FF, 0x00FF,
  0x00FF, 0x00FF, 0x00FF, 0x00FF, 0x00FF, 0x00FF, 0x00FF, 0x00FF, 0x00FF, 0x00FF, 0x00FF, 0x00FF, 0x00FF, 0x00FF, 0x00FF, 0x00FF,
  0x00FF, 0x00FF, 0x00FF, 0x00FF, 0x00FF, 0x00FF, 0x00FF, 0x00FF, 0x00FF, 0x00FF, 0x00FF, 0x00FF, 0x00FF, 0x00FF, 0x00FF, 0x00FF,
  0x00FF, 0x00FF, 0x00FF, 0x00FF, 0x00FF, 0x00FF, 0x00FF, 0x00FF, 0x00FF, 0x00FF, 0x00FF, 0x00FF, 0x00FF, 0x00FF, 0x00FF, 0x00FF,
  0x00FF, 0x00FF, 0x00FF, 0x00FF, 0x00FF, 0x00FF, 0x00FF, 0x00FF, 0x00FF, 0x00FF, 0x00FF, 0x00FF, 0x00FF, 0x00FF, 0x00FF, 0x00FF,
  0x00FF, 0x00FF, 0x00FF, 0x00FF, 0x00FF, 0x00FF, 0x00FF, 0x00FF, 0x00FF, 0x00FF, 0x00FF, 0x00FF, 0x00FF, 0x00FF, 0x00FF, 0x00FF,
  0x00FF, 0x00FF, 0x00FF, 0x00FF, 0x00FF, 0x00FF, 0x00FF, 0x00FF, 0x00FF, 0x00FF, 0x00FF, 0x00FF, 0x00FF, 0x00FF, 0x00FF, 0x00FF,
  0x00FF, 0x00FF, 0x00FF, 0x00FF, 0x00FF, 0x00FF, 0x00FF, 0x00FF, 0x00FF, 0x00FF, 0x00FF, 0x00FF, 0x00FF, 0x00FF, 0x00FF, 0x00FF,
  0x00FF, 0x00FF, 0x00FF, 0x00FF, 0x00FF, 0x00FF, 0x00FF, 0x00FF, 0x00FF, 0x00FF, 0x00FF, 0x00FF, 0x00FF, 0x00FF, 0x00FF, 0x00FF,
  0x00FF, 0x00FF, 0x00FF, 0x00FF, 0x00FF, 0x00FF, 0x00FF, 0x00FF, 0x00FF, 0x00FF, 0x00FF, 0x00FF, 0x00FF, 0x00FF, 0x00FF, 0x00FF,
  0x00FF, 0x00FF, 0x00FF, 0x00FF, 0x00FF, 0x00FF, 0x00FF, 0x00FF, 0x00FF, 0x00FF, 0x00FF, 0x00FF, 0x00FF, 0x00FF, 0x00FF, 0x00FF,
  0x00FF, 0x00FF, 0x00FF, 0x00FF, 0x00FF, 0x00FF, 0x00FF, 0x00FF, 0x00FF, 0x00FF, 0x00FF, 0x00FF, 0x00FF, 0x00FF, 0x00FF, 0x00FF,
  0x00FF, 0x00FF, 0x00FF, 0x00FF, 0x00FF, 0x00FF, 0x00FF, 0x00FF, 0x00FF, 0x00FF, 0x00FF, 0x00FF, 0x00FF, 0x00FF, 0x00FF, 0x00FF,
  0x00FF, 0x00FF, 0x00FF, 0x00FF, 0x00FF, 0x00FF, 0x00FF, 0x00FF, 0x00FF, 0x00FF, 0x00FF, 0x00FF, 0x00FF, 0x00FF, 0x00FF, 0x00FF,
  0x00FF, 0x00FF, 0x00FF, 0x00FF, 0x00FF, 0x00FF, 0x00FF, 0x00FF, 0x00FF, 0x00FF, 0x00FF, 0x00FF, 0x00FF, 0x00FF, 0x00FF, 0x00FF,
  0x00FF, 0x00FF, 0x00FF, 0x00FF, 0x00FF, 0x00FF, 0x00FF, 0x00FF, 0x00FF, 0x00FF, 0x00FF, 0x00FF, 0x00FF, 0x00FF, 0x00FF, 0x00FF,
  0x00FF, 0x00FF, 0x00FF, 0x00FF, 0x00FF, 0x00FF, 0x00FF, 0x00FF, 0x00FF, 0x00FF, 0x00FF, 0x00FF, 0x00FF, 0x00FF, 0x00FF, 0x00FF,
  0x00FF, 0x00FF, 0x00FF, 0x00FF, 0x00FF, 0x00FF, 0x00FF, 0x00FF, 0x00FF, 0x00FF, 0x00FF, 0x00FF, 0x00FF, 0x00FF, 0x00FF, 0x00FF,
  0x00FF, 0x00FF, 0x00FF, 0x00FF, 0x00FF, 0x00FF, 0x00FF, 0x00FF, 0x00FF, 0x00FF, 0x00FF, 0x00FF, 0x00FF, 0x00FF, 0x00FF, 0x00FF,
  0x00FF, 0x00FF, 0x00FF, 0x00FF, 0x00FF, 0x00FF, 0x00FF, 0x00FF, 0x00FF, 0x00FF, 0x00FF, 0x00FF, 0x00FF, 0x00FF, 0x00FF, 0x00FF,
  0x00FF, 0x00FF, 0x00FF, 0x00FF, 0x00FF, 0x00FF, 0x00FF, 0x00FF, 0x00FF, 0x00FF, 0x00FF, 0x00FF, 0x00FF, 0x00FF, 0x00FF, 0x00FF,
  0x00FF, 0x00FF, 0x00FF, 0x00FF, 0x00FF, 0x00FF, 0x00FF, 0x00FF, 0x00FF, 0x00FF, 0x00FF, 0x00FF, 0x00FF, 0x00FF, 0x00FF, 0x00FF,
  0x00FF, 0x00FF, 0x00FF, 0x00FF, 0x00FF, 0x00FF, 0x00FF, 0x00FF, 0x00FF, 0x00FF, 0x00FF, 0x00FF, 0x00FF, 0x00FF, 0x00FF, 0x00FF,
  0x00FF, 0x00FF, 0x00FF, 0x00FF, 0x00FF, 0x00FF, 0x00FF, 0x00FF, 0x00FF, 0x00FF, 0x00FF, 0x00FF, 0x00FF, 0x00FF, 0x00FF, 0x00FF,
  0x00FF, 0x00FF, 0x00FF, 0x00FF, 0x00FF, 0x00FF, 0x00FF, 0x00FF, 0x00FF, 0x00FF, 0x00FF, 0x00FF, 0x00FF, 0x00FF, 0x00FF, 0x00FF,
  0x00FF, 0x00FF, 0x00FF, 0x00FF, 0x00FF, 0x00FF, 0x00FF, 0x00FF, 0x00FF, 0x00FF, 0x00FF, 0x00FF, 0x00FF, 0x00FF, 0x00FF, 0x00FF,
  0x00FF, 0x00FF, 0x00FF, 0x00FF, 0x00FF, 0x00FF, 0x00FF, 0x00FF, 0x00FF, 0x00FF, 0x00FF, 0x00FF, 0x00FF, 0x00FF, 0x00FF, 0x00FF,
  0x00FF, 0x00FF, 0x00FF, 0x00FF, 0x00FF, 0x00FF, 0x00FF, 0x00FF, 0x00FF, 0x00FF, 0x00FF, 0x00FF, 0x00FF, 0x00FF, 0x00FF, 0x00FF,
  0x00FF, 0x00FF, 0x00FF, 0x00FF, 0x00FF, 0x00FF, 0x00FF, 0x00FF, 0x00FF, 0x00FF, 0x00FF, 0x00FF, 0x00FF, 0x00FF, 0x00FF, 0x00FF,
  0x00FF, 0x00FF, 0x00FF, 0x00FF, 0x00FF, 0x00FF, 0x00FF, 0x00FF, 0x00FF, 0x00FF, 0x00FF, 0x00FF, 0x00FF, 0x00FF, 0x00FF, 0x00FF,
  0x00FF, 0x00FF, 0x00FF, 0x00FF, 0x00FF, 0x00FF, 0x00FF, 0x00FF, 0x00FF, 0x00FF, 0x00FF, 0x00FF, 0x00FF, 0x00FF, 0x00FF, 0x00FF,
  0x00FF, 0x00FF, 0x00FF, 0x00FF, 0x00FF, 0x00FF, 0x00FF, 0x00FF, 0x00FF, 0x00FF, 0x00FF, 0x00FF, 0x00FF, 0x00FF, 0x00FF, 0x00FF,
  0x00FF, 0x00FF, 0x00FF, 0x00FF, 0x00FF, 0x00FF, 0x00FF, 0x00FF, 0x00FF, 0x00FF, 0x00FF, 0x00FF, 0x00FF, 0x00FF, 0x00FF, 0x00FF,
  0x00FF, 0x00FF, 0x00FF, 0x00FF, 0x00FF, 0x00FF, 0x00FF, 0x00FF, 0x00FF, 0x00FF, 0x00FF, 0x00FF, 0x00FF, 0x00FF, 0x00FF, 0x00FF,
  0x00FF, 0x00FF, 0x00FF, 0x00FF, 0x00FF, 0x00FF, 0x00FF, 0x00FF, 0x00FF, 0x00FF, 0x00FF, 0x00FF, 0x00FF, 0x00FF, 0x00FF, 0x00FF,
  0x00FF, 0x00FF, 0x00FF, 0x00FF, 0x00FF, 0x00FF, 0x00FF, 0x00FF, 0x00FF, 0x00FF, 0x00FF, 0x00FF, 0x00FF, 0x00FF, 0x00FF, 0x00FF,
  0x00FF, 0x00FF, 0x00FF, 0x00FF, 0x00FF, 0x00FF, 0x00FF, 0x00FF, 0x00FF, 0x00FF, 0x00FF, 0x00FF, 0x00FF, 0x00FF, 0x00FF, 0x00FF,
  0x00FF, 0x00FF, 0x00FF, 0x00FF, 0x00FF, 0x00FF, 0x00FF, 0x00FF, 0x00FF, 0x00FF, 0x00FF, 0x00FF, 0x00FF, 0x00FF, 0x00FF, 0x00FF,
  0x00FF, 0x00FF, 0x00FF, 0x00FF, 0x00FF, 0x00FF, 0x00FF, 0x00FF, 0x00FF, 0x00FF, 0x00FF, 0x00FF, 0x00FF, 0x00FF, 0x00FF, 0x00FF,
  0x00FF, 0x00FF, 0x00FF, 0x00FF, 0x00FF, 0x00FF, 0x00FF, 0x00FF, 0x00FF, 0x00FF, 0x00FF, 0x00FF, 0x00FF, 0x00FF, 0x00FF, 0x00FF,
  0x00FF, 0x00FF, 0x00FF, 0x00FF, 0x00FF, 0x00FF, 0x00FF, 0x00FF, 0x00FF, 0x00FF, 0x00FF, 0x00FF, 0x00FF, 0x00FF, 0x00FF, 0x00FF,
  0x00FF, 0x00FF, 0x00FF, 0x00FF, 0x00FF, 0x00FF, 0x00FF, 0x00FF, 0x00FF, 0x00FF, 0x00FF, 0x00FF, 0x00FF, 0x00FF, 0x00FF, 0x00FF,
  0x00FF, 0x00FF, 0x00FF, 0x00FF, 0x00FF, 0x00FF, 0x00FF, 0x00FF, 0x00FF, 0x00FF, 0x00FF, 0x00FF, 0x00FF, 0x00FF, 0x00FF, 0x00FF,
  0x00FF, 0x00FF, 0x00FF, 0x00FF, 0x00FF, 0x00FF, 0x00FF, 0x00FF, 0x00FF, 0x00FF, 0x00FF, 0x00FF, 0x00FF, 0x00FF, 0x00FF, 0x00FF,
  0x00FF, 0x00FF, 0x00FF, 0x00FF, 0x00FF, 0x00FF, 0x00FF, 0x00FF, 0x00FF, 0x00FF, 0x00FF, 0x00FF, 0x00FF, 0x00FF, 0x00FF, 0x00FF,
  0x00FF, 0x00FF, 0x00FF, 0x00FF, 0x00FF, 0x00FF, 0x00FF, 0x00FF, 0x00FF, 0x00FF, 0x00FF, 0x00FF, 0x00FF, 0x00FF, 0x00FF, 0x00FF,
  0x00FF, 0x00FF, 0x00FF, 0x00FF, 0x00FF, 0x00FF, 0x00FF, 0x00FF, 0x00FF, 0x00FF, 0x00FF, 0x00FF, 0x00FF, 0x00FF, 0x00FF, 0x00FF,
  0x00FF, 0x00FF, 0x00FF, 0x00FF, 0x00FF, 0x00FF, 0x00FF, 0x00FF, 0x00FF, 0x00FF, 0x00FF, 0x00FF, 0x00FF, 0x00FF, 0x00FF, 0x00FF,
  0x00FF, 0x00FF, 0x00FF, 0x00FF, 0x00FF, 0x00FF, 0x00FF, 0x00FF, 0x00FF, 0x00FF, 0x00FF, 0x00FF, 0x00FF, 0x00FF, 0x00FF, 0x00FF,
  0x00FF, 0x00FF, 0x00FF, 0x00FF, 0x00FF, 0x00FF, 0x00FF, 0x00FF, 0x00FF, 0x00FF, 0x00FF, 0x00FF, 0x00FF, 0x00FF, 0x00FF, 0x00FF,
  0x00FF, 0x00FF, 0x00FF, 0x00FF, 0x00FF, 0x00FF, 0x00FF, 0x00FF, 0x00FF, 0x00FF, 0x00FF, 0x00FF, 0x00FF, 0x00FF, 0x00FF, 0x00FF,
  0x00FF, 0x00FF, 0x00FF, 0x00FF, 0x00FF, 0x00FF, 0x00FF, 0x00FF, 0x00FF, 0x00FF, 0x00FF, 0x00FF, 0x00FF, 0x00FF, 0x00FF, 0x00FF,
  0x00FF, 0x00FF, 0x00FF, 0x00FF, 0x00FF, 0x00FF, 0x00FF, 0x00FF, 0x00FF, 0x00FF, 0x00FF, 0x00FF, 0x00FF, 0x00FF, 0x00FF, 0x00FF,
  0x00FF, 0x00FF, 0x00FF, 0x00FF, 0x00FF, 0x00FF, 0x00FF, 0x00FF, 0x00FF, 0x00FF, 0x00FF, 0x00FF, 0x00FF, 0x00FF, 0x00FF, 0x00FF,
  0x00FF, 0x00FF, 0x00FF, 0x00FF, 0x00FF, 0x00FF, 0x00FF, 0x00FF, 0x00FF, 0x00FF, 0x00FF, 0x00FF, 0x00FF, 0x00FF, 0x00FF, 0x00FF,
  0x00FF, 0x00FF, 0x00FF, 0x00FF, 0x00FF, 0x00FF, 0x00FF, 0x00FF, 0x00FF, 0x00FF, 0x00FF, 0x00FF, 0x00FF, 0x00FF, 0x00FF, 0x00FF,
  0x00FF, 0x00FF, 0x00FF, 0x00FF, 0x00FF, 0x00FF, 0x00FF, 0x00FF, 0x00FF, 0x00FF, 0x00FF, 0x00FF, 0x00FF, 0x00FF, 0x00FF, 0x00FF,
  0x00FF, 0x00FF, 0x00FF, 0x00FF, 0x00FF, 0x00FF, 0x00FF, 0x00FF, 0x00FF, 0x00FF, 0x00FF, 0x00FF, 0x00FF, 0x00FF, 0x00FF, 0x00FF,
  0x00FF, 0x00FF, 0x00FF, 0x00FF, 0x00FF, 0x00FF, 0x00FF, 0x00FF, 0x00FF, 0x00FF, 0x00FF, 0x00FF, 0x00FF, 0x00FF, 0x00FF, 0x00FF,
  0x00FF, 0x00FF, 0x00FF, 0x00FF, 0x00FF, 0x00FF, 0x00FF, 0x00FF, 0x00FF, 0x00FF, 0x00FF, 0x00FF, 0x00FF, 0x00FF, 0x00FF, 0x00FF,
  0x00FF, 0x00FF, 0x00FF, 0x00FF, 0x00FF, 0x00FF, 0x00FF, 0x00FF, 0x00FF, 0x00FF, 0x00FF, 0x00FF, 0x00FF, 0x00FF, 0x00FF, 0x00FF,
  0x00FF, 0x00FF, 0x00FF, 0x00FF, 0x00FF, 0x00FF, 0x00FF, 0x00FF, 0x00FF, 0x00FF, 0x00FF, 0x00FF, 0x00FF, 0x00FF, 0x00FF, 0x00FF,
  0x00FF, 0x00FF, 0x00FF, 0x00FF, 0x00FF, 0x00FF, 0x00FF, 0x00FF, 0x00FF, 0x00FF, 0x00FF, 0x00FF, 0x00FF, 0x00FF, 0x00FF, 0x00FF,
  0x00FF, 0x00FF, 0x00FF, 0x00FF, 0x00FF, 0x00FF, 0x00FF, 0x00FF, 0x00FF, 0x00FF, 0x00FF, 0x00FF, 0x00FF, 0x00FF, 0x00FF, 0x00FF,
  0x00FF, 0x00FF, 0x00FF, 0x00FF, 0x00FF, 0x00FF, 0x00FF, 0x00FF, 0x00FF, 0x00FF, 0x00FF, 0x00FF, 0x00FF, 0x00FF, 0x00FF, 0x00FF,
  0x00FF, 0x00FF, 0x00FF, 0x00FF, 0x00FF, 0x00FF, 0x00FF, 0x00FF, 0x00FF, 0x00FF, 0x00FF, 0x00FF, 0x00FF, 0x00FF, 0x00FF, 0x00FF,
  0x00FF, 0x00FF, 0x00FF, 0x00FF, 0x00FF, 0x00FF, 0x00FF, 0x00FF, 0x00FF, 0x00FF, 0x00FF, 0x00FF, 0x00FF, 0x00FF, 0x00FF, 0x00FF,
  0x00FF, 0x00FF, 0x00FF, 0x00FF, 0x00FF, 0x00FF, 0x00FF, 0x00FF, 0x00FF, 0x00FF, 0x00FF, 0x00FF, 0x00FF, 0x00FF, 0x00FF, 0x00FF,
  0x00FF, 0x00FF, 0x00FF, 0x00FF, 0x00FF, 0x00FF, 0x00FF, 0x00FF, 0x00FF, 0x00FF, 0x00FF, 0x00FF, 0x00FF, 0x00FF, 0x00FF, 0x00FF,
  0x00FF, 0x00FF, 0x00FF, 0x00FF, 0x00FF, 0x00FF, 0x00FF, 0x00FF, 0x00FF, 0x00FF, 0x00FF, 0x00FF, 0x00FF, 0x00FF, 0x00FF, 0x00FF,
  0x00FF, 0x00FF, 0x00FF, 0x00FF, 0x00FF, 0x00FF, 0x00FF, 0x00FF, 0x00FF, 0x00FF, 0x00FF, 0x00FF, 0x00FF, 0x00FF, 0x00FF, 0x00FF,
  0x00FF, 0x00FF, 0x00FF, 0x00FF, 0x00FF, 0x00FF, 0x00FF, 0x00FF, 0x00FF, 0x00FF, 0x00FF, 0x00FF, 0x00FF, 0x00FF, 0x00FF, 0x00FF,
  0x00FF, 0x00FF, 0x00FF, 0x00FF, 0x00FF, 0x00FF, 0x00FF, 0x00FF, 0x00FF, 0x00FF, 0x00FF, 0x00FF, 0x00FF, 0x00FF, 0x00FF, 0x00FF,
  0x00FF, 0x00FF, 0x00FF, 0x00FF, 0x00FF, 0x00FF, 0x00FF, 0x00FF, 0x00FF, 0x00FF, 0x00FF, 0x00FF, 0x00FF, 0x00FF, 0x00FF, 0x00FF,
  0x00FF, 0x00FF, 0x00FF, 0x00FF, 0x00FF, 0x00FF, 0x00FF, 0x00FF, 0x00FF, 0x00FF, 0x00FF, 0x00FF, 0x00FF, 0x00FF, 0x00FF, 0x00FF,
  0x00FF, 0x00FF, 0x00FF, 0x00FF, 0x00FF, 0x00FF, 0x00FF, 0x00FF, 0x00FF, 0x00FF, 0x00FF, 0x00FF, 0x00FF, 0x00FF, 0x00FF, 0x00FF,
  0x00FF, 0x00FF, 0x00FF, 0x00FF, 0x00FF, 0x00FF, 0x00FF, 0x00FF, 0x00FF, 0x00FF, 0x00FF, 0x00FF, 0x00FF, 0x00FF, 0x00FF, 0x00FF,
  0x00FF, 0x00FF, 0x00FF, 0x00FF, 0x00FF, 0x00FF, 0x00FF, 0x00FF, 0x00FF, 0x00FF, 0x00FF, 0x00FF, 0x00FF, 0x00FF, 0x00FF, 0x00FF,
  0x00FF, 0x00FF, 0x00FF, 0x00FF, 0x00FF, 0x00FF, 0x00FF, 0x00FF, 0x00FF, 0x00FF, 0x00FF, 0x00FF, 0x00FF, 0x00FF, 0x00FF, 0x00FF,
  0x00FF, 0x00FF, 0x00FF, 0x00FF, 0x00FF, 0x00FF, 0x00FF, 0x00FF, 0x00FF, 0x00FF, 0x00FF, 0x00FF, 0x00FF, 0x00FF, 0x00FF, 0x00FF,
  0x00FF, 0x00FF, 0x00FF, 0x00FF, 0x00FF, 0x00FF, 0x00FF, 0x00FF, 0x00FF, 0x00FF, 0x00FF, 0x00FF, 0x00FF, 0x00FF, 0x00FF, 0x00FF,
  0x00FF, 0x00FF, 0x00FF, 0x00FF, 0x00FF, 0x00FF, 0x00FF, 0x00FF, 0x00FF, 0x00FF, 0x00FF, 0x00FF, 0x00FF, 0x00FF, 0x00FF, 0x00FF,
  0x00FF, 0x00FF, 0x00FF, 0x00FF, 0x00FF, 0x00FF, 0x00FF, 0x00FF, 0x00FF, 0x00FF, 0x00FF, 0x00FF, 0x00FF, 0x00FF, 0x00FF, 0x00FF,
  0x00FF, 0x00FF, 0x00FF, 0x00FF, 0x00FF, 0x00FF, 0x00FF, 0x00FF, 0x00FF, 0x00FF, 0x00FF, 0x00FF, 0x00FF, 0x00FF, 0x00FF, 0x00FF,
  0x00FF, 0x00FF, 0x00FF, 0x00FF, 0x00FF, 0x00FF, 0x00FF, 0x00FF, 0x00FF, 0x00FF, 0x00FF, 0x00FF, 0x00FF, 0x00FF, 0x00FF, 0x00FF,
  0x00FF, 0x00FF, 0x00FF, 0x00FF, 0x00FF, 0x00FF, 0x00FF, 0x00FF, 0x00FF, 0x00FF, 0x00FF, 0x00FF, 0x00FF, 0x00FF, 0x00FF, 0x00FF,
  0x00FF, 0x00FF, 0x00FF, 0x00FF, 0x00FF, 0x00FF, 0x00FF, 0x00FF, 0x00FF, 0x00FF, 0x00FF, 0x00FF, 0x00FF, 0x00FF, 0x00FF, 0x00FF,
  0x00FF, 0x00FF, 0x00FF, 0x00FF, 0x00FF, 0x00FF, 0x00FF, 0x00FF, 0x00FF, 0x00FF, 0x00FF, 0x00FF, 0x00FF, 0x00FF, 0x00FF, 0x00FF,
  0x00FF, 0x00FF, 0x00FF, 0x00FF, 0x00FF, 0x00FF, 0x00FF, 0x00FF, 0x00FF, 0x00FF, 0x00FF, 0x00FF, 0x00FF, 0x00FF, 0x00FF, 0x00FF,
  0x00FF, 0x00FF, 0x00FF, 0x00FF, 0x00FF, 0x00FF, 0x00FF, 0x00FF, 0x00FF, 0x00FF, 0x00FF, 0x00FF, 0x00FF, 0x00FF, 0x00FF, 0x00FF,
  0x00FF, 0x00FF, 0x00FF, 0x00FF, 0x00FF, 0x00FF, 0x00FF, 0x00FF, 0x00FF, 0x00FF, 0x00FF, 0x00FF, 0x00FF, 0x00FF, 0x00FF, 0x00FF,
  0x00FF, 0x00FF, 0x00FF, 0x00FF, 0x00FF, 0x00FF, 0x00FF, 0x00FF, 0x00FF, 0x00FF, 0x00FF, 0x00FF, 0x00FF, 0x00FF, 0x00FF, 0x00FF,
  0x00FF, 0x00FF, 0x00FF, 0x00FF, 0x00FF, 0x00FF, 0x00FF, 0x00FF, 0x00FF, 0x00FF, 0x00FF, 0x00FF, 0x00FF, 0x00FF, 0x00FF, 0x00FF,
  0x00FF, 0x00FF, 0x00FF, 0x00FF, 0x00FF, 0x00FF, 0x00FF, 0x00FF, 0x00FF, 0x00FF, 0x00FF, 0x00FF, 0x00FF, 0x00FF, 0x00FF, 0x00FF,
  0x00FF, 0x00FF, 0x00FF, 0x00FF, 0x00FF, 0x00FF, 0x00FF, 0x00FF, 0x00FF, 0x00FF, 0x00FF, 0x00FF, 0x00FF, 0x00FF, 0x00FF, 0x00FF,
  0x00FF, 0x00FF, 0x00FF, 0x00FF, 0x00FF, 0x00FF, 0x00FF, 0x00FF, 0x00FF, 0x00FF, 0x00FF, 0x00FF, 0x00FF, 0x00FF, 0x00FF, 0x00FF,
  0x00FF, 0x00FF, 0x00FF, 0x00FF, 0x00FF, 0x00FF, 0x00FF, 0x00FF, 0x00FF, 0x00FF, 0x00FF, 0x00FF, 0x00FF, 0x00FF, 0x00FF, 0x00FF,
  0x00FF, 0x00FF, 0x00FF, 0x00FF, 0x00FF, 0x00FF, 0x00FF, 0x00FF, 0x00FF, 0x00FF, 0x00FF, 0x00FF, 0x00FF, 0x00FF, 0x00FF, 0x00FF,
  0x00FF, 0x00FF, 0x00FF, 0x00FF, 0x00FF, 0x00FF, 0x00FF, 0x00FF, 0x00FF, 0x00FF, 0x00FF, 0x00FF, 0x00FF, 0x00FF, 0x00FF, 0x00FF,
  0x00FF, 0x00FF, 0x00FF, 0x00FF, 0x00FF, 0x00FF, 0x00FF, 0x00FF, 0x00FF, 0x00FF, 0x00FF, 0x00FF, 0x00FF, 0x00FF, 0x00FF, 0x00FF,
  0x00FF, 0x00FF, 0x00FF, 0x00FF, 0x00FF, 0x00FF, 0x00FF, 0x00FF, 0x00FF, 0x00FF, 0x00FF, 0x00FF, 0x00FF, 0x00FF, 0x00FF, 0x00FF,
  0x00FF, 0x00FF, 0x00FF, 0x00FF, 0x00FF, 0x00FF, 0x00FF, 0x00FF, 0x00FF, 0x00FF, 0x00FF, 0x00FF, 0x00FF, 0x00FF, 0x00FF, 0x00FF,
  0x00FF, 0x00FF, 0x00FF, 0x00FF, 0x00FF, 0x00FF, 0x00FF, 0x00FF, 0x00FF, 0x00FF, 0x00FF, 0x00FF, 0x00FF, 0x00FF, 0x00FF, 0x00FF,
  0x00FF, 0x00FF, 0x00FF, 0x00FF, 0x00FF, 0x00FF, 0x00FF, 0x00FF, 0x00FF, 0x00FF, 0x00FF, 0x00FF, 0x00FF, 0x00FF, 0x00FF, 0x00FF,
  0x00FF, 0x00FF, 0x00FF, 0x00FF, 0x00FF, 0x00FF, 0x00FF, 0x00FF, 0x00FF, 0x00FF, 0x00FF, 0x00FF, 0x00FF, 0x00FF, 0x00FF, 0x00FF,
  0x00FF, 0x00FF, 0x00FF, 0x00FF, 0x00FF, 0x00FF, 0x00FF, 0x00FF, 0x00FF, 0x00FF, 0x00FF, 0x00FF, 0x00FF, 0x00FF, 0x00FF, 0x00FF,
  0x00FF, 0x00FF, 0x00FF, 0x00FF, 0x00FF, 0x00FF, 0x00FF, 0x00FF, 0x00FF, 0x00FF, 0x00FF, 0x00FF, 0x00FF, 0x00FF, 0x00FF, 0x00FF,
  0x00FF, 0x00FF, 0x00FF, 0x00FF, 0x00FF, 0x00FF, 0x00FF, 0x00FF, 0x00FF, 0x00FF, 0x00FF, 0x00FF, 0x00FF, 0x00FF, 0x00FF, 0x00FF,
  0x00FF, 0x00FF, 0x00FF, 0x00FF, 0x00FF, 0x00FF, 0x00FF, 0x00FF, 0x00FF, 0x00FF, 0x00FF, 0x00FF, 0x00FF, 0x00FF, 0x00FF, 0x00FF,
  0x00FF, 0x00FF, 0x00FF, 0x00FF, 0x00FF, 0x00FF, 0x00FF, 0x00FF, 0x00FF, 0x00FF, 0x00FF, 0x00FF, 0x00FF, 0x00FF, 0x00FF, 0x00FF,
  0x00FF, 0x00FF, 0x00FF, 0x00FF, 0x00FF, 0x00FF, 0x00FF, 0x00FF, 0x00FF, 0x00FF, 0x00FF, 0x00FF, 0x00FF, 0x00FF, 0x00FF, 0x00FF,
  0x00FF, 0x00FF, 0x00FF, 0x00FF, 0x00FF, 0x00FF, 0x00FF, 0x00FF, 0x00FF, 0x00FF, 0x00FF, 0x00FF, 0x00FF, 0x00FF, 0x00FF, 0x00FF,
  0x00FF, 0x00FF, 0x00FF, 0x00FF, 0x00FF, 0x00FF, 0x00FF, 0x00FF, 0x00FF, 0x00FF, 0x00FF, 0x00FF, 0x00FF, 0x00FF, 0x00FF, 0x00FF,
  0x00FF, 0x00FF, 0x00FF, 0x00FF, 0x00FF, 0x00FF, 0x00FF, 0x00FF, 0x00FF, 0x00FF, 0x00FF, 0x00FF, 0x00FF, 0x00FF, 0x00FF, 0x00FF,
  0x00FF, 0x00FF, 0x00FF, 0x00FF, 0x00FF, 0x00FF, 0x00FF, 0x00FF, 0x00FF, 0x00FF, 0x00FF, 0x00FF, 0x00FF, 0x00FF, 0x00FF, 0x00FF,
  0x00FF, 0x00FF, 0x00FF, 0x00FF, 0x00FF, 0x00FF, 0x00FF, 0x00FF, 0x00FF, 0x00FF, 0x00FF, 0x00FF, 0x00FF, 0x00FF, 0x00FF, 0x00FF,
  0x00FF, 0x00FF, 0x00FF, 0x00FF, 0x00FF, 0x00FF, 0x00FF, 0x00FF, 0x00FF, 0x00FF, 0x00FF, 0x00FF, 0x00FF, 0x00FF, 0x00FF, 0x00FF,
  0x00FF, 0x00FF, 0x00FF, 0x00FF, 0x00FF, 0x00FF, 0x00FF, 0x00FF, 0x00FF, 0x00FF, 0x00FF, 0x00FF, 0x00FF, 0x00FF, 0x00FF, 0x00FF,
  0x00FF, 0x00FF, 0x00FF, 0x00FF, 0x00FF, 0x00FF, 0x00FF, 0x00FF, 0x00FF, 0x00FF, 0x00FF, 0x00FF, 0x00FF, 0x00FF, 0x00FF, 0x00FF,
  0x00FF, 0x00FF, 0x00FF, 0x00FF, 0x00FF, 0x00FF, 0x00FF, 0x00FF, 0x00FF, 0x00FF, 0x00FF, 0x00FF, 0x00FF, 0x00FF, 0x00FF, 0x00FF,
  0x00FF, 0x00FF, 0x00FF, 0x00FF, 0x00FF, 0x00FF, 0x00FF, 0x00FF, 0x00FF, 0x00FF, 0x00FF, 0x00FF, 0x00FF, 0x00FF, 0x00FF, 0x00FF,
  0x00FF, 0x00FF, 0x00FF, 0x00FF, 0x00FF, 0x00FF, 0x00FF, 0x00FF, 0x00FF, 0x00FF, 0x00FF, 0x00FF, 0x00FF, 0x00FF, 0x00FF, 0x00FF,
  0x00FF, 0x00FF, 0x00FF, 0x00FF, 0x00FF, 0x00FF, 0x00FF, 0x00FF, 0x00FF, 0x00FF, 0x00FF, 0x00FF, 0x00FF, 0x00FF, 0x00FF, 0x00FF,
  0x00FF, 0x00FF, 0x00FF, 0x00FF, 0x00FF, 0x00FF, 0x00FF, 0x00FF, 0x00FF, 0x00FF, 0x00FF, 0x00FF, 0x00FF, 0x00FF, 0x00FF, 0x00FF,
  0x00FF, 0x00FF, 0x00FF, 0x00FF, 0x00FF, 0x00FF, 0x00FF, 0x00FF, 0x00FF, 0x00FF, 0x00FF, 0x00FF, 0x00FF, 0x00FF, 0x00FF, 0x00FF,
  0x00FF, 0x00FF, 0x00FF, 0x00FF, 0x00FF, 0x00FF, 0x00FF, 0x00FF, 0x00FF, 0x00FF, 0x00FF, 0x00FF, 0x00FF, 0x00FF, 0x00FF, 0x00FF,
  0x00FF, 0x00FF, 0x00FF, 0x00FF, 0x00FF, 0x00FF, 0x00FF, 0x00FF, 0x00FF, 0x00FF, 0x00FF, 0x00FF, 0x00FF, 0x00FF, 0x00FF, 0x00FF,
  0x00FF, 0x00FF, 0x00FF, 0x00FF, 0x00FF, 0x00FF, 0x00FF, 0x00FF, 0x00FF, 0x00FF, 0x00FF, 0x00FF, 0x00FF, 0x00FF, 0x00FF, 0x00FF,
  0x00FF, 0x00FF, 0x00FF, 0x00FF, 0x00FF, 0x00FF, 0x00FF, 0x00FF, 0x00FF, 0x00FF, 0x00FF, 0x00FF, 0x00FF, 0x00FF, 0x00FF, 0x00FF,
  0x00FF, 0x00FF, 0x00FF, 0x00FF, 0x00FF, 0x00FF, 0x00FF, 0x00FF, 0x00FF, 0x00FF, 0x00FF, 0x00FF, 0x00FF, 0x00FF, 0x00FF, 0x00FF,
  0x00FF, 0x00FF, 0x00FF, 0x00FF, 0x00FF, 0x00FF, 0x00FF, 0x00FF, 0x00FF, 0x00FF, 0x00FF, 0x00FF, 0x00FF, 0x00FF, 0x00FF, 0x00FF,
  0x00FF, 0x00FF, 0x00FF, 0x00FF, 0x00FF, 0x00FF, 0x00FF, 0x00FF, 0x00FF, 0x00FF, 0x00FF, 0x00FF, 0x00FF, 0x00FF, 0x00FF, 0x00FF,
  0x00FF, 0x00FF, 0x00FF, 0x00FF, 0x00FF, 0x00FF, 0x00FF, 0x00FF, 0x00FF, 0x00FF, 0x00FF, 0x00FF, 0x00FF, 0x00FF, 0x00FF, 0x00FF,
  0x00FF, 0x00FF, 0x00FF, 0x00FF, 0x00FF, 0x00FF, 0x00FF, 0x00FF, 0x00FF, 0x00FF, 0x00FF, 0x00FF, 0x00FF, 0x00FF, 0x00FF, 0x00FF,
  0x00FF, 0x00FF, 0x00FF, 0x00FF, 0x00FF, 0x00FF, 0x00FF, 0x00FF, 0x00FF, 0x00FF, 0x00FF, 0x00FF, 0x00FF, 0x00FF, 0x00FF, 0x00FF,
  0x00FF, 0x00FF, 0x00FF, 0x00FF, 0x00FF, 0x00FF, 0x00FF, 0x00FF, 0x00FF, 0x00FF, 0x00FF, 0x00FF, 0x00FF, 0x00FF, 0x00FF, 0x00FF,
  0x00FF, 0x00FF, 0x00FF, 0x00FF, 0x00FF, 0x00FF, 0x00FF, 0x00FF, 0x00FF, 0x00FF, 0x00FF, 0x00FF, 0x00FF, 0x00FF, 0x00FF, 0x00FF,
  0x00FF, 0x00FF, 0x00FF, 0x00FF, 0x00FF, 0x00FF, 0x00FF, 0x00FF, 0x00FF, 0x00FF, 0x00FF, 0x00FF, 0x00FF, 0x00FF, 0x00FF, 0x00FF,
  0x00FF, 0x00FF, 0x00FF, 0x00FF, 0x00FF, 0x00FF, 0x00FF, 0x00FF, 0x00FF, 0x00FF, 0x00FF, 0x00FF, 0x00FF, 0x00FF, 0x00FF, 0x00FF,
  0x00FF, 0x00FF, 0x00FF, 0x00FF, 0x00FF, 0x00FF, 0x00FF, 0x00FF, 0x00FF, 0x00FF, 0x00FF, 0x00FF, 0x00FF, 0x00FF, 0x00FF, 0x00FF,
  0x00FF, 0x00FF, 0x00FF, 0x00FF, 0x00FF, 0x00FF, 0x00FF, 0x00FF, 0x00FF, 0x00FF, 0x00FF, 0x00FF, 0x00FF, 0x00FF, 0x00FF, 0x00FF,
  0x00FF, 0x00FF, 0x00FF, 0x00FF, 0x00FF, 0x00FF, 0x00FF, 0x00FF, 0x00FF, 0x00FF, 0x00FF, 0x00FF, 0x00FF, 0x00FF, 0x00FF, 0x00FF,
  0x00FF, 0x00FF, 0x00FF, 0x00FF, 0x00FF, 0x00FF, 0x00FF, 0x00FF, 0x00FF, 0x00FF, 0x00FF, 0x00FF, 0x00FF, 0x00FF, 0x00FF, 0x00FF,
  0x00FF, 0x00FF, 0x00FF, 0x00FF, 0x00FF, 0x00FF, 0x00FF, 0x00FF, 0x00FF, 0x00FF, 0x00FF, 0x00FF, 0x00FF, 0x00FF, 0x00FF, 0x00FF,
  0x00FF, 0x00FF, 0x00FF, 0x00FF, 0x00FF, 0x00FF, 0x00FF, 0x00FF, 0x00FF, 0x00FF, 0x00FF, 0x00FF, 0x00FF, 0x00FF, 0x00FF, 0x00FF,
  0x00FF, 0x00FF, 0x00FF, 0x00FF, 0x00FF, 0x00FF, 0x00FF, 0x00FF, 0x00FF, 0x00FF, 0x00FF, 0x00FF, 0x00FF, 0x00FF, 0x00FF, 0x00FF,
  0x00FF, 0x00FF, 0x00FF, 0x00FF, 0x00FF, 0x00FF, 0x00FF, 0x00FF, 0x00FF, 0x00FF, 0x00FF, 0x00FF, 0x00FF, 0x00FF, 0x00FF, 0x00FF,
  0x00FF, 0x00FF, 0x00FF, 0x00FF, 0x00FF, 0x00FF, 0x00FF, 0x00FF, 0x00FF, 0x00FF, 0x00FF, 0x00FF, 0x00FF, 0x00FF, 0x00FF, 0x00FF,
  0x00FF, 0x00FF, 0x00FF, 0x00FF, 0x00FF, 0x00FF, 0x00FF, 0x00FF, 0x00FF, 0x00FF, 0x00FF, 0x00FF, 0x00FF, 0x00FF, 0x00FF, 0x00FF,
  0x00FF, 0x00FF, 0x00FF, 0x00FF, 0x00FF, 0x00FF, 0x00FF, 0x00FF, 0x00FF, 0x00FF, 0x00FF, 0x00FF, 0x00FF, 0x00FF, 0x00FF, 0x00FF,
  0x00FF, 0x00FF, 0x00FF, 0x00FF, 0x00FF, 0x00FF, 0x00FF, 0x00FF, 0x00FF, 0x00FF, 0x00FF, 0x00FF, 0x00FF, 0x00FF, 0x00FF, 0x00FF,
  0x00FF, 0x00FF, 0x00FF, 0x00FF, 0x00FF, 0x00FF, 0x00FF, 0x00FF, 0x00FF, 0x00FF, 0x00FF, 0x00FF, 0x00FF, 0x00FF, 0x00FF, 0x00FF,
  0x00FF, 0x00FF, 0x00FF, 0x00FF, 0x00FF, 0x00FF, 0x00FF, 0x00FF, 0x00FF, 0x00FF, 0x00FF, 0x00FF, 0x00FF, 0x00FF, 0x00FF, 0x00FF,
  0x00FF, 0x00FF, 0x00FF, 0x00FF, 0x00FF, 0x00FF, 0x00FF, 0x00FF, 0x00FF, 0x00FF, 0x00FF, 0x00FF, 0x00FF, 0x00FF, 0x00FF, 0x00FF,
  0x00FF, 0x00FF, 0x00FF, 0x00FF, 0x00FF, 0x00FF, 0x00FF, 0x00FF, 0x00FF, 0x00FF, 0x00FF, 0x00FF, 0x00FF, 0x00FF, 0x00FF, 0x00FF,
  0x00FF, 0x00FF, 0x00FF, 0x00FF, 0x00FF, 0x00FF, 0x00FF, 0x00FF, 0x00FF, 0x00FF, 0x00FF, 0x00FF, 0x00FF, 0x00FF, 0x00FF, 0x00FF,
  0x00FF, 0x00FF, 0x00FF, 0x00FF, 0x00FF, 0x00FF, 0x00FF, 0x00FF, 0x00FF, 0x00FF, 0x00FF, 0x00FF, 0x00FF, 0x00FF, 0x00FF, 0x00FF,
  0x00FF, 0x00FF, 0x00FF, 0x00FF, 0x00FF, 0x00FF, 0x00FF, 0x00FF, 0x00FF, 0x00FF, 0x00FF, 0x00FF, 0x00FF, 0x00FF, 0x00FF, 0x00FF,
  0x00FF, 0x00FF, 0x00FF, 0x00FF, 0x00FF, 0x00FF, 0x00FF, 0x00FF, 0x00FF, 0x00FF, 0x00FF, 0x00FF, 0x00FF, 0x00FF, 0x00FF, 0x00FF,
  0x00FF, 0x00FF, 0x00FF, 0x00FF, 0x00FF, 0x00FF, 0x00FF, 0x00FF, 0x00FF, 0x00FF, 0x00FF, 0x00FF, 0x00FF, 0x00FF, 0x00FF, 0x00FF,
  0x00FF, 0x00FF, 0x00FF, 0x00FF, 0x00FF, 0x00FF, 0x00FF, 0x00FF, 0x00FF, 0x00FF, 0x00FF, 0x00FF, 0x00FF, 0x00FF, 0x00FF, 0x00FF,
  0x00FF, 0x00FF, 0x00FF, 0x00FF, 0x00FF, 0x00FF, 0x00FF, 0x00FF, 0x00FF, 0x00FF, 0x00FF, 0x00FF, 0x00FF, 0x00FF, 0x00FF, 0x00FF,
  0x00FF, 0x00FF, 0x00FF, 0x00FF, 0x00FF, 0x00FF, 0x00FF, 0x00FF, 0x00FF, 0x00FF, 0x00FF, 0x00FF, 0x00FF, 0x00FF, 0x00FF, 0x00FF,
  0x00FF, 0x00FF, 0x00FF, 0x00FF, 0x00FF, 0x00FF, 0x00FF, 0x00FF, 0x00FF, 0x00FF, 0x00FF, 0x00FF, 0x00FF, 0x00FF, 0x00FF, 0x00FF,
  0x00FF, 0x00FF, 0x00FF, 0x00FF, 0x00FF, 0x00FF, 0x00FF, 0x00FF, 0x00FF, 0x00FF, 0x00FF, 0x00FF, 0x00FF, 0x00FF, 0x00FF, 0x00FF,
  0x00FF, 0x00FF, 0x00FF, 0x00FF, 0x00FF, 0x00FF, 0x00FF, 0x00FF, 0x00FF, 0x00FF, 0x00FF, 0x00FF, 0x00FF, 0x00FF, 0x00FF, 0x00FF,
  0x00FF, 0x00FF, 0x00FF, 0x00FF, 0x00FF, 0x00FF, 0x00FF, 0x00FF, 0x00FF, 0x00FF, 0x00FF, 0x00FF, 0x00FF, 0x00FF, 0x00FF, 0x00FF,
  0x00FF, 0x00FF, 0x00FF, 0x00FF, 0x00FF, 0x00FF, 0x00FF, 0x00FF, 0x00FF, 0x00FF, 0x00FF, 0x00FF, 0x00FF, 0x00FF, 0x00FF, 0x00FF,
  0x00FF, 0x00FF, 0x00FF, 0x00FF, 0x00FF, 0x00FF, 0x00FF, 0x00FF, 0x00FF, 0x00FF, 0x00FF, 0x00FF, 0x00FF, 0x00FF, 0x00FF, 0x00FF,
  0x00FF, 0x00FF, 0x00FF, 0x00FF, 0x00FF, 0x00FF, 0x00FF, 0x00FF, 0x00FF, 0x00FF, 0x00FF, 0x00FF, 0x00FF, 0x00FF, 0x00FF, 0x00FF,
  0x00FF, 0x00FF, 0x00FF, 0x00FF, 0x00FF, 0x00FF, 0x00FF, 0x00FF, 0x00FF, 0x00FF, 0x00FF, 0x00FF, 0x00FF, 0x00FF, 0x00FF, 0x00FF,
  0x00FF, 0x00FF, 0x00FF, 0x00FF, 0x00FF, 0x00FF, 0x00FF, 0x00FF, 0x00FF, 0x00FF, 0x00FF, 0x00FF, 0x00FF, 0x00FF, 0x00FF, 0x00FF,
  0x00FF, 0x00FF, 0x00FF, 0x00FF, 0x00FF, 0x00FF, 0x00FF, 0x00FF, 0x00FF, 0x00FF, 0x00FF, 0x00FF, 0x00FF, 0x00FF, 0x00FF, 0x00FF,
  0x00FF, 0x00FF, 0x00FF, 0x00FF, 0x00FF, 0x00FF, 0x00FF, 0x00FF, 0x00FF, 0x00FF, 0x00FF, 0x00FF, 0x00FF, 0x00FF, 0x00FF, 0x00FF,
  0x00FF, 0x00FF, 0x00FF, 0x00FF, 0x00FF, 0x00FF, 0x00FF, 0x00FF, 0x00FF, 0x00FF, 0x00FF, 0x00FF, 0x00FF, 0x00FF, 0x00FF, 0x00FF,
  0x00FF, 0x00FF, 0x00FF, 0x00FF, 0x00FF, 0x00FF, 0x00FF, 0x00FF, 0x00FF, 0x00FF, 0x00FF, 0x00FF, 0x00FF, 0x00FF, 0x00FF, 0x00FF,
  0x00FF, 0x00FF, 0x00FF, 0x00FF, 0x00FF, 0x00FF, 0x00FF, 0x00FF, 0x00FF, 0x00FF, 0x00FF, 0x00FF, 0x00FF, 0x00FF, 0x00FF, 0x00FF,
  0x00FF, 0x00FF, 0x00FF, 0x00FF, 0x00FF, 0x00FF, 0x00FF, 0x00FF, 0x00FF, 0x00FF, 0x00FF, 0x00FF, 0x00FF, 0x00FF, 0x00FF, 0x00FF,
  0x00FF, 0x00FF, 0x00FF, 0x00FF, 0x00FF, 0x00FF, 0x00FF, 0x00FF, 0x00FF, 0x00FF, 0x00FF, 0x00FF, 0x00FF, 0x00FF, 0x00FF, 0x00FF,
  0x00FF, 0x00FF, 0x00FF, 0x00FF, 0x00FF, 0x00FF, 0x00FF, 0x00FF, 0x00FF, 0x00FF, 0x00FF, 0x00FF, 0x00FF, 0x00FF, 0x00FF, 0x00FF,
  0x00FF, 0x00FF, 0x00FF, 0x00FF, 0x00FF, 0x00FF, 0x00FF, 0x00FF, 0x00FF, 0x00FF, 0x00FF, 0x00FF, 0x00FF, 0x00FF, 0x00FF, 0x00FF,
  0x00FF, 0x00FF, 0x00FF, 0x00FF, 0x00FF, 0x00FF, 0x00FF, 0x00FF, 0x00FF, 0x00FF, 0x00FF, 0x00FF, 0x00FF, 0x00FF, 0x00FF, 0x00FF,
  0x00FF, 0x00FF, 0x00FF, 0x00FF, 0x00FF, 0x00FF, 0x00FF, 0x00FF, 0x00FF, 0x00FF, 0x00FF, 0x00FF, 0x00FF, 0x00FF, 0x00FF, 0x00FF,
  0x00FF, 0x00FF, 0x00FF, 0x00FF, 0x00FF, 0x00FF, 0x00FF, 0x00FF, 0x00FF, 0x00FF, 0x00FF, 0x00FF, 0x00FF, 0x00FF, 0x00FF, 0x00FF,
  0x00FF, 0x00FF, 0x00FF, 0x00FF, 0x00FF, 0x00FF, 0x00FF, 0x00FF, 0x00FF, 0x00FF, 0x00FF, 0x00FF, 0x00FF, 0x00FF, 0x00FF, 0x00FF,
  0x00FF, 0x00FF, 0x00FF, 0x00FF, 0x00FF, 0x00FF, 0x00FF, 0x00FF, 0x00FF, 0x00FF, 0x00FF, 0x00FF, 0x00FF, 0x00FF, 0x00FF, 0x00FF,
  0x00FF, 0x00FF, 0x00FF, 0x00FF, 0x00FF, 0x00FF, 0x00FF, 0x00FF, 0x00FF, 0x00FF, 0x00FF, 0x00FF, 0x00FF, 0x00FF, 0x00FF, 0x00FF,
  0x00FF, 0x00FF, 0x00FF, 0x00FF, 0x00FF, 0x00FF, 0x00FF, 0x00FF, 0x00FF, 0x00FF, 0x00FF, 0x00FF, 0x00FF, 0x00FF, 0x00FF, 0x00FF,
  0x00FF, 0x00FF, 0x00FF, 0x00FF, 0x00FF, 0x00FF, 0x00FF, 0x00FF, 0x00FF, 0x00FF, 0x00FF, 0x00FF, 0x00FF, 0x00FF, 0x00FF, 0x00FF,
  0x00FF, 0x00FF, 0x00FF, 0x00FF, 0x00FF, 0x00FF, 0x00FF, 0x00FF, 0x00FF, 0x00FF, 0x00FF, 0x00FF, 0x00FF, 0x00FF, 0x00FF, 0x00FF,
  0x00FF, 0x00FF, 0x00FF, 0x00FF, 0x00FF, 0x00FF, 0x00FF, 0x00FF, 0x00FF, 0x00FF, 0x00FF, 0x00FF, 0x00FF, 0x00FF, 0x00FF, 0x00FF,
  0x00FF, 0x00FF, 0x00FF, 0x00FF, 0x00FF, 0x00FF, 0x00FF, 0x00FF, 0x00FF, 0x00FF, 0x00FF, 0x00FF, 0x00FF, 0x00FF, 0x00FF, 0x00FF,
  0x00FF, 0x00FF, 0x00FF, 0x00FF, 0x00FF, 0x00FF, 0x00FF, 0x00FF, 0x00FF, 0x00FF, 0x00FF, 0x00FF, 0x00FF, 0x00FF, 0x00FF, 0x00FF,
  0x00FF, 0x00FF, 0x00FF, 0x00FF, 0x00FF, 0x00FF, 0x00FF, 0x00FF, 0x00FF, 0x00FF, 0x00FF, 0x00FF, 0x00FF, 0x00FF, 0x00FF, 0x00FF,
  0x00FF, 0x00FF, 0x00FF, 0x00FF, 0x00FF, 0x00FF, 0x00FF, 0x00FF, 0x00FF, 0x00FF, 0x00FF, 0x00FF, 0x00FF, 0x00FF, 0x00FF, 0x00FF,
  0x00FF, 0x00FF, 0x00FF, 0x00FF, 0x00FF, 0x00FF, 0x00FF, 0x00FF, 0x00FF, 0x00FF, 0x00FF, 0x00FF, 0x00FF, 0x00FF, 0x00FF, 0x00FF,
  0x00FF, 0x00FF, 0x00FF, 0x00FF, 0x00FF, 0x00FF, 0x00FF, 0x00FF, 0x00FF, 0x00FF, 0x00FF, 0x00FF, 0x00FF, 0x00FF, 0x00FF, 0x00FF,
  0x00FF, 0x00FF, 0x00FF, 0x00FF, 0x00FF, 0x00FF, 0x00FF, 0x00FF, 0x00FF, 0x00FF, 0x00FF, 0x00FF, 0x00FF, 0x00FF, 0x00FF, 0x00FF,
  0x00FF, 0x00FF, 0x00FF, 0x00FF, 0x00FF, 0x00FF, 0x00FF, 0x00FF, 0x00FF, 0x00FF, 0x00FF, 0x00FF, 0x00FF, 0x00FF, 0x00FF, 0x00FF,
  0x00FF, 0x00FF, 0x00FF, 0x00FF, 0x00FF, 0x00FF, 0x00FF, 0x00FF, 0x00FF, 0x00FF, 0x00FF, 0x00FF, 0x00FF, 0x00FF, 0x00FF, 0x00FF,
  0x00FF, 0x00FF, 0x00FF, 0x00FF, 0x00FF, 0x00FF, 0x00FF, 0x00FF, 0x00FF, 0x00FF, 0x00FF, 0x00FF, 0x00FF, 0x00FF, 0x00FF, 0x00FF,
  0x00FF, 0x00FF, 0x00FF, 0x00FF, 0x00FF, 0x00FF, 0x00FF, 0x00FF, 0x00FF, 0x00FF, 0x00FF, 0x00FF, 0x00FF, 0x00FF, 0x00FF, 0x00FF,
  0x00FF, 0x00FF, 0x00FF, 0x00FF, 0x00FF, 0x00FF, 0x00FF, 0x00FF, 0x00FF, 0x00FF, 0x00FF, 0x00FF, 0x00FF, 0x00FF, 0x00FF, 0x00FF,
  0x00FF, 0x00FF, 0x00FF, 0x00FF, 0x00FF, 0x00FF, 0x00FF, 0x00FF, 0x00FF, 0x00FF, 0x00FF, 0x00FF, 0x00FF, 0x00FF, 0x00FF, 0x00FF,
  0x00FF, 0x00FF, 0x00FF, 0x00FF, 0x00FF, 0x00FF, 0x00FF, 0x00FF, 0x00FF, 0x00FF, 0x00FF, 0x00FF, 0x00FF, 0x00FF, 0x00FF, 0x00FF,
  0x00FF, 0x00FF, 0x00FF, 0x00FF, 0x00FF, 0x00FF, 0x00FF, 0x00FF, 0x00FF, 0x00FF, 0x00FF, 0x00FF, 0x00FF, 0x00FF, 0x00FF, 0x00FF,
  0x00FF, 0x00FF, 0x00FF, 0x00FF, 0x00FF, 0x00FF, 0x00FF, 0x00FF, 0x00FF, 0x00FF, 0x00FF, 0x00FF, 0x00FF, 0x00FF, 0x00FF, 0x00FF,
  0x00FF, 0x00FF, 0x00FF, 0x00FF, 0x00FF, 0x00FF, 0x00FF, 0x00FF, 0x00FF, 0x00FF, 0x00FF, 0x00FF, 0x00FF, 0x00FF, 0x00FF, 0x00FF,
  0x00FF, 0x00FF, 0x00FF, 0x00FF, 0x00FF, 0x00FF, 0x00FF, 0x00FF, 0x00FF, 0x00FF, 0x00FF, 0x00FF, 0x00FF, 0x00FF, 0x00FF, 0x00FF,
  0x00FF, 0x00FF, 0x00FF, 0x00FF, 0x00FF, 0x00FF, 0x00FF, 0x00FF, 0x00FF, 0x00FF, 0x00FF, 0x00FF, 0x00FF, 0x00FF, 0x00FF, 0x00FF,
  0x00FF, 0x00FF, 0x00FF, 0x00FF, 0x00FF, 0x00FF, 0x00FF, 0x00FF, 0x00FF, 0x00FF, 0x00FF, 0x00FF, 0x00FF, 0x00FF, 0x00FF, 0x00FF,
  0x00FF, 0x00FF, 0x00FF, 0x00FF, 0x00FF, 0x00FF, 0x00FF, 0x00FF, 0x00FF, 0x00FF, 0x00FF, 0x00FF, 0x00FF, 0x00FF, 0x00FF, 0x00FF,
  0x00FF, 0x00FF, 0x00FF, 0x00FF, 0x00FF, 0x00FF, 0x00FF, 0x00FF, 0x00FF, 0x00FF, 0x00FF, 0x00FF, 0x00FF, 0x00FF, 0x00FF, 0x00FF,
  0x00FF, 0x00FF, 0x00FF, 0x00FF, 0x00FF, 0x00FF, 0x00FF, 0x00FF, 0x00FF, 0x00FF, 0x00FF, 0x00FF, 0x00FF, 0x00FF, 0x00FF, 0x00FF,
  0x00FF, 0x00FF, 0x00FF, 0x00FF, 0x00FF, 0x00FF, 0x00FF, 0x00FF, 0x00FF, 0x00FF, 0x00FF, 0x00FF, 0x00FF, 0x00FF, 0x00FF, 0x00FF,
  0x00FF, 0x00FF, 0x00FF, 0x00FF, 0x00FF, 0x00FF, 0x00FF, 0x00FF, 0x00FF, 0x00FF, 0x00FF, 0x00FF, 0x00FF, 0x00FF, 0x00FF, 0x00FF,
  0x00FF, 0x00FF, 0x00FF, 0x00FF, 0x00FF, 0x00FF, 0x00FF, 0x00FF, 0x00FF, 0x00FF, 0x00FF, 0x00FF, 0x00FF, 0x00FF, 0x00FF, 0x00FF,
  0x00FF, 0x00FF, 0x00FF, 0x00FF, 0x00FF, 0x00FF, 0x00FF, 0x00FF, 0x00FF, 0x00FF, 0x00FF, 0x00FF, 0x00FF, 0x00FF, 0x00FF, 0x00FF,
  0x00FF, 0x00FF, 0x00FF, 0x00FF, 0x00FF, 0x00FF, 0x00FF, 0x00FF, 0x00FF, 0x00FF, 0x00FF, 0x00FF, 0x00FF, 0x00FF, 0x00FF, 0x00FF,
  0x00FF, 0x00FF, 0x00FF, 0x00FF, 0x00FF, 0x00FF, 0x00FF, 0x00FF, 0x00FF, 0x00FF, 0x00FF, 0x00FF, 0x00FF, 0x00FF, 0x00FF, 0x00FF,
  0x00FF, 0x00FF, 0x00FF, 0x00FF, 0x00FF, 0x00FF, 0x00FF, 0x00FF, 0x00FF, 0x00FF, 0x00FF, 0x00FF, 0x00FF, 0x00FF, 0x00FF, 0x00FF,
  0x00FF, 0x00FF, 0x00FF, 0x00FF, 0x00FF, 0x00FF, 0x00FF, 0x00FF, 0x00FF, 0x00FF, 0x00FF, 0x00FF, 0x00FF, 0x00FF, 0x00FF, 0x00FF,
  0x00FF, 0x00FF, 0x00FF, 0x00FF, 0x00FF, 0x00FF, 0x00FF, 0x00FF, 0x00FF, 0x00FF, 0x00FF, 0x00FF, 0x00FF, 0x00FF, 0x00FF, 0x00FF,
  0x00FF, 0x00FF, 0x00FF, 0x00FF, 0x00FF, 0x00FF, 0x00FF, 0x00FF, 0x00FF, 0x00FF, 0x00FF, 0x00FF, 0x00FF, 0x00FF, 0x00FF, 0x00FF,
  0x00FF, 0x00FF, 0x00FF, 0x00FF, 0x00FF, 0x00FF, 0x00FF, 0x00FF, 0x00FF, 0x00FF, 0x00FF, 0x00FF, 0x00FF, 0x00FF, 0x00FF, 0x00FF,
  0x00FF, 0x00FF, 0x00FF, 0x00FF, 0x00FF, 0x00FF, 0x00FF, 0x00FF, 0x00FF, 0x00FF, 0x00FF, 0x00FF, 0x00FF, 0x00FF, 0x00FF, 0x00FF,
  0x00FF, 0x00FF, 0x00FF, 0x00FF, 0x00FF, 0x00FF, 0x00FF, 0x00FF, 0x00FF, 0x00FF, 0x00FF, 0x00FF, 0x00FF, 0x00FF, 0x00FF, 0x00FF,
  0x00FF, 0x00FF, 0x00FF, 0x00FF, 0x00FF, 0x00FF, 0x00FF, 0x00FF, 0x00FF, 0x00FF, 0x00FF, 0x00FF, 0x00FF, 0x00FF, 0x00FF, 0x00FF,
  0x00FF, 0x00FF, 0x00FF, 0x00FF, 0x00FF, 0x00FF, 0x00FF, 0x00FF, 0x00FF, 0x00FF, 0x00FF, 0x00FF, 0x00FF, 0x00FF, 0x00FF, 0x00FF,
  0x00FF, 0x00FF, 0x00FF, 0x00FF, 0x00FF, 0x00FF, 0x00FF, 0x00FF, 0x00FF, 0x00FF, 0x00FF, 0x00FF, 0x00FF, 0x00FF, 0x00FF, 0x00FF,
  0x00FF, 0x00FF, 0x00FF, 0x00FF, 0x00FF, 0x00FF, 0x00FF, 0x00FF, 0x00FF, 0x00FF, 0x00FF, 0x00FF, 0x00FF, 0x00FF, 0x00FF, 0x00FF,
  0x00FF, 0x00FF, 0x00FF, 0x00FF, 0x00FF, 0x00FF, 0x00FF, 0x00FF, 0x00FF, 0x00FF, 0x00FF, 0x00FF, 0x00FF, 0x00FF, 0x00FF, 0x00FF,
  0x00FF, 0x00FF, 0x00FF, 0x00FF, 0x00FF, 0x00FF, 0x00FF, 0x00FF, 0x00FF, 0x00FF, 0x00FF, 0x00FF, 0x00FF, 0x00FF, 0x00FF, 0x00FF,
  0x00FF, 0x00FF, 0x00FF, 0x00FF, 0x00FF, 0x00FF, 0x00FF, 0x00FF, 0x00FF, 0x00FF, 0x00FF, 0x00FF, 0x00FF, 0x00FF, 0x00FF, 0x00FF,
  0x00FF, 0x00FF, 0x00FF, 0x00FF, 0x00FF, 0x00FF, 0x00FF, 0x00FF, 0x00FF, 0x00FF, 0x00FF, 0x00FF, 0x00FF, 0x00FF, 0x00FF, 0x00FF,
  0x00FF, 0x00FF, 0x00FF, 0x00FF, 0x00FF, 0x00FF, 0x00FF, 0x00FF, 0x00FF, 0x00FF, 0x00FF, 0x00FF, 0x00FF, 0x00FF, 0x00FF, 0x00FF,
  0x00FF, 0x00FF, 0x00FF, 0x00FF, 0x00FF, 0x00FF, 0x00FF, 0x00FF, 0x00FF, 0x00FF, 0x00FF, 0x00FF, 0x00FF, 0x00FF, 0x00FF, 0x00FF,
  0x00FF, 0x00FF, 0x00FF, 0x00FF, 0x00FF, 0x00FF, 0x00FF, 0x00FF, 0x00FF, 0x00FF, 0x00FF, 0x00FF, 0x00FF, 0x00FF, 0x00FF, 0x00FF,
  0x00FF, 0x00FF, 0x00FF, 0x00FF, 0x00FF, 0x00FF, 0x00FF, 0x00FF, 0x00FF, 0x00FF, 0x00FF, 0x00FF, 0x00FF, 0x00FF, 0x00FF, 0x00FF,
  0x00FF, 0x00FF, 0x00FF, 0x00FF, 0x00FF, 0x00FF, 0x00FF, 0x00FF, 0x00FF, 0x00FF, 0x00FF, 0x00FF, 0x00FF, 0x00FF, 0x00FF, 0x00FF,
  0x00FF, 0x00FF, 0x00FF, 0x00FF, 0x00FF, 0x00FF, 0x00FF, 0x00FF, 0x00FF, 0x00FF, 0x00FF, 0x00FF, 0x00FF, 0x00FF, 0x00FF, 0x00FF,
  0x00FF, 0x00FF, 0x00FF, 0x00FF, 0x00FF, 0x00FF, 0x00FF, 0x00FF, 0x00FF, 0x00FF, 0x00FF, 0x00FF, 0x00FF, 0x00FF, 0x00FF, 0x00FF,
  0x00FF, 0x00FF, 0x00FF, 0x00FF, 0x00FF, 0x00FF, 0x00FF, 0x00FF, 0x00FF, 0x00FF, 0x00FF, 0x00FF, 0x00FF, 0x00FF, 0x00FF, 0x00FF,
  0x00FF, 0x00FF, 0x00FF, 0x00FF, 0x00FF, 0x00FF, 0x00FF, 0x00FF, 0x00FF, 0x00FF, 0x00FF, 0x00FF, 0x00FF, 0x00FF, 0x00FF, 0x00FF,
  0x00FF, 0x00FF, 0x00FF, 0x00FF, 0x00FF, 0x00FF, 0x00FF, 0x00FF, 0x00FF, 0x00FF, 0x00FF, 0x00FF, 0x00FF, 0x00FF, 0x00FF, 0x00FF,
  0x00FF, 0x00FF, 0x00FF, 0x00FF, 0x00FF, 0x00FF, 0x00FF, 0x00FF, 0x00FF, 0x00FF, 0x00FF, 0x00FF, 0x00FF, 0x00FF, 0x00FF, 0x00FF,
  0x00FF, 0x00FF, 0x00FF, 0x00FF, 0x00FF, 0x00FF, 0x00FF, 0x00FF, 0x00FF, 0x00FF, 0x00FF, 0x00FF, 0x00FF, 0x00FF, 0x00FF, 0x00FF,
  0x00FF, 0x00FF, 0x00FF, 0x00FF, 0x00FF, 0x00FF, 0x00FF, 0x00FF, 0x00FF, 0x00FF, 0x00FF, 0x00FF, 0x00FF, 0x00FF, 0x00FF, 0x00FF,
  0x00FF, 0x00FF, 0x00FF, 0x00FF, 0x00FF, 0x00FF, 0x00FF, 0x00FF, 0x00FF, 0x00FF, 0x00FF, 0x00FF, 0x00FF, 0x00FF, 0x00FF, 0x00FF,
  0x00FF, 0x00FF, 0x00FF, 0x00FF, 0x00FF, 0x00FF, 0x00FF, 0x00FF, 0x00FF, 0x00FF, 0x00FF, 0x00FF, 0x00FF, 0x00FF, 0x00FF, 0x00FF,
  0x00FF, 0x00FF, 0x00FF, 0x00FF, 0x00FF, 0x00FF, 0x00FF, 0x00FF, 0x00FF, 0x00FF, 0x00FF, 0x00FF, 0x00FF, 0x00FF, 0x00FF, 0x00FF,
  0x00FF, 0x00FF, 0x00FF, 0x00FF, 0x00FF, 0x00FF, 0x00FF, 0x00FF, 0x00FF, 0x00FF, 0x00FF, 0x00FF, 0x00FF, 0x00FF, 0x00FF, 0x00FF,
  0x00FF, 0x00FF, 0x00FF, 0x00FF, 0x00FF, 0x00FF, 0x00FF, 0x00FF, 0x00FF, 0x00FF, 0x00FF, 0x00FF, 0x00FF, 0x00FF, 0x00FF, 0x00FF,
  0x00FF, 0x00FF, 0x00FF, 0x00FF, 0x00FF, 0x00FF, 0x00FF, 0x00FF, 0x00FF, 0x00FF, 0x00FF, 0x00FF, 0x00FF, 0x00FF, 0x00FF, 0x00FF,
  0x00FF, 0x00FF, 0x00FF, 0x00FF, 0x00FF, 0x00FF, 0x00FF, 0x00FF, 0x00FF, 0x00FF, 0x00FF, 0x00FF, 0x00FF, 0x00FF, 0x00FF, 0x00FF,
  0x00FF, 0x00FF, 0x00FF, 0x00FF, 0x00FF, 0x00FF, 0x00FF, 0x00FF, 0x00FF, 0x00FF, 0x00FF, 0x00FF, 0x00FF, 0x00FF, 0x00FF, 0x00FF,
  0x00FF, 0x00FF, 0x00FF, 0x00FF, 0x00FF, 0x00FF, 0x00FF, 0x00FF, 0x00FF, 0x00FF, 0x00FF, 0x00FF, 0x00FF, 0x00FF, 0x00FF, 0x00FF,
  0x00FF, 0x00FF, 0x00FF, 0x00FF, 0x00FF, 0x00FF, 0x00FF, 0x00FF, 0x00FF, 0x00FF, 0x00FF, 0x00FF, 0x00FF, 0x00FF, 0x00FF, 0x00FF,
  0x00FF, 0x00FF, 0x00FF, 0x00FF, 0x00FF, 0x00FF, 0x00FF, 0x00FF, 0x00FF, 0x00FF, 0x00FF, 0x00FF, 0x00FF, 0x00FF, 0x00FF, 0x00FF,
  0x00FF, 0x00FF, 0x00FF, 0x00FF, 0x00FF, 0x00FF, 0x00FF, 0x00FF, 0x00FF, 0x00FF, 0x00FF, 0x00FF, 0x00FF, 0x00FF, 0x00FF, 0x00FF,
  0x00FF, 0x00FF, 0x00FF, 0x00FF, 0x00FF, 0x00FF, 0x00FF, 0x00FF, 0x00FF, 0x00FF, 0x00FF, 0x00FF, 0x00FF, 0x00FF, 0x00FF, 0x00FF,
  0x00FF, 0x00FF, 0x00FF, 0x00FF, 0x00FF, 0x00FF, 0x00FF, 0x00FF, 0x00FF, 0x00FF, 0x00FF, 0x00FF, 0x00FF, 0x00FF, 0x00FF, 0x00FF,
  0x00FF, 0x00FF, 0x00FF, 0x00FF, 0x00FF, 0x00FF, 0x00FF, 0x00FF, 0x00FF, 0x00FF, 0x00FF, 0x00FF, 0x00FF, 0x00FF, 0x00FF, 0x00FF,
  0x00FF, 0x00FF, 0x00FF, 0x00FF, 0x00FF, 0x00FF, 0x00FF, 0x00FF, 0x00FF, 0x00FF, 0x00FF, 0x00FF, 0x00FF, 0x00FF, 0x00FF, 0x00FF,
  0x00FF, 0x00FF, 0x00FF, 0x00FF, 0x00FF, 0x00FF, 0x00FF, 0x00FF, 0x00FF, 0x00FF, 0x00FF, 0x00FF, 0x00FF, 0x00FF, 0x00FF, 0x00FF,
  0x00FF, 0x00FF, 0x00FF, 0x00FF, 0x00FF, 0x00FF, 0x00FF, 0x00FF, 0x00FF, 0x00FF, 0x00FF, 0x00FF, 0x00FF, 0x00FF, 0x00FF, 0x00FF,
  0x00FF, 0x00FF, 0x00FF, 0x00FF, 0x00FF, 0x00FF, 0x00FF, 0x00FF, 0x00FF, 0x00FF, 0x00FF, 0x00FF, 0x00FF, 0x00FF, 0x00FF, 0x00FF,
  0x00FF, 0x00FF, 0x00FF, 0x00FF, 0x00FF, 0x00FF, 0x00FF, 0x00FF, 0x00FF, 0x00FF, 0x00FF, 0x00FF, 0x00FF, 0x00FF, 0x00FF, 0x00FF,
  0x00FF, 0x00FF, 0x00FF, 0x00FF, 0x00FF, 0x00FF, 0x00FF, 0x00FF, 0x00FF, 0x00FF, 0x00FF, 0x00FF, 0x00FF, 0x00FF, 0x00FF, 0x00FF,
  0x00FF, 0x00FF, 0x00FF, 0x00FF, 0x00FF, 0x00FF, 0x00FF, 0x00FF, 0x00FF, 0x00FF, 0x00FF, 0x00FF, 0x00FF, 0x00FF, 0x00FF, 0x00FF,
  0x00FF, 0x00FF, 0x00FF, 0x00FF, 0x00FF, 0x00FF, 0x00FF, 0x00FF, 0x00FF, 0x00FF, 0x00FF, 0x00FF, 0x00FF, 0x00FF, 0x00FF, 0x00FF,
  0x00FF, 0x00FF, 0x00FF, 0x00FF, 0x00FF, 0x00FF, 0x00FF, 0x00FF, 0x00FF, 0x00FF, 0x00FF, 0x00FF, 0x00FF, 0x00FF, 0x00FF, 0x00FF,
  0x00FF, 0x00FF, 0x00FF, 0x00FF, 0x00FF, 0x00FF, 0x00FF, 0x00FF, 0x00FF, 0x00FF, 0x00FF, 0x00FF, 0x00FF, 0x00FF, 0x00FF, 0x00FF,
  0x00FF, 0x00FF, 0x00FF, 0x00FF, 0x00FF, 0x00FF, 0x00FF, 0x00FF, 0x00FF, 0x00FF, 0x00FF, 0x00FF, 0x00FF, 0x00FF, 0x00FF, 0x00FF,
  0x00FF, 0x00FF, 0x00FF, 0x00FF, 0x00FF, 0x00FF, 0x00FF, 0x00FF, 0x00FF, 0x00FF, 0x00FF, 0x00FF, 0x00FF, 0x00FF, 0x00FF, 0x00FF,
  0x00FF, 0x00FF, 0x00FF, 0x00FF, 0x00FF, 0x00FF, 0x00FF, 0x00FF, 0x00FF, 0x00FF, 0x00FF, 0x00FF, 0x00FF, 0x00FF, 0x00FF, 0x00FF,
  0x00FF, 0x00FF, 0x00FF, 0x00FF, 0x00FF, 0x00FF, 0x00FF, 0x00FF, 0x00FF, 0x00FF, 0x00FF, 0x00FF, 0x00FF, 0x00FF, 0x00FF, 0x00FF,
  0x00FF, 0x00FF, 0x00FF, 0x00FF, 0x00FF, 0x00FF, 0x00FF, 0x00FF, 0x00FF, 0x00FF, 0x00FF, 0x00FF, 0x00FF, 0x00FF, 0x00FF, 0x00FF,
  0x00FF, 0x00FF, 0x00FF, 0x00FF, 0x00FF, 0x00FF, 0x00FF, 0x00FF, 0x00FF, 0x00FF, 0x00FF, 0x00FF, 0x00FF, 0x00FF, 0x00FF, 0x00FF,
  0x00FF, 0x00FF, 0x00FF, 0x00FF, 0x00FF, 0x00FF, 0x00FF, 0x00FF, 0x00FF, 0x00FF, 0x00FF, 0x00FF, 0x00FF, 0x00FF, 0x00FF, 0x00FF,
  0x00FF, 0x00FF, 0x00FF, 0x00FF, 0x00FF, 0x00FF, 0x00FF, 0x00FF, 0x00FF, 0x00FF, 0x00FF, 0x00FF, 0x00FF, 0x00FF, 0x00FF, 0x00FF,
  0x00FF, 0x00FF, 0x00FF, 0x00FF, 0x00FF, 0x00FF, 0x00FF, 0x00FF, 0x00FF, 0x00FF, 0x00FF, 0x00FF, 0x00FF, 0x00FF, 0x00FF, 0x00FF,
  0x00FF, 0x00FF, 0x00FF, 0x00FF, 0x00FF, 0x00FF, 0x00FF, 0x00FF, 0x00FF, 0x00FF, 0x00FF, 0x00FF, 0x00FF, 0x00FF, 0x00FF, 0x00FF,
  0x00FF, 0x00FF, 0x00FF, 0x00FF, 0x00FF, 0x00FF, 0x00FF, 0x00FF, 0x00FF, 0x00FF, 0x00FF, 0x00FF, 0x00FF, 0x00FF, 0x00FF, 0x00FF,
  0x00FF, 0x00FF, 0x00FF, 0x00FF, 0x00FF, 0x00FF, 0x00FF, 0x00FF, 0x00FF, 0x00FF, 0x00FF, 0x00FF, 0x00FF, 0x00FF, 0x00FF, 0x00FF,
  0x00FF, 0x00FF, 0x00FF, 0x00FF, 0x00FF, 0x00FF, 0x00FF, 0x00FF, 0x00FF, 0x00FF, 0x00FF, 0x00FF, 0x00FF, 0x00FF, 0x00FF, 0x00FF,
  0x00FF, 0x00FF, 0x00FF, 0x00FF, 0x00FF, 0x00FF, 0x00FF, 0x00FF, 0x00FF, 0x00FF, 0x00FF, 0x00FF, 0x00FF, 0x00FF, 0x00FF, 0x00FF,
  0x00FF, 0x00FF, 0x00FF, 0x00FF, 0x00FF, 0x00FF, 0x00FF, 0x00FF, 0x00FF, 0x00FF, 0x00FF, 0x00FF, 0x00FF, 0x00FF, 0x00FF, 0x00FF,
  0x00FF, 0x00FF, 0x00FF, 0x00FF, 0x00FF, 0x00FF, 0x00FF, 0x00FF, 0x00FF, 0x00FF, 0x00FF, 0x00FF, 0x00FF, 0x00FF, 0x00FF, 0x00FF,
  0x00FF, 0x00FF, 0x00FF, 0x00FF, 0x00FF, 0x00FF, 0x00FF, 0x00FF, 0x00FF, 0x00FF, 0x00FF, 0x00FF, 0x00FF, 0x00FF, 0x00FF, 0x00FF,
  0x00FF, 0x00FF, 0x00FF, 0x00FF, 0x00FF, 0x00FF, 0x00FF, 0x00FF, 0x00FF, 0x00FF, 0x00FF, 0x00FF, 0x00FF, 0x00FF, 0x00FF, 0x00FF,
  0x00FF, 0x00FF, 0x00FF, 0x00FF, 0x00FF, 0x00FF, 0x00FF, 0x00FF, 0x00FF, 0x00FF, 0x00FF, 0x00FF, 0x00FF, 0x00FF, 0x00FF, 0x00FF,
  0x00FF, 0x00FF, 0x00FF, 0x00FF, 0x00FF, 0x00FF, 0x00FF, 0x00FF, 0x00FF, 0x00FF, 0x00FF, 0x00FF, 0x00FF, 0x00FF, 0x00FF, 0x00FF,
  0x00FF, 0x00FF, 0x00FF, 0x00FF, 0x00FF, 0x00FF, 0x00FF, 0x00FF, 0x00FF, 0x00FF, 0x00FF, 0x00FF, 0x00FF, 0x00FF, 0x00FF, 0x00FF,
  0x00FF, 0x00FF, 0x00FF, 0x00FF, 0x00FF, 0x00FF, 0x00FF, 0x00FF, 0x00FF, 0x00FF, 0x00FF, 0x00FF, 0x00FF, 0x00FF, 0x00FF, 0x00FF,
  0x00FF, 0x00FF, 0x00FF, 0x00FF, 0x00FF, 0x00FF, 0x00FF, 0x00FF, 0x00FF, 0x00FF, 0x00FF, 0x00FF, 0x00FF, 0x00FF, 0x00FF, 0x00FF,
  0x00FF, 0x00FF, 0x00FF, 0x00FF, 0x00FF, 0x00FF, 0x00FF, 0x00FF, 0x00FF, 0x00FF, 0x00FF, 0x00FF, 0x00FF, 0x00FF, 0x00FF, 0x00FF,
  0x00FF, 0x00FF, 0x00FF, 0x00FF, 0x00FF, 0x00FF, 0x00FF, 0x00FF, 0x00FF, 0x00FF, 0x00FF, 0x00FF, 0x00FF, 0x00FF, 0x00FF, 0x00FF,
  0x00FF, 0x00FF, 0x00FF, 0x00FF, 0x00FF, 0x00FF, 0x00FF, 0x00FF, 0x00FF, 0x00FF, 0x00FF, 0x00FF, 0x00FF, 0x00FF, 0x00FF, 0x00FF,
  0x00FF, 0x00FF, 0x00FF, 0x00FF, 0x00FF, 0x00FF, 0x00FF, 0x00FF, 0x00FF, 0x00FF, 0x00FF, 0x00FF, 0x00FF, 0x00FF, 0x00FF, 0x00FF,
  0x00FF, 0x00FF, 0x00FF, 0x00FF, 0x00FF, 0x00FF, 0x00FF, 0x00FF, 0x00FF, 0x00FF, 0x00FF, 0x00FF, 0x00FF, 0x00FF, 0x00FF, 0x00FF,
  0x00FF, 0x00FF, 0x00FF, 0x00FF, 0x00FF, 0x00FF, 0x00FF, 0x00FF, 0x00FF, 0x00FF, 0x00FF, 0x00FF, 0x00FF, 0x00FF, 0x00FF, 0x00FF,
  0x00FF, 0x00FF, 0x00FF, 0x00FF, 0x00FF, 0x00FF, 0x00FF, 0x00FF, 0x00FF, 0x00FF, 0x00FF, 0x00FF, 0x00FF, 0x00FF, 0x00FF, 0x00FF,
  0x00FF, 0x00FF, 0x00FF, 0x00FF, 0x00FF, 0x00FF, 0x00FF, 0x00FF, 0x00FF, 0x00FF, 0x00FF, 0x00FF, 0x00FF, 0x00FF, 0x00FF, 0x00FF,
  0x00FF, 0x00FF, 0x00FF, 0x00FF, 0x00FF, 0x00FF, 0x00FF, 0x00FF, 0x00FF, 0x00FF, 0x00FF, 0x00FF, 0x00FF, 0x00FF, 0x00FF, 0x00FF,
  0x00FF, 0x00FF, 0x00FF, 0x00FF, 0x00FF, 0x00FF, 0x00FF, 0x00FF, 0x00FF, 0x00FF, 0x00FF, 0x00FF, 0x00FF, 0x00FF, 0x00FF, 0x00FF,
  0x00FF, 0x00FF, 0x00FF, 0x00FF, 0x00FF, 0x00FF, 0x00FF, 0x00FF, 0x00FF, 0x00FF, 0x00FF, 0x00FF, 0x00FF, 0x00FF, 0x00FF, 0x00FF,
  0x00FF, 0x00FF, 0x00FF, 0x00FF, 0x00FF, 0x00FF, 0x00FF, 0x00FF, 0x00FF, 0x00FF, 0x00FF, 0x00FF, 0x00FF, 0x00FF, 0x00FF, 0x00FF,
  0x00FF, 0x00FF, 0x00FF, 0x00FF, 0x00FF, 0x00FF, 0x00FF, 0x00FF, 0x00FF, 0x00FF, 0x00FF, 0x00FF, 0x00FF, 0x00FF, 0x00FF, 0x00FF,
  0x00FF, 0x00FF, 0x00FF, 0x00FF, 0x00FF, 0x00FF, 0x00FF, 0x00FF, 0x00FF, 0x00FF, 0x00FF, 0x00FF, 0x00FF, 0x00FF, 0x00FF, 0x00FF,
  0x00FF, 0x00FF, 0x00FF, 0x00FF, 0x00FF, 0x00FF, 0x00FF, 0x00FF, 0x00FF, 0x00FF, 0x00FF, 0x00FF, 0x00FF, 0x00FF, 0x00FF, 0x00FF,
  0x00FF, 0x00FF, 0x00FF, 0x00FF, 0x00FF, 0x00FF, 0x00FF, 0x00FF, 0x00FF, 0x00FF, 0x00FF, 0x00FF, 0x00FF, 0x00FF, 0x00FF, 0x00FF,
  0x00FF, 0x00FF, 0x00FF, 0x00FF, 0x00FF, 0x00FF, 0x00FF, 0x00FF, 0x00FF, 0x00FF, 0x00FF, 0x00FF, 0x00FF, 0x00FF, 0x00FF, 0x00FF,
  0x00FF, 0x00FF, 0x00FF, 0x00FF, 0x00FF, 0x00FF, 0x00FF, 0x00FF, 0x00FF, 0x00FF, 0x00FF, 0x00FF, 0x00FF, 0x00FF, 0x00FF, 0x00FF,
  0x00FF, 0x00FF, 0x00FF, 0x00FF, 0x00FF, 0x00FF, 0x00FF, 0x00FF, 0x00FF, 0x00FF, 0x00FF, 0x00FF, 0x00FF, 0x00FF, 0x00FF, 0x00FF,
  0x00FF, 0x00FF, 0x00FF, 0x00FF, 0x00FF, 0x00FF, 0x00FF, 0x00FF, 0x00FF, 0x00FF, 0x00FF, 0x00FF, 0x00FF, 0x00FF, 0x00FF, 0x00FF,
  0x00FF, 0x00FF, 0x00FF, 0x00FF, 0x00FF, 0x00FF, 0x00FF, 0x00FF, 0x00FF, 0x00FF, 0x00FF, 0x00FF, 0x00FF, 0x00FF, 0x00FF, 0x00FF,
  0x00FF, 0x00FF, 0x00FF, 0x00FF, 0x00FF, 0x00FF, 0x00FF, 0x00FF, 0x00FF, 0x00FF, 0x00FF, 0x00FF, 0x00FF, 0x00FF, 0x00FF, 0x00FF,
  0x00FF, 0x00FF, 0x00FF, 0x00FF, 0x00FF, 0x00FF, 0x00FF, 0x00FF, 0x00FF, 0x00FF, 0x00FF, 0x00FF, 0x00FF, 0x00FF, 0x00FF, 0x00FF,
  0x00FF, 0x00FF, 0x00FF, 0x00FF, 0x00FF, 0x00FF, 0x00FF, 0x00FF, 0x00FF, 0x00FF, 0x00FF, 0x00FF, 0x00FF, 0x00FF, 0x00FF, 0x00FF,
  0x00FF, 0x00FF, 0x00FF, 0x00FF, 0x00FF, 0x00FF, 0x00FF, 0x00FF, 0x00FF, 0x00FF, 0x00FF, 0x00FF, 0x00FF, 0x00FF, 0x00FF, 0x00FF,
  0x00FF, 0x00FF, 0x00FF, 0x00FF, 0x00FF, 0x00FF, 0x00FF, 0x00FF, 0x00FF, 0x00FF, 0x00FF, 0x00FF, 0x00FF, 0x00FF, 0x00FF, 0x00FF,
  0x00FF, 0x00FF, 0x00FF, 0x00FF, 0x00FF, 0x00FF, 0x00FF, 0x00FF, 0x00FF, 0x00FF, 0x00FF, 0x00FF, 0x00FF, 0x00FF, 0x00FF, 0x00FF,
  0x00FF, 0x00FF, 0x00FF, 0x00FF, 0x00FF, 0x00FF, 0x00FF, 0x00FF, 0x00FF, 0x00FF, 0x00FF, 0x00FF, 0x00FF, 0x00FF, 0x00FF, 0x00FF,
  0x00FF, 0x00FF, 0x00FF, 0x00FF, 0x00FF, 0x00FF, 0x00FF, 0x00FF, 0x00FF, 0x00FF, 0x00FF, 0x00FF, 0x00FF, 0x00FF, 0x00FF, 0x00FF,
  0x00FF, 0x00FF, 0x00FF, 0x00FF, 0x00FF, 0x00FF, 0x00FF, 0x00FF, 0x00FF, 0x00FF, 0x00FF, 0x00FF, 0x00FF, 0x00FF, 0x00FF, 0x00FF,
  0x00FF, 0x00FF, 0x00FF, 0x00FF, 0x00FF, 0x00FF, 0x00FF, 0x00FF, 0x00FF, 0x00FF, 0x00FF, 0x00FF, 0x00FF, 0x00FF, 0x00FF, 0x00FF,
  0x00FF, 0x00FF, 0x00FF, 0x00FF, 0x00FF, 0x00FF, 0x00FF, 0x00FF, 0x00FF, 0x00FF, 0x00FF, 0x00FF, 0x00FF, 0x00FF, 0x00FF, 0x00FF,
  0x00FF, 0x00FF, 0x00FF, 0x00FF, 0x00FF, 0x00FF, 0x00FF, 0x00FF, 0x00FF, 0x00FF, 0x00FF, 0x00FF, 0x00FF, 0x00FF, 0x00FF, 0x00FF,
  0x00FF, 0x00FF, 0x00FF, 0x00FF, 0x00FF, 0x00FF, 0x00FF, 0x00FF, 0x00FF, 0x00FF, 0x00FF, 0x00FF, 0x00FF, 0x00FF, 0x00FF, 0x00FF,
  0x00FF, 0x00FF, 0x00FF, 0x00FF, 0x00FF, 0x00FF, 0x00FF, 0x00FF, 0x00FF, 0x00FF, 0x00FF, 0x00FF, 0x00FF, 0x00FF, 0x00FF, 0x00FF,
  0x00FF, 0x00FF, 0x00FF, 0x00FF, 0x00FF, 0x00FF, 0x00FF, 0x00FF, 0x00FF, 0x00FF, 0x00FF, 0x00FF, 0x00FF, 0x00FF, 0x00FF, 0x00FF,
  0x00FF, 0x00FF, 0x00FF, 0x00FF, 0x00FF, 0x00FF, 0x00FF, 0x00FF, 0x00FF, 0x00FF, 0x00FF, 0x00FF, 0x00FF, 0x00FF, 0x00FF, 0x00FF,
  0x00FF, 0x00FF, 0x00FF, 0x00FF, 0x00FF, 0x00FF, 0x00FF, 0x00FF, 0x00FF, 0x00FF, 0x00FF, 0x00FF, 0x00FF, 0x00FF, 0x00FF, 0x00FF,
  0x00FF, 0x00FF, 0x00FF, 0x00FF, 0x00FF, 0x00FF, 0x00FF, 0x00FF, 0x00FF, 0x00FF, 0x00FF, 0x00FF, 0x00FF, 0x00FF, 0x00FF, 0x00FF,
  0x00FF, 0x00FF, 0x00FF, 0x00FF, 0x00FF, 0x00FF, 0x00FF, 0x00FF, 0x00FF, 0x00FF, 0x00FF, 0x00FF, 0x00FF, 0x00FF, 0x00FF, 0x00FF,
  0x00FF, 0x00FF, 0x00FF, 0x00FF, 0x00FF, 0x00FF, 0x00FF, 0x00FF, 0x00FF, 0x00FF, 0x00FF, 0x00FF, 0x00FF, 0x00FF, 0x00FF, 0x00FF,
  0x00FF, 0x00FF, 0x00FF, 0x00FF, 0x00FF, 0x00FF, 0x00FF, 0x00FF, 0x00FF, 0x00FF, 0x00FF, 0x00FF, 0x00FF, 0x00FF, 0x00FF, 0x00FF,
  0x00FF, 0x00FF, 0x00FF, 0x00FF, 0x00FF, 0x00FF, 0x00FF, 0x00FF, 0x00FF, 0x00FF, 0x00FF, 0x00FF, 0x00FF, 0x00FF, 0x00FF, 0x00FF,
  0x00FF, 0x00FF, 0x00FF, 0x00FF, 0x00FF, 0x00FF, 0x00FF, 0x00FF, 0x00FF, 0x00FF, 0x00FF, 0x00FF, 0x00FF, 0x00FF, 0x00FF, 0x00FF,
  0x00FF, 0x00FF, 0x00FF, 0x00FF, 0x00FF, 0x00FF, 0x00FF, 0x00FF, 0x00FF, 0x00FF, 0x00FF, 0x00FF, 0x00FF, 0x00FF, 0x00FF, 0x00FF,
  0x00FF, 0x00FF, 0x00FF, 0x00FF, 0x00FF, 0x00FF, 0x00FF, 0x00FF, 0x00FF, 0x00FF, 0x00FF, 0x00FF, 0x00FF, 0x00FF, 0x00FF, 0x00FF,
  0x00FF, 0x00FF, 0x00FF, 0x00FF, 0x00FF, 0x00FF, 0x00FF, 0x00FF, 0x00FF, 0x00FF, 0x00FF, 0x00FF, 0x00FF, 0x00FF, 0x00FF, 0x00FF,
  0x00FF, 0x00FF, 0x00FF, 0x00FF, 0x00FF, 0x00FF, 0x00FF, 0x00FF, 0x00FF, 0x00FF, 0x00FF, 0x00FF, 0x00FF, 0x00FF, 0x00FF, 0x00FF,
  0x00FF, 0x00FF, 0x00FF, 0x00FF, 0x00FF, 0x00FF, 0x00FF, 0x00FF, 0x00FF, 0x00FF, 0x00FF, 0x00FF, 0x00FF, 0x00FF, 0x00FF, 0x00FF,
  0x00FF, 0x00FF, 0x00FF, 0x00FF, 0x00FF, 0x00FF, 0x00FF, 0x00FF, 0x00FF, 0x00FF, 0x00FF, 0x00FF, 0x00FF, 0x00FF, 0x00FF, 0x00FF,
  0x00FF, 0x00FF, 0x00FF, 0x00FF, 0x00FF, 0x00FF, 0x00FF, 0x00FF, 0x00FF, 0x00FF, 0x00FF, 0x00FF, 0x00FF, 0x00FF, 0x00FF, 0x00FF,
  0x00FF, 0x00FF, 0x00FF, 0x00FF, 0x00FF, 0x00FF, 0x00FF, 0x00FF, 0x00FF, 0x00FF, 0x00FF, 0x00FF, 0x00FF, 0x00FF, 0x00FF, 0x00FF,
  0x00FF, 0x00FF, 0x00FF, 0x00FF, 0x00FF, 0x00FF, 0x00FF, 0x00FF, 0x00FF, 0x00FF, 0x00FF, 0x00FF, 0x00FF, 0x00FF, 0x00FF, 0x00FF,
  0x00FF, 0x00FF, 0x00FF, 0x00FF, 0x00FF, 0x00FF, 0x00FF, 0x00FF, 0x00FF, 0x00FF, 0x00FF, 0x00FF, 0x00FF, 0x00FF, 0x00FF, 0x00FF,
  0x00FF, 0x00FF, 0x00FF, 0x00FF, 0x00FF, 0x00FF, 0x00FF, 0x00FF, 0x00FF, 0x00FF, 0x00FF, 0x00FF, 0x00FF, 0x00FF, 0x00FF, 0x00FF,
  0x00FF, 0x00FF, 0x00FF, 0x00FF, 0x00FF, 0x00FF, 0x00FF, 0x00FF, 0x00FF, 0x00FF, 0x00FF, 0x00FF, 0x00FF, 0x00FF, 0x00FF, 0x00FF,
  0x00FF, 0x00FF, 0x00FF, 0x00FF, 0x00FF, 0x00FF, 0x00FF, 0x00FF, 0x00FF, 0x00FF, 0x00FF, 0x00FF, 0x00FF, 0x00FF, 0x00FF, 0x00FF,
  0x00FF, 0x00FF, 0x00FF, 0x00FF, 0x00FF, 0x00FF, 0x00FF, 0x00FF, 0x00FF, 0x00FF, 0x00FF, 0x00FF, 0x00FF, 0x00FF, 0x00FF, 0x00FF,
  0x00FF, 0x00FF, 0x00FF, 0x00FF, 0x00FF, 0x00FF, 0x00FF, 0x00FF, 0x00FF, 0x00FF, 0x00FF, 0x00FF, 0x00FF, 0x00FF, 0x00FF, 0x00FF,
  0x00FF, 0x00FF, 0x00FF, 0x00FF, 0x00FF, 0x00FF, 0x00FF, 0x00FF, 0x00FF, 0x00FF, 0x00FF, 0x00FF, 0x00FF, 0x00FF, 0x00FF, 0x00FF,
  0x00FF, 0x00FF, 0x00FF, 0x00FF, 0x00FF, 0x00FF, 0x00FF, 0x00FF, 0x00FF, 0x00FF, 0x00FF, 0x00FF, 0x00FF, 0x00FF, 0x00FF, 0x00FF,
  0x00FF, 0x00FF, 0x00FF, 0x00FF, 0x00FF, 0x00FF, 0x00FF, 0x00FF, 0x00FF, 0x00FF, 0x00FF, 0x00FF, 0x00FF, 0x00FF, 0x00FF, 0x00FF,
  0x00FF, 0x00FF, 0x00FF, 0x00FF, 0x00FF, 0x00FF, 0x00FF, 0x00FF, 0x00FF, 0x00FF, 0x00FF, 0x00FF, 0x00FF, 0x00FF, 0x00FF, 0x00FF,
  0x00FF, 0x00FF, 0x00FF, 0x00FF, 0x00FF, 0x00FF, 0x00FF, 0x00FF, 0x00FF, 0x00FF, 0x00FF, 0x00FF, 0x00FF, 0x00FF, 0x00FF, 0x00FF,
  0x00FF, 0x00FF, 0x00FF, 0x00FF, 0x00FF, 0x00FF, 0x00FF, 0x00FF, 0x00FF, 0x00FF, 0x00FF, 0x00FF, 0x00FF, 0x00FF, 0x00FF, 0x00FF,
  0x00FF, 0x00FF, 0x00FF, 0x00FF, 0x00FF, 0x00FF, 0x00FF, 0x00FF, 0x00FF, 0x00FF, 0x00FF, 0x00FF, 0x00FF, 0x00FF, 0x00FF, 0x00FF,
  0x00FF, 0x00FF, 0x00FF, 0x00FF, 0x00FF, 0x00FF, 0x00FF, 0x00FF, 0x00FF, 0x00FF, 0x00FF, 0x00FF, 0x00FF, 0x00FF, 0x00FF, 0x00FF,
  0x00FF, 0x00FF, 0x00FF, 0x00FF, 0x00FF, 0x00FF, 0x00FF, 0x00FF, 0x00FF, 0x00FF, 0x00FF, 0x00FF, 0x00FF, 0x00FF, 0x00FF, 0x00FF,
  0x00FF, 0x00FF, 0x00FF, 0x00FF, 0x00FF, 0x00FF, 0x00FF, 0x00FF, 0x00FF, 0x00FF, 0x00FF, 0x00FF, 0x00FF, 0x00FF, 0x00FF, 0x00FF,
  0x00FF, 0x00FF, 0x00FF, 0x00FF, 0x00FF, 0x00FF, 0x00FF, 0x00FF, 0x00FF, 0x00FF, 0x00FF, 0x00FF, 0x00FF, 0x00FF, 0x00FF, 0x00FF,
  0x00FF, 0x00FF, 0x00FF, 0x00FF, 0x00FF, 0x00FF, 0x00FF, 0x00FF, 0x00FF, 0x00FF, 0x00FF, 0x00FF, 0x00FF, 0x00FF, 0x00FF, 0x00FF,
  0x00FF, 0x00FF, 0x00FF, 0x00FF, 0x00FF, 0x00FF, 0x00FF, 0x00FF, 0x00FF, 0x00FF, 0x00FF, 0x00FF, 0x00FF, 0x00FF, 0x00FF, 0x00FF,
  0x00FF, 0x00FF, 0x00FF, 0x00FF, 0x00FF, 0x00FF, 0x00FF, 0x00FF, 0x00FF, 0x00FF, 0x00FF, 0x00FF, 0x00FF, 0x00FF, 0x00FF, 0x00FF,
  0x00FF, 0x00FF, 0x00FF, 0x00FF, 0x00FF, 0x00FF, 0x00FF, 0x00FF, 0x00FF, 0x00FF, 0x00FF, 0x00FF, 0x00FF, 0x00FF, 0x00FF, 0x00FF,
  0x00FF, 0x00FF, 0x00FF, 0x00FF, 0x00FF, 0x00FF, 0x00FF, 0x00FF, 0x00FF, 0x00FF, 0x00FF, 0x00FF, 0x00FF, 0x00FF, 0x00FF, 0x00FF,
  0x00FF, 0x00FF, 0x00FF, 0x00FF, 0x00FF, 0x00FF, 0x00FF, 0x00FF, 0x00FF, 0x00FF, 0x00FF, 0x00FF, 0x00FF, 0x00FF, 0x00FF, 0x00FF,
  0x00FF, 0x00FF, 0x00FF, 0x00FF, 0x00FF, 0x00FF, 0x00FF, 0x00FF, 0x00FF, 0x00FF, 0x00FF, 0x00FF, 0x00FF, 0x00FF, 0x00FF, 0x00FF,
  0x00FF, 0x00FF, 0x00FF, 0x00FF, 0x00FF, 0x00FF, 0x00FF, 0x00FF, 0x00FF, 0x00FF, 0x00FF, 0x00FF, 0x00FF, 0x00FF, 0x00FF, 0x00FF,
  0x00FF, 0x00FF, 0x00FF, 0x00FF, 0x00FF, 0x00FF, 0x00FF, 0x00FF, 0x00FF, 0x00FF, 0x00FF, 0x00FF, 0x00FF, 0x00FF, 0x00FF, 0x00FF,
  0x00FF, 0x00FF, 0x00FF, 0x00FF, 0x00FF, 0x00FF, 0x00FF, 0x00FF, 0x00FF, 0x00FF, 0x00FF, 0x00FF, 0x00FF, 0x00FF, 0x00FF, 0x00FF,
  0x00FF, 0x00FF, 0x00FF, 0x00FF, 0x00FF, 0x00FF, 0x00FF, 0x00FF, 0x00FF, 0x00FF, 0x00FF, 0x00FF, 0x00FF, 0x00FF, 0x00FF, 0x00FF,
  0x00FF, 0x00FF, 0x00FF, 0x00FF, 0x00FF, 0x00FF, 0x00FF, 0x00FF, 0x00FF, 0x00FF, 0x00FF, 0x00FF, 0x00FF, 0x00FF, 0x00FF, 0x00FF,
  0x00FF, 0x00FF, 0x00FF, 0x00FF, 0x00FF, 0x00FF, 0x00FF, 0x00FF, 0x00FF, 0x00FF, 0x00FF, 0x00FF, 0x00FF, 0x00FF, 0x00FF, 0x00FF,
  0x00FF, 0x00FF, 0x00FF, 0x00FF, 0x00FF, 0x00FF, 0x00FF, 0x00FF, 0x00FF, 0x00FF, 0x00FF, 0x00FF, 0x00FF, 0x00FF, 0x00FF, 0x00FF,
  0x00FF, 0x00FF, 0x00FF, 0x00FF, 0x00FF, 0x00FF, 0x00FF, 0x00FF, 0x00FF, 0x00FF, 0x00FF, 0x00FF, 0x00FF, 0x00FF, 0x00FF, 0x00FF,
  0x00FF, 0x00FF, 0x00FF, 0x00FF, 0x00FF, 0x00FF, 0x00FF, 0x00FF, 0x00FF, 0x00FF, 0x00FF, 0x00FF, 0x00FF, 0x00FF, 0x00FF, 0x00FF,
  0x00FF, 0x00FF, 0x00FF, 0x00FF, 0x00FF, 0x00FF, 0x00FF, 0x00FF, 0x00FF, 0x00FF, 0x00FF, 0x00FF, 0x00FF, 0x00FF, 0x00FF, 0x00FF,
  0x00FF, 0x00FF, 0x00FF, 0x00FF, 0x00FF, 0x00FF, 0x00FF, 0x00FF, 0x00FF, 0x00FF, 0x00FF, 0x00FF, 0x00FF, 0x00FF, 0x00FF, 0x00FF,
  0x00FF, 0x00FF, 0x00FF, 0x00FF, 0x00FF, 0x00FF, 0x00FF, 0x00FF, 0x00FF, 0x00FF, 0x00FF, 0x00FF, 0x00FF, 0x00FF, 0x00FF, 0x00FF,
  0x00FF, 0x00FF, 0x00FF, 0x00FF, 0x00FF, 0x00FF, 0x00FF, 0x00FF, 0x00FF, 0x00FF, 0x00FF, 0x00FF, 0x00FF, 0x00FF, 0x00FF, 0x00FF,
  0x00FF, 0x00FF, 0x00FF, 0x00FF, 0x00FF, 0x00FF, 0x00FF, 0x00FF, 0x00FF, 0x00FF, 0x00FF, 0x00FF, 0x00FF, 0x00FF, 0x00FF, 0x00FF,
  0x00FF, 0x00FF, 0x00FF, 0x00FF, 0x00FF, 0x00FF, 0x00FF, 0x00FF, 0x00FF, 0x00FF, 0x00FF, 0x00FF, 0x00FF, 0x00FF, 0x00FF, 0x00FF,
  0x00FF, 0x00FF, 0x00FF, 0x00FF, 0x00FF, 0x00FF, 0x00FF, 0x00FF, 0x00FF, 0x00FF, 0x00FF, 0x00FF, 0x00FF, 0x00FF, 0x00FF, 0x00FF,
  0x00FF, 0x00FF, 0x00FF, 0x00FF, 0x00FF, 0x00FF, 0x00FF, 0x00FF, 0x00FF, 0x00FF, 0x00FF, 0x00FF, 0x00FF, 0x00FF, 0x00FF, 0x00FF,
  0x00FF, 0x00FF, 0x00FF, 0x00FF, 0x00FF, 0x00FF, 0x00FF, 0x00FF, 0x00FF, 0x00FF, 0x00FF, 0x00FF, 0x00FF, 0x00FF, 0x00FF, 0x00FF,
  0x00FF, 0x00FF, 0x00FF, 0x00FF, 0x00FF, 0x00FF, 0x00FF, 0x00FF, 0x00FF, 0x00FF, 0x00FF, 0x00FF, 0x00FF, 0x00FF, 0x00FF, 0x00FF,
  0x00FF, 0x00FF, 0x00FF, 0x00FF, 0x00FF, 0x00FF, 0x00FF, 0x00FF, 0x00FF, 0x00FF, 0x00FF, 0x00FF, 0x00FF, 0x00FF, 0x00FF, 0x00FF,
  0x00FF, 0x00FF, 0x00FF, 0x00FF, 0x00FF, 0x00FF, 0x00FF, 0x00FF, 0x00FF, 0x00FF, 0x00FF, 0x00FF, 0x00FF, 0x00FF, 0x00FF, 0x00FF,
  0x00FF, 0x00FF, 0x00FF, 0x00FF, 0x00FF, 0x00FF, 0x00FF, 0x00FF, 0x00FF, 0x00FF, 0x00FF, 0x00FF, 0x00FF, 0x00FF, 0x00FF, 0x00FF,
  0x00FF, 0x00FF, 0x00FF, 0x00FF, 0x00FF, 0x00FF, 0x00FF, 0x00FF, 0x00FF, 0x00FF, 0x00FF, 0x00FF, 0x00FF, 0x00FF, 0x00FF, 0x00FF,
  0x00FF, 0x00FF, 0x00FF, 0x00FF, 0x00FF, 0x00FF, 0x00FF, 0x00FF, 0x00FF, 0x00FF, 0x00FF, 0x00FF, 0x00FF, 0x00FF, 0x00FF, 0x00FF,
  0x00FF, 0x00FF, 0x00FF, 0x00FF, 0x00FF, 0x00FF, 0x00FF, 0x00FF, 0x00FF, 0x00FF, 0x00FF, 0x00FF, 0x00FF, 0x00FF, 0x00FF, 0x00FF,
  0x00FF, 0x00FF, 0x00FF, 0x00FF, 0x00FF, 0x00FF, 0x00FF, 0x00FF, 0x00FF, 0x00FF, 0x00FF, 0x00FF, 0x00FF, 0x00FF, 0x00FF, 0x00FF,
  0x00FF, 0x00FF, 0x00FF, 0x00FF, 0x00FF, 0x00FF, 0x00FF, 0x00FF, 0x00FF, 0x00FF, 0x00FF, 0x00FF, 0x00FF, 0x00FF, 0x00FF, 0x00FF,
  0x00FF, 0x00FF, 0x00FF, 0x00FF, 0x00FF, 0x00FF, 0x00FF, 0x00FF, 0x00FF, 0x00FF, 0x00FF, 0x00FF, 0x00FF, 0x00FF, 0x00FF, 0x00FF,
  0x00FF, 0x00FF, 0x00FF, 0x00FF, 0x00FF, 0x00FF, 0x00FF, 0x00FF, 0x00FF, 0x00FF, 0x00FF, 0x00FF, 0x00FF, 0x00FF, 0x00FF, 0x00FF,
  0x00FF, 0x00FF, 0x00FF, 0x00FF, 0x00FF, 0x00FF, 0x00FF, 0x00FF, 0x00FF, 0x00FF, 0x00FF, 0x00FF, 0x00FF, 0x00FF, 0x00FF, 0x00FF,
  0x00FF, 0x00FF, 0x00FF, 0x00FF, 0x00FF, 0x00FF, 0x00FF, 0x00FF, 0x00FF, 0x00FF, 0x00FF, 0x00FF, 0x00FF, 0x00FF, 0x00FF, 0x00FF,
  0x00FF, 0x00FF, 0x00FF, 0x00FF, 0x00FF, 0x00FF, 0x00FF, 0x00FF, 0x00FF, 0x00FF, 0x00FF, 0x00FF, 0x00FF, 0x00FF, 0x00FF, 0x00FF,
  0x00FF, 0x00FF, 0x00FF, 0x00FF, 0x00FF, 0x00FF, 0x00FF, 0x00FF, 0x00FF, 0x00FF, 0x00FF, 0x00FF, 0x00FF, 0x00FF, 0x00FF, 0x00FF,
  0x00FF, 0x00FF, 0x00FF, 0x00FF, 0x00FF, 0x00FF, 0x00FF, 0x00FF, 0x00FF, 0x00FF, 0x00FF, 0x00FF, 0x00FF, 0x00FF, 0x00FF, 0x00FF,
  0x00FF, 0x00FF, 0x00FF, 0x00FF, 0x00FF, 0x00FF, 0x00FF, 0x00FF, 0x00FF, 0x00FF, 0x00FF, 0x00FF, 0x00FF, 0x00FF, 0x00FF, 0x00FF,
  0x00FF, 0x00FF, 0x00FF, 0x00FF, 0x00FF, 0x00FF, 0x00FF, 0x00FF, 0x00FF, 0x00FF, 0x00FF, 0x00FF, 0x00FF, 0x00FF, 0x00FF, 0x00FF,
  0x00FF, 0x00FF, 0x00FF, 0x00FF, 0x00FF, 0x00FF, 0x00FF, 0x00FF, 0x00FF, 0x00FF, 0x00FF, 0x00FF, 0x00FF, 0x00FF, 0x00FF, 0x00FF,
  0x00FF, 0x00FF, 0x00FF, 0x00FF, 0x00FF, 0x00FF, 0x00FF, 0x00FF, 0x00FF, 0x00FF, 0x00FF, 0x00FF, 0x00FF, 0x00FF, 0x00FF, 0x00FF,
  0x00FF, 0x00FF, 0x00FF, 0x00FF, 0x00FF, 0x00FF, 0x00FF, 0x00FF, 0x00FF, 0x00FF, 0x00FF, 0x00FF, 0x00FF, 0x00FF, 0x00FF, 0x00FF,
  0x00FF, 0x00FF, 0x00FF, 0x00FF, 0x00FF, 0x00FF, 0x00FF, 0x00FF, 0x00FF, 0x00FF, 0x00FF, 0x00FF, 0x00FF, 0x00FF, 0x00FF, 0x00FF,
  0x00FF, 0x00FF, 0x00FF, 0x00FF, 0x00FF, 0x00FF, 0x00FF, 0x00FF, 0x00FF, 0x00FF, 0x00FF, 0x00FF, 0x00FF, 0x00FF, 0x00FF, 0x00FF,
  0x00FF, 0x00FF, 0x00FF, 0x00FF, 0x00FF, 0x00FF, 0x00FF, 0x00FF, 0x00FF, 0x00FF, 0x00FF, 0x00FF, 0x00FF, 0x00FF, 0x00FF, 0x00FF,
  0x00FF, 0x00FF, 0x00FF, 0x00FF, 0x00FF, 0x00FF, 0x00FF, 0x00FF, 0x00FF, 0x00FF, 0x00FF, 0x00FF, 0x00FF, 0x00FF, 0x00FF, 0x00FF,
  0x00FF, 0x00FF, 0x00FF, 0x00FF, 0x00FF, 0x00FF, 0x00FF, 0x00FF, 0x00FF, 0x00FF, 0x00FF, 0x00FF, 0x00FF, 0x00FF, 0x00FF, 0x00FF,
  0x00FF, 0x00FF, 0x00FF, 0x00FF, 0x00FF, 0x00FF, 0x00FF, 0x00FF, 0x00FF, 0x00FF, 0x00FF, 0x00FF, 0x00FF, 0x00FF, 0x00FF, 0x00FF,
  0x00FF, 0x00FF, 0x00FF, 0x00FF, 0x00FF, 0x00FF, 0x00FF, 0x00FF, 0x00FF, 0x00FF, 0x00FF, 0x00FF, 0x00FF, 0x00FF, 0x00FF, 0x00FF,
  0x00FF, 0x00FF, 0x00FF, 0x00FF, 0x00FF, 0x00FF, 0x00FF, 0x00FF, 0x00FF, 0x00FF, 0x00FF, 0x00FF, 0x00FF, 0x00FF, 0x00FF, 0x00FF,
  0x00FF, 0x00FF, 0x00FF, 0x00FF, 0x00FF, 0x00FF, 0x00FF, 0x00FF, 0x00FF, 0x00FF, 0x00FF, 0x00FF, 0x00FF, 0x00FF, 0x00FF, 0x00FF,
  0x00FF, 0x00FF, 0x00FF, 0x00FF, 0x00FF, 0x00FF, 0x00FF, 0x00FF, 0x00FF, 0x00FF, 0x00FF, 0x00FF, 0x00FF, 0x00FF, 0x00FF, 0x00FF,
  0x00FF, 0x00FF, 0x00FF, 0x00FF, 0x00FF, 0x00FF, 0x00FF, 0x00FF, 0x00FF, 0x00FF, 0x00FF, 0x00FF, 0x00FF, 0x00FF, 0x00FF, 0x00FF,
  0x00FF, 0x00FF, 0x00FF, 0x00FF, 0x00FF, 0x00FF, 0x00FF, 0x00FF, 0x00FF, 0x00FF, 0x00FF, 0x00FF, 0x00FF, 0x00FF, 0x00FF, 0x00FF,
  0x00FF, 0x00FF, 0x00FF, 0x00FF, 0x00FF, 0x00FF, 0x00FF, 0x00FF, 0x00FF, 0x00FF, 0x00FF, 0x00FF, 0x00FF, 0x00FF, 0x00FF, 0x00FF,
  0x00FF, 0x00FF, 0x00FF, 0x00FF, 0x00FF, 0x00FF, 0x00FF, 0x00FF, 0x00FF, 0x00FF, 0x00FF, 0x00FF, 0x00FF, 0x00FF, 0x00FF, 0x00FF,
  0x00FF, 0x00FF, 0x00FF, 0x00FF, 0x00FF, 0x00FF, 0x00FF, 0x00FF, 0x00FF, 0x00FF, 0x00FF, 0x00FF, 0x00FF, 0x00FF, 0x00FF, 0x00FF,
  0x00FF, 0x00FF, 0x00FF, 0x00FF, 0x00FF, 0x00FF, 0x00FF, 0x00FF, 0x00FF, 0x00FF, 0x00FF, 0x00FF, 0x00FF, 0x00FF, 0x00FF, 0x00FF,
  0x00FF, 0x00FF, 0x00FF, 0x00FF, 0x00FF, 0x00FF, 0x00FF, 0x00FF, 0x00FF, 0x00FF, 0x00FF, 0x00FF, 0x00FF, 0x00FF, 0x00FF, 0x00FF,
  0x00FF, 0x00FF, 0x00FF, 0x00FF, 0x00FF, 0x00FF, 0x00FF, 0x00FF, 0x00FF, 0x00FF, 0x00FF, 0x00FF, 0x00FF, 0x00FF, 0x00FF, 0x00FF,
  0x00FF, 0x00FF, 0x00FF, 0x00FF, 0x00FF, 0x00FF, 0x00FF, 0x00FF, 0x00FF, 0x00FF, 0x00FF, 0x00FF, 0x00FF, 0x00FF, 0x00FF, 0x00FF,
  0x00FF, 0x00FF, 0x00FF, 0x00FF, 0x00FF, 0x00FF, 0x00FF, 0x00FF, 0x00FF, 0x00FF, 0x00FF, 0x00FF, 0x00FF, 0x00FF, 0x00FF, 0x00FF,
  0x00FF, 0x00FF, 0x00FF, 0x00FF, 0x00FF, 0x00FF, 0x00FF, 0x00FF, 0x00FF, 0x00FF, 0x00FF, 0x00FF, 0x00FF, 0x00FF, 0x00FF, 0x00FF,
  0x00FF, 0x00FF, 0x00FF, 0x00FF, 0x00FF, 0x00FF, 0x00FF, 0x00FF, 0x00FF, 0x00FF, 0x00FF, 0x00FF, 0x00FF, 0x00FF, 0x00FF, 0x00FF,
  0x00FF, 0x00FF, 0x00FF, 0x00FF, 0x00FF, 0x00FF, 0x00FF, 0x00FF, 0x00FF, 0x00FF, 0x00FF, 0x00FF, 0x00FF, 0x00FF, 0x00FF, 0x00FF,
  0x00FF, 0x00FF, 0x00FF, 0x00FF, 0x00FF, 0x00FF, 0x00FF, 0x00FF, 0x00FF, 0x00FF, 0x00FF, 0x00FF, 0x00FF, 0x00FF, 0x00FF, 0x00FF,
  0x00FF, 0x00FF, 0x00FF, 0x00FF, 0x00FF, 0x00FF, 0x00FF, 0x00FF, 0x00FF, 0x00FF, 0x00FF, 0x00FF, 0x00FF, 0x00FF, 0x00FF, 0x00FF,
  0x00FF, 0x00FF, 0x00FF, 0x00FF, 0x00FF, 0x00FF, 0x00FF, 0x00FF, 0x00FF, 0x00FF, 0x00FF, 0x00FF, 0x00FF, 0x00FF, 0x00FF, 0x00FF,
  0x00FF, 0x00FF, 0x00FF, 0x00FF, 0x00FF, 0x00FF, 0x00FF, 0x00FF, 0x00FF, 0x00FF, 0x00FF, 0x00FF, 0x00FF, 0x00FF, 0x00FF, 0x00FF,
  0x00FF, 0x00FF, 0x00FF, 0x00FF, 0x00FF, 0x00FF, 0x00FF, 0x00FF, 0x00FF, 0x00FF, 0x00FF, 0x00FF, 0x00FF, 0x00FF, 0x00FF, 0x00FF,
  0x00FF, 0x00FF, 0x00FF, 0x00FF, 0x00FF, 0x00FF, 0x00FF, 0x00FF, 0x00FF, 0x00FF, 0x00FF, 0x00FF, 0x00FF, 0x00FF, 0x00FF, 0x00FF,
  0x00FF, 0x00FF, 0x00FF, 0x00FF, 0x00FF, 0x00FF, 0x00FF, 0x00FF, 0x00FF, 0x00FF, 0x00FF, 0x00FF, 0x00FF, 0x00FF, 0x00FF, 0x00FF,
  0x00FF, 0x00FF, 0x00FF, 0x00FF, 0x00FF, 0x00FF, 0x00FF, 0x00FF, 0x00FF, 0x00FF, 0x00FF, 0x00FF, 0x00FF, 0x00FF, 0x00FF, 0x00FF,
  0x00FF, 0x00FF, 0x00FF, 0x00FF, 0x00FF, 0x00FF, 0x00FF, 0x00FF, 0x00FF, 0x00FF, 0x00FF, 0x00FF, 0x00FF, 0x00FF, 0x00FF, 0x00FF,
  0x00FF, 0x00FF, 0x00FF, 0x00FF, 0x00FF, 0x00FF, 0x00FF, 0x00FF, 0x00FF, 0x00FF, 0x00FF, 0x00FF, 0x00FF, 0x00FF, 0x00FF, 0x00FF,
  0x00FF, 0x00FF, 0x00FF, 0x00FF, 0x00FF, 0x00FF, 0x00FF, 0x00FF, 0x00FF, 0x00FF, 0x00FF, 0x00FF, 0x00FF, 0x00FF, 0x00FF, 0x00FF,
  0x00FF, 0x00FF, 0x00FF, 0x00FF, 0x00FF, 0x00FF, 0x00FF, 0x00FF, 0x00FF, 0x00FF, 0x00FF, 0x00FF, 0x00FF, 0x00FF, 0x00FF, 0x00FF,
  0x00FF, 0x00FF, 0x00FF, 0x00FF, 0x00FF, 0x00FF, 0x00FF, 0x00FF, 0x00FF, 0x00FF, 0x00FF, 0x00FF, 0x00FF, 0x00FF, 0x00FF, 0x00FF,
  0x00FF, 0x00FF, 0x00FF, 0x00FF, 0x00FF, 0x00FF, 0x00FF, 0x00FF, 0x00FF, 0x00FF, 0x00FF, 0x00FF, 0x00FF, 0x00FF, 0x00FF, 0x00FF,
  0x00FF, 0x00FF, 0x00FF, 0x00FF, 0x00FF, 0x00FF, 0x00FF, 0x00FF, 0x00FF, 0x00FF, 0x00FF, 0x00FF, 0x00FF, 0x00FF, 0x00FF, 0x00FF,
  0x00FF, 0x00FF, 0x00FF, 0x00FF, 0x00FF, 0x00FF, 0x00FF, 0x00FF, 0x00FF, 0x00FF, 0x00FF, 0x00FF, 0x00FF, 0x00FF, 0x00FF, 0x00FF,
  0x00FF, 0x00FF, 0x00FF, 0x00FF, 0x00FF, 0x00FF, 0x00FF, 0x00FF, 0x00FF, 0x00FF, 0x00FF, 0x00FF, 0x00FF, 0x00FF, 0x00FF, 0x00FF,
  0x00FF, 0x00FF, 0x00FF, 0x00FF, 0x00FF, 0x00FF, 0x00FF, 0x00FF, 0x00FF, 0x00FF, 0x00FF, 0x00FF, 0x00FF, 0x00FF, 0x00FF, 0x00FF,
  0x00FF, 0x00FF, 0x00FF, 0x00FF, 0x00FF, 0x00FF, 0x00FF, 0x00FF, 0x00FF, 0x00FF, 0x00FF, 0x00FF, 0x00FF, 0x00FF, 0x00FF, 0x00FF,
  0x00FF, 0x00FF, 0x00FF, 0x00FF, 0x00FF, 0x00FF, 0x00FF, 0x00FF, 0x00FF, 0x00FF, 0x00FF, 0x00FF, 0x00FF, 0x00FF, 0x00FF, 0x00FF,
  0x00FF, 0x00FF, 0x00FF, 0x00FF, 0x00FF, 0x00FF, 0x00FF, 0x00FF, 0x00FF, 0x00FF, 0x00FF, 0x00FF, 0x00FF, 0x00FF, 0x00FF, 0x00FF,
  0x00FF, 0x00FF, 0x00FF, 0x00FF, 0x00FF, 0x00FF, 0x00FF, 0x00FF, 0x00FF, 0x00FF, 0x00FF, 0x00FF, 0x00FF, 0x00FF, 0x00FF, 0x00FF,
  0x00FF, 0x00FF, 0x00FF, 0x00FF, 0x00FF, 0x00FF, 0x00FF, 0x00FF, 0x00FF, 0x00FF, 0x00FF, 0x00FF, 0x00FF, 0x00FF, 0x00FF, 0x00FF,
  0x00FF, 0x00FF, 0x00FF, 0x00FF, 0x00FF, 0x00FF, 0x00FF, 0x00FF, 0x00FF, 0x00FF, 0x00FF, 0x00FF, 0x00FF, 0x00FF, 0x00FF, 0x00FF,
  0x00FF, 0x00FF, 0x00FF, 0x00FF, 0x00FF, 0x00FF, 0x00FF, 0x00FF, 0x00FF, 0x00FF, 0x00FF, 0x00FF, 0x00FF, 0x00FF, 0x00FF, 0x00FF,
  0x00FF, 0x00FF, 0x00FF, 0x00FF, 0x00FF, 0x00FF, 0x00FF, 0x00FF, 0x00FF, 0x00FF, 0x00FF, 0x00FF, 0x00FF, 0x00FF, 0x00FF, 0x00FF,
  0x00FF, 0x00FF, 0x00FF, 0x00FF, 0x00FF, 0x00FF, 0x00FF, 0x00FF, 0x00FF, 0x00FF, 0x00FF, 0x00FF, 0x00FF, 0x00FF, 0x00FF, 0x00FF,
  0x00FF, 0x00FF, 0x00FF, 0x00FF, 0x00FF, 0x00FF, 0x00FF, 0x00FF, 0x00FF, 0x00FF, 0x00FF, 0x00FF, 0x00FF, 0x00FF, 0x00FF, 0x00FF,
  0x00FF, 0x00FF, 0x00FF, 0x00FF, 0x00FF, 0x00FF, 0x00FF, 0x00FF, 0x00FF, 0x00FF, 0x00FF, 0x00FF, 0x00FF, 0x00FF, 0x00FF, 0x00FF,
  0x00FF, 0x00FF, 0x00FF, 0x00FF, 0x00FF, 0x00FF, 0x00FF, 0x00FF, 0x00FF, 0x00FF, 0x00FF, 0x00FF, 0x00FF, 0x00FF, 0x00FF, 0x00FF,
  0x00FF, 0x00FF, 0x00FF, 0x00FF, 0x00FF, 0x00FF, 0x00FF, 0x00FF, 0x00FF, 0x00FF, 0x00FF, 0x00FF, 0x00FF, 0x00FF, 0x00FF, 0x00FF,
  0x00FF, 0x00FF, 0x00FF, 0x00FF, 0x00FF, 0x00FF, 0x00FF, 0x00FF, 0x00FF, 0x00FF, 0x00FF, 0x00FF, 0x00FF, 0x00FF, 0x00FF, 0x00FF,
  0x00FF, 0x00FF, 0x00FF, 0x00FF, 0x00FF, 0x00FF, 0x00FF, 0x00FF, 0x00FF, 0x00FF, 0x00FF, 0x00FF, 0x00FF, 0x00FF, 0x00FF, 0x00FF,
  0x00FF, 0x00FF, 0x00FF, 0x00FF, 0x00FF, 0x00FF, 0x00FF, 0x00FF, 0x00FF, 0x00FF, 0x00FF, 0x00FF, 0x00FF, 0x00FF, 0x00FF, 0x00FF,
  0x00FF, 0x00FF, 0x00FF, 0x00FF, 0x00FF, 0x00FF, 0x00FF, 0x00FF, 0x00FF, 0x00FF, 0x00FF, 0x00FF, 0x00FF, 0x00FF, 0x00FF, 0x00FF,
  0x00FF, 0x00FF, 0x00FF, 0x00FF, 0x00FF, 0x00FF, 0x00FF, 0x00FF, 0x00FF, 0x00FF, 0x00FF, 0x00FF, 0x00FF, 0x00FF, 0x00FF, 0x00FF,
  0x00FF, 0x00FF, 0x00FF, 0x00FF, 0x00FF, 0x00FF, 0x00FF, 0x00FF, 0x00FF, 0x00FF, 0x00FF, 0x00FF, 0x00FF, 0x00FF, 0x00FF, 0x00FF,
  0x00FF, 0x00FF, 0x00FF, 0x00FF, 0x00FF, 0x00FF, 0x00FF, 0x00FF, 0x00FF, 0x00FF, 0x00FF, 0x00FF, 0x00FF, 0x00FF, 0x00FF, 0x00FF,
  0x00FF, 0x00FF, 0x00FF, 0x00FF, 0x00FF, 0x00FF, 0x00FF, 0x00FF, 0x00FF, 0x00FF, 0x00FF, 0x00FF, 0x00FF, 0x00FF, 0x00FF, 0x00FF,
  0x00FF, 0x00FF, 0x00FF, 0x00FF, 0x00FF, 0x00FF, 0x00FF, 0x00FF, 0x00FF, 0x00FF, 0x00FF, 0x00FF, 0x00FF, 0x00FF, 0x00FF, 0x00FF,
  0x00FF, 0x00FF, 0x00FF, 0x00FF, 0x00FF, 0x00FF, 0x00FF, 0x00FF, 0x00FF, 0x00FF, 0x00FF, 0x00FF, 0x00FF, 0x00FF, 0x00FF, 0x00FF,
  0x00FF, 0x00FF, 0x00FF, 0x00FF, 0x00FF, 0x00FF, 0x00FF, 0x00FF, 0x00FF, 0x00FF, 0x00FF, 0x00FF, 0x00FF, 0x00FF, 0x00FF, 0x00FF,
  0x00FF, 0x00FF, 0x00FF, 0x00FF, 0x00FF, 0x00FF, 0x00FF, 0x00FF, 0x00FF, 0x00FF, 0x00FF, 0x00FF, 0x00FF, 0x00FF, 0x00FF, 0x00FF,
  0x00FF, 0x00FF, 0x00FF, 0x00FF, 0x00FF, 0x00FF, 0x00FF, 0x00FF, 0x00FF, 0x00FF, 0x00FF, 0x00FF, 0x00FF, 0x00FF, 0x00FF, 0x00FF,
  0x00FF, 0x00FF, 0x00FF, 0x00FF, 0x00FF, 0x00FF, 0x00FF, 0x00FF, 0x00FF, 0x00FF, 0x00FF, 0x00FF, 0x00FF, 0x00FF, 0x00FF, 0x00FF,
  0x00FF, 0x00FF, 0x00FF, 0x00FF, 0x00FF, 0x00FF, 0x00FF, 0x00FF, 0x00FF, 0x00FF, 0x00FF, 0x00FF, 0x00FF, 0x00FF, 0x00FF, 0x00FF,
  0x00FF, 0x00FF, 0x00FF, 0x00FF, 0x00FF, 0x00FF, 0x00FF, 0x00FF, 0x00FF, 0x00FF, 0x00FF, 0x00FF, 0x00FF, 0x00FF, 0x00FF, 0x00FF,
  0x00FF, 0x00FF, 0x00FF, 0x00FF, 0x00FF, 0x00FF, 0x00FF, 0x00FF, 0x00FF, 0x00FF, 0x00FF, 0x00FF, 0x00FF, 0x00FF, 0x00FF, 0x00FF,
  0x00FF, 0x00FF, 0x00FF, 0x00FF, 0x00FF, 0x00FF, 0x00FF, 0x00FF, 0x00FF, 0x00FF, 0x00FF, 0x00FF, 0x00FF, 0x00FF, 0x00FF, 0x00FF,
  0x00FF, 0x00FF, 0x00FF, 0x00FF, 0x00FF, 0x00FF, 0x00FF, 0x00FF, 0x00FF, 0x00FF, 0x00FF, 0x00FF, 0x00FF, 0x00FF, 0x00FF, 0x00FF,
  0x00FF, 0x00FF, 0x00FF, 0x00FF, 0x00FF, 0x00FF, 0x00FF, 0x00FF, 0x00FF, 0x00FF, 0x00FF, 0x00FF, 0x00FF, 0x00FF, 0x00FF, 0x00FF,
  0x00FF, 0x00FF, 0x00FF, 0x00FF, 0x00FF, 0x00FF, 0x00FF, 0x00FF, 0x00FF, 0x00FF, 0x00FF, 0x00FF, 0x00FF, 0x00FF, 0x00FF, 0x00FF,
  0x00FF, 0x00FF, 0x00FF, 0x00FF, 0x00FF, 0x00FF, 0x00FF, 0x00FF, 0x00FF, 0x00FF, 0x00FF, 0x00FF, 0x00FF, 0x00FF, 0x00FF, 0x00FF,
  0x00FF, 0x00FF, 0x00FF, 0x00FF, 0x00FF, 0x00FF, 0x00FF, 0x00FF, 0x00FF, 0x00FF, 0x00FF, 0x00FF, 0x00FF, 0x00FF, 0x00FF, 0x00FF,
  0x00FF, 0x00FF, 0x00FF, 0x00FF, 0x00FF, 0x00FF, 0x00FF, 0x00FF, 0x00FF, 0x00FF, 0x00FF, 0x00FF, 0x00FF, 0x00FF, 0x00FF, 0x00FF,
  0x00FF, 0x00FF, 0x00FF, 0x00FF, 0x00FF, 0x00FF, 0x00FF, 0x00FF, 0x00FF, 0x00FF, 0x00FF, 0x00FF, 0x00FF, 0x00FF, 0x00FF, 0x00FF,
  0x00FF, 0x00FF, 0x00FF, 0x00FF, 0x00FF, 0x00FF, 0x00FF, 0x00FF, 0x00FF, 0x00FF, 0x00FF, 0x00FF, 0x00FF, 0x00FF, 0x00FF, 0x00FF,
  0x00FF, 0x00FF, 0x00FF, 0x00FF, 0x00FF, 0x00FF, 0x00FF, 0x00FF, 0x00FF, 0x00FF, 0x00FF, 0x00FF, 0x00FF, 0x00FF, 0x00FF, 0x00FF,
  0x00FF, 0x00FF, 0x00FF, 0x00FF, 0x00FF, 0x00FF, 0x00FF, 0x00FF, 0x00FF, 0x00FF, 0x00FF, 0x00FF, 0x00FF, 0x00FF, 0x00FF, 0x00FF,
  0x00FF, 0x00FF, 0x00FF, 0x00FF, 0x00FF, 0x00FF, 0x00FF, 0x00FF, 0x00FF, 0x00FF, 0x00FF, 0x00FF, 0x00FF, 0x00FF, 0x00FF, 0x00FF,
  0x00FF, 0x00FF, 0x00FF, 0x00FF, 0x00FF, 0x00FF, 0x00FF, 0x00FF, 0x00FF, 0x00FF, 0x00FF, 0x00FF, 0x00FF, 0x00FF, 0x00FF, 0x00FF,
  0x00FF, 0x00FF, 0x00FF, 0x00FF, 0x00FF, 0x00FF, 0x00FF, 0x00FF, 0x00FF, 0x00FF, 0x00FF, 0x00FF, 0x00FF, 0x00FF, 0x00FF, 0x00FF,
  0x00FF, 0x00FF, 0x00FF, 0x00FF, 0x00FF, 0x00FF, 0x00FF, 0x00FF, 0x00FF, 0x00FF, 0x00FF, 0x00FF, 0x00FF, 0x00FF, 0x00FF, 0x00FF,
  0x00FF, 0x00FF, 0x00FF, 0x00FF, 0x00FF, 0x00FF, 0x00FF, 0x00FF, 0x00FF, 0x00FF, 0x00FF, 0x00FF, 0x00FF, 0x00FF, 0x00FF, 0x00FF,
  0x00FF, 0x00FF, 0x00FF, 0x00FF, 0x00FF, 0x00FF, 0x00FF, 0x00FF, 0x00FF, 0x00FF, 0x00FF, 0x00FF, 0x00FF, 0x00FF, 0x00FF, 0x00FF,
  0x00FF, 0x00FF, 0x00FF, 0x00FF, 0x00FF, 0x00FF, 0x00FF, 0x00FF, 0x00FF, 0x00FF, 0x00FF, 0x00FF, 0x00FF, 0x00FF, 0x00FF, 0x00FF,
  0x00FF, 0x00FF, 0x00FF, 0x00FF, 0x00FF, 0x00FF, 0x00FF, 0x00FF, 0x00FF, 0x00FF, 0x00FF, 0x00FF, 0x00FF, 0x00FF, 0x00FF, 0x00FF,
  0x00FF, 0x00FF, 0x00FF, 0x00FF, 0x00FF, 0x00FF, 0x00FF, 0x00FF, 0x00FF, 0x00FF, 0x00FF, 0x00FF, 0x00FF, 0x00FF, 0x00FF, 0x00FF,
  0x00FF, 0x00FF, 0x00FF, 0x00FF, 0x00FF, 0x00FF, 0x00FF, 0x00FF, 0x00FF, 0x00FF, 0x00FF, 0x00FF, 0x00FF, 0x00FF, 0x00FF, 0x00FF,
  0x00FF, 0x00FF, 0x00FF, 0x00FF, 0x00FF, 0x00FF, 0x00FF, 0x00FF, 0x00FF, 0x00FF, 0x00FF, 0x00FF, 0x00FF, 0x00FF, 0x00FF, 0x00FF,
  0x00FF, 0x00FF, 0x00FF, 0x00FF, 0x00FF, 0x00FF, 0x00FF, 0x00FF, 0x00FF, 0x00FF, 0x00FF, 0x00FF, 0x00FF, 0x00FF, 0x00FF, 0x00FF,
  0x00FF, 0x00FF, 0x00FF, 0x00FF, 0x00FF, 0x00FF, 0x00FF, 0x00FF, 0x00FF, 0x00FF, 0x00FF, 0x00FF, 0x00FF, 0x00FF, 0x00FF, 0x00FF,
  0x00FF, 0x00FF, 0x00FF, 0x00FF, 0x00FF, 0x00FF, 0x00FF, 0x00FF, 0x00FF, 0x00FF, 0x00FF, 0x00FF, 0x00FF, 0x00FF, 0x00FF, 0x00FF,
  0x00FF, 0x00FF, 0x00FF, 0x00FF, 0x00FF, 0x00FF, 0x00FF, 0x00FF, 0x00FF, 0x00FF, 0x00FF, 0x00FF, 0x00FF, 0x00FF, 0x00FF, 0x00FF,
  0x00FF, 0x00FF, 0x00FF, 0x00FF, 0x00FF, 0x00FF, 0x00FF, 0x00FF, 0x00FF, 0x00FF, 0x00FF, 0x00FF, 0x00FF, 0x00FF, 0x00FF, 0x00FF,
  0x00FF, 0x00FF, 0x00FF, 0x00FF, 0x00FF, 0x00FF, 0x00FF, 0x00FF, 0x00FF, 0x00FF, 0x00FF, 0x00FF, 0x00FF, 0x00FF, 0x00FF, 0x00FF,
  0x00FF, 0x00FF, 0x00FF, 0x00FF, 0x00FF, 0x00FF, 0x00FF, 0x00FF, 0x00FF, 0x00FF, 0x00FF, 0x00FF, 0x00FF, 0x00FF, 0x00FF, 0x00FF,
  0x00FF, 0x00FF, 0x00FF, 0x00FF, 0x00FF, 0x00FF, 0x00FF, 0x00FF, 0x00FF, 0x00FF, 0x00FF, 0x00FF, 0x00FF, 0x00FF, 0x00FF, 0x00FF,
  0x00FF, 0x00FF, 0x00FF, 0x00FF, 0x00FF, 0x00FF, 0x00FF, 0x00FF, 0x00FF, 0x00FF, 0x00FF, 0x00FF, 0x00FF, 0x00FF, 0x00FF, 0x00FF,
  0x00FF, 0x00FF, 0x00FF, 0x00FF, 0x00FF, 0x00FF, 0x00FF, 0x00FF, 0x00FF, 0x00FF, 0x00FF, 0x00FF, 0x00FF, 0x00FF, 0x00FF, 0x00FF,
  0x00FF, 0x00FF, 0x00FF, 0x00FF, 0x00FF, 0x00FF, 0x00FF, 0x00FF, 0x00FF, 0x00FF, 0x00FF, 0x00FF, 0x00FF, 0x00FF, 0x00FF, 0x00FF,
  0x00FF, 0x00FF, 0x00FF, 0x00FF, 0x00FF, 0x00FF, 0x00FF, 0x00FF, 0x00FF, 0x00FF, 0x00FF, 0x00FF, 0x00FF, 0x00FF, 0x00FF, 0x00FF,
  0x00FF, 0x00FF, 0x00FF, 0x00FF, 0x00FF, 0x00FF, 0x00FF, 0x00FF, 0x00FF, 0x00FF, 0x00FF, 0x00FF, 0x00FF, 0x00FF, 0x00FF, 0x00FF,
  0x00FF, 0x00FF, 0x00FF, 0x00FF, 0x00FF, 0x00FF, 0x00FF, 0x00FF, 0x00FF, 0x00FF, 0x00FF, 0x00FF, 0x00FF, 0x00FF, 0x00FF, 0x00FF,
  0x00FF, 0x00FF, 0x00FF, 0x00FF, 0x00FF, 0x00FF, 0x00FF, 0x00FF, 0x00FF, 0x00FF, 0x00FF, 0x00FF, 0x00FF, 0x00FF, 0x00FF, 0x00FF,
  0x00FF, 0x00FF, 0x00FF, 0x00FF, 0x00FF, 0x00FF, 0x00FF, 0x00FF, 0x00FF, 0x00FF, 0x00FF, 0x00FF, 0x00FF, 0x00FF, 0x00FF, 0x00FF,
  0x00FF, 0x00FF, 0x00FF, 0x00FF, 0x00FF, 0x00FF, 0x00FF, 0x00FF, 0x00FF, 0x00FF, 0x00FF, 0x00FF, 0x00FF, 0x00FF, 0x00FF, 0x00FF,
  0x00FF, 0x00FF, 0x00FF, 0x00FF, 0x00FF, 0x00FF, 0x00FF, 0x00FF, 0x00FF, 0x00FF, 0x00FF, 0x00FF, 0x00FF, 0x00FF, 0x00FF, 0x00FF,
  0x00FF, 0x00FF, 0x00FF, 0x00FF, 0x00FF, 0x00FF, 0x00FF, 0x00FF, 0x00FF, 0x00FF, 0x00FF, 0x00FF, 0x00FF, 0x00FF, 0x00FF, 0x00FF,
  0x00FF, 0x00FF, 0x00FF, 0x00FF, 0x00FF, 0x00FF, 0x00FF, 0x00FF, 0x00FF, 0x00FF, 0x00FF, 0x00FF, 0x00FF, 0x00FF, 0x00FF, 0x00FF,
  0x00FF, 0x00FF, 0x00FF, 0x00FF, 0x00FF, 0x00FF, 0x00FF, 0x00FF, 0x00FF, 0x00FF, 0x00FF, 0x00FF, 0x00FF, 0x00FF, 0x00FF, 0x00FF,
  0x00FF, 0x00FF, 0x00FF, 0x00FF, 0x00FF, 0x00FF, 0x00FF, 0x00FF, 0x00FF, 0x00FF, 0x00FF, 0x00FF, 0x00FF, 0x00FF, 0x00FF, 0x00FF,
  0x00FF, 0x00FF, 0x00FF, 0x00FF, 0x00FF, 0x00FF, 0x00FF, 0x00FF, 0x00FF, 0x00FF, 0x00FF, 0x00FF, 0x00FF, 0x00FF, 0x00FF, 0x00FF,
  0x00FF, 0x00FF, 0x00FF, 0x00FF, 0x00FF, 0x00FF, 0x00FF, 0x00FF, 0x00FF, 0x00FF, 0x00FF, 0x00FF, 0x00FF, 0x00FF, 0x00FF, 0x00FF,
  0x00FF, 0x00FF, 0x00FF, 0x00FF, 0x00FF, 0x00FF, 0x00FF, 0x00FF, 0x00FF, 0x00FF, 0x00FF, 0x00FF, 0x00FF, 0x00FF, 0x00FF, 0x00FF,
  0x00FF, 0x00FF, 0x00FF, 0x00FF, 0x00FF, 0x00FF, 0x00FF, 0x00FF, 0x00FF, 0x00FF, 0x00FF, 0x00FF, 0x00FF, 0x00FF, 0x00FF, 0x00FF,
  0x00FF, 0x00FF, 0x00FF, 0x00FF, 0x00FF, 0x00FF, 0x00FF, 0x00FF, 0x00FF, 0x00FF, 0x00FF, 0x00FF, 0x00FF, 0x00FF, 0x00FF, 0x00FF,
  0x00FF, 0x00FF, 0x00FF, 0x00FF, 0x00FF, 0x00FF, 0x00FF, 0x00FF, 0x00FF, 0x00FF, 0x00FF, 0x00FF, 0x00FF, 0x00FF, 0x00FF, 0x00FF,
  0x00FF, 0x00FF, 0x00FF, 0x00FF, 0x00FF, 0x00FF, 0x00FF, 0x00FF, 0x00FF, 0x00FF, 0x00FF, 0x00FF, 0x00FF, 0x00FF, 0x00FF, 0x00FF,
  0x00FF, 0x00FF, 0x00FF, 0x00FF, 0x00FF, 0x00FF, 0x00FF, 0x00FF, 0x00FF, 0x00FF, 0x00FF, 0x00FF, 0x00FF, 0x00FF, 0x00FF, 0x00FF,
  0x00FF, 0x00FF, 0x00FF, 0x00FF, 0x00FF, 0x00FF, 0x00FF, 0x00FF, 0x00FF, 0x00FF, 0x00FF, 0x00FF, 0x00FF, 0x00FF, 0x00FF, 0x00FF,
  0x00FF, 0x00FF, 0x00FF, 0x00FF, 0x00FF, 0x00FF, 0x00FF, 0x00FF, 0x00FF, 0x00FF, 0x00FF, 0x00FF, 0x00FF, 0x00FF, 0x00FF, 0x00FF,
  0x00FF, 0x00FF, 0x00FF, 0x00FF, 0x00FF, 0x00FF, 0x00FF, 0x00FF, 0x00FF, 0x00FF, 0x00FF, 0x00FF, 0x00FF, 0x00FF, 0x00FF, 0x00FF,
  0x00FF, 0x00FF, 0x00FF, 0x00FF, 0x00FF, 0x00FF, 0x00FF, 0x00FF, 0x00FF, 0x00FF, 0x00FF, 0x00FF, 0x00FF, 0x00FF, 0x00FF, 0x00FF,
  0x00FF, 0x00FF, 0x00FF, 0x00FF, 0x00FF, 0x00FF, 0x00FF, 0x00FF, 0x00FF, 0x00FF, 0x00FF, 0x00FF, 0x00FF, 0x00FF, 0x00FF, 0x00FF,
  0x00FF, 0x00FF, 0x00FF, 0x00FF, 0x00FF, 0x00FF, 0x00FF, 0x00FF, 0x00FF, 0x00FF, 0x00FF, 0x00FF, 0x00FF, 0x00FF, 0x00FF, 0x00FF,
  0x00FF, 0x00FF, 0x00FF, 0x00FF, 0x00FF, 0x00FF, 0x00FF, 0x00FF, 0x00FF, 0x00FF, 0x00FF, 0x00FF, 0x00FF, 0x00FF, 0x00FF, 0x00FF,
  0x00FF, 0x00FF, 0x00FF, 0x00FF, 0x00FF, 0x00FF, 0x00FF, 0x00FF, 0x00FF, 0x00FF, 0x00FF, 0x00FF, 0x00FF, 0x00FF, 0x00FF, 0x00FF,
  0x00FF, 0x00FF, 0x00FF, 0x00FF, 0x00FF, 0x00FF, 0x00FF, 0x00FF, 0x00FF, 0x00FF, 0x00FF, 0x00FF, 0x00FF, 0x00FF, 0x00FF, 0x00FF,
  0x00FF, 0x00FF, 0x00FF, 0x00FF, 0x00FF, 0x00FF, 0x00FF, 0x00FF, 0x00FF, 0x00FF, 0x00FF, 0x00FF, 0x00FF, 0x00FF, 0x00FF, 0x00FF,
  0x00FF, 0x00FF, 0x00FF, 0x00FF, 0x00FF, 0x00FF, 0x00FF, 0x00FF, 0x00FF, 0x00FF, 0x00FF, 0x00FF, 0x00FF, 0x00FF, 0x00FF, 0x00FF,
  0x00FF, 0x00FF, 0x00FF, 0x00FF, 0x00FF, 0x00FF, 0x00FF, 0x00FF, 0x00FF, 0x00FF, 0x00FF, 0x00FF, 0x00FF, 0x00FF, 0x00FF, 0x00FF,
  0x00FF, 0x00FF, 0x00FF, 0x00FF, 0x00FF, 0x00FF, 0x00FF, 0x00FF, 0x00FF, 0x00FF, 0x00FF, 0x00FF, 0x00FF, 0x00FF, 0x00FF, 0x00FF,
  0x00FF, 0x00FF, 0x00FF, 0x00FF, 0x00FF, 0x00FF, 0x00FF, 0x00FF, 0x00FF, 0x00FF, 0x00FF, 0x00FF, 0x00FF, 0x00FF, 0x00FF, 0x00FF,
  0x00FF, 0x00FF, 0x00FF, 0x00FF, 0x00FF, 0x00FF, 0x00FF, 0x00FF, 0x00FF, 0x00FF, 0x00FF, 0x00FF, 0x00FF, 0x00FF, 0x00FF, 0x00FF,
  0x00FF, 0x00FF, 0x00FF, 0x00FF, 0x00FF, 0x00FF, 0x00FF, 0x00FF, 0x00FF, 0x00FF, 0x00FF, 0x00FF, 0x00FF, 0x00FF, 0x00FF, 0x00FF,
  0x00FF, 0x00FF, 0x00FF, 0x00FF, 0x00FF, 0x00FF, 0x00FF, 0x00FF, 0x00FF, 0x00FF, 0x00FF, 0x00FF, 0x00FF, 0x00FF, 0x00FF, 0x00FF,
  0x00FF, 0x00FF, 0x00FF, 0x00FF, 0x00FF, 0x00FF, 0x00FF, 0x00FF, 0x00FF, 0x00FF, 0x00FF, 0x00FF, 0x00FF, 0x00FF, 0x00FF, 0x00FF,
  0x00FF, 0x00FF, 0x00FF, 0x00FF, 0x00FF, 0x00FF, 0x00FF, 0x00FF, 0x00FF, 0x00FF, 0x00FF, 0x00FF, 0x00FF, 0x00FF, 0x00FF, 0x00FF,
  0x00FF, 0x00FF, 0x00FF, 0x00FF, 0x00FF, 0x00FF, 0x00FF, 0x00FF, 0x00FF, 0x00FF, 0x00FF, 0x00FF, 0x00FF, 0x00FF, 0x00FF, 0x00FF,
  0x00FF, 0x00FF, 0x00FF, 0x00FF, 0x00FF, 0x00FF, 0x00FF, 0x00FF, 0x00FF, 0x00FF, 0x00FF, 0x00FF, 0x00FF, 0x00FF, 0x00FF, 0x00FF,
  0x00FF, 0x00FF, 0x00FF, 0x00FF, 0x00FF, 0x00FF, 0x00FF, 0x00FF, 0x00FF, 0x00FF, 0x00FF, 0x00FF, 0x00FF, 0x00FF, 0x00FF, 0x00FF,
  0x00FF, 0x00FF, 0x00FF, 0x00FF, 0x00FF, 0x00FF, 0x00FF, 0x00FF, 0x00FF, 0x00FF, 0x00FF, 0x00FF, 0x00FF, 0x00FF, 0x00FF, 0x00FF,
  0x00FF, 0x00FF, 0x00FF, 0x00FF, 0x00FF, 0x00FF, 0x00FF, 0x00FF, 0x00FF, 0x00FF, 0x00FF, 0x00FF, 0x00FF, 0x00FF, 0x00FF, 0x00FF,
  0x00FF, 0x00FF, 0x00FF, 0x00FF, 0x00FF, 0x00FF, 0x00FF, 0x00FF, 0x00FF, 0x00FF, 0x00FF, 0x00FF, 0x00FF, 0x00FF, 0x00FF, 0x00FF,
  0x00FF, 0x00FF, 0x00FF, 0x00FF, 0x00FF, 0x00FF, 0x00FF, 0x00FF, 0x00FF, 0x00FF, 0x00FF, 0x00FF, 0x00FF, 0x00FF, 0x00FF, 0x00FF,
  0x00FF, 0x00FF, 0x00FF, 0x00FF, 0x00FF, 0x00FF, 0x00FF, 0x00FF, 0x00FF, 0x00FF, 0x00FF, 0x00FF, 0x00FF, 0x00FF, 0x00FF, 0x00FF,
  0x00FF, 0x00FF, 0x00FF, 0x00FF, 0x00FF, 0x00FF, 0x00FF, 0x00FF, 0x00FF, 0x00FF, 0x00FF, 0x00FF, 0x00FF, 0x00FF, 0x00FF, 0x00FF,
  0x00FF, 0x00FF, 0x00FF, 0x00FF, 0x00FF, 0x00FF, 0x00FF, 0x00FF, 0x00FF, 0x00FF, 0x00FF, 0x00FF, 0x00FF, 0x00FF, 0x00FF, 0x00FF,
  0x00FF, 0x00FF, 0x00FF, 0x00FF, 0x00FF, 0x00FF, 0x00FF, 0x00FF, 0x00FF, 0x00FF, 0x00FF, 0x00FF, 0x00FF, 0x00FF, 0x00FF, 0x00FF,
  0x00FF, 0x00FF, 0x00FF, 0x00FF, 0x00FF, 0x00FF, 0x00FF, 0x00FF, 0x00FF, 0x00FF, 0x00FF, 0x00FF, 0x00FF, 0x00FF, 0x00FF, 0x00FF,
  0x00FF, 0x00FF, 0x00FF, 0x00FF, 0x00FF, 0x00FF, 0x00FF, 0x00FF, 0x00FF, 0x00FF, 0x00FF, 0x00FF, 0x00FF, 0x00FF, 0x00FF, 0x00FF,
  0x00FF, 0x00FF, 0x00FF, 0x00FF, 0x00FF, 0x00FF, 0x00FF, 0x00FF, 0x00FF, 0x00FF, 0x00FF, 0x00FF, 0x00FF, 0x00FF, 0x00FF, 0x00FF,
  0x00FF, 0x00FF, 0x00FF, 0x00FF, 0x00FF, 0x00FF, 0x00FF, 0x00FF, 0x00FF, 0x00FF, 0x00FF, 0x00FF, 0x00FF, 0x00FF, 0x00FF, 0x00FF,
  0x00FF, 0x00FF, 0x00FF, 0x00FF, 0x00FF, 0x00FF, 0x00FF, 0x00FF, 0x00FF, 0x00FF, 0x00FF, 0x00FF, 0x00FF, 0x00FF, 0x00FF, 0x00FF,
  0x00FF, 0x00FF, 0x00FF, 0x00FF, 0x00FF, 0x00FF, 0x00FF, 0x00FF, 0x00FF, 0x00FF, 0x00FF, 0x00FF, 0x00FF, 0x00FF, 0x00FF, 0x00FF,
  0x00FF, 0x00FF, 0x00FF, 0x00FF, 0x00FF, 0x00FF, 0x00FF, 0x00FF, 0x00FF, 0x00FF, 0x00FF, 0x00FF, 0x00FF, 0x00FF, 0x00FF, 0x00FF,
  0x00FF, 0x00FF, 0x00FF, 0x00FF, 0x00FF, 0x00FF, 0x00FF, 0x00FF, 0x00FF, 0x00FF, 0x00FF, 0x00FF, 0x00FF, 0x00FF, 0x00FF, 0x00FF,
  0x00FF, 0x00FF, 0x00FF, 0x00FF, 0x00FF, 0x00FF, 0x00FF, 0x00FF, 0x00FF, 0x00FF, 0x00FF, 0x00FF, 0x00FF, 0x00FF, 0x00FF, 0x00FF,
  0x00FF, 0x00FF, 0x00FF, 0x00FF, 0x00FF, 0x00FF, 0x00FF, 0x00FF, 0x00FF, 0x00FF, 0x00FF, 0x00FF, 0x00FF, 0x00FF, 0x00FF, 0x00FF,
  0x00FF, 0x00FF, 0x00FF, 0x00FF, 0x00FF, 0x00FF, 0x00FF, 0x00FF, 0x00FF, 0x00FF, 0x00FF, 0x00FF, 0x00FF, 0x00FF, 0x00FF, 0x00FF,
  0x00FF, 0x00FF, 0x00FF, 0x00FF, 0x00FF, 0x00FF, 0x00FF, 0x00FF, 0x00FF, 0x00FF, 0x00FF, 0x00FF, 0x00FF, 0x00FF, 0x00FF, 0x00FF,
  0x00FF, 0x00FF, 0x00FF, 0x00FF, 0x00FF, 0x00FF, 0x00FF, 0x00FF, 0x00FF, 0x00FF, 0x00FF, 0x00FF, 0x00FF, 0x00FF, 0x00FF, 0x00FF,
};

#endif
