#ifndef _PUZZLE_TOTORO_H_
#define _PUZZLE_TOTORO_H_
#include <Arduino.h>
#include "SpriteAsset.h"

#define PUZZLE_TOTORO_BPP 8
#define PUZZLE_TOTORO_SHEET_WIDTH 168
#define PUZZLE_TOTORO_SHEET_HEIGHT 252
#define PUZZLE_TOTORO_PALETTE_COUNT 195
#define PUZZLE_TOTORO_BITMAP_COUNT 1

static const uint16_t puzzle_totoroPalette[195] PROGMEM = {
  0xE6FB, 0xE6FA, 0xE71B, 0xE6DB, 0xDEDA, 0xE6DA, 0xE71A, 0xE75C, 0xE73C, 0xEF3C, 0xEF1B, 0xE73B,
  0xCE9A, 0x84D9, 0x7CF9, 0xDE99, 0x3336, 0x3318, 0xBE9D, 0x4376, 0x3358, 0x3B78, 0x3379, 0x3378,
  0x3377, 0x4398, 0x6451, 0x4C18, 0x3B99, 0x3B79, 0xD71B, 0xEF9E, 0xD73F, 0xBEFF, 0xAE7C, 0x95FC,
  0x8D79, 0x6CF9, 0x5C58, 0xFFFF, 0xEFDF, 0x9E5C, 0xFFDF, 0xD79F, 0x651C, 0xD6DB, 0xF7BE, 0x7D9A,
  0x4C1B, 0x43D9, 0x549B, 0x6D5C, 0x759E, 0x7DDD, 0xAE9F, 0x963F, 0x965F, 0x43FA, 0x7DDE, 0x2A90,
  0x3BB9, 0x3BD9, 0x43DA, 0x3BFA, 0x94D3, 0x6B8F, 0x7474, 0x29C8, 0x2965, 0x5AEB, 0x4AED, 0x4186,
  0x836B, 0x7BAE, 0x4208, 0x8B6B, 0x6B4D, 0xEF5C, 0x49A6, 0x832A, 0x62A8, 0xBF1E, 0x9E9F, 0x834B,
  0x7B4A, 0x528B, 0x6B0B, 0x836A, 0x441A, 0x9491, 0xB595, 0x41A5, 0x7B09, 0xBF5F, 0x6D9D, 0x4C5B,
  0x6246, 0x7B89, 0xC617, 0x7BEE, 0xA512, 0x6B2B, 0x445B, 0xC659, 0xF77D, 0x49A5, 0xAEDF, 0xCF7F,
  0x8C0C, 0x4C7B, 0x3985, 0x4C9C, 0xBEDC, 0xAF1F, 0x8C51, 0x7C10, 0x2924, 0x4A49, 0x7E1F, 0x7E5F,
  0x6AE7, 0x655D, 0xA347, 0x946A, 0x54BC, 0x54DD, 0x551D, 0x4A25, 0xBDD6, 0xA4AF, 0xCE58, 0x18E3,
  0xAD54, 0x0000, 0x3944, 0x28E2, 0x1081, 0x9EBF, 0xCE38, 0x31A4, 0x0861, 0xA6DF, 0x969F, 0x0020,
  0x659E, 0x1881, 0xBDF4, 0x18A2, 0xD699, 0x7E1E, 0x6BAA, 0x6DDF, 0x94D1, 0x4AC6, 0x536C, 0x746E,
  0x63EE, 0xCE73, 0xEED4, 0xC570, 0xB4CE, 0xDED7, 0x7408, 0x7C89, 0x84EF, 0xB572, 0xF777, 0xFFF9,
  0xFFF8, 0x6386, 0x6CF4, 0xCDF2, 0xFFF6, 0xFFD6, 0xFFD8, 0x7C28, 0x9570, 0x49E5, 0x6346, 0x6B86,
  0xD56D, 0x1840, 0xC50C, 0x0820, 0xAE13, 0xA5D3, 0xA5CC, 0xBE51, 0x94EA, 0xE671, 0xA56C, 0x952A,
  0x956B, 0xFF52, 0xD467,
};

static const uint8_t puzzle_totoroPixels[42336] PROGMEM = {
  0x00, 0x00, 0x00, 0x00, 0x00, 0x00, 0x00, 0x00, 0x00, 0x00, 0x00, 0x00, 0x00, 0x00, 0x00, 0x00,
  0x00, 0x00, 0x00, 0x00, 0x00, 0x00, 0x00, 0x00, 0x00, 0x00, 0x00, 0x00, 0x00, 0x00, 0x00, 0x00,
  0x00, 0x00, 0x00, 0x00, 0x00, 0x00, 0x00, 0x00, 0x00, 0x00, 0x00, 0x00, 0x00, 0x00, 0x00, 0x00,
  0x00, 0x00, 0x00, 0x00, 0x00, 0x00, 0x00, 0x00, 0x00, 0x00, 0x00, 0x00, 0x00, 0x00, 0x00, 0x00,
  0x00, 0x00, 0x00, 0x00, 0x00, 0x00, 0x00, 0x00, 0x00, 0x00, 0x00, 0x00, 0x00, 0x00, 0x00, 0x00,
  0x00, 0x00, 0x00, 0x00, 0x00, 0x00, 0x00, 0x00, 0x00, 0x00, 0x00, 0x00, 0x00, 0x00, 0x00, 0x00,
  0x00, 0x00, 0x00, 0x00, 0x00, 0x00, 0x00, 0x00, 0x00, 0x00, 0x00, 0x00, 0x00, 0x00, 0x00, 0x00,
  0x00, 0x00, 0x00, 0x00, 0x00, 0x00, 0x00, 0x00, 0x00, 0x00, 0x00, 0x00, 0x00, 0x00, 0x00, 0x00,
  0x00, 0x00, 0x00, 0x00, 0x00, 0x00, 0x00, 0x00, 0x00, 0x00, 0x00, 0x00, 0x00, 0x00, 0x00, 0x00,
  0x00, 0x00, 0x00, 0x00, 0x00, 0x00, 0x00, 0x00, 0x00, 0x00, 0x00, 0x00, 0x00, 0x00, 0x00, 0x00,
  0x00, 0x00, 0x00, 0x00, 0x00, 0x00, 0x00, 0x00, 0x00, 0x00, 0x00, 0x00, 0x00, 0x00, 0x00, 0x00,
  0x00, 0x00, 0x00, 0x00, 0x00, 0x00, 0x00, 0x00, 0x00, 0x00, 0x00, 0x00, 0x00, 0x00, 0x00, 0x00,
  0x00, 0x00, 0x00, 0x00, 0x00, 0x00, 0x00, 0x00, 0x00, 0x00, 0x00, 0x00, 0x00, 0x00, 0x00, 0x00,
  0x00, 0x00, 0x00, 0x00, 0x00, 0x00, 0x00, 0x00, 0x00, 0x00, 0x00, 0x00, 0x00, 0x00, 0x00, 0x00,
  0x00, 0x00, 0x00, 0x00, 0x00, 0x00, 0x00, 0x00, 0x00, 0x00, 0x00, 0x00, 0x00, 0x00, 0x00, 0x00,
  0x00, 0x00, 0x00, 0x00, 0x00, 0x00, 0x00, 0x00, 0x00, 0x00, 0x00, 0x00, 0x00, 0x00, 0x00, 0x00,
  0x00, 0x00, 0x00, 0x00, 0x00, 0x00, 0x00, 0x00, 0x00, 0x00, 0x00, 0x00, 0x00, 0x00, 0x00, 0x00,
  0x00, 0x00, 0x00, 0x00, 0x00, 0x00, 0x00, 0x00, 0x00, 0x00, 0x00, 0x00, 0x00, 0x00, 0x00, 0x00,
  0x00, 0x00, 0x00, 0x00, 0x00, 0x00, 0x00, 0x00, 0x00, 0x00, 0x00, 0x00, 0x00, 0x00, 0x00, 0x00,
  0x00, 0x00, 0x00, 0x00, 0x00, 0x00, 0x00, 0x00, 0x00, 0x00, 0x00, 0x00, 0x00, 0x00, 0x00, 0x00,
  0x00, 0x00, 0x00, 0x00, 0x00, 0x00, 0x00, 0x00, 0x00, 0x00, 0x00, 0x00, 0x00, 0x00, 0x00, 0x00,
  0x00, 0x00, 0x00, 0x00, 0x00, 0x00, 0x00, 0x00, 0x00, 0x00, 0x00, 0x00, 0x00, 0x00, 0x00, 0x00,
  0x00, 0x00, 0x00, 0x00, 0x00, 0x00, 0x00, 0x00, 0x00, 0x00, 0x00, 0x00, 0x00, 0x00, 0x00, 0x00,
  0x00, 0x00, 0x00, 0x00, 0x00, 0x00, 0x00, 0x00, 0x00, 0x00, 0x00, 0x00, 0x00, 0x00, 0x00, 0x00,
  0x00, 0x00, 0x00, 0x00, 0x00, 0x00, 0x00, 0x00, 0x00, 0x00, 0x00, 0x00, 0x00, 0x00, 0x00, 0x00,
  0x00, 0x00, 0x00, 0x00, 0x00, 0x00, 0x00, 0x00, 0x00, 0x00, 0x00, 0x00, 0x00, 0x00, 0x00, 0x00,
  0x00, 0x00, 0x00, 0x00, 0x00, 0x00, 0x00, 0x00, 0x00, 0x00, 0x00, 0x00, 0x00, 0x00, 0x00, 0x00,
  0x00, 0x00, 0x00, 0x00, 0x00, 0x00, 0x00, 0x00, 0x00, 0x00, 0x00, 0x00, 0x00, 0x00, 0x00, 0x00,
  0x00, 0x00, 0x00, 0x00, 0x00, 0x00, 0x00, 0x00, 0x00, 0x00, 0x00, 0x00, 0x00, 0x00, 0x00, 0x00,
  0x00, 0x00, 0x00, 0x00, 0x00, 0x00, 0x00, 0x00, 0x00, 0x00, 0x00, 0x00, 0x00, 0x00, 0x00, 0x00,
  0x00, 0x00, 0x00, 0x00, 0x00, 0x00, 0x00, 0x00, 0x00, 0x00, 0x00, 0x00, 0x00, 0x00, 0x00, 0x00,
  0x00, 0x00, 0x00, 0x00, 0x00, 0x00, 0x00, 0x00, 0x00, 0x00, 0x00, 0x00, 0x00, 0x00, 0x00, 0x00,
  0x00, 0x00, 0x00, 0x00, 0x00, 0x00, 0x00, 0x00, 0x00, 0x00, 0x00, 0x00, 0x00, 0x00, 0x00, 0x00,
  0x00, 0x00, 0x00, 0x00, 0x00, 0x00, 0x00, 0x00, 0x00, 0x00, 0x00, 0x00, 0x00, 0x00, 0x00, 0x00,
  0x00, 0x00, 0x00, 0x00, 0x00, 0x00, 0x00, 0x00, 0x00, 0x00, 0x00, 0x00, 0x00, 0x00, 0x00, 0x00,
  0x00, 0x00, 0x00, 0x00, 0x00, 0x00, 0x00, 0x00, 0x00, 0x00, 0x00, 0x00, 0x00, 0x00, 0x00, 0x00,
  0x00, 0x00, 0x00, 0x00, 0x00, 0x00, 0x00, 0x00, 0x00, 0x00, 0x00, 0x00, 0x00, 0x00, 0x00, 0x00,
  0x00, 0x00, 0x00, 0x00, 0x00, 0x00, 0x00, 0x00, 0x00, 0x00, 0x00, 0x00, 0x00, 0x00, 0x00, 0x00,
  0x00, 0x00, 0x00, 0x00, 0x00, 0x00, 0x00, 0x00, 0x00, 0x00, 0x00, 0x00, 0x00, 0x00, 0x00, 0x00,
  0x00, 0x00, 0x00, 0x00, 0x00, 0x00, 0x00, 0x00, 0x00, 0x00, 0x00, 0x00, 0x00, 0x00, 0x00, 0x00,
  0x00, 0x00, 0x00, 0x00, 0x00, 0x00, 0x00, 0x00, 0x00, 0x00, 0x00, 0x00, 0x00, 0x00, 0x00, 0x00,
  0x00, 0x00, 0x00, 0x00, 0x00, 0x00, 0x00, 0x00, 0x00, 0x00, 0x00, 0x00, 0x00, 0x00, 0x00, 0x00,
  0x00, 0x00, 0x00, 0x00, 0x00, 0x00, 0x00, 0x00, 0x00, 0x00, 0x00, 0x00, 0x00, 0x00, 0x00, 0x00,
  0x00, 0x00, 0x00, 0x00, 0x00, 0x00, 0x00, 0x00, 0x00, 0x00, 0x00, 0x00, 0x00, 0x00, 0x00, 0x00,
  0x00, 0x00, 0x00, 0x00, 0x00, 0x00, 0x00, 0x00, 0x00, 0x00, 0x00, 0x00, 0x00, 0x00, 0x00, 0x00,
  0x00, 0x00, 0x00, 0x00, 0x00, 0x00, 0x00, 0x00, 0x00, 0x00, 0x00, 0x00, 0x00, 0x00, 0x00, 0x00,
  0x00, 0x00, 0x00, 0x00, 0x00, 0x00, 0x00, 0x00, 0x00, 0x00, 0x00, 0x00, 0x00, 0x00, 0x00, 0x00,
  0x00, 0x00, 0x00, 0x00, 0x00, 0x00, 0x00, 0x00, 0x00, 0x00, 0x00, 0x00, 0x00, 0x00, 0x00, 0x00,
  0x00, 0x00, 0x00, 0x00, 0x00, 0x00, 0x00, 0x00, 0x00, 0x00, 0x00, 0x00, 0x00, 0x00, 0x00, 0x00,
  0x00, 0x00, 0x00, 0x00, 0x00, 0x00, 0x00, 0x00, 0x00, 0x00, 0x00, 0x00, 0x00, 0x00, 0x00, 0x00,
  0x00, 0x00, 0x00, 0x00, 0x00, 0x00, 0x00, 0x00, 0x00, 0x00, 0x00, 0x00, 0x00, 0x00, 0x00, 0x00,
  0x00, 0x00, 0x00, 0x00, 0x00, 0x00, 0x00, 0x00, 0x00, 0x00, 0x00, 0x00, 0x00, 0x00, 0x00, 0x00,
  0x00, 0x00, 0x00, 0x00, 0x00, 0x00, 0x00, 0x00, 0x00, 0x00, 0x00, 0x00, 0x00, 0x00, 0x00, 0x00,
  0x00, 0x00, 0x00, 0x00, 0x00, 0x00, 0x00, 0x00, 0x00, 0x00, 0x00, 0x00, 0x00, 0x00, 0x00, 0x00,
  0x00, 0x00, 0x00, 0x00, 0x00, 0x00, 0x00, 0x00, 0x00, 0x00, 0x00, 0x00, 0x00, 0x00, 0x00, 0x00,
  0x00, 0x00, 0x00, 0x00, 0x00, 0x00, 0x00, 0x00, 0x00, 0x00, 0x00, 0x00, 0x00, 0x00, 0x00, 0x00,
  0x00, 0x00, 0x00, 0x00, 0x00, 0x00, 0x00, 0x00, 0x00, 0x00, 0x00, 0x00, 0x00, 0x00, 0x00, 0x00,
  0x00, 0x00, 0x00, 0x00, 0x00, 0x00, 0x00, 0x00, 0x00, 0x00, 0x00, 0x00, 0x00, 0x00, 0x00, 0x00,
  0x00, 0x00, 0x00, 0x00, 0x00, 0x00, 0x00, 0x00, 0x00, 0x00, 0x00, 0x00, 0x00, 0x00, 0x00, 0x00,
  0x00, 0x00, 0x00, 0x00, 0x00, 0x00, 0x00, 0x00, 0x00, 0x00, 0x00, 0x00, 0x00, 0x00, 0x00, 0x00,
  0x00, 0x00, 0x00, 0x00, 0x00, 0x00, 0x00, 0x00, 0x00, 0x00, 0x00, 0x00, 0x00, 0x00, 0x00, 0x00,
  0x00, 0x00, 0x00, 0x00, 0x00, 0x00, 0x00, 0x00, 0x00, 0x00, 0x00, 0x00, 0x00, 0x00, 0x00, 0x00,
  0x00, 0x00, 0x00, 0x00, 0x00, 0x01, 0x01, 0x01, 0x00, 0x00, 0x00, 0x00, 0x00, 0x00, 0x00, 0x00,
  0x00, 0x00, 0x00, 0x00, 0x00, 0x00, 0x00, 0x02, 0x02, 0x00, 0x00, 0x00, 0x03, 0x03, 0x03, 0x03,
  0x03, 0x00, 0x02, 0x02, 0x00, 0x00, 0x00, 0x00, 0x00, 0x00, 0x00, 0x00, 0x00, 0x00, 0x00, 0x00,
  0x00, 0x00, 0x00, 0x00, 0x00, 0x00, 0x00, 0x00, 0x00, 0x00, 0x00, 0x00, 0x00, 0x00, 0x00, 0x00,
  0x00, 0x00, 0x00, 0x00, 0x00, 0x00, 0x00, 0x00, 0x00, 0x00, 0x00, 0x00, 0x00, 0x00, 0x00, 0x00,
  0x00, 0x00, 0x00, 0x00, 0x00, 0x00, 0x00, 0x00, 0x00, 0x00, 0x00, 0x00, 0x00, 0x00, 0x00, 0x00,
  0x00, 0x00, 0x00, 0x00, 0x00, 0x00, 0x00, 0x00, 0x00, 0x00, 0x00, 0x00, 0x00, 0x00, 0x00, 0x00,
  0x00, 0x00, 0x00, 0x00, 0x00, 0x00, 0x00, 0x00, 0x00, 0x00, 0x00, 0x00, 0x00, 0x00, 0x00, 0x00,
  0x00, 0x00, 0x00, 0x00, 0x00, 0x00, 0x00, 0x00, 0x00, 0x00, 0x00, 0x00, 0x00, 0x00, 0x00, 0x00,
  0x00, 0x00, 0x00, 0x00, 0x00, 0x00, 0x00, 0x00, 0x00, 0x00, 0x00, 0x00, 0x00, 0x00, 0x00, 0x00,
  0x00, 0x00, 0x00, 0x00, 0x00, 0x00, 0x00, 0x00, 0x00, 0x00, 0x00, 0x00, 0x01, 0x01, 0x01, 0x04,
  0x00, 0x00, 0x00, 0x00, 0x00, 0x00, 0x00, 0x00, 0x00, 0x00, 0x00, 0x00, 0x00, 0x00, 0x03, 0x00,
  0x00, 0x05, 0x05, 0x05, 0x04, 0x04, 0x04, 0x04, 0x04, 0x04, 0x03, 0x03, 0x03, 0x05, 0x05, 0x05,
  0x05, 0x05, 0x05, 0x05, 0x05, 0x05, 0x05, 0x05, 0x05, 0x05, 0x05, 0x05, 0x05, 0x05, 0x05, 0x05,
  0x05, 0x05, 0x05, 0x05, 0x05, 0x05, 0x05, 0x05, 0x05, 0x05, 0x05, 0x05, 0x05, 0x05, 0x05, 0x05,
  0x05, 0x05, 0x05, 0x05, 0x05, 0x05, 0x05, 0x05, 0x05, 0x05, 0x05, 0x05, 0x05, 0x05, 0x05, 0x05,
  0x05, 0x05, 0x05, 0x05, 0x05, 0x05, 0x05, 0x05, 0x05, 0x05, 0x05, 0x05, 0x05, 0x05, 0x05, 0x05,
  0x05, 0x05, 0x05, 0x05, 0x05, 0x05, 0x05, 0x05, 0x05, 0x05, 0x05, 0x05, 0x05, 0x05, 0x05, 0x05,
  0x05, 0x05, 0x05, 0x05, 0x05, 0x05, 0x05, 0x05, 0x05, 0x05, 0x05, 0x05, 0x05, 0x05, 0x05, 0x05,
  0x05, 0x05, 0x05, 0x05, 0x05, 0x05, 0x05, 0x05, 0x05, 0x05, 0x05, 0x05, 0x05, 0x05, 0x05, 0x05,
  0x05, 0x05, 0x05, 0x05, 0x05, 0x05, 0x05, 0x05, 0x05, 0x05, 0x05, 0x05, 0x05, 0x05, 0x05, 0x05,
  0x05, 0x05, 0x05, 0x05, 0x05, 0x05, 0x03, 0x03, 0x03, 0x01, 0x00, 0x00, 0x00, 0x00, 0x00, 0x00,
  0x00, 0x00, 0x00, 0x00, 0x00, 0x00, 0x00, 0x06, 0x00, 0x07, 0x07, 0x08, 0x09, 0x09, 0x09, 0x09,
  0x09, 0x0A, 0x08, 0x08, 0x08, 0x0B, 0x0B, 0x0B, 0x0B, 0x0B, 0x0B, 0x0B, 0x0B, 0x0B, 0x0B, 0x0B,
  0x0B, 0x0B, 0x0B, 0x0B, 0x0B, 0x0B, 0x0B, 0x0B, 0x0B, 0x0B, 0x0B, 0x0B, 0x0B, 0x0B, 0x0B, 0x0B,
  0x0B, 0x0B, 0x0B, 0x0B, 0x0B, 0x0B, 0x0B, 0x0B, 0x0B, 0x0B, 0x0B, 0x0B, 0x0B, 0x0B, 0x0B, 0x0B,
  0x0B, 0x0B, 0x0B, 0x0B, 0x0B, 0x0B, 0x0B, 0x0B, 0x0B, 0x0B, 0x0B, 0x0B, 0x0B, 0x0B, 0x0B, 0x0B,
  0x0B, 0x0B, 0x0B, 0x0B, 0x0B, 0x0B, 0x0B, 0x0B, 0x0B, 0x0B, 0x0B, 0x0B, 0x0B, 0x0B, 0x0B, 0x0B,
  0x0B, 0x0B, 0x0B, 0x0B, 0x0B, 0x0B, 0x0B, 0x0B, 0x0B, 0x0B, 0x0B, 0x0B, 0x0B, 0x0B, 0x0B, 0x0B,
  0x0B, 0x0B, 0x0B, 0x0B, 0x0B, 0x0B, 0x0B, 0x0B, 0x0B, 0x0B, 0x0B, 0x0B, 0x0B, 0x0B, 0x0B, 0x0B,
  0x0B, 0x0B, 0x0B, 0x0B, 0x0B, 0x0B, 0x0B, 0x0B, 0x0B, 0x0B, 0x0B, 0x0B, 0x0B, 0x0B, 0x0B, 0x0B,
  0x0B, 0x0B, 0x0B, 0x0B, 0x0B, 0x0B, 0x0B, 0x0B, 0x0B, 0x0B, 0x0B, 0x0B, 0x0B, 0x07, 0x08, 0x05,
  0x05, 0x00, 0x00, 0x00, 0x00, 0x00, 0x00, 0x00, 0x00, 0x00, 0x00, 0x00, 0x00, 0x01, 0x04, 0x01,
  0x0C, 0x0D, 0x0E, 0x0D, 0x0D, 0x0D, 0x0D, 0x0D, 0x0D, 0x0D, 0x0D, 0x0D, 0x0D, 0x0D, 0x0D, 0x0D,
  0x0D, 0x0D, 0x0D, 0x0D, 0x0D, 0x0D, 0x0E, 0x0E, 0x0E, 0x0E, 0x0E, 0x0E, 0x0E, 0x0E, 0x0E, 0x0E,
  0x0E, 0x0E, 0x0E, 0x0E, 0x0E, 0x0E, 0x0E, 0x0E, 0x0E, 0x0E, 0x0E, 0x0E, 0x0E, 0x0E, 0x0E, 0x0E,
  0x0E, 0x0E, 0x0E, 0x0E, 0x0E, 0x0E, 0x0E, 0x0E, 0x0E, 0x0E, 0x0E, 0x0E, 0x0E, 0x0E, 0x0E, 0x0E,
  0x0E, 0x0E, 0x0E, 0x0E, 0x0E, 0x0E, 0x0E, 0x0E, 0x0E, 0x0E, 0x0E, 0x0E, 0x0E, 0x0E, 0x0E, 0x0E,
  0x0E, 0x0E, 0x0E, 0x0E, 0x0E, 0x0E, 0x0E, 0x0E, 0x0E, 0x0E, 0x0E, 0x0E, 0x0E, 0x0E, 0x0E, 0x0E,
  0x0E, 0x0E, 0x0E, 0x0E, 0x0E, 0x0E, 0x0E, 0x0E, 0x0E, 0x0E, 0x0E, 0x0E, 0x0E, 0x0E, 0x0E, 0x0E,
  0x0E, 0x0E, 0x0E, 0x0E, 0x0E, 0x0E, 0x0E, 0x0E, 0x0E, 0x0E, 0x0E, 0x0E, 0x0E, 0x0E, 0x0E, 0x0E,
  0x0E, 0x0E, 0x0E, 0x0E, 0x0E, 0x0E, 0x0E, 0x0E, 0x0E, 0x0E, 0x0E, 0x0E, 0x0E, 0x0E, 0x0E, 0x0E,
  0x0E, 0x0E, 0x0D, 0x0D, 0x0E, 0x0E, 0x0D, 0x0F, 0x01, 0x00, 0x00, 0x00, 0x00, 0x00, 0x00, 0x00,
  0x00, 0x00, 0x00, 0x00, 0x00, 0x00, 0x04, 0x06, 0x0C, 0x10, 0x11, 0x11, 0x11, 0x11, 0x11, 0x11,
  0x11, 0x11, 0x11, 0x11, 0x11, 0x11, 0x11, 0x11, 0x11, 0x11, 0x11, 0x11, 0x11, 0x11, 0x11, 0x11,
  0x11, 0x11, 0x11, 0x11, 0x11, 0x11, 0x11, 0x11, 0x11, 0x11, 0x11, 0x11, 0x11, 0x11, 0x11, 0x11,
  0x11, 0x11, 0x11, 0x11, 0x11, 0x11, 0x11, 0x11, 0x11, 0x11, 0x11, 0x11, 0x11, 0x11, 0x11, 0x11,
  0x11, 0x11, 0x11, 0x11, 0x11, 0x11, 0x11, 0x11, 0x11, 0x11, 0x11, 0x11, 0x11, 0x11, 0x11, 0x11,
  0x11, 0x11, 0x11, 0x11, 0x11, 0x11, 0x11, 0x11, 0x11, 0x11, 0x11, 0x11, 0x11, 0x11, 0x11, 0x11,
  0x11, 0x11, 0x11, 0x11, 0x11, 0x11, 0x11, 0x11, 0x11, 0x11, 0x11, 0x11, 0x11, 0x11, 0x11, 0x11,
  0x11, 0x11, 0x11, 0x11, 0x11, 0x11, 0x11, 0x11, 0x11, 0x11, 0x11, 0x11, 0x11, 0x11, 0x11, 0x11,
  0x11, 0x11, 0x11, 0x11, 0x11, 0x11, 0x11, 0x11, 0x11, 0x11, 0x11, 0x11, 0x11, 0x11, 0x11, 0x11,
  0x11, 0x11, 0x11, 0x11, 0x11, 0x11, 0x11, 0x11, 0x11, 0x11, 0x11, 0x11, 0x11, 0x11, 0x10, 0x12,
  0x06, 0x00, 0x00, 0x00, 0x00, 0x00, 0x00, 0x00, 0x00, 0x00, 0x00, 0x00, 0x00, 0x00, 0x05, 0x0A,
  0x0C, 0x13, 0x14, 0x14, 0x14, 0x14, 0x15, 0x14, 0x14, 0x14, 0x16, 0x14, 0x14, 0x16, 0x16, 0x16,
  0x16, 0x17, 0x16, 0x14, 0x14, 0x14, 0x17, 0x14, 0x14, 0x14, 0x14, 0x17, 0x17, 0x14, 0x17, 0x14,
  0x14, 0x17, 0x14, 0x14, 0x17, 0x14, 0x17, 0x17, 0x14, 0x17, 0x14, 0x14, 0x17, 0x14, 0x14, 0x17,
  0x14, 0x14, 0x17, 0x14, 0x14, 0x17, 0x14, 0x14, 0x17, 0x14, 0x14, 0x17, 0x14, 0x14, 0x17, 0x14,
  0x14, 0x17, 0x14, 0x14, 0x17, 0x14, 0x17, 0x17, 0x14, 0x17, 0x14, 0x14, 0x17, 0x14, 0x14, 0x17,
  0x14, 0x14, 0x17, 0x14, 0x14, 0x14, 0x14, 0x14, 0x17, 0x14, 0x14, 0x17, 0x14, 0x17, 0x17, 0x14,
  0x17, 0x17, 0x14, 0x17, 0x17, 0x14, 0x17, 0x14, 0x14, 0x17, 0x14, 0x14, 0x14, 0x14, 0x14, 0x17,
  0x14, 0x14, 0x17, 0x14, 0x14, 0x17, 0x14, 0x14, 0x17, 0x14, 0x17, 0x17, 0x14, 0x17, 0x14, 0x14,
  0x17, 0x14, 0x14, 0x17, 0x14, 0x14, 0x17, 0x14, 0x14, 0x17, 0x14, 0x14, 0x17, 0x14, 0x14, 0x14,
  0x14, 0x17, 0x14, 0x17, 0x18, 0x17, 0x19, 0x12, 0x01, 0x00, 0x00, 0x00, 0x00, 0x00, 0x00, 0x00,
  0x00, 0x00, 0x00, 0x00, 0x00, 0x01, 0x01, 0x02, 0x12, 0x1A, 0x13, 0x1B, 0x1B, 0x19, 0x19, 0x19,
  0x17, 0x1C, 0x1C, 0x17, 0x18, 0x17, 0x14, 0x1D, 0x14, 0x14, 0x16, 0x17, 0x17, 0x17, 0x17, 0x17,
  0x17, 0x14, 0x14, 0x14, 0x17, 0x17, 0x17, 0x17, 0x17, 0x17, 0x17, 0x17, 0x17, 0x17, 0x17, 0x17,
  0x17, 0x17, 0x17, 0x17, 0x17, 0x17, 0x17, 0x17, 0x17, 0x17, 0x17, 0x17, 0x17, 0x17, 0x17, 0x17,
  0x17, 0x17, 0x17, 0x17, 0x17, 0x17, 0x17, 0x17, 0x17, 0x17, 0x17, 0x17, 0x17, 0x17, 0x17, 0x17,
  0x17, 0x17, 0x17, 0x17, 0x17, 0x17, 0x17, 0x17, 0x17, 0x17, 0x17, 0x17, 0x17, 0x17, 0x17, 0x17,
  0x17, 0x17, 0x17, 0x17, 0x17, 0x17, 0x17, 0x17, 0x17, 0x17, 0x17, 0x17, 0x17, 0x17, 0x17, 0x17,
  0x17, 0x17, 0x17, 0x17, 0x17, 0x17, 0x17, 0x17, 0x17, 0x17, 0x17, 0x17, 0x17, 0x17, 0x17, 0x17,
  0x17, 0x17, 0x17, 0x17, 0x17, 0x17, 0x17, 0x17, 0x17, 0x17, 0x17, 0x17, 0x17, 0x17, 0x17, 0x17,
  0x17, 0x17, 0x17, 0x17, 0x17, 0x17, 0x17, 0x17, 0x17, 0x17, 0x14, 0x18, 0x17, 0x14, 0x13, 0x0C,
  0x06, 0x00, 0x00, 0x00, 0x00, 0x00, 0x00, 0x00, 0x00, 0x00, 0x00, 0x00, 0x00, 0x00, 0x00, 0x00,
  0x1E, 0x1F, 0x20, 0x20, 0x21, 0x22, 0x23, 0x24, 0x25, 0x26, 0x26, 0x26, 0x26, 0x1B, 0x15, 0x15,
  0x14, 0x14, 0x1D, 0x14, 0x14, 0x14, 0x14, 0x14, 0x14, 0x14, 0x14, 0x14, 0x14, 0x14, 0x14, 0x14,
  0x14, 0x14, 0x14, 0x14, 0x14, 0x14, 0x14, 0x14, 0x14, 0x14, 0x14, 0x14, 0x14, 0x14, 0x14, 0x14,
  0x14, 0x14, 0x14, 0x14, 0x14, 0x14, 0x14, 0x14, 0x14, 0x14, 0x14, 0x14, 0x14, 0x14, 0x14, 0x14,
  0x14, 0x14, 0x14, 0x14, 0x14, 0x14, 0x14, 0x14, 0x14, 0x14, 0x14, 0x14, 0x14, 0x14, 0x14, 0x14,
  0x14, 0x14, 0x14, 0x14, 0x14, 0x14, 0x14, 0x14, 0x14, 0x14, 0x14, 0x14, 0x14, 0x14, 0x14, 0x14,
  0x14, 0x14, 0x14, 0x14, 0x14, 0x14, 0x14, 0x14, 0x14, 0x14, 0x14, 0x14, 0x14, 0x14, 0x14, 0x14,
  0x14, 0x14, 0x14, 0x14, 0x14, 0x14, 0x14, 0x14, 0x14, 0x14, 0x14, 0x14, 0x14, 0x14, 0x14, 0x14,
  0x14, 0x14, 0x14, 0x14, 0x14, 0x14, 0x14, 0x14, 0x14, 0x14, 0x14, 0x14, 0x14, 0x14, 0x14, 0x14,
  0x14, 0x17, 0x14, 0x18, 0x14, 0x14, 0x18, 0x0C, 0x0A, 0x00, 0x00, 0x00, 0x00, 0x00, 0x00, 0x00,
  0x00, 0x00, 0x00, 0x00, 0x00, 0x00, 0x00, 0x00, 0x02, 0x27, 0x27, 0x27, 0x27, 0x27, 0x28, 0x20,
  0x0C, 0x0C, 0x22, 0x22, 0x22, 0x29, 0x23, 0x26, 0x1B, 0x19, 0x18, 0x14, 0x14, 0x14, 0x14, 0x14,
  0x14, 0x14, 0x14, 0x14, 0x14, 0x14, 0x14, 0x14, 0x14, 0x14, 0x14, 0x14, 0x14, 0x14, 0x14, 0x14,
  0x14, 0x14, 0x14, 0x14, 0x14, 0x14, 0x14, 0x14, 0x14, 0x14, 0x14, 0x14, 0x14, 0x14, 0x14, 0x14,
  0x14, 0x14, 0x14, 0x14, 0x14, 0x14, 0x14, 0x14, 0x14, 0x14, 0x14, 0x14, 0x14, 0x14, 0x14, 0x14,
  0x14, 0x14, 0x14, 0x14, 0x14, 0x14, 0x14, 0x14, 0x14, 0x14, 0x14, 0x14, 0x14, 0x14, 0x14, 0x14,
  0x14, 0x14, 0x14, 0x14, 0x14, 0x14, 0x14, 0x14, 0x14, 0x14, 0x14, 0x14, 0x14, 0x14, 0x14, 0x14,
  0x14, 0x14, 0x14, 0x14, 0x14, 0x14, 0x14, 0x14, 0x14, 0x14, 0x14, 0x14, 0x14, 0x14, 0x14, 0x14,
  0x14, 0x14, 0x14, 0x14, 0x14, 0x14, 0x14, 0x14, 0x14, 0x14, 0x14, 0x14, 0x14, 0x14, 0x14, 0x14,
  0x14, 0x14, 0x14, 0x14, 0x14, 0x14, 0x14, 0x14, 0x14, 0x17, 0x14, 0x18, 0x14, 0x14, 0x18, 0x0C,
  0x0A, 0x00, 0x00, 0x00, 0x00, 0x00, 0x00, 0x00, 0x00, 0x00, 0x00, 0x00, 0x00, 0x01, 0x01, 0x05,
  0x0A, 0x27, 0x2A, 0x2A, 0x2A, 0x2A, 0x2A, 0x27, 0x27, 0x2A, 0x2A, 0x2A, 0x28, 0x28, 0x2B, 0x22,
  0x0E, 0x26, 0x1B, 0x18, 0x18, 0x15, 0x14, 0x14, 0x14, 0x14, 0x14, 0x14, 0x14, 0x14, 0x14, 0x14,
  0x14, 0x14, 0x14, 0x14, 0x14, 0x14, 0x14, 0x14, 0x14, 0x14, 0x14, 0x14, 0x14, 0x14, 0x14, 0x14,
  0x14, 0x14, 0x14, 0x14, 0x14, 0x14, 0x14, 0x14, 0x14, 0x14, 0x14, 0x14, 0x14, 0x14, 0x14, 0x14,
  0x14, 0x14, 0x14, 0x14, 0x14, 0x14, 0x14, 0x14, 0x14, 0x14, 0x14, 0x14, 0x14, 0x14, 0x14, 0x14,
  0x14, 0x14, 0x14, 0x14, 0x14, 0x14, 0x14, 0x14, 0x14, 0x14, 0x14, 0x14, 0x14, 0x14, 0x14, 0x14,
  0x14, 0x14, 0x14, 0x14, 0x14, 0x14, 0x14, 0x14, 0x14, 0x14, 0x14, 0x14, 0x14, 0x14, 0x14, 0x14,
  0x14, 0x14, 0x14, 0x14, 0x14, 0x14, 0x14, 0x14, 0x14, 0x14, 0x14, 0x14, 0x14, 0x14, 0x14, 0x14,
  0x14, 0x14, 0x14, 0x14, 0x14, 0x14, 0x14, 0x14, 0x14, 0x14, 0x14, 0x14, 0x14, 0x14, 0x14, 0x14,
  0x14, 0x17, 0x14, 0x18, 0x14, 0x14, 0x18, 0x0C, 0x0A, 0x00, 0x00, 0x00, 0x00, 0x00, 0x00, 0x00,
  0x00, 0x00, 0x00, 0x00, 0x00, 0x01, 0x01, 0x01, 0x02, 0x2A, 0x2A, 0x2A, 0x27, 0x2A, 0x2A, 0x27,
  0x2A, 0x2A, 0x27, 0x27, 0x27, 0x27, 0x2A, 0x1F, 0x12, 0x23, 0x0E, 0x26, 0x19, 0x15, 0x14, 0x14,
  0x16, 0x14, 0x14, 0x14, 0x14, 0x14, 0x14, 0x14, 0x14, 0x14, 0x14, 0x14, 0x14, 0x14, 0x14, 0x14,
  0x14, 0x14, 0x14, 0x14, 0x14, 0x14, 0x14, 0x14, 0x14, 0x14, 0x14, 0x14, 0x14, 0x14, 0x14, 0x14,
  0x14, 0x14, 0x14, 0x14, 0x14, 0x14, 0x14, 0x14, 0x14, 0x14, 0x14, 0x14, 0x14, 0x14, 0x14, 0x14,
  0x14, 0x14, 0x14, 0x14, 0x14, 0x14, 0x14, 0x14, 0x14, 0x14, 0x14, 0x14, 0x14, 0x14, 0x14, 0x14,
  0x14, 0x14, 0x14, 0x14, 0x14, 0x14, 0x14, 0x14, 0x14, 0x14, 0x14, 0x14, 0x14, 0x14, 0x14, 0x14,
  0x14, 0x14, 0x14, 0x14, 0x14, 0x14, 0x14, 0x14, 0x14, 0x14, 0x14, 0x14, 0x14, 0x14, 0x14, 0x14,
  0x14, 0x14, 0x14, 0x14, 0x14, 0x14, 0x14, 0x14, 0x14, 0x14, 0x14, 0x14, 0x14, 0x14, 0x14, 0x14,
  0x14, 0x14, 0x14, 0x14, 0x14, 0x14, 0x14, 0x14, 0x14, 0x17, 0x14, 0x18, 0x14, 0x14, 0x18, 0x0C,
  0x0A, 0x00, 0x00, 0x00, 0x00, 0x00, 0x00, 0x00, 0x00, 0x00, 0x00, 0x00, 0x00, 0x00, 0x00, 0x00,
  0x02, 0x27, 0x27, 0x27, 0x27, 0x27, 0x27, 0x27, 0x27, 0x2A, 0x2A, 0x2A, 0x2A, 0x2A, 0x2A, 0x2A,
  0x1F, 0x12, 0x23, 0x23, 0x2C, 0x26, 0x19, 0x17, 0x11, 0x14, 0x14, 0x14, 0x17, 0x14, 0x17, 0x14,
  0x14, 0x14, 0x14, 0x14, 0x14, 0x14, 0x14, 0x14, 0x14, 0x14, 0x14, 0x14, 0x14, 0x14, 0x14, 0x14,
  0x14, 0x14, 0x14, 0x14, 0x14, 0x14, 0x14, 0x14, 0x14, 0x14, 0x14, 0x14, 0x14, 0x14, 0x14, 0x14,
  0x14, 0x14, 0x14, 0x14, 0x14, 0x14, 0x14, 0x14, 0x14, 0x14, 0x14, 0x14, 0x14, 0x14, 0x14, 0x14,
  0x14, 0x14, 0x14, 0x14, 0x14, 0x14, 0x14, 0x14, 0x14, 0x14, 0x14, 0x14, 0x14, 0x14, 0x14, 0x14,
  0x14, 0x14, 0x14, 0x14, 0x14, 0x14, 0x14, 0x14, 0x14, 0x14, 0x14, 0x14, 0x14, 0x14, 0x14, 0x14,
  0x14, 0x14, 0x14, 0x14, 0x14, 0x14, 0x14, 0x14, 0x14, 0x14, 0x14, 0x14, 0x14, 0x14, 0x14, 0x14,
  0x14, 0x14, 0x14, 0x14, 0x14, 0x14, 0x14, 0x14, 0x14, 0x14, 0x14, 0x14, 0x14, 0x14, 0x14, 0x14,
  0x14, 0x17, 0x14, 0x18, 0x14, 0x14, 0x18, 0x0C, 0x0A, 0x00, 0x00, 0x00, 0x00, 0x00, 0x00, 0x00,
  0x00, 0x00, 0x00, 0x00, 0x00, 0x01, 0x01, 0x00, 0x02, 0x2A, 0x27, 0x27, 0x2A, 0x2A, 0x2A, 0x2A,
  0x2A, 0x2A, 0x2A, 0x2A, 0x2A, 0x2A, 0x2A, 0x2A, 0x2A, 0x2A, 0x20, 0x22, 0x23, 0x0E, 0x25, 0x26,
  0x19, 0x15, 0x18, 0x18, 0x17, 0x17, 0x17, 0x14, 0x14, 0x14, 0x14, 0x14, 0x14, 0x14, 0x14, 0x14,
  0x14, 0x14, 0x14, 0x14, 0x14, 0x14, 0x14, 0x14, 0x14, 0x14, 0x14, 0x14, 0x14, 0x14, 0x14, 0x14,
  0x14, 0x14, 0x14, 0x14, 0x14, 0x14, 0x14, 0x14, 0x14, 0x14, 0x14, 0x14, 0x14, 0x14, 0x14, 0x14,
  0x14, 0x14, 0x14, 0x14, 0x14, 0x14, 0x14, 0x14, 0x14, 0x14, 0x14, 0x14, 0x14, 0x14, 0x14, 0x14,
  0x14, 0x14, 0x14, 0x14, 0x14, 0x14, 0x14, 0x14, 0x14, 0x14, 0x14, 0x14, 0x14, 0x14, 0x14, 0x14,
  0x14, 0x14, 0x14, 0x14, 0x14, 0x14, 0x14, 0x14, 0x14, 0x14, 0x14, 0x14, 0x14, 0x14, 0x14, 0x14,
  0x14, 0x14, 0x14, 0x14, 0x14, 0x14, 0x14, 0x14, 0x14, 0x14, 0x14, 0x14, 0x14, 0x14, 0x14, 0x14,
  0x14, 0x14, 0x14, 0x14, 0x14, 0x14, 0x14, 0x14, 0x14, 0x17, 0x14, 0x18, 0x14, 0x14, 0x18, 0x0C,
  0x0A, 0x00, 0x00, 0x00, 0x00, 0x00, 0x00, 0x00, 0x00, 0x00, 0x00, 0x00, 0x00, 0x01, 0x01, 0x00,
  0x02, 0x2A, 0x27, 0x27, 0x2A, 0x2A, 0x2A, 0x2A, 0x2A, 0x2A, 0x2A, 0x2A, 0x2A, 0x2A, 0x2A, 0x2A,
  0x27, 0x27, 0x27, 0x1F, 0x2D, 0x22, 0x24, 0x0E, 0x25, 0x26, 0x1B, 0x15, 0x17, 0x17, 0x17, 0x14,
  0x14, 0x14, 0x14, 0x14, 0x14, 0x14, 0x14, 0x14, 0x14, 0x14, 0x14, 0x14, 0x14, 0x14, 0x14, 0x14,
  0x14, 0x14, 0x14, 0x14, 0x14, 0x14, 0x14, 0x14, 0x14, 0x14, 0x14, 0x14, 0x14, 0x14, 0x14, 0x14,
  0x14, 0x14, 0x14, 0x14, 0x14, 0x14, 0x14, 0x14, 0x14, 0x14, 0x14, 0x14, 0x14, 0x14, 0x14, 0x14,
  0x14, 0x14, 0x14, 0x14, 0x14, 0x14, 0x14, 0x14, 0x14, 0x14, 0x14, 0x14, 0x14, 0x14, 0x14, 0x14,
  0x14, 0x14, 0x14, 0x14, 0x14, 0x14, 0x14, 0x14, 0x14, 0x14, 0x14, 0x14, 0x14, 0x14, 0x14, 0x14,
  0x14, 0x14, 0x14, 0x14, 0x14, 0x14, 0x14, 0x14, 0x14, 0x14, 0x14, 0x14, 0x14, 0x14, 0x14, 0x14,
  0x14, 0x14, 0x14, 0x14, 0x14, 0x14, 0x14, 0x14, 0x14, 0x14, 0x14, 0x14, 0x14, 0x14, 0x14, 0x14,
  0x14, 0x17, 0x14, 0x18, 0x14, 0x14, 0x18, 0x0C, 0x0A, 0x00, 0x00, 0x00, 0x00, 0x00, 0x00, 0x00,
  0x00, 0x00, 0x00, 0x00, 0x00, 0x01, 0x01, 0x00, 0x02, 0x2A, 0x27, 0x27, 0x2A, 0x2A, 0x2A, 0x2A,
  0x2A, 0x2A, 0x2A, 0x2A, 0x2A, 0x2A, 0x2A, 0x27, 0x27, 0x27, 0x27, 0x27, 0x27, 0x2E, 0x20, 0x12,
  0x23, 0x2F, 0x25, 0x30, 0x31, 0x15, 0x18, 0x17, 0x14, 0x17, 0x14, 0x14, 0x14, 0x14, 0x14, 0x14,
  0x14, 0x14, 0x14, 0x14, 0x14, 0x14, 0x14, 0x14, 0x14, 0x14, 0x14, 0x14, 0x14, 0x14, 0x14, 0x14,
  0x14, 0x14, 0x14, 0x14, 0x14, 0x14, 0x14, 0x14, 0x14, 0x14, 0x14, 0x14, 0x14, 0x14, 0x14, 0x14,
  0x14, 0x14, 0x14, 0x14, 0x14, 0x14, 0x14, 0x14, 0x14, 0x14, 0x14, 0x14, 0x14, 0x14, 0x14, 0x14,
  0x14, 0x14, 0x14, 0x14, 0x14, 0x14, 0x14, 0x14, 0x14, 0x14, 0x14, 0x14, 0x14, 0x14, 0x14, 0x14,
  0x14, 0x14, 0x14, 0x14, 0x14, 0x14, 0x14, 0x14, 0x14, 0x14, 0x14, 0x14, 0x14, 0x14, 0x14, 0x14,
  0x14, 0x14, 0x14, 0x14, 0x14, 0x14, 0x14, 0x14, 0x14, 0x14, 0x14, 0x14, 0x14, 0x14, 0x14, 0x14,
  0x14, 0x14, 0x14, 0x14, 0x14, 0x14, 0x14, 0x14, 0x14, 0x17, 0x14, 0x18, 0x14, 0x14, 0x18, 0x0C,
  0x0A, 0x00, 0x00, 0x00, 0x00, 0x00, 0x00, 0x00, 0x00, 0x00, 0x00, 0x00, 0x00, 0x01, 0x01, 0x00,
  0x02, 0x2A, 0x27, 0x27, 0x2A, 0x2A, 0x2A, 0x2A, 0x2A, 0x2A, 0x2A, 0x2A, 0x2A, 0x2A, 0x2A, 0x2A,
  0x2A, 0x2A, 0x2A, 0x2A, 0x2A, 0x27, 0x27, 0x27, 0x20, 0x23, 0x0E, 0x25, 0x32, 0x1B, 0x19, 0x17,
  0x14, 0x17, 0x16, 0x17, 0x14, 0x14, 0x14, 0x14, 0x14, 0x14, 0x14, 0x14, 0x14, 0x14, 0x14, 0x14,
  0x14, 0x14, 0x14, 0x14, 0x14, 0x14, 0x14, 0x14, 0x14, 0x14, 0x14, 0x14, 0x14, 0x14, 0x14, 0x14,
  0x14, 0x14, 0x14, 0x14, 0x14, 0x14, 0x14, 0x14, 0x14, 0x14, 0x14, 0x14, 0x14, 0x14, 0x14, 0x14,
  0x14, 0x14, 0x14, 0x14, 0x14, 0x14, 0x14, 0x14, 0x14, 0x14, 0x14, 0x14, 0x14, 0x14, 0x14, 0x14,
  0x14, 0x14, 0x14, 0x14, 0x14, 0x14, 0x14, 0x14, 0x14, 0x14, 0x14, 0x14, 0x14, 0x14, 0x14, 0x14,
  0x14, 0x14, 0x14, 0x14, 0x14, 0x14, 0x14, 0x14, 0x14, 0x14, 0x14, 0x14, 0x14, 0x14, 0x14, 0x14,
  0x14, 0x14, 0x14, 0x14, 0x14, 0x14, 0x14, 0x14, 0x14, 0x14, 0x14, 0x14, 0x14, 0x14, 0x14, 0x14,
  0x14, 0x17, 0x14, 0x18, 0x14, 0x14, 0x18, 0x0C, 0x0A, 0x00, 0x00, 0x00, 0x00, 0x00, 0x00, 0x00,
  0x00, 0x00, 0x00, 0x00, 0x00, 0x01, 0x01, 0x00, 0x02, 0x2A, 0x27, 0x27, 0x2A, 0x2A, 0x2A, 0x2A,
  0x2A, 0x2A, 0x2A, 0x2A, 0x2A, 0x2A, 0x2A, 0x2A, 0x2A, 0x2A, 0x2A, 0x2A, 0x2A, 0x2A, 0x2A, 0x27,
  0x1F, 0x22, 0x0E, 0x0E, 0x2C, 0x26, 0x1B, 0x19, 0x18, 0x17, 0x16, 0x17, 0x17, 0x14, 0x14, 0x14,
  0x14, 0x14, 0x14, 0x14, 0x14, 0x14, 0x14, 0x14, 0x14, 0x14, 0x14, 0x14, 0x14, 0x14, 0x14, 0x14,
  0x14, 0x14, 0x14, 0x14, 0x14, 0x14, 0x14, 0x14, 0x14, 0x14, 0x14, 0x14, 0x14, 0x14, 0x14, 0x14,
  0x14, 0x14, 0x14, 0x14, 0x14, 0x14, 0x14, 0x14, 0x14, 0x14, 0x14, 0x14, 0x14, 0x14, 0x14, 0x14,
  0x14, 0x14, 0x14, 0x14, 0x14, 0x14, 0x14, 0x14, 0x14, 0x14, 0x14, 0x14, 0x14, 0x14, 0x14, 0x14,
  0x14, 0x14, 0x14, 0x14, 0x14, 0x14, 0x14, 0x14, 0x14, 0x14, 0x14, 0x14, 0x14, 0x14, 0x14, 0x14,
  0x14, 0x14, 0x14, 0x14, 0x14, 0x14, 0x14, 0x14, 0x14, 0x14, 0x14, 0x14, 0x14, 0x14, 0x14, 0x14,
  0x14, 0x14, 0x14, 0x14, 0x14, 0x14, 0x14, 0x14, 0x14, 0x17, 0x14, 0x18, 0x14, 0x14, 0x18, 0x0C,
  0x0A, 0x00, 0x00, 0x00, 0x00, 0x00, 0x00, 0x00, 0x00, 0x00, 0x00, 0x00, 0x00, 0x01, 0x01, 0x00,
  0x02, 0x2A, 0x27, 0x27, 0x2A, 0x2A, 0x2A, 0x2A, 0x2A, 0x2A, 0x2A, 0x2A, 0x2A, 0x2A, 0x2A, 0x2A,
  0x27, 0x27, 0x27, 0x27, 0x2A, 0x27, 0x2A, 0x27, 0x28, 0x20, 0x12, 0x23, 0x0E, 0x25, 0x26, 0x1B,
  0x19, 0x19, 0x15, 0x17, 0x14, 0x14, 0x17, 0x14, 0x14, 0x14, 0x14, 0x14, 0x14, 0x14, 0x14, 0x14,
  0x14, 0x14, 0x14, 0x14, 0x14, 0x14, 0x14, 0x14, 0x14, 0x14, 0x14, 0x14, 0x14, 0x14, 0x14, 0x14,
  0x14, 0x14, 0x14, 0x14, 0x14, 0x14, 0x14, 0x14, 0x14, 0x14, 0x14, 0x14, 0x14, 0x14, 0x14, 0x14,
  0x14, 0x14, 0x14, 0x14, 0x14, 0x14, 0x14, 0x14, 0x14, 0x14, 0x14, 0x14, 0x14, 0x14, 0x14, 0x14,
  0x14, 0x14, 0x14, 0x14, 0x14, 0x14, 0x14, 0x14, 0x14, 0x14, 0x14, 0x14, 0x14, 0x14, 0x14, 0x14,
  0x14, 0x14, 0x14, 0x14, 0x14, 0x14, 0x14, 0x14, 0x14, 0x14, 0x14, 0x14, 0x14, 0x14, 0x14, 0x14,
  0x14, 0x14, 0x14, 0x14, 0x14, 0x14, 0x14, 0x14, 0x14, 0x14, 0x14, 0x14, 0x14, 0x14, 0x14, 0x14,
  0x14, 0x17, 0x14, 0x18, 0x14, 0x14, 0x18, 0x0C, 0x0A, 0x00, 0x00, 0x00, 0x00, 0x00, 0x00, 0x00,
  0x00, 0x00, 0x00, 0x00, 0x00, 0x01, 0x01, 0x00, 0x02, 0x2A, 0x27, 0x27, 0x2A, 0x2A, 0x2A, 0x2A,
  0x2A, 0x2A, 0x2A, 0x2A, 0x2A, 0x2A, 0x2A, 0x2A, 0x2A, 0x2A, 0x2A, 0x2A, 0x2A, 0x2A, 0x27, 0x27,
  0x27, 0x27, 0x2A, 0x07, 0x22, 0x23, 0x0E, 0x25, 0x26, 0x26, 0x1B, 0x19, 0x18, 0x14, 0x1D, 0x14,
  0x14, 0x14, 0x14, 0x14, 0x14, 0x14, 0x14, 0x14, 0x14, 0x14, 0x14, 0x14, 0x14, 0x14, 0x14, 0x14,
  0x14, 0x14, 0x14, 0x14, 0x14, 0x14, 0x14, 0x14, 0x14, 0x14, 0x14, 0x14, 0x14, 0x14, 0x14, 0x14,
  0x14, 0x14, 0x14, 0x14, 0x14, 0x14, 0x14, 0x14, 0x14, 0x14, 0x14, 0x14, 0x14, 0x14, 0x14, 0x14,
  0x14, 0x14, 0x14, 0x14, 0x14, 0x14, 0x14, 0x14, 0x14, 0x14, 0x14, 0x14, 0x14, 0x14, 0x14, 0x14,
  0x14, 0x14, 0x14, 0x14, 0x14, 0x14, 0x14, 0x14, 0x14, 0x14, 0x14, 0x14, 0x14, 0x14, 0x14, 0x14,
  0x14, 0x14, 0x14, 0x14, 0x14, 0x14, 0x14, 0x14, 0x14, 0x14, 0x14, 0x14, 0x14, 0x14, 0x14, 0x14,
  0x14, 0x14, 0x14, 0x14, 0x14, 0x14, 0x14, 0x14, 0x14, 0x17, 0x14, 0x18, 0x14, 0x14, 0x18, 0x0C,
  0x0A, 0x00, 0x00, 0x00, 0x00, 0x00, 0x00, 0x00, 0x00, 0x00, 0x00, 0x00, 0x00, 0x01, 0x01, 0x00,
  0x02, 0x2A, 0x27, 0x27, 0x2A, 0x2A, 0x2A, 0x2A, 0x2A, 0x2A, 0x2A, 0x2A, 0x2A, 0x2A, 0x2A, 0x2A,
  0x2A, 0x2A, 0x2A, 0x2A, 0x2A, 0x2A, 0x27, 0x27, 0x27, 0x27, 0x27, 0x27, 0x1F, 0x12, 0x23, 0x23,
  0x33, 0x2C, 0x2C, 0x2C, 0x31, 0x17, 0x14, 0x14, 0x14, 0x14, 0x14, 0x14, 0x14, 0x14, 0x14, 0x14,
  0x14, 0x14, 0x14, 0x14, 0x14, 0x14, 0x14, 0x14, 0x14, 0x14, 0x14, 0x14, 0x14, 0x14, 0x14, 0x14,
  0x14, 0x14, 0x14, 0x14, 0x14, 0x14, 0x14, 0x14, 0x14, 0x14, 0x14, 0x14, 0x14, 0x14, 0x14, 0x14,
  0x14, 0x14, 0x14, 0x14, 0x14, 0x14, 0x14, 0x14, 0x14, 0x14, 0x14, 0x14, 0x14, 0x14, 0x14, 0x14,
  0x14, 0x14, 0x14, 0x14, 0x14, 0x14, 0x14, 0x14, 0x14, 0x14, 0x14, 0x14, 0x14, 0x14, 0x14, 0x14,
  0x14, 0x14, 0x14, 0x14, 0x14, 0x14, 0x14, 0x14, 0x14, 0x14, 0x14, 0x14, 0x14, 0x14, 0x14, 0x14,
  0x14, 0x14, 0x14, 0x14, 0x14, 0x14, 0x14, 0x14, 0x14, 0x14, 0x14, 0x14, 0x14, 0x14, 0x14, 0x14,
  0x14, 0x17, 0x14, 0x18, 0x14, 0x14, 0x18, 0x0C, 0x0A, 0x00, 0x00, 0x00, 0x00, 0x00, 0x00, 0x00,
  0x00, 0x00, 0x00, 0x00, 0x00, 0x01, 0x01, 0x00, 0x02, 0x2A, 0x27, 0x27, 0x2A, 0x2A, 0x2A, 0x2A,
  0x2A, 0x2A, 0x2A, 0x2A, 0x2A, 0x2A, 0x2A, 0x2A, 0x2A, 0x2A, 0x2A, 0x2A, 0x2A, 0x2A, 0x2A, 0x2A,
  0x2A, 0x2A, 0x2A, 0x27, 0x27, 0x1F, 0x12, 0x22, 0x23, 0x34, 0x34, 0x34, 0x32, 0x15, 0x17, 0x15,
  0x14, 0x14, 0x14, 0x14, 0x14, 0x14, 0x14, 0x14, 0x14, 0x14, 0x14, 0x14, 0x14, 0x14, 0x14, 0x14,
  0x14, 0x14, 0x14, 0x14, 0x14, 0x14, 0x14, 0x14, 0x14, 0x14, 0x14, 0x14, 0x14, 0x14, 0x14, 0x14,
  0x14, 0x14, 0x14, 0x14, 0x14, 0x14, 0x14, 0x14, 0x14, 0x14, 0x14, 0x14, 0x14, 0x14, 0x14, 0x14,
  0x14, 0x14, 0x14, 0x14, 0x14, 0x14, 0x14, 0x14, 0x14, 0x14, 0x14, 0x14, 0x14, 0x14, 0x14, 0x14,
  0x14, 0x14, 0x14, 0x14, 0x14, 0x14, 0x14, 0x14, 0x14, 0x14, 0x14, 0x14, 0x14, 0x14, 0x14, 0x14,
  0x14, 0x14, 0x14, 0x14, 0x14, 0x14, 0x14, 0x14, 0x14, 0x14, 0x14, 0x14, 0x14, 0x14, 0x14, 0x14,
  0x14, 0x14, 0x14, 0x14, 0x14, 0x14, 0x14, 0x14, 0x14, 0x17, 0x14, 0x18, 0x14, 0x14, 0x18, 0x0C,
  0x0A, 0x00, 0x00, 0x00, 0x00, 0x00, 0x00, 0x00, 0x00, 0x00, 0x00, 0x00, 0x00, 0x01, 0x01, 0x00,
  0x02, 0x2A, 0x27, 0x27, 0x2A, 0x2A, 0x2A, 0x2A, 0x2A, 0x2A, 0x2A, 0x2A, 0x2A, 0x2A, 0x2A, 0x2A,
  0x2A, 0x2A, 0x2A, 0x2A, 0x2A, 0x2A, 0x27, 0x27, 0x27, 0x27, 0x27, 0x2A, 0x2A, 0x27, 0x20, 0x22,
  0x23, 0x33, 0x33, 0x33, 0x32, 0x19, 0x18, 0x15, 0x17, 0x17, 0x17, 0x14, 0x14, 0x14, 0x14, 0x14,
  0x14, 0x14, 0x14, 0x14, 0x14, 0x14, 0x14, 0x14, 0x14, 0x14, 0x14, 0x14, 0x14, 0x14, 0x14, 0x14,
  0x14, 0x14, 0x14, 0x14, 0x14, 0x14, 0x14, 0x14, 0x14, 0x14, 0x14, 0x14, 0x14, 0x14, 0x14, 0x14,
  0x14, 0x14, 0x14, 0x14, 0x14, 0x14, 0x14, 0x14, 0x14, 0x14, 0x14, 0x14, 0x14, 0x14, 0x14, 0x14,
  0x14, 0x14, 0x14, 0x14, 0x14, 0x14, 0x14, 0x14, 0x14, 0x14, 0x14, 0x14, 0x14, 0x14, 0x14, 0x14,
  0x14, 0x14, 0x14, 0x14, 0x14, 0x14, 0x14, 0x14, 0x14, 0x14, 0x14, 0x14, 0x14, 0x14, 0x14, 0x14,
  0x14, 0x14, 0x14, 0x14, 0x14, 0x14, 0x14, 0x14, 0x14, 0x14, 0x14, 0x14, 0x14, 0x14, 0x14, 0x14,
  0x14, 0x17, 0x14, 0x18, 0x14, 0x14, 0x18, 0x0C, 0x0A, 0x00, 0x00, 0x00, 0x00, 0x00, 0x00, 0x00,
  0x00, 0x00, 0x00, 0x00, 0x00, 0x01, 0x01, 0x00, 0x02, 0x2A, 0x27, 0x27, 0x2A, 0x2A, 0x2A, 0x2A,
  0x2A, 0x2A, 0x2A, 0x2A, 0x2A, 0x2A, 0x2A, 0x2A, 0x2A, 0x2A, 0x2A, 0x2A, 0x2A, 0x2A, 0x27, 0x27,
  0x27, 0x27, 0x27, 0x2A, 0x2A, 0x27, 0x20, 0x22, 0x35, 0x33, 0x33, 0x33, 0x2C, 0x1B, 0x18, 0x17,
  0x17, 0x17, 0x17, 0x14, 0x14, 0x14, 0x14, 0x14, 0x14, 0x14, 0x14, 0x14, 0x14, 0x14, 0x14, 0x14,
  0x14, 0x14, 0x14, 0x14, 0x14, 0x14, 0x14, 0x14, 0x14, 0x14, 0x14, 0x14, 0x14, 0x14, 0x14, 0x14,
  0x14, 0x14, 0x14, 0x14, 0x14, 0x14, 0x14, 0x14, 0x14, 0x14, 0x14, 0x14, 0x14, 0x14, 0x14, 0x14,
  0x14, 0x14, 0x14, 0x14, 0x14, 0x14, 0x14, 0x14, 0x14, 0x14, 0x14, 0x14, 0x14, 0x14, 0x14, 0x14,
  0x14, 0x14, 0x14, 0x14, 0x14, 0x14, 0x14, 0x14, 0x14, 0x14, 0x14, 0x14, 0x14, 0x14, 0x14, 0x14,
  0x14, 0x14, 0x14, 0x14, 0x14, 0x14, 0x14, 0x14, 0x14, 0x14, 0x14, 0x14, 0x14, 0x14, 0x14, 0x14,
  0x14, 0x14, 0x14, 0x14, 0x14, 0x14, 0x14, 0x14, 0x14, 0x17, 0x14, 0x18, 0x14, 0x14, 0x18, 0x0C,
  0x0A, 0x00, 0x00, 0x00, 0x00, 0x00, 0x00, 0x00, 0x00, 0x00, 0x00, 0x00, 0x00, 0x01, 0x01, 0x00,
  0x02, 0x2A, 0x27, 0x27, 0x2A, 0x2A, 0x2A, 0x2A, 0x2A, 0x2A, 0x2A, 0x2A, 0x2A, 0x2A, 0x2A, 0x2A,
  0x2A, 0x2A, 0x2A, 0x2A, 0x2A, 0x2A, 0x27, 0x27, 0x27, 0x2A, 0x2A, 0x2A, 0x2A, 0x28, 0x20, 0x36,
  0x37, 0x34, 0x33, 0x33, 0x33, 0x32, 0x19, 0x18, 0x17, 0x14, 0x17, 0x14, 0x14, 0x14, 0x14, 0x14,
  0x14, 0x14, 0x14, 0x14, 0x14, 0x14, 0x14, 0x14, 0x14, 0x14, 0x14, 0x14, 0x14, 0x14, 0x14, 0x14,
  0x14, 0x14, 0x14, 0x14, 0x14, 0x14, 0x14, 0x14, 0x14, 0x14, 0x14, 0x14, 0x14, 0x14, 0x14, 0x14,
  0x14, 0x14, 0x14, 0x14, 0x14, 0x14, 0x14, 0x14, 0x14, 0x14, 0x14, 0x14, 0x14, 0x14, 0x14, 0x14,
  0x14, 0x14, 0x14, 0x14, 0x14, 0x14, 0x14, 0x14, 0x14, 0x14, 0x14, 0x14, 0x14, 0x14, 0x14, 0x14,
  0x14, 0x14, 0x14, 0x14, 0x14, 0x14, 0x14, 0x14, 0x14, 0x14, 0x14, 0x14, 0x14, 0x14, 0x14, 0x14,
  0x14, 0x14, 0x14, 0x14, 0x14, 0x14, 0x14, 0x14, 0x14, 0x14, 0x14, 0x14, 0x14, 0x14, 0x14, 0x14,
  0x14, 0x17, 0x14, 0x18, 0x14, 0x14, 0x18, 0x0C, 0x0A, 0x00, 0x00, 0x00, 0x00, 0x00, 0x00, 0x00,
  0x00, 0x00, 0x00, 0x00, 0x00, 0x01, 0x01, 0x00, 0x02, 0x2A, 0x27, 0x27, 0x2A, 0x2A, 0x2A, 0x2A,
  0x2A, 0x2A, 0x2A, 0x2A, 0x2A, 0x2A, 0x2A, 0x27, 0x27, 0x27, 0x2A, 0x2A, 0x27, 0x2A, 0x27, 0x2A,
  0x2A, 0x2A, 0x27, 0x27, 0x28, 0x20, 0x12, 0x36, 0x38, 0x37, 0x34, 0x34, 0x33, 0x32, 0x1B, 0x19,
  0x19, 0x15, 0x14, 0x14, 0x14, 0x17, 0x14, 0x14, 0x14, 0x14, 0x14, 0x14, 0x14, 0x14, 0x14, 0x14,
  0x14, 0x14, 0x14, 0x14, 0x14, 0x14, 0x14, 0x14, 0x14, 0x14, 0x14, 0x14, 0x14, 0x14, 0x14, 0x14,
  0x14, 0x14, 0x14, 0x14, 0x14, 0x14, 0x14, 0x14, 0x14, 0x14, 0x14, 0x14, 0x14, 0x14, 0x14, 0x14,
  0x14, 0x14, 0x14, 0x14, 0x14, 0x14, 0x14, 0x14, 0x14, 0x14, 0x14, 0x14, 0x14, 0x14, 0x14, 0x14,
  0x14, 0x14, 0x14, 0x14, 0x14, 0x14, 0x14, 0x14, 0x14, 0x14, 0x14, 0x14, 0x14, 0x14, 0x14, 0x14,
  0x14, 0x14, 0x14, 0x14, 0x14, 0x14, 0x14, 0x14, 0x14, 0x14, 0x14, 0x14, 0x14, 0x14, 0x14, 0x14,
  0x14, 0x14, 0x14, 0x14, 0x14, 0x14, 0x14, 0x14, 0x14, 0x17, 0x14, 0x18, 0x14, 0x14, 0x18, 0x0C,
  0x0A, 0x00, 0x00, 0x00, 0x00, 0x00, 0x00, 0x00, 0x00, 0x00, 0x00, 0x00, 0x00, 0x01, 0x01, 0x00,
  0x02, 0x2A, 0x27, 0x27, 0x2A, 0x2A, 0x2A, 0x2A, 0x2A, 0x2A, 0x2A, 0x2A, 0x2A, 0x2A, 0x2A, 0x27,
  0x27, 0x27, 0x2A, 0x2A, 0x27, 0x2A, 0x27, 0x27, 0x27, 0x27, 0x27, 0x1F, 0x2B, 0x12, 0x22, 0x38,
  0x38, 0x37, 0x37, 0x34, 0x2C, 0x32, 0x32, 0x2C, 0x32, 0x31, 0x14, 0x14, 0x14, 0x17, 0x14, 0x14,
  0x14, 0x14, 0x14, 0x14, 0x14, 0x14, 0x14, 0x14, 0x14, 0x14, 0x14, 0x14, 0x14, 0x14, 0x14, 0x14,
  0x14, 0x14, 0x14, 0x14, 0x14, 0x14, 0x14, 0x14, 0x14, 0x14, 0x14, 0x14, 0x14, 0x14, 0x14, 0x14,
  0x14, 0x14, 0x14, 0x14, 0x14, 0x14, 0x14, 0x14, 0x14, 0x14, 0x14, 0x14, 0x14, 0x14, 0x14, 0x14,
  0x14, 0x14, 0x14, 0x14, 0x14, 0x14, 0x14, 0x14, 0x14, 0x14, 0x14, 0x14, 0x14, 0x14, 0x14, 0x14,
  0x14, 0x14, 0x14, 0x14, 0x14, 0x14, 0x14, 0x14, 0x14, 0x14, 0x14, 0x14, 0x14, 0x14, 0x14, 0x14,
  0x14, 0x14, 0x14, 0x14, 0x14, 0x14, 0x14, 0x14, 0x14, 0x14, 0x14, 0x14, 0x14, 0x14, 0x14, 0x14,
  0x14, 0x17, 0x14, 0x18, 0x14, 0x14, 0x18, 0x0C, 0x0A, 0x00, 0x00, 0x00, 0x00, 0x00, 0x00, 0x00,
  0x00, 0x00, 0x00, 0x00, 0x00, 0x01, 0x01, 0x00, 0x02, 0x2A, 0x27, 0x27, 0x2A, 0x2A, 0x2A, 0x2A,
  0x2A, 0x2A, 0x2A, 0x2A, 0x2A, 0x2A, 0x2A, 0x27, 0x27, 0x27, 0x2A, 0x2A, 0x27, 0x2A, 0x27, 0x27,
  0x28, 0x28, 0x1F, 0x20, 0x12, 0x12, 0x36, 0x38, 0x38, 0x38, 0x37, 0x34, 0x2C, 0x2C, 0x2C, 0x33,
  0x2C, 0x39, 0x14, 0x14, 0x14, 0x14, 0x14, 0x14, 0x14, 0x14, 0x14, 0x14, 0x14, 0x14, 0x14, 0x14,
  0x14, 0x14, 0x14, 0x14, 0x14, 0x14, 0x14, 0x14, 0x14, 0x14, 0x14, 0x14, 0x14, 0x14, 0x14, 0x14,
  0x14, 0x14, 0x14, 0x14, 0x17, 0x17, 0x14, 0x14, 0x14, 0x14, 0x14, 0x14, 0x14, 0x14, 0x14, 0x14,
  0x14, 0x14, 0x14, 0x14, 0x14, 0x14, 0x14, 0x14, 0x14, 0x14, 0x14, 0x14, 0x14, 0x14, 0x14, 0x14,
  0x14, 0x14, 0x14, 0x14, 0x14, 0x14, 0x14, 0x14, 0x14, 0x14, 0x14, 0x14, 0x14, 0x14, 0x14, 0x14,
  0x14, 0x14, 0x14, 0x14, 0x14, 0x14, 0x14, 0x14, 0x14, 0x14, 0x14, 0x14, 0x14, 0x14, 0x14, 0x14,
  0x14, 0x14, 0x14, 0x14, 0x14, 0x14, 0x14, 0x14, 0x14, 0x17, 0x14, 0x18, 0x14, 0x14, 0x19, 0x0C,
  0x0A, 0x00, 0x00, 0x00, 0x00, 0x00, 0x00, 0x00, 0x00, 0x00, 0x00, 0x00, 0x00, 0x01, 0x01, 0x00,
  0x02, 0x2A, 0x27, 0x27, 0x2A, 0x2A, 0x2A, 0x2A, 0x2A, 0x2A, 0x2A, 0x2A, 0x2A, 0x2A, 0x2A, 0x27,
  0x27, 0x27, 0x2A, 0x27, 0x27, 0x2E, 0x1F, 0x1F, 0x1F, 0x1F, 0x20, 0x20, 0x21, 0x21, 0x36, 0x37,
  0x38, 0x38, 0x37, 0x35, 0x34, 0x34, 0x33, 0x33, 0x2C, 0x2C, 0x31, 0x17, 0x14, 0x17, 0x16, 0x16,
  0x16, 0x16, 0x16, 0x17, 0x17, 0x16, 0x17, 0x14, 0x14, 0x14, 0x14, 0x14, 0x14, 0x14, 0x14, 0x14,
  0x14, 0x14, 0x14, 0x14, 0x14, 0x14, 0x14, 0x14, 0x14, 0x14, 0x14, 0x17, 0x16, 0x16, 0x14, 0x14,
  0x14, 0x14, 0x14, 0x14, 0x16, 0x16, 0x16, 0x14, 0x14, 0x14, 0x14, 0x14, 0x14, 0x16, 0x16, 0x16,
  0x14, 0x14, 0x14, 0x14, 0x14, 0x14, 0x14, 0x14, 0x14, 0x14, 0x14, 0x14, 0x16, 0x16, 0x16, 0x14,
  0x14, 0x14, 0x14, 0x14, 0x14, 0x14, 0x14, 0x14, 0x14, 0x14, 0x14, 0x14, 0x14, 0x14, 0x14, 0x14,
  0x14, 0x14, 0x14, 0x14, 0x14, 0x14, 0x17, 0x16, 0x16, 0x17, 0x14, 0x14, 0x17, 0x16, 0x16, 0x17,
  0x14, 0x17, 0x14, 0x18, 0x14, 0x14, 0x19, 0x0C, 0x0A, 0x00, 0x00, 0x00, 0x00, 0x00, 0x00, 0x00,
  0x00, 0x00, 0x00, 0x00, 0x00, 0x01, 0x01, 0x00, 0x02, 0x2A, 0x27, 0x27, 0x2A, 0x2A, 0x2A, 0x2A,
  0x2A, 0x2A, 0x2A, 0x2A, 0x2A, 0x2A, 0x2A, 0x27, 0x27, 0x27, 0x27, 0x2A, 0x2A, 0x1F, 0x20, 0x20,
  0x20, 0x20, 0x20, 0x20, 0x20, 0x21, 0x36, 0x36, 0x36, 0x38, 0x37, 0x35, 0x37, 0x34, 0x33, 0x33,
  0x34, 0x32, 0x1C, 0x16, 0x16, 0x16, 0x16, 0x16, 0x16, 0x16, 0x16, 0x16, 0x1C, 0x16, 0x16, 0x17,
  0x17, 0x17, 0x17, 0x17, 0x17, 0x17, 0x17, 0x17, 0x17, 0x17, 0x17, 0x17, 0x17, 0x17, 0x17, 0x17,
  0x17, 0x17, 0x17, 0x16, 0x16, 0x16, 0x17, 0x17, 0x17, 0x17, 0x17, 0x17, 0x16, 0x16, 0x16, 0x17,
  0x17, 0x17, 0x17, 0x17, 0x17, 0x16, 0x16, 0x16, 0x17, 0x17, 0x17, 0x17, 0x17, 0x17, 0x17, 0x17,
  0x17, 0x17, 0x17, 0x17, 0x16, 0x16, 0x16, 0x17, 0x17, 0x17, 0x17, 0x17, 0x17, 0x17, 0x17, 0x17,
  0x17, 0x17, 0x17, 0x17, 0x17, 0x17, 0x17, 0x17, 0x17, 0x17, 0x17, 0x17, 0x17, 0x17, 0x16, 0x16,
  0x16, 0x16, 0x17, 0x17, 0x16, 0x16, 0x16, 0x15, 0x17, 0x17, 0x14, 0x18, 0x14, 0x14, 0x19, 0x0C,
  0x0A, 0x00, 0x00, 0x00, 0x00, 0x00, 0x00, 0x00, 0x00, 0x00, 0x00, 0x00, 0x00, 0x01, 0x01, 0x01,
  0x02, 0x2A, 0x27, 0x27, 0x2A, 0x2A, 0x2A, 0x2A, 0x2A, 0x2A, 0x2A, 0x2A, 0x2A, 0x2A, 0x2A, 0x2A,
  0x27, 0x2A, 0x2A, 0x2A, 0x2E, 0x1F, 0x20, 0x20, 0x20, 0x20, 0x20, 0x20, 0x20, 0x21, 0x21, 0x21,
  0x36, 0x29, 0x37, 0x37, 0x38, 0x35, 0x33, 0x33, 0x33, 0x2C, 0x19, 0x16, 0x16, 0x16, 0x1C, 0x16,
  0x16, 0x1C, 0x17, 0x15, 0x18, 0x15, 0x16, 0x16, 0x16, 0x16, 0x16, 0x16, 0x16, 0x16, 0x16, 0x16,
  0x16, 0x16, 0x16, 0x16, 0x16, 0x16, 0x16, 0x16, 0x16, 0x16, 0x16, 0x16, 0x16, 0x16, 0x16, 0x16,
  0x16, 0x16, 0x16, 0x16, 0x1C, 0x1C, 0x1C, 0x16, 0x16, 0x16, 0x16, 0x16, 0x16, 0x1C, 0x1C, 0x1C,
  0x16, 0x16, 0x16, 0x16, 0x16, 0x16, 0x16, 0x16, 0x16, 0x16, 0x16, 0x16, 0x1C, 0x1C, 0x1C, 0x16,
  0x16, 0x16, 0x16, 0x16, 0x16, 0x16, 0x16, 0x16, 0x16, 0x16, 0x16, 0x16, 0x16, 0x16, 0x16, 0x16,
  0x16, 0x16, 0x16, 0x16, 0x16, 0x16, 0x16, 0x1C, 0x1C, 0x1C, 0x16, 0x16, 0x16, 0x16, 0x16, 0x16,
  0x16, 0x16, 0x1D, 0x17, 0x16, 0x17, 0x19, 0x0C, 0x06, 0x00, 0x00, 0x00, 0x00, 0x00, 0x00, 0x00,
  0x00, 0x00, 0x00, 0x00, 0x00, 0x01, 0x01, 0x01, 0x02, 0x27, 0x2A, 0x2A, 0x2A, 0x2A, 0x2A, 0x2A,
  0x2A, 0x2A, 0x2A, 0x2A, 0x2A, 0x2A, 0x2A, 0x2A, 0x2A, 0x2A, 0x2A, 0x2A, 0x2A, 0x1F, 0x2B, 0x20,
  0x20, 0x20, 0x20, 0x20, 0x20, 0x20, 0x21, 0x21, 0x36, 0x23, 0x29, 0x36, 0x36, 0x37, 0x33, 0x34,
  0x33, 0x2C, 0x19, 0x18, 0x16, 0x16, 0x1C, 0x16, 0x16, 0x1C, 0x19, 0x10, 0x10, 0x15, 0x16, 0x1D,
  0x1D, 0x1C, 0x1C, 0x1C, 0x1C, 0x1C, 0x1C, 0x1C, 0x1C, 0x1C, 0x1C, 0x1C, 0x1C, 0x1C, 0x16, 0x16,
  0x16, 0x16, 0x16, 0x1C, 0x1C, 0x1C, 0x1C, 0x1C, 0x1C, 0x1C, 0x1C, 0x1C, 0x1C, 0x1C, 0x1C, 0x16,
  0x16, 0x16, 0x1C, 0x1C, 0x1C, 0x1C, 0x1C, 0x1C, 0x16, 0x16, 0x16, 0x1C, 0x1C, 0x1C, 0x1C, 0x1C,
  0x1C, 0x1C, 0x1C, 0x1C, 0x1C, 0x1C, 0x1C, 0x1C, 0x1C, 0x1C, 0x1C, 0x1C, 0x1C, 0x1C, 0x1C, 0x1C,
  0x16, 0x16, 0x16, 0x1C, 0x1C, 0x1C, 0x1C, 0x1C, 0x1C, 0x1C, 0x1C, 0x1C, 0x1C, 0x1C, 0x1C, 0x1C,
  0x1C, 0x1C, 0x1C, 0x1C, 0x1C, 0x16, 0x16, 0x16, 0x1C, 0x15, 0x1C, 0x15, 0x1C, 0x16, 0x19, 0x0C,
  0x06, 0x00, 0x00, 0x00, 0x00, 0x00, 0x00, 0x00, 0x00, 0x00, 0x00, 0x00, 0x00, 0x01, 0x01, 0x01,
  0x02, 0x27, 0x2A, 0x2A, 0x2A, 0x2A, 0x2A, 0x2A, 0x2A, 0x2A, 0x2A, 0x2A, 0x2A, 0x2A, 0x2A, 0x2A,
  0x2A, 0x2A, 0x2A, 0x2A, 0x2A, 0x1F, 0x2B, 0x20, 0x20, 0x20, 0x20, 0x20, 0x20, 0x21, 0x21, 0x21,
  0x36, 0x29, 0x36, 0x36, 0x36, 0x37, 0x33, 0x3A, 0x34, 0x2C, 0x19, 0x15, 0x1C, 0x1C, 0x1C, 0x16,
  0x1C, 0x1C, 0x10, 0x10, 0x19, 0x1C, 0x1C, 0x16, 0x15, 0x1C, 0x1C, 0x1C, 0x1C, 0x1C, 0x1C, 0x1C,
  0x1C, 0x1C, 0x1C, 0x1C, 0x1C, 0x1C, 0x16, 0x16, 0x16, 0x16, 0x16, 0x1C, 0x1C, 0x1C, 0x1C, 0x1C,
  0x1C, 0x1C, 0x1C, 0x1C, 0x1C, 0x1C, 0x1C, 0x16, 0x16, 0x16, 0x1C, 0x1C, 0x1C, 0x1C, 0x1C, 0x1C,
  0x1C, 0x1C, 0x1C, 0x1C, 0x1C, 0x1C, 0x1C, 0x1C, 0x1C, 0x1C, 0x1C, 0x1C, 0x1C, 0x1C, 0x1C, 0x1C,
  0x1C, 0x1C, 0x1C, 0x1C, 0x1C, 0x1C, 0x1C, 0x1C, 0x16, 0x16, 0x16, 0x1C, 0x1C, 0x1C, 0x1C, 0x1C,
  0x1C, 0x1C, 0x1C, 0x1C, 0x1C, 0x1C, 0x1C, 0x1C, 0x1C, 0x1C, 0x1C, 0x1C, 0x1C, 0x1C, 0x1C, 0x1C,
  0x1C, 0x1C, 0x1C, 0x15, 0x1C, 0x16, 0x19, 0x0C, 0x06, 0x00, 0x00, 0x00, 0x00, 0x00, 0x00, 0x00,
  0x00, 0x00, 0x00, 0x00, 0x00, 0x01, 0x01, 0x01, 0x02, 0x27, 0x2A, 0x2A, 0x2A, 0x2A, 0x2A, 0x2A,
  0x2A, 0x2A, 0x2A, 0x2A, 0x2A, 0x2A, 0x2A, 0x2A, 0x2A, 0x2A, 0x27, 0x2A, 0x2A, 0x1F, 0x2B, 0x20,
  0x20, 0x20, 0x20, 0x20, 0x20, 0x21, 0x12, 0x36, 0x36, 0x36, 0x36, 0x21, 0x36, 0x38, 0x37, 0x3A,
  0x34, 0x34, 0x32, 0x15, 0x1C, 0x1C, 0x1C, 0x16, 0x16, 0x19, 0x10, 0x10, 0x31, 0x17, 0x1C, 0x16,
  0x16, 0x1C, 0x1C, 0x1C, 0x1C, 0x1C, 0x1C, 0x1C, 0x1C, 0x1C, 0x1C, 0x1C, 0x1C, 0x1C, 0x1C, 0x1C,
  0x1C, 0x1C, 0x1C, 0x1C, 0x1C, 0x1C, 0x1C, 0x1C, 0x1C, 0x1C, 0x1C, 0x1C, 0x1C, 0x1C, 0x1C, 0x1C,
  0x1C, 0x1C, 0x1C, 0x1C, 0x1C, 0x1C, 0x1C, 0x1C, 0x1C, 0x1C, 0x1C, 0x1C, 0x1C, 0x1C, 0x1C, 0x1C,
  0x1C, 0x1C, 0x1C, 0x1C, 0x1C, 0x1C, 0x1C, 0x1C, 0x1C, 0x1C, 0x1C, 0x1C, 0x1C, 0x1C, 0x1C, 0x1C,
  0x1C, 0x1C, 0x1C, 0x1C, 0x1C, 0x1C, 0x1C, 0x1C, 0x1C, 0x1C, 0x1C, 0x1C, 0x1C, 0x1C, 0x1C, 0x1C,
  0x1C, 0x1C, 0x1C, 0x1C, 0x1C, 0x1C, 0x1C, 0x1C, 0x1C, 0x1C, 0x1C, 0x15, 0x1C, 0x1C, 0x19, 0x0C,
  0x06, 0x00, 0x00, 0x00, 0x00, 0x00, 0x00, 0x00, 0x00, 0x00, 0x00, 0x00, 0x00, 0x01, 0x01, 0x01,
  0x02, 0x27, 0x2A, 0x2A, 0x2A, 0x2A, 0x2A, 0x2A, 0x2A, 0x2A, 0x2A, 0x2A, 0x2A, 0x2A, 0x2A, 0x2A,
  0x27, 0x27, 0x27, 0x2A, 0x2A, 0x1F, 0x20, 0x20, 0x20, 0x20, 0x20, 0x21, 0x21, 0x21, 0x36, 0x22,
  0x36, 0x36, 0x36, 0x36, 0x36, 0x37, 0x37, 0x37, 0x3A, 0x3A, 0x33, 0x19, 0x1C, 0x16, 0x1C, 0x16,
  0x1C, 0x19, 0x3B, 0x10, 0x3C, 0x16, 0x1C, 0x1C, 0x1C, 0x1C, 0x1C, 0x1C, 0x1C, 0x1C, 0x1C, 0x1C,
  0x1C, 0x1C, 0x1C, 0x1C, 0x1C, 0x1C, 0x1C, 0x1C, 0x1C, 0x1C, 0x1C, 0x1C, 0x1C, 0x1C, 0x1C, 0x1C,
  0x1C, 0x1C, 0x1C, 0x1C, 0x1C, 0x1C, 0x1C, 0x1C, 0x1C, 0x1C, 0x1C, 0x1C, 0x1C, 0x1C, 0x1C, 0x1C,
  0x1C, 0x1C, 0x1C, 0x1C, 0x1C, 0x1C, 0x1C, 0x1C, 0x1C, 0x1C, 0x1C, 0x1C, 0x1C, 0x1C, 0x1C, 0x1C,
  0x1C, 0x1C, 0x1C, 0x1C, 0x1C, 0x1C, 0x1C, 0x1C, 0x1C, 0x1C, 0x1C, 0x1C, 0x1C, 0x1C, 0x1C, 0x1C,
  0x1C, 0x1C, 0x1C, 0x1C, 0x1C, 0x1C, 0x1C, 0x1C, 0x1C, 0x1C, 0x1C, 0x1C, 0x1C, 0x1C, 0x1C, 0x1C,
  0x1C, 0x1C, 0x1C, 0x19, 0x1C, 0x1C, 0x19, 0x0C, 0x06, 0x00, 0x00, 0x00, 0x00, 0x00, 0x00, 0x00,
  0x00, 0x00, 0x00, 0x00, 0x00, 0x01, 0x01, 0x01, 0x02, 0x27, 0x2A, 0x2A, 0x2A, 0x2A, 0x2A, 0x2A,
  0x2A, 0x2A, 0x2A, 0x2A, 0x2A, 0x2A, 0x2A, 0x2A, 0x27, 0x27, 0x2A, 0x27, 0x27, 0x28, 0x1F, 0x20,
  0x20, 0x20, 0x21, 0x21, 0x36, 0x36, 0x36, 0x36, 0x36, 0x36, 0x36, 0x36, 0x36, 0x23, 0x37, 0x37,
  0x34, 0x2C, 0x1B, 0x19, 0x3D, 0x3C, 0x3C, 0x3C, 0x1C, 0x19, 0x3B, 0x19, 0x1C, 0x1C, 0x3C, 0x3C,
  0x19, 0x1C, 0x1C, 0x1C, 0x1C, 0x1C, 0x3C, 0x1C, 0x1C, 0x1C, 0x1C, 0x1C, 0x1C, 0x1C, 0x1C, 0x1C,
  0x1C, 0x1C, 0x1C, 0x1C, 0x1C, 0x1C, 0x1C, 0x1C, 0x1C, 0x1C, 0x1C, 0x1C, 0x1C, 0x1C, 0x1C, 0x1C,
  0x1C, 0x1C, 0x1C, 0x1C, 0x1C, 0x1C, 0x1C, 0x1C, 0x1C, 0x1C, 0x1C, 0x1C, 0x1C, 0x1C, 0x1C, 0x1C,
  0x1C, 0x1C, 0x1C, 0x1C, 0x1C, 0x1C, 0x1C, 0x1C, 0x1C, 0x1C, 0x1C, 0x1C, 0x1C, 0x1C, 0x1C, 0x1C,
  0x1C, 0x1C, 0x1C, 0x1C, 0x1C, 0x1C, 0x1C, 0x1C, 0x1C, 0x1C, 0x1C, 0x1C, 0x1C, 0x1C, 0x1C, 0x1C,
  0x1C, 0x1C, 0x1C, 0x1C, 0x1C, 0x1C, 0x1C, 0x1C, 0x1C, 0x1C, 0x1C, 0x19, 0x1C, 0x3C, 0x19, 0x0C,
  0x06, 0x00, 0x00, 0x00, 0x00, 0x00, 0x00, 0x00, 0x00, 0x00, 0x00, 0x00, 0x00, 0x01, 0x01, 0x01,
  0x02, 0x27, 0x2A, 0x2A, 0x2A, 0x2A, 0x2A, 0x2A, 0x2A, 0x2A, 0x2A, 0x2A, 0x2A, 0x2A, 0x2A, 0x27,
  0x27, 0x27, 0x27, 0x27, 0x27, 0x2A, 0x1F, 0x20, 0x20, 0x20, 0x12, 0x12, 0x21, 0x36, 0x36, 0x36,
  0x36, 0x21, 0x36, 0x36, 0x36, 0x23, 0x37, 0x3A, 0x32, 0x1B, 0x19, 0x19, 0x3C, 0x3C, 0x3C, 0x3C,
  0x31, 0x10, 0x3B, 0x1B, 0x3C, 0x1C, 0x3C, 0x3C, 0x3C, 0x3C, 0x3C, 0x1C, 0x3C, 0x3C, 0x19, 0x3C,
  0x3C, 0x3C, 0x3C, 0x3C, 0x3C, 0x3C, 0x3C, 0x3C, 0x3C, 0x3C, 0x3C, 0x3C, 0x3C, 0x3C, 0x1C, 0x1C,
  0x1C, 0x3C, 0x3C, 0x3C, 0x3C, 0x3C, 0x3C, 0x3C, 0x3C, 0x3C, 0x3C, 0x3C, 0x3C, 0x1C, 0x1C, 0x1C,
  0x3C, 0x3C, 0x3C, 0x3C, 0x3C, 0x3C, 0x3C, 0x3C, 0x3C, 0x1C, 0x1C, 0x1C, 0x1C, 0x1C, 0x1C, 0x3C,
  0x3C, 0x3C, 0x1C, 0x1C, 0x1C, 0x1C, 0x1C, 0x1C, 0x1C, 0x1C, 0x1C, 0x1C, 0x3C, 0x1C, 0x1C, 0x3C,
  0x1C, 0x1C, 0x1C, 0x1C, 0x1C, 0x1C, 0x1C, 0x1C, 0x1C, 0x1C, 0x1C, 0x1C, 0x1C, 0x3C, 0x3C, 0x3C,
  0x1C, 0x1C, 0x3C, 0x3C, 0x3C, 0x3C, 0x19, 0x0C, 0x06, 0x00, 0x00, 0x00, 0x00, 0x00, 0x00, 0x00,
  0x00, 0x00, 0x00, 0x00, 0x00, 0x01, 0x01, 0x01, 0x02, 0x27, 0x2A, 0x2A, 0x2A, 0x2A, 0x2A, 0x2A,
  0x2A, 0x2A, 0x27, 0x27, 0x27, 0x2A, 0x2A, 0x2A, 0x27, 0x27, 0x2A, 0x2A, 0x27, 0x1F, 0x20, 0x20,
  0x20, 0x21, 0x12, 0x21, 0x21, 0x21, 0x12, 0x12, 0x36, 0x36, 0x21, 0x12, 0x36, 0x37, 0x3A, 0x2C,
  0x19, 0x19, 0x19, 0x19, 0x3C, 0x31, 0x3C, 0x3C, 0x3E, 0x3B, 0x3B, 0x1B, 0x31, 0x19, 0x3C, 0x3C,
  0x1C, 0x19, 0x13, 0x1B, 0x3C, 0x3F, 0x19, 0x19, 0x3C, 0x3C, 0x3C, 0x3C, 0x3C, 0x3C, 0x3C, 0x3C,
  0x3C, 0x3C, 0x3C, 0x3C, 0x3D, 0x3D, 0x3C, 0x3C, 0x3C, 0x3C, 0x3C, 0x3C, 0x3C, 0x3C, 0x3C, 0x3C,
  0x3C, 0x3C, 0x3C, 0x3C, 0x3C, 0x3C, 0x3C, 0x3C, 0x3C, 0x3C, 0x3C, 0x3C, 0x3C, 0x3C, 0x3C, 0x3C,
  0x3C, 0x3C, 0x3C, 0x3C, 0x3C, 0x3C, 0x3C, 0x3C, 0x3C, 0x3C, 0x3C, 0x3C, 0x3C, 0x3C, 0x3C, 0x3C,
  0x3C, 0x3C, 0x3C, 0x3C, 0x3C, 0x3C, 0x3C, 0x3C, 0x3C, 0x3C, 0x3C, 0x3C, 0x3C, 0x3C, 0x3C, 0x3C,
  0x3C, 0x3C, 0x3C, 0x3C, 0x3C, 0x3C, 0x3C, 0x3C, 0x3C, 0x3C, 0x3C, 0x3C, 0x3C, 0x3C, 0x1B, 0x0C,
  0x06, 0x00, 0x00, 0x00, 0x00, 0x00, 0x00, 0x00, 0x00, 0x00, 0x00, 0x00, 0x00, 0x01, 0x01, 0x01,
  0x02, 0x27, 0x2A, 0x2A, 0x2A, 0x2A, 0x2A, 0x2A, 0x27, 0x27, 0x27, 0x27, 0x27, 0x2A, 0x2A, 0x2A,
  0x27, 0x27, 0x27, 0x27, 0x2E, 0x20, 0x20, 0x20, 0x20, 0x21, 0x21, 0x21, 0x21, 0x21, 0x21, 0x12,
  0x12, 0x12, 0x40, 0x41, 0x42, 0x23, 0x2C, 0x3E, 0x3C, 0x31, 0x3C, 0x3D, 0x31, 0x31, 0x3F, 0x3F,
  0x3E, 0x3B, 0x10, 0x31, 0x3E, 0x3D, 0x1C, 0x31, 0x1B, 0x3B, 0x43, 0x3B, 0x1B, 0x3F, 0x3D, 0x3C,
  0x3D, 0x3D, 0x3D, 0x3D, 0x3D, 0x3D, 0x3D, 0x3D, 0x3D, 0x3D, 0x3D, 0x3D, 0x3D, 0x3D, 0x3D, 0x3D,
  0x3D, 0x3D, 0x3D, 0x3D, 0x3D, 0x3D, 0x3D, 0x3D, 0x3D, 0x3D, 0x3D, 0x3D, 0x3D, 0x3D, 0x3D, 0x3D,
  0x31, 0x3D, 0x3C, 0x3D, 0x3D, 0x3D, 0x3D, 0x3D, 0x3D, 0x3D, 0x3D, 0x3D, 0x3D, 0x3D, 0x3D, 0x3D,
  0x3D, 0x3D, 0x3D, 0x3D, 0x3D, 0x3D, 0x3D, 0x3D, 0x3D, 0x3D, 0x3D, 0x3D, 0x3D, 0x3D, 0x3D, 0x3D,
  0x3D, 0x31, 0x31, 0x31, 0x3D, 0x3D, 0x3D, 0x3D, 0x3D, 0x3D, 0x3D, 0x3D, 0x3D, 0x3D, 0x3D, 0x3D,
  0x3C, 0x3C, 0x3D, 0x3C, 0x3D, 0x3C, 0x1B, 0x0C, 0x06, 0x00, 0x00, 0x00, 0x00, 0x00, 0x00, 0x00,
  0x00, 0x00, 0x00, 0x00, 0x00, 0x01, 0x01, 0x01, 0x02, 0x27, 0x2A, 0x27, 0x2A, 0x2A, 0x2A, 0x27,
  0x27, 0x2A, 0x2A, 0x2A, 0x2A, 0x2A, 0x2A, 0x2A, 0x27, 0x27, 0x27, 0x28, 0x1F, 0x20, 0x20, 0x21,
  0x21, 0x21, 0x21, 0x21, 0x21, 0x21, 0x21, 0x12, 0x12, 0x42, 0x44, 0x45, 0x45, 0x13, 0x1B, 0x3C,
  0x3D, 0x3F, 0x3F, 0x3D, 0x31, 0x31, 0x3F, 0x39, 0x1B, 0x3B, 0x13, 0x31, 0x3E, 0x3D, 0x1C, 0x1B,
  0x3B, 0x43, 0x45, 0x46, 0x13, 0x31, 0x3C, 0x3F, 0x3D, 0x3D, 0x3D, 0x3D, 0x3D, 0x3D, 0x3D, 0x3D,
  0x3D, 0x3D, 0x3D, 0x3F, 0x3F, 0x3F, 0x3F, 0x3F, 0x3F, 0x3D, 0x3D, 0x3D, 0x3D, 0x3D, 0x3D, 0x3D,
  0x3D, 0x3D, 0x3D, 0x3D, 0x3D, 0x3D, 0x3D, 0x3D, 0x31, 0x3D, 0x3D, 0x3D, 0x3D, 0x3D, 0x31, 0x31,
  0x31, 0x3E, 0x3E, 0x3E, 0x3E, 0x3E, 0x3E, 0x31, 0x31, 0x31, 0x3E, 0x3E, 0x3E, 0x3E, 0x3E, 0x3E,
  0x3E, 0x3E, 0x3E, 0x3F, 0x3F, 0x3F, 0x3F, 0x3F, 0x3E, 0x3E, 0x3E, 0x3E, 0x3E, 0x3E, 0x3E, 0x3E,
  0x3E, 0x3E, 0x3E, 0x3E, 0x31, 0x3D, 0x3D, 0x3D, 0x3C, 0x3C, 0x3D, 0x3C, 0x3D, 0x3C, 0x1B, 0x0C,
  0x06, 0x00, 0x00, 0x00, 0x00, 0x00, 0x00, 0x00, 0x00, 0x00, 0x00, 0x00, 0x00, 0x01, 0x06, 0x01,
  0x02, 0x27, 0x2A, 0x27, 0x27, 0x2A, 0x27, 0x27, 0x2A, 0x2E, 0x2E, 0x2A, 0x27, 0x27, 0x27, 0x27,
  0x27, 0x28, 0x28, 0x28, 0x2B, 0x20, 0x21, 0x36, 0x36, 0x36, 0x21, 0x21, 0x21, 0x21, 0x21, 0x12,
  0x22, 0x43, 0x47, 0x48, 0x49, 0x46, 0x13, 0x31, 0x3F, 0x3F, 0x3F, 0x31, 0x1B, 0x13, 0x10, 0x30,
  0x13, 0x3B, 0x13, 0x31, 0x3E, 0x3D, 0x3E, 0x13, 0x43, 0x4A, 0x4B, 0x4C, 0x46, 0x1B, 0x3C, 0x3F,
  0x3F, 0x3F, 0x3F, 0x3F, 0x3F, 0x3F, 0x3F, 0x3F, 0x3F, 0x3D, 0x3F, 0x3F, 0x3F, 0x3F, 0x3F, 0x3F,
  0x3F, 0x3F, 0x3F, 0x3F, 0x3D, 0x3D, 0x3D, 0x3F, 0x3F, 0x3F, 0x3D, 0x3D, 0x3D, 0x3E, 0x3E, 0x3E,
  0x31, 0x31, 0x31, 0x31, 0x31, 0x31, 0x3E, 0x3E, 0x3E, 0x3E, 0x3E, 0x3E, 0x3E, 0x3E, 0x3E, 0x3E,
  0x3E, 0x3E, 0x3E, 0x3E, 0x3E, 0x3E, 0x3E, 0x3E, 0x3E, 0x3E, 0x3E, 0x3F, 0x3F, 0x3F, 0x3F, 0x3F,
  0x3F, 0x3E, 0x3E, 0x3E, 0x3E, 0x3E, 0x3E, 0x3E, 0x3E, 0x3E, 0x3E, 0x3E, 0x3E, 0x31, 0x31, 0x31,
  0x31, 0x31, 0x3F, 0x3D, 0x3D, 0x3C, 0x1B, 0x0C, 0x06, 0x00, 0x00, 0x00, 0x00, 0x00, 0x00, 0x00,
  0x00, 0x00, 0x00, 0x00, 0x00, 0x01, 0x06, 0x01, 0x02, 0x27, 0x2A, 0x27, 0x27, 0x27, 0x27, 0x27,
  0x2E, 0x4D, 0x1F, 0x28, 0x28, 0x28, 0x28, 0x1F, 0x1F, 0x2B, 0x20, 0x20, 0x21, 0x21, 0x21, 0x36,
  0x36, 0x36, 0x21, 0x21, 0x21, 0x21, 0x36, 0x21, 0x40, 0x44, 0x4E, 0x4F, 0x48, 0x45, 0x13, 0x1B,
  0x31, 0x3F, 0x39, 0x31, 0x19, 0x26, 0x0D, 0x13, 0x1A, 0x46, 0x1B, 0x3E, 0x31, 0x3C, 0x1B, 0x3B,
  0x44, 0x50, 0x4B, 0x48, 0x46, 0x13, 0x3E, 0x3F, 0x3F, 0x3F, 0x3F, 0x3F, 0x3F, 0x3F, 0x3F, 0x3F,
  0x3F, 0x3F, 0x3E, 0x3F, 0x3F, 0x3F, 0x3F, 0x3F, 0x3F, 0x3F, 0x3F, 0x3F, 0x3F, 0x3F, 0x3F, 0x3F,
  0x3F, 0x3F, 0x3F, 0x3F, 0x3F, 0x3E, 0x3E, 0x3E, 0x3E, 0x3E, 0x3E, 0x3E, 0x3E, 0x3E, 0x3E, 0x3E,
  0x3E, 0x3E, 0x3E, 0x3E, 0x3E, 0x3E, 0x3E, 0x3E, 0x3E, 0x3E, 0x3E, 0x3E, 0x3E, 0x3E, 0x3E, 0x3E,
  0x3E, 0x3E, 0x3E, 0x3F, 0x3F, 0x3F, 0x3F, 0x3F, 0x3F, 0x3E, 0x3E, 0x3E, 0x3E, 0x3E, 0x3E, 0x3E,
  0x3E, 0x3E, 0x3E, 0x3E, 0x3E, 0x3E, 0x3E, 0x3E, 0x3E, 0x31, 0x3F, 0x31, 0x3F, 0x3D, 0x1B, 0x0C,
  0x06, 0x00, 0x00, 0x00, 0x00, 0x00, 0x00, 0x00, 0x00, 0x00, 0x00, 0x00, 0x00, 0x00, 0x00, 0x00,
  0x02, 0x2A, 0x27, 0x2A, 0x27, 0x2A, 0x27, 0x27, 0x1F, 0x1F, 0x2B, 0x20, 0x20, 0x2B, 0x20, 0x20,
  0x51, 0x12, 0x36, 0x36, 0x52, 0x38, 0x52, 0x36, 0x36, 0x52, 0x36, 0x36, 0x21, 0x36, 0x52, 0x22,
  0x46, 0x44, 0x50, 0x53, 0x4B, 0x4C, 0x46, 0x1B, 0x3E, 0x39, 0x3F, 0x39, 0x13, 0x24, 0x12, 0x13,
  0x1A, 0x1A, 0x13, 0x3E, 0x31, 0x3C, 0x13, 0x43, 0x4E, 0x54, 0x48, 0x48, 0x55, 0x13, 0x30, 0x39,
  0x39, 0x39, 0x3F, 0x3F, 0x3F, 0x3E, 0x3E, 0x31, 0x31, 0x3F, 0x3F, 0x3F, 0x3F, 0x3E, 0x39, 0x3F,
  0x3F, 0x3F, 0x3E, 0x3F, 0x3F, 0x3F, 0x3F, 0x39, 0x39, 0x3F, 0x3F, 0x3F, 0x39, 0x3E, 0x39, 0x39,
  0x3E, 0x3F, 0x3E, 0x3E, 0x3E, 0x3E, 0x3E, 0x3E, 0x3E, 0x3E, 0x3E, 0x3E, 0x3E, 0x3E, 0x3E, 0x3E,
  0x3E, 0x3E, 0x3E, 0x3E, 0x3E, 0x3E, 0x3E, 0x3E, 0x3E, 0x3E, 0x3E, 0x3F, 0x3F, 0x3F, 0x3F, 0x3F,
  0x3F, 0x3E, 0x3E, 0x3E, 0x3E, 0x3E, 0x3E, 0x3E, 0x3E, 0x3E, 0x3E, 0x3E, 0x3E, 0x3E, 0x3E, 0x3E,
  0x39, 0x39, 0x39, 0x31, 0x3F, 0x3F, 0x1B, 0x0C, 0x06, 0x00, 0x01, 0x00, 0x00, 0x00, 0x00, 0x00,
  0x00, 0x00, 0x00, 0x00, 0x00, 0x00, 0x00, 0x00, 0x02, 0x2A, 0x27, 0x2A, 0x27, 0x2A, 0x27, 0x28,
  0x1F, 0x2B, 0x20, 0x20, 0x20, 0x20, 0x20, 0x21, 0x21, 0x36, 0x37, 0x37, 0x37, 0x37, 0x37, 0x37,
  0x37, 0x37, 0x3A, 0x37, 0x36, 0x52, 0x38, 0x22, 0x55, 0x47, 0x56, 0x57, 0x53, 0x48, 0x46, 0x13,
  0x58, 0x58, 0x58, 0x30, 0x13, 0x22, 0x07, 0x41, 0x41, 0x24, 0x13, 0x3E, 0x39, 0x1B, 0x3B, 0x44,
  0x50, 0x48, 0x53, 0x4B, 0x45, 0x13, 0x30, 0x3F, 0x39, 0x39, 0x39, 0x39, 0x39, 0x58, 0x39, 0x3E,
  0x3F, 0x58, 0x3F, 0x3F, 0x31, 0x19, 0x19, 0x1B, 0x3F, 0x39, 0x58, 0x58, 0x58, 0x58, 0x3F, 0x39,
  0x39, 0x39, 0x58, 0x39, 0x39, 0x3E, 0x39, 0x39, 0x39, 0x39, 0x39, 0x39, 0x39, 0x39, 0x39, 0x39,
  0x39, 0x39, 0x39, 0x39, 0x39, 0x39, 0x39, 0x39, 0x39, 0x39, 0x39, 0x39, 0x39, 0x39, 0x39, 0x39,
  0x39, 0x39, 0x39, 0x39, 0x39, 0x39, 0x39, 0x39, 0x39, 0x39, 0x39, 0x39, 0x39, 0x39, 0x39, 0x39,
  0x39, 0x39, 0x39, 0x39, 0x39, 0x39, 0x39, 0x39, 0x58, 0x58, 0x58, 0x1B, 0x58, 0x3F, 0x1B, 0x0C,
  0x06, 0x05, 0x01, 0x01, 0x00, 0x00, 0x00, 0x00, 0x00, 0x00, 0x00, 0x00, 0x00, 0x00, 0x01, 0x01,
  0x02, 0x2E, 0x27, 0x27, 0x2A, 0x2A, 0x27, 0x1F, 0x2B, 0x20, 0x2B, 0x20, 0x20, 0x20, 0x51, 0x21,
  0x21, 0x52, 0x37, 0x37, 0x3A, 0x3A, 0x37, 0x34, 0x2C, 0x2C, 0x32, 0x34, 0x37, 0x3A, 0x38, 0x24,
  0x43, 0x4A, 0x54, 0x57, 0x53, 0x48, 0x45, 0x13, 0x30, 0x58, 0x58, 0x30, 0x13, 0x0C, 0x4D, 0x2D,
  0x59, 0x5A, 0x1A, 0x1B, 0x58, 0x1B, 0x43, 0x5B, 0x5C, 0x48, 0x57, 0x4B, 0x45, 0x13, 0x30, 0x39,
  0x58, 0x58, 0x58, 0x58, 0x58, 0x58, 0x58, 0x58, 0x30, 0x30, 0x1B, 0x1B, 0x25, 0x25, 0x25, 0x1B,
  0x1B, 0x1B, 0x1B, 0x30, 0x58, 0x58, 0x58, 0x58, 0x58, 0x58, 0x58, 0x58, 0x39, 0x58, 0x58, 0x58,
  0x58, 0x39, 0x39, 0x58, 0x58, 0x58, 0x58, 0x58, 0x58, 0x58, 0x58, 0x58, 0x58, 0x58, 0x58, 0x58,
  0x58, 0x58, 0x58, 0x58, 0x58, 0x58, 0x58, 0x58, 0x58, 0x58, 0x58, 0x58, 0x58, 0x58, 0x58, 0x58,
  0x58, 0x58, 0x58, 0x58, 0x58, 0x58, 0x58, 0x58, 0x58, 0x58, 0x58, 0x58, 0x58, 0x58, 0x58, 0x58,
  0x58, 0x58, 0x58, 0x58, 0x58, 0x3F, 0x1B, 0x0C, 0x06, 0x05, 0x01, 0x01, 0x00, 0x00, 0x00, 0x00,
  0x00, 0x00, 0x00, 0x00, 0x00, 0x01, 0x01, 0x01, 0x02, 0x2E, 0x27, 0x27, 0x2A, 0x27, 0x28, 0x1F,
  0x20, 0x20, 0x20, 0x20, 0x20, 0x5D, 0x21, 0x21, 0x36, 0x38, 0x37, 0x3A, 0x33, 0x2C, 0x5E, 0x32,
  0x30, 0x58, 0x3F, 0x58, 0x32, 0x5F, 0x33, 0x1A, 0x44, 0x60, 0x54, 0x61, 0x53, 0x57, 0x45, 0x3B,
  0x30, 0x58, 0x58, 0x31, 0x26, 0x1F, 0x62, 0x62, 0x63, 0x64, 0x42, 0x13, 0x30, 0x13, 0x43, 0x4E,
  0x5C, 0x57, 0x57, 0x4B, 0x45, 0x13, 0x30, 0x39, 0x58, 0x58, 0x58, 0x58, 0x58, 0x58, 0x58, 0x30,
  0x30, 0x1B, 0x26, 0x22, 0x20, 0x1F, 0x2B, 0x22, 0x0D, 0x25, 0x26, 0x26, 0x25, 0x26, 0x26, 0x1B,
  0x58, 0x58, 0x58, 0x58, 0x58, 0x58, 0x58, 0x58, 0x58, 0x58, 0x39, 0x58, 0x58, 0x58, 0x58, 0x58,
  0x58, 0x58, 0x58, 0x58, 0x58, 0x58, 0x58, 0x58, 0x58, 0x58, 0x58, 0x58, 0x58, 0x58, 0x58, 0x58,
  0x58, 0x58, 0x58, 0x58, 0x58, 0x58, 0x58, 0x58, 0x58, 0x58, 0x58, 0x58, 0x58, 0x58, 0x58, 0x58,
  0x58, 0x58, 0x58, 0x58, 0x58, 0x58, 0x58, 0x58, 0x58, 0x58, 0x58, 0x39, 0x58, 0x58, 0x1B, 0x0C,
  0x06, 0x00, 0x01, 0x01, 0x00, 0x00, 0x00, 0x00, 0x00, 0x00, 0x00, 0x00, 0x00, 0x01, 0x01, 0x04,
  0x02, 0x1F, 0x1F, 0x28, 0x27, 0x27, 0x1F, 0x1F, 0x2B, 0x20, 0x20, 0x20, 0x20, 0x5D, 0x21, 0x21,
  0x36, 0x52, 0x38, 0x37, 0x33, 0x32, 0x30, 0x3E, 0x3E, 0x39, 0x3F, 0x3F, 0x31, 0x3E, 0x30, 0x3B,
  0x44, 0x4E, 0x54, 0x54, 0x53, 0x57, 0x65, 0x46, 0x1B, 0x58, 0x66, 0x19, 0x0D, 0x2A, 0x4D, 0x01,
  0x49, 0x05, 0x67, 0x13, 0x26, 0x3B, 0x43, 0x4E, 0x54, 0x61, 0x48, 0x4B, 0x45, 0x13, 0x30, 0x58,
  0x58, 0x58, 0x58, 0x58, 0x58, 0x58, 0x32, 0x33, 0x23, 0x22, 0x51, 0x28, 0x2A, 0x2A, 0x2A, 0x27,
  0x1F, 0x12, 0x12, 0x12, 0x21, 0x51, 0x23, 0x25, 0x26, 0x1B, 0x1B, 0x1B, 0x58, 0x58, 0x58, 0x30,
  0x58, 0x58, 0x58, 0x58, 0x58, 0x58, 0x58, 0x58, 0x58, 0x58, 0x58, 0x58, 0x58, 0x58, 0x58, 0x58,
  0x58, 0x58, 0x58, 0x58, 0x58, 0x58, 0x58, 0x58, 0x58, 0x58, 0x58, 0x58, 0x58, 0x58, 0x58, 0x58,
  0x58, 0x58, 0x58, 0x58, 0x58, 0x58, 0x58, 0x58, 0x58, 0x58, 0x58, 0x58, 0x58, 0x58, 0x58, 0x58,
  0x58, 0x58, 0x58, 0x58, 0x58, 0x58, 0x1B, 0x0C, 0x06, 0x00, 0x00, 0x00, 0x00, 0x00, 0x00, 0x00,
  0x00, 0x00, 0x00, 0x00, 0x00, 0x00, 0x01, 0x04, 0x1E, 0x07, 0x2B, 0x28, 0x27, 0x27, 0x1F, 0x1F,
  0x2B, 0x20, 0x20, 0x20, 0x20, 0x21, 0x21, 0x21, 0x36, 0x36, 0x52, 0x38, 0x3A, 0x32, 0x31, 0x31,
  0x39, 0x58, 0x39, 0x58, 0x30, 0x39, 0x30, 0x3B, 0x44, 0x4E, 0x54, 0x48, 0x48, 0x57, 0x65, 0x46,
  0x1B, 0x58, 0x66, 0x13, 0x22, 0x2A, 0x2A, 0x68, 0x65, 0x68, 0x2E, 0x1A, 0x26, 0x3B, 0x43, 0x69,
  0x54, 0x61, 0x54, 0x48, 0x45, 0x26, 0x66, 0x58, 0x30, 0x30, 0x30, 0x30, 0x30, 0x58, 0x34, 0x6A,
  0x6B, 0x28, 0x27, 0x27, 0x2A, 0x2A, 0x2A, 0x2A, 0x27, 0x27, 0x27, 0x27, 0x2A, 0x27, 0x27, 0x20,
  0x22, 0x23, 0x23, 0x2F, 0x26, 0x1B, 0x58, 0x30, 0x66, 0x66, 0x66, 0x30, 0x30, 0x30, 0x30, 0x30,
  0x30, 0x30, 0x30, 0x30, 0x30, 0x30, 0x30, 0x30, 0x30, 0x30, 0x30, 0x30, 0x30, 0x30, 0x30, 0x30,
  0x30, 0x30, 0x30, 0x30, 0x30, 0x30, 0x30, 0x30, 0x30, 0x30, 0x30, 0x30, 0x30, 0x30, 0x30, 0x30,
  0x30, 0x30, 0x30, 0x30, 0x30, 0x30, 0x30, 0x30, 0x30, 0x30, 0x30, 0x58, 0x58, 0x58, 0x1B, 0x0C,
  0x06, 0x00, 0x00, 0x00, 0x00, 0x00, 0x00, 0x00, 0x00, 0x00, 0x00, 0x00, 0x00, 0x00, 0x00, 0x00,
  0x2D, 0x20, 0x20, 0x1F, 0x28, 0x28, 0x28, 0x1F, 0x2B, 0x20, 0x20, 0x20, 0x5D, 0x5D, 0x21, 0x36,
  0x36, 0x36, 0x36, 0x52, 0x37, 0x33, 0x2C, 0x32, 0x30, 0x58, 0x58, 0x39, 0x58, 0x58, 0x30, 0x3B,
  0x43, 0x4E, 0x54, 0x53, 0x53, 0x4F, 0x4C, 0x46, 0x26, 0x30, 0x1B, 0x26, 0x4D, 0x2E, 0x2A, 0x68,
  0x5A, 0x68, 0x2A, 0x42, 0x13, 0x3B, 0x43, 0x69, 0x5C, 0x6C, 0x48, 0x54, 0x46, 0x1B, 0x5F, 0x66,
  0x66, 0x30, 0x30, 0x66, 0x5F, 0x58, 0x34, 0x6B, 0x1F, 0x28, 0x2A, 0x27, 0x2A, 0x2A, 0x2A, 0x27,
  0x27, 0x27, 0x27, 0x27, 0x27, 0x2A, 0x27, 0x27, 0x27, 0x28, 0x28, 0x28, 0x20, 0x22, 0x25, 0x26,
  0x30, 0x6D, 0x66, 0x66, 0x66, 0x66, 0x66, 0x66, 0x66, 0x66, 0x66, 0x66, 0x66, 0x66, 0x66, 0x5F,
  0x5F, 0x5F, 0x66, 0x66, 0x66, 0x66, 0x66, 0x66, 0x66, 0x66, 0x66, 0x66, 0x66, 0x66, 0x66, 0x66,
  0x66, 0x66, 0x66, 0x66, 0x66, 0x66, 0x66, 0x66, 0x66, 0x66, 0x66, 0x66, 0x66, 0x66, 0x66, 0x66,
  0x66, 0x66, 0x66, 0x66, 0x66, 0x66, 0x30, 0x0C, 0x06, 0x00, 0x00, 0x00, 0x00, 0x00, 0x00, 0x00,
  0x00, 0x00, 0x00, 0x00, 0x00, 0x00, 0x00, 0x01, 0x2D, 0x12, 0x21, 0x20, 0x2B, 0x1F, 0x28, 0x1F,
  0x2B, 0x2B, 0x20, 0x5D, 0x21, 0x21, 0x21, 0x52, 0x52, 0x36, 0x36, 0x36, 0x36, 0x37, 0x33, 0x30,
  0x58, 0x30, 0x30, 0x58, 0x58, 0x39, 0x30, 0x13, 0x43, 0x69, 0x54, 0x4B, 0x4B, 0x48, 0x56, 0x46,
  0x26, 0x66, 0x31, 0x0D, 0x4D, 0x68, 0x2A, 0x2E, 0x27, 0x2E, 0x27, 0x0E, 0x13, 0x43, 0x43, 0x6E,
  0x60, 0x48, 0x48, 0x45, 0x13, 0x6F, 0x5F, 0x66, 0x66, 0x66, 0x66, 0x5F, 0x5F, 0x30, 0x2F, 0x1F,
  0x27, 0x27, 0x2A, 0x2A, 0x2A, 0x2A, 0x2A, 0x2A, 0x2A, 0x2A, 0x2A, 0x2A, 0x2A, 0x2A, 0x2A, 0x2A,
  0x2A, 0x27, 0x2A, 0x2A, 0x27, 0x27, 0x1F, 0x22, 0x26, 0x1B, 0x66, 0x5F, 0x66, 0x66, 0x66, 0x66,
  0x66, 0x66, 0x66, 0x66, 0x66, 0x66, 0x66, 0x66, 0x66, 0x66, 0x66, 0x66, 0x66, 0x66, 0x66, 0x66,
  0x66, 0x66, 0x66, 0x66, 0x66, 0x66, 0x66, 0x66, 0x66, 0x66, 0x66, 0x66, 0x66, 0x66, 0x66, 0x66,
  0x66, 0x66, 0x66, 0x66, 0x66, 0x66, 0x66, 0x66, 0x66, 0x66, 0x5F, 0x5F, 0x66, 0x66, 0x26, 0x70,
  0x06, 0x00, 0x00, 0x00, 0x00, 0x00, 0x00, 0x00, 0x00, 0x00, 0x00, 0x00, 0x00, 0x00, 0x00, 0x01,
  0x1E, 0x51, 0x51, 0x51, 0x2B, 0x2B, 0x1F, 0x1F, 0x2B, 0x6B, 0x51, 0x21, 0x21, 0x21, 0x71, 0x36,
  0x52, 0x36, 0x36, 0x36, 0x36, 0x37, 0x30, 0x30, 0x30, 0x30, 0x30, 0x58, 0x58, 0x58, 0x30, 0x13,
  0x43, 0x5B, 0x50, 0x48, 0x53, 0x48, 0x4C, 0x46, 0x1B, 0x6D, 0x1B, 0x0D, 0x08, 0x68, 0x2A, 0x27,
  0x27, 0x27, 0x2A, 0x42, 0x26, 0x3B, 0x44, 0x4E, 0x50, 0x48, 0x4C, 0x46, 0x26, 0x6D, 0x58, 0x66,
  0x5F, 0x5F, 0x5F, 0x6D, 0x66, 0x30, 0x24, 0x1F, 0x27, 0x27, 0x2A, 0x2A, 0x2A, 0x2A, 0x2A, 0x2A,
  0x2A, 0x2A, 0x2A, 0x2A, 0x2A, 0x2A, 0x2A, 0x27, 0x27, 0x27, 0x27, 0x27, 0x2A, 0x2A, 0x27, 0x28,
  0x70, 0x24, 0x26, 0x30, 0x5F, 0x66, 0x66, 0x66, 0x5F, 0x5F, 0x6D, 0x6D, 0x6D, 0x6D, 0x6D, 0x5F,
  0x5F, 0x5F, 0x5F, 0x5F, 0x5F, 0x5F, 0x5F, 0x5F, 0x5F, 0x5F, 0x5F, 0x5F, 0x5F, 0x5F, 0x5F, 0x5F,
  0x5F, 0x5F, 0x5F, 0x5F, 0x5F, 0x5F, 0x5F, 0x5F, 0x5F, 0x5F, 0x5F, 0x5F, 0x5F, 0x5F, 0x5F, 0x5F,
  0x5F, 0x5F, 0x5F, 0x5F, 0x5F, 0x5F, 0x26, 0x70, 0x06, 0x00, 0x00, 0x00, 0x00, 0x00, 0x00, 0x00,
  0x00, 0x00, 0x00, 0x00, 0x00, 0x00, 0x00, 0x01, 0x1E, 0x6B, 0x5D, 0x51, 0x51, 0x5D, 0x6B, 0x6B,
  0x6B, 0x5D, 0x21, 0x21, 0x36, 0x6A, 0x6A, 0x36, 0x36, 0x36, 0x36, 0x36, 0x37, 0x33, 0x30, 0x30,
  0x30, 0x30, 0x30, 0x58, 0x58, 0x30, 0x30, 0x26, 0x43, 0x5B, 0x4A, 0x56, 0x48, 0x48, 0x50, 0x43,
  0x13, 0x26, 0x1A, 0x46, 0x49, 0x72, 0x49, 0x72, 0x72, 0x59, 0x73, 0x46, 0x13, 0x43, 0x74, 0x4E,
  0x48, 0x56, 0x43, 0x26, 0x6D, 0x6D, 0x66, 0x6D, 0x6D, 0x6D, 0x6D, 0x5F, 0x66, 0x25, 0x20, 0x28,
  0x27, 0x27, 0x2A, 0x2A, 0x27, 0x27, 0x2A, 0x2A, 0x2A, 0x2A, 0x2A, 0x2A, 0x2A, 0x2A, 0x2A, 0x2A,
  0x27, 0x27, 0x27, 0x2A, 0x2A, 0x2A, 0x27, 0x2E, 0x27, 0x27, 0x22, 0x26, 0x1B, 0x30, 0x6D, 0x5F,
  0x5F, 0x6D, 0x6D, 0x6D, 0x6D, 0x6D, 0x6D, 0x5F, 0x5F, 0x5F, 0x5F, 0x5F, 0x5F, 0x5F, 0x5F, 0x5F,
  0x5F, 0x5F, 0x5F, 0x5F, 0x5F, 0x5F, 0x5F, 0x5F, 0x5F, 0x5F, 0x5F, 0x5F, 0x5F, 0x5F, 0x5F, 0x5F,
  0x5F, 0x5F, 0x5F, 0x5F, 0x5F, 0x5F, 0x5F, 0x5F, 0x5F, 0x5F, 0x5F, 0x5F, 0x5F, 0x5F, 0x26, 0x70,
  0x06, 0x00, 0x00, 0x00, 0x00, 0x00, 0x00, 0x00, 0x00, 0x00, 0x00, 0x00, 0x00, 0x00, 0x01, 0x01,
  0x2D, 0x5D, 0x5D, 0x71, 0x6A, 0x6A, 0x71, 0x21, 0x21, 0x21, 0x21, 0x21, 0x21, 0x6A, 0x6A, 0x6A,
  0x36, 0x36, 0x36, 0x38, 0x34, 0x32, 0x5F, 0x5F, 0x5F, 0x5F, 0x66, 0x66, 0x66, 0x30, 0x5F, 0x32,
  0x3B, 0x44, 0x5B, 0x75, 0x48, 0x48, 0x60, 0x5B, 0x4C, 0x46, 0x4C, 0x56, 0x4F, 0x5C, 0x54, 0x5C,
  0x5C, 0x5C, 0x5C, 0x4C, 0x46, 0x4A, 0x5B, 0x4E, 0x48, 0x45, 0x55, 0x25, 0x5F, 0x6D, 0x66, 0x6D,
  0x6D, 0x6D, 0x6D, 0x1B, 0x25, 0x36, 0x28, 0x2A, 0x2A, 0x27, 0x2A, 0x27, 0x27, 0x27, 0x2A, 0x2A,
  0x2A, 0x2A, 0x2A, 0x2A, 0x2A, 0x2A, 0x2A, 0x2A, 0x2A, 0x2A, 0x2A, 0x2A, 0x2A, 0x2A, 0x27, 0x27,
  0x27, 0x27, 0x27, 0x20, 0x23, 0x26, 0x32, 0x5F, 0x5F, 0x6D, 0x6D, 0x6D, 0x6D, 0x6D, 0x6D, 0x6D,
  0x6D, 0x6D, 0x6D, 0x6D, 0x6D, 0x6D, 0x6D, 0x6D, 0x6D, 0x6D, 0x6D, 0x6D, 0x6D, 0x6D, 0x6D, 0x6D,
  0x6D, 0x6D, 0x6D, 0x6D, 0x6D, 0x6D, 0x6D, 0x6D, 0x6D, 0x6D, 0x6D, 0x6D, 0x6D, 0x6D, 0x6D, 0x6D,
  0x6D, 0x6D, 0x6D, 0x6D, 0x6D, 0x6D, 0x32, 0x70, 0x06, 0x00, 0x00, 0x00, 0x00, 0x00, 0x00, 0x00,
  0x00, 0x00, 0x00, 0x00, 0x00, 0x01, 0x01, 0x01, 0x2D, 0x6A, 0x52, 0x37, 0x38, 0x52, 0x38, 0x38,
  0x36, 0x6A, 0x71, 0x71, 0x6A, 0x6A, 0x6A, 0x36, 0x36, 0x36, 0x36, 0x37, 0x2C, 0x5F, 0x6D, 0x5F,
  0x5F, 0x6D, 0x5F, 0x5F, 0x66, 0x5F, 0x6D, 0x32, 0x13, 0x43, 0x44, 0x4A, 0x54, 0x48, 0x54, 0x48,
  0x48, 0x48, 0x48, 0x48, 0x48, 0x4F, 0x4B, 0x4B, 0x4F, 0x4B, 0x4B, 0x48, 0x48, 0x48, 0x53, 0x53,
  0x54, 0x75, 0x43, 0x1B, 0x32, 0x6D, 0x6F, 0x6F, 0x6F, 0x6D, 0x32, 0x33, 0x22, 0x2B, 0x28, 0x27,
  0x27, 0x27, 0x27, 0x2A, 0x27, 0x27, 0x2A, 0x2A, 0x2A, 0x2A, 0x2A, 0x2A, 0x2A, 0x2A, 0x2A, 0x2A,
  0x2A, 0x2A, 0x2A, 0x2A, 0x2A, 0x27, 0x2A, 0x2A, 0x2A, 0x27, 0x27, 0x27, 0x28, 0x29, 0x26, 0x6D,
  0x6D, 0x6D, 0x6F, 0x6F, 0x6F, 0x6F, 0x6F, 0x6F, 0x6F, 0x6F, 0x6F, 0x6F, 0x6F, 0x6F, 0x6F, 0x6F,
  0x6F, 0x6F, 0x6F, 0x6F, 0x6F, 0x6F, 0x6F, 0x6F, 0x6F, 0x6F, 0x6F, 0x6F, 0x6F, 0x6F, 0x6F, 0x6F,
  0x6F, 0x6F, 0x6F, 0x6F, 0x6F, 0x6F, 0x6F, 0x6F, 0x6F, 0x6F, 0x6F, 0x6F, 0x6D, 0x6F, 0x32, 0x70,
  0x06, 0x00, 0x00, 0x00, 0x00, 0x00, 0x00, 0x00, 0x00, 0x00, 0x00, 0x00, 0x00, 0x01, 0x01, 0x00,
  0x2D, 0x37, 0x5E, 0x34, 0x76, 0x77, 0x34, 0x34, 0x38, 0x36, 0x36, 0x36, 0x36, 0x6A, 0x21, 0x21,
  0x36, 0x36, 0x36, 0x37, 0x2C, 0x6D, 0x6D, 0x5F, 0x5F, 0x6F, 0x6F, 0x6D, 0x6D, 0x6F, 0x6F, 0x32,
  0x13, 0x44, 0x44, 0x6E, 0x60, 0x48, 0x48, 0x48, 0x53, 0x54, 0x54, 0x53, 0x53, 0x53, 0x5C, 0x5C,
  0x78, 0x5C, 0x4F, 0x4B, 0x4B, 0x53, 0x4F, 0x5C, 0x5C, 0x6E, 0x41, 0x25, 0x6D, 0x6D, 0x6F, 0x6F,
  0x6F, 0x6D, 0x32, 0x21, 0x28, 0x27, 0x2A, 0x27, 0x27, 0x2A, 0x27, 0x2A, 0x2A, 0x27, 0x27, 0x27,
  0x2A, 0x2A, 0x2A, 0x2A, 0x2A, 0x2A, 0x2A, 0x2A, 0x2A, 0x2A, 0x2A, 0x2A, 0x2A, 0x2A, 0x2A, 0x2A,
  0x2A, 0x27, 0x27, 0x27, 0x2A, 0x28, 0x23, 0x26, 0x6F, 0x6F, 0x6F, 0x6F, 0x6F, 0x6F, 0x6F, 0x6F,
  0x6F, 0x6F, 0x6F, 0x6F, 0x6F, 0x6F, 0x6F, 0x6F, 0x6F, 0x6F, 0x6F, 0x6F, 0x6F, 0x6F, 0x6F, 0x6F,
  0x6F, 0x6F, 0x6F, 0x6F, 0x6F, 0x6F, 0x6F, 0x6F, 0x6F, 0x6F, 0x6F, 0x6F, 0x6F, 0x6D, 0x6D, 0x6F,
  0x6F, 0x6F, 0x6F, 0x6F, 0x6F, 0x6F, 0x32, 0x70, 0x00, 0x01, 0x01, 0x01, 0x00, 0x00, 0x00, 0x00,
  0x00, 0x00, 0x00, 0x00, 0x00, 0x01, 0x00, 0x02, 0x0C, 0x32, 0x6D, 0x79, 0x3A, 0x34, 0x79, 0x34,
  0x38, 0x36, 0x36, 0x36, 0x36, 0x36, 0x36, 0x21, 0x21, 0x36, 0x36, 0x37, 0x33, 0x6D, 0x6D, 0x5F,
  0x5F, 0x6F, 0x6F, 0x6F, 0x6F, 0x6F, 0x6F, 0x25, 0x46, 0x43, 0x6E, 0x4A, 0x56, 0x48, 0x48, 0x54,
  0x53, 0x53, 0x53, 0x53, 0x4B, 0x5C, 0x7A, 0x7A, 0x78, 0x7B, 0x5C, 0x4B, 0x5C, 0x50, 0x50, 0x5C,
  0x48, 0x65, 0x46, 0x26, 0x32, 0x6D, 0x6F, 0x6F, 0x7C, 0x6F, 0x25, 0x51, 0x28, 0x2A, 0x2A, 0x2A,
  0x2A, 0x2A, 0x2A, 0x2A, 0x2A, 0x27, 0x27, 0x27, 0x2A, 0x2A, 0x2A, 0x2A, 0x2A, 0x2A, 0x2A, 0x2A,
  0x2A, 0x2A, 0x2A, 0x2A, 0x2A, 0x2A, 0x2A, 0x2A, 0x27, 0x27, 0x2A, 0x2A, 0x2A, 0x2A, 0x28, 0x29,
  0x32, 0x6F, 0x6F, 0x6F, 0x6F, 0x6F, 0x6F, 0x6F, 0x6F, 0x6F, 0x6F, 0x6F, 0x6F, 0x6F, 0x6F, 0x6F,
  0x6F, 0x6F, 0x6F, 0x6F, 0x6F, 0x6F, 0x6F, 0x6F, 0x6F, 0x6F, 0x6F, 0x6D, 0x32, 0x6F, 0x6F, 0x6F,
  0x6F, 0x6F, 0x6F, 0x6F, 0x6F, 0x6F, 0x6F, 0x6F, 0x6F, 0x6F, 0x32, 0x6F, 0x7C, 0x6F, 0x32, 0x0C,
  0x03, 0x01, 0x01, 0x01, 0x00, 0x00, 0x00, 0x00, 0x00, 0x00, 0x00, 0x00, 0x00, 0x01, 0x01, 0x02,
  0x0C, 0x32, 0x5F, 0x32, 0x32, 0x7D, 0x7E, 0x3A, 0x38, 0x36, 0x36, 0x52, 0x37, 0x37, 0x37, 0x36,
  0x71, 0x6A, 0x38, 0x34, 0x7D, 0x7C, 0x6F, 0x6D, 0x6D, 0x6F, 0x7C, 0x7C, 0x7C, 0x6F, 0x2C, 0x3B,
  0x43, 0x5B, 0x4E, 0x54, 0x48, 0x48, 0x48, 0x53, 0x53, 0x53, 0x53, 0x53, 0x48, 0x5C, 0x7A, 0x7A,
  0x7A, 0x60, 0x7F, 0x60, 0x78, 0x5C, 0x48, 0x48, 0x48, 0x48, 0x49, 0x46, 0x26, 0x32, 0x6F, 0x6F,
  0x6D, 0x26, 0x2F, 0x2B, 0x27, 0x2A, 0x2A, 0x2A, 0x2A, 0x2A, 0x2A, 0x2A, 0x2A, 0x27, 0x27, 0x27,
  0x2A, 0x2A, 0x2A, 0x2A, 0x2A, 0x2A, 0x2A, 0x27, 0x27, 0x27, 0x27, 0x27, 0x27, 0x27, 0x27, 0x27,
  0x27, 0x27, 0x27, 0x2A, 0x2A, 0x2A, 0x27, 0x20, 0x25, 0x6D, 0x7C, 0x6F, 0x7C, 0x7C, 0x32, 0x6F,
  0x6F, 0x6F, 0x6F, 0x6F, 0x6F, 0x6F, 0x6F, 0x6F, 0x6F, 0x6F, 0x6F, 0x6F, 0x6F, 0x6F, 0x6F, 0x6F,
  0x6F, 0x7C, 0x6F, 0x6F, 0x6F, 0x6F, 0x6F, 0x32, 0x32, 0x32, 0x7C, 0x7C, 0x7C, 0x7C, 0x7C, 0x7C,
  0x7C, 0x7C, 0x6F, 0x6F, 0x7C, 0x6F, 0x32, 0x0C, 0x00, 0x01, 0x01, 0x01, 0x00, 0x00, 0x00, 0x00,
  0x00, 0x00, 0x00, 0x00, 0x00, 0x01, 0x01, 0x02, 0x0C, 0x32, 0x6F, 0x6F, 0x6F, 0x6F, 0x7C, 0x79,
  0x34, 0x3A, 0x37, 0x3A, 0x2C, 0x32, 0x33, 0x37, 0x37, 0x76, 0x33, 0x32, 0x6F, 0x7C, 0x6F, 0x6F,
  0x6F, 0x7C, 0x7C, 0x7D, 0x7C, 0x2C, 0x13, 0x43, 0x4E, 0x4E, 0x54, 0x48, 0x54, 0x48, 0x53, 0x53,
  0x53, 0x53, 0x53, 0x53, 0x53, 0x57, 0x7A, 0x7A, 0x7A, 0x78, 0x61, 0x4B, 0x57, 0x57, 0x4B, 0x54,
  0x5C, 0x54, 0x48, 0x4C, 0x1A, 0x25, 0x32, 0x2C, 0x25, 0x23, 0x6B, 0x28, 0x2A, 0x2A, 0x2A, 0x2A,
  0x2A, 0x2A, 0x2A, 0x2A, 0x2A, 0x2A, 0x27, 0x2A, 0x2A, 0x2A, 0x27, 0x2A, 0x27, 0x27, 0x27, 0x2A,
  0x27, 0x27, 0x27, 0x27, 0x27, 0x27, 0x27, 0x27, 0x27, 0x27, 0x27, 0x27, 0x2A, 0x2A, 0x27, 0x27,
  0x22, 0x26, 0x32, 0x7C, 0x7C, 0x7C, 0x7C, 0x7C, 0x7C, 0x7C, 0x7C, 0x7C, 0x7C, 0x6F, 0x7C, 0x7C,
  0x7C, 0x7C, 0x7C, 0x7C, 0x7C, 0x7C, 0x7C, 0x7C, 0x7C, 0x7C, 0x7C, 0x7C, 0x7C, 0x7C, 0x7C, 0x7C,
  0x7C, 0x32, 0x5F, 0x26, 0x25, 0x25, 0x26, 0x32, 0x6F, 0x6F, 0x7C, 0x7C, 0x7C, 0x7C, 0x32, 0x0C,
  0x0A, 0x05, 0x01, 0x01, 0x00, 0x00, 0x00, 0x00, 0x00, 0x00, 0x00, 0x00, 0x00, 0x01, 0x01, 0x02,
  0x0C, 0x32, 0x6F, 0x6F, 0x7C, 0x7C, 0x7C, 0x7C, 0x7C, 0x32, 0x2C, 0x7D, 0x6F, 0x7C, 0x7D, 0x32,
  0x32, 0x32, 0x32, 0x7C, 0x7C, 0x7C, 0x6F, 0x7C, 0x7C, 0x7C, 0x7D, 0x7D, 0x2C, 0x26, 0x43, 0x4A,
  0x47, 0x50, 0x56, 0x50, 0x56, 0x50, 0x54, 0x48, 0x4F, 0x4F, 0x4F, 0x53, 0x48, 0x57, 0x57, 0x7A,
  0x5C, 0x61, 0x48, 0x57, 0x57, 0x4B, 0x5C, 0x48, 0x63, 0x56, 0x5C, 0x6C, 0x45, 0x1A, 0x23, 0x5D,
  0x2B, 0x2B, 0x28, 0x2A, 0x2A, 0x27, 0x2A, 0x2A, 0x27, 0x2A, 0x2A, 0x2A, 0x2A, 0x2A, 0x2A, 0x2A,
  0x2A, 0x2A, 0x2A, 0x2A, 0x2A, 0x28, 0x1F, 0x28, 0x28, 0x27, 0x27, 0x27, 0x27, 0x27, 0x27, 0x27,
  0x27, 0x27, 0x27, 0x27, 0x2A, 0x2A, 0x27, 0x27, 0x28, 0x29, 0x25, 0x32, 0x6F, 0x7C, 0x7C, 0x7C,
  0x7C, 0x7C, 0x7C, 0x7C, 0x7C, 0x7C, 0x7C, 0x7C, 0x7C, 0x7C, 0x7C, 0x7C, 0x7C, 0x7C, 0x7C, 0x7C,
  0x7C, 0x32, 0x7C, 0x7D, 0x7D, 0x7C, 0x6F, 0x32, 0x32, 0x25, 0x29, 0x22, 0x6B, 0x6B, 0x22, 0x24,
  0x2F, 0x25, 0x26, 0x32, 0x7C, 0x6F, 0x32, 0x0C, 0x02, 0x05, 0x01, 0x01, 0x00, 0x00, 0x00, 0x00,
  0x00, 0x00, 0x00, 0x00, 0x00, 0x01, 0x01, 0x0A, 0x0C, 0x32, 0x7C, 0x7C, 0x7C, 0x7C, 0x7C, 0x7D,
  0x7C, 0x7C, 0x6F, 0x7C, 0x7C, 0x7C, 0x7D, 0x7C, 0x7C, 0x7C, 0x7D, 0x7D, 0x7D, 0x7C, 0x7D, 0x7D,
  0x7D, 0x7D, 0x7D, 0x7D, 0x25, 0x43, 0x5B, 0x47, 0x4A, 0x56, 0x80, 0x09, 0x09, 0x80, 0x56, 0x48,
  0x4F, 0x4F, 0x48, 0x48, 0x54, 0x54, 0x4B, 0x53, 0x53, 0x48, 0x48, 0x4F, 0x4B, 0x50, 0x81, 0x06,
  0x09, 0x09, 0x49, 0x5C, 0x48, 0x45, 0x07, 0x28, 0x28, 0x27, 0x27, 0x27, 0x1F, 0x02, 0x2E, 0x2A,
  0x2A, 0x2A, 0x2A, 0x2A, 0x2A, 0x2A, 0x2A, 0x2A, 0x2A, 0x2A, 0x2A, 0x2A, 0x2A, 0x28, 0x1F, 0x1F,
  0x1F, 0x1F, 0x28, 0x1F, 0x1F, 0x1F, 0x1F, 0x1F, 0x28, 0x27, 0x27, 0x27, 0x2A, 0x2A, 0x2A, 0x27,
  0x27, 0x2B, 0x23, 0x2C, 0x79, 0x7D, 0x7C, 0x7C, 0x7D, 0x7C, 0x7C, 0x7C, 0x7C, 0x7D, 0x7D, 0x7D,
  0x7D, 0x7C, 0x7C, 0x7D, 0x7C, 0x7D, 0x7C, 0x7C, 0x7C, 0x7C, 0x7C, 0x7D, 0x32, 0x32, 0x35, 0x29,
  0x12, 0x2B, 0x27, 0x27, 0x27, 0x27, 0x27, 0x27, 0x27, 0x27, 0x23, 0x25, 0x2C, 0x2C, 0x2C, 0x0C,
  0x03, 0x01, 0x01, 0x01, 0x00, 0x00, 0x00, 0x00, 0x00, 0x00, 0x00, 0x00, 0x00, 0x01, 0x01, 0x0A,
  0x0C, 0x32, 0x7C, 0x7C, 0x7C, 0x7D, 0x7D, 0x7C, 0x7C, 0x7D, 0x7D, 0x7C, 0x7D, 0x7D, 0x7D, 0x7D,
  0x7D, 0x7D, 0x7E, 0x7E, 0x7E, 0x7E, 0x7E, 0x7D, 0x7D, 0x7D, 0x7C, 0x2C, 0x3B, 0x43, 0x4E, 0x4E,
  0x4E, 0x59, 0x27, 0x80, 0x4A, 0x82, 0x64, 0x50, 0x4B, 0x4F, 0x54, 0x50, 0x7F, 0x50, 0x75, 0x50,
  0x50, 0x50, 0x53, 0x4F, 0x48, 0x50, 0x82, 0x45, 0x83, 0x4D, 0x01, 0x50, 0x4B, 0x50, 0x80, 0x27,
  0x27, 0x27, 0x0F, 0x84, 0x40, 0x80, 0x2E, 0x2A, 0x2A, 0x27, 0x27, 0x2A, 0x2A, 0x2A, 0x2A, 0x2A,
  0x2A, 0x2A, 0x2A, 0x2A, 0x2A, 0x28, 0x28, 0x2B, 0x2B, 0x2B, 0x2B, 0x2B, 0x2B, 0x2B, 0x2B, 0x2B,
  0x2B, 0x28, 0x27, 0x27, 0x2A, 0x2A, 0x27, 0x27, 0x28, 0x27, 0x20, 0x38, 0x76, 0x79, 0x33, 0x7D,
  0x32, 0x7C, 0x7D, 0x7D, 0x7D, 0x7D, 0x7D, 0x32, 0x7C, 0x7C, 0x7D, 0x7D, 0x7D, 0x7C, 0x7C, 0x7C,
  0x7D, 0x7C, 0x7C, 0x32, 0x25, 0x22, 0x28, 0x27, 0x27, 0x27, 0x27, 0x27, 0x27, 0x2E, 0x2E, 0x27,
  0x84, 0x72, 0x07, 0x20, 0x1A, 0x3B, 0x3B, 0x67, 0x02, 0x01, 0x01, 0x00, 0x00, 0x00, 0x00, 0x00,
  0x00, 0x00, 0x00, 0x00, 0x00, 0x01, 0x00, 0x0A, 0x0C, 0x32, 0x7C, 0x7C, 0x7C, 0x7C, 0x7D, 0x7C,
  0x7C, 0x7C, 0x7D, 0x7D, 0x7C, 0x7D, 0x7D, 0x7D, 0x7D, 0x6D, 0x19, 0x10, 0x10, 0x19, 0x1B, 0x26,
  0x32, 0x2C, 0x33, 0x26, 0x43, 0x5B, 0x5B, 0x4E, 0x4A, 0x62, 0x2A, 0x65, 0x85, 0x73, 0x0F, 0x50,
  0x48, 0x53, 0x54, 0x56, 0x60, 0x86, 0x83, 0x87, 0x6E, 0x50, 0x54, 0x57, 0x54, 0x54, 0x00, 0x4A,
  0x88, 0x02, 0x27, 0x48, 0x48, 0x48, 0x49, 0x0F, 0x59, 0x63, 0x40, 0x67, 0x2E, 0x2A, 0x2A, 0x2A,
  0x2A, 0x2A, 0x2A, 0x2A, 0x2A, 0x2A, 0x2A, 0x2A, 0x2A, 0x2A, 0x2A, 0x27, 0x2E, 0x1F, 0x2B, 0x2B,
  0x2B, 0x2B, 0x2B, 0x2B, 0x2B, 0x2B, 0x6B, 0x6B, 0x6B, 0x1F, 0x28, 0x27, 0x2A, 0x2A, 0x27, 0x27,
  0x27, 0x27, 0x20, 0x36, 0x37, 0x37, 0x38, 0x89, 0x35, 0x25, 0x32, 0x32, 0x7D, 0x77, 0x37, 0x2F,
  0x2C, 0x32, 0x32, 0x32, 0x7D, 0x7E, 0x7D, 0x7D, 0x7D, 0x7D, 0x2C, 0x35, 0x5D, 0x28, 0x2A, 0x27,
  0x2A, 0x2A, 0x2A, 0x27, 0x27, 0x27, 0x27, 0x8A, 0x8B, 0x8C, 0x55, 0x45, 0x83, 0x85, 0x85, 0x62,
  0x09, 0x01, 0x00, 0x00, 0x00, 0x00, 0x00, 0x00, 0x00, 0x00, 0x00, 0x00, 0x00, 0x01, 0x00, 0x0A,
  0x0C, 0x32, 0x7C, 0x7C, 0x7C, 0x7C, 0x7D, 0x7D, 0x7D, 0x7D, 0x7D, 0x7D, 0x7D, 0x7D, 0x7D, 0x7D,
  0x7D, 0x6F, 0x6D, 0x32, 0x1B, 0x10, 0x10, 0x10, 0x3B, 0x3B, 0x13, 0x43, 0x44, 0x5B, 0x5B, 0x47,
  0x55, 0x80, 0x27, 0x8A, 0x49, 0x00, 0x64, 0x5C, 0x53, 0x53, 0x53, 0x48, 0x50, 0x86, 0x87, 0x87,
  0x69, 0x48, 0x48, 0x57, 0x48, 0x54, 0x0F, 0x09, 0x04, 0x27, 0x82, 0x54, 0x5C, 0x60, 0x74, 0x4A,
  0x40, 0x02, 0x27, 0x27, 0x2A, 0x27, 0x27, 0x27, 0x27, 0x2A, 0x2A, 0x2A, 0x2A, 0x2A, 0x2A, 0x2A,
  0x2A, 0x2A, 0x2A, 0x27, 0x1F, 0x2B, 0x2B, 0x2B, 0x2B, 0x6B, 0x6B, 0x6B, 0x6B, 0x2B, 0x6B, 0x6B,
  0x51, 0x6B, 0x2B, 0x1F, 0x27, 0x27, 0x27, 0x2A, 0x27, 0x28, 0x51, 0x36, 0x8D, 0x89, 0x8E, 0x71,
  0x5D, 0x6A, 0x23, 0x35, 0x35, 0x5D, 0x51, 0x1A, 0x29, 0x25, 0x10, 0x1B, 0x7D, 0x7D, 0x32, 0x32,
  0x7D, 0x2C, 0x33, 0x71, 0x2B, 0x28, 0x2E, 0x27, 0x2A, 0x2A, 0x27, 0x2A, 0x2E, 0x2E, 0x68, 0x08,
  0x2E, 0x0F, 0x75, 0x8F, 0x8C, 0x8C, 0x85, 0x62, 0x0A, 0x01, 0x00, 0x00, 0x00, 0x00, 0x00, 0x00,
  0x00, 0x00, 0x00, 0x00, 0x00, 0x01, 0x00, 0x02, 0x0C, 0x32, 0x7C, 0x7C, 0x7C, 0x7C, 0x7D, 0x7D,
  0x7D, 0x7D, 0x7D, 0x7D, 0x7D, 0x7D, 0x7E, 0x7E, 0x7E, 0x7E, 0x90, 0x90, 0x90, 0x90, 0x5E, 0x79,
  0x2C, 0x26, 0x46, 0x83, 0x83, 0x91, 0x91, 0x4E, 0x4C, 0x56, 0x62, 0x68, 0x09, 0x64, 0x50, 0x48,
  0x4F, 0x53, 0x53, 0x48, 0x48, 0x6C, 0x48, 0x48, 0x48, 0x48, 0x48, 0x57, 0x48, 0x54, 0x48, 0x62,
  0x06, 0x92, 0x54, 0x48, 0x60, 0x60, 0x56, 0x49, 0x27, 0x27, 0x27, 0x27, 0x2A, 0x68, 0x68, 0x68,
  0x2E, 0x2E, 0x2A, 0x27, 0x27, 0x27, 0x27, 0x27, 0x27, 0x27, 0x27, 0x28, 0x2B, 0x6B, 0x6B, 0x2B,
  0x6B, 0x6B, 0x6B, 0x6B, 0x2B, 0x2B, 0x6B, 0x5D, 0x51, 0x5D, 0x6B, 0x2B, 0x28, 0x27, 0x2A, 0x2A,
  0x2A, 0x2B, 0x12, 0x21, 0x71, 0x89, 0x35, 0x35, 0x5D, 0x2B, 0x6B, 0x5D, 0x6B, 0x28, 0x0E, 0x3B,
  0x6A, 0x25, 0x13, 0x1B, 0x2C, 0x3A, 0x8E, 0x33, 0x25, 0x2C, 0x25, 0x2F, 0x51, 0x28, 0x2E, 0x27,
  0x2A, 0x27, 0x2E, 0x27, 0x27, 0x0F, 0x4C, 0x49, 0x64, 0x5A, 0x45, 0x85, 0x93, 0x88, 0x88, 0x62,
  0x02, 0x01, 0x00, 0x00, 0x00, 0x00, 0x00, 0x00, 0x00, 0x00, 0x00, 0x00, 0x00, 0x01, 0x00, 0x02,
  0x0C, 0x2C, 0x7C, 0x7C, 0x7D, 0x7D, 0x7D, 0x7D, 0x7E, 0x7E, 0x7D, 0x7D, 0x7D, 0x7E, 0x7C, 0x58,
  0x1B, 0x1B, 0x1B, 0x1B, 0x1B, 0x32, 0x7C, 0x32, 0x79, 0x33, 0x46, 0x43, 0x4A, 0x5B, 0x74, 0x4E,
  0x48, 0x54, 0x56, 0x56, 0x56, 0x56, 0x48, 0x48, 0x54, 0x48, 0x48, 0x53, 0x53, 0x53, 0x53, 0x53,
  0x53, 0x53, 0x53, 0x57, 0x53, 0x48, 0x54, 0x5C, 0x5C, 0x5C, 0x54, 0x48, 0x48, 0x50, 0x4E, 0x44,
  0x56, 0x73, 0x73, 0x72, 0x73, 0x49, 0x73, 0x72, 0x59, 0x80, 0x2A, 0x27, 0x27, 0x27, 0x27, 0x27,
  0x27, 0x27, 0x28, 0x2B, 0x5D, 0x51, 0x6B, 0x2B, 0x6B, 0x6B, 0x6B, 0x2B, 0x2B, 0x6B, 0x5D, 0x5D,
  0x5D, 0x5D, 0x5D, 0x6B, 0x2B, 0x28, 0x28, 0x28, 0x28, 0x20, 0x51, 0x51, 0x8D, 0x8E, 0x35, 0x33,
  0x38, 0x5D, 0x2B, 0x2B, 0x28, 0x20, 0x13, 0x13, 0x29, 0x26, 0x1B, 0x19, 0x2C, 0x23, 0x6B, 0x51,
  0x36, 0x23, 0x2F, 0x23, 0x6B, 0x28, 0x27, 0x27, 0x2E, 0x82, 0x68, 0x80, 0x94, 0x2E, 0x63, 0x8C,
  0x8C, 0x8F, 0x45, 0x4C, 0x8B, 0x4A, 0x93, 0x8A, 0x0A, 0x01, 0x00, 0x00, 0x00, 0x00, 0x00, 0x00,
  0x00, 0x00, 0x00, 0x00, 0x00, 0x01, 0x00, 0x02, 0x0C, 0x2C, 0x7D, 0x7D, 0x7D, 0x7D, 0x7D, 0x7E,
  0x7E, 0x7E, 0x7E, 0x7E, 0x7E, 0x7E, 0x7D, 0x66, 0x19, 0x10, 0x10, 0x10, 0x3B, 0x3B, 0x3B, 0x10,
  0x3B, 0x3B, 0x93, 0x87, 0x87, 0x44, 0x4E, 0x60, 0x4F, 0x48, 0x48, 0x54, 0x48, 0x48, 0x4F, 0x4F,
  0x54, 0x48, 0x53, 0x53, 0x53, 0x53, 0x53, 0x53, 0x53, 0x53, 0x53, 0x53, 0x53, 0x53, 0x53, 0x4B,
  0x57, 0x57, 0x4B, 0x48, 0x48, 0x60, 0x50, 0x50, 0x4C, 0x02, 0x02, 0x68, 0x2A, 0x2A, 0x2A, 0x2A,
  0x2E, 0x2E, 0x2A, 0x27, 0x27, 0x27, 0x27, 0x27, 0x27, 0x2A, 0x1F, 0x6B, 0x51, 0x51, 0x6B, 0x2B,
  0x6B, 0x6B, 0x6B, 0x2B, 0x6B, 0x5D, 0x5D, 0x5D, 0x5D, 0x5D, 0x5D, 0x5D, 0x2B, 0x2B, 0x2B, 0x6B,
  0x20, 0x51, 0x51, 0x71, 0x8D, 0x8E, 0x3A, 0x79, 0x35, 0x5D, 0x2B, 0x2B, 0x28, 0x24, 0x10, 0x26,
  0x2F, 0x13, 0x1B, 0x19, 0x25, 0x23, 0x2B, 0x28, 0x28, 0x2B, 0x6B, 0x51, 0x28, 0x27, 0x2A, 0x2A,
  0x4D, 0x45, 0x4C, 0x4C, 0x55, 0x27, 0x82, 0x45, 0x55, 0x5B, 0x75, 0x59, 0x83, 0x93, 0x8C, 0x62,
  0x09, 0x01, 0x00, 0x00, 0x00, 0x00, 0x00, 0x00, 0x00, 0x00, 0x00, 0x00, 0x00, 0x01, 0x01, 0x0A,
  0x70, 0x2C, 0x7E, 0x7D, 0x7D, 0x7D, 0x7E, 0x7E, 0x7E, 0x7E, 0x7E, 0x7E, 0x7E, 0x7E, 0x7E, 0x90,
  0x90, 0x7E, 0x90, 0x79, 0x79, 0x79, 0x2C, 0x2C, 0x25, 0x3B, 0x83, 0x74, 0x87, 0x74, 0x6E, 0x50,
  0x48, 0x4F, 0x53, 0x48, 0x53, 0x48, 0x48, 0x53, 0x48, 0x48, 0x53, 0x53, 0x53, 0x53, 0x53, 0x53,
  0x53, 0x53, 0x53, 0x48, 0x53, 0x53, 0x53, 0x48, 0x57, 0x57, 0x48, 0x53, 0x48, 0x54, 0x60, 0x60,
  0x5B, 0x73, 0x72, 0x84, 0x67, 0x04, 0x68, 0x2A, 0x27, 0x27, 0x2A, 0x2A, 0x27, 0x27, 0x27, 0x27,
  0x27, 0x28, 0x2B, 0x5D, 0x71, 0x51, 0x5D, 0x6B, 0x6B, 0x6B, 0x5D, 0x5D, 0x71, 0x5D, 0x5D, 0x71,
  0x71, 0x71, 0x6A, 0x21, 0x5D, 0x6B, 0x5D, 0x51, 0x51, 0x5D, 0x51, 0x71, 0x8D, 0x8E, 0x76, 0x90,
  0x95, 0x71, 0x6B, 0x6B, 0x20, 0x1A, 0x13, 0x26, 0x26, 0x13, 0x1B, 0x18, 0x25, 0x51, 0x28, 0x28,
  0x27, 0x27, 0x27, 0x27, 0x27, 0x27, 0x27, 0x27, 0x62, 0x4A, 0x8B, 0x64, 0x01, 0x45, 0x63, 0x73,
  0x63, 0x96, 0x55, 0x5B, 0x4A, 0x93, 0x93, 0x80, 0x09, 0x01, 0x00, 0x00, 0x00, 0x00, 0x00, 0x00,
  0x00, 0x00, 0x00, 0x00, 0x00, 0x01, 0x01, 0x00, 0x70, 0x2C, 0x7E, 0x7E, 0x7E, 0x7E, 0x7E, 0x7E,
  0x7E, 0x7E, 0x7E, 0x7E, 0x7E, 0x7E, 0x7E, 0x7E, 0x7E, 0x7E, 0x7E, 0x7E, 0x7E, 0x90, 0x5E, 0x5E,
  0x3A, 0x46, 0x44, 0x4E, 0x4E, 0x4E, 0x47, 0x50, 0x48, 0x54, 0x53, 0x53, 0x53, 0x53, 0x53, 0x53,
  0x48, 0x48, 0x48, 0x53, 0x53, 0x53, 0x53, 0x53, 0x53, 0x53, 0x53, 0x48, 0x48, 0x48, 0x4F, 0x48,
  0x48, 0x48, 0x48, 0x48, 0x48, 0x4F, 0x5C, 0x5C, 0x60, 0x59, 0x62, 0x84, 0x40, 0x59, 0x59, 0x40,
  0x80, 0x02, 0x2A, 0x27, 0x27, 0x27, 0x27, 0x27, 0x27, 0x1F, 0x2B, 0x51, 0x71, 0x51, 0x5D, 0x6B,
  0x5D, 0x51, 0x51, 0x8D, 0x37, 0x37, 0x89, 0x8E, 0x38, 0x38, 0x8E, 0x71, 0x5D, 0x5D, 0x5D, 0x5D,
  0x5D, 0x21, 0x21, 0x71, 0x71, 0x8E, 0x76, 0x97, 0x5E, 0x35, 0x38, 0x71, 0x22, 0x3B, 0x13, 0x26,
  0x26, 0x1B, 0x1B, 0x10, 0x35, 0x6B, 0x28, 0x27, 0x27, 0x27, 0x2A, 0x2A, 0x2A, 0x27, 0x27, 0x27,
  0x04, 0x64, 0x62, 0x64, 0x63, 0x8B, 0x88, 0x8F, 0x8B, 0x8B, 0x93, 0x4A, 0x4A, 0x83, 0x74, 0x80,
  0x0A, 0x01, 0x00, 0x00, 0x00, 0x00, 0x00, 0x00, 0x00, 0x00, 0x00, 0x00, 0x00, 0x00, 0x02, 0x00,
  0x70, 0x79, 0x7E, 0x7E, 0x7E, 0x7E, 0x7E, 0x7E, 0x7E, 0x7E, 0x7E, 0x7E, 0x7E, 0x7E, 0x7E, 0x7E,
  0x90, 0x79, 0x7E, 0x2C, 0x32, 0x1B, 0x1B, 0x13, 0x13, 0x44, 0x93, 0x69, 0x5B, 0x47, 0x47, 0x50,
  0x48, 0x54, 0x53, 0x53, 0x53, 0x53, 0x53, 0x53, 0x53, 0x53, 0x53, 0x53, 0x53, 0x53, 0x53, 0x48,
  0x53, 0x53, 0x53, 0x48, 0x48, 0x48, 0x4F, 0x48, 0x48, 0x48, 0x48, 0x48, 0x48, 0x4B, 0x4B, 0x48,
  0x48, 0x63, 0x27, 0x27, 0x27, 0x27, 0x2A, 0x4D, 0x0C, 0x2D, 0x1F, 0x1F, 0x28, 0x28, 0x28, 0x28,
  0x28, 0x1F, 0x2B, 0x51, 0x71, 0x51, 0x5D, 0x5D, 0x51, 0x51, 0x8D, 0x76, 0x79, 0x5E, 0x97, 0x5E,
  0x5E, 0x35, 0x8E, 0x71, 0x71, 0x5D, 0x5D, 0x71, 0x71, 0x21, 0x71, 0x71, 0x89, 0x77, 0x5E, 0x90,
  0x7E, 0x79, 0x34, 0x38, 0x38, 0x3B, 0x13, 0x13, 0x13, 0x13, 0x13, 0x26, 0x2F, 0x51, 0x28, 0x27,
  0x27, 0x27, 0x27, 0x2A, 0x27, 0x2A, 0x2A, 0x2E, 0x2E, 0x2A, 0x27, 0x98, 0x87, 0x74, 0x8B, 0x45,
  0x93, 0x55, 0x75, 0x55, 0x83, 0x55, 0x49, 0x62, 0x0A, 0x01, 0x00, 0x00, 0x00, 0x00, 0x00, 0x00,
  0x00, 0x00, 0x00, 0x00, 0x00, 0x01, 0x02, 0x02, 0x70, 0x79, 0x7E, 0x7E, 0x7E, 0x7E, 0x7E, 0x7E,
  0x7E, 0x7E, 0x7E, 0x7E, 0x7E, 0x7E, 0x90, 0x7E, 0x5F, 0x19, 0x10, 0x10, 0x18, 0x19, 0x19, 0x26,
  0x3B, 0x44, 0x5B, 0x47, 0x47, 0x47, 0x47, 0x4A, 0x54, 0x54, 0x53, 0x53, 0x53, 0x53, 0x53, 0x53,
  0x53, 0x53, 0x53, 0x48, 0x48, 0x48, 0x4F, 0x54, 0x53, 0x53, 0x48, 0x48, 0x48, 0x48, 0x48, 0x48,
  0x48, 0x48, 0x48, 0x48, 0x53, 0x53, 0x48, 0x48, 0x48, 0x50, 0x49, 0x2E, 0x2E, 0x2E, 0x27, 0x27,
  0x27, 0x28, 0x1F, 0x1F, 0x1F, 0x1F, 0x1F, 0x1F, 0x2B, 0x2B, 0x6B, 0x5D, 0x51, 0x51, 0x5D, 0x5D,
  0x51, 0x71, 0x38, 0x5E, 0x90, 0x90, 0x90, 0x90, 0x90, 0x90, 0x77, 0x8E, 0x89, 0x8D, 0x8D, 0x8D,
  0x8D, 0x8D, 0x8D, 0x89, 0x8E, 0x34, 0x79, 0x79, 0x7E, 0x90, 0x90, 0x33, 0x13, 0x10, 0x1B, 0x30,
  0x26, 0x26, 0x18, 0x13, 0x29, 0x2B, 0x28, 0x27, 0x27, 0x2A, 0x2A, 0x27, 0x27, 0x27, 0x27, 0x1F,
  0x07, 0x1F, 0x27, 0x82, 0x98, 0x99, 0x72, 0x41, 0x8F, 0x40, 0x70, 0x62, 0x9A, 0x63, 0x49, 0x8A,
  0x02, 0x00, 0x00, 0x00, 0x00, 0x00, 0x00, 0x00, 0x00, 0x00, 0x00, 0x00, 0x00, 0x01, 0x00, 0x02,
  0x0C, 0x33, 0x7E, 0x90, 0x90, 0x7E, 0x90, 0x90, 0x90, 0x90, 0x90, 0x90, 0x90, 0x90, 0x90, 0x90,
  0x79, 0x79, 0x79, 0x5E, 0x5E, 0x5E, 0x34, 0x0E, 0x43, 0x43, 0x4E, 0x4E, 0x47, 0x47, 0x47, 0x4E,
  0x54, 0x54, 0x53, 0x53, 0x53, 0x53, 0x53, 0x53, 0x53, 0x53, 0x53, 0x4F, 0x54, 0x53, 0x50, 0x50,
  0x4F, 0x53, 0x48, 0x48, 0x57, 0x48, 0x48, 0x48, 0x48, 0x48, 0x48, 0x48, 0x48, 0x48, 0x48, 0x48,
  0x54, 0x4B, 0x50, 0x72, 0x27, 0x2E, 0x27, 0x2A, 0x2A, 0x28, 0x28, 0x1F, 0x2B, 0x2B, 0x2B, 0x2B,
  0x2B, 0x6B, 0x6B, 0x5D, 0x51, 0x5D, 0x5D, 0x5D, 0x71, 0x8D, 0x25, 0x79, 0x90, 0x90, 0x90, 0x90,
  0x90, 0x90, 0x97, 0x97, 0x5E, 0x35, 0x37, 0x37, 0x37, 0x37, 0x8E, 0x77, 0x95, 0x90, 0x90, 0x90,
  0x90, 0x90, 0x5E, 0x13, 0x3B, 0x13, 0x1B, 0x1B, 0x13, 0x1B, 0x32, 0x10, 0x0E, 0x28, 0x28, 0x2A,
  0x2A, 0x27, 0x2A, 0x1F, 0x1F, 0x28, 0x2A, 0x1F, 0x20, 0x2B, 0x1F, 0x02, 0x64, 0x83, 0x40, 0x80,
  0x41, 0x42, 0x22, 0x40, 0x9A, 0x55, 0x83, 0x62, 0x0A, 0x01, 0x00, 0x00, 0x00, 0x00, 0x00, 0x00,
  0x00, 0x00, 0x00, 0x00, 0x00, 0x01, 0x01, 0x06, 0x0C, 0x33, 0x90, 0x5E, 0x90, 0x90, 0x90, 0x90,
  0x90, 0x90, 0x90, 0x90, 0x90, 0x90, 0x90, 0x90, 0x90, 0x90, 0x90, 0x90, 0x90, 0x5E, 0x25, 0x43,
  0x44, 0x4E, 0x6E, 0x47, 0x47, 0x47, 0x47, 0x4A, 0x54, 0x48, 0x53, 0x53, 0x4F, 0x4F, 0x53, 0x48,
  0x48, 0x48, 0x48, 0x48, 0x48, 0x48, 0x48, 0x48, 0x48, 0x48, 0x48, 0x4B, 0x4B, 0x48, 0x48, 0x48,
  0x57, 0x48, 0x48, 0x48, 0x48, 0x48, 0x48, 0x48, 0x4F, 0x57, 0x4B, 0x50, 0x64, 0x27, 0x27, 0x2A,
  0x27, 0x27, 0x27, 0x28, 0x2B, 0x6B, 0x6B, 0x6B, 0x6B, 0x5D, 0x5D, 0x5D, 0x5D, 0x5D, 0x5D, 0x71,
  0x71, 0x23, 0x26, 0x97, 0x90, 0x90, 0x90, 0x90, 0x90, 0x90, 0x97, 0x5E, 0x5E, 0x33, 0x2F, 0x2F,
  0x13, 0x25, 0x95, 0x97, 0x90, 0x90, 0x90, 0x90, 0x90, 0x90, 0x2C, 0x3B, 0x42, 0x26, 0x1B, 0x13,
  0x24, 0x26, 0x1B, 0x1B, 0x13, 0x6B, 0x28, 0x2A, 0x2A, 0x27, 0x27, 0x1F, 0x20, 0x1F, 0x1F, 0x2B,
  0x20, 0x20, 0x24, 0x73, 0x65, 0x40, 0x5A, 0x20, 0x12, 0x12, 0x12, 0x46, 0x43, 0x55, 0x8B, 0x80,
  0x0A, 0x01, 0x00, 0x00, 0x00, 0x00, 0x00, 0x00, 0x00, 0x00, 0x00, 0x00, 0x00, 0x01, 0x05, 0x0A,
  0x0C, 0x0E, 0x2F, 0x33, 0x2F, 0x25, 0x33, 0x2C, 0x79, 0x90, 0x90, 0x90, 0x90, 0x97, 0x97, 0x90,
  0x90, 0x90, 0x90, 0x90, 0x34, 0x25, 0x43, 0x43, 0x4E, 0x47, 0x47, 0x47, 0x47, 0x47, 0x47, 0x60,
  0x48, 0x48, 0x4F, 0x53, 0x48, 0x48, 0x54, 0x50, 0x50, 0x50, 0x78, 0x78, 0x50, 0x50, 0x5C, 0x50,
  0x50, 0x78, 0x50, 0x60, 0x50, 0x54, 0x48, 0x4B, 0x4B, 0x4B, 0x4F, 0x4F, 0x4B, 0x53, 0x53, 0x4B,
  0x48, 0x4B, 0x53, 0x48, 0x50, 0x62, 0x27, 0x2A, 0x27, 0x27, 0x27, 0x1F, 0x2B, 0x6B, 0x5D, 0x5D,
  0x5D, 0x71, 0x5D, 0x5D, 0x5D, 0x51, 0x71, 0x6A, 0x8D, 0x25, 0x33, 0x5E, 0x90, 0x90, 0x90, 0x90,
  0x90, 0x97, 0x97, 0x90, 0x25, 0x3B, 0x46, 0x3B, 0x13, 0x33, 0x79, 0x79, 0x90, 0x90, 0x90, 0x90,
  0x79, 0x34, 0x26, 0x3B, 0x0D, 0x13, 0x26, 0x13, 0x22, 0x42, 0x1B, 0x1B, 0x13, 0x0E, 0x6B, 0x1F,
  0x28, 0x28, 0x28, 0x1F, 0x2B, 0x2B, 0x2B, 0x20, 0x5D, 0x71, 0x22, 0x40, 0x5A, 0x2D, 0x20, 0x12,
  0x36, 0x36, 0x21, 0x0E, 0x75, 0x46, 0x73, 0x67, 0x02, 0x01, 0x00, 0x00, 0x00, 0x00, 0x00, 0x00,
  0x00, 0x00, 0x00, 0x00, 0x00, 0x00, 0x03, 0x02, 0x94, 0x9B, 0x9C, 0x1A, 0x1A, 0x1A, 0x1A, 0x46,
  0x25, 0x97, 0x97, 0x97, 0x97, 0x97, 0x97, 0x97, 0x97, 0x97, 0x90, 0x5E, 0x2F, 0x43, 0x43, 0x4A,
  0x4E, 0x47, 0x47, 0x4E, 0x4E, 0x4E, 0x47, 0x56, 0x48, 0x4F, 0x4B, 0x5C, 0x60, 0x50, 0x50, 0x81,
  0x9D, 0x9D, 0x9D, 0x9E, 0x9D, 0x9D, 0x9F, 0xA0, 0x9D, 0xA1, 0xA1, 0x81, 0x6C, 0x6C, 0x78, 0x50,
  0x5C, 0x57, 0x48, 0x4B, 0x48, 0x53, 0x53, 0x4B, 0x4B, 0x4B, 0x48, 0x4B, 0x53, 0x56, 0x09, 0x27,
  0x2A, 0x27, 0x28, 0x20, 0x51, 0x51, 0x5D, 0x71, 0x8D, 0x89, 0x8D, 0x71, 0x71, 0x8D, 0x89, 0x8D,
  0x35, 0x1B, 0x34, 0x90, 0x90, 0x90, 0x90, 0x90, 0x90, 0x90, 0x90, 0x97, 0x3B, 0x83, 0x83, 0x46,
  0x24, 0x34, 0x5E, 0x5E, 0x90, 0x90, 0x90, 0x90, 0x5E, 0x34, 0x10, 0x10, 0x26, 0x13, 0x39, 0x26,
  0x25, 0x26, 0x30, 0x58, 0x1B, 0x13, 0x0E, 0x29, 0x6B, 0x2B, 0x6B, 0x6B, 0x20, 0x20, 0x20, 0x21,
  0x29, 0x29, 0x6A, 0x6B, 0x1F, 0x20, 0x12, 0x36, 0x52, 0x38, 0x6A, 0x51, 0x70, 0x70, 0x70, 0x2D,
  0x01, 0x00, 0x00, 0x00, 0x00, 0x00, 0x00, 0x00, 0x00, 0x00, 0x00, 0x00, 0x00, 0x00, 0x03, 0x02,
  0xA1, 0x96, 0xA2, 0xA3, 0x9B, 0xA4, 0x9B, 0x9C, 0x1A, 0x2F, 0x33, 0x5E, 0x97, 0x97, 0x97, 0x97,
  0x97, 0x97, 0x90, 0x35, 0x3B, 0x44, 0x4A, 0x4E, 0x47, 0x4E, 0x4E, 0x4E, 0x47, 0x47, 0x75, 0x48,
  0x48, 0x5C, 0x60, 0x61, 0xA5, 0xA1, 0xA6, 0xA7, 0xA7, 0xA8, 0xA7, 0xA7, 0xA7, 0xA7, 0xA7, 0xA7,
  0xA7, 0xA8, 0xA8, 0xA7, 0xA7, 0xA7, 0xA1, 0xA0, 0x6C, 0x61, 0x78, 0x54, 0x48, 0x48, 0x48, 0x48,
  0x4B, 0x4B, 0x48, 0x48, 0x48, 0x56, 0x59, 0x27, 0x2A, 0x28, 0x28, 0x51, 0x71, 0x71, 0x8D, 0x52,
  0x35, 0x35, 0x95, 0x77, 0x77, 0x95, 0x76, 0x52, 0x26, 0x25, 0x97, 0x90, 0x90, 0x97, 0x90, 0x90,
  0x90, 0x90, 0x90, 0x5E, 0x25, 0x3B, 0x46, 0x46, 0x3B, 0x26, 0x25, 0x5E, 0x3A, 0x34, 0x3A, 0x5E,
  0x33, 0x1B, 0x3B, 0x13, 0x13, 0x13, 0x19, 0x26, 0x26, 0x1B, 0x66, 0x30, 0x30, 0x13, 0x26, 0x33,
  0x2F, 0x23, 0x36, 0x21, 0x21, 0x21, 0x21, 0x38, 0x2C, 0x33, 0x35, 0x6A, 0x21, 0x21, 0x36, 0x37,
  0x35, 0x33, 0x37, 0x21, 0x12, 0x12, 0x70, 0x1E, 0x01, 0x00, 0x00, 0x00, 0x00, 0x00, 0x00, 0x00,
  0x00, 0x00, 0x00, 0x00, 0x00, 0x00, 0x03, 0x02, 0xA1, 0xA9, 0xA2, 0xA9, 0x96, 0x9B, 0x40, 0xA4,
  0xA4, 0xA4, 0xAA, 0x2F, 0x95, 0x97, 0x97, 0x97, 0x97, 0x97, 0x3A, 0x1A, 0x44, 0x4E, 0x4E, 0x47,
  0x47, 0x4E, 0x4E, 0x4E, 0x47, 0x4E, 0x54, 0x48, 0x60, 0x57, 0xAB, 0xA7, 0xA7, 0xA8, 0xA8, 0xAC,
  0xAD, 0xAC, 0xA8, 0xAE, 0xAE, 0xAE, 0xAE, 0xAE, 0xAE, 0xAC, 0xAC, 0xAE, 0xAE, 0xAE, 0xA7, 0xA7,
  0xA7, 0xAE, 0xA5, 0x61, 0x78, 0x48, 0x48, 0x48, 0x48, 0x48, 0x48, 0x48, 0x53, 0x48, 0x56, 0x62,
  0x1F, 0x51, 0x71, 0x89, 0x52, 0x89, 0x89, 0x76, 0x33, 0x97, 0x97, 0x97, 0x97, 0x97, 0x97, 0x35,
  0x1B, 0x34, 0x97, 0x97, 0x97, 0x97, 0x97, 0x97, 0x90, 0x90, 0x97, 0x97, 0x3A, 0x35, 0x35, 0x35,
  0x13, 0x3B, 0x13, 0x13, 0x26, 0x33, 0x26, 0x13, 0x13, 0x3B, 0x3B, 0x42, 0x24, 0x24, 0x24, 0x42,
  0x13, 0x30, 0x30, 0x30, 0x30, 0x19, 0x19, 0x33, 0x2C, 0x2C, 0x3A, 0x37, 0x38, 0x52, 0x52, 0x34,
  0x79, 0x79, 0x2C, 0x33, 0x35, 0x35, 0x34, 0x33, 0x2C, 0x2C, 0x35, 0x6A, 0x6A, 0x6A, 0x12, 0x1E,
  0x01, 0x01, 0x01, 0x01, 0x00, 0x00, 0x00, 0x00, 0x00, 0x00, 0x00, 0x00, 0x00, 0x01, 0x01, 0x02,
  0x8A, 0x8B, 0xA9, 0xA9, 0xA9, 0x9C, 0x42, 0x9C, 0x96, 0xA2, 0x9C, 0xAA, 0x95, 0x97, 0x97, 0x95,
  0x3A, 0x35, 0x1A, 0x43, 0x4E, 0x4E, 0x47, 0x47, 0x47, 0x47, 0x4E, 0x4E, 0x47, 0x50, 0x50, 0x78,
  0xA5, 0xA7, 0xA7, 0xAE, 0xAE, 0xAE, 0xA8, 0xA8, 0xA8, 0xA8, 0xAE, 0xA8, 0xA7, 0xA7, 0xA7, 0xA8,
  0xAE, 0xA8, 0xA8, 0xA8, 0xA8, 0xA8, 0xAE, 0xAE, 0xAE, 0xAE, 0xA7, 0xAE, 0xA5, 0x78, 0x61, 0x4B,
  0x4F, 0x48, 0x48, 0x48, 0x53, 0x48, 0x48, 0x45, 0x24, 0x29, 0x35, 0x95, 0x35, 0x95, 0x77, 0x3A,
  0x3A, 0x97, 0x97, 0x97, 0x97, 0x97, 0x76, 0x26, 0x26, 0x3A, 0x97, 0x97, 0x97, 0x97, 0x97, 0x97,
  0x97, 0x97, 0x97, 0x97, 0x97, 0x97, 0x97, 0x97, 0x5E, 0x34, 0x34, 0x79, 0x26, 0x10, 0x43, 0x3B,
  0x3B, 0x3B, 0x22, 0x27, 0x27, 0x27, 0x27, 0x1F, 0x0D, 0x13, 0x26, 0x1B, 0x1B, 0x1B, 0x13, 0x2C,
  0x79, 0x79, 0x5E, 0x79, 0x79, 0x33, 0x5E, 0x79, 0x79, 0x79, 0x79, 0x79, 0x2C, 0x2C, 0x2C, 0x2C,
  0x79, 0x34, 0x52, 0x52, 0x6A, 0x6A, 0x6A, 0x2D, 0x05, 0x01, 0x01, 0x01, 0x00, 0x00, 0x00, 0x00,
  0x00, 0x00, 0x00, 0x00, 0x00, 0x01, 0x01, 0x02, 0x62, 0x74, 0x99, 0xAF, 0x9B, 0x9C, 0x9C, 0x9C,
  0xA4, 0x9C, 0x1A, 0x2F, 0x95, 0x97, 0x95, 0x95, 0x3A, 0x2F, 0x43, 0x4E, 0x47, 0x5B, 0x4E, 0x47,
  0x47, 0x47, 0x47, 0x4E, 0x6E, 0x60, 0x81, 0xA6, 0xA7, 0xAE, 0xAE, 0xA8, 0xAE, 0xAE, 0xAE, 0xAE,
  0xA8, 0xAE, 0xA7, 0xAE, 0x9D, 0xA0, 0xA5, 0xA6, 0xA7, 0xAE, 0xA8, 0xA8, 0xA8, 0xA8, 0xA8, 0xAE,
  0xAE, 0xA8, 0xA8, 0xAE, 0xA7, 0xAB, 0x78, 0x5C, 0x4B, 0x4F, 0x48, 0x48, 0x48, 0x57, 0x4B, 0x56,
  0x41, 0x29, 0x76, 0x95, 0x97, 0x97, 0x95, 0x97, 0x97, 0x3A, 0x97, 0x97, 0x97, 0x3A, 0x34, 0x26,
  0x33, 0x34, 0x97, 0x97, 0x97, 0x97, 0x97, 0x97, 0x97, 0x97, 0x97, 0x97, 0x97, 0x97, 0x97, 0x97,
  0x34, 0x34, 0x90, 0x97, 0x97, 0x35, 0x3B, 0x43, 0x43, 0x0D, 0x42, 0x80, 0x08, 0x73, 0x84, 0x2E,
  0x0C, 0x42, 0x13, 0x1B, 0x30, 0x1B, 0x10, 0x32, 0x5E, 0x79, 0x5E, 0x5E, 0x90, 0x90, 0x79, 0x79,
  0x79, 0x79, 0x79, 0x79, 0x79, 0x79, 0x79, 0x79, 0x79, 0x33, 0x37, 0x38, 0x52, 0x52, 0x36, 0x2D,
  0x06, 0x01, 0x01, 0x01, 0x00, 0x00, 0x00, 0x00, 0x00, 0x00, 0x00, 0x00, 0x00, 0x01, 0x01, 0x06,
  0x8A, 0x8B, 0x8B, 0x99, 0x9A, 0xA4, 0xB0, 0xA4, 0xAA, 0x24, 0x35, 0x35, 0x95, 0x76, 0x95, 0x95,
  0x77, 0x1A, 0x44, 0x4E, 0x47, 0x4E, 0x4E, 0x5B, 0x5B, 0x47, 0x4E, 0x86, 0xB1, 0x92, 0xA7, 0xAE,
  0xAE, 0xA8, 0xAE, 0xAE, 0xAE, 0xAE, 0xAE, 0xAE, 0xAE, 0xA7, 0xA1, 0x6C, 0x5C, 0x61, 0x5C, 0x61,
  0xA1, 0xA7, 0xAE, 0xA8, 0xA8, 0xAE, 0xAE, 0xA7, 0x9E, 0xAB, 0x9D, 0xA7, 0xAE, 0xA7, 0xA6, 0x61,
  0x5C, 0x48, 0x4F, 0x4B, 0x54, 0x57, 0x4B, 0x48, 0x45, 0x0D, 0x95, 0x97, 0x97, 0x97, 0x97, 0x97,
  0x97, 0x97, 0x97, 0x97, 0x97, 0x3A, 0x33, 0x26, 0x3A, 0x34, 0x97, 0x97, 0x97, 0x97, 0x97, 0x97,
  0x97, 0x97, 0x97, 0x97, 0x97, 0x97, 0x97, 0x97, 0x97, 0x90, 0x97, 0x97, 0x97, 0x34, 0x35, 0x13,
  0x3B, 0x24, 0x1A, 0x80, 0x94, 0x84, 0x5A, 0x8A, 0x41, 0x40, 0x46, 0x1B, 0x30, 0x19, 0x10, 0x32,
  0x5E, 0x5E, 0x5E, 0x79, 0x90, 0x90, 0x90, 0x5E, 0x79, 0x79, 0x79, 0x79, 0x79, 0x79, 0x79, 0x79,
  0x79, 0x79, 0x34, 0x35, 0x35, 0x35, 0x29, 0x2D, 0x01, 0x01, 0x01, 0x01, 0x00, 0x00, 0x00, 0x00,
  0x00, 0x00, 0x00, 0x00, 0x00, 0x00, 0x00, 0x00, 0x67, 0x42, 0x9A, 0x9A, 0xA4, 0x9B, 0x96, 0xA4,
  0xAA, 0x2F, 0x77, 0x76, 0x76, 0x76, 0x76, 0x77, 0x2F, 0x43, 0x4E, 0x5B, 0x47, 0x4E, 0x4E, 0x5B,
  0x5B, 0x4E, 0x86, 0x60, 0x9D, 0xA7, 0xA6, 0xA8, 0xA6, 0xA6, 0xA6, 0xA7, 0xAE, 0xAE, 0xA8, 0xAE,
  0xA7, 0xAB, 0x61, 0x61, 0x61, 0x61, 0x54, 0x5C, 0x78, 0x9E, 0xAE, 0xAE, 0xAE, 0xA8, 0xAE, 0xA0,
  0x61, 0x61, 0x78, 0x81, 0xA7, 0xAE, 0xA8, 0xAE, 0x61, 0x5C, 0x4B, 0x4B, 0x50, 0x5C, 0x48, 0x48,
  0x56, 0x46, 0x95, 0x97, 0x97, 0x97, 0x97, 0x97, 0x97, 0x97, 0x97, 0x97, 0x97, 0x95, 0x25, 0x25,
  0x3A, 0x34, 0x97, 0x97, 0x97, 0x97, 0x97, 0x97, 0x97, 0x97, 0x97, 0x97, 0x97, 0x97, 0x97, 0x97,
  0x97, 0x97, 0x97, 0x97, 0x97, 0x97, 0x3A, 0x35, 0x26, 0x22, 0x20, 0x27, 0x2A, 0x27, 0x27, 0x2E,
  0x2E, 0x2D, 0x42, 0x1B, 0x30, 0x18, 0x13, 0x26, 0x34, 0x5E, 0x5E, 0x5E, 0x5E, 0x90, 0x90, 0x5E,
  0x5E, 0x5E, 0x79, 0x79, 0x79, 0x79, 0x79, 0x79, 0x79, 0x5E, 0x33, 0x2C, 0x2C, 0x2C, 0x2F, 0x2D,
  0x01, 0x01, 0x01, 0x01, 0x00, 0x00, 0x00, 0x00, 0x00, 0x00, 0x00, 0x00, 0x00, 0x00, 0x02, 0x02,
  0x2D, 0x22, 0x24, 0x9C, 0xA4, 0xA3, 0xAF, 0xA4, 0x24, 0x29, 0x77, 0x76, 0x76, 0x77, 0x76, 0x8E,
  0x46, 0x43, 0x4E, 0x47, 0x5B, 0x4E, 0x6E, 0x6E, 0x4A, 0x86, 0xB1, 0x9F, 0x9E, 0xAE, 0xAE, 0x9F,
  0x6C, 0x57, 0x4B, 0xA5, 0xA7, 0xAE, 0xAE, 0xA8, 0x9E, 0xB2, 0xB3, 0x61, 0xA5, 0xAB, 0xA5, 0x81,
  0x78, 0x7B, 0xA7, 0xAE, 0xA8, 0x9E, 0x61, 0x78, 0x78, 0x5C, 0x61, 0x5C, 0x81, 0xA7, 0xAE, 0xAE,
  0x9E, 0x61, 0x5C, 0x6C, 0x50, 0x54, 0x4B, 0x48, 0x48, 0x45, 0x0E, 0x76, 0x3A, 0x97, 0x97, 0x97,
  0x97, 0x95, 0x95, 0x95, 0x97, 0x95, 0x1B, 0x33, 0x3A, 0x3A, 0x97, 0x97, 0x97, 0x97, 0x3A, 0x3A,
  0x97, 0x97, 0x97, 0x97, 0x97, 0x97, 0x97, 0x97, 0x97, 0x97, 0x97, 0x97, 0x97, 0x97, 0x97, 0x5E,
  0x25, 0x29, 0x70, 0x2A, 0x2E, 0x2A, 0x27, 0x27, 0x2A, 0x27, 0x42, 0x1B, 0x30, 0x18, 0x13, 0x1B,
  0x34, 0x5E, 0x5E, 0x5E, 0x5E, 0x5E, 0x5E, 0x5E, 0x5E, 0x5E, 0x79, 0x79, 0x79, 0x79, 0x79, 0x79,
  0x79, 0x5E, 0x5E, 0x79, 0x33, 0x33, 0x25, 0x2D, 0x02, 0x05, 0x01, 0x01, 0x00, 0x00, 0x00, 0x00,
  0x00, 0x00, 0x00, 0x00, 0x00, 0x00, 0x01, 0x00, 0x0C, 0xAA, 0x1A, 0x1A, 0x9C, 0x9B, 0xA4, 0xB0,
  0xAA, 0x35, 0x77, 0x77, 0x77, 0x77, 0x77, 0x2F, 0x43, 0x4E, 0x47, 0x69, 0x5B, 0x47, 0x74, 0x47,
  0x4E, 0x86, 0x7B, 0xAB, 0xA8, 0xA6, 0x6C, 0x78, 0x54, 0x5C, 0x57, 0x60, 0x9F, 0xA7, 0xAE, 0xA8,
  0x9E, 0x7B, 0x9F, 0xA6, 0xA7, 0xA7, 0xA7, 0xA7, 0x9E, 0x9E, 0xAE, 0xAE, 0xA8, 0x9F, 0xB3, 0x81,
  0xA5, 0xA5, 0x6C, 0x5C, 0x78, 0x9D, 0xA7, 0xA6, 0xA8, 0xA6, 0x61, 0x61, 0x50, 0x4F, 0x48, 0x48,
  0x48, 0x65, 0x41, 0x37, 0x3A, 0x95, 0x97, 0x95, 0x95, 0x95, 0x95, 0x97, 0x76, 0x5E, 0x1B, 0x3A,
  0x97, 0x97, 0x97, 0x95, 0x76, 0x35, 0x2F, 0x2F, 0x35, 0x3A, 0x97, 0x97, 0x97, 0x97, 0x97, 0x97,
  0x97, 0x97, 0x97, 0x97, 0x97, 0x97, 0x97, 0x97, 0x26, 0x29, 0x22, 0x28, 0x27, 0x2A, 0x27, 0x27,
  0x2A, 0x27, 0x42, 0x26, 0x1B, 0x18, 0x13, 0x26, 0x3A, 0x5E, 0x34, 0x5E, 0x5E, 0x5E, 0x5E, 0x5E,
  0x5E, 0x5E, 0x5E, 0x5E, 0x5E, 0x79, 0x79, 0x79, 0x79, 0x33, 0x5E, 0x5E, 0x33, 0x33, 0x0E, 0x2D,
  0x00, 0x01, 0x00, 0x00, 0x00, 0x00, 0x00, 0x00, 0x00, 0x00, 0x00, 0x00, 0x00, 0x01, 0x01, 0x06,
  0x0C, 0xAA, 0x43, 0x9C, 0x9A, 0x9C, 0x9B, 0x23, 0x29, 0x8E, 0x37, 0x77, 0x77, 0x37, 0x52, 0x1A,
  0x44, 0x4E, 0x47, 0x47, 0x4E, 0x47, 0x74, 0x47, 0x86, 0x7B, 0x9F, 0xA6, 0xAE, 0x6C, 0x78, 0x48,
  0x6C, 0x81, 0x81, 0x6C, 0xAB, 0xA7, 0xAE, 0xAE, 0xA8, 0xA8, 0xA8, 0xA8, 0xAE, 0xAE, 0xAE, 0xAE,
  0xA8, 0xA8, 0xA8, 0xAE, 0xAE, 0xAE, 0xA6, 0xA7, 0xA7, 0xA7, 0xA7, 0x9D, 0x78, 0x61, 0xAE, 0xAE,
  0xA6, 0xA8, 0xA6, 0x78, 0x60, 0x5C, 0x48, 0x54, 0x48, 0x48, 0x55, 0x2F, 0x95, 0x95, 0x95, 0x95,
  0x95, 0x76, 0x95, 0x97, 0x76, 0x25, 0x26, 0x95, 0x5E, 0x34, 0x35, 0x13, 0x3B, 0x43, 0x83, 0x83,
  0x55, 0x0E, 0x35, 0x97, 0x97, 0x97, 0x97, 0x97, 0x97, 0x97, 0x97, 0x97, 0x97, 0x97, 0x97, 0x95,
  0x26, 0x23, 0x22, 0x2D, 0x27, 0x27, 0x27, 0x27, 0x2E, 0x27, 0x84, 0x13, 0x13, 0x1B, 0x13, 0x13,
  0x2C, 0x34, 0x34, 0x34, 0x34, 0x34, 0x5E, 0x34, 0x5E, 0x5E, 0x5E, 0x5E, 0x5E, 0x5E, 0x5E, 0x5E,
  0x5E, 0x5E, 0x5E, 0x5E, 0x33, 0x25, 0x42, 0x0C, 0x06, 0x00, 0x00, 0x00, 0x00, 0x00, 0x00, 0x00,
  0x00, 0x00, 0x00, 0x00, 0x00, 0x00, 0x03, 0x0A, 0x94, 0x1A, 0x75, 0x8B, 0x99, 0x9C, 0x41, 0xAA,
  0x23, 0x35, 0x8E, 0x8E, 0x8E, 0x38, 0x22, 0x46, 0x44, 0x4E, 0x4E, 0x4E, 0x4E, 0x47, 0x6E, 0x47,
  0x86, 0xA0, 0xB4, 0xA6, 0x6C, 0x60, 0x6C, 0x9E, 0xAE, 0xA8, 0xA8, 0xA7, 0xA7, 0xAE, 0xAE, 0xA7,
  0xA8, 0xAE, 0xAE, 0xAE, 0xAE, 0xA8, 0xA8, 0xAE, 0xAE, 0xA7, 0xA6, 0xAE, 0xA7, 0xAE, 0xA8, 0xA8,
  0xAE, 0xAD, 0xA8, 0xA7, 0xA1, 0xA0, 0xA6, 0xAE, 0xAE, 0xAE, 0xA7, 0x9F, 0xB1, 0x5C, 0x48, 0x54,
  0x57, 0x4B, 0x45, 0x42, 0x77, 0x95, 0x95, 0x95, 0x76, 0x76, 0x76, 0x95, 0x77, 0x1B, 0x25, 0x3A,
  0x3A, 0x2F, 0x43, 0x85, 0x85, 0x85, 0xB5, 0x87, 0xB5, 0x44, 0x42, 0x95, 0x97, 0x97, 0x97, 0x97,
  0x97, 0x97, 0x97, 0x97, 0x97, 0x3A, 0x3A, 0x3A, 0x2C, 0x0E, 0x36, 0x22, 0x1F, 0x27, 0x2A, 0x27,
  0x2A, 0x2A, 0x1F, 0x0D, 0x13, 0x1B, 0x10, 0x13, 0x13, 0x1B, 0x34, 0x34, 0x34, 0x34, 0x34, 0x34,
  0x34, 0x34, 0x34, 0x5E, 0x5E, 0x5E, 0x5E, 0x5E, 0x5E, 0x5E, 0x5E, 0x33, 0x2F, 0x1A, 0x43, 0x82,
  0x06, 0x00, 0x00, 0x00, 0x00, 0x00, 0x00, 0x00, 0x00, 0x00, 0x00, 0x00, 0x00, 0x00, 0x05, 0x0A,
  0x67, 0x9A, 0x8B, 0x9A, 0x99, 0x9A, 0x9C, 0x42, 0xAA, 0x0E, 0x29, 0x37, 0x8E, 0x8E, 0x23, 0x43,
  0x5B, 0x4E, 0x4E, 0x47, 0x47, 0x86, 0x6E, 0x86, 0x5C, 0xB6, 0xB4, 0xA0, 0x99, 0xA5, 0xAE, 0xA8,
  0xA8, 0xAC, 0xAE, 0xA8, 0xAE, 0xA8, 0xA7, 0xAE, 0xA7, 0xA7, 0xAE, 0xAE, 0xA8, 0xA8, 0xAE, 0xA7,
  0xA6, 0x81, 0x61, 0x6C, 0x9D, 0xA7, 0xA8, 0xAE, 0xA8, 0xA8, 0xAE, 0xAE, 0xA8, 0xA7, 0xA7, 0xAE,
  0xAE, 0xA8, 0xAE, 0xA7, 0x61, 0x60, 0x48, 0x48, 0x48, 0x48, 0x56, 0x1A, 0x38, 0x77, 0x76, 0x76,
  0x76, 0x76, 0x95, 0x95, 0x95, 0x1B, 0x33, 0x35, 0x2F, 0x43, 0x85, 0xB7, 0xB5, 0x91, 0x91, 0x91,
  0x87, 0xB5, 0x83, 0x42, 0x37, 0x97, 0x97, 0x97, 0x97, 0x97, 0x97, 0x95, 0x95, 0x3A, 0x3A, 0x3A,
  0x34, 0x26, 0x23, 0x22, 0x12, 0x1F, 0x27, 0x27, 0x27, 0x27, 0x27, 0x67, 0x13, 0x10, 0x10, 0x1B,
  0x19, 0x3B, 0x34, 0x3A, 0x3A, 0x34, 0x5E, 0x34, 0x3A, 0x34, 0x34, 0x34, 0x34, 0x34, 0x5E, 0x5E,
  0x5E, 0x34, 0x5E, 0x33, 0x2F, 0x1A, 0x1A, 0x0C, 0x00, 0x01, 0x01, 0x01, 0x00, 0x00, 0x00, 0x00,
  0x00, 0x00, 0x00, 0x00, 0x00, 0x01, 0x01, 0x02, 0x0C, 0x72, 0x9A, 0x74, 0x8B, 0x9C, 0x9A, 0x23,
  0x0E, 0x2F, 0x35, 0x35, 0x8E, 0x8D, 0x42, 0x44, 0x4E, 0x47, 0x47, 0x47, 0x4E, 0x86, 0x86, 0x60,
  0xB4, 0xB6, 0x9E, 0x9E, 0xA1, 0xA7, 0xAE, 0xAE, 0xAE, 0xA8, 0xA8, 0xAE, 0xA8, 0xA6, 0xA0, 0x6C,
  0x6C, 0x9D, 0xA7, 0xAE, 0xAE, 0xAE, 0xA8, 0x9D, 0x61, 0x5C, 0x61, 0x61, 0x78, 0xA5, 0xA7, 0xAE,
  0xAE, 0xAE, 0xAE, 0xA7, 0xAE, 0x9D, 0xAB, 0xA6, 0xAE, 0xAE, 0xAE, 0xA7, 0x9E, 0x7F, 0x54, 0x48,
  0x48, 0x48, 0x48, 0x4C, 0x23, 0x76, 0x77, 0x77, 0x77, 0x76, 0x95, 0x77, 0x33, 0x1B, 0x35, 0x2F,
  0x43, 0x85, 0x8C, 0x85, 0xB5, 0x91, 0x91, 0x91, 0x91, 0x87, 0xB5, 0x43, 0x0D, 0x3A, 0x95, 0x95,
  0x95, 0x97, 0x95, 0x95, 0x95, 0x95, 0x3A, 0x3A, 0x3A, 0x33, 0x26, 0x23, 0x22, 0x12, 0x07, 0x4D,
  0x68, 0x2E, 0x02, 0x46, 0x3B, 0x3B, 0x3B, 0x3B, 0x3B, 0x1A, 0x24, 0x2F, 0x2F, 0x35, 0x35, 0x35,
  0x35, 0x35, 0x35, 0x35, 0x34, 0x34, 0x34, 0x5E, 0x34, 0x35, 0x35, 0x35, 0x2F, 0x24, 0x40, 0x0F,
  0x00, 0x01, 0x01, 0x01, 0x00, 0x00, 0x00, 0x00, 0x00, 0x00, 0x00, 0x00, 0x00, 0x01, 0x01, 0x00,
  0x2D, 0x1A, 0x9A, 0x9A, 0x55, 0x9A, 0x1A, 0x23, 0x89, 0x89, 0x89, 0x8E, 0x89, 0x8D, 0x55, 0x6E,
  0x4E, 0x47, 0x47, 0x47, 0x47, 0x86, 0x86, 0xA0, 0xB4, 0xB6, 0x9E, 0xA7, 0xA7, 0xA7, 0xA7, 0xAE,
  0xAE, 0xAE, 0xAE, 0xA8, 0x9E, 0x61, 0x78, 0x5C, 0x54, 0x78, 0x9F, 0xA8, 0xAE, 0xA8, 0x9E, 0x99,
  0x78, 0x61, 0x6C, 0x61, 0x61, 0x99, 0x9D, 0xA8, 0xA8, 0xAE, 0xAE, 0x9D, 0x6C, 0x61, 0x5C, 0x6C,
  0x9E, 0xA8, 0xAE, 0xAE, 0xA7, 0x6C, 0x50, 0x4B, 0x53, 0x48, 0x48, 0x45, 0x24, 0x37, 0x77, 0x77,
  0x77, 0x77, 0x76, 0x77, 0x25, 0x26, 0x35, 0x3B, 0x85, 0x8C, 0x8C, 0xB7, 0xB5, 0x91, 0xB5, 0x91,
  0x91, 0x91, 0x91, 0xB5, 0x43, 0x25, 0x76, 0x3A, 0x95, 0x95, 0x95, 0x95, 0x76, 0x76, 0x76, 0x3A,
  0x3A, 0x77, 0x35, 0x26, 0x0E, 0x41, 0x43, 0x6E, 0x75, 0x75, 0x75, 0x55, 0x3B, 0x3B, 0x13, 0x26,
  0x42, 0x42, 0x23, 0x42, 0x1A, 0x24, 0x24, 0x24, 0x24, 0x46, 0xAA, 0x23, 0x2F, 0x35, 0x34, 0x34,
  0x34, 0x35, 0x35, 0x25, 0x1A, 0x1A, 0x46, 0x8A, 0x0A, 0x04, 0x01, 0x01, 0x00, 0x00, 0x00, 0x00,
  0x00, 0x00, 0x00, 0x00, 0x00, 0x01, 0x01, 0x02, 0x0C, 0x9C, 0x1A, 0x42, 0x42, 0x9C, 0xAA, 0x2F,
  0x77, 0x77, 0x2F, 0x2F, 0x8E, 0x29, 0x43, 0x4E, 0x4E, 0x4E, 0x4E, 0x4E, 0x86, 0x74, 0x86, 0xA0,
  0xB4, 0xB6, 0x9E, 0x9D, 0x6C, 0x7B, 0xAB, 0xAE, 0xAE, 0xAE, 0xA8, 0x9D, 0xB2, 0x78, 0x6C, 0x81,
  0x6C, 0x61, 0x78, 0xAB, 0xA7, 0xAE, 0xA6, 0xA0, 0xAB, 0xA6, 0xA7, 0x9E, 0x9F, 0x7B, 0x9D, 0xA8,
  0xAE, 0xA8, 0x9D, 0x99, 0x78, 0x5C, 0x54, 0x5C, 0x61, 0xA6, 0xAE, 0xAE, 0xA8, 0x9E, 0x78, 0x4B,
  0x53, 0x48, 0x57, 0x65, 0x42, 0x38, 0x77, 0x77, 0x77, 0x77, 0x77, 0x37, 0x26, 0x2F, 0x25, 0x43,
  0x88, 0x85, 0x4A, 0x74, 0xB5, 0x87, 0x87, 0xB5, 0x87, 0x91, 0x87, 0xB5, 0x46, 0x37, 0x35, 0x76,
  0x76, 0x76, 0x76, 0x76, 0x76, 0x76, 0x76, 0x76, 0x76, 0x76, 0x37, 0x37, 0x42, 0x44, 0x74, 0x87,
  0x8B, 0x50, 0x84, 0x42, 0x24, 0x29, 0x29, 0x52, 0x23, 0x43, 0x75, 0x84, 0x59, 0x59, 0x45, 0x75,
  0x55, 0x5B, 0x73, 0x62, 0x24, 0x23, 0x35, 0x35, 0x34, 0x3A, 0x35, 0x2F, 0x0E, 0x1A, 0x9C, 0x94,
  0x06, 0x05, 0x01, 0x01, 0x00, 0x00, 0x00, 0x00, 0x00, 0x00, 0x00, 0x00, 0x00, 0x01, 0x01, 0x0A,
  0x0C, 0x1A, 0x1A, 0x0E, 0x26, 0xAA, 0x2F, 0x2C, 0x33, 0x25, 0x25, 0x25, 0x35, 0x24, 0x44, 0x4E,
  0x47, 0x47, 0x47, 0x4E, 0x74, 0x91, 0x5C, 0xB4, 0xB6, 0x9F, 0x9F, 0x78, 0x78, 0x78, 0x78, 0x7B,
  0xAE, 0xAE, 0xA8, 0x9D, 0x7B, 0x9D, 0xA7, 0xA7, 0xAE, 0x9E, 0x9F, 0x9E, 0xA8, 0xA8, 0xA8, 0xA7,
  0xA7, 0xA8, 0xAE, 0xA8, 0xA7, 0xA8, 0xA8, 0xA8, 0xA8, 0xA8, 0x9E, 0x7B, 0xA0, 0xAB, 0xA5, 0x4B,
  0x78, 0x9F, 0xA8, 0xAE, 0xA8, 0xAE, 0x61, 0x5C, 0x4B, 0x48, 0x4B, 0x5C, 0x41, 0x52, 0x77, 0x8E,
  0x77, 0x77, 0x77, 0x29, 0x26, 0x23, 0x37, 0x42, 0x85, 0x91, 0xA5, 0x48, 0xB5, 0x4B, 0x5C, 0x86,
  0xB5, 0xB5, 0x87, 0xB5, 0x43, 0x35, 0x76, 0x95, 0x95, 0x77, 0x77, 0x77, 0x77, 0x76, 0x76, 0x76,
  0x77, 0x77, 0x76, 0x52, 0x0E, 0x88, 0x83, 0x65, 0x7F, 0x74, 0x49, 0x92, 0xB8, 0xB9, 0x24, 0xAA,
  0xB9, 0x48, 0x87, 0xB1, 0x6E, 0x75, 0x6E, 0x87, 0x74, 0x6E, 0x44, 0x49, 0x73, 0x24, 0x24, 0x23,
  0x23, 0x35, 0x35, 0x23, 0x23, 0x23, 0x23, 0x2D, 0x01, 0x01, 0x01, 0x01, 0x00, 0x00, 0x00, 0x00,
  0x00, 0x00, 0x00, 0x00, 0x00, 0x01, 0x01, 0x02, 0x0C, 0x1A, 0x3B, 0x25, 0x25, 0x26, 0x25, 0x2C,
  0x25, 0x25, 0x25, 0x25, 0x35, 0x1A, 0x44, 0x4E, 0x47, 0x47, 0x47, 0x4E, 0x86, 0x86, 0xA0, 0xB6,
  0xB6, 0xA0, 0x78, 0xB3, 0x81, 0x81, 0x7B, 0x7B, 0xAE, 0xAE, 0xAC, 0xA8, 0xA8, 0xA7, 0xAE, 0xAE,
  0xA8, 0xA8, 0xA7, 0xA8, 0xA8, 0xA8, 0xA8, 0xA8, 0xAE, 0xA8, 0xAC, 0xA8, 0xAE, 0xAE, 0xA8, 0xA8,
  0xA8, 0xAE, 0xA8, 0xA8, 0xA8, 0xA8, 0xA7, 0xA6, 0x7B, 0xB3, 0xAE, 0xA8, 0xAE, 0xA7, 0x6C, 0x5C,
  0x4B, 0x4B, 0x57, 0x5C, 0x41, 0x52, 0x8E, 0x8E, 0x8E, 0x77, 0x77, 0x23, 0x26, 0x29, 0x52, 0x42,
  0x85, 0x60, 0x9F, 0x9E, 0x5C, 0x6C, 0x9F, 0x9F, 0xA0, 0x69, 0x87, 0x8C, 0x1A, 0x38, 0x76, 0x77,
  0x77, 0x77, 0x77, 0x77, 0x77, 0x77, 0x77, 0x77, 0x77, 0x77, 0x37, 0x52, 0x23, 0x44, 0x8F, 0x45,
  0x6E, 0x85, 0x74, 0xB3, 0xBA, 0xBB, 0xA3, 0x99, 0xBA, 0xBA, 0xB4, 0xB4, 0x78, 0xB1, 0x4A, 0xB1,
  0x50, 0x74, 0x85, 0x4A, 0x56, 0x4A, 0x4A, 0x41, 0x0E, 0x23, 0x23, 0x35, 0x35, 0x37, 0x23, 0x2D,
  0x00, 0x01, 0x01, 0x01, 0x00, 0x00, 0x00, 0x00, 0x00, 0x00, 0x00, 0x00, 0x00, 0x00, 0x05, 0x02,
  0x0C, 0x1A, 0x1A, 0x0E, 0x2F, 0x2F, 0x2F, 0xAA, 0xAA, 0x25, 0x25, 0x25, 0x2F, 0x41, 0x44, 0x4E,
  0x47, 0x5B, 0x5B, 0x4E, 0x87, 0x60, 0xB4, 0xB6, 0xB6, 0xB2, 0x78, 0x9D, 0xA7, 0xA7, 0xA8, 0xA8,
  0xAE, 0xAE, 0xA8, 0xAE, 0xAE, 0xAE, 0xA8, 0xA8, 0xA8, 0xA8, 0xA8, 0xA8, 0xA8, 0xA8, 0xA8, 0xA8,
  0xA8, 0xA8, 0xA8, 0xA8, 0xA8, 0xA8, 0xA8, 0xA8, 0xA8, 0xA8, 0xA8, 0xA8, 0xAE, 0xAE, 0xAE, 0xA8,
  0xAE, 0x9D, 0xA8, 0xA8, 0xAE, 0xA7, 0xA0, 0x78, 0x4B, 0x48, 0x57, 0x48, 0x45, 0x29, 0x38, 0x38,
  0x77, 0x77, 0x52, 0x24, 0xAA, 0x29, 0x38, 0x2F, 0x83, 0x5B, 0xA0, 0xA0, 0x9E, 0x9E, 0xAB, 0x9F,
  0xA6, 0x9F, 0x6C, 0x55, 0x24, 0x38, 0x37, 0x77, 0x77, 0x77, 0x77, 0x77, 0x77, 0x77, 0x77, 0x77,
  0x77, 0x8E, 0x29, 0x46, 0x43, 0x83, 0x8F, 0x74, 0x88, 0x87, 0xB1, 0x99, 0xB3, 0xBC, 0xAF, 0xB3,
  0xAF, 0xBC, 0xBA, 0xBA, 0xBC, 0xA2, 0x78, 0x78, 0x61, 0x6C, 0xB1, 0x87, 0x50, 0x50, 0x87, 0x83,
  0x43, 0x41, 0x40, 0x23, 0x23, 0x35, 0x23, 0x2D, 0x02, 0x00, 0x00, 0x00, 0x00, 0x00, 0x00, 0x00,
  0x00, 0x00, 0x00, 0x00, 0x00, 0x00, 0x05, 0x02, 0x67, 0x1A, 0x1A, 0x42, 0xAA, 0xAA, 0xAA, 0xA4,
  0xB0, 0xAA, 0xAA, 0x25, 0x2F, 0x46, 0x6E, 0x4E, 0x47, 0x5B, 0x5B, 0x4E, 0x87, 0x6C, 0xB4, 0xB4,
  0xB6, 0xBC, 0xA6, 0xA7, 0xAE, 0xAE, 0xAE, 0xAE, 0xA8, 0xA8, 0xA8, 0xA8, 0xA8, 0xA8, 0xA8, 0xA8,
  0xA8, 0xA8, 0xA8, 0xA8, 0xA8, 0xA8, 0xA8, 0xA8, 0xA8, 0xA8, 0xA8, 0xA8, 0xA8, 0xA8, 0xA8, 0xA8,
  0xA8, 0xA8, 0xA8, 0xA8, 0xA8, 0xA8, 0xA8, 0xAE, 0xA8, 0xA8, 0xA8, 0xA8, 0xAE, 0xA7, 0x9D, 0x78,
  0x4B, 0x53, 0x48, 0x54, 0x41, 0x22, 0x38, 0x8E, 0x8E, 0x8E, 0x22, 0x42, 0x42, 0x6A, 0x37, 0x29,
  0x24, 0x41, 0x64, 0x57, 0xAB, 0xAC, 0xBD, 0x7B, 0x9E, 0xA6, 0x84, 0x29, 0x6A, 0x38, 0x38, 0x8E,
  0x8E, 0x8E, 0x37, 0x37, 0x77, 0x37, 0x37, 0x8E, 0x8E, 0x29, 0x1A, 0x75, 0x75, 0x99, 0x93, 0x8C,
  0x7F, 0x7F, 0x7F, 0xBC, 0xBE, 0xBE, 0xBF, 0xBC, 0xB3, 0xB3, 0xAF, 0xAF, 0xB3, 0xA2, 0xB2, 0x78,
  0x6C, 0x64, 0x92, 0x64, 0x7F, 0xB1, 0x87, 0x91, 0x85, 0x44, 0x41, 0x24, 0x23, 0x23, 0x24, 0x0C,
  0x02, 0x00, 0x00, 0x00, 0x00, 0x00, 0x00, 0x00, 0x00, 0x00, 0x00, 0x00, 0x00, 0x00, 0x05, 0x0A,
  0x82, 0x9B, 0xA4, 0x9A, 0x43, 0x9A, 0xA3, 0xC0, 0xB0, 0xB0, 0xAA, 0x25, 0x0E, 0x43, 0x5B, 0x4E,
  0x47, 0x5B, 0x4E, 0x47, 0x87, 0xA0, 0xB4, 0xB6, 0xB4, 0xAD, 0xA8, 0xAE, 0xA8, 0xA8, 0xA8, 0xA8,
  0xA8, 0xA8, 0xA8, 0xA8, 0xA8, 0xA8, 0xA8, 0xA8, 0xA8, 0xA8, 0xA8, 0xA8, 0xA8, 0xA8, 0xA8, 0xA8,
  0xA8, 0xA8, 0xA8, 0xA8, 0xA8, 0xA8, 0xA8, 0xA8, 0xA8, 0xA8, 0xA8, 0xA8, 0xA8, 0xA8, 0xA8, 0xA8,
  0xA8, 0xAE, 0xA8, 0xA8, 0xAE, 0xA7, 0xA0, 0x60, 0x4B, 0x4F, 0x48, 0x54, 0x41, 0x22, 0x52, 0x8E,
  0x8E, 0x29, 0x24, 0x63, 0x49, 0x22, 0x52, 0x29, 0x89, 0x22, 0x72, 0x9F, 0x9E, 0x9E, 0xAD, 0x9E,
  0x9E, 0xA0, 0x84, 0x22, 0x24, 0x24, 0x52, 0x38, 0x8E, 0x8E, 0x8E, 0x8E, 0x37, 0x37, 0x38, 0x8E,
  0x8E, 0x6A, 0x46, 0x4A, 0x81, 0x81, 0x7B, 0xAF, 0xBE, 0xBC, 0xAF, 0xAF, 0xBC, 0xBA, 0xBA, 0xBA,
  0xBD, 0xAF, 0x7F, 0xA2, 0xB2, 0x7F, 0x7F, 0x7F, 0x78, 0x6C, 0x6C, 0xA1, 0xA1, 0x7F, 0xB1, 0x7F,
  0x8B, 0x45, 0x5B, 0x75, 0x40, 0x23, 0x24, 0x0C, 0x02, 0x00, 0x00, 0x00, 0x00, 0x00, 0x00, 0x00,
  0x00, 0x00, 0x00, 0x00, 0x00, 0x00, 0x01, 0x06, 0x82, 0x9B, 0x9C, 0x99, 0x99, 0xA9, 0xA3, 0xBC,
  0xA3, 0xA4, 0xAA, 0x25, 0xAA, 0x43, 0x6E, 0x47, 0x4E, 0x5B, 0x4E, 0x86, 0x69, 0xB4, 0xB6, 0xB6,
  0xB4, 0xAD, 0xA8, 0xAE, 0xA8, 0xA8, 0xA8, 0xA8, 0xA8, 0xA8, 0xA8, 0xA8, 0xA8, 0xA8, 0xA8, 0xA8,
  0xA8, 0xA8, 0xA8, 0xA8, 0xA8, 0xA8, 0xA8, 0xA8, 0xA8, 0xA8, 0xA8, 0xA8, 0xA8, 0xA8, 0xA8, 0xA8,
  0xA8, 0xA8, 0xA8, 0xA8, 0xA8, 0xA8, 0xA8, 0xA8, 0xA8, 0xA8, 0xA8, 0xA8, 0xA8, 0xA7, 0x9D, 0x78,
  0x4B, 0x53, 0x48, 0x48, 0x4C, 0x23, 0x89, 0x89, 0x6A, 0x23, 0x80, 0x9D, 0x84, 0x24, 0x52, 0x52,
  0x38, 0x6A, 0x84, 0x9F, 0xA6, 0x9E, 0xBD, 0xC1, 0xBD, 0xBE, 0xBE, 0xBF, 0xBE, 0xC0, 0xB9, 0x52,
  0x8E, 0x8E, 0x8E, 0x8E, 0x37, 0x38, 0x8E, 0x8E, 0x89, 0x71, 0x24, 0x8C, 0x5B, 0x78, 0xB2, 0xB2,
  0xB3, 0xAF, 0xAF, 0xBC, 0xBC, 0xBF, 0xB3, 0xBA, 0xBD, 0xB4, 0xB2, 0xB3, 0x61, 0x61, 0x7B, 0x81,
  0x81, 0x54, 0x60, 0x60, 0x64, 0x6C, 0x7F, 0x8B, 0x86, 0x50, 0x60, 0x74, 0x4A, 0x4C, 0x73, 0x67,
  0x02, 0x01, 0x00, 0x00, 0x00, 0x00, 0x00, 0x00, 0x00, 0x00, 0x00, 0x00, 0x00, 0x00, 0x01, 0x0A,
  0x82, 0x9B, 0x96, 0x7F, 0x99, 0x96, 0x96, 0x9B, 0xB0, 0xAA, 0x26, 0x26, 0xAA, 0x43, 0x6E, 0x4E,
  0x5B, 0x5B, 0x4E, 0x86, 0x5C, 0xB4, 0xB6, 0xB6, 0xB4, 0xAD, 0xA8, 0xAE, 0xA8, 0xA8, 0xA8, 0xA8,
  0xA8, 0xA8, 0xA8, 0xA8, 0xA8, 0xA8, 0xA8, 0xA8, 0xA8, 0xA8, 0xA8, 0xA8, 0xA8, 0xA8, 0xA8, 0xA8,
  0xA8, 0xA8, 0xA8, 0xA8, 0xA8, 0xA8, 0xA8, 0xA8, 0xA8, 0xA8, 0xA8, 0xA8, 0xA8, 0xA8, 0xA8, 0xA8,
  0xA8, 0xA8, 0xA8, 0xA8, 0xA8, 0xA8, 0xA6, 0x78, 0x57, 0x48, 0x48, 0x48, 0x4C, 0x23, 0x89, 0x89,
  0x51, 0x84, 0x64, 0xAE, 0x84, 0x29, 0x52, 0x52, 0x52, 0x22, 0x98, 0xBC, 0xB4, 0xB6, 0xA0, 0xBD,
  0xB6, 0xBD, 0xBD, 0xC2, 0xC1, 0xC1, 0xBE, 0x24, 0x52, 0x8E, 0x8E, 0x8E, 0x8E, 0x8E, 0x8E, 0x52,
  0x89, 0x71, 0x42, 0x88, 0x8C, 0xB1, 0x78, 0x99, 0xB3, 0xB2, 0xAF, 0xAF, 0xB2, 0xBC, 0xB3, 0xBC,
  0xBC, 0xBE, 0xBE, 0xA0, 0x78, 0x6C, 0xA1, 0xA7, 0x09, 0x05, 0x8A, 0x48, 0xB5, 0xB1, 0x7F, 0x86,
  0x86, 0xB1, 0x65, 0x72, 0x56, 0x75, 0x74, 0x62, 0x09, 0x01, 0x00, 0x00, 0x00, 0x00, 0x00, 0x00,
  0x00, 0x00, 0x00, 0x00, 0x00, 0x00, 0x01, 0x02, 0x94, 0x9B, 0x96, 0x9B, 0x9C, 0xB0, 0xAA, 0x24,
  0x2F, 0x26, 0x26, 0x26, 0x25, 0x43, 0x47, 0x4E, 0x5B, 0x5B, 0x4E, 0x86, 0x7B, 0xB4, 0xB6, 0xB6,
  0xB6, 0xA6, 0xA8, 0xA8, 0xA8, 0xA8, 0xA8, 0xA8, 0xA8, 0xA8, 0xA8, 0xA8, 0xA8, 0xA8, 0xA8, 0xA8,
  0xA8, 0xA8, 0xA8, 0xA8, 0xA8, 0xA8, 0xA8, 0xA8, 0xA8, 0xA8, 0xA8, 0xA8, 0xA8, 0xA8, 0xA8, 0xA8,
  0xA8, 0xA8, 0xA8, 0xA8, 0xA8, 0xA8, 0xA8, 0xA8, 0xA8, 0xA8, 0xA8, 0xA8, 0xA8, 0xA7, 0x9D, 0x7F,
  0x48, 0x53, 0x48, 0x48, 0x56, 0x22, 0x89, 0x8D, 0x23, 0x72, 0x9D, 0xA5, 0x24, 0x71, 0x52, 0x6A,
  0x6A, 0x84, 0xBE, 0xC1, 0xC2, 0xBC, 0xB6, 0xB6, 0xB4, 0xC1, 0xB6, 0xC2, 0xC1, 0xC1, 0xBD, 0xB9,
  0x6A, 0x89, 0x89, 0x89, 0x89, 0x89, 0x89, 0x8D, 0x71, 0x22, 0x43, 0x8C, 0x8C, 0x7F, 0x61, 0x7B,
  0xB2, 0xA2, 0x7B, 0x7F, 0x7F, 0xB2, 0xB3, 0xB2, 0xB3, 0xB3, 0x7B, 0xA0, 0xA0, 0xA5, 0x92, 0x05,
  0x62, 0x82, 0x0F, 0x80, 0x74, 0xB7, 0x86, 0xB1, 0x86, 0xB1, 0xB1, 0x72, 0x62, 0x48, 0x86, 0x8A,
  0x02, 0x01, 0x00, 0x00, 0x00, 0x00, 0x00, 0x00, 0x00, 0x00, 0x00, 0x00, 0x00, 0x00, 0x01, 0x02,
  0x67, 0x9B, 0x9B, 0xA4, 0xA4, 0xAA, 0x0E, 0x2F, 0x25, 0x1B, 0x13, 0x26, 0xAA, 0x43, 0x5B, 0x47,
  0x47, 0x4E, 0x4E, 0x86, 0xA0, 0xB6, 0xB6, 0xB6, 0xB4, 0xAD, 0xA8, 0xA8, 0xA8, 0xA8, 0xA8, 0xA8,
  0xA8, 0xA8, 0xA8, 0xA8, 0xA8, 0xA8, 0xA8, 0xA8, 0xA8, 0xA8, 0xA8, 0xA8, 0xA8, 0xA8, 0xA8, 0xA8,
  0xA8, 0xA8, 0xA8, 0xA8, 0xA8, 0xA8, 0xA8, 0xA8, 0xA8, 0xA8, 0xAE, 0xAE, 0xAE, 0xAE, 0xAE, 0xA8,
  0xA8, 0xA8, 0xA8, 0xA8, 0xA8, 0xA8, 0x9E, 0x60, 0x4F, 0x53, 0x48, 0x48, 0x4C, 0x22, 0x6A, 0x22,
  0x72, 0xAB, 0xA6, 0xB9, 0x70, 0x6A, 0x6A, 0x6A, 0x36, 0x64, 0xB4, 0xC1, 0xC2, 0xBC, 0xB4, 0x7A,
  0xBD, 0xC1, 0xC2, 0xB4, 0xC1, 0xC1, 0xC1, 0xBA, 0x22, 0x8D, 0x89, 0x8D, 0x8D, 0x8D, 0x8D, 0x8D,
  0x71, 0x6A, 0x75, 0x93, 0x87, 0x4A, 0x99, 0x60, 0x7F, 0xB3, 0xB2, 0x7F, 0xB3, 0xB3, 0xB2, 0x99,
  0x99, 0x99, 0xB2, 0xB3, 0x7B, 0xA5, 0x81, 0xA5, 0xAB, 0xA1, 0xA1, 0x5C, 0xB1, 0x74, 0x87, 0x86,
  0x87, 0x86, 0xB1, 0x69, 0x56, 0x50, 0x50, 0x8A, 0x00, 0x00, 0x00, 0x00, 0x00, 0x00, 0x00, 0x00,
  0x00, 0x00, 0x00, 0x00, 0x00, 0x00, 0x04, 0x02, 0x82, 0xA4, 0xA4, 0x9A, 0xAA, 0xAA, 0x0E, 0x2F,
  0x25, 0x25, 0x26, 0x25, 0xAA, 0x43, 0x6E, 0x47, 0x47, 0x4E, 0x47, 0x69, 0xB6, 0xB6, 0xB6, 0xB6,
  0xB6, 0xAD, 0xA8, 0xA8, 0xA8, 0xA8, 0xA8, 0xA8, 0xA8, 0xA8, 0xA8, 0xA8, 0xA8, 0xA8, 0xA8, 0xA8,
  0xA8, 0xA8, 0xA8, 0xA8, 0xA8, 0xA8, 0xA8, 0xA8, 0xA8, 0xA8, 0xA8, 0xA8, 0xA8, 0xA8, 0xA8, 0xA8,
  0xA8, 0xA8, 0xAE, 0xAE, 0xAE, 0xAE, 0xAE, 0xA8, 0xA8, 0xA8, 0xA8, 0xA8, 0xA8, 0xA8, 0xA6, 0x60,
  0x53, 0x4B, 0x57, 0x78, 0x78, 0x98, 0x98, 0x61, 0xA0, 0xA6, 0xA6, 0x5A, 0x51, 0x6A, 0x6A, 0x6A,
  0x36, 0x64, 0xB4, 0xC1, 0xB6, 0x7A, 0xB6, 0xC2, 0xB4, 0xB6, 0xC2, 0xB4, 0xC1, 0xC1, 0xC1, 0xBA,
  0x12, 0x8D, 0x8D, 0x8D, 0x71, 0x8D, 0x8D, 0x71, 0x6A, 0x51, 0x1A, 0x44, 0x74, 0x87, 0x7F, 0xB3,
  0xB3, 0xB3, 0xB3, 0xB3, 0xB3, 0xB3, 0xB2, 0xA2, 0xB2, 0xB3, 0xBE, 0xAF, 0x61, 0x7B, 0xA0, 0xA5,
  0x81, 0x64, 0x6C, 0x87, 0x87, 0x74, 0xB5, 0x91, 0x87, 0x74, 0x75, 0x81, 0x86, 0x6E, 0x4A, 0x8A,
  0x02, 0x01, 0x00, 0x00, 0x00, 0x00, 0x00, 0x00, 0x00, 0x00, 0x00, 0x00, 0x00, 0x00, 0x01, 0x0A,
  0x82, 0x9B, 0xA4, 0x9B, 0x1A, 0x24, 0x25, 0x25, 0x26, 0x25, 0x26, 0x26, 0xAA, 0x55, 0x44, 0x4E,
  0x47, 0x4E, 0x6E, 0xB1, 0xB6, 0xB6, 0xB6, 0xB6, 0xB6, 0xA6, 0xA8, 0xAE, 0xA8, 0xA8, 0xA8, 0xA8,
  0xA8, 0xA8, 0xA8, 0xA8, 0xA8, 0xA8, 0xA8, 0xA8, 0xA8, 0xA8, 0xA8, 0xA8, 0xA8, 0xA8, 0xA8, 0xA8,
  0xA8, 0xA8, 0xA8, 0xA8, 0xA8, 0xA8, 0xA8, 0xA8, 0xA8, 0xA8, 0xAE, 0xAE, 0xAE, 0xAE, 0xAE, 0xA8,
  0xA8, 0xA8, 0xA8, 0xA8, 0xA8, 0xA8, 0x9D, 0xB1, 0x48, 0x5C, 0x78, 0xB6, 0xC1, 0xC1, 0xC1, 0xBD,
  0xB6, 0xB4, 0x9D, 0x64, 0x20, 0x21, 0x6A, 0x8D, 0x12, 0x64, 0xB6, 0xC1, 0xB4, 0xB2, 0xB4, 0xC1,
  0xC1, 0xC2, 0xC2, 0xB4, 0xC1, 0xC1, 0xC1, 0xB0, 0x51, 0x71, 0x71, 0x71, 0x71, 0x71, 0x71, 0x71,
  0x6A, 0x6B, 0x41, 0x93, 0x87, 0x87, 0x99, 0xA2, 0xBC, 0xBC, 0xAF, 0xAF, 0xAF, 0xB3, 0x99, 0xB3,
  0xB2, 0xB3, 0xAF, 0xB2, 0x61, 0x6C, 0x61, 0x6C, 0x64, 0x54, 0x87, 0x87, 0x87, 0x93, 0x91, 0xB5,
  0x93, 0x87, 0x6E, 0x81, 0x48, 0xB1, 0x87, 0x8A, 0x0B, 0x01, 0x00, 0x00, 0x00, 0x00, 0x00, 0x00,
  0x00, 0x00, 0x00, 0x00, 0x00, 0x01, 0x01, 0x02, 0x82, 0x75, 0x96, 0xB9, 0x46, 0x42, 0x26, 0x26,
  0x1B, 0x26, 0x26, 0x13, 0xAA, 0x46, 0x44, 0x4E, 0x47, 0x4E, 0x47, 0xB1, 0xB6, 0xB6, 0xB6, 0xB6,
  0xB6, 0x9E, 0xA8, 0xAE, 0xA8, 0xA8, 0xA8, 0xA8, 0xA8, 0xA8, 0xA8, 0xA8, 0xA8, 0xA8, 0xA8, 0xA8,
  0xA8, 0xA8, 0xA8, 0xA8, 0xA8, 0xA8, 0xA8, 0xA8, 0xA8, 0xA8, 0xA8, 0xA8, 0xA8, 0xA8, 0xA8, 0xA8,
  0xA8, 0xA8, 0xAE, 0xAE, 0xAE, 0xAE, 0xAE, 0xA8, 0xA8, 0xA8, 0xA8, 0xA8, 0xA8, 0xA8, 0x9E, 0xB1,
  0x60, 0x7A, 0xB4, 0xC1, 0xC1, 0xC1, 0xC1, 0xC1, 0xC1, 0xB4, 0xB2, 0x60, 0x72, 0x20, 0x6A, 0x8D,
  0x70, 0x81, 0xB4, 0xC1, 0xBD, 0x7A, 0xC2, 0xC1, 0xC1, 0xC2, 0xC2, 0xBD, 0xC1, 0xC1, 0xC1, 0xB0,
  0x51, 0x5D, 0x5D, 0x21, 0x21, 0x5D, 0x21, 0x51, 0x5D, 0x70, 0x74, 0x91, 0x7F, 0x7F, 0xB3, 0xAF,
  0xA2, 0xBC, 0xBC, 0xB2, 0xB2, 0xB2, 0x86, 0xB2, 0x99, 0x7F, 0xB1, 0x87, 0xB1, 0x86, 0x86, 0x7F,
  0x48, 0x50, 0x87, 0x87, 0x91, 0x91, 0x93, 0xB5, 0xB7, 0xB7, 0xB5, 0xB1, 0x56, 0x86, 0x74, 0x8A,
  0x0A, 0x01, 0x00, 0x00, 0x00, 0x00, 0x00, 0x00, 0x00, 0x00, 0x00, 0x00, 0x00, 0x01, 0x00, 0x00,
  0x05, 0x55, 0x8B, 0x84, 0x42, 0x42, 0x13, 0x13, 0x13, 0x13, 0x26, 0x13, 0x1A, 0x46, 0x44, 0x5B,
  0x47, 0x4E, 0x47, 0x69, 0xB6, 0xB6, 0xB6, 0xB6, 0xB6, 0x9E, 0xA8, 0xA8, 0xA8, 0xA8, 0xA8, 0xA8,
  0xA8, 0xA8, 0xA8, 0xA8, 0xA8, 0xA8, 0xA8, 0xA8, 0xA8, 0xA8, 0xA8, 0xA8, 0xA8, 0xA8, 0xA8, 0xA8,
  0xA8, 0xA8, 0xA8, 0xA8, 0xA8, 0xA8, 0xA8, 0xA8, 0xA8, 0xA8, 0xAE, 0xAE, 0xAE, 0xAE, 0xAE, 0xA8,
  0xA8, 0xA8, 0xA8, 0xA8, 0xAE, 0xA8, 0xAB, 0x78, 0x7A, 0xB6, 0xB4, 0xC1, 0xC1, 0xC1, 0xC1, 0xC1,
  0xC1, 0xBD, 0xB6, 0x7B, 0x60, 0x62, 0x21, 0x71, 0x70, 0x98, 0xB4, 0xBD, 0xC1, 0x7A, 0x7A, 0xBD,
  0xC1, 0xB6, 0xC2, 0xC2, 0xB4, 0xBD, 0xBB, 0xB0, 0x6B, 0x5D, 0x5D, 0x5D, 0x5D, 0x5D, 0x51, 0x6B,
  0x70, 0x44, 0x8C, 0x87, 0x78, 0xA2, 0x7B, 0x7A, 0xB3, 0xB3, 0xB2, 0x7F, 0x86, 0x7F, 0xB1, 0x7F,
  0x86, 0x87, 0x86, 0x50, 0x86, 0x91, 0x91, 0xB5, 0x91, 0x74, 0x91, 0xB5, 0xB5, 0x88, 0x91, 0x91,
  0x88, 0xB7, 0xB7, 0x88, 0x74, 0x87, 0x44, 0x8A, 0x0A, 0x01, 0x00, 0x00, 0x00, 0x00, 0x00, 0x00,
  0x00, 0x00, 0x00, 0x00, 0x00, 0x01, 0x04, 0x0A, 0x62, 0x8B, 0x65, 0x73, 0x42, 0x42, 0x13, 0x13,
  0x13, 0x13, 0x26, 0x26, 0xAA, 0x42, 0x5B, 0x5B, 0x47, 0x4E, 0x47, 0x69, 0xB6, 0xB6, 0xB6, 0xB6,
  0xB6, 0xBD, 0xA8, 0xAE, 0xA8, 0xA8, 0xA8, 0xA8, 0xA8, 0xA8, 0xA8, 0xA8, 0xA8, 0xA8, 0xA8, 0xA8,
  0xA8, 0xA8, 0xA8, 0xA8, 0xA8, 0xA8, 0xA8, 0xA8, 0xA8, 0xA8, 0xA8, 0xA8, 0xA8, 0xA8, 0xA8, 0xA8,
  0xA8, 0xA8, 0xAE, 0xAE, 0xAE, 0xAE, 0xAE, 0xA8, 0xA8, 0xA8, 0xA8, 0xA8, 0xA8, 0xAE, 0x7B, 0xB6,
  0xC2, 0xC2, 0xB4, 0xC1, 0xC1, 0xC1, 0xC1, 0xC1, 0xC1, 0xC1, 0xB4, 0x9E, 0x7F, 0x40, 0x5D, 0x71,
  0x51, 0x70, 0x81, 0x7A, 0xB6, 0xB6, 0x7A, 0x7A, 0xC1, 0xB4, 0x7A, 0xB6, 0xB4, 0xBE, 0xA5, 0x2D,
  0x51, 0x5D, 0x5D, 0x5D, 0x51, 0x51, 0x6B, 0x24, 0x4A, 0x4A, 0x50, 0x60, 0x7B, 0xAF, 0x7A, 0xB3,
  0xB3, 0xB2, 0x7F, 0x86, 0x87, 0x87, 0xB1, 0x86, 0x87, 0x87, 0x86, 0x50, 0x86, 0x91, 0x87, 0x91,
  0x91, 0xB5, 0xB5, 0xB5, 0x8C, 0x93, 0x93, 0x93, 0x91, 0x8C, 0xB7, 0x8C, 0x8C, 0xB5, 0x87, 0x62,
  0x0A, 0x01, 0x00, 0x00, 0x00, 0x00, 0x00, 0x00, 0x00, 0x00, 0x00, 0x00, 0x00, 0x01, 0x05, 0x02,
  0x62, 0x7F, 0x7B, 0xB2, 0x9B, 0x73, 0x9C, 0x1A, 0x1A, 0x13, 0x25, 0x25, 0x0E, 0xB9, 0x50, 0x86,
  0x69, 0x4E, 0x47, 0x60, 0xB4, 0xB6, 0xB6, 0xB6, 0xB6, 0xB4, 0xAC, 0xA8, 0xA8, 0xA8, 0xA8, 0xA8,
  0xA8, 0xA8, 0xA8, 0xA8, 0xA8, 0xA8, 0xA8, 0xA8, 0xA8, 0xA8, 0xA8, 0xA8, 0xA8, 0xA8, 0xA8, 0xA8,
  0xA8, 0xA8, 0xA8, 0xA8, 0xA8, 0xA8, 0xA8, 0xA8, 0xA8, 0xA8, 0xA8, 0xA8, 0xAE, 0xAE, 0xAE, 0xA8,
  0xA8, 0xA8, 0xAE, 0x9E, 0xAB, 0x9F, 0xC2, 0xC2, 0xC2, 0xC2, 0xB4, 0xC1, 0xC1, 0xC1, 0xC1, 0xC1,
  0xAD, 0xBD, 0xB6, 0xAD, 0x6C, 0x67, 0x5D, 0x71, 0x51, 0x20, 0x20, 0x98, 0x9F, 0x9E, 0x7A, 0x60,
  0xC2, 0xC2, 0x7A, 0xC1, 0xC1, 0xB6, 0xAB, 0x02, 0x6B, 0x5D, 0x5D, 0x5D, 0x22, 0x1A, 0x84, 0x73,
  0x63, 0x49, 0x6C, 0x6C, 0x78, 0x78, 0xAF, 0xA2, 0xB2, 0x7F, 0x87, 0x91, 0x87, 0x87, 0x87, 0x87,
  0x87, 0x91, 0x91, 0xB5, 0x91, 0x91, 0x91, 0x91, 0x88, 0x8C, 0x8C, 0x8C, 0x88, 0x93, 0x88, 0x8C,
  0x8C, 0xB7, 0x88, 0x88, 0x8C, 0x8C, 0x88, 0x62, 0x0A, 0x01, 0x00, 0x00, 0x00, 0x00, 0x00, 0x00,
  0x00, 0x00, 0x00, 0x00, 0x00, 0x01, 0x01, 0x00, 0xA1, 0xA2, 0x7F, 0xA2, 0xA3, 0x7B, 0x9B, 0xA4,
  0x1A, 0x1A, 0x26, 0x25, 0xAA, 0xB9, 0xA4, 0x8B, 0x5B, 0x4E, 0x6E, 0x50, 0xB4, 0xB6, 0xB6, 0xB6,
  0xB6, 0xB6, 0x9E, 0xA8, 0xAE, 0xA8, 0xA8, 0xA8, 0xA8, 0xA8, 0xA8, 0xA8, 0xA8, 0xA8, 0xA8, 0xA8,
  0xA8, 0xA8, 0xA8, 0xA8, 0xA8, 0xA8, 0xA8, 0xA8, 0xA8, 0xA8, 0xA8, 0xA8, 0xA8, 0xA8, 0xA8, 0xA8,
  0xA8, 0xA8, 0xA8, 0xA8, 0xA8, 0xA8, 0xA8, 0xA8, 0xA8, 0xA8, 0xA6, 0x61, 0x78, 0x78, 0xC2, 0xC2,
  0x7A, 0xC2, 0xBD, 0xC1, 0xC1, 0xC1, 0xC1, 0xC1, 0xC1, 0x7A, 0xB4, 0xC1, 0x64, 0x20, 0x12, 0x51,
  0x51, 0x51, 0x5D, 0x67, 0xAB, 0xAD, 0xB4, 0x7A, 0xC2, 0x7A, 0xB6, 0xAD, 0xB4, 0x7A, 0x7A, 0x6C,
  0x0C, 0x51, 0x51, 0x2B, 0x42, 0x83, 0x59, 0x80, 0x49, 0x6C, 0x6C, 0x5C, 0x60, 0xB1, 0x7F, 0x7F,
  0x86, 0x87, 0x87, 0x91, 0x86, 0x86, 0x87, 0x91, 0x87, 0xB5, 0x91, 0xB5, 0x91, 0x93, 0x91, 0xB5,
  0x91, 0x88, 0x88, 0x91, 0x91, 0x91, 0x88, 0x8C, 0x8C, 0x8C, 0x88, 0x88, 0x8C, 0x8C, 0x88, 0x62,
  0x0B, 0x01, 0x00, 0x00, 0x00, 0x00, 0x00, 0x00, 0x00, 0x00, 0x00, 0x00, 0x00, 0x01, 0x01, 0x02,
  0xA1, 0xA2, 0xB3, 0xB3, 0xB3, 0xBC, 0xBE, 0xB0, 0xA4, 0x1A, 0x42, 0xAA, 0xAA, 0xB0, 0xB9, 0x75,
  0x8B, 0x4E, 0x86, 0x7F, 0xB4, 0xB6, 0xB6, 0xB6, 0xB6, 0xB6, 0x9F, 0xA8, 0xAE, 0xAE, 0xA8, 0xA8,
  0xA8, 0xA8, 0xA8, 0xA8, 0xA8, 0xA8, 0xA8, 0xA8, 0xA8, 0xA8, 0xA8, 0xA8, 0xA8, 0xA8, 0xA8, 0xA8,
  0xA8, 0xA8, 0xA8, 0xA8, 0xA8, 0xA8, 0xA8, 0xA8, 0xA8, 0xA8, 0xAC, 0xAC, 0xAC, 0xA8, 0xA8, 0xA8,
  0xAE, 0xA8, 0xAB, 0x78, 0x7A, 0x7A, 0xC2, 0xC2, 0xC2, 0x7A, 0xC2, 0xBD, 0xC1, 0xBD, 0xBD, 0xB6,
  0x7A, 0xB6, 0xAD, 0xB4, 0x61, 0x80, 0x20, 0x51, 0x21, 0x21, 0x5D, 0x67, 0xA0, 0xAD, 0xBD, 0xC2,
  0xC2, 0x7A, 0xBD, 0xAD, 0xB6, 0xC2, 0xC1, 0x9E, 0x81, 0x1E, 0x2B, 0x80, 0x84, 0x6E, 0x5C, 0x92,
  0x50, 0x50, 0x60, 0xB1, 0x60, 0x87, 0x87, 0x69, 0x91, 0x91, 0x87, 0x93, 0x87, 0x87, 0x91, 0x91,
  0x91, 0x8C, 0x88, 0x88, 0x91, 0x93, 0x88, 0x8C, 0xB5, 0x91, 0xB5, 0x91, 0x88, 0x88, 0x88, 0x88,
  0x88, 0x93, 0x88, 0x88, 0x88, 0xB7, 0x88, 0x62, 0x02, 0x01, 0x00, 0x00, 0x00, 0x00, 0x00, 0x00,
  0x00, 0x00, 0x00, 0x00, 0x00, 0x01, 0x01, 0x02, 0x8A, 0xB3, 0xAF, 0xB3, 0xB3, 0xA2, 0xAF, 0xA3,
  0x7B, 0x9B, 0x40, 0xAA, 0xAA, 0xB9, 0xB9, 0xA4, 0x44, 0x4E, 0x86, 0x78, 0xB4, 0xB6, 0xB6, 0xB6,
  0xB6, 0xB6, 0xB6, 0xBD, 0xA8, 0xA7, 0xA8, 0xA8, 0xAD, 0xA8, 0xA8, 0xA8, 0xA8, 0xA8, 0xA8, 0xA8,
  0xA8, 0xA8, 0xA8, 0xA8, 0xA8, 0xA8, 0xA8, 0xA8, 0xA8, 0xA8, 0xA8, 0xA8, 0xA8, 0xA8, 0xA8, 0xA8,
  0xA8, 0xA8, 0xAE, 0xA8, 0xA7, 0xA7, 0xAE, 0xAE, 0xA7, 0xA7, 0x9E, 0x60, 0x7A, 0x7A, 0xC2, 0xBD,
  0xC2, 0x7A, 0x7A, 0x7A, 0xC2, 0xC2, 0xC2, 0xC2, 0xB4, 0xC1, 0xBD, 0xBC, 0xBD, 0xA5, 0x0C, 0x51,
  0x21, 0x21, 0x2D, 0x6C, 0x7A, 0xC1, 0xC1, 0xC2, 0x7A, 0xC2, 0xC1, 0xBD, 0xB6, 0xC1, 0xC1, 0xC1,
  0xA0, 0x64, 0x5A, 0x94, 0x2A, 0x59, 0x87, 0x54, 0x54, 0x69, 0xB1, 0x50, 0x69, 0x87, 0x87, 0x86,
  0x91, 0x91, 0x87, 0xB5, 0xB5, 0xB5, 0xB5, 0xB7, 0x85, 0x85, 0xB7, 0x8C, 0x85, 0x85, 0x8C, 0x88,
  0x88, 0x8C, 0x8C, 0x8C, 0xB7, 0x8C, 0x88, 0x8C, 0x88, 0x88, 0x88, 0x93, 0x88, 0x8C, 0x8C, 0x62,
  0x02, 0x01, 0x00, 0x00, 0x00, 0x00, 0x00, 0x00, 0x00, 0x00, 0x00, 0x00, 0x00, 0x01, 0x01, 0x0A,
  0x62, 0x7F, 0xB2, 0xB3, 0x7F, 0x7F, 0xAF, 0xB3, 0xA3, 0xA2, 0x99, 0xA4, 0x40, 0xB9, 0x40, 0xB9,
  0x41, 0x44, 0x86, 0x61, 0xB4, 0xB6, 0xB6, 0xB6, 0xB6, 0xB6, 0xB4, 0xA0, 0xA5, 0xAB, 0xA6, 0xAE,
  0xA8, 0xAE, 0xA8, 0xA8, 0xA8, 0xA8, 0xA8, 0xA8, 0xA8, 0xA8, 0xA8, 0xA8, 0xA8, 0xA8, 0xA8, 0xA8,
  0xA8, 0xA8, 0xA8, 0xA8, 0xA8, 0xA8, 0xA8, 0xA8, 0xAE, 0xAE, 0xA7, 0xA6, 0xA0, 0xA0, 0x6C, 0x61,
  0x6C, 0xA1, 0xA7, 0x78, 0x60, 0x60, 0x60, 0xB4, 0xBD, 0xBD, 0xB4, 0xB6, 0xB4, 0xB4, 0xBD, 0xC1,
  0xAD, 0xBD, 0x7A, 0xBD, 0xAD, 0xBB, 0x67, 0x51, 0x51, 0x2D, 0xA0, 0xC2, 0x7A, 0xB4, 0xAD, 0xB6,
  0x7A, 0xBD, 0xAD, 0xB4, 0xC1, 0xAD, 0xC1, 0xC1, 0xB6, 0x78, 0xA0, 0x09, 0x80, 0xA5, 0x86, 0xB5,
  0x87, 0x69, 0x60, 0x50, 0x86, 0x91, 0x91, 0x91, 0x91, 0xB5, 0x8C, 0xB7, 0xB7, 0xB7, 0xB7, 0x83,
  0x5B, 0x4C, 0x59, 0x40, 0x72, 0x72, 0x4C, 0x43, 0x83, 0x8F, 0x8C, 0x88, 0x8C, 0x8C, 0x8C, 0x88,
  0x8C, 0xB7, 0xB7, 0x8C, 0x88, 0x88, 0x8C, 0x62, 0x0B, 0x01, 0x00, 0x00, 0x00, 0x00, 0x00, 0x00,
  0x00, 0x00, 0x00, 0x00, 0x00, 0x01, 0x00, 0x02, 0x82, 0xB1, 0x8B, 0x7F, 0x7F, 0xB3, 0xB3, 0xBC,
  0xBC, 0xA3, 0xB2, 0x7B, 0xB0, 0xB9, 0x24, 0x24, 0x40, 0x5B, 0x87, 0x78, 0xB4, 0xB6, 0xB6, 0xB6,
  0xB4, 0xA0, 0x5C, 0x7F, 0x86, 0x86, 0x7F, 0x50, 0xA5, 0xA7, 0xA8, 0xAE, 0xA8, 0xA8, 0xA8, 0xA8,
  0xA8, 0xA8, 0xA8, 0xA8, 0xA8, 0xA8, 0xA8, 0xA8, 0xA8, 0xA8, 0xA8, 0xA8, 0xA8, 0xA8, 0xA8, 0xAE,
  0xA8, 0xA6, 0x81, 0x7F, 0x86, 0x50, 0x5C, 0x5C, 0x5C, 0x54, 0xA0, 0x9F, 0x60, 0x7A, 0xB4, 0xBD,
  0xBA, 0xC1, 0xAD, 0xAD, 0xAD, 0xAD, 0xAD, 0xC1, 0xBE, 0xB2, 0x9F, 0x9E, 0xA6, 0xA5, 0x0C, 0x51,
  0x20, 0xA5, 0x7A, 0xC2, 0xC2, 0xC2, 0x9E, 0xBD, 0x7A, 0xC1, 0xB4, 0xBD, 0xAD, 0x9E, 0xAB, 0xB6,
  0x7A, 0xC2, 0xC2, 0x6C, 0x48, 0x60, 0x60, 0x6E, 0x91, 0xB5, 0x60, 0x60, 0x87, 0x91, 0xB5, 0x91,
  0x91, 0xB5, 0x8C, 0x8C, 0x8F, 0x83, 0x45, 0x62, 0x08, 0x27, 0x2A, 0x27, 0x2A, 0x2A, 0x07, 0x42,
  0x41, 0x75, 0x83, 0x83, 0x8C, 0x88, 0x88, 0x8C, 0x8C, 0x8C, 0xB7, 0xB7, 0x8C, 0x8C, 0x88, 0x62,
  0x0B, 0x01, 0x00, 0x00, 0x00, 0x00, 0x00, 0x00, 0x00, 0x00, 0x00, 0x00, 0x00, 0x00, 0x04, 0x02,
  0x62, 0x74, 0x74, 0x87, 0x78, 0xB3, 0xB2, 0xBE, 0xB4, 0xB3, 0x99, 0xAF, 0xBB, 0x92, 0x62, 0x5A,
  0x40, 0x75, 0x69, 0x60, 0xB4, 0xB6, 0xB6, 0xB6, 0xA0, 0x60, 0x74, 0x69, 0x50, 0x54, 0x54, 0x5C,
  0x50, 0x4B, 0x9D, 0xA7, 0xAE, 0xA8, 0xAE, 0xAE, 0xA8, 0xA8, 0xA8, 0xA8, 0xA8, 0xA8, 0xA8, 0xA8,
  0xA8, 0xA8, 0xA8, 0xA8, 0xA8, 0xA8, 0xAC, 0xA8, 0xA6, 0x60, 0x87, 0xB1, 0x48, 0x48, 0x48, 0x48,
  0x48, 0x53, 0x50, 0x4B, 0x78, 0xB6, 0x9E, 0xAD, 0xB4, 0xA2, 0xB6, 0xB4, 0xA0, 0xA0, 0xB4, 0xBB,
  0xA0, 0xA0, 0xAB, 0x9E, 0xA6, 0x64, 0x70, 0x0C, 0x6C, 0x7A, 0x7A, 0xC2, 0xC2, 0xC2, 0xB4, 0xBD,
  0xB6, 0xBD, 0xBD, 0xBD, 0xBE, 0xA0, 0x7A, 0x7A, 0xC2, 0xC2, 0x7A, 0x69, 0x86, 0x69, 0x4E, 0x5C,
  0x5C, 0x50, 0x5C, 0x86, 0x91, 0x93, 0xB5, 0xB5, 0x8C, 0x88, 0x8C, 0x88, 0x55, 0x62, 0x2A, 0x27,
  0x2E, 0x2E, 0x2A, 0x28, 0x28, 0x1F, 0x22, 0x42, 0x42, 0x42, 0x41, 0x44, 0x93, 0x88, 0x93, 0x88,
  0x8C, 0x88, 0x88, 0x8C, 0x88, 0x88, 0x93, 0x62, 0x02, 0x05, 0x01, 0x01, 0x00, 0x00, 0x00, 0x00,
  0x00, 0x00, 0x00, 0x00, 0x00, 0x00, 0x01, 0x02, 0x8A, 0x88, 0x85, 0xB5, 0x7F, 0x61, 0xB3, 0xB2,
  0xBC, 0xAF, 0xB3, 0xAF, 0xAF, 0x9D, 0x62, 0x80, 0x40, 0x65, 0x60, 0x60, 0xB4, 0xB6, 0xB6, 0xB6,
  0x60, 0x86, 0x47, 0x60, 0x48, 0x48, 0x48, 0x48, 0x48, 0x54, 0x60, 0xAB, 0xA7, 0xAE, 0xA8, 0xA8,
  0xA8, 0xA8, 0xA8, 0xA8, 0xA8, 0xA8, 0xA8, 0xA8, 0xA8, 0xA8, 0xA8, 0xA8, 0xA8, 0xA8, 0xAE, 0xAE,
  0x50, 0x87, 0x60, 0x48, 0x48, 0x54, 0x4F, 0x4F, 0x54, 0x53, 0x4F, 0x78, 0x60, 0xB6, 0xC1, 0xC1,
  0xBD, 0xA0, 0xBD, 0x9D, 0xA0, 0x7B, 0x9E, 0x9E, 0xA6, 0x9E, 0xB6, 0xA6, 0x9D, 0x98, 0x67, 0x49,
  0x60, 0x7A, 0xC2, 0xC2, 0xC2, 0xC2, 0xC2, 0xB4, 0x9F, 0x9F, 0xA0, 0xA0, 0xBD, 0x9E, 0x60, 0x7A,
  0x7A, 0x7A, 0x60, 0x60, 0x86, 0x69, 0x60, 0x4F, 0x5C, 0x50, 0x56, 0x75, 0x6E, 0xB5, 0xB5, 0xB5,
  0xB7, 0x93, 0x44, 0x72, 0x1F, 0x28, 0x1F, 0x1F, 0x28, 0x2D, 0x22, 0x20, 0x2B, 0x2B, 0x0E, 0x26,
  0x42, 0x1A, 0x42, 0x41, 0x75, 0x74, 0x8C, 0x88, 0x8C, 0x8C, 0x93, 0x8C, 0x8C, 0x8C, 0x88, 0x62,
  0x0B, 0x05, 0x01, 0x01, 0x00, 0x00, 0x00, 0x00, 0x00, 0x00, 0x00, 0x00, 0x00, 0x00, 0x06, 0x00,
  0x0F, 0x59, 0x44, 0x85, 0x91, 0x50, 0x61, 0xB3, 0xB3, 0xB3, 0xAF, 0xB3, 0xAF, 0xBB, 0x6C, 0x49,
  0x40, 0x62, 0x72, 0x5C, 0xA0, 0xB6, 0xB4, 0x7B, 0x86, 0x4E, 0x4E, 0x56, 0x54, 0x54, 0x54, 0x54,
  0x54, 0x48, 0x54, 0x78, 0x9D, 0xA8, 0xAD, 0xA8, 0xA8, 0xA8, 0xA8, 0xA8, 0xA8, 0xA8, 0xA8, 0xA8,
  0xA8, 0xA8, 0xA8, 0xA8, 0xAC, 0xA8, 0xA7, 0x6C, 0x74, 0xB1, 0x5C, 0x48, 0x54, 0x54, 0x54, 0x4F,
  0x4F, 0x53, 0x53, 0x5C, 0x78, 0xB4, 0xC1, 0xC1, 0xBD, 0xAB, 0x9D, 0xA6, 0xA6, 0xA6, 0xAC, 0xAD,
  0xBD, 0xB6, 0xBD, 0xA1, 0x9B, 0x40, 0x42, 0x72, 0x60, 0x7A, 0xC1, 0xB4, 0xC2, 0xC2, 0xC2, 0x7A,
  0x7B, 0x9F, 0x9E, 0xA6, 0xBD, 0x78, 0x86, 0x60, 0x69, 0x7F, 0x60, 0x56, 0x47, 0x69, 0x60, 0x5C,
  0x5C, 0x56, 0x59, 0x64, 0x59, 0x6E, 0xB7, 0x85, 0x83, 0x40, 0x02, 0x27, 0x1F, 0x70, 0x24, 0x23,
  0x6B, 0x23, 0x42, 0x0E, 0x0E, 0x24, 0x42, 0x42, 0x1A, 0x1A, 0xAA, 0x67, 0x98, 0x96, 0x74, 0xB7,
  0x8C, 0x88, 0x93, 0x8C, 0x8C, 0x8C, 0x8C, 0x62, 0x0B, 0x05, 0x01, 0x01, 0x00, 0x00, 0x00, 0x00,
  0x00, 0x00, 0x00, 0x00, 0x00, 0x00, 0x05, 0x00, 0x05, 0x5A, 0x40, 0x4A, 0xB7, 0x91, 0x87, 0x61,
  0xA2, 0xB3, 0xBC, 0xBC, 0xBF, 0xBE, 0xA2, 0x87, 0x4A, 0x98, 0x92, 0x6C, 0x4B, 0xB6, 0xB4, 0x5C,
  0x86, 0x47, 0x50, 0x48, 0x4F, 0x4F, 0x54, 0x54, 0x4F, 0x4F, 0x53, 0x54, 0x60, 0x9E, 0xA8, 0xA8,
  0xA8, 0xA8, 0xA8, 0xA8, 0xA8, 0xA8, 0xA8, 0xA8, 0xA8, 0xA8, 0xA8, 0xA8, 0xAC, 0xA7, 0x9D, 0x86,
  0x69, 0x69, 0x54, 0x54, 0x48, 0x54, 0x54, 0x4F, 0x4F, 0x53, 0x48, 0x5C, 0x57, 0xB6, 0xC1, 0xC1,
  0xAB, 0x06, 0x06, 0xA0, 0xA0, 0xB4, 0x9F, 0x9F, 0xC2, 0xBD, 0x9E, 0x63, 0x42, 0x42, 0x42, 0x40,
  0x5C, 0xBD, 0x9E, 0xC1, 0xB6, 0x7A, 0x7A, 0x7B, 0xBD, 0xAD, 0xC1, 0xB6, 0xB3, 0x7A, 0xB6, 0x7A,
  0x7F, 0x7F, 0xB1, 0x49, 0x4E, 0x69, 0x60, 0x49, 0x5A, 0x84, 0x5A, 0x62, 0x62, 0x49, 0x88, 0x45,
  0x62, 0x27, 0x2A, 0x0C, 0x24, 0x0E, 0x0E, 0x0E, 0x0E, 0xAA, 0xAA, 0x42, 0x42, 0x42, 0x1A, 0x24,
  0xAA, 0x1A, 0x24, 0x04, 0x81, 0x92, 0x6C, 0x87, 0x88, 0x88, 0x83, 0x88, 0x8C, 0x8C, 0xB7, 0x62,
  0x09, 0x01, 0x00, 0x00, 0x00, 0x00, 0x00, 0x00, 0x00, 0x00, 0x00, 0x00, 0x00, 0x00, 0x03, 0x00,
  0x94, 0x72, 0x98, 0xA4, 0x74, 0x88, 0x87, 0x7F, 0xB2, 0xB2, 0xB2, 0xB3, 0xB3, 0xBE, 0xBE, 0x7F,
  0x8B, 0x8B, 0x99, 0x65, 0x78, 0xB4, 0xB6, 0x60, 0x6E, 0x5B, 0x50, 0x48, 0x4F, 0x4F, 0x4F, 0x53,
  0x4F, 0x53, 0x54, 0x48, 0x50, 0x81, 0xA7, 0xAE, 0xAE, 0xA8, 0xA8, 0xA8, 0xA8, 0xA8, 0xA8, 0xA8,
  0xA8, 0xA8, 0xA8, 0xA8, 0xAE, 0xA7, 0x5C, 0x86, 0x69, 0x60, 0x4F, 0x53, 0x48, 0x54, 0x54, 0x57,
  0x4F, 0x48, 0x54, 0x5C, 0x7B, 0xA0, 0xBD, 0xA6, 0x9F, 0x05, 0x09, 0x9F, 0x7A, 0x7A, 0x4B, 0x60,
  0xB6, 0x9E, 0xB3, 0x61, 0x98, 0x40, 0x41, 0x55, 0x61, 0x9E, 0xC1, 0xAD, 0xBD, 0x7F, 0xB6, 0xA6,
  0x9E, 0xA0, 0xB2, 0xB3, 0x7A, 0xBC, 0xBC, 0xBC, 0xBC, 0xBE, 0x50, 0x49, 0x56, 0x86, 0x48, 0x62,
  0x62, 0x84, 0x80, 0x62, 0x62, 0x64, 0x4C, 0x27, 0x27, 0x2A, 0x27, 0x0C, 0x42, 0x42, 0x42, 0xAA,
  0x1A, 0xAA, 0x40, 0x40, 0x42, 0x1A, 0x72, 0x0B, 0x80, 0x9C, 0x40, 0x92, 0xBB, 0xA1, 0x9D, 0x96,
  0xB1, 0x88, 0x83, 0x74, 0x88, 0x8C, 0xB7, 0x62, 0x0A, 0x01, 0x00, 0x00, 0x00, 0x00, 0x00, 0x00,
  0x00, 0x00, 0x00, 0x00, 0x00, 0x00, 0x00, 0x02, 0x94, 0x9B, 0xB0, 0xB9, 0x9A, 0x5B, 0x88, 0xB7,
  0x87, 0x7F, 0xB1, 0x99, 0x61, 0x7B, 0x61, 0x61, 0x8B, 0xB1, 0x8B, 0x87, 0x60, 0xB4, 0xB6, 0x69,
  0x6E, 0x5B, 0x50, 0x48, 0x57, 0x4F, 0x5C, 0x5C, 0x4F, 0x54, 0x5C, 0x50, 0x48, 0x78, 0xAB, 0xA7,
  0xA8, 0xA8, 0xA8, 0xA8, 0xA8, 0xA8, 0xA8, 0xA8, 0xA8, 0xA8, 0xA8, 0xAD, 0xA7, 0x9D, 0x86, 0x69,
  0x6E, 0x50, 0x53, 0x53, 0x54, 0x54, 0x54, 0x57, 0x4F, 0x54, 0x48, 0x5C, 0x78, 0x7A, 0xBD, 0x9E,
  0x4B, 0x81, 0x59, 0x9F, 0xAB, 0xA0, 0x09, 0x64, 0x7B, 0xB6, 0x7A, 0xB4, 0xA0, 0xA5, 0xB1, 0x7F,
  0x78, 0xB6, 0xC1, 0xC1, 0xC1, 0x9F, 0x9F, 0x9F, 0x7F, 0x87, 0xB2, 0xBC, 0xBC, 0x7A, 0xAF, 0xBC,
  0xBC, 0xAF, 0x86, 0x49, 0x73, 0x49, 0x5A, 0x62, 0x5A, 0x84, 0x62, 0x62, 0x62, 0x5A, 0x41, 0x62,
  0x2D, 0x2D, 0x1F, 0x22, 0x42, 0x1A, 0x1A, 0x1A, 0x1A, 0x40, 0x8A, 0x80, 0x73, 0xB9, 0xA5, 0x9D,
  0x92, 0xA4, 0xB9, 0xBB, 0x9E, 0xBB, 0xBB, 0x81, 0x78, 0x8B, 0x88, 0x83, 0x83, 0x88, 0xB7, 0x62,
  0x0A, 0x01, 0x00, 0x00, 0x00, 0x00, 0x00, 0x00, 0x00, 0x00, 0x00, 0x00, 0x00, 0x01, 0x06, 0x02,
  0x94, 0x98, 0x0C, 0x0C, 0xB0, 0x72, 0x75, 0x93, 0x8C, 0x86, 0x91, 0x8B, 0x81, 0xAB, 0x81, 0x81,
  0xB1, 0x87, 0x8B, 0x91, 0x87, 0xA0, 0xB6, 0x69, 0x5B, 0x5B, 0x50, 0x48, 0x4F, 0x4F, 0x5C, 0x50,
  0x54, 0x48, 0x54, 0x50, 0x48, 0x5C, 0x57, 0xBD, 0x9E, 0xAC, 0xA8, 0xA8, 0xAE, 0xA8, 0xA8, 0xA8,
  0xAE, 0xA8, 0xA8, 0xAC, 0xAC, 0x48, 0x86, 0x69, 0x69, 0x60, 0x48, 0x60, 0x50, 0x48, 0x54, 0x57,
  0x57, 0x4F, 0x48, 0x50, 0x48, 0xA0, 0x7A, 0x7A, 0x7A, 0x4F, 0xA0, 0xAB, 0xA6, 0x9F, 0x50, 0x86,
  0x50, 0x7B, 0xB6, 0xB6, 0xB6, 0x7B, 0x86, 0x60, 0x78, 0x60, 0xA0, 0xC1, 0xC1, 0xC1, 0xA0, 0x87,
  0x86, 0xB3, 0xAF, 0xAF, 0xAF, 0xAF, 0xAF, 0xAF, 0xA2, 0x99, 0x87, 0x49, 0x73, 0x72, 0x5A, 0x62,
  0x5A, 0x84, 0x62, 0x62, 0x62, 0x40, 0x1A, 0x42, 0x42, 0x42, 0x24, 0x42, 0x1A, 0x1A, 0x9C, 0x1A,
  0x1A, 0x73, 0xB8, 0x92, 0xB0, 0xBB, 0x9D, 0xBB, 0x9D, 0xA5, 0xBB, 0x9D, 0x9D, 0xBE, 0xC0, 0xA3,
  0x96, 0xA9, 0x8B, 0x8C, 0x93, 0x87, 0x8C, 0x62, 0x09, 0x01, 0x00, 0x00, 0x00, 0x00, 0x00, 0x00,
  0x00, 0x00, 0x00, 0x00, 0x00, 0x01, 0x06, 0x00, 0x0F, 0x82, 0x68, 0x94, 0xB0, 0xA5, 0x82, 0x5A,
  0x4A, 0xB7, 0x74, 0x74, 0xB1, 0x81, 0x81, 0x92, 0x75, 0xB7, 0x8B, 0x8B, 0xB5, 0x60, 0x9F, 0xB1,
  0x6E, 0x5B, 0x50, 0x4F, 0x54, 0x53, 0x54, 0x48, 0x5C, 0x50, 0x5C, 0x50, 0x48, 0x57, 0x78, 0xA0,
  0xB6, 0xB4, 0xBD, 0x9E, 0xAD, 0xAD, 0xAD, 0xAD, 0xA8, 0xAC, 0xA6, 0xBD, 0x9F, 0x60, 0x86, 0x60,
  0x60, 0x60, 0x54, 0x50, 0x54, 0x4B, 0x54, 0x4F, 0x4F, 0x4F, 0x48, 0x69, 0x6C, 0x6C, 0x7A, 0xB6,
  0x9E, 0x57, 0x4B, 0xBD, 0x9E, 0x9E, 0x60, 0x7F, 0x86, 0x60, 0x9F, 0x9F, 0xBD, 0x61, 0x86, 0x7F,
  0x7F, 0xB1, 0x69, 0xB4, 0xC1, 0xC1, 0xA6, 0x78, 0xB2, 0xBC, 0xAF, 0xB3, 0xB3, 0xA2, 0xAF, 0xA2,
  0xB2, 0x87, 0x74, 0x49, 0x73, 0x72, 0x5A, 0x62, 0x84, 0x84, 0x62, 0x62, 0x5A, 0x41, 0x42, 0x42,
  0x42, 0x42, 0x24, 0x1A, 0x1A, 0x1A, 0x1A, 0x9C, 0x98, 0xA4, 0xA4, 0xA4, 0xB0, 0xBB, 0xBB, 0xBB,
  0xBB, 0xBB, 0xBB, 0xBA, 0xBE, 0xC0, 0xAF, 0xA2, 0xA2, 0xB0, 0x63, 0x8B, 0x91, 0x93, 0x91, 0x80,
  0x02, 0x01, 0x00, 0x00, 0x00, 0x00, 0x00, 0x00, 0x00, 0x00, 0x00, 0x00, 0x00, 0x01, 0x01, 0x00,
  0x05, 0x01, 0xAE, 0xA1, 0x9D, 0xA1, 0xA1, 0xA1, 0x5A, 0x50, 0xB7, 0x87, 0x87, 0xB1, 0x6C, 0x6C,
  0x83, 0x85, 0x88, 0x88, 0xB7, 0xB5, 0xA0, 0x48, 0x86, 0x47, 0x60, 0x48, 0x50, 0x5C, 0x5C, 0x5C,
  0x5C, 0x60, 0x5C, 0x60, 0x50, 0x48, 0x78, 0xA0, 0xB4, 0xB6, 0xB6, 0xB6, 0xB4, 0xB4, 0xB4, 0xB4,
  0xB4, 0xB4, 0xB4, 0xB6, 0xB6, 0x69, 0x86, 0x5C, 0x69, 0x69, 0x5C, 0x5C, 0x4F, 0x5C, 0x60, 0x5C,
  0x48, 0x57, 0x5C, 0x87, 0x87, 0x87, 0x61, 0xB6, 0xA0, 0x7F, 0x5C, 0xB6, 0xB4, 0x9E, 0xAB, 0x9F,
  0x9F, 0x9F, 0xAB, 0x9F, 0x7B, 0x86, 0x86, 0x86, 0x86, 0x86, 0x69, 0x57, 0xBD, 0xC1, 0xAD, 0x9F,
  0xA2, 0xA3, 0xAF, 0xB3, 0x7F, 0x7F, 0x7F, 0x86, 0x87, 0x91, 0x93, 0x73, 0x73, 0x72, 0x62, 0x62,
  0x84, 0x5A, 0x62, 0x72, 0x75, 0x41, 0x42, 0x42, 0x1A, 0x40, 0x80, 0x1A, 0x1A, 0x1A, 0x1A, 0x9C,
  0xA4, 0xB0, 0x9B, 0xA3, 0xBF, 0xBE, 0xBE, 0xBE, 0xBE, 0xBB, 0xBA, 0xBF, 0xBC, 0xA2, 0xA2, 0xA2,
  0xA2, 0xB0, 0x9D, 0x6C, 0x87, 0x88, 0x91, 0x62, 0x0A, 0x01, 0x00, 0x00, 0x00, 0x00, 0x00, 0x00,
  0x00, 0x00, 0x00, 0x00, 0x00, 0x01, 0x01, 0x00, 0x05, 0x9D, 0x9D, 0x9D, 0xBB, 0xAB, 0xA1, 0xA1,
  0xB8, 0x92, 0x50, 0x91, 0xB5, 0x91, 0x8B, 0x74, 0x93, 0x88, 0xB7, 0xB7, 0x8C, 0xB7, 0x69, 0x64,
  0x4E, 0x6E, 0x4E, 0x54, 0x54, 0x5C, 0x60, 0x5C, 0x5C, 0x4F, 0x5C, 0x5C, 0x56, 0x5C, 0x78, 0x7B,
  0xB4, 0xB6, 0xB6, 0xB6, 0xB6, 0xB6, 0xB6, 0xB6, 0xB6, 0xB6, 0xB6, 0xB6, 0xB6, 0x69, 0x86, 0x50,
  0x50, 0x60, 0x5C, 0x60, 0x60, 0x5C, 0x5C, 0x54, 0x53, 0x57, 0x78, 0x6C, 0x9F, 0x4B, 0x87, 0x87,
  0x91, 0x78, 0xAB, 0xB6, 0x7A, 0xB4, 0x9E, 0xB6, 0x9F, 0xA0, 0xA0, 0xA0, 0x78, 0x91, 0x86, 0x86,
  0x6E, 0x55, 0x45, 0x50, 0x6C, 0x9E, 0xC1, 0xBD, 0xB2, 0xB2, 0xB3, 0xB2, 0x86, 0x87, 0x87, 0x91,
  0x91, 0x74, 0x75, 0x49, 0x41, 0x73, 0x84, 0x84, 0x59, 0x62, 0x64, 0x50, 0x50, 0x41, 0x42, 0xAA,
  0xAA, 0x24, 0x40, 0x42, 0x42, 0x42, 0x9C, 0x9C, 0x96, 0x9B, 0xA2, 0xA2, 0xAF, 0xBC, 0xBA, 0xBA,
  0xC0, 0xBE, 0xC0, 0xAF, 0xB3, 0xB3, 0xA2, 0xA2, 0x7B, 0xB0, 0xB0, 0xA4, 0x7F, 0x87, 0x88, 0x62,
  0x02, 0x01, 0x00, 0x00, 0x00, 0x00, 0x00, 0x00, 0x00, 0x00, 0x00, 0x00, 0x00, 0x00, 0x00, 0x00,
  0xA1, 0xBB, 0x9D, 0x9D, 0xBB, 0xA0, 0xAB, 0x9D, 0xA5, 0xBB, 0xBB, 0x96, 0x91, 0xB7, 0xB5, 0x74,
  0x74, 0x83, 0x88, 0xB7, 0xB7, 0xB7, 0x85, 0x4A, 0x56, 0x6E, 0x47, 0x60, 0x54, 0x5C, 0x50, 0x48,
  0x5C, 0x4F, 0x48, 0x48, 0x48, 0x54, 0x78, 0x7B, 0xB4, 0xB6, 0xB6, 0xB6, 0xB6, 0xB6, 0xB6, 0xB6,
  0xB6, 0xB6, 0xB6, 0xB6, 0xA0, 0x86, 0x86, 0x5C, 0x48, 0x48, 0x54, 0x4F, 0x5C, 0x48, 0x50, 0x53,
  0x54, 0x57, 0x78, 0xAB, 0x9F, 0xA0, 0x6C, 0xB1, 0x87, 0x5C, 0x9F, 0x9F, 0x7B, 0x7B, 0x9E, 0x9E,
  0xA0, 0x78, 0x7B, 0x6C, 0x7F, 0x87, 0x86, 0x86, 0x75, 0x42, 0x42, 0x73, 0x86, 0xA0, 0xAD, 0xAD,
  0x78, 0x87, 0x87, 0x87, 0x91, 0x91, 0x91, 0x8B, 0xAF, 0xBD, 0xA5, 0x50, 0x4C, 0x73, 0x40, 0x84,
  0x59, 0x64, 0x54, 0x50, 0x48, 0x63, 0x73, 0x1A, 0x1A, 0x1A, 0x42, 0x42, 0xAA, 0x40, 0x9C, 0x96,
  0x96, 0xAF, 0xAF, 0xAF, 0xA2, 0xAF, 0xC0, 0xBF, 0xC0, 0xA3, 0xAF, 0xB3, 0xA2, 0xA2, 0xA9, 0xA3,
  0xBE, 0xB0, 0xBE, 0xA3, 0xA3, 0x8B, 0x8C, 0x8A, 0x09, 0x01, 0x00, 0x00, 0x00, 0x00, 0x00, 0x00,
  0x00, 0x00, 0x00, 0x00, 0x00, 0x00, 0x03, 0x00, 0xA1, 0xB0, 0xBA, 0xBB, 0x9D, 0x9F, 0x9E, 0xA5,
  0xBB, 0xBB, 0xBE, 0xBB, 0x81, 0x87, 0x85, 0x8C, 0x93, 0x83, 0x8C, 0xB7, 0x8C, 0x88, 0x8C, 0xB7,
  0x74, 0x87, 0x4E, 0x5B, 0x60, 0x60, 0x50, 0x54, 0x48, 0x5C, 0x60, 0x60, 0x50, 0x50, 0x7F, 0x7B,
  0xB4, 0xB6, 0xB4, 0xB4, 0xB4, 0xB4, 0xB4, 0xB4, 0xB4, 0xB4, 0xB4, 0xB4, 0xA0, 0x86, 0x60, 0x54,
  0x54, 0x48, 0x48, 0x4F, 0x50, 0x50, 0x50, 0x5C, 0x48, 0x5C, 0x4B, 0xA0, 0xA0, 0xA0, 0xA0, 0x7F,
  0x86, 0x78, 0xA0, 0xA0, 0xA0, 0xA0, 0x9E, 0xAE, 0xA0, 0x61, 0xA0, 0x61, 0x87, 0x87, 0x86, 0x86,
  0x5B, 0x42, 0x0D, 0x42, 0x74, 0x86, 0xAB, 0xAD, 0x81, 0x91, 0x74, 0xB1, 0x78, 0x61, 0xBE, 0xBD,
  0xBD, 0xBD, 0xBE, 0xB1, 0x75, 0x45, 0x4C, 0x49, 0x59, 0x56, 0x86, 0x60, 0x6C, 0x4C, 0x9B, 0x1A,
  0x1A, 0x1A, 0x1A, 0x1A, 0x1A, 0x9C, 0x96, 0x96, 0x9B, 0x7B, 0xA3, 0xA3, 0xBF, 0xA2, 0xBE, 0xA3,
  0xAF, 0xB3, 0xA9, 0xA9, 0xA2, 0xA2, 0xB3, 0xA2, 0xA3, 0xC0, 0xBB, 0xA3, 0x7B, 0x6C, 0x93, 0x80,
  0x09, 0x01, 0x00, 0x00, 0x00, 0x00, 0x00, 0x00, 0x00, 0x00, 0x00, 0x00, 0x00, 0x00, 0x00, 0x00,
  0xA1, 0xC0, 0xC0, 0xBA, 0xBB, 0x9D, 0x9D, 0xBB, 0xBB, 0xBB, 0xBE, 0xBE, 0x92, 0x64, 0xB1, 0x83,
  0x83, 0x4A, 0x83, 0x88, 0x93, 0x88, 0x88, 0x91, 0x87, 0x87, 0x74, 0x4E, 0x86, 0x5C, 0x48, 0x48,
  0x54, 0x4E, 0x6E, 0x6E, 0x6E, 0x69, 0x86, 0xA0, 0x9F, 0xA0, 0x61, 0x7B, 0x61, 0x78, 0x78, 0x78,
  0x61, 0x7B, 0x5C, 0x4B, 0x60, 0x6E, 0x47, 0x4E, 0x60, 0x50, 0x5C, 0x48, 0x5C, 0x48, 0x5C, 0x50,
  0x48, 0x60, 0x6C, 0x6C, 0x4B, 0x7B, 0x6C, 0x60, 0x87, 0x86, 0x81, 0xA0, 0x4B, 0x61, 0xA0, 0x9F,
  0x6C, 0x61, 0x7B, 0x78, 0x86, 0x87, 0x86, 0x86, 0x83, 0x43, 0x73, 0x46, 0x93, 0xB7, 0x60, 0x9E,
  0xAB, 0xA0, 0x92, 0xA1, 0xAE, 0xBD, 0xBD, 0xBB, 0xBA, 0xBA, 0xBB, 0xA2, 0x60, 0x4A, 0x55, 0x55,
  0x75, 0x4E, 0x6E, 0x50, 0x81, 0x63, 0x9C, 0x1A, 0x1A, 0x1A, 0x1A, 0x1A, 0x9C, 0x9A, 0x96, 0x96,
  0x96, 0xA3, 0xA3, 0xA3, 0xBB, 0xBE, 0xA3, 0xA2, 0xA9, 0xA9, 0xA9, 0xA9, 0xA2, 0xB3, 0xB3, 0xA2,
  0xA3, 0xA2, 0xA2, 0xA2, 0xA2, 0xA3, 0x99, 0x80, 0x0A, 0x01, 0x00, 0x00, 0x00, 0x00, 0x00, 0x00,
  0x00, 0x00, 0x00, 0x00, 0x00, 0x00, 0x00, 0x03, 0xA1, 0xC0, 0xC0, 0xC0, 0xBE, 0xC0, 0xBB, 0x9D,
  0xAE, 0xBB, 0xBF, 0xBE, 0x9D, 0x92, 0x8A, 0x98, 0x45, 0x4A, 0x5B, 0x93, 0xB7, 0x88, 0x74, 0x44,
  0x8B, 0x8B, 0x87, 0x86, 0x86, 0x50, 0x48, 0x48, 0x4A, 0x47, 0x4E, 0x6E, 0x47, 0x47, 0x86, 0x50,
  0x60, 0x87, 0x91, 0x87, 0x87, 0x87, 0x91, 0x91, 0x91, 0x87, 0x87, 0x91, 0x87, 0x47, 0x47, 0x6E,
  0x86, 0x86, 0x69, 0x50, 0x48, 0x48, 0x5C, 0x50, 0x50, 0x54, 0x6C, 0x6C, 0x81, 0x61, 0x61, 0x7F,
  0xB5, 0xB5, 0x54, 0x6C, 0x4B, 0x5C, 0x60, 0x78, 0x60, 0x78, 0x7F, 0xB1, 0x91, 0xB5, 0x87, 0x91,
  0xB5, 0x88, 0x6E, 0x65, 0x61, 0x6C, 0x7B, 0x7B, 0x9E, 0xAB, 0xA6, 0xA6, 0xBD, 0xBA, 0xBA, 0xBA,
  0xBF, 0xBF, 0xBA, 0xBE, 0x9B, 0x45, 0x75, 0x75, 0x4A, 0x4A, 0x4A, 0x61, 0x7B, 0x6C, 0x9B, 0x9C,
  0x1A, 0x1A, 0x1A, 0x9C, 0x9A, 0x9A, 0x96, 0x96, 0xA9, 0xA9, 0xAF, 0xA3, 0xBF, 0xBC, 0xA9, 0xA9,
  0xA2, 0xA9, 0xA9, 0xA2, 0xA9, 0xB3, 0xA2, 0xB3, 0xAF, 0xA2, 0xB2, 0xB3, 0xA9, 0xA2, 0x96, 0x8A,
  0x02, 0x01, 0x00, 0x00, 0x00, 0x00, 0x00, 0x00, 0x00, 0x00, 0x00, 0x00, 0x00, 0x00, 0x00, 0x03,
  0xA1, 0xC0, 0xBC, 0xA3, 0xBF, 0xBF, 0xBB, 0x9D, 0x9E, 0xBE, 0xA5, 0xA1, 0x92, 0x92, 0x82, 0x0B,
  0x62, 0x84, 0x63, 0x55, 0x4A, 0x8B, 0x83, 0x83, 0x87, 0x87, 0x8B, 0x87, 0x74, 0x4E, 0x50, 0x4A,
  0x47, 0x4E, 0x6E, 0x4E, 0x56, 0x75, 0x86, 0x87, 0xB5, 0x91, 0x91, 0x91, 0x87, 0x87, 0x87, 0x87,
  0x87, 0x87, 0x74, 0x91, 0x87, 0x5B, 0x4E, 0x55, 0x75, 0x47, 0x86, 0x4E, 0x54, 0x48, 0x50, 0x50,
  0x50, 0x57, 0x4B, 0x81, 0x81, 0x5C, 0x50, 0x87, 0xB7, 0x91, 0x74, 0x4A, 0x86, 0x87, 0x91, 0x86,
  0x87, 0x91, 0xB5, 0xB5, 0x8C, 0x8C, 0x74, 0x7F, 0xB3, 0xBF, 0xBB, 0x9D, 0xBB, 0xBB, 0xBB, 0x7B,
  0xAB, 0x9F, 0xA0, 0xBB, 0xBA, 0xBF, 0xBF, 0xBF, 0xBC, 0xBC, 0xBC, 0xA3, 0xA4, 0x9B, 0x6C, 0xB2,
  0x5C, 0x81, 0x64, 0x6C, 0x7B, 0x6C, 0x9B, 0x9C, 0x9C, 0x9C, 0x9A, 0x9A, 0x9A, 0x9A, 0xA9, 0x96,
  0xA9, 0xA9, 0xA9, 0xA2, 0xA9, 0x99, 0xA9, 0xA9, 0xA9, 0xA9, 0xA9, 0xA2, 0xA9, 0xB3, 0xA2, 0xB3,
  0xA9, 0xA9, 0xB2, 0xB3, 0xB2, 0xA9, 0xA4, 0xA1, 0x00, 0x00, 0x00, 0x00, 0x00, 0x00, 0x00, 0x00,
  0x00, 0x00, 0x00, 0x00, 0x00, 0x00, 0x00, 0x00, 0xA1, 0xC0, 0xBC, 0xA3, 0xBF, 0xBC, 0xC0, 0xBA,
  0xBE, 0xBE, 0x9D, 0xA6, 0xBB, 0xB0, 0x92, 0x01, 0x92, 0xB9, 0xB9, 0xB8, 0xB0, 0xA4, 0x96, 0x99,
  0x8B, 0x91, 0x91, 0xB5, 0x8C, 0x74, 0x5B, 0x5B, 0x47, 0x6E, 0x4E, 0x4C, 0x4C, 0x5B, 0x6E, 0x93,
  0x91, 0x91, 0xB5, 0xB5, 0x87, 0x74, 0x87, 0x87, 0x87, 0x87, 0x91, 0xB5, 0xB5, 0x6E, 0x4A, 0x4C,
  0x4C, 0x4C, 0x4E, 0x86, 0x50, 0x48, 0x50, 0x86, 0x7F, 0xB1, 0xB1, 0x50, 0x60, 0x4A, 0x74, 0xB7,
  0x85, 0x8F, 0xB7, 0xB7, 0x8C, 0x8C, 0xB5, 0x91, 0x91, 0x8B, 0x99, 0x78, 0x61, 0x7B, 0xBF, 0xBF,
  0xBE, 0xBA, 0xBA, 0xBA, 0xBA, 0xBA, 0xBA, 0xBC, 0xBC, 0xAD, 0x7B, 0x7B, 0xBA, 0xBF, 0xBC, 0xBC,
  0xA3, 0xA3, 0xA3, 0xA3, 0xA3, 0x7B, 0xAF, 0xC2, 0xB6, 0xBC, 0x7B, 0x61, 0x4B, 0x61, 0x96, 0x9C,
  0x9C, 0x9A, 0x9A, 0x9A, 0x9A, 0xA9, 0xA9, 0xA9, 0xA9, 0xA9, 0xA9, 0xA2, 0xB3, 0xA9, 0xA9, 0xA9,
  0xA9, 0xA9, 0xA9, 0xB3, 0xA9, 0xB3, 0xA9, 0xA9, 0xA9, 0xB2, 0x99, 0x7F, 0x8B, 0x7F, 0x6C, 0xA1,
  0x02, 0x01, 0x00, 0x00, 0x00, 0x00, 0x00, 0x00, 0x00, 0x00, 0x00, 0x00, 0x00, 0x00, 0x00, 0x03,
  0xA1, 0xBA, 0xBC, 0xBC, 0xBB, 0xBA, 0xBF, 0xC0, 0xBF, 0xBA, 0xBB, 0x9E, 0xBB, 0xA5, 0xB0, 0x92,
  0xB8, 0xB0, 0xB8, 0xB0, 0xBF, 0xB0, 0xBB, 0xA1, 0x92, 0x98, 0x65, 0x65, 0x45, 0x75, 0x44, 0x5B,
  0x5B, 0x6E, 0x4A, 0x56, 0x5B, 0x5B, 0x83, 0xB7, 0x83, 0x83, 0x8C, 0x74, 0x6E, 0x87, 0x93, 0x87,
  0x74, 0x87, 0xB5, 0xB7, 0xB7, 0x93, 0x44, 0x5B, 0x75, 0x45, 0x4A, 0x6E, 0x50, 0x56, 0x87, 0x8B,
  0xB1, 0x87, 0x91, 0x91, 0x87, 0xB7, 0xB7, 0x88, 0x91, 0x87, 0x8B, 0x7F, 0x96, 0x96, 0x7B, 0xBF,
  0xBE, 0xBB, 0x9D, 0xBB, 0xBE, 0xAF, 0xBC, 0xBF, 0xBC, 0xBC, 0xBA, 0xBA, 0xBA, 0xBA, 0xBE, 0xBC,
  0x7B, 0x9D, 0x63, 0x49, 0xA3, 0xBA, 0xBF, 0xBF, 0xBC, 0xA3, 0xA3, 0xA3, 0xA3, 0xB3, 0xB6, 0xB4,
  0xC2, 0xC2, 0xC2, 0xB3, 0x7A, 0x5C, 0x96, 0x96, 0x96, 0x9A, 0x9A, 0xA9, 0xA9, 0xA9, 0xA2, 0xA2,
  0xA3, 0xA2, 0xA9, 0xA9, 0xA9, 0xA9, 0xA9, 0xA9, 0xA9, 0x99, 0xA9, 0xA9, 0xA9, 0xA9, 0xA9, 0xA9,
  0xA9, 0xB2, 0xB2, 0x99, 0x99, 0x8B, 0x8B, 0x8A, 0x02, 0x01, 0x00, 0x00, 0x00, 0x00, 0x00, 0x00,
  0x00, 0x00, 0x00, 0x00, 0x00, 0x00, 0x00, 0x03, 0xA1, 0xBA, 0xA3, 0xBC, 0xBA, 0xBB, 0xBA, 0xC0,
  0xC0, 0xC0, 0xBB, 0x9D, 0x9D, 0xBB, 0xB0, 0xB0, 0xB0, 0xB0, 0xBB, 0xBC, 0xBA, 0xBA, 0xBB, 0xB8,
  0x92, 0x92, 0x92, 0x92, 0xB8, 0x84, 0x65, 0x74, 0x6E, 0x5B, 0x5B, 0x6E, 0x6E, 0x44, 0x44, 0x44,
  0x44, 0x83, 0x83, 0x93, 0x93, 0x8C, 0x91, 0x93, 0x91, 0x93, 0x91, 0xB7, 0xB7, 0xB7, 0x93, 0x83,
  0x74, 0x74, 0x74, 0x86, 0x87, 0x87, 0x74, 0x8B, 0xB1, 0x7F, 0x50, 0x96, 0x96, 0x61, 0x6C, 0xA4,
  0xB0, 0xB0, 0xA5, 0xBB, 0xBB, 0xBA, 0xBE, 0xBA, 0xBE, 0xBA, 0xBA, 0xBA, 0xBC, 0xBC, 0x7B, 0xBC,
  0xBC, 0xBF, 0xC0, 0xBA, 0xBB, 0x9D, 0xBE, 0x7B, 0x6C, 0x49, 0x40, 0x73, 0x61, 0xBA, 0xBF, 0xBA,
  0xBC, 0xAF, 0xA3, 0xA3, 0xAF, 0xB3, 0xC2, 0xC2, 0xC2, 0xC2, 0xB4, 0xB4, 0x7A, 0x78, 0xB2, 0x96,
  0x96, 0x96, 0xA9, 0xA9, 0x96, 0x7B, 0xBF, 0xBF, 0xBF, 0xA2, 0xA9, 0xA9, 0xA9, 0xA9, 0xA9, 0xA9,
  0xA9, 0x99, 0x99, 0xA9, 0xA9, 0xA9, 0xA9, 0xA9, 0xB2, 0xB2, 0xB2, 0x99, 0x8B, 0x87, 0x91, 0x80,
  0x0A, 0x01, 0x00, 0x00, 0x00, 0x00, 0x00, 0x00, 0x00, 0x00, 0x00, 0x01, 0x01, 0x05, 0x03, 0x02,
  0xA1, 0xBE, 0xBF, 0xA3, 0xBC, 0xBF, 0xBA, 0xC0, 0xC0, 0xC0, 0xC0, 0xBA, 0xBB, 0xBA, 0xBE, 0xBA,
  0xBE, 0xC0, 0xBE, 0xBF, 0xBA, 0xBB, 0xBB, 0xB0, 0xA5, 0xBB, 0xA5, 0xB0, 0xB0, 0xB0, 0xA4, 0x50,
  0x7F, 0x8B, 0x44, 0x6E, 0x86, 0x87, 0x5B, 0x5B, 0x5B, 0x6E, 0x4A, 0x5B, 0x44, 0x74, 0x6E, 0xB1,
  0x74, 0xB1, 0x75, 0x6E, 0x44, 0x5B, 0x4A, 0x65, 0x78, 0xB2, 0xB2, 0xB3, 0xA3, 0x7B, 0x81, 0x81,
  0xA5, 0xA5, 0xBB, 0xBB, 0xBB, 0xBB, 0xBB, 0xBB, 0xBB, 0xBA, 0xBA, 0xBE, 0xBE, 0xBF, 0xBC, 0xBC,
  0xBF, 0xBE, 0xBA, 0xBF, 0xBE, 0xB2, 0x7A, 0xBC, 0xA2, 0xBC, 0xBC, 0xC0, 0xBB, 0xBB, 0xB0, 0x63,
  0x73, 0x42, 0x41, 0x61, 0xBB, 0xBA, 0xBF, 0xBF, 0xBC, 0xA3, 0xAF, 0xAF, 0xAF, 0xB3, 0x7A, 0xC2,
  0xC2, 0xC2, 0xC2, 0x7A, 0x7A, 0x7A, 0xB2, 0x96, 0x96, 0x96, 0x96, 0xA2, 0x7B, 0xBE, 0xBE, 0xBE,
  0xA3, 0xA2, 0xA9, 0xA2, 0xA9, 0x99, 0x99, 0xB2, 0x99, 0x99, 0xB2, 0xA9, 0xA9, 0xA9, 0xA9, 0xB2,
  0xB2, 0xB2, 0xB2, 0x8B, 0x91, 0x87, 0x83, 0x62, 0x09, 0x01, 0x00, 0x00, 0x00, 0x00, 0x00, 0x00,
  0x00, 0x00, 0x00, 0x01, 0x01, 0x05, 0x03, 0x02, 0xA1, 0xBC, 0xBF, 0xBC, 0xBF, 0xBA, 0xBA, 0xBB,
  0xC0, 0xBF, 0xBF, 0xBF, 0xBF, 0xBA, 0xBB, 0xBB, 0xC0, 0xBE, 0xC0, 0xBB, 0xBD, 0xBB, 0xBA, 0xC0,
  0xC0, 0xBE, 0xBF, 0xA4, 0xB0, 0xB0, 0x9B, 0x9B, 0xA4, 0x9B, 0x63, 0x98, 0x50, 0x86, 0x5B, 0x6E,
  0x5B, 0x5B, 0x5B, 0x5B, 0x5B, 0x4E, 0x48, 0x54, 0x54, 0x54, 0x54, 0x54, 0x54, 0x54, 0x50, 0xA5,
  0xBA, 0xBA, 0xBA, 0xBA, 0xBA, 0xBA, 0xBA, 0xBA, 0xBA, 0xBA, 0xBA, 0xBA, 0xBA, 0xBE, 0xBA, 0xBA,
  0xBA, 0xBA, 0xBA, 0xBF, 0xBF, 0xBE, 0xBC, 0xBC, 0xBF, 0xBF, 0xBF, 0xBE, 0xBC, 0x86, 0x61, 0x7B,
  0x7B, 0xB3, 0xA3, 0xBC, 0xB0, 0x64, 0x63, 0x41, 0x40, 0x41, 0x49, 0x9D, 0xBB, 0xBF, 0xBF, 0xBF,
  0xBE, 0xBE, 0xBC, 0xA3, 0xA3, 0x7A, 0xC2, 0xC2, 0xC2, 0xC2, 0xC2, 0x7A, 0xC2, 0x7A, 0xB2, 0xA2,
  0xAF, 0xA3, 0xBF, 0xBE, 0xBE, 0xBA, 0xBA, 0xBE, 0xAF, 0xA2, 0xA3, 0xA3, 0xA9, 0x99, 0x99, 0x99,
  0x99, 0x99, 0xB2, 0xB2, 0xB2, 0xA9, 0xA9, 0x99, 0xB2, 0xB2, 0x99, 0x87, 0x87, 0x8B, 0x74, 0x62,
  0x0B, 0x01, 0x00, 0x00, 0x00, 0x00, 0x00, 0x00, 0x00, 0x00, 0x00, 0x01, 0x01, 0x05, 0x05, 0x06,
  0xA1, 0xA3, 0xA3, 0xBC, 0xBA, 0xBA, 0xBF, 0xBA, 0xBF, 0xA3, 0xC0, 0xBA, 0xBF, 0xBA, 0xBB, 0x9D,
  0xBF, 0xC0, 0xBE, 0xBA, 0xBA, 0xB4, 0xBA, 0xBC, 0xBB, 0xBA, 0xBC, 0xA3, 0xB0, 0xB0, 0x9B, 0xA3,
  0xA4, 0xA4, 0xA4, 0xB0, 0x50, 0x86, 0x4E, 0x47, 0x5B, 0x4E, 0x47, 0x47, 0x6E, 0x60, 0x48, 0x54,
  0x57, 0x48, 0x48, 0x53, 0x48, 0x5C, 0x78, 0xBA, 0xC0, 0xC0, 0xBF, 0xC0, 0xC0, 0xBA, 0xBA, 0xBA,
  0xBA, 0xBA, 0xBA, 0xC0, 0xC0, 0xC0, 0xBA, 0xC0, 0xBE, 0xBA, 0xBE, 0xBC, 0xBC, 0xBF, 0xBC, 0xBC,
  0xBC, 0xBC, 0xBC, 0xBC, 0x78, 0x60, 0xA0, 0xA2, 0x7F, 0x99, 0xBC, 0xA3, 0x9B, 0x63, 0x41, 0x40,
  0x73, 0x4C, 0xBB, 0xBB, 0xBA, 0xBF, 0xBF, 0xBE, 0xBB, 0xBB, 0xBE, 0xBE, 0xBE, 0x7A, 0xC2, 0xC2,
  0xC2, 0xC2, 0xC2, 0xC2, 0xC2, 0xB4, 0xB3, 0xA2, 0xBC, 0xBA, 0xBE, 0x9D, 0xBB, 0xBA, 0xBF, 0xAF,
  0xAF, 0xA3, 0xBF, 0xA2, 0xA9, 0xB2, 0xB2, 0x99, 0x99, 0x99, 0xB2, 0xA9, 0x99, 0x7F, 0xB2, 0xB2,
  0x99, 0xB2, 0x99, 0x7F, 0xB2, 0x8B, 0x87, 0x80, 0x0B, 0x01, 0x00, 0x00, 0x00, 0x00, 0x00, 0x00,
  0x00, 0x00, 0x00, 0x00, 0x00, 0x00, 0x00, 0x06, 0xA1, 0xBE, 0xA3, 0xBF, 0xBA, 0xC0, 0xBC, 0xA3,
  0xAF, 0xA3, 0xBF, 0xBB, 0xC0, 0xBF, 0xBB, 0xBD, 0xBA, 0xBF, 0xBC, 0xBA, 0xC1, 0xBD, 0xBA, 0xBE,
  0xBA, 0xBB, 0xBC, 0xA2, 0xA4, 0xB0, 0xA3, 0xA3, 0xA4, 0xA4, 0xA4, 0xB0, 0xB2, 0x86, 0x4E, 0x4E,
  0x47, 0x47, 0x47, 0x47, 0x47, 0x60, 0x48, 0x54, 0x57, 0x57, 0x4F, 0x53, 0x53, 0x5C, 0x6C, 0xB0,
  0xC0, 0xC0, 0xC0, 0xBF, 0xC0, 0xC0, 0xC0, 0xBA, 0xBA, 0xBA, 0xBA, 0xBA, 0xBF, 0xBF, 0xC0, 0xA3,
  0xC0, 0xBA, 0xBE, 0xBF, 0xBC, 0xBC, 0xBC, 0xBC, 0xBC, 0xBC, 0xBE, 0xA0, 0x60, 0x7A, 0x7B, 0x7B,
  0xA2, 0xA2, 0xA3, 0xA3, 0x96, 0x4C, 0x42, 0x41, 0x4C, 0x81, 0xBE, 0xBF, 0xC0, 0xBA, 0xBA, 0xBB,
  0xBB, 0xBB, 0xBB, 0xBB, 0xBB, 0x7B, 0xC2, 0xC2, 0xC2, 0xC2, 0xC2, 0xC2, 0xC2, 0xC2, 0x7A, 0xBE,
  0xC0, 0xBE, 0xBA, 0xBB, 0xBB, 0xBB, 0xBF, 0xAF, 0xBC, 0xBE, 0xBC, 0xB2, 0xA2, 0x96, 0xB2, 0x99,
  0x99, 0x99, 0xA9, 0xA9, 0xA9, 0x7F, 0x7F, 0xA9, 0xB2, 0xB2, 0xB2, 0xB3, 0xA2, 0x7F, 0x87, 0x80,
  0x0A, 0x01, 0x00, 0x00, 0x00, 0x00, 0x00, 0x00, 0x00, 0x00, 0x00, 0x00, 0x00, 0x00, 0x03, 0x02,
  0xA1, 0xBA, 0xBA, 0xBF, 0xC0, 0xBC, 0xA3, 0xA3, 0xB3, 0xB3, 0xC0, 0xBB, 0xBA, 0xBC, 0xBB, 0xBB,
  0xC0, 0xBA, 0xBA, 0xC1, 0xC1, 0xBA, 0xBF, 0xBD, 0xBA, 0xBF, 0xA3, 0xA3, 0xA4, 0xB0, 0x9B, 0xA4,
  0xA4, 0xA3, 0xA4, 0xA4, 0x96, 0x8B, 0x4E, 0x4E, 0x5B, 0x47, 0x47, 0x47, 0x6E, 0x60, 0x48, 0x54,
  0x57, 0x57, 0x57, 0x57, 0x4B, 0x50, 0x6C, 0xA5, 0xC0, 0xC0, 0xBF, 0xBF, 0xBF, 0xBA, 0xBA, 0xC0,
  0xBE, 0xBA, 0xBA, 0xBE, 0xA3, 0xA3, 0xBF, 0xA3, 0xC0, 0xBA, 0xBE, 0xBF, 0xBF, 0xBC, 0xBC, 0xBC,
  0xBC, 0xBC, 0x7B, 0x61, 0x60, 0x60, 0x78, 0xB2, 0x7B, 0xA3, 0xA3, 0x96, 0x45, 0x75, 0x45, 0x45,
  0xA5, 0xBE, 0xBC, 0xBC, 0xBF, 0xBB, 0xBB, 0xB0, 0xB0, 0xBB, 0xBB, 0x9D, 0x9D, 0xA0, 0x7A, 0xC2,
  0xC2, 0xC2, 0xC2, 0xC2, 0xC2, 0xC2, 0xC2, 0xBE, 0xC0, 0xBC, 0xBC, 0xBC, 0xBE, 0xBA, 0xBF, 0xBF,
  0xBA, 0xBA, 0xBC, 0x7B, 0x7B, 0x78, 0x99, 0x99, 0x99, 0xB2, 0xA9, 0xA9, 0xB2, 0x99, 0x8B, 0x99,
  0xB3, 0xB2, 0xB2, 0xB3, 0xB2, 0x8B, 0x87, 0x62, 0x09, 0x01, 0x00, 0x00, 0x00, 0x00, 0x00, 0x00,
  0x00, 0x00, 0x00, 0x00, 0x00, 0x00, 0x03, 0x02, 0xA1, 0xA3, 0xA3, 0xBF, 0xA3, 0xBC, 0xBF, 0xC0,
  0xC0, 0xB3, 0xC0, 0xBB, 0xBA, 0xBA, 0xBB, 0xBA, 0xBF, 0xBA, 0xBA, 0xBA, 0xBA, 0xBA, 0xBF, 0xBD,
  0xBA, 0xBC, 0xA3, 0xBF, 0xA4, 0xA4, 0xA4, 0xA4, 0xA4, 0xA4, 0xA3, 0xA3, 0x96, 0x8B, 0x47, 0x47,
  0x5B, 0x5B, 0x5B, 0x47, 0x6E, 0x4E, 0x48, 0x48, 0x48, 0x57, 0x48, 0x4F, 0x4B, 0x78, 0x81, 0xB0,
  0xC0, 0xC0, 0xC0, 0xBF, 0xBF, 0xBE, 0xBE, 0xC0, 0xBE, 0xBA, 0xBA, 0xC0, 0xA3, 0xA3, 0xA3, 0xBC,
  0xC0, 0xBE, 0xBE, 0xBF, 0xBF, 0xBC, 0xBC, 0xBF, 0x7B, 0x7B, 0x7B, 0x78, 0x86, 0x86, 0x69, 0xB2,
  0x6C, 0xA3, 0x9B, 0x96, 0x96, 0x96, 0x63, 0x9B, 0xBE, 0xBF, 0xBC, 0xBF, 0xC0, 0xBE, 0xB0, 0xC0,
  0xC0, 0xBB, 0xBB, 0x9D, 0xB8, 0xBE, 0x7B, 0x7A, 0x7A, 0x7A, 0xC2, 0xC2, 0xC2, 0x7A, 0x7A, 0xBF,
  0xBC, 0xBC, 0xBC, 0xBC, 0xBC, 0xBC, 0xBC, 0xBC, 0xC0, 0xBE, 0xBE, 0xBE, 0x7B, 0x99, 0x7F, 0x99,
  0xB2, 0xB2, 0xA9, 0xB2, 0x99, 0x99, 0x99, 0x7F, 0xB2, 0xB2, 0x99, 0x7F, 0x87, 0x91, 0x93, 0x62,
  0x0B, 0x01, 0x00, 0x00, 0x00, 0x00, 0x00, 0x00, 0x00, 0x00, 0x00, 0x00, 0x00, 0x00, 0x00, 0x02,
  0xA1, 0xC0, 0xB3, 0xAF, 0xB3, 0xBC, 0xBA, 0xA3, 0xB3, 0xA3, 0xBC, 0xBA, 0xBA, 0xBA, 0xC0, 0xBC,
  0xBF, 0xA3, 0xAF, 0xBC, 0xBA, 0xBA, 0xBB, 0xBA, 0xBA, 0xBC, 0xBC, 0xC0, 0xB0, 0xA4, 0xA4, 0xA4,
  0xA4, 0xA4, 0xBF, 0xA3, 0x9B, 0xB1, 0x6E, 0x47, 0x47, 0x47, 0x47, 0x47, 0x47, 0x47, 0x5C, 0x48,
  0x57, 0x57, 0x48, 0x53, 0x4F, 0x56, 0x64, 0xB0, 0xC0, 0xC0, 0xC0, 0xC0, 0xC0, 0xBE, 0xBE, 0xC0,
  0xBF, 0xC0, 0xBE, 0xC0, 0xC0, 0xBF, 0xBE, 0xC0, 0xBF, 0xBE, 0xBE, 0xBF, 0xBF, 0xBC, 0xBC, 0xBF,
  0x7B, 0x7B, 0xBF, 0xB2, 0x86, 0x69, 0x7F, 0x61, 0xAF, 0xA2, 0xAF, 0x96, 0x63, 0x9B, 0x9B, 0xA3,
  0xBC, 0xBC, 0xBC, 0xBC, 0xBC, 0xA3, 0xA3, 0xB0, 0xB0, 0x92, 0x9D, 0xBB, 0xB0, 0xA3, 0x7B, 0x7B,
  0x7B, 0xAF, 0x7A, 0x7A, 0xB3, 0xAF, 0xBC, 0xBC, 0xA3, 0xBC, 0xA3, 0xBC, 0xAF, 0xAF, 0xA3, 0xA3,
  0xBC, 0xC0, 0xBA, 0xBE, 0xAF, 0xB2, 0x99, 0x99, 0xB2, 0xB2, 0xB2, 0xB2, 0xB2, 0xB2, 0xB3, 0x7F,
  0x99, 0xB3, 0x7F, 0x7F, 0x87, 0x8C, 0x88, 0x62, 0x06, 0x05, 0x01, 0x01, 0x00, 0x00, 0x00, 0x00,
  0x00, 0x00, 0x00, 0x00, 0x00, 0x00, 0x00, 0x02, 0x8A, 0xAF, 0xA3, 0xB3, 0xB3, 0xB3, 0xAF, 0xB3,
  0x99, 0xBC, 0xBA, 0xBC, 0xBC, 0xBC, 0xA2, 0xB3, 0xA3, 0xAF, 0xB3, 0xAF, 0xBC, 0xBA, 0xC1, 0xBD,
  0xBF, 0xBC, 0xBA, 0xBB, 0x92, 0xB0, 0xB0, 0xA4, 0xA4, 0xA4, 0xA4, 0xA4, 0xA4, 0x99, 0x86, 0x4E,
  0x47, 0x47, 0x47, 0x47, 0x47, 0x47, 0x50, 0x48, 0x57, 0x57, 0x54, 0x48, 0x50, 0x63, 0xB9, 0xB0,
  0xB0, 0xB0, 0xB0, 0xC0, 0xC0, 0xB0, 0xB0, 0xC0, 0xA3, 0xA3, 0xBF, 0xBC, 0xBF, 0xBE, 0xBA, 0xBF,
  0x7B, 0xBC, 0xBC, 0xBF, 0xBC, 0xBC, 0xBC, 0xAF, 0xAF, 0xBF, 0x7B, 0x78, 0x60, 0x60, 0x6C, 0x7B,
  0xAF, 0xB3, 0xAF, 0xA2, 0xA2, 0x6C, 0xA3, 0x7B, 0xA3, 0xA2, 0xA2, 0xA2, 0xA3, 0xA3, 0xA3, 0xB0,
  0xA5, 0x92, 0xB8, 0xB0, 0xA3, 0xA2, 0xA3, 0x9B, 0x6C, 0xC0, 0xBF, 0xBF, 0xBE, 0xBF, 0xA3, 0xA3,
  0xA3, 0xBC, 0xA3, 0xA3, 0xA3, 0xA3, 0xA3, 0xA3, 0xBC, 0xA3, 0xBC, 0xA3, 0xA3, 0xA2, 0xB2, 0xB2,
  0xB2, 0xB2, 0xB2, 0xB2, 0xB2, 0xB2, 0xB3, 0xB2, 0x7F, 0xB2, 0xB1, 0x74, 0x93, 0x85, 0x8C, 0x62,
  0x0B, 0x05, 0x01, 0x01, 0x00, 0x00, 0x00, 0x00, 0x00, 0x00, 0x00, 0x00, 0x00, 0x00, 0x00, 0x02,
  0xA1, 0xB3, 0xAF, 0xB3, 0xB2, 0xAF, 0xAF, 0xB2, 0xA9, 0xBC, 0xBA, 0xA3, 0xA3, 0xA3, 0xB3, 0x99,
  0xB3, 0xB3, 0xB3, 0xB3, 0xAF, 0xBC, 0xBB, 0xBA, 0xBF, 0xBA, 0xBD, 0xBB, 0xBB, 0xB9, 0xB8, 0xB9,
  0xB9, 0xB0, 0xA4, 0xA4, 0xB9, 0x96, 0x74, 0x4E, 0x47, 0x47, 0x47, 0x47, 0x47, 0x47, 0x7F, 0x54,
  0x48, 0x48, 0x48, 0x48, 0x45, 0x64, 0xB9, 0xB9, 0xB0, 0xB0, 0xB0, 0xB0, 0xB0, 0xB0, 0xB0, 0xB0,
  0xA4, 0xA4, 0xA4, 0x9B, 0xA4, 0xB0, 0x7B, 0xA2, 0xA2, 0xA3, 0xA2, 0x61, 0x6C, 0xA2, 0xA2, 0xB3,
  0xB3, 0xA4, 0x96, 0x7F, 0x69, 0x60, 0x6C, 0x9B, 0x96, 0x96, 0x96, 0x99, 0x99, 0x78, 0x78, 0x78,
  0xB2, 0xB2, 0xB2, 0x96, 0x96, 0xA9, 0x96, 0x96, 0x73, 0x72, 0x9B, 0x9B, 0x96, 0x96, 0x96, 0x50,
  0xB2, 0xA9, 0x96, 0xA2, 0xA2, 0xA2, 0xB3, 0xB3, 0xA2, 0xA2, 0xA2, 0xAF, 0xA2, 0xA2, 0xA2, 0xA2,
  0xAF, 0xAF, 0xA2, 0xAF, 0xAF, 0xA2, 0xA2, 0xA2, 0xA2, 0xB3, 0xA2, 0xB3, 0xB3, 0xB3, 0xB3, 0xAF,
  0xB2, 0xB3, 0x99, 0x88, 0x83, 0x85, 0x8C, 0x62, 0x08, 0x05, 0x01, 0x01, 0x00, 0x00, 0x00, 0x00,
  0x00, 0x00, 0x00, 0x00, 0x00, 0x00, 0x00, 0x02, 0xA1, 0xB2, 0xB3, 0xB2, 0x7F, 0xA2, 0xA2, 0xB3,
  0xB3, 0xC0, 0xBA, 0xA3, 0xAF, 0xAF, 0xB3, 0x99, 0xA9, 0xA9, 0xB3, 0xB3, 0xB2, 0xB3, 0xBC, 0xBC,
  0xBC, 0xBB, 0xBB, 0xBE, 0xBB, 0xB0, 0x9B, 0x40, 0x24, 0xB9, 0xB9, 0xB9, 0x24, 0x84, 0x4C, 0x74,
  0x4E, 0x5B, 0x4E, 0x47, 0x47, 0x47, 0x69, 0x60, 0x50, 0x54, 0x48, 0x75, 0x59, 0x0C, 0x67, 0x67,
  0x67, 0x67, 0x67, 0x67, 0x67, 0x67, 0x67, 0x67, 0x67, 0x67, 0x8A, 0x80, 0x80, 0x80, 0xB8, 0xB9,
  0x98, 0x98, 0x98, 0x40, 0x40, 0xA4, 0x9B, 0x9B, 0x9B, 0x9B, 0x63, 0x5B, 0x74, 0x4C, 0x41, 0x73,
  0x41, 0x41, 0x46, 0x75, 0x4A, 0x75, 0x5B, 0x4A, 0x45, 0x55, 0x55, 0x75, 0x4A, 0x8B, 0x5B, 0x55,
  0x41, 0x1A, 0x42, 0x1A, 0x55, 0x43, 0x8B, 0x8B, 0x8B, 0xB1, 0x7F, 0xB1, 0x8B, 0x8B, 0x8B, 0xB1,
  0x7F, 0x99, 0x99, 0x99, 0xB2, 0xB3, 0xB3, 0xB3, 0xB3, 0xA2, 0xAF, 0xBC, 0xBC, 0xBE, 0xBE, 0xBF,
  0xBE, 0xBE, 0xBF, 0xBC, 0xBC, 0xBC, 0xBC, 0xAF, 0xB3, 0xA2, 0x99, 0x85, 0x5B, 0x8C, 0x8F, 0x62,
  0x08, 0x01, 0x00, 0x00, 0x00, 0x00, 0x00, 0x00, 0x00, 0x00, 0x00, 0x00, 0x00, 0x00, 0x00, 0x02,
  0x82, 0xA9, 0xA9, 0x99, 0xA9, 0xA2, 0xB3, 0xB3, 0xA3, 0xA3, 0xBC, 0xAF, 0xAF, 0xB3, 0x99, 0xA9,
  0xA9, 0xA9, 0xB3, 0xAF, 0xA2, 0xB3, 0xAF, 0xA3, 0xBF, 0xBB, 0xBE, 0xBF, 0xB0, 0xB0, 0x9B, 0x1A,
  0x24, 0x22, 0x24, 0x23, 0x70, 0x62, 0x62, 0x4A, 0x47, 0x4E, 0x47, 0x47, 0x47, 0x4E, 0x47, 0x47,
  0x69, 0x4E, 0x47, 0x56, 0x68, 0x28, 0x28, 0x28, 0x2E, 0x28, 0x28, 0x28, 0x28, 0x28, 0x28, 0x28,
  0x28, 0x28, 0x28, 0x1F, 0x1F, 0x2A, 0x1F, 0x1F, 0x1F, 0x1F, 0x07, 0x2D, 0x2D, 0x70, 0x70, 0x22,
  0x23, 0x24, 0x24, 0x40, 0x42, 0x42, 0x42, 0x42, 0x42, 0x42, 0x42, 0x41, 0x46, 0x46, 0x46, 0x46,
  0x41, 0x41, 0x1A, 0x41, 0x46, 0x55, 0x55, 0x41, 0x42, 0x0D, 0x42, 0x42, 0x41, 0x55, 0x75, 0x4A,
  0x4A, 0x75, 0x75, 0x75, 0x99, 0x99, 0x99, 0x99, 0x99, 0x99, 0xB2, 0x99, 0xB2, 0xB2, 0xB3, 0xB3,
  0xA2, 0xA2, 0xA2, 0xA2, 0xA3, 0xA3, 0xBC, 0xBC, 0xBF, 0xBF, 0xBF, 0xBC, 0xBC, 0xBF, 0xBC, 0xB2,
  0x99, 0x87, 0xB7, 0x8C, 0x83, 0x83, 0x85, 0x62, 0x0A, 0x01, 0x00, 0x00, 0x00, 0x00, 0x00, 0x00,
  0x00, 0x00, 0x00, 0x00, 0x00, 0x00, 0x00, 0x02, 0x82, 0xA9, 0xA9, 0xB2, 0xB3, 0xB3, 0xB3, 0xAF,
  0xC0, 0xB3, 0xB3, 0xB3, 0xA3, 0xB3, 0x99, 0xA2, 0xB2, 0xA9, 0xB3, 0xA9, 0xAF, 0xB3, 0xA3, 0x9B,
  0xB9, 0xB9, 0x81, 0x61, 0x9B, 0x9C, 0x98, 0xB8, 0x40, 0x24, 0x24, 0x23, 0x51, 0x22, 0x0C, 0x84,
  0x87, 0x6E, 0x4E, 0x4E, 0x47, 0x47, 0x4E, 0x4E, 0x4E, 0x74, 0x75, 0x09, 0x27, 0x2A, 0x27, 0x27,
  0x27, 0x27, 0x27, 0x27, 0x27, 0x27, 0x27, 0x27, 0x27, 0x27, 0x27, 0x27, 0x27, 0x2A, 0x27, 0x2A,
  0x27, 0x27, 0x27, 0x28, 0x28, 0x28, 0x20, 0x12, 0x22, 0x22, 0x22, 0x22, 0x23, 0x0D, 0x0E, 0x0E,
  0x0D, 0x0D, 0x0D, 0x42, 0x42, 0x42, 0x42, 0x42, 0x42, 0x42, 0x42, 0x42, 0x1A, 0x41, 0x1A, 0x1A,
  0x42, 0x42, 0x42, 0x42, 0x1A, 0x41, 0x4C, 0x4C, 0x4C, 0x4C, 0x4C, 0x65, 0x65, 0x96, 0x65, 0x78,
  0x78, 0xB2, 0xB3, 0xB3, 0xB3, 0xB2, 0xB2, 0xB3, 0xB3, 0xB3, 0xA2, 0xB3, 0xB3, 0xA2, 0xAF, 0xAF,
  0xBC, 0xBC, 0xBC, 0xAF, 0xAF, 0xA3, 0xAF, 0xB2, 0x74, 0xB7, 0x8C, 0x93, 0x8C, 0x8C, 0xB7, 0x62,
  0x0A, 0x01, 0x00, 0x00, 0x00, 0x00, 0x00, 0x00, 0x00, 0x00, 0x00, 0x00, 0x00, 0x00, 0x05, 0x06,
  0xA1, 0xB2, 0x99, 0xB2, 0xB3, 0x99, 0xB2, 0xAF, 0xAF, 0xAF, 0xA9, 0xA2, 0xAF, 0xB2, 0xB2, 0xAF,
  0xB3, 0xB2, 0xB3, 0xA2, 0xA9, 0xB3, 0x50, 0x63, 0xB8, 0x64, 0xA4, 0x96, 0x98, 0x73, 0x1A, 0x24,
  0x24, 0x24, 0x24, 0x22, 0x70, 0x0C, 0x0C, 0x07, 0x5A, 0x4A, 0x44, 0x86, 0x6E, 0x47, 0x47, 0x6E,
  0x74, 0x75, 0x02, 0x27, 0x2A, 0x2A, 0x2A, 0x2A, 0x2A, 0x2A, 0x2A, 0x2A, 0x2A, 0x2A, 0x2A, 0x2A,
  0x2A, 0x2A, 0x2A, 0x2A, 0x2A, 0x2A, 0x2A, 0x2A, 0x2A, 0x2A, 0x2A, 0x2A, 0x2A, 0x28, 0x20, 0x12,
  0x22, 0x36, 0x36, 0x36, 0x22, 0x23, 0x29, 0x23, 0x23, 0x24, 0x24, 0x24, 0x0E, 0x24, 0x2F, 0x24,
  0x23, 0x0E, 0x0D, 0x24, 0x0E, 0x42, 0x42, 0x42, 0x42, 0x0D, 0x42, 0x42, 0x1A, 0x41, 0x41, 0x41,
  0x41, 0x49, 0x63, 0x96, 0x96, 0x96, 0x96, 0x96, 0xA2, 0xA2, 0xA2, 0xA2, 0xA2, 0xA2, 0xAF, 0xAF,
  0xAF, 0xA2, 0xAF, 0xAF, 0xA2, 0xAF, 0xAF, 0xAF, 0xAF, 0xA3, 0xAF, 0xA2, 0x7F, 0x8B, 0x99, 0x74,
  0x85, 0x85, 0x85, 0x88, 0x44, 0xB7, 0x88, 0x62, 0x0A, 0x01, 0x00, 0x00, 0x00, 0x00, 0x00, 0x00,
  0x00, 0x00, 0x00, 0x00, 0x00, 0x00, 0x05, 0x06, 0xA1, 0x50, 0x99, 0xB2, 0xB3, 0x99, 0x99, 0x99,
  0xA9, 0xAF, 0xAF, 0xB2, 0xB3, 0xB2, 0xB2, 0xA2, 0xA2, 0x99, 0x99, 0xB3, 0xA2, 0x99, 0x65, 0x96,
  0x98, 0x9B, 0x96, 0x63, 0x41, 0x72, 0x1A, 0x24, 0x24, 0x40, 0x22, 0x70, 0x67, 0x40, 0x0C, 0x1F,
  0x27, 0x1F, 0x84, 0x49, 0x4A, 0x4E, 0x4A, 0x56, 0x84, 0x08, 0x2A, 0x2E, 0x2A, 0x2A, 0x2A, 0x2A,
  0x2A, 0x2A, 0x2A, 0x2A, 0x2A, 0x2A, 0x2A, 0x2A, 0x27, 0x27, 0x27, 0x27, 0x27, 0x2A, 0x2A, 0x2A,
  0x2A, 0x2A, 0x2A, 0x2A, 0x2A, 0x28, 0x1F, 0x20, 0x12, 0x51, 0x51, 0x51, 0x12, 0x12, 0x51, 0x51,
  0x12, 0x36, 0x22, 0x22, 0x22, 0x29, 0x29, 0x22, 0x22, 0x29, 0x22, 0x22, 0x23, 0x23, 0x23, 0x24,
  0x23, 0x23, 0x23, 0x23, 0x24, 0x42, 0x42, 0x42, 0x1A, 0x1A, 0x1A, 0x1A, 0x73, 0x73, 0x9B, 0x9C,
  0x9C, 0x9C, 0x9C, 0x9C, 0x9B, 0x9B, 0x9C, 0x9C, 0x96, 0x96, 0x96, 0x96, 0x96, 0x96, 0x96, 0xA9,
  0x96, 0x96, 0xA9, 0x99, 0x8B, 0xB7, 0x8C, 0x85, 0x85, 0x85, 0x85, 0x8F, 0x4A, 0x44, 0x88, 0x80,
  0x02, 0x01, 0x00, 0x00, 0x00, 0x00, 0x00, 0x00, 0x00, 0x00, 0x00, 0x00, 0x00, 0x00, 0x01, 0x02,
  0x82, 0x96, 0x99, 0xB3, 0xB2, 0x7F, 0x7F, 0x99, 0x99, 0xA3, 0xB0, 0xA9, 0xA9, 0xB2, 0xA9, 0xB3,
  0xB2, 0xB2, 0x99, 0x99, 0xB2, 0x96, 0x50, 0x96, 0x96, 0x9B, 0x63, 0x50, 0x73, 0x72, 0x42, 0x24,
  0x42, 0x24, 0x24, 0x23, 0x67, 0xB9, 0x80, 0x2B, 0x2B, 0x28, 0x27, 0x28, 0x2D, 0x0C, 0x2D, 0x28,
  0x27, 0x28, 0x1F, 0x28, 0x28, 0x28, 0x27, 0x27, 0x27, 0x27, 0x27, 0x27, 0x27, 0x27, 0x27, 0x27,
  0x27, 0x27, 0x27, 0x27, 0x27, 0x27, 0x27, 0x27, 0x2A, 0x2A, 0x2A, 0x2A, 0x2A, 0x28, 0x28, 0x28,
  0x1F, 0x2B, 0x2B, 0x2B, 0x2B, 0x2B, 0x2B, 0x2B, 0x6B, 0x6B, 0x6B, 0x6B, 0x5D, 0x5D, 0x5D, 0x5D,
  0x5D, 0x5D, 0x5D, 0x5D, 0x5D, 0x5D, 0x5D, 0x5D, 0x21, 0x21, 0x71, 0x6A, 0x6A, 0x29, 0x23, 0x23,
  0x24, 0x2F, 0x24, 0x24, 0x24, 0x24, 0x0E, 0x0E, 0x42, 0x42, 0x42, 0x42, 0x42, 0x42, 0x42, 0x1A,
  0x1A, 0x1A, 0x1A, 0x1A, 0x1A, 0x9C, 0x9C, 0x9C, 0x9C, 0x9C, 0x9A, 0x55, 0x83, 0x8C, 0x8F, 0x8C,
  0x8F, 0x85, 0x8F, 0xB7, 0x83, 0x44, 0x8C, 0x62, 0x09, 0x01, 0x00, 0x00, 0x00, 0x00, 0x00, 0x00,
  0x00, 0x00, 0x00, 0x00, 0x00, 0x00, 0x01, 0x02, 0x82, 0x49, 0x96, 0xA9, 0xB2, 0x7F, 0x99, 0x99,
  0x99, 0xA4, 0x68, 0x92, 0xB2, 0xB2, 0xB2, 0xB2, 0x99, 0x99, 0xA2, 0x81, 0x96, 0x63, 0x96, 0x99,
  0x9B, 0x9B, 0xA9, 0x99, 0x9C, 0x1A, 0x24, 0xAA, 0x9C, 0x40, 0xAA, 0x0E, 0x24, 0x24, 0x24, 0x70,
  0x51, 0x51, 0x70, 0x6B, 0x2B, 0x2B, 0x2B, 0x20, 0x6B, 0x2B, 0x2B, 0x2B, 0x1F, 0x1F, 0x28, 0x28,
  0x28, 0x28, 0x28, 0x28, 0x28, 0x28, 0x28, 0x28, 0x28, 0x28, 0x28, 0x28, 0x28, 0x28, 0x28, 0x28,
  0x28, 0x1F, 0x1F, 0x1F, 0x1F, 0x2B, 0x2B, 0x6B, 0x6B, 0x51, 0x51, 0x51, 0x51, 0x51, 0x51, 0x51,
  0x6A, 0x6A, 0x6A, 0x6A, 0x6A, 0x6A, 0x6A, 0x71, 0x71, 0x71, 0x71, 0x71, 0x6A, 0x6A, 0x6A, 0x6A,
  0x6A, 0x52, 0x29, 0x23, 0x35, 0x35, 0x35, 0x2F, 0x2F, 0x2F, 0x2F, 0x25, 0x25, 0x25, 0x25, 0x25,
  0x25, 0x25, 0x25, 0x25, 0x25, 0x25, 0x26, 0x26, 0x26, 0x26, 0x26, 0x26, 0x26, 0x1A, 0x1A, 0x1A,
  0x1A, 0x1A, 0x1A, 0x46, 0x8C, 0x8F, 0x8F, 0xB7, 0x85, 0x85, 0x85, 0x8F, 0x8C, 0x93, 0x8C, 0x62,
  0x09, 0x01, 0x00, 0x00, 0x00, 0x00, 0x00, 0x00, 0x00, 0x00, 0x00, 0x00, 0x00, 0x00, 0x01, 0x02,
  0x8A, 0x65, 0x63, 0xB2, 0x99, 0x99, 0x99, 0x7F, 0x99, 0xA9, 0xA4, 0x96, 0x99, 0x99, 0x99, 0x99,
  0x7F, 0x7F, 0xA9, 0xB8, 0x96, 0x9C, 0x9B, 0x9A, 0x9C, 0x9A, 0x9A, 0x9C, 0x9C, 0x1A, 0x24, 0x1A,
  0xAA, 0x24, 0x24, 0x23, 0x24, 0x23, 0x23, 0x22, 0x21, 0x51, 0x6A, 0x51, 0x5D, 0x51, 0x5D, 0x5D,
  0x5D, 0x5D, 0x6B, 0x6B, 0x6B, 0x2B, 0x2B, 0x2B, 0x2B, 0x2B, 0x2B, 0x2B, 0x2B, 0x2B, 0x2B, 0x2B,
  0x2B, 0x2B, 0x2B, 0x2B, 0x2B, 0x2B, 0x2B, 0x2B, 0x2B, 0x2B, 0x2B, 0x6B, 0x6B, 0x51, 0x12, 0x22,
  0x22, 0x29, 0x29, 0x23, 0x23, 0x23, 0x2F, 0x2F, 0x2F, 0x2F, 0x2F, 0x35, 0x23, 0x23, 0x23, 0x38,
  0x52, 0x52, 0x52, 0x29, 0x29, 0x29, 0x23, 0x23, 0x29, 0x37, 0x35, 0x35, 0x33, 0x2C, 0x25, 0x25,
  0x25, 0x25, 0x25, 0x25, 0x25, 0x25, 0x25, 0x25, 0x26, 0x26, 0x25, 0x25, 0x25, 0x26, 0x26, 0x26,
  0x26, 0x25, 0x25, 0x26, 0x26, 0x13, 0x26, 0x26, 0x26, 0x13, 0x46, 0x46, 0x83, 0x85, 0xB7, 0x93,
  0x8F, 0x8F, 0x8F, 0x8F, 0xB7, 0x93, 0x8C, 0x80, 0x0A, 0x01, 0x00, 0x00, 0x00, 0x00, 0x00, 0x00,
  0x00, 0x00, 0x00, 0x00, 0x00, 0x00, 0x01, 0x0A, 0x8A, 0x50, 0x96, 0x99, 0x8B, 0xA9, 0x99, 0x99,
  0xA9, 0x96, 0x96, 0x7F, 0x7F, 0x99, 0x99, 0xA9, 0x99, 0x7F, 0xA9, 0x96, 0x9B, 0x72, 0x1A, 0x1A,
  0x9C, 0x9C, 0x1A, 0x42, 0xAA, 0x42, 0x0E, 0x0E, 0x0E, 0x24, 0x2F, 0x23, 0x23, 0x23, 0x24, 0x29,
  0x6A, 0x6A, 0x6A, 0x6A, 0x6A, 0x6A, 0x71, 0x71, 0x71, 0x51, 0x51, 0x51, 0x5D, 0x5D, 0x6B, 0x6B,
  0x6B, 0x6B, 0x6B, 0x6B, 0x6B, 0x6B, 0x6B, 0x6B, 0x2B, 0x6B, 0x6B, 0x6B, 0x6B, 0x6B, 0x6B, 0x6B,
  0x6B, 0x6B, 0x6B, 0x5D, 0x5D, 0x5D, 0x51, 0x71, 0x71, 0x8D, 0x8D, 0x8D, 0x52, 0x52, 0x38, 0x38,
  0x38, 0x37, 0x38, 0x38, 0x52, 0x52, 0x8E, 0x52, 0x52, 0x52, 0x52, 0x52, 0x52, 0x52, 0x52, 0x38,
  0x38, 0x38, 0x37, 0x35, 0x35, 0x33, 0x2C, 0x25, 0x25, 0x25, 0x25, 0x25, 0x25, 0x33, 0x2C, 0x2C,
  0x2C, 0x25, 0x25, 0x25, 0x25, 0x25, 0x26, 0x26, 0x25, 0x25, 0x25, 0x25, 0x26, 0x26, 0x26, 0x26,
  0x26, 0x13, 0x13, 0x46, 0x83, 0x85, 0x8F, 0x88, 0x8F, 0x8C, 0x8F, 0x85, 0x85, 0xB7, 0xB7, 0x62,
  0x09, 0x01, 0x00, 0x00, 0x00, 0x00, 0x00, 0x00, 0x00, 0x00, 0x00, 0x00, 0x00, 0x00, 0x04, 0x0A,
  0x62, 0x99, 0x9A, 0x50, 0xA9, 0x96, 0xA9, 0x9A, 0x96, 0x96, 0x96, 0x99, 0x99, 0xA9, 0x96, 0x96,
  0x9C, 0x96, 0xA3, 0x9B, 0xB8, 0x40, 0xAA, 0xAA, 0xAA, 0x1A, 0x24, 0x70, 0xAA, 0x26, 0x25, 0x0E,
  0xAA, 0x2F, 0x0E, 0x24, 0x0E, 0x2F, 0x24, 0x29, 0x38, 0x52, 0x52, 0x8D, 0x8D, 0x8D, 0x8D, 0x71,
  0x71, 0x71, 0x71, 0x21, 0x21, 0x5D, 0x5D, 0x5D, 0x5D, 0x5D, 0x6B, 0x6B, 0x6B, 0x6B, 0x6B, 0x6B,
  0x6B, 0x6B, 0x6B, 0x6B, 0x6B, 0x6B, 0x5D, 0x5D, 0x5D, 0x5D, 0x51, 0x51, 0x51, 0x51, 0x21, 0x21,
  0x71, 0x71, 0x71, 0x71, 0x8D, 0x8D, 0x8D, 0x8D, 0x8D, 0x52, 0x52, 0x52, 0x38, 0x8E, 0x8E, 0x8E,
  0x8E, 0x8E, 0x8E, 0x52, 0x38, 0x38, 0x38, 0x38, 0x37, 0x37, 0x77, 0x76, 0x3A, 0x34, 0x33, 0x2C,
  0x2C, 0x25, 0x25, 0x25, 0x2C, 0x5E, 0x34, 0x5E, 0x33, 0x2C, 0x2C, 0x2C, 0x2C, 0x25, 0x2C, 0x25,
  0x2C, 0x2C, 0x2C, 0x2C, 0x25, 0x26, 0x25, 0x26, 0x26, 0x26, 0x26, 0x46, 0x44, 0x85, 0x8F, 0x85,
  0x85, 0x85, 0x8F, 0x85, 0x8F, 0x85, 0x8F, 0x62, 0x02, 0x01, 0x00, 0x00, 0x00, 0x00, 0x00, 0x00,
  0x00, 0x00, 0x00, 0x00, 0x00, 0x00, 0x01, 0x0A, 0x82, 0x9C, 0x9B, 0x96, 0xA9, 0x96, 0x9A, 0x9A,
  0x9A, 0x96, 0x9B, 0xA9, 0xA9, 0x96, 0x96, 0x9C, 0x9B, 0x9B, 0xA4, 0xA4, 0xA4, 0xAA, 0xAA, 0xAA,
  0x0E, 0x1A, 0x24, 0x24, 0x25, 0x25, 0x25, 0x2F, 0x25, 0x2F, 0x2F, 0x2F, 0x2F, 0x2F, 0x29, 0x52,
  0x52, 0x89, 0x8D, 0x8D, 0x8D, 0x8D, 0x8D, 0x71, 0x71, 0x71, 0x71, 0x21, 0x51, 0x51, 0x5D, 0x5D,
  0x5D, 0x6B, 0x6B, 0x6B, 0x6B, 0x6B, 0x6B, 0x6B, 0x6B, 0x6B, 0x5D, 0x5D, 0x6B, 0x6B, 0x6B, 0x6B,
  0x5D, 0x5D, 0x5D, 0x5D, 0x5D, 0x5D, 0x5D, 0x5D, 0x21, 0x5D, 0x71, 0x71, 0x6A, 0x6A, 0x6A, 0x8D,
  0x8D, 0x52, 0x52, 0x52, 0x38, 0x8E, 0x8E, 0x8E, 0x8E, 0x8E, 0x8E, 0x8E, 0x38, 0x38, 0x38, 0x37,
  0x37, 0x37, 0x76, 0x3A, 0x3A, 0x34, 0x34, 0x34, 0x33, 0x33, 0x33, 0x33, 0x33, 0x34, 0x34, 0x34,
  0x33, 0x33, 0x33, 0x33, 0x2C, 0x2C, 0x33, 0x33, 0x33, 0x33, 0x33, 0x33, 0x2C, 0x2C, 0x2C, 0x25,
  0x26, 0x26, 0x26, 0x1A, 0x43, 0x85, 0x8F, 0xB7, 0xB7, 0x8C, 0x8F, 0x85, 0x8F, 0x8F, 0x8F, 0x62,
  0x02, 0x01, 0x00, 0x00, 0x00, 0x00, 0x00, 0x00, 0x00, 0x00, 0x00, 0x00, 0x00, 0x00, 0x01, 0x0A,
  0x82, 0x9C, 0x9C, 0x96, 0x96, 0x96, 0x96, 0x96, 0x96, 0xA9, 0xA3, 0xA3, 0xAF, 0xA4, 0x9B, 0x9B,
  0x9B, 0xA4, 0xB0, 0xB9, 0xB8, 0xB9, 0xAA, 0xAA, 0x0E, 0xAA, 0xAA, 0x2F, 0x2F, 0x2F, 0x25, 0x35,
  0x2F, 0x35, 0x35, 0x37, 0x35, 0x37, 0x52, 0x52, 0x89, 0x8D, 0x8D, 0x89, 0x89, 0x89, 0x8D, 0x8D,
  0x71, 0x71, 0x71, 0x71, 0x51, 0x51, 0x51, 0x5D, 0x5D, 0x6B, 0x6B, 0x6B, 0x6B, 0x6B, 0x6B, 0x5D,
  0x5D, 0x5D, 0x5D, 0x5D, 0x5D, 0x5D, 0x6B, 0x6B, 0x6B, 0x5D, 0x5D, 0x5D, 0x5D, 0x5D, 0x5D, 0x5D,
  0x5D, 0x5D, 0x71, 0x71, 0x71, 0x71, 0x71, 0x71, 0x8D, 0x89, 0x52, 0x8E, 0x8E, 0x8E, 0x8E, 0x8E,
  0x8E, 0x8E, 0x8E, 0x8E, 0x8E, 0x38, 0x38, 0x37, 0x37, 0x77, 0x76, 0x3A, 0x95, 0x95, 0x3A, 0x3A,
  0x3A, 0x3A, 0x35, 0x35, 0x35, 0x3A, 0x3A, 0x34, 0x5E, 0x33, 0x5E, 0x5E, 0x33, 0x5E, 0x5E, 0x33,
  0x5E, 0x5E, 0x33, 0x33, 0x34, 0x33, 0x33, 0x2C, 0x25, 0x25, 0x26, 0x26, 0x46, 0x44, 0x83, 0x8C,
  0xB7, 0x83, 0x88, 0x85, 0x8F, 0x8F, 0x8F, 0x62, 0x02, 0x01, 0x00, 0x00, 0x00, 0x00, 0x00, 0x00,
  0x00, 0x00, 0x00, 0x00, 0x00, 0x00, 0x01, 0x02, 0x82, 0x9A, 0x9C, 0xA9, 0x99, 0x96, 0x9B, 0xA4,
  0xC0, 0xC0, 0xBA, 0xBA, 0xC0, 0xC0, 0xA4, 0xB0, 0xB0, 0xB0, 0xB0, 0xB9, 0xB9, 0xAA, 0x24, 0xAA,
  0xAA, 0xAA, 0xAA, 0x2F, 0x2F, 0xAA, 0x2F, 0x3A, 0x33, 0x35, 0x35, 0x37, 0x76, 0x37, 0x8E, 0x8E,
  0x89, 0x89, 0x89, 0x89, 0x89, 0x89, 0x89, 0x89, 0x8D, 0x8D, 0x71, 0x71, 0x71, 0x71, 0x71, 0x51,
  0x5D, 0x5D, 0x5D, 0x5D, 0x5D, 0x5D, 0x5D, 0x5D, 0x71, 0x71, 0x71, 0x71, 0x71, 0x5D, 0x5D, 0x5D,
  0x5D, 0x5D, 0x5D, 0x5D, 0x5D, 0x21, 0x21, 0x71, 0x71, 0x71, 0x71, 0x71, 0x71, 0x8D, 0x8D, 0x8D,
  0x89, 0x52, 0x8E, 0x37, 0x37, 0x38, 0x38, 0x8E, 0x8E, 0x8E, 0x8E, 0x8E, 0x8E, 0x8E, 0x38, 0x37,
  0x37, 0x77, 0x76, 0x76, 0x76, 0x76, 0x95, 0x3A, 0x3A, 0x3A, 0x95, 0x95, 0x95, 0x95, 0x3A, 0x3A,
  0x34, 0x34, 0x34, 0x34, 0x35, 0x5E, 0x33, 0x33, 0x33, 0x5E, 0x34, 0x34, 0x33, 0x33, 0x2C, 0x25,
  0x26, 0x26, 0x26, 0x26, 0x46, 0x44, 0x8C, 0x8F, 0x85, 0xB7, 0x88, 0xB7, 0x8F, 0x8F, 0x8F, 0x62,
  0x02, 0x01, 0x00, 0x00, 0x00, 0x00, 0x00, 0x00, 0x00, 0x00, 0x00, 0x00, 0x00, 0x01, 0x01, 0x02,
  0x67, 0x9A, 0x9C, 0xA9, 0x99, 0x96, 0x9B, 0xA4, 0xBA, 0xBA, 0xBA, 0xBA, 0xBB, 0xBA, 0xB0, 0xA4,
  0xAA, 0xAA, 0xAA, 0x0E, 0x25, 0x2F, 0x24, 0xB9, 0xB0, 0xAA, 0x25, 0x2F, 0x24, 0xAA, 0x2F, 0x34,
  0x3A, 0x95, 0x35, 0x77, 0x77, 0x77, 0x38, 0x8E, 0x8E, 0x8E, 0x8E, 0x8E, 0x8E, 0x8E, 0x8E, 0x89,
  0x89, 0x89, 0x8D, 0x8D, 0x8D, 0x8D, 0x8D, 0x8D, 0x71, 0x71, 0x71, 0x5D, 0x5D, 0x5D, 0x71, 0x71,
  0x71, 0x8D, 0x8D, 0x8D, 0x8D, 0x71, 0x71, 0x71, 0x71, 0x71, 0x71, 0x6A, 0x6A, 0x8D, 0x8D, 0x8D,
  0x8D, 0x89, 0x52, 0x52, 0x52, 0x52, 0x52, 0x8E, 0x8E, 0x38, 0x37, 0x77, 0x77, 0x37, 0x37, 0x38,
  0x38, 0x38, 0x38, 0x38, 0x37, 0x37, 0x37, 0x77, 0x77, 0x76, 0x76, 0x76, 0x3A, 0x3A, 0x3A, 0x3A,
  0x3A, 0x3A, 0x3A, 0x3A, 0x95, 0x3A, 0x3A, 0x3A, 0x34, 0x34, 0x34, 0x35, 0x35, 0x25, 0x26, 0x26,
  0x25, 0x2C, 0x34, 0x33, 0x33, 0x2C, 0x25, 0x26, 0x1A, 0x1A, 0x13, 0x3B, 0x46, 0x88, 0x8F, 0xB7,
  0xB7, 0xB7, 0xB7, 0x8C, 0x8C, 0x8F, 0x8F, 0x62, 0x02, 0x01, 0x00, 0x00, 0x00, 0x00, 0x00, 0x00,
  0x00, 0x00, 0x00, 0x00, 0x00, 0x00, 0x00, 0x02, 0x67, 0x9C, 0xA4, 0xA4, 0x9B, 0x9B, 0x9C, 0xA4,
  0xB0, 0xB0, 0xB0, 0xB0, 0xB0, 0xB0, 0xB0, 0xA4, 0xAA, 0xAA, 0x25, 0x2F, 0x2F, 0x33, 0xAA, 0xAA,
  0xA4, 0xAA, 0x2F, 0x2F, 0xAA, 0xAA, 0x2F, 0x34, 0x3A, 0x76, 0x35, 0x77, 0x77, 0x77, 0x77, 0x37,
  0x8E, 0x8E, 0x8E, 0x8E, 0x8E, 0x8E, 0x8E, 0x8E, 0x89, 0x89, 0x89, 0x89, 0x89, 0x89, 0x89, 0x8D,
  0x8D, 0x8D, 0x71, 0x71, 0x71, 0x71, 0x71, 0x8D, 0x8D, 0x8D, 0x8D, 0x36, 0x36, 0x8D, 0x8D, 0x8D,
  0x8D, 0x8D, 0x52, 0x52, 0x52, 0x52, 0x52, 0x52, 0x38, 0x8E, 0x8E, 0x8E, 0x8E, 0x8E, 0x8E, 0x37,
  0x37, 0x77, 0x77, 0x76, 0x76, 0x77, 0x37, 0x37, 0x37, 0x37, 0x37, 0x37, 0x77, 0x77, 0x77, 0x76,
  0x76, 0x95, 0x95, 0x3A, 0x3A, 0x3A, 0x34, 0x34, 0x34, 0x34, 0x34, 0x34, 0x35, 0x34, 0x34, 0x34,
  0x34, 0x34, 0x34, 0x34, 0x33, 0x33, 0x33, 0x33, 0x33, 0x33, 0x2C, 0x2C, 0x25, 0x25, 0x25, 0x26,
  0x26, 0x1A, 0x3B, 0x1A, 0x46, 0x93, 0x85, 0x85, 0x85, 0x85, 0x85, 0x88, 0x8C, 0x8F, 0x8F, 0x62,
  0x0A, 0x01, 0x00, 0x00, 0x00, 0x00, 0x00, 0x00, 0x00, 0x00, 0x00, 0x00, 0x01, 0x00, 0x02, 0x02,
  0x82, 0x9C, 0x9B, 0x9B, 0x9B, 0x1A, 0xAA, 0xAA, 0xAA, 0xAA, 0x24, 0xAA, 0xAA, 0xAA, 0xAA, 0xAA,
  0xAA, 0xAA, 0xAA, 0xAA, 0x2F, 0x79, 0x2F, 0xAA, 0xAA, 0x0E, 0x25, 0x2F, 0x25, 0x25, 0x33, 0x5E,
  0x97, 0x76, 0x76, 0x77, 0x77, 0x77, 0x77, 0x76, 0x77, 0x77, 0x77, 0x77, 0x8E, 0x8E, 0x8E, 0x8E,
  0x8E, 0x8E, 0x8E, 0x89, 0x89, 0x89, 0x89, 0x89, 0x89, 0x89, 0x8D, 0x8D, 0x8D, 0x8D, 0x8D, 0x8D,
  0x8D, 0x8D, 0x89, 0x89, 0x52, 0x89, 0x89, 0x8E, 0x89, 0x89, 0x89, 0x8E, 0x8E, 0x8E, 0x8E, 0x8E,
  0x8E, 0x8E, 0x77, 0x77, 0x8E, 0x77, 0x77, 0x77, 0x77, 0x77, 0x76, 0x76, 0x76, 0x76, 0x77, 0x77,
  0x77, 0x77, 0x77, 0x77, 0x77, 0x77, 0x76, 0x76, 0x95, 0x95, 0x3A, 0x3A, 0x3A, 0x3A, 0x34, 0x34,
  0x34, 0x34, 0x34, 0x34, 0x34, 0x5E, 0x5E, 0x5E, 0x5E, 0x5E, 0x5E, 0x5E, 0x5E, 0x79, 0x79, 0x79,
  0x79, 0x79, 0x2C, 0x2C, 0x26, 0x1B, 0x26, 0x26, 0x26, 0x13, 0x1A, 0x1A, 0x46, 0x44, 0x83, 0x88,
  0x93, 0x83, 0x83, 0x93, 0x8C, 0x8F, 0xB7, 0x62, 0x0A, 0x01, 0x00, 0x00, 0x00, 0x00, 0x00, 0x00,
  0x00, 0x00, 0x00, 0x00, 0x00, 0x00, 0x03, 0x0A, 0x94, 0x1A, 0x1A, 0x1A, 0x1A, 0x1A, 0x26, 0x26,
  0x25, 0x25, 0x25, 0x25, 0x25, 0xAA, 0x24, 0xAA, 0x40, 0xB0, 0x9B, 0xA4, 0xAA, 0x2F, 0x2F, 0xAA,
  0xAA, 0x2F, 0x33, 0x33, 0x35, 0x35, 0x95, 0x97, 0x95, 0x95, 0x95, 0x76, 0x77, 0x77, 0x77, 0x76,
  0x76, 0x77, 0x77, 0x8E, 0x8E, 0x8E, 0x8E, 0x8E, 0x8E, 0x8E, 0x8E, 0x89, 0x89, 0x89, 0x89, 0x89,
  0x89, 0x89, 0x89, 0x89, 0x89, 0x89, 0x89, 0x89, 0x89, 0x89, 0x89, 0x89, 0x89, 0x8E, 0x8E, 0x8E,
  0x8E, 0x8E, 0x8E, 0x8E, 0x8E, 0x8E, 0x8E, 0x8E, 0x8E, 0x8E, 0x37, 0x37, 0x37, 0x37, 0x37, 0x77,
  0x77, 0x77, 0x76, 0x76, 0x76, 0x76, 0x77, 0x77, 0x77, 0x77, 0x77, 0x76, 0x76, 0x76, 0x76, 0x76,
  0x95, 0x3A, 0x3A, 0x3A, 0x3A, 0x3A, 0x34, 0x34, 0x34, 0x34, 0x34, 0x34, 0x5E, 0x34, 0x5E, 0x5E,
  0x5E, 0x5E, 0x5E, 0x5E, 0x5E, 0x79, 0x79, 0x79, 0x79, 0x79, 0x2C, 0x2C, 0x2C, 0x25, 0x25, 0x25,
  0x26, 0x26, 0x26, 0x1A, 0x46, 0x43, 0x44, 0x44, 0x5B, 0x44, 0x74, 0x8C, 0x85, 0x85, 0x8F, 0x62,
  0x0A, 0x01, 0x00, 0x00, 0x00, 0x00, 0x00, 0x00, 0x00, 0x00, 0x00, 0x00, 0x00, 0x00, 0x03, 0x06,
  0x0C, 0x1A, 0x1A, 0x1A, 0x1A, 0x1A, 0xAA, 0x26, 0x25, 0x2C, 0x2C, 0x79, 0x25, 0x22, 0xAE, 0xA6,
  0xA1, 0xB8, 0xC0, 0xBA, 0xB9, 0x24, 0xAA, 0xAA, 0x2F, 0x35, 0x5E, 0x5E, 0x97, 0x3A, 0x95, 0x95,
  0x95, 0x76, 0x76, 0x77, 0x77, 0x77, 0x77, 0x77, 0x77, 0x77, 0x37, 0x38, 0x8E, 0x8E, 0x8E, 0x8E,
  0x52, 0x89, 0x89, 0x52, 0x52, 0x52, 0x52, 0x52, 0x52, 0x52, 0x52, 0x52, 0x52, 0x52, 0x52, 0x8D,
  0x8D, 0x52, 0x52, 0x52, 0x52, 0x52, 0x52, 0x52, 0x52, 0x52, 0x52, 0x52, 0x38, 0x38, 0x38, 0x38,
  0x38, 0x38, 0x8E, 0x8E, 0x8E, 0x8E, 0x8E, 0x77, 0x77, 0x77, 0x76, 0x76, 0x77, 0x76, 0x37, 0x37,
  0x77, 0x77, 0x77, 0x76, 0x76, 0x76, 0x76, 0x76, 0x76, 0x3A, 0x3A, 0x3A, 0x3A, 0x3A, 0x34, 0x34,
  0x34, 0x34, 0x34, 0x34, 0x34, 0x34, 0x34, 0x5E, 0x5E, 0x5E, 0x5E, 0x33, 0x33, 0x33, 0x33, 0x2C,
  0x2C, 0x2C, 0x2C, 0x2C, 0x2C, 0x25, 0x25, 0x25, 0x26, 0x26, 0x26, 0x13, 0x1A, 0x43, 0x85, 0x8C,
  0x88, 0x8F, 0x8F, 0x88, 0x74, 0x83, 0x93, 0x62, 0x0A, 0x05, 0x01, 0x00, 0x00, 0x00, 0x00, 0x00,
  0x00, 0x00, 0x00, 0x00, 0x00, 0x00, 0x01, 0x01, 0x0C, 0x1A, 0x1A, 0x1A, 0x1A, 0x1A, 0x1A, 0x26,
  0x26, 0x32, 0x6F, 0x7D, 0x25, 0xAA, 0xC0, 0xBD, 0xAE, 0xBE, 0xBC, 0xBF, 0xA4, 0xAA, 0x2F, 0x25,
  0x5E, 0x97, 0x90, 0x97, 0x97, 0x97, 0x97, 0x97, 0x95, 0x76, 0x76, 0x76, 0x76, 0x76, 0x77, 0x77,
  0x77, 0x77, 0x77, 0x77, 0x8E, 0x8E, 0x8E, 0x8E, 0x8E, 0x8E, 0x8E, 0x8E, 0x8E, 0x8E, 0x8E, 0x89,
  0x89, 0x89, 0x89, 0x89, 0x89, 0x89, 0x89, 0x89, 0x89, 0x89, 0x89, 0x89, 0x89, 0x89, 0x89, 0x89,
  0x8E, 0x8E, 0x8E, 0x52, 0x52, 0x8D, 0x8D, 0x52, 0x52, 0x52, 0x52, 0x52, 0x38, 0x52, 0x52, 0x89,
  0x8E, 0x37, 0x37, 0x37, 0x38, 0x8E, 0x8E, 0x77, 0x77, 0x77, 0x77, 0x76, 0x76, 0x76, 0x76, 0x76,
  0x76, 0x95, 0x95, 0x95, 0x3A, 0x3A, 0x3A, 0x97, 0x97, 0x97, 0x5E, 0x5E, 0x5E, 0x90, 0x90, 0x90,
  0x90, 0x90, 0x79, 0x79, 0x79, 0x7E, 0x7E, 0x7D, 0x7D, 0x7D, 0x7D, 0x32, 0x32, 0x32, 0x32, 0x32,
  0x6D, 0x66, 0x1B, 0x26, 0x26, 0x46, 0x83, 0x8F, 0x85, 0x85, 0x85, 0xB7, 0x83, 0x88, 0x8F, 0x62,
  0x0A, 0x05, 0x01, 0x01, 0x00, 0x00, 0x00, 0x00, 0x00, 0x00, 0x00, 0x00, 0x00, 0x00, 0x02, 0x01,
  0x94, 0x40, 0x24, 0x40, 0x24, 0xAA, 0x24, 0x24, 0x24, 0x24, 0x24, 0x24, 0x24, 0xB0, 0x9B, 0xA5,
  0xA1, 0xB8, 0xB0, 0xB0, 0xB9, 0x62, 0x23, 0x23, 0x23, 0x29, 0x29, 0x29, 0x29, 0x29, 0x29, 0x29,
  0x29, 0x29, 0x29, 0x22, 0x22, 0x22, 0x22, 0x22, 0x36, 0x22, 0x22, 0x22, 0x22, 0x22, 0x22, 0x22,
  0x22, 0x12, 0x70, 0x22, 0x22, 0x22, 0x22, 0x70, 0x70, 0x70, 0x70, 0x70, 0x70, 0x70, 0x70, 0x70,
  0x70, 0x70, 0x70, 0x70, 0x70, 0x70, 0x70, 0x70, 0x70, 0x70, 0x70, 0x70, 0x70, 0x70, 0x70, 0x70,
  0x70, 0x70, 0x12, 0x70, 0x70, 0x70, 0x12, 0x70, 0x70, 0x22, 0x22, 0x22, 0x12, 0x70, 0x70, 0x22,
  0x22, 0x22, 0x22, 0x22, 0x22, 0x22, 0x22, 0x22, 0x22, 0x22, 0x22, 0x22, 0x22, 0x29, 0x29, 0x29,
  0x29, 0x29, 0x29, 0x29, 0x29, 0x29, 0x23, 0x23, 0x29, 0x23, 0x23, 0x23, 0x23, 0x23, 0x23, 0x23,
  0x23, 0x23, 0x23, 0x23, 0x23, 0x24, 0x24, 0x24, 0x2F, 0x2F, 0x24, 0x24, 0x24, 0x40, 0x72, 0x73,
  0x4C, 0x55, 0x45, 0x55, 0x55, 0x45, 0x45, 0x82, 0x02, 0x04, 0x01, 0x01, 0x00, 0x00, 0x00, 0x00,
  0x00, 0x00, 0x00, 0x00, 0x00, 0x00, 0x00, 0x05, 0x05, 0x1E, 0x07, 0x07, 0x01, 0x00, 0x09, 0x02,
  0x02, 0x02, 0x01, 0x02, 0x01, 0x06, 0x0B, 0x06, 0x01, 0x02, 0x02, 0x02, 0x0B, 0x02, 0x00, 0x06,
  0x01, 0x02, 0x02, 0x02, 0x00, 0x02, 0x04, 0x02, 0x02, 0x00, 0x01, 0x01, 0x01, 0x01, 0x01, 0x02,
  0x00, 0x00, 0x00, 0x00, 0x05, 0x01, 0x00, 0x01, 0x01, 0x01, 0x01, 0x02, 0x02, 0x02, 0x02, 0x02,
  0x02, 0x02, 0x04, 0x00, 0x02, 0x02, 0x04, 0x04, 0x02, 0x00, 0x02, 0x02, 0x02, 0x02, 0x02, 0x02,
  0x02, 0x00, 0x02, 0x02, 0x00, 0x00, 0x00, 0x00, 0x02, 0x02, 0x02, 0x1E, 0x1E, 0x02, 0x02, 0x02,
  0x02, 0x02, 0x02, 0x02, 0x02, 0x01, 0x01, 0x00, 0x02, 0x02, 0x02, 0x00, 0x00, 0x00, 0x02, 0x02,
  0x02, 0x00, 0x00, 0x00, 0x02, 0x02, 0x02, 0x02, 0x00, 0x00, 0x02, 0x02, 0x02, 0x02, 0x02, 0x02,
  0x02, 0x02, 0x02, 0x02, 0x02, 0x02, 0x02, 0x02, 0x02, 0x02, 0x02, 0x02, 0x02, 0x02, 0x02, 0x08,
  0x0A, 0x02, 0x02, 0x02, 0x0A, 0x07, 0x08, 0x09, 0x09, 0x09, 0x09, 0x4D, 0x68, 0x68, 0x4D, 0x02,
  0x00, 0x01, 0x01, 0x01, 0x00, 0x00, 0x00, 0x00, 0x00, 0x00, 0x00, 0x00, 0x00, 0x00, 0x06, 0x05,
  0x00, 0x0A, 0x0A, 0x0A, 0x06, 0x01, 0x05, 0x0A, 0x09, 0x0A, 0x00, 0x02, 0x0A, 0x02, 0x05, 0x00,
  0x00, 0x02, 0x09, 0x02, 0x01, 0x01, 0x05, 0x02, 0x0A, 0x02, 0x0A, 0x01, 0x01, 0x0A, 0x0A, 0x00,
  0x00, 0x02, 0x09, 0x0A, 0x02, 0x02, 0x09, 0x05, 0x00, 0x09, 0x02, 0x01, 0x00, 0x01, 0x02, 0x09,
  0x09, 0x0A, 0x05, 0x01, 0x02, 0x0A, 0x4D, 0x02, 0x01, 0x00, 0x02, 0x09, 0x00, 0x01, 0x0A, 0x02,
  0x09, 0x09, 0x02, 0x01, 0x00, 0x00, 0x01, 0x05, 0x02, 0x09, 0x09, 0x0A, 0x00, 0x01, 0x01, 0x0A,
  0x02, 0x02, 0x02, 0x0B, 0x01, 0x05, 0x01, 0x01, 0x01, 0x01, 0x01, 0x01, 0x00, 0x00, 0x00, 0x00,
  0x05, 0x05, 0x01, 0x00, 0x00, 0x00, 0x01, 0x00, 0x01, 0x00, 0x00, 0x00, 0x00, 0x00, 0x01, 0x05,
  0x01, 0x05, 0x05, 0x05, 0x05, 0x00, 0x00, 0x00, 0x00, 0x00, 0x00, 0x05, 0x05, 0x05, 0x00, 0x00,
  0x00, 0x05, 0x05, 0x05, 0x05, 0x05, 0x01, 0x01, 0x01, 0x01, 0x05, 0x05, 0x01, 0x01, 0x01, 0x05,
  0x05, 0x05, 0x05, 0x05, 0x05, 0x05, 0x05, 0x00, 0x00, 0x00, 0x00, 0x00, 0x00, 0x00, 0x00, 0x00,
  0x00, 0x00, 0x00, 0x00, 0x00, 0x00, 0x05, 0x01, 0x94, 0x80, 0x80, 0x62, 0x05, 0x01, 0x01, 0x62,
  0x80, 0x80, 0x0F, 0x8A, 0x5A, 0x8A, 0x00, 0x04, 0x00, 0x8A, 0x5A, 0x94, 0x01, 0x01, 0x02, 0x0F,
  0x80, 0x80, 0x8A, 0x00, 0x01, 0x62, 0x80, 0x01, 0x04, 0x80, 0x80, 0x80, 0x80, 0x80, 0x80, 0x04,
  0x0F, 0x80, 0x62, 0x01, 0x01, 0x09, 0x8A, 0x84, 0x84, 0x82, 0x4D, 0x01, 0x01, 0x80, 0x80, 0x94,
  0x02, 0x01, 0x62, 0x80, 0x82, 0x00, 0x62, 0x80, 0x62, 0x80, 0x62, 0x02, 0x0A, 0x01, 0x04, 0x09,
  0x82, 0x84, 0x64, 0x62, 0x09, 0x01, 0x05, 0x62, 0x80, 0x80, 0x80, 0x62, 0x02, 0x0B, 0x01, 0x01,
  0x00, 0x00, 0x00, 0x00, 0x00, 0x00, 0x00, 0x00, 0x01, 0x01, 0x01, 0x00, 0x00, 0x00, 0x00, 0x00,
  0x00, 0x00, 0x00, 0x00, 0x00, 0x00, 0x00, 0x01, 0x01, 0x01, 0x01, 0x01, 0x01, 0x00, 0x00, 0x00,
  0x00, 0x00, 0x00, 0x01, 0x01, 0x01, 0x00, 0x00, 0x00, 0x01, 0x01, 0x01, 0x01, 0x01, 0x01, 0x00,
  0x00, 0x01, 0x01, 0x01, 0x01, 0x00, 0x00, 0x01, 0x01, 0x01, 0x01, 0x01, 0x01, 0x01, 0x00, 0x00,
  0x00, 0x00, 0x00, 0x00, 0x00, 0x00, 0x00, 0x00, 0x00, 0x00, 0x00, 0x00, 0x00, 0x00, 0x05, 0x09,
  0x59, 0x8F, 0x8F, 0x83, 0x94, 0x02, 0x04, 0x74, 0xB7, 0x8F, 0x64, 0x72, 0x85, 0x44, 0x0F, 0x02,
  0x0F, 0x74, 0x85, 0x84, 0x02, 0x05, 0x09, 0x80, 0x8C, 0xB7, 0x44, 0x02, 0x94, 0x83, 0xB7, 0x82,
  0x8A, 0x8C, 0xB7, 0x8F, 0x8F, 0xB7, 0x85, 0x5A, 0x84, 0x8F, 0x83, 0x94, 0x4D, 0x72, 0x88, 0x85,
  0x85, 0x88, 0x59, 0x4D, 0x0F, 0x74, 0x8F, 0x64, 0x68, 0x82, 0x83, 0x8F, 0x59, 0x09, 0x74, 0xB7,
  0xB7, 0x85, 0x8C, 0x5B, 0x62, 0x02, 0x0A, 0x72, 0x88, 0x85, 0x85, 0x88, 0x72, 0x09, 0x05, 0x44,
  0xB7, 0x8C, 0x8F, 0x8C, 0x5B, 0x82, 0x02, 0x01, 0x00, 0x00, 0x00, 0x00, 0x00, 0x00, 0x00, 0x00,
  0x01, 0x01, 0x01, 0x00, 0x00, 0x00, 0x00, 0x00, 0x00, 0x00, 0x00, 0x00, 0x00, 0x00, 0x00, 0x01,
  0x01, 0x01, 0x01, 0x01, 0x01, 0x00, 0x00, 0x00, 0x00, 0x00, 0x00, 0x01, 0x01, 0x01, 0x00, 0x00,
  0x00, 0x01, 0x01, 0x01, 0x01, 0x01, 0x01, 0x00, 0x00, 0x01, 0x01, 0x01, 0x01, 0x00, 0x00, 0x01,
  0x01, 0x01, 0x01, 0x01, 0x01, 0x01, 0x00, 0x00, 0x00, 0x00, 0x00, 0x00, 0x00, 0x00, 0x00, 0x00,
  0x00, 0x00, 0x00, 0x00, 0x00, 0x00, 0x05, 0x4D, 0x59, 0x85, 0x85, 0x8C, 0x62, 0x4D, 0x62, 0xB7,
  0xB7, 0x85, 0x40, 0x8A, 0x8F, 0x85, 0x5A, 0x68, 0x5A, 0x85, 0x93, 0x94, 0x02, 0x04, 0x08, 0x80,
  0x85, 0x85, 0x8F, 0x62, 0x04, 0x93, 0x85, 0x82, 0x8A, 0x8F, 0x85, 0x88, 0x88, 0x88, 0x88, 0x80,
  0x84, 0x85, 0x93, 0x04, 0x8A, 0x8C, 0x85, 0x83, 0x44, 0x85, 0x8C, 0x8A, 0x01, 0x83, 0x85, 0x64,
  0x68, 0x82, 0x93, 0x85, 0x72, 0x08, 0x83, 0x85, 0x8C, 0x88, 0x8F, 0x85, 0x4A, 0x4D, 0x62, 0x8C,
  0x85, 0x83, 0x74, 0x85, 0x8F, 0x80, 0x0B, 0x74, 0x85, 0x88, 0x88, 0x85, 0x85, 0x75, 0x4D, 0x01,
  0x00, 0x00, 0x00, 0x00, 0x00, 0x00, 0x00, 0x00, 0x00, 0x00, 0x00, 0x00, 0x00, 0x00, 0x00, 0x00,
  0x00, 0x00, 0x00, 0x00, 0x00, 0x00, 0x00, 0x00, 0x00, 0x00, 0x00, 0x00, 0x00, 0x00, 0x00, 0x00,
  0x00, 0x00, 0x00, 0x00, 0x00, 0x00, 0x00, 0x00, 0x00, 0x00, 0x00, 0x00, 0x00, 0x00, 0x00, 0x00,
  0x00, 0x00, 0x00, 0x00, 0x00, 0x00, 0x00, 0x00, 0x00, 0x00, 0x00, 0x00, 0x00, 0x00, 0x00, 0x00,
  0x00, 0x00, 0x00, 0x00, 0x00, 0x00, 0x00, 0x00, 0x00, 0x00, 0x00, 0x00, 0x00, 0x00, 0x05, 0x4D,
  0x59, 0x85, 0xB7, 0x85, 0x64, 0x2E, 0x64, 0x85, 0xB7, 0x85, 0x59, 0x4D, 0x44, 0x85, 0x73, 0x27,
  0x72, 0x85, 0x75, 0x4D, 0x01, 0x04, 0x08, 0x80, 0x85, 0x8F, 0x85, 0x72, 0x02, 0x93, 0x85, 0x94,
  0x8A, 0xB7, 0x85, 0x84, 0x00, 0x94, 0x94, 0x4D, 0x84, 0x85, 0x93, 0x02, 0x59, 0x85, 0x83, 0x8A,
  0x04, 0x74, 0x85, 0x59, 0x02, 0x83, 0x85, 0x64, 0x68, 0x82, 0x83, 0x85, 0x72, 0x08, 0x74, 0x85,
  0x49, 0x08, 0x49, 0x85, 0x88, 0x04, 0x59, 0x85, 0x83, 0x82, 0x0F, 0x83, 0x85, 0x72, 0x4D, 0x74,
  0x85, 0x49, 0x4D, 0x49, 0x85, 0x83, 0x94, 0x02, 0x00, 0x00, 0x00, 0x00, 0x00, 0x00, 0x00, 0x00,
  0x00, 0x00, 0x00, 0x00, 0x00, 0x00, 0x00, 0x00, 0x00, 0x00, 0x00, 0x00, 0x00, 0x00, 0x00, 0x00,
  0x00, 0x00, 0x00, 0x00, 0x00, 0x00, 0x00, 0x00, 0x00, 0x00, 0x00, 0x00, 0x00, 0x00, 0x00, 0x00,
  0x00, 0x00, 0x00, 0x00, 0x00, 0x00, 0x00, 0x00, 0x00, 0x00, 0x00, 0x00, 0x00, 0x00, 0x00, 0x00,
  0x00, 0x00, 0x00, 0x00, 0x00, 0x00, 0x00, 0x00, 0x00, 0x00, 0x00, 0x00, 0x00, 0x00, 0x00, 0x00,
  0x00, 0x00, 0x00, 0x00, 0x00, 0x00, 0x05, 0x4D, 0x59, 0x85, 0xB7, 0x85, 0x73, 0x27, 0x73, 0x85,
  0x8C, 0x85, 0x59, 0x2E, 0x65, 0x85, 0x75, 0x2E, 0x75, 0x85, 0x72, 0x68, 0x05, 0x05, 0x09, 0x80,
  0x8F, 0xB7, 0x85, 0x55, 0x02, 0x93, 0x85, 0x82, 0x8A, 0xB7, 0x85, 0x84, 0x4D, 0x04, 0x01, 0x4D,
  0x84, 0x85, 0x93, 0x02, 0x72, 0x85, 0x44, 0x02, 0x08, 0x5B, 0x85, 0x72, 0x0A, 0x83, 0x85, 0x40,
  0x68, 0x82, 0x83, 0x85, 0x72, 0x4D, 0x74, 0x85, 0x73, 0x27, 0x84, 0x85, 0x8C, 0x94, 0x72, 0x85,
  0x44, 0x02, 0x09, 0x5B, 0x85, 0x63, 0x4D, 0x74, 0x85, 0x73, 0x27, 0x84, 0x85, 0x93, 0x82, 0x02,
  0x01, 0x01, 0x00, 0x00, 0x00, 0x00, 0x00, 0x00, 0x00, 0x00, 0x00, 0x00, 0x00, 0x00, 0x00, 0x00,
  0x00, 0x00, 0x00, 0x00, 0x00, 0x00, 0x00, 0x00, 0x00, 0x00, 0x00, 0x00, 0x00, 0x00, 0x00, 0x00,
  0x00, 0x00, 0x00, 0x00, 0x00, 0x00, 0x00, 0x00, 0x00, 0x00, 0x00, 0x00, 0x00, 0x00, 0x00, 0x00,
  0x00, 0x00, 0x00, 0x00, 0x00, 0x00, 0x00, 0x00, 0x00, 0x00, 0x00, 0x00, 0x00, 0x00, 0x00, 0x00,
  0x00, 0x00, 0x00, 0x00, 0x00, 0x00, 0x00, 0x00, 0x00, 0x00, 0x00, 0x00, 0x00, 0x00, 0x05, 0x4D,
  0x59, 0x85, 0x83, 0x85, 0x55, 0x2A, 0x65, 0x85, 0x88, 0x85, 0x59, 0x2E, 0x84, 0x85, 0x83, 0x8A,
  0x83, 0xB7, 0x62, 0x09, 0x00, 0x01, 0x09, 0x80, 0x85, 0x83, 0x88, 0x83, 0x94, 0x93, 0x85, 0x82,
  0x8A, 0xB7, 0x85, 0x84, 0x4D, 0x04, 0x05, 0x09, 0x84, 0x85, 0x93, 0x02, 0x72, 0x85, 0x44, 0x02,
  0x00, 0x55, 0x83, 0x59, 0x02, 0x83, 0x85, 0x40, 0x68, 0x82, 0x83, 0x85, 0x72, 0x4D, 0x74, 0x85,
  0x73, 0x27, 0x84, 0x85, 0x8C, 0x04, 0x72, 0x85, 0x44, 0x05, 0x02, 0x44, 0x85, 0x49, 0x4D, 0x74,
  0x85, 0x63, 0x68, 0x84, 0x85, 0x93, 0x82, 0x00, 0x05, 0x01, 0x00, 0x00, 0x00, 0x00, 0x00, 0x00,
  0x00, 0x00, 0x00, 0x00, 0x00, 0x00, 0x00, 0x00, 0x00, 0x00, 0x00, 0x00, 0x00, 0x00, 0x00, 0x00,
  0x00, 0x00, 0x00, 0x00, 0x00, 0x00, 0x00, 0x00, 0x00, 0x00, 0x00, 0x00, 0x00, 0x00, 0x00, 0x00,
  0x00, 0x00, 0x00, 0x00, 0x00, 0x00, 0x00, 0x00, 0x00, 0x00, 0x00, 0x00, 0x00, 0x00, 0x00, 0x00,
  0x00, 0x00, 0x00, 0x00, 0x00, 0x00, 0x00, 0x00, 0x00, 0x00, 0x00, 0x00, 0x00, 0x00, 0x00, 0x00,
  0x00, 0x00, 0x00, 0x00, 0x00, 0x00, 0x05, 0x4D, 0x59, 0x85, 0x4A, 0x8C, 0x44, 0x2E, 0x4A, 0x88,
  0x44, 0x85, 0x59, 0x4D, 0x94, 0x93, 0x8F, 0x73, 0xB7, 0x6E, 0x02, 0x00, 0x00, 0x01, 0x09, 0x80,
  0x85, 0x5B, 0x75, 0x85, 0x84, 0x83, 0x85, 0x82, 0x8A, 0xB7, 0x85, 0x84, 0x02, 0x94, 0x0F, 0x09,
  0x84, 0x85, 0x93, 0x02, 0x72, 0x85, 0x44, 0x00, 0x08, 0x4D, 0x68, 0x0B, 0x0F, 0x83, 0x85, 0x64,
  0x68, 0x82, 0x83, 0x85, 0x72, 0x4D, 0x74, 0x85, 0x4C, 0x82, 0x55, 0x85, 0x5B, 0x68, 0x73, 0x85,
  0x44, 0x00, 0x0A, 0x44, 0x85, 0x49, 0x4D, 0x74, 0x85, 0x72, 0x27, 0x40, 0x85, 0x44, 0x04, 0x01,
  0x05, 0x01, 0x00, 0x00, 0x00, 0x00, 0x00, 0x00, 0x00, 0x00, 0x00, 0x00, 0x00, 0x00, 0x00, 0x00,
  0x00, 0x00, 0x00, 0x00, 0x00, 0x00, 0x00, 0x00, 0x00, 0x00, 0x00, 0x00, 0x00, 0x00, 0x00, 0x00,
  0x00, 0x00, 0x00, 0x00, 0x00, 0x00, 0x00, 0x00, 0x00, 0x00, 0x00, 0x00, 0x00, 0x00, 0x00, 0x00,
  0x00, 0x00, 0x00, 0x00, 0x00, 0x00, 0x00, 0x00, 0x00, 0x00, 0x00, 0x00, 0x00, 0x00, 0x00, 0x00,
  0x00, 0x00, 0x00, 0x00, 0x00, 0x00, 0x00, 0x00, 0x00, 0x00, 0x00, 0x00, 0x00, 0x00, 0x05, 0x4D,
  0x59, 0x85, 0x55, 0x83, 0x93, 0x02, 0x83, 0x5B, 0x4A, 0x85, 0x59, 0x08, 0x08, 0x75, 0x85, 0x83,
  0x85, 0x49, 0x68, 0x05, 0x00, 0x05, 0x09, 0x80, 0x85, 0x5B, 0x73, 0x85, 0x49, 0x74, 0x85, 0x82,
  0x8A, 0xB7, 0x85, 0x93, 0x83, 0x93, 0x59, 0x2E, 0x64, 0x85, 0x93, 0x02, 0x72, 0x85, 0x44, 0x02,
  0x72, 0x45, 0x45, 0x84, 0x04, 0x83, 0x85, 0x74, 0x5B, 0x8B, 0x88, 0x85, 0x72, 0x4D, 0x83, 0x85,
  0xB7, 0xB7, 0x85, 0x93, 0x62, 0x2E, 0x73, 0x85, 0x44, 0x00, 0x0A, 0x44, 0x85, 0x49, 0x4D, 0x74,
  0x85, 0x75, 0x73, 0x74, 0xB7, 0x73, 0x4D, 0x04, 0x01, 0x01, 0x00, 0x00, 0x00, 0x00, 0x00, 0x00,
  0x00, 0x00, 0x00, 0x00, 0x00, 0x00, 0x00, 0x00, 0x00, 0x00, 0x00, 0x00, 0x00, 0x00, 0x00, 0x00,
  0x00, 0x00, 0x00, 0x00, 0x00, 0x00, 0x00, 0x00, 0x00, 0x00, 0x00, 0x00, 0x00, 0x00, 0x00, 0x00,
  0x00, 0x00, 0x00, 0x00, 0x00, 0x00, 0x00, 0x00, 0x00, 0x00, 0x00, 0x00, 0x00, 0x00, 0x00, 0x00,
  0x00, 0x00, 0x00, 0x00, 0x00, 0x00, 0x00, 0x00, 0x00, 0x00, 0x00, 0x00, 0x00, 0x00, 0x00, 0x00,
  0x00, 0x00, 0x00, 0x00, 0x00, 0x00, 0x05, 0x4D, 0x59, 0x85, 0x45, 0x5B, 0x85, 0x80, 0x8C, 0x45,
  0x4A, 0x85, 0x59, 0x08, 0x4D, 0x72, 0x85, 0x85, 0x85, 0x5A, 0x09, 0x04, 0x00, 0x05, 0x09, 0x80,
  0x85, 0x44, 0x80, 0x85, 0x4A, 0x83, 0x85, 0x82, 0x8A, 0xB7, 0x8F, 0x85, 0x85, 0x85, 0x73, 0x2E,
  0x64, 0x85, 0x93, 0x02, 0x72, 0x85, 0x44, 0x08, 0x74, 0x85, 0x85, 0x63, 0x0B, 0x83, 0x85, 0x85,
  0x85, 0x85, 0xB7, 0x85, 0x72, 0x4D, 0x83, 0x85, 0x88, 0x88, 0x8F, 0xB7, 0x4C, 0x68, 0x73, 0x85,
  0x44, 0x00, 0x0A, 0x44, 0x85, 0x49, 0x4D, 0x74, 0x85, 0x85, 0x85, 0x85, 0x74, 0x0F, 0x02, 0x01,
  0x00, 0x00, 0x00, 0x00, 0x00, 0x00, 0x00, 0x00, 0x00, 0x00, 0x00, 0x00, 0x00, 0x00, 0x00, 0x00,
  0x00, 0x00, 0x00, 0x00, 0x00, 0x00, 0x00, 0x00, 0x00, 0x00, 0x00, 0x00, 0x00, 0x00, 0x00, 0x00,
  0x00, 0x00, 0x00, 0x00, 0x00, 0x00, 0x00, 0x00, 0x00, 0x00, 0x00, 0x00, 0x00, 0x00, 0x00, 0x00,
  0x00, 0x00, 0x00, 0x00, 0x00, 0x00, 0x00, 0x00, 0x00, 0x00, 0x00, 0x00, 0x00, 0x00, 0x00, 0x00,
  0x00, 0x00, 0x00, 0x00, 0x00, 0x00, 0x00, 0x00, 0x00, 0x00, 0x00, 0x00, 0x00, 0x00, 0x05, 0x4D,
  0x59, 0x85, 0x4C, 0x45, 0x85, 0x73, 0x85, 0x73, 0x4A, 0x85, 0x59, 0x08, 0x02, 0x62, 0x8C, 0x85,
  0x83, 0x04, 0x02, 0x05, 0x00, 0x05, 0x09, 0x80, 0x85, 0x44, 0x00, 0x83, 0xB7, 0x8C, 0x8F, 0x82,
  0x8A, 0xB7, 0x85, 0x72, 0x62, 0x5A, 0x82, 0x68, 0x84, 0x85, 0x93, 0x02, 0x72, 0x85, 0x44, 0x02,
  0x59, 0x83, 0x8F, 0x72, 0x02, 0x83, 0x85, 0x4C, 0x84, 0x59, 0x93, 0x85, 0x72, 0x4D, 0x74, 0x85,
  0x63, 0x08, 0x59, 0x8F, 0x85, 0x82, 0x72, 0x85, 0x44, 0x00, 0x0A, 0x44, 0x85, 0x49, 0x4D, 0x74,
  0x85, 0x4A, 0x65, 0x93, 0x85, 0x45, 0x4D, 0x01, 0x00, 0x00, 0x00, 0x00, 0x00, 0x00, 0x00, 0x00,
  0x00, 0x00, 0x00, 0x00, 0x00, 0x00, 0x00, 0x00, 0x00, 0x00, 0x00, 0x00, 0x00, 0x00, 0x00, 0x00,
  0x00, 0x00, 0x00, 0x00, 0x00, 0x00, 0x00, 0x00, 0x00, 0x00, 0x00, 0x00, 0x00, 0x00, 0x00, 0x00,
  0x00, 0x00, 0x00, 0x00, 0x00, 0x00, 0x00, 0x00, 0x00, 0x00, 0x00, 0x00, 0x00, 0x00, 0x00, 0x00,
  0x00, 0x00, 0x00, 0x00, 0x00, 0x00, 0x00, 0x00, 0x00, 0x00, 0x00, 0x00, 0x00, 0x00, 0x00, 0x00,
  0x00, 0x00, 0x00, 0x00, 0x00, 0x00, 0x04, 0x4D, 0x59, 0x85, 0x4C, 0x72, 0x85, 0x4A, 0x85, 0x40,
  0x4A, 0x85, 0x59, 0x4D, 0x04, 0x02, 0x5B, 0x85, 0x55, 0x68, 0x00, 0x01, 0x01, 0x01, 0x09, 0x80,
  0x85, 0x44, 0x68, 0x55, 0x85, 0x8F, 0xB7, 0x82, 0x8A, 0xB7, 0x85, 0x80, 0x68, 0x02, 0x01, 0x09,
  0x84, 0x85, 0x93, 0x02, 0x72, 0x85, 0x44, 0x00, 0x68, 0x4A, 0x85, 0x72, 0x02, 0x83, 0x85, 0x64,
  0x27, 0x0F, 0x83, 0x85, 0x72, 0x4D, 0x74, 0x85, 0x73, 0x2E, 0x94, 0x93, 0x85, 0x84, 0x59, 0x85,
  0x44, 0x04, 0x0A, 0x44, 0x85, 0x49, 0x4D, 0x44, 0x85, 0x73, 0x27, 0x72, 0x85, 0x83, 0x04, 0x00,
  0x00, 0x00, 0x00, 0x00, 0x00, 0x00, 0x00, 0x00, 0x00, 0x00, 0x00, 0x00, 0x00, 0x00, 0x00, 0x00,
  0x00, 0x00, 0x00, 0x00, 0x00, 0x00, 0x00, 0x00, 0x00, 0x00, 0x00, 0x00, 0x00, 0x00, 0x00, 0x00,
  0x00, 0x00, 0x00, 0x00, 0x00, 0x00, 0x00, 0x00, 0x00, 0x00, 0x00, 0x00, 0x00, 0x00, 0x00, 0x00,
  0x00, 0x00, 0x00, 0x00, 0x00, 0x00, 0x00, 0x00, 0x00, 0x00, 0x00, 0x00, 0x00, 0x00, 0x00, 0x00,
  0x00, 0x00, 0x00, 0x00, 0x00, 0x00, 0x00, 0x00, 0x00, 0x00, 0x00, 0x00, 0x00, 0x00, 0x04, 0x4D,
  0x59, 0x85, 0x4C, 0x84, 0x85, 0xB7, 0x8F, 0x5A, 0x5B, 0x85, 0x59, 0x4D, 0x0F, 0x08, 0x75, 0x85,
  0x65, 0x68, 0x04, 0x01, 0x01, 0x01, 0x09, 0x80, 0x85, 0x74, 0x68, 0x59, 0x85, 0x85, 0xB7, 0x82,
  0x8A, 0xB7, 0x85, 0x84, 0x02, 0x0F, 0x0F, 0x08, 0x84, 0x85, 0x88, 0x02, 0x72, 0x85, 0x44, 0x02,
  0x02, 0x5B, 0x85, 0x72, 0x02, 0x83, 0x85, 0x59, 0x68, 0x82, 0x83, 0x85, 0x72, 0x4D, 0x74, 0x85,
  0x73, 0x4D, 0x8A, 0x93, 0x85, 0x84, 0x59, 0x85, 0x44, 0x04, 0x02, 0x5B, 0x85, 0x49, 0x4D, 0x74,
  0x85, 0x73, 0x2E, 0x84, 0x85, 0x88, 0x82, 0x0A, 0x01, 0x00, 0x00, 0x00, 0x00, 0x00, 0x00, 0x00,
  0x00, 0x00, 0x00, 0x00, 0x00, 0x00, 0x00, 0x00, 0x00, 0x00, 0x00, 0x00, 0x00, 0x00, 0x00, 0x00,
  0x00, 0x00, 0x00, 0x00, 0x00, 0x00, 0x00, 0x00, 0x00, 0x00, 0x00, 0x00, 0x00, 0x00, 0x00, 0x00,
  0x00, 0x00, 0x00, 0x00, 0x00, 0x00, 0x00, 0x00, 0x00, 0x00, 0x00, 0x00, 0x00, 0x00, 0x00, 0x00,
  0x00, 0x00, 0x00, 0x00, 0x00, 0x00, 0x00, 0x00, 0x00, 0x00, 0x00, 0x00, 0x00, 0x00, 0x00, 0x00,
  0x00, 0x00, 0x00, 0x00, 0x00, 0x00, 0x04, 0x4D, 0x59, 0x85, 0x45, 0x8A, 0x85, 0x85, 0x88, 0x67,
  0x5B, 0x85, 0x59, 0x4D, 0x0F, 0x08, 0x4A, 0x85, 0x65, 0x68, 0x05, 0x01, 0x01, 0x01, 0x09, 0x80,
  0x85, 0x44, 0x0A, 0x62, 0xB7, 0x85, 0xB7, 0x82, 0x8A, 0xB7, 0x85, 0x80, 0x2E, 0x4D, 0x4D, 0x4D,
  0x84, 0x85, 0x93, 0x02, 0x59, 0x85, 0x74, 0x08, 0x68, 0x5B, 0x85, 0x72, 0x0A, 0x83, 0x85, 0x40,
  0x68, 0x82, 0x83, 0x85, 0x72, 0x4D, 0x74, 0x85, 0x72, 0x27, 0x82, 0x88, 0x85, 0x84, 0x59, 0x85,
  0x44, 0x08, 0x68, 0x44, 0x85, 0x73, 0x4D, 0x44, 0x85, 0x73, 0x2E, 0x64, 0x85, 0x8C, 0x8A, 0x0A,
  0x01, 0x00, 0x00, 0x00, 0x00, 0x00, 0x00, 0x00, 0x00, 0x00, 0x00, 0x00, 0x00, 0x00, 0x00, 0x00,
  0x00, 0x00, 0x00, 0x00, 0x00, 0x00, 0x00, 0x00, 0x00, 0x00, 0x00, 0x00, 0x00, 0x00, 0x00, 0x00,
  0x00, 0x00, 0x00, 0x00, 0x00, 0x00, 0x00, 0x00, 0x00, 0x00, 0x00, 0x00, 0x00, 0x00, 0x00, 0x00,
  0x00, 0x00, 0x00, 0x00, 0x00, 0x00, 0x00, 0x00, 0x00, 0x00, 0x00, 0x00, 0x00, 0x00, 0x00, 0x00,
  0x00, 0x00, 0x00, 0x00, 0x00, 0x00, 0x00, 0x00, 0x00, 0x00, 0x00, 0x00, 0x00, 0x00, 0x04, 0x4D,
  0x59, 0x8F, 0x45, 0x04, 0x93, 0x8F, 0x74, 0x04, 0x5B, 0x8F, 0x59, 0x08, 0x0F, 0x08, 0x75, 0x8F,
  0x4C, 0x68, 0x05, 0x01, 0x01, 0x01, 0x09, 0x80, 0x8F, 0x44, 0x00, 0x00, 0x74, 0x8F, 0x8C, 0x82,
  0x8A, 0xB7, 0x8F, 0x65, 0x73, 0x63, 0x49, 0x82, 0x84, 0x8F, 0x93, 0x02, 0x84, 0x85, 0xB7, 0x49,
  0x72, 0x88, 0x85, 0x84, 0x0A, 0x83, 0x8F, 0x40, 0x68, 0x82, 0x83, 0x8F, 0x59, 0x4D, 0x74, 0x8F,
  0x75, 0x72, 0x75, 0x85, 0x85, 0x67, 0x84, 0x85, 0x8C, 0x73, 0x73, 0x88, 0x85, 0x40, 0x4D, 0x44,
  0x8F, 0x73, 0x2E, 0x84, 0x8F, 0x88, 0x8A, 0x0A, 0x01, 0x00, 0x00, 0x00, 0x00, 0x00, 0x00, 0x00,
  0x00, 0x00, 0x00, 0x00, 0x00, 0x00, 0x00, 0x00, 0x00, 0x00, 0x00, 0x00, 0x00, 0x00, 0x00, 0x00,
  0x00, 0x00, 0x00, 0x00, 0x00, 0x00, 0x00, 0x00, 0x00, 0x00, 0x00, 0x00, 0x00, 0x00, 0x00, 0x00,
  0x00, 0x00, 0x00, 0x00, 0x00, 0x00, 0x00, 0x00, 0x00, 0x00, 0x00, 0x00, 0x00, 0x00, 0x00, 0x00,
  0x00, 0x00, 0x00, 0x00, 0x00, 0x00, 0x00, 0x00, 0x00, 0x00, 0x00, 0x00, 0x00, 0x00, 0x00, 0x00,
  0x00, 0x00, 0x00, 0x00, 0x00, 0x00, 0x04, 0x4D, 0x59, 0x85, 0x55, 0x68, 0x74, 0x85, 0x4A, 0x08,
  0x74, 0x85, 0x59, 0x09, 0x04, 0x08, 0x4A, 0x85, 0x56, 0x68, 0x05, 0x01, 0x01, 0x05, 0x09, 0x80,
  0x85, 0x83, 0x05, 0x68, 0x45, 0x85, 0x85, 0x82, 0x62, 0x85, 0x85, 0x85, 0x85, 0x85, 0x85, 0x5A,
  0x84, 0x85, 0x8C, 0x0F, 0x02, 0x5B, 0x85, 0x85, 0x85, 0x85, 0x4A, 0x00, 0x0F, 0x93, 0x85, 0x59,
  0x68, 0x82, 0x8C, 0x85, 0x72, 0x08, 0x93, 0x85, 0x85, 0x85, 0x85, 0x85, 0x45, 0x08, 0x00, 0x4A,
  0x85, 0x85, 0x85, 0x85, 0x5B, 0x04, 0x02, 0x83, 0x85, 0x63, 0x2E, 0x64, 0x85, 0x85, 0x62, 0x0A,
  0x01, 0x00, 0x00, 0x00, 0x00, 0x00, 0x00, 0x00, 0x00, 0x00, 0x00, 0x00, 0x00, 0x00, 0x00, 0x00,
  0x00, 0x00, 0x00, 0x00, 0x00, 0x00, 0x00, 0x00, 0x00, 0x00, 0x00, 0x00, 0x00, 0x00, 0x00, 0x00,
  0x00, 0x00, 0x00, 0x00, 0x00, 0x00, 0x00, 0x00, 0x00, 0x00, 0x00, 0x00, 0x00, 0x00, 0x00, 0x00,
  0x00, 0x00, 0x00, 0x00, 0x00, 0x00, 0x00, 0x00, 0x00, 0x00, 0x00, 0x00, 0x00, 0x00, 0x00, 0x00,
  0x00, 0x00, 0x00, 0x00, 0x00, 0x00, 0x00, 0x00, 0x00, 0x00, 0x00, 0x00, 0x00, 0x00, 0x04, 0x0B,
  0x5A, 0x55, 0x59, 0x4D, 0x72, 0x55, 0x59, 0x09, 0x49, 0x45, 0x84, 0x0B, 0x01, 0x02, 0x72, 0x45,
  0x64, 0x09, 0x04, 0x01, 0x01, 0x05, 0x02, 0x8A, 0x45, 0x49, 0x05, 0x02, 0x5A, 0x45, 0x65, 0x94,
  0x82, 0x45, 0x45, 0x45, 0x65, 0x45, 0x45, 0x82, 0x62, 0x45, 0x4C, 0x94, 0x08, 0x94, 0x49, 0x4A,
  0x4A, 0x49, 0x0F, 0x0A, 0x0F, 0x4C, 0x45, 0x5A, 0x09, 0x94, 0x4C, 0x45, 0x84, 0x02, 0x49, 0x45,
  0x45, 0x4C, 0x4C, 0x64, 0x02, 0x04, 0x08, 0x94, 0x49, 0x4A, 0x5B, 0x4C, 0x94, 0x08, 0x00, 0x49,
  0x45, 0x84, 0x08, 0x8A, 0x45, 0x45, 0x8A, 0x0A, 0x01, 0x00, 0x00, 0x00, 0x00, 0x00, 0x00, 0x00,
  0x00, 0x00, 0x00, 0x00, 0x00, 0x00, 0x00, 0x00, 0x00, 0x00, 0x00, 0x00, 0x00, 0x00, 0x00, 0x00,
  0x00, 0x00, 0x00, 0x00, 0x00, 0x00, 0x00, 0x00, 0x00, 0x00, 0x00, 0x00, 0x00, 0x00, 0x00, 0x00,
  0x00, 0x00, 0x00, 0x00, 0x00, 0x00, 0x00, 0x00, 0x00, 0x00, 0x00, 0x00, 0x00, 0x00, 0x00, 0x00,
  0x00, 0x00, 0x00, 0x00, 0x00, 0x00, 0x00, 0x00, 0x00, 0x00, 0x00, 0x00, 0x00, 0x00, 0x00, 0x00,
  0x00, 0x00, 0x00, 0x00, 0x00, 0x00, 0x00, 0x04, 0x02, 0x4D, 0x08, 0x04, 0x0B, 0x4D, 0x09, 0x01,
  0x08, 0x09, 0x0B, 0x02, 0x02, 0x04, 0x08, 0x4D, 0x0A, 0x00, 0x04, 0x01, 0x01, 0x01, 0x01, 0x00,
  0x4D, 0x0A, 0x02, 0x02, 0x02, 0x09, 0x4D, 0x01, 0x02, 0x4D, 0x08, 0x4D, 0x4D, 0x08, 0x09, 0x02,
  0x02, 0x4D, 0x08, 0x02, 0x0A, 0x02, 0x08, 0x08, 0x0A, 0x4D, 0x00, 0x05, 0x02, 0x4D, 0x4D, 0x02,
  0x05, 0x00, 0x4D, 0x09, 0x0A, 0x00, 0x09, 0x4D, 0x4D, 0x4D, 0x4D, 0x09, 0x00, 0x00, 0x00, 0x00,
  0x4D, 0x0A, 0x09, 0x68, 0x00, 0x00, 0x00, 0x09, 0x09, 0x0A, 0x04, 0x02, 0x4D, 0x09, 0x00, 0x00,
  0x00, 0x00, 0x00, 0x00, 0x00, 0x00, 0x00, 0x00, 0x00, 0x00, 0x00, 0x00, 0x00, 0x00, 0x00, 0x00,
  0x00, 0x00, 0x00, 0x00, 0x00, 0x00, 0x00, 0x00, 0x00, 0x00, 0x00, 0x00, 0x00, 0x00, 0x00, 0x00,
  0x00, 0x00, 0x00, 0x00, 0x00, 0x00, 0x00, 0x00, 0x00, 0x00, 0x00, 0x00, 0x00, 0x00, 0x00, 0x00,
  0x00, 0x00, 0x00, 0x00, 0x00, 0x00, 0x00, 0x00, 0x00, 0x00, 0x00, 0x00, 0x00, 0x00, 0x00, 0x00,
  0x00, 0x00, 0x00, 0x00, 0x00, 0x00, 0x00, 0x00, 0x00, 0x00, 0x00, 0x00, 0x00, 0x00, 0x01, 0x04,
  0x04, 0x04, 0x04, 0x00, 0x04, 0x04, 0x04, 0x04, 0x01, 0x0B, 0x0F, 0x8A, 0x94, 0x0B, 0x02, 0x04,
  0x04, 0x02, 0x04, 0x00, 0x00, 0x04, 0x04, 0x04, 0x01, 0x0B, 0x94, 0x82, 0x0F, 0x0B, 0x01, 0x04,
  0x0F, 0x04, 0x04, 0x04, 0x04, 0x08, 0x02, 0x04, 0x02, 0x00, 0x0B, 0x0F, 0x82, 0x04, 0x08, 0x04,
  0x04, 0x04, 0x05, 0x01, 0x00, 0x01, 0x05, 0x05, 0x01, 0x01, 0x05, 0x05, 0x01, 0x00, 0x01, 0x05,
  0x05, 0x05, 0x05, 0x05, 0x05, 0x01, 0x01, 0x05, 0x05, 0x05, 0x05, 0x05, 0x01, 0x00, 0x01, 0x05,
  0x05, 0x05, 0x01, 0x05, 0x05, 0x05, 0x05, 0x00, 0x00, 0x00, 0x00, 0x00, 0x00, 0x00, 0x00, 0x00,
  0x00, 0x00, 0x00, 0x00, 0x00, 0x00, 0x00, 0x00, 0x00, 0x00, 0x00, 0x00, 0x00, 0x00, 0x00, 0x00,
  0x00, 0x00, 0x00, 0x00, 0x00, 0x00, 0x00, 0x00, 0x00, 0x00, 0x00, 0x00, 0x00, 0x00, 0x00, 0x00,
  0x00, 0x00, 0x00, 0x00, 0x00, 0x00, 0x00, 0x00, 0x00, 0x00, 0x00, 0x00, 0x00, 0x00, 0x00, 0x00,
  0x00, 0x00, 0x00, 0x00, 0x00, 0x00, 0x00, 0x00, 0x00, 0x00, 0x00, 0x00, 0x00, 0x00, 0x00, 0x00,
  0x00, 0x00, 0x00, 0x00, 0x00, 0x01, 0x00, 0x94, 0x5B, 0x74, 0x44, 0x74, 0x44, 0x44, 0x44, 0x62,
  0x08, 0x4C, 0x83, 0x88, 0x83, 0x4C, 0x08, 0x82, 0x5B, 0x74, 0x44, 0x44, 0x44, 0x44, 0x44, 0x62,
  0x0B, 0x45, 0x83, 0x88, 0x83, 0x49, 0x00, 0x08, 0x59, 0x74, 0x44, 0x44, 0x44, 0x75, 0x80, 0x08,
  0x02, 0x04, 0x45, 0x83, 0x88, 0x83, 0x73, 0x0B, 0x04, 0x00, 0x01, 0x01, 0x00, 0x00, 0x01, 0x01,
  0x01, 0x01, 0x01, 0x01, 0x01, 0x00, 0x00, 0x00, 0x00, 0x00, 0x01, 0x01, 0x01, 0x01, 0x01, 0x01,
  0x01, 0x01, 0x01, 0x01, 0x00, 0x00, 0x01, 0x01, 0x01, 0x01, 0x01, 0x01, 0x01, 0x01, 0x01, 0x00,
  0x00, 0x00, 0x00, 0x00, 0x00, 0x00, 0x00, 0x00, 0x00, 0x00, 0x00, 0x00, 0x00, 0x00, 0x00, 0x00,
  0x00, 0x00, 0x00, 0x00, 0x00, 0x00, 0x00, 0x00, 0x00, 0x00, 0x00, 0x00, 0x00, 0x00, 0x00, 0x00,
  0x00, 0x00, 0x00, 0x00, 0x00, 0x00, 0x00, 0x00, 0x00, 0x00, 0x00, 0x00, 0x00, 0x00, 0x00, 0x00,
  0x00, 0x00, 0x00, 0x00, 0x00, 0x00, 0x00, 0x00, 0x00, 0x00, 0x00, 0x00, 0x00, 0x00, 0x00, 0x00,
  0x00, 0x00, 0x00, 0x00, 0x00, 0x00, 0x00, 0x00, 0x00, 0x00, 0x00, 0x00, 0x00, 0x01, 0x02, 0x94,
  0x8C, 0x85, 0x85, 0x85, 0x85, 0x85, 0x85, 0x8A, 0x63, 0x85, 0x85, 0xB7, 0x85, 0x85, 0x73, 0x0F,
  0x85, 0x85, 0x85, 0x85, 0x85, 0x85, 0x85, 0x8A, 0x63, 0x85, 0x85, 0xB7, 0x85, 0x85, 0x63, 0x27,
  0x73, 0x85, 0x85, 0x85, 0x85, 0x85, 0x83, 0x82, 0x68, 0x65, 0x85, 0x85, 0xB7, 0x85, 0x85, 0x72,
  0x4D, 0x04, 0x01, 0x00, 0x00, 0x00, 0x00, 0x01, 0x01, 0x01, 0x01, 0x01, 0x01, 0x00, 0x00, 0x01,
  0x01, 0x01, 0x01, 0x01, 0x01, 0x01, 0x01, 0x01, 0x01, 0x01, 0x01, 0x00, 0x00, 0x00, 0x01, 0x01,
  0x01, 0x01, 0x01, 0x01, 0x01, 0x01, 0x01, 0x00, 0x00, 0x00, 0x00, 0x00, 0x00, 0x00, 0x00, 0x00,
  0x00, 0x00, 0x00, 0x00, 0x00, 0x00, 0x00, 0x00, 0x00, 0x00, 0x00, 0x00, 0x00, 0x00, 0x00, 0x00,
  0x00, 0x00, 0x00, 0x00, 0x00, 0x00, 0x00, 0x00, 0x00, 0x00, 0x00, 0x00, 0x00, 0x00, 0x00, 0x00,
  0x00, 0x00, 0x00, 0x00, 0x00, 0x00, 0x00, 0x00, 0x00, 0x00, 0x00, 0x00, 0x00, 0x00, 0x00, 0x00,
  0x00, 0x00, 0x00, 0x00, 0x00, 0x00, 0x00, 0x00, 0x00, 0x00, 0x00, 0x00, 0x00, 0x00, 0x00, 0x00,
  0x00, 0x00, 0x00, 0x00, 0x00, 0x01, 0x00, 0x01, 0x5A, 0x80, 0x75, 0x8F, 0x5B, 0x5A, 0x84, 0x0F,
  0x44, 0x85, 0x45, 0x0F, 0x45, 0x85, 0x8B, 0x02, 0x5A, 0x80, 0x55, 0x8F, 0x4A, 0x5A, 0x84, 0x0F,
  0x44, 0x85, 0x65, 0x94, 0x55, 0x85, 0x44, 0x68, 0x72, 0x85, 0x74, 0x5A, 0x72, 0x88, 0x85, 0x59,
  0x0A, 0x83, 0x8F, 0x4C, 0x94, 0x75, 0x85, 0x5B, 0x09, 0x00, 0x00, 0x00, 0x01, 0x01, 0x00, 0x00,
  0x01, 0x05, 0x05, 0x01, 0x01, 0x01, 0x05, 0x05, 0x05, 0x01, 0x01, 0x01, 0x05, 0x05, 0x01, 0x01,
  0x01, 0x00, 0x00, 0x00, 0x00, 0x00, 0x00, 0x00, 0x00, 0x00, 0x00, 0x00, 0x00, 0x00, 0x00, 0x00,
  0x00, 0x00, 0x00, 0x00, 0x00, 0x00, 0x00, 0x00, 0x00, 0x00, 0x00, 0x00, 0x00, 0x00, 0x00, 0x00,
  0x00, 0x00, 0x00, 0x00, 0x00, 0x00, 0x00, 0x00, 0x00, 0x00, 0x00, 0x00, 0x00, 0x00, 0x00, 0x00,
  0x00, 0x00, 0x00, 0x00, 0x00, 0x00, 0x00, 0x00, 0x00, 0x00, 0x00, 0x00, 0x00, 0x00, 0x00, 0x00,
  0x00, 0x00, 0x00, 0x00, 0x00, 0x00, 0x00, 0x00, 0x00, 0x00, 0x00, 0x00, 0x00, 0x00, 0x00, 0x00,
  0x00, 0x00, 0x00, 0x00, 0x00, 0x00, 0x00, 0x00, 0x00, 0x00, 0x00, 0x00, 0x00, 0x00, 0x00, 0x00,
  0x0A, 0x2E, 0x45, 0x85, 0x75, 0x68, 0x4D, 0x94, 0x88, 0x85, 0x84, 0x27, 0x64, 0x85, 0x74, 0x04,
  0x09, 0x2E, 0x45, 0x85, 0x55, 0x2E, 0x4D, 0x82, 0x93, 0x85, 0x84, 0x27, 0x40, 0x85, 0x93, 0x02,
  0x59, 0x85, 0x44, 0x4D, 0x4D, 0x44, 0x85, 0x72, 0x04, 0xB7, 0x85, 0x5A, 0x27, 0x72, 0x85, 0x44,
  0x00, 0x00, 0x00, 0x01, 0x02, 0x0A, 0x01, 0x02, 0x68, 0x68, 0x02, 0x05, 0x01, 0x0A, 0x68, 0x4D,
  0x00, 0x01, 0x01, 0x09, 0x68, 0x09, 0x05, 0x01, 0x01, 0x00, 0x00, 0x00, 0x00, 0x00, 0x00, 0x00,
  0x00, 0x00, 0x00, 0x00, 0x00, 0x00, 0x00, 0x00, 0x00, 0x00, 0x00, 0x00, 0x00, 0x00, 0x00, 0x00,
  0x00, 0x00, 0x00, 0x00, 0x00, 0x00, 0x00, 0x00, 0x00, 0x00, 0x00, 0x00, 0x00, 0x00, 0x00, 0x00,
  0x00, 0x00, 0x00, 0x00, 0x00, 0x00, 0x00, 0x00, 0x00, 0x00, 0x00, 0x00, 0x00, 0x00, 0x00, 0x00,
  0x00, 0x00, 0x00, 0x00, 0x00, 0x00, 0x00, 0x00, 0x00, 0x00, 0x00, 0x00, 0x00, 0x00, 0x00, 0x00,
  0x00, 0x00, 0x00, 0x00, 0x00, 0x00, 0x00, 0x00, 0x00, 0x00, 0x00, 0x00, 0x00, 0x00, 0x00, 0x00,
  0x00, 0x00, 0x00, 0x00, 0x00, 0x00, 0x00, 0x00, 0x0F, 0x08, 0x45, 0x85, 0x4A, 0x02, 0x00, 0x82,
  0x88, 0x85, 0x64, 0x2E, 0x64, 0x85, 0x74, 0x04, 0x05, 0x08, 0x45, 0x85, 0x75, 0x0A, 0x00, 0x82,
  0x93, 0x85, 0x64, 0x2E, 0x59, 0x85, 0x93, 0x02, 0x59, 0x85, 0x44, 0x04, 0x02, 0x44, 0x85, 0x72,
  0x0F, 0x8C, 0x85, 0x5A, 0x2E, 0x73, 0x85, 0x44, 0x00, 0x00, 0x01, 0x09, 0x94, 0x62, 0x0A, 0x04,
  0x59, 0x72, 0x82, 0x02, 0x02, 0x8A, 0x72, 0x59, 0x04, 0x02, 0x0A, 0x5A, 0x72, 0x84, 0x02, 0x00,
  0x00, 0x00, 0x00, 0x00, 0x00, 0x00, 0x00, 0x00, 0x00, 0x00, 0x00, 0x00, 0x00, 0x00, 0x00, 0x00,
  0x00, 0x00, 0x00, 0x00, 0x00, 0x00, 0x00, 0x00, 0x00, 0x00, 0x00, 0x00, 0x00, 0x00, 0x00, 0x00,
  0x00, 0x00, 0x00, 0x00, 0x00, 0x00, 0x00, 0x00, 0x00, 0x00, 0x00, 0x00, 0x00, 0x00, 0x00, 0x00,
  0x00, 0x00, 0x00, 0x00, 0x00, 0x00, 0x00, 0x00, 0x00, 0x00, 0x00, 0x00, 0x00, 0x00, 0x00, 0x00,
  0x00, 0x00, 0x00, 0x00, 0x00, 0x00, 0x00, 0x00, 0x00, 0x00, 0x00, 0x00, 0x00, 0x00, 0x00, 0x00,
  0x00, 0x00, 0x00, 0x00, 0x00, 0x00, 0x00, 0x00, 0x00, 0x00, 0x00, 0x00, 0x00, 0x00, 0x00, 0x00,
  0x04, 0x4D, 0x45, 0x85, 0x4A, 0x0A, 0x00, 0x82, 0x88, 0x85, 0x64, 0x2E, 0x64, 0x85, 0x74, 0x04,
  0x01, 0x08, 0x45, 0x85, 0x75, 0x09, 0x02, 0x82, 0x88, 0x85, 0x64, 0x2E, 0x59, 0x85, 0x88, 0x02,
  0x59, 0x85, 0x44, 0x08, 0x08, 0x44, 0x85, 0x59, 0x0F, 0x8C, 0x85, 0x5A, 0x2E, 0x72, 0x85, 0x44,
  0x04, 0x01, 0x00, 0x94, 0x75, 0x59, 0x68, 0x45, 0x49, 0x59, 0x75, 0x00, 0x8A, 0x75, 0x64, 0x63,
  0x45, 0x4D, 0x64, 0x55, 0x84, 0x45, 0x73, 0x4D, 0x05, 0x00, 0x00, 0x00, 0x00, 0x00, 0x00, 0x00,
  0x00, 0x00, 0x00, 0x00, 0x00, 0x00, 0x00, 0x00, 0x00, 0x00, 0x00, 0x00, 0x00, 0x00, 0x00, 0x00,
  0x00, 0x00, 0x00, 0x00, 0x00, 0x00, 0x00, 0x00, 0x00, 0x00, 0x00, 0x00, 0x00, 0x00, 0x00, 0x00,
  0x00, 0x00, 0x00, 0x00, 0x00, 0x00, 0x00, 0x00, 0x00, 0x00, 0x00, 0x00, 0x00, 0x00, 0x00, 0x00,
  0x00, 0x00, 0x00, 0x00, 0x00, 0x00, 0x00, 0x00, 0x00, 0x00, 0x00, 0x00, 0x00, 0x00, 0x00, 0x00,
  0x00, 0x00, 0x00, 0x00, 0x00, 0x00, 0x00, 0x00, 0x00, 0x00, 0x00, 0x00, 0x00, 0x00, 0x00, 0x00,
  0x00, 0x00, 0x00, 0x00, 0x00, 0x00, 0x00, 0x00, 0x04, 0x4D, 0x45, 0x85, 0x4A, 0x0A, 0x00, 0x82,
  0x88, 0x85, 0x64, 0x2E, 0x64, 0x85, 0x74, 0x04, 0x01, 0x08, 0x45, 0x85, 0x75, 0x09, 0x02, 0x82,
  0x88, 0x85, 0x64, 0x2E, 0x59, 0x85, 0x88, 0x02, 0x72, 0x85, 0x74, 0x5A, 0x73, 0xB7, 0x88, 0x8A,
  0x82, 0x8C, 0x85, 0x5A, 0x2E, 0x72, 0x85, 0x44, 0x04, 0x00, 0x01, 0x59, 0x45, 0x64, 0x82, 0x45,
  0x68, 0x2E, 0x49, 0x84, 0x59, 0x59, 0x27, 0x68, 0x45, 0x62, 0x4C, 0x62, 0x27, 0x0F, 0x75, 0x04,
  0x00, 0x00, 0x00, 0x00, 0x00, 0x00, 0x00, 0x00, 0x00, 0x00, 0x00, 0x00, 0x00, 0x00, 0x00, 0x00,
  0x00, 0x00, 0x00, 0x00, 0x00, 0x00, 0x00, 0x00, 0x00, 0x00, 0x00, 0x00, 0x00, 0x00, 0x00, 0x00,
  0x00, 0x00, 0x00, 0x00, 0x00, 0x00, 0x00, 0x00, 0x00, 0x00, 0x00, 0x00, 0x00, 0x00, 0x00, 0x00,
  0x00, 0x00, 0x00, 0x00, 0x00, 0x00, 0x00, 0x00, 0x00, 0x00, 0x00, 0x00, 0x00, 0x00, 0x00, 0x00,
  0x00, 0x00, 0x00, 0x00, 0x00, 0x00, 0x00, 0x00, 0x00, 0x00, 0x00, 0x00, 0x00, 0x00, 0x00, 0x00,
  0x00, 0x00, 0x00, 0x00, 0x00, 0x00, 0x00, 0x00, 0x00, 0x00, 0x00, 0x00, 0x00, 0x00, 0x00, 0x00,
  0x04, 0x4D, 0x45, 0x85, 0x4A, 0x0A, 0x00, 0x82, 0x88, 0x85, 0x64, 0x2E, 0x64, 0x85, 0x74, 0x04,
  0x01, 0x08, 0x45, 0x85, 0x75, 0x09, 0x02, 0x82, 0x88, 0x85, 0x64, 0x2E, 0x59, 0x85, 0x88, 0x02,
  0x72, 0x85, 0xB7, 0x85, 0x85, 0x85, 0x59, 0x2E, 0x62, 0x8C, 0x85, 0x5A, 0x2E, 0x72, 0x85, 0x44,
  0x04, 0x00, 0x05, 0x2E, 0x40, 0x59, 0x8A, 0x63, 0x08, 0x0A, 0x73, 0x40, 0x72, 0x84, 0x02, 0x08,
  0x49, 0x84, 0x4C, 0x82, 0x00, 0x00, 0x45, 0x0F, 0x02, 0x00, 0x00, 0x00, 0x00, 0x00, 0x00, 0x00,
  0x00, 0x00, 0x00, 0x00, 0x00, 0x00, 0x00, 0x00, 0x00, 0x00, 0x00, 0x00, 0x00, 0x00, 0x00, 0x00,
  0x00, 0x00, 0x00, 0x00, 0x00, 0x00, 0x00, 0x00, 0x00, 0x00, 0x00, 0x00, 0x00, 0x00, 0x00, 0x00,
  0x00, 0x00, 0x00, 0x00, 0x00, 0x00, 0x00, 0x00, 0x00, 0x00, 0x00, 0x00, 0x00, 0x00, 0x00, 0x00,
  0x00, 0x00, 0x00, 0x00, 0x00, 0x00, 0x00, 0x00, 0x00, 0x00, 0x00, 0x00, 0x00, 0x00, 0x00, 0x00,
  0x00, 0x00, 0x00, 0x00, 0x00, 0x00, 0x00, 0x00, 0x00, 0x00, 0x00, 0x00, 0x00, 0x00, 0x00, 0x00,
  0x00, 0x00, 0x00, 0x00, 0x00, 0x00, 0x00, 0x00, 0x04, 0x4D, 0x45, 0x85, 0x4A, 0x0A, 0x00, 0x82,
  0x88, 0x85, 0x64, 0x2E, 0x64, 0x85, 0x74, 0x0F, 0x01, 0x08, 0x45, 0x85, 0x75, 0x09, 0x02, 0x82,
  0x88, 0x85, 0x64, 0x2E, 0x59, 0x85, 0x88, 0x02, 0x72, 0x85, 0x8C, 0x74, 0x93, 0x85, 0x44, 0x04,
  0x8A, 0x8C, 0x85, 0x5A, 0x2E, 0x72, 0x85, 0x44, 0x04, 0x00, 0x05, 0x68, 0x59, 0x40, 0x8A, 0x63,
  0x08, 0x4D, 0x72, 0x64, 0x84, 0x73, 0x68, 0x00, 0x45, 0x0F, 0x63, 0x84, 0x2E, 0x62, 0x45, 0x02,
  0x00, 0x00, 0x00, 0x00, 0x00, 0x00, 0x00, 0x00, 0x00, 0x00, 0x00, 0x00, 0x00, 0x00, 0x00, 0x00,
  0x00, 0x00, 0x00, 0x00, 0x00, 0x00, 0x00, 0x00, 0x00, 0x00, 0x00, 0x00, 0x00, 0x00, 0x00, 0x00,
  0x00, 0x00, 0x00, 0x00, 0x00, 0x00, 0x00, 0x00, 0x00, 0x00, 0x00, 0x00, 0x00, 0x00, 0x00, 0x00,
  0x00, 0x00, 0x00, 0x00, 0x00, 0x00, 0x00, 0x00, 0x00, 0x00, 0x00, 0x00, 0x00, 0x00, 0x00, 0x00,
  0x00, 0x00, 0x00, 0x00, 0x00, 0x00, 0x00, 0x00, 0x00, 0x00, 0x00, 0x00, 0x00, 0x00, 0x00, 0x00,
  0x00, 0x00, 0x00, 0x00, 0x00, 0x00, 0x00, 0x00, 0x00, 0x00, 0x00, 0x00, 0x00, 0x00, 0x00, 0x00,
  0x04, 0x4D, 0x45, 0x85, 0x4A, 0x0A, 0x00, 0x82, 0x88, 0x85, 0x64, 0x2E, 0x64, 0x85, 0x74, 0x0F,
  0x01, 0x08, 0x45, 0x85, 0x75, 0x09, 0x02, 0x82, 0x88, 0x85, 0x64, 0x2E, 0x59, 0x85, 0x88, 0x02,
  0x59, 0x85, 0x44, 0x02, 0x62, 0x88, 0x85, 0x40, 0x94, 0x8C, 0x85, 0x5A, 0x2E, 0x72, 0x85, 0x44,
  0x04, 0x00, 0x05, 0x68, 0x59, 0x59, 0x0F, 0x75, 0x04, 0x68, 0x75, 0x72, 0x2E, 0x55, 0x55, 0x4A,
  0x72, 0x68, 0x82, 0x4A, 0x45, 0x5B, 0x62, 0x0A, 0x00, 0x00, 0x00, 0x00, 0x00, 0x00, 0x00, 0x00,
  0x00, 0x00, 0x00, 0x00, 0x00, 0x00, 0x00, 0x00, 0x00, 0x00, 0x00, 0x00, 0x00, 0x00, 0x00, 0x00,
  0x00, 0x00, 0x00, 0x00, 0x00, 0x00, 0x00, 0x00, 0x00, 0x00, 0x00, 0x00, 0x00, 0x00, 0x00, 0x00,
  0x00, 0x00, 0x00, 0x00, 0x00, 0x00, 0x00, 0x00, 0x00, 0x00, 0x00, 0x00, 0x00, 0x00, 0x00, 0x00,
  0x00, 0x00, 0x00, 0x00, 0x00, 0x00, 0x00, 0x00, 0x00, 0x00, 0x00, 0x00, 0x00, 0x00, 0x00, 0x00,
  0x00, 0x00, 0x00, 0x00, 0x00, 0x00, 0x00, 0x00, 0x00, 0x00, 0x00, 0x00, 0x00, 0x00, 0x00, 0x00,
  0x00, 0x00, 0x00, 0x00, 0x00, 0x00, 0x00, 0x01, 0x04, 0x4D, 0x45, 0x85, 0x4A, 0x0A, 0x01, 0x82,
  0x88, 0x85, 0x64, 0x2E, 0x64, 0x85, 0x74, 0x04, 0x01, 0x09, 0x45, 0x85, 0x75, 0x09, 0x02, 0x82,
  0x93, 0x85, 0x64, 0x2E, 0x59, 0x85, 0x93, 0x02, 0x59, 0x85, 0x44, 0x02, 0x08, 0x44, 0x85, 0x72,
  0x0F, 0x8C, 0x8F, 0x5A, 0x68, 0x72, 0x85, 0x44, 0x00, 0x00, 0x05, 0x68, 0x59, 0x59, 0x2E, 0x49,
  0x55, 0x63, 0x4A, 0x64, 0x80, 0x45, 0x82, 0x84, 0x45, 0x02, 0x59, 0x73, 0x94, 0x59, 0x49, 0x02,
  0x05, 0x00, 0x01, 0x00, 0x00, 0x00, 0x00, 0x00, 0x00, 0x00, 0x00, 0x00, 0x00, 0x00, 0x00, 0x00,
  0x00, 0x00, 0x00, 0x00, 0x00, 0x00, 0x00, 0x00, 0x00, 0x00, 0x00, 0x00, 0x00, 0x00, 0x00, 0x00,
  0x00, 0x00, 0x00, 0x00, 0x00, 0x00, 0x00, 0x00, 0x00, 0x00, 0x00, 0x00, 0x00, 0x00, 0x00, 0x00,
  0x00, 0x00, 0x00, 0x00, 0x00, 0x00, 0x00, 0x00, 0x00, 0x00, 0x00, 0x00, 0x00, 0x00, 0x00, 0x00,
  0x00, 0x00, 0x00, 0x00, 0x00, 0x00, 0x00, 0x00, 0x00, 0x00, 0x00, 0x00, 0x00, 0x00, 0x00, 0x00,
  0x00, 0x00, 0x00, 0x00, 0x00, 0x00, 0x00, 0x00, 0x00, 0x00, 0x00, 0x00, 0x00, 0x00, 0x01, 0x01,
  0x04, 0x4D, 0x45, 0x85, 0x4A, 0x0A, 0x00, 0x82, 0x88, 0x85, 0x64, 0x27, 0x84, 0x85, 0x74, 0x04,
  0x04, 0x4D, 0x45, 0x85, 0x75, 0x09, 0x01, 0x82, 0x93, 0x85, 0x84, 0x27, 0x40, 0x85, 0x88, 0x02,
  0x59, 0x85, 0x44, 0x02, 0x02, 0x44, 0x85, 0x72, 0x0F, 0x8C, 0x85, 0x80, 0x2A, 0x72, 0x85, 0x44,
  0x00, 0x00, 0x05, 0x68, 0x59, 0x59, 0x68, 0x4D, 0x62, 0x0F, 0x72, 0x64, 0x59, 0x84, 0x68, 0x68,
  0x4C, 0x80, 0x4C, 0x82, 0x68, 0x00, 0x55, 0x0F, 0x00, 0x01, 0x01, 0x01, 0x00, 0x00, 0x00, 0x00,
  0x00, 0x00, 0x00, 0x00, 0x00, 0x00, 0x00, 0x00, 0x00, 0x00, 0x00, 0x00, 0x00, 0x00, 0x00, 0x00,
  0x00, 0x00, 0x00, 0x00, 0x00, 0x00, 0x00, 0x00, 0x00, 0x00, 0x00, 0x00, 0x00, 0x00, 0x00, 0x00,
  0x00, 0x00, 0x00, 0x00, 0x00, 0x00, 0x00, 0x00, 0x00, 0x00, 0x00, 0x00, 0x00, 0x00, 0x00, 0x00,
  0x00, 0x00, 0x00, 0x00, 0x00, 0x00, 0x00, 0x00, 0x00, 0x00, 0x00, 0x00, 0x00, 0x00, 0x00, 0x00,
  0x00, 0x00, 0x00, 0x00, 0x00, 0x00, 0x00, 0x00, 0x00, 0x00, 0x00, 0x00, 0x00, 0x00, 0x00, 0x00,
  0x00, 0x00, 0x00, 0x00, 0x00, 0x00, 0x01, 0x01, 0x04, 0x4D, 0x45, 0x85, 0x4A, 0x0A, 0x01, 0x01,
  0x74, 0x85, 0x45, 0x0F, 0x45, 0x85, 0x44, 0x02, 0x04, 0x4D, 0x45, 0x85, 0x75, 0x09, 0x05, 0x04,
  0x74, 0x85, 0x65, 0x0F, 0x55, 0x85, 0x44, 0x4D, 0x59, 0x85, 0x44, 0x02, 0x02, 0x44, 0x85, 0x73,
  0x0B, 0x93, 0x85, 0x49, 0x0F, 0x75, 0x85, 0x4E, 0x0A, 0x05, 0x05, 0x68, 0x59, 0x59, 0x04, 0x84,
  0x09, 0x68, 0x73, 0x64, 0x72, 0x84, 0x02, 0x4D, 0x49, 0x84, 0x4C, 0x82, 0x00, 0x05, 0x45, 0x0F,
  0x02, 0x01, 0x01, 0x01, 0x00, 0x00, 0x00, 0x00, 0x00, 0x00, 0x00, 0x00, 0x00, 0x00, 0x00, 0x00,
  0x00, 0x00, 0x00, 0x00, 0x00, 0x00, 0x00, 0x00, 0x00, 0x00, 0x00, 0x00, 0x00, 0x00, 0x00, 0x00,
  0x00, 0x00, 0x00, 0x00, 0x00, 0x00, 0x00, 0x00, 0x00, 0x00, 0x00, 0x00, 0x00, 0x00, 0x00, 0x00,
  0x00, 0x00, 0x00, 0x00, 0x00, 0x00, 0x00, 0x00, 0x00, 0x00, 0x00, 0x00, 0x00, 0x00, 0x00, 0x00,
  0x00, 0x00, 0x00, 0x00, 0x00, 0x00, 0x00, 0x00, 0x00, 0x00, 0x00, 0x00, 0x00, 0x00, 0x00, 0x00,
  0x00, 0x00, 0x00, 0x00, 0x00, 0x00, 0x00, 0x00, 0x00, 0x00, 0x00, 0x00, 0x00, 0x00, 0x01, 0x01,
  0x04, 0x09, 0x55, 0x85, 0x4A, 0x09, 0x05, 0x09, 0x49, 0x85, 0x85, 0xB7, 0x85, 0x85, 0x73, 0x4D,
  0x04, 0x4D, 0x45, 0x85, 0x75, 0x09, 0x05, 0x4D, 0x49, 0x85, 0x85, 0xB7, 0x85, 0x85, 0x73, 0x2A,
  0x72, 0x85, 0x74, 0x02, 0x02, 0x44, 0x85, 0x63, 0x27, 0x45, 0x85, 0x85, 0xB7, 0x85, 0x85, 0x72,
  0x4D, 0x04, 0x05, 0x68, 0x59, 0x59, 0x0F, 0x55, 0x09, 0x2E, 0x65, 0x5A, 0x64, 0x63, 0x27, 0x09,
  0x55, 0x82, 0x4C, 0x84, 0x27, 0x62, 0x75, 0x00, 0x00, 0x01, 0x01, 0x01, 0x00, 0x00, 0x00, 0x00,
  0x00, 0x00, 0x00, 0x00, 0x00, 0x00, 0x00, 0x00, 0x00, 0x00, 0x00, 0x00, 0x00, 0x00, 0x00, 0x00,
  0x00, 0x00, 0x00, 0x00, 0x00, 0x00, 0x00, 0x00, 0x00, 0x00, 0x00, 0x00, 0x00, 0x00, 0x00, 0x00,
  0x00, 0x00, 0x00, 0x00, 0x00, 0x00, 0x00, 0x00, 0x00, 0x00, 0x00, 0x00, 0x00, 0x00, 0x00, 0x00,
  0x00, 0x00, 0x00, 0x00, 0x00, 0x00, 0x00, 0x00, 0x00, 0x00, 0x00, 0x00, 0x00, 0x00, 0x00, 0x00,
  0x00, 0x00, 0x00, 0x00, 0x00, 0x00, 0x00, 0x00, 0x00, 0x00, 0x00, 0x00, 0x00, 0x00, 0x00, 0x00,
  0x00, 0x00, 0x00, 0x00, 0x00, 0x00, 0x01, 0x01, 0x04, 0x09, 0x49, 0x74, 0x45, 0x09, 0x05, 0x01,
  0x00, 0x4C, 0x83, 0x88, 0x83, 0x4C, 0x02, 0x04, 0x04, 0x4D, 0x4C, 0x74, 0x65, 0x09, 0x05, 0x05,
  0x00, 0x45, 0x83, 0x83, 0x74, 0x4C, 0x00, 0x09, 0x64, 0x74, 0x75, 0x04, 0x08, 0x55, 0x74, 0x63,
  0x4D, 0x04, 0x45, 0x83, 0x88, 0x74, 0x49, 0x02, 0x04, 0x00, 0x05, 0x68, 0x59, 0x59, 0x2E, 0x49,
  0x4C, 0x49, 0x45, 0x02, 0x0F, 0x45, 0x49, 0x65, 0x49, 0x68, 0x5A, 0x55, 0x72, 0x75, 0x64, 0x0A,
  0x05, 0x01, 0x01, 0x01, 0x00, 0x00, 0x00, 0x00, 0x00, 0x00, 0x00, 0x00, 0x00, 0x00, 0x00, 0x00,
  0x00, 0x00, 0x00, 0x00, 0x00, 0x00, 0x00, 0x00, 0x00, 0x00, 0x00, 0x00, 0x00, 0x00, 0x00, 0x00,
  0x00, 0x00, 0x00, 0x00, 0x00, 0x00, 0x00, 0x00, 0x00, 0x00, 0x00, 0x00, 0x00, 0x00, 0x00, 0x00,
  0x00, 0x00, 0x00, 0x00, 0x00, 0x00, 0x00, 0x00, 0x00, 0x00, 0x00, 0x00, 0x00, 0x00, 0x00, 0x00,
  0x00, 0x00, 0x00, 0x00, 0x00, 0x00, 0x00, 0x00, 0x00, 0x00, 0x00, 0x00, 0x00, 0x00, 0x00, 0x00,
  0x00, 0x00, 0x00, 0x00, 0x00, 0x00, 0x00, 0x00, 0x00, 0x00, 0x00, 0x00, 0x00, 0x00, 0x01, 0x01,
  0x00, 0x00, 0x00, 0x04, 0x00, 0x04, 0x00, 0x00, 0x02, 0x4D, 0x04, 0x94, 0x00, 0x4D, 0x00, 0x04,
  0x01, 0x02, 0x00, 0x04, 0x04, 0x01, 0x01, 0x05, 0x02, 0x4D, 0x04, 0x94, 0x04, 0x09, 0x02, 0x00,
  0x00, 0x04, 0x04, 0x04, 0x04, 0x02, 0x00, 0x04, 0x05, 0x01, 0x09, 0x0F, 0x82, 0x04, 0x4D, 0x00,
  0x00, 0x00, 0x01, 0x00, 0x04, 0x0F, 0x02, 0x0A, 0x62, 0x5A, 0x00, 0x00, 0x02, 0x00, 0x5A, 0x62,
  0x02, 0x00, 0x0A, 0x0F, 0x5A, 0x94, 0x02, 0x00, 0x00, 0x01, 0x01, 0x01, 0x00, 0x00, 0x00, 0x00,
  0x00, 0x00, 0x00, 0x00, 0x00, 0x00, 0x00, 0x00, 0x00, 0x00, 0x00, 0x00, 0x00, 0x00, 0x00, 0x00,
  0x00, 0x00, 0x00, 0x00, 0x00, 0x00, 0x00, 0x00, 0x00, 0x00, 0x00, 0x00, 0x00, 0x00, 0x00, 0x00,
  0x00, 0x00, 0x00, 0x00, 0x00, 0x00, 0x00, 0x00, 0x00, 0x00, 0x00, 0x00, 0x00, 0x00, 0x00, 0x00,
  0x00, 0x00, 0x00, 0x00, 0x00, 0x00, 0x00, 0x00, 0x00, 0x00, 0x00, 0x00, 0x00, 0x00, 0x00, 0x00,
  0x00, 0x00, 0x00, 0x00, 0x00, 0x00, 0x00, 0x00, 0x00, 0x00, 0x00, 0x00, 0x00, 0x00, 0x00, 0x00,
  0x00, 0x00, 0x00, 0x00, 0x00, 0x00, 0x01, 0x01, 0x00, 0x01, 0x00, 0x00, 0x00, 0x05, 0x01, 0x00,
  0x00, 0x05, 0x00, 0x02, 0x00, 0x04, 0x01, 0x01, 0x00, 0x00, 0x00, 0x02, 0x00, 0x00, 0x00, 0x00,
  0x01, 0x05, 0x00, 0x0A, 0x00, 0x05, 0x05, 0x00, 0x00, 0x02, 0x00, 0x00, 0x00, 0x00, 0x00, 0x00,
  0x01, 0x01, 0x04, 0x00, 0x02, 0x00, 0x05, 0x00, 0x00, 0x00, 0x00, 0x01, 0x00, 0x00, 0x05, 0x00,
  0x09, 0x09, 0x00, 0x00, 0x00, 0x00, 0x09, 0x0A, 0x05, 0x00, 0x01, 0x02, 0x09, 0x02, 0x05, 0x01,
  0x01, 0x00, 0x01, 0x00, 0x00, 0x00, 0x00, 0x00, 0x00, 0x00, 0x00, 0x00, 0x00, 0x00, 0x00, 0x00,
  0x00, 0x00, 0x00, 0x00, 0x00, 0x00, 0x00, 0x00, 0x00, 0x00, 0x00, 0x00, 0x00, 0x00, 0x00, 0x00,
  0x00, 0x00, 0x00, 0x00, 0x00, 0x00, 0x00, 0x00, 0x00, 0x00, 0x00, 0x00, 0x00, 0x00, 0x00, 0x00,
  0x00, 0x00, 0x00, 0x00, 0x00, 0x00, 0x00, 0x00, 0x00, 0x00, 0x00, 0x00, 0x00, 0x00, 0x00, 0x00,
  0x00, 0x00, 0x00, 0x00, 0x00, 0x00, 0x00, 0x00, 0x00, 0x00, 0x00, 0x00, 0x00, 0x00, 0x00, 0x00,
  0x00, 0x00, 0x00, 0x00, 0x00, 0x00, 0x00, 0x00, 0x00, 0x00, 0x00, 0x00, 0x00, 0x00, 0x00, 0x00,
  0x00, 0x00, 0x00, 0x00, 0x01, 0x01, 0x01, 0x00, 0x00, 0x00, 0x05, 0x05, 0x05, 0x01, 0x01, 0x01,
  0x00, 0x00, 0x01, 0x01, 0x00, 0x00, 0x00, 0x00, 0x00, 0x00, 0x00, 0x01, 0x05, 0x01, 0x01, 0x01,
  0x01, 0x01, 0x00, 0x00, 0x00, 0x00, 0x00, 0x00, 0x00, 0x00, 0x01, 0x05, 0x05, 0x01, 0x00, 0x00,
  0x00, 0x00, 0x00, 0x00, 0x00, 0x00, 0x00, 0x00, 0x01, 0x01, 0x00, 0x00, 0x01, 0x01, 0x05, 0x01,
  0x00, 0x00, 0x00, 0x01, 0x01, 0x01, 0x01, 0x01, 0x01, 0x00, 0x00, 0x00, 0x00, 0x00, 0x00, 0x00,
  0x00, 0x00, 0x00, 0x00, 0x00, 0x00, 0x00, 0x00, 0x00, 0x00, 0x00, 0x00, 0x00, 0x00, 0x00, 0x00,
  0x00, 0x00, 0x00, 0x00, 0x00, 0x00, 0x00, 0x00, 0x00, 0x00, 0x00, 0x00, 0x00, 0x00, 0x00, 0x00,
  0x00, 0x00, 0x00, 0x00, 0x00, 0x00, 0x00, 0x00, 0x00, 0x00, 0x00, 0x00, 0x00, 0x00, 0x00, 0x00,
  0x00, 0x00, 0x00, 0x00, 0x00, 0x00, 0x00, 0x00, 0x00, 0x00, 0x00, 0x00, 0x00, 0x00, 0x00, 0x00,
  0x00, 0x00, 0x00, 0x00, 0x00, 0x00, 0x00, 0x00, 0x00, 0x00, 0x00, 0x00, 0x00, 0x00, 0x00, 0x00,
  0x00, 0x00, 0x00, 0x00, 0x00, 0x00, 0x00, 0x00, 0x00, 0x00, 0x00, 0x00, 0x01, 0x01, 0x01, 0x00,
  0x00, 0x00, 0x01, 0x01, 0x01, 0x01, 0x01, 0x01, 0x00, 0x00, 0x00, 0x00, 0x00, 0x00, 0x00, 0x00,
  0x00, 0x00, 0x00, 0x01, 0x01, 0x01, 0x01, 0x01, 0x01, 0x01, 0x00, 0x00, 0x00, 0x00, 0x00, 0x00,
  0x00, 0x00, 0x01, 0x01, 0x01, 0x01, 0x00, 0x00, 0x00, 0x00, 0x00, 0x00, 0x00, 0x00, 0x00, 0x00,
  0x00, 0x00, 0x00, 0x00, 0x01, 0x01, 0x01, 0x01, 0x00, 0x00, 0x00, 0x00, 0x00, 0x01, 0x01, 0x01,
  0x01, 0x00, 0x00, 0x00, 0x00, 0x00, 0x00, 0x00, 0x00, 0x00, 0x00, 0x00, 0x00, 0x00, 0x00, 0x00,
  0x00, 0x00, 0x00, 0x00, 0x00, 0x00, 0x00, 0x00, 0x00, 0x00, 0x00, 0x00, 0x00, 0x00, 0x00, 0x00,
  0x00, 0x00, 0x00, 0x00, 0x00, 0x00, 0x00, 0x00, 0x00, 0x00, 0x00, 0x00, 0x00, 0x00, 0x00, 0x00,
  0x00, 0x00, 0x00, 0x00, 0x00, 0x00, 0x00, 0x00, 0x00, 0x00, 0x00, 0x00, 0x00, 0x00, 0x00, 0x00,
  0x00, 0x00, 0x00, 0x00, 0x00, 0x00, 0x00, 0x00, 0x00, 0x00, 0x00, 0x00, 0x00, 0x00, 0x00, 0x00,
  0x00, 0x00, 0x00, 0x00, 0x00, 0x00, 0x00, 0x00, 0x00, 0x00, 0x00, 0x00, 0x00, 0x00, 0x00, 0x00,
  0x00, 0x00, 0x00, 0x00, 0x00, 0x00, 0x00, 0x01, 0x01, 0x01, 0x01, 0x01, 0x01, 0x01, 0x01, 0x01,
  0x01, 0x01, 0x01, 0x01, 0x01, 0x01, 0x01, 0x01, 0x01, 0x00, 0x00, 0x00, 0x00, 0x00, 0x00, 0x00,
  0x00, 0x00, 0x00, 0x00, 0x00, 0x00, 0x00, 0x01, 0x01, 0x01, 0x01, 0x01, 0x01, 0x01, 0x01, 0x01,
  0x01, 0x01, 0x01, 0x01, 0x01, 0x01, 0x01, 0x00, 0x00, 0x00, 0x00, 0x00, 0x00, 0x00, 0x00, 0x00,
  0x00, 0x00, 0x00, 0x00, 0x00, 0x00, 0x00, 0x00, 0x00, 0x00, 0x00, 0x00, 0x00, 0x00, 0x00, 0x00,
  0x00, 0x00, 0x00, 0x00, 0x00, 0x00, 0x00, 0x00, 0x00, 0x00, 0x00, 0x00, 0x00, 0x00, 0x00, 0x00,
  0x00, 0x00, 0x00, 0x00, 0x00, 0x00, 0x00, 0x00, 0x00, 0x00, 0x00, 0x00, 0x00, 0x00, 0x00, 0x00,
  0x00, 0x00, 0x00, 0x00, 0x00, 0x00, 0x00, 0x00, 0x00, 0x00, 0x00, 0x00, 0x00, 0x00, 0x00, 0x00,
  0x00, 0x00, 0x00, 0x00, 0x00, 0x00, 0x00, 0x00, 0x00, 0x00, 0x00, 0x00, 0x00, 0x00, 0x00, 0x00,
  0x00, 0x00, 0x00, 0x00, 0x00, 0x00, 0x00, 0x00, 0x00, 0x00, 0x00, 0x00, 0x00, 0x00, 0x00, 0x00,
  0x00, 0x00, 0x00, 0x00, 0x00, 0x00, 0x00, 0x00, 0x00, 0x00, 0x00, 0x00, 0x00, 0x00, 0x00, 0x01,
  0x01, 0x01, 0x01, 0x01, 0x01, 0x01, 0x01, 0x01, 0x01, 0x01, 0x01, 0x01, 0x05, 0x05, 0x01, 0x01,
  0x01, 0x00, 0x00, 0x00, 0x00, 0x00, 0x00, 0x00, 0x00, 0x00, 0x00, 0x00, 0x00, 0x00, 0x00, 0x01,
  0x01, 0x01, 0x05, 0x05, 0x05, 0x05, 0x05, 0x01, 0x05, 0x01, 0x05, 0x05, 0x05, 0x05, 0x01, 0x00,
  0x00, 0x00, 0x00, 0x00, 0x00, 0x00, 0x00, 0x00, 0x00, 0x00, 0x00, 0x00, 0x00, 0x00, 0x00, 0x00,
  0x00, 0x00, 0x00, 0x00, 0x00, 0x00, 0x00, 0x00, 0x00, 0x00, 0x00, 0x00, 0x00, 0x00, 0x00, 0x00,
  0x00, 0x00, 0x00, 0x00, 0x00, 0x00, 0x00, 0x00, 0x00, 0x00, 0x00, 0x00, 0x00, 0x00, 0x00, 0x00,
  0x00, 0x00, 0x00, 0x00, 0x00, 0x00, 0x00, 0x00, 0x00, 0x00, 0x00, 0x00, 0x00, 0x00, 0x00, 0x00,
  0x00, 0x00, 0x00, 0x00, 0x00, 0x00, 0x00, 0x00, 0x00, 0x00, 0x00, 0x00, 0x00, 0x00, 0x00, 0x00,
  0x00, 0x00, 0x00, 0x00, 0x00, 0x00, 0x00, 0x00, 0x00, 0x00, 0x00, 0x00, 0x00, 0x00, 0x00, 0x00,
  0x00, 0x00, 0x00, 0x00, 0x00, 0x00, 0x00, 0x00, 0x00, 0x00, 0x00, 0x00, 0x00, 0x00, 0x00, 0x00,
  0x00, 0x01, 0x01, 0x01, 0x00, 0x00, 0x01, 0x05, 0x05, 0x05, 0x05, 0x02, 0x05, 0x04, 0x01, 0x01,
  0x05, 0x05, 0x01, 0x01, 0x00, 0x02, 0x05, 0x05, 0x05, 0x00, 0x01, 0x01, 0x00, 0x00, 0x00, 0x00,
  0x00, 0x00, 0x00, 0x00, 0x00, 0x00, 0x00, 0x01, 0x01, 0x05, 0x02, 0x09, 0x00, 0x0A, 0x0A, 0x05,
  0x02, 0x01, 0x00, 0x0A, 0x02, 0x00, 0x00, 0x00, 0x00, 0x00, 0x00, 0x00, 0x00, 0x00, 0x00, 0x00,
  0x00, 0x00, 0x00, 0x00, 0x00, 0x00, 0x00, 0x00, 0x00, 0x00, 0x00, 0x00, 0x00, 0x00, 0x00, 0x00,
  0x00, 0x00, 0x00, 0x00, 0x00, 0x00, 0x00, 0x00, 0x00, 0x00, 0x00, 0x00, 0x00, 0x00, 0x00, 0x00,
  0x00, 0x00, 0x00, 0x00, 0x00, 0x00, 0x00, 0x00, 0x00, 0x00, 0x00, 0x00, 0x00, 0x00, 0x00, 0x00,
  0x00, 0x00, 0x00, 0x00, 0x00, 0x00, 0x00, 0x00, 0x00, 0x00, 0x00, 0x00, 0x00, 0x00, 0x00, 0x00,
  0x00, 0x00, 0x00, 0x00, 0x00, 0x00, 0x00, 0x00, 0x00, 0x00, 0x00, 0x00, 0x00, 0x00, 0x00, 0x00,
  0x00, 0x00, 0x00, 0x00, 0x00, 0x00, 0x00, 0x00, 0x00, 0x00, 0x00, 0x00, 0x00, 0x00, 0x00, 0x00,
  0x00, 0x00, 0x00, 0x00, 0x00, 0x00, 0x01, 0x01, 0x01, 0x09, 0x0A, 0x02, 0x02, 0x02, 0x4D, 0x0A,
  0x00, 0x4D, 0x4D, 0x62, 0x00, 0x4D, 0x00, 0x02, 0x4D, 0x02, 0x05, 0x00, 0x94, 0x8A, 0x4D, 0x0A,
  0x09, 0x00, 0x00, 0x09, 0x01, 0x00, 0x05, 0x00, 0x00, 0x00, 0x00, 0x00, 0x00, 0x00, 0x00, 0x01,
  0x01, 0x02, 0x82, 0x59, 0x94, 0x84, 0x5A, 0x00, 0x80, 0x02, 0x8A, 0x84, 0x62, 0x94, 0x94, 0x02,
  0x00, 0x00, 0x00, 0x00, 0x00, 0x00, 0x00, 0x00, 0x00, 0x00, 0x00, 0x00, 0x00, 0x00, 0x00, 0x00,
  0x00, 0x00, 0x00, 0x00, 0x00, 0x00, 0x00, 0x00, 0x00, 0x00, 0x00, 0x00, 0x00, 0x00, 0x00, 0x00,
  0x00, 0x00, 0x00, 0x00, 0x00, 0x00, 0x00, 0x00, 0x00, 0x00, 0x00, 0x00, 0x00, 0x00, 0x00, 0x00,
  0x00, 0x00, 0x00, 0x00, 0x00, 0x00, 0x00, 0x00, 0x00, 0x00, 0x00, 0x00, 0x00, 0x00, 0x00, 0x00,
  0x00, 0x00, 0x00, 0x00, 0x00, 0x00, 0x00, 0x00, 0x00, 0x00, 0x00, 0x00, 0x00, 0x00, 0x00, 0x00,
  0x00, 0x00, 0x00, 0x00, 0x00, 0x00, 0x00, 0x00, 0x00, 0x00, 0x00, 0x00, 0x00, 0x00, 0x00, 0x00,
  0x00, 0x00, 0x00, 0x00, 0x00, 0x00, 0x00, 0x00, 0x00, 0x00, 0x00, 0x00, 0x00, 0x00, 0x01, 0x01,
  0x00, 0x80, 0x80, 0x0F, 0x0F, 0x82, 0x84, 0x62, 0x0F, 0x64, 0x82, 0x84, 0x5A, 0x84, 0x0F, 0x0F,
  0x64, 0x82, 0x09, 0x63, 0x59, 0x5A, 0x5A, 0x62, 0x5A, 0x94, 0x04, 0x5A, 0x01, 0x01, 0x00, 0x00,
  0x00, 0x00, 0x00, 0x00, 0x00, 0x00, 0x00, 0x01, 0x05, 0x0A, 0x59, 0x5A, 0x49, 0x84, 0x84, 0x04,
  0x45, 0x0F, 0x73, 0x45, 0x4C, 0x84, 0x80, 0x09, 0x01, 0x00, 0x00, 0x00, 0x00, 0x00, 0x00, 0x00,
  0x00, 0x00, 0x00, 0x00, 0x00, 0x00, 0x00, 0x00, 0x00, 0x00, 0x00, 0x00, 0x00, 0x00, 0x00, 0x00,
  0x00, 0x00, 0x00, 0x00, 0x00, 0x00, 0x00, 0x00, 0x00, 0x00, 0x00, 0x00, 0x00, 0x00, 0x00, 0x00,
  0x00, 0x00, 0x00, 0x00, 0x00, 0x00, 0x00, 0x00, 0x00, 0x00, 0x00, 0x00, 0x00, 0x00, 0x00, 0x00,
  0x00, 0x00, 0x00, 0x00, 0x00, 0x00, 0x00, 0x00, 0x00, 0x00, 0x00, 0x00, 0x00, 0x00, 0x00, 0x00,
  0x00, 0x00, 0x00, 0x00, 0x00, 0x00, 0x00, 0x00, 0x00, 0x00, 0x00, 0x00, 0x00, 0x00, 0x00, 0x00,
  0x00, 0x00, 0x00, 0x00, 0x00, 0x00, 0x00, 0x00, 0x00, 0x00, 0x00, 0x00, 0x00, 0x00, 0x00, 0x00,
  0x00, 0x00, 0x00, 0x00, 0x00, 0x00, 0x00, 0x02, 0x0F, 0x65, 0x49, 0x64, 0x62, 0x65, 0x45, 0x63,
  0x4C, 0x4C, 0x49, 0x59, 0x45, 0x4C, 0x63, 0x73, 0x49, 0x49, 0x2E, 0x4C, 0x73, 0x4C, 0x4C, 0x45,
  0x4C, 0x63, 0x4C, 0x75, 0x72, 0x09, 0x05, 0x00, 0x00, 0x00, 0x00, 0x00, 0x00, 0x00, 0x00, 0x00,
  0x01, 0x09, 0x64, 0x72, 0x49, 0x63, 0x84, 0x02, 0x65, 0x84, 0x4C, 0x49, 0x49, 0x72, 0x62, 0x0A,
  0x01, 0x00, 0x00, 0x00, 0x00, 0x00, 0x00, 0x00, 0x00, 0x00, 0x00, 0x00, 0x00, 0x00, 0x00, 0x00,
  0x00, 0x00, 0x00, 0x00, 0x00, 0x00, 0x00, 0x00, 0x00, 0x00, 0x00, 0x00, 0x00, 0x00, 0x00, 0x00,
  0x00, 0x00, 0x00, 0x00, 0x00, 0x00, 0x00, 0x00, 0x00, 0x00, 0x00, 0x00, 0x00, 0x00, 0x00, 0x00,
  0x00, 0x00, 0x00, 0x00, 0x00, 0x00, 0x00, 0x00, 0x00, 0x00, 0x00, 0x00, 0x00, 0x00, 0x00, 0x00,
  0x00, 0x00, 0x00, 0x00, 0x00, 0x00, 0x00, 0x00, 0x00, 0x00, 0x00, 0x00, 0x00, 0x00, 0x00, 0x00,
  0x00, 0x00, 0x00, 0x00, 0x00, 0x00, 0x00, 0x00, 0x00, 0x00, 0x00, 0x00, 0x00, 0x00, 0x00, 0x00,
  0x00, 0x00, 0x00, 0x00, 0x00, 0x00, 0x00, 0x00, 0x00, 0x00, 0x00, 0x00, 0x00, 0x00, 0x00, 0x02,
  0x94, 0x49, 0x84, 0x63, 0x64, 0x55, 0x5A, 0x64, 0x75, 0x8A, 0x73, 0x4C, 0x45, 0x0F, 0x49, 0x4C,
  0x5A, 0x63, 0x68, 0x49, 0x64, 0x55, 0x5A, 0x73, 0x5A, 0x49, 0x4A, 0x45, 0x72, 0x09, 0x05, 0x00,
  0x00, 0x00, 0x00, 0x00, 0x00, 0x00, 0x00, 0x00, 0x01, 0x02, 0x59, 0x5A, 0x4C, 0x5A, 0x64, 0x82,
  0x73, 0x73, 0x63, 0x4C, 0x59, 0x65, 0x62, 0x09, 0x01, 0x00, 0x00, 0x00, 0x00, 0x00, 0x00, 0x00,
  0x00, 0x00, 0x00, 0x00, 0x00, 0x00, 0x00, 0x00, 0x00, 0x00, 0x00, 0x00, 0x00, 0x00, 0x00, 0x00,
  0x00, 0x00, 0x00, 0x00, 0x00, 0x00, 0x00, 0x00, 0x00, 0x00, 0x00, 0x00, 0x00, 0x00, 0x00, 0x00,
  0x00, 0x00, 0x00, 0x00, 0x00, 0x00, 0x00, 0x00, 0x00, 0x00, 0x00, 0x00, 0x00, 0x00, 0x00, 0x00,
  0x00, 0x00, 0x00, 0x00, 0x00, 0x00, 0x00, 0x00, 0x00, 0x00, 0x00, 0x00, 0x00, 0x00, 0x00, 0x00,
  0x00, 0x00, 0x00, 0x00, 0x00, 0x00, 0x00, 0x00, 0x00, 0x00, 0x00, 0x00, 0x00, 0x00, 0x00, 0x00,
  0x00, 0x00, 0x00, 0x00, 0x00, 0x00, 0x00, 0x00, 0x00, 0x00, 0x00, 0x00, 0x00, 0x00, 0x00, 0x00,
  0x00, 0x00, 0x00, 0x00, 0x00, 0x00, 0x00, 0x00, 0x05, 0x64, 0x05, 0x72, 0x49, 0x64, 0x62, 0x62,
  0x59, 0x82, 0x84, 0x84, 0x64, 0x94, 0x5A, 0x49, 0x75, 0x49, 0x68, 0x84, 0x59, 0x64, 0x62, 0x84,
  0x62, 0x5A, 0x84, 0x63, 0x62, 0x02, 0x01, 0x00, 0x00, 0x00, 0x00, 0x00, 0x00, 0x00, 0x00, 0x01,
  0x01, 0x02, 0x64, 0x84, 0x63, 0x64, 0x59, 0x94, 0x59, 0x4C, 0x59, 0x4C, 0x84, 0x73, 0x5A, 0x09,
  0x01, 0x00, 0x00, 0x00, 0x00, 0x00, 0x00, 0x00, 0x00, 0x00, 0x00, 0x00, 0x00, 0x00, 0x00, 0x00,
  0x00, 0x00, 0x00, 0x00, 0x00, 0x00, 0x00, 0x00, 0x00, 0x00, 0x00, 0x00, 0x00, 0x00, 0x00, 0x00,
  0x00, 0x00, 0x00, 0x00, 0x00, 0x00, 0x00, 0x00, 0x00, 0x00, 0x00, 0x00, 0x00, 0x00, 0x00, 0x00,
  0x00, 0x00, 0x00, 0x00, 0x00, 0x00, 0x00, 0x00, 0x00, 0x00, 0x00, 0x00, 0x00, 0x00, 0x00, 0x00,
  0x00, 0x00, 0x00, 0x00, 0x00, 0x00, 0x00, 0x00, 0x00, 0x00, 0x00, 0x00, 0x00, 0x00, 0x00, 0x00,
  0x00, 0x00, 0x00, 0x00, 0x00, 0x00, 0x00, 0x00, 0x00, 0x00, 0x00, 0x00, 0x00, 0x00, 0x00, 0x00,
  0x00, 0x00, 0x00, 0x00, 0x00, 0x00, 0x00, 0x00, 0x00, 0x00, 0x00, 0x00, 0x00, 0x00, 0x01, 0x01,
  0x00, 0x02, 0x00, 0x09, 0x09, 0x09, 0x00, 0x02, 0x02, 0x00, 0x09, 0x0A, 0x0A, 0x00, 0x4D, 0x64,
  0x65, 0x5A, 0x0A, 0x02, 0x02, 0x09, 0x02, 0x02, 0x02, 0x09, 0x02, 0x09, 0x02, 0x05, 0x00, 0x00,
  0x00, 0x00, 0x00, 0x00, 0x00, 0x00, 0x00, 0x01, 0x01, 0x02, 0x0F, 0x5A, 0x05, 0x80, 0x8A, 0x00,
  0x94, 0x94, 0x0F, 0x8A, 0x0F, 0x94, 0x0F, 0x02, 0x01, 0x00, 0x00, 0x01, 0x00, 0x00, 0x01, 0x00,
  0x01, 0x00, 0x01, 0x01, 0x00, 0x00, 0x00, 0x00, 0x00, 0x00, 0x00, 0x00, 0x00, 0x00, 0x00, 0x00,
  0x00, 0x00, 0x00, 0x00, 0x00, 0x00, 0x00, 0x00, 0x00, 0x00, 0x00, 0x00, 0x00, 0x00, 0x00, 0x00,
  0x00, 0x00, 0x00, 0x00, 0x00, 0x00, 0x00, 0x00, 0x00, 0x00, 0x00, 0x00, 0x00, 0x00, 0x00, 0x00,
  0x00, 0x00, 0x00, 0x00, 0x00, 0x00, 0x00, 0x00, 0x00, 0x00, 0x00, 0x00, 0x00, 0x00, 0x00, 0x00,
  0x00, 0x00, 0x00, 0x00, 0x00, 0x00, 0x00, 0x00, 0x00, 0x00, 0x00, 0x00, 0x00, 0x00, 0x00, 0x00,
  0x00, 0x00, 0x00, 0x00, 0x00, 0x00, 0x00, 0x00, 0x00, 0x00, 0x00, 0x00, 0x00, 0x00, 0x00, 0x00,
  0x00, 0x00, 0x00, 0x00, 0x00, 0x00, 0x00, 0x01, 0x00, 0x05, 0x00, 0x01, 0x01, 0x01, 0x01, 0x01,
  0x01, 0x01, 0x01, 0x01, 0x05, 0x01, 0x01, 0x06, 0x06, 0x02, 0x01, 0x05, 0x05, 0x05, 0x05, 0x05,
  0x05, 0x05, 0x05, 0x05, 0x01, 0x00, 0x00, 0x00, 0x00, 0x00, 0x00, 0x00, 0x00, 0x00, 0x00, 0x01,
  0x00, 0x01, 0x00, 0x09, 0x00, 0x02, 0x0A, 0x05, 0x00, 0x0A, 0x02, 0x0A, 0x00, 0x00, 0x09, 0x05,
  0x02, 0x05, 0x01, 0x02, 0x02, 0x05, 0x01, 0x01, 0x00, 0x01, 0x0A, 0x0A, 0x01, 0x00, 0x01, 0x00,
  0x00, 0x02, 0x05, 0x01, 0x01, 0x01, 0x00, 0x00, 0x00, 0x00, 0x00, 0x00, 0x00, 0x00, 0x00, 0x00,
  0x00, 0x00, 0x00, 0x00, 0x00, 0x00, 0x00, 0x00, 0x00, 0x00, 0x00, 0x00, 0x00, 0x00, 0x00, 0x00,
  0x00, 0x00, 0x00, 0x00, 0x00, 0x00, 0x00, 0x00, 0x00, 0x00, 0x00, 0x00, 0x00, 0x00, 0x00, 0x00,
  0x00, 0x00, 0x00, 0x00, 0x00, 0x00, 0x00, 0x00, 0x00, 0x00, 0x00, 0x00, 0x00, 0x00, 0x00, 0x00,
  0x00, 0x00, 0x00, 0x00, 0x00, 0x00, 0x00, 0x00, 0x00, 0x00, 0x00, 0x00, 0x00, 0x00, 0x00, 0x00,
  0x00, 0x00, 0x00, 0x00, 0x00, 0x00, 0x00, 0x00, 0x00, 0x00, 0x00, 0x00, 0x00, 0x00, 0x00, 0x00,
  0x01, 0x05, 0x02, 0x05, 0x0F, 0x06, 0x01, 0x01, 0x01, 0x01, 0x00, 0x01, 0x02, 0x01, 0x00, 0x05,
  0x01, 0x06, 0x0A, 0x05, 0x06, 0x00, 0x05, 0x01, 0x05, 0x01, 0x01, 0x01, 0x00, 0x00, 0x00, 0x00,
  0x00, 0x00, 0x00, 0x00, 0x00, 0x00, 0x00, 0x00, 0x01, 0x01, 0x05, 0x05, 0x0F, 0x05, 0x05, 0x0F,
  0x05, 0x0F, 0x0F, 0x0F, 0x00, 0x94, 0x62, 0x00, 0x0F, 0x05, 0x01, 0x94, 0x94, 0x01, 0x05, 0x05,
  0x0F, 0x01, 0x62, 0x62, 0x01, 0x05, 0x05, 0x0F, 0x00, 0x94, 0x05, 0x00, 0x01, 0x01, 0x00, 0x00,
  0x00, 0x00, 0x00, 0x00, 0x00, 0x00, 0x00, 0x00, 0x00, 0x00, 0x00, 0x00, 0x00, 0x00, 0x00, 0x00,
  0x00, 0x00, 0x00, 0x00, 0x00, 0x00, 0x00, 0x00, 0x00, 0x00, 0x00, 0x00, 0x00, 0x00, 0x00, 0x00,
  0x00, 0x00, 0x00, 0x00, 0x00, 0x00, 0x00, 0x00, 0x00, 0x00, 0x00, 0x00, 0x00, 0x00, 0x00, 0x00,
  0x00, 0x00, 0x00, 0x00, 0x00, 0x00, 0x00, 0x00, 0x00, 0x00, 0x00, 0x00, 0x00, 0x00, 0x00, 0x00,
  0x00, 0x00, 0x00, 0x00, 0x00, 0x00, 0x00, 0x00, 0x00, 0x00, 0x00, 0x00, 0x00, 0x00, 0x00, 0x00,
  0x00, 0x00, 0x00, 0x00, 0x00, 0x00, 0x00, 0x00, 0x00, 0x0A, 0x62, 0x73, 0x84, 0x05, 0x00, 0x0F,
  0x00, 0x02, 0x0F, 0x82, 0x64, 0x09, 0x94, 0x09, 0x09, 0x5A, 0x64, 0x09, 0x73, 0x94, 0x02, 0x00,
  0x02, 0x01, 0x01, 0x01, 0x00, 0x00, 0x00, 0x00, 0x00, 0x00, 0x00, 0x00, 0x00, 0x00, 0x00, 0x00,
  0x05, 0x02, 0x64, 0x8A, 0x5A, 0x64, 0x72, 0x80, 0x5A, 0x64, 0x82, 0x4C, 0x8A, 0x64, 0x72, 0x82,
  0x72, 0x5A, 0x62, 0x45, 0x59, 0x8A, 0x64, 0x8A, 0x65, 0x01, 0x84, 0x4C, 0x0F, 0x49, 0x5A, 0x84,
  0x84, 0x72, 0x62, 0x0A, 0x05, 0x01, 0x00, 0x00, 0x00, 0x00, 0x00, 0x00, 0x00, 0x00, 0x00, 0x00,
  0x00, 0x00, 0x00, 0x00, 0x00, 0x00, 0x00, 0x00, 0x00, 0x00, 0x00, 0x00, 0x00, 0x00, 0x00, 0x00,
  0x00, 0x00, 0x00, 0x00, 0x00, 0x00, 0x00, 0x00, 0x00, 0x00, 0x00, 0x00, 0x00, 0x00, 0x00, 0x00,
  0x00, 0x00, 0x00, 0x00, 0x00, 0x00, 0x00, 0x00, 0x00, 0x00, 0x00, 0x00, 0x00, 0x00, 0x00, 0x00,
  0x00, 0x00, 0x00, 0x00, 0x00, 0x00, 0x00, 0x00, 0x00, 0x00, 0x00, 0x00, 0x00, 0x00, 0x00, 0x00,
  0x00, 0x00, 0x00, 0x00, 0x00, 0x00, 0x00, 0x00, 0x00, 0x00, 0x00, 0x00, 0x00, 0x00, 0x01, 0x05,
  0x02, 0x72, 0x75, 0x4C, 0x59, 0x56, 0x64, 0x45, 0x72, 0x64, 0x45, 0x72, 0x55, 0x59, 0x45, 0x59,
  0x72, 0x75, 0x73, 0x68, 0x55, 0x55, 0x59, 0x72, 0x80, 0x59, 0x0A, 0x01, 0x00, 0x00, 0x00, 0x00,
  0x00, 0x00, 0x00, 0x00, 0x00, 0x00, 0x00, 0x01, 0x05, 0x0A, 0x59, 0x84, 0x64, 0x59, 0x73, 0x05,
  0x49, 0x64, 0x05, 0x4C, 0x84, 0x84, 0x62, 0x62, 0x59, 0x72, 0x64, 0x55, 0x5A, 0x49, 0x5A, 0x80,
  0x4C, 0x0F, 0x01, 0x64, 0x05, 0x4C, 0x84, 0x73, 0x59, 0x80, 0x5A, 0x0A, 0x05, 0x01, 0x00, 0x00,
  0x00, 0x00, 0x00, 0x00, 0x00, 0x00, 0x00, 0x00, 0x00, 0x00, 0x00, 0x00, 0x00, 0x00, 0x00, 0x00,
  0x00, 0x00, 0x00, 0x00, 0x00, 0x00, 0x00, 0x00, 0x00, 0x00, 0x00, 0x00, 0x00, 0x00, 0x00, 0x00,
  0x00, 0x00, 0x00, 0x00, 0x00, 0x00, 0x00, 0x00, 0x00, 0x00, 0x00, 0x00, 0x00, 0x00, 0x00, 0x00,
  0x00, 0x00, 0x00, 0x00, 0x00, 0x00, 0x00, 0x00, 0x00, 0x00, 0x00, 0x00, 0x00, 0x00, 0x00, 0x00,
  0x00, 0x00, 0x00, 0x00, 0x00, 0x00, 0x00, 0x00, 0x00, 0x00, 0x00, 0x00, 0x00, 0x00, 0x00, 0x00,
  0x00, 0x00, 0x00, 0x00, 0x00, 0x00, 0x01, 0x02, 0x8A, 0x49, 0x62, 0x65, 0x45, 0x64, 0x63, 0x75,
  0x45, 0x45, 0x04, 0x64, 0x73, 0x45, 0x45, 0x75, 0x49, 0x80, 0x73, 0x4D, 0x4C, 0x62, 0x63, 0x73,
  0x75, 0x5A, 0x09, 0x05, 0x00, 0x00, 0x00, 0x00, 0x00, 0x00, 0x00, 0x00, 0x00, 0x00, 0x00, 0x01,
  0x05, 0x09, 0x72, 0x73, 0x59, 0x64, 0x73, 0x0F, 0x72, 0x80, 0x80, 0x72, 0x59, 0x64, 0x80, 0x62,
  0x64, 0x49, 0x72, 0x4C, 0x8A, 0x4C, 0x0F, 0x64, 0x72, 0x80, 0x84, 0x62, 0x8A, 0x72, 0x64, 0x45,
  0x59, 0x62, 0x5A, 0x09, 0x05, 0x01, 0x00, 0x00, 0x00, 0x00, 0x00, 0x00, 0x00, 0x00, 0x00, 0x00,
  0x00, 0x00, 0x00, 0x00, 0x00, 0x00, 0x00, 0x00, 0x00, 0x00, 0x00, 0x00, 0x00, 0x00, 0x00, 0x00,
  0x00, 0x00, 0x00, 0x00, 0x00, 0x00, 0x00, 0x00, 0x00, 0x00, 0x00, 0x00, 0x00, 0x00, 0x00, 0x00,
  0x00, 0x00, 0x00, 0x00, 0x00, 0x00, 0x00, 0x00, 0x00, 0x00, 0x00, 0x00, 0x00, 0x00, 0x00, 0x00,
  0x00, 0x00, 0x00, 0x00, 0x00, 0x00, 0x00, 0x00, 0x00, 0x00, 0x00, 0x00, 0x00, 0x00, 0x00, 0x00,
  0x00, 0x00, 0x00, 0x00, 0x00, 0x00, 0x00, 0x00, 0x00, 0x00, 0x00, 0x00, 0x00, 0x00, 0x01, 0x05,
  0x00, 0x63, 0x45, 0x49, 0x73, 0x84, 0x80, 0x55, 0x59, 0x64, 0x56, 0x64, 0x73, 0x72, 0x45, 0x64,
  0x73, 0x55, 0x59, 0x68, 0x65, 0x45, 0x64, 0x62, 0x75, 0x0A, 0x02, 0x01, 0x00, 0x00, 0x00, 0x00,
  0x00, 0x00, 0x00, 0x00, 0x00, 0x00, 0x00, 0x01, 0x01, 0x02, 0x59, 0x94, 0x63, 0x73, 0x49, 0x80,
  0x84, 0x8A, 0x59, 0x73, 0x49, 0x59, 0x84, 0x80, 0x5A, 0x4C, 0x73, 0x49, 0x8A, 0x64, 0x0F, 0x63,
  0x73, 0x72, 0x72, 0x05, 0x59, 0x63, 0x49, 0x72, 0x64, 0x59, 0x80, 0x0A, 0x05, 0x01, 0x00, 0x00,
  0x00, 0x00, 0x00, 0x00, 0x00, 0x00, 0x00, 0x00, 0x00, 0x00, 0x00, 0x00, 0x00, 0x00, 0x00, 0x00,
  0x00, 0x00, 0x00, 0x00, 0x00, 0x00, 0x00, 0x00, 0x00, 0x00, 0x00, 0x00, 0x00, 0x00, 0x00, 0x00,
  0x00, 0x00, 0x00, 0x00, 0x00, 0x00, 0x00, 0x00, 0x00, 0x00, 0x00, 0x00, 0x00, 0x00, 0x00, 0x00,
  0x00, 0x00, 0x00, 0x00, 0x00, 0x00, 0x00, 0x00, 0x00, 0x00, 0x00, 0x00, 0x00, 0x00, 0x00, 0x00,
  0x00, 0x00, 0x00, 0x00, 0x00, 0x00, 0x00, 0x00, 0x00, 0x00, 0x00, 0x00, 0x00, 0x00, 0x00, 0x00,
  0x00, 0x00, 0x00, 0x00, 0x00, 0x00, 0x01, 0x05, 0x00, 0x05, 0x82, 0x01, 0x05, 0x05, 0x02, 0x0F,
  0x01, 0x0A, 0x94, 0x02, 0x01, 0x02, 0x0F, 0x02, 0x01, 0x82, 0x01, 0x00, 0x05, 0x82, 0x4D, 0x73,
  0x64, 0x4D, 0x01, 0x00, 0x00, 0x00, 0x00, 0x00, 0x00, 0x00, 0x00, 0x00, 0x00, 0x00, 0x00, 0x01,
  0x05, 0x02, 0x80, 0x0F, 0x84, 0x94, 0x0F, 0x62, 0x8A, 0x82, 0x80, 0x02, 0x8A, 0x84, 0x59, 0x04,
  0x8A, 0x5A, 0x80, 0x84, 0x94, 0x80, 0x82, 0x62, 0x09, 0x84, 0x72, 0x64, 0x84, 0x02, 0x62, 0x84,
  0x05, 0x64, 0x82, 0x00, 0x01, 0x01, 0x00, 0x00, 0x00, 0x00, 0x00, 0x00, 0x00, 0x00, 0x00, 0x00,
  0x00, 0x00, 0x00, 0x00, 0x00, 0x00, 0x00, 0x00, 0x00, 0x00, 0x00, 0x00, 0x00, 0x00, 0x00, 0x00,
  0x00, 0x00, 0x00, 0x00, 0x00, 0x00, 0x00, 0x00, 0x00, 0x00, 0x00, 0x00, 0x00, 0x00, 0x00, 0x00,
  0x00, 0x00, 0x00, 0x00, 0x00, 0x00, 0x00, 0x00, 0x00, 0x00, 0x00, 0x00, 0x00, 0x00, 0x00, 0x00,
  0x00, 0x00, 0x00, 0x00, 0x00, 0x00, 0x00, 0x00, 0x00, 0x00, 0x00, 0x00, 0x00, 0x00, 0x00, 0x00,
  0x00, 0x00, 0x00, 0x00, 0x00, 0x00, 0x00, 0x00, 0x00, 0x00, 0x00, 0x00, 0x00, 0x00, 0x01, 0x01,
  0x05, 0x00, 0x0A, 0x00, 0x01, 0x01, 0x05, 0x02, 0x00, 0x00, 0x02, 0x01, 0x00, 0x01, 0x02, 0x01,
  0x00, 0x02, 0x00, 0x01, 0x00, 0x02, 0x01, 0x62, 0x01, 0x00, 0x00, 0x00, 0x00, 0x00, 0x00, 0x00,
  0x00, 0x00, 0x00, 0x00, 0x00, 0x00, 0x00, 0x00, 0x00, 0x01, 0x02, 0x00, 0x09, 0x05, 0x01, 0x01,
  0x02, 0x01, 0x02, 0x0F, 0x09, 0x09, 0x02, 0x00, 0x02, 0x0A, 0x02, 0x02, 0x01, 0x02, 0x02, 0x00,
  0x05, 0x02, 0x09, 0x02, 0x0A, 0x00, 0x00, 0x09, 0x00, 0x0A, 0x00, 0x05, 0x01, 0x01, 0x00, 0x00,
  0x00, 0x00, 0x00, 0x00, 0x00, 0x00, 0x00, 0x00, 0x00, 0x00, 0x00, 0x00, 0x00, 0x00, 0x00, 0x00,
  0x00, 0x00, 0x00, 0x00, 0x00, 0x00, 0x00, 0x00, 0x00, 0x00, 0x00, 0x00, 0x00, 0x00, 0x00, 0x00,
  0x00, 0x00, 0x00, 0x00, 0x00, 0x00, 0x00, 0x00, 0x00, 0x00, 0x00, 0x00, 0x00, 0x00, 0x00, 0x00,
  0x00, 0x00, 0x00, 0x00, 0x00, 0x00, 0x00, 0x00, 0x00, 0x00, 0x00, 0x00, 0x00, 0x00, 0x00, 0x00,
  0x00, 0x00, 0x00, 0x00, 0x00, 0x00, 0x00, 0x00, 0x00, 0x00, 0x00, 0x00, 0x00, 0x00, 0x00, 0x00,
  0x00, 0x00, 0x00, 0x00, 0x00, 0x00, 0x01, 0x01, 0x01, 0x05, 0x05, 0x01, 0x05, 0x05, 0x05, 0x01,
  0x01, 0x01, 0x02, 0x05, 0x01, 0x05, 0x05, 0x05, 0x05, 0x05, 0x05, 0x01, 0x05, 0x09, 0x01, 0x09,
  0x00, 0x05, 0x01, 0x01, 0x01, 0x00, 0x00, 0x00, 0x00, 0x00, 0x00, 0x00, 0x00, 0x00, 0x00, 0x01,
  0x01, 0x00, 0x00, 0x05, 0x01, 0x05, 0x05, 0x01, 0x01, 0x01, 0x05, 0x02, 0x02, 0x00, 0x00, 0x02,
  0x05, 0x00, 0x02, 0x05, 0x02, 0x01, 0x05, 0x02, 0x01, 0x01, 0x05, 0x05, 0x00, 0x00, 0x05, 0x01,
  0x01, 0x01, 0x00, 0x01, 0x01, 0x01, 0x00, 0x00, 0x00, 0x00, 0x00, 0x00, 0x00, 0x00, 0x00, 0x00,
  0x00, 0x00, 0x00, 0x00, 0x00, 0x00, 0x00, 0x00, 0x00, 0x00, 0x00, 0x00, 0x00, 0x00, 0x00, 0x00,
  0x00, 0x00, 0x00, 0x00, 0x00, 0x00, 0x00, 0x00, 0x00, 0x00, 0x00, 0x00, 0x00, 0x00, 0x00, 0x00,
  0x00, 0x00, 0x00, 0x00, 0x00, 0x00, 0x00, 0x00, 0x00, 0x00, 0x00, 0x00, 0x00, 0x00, 0x00, 0x00,
  0x00, 0x00, 0x00, 0x00, 0x00, 0x00, 0x00, 0x00, 0x00, 0x00, 0x00, 0x00, 0x00, 0x00, 0x00, 0x00,
  0x00, 0x00, 0x00, 0x00, 0x00, 0x00, 0x00, 0x00, 0x00, 0x00, 0x00, 0x00, 0x00, 0x00, 0x01, 0x00,
  0x00, 0x09, 0x09, 0x0A, 0x09, 0x02, 0x4D, 0x02, 0x0A, 0x0A, 0x5A, 0x09, 0x00, 0x0A, 0x09, 0x09,
  0x02, 0x09, 0x0A, 0x02, 0x09, 0x84, 0x02, 0x5A, 0x0F, 0x4D, 0x09, 0x01, 0x09, 0x01, 0x01, 0x00,
  0x00, 0x00, 0x00, 0x00, 0x00, 0x00, 0x00, 0x01, 0x05, 0x02, 0x5A, 0x73, 0x84, 0x49, 0x59, 0x5A,
  0x8A, 0x63, 0x72, 0x84, 0x64, 0x72, 0x80, 0x04, 0x72, 0x59, 0x84, 0x0F, 0x59, 0x73, 0x59, 0x64,
  0x94, 0x8A, 0x62, 0x0A, 0x05, 0x01, 0x00, 0x01, 0x00, 0x00, 0x01, 0x00, 0x00, 0x00, 0x00, 0x00,
  0x00, 0x00, 0x00, 0x00, 0x00, 0x00, 0x00, 0x00, 0x00, 0x00, 0x00, 0x00, 0x00, 0x00, 0x00, 0x00,
  0x00, 0x00, 0x00, 0x00, 0x00, 0x00, 0x00, 0x00, 0x00, 0x00, 0x00, 0x00, 0x00, 0x00, 0x00, 0x00,
  0x00, 0x00, 0x00, 0x00, 0x00, 0x00, 0x00, 0x00, 0x00, 0x00, 0x00, 0x00, 0x00, 0x00, 0x00, 0x00,
  0x00, 0x00, 0x00, 0x00, 0x00, 0x00, 0x00, 0x00, 0x00, 0x00, 0x00, 0x00, 0x00, 0x00, 0x00, 0x00,
  0x00, 0x00, 0x00, 0x00, 0x00, 0x00, 0x00, 0x00, 0x00, 0x00, 0x00, 0x00, 0x00, 0x00, 0x00, 0x00,
  0x00, 0x00, 0x00, 0x00, 0x00, 0x00, 0x01, 0x00, 0x00, 0x59, 0x49, 0x80, 0x73, 0x80, 0x63, 0x84,
  0x62, 0x4C, 0x45, 0x80, 0x82, 0x62, 0x64, 0x63, 0x82, 0x72, 0x84, 0x8A, 0x49, 0x45, 0x68, 0x73,
  0x55, 0x84, 0x84, 0x0F, 0x84, 0x05, 0x00, 0x00, 0x00, 0x00, 0x00, 0x00, 0x00, 0x00, 0x00, 0x00,
  0x01, 0x0A, 0x72, 0x80, 0x62, 0x64, 0x5A, 0x64, 0x80, 0x4C, 0x82, 0x49, 0x4C, 0x62, 0x64, 0x80,
  0x64, 0x5A, 0x72, 0x82, 0x4C, 0x73, 0x5A, 0x4C, 0x82, 0x5A, 0x80, 0x09, 0x05, 0x01, 0x00, 0x00,
  0x00, 0x00, 0x00, 0x00, 0x00, 0x00, 0x00, 0x00, 0x00, 0x00, 0x00, 0x00, 0x00, 0x00, 0x00, 0x00,
  0x00, 0x00, 0x00, 0x00, 0x00, 0x00, 0x00, 0x00, 0x00, 0x00, 0x00, 0x00, 0x00, 0x00, 0x00, 0x00,
  0x00, 0x00, 0x00, 0x00, 0x00, 0x00, 0x00, 0x00, 0x00, 0x00, 0x00, 0x00, 0x00, 0x00, 0x00, 0x00,
  0x00, 0x00, 0x00, 0x00, 0x00, 0x00, 0x00, 0x00, 0x00, 0x00, 0x00, 0x00, 0x00, 0x00, 0x00, 0x00,
  0x00, 0x00, 0x00, 0x00, 0x00, 0x00, 0x00, 0x00, 0x00, 0x00, 0x00, 0x00, 0x00, 0x00, 0x00, 0x00,
  0x00, 0x00, 0x00, 0x00, 0x00, 0x00, 0x00, 0x00, 0x00, 0x00, 0x00, 0x00, 0x00, 0x00, 0x01, 0x02,
  0x0F, 0x45, 0x5A, 0x55, 0x73, 0x73, 0x59, 0x49, 0x55, 0x5A, 0x56, 0x73, 0x05, 0x65, 0x49, 0x82,
  0x49, 0x75, 0x55, 0x55, 0x84, 0x4C, 0x4D, 0x72, 0x59, 0x73, 0x49, 0x49, 0x63, 0x02, 0x05, 0x00,
  0x00, 0x00, 0x00, 0x00, 0x00, 0x00, 0x00, 0x00, 0x01, 0x0A, 0x8A, 0x72, 0x05, 0x84, 0x80, 0x84,
  0x80, 0x49, 0x94, 0x63, 0x49, 0x82, 0x84, 0x80, 0x64, 0x64, 0x49, 0x73, 0x49, 0x4C, 0x63, 0x63,
  0x82, 0x80, 0x80, 0x09, 0x05, 0x01, 0x00, 0x00, 0x00, 0x00, 0x00, 0x00, 0x00, 0x00, 0x00, 0x00,
  0x00, 0x00, 0x00, 0x00, 0x00, 0x00, 0x00, 0x00, 0x00, 0x00, 0x00, 0x00, 0x00, 0x00, 0x00, 0x00,
  0x00, 0x00, 0x00, 0x00, 0x00, 0x00, 0x00, 0x00, 0x00, 0x00, 0x00, 0x00, 0x00, 0x00, 0x00, 0x00,
  0x00, 0x00, 0x00, 0x00, 0x00, 0x00, 0x00, 0x00, 0x00, 0x00, 0x00, 0x00, 0x00, 0x00, 0x00, 0x00,
  0x00, 0x00, 0x00, 0x00, 0x00, 0x00, 0x00, 0x00, 0x00, 0x00, 0x00, 0x00, 0x00, 0x00, 0x00, 0x00,
  0x00, 0x00, 0x00, 0x00, 0x00, 0x00, 0x00, 0x00, 0x00, 0x00, 0x00, 0x00, 0x00, 0x00, 0x00, 0x00,
  0x00, 0x00, 0x00, 0x00, 0x00, 0x00, 0x00, 0x01, 0x05, 0x45, 0x72, 0x45, 0x64, 0x64, 0x49, 0x49,
  0x4C, 0x72, 0x65, 0x49, 0x49, 0x4C, 0x4C, 0x64, 0x72, 0x4A, 0x4C, 0x4C, 0x72, 0x45, 0x4D, 0x73,
  0x49, 0x49, 0x94, 0x5B, 0x5A, 0x09, 0x05, 0x00, 0x00, 0x00, 0x00, 0x00, 0x00, 0x00, 0x00, 0x01,
  0x02, 0x01, 0x80, 0x5A, 0x64, 0x84, 0x5A, 0x64, 0x80, 0x4C, 0x94, 0x49, 0x4C, 0x82, 0x64, 0x5A,
  0x84, 0x64, 0x73, 0x82, 0x4C, 0x72, 0x94, 0x65, 0x0F, 0x80, 0x80, 0x09, 0x05, 0x01, 0x00, 0x00,
  0x00, 0x00, 0x00, 0x00, 0x00, 0x00, 0x00, 0x00, 0x00, 0x00, 0x00, 0x00, 0x00, 0x00, 0x00, 0x00,
  0x00, 0x00, 0x00, 0x00, 0x00, 0x00, 0x00, 0x00, 0x00, 0x00, 0x00, 0x00, 0x00, 0x00, 0x00, 0x00,
  0x00, 0x00, 0x00, 0x00, 0x00, 0x00, 0x00, 0x00, 0x00, 0x00, 0x00, 0x00, 0x00, 0x00, 0x00, 0x00,
  0x00, 0x00, 0x00, 0x00, 0x00, 0x00, 0x00, 0x00, 0x00, 0x00, 0x00, 0x00, 0x00, 0x00, 0x00, 0x00,
  0x00, 0x00, 0x00, 0x00, 0x00, 0x00, 0x00, 0x00, 0x00, 0x00, 0x00, 0x00, 0x00, 0x00, 0x00, 0x00,
  0x00, 0x00, 0x00, 0x00, 0x00, 0x00, 0x00, 0x00, 0x00, 0x00, 0x00, 0x00, 0x00, 0x00, 0x00, 0x01,
  0x0F, 0x55, 0x59, 0x82, 0x82, 0x02, 0x64, 0x62, 0x94, 0x59, 0x62, 0x82, 0x59, 0x82, 0x62, 0x64,
  0x05, 0x84, 0x62, 0x94, 0x59, 0x5A, 0x02, 0x82, 0x59, 0x80, 0x8A, 0x65, 0x00, 0x00, 0x00, 0x00,
  0x00, 0x00, 0x00, 0x00, 0x00, 0x00, 0x00, 0x01, 0x01, 0x0A, 0x84, 0x63, 0x62, 0x5A, 0x82, 0x64,
  0x59, 0x59, 0x72, 0x64, 0x59, 0x72, 0x84, 0x0F, 0x72, 0x59, 0x84, 0x94, 0x59, 0x63, 0x59, 0x59,
  0x72, 0x64, 0x62, 0x0A, 0x01, 0x01, 0x00, 0x00, 0x00, 0x00, 0x00, 0x00, 0x00, 0x00, 0x00, 0x00,
  0x00, 0x00, 0x00, 0x00, 0x00, 0x00, 0x00, 0x00, 0x00, 0x00, 0x00, 0x00, 0x00, 0x00, 0x00, 0x00,
  0x00, 0x00, 0x00, 0x00, 0x00, 0x00, 0x00, 0x00, 0x00, 0x00, 0x00, 0x00, 0x00, 0x00, 0x00, 0x00,
  0x00, 0x00, 0x00, 0x00, 0x00, 0x00, 0x00, 0x00, 0x00, 0x00, 0x00, 0x00, 0x00, 0x00, 0x00, 0x00,
  0x00, 0x00, 0x00, 0x00, 0x00, 0x00, 0x00, 0x00, 0x00, 0x00, 0x00, 0x00, 0x00, 0x00, 0x00, 0x00,
  0x00, 0x00, 0x00, 0x00, 0x00, 0x00, 0x00, 0x00, 0x00, 0x00, 0x00, 0x00, 0x00, 0x00, 0x00, 0x00,
  0x00, 0x00, 0x00, 0x00, 0x00, 0x00, 0x00, 0x01, 0x05, 0x5A, 0x4D, 0x02, 0x00, 0x00, 0x09, 0x02,
  0x02, 0x68, 0x0A, 0x0A, 0x4D, 0x02, 0x09, 0x09, 0x02, 0x09, 0x0A, 0x00, 0x4D, 0x0A, 0x05, 0x02,
  0x09, 0x09, 0x5A, 0x5A, 0x09, 0x05, 0x01, 0x00, 0x00, 0x00, 0x00, 0x00, 0x00, 0x00, 0x00, 0x01,
  0x01, 0x01, 0x02, 0x0F, 0x02, 0x05, 0x02, 0x05, 0x05, 0x00, 0x0F, 0x02, 0x02, 0x0F, 0x00, 0x02,
  0x0F, 0x0F, 0x02, 0x00, 0x02, 0x05, 0x0F, 0x02, 0x94, 0x05, 0x00, 0x01, 0x01, 0x01, 0x00, 0x00,
  0x00, 0x00, 0x00, 0x00, 0x00, 0x00, 0x00, 0x00, 0x00, 0x00, 0x00, 0x00, 0x00, 0x00, 0x00, 0x00,
  0x00, 0x00, 0x00, 0x00, 0x00, 0x00, 0x00, 0x00, 0x00, 0x00, 0x00, 0x00, 0x00, 0x00, 0x00, 0x00,
  0x00, 0x00, 0x00, 0x00, 0x00, 0x00, 0x00, 0x00, 0x00, 0x00, 0x00, 0x00, 0x00, 0x00, 0x00, 0x00,
  0x00, 0x00, 0x00, 0x00, 0x00, 0x00, 0x00, 0x00, 0x00, 0x00, 0x00, 0x00, 0x00, 0x00, 0x00, 0x00,
  0x00, 0x00, 0x00, 0x00, 0x00, 0x00, 0x00, 0x00, 0x00, 0x00, 0x00, 0x00, 0x00, 0x00, 0x00, 0x00,
  0x00, 0x00, 0x00, 0x00, 0x00, 0x00, 0x00, 0x00, 0x00, 0x00, 0x00, 0x00, 0x00, 0x00, 0x00, 0x01,
  0x00, 0x09, 0x01, 0x01, 0x01, 0x00, 0x01, 0x01, 0x01, 0x05, 0x01, 0x00, 0x05, 0x01, 0x01, 0x05,
  0x00, 0x01, 0x01, 0x00, 0x05, 0x01, 0x00, 0x01, 0x05, 0x01, 0x09, 0x0A, 0x01, 0x00, 0x00, 0x00,
  0x00, 0x00, 0x00, 0x00, 0x00, 0x00, 0x00, 0x01, 0x01, 0x01, 0x01, 0x00, 0x01, 0x01, 0x01, 0x00,
  0x00, 0x01, 0x02, 0x01, 0x01, 0x02, 0x00, 0x01, 0x02, 0x00, 0x01, 0x00, 0x01, 0x01, 0x01, 0x01,
  0x02, 0x02, 0x00, 0x00, 0x00, 0x00, 0x00, 0x00, 0x00, 0x00, 0x00, 0x00, 0x00, 0x00, 0x00, 0x00,
  0x00, 0x00, 0x00, 0x00, 0x00, 0x00, 0x00, 0x00, 0x00, 0x00, 0x00, 0x00, 0x00, 0x00, 0x00, 0x00,
  0x00, 0x00, 0x00, 0x00, 0x00, 0x00, 0x00, 0x00, 0x00, 0x00, 0x00, 0x00, 0x00, 0x00, 0x00, 0x00,
  0x00, 0x00, 0x00, 0x00, 0x00, 0x00, 0x00, 0x00, 0x00, 0x00, 0x00, 0x00, 0x00, 0x00, 0x00, 0x00,
  0x00, 0x00, 0x00, 0x00, 0x00, 0x00, 0x00, 0x00, 0x00, 0x00, 0x00, 0x00, 0x00, 0x00, 0x00, 0x00,
  0x00, 0x00, 0x00, 0x00, 0x00, 0x00, 0x00, 0x00, 0x00, 0x00, 0x00, 0x00, 0x00, 0x00, 0x00, 0x00,
  0x00, 0x00, 0x00, 0x00, 0x00, 0x00, 0x00, 0x00, 0x00, 0x01, 0x00, 0x00, 0x00, 0x00, 0x00, 0x00,
  0x00, 0x00, 0x00, 0x00, 0x00, 0x00, 0x00, 0x00, 0x00, 0x00, 0x00, 0x00, 0x00, 0x00, 0x00, 0x00,
  0x00, 0x00, 0x01, 0x01, 0x00, 0x00, 0x00, 0x00, 0x00, 0x00, 0x00, 0x00, 0x00, 0x00, 0x00, 0x01,
  0x01, 0x01, 0x01, 0x01, 0x01, 0x01, 0x00, 0x00, 0x00, 0x00, 0x00, 0x00, 0x00, 0x00, 0x00, 0x00,
  0x00, 0x00, 0x00, 0x00, 0x01, 0x01, 0x01, 0x01, 0x00, 0x00, 0x00, 0x00, 0x00, 0x00, 0x00, 0x00,
  0x00, 0x00, 0x00, 0x00, 0x00, 0x00, 0x00, 0x00, 0x00, 0x00, 0x00, 0x00, 0x00, 0x00, 0x00, 0x00,
  0x00, 0x00, 0x00, 0x00, 0x00, 0x00, 0x00, 0x00, 0x00, 0x00, 0x00, 0x00, 0x00, 0x00, 0x00, 0x00,
  0x00, 0x00, 0x00, 0x00, 0x00, 0x00, 0x00, 0x00, 0x00, 0x00, 0x00, 0x00, 0x00, 0x00, 0x00, 0x00,
  0x00, 0x00, 0x00, 0x00, 0x00, 0x00, 0x00, 0x00, 0x00, 0x00, 0x00, 0x00, 0x00, 0x00, 0x00, 0x00,
  0x00, 0x00, 0x00, 0x00, 0x00, 0x00, 0x00, 0x00, 0x00, 0x00, 0x00, 0x00, 0x00, 0x00, 0x00, 0x00,
  0x00, 0x00, 0x00, 0x00, 0x00, 0x00, 0x00, 0x00, 0x00, 0x00, 0x00, 0x00, 0x00, 0x00, 0x00, 0x00,
  0x00, 0x00, 0x00, 0x00, 0x00, 0x00, 0x00, 0x00, 0x00, 0x00, 0x00, 0x00, 0x00, 0x00, 0x00, 0x00,
  0x00, 0x00, 0x00, 0x00, 0x00, 0x00, 0x00, 0x00, 0x00, 0x00, 0x00, 0x00, 0x00, 0x00, 0x00, 0x00,
  0x00, 0x00, 0x00, 0x00, 0x00, 0x00, 0x00, 0x01, 0x01, 0x01, 0x01, 0x01, 0x01, 0x01, 0x00, 0x00,
  0x00, 0x00, 0x00, 0x00, 0x00, 0x00, 0x00, 0x00, 0x00, 0x00, 0x00, 0x00, 0x01, 0x01, 0x01, 0x01,
  0x00, 0x00, 0x00, 0x00, 0x00, 0x00, 0x00, 0x00, 0x00, 0x00, 0x00, 0x00, 0x00, 0x00, 0x00, 0x00,
  0x00, 0x00, 0x00, 0x00, 0x00, 0x00, 0x00, 0x00, 0x00, 0x00, 0x00, 0x00, 0x00, 0x00, 0x00, 0x00,
  0x00, 0x00, 0x00, 0x00, 0x00, 0x00, 0x00, 0x00, 0x00, 0x00, 0x00, 0x00, 0x00, 0x00, 0x00, 0x00,
  0x00, 0x00, 0x00, 0x00, 0x00, 0x00, 0x00, 0x00, 0x00, 0x00, 0x00, 0x00, 0x00, 0x00, 0x00, 0x00,
  0x00, 0x00, 0x00, 0x00, 0x00, 0x00, 0x00, 0x00, 0x00, 0x00, 0x00, 0x00, 0x00, 0x00, 0x00, 0x00,
  0x00, 0x00, 0x00, 0x00, 0x00, 0x00, 0x00, 0x00, 0x00, 0x00, 0x00, 0x00, 0x00, 0x00, 0x00, 0x00,
  0x00, 0x00, 0x00, 0x00, 0x00, 0x00, 0x00, 0x00, 0x00, 0x00, 0x00, 0x00, 0x00, 0x00, 0x00, 0x00,
  0x00, 0x00, 0x00, 0x00, 0x00, 0x00, 0x00, 0x00, 0x00, 0x00, 0x00, 0x00, 0x00, 0x00, 0x00, 0x00,
  0x00, 0x00, 0x00, 0x00, 0x00, 0x00, 0x00, 0x00, 0x00, 0x00, 0x00, 0x00, 0x00, 0x00, 0x00, 0x00,
  0x00, 0x00, 0x00, 0x00, 0x00, 0x00, 0x00, 0x00, 0x00, 0x00, 0x00, 0x00, 0x00, 0x00, 0x00, 0x00,
  0x00, 0x00, 0x00, 0x00, 0x00, 0x00, 0x00, 0x00, 0x00, 0x00, 0x00, 0x00, 0x00, 0x00, 0x00, 0x00,
  0x00, 0x00, 0x00, 0x00, 0x00, 0x00, 0x00, 0x00, 0x00, 0x00, 0x00, 0x00, 0x00, 0x00, 0x00, 0x00,
  0x00, 0x00, 0x00, 0x00, 0x00, 0x00, 0x00, 0x00, 0x00, 0x00, 0x00, 0x00, 0x00, 0x00, 0x00, 0x00,
  0x00, 0x00, 0x00, 0x00, 0x00, 0x00, 0x00, 0x00, 0x00, 0x00, 0x00, 0x00, 0x00, 0x00, 0x00, 0x00,
  0x00, 0x00, 0x00, 0x00, 0x00, 0x00, 0x00, 0x00, 0x00, 0x00, 0x00, 0x00, 0x00, 0x00, 0x00, 0x00,
  0x00, 0x00, 0x00, 0x00, 0x00, 0x00, 0x00, 0x00, 0x00, 0x00, 0x00, 0x00, 0x00, 0x00, 0x00, 0x00,
  0x00, 0x00, 0x00, 0x00, 0x00, 0x00, 0x00, 0x00, 0x00, 0x00, 0x00, 0x00, 0x00, 0x00, 0x00, 0x00,
  0x00, 0x00, 0x00, 0x00, 0x00, 0x00, 0x00, 0x00, 0x00, 0x00, 0x00, 0x00, 0x00, 0x00, 0x00, 0x00,
  0x00, 0x00, 0x00, 0x00, 0x00, 0x00, 0x00, 0x00, 0x00, 0x00, 0x00, 0x00, 0x00, 0x00, 0x00, 0x00,
  0x00, 0x00, 0x00, 0x00, 0x00, 0x00, 0x00, 0x00, 0x00, 0x00, 0x00, 0x00, 0x00, 0x00, 0x00, 0x00,
  0x00, 0x00, 0x00, 0x00, 0x00, 0x00, 0x00, 0x00, 0x00, 0x00, 0x00, 0x00, 0x00, 0x00, 0x00, 0x00,
  0x00, 0x00, 0x00, 0x00, 0x00, 0x00, 0x00, 0x00, 0x00, 0x00, 0x00, 0x00, 0x00, 0x00, 0x00, 0x00,
  0x00, 0x00, 0x00, 0x00, 0x00, 0x00, 0x00, 0x00, 0x00, 0x00, 0x00, 0x00, 0x00, 0x00, 0x00, 0x00,
  0x00, 0x00, 0x00, 0x00, 0x00, 0x00, 0x00, 0x00, 0x00, 0x00, 0x00, 0x00, 0x00, 0x00, 0x00, 0x00,
  0x00, 0x00, 0x00, 0x00, 0x00, 0x00, 0x00, 0x00, 0x00, 0x00, 0x00, 0x00, 0x00, 0x00, 0x00, 0x00,
  0x00, 0x00, 0x00, 0x00, 0x00, 0x00, 0x00, 0x00, 0x00, 0x00, 0x00, 0x00, 0x00, 0x00, 0x00, 0x00,
  0x00, 0x00, 0x00, 0x00, 0x00, 0x00, 0x00, 0x00, 0x00, 0x00, 0x00, 0x00, 0x00, 0x00, 0x00, 0x00,
  0x00, 0x00, 0x00, 0x00, 0x00, 0x00, 0x00, 0x00, 0x00, 0x00, 0x00, 0x00, 0x00, 0x00, 0x00, 0x00,
  0x00, 0x00, 0x00, 0x00, 0x00, 0x00, 0x00, 0x00, 0x00, 0x00, 0x00, 0x00, 0x00, 0x00, 0x00, 0x00,
  0x00, 0x00, 0x00, 0x00, 0x00, 0x00, 0x00, 0x00, 0x00, 0x00, 0x00, 0x00, 0x00, 0x00, 0x00, 0x00,
  0x00, 0x00, 0x00, 0x00, 0x00, 0x00, 0x00, 0x01, 0x00, 0x00, 0x00, 0x00, 0x00, 0x00, 0x00, 0x00,
  0x00, 0x00, 0x01, 0x01, 0x00, 0x00, 0x00, 0x00, 0x01, 0x01, 0x00, 0x00, 0x00, 0x00, 0x00, 0x00,
  0x00, 0x00, 0x00, 0x00, 0x00, 0x00, 0x00, 0x00, 0x00, 0x00, 0x01, 0x00, 0x01, 0x00, 0x00, 0x00,
  0x00, 0x00, 0x00, 0x00, 0x00, 0x00, 0x00, 0x00, 0x00, 0x01, 0x00, 0x00, 0x00, 0x00, 0x00, 0x00,
  0x00, 0x00, 0x00, 0x00, 0x00, 0x00, 0x00, 0x00, 0x00, 0x00, 0x00, 0x00, 0x00, 0x00, 0x00, 0x00,
  0x00, 0x00, 0x00, 0x00, 0x00, 0x00, 0x00, 0x00, 0x00, 0x00, 0x00, 0x00, 0x00, 0x00, 0x00, 0x00,
  0x00, 0x00, 0x01, 0x00, 0x00, 0x00, 0x00, 0x00, 0x00, 0x00, 0x00, 0x00, 0x00, 0x00, 0x00, 0x00,
  0x00, 0x00, 0x00, 0x00, 0x00, 0x00, 0x00, 0x00, 0x00, 0x00, 0x00, 0x00, 0x00, 0x00, 0x00, 0x00,
  0x00, 0x00, 0x00, 0x00, 0x00, 0x00, 0x00, 0x00, 0x00, 0x00, 0x00, 0x00, 0x00, 0x00, 0x00, 0x00,
  0x00, 0x00, 0x00, 0x00, 0x00, 0x00, 0x00, 0x00, 0x00, 0x00, 0x00, 0x00, 0x00, 0x00, 0x00, 0x00,
  0x00, 0x00, 0x00, 0x00, 0x00, 0x00, 0x00, 0x01, 0x01, 0x01, 0x01, 0x01, 0x01, 0x01, 0x01, 0x00,
  0x05, 0x05, 0x05, 0x01, 0x00, 0x01, 0x01, 0x00, 0x01, 0x01, 0x01, 0x01, 0x00, 0x05, 0x01, 0x01,
  0x01, 0x01, 0x05, 0x01, 0x05, 0x01, 0x01, 0x01, 0x01, 0x01, 0x01, 0x01, 0x05, 0x01, 0x01, 0x01,
  0x01, 0x00, 0x05, 0x05, 0x01, 0x00, 0x05, 0x01, 0x01, 0x01, 0x01, 0x05, 0x05, 0x01, 0x01, 0x01,
  0x00, 0x05, 0x00, 0x01, 0x05, 0x05, 0x01, 0x01, 0x01, 0x05, 0x00, 0x01, 0x00, 0x00, 0x00, 0x01,
  0x05, 0x01, 0x01, 0x01, 0x05, 0x01, 0x01, 0x01, 0x01, 0x01, 0x00, 0x01, 0x05, 0x01, 0x01, 0x05,
  0x01, 0x00, 0x01, 0x01, 0x01, 0x01, 0x01, 0x01, 0x01, 0x01, 0x05, 0x00, 0x05, 0x01, 0x05, 0x01,
  0x00, 0x00, 0x00, 0x00, 0x00, 0x00, 0x00, 0x00, 0x00, 0x00, 0x00, 0x00, 0x00, 0x00, 0x00, 0x00,
  0x00, 0x00, 0x00, 0x00, 0x00, 0x00, 0x00, 0x00, 0x00, 0x00, 0x00, 0x01, 0x01, 0x00, 0x00, 0x00,
  0x00, 0x00, 0x00, 0x02, 0x00, 0x00, 0x00, 0x00, 0x00, 0x00, 0x00, 0x00, 0x00, 0x00, 0x00, 0x00,
  0x00, 0x00, 0x00, 0x00, 0x00, 0x00, 0x00, 0x00, 0x00, 0x00, 0x00, 0x00, 0x00, 0x00, 0x00, 0x01,
  0x01, 0x01, 0x00, 0x01, 0x05, 0x0A, 0x02, 0x09, 0x0A, 0x00, 0x02, 0x01, 0x00, 0x0A, 0x02, 0x01,
  0x00, 0x00, 0x00, 0x00, 0x01, 0x01, 0x09, 0x00, 0x02, 0x00, 0x02, 0x01, 0x02, 0x05, 0x01, 0x01,
  0x01, 0x01, 0x01, 0x0A, 0x02, 0x01, 0x00, 0x00, 0x00, 0x01, 0x00, 0x02, 0x02, 0x02, 0x09, 0x00,
  0x00, 0x01, 0x00, 0x0A, 0x09, 0x01, 0x00, 0x01, 0x00, 0x00, 0x02, 0x00, 0x00, 0x00, 0x01, 0x01,
  0x00, 0x09, 0x01, 0x01, 0x00, 0x00, 0x00, 0x00, 0x09, 0x00, 0x02, 0x00, 0x02, 0x01, 0x01, 0x01,
  0x01, 0x01, 0x01, 0x02, 0x0A, 0x01, 0x02, 0x00, 0x00, 0x01, 0x00, 0x01, 0x02, 0x00, 0x00, 0x01,
  0x01, 0x0A, 0x02, 0x02, 0x09, 0x02, 0x09, 0x02, 0x01, 0x00, 0x00, 0x00, 0x00, 0x00, 0x00, 0x00,
  0x00, 0x00, 0x00, 0x00, 0x00, 0x00, 0x00, 0x00, 0x00, 0x00, 0x00, 0x00, 0x00, 0x00, 0x00, 0x00,
  0x01, 0x01, 0x00, 0x0A, 0x02, 0x00, 0x02, 0x00, 0x00, 0x02, 0x00, 0x0F, 0x00, 0x00, 0x00, 0x00,
  0x00, 0x00, 0x00, 0x00, 0x00, 0x00, 0x00, 0x00, 0x00, 0x00, 0x00, 0x00, 0x00, 0x00, 0x00, 0x00,
  0x00, 0x00, 0x00, 0x00, 0x00, 0x00, 0x00, 0x01, 0x01, 0x01, 0x0F, 0x05, 0x05, 0x80, 0x94, 0x62,
  0x62, 0x0F, 0x94, 0x05, 0x0F, 0x62, 0x82, 0x00, 0x0F, 0x0F, 0x0F, 0x0F, 0x05, 0x82, 0x5A, 0x0F,
  0x94, 0x04, 0x94, 0x05, 0x94, 0x05, 0x01, 0x01, 0x01, 0x01, 0x05, 0x80, 0x82, 0x02, 0x94, 0x0F,
  0x0F, 0x05, 0x94, 0x62, 0x82, 0x62, 0x5A, 0x0F, 0x0F, 0x05, 0x05, 0x8A, 0x80, 0x05, 0x0F, 0x05,
  0x94, 0x05, 0x82, 0x05, 0x0F, 0x82, 0x05, 0x05, 0x82, 0x80, 0x02, 0x01, 0x01, 0x00, 0x02, 0x05,
  0x80, 0x05, 0x0F, 0x0F, 0x82, 0x0F, 0x05, 0x0F, 0x0F, 0x05, 0x02, 0x82, 0x80, 0x02, 0x94, 0x05,
  0x0F, 0x01, 0x0F, 0x04, 0x0F, 0x0F, 0x0F, 0x05, 0x05, 0x62, 0x8A, 0x8A, 0x5A, 0x82, 0x80, 0x82,
  0x02, 0x01, 0x00, 0x00, 0x00, 0x00, 0x00, 0x00, 0x00, 0x00, 0x00, 0x00, 0x00, 0x00, 0x00, 0x00,
  0x00, 0x00, 0x00, 0x00, 0x00, 0x00, 0x00, 0x01, 0x02, 0x00, 0x01, 0x5A, 0x80, 0x09, 0x0F, 0x02,
  0x04, 0x00, 0x94, 0x64, 0x02, 0x04, 0x09, 0x00, 0x05, 0x00, 0x05, 0x01, 0x01, 0x01, 0x00, 0x00,
  0x00, 0x00, 0x00, 0x00, 0x00, 0x00, 0x00, 0x00, 0x00, 0x00, 0x00, 0x00, 0x00, 0x00, 0x00, 0x01,
  0x05, 0x09, 0x49, 0x5A, 0x72, 0x59, 0x72, 0x73, 0x64, 0x73, 0x59, 0x84, 0x64, 0x72, 0x59, 0x94,
  0x64, 0x62, 0x62, 0x72, 0x84, 0x64, 0x72, 0x72, 0x72, 0x84, 0x64, 0x82, 0x45, 0x00, 0x01, 0x00,
  0x01, 0x0A, 0x80, 0x73, 0x59, 0x05, 0x4C, 0x80, 0x64, 0x84, 0x59, 0x59, 0x59, 0x59, 0x49, 0x02,
  0x4C, 0x80, 0x09, 0x72, 0x84, 0x00, 0x4C, 0x80, 0x49, 0x80, 0x4C, 0x64, 0x84, 0x56, 0x59, 0x84,
  0x73, 0x72, 0x80, 0x0A, 0x01, 0x01, 0x09, 0x84, 0x59, 0x73, 0x5A, 0x5A, 0x65, 0x73, 0x5A, 0x8A,
  0x4C, 0x8A, 0x02, 0x64, 0x73, 0x94, 0x73, 0x84, 0x5A, 0x64, 0x5A, 0x80, 0x4C, 0x5A, 0x73, 0x00,
  0x4C, 0x72, 0x59, 0x64, 0x49, 0x64, 0x72, 0x59, 0x05, 0x00, 0x01, 0x00, 0x00, 0x00, 0x00, 0x00,
  0x00, 0x00, 0x00, 0x00, 0x00, 0x00, 0x00, 0x00, 0x00, 0x00, 0x00, 0x00, 0x00, 0x00, 0x00, 0x00,
  0x02, 0x4C, 0x4C, 0x49, 0x4C, 0x72, 0x45, 0x72, 0x4C, 0x63, 0x49, 0x59, 0x65, 0x45, 0x84, 0x73,
  0x55, 0x84, 0x09, 0x05, 0x01, 0x01, 0x00, 0x00, 0x00, 0x00, 0x00, 0x00, 0x00, 0x00, 0x00, 0x00,
  0x00, 0x00, 0x00, 0x00, 0x00, 0x00, 0x00, 0x01, 0x05, 0x09, 0x63, 0x59, 0x49, 0x62, 0x64, 0x72,
  0x80, 0x73, 0x56, 0x64, 0x80, 0x5A, 0x5A, 0x62, 0x59, 0x64, 0x84, 0x59, 0x59, 0x64, 0x94, 0x72,
  0x4C, 0x49, 0x02, 0x80, 0x4C, 0x82, 0x00, 0x01, 0x05, 0x09, 0x80, 0x5A, 0x80, 0x5A, 0x63, 0x80,
  0x4C, 0x84, 0x84, 0x62, 0x84, 0x80, 0x5A, 0x02, 0x49, 0x64, 0x09, 0x59, 0x0F, 0x04, 0x49, 0x84,
  0x49, 0x59, 0x49, 0x49, 0x59, 0x4C, 0x49, 0x72, 0x72, 0x82, 0x62, 0x02, 0x01, 0x01, 0x0A, 0x64,
  0x0F, 0x64, 0x59, 0x64, 0x4C, 0x56, 0x64, 0x80, 0x49, 0x5A, 0x0A, 0x64, 0x82, 0x0F, 0x49, 0x84,
  0x72, 0x73, 0x4D, 0x84, 0x63, 0x84, 0x4C, 0x62, 0x75, 0x5A, 0x62, 0x80, 0x84, 0x84, 0x80, 0x84,
  0x0F, 0x00, 0x01, 0x00, 0x00, 0x00, 0x00, 0x00, 0x00, 0x00, 0x00, 0x00, 0x00, 0x00, 0x00, 0x00,
  0x00, 0x00, 0x00, 0x00, 0x00, 0x00, 0x00, 0x00, 0x05, 0x4C, 0x4C, 0x49, 0x59, 0x49, 0x8A, 0x45,
  0x59, 0x59, 0x84, 0x49, 0x4C, 0x8A, 0x45, 0x59, 0x84, 0x72, 0x09, 0x05, 0x01, 0x01, 0x00, 0x00,
  0x00, 0x00, 0x00, 0x00, 0x00, 0x00, 0x00, 0x00, 0x00, 0x00, 0x00, 0x00, 0x00, 0x00, 0x00, 0x01,
  0x01, 0x02, 0x64, 0x73, 0x4C, 0x62, 0x84, 0x4C, 0x72, 0x59, 0x75, 0x64, 0x80, 0x5A, 0x5A, 0x8A,
  0x72, 0x72, 0x59, 0x59, 0x59, 0x59, 0x82, 0x59, 0x45, 0x4C, 0x68, 0x64, 0x72, 0x84, 0x09, 0x05,
  0x01, 0x09, 0x80, 0x84, 0x5A, 0x64, 0x59, 0x64, 0x55, 0x84, 0x5A, 0x80, 0x84, 0x5A, 0x5A, 0x62,
  0x72, 0x59, 0x0A, 0x73, 0x84, 0x80, 0x72, 0x59, 0x59, 0x49, 0x49, 0x72, 0x49, 0x73, 0x59, 0x4C,
  0x59, 0x64, 0x5A, 0x09, 0x01, 0x01, 0x0A, 0x64, 0x05, 0x84, 0x63, 0x72, 0x4C, 0x72, 0x63, 0x64,
  0x59, 0x64, 0x09, 0x82, 0x64, 0x80, 0x59, 0x59, 0x4C, 0x63, 0x68, 0x59, 0x64, 0x59, 0x49, 0x72,
  0x4C, 0x84, 0x62, 0x5A, 0x84, 0x84, 0x80, 0x84, 0x0F, 0x00, 0x01, 0x00, 0x00, 0x00, 0x00, 0x00,
  0x00, 0x00, 0x00, 0x00, 0x00, 0x00, 0x00, 0x00, 0x00, 0x00, 0x00, 0x00, 0x00, 0x00, 0x00, 0x00,
  0x02, 0x63, 0x45, 0x72, 0x73, 0x73, 0x45, 0x49, 0x64, 0x64, 0x5A, 0x72, 0x73, 0x94, 0x73, 0x49,
  0x75, 0x59, 0x68, 0x05, 0x01, 0x01, 0x00, 0x00, 0x00, 0x00, 0x00, 0x00, 0x00, 0x00, 0x00, 0x00,
  0x00, 0x00, 0x00, 0x00, 0x00, 0x00, 0x00, 0x01, 0x00, 0x05, 0x64, 0x59, 0x55, 0x5A, 0x72, 0x59,
  0x82, 0x4C, 0x72, 0x64, 0x72, 0x84, 0x64, 0x62, 0x64, 0x94, 0x73, 0x73, 0x73, 0x49, 0x5A, 0x73,
  0x63, 0x64, 0x64, 0x72, 0x73, 0x72, 0x09, 0x05, 0x05, 0x09, 0x80, 0x64, 0x84, 0x63, 0x72, 0x49,
  0x59, 0x64, 0x72, 0x84, 0x64, 0x5A, 0x84, 0x84, 0x63, 0x49, 0x82, 0x64, 0x68, 0x64, 0x73, 0x49,
  0x59, 0x59, 0x75, 0x5A, 0x45, 0x4C, 0x84, 0x45, 0x72, 0x84, 0x5A, 0x09, 0x01, 0x01, 0x09, 0x64,
  0x5A, 0x49, 0x5A, 0x5A, 0x45, 0x84, 0x49, 0x49, 0x72, 0x63, 0x0F, 0x84, 0x84, 0x73, 0x72, 0x49,
  0x72, 0x64, 0x64, 0x73, 0x72, 0x49, 0x73, 0x65, 0x73, 0x59, 0x84, 0x5A, 0x84, 0x84, 0x64, 0x64,
  0x05, 0x00, 0x00, 0x00, 0x00, 0x00, 0x00, 0x00, 0x00, 0x00, 0x00, 0x00, 0x00, 0x00, 0x00, 0x00,
  0x00, 0x00, 0x00, 0x00, 0x00, 0x00, 0x00, 0x00, 0x02, 0x0F, 0x94, 0x09, 0x0F, 0x04, 0x94, 0x02,
  0x05, 0x04, 0x05, 0x04, 0x04, 0x02, 0x0F, 0x65, 0x55, 0x84, 0x09, 0x05, 0x01, 0x01, 0x00, 0x00,
  0x00, 0x00, 0x00, 0x00, 0x00, 0x00, 0x00, 0x00, 0x00, 0x00, 0x00, 0x00, 0x00, 0x00, 0x00, 0x01,
  0x01, 0x01, 0x62, 0x8A, 0x5A, 0x64, 0x84, 0x8A, 0x0F, 0x5A, 0x80, 0x0F, 0x80, 0x64, 0x84, 0x00,
  0x80, 0x94, 0x84, 0x00, 0x0F, 0x64, 0x64, 0x80, 0x84, 0x04, 0x84, 0x62, 0x09, 0x62, 0x05, 0x00,
  0x00, 0x02, 0x94, 0x72, 0x84, 0x80, 0x09, 0x80, 0x80, 0x0F, 0x5A, 0x64, 0x80, 0x94, 0x8A, 0x62,
  0x00, 0x8A, 0x94, 0x80, 0x01, 0x80, 0x00, 0x8A, 0x5A, 0x0F, 0x64, 0x94, 0x5A, 0x84, 0x82, 0x80,
  0x84, 0x59, 0x94, 0x00, 0x01, 0x01, 0x0A, 0x8A, 0x59, 0x80, 0x8A, 0x8A, 0x84, 0x8A, 0x62, 0x84,
  0x0A, 0x62, 0x05, 0x5A, 0x64, 0x80, 0x05, 0x82, 0x84, 0x00, 0x84, 0x8A, 0x02, 0x84, 0x62, 0x5A,
  0x62, 0x64, 0x64, 0x04, 0x62, 0x0F, 0x59, 0x5A, 0x02, 0x01, 0x00, 0x00, 0x00, 0x00, 0x00, 0x00,
  0x00, 0x00, 0x00, 0x00, 0x00, 0x00, 0x00, 0x00, 0x00, 0x00, 0x00, 0x00, 0x00, 0x00, 0x00, 0x00,
  0x01, 0x00, 0x00, 0x05, 0x02, 0x00, 0x00, 0x02, 0x00, 0x00, 0x00, 0x00, 0x00, 0x00, 0x0A, 0x82,
  0x62, 0x02, 0x05, 0x01, 0x01, 0x01, 0x00, 0x00, 0x00, 0x00, 0x00, 0x00, 0x00, 0x00, 0x00, 0x00,
  0x00, 0x00, 0x00, 0x00, 0x00, 0x00, 0x00, 0x01, 0x01, 0x01, 0x02, 0x02, 0x02, 0x09, 0x09, 0x02,
  0x02, 0x0A, 0x0A, 0x00, 0x09, 0x02, 0x09, 0x00, 0x02, 0x00, 0x0A, 0x00, 0x00, 0x09, 0x09, 0x0A,
  0x0A, 0x02, 0x0A, 0x0A, 0x05, 0x02, 0x01, 0x01, 0x00, 0x01, 0x00, 0x09, 0x0A, 0x02, 0x01, 0x02,
  0x02, 0x02, 0x09, 0x0A, 0x0A, 0x00, 0x02, 0x02, 0x05, 0x0A, 0x02, 0x02, 0x00, 0x0A, 0x00, 0x02,
  0x0A, 0x02, 0x09, 0x02, 0x09, 0x09, 0x02, 0x02, 0x0A, 0x09, 0x00, 0x05, 0x00, 0x00, 0x01, 0x02,
  0x09, 0x02, 0x00, 0x02, 0x0A, 0x02, 0x0A, 0x09, 0x00, 0x02, 0x00, 0x0A, 0x09, 0x0A, 0x05, 0x00,
  0x0A, 0x00, 0x09, 0x02, 0x05, 0x09, 0x02, 0x02, 0x02, 0x09, 0x0A, 0x00, 0x02, 0x01, 0x09, 0x02,
  0x01, 0x00, 0x01, 0x00, 0x00, 0x00, 0x00, 0x00, 0x00, 0x00, 0x00, 0x00, 0x00, 0x00, 0x00, 0x00,
  0x00, 0x00, 0x00, 0x00, 0x00, 0x00, 0x00, 0x00, 0x00, 0x01, 0x01, 0x00, 0x00, 0x00, 0x00, 0x00,
  0x00, 0x00, 0x00, 0x00, 0x00, 0x01, 0x05, 0x02, 0x0A, 0x01, 0x01, 0x00, 0x00, 0x00, 0x00, 0x00,
  0x00, 0x00, 0x00, 0x00, 0x00, 0x00, 0x00, 0x00, 0x00, 0x00, 0x00, 0x00, 0x00, 0x00, 0x00, 0x00,
  0x00, 0x00, 0x01, 0x00, 0x01, 0x01, 0x00, 0x01, 0x00, 0x01, 0x01, 0x01, 0x00, 0x01, 0x01, 0x01,
  0x01, 0x00, 0x01, 0x00, 0x00, 0x01, 0x01, 0x01, 0x00, 0x00, 0x00, 0x00, 0x00, 0x01, 0x00, 0x00,
  0x00, 0x00, 0x00, 0x01, 0x01, 0x01, 0x00, 0x01, 0x01, 0x00, 0x01, 0x01, 0x01, 0x00, 0x01, 0x01,
  0x00, 0x01, 0x00, 0x00, 0x00, 0x01, 0x00, 0x01, 0x00, 0x01, 0x01, 0x00, 0x01, 0x00, 0x00, 0x01,
  0x01, 0x01, 0x00, 0x00, 0x00, 0x00, 0x00, 0x01, 0x01, 0x01, 0x00, 0x01, 0x01, 0x00, 0x01, 0x01,
  0x00, 0x01, 0x00, 0x01, 0x01, 0x01, 0x00, 0x00, 0x01, 0x00, 0x01, 0x01, 0x00, 0x00, 0x01, 0x01,
  0x01, 0x01, 0x01, 0x01, 0x01, 0x00, 0x01, 0x01, 0x00, 0x00, 0x00, 0x00, 0x00, 0x00, 0x00, 0x00,
  0x00, 0x00, 0x00, 0x00, 0x00, 0x00, 0x00, 0x00, 0x00, 0x00, 0x00, 0x00, 0x00, 0x00, 0x00, 0x00,
  0x00, 0x00, 0x00, 0x00, 0x00, 0x00, 0x00, 0x00, 0x00, 0x00, 0x00, 0x00, 0x00, 0x01, 0x01, 0x05,
  0x05, 0x01, 0x01, 0x00, 0x00, 0x00, 0x00, 0x00, 0x00, 0x00, 0x00, 0x00, 0x00, 0x00, 0x00, 0x00,
  0x00, 0x00, 0x00, 0x00, 0x00, 0x00, 0x00, 0x00, 0x00, 0x00, 0x00, 0x00, 0x00, 0x00, 0x00, 0x00,
  0x00, 0x00, 0x00, 0x00, 0x00, 0x00, 0x00, 0x00, 0x00, 0x00, 0x00, 0x00, 0x00, 0x00, 0x00, 0x00,
  0x00, 0x00, 0x00, 0x00, 0x00, 0x00, 0x00, 0x00, 0x00, 0x00, 0x00, 0x00, 0x00, 0x00, 0x00, 0x00,
  0x00, 0x00, 0x00, 0x00, 0x00, 0x00, 0x00, 0x00, 0x00, 0x00, 0x00, 0x00, 0x00, 0x00, 0x00, 0x00,
  0x00, 0x00, 0x00, 0x00, 0x00, 0x00, 0x00, 0x00, 0x00, 0x00, 0x00, 0x00, 0x00, 0x00, 0x00, 0x00,
  0x00, 0x00, 0x00, 0x00, 0x00, 0x00, 0x00, 0x00, 0x00, 0x00, 0x00, 0x00, 0x00, 0x00, 0x00, 0x00,
  0x00, 0x00, 0x00, 0x00, 0x00, 0x00, 0x00, 0x00, 0x00, 0x00, 0x00, 0x00, 0x00, 0x00, 0x00, 0x00,
  0x00, 0x00, 0x00, 0x00, 0x00, 0x00, 0x00, 0x00, 0x00, 0x00, 0x00, 0x00, 0x00, 0x00, 0x00, 0x00,
  0x00, 0x00, 0x00, 0x00, 0x00, 0x00, 0x00, 0x00, 0x00, 0x00, 0x00, 0x00, 0x00, 0x00, 0x00, 0x00,
  0x00, 0x00, 0x00, 0x00, 0x00, 0x01, 0x01, 0x01, 0x01, 0x01, 0x01, 0x00, 0x00, 0x00, 0x00, 0x00,
  0x00, 0x00, 0x00, 0x00, 0x00, 0x00, 0x00, 0x00, 0x00, 0x00, 0x00, 0x00, 0x00, 0x00, 0x00, 0x00,
  0x00, 0x00, 0x00, 0x00, 0x00, 0x00, 0x00, 0x00, 0x00, 0x00, 0x00, 0x00, 0x00, 0x00, 0x00, 0x00,
  0x00, 0x00, 0x00, 0x00, 0x00, 0x00, 0x00, 0x00, 0x00, 0x00, 0x00, 0x00, 0x00, 0x00, 0x00, 0x00,
  0x00, 0x00, 0x00, 0x00, 0x00, 0x00, 0x00, 0x00, 0x00, 0x00, 0x00, 0x00, 0x00, 0x00, 0x00, 0x00,
  0x00, 0x00, 0x00, 0x00, 0x00, 0x00, 0x00, 0x00, 0x00, 0x00, 0x00, 0x00, 0x00, 0x00, 0x00, 0x00,
  0x00, 0x00, 0x00, 0x00, 0x00, 0x00, 0x00, 0x00, 0x00, 0x00, 0x00, 0x00, 0x00, 0x00, 0x00, 0x00,
  0x00, 0x00, 0x00, 0x00, 0x00, 0x00, 0x00, 0x00, 0x00, 0x00, 0x00, 0x00, 0x00, 0x00, 0x00, 0x00,
  0x00, 0x00, 0x00, 0x00, 0x00, 0x00, 0x00, 0x00, 0x00, 0x00, 0x00, 0x00, 0x00, 0x00, 0x00, 0x00,
  0x00, 0x00, 0x00, 0x00, 0x00, 0x00, 0x00, 0x00, 0x00, 0x00, 0x00, 0x00, 0x00, 0x00, 0x00, 0x00,
  0x00, 0x00, 0x00, 0x00, 0x00, 0x00, 0x00, 0x00, 0x00, 0x00, 0x00, 0x00, 0x00, 0x00, 0x00, 0x00,
  0x00, 0x00, 0x00, 0x00, 0x00, 0x00, 0x00, 0x00, 0x00, 0x00, 0x00, 0x00, 0x00, 0x00, 0x00, 0x00,
  0x00, 0x00, 0x00, 0x00, 0x00, 0x00, 0x00, 0x00, 0x00, 0x00, 0x00, 0x00, 0x00, 0x00, 0x00, 0x00,
  0x00, 0x00, 0x00, 0x00, 0x00, 0x00, 0x00, 0x00, 0x00, 0x00, 0x00, 0x00, 0x00, 0x00, 0x00, 0x00,
  0x00, 0x00, 0x00, 0x00, 0x00, 0x00, 0x00, 0x00, 0x00, 0x00, 0x00, 0x00, 0x00, 0x00, 0x00, 0x00,
  0x00, 0x00, 0x00, 0x00, 0x00, 0x00, 0x00, 0x00, 0x00, 0x00, 0x00, 0x00, 0x00, 0x00, 0x00, 0x00,
  0x00, 0x00, 0x00, 0x00, 0x00, 0x00, 0x00, 0x00, 0x00, 0x00, 0x00, 0x00, 0x00, 0x00, 0x00, 0x00,
  0x00, 0x00, 0x00, 0x00, 0x00, 0x00, 0x00, 0x00, 0x00, 0x00, 0x00, 0x00, 0x00, 0x00, 0x00, 0x00,
  0x00, 0x00, 0x00, 0x00, 0x00, 0x00, 0x00, 0x00, 0x00, 0x00, 0x00, 0x00, 0x00, 0x00, 0x00, 0x00,
  0x00, 0x00, 0x00, 0x00, 0x00, 0x00, 0x00, 0x00, 0x00, 0x00, 0x00, 0x00, 0x00, 0x00, 0x00, 0x00,
  0x00, 0x00, 0x00, 0x00, 0x00, 0x00, 0x00, 0x00, 0x00, 0x00, 0x00, 0x00, 0x00, 0x00, 0x00, 0x00,
  0x00, 0x00, 0x00, 0x00, 0x00, 0x00, 0x00, 0x00, 0x00, 0x00, 0x00, 0x00, 0x00, 0x00, 0x00, 0x00,
  0x00, 0x00, 0x00, 0x00, 0x00, 0x00, 0x00, 0x00, 0x00, 0x00, 0x00, 0x00, 0x00, 0x00, 0x00, 0x00,
  0x00, 0x00, 0x00, 0x00, 0x00, 0x00, 0x00, 0x00, 0x00, 0x00, 0x00, 0x00, 0x00, 0x00, 0x00, 0x00,
  0x00, 0x00, 0x00, 0x00, 0x00, 0x00, 0x00, 0x00, 0x00, 0x00, 0x00, 0x00, 0x00, 0x00, 0x00, 0x00,
  0x00, 0x00, 0x00, 0x00, 0x00, 0x00, 0x00, 0x00, 0x00, 0x00, 0x00, 0x00, 0x00, 0x00, 0x00, 0x00,
  0x00, 0x00, 0x00, 0x00, 0x00, 0x00, 0x00, 0x00, 0x00, 0x00, 0x00, 0x00, 0x00, 0x00, 0x00, 0x00,
  0x00, 0x00, 0x00, 0x00, 0x00, 0x00, 0x00, 0x00, 0x00, 0x00, 0x00, 0x00, 0x00, 0x00, 0x00, 0x00,
  0x00, 0x00, 0x00, 0x00, 0x00, 0x00, 0x00, 0x00, 0x00, 0x00, 0x00, 0x00, 0x00, 0x00, 0x00, 0x00,
  0x00, 0x00, 0x00, 0x00, 0x00, 0x00, 0x00, 0x00, 0x00, 0x00, 0x00, 0x00, 0x00, 0x00, 0x00, 0x00,
  0x00, 0x00, 0x00, 0x00, 0x00, 0x00, 0x00, 0x00, 0x00, 0x00, 0x00, 0x00, 0x00, 0x00, 0x00, 0x00,
  0x00, 0x00, 0x00, 0x00, 0x00, 0x00, 0x00, 0x00, 0x00, 0x00, 0x00, 0x00, 0x00, 0x00, 0x00, 0x00,
  0x00, 0x00, 0x00, 0x00, 0x00, 0x00, 0x00, 0x00, 0x00, 0x00, 0x00, 0x00, 0x00, 0x00, 0x00, 0x00,
  0x00, 0x00, 0x00, 0x00, 0x00, 0x00, 0x00, 0x00, 0x00, 0x00, 0x00, 0x00, 0x00, 0x00, 0x00, 0x00,
  0x00, 0x00, 0x00, 0x00, 0x00, 0x00, 0x00, 0x00, 0x00, 0x00, 0x00, 0x00, 0x00, 0x00, 0x00, 0x00,
  0x00, 0x00, 0x00, 0x00, 0x00, 0x00, 0x00, 0x00, 0x00, 0x00, 0x00, 0x00, 0x00, 0x00, 0x00, 0x00,
  0x00, 0x00, 0x00, 0x00, 0x00, 0x00, 0x00, 0x00, 0x00, 0x00, 0x00, 0x00, 0x00, 0x00, 0x00, 0x00,
  0x00, 0x00, 0x00, 0x00, 0x00, 0x00, 0x00, 0x00, 0x00, 0x00, 0x00, 0x00, 0x00, 0x00, 0x00, 0x00,
  0x00, 0x00, 0x00, 0x00, 0x00, 0x00, 0x00, 0x00, 0x00, 0x00, 0x00, 0x00, 0x00, 0x00, 0x00, 0x00,
  0x00, 0x00, 0x00, 0x00, 0x00, 0x00, 0x00, 0x00, 0x00, 0x00, 0x00, 0x00, 0x00, 0x00, 0x00, 0x00,
  0x00, 0x00, 0x00, 0x00, 0x00, 0x00, 0x00, 0x00, 0x00, 0x00, 0x00, 0x00, 0x00, 0x00, 0x00, 0x00,
  0x00, 0x00, 0x00, 0x00, 0x00, 0x00, 0x00, 0x00, 0x00, 0x00, 0x00, 0x00, 0x00, 0x00, 0x00, 0x00,
  0x00, 0x00, 0x00, 0x00, 0x00, 0x00, 0x00, 0x00, 0x00, 0x00, 0x00, 0x00, 0x00, 0x00, 0x00, 0x00,
  0x00, 0x00, 0x00, 0x00, 0x00, 0x00, 0x00, 0x00, 0x00, 0x00, 0x00, 0x00, 0x00, 0x00, 0x00, 0x00,
  0x00, 0x00, 0x00, 0x00, 0x00, 0x00, 0x00, 0x00, 0x00, 0x00, 0x00, 0x00, 0x00, 0x00, 0x00, 0x00,
  0x00, 0x00, 0x00, 0x00, 0x00, 0x00, 0x00, 0x00, 0x00, 0x00, 0x00, 0x00, 0x00, 0x00, 0x00, 0x00,
  0x00, 0x00, 0x00, 0x00, 0x00, 0x00, 0x00, 0x00, 0x00, 0x00, 0x00, 0x00, 0x00, 0x00, 0x00, 0x00,
  0x00, 0x00, 0x00, 0x00, 0x00, 0x00, 0x00, 0x00, 0x00, 0x00, 0x00, 0x00, 0x00, 0x00, 0x00, 0x00,
  0x00, 0x00, 0x00, 0x00, 0x00, 0x00, 0x00, 0x00, 0x00, 0x00, 0x00, 0x00, 0x00, 0x00, 0x00, 0x00,
  0x00, 0x00, 0x00, 0x00, 0x00, 0x00, 0x00, 0x00, 0x00, 0x00, 0x00, 0x00, 0x00, 0x00, 0x00, 0x00,
  0x00, 0x00, 0x00, 0x00, 0x00, 0x00, 0x00, 0x00, 0x00, 0x00, 0x00, 0x00, 0x00, 0x00, 0x00, 0x00,
  0x00, 0x00, 0x00, 0x00, 0x00, 0x00, 0x00, 0x00, 0x00, 0x00, 0x00, 0x00, 0x00, 0x00, 0x00, 0x00,
  0x00, 0x00, 0x00, 0x00, 0x00, 0x00, 0x00, 0x00, 0x00, 0x00, 0x00, 0x00, 0x00, 0x00, 0x00, 0x00,
  0x00, 0x00, 0x00, 0x00, 0x00, 0x00, 0x00, 0x00, 0x00, 0x00, 0x00, 0x00, 0x00, 0x00, 0x00, 0x00,
  0x00, 0x00, 0x00, 0x00, 0x00, 0x00, 0x00, 0x00, 0x00, 0x00, 0x00, 0x00, 0x00, 0x00, 0x00, 0x00,
  0x00, 0x00, 0x00, 0x00, 0x00, 0x00, 0x00, 0x00, 0x00, 0x00, 0x00, 0x00, 0x00, 0x00, 0x00, 0x00,
  0x00, 0x00, 0x00, 0x00, 0x00, 0x00, 0x00, 0x00, 0x00, 0x00, 0x00, 0x00, 0x00, 0x00, 0x00, 0x00,
  0x00, 0x00, 0x00, 0x00, 0x00, 0x00, 0x00, 0x00, 0x00, 0x00, 0x00, 0x00, 0x00, 0x00, 0x00, 0x00,
  0x00, 0x00, 0x00, 0x00, 0x00, 0x00, 0x00, 0x00, 0x00, 0x00, 0x00, 0x00, 0x00, 0x00, 0x00, 0x00,
  0x00, 0x00, 0x00, 0x00, 0x00, 0x00, 0x00, 0x00, 0x00, 0x00, 0x00, 0x00, 0x00, 0x00, 0x00, 0x00,
  0x00, 0x00, 0x00, 0x00, 0x00, 0x00, 0x00, 0x00, 0x00, 0x00, 0x00, 0x00, 0x00, 0x00, 0x00, 0x00,
  0x00, 0x00, 0x00, 0x00, 0x00, 0x00, 0x00, 0x00, 0x00, 0x00, 0x00, 0x00, 0x00, 0x00, 0x00, 0x00,
  0x00, 0x00, 0x00, 0x00, 0x00, 0x00, 0x00, 0x00, 0x00, 0x00, 0x00, 0x00, 0x00, 0x00, 0x00, 0x00,
  0x00, 0x00, 0x00, 0x00, 0x00, 0x00, 0x00, 0x00, 0x00, 0x00, 0x00, 0x00, 0x00, 0x00, 0x00, 0x00,
  0x00, 0x00, 0x00, 0x00, 0x00, 0x00, 0x00, 0x00, 0x00, 0x00, 0x00, 0x00, 0x00, 0x00, 0x00, 0x00,
  0x00, 0x00, 0x00, 0x00, 0x00, 0x00, 0x00, 0x00, 0x00, 0x00, 0x00, 0x00, 0x00, 0x00, 0x00, 0x00,
  0x00, 0x00, 0x00, 0x00, 0x00, 0x00, 0x00, 0x00, 0x00, 0x00, 0x00, 0x00, 0x00, 0x00, 0x00, 0x00,
  0x00, 0x00, 0x00, 0x00, 0x00, 0x00, 0x00, 0x00, 0x00, 0x00, 0x00, 0x00, 0x00, 0x00, 0x00, 0x00,
  0x00, 0x00, 0x00, 0x00, 0x00, 0x00, 0x00, 0x00, 0x00, 0x00, 0x00, 0x00, 0x00, 0x00, 0x00, 0x00,
  0x00, 0x00, 0x00, 0x00, 0x00, 0x00, 0x00, 0x00, 0x00, 0x00, 0x00, 0x00, 0x00, 0x00, 0x00, 0x00,
  0x00, 0x00, 0x00, 0x00, 0x00, 0x00, 0x00, 0x00, 0x00, 0x00, 0x00, 0x00, 0x00, 0x00, 0x00, 0x00,
  0x00, 0x00, 0x00, 0x00, 0x00, 0x00, 0x00, 0x00, 0x00, 0x00, 0x00, 0x00, 0x00, 0x00, 0x00, 0x00,
  0x00, 0x00, 0x00, 0x00, 0x00, 0x00, 0x00, 0x00, 0x00, 0x00, 0x00, 0x00, 0x00, 0x00, 0x00, 0x00,
  0x00, 0x00, 0x00, 0x00, 0x00, 0x00, 0x00, 0x00, 0x00, 0x00, 0x00, 0x00, 0x00, 0x00, 0x00, 0x00,
  0x00, 0x00, 0x00, 0x00, 0x00, 0x00, 0x00, 0x00, 0x00, 0x00, 0x00, 0x00, 0x00, 0x00, 0x00, 0x00,
  0x00, 0x00, 0x00, 0x00, 0x00, 0x00, 0x00, 0x00, 0x00, 0x00, 0x00, 0x00, 0x00, 0x00, 0x00, 0x00,
  0x00, 0x00, 0x00, 0x00, 0x00, 0x00, 0x00, 0x00, 0x00, 0x00, 0x00, 0x00, 0x00, 0x00, 0x00, 0x00,
  0x00, 0x00, 0x00, 0x00, 0x00, 0x00, 0x00, 0x00, 0x00, 0x00, 0x00, 0x00, 0x00, 0x00, 0x00, 0x00,
  0x00, 0x00, 0x00, 0x00, 0x00, 0x00, 0x00, 0x00, 0x00, 0x00, 0x00, 0x00, 0x00, 0x00, 0x00, 0x00,
  0x00, 0x00, 0x00, 0x00, 0x00, 0x00, 0x00, 0x00, 0x00, 0x00, 0x00, 0x00, 0x00, 0x00, 0x00, 0x00,
  0x00, 0x00, 0x00, 0x00, 0x00, 0x00, 0x00, 0x00, 0x00, 0x00, 0x00, 0x00, 0x00, 0x00, 0x00, 0x00,
  0x00, 0x00, 0x00, 0x00, 0x00, 0x00, 0x00, 0x00, 0x00, 0x00, 0x00, 0x00, 0x00, 0x00, 0x00, 0x00,
  0x00, 0x00, 0x00, 0x00, 0x00, 0x00, 0x00, 0x00, 0x00, 0x00, 0x00, 0x00, 0x00, 0x00, 0x00, 0x00,
  0x00, 0x00, 0x00, 0x00, 0x00, 0x00, 0x00, 0x00, 0x00, 0x00, 0x00, 0x00, 0x00, 0x00, 0x00, 0x00,
  0x00, 0x00, 0x00, 0x00, 0x00, 0x00, 0x00, 0x00, 0x00, 0x00, 0x00, 0x00, 0x00, 0x00, 0x00, 0x00,
  0x00, 0x00, 0x00, 0x00, 0x00, 0x00, 0x00, 0x00, 0x00, 0x00, 0x00, 0x00, 0x00, 0x00, 0x00, 0x00,
  0x00, 0x00, 0x00, 0x00, 0x00, 0x00, 0x00, 0x00, 0x00, 0x00, 0x00, 0x00, 0x00, 0x00, 0x00, 0x00,
  0x00, 0x00, 0x00, 0x00, 0x00, 0x00, 0x00, 0x00, 0x00, 0x00, 0x00, 0x00, 0x00, 0x00, 0x00, 0x00,
  0x00, 0x00, 0x00, 0x00, 0x00, 0x00, 0x00, 0x00, 0x00, 0x00, 0x00, 0x00, 0x00, 0x00, 0x00, 0x00,
  0x00, 0x00, 0x00, 0x00, 0x00, 0x00, 0x00, 0x00, 0x00, 0x00, 0x00, 0x00, 0x00, 0x00, 0x00, 0x00,
  0x00, 0x00, 0x00, 0x00, 0x00, 0x00, 0x00, 0x00, 0x00, 0x00, 0x00, 0x00, 0x00, 0x00, 0x00, 0x00,
  0x00, 0x00, 0x00, 0x00, 0x00, 0x00, 0x00, 0x00, 0x00, 0x00, 0x00, 0x00, 0x00, 0x00, 0x00, 0x00,
  0x00, 0x00, 0x00, 0x00, 0x00, 0x00, 0x00, 0x00, 0x00, 0x00, 0x00, 0x00, 0x00, 0x00, 0x00, 0x00,
  0x00, 0x00, 0x00, 0x00, 0x00, 0x00, 0x00, 0x00, 0x00, 0x00, 0x00, 0x00, 0x00, 0x00, 0x00, 0x00,
  0x00, 0x00, 0x00, 0x00, 0x00, 0x00, 0x00, 0x00, 0x00, 0x00, 0x00, 0x00, 0x00, 0x00, 0x00, 0x00,
  0x00, 0x00, 0x00, 0x00, 0x00, 0x00, 0x00, 0x00, 0x00, 0x00, 0x00, 0x00, 0x00, 0x00, 0x00, 0x00,
  0x00, 0x00, 0x00, 0x00, 0x00, 0x00, 0x00, 0x00, 0x00, 0x00, 0x00, 0x00, 0x00, 0x00, 0x00, 0x00,
  0x00, 0x00, 0x00, 0x00, 0x00, 0x00, 0x00, 0x00, 0x00, 0x00, 0x00, 0x00, 0x00, 0x00, 0x00, 0x00,
  0x00, 0x00, 0x00, 0x00, 0x00, 0x00, 0x00, 0x00, 0x00, 0x00, 0x00, 0x00, 0x00, 0x00, 0x00, 0x00,
  0x00, 0x00, 0x00, 0x00, 0x00, 0x00, 0x00, 0x00, 0x00, 0x00, 0x00, 0x00, 0x00, 0x00, 0x00, 0x00,
  0x00, 0x00, 0x00, 0x00, 0x00, 0x00, 0x00, 0x00, 0x00, 0x00, 0x00, 0x00, 0x00, 0x00, 0x00, 0x00,
  0x00, 0x00, 0x00, 0x00, 0x00, 0x00, 0x00, 0x00, 0x00, 0x00, 0x00, 0x00, 0x00, 0x00, 0x00, 0x00,
  0x00, 0x00, 0x00, 0x00, 0x00, 0x00, 0x00, 0x00, 0x00, 0x00, 0x00, 0x00, 0x00, 0x00, 0x00, 0x00,
  0x00, 0x00, 0x00, 0x00, 0x00, 0x00, 0x00, 0x00, 0x00, 0x00, 0x00, 0x00, 0x00, 0x00, 0x00, 0x00,
  0x00, 0x00, 0x00, 0x00, 0x00, 0x00, 0x00, 0x00, 0x00, 0x00, 0x00, 0x00, 0x00, 0x00, 0x00, 0x00,
  0x00, 0x00, 0x00, 0x00, 0x00, 0x00, 0x00, 0x00, 0x00, 0x00, 0x00, 0x00, 0x00, 0x00, 0x00, 0x00,
  0x00, 0x00, 0x00, 0x00, 0x00, 0x00, 0x00, 0x00, 0x00, 0x00, 0x00, 0x00, 0x00, 0x00, 0x00, 0x00,
  0x00, 0x00, 0x00, 0x00, 0x00, 0x00, 0x00, 0x00, 0x00, 0x00, 0x00, 0x00, 0x00, 0x00, 0x00, 0x00,
  0x00, 0x00, 0x00, 0x00, 0x00, 0x00, 0x00, 0x00, 0x00, 0x00, 0x00, 0x00, 0x00, 0x00, 0x00, 0x00,
  0x00, 0x00, 0x00, 0x00, 0x00, 0x00, 0x00, 0x00, 0x00, 0x00, 0x00, 0x00, 0x00, 0x00, 0x00, 0x00,
  0x00, 0x00, 0x00, 0x00, 0x00, 0x00, 0x00, 0x00, 0x00, 0x00, 0x00, 0x00, 0x00, 0x00, 0x00, 0x00,
  0x00, 0x00, 0x00, 0x00, 0x00, 0x00, 0x00, 0x00, 0x00, 0x00, 0x00, 0x00, 0x00, 0x00, 0x00, 0x00,
  0x00, 0x00, 0x00, 0x00, 0x00, 0x00, 0x00, 0x00, 0x00, 0x00, 0x00, 0x00, 0x00, 0x00, 0x00, 0x00,
  0x00, 0x00, 0x00, 0x00, 0x00, 0x00, 0x00, 0x00, 0x00, 0x00, 0x00, 0x00, 0x00, 0x00, 0x00, 0x00,
  0x00, 0x00, 0x00, 0x00, 0x00, 0x00, 0x00, 0x00, 0x00, 0x00, 0x00, 0x00, 0x00, 0x00, 0x00, 0x00,
  0x00, 0x00, 0x00, 0x00, 0x00, 0x00, 0x00, 0x00, 0x00, 0x00, 0x00, 0x00, 0x00, 0x00, 0x00, 0x00,
  0x00, 0x00, 0x00, 0x00, 0x00, 0x00, 0x00, 0x00, 0x00, 0x00, 0x00, 0x00, 0x00, 0x00, 0x00, 0x00,
  0x00, 0x00, 0x00, 0x00, 0x00, 0x00, 0x00, 0x00, 0x00, 0x00, 0x00, 0x00, 0x00, 0x00, 0x00, 0x00,
  0x00, 0x00, 0x00, 0x00, 0x00, 0x00, 0x00, 0x00, 0x00, 0x00, 0x00, 0x00, 0x00, 0x00, 0x00, 0x00,
  0x00, 0x00, 0x00, 0x00, 0x00, 0x00, 0x00, 0x00, 0x00, 0x00, 0x00, 0x00, 0x00, 0x00, 0x00, 0x00,
  0x00, 0x00, 0x00, 0x00, 0x00, 0x00, 0x00, 0x00, 0x00, 0x00, 0x00, 0x00, 0x00, 0x00, 0x00, 0x00,
  0x00, 0x00, 0x00, 0x00, 0x00, 0x00, 0x00, 0x00, 0x00, 0x00, 0x00, 0x00, 0x00, 0x00, 0x00, 0x00,
  0x00, 0x00, 0x00, 0x00, 0x00, 0x00, 0x00, 0x00, 0x00, 0x00, 0x00, 0x00, 0x00, 0x00, 0x00, 0x00,
  0x00, 0x00, 0x00, 0x00, 0x00, 0x00, 0x00, 0x00, 0x00, 0x00, 0x00, 0x00, 0x00, 0x00, 0x00, 0x00,
  0x00, 0x00, 0x00, 0x00, 0x00, 0x00, 0x00, 0x00, 0x00, 0x00, 0x00, 0x00, 0x00, 0x00, 0x00, 0x00,
};

static const uint8_t puzzle_totoroMask[5292] PROGMEM = {
  0xFF, 0xFF, 0xFF, 0xFF, 0xFF, 0xFF, 0xFF, 0xFF, 0xFF, 0xFF, 0xFF, 0xFF, 0xFF, 0xFF, 0xFF, 0xFF,
  0xFF, 0xFF, 0xFF, 0xFF, 0xFF, 0xFF, 0xFF, 0xFF, 0xFF, 0xFF, 0xFF, 0xFF, 0xFF, 0xFF, 0xFF, 0xFF,
  0xFF, 0xFF, 0xFF, 0xFF, 0xFF, 0xFF, 0xFF, 0xFF, 0xFF, 0xFF, 0xFF, 0xFF, 0xFF, 0xFF, 0xFF, 0xFF,
  0xFF, 0xFF, 0xFF, 0xFF, 0xFF, 0xFF, 0xFF, 0xFF, 0xFF, 0xFF, 0xFF, 0xFF, 0xFF, 0xFF, 0xFF, 0xFF,
  0xFF, 0xFF, 0xFF, 0xFF, 0xFF, 0xFF, 0xFF, 0xFF, 0xFF, 0xFF, 0xFF, 0xFF, 0xFF, 0xFF, 0xFF, 0xFF,
  0xFF, 0xFF, 0xFF, 0xFF, 0xFF, 0xFF, 0xFF, 0xFF, 0xFF, 0xFF, 0xFF, 0xFF, 0xFF, 0xFF, 0xFF, 0xFF,
  0xFF, 0xFF, 0xFF, 0xFF, 0xFF, 0xFF, 0xFF, 0xFF, 0xFF, 0xFF, 0xFF, 0xFF, 0xFF, 0xFF, 0xFF, 0xFF,
  0xFF, 0xFF, 0xFF, 0xFF, 0xFF, 0xFF, 0xFF, 0xFF, 0xFF, 0xFF, 0xFF, 0xFF, 0xFF, 0xFF, 0xFF, 0xFF,
  0xFF, 0xFF, 0xFF, 0xFF, 0xFF, 0xFF, 0xFF, 0xFF, 0xFF, 0xFF, 0xFF, 0xFF, 0xFF, 0xFF, 0xFF, 0xFF,
  0xFF, 0xFF, 0xFF, 0xFF, 0xFF, 0xFF, 0xFF, 0xFF, 0xFF, 0xFF, 0xFF, 0xFF, 0xFF, 0xFF, 0xFF, 0xFF,
  0xFF, 0xFF, 0xFF, 0xFF, 0xFF, 0xFF, 0xFF, 0xFF, 0xFF, 0xFF, 0xFF, 0xFF, 0xFF, 0xFF, 0xFF, 0xFF,
  0xFF, 0xFF, 0xFF, 0xFF, 0xFF, 0xFF, 0xFF, 0xFF, 0xFF, 0xFF, 0xFF, 0xFF, 0xFF, 0xFF, 0xFF, 0xFF,
  0xFF, 0xFF, 0xFF, 0xFF, 0xFF, 0xFF, 0xFF, 0xFF, 0xFF, 0xFF, 0xFF, 0xFF, 0xFF, 0xFF, 0xFF, 0xFF,
  0xFF, 0xFF, 0xFF, 0xFF, 0xFF, 0xFF, 0xFF, 0xFF, 0xFF, 0xFF, 0xFF, 0xFF, 0xFF, 0xFF, 0xFF, 0xFF,
  0xFF, 0xFF, 0xFF, 0xFF, 0xFF, 0xFF, 0xFF, 0xFF, 0xFF, 0xFF, 0xFF, 0xFF, 0xFF, 0xFF, 0xFF, 0xFF,
  0xFF, 0xFF, 0xFF, 0xFF, 0xFF, 0xFF, 0xFF, 0xFF, 0xFF, 0xFF, 0xFF, 0xFF, 0xFF, 0xFF, 0xFF, 0xFF,
  0xFF, 0xFF, 0xFF, 0xFF, 0xFF, 0xFF, 0xFF, 0xFF, 0xFF, 0xFF, 0xFF, 0xFF, 0xFF, 0xFF, 0xFF, 0xFF,
  0xFF, 0xFF, 0xFF, 0xFF, 0xFF, 0xFF, 0xFF, 0xFF, 0xFF, 0xFF, 0xFF, 0xFF, 0xFF, 0xFF, 0xFF, 0xFF,
  0xFF, 0xFF, 0xFF, 0xFF, 0xFF, 0xFF, 0xFF, 0xFF, 0xFF, 0xFF, 0xFF, 0xFF, 0xFF, 0xFF, 0xFF, 0xFF,
  0xFF, 0xFF, 0xFF, 0xFF, 0xFF, 0xFF, 0xFF, 0xFF, 0xFF, 0xFF, 0xFF, 0xFF, 0xFF, 0xFF, 0xFF, 0xFF,
  0xFF, 0xFF, 0xFF, 0xFF, 0xFF, 0xFF, 0xFF, 0xFF, 0xFF, 0xFF, 0xFF, 0xFF, 0xFF, 0xFF, 0xFF, 0xFF,
  0xFF, 0xFF, 0xFF, 0xFF, 0xFF, 0xFF, 0xFF, 0xFF, 0xFF, 0xFF, 0xFF, 0xFF, 0xFF, 0xFF, 0xFF, 0xFF,
  0xFF, 0xFF, 0xFF, 0xFF, 0xFF, 0xFF, 0xFF, 0xFF, 0xFF, 0xFF, 0xFF, 0xFF, 0xFF, 0xFF, 0xFF, 0xFF,
  0xFF, 0xFF, 0xFF, 0xFF, 0xFF, 0xFF, 0xFF, 0xFF, 0xFF, 0xFF, 0xFF, 0xFF, 0xFF, 0xFF, 0xFF, 0xFF,
  0xFF, 0xFF, 0xFF, 0xFF, 0xFF, 0xFF, 0xFF, 0xFF, 0xFF, 0xFF, 0xFF, 0xFF, 0xFF, 0xFF, 0xFF, 0xFF,
  0xFF, 0xFF, 0xFF, 0xFF, 0xFF, 0xFF, 0xFF, 0xFF, 0xFF, 0xFF, 0xFF, 0xFF, 0xFF, 0xFF, 0xFF, 0xFF,
  0xFF, 0xFF, 0xFF, 0xFF, 0xFF, 0xFF, 0xFF, 0xFF, 0xFF, 0xFF, 0xFF, 0xFF, 0xFF, 0xFF, 0xFF, 0xFF,
  0xFF, 0xFF, 0xFF, 0xFF, 0xFF, 0xFF, 0xFF, 0xFF, 0xFF, 0xFF, 0xFF, 0xFF, 0xFF, 0xFF, 0xFF, 0xFF,
  0xFF, 0xFF, 0xFF, 0xFF, 0xFF, 0xFF, 0xFF, 0xFF, 0xFF, 0xFF, 0xFF, 0xFF, 0xFF, 0xFF, 0xFF, 0xFF,
  0xFF, 0xFF, 0xFF, 0xFF, 0xFF, 0xFF, 0xFF, 0xFF, 0xFF, 0xFF, 0xFF, 0xFF, 0xFF, 0xFF, 0xFF, 0xFF,
  0xFF, 0xFF, 0xFF, 0xFF, 0xFF, 0xFF, 0xFF, 0xFF, 0xFF, 0xFF, 0xFF, 0xFF, 0xFF, 0xFF, 0xFF, 0xFF,
  0xFF, 0xFF, 0xFF, 0xFF, 0xFF, 0xFF, 0xFF, 0xFF, 0xFF, 0xFF, 0xFF, 0xFF, 0xFF, 0xFF, 0xFF, 0xFF,
  0xFF, 0xFF, 0xFF, 0xFF, 0xFF, 0xFF, 0xFF, 0xFF, 0xFF, 0xFF, 0xFF, 0xFF, 0xFF, 0xFF, 0xFF, 0xFF,
  0xFF, 0xFF, 0xFF, 0xFF, 0xFF, 0xFF, 0xFF, 0xFF, 0xFF, 0xFF, 0xFF, 0xFF, 0xFF, 0xFF, 0xFF, 0xFF,
  0xFF, 0xFF, 0xFF, 0xFF, 0xFF, 0xFF, 0xFF, 0xFF, 0xFF, 0xFF, 0xFF, 0xFF, 0xFF, 0xFF, 0xFF, 0xFF,
  0xFF, 0xFF, 0xFF, 0xFF, 0xFF, 0xFF, 0xFF, 0xFF, 0xFF, 0xFF, 0xFF, 0xFF, 0xFF, 0xFF, 0xFF, 0xFF,
  0xFF, 0xFF, 0xFF, 0xFF, 0xFF, 0xFF, 0xFF, 0xFF, 0xFF, 0xFF, 0xFF, 0xFF, 0xFF, 0xFF, 0xFF, 0xFF,
  0xFF, 0xFF, 0xFF, 0xFF, 0xFF, 0xFF, 0xFF, 0xFF, 0xFF, 0xFF, 0xFF, 0xFF, 0xFF, 0xFF, 0xFF, 0xFF,
  0xFF, 0xFF, 0xFF, 0xFF, 0xFF, 0xFF, 0xFF, 0xFF, 0xFF, 0xFF, 0xFF, 0xFF, 0xFF, 0xFF, 0xFF, 0xFF,
  0xFF, 0xFF, 0xFF, 0xFF, 0xFF, 0xFF, 0xFF, 0xFF, 0xFF, 0xFF, 0xFF, 0xFF, 0xFF, 0xFF, 0xFF, 0xFF,
  0xFF, 0xFF, 0xFF, 0xFF, 0xFF, 0xFF, 0xFF, 0xFF, 0xFF, 0xFF, 0xFF, 0xFF, 0xFF, 0xFF, 0xFF, 0xFF,
  0xFF, 0xFF, 0xFF, 0xFF, 0xFF, 0xFF, 0xFF, 0xFF, 0xFF, 0xFF, 0xFF, 0xFF, 0xFF, 0xFF, 0xFF, 0xFF,
  0xFF, 0xFF, 0xFF, 0xFF, 0xFF, 0xFF, 0xFF, 0xFF, 0xFF, 0xFF, 0xFF, 0xFF, 0xFF, 0xFF, 0xFF, 0xFF,
  0xFF, 0xFF, 0xFF, 0xFF, 0xFF, 0xFF, 0xFF, 0xFF, 0xFF, 0xFF, 0xFF, 0xFF, 0xFF, 0xFF, 0xFF, 0xFF,
  0xFF, 0xFF, 0xFF, 0xFF, 0xFF, 0xFF, 0xFF, 0xFF, 0xFF, 0xFF, 0xFF, 0xFF, 0xFF, 0xFF, 0xFF, 0xFF,
  0xFF, 0xFF, 0xFF, 0xFF, 0xFF, 0xFF, 0xFF, 0xFF, 0xFF, 0xFF, 0xFF, 0xFF, 0xFF, 0xFF, 0xFF, 0xFF,
  0xFF, 0xFF, 0xFF, 0xFF, 0xFF, 0xFF, 0xFF, 0xFF, 0xFF, 0xFF, 0xFF, 0xFF, 0xFF, 0xFF, 0xFF, 0xFF,
  0xFF, 0xFF, 0xFF, 0xFF, 0xFF, 0xFF, 0xFF, 0xFF, 0xFF, 0xFF, 0xFF, 0xFF, 0xFF, 0xFF, 0xFF, 0xFF,
  0xFF, 0xFF, 0xFF, 0xFF, 0xFF, 0xFF, 0xFF, 0xFF, 0xFF, 0xFF, 0xFF, 0xFF, 0xFF, 0xFF, 0xFF, 0xFF,
  0xFF, 0xFF, 0xFF, 0xFF, 0xFF, 0xFF, 0xFF, 0xFF, 0xFF, 0xFF, 0xFF, 0xFF, 0xFF, 0xFF, 0xFF, 0xFF,
  0xFF, 0xFF, 0xFF, 0xFF, 0xFF, 0xFF, 0xFF, 0xFF, 0xFF, 0xFF, 0xFF, 0xFF, 0xFF, 0xFF, 0xFF, 0xFF,
  0xFF, 0xFF, 0xFF, 0xFF, 0xFF, 0xFF, 0xFF, 0xFF, 0xFF, 0xFF, 0xFF, 0xFF, 0xFF, 0xFF, 0xFF, 0xFF,
  0xFF, 0xFF, 0xFF, 0xFF, 0xFF, 0xFF, 0xFF, 0xFF, 0xFF, 0xFF, 0xFF, 0xFF, 0xFF, 0xFF, 0xFF, 0xFF,
  0xFF, 0xFF, 0xFF, 0xFF, 0xFF, 0xFF, 0xFF, 0xFF, 0xFF, 0xFF, 0xFF, 0xFF, 0xFF, 0xFF, 0xFF, 0xFF,
  0xFF, 0xFF, 0xFF, 0xFF, 0xFF, 0xFF, 0xFF, 0xFF, 0xFF, 0xFF, 0xFF, 0xFF, 0xFF, 0xFF, 0xFF, 0xFF,
  0xFF, 0xFF, 0xFF, 0xFF, 0xFF, 0xFF, 0xFF, 0xFF, 0xFF, 0xFF, 0xFF, 0xFF, 0xFF, 0xFF, 0xFF, 0xFF,
  0xFF, 0xFF, 0xFF, 0xFF, 0xFF, 0xFF, 0xFF, 0xFF, 0xFF, 0xFF, 0xFF, 0xFF, 0xFF, 0xFF, 0xFF, 0xFF,
  0xFF, 0xFF, 0xFF, 0xFF, 0xFF, 0xFF, 0xFF, 0xFF, 0xFF, 0xFF, 0xFF, 0xFF, 0xFF, 0xFF, 0xFF, 0xFF,
  0xFF, 0xFF, 0xFF, 0xFF, 0xFF, 0xFF, 0xFF, 0xFF, 0xFF, 0xFF, 0xFF, 0xFF, 0xFF, 0xFF, 0xFF, 0xFF,
  0xFF, 0xFF, 0xFF, 0xFF, 0xFF, 0xFF, 0xFF, 0xFF, 0xFF, 0xFF, 0xFF, 0xFF, 0xFF, 0xFF, 0xFF, 0xFF,
  0xFF, 0xFF, 0xFF, 0xFF, 0xFF, 0xFF, 0xFF, 0xFF, 0xFF, 0xFF, 0xFF, 0xFF, 0xFF, 0xFF, 0xFF, 0xFF,
  0xFF, 0xFF, 0xFF, 0xFF, 0xFF, 0xFF, 0xFF, 0xFF, 0xFF, 0xFF, 0xFF, 0xFF, 0xFF, 0xFF, 0xFF, 0xFF,
  0xFF, 0xFF, 0xFF, 0xFF, 0xFF, 0xFF, 0xFF, 0xFF, 0xFF, 0xFF, 0xFF, 0xFF, 0xFF, 0xFF, 0xFF, 0xFF,
  0xFF, 0xFF, 0xFF, 0xFF, 0xFF, 0xFF, 0xFF, 0xFF, 0xFF, 0xFF, 0xFF, 0xFF, 0xFF, 0xFF, 0xFF, 0xFF,
  0xFF, 0xFF, 0xFF, 0xFF, 0xFF, 0xFF, 0xFF, 0xFF, 0xFF, 0xFF, 0xFF, 0xFF, 0xFF, 0xFF, 0xFF, 0xFF,
  0xFF, 0xFF, 0xFF, 0xFF, 0xFF, 0xFF, 0xFF, 0xFF, 0xFF, 0xFF, 0xFF, 0xFF, 0xFF, 0xFF, 0xFF, 0xFF,
  0xFF, 0xFF, 0xFF, 0xFF, 0xFF, 0xFF, 0xFF, 0xFF, 0xFF, 0xFF, 0xFF, 0xFF, 0xFF, 0xFF, 0xFF, 0xFF,
  0xFF, 0xFF, 0xFF, 0xFF, 0xFF, 0xFF, 0xFF, 0xFF, 0xFF, 0xFF, 0xFF, 0xFF, 0xFF, 0xFF, 0xFF, 0xFF,
  0xFF, 0xFF, 0xFF, 0xFF, 0xFF, 0xFF, 0xFF, 0xFF, 0xFF, 0xFF, 0xFF, 0xFF, 0xFF, 0xFF, 0xFF, 0xFF,
  0xFF, 0xFF, 0xFF, 0xFF, 0xFF, 0xFF, 0xFF, 0xFF, 0xFF, 0xFF, 0xFF, 0xFF, 0xFF, 0xFF, 0xFF, 0xFF,
  0xFF, 0xFF, 0xFF, 0xFF, 0xFF, 0xFF, 0xFF, 0xFF, 0xFF, 0xFF, 0xFF, 0xFF, 0xFF, 0xFF, 0xFF, 0xFF,
  0xFF, 0xFF, 0xFF, 0xFF, 0xFF, 0xFF, 0xFF, 0xFF, 0xFF, 0xFF, 0xFF, 0xFF, 0xFF, 0xFF, 0xFF, 0xFF,
  0xFF, 0xFF, 0xFF, 0xFF, 0xFF, 0xFF, 0xFF, 0xFF, 0xFF, 0xFF, 0xFF, 0xFF, 0xFF, 0xFF, 0xFF, 0xFF,
  0xFF, 0xFF, 0xFF, 0xFF, 0xFF, 0xFF, 0xFF, 0xFF, 0xFF, 0xFF, 0xFF, 0xFF, 0xFF, 0xFF, 0xFF, 0xFF,
  0xFF, 0xFF, 0xFF, 0xFF, 0xFF, 0xFF, 0xFF, 0xFF, 0xFF, 0xFF, 0xFF, 0xFF, 0xFF, 0xFF, 0xFF, 0xFF,
  0xFF, 0xFF, 0xFF, 0xFF, 0xFF, 0xFF, 0xFF, 0xFF, 0xFF, 0xFF, 0xFF, 0xFF, 0xFF, 0xFF, 0xFF, 0xFF,
  0xFF, 0xFF, 0xFF, 0xFF, 0xFF, 0xFF, 0xFF, 0xFF, 0xFF, 0xFF, 0xFF, 0xFF, 0xFF, 0xFF, 0xFF, 0xFF,
  0xFF, 0xFF, 0xFF, 0xFF, 0xFF, 0xFF, 0xFF, 0xFF, 0xFF, 0xFF, 0xFF, 0xFF, 0xFF, 0xFF, 0xFF, 0xFF,
  0xFF, 0xFF, 0xFF, 0xFF, 0xFF, 0xFF, 0xFF, 0xFF, 0xFF, 0xFF, 0xFF, 0xFF, 0xFF, 0xFF, 0xFF, 0xFF,
  0xFF, 0xFF, 0xFF, 0xFF, 0xFF, 0xFF, 0xFF, 0xFF, 0xFF, 0xFF, 0xFF, 0xFF, 0xFF, 0xFF, 0xFF, 0xFF,
  0xFF, 0xFF, 0xFF, 0xFF, 0xFF, 0xFF, 0xFF, 0xFF, 0xFF, 0xFF, 0xFF, 0xFF, 0xFF, 0xFF, 0xFF, 0xFF,
  0xFF, 0xFF, 0xFF, 0xFF, 0xFF, 0xFF, 0xFF, 0xFF, 0xFF, 0xFF, 0xFF, 0xFF, 0xFF, 0xFF, 0xFF, 0xFF,
  0xFF, 0xFF, 0xFF, 0xFF, 0xFF, 0xFF, 0xFF, 0xFF, 0xFF, 0xFF, 0xFF, 0xFF, 0xFF, 0xFF, 0xFF, 0xFF,
  0xFF, 0xFF, 0xFF, 0xFF, 0xFF, 0xFF, 0xFF, 0xFF, 0xFF, 0xFF, 0xFF, 0xFF, 0xFF, 0xFF, 0xFF, 0xFF,
  0xFF, 0xFF, 0xFF, 0xFF, 0xFF, 0xFF, 0xFF, 0xFF, 0xFF, 0xFF, 0xFF, 0xFF, 0xFF, 0xFF, 0xFF, 0xFF,
  0xFF, 0xFF, 0xFF, 0xFF, 0xFF, 0xFF, 0xFF, 0xFF, 0xFF, 0xFF, 0xFF, 0xFF, 0xFF, 0xFF, 0xFF, 0xFF,
  0xFF, 0xFF, 0xFF, 0xFF, 0xFF, 0xFF, 0xFF, 0xFF, 0xFF, 0xFF, 0xFF, 0xFF, 0xFF, 0xFF, 0xFF, 0xFF,
  0xFF, 0xFF, 0xFF, 0xFF, 0xFF, 0xFF, 0xFF, 0xFF, 0xFF, 0xFF, 0xFF, 0xFF, 0xFF, 0xFF, 0xFF, 0xFF,
  0xFF, 0xFF, 0xFF, 0xFF, 0xFF, 0xFF, 0xFF, 0xFF, 0xFF, 0xFF, 0xFF, 0xFF, 0xFF, 0xFF, 0xFF, 0xFF,
  0xFF, 0xFF, 0xFF, 0xFF, 0xFF, 0xFF, 0xFF, 0xFF, 0xFF, 0xFF, 0xFF, 0xFF, 0xFF, 0xFF, 0xFF, 0xFF,
  0xFF, 0xFF, 0xFF, 0xFF, 0xFF, 0xFF, 0xFF, 0xFF, 0xFF, 0xFF, 0xFF, 0xFF, 0xFF, 0xFF, 0xFF, 0xFF,
  0xFF, 0xFF, 0xFF, 0xFF, 0xFF, 0xFF, 0xFF, 0xFF, 0xFF, 0xFF, 0xFF, 0xFF, 0xFF, 0xFF, 0xFF, 0xFF,
  0xFF, 0xFF, 0xFF, 0xFF, 0xFF, 0xFF, 0xFF, 0xFF, 0xFF, 0xFF, 0xFF, 0xFF, 0xFF, 0xFF, 0xFF, 0xFF,
  0xFF, 0xFF, 0xFF, 0xFF, 0xFF, 0xFF, 0xFF, 0xFF, 0xFF, 0xFF, 0xFF, 0xFF, 0xFF, 0xFF, 0xFF, 0xFF,
  0xFF, 0xFF, 0xFF, 0xFF, 0xFF, 0xFF, 0xFF, 0xFF, 0xFF, 0xFF, 0xFF, 0xFF, 0xFF, 0xFF, 0xFF, 0xFF,
  0xFF, 0xFF, 0xFF, 0xFF, 0xFF, 0xFF, 0xFF, 0xFF, 0xFF, 0xFF, 0xFF, 0xFF, 0xFF, 0xFF, 0xFF, 0xFF,
  0xFF, 0xFF, 0xFF, 0xFF, 0xFF, 0xFF, 0xFF, 0xFF, 0xFF, 0xFF, 0xFF, 0xFF, 0xFF, 0xFF, 0xFF, 0xFF,
  0xFF, 0xFF, 0xFF, 0xFF, 0xFF, 0xFF, 0xFF, 0xFF, 0xFF, 0xFF, 0xFF, 0xFF, 0xFF, 0xFF, 0xFF, 0xFF,
  0xFF, 0xFF, 0xFF, 0xFF, 0xFF, 0xFF, 0xFF, 0xFF, 0xFF, 0xFF, 0xFF, 0xFF, 0xFF, 0xFF, 0xFF, 0xFF,
  0xFF, 0xFF, 0xFF, 0xFF, 0xFF, 0xFF, 0xFF, 0xFF, 0xFF, 0xFF, 0xFF, 0xFF, 0xFF, 0xFF, 0xFF, 0xFF,
  0xFF, 0xFF, 0xFF, 0xFF, 0xFF, 0xFF, 0xFF, 0xFF, 0xFF, 0xFF, 0xFF, 0xFF, 0xFF, 0xFF, 0xFF, 0xFF,
  0xFF, 0xFF, 0xFF, 0xFF, 0xFF, 0xFF, 0xFF, 0xFF, 0xFF, 0xFF, 0xFF, 0xFF, 0xFF, 0xFF, 0xFF, 0xFF,
  0xFF, 0xFF, 0xFF, 0xFF, 0xFF, 0xFF, 0xFF, 0xFF, 0xFF, 0xFF, 0xFF, 0xFF, 0xFF, 0xFF, 0xFF, 0xFF,
  0xFF, 0xFF, 0xFF, 0xFF, 0xFF, 0xFF, 0xFF, 0xFF, 0xFF, 0xFF, 0xFF, 0xFF, 0xFF, 0xFF, 0xFF, 0xFF,
  0xFF, 0xFF, 0xFF, 0xFF, 0xFF, 0xFF, 0xFF, 0xFF, 0xFF, 0xFF, 0xFF, 0xFF, 0xFF, 0xFF, 0xFF, 0xFF,
  0xFF, 0xFF, 0xFF, 0xFF, 0xFF, 0xFF, 0xFF, 0xFF, 0xFF, 0xFF, 0xFF, 0xFF, 0xFF, 0xFF, 0xFF, 0xFF,
  0xFF, 0xFF, 0xFF, 0xFF, 0xFF, 0xFF, 0xFF, 0xFF, 0xFF, 0xFF, 0xFF, 0xFF, 0xFF, 0xFF, 0xFF, 0xFF,
  0xFF, 0xFF, 0xFF, 0xFF, 0xFF, 0xFF, 0xFF, 0xFF, 0xFF, 0xFF, 0xFF, 0xFF, 0xFF, 0xFF, 0xFF, 0xFF,
  0xFF, 0xFF, 0xFF, 0xFF, 0xFF, 0xFF, 0xFF, 0xFF, 0xFF, 0xFF, 0xFF, 0xFF, 0xFF, 0xFF, 0xFF, 0xFF,
  0xFF, 0xFF, 0xFF, 0xFF, 0xFF, 0xFF, 0xFF, 0xFF, 0xFF, 0xFF, 0xFF, 0xFF, 0xFF, 0xFF, 0xFF, 0xFF,
  0xFF, 0xFF, 0xFF, 0xFF, 0xFF, 0xFF, 0xFF, 0xFF, 0xFF, 0xFF, 0xFF, 0xFF, 0xFF, 0xFF, 0xFF, 0xFF,
  0xFF, 0xFF, 0xFF, 0xFF, 0xFF, 0xFF, 0xFF, 0xFF, 0xFF, 0xFF, 0xFF, 0xFF, 0xFF, 0xFF, 0xFF, 0xFF,
  0xFF, 0xFF, 0xFF, 0xFF, 0xFF, 0xFF, 0xFF, 0xFF, 0xFF, 0xFF, 0xFF, 0xFF, 0xFF, 0xFF, 0xFF, 0xFF,
  0xFF, 0xFF, 0xFF, 0xFF, 0xFF, 0xFF, 0xFF, 0xFF, 0xFF, 0xFF, 0xFF, 0xFF, 0xFF, 0xFF, 0xFF, 0xFF,
  0xFF, 0xFF, 0xFF, 0xFF, 0xFF, 0xFF, 0xFF, 0xFF, 0xFF, 0xFF, 0xFF, 0xFF, 0xFF, 0xFF, 0xFF, 0xFF,
  0xFF, 0xFF, 0xFF, 0xFF, 0xFF, 0xFF, 0xFF, 0xFF, 0xFF, 0xFF, 0xFF, 0xFF, 0xFF, 0xFF, 0xFF, 0xFF,
  0xFF, 0xFF, 0xFF, 0xFF, 0xFF, 0xFF, 0xFF, 0xFF, 0xFF, 0xFF, 0xFF, 0xFF, 0xFF, 0xFF, 0xFF, 0xFF,
  0xFF, 0xFF, 0xFF, 0xFF, 0xFF, 0xFF, 0xFF, 0xFF, 0xFF, 0xFF, 0xFF, 0xFF, 0xFF, 0xFF, 0xFF, 0xFF,
  0xFF, 0xFF, 0xFF, 0xFF, 0xFF, 0xFF, 0xFF, 0xFF, 0xFF, 0xFF, 0xFF, 0xFF, 0xFF, 0xFF, 0xFF, 0xFF,
  0xFF, 0xFF, 0xFF, 0xFF, 0xFF, 0xFF, 0xFF, 0xFF, 0xFF, 0xFF, 0xFF, 0xFF, 0xFF, 0xFF, 0xFF, 0xFF,
  0xFF, 0xFF, 0xFF, 0xFF, 0xFF, 0xFF, 0xFF, 0xFF, 0xFF, 0xFF, 0xFF, 0xFF, 0xFF, 0xFF, 0xFF, 0xFF,
  0xFF, 0xFF, 0xFF, 0xFF, 0xFF, 0xFF, 0xFF, 0xFF, 0xFF, 0xFF, 0xFF, 0xFF, 0xFF, 0xFF, 0xFF, 0xFF,
  0xFF, 0xFF, 0xFF, 0xFF, 0xFF, 0xFF, 0xFF, 0xFF, 0xFF, 0xFF, 0xFF, 0xFF, 0xFF, 0xFF, 0xFF, 0xFF,
  0xFF, 0xFF, 0xFF, 0xFF, 0xFF, 0xFF, 0xFF, 0xFF, 0xFF, 0xFF, 0xFF, 0xFF, 0xFF, 0xFF, 0xFF, 0xFF,
  0xFF, 0xFF, 0xFF, 0xFF, 0xFF, 0xFF, 0xFF, 0xFF, 0xFF, 0xFF, 0xFF, 0xFF, 0xFF, 0xFF, 0xFF, 0xFF,
  0xFF, 0xFF, 0xFF, 0xFF, 0xFF, 0xFF, 0xFF, 0xFF, 0xFF, 0xFF, 0xFF, 0xFF, 0xFF, 0xFF, 0xFF, 0xFF,
  0xFF, 0xFF, 0xFF, 0xFF, 0xFF, 0xFF, 0xFF, 0xFF, 0xFF, 0xFF, 0xFF, 0xFF, 0xFF, 0xFF, 0xFF, 0xFF,
  0xFF, 0xFF, 0xFF, 0xFF, 0xFF, 0xFF, 0xFF, 0xFF, 0xFF, 0xFF, 0xFF, 0xFF, 0xFF, 0xFF, 0xFF, 0xFF,
  0xFF, 0xFF, 0xFF, 0xFF, 0xFF, 0xFF, 0xFF, 0xFF, 0xFF, 0xFF, 0xFF, 0xFF, 0xFF, 0xFF, 0xFF, 0xFF,
  0xFF, 0xFF, 0xFF, 0xFF, 0xFF, 0xFF, 0xFF, 0xFF, 0xFF, 0xFF, 0xFF, 0xFF, 0xFF, 0xFF, 0xFF, 0xFF,
  0xFF, 0xFF, 0xFF, 0xFF, 0xFF, 0xFF, 0xFF, 0xFF, 0xFF, 0xFF, 0xFF, 0xFF, 0xFF, 0xFF, 0xFF, 0xFF,
  0xFF, 0xFF, 0xFF, 0xFF, 0xFF, 0xFF, 0xFF, 0xFF, 0xFF, 0xFF, 0xFF, 0xFF, 0xFF, 0xFF, 0xFF, 0xFF,
  0xFF, 0xFF, 0xFF, 0xFF, 0xFF, 0xFF, 0xFF, 0xFF, 0xFF, 0xFF, 0xFF, 0xFF, 0xFF, 0xFF, 0xFF, 0xFF,
  0xFF, 0xFF, 0xFF, 0xFF, 0xFF, 0xFF, 0xFF, 0xFF, 0xFF, 0xFF, 0xFF, 0xFF, 0xFF, 0xFF, 0xFF, 0xFF,
  0xFF, 0xFF, 0xFF, 0xFF, 0xFF, 0xFF, 0xFF, 0xFF, 0xFF, 0xFF, 0xFF, 0xFF, 0xFF, 0xFF, 0xFF, 0xFF,
  0xFF, 0xFF, 0xFF, 0xFF, 0xFF, 0xFF, 0xFF, 0xFF, 0xFF, 0xFF, 0xFF, 0xFF, 0xFF, 0xFF, 0xFF, 0xFF,
  0xFF, 0xFF, 0xFF, 0xFF, 0xFF, 0xFF, 0xFF, 0xFF, 0xFF, 0xFF, 0xFF, 0xFF, 0xFF, 0xFF, 0xFF, 0xFF,
  0xFF, 0xFF, 0xFF, 0xFF, 0xFF, 0xFF, 0xFF, 0xFF, 0xFF, 0xFF, 0xFF, 0xFF, 0xFF, 0xFF, 0xFF, 0xFF,
  0xFF, 0xFF, 0xFF, 0xFF, 0xFF, 0xFF, 0xFF, 0xFF, 0xFF, 0xFF, 0xFF, 0xFF, 0xFF, 0xFF, 0xFF, 0xFF,
  0xFF, 0xFF, 0xFF, 0xFF, 0xFF, 0xFF, 0xFF, 0xFF, 0xFF, 0xFF, 0xFF, 0xFF, 0xFF, 0xFF, 0xFF, 0xFF,
  0xFF, 0xFF, 0xFF, 0xFF, 0xFF, 0xFF, 0xFF, 0xFF, 0xFF, 0xFF, 0xFF, 0xFF, 0xFF, 0xFF, 0xFF, 0xFF,
  0xFF, 0xFF, 0xFF, 0xFF, 0xFF, 0xFF, 0xFF, 0xFF, 0xFF, 0xFF, 0xFF, 0xFF, 0xFF, 0xFF, 0xFF, 0xFF,
  0xFF, 0xFF, 0xFF, 0xFF, 0xFF, 0xFF, 0xFF, 0xFF, 0xFF, 0xFF, 0xFF, 0xFF, 0xFF, 0xFF, 0xFF, 0xFF,
  0xFF, 0xFF, 0xFF, 0xFF, 0xFF, 0xFF, 0xFF, 0xFF, 0xFF, 0xFF, 0xFF, 0xFF, 0xFF, 0xFF, 0xFF, 0xFF,
  0xFF, 0xFF, 0xFF, 0xFF, 0xFF, 0xFF, 0xFF, 0xFF, 0xFF, 0xFF, 0xFF, 0xFF, 0xFF, 0xFF, 0xFF, 0xFF,
  0xFF, 0xFF, 0xFF, 0xFF, 0xFF, 0xFF, 0xFF, 0xFF, 0xFF, 0xFF, 0xFF, 0xFF, 0xFF, 0xFF, 0xFF, 0xFF,
  0xFF, 0xFF, 0xFF, 0xFF, 0xFF, 0xFF, 0xFF, 0xFF, 0xFF, 0xFF, 0xFF, 0xFF, 0xFF, 0xFF, 0xFF, 0xFF,
  0xFF, 0xFF, 0xFF, 0xFF, 0xFF, 0xFF, 0xFF, 0xFF, 0xFF, 0xFF, 0xFF, 0xFF, 0xFF, 0xFF, 0xFF, 0xFF,
  0xFF, 0xFF, 0xFF, 0xFF, 0xFF, 0xFF, 0xFF, 0xFF, 0xFF, 0xFF, 0xFF, 0xFF, 0xFF, 0xFF, 0xFF, 0xFF,
  0xFF, 0xFF, 0xFF, 0xFF, 0xFF, 0xFF, 0xFF, 0xFF, 0xFF, 0xFF, 0xFF, 0xFF, 0xFF, 0xFF, 0xFF, 0xFF,
  0xFF, 0xFF, 0xFF, 0xFF, 0xFF, 0xFF, 0xFF, 0xFF, 0xFF, 0xFF, 0xFF, 0xFF, 0xFF, 0xFF, 0xFF, 0xFF,
  0xFF, 0xFF, 0xFF, 0xFF, 0xFF, 0xFF, 0xFF, 0xFF, 0xFF, 0xFF, 0xFF, 0xFF, 0xFF, 0xFF, 0xFF, 0xFF,
  0xFF, 0xFF, 0xFF, 0xFF, 0xFF, 0xFF, 0xFF, 0xFF, 0xFF, 0xFF, 0xFF, 0xFF, 0xFF, 0xFF, 0xFF, 0xFF,
  0xFF, 0xFF, 0xFF, 0xFF, 0xFF, 0xFF, 0xFF, 0xFF, 0xFF, 0xFF, 0xFF, 0xFF, 0xFF, 0xFF, 0xFF, 0xFF,
  0xFF, 0xFF, 0xFF, 0xFF, 0xFF, 0xFF, 0xFF, 0xFF, 0xFF, 0xFF, 0xFF, 0xFF, 0xFF, 0xFF, 0xFF, 0xFF,
  0xFF, 0xFF, 0xFF, 0xFF, 0xFF, 0xFF, 0xFF, 0xFF, 0xFF, 0xFF, 0xFF, 0xFF, 0xFF, 0xFF, 0xFF, 0xFF,
  0xFF, 0xFF, 0xFF, 0xFF, 0xFF, 0xFF, 0xFF, 0xFF, 0xFF, 0xFF, 0xFF, 0xFF, 0xFF, 0xFF, 0xFF, 0xFF,
  0xFF, 0xFF, 0xFF, 0xFF, 0xFF, 0xFF, 0xFF, 0xFF, 0xFF, 0xFF, 0xFF, 0xFF, 0xFF, 0xFF, 0xFF, 0xFF,
  0xFF, 0xFF, 0xFF, 0xFF, 0xFF, 0xFF, 0xFF, 0xFF, 0xFF, 0xFF, 0xFF, 0xFF, 0xFF, 0xFF, 0xFF, 0xFF,
  0xFF, 0xFF, 0xFF, 0xFF, 0xFF, 0xFF, 0xFF, 0xFF, 0xFF, 0xFF, 0xFF, 0xFF, 0xFF, 0xFF, 0xFF, 0xFF,
  0xFF, 0xFF, 0xFF, 0xFF, 0xFF, 0xFF, 0xFF, 0xFF, 0xFF, 0xFF, 0xFF, 0xFF, 0xFF, 0xFF, 0xFF, 0xFF,
  0xFF, 0xFF, 0xFF, 0xFF, 0xFF, 0xFF, 0xFF, 0xFF, 0xFF, 0xFF, 0xFF, 0xFF, 0xFF, 0xFF, 0xFF, 0xFF,
  0xFF, 0xFF, 0xFF, 0xFF, 0xFF, 0xFF, 0xFF, 0xFF, 0xFF, 0xFF, 0xFF, 0xFF, 0xFF, 0xFF, 0xFF, 0xFF,
  0xFF, 0xFF, 0xFF, 0xFF, 0xFF, 0xFF, 0xFF, 0xFF, 0xFF, 0xFF, 0xFF, 0xFF, 0xFF, 0xFF, 0xFF, 0xFF,
  0xFF, 0xFF, 0xFF, 0xFF, 0xFF, 0xFF, 0xFF, 0xFF, 0xFF, 0xFF, 0xFF, 0xFF, 0xFF, 0xFF, 0xFF, 0xFF,
  0xFF, 0xFF, 0xFF, 0xFF, 0xFF, 0xFF, 0xFF, 0xFF, 0xFF, 0xFF, 0xFF, 0xFF, 0xFF, 0xFF, 0xFF, 0xFF,
  0xFF, 0xFF, 0xFF, 0xFF, 0xFF, 0xFF, 0xFF, 0xFF, 0xFF, 0xFF, 0xFF, 0xFF, 0xFF, 0xFF, 0xFF, 0xFF,
  0xFF, 0xFF, 0xFF, 0xFF, 0xFF, 0xFF, 0xFF, 0xFF, 0xFF, 0xFF, 0xFF, 0xFF, 0xFF, 0xFF, 0xFF, 0xFF,
  0xFF, 0xFF, 0xFF, 0xFF, 0xFF, 0xFF, 0xFF, 0xFF, 0xFF, 0xFF, 0xFF, 0xFF, 0xFF, 0xFF, 0xFF, 0xFF,
  0xFF, 0xFF, 0xFF, 0xFF, 0xFF, 0xFF, 0xFF, 0xFF, 0xFF, 0xFF, 0xFF, 0xFF, 0xFF, 0xFF, 0xFF, 0xFF,
  0xFF, 0xFF, 0xFF, 0xFF, 0xFF, 0xFF, 0xFF, 0xFF, 0xFF, 0xFF, 0xFF, 0xFF, 0xFF, 0xFF, 0xFF, 0xFF,
  0xFF, 0xFF, 0xFF, 0xFF, 0xFF, 0xFF, 0xFF, 0xFF, 0xFF, 0xFF, 0xFF, 0xFF, 0xFF, 0xFF, 0xFF, 0xFF,
  0xFF, 0xFF, 0xFF, 0xFF, 0xFF, 0xFF, 0xFF, 0xFF, 0xFF, 0xFF, 0xFF, 0xFF, 0xFF, 0xFF, 0xFF, 0xFF,
  0xFF, 0xFF, 0xFF, 0xFF, 0xFF, 0xFF, 0xFF, 0xFF, 0xFF, 0xFF, 0xFF, 0xFF, 0xFF, 0xFF, 0xFF, 0xFF,
  0xFF, 0xFF, 0xFF, 0xFF, 0xFF, 0xFF, 0xFF, 0xFF, 0xFF, 0xFF, 0xFF, 0xFF, 0xFF, 0xFF, 0xFF, 0xFF,
  0xFF, 0xFF, 0xFF, 0xFF, 0xFF, 0xFF, 0xFF, 0xFF, 0xFF, 0xFF, 0xFF, 0xFF, 0xFF, 0xFF, 0xFF, 0xFF,
  0xFF, 0xFF, 0xFF, 0xFF, 0xFF, 0xFF, 0xFF, 0xFF, 0xFF, 0xFF, 0xFF, 0xFF, 0xFF, 0xFF, 0xFF, 0xFF,
  0xFF, 0xFF, 0xFF, 0xFF, 0xFF, 0xFF, 0xFF, 0xFF, 0xFF, 0xFF, 0xFF, 0xFF, 0xFF, 0xFF, 0xFF, 0xFF,
  0xFF, 0xFF, 0xFF, 0xFF, 0xFF, 0xFF, 0xFF, 0xFF, 0xFF, 0xFF, 0xFF, 0xFF, 0xFF, 0xFF, 0xFF, 0xFF,
  0xFF, 0xFF, 0xFF, 0xFF, 0xFF, 0xFF, 0xFF, 0xFF, 0xFF, 0xFF, 0xFF, 0xFF, 0xFF, 0xFF, 0xFF, 0xFF,
  0xFF, 0xFF, 0xFF, 0xFF, 0xFF, 0xFF, 0xFF, 0xFF, 0xFF, 0xFF, 0xFF, 0xFF, 0xFF, 0xFF, 0xFF, 0xFF,
  0xFF, 0xFF, 0xFF, 0xFF, 0xFF, 0xFF, 0xFF, 0xFF, 0xFF, 0xFF, 0xFF, 0xFF, 0xFF, 0xFF, 0xFF, 0xFF,
  0xFF, 0xFF, 0xFF, 0xFF, 0xFF, 0xFF, 0xFF, 0xFF, 0xFF, 0xFF, 0xFF, 0xFF, 0xFF, 0xFF, 0xFF, 0xFF,
  0xFF, 0xFF, 0xFF, 0xFF, 0xFF, 0xFF, 0xFF, 0xFF, 0xFF, 0xFF, 0xFF, 0xFF, 0xFF, 0xFF, 0xFF, 0xFF,
  0xFF, 0xFF, 0xFF, 0xFF, 0xFF, 0xFF, 0xFF, 0xFF, 0xFF, 0xFF, 0xFF, 0xFF, 0xFF, 0xFF, 0xFF, 0xFF,
  0xFF, 0xFF, 0xFF, 0xFF, 0xFF, 0xFF, 0xFF, 0xFF, 0xFF, 0xFF, 0xFF, 0xFF, 0xFF, 0xFF, 0xFF, 0xFF,
  0xFF, 0xFF, 0xFF, 0xFF, 0xFF, 0xFF, 0xFF, 0xFF, 0xFF, 0xFF, 0xFF, 0xFF, 0xFF, 0xFF, 0xFF, 0xFF,
  0xFF, 0xFF, 0xFF, 0xFF, 0xFF, 0xFF, 0xFF, 0xFF, 0xFF, 0xFF, 0xFF, 0xFF, 0xFF, 0xFF, 0xFF, 0xFF,
  0xFF, 0xFF, 0xFF, 0xFF, 0xFF, 0xFF, 0xFF, 0xFF, 0xFF, 0xFF, 0xFF, 0xFF, 0xFF, 0xFF, 0xFF, 0xFF,
  0xFF, 0xFF, 0xFF, 0xFF, 0xFF, 0xFF, 0xFF, 0xFF, 0xFF, 0xFF, 0xFF, 0xFF, 0xFF, 0xFF, 0xFF, 0xFF,
  0xFF, 0xFF, 0xFF, 0xFF, 0xFF, 0xFF, 0xFF, 0xFF, 0xFF, 0xFF, 0xFF, 0xFF, 0xFF, 0xFF, 0xFF, 0xFF,
  0xFF, 0xFF, 0xFF, 0xFF, 0xFF, 0xFF, 0xFF, 0xFF, 0xFF, 0xFF, 0xFF, 0xFF, 0xFF, 0xFF, 0xFF, 0xFF,
  0xFF, 0xFF, 0xFF, 0xFF, 0xFF, 0xFF, 0xFF, 0xFF, 0xFF, 0xFF, 0xFF, 0xFF, 0xFF, 0xFF, 0xFF, 0xFF,
  0xFF, 0xFF, 0xFF, 0xFF, 0xFF, 0xFF, 0xFF, 0xFF, 0xFF, 0xFF, 0xFF, 0xFF, 0xFF, 0xFF, 0xFF, 0xFF,
  0xFF, 0xFF, 0xFF, 0xFF, 0xFF, 0xFF, 0xFF, 0xFF, 0xFF, 0xFF, 0xFF, 0xFF, 0xFF, 0xFF, 0xFF, 0xFF,
  0xFF, 0xFF, 0xFF, 0xFF, 0xFF, 0xFF, 0xFF, 0xFF, 0xFF, 0xFF, 0xFF, 0xFF, 0xFF, 0xFF, 0xFF, 0xFF,
  0xFF, 0xFF, 0xFF, 0xFF, 0xFF, 0xFF, 0xFF, 0xFF, 0xFF, 0xFF, 0xFF, 0xFF, 0xFF, 0xFF, 0xFF, 0xFF,
  0xFF, 0xFF, 0xFF, 0xFF, 0xFF, 0xFF, 0xFF, 0xFF, 0xFF, 0xFF, 0xFF, 0xFF, 0xFF, 0xFF, 0xFF, 0xFF,
  0xFF, 0xFF, 0xFF, 0xFF, 0xFF, 0xFF, 0xFF, 0xFF, 0xFF, 0xFF, 0xFF, 0xFF, 0xFF, 0xFF, 0xFF, 0xFF,
  0xFF, 0xFF, 0xFF, 0xFF, 0xFF, 0xFF, 0xFF, 0xFF, 0xFF, 0xFF, 0xFF, 0xFF, 0xFF, 0xFF, 0xFF, 0xFF,
  0xFF, 0xFF, 0xFF, 0xFF, 0xFF, 0xFF, 0xFF, 0xFF, 0xFF, 0xFF, 0xFF, 0xFF, 0xFF, 0xFF, 0xFF, 0xFF,
  0xFF, 0xFF, 0xFF, 0xFF, 0xFF, 0xFF, 0xFF, 0xFF, 0xFF, 0xFF, 0xFF, 0xFF, 0xFF, 0xFF, 0xFF, 0xFF,
  0xFF, 0xFF, 0xFF, 0xFF, 0xFF, 0xFF, 0xFF, 0xFF, 0xFF, 0xFF, 0xFF, 0xFF, 0xFF, 0xFF, 0xFF, 0xFF,
  0xFF, 0xFF, 0xFF, 0xFF, 0xFF, 0xFF, 0xFF, 0xFF, 0xFF, 0xFF, 0xFF, 0xFF, 0xFF, 0xFF, 0xFF, 0xFF,
  0xFF, 0xFF, 0xFF, 0xFF, 0xFF, 0xFF, 0xFF, 0xFF, 0xFF, 0xFF, 0xFF, 0xFF, 0xFF, 0xFF, 0xFF, 0xFF,
  0xFF, 0xFF, 0xFF, 0xFF, 0xFF, 0xFF, 0xFF, 0xFF, 0xFF, 0xFF, 0xFF, 0xFF, 0xFF, 0xFF, 0xFF, 0xFF,
  0xFF, 0xFF, 0xFF, 0xFF, 0xFF, 0xFF, 0xFF, 0xFF, 0xFF, 0xFF, 0xFF, 0xFF, 0xFF, 0xFF, 0xFF, 0xFF,
  0xFF, 0xFF, 0xFF, 0xFF, 0xFF, 0xFF, 0xFF, 0xFF, 0xFF, 0xFF, 0xFF, 0xFF, 0xFF, 0xFF, 0xFF, 0xFF,
  0xFF, 0xFF, 0xFF, 0xFF, 0xFF, 0xFF, 0xFF, 0xFF, 0xFF, 0xFF, 0xFF, 0xFF, 0xFF, 0xFF, 0xFF, 0xFF,
  0xFF, 0xFF, 0xFF, 0xFF, 0xFF, 0xFF, 0xFF, 0xFF, 0xFF, 0xFF, 0xFF, 0xFF, 0xFF, 0xFF, 0xFF, 0xFF,
  0xFF, 0xFF, 0xFF, 0xFF, 0xFF, 0xFF, 0xFF, 0xFF, 0xFF, 0xFF, 0xFF, 0xFF, 0xFF, 0xFF, 0xFF, 0xFF,
  0xFF, 0xFF, 0xFF, 0xFF, 0xFF, 0xFF, 0xFF, 0xFF, 0xFF, 0xFF, 0xFF, 0xFF, 0xFF, 0xFF, 0xFF, 0xFF,
  0xFF, 0xFF, 0xFF, 0xFF, 0xFF, 0xFF, 0xFF, 0xFF, 0xFF, 0xFF, 0xFF, 0xFF, 0xFF, 0xFF, 0xFF, 0xFF,
  0xFF, 0xFF, 0xFF, 0xFF, 0xFF, 0xFF, 0xFF, 0xFF, 0xFF, 0xFF, 0xFF, 0xFF, 0xFF, 0xFF, 0xFF, 0xFF,
  0xFF, 0xFF, 0xFF, 0xFF, 0xFF, 0xFF, 0xFF, 0xFF, 0xFF, 0xFF, 0xFF, 0xFF, 0xFF, 0xFF, 0xFF, 0xFF,
  0xFF, 0xFF, 0xFF, 0xFF, 0xFF, 0xFF, 0xFF, 0xFF, 0xFF, 0xFF, 0xFF, 0xFF, 0xFF, 0xFF, 0xFF, 0xFF,
  0xFF, 0xFF, 0xFF, 0xFF, 0xFF, 0xFF, 0xFF, 0xFF, 0xFF, 0xFF, 0xFF, 0xFF, 0xFF, 0xFF, 0xFF, 0xFF,
  0xFF, 0xFF, 0xFF, 0xFF, 0xFF, 0xFF, 0xFF, 0xFF, 0xFF, 0xFF, 0xFF, 0xFF, 0xFF, 0xFF, 0xFF, 0xFF,
  0xFF, 0xFF, 0xFF, 0xFF, 0xFF, 0xFF, 0xFF, 0xFF, 0xFF, 0xFF, 0xFF, 0xFF, 0xFF, 0xFF, 0xFF, 0xFF,
  0xFF, 0xFF, 0xFF, 0xFF, 0xFF, 0xFF, 0xFF, 0xFF, 0xFF, 0xFF, 0xFF, 0xFF, 0xFF, 0xFF, 0xFF, 0xFF,
  0xFF, 0xFF, 0xFF, 0xFF, 0xFF, 0xFF, 0xFF, 0xFF, 0xFF, 0xFF, 0xFF, 0xFF, 0xFF, 0xFF, 0xFF, 0xFF,
  0xFF, 0xFF, 0xFF, 0xFF, 0xFF, 0xFF, 0xFF, 0xFF, 0xFF, 0xFF, 0xFF, 0xFF, 0xFF, 0xFF, 0xFF, 0xFF,
  0xFF, 0xFF, 0xFF, 0xFF, 0xFF, 0xFF, 0xFF, 0xFF, 0xFF, 0xFF, 0xFF, 0xFF, 0xFF, 0xFF, 0xFF, 0xFF,
  0xFF, 0xFF, 0xFF, 0xFF, 0xFF, 0xFF, 0xFF, 0xFF, 0xFF, 0xFF, 0xFF, 0xFF, 0xFF, 0xFF, 0xFF, 0xFF,
  0xFF, 0xFF, 0xFF, 0xFF, 0xFF, 0xFF, 0xFF, 0xFF, 0xFF, 0xFF, 0xFF, 0xFF, 0xFF, 0xFF, 0xFF, 0xFF,
  0xFF, 0xFF, 0xFF, 0xFF, 0xFF, 0xFF, 0xFF, 0xFF, 0xFF, 0xFF, 0xFF, 0xFF, 0xFF, 0xFF, 0xFF, 0xFF,
  0xFF, 0xFF, 0xFF, 0xFF, 0xFF, 0xFF, 0xFF, 0xFF, 0xFF, 0xFF, 0xFF, 0xFF, 0xFF, 0xFF, 0xFF, 0xFF,
  0xFF, 0xFF, 0xFF, 0xFF, 0xFF, 0xFF, 0xFF, 0xFF, 0xFF, 0xFF, 0xFF, 0xFF, 0xFF, 0xFF, 0xFF, 0xFF,
  0xFF, 0xFF, 0xFF, 0xFF, 0xFF, 0xFF, 0xFF, 0xFF, 0xFF, 0xFF, 0xFF, 0xFF, 0xFF, 0xFF, 0xFF, 0xFF,
  0xFF, 0xFF, 0xFF, 0xFF, 0xFF, 0xFF, 0xFF, 0xFF, 0xFF, 0xFF, 0xFF, 0xFF, 0xFF, 0xFF, 0xFF, 0xFF,
  0xFF, 0xFF, 0xFF, 0xFF, 0xFF, 0xFF, 0xFF, 0xFF, 0xFF, 0xFF, 0xFF, 0xFF, 0xFF, 0xFF, 0xFF, 0xFF,
  0xFF, 0xFF, 0xFF, 0xFF, 0xFF, 0xFF, 0xFF, 0xFF, 0xFF, 0xFF, 0xFF, 0xFF, 0xFF, 0xFF, 0xFF, 0xFF,
  0xFF, 0xFF, 0xFF, 0xFF, 0xFF, 0xFF, 0xFF, 0xFF, 0xFF, 0xFF, 0xFF, 0xFF, 0xFF, 0xFF, 0xFF, 0xFF,
  0xFF, 0xFF, 0xFF, 0xFF, 0xFF, 0xFF, 0xFF, 0xFF, 0xFF, 0xFF, 0xFF, 0xFF, 0xFF, 0xFF, 0xFF, 0xFF,
  0xFF, 0xFF, 0xFF, 0xFF, 0xFF, 0xFF, 0xFF, 0xFF, 0xFF, 0xFF, 0xFF, 0xFF, 0xFF, 0xFF, 0xFF, 0xFF,
  0xFF, 0xFF, 0xFF, 0xFF, 0xFF, 0xFF, 0xFF, 0xFF, 0xFF, 0xFF, 0xFF, 0xFF, 0xFF, 0xFF, 0xFF, 0xFF,
  0xFF, 0xFF, 0xFF, 0xFF, 0xFF, 0xFF, 0xFF, 0xFF, 0xFF, 0xFF, 0xFF, 0xFF, 0xFF, 0xFF, 0xFF, 0xFF,
  0xFF, 0xFF, 0xFF, 0xFF, 0xFF, 0xFF, 0xFF, 0xFF, 0xFF, 0xFF, 0xFF, 0xFF, 0xFF, 0xFF, 0xFF, 0xFF,
  0xFF, 0xFF, 0xFF, 0xFF, 0xFF, 0xFF, 0xFF, 0xFF, 0xFF, 0xFF, 0xFF, 0xFF, 0xFF, 0xFF, 0xFF, 0xFF,
  0xFF, 0xFF, 0xFF, 0xFF, 0xFF, 0xFF, 0xFF, 0xFF, 0xFF, 0xFF, 0xFF, 0xFF, 0xFF, 0xFF, 0xFF, 0xFF,
  0xFF, 0xFF, 0xFF, 0xFF, 0xFF, 0xFF, 0xFF, 0xFF, 0xFF, 0xFF, 0xFF, 0xFF, 0xFF, 0xFF, 0xFF, 0xFF,
  0xFF, 0xFF, 0xFF, 0xFF, 0xFF, 0xFF, 0xFF, 0xFF, 0xFF, 0xFF, 0xFF, 0xFF, 0xFF, 0xFF, 0xFF, 0xFF,
  0xFF, 0xFF, 0xFF, 0xFF, 0xFF, 0xFF, 0xFF, 0xFF, 0xFF, 0xFF, 0xFF, 0xFF, 0xFF, 0xFF, 0xFF, 0xFF,
  0xFF, 0xFF, 0xFF, 0xFF, 0xFF, 0xFF, 0xFF, 0xFF, 0xFF, 0xFF, 0xFF, 0xFF, 0xFF, 0xFF, 0xFF, 0xFF,
  0xFF, 0xFF, 0xFF, 0xFF, 0xFF, 0xFF, 0xFF, 0xFF, 0xFF, 0xFF, 0xFF, 0xFF, 0xFF, 0xFF, 0xFF, 0xFF,
  0xFF, 0xFF, 0xFF, 0xFF, 0xFF, 0xFF, 0xFF, 0xFF, 0xFF, 0xFF, 0xFF, 0xFF, 0xFF, 0xFF, 0xFF, 0xFF,
  0xFF, 0xFF, 0xFF, 0xFF, 0xFF, 0xFF, 0xFF, 0xFF, 0xFF, 0xFF, 0xFF, 0xFF, 0xFF, 0xFF, 0xFF, 0xFF,
  0xFF, 0xFF, 0xFF, 0xFF, 0xFF, 0xFF, 0xFF, 0xFF, 0xFF, 0xFF, 0xFF, 0xFF, 0xFF, 0xFF, 0xFF, 0xFF,
  0xFF, 0xFF, 0xFF, 0xFF, 0xFF, 0xFF, 0xFF, 0xFF, 0xFF, 0xFF, 0xFF, 0xFF, 0xFF, 0xFF, 0xFF, 0xFF,
  0xFF, 0xFF, 0xFF, 0xFF, 0xFF, 0xFF, 0xFF, 0xFF, 0xFF, 0xFF, 0xFF, 0xFF, 0xFF, 0xFF, 0xFF, 0xFF,
  0xFF, 0xFF, 0xFF, 0xFF, 0xFF, 0xFF, 0xFF, 0xFF, 0xFF, 0xFF, 0xFF, 0xFF, 0xFF, 0xFF, 0xFF, 0xFF,
  0xFF, 0xFF, 0xFF, 0xFF, 0xFF, 0xFF, 0xFF, 0xFF, 0xFF, 0xFF, 0xFF, 0xFF, 0xFF, 0xFF, 0xFF, 0xFF,
  0xFF, 0xFF, 0xFF, 0xFF, 0xFF, 0xFF, 0xFF, 0xFF, 0xFF, 0xFF, 0xFF, 0xFF, 0xFF, 0xFF, 0xFF, 0xFF,
  0xFF, 0xFF, 0xFF, 0xFF, 0xFF, 0xFF, 0xFF, 0xFF, 0xFF, 0xFF, 0xFF, 0xFF, 0xFF, 0xFF, 0xFF, 0xFF,
  0xFF, 0xFF, 0xFF, 0xFF, 0xFF, 0xFF, 0xFF, 0xFF, 0xFF, 0xFF, 0xFF, 0xFF, 0xFF, 0xFF, 0xFF, 0xFF,
  0xFF, 0xFF, 0xFF, 0xFF, 0xFF, 0xFF, 0xFF, 0xFF, 0xFF, 0xFF, 0xFF, 0xFF, 0xFF, 0xFF, 0xFF, 0xFF,
  0xFF, 0xFF, 0xFF, 0xFF, 0xFF, 0xFF, 0xFF, 0xFF, 0xFF, 0xFF, 0xFF, 0xFF, 0xFF, 0xFF, 0xFF, 0xFF,
  0xFF, 0xFF, 0xFF, 0xFF, 0xFF, 0xFF, 0xFF, 0xFF, 0xFF, 0xFF, 0xFF, 0xFF, 0xFF, 0xFF, 0xFF, 0xFF,
  0xFF, 0xFF, 0xFF, 0xFF, 0xFF, 0xFF, 0xFF, 0xFF, 0xFF, 0xFF, 0xFF, 0xFF, 0xFF, 0xFF, 0xFF, 0xFF,
  0xFF, 0xFF, 0xFF, 0xFF, 0xFF, 0xFF, 0xFF, 0xFF, 0xFF, 0xFF, 0xFF, 0xFF, 0xFF, 0xFF, 0xFF, 0xFF,
  0xFF, 0xFF, 0xFF, 0xFF, 0xFF, 0xFF, 0xFF, 0xFF, 0xFF, 0xFF, 0xFF, 0xFF, 0xFF, 0xFF, 0xFF, 0xFF,
  0xFF, 0xFF, 0xFF, 0xFF, 0xFF, 0xFF, 0xFF, 0xFF, 0xFF, 0xFF, 0xFF, 0xFF, 0xFF, 0xFF, 0xFF, 0xFF,
  0xFF, 0xFF, 0xFF, 0xFF, 0xFF, 0xFF, 0xFF, 0xFF, 0xFF, 0xFF, 0xFF, 0xFF, 0xFF, 0xFF, 0xFF, 0xFF,
  0xFF, 0xFF, 0xFF, 0xFF, 0xFF, 0xFF, 0xFF, 0xFF, 0xFF, 0xFF, 0xFF, 0xFF, 0xFF, 0xFF, 0xFF, 0xFF,
  0xFF, 0xFF, 0xFF, 0xFF, 0xFF, 0xFF, 0xFF, 0xFF, 0xFF, 0xFF, 0xFF, 0xFF, 0xFF, 0xFF, 0xFF, 0xFF,
  0xFF, 0xFF, 0xFF, 0xFF, 0xFF, 0xFF, 0xFF, 0xFF, 0xFF, 0xFF, 0xFF, 0xFF, 0xFF, 0xFF, 0xFF, 0xFF,
  0xFF, 0xFF, 0xFF, 0xFF, 0xFF, 0xFF, 0xFF, 0xFF, 0xFF, 0xFF, 0xFF, 0xFF, 0xFF, 0xFF, 0xFF, 0xFF,
  0xFF, 0xFF, 0xFF, 0xFF, 0xFF, 0xFF, 0xFF, 0xFF, 0xFF, 0xFF, 0xFF, 0xFF, 0xFF, 0xFF, 0xFF, 0xFF,
  0xFF, 0xFF, 0xFF, 0xFF, 0xFF, 0xFF, 0xFF, 0xFF, 0xFF, 0xFF, 0xFF, 0xFF, 0xFF, 0xFF, 0xFF, 0xFF,
  0xFF, 0xFF, 0xFF, 0xFF, 0xFF, 0xFF, 0xFF, 0xFF, 0xFF, 0xFF, 0xFF, 0xFF, 0xFF, 0xFF, 0xFF, 0xFF,
  0xFF, 0xFF, 0xFF, 0xFF, 0xFF, 0xFF, 0xFF, 0xFF, 0xFF, 0xFF, 0xFF, 0xFF, 0xFF, 0xFF, 0xFF, 0xFF,
  0xFF, 0xFF, 0xFF, 0xFF, 0xFF, 0xFF, 0xFF, 0xFF, 0xFF, 0xFF, 0xFF, 0xFF, 0xFF, 0xFF, 0xFF, 0xFF,
  0xFF, 0xFF, 0xFF, 0xFF, 0xFF, 0xFF, 0xFF, 0xFF, 0xFF, 0xFF, 0xFF, 0xFF, 0xFF, 0xFF, 0xFF, 0xFF,
  0xFF, 0xFF, 0xFF, 0xFF, 0xFF, 0xFF, 0xFF, 0xFF, 0xFF, 0xFF, 0xFF, 0xFF, 0xFF, 0xFF, 0xFF, 0xFF,
  0xFF, 0xFF, 0xFF, 0xFF, 0xFF, 0xFF, 0xFF, 0xFF, 0xFF, 0xFF, 0xFF, 0xFF, 0xFF, 0xFF, 0xFF, 0xFF,
  0xFF, 0xFF, 0xFF, 0xFF, 0xFF, 0xFF, 0xFF, 0xFF, 0xFF, 0xFF, 0xFF, 0xFF, 0xFF, 0xFF, 0xFF, 0xFF,
  0xFF, 0xFF, 0xFF, 0xFF, 0xFF, 0xFF, 0xFF, 0xFF, 0xFF, 0xFF, 0xFF, 0xFF, 0xFF, 0xFF, 0xFF, 0xFF,
  0xFF, 0xFF, 0xFF, 0xFF, 0xFF, 0xFF, 0xFF, 0xFF, 0xFF, 0xFF, 0xFF, 0xFF, 0xFF, 0xFF, 0xFF, 0xFF,
  0xFF, 0xFF, 0xFF, 0xFF, 0xFF, 0xFF, 0xFF, 0xFF, 0xFF, 0xFF, 0xFF, 0xFF, 0xFF, 0xFF, 0xFF, 0xFF,
  0xFF, 0xFF, 0xFF, 0xFF, 0xFF, 0xFF, 0xFF, 0xFF, 0xFF, 0xFF, 0xFF, 0xFF, 0xFF, 0xFF, 0xFF, 0xFF,
  0xFF, 0xFF, 0xFF, 0xFF, 0xFF, 0xFF, 0xFF, 0xFF, 0xFF, 0xFF, 0xFF, 0xFF, 0xFF, 0xFF, 0xFF, 0xFF,
  0xFF, 0xFF, 0xFF, 0xFF, 0xFF, 0xFF, 0xFF, 0xFF, 0xFF, 0xFF, 0xFF, 0xFF, 0xFF, 0xFF, 0xFF, 0xFF,
  0xFF, 0xFF, 0xFF, 0xFF, 0xFF, 0xFF, 0xFF, 0xFF, 0xFF, 0xFF, 0xFF, 0xFF, 0xFF, 0xFF, 0xFF, 0xFF,
  0xFF, 0xFF, 0xFF, 0xFF, 0xFF, 0xFF, 0xFF, 0xFF, 0xFF, 0xFF, 0xFF, 0xFF, 0xFF, 0xFF, 0xFF, 0xFF,
  0xFF, 0xFF, 0xFF, 0xFF, 0xFF, 0xFF, 0xFF, 0xFF, 0xFF, 0xFF, 0xFF, 0xFF, 0xFF, 0xFF, 0xFF, 0xFF,
  0xFF, 0xFF, 0xFF, 0xFF, 0xFF, 0xFF, 0xFF, 0xFF, 0xFF, 0xFF, 0xFF, 0xFF, 0xFF, 0xFF, 0xFF, 0xFF,
  0xFF, 0xFF, 0xFF, 0xFF, 0xFF, 0xFF, 0xFF, 0xFF, 0xFF, 0xFF, 0xFF, 0xFF, 0xFF, 0xFF, 0xFF, 0xFF,
  0xFF, 0xFF, 0xFF, 0xFF, 0xFF, 0xFF, 0xFF, 0xFF, 0xFF, 0xFF, 0xFF, 0xFF, 0xFF, 0xFF, 0xFF, 0xFF,
  0xFF, 0xFF, 0xFF, 0xFF, 0xFF, 0xFF, 0xFF, 0xFF, 0xFF, 0xFF, 0xFF, 0xFF, 0xFF, 0xFF, 0xFF, 0xFF,
  0xFF, 0xFF, 0xFF, 0xFF, 0xFF, 0xFF, 0xFF, 0xFF, 0xFF, 0xFF, 0xFF, 0xFF, 0xFF, 0xFF, 0xFF, 0xFF,
  0xFF, 0xFF, 0xFF, 0xFF, 0xFF, 0xFF, 0xFF, 0xFF, 0xFF, 0xFF, 0xFF, 0xFF, 0xFF, 0xFF, 0xFF, 0xFF,
  0xFF, 0xFF, 0xFF, 0xFF, 0xFF, 0xFF, 0xFF, 0xFF, 0xFF, 0xFF, 0xFF, 0xFF, 0xFF, 0xFF, 0xFF, 0xFF,
  0xFF, 0xFF, 0xFF, 0xFF, 0xFF, 0xFF, 0xFF, 0xFF, 0xFF, 0xFF, 0xFF, 0xFF, 0xFF, 0xFF, 0xFF, 0xFF,
  0xFF, 0xFF, 0xFF, 0xFF, 0xFF, 0xFF, 0xFF, 0xFF, 0xFF, 0xFF, 0xFF, 0xFF, 0xFF, 0xFF, 0xFF, 0xFF,
  0xFF, 0xFF, 0xFF, 0xFF, 0xFF, 0xFF, 0xFF, 0xFF, 0xFF, 0xFF, 0xFF, 0xFF, 0xFF, 0xFF, 0xFF, 0xFF,
  0xFF, 0xFF, 0xFF, 0xFF, 0xFF, 0xFF, 0xFF, 0xFF, 0xFF, 0xFF, 0xFF, 0xFF, 0xFF, 0xFF, 0xFF, 0xFF,
  0xFF, 0xFF, 0xFF, 0xFF, 0xFF, 0xFF, 0xFF, 0xFF, 0xFF, 0xFF, 0xFF, 0xFF, 0xFF, 0xFF, 0xFF, 0xFF,
  0xFF, 0xFF, 0xFF, 0xFF, 0xFF, 0xFF, 0xFF, 0xFF, 0xFF, 0xFF, 0xFF, 0xFF, 0xFF, 0xFF, 0xFF, 0xFF,
  0xFF, 0xFF, 0xFF, 0xFF, 0xFF, 0xFF, 0xFF, 0xFF, 0xFF, 0xFF, 0xFF, 0xFF, 0xFF, 0xFF, 0xFF, 0xFF,
  0xFF, 0xFF, 0xFF, 0xFF, 0xFF, 0xFF, 0xFF, 0xFF, 0xFF, 0xFF, 0xFF, 0xFF, 0xFF, 0xFF, 0xFF, 0xFF,
  0xFF, 0xFF, 0xFF, 0xFF, 0xFF, 0xFF, 0xFF, 0xFF, 0xFF, 0xFF, 0xFF, 0xFF, 0xFF, 0xFF, 0xFF, 0xFF,
  0xFF, 0xFF, 0xFF, 0xFF, 0xFF, 0xFF, 0xFF, 0xFF, 0xFF, 0xFF, 0xFF, 0xFF, 0xFF, 0xFF, 0xFF, 0xFF,
  0xFF, 0xFF, 0xFF, 0xFF, 0xFF, 0xFF, 0xFF, 0xFF, 0xFF, 0xFF, 0xFF, 0xFF, 0xFF, 0xFF, 0xFF, 0xFF,
  0xFF, 0xFF, 0xFF, 0xFF, 0xFF, 0xFF, 0xFF, 0xFF, 0xFF, 0xFF, 0xFF, 0xFF, 0xFF, 0xFF, 0xFF, 0xFF,
  0xFF, 0xFF, 0xFF, 0xFF, 0xFF, 0xFF, 0xFF, 0xFF, 0xFF, 0xFF, 0xFF, 0xFF, 0xFF, 0xFF, 0xFF, 0xFF,
  0xFF, 0xFF, 0xFF, 0xFF, 0xFF, 0xFF, 0xFF, 0xFF, 0xFF, 0xFF, 0xFF, 0xFF, 0xFF, 0xFF, 0xFF, 0xFF,
  0xFF, 0xFF, 0xFF, 0xFF, 0xFF, 0xFF, 0xFF, 0xFF, 0xFF, 0xFF, 0xFF, 0xFF, 0xFF, 0xFF, 0xFF, 0xFF,
  0xFF, 0xFF, 0xFF, 0xFF, 0xFF, 0xFF, 0xFF, 0xFF, 0xFF, 0xFF, 0xFF, 0xFF, 0xFF, 0xFF, 0xFF, 0xFF,
  0xFF, 0xFF, 0xFF, 0xFF, 0xFF, 0xFF, 0xFF, 0xFF, 0xFF, 0xFF, 0xFF, 0xFF, 0xFF, 0xFF, 0xFF, 0xFF,
  0xFF, 0xFF, 0xFF, 0xFF, 0xFF, 0xFF, 0xFF, 0xFF, 0xFF, 0xFF, 0xFF, 0xFF, 0xFF, 0xFF, 0xFF, 0xFF,
  0xFF, 0xFF, 0xFF, 0xFF, 0xFF, 0xFF, 0xFF, 0xFF, 0xFF, 0xFF, 0xFF, 0xFF, 0xFF, 0xFF, 0xFF, 0xFF,
  0xFF, 0xFF, 0xFF, 0xFF, 0xFF, 0xFF, 0xFF, 0xFF, 0xFF, 0xFF, 0xFF, 0xFF, 0xFF, 0xFF, 0xFF, 0xFF,
  0xFF, 0xFF, 0xFF, 0xFF, 0xFF, 0xFF, 0xFF, 0xFF, 0xFF, 0xFF, 0xFF, 0xFF, 0xFF, 0xFF, 0xFF, 0xFF,
  0xFF, 0xFF, 0xFF, 0xFF, 0xFF, 0xFF, 0xFF, 0xFF, 0xFF, 0xFF, 0xFF, 0xFF, 0xFF, 0xFF, 0xFF, 0xFF,
  0xFF, 0xFF, 0xFF, 0xFF, 0xFF, 0xFF, 0xFF, 0xFF, 0xFF, 0xFF, 0xFF, 0xFF, 0xFF, 0xFF, 0xFF, 0xFF,
  0xFF, 0xFF, 0xFF, 0xFF, 0xFF, 0xFF, 0xFF, 0xFF, 0xFF, 0xFF, 0xFF, 0xFF, 0xFF, 0xFF, 0xFF, 0xFF,
  0xFF, 0xFF, 0xFF, 0xFF, 0xFF, 0xFF, 0xFF, 0xFF, 0xFF, 0xFF, 0xFF, 0xFF, 0xFF, 0xFF, 0xFF, 0xFF,
  0xFF, 0xFF, 0xFF, 0xFF, 0xFF, 0xFF, 0xFF, 0xFF, 0xFF, 0xFF, 0xFF, 0xFF, 0xFF, 0xFF, 0xFF, 0xFF,
  0xFF, 0xFF, 0xFF, 0xFF, 0xFF, 0xFF, 0xFF, 0xFF, 0xFF, 0xFF, 0xFF, 0xFF, 0xFF, 0xFF, 0xFF, 0xFF,
  0xFF, 0xFF, 0xFF, 0xFF, 0xFF, 0xFF, 0xFF, 0xFF, 0xFF, 0xFF, 0xFF, 0xFF, 0xFF, 0xFF, 0xFF, 0xFF,
  0xFF, 0xFF, 0xFF, 0xFF, 0xFF, 0xFF, 0xFF, 0xFF, 0xFF, 0xFF, 0xFF, 0xFF, 0xFF, 0xFF, 0xFF, 0xFF,
  0xFF, 0xFF, 0xFF, 0xFF, 0xFF, 0xFF, 0xFF, 0xFF, 0xFF, 0xFF, 0xFF, 0xFF, 0xFF, 0xFF, 0xFF, 0xFF,
  0xFF, 0xFF, 0xFF, 0xFF, 0xFF, 0xFF, 0xFF, 0xFF, 0xFF, 0xFF, 0xFF, 0xFF, 0xFF, 0xFF, 0xFF, 0xFF,
  0xFF, 0xFF, 0xFF, 0xFF, 0xFF, 0xFF, 0xFF, 0xFF, 0xFF, 0xFF, 0xFF, 0xFF, 0xFF, 0xFF, 0xFF, 0xFF,
  0xFF, 0xFF, 0xFF, 0xFF, 0xFF, 0xFF, 0xFF, 0xFF, 0xFF, 0xFF, 0xFF, 0xFF, 0xFF, 0xFF, 0xFF, 0xFF,
  0xFF, 0xFF, 0xFF, 0xFF, 0xFF, 0xFF, 0xFF, 0xFF, 0xFF, 0xFF, 0xFF, 0xFF, 0xFF, 0xFF, 0xFF, 0xFF,
  0xFF, 0xFF, 0xFF, 0xFF, 0xFF, 0xFF, 0xFF, 0xFF, 0xFF, 0xFF, 0xFF, 0xFF, 0xFF, 0xFF, 0xFF, 0xFF,
  0xFF, 0xFF, 0xFF, 0xFF, 0xFF, 0xFF, 0xFF, 0xFF, 0xFF, 0xFF, 0xFF, 0xFF, 0xFF, 0xFF, 0xFF, 0xFF,
  0xFF, 0xFF, 0xFF, 0xFF, 0xFF, 0xFF, 0xFF, 0xFF, 0xFF, 0xFF, 0xFF, 0xFF, 0xFF, 0xFF, 0xFF, 0xFF,
  0xFF, 0xFF, 0xFF, 0xFF, 0xFF, 0xFF, 0xFF, 0xFF, 0xFF, 0xFF, 0xFF, 0xFF, 0xFF, 0xFF, 0xFF, 0xFF,
  0xFF, 0xFF, 0xFF, 0xFF, 0xFF, 0xFF, 0xFF, 0xFF, 0xFF, 0xFF, 0xFF, 0xFF,
};

static const SpriteBitmapRegion puzzle_totoroBitmaps[1] PROGMEM = {
  { 0, 0, 168, 252 }, // full
};

static const SpriteSheetRegion puzzle_totoroRegions[1] PROGMEM = {
  { 0, 0, 168, 252 }, // full
};

static const SpriteAsset puzzle_totoro PROGMEM = {
  SPRITE_BPP_8,
  PUZZLE_TOTORO_SHEET_WIDTH,
  PUZZLE_TOTORO_SHEET_HEIGHT,
  PUZZLE_TOTORO_PALETTE_COUNT,
  puzzle_totoroPalette,
  puzzle_totoroPixels,
  puzzle_totoroMask,
};

#define PUZZLE_TOTORO_WIDTH PUZZLE_TOTORO_SHEET_WIDTH
#define PUZZLE_TOTORO_HEIGHT PUZZLE_TOTORO_SHEET_HEIGHT


#endif
