#ifndef _SPRITE_GROCERY_FOOD_H_
#define _SPRITE_GROCERY_FOOD_H_
#include <Arduino.h>

#define SPRITE_GROCERY_FOOD_WIDTH 864
#define SPRITE_GROCERY_FOOD_HEIGHT 24

const unsigned short sprite_grocery_food[20736] PROGMEM={
  0xFFFF, 0xFFFF, 0xFFFF, 0xFFFF, 0xFFFF, 0xFFFF, 0xFFFF, 0xFFFF, 0xFFFF, 0xFFFF, 0xFFFF, 0xFFFF,
  0xFFFF, 0xFFFF, 0xFFFF, 0xFFFF, 0xFFFF, 0xFFFF, 0xFFFF, 0xFFFF, 0xFFFF, 0xFFFF, 0xFFFF, 0xFFFF,
  0xFFFF, 0xFFFF, 0xFFFF, 0xFFFF, 0xFFFF, 0xFFFF, 0xFFFF, 0xFFFF, 0xFFFF, 0xFFFF, 0xFFFF, 0xFFFF,
  0xFFFF, 0xFFFF, 0xFFFF, 0xFFFF, 0xFFFF, 0xFFFF, 0xFFFF, 0xFFFF, 0xFFFF, 0xFFFF, 0xFFFF, 0xFFFF,
  0xFFFF, 0xFFFF, 0xFFFF, 0xFFFF, 0xFFFF, 0xFFFF, 0xFFFF, 0xFFFF, 0xFFFF, 0xFFFF, 0xFFFF, 0xFFFF,
  0xFFFF, 0xFFFF, 0xFFFF, 0xFFFF, 0xFFFF, 0xFFFF, 0xFFFF, 0xFFFF, 0xFFFF, 0xFFFF, 0xFFFF, 0xFFFF,
  0xFFFF, 0xFFFF, 0xFFFF, 0xFFFF, 0xFFFF, 0xFFFF, 0xFFFF, 0xFFFF, 0xFFFF, 0xFFFF, 0xFFFF, 0xFFFF,
  0xFFFF, 0xFFFF, 0xFFFF, 0xFFFF, 0xFFFF, 0xFFFF, 0xFFFF, 0xFFFF, 0xFFFF, 0xFFFF, 0xFFFF, 0xFFFF,
  0xFFFF, 0xFFFF, 0xFFFF, 0xFFFF, 0xFFFF, 0xFFFF, 0xFFFF, 0xFFFF, 0xFFFF, 0xFFFF, 0xFFFF, 0xFFFF,
  0xFFFF, 0xFFFF, 0xFFFF, 0xFFFF, 0xFFFF, 0xFFFF, 0xFFFF, 0xFFFF, 0xFFFF, 0xFFFF, 0xFFFF, 0xFFFF,
  0xFFFF, 0xFFFF, 0xFFFF, 0xFFFF, 0xFFFF, 0xFFFF, 0xFFFF, 0xFFFF, 0xFFFF, 0xFFFF, 0xFFFF, 0xFFFF,
  0xFFFF, 0xFFFF, 0xFFFF, 0xFFFF, 0xFFFF, 0xFFFF, 0xFFFF, 0xFFFF, 0xFFFF, 0xFFFF, 0xFFFF, 0xFFFF,
  0xFFFF, 0xFFFF, 0xFFFF, 0xFFFF, 0xFFFF, 0xFFFF, 0xFFFF, 0xFFFF, 0xFFFF, 0xFFFF, 0xFFFF, 0xFFFF,
  0xFFFF, 0xFFFF, 0xFFFF, 0xFFFF, 0xFFFF, 0xFFFF, 0xFFFF, 0xFFFF, 0xFFFF, 0xFFFF, 0xFFFF, 0xFFFF,
  0xFFFF, 0xFFFF, 0xFFFF, 0xFFFF, 0xFFFF, 0xFFFF, 0xFFFF, 0xFFFF, 0xFFFF, 0xFFFF, 0xFFFF, 0xFFFF,
  0xFFFF, 0xFFFF, 0xFFFF, 0xFFFF, 0xFFFF, 0xFFFF, 0xFFFF, 0xFFFF, 0xFFFF, 0xFFFF, 0xFFFF, 0xFFFF,
  0xFFFF, 0xFFFF, 0xFFFF, 0xFFFF, 0xFFFF, 0xFFFF, 0xFFFF, 0xFFFF, 0xFFFF, 0xFFFF, 0xFFFF, 0xFFFF,
  0xFFFF, 0xFFFF, 0xFFFF, 0xFFFF, 0xFFFF, 0xFFFF, 0xFFFF, 0xFFFF, 0xFFFF, 0xFFFF, 0xFFFF, 0xFFFF,
  0xFFFF, 0xFFFF, 0xFFFF, 0xFFFF, 0xFFFF, 0xFFFF, 0xFFFF, 0xFFFF, 0xFFFF, 0xFFFF, 0xFFFF, 0xFFFF,
  0xFFFF, 0xFFFF, 0xFFFF, 0xFFFF, 0xFFFF, 0xFFFF, 0xFFFF, 0xFFFF, 0xFFFF, 0xFFFF, 0xFFFF, 0xFFFF,
  0xFFFF, 0xFFFF, 0xFFFF, 0xFFFF, 0xFFFF, 0xFFFF, 0xFFFF, 0xFFFF, 0xFFFF, 0xFFFF, 0xFFFF, 0xFFFF,
  0xFFFF, 0xFFFF, 0xFFFF, 0xFFFF, 0xFFFF, 0xFFFF, 0xFFFF, 0xFFFF, 0xFFFF, 0xFFFF, 0xFFFF, 0xFFFF,
  0xFFFF, 0xFFFF, 0xFFFF, 0xFFFF, 0xFFFF, 0xFFFF, 0xFFFF, 0xFFFF, 0xFFFF, 0xFFFF, 0xFFFF, 0xFFFF,
  0xFFFF, 0xFFFF, 0xFFFF, 0xFFFF, 0xFFFF, 0xFFFF, 0xFFFF, 0xFFFF, 0xFFFF, 0xFFFF, 0xFFFF, 0xFFFF,
  0xFFFF, 0xFFFF, 0xFFFF, 0xFFFF, 0xFFFF, 0xFFFF, 0xFFFF, 0xFFFF, 0xFFFF, 0xFFFF, 0xFFFF, 0xFFFF,
  0xFFFF, 0xFFFF, 0xFFFF, 0xFFFF, 0xFFFF, 0xFFFF, 0xFFFF, 0xFFFF, 0xFFFF, 0xFFFF, 0xFFFF, 0xFFFF,
  0xFFFF, 0xFFFF, 0xFFFF, 0xFFFF, 0xFFFF, 0xFFFF, 0xFFFF, 0xFFFF, 0xFFFF, 0xFFFF, 0xFFFF, 0xFFFF,
  0xFFFF, 0xFFFF, 0xFFFF, 0xFFFF, 0xFFFF, 0xFFFF, 0xFFFF, 0xFFFF, 0xFFFF, 0xFFFF, 0xFFFF, 0xFFFF,
  0xFFFF, 0xFFFF, 0xFFFF, 0xFFFF, 0xFFFF, 0xFFFF, 0xFFFF, 0xFFFF, 0xFFFF, 0xFFFF, 0xFFFF, 0xFFFF,
  0xFFFF, 0xFFFF, 0xFFFF, 0xFFFF, 0xFFFF, 0xFFFF, 0xFFFF, 0xFFFF, 0xFFFF, 0xFFFF, 0xFFFF, 0xFFFF,
  0xFFFF, 0xFFFF, 0xFFFF, 0xFFFF, 0xFFFF, 0xFFFF, 0xFFFF, 0xFFFF, 0xFFFF, 0xFFFF, 0xFFFF, 0xFFFF,
  0xFFFF, 0xFFFF, 0xFFFF, 0xFFFF, 0xFFFF, 0xFFFF, 0x000C, 0x000C, 0x000C, 0xFFFF, 0xFFFF, 0xFFFF,
  0xFFFF, 0xFFFF, 0xFFFF, 0xFFFF, 0xFFFF, 0xFFFF, 0xFFFF, 0xFFFF, 0xFFFF, 0xFFFF, 0xFFFF, 0xFFFF,
  0xFFFF, 0xFFFF, 0xFFFF, 0xFFFF, 0xFFFF, 0xFFFF, 0xFFFF, 0xFFFF, 0xFFFF, 0xFFFF, 0xFFFF, 0xFFFF,
  0xFFFF, 0xFFFF, 0xFFFF, 0xFFFF, 0xFFFF, 0xFFFF, 0xFFFF, 0xFFFF, 0xFFFF, 0xFFFF, 0xFFFF, 0xFFFF,
  0xFFFF, 0xFFFF, 0xFFFF, 0xFFFF, 0xFFFF, 0xFFFF, 0xFFFF, 0xFFFF, 0xFFFF, 0xFFFF, 0xFFFF, 0xFFFF,
  0xFFFF, 0xFFFF, 0xFFFF, 0xFFFF, 0xFFFF, 0xFFFF, 0xFFFF, 0xFFFF, 0xFFFF, 0xFFFF, 0xFFFF, 0xFFFF,
  0xFFFF, 0xFFFF, 0xFFFF, 0xFFFF, 0xFFFF, 0xFFFF, 0xFFFF, 0xFFFF, 0xFFFF, 0xFFFF, 0xFFFF, 0xFFFF,
  0xFFFF, 0xFFFF, 0xFFFF, 0xFFFF, 0xFFFF, 0xFFFF, 0xFFFF, 0xFFFF, 0xFFFF, 0xFFFF, 0xFFFF, 0xFFFF,
  0xFFFF, 0xFFFF, 0xFFFF, 0xFFFF, 0xFFFF, 0xFFFF, 0xFFFF, 0xFFFF, 0xFFFF, 0xFFFF, 0xFFFF, 0xFFFF,
  0xFFFF, 0xFFFF, 0xFFFF, 0xFFFF, 0xFFFF, 0xFFFF, 0xFFFF, 0xFFFF, 0xFFFF, 0xFFFF, 0xFFFF, 0xFFFF,
  0xFFFF, 0xFFFF, 0xFFFF, 0xFFFF, 0xFFFF, 0xFFFF, 0xFFFF, 0xFFFF, 0xFFFF, 0xFFFF, 0xFFFF, 0xFFFF,
  0xFFFF, 0xFFFF, 0xFFFF, 0xFFFF, 0xFFFF, 0xFFFF, 0xFFFF, 0xFFFF, 0xFFFF, 0xFFFF, 0xFFFF, 0xFFFF,
  0xFFFF, 0xFFFF, 0xFFFF, 0xFFFF, 0xFFFF, 0xFFFF, 0xFFFF, 0xFFFF, 0xFFFF, 0xFFFF, 0xFFFF, 0xFFFF,
  0xFFFF, 0xFFFF, 0xFFFF, 0xFFFF, 0xFFFF, 0xFFFF, 0xFFFF, 0xFFFF, 0xFFFF, 0xFFFF, 0xFFFF, 0xFFFF,
  0xFFFF, 0xFFFF, 0xFFFF, 0xFFFF, 0xFFFF, 0xFFFF, 0xFFFF, 0xFFFF, 0xFFFF, 0xFFFF, 0xFFFF, 0xFFFF,
  0xFFFF, 0xFFFF, 0xFFFF, 0xFFFF, 0xFFFF, 0xFFFF, 0xFFFF, 0xFFFF, 0xFFFF, 0xFFFF, 0xFFFF, 0xFFFF,
  0xFFFF, 0xFFFF, 0xFFFF, 0xFFFF, 0xFFFF, 0xFFFF, 0xFFFF, 0xFFFF, 0xFFFF, 0xFFFF, 0xFFFF, 0xFFFF,
  0xFFFF, 0xFFFF, 0xFFFF, 0xFFFF, 0xFFFF, 0xFFFF, 0xFFFF, 0xFFFF, 0xFFFF, 0xFFFF, 0xFFFF, 0xFFFF,
  0xFFFF, 0xFFFF, 0xFFFF, 0xFFFF, 0xFFFF, 0xFFFF, 0xFFFF, 0xFFFF, 0xFFFF, 0xFFFF, 0xFFFF, 0xFFFF,
  0xFFFF, 0xFFFF, 0xFFFF, 0xFFFF, 0xFFFF, 0xFFFF, 0xFFFF, 0xFFFF, 0xFFFF, 0xFFFF, 0xFFFF, 0xFFFF,
  0xFFFF, 0xFFFF, 0xFFFF, 0xFFFF, 0xFFFF, 0xFFFF, 0xFFFF, 0xFFFF, 0xFFFF, 0xFFFF, 0xFFFF, 0xFFFF,
  0xFFFF, 0xFFFF, 0xFFFF, 0xFFFF, 0xFFFF, 0xFFFF, 0xFFFF, 0xFFFF, 0xFFFF, 0xFFFF, 0xFFFF, 0xFFFF,
  0xFFFF, 0xFFFF, 0xFFFF, 0xFFFF, 0xFFFF, 0xFFFF, 0xFFFF, 0xFFFF, 0xFFFF, 0xFFFF, 0xFFFF, 0xFFFF,
  0xFFFF, 0xFFFF, 0xFFFF, 0xFFFF, 0xFFFF, 0xFFFF, 0xFFFF, 0xFFFF, 0xFFFF, 0xFFFF, 0xFFFF, 0xFFFF,
  0xFFFF, 0xFFFF, 0xFFFF, 0xFFFF, 0xFFFF, 0xFFFF, 0xFFFF, 0xFFFF, 0xFFFF, 0xFFFF, 0xFFFF, 0xFFFF,
  0xFFFF, 0xFFFF, 0xFFFF, 0xFFFF, 0xFFFF, 0xFFFF, 0xFFFF, 0xFFFF, 0xFFFF, 0xFFFF, 0xFFFF, 0xFFFF,
  0xFFFF, 0xFFFF, 0xFFFF, 0xFFFF, 0xFFFF, 0xFFFF, 0xFFFF, 0xFFFF, 0xFFFF, 0xFFFF, 0xFFFF, 0xFFFF,
  0xFFFF, 0xFFFF, 0xFFFF, 0xFFFF, 0xFFFF, 0xFFFF, 0xFFFF, 0xFFFF, 0xFFFF, 0xFFFF, 0xFFFF, 0xFFFF,
  0xFFFF, 0xFFFF, 0xFFFF, 0xFFFF, 0xFFFF, 0xFFFF, 0xFFFF, 0xFFFF, 0xFFFF, 0xFFFF, 0xFFFF, 0xFFFF,
  0xFFFF, 0xFFFF, 0xFFFF, 0xFFFF, 0xFFFF, 0xFFFF, 0xFFFF, 0xFFFF, 0xFFFF, 0xFFFF, 0xFFFF, 0xFFFF,
  0xFFFF, 0xFFFF, 0xFFFF, 0x000C, 0xFFFF, 0x000C, 0xFFFF, 0xFFFF, 0xFFFF, 0xFFFF, 0xFFFF, 0xFFFF,
  0xFFFF, 0xFFFF, 0xFFFF, 0xFFFF, 0xFFFF, 0xFFFF, 0xFFFF, 0xFFFF, 0xFFFF, 0xFFFF, 0xFFFF, 0xFFFF,
  0xFFFF, 0xFFFF, 0xFFFF, 0xFFFF, 0xFFFF, 0xFFFF, 0xFFFF, 0xFFFF, 0xFFFF, 0xFFFF, 0xFFFF, 0xFFFF,
  0xFFFF, 0xFFFF, 0xFFFF, 0xFFFF, 0xFFFF, 0xFFFF, 0xFFFF, 0xFFFF, 0xFFFF, 0xFFFF, 0xFFFF, 0xFFFF,
  0xFFFF, 0xFFFF, 0xFFFF, 0xFFFF, 0xFFFF, 0xFFFF, 0xFFFF, 0xFFFF, 0xFFFF, 0xFFFF, 0xFFFF, 0xFFFF,
  0xFFFF, 0xFFFF, 0xFFFF, 0xFFFF, 0xFFFF, 0xFFFF, 0xFFFF, 0xFFFF, 0x000C, 0x000C, 0x000C, 0x000C,
  0x000C, 0x000C, 0x000C, 0x000C, 0xFFFF, 0xFFFF, 0xFFFF, 0xFFFF, 0xFFFF, 0xFFFF, 0xFFFF, 0xFFFF,
  0xFFFF, 0xFFFF, 0xFFFF, 0xFFFF, 0xFFFF, 0xFFFF, 0xFFFF, 0xFFFF, 0x000C, 0x000C, 0x000C, 0x000C,
  0x000C, 0x000C, 0x000C, 0x000C, 0xFFFF, 0xFFFF, 0xFFFF, 0xFFFF, 0xFFFF, 0xFFFF, 0xFFFF, 0xFFFF,
  0xFFFF, 0xFFFF, 0xFFFF, 0xFFFF, 0xFFFF, 0xFFFF, 0xFFFF, 0xFFFF, 0x000C, 0x000C, 0x000C, 0x000C,
  0x000C, 0x000C, 0x000C, 0x000C, 0xFFFF, 0xFFFF, 0xFFFF, 0xFFFF, 0xFFFF, 0xFFFF, 0xFFFF, 0xFFFF,
  0xFFFF, 0xFFFF, 0xFFFF, 0xFFFF, 0xFFFF, 0xFFFF, 0xFFFF, 0xFFFF, 0xFFFF, 0xFFFF, 0xFFFF, 0xFFFF,
  0xFFFF, 0xFFFF, 0xFFFF, 0xFFFF, 0xFFFF, 0xFFFF, 0xFFFF, 0xFFFF, 0xFFFF, 0xFFFF, 0xFFFF, 0xFFFF,
  0xFFFF, 0xFFFF, 0xFFFF, 0xFFFF, 0xFFFF, 0xFFFF, 0xFFFF, 0xFFFF, 0xFFFF, 0xFFFF, 0xFFFF, 0xFFFF,
  0xFFFF, 0xFFFF, 0xFFFF, 0xFFFF, 0xFFFF, 0xFFFF, 0xFFFF, 0xFFFF, 0xFFFF, 0xFFFF, 0xFFFF, 0xFFFF,
  0xFFFF, 0xFFFF, 0xFFFF, 0xFFFF, 0xFFFF, 0xFFFF, 0xFFFF, 0xFFFF, 0xFFFF, 0xFFFF, 0xFFFF, 0xFFFF,
  0xFFFF, 0xFFFF, 0xFFFF, 0xFFFF, 0xFFFF, 0xFFFF, 0xFFFF, 0xFFFF, 0xFFFF, 0xFFFF, 0xFFFF, 0xFFFF,
  0xFFFF, 0xFFFF, 0xFFFF, 0xFFFF, 0xFFFF, 0xFFFF, 0xFFFF, 0xFFFF, 0xFFFF, 0xFFFF, 0xFFFF, 0x000C,
  0x000C, 0x000C, 0x000C, 0x000C, 0x000C, 0xFFFF, 0xFFFF, 0xFFFF, 0xFFFF, 0xFFFF, 0xFFFF, 0xFFFF,
  0xFFFF, 0xFFFF, 0xFFFF, 0xFFFF, 0xFFFF, 0xFFFF, 0xFFFF, 0xFFFF, 0xFFFF, 0xFFFF, 0xFFFF, 0xFFFF,
  0x000C, 0x000C, 0xFFFF, 0xFFFF, 0xFFFF, 0xFFFF, 0xFFFF, 0xFFFF, 0xFFFF, 0xFFFF, 0xFFFF, 0xFFFF,
  0xFFFF, 0xFFFF, 0xFFFF, 0xFFFF, 0xFFFF, 0xFFFF, 0xFFFF, 0xFFFF, 0xFFFF, 0xFFFF, 0xFFFF, 0xFFFF,
  0xFFFF, 0xFFFF, 0xFFFF, 0xFFFF, 0xFFFF, 0xFFFF, 0xFFFF, 0xFFFF, 0xFFFF, 0xFFFF, 0xFFFF, 0xFFFF,
  0xFFFF, 0xFFFF, 0xFFFF, 0xFFFF, 0x000C, 0x000C, 0x000C, 0x000C, 0xFFFF, 0xFFFF, 0xFFFF, 0x000C,
  0xFFFF, 0xFFFF, 0xFFFF, 0xFFFF, 0xFFFF, 0xFFFF, 0xFFFF, 0xFFFF, 0xFFFF, 0xFFFF, 0xFFFF, 0xFFFF,
  0xFFFF, 0xFFFF, 0xFFFF, 0xFFFF, 0x000C, 0x000C, 0x000C, 0x000C, 0xFFFF, 0xFFFF, 0xFFFF, 0x000C,
  0xFFFF, 0xFFFF, 0xFFFF, 0xFFFF, 0xFFFF, 0xFFFF, 0xFFFF, 0xFFFF, 0xFFFF, 0xFFFF, 0xFFFF, 0xFFFF,
  0xFFFF, 0xFFFF, 0xFFFF, 0xFFFF, 0xFFFF, 0xFFFF, 0xFFFF, 0xFFFF, 0xFFFF, 0xFFFF, 0xFFFF, 0xFFFF,
  0xFFFF, 0xFFFF, 0xFFFF, 0xFFFF, 0xFFFF, 0xFFFF, 0xFFFF, 0xFFFF, 0xFFFF, 0xFFFF, 0xFFFF, 0xFFFF,
  0xFFFF, 0xFFFF, 0xFFFF, 0xFFFF, 0xFFFF, 0xFFFF, 0xFFFF, 0xFFFF, 0xFFFF, 0xFFFF, 0xFFFF, 0xFFFF,
  0xFFFF, 0xFFFF, 0xFFFF, 0xFFFF, 0xFFFF, 0xFFFF, 0xFFFF, 0xFFFF, 0xFFFF, 0xFFFF, 0xFFFF, 0xFFFF,
  0xFFFF, 0xFFFF, 0xFFFF, 0xFFFF, 0xFFFF, 0xFFFF, 0xFFFF, 0xFFFF, 0xFFFF, 0xFFFF, 0xFFFF, 0xFFFF,
  0xFFFF, 0xFFFF, 0xFFFF, 0xFFFF, 0xFFFF, 0xFFFF, 0xFFFF, 0xFFFF, 0xFFFF, 0xFFFF, 0xFFFF, 0xFFFF,
  0xFFFF, 0xFFFF, 0xFFFF, 0xFFFF, 0xFFFF, 0xFFFF, 0xFFFF, 0xFFFF, 0xFFFF, 0xFFFF, 0xFFFF, 0xFFFF,
  0xFFFF, 0xFFFF, 0xFFFF, 0xFFFF, 0xFFFF, 0xFFFF, 0xFFFF, 0xFFFF, 0xFFFF, 0xFFFF, 0xFFFF, 0xFFFF,
  0xFFFF, 0xFFFF, 0xFFFF, 0xFFFF, 0xFFFF, 0xFFFF, 0xFFFF, 0xFFFF, 0xFFFF, 0xFFFF, 0xFFFF, 0xFFFF,
  0xFFFF, 0xFFFF, 0xFFFF, 0xFFFF, 0xFFFF, 0xFFFF, 0xFFFF, 0xFFFF, 0xFFFF, 0xFFFF, 0xFFFF, 0xFFFF,
  0xFFFF, 0xFFFF, 0xFFFF, 0xFFFF, 0xFFFF, 0xFFFF, 0xFFFF, 0xFFFF, 0xFFFF, 0xFFFF, 0xFFFF, 0xFFFF,
  0xFFFF, 0xFFFF, 0xFFFF, 0xFFFF, 0xFFFF, 0xFFFF, 0xFFFF, 0xFFFF, 0xFFFF, 0xFFFF, 0xFFFF, 0xFFFF,
  0xFFFF, 0xFFFF, 0xFFFF, 0xFFFF, 0xFFFF, 0xFFFF, 0xFFFF, 0xFFFF, 0xFFFF, 0xFFFF, 0xFFFF, 0xFFFF,
  0xFFFF, 0xFFFF, 0xFFFF, 0xFFFF, 0xFFFF, 0xFFFF, 0xFFFF, 0xFFFF, 0xFFFF, 0xFFFF, 0xFFFF, 0xFFFF,
  0xFFFF, 0xFFFF, 0xFFFF, 0xFFFF, 0xFFFF, 0xFFFF, 0xFFFF, 0xFFFF, 0xFFFF, 0xFFFF, 0xFFFF, 0xFFFF,
  0xFFFF, 0xFFFF, 0x000C, 0x000C, 0x000C, 0x000C, 0xFFFF, 0xFFFF, 0xFFFF, 0x000C, 0xFFFF, 0xFFFF,
  0xFFFF, 0xFFFF, 0xFFFF, 0xFFFF, 0xFFFF, 0xFFFF, 0xFFFF, 0xFFFF, 0xFFFF, 0xFFFF, 0xFFFF, 0xFFFF,
  0xFFFF, 0xFFFF, 0xFFFF, 0xFFFF, 0xFFFF, 0xFFFF, 0xFFFF, 0xFFFF, 0xFFFF, 0xFFFF, 0xFFFF, 0xFFFF,
  0xFFFF, 0xFFFF, 0xFFFF, 0xFFFF, 0xFFFF, 0xFFFF, 0xFFFF, 0xFFFF, 0xFFFF, 0xFFFF, 0xFFFF, 0xFFFF,
  0xFFFF, 0xFFFF, 0xFFFF, 0xFFFF, 0xFFFF, 0xFFFF, 0xFFFF, 0xFFFF, 0xFFFF, 0xFFFF, 0xFFFF, 0xFFFF,
  0xFFFF, 0xFFFF, 0xFFFF, 0xFFFF, 0xFFFF, 0xFFFF, 0xFFFF, 0xFFFF, 0xFFFF, 0xFFFF, 0xFFFF, 0xFFFF,
  0xFFFF, 0xFFFF, 0xFFFF, 0xFFFF, 0xFFFF, 0xFFFF, 0xFFFF, 0xFFFF, 0xFFFF, 0xFFFF, 0xFFFF, 0xFFFF,
  0xFFFF, 0xFFFF, 0xFFFF, 0xFFFF, 0xFFFF, 0xFFFF, 0xFFFF, 0xFFFF, 0xFFFF, 0xFFFF, 0xFFFF, 0xFFFF,
  0xFFFF, 0xFFFF, 0xFFFF, 0xFFFF, 0xFFFF, 0xFFFF, 0xFFFF, 0xFFFF, 0xFFFF, 0xFFFF, 0xFFFF, 0xFFFF,
  0xFFFF, 0xFFFF, 0xFFFF, 0xFFFF, 0xFFFF, 0xFFFF, 0xFFFF, 0xFFFF, 0xFFFF, 0xFFFF, 0xFFFF, 0xFFFF,
  0xFFFF, 0xFFFF, 0xFFFF, 0xFFFF, 0xFFFF, 0xFFFF, 0xFFFF, 0xFFFF, 0xFFFF, 0xFFFF, 0xFFFF, 0xFFFF,
  0xFFFF, 0xFFFF, 0xFFFF, 0xFFFF, 0xFFFF, 0xFFFF, 0xFFFF, 0xFFFF, 0xFFFF, 0xFFFF, 0xFFFF, 0xFFFF,
  0xFFFF, 0xFFFF, 0xFFFF, 0xFFFF, 0xFFFF, 0xFFFF, 0xFFFF, 0xFFFF, 0xFFFF, 0xFFFF, 0xFFFF, 0xFFFF,
  0xFFFF, 0xFFFF, 0xFFFF, 0xFFFF, 0xFFFF, 0xFFFF, 0xFFFF, 0xFFFF, 0xFFFF, 0xFFFF, 0xFFFF, 0xFFFF,
  0xFFFF, 0xFFFF, 0xFFFF, 0xFFFF, 0xFFFF, 0xFFFF, 0xFFFF, 0xFFFF, 0xFFFF, 0xFFFF, 0xFFFF, 0xFFFF,
  0xFFFF, 0xFFFF, 0xFFFF, 0xFFFF, 0xFFFF, 0xFFFF, 0xFFFF, 0xFFFF, 0xFFFF, 0xFFFF, 0xFFFF, 0xFFFF,
  0xFFFF, 0xFFFF, 0xFFFF, 0xFFFF, 0xFFFF, 0xFFFF, 0xFFFF, 0xFFFF, 0xFFFF, 0xFFFF, 0xFFFF, 0xFFFF,
  0xFFFF, 0xFFFF, 0xFFFF, 0xFFFF, 0xFFFF, 0xFFFF, 0xFFFF, 0xFFFF, 0xFFFF, 0xFFFF, 0xFFFF, 0xFFFF,
  0xFFFF, 0xFFFF, 0xFFFF, 0xFFFF, 0xFFFF, 0xFFFF, 0xFFFF, 0xFFFF, 0xFFFF, 0xFFFF, 0xFFFF, 0xFFFF,
  0xFFFF, 0xFFFF, 0xFFFF, 0xFFFF, 0xFFFF, 0xFFFF, 0xFFFF, 0xFFFF, 0xFFFF, 0xFFFF, 0xFFFF, 0xFFFF,
  0xFFFF, 0xFFFF, 0xFFFF, 0xFFFF, 0xFFFF, 0xFFFF, 0xFFFF, 0xFFFF, 0xFFFF, 0xFFFF, 0xFFFF, 0xFFFF,
  0xFFFF, 0xFFFF, 0xFFFF, 0xFFFF, 0xFFFF, 0xFFFF, 0xFFFF, 0xFFFF, 0xFFFF, 0xFFFF, 0xFFFF, 0xFFFF,
  0xFFFF, 0xFFFF, 0xFFFF, 0xFFFF, 0xFFFF, 0xFFFF, 0xFFFF, 0xFFFF, 0xFFFF, 0xFFFF, 0xFFFF, 0xFFFF,
  0xFFFF, 0xFFFF, 0xFFFF, 0xFFFF, 0xFFFF, 0xFFFF, 0xFFFF, 0xFFFF, 0xFFFF, 0xFFFF, 0xFFFF, 0xFFFF,
  0xFFFF, 0xFFFF, 0xFFFF, 0xFFFF, 0xFFFF, 0xFFFF, 0xFFFF, 0xFFFF, 0xFFFF, 0xFFFF, 0xFFFF, 0xFFFF,
  0xFFFF, 0xFFFF, 0xFFFF, 0xFFFF, 0xFFFF, 0xFFFF, 0xFFFF, 0xFFFF, 0xFFFF, 0xFFFF, 0xFFFF, 0xFFFF,
  0xFFFF, 0xFFFF, 0xFFFF, 0xFFFF, 0xFFFF, 0xFFFF, 0xFFFF, 0xFFFF, 0xFFFF, 0xFFFF, 0xFFFF, 0xFFFF,
  0xFFFF, 0xFFFF, 0xFFFF, 0xFFFF, 0xFFFF, 0xFFFF, 0xFFFF, 0xFFFF, 0xFFFF, 0xFFFF, 0xFFFF, 0xFFFF,
  0xFFFF, 0xFFFF, 0xFFFF, 0xFFFF, 0xFFFF, 0xFFFF, 0xFFFF, 0xFFFF, 0xFFFF, 0xFFFF, 0xFFFF, 0xFFFF,
  0xFFFF, 0xFFFF, 0xFFFF, 0xFFFF, 0xFFFF, 0xFFFF, 0xFFFF, 0xFFFF, 0xFFFF, 0xFFFF, 0xFFFF, 0xFFFF,
  0xFFFF, 0xFFFF, 0x000C, 0x3E2C, 0x000C, 0x3E2C, 0x000C, 0xFFFF, 0xFFFF, 0xFFFF, 0xFFFF, 0xFFFF,
  0xFFFF, 0xFFFF, 0xFFFF, 0xFFFF, 0xFFFF, 0xFFFF, 0xFFFF, 0xFFFF, 0xFFFF, 0xFFFF, 0xFFFF, 0xFFFF,
  0xFFFF, 0xFFFF, 0xFFFF, 0x000C, 0xFFFF, 0x000C, 0xFFFF, 0xFFFF, 0xFFFF, 0xFFFF, 0xFFFF, 0xFFFF,
  0xFFFF, 0xFFFF, 0xFFFF, 0xFFFF, 0xFFFF, 0xFFFF, 0xFFFF, 0xFFFF, 0xFFFF, 0xFFFF, 0xFFFF, 0xFFFF,
  0xFFFF, 0xFFFF, 0xFFFF, 0xFFFF, 0xFFFF, 0xFFFF, 0xFFFF, 0xFFFF, 0xFFFF, 0xFFFF, 0xFFFF, 0xFFFF,
  0xFFFF, 0xFFFF, 0xFFFF, 0xFFFF, 0xFFFF, 0x000C, 0x000C, 0x000C, 0x4A07, 0x4A07, 0x4A07, 0x4A07,
  0x4A07, 0x4A07, 0x4A07, 0x4A07, 0x000C, 0x000C, 0x000C, 0xFFFF, 0xFFFF, 0xFFFF, 0xFFFF, 0xFFFF,
  0xFFFF, 0xFFFF, 0xFFFF, 0xFFFF, 0xFFFF, 0x000C, 0x000C, 0x000C, 0x4A07, 0x4A07, 0x4A07, 0x4A07,
  0x4A07, 0x4A07, 0x4A07, 0x4A07, 0x000C, 0x000C, 0x000C, 0xFFFF, 0xFFFF, 0xFFFF, 0xFFFF, 0xFFFF,
  0xFFFF, 0xFFFF, 0xFFFF, 0xFFFF, 0xFFFF, 0x000C, 0x000C, 0x000C, 0x4A07, 0x4A07, 0x4A07, 0x4A07,
  0x4A07, 0x4A07, 0x4A07, 0x4A07, 0x000C, 0x000C, 0x000C, 0xFFFF, 0xFFFF, 0xFFFF, 0xFFFF, 0xFFFF,
  0xFFFF, 0xFFFF, 0xFFFF, 0xFFFF, 0xFFFF, 0xFFFF, 0xFFFF, 0xFFFF, 0x000C, 0x000C, 0x000C, 0xFFFF,
  0xFFFF, 0xFFFF, 0x000C, 0x000C, 0x000C, 0xFFFF, 0xFFFF, 0xFFFF, 0xFFFF, 0xFFFF, 0xFFFF, 0xFFFF,
  0xFFFF, 0xFFFF, 0xFFFF, 0xFFFF, 0xFFFF, 0xFFFF, 0xFFFF, 0xFFFF, 0x000C, 0x000C, 0x000C, 0xFFFF,
  0xFFFF, 0xFFFF, 0x000C, 0x000C, 0x000C, 0xFFFF, 0xFFFF, 0xFFFF, 0xFFFF, 0xFFFF, 0xFFFF, 0xFFFF,
  0xFFFF, 0xFFFF, 0xFFFF, 0xFFFF, 0xFFFF, 0xFFFF, 0xFFFF, 0xFFFF, 0xFFFF, 0xFFFF, 0xFFFF, 0xFFFF,
  0xFFFF, 0xFFFF, 0xFFFF, 0xFFFF, 0xFFFF, 0xFFFF, 0xFFFF, 0xFFFF, 0xFFFF, 0xFFFF, 0xFFFF, 0xFFFF,
  0xFFFF, 0xFFFF, 0xFFFF, 0xFFFF, 0xFFFF, 0xFFFF, 0xFFFF, 0xFFFF, 0xFFFF, 0x000C, 0x000C, 0xFFFF,
  0xFFFF, 0xFFFF, 0xFFFF, 0xFFFF, 0xFFFF, 0x000C, 0xFFFF, 0xFFFF, 0xFFFF, 0xFFFF, 0xFFFF, 0xFFFF,
  0xFFFF, 0xFFFF, 0xFFFF, 0xFFFF, 0xFFFF, 0xFFFF, 0xFFFF, 0xFFFF, 0xFFFF, 0xFFFF, 0x000C, 0x000C,
  0xFFFF, 0xFFFF, 0x000C, 0xFFFF, 0xFFFF, 0xFFFF, 0xFFFF, 0xFFFF, 0xFFFF, 0xFFFF, 0xFFFF, 0xFFFF,
  0xFFFF, 0xFFFF, 0xFFFF, 0xFFFF, 0xFFFF, 0xFFFF, 0xFFFF, 0xFFFF, 0xFFFF, 0xFFFF, 0xFFFF, 0xFFFF,
  0xFFFF, 0xFFFF, 0xFFFF, 0xFFFF, 0xFFFF, 0xFFFF, 0xFFFF, 0xFFFF, 0xFFFF, 0xFFFF, 0xFFFF, 0xFFFF,
  0xFFFF, 0xFFFF, 0xFFFF, 0x000C, 0xF80E, 0xF80E, 0xFFB3, 0xFFB3, 0x000C, 0xFFFF, 0x000C, 0x1CC6,
  0x000C, 0x000C, 0x000C, 0x000C, 0x000C, 0xFFFF, 0xFFFF, 0xFFFF, 0xFFFF, 0x000C, 0xFFFF, 0xFFFF,
  0xFFFF, 0xFFFF, 0xFFFF, 0x000C, 0xF80E, 0xF80E, 0xFFB3, 0xFFB3, 0x000C, 0xFFFF, 0x000C, 0x1CC6,
  0x000C, 0xFFFF, 0xFFFF, 0xFFFF, 0xFFFF, 0xFFFF, 0xFFFF, 0xFFFF, 0xFFFF, 0xFFFF, 0xFFFF, 0xFFFF,
  0xFFFF, 0xFFFF, 0xFFFF, 0xFFFF, 0xFFFF, 0xFFFF, 0xFFFF, 0xFFFF, 0xFFFF, 0xFFFF, 0xFFFF, 0xFFFF,
  0xFFFF, 0xFFFF, 0xFFFF, 0xFFFF, 0xFFFF, 0xFFFF, 0xFFFF, 0xFFFF, 0xFFFF, 0xFFFF, 0xFFFF, 0xFFFF,
  0xFFFF, 0xFFFF, 0xFFFF, 0xFFFF, 0xFFFF, 0xFFFF, 0xFFFF, 0xFFFF, 0xFFFF, 0xFFFF, 0xFFFF, 0xFFFF,
  0xFFFF, 0xFFFF, 0xFFFF, 0xFFFF, 0xFFFF, 0xFFFF, 0xFFFF, 0xFFFF, 0xFFFF, 0xFFFF, 0xFFFF, 0xFFFF,
  0xFFFF, 0xFFFF, 0xFFFF, 0xFFFF, 0xFFFF, 0xFFFF, 0xFFFF, 0xFFFF, 0xFFFF, 0xFFFF, 0xFFFF, 0xFFFF,
  0xFFFF, 0xFFFF, 0xFFFF, 0xFFFF, 0xFFFF, 0xFFFF, 0xFFFF, 0xFFFF, 0xFFFF, 0xFFFF, 0xFFFF, 0xFFFF,
  0xFFFF, 0xFFFF, 0xFFFF, 0xFFFF, 0xFFFF, 0xFFFF, 0xFFFF, 0xFFFF, 0xFFFF, 0xFFFF, 0xFFFF, 0xFFFF,
  0xFFFF, 0xFFFF, 0xFFFF, 0xFFFF, 0xFFFF, 0xFFFF, 0xFFFF, 0xFFFF, 0xFFFF, 0xFFFF, 0xFFFF, 0xFFFF,
  0xFFFF, 0xFFFF, 0xFFFF, 0xFFFF, 0xFFFF, 0xFFFF, 0xFFFF, 0xFFFF, 0xFFFF, 0xFFFF, 0xFFFF, 0xFFFF,
  0xFFFF, 0xFFFF, 0xFFFF, 0xFFFF, 0xFFFF, 0xFFFF, 0xFFFF, 0xFFFF, 0xFFFF, 0xFFFF, 0xFFFF, 0xFFFF,
  0xFFFF, 0xFFFF, 0xFFFF, 0xFFFF, 0xFFFF, 0xFFFF, 0xFFFF, 0xFFFF, 0xFFFF, 0xFFFF, 0xFFFF, 0xFFFF,
  0xFFFF, 0xFFFF, 0xFFFF, 0xFFFF, 0xFFFF, 0xFFFF, 0xFFFF, 0xFFFF, 0xFFFF, 0xFFFF, 0xFFFF, 0xFFFF,
  0xFFFF, 0xFFFF, 0xFFFF, 0xFFFF, 0xFFFF, 0xFFFF, 0xFFFF, 0xFFFF, 0xFFFF, 0xFFFF, 0xFFFF, 0xFFFF,
  0xFFFF, 0xFFFF, 0xFFFF, 0xFFFF, 0xFFFF, 0xFFFF, 0xFFFF, 0xFFFF, 0xFFFF, 0xFFFF, 0xFFFF, 0xFFFF,
  0xFFFF, 0xFFFF, 0xFFFF, 0xFFFF, 0xFFFF, 0xFFFF, 0xFFFF, 0xFFFF, 0xFFFF, 0xFFFF, 0xFFFF, 0xFFFF,
  0xFFFF, 0xFFFF, 0x000C, 0xFFFF, 0xFFFF, 0xFFFF, 0xFFFF, 0xFFFF, 0xFFFF, 0xFFFF, 0x000C, 0xFFFF,
  0xFFFF, 0xFFFF, 0xFFFF, 0xFFFF, 0xFFFF, 0xFFFF, 0xFFFF, 0xFFFF, 0xFFFF, 0xFFFF, 0xFFFF, 0xFFFF,
  0xFFFF, 0xFFFF, 0xFFFF, 0xFFFF, 0xFFFF, 0xFFFF, 0xFFFF, 0xFFFF, 0xFFFF, 0xFFFF, 0xFFFF, 0xFFFF,
  0xFFFF, 0xFFFF, 0xFFFF, 0xFFFF, 0xFFFF, 0xFFFF, 0xFFFF, 0xFFFF, 0xFFFF, 0xFFFF, 0xFFFF, 0xFFFF,
  0xFFFF, 0xFFFF, 0xFFFF, 0xFFFF, 0xFFFF, 0xFFFF, 0xFFFF, 0xFFFF, 0xFFFF, 0xFFFF, 0xFFFF, 0xFFFF,
  0xFFFF, 0xFFFF, 0xFFFF, 0xFFFF, 0xFFFF, 0xFFFF, 0xFFFF, 0xFFFF, 0xFFFF, 0xFFFF, 0xFFFF, 0xFFFF,
  0xFFFF, 0xFFFF, 0xFFFF, 0xFFFF, 0xFFFF, 0xFFFF, 0xFFFF, 0xFFFF, 0xFFFF, 0xFFFF, 0xFFFF, 0xFFFF,
  0xFFFF, 0xFFFF, 0xFFFF, 0xFFFF, 0xFFFF, 0xFFFF, 0xFFFF, 0xFFFF, 0xFFFF, 0xFFFF, 0xFFFF, 0xFFFF,
  0xFFFF, 0xFFFF, 0xFFFF, 0xFFFF, 0xFFFF, 0xFFFF, 0xFFFF, 0xFFFF, 0xFFFF, 0xFFFF, 0xFFFF, 0xFFFF,
  0xFFFF, 0xFFFF, 0xFFFF, 0xFFFF, 0xFFFF, 0xFFFF, 0xFFFF, 0xFFFF, 0xFFFF, 0xFFFF, 0xFFFF, 0xFFFF,
  0xFFFF, 0xFFFF, 0xFFFF, 0xFFFF, 0xFFFF, 0xFFFF, 0xFFFF, 0xFFFF, 0xFFFF, 0xFFFF, 0xFFFF, 0xFFFF,
  0xFFFF, 0xFFFF, 0xFFFF, 0xFFFF, 0xFFFF, 0xFFFF, 0xFFFF, 0xFFFF, 0xFFFF, 0xFFFF, 0xFFFF, 0xFFFF,
  0xFFFF, 0xFFFF, 0xFFFF, 0xFFFF, 0xFFFF, 0xFFFF, 0xFFFF, 0xFFFF, 0xFFFF, 0xFFFF, 0xFFFF, 0xFFFF,
  0xFFFF, 0xFFFF, 0xFFFF, 0xFFFF, 0xFFFF, 0xFFFF, 0xFFFF, 0xFFFF, 0xFFFF, 0xFFFF, 0xFFFF, 0xFFFF,
  0xFFFF, 0xFFFF, 0xFFFF, 0xFFFF, 0xFFFF, 0xFFFF, 0xFFFF, 0xFFFF, 0xFFFF, 0xFFFF, 0xFFFF, 0xFFFF,
  0xFFFF, 0xFFFF, 0xFFFF, 0xFFFF, 0xFFFF, 0xFFFF, 0xFFFF, 0xFFFF, 0xFFFF, 0xFFFF, 0xFFFF, 0xFFFF,
  0xFFFF, 0xFFFF, 0xFFFF, 0xFFFF, 0xFFFF, 0xFFFF, 0xFFFF, 0xFFFF, 0xFFFF, 0xFFFF, 0xFFFF, 0xFFFF,
  0xFFFF, 0xFFFF, 0xFFFF, 0xFFFF, 0xFFFF, 0xFFFF, 0xFFFF, 0xFFFF, 0xFFFF, 0xFFFF, 0xFFFF, 0xFFFF,
  0xFFFF, 0xFFFF, 0xFFFF, 0xFFFF, 0xFFFF, 0xFFFF, 0xFFFF, 0xFFFF, 0xFFFF, 0xFFFF, 0xFFFF, 0xFFFF,
  0xFFFF, 0xFFFF, 0xFFFF, 0xFFFF, 0xFFFF, 0xFFFF, 0xFFFF, 0xFFFF, 0xFFFF, 0xFFFF, 0xFFFF, 0xFFFF,
  0xFFFF, 0xFFFF, 0xFFFF, 0xFFFF, 0xFFFF, 0xFFFF, 0xFFFF, 0xFFFF, 0xFFFF, 0xFFFF, 0xFFFF, 0xFFFF,
  0xFFFF, 0xFFFF, 0xFFFF, 0xFFFF, 0xFFFF, 0xFFFF, 0xFFFF, 0xFFFF, 0xFFFF, 0xFFFF, 0xFFFF, 0xFFFF,
  0xFFFF, 0xFFFF, 0xFFFF, 0xFFFF, 0xFFFF, 0xFFFF, 0xFFFF, 0xFFFF, 0xFFFF, 0xFFFF, 0xFFFF, 0xFFFF,
  0xFFFF, 0xFFFF, 0xFFFF, 0xFFFF, 0xFFFF, 0xFFFF, 0xFFFF, 0xFFFF, 0xFFFF, 0xFFFF, 0xFFFF, 0xFFFF,
  0xFFFF, 0xFFFF, 0xFFFF, 0xFFFF, 0xFFFF, 0xFFFF, 0xFFFF, 0xFFFF, 0xFFFF, 0xFFFF, 0xFFFF, 0xFFFF,
  0xFFFF, 0xFFFF, 0xFFFF, 0xFFFF, 0xFFFF, 0xFFFF, 0xFFFF, 0xFFFF, 0xFFFF, 0xFFFF, 0xFFFF, 0xFFFF,
  0xFFFF, 0xFFFF, 0xFFFF, 0xFFFF, 0xFFFF, 0xFFFF, 0xFFFF, 0xFFFF, 0xFFFF, 0xFFFF, 0xFFFF, 0xFFFF,
  0xFFFF, 0xFFFF, 0xFFFF, 0xFFFF, 0xFFFF, 0xFFFF, 0xFFFF, 0xFFFF, 0xFFFF, 0xFFFF, 0xFFFF, 0xFFFF,
  0xFFFF, 0xFFFF, 0xFFFF, 0xFFFF, 0xFFFF, 0xFFFF, 0xFFFF, 0xFFFF, 0xFFFF, 0xFFFF, 0xFFFF, 0xFFFF,
  0xFFFF, 0xFFFF, 0xFFFF, 0xFFFF, 0xFFFF, 0xFFFF, 0xFFFF, 0xFFFF, 0xFFFF, 0xFFFF, 0xFFFF, 0xFFFF,
  0xFFFF, 0xFFFF, 0x000C, 0x3E2C, 0x000C, 0x3E2C, 0x14E7, 0x000C, 0x000C, 0xFFFF, 0xFFFF, 0xFFFF,
  0xFFFF, 0xFFFF, 0xFFFF, 0xFFFF, 0xFFFF, 0xFFFF, 0xFFFF, 0xFFFF, 0xFFFF, 0xFFFF, 0xFFFF, 0xFFFF,
  0xFFFF, 0xFFFF, 0x000C, 0x3E2C, 0x000C, 0x3E2C, 0x000C, 0xFFFF, 0xFFFF, 0xFFFF, 0xFFFF, 0xFFFF,
  0xFFFF, 0xFFFF, 0xFFFF, 0xFFFF, 0xFFFF, 0xFFFF, 0xFFFF, 0xFFFF, 0xFFFF, 0xFFFF, 0xFFFF, 0xFFFF,
  0xFFFF, 0xFFFF, 0xFFFF, 0xFFFF, 0xFFFF, 0xFFFF, 0xFFFF, 0xFFFF, 0xFFFF, 0xFFFF, 0xFFFF, 0xFFFF,
  0xFFFF, 0xFFFF, 0xFFFF, 0x000C, 0x000C, 0x4A07, 0x4A07, 0x4A07, 0x4A07, 0x2966, 0x2966, 0x4A07,
  0x4A07, 0x4A07, 0x4A07, 0x4A07, 0x4A07, 0x4A07, 0x4A07, 0x000C, 0x000C, 0xFFFF, 0xFFFF, 0xFFFF,
  0xFFFF, 0xFFFF, 0xFFFF, 0x000C, 0x000C, 0x4A07, 0x4A07, 0x4A07, 0x4A07, 0x2966, 0x2966, 0x4A07,
  0x4A07, 0x4A07, 0x4A07, 0x4A07, 0x4A07, 0x4A07, 0x4A07, 0x000C, 0x000C, 0xFFFF, 0xFFFF, 0xFFFF,
  0xFFFF, 0xFFFF, 0xFFFF, 0x000C, 0x000C, 0x4A07, 0x4A07, 0x4A07, 0x4A07, 0x2966, 0x2966, 0x4A07,
  0x4A07, 0x4A07, 0x4A07, 0x4A07, 0x4A07, 0x4A07, 0x4A07, 0x000C, 0x000C, 0xFFFF, 0xFFFF, 0xFFFF,
  0xFFFF, 0xFFFF, 0xFFFF, 0xFFFF, 0xFFFF, 0xFFFF, 0xFFFF, 0x000C, 0x3C83, 0x6E86, 0x4D24, 0x000C,
  0x000C, 0x000C, 0x3C83, 0x6E86, 0x4D24, 0x000C, 0x000C, 0xFFFF, 0xFFFF, 0xFFFF, 0xFFFF, 0xFFFF,
  0xFFFF, 0xFFFF, 0xFFFF, 0xFFFF, 0xFFFF, 0xFFFF, 0xFFFF, 0x000C, 0x3C83, 0x6E86, 0x4D24, 0x000C,
  0x000C, 0x000C, 0x3C83, 0x6E86, 0x4D24, 0x000C, 0x000C, 0xFFFF, 0xFFFF, 0xFFFF, 0xFFFF, 0xFFFF,
  0xFFFF, 0xFFFF, 0xFFFF, 0xFFFF, 0xFFFF, 0xFFFF, 0xFFFF, 0xFFFF, 0xFFFF, 0xFFFF, 0xFFFF, 0xFFFF,
  0xFFFF, 0xFFFF, 0xFFFF, 0xFFFF, 0xFFFF, 0xFFFF, 0xFFFF, 0xFFFF, 0xFFFF, 0xFFFF, 0xFFFF, 0xFFFF,
  0xFFFF, 0xFFFF, 0xFFFF, 0xFFFF, 0xFFFF, 0xFFFF, 0x000C, 0x000C, 0x000C, 0xFFFF, 0xFFFF, 0xE7BF,
  0xE7BF, 0xE7BF, 0xE7BF, 0xE7BF, 0xE7BF, 0xFFFF, 0x000C, 0x000C, 0x000C, 0xFFFF, 0xFFFF, 0xFFFF,
  0xFFFF, 0xFFFF, 0xFFFF, 0xFFFF, 0xFFFF, 0xFFFF, 0xFFFF, 0x000C, 0x000C, 0x000C, 0xFFFF, 0xFFFF,
  0xE7BF, 0xE7BF, 0x000C, 0xFFFF, 0xFFFF, 0xFFFF, 0xFFFF, 0xFFFF, 0xFFFF, 0xFFFF, 0xFFFF, 0xFFFF,
  0xFFFF, 0xFFFF, 0xFFFF, 0xFFFF, 0xFFFF, 0xFFFF, 0xFFFF, 0xFFFF, 0xFFFF, 0xFFFF, 0xFFFF, 0xFFFF,
  0xFFFF, 0xFFFF, 0xFFFF, 0xFFFF, 0xFFFF, 0xFFFF, 0xFFFF, 0xFFFF, 0xFFFF, 0xFFFF, 0xFFFF, 0xFFFF,
  0xFFFF, 0xFFFF, 0x000C, 0xF80E, 0xF80E, 0xF80E, 0xFFB3, 0xFFB3, 0xD10B, 0x000C, 0x8F34, 0x1CC6,
  0x000C, 0xFFB3, 0xFFB3, 0xFFB3, 0xFFB3, 0x000C, 0xFFFF, 0x000C, 0x000C, 0x1CC6, 0x000C, 0xFFFF,
  0xFFFF, 0xFFFF, 0x000C, 0xF80E, 0xF80E, 0xF80E, 0xFFB3, 0xFFB3, 0xD10B, 0x000C, 0x8F34, 0x1CC6,
  0x000C, 0xFFFF, 0xFFFF, 0xFFFF, 0xFFFF, 0xFFFF, 0xFFFF, 0xFFFF, 0xFFFF, 0xFFFF, 0xFFFF, 0xFFFF,
  0xFFFF, 0xFFFF, 0xFFFF, 0xFFFF, 0xFFFF, 0xFFFF, 0xFFFF, 0xFFFF, 0xFFFF, 0xFFFF, 0xFFFF, 0xFFFF,
  0xFFFF, 0xFFFF, 0xFFFF, 0xFFFF, 0xFFFF, 0xFFFF, 0xFFFF, 0xFFFF, 0xFFFF, 0xFFFF, 0xFFFF, 0xFFFF,
  0xFFFF, 0xFFFF, 0xFFFF, 0xFFFF, 0xFFFF, 0xFFFF, 0xFFFF, 0xFFFF, 0xFFFF, 0xFFFF, 0xFFFF, 0xFFFF,
  0xFFFF, 0xFFFF, 0xFFFF, 0xFFFF, 0xFFFF, 0xFFFF, 0xFFFF, 0xFFFF, 0xFFFF, 0xFFFF, 0xFFFF, 0xFFFF,
  0xFFFF, 0xFFFF, 0xFFFF, 0xFFFF, 0xFFFF, 0xFFFF, 0xFFFF, 0xFFFF, 0xFFFF, 0xFFFF, 0xFFFF, 0xFFFF,
  0xFFFF, 0xFFFF, 0xFFFF, 0xFFFF, 0xFFFF, 0xFFFF, 0xFFFF, 0xFFFF, 0xFFFF, 0xFFFF, 0xFFFF, 0xFFFF,
  0xFFFF, 0xFFFF, 0xFFFF, 0xFFFF, 0xFFFF, 0xFFFF, 0xFFFF, 0xFFFF, 0xFFFF, 0xFFFF, 0xFFFF, 0xFFFF,
  0xFFFF, 0xFFFF, 0xFFFF, 0xFFFF, 0xFFFF, 0xFFFF, 0xFFFF, 0xFFFF, 0xFFFF, 0xFFFF, 0xFFFF, 0xFFFF,
  0xFFFF, 0xFFFF, 0xFFFF, 0xFFFF, 0xFFFF, 0xFFFF, 0xFFFF, 0xFFFF, 0xFFFF, 0xFFFF, 0xFFFF, 0xFFFF,
  0xFFFF, 0xFFFF, 0xFFFF, 0xFFFF, 0xFFFF, 0xFFFF, 0xFFFF, 0xFFFF, 0xFFFF, 0xFFFF, 0xFFFF, 0xFFFF,
  0xFFFF, 0xFFFF, 0xFFFF, 0xFFFF, 0xFFFF, 0xFFFF, 0xFFFF, 0xFFFF, 0xFFFF, 0xFFFF, 0xFFFF, 0xFFFF,
  0xFFFF, 0xFFFF, 0xFFFF, 0xFFFF, 0xFFFF, 0xFFFF, 0xFFFF, 0xFFFF, 0xFFFF, 0xFFFF, 0xFFFF, 0xFFFF,
  0xFFFF, 0xFFFF, 0xFFFF, 0xFFFF, 0xFFFF, 0xFFFF, 0xFFFF, 0xFFFF, 0xFFFF, 0xFFFF, 0xFFFF, 0xFFFF,
  0xFFFF, 0xFFFF, 0xFFFF, 0xFFFF, 0xFFFF, 0xFFFF, 0xFFFF, 0xFFFF, 0xFFFF, 0xFFFF, 0xFFFF, 0xFFFF,
  0xFFFF, 0xFFFF, 0xFFFF, 0xFFFF, 0xFFFF, 0xFFFF, 0xFFFF, 0xFFFF, 0xFFFF, 0xFFFF, 0xFFFF, 0x000C,
  0x000C, 0x000C, 0xFFFF, 0xFFFF, 0xFFFF, 0xCE79, 0x9CF3, 0x9CF3, 0xCE79, 0xCE79, 0x000C, 0xFFFF,
  0xFFFF, 0xFFFF, 0xFFFF, 0xFFFF, 0xFFFF, 0xFFFF, 0xFFFF, 0xFFFF, 0xFFFF, 0xFFFF, 0xFFFF, 0xFFFF,
  0xFFFF, 0x000C, 0x000C, 0xFFFF, 0xFFFF, 0xFFFF, 0xFFFF, 0xFFFF, 0xFFFF, 0xFFFF, 0xFFFF, 0xFFFF,
  0xFFFF, 0xFFFF, 0xFFFF, 0xFFFF, 0xFFFF, 0xFFFF, 0xFFFF, 0xFFFF, 0xFFFF, 0xFFFF, 0xFFFF, 0xFFFF,
  0xFFFF, 0xFFFF, 0xFFFF, 0xFFFF, 0xFFFF, 0xFFFF, 0xFFFF, 0xFFFF, 0xFFFF, 0xFFFF, 0xFFFF, 0xFFFF,
  0xFFFF, 0xFFFF, 0xFFFF, 0xFFFF, 0xFFFF, 0xFFFF, 0xFFFF, 0xFFFF, 0xFFFF, 0xFFFF, 0xFFFF, 0xFFFF,
  0xFFFF, 0xFFFF, 0xFFFF, 0xFFFF, 0xFFFF, 0xFFFF, 0xFFFF, 0xFFFF, 0xFFFF, 0xFFFF, 0xFFFF, 0xFFFF,
  0xFFFF, 0xFFFF, 0xFFFF, 0xFFFF, 0xFFFF, 0xFFFF, 0xFFFF, 0xFFFF, 0xFFFF, 0xFFFF, 0xFFFF, 0xFFFF,
  0xFFFF, 0xFFFF, 0xFFFF, 0xFFFF, 0xFFFF, 0xFFFF, 0xFFFF, 0xFFFF, 0xFFFF, 0xFFFF, 0xFFFF, 0xFFFF,
  0xFFFF, 0xFFFF, 0xFFFF, 0xFFFF, 0xFFFF, 0xFFFF, 0xFFFF, 0xFFFF, 0xFFFF, 0xFFFF, 0xFFFF, 0xFFFF,
  0xFFFF, 0xFFFF, 0xFFFF, 0xFFFF, 0xFFFF, 0xFFFF, 0xFFFF, 0xFFFF, 0xFFFF, 0xFFFF, 0xFFFF, 0xFFFF,
  0xFFFF, 0xFFFF, 0xFFFF, 0xFFFF, 0xFFFF, 0xFFFF, 0xFFFF, 0xFFFF, 0xFFFF, 0xFFFF, 0xFFFF, 0xFFFF,
  0xFFFF, 0xFFFF, 0xFFFF, 0xFFFF, 0xFFFF, 0xFFFF, 0xFFFF, 0xFFFF, 0xFFFF, 0xFFFF, 0xFFFF, 0xFFFF,
  0xFFFF, 0xFFFF, 0xFFFF, 0xFFFF, 0xFFFF, 0xFFFF, 0xFFFF, 0xFFFF, 0xFFFF, 0xFFFF, 0xFFFF, 0xFFFF,
  0xFFFF, 0xFFFF, 0xFFFF, 0xFFFF, 0xFFFF, 0xFFFF, 0xFFFF, 0xFFFF, 0xFFFF, 0xFFFF, 0xFFFF, 0xFFFF,
  0xFFFF, 0xFFFF, 0xFFFF, 0xFFFF, 0xFFFF, 0xFFFF, 0xFFFF, 0xFFFF, 0xFFFF, 0xFFFF, 0xFFFF, 0xFFFF,
  0xFFFF, 0xFFFF, 0xFFFF, 0xFFFF, 0xFFFF, 0xFFFF, 0xFFFF, 0xFFFF, 0xFFFF, 0xFFFF, 0xFFFF, 0xFFFF,
  0xFFFF, 0xFFFF, 0xFFFF, 0xFFFF, 0xFFFF, 0xFFFF, 0xFFFF, 0xFFFF, 0xFFFF, 0xFFFF, 0xFFFF, 0xFFFF,
  0xFFFF, 0xFFFF, 0xFFFF, 0xFFFF, 0xFFFF, 0xFFFF, 0xFFFF, 0xFFFF, 0xFFFF, 0xFFFF, 0xFFFF, 0xFFFF,
  0xFFFF, 0xFFFF, 0xFFFF, 0xFFFF, 0xFFFF, 0xFFFF, 0xFFFF, 0xFFFF, 0xFFFF, 0xFFFF, 0xFFFF, 0xFFFF,
  0xFFFF, 0xFFFF, 0xFFFF, 0xFFFF, 0xFFFF, 0xFFFF, 0xFFFF, 0xFFFF, 0xFFFF, 0xFFFF, 0xFFFF, 0xFFFF,
  0xFFFF, 0xFFFF, 0xFFFF, 0xFFFF, 0xFFFF, 0xFFFF, 0xFFFF, 0xFFFF, 0xFFFF, 0xFFFF, 0xFFFF, 0xFFFF,
  0xFFFF, 0xFFFF, 0xFFFF, 0xFFFF, 0xFFFF, 0xFFFF, 0xFFFF, 0xFFFF, 0xFFFF, 0xFFFF, 0xFFFF, 0xFFFF,
  0xFFFF, 0xFFFF, 0xFFFF, 0xFFFF, 0xFFFF, 0xFFFF, 0xFFFF, 0xFFFF, 0xFFFF, 0xFFFF, 0xFFFF, 0xFFFF,
  0xFFFF, 0xFFFF, 0xFFFF, 0xFFFF, 0xFFFF, 0x000C, 0x000C, 0x000C, 0x000C, 0x000C, 0xFFFF, 0xFFFF,
  0xFFFF, 0xFFFF, 0xFFFF, 0xFFFF, 0xFFFF, 0xFFFF, 0xFFFF, 0xFFFF, 0xFFFF, 0xFFFF, 0xFFFF, 0xFFFF,
  0xFFFF, 0xFFFF, 0xFFFF, 0xFFFF, 0xFFFF, 0xFFFF, 0xFFFF, 0xFFFF, 0xFFFF, 0xFFFF, 0xFFFF, 0xFFFF,
  0xFFFF, 0xFFFF, 0xFFFF, 0xFFFF, 0xFFFF, 0xFFFF, 0xFFFF, 0xFFFF, 0xFFFF, 0xFFFF, 0xFFFF, 0xFFFF,
  0xFFFF, 0xFFFF, 0xFFFF, 0xFFFF, 0xFFFF, 0xFFFF, 0xFFFF, 0xFFFF, 0xFFFF, 0xFFFF, 0xFFFF, 0xFFFF,
  0xFFFF, 0xFFFF, 0xFFFF, 0xFFFF, 0xFFFF, 0xFFFF, 0xFFFF, 0xFFFF, 0xFFFF, 0xFFFF, 0xFFFF, 0xFFFF,
  0xFFFF, 0x000C, 0x3E2C, 0x000C, 0x3E2C, 0x000C, 0x000C, 0x000C, 0x000C, 0x000C, 0xFFFF, 0xFFFF,
  0xFFFF, 0xFFFF, 0xFFFF, 0xFFFF, 0xFFFF, 0xFFFF, 0xFFFF, 0xFFFF, 0xFFFF, 0xFFFF, 0xFFFF, 0xFFFF,
  0xFFFF, 0xFFFF, 0x000C, 0x3E2C, 0x000C, 0x3E2C, 0x14E7, 0x000C, 0x000C, 0xFFFF, 0xFFFF, 0xFFFF,
  0xFFFF, 0xFFFF, 0xFFFF, 0xFFFF, 0xFFFF, 0xFFFF, 0xFFFF, 0xFFFF, 0xFFFF, 0xFFFF, 0xFFFF, 0xFFFF,
  0xFFFF, 0xFFFF, 0xFFFF, 0xFFFF, 0x000C, 0xFFFF, 0x000C, 0xFFFF, 0xFFFF, 0xFFFF, 0xFFFF, 0xFFFF,
  0xFFFF, 0xFFFF, 0x000C, 0x4A07, 0x4A07, 0x4A07, 0x2966, 0x2966, 0x2966, 0xF66E, 0xF66E, 0xF66E,
  0xDD4C, 0xC4AB, 0xDD4C, 0x4A07, 0x4A07, 0x4A07, 0x4A07, 0x4A07, 0x4A07, 0x000C, 0xFFFF, 0xFFFF,
  0xFFFF, 0xFFFF, 0x000C, 0x4A07, 0x4A07, 0x4A07, 0x2966, 0x2966, 0x2966, 0x2966, 0x2966, 0x2966,
  0x4A07, 0x4A07, 0x4A07, 0x4A07, 0x4A07, 0x4A07, 0x4A07, 0x4A07, 0x4A07, 0x000C, 0xFFFF, 0xFFFF,
  0xFFFF, 0xFFFF, 0x000C, 0x4A07, 0x4A07, 0x4A07, 0x2966, 0x2966, 0x2966, 0x2966, 0x2966, 0x2966,
  0x4A07, 0x4A07, 0x4A07, 0x4A07, 0x4A07, 0x4A07, 0x4A07, 0x4A07, 0x4A07, 0x000C, 0xFFFF, 0xFFFF,
  0xFFFF, 0xFFFF, 0xFFFF, 0xFFFF, 0xFFFF, 0xFFFF, 0x000C, 0x1BC0, 0x4D24, 0x3C83, 0x1BC0, 0x4D24,
  0x6E86, 0x1BC0, 0x6E86, 0x4D24, 0x6E86, 0x1BC0, 0x6E86, 0x000C, 0xFFFF, 0xFFFF, 0xFFFF, 0xFFFF,
  0xFFFF, 0xFFFF, 0xFFFF, 0xFFFF, 0xFFFF, 0xFFFF, 0x000C, 0x1BC0, 0x4D24, 0x3C83, 0x1BC0, 0x4D24,
  0x6E86, 0x1BC0, 0x6E86, 0x4D24, 0x6E86, 0x1BC0, 0x6E86, 0x000C, 0xFFFF, 0xFFFF, 0xFFFF, 0xFFFF,
  0xFFFF, 0xFFFF, 0xFFFF, 0xFFFF, 0xFFFF, 0xFFFF, 0xFFFF, 0xFFFF, 0xFFFF, 0xFFFF, 0xFFFF, 0xFFFF,
  0xFFFF, 0xFFFF, 0xFFFF, 0xFFFF, 0xFFFF, 0xFFFF, 0xFFFF, 0xFFFF, 0xFFFF, 0xFFFF, 0xFFFF, 0xFFFF,
  0xFFFF, 0xFFFF, 0xFFFF, 0xFFFF, 0xFFFF, 0x000C, 0xFFFF, 0xFFFF, 0xFFFF, 0xE7BF, 0xE7BF, 0xFFFF,
  0xE7BF, 0xE7BF, 0xE7BF, 0xFFFF, 0xE7BF, 0xE7BF, 0xE7BF, 0xE7BF, 0xB6BF, 0x000C, 0xFFFF, 0xFFFF,
  0xFFFF, 0xFFFF, 0xFFFF, 0xFFFF, 0xFFFF, 0xFFFF, 0x000C, 0xFFFF, 0xFFFF, 0xFFFF, 0xE7BF, 0xE7BF,
  0xFFFF, 0xE7BF, 0x000C, 0xFFFF, 0xFFFF, 0xFFFF, 0xFFFF, 0xFFFF, 0xFFFF, 0xFFFF, 0xFFFF, 0xFFFF,
  0xFFFF, 0xFFFF, 0xFFFF, 0xFFFF, 0xFFFF, 0xFFFF, 0xFFFF, 0xFFFF, 0xFFFF, 0xFFFF, 0xFFFF, 0xFFFF,
  0xFFFF, 0xFFFF, 0xFFFF, 0xFFFF, 0xFFFF, 0xFFFF, 0xFFFF, 0xFFFF, 0xFFFF, 0xFFFF, 0xFFFF, 0xFFFF,
  0xFFFF, 0xFFFF, 0x000C, 0xFFB3, 0xFFB3, 0xF80E, 0xF80E, 0xF80E, 0xD10B, 0x000C, 0x8F34, 0x000C,
  0xFFB3, 0xFFB3, 0xFFB3, 0xFFB3, 0xFFB3, 0xD64E, 0x000C, 0x8F34, 0x000C, 0x1CC6, 0x000C, 0xFFFF,
  0xFFFF, 0xFFFF, 0x000C, 0xFFB3, 0xFFB3, 0xF80E, 0xF80E, 0xF80E, 0xD10B, 0x000C, 0x8F34, 0x000C,
  0x000C, 0x000C, 0x000C, 0x000C, 0xFFFF, 0xFFFF, 0xFFFF, 0xFFFF, 0xFFFF, 0xFFFF, 0xFFFF, 0xFFFF,
  0xFFFF, 0xFFFF, 0xFFFF, 0xFFFF, 0xFFFF, 0xFFFF, 0xFFFF, 0xFFFF, 0xFFFF, 0x000C, 0x000C, 0x000C,
  0x000C, 0x000C, 0x000C, 0x000C, 0xFFFF, 0xFFFF, 0xFFFF, 0xFFFF, 0xFFFF, 0xFFFF, 0xFFFF, 0xFFFF,
  0xFFFF, 0xFFFF, 0xFFFF, 0xFFFF, 0xFFFF, 0xFFFF, 0xFFFF, 0xFFFF, 0xFFFF, 0xFFFF, 0xFFFF, 0xFFFF,
  0xFFFF, 0xFFFF, 0xFFFF, 0xFFFF, 0xFFFF, 0xFFFF, 0xFFFF, 0xFFFF, 0xFFFF, 0xFFFF, 0xFFFF, 0xFFFF,
  0xFFFF, 0xFFFF, 0xFFFF, 0xFFFF, 0xFFFF, 0xFFFF, 0xFFFF, 0xFFFF, 0xFFFF, 0xFFFF, 0xFFFF, 0xFFFF,
  0xFFFF, 0xFFFF, 0xFFFF, 0xFFFF, 0xFFFF, 0xFFFF, 0xFFFF, 0xFFFF, 0xFFFF, 0xFFFF, 0xFFFF, 0xFFFF,
  0xFFFF, 0xFFFF, 0xFFFF, 0xFFFF, 0xFFFF, 0xFFFF, 0xFFFF, 0xFFFF, 0xFFFF, 0xFFFF, 0xFFFF, 0xFFFF,
  0xFFFF, 0xFFFF, 0xFFFF, 0xFFFF, 0xFFFF, 0xFFFF, 0xFFFF, 0xFFFF, 0xFFFF, 0xFFFF, 0xFFFF, 0xFFFF,
  0xFFFF, 0xFFFF, 0xFFFF, 0xFFFF, 0xFFFF, 0xFFFF, 0xFFFF, 0xFFFF, 0xFFFF, 0xFFFF, 0xFFFF, 0xFFFF,
  0xFFFF, 0xFFFF, 0xFFFF, 0xFFFF, 0xFFFF, 0xFFFF, 0xFFFF, 0xFFFF, 0xFFFF, 0xFFFF, 0xFFFF, 0xFFFF,
  0xFFFF, 0xFFFF, 0xFFFF, 0xFFFF, 0xFFFF, 0xFFFF, 0xFFFF, 0xFFFF, 0xFFFF, 0xFFFF, 0xFFFF, 0xFFFF,
  0xFFFF, 0xFFFF, 0xFFFF, 0xFFFF, 0xFFFF, 0xFFFF, 0xFFFF, 0xFFFF, 0xFFFF, 0xFFFF, 0xFFFF, 0xFFFF,
  0xFFFF, 0xFFFF, 0xFFFF, 0xFFFF, 0xFFFF, 0xFFFF, 0xFFFF, 0xFFFF, 0xFFFF, 0xFFFF, 0xFFFF, 0xFFFF,
  0xFFFF, 0xFFFF, 0xFFFF, 0xFFFF, 0xFFFF, 0xFFFF, 0xFFFF, 0xFFFF, 0xFFFF, 0xFFFF, 0xFFFF, 0xFFFF,
  0xFFFF, 0xFFFF, 0xFFFF, 0xFFFF, 0xFFFF, 0xFFFF, 0xFFFF, 0xFFFF, 0xFFFF, 0x000C, 0x000C, 0xFFFF,
  0xFFFF, 0xCE79, 0xFFFF, 0xFFFF, 0xCE79, 0x9CF3, 0x9CF3, 0x000C, 0x000C, 0xCE79, 0x000C, 0xFFFF,
  0xFFFF, 0xFFFF, 0xFFFF, 0xFFFF, 0xFFFF, 0xFFFF, 0xFFFF, 0xFFFF, 0xFFFF, 0xFFFF, 0xFFFF, 0x000C,
  0x000C, 0xFFFF, 0xFFFF, 0x000C, 0xFFFF, 0xFFFF, 0xFFFF, 0xFFFF, 0xFFFF, 0xFFFF, 0xFFFF, 0xFFFF,
  0xFFFF, 0xFFFF, 0xFFFF, 0xFFFF, 0xFFFF, 0xFFFF, 0xFFFF, 0xFFFF, 0xFFFF, 0xFFFF, 0xFFFF, 0x000C,
  0x000C, 0x000C, 0x000C, 0xFFFF, 0xFFFF, 0xFFFF, 0xFFFF, 0xFFFF, 0xFFFF, 0xFFFF, 0xFFFF, 0xFFFF,
  0xFFFF, 0xFFFF, 0xFFFF, 0xFFFF, 0xFFFF, 0xFFFF, 0xFFFF, 0xFFFF, 0xFFFF, 0xFFFF, 0xFFFF, 0xFFFF,
  0xFFFF, 0xFFFF, 0xFFFF, 0xFFFF, 0xFFFF, 0xFFFF, 0xFFFF, 0xFFFF, 0xFFFF, 0xFFFF, 0xFFFF, 0xFFFF,
  0xFFFF, 0xFFFF, 0xFFFF, 0xFFFF, 0xFFFF, 0xFFFF, 0xFFFF, 0xFFFF, 0xFFFF, 0xFFFF, 0xFFFF, 0xFFFF,
  0xFFFF, 0xFFFF, 0xFFFF, 0xFFFF, 0xFFFF, 0xFFFF, 0xFFFF, 0xFFFF, 0xFFFF, 0xFFFF, 0xFFFF, 0xFFFF,
  0xFFFF, 0xFFFF, 0xFFFF, 0xFFFF, 0xFFFF, 0xFFFF, 0xFFFF, 0xFFFF, 0xFFFF, 0xFFFF, 0xFFFF, 0xFFFF,
  0xFFFF, 0xFFFF, 0xFFFF, 0xFFFF, 0xFFFF, 0xFFFF, 0xFFFF, 0xFFFF, 0xFFFF, 0xFFFF, 0xFFFF, 0xFFFF,
  0xFFFF, 0xFFFF, 0xFFFF, 0xFFFF, 0xFFFF, 0xFFFF, 0xFFFF, 0xFFFF, 0xFFFF, 0xFFFF, 0xFFFF, 0xFFFF,
  0xFFFF, 0xFFFF, 0xFFFF, 0xFFFF, 0xFFFF, 0xFFFF, 0xFFFF, 0xFFFF, 0xFFFF, 0xFFFF, 0xFFFF, 0xFFFF,
  0xFFFF, 0xFFFF, 0xFFFF, 0xFFFF, 0xFFFF, 0xFFFF, 0xFFFF, 0xFFFF, 0xFFFF, 0xFFFF, 0xFFFF, 0xFFFF,
  0xFFFF, 0xFFFF, 0xFFFF, 0xFFFF, 0xFFFF, 0xFFFF, 0xFFFF, 0xFFFF, 0xFFFF, 0xFFFF, 0xFFFF, 0xFFFF,
  0xFFFF, 0xFFFF, 0xFFFF, 0xFFFF, 0xFFFF, 0xFFFF, 0xFFFF, 0xFFFF, 0xFFFF, 0xFFFF, 0xFFFF, 0xFFFF,
  0xFFFF, 0xFFFF, 0xFFFF, 0xFFFF, 0xFFFF, 0xFFFF, 0xFFFF, 0xFFFF, 0xFFFF, 0xFFFF, 0xFFFF, 0xFFFF,
  0xFFFF, 0xFFFF, 0xFFFF, 0xFFFF, 0xFFFF, 0xFFFF, 0xFFFF, 0xFFFF, 0xFFFF, 0xFFFF, 0xFFFF, 0xFFFF,
  0xFFFF, 0xFFFF, 0xFFFF, 0xFFFF, 0xFFFF, 0xFFFF, 0xFFFF, 0xFFFF, 0xFFFF, 0xFFFF, 0xFFFF, 0xFFFF,
  0xFFFF, 0xFFFF, 0xFFFF, 0xFFFF, 0xFFFF, 0xFFFF, 0xFFFF, 0xFFFF, 0xFFFF, 0xFFFF, 0xFFFF, 0xFFFF,
  0xFFFF, 0xFFFF, 0xFFFF, 0xFFFF, 0xFFFF, 0xFFFF, 0xFFFF, 0xFFFF, 0xFFFF, 0xFFFF, 0xFFFF, 0xFFFF,
  0xFFFF, 0xFFFF, 0xFFFF, 0xFFFF, 0xFFFF, 0xFFFF, 0xFFFF, 0xFFFF, 0xFFFF, 0xFFFF, 0xFFFF, 0xFFFF,
  0xFFFF, 0xFFFF, 0xFFFF, 0xFFFF, 0xFFFF, 0xFFFF, 0xFFFF, 0xFFFF, 0xFFFF, 0xFFFF, 0xFFFF, 0xFFFF,
  0xFFFF, 0xFFFF, 0xFFFF, 0xFFFF, 0xFFFF, 0xFFFF, 0xFFFF, 0xFFFF, 0xFFFF, 0xFFFF, 0xFFFF, 0xFFFF,
  0xFFFF, 0x000C, 0x000C, 0x000C, 0x000C, 0xFAD3, 0xFAD3, 0xFAD3, 0xFAD3, 0x6008, 0x000C, 0xFFFF,
  0xFFFF, 0xFFFF, 0xFFFF, 0xFFFF, 0xFFFF, 0xFFFF, 0xFFFF, 0xFFFF, 0xFFFF, 0xFFFF, 0xFFFF, 0xFFFF,
  0xFFFF, 0xFFFF, 0xFFFF, 0xFFFF, 0xFFFF, 0xFFFF, 0xFFFF, 0xFFFF, 0xFFFF, 0xFFFF, 0xFFFF, 0xFFFF,
  0xFFFF, 0xFFFF, 0xFFFF, 0xFFFF, 0xFFFF, 0xFFFF, 0xFFFF, 0xFFFF, 0xFFFF, 0xFFFF, 0xFFFF, 0xFFFF,
  0xFFFF, 0xFFFF, 0xFFFF, 0xFFFF, 0xFFFF, 0xFFFF, 0xFFFF, 0xFFFF, 0xFFFF, 0xFFFF, 0xFFFF, 0xFFFF,
  0xFFFF, 0xFFFF, 0xFFFF, 0xFFFF, 0xFFFF, 0xFFFF, 0xFFFF, 0xFFFF, 0xFFFF, 0xFFFF, 0xFFFF, 0xFFFF,
  0xFFFF, 0x000C, 0x000C, 0x3E2C, 0x000C, 0x3E2C, 0x000C, 0x14E7, 0x000C, 0x14E7, 0x000C, 0xFFFF,
  0xFFFF, 0xFFFF, 0xFFFF, 0xFFFF, 0xFFFF, 0xFFFF, 0xFFFF, 0xFFFF, 0xFFFF, 0xFFFF, 0xFFFF, 0xFFFF,
  0xFFFF, 0x000C, 0x3E2C, 0x000C, 0x3E2C, 0x14E7, 0x000C, 0x000C, 0x000C, 0x000C, 0xFFFF, 0xFFFF,
  0xFFFF, 0xFFFF, 0xFFFF, 0xFFFF, 0xFFFF, 0xFFFF, 0xFFFF, 0xFFFF, 0xFFFF, 0xFFFF, 0xFFFF, 0xFFFF,
  0xFFFF, 0xFFFF, 0xFFFF, 0x000C, 0x3E2C, 0x000C, 0x3E2C, 0x000C, 0xFFFF, 0xFFFF, 0xFFFF, 0xFFFF,
  0xFFFF, 0x000C, 0x4A07, 0x4A07, 0x2966, 0x2966, 0xF66E, 0xFEF1, 0xF66E, 0xDD4C, 0xFEF1, 0xDD4C,
  0xFEF1, 0xFF92, 0xF66E, 0xF66E, 0xF66E, 0xDD4C, 0x4A07, 0x4A07, 0x4A07, 0x4A07, 0x000C, 0xFFFF,
  0xFFFF, 0x000C, 0x4A07, 0x4A07, 0x2966, 0x2966, 0x2966, 0x2966, 0x2966, 0x2966, 0x2966, 0x4A07,
  0x4A07, 0x4A07, 0x4A07, 0x4A07, 0x4A07, 0x4A07, 0x4A07, 0x4A07, 0x4A07, 0x4A07, 0x000C, 0xFFFF,
  0xFFFF, 0x000C, 0x4A07, 0x4A07, 0x2966, 0x2966, 0x2966, 0x2966, 0x2966, 0x2966, 0x2966, 0x4A07,
  0x4A07, 0x4A07, 0x4A07, 0x4A07, 0x4A07, 0x4A07, 0x4A07, 0x4A07, 0x4A07, 0x4A07, 0x000C, 0xFFFF,
  0xFFFF, 0xFFFF, 0xFFFF, 0xFFFF, 0xFFFF, 0xFFFF, 0x000C, 0x1BC0, 0x3C83, 0x1BC0, 0x4D24, 0x6E86,
  0x4D24, 0x6E86, 0x1BC0, 0x3C83, 0x1BC0, 0x6E86, 0x4D24, 0x3C83, 0x000C, 0xFFFF, 0xFFFF, 0xFFFF,
  0xFFFF, 0xFFFF, 0xFFFF, 0xFFFF, 0xFFFF, 0xFFFF, 0x000C, 0x1BC0, 0x3C83, 0x1BC0, 0x4D24, 0x6E86,
  0x4D24, 0x6E86, 0x1BC0, 0x3C83, 0x1BC0, 0x6E86, 0x4D24, 0x000C, 0xFFFF, 0xFFFF, 0xFFFF, 0xFFFF,
  0xFFFF, 0xFFFF, 0xFFFF, 0xFFFF, 0xFFFF, 0xFFFF, 0xFFFF, 0xFFFF, 0xFFFF, 0xFFFF, 0xFFFF, 0xFFFF,
  0xFFFF, 0xFFFF, 0xFFFF, 0xFFFF, 0xFFFF, 0xFFFF, 0xFFFF, 0xFFFF, 0xFFFF, 0xFFFF, 0xFFFF, 0xFFFF,
  0xFFFF, 0xFFFF, 0xFFFF, 0xFFFF, 0x000C, 0xFFFF, 0xE7BF, 0xFFFF, 0xE7BF, 0xE7BF, 0xE7BF, 0xE7BF,
  0xE7BF, 0xFFFF, 0xE7BF, 0xE7BF, 0xE7BF, 0xE7BF, 0xFFFF, 0xE7BF, 0xE7BF, 0xB6BF, 0x000C, 0xFFFF,
  0xFFFF, 0xFFFF, 0xFFFF, 0xFFFF, 0xFFFF, 0x000C, 0xFFFF, 0xE7BF, 0xFFFF, 0xE7BF, 0xE7BF, 0xE7BF,
  0xE7BF, 0xE7BF, 0xFFFF, 0x000C, 0xFFFF, 0xFFFF, 0xFFFF, 0xFFFF, 0xFFFF, 0xFFFF, 0xFFFF, 0xFFFF,
  0xFFFF, 0xFFFF, 0xFFFF, 0xFFFF, 0xFFFF, 0xFFFF, 0xFFFF, 0xFFFF, 0xFFFF, 0xFFFF, 0xFFFF, 0xFFFF,
  0xFFFF, 0xFFFF, 0xFFFF, 0xFFFF, 0xFFFF, 0xFFFF, 0xFFFF, 0xFFFF, 0xFFFF, 0xFFFF, 0xFFFF, 0xFFFF,
  0xFFFF, 0xFFFF, 0xFFFF, 0x000C, 0xFFB3, 0xF80E, 0xFFB3, 0xFFB3, 0x000C, 0x3E4A, 0x1CC6, 0x000C,
  0xFFB3, 0x000C, 0xFFB3, 0xD64E, 0x000C, 0xD64E, 0x000C, 0x8F34, 0x3E4A, 0x1CC6, 0x000C, 0xFFFF,
  0xFFFF, 0xFFFF, 0xFFFF, 0x000C, 0xFFB3, 0xF80E, 0xFFB3, 0xFFB3, 0x000C, 0x3E4A, 0x1CC6, 0x000C,
  0xE3D1, 0xE3D1, 0xE3D1, 0xE3D1, 0x000C, 0x000C, 0x000C, 0xFFFF, 0xFFFF, 0xFFFF, 0xFFFF, 0xFFFF,
  0xFFFF, 0xFFFF, 0xFFFF, 0x000C, 0xFFFF, 0xFFFF, 0x000C, 0x000C, 0x000C, 0xE3D1, 0xE3D1, 0xE3D1,
  0xE3D1, 0xE3D1, 0xE3D1, 0xE3D1, 0x000C, 0x000C, 0x000C, 0xFFFF, 0xFFFF, 0xFFFF, 0xFFFF, 0xFFFF,
  0xFFFF, 0xFFFF, 0xFFFF, 0xFFFF, 0xFFFF, 0xFFFF, 0xFFFF, 0xFFFF, 0xFFFF, 0xFFFF, 0xFFFF, 0xFFFF,
  0xFFFF, 0xFFFF, 0xFFFF, 0xFFFF, 0xFFFF, 0xFFFF, 0xFFFF, 0xFFFF, 0xFFFF, 0xFFFF, 0xFFFF, 0xFFFF,
  0xFFFF, 0xFFFF, 0xFFFF, 0xFFFF, 0xFFFF, 0xFFFF, 0xFFFF, 0xFFFF, 0xFFFF, 0xFFFF, 0xFFFF, 0xFFFF,
  0xFFFF, 0xFFFF, 0xFFFF, 0xFFFF, 0xFFFF, 0xFFFF, 0xFFFF, 0xFFFF, 0xFFFF, 0xFFFF, 0xFFFF, 0xFFFF,
  0xFFFF, 0xFFFF, 0xFFFF, 0xFFFF, 0xFFFF, 0xFFFF, 0xFFFF, 0xFFFF, 0xFFFF, 0xFFFF, 0xFFFF, 0xFFFF,
  0xFFFF, 0xFFFF, 0xFFFF, 0xFFFF, 0xFFFF, 0xFFFF, 0xFFFF, 0xFFFF, 0xFFFF, 0xFFFF, 0xFFFF, 0xFFFF,
  0xFFFF, 0xFFFF, 0xFFFF, 0xFFFF, 0xFFFF, 0xFFFF, 0xFFFF, 0xFFFF, 0x000C, 0x000C, 0x000C, 0x000C,
  0x000C, 0x000C, 0x000C, 0x000C, 0xFFFF, 0xFFFF, 0xFFFF, 0xFFFF, 0xFFFF, 0xFFFF, 0xFFFF, 0xFFFF,
  0xFFFF, 0xFFFF, 0xFFFF, 0xFFFF, 0xFFFF, 0xFFFF, 0xFFFF, 0xFFFF, 0x000C, 0x000C, 0x000C, 0x000C,
  0xFFFF, 0xFFFF, 0xFFFF, 0xFFFF, 0xFFFF, 0xFFFF, 0xFFFF, 0xFFFF, 0xFFFF, 0xFFFF, 0xFFFF, 0xFFFF,
  0xFFFF, 0xFFFF, 0xFFFF, 0xFFFF, 0xFFFF, 0xFFFF, 0xFFFF, 0xFFFF, 0xFFFF, 0xFFFF, 0xFFFF, 0xFFFF,
  0xFFFF, 0xFFFF, 0xFFFF, 0xFFFF, 0xFFFF, 0xFFFF, 0xFFFF, 0xFFFF, 0xFFFF, 0xFFFF, 0xFFFF, 0xFFFF,
  0xFFFF, 0xFFFF, 0xFFFF, 0xFFFF, 0xFFFF, 0xFFFF, 0xFFFF, 0xFFFF, 0x000C, 0xC401, 0x000C, 0xFFFF,
  0xFFFF, 0xCE79, 0xCE79, 0x9CF3, 0x9CF3, 0xFFFF, 0xFFFF, 0x000C, 0xFFFF, 0x000C, 0x000C, 0xFFFF,
  0xFFFF, 0xFFFF, 0xFFFF, 0xFFFF, 0xFFFF, 0xFFFF, 0xFFFF, 0xFFFF, 0xFFFF, 0xFFFF, 0x000C, 0xC401,
  0x000C, 0xFFFF, 0xFFFF, 0xCE79, 0x000C, 0x000C, 0x000C, 0xFFFF, 0xFFFF, 0xFFFF, 0xFFFF, 0xFFFF,
  0xFFFF, 0xFFFF, 0xFFFF, 0xFFFF, 0xFFFF, 0xFFFF, 0xFFFF, 0xFFFF, 0xFFFF, 0xFFFF, 0x000C, 0xC401,
  0xD4E5, 0xC401, 0xD4E5, 0x000C, 0xFFFF, 0xFFFF, 0xFFFF, 0xFFFF, 0xFFFF, 0xFFFF, 0xFFFF, 0xFFFF,
  0xFFFF, 0xFFFF, 0xFFFF, 0xFFFF, 0xFFFF, 0xFFFF, 0xFFFF, 0xFFFF, 0xFFFF, 0xFFFF, 0xFFFF, 0xFFFF,
  0xFFFF, 0xFFFF, 0xFFFF, 0xFFFF, 0xFFFF, 0xFFFF, 0xFFFF, 0xFFFF, 0xFFFF, 0xFFFF, 0xFFFF, 0xFFFF,
  0xFFFF, 0xFFFF, 0xFFFF, 0xFFFF, 0xFFFF, 0xFFFF, 0xFFFF, 0xFFFF, 0xFFFF, 0xFFFF, 0xFFFF, 0xFFFF,
  0xFFFF, 0xFFFF, 0xFFFF, 0xFFFF, 0xFFFF, 0xFFFF, 0xFFFF, 0xFFFF, 0xFFFF, 0xFFFF, 0xFFFF, 0xFFFF,
  0xFFFF, 0xFFFF, 0xFFFF, 0xFFFF, 0xFFFF, 0xFFFF, 0xFFFF, 0xFFFF, 0xFFFF, 0xFFFF, 0xFFFF, 0xFFFF,
  0xFFFF, 0xFFFF, 0xFFFF, 0xFFFF, 0xFFFF, 0xFFFF, 0xFFFF, 0xFFFF, 0xFFFF, 0xFFFF, 0xFFFF, 0xFFFF,
  0xFFFF, 0xFFFF, 0xFFFF, 0xFFFF, 0xFFFF, 0xFFFF, 0xFFFF, 0xFFFF, 0xFFFF, 0x000C, 0x000C, 0x000C,
  0x000C, 0x000C, 0x000C, 0xFFFF, 0xFFFF, 0xFFFF, 0xFFFF, 0xFFFF, 0xFFFF, 0xFFFF, 0xFFFF, 0xFFFF,
  0xFFFF, 0xFFFF, 0xFFFF, 0xFFFF, 0xFFFF, 0xFFFF, 0xFFFF, 0xFFFF, 0xFFFF, 0xFFFF, 0xFFFF, 0x000C,
  0x000C, 0x000C, 0x000C, 0x000C, 0x000C, 0xFFFF, 0xFFFF, 0xFFFF, 0xFFFF, 0xFFFF, 0xFFFF, 0xFFFF,
  0xFFFF, 0xFFFF, 0xFFFF, 0xFFFF, 0xFFFF, 0xFFFF, 0xFFFF, 0xFFFF, 0xFFFF, 0xFFFF, 0xFFFF, 0xFFFF,
  0xFFFF, 0xFFFF, 0xFFFF, 0xFFFF, 0xFFFF, 0xFFFF, 0xFFFF, 0xFFFF, 0xFFFF, 0xFFFF, 0xFFFF, 0xFFFF,
  0xFFFF, 0xFFFF, 0xFFFF, 0xFFFF, 0xFFFF, 0xFFFF, 0xFFFF, 0xFFFF, 0xFFFF, 0xFFFF, 0xFFFF, 0xFFFF,
  0xFFFF, 0xFFFF, 0xFFFF, 0xFFFF, 0xFFFF, 0xFFFF, 0xFFFF, 0xFFFF, 0xFFFF, 0xFFFF, 0xFFFF, 0xFFFF,
  0xFFFF, 0xFFFF, 0xFFFF, 0xFFFF, 0xFFFF, 0xFFFF, 0xFFFF, 0xFFFF, 0xFFFF, 0xFFFF, 0xFFFF, 0xFFFF,
  0xFFFF, 0xFFFF, 0xFFFF, 0xFFFF, 0xFFFF, 0xFFFF, 0xFFFF, 0xFFFF, 0xFFFF, 0xFFFF, 0xFFFF, 0xFFFF,
  0xFFFF, 0xFFFF, 0xFFFF, 0xFFFF, 0xFFFF, 0xFFFF, 0xFFFF, 0xFFFF, 0xFFFF, 0xFFFF, 0xFFFF, 0xFFFF,
  0xFFFF, 0xFFFF, 0xFFFF, 0xFFFF, 0xFFFF, 0xFFFF, 0xFFFF, 0xFFFF, 0xFFFF, 0xFFFF, 0xFFFF, 0xFFFF,
  0xFFFF, 0xFFFF, 0xFFFF, 0xFFFF, 0xFFFF, 0xFFFF, 0xFFFF, 0xFFFF, 0xFFFF, 0xFFFF, 0xFFFF, 0x000C,
  0x000C, 0xFAD3, 0xFAD3, 0xFAD3, 0xFAD3, 0xB1AE, 0xB1AE, 0xB1AE, 0xB1AE, 0x6008, 0x000C, 0xFFFF,
  0xFFFF, 0xFFFF, 0xFFFF, 0xFFFF, 0xFFFF, 0xFFFF, 0xFFFF, 0xFFFF, 0xFFFF, 0xFFFF, 0xFFFF, 0xFFFF,
  0x000C, 0x000C, 0xFFFF, 0xFFFF, 0xFFFF, 0xFFFF, 0xFFFF, 0xFFFF, 0xFFFF, 0xFFFF, 0xFFFF, 0xFFFF,
  0xFFFF, 0xFFFF, 0xFFFF, 0xFFFF, 0xFFFF, 0xFFFF, 0xFFFF, 0xFFFF, 0xFFFF, 0xFFFF, 0xFFFF, 0xFFFF,
  0xFFFF, 0xFFFF, 0xFFFF, 0xFFFF, 0xFFFF, 0xFFFF, 0xFFFF, 0xFFFF, 0xFFFF, 0xFFFF, 0xFFFF, 0xFFFF,
  0xFFFF, 0xFFFF, 0xFFFF, 0xFFFF, 0xFFFF, 0xFFFF, 0xFFFF, 0xFFFF, 0xFFFF, 0xFFFF, 0xFFFF, 0xFFFF,
  0x000C, 0x14E7, 0x000C, 0x3E2C, 0x000C, 0x3E2C, 0x14E7, 0x000C, 0x14E7, 0x000C, 0x000C, 0x000C,
  0xFFFF, 0xFFFF, 0xFFFF, 0xFFFF, 0xFFFF, 0xFFFF, 0xFFFF, 0xFFFF, 0xFFFF, 0xFFFF, 0xFFFF, 0xFFFF,
  0xFFFF, 0x000C, 0x14E7, 0x000C, 0xAFEE, 0x000C, 0x3E2C, 0x14E7, 0x000C, 0x14E7, 0x000C, 0xFFFF,
  0xFFFF, 0xFFFF, 0xFFFF, 0xFFFF, 0xFFFF, 0xFFFF, 0xFFFF, 0xFFFF, 0xFFFF, 0xFFFF, 0xFFFF, 0xFFFF,
  0xFFFF, 0xFFFF, 0xFFFF, 0x000C, 0x3E2C, 0x000C, 0x3E2C, 0x14E7, 0x000C, 0xFFFF, 0xFFFF, 0xFFFF,
  0x000C, 0x4A07, 0x4A07, 0x2966, 0xF66E, 0xF66E, 0xDD4C, 0xF66E, 0xDD4C, 0xFEF1, 0xFEF1, 0xFF92,
  0xDD4C, 0x0BE0, 0xFFDB, 0xFEF1, 0xFEF1, 0xF66E, 0xF66E, 0xDD4C, 0x4A07, 0x4A07, 0x4A07, 0x000C,
  0x000C, 0x4A07, 0x4A07, 0x2966, 0x2966, 0x2966, 0x2966, 0x2966, 0x2966, 0xF66E, 0xF66E, 0xF66E,
  0xDD4C, 0xC4AB, 0xDD4C, 0x4A07, 0x4A07, 0x4A07, 0x4A07, 0x4A07, 0x4A07, 0x4A07, 0x4A07, 0x000C,
  0x000C, 0x4A07, 0x4A07, 0x2966, 0x2966, 0x2966, 0x2966, 0x2966, 0x2966, 0x2966, 0x2966, 0x2966,
  0x4A07, 0x4A07, 0x4A07, 0x4A07, 0x4A07, 0x4A07, 0x4A07, 0x4A07, 0x4A07, 0x4A07, 0x4A07, 0x000C,
  0xFFFF, 0xFFFF, 0xFFFF, 0xFFFF, 0xFFFF, 0xFFFF, 0xFFFF, 0x000C, 0x1BC0, 0x3C83, 0x4D24, 0x3C83,
  0x6E86, 0x4D24, 0x3C83, 0x1BC0, 0x3C83, 0x4D24, 0x3C83, 0x6E86, 0x4D24, 0x000C, 0xFFFF, 0xFFFF,
  0xFFFF, 0xFFFF, 0xFFFF, 0xFFFF, 0xFFFF, 0xFFFF, 0xFFFF, 0x000C, 0x1BC0, 0x3C83, 0x4D24, 0x3C83,
  0x6E86, 0x4D24, 0x3C83, 0x1BC0, 0x3C83, 0x4D24, 0x3C83, 0x000C, 0xFFFF, 0xFFFF, 0xFFFF, 0xFFFF,
  0xFFFF, 0xFFFF, 0xFFFF, 0xFFFF, 0xFFFF, 0xFFFF, 0xFFFF, 0xFFFF, 0xFFFF, 0xFFFF, 0xFFFF, 0xFFFF,
  0xFFFF, 0xFFFF, 0xFFFF, 0xFFFF, 0xFFFF, 0xFFFF, 0xFFFF, 0xFFFF, 0xFFFF, 0xFFFF, 0xFFFF, 0xFFFF,
  0xFFFF, 0xFFFF, 0xFFFF, 0xFFFF, 0x000C, 0xFFFF, 0xE7BF, 0xE7BF, 0xE7BF, 0xE7BF, 0xE7BF, 0xFFFF,
  0xE7BF, 0xE7BF, 0xE7BF, 0xE7BF, 0xFFFF, 0xE7BF, 0xE7BF, 0xE7BF, 0xE7BF, 0xE7BF, 0xB6BF, 0x000C,
  0xFFFF, 0xFFFF, 0xFFFF, 0xFFFF, 0xFFFF, 0x000C, 0xFFFF, 0xE7BF, 0xE7BF, 0xE7BF, 0xE7BF, 0xE7BF,
  0xFFFF, 0xE7BF, 0xE7BF, 0xE7BF, 0x000C, 0xFFFF, 0xFFFF, 0xFFFF, 0xFFFF, 0xFFFF, 0xFFFF, 0xFFFF,
  0xFFFF, 0xFFFF, 0xFFFF, 0xFFFF, 0xFFFF, 0xFFFF, 0xFFFF, 0xFFFF, 0xFFFF, 0xFFFF, 0xFFFF, 0xFFFF,
  0xFFFF, 0xFFFF, 0xFFFF, 0xFFFF, 0xFFFF, 0xFFFF, 0xFFFF, 0xFFFF, 0xFFFF, 0xFFFF, 0xFFFF, 0xFFFF,
  0xFFFF, 0x000C, 0x000C, 0x3E4A, 0x000C, 0x000C, 0x000C, 0x000C, 0x1CC6, 0x000C, 0x000C, 0x1CC6,
  0x000C, 0x000C, 0xFFB3, 0xD64E, 0x000C, 0x000C, 0x8F34, 0x1CC6, 0x3E4A, 0x1CC6, 0x000C, 0xFFFF,
  0xFFFF, 0x000C, 0x000C, 0x3E4A, 0x000C, 0x000C, 0x000C, 0x000C, 0x1CC6, 0x000C, 0x000C, 0x1CC6,
  0xE3D1, 0xE3D1, 0xE3D1, 0xE3D1, 0xE3D1, 0xE3D1, 0xE3D1, 0x000C, 0x000C, 0xFFFF, 0xFFFF, 0xFFFF,
  0xFFFF, 0x000C, 0x000C, 0x3E4A, 0x000C, 0x000C, 0xE3D1, 0xE3D1, 0xE3D1, 0xE3D1, 0xE3D1, 0xE3D1,
  0xE3D1, 0xE3D1, 0xE3D1, 0xE3D1, 0xE3D1, 0xE3D1, 0xE3D1, 0x000C, 0x000C, 0xFFFF, 0xFFFF, 0xFFFF,
  0xFFFF, 0xFFFF, 0xFFFF, 0xFFFF, 0xFFFF, 0xFFFF, 0xFFFF, 0xFFFF, 0xFFFF, 0xFFFF, 0xFFFF, 0xFFFF,
  0xFFFF, 0xFFFF, 0xFFFF, 0xFFFF, 0xFFFF, 0xFFFF, 0xFFFF, 0xFFFF, 0xFFFF, 0xFFFF, 0xFFFF, 0xFFFF,
  0xFFFF, 0xFFFF, 0xFFFF, 0xFFFF, 0xFFFF, 0xFFFF, 0xFFFF, 0xFFFF, 0xFFFF, 0xFFFF, 0xFFFF, 0xFFFF,
  0xFFFF, 0xFFFF, 0xFFFF, 0xFFFF, 0xFFFF, 0xFFFF, 0xFFFF, 0xFFFF, 0xFFFF, 0xFFFF, 0xFFFF, 0xFFFF,
  0xFFFF, 0xFFFF, 0xFFFF, 0xFFFF, 0xFFFF, 0xFFFF, 0xFFFF, 0xFFFF, 0xFFFF, 0xFFFF, 0xFFFF, 0xFFFF,
  0xFFFF, 0xFFFF, 0xFFFF, 0xFFFF, 0xFFFF, 0xFFFF, 0xFFFF, 0xFFFF, 0xFFFF, 0xFFFF, 0xFFFF, 0xFFFF,
  0xFFFF, 0xFFFF, 0xFFFF, 0xFFFF, 0xFFFF, 0xFFFF, 0x000C, 0x000C, 0xFF2F, 0xFF2F, 0xFF2F, 0xFF2F,
  0xFF2F, 0xFF2F, 0xFF2F, 0xFF2F, 0x000C, 0x000C, 0xFFFF, 0xFFFF, 0xFFFF, 0xFFFF, 0xFFFF, 0xFFFF,
  0xFFFF, 0xFFFF, 0xFFFF, 0xFFFF, 0xFFFF, 0xFFFF, 0x000C, 0x000C, 0xFF2F, 0xFF2F, 0xFF2F, 0xFF2F,
  0x000C, 0x000C, 0xFFFF, 0xFFFF, 0xFFFF, 0xFFFF, 0xFFFF, 0xFFFF, 0xFFFF, 0xFFFF, 0xFFFF, 0xFFFF,
  0xFFFF, 0xFFFF, 0xFFFF, 0xFFFF, 0xFFFF, 0xFFFF, 0xFFFF, 0xFFFF, 0xFFFF, 0xFFFF, 0x000C, 0x000C,
  0x000C, 0x000C, 0xFFFF, 0xFFFF, 0xFFFF, 0xFFFF, 0xFFFF, 0xFFFF, 0xFFFF, 0xFFFF, 0xFFFF, 0xFFFF,
  0xFFFF, 0xFFFF, 0xFFFF, 0xFFFF, 0xFFFF, 0xFFFF, 0xFFFF, 0xFFFF, 0x000C, 0x000C, 0xCE79, 0xFFFF,
  0xFFFF, 0xFFFF, 0xFFFF, 0xFFFF, 0xFFFF, 0xFFFF, 0x9CF3, 0x000C, 0xFFFF, 0xFFFF, 0xFFFF, 0xFFFF,
  0xFFFF, 0xFFFF, 0xFFFF, 0xFFFF, 0xFFFF, 0xFFFF, 0xFFFF, 0xFFFF, 0xFFFF, 0xFFFF, 0x000C, 0x000C,
  0xCE79, 0xFFFF, 0xFFFF, 0xFFFF, 0x000C, 0x9CF3, 0x9CF3, 0x000C, 0xFFFF, 0xFFFF, 0xFFFF, 0xFFFF,
  0xFFFF, 0xFFFF, 0xFFFF, 0xFFFF, 0xFFFF, 0xFFFF, 0xFFFF, 0xFFFF, 0xFFFF, 0xFFFF, 0x000C, 0x000C,
  0xD4E5, 0xD4E5, 0xD4E5, 0xD4E5, 0x000C, 0xFFFF, 0xFFFF, 0xFFFF, 0xFFFF, 0xFFFF, 0xFFFF, 0xFFFF,
  0xFFFF, 0xFFFF, 0xFFFF, 0xFFFF, 0xFFFF, 0xFFFF, 0x000C, 0x000C, 0xFFFF, 0xFFFF, 0xFFFF, 0xFFFF,
  0x000C, 0x000C, 0xFFFF, 0xFFFF, 0xFFFF, 0xFFFF, 0xFFFF, 0xFFFF, 0xFFFF, 0xFFFF, 0xFFFF, 0xFFFF,
  0xFFFF, 0xFFFF, 0xFFFF, 0xFFFF, 0xFFFF, 0xFFFF, 0x000C, 0x000C, 0xFFFF, 0xFFFF, 0xFFFF, 0xFFFF,
  0x000C, 0x000C, 0xFFFF, 0xFFFF, 0xFFFF, 0xFFFF, 0xFFFF, 0xFFFF, 0xFFFF, 0xFFFF, 0xFFFF, 0xFFFF,
  0xFFFF, 0xFFFF, 0xFFFF, 0xFFFF, 0xFFFF, 0xFFFF, 0x000C, 0x000C, 0xFFFF, 0xFFFF, 0xFFFF, 0xFFFF,
  0xFFFF, 0xFFFF, 0xFFFF, 0xFFFF, 0xFFFF, 0xFFFF, 0xFFFF, 0xFFFF, 0xFFFF, 0xFFFF, 0xFFFF, 0xFFFF,
  0xFFFF, 0xFFFF, 0xFFFF, 0xFFFF, 0xFFFF, 0xFFFF, 0x000C, 0x000C, 0x000C, 0xE442, 0xE442, 0xE442,
  0xE442, 0xE442, 0xE442, 0x000C, 0x000C, 0x000C, 0xFFFF, 0xFFFF, 0xFFFF, 0xFFFF, 0xFFFF, 0xFFFF,
  0xFFFF, 0xFFFF, 0xFFFF, 0xFFFF, 0xFFFF, 0xFFFF, 0xFFFF, 0xFFFF, 0x000C, 0x000C, 0x000C, 0xE442,
  0xE442, 0xE442, 0xE442, 0xE442, 0xE442, 0x000C, 0x000C, 0xFFFF, 0xFFFF, 0xFFFF, 0xFFFF, 0xFFFF,
  0xFFFF, 0xFFFF, 0xFFFF, 0xFFFF, 0xFFFF, 0xFFFF, 0xFFFF, 0xFFFF, 0xFFFF, 0xFFFF, 0xFFFF, 0xFFFF,
  0xFFFF, 0xFFFF, 0xFFFF, 0xFFFF, 0xFFFF, 0xFFFF, 0xFFFF, 0xFFFF, 0xFFFF, 0xFFFF, 0xFFFF, 0xFFFF,
  0xFFFF, 0xFFFF, 0xFFFF, 0xFFFF, 0xFFFF, 0xFFFF, 0xFFFF, 0xFFFF, 0xFFFF, 0xFFFF, 0xFFFF, 0xFFFF,
  0xFFFF, 0xFFFF, 0xFFFF, 0xFFFF, 0xFFFF, 0xFFFF, 0xFFFF, 0xFFFF, 0xFFFF, 0xFFFF, 0xFFFF, 0xFFFF,
  0xFFFF, 0xFFFF, 0xFFFF, 0xFFFF, 0xFFFF, 0xFFFF, 0xFFFF, 0xFFFF, 0xFFFF, 0xFFFF, 0xFFFF, 0xFFFF,
  0xFFFF, 0xFFFF, 0xFFFF, 0xFFFF, 0xFFFF, 0xFFFF, 0xFFFF, 0xFFFF, 0xFFFF, 0xFFFF, 0xFFFF, 0xFFFF,
  0xFFFF, 0xFFFF, 0xFFFF, 0xFFFF, 0xFFFF, 0xFFFF, 0xFFFF, 0xFFFF, 0xFFFF, 0xFFFF, 0xFFFF, 0xFFFF,
  0xFFFF, 0xFFFF, 0xFFFF, 0xFFFF, 0xFFFF, 0xFFFF, 0xFFFF, 0xFFFF, 0xFFFF, 0xFFFF, 0xFFFF, 0xFFFF,
  0xFFFF, 0xFFFF, 0xFFFF, 0xFFFF, 0xFFFF, 0xFFFF, 0xFFFF, 0xFFFF, 0xFFFF, 0x000C, 0x000C, 0xFAD3,
  0xFAD3, 0xB1AE, 0xB1AE, 0xB1AE, 0xB1AE, 0xB1AE, 0xB1AE, 0xB1AE, 0xB1AE, 0x6008, 0x000C, 0xFFFF,
  0xFFFF, 0xFFFF, 0xFFFF, 0xFFFF, 0xFFFF, 0xFFFF, 0xFFFF, 0xFFFF, 0xFFFF, 0xFFFF, 0x000C, 0x000C,
  0xFFF3, 0xFDC0, 0x000C, 0x000C, 0xFFFF, 0xFFFF, 0xFFFF, 0xFFFF, 0xFFFF, 0xFFFF, 0xFFFF, 0xFFFF,
  0xFFFF, 0xFFFF, 0xFFFF, 0xFFFF, 0xFFFF, 0xFFFF, 0xFFFF, 0xFFFF, 0xFFFF, 0xFFFF, 0xFFFF, 0xFFFF,
  0xFFFF, 0xFFFF, 0xFFFF, 0xFFFF, 0xFFFF, 0xFFFF, 0xFFFF, 0xFFFF, 0xFFFF, 0xFFFF, 0xFFFF, 0xFFFF,
  0xFFFF, 0xFFFF, 0xFFFF, 0xFFFF, 0xFFFF, 0xFFFF, 0xFFFF, 0xFFFF, 0xFFFF, 0xFFFF, 0xFFFF, 0xFFFF,
  0x000C, 0x000C, 0x3E2C, 0x000C, 0x3E2C, 0x14E7, 0x000C, 0x000C, 0x000C, 0x3E2C, 0x14E7, 0x000C,
  0xFFFF, 0xFFFF, 0xFFFF, 0xFFFF, 0xFFFF, 0xFFFF, 0xFFFF, 0xFFFF, 0xFFFF, 0xFFFF, 0xFFFF, 0xFFFF,
  0x000C, 0x14E7, 0x000C, 0x14E7, 0xAFEE, 0x3E2C, 0x14E7, 0x000C, 0x14E7, 0x000C, 0x000C, 0x000C,
  0xFFFF, 0xFFFF, 0xFFFF, 0xFFFF, 0xFFFF, 0xFFFF, 0xFFFF, 0xFFFF, 0xFFFF, 0xFFFF, 0xFFFF, 0xFFFF,
  0xFFFF, 0xFFFF, 0x000C, 0x3E2C, 0x000C, 0x3E2C, 0x14E7, 0x000C, 0x000C, 0x000C, 0xFFFF, 0xFFFF,
  0x000C, 0x4A07, 0x2966, 0xF66E, 0xFEF1, 0xDD4C, 0xFEF1, 0xFF92, 0x0BE0, 0x45C0, 0x0BE0, 0x45C0,
  0x0BE0, 0x45C0, 0x0BE0, 0xF66E, 0xFFDB, 0xFEF1, 0xF66E, 0xF66E, 0xDD4C, 0x4A07, 0x4A07, 0x000C,
  0x000C, 0x4A07, 0x2966, 0x2966, 0x2966, 0x2966, 0xF66E, 0xFEF1, 0xF66E, 0xDD4C, 0xFEF1, 0xFF92,
  0xDD4C, 0xDD4C, 0xF66E, 0xDD4C, 0xDD4C, 0xF66E, 0x4A07, 0x4A07, 0x4A07, 0x4A07, 0x4A07, 0x000C,
  0x000C, 0x4A07, 0x2966, 0x2966, 0x2966, 0x2966, 0x2966, 0x2966, 0x2966, 0x2966, 0x2966, 0x4A07,
  0x4A07, 0x4A07, 0x4A07, 0x4A07, 0x4A07, 0x4A07, 0x4A07, 0x4A07, 0x4A07, 0x4A07, 0x4A07, 0x000C,
  0xFFFF, 0xFFFF, 0xFFFF, 0xFFFF, 0xFFFF, 0xFFFF, 0xFFFF, 0xFFFF, 0x000C, 0x1BC0, 0x3C83, 0x4D24,
  0x3C83, 0x6E86, 0x4D24, 0x1BC0, 0x4D24, 0x6E86, 0x4D24, 0x4D24, 0x3C83, 0x000C, 0xFFFF, 0xFFFF,
  0xFFFF, 0xFFFF, 0xFFFF, 0xFFFF, 0xFFFF, 0xFFFF, 0xFFFF, 0xFFFF, 0x000C, 0x1BC0, 0x3C83, 0x4D24,
  0x3C83, 0x6E86, 0x4D24, 0x1BC0, 0x4D24, 0x6E86, 0x000C, 0xFFFF, 0xFFFF, 0xFFFF, 0xFFFF, 0xFFFF,
  0xFFFF, 0xFFFF, 0xFFFF, 0xFFFF, 0xFFFF, 0xFFFF, 0xFFFF, 0xFFFF, 0xFFFF, 0xFFFF, 0xFFFF, 0xFFFF,
  0xFFFF, 0xFFFF, 0xFFFF, 0xFFFF, 0xFFFF, 0xFFFF, 0xFFFF, 0xFFFF, 0xFFFF, 0xFFFF, 0xFFFF, 0xFFFF,
  0xFFFF, 0xFFFF, 0xFFFF, 0xFFFF, 0x000C, 0xFFFF, 0xE7BF, 0xE7BF, 0xFFFF, 0xE7BF, 0xE7BF, 0xE7BF,
  0xE7BF, 0xE7BF, 0xE7BF, 0xE7BF, 0xE7BF, 0xE7BF, 0xFFFF, 0xFFFF, 0xFFFF, 0xE7BF, 0xB6BF, 0x000C,
  0xFFFF, 0xFFFF, 0xFFFF, 0xFFFF, 0xFFFF, 0x000C, 0xFFFF, 0xE7BF, 0xE7BF, 0xFFFF, 0xE7BF, 0xE7BF,
  0xE7BF, 0xE7BF, 0xE7BF, 0xE7BF, 0xE7BF, 0x000C, 0xFFFF, 0xFFFF, 0xFFFF, 0xFFFF, 0xFFFF, 0xFFFF,
  0xFFFF, 0xFFFF, 0xFFFF, 0xFFFF, 0xFFFF, 0xFFFF, 0xFFFF, 0xFFFF, 0xFFFF, 0x000C, 0x000C, 0xFFFF,
  0xFFFF, 0xFFFF, 0xFFFF, 0xFFFF, 0xFFFF, 0xFFFF, 0xFFFF, 0xFFFF, 0xFFFF, 0xFFFF, 0xFFFF, 0xFFFF,
  0x000C, 0x8F34, 0x1CC6, 0x000C, 0x000C, 0xFFB3, 0xD64E, 0x000C, 0x000C, 0xFCF3, 0xF80E, 0x000C,
  0x8F34, 0x000C, 0xFFB3, 0xD64E, 0x000C, 0x3E4A, 0x1CC6, 0x1CC6, 0x3E4A, 0x3E4A, 0x1CC6, 0x000C,
  0x000C, 0x8F34, 0x1CC6, 0x000C, 0x000C, 0xFFB3, 0xD64E, 0x000C, 0x000C, 0xFCF3, 0xF80E, 0x000C,
  0x8F34, 0xE3D1, 0xE3D1, 0xE3D1, 0xE3D1, 0xE3D1, 0xE3D1, 0xE3D1, 0xE3D1, 0x000C, 0xFFFF, 0xFFFF,
  0x000C, 0x8F34, 0x1CC6, 0x000C, 0x000C, 0xE3D1, 0xE3D1, 0xE3D1, 0xE3D1, 0xE3D1, 0xE3D1, 0xE3D1,
  0xE3D1, 0xE3D1, 0xE3D1, 0xE3D1, 0xE3D1, 0xE3D1, 0xE3D1, 0xE3D1, 0xE3D1, 0x000C, 0xFFFF, 0xFFFF,
  0xFFFF, 0xFFFF, 0xFFFF, 0xFFFF, 0xFFFF, 0xFFFF, 0xFFFF, 0xFFFF, 0xFFFF, 0xFFFF, 0xFFFF, 0x000C,
  0x000C, 0xFFFF, 0xFFFF, 0xFFFF, 0xFFFF, 0xFFFF, 0xFFFF, 0xFFFF, 0xFFFF, 0xFFFF, 0xFFFF, 0xFFFF,
  0xFFFF, 0xFFFF, 0xFFFF, 0xFFFF, 0xFFFF, 0xFFFF, 0xFFFF, 0xFFFF, 0xFFFF, 0xFFFF, 0xFFFF, 0xFFFF,
  0x000C, 0x000C, 0xFFFF, 0xFFFF, 0xFFFF, 0xFFFF, 0xFFFF, 0xFFFF, 0xFFFF, 0xFFFF, 0xFFFF, 0xFFFF,
  0xFFFF, 0xFFFF, 0xFFFF, 0xFFFF, 0xFFFF, 0xFFFF, 0xFFFF, 0xFFFF, 0xFFFF, 0xFFFF, 0xFFFF, 0xFFFF,
  0xFFFF, 0xFFFF, 0xFFFF, 0xFFFF, 0xFFFF, 0xFFFF, 0xFFFF, 0xFFFF, 0xFFFF, 0xFFFF, 0xFFFF, 0xFFFF,
  0xFFFF, 0xFFFF, 0xFFFF, 0xFFFF, 0xFFFF, 0x000C, 0xFF2F, 0xFF2F, 0xE524, 0xBBA5, 0xE524, 0xBBA5,
  0xE524, 0xFF2F, 0xE524, 0xE524, 0xE524, 0xBBA5, 0x000C, 0xFFFF, 0xFFFF, 0xFFFF, 0xFFFF, 0xFFFF,
  0xFFFF, 0xFFFF, 0xFFFF, 0xFFFF, 0xFFFF, 0x000C, 0xFF2F, 0xFF2F, 0xE524, 0xBBA5, 0xE524, 0xBBA5,
  0x000C, 0xBBA5, 0x000C, 0xFFFF, 0xFFFF, 0xFFFF, 0xFFFF, 0xFFFF, 0xFFFF, 0xFFFF, 0xFFFF, 0xFFFF,
  0xFFFF, 0xFFFF, 0xFFFF, 0xFFFF, 0xFFFF, 0xFFFF, 0xFFFF, 0xFFFF, 0x000C, 0x000C, 0xFF2F, 0xFF2F,
  0xFF2F, 0xFF2F, 0x000C, 0x000C, 0xFFFF, 0xFFFF, 0xFFFF, 0xFFFF, 0xFFFF, 0xFFFF, 0xFFFF, 0xFFFF,
  0xFFFF, 0xFFFF, 0xFFFF, 0xFFFF, 0xFFFF, 0xFFFF, 0xFFFF, 0x000C, 0xCE79, 0xFFFF, 0xCE79, 0xCE79,
  0xCE79, 0xFFFF, 0xFFFF, 0xCE79, 0x9CF3, 0x9CF3, 0x9CF3, 0x000C, 0xFFFF, 0xFFFF, 0xFFFF, 0xFFFF,
  0xFFFF, 0xFFFF, 0xFFFF, 0xFFFF, 0xFFFF, 0xFFFF, 0xFFFF, 0xFFFF, 0xFFFF, 0x000C, 0xCE79, 0xFFFF,
  0xCE79, 0xCE79, 0xCE79, 0xFFFF, 0xFFFF, 0x000C, 0x9CF3, 0x9CF3, 0x000C, 0xFFFF, 0xFFFF, 0xFFFF,
  0xFFFF, 0xFFFF, 0xFFFF, 0xFFFF, 0xFFFF, 0xFFFF, 0xFFFF, 0xFFFF, 0xFFFF, 0x000C, 0xCE79, 0xFFFF,
  0x000C, 0xC401, 0xD4E5, 0xC401, 0x000C, 0xFFFF, 0xFFFF, 0xFFFF, 0xFFFF, 0xFFFF, 0xFFFF, 0xFFFF,
  0xFFFF, 0xFFFF, 0xFFFF, 0xFFFF, 0xFFFF, 0x000C, 0xE069, 0xE069, 0x000C, 0xFFFF, 0xFFFF, 0x000C,
  0xFF9A, 0xFF9A, 0x000C, 0xFFFF, 0xFFFF, 0xFFFF, 0xFFFF, 0xFFFF, 0xFFFF, 0xFFFF, 0xFFFF, 0xFFFF,
  0xFFFF, 0xFFFF, 0xFFFF, 0xFFFF, 0xFFFF, 0x000C, 0xE069, 0xE069, 0x000C, 0xFFFF, 0xFFFF, 0x000C,
  0xFF9A, 0xFF9A, 0x000C, 0xFFFF, 0xFFFF, 0xFFFF, 0xFFFF, 0xFFFF, 0xFFFF, 0xFFFF, 0xFFFF, 0xFFFF,
  0xFFFF, 0xFFFF, 0xFFFF, 0xFFFF, 0xFFFF, 0x000C, 0xE069, 0xE069, 0x000C, 0xFFFF, 0xFFFF, 0xFFFF,
  0xFFFF, 0xFFFF, 0xFFFF, 0xFFFF, 0xFFFF, 0xFFFF, 0xFFFF, 0xFFFF, 0xFFFF, 0xFFFF, 0xFFFF, 0xFFFF,
  0xFFFF, 0xFFFF, 0xFFFF, 0xFFFF, 0x000C, 0x000C, 0xE442, 0xE442, 0xE442, 0xE442, 0xE442, 0xE442,
  0xE442, 0xE442, 0xE442, 0xE442, 0xE442, 0xE442, 0x000C, 0x000C, 0xFFFF, 0xFFFF, 0xFFFF, 0xFFFF,
  0xFFFF, 0xFFFF, 0xFFFF, 0xFFFF, 0xFFFF, 0xFFFF, 0x000C, 0x000C, 0xE442, 0xE442, 0xE442, 0xE442,
  0xE442, 0xE442, 0xE442, 0xE442, 0xE442, 0xE442, 0x000C, 0x000C, 0xFFFF, 0xFFFF, 0xFFFF, 0xFFFF,
  0xFFFF, 0xFFFF, 0xFFFF, 0xFFFF, 0xFFFF, 0xFFFF, 0xFFFF, 0xFFFF, 0xFFFF, 0xFFFF, 0xFFFF, 0xFFFF,
  0xFFFF, 0xFFFF, 0xFFFF, 0xFFFF, 0xFFFF, 0xFFFF, 0xFFFF, 0xFFFF, 0xFFFF, 0xFFFF, 0xFFFF, 0xFFFF,
  0xFFFF, 0xFFFF, 0xFFFF, 0xFFFF, 0xFFFF, 0xFFFF, 0xFFFF, 0xFFFF, 0xFFFF, 0xFFFF, 0xFFFF, 0xFFFF,
  0xFFFF, 0xFFFF, 0xFFFF, 0xFFFF, 0xFFFF, 0xFFFF, 0xFFFF, 0xFFFF, 0xFFFF, 0xFFFF, 0xFFFF, 0xFFFF,
  0xFFFF, 0xFFFF, 0xFFFF, 0xFFFF, 0xFFFF, 0xFFFF, 0xFFFF, 0xFFFF, 0xFFFF, 0xFFFF, 0xFFFF, 0xFFFF,
  0xFFFF, 0xFFFF, 0xFFFF, 0xFFFF, 0xFFFF, 0xFFFF, 0xFFFF, 0xFFFF, 0xFFFF, 0xFFFF, 0xFFFF, 0xFFFF,
  0xFFFF, 0xFFFF, 0xFFFF, 0xFFFF, 0xFFFF, 0xFFFF, 0xFFFF, 0xFFFF, 0xFFFF, 0xFFFF, 0xFFFF, 0xFFFF,
  0xFFFF, 0xFFFF, 0xFFFF, 0xFFFF, 0xFFFF, 0xFFFF, 0xFFFF, 0xFFFF, 0xFFFF, 0xFFFF, 0xFFFF, 0xFFFF,
  0xFFFF, 0xFFFF, 0xFFFF, 0xFFFF, 0xFFFF, 0xFFFF, 0xFFFF, 0xFFFF, 0x000C, 0xFAD3, 0xFAD3, 0xB1AE,
  0xB1AE, 0xB1AE, 0xB1AE, 0xB1AE, 0xB1AE, 0xB1AE, 0xB1AE, 0xB1AE, 0x6008, 0x000C, 0xFFFF, 0xFFFF,
  0xFFFF, 0xFFFF, 0xFFFF, 0xFFFF, 0xFFFF, 0xFFFF, 0xFFFF, 0xFFFF, 0xFFFF, 0x000C, 0xFAD3, 0xFAD3,
  0xFFF3, 0xFF46, 0xFDC0, 0xFDC0, 0x000C, 0xFFFF, 0xFFFF, 0xFFFF, 0xFFFF, 0xFFFF, 0xFFFF, 0xFFFF,
  0xFFFF, 0xFFFF, 0xFFFF, 0xFFFF, 0xFFFF, 0xFFFF, 0xFFFF, 0xFFFF, 0xFFFF, 0xFFFF, 0xFFFF, 0xFFFF,
  0xFFFF, 0xFFFF, 0xFFFF, 0xFFFF, 0xFFFF, 0xFFFF, 0xFFFF, 0xFFFF, 0xFFFF, 0xFFFF, 0xFFFF, 0xFFFF,
  0xFFFF, 0xFFFF, 0xFFFF, 0xFFFF, 0xFFFF, 0xFFFF, 0xFFFF, 0xFFFF, 0xFFFF, 0xFFFF, 0xFFFF, 0x000C,
  0x14E7, 0x000C, 0x14E7, 0x000C, 0xAFEE, 0x000C, 0x3E2C, 0x14E7, 0x000C, 0x14E7, 0x000C, 0xFFFF,
  0xFFFF, 0xFFFF, 0xFFFF, 0xFFFF, 0xFFFF, 0xFFFF, 0xFFFF, 0xFFFF, 0xFFFF, 0xFFFF, 0xFFFF, 0xFFFF,
  0x000C, 0xAFEE, 0x14E7, 0xAFEE, 0x14E7, 0x000C, 0x000C, 0xAFEE, 0x000C, 0x3E2C, 0x14E7, 0x000C,
  0xFFFF, 0xFFFF, 0xFFFF, 0xFFFF, 0xFFFF, 0xFFFF, 0xFFFF, 0xFFFF, 0xFFFF, 0xFFFF, 0xFFFF, 0xFFFF,
  0xFFFF, 0xFFFF, 0x000C, 0x14E7, 0x000C, 0xAFEE, 0x000C, 0x3E2C, 0x14E7, 0x000C, 0xFFFF, 0xFFFF,
  0x000C, 0x4A07, 0x2966, 0xF66E, 0xDD4C, 0xF66E, 0xFFDB, 0x0BE0, 0x45C0, 0x0BE0, 0x45C0, 0x0BE0,
  0x45C0, 0x0BE0, 0x45C0, 0x0BE0, 0xF66E, 0xF66E, 0xFFDB, 0xFEF1, 0xF66E, 0x4A07, 0x4A07, 0x000C,
  0x000C, 0x4A07, 0x2966, 0x2966, 0xF66E, 0xF66E, 0xDD4C, 0xF66E, 0xDD4C, 0xFEF1, 0xDD4C, 0xDD4C,
  0xFEF1, 0xFF92, 0xDD4C, 0xFEF1, 0xFF92, 0xDD4C, 0xC4AB, 0xDD4C, 0x4A07, 0x4A07, 0x4A07, 0x000C,
  0x000C, 0x4A07, 0x2966, 0x2966, 0x2966, 0x2966, 0x2966, 0x2966, 0x2966, 0xF66E, 0xF66E, 0xF66E,
  0xDD4C, 0xFEF1, 0xDD4C, 0x4A07, 0x4A07, 0x4A07, 0x4A07, 0x4A07, 0x4A07, 0x4A07, 0x4A07, 0x000C,
  0xFFFF, 0xFFFF, 0xFFFF, 0xFFFF, 0xFFFF, 0xFFFF, 0xFFFF, 0xFFFF, 0x000C, 0x1BC0, 0x1BC0, 0x3C83,
  0x6E86, 0x4D24, 0x1BC0, 0x3C83, 0x4D24, 0x3C83, 0x6E86, 0x3C83, 0x6E86, 0x3C83, 0x000C, 0xFFFF,
  0xFFFF, 0xFFFF, 0xFFFF, 0xFFFF, 0xFFFF, 0xFFFF, 0xFFFF, 0xFFFF, 0x000C, 0x1BC0, 0x1BC0, 0x3C83,
  0x6E86, 0x4D24, 0x1BC0, 0x3C83, 0x4D24, 0x000C, 0xFFFF, 0xFFFF, 0xFFFF, 0xFFFF, 0xFFFF, 0xFFFF,
  0xFFFF, 0xFFFF, 0xFFFF, 0xFFFF, 0xFFFF, 0xFFFF, 0xFFFF, 0xFFFF, 0xFFFF, 0xFFFF, 0xFFFF, 0xFFFF,
  0xFFFF, 0xFFFF, 0xFFFF, 0xFFFF, 0xFFFF, 0xFFFF, 0xFFFF, 0xFFFF, 0xFFFF, 0xFFFF, 0xFFFF, 0xFFFF,
  0xFFFF, 0xFFFF, 0xFFFF, 0xFFFF, 0xFFFF, 0x000C, 0xE7BF, 0xE7BF, 0xE7BF, 0xE7BF, 0xE7BF, 0xE7BF,
  0xE7BF, 0xFFFF, 0xE7BF, 0xE7BF, 0xE7BF, 0xE7BF, 0xE7BF, 0xE7BF, 0xE7BF, 0xE7BF, 0xB6BF, 0x000C,
  0xFFFF, 0xFFFF, 0xFFFF, 0xFFFF, 0xFFFF, 0xFFFF, 0x000C, 0xE7BF, 0xE7BF, 0xE7BF, 0xE7BF, 0xE7BF,
  0xE7BF, 0xE7BF, 0xFFFF, 0xE7BF, 0xE7BF, 0x000C, 0xFFFF, 0xFFFF, 0xFFFF, 0xFFFF, 0xFFFF, 0xFFFF,
  0xFFFF, 0xFFFF, 0xFFFF, 0xFFFF, 0xFFFF, 0xFFFF, 0xFFFF, 0xFFFF, 0x000C, 0xE7BF, 0xE7BF, 0x000C,
  0xFFFF, 0xFFFF, 0xFFFF, 0xFFFF, 0xFFFF, 0xFFFF, 0xFFFF, 0xFFFF, 0xFFFF, 0xFFFF, 0xFFFF, 0xFFFF,
  0x000C, 0x8F34, 0x1CC6, 0x000C, 0x000C, 0x000C, 0xD64E, 0x000C, 0x000C, 0xF80E, 0xF80E, 0x000C,
  0x8F34, 0x3E4A, 0x000C, 0x000C, 0x3E4A, 0x000C, 0x000C, 0x000C, 0x000C, 0x3E4A, 0x1CC6, 0x000C,
  0x000C, 0x8F34, 0x1CC6, 0x000C, 0x000C, 0x000C, 0xD64E, 0x000C, 0x000C, 0xF80E, 0xF80E, 0x000C,
  0x8F34, 0x3E4A, 0xE3D1, 0xE3D1, 0xE3D1, 0xE3D1, 0xE3D1, 0xE3D1, 0xE3D1, 0xE3D1, 0x000C, 0xFFFF,
  0x000C, 0x8F34, 0x1CC6, 0x000C, 0x000C, 0x000C, 0xE3D1, 0xE3D1, 0xE3D1, 0xE3D1, 0xE3D1, 0xE3D1,
  0xE3D1, 0xE3D1, 0xE3D1, 0xE3D1, 0xE3D1, 0xE3D1, 0xE3D1, 0xE3D1, 0xE3D1, 0xE3D1, 0x000C, 0xFFFF,
  0xFFFF, 0xFFFF, 0xFFFF, 0xFFFF, 0xFFFF, 0xFFFF, 0xFFFF, 0xFFFF, 0xFFFF, 0xFFFF, 0x000C, 0xFFFF,
  0xFFFF, 0x000C, 0xFFFF, 0xFFFF, 0xFFFF, 0xFFFF, 0xFFFF, 0xFFFF, 0xFFFF, 0xFFFF, 0xFFFF, 0xFFFF,
  0xFFFF, 0xFFFF, 0xFFFF, 0xFFFF, 0xFFFF, 0xFFFF, 0xFFFF, 0xFFFF, 0xFFFF, 0xFFFF, 0xFFFF, 0x000C,
  0xFFFF, 0xFFFF, 0x000C, 0xFFFF, 0xFFFF, 0xFFFF, 0xFFFF, 0xFFFF, 0xFFFF, 0xFFFF, 0xFFFF, 0xFFFF,
  0xFFFF, 0xFFFF, 0xFFFF, 0xFFFF, 0xFFFF, 0xFFFF, 0xFFFF, 0xFFFF, 0xFFFF, 0xFFFF, 0xFFFF, 0xFFFF,
  0xFFFF, 0xFFFF, 0xFFFF, 0xFFFF, 0xFFFF, 0xFFFF, 0xFFFF, 0xFFFF, 0xFFFF, 0xFFFF, 0xFFFF, 0xFFFF,
  0xFFFF, 0xFFFF, 0xFFFF, 0xFFFF, 0x000C, 0xFF2F, 0xE524, 0xBBA5, 0xE524, 0xE524, 0xBBA5, 0xE524,
  0xE524, 0xE524, 0xBBA5, 0xE524, 0xBBA5, 0xE524, 0xBBA5, 0x000C, 0xFFFF, 0xFFFF, 0xFFFF, 0xFFFF,
  0xFFFF, 0xFFFF, 0xFFFF, 0xFFFF, 0x000C, 0xFF2F, 0xE524, 0xBBA5, 0xE524, 0xE524, 0xBBA5, 0xE524,
  0xE524, 0x000C, 0xBBA5, 0x000C, 0xFFFF, 0xFFFF, 0xFFFF, 0xFFFF, 0xFFFF, 0xFFFF, 0xFFFF, 0xFFFF,
  0xFFFF, 0xFFFF, 0xFFFF, 0xFFFF, 0xFFFF, 0xFFFF, 0xFFFF, 0x000C, 0xFF2F, 0xFF2F, 0xE524, 0xBBA5,
  0xE524, 0xBBA5, 0x000C, 0xBBA5, 0x000C, 0xFFFF, 0xFFFF, 0xFFFF, 0xFFFF, 0xFFFF, 0xFFFF, 0xFFFF,
  0xFFFF, 0xFFFF, 0xFFFF, 0xFFFF, 0xFFFF, 0xFFFF, 0x000C, 0x000C, 0xCE79, 0xFFFF, 0xFFFF, 0xFFFF,
  0xCE79, 0xCE79, 0xCE79, 0xCE79, 0x9CF3, 0x9CF3, 0x000C, 0xFFFF, 0xFFFF, 0xFFFF, 0xFFFF, 0xFFFF,
  0xFFFF, 0xFFFF, 0xFFFF, 0xFFFF, 0xFFFF, 0xFFFF, 0xFFFF, 0xFFFF, 0x000C, 0x000C, 0xCE79, 0xFFFF,
  0xFFFF, 0xFFFF, 0xCE79, 0xCE79, 0xCE79, 0xCE79, 0x000C, 0x000C, 0x000C, 0xFFFF, 0xFFFF, 0xFFFF,
  0xFFFF, 0xFFFF, 0xFFFF, 0xFFFF, 0xFFFF, 0xFFFF, 0xFFFF, 0xFFFF, 0x000C, 0x000C, 0xCE79, 0xFFFF,
  0xFFFF, 0x000C, 0xD4E5, 0xD4E5, 0x000C, 0xFFFF, 0xFFFF, 0xFFFF, 0xFFFF, 0xFFFF, 0xFFFF, 0xFFFF,
  0xFFFF, 0xFFFF, 0xFFFF, 0x000C, 0x000C, 0xF94D, 0xF94D, 0xF94D, 0xE069, 0x000C, 0x000C, 0xFF9A,
  0xFF9A, 0xFF9A, 0xFF9A, 0x000C, 0x000C, 0x000C, 0x000C, 0x000C, 0x000C, 0xFFFF, 0xFFFF, 0xFFFF,
  0xFFFF, 0xFFFF, 0xFFFF, 0x000C, 0x000C, 0xF94D, 0xF94D, 0xF94D, 0xE069, 0x000C, 0x000C, 0xFF9A,
  0xFF9A, 0xFF9A, 0xFF9A, 0x000C, 0x000C, 0x000C, 0x000C, 0x000C, 0x000C, 0xFFFF, 0xFFFF, 0xFFFF,
  0xFFFF, 0xFFFF, 0xFFFF, 0x000C, 0x000C, 0xF94D, 0xF94D, 0xF94D, 0xE069, 0x000C, 0x000C, 0x000C,
  0x000C, 0x000C, 0x000C, 0x000C, 0x000C, 0x000C, 0x000C, 0x000C, 0x000C, 0xFFFF, 0xFFFF, 0xFFFF,
  0xFFFF, 0xFFFF, 0xFFFF, 0x000C, 0xE442, 0xE442, 0xE442, 0xE442, 0xE442, 0xE442, 0xE442, 0xE442,
  0xE442, 0xE442, 0xE442, 0xE442, 0xE442, 0xE442, 0xE442, 0xE442, 0x000C, 0xFFFF, 0xFFFF, 0xFFFF,
  0xFFFF, 0xFFFF, 0xFFFF, 0xFFFF, 0xFFFF, 0x000C, 0xE442, 0xE442, 0xE442, 0xE442, 0xE442, 0xE442,
  0xE442, 0xE442, 0xE442, 0xE442, 0x000C, 0x000C, 0xEDA6, 0xEDA6, 0x000C, 0xFFFF, 0xFFFF, 0xFFFF,
  0xFFFF, 0xFFFF, 0xFFFF, 0xFFFF, 0xFFFF, 0xFFFF, 0xFFFF, 0xFFFF, 0xFFFF, 0xFFFF, 0xFFFF, 0x000C,
  0x000C, 0x000C, 0x000C, 0xFFFF, 0xFFFF, 0xFFFF, 0xFFFF, 0xFFFF, 0xFFFF, 0xFFFF, 0xFFFF, 0xFFFF,
  0xFFFF, 0xFFFF, 0xFFFF, 0xFFFF, 0xFFFF, 0xFFFF, 0xFFFF, 0xFFFF, 0xFFFF, 0xFFFF, 0xFFFF, 0xFFFF,
  0xFFFF, 0xFFFF, 0xFFFF, 0xFFFF, 0xFFFF, 0xFFFF, 0xFFFF, 0xFFFF, 0xFFFF, 0xFFFF, 0xFFFF, 0xFFFF,
  0xFFFF, 0xFFFF, 0xFFFF, 0xFFFF, 0xFFFF, 0xFFFF, 0xFFFF, 0xFFFF, 0xFFFF, 0xFFFF, 0xFFFF, 0xFFFF,
  0xFFFF, 0xFFFF, 0xFFFF, 0xFFFF, 0xFFFF, 0xFFFF, 0xFFFF, 0xFFFF, 0xFFFF, 0xFFFF, 0xFFFF, 0xFFFF,
  0xFFFF, 0xFFFF, 0xFFFF, 0xFFFF, 0xFFFF, 0xFFFF, 0xFFFF, 0xFFFF, 0xFFFF, 0xFFFF, 0xFFFF, 0xFFFF,
  0xFFFF, 0xFFFF, 0xFFFF, 0xFFFF, 0xFFFF, 0xFFFF, 0xFFFF, 0xFFFF, 0xFFFF, 0xFFFF, 0xFFFF, 0xFFFF,
  0xFFFF, 0xFFFF, 0xFFFF, 0xFFFF, 0xFFFF, 0xFFFF, 0xFFFF, 0x000C, 0xFAD3, 0xB1AE, 0xB1AE, 0xB1AE,
  0xB1AE, 0xB1AE, 0xB1AE, 0xB1AE, 0x000C, 0xB1AE, 0xB1AE, 0xB1AE, 0x6008, 0x000C, 0xFFFF, 0xFFFF,
  0xFFFF, 0xFFFF, 0xFFFF, 0xFFFF, 0xFFFF, 0xFFFF, 0xFFFF, 0xFFFF, 0x000C, 0xFAD3, 0xB1AE, 0xB1AE,
  0xB1AE, 0xFFF3, 0xFF46, 0xFF46, 0xFDC0, 0x000C, 0xFFFF, 0xFFFF, 0xFFFF, 0xFFFF, 0xFFFF, 0xFFFF,
  0xFFFF, 0xFFFF, 0xFFFF, 0xFFFF, 0xFFFF, 0xFFFF, 0xFFFF, 0xFFFF, 0xFFFF, 0xFFFF, 0xFFFF, 0xFFFF,
  0xFFFF, 0xFFFF, 0xFFFF, 0xFFFF, 0xFFFF, 0xFFFF, 0xFFFF, 0xFFFF, 0xFFFF, 0xFFFF, 0xFFFF, 0xFFFF,
  0xFFFF, 0xFFFF, 0xFFFF, 0xFFFF, 0xFFFF, 0xFFFF, 0xFFFF, 0xFFFF, 0xFFFF, 0xFFFF, 0xFFFF, 0x000C,
  0x000C, 0x14E7, 0x000C, 0x14E7, 0xAFEE, 0x3E2C, 0x14E7, 0x000C, 0x000C, 0x000C, 0xFFFF, 0xFFFF,
  0xFFFF, 0xFFFF, 0xFFFF, 0xFFFF, 0xFFFF, 0xFFFF, 0xFFFF, 0xFFFF, 0xFFFF, 0xFFFF, 0xFFFF, 0x000C,
  0x14E7, 0xAFEE, 0xAFEE, 0x14E7, 0x000C, 0x000C, 0x14E7, 0xAFEE, 0x3E2C, 0x14E7, 0x000C, 0xFFFF,
  0xFFFF, 0xFFFF, 0xFFFF, 0xFFFF, 0xFFFF, 0xFFFF, 0xFFFF, 0xFFFF, 0xFFFF, 0xFFFF, 0xFFFF, 0xFFFF,
  0xFFFF, 0x000C, 0x14E7, 0x000C, 0x14E7, 0xAFEE, 0x3E2C, 0x14E7, 0x000C, 0xFFFF, 0xFFFF, 0xFFFF,
  0x000C, 0x4A07, 0xF66E, 0xFEF1, 0xFF92, 0xFEF1, 0xDD4C, 0xF66E, 0x0BE0, 0x45C0, 0x0BE0, 0x45C0,
  0x0BE0, 0x45C0, 0x0BE0, 0xFFDB, 0xFEF1, 0xFEF1, 0xF66E, 0xF66E, 0xFEF1, 0xDD4C, 0x4A07, 0x000C,
  0x000C, 0x4A07, 0x2966, 0xF66E, 0xFEF1, 0xDD4C, 0xFEF1, 0xFF92, 0x0BE0, 0x45C0, 0x0BE0, 0x45C0,
  0xDD4C, 0xDD4C, 0xC4AB, 0xF66E, 0xFFDB, 0xFEF1, 0xDD4C, 0xDD4C, 0xF66E, 0x4A07, 0x4A07, 0x000C,
  0x000C, 0x4A07, 0x2966, 0x2966, 0x2966, 0x2966, 0xF66E, 0xFEF1, 0xF66E, 0xDD4C, 0xDD4C, 0xFEF1,
  0xFF92, 0xDD4C, 0xF66E, 0xDD4C, 0xDD4C, 0xF66E, 0x4A07, 0x4A07, 0x4A07, 0x4A07, 0x4A07, 0x000C,
  0xFFFF, 0xFFFF, 0xFFFF, 0xFFFF, 0xFFFF, 0xFFFF, 0xFFFF, 0xFFFF, 0xFFFF, 0x000C, 0x8546, 0x1BC0,
  0x3C83, 0x1BC0, 0x3C83, 0x1BC0, 0x3C83, 0x4D24, 0x3C83, 0x4D24, 0x3C83, 0x1BC0, 0x000C, 0xFFFF,
  0xFFFF, 0xFFFF, 0xFFFF, 0xFFFF, 0xFFFF, 0xFFFF, 0xFFFF, 0xFFFF, 0xFFFF, 0x000C, 0x8546, 0x1BC0,
  0x3C83, 0x1BC0, 0x3C83, 0x1BC0, 0x3C83, 0x000C, 0xFFFF, 0xFFFF, 0xFFFF, 0xFFFF, 0xFFFF, 0xFFFF,
  0xFFFF, 0xFFFF, 0xFFFF, 0xFFFF, 0xFFFF, 0xFFFF, 0xFFFF, 0xFFFF, 0xFFFF, 0xFFFF, 0xFFFF, 0xFFFF,
  0xFFFF, 0xFFFF, 0xFFFF, 0xFFFF, 0xFFFF, 0xFFFF, 0xFFFF, 0xFFFF, 0xFFFF, 0xFFFF, 0xFFFF, 0xFFFF,
  0xFFFF, 0xFFFF, 0xFFFF, 0xFFFF, 0x000C, 0xFFFF, 0xE7BF, 0xFFFF, 0xE7BF, 0xE7BF, 0xFFFF, 0xE7BF,
  0xE7BF, 0xE7BF, 0xE7BF, 0xE7BF, 0xFFFF, 0xE7BF, 0xB6BF, 0xFFFF, 0xE7BF, 0xE7BF, 0xB6BF, 0x000C,
  0xFFFF, 0xFFFF, 0xFFFF, 0xFFFF, 0xFFFF, 0x000C, 0xFFFF, 0xE7BF, 0xFFFF, 0xE7BF, 0xE7BF, 0xFFFF,
  0xE7BF, 0xE7BF, 0xE7BF, 0xE7BF, 0xE7BF, 0x000C, 0xFFFF, 0xFFFF, 0xFFFF, 0xFFFF, 0xFFFF, 0xFFFF,
  0xFFFF, 0xFFFF, 0xFFFF, 0xFFFF, 0xFFFF, 0xFFFF, 0xFFFF, 0x000C, 0xFFFF, 0xE7BF, 0xFFFF, 0x000C,
  0xFFFF, 0xFFFF, 0xFFFF, 0x000C, 0x000C, 0xFFFF, 0xFFFF, 0xFFFF, 0xFFFF, 0xFFFF, 0xFFFF, 0xFFFF,
  0x000C, 0x3E4A, 0x000C, 0xD64E, 0xD64E, 0xD64E, 0x000C, 0x000C, 0x3E4A, 0x000C, 0x000C, 0x8F34,
  0x3E4A, 0x3E4A, 0x3E4A, 0x3E4A, 0x000C, 0xFFB3, 0xFFB3, 0xF80E, 0xD10B, 0x000C, 0x1CC6, 0x000C,
  0x000C, 0x3E4A, 0x000C, 0xD64E, 0xD64E, 0xD64E, 0x000C, 0x000C, 0x3E4A, 0x000C, 0x000C, 0x8F34,
  0x3E4A, 0x3E4A, 0x3E4A, 0x3E4A, 0xE3D1, 0xE3D1, 0xE3D1, 0xE3D1, 0xE3D1, 0xE3D1, 0xE3D1, 0x000C,
  0x000C, 0x3E4A, 0x000C, 0xD64E, 0xD64E, 0xD64E, 0x000C, 0x000C, 0x000C, 0xFD77, 0xFD77, 0xFD77,
  0xFD77, 0xFD77, 0xFD77, 0xFD77, 0xE3D1, 0xE3D1, 0xE3D1, 0xE3D1, 0xE3D1, 0xE3D1, 0xE3D1, 0x000C,
  0xFFFF, 0xFFFF, 0xFFFF, 0xFFFF, 0xFFFF, 0xFFFF, 0xFFFF, 0xFFFF, 0x000C, 0x000C, 0xFFFF, 0xFFFF,
  0xD614, 0xFFFF, 0x000C, 0x000C, 0xFFFF, 0xFFFF, 0xFFFF, 0xFFFF, 0xFFFF, 0xFFFF, 0xFFFF, 0xFFFF,
  0xFFFF, 0xFFFF, 0xFFFF, 0xFFFF, 0xFFFF, 0xFFFF, 0xFFFF, 0xFFFF, 0xFFFF, 0x000C, 0x000C, 0xFFFF,
  0xFFFF, 0xD614, 0xFFFF, 0x000C, 0x000C, 0xFFFF, 0xFFFF, 0xFFFF, 0xFFFF, 0xFFFF, 0xFFFF, 0xFFFF,
  0xFFFF, 0xFFFF, 0xFFFF, 0xFFFF, 0xFFFF, 0xFFFF, 0xFFFF, 0xFFFF, 0xFFFF, 0xFFFF, 0xFFFF, 0xFFFF,
  0xFFFF, 0xFFFF, 0xFFFF, 0xFFFF, 0xFFFF, 0xFFFF, 0xFFFF, 0xFFFF, 0xFFFF, 0xFFFF, 0xFFFF, 0xFFFF,
  0xFFFF, 0xFFFF, 0xFFFF, 0x000C, 0xFF2F, 0xBBA5, 0xE524, 0xE524, 0xBBA5, 0xE524, 0xE524, 0xBBA5,
  0xE524, 0xBBA5, 0xE524, 0xE524, 0xE524, 0xE524, 0xE524, 0xBBA5, 0x000C, 0xFFFF, 0xFFFF, 0xFFFF,
  0xFFFF, 0xFFFF, 0xFFFF, 0x000C, 0xFF2F, 0xBBA5, 0xE524, 0xE524, 0xBBA5, 0xE524, 0xE524, 0xBBA5,
  0xE524, 0x000C, 0xBBA5, 0x000C, 0xFFFF, 0xFFFF, 0xFFFF, 0xFFFF, 0xFFFF, 0xFFFF, 0xFFFF, 0xFFFF,
  0xFFFF, 0xFFFF, 0xFFFF, 0xFFFF, 0xFFFF, 0xFFFF, 0x000C, 0xFF2F, 0xE524, 0xBBA5, 0xE524, 0xE524,
  0xBBA5, 0xE524, 0xE524, 0x000C, 0xBBA5, 0x000C, 0xFFFF, 0xFFFF, 0xFFFF, 0xFFFF, 0xFFFF, 0xFFFF,
  0xFFFF, 0xFFFF, 0xFFFF, 0xFFFF, 0xFFFF, 0xFFFF, 0x000C, 0x000C, 0xCE79, 0xFFFF, 0xFFFF, 0xFFFF,
  0xFFFF, 0xCE79, 0xCE79, 0xFFFF, 0xFFFF, 0xCE79, 0x000C, 0xFFFF, 0xFFFF, 0xFFFF, 0xFFFF, 0xFFFF,
  0xFFFF, 0xFFFF, 0xFFFF, 0xFFFF, 0xFFFF, 0xFFFF, 0xFFFF, 0xFFFF, 0x000C, 0x000C, 0xCE79, 0xFFFF,
  0xFFFF, 0xFFFF, 0xFFFF, 0xCE79, 0xCE79, 0xFFFF, 0xFFFF, 0xCE79, 0x000C, 0xFFFF, 0xFFFF, 0xFFFF,
  0xFFFF, 0xFFFF, 0xFFFF, 0xFFFF, 0xFFFF, 0xFFFF, 0xFFFF, 0xFFFF, 0x000C, 0x000C, 0xCE79, 0xFFFF,
  0xFFFF, 0xFFFF, 0x000C, 0x000C, 0xD4E5, 0x000C, 0xFFFF, 0xFFFF, 0xFFFF, 0xFFFF, 0xFFFF, 0xFFFF,
  0xFFFF, 0xFFFF, 0xFFFF, 0x000C, 0x000C, 0xE069, 0xF94D, 0xF94D, 0xF94D, 0xE069, 0x000C, 0xFF9A,
  0xFF9A, 0xFF9A, 0xFF9A, 0xFF9A, 0x000C, 0xFE69, 0xFE69, 0xFE69, 0x000C, 0xFFFF, 0xFFFF, 0xFFFF,
  0xFFFF, 0xFFFF, 0xFFFF, 0x000C, 0x000C, 0xE069, 0xF94D, 0xF94D, 0xF94D, 0xE069, 0x000C, 0xFF9A,
  0xFF9A, 0xFF9A, 0xFF9A, 0xFF9A, 0x000C, 0xFE69, 0xFE69, 0xFE69, 0x000C, 0xFFFF, 0xFFFF, 0xFFFF,
  0xFFFF, 0xFFFF, 0xFFFF, 0x000C, 0x000C, 0xE069, 0xF94D, 0xF94D, 0xF94D, 0xE069, 0x000C, 0xFE69,
  0xFE69, 0xFE69, 0xFE69, 0xFE69, 0xFE69, 0xFE69, 0xFE69, 0xFE69, 0x000C, 0xFFFF, 0xFFFF, 0xFFFF,
  0xFFFF, 0xFFFF, 0x000C, 0xE442, 0xE442, 0xE442, 0xE442, 0xE442, 0xE442, 0xE442, 0xE442, 0xE442,
  0xE442, 0xE442, 0xE442, 0xE442, 0xE442, 0xE442, 0xE442, 0xE442, 0xE442, 0x000C, 0xFFFF, 0xFFFF,
  0xFFFF, 0xFFFF, 0xFFFF, 0xFFFF, 0x000C, 0xE442, 0xE442, 0xE442, 0xE442, 0xE442, 0xE442, 0xE442,
  0xE442, 0xE442, 0xE442, 0x000C, 0xEDA6, 0xEDA6, 0xEDA6, 0xEDA6, 0x000C, 0xFFFF, 0xFFFF, 0xFFFF,
  0xFFFF, 0xFFFF, 0xFFFF, 0xFFFF, 0xFFFF, 0xFFFF, 0xFFFF, 0xFFFF, 0xFFFF, 0x000C, 0x000C, 0xE442,
  0xE442, 0x000C, 0x000C, 0x000C, 0xFFFF, 0xFFFF, 0xFFFF, 0xFFFF, 0xFFFF, 0xFFFF, 0xFFFF, 0xFFFF,
  0xFFFF, 0xFFFF, 0xFFFF, 0xFFFF, 0xFFFF, 0xFFFF, 0xFFFF, 0xFFFF, 0xFFFF, 0xFFFF, 0xFFFF, 0xFFFF,
  0xFFFF, 0xFFFF, 0xFFFF, 0xFFFF, 0xFFFF, 0xFFFF, 0xFFFF, 0xFFFF, 0xFFFF, 0xFFFF, 0xFFFF, 0xFFFF,
  0xFFFF, 0xFFFF, 0xFFFF, 0xFFFF, 0xFFFF, 0xFFFF, 0xFFFF, 0xFFFF, 0xFFFF, 0xFFFF, 0xFFFF, 0xFFFF,
  0xFFFF, 0xFFFF, 0xFFFF, 0xFFFF, 0xFFFF, 0xFFFF, 0xFFFF, 0xFFFF, 0xFFFF, 0xFFFF, 0xFFFF, 0xFFFF,
  0xFFFF, 0xFFFF, 0xFFFF, 0xFFFF, 0xFFFF, 0xFFFF, 0xFFFF, 0xFFFF, 0xFFFF, 0xFFFF, 0xFFFF, 0xFFFF,
  0xFFFF, 0xFFFF, 0xFFFF, 0xFFFF, 0xFFFF, 0xFFFF, 0xFFFF, 0xFFFF, 0xFFFF, 0xFFFF, 0xFFFF, 0xFFFF,
  0xFFFF, 0xFFFF, 0xFFFF, 0xFFFF, 0xFFFF, 0xFFFF, 0x000C, 0xFAD3, 0xB1AE, 0xB1AE, 0xB1AE, 0xB1AE,
  0x000C, 0xB1AE, 0xB1AE, 0xB1AE, 0xB1AE, 0xB1AE, 0xB1AE, 0xB1AE, 0x6008, 0x000C, 0xFFFF, 0xFFFF,
  0xFFFF, 0xFFFF, 0xFFFF, 0xFFFF, 0xFFFF, 0xFFFF, 0xFFFF, 0x000C, 0xFAD3, 0xB1AE, 0xB1AE, 0xB1AE,
  0xB1AE, 0xFFF3, 0xFF46, 0xFF46, 0xFF46, 0xFDC0, 0x000C, 0xFFFF, 0xFFFF, 0xFFFF, 0xFFFF, 0xFFFF,
  0xFFFF, 0xFFFF, 0xFFFF, 0xFFFF, 0xFFFF, 0xFFFF, 0xFFFF, 0xFFFF, 0xFFFF, 0x000C, 0x000C, 0xFFFF,
  0xFFFF, 0xFFFF, 0xFFFF, 0xFFFF, 0xFFFF, 0xFFFF, 0xFFFF, 0xFFFF, 0xFFFF, 0xFFFF, 0xFFFF, 0xFFFF,
  0xFFFF, 0xFFFF, 0xFFFF, 0xFFFF, 0xFFFF, 0xFFFF, 0xFFFF, 0xFFFF, 0xFFFF, 0xFFFF, 0x000C, 0xAFEE,
  0x000C, 0xAFEE, 0x14E7, 0xAFEE, 0x14E7, 0x000C, 0x000C, 0x000C, 0xFFFF, 0xFFFF, 0xFFFF, 0xFFFF,
  0xFFFF, 0xFFFF, 0xFFFF, 0xFFFF, 0xFFFF, 0xFFFF, 0xFFFF, 0xFFFF, 0xFFFF, 0xFFFF, 0xFFFF, 0x000C,
  0xAFEE, 0x6E64, 0x14E7, 0x000C, 0xAFEE, 0x14E7, 0xAFEE, 0x14E7, 0x000C, 0x000C, 0xFFFF, 0xFFFF,
  0xFFFF, 0xFFFF, 0xFFFF, 0xFFFF, 0xFFFF, 0xFFFF, 0xFFFF, 0xFFFF, 0xFFFF, 0xFFFF, 0xFFFF, 0xFFFF,
  0xFFFF, 0x000C, 0xAFEE, 0x14E7, 0xAFEE, 0x14E7, 0x000C, 0x000C, 0xFFFF, 0xFFFF, 0xFFFF, 0xFFFF,
  0x000C, 0x000C, 0xF66E, 0xDD4C, 0xFEF1, 0xDD4C, 0xFEF1, 0xFEF1, 0xFF92, 0xDD4C, 0xFEF1, 0xFF92,
  0xDD4C, 0xC4AB, 0xFEF1, 0xDD4C, 0xFFDB, 0xF66E, 0xFFDB, 0xFEF1, 0xF66E, 0xF66E, 0x000C, 0x000C,
  0x000C, 0x000C, 0x2966, 0xF66E, 0xDD4C, 0xF66E, 0xFFDB, 0x0BE0, 0x45C0, 0x0BE0, 0x45C0, 0x0BE0,
  0x45C0, 0x0BE0, 0xDD4C, 0xDD4C, 0xF66E, 0xF66E, 0xFFDB, 0xFEF1, 0xDD4C, 0x4A07, 0x000C, 0x000C,
  0x000C, 0x000C, 0x2966, 0x2966, 0x2966, 0xF66E, 0xDD4C, 0xF66E, 0xDD4C, 0xFEF1, 0xDD4C, 0xC4AB,
  0xDD4C, 0xFEF1, 0xFEF1, 0xDD4C, 0xDD4C, 0xDD4C, 0xC4AB, 0x4A07, 0x4A07, 0x4A07, 0x000C, 0x000C,
  0xFFFF, 0xFFFF, 0xFFFF, 0xFFFF, 0xFFFF, 0xFFFF, 0xFFFF, 0xFFFF, 0xFFFF, 0x000C, 0xA628, 0x8546,
  0x1BC0, 0x3C83, 0x6E86, 0x4D24, 0x1BC0, 0x3C83, 0x4D24, 0x3C83, 0x1BC0, 0x3C83, 0x000C, 0xFFFF,
  0xFFFF, 0xFFFF, 0xFFFF, 0xFFFF, 0xFFFF, 0xFFFF, 0xFFFF, 0xFFFF, 0xFFFF, 0x000C, 0xA628, 0x8546,
  0x1BC0, 0x3C83, 0x6E86, 0x4D24, 0x1BC0, 0x000C, 0xFFFF, 0xFFFF, 0xFFFF, 0xFFFF, 0xFFFF, 0xFFFF,
  0xFFFF, 0xFFFF, 0xFFFF, 0xFFFF, 0xFFFF, 0xFFFF, 0xFFFF, 0xFFFF, 0xFFFF, 0xFFFF, 0xFFFF, 0x000C,
  0xFFFF, 0xFFFF, 0xFFFF, 0xFFFF, 0xFFFF, 0x000C, 0x000C, 0xFFFF, 0xFFFF, 0xFFFF, 0xFFFF, 0xFFFF,
  0xFFFF, 0xFFFF, 0xFFFF, 0xFFFF, 0x000C, 0xFFFF, 0xE7BF, 0xE7BF, 0xE7BF, 0xE7BF, 0xE7BF, 0xE7BF,
  0xE7BF, 0xE7BF, 0xE7BF, 0xE7BF, 0xE7BF, 0xE7BF, 0xB6BF, 0xE7BF, 0xE7BF, 0xB6BF, 0xB6BF, 0x000C,
  0xFFFF, 0xFFFF, 0xFFFF, 0xFFFF, 0xFFFF, 0x000C, 0xFFFF, 0xE7BF, 0xE7BF, 0xE7BF, 0xE7BF, 0xE7BF,
  0xE7BF, 0xE7BF, 0xE7BF, 0xE7BF, 0xE7BF, 0xE7BF, 0x000C, 0xFFFF, 0xFFFF, 0xFFFF, 0xFFFF, 0xFFFF,
  0xFFFF, 0xFFFF, 0xFFFF, 0xFFFF, 0xFFFF, 0xFFFF, 0xFFFF, 0x000C, 0xFFFF, 0xE7BF, 0xE7BF, 0xE7BF,
  0x000C, 0xFFFF, 0x000C, 0xFFFF, 0xE695, 0x000C, 0xFFFF, 0xFFFF, 0xFFFF, 0xFFFF, 0xFFFF, 0xFFFF,
  0x000C, 0x000C, 0xFFB3, 0xFFB3, 0xFFB3, 0xFFB3, 0xD64E, 0xD64E, 0x000C, 0x1CC6, 0x1CC6, 0x3E4A,
  0x000C, 0x000C, 0x3E4A, 0x000C, 0xF80E, 0xFFB3, 0xFFB3, 0xF80E, 0xFFB3, 0xD64E, 0x000C, 0x000C,
  0x000C, 0x000C, 0xFFB3, 0xFFB3, 0xFFB3, 0xFFB3, 0xD64E, 0xD64E, 0x000C, 0x1CC6, 0x1CC6, 0x3E4A,
  0x000C, 0x000C, 0x3E4A, 0xFD77, 0xFD77, 0xFD77, 0xFD77, 0xE3D1, 0xE3D1, 0xE3D1, 0xE3D1, 0x000C,
  0x000C, 0x000C, 0xFFB3, 0xFFB3, 0xFFB3, 0xFFB3, 0xD64E, 0xD64E, 0x000C, 0x1CC6, 0xFD77, 0xFD77,
  0xFD77, 0xFD77, 0xFD77, 0xFD77, 0xFD77, 0xFD77, 0xFD77, 0xE3D1, 0xE3D1, 0xE3D1, 0xE3D1, 0x000C,
  0xFFFF, 0xFFFF, 0xFFFF, 0xFFFF, 0xFFFF, 0xFFFF, 0x000C, 0x000C, 0xD614, 0xFFFF, 0xD614, 0xFFFF,
  0xD614, 0xFFFF, 0xFFFF, 0xD614, 0x000C, 0x000C, 0xFFFF, 0xFFFF, 0xFFFF, 0xFFFF, 0xFFFF, 0xFFFF,
  0xFFFF, 0xFFFF, 0xFFFF, 0xFFFF, 0xFFFF, 0xFFFF, 0xFFFF, 0x000C, 0x000C, 0xD614, 0xFFFF, 0xD614,
  0xFFFF, 0xD614, 0xFFFF, 0xFFFF, 0xD614, 0x000C, 0x000C, 0xFFFF, 0xFFFF, 0xFFFF, 0xFFFF, 0xFFFF,
  0xFFFF, 0xFFFF, 0xFFFF, 0xFFFF, 0xFFFF, 0xFFFF, 0xFFFF, 0xFFFF, 0xFFFF, 0xFFFF, 0xFFFF, 0x000C,
  0x000C, 0xFFFF, 0xFFFF, 0xFFFF, 0xFFFF, 0xFFFF, 0xFFFF, 0xFFFF, 0xFFFF, 0xFFFF, 0xFFFF, 0xFFFF,
  0xFFFF, 0xFFFF, 0xFFFF, 0x000C, 0xFF2F, 0xE524, 0xE524, 0xE524, 0xE524, 0xFF2F, 0xE524, 0xE524,
  0xBBA5, 0xE524, 0xE524, 0xFF2F, 0xE524, 0xBBA5, 0xE524, 0xBBA5, 0x000C, 0xFFFF, 0xFFFF, 0xFFFF,
  0xFFFF, 0xFFFF, 0xFFFF, 0x000C, 0xFF2F, 0xE524, 0xE524, 0xE524, 0xE524, 0xFF2F, 0xE524, 0xE524,
  0xBBA5, 0xE524, 0x000C, 0xBBA5, 0x000C, 0xFFFF, 0xFFFF, 0xFFFF, 0xFFFF, 0xFFFF, 0xFFFF, 0xFFFF,
  0xFFFF, 0xFFFF, 0xFFFF, 0xFFFF, 0xFFFF, 0x000C, 0xFF2F, 0xBBA5, 0xE524, 0xE524, 0xBBA5, 0xE524,
  0xE524, 0xBBA5, 0xE524, 0x000C, 0xBBA5, 0x000C, 0xFFFF, 0xFFFF, 0xFFFF, 0xFFFF, 0xFFFF, 0xFFFF,
  0xFFFF, 0xFFFF, 0xFFFF, 0xFFFF, 0xFFFF, 0x000C, 0xD4E5, 0x000C, 0xFFFF, 0xCE79, 0xFFFF, 0xFFFF,
  0xFFFF, 0xFFFF, 0xFFFF, 0xFFFF, 0xCE79, 0x9CF3, 0x000C, 0xFFFF, 0xFFFF, 0xFFFF, 0xFFFF, 0xFFFF,
  0xFFFF, 0xFFFF, 0xFFFF, 0xFFFF, 0xFFFF, 0xFFFF, 0xFFFF, 0x000C, 0xD4E5, 0x000C, 0xFFFF, 0xCE79,
  0xFFFF, 0xFFFF, 0xFFFF, 0xFFFF, 0xFFFF, 0xFFFF, 0xCE79, 0x9CF3, 0x000C, 0xFFFF, 0xFFFF, 0xFFFF,
  0xFFFF, 0xFFFF, 0xFFFF, 0xFFFF, 0xFFFF, 0xFFFF, 0xFFFF, 0x000C, 0xD4E5, 0x000C, 0xFFFF, 0xCE79,
  0xFFFF, 0xFFFF, 0x000C, 0x9CF3, 0x000C, 0xD4E5, 0x000C, 0x000C, 0xFFFF, 0xFFFF, 0xFFFF, 0xFFFF,
  0xFFFF, 0xFFFF, 0x000C, 0xFCEF, 0x000C, 0x000C, 0xE069, 0xF94D, 0xF94D, 0xF94D, 0xE069, 0x000C,
  0xFF9A, 0xFF9A, 0xFF9A, 0xFF9A, 0xFF9A, 0x000C, 0xFE69, 0xFE69, 0xFE69, 0x000C, 0xFFFF, 0xFFFF,
  0xFFFF, 0xFFFF, 0x000C, 0xFCEF, 0x000C, 0x000C, 0xE069, 0xF94D, 0xF94D, 0xF94D, 0xE069, 0x000C,
  0xFF9A, 0xFF9A, 0xFF9A, 0xFF9A, 0xFF9A, 0x000C, 0xFE69, 0xFE69, 0xFE69, 0x000C, 0xFFFF, 0xFFFF,
  0xFFFF, 0xFFFF, 0x000C, 0xFE69, 0x000C, 0x000C, 0xE069, 0xF94D, 0xF94D, 0xF94D, 0xE069, 0x000C,
  0xFE69, 0xFE69, 0xFE69, 0xFE69, 0xFE69, 0xFE69, 0xFE69, 0xFE69, 0xFE69, 0x000C, 0xFFFF, 0xFFFF,
  0xFFFF, 0x000C, 0xE442, 0xE442, 0xE442, 0xE442, 0xE442, 0xE442, 0xE442, 0xE4A3, 0xE4A3, 0xE4A3,
  0xE4A3, 0xE4A3, 0xE4A3, 0xE442, 0xE442, 0xE442, 0xE442, 0xE442, 0xE442, 0xE442, 0x000C, 0xFFFF,
  0xFFFF, 0xFFFF, 0xFFFF, 0x000C, 0xE442, 0xE442, 0xE442, 0xE442, 0xE442, 0xE442, 0xE442, 0xE4A3,
  0xE4A3, 0xE4A3, 0x000C, 0xEDA6, 0xEDA6, 0xEDA6, 0xEDA6, 0xEDA6, 0x000C, 0xFFFF, 0xFFFF, 0xFFFF,
  0xFFFF, 0xFFFF, 0xFFFF, 0xFFFF, 0xFFFF, 0xFFFF, 0xFFFF, 0xFFFF, 0x000C, 0xE442, 0xE442, 0xE442,
  0x000C, 0xEDA6, 0xEDA6, 0xEDA6, 0x000C, 0xFFFF, 0xFFFF, 0xFFFF, 0xFFFF, 0xFFFF, 0xFFFF, 0xFFFF,
  0xFFFF, 0xFFFF, 0xFFFF, 0xFFFF, 0xFFFF, 0xFFFF, 0xFFFF, 0x000C, 0x000C, 0x000C, 0x000C, 0x000C,
  0x000C, 0x000C, 0x000C, 0x000C, 0x000C, 0xFFFF, 0xFFFF, 0xFFFF, 0xFFFF, 0xFFFF, 0xFFFF, 0xFFFF,
  0xFFFF, 0xFFFF, 0xFFFF, 0xFFFF, 0xFFFF, 0xFFFF, 0xFFFF, 0xFFFF, 0x000C, 0x000C, 0x000C, 0x000C,
  0x000C, 0x000C, 0x000C, 0x000C, 0x000C, 0x000C, 0xFFFF, 0xFFFF, 0xFFFF, 0xFFFF, 0xFFFF, 0xFFFF,
  0xFFFF, 0xFFFF, 0xFFFF, 0xFFFF, 0xFFFF, 0xFFFF, 0xFFFF, 0xFFFF, 0xFFFF, 0xFFFF, 0xFFFF, 0xFFFF,
  0xFFFF, 0xFFFF, 0xFFFF, 0xFFFF, 0xFFFF, 0xFFFF, 0xFFFF, 0xFFFF, 0xFFFF, 0xFFFF, 0xFFFF, 0xFFFF,
  0xFFFF, 0xFFFF, 0xFFFF, 0xFFFF, 0xFFFF, 0x000C, 0xFAD3, 0xB1AE, 0xB1AE, 0xB1AE, 0xB1AE, 0xB1AE,
  0xB1AE, 0xB1AE, 0xB1AE, 0xB1AE, 0xB1AE, 0xB1AE, 0xB1AE, 0xB1AE, 0x6008, 0x000C, 0xFFFF, 0xFFFF,
  0xFFFF, 0xFFFF, 0xFFFF, 0xFFFF, 0xFFFF, 0xFFFF, 0x000C, 0xFAD3, 0xB1AE, 0xB1AE, 0xB1AE, 0xB1AE,
  0xB1AE, 0xB1AE, 0xFFF3, 0xFF46, 0xFF46, 0xFF46, 0xFDC0, 0x000C, 0xFFFF, 0xFFFF, 0xFFFF, 0xFFFF,
  0xFFFF, 0xFFFF, 0xFFFF, 0xFFFF, 0xFFFF, 0xFFFF, 0xFFFF, 0xFFFF, 0x000C, 0xFFF3, 0xFFF3, 0x000C,
  0x000C, 0xFFFF, 0xFFFF, 0xFFFF, 0xFFFF, 0xFFFF, 0xFFFF, 0xFFFF, 0xFFFF, 0xFFFF, 0xFFFF, 0xFFFF,
  0xFFFF, 0xFFFF, 0xFFFF, 0xFFFF, 0xFFFF, 0xFFFF, 0xFFFF, 0xFFFF, 0xFFFF, 0x000C, 0xFFFF, 0x000C,
  0x14E7, 0xAFEE, 0xAFEE, 0x14E7, 0x000C, 0x14E7, 0x000C, 0xFFFF, 0xFFFF, 0xFFFF, 0xFFFF, 0xFFFF,
  0xFFFF, 0xFFFF, 0xFFFF, 0xFFFF, 0xFFFF, 0xFFFF, 0xFFFF, 0xFFFF, 0xFFFF, 0xFFFF, 0x000C, 0xAFEE,
  0x6E64, 0x000C, 0x000C, 0x14E7, 0xAFEE, 0xAFEE, 0x14E7, 0x000C, 0xFFFF, 0xFFFF, 0xFFFF, 0xFFFF,
  0xFFFF, 0xFFFF, 0xFFFF, 0xFFFF, 0xFFFF, 0xFFFF, 0xFFFF, 0xFFFF, 0xFFFF, 0xFFFF, 0xFFFF, 0xFFFF,
  0x000C, 0x14E7, 0xAFEE, 0xAFEE, 0x14E7, 0x000C, 0xFFFF, 0xFFFF, 0xFFFF, 0xFFFF, 0xFFFF, 0xFFFF,
  0x000C, 0x4A07, 0x000C, 0xC4AB, 0xFFDB, 0xFEF1, 0xFF92, 0xC4AB, 0xFEF1, 0xFEF1, 0xDD4C, 0xDD4C,
  0xF66E, 0xFEF1, 0xDD4C, 0xFFDB, 0xF66E, 0xF66E, 0xDD4C, 0xDD4C, 0xF66E, 0x000C, 0x2966, 0x000C,
  0x000C, 0x4A07, 0x000C, 0xFEF1, 0xFF92, 0xFEF1, 0xDD4C, 0xF66E, 0x0BE0, 0x45C0, 0x0BE0, 0x45C0,
  0x0BE0, 0x45C0, 0x0BE0, 0xFFDB, 0xFEF1, 0xFEF1, 0xF66E, 0xF66E, 0xFEF1, 0x000C, 0x2966, 0x000C,
  0x000C, 0x4A07, 0x000C, 0x2966, 0xFEF1, 0xDD4C, 0xFEF1, 0xFF92, 0xC4AB, 0xDD4C, 0xFEF1, 0xFF92,
  0xDD4C, 0xDD4C, 0xC4AB, 0xF66E, 0xFFDB, 0xFEF1, 0xDD4C, 0xDD4C, 0x4A07, 0x000C, 0x2966, 0x000C,
  0xFFFF, 0xFFFF, 0xFFFF, 0xFFFF, 0xFFFF, 0xFFFF, 0xFFFF, 0xFFFF, 0xFFFF, 0x000C, 0xC74D, 0xA628,
  0x8546, 0x1BC0, 0x4D24, 0x6E86, 0x4D24, 0x1BC0, 0x1BC0, 0x1BC0, 0x3C83, 0x4D24, 0x000C, 0xFFFF,
  0xFFFF, 0xFFFF, 0xFFFF, 0xFFFF, 0xFFFF, 0xFFFF, 0xFFFF, 0xFFFF, 0xFFFF, 0x000C, 0xC74D, 0xA628,
  0x8546, 0x1BC0, 0x4D24, 0x6E86, 0x4D24, 0x1BC0, 0x000C, 0xFFFF, 0xFFFF, 0xFFFF, 0xFFFF, 0xFFFF,
  0xFFFF, 0xFFFF, 0xFFFF, 0xFFFF, 0xFFFF, 0xFFFF, 0xFFFF, 0xFFFF, 0xFFFF, 0xFFFF, 0x000C, 0xC74D,
  0x000C, 0x000C, 0x000C, 0x000C, 0x000C, 0x4D24, 0x1BC0, 0x000C, 0xFFFF, 0xFFFF, 0xFFFF, 0xFFFF,
  0xFFFF, 0xFFFF, 0xFFFF, 0x000C, 0xFFFF, 0xE7BF, 0xFFFF, 0xE7BF, 0xE7BF, 0xE7BF, 0xE7BF, 0xE7BF,
  0xE7BF, 0xE7BF, 0xFFFF, 0xE7BF, 0xB6BF, 0xB6BF, 0xE7BF, 0xE7BF, 0xB6BF, 0xB6BF, 0x000C, 0xFFFF,
  0xFFFF, 0xFFFF, 0xFFFF, 0xFFFF, 0x000C, 0xFFFF, 0xE7BF, 0xFFFF, 0xE7BF, 0xE7BF, 0xE7BF, 0xE7BF,
  0xE7BF, 0xE7BF, 0xE7BF, 0xFFFF, 0xE7BF, 0xB6BF, 0x000C, 0xFFFF, 0xFFFF, 0xFFFF, 0xFFFF, 0xFFFF,
  0xFFFF, 0xFFFF, 0xFFFF, 0xFFFF, 0xFFFF, 0xFFFF, 0x000C, 0xFFFF, 0xE7BF, 0xFFFF, 0xE7BF, 0xE7BF,
  0xE7BF, 0x000C, 0xFFFF, 0xE695, 0xCD0C, 0x000C, 0xFFFF, 0xFFFF, 0xFFFF, 0xFFFF, 0xFFFF, 0xFFFF,
  0x000C, 0x000C, 0xFFB3, 0xFFB3, 0xFFB3, 0xFFB3, 0x000C, 0xD64E, 0x000C, 0x8F34, 0x1CC6, 0x000C,
  0xFCF3, 0xF80E, 0x000C, 0x3E4A, 0x000C, 0xF80E, 0xF80E, 0xF80E, 0xFFB3, 0xD64E, 0x000C, 0x000C,
  0x000C, 0x000C, 0xFFB3, 0xFFB3, 0xFFB3, 0xFFB3, 0x000C, 0xD64E, 0x000C, 0x8F34, 0x1CC6, 0x000C,
  0xFCF3, 0xF80E, 0x000C, 0x3E4A, 0xFD77, 0xFD77, 0xFD77, 0xFD77, 0xFD77, 0xE3D1, 0xE3D1, 0x000C,
  0x000C, 0x000C, 0xFFB3, 0xFFB3, 0xFFB3, 0xFFB3, 0x000C, 0xD64E, 0x000C, 0x8F34, 0x1CC6, 0xFD77,
  0xFD77, 0xFD77, 0xFD77, 0xFD77, 0xFD77, 0xFD77, 0xFD77, 0xFD77, 0xFD77, 0xE3D1, 0xE3D1, 0x000C,
  0xFFFF, 0xFFFF, 0xFFFF, 0xFFFF, 0xFFFF, 0x000C, 0xD614, 0xF73A, 0xFFFF, 0xFFFF, 0xD614, 0xFFFF,
  0xFFFF, 0xD614, 0xFFFF, 0xFFFF, 0xFFFF, 0xFFFF, 0x000C, 0xFFFF, 0xFFFF, 0xFFFF, 0xFFFF, 0xFFFF,
  0xFFFF, 0xFFFF, 0xFFFF, 0xFFFF, 0xFFFF, 0xFFFF, 0x000C, 0xD614, 0xF73A, 0xFFFF, 0xFFFF, 0xD614,
  0xFFFF, 0xFFFF, 0xD614, 0xFFFF, 0xFFFF, 0xFFFF, 0xFFFF, 0x000C, 0xFFFF, 0xFFFF, 0xFFFF, 0xFFFF,
  0xFFFF, 0xFFFF, 0xFFFF, 0xFFFF, 0xFFFF, 0xFFFF, 0xFFFF, 0xFFFF, 0xFFFF, 0xFFFF, 0x000C, 0xD614,
  0xF73A, 0x000C, 0xFFFF, 0xFFFF, 0xFFFF, 0xFFFF, 0xFFFF, 0xFFFF, 0xFFFF, 0xFFFF, 0xFFFF, 0xFFFF,
  0xFFFF, 0xFFFF, 0x000C, 0xFF2F, 0xE524, 0xBBA5, 0xE524, 0xBBA5, 0xE524, 0xE524, 0xBBA5, 0xE524,
  0xE524, 0xE524, 0xBBA5, 0xE524, 0xBBA5, 0xE524, 0xE524, 0xBBA5, 0xBBA5, 0x000C, 0xFFFF, 0xFFFF,
  0xFFFF, 0xFFFF, 0x000C, 0xFF2F, 0xE524, 0xBBA5, 0xE524, 0xBBA5, 0xE524, 0xE524, 0xBBA5, 0xE524,
  0xE524, 0xE524, 0x000C, 0xBBA5, 0x000C, 0xFFFF, 0xFFFF, 0xFFFF, 0xFFFF, 0xFFFF, 0xFFFF, 0xFFFF,
  0xFFFF, 0xFFFF, 0xFFFF, 0xFFFF, 0xFFFF, 0x000C, 0xFF2F, 0xE524, 0xE524, 0xE524, 0xE524, 0xFF2F,
  0xE524, 0xE524, 0xBBA5, 0xE524, 0x000C, 0xBBA5, 0x000C, 0xFFFF, 0xFFFF, 0xFFFF, 0xFFFF, 0xFFFF,
  0xFFFF, 0xFFFF, 0xFFFF, 0xFFFF, 0xFFFF, 0x000C, 0xD4E5, 0x000C, 0xFFFF, 0xFFFF, 0xCE79, 0xCE79,
  0xCE79, 0xCE79, 0xCE79, 0xCE79, 0x9CF3, 0x9CF3, 0x000C, 0xFFFF, 0xFFFF, 0xFFFF, 0xFFFF, 0xFFFF,
  0xFFFF, 0xFFFF, 0xFFFF, 0xFFFF, 0xFFFF, 0xFFFF, 0xFFFF, 0x000C, 0xD4E5, 0x000C, 0xFFFF, 0xFFFF,
  0xCE79, 0xCE79, 0xCE79, 0xCE79, 0xCE79, 0xCE79, 0x9CF3, 0x9CF3, 0x000C, 0xFFFF, 0xFFFF, 0xFFFF,
  0xFFFF, 0xFFFF, 0xFFFF, 0xFFFF, 0xFFFF, 0xFFFF, 0xFFFF, 0x000C, 0xD4E5, 0x000C, 0xFFFF, 0xFFFF,
  0xCE79, 0xCE79, 0x000C, 0x9CF3, 0x9CF3, 0x000C, 0xD4E5, 0xD4E5, 0x000C, 0xFFFF, 0xFFFF, 0xFFFF,
  0xFFFF, 0x000C, 0xFCEF, 0xFB88, 0x000C, 0x000C, 0x000C, 0xE069, 0xF94D, 0xF94D, 0xF94D, 0x000C,
  0x000C, 0xFF9A, 0xFF9A, 0xFF9A, 0xFF9A, 0x000C, 0x000C, 0xFE69, 0xFE69, 0x000C, 0xFFFF, 0xFFFF,
  0xFFFF, 0x000C, 0xFCEF, 0xFB88, 0x000C, 0x000C, 0x000C, 0xE069, 0xF94D, 0xF94D, 0xF94D, 0x000C,
  0x000C, 0xFF9A, 0xFF9A, 0xFF9A, 0xFF9A, 0x000C, 0xFE69, 0xFE69, 0xFE69, 0x000C, 0xFFFF, 0xFFFF,
  0xFFFF, 0xFFFF, 0x000C, 0xFE69, 0x000C, 0xFFFF, 0x000C, 0xE069, 0xF94D, 0xF94D, 0xF94D, 0x000C,
  0xFE69, 0xFE69, 0xFE69, 0xFE69, 0xFE69, 0xFE69, 0xFE69, 0xFE69, 0xFE69, 0x000C, 0xFFFF, 0xFFFF,
  0xFFFF, 0x000C, 0xE442, 0xE442, 0xE442, 0xE442, 0xE442, 0xE4A3, 0xE4A3, 0xED24, 0xED24, 0xED24,
  0xED24, 0xED24, 0xED24, 0xE4A3, 0xE4A3, 0xE442, 0xE442, 0xE442, 0xE442, 0xE442, 0x000C, 0xFFFF,
  0xFFFF, 0xFFFF, 0xFFFF, 0x000C, 0xE442, 0xE442, 0xE442, 0xE442, 0xE442, 0xE4A3, 0xE4A3, 0xED24,
  0xED24, 0xED24, 0x000C, 0xEDA6, 0xEDA6, 0xEDA6, 0xED04, 0xED04, 0x000C, 0xFFFF, 0xFFFF, 0xFFFF,
  0xFFFF, 0xFFFF, 0xFFFF, 0xFFFF, 0xFFFF, 0xFFFF, 0xFFFF, 0x000C, 0xE442, 0xE442, 0xE442, 0x000C,
  0xEDA6, 0xEDA6, 0xEDA6, 0xED04, 0xED04, 0x000C, 0xFFFF, 0xFFFF, 0xFFFF, 0xFFFF, 0xFFFF, 0xFFFF,
  0xFFFF, 0xFFFF, 0xFFFF, 0xFFFF, 0xFFFF, 0x000C, 0x000C, 0xDD49, 0xDD49, 0xDD49, 0xDD49, 0xDD49,
  0xDD49, 0xDD49, 0xDD49, 0xDD49, 0xC367, 0x000C, 0x000C, 0xFFFF, 0xFFFF, 0xFFFF, 0xFFFF, 0xFFFF,
  0xFFFF, 0xFFFF, 0xFFFF, 0xFFFF, 0xFFFF, 0xFFFF, 0x000C, 0x000C, 0xDD49, 0xDD49, 0xDD49, 0xDD49,
  0xDD49, 0xDD49, 0xDD49, 0xDD49, 0xDD49, 0xC367, 0x000C, 0x000C, 0xFFFF, 0xFFFF, 0xFFFF, 0xFFFF,
  0xFFFF, 0xFFFF, 0xFFFF, 0xFFFF, 0xFFFF, 0xFFFF, 0xFFFF, 0xFFFF, 0xFFFF, 0xFFFF, 0xFFFF, 0xFFFF,
  0xFFFF, 0xFFFF, 0xFFFF, 0xFFFF, 0xFFFF, 0xFFFF, 0xFFFF, 0xFFFF, 0xFFFF, 0xFFFF, 0xFFFF, 0xFFFF,
  0xFFFF, 0xFFFF, 0xFFFF, 0xFFFF, 0x000C, 0xFAD3, 0xB1AE, 0xB1AE, 0xB1AE, 0xB1AE, 0xB1AE, 0xB1AE,
  0xB1AE, 0xB1AE, 0xB1AE, 0xB1AE, 0xB1AE, 0xB1AE, 0xB1AE, 0x6008, 0x000C, 0xFFFF, 0xFFFF, 0xFFFF,
  0xFFFF, 0xFFFF, 0xFFFF, 0xFFFF, 0xFFFF, 0x000C, 0xFAD3, 0xB1AE, 0xB1AE, 0xB1AE, 0xB1AE, 0xB1AE,
  0xB1AE, 0xB1AE, 0xB1AE, 0xFFF3, 0xFF46, 0xFF46, 0xFDC0, 0x000C, 0xFFFF, 0xFFFF, 0xFFFF, 0xFFFF,
  0xFFFF, 0xFFFF, 0xFFFF, 0xFFFF, 0xFFFF, 0xFFFF, 0xFFFF, 0x000C, 0x000C, 0xFFF3, 0xFF46, 0xFF46,
  0xFDC0, 0x000C, 0xFFFF, 0xFFFF, 0xFFFF, 0xFFFF, 0xFFFF, 0xFFFF, 0xFFFF, 0xFFFF, 0xFFFF, 0xFFFF,
  0xFFFF, 0xFFFF, 0xFFFF, 0xFFFF, 0xFFFF, 0xFFFF, 0xFFFF, 0xFFFF, 0x000C, 0xFFFF, 0xEF58, 0x000C,
  0xAFEE, 0x6E64, 0x14E7, 0x000C, 0x000C, 0x000C, 0xFFFF, 0xFFFF, 0xFFFF, 0xFFFF, 0xFFFF, 0xFFFF,
  0xFFFF, 0xFFFF, 0xFFFF, 0xFFFF, 0xFFFF, 0xFFFF, 0xFFFF, 0xFFFF, 0xFFFF, 0x000C, 0xFFFF, 0xEF58,
  0x000C, 0xFFFF, 0x000C, 0xAFEE, 0x6E64, 0x14E7, 0x000C, 0xFFFF, 0xFFFF, 0xFFFF, 0xFFFF, 0xFFFF,
  0xFFFF, 0xFFFF, 0xFFFF, 0xFFFF, 0xFFFF, 0xFFFF, 0xFFFF, 0xFFFF, 0xFFFF, 0xFFFF, 0xFFFF, 0xFFFF,
  0x000C, 0xAFEE, 0x6E64, 0x14E7, 0x000C, 0xFFFF, 0xFFFF, 0xFFFF, 0xFFFF, 0xFFFF, 0xFFFF, 0xFFFF,
  0xFFFF, 0x000C, 0x4A07, 0x000C, 0x000C, 0xDD4C, 0xC4AB, 0xDD4C, 0xFEF1, 0xDD4C, 0xF66E, 0xFEF1,
  0xFF92, 0xDD4C, 0xFEF1, 0xFF92, 0xDD4C, 0xDD4C, 0xC4AB, 0x000C, 0x000C, 0x2966, 0x000C, 0xFFFF,
  0xFFFF, 0x000C, 0x4A07, 0x000C, 0x000C, 0xDD4C, 0xFEF1, 0xFEF1, 0xFF92, 0xDD4C, 0xFEF1, 0xFF92,
  0xDD4C, 0xC4AB, 0xFEF1, 0xDD4C, 0xFFDB, 0xF66E, 0xFFDB, 0x000C, 0x000C, 0x2966, 0x000C, 0xFFFF,
  0xFFFF, 0x000C, 0x4A07, 0x000C, 0x000C, 0xF66E, 0xFFDB, 0xDD4C, 0xDD4C, 0x0BE0, 0xDD4C, 0x0BE0,
  0x45C0, 0x0BE0, 0xDD4C, 0xDD4C, 0xF66E, 0xF66E, 0xFFDB, 0x000C, 0x000C, 0x2966, 0x000C, 0xFFFF,
  0xFFFF, 0xFFFF, 0xFFFF, 0xFFFF, 0xFFFF, 0xFFFF, 0xFFFF, 0xFFFF, 0x000C, 0xE7F3, 0xE7F3, 0xC74D,
  0xA628, 0x1BC0, 0x3C83, 0x4D24, 0x3C83, 0x4D24, 0x1BC0, 0x3C83, 0x4D24, 0x6E86, 0x4D24, 0x000C,
  0xFFFF, 0xFFFF, 0xFFFF, 0xFFFF, 0xFFFF, 0xFFFF, 0xFFFF, 0xFFFF, 0x000C, 0xE7F3, 0xE7F3, 0xC74D,
  0xA628, 0x1BC0, 0x3C83, 0x4D24, 0x3C83, 0x4D24, 0x1BC0, 0x000C, 0x000C, 0xFFFF, 0xFFFF, 0xFFFF,
  0xFFFF, 0xFFFF, 0xFFFF, 0xFFFF, 0xFFFF, 0xFFFF, 0xFFFF, 0xFFFF, 0xFFFF, 0x000C, 0xE7F3, 0xE7F3,
  0xC74D, 0xA628, 0x1BC0, 0x3C83, 0x4D24, 0x3C83, 0x4D24, 0x1BC0, 0x000C, 0x000C, 0xFFFF, 0xFFFF,
  0xFFFF, 0xFFFF, 0xFFFF, 0x000C, 0xFFFF, 0xE7BF, 0xE7BF, 0xFFFF, 0xE7BF, 0xE7BF, 0xFFFF, 0xE7BF,
  0xE7BF, 0xE7BF, 0xE7BF, 0xE7BF, 0xB6BF, 0xE7BF, 0xE7BF, 0xE7BF, 0xE7BF, 0xB6BF, 0x000C, 0xFFFF,
  0xFFFF, 0xFFFF, 0xFFFF, 0xFFFF, 0x000C, 0xFFFF, 0xE7BF, 0xE7BF, 0xFFFF, 0xE7BF, 0xE7BF, 0xFFFF,
  0xE7BF, 0xE7BF, 0xE7BF, 0xE7BF, 0xE7BF, 0xB6BF, 0xE7BF, 0x000C, 0xFFFF, 0xFFFF, 0xFFFF, 0xFFFF,
  0xFFFF, 0xFFFF, 0xFFFF, 0xFFFF, 0xFFFF, 0xFFFF, 0x000C, 0xFFFF, 0xE7BF, 0xE7BF, 0xFFFF, 0xE7BF,
  0xE7BF, 0xFFFF, 0x000C, 0xCD0C, 0x000C, 0xFFFF, 0xFFFF, 0xFFFF, 0xFFFF, 0xFFFF, 0xFFFF, 0xFFFF,
  0x000C, 0xFFB3, 0x000C, 0xFFB3, 0xFFB3, 0xD64E, 0x000C, 0x000C, 0x8F34, 0x3E4A, 0x1CC6, 0x000C,
  0xF80E, 0xF80E, 0x000C, 0x1CC6, 0x3E4A, 0x000C, 0x000C, 0xF80E, 0xF80E, 0xD10B, 0x000C, 0x000C,
  0x000C, 0xFFB3, 0x000C, 0xFFB3, 0xFFB3, 0xD64E, 0x000C, 0x000C, 0x8F34, 0x3E4A, 0x1CC6, 0x000C,
  0xF80E, 0xF80E, 0x000C, 0x3E4A, 0x3E4A, 0xFD77, 0xFD77, 0xFD77, 0xFD77, 0xFD77, 0xE3D1, 0x000C,
  0x000C, 0xFFB3, 0x000C, 0xFFB3, 0xFFB3, 0xD64E, 0x000C, 0x000C, 0x8F34, 0x3E4A, 0x1CC6, 0xFD77,
  0xFD77, 0xFD77, 0xFD77, 0xFD77, 0xFD77, 0xFD77, 0xFD77, 0xFD77, 0xFD77, 0xFD77, 0xE3D1, 0x000C,
  0xFFFF, 0xFFFF, 0xFFFF, 0xFFFF, 0x000C, 0xD614, 0xF73A, 0xFFFF, 0xFFFF, 0xD614, 0xFFFF, 0xFFFF,
  0xFFFF, 0xD614, 0xD614, 0xFFFF, 0xFFFF, 0xFFFF, 0xFFFF, 0x000C, 0xFFFF, 0xFFFF, 0xFFFF, 0xFFFF,
  0xFFFF, 0xFFFF, 0xFFFF, 0xFFFF, 0xFFFF, 0x000C, 0xD614, 0xF73A, 0xFFFF, 0xFFFF, 0xD614, 0xFFFF,
  0xFFFF, 0xFFFF, 0xD614, 0xD614, 0xFFFF, 0xFFFF, 0xFFFF, 0xFFFF, 0x000C, 0xFFFF, 0xFFFF, 0xFFFF,
  0xFFFF, 0xFFFF, 0xFFFF, 0xFFFF, 0xFFFF, 0xFFFF, 0xFFFF, 0xFFFF, 0xFFFF, 0x000C, 0xD614, 0xF73A,
  0xFFFF, 0xFFFF, 0x000C, 0xFFFF, 0xFFFF, 0xFFFF, 0xFFFF, 0xFFFF, 0xFFFF, 0xFFFF, 0xFFFF, 0xFFFF,
  0xFFFF, 0xFFFF, 0x000C, 0xFF2F, 0xE524, 0xFF2F, 0xE524, 0xE524, 0xE524, 0xE524, 0xBBA5, 0xE524,
  0xBBA5, 0xE524, 0xE524, 0xE524, 0xE524, 0xBBA5, 0xE524, 0xE524, 0xBBA5, 0x000C, 0xFFFF, 0xFFFF,
  0xFFFF, 0xFFFF, 0x000C, 0xFF2F, 0xE524, 0xFF2F, 0xE524, 0xE524, 0xE524, 0xE524, 0xBBA5, 0xE524,
  0xBBA5, 0xE524, 0xE524, 0x000C, 0xBBA5, 0x000C, 0xFFFF, 0xFFFF, 0xFFFF, 0xFFFF, 0xFFFF, 0xFFFF,
  0xFFFF, 0xFFFF, 0xFFFF, 0xFFFF, 0x000C, 0xFF2F, 0xE524, 0xBBA5, 0xE524, 0xBBA5, 0xE524, 0xE524,
  0xBBA5, 0xE524, 0xE524, 0xE524, 0x000C, 0xBBA5, 0x000C, 0xFFFF, 0xFFFF, 0xFFFF, 0xFFFF, 0xFFFF,
  0xFFFF, 0xFFFF, 0xFFFF, 0xFFFF, 0x000C, 0xD4E5, 0xD4E5, 0x000C, 0xFFFF, 0xFFFF, 0xFFFF, 0xFFFF,
  0xFFFF, 0xFFFF, 0x9CF3, 0x9CF3, 0x9CF3, 0x000C, 0x000C, 0xFFFF, 0xFFFF, 0xFFFF, 0xFFFF, 0xFFFF,
  0xFFFF, 0xFFFF, 0xFFFF, 0xFFFF, 0xFFFF, 0xFFFF, 0x000C, 0xD4E5, 0xD4E5, 0x000C, 0xFFFF, 0xFFFF,
  0xFFFF, 0xFFFF, 0xFFFF, 0xFFFF, 0x9CF3, 0x9CF3, 0x9CF3, 0x000C, 0x000C, 0xFFFF, 0xFFFF, 0xFFFF,
  0xFFFF, 0xFFFF, 0xFFFF, 0xFFFF, 0xFFFF, 0xFFFF, 0x000C, 0xD4E5, 0xD4E5, 0x000C, 0xFFFF, 0xFFFF,
  0xFFFF, 0xFFFF, 0xFFFF, 0x000C, 0x000C, 0x000C, 0xC401, 0xD4E5, 0x000C, 0xFFFF, 0xFFFF, 0xFFFF,
  0xFFFF, 0xFFFF, 0x000C, 0x000C, 0xFB88, 0xFCEF, 0xFE56, 0x000C, 0xE069, 0xE069, 0x000C, 0xFF06,
  0xFF06, 0x000C, 0xFF9A, 0xFF9A, 0x000C, 0xFBC5, 0xFD4E, 0x000C, 0xFE69, 0x000C, 0xFFFF, 0xFFFF,
  0xFFFF, 0xFFFF, 0x000C, 0x000C, 0xFB88, 0xFCEF, 0xFE56, 0x000C, 0xE069, 0xE069, 0x000C, 0xEF5C,
  0xFFFF, 0x000C, 0xFF9A, 0xFF9A, 0x000C, 0xFFFF, 0x000C, 0xFE69, 0xFE69, 0x000C, 0xFFFF, 0xFFFF,
  0xFFFF, 0xFFFF, 0x000C, 0xFE69, 0xFE69, 0x000C, 0xFFFF, 0x000C, 0xE069, 0xE069, 0x000C, 0xFFFF,
  0x000C, 0xFE69, 0xFE69, 0xFE69, 0xFE69, 0xFE69, 0xFE69, 0xFE69, 0xFE69, 0x000C, 0xFFFF, 0xFFFF,
  0xFFFF, 0x000C, 0xED04, 0xE442, 0xE442, 0xE442, 0xE442, 0xE442, 0xE4A3, 0xE4A3, 0xED24, 0xED24,
  0xED24, 0xED24, 0xE4A3, 0xE4A3, 0xE442, 0xE442, 0xE442, 0xE442, 0xE442, 0xED04, 0x000C, 0xFFFF,
  0xFFFF, 0xFFFF, 0xFFFF, 0x000C, 0xED04, 0xE442, 0xE442, 0xE442, 0xE442, 0xE442, 0xE4A3, 0xE4A3,
  0xED24, 0x000C, 0xEDA6, 0xEDA6, 0xED04, 0xED04, 0x000C, 0x000C, 0xFFFF, 0xFFFF, 0xFFFF, 0xFFFF,
  0xFFFF, 0xFFFF, 0xFFFF, 0xFFFF, 0xFFFF, 0xFFFF, 0x000C, 0xE442, 0xE442, 0xE442, 0xE442, 0x000C,
  0xEDA6, 0xED04, 0xED04, 0x000C, 0x000C, 0x000C, 0xFFFF, 0xFFFF, 0xFFFF, 0xFFFF, 0xFFFF, 0xFFFF,
  0xFFFF, 0xFFFF, 0xFFFF, 0x000C, 0x000C, 0xDD49, 0xC367, 0xC367, 0xC367, 0xC367, 0xC367, 0xC367,
  0xC367, 0xC367, 0xC367, 0xC367, 0xC367, 0xC367, 0x9243, 0x000C, 0x000C, 0xFFFF, 0xFFFF, 0xFFFF,
  0xFFFF, 0xFFFF, 0xFFFF, 0xFFFF, 0x000C, 0x000C, 0xDD49, 0xC367, 0xC367, 0xC367, 0xC367, 0xC367,
  0xC367, 0xC367, 0xC367, 0xC367, 0xC367, 0xC367, 0xC367, 0x9243, 0x000C, 0x000C, 0xFFFF, 0xFFFF,
  0xFFFF, 0xFFFF, 0xFFFF, 0xFFFF, 0xFFFF, 0xFFFF, 0xFFFF, 0xFFFF, 0xFFFF, 0xFFFF, 0xFFFF, 0xFFFF,
  0xFFFF, 0xFFFF, 0xFFFF, 0xFFFF, 0xFFFF, 0xFFFF, 0xFFFF, 0xFFFF, 0xFFFF, 0xFFFF, 0xFFFF, 0xFFFF,
  0xFFFF, 0xFFFF, 0xFFFF, 0xFFFF, 0x000C, 0xFAD3, 0xB1AE, 0xB1AE, 0xB1AE, 0xB1AE, 0xB1AE, 0xB1AE,
  0xB1AE, 0xB1AE, 0xB1AE, 0xB1AE, 0xB1AE, 0xB1AE, 0xB1AE, 0x6008, 0x000C, 0xFFFF, 0xFFFF, 0xFFFF,
  0xFFFF, 0xFFFF, 0xFFFF, 0xFFFF, 0xFFFF, 0x000C, 0xFAD3, 0xB1AE, 0xB1AE, 0xB1AE, 0xB1AE, 0xB1AE,
  0xB1AE, 0xB1AE, 0xB1AE, 0xB1AE, 0xFFF3, 0xFF46, 0xFF46, 0xFDC0, 0x000C, 0xFFFF, 0xFFFF, 0xFFFF,
  0xFFFF, 0xFFFF, 0xFFFF, 0xFFFF, 0xFFFF, 0xFFFF, 0xFFFF, 0x000C, 0xFAD3, 0xFFF3, 0xFFF3, 0xFF46,
  0xFF46, 0xFDC0, 0x000C, 0xFFFF, 0xFFFF, 0xFFFF, 0xFFFF, 0xFFFF, 0xFFFF, 0xFFFF, 0xFFFF, 0xFFFF,
  0xFFFF, 0xFFFF, 0xFFFF, 0xFFFF, 0xFFFF, 0xFFFF, 0xFFFF, 0x000C, 0xFFFF, 0xEF58, 0x000C, 0xAFEE,
  0x6E64, 0x000C, 0x000C, 0x000C, 0xFFFF, 0xFFFF, 0xFFFF, 0xFFFF, 0xFFFF, 0xFFFF, 0xFFFF, 0xFFFF,
  0xFFFF, 0xFFFF, 0xFFFF, 0xFFFF, 0xFFFF, 0xFFFF, 0xFFFF, 0xFFFF, 0x000C, 0xFFFF, 0xEF58, 0x000C,
  0xFFFF, 0x000C, 0xAFEE, 0x6E64, 0x000C, 0x000C, 0xFFFF, 0xFFFF, 0xFFFF, 0xFFFF, 0xFFFF, 0xFFFF,
  0xFFFF, 0xFFFF, 0xFFFF, 0xFFFF, 0xFFFF, 0xFFFF, 0xFFFF, 0xFFFF, 0xFFFF, 0xFFFF, 0xFFFF, 0x000C,
  0xAFEE, 0x6E64, 0x000C, 0x000C, 0xFFFF, 0xFFFF, 0xFFFF, 0xFFFF, 0xFFFF, 0xFFFF, 0xFFFF, 0xFFFF,
  0xFFFF, 0x000C, 0x4A07, 0x4A07, 0x4A07, 0x000C, 0x000C, 0x000C, 0xDD4C, 0xC4AB, 0xDD4C, 0xC4AB,
  0xDD4C, 0xC4AB, 0xDD4C, 0xDD4C, 0x000C, 0x000C, 0x000C, 0x4A07, 0x4A07, 0x2966, 0x000C, 0xFFFF,
  0xFFFF, 0x000C, 0x4A07, 0x4A07, 0x4A07, 0x000C, 0x000C, 0x000C, 0xFEF1, 0xFEF1, 0xDD4C, 0xDD4C,
  0xF66E, 0xFEF1, 0xDD4C, 0xFFDB, 0x000C, 0x000C, 0x000C, 0x4A07, 0x4A07, 0x2966, 0x000C, 0xFFFF,
  0xFFFF, 0x000C, 0x4A07, 0x4A07, 0x4A07, 0x000C, 0x000C, 0x000C, 0x0BE0, 0x45C0, 0x0BE0, 0x45C0,
  0x0BE0, 0x45C0, 0x0BE0, 0xFFDB, 0x000C, 0x000C, 0x000C, 0x4A07, 0x4A07, 0x2966, 0x000C, 0xFFFF,
  0xFFFF, 0xFFFF, 0xFFFF, 0xFFFF, 0xFFFF, 0xFFFF, 0xFFFF, 0xFFFF, 0x000C, 0xE7F3, 0xC74D, 0xA628,
  0xC74D, 0xA628, 0x1BC0, 0x1BC0, 0x4D24, 0x6E86, 0x4D24, 0x1BC0, 0x1BC0, 0x3C83, 0x6E86, 0x000C,
  0xFFFF, 0xFFFF, 0xFFFF, 0xFFFF, 0xFFFF, 0xFFFF, 0xFFFF, 0xFFFF, 0x000C, 0xE7F3, 0xC74D, 0xA628,
  0xC74D, 0xA628, 0x1BC0, 0x1BC0, 0x4D24, 0x6E86, 0x4D24, 0x1BC0, 0x1BC0, 0x000C, 0xFFFF, 0xFFFF,
  0xFFFF, 0xFFFF, 0xFFFF, 0xFFFF, 0xFFFF, 0xFFFF, 0xFFFF, 0xFFFF, 0xFFFF, 0x000C, 0xE7F3, 0xC74D,
  0xA628, 0xC74D, 0xA628, 0x1BC0, 0x1BC0, 0x4D24, 0x6E86, 0x4D24, 0x1BC0, 0x1BC0, 0x000C, 0xFFFF,
  0xFFFF, 0xFFFF, 0xFFFF, 0x000C, 0xFFFF, 0xE7BF, 0xE7BF, 0xE7BF, 0xE7BF, 0xE7BF, 0xE7BF, 0xE7BF,
  0xE7BF, 0xE7BF, 0xB6BF, 0xB6BF, 0xE7BF, 0xE7BF, 0xFFFF, 0xE7BF, 0xE7BF, 0xB6BF, 0xB6BF, 0x000C,
  0xFFFF, 0xFFFF, 0xFFFF, 0xFFFF, 0x000C, 0xFFFF, 0xE7BF, 0xE7BF, 0xE7BF, 0xE7BF, 0xE7BF, 0xE7BF,
  0xE7BF, 0xE7BF, 0xE7BF, 0xB6BF, 0xB6BF, 0xE7BF, 0xE7BF, 0x000C, 0xFFFF, 0xFFFF, 0xFFFF, 0xFFFF,
  0xFFFF, 0xFFFF, 0xFFFF, 0xFFFF, 0xFFFF, 0xFFFF, 0x000C, 0xFFFF, 0xE7BF, 0xE7BF, 0xE7BF, 0xE7BF,
  0xE7BF, 0xE7BF, 0xE7BF, 0x000C, 0xFFFF, 0xFFFF, 0xFFFF, 0xFFFF, 0xFFFF, 0xFFFF, 0xFFFF, 0xFFFF,
  0x000C, 0xFFB3, 0xFFB3, 0x000C, 0xFFB3, 0xFFB3, 0xD64E, 0x000C, 0x3E4A, 0x3E4A, 0x1CC6, 0x8F34,
  0x000C, 0x000C, 0x3E4A, 0x1CC6, 0x000C, 0xFFB3, 0xD64E, 0x000C, 0x000C, 0x000C, 0x1CC6, 0x000C,
  0x000C, 0xFFB3, 0xFFB3, 0x000C, 0xFFB3, 0xFFB3, 0xD64E, 0x000C, 0x3E4A, 0x3E4A, 0x1CC6, 0x8F34,
  0x000C, 0x000C, 0x3E4A, 0x3E4A, 0x1CC6, 0xFD77, 0xFD77, 0x8F34, 0x3E4A, 0xFD77, 0xFD77, 0x000C,
  0x000C, 0xFFB3, 0xFFB3, 0x000C, 0xFFB3, 0xFFB3, 0xD64E, 0x000C, 0x3E4A, 0x3E4A, 0x1CC6, 0xFD77,
  0xFD77, 0xFD77, 0xFD77, 0x3E4A, 0xFD77, 0xFD77, 0xFD77, 0xFD77, 0xFD77, 0xFD77, 0xFD77, 0x000C,
  0xFFFF, 0xFFFF, 0xFFFF, 0x000C, 0xD614, 0xF73A, 0xFFFF, 0xFFFF, 0xD614, 0xD614, 0xFFFF, 0xFFFF,
  0xFFFF, 0xFFFF, 0xFFFF, 0xD614, 0xFFFF, 0xFFFF, 0xFFFF, 0xFFFF, 0x000C, 0xFFFF, 0xFFFF, 0xFFFF,
  0xFFFF, 0xFFFF, 0xFFFF, 0xFFFF, 0x000C, 0xD614, 0xF73A, 0xFFFF, 0xFFFF, 0xD614, 0xD614, 0xFFFF,
  0xFFFF, 0xFFFF, 0xFFFF, 0xFFFF, 0xD614, 0xFFFF, 0xFFFF, 0xFFFF, 0xFFFF, 0x000C, 0xFFFF, 0xFFFF,
  0xFFFF, 0xFFFF, 0xFFFF, 0xFFFF, 0xFFFF, 0xFFFF, 0xFFFF, 0xFFFF, 0x000C, 0xD614, 0xF73A, 0xFFFF,
  0xFFFF, 0xFFFF, 0x000C, 0xFFFF, 0xFFFF, 0xFFFF, 0xFFFF, 0xFFFF, 0xFFFF, 0xFFFF, 0xFFFF, 0xFFFF,
  0xFFFF, 0xFFFF, 0x000C, 0xFF2F, 0xE524, 0xBBA5, 0xBBA5, 0xE524, 0xE524, 0xBBA5, 0xE524, 0xE524,
  0xE524, 0xE524, 0xFF2F, 0xE524, 0xBBA5, 0xE524, 0xE524, 0xBBA5, 0xBBA5, 0x000C, 0xFFFF, 0xFFFF,
  0xFFFF, 0xFFFF, 0x000C, 0xFF2F, 0xE524, 0xBBA5, 0xBBA5, 0xE524, 0xE524, 0xBBA5, 0xE524, 0xE524,
  0xE524, 0xE524, 0xFF2F, 0xE524, 0x000C, 0xBBA5, 0x000C, 0xFFFF, 0xFFFF, 0xFFFF, 0xFFFF, 0xFFFF,
  0xFFFF, 0xFFFF, 0xFFFF, 0xFFFF, 0x000C, 0xFF2F, 0xE524, 0xFF2F, 0xE524, 0xE524, 0xE524, 0xE524,
  0xBBA5, 0xE524, 0xBBA5, 0xE524, 0xE524, 0x000C, 0x000C, 0xFFFF, 0xFFFF, 0xFFFF, 0xFFFF, 0xFFFF,
  0xFFFF, 0xFFFF, 0xFFFF, 0xFFFF, 0x000C, 0xC401, 0xD4E5, 0xC401, 0x000C, 0xFFFF, 0xFFFF, 0xFFFF,
  0xFFFF, 0xFFFF, 0xCE79, 0xCE79, 0x000C, 0xC401, 0x000C, 0xFFFF, 0xFFFF, 0xFFFF, 0xFFFF, 0xFFFF,
  0xFFFF, 0xFFFF, 0xFFFF, 0xFFFF, 0xFFFF, 0xFFFF, 0x000C, 0xC401, 0xD4E5, 0xC401, 0x000C, 0xFFFF,
  0xFFFF, 0xFFFF, 0xFFFF, 0xFFFF, 0xCE79, 0xCE79, 0x000C, 0xC401, 0x000C, 0xFFFF, 0xFFFF, 0xFFFF,
  0xFFFF, 0xFFFF, 0xFFFF, 0xFFFF, 0xFFFF, 0xFFFF, 0x000C, 0xC401, 0xD4E5, 0xC401, 0x000C, 0xFFFF,
  0xFFFF, 0xFFFF, 0xFFFF, 0xFFFF, 0xCE79, 0x000C, 0xD4E5, 0xD4E5, 0x000C, 0xFFFF, 0xFFFF, 0xFFFF,
  0xFFFF, 0x000C, 0xFE69, 0x000C, 0xFCEF, 0xFE56, 0xFCEF, 0xFCEF, 0x000C, 0x000C, 0xFF06, 0xFF06,
  0xFF06, 0x000C, 0x000C, 0x000C, 0xFBC5, 0xFD4E, 0xFBC5, 0xFD4E, 0x000C, 0xFE69, 0x000C, 0xFFFF,
  0xFFFF, 0x000C, 0xFE69, 0x000C, 0xFCEF, 0xFE56, 0xFCEF, 0xFCEF, 0x000C, 0x000C, 0xEF5C, 0x000C,
  0x000C, 0xFFFF, 0x000C, 0x000C, 0xFFFF, 0x000C, 0xFE69, 0xFE69, 0xFE69, 0xFE69, 0x000C, 0xFFFF,
  0xFFFF, 0x000C, 0xFE69, 0xFE69, 0xFE69, 0xFE69, 0x000C, 0xFFFF, 0x000C, 0x000C, 0xFFFF, 0x000C,
  0xFE69, 0xFE69, 0xFE69, 0xFE69, 0xFE69, 0xFE69, 0xFE69, 0xFE69, 0xFE69, 0xFE69, 0x000C, 0xFFFF,
  0xFFFF, 0xFFFF, 0x000C, 0xED04, 0xED04, 0xE442, 0xE442, 0xE442, 0xE442, 0xE442, 0xE4A3, 0xE4A3,
  0xE4A3, 0xE4A3, 0xE442, 0xE442, 0xE442, 0xE442, 0xE442, 0xED04, 0xED04, 0x000C, 0xFFFF, 0xFFFF,
  0xFFFF, 0xFFFF, 0xFFFF, 0xFFFF, 0x000C, 0xED04, 0xED04, 0xE442, 0xE442, 0xE442, 0xE442, 0xE442,
  0xE4A3, 0x000C, 0xEDA6, 0xED04, 0x000C, 0x000C, 0xD9E0, 0x69E0, 0x000C, 0xFFFF, 0xFFFF, 0xFFFF,
  0xFFFF, 0xFFFF, 0xFFFF, 0xFFFF, 0xFFFF, 0xFFFF, 0x000C, 0xE442, 0xE442, 0xE442, 0x000C, 0xEDA6,
  0xED04, 0x000C, 0x000C, 0xD9E0, 0xD9E0, 0xFFFF, 0xFFFF, 0xFFFF, 0xFFFF, 0xFFFF, 0xFFFF, 0xFFFF,
  0xFFFF, 0xFFFF, 0x000C, 0xDD49, 0xC367, 0xC367, 0xC367, 0xC367, 0xC367, 0x71A2, 0x9243, 0x9243,
  0x9243, 0x9243, 0xDD49, 0xC367, 0xC367, 0xC367, 0xC367, 0xC367, 0x9243, 0x000C, 0xFFFF, 0xFFFF,
  0xFFFF, 0xFFFF, 0xFFFF, 0x000C, 0xDD49, 0xC367, 0xC367, 0xC367, 0xC367, 0xC367, 0x71A2, 0x9243,
  0x9243, 0x9243, 0x9243, 0xDD49, 0xC367, 0xC367, 0xC367, 0x000C, 0x000C, 0x000C, 0x000C, 0xFFFF,
  0xFFFF, 0xFFFF, 0xFFFF, 0xFFFF, 0xFFFF, 0xFFFF, 0xFFFF, 0xFFFF, 0xFFFF, 0xFFFF, 0xFFFF, 0xFFFF,
  0x000C, 0x000C, 0x000C, 0x000C, 0x000C, 0x000C, 0xFFFF, 0xFFFF, 0xFFFF, 0xFFFF, 0xFFFF, 0xFFFF,
  0xFFFF, 0xFFFF, 0xFFFF, 0x000C, 0xFAD3, 0xB1AE, 0xB1AE, 0x000C, 0xB1AE, 0xB1AE, 0xB1AE, 0xB1AE,
  0xB1AE, 0xB1AE, 0xB1AE, 0xB1AE, 0xB1AE, 0xB1AE, 0xB1AE, 0x6008, 0x000C, 0xFFFF, 0xFFFF, 0xFFFF,
  0xFFFF, 0xFFFF, 0xFFFF, 0xFFFF, 0x000C, 0xFAD3, 0xB1AE, 0xB1AE, 0x000C, 0xB1AE, 0xB1AE, 0xB1AE,
  0xB1AE, 0xB1AE, 0xB1AE, 0xB1AE, 0xB1AE, 0xFFF3, 0xFFF3, 0xFF46, 0xFDC0, 0x000C, 0xFFFF, 0xFFFF,
  0xFFFF, 0xFFFF, 0xFFFF, 0xFFFF, 0xFFFF, 0xFFFF, 0x000C, 0xFAD3, 0xB1AE, 0xB1AE, 0xFFF3, 0xFF46,
  0xFF46, 0xFF46, 0xFDC0, 0x000C, 0xFFFF, 0xFFFF, 0xFFFF, 0xFFFF, 0xFFFF, 0xFFFF, 0xFFFF, 0xFFFF,
  0xFFFF, 0xFFFF, 0xFFFF, 0xFFFF, 0xFFFF, 0xFFFF, 0x000C, 0xFFFF, 0xEF58, 0x000C, 0xFFFF, 0xEF58,
  0x000C, 0xEF58, 0x000C, 0xFFFF, 0xFFFF, 0xFFFF, 0xFFFF, 0xFFFF, 0xFFFF, 0xFFFF, 0xFFFF, 0xFFFF,
  0xFFFF, 0xFFFF, 0xFFFF, 0xFFFF, 0xFFFF, 0xFFFF, 0xFFFF, 0x000C, 0xFFFF, 0xEF58, 0x000C, 0xFFFF,
  0x000C, 0xFFFF, 0xEF58, 0x000C, 0xFFFF, 0xFFFF, 0xFFFF, 0xFFFF, 0xFFFF, 0xFFFF, 0xFFFF, 0xFFFF,
  0xFFFF, 0xFFFF, 0xFFFF, 0xFFFF, 0xFFFF, 0xFFFF, 0xFFFF, 0xFFFF, 0xFFFF, 0xFFFF, 0x000C, 0xFFFF,
  0xEF58, 0x000C, 0xFFFF, 0xFFFF, 0xFFFF, 0xFFFF, 0xFFFF, 0xFFFF, 0xFFFF, 0xFFFF, 0xFFFF, 0xFFFF,
  0xFFFF, 0xFFFF, 0x000C, 0x4A07, 0x4A07, 0x4A07, 0x4A07, 0x4A07, 0x000C, 0x000C, 0x000C, 0x000C,
  0x000C, 0x000C, 0x000C, 0x000C, 0x4A07, 0x4A07, 0x4A07, 0x4A07, 0x2966, 0x000C, 0xFFFF, 0xFFFF,
  0xFFFF, 0xFFFF, 0x000C, 0x4A07, 0x4A07, 0x4A07, 0x4A07, 0x4A07, 0x000C, 0x000C, 0x000C, 0x000C,
  0x000C, 0x000C, 0x000C, 0x000C, 0x4A07, 0x4A07, 0x4A07, 0x4A07, 0x2966, 0x000C, 0xFFFF, 0xFFFF,
  0xFFFF, 0xFFFF, 0x000C, 0x4A07, 0x4A07, 0x4A07, 0x4A07, 0x4A07, 0x000C, 0x000C, 0x000C, 0x000C,
  0x000C, 0x000C, 0x000C, 0x000C, 0x4A07, 0x4A07, 0x4A07, 0x4A07, 0x2966, 0x000C, 0xFFFF, 0xFFFF,
  0xFFFF, 0xFFFF, 0xFFFF, 0xFFFF, 0xFFFF, 0xFFFF, 0xFFFF, 0x000C, 0xE7F3, 0xC74D, 0xA628, 0xA628,
  0xA628, 0x8546, 0x8546, 0x1BC0, 0x3C83, 0x4D24, 0x1BC0, 0x4D24, 0x6E86, 0x1BC0, 0x3C83, 0x000C,
  0xFFFF, 0xFFFF, 0xFFFF, 0xFFFF, 0xFFFF, 0xFFFF, 0xFFFF, 0x000C, 0xE7F3, 0xC74D, 0xA628, 0xA628,
  0xA628, 0x8546, 0x8546, 0x1BC0, 0x3C83, 0x4D24, 0x1BC0, 0x4D24, 0x6E86, 0x1BC0, 0x000C, 0xFFFF,
  0xFFFF, 0xFFFF, 0xFFFF, 0xFFFF, 0xFFFF, 0xFFFF, 0xFFFF, 0xFFFF, 0x000C, 0xE7F3, 0xC74D, 0xA628,
  0xA628, 0xA628, 0x8546, 0x8546, 0x1BC0, 0x3C83, 0x4D24, 0x1BC0, 0x000C, 0x000C, 0xFFFF, 0xFFFF,
  0xFFFF, 0xFFFF, 0xFFFF, 0xFFFF, 0x000C, 0xE7BF, 0xFFFF, 0xE7BF, 0xE7BF, 0xE7BF, 0xE7BF, 0xFFFF,
  0xE7BF, 0xE7BF, 0xE7BF, 0xE7BF, 0xE7BF, 0xE7BF, 0xE7BF, 0xE7BF, 0xE7BF, 0xB6BF, 0xB6BF, 0x000C,
  0xFFFF, 0xFFFF, 0xFFFF, 0xFFFF, 0xFFFF, 0x000C, 0xE7BF, 0xFFFF, 0xE7BF, 0xE7BF, 0xE7BF, 0xE7BF,
  0xFFFF, 0xE7BF, 0xE7BF, 0xE7BF, 0xE7BF, 0xE7BF, 0xE7BF, 0xE7BF, 0x000C, 0xFFFF, 0xFFFF, 0xFFFF,
  0xFFFF, 0xFFFF, 0xFFFF, 0xFFFF, 0xFFFF, 0xFFFF, 0xFFFF, 0x000C, 0xE7BF, 0xFFFF, 0xE7BF, 0xE7BF,
  0xE7BF, 0xE7BF, 0xFFFF, 0xE7BF, 0x000C, 0xFFFF, 0xFFFF, 0xFFFF, 0xFFFF, 0xFFFF, 0xFFFF, 0xFFFF,
  0x000C, 0x000C, 0x000C, 0x000C, 0xFFB3, 0xFFB3, 0xFFB3, 0xD64E, 0x002D, 0x000C, 0x000C, 0x8F34,
  0x1CC6, 0x3E4A, 0x3E4A, 0x1CC6, 0x000C, 0xFFB3, 0xD64E, 0x000C, 0x3E4A, 0x1CC6, 0x000C, 0x000C,
  0x000C, 0x000C, 0x000C, 0x000C, 0xFFB3, 0xFFB3, 0xFFB3, 0xD64E, 0x002D, 0x000C, 0x000C, 0x8F34,
  0x1CC6, 0x3E4A, 0x3E4A, 0x1CC6, 0xFD77, 0xFD77, 0x8F34, 0x3E4A, 0xFD77, 0xFD77, 0x000C, 0x000C,
  0x000C, 0x000C, 0x000C, 0x000C, 0xFFB3, 0xFFB3, 0xFFB3, 0xD64E, 0x002D, 0xFD77, 0xFD77, 0xFD77,
  0xFD77, 0xFD77, 0x3E4A, 0x1CC6, 0xFD77, 0xFD77, 0xFD77, 0xFD77, 0xFD77, 0xFD77, 0x000C, 0x000C,
  0xFFFF, 0xFFFF, 0x000C, 0xD614, 0xF73A, 0xFFFF, 0xFFFF, 0xFFFF, 0xFFFF, 0xFFFF, 0xFFFF, 0xFFFF,
  0xFFFF, 0xFFFF, 0xFFFF, 0xFFFF, 0xFFFF, 0xFFFF, 0xFFFF, 0xFFFF, 0xFFFF, 0x000C, 0xFFFF, 0xFFFF,
  0xFFFF, 0xFFFF, 0xFFFF, 0x000C, 0xD614, 0xF73A, 0xFFFF, 0xFFFF, 0xFFFF, 0xFFFF, 0xFFFF, 0xFFFF,
  0xFFFF, 0xFFFF, 0xFFFF, 0xFFFF, 0xFFFF, 0xFFFF, 0xFFFF, 0x82A6, 0xFFFF, 0x000C, 0xFFFF, 0xFFFF,
  0xFFFF, 0xFFFF, 0xFFFF, 0xFFFF, 0xFFFF, 0xFFFF, 0xFFFF, 0x000C, 0xD614, 0xF73A, 0xFFFF, 0xFFFF,
  0x61E4, 0x9B69, 0xFFFF, 0x000C, 0xFFFF, 0xFFFF, 0xFFFF, 0xFFFF, 0xFFFF, 0xFFFF, 0xFFFF, 0xFFFF,
  0xFFFF, 0xFFFF, 0x000C, 0xFF2F, 0xE524, 0xE524, 0xE524, 0xE524, 0x000C, 0x000C, 0x000C, 0x000C,
  0x000C, 0x000C, 0x000C, 0x000C, 0xE524, 0xE524, 0xBBA5, 0xE524, 0xBBA5, 0x000C, 0xFFFF, 0xFFFF,
  0xFFFF, 0xFFFF, 0x000C, 0xFF2F, 0xE524, 0xE524, 0xE524, 0xE524, 0x000C, 0x000C, 0x000C, 0x000C,
  0x000C, 0x000C, 0x000C, 0x000C, 0xE524, 0x000C, 0xBBA5, 0x000C, 0xFFFF, 0xFFFF, 0xFFFF, 0xFFFF,
  0xFFFF, 0xFFFF, 0xFFFF, 0xFFFF, 0x000C, 0xFF2F, 0xE524, 0xBBA5, 0xBBA5, 0xE524, 0xE524, 0xBBA5,
  0xE524, 0xE524, 0xE524, 0xE524, 0xFF2F, 0xE524, 0x000C, 0xFFFF, 0xFFFF, 0xFFFF, 0xFFFF, 0xFFFF,
  0xFFFF, 0xFFFF, 0xFFFF, 0xFFFF, 0x000C, 0xD4E5, 0xD4E5, 0xD4E5, 0xD4E5, 0x000C, 0xCE79, 0xCE79,
  0xCE79, 0xCE79, 0xCE79, 0x000C, 0xC401, 0x000C, 0xFFFF, 0xFFFF, 0xFFFF, 0xFFFF, 0xFFFF, 0xFFFF,
  0xFFFF, 0xFFFF, 0xFFFF, 0xFFFF, 0xFFFF, 0xFFFF, 0x000C, 0xD4E5, 0xD4E5, 0xD4E5, 0xD4E5, 0x000C,
  0xCE79, 0xCE79, 0xCE79, 0xCE79, 0xCE79, 0x000C, 0xC401, 0x000C, 0xFFFF, 0xFFFF, 0xFFFF, 0xFFFF,
  0xFFFF, 0xFFFF, 0xFFFF, 0xFFFF, 0xFFFF, 0xFFFF, 0x000C, 0xD4E5, 0xD4E5, 0xD4E5, 0xD4E5, 0x000C,
  0xCE79, 0xCE79, 0xCE79, 0xCE79, 0xCE79, 0x000C, 0xC401, 0x000C, 0xFFFF, 0xFFFF, 0xFFFF, 0xFFFF,
  0xFFFF, 0x000C, 0xFE69, 0x000C, 0x000C, 0xFCEF, 0xFCEF, 0xFE56, 0xFCEF, 0x000C, 0x000C, 0xFF06,
  0x000C, 0xFF06, 0xFF06, 0x000C, 0x000C, 0xFBC5, 0xFD4E, 0xFBC5, 0xFD4E, 0x000C, 0x000C, 0xFFFF,
  0xFFFF, 0x000C, 0xFE69, 0x000C, 0x000C, 0xFCEF, 0xFCEF, 0xFE56, 0xFCEF, 0x000C, 0x000C, 0xFE69,
  0xFE69, 0x000C, 0xFFFF, 0xFFFF, 0x000C, 0xFE69, 0xFE69, 0xFE69, 0xFE69, 0xFE69, 0x000C, 0xFFFF,
  0xFFFF, 0x000C, 0xFE69, 0xFE69, 0xFE69, 0xFE69, 0xFE69, 0x000C, 0xFFFF, 0xFFFF, 0x000C, 0xFE69,
  0xFE69, 0xFE69, 0xFE69, 0xFE69, 0xFE69, 0xFE69, 0xFE69, 0xFE69, 0xFE69, 0xFE69, 0x000C, 0xFFFF,
  0xFFFF, 0x000C, 0x9AC1, 0x000C, 0x000C, 0xED04, 0xED04, 0xED04, 0xE442, 0xE442, 0xE442, 0xE442,
  0xE442, 0xE442, 0xE442, 0xE442, 0xED04, 0xED04, 0xED04, 0x000C, 0x000C, 0x9AC1, 0x000C, 0xFFFF,
  0xFFFF, 0xFFFF, 0xFFFF, 0x000C, 0x9AC1, 0x000C, 0x000C, 0xED04, 0xED04, 0xED04, 0xE442, 0xE442,
  0xE442, 0x000C, 0xED04, 0x000C, 0xD9E0, 0xD9E0, 0x69E0, 0x69E0, 0x000C, 0xFFFF, 0xFFFF, 0xFFFF,
  0xFFFF, 0xFFFF, 0xFFFF, 0xFFFF, 0xFFFF, 0xFFFF, 0x000C, 0xED04, 0xE442, 0xE442, 0x000C, 0xED04,
  0x000C, 0xD9E0, 0xD9E0, 0x69E0, 0x69E0, 0x000C, 0xFFFF, 0xFFFF, 0xFFFF, 0xFFFF, 0xFFFF, 0xFFFF,
  0xFFFF, 0x000C, 0xDD49, 0xC367, 0xC367, 0xC367, 0xC367, 0xC367, 0xC367, 0x71A2, 0x9243, 0x9243,
  0x9243, 0x9243, 0xDD49, 0xC367, 0xC367, 0xC367, 0xC367, 0xC367, 0xC367, 0x9243, 0x000C, 0xFFFF,
  0xFFFF, 0xFFFF, 0x000C, 0xDD49, 0xC367, 0xC367, 0xC367, 0xC367, 0xC367, 0xC367, 0x71A2, 0x9243,
  0x9243, 0x9243, 0x9243, 0xDD49, 0xC367, 0x000C, 0x000C, 0xFF92, 0xFF92, 0xFE68, 0x000C, 0xFFFF,
  0xFFFF, 0xFFFF, 0xFFFF, 0xFFFF, 0xFFFF, 0xFFFF, 0xFFFF, 0xFFFF, 0xFFFF, 0xFFFF, 0x000C, 0x000C,
  0xDD49, 0x000C, 0x000C, 0xFF92, 0xFF92, 0xFE68, 0x000C, 0xFFFF, 0xFFFF, 0xFFFF, 0xFFFF, 0xFFFF,
  0xFFFF, 0xFFFF, 0xFFFF, 0x000C, 0xFAD3, 0xB1AE, 0xB1AE, 0xB1AE, 0xB1AE, 0xB1AE, 0xB1AE, 0xB1AE,
  0xB1AE, 0x000C, 0xB1AE, 0xB1AE, 0xB1AE, 0xB1AE, 0x6008, 0x000C, 0xFFFF, 0xFFFF, 0xFFFF, 0xFFFF,
  0xFFFF, 0xFFFF, 0xFFFF, 0xFFFF, 0x000C, 0xFAD3, 0xB1AE, 0xB1AE, 0xB1AE, 0xB1AE, 0xB1AE, 0xB1AE,
  0xB1AE, 0xB1AE, 0x000C, 0xB1AE, 0xB1AE, 0xB1AE, 0xB1AE, 0xFFF3, 0xFDC0, 0x000C, 0xFFFF, 0xFFFF,
  0xFFFF, 0xFFFF, 0xFFFF, 0xFFFF, 0xFFFF, 0xFFFF, 0x000C, 0xFAD3, 0xB1AE, 0xB1AE, 0xFFF3, 0xFF46,
  0xFF46, 0xFF46, 0xFF46, 0xFDC0, 0x000C, 0xFFFF, 0xFFFF, 0xFFFF, 0xFFFF, 0xFFFF, 0xFFFF, 0xFFFF,
  0xFFFF, 0xFFFF, 0xFFFF, 0xFFFF, 0xFFFF, 0x000C, 0xFFFF, 0xEF58, 0x000C, 0xFFFF, 0xEF58, 0x000C,
  0xEF58, 0x000C, 0xFFFF, 0xFFFF, 0xFFFF, 0xFFFF, 0xFFFF, 0xFFFF, 0xFFFF, 0xFFFF, 0xFFFF, 0xFFFF,
  0xFFFF, 0xFFFF, 0xFFFF, 0xFFFF, 0xFFFF, 0xFFFF, 0x000C, 0xFFFF, 0xEF58, 0x000C, 0xFFFF, 0x000C,
  0xFFFF, 0xEF58, 0x000C, 0xFFFF, 0xFFFF, 0xFFFF, 0xFFFF, 0xFFFF, 0xFFFF, 0xFFFF, 0xFFFF, 0xFFFF,
  0xFFFF, 0xFFFF, 0xFFFF, 0xFFFF, 0xFFFF, 0xFFFF, 0xFFFF, 0xFFFF, 0xFFFF, 0x000C, 0xFFFF, 0xEF58,
  0x000C, 0xFFFF, 0xFFFF, 0xFFFF, 0xFFFF, 0xFFFF, 0xFFFF, 0xFFFF, 0xFFFF, 0xFFFF, 0xFFFF, 0xFFFF,
  0xFFFF, 0xFFFF, 0xFFFF, 0x000C, 0x4A07, 0x4A07, 0x4A07, 0x4A07, 0x4A07, 0x4A07, 0x4A07, 0x4A07,
  0x4A07, 0x4A07, 0x4A07, 0x4A07, 0x4A07, 0x4A07, 0x4A07, 0x2966, 0x000C, 0xFFFF, 0xFFFF, 0xFFFF,
  0xFFFF, 0xFFFF, 0xFFFF, 0x000C, 0x4A07, 0x4A07, 0x4A07, 0x4A07, 0x4A07, 0x4A07, 0x4A07, 0x4A07,
  0x4A07, 0x4A07, 0x4A07, 0x4A07, 0x4A07, 0x4A07, 0x4A07, 0x2966, 0x000C, 0xFFFF, 0xFFFF, 0xFFFF,
  0xFFFF, 0xFFFF, 0xFFFF, 0x000C, 0x4A07, 0x4A07, 0x4A07, 0x4A07, 0x4A07, 0x4A07, 0x4A07, 0x4A07,
  0x4A07, 0x4A07, 0x4A07, 0x4A07, 0x4A07, 0x4A07, 0x4A07, 0x2966, 0x000C, 0xFFFF, 0xFFFF, 0xFFFF,
  0xFFFF, 0xFFFF, 0xFFFF, 0xFFFF, 0xFFFF, 0xFFFF, 0x000C, 0xE7F3, 0xC74D, 0xA628, 0xC74D, 0xE7F3,
  0xE7F3, 0xE7F3, 0xC74D, 0x8546, 0x1BC0, 0x1BC0, 0x1BC0, 0x3C83, 0x4D24, 0x6E86, 0x1BC0, 0x000C,
  0xFFFF, 0xFFFF, 0xFFFF, 0xFFFF, 0xFFFF, 0xFFFF, 0x000C, 0xE7F3, 0xC74D, 0xA628, 0xC74D, 0xE7F3,
  0xE7F3, 0xE7F3, 0xC74D, 0x8546, 0x1BC0, 0x1BC0, 0x1BC0, 0x3C83, 0x4D24, 0x6E86, 0x000C, 0xFFFF,
  0xFFFF, 0xFFFF, 0xFFFF, 0xFFFF, 0xFFFF, 0xFFFF, 0xFFFF, 0x000C, 0xE7F3, 0xC74D, 0xA628, 0xC74D,
  0xE7F3, 0xE7F3, 0xE7F3, 0xC74D, 0x8546, 0x1BC0, 0x1BC0, 0x000C, 0xFFFF, 0xFFFF, 0xFFFF, 0xFFFF,
  0xFFFF, 0xFFFF, 0xFFFF, 0xFFFF, 0xFFFF, 0x000C, 0xE7BF, 0xE7BF, 0xFFFF, 0xE7BF, 0xE7BF, 0xE7BF,
  0xE7BF, 0xE7BF, 0xE7BF, 0xFFFF, 0xE7BF, 0xE7BF, 0xE7BF, 0xE7BF, 0xE7BF, 0xB6BF, 0xB6BF, 0x000C,
  0xFFFF, 0xFFFF, 0xFFFF, 0xFFFF, 0xFFFF, 0xFFFF, 0x000C, 0xE7BF, 0xE7BF, 0xFFFF, 0xE7BF, 0xE7BF,
  0xE7BF, 0xE7BF, 0xE7BF, 0xE7BF, 0xFFFF, 0xE7BF, 0xE7BF, 0xE7BF, 0xE7BF, 0x000C, 0xFFFF, 0xFFFF,
  0xFFFF, 0xFFFF, 0xFFFF, 0xFFFF, 0xFFFF, 0xFFFF, 0xFFFF, 0xFFFF, 0x000C, 0xE7BF, 0xE7BF, 0xFFFF,
  0xE7BF, 0xE7BF, 0xE7BF, 0xE7BF, 0x000C, 0xFFFF, 0xFFFF, 0xFFFF, 0xFFFF, 0xFFFF, 0xFFFF, 0xFFFF,
  0x000C, 0xFD77, 0x000C, 0x3E4A, 0x000C, 0xFFB3, 0xFFB3, 0x000C, 0x000C, 0xFCF3, 0xF80E, 0x000C,
  0x8F34, 0x3E4A, 0x3E4A, 0x1CC6, 0x8F34, 0x000C, 0x000C, 0x3E4A, 0x1CC6, 0x000C, 0xE3D1, 0x000C,
  0x000C, 0xFD77, 0x000C, 0x3E4A, 0x000C, 0xFFB3, 0xFFB3, 0x000C, 0x000C, 0xFCF3, 0xF80E, 0x000C,
  0x8F34, 0x3E4A, 0x3E4A, 0x1CC6, 0x8F34, 0x8F34, 0x3E4A, 0x3E4A, 0xFD77, 0x000C, 0xE3D1, 0x000C,
  0x000C, 0xFD77, 0x000C, 0x3E4A, 0x000C, 0xFFB3, 0xFFB3, 0x000C, 0xFD77, 0xFD77, 0xFD77, 0xFD77,
  0xFD77, 0x3E4A, 0x3E4A, 0x1CC6, 0xFD77, 0xFD77, 0xFD77, 0xFD77, 0xFD77, 0x000C, 0xE3D1, 0x000C,
  0xFFFF, 0xFFFF, 0x000C, 0xD614, 0xF73A, 0xFFFF, 0xFFFF, 0xFFFF, 0xFFFF, 0xFFFF, 0xFFFF, 0xFFFF,
  0xFFFF, 0xFFFF, 0xFFFF, 0xFFFF, 0xFFFF, 0xFFFF, 0xFFFF, 0xFFFF, 0xFFFF, 0x000C, 0xFFFF, 0xFFFF,
  0xFFFF, 0xFFFF, 0xFFFF, 0x000C, 0xD614, 0xF73A, 0xFFFF, 0xFFFF, 0xFFFF, 0xFFFF, 0xFFFF, 0xFFFF,
  0xFFFF, 0x82A6, 0x82A6, 0xFFFF, 0xFFFF, 0x82A6, 0x82A6, 0x9B69, 0xFFFF, 0x000C, 0xFFFF, 0xFFFF,
  0xFFFF, 0xFFFF, 0xFFFF, 0xFFFF, 0xFFFF, 0xFFFF, 0xFFFF, 0x000C, 0xD614, 0xF73A, 0xFFFF, 0xFFFF,
  0x61E4, 0x61E4, 0x82A6, 0xFFFF, 0x000C, 0xFFFF, 0xFFFF, 0xFFFF, 0xFFFF, 0xFFFF, 0xFFFF, 0xFFFF,
  0xFFFF, 0xFFFF, 0x000C, 0xFF2F, 0xBBA5, 0xE524, 0xE524, 0x000C, 0x0011, 0x000C, 0x0011, 0x000C,
  0x0011, 0x000C, 0x0011, 0x000C, 0x000C, 0xE524, 0xE524, 0xE524, 0xBBA5, 0x000C, 0xFFFF, 0xFFFF,
  0xFFFF, 0xFFFF, 0x000C, 0xFF2F, 0xBBA5, 0xE524, 0xE524, 0x000C, 0x0011, 0x000C, 0x0011, 0x000C,
  0x0011, 0x000C, 0x0011, 0x000C, 0x000C, 0x000C, 0xBBA5, 0x000C, 0xFFFF, 0xFFFF, 0xFFFF, 0xFFFF,
  0xFFFF, 0xFFFF, 0xFFFF, 0xFFFF, 0x000C, 0xFF2F, 0xE524, 0xE524, 0xE524, 0xE524, 0x000C, 0x000C,
  0x000C, 0x000C, 0x000C, 0x000C, 0x000C, 0x000C, 0xFFFF, 0xFFFF, 0xFFFF, 0xFFFF, 0xFFFF, 0xFFFF,
  0xFFFF, 0xFFFF, 0xFFFF, 0x000C, 0xC401, 0xC401, 0xD4E5, 0xC401, 0xD4E5, 0xC401, 0x000C, 0x000C,
  0x000C, 0x000C, 0x000C, 0x000C, 0x000C, 0xFFFF, 0xFFFF, 0xFFFF, 0xFFFF, 0xFFFF, 0xFFFF, 0xFFFF,
  0xFFFF, 0xFFFF, 0xFFFF, 0xFFFF, 0xFFFF, 0x000C, 0xC401, 0xC401, 0xD4E5, 0xC401, 0xD4E5, 0xC401,
  0x000C, 0x000C, 0x000C, 0x000C, 0x000C, 0x000C, 0x000C, 0xFFFF, 0xFFFF, 0xFFFF, 0xFFFF, 0xFFFF,
  0xFFFF, 0xFFFF, 0xFFFF, 0xFFFF, 0xFFFF, 0x000C, 0xC401, 0xC401, 0xD4E5, 0xC401, 0xD4E5, 0xC401,
  0x000C, 0x000C, 0x000C, 0x000C, 0x000C, 0x000C, 0x000C, 0xFFFF, 0xFFFF, 0xFFFF, 0xFFFF, 0xFFFF,
  0xFFFF, 0x000C, 0xFE69, 0x000C, 0xFFFF, 0x000C, 0xFE56, 0xFCEF, 0xFCEF, 0xFE56, 0x000C, 0x000C,
  0xFF06, 0xFF06, 0xFF06, 0xFF06, 0x000C, 0x000C, 0xFBC5, 0xFD4E, 0xFBC5, 0xFD4E, 0x000C, 0xFFFF,
  0xFFFF, 0x000C, 0xFE69, 0x000C, 0xFFFF, 0x000C, 0xFE56, 0xFCEF, 0xFCEF, 0xFE56, 0x000C, 0xFE69,
  0xFE69, 0xFE69, 0x000C, 0x000C, 0xFE69, 0xFE69, 0xFE69, 0xFE69, 0xFE69, 0xFE69, 0x000C, 0xFFFF,
  0xFFFF, 0x000C, 0xFE69, 0xFE69, 0xFE69, 0xFE69, 0xFE69, 0xFE69, 0x000C, 0x000C, 0xFE69, 0xFE69,
  0xFE69, 0xFE69, 0xFE69, 0xFE69, 0xFE69, 0xFE69, 0xFE69, 0xFE69, 0xFE69, 0xFE69, 0x000C, 0xFFFF,
  0xFFFF, 0x000C, 0x9AC1, 0xD9E0, 0xD9E0, 0x000C, 0x000C, 0x000C, 0xED04, 0xED04, 0xED04, 0xED04,
  0xED04, 0xED04, 0xED04, 0xED04, 0x000C, 0x000C, 0x000C, 0xD9E0, 0xD9E0, 0x8A60, 0x000C, 0xFFFF,
  0xFFFF, 0xFFFF, 0xFFFF, 0x000C, 0x9AC1, 0xD9E0, 0xD9E0, 0x000C, 0x000C, 0x000C, 0xED04, 0xED04,
  0xED04, 0x000C, 0x000C, 0x8E01, 0x69E0, 0x69E0, 0x8A60, 0x9AC1, 0x000C, 0xFFFF, 0xFFFF, 0xFFFF,
  0xFFFF, 0xFFFF, 0xFFFF, 0xFFFF, 0xFFFF, 0xFFFF, 0xFFFF, 0x000C, 0xED04, 0xED04, 0x000C, 0x000C,
  0x8E01, 0x69E0, 0x69E0, 0x8A60, 0x9AC1, 0x000C, 0xFFFF, 0xFFFF, 0xFFFF, 0xFFFF, 0xFFFF, 0xFFFF,
  0x000C, 0xDD49, 0xC367, 0xC367, 0xC367, 0xC367, 0xC367, 0xC367, 0xC367, 0xC367, 0x71A2, 0x9243,
  0x9243, 0xDD49, 0xC367, 0xC367, 0xC367, 0xC367, 0xC367, 0xC367, 0xC367, 0xC367, 0x9243, 0x000C,
  0xFFFF, 0x000C, 0xDD49, 0xC367, 0xC367, 0xC367, 0xC367, 0xC367, 0xC367, 0xC367, 0xC367, 0x71A2,
  0x9243, 0x9243, 0xDD49, 0xC367, 0x000C, 0xFF92, 0xFF92, 0x4886, 0x4886, 0xFE68, 0x000C, 0xFFFF,
  0xFFFF, 0xFFFF, 0xFFFF, 0xFFFF, 0xFFFF, 0xFFFF, 0xFFFF, 0xFFFF, 0x000C, 0x000C, 0xDD49, 0xC367,
  0x000C, 0xFF92, 0xFF92, 0x4886, 0x4886, 0xFE68, 0x000C, 0xFFFF, 0xFFFF, 0xFFFF, 0xFFFF, 0xFFFF,
  0xFFFF, 0xFFFF, 0x000C, 0xFAD3, 0xB1AE, 0xB1AE, 0xB1AE, 0xB1AE, 0xB1AE, 0xB1AE, 0xB1AE, 0xB1AE,
  0xB1AE, 0xB1AE, 0xB1AE, 0xB1AE, 0xB1AE, 0xB1AE, 0x6008, 0x000C, 0xFFFF, 0xFFFF, 0xFFFF, 0xFFFF,
  0xFFFF, 0xFFFF, 0xFFFF, 0x000C, 0xFAD3, 0xB1AE, 0xB1AE, 0xB1AE, 0xB1AE, 0xB1AE, 0xB1AE, 0xB1AE,
  0xB1AE, 0xB1AE, 0xB1AE, 0xB1AE, 0xB1AE, 0xB1AE, 0xB1AE, 0x6008, 0x000C, 0xFFFF, 0xFFFF, 0xFFFF,
  0xFFFF, 0xFFFF, 0xFFFF, 0xFFFF, 0xFFFF, 0x000C, 0xFAD3, 0xB1AE, 0xB1AE, 0xB1AE, 0xB1AE, 0xFFF3,
  0xFF46, 0xFF46, 0xFF46, 0xFF46, 0xFDC0, 0x000C, 0xFFFF, 0xFFFF, 0xFFFF, 0xFFFF, 0xFFFF, 0xFFFF,
  0xFFFF, 0xFFFF, 0xFFFF, 0xFFFF, 0x000C, 0xFFFF, 0xEF58, 0x000C, 0xFFFF, 0xEF58, 0x000C, 0xEF58,
  0x000C, 0xFFFF, 0xFFFF, 0xFFFF, 0xFFFF, 0xFFFF, 0xFFFF, 0xFFFF, 0xFFFF, 0xFFFF, 0xFFFF, 0xFFFF,
  0xFFFF, 0xFFFF, 0xFFFF, 0xFFFF, 0xFFFF, 0x000C, 0xFFFF, 0xEF58, 0x000C, 0xFFFF, 0x000C, 0xFFFF,
  0xEF58, 0x000C, 0xFFFF, 0xFFFF, 0xFFFF, 0xFFFF, 0xFFFF, 0xFFFF, 0xFFFF, 0xFFFF, 0xFFFF, 0xFFFF,
  0xFFFF, 0xFFFF, 0xFFFF, 0xFFFF, 0xFFFF, 0xFFFF, 0xFFFF, 0xFFFF, 0x000C, 0xFFFF, 0xEF58, 0x000C,
  0xFFFF, 0xFFFF, 0xFFFF, 0xFFFF, 0xFFFF, 0xFFFF, 0xFFFF, 0xFFFF, 0xFFFF, 0xFFFF, 0xFFFF, 0xFFFF,
  0xFFFF, 0xFFFF, 0x000C, 0x4A07, 0x000C, 0x4A07, 0x4A07, 0x4A07, 0x4A07, 0x4A07, 0x4A07, 0x4A07,
  0x4A07, 0x4A07, 0x4A07, 0x4A07, 0x4A07, 0x2966, 0x2966, 0x000C, 0x2966, 0x000C, 0xFFFF, 0xFFFF,
  0xFFFF, 0xFFFF, 0x000C, 0x4A07, 0x000C, 0x4A07, 0x4A07, 0x4A07, 0x4A07, 0x4A07, 0x4A07, 0x4A07,
  0x4A07, 0x4A07, 0x4A07, 0x4A07, 0x4A07, 0x2966, 0x2966, 0x000C, 0x2966, 0x000C, 0xFFFF, 0xFFFF,
  0xFFFF, 0xFFFF, 0x000C, 0x4A07, 0x000C, 0x4A07, 0x4A07, 0x4A07, 0x4A07, 0x4A07, 0x4A07, 0x4A07,
  0x4A07, 0x4A07, 0x4A07, 0x4A07, 0x4A07, 0x2966, 0x2966, 0x000C, 0x2966, 0x000C, 0xFFFF, 0xFFFF,
  0xFFFF, 0xFFFF, 0xFFFF, 0xFFFF, 0x000C, 0x000C, 0xE7F3, 0xE7F3, 0xC74D, 0xE7F3, 0xE7F3, 0xC74D,
  0xA628, 0x8546, 0x8546, 0x1BC0, 0x3C83, 0x6E86, 0x4D24, 0x1BC0, 0x3C83, 0x4D24, 0x3C83, 0x000C,
  0xFFFF, 0xFFFF, 0xFFFF, 0xFFFF, 0x000C, 0x000C, 0xE7F3, 0xE7F3, 0xC74D, 0xE7F3, 0xE7F3, 0xC74D,
  0xA628, 0x8546, 0x8546, 0x1BC0, 0x3C83, 0x6E86, 0x4D24, 0x1BC0, 0x3C83, 0x4D24, 0x3C83, 0x000C,
  0xFFFF, 0xFFFF, 0xFFFF, 0xFFFF, 0xFFFF, 0x000C, 0x000C, 0xE7F3, 0xE7F3, 0xC74D, 0xE7F3, 0xE7F3,
  0xC74D, 0xA628, 0x8546, 0x8546, 0x1BC0, 0x3C83, 0x000C, 0xFFFF, 0xFFFF, 0xFFFF, 0xFFFF, 0xFFFF,
  0xFFFF, 0xFFFF, 0xFFFF, 0xFFFF, 0xFFFF, 0x000C, 0x000C, 0xE7BF, 0xE7BF, 0xE7BF, 0xB6BF, 0xE7BF,
  0xE7BF, 0xFFFF, 0xE7BF, 0xE7BF, 0xB6BF, 0xE7BF, 0xE7BF, 0xE7BF, 0xB6BF, 0xB6BF, 0x000C, 0xFFFF,
  0xFFFF, 0xFFFF, 0xFFFF, 0xFFFF, 0xFFFF, 0xFFFF, 0x000C, 0x000C, 0xE7BF, 0xE7BF, 0xE7BF, 0xB6BF,
  0xE7BF, 0xE7BF, 0xFFFF, 0xE7BF, 0xE7BF, 0xB6BF, 0xE7BF, 0xE7BF, 0xE7BF, 0xB6BF, 0x000C, 0xFFFF,
  0xFFFF, 0xFFFF, 0xFFFF, 0xFFFF, 0xFFFF, 0xFFFF, 0xFFFF, 0xFFFF, 0x000C, 0x000C, 0xE7BF, 0xE7BF,
  0xE7BF, 0xB6BF, 0xE7BF, 0xE7BF, 0x000C, 0xFFFF, 0xFFFF, 0xFFFF, 0xFFFF, 0xFFFF, 0xFFFF, 0xFFFF,
  0x000C, 0xFD77, 0xFD77, 0x000C, 0x000C, 0x000C, 0x000C, 0x3E4A, 0x000C, 0xF80E, 0xF80E, 0x000C,
  0x3E4A, 0x3E4A, 0x1CC6, 0x1CC6, 0x8F34, 0x3E4A, 0x3E4A, 0x000C, 0x000C, 0xFD77, 0xE3D1, 0x000C,
  0x000C, 0xFD77, 0xFD77, 0x000C, 0x000C, 0x000C, 0x000C, 0x3E4A, 0x000C, 0xF80E, 0xF80E, 0x000C,
  0x3E4A, 0x3E4A, 0x1CC6, 0x1CC6, 0x8F34, 0x3E4A, 0x3E4A, 0x000C, 0x000C, 0xFD77, 0xE3D1, 0x000C,
  0x000C, 0xFD77, 0xFD77, 0x000C, 0x000C, 0x000C, 0x000C, 0x3E4A, 0xFD77, 0xFD77, 0xFD77, 0xFD77,
  0xFD77, 0xFD77, 0x1CC6, 0xFD77, 0xFD77, 0xFD77, 0xFD77, 0x000C, 0x000C, 0xFD77, 0xE3D1, 0x000C,
  0xFFFF, 0x000C, 0xD614, 0xF73A, 0xFFFF, 0xFFFF, 0xFFFF, 0xFFFF, 0xFFFF, 0xFFFF, 0xFFFF, 0xFFFF,
  0xFFFF, 0xFFFF, 0xFFFF, 0xFFFF, 0xFFFF, 0xFFFF, 0xFFFF, 0xFFFF, 0xFFFF, 0xF73A, 0x000C, 0xFFFF,
  0xFFFF, 0xFFFF, 0x000C, 0xD614, 0xF73A, 0xFFFF, 0xFFFF, 0xFFFF, 0xFFFF, 0xFFFF, 0xFFFF, 0x82A6,
  0x82A6, 0x82A6, 0x82A6, 0x82A6, 0x82A6, 0x82A6, 0x82A6, 0x82A6, 0xFFFF, 0x000C, 0xFFFF, 0xFFFF,
  0xFFFF, 0xFFFF, 0xFFFF, 0xFFFF, 0xFFFF, 0xFFFF, 0x000C, 0xD614, 0xF73A, 0xFFFF, 0xFFFF, 0xFFFF,
  0xFFFF, 0x82A6, 0x82A6, 0xFFFF, 0x000C, 0xFFFF, 0xFFFF, 0xFFFF, 0xFFFF, 0xFFFF, 0xFFFF, 0xFFFF,
  0xFFFF, 0xFFFF, 0x000C, 0xFF2F, 0xE524, 0xBBA5, 0xFF2F, 0x000C, 0x000C, 0x0011, 0x000C, 0x0011,
  0x000C, 0x0011, 0x000C, 0x0011, 0x000C, 0xE524, 0xBBA5, 0xE524, 0xBBA5, 0x000C, 0xFFFF, 0xFFFF,
  0xFFFF, 0xFFFF, 0x000C, 0xFF2F, 0xE524, 0xBBA5, 0xFF2F, 0x000C, 0x000C, 0x0011, 0x000C, 0x0011,
  0x000C, 0x0011, 0x000C, 0x0011, 0x000C, 0xE524, 0x000C, 0xBBA5, 0x000C, 0xFFFF, 0xFFFF, 0xFFFF,
  0xFFFF, 0xFFFF, 0xFFFF, 0xFFFF, 0x000C, 0xFF2F, 0xBBA5, 0xE524, 0xE524, 0x000C, 0x0011, 0x000C,
  0x0011, 0x000C, 0x0011, 0xBBA5, 0xBBA5, 0x000C, 0xFFFF, 0xFFFF, 0xFFFF, 0xFFFF, 0xFFFF, 0xFFFF,
  0xFFFF, 0xFFFF, 0xFFFF, 0x000C, 0x000C, 0xD4E5, 0xD4E5, 0xD4E5, 0xD4E5, 0xD4E5, 0xD4E5, 0xD4E5,
  0xD4E5, 0xD4E5, 0xD4E5, 0x000C, 0xFFFF, 0xFFFF, 0xFFFF, 0xFFFF, 0xFFFF, 0xFFFF, 0xFFFF, 0xFFFF,
  0xFFFF, 0xFFFF, 0xFFFF, 0xFFFF, 0xFFFF, 0x000C, 0x000C, 0xD4E5, 0xD4E5, 0xD4E5, 0xD4E5, 0xD4E5,
  0xD4E5, 0xD4E5, 0xD4E5, 0xD4E5, 0xD4E5, 0x000C, 0xFFFF, 0xFFFF, 0xFFFF, 0xFFFF, 0xFFFF, 0xFFFF,
  0xFFFF, 0xFFFF, 0xFFFF, 0xFFFF, 0xFFFF, 0x000C, 0x000C, 0xD4E5, 0xD4E5, 0xD4E5, 0xD4E5, 0xD4E5,
  0xD4E5, 0xD4E5, 0xD4E5, 0xD4E5, 0xD4E5, 0x000C, 0xFFFF, 0xFFFF, 0xFFFF, 0xFFFF, 0xFFFF, 0xFFFF,
  0x000C, 0xFE69, 0xFE69, 0xFE69, 0x000C, 0xFFFF, 0x000C, 0xFCEF, 0xFE56, 0x000C, 0x000C, 0xEF5C,
  0x000C, 0xFF06, 0xFF06, 0x000C, 0x000C, 0xEF5C, 0x000C, 0xFBC5, 0xFD4E, 0x000C, 0xFE69, 0x000C,
  0x000C, 0xFE69, 0xFE69, 0xFE69, 0x000C, 0xFFFF, 0x000C, 0xFCEF, 0xFE56, 0x000C, 0x000C, 0xFE69,
  0xFE69, 0xFE69, 0xFE69, 0xFE69, 0xFE69, 0xFE69, 0xFE69, 0xFE69, 0xFE69, 0xFE69, 0xFE69, 0x000C,
  0x000C, 0xFE69, 0xFE69, 0xFE69, 0xFE69, 0xFE69, 0xFE69, 0xFE69, 0xFE69, 0xFE69, 0xFE69, 0xFE69,
  0xFE69, 0xFE69, 0xFE69, 0xFE69, 0xFE69, 0xFE69, 0xFE69, 0xFE69, 0xFE69, 0xFE69, 0xFE69, 0x000C,
  0xFFFF, 0x000C, 0x000C, 0x9AC1, 0x9AC1, 0x69E0, 0x8E01, 0x9E82, 0x000C, 0x000C, 0x000C, 0x000C,
  0x000C, 0x000C, 0x000C, 0x000C, 0xEDC2, 0xD9E0, 0xD9E0, 0xFA40, 0x8A60, 0x000C, 0x000C, 0xFFFF,
  0xFFFF, 0xFFFF, 0xFFFF, 0x000C, 0x000C, 0x9AC1, 0x9AC1, 0x69E0, 0x8E01, 0x9E82, 0x000C, 0x000C,
  0x000C, 0x000C, 0x8E01, 0x69E0, 0x9AC1, 0x8A60, 0x000C, 0x000C, 0x000C, 0xFFFF, 0xFFFF, 0xFFFF,
  0xFFFF, 0xFFFF, 0xFFFF, 0xFFFF, 0xFFFF, 0xFFFF, 0x000C, 0x9AC1, 0x000C, 0x000C, 0x000C, 0x8E01,
  0x69E0, 0x9AC1, 0x8A60, 0x000C, 0x000C, 0x000C, 0xFFFF, 0xFFFF, 0xFFFF, 0xFFFF, 0xFFFF, 0xFFFF,
  0x000C, 0xFF92, 0x9243, 0x9243, 0xC367, 0xC367, 0xC367, 0xC367, 0xC367, 0xC367, 0x71A2, 0x9243,
  0x9243, 0xDD49, 0xC367, 0xC367, 0xC367, 0xC367, 0xC367, 0xC367, 0x9243, 0x9243, 0xE524, 0x000C,
  0xFFFF, 0x000C, 0xFF92, 0x9243, 0x9243, 0xC367, 0xC367, 0xC367, 0xC367, 0xC367, 0xC367, 0x71A2,
  0x9243, 0x9243, 0xDD49, 0x000C, 0xFF92, 0x4886, 0x4886, 0x4886, 0x4886, 0xFE68, 0x000C, 0xFFFF,
  0xFFFF, 0xFFFF, 0xFFFF, 0xFFFF, 0xFFFF, 0xFFFF, 0xFFFF, 0x000C, 0xDD49, 0xC367, 0xC367, 0x000C,
  0xFF92, 0x4886, 0x4886, 0x4886, 0x4886, 0xFE68, 0x000C, 0xFFFF, 0xFFFF, 0xFFFF, 0xFFFF, 0xFFFF,
  0xFFFF, 0xFFFF, 0x000C, 0xFAD3, 0xB1AE, 0xB1AE, 0xB1AE, 0xB1AE, 0xB1AE, 0xB1AE, 0xB1AE, 0xB1AE,
  0xB1AE, 0xB1AE, 0xB1AE, 0xB1AE, 0xB1AE, 0x6008, 0x000C, 0xFFFF, 0xFFFF, 0xFFFF, 0xFFFF, 0xFFFF,
  0xFFFF, 0xFFFF, 0xFFFF, 0x000C, 0xFAD3, 0xB1AE, 0xB1AE, 0xB1AE, 0xB1AE, 0xB1AE, 0xB1AE, 0xB1AE,
  0xB1AE, 0xB1AE, 0xB1AE, 0xB1AE, 0xB1AE, 0xB1AE, 0x6008, 0x000C, 0xFFFF, 0xFFFF, 0xFFFF, 0xFFFF,
  0xFFFF, 0xFFFF, 0xFFFF, 0xFFFF, 0xFFFF, 0x000C, 0xFAD3, 0xB1AE, 0xB1AE, 0xB1AE, 0xB1AE, 0xB1AE,
  0xFFF3, 0xFFF3, 0xFF46, 0xFF46, 0xFF46, 0xFDC0, 0x000C, 0xFFFF, 0xFFFF, 0xFFFF, 0xFFFF, 0xFFFF,
  0xFFFF, 0xFFFF, 0xFFFF, 0x000C, 0xFFFF, 0xEF58, 0x000C, 0xFFFF, 0xEF58, 0x000C, 0xEF58, 0x000C,
  0xFFFF, 0xFFFF, 0xFFFF, 0xFFFF, 0xFFFF, 0xFFFF, 0xFFFF, 0xFFFF, 0xFFFF, 0xFFFF, 0xFFFF, 0xFFFF,
  0xFFFF, 0xFFFF, 0xFFFF, 0xFFFF, 0x000C, 0xFFFF, 0xEF58, 0x000C, 0xFFFF, 0x000C, 0xFFFF, 0xEF58,
  0x000C, 0xFFFF, 0xFFFF, 0xFFFF, 0xFFFF, 0xFFFF, 0xFFFF, 0xFFFF, 0xFFFF, 0xFFFF, 0xFFFF, 0xFFFF,
  0xFFFF, 0xFFFF, 0xFFFF, 0xFFFF, 0xFFFF, 0xFFFF, 0xFFFF, 0x000C, 0xFFFF, 0xEF58, 0x000C, 0xFFFF,
  0xFFFF, 0xFFFF, 0xFFFF, 0xFFFF, 0xFFFF, 0xFFFF, 0xFFFF, 0xFFFF, 0xFFFF, 0xFFFF, 0xFFFF, 0xFFFF,
  0xFFFF, 0x000C, 0x4A07, 0x4A07, 0x4A07, 0x000C, 0x000C, 0x4A07, 0x4A07, 0x4A07, 0x4A07, 0x4A07,
  0x4A07, 0x4A07, 0x4A07, 0x2966, 0x2966, 0x000C, 0x000C, 0x2966, 0x2966, 0x2966, 0x000C, 0xFFFF,
  0xFFFF, 0x000C, 0x4A07, 0x4A07, 0x4A07, 0x000C, 0x000C, 0x4A07, 0x4A07, 0x4A07, 0x4A07, 0x4A07,
  0x4A07, 0x4A07, 0x4A07, 0x2966, 0x2966, 0x000C, 0x000C, 0x2966, 0x2966, 0x2966, 0x000C, 0xFFFF,
  0xFFFF, 0x000C, 0x4A07, 0x4A07, 0x4A07, 0x000C, 0x000C, 0x4A07, 0x4A07, 0x4A07, 0x4A07, 0x4A07,
  0x4A07, 0x4A07, 0x4A07, 0x2966, 0x2966, 0x000C, 0x000C, 0x2966, 0x2966, 0x2966, 0x000C, 0xFFFF,
  0xFFFF, 0xFFFF, 0xFFFF, 0x000C, 0xC74D, 0xE7F3, 0xE7F3, 0xE7F3, 0xE7F3, 0xC74D, 0xA628, 0xA628,
  0x000C, 0x000C, 0x000C, 0x1BC0, 0x4D24, 0x4D24, 0x6E86, 0x3C83, 0x1BC0, 0x3C83, 0x4D24, 0x000C,
  0xFFFF, 0xFFFF, 0xFFFF, 0x000C, 0xC74D, 0xE7F3, 0xE7F3, 0xE7F3, 0xE7F3, 0xC74D, 0xA628, 0xA628,
  0x000C, 0x000C, 0x000C, 0x1BC0, 0x4D24, 0x4D24, 0x6E86, 0x3C83, 0x1BC0, 0x3C83, 0x4D24, 0x000C,
  0xFFFF, 0xFFFF, 0xFFFF, 0xFFFF, 0x000C, 0xC74D, 0xE7F3, 0xE7F3, 0xE7F3, 0xE7F3, 0xC74D, 0xA628,
  0xA628, 0x000C, 0x000C, 0x000C, 0x000C, 0x000C, 0xFFFF, 0xFFFF, 0xFFFF, 0xFFFF, 0xFFFF, 0xFFFF,
  0xFFFF, 0xFFFF, 0xFFFF, 0xFFFF, 0x000C, 0xFFFF, 0xE695, 0x000C, 0xB6BF, 0xB6BF, 0xB6BF, 0xE7BF,
  0xE7BF, 0xE7BF, 0xE7BF, 0xE7BF, 0xB6BF, 0xB6BF, 0xB6BF, 0xB6BF, 0xB6BF, 0xB6BF, 0x000C, 0xFFFF,
  0xFFFF, 0xFFFF, 0xFFFF, 0xFFFF, 0xFFFF, 0x000C, 0xFFFF, 0xE695, 0x000C, 0xB6BF, 0xB6BF, 0xB6BF,
  0xE7BF, 0xE7BF, 0xE7BF, 0xE7BF, 0xE7BF, 0xB6BF, 0xB6BF, 0xB6BF, 0xB6BF, 0xB6BF, 0x000C, 0xFFFF,
  0xFFFF, 0xFFFF, 0xFFFF, 0xFFFF, 0xFFFF, 0xFFFF, 0xFFFF, 0x000C, 0xFFFF, 0xE695, 0x000C, 0xB6BF,
  0xB6BF, 0xB6BF, 0xE7BF, 0xE7BF, 0xE7BF, 0x000C, 0x000C, 0xFFFF, 0xFFFF, 0xFFFF, 0xFFFF, 0xFFFF,
  0x000C, 0xFD77, 0xFD77, 0xFD77, 0xFD77, 0x000C, 0x000C, 0x000C, 0x3E4A, 0x000C, 0x000C, 0x1CC6,
  0x3E4A, 0x1CC6, 0x1CC6, 0x1CC6, 0x000C, 0x000C, 0x000C, 0xFD77, 0xFD77, 0xFD77, 0xE3D1, 0x000C,
  0x000C, 0xFD77, 0xFD77, 0xFD77, 0xFD77, 0x000C, 0x000C, 0x000C, 0x3E4A, 0x000C, 0x000C, 0x1CC6,
  0x3E4A, 0x1CC6, 0x1CC6, 0x1CC6, 0x000C, 0x000C, 0x000C, 0xFD77, 0xFD77, 0xFD77, 0xE3D1, 0x000C,
  0x000C, 0xFD77, 0xFD77, 0xFD77, 0xFD77, 0x000C, 0x000C, 0x000C, 0x3E4A, 0xFD77, 0xFD77, 0xFD77,
  0xFD77, 0xFD77, 0xFD77, 0xFD77, 0x000C, 0x000C, 0x000C, 0xFD77, 0xFD77, 0xFD77, 0xE3D1, 0x000C,
  0xFFFF, 0x000C, 0xD614, 0xF73A, 0xFFFF, 0xFFFF, 0xFFFF, 0xFFFF, 0xFFFF, 0xFFFF, 0xFFFF, 0xFFFF,
  0xFFFF, 0xFFFF, 0xFFFF, 0xFFFF, 0xFFFF, 0xFFFF, 0xFFFF, 0xFFFF, 0xFFFF, 0xF73A, 0x000C, 0xFFFF,
  0xFFFF, 0xFFFF, 0x000C, 0xD614, 0xF73A, 0xFFFF, 0xFFFF, 0xFFFF, 0xFFFF, 0xFFFF, 0x82A6, 0x82A6,
  0x82A6, 0x61E4, 0x9B69, 0x82A6, 0x61E4, 0x9B69, 0x82A6, 0x82A6, 0xFFFF, 0x000C, 0xFFFF, 0xFFFF,
  0xFFFF, 0xFFFF, 0xFFFF, 0xFFFF, 0xFFFF, 0xFFFF, 0x000C, 0xD614, 0xF73A, 0xFFFF, 0xFFFF, 0xFFFF,
  0xFFFF, 0x61E4, 0x9B69, 0xFFFF, 0x000C, 0xFFFF, 0xFFFF, 0xFFFF, 0xFFFF, 0xFFFF, 0xFFFF, 0xFFFF,
  0xFFFF, 0xFFFF, 0x000C, 0xFF2F, 0xE524, 0xE524, 0xE524, 0x000C, 0x0011, 0x000C, 0x0011, 0x000C,
  0x0011, 0x000C, 0x0011, 0x000C, 0x000C, 0xBBA5, 0xE524, 0xE524, 0xBBA5, 0x000C, 0xFFFF, 0xFFFF,
  0xFFFF, 0xFFFF, 0x000C, 0xFF2F, 0xE524, 0xE524, 0xE524, 0x000C, 0x0011, 0x000C, 0x0011, 0x000C,
  0x0011, 0x000C, 0x0011, 0x000C, 0x000C, 0xBBA5, 0xE524, 0x000C, 0x000C, 0xFFFF, 0xFFFF, 0xFFFF,
  0xFFFF, 0xFFFF, 0xFFFF, 0xFFFF, 0x000C, 0xFF2F, 0xE524, 0xBBA5, 0xFF2F, 0x000C, 0x000C, 0x0011,
  0x000C, 0xBBA5, 0xBBA5, 0x000C, 0x000C, 0xFFFF, 0xFFFF, 0xFFFF, 0xFFFF, 0xFFFF, 0xFFFF, 0xFFFF,
  0xFFFF, 0xFFFF, 0x000C, 0x47BA, 0x000C, 0xC401, 0xD4E5, 0xC401, 0xD4E5, 0xC401, 0xD4E5, 0xC401,
  0xD4E5, 0x000C, 0x000C, 0xFFFF, 0xFFFF, 0xFFFF, 0xFFFF, 0xFFFF, 0xFFFF, 0xFFFF, 0xFFFF, 0xFFFF,
  0xFFFF, 0xFFFF, 0xFFFF, 0xFFFF, 0x000C, 0x47BA, 0x000C, 0xC401, 0xD4E5, 0xC401, 0xD4E5, 0xC401,
  0xD4E5, 0xC401, 0xD4E5, 0x000C, 0x000C, 0xFFFF, 0xFFFF, 0xFFFF, 0xFFFF, 0xFFFF, 0xFFFF, 0xFFFF,
  0xFFFF, 0xFFFF, 0xFFFF, 0xFFFF, 0x000C, 0x47BA, 0x000C, 0xC401, 0xD4E5, 0xC401, 0xD4E5, 0xC401,
  0xD4E5, 0xC401, 0xD4E5, 0x000C, 0x000C, 0xFFFF, 0xFFFF, 0xFFFF, 0xFFFF, 0xFFFF, 0xFFFF, 0xFFFF,
  0x000C, 0xFE69, 0xFE69, 0xFE69, 0xFE69, 0x000C, 0xFFFF, 0x000C, 0x000C, 0xFFFF, 0x000C, 0x000C,
  0xFFFF, 0x000C, 0x000C, 0xFFFF, 0x000C, 0x000C, 0xFFFF, 0x000C, 0x000C, 0xFFFF, 0x000C, 0x000C,
  0x000C, 0xFE69, 0xFE69, 0xFE69, 0xFE69, 0x000C, 0xFFFF, 0x000C, 0x000C, 0xFFFF, 0x000C, 0xFE69,
  0xFE69, 0xFE69, 0xFE69, 0xFE69, 0xFE69, 0xFE69, 0xFE69, 0xFE69, 0xFE69, 0xFE69, 0xFE69, 0x000C,
  0x000C, 0xFE69, 0xFE69, 0xFE69, 0xFE69, 0xFE69, 0xFE69, 0xFE69, 0xFE69, 0xFE69, 0xFE69, 0xFE69,
  0xFE69, 0xFE69, 0xFE69, 0xFE69, 0xFE69, 0xFE69, 0xFE69, 0xFE69, 0xFE69, 0xFE69, 0xFE69, 0x000C,
  0xFFFF, 0x000C, 0xEDA6, 0x000C, 0x000C, 0x9AC1, 0x9AC1, 0x9E82, 0x9E82, 0x9E82, 0x8E01, 0x69E0,
  0x69E0, 0x69E0, 0xEDC2, 0xEDC2, 0x9AC1, 0x9AC1, 0x8A60, 0x000C, 0x000C, 0xEDA6, 0x000C, 0xFFFF,
  0xFFFF, 0xFFFF, 0xFFFF, 0x000C, 0xEDA6, 0x000C, 0x000C, 0x9AC1, 0x9AC1, 0x9E82, 0x9E82, 0x9E82,
  0x8E01, 0x000C, 0x69E0, 0x8A60, 0x000C, 0x000C, 0xEDA6, 0xEDA6, 0x000C, 0xFFFF, 0xFFFF, 0xFFFF,
  0xFFFF, 0xFFFF, 0xFFFF, 0xFFFF, 0xFFFF, 0xFFFF, 0x000C, 0x9AC1, 0xD9E0, 0xD9E0, 0x000C, 0x69E0,
  0x9AC1, 0x000C, 0x000C, 0xEDA6, 0xEDA6, 0x000C, 0xFFFF, 0xFFFF, 0xFFFF, 0xFFFF, 0xFFFF, 0xFFFF,
  0x000C, 0x000C, 0xFF92, 0xFE68, 0x9243, 0x9243, 0xC367, 0xC367, 0xC367, 0xC367, 0xC367, 0xC367,
  0xC367, 0xC367, 0xC367, 0xC367, 0xC367, 0xC367, 0x9243, 0x9243, 0xFE68, 0xE524, 0x000C, 0x000C,
  0xFFFF, 0x000C, 0x000C, 0xFF92, 0xFE68, 0x9243, 0x9243, 0xC367, 0xC367, 0xC367, 0xC367, 0xC367,
  0xC367, 0xC367, 0x000C, 0xFF92, 0x4886, 0x4886, 0x4886, 0x4886, 0xFE68, 0x000C, 0xFFFF, 0xFFFF,
  0xFFFF, 0xFFFF, 0xFFFF, 0xFFFF, 0xFFFF, 0xFFFF, 0x000C, 0xDD49, 0xC367, 0xC367, 0x000C, 0xFF92,
  0x4886, 0x4886, 0x4886, 0x4886, 0xFE68, 0x000C, 0xFFFF, 0xFFFF, 0xFFFF, 0xFFFF, 0xFFFF, 0xFFFF,
  0xFFFF, 0xFFFF, 0x000C, 0xFAD3, 0xB1AE, 0xB1AE, 0xB1AE, 0x000C, 0xB1AE, 0xB1AE, 0xB1AE, 0xB1AE,
  0xB1AE, 0xB1AE, 0xB1AE, 0xB1AE, 0x6008, 0x000C, 0xFFFF, 0xFFFF, 0xFFFF, 0xFFFF, 0xFFFF, 0xFFFF,
  0xFFFF, 0xFFFF, 0xFFFF, 0x000C, 0xFAD3, 0xB1AE, 0xB1AE, 0xB1AE, 0x000C, 0xB1AE, 0xB1AE, 0xB1AE,
  0xB1AE, 0xB1AE, 0xB1AE, 0xB1AE, 0xB1AE, 0x6008, 0x000C, 0xFFFF, 0xFFFF, 0xFFFF, 0xFFFF, 0xFFFF,
  0xFFFF, 0xFFFF, 0xFFFF, 0xFFFF, 0xFFFF, 0x000C, 0xFAD3, 0xB1AE, 0xB1AE, 0xB1AE, 0x000C, 0xB1AE,
  0xB1AE, 0xB1AE, 0xFFF3, 0xFFF3, 0xFF46, 0xFDC0, 0x000C, 0xFFFF, 0xFFFF, 0xFFFF, 0xFFFF, 0xFFFF,
  0xFFFF, 0x000C, 0x000C, 0xFFFF, 0xEF58, 0x000C, 0xFFFF, 0xEF58, 0x000C, 0xEF58, 0x000C, 0xFFFF,
  0xFFFF, 0xFFFF, 0xFFFF, 0xFFFF, 0xFFFF, 0xFFFF, 0xFFFF, 0xFFFF, 0xFFFF, 0xFFFF, 0xFFFF, 0xFFFF,
  0xFFFF, 0xFFFF, 0xFFFF, 0x000C, 0xFFFF, 0xEF58, 0x000C, 0xFFFF, 0x000C, 0xFFFF, 0xEF58, 0x000C,
  0xFFFF, 0xFFFF, 0xFFFF, 0xFFFF, 0xFFFF, 0xFFFF, 0xFFFF, 0xFFFF, 0xFFFF, 0xFFFF, 0xFFFF, 0xFFFF,
  0xFFFF, 0xFFFF, 0xFFFF, 0xFFFF, 0xFFFF, 0xFFFF, 0x000C, 0xFFFF, 0xEF58, 0x000C, 0xFFFF, 0xFFFF,
  0xFFFF, 0xFFFF, 0xFFFF, 0xFFFF, 0xFFFF, 0xFFFF, 0xFFFF, 0xFFFF, 0xFFFF, 0xFFFF, 0xFFFF, 0xFFFF,
  0xFFFF, 0x000C, 0x4A07, 0x4A07, 0x4A07, 0x4A07, 0x4A07, 0x000C, 0x000C, 0x4A07, 0x4A07, 0x4A07,
  0x2966, 0x2966, 0x2966, 0x000C, 0x000C, 0x2966, 0x2966, 0x4A07, 0x2966, 0x2966, 0x000C, 0xFFFF,
  0xFFFF, 0x000C, 0x4A07, 0x4A07, 0x4A07, 0x4A07, 0x4A07, 0x000C, 0x000C, 0x4A07, 0x4A07, 0x4A07,
  0x2966, 0x2966, 0x2966, 0x000C, 0x000C, 0x2966, 0x2966, 0x4A07, 0x2966, 0x2966, 0x000C, 0xFFFF,
  0xFFFF, 0x000C, 0x4A07, 0x4A07, 0x4A07, 0x4A07, 0x4A07, 0x000C, 0x000C, 0x4A07, 0x4A07, 0x4A07,
  0x2966, 0x2966, 0x2966, 0x000C, 0x000C, 0x2966, 0x2966, 0x4A07, 0x2966, 0x2966, 0x000C, 0xFFFF,
  0xFFFF, 0x000C, 0x000C, 0xE7F3, 0xE7F3, 0xE7F3, 0xC74D, 0xE7F3, 0xC74D, 0xA628, 0x8546, 0x000C,
  0xFFFF, 0xFFFF, 0xFFFF, 0x000C, 0x3C83, 0x6E86, 0x3C83, 0x4D24, 0x1BC0, 0x1BC0, 0x000C, 0xFFFF,
  0xFFFF, 0x000C, 0x000C, 0xE7F3, 0xE7F3, 0xE7F3, 0xC74D, 0xE7F3, 0xC74D, 0xA628, 0x8546, 0x000C,
  0xFFFF, 0xFFFF, 0xFFFF, 0x000C, 0x3C83, 0x6E86, 0x3C83, 0x4D24, 0x1BC0, 0x1BC0, 0x000C, 0xFFFF,
  0xFFFF, 0xFFFF, 0x000C, 0x000C, 0xE7F3, 0xE7F3, 0xE7F3, 0xC74D, 0xE7F3, 0xC74D, 0xA628, 0x8546,
  0x000C, 0xFFFF, 0xFFFF, 0xFFFF, 0xFFFF, 0xFFFF, 0xFFFF, 0xFFFF, 0xFFFF, 0xFFFF, 0xFFFF, 0xFFFF,
  0xFFFF, 0xFFFF, 0xFFFF, 0x000C, 0xFFFF, 0xE695, 0xCD0C, 0x000C, 0x000C, 0xB6BF, 0xB6BF, 0xB6BF,
  0xE7BF, 0xE7BF, 0xE7BF, 0xB6BF, 0xB6BF, 0xB6BF, 0xB6BF, 0xB6BF, 0x000C, 0x000C, 0xFFFF, 0xFFFF,
  0xFFFF, 0xFFFF, 0xFFFF, 0xFFFF, 0x000C, 0xFFFF, 0xE695, 0xCD0C, 0x000C, 0x000C, 0xB6BF, 0xB6BF,
  0xB6BF, 0xE7BF, 0xE7BF, 0xE7BF, 0xB6BF, 0xB6BF, 0xB6BF, 0xB6BF, 0xB6BF, 0x000C, 0xFFFF, 0xFFFF,
  0xFFFF, 0xFFFF, 0xFFFF, 0xFFFF, 0xFFFF, 0xFFFF, 0x000C, 0xFFFF, 0xE695, 0xCD0C, 0x000C, 0x000C,
  0xB6BF, 0xB6BF, 0xB6BF, 0xE7BF, 0xE7BF, 0xE7BF, 0xB6BF, 0x000C, 0xFFFF, 0xFFFF, 0xFFFF, 0xFFFF,
  0xFFFF, 0x000C, 0xFD77, 0xFD77, 0xFD77, 0xFD77, 0xFD77, 0xFD77, 0x000C, 0x000C, 0x000C, 0x000C,
  0x000C, 0x000C, 0x000C, 0x000C, 0xFD77, 0xFD77, 0xFD77, 0xFD77, 0xFD77, 0xE3D1, 0x000C, 0xFFFF,
  0xFFFF, 0x000C, 0xFD77, 0xFD77, 0xFD77, 0xFD77, 0xFD77, 0xFD77, 0x000C, 0x000C, 0x000C, 0x000C,
  0x000C, 0x000C, 0x000C, 0x000C, 0xFD77, 0xFD77, 0xFD77, 0xFD77, 0xFD77, 0xE3D1, 0x000C, 0xFFFF,
  0xFFFF, 0x000C, 0xFD77, 0xFD77, 0xFD77, 0xFD77, 0xFD77, 0xFD77, 0x000C, 0x000C, 0x000C, 0x000C,
  0x000C, 0x000C, 0x000C, 0x000C, 0xFD77, 0xFD77, 0xFD77, 0xFD77, 0xFD77, 0xE3D1, 0x000C, 0xFFFF,
  0xFFFF, 0xFFFF, 0x000C, 0xD614, 0xF73A, 0xFFFF, 0xFFFF, 0xFFFF, 0xFFFF, 0xFFFF, 0xFFFF, 0xFFFF,
  0xFFFF, 0xFFFF, 0xFFFF, 0xFFFF, 0xFFFF, 0xFFFF, 0xFFFF, 0xFFFF, 0xF73A, 0x000C, 0xFFFF, 0xFFFF,
  0xFFFF, 0xFFFF, 0xFFFF, 0x000C, 0xD614, 0xF73A, 0xFFFF, 0xFFFF, 0xFFFF, 0xFFFF, 0x61E4, 0x9B69,
  0x82A6, 0x61E4, 0x61E4, 0x82A6, 0x61E4, 0x61E4, 0x82A6, 0x82A6, 0xFFFF, 0x000C, 0xFFFF, 0xFFFF,
  0xFFFF, 0xFFFF, 0xFFFF, 0xFFFF, 0xFFFF, 0xFFFF, 0xFFFF, 0x000C, 0xD614, 0xF73A, 0xFFFF, 0xFFFF,
  0xFFFF, 0x61E4, 0x61E4, 0x82A6, 0xFFFF, 0x000C, 0xFFFF, 0xFFFF, 0xFFFF, 0xFFFF, 0xFFFF, 0xFFFF,
  0xFFFF, 0xFFFF, 0xFFFF, 0x000C, 0xFF2F, 0xE524, 0xBBA5, 0x000C, 0x000C, 0x0011, 0x000C, 0x0011,
  0x000C, 0x0011, 0x000C, 0x0011, 0x000C, 0xE524, 0xE524, 0xBBA5, 0x000C, 0xFFFF, 0xFFFF, 0xFFFF,
  0xFFFF, 0xFFFF, 0xFFFF, 0x000C, 0xFF2F, 0xE524, 0xBBA5, 0x000C, 0x000C, 0x0011, 0x000C, 0x0011,
  0x000C, 0x0011, 0x000C, 0x0011, 0x000C, 0xE524, 0xE524, 0xBBA5, 0x000C, 0xFFFF, 0xFFFF, 0xFFFF,
  0xFFFF, 0xFFFF, 0xFFFF, 0xFFFF, 0x000C, 0xFF2F, 0xE524, 0xE524, 0xE524, 0x000C, 0x0011, 0x000C,
  0xBBA5, 0xBBA5, 0x000C, 0xFFFF, 0xFFFF, 0xFFFF, 0xFFFF, 0xFFFF, 0xFFFF, 0xFFFF, 0xFFFF, 0xFFFF,
  0xFFFF, 0xFFFF, 0x000C, 0x47BA, 0x000C, 0x000C, 0x000C, 0x000C, 0x000C, 0x000C, 0x000C, 0x000C,
  0x000C, 0xFFFF, 0xFFFF, 0xFFFF, 0xFFFF, 0xFFFF, 0xFFFF, 0xFFFF, 0xFFFF, 0xFFFF, 0xFFFF, 0xFFFF,
  0xFFFF, 0xFFFF, 0xFFFF, 0xFFFF, 0x000C, 0x47BA, 0x000C, 0x000C, 0x000C, 0x000C, 0x000C, 0x000C,
  0x000C, 0x000C, 0x000C, 0xFFFF, 0xFFFF, 0xFFFF, 0xFFFF, 0xFFFF, 0xFFFF, 0xFFFF, 0xFFFF, 0xFFFF,
  0xFFFF, 0xFFFF, 0xFFFF, 0xFFFF, 0x000C, 0x47BA, 0x000C, 0x000C, 0x000C, 0x000C, 0x000C, 0x000C,
  0x000C, 0x000C, 0x000C, 0xFFFF, 0xFFFF, 0xFFFF, 0xFFFF, 0xFFFF, 0xFFFF, 0xFFFF, 0xFFFF, 0xFFFF,
  0x000C, 0xFF11, 0xFF11, 0xFF11, 0xFF11, 0xFF11, 0x000C, 0xFFFF, 0xFFFF, 0x000C, 0xFF11, 0xFF11,
  0x000C, 0xFFFF, 0xFFFF, 0x000C, 0xFF11, 0xFF11, 0x000C, 0xFFFF, 0xFFFF, 0x000C, 0xFF11, 0x000C,
  0x000C, 0xFF11, 0xFF11, 0xFF11, 0xFF11, 0xFF11, 0x000C, 0xFFFF, 0xFFFF, 0x000C, 0xFF11, 0xFF11,
  0xFF11, 0xFF11, 0xFF11, 0xFF11, 0xFF11, 0xFF11, 0xFF11, 0xFF11, 0xFF11, 0xFF11, 0xFF11, 0x000C,
  0x000C, 0xFF11, 0xFF11, 0xFF11, 0xFF11, 0xFF11, 0xFF11, 0xFF11, 0xFF11, 0xFF11, 0xFF11, 0xFF11,
  0xFF11, 0xFF11, 0xFF11, 0xFF11, 0xFF11, 0xFF11, 0xFF11, 0xFF11, 0xFF11, 0xFF11, 0xFF11, 0x000C,
  0xFFFF, 0x000C, 0xEDA6, 0xEDA6, 0xEDA6, 0x000C, 0x000C, 0x000C, 0x8A60, 0x9AC1, 0x9AC1, 0x9AC1,
  0x8A60, 0x9AC1, 0x9AC1, 0x8A60, 0x000C, 0x000C, 0x000C, 0xEDA6, 0xEDA6, 0xEDA6, 0x000C, 0xFFFF,
  0xFFFF, 0xFFFF, 0xFFFF, 0x000C, 0xEDA6, 0xEDA6, 0xEDA6, 0x000C, 0x000C, 0x000C, 0x8A60, 0x9AC1,
  0x9AC1, 0x000C, 0x8A60, 0x000C, 0xEDA6, 0xEDA6, 0xEDA6, 0xEDA6, 0x000C, 0xFFFF, 0xFFFF, 0xFFFF,
  0xFFFF, 0xFFFF, 0xFFFF, 0xFFFF, 0xFFFF, 0xFFFF, 0x000C, 0x000C, 0x9AC1, 0x9AC1, 0x000C, 0x9AC1,
  0x000C, 0xEDA6, 0xEDA6, 0xEDA6, 0xEDA6, 0x000C, 0xFFFF, 0xFFFF, 0xFFFF, 0xFFFF, 0xFFFF, 0xFFFF,
  0x000C, 0xFF92, 0x000C, 0x000C, 0xFF92, 0xFE68, 0x9243, 0x9243, 0x9243, 0x9243, 0x9243, 0x9243,
  0x9243, 0x9243, 0x9243, 0x9243, 0x9243, 0x9243, 0xFE68, 0xE524, 0x000C, 0x000C, 0xE524, 0x000C,
  0xFFFF, 0x000C, 0xFF92, 0x000C, 0x000C, 0xFF92, 0xFE68, 0x9243, 0x9243, 0x9243, 0x9243, 0x9243,
  0x9243, 0x9243, 0x000C, 0xFF92, 0x4886, 0x4886, 0x4886, 0x4886, 0xFE68, 0x000C, 0xFFFF, 0xFFFF,
  0xFFFF, 0xFFFF, 0xFFFF, 0xFFFF, 0xFFFF, 0x000C, 0xDD49, 0xC367, 0xC367, 0x000C, 0xFF92, 0x4886,
  0x4886, 0x4886, 0x4886, 0x4886, 0xFE68, 0x000C, 0xFFFF, 0xFFFF, 0xFFFF, 0xFFFF, 0xFFFF, 0xFFFF,
  0xFFFF, 0xFFFF, 0x000C, 0xFAD3, 0xB1AE, 0xB1AE, 0xB1AE, 0xB1AE, 0xB1AE, 0xB1AE, 0xB1AE, 0xB1AE,
  0xB1AE, 0xB1AE, 0xB1AE, 0x6008, 0x000C, 0xFFFF, 0xFFFF, 0xFFFF, 0xFFFF, 0xFFFF, 0xFFFF, 0xFFFF,
  0xFFFF, 0xFFFF, 0xFFFF, 0x000C, 0xFAD3, 0xB1AE, 0xB1AE, 0xB1AE, 0xB1AE, 0xB1AE, 0xB1AE, 0xB1AE,
  0xB1AE, 0xB1AE, 0xB1AE, 0xB1AE, 0x6008, 0x000C, 0xFFFF, 0xFFFF, 0xFFFF, 0xFFFF, 0xFFFF, 0xFFFF,
  0xFFFF, 0xFFFF, 0xFFFF, 0xFFFF, 0xFFFF, 0x000C, 0xFAD3, 0xB1AE, 0xB1AE, 0xB1AE, 0xB1AE, 0xB1AE,
  0xB1AE, 0xB1AE, 0xB1AE, 0xB1AE, 0xFFF3, 0xFDC0, 0x000C, 0xFFFF, 0xFFFF, 0xFFFF, 0xFFFF, 0xFFFF,
  0x000C, 0xB52C, 0xDE72, 0xEF58, 0x000C, 0xFFFF, 0xEF58, 0x000C, 0xEF58, 0x000C, 0xFFFF, 0xFFFF,
  0xFFFF, 0xFFFF, 0xFFFF, 0xFFFF, 0xFFFF, 0xFFFF, 0xFFFF, 0xFFFF, 0xFFFF, 0xFFFF, 0xFFFF, 0xFFFF,
  0xFFFF, 0x000C, 0x000C, 0xFFFF, 0xEF58, 0x000C, 0xFFFF, 0x000C, 0xFFFF, 0xEF58, 0x000C, 0xFFFF,
  0xFFFF, 0xFFFF, 0xFFFF, 0xFFFF, 0xFFFF, 0xFFFF, 0xFFFF, 0xFFFF, 0xFFFF, 0xFFFF, 0xFFFF, 0xFFFF,
  0xFFFF, 0xFFFF, 0xFFFF, 0xFFFF, 0xFFFF, 0x000C, 0xFFFF, 0xEF58, 0x000C, 0xFFFF, 0xFFFF, 0xFFFF,
  0xFFFF, 0xFFFF, 0xFFFF, 0xFFFF, 0xFFFF, 0xFFFF, 0xFFFF, 0xFFFF, 0xFFFF, 0xFFFF, 0xFFFF, 0xFFFF,
  0xFFFF, 0xFFFF, 0x000C, 0x4A07, 0x4A07, 0x4A07, 0x4A07, 0x4A07, 0x4A07, 0x000C, 0x000C, 0x000C,
  0x000C, 0x000C, 0x000C, 0x2966, 0x2966, 0x4A07, 0x4A07, 0x2966, 0x2966, 0x000C, 0xFFFF, 0xFFFF,
  0xFFFF, 0xFFFF, 0x000C, 0x4A07, 0x4A07, 0x4A07, 0x4A07, 0x4A07, 0x4A07, 0x000C, 0x000C, 0x000C,
  0x000C, 0x000C, 0x000C, 0x2966, 0x2966, 0x4A07, 0x4A07, 0x2966, 0x2966, 0x000C, 0xFFFF, 0xFFFF,
  0xFFFF, 0xFFFF, 0x000C, 0x4A07, 0x4A07, 0x4A07, 0x4A07, 0x4A07, 0x4A07, 0x000C, 0x000C, 0x000C,
  0x000C, 0x000C, 0x000C, 0x2966, 0x2966, 0x4A07, 0x4A07, 0x2966, 0x2966, 0x000C, 0xFFFF, 0xFFFF,
  0x000C, 0xC74D, 0xE7F3, 0xC74D, 0xE7F3, 0xE7F3, 0xA628, 0xC74D, 0xA628, 0x000C, 0x000C, 0xFFFF,
  0xFFFF, 0xFFFF, 0xFFFF, 0x000C, 0x1BC0, 0x3C83, 0x4D24, 0x1BC0, 0x000C, 0x000C, 0xFFFF, 0xFFFF,
  0x000C, 0xC74D, 0xE7F3, 0xC74D, 0xE7F3, 0xE7F3, 0xA628, 0xC74D, 0xA628, 0x000C, 0x000C, 0xFFFF,
  0xFFFF, 0xFFFF, 0xFFFF, 0x000C, 0x1BC0, 0x3C83, 0x4D24, 0x1BC0, 0x000C, 0x000C, 0xFFFF, 0xFFFF,
  0xFFFF, 0x000C, 0xC74D, 0xE7F3, 0xC74D, 0xE7F3, 0xE7F3, 0xA628, 0xC74D, 0xA628, 0x000C, 0x000C,
  0xFFFF, 0xFFFF, 0xFFFF, 0xFFFF, 0xFFFF, 0xFFFF, 0xFFFF, 0xFFFF, 0xFFFF, 0xFFFF, 0xFFFF, 0xFFFF,
  0xFFFF, 0xFFFF, 0x000C, 0xFFFF, 0xE695, 0xCD0C, 0x000C, 0xFFFF, 0xFFFF, 0x000C, 0xB6BF, 0xB6BF,
  0xB6BF, 0xB6BF, 0xB6BF, 0x000C, 0x000C, 0x000C, 0x000C, 0x000C, 0xFFFF, 0xFFFF, 0xFFFF, 0xFFFF,
  0xFFFF, 0xFFFF, 0xFFFF, 0x000C, 0xFFFF, 0xE695, 0xCD0C, 0x000C, 0xFFFF, 0xFFFF, 0x000C, 0xB6BF,
  0xB6BF, 0xB6BF, 0xB6BF, 0xB6BF, 0x000C, 0x000C, 0x000C, 0x000C, 0x000C, 0xFFFF, 0xFFFF, 0xFFFF,
  0xFFFF, 0xFFFF, 0xFFFF, 0xFFFF, 0xFFFF, 0x000C, 0xFFFF, 0xE695, 0xCD0C, 0x000C, 0xFFFF, 0xFFFF,
  0x000C, 0xB6BF, 0xB6BF, 0xB6BF, 0xB6BF, 0xB6BF, 0x000C, 0xFFFF, 0xFFFF, 0xFFFF, 0xFFFF, 0xFFFF,
  0xFFFF, 0x000C, 0xFD77, 0xFD77, 0xFD77, 0xFD77, 0xFD77, 0xFD77, 0xFD77, 0xFD77, 0xFD77, 0xFD77,
  0xFD77, 0xFD77, 0xFD77, 0xFD77, 0xFD77, 0xFD77, 0xFD77, 0xFD77, 0xFD77, 0xE3D1, 0x000C, 0xFFFF,
  0xFFFF, 0x000C, 0xFD77, 0xFD77, 0xFD77, 0xFD77, 0xFD77, 0xFD77, 0xFD77, 0xFD77, 0xFD77, 0xFD77,
  0xFD77, 0xFD77, 0xFD77, 0xFD77, 0xFD77, 0xFD77, 0xFD77, 0xFD77, 0xFD77, 0xE3D1, 0x000C, 0xFFFF,
  0xFFFF, 0x000C, 0xFD77, 0xFD77, 0xFD77, 0xFD77, 0xFD77, 0xFD77, 0xFD77, 0xFD77, 0xFD77, 0xFD77,
  0xFD77, 0xFD77, 0xFD77, 0xFD77, 0xFD77, 0xFD77, 0xFD77, 0xFD77, 0xFD77, 0xE3D1, 0x000C, 0xFFFF,
  0xFFFF, 0xFFFF, 0x000C, 0xD614, 0xF73A, 0xFFFF, 0xFFFF, 0xFFFF, 0xFFFF, 0xFFFF, 0xFFFF, 0xFFFF,
  0xFFFF, 0xFFFF, 0xFFFF, 0xFFFF, 0xFFFF, 0xFFFF, 0xFFFF, 0xFFFF, 0xF73A, 0x000C, 0xFFFF, 0xFFFF,
  0xFFFF, 0xFFFF, 0xFFFF, 0x000C, 0xD614, 0xF73A, 0xFFFF, 0xFFFF, 0xFFFF, 0xFFFF, 0x61E4, 0x61E4,
  0x82A6, 0x82A6, 0x61E4, 0x9B69, 0x82A6, 0x82A6, 0x82A6, 0xF73A, 0xF73A, 0x000C, 0xFFFF, 0xFFFF,
  0xFFFF, 0xFFFF, 0xFFFF, 0xFFFF, 0xFFFF, 0xFFFF, 0xFFFF, 0x000C, 0xD614, 0xF73A, 0xFFFF, 0xFFFF,
  0xFFFF, 0x82A6, 0x82A6, 0x82A6, 0xFFFF, 0x000C, 0xFFFF, 0xFFFF, 0xFFFF, 0xFFFF, 0xFFFF, 0xFFFF,
  0xFFFF, 0xFFFF, 0xFFFF, 0x000C, 0xFF2F, 0xE524, 0xE524, 0x000C, 0x0011, 0x000C, 0x0011, 0x000C,
  0x0011, 0x000C, 0x0011, 0x000C, 0x000C, 0xBBA5, 0xE524, 0xBBA5, 0x000C, 0xFFFF, 0xFFFF, 0xFFFF,
  0xFFFF, 0xFFFF, 0xFFFF, 0x000C, 0xFF2F, 0xE524, 0xE524, 0x000C, 0x0011, 0x000C, 0x0011, 0x000C,
  0x0011, 0x000C, 0x0011, 0x000C, 0x000C, 0xBBA5, 0xE524, 0xBBA5, 0x000C, 0xFFFF, 0xFFFF, 0xFFFF,
  0xFFFF, 0xFFFF, 0xFFFF, 0xFFFF, 0xFFFF, 0x000C, 0xFF2F, 0xE524, 0xBBA5, 0x000C, 0x000C, 0xBBA5,
  0xBBA5, 0x000C, 0xFFFF, 0xFFFF, 0xFFFF, 0xFFFF, 0xFFFF, 0xFFFF, 0xFFFF, 0xFFFF, 0xFFFF, 0xFFFF,
  0xFFFF, 0x000C, 0xFFFF, 0x47BA, 0x000C, 0xFF80, 0xFF80, 0xFF80, 0xFF80, 0x000C, 0x000C, 0xFFFF,
  0xFFFF, 0xFFFF, 0xFFFF, 0xFFFF, 0xFFFF, 0xFFFF, 0xFFFF, 0xFFFF, 0xFFFF, 0xFFFF, 0xFFFF, 0xFFFF,
  0xFFFF, 0xFFFF, 0xFFFF, 0x000C, 0xFFFF, 0x47BA, 0x000C, 0xFF80, 0xFF80, 0xFF80, 0xFF80, 0x000C,
  0x000C, 0xFFFF, 0xFFFF, 0xFFFF, 0xFFFF, 0xFFFF, 0xFFFF, 0xFFFF, 0xFFFF, 0xFFFF, 0xFFFF, 0xFFFF,
  0xFFFF, 0xFFFF, 0xFFFF, 0x000C, 0xFFFF, 0x47BA, 0x000C, 0xFF80, 0xFF80, 0xFF80, 0xFF80, 0x000C,
  0x000C, 0xFFFF, 0xFFFF, 0xFFFF, 0xFFFF, 0xFFFF, 0xFFFF, 0xFFFF, 0xFFFF, 0xFFFF, 0xFFFF, 0xFFFF,
  0x000C, 0x000C, 0x000C, 0x000C, 0x000C, 0x000C, 0x000C, 0x000C, 0x000C, 0x000C, 0x000C, 0x000C,
  0x000C, 0x000C, 0x000C, 0x000C, 0x000C, 0x000C, 0x000C, 0x000C, 0x000C, 0x000C, 0x000C, 0x000C,
  0x000C, 0x000C, 0x000C, 0x000C, 0x000C, 0x000C, 0x000C, 0x000C, 0x000C, 0x000C, 0x000C, 0x000C,
  0x000C, 0x000C, 0x000C, 0x000C, 0x000C, 0x000C, 0x000C, 0x000C, 0x000C, 0x000C, 0x000C, 0x000C,
  0x000C, 0x000C, 0x000C, 0x000C, 0x000C, 0x000C, 0x000C, 0x000C, 0x000C, 0x000C, 0x000C, 0x000C,
  0x000C, 0x000C, 0x000C, 0x000C, 0x000C, 0x000C, 0x000C, 0x000C, 0x000C, 0x000C, 0x000C, 0x000C,
  0xFFFF, 0x000C, 0xE442, 0xEDA6, 0xEDA6, 0xEDA6, 0xEDA6, 0xEDA6, 0x000C, 0x000C, 0x000C, 0x000C,
  0x000C, 0x000C, 0x000C, 0x000C, 0xEDA6, 0xEDA6, 0xEDA6, 0xEDA6, 0xEDA6, 0xE442, 0x000C, 0xFFFF,
  0xFFFF, 0xFFFF, 0xFFFF, 0x000C, 0xE442, 0xEDA6, 0xEDA6, 0xEDA6, 0xEDA6, 0xEDA6, 0x000C, 0x000C,
  0x000C, 0x000C, 0x000C, 0xEDA6, 0xEDA6, 0xEDA6, 0xE442, 0xE442, 0x000C, 0xFFFF, 0xFFFF, 0xFFFF,
  0xFFFF, 0xFFFF, 0xFFFF, 0xFFFF, 0xFFFF, 0xFFFF, 0x000C, 0xEDA6, 0x000C, 0x000C, 0x000C, 0x000C,
  0xEDA6, 0xEDA6, 0xEDA6, 0xE442, 0xE442, 0x000C, 0xFFFF, 0xFFFF, 0xFFFF, 0xFFFF, 0xFFFF, 0xFFFF,
  0xFFFF, 0x000C, 0xFF92, 0xFE68, 0x000C, 0x000C, 0xFF92, 0xFF92, 0xFF92, 0xFF92, 0xFF92, 0xFF92,
  0xFF92, 0xFF92, 0xFF92, 0xFF92, 0xFE68, 0xE524, 0x000C, 0x000C, 0xFE68, 0xE524, 0x000C, 0xFFFF,
  0xFFFF, 0xFFFF, 0x000C, 0xFF92, 0xFE68, 0x000C, 0x000C, 0xFF92, 0xFF92, 0xFF92, 0xFF92, 0xFF92,
  0xFF92, 0x000C, 0xFF92, 0x4886, 0x4886, 0x4886, 0x4886, 0xFE68, 0x000C, 0xFFFF, 0xFFFF, 0xFFFF,
  0xFFFF, 0xFFFF, 0xFFFF, 0xFFFF, 0xFFFF, 0x000C, 0xFF92, 0x9243, 0xC367, 0x000C, 0xFF92, 0x4886,
  0x4886, 0x4886, 0x4886, 0xFE68, 0x000C, 0xFFFF, 0xFFFF, 0xFFFF, 0xFFFF, 0xFFFF, 0xFFFF, 0xFFFF,
  0xFFFF, 0x000C, 0xFAD3, 0xB1AE, 0xB1AE, 0xB1AE, 0xB1AE, 0xB1AE, 0xB1AE, 0xB1AE, 0xB1AE, 0xB1AE,
  0xB1AE, 0x6008, 0x6008, 0x000C, 0xFFFF, 0xFFFF, 0xFFFF, 0xFFFF, 0xFFFF, 0xFFFF, 0xFFFF, 0xFFFF,
  0xFFFF, 0xFFFF, 0x000C, 0xFAD3, 0xB1AE, 0xB1AE, 0xB1AE, 0xB1AE, 0xB1AE, 0xB1AE, 0xB1AE, 0xB1AE,
  0xB1AE, 0xB1AE, 0x6008, 0x6008, 0x000C, 0xFFFF, 0xFFFF, 0xFFFF, 0xFFFF, 0xFFFF, 0xFFFF, 0xFFFF,
  0xFFFF, 0xFFFF, 0xFFFF, 0xFFFF, 0x000C, 0xFAD3, 0xB1AE, 0xB1AE, 0xB1AE, 0xB1AE, 0xB1AE, 0xB1AE,
  0xB1AE, 0xB1AE, 0xB1AE, 0xB1AE, 0x6008, 0x000C, 0x000C, 0xFFFF, 0xFFFF, 0xFFFF, 0xFFFF, 0xFFFF,
  0xFFFF, 0x000C, 0xB52C, 0x000C, 0xFFFF, 0xEF58, 0x000C, 0xEF58, 0x000C, 0xFFFF, 0xFFFF, 0xFFFF,
  0xFFFF, 0xFFFF, 0xFFFF, 0xFFFF, 0xFFFF, 0xFFFF, 0xFFFF, 0xFFFF, 0xFFFF, 0xFFFF, 0xFFFF, 0xFFFF,
  0x000C, 0xB52C, 0xDE72, 0xEF58, 0x000C, 0xFFFF, 0x000C, 0xFFFF, 0xEF58, 0x000C, 0xFFFF, 0xFFFF,
  0xFFFF, 0xFFFF, 0xFFFF, 0xFFFF, 0xFFFF, 0xFFFF, 0xFFFF, 0xFFFF, 0xFFFF, 0xFFFF, 0xFFFF, 0xFFFF,
  0xFFFF, 0xFFFF, 0xFFFF, 0xFFFF, 0x000C, 0xFFFF, 0xEF58, 0x000C, 0xFFFF, 0xFFFF, 0xFFFF, 0xFFFF,
  0xFFFF, 0xFFFF, 0xFFFF, 0xFFFF, 0xFFFF, 0xFFFF, 0xFFFF, 0xFFFF, 0xFFFF, 0xFFFF, 0xFFFF, 0xFFFF,
  0xFFFF, 0xFFFF, 0xFFFF, 0x000C, 0x4A07, 0x4A07, 0x4A07, 0x4A07, 0x4A07, 0x4A07, 0x4A07, 0x4A07,
  0x4A07, 0x4A07, 0x4A07, 0x4A07, 0x4A07, 0x2966, 0x2966, 0x2966, 0x000C, 0xFFFF, 0xFFFF, 0xFFFF,
  0xFFFF, 0xFFFF, 0xFFFF, 0x000C, 0x4A07, 0x4A07, 0x4A07, 0x4A07, 0x4A07, 0x4A07, 0x4A07, 0x4A07,
  0x4A07, 0x4A07, 0x4A07, 0x4A07, 0x4A07, 0x2966, 0x2966, 0x2966, 0x000C, 0xFFFF, 0xFFFF, 0xFFFF,
  0xFFFF, 0xFFFF, 0xFFFF, 0x000C, 0x4A07, 0x4A07, 0x4A07, 0x4A07, 0x4A07, 0x4A07, 0x4A07, 0x4A07,
  0x4A07, 0x4A07, 0x4A07, 0x4A07, 0x4A07, 0x2966, 0x2966, 0x2966, 0x000C, 0xFFFF, 0xFFFF, 0xFFFF,
  0x000C, 0xA628, 0xC74D, 0xE7F3, 0xE7F3, 0xC74D, 0xC74D, 0xA628, 0x000C, 0xFFFF, 0xFFFF, 0xFFFF,
  0xFFFF, 0xFFFF, 0xFFFF, 0xFFFF, 0x000C, 0x1BC0, 0x1BC0, 0x000C, 0xFFFF, 0xFFFF, 0xFFFF, 0xFFFF,
  0x000C, 0xA628, 0xC74D, 0xE7F3, 0xE7F3, 0xC74D, 0xC74D, 0xA628, 0x000C, 0xFFFF, 0xFFFF, 0xFFFF,
  0xFFFF, 0xFFFF, 0xFFFF, 0xFFFF, 0x000C, 0x1BC0, 0x1BC0, 0x000C, 0xFFFF, 0xFFFF, 0xFFFF, 0xFFFF,
  0xFFFF, 0x000C, 0xA628, 0xC74D, 0xE7F3, 0xE7F3, 0xC74D, 0xC74D, 0xA628, 0x000C, 0xFFFF, 0xFFFF,
  0xFFFF, 0xFFFF, 0xFFFF, 0xFFFF, 0xFFFF, 0xFFFF, 0xFFFF, 0xFFFF, 0xFFFF, 0xFFFF, 0xFFFF, 0xFFFF,
  0xFFFF, 0x000C, 0xFFFF, 0xE695, 0xCD0C, 0x000C, 0xFFFF, 0xFFFF, 0xFFFF, 0xFFFF, 0x000C, 0x000C,
  0x000C, 0x000C, 0x000C, 0xFFFF, 0xFFFF, 0xFFFF, 0xFFFF, 0xFFFF, 0xFFFF, 0xFFFF, 0xFFFF, 0xFFFF,
  0xFFFF, 0xFFFF, 0x000C, 0xFFFF, 0xE695, 0xCD0C, 0x000C, 0xFFFF, 0xFFFF, 0xFFFF, 0xFFFF, 0x000C,
  0x000C, 0x000C, 0x000C, 0x000C, 0xFFFF, 0xFFFF, 0xFFFF, 0xFFFF, 0xFFFF, 0xFFFF, 0xFFFF, 0xFFFF,
  0xFFFF, 0xFFFF, 0xFFFF, 0xFFFF, 0x000C, 0xFFFF, 0xE695, 0xCD0C, 0x000C, 0xFFFF, 0xFFFF, 0xFFFF,
  0xFFFF, 0x000C, 0x000C, 0x000C, 0x000C, 0x000C, 0xFFFF, 0xFFFF, 0xFFFF, 0xFFFF, 0xFFFF, 0xFFFF,
  0xFFFF, 0xFFFF, 0x000C, 0xFD77, 0xFD77, 0xFD77, 0xFD77, 0xFD77, 0xFD77, 0xFD77, 0xFD77, 0xFD77,
  0xFD77, 0xFD77, 0xFD77, 0xFD77, 0xFD77, 0xFD77, 0xFD77, 0xFD77, 0xE3D1, 0x000C, 0xFFFF, 0xFFFF,
  0xFFFF, 0xFFFF, 0x000C, 0xFD77, 0xFD77, 0xFD77, 0xFD77, 0xFD77, 0xFD77, 0xFD77, 0xFD77, 0xFD77,
  0xFD77, 0xFD77, 0xFD77, 0xFD77, 0xFD77, 0xFD77, 0xFD77, 0xFD77, 0xE3D1, 0x000C, 0xFFFF, 0xFFFF,
  0xFFFF, 0xFFFF, 0x000C, 0xFD77, 0xFD77, 0xFD77, 0xFD77, 0xFD77, 0xFD77, 0xFD77, 0xFD77, 0xFD77,
  0xFD77, 0xFD77, 0xFD77, 0xFD77, 0xFD77, 0xFD77, 0xFD77, 0xFD77, 0xE3D1, 0x000C, 0xFFFF, 0xFFFF,
  0xFFFF, 0xFFFF, 0xFFFF, 0x000C, 0xD614, 0xF73A, 0xF73A, 0xFFFF, 0xFFFF, 0xFFFF, 0xFFFF, 0xFFFF,
  0xFFFF, 0xFFFF, 0xFFFF, 0xFFFF, 0xFFFF, 0xFFFF, 0xFFFF, 0xF73A, 0x000C, 0xFFFF, 0xFFFF, 0xFFFF,
  0xFFFF, 0xFFFF, 0xFFFF, 0xFFFF, 0x000C, 0xD614, 0xF73A, 0xF73A, 0xFFFF, 0xFFFF, 0x82A6, 0x82A6,
  0x82A6, 0x82A6, 0x61E4, 0x61E4, 0x82A6, 0xF73A, 0xF73A, 0x000C, 0x000C, 0xFFFF, 0xFFFF, 0xFFFF,
  0xFFFF, 0xFFFF, 0xFFFF, 0xFFFF, 0xFFFF, 0xFFFF, 0xFFFF, 0xFFFF, 0x000C, 0xD614, 0xF73A, 0xF73A,
  0xFFFF, 0xFFFF, 0x82A6, 0x82A6, 0xFFFF, 0x000C, 0xFFFF, 0xFFFF, 0xFFFF, 0xFFFF, 0xFFFF, 0xFFFF,
  0xFFFF, 0xFFFF, 0xFFFF, 0xFFFF, 0x000C, 0xFF2F, 0xE524, 0x000C, 0x000C, 0x0011, 0x000C, 0x0011,
  0x000C, 0x0011, 0x000C, 0x0011, 0x000C, 0xE524, 0xBBA5, 0x000C, 0xFFFF, 0xFFFF, 0xFFFF, 0xFFFF,
  0xFFFF, 0xFFFF, 0xFFFF, 0xFFFF, 0x000C, 0xFF2F, 0xE524, 0x000C, 0x000C, 0x0011, 0x000C, 0x0011,
  0x000C, 0x0011, 0x000C, 0x0011, 0x000C, 0xE524, 0xBBA5, 0x000C, 0xFFFF, 0xFFFF, 0xFFFF, 0xFFFF,
  0xFFFF, 0xFFFF, 0xFFFF, 0xFFFF, 0xFFFF, 0x000C, 0xFF2F, 0xE524, 0xE524, 0x000C, 0x0011, 0xBBA5,
  0x000C, 0xFFFF, 0xFFFF, 0xFFFF, 0xFFFF, 0xFFFF, 0xFFFF, 0xFFFF, 0xFFFF, 0xFFFF, 0xFFFF, 0xFFFF,
  0xFFFF, 0x000C, 0xFFFF, 0x47BA, 0x000C, 0xFFFF, 0xFFFF, 0x000C, 0x000C, 0xFFFF, 0xFFFF, 0xFFFF,
  0xFFFF, 0xFFFF, 0xFFFF, 0xFFFF, 0xFFFF, 0xFFFF, 0xFFFF, 0xFFFF, 0xFFFF, 0xFFFF, 0xFFFF, 0xFFFF,
  0xFFFF, 0xFFFF, 0xFFFF, 0x000C, 0xFFFF, 0x47BA, 0x000C, 0xFFFF, 0xFFFF, 0x000C, 0x000C, 0xFFFF,
  0xFFFF, 0xFFFF, 0xFFFF, 0xFFFF, 0xFFFF, 0xFFFF, 0xFFFF, 0xFFFF, 0xFFFF, 0xFFFF, 0xFFFF, 0xFFFF,
  0xFFFF, 0xFFFF, 0xFFFF, 0x000C, 0xFFFF, 0x47BA, 0x000C, 0xFFFF, 0xFFFF, 0x000C, 0x000C, 0xFFFF,
  0xFFFF, 0xFFFF, 0xFFFF, 0xFFFF, 0xFFFF, 0xFFFF, 0xFFFF, 0xFFFF, 0xFFFF, 0xFFFF, 0xFFFF, 0xFFFF,
  0x000C, 0xE565, 0xE565, 0xE565, 0xE565, 0xE565, 0xE565, 0xE565, 0xE565, 0xE565, 0xE565, 0xE565,
  0xE565, 0xE565, 0xE565, 0xE565, 0xE565, 0xE565, 0xE565, 0xE565, 0xE565, 0xE565, 0xE565, 0x000C,
  0x000C, 0xE565, 0xE565, 0xE565, 0xE565, 0xE565, 0xE565, 0xE565, 0xE565, 0xE565, 0xE565, 0xE565,
  0xE565, 0xE565, 0xE565, 0xE565, 0xE565, 0xE565, 0xE565, 0xE565, 0xE565, 0xE565, 0xE565, 0x000C,
  0x000C, 0xE565, 0xE565, 0xE565, 0xE565, 0xE565, 0xE565, 0xE565, 0xE565, 0xE565, 0xE565, 0xE565,
  0xE565, 0xE565, 0xE565, 0xE565, 0xE565, 0xE565, 0xE565, 0xE565, 0xE565, 0xE565, 0xE565, 0x000C,
  0xFFFF, 0xFFFF, 0x000C, 0xE442, 0xE442, 0xEDA6, 0xEDA6, 0xEDA6, 0xEDA6, 0xEDA6, 0xEDA6, 0xEDA6,
  0xEDA6, 0xEDA6, 0xEDA6, 0xEDA6, 0xEDA6, 0xEDA6, 0xEDA6, 0xE442, 0xE442, 0x000C, 0xFFFF, 0xFFFF,
  0xFFFF, 0xFFFF, 0xFFFF, 0xFFFF, 0x000C, 0xE442, 0xE442, 0xEDA6, 0xEDA6, 0xEDA6, 0xEDA6, 0xEDA6,
  0xEDA6, 0x000C, 0xEDA6, 0xEDA6, 0xE442, 0xE442, 0x000C, 0x000C, 0xFFFF, 0xFFFF, 0xFFFF, 0xFFFF,
  0xFFFF, 0xFFFF, 0xFFFF, 0xFFFF, 0xFFFF, 0xFFFF, 0x000C, 0xEDA6, 0xEDA6, 0xEDA6, 0x000C, 0xEDA6,
  0xEDA6, 0xE442, 0xE442, 0x000C, 0x000C, 0xFFFF, 0xFFFF, 0xFFFF, 0xFFFF, 0xFFFF, 0xFFFF, 0xFFFF,
  0xFFFF, 0xFFFF, 0x000C, 0x9243, 0xFF92, 0xFE68, 0x000C, 0x000C, 0x000C, 0x000C, 0x000C, 0x000C,
  0x000C, 0x000C, 0x000C, 0x000C, 0x000C, 0x000C, 0xFE68, 0xE524, 0x9243, 0x000C, 0xFFFF, 0xFFFF,
  0xFFFF, 0xFFFF, 0xFFFF, 0x000C, 0x9243, 0xFF92, 0xFE68, 0x000C, 0x000C, 0x000C, 0x000C, 0x000C,
  0x000C, 0xFF92, 0x4886, 0x4886, 0x4886, 0x4886, 0xFE68, 0x000C, 0xFFFF, 0xFFFF, 0xFFFF, 0xFFFF,
  0xFFFF, 0xFFFF, 0xFFFF, 0xFFFF, 0xFFFF, 0x000C, 0x000C, 0xFF92, 0x000C, 0xFF92, 0x4886, 0x4886,
  0x4886, 0x4886, 0xFE68, 0x000C, 0xFFFF, 0xFFFF, 0xFFFF, 0xFFFF, 0xFFFF, 0xFFFF, 0xFFFF, 0xFFFF,
  0xFFFF, 0x000C, 0xFAD3, 0xB1AE, 0xB1AE, 0xB1AE, 0xB1AE, 0xB1AE, 0xB1AE, 0xB1AE, 0x6008, 0x6008,
  0x6008, 0x000C, 0x000C, 0xFFFF, 0xFFFF, 0xFFFF, 0xFFFF, 0xFFFF, 0xFFFF, 0xFFFF, 0xFFFF, 0xFFFF,
  0xFFFF, 0xFFFF, 0x000C, 0xFAD3, 0xB1AE, 0xB1AE, 0xB1AE, 0xB1AE, 0xB1AE, 0xB1AE, 0xB1AE, 0x6008,
  0x6008, 0x6008, 0x000C, 0x000C, 0xFFFF, 0xFFFF, 0xFFFF, 0xFFFF, 0xFFFF, 0xFFFF, 0xFFFF, 0xFFFF,
  0xFFFF, 0xFFFF, 0xFFFF, 0xFFFF, 0x000C, 0xFAD3, 0xB1AE, 0xB1AE, 0xB1AE, 0xB1AE, 0xB1AE, 0xB1AE,
  0xB1AE, 0x6008, 0x6008, 0x6008, 0x000C, 0x000C, 0xFFFF, 0xFFFF, 0xFFFF, 0xFFFF, 0xFFFF, 0xFFFF,
  0xFFFF, 0x000C, 0x000C, 0xFFFF, 0xEF58, 0x000C, 0xEF58, 0x000C, 0xFFFF, 0xFFFF, 0xFFFF, 0xFFFF,
  0xFFFF, 0xFFFF, 0xFFFF, 0xFFFF, 0xFFFF, 0xFFFF, 0xFFFF, 0xFFFF, 0xFFFF, 0xFFFF, 0xFFFF, 0xFFFF,
  0xFFFF, 0x000C, 0xB52C, 0xDE72, 0x000C, 0x000C, 0xFFFF, 0xEF58, 0x000C, 0xFFFF, 0xFFFF, 0xFFFF,
  0xFFFF, 0xFFFF, 0xFFFF, 0xFFFF, 0xFFFF, 0xFFFF, 0xFFFF, 0xFFFF, 0xFFFF, 0xFFFF, 0xFFFF, 0xFFFF,
  0xFFFF, 0xFFFF, 0x000C, 0x000C, 0xFFFF, 0xEF58, 0x000C, 0xFFFF, 0xFFFF, 0xFFFF, 0xFFFF, 0xFFFF,
  0xFFFF, 0xFFFF, 0xFFFF, 0xFFFF, 0xFFFF, 0xFFFF, 0xFFFF, 0xFFFF, 0xFFFF, 0xFFFF, 0xFFFF, 0xFFFF,
  0xFFFF, 0xFFFF, 0x000C, 0x000C, 0x000C, 0x000C, 0x000C, 0x000C, 0x000C, 0x000C, 0x000C, 0x000C,
  0x000C, 0x000C, 0x000C, 0x000C, 0x000C, 0x000C, 0x000C, 0x000C, 0x000C, 0x000C, 0x000C, 0x000C,
  0xFFFF, 0xFFFF, 0x000C, 0x000C, 0x000C, 0x000C, 0x000C, 0x000C, 0x000C, 0x000C, 0x000C, 0x000C,
  0x000C, 0x000C, 0x000C, 0x000C, 0x000C, 0x000C, 0x000C, 0x000C, 0x000C, 0x000C, 0x000C, 0x000C,
  0xFFFF, 0xFFFF, 0x000C, 0x000C, 0x000C, 0x000C, 0x000C, 0x000C, 0x000C, 0x000C, 0x000C, 0x000C,
  0x000C, 0x000C, 0x000C, 0x000C, 0x000C, 0x000C, 0x000C, 0x000C, 0x000C, 0x000C, 0x000C, 0x000C,
  0x000C, 0x8546, 0xA628, 0xC74D, 0xC74D, 0xA628, 0x000C, 0x000C, 0xFFFF, 0xFFFF, 0xFFFF, 0xFFFF,
  0xFFFF, 0xFFFF, 0xFFFF, 0xFFFF, 0xFFFF, 0x000C, 0x000C, 0xFFFF, 0xFFFF, 0xFFFF, 0xFFFF, 0xFFFF,
  0x000C, 0x8546, 0xA628, 0xC74D, 0xC74D, 0xA628, 0x000C, 0x000C, 0xFFFF, 0xFFFF, 0xFFFF, 0xFFFF,
  0xFFFF, 0xFFFF, 0xFFFF, 0xFFFF, 0xFFFF, 0x000C, 0x000C, 0xFFFF, 0xFFFF, 0xFFFF, 0xFFFF, 0xFFFF,
  0xFFFF, 0x000C, 0x8546, 0xA628, 0xC74D, 0xC74D, 0xA628, 0x000C, 0x000C, 0xFFFF, 0xFFFF, 0xFFFF,
  0xFFFF, 0xFFFF, 0xFFFF, 0xFFFF, 0xFFFF, 0xFFFF, 0xFFFF, 0xFFFF, 0xFFFF, 0xFFFF, 0xFFFF, 0xFFFF,
  0x000C, 0xFFFF, 0xE695, 0xCD0C, 0x000C, 0xFFFF, 0xFFFF, 0xFFFF, 0xFFFF, 0xFFFF, 0xFFFF, 0xFFFF,
  0xFFFF, 0xFFFF, 0xFFFF, 0xFFFF, 0xFFFF, 0xFFFF, 0xFFFF, 0xFFFF, 0xFFFF, 0xFFFF, 0xFFFF, 0xFFFF,
  0xFFFF, 0x000C, 0xFFFF, 0xE695, 0xCD0C, 0x000C, 0xFFFF, 0xFFFF, 0xFFFF, 0xFFFF, 0xFFFF, 0xFFFF,
  0xFFFF, 0xFFFF, 0xFFFF, 0xFFFF, 0xFFFF, 0xFFFF, 0xFFFF, 0xFFFF, 0xFFFF, 0xFFFF, 0xFFFF, 0xFFFF,
  0xFFFF, 0xFFFF, 0xFFFF, 0x000C, 0xFFFF, 0xE695, 0xCD0C, 0x000C, 0xFFFF, 0xFFFF, 0xFFFF, 0xFFFF,
  0xFFFF, 0xFFFF, 0xFFFF, 0xFFFF, 0xFFFF, 0xFFFF, 0xFFFF, 0xFFFF, 0xFFFF, 0xFFFF, 0xFFFF, 0xFFFF,
  0xFFFF, 0xFFFF, 0xFFFF, 0x000C, 0xFD77, 0xFD77, 0xFD77, 0xFD77, 0xFD77, 0xFD77, 0xFD77, 0xFD77,
  0xFD77, 0xFD77, 0xFD77, 0xFD77, 0xFD77, 0xFD77, 0xE3D1, 0xE3D1, 0x000C, 0xFFFF, 0xFFFF, 0xFFFF,
  0xFFFF, 0xFFFF, 0xFFFF, 0x000C, 0xFD77, 0xFD77, 0xFD77, 0xFD77, 0xFD77, 0xFD77, 0xFD77, 0xFD77,
  0xFD77, 0xFD77, 0xFD77, 0xFD77, 0xFD77, 0xFD77, 0xE3D1, 0xE3D1, 0x000C, 0xFFFF, 0xFFFF, 0xFFFF,
  0xFFFF, 0xFFFF, 0xFFFF, 0x000C, 0xFD77, 0xFD77, 0xFD77, 0xFD77, 0xFD77, 0xFD77, 0xFD77, 0xFD77,
  0xFD77, 0xFD77, 0xFD77, 0xFD77, 0xFD77, 0xFD77, 0xE3D1, 0xE3D1, 0x000C, 0xFFFF, 0xFFFF, 0xFFFF,
  0xFFFF, 0xFFFF, 0xFFFF, 0xFFFF, 0x000C, 0xD614, 0xD614, 0xF73A, 0xF73A, 0xF73A, 0xF73A, 0xF73A,
  0xFFFF, 0xFFFF, 0xFFFF, 0xFFFF, 0xFFFF, 0xF73A, 0xF73A, 0x000C, 0xFFFF, 0xFFFF, 0xFFFF, 0xFFFF,
  0xFFFF, 0xFFFF, 0xFFFF, 0xFFFF, 0xFFFF, 0x000C, 0xD614, 0xD614, 0xF73A, 0xF73A, 0xFFFF, 0x82A6,
  0x9B69, 0x82A6, 0x82A6, 0xF73A, 0xF73A, 0x000C, 0x000C, 0xFFFF, 0xFFFF, 0xFFFF, 0xFFFF, 0xFFFF,
  0xFFFF, 0xFFFF, 0xFFFF, 0xFFFF, 0xFFFF, 0xFFFF, 0xFFFF, 0xFFFF, 0xFFFF, 0x000C, 0xD614, 0xD614,
  0xF73A, 0xF73A, 0xFFFF, 0xFFFF, 0xFFFF, 0x000C, 0xFFFF, 0xFFFF, 0xFFFF, 0xFFFF, 0xFFFF, 0xFFFF,
  0xFFFF, 0xFFFF, 0xFFFF, 0xFFFF, 0xFFFF, 0x000C, 0xFF2F, 0x000C, 0x0011, 0x000C, 0x0011, 0x000C,
  0x0011, 0x000C, 0x0011, 0x000C, 0x000C, 0xBBA5, 0x000C, 0xFFFF, 0xFFFF, 0xFFFF, 0xFFFF, 0xFFFF,
  0xFFFF, 0xFFFF, 0xFFFF, 0xFFFF, 0xFFFF, 0x000C, 0xFF2F, 0x000C, 0x0011, 0x000C, 0x0011, 0x000C,
  0x0011, 0x000C, 0x0011, 0x000C, 0x000C, 0xBBA5, 0x000C, 0xFFFF, 0xFFFF, 0xFFFF, 0xFFFF, 0xFFFF,
  0xFFFF, 0xFFFF, 0xFFFF, 0xFFFF, 0xFFFF, 0xFFFF, 0x000C, 0xFF2F, 0xE524, 0x000C, 0xBBA5, 0xBBA5,
  0x000C, 0xFFFF, 0xFFFF, 0xFFFF, 0xFFFF, 0xFFFF, 0xFFFF, 0xFFFF, 0xFFFF, 0xFFFF, 0xFFFF, 0xFFFF,
  0x000C, 0xFFFF, 0xFFFF, 0x47BA, 0x000C, 0x000C, 0x000C, 0xFFFF, 0xFFFF, 0xFFFF, 0xFFFF, 0xFFFF,
  0xFFFF, 0xFFFF, 0xFFFF, 0xFFFF, 0xFFFF, 0xFFFF, 0xFFFF, 0xFFFF, 0xFFFF, 0xFFFF, 0xFFFF, 0xFFFF,
  0xFFFF, 0xFFFF, 0x000C, 0xFFFF, 0xFFFF, 0x47BA, 0x000C, 0x000C, 0x000C, 0xFFFF, 0xFFFF, 0xFFFF,
  0xFFFF, 0xFFFF, 0xFFFF, 0xFFFF, 0xFFFF, 0xFFFF, 0xFFFF, 0xFFFF, 0xFFFF, 0xFFFF, 0xFFFF, 0xFFFF,
  0xFFFF, 0xFFFF, 0x000C, 0xFFFF, 0xFFFF, 0x47BA, 0x000C, 0x000C, 0x000C, 0xFFFF, 0xFFFF, 0xFFFF,
  0xFFFF, 0xFFFF, 0xFFFF, 0xFFFF, 0xFFFF, 0xFFFF, 0xFFFF, 0xFFFF, 0xFFFF, 0xFFFF, 0xFFFF, 0xFFFF,
  0x000C, 0x000C, 0x000C, 0x000C, 0x000C, 0x000C, 0x000C, 0x000C, 0x000C, 0x000C, 0x000C, 0x000C,
  0x000C, 0x000C, 0x000C, 0x000C, 0x000C, 0x000C, 0x000C, 0x000C, 0x000C, 0x000C, 0x000C, 0x000C,
  0x000C, 0x000C, 0x000C, 0x000C, 0x000C, 0x000C, 0x000C, 0x000C, 0x000C, 0x000C, 0x000C, 0x000C,
  0x000C, 0x000C, 0x000C, 0x000C, 0x000C, 0x000C, 0x000C, 0x000C, 0x000C, 0x000C, 0x000C, 0x000C,
  0x000C, 0x000C, 0x000C, 0x000C, 0x000C, 0x000C, 0x000C, 0x000C, 0x000C, 0x000C, 0x000C, 0x000C,
  0x000C, 0x000C, 0x000C, 0x000C, 0x000C, 0x000C, 0x000C, 0x000C, 0x000C, 0x000C, 0x000C, 0x000C,
  0xFFFF, 0xFFFF, 0xFFFF, 0x000C, 0x000C, 0xE442, 0xE442, 0xE442, 0xE442, 0xEDA6, 0xEDA6, 0xEDA6,
  0xEDA6, 0xEDA6, 0xEDA6, 0xE442, 0xE442, 0xE442, 0xE442, 0x000C, 0x000C, 0xFFFF, 0xFFFF, 0xFFFF,
  0xFFFF, 0xFFFF, 0xFFFF, 0xFFFF, 0xFFFF, 0x000C, 0x000C, 0xE442, 0xE442, 0xE442, 0xE442, 0xEDA6,
  0xEDA6, 0xEDA6, 0x000C, 0xE442, 0x000C, 0x000C, 0xFFFF, 0xFFFF, 0xFFFF, 0xFFFF, 0xFFFF, 0xFFFF,
  0xFFFF, 0xFFFF, 0xFFFF, 0xFFFF, 0xFFFF, 0xFFFF, 0x000C, 0xE442, 0xEDA6, 0xEDA6, 0x000C, 0xEDA6,
  0xE442, 0x000C, 0x000C, 0xFFFF, 0xFFFF, 0xFFFF, 0xFFFF, 0xFFFF, 0xFFFF, 0xFFFF, 0xFFFF, 0xFFFF,
  0xFFFF, 0xFFFF, 0xFFFF, 0x000C, 0x9243, 0x9243, 0xFF92, 0xFF92, 0xFF92, 0xFF92, 0xFF92, 0xFF92,
  0xFF92, 0xFF92, 0xFF92, 0xFF92, 0xFE68, 0xE524, 0x9243, 0x9243, 0x000C, 0xFFFF, 0xFFFF, 0xFFFF,
  0xFFFF, 0xFFFF, 0xFFFF, 0xFFFF, 0x000C, 0x9243, 0x9243, 0xFF92, 0xFF92, 0xFF92, 0xFF92, 0xFF92,
  0x000C, 0xFF92, 0x4886, 0x4886, 0xFE68, 0xFE68, 0x000C, 0xFFFF, 0xFFFF, 0xFFFF, 0xFFFF, 0xFFFF,
  0xFFFF, 0xFFFF, 0xFFFF, 0xFFFF, 0xFFFF, 0x000C, 0xFF92, 0x000C, 0x000C, 0xFF92, 0x4886, 0x4886,
  0xFE68, 0xFE68, 0x000C, 0xFFFF, 0xFFFF, 0xFFFF, 0xFFFF, 0xFFFF, 0xFFFF, 0xFFFF, 0xFFFF, 0xFFFF,
  0xFFFF, 0x000C, 0xFAD3, 0xB1AE, 0xB1AE, 0xB1AE, 0xB1AE, 0x6008, 0x6008, 0x6008, 0x000C, 0x000C,
  0x000C, 0xFFFF, 0xFFFF, 0xFFFF, 0xFFFF, 0xFFFF, 0xFFFF, 0xFFFF, 0xFFFF, 0xFFFF, 0xFFFF, 0xFFFF,
  0xFFFF, 0xFFFF, 0x000C, 0xFAD3, 0xB1AE, 0xB1AE, 0xB1AE, 0xB1AE, 0x6008, 0x6008, 0x6008, 0x000C,
  0x000C, 0x000C, 0xFFFF, 0xFFFF, 0xFFFF, 0xFFFF, 0xFFFF, 0xFFFF, 0xFFFF, 0xFFFF, 0xFFFF, 0xFFFF,
  0xFFFF, 0xFFFF, 0xFFFF, 0xFFFF, 0x000C, 0xFAD3, 0xB1AE, 0xB1AE, 0xB1AE, 0xB1AE, 0x6008, 0x6008,
  0x6008, 0x000C, 0x000C, 0x000C, 0xFFFF, 0xFFFF, 0xFFFF, 0xFFFF, 0xFFFF, 0xFFFF, 0xFFFF, 0xFFFF,
  0x000C, 0xB52C, 0xDE72, 0xEF58, 0x000C, 0xB52C, 0xDE72, 0x000C, 0xFFFF, 0xFFFF, 0xFFFF, 0xFFFF,
  0xFFFF, 0xFFFF, 0xFFFF, 0xFFFF, 0xFFFF, 0xFFFF, 0xFFFF, 0xFFFF, 0xFFFF, 0xFFFF, 0xFFFF, 0xFFFF,
  0xFFFF, 0xFFFF, 0x000C, 0x000C, 0xB52C, 0xDE72, 0xEF58, 0x000C, 0xFFFF, 0xFFFF, 0xFFFF, 0xFFFF,
  0xFFFF, 0xFFFF, 0xFFFF, 0xFFFF, 0xFFFF, 0xFFFF, 0xFFFF, 0xFFFF, 0xFFFF, 0xFFFF, 0xFFFF, 0xFFFF,
  0xFFFF, 0x000C, 0xB52C, 0xDE72, 0xEF58, 0x000C, 0xFFFF, 0xFFFF, 0xFFFF, 0xFFFF, 0xFFFF, 0xFFFF,
  0xFFFF, 0xFFFF, 0xFFFF, 0xFFFF, 0xFFFF, 0xFFFF, 0xFFFF, 0xFFFF, 0xFFFF, 0xFFFF, 0xFFFF, 0xFFFF,
  0xFFFF, 0x000C, 0xFEF1, 0xFEF1, 0xFEF1, 0xFEF1, 0xFEF1, 0xFEF1, 0xFEF1, 0xFEF1, 0xFEF1, 0xFEF1,
  0xFEF1, 0xFEF1, 0xFEF1, 0xFEF1, 0xFEF1, 0xFEF1, 0xFEF1, 0xFEF1, 0xFEF1, 0xFEF1, 0xD606, 0x000C,
  0xFFFF, 0x000C, 0xFEF1, 0xFEF1, 0xFEF1, 0xFEF1, 0xFEF1, 0xFEF1, 0xFEF1, 0xFEF1, 0xFEF1, 0xFEF1,
  0xFEF1, 0xFEF1, 0xFEF1, 0xFEF1, 0xFEF1, 0xFEF1, 0xFEF1, 0xFEF1, 0xFEF1, 0xFEF1, 0xD606, 0x000C,
  0xFFFF, 0x000C, 0xFEF1, 0xFEF1, 0xFEF1, 0xFEF1, 0xFEF1, 0xFEF1, 0xFEF1, 0xFEF1, 0xFEF1, 0xFEF1,
  0xFEF1, 0xFEF1, 0xFEF1, 0xFEF1, 0xFEF1, 0xFEF1, 0xFEF1, 0xFEF1, 0xFEF1, 0xFEF1, 0xD606, 0x000C,
  0xFFFF, 0x000C, 0x8546, 0xA628, 0xA628, 0x000C, 0xFFFF, 0xFFFF, 0xFFFF, 0xFFFF, 0xFFFF, 0xFFFF,
  0xFFFF, 0xFFFF, 0xFFFF, 0xFFFF, 0xFFFF, 0xFFFF, 0xFFFF, 0xFFFF, 0xFFFF, 0xFFFF, 0xFFFF, 0xFFFF,
  0xFFFF, 0x000C, 0x8546, 0xA628, 0xA628, 0x000C, 0xFFFF, 0xFFFF, 0xFFFF, 0xFFFF, 0xFFFF, 0xFFFF,
  0xFFFF, 0xFFFF, 0xFFFF, 0xFFFF, 0xFFFF, 0xFFFF, 0xFFFF, 0xFFFF, 0xFFFF, 0xFFFF, 0xFFFF, 0xFFFF,
  0xFFFF, 0xFFFF, 0x000C, 0x8546, 0xA628, 0xA628, 0x000C, 0xFFFF, 0xFFFF, 0xFFFF, 0xFFFF, 0xFFFF,
  0xFFFF, 0xFFFF, 0xFFFF, 0xFFFF, 0xFFFF, 0xFFFF, 0xFFFF, 0xFFFF, 0xFFFF, 0xFFFF, 0xFFFF, 0xFFFF,
  0x000C, 0xE695, 0xCD0C, 0x000C, 0xFFFF, 0xFFFF, 0xFFFF, 0xFFFF, 0xFFFF, 0xFFFF, 0xFFFF, 0xFFFF,
  0xFFFF, 0xFFFF, 0xFFFF, 0xFFFF, 0xFFFF, 0xFFFF, 0xFFFF, 0xFFFF, 0xFFFF, 0xFFFF, 0xFFFF, 0xFFFF,
  0xFFFF, 0x000C, 0xE695, 0xCD0C, 0x000C, 0xFFFF, 0xFFFF, 0xFFFF, 0xFFFF, 0xFFFF, 0xFFFF, 0xFFFF,
  0xFFFF, 0xFFFF, 0xFFFF, 0xFFFF, 0xFFFF, 0xFFFF, 0xFFFF, 0xFFFF, 0xFFFF, 0xFFFF, 0xFFFF, 0xFFFF,
  0xFFFF, 0xFFFF, 0xFFFF, 0x000C, 0xE695, 0xCD0C, 0x000C, 0xFFFF, 0xFFFF, 0xFFFF, 0xFFFF, 0xFFFF,
  0xFFFF, 0xFFFF, 0xFFFF, 0xFFFF, 0xFFFF, 0xFFFF, 0xFFFF, 0xFFFF, 0xFFFF, 0xFFFF, 0xFFFF, 0xFFFF,
  0xFFFF, 0xFFFF, 0xFFFF, 0xFFFF, 0x000C, 0x000C, 0xE3D1, 0xE3D1, 0xE3D1, 0xE3D1, 0xE3D1, 0xE3D1,
  0xE3D1, 0xE3D1, 0xE3D1, 0xE3D1, 0xE3D1, 0xE3D1, 0x000C, 0x000C, 0xFFFF, 0xFFFF, 0xFFFF, 0xFFFF,
  0xFFFF, 0xFFFF, 0xFFFF, 0xFFFF, 0x000C, 0x000C, 0xE3D1, 0xE3D1, 0xE3D1, 0xE3D1, 0xE3D1, 0xE3D1,
  0xE3D1, 0xE3D1, 0xE3D1, 0xE3D1, 0xE3D1, 0xE3D1, 0x000C, 0x000C, 0xFFFF, 0xFFFF, 0xFFFF, 0xFFFF,
  0xFFFF, 0xFFFF, 0xFFFF, 0xFFFF, 0x000C, 0x000C, 0xE3D1, 0xE3D1, 0xE3D1, 0xE3D1, 0xE3D1, 0xE3D1,
  0xE3D1, 0xE3D1, 0xE3D1, 0xE3D1, 0xE3D1, 0xE3D1, 0x000C, 0x000C, 0xFFFF, 0xFFFF, 0xFFFF, 0xFFFF,
  0xFFFF, 0xFFFF, 0xFFFF, 0xFFFF, 0xFFFF, 0x000C, 0x000C, 0xD614, 0xD614, 0xD614, 0xD614, 0xD614,
  0xF73A, 0xF73A, 0xF73A, 0xF73A, 0xF73A, 0x000C, 0x000C, 0xFFFF, 0xFFFF, 0xFFFF, 0xFFFF, 0xFFFF,
  0xFFFF, 0xFFFF, 0xFFFF, 0xFFFF, 0xFFFF, 0xFFFF, 0x000C, 0x000C, 0xD614, 0xD614, 0xD614, 0xD614,
  0xD614, 0xF73A, 0xF73A, 0x000C, 0x000C, 0xFFFF, 0xFFFF, 0xFFFF, 0xFFFF, 0xFFFF, 0xFFFF, 0xFFFF,
  0xFFFF, 0xFFFF, 0xFFFF, 0xFFFF, 0xFFFF, 0xFFFF, 0xFFFF, 0xFFFF, 0xFFFF, 0xFFFF, 0x000C, 0x000C,
  0xD614, 0xD614, 0xD614, 0xD614, 0x000C, 0xFFFF, 0xFFFF, 0xFFFF, 0xFFFF, 0xFFFF, 0xFFFF, 0xFFFF,
  0xFFFF, 0xFFFF, 0xFFFF, 0xFFFF, 0xFFFF, 0xFFFF, 0x000C, 0x000C, 0x000C, 0x0011, 0x000C, 0x0011,
  0x000C, 0x0011, 0x000C, 0x0011, 0x000C, 0x000C, 0xFFFF, 0xFFFF, 0xFFFF, 0xFFFF, 0xFFFF, 0xFFFF,
  0xFFFF, 0xFFFF, 0xFFFF, 0xFFFF, 0xFFFF, 0xFFFF, 0x000C, 0x000C, 0x000C, 0x0011, 0x000C, 0x0011,
  0x000C, 0x0011, 0x000C, 0x0011, 0x000C, 0x000C, 0xFFFF, 0xFFFF, 0xFFFF, 0xFFFF, 0xFFFF, 0xFFFF,
  0xFFFF, 0xFFFF, 0xFFFF, 0xFFFF, 0xFFFF, 0xFFFF, 0xFFFF, 0x000C, 0xFF2F, 0x000C, 0xBBA5, 0x000C,
  0xFFFF, 0xFFFF, 0xFFFF, 0xFFFF, 0xFFFF, 0xFFFF, 0xFFFF, 0xFFFF, 0xFFFF, 0xFFFF, 0xFFFF, 0xFFFF,
  0x000C, 0xFFFF, 0xFFFF, 0x000C, 0x000C, 0xFFFF, 0xFFFF, 0xFFFF, 0xFFFF, 0xFFFF, 0xFFFF, 0xFFFF,
  0xFFFF, 0xFFFF, 0xFFFF, 0xFFFF, 0xFFFF, 0xFFFF, 0xFFFF, 0xFFFF, 0xFFFF, 0xFFFF, 0xFFFF, 0xFFFF,
  0xFFFF, 0xFFFF, 0x000C, 0xFFFF, 0xFFFF, 0x000C, 0x000C, 0xFFFF, 0xFFFF, 0xFFFF, 0xFFFF, 0xFFFF,
  0xFFFF, 0xFFFF, 0xFFFF, 0xFFFF, 0xFFFF, 0xFFFF, 0xFFFF, 0xFFFF, 0xFFFF, 0xFFFF, 0xFFFF, 0xFFFF,
  0xFFFF, 0xFFFF, 0x000C, 0xFFFF, 0xFFFF, 0x000C, 0x000C, 0xFFFF, 0xFFFF, 0xFFFF, 0xFFFF, 0xFFFF,
  0xFFFF, 0xFFFF, 0xFFFF, 0xFFFF, 0xFFFF, 0xFFFF, 0xFFFF, 0xFFFF, 0xFFFF, 0xFFFF, 0xFFFF, 0xFFFF,
  0xFFFF, 0xFFFF, 0xFFFF, 0x000C, 0xE565, 0xE565, 0x000C, 0xFFFF, 0xFFFF, 0xFFFF, 0xFFFF, 0xFFFF,
  0xFFFF, 0xFFFF, 0xFFFF, 0xFFFF, 0xFFFF, 0x000C, 0xE565, 0xE565, 0x000C, 0xFFFF, 0xFFFF, 0xFFFF,
  0xFFFF, 0xFFFF, 0xFFFF, 0x000C, 0xE565, 0xE565, 0x000C, 0xFFFF, 0xFFFF, 0xFFFF, 0xFFFF, 0xFFFF,
  0xFFFF, 0xFFFF, 0xFFFF, 0xFFFF, 0xFFFF, 0x000C, 0xE565, 0xE565, 0x000C, 0xFFFF, 0xFFFF, 0xFFFF,
  0xFFFF, 0xFFFF, 0xFFFF, 0x000C, 0xE565, 0xE565, 0x000C, 0xFFFF, 0xFFFF, 0xFFFF, 0xFFFF, 0xFFFF,
  0xFFFF, 0xFFFF, 0xFFFF, 0xFFFF, 0xFFFF, 0x000C, 0xE565, 0xE565, 0x000C, 0xFFFF, 0xFFFF, 0xFFFF,
  0xFFFF, 0xFFFF, 0xFFFF, 0xFFFF, 0xFFFF, 0x000C, 0x000C, 0x000C, 0xE442, 0xE442, 0xE442, 0xE442,
  0xE442, 0xE442, 0xE442, 0xE442, 0x000C, 0x000C, 0x000C, 0xFFFF, 0xFFFF, 0xFFFF, 0xFFFF, 0xFFFF,
  0xFFFF, 0xFFFF, 0xFFFF, 0xFFFF, 0xFFFF, 0xFFFF, 0xFFFF, 0x000C, 0x000C, 0x000C, 0xE442, 0xE442,
  0xE442, 0xE442, 0x000C, 0x000C, 0xFFFF, 0xFFFF, 0xFFFF, 0xFFFF, 0xFFFF, 0xFFFF, 0xFFFF, 0xFFFF,
  0xFFFF, 0xFFFF, 0xFFFF, 0xFFFF, 0xFFFF, 0xFFFF, 0xFFFF, 0x000C, 0xE442, 0xE442, 0x000C, 0xE442,
  0x000C, 0xFFFF, 0xFFFF, 0xFFFF, 0xFFFF, 0xFFFF, 0xFFFF, 0xFFFF, 0xFFFF, 0xFFFF, 0xFFFF, 0xFFFF,
  0xFFFF, 0xFFFF, 0xFFFF, 0xFFFF, 0x000C, 0x000C, 0x000C, 0x9243, 0x9243, 0x9243, 0x9243, 0x9243,
  0x9243, 0x9243, 0x9243, 0x9243, 0x9243, 0x000C, 0x000C, 0x000C, 0xFFFF, 0xFFFF, 0xFFFF, 0xFFFF,
  0xFFFF, 0xFFFF, 0xFFFF, 0xFFFF, 0xFFFF, 0x000C, 0x000C, 0x000C, 0x9243, 0x9243, 0x9243, 0x9243,
  0x000C, 0xFE68, 0xFE68, 0xFE68, 0x000C, 0x000C, 0xFFFF, 0xFFFF, 0xFFFF, 0xFFFF, 0xFFFF, 0xFFFF,
  0xFFFF, 0xFFFF, 0xFFFF, 0xFFFF, 0xFFFF, 0xFFFF, 0x000C, 0xFF92, 0x000C, 0xFE68, 0xFE68, 0xFE68,
  0x000C, 0x000C, 0xFFFF, 0xFFFF, 0xFFFF, 0xFFFF, 0xFFFF, 0xFFFF, 0xFFFF, 0xFFFF, 0xFFFF, 0xFFFF,
  0xFFFF, 0x000C, 0xB1AE, 0x6008, 0x6008, 0x6008, 0x6008, 0x000C, 0x000C, 0x000C, 0xFFFF, 0xFFFF,
  0xFFFF, 0xFFFF, 0xFFFF, 0xFFFF, 0xFFFF, 0xFFFF, 0xFFFF, 0xFFFF, 0xFFFF, 0xFFFF, 0xFFFF, 0xFFFF,
  0xFFFF, 0xFFFF, 0x000C, 0xB1AE, 0x6008, 0x6008, 0x6008, 0x6008, 0x000C, 0x000C, 0x000C, 0xFFFF,
  0xFFFF, 0xFFFF, 0xFFFF, 0xFFFF, 0xFFFF, 0xFFFF, 0xFFFF, 0xFFFF, 0xFFFF, 0xFFFF, 0xFFFF, 0xFFFF,
  0xFFFF, 0xFFFF, 0xFFFF, 0xFFFF, 0x000C, 0xB1AE, 0x6008, 0x6008, 0x6008, 0x6008, 0x000C, 0x000C,
  0x000C, 0xFFFF, 0xFFFF, 0xFFFF, 0xFFFF, 0xFFFF, 0xFFFF, 0xFFFF, 0xFFFF, 0xFFFF, 0xFFFF, 0xFFFF,
  0xFFFF, 0x000C, 0xB52C, 0xDE72, 0x000C, 0x000C, 0x000C, 0xFFFF, 0xFFFF, 0xFFFF, 0xFFFF, 0xFFFF,
  0xFFFF, 0xFFFF, 0xFFFF, 0xFFFF, 0xFFFF, 0xFFFF, 0xFFFF, 0xFFFF, 0xFFFF, 0xFFFF, 0xFFFF, 0xFFFF,
  0xFFFF, 0xFFFF, 0xFFFF, 0xFFFF, 0x000C, 0xB52C, 0xDE72, 0x000C, 0xFFFF, 0xFFFF, 0xFFFF, 0xFFFF,
  0xFFFF, 0xFFFF, 0xFFFF, 0xFFFF, 0xFFFF, 0xFFFF, 0xFFFF, 0xFFFF, 0xFFFF, 0xFFFF, 0xFFFF, 0xFFFF,
  0xFFFF, 0xFFFF, 0x000C, 0xB52C, 0xDE72, 0x000C, 0xFFFF, 0xFFFF, 0xFFFF, 0xFFFF, 0xFFFF, 0xFFFF,
  0xFFFF, 0xFFFF, 0xFFFF, 0xFFFF, 0xFFFF, 0xFFFF, 0xFFFF, 0xFFFF, 0xFFFF, 0xFFFF, 0xFFFF, 0xFFFF,
  0x000C, 0xD606, 0xD606, 0xD606, 0xD606, 0xD606, 0xD606, 0xD606, 0xD606, 0xD606, 0xD606, 0xD606,
  0xD606, 0xD606, 0xD606, 0xD606, 0xD606, 0xD606, 0xD606, 0xD606, 0xD606, 0xB4E1, 0x000C, 0xFFFF,
  0x000C, 0xD606, 0xD606, 0xD606, 0xD606, 0xD606, 0xD606, 0xD606, 0xD606, 0xD606, 0xD606, 0xD606,
  0xD606, 0xD606, 0xD606, 0xD606, 0xD606, 0xD606, 0xD606, 0xD606, 0xD606, 0xB4E1, 0x000C, 0xFFFF,
  0x000C, 0xD606, 0xD606, 0xD606, 0xD606, 0xD606, 0xD606, 0xD606, 0xD606, 0xD606, 0xD606, 0xD606,
  0xD606, 0xD606, 0xD606, 0xD606, 0xD606, 0xD606, 0xD606, 0xD606, 0xD606, 0xB4E1, 0x000C, 0xFFFF,
  0xFFFF, 0xFFFF, 0x000C, 0x000C, 0x000C, 0xFFFF, 0xFFFF, 0xFFFF, 0xFFFF, 0xFFFF, 0xFFFF, 0xFFFF,
  0xFFFF, 0xFFFF, 0xFFFF, 0xFFFF, 0xFFFF, 0xFFFF, 0xFFFF, 0xFFFF, 0xFFFF, 0xFFFF, 0xFFFF, 0xFFFF,
  0xFFFF, 0xFFFF, 0x000C, 0x000C, 0x000C, 0xFFFF, 0xFFFF, 0xFFFF, 0xFFFF, 0xFFFF, 0xFFFF, 0xFFFF,
  0xFFFF, 0xFFFF, 0xFFFF, 0xFFFF, 0xFFFF, 0xFFFF, 0xFFFF, 0xFFFF, 0xFFFF, 0xFFFF, 0xFFFF, 0xFFFF,
  0xFFFF, 0xFFFF, 0xFFFF, 0x000C, 0x000C, 0x000C, 0xFFFF, 0xFFFF, 0xFFFF, 0xFFFF, 0xFFFF, 0xFFFF,
  0xFFFF, 0xFFFF, 0xFFFF, 0xFFFF, 0xFFFF, 0xFFFF, 0xFFFF, 0xFFFF, 0xFFFF, 0xFFFF, 0xFFFF, 0xFFFF,
  0x000C, 0x000C, 0x000C, 0xFFFF, 0xFFFF, 0xFFFF, 0xFFFF, 0xFFFF, 0xFFFF, 0xFFFF, 0xFFFF, 0xFFFF,
  0xFFFF, 0xFFFF, 0xFFFF, 0xFFFF, 0xFFFF, 0xFFFF, 0xFFFF, 0xFFFF, 0xFFFF, 0xFFFF, 0xFFFF, 0xFFFF,
  0xFFFF, 0x000C, 0x000C, 0x000C, 0xFFFF, 0xFFFF, 0xFFFF, 0xFFFF, 0xFFFF, 0xFFFF, 0xFFFF, 0xFFFF,
  0xFFFF, 0xFFFF, 0xFFFF, 0xFFFF, 0xFFFF, 0xFFFF, 0xFFFF, 0xFFFF, 0xFFFF, 0xFFFF, 0xFFFF, 0xFFFF,
  0xFFFF, 0xFFFF, 0xFFFF, 0x000C, 0x000C, 0x000C, 0xFFFF, 0xFFFF, 0xFFFF, 0xFFFF, 0xFFFF, 0xFFFF,
  0xFFFF, 0xFFFF, 0xFFFF, 0xFFFF, 0xFFFF, 0xFFFF, 0xFFFF, 0xFFFF, 0xFFFF, 0xFFFF, 0xFFFF, 0xFFFF,
  0xFFFF, 0xFFFF, 0xFFFF, 0xFFFF, 0xFFFF, 0xFFFF, 0x000C, 0x000C, 0x000C, 0x000C, 0x000C, 0x000C,
  0x000C, 0x000C, 0x000C, 0x000C, 0x000C, 0x000C, 0xFFFF, 0xFFFF, 0xFFFF, 0xFFFF, 0xFFFF, 0xFFFF,
  0xFFFF, 0xFFFF, 0xFFFF, 0xFFFF, 0xFFFF, 0xFFFF, 0x000C, 0x000C, 0x000C, 0x000C, 0x000C, 0x000C,
  0x000C, 0x000C, 0x000C, 0x000C, 0x000C, 0x000C, 0xFFFF, 0xFFFF, 0xFFFF, 0xFFFF, 0xFFFF, 0xFFFF,
  0xFFFF, 0xFFFF, 0xFFFF, 0xFFFF, 0xFFFF, 0xFFFF, 0x000C, 0x000C, 0x000C, 0x000C, 0x000C, 0x000C,
  0x000C, 0x000C, 0x000C, 0x000C, 0x000C, 0x000C, 0xFFFF, 0xFFFF, 0xFFFF, 0xFFFF, 0xFFFF, 0xFFFF,
  0xFFFF, 0xFFFF, 0xFFFF, 0xFFFF, 0xFFFF, 0xFFFF, 0xFFFF, 0x000C, 0x000C, 0x000C, 0x000C, 0x000C,
  0x000C, 0x000C, 0x000C, 0x000C, 0x000C, 0xFFFF, 0xFFFF, 0xFFFF, 0xFFFF, 0xFFFF, 0xFFFF, 0xFFFF,
  0xFFFF, 0xFFFF, 0xFFFF, 0xFFFF, 0xFFFF, 0xFFFF, 0xFFFF, 0xFFFF, 0x000C, 0x000C, 0x000C, 0x000C,
  0x000C, 0x000C, 0x000C, 0xFFFF, 0xFFFF, 0xFFFF, 0xFFFF, 0xFFFF, 0xFFFF, 0xFFFF, 0xFFFF, 0xFFFF,
  0xFFFF, 0xFFFF, 0xFFFF, 0xFFFF, 0xFFFF, 0xFFFF, 0xFFFF, 0xFFFF, 0xFFFF, 0xFFFF, 0xFFFF, 0xFFFF,
  0x000C, 0x000C, 0x000C, 0x000C, 0xFFFF, 0xFFFF, 0xFFFF, 0xFFFF, 0xFFFF, 0xFFFF, 0xFFFF, 0xFFFF,
  0xFFFF, 0xFFFF, 0xFFFF, 0xFFFF, 0xFFFF, 0xFFFF, 0xFFFF, 0xFFFF, 0x000C, 0x000C, 0x000C, 0x000C,
  0x000C, 0x000C, 0x000C, 0x000C, 0xFFFF, 0xFFFF, 0xFFFF, 0xFFFF, 0xFFFF, 0xFFFF, 0xFFFF, 0xFFFF,
  0xFFFF, 0xFFFF, 0xFFFF, 0xFFFF, 0xFFFF, 0xFFFF, 0xFFFF, 0xFFFF, 0x000C, 0x000C, 0x000C, 0x000C,
  0x000C, 0x000C, 0x000C, 0x000C, 0xFFFF, 0xFFFF, 0xFFFF, 0xFFFF, 0xFFFF, 0xFFFF, 0xFFFF, 0xFFFF,
  0xFFFF, 0xFFFF, 0xFFFF, 0xFFFF, 0xFFFF, 0xFFFF, 0xFFFF, 0xFFFF, 0x000C, 0x000C, 0x000C, 0xFFFF,
  0xFFFF, 0xFFFF, 0xFFFF, 0xFFFF, 0xFFFF, 0xFFFF, 0xFFFF, 0xFFFF, 0xFFFF, 0xFFFF, 0xFFFF, 0xFFFF,
  0x000C, 0x000C, 0x000C, 0xFFFF, 0xFFFF, 0xFFFF, 0xFFFF, 0xFFFF, 0xFFFF, 0xFFFF, 0xFFFF, 0xFFFF,
  0xFFFF, 0xFFFF, 0xFFFF, 0xFFFF, 0xFFFF, 0xFFFF, 0xFFFF, 0xFFFF, 0xFFFF, 0xFFFF, 0xFFFF, 0xFFFF,
  0xFFFF, 0xFFFF, 0x000C, 0x000C, 0x000C, 0xFFFF, 0xFFFF, 0xFFFF, 0xFFFF, 0xFFFF, 0xFFFF, 0xFFFF,
  0xFFFF, 0xFFFF, 0xFFFF, 0xFFFF, 0xFFFF, 0xFFFF, 0xFFFF, 0xFFFF, 0xFFFF, 0xFFFF, 0xFFFF, 0xFFFF,
  0xFFFF, 0xFFFF, 0x000C, 0x000C, 0x000C, 0xFFFF, 0xFFFF, 0xFFFF, 0xFFFF, 0xFFFF, 0xFFFF, 0xFFFF,
  0xFFFF, 0xFFFF, 0xFFFF, 0xFFFF, 0xFFFF, 0xFFFF, 0xFFFF, 0xFFFF, 0xFFFF, 0xFFFF, 0xFFFF, 0xFFFF,
  0xFFFF, 0xFFFF, 0xFFFF, 0x000C, 0x000C, 0x000C, 0x000C, 0xFFFF, 0xFFFF, 0xFFFF, 0xFFFF, 0xFFFF,
  0xFFFF, 0xFFFF, 0xFFFF, 0xFFFF, 0xFFFF, 0x000C, 0x000C, 0x000C, 0x000C, 0xFFFF, 0xFFFF, 0xFFFF,
  0xFFFF, 0xFFFF, 0xFFFF, 0x000C, 0x000C, 0x000C, 0x000C, 0xFFFF, 0xFFFF, 0xFFFF, 0xFFFF, 0xFFFF,
  0xFFFF, 0xFFFF, 0xFFFF, 0xFFFF, 0xFFFF, 0x000C, 0x000C, 0x000C, 0x000C, 0xFFFF, 0xFFFF, 0xFFFF,
  0xFFFF, 0xFFFF, 0xFFFF, 0x000C, 0x000C, 0x000C, 0x000C, 0xFFFF, 0xFFFF, 0xFFFF, 0xFFFF, 0xFFFF,
  0xFFFF, 0xFFFF, 0xFFFF, 0xFFFF, 0xFFFF, 0x000C, 0x000C, 0x000C, 0x000C, 0xFFFF, 0xFFFF, 0xFFFF,
  0xFFFF, 0xFFFF, 0xFFFF, 0xFFFF, 0xFFFF, 0xFFFF, 0xFFFF, 0xFFFF, 0x000C, 0x000C, 0x000C, 0x000C,
  0x000C, 0x000C, 0x000C, 0x000C, 0xFFFF, 0xFFFF, 0xFFFF, 0xFFFF, 0xFFFF, 0xFFFF, 0xFFFF, 0xFFFF,
  0xFFFF, 0xFFFF, 0xFFFF, 0xFFFF, 0xFFFF, 0xFFFF, 0xFFFF, 0xFFFF, 0xFFFF, 0xFFFF, 0x000C, 0x000C,
  0x000C, 0x000C, 0x000C, 0xFFFF, 0xFFFF, 0xFFFF, 0xFFFF, 0xFFFF, 0xFFFF, 0xFFFF, 0xFFFF, 0xFFFF,
  0xFFFF, 0xFFFF, 0xFFFF, 0xFFFF, 0xFFFF, 0xFFFF, 0xFFFF, 0xFFFF, 0x000C, 0x000C, 0x000C, 0x000C,
  0xFFFF, 0xFFFF, 0xFFFF, 0xFFFF, 0xFFFF, 0xFFFF, 0xFFFF, 0xFFFF, 0xFFFF, 0xFFFF, 0xFFFF, 0xFFFF,
  0xFFFF, 0xFFFF, 0xFFFF, 0xFFFF, 0xFFFF, 0xFFFF, 0xFFFF, 0x000C, 0x000C, 0x000C, 0x000C, 0x000C,
  0x000C, 0x000C, 0x000C, 0x000C, 0x000C, 0xFFFF, 0xFFFF, 0xFFFF, 0xFFFF, 0xFFFF, 0xFFFF, 0xFFFF,
  0xFFFF, 0xFFFF, 0xFFFF, 0xFFFF, 0xFFFF, 0xFFFF, 0xFFFF, 0xFFFF, 0x000C, 0x000C, 0x000C, 0x000C,
  0x000C, 0x000C, 0x000C, 0x000C, 0xFFFF, 0xFFFF, 0xFFFF, 0xFFFF, 0xFFFF, 0xFFFF, 0xFFFF, 0xFFFF,
  0xFFFF, 0xFFFF, 0xFFFF, 0xFFFF, 0xFFFF, 0xFFFF, 0xFFFF, 0x000C, 0x000C, 0x000C, 0x000C, 0x000C,
  0xFFFF, 0xFFFF, 0xFFFF, 0xFFFF, 0xFFFF, 0xFFFF, 0xFFFF, 0xFFFF, 0xFFFF, 0xFFFF, 0xFFFF, 0xFFFF,
  0xFFFF, 0xFFFF, 0x000C, 0x000C, 0x000C, 0x000C, 0x000C, 0xFFFF, 0xFFFF, 0xFFFF, 0xFFFF, 0xFFFF,
  0xFFFF, 0xFFFF, 0xFFFF, 0xFFFF, 0xFFFF, 0xFFFF, 0xFFFF, 0xFFFF, 0xFFFF, 0xFFFF, 0xFFFF, 0xFFFF,
  0xFFFF, 0xFFFF, 0xFFFF, 0x000C, 0x000C, 0x000C, 0x000C, 0x000C, 0xFFFF, 0xFFFF, 0xFFFF, 0xFFFF,
  0xFFFF, 0xFFFF, 0xFFFF, 0xFFFF, 0xFFFF, 0xFFFF, 0xFFFF, 0xFFFF, 0xFFFF, 0xFFFF, 0xFFFF, 0xFFFF,
  0xFFFF, 0xFFFF, 0xFFFF, 0xFFFF, 0xFFFF, 0x000C, 0x000C, 0x000C, 0x000C, 0x000C, 0xFFFF, 0xFFFF,
  0xFFFF, 0xFFFF, 0xFFFF, 0xFFFF, 0xFFFF, 0xFFFF, 0xFFFF, 0xFFFF, 0xFFFF, 0xFFFF, 0xFFFF, 0xFFFF,
  0xFFFF, 0xFFFF, 0x000C, 0x000C, 0xFFFF, 0xFFFF, 0xFFFF, 0xFFFF, 0xFFFF, 0xFFFF, 0xFFFF, 0xFFFF,
  0xFFFF, 0xFFFF, 0xFFFF, 0xFFFF, 0xFFFF, 0xFFFF, 0xFFFF, 0xFFFF, 0xFFFF, 0xFFFF, 0xFFFF, 0xFFFF,
  0xFFFF, 0xFFFF, 0xFFFF, 0xFFFF, 0xFFFF, 0x000C, 0x000C, 0xFFFF, 0xFFFF, 0xFFFF, 0xFFFF, 0xFFFF,
  0xFFFF, 0xFFFF, 0xFFFF, 0xFFFF, 0xFFFF, 0xFFFF, 0xFFFF, 0xFFFF, 0xFFFF, 0xFFFF, 0xFFFF, 0xFFFF,
  0xFFFF, 0xFFFF, 0xFFFF, 0x000C, 0x000C, 0xFFFF, 0xFFFF, 0xFFFF, 0xFFFF, 0xFFFF, 0xFFFF, 0xFFFF,
  0xFFFF, 0xFFFF, 0xFFFF, 0xFFFF, 0xFFFF, 0xFFFF, 0xFFFF, 0xFFFF, 0xFFFF, 0xFFFF, 0xFFFF, 0xFFFF,
  0x000C, 0x000C, 0x000C, 0x000C, 0x000C, 0x000C, 0x000C, 0x000C, 0x000C, 0x000C, 0x000C, 0x000C,
  0x000C, 0x000C, 0x000C, 0x000C, 0x000C, 0x000C, 0x000C, 0x000C, 0x000C, 0x000C, 0x000C, 0xFFFF,
  0x000C, 0x000C, 0x000C, 0x000C, 0x000C, 0x000C, 0x000C, 0x000C, 0x000C, 0x000C, 0x000C, 0x000C,
  0x000C, 0x000C, 0x000C, 0x000C, 0x000C, 0x000C, 0x000C, 0x000C, 0x000C, 0x000C, 0x000C, 0xFFFF,
  0x000C, 0x000C, 0x000C, 0x000C, 0x000C, 0x000C, 0x000C, 0x000C, 0x000C, 0x000C, 0x000C, 0x000C,
  0x000C, 0x000C, 0x000C, 0x000C, 0x000C, 0x000C, 0x000C, 0x000C, 0x000C, 0x000C, 0x000C, 0xFFFF,
};

const uint8_t sprite_grocery_foodMask[2592] PROGMEM={
  0x0000, 0x0000, 0x0000, 0x0000, 0x0000, 0x0000, 0x0000, 0x0000, 0x0000, 0x0000, 0x0000, 0x0000, 0x0000, 0x0000, 0x0000, 0x0000,
  0x0000, 0x0000, 0x0000, 0x0000, 0x0000, 0x0000, 0x0000, 0x0000, 0x0000, 0x0000, 0x0000, 0x0000, 0x0000, 0x0000, 0x0000, 0x0000,
  0x0000, 0x0000, 0x0000, 0x0000, 0x0000, 0x0000, 0x0000, 0x0000, 0x0000, 0x0000, 0x0000, 0x0000, 0x0000, 0x0000, 0x0000, 0x0038,
  0x0000, 0x0000, 0x0000, 0x0000, 0x0000, 0x0000, 0x0000, 0x0000, 0x0000, 0x0000, 0x0000, 0x0000, 0x0000, 0x0000, 0x0000, 0x0000,
  0x0000, 0x0000, 0x0000, 0x0000, 0x0000, 0x0000, 0x0000, 0x0000, 0x0000, 0x0000, 0x0000, 0x0000, 0x0000, 0x0000, 0x0000, 0x0000,
  0x0000, 0x0000, 0x0000, 0x0000, 0x0000, 0x0000, 0x0000, 0x0000, 0x0000, 0x0000, 0x0000, 0x0001, 0x0040, 0x0000, 0x0000, 0x0000,
  0x0000, 0x0000, 0x0000, 0x0000, 0x00FF, 0x0000, 0x0000, 0x00FF, 0x0000, 0x0000, 0x00FF, 0x0000, 0x0000, 0x0000, 0x0000, 0x0000,
  0x0000, 0x0000, 0x0000, 0x0000, 0x0000, 0x0000, 0x001F, 0x0080, 0x0000, 0x000C, 0x0000, 0x0000, 0x0000, 0x0000, 0x000F, 0x0010,
  0x0000, 0x000F, 0x0010, 0x0000, 0x0000, 0x0000, 0x0000, 0x0000, 0x0000, 0x0000, 0x0000, 0x0000, 0x0000, 0x0000, 0x0000, 0x0000,
  0x0000, 0x0000, 0x0000, 0x0000, 0x0000, 0x0000, 0x0000, 0x0000, 0x0000, 0x0000, 0x0003, 0x00FC, 0x0000, 0x0000, 0x0000, 0x0000,
  0x0000, 0x0000, 0x0000, 0x0000, 0x0000, 0x0000, 0x0000, 0x0000, 0x0000, 0x0000, 0x0000, 0x0000, 0x0000, 0x0000, 0x0000, 0x0000,
  0x0000, 0x0000, 0x0000, 0x0000, 0x0000, 0x0000, 0x0000, 0x0000, 0x0000, 0x0000, 0x0000, 0x0000, 0x0000, 0x0000, 0x0000, 0x0000,
  0x0000, 0x0000, 0x0000, 0x0000, 0x0000, 0x0000, 0x0000, 0x0003, 0x00E0, 0x0000, 0x0001, 0x0040, 0x0000, 0x0000, 0x0000, 0x0007,
  0x00FF, 0x00E0, 0x0007, 0x00FF, 0x00E0, 0x0007, 0x00FF, 0x00E0, 0x0000, 0x00E3, 0x0080, 0x0000, 0x00E3, 0x0080, 0x0000, 0x0000,
  0x0000, 0x0000, 0x007F, 0x00C0, 0x0000, 0x003E, 0x0000, 0x0000, 0x0000, 0x0000, 0x001F, 0x00BF, 0x0084, 0x001F, 0x00B8, 0x0000,
  0x0000, 0x0000, 0x0000, 0x0000, 0x0000, 0x0000, 0x0000, 0x0000, 0x0000, 0x0000, 0x0000, 0x0000, 0x0000, 0x0000, 0x0000, 0x0000,
  0x0000, 0x0000, 0x0000, 0x0000, 0x0000, 0x0000, 0x0003, 0x00FE, 0x0000, 0x0000, 0x0000, 0x0000, 0x0000, 0x0000, 0x0000, 0x0000,
  0x0000, 0x0000, 0x0000, 0x0000, 0x0000, 0x0000, 0x0000, 0x0000, 0x0000, 0x0000, 0x0000, 0x0000, 0x0000, 0x0000, 0x0000, 0x0000,
  0x0000, 0x0000, 0x0000, 0x0000, 0x0000, 0x0000, 0x0000, 0x0000, 0x0000, 0x0000, 0x0000, 0x0000, 0x0000, 0x0000, 0x0000, 0x0000,
  0x0000, 0x0000, 0x0000, 0x0003, 0x00F8, 0x0000, 0x0003, 0x00E0, 0x0000, 0x0000, 0x0000, 0x001F, 0x00FF, 0x00F8, 0x001F, 0x00FF,
  0x00F8, 0x001F, 0x00FF, 0x00F8, 0x0001, 0x00FF, 0x00E0, 0x0001, 0x00FF, 0x00E0, 0x0000, 0x0000, 0x0000, 0x0003, 0x00FF, 0x00F8,
  0x0001, 0x00FE, 0x0000, 0x0000, 0x0000, 0x0000, 0x003F, 0x00FF, 0x00DE, 0x003F, 0x00F8, 0x0000, 0x0000, 0x0000, 0x0000, 0x0000,
  0x0000, 0x0000, 0x0000, 0x0000, 0x0000, 0x0000, 0x0000, 0x0000, 0x0000, 0x0000, 0x0000, 0x0000, 0x0000, 0x0000, 0x0000, 0x0000,
  0x0000, 0x0000, 0x001F, 0x00FE, 0x0000, 0x0006, 0x0000, 0x0000, 0x0000, 0x0000, 0x0000, 0x0000, 0x0000, 0x0000, 0x0000, 0x0000,
  0x0000, 0x0000, 0x0000, 0x0000, 0x0000, 0x0000, 0x0000, 0x0000, 0x0000, 0x0000, 0x0000, 0x0000, 0x0000, 0x0000, 0x0000, 0x0000,
  0x0000, 0x0000, 0x0000, 0x0000, 0x0000, 0x0000, 0x0000, 0x007C, 0x0000, 0x0000, 0x0000, 0x0000, 0x0000, 0x0000, 0x0000, 0x0007,
  0x00FC, 0x0000, 0x0003, 0x00F8, 0x0000, 0x0000, 0x00A0, 0x003F, 0x00FF, 0x00FC, 0x003F, 0x00FF, 0x00FC, 0x003F, 0x00FF, 0x00FC,
  0x0003, 0x00FF, 0x00F0, 0x0003, 0x00FF, 0x00F0, 0x0000, 0x0000, 0x0000, 0x0007, 0x00FF, 0x00FC, 0x0003, 0x00FE, 0x0000, 0x0000,
  0x0000, 0x0000, 0x003F, 0x00FF, 0x00FE, 0x003F, 0x00FF, 0x0000, 0x0000, 0x007F, 0x0000, 0x0000, 0x0000, 0x0000, 0x0000, 0x0000,
  0x0000, 0x0000, 0x0000, 0x0000, 0x0000, 0x0000, 0x0000, 0x0000, 0x0000, 0x0000, 0x0000, 0x0000, 0x0000, 0x0000, 0x007F, 0x00FE,
  0x0000, 0x001F, 0x0000, 0x0000, 0x001E, 0x0000, 0x0000, 0x0000, 0x0000, 0x0000, 0x0000, 0x0000, 0x0000, 0x0000, 0x0000, 0x0000,
  0x0000, 0x0000, 0x0000, 0x0000, 0x0000, 0x0000, 0x0000, 0x0000, 0x0000, 0x0000, 0x0000, 0x0000, 0x0000, 0x0000, 0x0000, 0x0000,
  0x0000, 0x0000, 0x0007, 0x00FE, 0x0000, 0x0000, 0x0000, 0x0000, 0x0000, 0x0000, 0x0000, 0x0007, 0x00FE, 0x0000, 0x0007, 0x00FC,
  0x0000, 0x0001, 0x00F0, 0x007F, 0x00FF, 0x00FE, 0x007F, 0x00FF, 0x00FE, 0x007F, 0x00FF, 0x00FE, 0x0003, 0x00FF, 0x00F8, 0x0003,
  0x00FF, 0x00F0, 0x0000, 0x0000, 0x0000, 0x000F, 0x00FF, 0x00FE, 0x0007, 0x00FF, 0x0000, 0x0000, 0x0000, 0x0000, 0x001F, 0x00FF,
  0x00FE, 0x001F, 0x00FF, 0x00E0, 0x0013, 0x00FF, 0x00E0, 0x0000, 0x0000, 0x0000, 0x0000, 0x0000, 0x0000, 0x0000, 0x0000, 0x0000,
  0x0000, 0x00FF, 0x0000, 0x0000, 0x00F0, 0x0000, 0x0000, 0x0000, 0x0000, 0x0000, 0x00FF, 0x00F6, 0x0000, 0x003F, 0x00E0, 0x0000,
  0x003F, 0x0000, 0x0000, 0x0000, 0x0000, 0x0000, 0x0000, 0x0000, 0x0000, 0x0000, 0x0000, 0x0000, 0x007E, 0x0000, 0x0000, 0x001F,
  0x0080, 0x0000, 0x0000, 0x0000, 0x0000, 0x0000, 0x0000, 0x0000, 0x0000, 0x0000, 0x0000, 0x0000, 0x0000, 0x0000, 0x001F, 0x00FE,
  0x0000, 0x000C, 0x0000, 0x0000, 0x0000, 0x0000, 0x0000, 0x000F, 0x00FF, 0x0000, 0x0007, 0x00FE, 0x0000, 0x0001, 0x00F8, 0x00FF,
  0x00FF, 0x00FF, 0x00FF, 0x00FF, 0x00FF, 0x00FF, 0x00FF, 0x00FF, 0x0001, 0x00FF, 0x00FC, 0x0001, 0x00FF, 0x00F0, 0x0000, 0x0000,
  0x0000, 0x000F, 0x00FF, 0x00FF, 0x0007, 0x00FF, 0x0080, 0x0000, 0x0000, 0x0000, 0x007F, 0x00FF, 0x00FE, 0x007F, 0x00FF, 0x00F8,
  0x007F, 0x00FF, 0x00F8, 0x0000, 0x0000, 0x0000, 0x0000, 0x0000, 0x0000, 0x0000, 0x0000, 0x0000, 0x0003, 0x00FF, 0x00C0, 0x0003,
  0x00FC, 0x0000, 0x0000, 0x003C, 0x0000, 0x0000, 0x00FF, 0x00F0, 0x0000, 0x003F, 0x00F0, 0x0000, 0x003F, 0x0080, 0x0003, 0x000C,
  0x0000, 0x0003, 0x000C, 0x0000, 0x0003, 0x0000, 0x0000, 0x0003, 0x00FF, 0x00C0, 0x0000, 0x00FF, 0x00E0, 0x0000, 0x0000, 0x0000,
  0x0000, 0x0000, 0x0000, 0x0000, 0x0000, 0x0000, 0x0000, 0x0000, 0x0000, 0x0000, 0x007F, 0x00FE, 0x0000, 0x003F, 0x0000, 0x0000,
  0x0000, 0x0000, 0x0000, 0x000F, 0x00FF, 0x0000, 0x000F, 0x00FF, 0x0000, 0x0003, 0x00FC, 0x00FF, 0x00FF, 0x00FF, 0x00FF, 0x00FF,
  0x00FF, 0x00FF, 0x00FF, 0x00FF, 0x0000, 0x00FF, 0x00FC, 0x0000, 0x00FF, 0x00E0, 0x0000, 0x0000, 0x0000, 0x000F, 0x00FF, 0x00FF,
  0x0007, 0x00FF, 0x00C0, 0x0000, 0x0060, 0x0000, 0x00FF, 0x00FF, 0x00FF, 0x00FF, 0x00FF, 0x00FC, 0x00FF, 0x00FF, 0x00FC, 0x0000,
  0x0018, 0x0000, 0x0000, 0x000C, 0x0000, 0x0000, 0x0000, 0x0000, 0x0007, 0x00FF, 0x00E0, 0x0007, 0x00FE, 0x0000, 0x0000, 0x00FF,
  0x0000, 0x0001, 0x00FF, 0x00F0, 0x0000, 0x007F, 0x00F8, 0x0000, 0x007F, 0x0080, 0x0007, 0x009E, 0x0000, 0x0007, 0x009E, 0x0000,
  0x0007, 0x0080, 0x0000, 0x000F, 0x00FF, 0x00F0, 0x0003, 0x00FF, 0x00F0, 0x0000, 0x0000, 0x0000, 0x0000, 0x0000, 0x0000, 0x0000,
  0x0000, 0x0000, 0x0000, 0x0000, 0x0000, 0x0000, 0x00FF, 0x00FC, 0x0000, 0x007F, 0x0080, 0x0000, 0x0000, 0x0000, 0x0000, 0x001F,
  0x00FE, 0x0000, 0x000F, 0x00FF, 0x0000, 0x0003, 0x00FC, 0x00FF, 0x00FF, 0x00FF, 0x00FF, 0x00FF, 0x00FF, 0x00FF, 0x00FF, 0x00FF,
  0x0000, 0x00FF, 0x00FE, 0x0000, 0x00FF, 0x00C0, 0x0000, 0x0000, 0x0000, 0x0007, 0x00FF, 0x00FF, 0x0003, 0x00FF, 0x00C0, 0x0000,
  0x00F0, 0x0000, 0x00FF, 0x00FF, 0x00FF, 0x00FF, 0x00FF, 0x00FE, 0x00FF, 0x00FF, 0x00FE, 0x0000, 0x003C, 0x0000, 0x0000, 0x001E,
  0x0000, 0x0000, 0x0000, 0x0000, 0x000F, 0x00FF, 0x00F0, 0x000F, 0x00FF, 0x0000, 0x0001, 0x00FF, 0x0080, 0x0003, 0x00FF, 0x00E0,
  0x0000, 0x00FF, 0x00F8, 0x0000, 0x00FF, 0x0080, 0x001F, 0x00FF, 0x00F8, 0x001F, 0x00FF, 0x00F8, 0x001F, 0x00FF, 0x00F8, 0x001F,
  0x00FF, 0x00F8, 0x0007, 0x00FF, 0x00F8, 0x0000, 0x001E, 0x0000, 0x0000, 0x0000, 0x0000, 0x0000, 0x0000, 0x0000, 0x0000, 0x0000,
  0x0000, 0x0001, 0x00FF, 0x00FC, 0x0000, 0x00FF, 0x00C0, 0x0000, 0x0000, 0x0000, 0x0000, 0x001F, 0x00FC, 0x0000, 0x001F, 0x00FE,
  0x0000, 0x0007, 0x00F8, 0x00FF, 0x00FF, 0x00FF, 0x00FF, 0x00FF, 0x00FF, 0x00FF, 0x00FF, 0x00FF, 0x0000, 0x007F, 0x00FE, 0x0000,
  0x007F, 0x00C0, 0x0000, 0x0000, 0x0000, 0x000F, 0x00FF, 0x00FF, 0x0007, 0x00FF, 0x00C0, 0x0001, 0x00F1, 0x0080, 0x00FF, 0x00FF,
  0x00FF, 0x00FF, 0x00FF, 0x00FF, 0x00FF, 0x00FF, 0x00FF, 0x0000, 0x00FF, 0x0000, 0x0000, 0x007F, 0x0080, 0x0000, 0x0000, 0x0000,
  0x001F, 0x00FF, 0x00F8, 0x001F, 0x00FF, 0x0000, 0x0003, 0x00FF, 0x00C0, 0x0003, 0x00FF, 0x00E0, 0x0000, 0x00FF, 0x00F8, 0x0000,
  0x00FF, 0x00C0, 0x001F, 0x00FF, 0x00F8, 0x001F, 0x00FF, 0x00F8, 0x001F, 0x00FF, 0x00F8, 0x003F, 0x00FF, 0x00FC, 0x000F, 0x00FF,
  0x00F8, 0x0000, 0x007F, 0x0000, 0x0000, 0x0000, 0x0000, 0x0000, 0x0000, 0x0000, 0x0000, 0x0000, 0x0000, 0x0003, 0x00FF, 0x00FC,
  0x0001, 0x00FF, 0x00E0, 0x0000, 0x0060, 0x0000, 0x0000, 0x003F, 0x00F0, 0x0000, 0x001F, 0x00FC, 0x0000, 0x0007, 0x00F0, 0x00FF,
  0x00FF, 0x00FF, 0x00FF, 0x00FF, 0x00FF, 0x00FF, 0x00FF, 0x00FF, 0x0000, 0x007F, 0x00FE, 0x0000, 0x007F, 0x00C0, 0x0000, 0x0010,
  0x0060, 0x000F, 0x00FF, 0x00FF, 0x0007, 0x00FF, 0x00E0, 0x0001, 0x00FB, 0x00C0, 0x00FF, 0x00FF, 0x00FF, 0x00FF, 0x00FF, 0x00FF,
  0x00FF, 0x00FF, 0x00FF, 0x0003, 0x00FF, 0x00C0, 0x0001, 0x00FF, 0x00E0, 0x0000, 0x0018, 0x0000, 0x001F, 0x00FF, 0x00F8, 0x001F,
  0x00FF, 0x0080, 0x0007, 0x00FF, 0x00C0, 0x0007, 0x00FF, 0x00E0, 0x0001, 0x00FF, 0x00F8, 0x0001, 0x00FF, 0x00F0, 0x003F, 0x00FF,
  0x00FC, 0x003F, 0x00FF, 0x00FC, 0x003F, 0x00FF, 0x00FC, 0x007F, 0x00FF, 0x00FE, 0x001F, 0x00FF, 0x00F8, 0x0000, 0x00FF, 0x0080,
  0x0001, 0x00FF, 0x0080, 0x0000, 0x00FF, 0x00C0, 0x0000, 0x0000, 0x0000, 0x0007, 0x00FF, 0x00FC, 0x0003, 0x00FF, 0x00F0, 0x0000,
  0x00F8, 0x0000, 0x0000, 0x007F, 0x00E0, 0x0000, 0x003F, 0x00F0, 0x0000, 0x000F, 0x00C0, 0x00FF, 0x00FF, 0x00FF, 0x00FF, 0x00FF,
  0x00FF, 0x00FF, 0x00FF, 0x00FF, 0x0000, 0x007F, 0x00FE, 0x0000, 0x007F, 0x00E0, 0x0000, 0x003F, 0x00F0, 0x001F, 0x00FF, 0x00FE,
  0x000F, 0x00FF, 0x00E0, 0x0003, 0x00FF, 0x00C0, 0x00FF, 0x00FF, 0x00FF, 0x00FF, 0x00FF, 0x00FF, 0x00FF, 0x00FF, 0x00FF, 0x0007,
  0x00FF, 0x00E0, 0x0003, 0x00FF, 0x00F0, 0x0000, 0x003C, 0x0000, 0x003F, 0x00FF, 0x00FC, 0x003F, 0x00FF, 0x0080, 0x0007, 0x00FF,
  0x00E0, 0x0007, 0x00FF, 0x00E0, 0x0001, 0x00FF, 0x00F8, 0x0001, 0x00FF, 0x00F8, 0x007F, 0x00FF, 0x00FC, 0x007F, 0x00FF, 0x00FC,
  0x003F, 0x00FF, 0x00FC, 0x007F, 0x00FF, 0x00FE, 0x001F, 0x00FF, 0x00F8, 0x0001, 0x00FF, 0x00C0, 0x0007, 0x00FF, 0x00E0, 0x0003,
  0x00FF, 0x00F0, 0x0000, 0x0000, 0x0000, 0x000F, 0x00FF, 0x00F8, 0x0007, 0x00FF, 0x00F0, 0x0001, 0x00FC, 0x0000, 0x0000, 0x00FF,
  0x00C0, 0x0000, 0x007F, 0x00E0, 0x0000, 0x000F, 0x0080, 0x007F, 0x00FF, 0x00FE, 0x007F, 0x00FF, 0x00FE, 0x007F, 0x00FF, 0x00FE,
  0x0000, 0x00FF, 0x00FF, 0x0000, 0x00FF, 0x00F8, 0x0000, 0x007F, 0x00FC, 0x001F, 0x00FF, 0x00FE, 0x000F, 0x00FF, 0x00F0, 0x0003,
  0x00FF, 0x0080, 0x00FF, 0x00FF, 0x00FF, 0x00FF, 0x00FF, 0x00FF, 0x00FF, 0x00FF, 0x00FF, 0x000F, 0x00FF, 0x00F0, 0x0007, 0x00FF,
  0x00F8, 0x0000, 0x007E, 0x0000, 0x003F, 0x00FF, 0x00FC, 0x003F, 0x00FF, 0x00C0, 0x000F, 0x00FF, 0x00E0, 0x000F, 0x00FF, 0x00E0,
  0x0003, 0x00FF, 0x00F8, 0x0003, 0x00FF, 0x00F8, 0x003F, 0x00FF, 0x00FC, 0x003F, 0x00FF, 0x00FC, 0x003F, 0x00FF, 0x00FC, 0x007F,
  0x00FF, 0x00FE, 0x001F, 0x00FF, 0x00F0, 0x0003, 0x00FF, 0x00C0, 0x001F, 0x00FF, 0x00F8, 0x000F, 0x00FF, 0x00FC, 0x0000, 0x0000,
  0x0000, 0x000F, 0x00FF, 0x00F8, 0x0007, 0x00FF, 0x00F8, 0x0001, 0x00FE, 0x0000, 0x0001, 0x00FF, 0x0000, 0x0000, 0x00FF, 0x00C0,
  0x0000, 0x001F, 0x0000, 0x007F, 0x00FF, 0x00FE, 0x007F, 0x00FF, 0x00FE, 0x007F, 0x00FF, 0x00FE, 0x0000, 0x00FF, 0x00FF, 0x0000,
  0x00FF, 0x00FC, 0x0000, 0x007F, 0x00FE, 0x001F, 0x00FF, 0x00FF, 0x000F, 0x00FF, 0x00F0, 0x0003, 0x00FF, 0x0000, 0x00FF, 0x00FF,
  0x00FF, 0x00FF, 0x00FF, 0x00FF, 0x00FF, 0x00FF, 0x00FF, 0x001F, 0x00FF, 0x00F8, 0x000F, 0x00FF, 0x00FC, 0x0000, 0x00FE, 0x0000,
  0x003F, 0x00FF, 0x00FC, 0x003F, 0x00FF, 0x00E0, 0x000F, 0x00FF, 0x00E0, 0x000F, 0x00FF, 0x00E0, 0x0003, 0x00FF, 0x00F8, 0x0003,
  0x00FF, 0x00F8, 0x007F, 0x00FF, 0x00FE, 0x007F, 0x00FF, 0x00FE, 0x007F, 0x00FF, 0x00FE, 0x003F, 0x00FF, 0x00FC, 0x000F, 0x00FF,
  0x00F8, 0x0003, 0x00FF, 0x0080, 0x003F, 0x00FF, 0x00FC, 0x001F, 0x00FF, 0x00FE, 0x0000, 0x000F, 0x00C0, 0x001F, 0x00FF, 0x00F8,
  0x000F, 0x00FF, 0x00FC, 0x0003, 0x00FF, 0x0000, 0x0003, 0x00FE, 0x0000, 0x0001, 0x00FF, 0x0000, 0x0000, 0x003C, 0x0000, 0x003F,
  0x00FF, 0x00FC, 0x003F, 0x00FF, 0x00FC, 0x003F, 0x00FF, 0x00FC, 0x0001, 0x00FF, 0x00FF, 0x0001, 0x00FF, 0x00FE, 0x0000, 0x00FF,
  0x00FC, 0x000F, 0x00FF, 0x00FF, 0x0007, 0x00FF, 0x00F8, 0x0001, 0x00FF, 0x0080, 0x00FF, 0x00FF, 0x00FF, 0x00FF, 0x00FF, 0x00FF,
  0x00FF, 0x00FF, 0x00FF, 0x003F, 0x00FF, 0x00FC, 0x001F, 0x00FF, 0x00FC, 0x0001, 0x00FF, 0x0000, 0x003F, 0x00FF, 0x00FC, 0x003F,
  0x00FF, 0x00F0, 0x000F, 0x00FF, 0x00E0, 0x000F, 0x00FF, 0x00C0, 0x0003, 0x00FF, 0x00F0, 0x0003, 0x00FF, 0x00F0, 0x007F, 0x00FF,
  0x00FE, 0x007F, 0x00FF, 0x00FE, 0x007F, 0x00FF, 0x00FE, 0x007F, 0x00FF, 0x00FE, 0x001F, 0x00FF, 0x00F8, 0x0003, 0x00FF, 0x00C0,
  0x007F, 0x00FF, 0x00FE, 0x003F, 0x00FF, 0x00FE, 0x0000, 0x003F, 0x00E0, 0x001F, 0x00FF, 0x00F0, 0x000F, 0x00FF, 0x00FC, 0x0003,
  0x00FF, 0x0080, 0x0007, 0x00FC, 0x0000, 0x0003, 0x00FE, 0x0000, 0x0000, 0x0078, 0x0000, 0x001F, 0x00FF, 0x00F8, 0x001F, 0x00FF,
  0x00F8, 0x001F, 0x00FF, 0x00F8, 0x0003, 0x00FF, 0x00FF, 0x0003, 0x00FF, 0x00FE, 0x0001, 0x00FF, 0x00F0, 0x0007, 0x00FF, 0x00FF,
  0x0003, 0x00FF, 0x00FC, 0x0000, 0x00FF, 0x0080, 0x00FF, 0x00FF, 0x00FF, 0x00FF, 0x00FF, 0x00FF, 0x00FF, 0x00FF, 0x00FF, 0x003F,
  0x00FF, 0x00FC, 0x001F, 0x00FF, 0x00FC, 0x0001, 0x00FF, 0x0080, 0x003F, 0x00FF, 0x00FC, 0x003F, 0x00FF, 0x00F0, 0x000F, 0x00FF,
  0x00C0, 0x001F, 0x00FF, 0x0080, 0x0007, 0x00FF, 0x00E0, 0x0007, 0x00FF, 0x00E0, 0x007F, 0x00FF, 0x00FE, 0x007F, 0x00FF, 0x00FE,
  0x007F, 0x00FF, 0x00FE, 0x007F, 0x00FF, 0x00FE, 0x001F, 0x00FF, 0x00F8, 0x0001, 0x00FF, 0x00C0, 0x00FF, 0x00FF, 0x00FF, 0x007F,
  0x00FF, 0x00FE, 0x0000, 0x00FF, 0x00E0, 0x003F, 0x00FF, 0x00F0, 0x001F, 0x00FF, 0x00F8, 0x0007, 0x00FF, 0x00C0, 0x000F, 0x00F8,
  0x0000, 0x0007, 0x00FC, 0x0000, 0x0000, 0x00F0, 0x0000, 0x003F, 0x00FF, 0x00FC, 0x003F, 0x00FF, 0x00FC, 0x003F, 0x00FF, 0x00FC,
  0x000F, 0x00FF, 0x00FF, 0x000F, 0x00FF, 0x00FF, 0x0007, 0x00FF, 0x00E0, 0x0007, 0x00FF, 0x00FE, 0x0003, 0x00FF, 0x00FE, 0x0000,
  0x00FF, 0x0080, 0x00FF, 0x00FF, 0x00FF, 0x00FF, 0x00FF, 0x00FF, 0x00FF, 0x00FF, 0x00FF, 0x007F, 0x00FF, 0x00FE, 0x003F, 0x00FF,
  0x00FC, 0x0003, 0x00FF, 0x0080, 0x003F, 0x00FF, 0x00FC, 0x003F, 0x00FF, 0x00F8, 0x000F, 0x00FF, 0x00C0, 0x001F, 0x00FF, 0x0000,
  0x0007, 0x00FF, 0x00C0, 0x0007, 0x00FF, 0x00C0, 0x00FF, 0x00FF, 0x00FF, 0x00FF, 0x00FF, 0x00FF, 0x00FF, 0x00FF, 0x00FF, 0x007F,
  0x00FF, 0x00FE, 0x001F, 0x00FF, 0x00F8, 0x0003, 0x00FF, 0x00C0, 0x00FF, 0x00FF, 0x00FF, 0x007F, 0x00FF, 0x00FE, 0x0001, 0x00FF,
  0x00E0, 0x003F, 0x00FF, 0x00E0, 0x001F, 0x00FF, 0x00F0, 0x0007, 0x00FF, 0x00E0, 0x001F, 0x00F0, 0x0000, 0x000F, 0x00F8, 0x0000,
  0x0001, 0x00E0, 0x0000, 0x007F, 0x00FF, 0x00FE, 0x007F, 0x00FF, 0x00FE, 0x007F, 0x00FF, 0x00FE, 0x001F, 0x00FF, 0x00FF, 0x001F,
  0x00FF, 0x00FF, 0x000F, 0x00FF, 0x00C0, 0x000F, 0x00FF, 0x00FE, 0x0007, 0x00FF, 0x00FE, 0x0001, 0x00FF, 0x00E0, 0x00FF, 0x00FF,
  0x00FF, 0x00FF, 0x00FF, 0x00FF, 0x00FF, 0x00FF, 0x00FF, 0x007F, 0x00FF, 0x00FE, 0x003F, 0x00FF, 0x00FC, 0x0003, 0x00FF, 0x0080,
  0x003F, 0x00FF, 0x00FC, 0x003F, 0x00FF, 0x00F8, 0x000F, 0x00FF, 0x0080, 0x003F, 0x00FE, 0x0000, 0x000F, 0x00FF, 0x0080, 0x000F,
  0x00FF, 0x0080, 0x00FF, 0x00FF, 0x00FF, 0x00FF, 0x00FF, 0x00FF, 0x00FF, 0x00FF, 0x00FF, 0x007F, 0x00FF, 0x00FE, 0x001F, 0x00FF,
  0x00F8, 0x0003, 0x00FF, 0x00C0, 0x00FF, 0x00FF, 0x00FF, 0x007F, 0x00FF, 0x00FC, 0x0003, 0x00FF, 0x00C0, 0x003F, 0x00FF, 0x00C0,
  0x001F, 0x00FF, 0x00E0, 0x0007, 0x00FF, 0x00E0, 0x007F, 0x00E0, 0x0000, 0x001F, 0x00F0, 0x0000, 0x0003, 0x00C0, 0x0000, 0x007F,
  0x00FF, 0x00FE, 0x007F, 0x00FF, 0x00FE, 0x007F, 0x00FF, 0x00FE, 0x007F, 0x00F1, 0x00FE, 0x007F, 0x00F1, 0x00FE, 0x003F, 0x00F8,
  0x0000, 0x001F, 0x00FF, 0x00FC, 0x000F, 0x00FF, 0x00FC, 0x0003, 0x00FF, 0x00F0, 0x007F, 0x00FF, 0x00FE, 0x007F, 0x00FF, 0x00FE,
  0x007F, 0x00FF, 0x00FE, 0x003F, 0x00FF, 0x00FC, 0x001F, 0x00FF, 0x00FC, 0x0001, 0x00FF, 0x00C0, 0x001F, 0x00FF, 0x00F8, 0x001F,
  0x00FF, 0x00F8, 0x000F, 0x00FE, 0x0000, 0x003F, 0x00F8, 0x0000, 0x000F, 0x00FE, 0x0000, 0x000F, 0x00FE, 0x0000, 0x00FF, 0x00FF,
  0x00FF, 0x00FF, 0x00FF, 0x00FF, 0x00FF, 0x00FF, 0x00FF, 0x007F, 0x00FF, 0x00FE, 0x001F, 0x00FF, 0x00F8, 0x0003, 0x00FF, 0x00C0,
  0x00FF, 0x00FF, 0x00FF, 0x007F, 0x00FF, 0x00FC, 0x0007, 0x00FF, 0x00C0, 0x003F, 0x00FF, 0x0080, 0x001F, 0x00FF, 0x00C0, 0x0007,
  0x00FF, 0x00E0, 0x00FF, 0x00C0, 0x0000, 0x007F, 0x00E0, 0x0000, 0x0007, 0x0080, 0x0000, 0x003F, 0x00FF, 0x00FC, 0x003F, 0x00FF,
  0x00FC, 0x003F, 0x00FF, 0x00FC, 0x00FF, 0x00E1, 0x00FC, 0x00FF, 0x00E1, 0x00FC, 0x007F, 0x00F0, 0x0000, 0x003E, 0x007F, 0x00F0,
  0x001F, 0x003F, 0x00F8, 0x0007, 0x00CF, 0x00E0, 0x007F, 0x00FF, 0x00FE, 0x007F, 0x00FF, 0x00FE, 0x007F, 0x00FF, 0x00FE, 0x003F,
  0x00FF, 0x00FC, 0x001F, 0x00FF, 0x00FC, 0x0001, 0x00FF, 0x00C0, 0x001F, 0x00FF, 0x00F8, 0x001F, 0x00FF, 0x00F8, 0x0007, 0x00FC,
  0x0000, 0x007F, 0x00E0, 0x0000, 0x001F, 0x00F8, 0x0000, 0x001F, 0x00F8, 0x0000, 0x00FF, 0x00FF, 0x00FF, 0x00FF, 0x00FF, 0x00FF,
  0x00FF, 0x00FF, 0x00FF, 0x007F, 0x00FF, 0x00FE, 0x001F, 0x00FF, 0x00F8, 0x0003, 0x00FF, 0x00C0, 0x007F, 0x00FF, 0x00FE, 0x003F,
  0x00FF, 0x00F8, 0x0007, 0x00FF, 0x0080, 0x007F, 0x00FF, 0x0000, 0x003F, 0x00FF, 0x0080, 0x000F, 0x00FF, 0x00E0, 0x007F, 0x0080,
  0x0000, 0x00FF, 0x00C0, 0x0000, 0x000F, 0x0000, 0x0000, 0x001F, 0x00FF, 0x00F8, 0x001F, 0x00FF, 0x00F8, 0x001F, 0x00FF, 0x00F8,
  0x00FF, 0x0080, 0x00F0, 0x00FF, 0x0080, 0x00F0, 0x007F, 0x00C0, 0x0000, 0x007C, 0x003E, 0x0000, 0x003E, 0x001F, 0x0000, 0x000F,
  0x0087, 0x00C0, 0x003F, 0x00FF, 0x00FC, 0x003F, 0x00FF, 0x00FC, 0x003F, 0x00FF, 0x00FC, 0x001F, 0x00FF, 0x00F8, 0x000F, 0x00FF,
  0x00F8, 0x0000, 0x00FF, 0x00C0, 0x000F, 0x00FF, 0x00F0, 0x000F, 0x00FF, 0x00F0, 0x0007, 0x00F8, 0x0000, 0x007F, 0x0080, 0x0000,
  0x001F, 0x00E0, 0x0000, 0x001F, 0x00E0, 0x0000, 0x00FF, 0x00FF, 0x00FF, 0x00FF, 0x00FF, 0x00FF, 0x00FF, 0x00FF, 0x00FF, 0x003F,
  0x00FF, 0x00FC, 0x000F, 0x00FF, 0x00F0, 0x0003, 0x00FF, 0x0080, 0x003F, 0x00FF, 0x00FC, 0x001F, 0x00FF, 0x00F0, 0x0007, 0x00FF,
  0x0000, 0x007F, 0x00FE, 0x0000, 0x003F, 0x00FF, 0x0000, 0x000F, 0x00FF, 0x00C0, 0x007F, 0x0000, 0x0000, 0x007F, 0x0080, 0x0000,
  0x003E, 0x0000, 0x0000, 0x003F, 0x00FF, 0x00FF, 0x003F, 0x00FF, 0x00FF, 0x003F, 0x00FF, 0x00FF, 0x00FF, 0x0000, 0x0060, 0x00FF,
  0x0000, 0x0060, 0x007F, 0x0080, 0x0000, 0x00F8, 0x0000, 0x0000, 0x007C, 0x0000, 0x0000, 0x001F, 0x0000, 0x0000, 0x001F, 0x00FF,
  0x00F8, 0x001F, 0x00FF, 0x00F8, 0x001F, 0x00FF, 0x00F8, 0x000F, 0x00FF, 0x00F0, 0x0007, 0x00FF, 0x00E0, 0x0000, 0x007F, 0x00C0,
  0x0007, 0x00FF, 0x00E0, 0x0007, 0x00FF, 0x00E0, 0x0003, 0x00F8, 0x0000, 0x00FE, 0x0000, 0x0000, 0x003F, 0x0080, 0x0000, 0x003F,
  0x0080, 0x0000, 0x00FF, 0x00FF, 0x00FF, 0x00FF, 0x00FF, 0x00FF, 0x00FF, 0x00FF, 0x00FF, 0x001F, 0x00FF, 0x00F8, 0x0007, 0x00FF,
  0x00C0, 0x0003, 0x00FE, 0x0000, 0x001F, 0x00FF, 0x00F8, 0x000F, 0x00FF, 0x00E0, 0x0007, 0x00FE, 0x0000, 0x007F, 0x00F8, 0x0000,
  0x003F, 0x00FC, 0x0000, 0x000F, 0x00FF, 0x0000, 0x00FF, 0x0000, 0x0000, 0x003F, 0x0000, 0x0000, 0x007C, 0x0000, 0x0000, 0x007F,
  0x00FF, 0x00FF, 0x007F, 0x00FF, 0x00FF, 0x007F, 0x00FF, 0x00FF, 0x007C, 0x0000, 0x0000, 0x007C, 0x0000, 0x0000, 0x003E, 0x0000,
  0x0000, 0x00F0, 0x0000, 0x0000, 0x0078, 0x0000, 0x0000, 0x001E, 0x0000, 0x0000, 0x000F, 0x00FF, 0x00F0, 0x000F, 0x00FF, 0x00F0,
  0x000F, 0x00FF, 0x00F0, 0x0007, 0x00FF, 0x00E0, 0x0003, 0x00FF, 0x0080, 0x0000, 0x003F, 0x0080, 0x0003, 0x00FF, 0x00C0, 0x0003,
  0x00FF, 0x00C0, 0x0001, 0x00F0, 0x0000, 0x00F8, 0x0000, 0x0000, 0x003E, 0x0000, 0x0000, 0x003E, 0x0000, 0x0000, 0x001E, 0x0000,
  0x0078, 0x001E, 0x0000, 0x0078, 0x001E, 0x0000, 0x0078, 0x0007, 0x00FF, 0x00E0, 0x0001, 0x00FF, 0x0000, 0x0001, 0x00F8, 0x0000,
  0x000F, 0x00FF, 0x00F0, 0x0007, 0x00FF, 0x00C0, 0x0003, 0x00FC, 0x0000, 0x007F, 0x00C0, 0x0000, 0x003F, 0x00E0, 0x0000, 0x000F,
  0x00F8, 0x0000, 0x007E, 0x0000, 0x0000, 0x000F, 0x0000, 0x0000, 0x003C, 0x0000, 0x0000, 0x00FF, 0x00FF, 0x00FE, 0x00FF, 0x00FF,
  0x00FE, 0x00FF, 0x00FF, 0x00FE, 0x0038, 0x0000, 0x0000, 0x0038, 0x0000, 0x0000, 0x001C, 0x0000, 0x0000, 0x00E0, 0x0000, 0x0000,
  0x0070, 0x0000, 0x0000, 0x001C, 0x0000, 0x0000, 0x0003, 0x00FF, 0x00C0, 0x0003, 0x00FF, 0x00C0, 0x0003, 0x00FF, 0x00C0, 0x0001,
  0x00FF, 0x0080, 0x0000, 0x00FE, 0x0000, 0x0000, 0x000F, 0x0000, 0x0000, 0x00FF, 0x0000, 0x0000, 0x00FF, 0x0000, 0x0000, 0x00E0,
  0x0000, 0x00E0, 0x0000, 0x0000, 0x0038, 0x0000, 0x0000, 0x0038, 0x0000, 0x0000, 0x001E, 0x0000, 0x0078, 0x001E, 0x0000, 0x0078,
  0x001E, 0x0000, 0x0078, 0x0000, 0x00FF, 0x0000, 0x0000, 0x003E, 0x0000, 0x0000, 0x00F0, 0x0000, 0x0001, 0x00FF, 0x0080, 0x0000,
  0x00FF, 0x0000, 0x0001, 0x00F0, 0x0000, 0x003E, 0x0000, 0x0000, 0x001F, 0x0000, 0x0000, 0x0007, 0x00C0, 0x0000, 0x0030, 0x0000,
  0x0000, 0x0006, 0x0000, 0x0000, 0x0018, 0x0000, 0x0000, 0x00FF, 0x00FF, 0x00FE, 0x00FF, 0x00FF, 0x00FE, 0x00FF, 0x00FF, 0x00FE,
};

static const SpriteSheetRegion sprite_grocery_foodRegions[] PROGMEM = {
  { 0, 0, 24, 24 }, // Broccoli_new
  { 24, 0, 24, 24 }, // Broccoli_half
  { 48, 0, 24, 24 }, // Broccoli_eaten
  { 72, 0, 24, 24 }, // Cotton_candy_new
  { 96, 0, 24, 24 }, // Cotton_candy_half
  { 120, 0, 24, 24 }, // Cotton_candy_eaten
  { 144, 0, 24, 24 }, // Salad_new
  { 168, 0, 24, 24 }, // Salad_half
  { 192, 0, 24, 24 }, // Salad_eaten
  { 216, 0, 24, 24 }, // Bun_new
  { 240, 0, 24, 24 }, // Bun_half
  { 264, 0, 24, 24 }, // Bun_eaten
  { 288, 0, 24, 24 }, // Onigiri_new
  { 312, 0, 24, 24 }, // Onigiri_half
  { 336, 0, 24, 24 }, // Onigiri_eaten
  { 360, 0, 24, 24 }, // Soft_serve_new
  { 384, 0, 24, 24 }, // Soft_serve_half
  { 408, 0, 24, 24 }, // Soft_serve_eaten
  { 432, 0, 24, 24 }, // Sushi_new
  { 456, 0, 24, 24 }, // Sushi_half
  { 480, 0, 24, 24 }, // Sushi_eaten
  { 504, 0, 24, 24 }, // Hamburger_new
  { 528, 0, 24, 24 }, // Hamburger_half
  { 552, 0, 24, 24 }, // Hamburger_eaten
  { 576, 0, 24, 24 }, // Dorayaki_new
  { 600, 0, 24, 24 }, // Dorayaki_half
  { 624, 0, 24, 24 }, // Dorayaki_eaten
  { 648, 0, 24, 24 }, // Yam_new
  { 672, 0, 24, 24 }, // Yam_half
  { 696, 0, 24, 24 }, // Yam_eaten
  { 720, 0, 24, 24 }, // Green_onion_new
  { 744, 0, 24, 24 }, // Green_onion_half
  { 768, 0, 24, 24 }, // Green_onion_eaten
  { 792, 0, 24, 24 }, // Ramen_new
  { 816, 0, 24, 24 }, // Ramen_half
  { 840, 0, 24, 24 }, // Ramen_eaten
};

#endif
