#ifndef _SPRITE_LETTERS_H_
#define _SPRITE_LETTERS_H_
#include <Arduino.h>

#define SPRITE_LETTERS_WIDTH 192
#define SPRITE_LETTERS_HEIGHT 80

const unsigned short sprite_letters[15360] PROGMEM={
  0xFFFF, 0xFFFF, 0xFFFF, 0xFFFF, 0xFFFF, 0xFFFF, 0xFFFF, 0xFFFF, 0xFFFF, 0xFFFF, 0xFFFF, 0xFFFF,
  0xFFFF, 0xFFFF, 0xFFFF, 0xFFFF, 0xFFFF, 0xFFFF, 0xFFFF, 0xFFFF, 0xFFFF, 0xFFFF, 0xFFFF, 0xFFFF,
  0xFFFF, 0xFFFF, 0xFFFF, 0xFFFF, 0xFFFF, 0xFFFF, 0xFFFF, 0xFFFF, 0xFFFF, 0xFFFF, 0xFFFF, 0xFFFF,
  0xFFFF, 0xFFFF, 0xFFFF, 0xFFFF, 0xFFFF, 0xFFFF, 0xFFFF, 0xFFFF, 0xFFFF, 0xFFFF, 0xFFFF, 0xFFFF,
  0xFFFF, 0xFFFF, 0xFFFF, 0xFFFF, 0xFFFF, 0xFFFF, 0xFFFF, 0xFFFF, 0xFFFF, 0xFFFF, 0xFFFF, 0xFFFF,
  0xFFFF, 0xFFFF, 0xFFFF, 0xFFFF, 0xFFFF, 0xFFFF, 0xFFFF, 0xFFFF, 0xFFFF, 0xFFFF, 0xFFFF, 0xFFFF,
  0xFFFF, 0xFFFF, 0xFFFF, 0xFFFF, 0xFFFF, 0xFFFF, 0xFFFF, 0xFFFF, 0xFFFF, 0xFFFF, 0xFFFF, 0xFFFF,
  0xFFFF, 0xFFFF, 0xFFFF, 0xFFFF, 0xFFFF, 0xFFFF, 0xFFFF, 0xFFFF, 0xFFFF, 0xFFFF, 0xFFFF, 0xFFFF,
  0xFFFF, 0xFFFF, 0xFFFF, 0xFFFF, 0xFFFF, 0xFFFF, 0xFFFF, 0xFFFF, 0xFFFF, 0xFFFF, 0xFFFF, 0xFFFF,
  0xFFFF, 0xFFFF, 0xFFFF, 0xFFFF, 0xFFFF, 0xFFFF, 0xFFFF, 0xFFFF, 0xFFFF, 0xFFFF, 0xFFFF, 0xFFFF,
  0xFFFF, 0xFFFF, 0xFFFF, 0xFFFF, 0xFFFF, 0xFFFF, 0xFFFF, 0xFFFF, 0xFFFF, 0xFFFF, 0xFFFF, 0xFFFF,
  0xFFFF, 0xFFFF, 0xFFFF, 0xFFFF, 0xFFFF, 0xFFFF, 0xFFFF, 0xFFFF, 0xFFFF, 0xFFFF, 0xFFFF, 0xFFFF,
  0xFFFF, 0xFFFF, 0xFFFF, 0xFFFF, 0xFFFF, 0xFFFF, 0xFFFF, 0xFFFF, 0xFFFF, 0xFFFF, 0xFFFF, 0xFFFF,
  0xFFFF, 0xFFFF, 0xFFFF, 0xFFFF, 0xFFFF, 0xFFFF, 0xFFFF, 0xFFFF, 0xFFFF, 0xFFFF, 0xFFFF, 0xFFFF,
  0xFFFF, 0xFFFF, 0xFFFF, 0xFFFF, 0xFFFF, 0xFFFF, 0xFFFF, 0xFFFF, 0xFFFF, 0xFFFF, 0xFFFF, 0xFFFF,
  0xFFFF, 0xFFFF, 0xFFFF, 0xFFFF, 0xFFFF, 0xFFFF, 0xFFFF, 0xFFFF, 0xFFFF, 0xFFFF, 0xFFFF, 0xFFFF,
  0xFFFF, 0xFFFF, 0xFFFF, 0xFFFF, 0x39C7, 0x9492, 0x8C51, 0x8C51, 0x8C51, 0x8C51, 0x8C51, 0x8C51,
  0x8C51, 0x8C51, 0x8C51, 0x8C51, 0x8C72, 0x7BF0, 0x0842, 0xFFFF, 0xFFFF, 0xFFFF, 0xFFFF, 0xFFFF,
  0xFFFF, 0xFFFF, 0x8410, 0x8C72, 0x8C51, 0x8C52, 0x8C52, 0x8C52, 0x8C51, 0x8C51, 0x8C51, 0x8C51,
  0x8C51, 0x8C51, 0x8C51, 0x8C52, 0x8C52, 0x8C51, 0x8C52, 0x10A3, 0xFFFF, 0xFFFF, 0xFFFF, 0xFFFF,
  0xFFFF, 0xFFFF, 0xFFFF, 0xFFFF, 0x2946, 0x8C72, 0x8C51, 0x8C51, 0x8C51, 0x8C51, 0x8C51, 0x8C51,
  0x8C51, 0x8C51, 0x8C51, 0x8C52, 0x8C31, 0x8C52, 0x9492, 0x2966, 0xFFFF, 0xFFFF, 0xFFFF, 0xFFFF,
  0xFFFF, 0xFFFF, 0xFFFF, 0x6B6E, 0x8C72, 0x8C51, 0x8C51, 0x8C51, 0x8C51, 0x8C51, 0x8C51, 0x8C51,
  0x8C51, 0x8C51, 0x8C51, 0x8C51, 0x8C72, 0x630D, 0xFFFF, 0xFFFF, 0xFFFF, 0xFFFF, 0xFFFF, 0xFFFF,
  0xFFFF, 0xFFFF, 0x8431, 0x8C51, 0x8C52, 0x8C52, 0x8C52, 0x8C52, 0x8C51, 0x8C51, 0x8C51, 0x8C51,
  0x8C51, 0x8C51, 0x8C51, 0x8C51, 0x8C51, 0x9492, 0x62EC, 0xFFFF, 0xFFFF, 0xFFFF, 0xFFFF, 0xFFFF,
  0xFFFF, 0xFFFF, 0xFFFF, 0x8411, 0x8C72, 0x8C52, 0x8C52, 0x8C52, 0x8C52, 0x8C51, 0x8C51, 0x8C51,
  0x8C51, 0x8C51, 0x8C51, 0x8C51, 0x8C51, 0x8C51, 0x9492, 0x4A6A, 0xFFFF, 0xFFFF, 0xFFFF, 0xFFFF,
  0xFFFF, 0xFFFF, 0xFFFF, 0xFFFF, 0x4A4A, 0x9493, 0x8C51, 0x8C52, 0x8C52, 0x8C51, 0x8C51, 0x8C51,
  0x8C51, 0x8C51, 0x8C51, 0x8C51, 0x8C51, 0x8C51, 0x8C51, 0x9472, 0x39C8, 0xFFFF, 0xFFFF, 0xFFFF,
  0xFFFF, 0x0862, 0x738E, 0x8C72, 0x8C51, 0x8C52, 0x8C51, 0x9472, 0x630D, 0xFFFF, 0xFFFF, 0xFFFF,
  0xFFFF, 0xFFFF, 0x1082, 0x7BF0, 0x8C72, 0x8C51, 0x8C52, 0x8C51, 0x9493, 0x4A6A, 0xFFFF, 0xFFFF,
  0xFFFF, 0xFFFF, 0xFFFF, 0xFFFF, 0x632D, 0xFFFF, 0xFFFF, 0xFFFF, 0xFFFF, 0xFFFF, 0xFFFF, 0xFFFF,
  0xFFFF, 0xFFFF, 0xFFFF, 0xFFFF, 0xFFFF, 0xF77D, 0x5942, 0x1020, 0xFFFF, 0xFFFF, 0xFFFF, 0xFFFF,
  0xFFFF, 0xFFFF, 0xFFDF, 0xFFFF, 0xFFFF, 0xFFFF, 0xFFFF, 0xFFFF, 0xFFFF, 0xFFFF, 0xFFFF, 0xFFFF,
  0xFFFF, 0xFFFF, 0xFFFF, 0xFFFF, 0xFFFF, 0xFFFF, 0xFFFF, 0x6A88, 0x1860, 0xFFFF, 0xFFFF, 0xFFFF,
  0xFFFF, 0xFFFF, 0xFFFF, 0x2124, 0x8C72, 0xFFFF, 0xFFFF, 0xFFFF, 0xFFFF, 0xFFFF, 0xFFFF, 0xFFFF,
  0xFFFF, 0xFFFF, 0xFFFF, 0xFFFF, 0xFFFF, 0xFFFF, 0xFFFF, 0x8B4A, 0x1860, 0xFFFF, 0xFFFF, 0xFFFF,
  0xFFFF, 0xFFFF, 0x0862, 0xCE7A, 0xFFFF, 0xFFFF, 0xFFFF, 0xFFFF, 0xFFFF, 0xFFFF, 0xFFFF, 0xFFFF,
  0xFFFF, 0xFFFF, 0xFFFF, 0xFFFF, 0xFFFF, 0xD67A, 0x4208, 0x0862, 0xFFFF, 0xFFFF, 0xFFFF, 0xFFFF,
  0xFFFF, 0xFFFF, 0xFFFF, 0xFFFF, 0xFFFF, 0xFFFF, 0xFFFF, 0xFFFF, 0xFFFF, 0xFFFF, 0xFFFF, 0xFFFF,
  0xFFFF, 0xFFFF, 0xFFFF, 0xFFFF, 0xFFFF, 0xFFFF, 0xCDF6, 0x38A0, 0x1020, 0xFFFF, 0xFFFF, 0xFFFF,
  0xFFFF, 0xFFFF, 0xFFFF, 0xFFFF, 0xFFFF, 0xFFFF, 0xFFFF, 0xFFFF, 0xFFFF, 0xFFFF, 0xFFFF, 0xFFFF,
  0xFFFF, 0xFFFF, 0xFFFF, 0xFFFF, 0xFFFF, 0xFFFF, 0xFFFF, 0xB513, 0x30A0, 0xFFFF, 0xFFFF, 0xFFFF,
  0xFFFF, 0xFFFF, 0xFFFF, 0xFFFF, 0x8C51, 0xFFFF, 0xFFFF, 0xFFFF, 0xFFFF, 0xFFFF, 0xFFFF, 0xFFFF,
  0xFFFF, 0xFFFF, 0xFFFF, 0xFFFF, 0xFFFF, 0xFFFF, 0xFFFF, 0xFFFF, 0x93CE, 0x2880, 0xFFFF, 0xFFFF,
  0xFFFF, 0x18A3, 0xDEFB, 0xFFFF, 0xFFFF, 0xFFFF, 0xFFFF, 0xFFFF, 0xD617, 0x38A1, 0x1040, 0xFFFF,
  0xFFFF, 0xFFFF, 0x18E4, 0xF79E, 0xFFFF, 0xFFFF, 0xFFFF, 0xFFFF, 0xFFFF, 0xBD53, 0x30A1, 0xFFFF,
  0xFFFF, 0xFFFF, 0x2104, 0x18C3, 0x630C, 0xFFFF, 0xF7DF, 0xFFDF, 0xFFBE, 0xFFBE, 0xFFBE, 0xFFBE,
  0xFFBE, 0xFFBE, 0xFFDF, 0xFFDF, 0xFFFF, 0xF71A, 0xD3C7, 0x4984, 0x0883, 0xFFFF, 0xFFFF, 0xFFFF,
  0xFFFF, 0xFFFF, 0xEF5D, 0xFFFF, 0xFFDF, 0xFFFF, 0xFFFF, 0xFFFF, 0xFFDF, 0xFFDE, 0xFFBE, 0xFFBE,
  0xF7BE, 0xF7BD, 0xFFBE, 0xFFDF, 0xFFDF, 0xFFFF, 0xFFDE, 0xDCED, 0x69A2, 0xFFFF, 0xFFFF, 0xFFFF,
  0xFFFF, 0xFFFF, 0x10A2, 0xAD55, 0xFFFF, 0xF7DF, 0xFFDF, 0xFFFF, 0xFFDF, 0xFFBE, 0xFFBE, 0xFFBE,
  0xFFBE, 0xF7BE, 0xF7BE, 0xFFBE, 0xFFBF, 0xFFDF, 0xFFBD, 0xE4ED, 0x7A04, 0xFFFF, 0x0001, 0xFFFF,
  0xFFFF, 0xFFFF, 0x0862, 0xC618, 0xFFFF, 0xFFDF, 0xFFFF, 0xFFFF, 0xFFDF, 0xFFDE, 0xFFBE, 0xFFBE,
  0xFFBE, 0xF7BE, 0xF7BE, 0xFFDF, 0xFFDF, 0xFFFF, 0xFFFF, 0x4228, 0x0841, 0xFFFF, 0xFFFF, 0xFFFF,
  0xFFFF, 0xFFFF, 0xEF5D, 0xFFFF, 0xFFDF, 0xFFFF, 0xFFFF, 0xFFFF, 0xFFDF, 0xFFBE, 0xFFBE, 0xFFBE,
  0xFFBE, 0xF7BE, 0xF7BE, 0xF7BE, 0xF7BE, 0xF7DE, 0xEE53, 0xBAC1, 0x2861, 0xFFFF, 0xFFFF, 0xFFFF,
  0xFFFF, 0xFFFF, 0xFFFF, 0xEF7D, 0xFFFF, 0xFFFF, 0xFFFF, 0xFFDF, 0xFFFF, 0xFFDE, 0xF7BE, 0xF7BE,
  0xF7BE, 0xF7BE, 0xF7BE, 0xF7BE, 0xF7BE, 0xF7BE, 0xFFBE, 0xE5D3, 0xB2A3, 0xFFFF, 0xFFFF, 0xFFFF,
  0xFFFF, 0xFFFF, 0xFFFF, 0x1062, 0x8C52, 0xFFFF, 0xFFDF, 0xFFDF, 0xFFDF, 0xFFDF, 0xFFBE, 0xFFBE,
  0xFFBE, 0xFFBE, 0xFFBE, 0xFFBE, 0xFFBE, 0xF7BE, 0xF7BE, 0xFFBE, 0xED0D, 0x9A42, 0xFFFF, 0xFFFF,
  0xFFFF, 0x10A3, 0xD69A, 0xFFFF, 0xFFDF, 0xFFFF, 0xFFDF, 0xFFFF, 0xEE76, 0xC303, 0x2060, 0xFFFF,
  0xFFFF, 0xFFFF, 0x18E4, 0xE71C, 0xFFFF, 0xFFDF, 0xFFFF, 0xFFDF, 0xFFFF, 0xEE13, 0xBAE3, 0xFFFF,
  0xFFFF, 0x18C4, 0xCE59, 0xE73C, 0xEF5D, 0xFFFF, 0xFFDF, 0xFFFF, 0xEE96, 0xDBA6, 0xEBE6, 0xEC07,
  0xEBC6, 0xDCAC, 0xFFBE, 0xFFFF, 0xFFFF, 0xFFDE, 0xF71B, 0xEF3C, 0x7BCF, 0xFFFF, 0xFFFF, 0xFFFF,
  0xFFFF, 0xFFFF, 0xEF7D, 0xFFFF, 0xFFFF, 0xFFFF, 0xFFFF, 0xFFFF, 0xF6B8, 0xD3C7, 0xEC06, 0xE407,
  0xE407, 0xE426, 0xE3E7, 0xF6FA, 0xFFFF, 0xFFFF, 0xFFDE, 0xFF9C, 0x8BAD, 0xFFFF, 0xFFFF, 0xFFFF,
  0xFFFF, 0x18C3, 0xC639, 0xF7BE, 0xFFFF, 0xFFFF, 0xFFFF, 0xFFFF, 0xF6F9, 0xDBC7, 0xE407, 0xE407,
  0xE408, 0xEC28, 0xE408, 0xF698, 0xFFDF, 0xFFDE, 0xFFDE, 0xFF7C, 0x944F, 0xFFFF, 0xFFFF, 0xFFFF,
  0xFFFF, 0xFFFF, 0x0862, 0xC618, 0xFFFF, 0xFFFF, 0xFFFF, 0xFFFF, 0xFFFF, 0xF71A, 0xD3E8, 0xEC06,
  0xE3E6, 0xE54F, 0xFFFF, 0xFFFF, 0xFFFF, 0xFFFF, 0xFFBF, 0xEF5D, 0x630C, 0xFFFF, 0xFFFF, 0xFFFF,
  0xFFFF, 0xFFFF, 0xEF7E, 0xFFFF, 0xFFFF, 0xFFFF, 0xFFFF, 0xFFFF, 0xE5F4, 0xDBA6, 0xEC27, 0xE427,
  0xE427, 0xE427, 0xE426, 0xE426, 0xE426, 0xE447, 0xE3E4, 0xCAE1, 0x2061, 0xFFFF, 0xFFFF, 0xFFFF,
  0xFFFF, 0xFFFF, 0xFFFF, 0xF79E, 0xFFFF, 0xFFFF, 0xFFFF, 0xFFFF, 0xFFFF, 0xE5B2, 0xDBC6, 0xEC27,
  0xE427, 0xE427, 0xE427, 0xE427, 0xE427, 0xE427, 0xE428, 0xEBE4, 0xBB01, 0xFFFF, 0xFFFF, 0xFFFF,
  0xFFFF, 0xFFFF, 0x0842, 0xAD76, 0xF79E, 0xFFFF, 0xFFFF, 0xFFFF, 0xFFFF, 0xF73B, 0xD3E6, 0xE426,
  0xE426, 0xE407, 0xE407, 0xE407, 0xE407, 0xE427, 0xDC27, 0xE427, 0xF3A2, 0xA261, 0xFFFF, 0xFFFF,
  0xFFFF, 0x10A3, 0xD69A, 0xFFFF, 0xFFFF, 0xFFFF, 0xFFFF, 0xFFFF, 0xF655, 0xC2C1, 0x2860, 0xFFFF,
  0xFFFF, 0xFFFF, 0x18E4, 0xE73C, 0xFFFF, 0xFFFF, 0xFFFF, 0xFFFF, 0xFFFF, 0xEE13, 0xBAC1, 0xFFFF,
  0xFFFF, 0x2104, 0xE73D, 0xFFFF, 0xFFFF, 0xFFFF, 0xFFFF, 0xFFFF, 0xF654, 0xD280, 0x7180, 0x6981,
  0x6140, 0x7AC7, 0xFFDE, 0xFFFF, 0xFFFF, 0xFFFF, 0xFFFF, 0xFFFF, 0xC573, 0x71C2, 0xFFFF, 0xFFFF,
  0xFFFF, 0xFFFF, 0xEF7D, 0xFFFF, 0xFFFF, 0xFFFF, 0xFFFF, 0xFFFF, 0xF656, 0xC2C3, 0x7980, 0x6981,
  0x6981, 0x7180, 0x6941, 0xDE99, 0xFFFF, 0xFFFF, 0xFFFF, 0xFFFF, 0xC511, 0x69A1, 0xFFFF, 0xFFFF,
  0xFFFF, 0x2104, 0xE73C, 0xFFFF, 0xFFFF, 0xFFFF, 0xFFFF, 0xFFFF, 0xF697, 0xD2C0, 0x71A1, 0x6161,
  0x6981, 0x6981, 0x6161, 0xE699, 0xFFFF, 0xFFFF, 0xFFFF, 0xFFFF, 0xCDF5, 0x79E2, 0x1841, 0xFFFF,
  0xFFFF, 0xFFFF, 0x0862, 0xC618, 0xFFFF, 0xFFFF, 0xFFFF, 0xFFFF, 0xFFFF, 0xF71A, 0xCB23, 0x89A0,
  0x5940, 0x6A05, 0x9491, 0xEF7D, 0xFFFF, 0xFFFF, 0xFFFF, 0xFFFF, 0xBC8E, 0x6181, 0xFFFF, 0xFFFF,
  0xFFFF, 0xFFFF, 0xEF7E, 0xFFFF, 0xFFFF, 0xFFFF, 0xFFFF, 0xFFFF, 0xED90, 0xB220, 0x6181, 0x6981,
  0x6981, 0x6981, 0x6980, 0x7160, 0x7160, 0x6960, 0x7180, 0x5982, 0xFFFF, 0xFFFF, 0xFFFF, 0xFFFF,
  0xFFFF, 0xFFFF, 0xFFFF, 0xF79E, 0xFFFF, 0xFFFF, 0xFFFF, 0xFFFF, 0xFFFF, 0xE54E, 0xB220, 0x7180,
  0x6981, 0x7181, 0x7181, 0x7181, 0x7181, 0x6961, 0x7161, 0x6981, 0x51A2, 0xFFFF, 0xFFFF, 0xFFFF,
  0xFFFF, 0xFFFF, 0x0862, 0xCE59, 0xFFFF, 0xFFDF, 0xFFFF, 0xFFFF, 0xFFFF, 0xFEF9, 0xD300, 0x89E0,
  0x7180, 0x7180, 0x7161, 0x7161, 0x7161, 0x7161, 0x7181, 0x7181, 0x71A1, 0x4962, 0xFFFF, 0xFFFF,
  0xFFFF, 0x10A3, 0xD69A, 0xFFFF, 0xFFFF, 0xFFFF, 0xFFFF, 0xFFFF, 0xF655, 0xC2E2, 0x2880, 0xFFFF,
  0xFFFF, 0xFFFF, 0x18E4, 0xE73C, 0xFFFF, 0xFFFF, 0xFFFF, 0xFFFF, 0xFFFF, 0xEE13, 0xBAC1, 0xFFFF,
  0xFFFF, 0x20E4, 0xE71C, 0xFFFF, 0xFFFF, 0xFFFF, 0xFFFF, 0xFFFF, 0xF676, 0xC2A1, 0x1040, 0xFFFF,
  0xFFFF, 0x31A6, 0xFFFF, 0xFFFF, 0xFFFF, 0xFFFF, 0xFFFF, 0xFFFF, 0xEDD3, 0xBAC2, 0xFFFF, 0xFFFF,
  0xFFFF, 0xFFFF, 0xEF7D, 0xFFFF, 0xFFFF, 0xFFFF, 0xFFFF, 0xFFFF, 0xF676, 0xC2C3, 0x2820, 0xFFFF,
  0xFFFF, 0xFFFF, 0xFFFF, 0xCE59, 0xFFFF, 0xFFFF, 0xFFFF, 0xFFFF, 0xED90, 0xBAA1, 0xFFFF, 0xFFFF,
  0xFFFF, 0x2104, 0xDEFB, 0xFFFF, 0xFFFF, 0xFFFF, 0xFFFF, 0xFFFF, 0xF697, 0xCAE3, 0x1861, 0xFFFF,
  0xFFFF, 0xFFFF, 0xFFFF, 0x94B3, 0xDE78, 0xF697, 0xF697, 0xF6B8, 0xF56F, 0xC301, 0x2041, 0xFFFF,
  0xFFFF, 0xFFFF, 0x0861, 0xC618, 0xFFFF, 0xFFFF, 0xFFFF, 0xFFFF, 0xFFFF, 0xF71A, 0xCB65, 0x38C0,
  0xFFFF, 0xFFFF, 0xFFFF, 0xE71C, 0xFFFF, 0xFFFF, 0xFFFF, 0xFFFF, 0xE50D, 0xA241, 0xFFFF, 0xFFFF,
  0xFFFF, 0xFFFF, 0xEF7E, 0xFFFF, 0xFFFF, 0xFFFF, 0xFFFF, 0xFFFF, 0xEDB1, 0xA200, 0xFFFF, 0xFFFF,
  0xFFFF, 0xFFFF, 0xFFFF, 0xFFFF, 0xFFFF, 0xFFFF, 0xFFFF, 0xFFFF, 0xFFFF, 0xFFFF, 0xFFFF, 0xFFFF,
  0xFFFF, 0xFFFF, 0xFFFF, 0xF79E, 0xFFFF, 0xFFFF, 0xFFFF, 0xFFFF, 0xFFFF, 0xED6E, 0x91A0, 0xFFFF,
  0xFFFF, 0xFFFF, 0xFFFF, 0xFFFF, 0xFFFF, 0xFFFF, 0xFFFF, 0xFFFF, 0xFFFF, 0xFFFF, 0xFFFF, 0xFFFF,
  0xFFFF, 0xFFFF, 0x0862, 0xC618, 0xFFFF, 0xFFDF, 0xFFFF, 0xFFFF, 0xFFFF, 0xFF19, 0xD362, 0x38A1,
  0xFFFF, 0xFFFF, 0xFFFF, 0xFFFF, 0xFFFF, 0xFFFF, 0xFFFF, 0xFFFF, 0xFFFF, 0xFFFF, 0xFFFF, 0xFFFF,
  0xFFFF, 0x18A3, 0xD69A, 0xFFFF, 0xFFFF, 0xFFFF, 0xFFFF, 0xFFFF, 0xF655, 0xC2C1, 0x2860, 0xFFFF,
  0xFFFF, 0xFFFF, 0x18C3, 0xE73C, 0xFFFF, 0xFFFF, 0xFFFF, 0xFFFF, 0xFFFF, 0xEE13, 0xBAC1, 0xFFFF,
  0xFFFF, 0x20E4, 0xE71C, 0xFFFF, 0xFFFF, 0xFFFF, 0xFFFF, 0xFFFF, 0xF696, 0xBB04, 0x2903, 0x2104,
  0x18E3, 0x4A49, 0xFFFF, 0xFFFF, 0xFFFF, 0xFFFF, 0xFFFF, 0xFFFF, 0xE5B2, 0xB2A1, 0xFFFF, 0xFFFF,
  0xFFFF, 0xFFFF, 0xEF7D, 0xFFFF, 0xFFFF, 0xFFFF, 0xFFFF, 0xFFFF, 0xF697, 0xBB26, 0x4122, 0x1904,
  0x2104, 0x2104, 0x2124, 0xD69A, 0xFFFF, 0xFFFF, 0xFFFF, 0xFFDE, 0xED4E, 0xB260, 0xFFFF, 0xFFFF,
  0xFFFF, 0x2104, 0xDEFC, 0xFFFF, 0xFFFF, 0xFFFF, 0xFFFF, 0xFFFF, 0xF697, 0xCAC2, 0x3081, 0xFFFF,
  0xFFFF, 0xFFFF, 0xFFFF, 0x0001, 0x6981, 0xD322, 0xCAE2, 0xCAE2, 0xD322, 0xAB02, 0x1862, 0xFFFF,
  0xFFFF, 0xFFFF, 0x0861, 0xC618, 0xFFFF, 0xFFFF, 0xFFFF, 0xFFFF, 0xFFFF, 0xF71A, 0xCB65, 0x40C0,
  0xFFFF, 0xFFFF, 0xFFFF, 0xE71C, 0xFFFF, 0xFFFF, 0xFFFF, 0xFFFF, 0xE4EC, 0x9A00, 0xFFFF, 0xFFFF,
  0xFFFF, 0xFFFF, 0xEF7E, 0xFFFF, 0xFFFF, 0xFFFF, 0xFFFF, 0xFFFF, 0xEDD3, 0xA283, 0x18E4, 0x2104,
  0x2104, 0x20E4, 0x18C3, 0xFFFF, 0xFFFF, 0xFFFF, 0xFFFF, 0xFFFF, 0xFFFF, 0xFFFF, 0xFFFF, 0xFFFF,
  0xFFFF, 0xFFFF, 0xFFFF, 0xF79E, 0xFFFF, 0xFFFF, 0xFFFF, 0xFFFF, 0xFFFF, 0xF56E, 0x9A22, 0x18C3,
  0x1904, 0x2104, 0x1904, 0x1903, 0x18E3, 0xFFFF, 0xFFFF, 0xFFFF, 0xFFFF, 0xFFFF, 0xFFFF, 0xFFFF,
  0xFFFF, 0xFFFF, 0x0862, 0xC618, 0xFFFF, 0xFFDF, 0xFFFF, 0xFFFF, 0xFFFF, 0xFF19, 0xDB42, 0x40E0,
  0xFFFF, 0xFFFF, 0xFFFF, 0xFFFF, 0xFFFF, 0xFFFF, 0xFFFF, 0xFFFF, 0xFFFF, 0xFFFF, 0xFFFF, 0xFFFF,
  0xFFFF, 0x18A3, 0xD69A, 0xFFFF, 0xFFFF, 0xFFFF, 0xFFFF, 0xFFFF, 0xF697, 0xBB45, 0x3923, 0x18E3,
  0x1903, 0x18E3, 0x2965, 0xE73C, 0xFFFF, 0xFFFF, 0xFFFF, 0xFFFF, 0xFFFF, 0xEE13, 0xBAC1, 0xFFFF,
  0xFFFF, 0x20E4, 0xE71C, 0xFFFF, 0xFFFF, 0xFFFF, 0xFFFF, 0xFFFF, 0xFFDE, 0xF75C, 0xEF3C, 0xEF5D,
  0xEF5C, 0xEF5D, 0xFFFF, 0xFFFF, 0xFFFF, 0xFFFF, 0xFFFF, 0xFFFF, 0xEDB3, 0xB2A1, 0xFFFF, 0xFFFF,
  0xFFFF, 0xFFFF, 0xEF7D, 0xFFFF, 0xFFFF, 0xFFFF, 0xFFFF, 0xFFFF, 0xFFDE, 0xF77C, 0xEF5D, 0xEF7D,
  0xEF5D, 0xEF5D, 0xEF5D, 0xFFDF, 0xFFFF, 0xFFFF, 0xFFFE, 0xD4AD, 0xEB83, 0xBB24, 0xFFFF, 0xFFFF,
  0xFFFF, 0x2104, 0xDEFC, 0xFFFF, 0xFFFF, 0xFFFF, 0xFFFF, 0xFFFF, 0xF697, 0xCAC3, 0x3080, 0xFFFF,
  0xFFFF, 0xFFFF, 0xFFFF, 0xFFFF, 0x1860, 0x28A0, 0x2080, 0x2880, 0x2080, 0x2080, 0x0822, 0xFFFF,
  0xFFFF, 0xFFFF, 0x0861, 0xC618, 0xFFFF, 0xFFFF, 0xFFFF, 0xFFFF, 0xFFFF, 0xF71A, 0xCB65, 0x38C0,
  0xFFFF, 0xFFFF, 0x0841, 0xE71C, 0xFFFF, 0xFFFF, 0xFFFF, 0xFFFF, 0xE4EC, 0xA200, 0xFFFF, 0xFFFF,
  0xFFFF, 0xFFFF, 0xEF7E, 0xFFFF, 0xFFFF, 0xFFFF, 0xFFFF, 0xFFFF, 0xFFBE, 0xF75C, 0xEF5D, 0xEF5D,
  0xEF5D, 0xEF7D, 0xCE39, 0x1882, 0xFFFF, 0xFFFF, 0xFFFF, 0xFFFF, 0xFFFF, 0xFFFF, 0xFFFF, 0xFFFF,
  0xFFFF, 0xFFFF, 0xFFFF, 0xF79E, 0xFFFF, 0xFFFF, 0xFFFF, 0xFFFF, 0xFFFF, 0xFF9D, 0xF75C, 0xEF7D,
  0xEF7D, 0xEF7D, 0xEF5D, 0xEF5D, 0xE71C, 0x2904, 0xFFFF, 0xFFFF, 0xFFFF, 0xFFFF, 0xFFFF, 0xFFFF,
  0xFFFF, 0xFFFF, 0x0862, 0xC618, 0xFFFF, 0xFFDF, 0xFFFF, 0xFFFF, 0xFFFF, 0xFF19, 0xDB42, 0x40E0,
  0xFFFF, 0xFFFF, 0xFFFF, 0xFFFF, 0xFFFF, 0xFFFF, 0xFFFF, 0xFFFF, 0xFFFF, 0xFFFF, 0xFFFF, 0xFFFF,
  0xFFFF, 0x18A3, 0xD69A, 0xFFFF, 0xFFFF, 0xFFFF, 0xFFFF, 0xFFFF, 0xFFDF, 0xF77C, 0xEF5D, 0xEF5D,
  0xEF5D, 0xEF5D, 0xEF7D, 0xFFFF, 0xFFFF, 0xFFFF, 0xFFFF, 0xFFFF, 0xFFFF, 0xEE13, 0xBAC1, 0xFFFF,
  0xFFFF, 0x20E4, 0xE71C, 0xFFFF, 0xFFFF, 0xFFFF, 0xFFFF, 0xFFFF, 0xFFFF, 0xFFFF, 0xFFFF, 0xFFFF,
  0xFFFF, 0xFFFF, 0xFFFF, 0xFFFF, 0xFFFF, 0xFFFF, 0xFFFF, 0xFFFF, 0xEDB3, 0xB2A1, 0xFFFF, 0xFFFF,
  0xFFFF, 0xFFFF, 0xEF7D, 0xFFFF, 0xFFFF, 0xFFFF, 0xFFFF, 0xFFFF, 0xFFFF, 0xFFFF, 0xFFFF, 0xFFFF,
  0xFFFF, 0xFFFF, 0xFFFF, 0xFFFF, 0xFFFF, 0xFFFF, 0xFFFE, 0xD409, 0x99C0, 0x4102, 0xFFFF, 0xFFFF,
  0xFFFF, 0x2104, 0xDEFC, 0xFFFF, 0xFFFF, 0xFFFF, 0xFFFF, 0xFFFF, 0xF697, 0xCAC3, 0x3080, 0xFFFF,
  0xFFFF, 0xFFFF, 0xFFFF, 0xFFFF, 0xFFFF, 0xFFFF, 0xFFFF, 0xFFFF, 0xFFFF, 0xFFFF, 0xFFFF, 0xFFFF,
  0xFFFF, 0xFFFF, 0x0861, 0xC618, 0xFFFF, 0xFFFF, 0xFFFF, 0xFFFF, 0xFFFF, 0xF6FA, 0xCB65, 0x38C0,
  0xFFFF, 0xFFFF, 0x0841, 0xE71C, 0xFFFF, 0xFFFF, 0xFFFF, 0xFFFF, 0xE4EC, 0x9A00, 0xFFFF, 0xFFFF,
  0xFFFF, 0xFFFF, 0xEF7E, 0xFFFF, 0xFFFF, 0xFFFF, 0xFFFF, 0xFFFF, 0xFFFF, 0xFFFF, 0xFFFF, 0xFFFF,
  0xFFFF, 0xFFFF, 0xEF5D, 0x9AA5, 0x2081, 0xFFFF, 0xFFFF, 0xFFFF, 0xFFFF, 0xFFFF, 0xFFFF, 0xFFFF,
  0xFFFF, 0xFFFF, 0xFFFF, 0xF79E, 0xFFFF, 0xFFFF, 0xFFFF, 0xFFFF, 0xFFFF, 0xFFFF, 0xFFFF, 0xFFFF,
  0xFFFF, 0xFFFF, 0xFFFF, 0xFFFF, 0xFFFF, 0x9B27, 0x30A0, 0xFFFF, 0xFFFF, 0xFFFF, 0xFFFF, 0xFFFF,
  0xFFFF, 0xFFFF, 0x0862, 0xC618, 0xFFFF, 0xFFDF, 0xFFFF, 0xFFFF, 0xFFFF, 0xFF19, 0xDB42, 0x40E1,
  0xFFFF, 0x39C7, 0xB596, 0xB5D7, 0xB5B7, 0xB596, 0xB596, 0xBDD7, 0x424A, 0xFFFF, 0xFFFF, 0xFFFF,
  0xFFFF, 0x18A3, 0xD69A, 0xFFFF, 0xFFFF, 0xFFFF, 0xFFFF, 0xFFFF, 0xFFFF, 0xFFFF, 0xFFFF, 0xFFFF,
  0xFFFF, 0xFFFF, 0xFFFF, 0xFFFF, 0xFFFF, 0xFFFF, 0xFFFF, 0xFFFF, 0xFFFF, 0xEE13, 0xBAC1, 0xFFFF,
  0xFFFF, 0x20E4, 0xE71C, 0xFFFF, 0xFFFF, 0xFFFF, 0xFFFF, 0xFFFF, 0xF75B, 0xEE13, 0xFE33, 0xF633,
  0xF613, 0xEE76, 0xFFFF, 0xFFFF, 0xFFFF, 0xFFFF, 0xFFFF, 0xFFFF, 0xEDB3, 0xB2A1, 0xFFFF, 0xFFFF,
  0xFFFF, 0xFFFF, 0xEF7D, 0xFFFF, 0xFFFF, 0xFFFF, 0xFFFF, 0xFFFF, 0xF75B, 0xEE13, 0xF633, 0xF633,
  0xF633, 0xF613, 0xF634, 0xFF9D, 0xFFFF, 0xFFFE, 0xFFFE, 0xEDF4, 0x7A67, 0xFFFF, 0xFFFF, 0xFFFF,
  0xFFFF, 0x2104, 0xDEFC, 0xFFFF, 0xFFFF, 0xFFFF, 0xFFFF, 0xFFFF, 0xF697, 0xCAC3, 0x3080, 0xFFFF,
  0xFFFF, 0xFFFF, 0xFFFF, 0xFFFF, 0xFFFF, 0xFFFF, 0xFFFF, 0xFFFF, 0xFFFF, 0xFFFF, 0xFFFF, 0xFFFF,
  0xFFFF, 0xFFFF, 0x0861, 0xC618, 0xFFFF, 0xFFFF, 0xFFFF, 0xFFFF, 0xFFFF, 0xF71A, 0xCB65, 0x38C0,
  0xFFFF, 0xFFFF, 0x0861, 0xE71C, 0xFFFF, 0xFFFF, 0xFFFF, 0xFFFF, 0xE4EC, 0x9A00, 0xFFFF, 0xFFFF,
  0xFFFF, 0xFFFF, 0xEF7E, 0xFFFF, 0xFFFF, 0xFFFF, 0xFFFF, 0xFFFF, 0xEEFA, 0xEDF3, 0xF613, 0xF633,
  0xF613, 0xF634, 0xF5B1, 0xE383, 0x30E1, 0xFFFF, 0xFFFF, 0xFFFF, 0xFFFF, 0xFFFF, 0xFFFF, 0xFFFF,
  0xFFFF, 0xFFFF, 0xFFFF, 0xF79E, 0xFFFF, 0xFFFF, 0xFFFF, 0xFFFF, 0xFFFF, 0xEED9, 0xEE13, 0xF633,
  0xF633, 0xF633, 0xF613, 0xF633, 0xF5D1, 0xEBC3, 0x48E0, 0xFFFF, 0xFFFF, 0xFFFF, 0xFFFF, 0xFFFF,
  0xFFFF, 0xFFFF, 0x0862, 0xC618, 0xFFFF, 0xFFDF, 0xFFFF, 0xFFFF, 0xFFFF, 0xFF19, 0xDB42, 0x40E1,
  0xFFFF, 0x5ACB, 0xFFFF, 0xF697, 0xFF9C, 0xFFFF, 0xFFFF, 0xFFFF, 0x9C2E, 0x38E1, 0xFFFF, 0xFFFF,
  0xFFFF, 0x18A3, 0xD69A, 0xFFFF, 0xFFFF, 0xFFFF, 0xFFFF, 0xFFFF, 0xF75C, 0xE633, 0xF653, 0xF633,
  0xF633, 0xFE33, 0xF634, 0xFFBD, 0xFFFF, 0xFFFF, 0xFFFF, 0xFFFF, 0xFFFF, 0xEE13, 0xBAC1, 0xFFFF,
  0xFFFF, 0x20E4, 0xE71C, 0xFFFF, 0xFFFF, 0xFFFF, 0xFFFF, 0xFFFF, 0xEE55, 0xD280, 0xC2A0, 0xC2A1,
  0xBA60, 0xB388, 0xF7DE, 0xFFFF, 0xFFFF, 0xFFFF, 0xFFFF, 0xFFFF, 0xEDB3, 0xB2A1, 0xFFFF, 0xFFFF,
  0xFFFF, 0xFFFF, 0xEF7D, 0xFFFF, 0xFFFF, 0xFFFF, 0xFFFF, 0xFFFF, 0xF655, 0xCAA0, 0xC2A0, 0xC2A0,
  0xC2A0, 0xC2A0, 0xB280, 0xE6B8, 0xFFFF, 0xFFFE, 0xF7FF, 0xFFFF, 0xAC91, 0x2060, 0xFFFF, 0xFFFF,
  0xFFFF, 0x2104, 0xDEFC, 0xFFFF, 0xFFFF, 0xFFFF, 0xFFFF, 0xFFFF, 0xF697, 0xCAC3, 0x3080, 0xFFFF,
  0xFFFF, 0xFFFF, 0xFFFF, 0x3186, 0x4208, 0x41E8, 0x41E8, 0x4208, 0x2925, 0xFFFF, 0xFFFF, 0xFFFF,
  0xFFFF, 0xFFFF, 0x0861, 0xC618, 0xFFFF, 0xFFFF, 0xFFFF, 0xFFFF, 0xFFFF, 0xF71A, 0xCB65, 0x38C0,
  0xFFFF, 0xFFFF, 0x0861, 0xE71C, 0xFFFF, 0xFFFF, 0xFFFF, 0xFFFF, 0xE4EC, 0x9A00, 0xFFFF, 0xFFFF,
  0xFFFF, 0xFFFF, 0xEF7E, 0xFFFF, 0xFFFF, 0xFFFF, 0xFFFF, 0xFFFF, 0xE570, 0xCA60, 0xBAA1, 0xBAA1,
  0xBAA0, 0xBAA0, 0xC2A0, 0xBAE3, 0x28C2, 0xFFFF, 0xFFFF, 0xFFFF, 0xFFFF, 0xFFFF, 0xFFFF, 0xFFFF,
  0xFFFF, 0xFFFF, 0xFFFF, 0xF79E, 0xFFFF, 0xFFFF, 0xFFFF, 0xFFFF, 0xFFFF, 0xDD0E, 0xCA80, 0xC2A0,
  0xBAA0, 0xBAA0, 0xBAA0, 0xBAA0, 0xBAA0, 0xC302, 0x38E1, 0xFFFF, 0xFFFF, 0xFFFF, 0xFFFF, 0xFFFF,
  0xFFFF, 0xFFFF, 0x0862, 0xC618, 0xFFFF, 0xFFDF, 0xFFFF, 0xFFFF, 0xFFFF, 0xFF19, 0xDB42, 0x40E1,
  0xFFFF, 0x4A6A, 0xEF3B, 0xC324, 0xEDB2, 0xFFFF, 0xF7DF, 0xFFFF, 0xED0E, 0xA242, 0xFFFF, 0xFFFF,
  0xFFFF, 0x18A3, 0xD69A, 0xFFFF, 0xFFFF, 0xFFFF, 0xFFFF, 0xFFFF, 0xEE35, 0xC2C0, 0xC2C0, 0xBAA0,
  0xBAA0, 0xC2A0, 0xB2E3, 0xEF3A, 0xFFFF, 0xFFFF, 0xFFFF, 0xFFFF, 0xFFFF, 0xEE13, 0xBAC1, 0xFFFF,
  0xFFFF, 0x20E4, 0xE71C, 0xFFFF, 0xFFFF, 0xFFFF, 0xFFFF, 0xFFFF, 0xF696, 0xCAC1, 0x30A1, 0x1861,
  0x1840, 0x49E7, 0xFFDF, 0xFFFF, 0xFFFF, 0xFFFF, 0xFFFF, 0xFFFF, 0xEDB3, 0xB2A1, 0xFFFF, 0xFFFF,
  0xFFFF, 0xFFFF, 0xEF7D, 0xFFFF, 0xFFFF, 0xFFFF, 0xFFFF, 0xFFFF, 0xF696, 0xC2E3, 0x40C1, 0x1861,
  0x2061, 0x2061, 0x20A2, 0xD679, 0xFFFF, 0xFFFF, 0xFFFF, 0xFFFF, 0xE570, 0xAA82, 0xFFFF, 0xFFFF,
  0xFFFF, 0x2104, 0xDEFC, 0xFFFF, 0xFFFF, 0xFFFF, 0xFFFF, 0xFFFF, 0xF697, 0xCAE3, 0x30A1, 0xFFFF,
  0xFFFF, 0xFFFF, 0x1082, 0xC618, 0xFFFF, 0xFFDF, 0xFFBF, 0xFFFF, 0x9CD3, 0xFFFF, 0xFFFF, 0xFFFF,
  0xFFFF, 0xFFFF, 0x0861, 0xC618, 0xFFFF, 0xFFFF, 0xFFFF, 0xFFFF, 0xFFFF, 0xF71A, 0xD385, 0x38E0,
  0xFFFF, 0xFFFF, 0x18C3, 0xE71C, 0xFFFF, 0xFFFF, 0xFFFF, 0xFFFF, 0xE4EC, 0x9A00, 0xFFFF, 0xFFFF,
  0xFFFF, 0xFFFF, 0xEF7E, 0xFFFF, 0xFFFF, 0xFFFF, 0xFFFF, 0xFFFF, 0xF5B1, 0xAA41, 0x1881, 0x2061,
  0x2061, 0x2061, 0x2061, 0x2061, 0xFFFF, 0xFFFF, 0xFFFF, 0xFFFF, 0xFFFF, 0xFFFF, 0xFFFF, 0xFFFF,
  0xFFFF, 0xFFFF, 0xFFFF, 0xF79E, 0xFFFF, 0xFFFF, 0xFFFF, 0xFFFF, 0xFFFF, 0xED6F, 0x99E1, 0x2041,
  0x1881, 0x2061, 0x1861, 0x2061, 0x1861, 0x1861, 0xFFFF, 0xFFFF, 0xFFFF, 0xFFFF, 0xFFFF, 0xFFFF,
  0xFFFF, 0xFFFF, 0x0862, 0xC618, 0xFFFF, 0xFFDF, 0xFFFF, 0xFFFF, 0xFFFF, 0xFF19, 0xDB62, 0x4901,
  0xFFFF, 0x10A2, 0x3144, 0xBB45, 0xF654, 0xFFFF, 0xFFDF, 0xFFFF, 0xECEE, 0x9A02, 0xFFFF, 0xFFFF,
  0xFFFF, 0x18A3, 0xD69A, 0xFFFF, 0xFFFF, 0xFFFF, 0xFFFF, 0xFFFF, 0xF676, 0xC2E3, 0x38A1, 0x1861,
  0x2061, 0x1861, 0x2903, 0xE73C, 0xFFFF, 0xFFFF, 0xFFFF, 0xFFFF, 0xFFFF, 0xEE13, 0xBAC1, 0xFFFF,
  0xFFFF, 0x20E4, 0xE71C, 0xFFFF, 0xFFFF, 0xFFFF, 0xFFFF, 0xFFFF, 0xEE76, 0xC2C1, 0x1880, 0xFFFF,
  0xFFFF, 0x39E7, 0xFFDF, 0xFFFF, 0xFFFF, 0xFFFF, 0xFFFF, 0xFFFF, 0xEDB3, 0xB2A1, 0xFFFF, 0xFFFF,
  0xFFFF, 0xFFFF, 0xEF7D, 0xFFFF, 0xFFFF, 0xFFFF, 0xFFFF, 0xFFFF, 0xF655, 0xBA61, 0x1800, 0xFFFF,
  0xFFFF, 0xFFFF, 0xFFFF, 0xCE59, 0xFFFF, 0xFFDF, 0xFFFF, 0xFFFF, 0xE58F, 0xBA81, 0xFFFF, 0xFFFF,
  0xFFFF, 0x20E4, 0xDEFB, 0xFFFF, 0xFFFF, 0xFFFF, 0xFFFF, 0xFFFF, 0xF697, 0xC261, 0x2020, 0xFFFF,
  0xFFFF, 0xFFFF, 0xFFFF, 0xC5F8, 0xFFFF, 0xFFFF, 0xFFFF, 0xFFFF, 0xD5D4, 0x8A63, 0x1041, 0xFFFF,
  0xFFFF, 0xFFFF, 0x0861, 0xC618, 0xFFFF, 0xFFFF, 0xFFFF, 0xFFFF, 0xFFFF, 0xF6F9, 0xCB03, 0x3060,
  0xFFFF, 0x39C7, 0xD69A, 0xF7BE, 0xFFFF, 0xFFFF, 0xFFFF, 0xFFFF, 0xE4ED, 0x9A00, 0xFFFF, 0xFFFF,
  0xFFFF, 0xFFFF, 0xEF7E, 0xFFFF, 0xFFFF, 0xFFFF, 0xFFFF, 0xFFFF, 0xED90, 0x99E0, 0xFFFF, 0xFFFF,
  0xFFFF, 0xFFFF, 0xFFFF, 0xFFFF, 0xFFFF, 0xFFFF, 0xFFFF, 0xFFFF, 0xFFFF, 0xFFFF, 0xFFFF, 0xFFFF,
  0xFFFF, 0xFFFF, 0xFFFF, 0xF79E, 0xFFFF, 0xFFFF, 0xFFFF, 0xFFFF, 0xFFFF, 0xED6F, 0x91C1, 0xFFFF,
  0xFFFF, 0xFFFF, 0xFFFF, 0xFFFF, 0xFFFF, 0xFFFF, 0xFFFF, 0xFFFF, 0xFFFF, 0xFFFF, 0xFFFF, 0xFFFF,
  0xFFFF, 0xFFFF, 0x0862, 0xC618, 0xFFFF, 0xFFDF, 0xFFFF, 0xFFFF, 0xFFFF, 0xF6F8, 0xD2E1, 0x3860,
  0xFFFF, 0xFFFF, 0xFFFF, 0x2840, 0xBD53, 0xFFFF, 0xFFDF, 0xFFFF, 0xECCE, 0x9A02, 0xFFFF, 0xFFFF,
  0xFFFF, 0x18A3, 0xD69A, 0xFFFF, 0xFFFF, 0xFFFF, 0xFFFF, 0xFFFF, 0xF656, 0xBAE3, 0x2060, 0xFFFF,
  0xFFFF, 0xFFFF, 0x18E3, 0xE73C, 0xFFFF, 0xFFFF, 0xFFFF, 0xFFFF, 0xFFFF, 0xEDF3, 0xBAC1, 0xFFFF,
  0xFFFF, 0x20E4, 0xE71C, 0xFFFF, 0xFFFF, 0xFFFF, 0xFFFF, 0xFFFF, 0xEE76, 0xC2C1, 0x2080, 0xFFFF,
  0xFFFF, 0x39E7, 0xFFDF, 0xFFFF, 0xFFFF, 0xFFFF, 0xFFFF, 0xFFFF, 0xEDB3, 0xB2A1, 0xFFFF, 0xFFFF,
  0xFFFF, 0xFFFF, 0xEF7D, 0xFFFF, 0xFFFF, 0xFFFF, 0xFFFF, 0xFFFF, 0xFF3A, 0xD530, 0x9430, 0x8451,
  0x8C50, 0x8C50, 0x8430, 0xE71C, 0xFFFF, 0xFFFF, 0xFFFF, 0xFFFF, 0xED90, 0xB280, 0xFFFF, 0xFFFF,
  0xFFFF, 0x20E4, 0xE73C, 0xFFFF, 0xFFFF, 0xFFFF, 0xFFFF, 0xFFFF, 0xF75B, 0xD530, 0x8C30, 0x8430,
  0x8451, 0x8451, 0x8410, 0xDEFC, 0xFFFF, 0xFFFF, 0xFFFF, 0xFFFF, 0xF613, 0xBAA1, 0x1840, 0xFFFF,
  0xFFFF, 0xFFFF, 0x0861, 0xC618, 0xFFFF, 0xFFFF, 0xFFFF, 0xFFFF, 0xFFFF, 0xFF5B, 0xDD50, 0x9C70,
  0x7C30, 0xAD55, 0xFFFF, 0xFFFF, 0xFFFF, 0xFFFF, 0xFFFF, 0xEE15, 0xEC47, 0xAA40, 0xFFFF, 0xFFFF,
  0xFFFF, 0xFFFF, 0xEF7E, 0xFFFF, 0xFFFF, 0xFFFF, 0xFFFF, 0xFFFF, 0xF6D9, 0xC4F0, 0x8451, 0x8C51,
  0x8451, 0x8451, 0x8431, 0x8431, 0x8431, 0x8C72, 0x5B0C, 0xFFFF, 0xFFFF, 0xFFFF, 0xFFFF, 0xFFFF,
  0xFFFF, 0xFFFF, 0xFFFF, 0xF79E, 0xFFFF, 0xFFFF, 0xFFFF, 0xFFFF, 0xFFFF, 0xF56F, 0x99C1, 0xFFFF,
  0xFFFF, 0xFFFF, 0xFFFF, 0xFFFF, 0xFFFF, 0xFFFF, 0xFFFF, 0xFFFF, 0xFFFF, 0xFFFF, 0xFFFF, 0xFFFF,
  0xFFFF, 0xFFFF, 0x0862, 0xCE59, 0xFFFF, 0xFFDF, 0xFFFF, 0xFFFF, 0xFFFF, 0xF77B, 0xE570, 0xA470,
  0x8431, 0x8451, 0x8451, 0x7BF0, 0xCE7A, 0xFFFF, 0xFFDF, 0xFFFF, 0xECEE, 0x9A21, 0xFFFF, 0xFFFF,
  0xFFFF, 0x18A3, 0xD69A, 0xFFFF, 0xFFFF, 0xFFFF, 0xFFFF, 0xFFFF, 0xF656, 0xC2C2, 0x2880, 0xFFFF,
  0xFFFF, 0xFFFF, 0x1903, 0xE73C, 0xFFFF, 0xFFFF, 0xFFFF, 0xFFFF, 0xFFFF, 0xEDF3, 0xBAC1, 0xFFFF,
  0xFFFF, 0x20E4, 0xE71C, 0xFFFF, 0xFFFF, 0xFFFF, 0xFFFF, 0xFFFF, 0xEE76, 0xC2C1, 0x2080, 0xFFFF,
  0xFFFF, 0x39E7, 0xFFDF, 0xFFFF, 0xFFFF, 0xFFFF, 0xFFFF, 0xFFFF, 0xEDB3, 0xB2A1, 0xFFFF, 0xFFFF,
  0xFFFF, 0xFFFF, 0xEF5D, 0xFFFF, 0xFFFF, 0xFFFF, 0xFFFF, 0xFFFF, 0xFFFF, 0xFFFF, 0xFFFF, 0xFFFF,
  0xFFFF, 0xFFFF, 0xFFFF, 0xFFFF, 0xFFFF, 0xFFFF, 0xFFFF, 0xF77C, 0xED0C, 0xBAA1, 0xFFFF, 0xFFFF,
  0xFFFF, 0x18C4, 0xC618, 0xF79E, 0xFFFF, 0xFFFF, 0xFFFF, 0xFFFF, 0xFFFF, 0xFFFF, 0xFFFF, 0xFFFF,
  0xFFFF, 0xFFFF, 0xFFFF, 0xFFFF, 0xFFFF, 0xFFFF, 0xFFFF, 0xF77C, 0xE570, 0xBAA1, 0x1840, 0xFFFF,
  0xFFFF, 0xFFFF, 0x0862, 0xC618, 0xFFFF, 0xFFFF, 0xFFFF, 0xFFFF, 0xFFFF, 0xFFFF, 0xFFFF, 0xFFFF,
  0xFFFF, 0xFFFF, 0xFFFF, 0xFFFF, 0xFFFF, 0xFFBE, 0xF6B7, 0xCB65, 0xCAA1, 0x81E2, 0xFFFF, 0xFFFF,
  0xFFFF, 0xFFFF, 0xEF7E, 0xFFFF, 0xFFFF, 0xFFFF, 0xFFFF, 0xFFFF, 0xFFFF, 0xFFFF, 0xFFFF, 0xFFFF,
  0xFFFF, 0xFFFF, 0xFFFF, 0xFFFF, 0xFFFF, 0xFFFF, 0xCDF7, 0x30A1, 0x0821, 0xFFFF, 0xFFFF, 0xFFFF,
  0xFFFF, 0xFFFF, 0xFFFF, 0xF79E, 0xFFFF, 0xFFFF, 0xFFFF, 0xFFFF, 0xFFFF, 0xF56F, 0x99C1, 0xFFFF,
  0xFFFF, 0xFFFF, 0xFFFF, 0xFFFF, 0xFFFF, 0xFFFF, 0xFFFF, 0xFFFF, 0xFFFF, 0xFFFF, 0xFFFF, 0xFFFF,
  0xFFFF, 0xFFFF, 0x0842, 0xA535, 0xEF7D, 0xFFDF, 0xFFFF, 0xFFFF, 0xFFFF, 0xF7FF, 0xFFFF, 0xFFFF,
  0xFFFF, 0xFFFF, 0xFFFF, 0xFFFF, 0xFFFF, 0xFFFF, 0xFFDF, 0xF73A, 0xECAA, 0x9A41, 0xFFFF, 0xFFFF,
  0xFFFF, 0x18A3, 0xD69A, 0xFFFF, 0xFFFF, 0xFFFF, 0xFFFF, 0xFFFF, 0xF656, 0xC2C3, 0x2860, 0xFFFF,
  0xFFFF, 0xFFFF, 0x18E4, 0xE73C, 0xFFFF, 0xFFFF, 0xFFFF, 0xFFFF, 0xFFFF, 0xEDF3, 0xBAC1, 0xFFFF,
  0xFFFF, 0x20E4, 0xE73D, 0xFFFF, 0xFFDE, 0xFFFF, 0xFFFE, 0xFFFF, 0xF675, 0xC2A1, 0x2080, 0xFFFF,
  0xFFFF, 0x39E8, 0xFFFF, 0xFFFF, 0xFFDE, 0xFFDE, 0xFFDE, 0xFFFF, 0xEDB2, 0xB2A1, 0xFFFF, 0xFFFF,
  0xFFFF, 0xFFFF, 0xF77D, 0xFFFF, 0xFFDE, 0xFFFE, 0xFFFE, 0xFFFE, 0xFFFE, 0xFFDE, 0xFFDE, 0xFFDE,
  0xFFDE, 0xFFDE, 0xFFDE, 0xFFFF, 0xFFFF, 0xFFDF, 0xFFFE, 0xC44A, 0xDB21, 0xBB03, 0xFFFF, 0xFFFF,
  0xFFFF, 0xFFFF, 0x0862, 0xA514, 0xFFFF, 0xFFBE, 0xFFFE, 0xFFFE, 0xFFDE, 0xFFDE, 0xFFBE, 0xFFDE,
  0xFFBE, 0xFFDE, 0xFFDE, 0xFFDE, 0xFFFF, 0xFFFF, 0xFFFE, 0xD46B, 0xD301, 0xBAE2, 0x1840, 0xFFFF,
  0xFFFF, 0xFFFF, 0x0862, 0xC638, 0xFFFF, 0xFFBE, 0xFFFE, 0xFFFF, 0xFFFF, 0xFFFF, 0xFFDE, 0xFFDE,
  0xFFDE, 0xFFDE, 0xFFDE, 0xFFDE, 0xFFFF, 0xEE76, 0xCAE1, 0xE3A4, 0x5941, 0xFFFF, 0xFFFF, 0xFFFF,
  0xFFFF, 0xFFFF, 0xF79E, 0xFFFF, 0xF7DE, 0xFFDF, 0xFFFE, 0xFFFE, 0xFFFE, 0xFFDE, 0xFFDE, 0xFFDE,
  0xFFDE, 0xFFDE, 0xFFDE, 0xFFDE, 0xFFBE, 0xFFFF, 0xEE54, 0xBAC1, 0x2881, 0xFFFF, 0xFFFF, 0xFFFF,
  0xFFFF, 0xFFFF, 0xFFFF, 0xF79E, 0xFFFF, 0xFFFE, 0xFFFE, 0xFFDE, 0xFFFF, 0xF54E, 0x99C0, 0xFFFF,
  0xFFFF, 0xFFFF, 0xFFFF, 0xFFFF, 0xFFFF, 0xFFFF, 0xFFFF, 0xFFFF, 0xFFFF, 0xFFFF, 0xFFFF, 0xFFFF,
  0xFFFF, 0xFFFF, 0xFFFF, 0xFFFF, 0x8C52, 0xFFFF, 0xFFBE, 0xFFDE, 0xFFDE, 0xFFDE, 0xFFDE, 0xFFDE,
  0xFFBE, 0xFFBE, 0xFFDE, 0xFFDE, 0xF7DE, 0xFFFF, 0xFF7C, 0xCB85, 0xDB62, 0x9A83, 0xFFFF, 0xFFFF,
  0xFFFF, 0x18A3, 0xD6BA, 0xFFFF, 0xFFDE, 0xFFDE, 0xFFDE, 0xFFFF, 0xF656, 0xC2C2, 0x2880, 0xFFFF,
  0xFFFF, 0xFFFF, 0x18E4, 0xE73C, 0xFFFF, 0xFFDE, 0xFFFE, 0xFFFE, 0xFFFF, 0xEDF2, 0xBAC1, 0xFFFF,
  0xFFFF, 0x0841, 0x2966, 0xAB67, 0xF466, 0xE446, 0xE446, 0xE446, 0xEC04, 0xD342, 0x1860, 0xFFFF,
  0xFFFF, 0x0861, 0x4185, 0xBBC8, 0xEC47, 0xEC26, 0xEC26, 0xEC47, 0xEC05, 0xC342, 0xFFFF, 0xFFFF,
  0xFFFF, 0xFFFF, 0x3965, 0xA327, 0xF466, 0xEC25, 0xEC25, 0xEC25, 0xEC25, 0xEC25, 0xEC46, 0xEC46,
  0xEC46, 0xE446, 0xE446, 0xE446, 0xEC46, 0xEC26, 0xEC26, 0xEBA2, 0x89E1, 0x1861, 0xFFFF, 0xFFFF,
  0xFFFF, 0xFFFF, 0xFFFF, 0x18C5, 0x7A87, 0xEC67, 0xEC25, 0xEC45, 0xEC45, 0xEC26, 0xEC26, 0xEC46,
  0xEC45, 0xEC45, 0xEC26, 0xEC26, 0xEC46, 0xEC46, 0xEC26, 0xF3C2, 0xA241, 0x2060, 0xFFFF, 0xFFFF,
  0xFFFF, 0xFFFF, 0xFFFF, 0x2124, 0x8B08, 0xEC66, 0xEC25, 0xEC46, 0xEC46, 0xEC46, 0xEC45, 0xE446,
  0xE446, 0xE446, 0xE446, 0xEC46, 0xEC47, 0xEBE4, 0xDB22, 0x48E1, 0x0841, 0xFFFF, 0xFFFF, 0xFFFF,
  0xFFFF, 0xFFFF, 0x3186, 0xB387, 0xF465, 0xEC45, 0xEC45, 0xEC45, 0xEC45, 0xEC45, 0xEC46, 0xEC26,
  0xEC26, 0xEC26, 0xEC26, 0xEC26, 0xEC26, 0xEC46, 0xEBE4, 0xC2E2, 0x2881, 0xFFFF, 0xFFFF, 0xFFFF,
  0xFFFF, 0xFFFF, 0xFFFF, 0x3165, 0xB387, 0xF467, 0xEC26, 0xEC26, 0xEC26, 0xF3E4, 0x9A42, 0xFFFF,
  0xFFFF, 0xFFFF, 0xFFFF, 0xFFFF, 0xFFFF, 0xFFFF, 0xFFFF, 0xFFFF, 0xFFFF, 0xFFFF, 0xFFFF, 0xFFFF,
  0xFFFF, 0xFFFF, 0xFFFF, 0xFFFF, 0x18E4, 0x6227, 0xE447, 0xEC25, 0xEC25, 0xEC25, 0xEC25, 0xEC25,
  0xEC26, 0xEC26, 0xEC26, 0xEC26, 0xEC25, 0xEC46, 0xEC24, 0xF3C1, 0x69C1, 0x1860, 0xFFFF, 0xFFFF,
  0xFFFF, 0xFFFF, 0x3124, 0x9B28, 0xF447, 0xEC26, 0xEC26, 0xEC27, 0xF405, 0xDB42, 0x2880, 0xFFFF,
  0xFFFF, 0xFFFF, 0xFFFF, 0x3145, 0xA368, 0xF446, 0xEC26, 0xEC46, 0xEC46, 0xEBE4, 0xCB22, 0xFFFF,
  0xFFFF, 0xFFFF, 0xFFFF, 0x40E1, 0x71A1, 0x6960, 0x6981, 0x6960, 0x7181, 0x61A2, 0x0840, 0xFFFF,
  0xFFFF, 0xFFFF, 0xFFFF, 0x5141, 0x7181, 0x7181, 0x7181, 0x7181, 0x71A1, 0x61A2, 0xFFFF, 0xFFFF,
  0xFFFF, 0xFFFF, 0xFFFF, 0x40C1, 0x79A1, 0x7160, 0x7160, 0x7160, 0x7160, 0x7160, 0x7160, 0x7160,
  0x7160, 0x7160, 0x7160, 0x7160, 0x7160, 0x7161, 0x7161, 0x79A2, 0x38E2, 0xFFFF, 0xFFFF, 0xFFFF,
  0xFFFF, 0xFFFF, 0xFFFF, 0x0001, 0x2040, 0x71A1, 0x7160, 0x7180, 0x7180, 0x7180, 0x7180, 0x7180,
  0x7180, 0x7180, 0x7181, 0x7181, 0x7181, 0x7161, 0x7161, 0x71C2, 0x40E2, 0xFFFF, 0xFFFF, 0xFFFF,
  0xFFFF, 0xFFFF, 0xFFFF, 0xFFFF, 0x30A1, 0x71A1, 0x7180, 0x7180, 0x7180, 0x7180, 0x7180, 0x7180,
  0x7180, 0x7180, 0x7180, 0x7181, 0x7160, 0x7981, 0x61A3, 0x1020, 0xFFFF, 0xFFFF, 0xFFFF, 0xFFFF,
  0xFFFF, 0xFFFF, 0xFFFF, 0x4900, 0x7980, 0x7160, 0x7180, 0x7160, 0x7160, 0x7161, 0x7161, 0x7161,
  0x7161, 0x7161, 0x7161, 0x7161, 0x7161, 0x7160, 0x7181, 0x6183, 0x1841, 0xFFFF, 0xFFFF, 0xFFFF,
  0xFFFF, 0xFFFF, 0xFFFF, 0xFFFF, 0x5101, 0x7181, 0x7161, 0x7161, 0x7160, 0x71A2, 0x4922, 0xFFFF,
  0xFFFF, 0xFFFF, 0xFFFF, 0xFFFF, 0xFFFF, 0xFFFF, 0xFFFF, 0xFFFF, 0xFFFF, 0xFFFF, 0xFFFF, 0xFFFF,
  0xFFFF, 0xFFFF, 0xFFFF, 0xFFFF, 0xFFFF, 0x1820, 0x6982, 0x7980, 0x7180, 0x7180, 0x7180, 0x7180,
  0x7180, 0x7180, 0x7180, 0x7180, 0x7180, 0x7180, 0x7180, 0x71C2, 0x20A1, 0xFFFF, 0xFFFF, 0xFFFF,
  0xFFFF, 0xFFFF, 0xFFFF, 0x40E1, 0x7981, 0x7161, 0x7161, 0x7161, 0x7181, 0x69A3, 0x1041, 0xFFFF,
  0xFFFF, 0xFFFF, 0xFFFF, 0xFFFF, 0x4101, 0x7981, 0x7160, 0x7181, 0x7160, 0x7181, 0x69A3, 0xFFFF,
  0xFFFF, 0xFFFF, 0xFFFF, 0xFFFF, 0xFFFF, 0xFFFF, 0xFFFF, 0xFFFF, 0xFFFF, 0xFFFF, 0xFFFF, 0xFFFF,
  0xFFFF, 0xFFFF, 0xFFFF, 0xFFFF, 0xFFFF, 0xFFFF, 0xFFFF, 0xFFFF, 0xFFFF, 0xFFFF, 0xFFFF, 0xFFFF,
  0xFFFF, 0xFFFF, 0xFFFF, 0xFFFF, 0xFFFF, 0xFFFF, 0xFFFF, 0xFFFF, 0xFFFF, 0xFFFF, 0xFFFF, 0xFFFF,
  0xFFFF, 0xFFFF, 0xFFFF, 0xFFFF, 0xFFFF, 0xFFFF, 0xFFFF, 0xFFFF, 0xFFFF, 0xFFFF, 0xFFFF, 0xFFFF,
  0xFFFF, 0xFFFF, 0xFFFF, 0xFFFF, 0xFFFF, 0xFFFF, 0xFFFF, 0xFFFF, 0xFFFF, 0xFFFF, 0xFFFF, 0xFFFF,
  0xFFFF, 0xFFFF, 0xFFFF, 0xFFFF, 0xFFFF, 0xFFFF, 0xFFFF, 0xFFFF, 0xFFFF, 0xFFFF, 0xFFFF, 0xFFFF,
  0xFFFF, 0xFFFF, 0xFFFF, 0xFFFF, 0xFFFF, 0xFFFF, 0xFFFF, 0xFFFF, 0xFFFF, 0xFFFF, 0xFFFF, 0xFFFF,
  0xFFFF, 0xFFFF, 0xFFFF, 0xFFFF, 0xFFFF, 0xFFFF, 0xFFFF, 0xFFFF, 0xFFFF, 0xFFFF, 0xFFFF, 0xFFFF,
  0xFFFF, 0xFFFF, 0xFFFF, 0xFFFF, 0xFFFF, 0xFFFF, 0xFFFF, 0xFFFF, 0xFFFF, 0xFFFF, 0xFFFF, 0xFFFF,
  0xFFFF, 0xFFFF, 0xFFFF, 0xFFFF, 0xFFFF, 0xFFFF, 0xFFFF, 0xFFFF, 0xFFFF, 0xFFFF, 0xFFFF, 0xFFFF,
  0xFFFF, 0xFFFF, 0xFFFF, 0xFFFF, 0xFFFF, 0xFFFF, 0xFFFF, 0xFFFF, 0xFFFF, 0xFFFF, 0xFFFF, 0xFFFF,
  0xFFFF, 0xFFFF, 0xFFFF, 0xFFFF, 0xFFFF, 0xFFFF, 0xFFFF, 0xFFFF, 0xFFFF, 0xFFFF, 0xFFFF, 0xFFFF,
  0xFFFF, 0xFFFF, 0xFFFF, 0xFFFF, 0xFFFF, 0xFFFF, 0xFFFF, 0xFFFF, 0xFFFF, 0xFFFF, 0xFFFF, 0xFFFF,
  0xFFFF, 0xFFFF, 0xFFFF, 0xFFFF, 0xFFFF, 0xFFFF, 0xFFFF, 0xFFFF, 0xFFFF, 0xFFFF, 0xFFFF, 0xFFFF,
  0xFFFF, 0xFFFF, 0xFFFF, 0xFFFF, 0xFFFF, 0xFFFF, 0xFFFF, 0xFFFF, 0xFFFF, 0xFFFF, 0xFFFF, 0xFFFF,
  0xFFFF, 0xFFFF, 0xFFFF, 0xFFFF, 0xFFFF, 0xFFFF, 0xFFFF, 0xFFFF, 0xFFFF, 0xFFFF, 0xFFFF, 0xFFFF,
  0xFFFF, 0xFFFF, 0xFFFF, 0xFFFF, 0xFFFF, 0xFFFF, 0xFFFF, 0xFFFF, 0xFFFF, 0xFFFF, 0xFFFF, 0xFFFF,
  0xFFFF, 0xFFFF, 0xFFFF, 0xFFFF, 0xFFFF, 0xFFFF, 0xFFFF, 0xFFFF, 0xFFFF, 0xFFFF, 0xFFFF, 0xFFFF,
  0xFFFF, 0xFFFF, 0xFFFF, 0xFFFF, 0xFFFF, 0xFFFF, 0xFFFF, 0xFFFF, 0xFFFF, 0xFFFF, 0xFFFF, 0xFFFF,
  0xFFFF, 0xFFFF, 0xFFFF, 0xFFFF, 0xFFFF, 0xFFFF, 0xFFFF, 0xFFFF, 0xFFFF, 0xFFFF, 0xFFFF, 0xFFFF,
  0xFFFF, 0xFFFF, 0xFFFF, 0xFFFF, 0xFFFF, 0xFFFF, 0xFFFF, 0xFFFF, 0xFFFF, 0xFFFF, 0xFFFF, 0xFFFF,
  0xFFFF, 0xFFFF, 0xFFFF, 0xFFFF, 0xFFFF, 0xFFFF, 0xFFFF, 0xFFFF, 0xFFFF, 0xFFFF, 0xFFFF, 0xFFFF,
  0xFFFF, 0xFFFF, 0xFFFF, 0xFFFF, 0xFFFF, 0xFFFF, 0xFFFF, 0xFFFF, 0xFFFF, 0xFFFF, 0xFFFF, 0xFFFF,
  0xFFFF, 0xFFFF, 0xFFFF, 0xFFFF, 0xFFFF, 0xFFFF, 0xFFFF, 0xFFFF, 0xFFFF, 0xFFFF, 0xFFFF, 0xFFFF,
  0xFFFF, 0xFFFF, 0xFFFF, 0xFFFF, 0xFFFF, 0xFFFF, 0xFFFF, 0xFFFF, 0xFFFF, 0xFFFF, 0xFFFF, 0xFFFF,
  0xFFFF, 0xFFFF, 0xFFFF, 0xFFFF, 0xFFFF, 0xFFFF, 0xFFFF, 0xFFFF, 0xFFFF, 0xFFFF, 0xFFFF, 0xFFFF,
  0xFFFF, 0xFFFF, 0xFFFF, 0xFFFF, 0xFFFF, 0xFFFF, 0xFFFF, 0xFFFF, 0xFFFF, 0xFFFF, 0xFFFF, 0xFFFF,
  0xFFFF, 0xFFFF, 0xFFFF, 0xFFFF, 0xFFFF, 0xFFFF, 0xFFFF, 0xFFFF, 0xFFFF, 0xFFFF, 0xFFFF, 0xFFFF,
  0xFFFF, 0xFFFF, 0xFFFF, 0xFFFF, 0xFFFF, 0xFFFF, 0xFFFF, 0xFFFF, 0xFFFF, 0xFFFF, 0xFFFF, 0xFFFF,
  0xFFFF, 0xFFFF, 0xFFFF, 0xFFFF, 0xFFFF, 0xFFFF, 0xFFFF, 0xFFFF, 0xFFFF, 0xFFFF, 0xFFFF, 0xFFFF,
  0xFFFF, 0xFFFF, 0xFFFF, 0xFFFF, 0xFFFF, 0xFFFF, 0xFFFF, 0xFFFF, 0xFFFF, 0xFFFF, 0xFFFF, 0xFFFF,
  0xFFFF, 0xFFFF, 0xFFFF, 0xFFFF, 0xFFFF, 0xFFFF, 0xFFFF, 0xFFFF, 0xFFFF, 0xFFFF, 0xFFFF, 0xFFFF,
  0xFFFF, 0xFFFF, 0xFFFF, 0x0862, 0x738E, 0x9472, 0x8C51, 0x8C51, 0x8C52, 0x8C52, 0x8C52, 0x8C52,
  0x8C72, 0x8C72, 0x8C52, 0x8C51, 0x8C51, 0x9492, 0x52CB, 0xFFFF, 0xFFFF, 0xFFFF, 0xFFFF, 0xFFFF,
  0xFFFF, 0xFFFF, 0xFFFF, 0xFFFF, 0xFFFF, 0xFFFF, 0xFFFF, 0xFFFF, 0xFFFF, 0xFFFF, 0xFFFF, 0xFFFF,
  0x5AEC, 0x9472, 0x8431, 0x8C31, 0x8431, 0x8C51, 0x8C51, 0x10A3, 0xFFFF, 0xFFFF, 0xFFFF, 0xFFFF,
  0xFFFF, 0xFFFF, 0xB596, 0xFFDF, 0xF7BF, 0xFFBF, 0xF79E, 0xFFFF, 0x738E, 0xFFFF, 0xFFFF, 0xFFFF,
  0xFFFF, 0xFFFF, 0x9CF4, 0xFFFF, 0xF79E, 0xF7BF, 0xF7BE, 0xFFDF, 0x73AF, 0xFFFF, 0xFFFF, 0xFFFF,
  0xFFFF, 0xFFFF, 0xFFFF, 0x2104, 0xDEDB, 0xFFDF, 0xF7BF, 0xF7BF, 0xFFBF, 0xF77E, 0x2904, 0xFFFF,
  0xFFFF, 0xFFFF, 0xFFFF, 0xFFFF, 0xFFFF, 0xFFFF, 0xFFFF, 0xFFFF, 0xFFFF, 0xFFFF, 0xFFFF, 0xFFFF,
  0xFFFF, 0x2946, 0xE73D, 0xFFDF, 0xF7BF, 0xF7BE, 0xFFDF, 0xD6BB, 0x10A3, 0xFFFF, 0xFFFF, 0xFFFF,
  0xFFFF, 0xFFFF, 0x52AB, 0xFFDF, 0xFFBF, 0xFFBF, 0xF7BE, 0xFFFF, 0xAD35, 0xFFFF, 0xFFFF, 0xFFFF,
  0xFFFF, 0xFFFF, 0xFFFF, 0x18C3, 0xD69A, 0xFFDF, 0xF7BE, 0xF7BE, 0xF7BF, 0xEF7E, 0x2104, 0xFFFF,
  0xFFFF, 0xFFFF, 0x4208, 0xFFDF, 0xF7BE, 0xF7BE, 0xFFFF, 0x8C31, 0xFFFF, 0xFFFF, 0xFFFF, 0xFFFF,
  0xFFFF, 0xFFFF, 0xFFFF, 0xFFFF, 0xBDD7, 0xFFDF, 0xF79E, 0xF7BF, 0xF7BE, 0xF79E, 0xF79E, 0xF7BE,
  0xF7BE, 0xF7BE, 0xF7BF, 0xF79E, 0xFFFF, 0xA4F4, 0xFFFF, 0x0021, 0x0001, 0xFFFF, 0xFFFF, 0xFFFF,
  0xFFFF, 0xFFFF, 0xFFFF, 0xEF5D, 0xFFDF, 0xF7DF, 0xF7DF, 0xFFBF, 0xF7BF, 0xF7BF, 0xF7BF, 0xF7BF,
  0xF7BF, 0xF7BF, 0xFFBF, 0xF79E, 0xFFFF, 0x8410, 0xFFFF, 0xFFFF, 0xFFFF, 0xFFFF, 0xFFFF, 0xFFFF,
  0xFFFF, 0xFFFF, 0xFFFF, 0x10A3, 0xDEBB, 0xFFFF, 0xFFFF, 0xFFFF, 0xFFFF, 0xFFFF, 0xFFFF, 0xFFFF,
  0xFFFF, 0xFFFF, 0xFFFF, 0xFFFF, 0xFFFF, 0xFFFF, 0xBD75, 0x2881, 0x0820, 0xFFFF, 0xFFFF, 0xFFFF,
  0xFFFF, 0xFFFF, 0xFFFF, 0xFFFF, 0xFFFF, 0xFFFF, 0xFFFF, 0xFFFF, 0xFFFF, 0xFFFF, 0xFFFF, 0xFFFF,
  0xB596, 0xFFFF, 0xFFFF, 0xFFFF, 0xFFFF, 0xFFFF, 0xFFFF, 0x6A05, 0x1860, 0xFFFF, 0xFFFF, 0xFFFF,
  0xFFFF, 0xFFFF, 0xBDD7, 0xFFFF, 0xFFFF, 0xFFFF, 0xFFFF, 0xFFFF, 0xD50E, 0x6161, 0xFFFF, 0xFFFF,
  0xFFFF, 0xA514, 0xEF7D, 0xFFFF, 0xFFFF, 0xFFFF, 0xFFFE, 0xFFFF, 0xCD10, 0x6161, 0xFFFF, 0xFFFF,
  0xFFFF, 0xFFFF, 0xFFFF, 0x2104, 0xE71C, 0xFFFF, 0xFFFF, 0xFFFF, 0xFFFF, 0xFFBE, 0xB346, 0x38A0,
  0xFFFF, 0xFFFF, 0xFFFF, 0xFFFF, 0xFFFF, 0xFFFF, 0xFFFF, 0xFFFF, 0xFFFF, 0xFFFF, 0xFFFF, 0xFFFF,
  0xFFFF, 0x2946, 0xEF5D, 0xFFFF, 0xFFFF, 0xFFFF, 0xFFFF, 0xF6F9, 0x9263, 0x1860, 0xFFFF, 0xFFFF,
  0xFFFF, 0xFFFF, 0x4A49, 0xFFFF, 0xFFFF, 0xFFFF, 0xFFFF, 0xFFFF, 0xE615, 0x81E2, 0xFFFF, 0xFFFF,
  0xFFFF, 0xFFFF, 0xFFFF, 0x18C3, 0xDEDB, 0xFFFF, 0xFFFF, 0xFFFF, 0xFFFF, 0xFF9D, 0xAB26, 0x38C0,
  0x0022, 0xFFFF, 0x4209, 0xFFFF, 0xFFFF, 0xFFFF, 0xFFFF, 0xD551, 0x79C1, 0xFFFF, 0xFFFF, 0xFFFF,
  0xFFFF, 0xFFFF, 0xFFFF, 0xBDF8, 0xEF9E, 0xFFFF, 0xFFFF, 0xFFFF, 0xFFFF, 0xFFFF, 0xFFFF, 0xFFFF,
  0xFFFF, 0xFFFF, 0xFFFF, 0xFFFF, 0xFFFF, 0xEF7D, 0xA514, 0xFFFF, 0x0002, 0xFFFF, 0xFFFF, 0xFFFF,
  0xFFFF, 0xFFFF, 0xFFFF, 0xF79E, 0xFFFF, 0xFFFF, 0xFFFF, 0xFFFF, 0xFFFF, 0xFFFF, 0xFFFF, 0xFFFF,
  0xFFFF, 0xFFFF, 0xFFFF, 0xFFFF, 0xFFDF, 0xEF5D, 0x8410, 0xFFFF, 0xFFFF, 0xFFFF, 0xFFFF, 0xFFFF,
  0xFFFF, 0xFFFF, 0xFFFF, 0x10A3, 0xCE59, 0xFFDF, 0xF79E, 0xFFBE, 0xFFFF, 0xFFFF, 0xFFFF, 0xFFFF,
  0xFFFF, 0xFFFF, 0xFFDF, 0xF7BE, 0xF79D, 0xF7BE, 0xEDF3, 0xAA82, 0x1861, 0xFFFF, 0xFFFF, 0xFFFF,
  0xFFFF, 0xFFFF, 0xFFFF, 0xFFFF, 0xFFFF, 0xFFFF, 0xFFFF, 0xFFFF, 0xFFFF, 0xFFFF, 0xFFFF, 0xFFFF,
  0xA535, 0xFFFF, 0xFFDF, 0xFFFF, 0xFFDF, 0xFFFF, 0xFFBD, 0xE447, 0x6982, 0xFFFF, 0xFFFF, 0xFFFF,
  0xFFFF, 0xFFFF, 0xBDB7, 0xFFFF, 0xFFFF, 0xFFFF, 0xFFFF, 0xFFFF, 0xFD6D, 0x91C0, 0xFFFF, 0x2125,
  0xA535, 0xFFDF, 0xFFFF, 0xFFFF, 0xFFFF, 0xFFFF, 0xFFFF, 0xDDF4, 0xEC47, 0xA242, 0xFFFF, 0xFFFF,
  0xFFFF, 0xFFFF, 0xFFFF, 0x2104, 0xE6FC, 0xFFFF, 0xFFFF, 0xFFFF, 0xFFFF, 0xFFBD, 0xEBE5, 0x50E0,
  0xFFFF, 0xFFFF, 0xFFFF, 0xFFFF, 0xFFFF, 0xFFFF, 0xFFFF, 0xFFFF, 0xFFFF, 0xFFFF, 0xFFFF, 0xFFFF,
  0xFFFF, 0x2946, 0xEF5D, 0xFFFF, 0xFFFF, 0xFFFF, 0xFFFF, 0xFF9C, 0xE5F3, 0x20A2, 0xFFFF, 0xFFFF,
  0xFFFF, 0x4208, 0xC638, 0xFFFF, 0xFFFF, 0xFFFF, 0xFFFF, 0xFFFF, 0xF635, 0xBA81, 0xFFFF, 0xFFFF,
  0xFFFF, 0xFFFF, 0xFFFF, 0x18C3, 0xDEDB, 0xFFFF, 0xFFFF, 0xFFFF, 0xFFFF, 0xFFBE, 0xEE97, 0x49C5,
  0xFFFF, 0xFFFF, 0x4229, 0xFFFF, 0xFFFF, 0xFFFF, 0xFFFF, 0xF5B1, 0xB240, 0xFFFF, 0xFFFF, 0xFFFF,
  0xFFFF, 0xFFFF, 0xFFFF, 0xFFDF, 0xFFFF, 0xFFFF, 0xFFFF, 0xFF9C, 0xDD50, 0xE570, 0xED70, 0xED70,
  0xED4F, 0xE592, 0xFFBE, 0xFFFF, 0xFFFF, 0xFFFF, 0xF6F9, 0x8202, 0x1861, 0xFFFF, 0xFFFF, 0xFFFF,
  0xFFFF, 0xFFFF, 0xFFFF, 0xF79E, 0xFFFF, 0xFFFF, 0xFFFF, 0xF75C, 0xDD0F, 0xED6F, 0xED70, 0xED70,
  0xED4F, 0xEDD2, 0xFFFE, 0xFFFF, 0xFFDF, 0xFFFF, 0xDDF5, 0x71E3, 0xFFFF, 0xFFFF, 0xFFFF, 0xFFFF,
  0xFFFF, 0xFFFF, 0xFFFF, 0x0841, 0x2945, 0x9328, 0xFC27, 0xDC49, 0xF75B, 0xFFFF, 0xFFFF, 0xFFFF,
  0xFFFF, 0xFFFF, 0xEEB8, 0xD3A6, 0xEC07, 0xE427, 0xF3E5, 0xBAC2, 0x1840, 0xFFFF, 0xFFFF, 0xFFFF,
  0xFFFF, 0xFFFF, 0xFFFF, 0xFFFF, 0xFFFF, 0xFFFF, 0xFFFF, 0xFFFF, 0xFFFF, 0xFFFF, 0xFFFF, 0xFFFF,
  0xAD55, 0xFFFF, 0xFFDF, 0xFFFF, 0xFFFF, 0xFFFF, 0xFFBD, 0xE405, 0x7160, 0xFFFF, 0xFFFF, 0xFFFF,
  0xFFFF, 0xFFFF, 0xBDB7, 0xFFFF, 0xFFFF, 0xFFFF, 0xFFFF, 0xFFFF, 0xF54D, 0x89C0, 0xFFFF, 0x2966,
  0xFFFF, 0xFFFF, 0xFFFF, 0xFFFF, 0xFFFF, 0xFFFF, 0xE634, 0xDBE4, 0xAA60, 0x5962, 0xFFFF, 0xFFFF,
  0xFFFF, 0xFFFF, 0xFFFF, 0x2104, 0xE6FC, 0xFFFF, 0xFFFF, 0xFFFF, 0xFFFF, 0xFFBD, 0xDBA5, 0x48C0,
  0xFFFF, 0xFFFF, 0xFFFF, 0xFFFF, 0xFFFF, 0xFFFF, 0xFFFF, 0xFFFF, 0xFFFF, 0xFFFF, 0xFFFF, 0xFFFF,
  0xFFFF, 0x2946, 0xEF5D, 0xFFFF, 0xFFFF, 0xFFFF, 0xFFFF, 0xFFFF, 0xFFFF, 0x94B3, 0x18E4, 0xFFFF,
  0x4228, 0xC618, 0xFFFF, 0xFFFF, 0xFFFF, 0xFFFF, 0xFFFF, 0xFFFF, 0xF635, 0xB261, 0xFFFF, 0xFFFF,
  0xFFFF, 0xFFFF, 0xFFFF, 0x18C3, 0xDEDB, 0xFFFF, 0xFFFF, 0xFFFF, 0xFFFF, 0xFFFF, 0xFFFF, 0xAD75,
  0x39E7, 0xFFFF, 0x39C7, 0xFFFF, 0xFFFF, 0xFFFF, 0xFFFF, 0xED91, 0xA220, 0xFFFF, 0xFFFF, 0xFFFF,
  0xFFFF, 0xFFFF, 0xFFFF, 0xEF5E, 0xFFFF, 0xFFFF, 0xFFFF, 0xFF5B, 0xCB45, 0x9A00, 0x89C0, 0x91E1,
  0x89A0, 0x9AA6, 0xFFBE, 0xFFFF, 0xFFFF, 0xFFFF, 0xF6F8, 0xD322, 0x28A0, 0xFFFF, 0xFFFF, 0xFFFF,
  0xFFFF, 0xFFFF, 0xFFFF, 0xF79E, 0xFFFF, 0xFFFF, 0xFFFF, 0xF73A, 0xCAE3, 0x9A00, 0x89E1, 0x9201,
  0x81C0, 0xA327, 0xFFFF, 0xFFFF, 0xFFFF, 0xFFFF, 0xEE55, 0xCAE3, 0xFFFF, 0xFFFF, 0xFFFF, 0xFFFF,
  0xFFFF, 0xFFFF, 0xFFFF, 0xFFFF, 0xFFFF, 0x30A0, 0x7180, 0x6182, 0xE6FB, 0xFFFF, 0xFFFF, 0xFFFF,
  0xFFFF, 0xFFFF, 0xEE56, 0xCA80, 0x7180, 0x6181, 0x71A1, 0x5962, 0xFFFF, 0xFFFF, 0xFFFF, 0xFFFF,
  0xFFFF, 0xFFFF, 0xFFFF, 0xFFFF, 0xFFFF, 0xFFFF, 0xFFFF, 0xFFFF, 0xFFFF, 0xFFFF, 0xFFFF, 0xFFFF,
  0xAD54, 0xFFFF, 0xFFDF, 0xFFFF, 0xFFFF, 0xFFFF, 0xFFBD, 0xE405, 0x7160, 0xFFFF, 0xFFFF, 0xFFFF,
  0xFFFF, 0xFFFF, 0xBDB7, 0xFFFF, 0xFFFF, 0xFFFF, 0xFFFF, 0xFFFF, 0xF54D, 0x8180, 0x1082, 0x6B6D,
  0xF79E, 0xFFFF, 0xFFFF, 0xFFFF, 0xFFBE, 0xF636, 0xD344, 0xC2E1, 0x4122, 0xFFFF, 0xFFFF, 0xFFFF,
  0xFFFF, 0xFFFF, 0xFFFF, 0x2104, 0xE6FC, 0xFFFF, 0xFFFF, 0xFFFF, 0xFFFF, 0xFFBD, 0xDBC5, 0x48C0,
  0xFFFF, 0xFFFF, 0xFFFF, 0xFFFF, 0xFFFF, 0xFFFF, 0xFFFF, 0xFFFF, 0xFFFF, 0xFFFF, 0xFFFF, 0xFFFF,
  0xFFFF, 0x2946, 0xEF5D, 0xFFFF, 0xFFFF, 0xFFFF, 0xFFFF, 0xFFFF, 0xFFFF, 0xFFFF, 0x8430, 0x4A69,
  0xB5B7, 0xFFFF, 0xFFBF, 0xFFFF, 0xFFFF, 0xFFFF, 0xFFFF, 0xFFFF, 0xF635, 0xB261, 0xFFFF, 0xFFFF,
  0xFFFF, 0xFFFF, 0xFFFF, 0x18C3, 0xDEDB, 0xFFFF, 0xFFFF, 0xFFFF, 0xFFFF, 0xFFFF, 0xFFDF, 0xFFFF,
  0xB575, 0x4A69, 0x83EF, 0xFFFF, 0xFFFF, 0xFFFF, 0xFFFF, 0xED91, 0xA220, 0xFFFF, 0xFFFF, 0xFFFF,
  0xFFFF, 0xFFFF, 0xFFFF, 0xEF7E, 0xFFFF, 0xFFFF, 0xFFFF, 0xFF5C, 0xD387, 0x38A0, 0xFFFF, 0xFFFF,
  0xFFFF, 0x31A7, 0xF7BF, 0xFFFF, 0xFFFF, 0xFFFF, 0xFEF8, 0xCAE1, 0x2880, 0xFFFF, 0xFFFF, 0xFFFF,
  0xFFFF, 0xFFFF, 0xFFFF, 0xF79E, 0xFFFF, 0xFFFF, 0xFFFF, 0xF73A, 0xCB04, 0x1840, 0xFFFF, 0xFFFF,
  0xFFFF, 0x4228, 0xFFFF, 0xFFFF, 0xFFFF, 0xFFFF, 0xEE35, 0xBAC2, 0xFFFF, 0xFFFF, 0xFFFF, 0xFFFF,
  0xFFFF, 0xFFFF, 0xFFFF, 0xFFFF, 0xFFFF, 0xFFFF, 0xFFFF, 0xFFFF, 0xDEDB, 0xFFFF, 0xFFFF, 0xFFFF,
  0xFFFF, 0xFFFF, 0xF676, 0xC2A2, 0x1020, 0xFFFF, 0xFFFF, 0xFFFF, 0xFFFF, 0xFFFF, 0xFFFF, 0xFFFF,
  0xFFFF, 0xFFFF, 0xFFFF, 0xFFFF, 0xFFFF, 0xFFFF, 0xFFFF, 0xFFFF, 0xFFFF, 0xFFFF, 0xFFFF, 0xFFFF,
  0xAD54, 0xFFFF, 0xFFDF, 0xFFFF, 0xFFFF, 0xFFFF, 0xFFBD, 0xE405, 0x7160, 0xFFFF, 0xFFFF, 0xFFFF,
  0xFFFF, 0xFFFF, 0xBDB7, 0xFFFF, 0xFFFF, 0xFFFF, 0xFFFF, 0xFFFF, 0xEDD1, 0x7A44, 0x632D, 0xFFFF,
  0xFFFF, 0xFFFF, 0xFFDF, 0xFFDE, 0xEE77, 0xD2C2, 0xCB44, 0x38E1, 0xFFFF, 0xFFFF, 0xFFFF, 0xFFFF,
  0xFFFF, 0xFFFF, 0xFFFF, 0x2104, 0xE6FC, 0xFFFF, 0xFFFF, 0xFFFF, 0xFFFF, 0xFFBD, 0xDBC5, 0x48C0,
  0xFFFF, 0xFFFF, 0xFFFF, 0xFFFF, 0xFFFF, 0xFFFF, 0xFFFF, 0xFFFF, 0xFFFF, 0xFFFF, 0xFFFF, 0xFFFF,
  0xFFFF, 0x2946, 0xEF5D, 0xFFFF, 0xFFFF, 0xFFFF, 0xFFFF, 0xFFFF, 0xFFFF, 0xFFDF, 0xFFFF, 0xFFFF,
  0xFFFF, 0xFFFF, 0xFFFF, 0xFFFF, 0xFFFF, 0xFFFF, 0xFFFF, 0xFFFF, 0xF635, 0xB261, 0xFFFF, 0xFFFF,
  0xFFFF, 0xFFFF, 0xFFFF, 0x18C3, 0xDEDB, 0xFFFF, 0xFFFF, 0xFFFF, 0xFFFF, 0xFFFF, 0xFFFF, 0xFFFF,
  0xFFFF, 0xFFFF, 0xFFFF, 0xFFFF, 0xFFFF, 0xFFFF, 0xFFFF, 0xED91, 0xA220, 0xFFFF, 0xFFFF, 0xFFFF,
  0xFFFF, 0xFFFF, 0xFFFF, 0xEF7E, 0xFFFF, 0xFFFF, 0xFFFF, 0xFF5C, 0xD387, 0x38C0, 0xFFFF, 0xFFFF,
  0xFFFF, 0x39C7, 0xF7BF, 0xFFFF, 0xFFFF, 0xFFFF, 0xFEF8, 0xCAE1, 0x2880, 0xFFFF, 0xFFFF, 0xFFFF,
  0xFFFF, 0xFFFF, 0xFFFF, 0xF79E, 0xFFFF, 0xFFFF, 0xFFFF, 0xF73B, 0xC3A9, 0x3985, 0x2965, 0x3165,
  0x2944, 0x630B, 0xFFFF, 0xFFFF, 0xFFFF, 0xFFFF, 0xEE55, 0xBAE2, 0xFFFF, 0xFFFF, 0xFFFF, 0xFFFF,
  0xFFFF, 0xFFFF, 0xFFFF, 0xFFFF, 0xFFFF, 0xFFFF, 0xFFFF, 0xFFFF, 0xDEDB, 0xFFFF, 0xFFFF, 0xFFFF,
  0xFFFF, 0xFFFF, 0xEE76, 0xC2A2, 0x1040, 0xFFFF, 0xFFFF, 0xFFFF, 0xFFFF, 0xFFFF, 0xFFFF, 0xFFFF,
  0xFFFF, 0xFFFF, 0xFFFF, 0xFFFF, 0xFFFF, 0xFFFF, 0xFFFF, 0xFFFF, 0xFFFF, 0xFFFF, 0xFFFF, 0xFFFF,
  0xAD54, 0xFFFF, 0xFFDF, 0xFFFF, 0xFFFF, 0xFFFF, 0xFFBD, 0xE405, 0x7160, 0xFFFF, 0xFFFF, 0xFFFF,
  0xFFFF, 0xFFFF, 0xBDB7, 0xFFFF, 0xFFFF, 0xFFFF, 0xFFFF, 0xFFFF, 0xFFDE, 0xFFDE, 0xFFDF, 0xFFFF,
  0xFFFF, 0xFFFF, 0xFFFF, 0xE634, 0xD343, 0xCB22, 0x30A1, 0xFFFF, 0xFFFF, 0xFFFF, 0xFFFF, 0xFFFF,
  0xFFFF, 0xFFFF, 0xFFFF, 0x2104, 0xE6FC, 0xFFFF, 0xFFFF, 0xFFFF, 0xFFFF, 0xFFBD, 0xDBC5, 0x48C0,
  0xFFFF, 0xFFFF, 0xFFFF, 0xFFFF, 0xFFFF, 0xFFFF, 0xFFFF, 0xFFFF, 0xFFFF, 0xFFFF, 0xFFFF, 0xFFFF,
  0xFFFF, 0x2965, 0xEF5D, 0xFFFF, 0xFFFF, 0xFFFF, 0xFFFF, 0xFFFF, 0xFFFF, 0xFFDF, 0xFFFF, 0xFFFF,
  0xFFFF, 0xFFDF, 0xFFDF, 0xFFFF, 0xFFFF, 0xFFFF, 0xFFFF, 0xFFFF, 0xF635, 0xB261, 0xFFFF, 0xFFFF,
  0xFFFF, 0xFFFF, 0xFFFF, 0x18C3, 0xDEDB, 0xFFFF, 0xFFFF, 0xFFFF, 0xFFFF, 0xFFDF, 0xFFDF, 0xFFFF,
  0xFFFF, 0xFFFF, 0xFFFF, 0xFFFF, 0xFFFF, 0xFFFF, 0xFFFF, 0xED91, 0xA220, 0xFFFF, 0xFFFF, 0xFFFF,
  0xFFFF, 0xFFFF, 0xFFFF, 0xEF7E, 0xFFFF, 0xFFFF, 0xFFFF, 0xFF5C, 0xD387, 0x38C0, 0xFFFF, 0xFFFF,
  0xFFFF, 0x39A7, 0xF7BF, 0xFFFF, 0xFFFF, 0xFFFF, 0xFEF8, 0xCAE1, 0x3080, 0xFFFF, 0xFFFF, 0xFFFF,
  0xFFFF, 0xFFFF, 0xFFFF, 0xF79E, 0xFFFF, 0xFFFF, 0xFFFF, 0xFFFF, 0xFFBE, 0xF7BE, 0xF7BE, 0xF7BE,
  0xF7BE, 0xF7BE, 0xFFFF, 0xFFFF, 0xFFDF, 0xFFFF, 0xEE34, 0xBAC1, 0xFFFF, 0xFFFF, 0xFFFF, 0xFFFF,
  0xFFFF, 0xFFFF, 0xFFFF, 0xFFFF, 0xFFFF, 0xFFFF, 0xFFFF, 0xFFFF, 0xDEDB, 0xFFFF, 0xFFFF, 0xFFFF,
  0xFFFF, 0xFFFF, 0xEE76, 0xC2A2, 0x1040, 0xFFFF, 0xFFFF, 0xFFFF, 0xFFFF, 0xFFFF, 0xFFFF, 0xFFFF,
  0xFFFF, 0xFFFF, 0xFFFF, 0xFFFF, 0xFFFF, 0xFFFF, 0xFFFF, 0xFFFF, 0xFFFF, 0xFFFF, 0xFFFF, 0xFFFF,
  0xAD55, 0xFFFF, 0xFFDF, 0xFFFF, 0xFFFF, 0xFFFF, 0xFFBD, 0xE405, 0x7160, 0xFFFF, 0xFFFF, 0xFFFF,
  0xFFFF, 0xFFFF, 0xBDB7, 0xFFFF, 0xFFFF, 0xFFFF, 0xFFFF, 0xFFFF, 0xFFFF, 0xFFFF, 0xFFFF, 0xFFFF,
  0xFFFF, 0xFFFF, 0xFFFF, 0xE613, 0xAA20, 0x20A1, 0xFFFF, 0xFFFF, 0xFFFF, 0xFFFF, 0xFFFF, 0xFFFF,
  0xFFFF, 0xFFFF, 0xFFFF, 0x2104, 0xE6FC, 0xFFFF, 0xFFFF, 0xFFFF, 0xFFFF, 0xFFBD, 0xDBC5, 0x48C0,
  0xFFFF, 0xFFFF, 0xFFFF, 0xFFFF, 0xFFFF, 0xFFFF, 0xFFFF, 0xFFFF, 0xFFFF, 0xFFFF, 0xFFFF, 0xFFFF,
  0xFFFF, 0x2965, 0xEF5D, 0xFFFF, 0xFFFF, 0xFFFF, 0xFFFF, 0xF71A, 0xCC8E, 0xFFFF, 0xFFFF, 0xFFDF,
  0xFFFF, 0xEE56, 0xD4CE, 0xFFFF, 0xFFFF, 0xFFFF, 0xFFFF, 0xFFFF, 0xF635, 0xB261, 0xFFFF, 0xFFFF,
  0xFFFF, 0xFFFF, 0xFFFF, 0x18C3, 0xDEDB, 0xFFFF, 0xFFFF, 0xFFFF, 0xFF5B, 0xDC4A, 0xFFDD, 0xFFFF,
  0xFFFF, 0xFFFF, 0xFFFF, 0xFFFF, 0xFFFF, 0xFFFF, 0xFFFF, 0xED91, 0xA220, 0xFFFF, 0xFFFF, 0xFFFF,
  0xFFFF, 0xFFFF, 0xFFFF, 0xEF7E, 0xFFFF, 0xFFFF, 0xFFFF, 0xFF5C, 0xD387, 0x38C0, 0xFFFF, 0xFFFF,
  0xFFFF, 0x39A7, 0xF7BF, 0xFFFF, 0xFFFF, 0xFFFF, 0xFEF8, 0xCAE1, 0x3060, 0xFFFF, 0xFFFF, 0xFFFF,
  0xFFFF, 0xFFFF, 0xFFFF, 0xF79E, 0xFFFF, 0xFFFF, 0xFFFF, 0xFFFF, 0xFFFF, 0xFFFF, 0xFFFF, 0xFFFF,
  0xFFFF, 0xFFFF, 0xFFFF, 0xFFFF, 0xFFFF, 0xEDF1, 0xE383, 0xC343, 0xFFFF, 0xFFFF, 0xFFFF, 0xFFFF,
  0xFFFF, 0xFFFF, 0xFFFF, 0xFFFF, 0xFFFF, 0xFFFF, 0xFFFF, 0xFFFF, 0xDEDB, 0xFFFF, 0xFFFF, 0xFFFF,
  0xFFFF, 0xFFFF, 0xEE76, 0xC2A2, 0x1040, 0xFFFF, 0xFFFF, 0xFFFF, 0xFFFF, 0xFFFF, 0xFFFF, 0xFFFF,
  0xFFFF, 0xFFFF, 0xFFFF, 0xFFFF, 0xFFFF, 0xFFFF, 0xFFFF, 0xFFFF, 0xFFFF, 0xFFFF, 0xFFFF, 0xFFFF,
  0xAD55, 0xFFFF, 0xFFDF, 0xFFFF, 0xFFFF, 0xFFFF, 0xFFBD, 0xE405, 0x7160, 0xFFFF, 0xFFFF, 0xFFFF,
  0xFFFF, 0xFFFF, 0xBDB7, 0xFFFF, 0xFFFF, 0xFFFF, 0xFFFF, 0xFFFF, 0xFFFF, 0xFFFF, 0xFFFF, 0xFFFF,
  0xFFFF, 0xFFFF, 0xFFFF, 0xFF9C, 0xB511, 0xFFFF, 0xFFFF, 0xFFFF, 0xFFFF, 0xFFFF, 0xFFFF, 0xFFFF,
  0xFFFF, 0xFFFF, 0xFFFF, 0x2104, 0xE6FC, 0xFFFF, 0xFFFF, 0xFFFF, 0xFFFF, 0xFFBD, 0xDBC5, 0x48C0,
  0xFFFF, 0xFFFF, 0xFFFF, 0xFFFF, 0xFFFF, 0xFFFF, 0xFFFF, 0xFFFF, 0xFFFF, 0xFFFF, 0xFFFF, 0xFFFF,
  0xFFFF, 0x2965, 0xEF5D, 0xFFFF, 0xFFFF, 0xFFFF, 0xFFFF, 0xFEF9, 0xC326, 0x6AEA, 0xE75D, 0xFFFF,
  0xE698, 0xDBA8, 0xE42B, 0xFFDF, 0xFFFF, 0xFFFF, 0xFFFF, 0xFFFF, 0xF635, 0xB261, 0xFFFF, 0xFFFF,
  0xFFFF, 0xFFFF, 0xFFFF, 0x18C3, 0xDEDB, 0xFFFF, 0xFFFF, 0xFFFF, 0xFF5A, 0xCB44, 0x72C9, 0xE75D,
  0xFFFF, 0xFFFF, 0xFFFF, 0xFFFF, 0xFFFF, 0xFFFF, 0xFFFF, 0xED91, 0xA220, 0xFFFF, 0xFFFF, 0xFFFF,
  0xFFFF, 0xFFFF, 0xFFFF, 0xEF7E, 0xFFFF, 0xFFFF, 0xFFFF, 0xFF5C, 0xD387, 0x38C0, 0xFFFF, 0xFFFF,
  0xFFFF, 0x39A7, 0xF7BF, 0xFFFF, 0xFFFF, 0xFFFF, 0xFEF8, 0xCAE1, 0x3060, 0xFFFF, 0xFFFF, 0xFFFF,
  0xFFFF, 0xFFFF, 0xFFFF, 0xF79E, 0xFFFF, 0xFFFF, 0xFFFF, 0xFFFF, 0xFFBE, 0xDD2E, 0xDCCC, 0xE50D,
  0xE50D, 0xE50D, 0xE50D, 0xE50D, 0xE50E, 0xF426, 0xB281, 0x4102, 0xFFFF, 0xFFFF, 0xFFFF, 0xFFFF,
  0xFFFF, 0xFFFF, 0xFFFF, 0xFFFF, 0xFFFF, 0xFFFF, 0xFFFF, 0xFFFF, 0xDEDB, 0xFFFF, 0xFFFF, 0xFFFF,
  0xFFFF, 0xFFFF, 0xEE76, 0xC2A2, 0x1040, 0xFFFF, 0xFFFF, 0xFFFF, 0xFFFF, 0xFFFF, 0xFFFF, 0xFFFF,
  0xFFFF, 0xFFFF, 0xFFFF, 0x73AF, 0x7BCF, 0x7BCF, 0x7BCF, 0x7BCF, 0x31C7, 0xFFFF, 0xFFFF, 0xFFFF,
  0xA535, 0xFFFF, 0xFFFF, 0xFFFF, 0xFFFF, 0xFFFF, 0xFFBD, 0xE405, 0x7160, 0xFFFF, 0xFFFF, 0xFFFF,
  0xFFFF, 0xFFFF, 0xBDB7, 0xFFFF, 0xFFFF, 0xFFFF, 0xFFFF, 0xFFFF, 0xEE77, 0xED50, 0xFE55, 0xFFFF,
  0xFFFF, 0xFFFF, 0xFFFF, 0xFFFF, 0xEF9E, 0x9492, 0x1082, 0xFFFF, 0xFFFF, 0xFFFF, 0xFFFF, 0xFFFF,
  0xFFFF, 0xFFFF, 0xFFFF, 0x2104, 0xE6FC, 0xFFFF, 0xFFFF, 0xFFFF, 0xFFFF, 0xFFBD, 0xE3C5, 0x48E0,
  0xFFFF, 0xFFFF, 0xFFFF, 0xFFFF, 0xFFFF, 0xFFFF, 0xFFFF, 0xFFFF, 0xFFFF, 0xFFFF, 0xFFFF, 0xFFFF,
  0xFFFF, 0x2965, 0xEF5D, 0xFFFF, 0xFFFF, 0xFFFF, 0xFFFF, 0xFF1A, 0xC305, 0x2020, 0x738F, 0xD592,
  0xFC88, 0xAA00, 0x8B4B, 0xFFFF, 0xFFFF, 0xFFFF, 0xFFFF, 0xFFFF, 0xF635, 0xB261, 0xFFFF, 0xFFFF,
  0xFFFF, 0xFFFF, 0xFFFF, 0x18C3, 0xDEDB, 0xFFFF, 0xFFFF, 0xFFFF, 0xFF5A, 0xCB44, 0x2020, 0x6B8E,
  0xE71C, 0xFFFF, 0xFFFF, 0xFFFF, 0xFFFF, 0xFFFF, 0xFFFF, 0xED91, 0xA220, 0xFFFF, 0xFFFF, 0xFFFF,
  0xFFFF, 0xFFFF, 0xFFFF, 0xEF7E, 0xFFFF, 0xFFFF, 0xFFFF, 0xFF5C, 0xD387, 0x38E0, 0xFFFF, 0xFFFF,
  0xFFFF, 0x39C7, 0xF7BF, 0xFFFF, 0xFFFF, 0xFFFF, 0xFEF8, 0xCAE1, 0x3060, 0xFFFF, 0xFFFF, 0xFFFF,
  0xFFFF, 0xFFFF, 0xFFFF, 0xF79E, 0xFFFF, 0xFFFF, 0xFFFF, 0xFFFF, 0xFFBD, 0xDBA5, 0x89A0, 0x7180,
  0x7980, 0x7980, 0x7980, 0x7980, 0x7980, 0x81C1, 0x4922, 0xFFFF, 0xFFFF, 0xFFFF, 0xFFFF, 0xFFFF,
  0xFFFF, 0xFFFF, 0xFFFF, 0xFFFF, 0xFFFF, 0xFFFF, 0xFFFF, 0xFFFF, 0xDEDB, 0xFFFF, 0xFFFF, 0xFFFF,
  0xFFFF, 0xFFFF, 0xEE76, 0xC2A2, 0x1040, 0xFFFF, 0xFFFF, 0xFFFF, 0xFFFF, 0xFFFF, 0xFFFF, 0xFFFF,
  0xFFFF, 0xFFFF, 0xFFFF, 0xFFFF, 0xFFFF, 0xFFFF, 0xFFFF, 0xFFFF, 0xA450, 0x2860, 0xFFFF, 0xFFFF,
  0xA535, 0xFFFF, 0xFFFF, 0xFFFF, 0xFFFF, 0xFFFF, 0xFFBD, 0xE405, 0x7160, 0xFFFF, 0xFFFF, 0xFFFF,
  0xFFFF, 0xFFFF, 0xBDB7, 0xFFFF, 0xFFFF, 0xFFFF, 0xFFFF, 0xFFFF, 0xE4CC, 0xB200, 0x9308, 0xC638,
  0xFFDF, 0xFFFF, 0xFFFF, 0xFFFF, 0xFFFF, 0xFFFF, 0x7BEF, 0x18C3, 0xFFFF, 0xFFFF, 0xFFFF, 0xFFFF,
  0xFFFF, 0xFFFF, 0xFFFF, 0x2104, 0xE6FC, 0xFFFF, 0xFFFF, 0xFFFF, 0xFFFF, 0xFFBD, 0xE384, 0x4080,
  0xFFFF, 0xFFFF, 0xFFFF, 0xFFFF, 0xFFFF, 0xFFFF, 0xFFFF, 0xFFFF, 0xFFFF, 0xFFFF, 0xFFFF, 0xFFFF,
  0xFFFF, 0x2965, 0xEF5D, 0xFFFF, 0xFFFF, 0xFFFF, 0xFFFF, 0xFF1A, 0xCB25, 0x3081, 0xFFFF, 0x6961,
  0xB281, 0x5962, 0x4A4A, 0xFFFF, 0xFFFF, 0xFFFF, 0xFFFF, 0xFFFF, 0xF635, 0xB261, 0xFFFF, 0xFFFF,
  0xFFFF, 0xFFFF, 0xFFFF, 0x18C3, 0xDEDB, 0xFFFF, 0xFFFF, 0xFFFF, 0xFF5A, 0xCB44, 0x2881, 0xFFFF,
  0x73AF, 0xDEFC, 0xFFFF, 0xFFFF, 0xFFFF, 0xFFFF, 0xFFFF, 0xED91, 0xA220, 0xFFFF, 0xFFFF, 0xFFFF,
  0xFFFF, 0xFFFF, 0xFFFF, 0xEF7E, 0xFFFF, 0xFFFF, 0xFFFF, 0xFF5C, 0xD347, 0x3080, 0xFFFF, 0xFFFF,
  0xFFFF, 0x3186, 0xF7BF, 0xFFFF, 0xFFFF, 0xFFFF, 0xFEF9, 0xCAE1, 0x3060, 0xFFFF, 0xFFFF, 0xFFFF,
  0xFFFF, 0xFFFF, 0xFFFF, 0xF79E, 0xFFFF, 0xFFFF, 0xFFFF, 0xFFFF, 0xFFBD, 0xDC08, 0x38A1, 0xFFFF,
  0xFFFF, 0xFFFF, 0xFFFF, 0xFFFF, 0xFFFF, 0xFFFF, 0xFFFF, 0xFFFF, 0xFFFF, 0xFFFF, 0xFFFF, 0xFFFF,
  0xFFFF, 0xFFFF, 0xFFFF, 0xFFFF, 0xFFFF, 0xFFFF, 0xFFFF, 0xFFFF, 0xDEDB, 0xFFFF, 0xFFFF, 0xFFFF,
  0xFFFF, 0xFFFF, 0xF676, 0xC2C2, 0x1861, 0xFFFF, 0xFFFF, 0xFFFF, 0xFFFF, 0xFFFF, 0xFFFF, 0xFFFF,
  0xFFFF, 0xFFFF, 0xFFFF, 0xF77E, 0xFFFF, 0xFFDF, 0xFFDF, 0xFFFF, 0xE570, 0xAA62, 0xFFFF, 0xFFFF,
  0xAD54, 0xFFFF, 0xFFFF, 0xFFFF, 0xFFFF, 0xFFFF, 0xFFBD, 0xE405, 0x7161, 0xFFFF, 0xFFFF, 0xFFFF,
  0xFFFF, 0xFFFF, 0xBDB7, 0xFFFF, 0xFFFF, 0xFFFF, 0xFFFF, 0xFFFF, 0xF54E, 0x81A1, 0xFFFF, 0x2965,
  0xF7BE, 0xFFFF, 0xFFFF, 0xFFFF, 0xFFFF, 0xFFDF, 0xFFFF, 0x7BF0, 0x18C3, 0xFFFF, 0xFFFF, 0xFFFF,
  0xFFFF, 0xFFFF, 0xFFFF, 0x2104, 0xE6FC, 0xFFFF, 0xFFFF, 0xFFFF, 0xFFFF, 0xFFBE, 0xD48C, 0x6268,
  0x4208, 0x4228, 0x4208, 0x4208, 0x4208, 0x4208, 0x4229, 0x2105, 0xFFFF, 0xFFFF, 0xFFFF, 0xFFFF,
  0xFFFF, 0x2965, 0xEF5D, 0xFFFF, 0xFFFF, 0xFFFF, 0xFFFF, 0xFF1A, 0xCB25, 0x2860, 0xFFFF, 0xFFFF,
  0xFFFF, 0xFFFF, 0x52AA, 0xFFFF, 0xFFFF, 0xFFFF, 0xFFFF, 0xFFFF, 0xF635, 0xB261, 0xFFFF, 0xFFFF,
  0xFFFF, 0xFFFF, 0xFFFF, 0x18C3, 0xDEDB, 0xFFFF, 0xFFFF, 0xFFFF, 0xFF5A, 0xCB43, 0x2860, 0x0021,
  0xFFFF, 0x632C, 0xEF7D, 0xFFDF, 0xFFFF, 0xFFFF, 0xFFFF, 0xED91, 0xA220, 0xFFFF, 0xFFFF, 0xFFFF,
  0xFFFF, 0xFFFF, 0xFFFF, 0xF77E, 0xFFFF, 0xFFFF, 0xFFFF, 0xFF7C, 0xCC6D, 0x5A47, 0x3A08, 0x4229,
  0x4208, 0x5AEC, 0xF7BF, 0xFFFF, 0xFFFF, 0xFFFF, 0xFF19, 0xCAC1, 0x3060, 0xFFFF, 0xFFFF, 0xFFFF,
  0xFFFF, 0xFFFF, 0xFFFF, 0xF79E, 0xFFFF, 0xFFFF, 0xFFFF, 0xFFFF, 0xFF9E, 0xDBE7, 0x48C0, 0xFFFF,
  0xFFFF, 0xFFFF, 0xFFFF, 0xFFFF, 0xFFFF, 0xFFFF, 0xFFFF, 0xFFFF, 0xFFFF, 0xFFFF, 0xFFFF, 0xFFFF,
  0xFFFF, 0xFFFF, 0xFFFF, 0xFFFF, 0xFFFF, 0xFFFF, 0xFFFF, 0xFFFF, 0xDEDB, 0xFFFF, 0xFFFF, 0xFFFF,
  0xFFFF, 0xFFFF, 0xEE76, 0xBA40, 0x0800, 0xFFFF, 0xFFFF, 0xFFFF, 0xFFFF, 0xFFFF, 0xFFFF, 0xFFFF,
  0xFFFF, 0xFFFF, 0xFFFF, 0xF79E, 0xFFFF, 0xFFFF, 0xFFFF, 0xFFFF, 0xE550, 0x9A00, 0xFFFF, 0xFFFF,
  0x9CF3, 0xFFFF, 0xFFFF, 0xFFFF, 0xFFFF, 0xFFFF, 0xFFBD, 0xE405, 0x7161, 0xFFFF, 0xFFFF, 0xFFFF,
  0xFFFF, 0xFFFF, 0xB5B7, 0xFFFF, 0xFFFF, 0xFFFF, 0xFFFF, 0xFFFF, 0xF54D, 0x91A0, 0xFFFF, 0x3186,
  0xEF7E, 0xFFFF, 0xFFFF, 0xFFFF, 0xFFFF, 0xFFFF, 0xFFDF, 0xFFFF, 0x83EF, 0xFFFF, 0xFFFF, 0xFFFF,
  0xFFFF, 0xFFFF, 0xFFFF, 0x2104, 0xDEFC, 0xFFFF, 0xFFFF, 0xFFFF, 0xFFFF, 0xFFFF, 0xFFDF, 0xFFFF,
  0xFFFF, 0xFFFF, 0xFFFF, 0xFFFF, 0xFFFF, 0xFFFF, 0xFFFF, 0x9CB2, 0x0820, 0xFFFF, 0xFFFF, 0xFFFF,
  0xFFFF, 0x2965, 0xEF5D, 0xFFFF, 0xFFFF, 0xFFFF, 0xFFFF, 0xFF1A, 0xC325, 0x2860, 0xFFFF, 0xFFFF,
  0xFFFF, 0xFFFF, 0x52AA, 0xFFFF, 0xFFFF, 0xFFFF, 0xFFFF, 0xFFFF, 0xF635, 0xB261, 0xFFFF, 0xFFFF,
  0xFFFF, 0xFFFF, 0xFFFF, 0x18C3, 0xDEDB, 0xFFFF, 0xFFFF, 0xFFFF, 0xFF5A, 0xCB43, 0x2860, 0xFFFF,
  0xFFFF, 0xFFFF, 0x5AAB, 0xFFFF, 0xFFFF, 0xFFFF, 0xFFFF, 0xED91, 0xA220, 0xFFFF, 0xFFFF, 0xFFFF,
  0xFFFF, 0xFFFF, 0xFFFF, 0xEF5D, 0xFFFF, 0xFFFF, 0xFFFF, 0xFFFF, 0xFFFE, 0xFFFF, 0xFFFF, 0xFFFF,
  0xFFFF, 0xFFFF, 0xFFFF, 0xFFFF, 0xFFFF, 0xFFDF, 0xFED7, 0xCAE1, 0x3060, 0xFFFF, 0xFFFF, 0xFFFF,
  0xFFFF, 0xFFFF, 0xFFFF, 0xF77E, 0xFFFF, 0xFFFF, 0xFFFF, 0xFFFF, 0xFF9E, 0xE3E7, 0x48C0, 0xFFFF,
  0xFFFF, 0xFFFF, 0xFFFF, 0xFFFF, 0xFFFF, 0xFFFF, 0xFFFF, 0xFFFF, 0xFFFF, 0xFFFF, 0xFFFF, 0xFFFF,
  0xFFFF, 0xFFFF, 0xFFFF, 0x0862, 0x6B6E, 0x8C51, 0x8431, 0x8430, 0xEF5D, 0xFFFF, 0xFFFF, 0xFFFF,
  0xFFFF, 0xFFFF, 0xEF3B, 0xD530, 0x8C30, 0x8C71, 0x528A, 0xFFFF, 0xFFFF, 0xFFFF, 0xFFFF, 0xFFFF,
  0xFFFF, 0xFFFF, 0xFFFF, 0xFFDF, 0xFFFF, 0xFFFF, 0xFFFF, 0xFFFF, 0xE677, 0xBCD0, 0x8C51, 0x8430,
  0xCE79, 0xFFFF, 0xFFFF, 0xFFFF, 0xFFFF, 0xFFFF, 0xFFDF, 0xE426, 0x7161, 0xFFFF, 0xFFFF, 0xFFFF,
  0xFFFF, 0xFFFF, 0xBDD8, 0xFFFF, 0xFFDF, 0xFFFF, 0xFFFF, 0xFFFF, 0xED4D, 0x81A0, 0xFFFF, 0x0862,
  0x3186, 0xE71C, 0xFFFF, 0xFFFF, 0xFFFF, 0xFFFF, 0xFFDF, 0xFFFF, 0xE52E, 0x79A1, 0xFFFF, 0xFFFF,
  0xFFFF, 0xFFFF, 0xFFFF, 0x2105, 0xE73D, 0xFFFF, 0xFFFF, 0xFFFF, 0xFFFF, 0xFFFF, 0xFFFF, 0xFFFF,
  0xFFFF, 0xFFFF, 0xFFFF, 0xFFFF, 0xFFFF, 0xFFFF, 0xFFFF, 0xE590, 0x89C1, 0xFFFF, 0xFFFF, 0xFFFF,
  0xFFFF, 0x2965, 0xF79E, 0xFFFF, 0xFFFF, 0xFFFF, 0xFFFF, 0xFF19, 0xC324, 0x2860, 0xFFFF, 0xFFFF,
  0xFFFF, 0xFFFF, 0x52AB, 0xFFFF, 0xFFFF, 0xFFFF, 0xFFDF, 0xFFFF, 0xF634, 0xB260, 0xFFFF, 0xFFFF,
  0xFFFF, 0xFFFF, 0xFFFF, 0x18C3, 0xE6FB, 0xFFFF, 0xFFDF, 0xFFFF, 0xFF5A, 0xCB23, 0x2860, 0xFFFF,
  0xFFFF, 0xFFFF, 0x4209, 0xFFFF, 0xFFFF, 0xFFFE, 0xFFFF, 0xED90, 0x9A20, 0xFFFF, 0xFFFF, 0xFFFF,
  0xFFFF, 0xFFFF, 0xFFFF, 0x2945, 0xCE7A, 0xFFFF, 0xFFDF, 0xFFFF, 0xFFFF, 0xFFFF, 0xFFFF, 0xFFFF,
  0xFFFF, 0xFFFF, 0xFFFF, 0xFFDF, 0xFFFF, 0xEE55, 0xD363, 0xCB42, 0x3060, 0xFFFF, 0xFFFF, 0xFFFF,
  0xFFFF, 0xFFFF, 0xFFFF, 0xFFBF, 0xFFFF, 0xFFFF, 0xFFFF, 0xFFFF, 0xFF9D, 0xE3E6, 0x48A0, 0xFFFF,
  0xFFFF, 0xFFFF, 0xFFFF, 0xFFFF, 0xFFFF, 0xFFFF, 0xFFFF, 0xFFFF, 0xFFFF, 0xFFFF, 0xFFFF, 0xFFFF,
  0xFFFF, 0xFFFF, 0xFFFF, 0x10A3, 0xDEDB, 0xFFFF, 0xFFFF, 0xFFFF, 0xFFFF, 0xFFFF, 0xFFFF, 0xFFFF,
  0xFFFF, 0xFFFF, 0xFFFF, 0xFFFF, 0xFFFF, 0xFFFF, 0xBD74, 0x30A1, 0x0820, 0xFFFF, 0xFFFF, 0xFFFF,
  0xFFFF, 0xFFFF, 0xFFFF, 0xD69A, 0xF79E, 0xFFFF, 0xFFFF, 0xFFFF, 0xFFFF, 0xFFFF, 0xFFFF, 0xFFFF,
  0xFFFF, 0xFFFF, 0xFFFF, 0xFFFF, 0xF75C, 0xF71A, 0xF719, 0xE404, 0x6981, 0xFFFF, 0xFFFF, 0xFFFF,
  0xFFFF, 0xFFFF, 0x2125, 0x934A, 0xECCC, 0xE46A, 0xE4AB, 0xE4AA, 0xF425, 0x8A02, 0xFFFF, 0xFFFF,
  0xFFFF, 0x2986, 0xABCB, 0xECCB, 0xDC8A, 0xE48A, 0xE48A, 0xE4AB, 0xF424, 0x9A42, 0xFFFF, 0xFFFF,
  0xFFFF, 0xFFFF, 0xFFFF, 0x0842, 0x39A7, 0xC40B, 0xE4CC, 0xDCAB, 0xDCAB, 0xDCAB, 0xDCAB, 0xDCAB,
  0xDCAB, 0xDCAB, 0xDCAB, 0xDCAB, 0xDCAB, 0xE4AB, 0xE4AB, 0xEC05, 0xAA41, 0xFFFF, 0xFFFF, 0xFFFF,
  0xFFFF, 0x0861, 0x41E7, 0xBC4C, 0xECAA, 0xE4AA, 0xE4AA, 0xEC68, 0xD342, 0x2880, 0xFFFF, 0xFFFF,
  0xFFFF, 0xFFFF, 0x10A3, 0x5A68, 0xDC8B, 0xE4AB, 0xE4AB, 0xDCCB, 0xE447, 0xBAE1, 0xFFFF, 0xFFFF,
  0xFFFF, 0xFFFF, 0xFFFF, 0x0841, 0x3986, 0xB3EA, 0xECCB, 0xDCAB, 0xEC68, 0xDB43, 0x2861, 0xFFFF,
  0xFFFF, 0xFFFF, 0x0862, 0x5A89, 0xD4AC, 0xE489, 0xE4AA, 0xEC26, 0xAAA1, 0xFFFF, 0xFFFF, 0xFFFF,
  0xFFFF, 0xFFFF, 0xFFFF, 0xFFFF, 0x2925, 0xA389, 0xE4CB, 0xDC8B, 0xE4AB, 0xE4AB, 0xE4AB, 0xE4AB,
  0xE4AB, 0xE4AB, 0xE4AA, 0xE4AA, 0xDCAB, 0xEC47, 0xCAA1, 0x38C1, 0x0820, 0xFFFF, 0xFFFF, 0xFFFF,
  0xFFFF, 0xFFFF, 0xFFFF, 0x41A6, 0xBC2B, 0xECAA, 0xE48A, 0xE48B, 0xE48A, 0xEBC3, 0x50E1, 0xFFFF,
  0xFFFF, 0xFFFF, 0xFFFF, 0xFFFF, 0xFFFF, 0xFFFF, 0xFFFF, 0xFFFF, 0xFFFF, 0xFFFF, 0xFFFF, 0xFFFF,
  0xFFFF, 0xFFFF, 0xFFFF, 0x10A3, 0xD679, 0xFFFF, 0xFFBE, 0xFFBE, 0xFFDE, 0xFFDE, 0xFFFE, 0xFFFE,
  0xFFFE, 0xFFFE, 0xFFFE, 0xFFDE, 0xFFDE, 0xFFFE, 0xEDD2, 0xB282, 0x1820, 0xFFFF, 0xFFFF, 0xFFFF,
  0xFFFF, 0xFFFF, 0xFFFF, 0x0862, 0xB576, 0xFFFF, 0xFFDE, 0xFFFF, 0xFFDE, 0xFFDE, 0xFFDE, 0xFFDE,
  0xFFDE, 0xFFDE, 0xFFDE, 0xFFFF, 0xE52F, 0xC303, 0xD364, 0xDB81, 0x61A2, 0xFFFF, 0xFFFF, 0xFFFF,
  0xFFFF, 0xFFFF, 0xFFFF, 0x2880, 0x6960, 0x6120, 0x6140, 0x5920, 0x6160, 0x3902, 0xFFFF, 0xFFFF,
  0xFFFF, 0xFFFF, 0x38C0, 0x6960, 0x6140, 0x6140, 0x6140, 0x6140, 0x6161, 0x4101, 0xFFFF, 0xFFFF,
  0xFFFF, 0xFFFF, 0xFFFF, 0xFFFF, 0xFFFF, 0x48E0, 0x6960, 0x6140, 0x6140, 0x6140, 0x6140, 0x6140,
  0x6140, 0x6140, 0x6140, 0x6140, 0x6140, 0x6140, 0x6140, 0x6161, 0x4901, 0xFFFF, 0xFFFF, 0xFFFF,
  0xFFFF, 0xFFFF, 0xFFFF, 0x5100, 0x6940, 0x6140, 0x6140, 0x6940, 0x6161, 0x1040, 0xFFFF, 0xFFFF,
  0xFFFF, 0xFFFF, 0xFFFF, 0xFFFF, 0x6140, 0x6140, 0x6140, 0x6140, 0x6160, 0x5161, 0xFFFF, 0xFFFF,
  0xFFFF, 0xFFFF, 0xFFFF, 0xFFFF, 0xFFFF, 0x40E0, 0x6140, 0x6140, 0x6140, 0x5962, 0x1041, 0xFFFF,
  0xFFFF, 0xFFFF, 0xFFFF, 0x0800, 0x5941, 0x6940, 0x6140, 0x6960, 0x4921, 0xFFFF, 0xFFFF, 0xFFFF,
  0xFFFF, 0xFFFF, 0xFFFF, 0xFFFF, 0xFFFF, 0x38A0, 0x6960, 0x6140, 0x6140, 0x6140, 0x6140, 0x6140,
  0x6140, 0x6140, 0x6140, 0x6140, 0x6140, 0x6961, 0x5942, 0xFFFF, 0xFFFF, 0xFFFF, 0xFFFF, 0xFFFF,
  0xFFFF, 0xFFFF, 0xFFFF, 0xFFFF, 0x4900, 0x6140, 0x6140, 0x6140, 0x6160, 0x61A2, 0x2081, 0xFFFF,
  0xFFFF, 0xFFFF, 0xFFFF, 0xFFFF, 0xFFFF, 0xFFFF, 0xFFFF, 0xFFFF, 0xFFFF, 0xFFFF, 0xFFFF, 0xFFFF,
  0xFFFF, 0xFFFF, 0xFFFF, 0xFFFF, 0x2945, 0x9328, 0xEC67, 0xE426, 0xE426, 0xE426, 0xE426, 0xE446,
  0xE446, 0xEC46, 0xEC46, 0xEC46, 0xEC45, 0xE446, 0xF3E3, 0xC2C2, 0x2040, 0xFFFF, 0xFFFF, 0xFFFF,
  0xFFFF, 0xFFFF, 0xFFFF, 0xFFFF, 0x20E3, 0x7AA6, 0xE487, 0xE466, 0xE446, 0xE446, 0xE446, 0xE446,
  0xEC46, 0xEC26, 0xEC26, 0xEC26, 0xF3E4, 0xBAA2, 0x3060, 0x2881, 0x1041, 0xFFFF, 0xFFFF, 0xFFFF,
  0xFFFF, 0xFFFF, 0xFFFF, 0xFFFF, 0x0001, 0x0001, 0xFFFF, 0x0001, 0xFFFF, 0xFFFF, 0xFFFF, 0xFFFF,
  0xFFFF, 0xFFFF, 0xFFFF, 0xFFFF, 0xFFFF, 0xFFFF, 0xFFFF, 0xFFFF, 0xFFFF, 0xFFFF, 0xFFFF, 0xFFFF,
  0xFFFF, 0xFFFF, 0xFFFF, 0xFFFF, 0xFFFF, 0xFFFF, 0xFFFF, 0xFFFF, 0xFFFF, 0xFFFF, 0xFFFF, 0xFFFF,
  0xFFFF, 0xFFFF, 0xFFFF, 0xFFFF, 0xFFFF, 0xFFFF, 0xFFFF, 0xFFFF, 0xFFFF, 0xFFFF, 0xFFFF, 0xFFFF,
  0xFFFF, 0xFFFF, 0xFFFF, 0xFFFF, 0xFFFF, 0xFFFF, 0xFFFF, 0xFFFF, 0xFFFF, 0xFFFF, 0xFFFF, 0xFFFF,
  0xFFFF, 0xFFFF, 0xFFFF, 0xFFFF, 0xFFFF, 0xFFFF, 0xFFFF, 0xFFFF, 0xFFFF, 0xFFFF, 0xFFFF, 0xFFFF,
  0xFFFF, 0xFFFF, 0xFFFF, 0xFFFF, 0xFFFF, 0xFFFF, 0xFFFF, 0xFFFF, 0xFFFF, 0xFFFF, 0xFFFF, 0xFFFF,
  0xFFFF, 0xFFFF, 0xFFFF, 0xFFFF, 0xFFFF, 0xFFFF, 0xFFFF, 0xFFFF, 0xFFFF, 0xFFFF, 0xFFFF, 0xFFFF,
  0xFFFF, 0xFFFF, 0xFFFF, 0xFFFF, 0xFFFF, 0xFFFF, 0xFFFF, 0x0002, 0x0001, 0xFFFF, 0x0001, 0x0001,
  0x0001, 0xFFFF, 0xFFFF, 0xFFFF, 0xFFFF, 0xFFFF, 0xFFFF, 0xFFFF, 0xFFFF, 0xFFFF, 0xFFFF, 0xFFFF,
  0xFFFF, 0xFFFF, 0xFFFF, 0xFFFF, 0xFFFF, 0xFFFF, 0xFFFF, 0xFFFF, 0x0001, 0xFFFF, 0xFFFF, 0xFFFF,
  0xFFFF, 0xFFFF, 0xFFFF, 0xFFFF, 0xFFFF, 0xFFFF, 0xFFFF, 0xFFFF, 0xFFFF, 0xFFFF, 0xFFFF, 0xFFFF,
  0xFFFF, 0xFFFF, 0xFFFF, 0xFFFF, 0xFFFF, 0x30C1, 0x71A1, 0x7181, 0x7181, 0x7181, 0x7181, 0x7181,
  0x7181, 0x7181, 0x7180, 0x7180, 0x7180, 0x7160, 0x7981, 0x5962, 0x1020, 0xFFFF, 0xFFFF, 0xFFFF,
  0xFFFF, 0xFFFF, 0xFFFF, 0xFFFF, 0xFFFF, 0x2860, 0x71C1, 0x6981, 0x6981, 0x7181, 0x7181, 0x7181,
  0x7181, 0x7181, 0x7181, 0x7161, 0x79A2, 0x5142, 0xFFFF, 0xFFFF, 0xFFFF, 0xFFFF, 0xFFFF, 0xFFFF,
  0xFFFF, 0xFFFF, 0xFFFF, 0xFFFF, 0xFFFF, 0xFFFF, 0xFFFF, 0xFFFF, 0xFFFF, 0xFFFF, 0xFFFF, 0xFFFF,
  0xFFFF, 0xFFFF, 0xFFFF, 0xFFFF, 0xFFFF, 0xFFFF, 0xFFFF, 0xFFFF, 0xFFFF, 0xFFFF, 0xFFFF, 0xFFFF,
  0xFFFF, 0xFFFF, 0xFFFF, 0xFFFF, 0xFFFF, 0xFFFF, 0xFFFF, 0xFFFF, 0xFFFF, 0xFFFF, 0xFFFF, 0xFFFF,
  0xFFFF, 0xFFFF, 0xFFFF, 0xFFFF, 0xFFFF, 0xFFFF, 0xFFFF, 0xFFFF, 0xFFFF, 0xFFFF, 0xFFFF, 0xFFFF,
  0xFFFF, 0xFFFF, 0xFFFF, 0xFFFF, 0xFFFF, 0xFFFF, 0xFFFF, 0xFFFF, 0xFFFF, 0xFFFF, 0xFFFF, 0xFFFF,
  0xFFFF, 0xFFFF, 0xFFFF, 0xFFFF, 0xFFFF, 0xFFFF, 0xFFFF, 0xFFFF, 0xFFFF, 0xFFFF, 0xFFFF, 0xFFFF,
  0xFFFF, 0xFFFF, 0xFFFF, 0xFFFF, 0xFFFF, 0xFFFF, 0xFFFF, 0xFFFF, 0xFFFF, 0xFFFF, 0xFFFF, 0xFFFF,
  0xFFFF, 0xFFFF, 0xFFFF, 0xFFFF, 0xFFFF, 0xFFFF, 0xFFFF, 0xFFFF, 0xFFFF, 0xFFFF, 0xFFFF, 0xFFFF,
  0xFFFF, 0xFFFF, 0xFFFF, 0xFFFF, 0xFFFF, 0xFFFF, 0xFFFF, 0xFFFF, 0xFFFF, 0xFFFF, 0xFFFF, 0xFFFF,
  0xFFFF, 0xFFFF, 0xFFFF, 0xFFFF, 0xFFFF, 0xFFFF, 0xFFFF, 0xFFFF, 0xFFFF, 0xFFFF, 0xFFFF, 0xFFFF,
  0xFFFF, 0xFFFF, 0xFFFF, 0xFFFF, 0xFFFF, 0xFFFF, 0xFFFF, 0xFFFF, 0xFFFF, 0xFFFF, 0xFFFF, 0xFFFF,
  0xFFFF, 0xFFFF, 0xFFFF, 0xFFFF, 0xFFFF, 0xFFFF, 0xFFFF, 0xFFFF, 0xFFFF, 0xFFFF, 0xFFFF, 0xFFFF,
  0xFFFF, 0xFFFF, 0xFFFF, 0xFFFF, 0xFFFF, 0xFFFF, 0xFFFF, 0xFFFF, 0xFFFF, 0xFFFF, 0xFFFF, 0xFFFF,
  0xFFFF, 0xFFFF, 0xFFFF, 0xFFFF, 0xFFFF, 0xFFFF, 0xFFFF, 0xFFFF, 0xFFFF, 0xFFFF, 0xFFFF, 0xFFFF,
  0xFFFF, 0xFFFF, 0xFFFF, 0xFFFF, 0xFFFF, 0xFFFF, 0xFFFF, 0xFFFF, 0xFFFF, 0xFFFF, 0xFFFF, 0xFFFF,
  0xFFFF, 0xFFFF, 0xFFFF, 0xFFFF, 0xFFFF, 0xFFFF, 0xFFFF, 0xFFFF, 0xFFFF, 0xFFFF, 0xFFFF, 0xFFFF,
  0xFFFF, 0xFFFF, 0xFFFF, 0xFFFF, 0xFFFF, 0xFFFF, 0xFFFF, 0xFFFF, 0xFFFF, 0xFFFF, 0xFFFF, 0xFFFF,
  0xFFFF, 0xFFFF, 0xFFFF, 0xFFFF, 0xFFFF, 0xFFFF, 0xFFFF, 0xFFFF, 0xFFFF, 0xFFFF, 0xFFFF, 0xFFFF,
  0xFFFF, 0xFFFF, 0xFFFF, 0xFFFF, 0xFFFF, 0xFFFF, 0xFFFF, 0xFFFF, 0xFFFF, 0xFFFF, 0xFFFF, 0xFFFF,
  0xFFFF, 0xFFFF, 0xFFFF, 0xFFFF, 0xFFFF, 0xFFFF, 0xFFFF, 0xFFFF, 0xFFFF, 0xFFFF, 0xFFFF, 0xFFFF,
  0xFFFF, 0xFFFF, 0xFFFF, 0xFFFF, 0xFFFF, 0xFFFF, 0xFFFF, 0xFFFF, 0xFFFF, 0xFFFF, 0xFFFF, 0xFFFF,
  0xFFFF, 0xFFFF, 0xFFFF, 0xFFFF, 0xFFFF, 0xFFFF, 0xFFFF, 0xFFFF, 0xFFFF, 0xFFFF, 0xFFFF, 0xFFFF,
  0xFFFF, 0xFFFF, 0xFFFF, 0xFFFF, 0xFFFF, 0xFFFF, 0xFFFF, 0xFFFF, 0xFFFF, 0xFFFF, 0xFFFF, 0xFFFF,
  0xFFFF, 0xFFFF, 0xFFFF, 0xFFFF, 0xFFFF, 0xFFFF, 0xFFFF, 0xFFFF, 0xFFFF, 0xFFFF, 0xFFFF, 0xFFFF,
  0xFFFF, 0xFFFF, 0xFFFF, 0xFFFF, 0xFFFF, 0xFFFF, 0xFFFF, 0xFFFF, 0xFFFF, 0xFFFF, 0xFFFF, 0xFFFF,
  0xFFFF, 0xFFFF, 0xFFFF, 0xFFFF, 0xFFFF, 0xFFFF, 0xFFFF, 0xFFFF, 0xFFFF, 0xFFFF, 0xFFFF, 0xFFFF,
  0xFFFF, 0xFFFF, 0xFFFF, 0xFFFF, 0xFFFF, 0xFFFF, 0xFFFF, 0xFFFF, 0xFFFF, 0xFFFF, 0xFFFF, 0xFFFF,
  0xFFFF, 0xFFFF, 0xFFFF, 0xFFFF, 0xFFFF, 0xFFFF, 0xFFFF, 0xFFFF, 0xFFFF, 0xFFFF, 0xFFFF, 0xFFFF,
  0xFFFF, 0xFFFF, 0xFFFF, 0xFFFF, 0xFFFF, 0xFFFF, 0xFFFF, 0xFFFF, 0xFFFF, 0xFFFF, 0xFFFF, 0xFFFF,
  0xFFFF, 0xFFFF, 0xFFFF, 0xFFFF, 0xFFFF, 0xFFFF, 0xFFFF, 0xFFFF, 0xFFFF, 0xFFFF, 0xFFFF, 0xFFFF,
  0xFFFF, 0xFFFF, 0xFFFF, 0xFFFF, 0xFFFF, 0xFFFF, 0xFFFF, 0xFFFF, 0xFFFF, 0xFFFF, 0xFFFF, 0xFFFF,
  0xFFFF, 0xFFFF, 0xFFFF, 0xFFFF, 0xFFFF, 0xFFFF, 0xFFFF, 0xFFFF, 0xFFFF, 0xFFFF, 0xFFFF, 0xFFFF,
  0xFFFF, 0xFFFF, 0xFFFF, 0xFFFF, 0xFFFF, 0xFFFF, 0xFFFF, 0xFFFF, 0xFFFF, 0xFFFF, 0xFFFF, 0xFFFF,
  0xFFFF, 0xFFFF, 0xFFFF, 0xFFFF, 0xFFFF, 0xFFFF, 0xFFFF, 0xFFFF, 0xFFFF, 0xFFFF, 0xFFFF, 0xFFFF,
  0xFFFF, 0xFFFF, 0xFFFF, 0xFFFF, 0xFFFF, 0xFFFF, 0xFFFF, 0xFFFF, 0xFFFF, 0xFFFF, 0xFFFF, 0xFFFF,
  0xFFFF, 0xFFFF, 0xFFFF, 0xFFFF, 0xFFFF, 0xFFFF, 0xFFFF, 0xFFFF, 0xFFFF, 0xFFFF, 0xFFFF, 0xFFFF,
  0xFFFF, 0xFFFF, 0xFFFF, 0xFFFF, 0xFFFF, 0xFFFF, 0xFFFF, 0xFFFF, 0xFFFF, 0xFFFF, 0xFFFF, 0xFFFF,
  0xFFFF, 0xFFFF, 0xFFFF, 0xFFFF, 0xFFFF, 0xFFFF, 0xFFFF, 0xFFFF, 0xFFFF, 0xFFFF, 0xFFFF, 0xFFFF,
  0xFFFF, 0xFFFF, 0xFFFF, 0xFFFF, 0xFFFF, 0xFFFF, 0xFFFF, 0xFFFF, 0xFFFF, 0xFFFF, 0xFFFF, 0xFFFF,
  0xFFFF, 0xFFFF, 0xFFFF, 0xFFFF, 0xFFFF, 0xFFFF, 0xFFFF, 0xFFFF, 0xFFFF, 0xFFFF, 0xFFFF, 0xFFFF,
  0xFFFF, 0xFFFF, 0xFFFF, 0xFFFF, 0xFFFF, 0xFFFF, 0xFFFF, 0xFFFF, 0xFFFF, 0xFFFF, 0xFFFF, 0xFFFF,
  0xFFFF, 0xFFFF, 0xFFFF, 0xFFFF, 0xFFFF, 0xFFFF, 0xFFFF, 0xFFFF, 0xFFFF, 0xFFFF, 0xFFFF, 0xFFFF,
  0xFFFF, 0xFFFF, 0xFFFF, 0xFFFF, 0xFFFF, 0xFFFF, 0xFFFF, 0xFFFF, 0xFFFF, 0xFFFF, 0xFFFF, 0xFFFF,
  0xFFFF, 0xFFFF, 0xFFFF, 0xFFFF, 0xFFFF, 0xFFFF, 0xFFFF, 0xFFFF, 0xFFFF, 0xFFFF, 0xFFFF, 0xFFFF,
  0xFFFF, 0xFFFF, 0xFFFF, 0xFFFF, 0x0841, 0xB5B7, 0xFFDF, 0xF7BE, 0xF7BF, 0xF7BE, 0xF7BE, 0xF7BE,
  0xF7BE, 0xF7BE, 0xF7BE, 0xF7BF, 0xF79E, 0xFFFF, 0x6B4D, 0xFFFF, 0x0021, 0xFFFF, 0xFFFF, 0xFFFF,
  0xFFFF, 0xFFFF, 0xFFFF, 0x9CF4, 0xFFDF, 0xF7BE, 0xF7BF, 0xF7BF, 0xF7BF, 0xF7BE, 0xF79E, 0xF7BE,
  0xF7BE, 0xF7BE, 0xF7BE, 0xF7BF, 0xF79E, 0xFFFF, 0x7BCF, 0xFFFF, 0xFFFF, 0xFFFF, 0xFFFF, 0xFFFF,
  0xFFFF, 0xFFFF, 0xFFFF, 0xFFFF, 0x8C72, 0xFFFF, 0xF79E, 0xF7BF, 0xF79F, 0xF79F, 0xF79F, 0xF79E,
  0xF79E, 0xF79E, 0xF79E, 0xF79E, 0xF79E, 0xFFDF, 0x9493, 0xFFFF, 0xFFFF, 0xFFFF, 0xFFFF, 0xFFFF,
  0xFFFF, 0xFFFF, 0xFFFF, 0x18E4, 0xD6BB, 0xF7BF, 0xF79E, 0xF7BE, 0xF7BE, 0xF7BF, 0xF7BF, 0xF7BF,
  0xF7BF, 0xF7BF, 0xF7BF, 0xF7BE, 0xF7BE, 0xF79E, 0xFFDF, 0x8C51, 0xFFFF, 0xFFFF, 0xFFFF, 0xFFFF,
  0xFFFF, 0xFFFF, 0x0821, 0x18C3, 0x18E4, 0x18C4, 0x18C4, 0x18C4, 0x18E4, 0x0862, 0xFFFF, 0xFFFF,
  0xFFFF, 0xFFFF, 0x10A3, 0x18E4, 0x18E4, 0x18E4, 0x18E4, 0x1904, 0x1083, 0xFFFF, 0xFFFF, 0xFFFF,
  0xFFFF, 0x1083, 0x18E4, 0x18E4, 0x18E4, 0x18E4, 0x18E4, 0x18C3, 0xFFFF, 0xFFFF, 0xFFFF, 0xFFFF,
  0xFFFF, 0xFFFF, 0x10A3, 0x18E4, 0x18E4, 0x18E4, 0x18E4, 0x18E4, 0x10A3, 0xFFFF, 0xFFFF, 0xFFFF,
  0xFFFF, 0x1083, 0x18E4, 0x18C4, 0x18E4, 0x18E4, 0x18E4, 0x10A3, 0xFFFF, 0xFFFF, 0xFFFF, 0xFFFF,
  0xFFFF, 0xFFFF, 0x18C4, 0x18E4, 0x18E4, 0x18E4, 0x18E4, 0x18E4, 0x0842, 0xFFFF, 0xFFFF, 0xFFFF,
  0xFFFF, 0xFFFF, 0x18C3, 0x18E4, 0x18C4, 0x18C4, 0x18C4, 0x18E4, 0x1083, 0xFFFF, 0xFFFF, 0xFFFF,
  0xFFFF, 0x1062, 0x20E4, 0x18E4, 0x18E4, 0x18E4, 0x18E4, 0x18E4, 0xFFFF, 0xFFFF, 0xFFFF, 0xFFFF,
  0xFFFF, 0xFFFF, 0xFFFF, 0xFFFF, 0xFFFF, 0xBDD7, 0xFFFF, 0xFFFF, 0xFFFF, 0xFFFF, 0xFFFF, 0xFFFF,
  0xFFFF, 0xFFFF, 0xFFFF, 0xFFFF, 0xFFFF, 0xFFFF, 0xCC8D, 0x68E0, 0xFFFF, 0xFFFF, 0xFFFF, 0xFFFF,
  0xFFFF, 0xFFFF, 0xFFFF, 0xA514, 0xFFFF, 0xFFFF, 0xFFFF, 0xFFFF, 0xFFFF, 0xFFFF, 0xFFFF, 0xFFFF,
  0xFFFF, 0xFFFF, 0xFFFF, 0xFFFF, 0xFFFF, 0xFFFF, 0xCCEF, 0x6120, 0xFFFF, 0xFFFF, 0xFFFF, 0xFFFF,
  0xFFFF, 0xFFFF, 0xFFFF, 0xFFFF, 0x8C72, 0xFFFF, 0xFFFF, 0xFFFF, 0xFFFF, 0xFFFF, 0xFFFF, 0xFFFF,
  0xFFFF, 0xFFFF, 0xFFFF, 0xFFFF, 0xFFFF, 0xFFFF, 0xDDD4, 0x81E2, 0xFFFF, 0xFFFF, 0xFFFF, 0xFFFF,
  0xFFFF, 0xFFFF, 0xFFFF, 0x18E4, 0xEF3D, 0xFFFF, 0xFFFF, 0xFFFF, 0xFFFF, 0xFFFF, 0xFFFF, 0xFFFF,
  0xFFFF, 0xFFFF, 0xFFFF, 0xFFFF, 0xFFFF, 0xFFFF, 0xFFFF, 0xD591, 0x7181, 0xFFFF, 0xFFFF, 0xFFFF,
  0xFFFF, 0xFFFF, 0x2104, 0xCE59, 0xDEDB, 0xDEDB, 0xDEDB, 0xD6BB, 0xDEFB, 0x5ACB, 0xFFFF, 0xFFFF,
  0xFFFF, 0xFFFF, 0xA534, 0xDEFB, 0xD6DB, 0xDEDB, 0xD6BB, 0xDEFB, 0x8410, 0xFFFF, 0xFFFF, 0xFFFF,
  0xFFFF, 0x9CD4, 0xDEFB, 0xDEDB, 0xDEDB, 0xDEDB, 0xDEFB, 0xB596, 0xFFFF, 0xFFFF, 0xFFFF, 0xFFFF,
  0xFFFF, 0xFFFF, 0xA514, 0xDEFB, 0xD6DB, 0xDEDB, 0xD6DB, 0xDEFB, 0xA535, 0xFFFF, 0xFFFF, 0xFFFF,
  0xFFFF, 0x9CD4, 0xDEFB, 0xDEBB, 0xDEDB, 0xD6DB, 0xDEFB, 0xAD75, 0xFFFF, 0xFFFF, 0xFFFF, 0xFFFF,
  0xFFFF, 0x1082, 0xCE79, 0xDEDB, 0xD6DB, 0xDEDB, 0xD6BB, 0xDEFB, 0x5ACC, 0xFFFF, 0xFFFF, 0xFFFF,
  0xFFFF, 0x18C4, 0xC618, 0xDEDB, 0xDEDB, 0xDEDB, 0xD6BB, 0xDEFB, 0x8431, 0xFFFF, 0xFFFF, 0xFFFF,
  0xFFFF, 0x6B4D, 0xDEFB, 0xD6BB, 0xDEDB, 0xDEDB, 0xDEDB, 0xD6BB, 0x18E4, 0xFFFF, 0xFFFF, 0xFFFF,
  0xFFFF, 0xFFFF, 0xFFFF, 0x1082, 0x9472, 0xE73D, 0xFFFF, 0xFFFF, 0xFF9C, 0xDD50, 0xE54F, 0xED6F,
  0xE570, 0xE54F, 0xE5F4, 0xFFDE, 0xFFFF, 0xFFFF, 0xFEF9, 0x8B4B, 0xFFFF, 0xFFFF, 0xFFFF, 0xFFFF,
  0xFFFF, 0xFFFF, 0xFFFF, 0xA514, 0xFFFF, 0xFFFF, 0xFFFF, 0xFFFF, 0xFFFF, 0xDDF2, 0xE54E, 0xED70,
  0xED50, 0xED4F, 0xEDB1, 0xFFDE, 0xFFFF, 0xFFFF, 0xF71A, 0x9BCD, 0xFFFF, 0xFFFF, 0xFFFF, 0xFFFF,
  0xFFFF, 0xFFFF, 0xFFFF, 0x7BF0, 0xDEDB, 0xFFFF, 0xFFFF, 0xFFBE, 0xE570, 0xE54F, 0xED70, 0xED70,
  0xED70, 0xED70, 0xED70, 0xED70, 0xED70, 0xE591, 0xF4A9, 0xC2C1, 0xFFFF, 0xFFFF, 0xFFFF, 0xFFFF,
  0xFFFF, 0xFFFF, 0xFFFF, 0x0862, 0x632D, 0xC511, 0xF570, 0xED4F, 0xEDF2, 0xFFFE, 0xFFFF, 0xFFFF,
  0xFFFF, 0xFFFF, 0xF75B, 0xDD2F, 0xED50, 0xED50, 0xED91, 0xF489, 0xB281, 0xFFFF, 0xFFFF, 0xFFFF,
  0xFFFF, 0xFFFF, 0x2945, 0xF79E, 0xFFFF, 0xFFFF, 0xFFFF, 0xFFFF, 0xFFFF, 0xC46D, 0x5940, 0xFFFF,
  0xFFFF, 0x0841, 0xC638, 0xFFFF, 0xFFFF, 0xFFFF, 0xFFFF, 0xFFFF, 0xDDD4, 0x71C2, 0xFFFF, 0xFFFF,
  0xFFFF, 0xBDD7, 0xFFFF, 0xFFFF, 0xFFFF, 0xFFFF, 0xFFFF, 0xEEFA, 0x9243, 0x2880, 0xFFFF, 0xFFFF,
  0xFFFF, 0xFFFF, 0xC618, 0xFFFF, 0xFFFF, 0xFFFF, 0xFFFF, 0xFFFF, 0xE697, 0x8A02, 0xFFFF, 0xFFFF,
  0xFFFF, 0xBDD7, 0xFFFF, 0xFFFF, 0xFFFF, 0xFFFF, 0xFFFF, 0xEED8, 0x8202, 0x1820, 0xFFFF, 0xFFFF,
  0xFFFF, 0x10A3, 0xF7BE, 0xFFFF, 0xFFFF, 0xFFFF, 0xFFFF, 0xFFFF, 0xC48E, 0x5921, 0xFFFF, 0xFFFF,
  0xFFFF, 0x2104, 0xEF5D, 0xFFFF, 0xFFFF, 0xFFFF, 0xFFFF, 0xFFFF, 0xD593, 0x6961, 0x1021, 0x0821,
  0xFFFF, 0x738E, 0xFFFF, 0xFFFF, 0xFFFF, 0xFFFF, 0xFFFF, 0xFFFF, 0xA328, 0x48E0, 0xFFFF, 0xFFFF,
  0xFFFF, 0xFFFF, 0xFFFF, 0x18C4, 0xE73D, 0xFFFF, 0xFFDF, 0xFFFF, 0xF75A, 0xC303, 0x99E0, 0x89E0,
  0x89E1, 0x79A0, 0x9B49, 0xFFFF, 0xFFFF, 0xFFFF, 0xFFFF, 0xBD54, 0x4122, 0xFFFF, 0xFFFF, 0xFFFF,
  0xFFFF, 0xFFFF, 0xFFFF, 0xA514, 0xFFFF, 0xFFFF, 0xFFFF, 0xFFFF, 0xFFFF, 0xDC28, 0xA200, 0x89E1,
  0x8A01, 0x89C0, 0x9283, 0xFFBD, 0xFFFF, 0xFFDF, 0xFFFF, 0xC594, 0x4922, 0xFFFF, 0xFFFF, 0xFFFF,
  0xFFFF, 0xFFFF, 0xFFFF, 0xCE7A, 0xFFFF, 0xFFFF, 0xFFFF, 0xFF9D, 0xD385, 0x99E0, 0x81E1, 0x89E1,
  0x89E1, 0x89E1, 0x89E1, 0x89E1, 0x89E1, 0x89C1, 0x9200, 0x71C1, 0xFFFF, 0xFFFF, 0xFFFF, 0xFFFF,
  0xFFFF, 0xFFFF, 0xFFFF, 0xFFFF, 0xFFFF, 0x5941, 0x9201, 0x81A0, 0xA2E5, 0xFFFE, 0xFFFF, 0xFFFF,
  0xFFFF, 0xFFFF, 0xF6D7, 0xC2C1, 0x91E0, 0x89E0, 0x89C0, 0x9201, 0x69C2, 0xFFFF, 0xFFFF, 0xFFFF,
  0xFFFF, 0xFFFF, 0x2945, 0xEF5D, 0xFFFF, 0xFFFF, 0xFFFF, 0xFFFF, 0xFFFF, 0xED0D, 0x89C0, 0xFFFF,
  0xFFFF, 0xFFFF, 0xBDF7, 0xFFFF, 0xFFDF, 0xFFFF, 0xFFFF, 0xFFFF, 0xF634, 0xC2E2, 0xFFFF, 0xFFFF,
  0xFFFF, 0xB596, 0xFFFF, 0xFFDF, 0xFFFF, 0xFFFF, 0xFFFF, 0xF719, 0xDB84, 0x30A0, 0xFFFF, 0xFFFF,
  0xFFFF, 0xFFFF, 0xBDD7, 0xFFFF, 0xFFDF, 0xFFFF, 0xFFDF, 0xFFFF, 0xEE96, 0xD342, 0xFFFF, 0xFFFF,
  0xFFFF, 0xB596, 0xFFFF, 0xFFDF, 0xFFFF, 0xFFDF, 0xFFFF, 0xFED7, 0xCB03, 0x2040, 0xFFFF, 0xFFFF,
  0xFFFF, 0x10A2, 0xEF7D, 0xFFFF, 0xFFFF, 0xFFFF, 0xFFFF, 0xFFFF, 0xED0D, 0x91C1, 0xFFFF, 0xFFFF,
  0xFFFF, 0x2104, 0xE73C, 0xFFFF, 0xFFDF, 0xFFFF, 0xFFDF, 0xFFFF, 0xF697, 0xBBEB, 0xFFFF, 0xFFFF,
  0x39E7, 0xA535, 0xFFFF, 0xFFDF, 0xFFFF, 0xFFFF, 0xFFFF, 0xFFBE, 0xE469, 0x7180, 0xFFFF, 0xFFFF,
  0xFFFF, 0xFFFF, 0xFFFF, 0x18C3, 0xD6BB, 0xFFFF, 0xFFFF, 0xFFFF, 0xF77B, 0xCB64, 0x2040, 0xFFFF,
  0xFFFF, 0xFFFF, 0x3A08, 0xFFFF, 0xFFFF, 0xFFFF, 0xFFFF, 0xF5B2, 0xAA62, 0xFFFF, 0xFFFF, 0xFFFF,
  0xFFFF, 0xFFFF, 0xFFFF, 0xA514, 0xFFFF, 0xFFFF, 0xFFFF, 0xFFFF, 0xFFFF, 0xEC68, 0x50A0, 0xFFFF,
  0xFFFF, 0xFFFF, 0x1904, 0xF7BE, 0xFFFF, 0xFFDF, 0xFFFF, 0xF5F3, 0xAA61, 0xFFFF, 0xFFFF, 0xFFFF,
  0xFFFF, 0xFFFF, 0xFFFF, 0xBDF8, 0xFFFF, 0xFFFF, 0xFFFF, 0xFFBD, 0xDBC6, 0x3060, 0xFFFF, 0xFFFF,
  0xFFFF, 0xFFFF, 0xFFFF, 0xFFFF, 0xFFFF, 0xFFFF, 0xFFFF, 0xFFFF, 0xFFFF, 0xFFFF, 0xFFFF, 0xFFFF,
  0xFFFF, 0xFFFF, 0xFFFF, 0xFFFF, 0xFFFF, 0xFFFF, 0x0021, 0xFFFF, 0x39C7, 0xFFFF, 0xFFFF, 0xFFFF,
  0xFFFF, 0xFFFF, 0xFEF7, 0xC2E2, 0x1800, 0xFFFF, 0xFFFF, 0xFFFF, 0xFFFF, 0xFFFF, 0xFFFF, 0xFFFF,
  0xFFFF, 0xFFFF, 0x2945, 0xEF5D, 0xFFFF, 0xFFFF, 0xFFFF, 0xFFFF, 0xFFFF, 0xE4EC, 0x81A0, 0xFFFF,
  0xFFFF, 0xFFFF, 0xC618, 0xFFFF, 0xFFFF, 0xFFFF, 0xFFFF, 0xFFFF, 0xEE14, 0xB2A1, 0xFFFF, 0xFFFF,
  0xFFFF, 0xB5B6, 0xFFFF, 0xFFFF, 0xFFFF, 0xFFFF, 0xFFFF, 0xF719, 0xCB43, 0x30A0, 0xFFFF, 0xFFFF,
  0xFFFF, 0xFFFF, 0xBDF7, 0xFFFF, 0xFFFF, 0xFFFF, 0xFFFF, 0xFFFF, 0xEE96, 0xC302, 0xFFFF, 0xFFFF,
  0xFFFF, 0xB5B6, 0xFFFF, 0xFFFF, 0xFFFF, 0xFFFF, 0xFFFF, 0xFED7, 0xBAE2, 0x1820, 0xFFFF, 0xFFFF,
  0xFFFF, 0x10A2, 0xEF7D, 0xFFFF, 0xFFFF, 0xFFFF, 0xFFFF, 0xFFFF, 0xE50D, 0x89A0, 0xFFFF, 0xFFFF,
  0xFFFF, 0x2104, 0xD69A, 0xF7BE, 0xFFFF, 0xFFFF, 0xFFFF, 0xFFFF, 0xFFFF, 0xDEDB, 0x39C7, 0x2945,
  0xC639, 0xFFFF, 0xFFDF, 0xFFFF, 0xFFFF, 0xFFFF, 0xFFFF, 0xF75A, 0xDC07, 0x6960, 0xFFFF, 0xFFFF,
  0xFFFF, 0xFFFF, 0xFFFF, 0x18C3, 0xDEDB, 0xFFFF, 0xFFFF, 0xFFFF, 0xF75B, 0xCB44, 0x2860, 0xFFFF,
  0xFFFF, 0xFFFF, 0x4208, 0xFFFF, 0xFFFF, 0xFFFF, 0xFFFF, 0xF5B2, 0xA222, 0xFFFF, 0xFFFF, 0xFFFF,
  0xFFFF, 0xFFFF, 0xFFFF, 0xA514, 0xFFFF, 0xFFFF, 0xFFFF, 0xFFFF, 0xFFFF, 0xDCEC, 0x6205, 0x2125,
  0x2965, 0x2945, 0x4229, 0xF7BE, 0xFFFF, 0xFFDF, 0xFFBE, 0xEDB1, 0xAA40, 0xFFFF, 0xFFFF, 0xFFFF,
  0xFFFF, 0xFFFF, 0xFFFF, 0xC618, 0xFFFF, 0xFFDF, 0xFFFF, 0xFFBD, 0xD46C, 0x49C5, 0x2146, 0x2965,
  0x2945, 0x2945, 0x2965, 0x2945, 0x3165, 0x10A3, 0xFFFF, 0xFFFF, 0xFFFF, 0xFFFF, 0xFFFF, 0xFFFF,
  0xFFFF, 0xFFFF, 0xFFFF, 0xFFFF, 0xFFFF, 0xFFFF, 0xFFFF, 0xFFFF, 0x39E8, 0xFFFF, 0xFFFF, 0xFFFF,
  0xFFFF, 0xFFFF, 0xFED7, 0xC2C2, 0x1820, 0xFFFF, 0xFFFF, 0xFFFF, 0xFFFF, 0xFFFF, 0xFFFF, 0xFFFF,
  0xFFFF, 0xFFFF, 0x2945, 0xEF5D, 0xFFFF, 0xFFFF, 0xFFFF, 0xFFFF, 0xFFFF, 0xECEC, 0x81A0, 0xFFFF,
  0xFFFF, 0xFFFF, 0xC618, 0xFFFF, 0xFFFF, 0xFFFF, 0xFFFF, 0xFFFF, 0xEE14, 0xB2A1, 0xFFFF, 0xFFFF,
  0xFFFF, 0xB596, 0xFFFF, 0xFFFF, 0xFFFF, 0xFFFF, 0xFFFF, 0xF719, 0xD343, 0x30A0, 0xFFFF, 0xFFFF,
  0xFFFF, 0xFFFF, 0xBDF7, 0xFFFF, 0xFFFF, 0xFFFF, 0xFFFF, 0xFFFF, 0xEE76, 0xCB22, 0xFFFF, 0xFFFF,
  0xFFFF, 0xB5B6, 0xFFFF, 0xFFFF, 0xFFFF, 0xFFFF, 0xFFFF, 0xF6D7, 0xC2E3, 0x2061, 0x0862, 0x0862,
  0xFFFF, 0x10A2, 0xEF7D, 0xFFFF, 0xFFFF, 0xFFFF, 0xFFFF, 0xFFFF, 0xED0D, 0x89A0, 0xFFFF, 0xFFFF,
  0xFFFF, 0xFFFF, 0x1082, 0xB5B7, 0xFFFF, 0xFFDF, 0xFFFF, 0xFFFF, 0xFFFF, 0xFFFF, 0xFFFF, 0xFFDF,
  0xF7DF, 0xFFFF, 0xFFFF, 0xFFFF, 0xFFDF, 0xFFFF, 0xF739, 0xCB62, 0xE3A3, 0x69A1, 0xFFFF, 0xFFFF,
  0xFFFF, 0xFFFF, 0xFFFF, 0x18C3, 0xDEDB, 0xFFFF, 0xFFFF, 0xFFFF, 0xF75B, 0xCB44, 0x2860, 0xFFFF,
  0xFFFF, 0xFFFF, 0x4208, 0xFFFF, 0xFFFF, 0xFFFF, 0xFFFF, 0xF5B2, 0xA242, 0xFFFF, 0xFFFF, 0xFFFF,
  0xFFFF, 0xFFFF, 0xFFFF, 0xA514, 0xFFFF, 0xFFFF, 0xFFFF, 0xFFFF, 0xFFFF, 0xFFBD, 0xFFBE, 0xF7BF,
  0xF7BF, 0xF7BF, 0xF7BF, 0xFFFF, 0xFFFF, 0xFFFF, 0xDD52, 0xD322, 0xAAA2, 0xFFFF, 0xFFFF, 0xFFFF,
  0xFFFF, 0xFFFF, 0xFFFF, 0xC639, 0xFFFF, 0xFFDF, 0xFFFF, 0xFFDF, 0xFFBE, 0xF7BF, 0xF7BF, 0xF7BE,
  0xF7BE, 0xF7BE, 0xFFBE, 0xF79E, 0xFFDF, 0x7BAE, 0xFFFF, 0xFFFF, 0xFFFF, 0xFFFF, 0xFFFF, 0xFFFF,
  0xFFFF, 0xFFFF, 0xFFFF, 0xFFFF, 0xFFFF, 0xFFFF, 0xFFFF, 0xFFFF, 0x39E8, 0xFFFF, 0xFFFF, 0xFFFF,
  0xFFFF, 0xFFFF, 0xFED7, 0xC2C2, 0x1820, 0xFFFF, 0xFFFF, 0xFFFF, 0xFFFF, 0xFFFF, 0xFFFF, 0xFFFF,
  0xFFFF, 0xFFFF, 0x2945, 0xEF5D, 0xFFFF, 0xFFFF, 0xFFFF, 0xFFFF, 0xFFFF, 0xECEC, 0x81A0, 0xFFFF,
  0xFFFF, 0xFFFF, 0xC618, 0xFFFF, 0xFFFF, 0xFFFF, 0xFFFF, 0xFFFF, 0xEE14, 0xB2A1, 0xFFFF, 0xFFFF,
  0xFFFF, 0xC618, 0xFFFF, 0xFFFF, 0xFFFF, 0xFFFF, 0xFFFF, 0xF719, 0xD364, 0x30A0, 0xFFFF, 0xFFFF,
  0xFFFF, 0xFFFF, 0xBDF7, 0xFFFF, 0xFFFF, 0xFFFF, 0xFFFF, 0xFFFF, 0xF6B9, 0xCAE2, 0xFFFF, 0xFFFF,
  0xFFFF, 0xB5B6, 0xFFFF, 0xFFFF, 0xFFFF, 0xFFFF, 0xFFFF, 0xFED7, 0xBAC3, 0x1800, 0xB5B7, 0x7BF0,
  0xFFFF, 0x18C3, 0xEF7D, 0xFFFF, 0xFFFF, 0xFFFF, 0xFFFF, 0xFFFF, 0xED0D, 0x89A0, 0xFFFF, 0xFFFF,
  0xFFFF, 0xFFFF, 0xFFFF, 0x2945, 0xA534, 0xFFFF, 0xFFFF, 0xFFFF, 0xFFFF, 0xFFFF, 0xFFFF, 0xFFFF,
  0xFFFF, 0xFFFF, 0xFFFF, 0xFFFF, 0xFFFF, 0xDE77, 0xD406, 0xE361, 0x6121, 0x1861, 0xFFFF, 0xFFFF,
  0xFFFF, 0xFFFF, 0xFFFF, 0x18C3, 0xDEDB, 0xFFFF, 0xFFFF, 0xFFFF, 0xF75B, 0xCB44, 0x2860, 0xFFFF,
  0xFFFF, 0xFFFF, 0x4208, 0xFFFF, 0xFFFF, 0xFFFF, 0xFFFF, 0xF5B2, 0xA242, 0xFFFF, 0xFFFF, 0xFFFF,
  0xFFFF, 0xFFFF, 0xFFFF, 0xA514, 0xFFFF, 0xFFFF, 0xFFFF, 0xFFFF, 0xFFFF, 0xFFFF, 0xFFFF, 0xFFFF,
  0xFFFF, 0xFFFF, 0xFFFF, 0xFFFF, 0xFFDF, 0xFFFF, 0xED50, 0x89E0, 0x1881, 0xFFFF, 0xFFFF, 0xFFFF,
  0xFFFF, 0xFFFF, 0xFFFF, 0x2124, 0xAD76, 0xFFFF, 0xFFFF, 0xFFFF, 0xFFFF, 0xFFFF, 0xFFFF, 0xFFFF,
  0xFFFF, 0xFFFF, 0xFFFF, 0xFFFF, 0xFFFF, 0xDD0E, 0x6960, 0xFFFF, 0xFFFF, 0xFFFF, 0xFFFF, 0xFFFF,
  0xFFFF, 0xFFFF, 0xFFFF, 0xFFFF, 0xFFFF, 0xFFFF, 0xFFFF, 0xFFFF, 0x39E8, 0xFFFF, 0xFFFF, 0xFFFF,
  0xFFFF, 0xFFFF, 0xFED7, 0xC2C2, 0x1820, 0xFFFF, 0xFFFF, 0xFFFF, 0xFFFF, 0xFFFF, 0xFFFF, 0xFFFF,
  0xFFFF, 0xFFFF, 0x2945, 0xEF5D, 0xFFFF, 0xFFFF, 0xFFFF, 0xFFFF, 0xFFFF, 0xECEC, 0x81A0, 0xFFFF,
  0xFFFF, 0xFFFF, 0xC618, 0xFFFF, 0xFFFF, 0xFFFF, 0xFFFF, 0xFFFF, 0xEE14, 0xB2A1, 0xFFFF, 0xFFFF,
  0xFFFF, 0x630C, 0xBDF7, 0xFFFF, 0xFFFF, 0xFFFF, 0xFFFF, 0xF6F9, 0xCB02, 0x30A0, 0xFFFF, 0xFFFF,
  0xFFFF, 0xFFFF, 0xBDD7, 0xFFFF, 0xFFFF, 0xFFFF, 0xFFFF, 0xEE97, 0xDCCC, 0xDB63, 0xFFFF, 0xFFFF,
  0xFFFF, 0xB5B6, 0xFFFF, 0xFFFF, 0xFFFF, 0xFFFF, 0xFFFF, 0xF696, 0xCB03, 0xA4B0, 0xF79E, 0xDEFB,
  0x73AE, 0x0862, 0xEF7D, 0xFFFF, 0xFFFF, 0xFFFF, 0xFFFF, 0xFFFF, 0xED0D, 0x89A0, 0xFFFF, 0xFFFF,
  0xFFFF, 0xFFFF, 0xFFFF, 0xFFFF, 0x39C7, 0x9C91, 0xDD30, 0xF75C, 0xFFFF, 0xFFFF, 0xFFFF, 0xFFFF,
  0xFFFF, 0xFFFF, 0xFF9D, 0xE550, 0xF570, 0xEC88, 0xC2A0, 0x7203, 0x1020, 0xFFFF, 0xFFFF, 0xFFFF,
  0xFFFF, 0xFFFF, 0xFFFF, 0x18C3, 0xDEDB, 0xFFFF, 0xFFFF, 0xFFFF, 0xF75B, 0xCB44, 0x2860, 0xFFFF,
  0xFFFF, 0xFFFF, 0x4208, 0xFFFF, 0xFFFF, 0xFFFF, 0xFFFF, 0xF5B2, 0xA242, 0xFFFF, 0xFFFF, 0xFFFF,
  0xFFFF, 0xFFFF, 0xFFFF, 0xA514, 0xFFFF, 0xFFFF, 0xFFFF, 0xFFFF, 0xFFFF, 0xE591, 0xE4CC, 0xE50D,
  0xE50D, 0xE4EC, 0xE54F, 0xFFBE, 0xFFFF, 0xFFFF, 0xED50, 0x7980, 0xFFFF, 0xFFFF, 0xFFFF, 0xFFFF,
  0xFFFF, 0xFFFF, 0xFFFF, 0xFFFF, 0x2966, 0x93ED, 0xED2E, 0xE4EC, 0xECEC, 0xECEC, 0xE4ED, 0xE4ED,
  0xE4EC, 0xE570, 0xFFBE, 0xFFFF, 0xFFDF, 0xFF5B, 0x93CE, 0xFFFF, 0xFFFF, 0xFFFF, 0xFFFF, 0xFFFF,
  0xFFFF, 0xFFFF, 0xFFFF, 0xFFFF, 0xFFFF, 0xFFFF, 0xFFFF, 0xFFFF, 0x39E8, 0xFFFF, 0xFFFF, 0xFFFF,
  0xFFFF, 0xFFFF, 0xFED7, 0xC2C2, 0x1820, 0xFFFF, 0xFFFF, 0xFFFF, 0xFFFF, 0xFFFF, 0xFFFF, 0xFFFF,
  0xFFFF, 0xFFFF, 0x2945, 0xEF5D, 0xFFFF, 0xFFFF, 0xFFFF, 0xFFFF, 0xFFFF, 0xECEC, 0x81A0, 0xFFFF,
  0xFFFF, 0xFFFF, 0xC618, 0xFFFF, 0xFFFF, 0xFFFF, 0xFFFF, 0xFFFF, 0xEE14, 0xB2A1, 0xFFFF, 0xFFFF,
  0xFFFF, 0xFFFF, 0x6B4D, 0xFFFF, 0xFFDF, 0xFFFF, 0xFFFF, 0xF75C, 0xCCAD, 0x28C2, 0xFFFF, 0xFFFF,
  0x0862, 0x52CB, 0xD69A, 0xFFFF, 0xFFFF, 0xFFFF, 0xFFFF, 0xDD2F, 0xC260, 0xAAA3, 0xFFFF, 0xFFFF,
  0xFFFF, 0xB5B6, 0xFFFF, 0xFFFF, 0xFFFF, 0xFFFF, 0xFFFF, 0xF6F9, 0xD4AD, 0xFFFF, 0xFFFF, 0xFFFF,
  0xE73C, 0x6B4D, 0xF79E, 0xFFFF, 0xFFFF, 0xFFFF, 0xFFFF, 0xFFFF, 0xED0D, 0x89A0, 0xFFFF, 0xFFFF,
  0xFFFF, 0xFFFF, 0xFFFF, 0xFFFF, 0xFFFF, 0x2081, 0xCC0A, 0xF73B, 0xFFFF, 0xFFFF, 0xFFFF, 0xFFFF,
  0xFFFF, 0xFFFF, 0xF77C, 0xDC6B, 0xAAA2, 0xA281, 0x7A43, 0xFFFF, 0xFFFF, 0xFFFF, 0xFFFF, 0xFFFF,
  0xFFFF, 0xFFFF, 0xFFFF, 0x18C3, 0xDEDB, 0xFFFF, 0xFFFF, 0xFFFF, 0xF75B, 0xCB64, 0x2860, 0xFFFF,
  0xFFFF, 0xFFFF, 0x4208, 0xFFFF, 0xFFFF, 0xFFFF, 0xFFFF, 0xF5B2, 0xA242, 0xFFFF, 0xFFFF, 0xFFFF,
  0xFFFF, 0xFFFF, 0xFFFF, 0xA514, 0xFFFF, 0xFFFF, 0xFFFF, 0xFFFF, 0xFFFF, 0xDC28, 0x99C0, 0x7180,
  0x7980, 0x7160, 0x8243, 0xF7BE, 0xFFFF, 0xFFFF, 0xF6D9, 0x8B6C, 0xFFFF, 0xFFFF, 0xFFFF, 0xFFFF,
  0xFFFF, 0xFFFF, 0xFFFF, 0xFFFF, 0xFFFF, 0x2860, 0x79C1, 0x7980, 0x7980, 0x7980, 0x71A0, 0x79A0,
  0x7180, 0x82C7, 0xFFFF, 0xFFFF, 0xFFDF, 0xFFFF, 0xC573, 0x5941, 0xFFFF, 0xFFFF, 0xFFFF, 0xFFFF,
  0xFFFF, 0xFFFF, 0xFFFF, 0xFFFF, 0xFFFF, 0xFFFF, 0xFFFF, 0xFFFF, 0x39E8, 0xFFFF, 0xFFFF, 0xFFFF,
  0xFFFF, 0xFFFF, 0xFED7, 0xC2C2, 0x1820, 0xFFFF, 0xFFFF, 0xFFFF, 0xFFFF, 0xFFFF, 0xFFFF, 0xFFFF,
  0xFFFF, 0xFFFF, 0x2945, 0xEF5D, 0xFFFF, 0xFFFF, 0xFFFF, 0xFFFF, 0xFFFF, 0xECEC, 0x81A0, 0xFFFF,
  0xFFFF, 0xFFFF, 0xC618, 0xFFFF, 0xFFFF, 0xFFFF, 0xFFFF, 0xFFFF, 0xEE14, 0xB2A1, 0xFFFF, 0xFFFF,
  0xFFFF, 0xFFFF, 0x738E, 0xFFDF, 0xFFDF, 0xFFFF, 0xFFFF, 0xFFFF, 0xFFFF, 0x4A6A, 0x0862, 0x0862,
  0x39E8, 0xFFFF, 0xFFFF, 0xFFFF, 0xFFFF, 0xFFDF, 0xFFDE, 0xED6F, 0x9A02, 0x1000, 0xFFFF, 0xFFFF,
  0xFFFF, 0xB5B6, 0xFFFF, 0xFFFF, 0xFFFF, 0xFFFF, 0xFFFF, 0xFFFF, 0xFFFF, 0xFFDF, 0xFFFF, 0xFFFF,
  0xFFFF, 0xFFFF, 0xFFFF, 0xFFFF, 0xFFFF, 0xFFFF, 0xFFFF, 0xFFFF, 0xED0D, 0x89A1, 0xFFFF, 0xFFFF,
  0xFFFF, 0xFFFF, 0xFFFF, 0xFFFF, 0x0861, 0x4A49, 0xFFFF, 0xFFFF, 0xFFFF, 0xFFFF, 0xFFFF, 0xFFFF,
  0xFFFF, 0xFFFF, 0xFFFF, 0xFFFF, 0x634D, 0x0862, 0x0841, 0xFFFF, 0xFFFF, 0xFFFF, 0xFFFF, 0xFFFF,
  0xFFFF, 0xFFFF, 0xFFFF, 0x18C3, 0xDEDB, 0xFFFF, 0xFFDF, 0xFFFF, 0xF75A, 0xCB23, 0x1820, 0xFFFF,
  0xFFFF, 0xFFFF, 0x39E7, 0xFFFF, 0xFFFF, 0xFFFF, 0xFFFF, 0xF5B1, 0xA242, 0xFFFF, 0xFFFF, 0xFFFF,
  0xFFFF, 0xFFFF, 0xFFFF, 0xA514, 0xFFFF, 0xFFFF, 0xFFFF, 0xFFFF, 0xFFFF, 0xEC8A, 0x48C0, 0xFFFF,
  0x0021, 0xFFFF, 0x1925, 0xF7BF, 0xFFFF, 0xFFDF, 0xFFFF, 0xC574, 0x48E0, 0xFFFF, 0xFFFF, 0xFFFF,
  0xFFFF, 0xFFFF, 0xFFFF, 0xFFFF, 0xFFFF, 0xFFFF, 0xFFFF, 0xFFFF, 0xFFFF, 0xFFFF, 0xFFFF, 0xFFFF,
  0xFFFF, 0x2986, 0xFFFF, 0xFFFF, 0xFFDF, 0xFFFF, 0xF5F2, 0xB2A1, 0xFFFF, 0xFFFF, 0xFFFF, 0xFFFF,
  0xFFFF, 0xFFFF, 0xFFFF, 0xFFFF, 0xFFFF, 0xFFFF, 0xFFFF, 0xFFFF, 0x39E8, 0xFFFF, 0xFFFF, 0xFFFF,
  0xFFFF, 0xFFFF, 0xFED7, 0xC2C2, 0x1820, 0xFFFF, 0xFFFF, 0xFFFF, 0xFFFF, 0xFFFF, 0xFFFF, 0xFFFF,
  0xFFFF, 0xFFFF, 0x2945, 0xEF5D, 0xFFFF, 0xFFFF, 0xFFFF, 0xFFFF, 0xFFFF, 0xECED, 0x81C0, 0xFFFF,
  0xFFFF, 0x0862, 0xC618, 0xFFFF, 0xFFFF, 0xFFFF, 0xFFFF, 0xFFFF, 0xEE14, 0xB2A1, 0xFFFF, 0xFFFF,
  0xFFFF, 0xFFFF, 0x18A3, 0x5AAB, 0xFFFF, 0xFFFF, 0xFFFF, 0xFFFF, 0xFFFF, 0xF7BE, 0x5ACB, 0x4229,
  0xF79E, 0xF7DF, 0xFFFF, 0xFFFF, 0xFFFF, 0xFFFF, 0xCC4A, 0xF3A2, 0xAA63, 0xFFFF, 0xFFFF, 0xFFFF,
  0xFFFF, 0xB5B6, 0xFFFF, 0xFFFF, 0xFFFF, 0xFFFF, 0xFFFF, 0xFFFF, 0xFFFF, 0xFFFF, 0xFFFF, 0xFFFF,
  0xFFFF, 0xFFFF, 0xFFFF, 0xFFFF, 0xFFFF, 0xFFFF, 0xFFFF, 0xFFFF, 0xED0D, 0x89C1, 0xFFFF, 0xFFFF,
  0xFFFF, 0xFFFF, 0xFFFF, 0xFFFF, 0x632D, 0xF79E, 0xFFDF, 0xFFFF, 0xFFFF, 0xFFFF, 0xFFFF, 0xFFFF,
  0xFFFF, 0xFFFF, 0xFFFF, 0xFFDF, 0xFFDE, 0x8C71, 0xFFFF, 0xFFFF, 0xFFFF, 0xFFFF, 0xFFFF, 0xFFFF,
  0xFFFF, 0xFFFF, 0xFFFF, 0x18C3, 0xDEDB, 0xFFFF, 0xFFDF, 0xFFFF, 0xF77B, 0xD42B, 0x5A28, 0x4208,
  0x4228, 0x41E7, 0x738E, 0xFFFF, 0xFFFF, 0xFFFF, 0xFFFF, 0xEDD2, 0xA242, 0xFFFF, 0xFFFF, 0xFFFF,
  0xFFFF, 0xFFFF, 0xFFFF, 0xA514, 0xFFFF, 0xFFFF, 0xFFFF, 0xFFFF, 0xFFFF, 0xEC89, 0x58E0, 0xFFFF,
  0xFFFF, 0xFFFF, 0x2966, 0xF7BE, 0xFFFF, 0xFFDF, 0xFFFF, 0xF5F3, 0xAA81, 0xFFFF, 0xFFFF, 0xFFFF,
  0xFFFF, 0xFFFF, 0xFFFF, 0x3166, 0x4209, 0x4208, 0x4208, 0x4208, 0x4208, 0x4208, 0x4208, 0x4208,
  0x41E7, 0x630C, 0xFFFF, 0xFFFF, 0xFFDF, 0xFFFF, 0xF5D4, 0xAA61, 0xFFFF, 0xFFFF, 0xFFFF, 0xFFFF,
  0xFFFF, 0xFFFF, 0xFFFF, 0xFFFF, 0xFFFF, 0xFFFF, 0xFFFF, 0xFFFF, 0x39E8, 0xFFFF, 0xFFFF, 0xFFFF,
  0xFFFF, 0xFFFF, 0xFED7, 0xC2C2, 0x1820, 0xFFFF, 0xFFFF, 0xFFFF, 0xFFFF, 0xFFFF, 0xFFFF, 0xFFFF,
  0xFFFF, 0xFFFF, 0x2945, 0xEF5D, 0xFFFF, 0xFFFF, 0xFFFF, 0xFFFF, 0xFFFF, 0xE4CC, 0x7140, 0xFFFF,
  0xFFFF, 0xFFFF, 0xBDD7, 0xFFFF, 0xFFFF, 0xFFFF, 0xFFFF, 0xFFFF, 0xEE14, 0xB2A1, 0xFFFF, 0xFFFF,
  0xFFFF, 0xFFFF, 0xFFFF, 0x1062, 0x5ACB, 0xE73C, 0xFFFF, 0xFFFF, 0xFFFF, 0xFFFF, 0xD69A, 0xCE79,
  0xFFFF, 0xFFFF, 0xFFFF, 0xFFFF, 0xFF9C, 0xD4AC, 0xEBA2, 0x9241, 0x30C1, 0xFFFF, 0xFFFF, 0xFFFF,
  0xFFFF, 0xB5B6, 0xFFFF, 0xFFFF, 0xFFFF, 0xFFFF, 0xFFFF, 0xFFFF, 0xFFFF, 0xFFFF, 0xFFFF, 0xFFFF,
  0xFFFF, 0xFFFF, 0xFFFF, 0xFFFF, 0xFFFF, 0xFFFF, 0xFFFF, 0xFFFF, 0xECED, 0x89A1, 0xFFFF, 0xFFFF,
  0xFFFF, 0xFFFF, 0xFFFF, 0x6B8E, 0xDEFB, 0xFFFF, 0xFFFF, 0xFFFF, 0xFFFF, 0xFF7B, 0xE4CD, 0xECCB,
  0xFF59, 0xFFFF, 0xFFFF, 0xFFFF, 0xFFFF, 0xEF5D, 0x9472, 0xFFFF, 0xFFFF, 0xFFFF, 0xFFFF, 0xFFFF,
  0xFFFF, 0xFFFF, 0xFFFF, 0x18A3, 0xD69A, 0xFFFF, 0xFFDF, 0xFFFF, 0xFFFF, 0xFFDE, 0xFFFF, 0xFFFF,
  0xFFFF, 0xFFFF, 0xFFFF, 0xFFFF, 0xFFFF, 0xFFFF, 0xFFDE, 0xF58F, 0xA221, 0xFFFF, 0xFFFF, 0xFFFF,
  0xFFFF, 0xFFFF, 0xFFFF, 0xA514, 0xFFFF, 0xFFFF, 0xFFFF, 0xFFFF, 0xFFFF, 0xEC89, 0x50E0, 0xFFFF,
  0xFFFF, 0xFFFF, 0x2945, 0xF79E, 0xFFFF, 0xFFDF, 0xFFFF, 0xEDD3, 0xA241, 0xFFFF, 0xFFFF, 0xFFFF,
  0xFFFF, 0xFFFF, 0xFFFF, 0xC5F8, 0xFFFF, 0xFFFF, 0xFFFF, 0xFFFF, 0xFFFF, 0xFFFF, 0xFFFF, 0xFFFF,
  0xFFFF, 0xFFFF, 0xFFFF, 0xFFFF, 0xFFDF, 0xFFFF, 0xEDB2, 0xAA61, 0xFFFF, 0xFFFF, 0xFFFF, 0xFFFF,
  0xFFFF, 0xFFFF, 0xFFFF, 0xFFFF, 0xFFFF, 0xFFFF, 0xFFFF, 0xFFFF, 0x39E8, 0xFFFF, 0xFFFF, 0xFFFF,
  0xFFFF, 0xFFFF, 0xFED7, 0xC2C2, 0x1820, 0xFFFF, 0xFFFF, 0xFFFF, 0xFFFF, 0xFFFF, 0xFFFF, 0xFFFF,
  0xFFFF, 0xFFFF, 0x2925, 0xF79E, 0xFFFF, 0xFFFF, 0xFFFF, 0xFFFF, 0xFFFF, 0xE676, 0xB4CF, 0x8451,
  0x8C51, 0x8410, 0xDEDB, 0xFFFF, 0xFFFF, 0xFFFF, 0xFFFF, 0xFFFF, 0xEE34, 0xB2A1, 0xFFFF, 0xFFFF,
  0xFFFF, 0xFFFF, 0xFFFF, 0xFFFF, 0xFFFF, 0x738E, 0xCE79, 0xFFFF, 0xFFFF, 0xFFFF, 0xFFFF, 0xFFFF,
  0xFFFF, 0xFFFF, 0xFFFF, 0xF71A, 0xE52E, 0xD322, 0x9261, 0x3102, 0xFFFF, 0xFFFF, 0xFFFF, 0xFFFF,
  0xFFFF, 0xB5B6, 0xFFFF, 0xFFFF, 0xFFFF, 0xFFFF, 0xFFFF, 0xFFFF, 0xFFFF, 0xFFFF, 0xE677, 0xEF1A,
  0xFFFF, 0xFFFF, 0xFFFF, 0xFFFF, 0xFFFF, 0xFFFF, 0xFFFF, 0xFFFF, 0xECED, 0x89C1, 0xFFFF, 0xFFFF,
  0xFFFF, 0x10A2, 0x73AE, 0xDEFB, 0xFFFF, 0xFFFF, 0xFFFF, 0xFFFF, 0xEEFA, 0xE4ED, 0xD2E2, 0x89A0,
  0x836B, 0xC639, 0xFFFF, 0xFFFF, 0xFFDF, 0xFFFF, 0xF79E, 0x8C51, 0x10C3, 0xFFFF, 0xFFFF, 0xFFFF,
  0xFFFF, 0xFFFF, 0xFFFF, 0xFFFF, 0x2124, 0xCE7A, 0xFFFF, 0xFFDE, 0xFFFF, 0xFFFE, 0xFFFF, 0xFFDF,
  0xFFFF, 0xFFFF, 0xFFFF, 0xFFFF, 0xFFFF, 0xFFFF, 0xDD0F, 0xDB43, 0xAAA4, 0xFFFF, 0xFFFF, 0xFFFF,
  0xFFFF, 0xFFFF, 0xFFFF, 0xA535, 0xFFFF, 0xFFDF, 0xFFFF, 0xFFFF, 0xFFFF, 0xEC89, 0x50E0, 0xFFFF,
  0xFFFF, 0xFFFF, 0x2966, 0xFFFF, 0xFFFF, 0xFFDF, 0xFFFF, 0xF5D3, 0xA241, 0xFFFF, 0xFFFF, 0xFFFF,
  0xFFFF, 0xFFFF, 0xFFFF, 0xCE39, 0xFFFF, 0xFFDF, 0xFFFF, 0xFFFF, 0xFFFF, 0xFFFF, 0xFFFF, 0xFFFF,
  0xFFFF, 0xFFFF, 0xFFFF, 0xFFDF, 0xFFFF, 0xDD71, 0xDB62, 0xBAE3, 0xFFFF, 0xFFFF, 0xFFFF, 0xFFFF,
  0xFFFF, 0xFFFF, 0xFFFF, 0xFFFF, 0xFFFF, 0xFFFF, 0xFFFF, 0xFFFF, 0x39E8, 0xFFFF, 0xFFFF, 0xFFFF,
  0xFFFF, 0xFFFF, 0xFED7, 0xBAC1, 0x1820, 0xFFFF, 0xFFFF, 0xFFFF, 0xFFFF, 0xFFFF, 0xFFFF, 0xFFFF,
  0xFFFF, 0xFFFF, 0x2104, 0xC618, 0xF79E, 0xFFFF, 0xFFFF, 0xFFFF, 0xFFFF, 0xFFFF, 0xFFFF, 0xFFFF,
  0xFFFF, 0xFFFF, 0xFFFF, 0xFFFF, 0xFFFF, 0xFFFF, 0xFFFF, 0xFF7C, 0xED6F, 0xB2A1, 0xFFFF, 0xFFFF,
  0xFFFF, 0xFFFF, 0xFFFF, 0xFFFF, 0x0841, 0xFFFF, 0x73AE, 0xFFFF, 0xFFDF, 0xFFFF, 0xFFFF, 0xFFFF,
  0xFFFF, 0xFFFF, 0xFFFF, 0xEDB2, 0xCAA0, 0xAB03, 0x2881, 0xFFFF, 0xFFFF, 0xFFFF, 0xFFFF, 0xFFFF,
  0xFFFF, 0xB5B6, 0xFFFF, 0xFFFF, 0xFFFF, 0xFFFF, 0xFFFF, 0xFFFF, 0xFFFF, 0xF73B, 0xD3A5, 0xCC8D,
  0xE71C, 0xFFFF, 0xFFFF, 0xFFFF, 0xFFFF, 0xFFFF, 0xFFFF, 0xFFFF, 0xECED, 0x89C1, 0xFFFF, 0xFFFF,
  0xFFFF, 0x2124, 0xF79E, 0xFFFF, 0xFFFF, 0xFFFF, 0xFFFF, 0xFFFF, 0xE592, 0xCA60, 0xB2C3, 0x2860,
  0xFFFF, 0x6B8E, 0xFFFF, 0xFFDF, 0xFFFF, 0xFFDF, 0xFFFF, 0xFFFF, 0x5248, 0x1841, 0xFFFF, 0xFFFF,
  0xFFFF, 0xFFFF, 0xFFFF, 0xFFFF, 0xFFFF, 0x2945, 0x9BAA, 0xECCB, 0xDC8B, 0xDCAA, 0xE4AB, 0xE4AB,
  0xE469, 0xE5D3, 0xFFFF, 0xFFDF, 0xFFFF, 0xF7DF, 0xF75B, 0xA3ED, 0x2061, 0xFFFF, 0xFFFF, 0xFFFF,
  0xFFFF, 0xFFFF, 0xFFFF, 0x2104, 0x9B69, 0xECCB, 0xE48B, 0xE48B, 0xE48A, 0xEBE5, 0x5921, 0xFFFF,
  0xFFFF, 0xFFFF, 0x0862, 0x5207, 0xCC6B, 0xECAB, 0xE48C, 0xF427, 0xB2C3, 0xFFFF, 0xFFFF, 0xFFFF,
  0xFFFF, 0xFFFF, 0xFFFF, 0x2966, 0xA389, 0xECCB, 0xDCAB, 0xE4AB, 0xE4AB, 0xE4AB, 0xE4AB, 0xE4AB,
  0xE4AB, 0xE4AB, 0xE4AB, 0xE4AB, 0xDCAB, 0xF405, 0xA220, 0x28A1, 0xFFFF, 0xFFFF, 0xFFFF, 0xFFFF,
  0xFFFF, 0xFFFF, 0xFFFF, 0xFFFF, 0xFFFF, 0xFFFF, 0xFFFF, 0xFFFF, 0x0862, 0x5A48, 0xD46B, 0xE4AB,
  0xE4AB, 0xE4AC, 0xEC88, 0xC342, 0x1020, 0xFFFF, 0xFFFF, 0xFFFF, 0xFFFF, 0xFFFF, 0xFFFF, 0xFFFF,
  0xFFFF, 0xFFFF, 0x0841, 0xFFFF, 0xBDD7, 0xFFFF, 0xFFBF, 0xFFFF, 0xFFFF, 0xFFFF, 0xFFDF, 0xFFDF,
  0xFFDF, 0xFFDF, 0xFFFF, 0xFFFF, 0xFFFF, 0xFFDE, 0xFFFF, 0xDCCB, 0xD2E0, 0xBB03, 0xFFFF, 0xFFFF,
  0xFFFF, 0xFFFF, 0xFFFF, 0xFFFF, 0xFFFF, 0xFFFF, 0x8410, 0xFFFF, 0xFFDF, 0xFFFF, 0xFFFF, 0xFFFF,
  0xFFFF, 0xFFDF, 0xFFFF, 0xF5F1, 0xB260, 0x1840, 0xFFFF, 0xFFFF, 0xFFFF, 0xFFFF, 0xFFFF, 0xFFFF,
  0xFFFF, 0xB596, 0xFFFF, 0xFFDF, 0xFFFF, 0xFFFF, 0xFFFF, 0xFFFF, 0xFF5A, 0xCB64, 0xEB61, 0x71A1,
  0x4A49, 0xFFFF, 0xFFDF, 0xFFFF, 0xFFFF, 0xFFFF, 0xFFFF, 0xFFFF, 0xECED, 0x89A1, 0xFFFF, 0xFFFF,
  0xFFFF, 0x2104, 0xDEFB, 0xFFDF, 0xFFFF, 0xFFFF, 0xFFDF, 0xFFFF, 0xEDD2, 0xAA40, 0x1020, 0xFFFF,
  0xFFFF, 0x7BCF, 0xFFFF, 0xFFDF, 0xFFDF, 0xFFDF, 0xFFFF, 0xFF7C, 0xDC28, 0x7160, 0xFFFF, 0xFFFF,
  0xFFFF, 0xFFFF, 0xFFFF, 0xFFFF, 0xFFFF, 0xFFFF, 0x3080, 0x6140, 0x5920, 0x5940, 0x6140, 0x6160,
  0x5900, 0xAC6F, 0xFFFF, 0xFFFF, 0xFFFF, 0xFFFF, 0xFFFF, 0xCD72, 0x5961, 0xFFFF, 0xFFFF, 0xFFFF,
  0xFFFF, 0xFFFF, 0xFFFF, 0xFFFF, 0x3080, 0x6960, 0x6140, 0x6140, 0x6140, 0x6982, 0x2881, 0xFFFF,
  0xFFFF, 0xFFFF, 0xFFFF, 0xFFFF, 0x5120, 0x6140, 0x6120, 0x6140, 0x4122, 0xFFFF, 0xFFFF, 0xFFFF,
  0xFFFF, 0xFFFF, 0xFFFF, 0xFFFF, 0x38A0, 0x6960, 0x6140, 0x6140, 0x6140, 0x6140, 0x6140, 0x6140,
  0x6140, 0x6140, 0x6140, 0x6140, 0x6140, 0x6981, 0x38E1, 0xFFFF, 0xFFFF, 0xFFFF, 0xFFFF, 0xFFFF,
  0xFFFF, 0xFFFF, 0xFFFF, 0xFFFF, 0xFFFF, 0xFFFF, 0xFFFF, 0xFFFF, 0xFFFF, 0xFFFF, 0x5120, 0x6140,
  0x6140, 0x6140, 0x6160, 0x5162, 0xFFFF, 0xFFFF, 0xFFFF, 0xFFFF, 0xFFFF, 0xFFFF, 0xFFFF, 0xFFFF,
  0xFFFF, 0xFFFF, 0xFFFF, 0xFFFF, 0x2945, 0xAD35, 0xFFFF, 0xFFFF, 0xFFFF, 0xFFFF, 0xFFFF, 0xFFFF,
  0xFFFF, 0xFFFF, 0xFFFF, 0xFFFF, 0xFFFF, 0xFFFF, 0xD48E, 0xEBA3, 0x9A61, 0x28A1, 0xFFFF, 0xFFFF,
  0xFFFF, 0xFFFF, 0xFFFF, 0xFFFF, 0xFFFF, 0xFFFF, 0x18C3, 0x6B6E, 0xFFFF, 0xFFFF, 0xFFFF, 0xFFFF,
  0xFFFF, 0xFFFF, 0xD530, 0xE3C5, 0xC2E2, 0x1820, 0xFFFF, 0xFFFF, 0xFFFF, 0xFFFF, 0xFFFF, 0xFFFF,
  0xFFFF, 0xBE18, 0xFFFF, 0xFFFF, 0xFFFF, 0xFFFF, 0xFFFF, 0xF6F9, 0xDBC7, 0xE3A3, 0x7181, 0x1061,
  0x1082, 0x52AA, 0xFFFF, 0xFFFF, 0xFFFF, 0xFFFF, 0xFFFF, 0xFFFF, 0xED0E, 0x89A0, 0xFFFF, 0xFFFF,
  0xFFFF, 0x2124, 0xF77D, 0xFFFF, 0xFFFF, 0xFFFF, 0xFFFF, 0xFFFF, 0xEDF3, 0xA240, 0xFFFF, 0xFFFF,
  0xFFFF, 0x8410, 0xFFFF, 0xFFFF, 0xFFFF, 0xFFFF, 0xFFFF, 0xFFFE, 0xE427, 0x7140, 0xFFFF, 0xFFFF,
  0xFFFF, 0xFFFF, 0xFFFF, 0xFFFF, 0xFFFF, 0xFFFF, 0xFFFF, 0xFFFF, 0xFFFF, 0x0001, 0x0001, 0x0001,
  0xFFFF, 0x4269, 0xBD54, 0xEDF4, 0xF5F4, 0xF5F4, 0xF615, 0xFCCA, 0xAAA1, 0xFFFF, 0xFFFF, 0xFFFF,
  0xFFFF, 0xFFFF, 0xFFFF, 0xFFFF, 0xFFFF, 0xFFFF, 0xFFFF, 0xFFFF, 0xFFFF, 0xFFFF, 0xFFFF, 0xFFFF,
  0xFFFF, 0xFFFF, 0xFFFF, 0xFFFF, 0xFFFF, 0xFFFF, 0xFFFF, 0xFFFF, 0xFFFF, 0xFFFF, 0xFFFF, 0xFFFF,
  0xFFFF, 0xFFFF, 0xFFFF, 0xFFFF, 0x0001, 0xFFFF, 0x0001, 0x0001, 0x0001, 0x0001, 0x0001, 0x0001,
  0x0001, 0x0001, 0x0001, 0x0001, 0x0001, 0xFFFF, 0xFFFF, 0xFFFF, 0xFFFF, 0xFFFF, 0xFFFF, 0xFFFF,
  0xFFFF, 0xFFFF, 0xFFFF, 0xFFFF, 0xFFFF, 0xFFFF, 0xFFFF, 0xFFFF, 0xFFFF, 0xFFFF, 0xFFFF, 0x0001,
  0x0001, 0x0001, 0x0001, 0xFFFF, 0xFFFF, 0xFFFF, 0xFFFF, 0xFFFF, 0xFFFF, 0xFFFF, 0xFFFF, 0xFFFF,
  0xFFFF, 0xFFFF, 0xFFFF, 0xFFFF, 0xFFFF, 0x39E8, 0x9450, 0xE530, 0xED2F, 0xED2F, 0xED2F, 0xED2F,
  0xED2F, 0xED2F, 0xED2F, 0xED2F, 0xED2F, 0xED0D, 0xE383, 0x91E1, 0x30E1, 0xFFFF, 0xFFFF, 0xFFFF,
  0xFFFF, 0xFFFF, 0xFFFF, 0xFFFF, 0xFFFF, 0xFFFF, 0xFFFF, 0x18E4, 0x83F0, 0xD4F0, 0xF530, 0xED30,
  0xE530, 0xE54F, 0xE3E5, 0xB240, 0x5121, 0x0820, 0xFFFF, 0xFFFF, 0xFFFF, 0xFFFF, 0xFFFF, 0xFFFF,
  0xFFFF, 0x52AB, 0xAC2F, 0xED50, 0xE530, 0xE52F, 0xE550, 0xECAA, 0xD301, 0x71A1, 0x1861, 0xFFFF,
  0xFFFF, 0xFFFF, 0x7B8E, 0xCCF0, 0xED50, 0xED2F, 0xED2F, 0xE54F, 0xEC26, 0x99E1, 0xFFFF, 0xFFFF,
  0xFFFF, 0x1062, 0x6B4D, 0xC4F0, 0xED4F, 0xE54F, 0xE54F, 0xE54F, 0xEC68, 0xB281, 0x1020, 0xFFFF,
  0xFFFF, 0x31A6, 0x940F, 0xDD30, 0xED2F, 0xED2F, 0xE530, 0xED2E, 0xEBC4, 0x7960, 0xFFFF, 0xFFFF,
  0xFFFF, 0xFFFF, 0xFFFF, 0xFFFF, 0xFFFF, 0xFFFF, 0xFFFF, 0xFFFF, 0xFFFF, 0xFFFF, 0xFFFF, 0xFFFF,
  0xFFFF, 0xFFFF, 0x38A0, 0xB2A3, 0xB261, 0xB281, 0xB261, 0xBAC2, 0x8242, 0xFFFF, 0xFFFF, 0xFFFF,
  0xFFFF, 0xFFFF, 0xFFFF, 0xFFFF, 0xFFFF, 0xFFFF, 0xFFFF, 0xFFFF, 0xFFFF, 0xFFFF, 0xFFFF, 0xFFFF,
  0xFFFF, 0xFFFF, 0xFFFF, 0xFFFF, 0xFFFF, 0xFFFF, 0xFFFF, 0xFFFF, 0xFFFF, 0xFFFF, 0xFFFF, 0xFFFF,
  0xFFFF, 0xFFFF, 0xFFFF, 0xFFFF, 0xFFFF, 0xFFFF, 0xFFFF, 0xFFFF, 0xFFFF, 0xFFFF, 0xFFFF, 0xFFFF,
  0xFFFF, 0xFFFF, 0xFFFF, 0xFFFF, 0xFFFF, 0xFFFF, 0xFFFF, 0xFFFF, 0xFFFF, 0xFFFF, 0xFFFF, 0xFFFF,
  0xFFFF, 0xFFFF, 0xFFFF, 0xFFFF, 0xFFFF, 0xFFFF, 0xFFFF, 0xFFFF, 0xFFFF, 0xFFFF, 0xFFFF, 0xFFFF,
  0xFFFF, 0xFFFF, 0xFFFF, 0xFFFF, 0xFFFF, 0xFFFF, 0xFFFF, 0xFFFF, 0xFFFF, 0xFFFF, 0xFFFF, 0xFFFF,
  0xFFFF, 0xFFFF, 0xFFFF, 0xFFFF, 0xFFFF, 0xFFFF, 0x20A1, 0x9A42, 0x9A00, 0x9A01, 0x9A01, 0x9A01,
  0x9A01, 0x9A01, 0x9A01, 0x9A01, 0x9A01, 0x9A01, 0xA282, 0x28E2, 0xFFFF, 0xFFFF, 0xFFFF, 0xFFFF,
  0xFFFF, 0xFFFF, 0xFFFF, 0xFFFF, 0xFFFF, 0xFFFF, 0xFFFF, 0xFFFF, 0xFFFF, 0x81E3, 0xA201, 0x9A01,
  0x9A01, 0x9201, 0xAAA2, 0x5162, 0xFFFF, 0xFFFF, 0xFFFF, 0xFFFF, 0xFFFF, 0xFFFF, 0xFFFF, 0xFFFF,
  0xFFFF, 0xFFFF, 0x4880, 0xA242, 0x9A01, 0x9A01, 0x9A01, 0xA221, 0x8243, 0xFFFF, 0xFFFF, 0xFFFF,
  0xFFFF, 0xFFFF, 0xFFFF, 0x6961, 0xA221, 0x9A00, 0x9A00, 0x9A00, 0xA262, 0x6982, 0xFFFF, 0xFFFF,
  0xFFFF, 0xFFFF, 0xFFFF, 0x6961, 0xA221, 0x9A01, 0x9A20, 0x9A00, 0xA262, 0x7A03, 0x0800, 0xFFFF,
  0xFFFF, 0xFFFF, 0x1800, 0x9202, 0xA200, 0x9A01, 0x9A01, 0x9A21, 0xA282, 0x4941, 0xFFFF, 0xFFFF,
  0xFFFF, 0xFFFF, 0xFFFF, 0xFFFF, 0xFFFF, 0xFFFF, 0xFFFF, 0xFFFF, 0xFFFF, 0xFFFF, 0xFFFF, 0xFFFF,
  0xFFFF, 0xFFFF, 0xFFFF, 0xFFFF, 0xFFFF, 0xFFFF, 0xFFFF, 0xFFFF, 0xFFFF, 0xFFFF, 0xFFFF, 0xFFFF,
  0xFFFF, 0xFFFF, 0xFFFF, 0xFFFF, 0xFFFF, 0xFFFF, 0xFFFF, 0xFFFF, 0xFFFF, 0xFFFF, 0xFFFF, 0xFFFF,
  0xFFFF, 0xFFFF, 0xFFFF, 0xFFFF, 0xFFFF, 0xFFFF, 0xFFFF, 0xFFFF, 0xFFFF, 0xFFFF, 0xFFFF, 0xFFFF,
  0xFFFF, 0xFFFF, 0xFFFF, 0xFFFF, 0xFFFF, 0xFFFF, 0xFFFF, 0xFFFF, 0xFFFF, 0xFFFF, 0xFFFF, 0xFFFF,
  0xFFFF, 0xFFFF, 0xFFFF, 0xFFFF, 0xFFFF, 0xFFFF, 0xFFFF, 0xFFFF, 0xFFFF, 0xFFFF, 0xFFFF, 0xFFFF,
  0xFFFF, 0xFFFF, 0xFFFF, 0xFFFF, 0xFFFF, 0xFFFF, 0xFFFF, 0xFFFF, 0xFFFF, 0xFFFF, 0xFFFF, 0xFFFF,
  0xFFFF, 0xFFFF, 0xFFFF, 0xFFFF, 0xFFFF, 0xFFFF, 0xFFFF, 0xFFFF, 0xFFFF, 0xFFFF, 0xFFFF, 0xFFFF,
  0xFFFF, 0xFFFF, 0xFFFF, 0xFFFF, 0xFFFF, 0xFFFF, 0xFFFF, 0xFFFF, 0xFFFF, 0xFFFF, 0xFFFF, 0xFFFF,
  0xFFFF, 0xFFFF, 0xFFFF, 0xFFFF, 0xFFFF, 0xFFFF, 0xFFFF, 0xFFFF, 0xFFFF, 0xFFFF, 0xFFFF, 0xFFFF,
  0xFFFF, 0xFFFF, 0xFFFF, 0xFFFF, 0xFFFF, 0xFFFF, 0xFFFF, 0xFFFF, 0xFFFF, 0xFFFF, 0xFFFF, 0xFFFF,
  0xFFFF, 0xFFFF, 0xFFFF, 0xFFFF, 0xFFFF, 0xFFFF, 0xFFFF, 0xFFFF, 0xFFFF, 0xFFFF, 0xFFFF, 0xFFFF,
  0xFFFF, 0xFFFF, 0xFFFF, 0xFFFF, 0xFFFF, 0xFFFF, 0xFFFF, 0xFFFF, 0xFFFF, 0xFFFF, 0xFFFF, 0xFFFF,
  0xFFFF, 0xFFFF, 0xFFFF, 0xFFFF, 0xFFFF, 0xFFFF, 0xFFFF, 0xFFFF, 0xFFFF, 0xFFFF, 0xFFFF, 0xFFFF,
  0xFFFF, 0xFFFF, 0xFFFF, 0xFFFF, 0xFFFF, 0xFFFF, 0xFFFF, 0xFFFF, 0xFFFF, 0xFFFF, 0xFFFF, 0xFFFF,
  0xFFFF, 0xFFFF, 0xFFFF, 0xFFFF, 0xFFFF, 0xFFFF, 0xFFFF, 0xFFFF, 0xFFFF, 0xFFFF, 0xFFFF, 0xFFFF,
  0xFFFF, 0xFFFF, 0xFFFF, 0xFFFF, 0xFFFF, 0xFFFF, 0xFFFF, 0xFFFF, 0xFFFF, 0xFFFF, 0xFFFF, 0xFFFF,
  0xFFFF, 0xFFFF, 0xFFFF, 0xFFFF, 0xFFFF, 0xFFFF, 0xFFFF, 0xFFFF, 0xFFFF, 0xFFFF, 0xFFFF, 0xFFFF,
  0xFFFF, 0xFFFF, 0xFFFF, 0xFFFF, 0xFFFF, 0xFFFF, 0xFFFF, 0xFFFF, 0xFFFF, 0xFFFF, 0xFFFF, 0xFFFF,
  0xFFFF, 0xFFFF, 0xFFFF, 0xFFFF, 0xFFFF, 0xFFFF, 0xFFFF, 0xFFFF, 0xFFFF, 0xFFFF, 0xFFFF, 0xFFFF,
  0xFFFF, 0xFFFF, 0xFFFF, 0xFFFF, 0xFFFF, 0xFFFF, 0xFFFF, 0xFFFF, 0xFFFF, 0xFFFF, 0xFFFF, 0xFFFF,
  0xFFFF, 0xFFFF, 0xFFFF, 0xFFFF, 0xFFFF, 0xFFFF, 0xFFFF, 0xFFFF, 0xFFFF, 0xFFFF, 0xFFFF, 0xFFFF,
  0xFFFF, 0xFFFF, 0xFFFF, 0xFFFF, 0xFFFF, 0xFFFF, 0xFFFF, 0xFFFF, 0xFFFF, 0xFFFF, 0xFFFF, 0xFFFF,
  0xFFFF, 0xFFFF, 0xFFFF, 0xFFFF, 0xFFFF, 0xFFFF, 0xFFFF, 0xFFFF, 0xFFFF, 0xFFFF, 0xFFFF, 0xFFFF,
  0xFFFF, 0xFFFF, 0xFFFF, 0xFFFF, 0xFFFF, 0xFFFF, 0xFFFF, 0xFFFF, 0xFFFF, 0xFFFF, 0xFFFF, 0xFFFF,
  0xFFFF, 0xFFFF, 0xFFFF, 0xFFFF, 0xFFFF, 0xFFFF, 0xFFFF, 0xFFFF, 0xFFFF, 0xFFFF, 0xFFFF, 0xFFFF,
  0xFFFF, 0xFFFF, 0xFFFF, 0xFFFF, 0xFFFF, 0xFFFF, 0xFFFF, 0xFFFF, 0xFFFF, 0xFFFF, 0xFFFF, 0xFFFF,
  0xFFFF, 0xFFFF, 0xFFFF, 0xFFFF, 0xFFFF, 0xFFFF, 0xFFFF, 0xFFFF, 0xFFFF, 0xFFFF, 0xFFFF, 0xFFFF,
  0xFFFF, 0xFFFF, 0xFFFF, 0xFFFF, 0xFFFF, 0xFFFF, 0xFFFF, 0xFFFF, 0xFFFF, 0xFFFF, 0xFFFF, 0xFFFF,
  0xFFFF, 0xFFFF, 0xFFFF, 0xFFFF, 0xFFFF, 0xFFFF, 0xFFFF, 0xFFFF, 0xFFFF, 0xFFFF, 0xFFFF, 0xFFFF,
  0xFFFF, 0xFFFF, 0xFFFF, 0xFFFF, 0xFFFF, 0xFFFF, 0xFFFF, 0xFFFF, 0xFFFF, 0xFFFF, 0xFFFF, 0xFFFF,
  0xFFFF, 0xFFFF, 0xFFFF, 0xFFFF, 0xFFFF, 0xFFFF, 0xFFFF, 0xFFFF, 0xFFFF, 0xFFFF, 0xFFFF, 0xFFFF,
  0xFFFF, 0xFFFF, 0x1083, 0x18E4, 0x18E4, 0x18E4, 0x18C4, 0x18E4, 0x10A3, 0xFFFF, 0xFFFF, 0xFFFF,
  0xFFFF, 0xFFFF, 0x18E4, 0x18E4, 0x18E4, 0x18E4, 0x18E4, 0x20E4, 0x0841, 0xFFFF, 0xFFFF, 0xFFFF,
  0xFFFF, 0xFFFF, 0xFFFF, 0xFFFF, 0x18A3, 0x18E4, 0x18C4, 0x18C4, 0x18C4, 0x18C4, 0x18C4, 0x18C4,
  0x18E4, 0x18E4, 0x18E4, 0x18E4, 0x18E4, 0x18E4, 0x18E4, 0x0862, 0xFFFF, 0xFFFF, 0xFFFF, 0xFFFF,
  0xFFFF, 0xFFFF, 0xFFFF, 0xFFFF, 0x10A3, 0x20E4, 0x18E4, 0x18E4, 0x18E4, 0x18E4, 0x18E4, 0x18E4,
  0x18E4, 0x18C4, 0x18C4, 0x18E4, 0x18C3, 0xFFFF, 0xFFFF, 0xFFFF, 0xFFFF, 0xFFFF, 0xFFFF, 0xFFFF,
  0xFFFF, 0xFFFF, 0xFFFF, 0xFFFF, 0xFFFF, 0xFFFF, 0xFFFF, 0xFFFF, 0x10A3, 0x20E4, 0x18E4, 0x18E4,
  0x18E4, 0x2104, 0x10A3, 0xFFFF, 0xFFFF, 0xFFFF, 0xFFFF, 0xFFFF, 0xFFFF, 0xFFFF, 0xFFFF, 0xFFFF,
  0xFFFF, 0xFFFF, 0xFFFF, 0xFFFF, 0x0862, 0x1904, 0x18E4, 0x18E4, 0x18E4, 0x18C3, 0xFFFF, 0xFFFF,
  0x1083, 0x18E4, 0x18E4, 0x18E4, 0x18E4, 0x1082, 0xFFFF, 0xFFFF, 0xFFFF, 0xFFFF, 0xFFFF, 0xFFFF,
  0xFFFF, 0xFFFF, 0xFFFF, 0xFFFF, 0xFFFF, 0xFFFF, 0xFFFF, 0xFFFF, 0xFFFF, 0xFFFF, 0xFFFF, 0xFFFF,
  0xFFFF, 0xFFFF, 0xFFFF, 0xFFFF, 0xFFFF, 0xFFFF, 0xFFFF, 0xFFFF, 0xFFFF, 0xFFFF, 0xFFFF, 0xFFFF,
  0xFFFF, 0xFFFF, 0xFFFF, 0xFFFF, 0xFFFF, 0xFFFF, 0xFFFF, 0xFFFF, 0xFFFF, 0xFFFF, 0xFFFF, 0xFFFF,
  0xFFFF, 0xFFFF, 0xFFFF, 0xFFFF, 0xFFFF, 0xFFFF, 0xFFFF, 0xFFFF, 0xFFFF, 0xFFFF, 0xFFFF, 0xFFFF,
  0xFFFF, 0xFFFF, 0xFFFF, 0xFFFF, 0xFFFF, 0xFFFF, 0xFFFF, 0xFFFF, 0xFFFF, 0xFFFF, 0xFFFF, 0xFFFF,
  0xFFFF, 0xFFFF, 0xFFFF, 0xFFFF, 0xFFFF, 0xFFFF, 0xFFFF, 0xFFFF, 0xFFFF, 0xFFFF, 0xFFFF, 0xFFFF,
  0xFFFF, 0xFFFF, 0xA535, 0xDEFB, 0xDEDB, 0xDEDB, 0xDEBB, 0xDEFB, 0xA535, 0xFFFF, 0xFFFF, 0xFFFF,
  0xFFFF, 0x2125, 0xDEDB, 0xDEDB, 0xDEDB, 0xDEDB, 0xDEBB, 0xDEFB, 0x52CB, 0xFFFF, 0xFFFF, 0xFFFF,
  0xFFFF, 0xFFFF, 0xFFFF, 0x18C3, 0xBDD7, 0xDEDB, 0xDEBB, 0xDEDB, 0xDEDB, 0xDEDB, 0xDEDB, 0xDEDB,
  0xD6DB, 0xDEDB, 0xDEDB, 0xDEDB, 0xDEDB, 0xD6BB, 0xDEFC, 0x630D, 0xFFFF, 0xFFFF, 0xFFFF, 0xFFFF,
  0xFFFF, 0xFFFF, 0xFFFF, 0xFFFF, 0x8410, 0xDEFC, 0xD6DB, 0xDEDB, 0xDEDB, 0xDEDB, 0xDEDB, 0xDEDB,
  0xDEDB, 0xDEDB, 0xDEDB, 0xDEDB, 0xC5F8, 0xFFFF, 0xFFFF, 0xFFFF, 0xFFFF, 0xFFFF, 0xFFFF, 0xFFFF,
  0xFFFF, 0xFFFF, 0xFFFF, 0xFFFF, 0xFFFF, 0xFFFF, 0xFFFF, 0x1062, 0xB596, 0xDEFB, 0xDEDB, 0xDEDB,
  0xD6BB, 0xDEFC, 0x8431, 0xFFFF, 0xFFFF, 0xFFFF, 0xFFFF, 0xFFFF, 0xFFFF, 0xFFFF, 0xFFFF, 0xFFFF,
  0xFFFF, 0xFFFF, 0xFFFF, 0xFFFF, 0x4A6A, 0xDEFB, 0xD6BB, 0xD6DB, 0xDEFB, 0xBDD7, 0x1082, 0xFFFF,
  0x8C72, 0xDEFB, 0xD6BB, 0xD6BB, 0xDEFB, 0x8C72, 0xFFFF, 0x0021, 0xFFFF, 0xFFFF, 0xFFFF, 0xFFFF,
  0xFFFF, 0xFFFF, 0xFFFF, 0xFFFF, 0xFFFF, 0xFFFF, 0xFFFF, 0xFFFF, 0xFFFF, 0xFFFF, 0xFFFF, 0xFFFF,
  0xFFFF, 0xFFFF, 0xFFFF, 0xFFFF, 0xFFFF, 0xFFFF, 0xFFFF, 0xFFFF, 0xFFFF, 0xFFFF, 0xFFFF, 0xFFFF,
  0xFFFF, 0xFFFF, 0xFFFF, 0xFFFF, 0xFFFF, 0xFFFF, 0xFFFF, 0xFFFF, 0xFFFF, 0xFFFF, 0xFFFF, 0xFFFF,
  0xFFFF, 0xFFFF, 0xFFFF, 0xFFFF, 0xFFFF, 0xFFFF, 0xFFFF, 0xFFFF, 0xFFFF, 0xFFFF, 0xFFFF, 0xFFFF,
  0xFFFF, 0xFFFF, 0xFFFF, 0xFFFF, 0xFFFF, 0xFFFF, 0xFFFF, 0xFFFF, 0xFFFF, 0xFFFF, 0xFFFF, 0xFFFF,
  0xFFFF, 0xFFFF, 0xFFFF, 0xFFFF, 0xFFFF, 0xFFFF, 0xFFFF, 0xFFFF, 0xFFFF, 0xFFFF, 0xFFFF, 0xFFFF,
  0xFFFF, 0xFFFF, 0xC639, 0xFFFF, 0xFFFF, 0xFFFF, 0xFFFF, 0xFFFF, 0xEEB8, 0x9221, 0x2081, 0xFFFF,
  0xFFFF, 0x3186, 0xFFFF, 0xFFFF, 0xFFFF, 0xFFFF, 0xFFFF, 0xFFFF, 0xBC8E, 0x5960, 0xFFFF, 0xFFFF,
  0xFFFF, 0xFFFF, 0xFFFF, 0x18E4, 0xEF5D, 0xFFFF, 0xFFFF, 0xFFFF, 0xFFFF, 0xFFFF, 0xFFFF, 0xFFFF,
  0xFFFF, 0xFFFF, 0xFFFF, 0xFFFF, 0xFFFF, 0xFFFF, 0xFFFF, 0xC4CF, 0x6161, 0xFFFF, 0xFFFF, 0xFFFF,
  0xFFFF, 0xFFFF, 0x0862, 0x8430, 0xE71C, 0xFFFF, 0xFFFF, 0xFFFF, 0xFFFF, 0xFFFF, 0xFFFF, 0xFFFF,
  0xFFFF, 0xFFFF, 0xFFFF, 0xFFFF, 0xFFDF, 0xB596, 0x2945, 0xFFFF, 0xFFFF, 0xFFFF, 0xFFFF, 0xFFFF,
  0xFFFF, 0xFFFF, 0xFFFF, 0xFFFF, 0xFFFF, 0xFFFF, 0xFFFF, 0x10A3, 0xD6BB, 0xFFFF, 0xFFFF, 0xFFFF,
  0xFFFF, 0xFFFF, 0xD5B4, 0x79E2, 0xFFFF, 0xFFFF, 0xFFFF, 0xFFFF, 0xFFFF, 0xFFFF, 0xFFFF, 0xFFFF,
  0xFFFF, 0xFFFF, 0xFFFF, 0xFFFF, 0x4A6A, 0xFFFF, 0xFFFF, 0xFFFF, 0xFFFF, 0xEF3C, 0x9244, 0xFFFF,
  0x9CF3, 0xFFFF, 0xFFFF, 0xFFFF, 0xFFFF, 0xDDD3, 0x6961, 0xFFFF, 0xFFFF, 0xFFFF, 0xFFFF, 0xFFFF,
  0xFFFF, 0xFFFF, 0xFFFF, 0xFFFF, 0xFFFF, 0xFFFF, 0xFFFF, 0xFFFF, 0xFFFF, 0xFFFF, 0xFFFF, 0xFFFF,
  0xFFFF, 0xFFFF, 0xFFFF, 0xFFFF, 0xFFFF, 0xFFFF, 0xFFFF, 0xFFFF, 0xFFFF, 0xFFFF, 0xFFFF, 0xFFFF,
  0xFFFF, 0xFFFF, 0xFFFF, 0xFFFF, 0xFFFF, 0xFFFF, 0xFFFF, 0xFFFF, 0xFFFF, 0xFFFF, 0xFFFF, 0xFFFF,
  0xFFFF, 0xFFFF, 0xFFFF, 0xFFFF, 0xFFFF, 0xFFFF, 0xFFFF, 0xFFFF, 0xFFFF, 0xFFFF, 0xFFFF, 0xFFFF,
  0xFFFF, 0xFFFF, 0xFFFF, 0xFFFF, 0xFFFF, 0xFFFF, 0xFFFF, 0xFFFF, 0xFFFF, 0xFFFF, 0xFFFF, 0xFFFF,
  0xFFFF, 0xFFFF, 0xFFFF, 0xFFFF, 0xFFFF, 0xFFFF, 0xFFFF, 0xFFFF, 0xFFFF, 0xFFFF, 0xFFFF, 0xFFFF,
  0xFFFF, 0xFFFF, 0xBDF8, 0xFFFF, 0xFFDF, 0xFFDF, 0xFFDF, 0xFFFF, 0xFEB6, 0xDB41, 0x30A1, 0xFFFF,
  0xFFFF, 0x2966, 0xFFFF, 0xFFDF, 0xFFDF, 0xFFDF, 0xFFDF, 0xFFFF, 0xF50E, 0x99E0, 0xFFFF, 0xFFFF,
  0xFFFF, 0xFFFF, 0xFFFF, 0x10A3, 0xA514, 0xE677, 0xF696, 0xF676, 0xF676, 0xF676, 0xF676, 0xEE75,
  0xEE75, 0xFFBD, 0xFFFF, 0xFFFF, 0xFFFF, 0xF7FE, 0xFFFF, 0xF550, 0xA242, 0xFFFF, 0xFFFF, 0xFFFF,
  0xFFFF, 0xFFFF, 0x10A2, 0xDEDB, 0xFFFF, 0xFFDF, 0xFFFF, 0xFFFF, 0xEED8, 0xF675, 0xF696, 0xF675,
  0xF675, 0xFF9D, 0xFFFF, 0xFFFF, 0xFFFF, 0xFFFF, 0x9492, 0x2945, 0xFFFF, 0xFFFF, 0xFFFF, 0xFFFF,
  0xFFFF, 0xFFFF, 0xFFFF, 0xFFFF, 0xFFFF, 0xFFFF, 0xFFFF, 0x1083, 0xD69A, 0xFFFF, 0xFFDF, 0xFFFF,
  0xFFFF, 0xFFFF, 0xEDF3, 0xC2E2, 0xFFFF, 0xFFFF, 0xFFFF, 0xFFFF, 0xFFFF, 0xFFFF, 0xFFFF, 0xFFFF,
  0xFFFF, 0x0842, 0x528B, 0x5AEB, 0x8C72, 0xFFFF, 0xFFFF, 0xFFFF, 0xFFFF, 0xF75C, 0xDD30, 0x62CA,
  0xB5B7, 0xFFFF, 0xFFDF, 0xFFDF, 0xFFFF, 0xF6B7, 0xC46D, 0x62EB, 0x0862, 0xFFFF, 0xFFFF, 0xFFFF,
  0xFFFF, 0xFFFF, 0xFFFF, 0xFFFF, 0xFFFF, 0xFFFF, 0xFFFF, 0xFFFF, 0xFFFF, 0xFFFF, 0xFFFF, 0xFFFF,
  0xFFFF, 0xFFFF, 0xFFFF, 0xFFFF, 0xFFFF, 0xFFFF, 0xFFFF, 0xFFFF, 0xFFFF, 0xFFFF, 0xFFFF, 0xFFFF,
  0xFFFF, 0xFFFF, 0xFFFF, 0xFFFF, 0xFFFF, 0xFFFF, 0xFFFF, 0xFFFF, 0xFFFF, 0xFFFF, 0xFFFF, 0xFFFF,
  0xFFFF, 0xFFFF, 0xFFFF, 0xFFFF, 0xFFFF, 0xFFFF, 0xFFFF, 0xFFFF, 0xFFFF, 0xFFFF, 0xFFFF, 0xFFFF,
  0xFFFF, 0xFFFF, 0xFFFF, 0xFFFF, 0xFFFF, 0xFFFF, 0xFFFF, 0xFFFF, 0xFFFF, 0xFFFF, 0xFFFF, 0xFFFF,
  0xFFFF, 0xFFFF, 0xFFFF, 0xFFFF, 0xFFFF, 0xFFFF, 0xFFFF, 0xFFFF, 0xFFFF, 0xFFFF, 0xFFFF, 0xFFFF,
  0xFFFF, 0xFFFF, 0xBDF8, 0xFFFF, 0xFFDF, 0xFFFF, 0xFFDF, 0xFFFF, 0xFED7, 0xCB00, 0x30A1, 0xFFFF,
  0xFFFF, 0x2966, 0xFFFF, 0xFFFF, 0xFFFF, 0xFFFF, 0xFFFF, 0xFFFF, 0xE4ED, 0x91C0, 0xFFFF, 0xFFFF,
  0xFFFF, 0xFFFF, 0xFFFF, 0xFFFF, 0xFFFF, 0x81E1, 0xCB03, 0xBAC2, 0xBAC2, 0xBAC2, 0xBAC2, 0xC302,
  0xCBE7, 0xFF7B, 0xFFFF, 0xFFFF, 0xFFFF, 0xFFFE, 0xFFBD, 0xED0D, 0x9A21, 0xFFFF, 0xFFFF, 0xFFFF,
  0xFFFF, 0xFFFF, 0x1082, 0xCE79, 0xFFFF, 0xFFFF, 0xFFFF, 0xFFFF, 0xD46B, 0xCA80, 0xC2A2, 0xC2A2,
  0xBAA1, 0xF6D8, 0xFFFF, 0xFFFF, 0xFFFF, 0xFFBF, 0xFFFF, 0x9450, 0x1040, 0xFFFF, 0xFFFF, 0xFFFF,
  0xFFFF, 0xFFFF, 0xFFFF, 0xFFFF, 0xFFFF, 0xFFFF, 0xFFFF, 0x1083, 0xD69A, 0xFFFF, 0xFFFF, 0xFFFF,
  0xFFFF, 0xFFFF, 0xE5F3, 0xB2A1, 0xFFFF, 0xFFFF, 0xFFFF, 0xFFFF, 0xFFFF, 0xFFFF, 0xFFFF, 0xFFFF,
  0xFFFF, 0x18E4, 0xE73D, 0xFFFF, 0xFFFF, 0xFFFF, 0xFFFF, 0xFFFF, 0xFFFF, 0xFFFF, 0xFFFF, 0xFFFF,
  0xFFFF, 0xFFFF, 0xFFFF, 0xFFFF, 0xFFFF, 0xFFFF, 0xFFFF, 0xFFFF, 0x49E6, 0x1020, 0xFFFF, 0xFFFF,
  0xFFFF, 0xFFFF, 0xFFFF, 0xFFFF, 0xFFFF, 0xFFFF, 0xFFFF, 0xFFFF, 0xFFFF, 0xFFFF, 0xFFFF, 0xFFFF,
  0xFFFF, 0xFFFF, 0xFFFF, 0xFFFF, 0xFFFF, 0xFFFF, 0xFFFF, 0xFFFF, 0xFFFF, 0xFFFF, 0xFFFF, 0xFFFF,
  0xFFFF, 0xFFFF, 0xFFFF, 0xFFFF, 0xFFFF, 0xFFFF, 0xFFFF, 0xFFFF, 0xFFFF, 0xFFFF, 0xFFFF, 0xFFFF,
  0xFFFF, 0xFFFF, 0xFFFF, 0xFFFF, 0xFFFF, 0xFFFF, 0xFFFF, 0xFFFF, 0xFFFF, 0xFFFF, 0xFFFF, 0xFFFF,
  0xFFFF, 0xFFFF, 0xFFFF, 0xFFFF, 0xFFFF, 0xFFFF, 0xFFFF, 0xFFFF, 0xFFFF, 0xFFFF, 0xFFFF, 0xFFFF,
  0xFFFF, 0xFFFF, 0xFFFF, 0xFFFF, 0xFFFF, 0xFFFF, 0xFFFF, 0xFFFF, 0xFFFF, 0xFFFF, 0xFFFF, 0xFFFF,
  0xFFFF, 0xFFFF, 0xBDF7, 0xFFFF, 0xFFFF, 0xFFFF, 0xFFFF, 0xFFFF, 0xF6B7, 0xBB02, 0x28C2, 0x0862,
  0x0841, 0x31A7, 0xFFFF, 0xFFFF, 0xFFFF, 0xFFFF, 0xFFFF, 0xFFFF, 0xE4EC, 0x89E0, 0xFFFF, 0xFFFF,
  0xFFFF, 0xFFFF, 0xFFFF, 0xFFFF, 0xFFFF, 0xFFFF, 0x0840, 0xFFFF, 0x0860, 0x1081, 0x0840, 0x630B,
  0xFFFE, 0xFFDF, 0xFFFF, 0xFFFF, 0xFFFF, 0xFFDE, 0xCC4A, 0xE341, 0x9A82, 0xFFFF, 0xFFFF, 0xFFFF,
  0xFFFF, 0xFFFF, 0x1062, 0xCE59, 0xFFFF, 0xFFDF, 0xFFDF, 0xFFFF, 0xE4AC, 0x7160, 0x0841, 0x1061,
  0x20C2, 0xD69A, 0xFFFF, 0xFFFF, 0xFFFF, 0xFFFF, 0xFFDF, 0xE570, 0x9222, 0xFFFF, 0xFFFF, 0xFFFF,
  0xFFFF, 0xFFFF, 0xFFFF, 0xFFFF, 0xFFFF, 0xFFFF, 0xFFFF, 0x1083, 0xD69A, 0xFFFF, 0xFFFF, 0xFFFF,
  0xFFFF, 0xFFFF, 0xEDF3, 0xB2C1, 0xFFFF, 0xFFFF, 0xFFFF, 0xFFFF, 0xFFFF, 0xFFFF, 0xFFFF, 0xFFFF,
  0xFFFF, 0x18E4, 0xDEDB, 0xFFDF, 0xFFDF, 0xFFFF, 0xFFFF, 0xFFFF, 0xFFFF, 0xFFFF, 0xFFFF, 0xF7DF,
  0xFFFF, 0xFFFF, 0xFFFF, 0xFFFF, 0xFFFF, 0xFFFF, 0xF7DF, 0xFF9D, 0xDC27, 0x7160, 0xFFFF, 0xFFFF,
  0xFFFF, 0xFFFF, 0xFFFF, 0xFFFF, 0xFFFF, 0xFFFF, 0xFFFF, 0xFFFF, 0xFFFF, 0xFFFF, 0xFFFF, 0xFFFF,
  0xFFFF, 0xFFFF, 0xFFFF, 0xFFFF, 0xFFFF, 0xFFFF, 0xFFFF, 0xFFFF, 0xFFFF, 0xFFFF, 0xFFFF, 0xFFFF,
  0xFFFF, 0xFFFF, 0xFFFF, 0xFFFF, 0xFFFF, 0xFFFF, 0xFFFF, 0xFFFF, 0xFFFF, 0xFFFF, 0xFFFF, 0xFFFF,
  0xFFFF, 0xFFFF, 0xFFFF, 0xFFFF, 0xFFFF, 0xFFFF, 0xFFFF, 0xFFFF, 0xFFFF, 0xFFFF, 0xFFFF, 0xFFFF,
  0xFFFF, 0xFFFF, 0xFFFF, 0xFFFF, 0xFFFF, 0xFFFF, 0xFFFF, 0xFFFF, 0xFFFF, 0xFFFF, 0xFFFF, 0xFFFF,
  0xFFFF, 0xFFFF, 0xFFFF, 0xFFFF, 0xFFFF, 0xFFFF, 0xFFFF, 0xFFFF, 0xFFFF, 0xFFFF, 0xFFFF, 0xFFFF,
  0xFFFF, 0xFFFF, 0xCE59, 0xFFFF, 0xFFDF, 0xFFFF, 0xFFFF, 0xFFFF, 0xFFBD, 0xEED8, 0xD69A, 0xD69A,
  0xD69A, 0xDEDB, 0xFFFF, 0xFFFF, 0xFFFF, 0xFFFF, 0xFFDF, 0xFFFF, 0xE50D, 0x89C0, 0xFFFF, 0xFFFF,
  0xFFFF, 0xFFFF, 0xFFFF, 0xFFFF, 0xFFFF, 0xFFFF, 0xFFFF, 0xFFFF, 0x0021, 0xFFFF, 0x7BD0, 0xDEFC,
  0xFFFF, 0xFFFF, 0xFFDF, 0xFFFF, 0xF77C, 0xCC2A, 0xEBA4, 0x91E0, 0x20A1, 0xFFFF, 0xFFFF, 0xFFFF,
  0xFFFF, 0xFFFF, 0x0862, 0xDEDB, 0xFFFF, 0xFFFF, 0xFFFF, 0xFFFF, 0xDCEC, 0x5920, 0xFFFF, 0xFFFF,
  0xFFFF, 0xCE7A, 0xFFFF, 0xFFDF, 0xFFFF, 0xFFDF, 0xFFFF, 0xED90, 0x9A21, 0xFFFF, 0xFFFF, 0xFFFF,
  0xFFFF, 0xFFFF, 0xFFFF, 0xFFFF, 0xFFFF, 0xFFFF, 0xFFFF, 0x1083, 0xD69A, 0xFFFF, 0xFFFF, 0xFFFF,
  0xFFFF, 0xFFFF, 0xEDF3, 0xB2C1, 0xFFFF, 0xFFFF, 0xFFFF, 0xFFFF, 0xFFFF, 0xFFFF, 0xFFFF, 0xFFFF,
  0xFFFF, 0x20E4, 0xEF5D, 0xFFFF, 0xFFFF, 0xFFFF, 0xFFFF, 0xFFFF, 0xFFFF, 0xFFFF, 0xFFFF, 0xFFFF,
  0xFFFF, 0xFFFF, 0xFFFF, 0xFFFF, 0xFFFF, 0xFFFF, 0xFFFF, 0xFFFF, 0xEC26, 0x7160, 0xFFFF, 0xFFFF,
  0xFFFF, 0xFFFF, 0xFFFF, 0xFFFF, 0xFFFF, 0xFFFF, 0xFFFF, 0xFFFF, 0xFFFF, 0xFFFF, 0xFFFF, 0xFFFF,
  0xFFFF, 0xFFFF, 0xFFFF, 0xFFFF, 0xFFFF, 0xFFFF, 0xFFFF, 0xFFFF, 0xFFFF, 0xFFFF, 0xFFFF, 0xFFFF,
  0xFFFF, 0xFFFF, 0xFFFF, 0xFFFF, 0xFFFF, 0xFFFF, 0xFFFF, 0xFFFF, 0xFFFF, 0xFFFF, 0xFFFF, 0xFFFF,
  0xFFFF, 0xFFFF, 0xFFFF, 0xFFFF, 0xFFFF, 0xFFFF, 0xFFFF, 0xFFFF, 0xFFFF, 0xFFFF, 0xFFFF, 0xFFFF,
  0xFFFF, 0xFFFF, 0xFFFF, 0xFFFF, 0xFFFF, 0xFFFF, 0xFFFF, 0xFFFF, 0xFFFF, 0xFFFF, 0xFFFF, 0xFFFF,
  0xFFFF, 0xFFFF, 0xFFFF, 0xFFFF, 0xFFFF, 0xFFFF, 0xFFFF, 0xFFFF, 0xFFFF, 0xFFFF, 0xFFFF, 0xFFFF,
  0xFFFF, 0xFFFF, 0x632C, 0xC618, 0xFFFF, 0xFFFF, 0xFFFF, 0xFFFF, 0xFFFF, 0xFFFF, 0xFFFF, 0xFFFF,
  0xFFFF, 0xFFFF, 0xFFFF, 0xFFFF, 0xFFFF, 0xFFFF, 0xFFFF, 0xE5B3, 0xEC26, 0x9A00, 0xFFFF, 0xFFFF,
  0xFFFF, 0xFFFF, 0xFFFF, 0xFFFF, 0xFFFF, 0xFFFF, 0xFFFF, 0xFFFF, 0xFFFF, 0x73AF, 0xDEDB, 0xFFFF,
  0xFFDF, 0xFFDF, 0xFFFF, 0xEF39, 0xDCED, 0xE320, 0x9A21, 0x30A0, 0xFFFF, 0xFFFF, 0xFFFF, 0xFFFF,
  0xFFFF, 0xFFFF, 0x0842, 0x738E, 0xC531, 0xF5B2, 0xF591, 0xF5D0, 0xDB83, 0xB3EA, 0x94F4, 0x9CD3,
  0x9CD3, 0xE73D, 0xFFFF, 0xFFDF, 0xFFFF, 0xFFFF, 0xE614, 0xEC48, 0xAA62, 0xFFFF, 0xFFFF, 0xFFFF,
  0xFFFF, 0xFFFF, 0xFFFF, 0xFFFF, 0xFFFF, 0xFFFF, 0xFFFF, 0x1083, 0xD69A, 0xFFFF, 0xFFFF, 0xFFFF,
  0xFFFF, 0xFFFF, 0xEDF3, 0xB2C1, 0xFFFF, 0xFFFF, 0xFFFF, 0xFFFF, 0xFFFF, 0xFFFF, 0xFFFF, 0xFFFF,
  0xFFFF, 0x1083, 0x7BCF, 0xCD31, 0xFE76, 0xFFFF, 0xFFFF, 0xFFFF, 0xFFFF, 0xF77C, 0xE571, 0xF56F,
  0xF719, 0xFFFF, 0xFFDF, 0xFFFF, 0xFFFF, 0xEEF9, 0xE590, 0xEDB0, 0xEBE3, 0x7980, 0xFFFF, 0xFFFF,
  0xFFFF, 0xFFFF, 0xFFFF, 0xFFFF, 0xFFFF, 0xFFFF, 0xFFFF, 0xFFFF, 0xFFFF, 0xFFFF, 0xFFFF, 0xFFFF,
  0xFFFF, 0xFFFF, 0xFFFF, 0xFFFF, 0xFFFF, 0xFFFF, 0xFFFF, 0xFFFF, 0xFFFF, 0xFFFF, 0xFFFF, 0xFFFF,
  0xFFFF, 0xFFFF, 0xFFFF, 0xFFFF, 0xFFFF, 0xFFFF, 0xFFFF, 0xFFFF, 0xFFFF, 0xFFFF, 0xFFFF, 0xFFFF,
  0xFFFF, 0xFFFF, 0xFFFF, 0xFFFF, 0xFFFF, 0xFFFF, 0xFFFF, 0xFFFF, 0xFFFF, 0xFFFF, 0xFFFF, 0xFFFF,
  0xFFFF, 0xFFFF, 0xFFFF, 0xFFFF, 0xFFFF, 0xFFFF, 0xFFFF, 0xFFFF, 0xFFFF, 0xFFFF, 0xFFFF, 0xFFFF,
  0xFFFF, 0xFFFF, 0xFFFF, 0xFFFF, 0xFFFF, 0xFFFF, 0xFFFF, 0xFFFF, 0xFFFF, 0xFFFF, 0xFFFF, 0xFFFF,
  0xFFFF, 0xFFFF, 0xFFFF, 0x5AEC, 0xDEFB, 0xFFFF, 0xFFFF, 0xFFFF, 0xFFFF, 0xFFFF, 0xFFFF, 0xFFFF,
  0xFFFF, 0xFFFF, 0xFFFF, 0xFFFF, 0xFFFF, 0xFF9E, 0xF656, 0xD343, 0xC2A0, 0x69C2, 0xFFFF, 0xFFFF,
  0xFFFF, 0xFFFF, 0xFFFF, 0xFFFF, 0xFFFF, 0xFFFF, 0xFFFF, 0x1082, 0x5ACB, 0xE73D, 0xFFFF, 0xFFDF,
  0xFFFF, 0xFFFF, 0xFF3C, 0xE52E, 0xCAA0, 0xAAC2, 0x1061, 0xFFFF, 0xFFFF, 0xFFFF, 0xFFFF, 0xFFFF,
  0xFFFF, 0xFFFF, 0xFFFF, 0xFFFF, 0x6940, 0xAA82, 0xAA41, 0xA241, 0xC3C8, 0xF6B8, 0xFFFF, 0xFFFF,
  0xFFFF, 0xFFFF, 0xFFFF, 0xFFFF, 0xFFBE, 0xF6F9, 0xE3C6, 0xC280, 0x7A03, 0xFFFF, 0xFFFF, 0xFFFF,
  0xFFFF, 0xFFFF, 0xFFFF, 0xFFFF, 0xFFFF, 0xFFFF, 0xFFFF, 0x1083, 0xD69A, 0xFFFF, 0xFFFF, 0xFFFF,
  0xFFFF, 0xFFFF, 0xEDF3, 0xB2C1, 0xFFFF, 0xFFFF, 0xFFFF, 0xFFFF, 0xFFFF, 0xFFFF, 0xFFFF, 0xFFFF,
  0xFFFF, 0xFFFF, 0xFFFF, 0x6100, 0xCC2B, 0xFFFF, 0xFFFF, 0xFFFF, 0xFFFF, 0xF6D8, 0xD2C2, 0x9A00,
  0xCDB3, 0xFFFF, 0xFFDF, 0xFFDF, 0xFFFF, 0xEDB1, 0xBA60, 0xAA40, 0xAAA2, 0x5162, 0xFFFF, 0xFFFF,
  0xFFFF, 0xFFFF, 0xFFFF, 0xFFFF, 0xFFFF, 0xFFFF, 0xFFFF, 0xFFFF, 0xFFFF, 0xFFFF, 0xFFFF, 0xFFFF,
  0xFFFF, 0xFFFF, 0xFFFF, 0xFFFF, 0xFFFF, 0xFFFF, 0xFFFF, 0xFFFF, 0xFFFF, 0xFFFF, 0xFFFF, 0xFFFF,
  0xFFFF, 0xFFFF, 0xFFFF, 0xFFFF, 0xFFFF, 0xFFFF, 0xFFFF, 0xFFFF, 0xFFFF, 0xFFFF, 0xFFFF, 0xFFFF,
  0xFFFF, 0xFFFF, 0xFFFF, 0xFFFF, 0xFFFF, 0xFFFF, 0xFFFF, 0xFFFF, 0xFFFF, 0xFFFF, 0xFFFF, 0xFFFF,
  0xFFFF, 0xFFFF, 0xFFFF, 0xFFFF, 0xFFFF, 0xFFFF, 0xFFFF, 0xFFFF, 0xFFFF, 0xFFFF, 0xFFFF, 0xFFFF,
  0xFFFF, 0xFFFF, 0xFFFF, 0xFFFF, 0xFFFF, 0xFFFF, 0xFFFF, 0xFFFF, 0xFFFF, 0xFFFF, 0xFFFF, 0xFFFF,
  0xFFFF, 0xFFFF, 0xFFFF, 0xFFFF, 0x39C7, 0xEF7D, 0xFFBD, 0xFFDE, 0xFFFF, 0xFFFF, 0xFFFF, 0xFFFF,
  0xFFFF, 0xFFFF, 0xFFFF, 0xFF9E, 0xFFBE, 0xEE37, 0xC2E2, 0xCB82, 0x5121, 0xFFFF, 0xFFFF, 0xFFFF,
  0xFFFF, 0xFFFF, 0xFFFF, 0xFFFF, 0xFFFF, 0xFFFF, 0x0862, 0x4229, 0xFFFF, 0xFFFF, 0xFFFF, 0xFFFF,
  0xFFDF, 0xFFBE, 0xDC4C, 0xD2E1, 0xAAC4, 0x1020, 0xFFFF, 0xFFFF, 0xFFFF, 0xFFFF, 0xFFFF, 0xFFFF,
  0xFFFF, 0xFFFF, 0xFFFF, 0xFFFF, 0x1020, 0x1040, 0x1041, 0xFFFF, 0xCE7A, 0xFFFF, 0xFFDF, 0xFFDF,
  0xFFFF, 0xF7FF, 0xFFDD, 0xFFBE, 0xF6F8, 0xC346, 0xD363, 0x61C2, 0xFFFF, 0xFFFF, 0xFFFF, 0xFFFF,
  0xFFFF, 0xFFFF, 0xFFFF, 0xFFFF, 0xFFFF, 0xFFFF, 0xFFFF, 0x1083, 0xD69A, 0xFFFF, 0xFFFF, 0xFFFF,
  0xFFFF, 0xFFFF, 0xEDF3, 0xB2C1, 0xFFFF, 0xFFFF, 0xFFFF, 0xFFFF, 0xFFFF, 0xFFFF, 0xFFFF, 0xFFFF,
  0xFFFF, 0xFFFF, 0x2125, 0x18E3, 0x630C, 0xFFFF, 0xFFDF, 0xFFFF, 0xFFFF, 0xF719, 0xCBA8, 0x28E3,
  0x9CF4, 0xFFFF, 0xFFDF, 0xFFDF, 0xFFFF, 0xF614, 0xA2C6, 0x28C3, 0x1861, 0xFFFF, 0xFFFF, 0xFFFF,
  0xFFFF, 0xFFFF, 0xFFFF, 0xFFFF, 0xFFFF, 0xFFFF, 0xFFFF, 0xFFFF, 0x0862, 0x9492, 0xB596, 0xB596,
  0xAD76, 0xB5B6, 0x2965, 0xFFFF, 0xFFFF, 0xFFFF, 0xFFFF, 0xFFFF, 0xFFFF, 0xFFFF, 0xFFFF, 0xFFFF,
  0xFFFF, 0xFFFF, 0xFFFF, 0xFFFF, 0xFFFF, 0xFFFF, 0xFFFF, 0xFFFF, 0xAD55, 0xB596, 0xB595, 0xAD55,
  0xB596, 0x4229, 0xFFFF, 0xFFFF, 0xFFFF, 0xFFFF, 0xFFFF, 0xFFFF, 0xFFFF, 0xFFFF, 0xFFFF, 0xFFFF,
  0xFFFF, 0xFFFF, 0xFFFF, 0xFFFF, 0xFFFF, 0xFFFF, 0xFFFF, 0xFFFF, 0xFFFF, 0xFFFF, 0xFFFF, 0xFFFF,
  0xFFFF, 0xFFFF, 0xFFFF, 0xFFFF, 0xFFFF, 0xFFFF, 0xFFFF, 0xFFFF, 0xFFFF, 0xFFFF, 0xFFFF, 0xFFFF,
  0xFFFF, 0xFFFF, 0xFFFF, 0xFFFF, 0x0861, 0x39A6, 0xC366, 0xEE76, 0xFFFF, 0xFFDF, 0xFFFF, 0xFFFF,
  0xFFFF, 0xFFFF, 0xFFFF, 0xDC8B, 0xD386, 0xDC06, 0xD362, 0x48E0, 0x1020, 0xFFFF, 0xFFFF, 0xFFFF,
  0xFFFF, 0xFFFF, 0xFFFF, 0xFFFF, 0xFFFF, 0xFFFF, 0x4A49, 0xF79E, 0xFFBF, 0xFFFF, 0xFFFF, 0xFFFF,
  0xFFFE, 0xD409, 0xEB82, 0x9A22, 0x2060, 0xFFFF, 0xFFFF, 0xFFFF, 0xFFFF, 0xFFFF, 0xFFFF, 0xFFFF,
  0xFFFF, 0xFFFF, 0xFFFF, 0xFFFF, 0xFFFF, 0xFFFF, 0xFFFF, 0xFFFF, 0xCE59, 0xFFFF, 0xFFDF, 0xFFFF,
  0xFFDF, 0xFFFF, 0xDDB2, 0xD386, 0xE3E6, 0xE382, 0x5140, 0x0820, 0xFFFF, 0xFFFF, 0xFFFF, 0xFFFF,
  0xFFFF, 0xFFFF, 0xFFFF, 0xFFFF, 0xFFFF, 0xFFFF, 0xFFFF, 0x1083, 0xCE7A, 0xFFFF, 0xFFDF, 0xFFFF,
  0xFFDF, 0xFFFF, 0xE5F3, 0xB2C1, 0xFFFF, 0xFFFF, 0xFFFF, 0xFFFF, 0xFFFF, 0xFFFF, 0xFFFF, 0xFFFF,
  0xFFFF, 0x18C4, 0xCE7A, 0xF77E, 0xF79E, 0xFFFF, 0xFFFF, 0xFFFF, 0xFFFF, 0xFFDE, 0xFF7B, 0xF77D,
  0xF79E, 0xFFFF, 0xFFFF, 0xFFFF, 0xFFFF, 0xFFBD, 0xFF7C, 0xEF7D, 0x2125, 0xFFFF, 0xFFFF, 0xFFFF,
  0xFFFF, 0xFFFF, 0xFFFF, 0xFFFF, 0xFFFF, 0xFFFF, 0xFFFF, 0xFFFF, 0x18C3, 0xE71C, 0xFFFF, 0xFFFF,
  0xFFFF, 0xFFFF, 0x8B48, 0x2880, 0xFFFF, 0xFFFF, 0xFFFF, 0xFFFF, 0xFFFF, 0xFFFF, 0xFFFF, 0xFFFF,
  0xFFFF, 0xFFFF, 0xFFFF, 0xFFFF, 0xFFFF, 0xFFFF, 0xFFFF, 0xFFFF, 0xFFFF, 0xFFFF, 0xFFFF, 0xFFFF,
  0xFFFF, 0xA40E, 0x38C0, 0xFFFF, 0xFFFF, 0xFFFF, 0xFFFF, 0xFFFF, 0xFFFF, 0xFFFF, 0xFFFF, 0xFFFF,
  0xFFFF, 0xFFFF, 0xFFFF, 0xFFFF, 0xFFFF, 0xFFFF, 0xFFFF, 0xFFFF, 0xFFFF, 0xFFFF, 0xFFFF, 0xFFFF,
  0xFFFF, 0xFFFF, 0xFFFF, 0xFFFF, 0xFFFF, 0xFFFF, 0xFFFF, 0xFFFF, 0xFFFF, 0xFFFF, 0xFFFF, 0xFFFF,
  0xFFFF, 0xFFFF, 0xFFFF, 0xFFFF, 0xFFFF, 0xFFFF, 0x38C0, 0x5206, 0x94B3, 0xFFFF, 0xFFFF, 0xFFFF,
  0xFFFF, 0xF77B, 0xDCAB, 0xF3E2, 0x9A01, 0x4100, 0x4941, 0x0820, 0xFFFF, 0xFFFF, 0xFFFF, 0xFFFF,
  0xFFFF, 0xFFFF, 0xFFFF, 0xFFFF, 0xFFFF, 0x73AE, 0xD6BA, 0xFFFF, 0xFFFF, 0xFFFF, 0xFFFF, 0xF73B,
  0xDC6B, 0xF3A2, 0x81E1, 0x20A2, 0xFFFF, 0xFFFF, 0xFFFF, 0xFFFF, 0xFFFF, 0xFFFF, 0xFFFF, 0xFFFF,
  0xFFFF, 0xFFFF, 0xFFFF, 0xFFFF, 0xFFFF, 0xFFFF, 0xFFFF, 0xFFFF, 0xDEDC, 0xFFFF, 0xFFFF, 0xFFFF,
  0xFFFF, 0xFFFF, 0xED91, 0xA9E0, 0x4100, 0x4921, 0x1060, 0xFFFF, 0xFFFF, 0xFFFF, 0xFFFF, 0xFFFF,
  0xFFFF, 0xFFFF, 0xFFFF, 0xFFFF, 0xFFFF, 0xFFFF, 0xFFFF, 0x10A3, 0xE71C, 0xFFFF, 0xFFFF, 0xFFFF,
  0xFFFF, 0xFFFF, 0xEE14, 0xB2A1, 0xFFFF, 0xFFFF, 0xFFFF, 0xFFFF, 0xFFFF, 0xFFFF, 0xFFFF, 0xFFFF,
  0xFFFF, 0x18E4, 0xE6FC, 0xFFFF, 0xFFFF, 0xFFFF, 0xFFFF, 0xFFFF, 0xFFFF, 0xFFFF, 0xFFFF, 0xFFFF,
  0xFFFF, 0xFFFF, 0xFFFF, 0xFFFF, 0xFFFF, 0xFFFF, 0xFFFF, 0xFFFF, 0xB386, 0x5100, 0xFFFF, 0xFFFF,
  0xFFFF, 0xFFFF, 0xFFFF, 0xFFFF, 0xFFFF, 0xFFFF, 0xFFFF, 0xFFFF, 0x10A3, 0xC618, 0xEF5D, 0xF73B,
  0xEF5C, 0xF7FF, 0xECC8, 0x7980, 0xFFFF, 0xFFFF, 0xFFFF, 0xFFFF, 0xFFFF, 0xFFFF, 0xFFFF, 0xFFFF,
  0xFFFF, 0xFFFF, 0xFFFF, 0xFFFF, 0xFFFF, 0xFFFF, 0xFFFF, 0xFFFF, 0xE71B, 0xEF3C, 0xF75C, 0xEF3C,
  0xF75C, 0xE4CC, 0x9A22, 0xFFFF, 0xFFFF, 0xFFFF, 0xFFFF, 0xFFFF, 0xFFFF, 0xFFFF, 0xFFFF, 0xFFFF,
  0xFFFF, 0xFFFF, 0xFFFF, 0xFFFF, 0xFFFF, 0xFFFF, 0xFFFF, 0xFFFF, 0xFFFF, 0xFFFF, 0xFFFF, 0xFFFF,
  0xFFFF, 0xFFFF, 0xFFFF, 0xFFFF, 0xFFFF, 0xFFFF, 0xFFFF, 0xFFFF, 0xFFFF, 0xFFFF, 0xFFFF, 0xFFFF,
  0xFFFF, 0xFFFF, 0xFFFF, 0xFFFF, 0xFFFF, 0xFFFF, 0xFFFF, 0xFFFF, 0x4A69, 0xFFFF, 0xFFFF, 0xFFFF,
  0xFFFF, 0xF75A, 0xCB01, 0x9221, 0x3902, 0xFFFF, 0xFFFF, 0xFFFF, 0xFFFF, 0xFFFF, 0xFFFF, 0xFFFF,
  0xFFFF, 0xFFFF, 0xFFFF, 0x1082, 0x6B6D, 0xDEDB, 0xFFFF, 0xFFDF, 0xFFFF, 0xFFFF, 0xFFFF, 0xF6B8,
  0xC2A2, 0x89C1, 0x1861, 0xFFFF, 0xFFFF, 0xFFFF, 0xFFFF, 0xFFFF, 0xFFFF, 0xFFFF, 0xFFFF, 0xFFFF,
  0xFFFF, 0xFFFF, 0xFFFF, 0xFFFF, 0xFFFF, 0xFFFF, 0xFFFF, 0xFFFF, 0x738F, 0xC573, 0xE5B1, 0xE5B1,
  0xE5B1, 0xDDD2, 0xECA9, 0x9220, 0xFFFF, 0xFFFF, 0xFFFF, 0xFFFF, 0xFFFF, 0xFFFF, 0xFFFF, 0xFFFF,
  0xFFFF, 0xFFFF, 0xFFFF, 0xFFFF, 0xFFFF, 0xFFFF, 0xFFFF, 0x0862, 0x7BCF, 0xC574, 0xE5D2, 0xE5B1,
  0xDDD1, 0xDDF2, 0xE4CA, 0xCAE1, 0xFFFF, 0xFFFF, 0xFFFF, 0xFFFF, 0xFFFF, 0xFFFF, 0xFFFF, 0xFFFF,
  0xFFFF, 0x18E4, 0xE73C, 0xFFFF, 0xFFFF, 0xFFFF, 0xFFFF, 0xFFFF, 0xFFFF, 0xFFFF, 0xFFFF, 0xFFFF,
  0xFFFF, 0xFFFF, 0xFFFF, 0xFFFF, 0xFFFF, 0xFFFF, 0xFFFF, 0xFFFF, 0xEC66, 0x8180, 0xFFFF, 0xFFFF,
  0xFFFF, 0xFFFF, 0xFFFF, 0xFFFF, 0xFFFF, 0xFFFF, 0xFFFF, 0xFFFF, 0x0821, 0x18E4, 0x8AA6, 0xE384,
  0xCC09, 0xF79D, 0xEC87, 0x7960, 0xFFFF, 0xFFFF, 0xFFFF, 0xFFFF, 0xFFFF, 0xFFFF, 0xFFFF, 0xFFFF,
  0xFFFF, 0xFFFF, 0xFFFF, 0xFFFF, 0xFFFF, 0xFFFF, 0xFFFF, 0xFFFF, 0x2103, 0x92C6, 0xDBA6, 0xD365,
  0xD364, 0xEB83, 0x9A62, 0xFFFF, 0xFFFF, 0xFFFF, 0xFFFF, 0xFFFF, 0xFFFF, 0xFFFF, 0xFFFF, 0xFFFF,
  0xFFFF, 0xFFFF, 0xFFFF, 0xFFFF, 0xFFFF, 0xFFFF, 0xFFFF, 0xFFFF, 0xFFFF, 0xFFFF, 0xFFFF, 0xFFFF,
  0xFFFF, 0xFFFF, 0xFFFF, 0xFFFF, 0xFFFF, 0xFFFF, 0xFFFF, 0xFFFF, 0xFFFF, 0xFFFF, 0xFFFF, 0xFFFF,
  0xFFFF, 0xFFFF, 0xFFFF, 0xFFFF, 0xFFFF, 0xFFFF, 0xFFFF, 0xFFFF, 0x5ACB, 0xFFFF, 0xFFFF, 0xFFFF,
  0xFFFF, 0xF75B, 0xD384, 0x2860, 0xFFFF, 0x0801, 0xFFFF, 0xFFFF, 0xFFFF, 0xFFFF, 0xFFFF, 0xFFFF,
  0xFFFF, 0xFFFF, 0xFFFF, 0x18E4, 0xEF3D, 0xFFFF, 0xFFDF, 0xFFFF, 0xFFFF, 0xFFFF, 0xFFFF, 0xFF19,
  0xCC2A, 0x5A28, 0x4A4B, 0x526A, 0x4A6A, 0x4A6A, 0x528A, 0x2125, 0xFFFF, 0xFFFF, 0xFFFF, 0xFFFF,
  0xFFFF, 0xFFFF, 0xFFFF, 0xFFFF, 0xFFFF, 0xFFFF, 0xFFFF, 0xFFFF, 0x2966, 0x9329, 0xE3E9, 0xD3C8,
  0xD3C9, 0xD3E9, 0xCB85, 0x7202, 0xFFFF, 0xFFFF, 0xFFFF, 0xFFFF, 0xFFFF, 0xFFFF, 0xFFFF, 0xFFFF,
  0xFFFF, 0xFFFF, 0xFFFF, 0xFFFF, 0xFFFF, 0xFFFF, 0xFFFF, 0x0841, 0x3186, 0x932B, 0xDC0A, 0xD3C9,
  0xCC09, 0xD409, 0xCB66, 0x9A83, 0xFFFF, 0xFFFF, 0xFFFF, 0xFFFF, 0xFFFF, 0xFFFF, 0xFFFF, 0xFFFF,
  0xFFFF, 0x18C3, 0xBDD7, 0xEEFA, 0xFF7C, 0xFFFF, 0xFFFF, 0xFFFF, 0xFFFF, 0xFFDE, 0xF6FA, 0xFEF9,
  0xFF9C, 0xFFFF, 0xFFFF, 0xFFFF, 0xFFFF, 0xFF7C, 0xF719, 0xF6F9, 0xE3E5, 0x8140, 0xFFFF, 0xFFFF,
  0xFFFF, 0xFFFF, 0xFFFF, 0xFFFF, 0xFFFF, 0xFFFF, 0xFFFF, 0xFFFF, 0xFFFF, 0xFFFF, 0x28A1, 0x38A0,
  0x3123, 0xFFFF, 0xECA8, 0x7160, 0xFFFF, 0xFFFF, 0xFFFF, 0xFFFF, 0xFFFF, 0xFFFF, 0xFFFF, 0xFFFF,
  0xFFFF, 0xFFFF, 0xFFFF, 0xFFFF, 0xFFFF, 0xFFFF, 0xFFFF, 0xFFFF, 0xFFFF, 0x28C1, 0x4901, 0x40E0,
  0x48E0, 0x4901, 0x28C1, 0xFFFF, 0xFFFF, 0xFFFF, 0xFFFF, 0xFFFF, 0xFFFF, 0xFFFF, 0xFFFF, 0xFFFF,
  0xFFFF, 0xFFFF, 0xFFFF, 0xFFFF, 0xFFFF, 0xFFFF, 0xFFFF, 0xFFFF, 0xFFFF, 0xFFFF, 0xFFFF, 0xFFFF,
  0xFFFF, 0xFFFF, 0xFFFF, 0xFFFF, 0xFFFF, 0xFFFF, 0xFFFF, 0xFFFF, 0xFFFF, 0xFFFF, 0xFFFF, 0xFFFF,
  0xFFFF, 0xFFFF, 0xFFFF, 0xFFFF, 0xFFFF, 0xFFFF, 0xFFFF, 0xFFFF, 0x52AB, 0xFFFF, 0xFFDF, 0xFFDF,
  0xFFFF, 0xF73B, 0xD364, 0x28A0, 0x0001, 0xFFFF, 0xFFFF, 0xFFFF, 0xFFFF, 0xFFFF, 0xFFFF, 0xFFFF,
  0xFFFF, 0xFFFF, 0xFFFF, 0x18C4, 0xD69A, 0xFFDF, 0xFFDF, 0xFFFF, 0xFFDF, 0xFFDF, 0xFFFF, 0xFFFF,
  0xFFFE, 0xFFFF, 0xFFFF, 0xFFFF, 0xFFFF, 0xFFFF, 0xFFFF, 0x83AE, 0x0820, 0xFFFF, 0xFFFF, 0xFFFF,
  0xFFFF, 0xFFFF, 0xFFFF, 0xFFFF, 0xFFFF, 0xFFFF, 0xFFFF, 0x0821, 0xD69A, 0xFFFF, 0xFFDE, 0xFFFF,
  0xFFDE, 0xFFFF, 0x8C30, 0xFFFF, 0xFFFF, 0xFFFF, 0xFFFF, 0xFFFF, 0xFFFF, 0xFFFF, 0xFFFF, 0xFFFF,
  0xFFFF, 0xFFFF, 0xFFFF, 0xFFFF, 0xFFFF, 0xFFFF, 0xFFFF, 0x1083, 0xD6BB, 0xFFFF, 0xFFDF, 0xFFFF,
  0xFFFE, 0xFFFF, 0xA4D3, 0x0820, 0xFFFF, 0xFFFF, 0xFFFF, 0xFFFF, 0xFFFF, 0xFFFF, 0xFFFF, 0xFFFF,
  0xFFFF, 0xFFFF, 0xFFFF, 0x8202, 0xE4EC, 0xFFFF, 0xFFFF, 0xFFFF, 0xFFFF, 0xF6F9, 0xD323, 0xCAE1,
  0xE5F3, 0xFFFF, 0xFFFF, 0xF7FF, 0xFFFF, 0xEDD3, 0xD301, 0xD343, 0xDB82, 0x71C2, 0xFFFF, 0xFFFF,
  0xFFFF, 0xFFFF, 0xFFFF, 0xFFFF, 0xFFFF, 0xFFFF, 0xFFFF, 0xFFFF, 0xFFFF, 0xFFFF, 0xFFFF, 0x31C8,
  0x94F4, 0x8472, 0xDBC5, 0x89C0, 0xFFFF, 0xFFFF, 0xFFFF, 0xFFFF, 0xFFFF, 0xFFFF, 0xFFFF, 0xFFFF,
  0xFFFF, 0xFFFF, 0xFFFF, 0xFFFF, 0xFFFF, 0xFFFF, 0xFFFF, 0xFFFF, 0xFFFF, 0xFFFF, 0xFFFF, 0xFFFF,
  0xFFFF, 0xFFFF, 0xFFFF, 0xFFFF, 0xFFFF, 0xFFFF, 0xFFFF, 0xFFFF, 0xFFFF, 0xFFFF, 0xFFFF, 0xFFFF,
  0xFFFF, 0xFFFF, 0xFFFF, 0xFFFF, 0xFFFF, 0xFFFF, 0xFFFF, 0xFFFF, 0xFFFF, 0xFFFF, 0xFFFF, 0xFFFF,
  0xFFFF, 0xFFFF, 0xFFFF, 0xFFFF, 0xFFFF, 0xFFFF, 0xFFFF, 0xFFFF, 0xFFFF, 0xFFFF, 0xFFFF, 0xFFFF,
  0xFFFF, 0xFFFF, 0xFFFF, 0xFFFF, 0xFFFF, 0xFFFF, 0xFFFF, 0xFFFF, 0x5AEC, 0xFFFF, 0xFFFF, 0xFFFF,
  0xFFFF, 0xF77C, 0xD364, 0x28A0, 0x0001, 0xFFFF, 0xFFFF, 0xFFFF, 0xFFFF, 0xFFFF, 0xFFFF, 0xFFFF,
  0xFFFF, 0xFFFF, 0xFFFF, 0x18E4, 0xE73D, 0xFFFF, 0xFFFF, 0xFFFF, 0xFFFF, 0xFFFF, 0xFFFF, 0xFFFF,
  0xFFFF, 0xFFFF, 0xFFFF, 0xFFFF, 0xFFFF, 0xFFFF, 0xFFFF, 0xD510, 0x89E2, 0xFFFF, 0xFFFF, 0xFFFF,
  0xFFFF, 0xFFFF, 0xFFFF, 0xFFFF, 0xFFFF, 0xFFFF, 0xFFFF, 0x0821, 0xDEDB, 0xFFFF, 0xFFFF, 0xFFFF,
  0xFFFF, 0xFFFF, 0xE592, 0x79C1, 0xFFFF, 0xFFFF, 0xFFFF, 0xFFFF, 0xFFFF, 0xFFFF, 0xFFFF, 0xFFFF,
  0xFFFF, 0xFFFF, 0xFFFF, 0xFFFF, 0xFFFF, 0xFFFF, 0xFFFF, 0x10A3, 0xDEFB, 0xFFFF, 0xFFFF, 0xFFFF,
  0xFFFF, 0xFFFF, 0xE5F5, 0xA282, 0xFFFF, 0xFFFF, 0xFFFF, 0xFFFF, 0xFFFF, 0xFFFF, 0xFFFF, 0xFFFF,
  0xFFFF, 0xFFFF, 0xFFFF, 0x1040, 0x7B4C, 0xFFFF, 0xFFFF, 0xFFFF, 0xFFFF, 0xF73B, 0xD344, 0x48C0,
  0xB575, 0xFFFF, 0xFFFF, 0xFFFF, 0xFFFF, 0xF614, 0xB262, 0x48A0, 0x40E1, 0x2062, 0xFFFF, 0xFFFF,
  0xFFFF, 0xFFFF, 0xFFFF, 0xFFFF, 0xFFFF, 0xFFFF, 0xFFFF, 0xFFFF, 0xFFFF, 0xFFFF, 0xFFFF, 0x5ACC,
  0xDEB9, 0x4921, 0x9221, 0x5962, 0xFFFF, 0xFFFF, 0xFFFF, 0xFFFF, 0xFFFF, 0xFFFF, 0xFFFF, 0xFFFF,
  0xFFFF, 0xFFFF, 0xFFFF, 0xFFFF, 0xFFFF, 0xFFFF, 0xFFFF, 0xFFFF, 0xFFFF, 0xFFFF, 0xFFFF, 0xFFFF,
  0xFFFF, 0xFFFF, 0xFFFF, 0xFFFF, 0xFFFF, 0xFFFF, 0xFFFF, 0xFFFF, 0xFFFF, 0xFFFF, 0xFFFF, 0xFFFF,
  0xFFFF, 0xFFFF, 0xFFFF, 0xFFFF, 0xFFFF, 0xFFFF, 0xFFFF, 0xFFFF, 0xFFFF, 0xFFFF, 0xFFFF, 0xFFFF,
  0xFFFF, 0xFFFF, 0xFFFF, 0xFFFF, 0xFFFF, 0xFFFF, 0xFFFF, 0xFFFF, 0xFFFF, 0xFFFF, 0xFFFF, 0xFFFF,
  0xFFFF, 0xFFFF, 0xFFFF, 0xFFFF, 0xFFFF, 0xFFFF, 0xFFFF, 0xFFFF, 0x2945, 0x8BEF, 0xDD10, 0xE550,
  0xE54F, 0xED0C, 0xEB82, 0x30A0, 0xFFFF, 0xFFFF, 0xFFFF, 0xFFFF, 0xFFFF, 0xFFFF, 0xFFFF, 0xFFFF,
  0xFFFF, 0xFFFF, 0xFFFF, 0x1082, 0x634D, 0xC4D0, 0xED50, 0xED10, 0xED30, 0xED30, 0xED30, 0xED10,
  0xED30, 0xED30, 0xED2F, 0xED2F, 0xED2F, 0xED2E, 0xE54F, 0xEC28, 0xA241, 0xFFFF, 0xFFFF, 0xFFFF,
  0xFFFF, 0xFFFF, 0xFFFF, 0xFFFF, 0xFFFF, 0xFFFF, 0xFFFF, 0xFFFF, 0x630C, 0xBCB0, 0xF54F, 0xED2F,
  0xED4F, 0xE550, 0xF468, 0x9A21, 0xFFFF, 0xFFFF, 0xFFFF, 0xFFFF, 0xFFFF, 0xFFFF, 0xFFFF, 0xFFFF,
  0xFFFF, 0xFFFF, 0xFFFF, 0xFFFF, 0xFFFF, 0xFFFF, 0xFFFF, 0x0862, 0x632D, 0xB4B0, 0xF52F, 0xED0E,
  0xED2F, 0xED30, 0xEC69, 0xCB02, 0xFFFF, 0xFFFF, 0xFFFF, 0xFFFF, 0xFFFF, 0xFFFF, 0xFFFF, 0xFFFF,
  0xFFFF, 0xFFFF, 0xFFFF, 0xFFFF, 0x2946, 0x8C0F, 0xE510, 0xED2F, 0xE550, 0xE4ED, 0xDB64, 0x2880,
  0x4229, 0xAC70, 0xED0F, 0xED0F, 0xED50, 0xF469, 0xBAA2, 0x1000, 0xFFFF, 0xFFFF, 0xFFFF, 0xFFFF,
  0xFFFF, 0xFFFF, 0xFFFF, 0xFFFF, 0xFFFF, 0xFFFF, 0xFFFF, 0xFFFF, 0xFFFF, 0xFFFF, 0xFFFF, 0xFFFF,
  0x2840, 0xD364, 0x30A1, 0xFFFF, 0xFFFF, 0xFFFF, 0xFFFF, 0xFFFF, 0xFFFF, 0xFFFF, 0xFFFF, 0xFFFF,
  0xFFFF, 0xFFFF, 0xFFFF, 0xFFFF, 0xFFFF, 0xFFFF, 0xFFFF, 0xFFFF, 0xFFFF, 0xFFFF, 0xFFFF, 0xFFFF,
  0xFFFF, 0xFFFF, 0xFFFF, 0xFFFF, 0xFFFF, 0xFFFF, 0xFFFF, 0xFFFF, 0xFFFF, 0xFFFF, 0xFFFF, 0xFFFF,
  0xFFFF, 0xFFFF, 0xFFFF, 0xFFFF, 0xFFFF, 0xFFFF, 0xFFFF, 0xFFFF, 0xFFFF, 0xFFFF, 0xFFFF, 0xFFFF,
  0xFFFF, 0xFFFF, 0xFFFF, 0xFFFF, 0xFFFF, 0xFFFF, 0xFFFF, 0xFFFF, 0xFFFF, 0xFFFF, 0xFFFF, 0xFFFF,
  0xFFFF, 0xFFFF, 0xFFFF, 0xFFFF, 0xFFFF, 0xFFFF, 0xFFFF, 0xFFFF, 0xFFFF, 0x1800, 0x91C2, 0x9A01,
  0x9220, 0x9A20, 0xA282, 0x2081, 0xFFFF, 0xFFFF, 0xFFFF, 0xFFFF, 0xFFFF, 0xFFFF, 0xFFFF, 0xFFFF,
  0xFFFF, 0xFFFF, 0xFFFF, 0xFFFF, 0xFFFF, 0x6140, 0xA221, 0x99E1, 0xA1E1, 0xA1E1, 0xA1E1, 0xA1E1,
  0xA1E1, 0xA201, 0xA201, 0x9A01, 0x9A01, 0x9A21, 0x9A01, 0xA262, 0x71C3, 0xFFFF, 0xFFFF, 0xFFFF,
  0xFFFF, 0xFFFF, 0xFFFF, 0xFFFF, 0xFFFF, 0xFFFF, 0xFFFF, 0xFFFF, 0xFFFF, 0x5941, 0xA261, 0x9A20,
  0x9A00, 0x9201, 0xA242, 0x69A2, 0xFFFF, 0xFFFF, 0xFFFF, 0xFFFF, 0xFFFF, 0xFFFF, 0xFFFF, 0xFFFF,
  0xFFFF, 0xFFFF, 0xFFFF, 0xFFFF, 0xFFFF, 0xFFFF, 0xFFFF, 0xFFFF, 0xFFFF, 0x5141, 0xAA41, 0x99E0,
  0x99E1, 0x9A01, 0x9A21, 0x8A42, 0xFFFF, 0xFFFF, 0xFFFF, 0xFFFF, 0xFFFF, 0xFFFF, 0xFFFF, 0xFFFF,
  0xFFFF, 0xFFFF, 0xFFFF, 0xFFFF, 0xFFFF, 0x1000, 0x9201, 0x9A01, 0x9A01, 0x9A21, 0x9A63, 0x2881,
  0xFFFF, 0x38C1, 0xAA42, 0xA201, 0x9A01, 0xA221, 0x81E2, 0x1020, 0x0001, 0xFFFF, 0xFFFF, 0xFFFF,
  0xFFFF, 0xFFFF, 0xFFFF, 0xFFFF, 0xFFFF, 0xFFFF, 0xFFFF, 0xFFFF, 0xFFFF, 0xFFFF, 0xFFFF, 0xFFFF,
  0xFFFF, 0x2861, 0x0820, 0x0001, 0xFFFF, 0xFFFF, 0xFFFF, 0xFFFF, 0xFFFF, 0xFFFF, 0xFFFF, 0xFFFF,
  0xFFFF, 0xFFFF, 0xFFFF, 0xFFFF, 0xFFFF, 0xFFFF, 0xFFFF, 0xFFFF, 0xFFFF, 0xFFFF, 0xFFFF, 0xFFFF,
  0xFFFF, 0xFFFF, 0xFFFF, 0xFFFF, 0xFFFF, 0xFFFF, 0xFFFF, 0xFFFF, 0xFFFF, 0xFFFF, 0xFFFF, 0xFFFF,
  0xFFFF, 0xFFFF, 0xFFFF, 0xFFFF, 0xFFFF, 0xFFFF, 0xFFFF, 0xFFFF, 0xFFFF, 0xFFFF, 0xFFFF, 0xFFFF,
  0xFFFF, 0xFFFF, 0xFFFF, 0xFFFF, 0xFFFF, 0xFFFF, 0xFFFF, 0xFFFF, 0xFFFF, 0xFFFF, 0xFFFF, 0xFFFF,
  0xFFFF, 0xFFFF, 0xFFFF, 0xFFFF, 0xFFFF, 0xFFFF, 0xFFFF, 0xFFFF, 0xFFFF, 0xFFFF, 0xFFFF, 0xFFFF,
  0xFFFF, 0xFFFF, 0xFFFF, 0xFFFF, 0xFFFF, 0xFFFF, 0xFFFF, 0xFFFF, 0xFFFF, 0xFFFF, 0xFFFF, 0xFFFF,
  0xFFFF, 0xFFFF, 0xFFFF, 0xFFFF, 0xFFFF, 0xFFFF, 0xFFFF, 0xFFFF, 0xFFFF, 0xFFFF, 0xFFFF, 0xFFFF,
  0xFFFF, 0xFFFF, 0xFFFF, 0xFFFF, 0xFFFF, 0xFFFF, 0xFFFF, 0xFFFF, 0xFFFF, 0xFFFF, 0xFFFF, 0xFFFF,
  0xFFFF, 0xFFFF, 0xFFFF, 0xFFFF, 0xFFFF, 0xFFFF, 0xFFFF, 0xFFFF, 0xFFFF, 0xFFFF, 0xFFFF, 0xFFFF,
  0xFFFF, 0xFFFF, 0xFFFF, 0xFFFF, 0xFFFF, 0xFFFF, 0xFFFF, 0xFFFF, 0xFFFF, 0xFFFF, 0xFFFF, 0xFFFF,
  0xFFFF, 0xFFFF, 0xFFFF, 0xFFFF, 0xFFFF, 0xFFFF, 0xFFFF, 0xFFFF, 0xFFFF, 0xFFFF, 0xFFFF, 0xFFFF,
  0xFFFF, 0xFFFF, 0xFFFF, 0xFFFF, 0xFFFF, 0xFFFF, 0xFFFF, 0xFFFF, 0xFFFF, 0xFFFF, 0xFFFF, 0xFFFF,
  0xFFFF, 0xFFFF, 0xFFFF, 0xFFFF, 0xFFFF, 0xFFFF, 0xFFFF, 0xFFFF, 0xFFFF, 0xFFFF, 0xFFFF, 0xFFFF,
  0xFFFF, 0xFFFF, 0xFFFF, 0xFFFF, 0xFFFF, 0xFFFF, 0xFFFF, 0xFFFF, 0xFFFF, 0xFFFF, 0xFFFF, 0xFFFF,
  0xFFFF, 0xFFFF, 0xFFFF, 0xFFFF, 0xFFFF, 0xFFFF, 0xFFFF, 0xFFFF, 0xFFFF, 0xFFFF, 0xFFFF, 0xFFFF,
  0xFFFF, 0xFFFF, 0xFFFF, 0xFFFF, 0xFFFF, 0xFFFF, 0xFFFF, 0xFFFF, 0xFFFF, 0xFFFF, 0xFFFF, 0xFFFF,
  0xFFFF, 0xFFFF, 0xFFFF, 0xFFFF, 0xFFFF, 0xFFFF, 0xFFFF, 0xFFFF, 0xFFFF, 0xFFFF, 0xFFFF, 0xFFFF,
  0xFFFF, 0xFFFF, 0xFFFF, 0xFFFF, 0xFFFF, 0xFFFF, 0xFFFF, 0xFFFF, 0xFFFF, 0xFFFF, 0xFFFF, 0xFFFF,
  0xFFFF, 0xFFFF, 0xFFFF, 0xFFFF, 0xFFFF, 0xFFFF, 0xFFFF, 0xFFFF, 0xFFFF, 0xFFFF, 0xFFFF, 0xFFFF,
  0xFFFF, 0xFFFF, 0xFFFF, 0xFFFF, 0xFFFF, 0xFFFF, 0xFFFF, 0xFFFF, 0xFFFF, 0xFFFF, 0xFFFF, 0xFFFF,
};

const uint8_t sprite_lettersMask[1920] PROGMEM={
  0x0000, 0x0000, 0x0000, 0x0000, 0x0000, 0x0000, 0x0000, 0x0000, 0x0000, 0x0000, 0x0000, 0x0000, 0x0000, 0x0000, 0x0000, 0x0000,
  0x0000, 0x0000, 0x0000, 0x0000, 0x0000, 0x0000, 0x0000, 0x0000, 0x000F, 0x00FF, 0x00E0, 0x003F, 0x00FF, 0x00F0, 0x000F, 0x00FF,
  0x00F0, 0x001F, 0x00FF, 0x00C0, 0x003F, 0x00FF, 0x00E0, 0x001F, 0x00FF, 0x00F0, 0x000F, 0x00FF, 0x00F8, 0x007F, 0x0083, 0x00FC,
  0x000F, 0x00FF, 0x00F0, 0x003F, 0x00FF, 0x00F8, 0x001F, 0x00FF, 0x00F8, 0x003F, 0x00FF, 0x00F0, 0x003F, 0x00FF, 0x00F8, 0x001F,
  0x00FF, 0x00F8, 0x000F, 0x00FF, 0x00FC, 0x007F, 0x00E3, 0x00FE, 0x003F, 0x00FF, 0x00F8, 0x003F, 0x00FF, 0x00F8, 0x003F, 0x00FF,
  0x00FA, 0x003F, 0x00FF, 0x00F8, 0x003F, 0x00FF, 0x00F8, 0x001F, 0x00FF, 0x00F8, 0x001F, 0x00FF, 0x00FC, 0x007F, 0x00E3, 0x00FE,
  0x007F, 0x00FF, 0x00F8, 0x003F, 0x00FF, 0x00F8, 0x007F, 0x00FF, 0x00F8, 0x003F, 0x00FF, 0x00F8, 0x003F, 0x00FF, 0x00F8, 0x001F,
  0x00FF, 0x00F8, 0x003F, 0x00FF, 0x00FC, 0x007F, 0x00E3, 0x00FE, 0x007F, 0x00FF, 0x00FC, 0x003F, 0x00FF, 0x00FC, 0x007F, 0x00FF,
  0x00FE, 0x003F, 0x00FF, 0x00FC, 0x003F, 0x00FF, 0x00F0, 0x001F, 0x00FF, 0x00F8, 0x003F, 0x00FF, 0x00FC, 0x007F, 0x00E3, 0x00FE,
  0x007F, 0x00E7, 0x00FC, 0x003F, 0x00E1, 0x00FC, 0x007F, 0x00E1, 0x00FE, 0x003F, 0x00F1, 0x00FC, 0x003F, 0x00C0, 0x0000, 0x001F,
  0x00E0, 0x0000, 0x003F, 0x00F0, 0x0000, 0x007F, 0x00E3, 0x00FE, 0x007F, 0x00FF, 0x00FC, 0x003F, 0x00FF, 0x00FC, 0x007F, 0x00E1,
  0x00FE, 0x003F, 0x00F1, 0x00FC, 0x003F, 0x00FE, 0x0000, 0x001F, 0x00FF, 0x0080, 0x003F, 0x00F0, 0x0000, 0x007F, 0x00FF, 0x00FE,
  0x007F, 0x00FF, 0x00FC, 0x003F, 0x00FF, 0x00FC, 0x007F, 0x00E0, 0x00FE, 0x003F, 0x00F3, 0x00FC, 0x003F, 0x00FF, 0x0000, 0x001F,
  0x00FF, 0x00C0, 0x003F, 0x00F0, 0x0000, 0x007F, 0x00FF, 0x00FE, 0x007F, 0x00FF, 0x00FC, 0x003F, 0x00FF, 0x00FC, 0x007F, 0x00E0,
  0x0000, 0x003F, 0x00F3, 0x00FC, 0x003F, 0x00FF, 0x0080, 0x001F, 0x00FF, 0x00E0, 0x003F, 0x00F7, 0x00F8, 0x007F, 0x00FF, 0x00FE,
  0x007F, 0x00FF, 0x00FC, 0x003F, 0x00FF, 0x00F8, 0x007F, 0x00E0, 0x0000, 0x003F, 0x00F3, 0x00FC, 0x003F, 0x00FF, 0x0080, 0x001F,
  0x00FF, 0x00E0, 0x003F, 0x00F7, 0x00FC, 0x007F, 0x00FF, 0x00FE, 0x007F, 0x00FF, 0x00FC, 0x003F, 0x00FF, 0x00FC, 0x007F, 0x00E1,
  0x00F8, 0x003F, 0x00F3, 0x00FC, 0x003F, 0x00FF, 0x0080, 0x001F, 0x00FF, 0x00E0, 0x003F, 0x00F7, 0x00FC, 0x007F, 0x00FF, 0x00FE,
  0x007F, 0x00FF, 0x00FC, 0x003F, 0x00FF, 0x00FC, 0x007F, 0x00E3, 0x00F8, 0x003F, 0x00F3, 0x00FC, 0x003F, 0x00FF, 0x0000, 0x001F,
  0x00FF, 0x00C0, 0x003F, 0x00F7, 0x00FC, 0x007F, 0x00FF, 0x00FE, 0x007F, 0x00E7, 0x00FC, 0x003F, 0x00E1, 0x00FC, 0x007F, 0x00E1,
  0x00FE, 0x003F, 0x00F7, 0x00FC, 0x003F, 0x00C0, 0x0000, 0x001F, 0x00E0, 0x0000, 0x003F, 0x00F1, 0x00FC, 0x007F, 0x00E3, 0x00FE,
  0x007F, 0x00E7, 0x00FC, 0x003F, 0x00FF, 0x00FC, 0x007F, 0x00FF, 0x00FE, 0x003F, 0x00FF, 0x00FC, 0x003F, 0x00FF, 0x00E0, 0x001F,
  0x00E0, 0x0000, 0x003F, 0x00FF, 0x00FC, 0x007F, 0x00E3, 0x00FE, 0x007F, 0x00E7, 0x00FC, 0x003F, 0x00FF, 0x00FC, 0x007F, 0x00FF,
  0x00FE, 0x003F, 0x00FF, 0x00FC, 0x003F, 0x00FF, 0x00F8, 0x001F, 0x00E0, 0x0000, 0x003F, 0x00FF, 0x00FC, 0x007F, 0x00E3, 0x00FE,
  0x007F, 0x00E7, 0x00FC, 0x003F, 0x00FF, 0x00FC, 0x003F, 0x00FF, 0x00FE, 0x003F, 0x00FF, 0x00F8, 0x003F, 0x00FF, 0x00F8, 0x001F,
  0x00E0, 0x0000, 0x000F, 0x00FF, 0x00FC, 0x007F, 0x00E3, 0x00FE, 0x007F, 0x00E7, 0x00FC, 0x003F, 0x00FF, 0x00FC, 0x001F, 0x00FF,
  0x00FC, 0x001F, 0x00FF, 0x00F8, 0x003F, 0x00FF, 0x00F8, 0x001F, 0x00E0, 0x0000, 0x000F, 0x00FF, 0x00FC, 0x003F, 0x00E1, 0x00FE,
  0x001F, 0x00E1, 0x00FC, 0x001F, 0x00FF, 0x00F8, 0x001F, 0x00FF, 0x00F8, 0x000F, 0x00FF, 0x00F0, 0x001F, 0x00FF, 0x00F8, 0x000F,
  0x00E0, 0x0000, 0x0007, 0x00FF, 0x00F8, 0x001F, 0x00E0, 0x00FE, 0x0000, 0x0000, 0x0000, 0x0000, 0x0000, 0x0000, 0x0000, 0x0000,
  0x0000, 0x0000, 0x0000, 0x0000, 0x0000, 0x0000, 0x0000, 0x0000, 0x0000, 0x0000, 0x0000, 0x0000, 0x0000, 0x0000, 0x0000, 0x0000,
  0x0000, 0x0000, 0x0000, 0x0000, 0x0000, 0x0000, 0x0000, 0x0000, 0x0000, 0x0000, 0x0000, 0x0000, 0x0000, 0x0000, 0x0000, 0x0000,
  0x0000, 0x0000, 0x0000, 0x0000, 0x0000, 0x0000, 0x0000, 0x0000, 0x001F, 0x00FF, 0x00E0, 0x0000, 0x000F, 0x00F0, 0x003F, 0x0083,
  0x00F8, 0x001F, 0x00E0, 0x0000, 0x007F, 0x0083, 0x00F8, 0x001F, 0x00E3, 0x00F0, 0x000F, 0x00FF, 0x00D8, 0x001F, 0x00FF, 0x00C0,
  0x001F, 0x00FF, 0x00F8, 0x0000, 0x000F, 0x00F8, 0x003F, 0x00C7, 0x00FC, 0x001F, 0x00F0, 0x0000, 0x007F, 0x00C3, 0x00FC, 0x001F,
  0x00FB, 0x00F8, 0x001F, 0x00FF, 0x00E8, 0x001F, 0x00FF, 0x00E0, 0x001F, 0x00FF, 0x00F8, 0x0000, 0x000F, 0x00F8, 0x003F, 0x00DF,
  0x00FC, 0x001F, 0x00F0, 0x0000, 0x007F, 0x00C7, 0x00FC, 0x001F, 0x00F3, 0x00F8, 0x001F, 0x00FF, 0x00F8, 0x001F, 0x00FF, 0x00F0,
  0x001F, 0x00FF, 0x00F8, 0x0000, 0x000F, 0x00F8, 0x003F, 0x00DF, 0x00FC, 0x001F, 0x00F0, 0x0000, 0x007F, 0x00EF, 0x00FC, 0x001F,
  0x00FB, 0x00F8, 0x001F, 0x00FF, 0x00F8, 0x001F, 0x00FF, 0x00F0, 0x0007, 0x00FF, 0x00F0, 0x0000, 0x000F, 0x00F8, 0x003F, 0x00FF,
  0x00F8, 0x001F, 0x00F0, 0x0000, 0x007F, 0x00FF, 0x00FC, 0x001F, 0x00FF, 0x00F8, 0x001F, 0x00C7, 0x00F8, 0x001F, 0x00C7, 0x00F0,
  0x0000, 0x00FF, 0x0080, 0x0000, 0x000F, 0x00F8, 0x003F, 0x00FF, 0x00F0, 0x001F, 0x00F0, 0x0000, 0x007F, 0x00FF, 0x00FC, 0x001F,
  0x00FF, 0x00F8, 0x001F, 0x00C7, 0x00F8, 0x001F, 0x00FF, 0x00F0, 0x0000, 0x00FF, 0x0080, 0x0000, 0x000F, 0x00F8, 0x003F, 0x00FF,
  0x00E0, 0x001F, 0x00F0, 0x0000, 0x007F, 0x00FF, 0x00FC, 0x001F, 0x00FF, 0x00F8, 0x001F, 0x00C7, 0x00F8, 0x001F, 0x00FF, 0x00F0,
  0x0000, 0x00FF, 0x0080, 0x0000, 0x000F, 0x00F8, 0x003F, 0x00FF, 0x00C0, 0x001F, 0x00F0, 0x0000, 0x007F, 0x00FF, 0x00FC, 0x001F,
  0x00FF, 0x00F8, 0x001F, 0x00C7, 0x00F8, 0x001F, 0x00FF, 0x00F0, 0x0000, 0x00FF, 0x0080, 0x0000, 0x000F, 0x00F8, 0x003F, 0x00FF,
  0x0080, 0x001F, 0x00F0, 0x0000, 0x007F, 0x00FF, 0x00FC, 0x001F, 0x00FF, 0x00F8, 0x001F, 0x00C7, 0x00F8, 0x001F, 0x00FF, 0x00F0,
  0x0000, 0x00FF, 0x0080, 0x001F, 0x008F, 0x00F8, 0x003F, 0x00FF, 0x00E0, 0x001F, 0x00F0, 0x0000, 0x007F, 0x00FF, 0x00FC, 0x001F,
  0x00FF, 0x00F8, 0x001F, 0x00C7, 0x00F8, 0x001F, 0x00FF, 0x00E0, 0x0000, 0x00FF, 0x0080, 0x001F, 0x00CF, 0x00F8, 0x003F, 0x00FF,
  0x00F0, 0x001F, 0x00F0, 0x0000, 0x007F, 0x00DF, 0x00FC, 0x001F, 0x00EF, 0x00F8, 0x001F, 0x00C7, 0x00F8, 0x001F, 0x00E0, 0x0000,
  0x0000, 0x00FF, 0x0080, 0x001F, 0x00CF, 0x00F8, 0x003F, 0x00DF, 0x00F8, 0x001F, 0x00FF, 0x00F0, 0x007F, 0x00C3, 0x00FC, 0x001F,
  0x00F7, 0x00F8, 0x001F, 0x00FF, 0x00F8, 0x001F, 0x00E0, 0x0000, 0x0000, 0x00FF, 0x0080, 0x001F, 0x00CF, 0x00F8, 0x003F, 0x00DF,
  0x00F8, 0x001F, 0x00FF, 0x00F8, 0x007F, 0x00C3, 0x00FC, 0x001F, 0x00E3, 0x00F8, 0x001F, 0x00FF, 0x00F8, 0x001F, 0x00E0, 0x0000,
  0x001F, 0x00FF, 0x00E0, 0x001F, 0x00FF, 0x00F8, 0x003F, 0x00DF, 0x00FC, 0x001F, 0x00FF, 0x00F8, 0x007F, 0x00C3, 0x00FC, 0x001F,
  0x00E3, 0x00F8, 0x001F, 0x00FF, 0x00F8, 0x001F, 0x00E0, 0x0000, 0x001F, 0x00FF, 0x00F8, 0x001F, 0x00FF, 0x00F8, 0x003F, 0x00C7,
  0x00FC, 0x001F, 0x00FF, 0x00F8, 0x007F, 0x00C3, 0x00FC, 0x001F, 0x00E3, 0x00F8, 0x000F, 0x00FF, 0x00F8, 0x001F, 0x00E0, 0x0000,
  0x001F, 0x00FF, 0x00F8, 0x001F, 0x00FF, 0x00F8, 0x001F, 0x00C3, 0x00FC, 0x0007, 0x00FF, 0x00F8, 0x001F, 0x00C0, 0x00FC, 0x0007,
  0x00E1, 0x00F8, 0x0007, 0x00FF, 0x00E0, 0x000F, 0x00E0, 0x0000, 0x000F, 0x00FF, 0x00F8, 0x000F, 0x00FF, 0x00F8, 0x000D, 0x0000,
  0x0000, 0x0000, 0x0000, 0x0000, 0x0000, 0x0000, 0x0000, 0x0000, 0x0000, 0x0000, 0x0001, 0x00B8, 0x0000, 0x0000, 0x0080, 0x0000,
  0x0007, 0x00FF, 0x00F8, 0x0007, 0x00FF, 0x00C0, 0x0000, 0x0000, 0x0000, 0x0000, 0x0000, 0x0000, 0x0000, 0x0000, 0x0000, 0x0000,
  0x0000, 0x0000, 0x0000, 0x0000, 0x0000, 0x0000, 0x0000, 0x0000, 0x0000, 0x0000, 0x0000, 0x0000, 0x0000, 0x0000, 0x0000, 0x0000,
  0x0000, 0x0000, 0x0000, 0x0000, 0x0000, 0x0000, 0x0000, 0x0000, 0x0000, 0x0000, 0x0000, 0x0000, 0x0000, 0x0000, 0x0000, 0x0000,
  0x0000, 0x0000, 0x0000, 0x0000, 0x0000, 0x0000, 0x0000, 0x0000, 0x0000, 0x0000, 0x0000, 0x0000, 0x0000, 0x0000, 0x0000, 0x0000,
  0x0000, 0x0000, 0x0000, 0x0000, 0x0000, 0x0000, 0x0000, 0x0000, 0x000F, 0x00FF, 0x00E8, 0x001F, 0x00FF, 0x00E0, 0x000F, 0x00FF,
  0x00E0, 0x001F, 0x00FF, 0x00F0, 0x003F, 0x00C3, 0x00F8, 0x007F, 0x0003, 0x00F8, 0x007F, 0x0003, 0x00F8, 0x003F, 0x0087, 0x00F0,
  0x0007, 0x00FF, 0x00F0, 0x001F, 0x00FF, 0x00F0, 0x000F, 0x00FF, 0x00F0, 0x001F, 0x00FF, 0x00F8, 0x003F, 0x00C3, 0x00F8, 0x007F,
  0x0003, 0x00F8, 0x007F, 0x0007, 0x00F8, 0x007F, 0x0087, 0x00F8, 0x001F, 0x00FF, 0x00F0, 0x001F, 0x00FF, 0x00F0, 0x001F, 0x00FF,
  0x00F0, 0x001F, 0x00FF, 0x00F8, 0x003F, 0x00E7, 0x00FC, 0x007F, 0x00C3, 0x00FC, 0x007F, 0x00C7, 0x00FC, 0x007F, 0x00F7, 0x00FC,
  0x001F, 0x00FF, 0x00F8, 0x001F, 0x00FF, 0x00F8, 0x001F, 0x00FF, 0x00F0, 0x0007, 0x00FF, 0x00F8, 0x003F, 0x00E3, 0x00FC, 0x007F,
  0x00C3, 0x00FC, 0x007F, 0x00C7, 0x00FC, 0x007F, 0x00CF, 0x00FC, 0x001F, 0x00E3, 0x00F8, 0x001F, 0x00E3, 0x00F8, 0x001F, 0x00C0,
  0x0000, 0x0002, 0x00FF, 0x0080, 0x003F, 0x00E3, 0x00FC, 0x007F, 0x00C3, 0x00FC, 0x007F, 0x00C7, 0x00FC, 0x007F, 0x00FF, 0x00FC,
  0x001F, 0x00E3, 0x00F8, 0x001F, 0x00FF, 0x00F8, 0x001F, 0x00FF, 0x00C0, 0x0000, 0x00FF, 0x0080, 0x003F, 0x00E3, 0x00FC, 0x007F,
  0x00C3, 0x00FC, 0x007F, 0x00F7, 0x00FC, 0x003F, 0x00FF, 0x00FC, 0x001F, 0x00E3, 0x00F8, 0x001F, 0x00FF, 0x00F8, 0x001F, 0x00FF,
  0x00C0, 0x0000, 0x00FF, 0x0080, 0x003F, 0x00E3, 0x00FC, 0x007F, 0x00C3, 0x00FC, 0x007F, 0x00F7, 0x00FC, 0x001F, 0x00FF, 0x00FC,
  0x001F, 0x00E3, 0x00F8, 0x001F, 0x00FF, 0x00F8, 0x001F, 0x00FF, 0x00E0, 0x0000, 0x00FF, 0x0080, 0x003F, 0x00E3, 0x00FC, 0x007F,
  0x00C3, 0x00FC, 0x007F, 0x00FF, 0x00FC, 0x000F, 0x00FF, 0x00F8, 0x001F, 0x00E3, 0x00F8, 0x001F, 0x00FF, 0x00F0, 0x000F, 0x00FF,
  0x00E0, 0x0000, 0x00FF, 0x0080, 0x003F, 0x00E3, 0x00FC, 0x003F, 0x00CF, 0x00FC, 0x007F, 0x00FF, 0x00FC, 0x0007, 0x00FF, 0x00E0,
  0x001F, 0x00E3, 0x00F8, 0x001F, 0x00FF, 0x00F0, 0x0007, 0x00FF, 0x00F0, 0x0000, 0x00FF, 0x0080, 0x003F, 0x00E3, 0x00FC, 0x003F,
  0x00FF, 0x00FC, 0x007F, 0x00FF, 0x00FC, 0x000F, 0x00FF, 0x00E0, 0x001F, 0x00E3, 0x00F8, 0x001F, 0x00EB, 0x00F8, 0x0000, 0x0007,
  0x00F0, 0x0000, 0x00FF, 0x0080, 0x003F, 0x00E7, 0x00FC, 0x003F, 0x00FF, 0x00F8, 0x007F, 0x00FF, 0x00FC, 0x000F, 0x00FF, 0x00C0,
  0x001F, 0x00FF, 0x00F8, 0x001F, 0x00E3, 0x00F8, 0x001F, 0x00FF, 0x00F0, 0x0000, 0x00FF, 0x0080, 0x003F, 0x00E3, 0x00FC, 0x001F,
  0x00FF, 0x00F8, 0x007F, 0x00FF, 0x00FC, 0x001F, 0x00FF, 0x00E0, 0x001F, 0x00FF, 0x00F8, 0x001F, 0x00E3, 0x00F8, 0x001F, 0x00FF,
  0x00F0, 0x0000, 0x00FF, 0x0080, 0x003F, 0x00FF, 0x00FC, 0x0007, 0x00FF, 0x00F0, 0x007F, 0x00FF, 0x00FC, 0x007F, 0x00FF, 0x00F8,
  0x000F, 0x00FF, 0x00F8, 0x001F, 0x00E3, 0x00F8, 0x001F, 0x00FF, 0x00F0, 0x0000, 0x00FF, 0x0080, 0x003F, 0x00FF, 0x00FC, 0x000B,
  0x00FF, 0x00E0, 0x007F, 0x00FF, 0x00FC, 0x007F, 0x00F7, 0x00FC, 0x0007, 0x00FF, 0x00F8, 0x001F, 0x00E3, 0x00F8, 0x001F, 0x00FF,
  0x00F0, 0x0000, 0x00FF, 0x0080, 0x002F, 0x00FF, 0x00FC, 0x0003, 0x00FF, 0x00C0, 0x007F, 0x00FF, 0x00FC, 0x007F, 0x00E7, 0x00FC,
  0x0003, 0x00FF, 0x00F8, 0x000F, 0x00E0, 0x00F8, 0x000F, 0x00FF, 0x00E0, 0x0000, 0x003F, 0x0000, 0x000F, 0x00FF, 0x00FC, 0x0003,
  0x00FF, 0x00C0, 0x007F, 0x00FF, 0x00FC, 0x007F, 0x00C7, 0x00FC, 0x0000, 0x0077, 0x00F8, 0x0000, 0x0000, 0x0000, 0x000B, 0x00FF,
  0x0080, 0x0000, 0x001E, 0x0000, 0x0007, 0x00FF, 0x00F8, 0x0001, 0x00FF, 0x00C0, 0x007F, 0x00E3, 0x00FC, 0x007F, 0x00E7, 0x00FC,
  0x0000, 0x0003, 0x00F8, 0x0000, 0x0000, 0x0000, 0x0000, 0x0000, 0x0000, 0x0000, 0x0000, 0x0000, 0x0003, 0x00FF, 0x00F0, 0x0000,
  0x007F, 0x0000, 0x003F, 0x0081, 0x00FC, 0x001F, 0x00E3, 0x00FC, 0x0000, 0x0000, 0x0000, 0x0000, 0x0000, 0x0000, 0x0000, 0x0000,
  0x0000, 0x0000, 0x0000, 0x0000, 0x0000, 0x0000, 0x0000, 0x0000, 0x0000, 0x0000, 0x0000, 0x0000, 0x0000, 0x0000, 0x0000, 0x0000,
  0x0000, 0x0000, 0x0000, 0x0000, 0x0000, 0x0000, 0x0000, 0x0000, 0x0000, 0x0000, 0x0000, 0x0000, 0x0000, 0x0000, 0x0000, 0x0000,
  0x0000, 0x0000, 0x0000, 0x0000, 0x0000, 0x0000, 0x0000, 0x0000, 0x003F, 0x0083, 0x00F8, 0x000F, 0x00FF, 0x00F0, 0x000F, 0x00FF,
  0x0080, 0x0000, 0x00FE, 0x0000, 0x000F, 0x00CF, 0x00C0, 0x0000, 0x0000, 0x0000, 0x0000, 0x0000, 0x0000, 0x0000, 0x0000, 0x0000,
  0x003F, 0x0087, 0x00F8, 0x001F, 0x00FF, 0x00F0, 0x000F, 0x00FF, 0x0080, 0x0001, 0x00FE, 0x0000, 0x000F, 0x00EF, 0x00D0, 0x0000,
  0x0000, 0x0000, 0x0000, 0x0000, 0x0000, 0x0000, 0x0000, 0x0000, 0x003F, 0x00E7, 0x00FC, 0x001F, 0x00FF, 0x00F8, 0x003F, 0x00FF,
  0x00E0, 0x0001, 0x00FF, 0x0000, 0x000F, 0x00EF, 0x00E0, 0x0000, 0x0000, 0x0000, 0x0000, 0x0000, 0x0000, 0x0000, 0x0000, 0x0000,
  0x003F, 0x00E7, 0x00FC, 0x001F, 0x00FF, 0x00F8, 0x003F, 0x00FF, 0x00F0, 0x0001, 0x00FF, 0x0000, 0x007F, 0x00FF, 0x00F8, 0x0000,
  0x0000, 0x0000, 0x0000, 0x0000, 0x0000, 0x0000, 0x0000, 0x0000, 0x003F, 0x00E7, 0x00FC, 0x0007, 0x00FF, 0x00F8, 0x003F, 0x00FF,
  0x00F8, 0x0001, 0x00FF, 0x0000, 0x007F, 0x00FF, 0x00FC, 0x0000, 0x0000, 0x0000, 0x0000, 0x0000, 0x0000, 0x0000, 0x0000, 0x0000,
  0x003F, 0x00FF, 0x00FC, 0x0002, 0x00FF, 0x00F8, 0x003F, 0x00FF, 0x00F8, 0x0001, 0x00FF, 0x0000, 0x007F, 0x00FF, 0x00FC, 0x0000,
  0x0000, 0x0000, 0x0000, 0x0000, 0x0000, 0x0000, 0x0000, 0x0000, 0x003F, 0x00FF, 0x00FC, 0x0000, 0x00BF, 0x00F8, 0x003F, 0x00C7,
  0x00F8, 0x0001, 0x00FF, 0x0000, 0x007F, 0x00FF, 0x00FC, 0x0000, 0x0000, 0x0000, 0x0000, 0x0000, 0x0000, 0x0000, 0x0000, 0x0000,
  0x003F, 0x00FF, 0x00FC, 0x0000, 0x007F, 0x00F0, 0x003F, 0x00FF, 0x00F8, 0x0001, 0x00FF, 0x0000, 0x007F, 0x00FF, 0x00FC, 0x0000,
  0x0000, 0x0000, 0x0000, 0x0000, 0x0000, 0x0000, 0x0000, 0x0000, 0x001F, 0x00FF, 0x00FC, 0x0001, 0x00FF, 0x00E0, 0x000F, 0x00FF,
  0x00F8, 0x0001, 0x00FF, 0x0000, 0x001F, 0x00FF, 0x00FC, 0x0000, 0x0000, 0x0000, 0x0000, 0x0000, 0x0000, 0x0000, 0x0000, 0x0000,
  0x000F, 0x00FF, 0x00F8, 0x0003, 0x00FF, 0x00C0, 0x000E, 0x00FF, 0x00F0, 0x0001, 0x00FF, 0x0000, 0x003F, 0x00FF, 0x00F8, 0x0000,
  0x00FE, 0x0000, 0x0000, 0x00FC, 0x0000, 0x0000, 0x0000, 0x0000, 0x000F, 0x00FF, 0x00F8, 0x0003, 0x00FF, 0x0080, 0x0000, 0x00FF,
  0x00F0, 0x0001, 0x00FF, 0x0000, 0x007F, 0x00FF, 0x00F8, 0x0000, 0x00FF, 0x0000, 0x0000, 0x00FE, 0x0000, 0x0000, 0x0000, 0x0000,
  0x0003, 0x00FF, 0x00F0, 0x0007, 0x00FF, 0x0000, 0x0000, 0x00FF, 0x00E0, 0x0001, 0x00FF, 0x0000, 0x007F, 0x00FF, 0x00FC, 0x0000,
  0x00FF, 0x0000, 0x0000, 0x00FE, 0x0000, 0x0000, 0x0000, 0x0000, 0x0000, 0x00FF, 0x0080, 0x001F, 0x00FE, 0x0000, 0x0000, 0x00FF,
  0x0000, 0x0001, 0x00FF, 0x0000, 0x007F, 0x00FF, 0x00FC, 0x0000, 0x00FF, 0x0000, 0x0000, 0x00FE, 0x0000, 0x0000, 0x0000, 0x0000,
  0x0000, 0x00FF, 0x0040, 0x001F, 0x00FF, 0x00F0, 0x0000, 0x00FF, 0x0000, 0x0001, 0x00FF, 0x0000, 0x007F, 0x00FF, 0x00FC, 0x0000,
  0x003F, 0x0000, 0x0000, 0x007E, 0x0000, 0x0000, 0x0000, 0x0000, 0x0000, 0x00FF, 0x0080, 0x001F, 0x00FF, 0x00F8, 0x0001, 0x00FE,
  0x0000, 0x0001, 0x00FF, 0x0000, 0x001F, 0x00FF, 0x00FC, 0x0000, 0x001F, 0x0000, 0x0000, 0x0000, 0x0000, 0x0000, 0x0000, 0x0000,
  0x0000, 0x00FF, 0x0080, 0x001F, 0x00FF, 0x00F8, 0x0001, 0x00FF, 0x0000, 0x0001, 0x00FF, 0x0000, 0x001F, 0x00FF, 0x00FC, 0x0000,
  0x001F, 0x0000, 0x0000, 0x0000, 0x0000, 0x0000, 0x0000, 0x0000, 0x0000, 0x00FF, 0x0000, 0x001F, 0x00FF, 0x00F8, 0x0000, 0x00FF,
  0x0000, 0x0001, 0x00FF, 0x0000, 0x000F, 0x00FF, 0x00F0, 0x0000, 0x000E, 0x0000, 0x0000, 0x0000, 0x0000, 0x0000, 0x0000, 0x0000,
  0x0000, 0x007F, 0x0000, 0x0007, 0x00FF, 0x00F8, 0x0000, 0x007F, 0x0000, 0x0000, 0x007F, 0x0000, 0x0007, 0x00F7, 0x00F8, 0x0000,
  0x0007, 0x0000, 0x0000, 0x0000, 0x0000, 0x0000, 0x0000, 0x0000, 0x0000, 0x0000, 0x0000, 0x0000, 0x0000, 0x0000, 0x0000, 0x0000,
  0x0000, 0x0000, 0x0000, 0x0000, 0x0000, 0x0000, 0x0000, 0x0000, 0x0000, 0x0000, 0x0000, 0x0000, 0x0000, 0x0000, 0x0000, 0x0000,
};

static const SpriteSheetRegion sprite_lettersRegions[] PROGMEM = {
  { 0, 0, 24, 20 }, // A
  { 24, 0, 24, 20 }, // B
  { 48, 0, 24, 20 }, // C
  { 72, 0, 24, 20 }, // D
  { 96, 0, 24, 20 }, // E
  { 120, 0, 24, 20 }, // F
  { 144, 0, 24, 20 }, // G
  { 168, 0, 24, 20 }, // H
  { 0, 20, 24, 20 }, // I
  { 24, 20, 24, 20 }, // J
  { 48, 20, 24, 20 }, // K
  { 72, 20, 24, 20 }, // L
  { 96, 20, 24, 20 }, // M
  { 120, 20, 24, 20 }, // N
  { 144, 20, 24, 20 }, // O
  { 168, 20, 24, 20 }, // P
  { 0, 40, 24, 20 }, // Q
  { 24, 40, 24, 20 }, // R
  { 48, 40, 24, 20 }, // S
  { 72, 40, 24, 20 }, // T
  { 96, 40, 24, 20 }, // U
  { 120, 40, 24, 20 }, // V
  { 144, 40, 24, 20 }, // W
  { 168, 40, 24, 20 }, // X
  { 0, 60, 24, 20 }, // Y
  { 24, 60, 24, 20 }, // Z
  { 48, 60, 24, 20 }, // ?
  { 72, 60, 24, 20 }, // !
  { 96, 60, 24, 20 }, // HASH
  { 120, 60, 24, 20 }, // DOT
  { 144, 60, 24, 20 }, // DASH
};

#endif
